dihedral_deg,actual_rel_e,pred_total_rel_e,pred_short_rel_e,pred_long_rel_e,pred_total_abs_e,pred_short_abs_e,pred_long_abs_e
83.42481930851925,0.0,0.0,0.0,0.0,-2.4232399463653564,-2.4232399463653564,0.0
83.51375778436027,0.0,1.6689300537109375e-06,1.6689300537109375e-06,0.0,-2.4232382774353027,-2.4232382774353027,0.0
83.60271179666562,7.62939453125e-06,3.5762786865234375e-06,3.5762786865234375e-06,0.0,-2.42323637008667,-2.42323637008667,0.0
83.69168218714043,7.62939453125e-06,6.9141387939453125e-06,6.9141387939453125e-06,0.0,-2.4232330322265625,-2.4232330322265625,0.0
83.7806685757748,1.52587890625e-05,1.0728836059570312e-05,1.0728836059570312e-05,0.0,-2.423229217529297,-2.423229217529297,0.0
83.86967062145865,2.288818359375e-05,1.9311904907226562e-05,1.9311904907226562e-05,0.0,-2.423220634460449,-2.423220634460449,0.0
83.95868846283588,3.0517578125e-05,2.5987625122070312e-05,2.5987625122070312e-05,0.0,-2.4232139587402344,-2.4232139587402344,0.0
84.04772298530942,3.814697265625e-05,3.600120544433594e-05,3.600120544433594e-05,0.0,-2.423203945159912,-2.423203945159912,0.0
84.13677319517468,4.57763671875e-05,4.696846008300781e-05,4.696846008300781e-05,0.0,-2.4231929779052734,-2.4231929779052734,0.0
84.22583938789188,6.103515625e-05,5.936622619628906e-05,5.936622619628906e-05,0.0,-2.42318058013916,-2.42318058013916,0.0
84.31492104168031,7.62939453125e-05,7.319450378417969e-05,7.319450378417969e-05,0.0,-2.4231667518615723,-2.4231667518615723,0.0
84.40401976759186,9.1552734375e-05,8.869171142578125e-05,8.869171142578125e-05,0.0,-2.4231512546539307,-2.4231512546539307,0.0
84.49313378713768,0.0001068115234375,0.00010323524475097656,0.00010323524475097656,0.0,-2.4231367111206055,-2.4231367111206055,0.0
84.58226411541654,0.00012969970703125,0.00012135505676269531,0.00012135505676269531,0.0,-2.4231185913085938,-2.4231185913085938,0.0
84.67141018739875,0.00014495849609375,0.0001418590545654297,0.0001418590545654297,0.0,-2.423098087310791,-2.423098087310791,0.0
84.7605730401581,0.0001678466796875,0.0001633167266845703,0.0001633167266845703,0.0,-2.423076629638672,-2.423076629638672,0.0
84.84975158664358,0.00019073486328125,0.00018477439880371094,0.00018477439880371094,0.0,-2.4230551719665527,-2.4230551719665527,0.0
84.93894591481094,0.00022125244140625,0.00020813941955566406,0.00020813941955566406,0.0,-2.423031806945801,-2.423031806945801,0.0
85.02815651639432,0.000244140625,0.0002334117889404297,0.0002334117889404297,0.0,-2.423006534576416,-2.423006534576416,0.0
85.11738348351406,0.000274658203125,0.0002605915069580078,0.0002605915069580078,0.0,-2.4229793548583984,-2.4229793548583984,0.0
85.20662642717684,0.00029754638671875,0.00028777122497558594,0.00028777122497558594,0.0,-2.422952175140381,-2.422952175140381,0.0
85.29588562567267,0.00032806396484375,0.000316619873046875,0.000316619873046875,0.0,-2.4229233264923096,-2.4229233264923096,0.0
85.38516046637906,0.0003662109375,0.0003459453582763672,0.0003459453582763672,0.0,-2.42289400100708,-2.42289400100708,0.0
85.474452147138,0.000396728515625,0.0003788471221923828,0.0003788471221923828,0.0,-2.422861099243164,-2.422861099243164,0.0
85.56376013482735,0.00043487548828125,0.0004127025604248047,0.0004127025604248047,0.0,-2.4228272438049316,-2.4228272438049316,0.0
85.65308401474994,0.00046539306640625,0.0004470348358154297,0.0004470348358154297,0.0,-2.422792911529541,-2.422792911529541,0.0
85.74242342696428,0.0005035400390625,0.0004832744598388672,0.0004832744598388672,0.0,-2.4227566719055176,-2.4227566719055176,0.0
85.83177981112837,0.00054931640625,0.0005209445953369141,0.0005209445953369141,0.0,-2.4227190017700195,-2.4227190017700195,0.0
85.92115219063496,0.00058746337890625,0.0005598068237304688,0.0005598068237304688,0.0,-2.422680139541626,-2.422680139541626,0.0
86.01054076566723,0.00063323974609375,0.0006008148193359375,0.0006008148193359375,0.0,-2.4226391315460205,-2.4226391315460205,0.0
86.09994576594792,0.00067138671875,0.0006420612335205078,0.0006420612335205078,0.0,-2.422597885131836,-2.422597885131836,0.0
86.18936687088934,0.0007171630859375,0.0006854534149169922,0.0006854534149169922,0.0,-2.4225544929504395,-2.4225544929504395,0.0
86.27880421018678,0.000762939453125,0.000728607177734375,0.000728607177734375,0.0,-2.422511339187622,-2.422511339187622,0.0
86.36825808341253,0.00081634521484375,0.0007760524749755859,0.0007760524749755859,0.0,-2.422463893890381,-2.422463893890381,0.0
86.45772748496354,0.00086212158203125,0.0008232593536376953,0.0008232593536376953,0.0,-2.4224166870117188,-2.4224166870117188,0.0
86.54721384798674,0.00091552734375,0.0008723735809326172,0.0008723735809326172,0.0,-2.422367572784424,-2.422367572784424,0.0
86.63671620321735,0.00096893310546875,0.0009233951568603516,0.0009233951568603516,0.0,-2.422316551208496,-2.422316551208496,0.0
86.72623536283366,0.0010223388671875,0.0009753704071044922,0.0009753704071044922,0.0,-2.422264575958252,-2.422264575958252,0.0
86.81577031816718,0.00107574462890625,0.0010287761688232422,0.0010287761688232422,0.0,-2.422211170196533,-2.422211170196533,0.0
86.90532138382683,0.00113677978515625,0.0010836124420166016,0.0010836124420166016,0.0,-2.42215633392334,-2.42215633392334,0.0
86.99488928589564,0.00119781494140625,0.0011401176452636719,0.0011401176452636719,0.0,-2.4220998287200928,-2.4220998287200928,0.0
87.08447372071964,0.00125885009765625,0.0011980533599853516,0.0011980533599853516,0.0,-2.422041893005371,-2.422041893005371,0.0
87.17407403086955,0.00131988525390625,0.001256704330444336,0.001256704330444336,0.0,-2.421983242034912,-2.421983242034912,0.0
87.26369094008825,0.00138092041015625,0.0013179779052734375,0.0013179779052734375,0.0,-2.421921968460083,-2.421921968460083,0.0
87.35332446086574,0.0014495849609375,0.0013823509216308594,0.0013823509216308594,0.0,-2.4218575954437256,-2.4218575954437256,0.0
87.44297353913905,0.0015106201171875,0.0014472007751464844,0.0014472007751464844,0.0,-2.42179274559021,-2.42179274559021,0.0
87.53263935021317,0.00157928466796875,0.0015113353729248047,0.0015113353729248047,0.0,-2.4217286109924316,-2.4217286109924316,0.0
87.62232218940899,0.00164794921875,0.0015816688537597656,0.0015816688537597656,0.0,-2.4216582775115967,-2.4216582775115967,0.0
87.71202061141386,0.0017242431640625,0.0016508102416992188,0.0016508102416992188,0.0,-2.4215891361236572,-2.4215891361236572,0.0
87.8017358754658,0.00179290771484375,0.0017211437225341797,0.0017211437225341797,0.0,-2.4215188026428223,-2.4215188026428223,0.0
87.89146759536811,0.00186920166015625,0.0017955303192138672,0.0017955303192138672,0.0,-2.4214444160461426,-2.4214444160461426,0.0
87.98121593962442,0.00194549560546875,0.0018696784973144531,0.0018696784973144531,0.0,-2.421370267868042,-2.421370267868042,0.0
88.0709802673695,0.00202178955078125,0.0019466876983642578,0.0019466876983642578,0.0,-2.421293258666992,-2.421293258666992,0.0
88.16076137677895,0.00209808349609375,0.0020253658294677734,0.0020253658294677734,0.0,-2.4212145805358887,-2.4212145805358887,0.0
88.25055922171055,0.00217437744140625,0.0021049976348876953,0.0021049976348876953,0.0,-2.4211349487304688,-2.4211349487304688,0.0
88.34037279266128,0.00225830078125,0.002187490463256836,0.002187490463256836,0.0,-2.4210524559020996,-2.4210524559020996,0.0
88.4302039008761,0.00234222412109375,0.002270936965942383,0.002270936965942383,0.0,-2.420969009399414,-2.420969009399414,0.0
88.52005050038919,0.0024261474609375,0.002356290817260742,0.002356290817260742,0.0,-2.4208836555480957,-2.4208836555480957,0.0
88.60991359863145,0.00251007080078125,0.002443075180053711,0.002443075180053711,0.0,-2.4207968711853027,-2.4207968711853027,0.0
88.69979363419051,0.00260162353515625,0.0025336742401123047,0.0025336742401123047,0.0,-2.420706272125244,-2.420706272125244,0.0
88.78968990377467,0.002685546875,0.0026252269744873047,0.0026252269744873047,0.0,-2.420614719390869,-2.420614719390869,0.0
88.8796033287927,0.002777099609375,0.0027191638946533203,0.0027191638946533203,0.0,-2.420520782470703,-2.420520782470703,0.0
88.96953275896666,0.00286865234375,0.002814054489135742,0.002814054489135742,0.0,-2.4204258918762207,-2.4204258918762207,0.0
89.05947955694963,0.00296783447265625,0.0029108524322509766,0.0029108524322509766,0.0,-2.4203290939331055,-2.4203290939331055,0.0
89.14944189947121,0.00305938720703125,0.003007650375366211,0.003007650375366211,0.0,-2.4202322959899902,-2.4202322959899902,0.0
89.2394207722157,0.0031585693359375,0.003111124038696289,0.003111124038696289,0.0,-2.42012882232666,-2.42012882232666,0.0
89.32941703099902,0.0032501220703125,0.0032134056091308594,0.0032134056091308594,0.0,-2.4200265407562256,-2.4200265407562256,0.0
89.41942918122685,0.00334930419921875,0.0033178329467773438,0.0033178329467773438,0.0,-2.419922113418579,-2.419922113418579,0.0
89.50945793462812,0.00345611572265625,0.003424406051635742,0.003424406051635742,0.0,-2.4198155403137207,-2.4198155403137207,0.0
89.5995045071832,0.0035552978515625,0.003533601760864258,0.003533601760864258,0.0,-2.419706344604492,-2.419706344604492,0.0
89.6895664865781,0.003662109375,0.0036432743072509766,0.0036432743072509766,0.0,-2.4195966720581055,-2.4195966720581055,0.0
89.7796457013167,0.00376129150390625,0.003755807876586914,0.003755807876586914,0.0,-2.4194841384887695,-2.4194841384887695,0.0
89.86974069453213,0.00386810302734375,0.003869295120239258,0.003869295120239258,0.0,-2.419370651245117,-2.419370651245117,0.0
89.95985336514231,0.0039825439453125,0.003985166549682617,0.003985166549682617,0.0,-2.419254779815674,-2.419254779815674,0.0
90.04998219628196,0.00408935546875,0.004102945327758789,0.004102945327758789,0.0,-2.4191370010375977,-2.4191370010375977,0.0
90.14012740393653,0.00420379638671875,0.004221677780151367,0.004221677780151367,0.0,-2.419018268585205,-2.419018268585205,0.0
90.2302898450931,0.00431060791015625,0.004342794418334961,0.004342794418334961,0.0,-2.4188971519470215,-2.4188971519470215,0.0
90.32046795678414,0.004425048828125,0.004464864730834961,0.004464864730834961,0.0,-2.4187750816345215,-2.4187750816345215,0.0
90.41066424742941,0.00453948974609375,0.00458979606628418,0.00458979606628418,0.0,-2.4186501502990723,-2.4186501502990723,0.0
90.50087666685502,0.00466156005859375,0.004715919494628906,0.004715919494628906,0.0,-2.4185240268707275,-2.4185240268707275,0.0
90.59110539162829,0.0047760009765625,0.004843711853027344,0.004843711853027344,0.0,-2.418396234512329,-2.418396234512329,0.0
90.68135069203015,0.0048980712890625,0.004973649978637695,0.004973649978637695,0.0,-2.4182662963867188,-2.4182662963867188,0.0
90.7716132682175,0.0050201416015625,0.0051043033599853516,0.0051043033599853516,0.0,-2.418135643005371,-2.418135643005371,0.0
90.86189225919249,0.0051422119140625,0.005237102508544922,0.005237102508544922,0.0,-2.4180028438568115,-2.4180028438568115,0.0
90.95218849007499,0.0052642822265625,0.0053713321685791016,0.0053713321685791016,0.0,-2.4178686141967773,-2.4178686141967773,0.0
91.04250096352902,0.00539398193359375,0.005506753921508789,0.005506753921508789,0.0,-2.4177331924438477,-2.4177331924438477,0.0
91.1328304321751,0.005523681640625,0.005644083023071289,0.005644083023071289,0.0,-2.417595863342285,-2.417595863342285,0.0
91.22317668456353,0.00565338134765625,0.0057833194732666016,0.0057833194732666016,0.0,-2.41745662689209,-2.41745662689209,0.0
91.31353916680497,0.0057830810546875,0.005923271179199219,0.005923271179199219,0.0,-2.4173166751861572,-2.4173166751861572,0.0
91.40391880105331,0.00591278076171875,0.006064653396606445,0.006064653396606445,0.0,-2.41717529296875,-2.41717529296875,0.0
91.49431521518659,0.00605010986328125,0.00620722770690918,0.00620722770690918,0.0,-2.4170327186584473,-2.4170327186584473,0.0
91.5847286480647,0.0061798095703125,0.0063533782958984375,0.0063533782958984375,0.0,-2.416886568069458,-2.416886568069458,0.0
91.67515857975928,0.006317138671875,0.006499052047729492,0.006499052047729492,0.0,-2.416740894317627,-2.416740894317627,0.0
91.7656048485433,0.0064544677734375,0.006646871566772461,0.006646871566772461,0.0,-2.416593074798584,-2.416593074798584,0.0
91.85606936245608,0.00659942626953125,0.006795167922973633,0.006795167922973633,0.0,-2.416444778442383,-2.416444778442383,0.0
91.94654929161523,0.00673675537109375,0.006945371627807617,0.006945371627807617,0.0,-2.416294574737549,-2.416294574737549,0.0
92.03704740592832,0.0068817138671875,0.007096529006958008,0.007096529006958008,0.0,-2.4161434173583984,-2.4161434173583984,0.0
92.12756136644497,0.00702667236328125,0.007250547409057617,0.007250547409057617,0.0,-2.415989398956299,-2.415989398956299,0.0
92.21809276492861,0.007171630859375,0.007404327392578125,0.007404327392578125,0.0,-2.4158356189727783,-2.4158356189727783,0.0
92.3086399645864,0.00731658935546875,0.007559537887573242,0.007559537887573242,0.0,-2.415680408477783,-2.415680408477783,0.0
92.39920431914588,0.0074615478515625,0.007716178894042969,0.007716178894042969,0.0,-2.4155237674713135,-2.4155237674713135,0.0
92.48978669641859,0.0076141357421875,0.007874488830566406,0.007874488830566406,0.0,-2.41536545753479,-2.41536545753479,0.0
92.58038494277602,0.0077667236328125,0.008034706115722656,0.008034706115722656,0.0,-2.415205240249634,-2.415205240249634,0.0
92.67099991618987,0.0079193115234375,0.008195638656616211,0.008195638656616211,0.0,-2.4150443077087402,-2.4150443077087402,0.0
92.76163234847048,0.0080718994140625,0.008355855941772461,0.008355855941772461,0.0,-2.414884090423584,-2.414884090423584,0.0
92.85228189570327,0.00823211669921875,0.008520841598510742,0.008520841598510742,0.0,-2.4147191047668457,-2.4147191047668457,0.0
92.94294758330902,0.00838470458984375,0.008685827255249023,0.008685827255249023,0.0,-2.4145541191101074,-2.4145541191101074,0.0
93.0336309347201,0.008544921875,0.008850812911987305,0.008850812911987305,0.0,-2.414389133453369,-2.414389133453369,0.0
93.12433084239541,0.00870513916015625,0.009018898010253906,0.009018898010253906,0.0,-2.4142210483551025,-2.4142210483551025,0.0
93.21504811238428,0.0088653564453125,0.009186983108520508,0.009186983108520508,0.0,-2.414052963256836,-2.414052963256836,0.0
93.30578127932871,0.009033203125,0.009357213973999023,0.009357213973999023,0.0,-2.4138827323913574,-2.4138827323913574,0.0
93.39653237847597,0.0092010498046875,0.009527921676635742,0.009527921676635742,0.0,-2.4137120246887207,-2.4137120246887207,0.0
93.48729966239931,0.00936126708984375,0.009700536727905273,0.009700536727905273,0.0,-2.413539409637451,-2.413539409637451,0.0
93.57808416353274,0.00952911376953125,0.009874105453491211,0.009874105453491211,0.0,-2.4133658409118652,-2.4133658409118652,0.0
93.66888600778982,0.00970458984375,0.010049104690551758,0.010049104690551758,0.0,-2.4131908416748047,-2.4131908416748047,0.0
93.7597048458983,0.0098724365234375,0.010225296020507812,0.010225296020507812,0.0,-2.4130146503448486,-2.4130146503448486,0.0
93.85053954686948,0.010040283203125,0.010401248931884766,0.010401248931884766,0.0,-2.4128386974334717,-2.4128386974334717,0.0
93.94139302750551,0.01021575927734375,0.010581254959106445,0.010581254959106445,0.0,-2.41265869140625,-2.41265869140625,0.0
94.03226159287894,0.0103912353515625,0.010761499404907227,0.010761499404907227,0.0,-2.412478446960449,-2.412478446960449,0.0
94.12314941071769,0.0105743408203125,0.010942935943603516,0.010942935943603516,0.0,-2.412297010421753,-2.412297010421753,0.0
94.21405277307372,0.01074981689453125,0.011125326156616211,0.011125326156616211,0.0,-2.4121146202087402,-2.4121146202087402,0.0
94.30497264542018,0.01092529296875,0.011310338973999023,0.011310338973999023,0.0,-2.4119296073913574,-2.4119296073913574,0.0
94.39591049632742,0.0111083984375,0.011494636535644531,0.011494636535644531,0.0,-2.411745309829712,-2.411745309829712,0.0
94.48686531985976,0.01129150390625,0.011681318283081055,0.011681318283081055,0.0,-2.4115586280822754,-2.4115586280822754,0.0
94.577836597816,0.011474609375,0.011868476867675781,0.011868476867675781,0.0,-2.4113714694976807,-2.4113714694976807,0.0
94.66882544888699,0.01166534423828125,0.012058258056640625,0.012058258056640625,0.0,-2.411181688308716,-2.411181688308716,0.0
94.75983196295866,0.01184844970703125,0.012249231338500977,0.012249231338500977,0.0,-2.4109907150268555,-2.4109907150268555,0.0
94.85085376636317,0.0120391845703125,0.012440204620361328,0.012440204620361328,0.0,-2.410799741744995,-2.410799741744995,0.0
94.94189372189591,0.01222991943359375,0.012633562088012695,0.012633562088012695,0.0,-2.4106063842773438,-2.4106063842773438,0.0
95.03295062189808,0.012420654296875,0.012827873229980469,0.012827873229980469,0.0,-2.410412073135376,-2.410412073135376,0.0
95.12402521442483,0.01261138916015625,0.013023138046264648,0.013023138046264648,0.0,-2.410216808319092,-2.410216808319092,0.0
95.21511583861096,0.01280975341796875,0.013220548629760742,0.013220548629760742,0.0,-2.4100193977355957,-2.4100193977355957,0.0
95.30622370237792,0.01300811767578125,0.013418912887573242,0.013418912887573242,0.0,-2.409821033477783,-2.409821033477783,0.0
95.39734892542678,0.01320648193359375,0.013617277145385742,0.013617277145385742,0.0,-2.4096226692199707,-2.4096226692199707,0.0
95.48849192222606,0.01340484619140625,0.013819456100463867,0.013819456100463867,0.0,-2.4094204902648926,-2.4094204902648926,0.0
95.57965074682413,0.01360321044921875,0.014021635055541992,0.014021635055541992,0.0,-2.4092183113098145,-2.4092183113098145,0.0
95.67082644347988,0.01380157470703125,0.014225482940673828,0.014225482940673828,0.0,-2.4090144634246826,-2.4090144634246826,0.0
95.76202055746293,0.014007568359375,0.01443028450012207,0.01443028450012207,0.0,-2.4088096618652344,-2.4088096618652344,0.0
95.85323201229086,0.01421356201171875,0.01463627815246582,0.01463627815246582,0.0,-2.4086036682128906,-2.4086036682128906,0.0
95.94445966279953,0.0144195556640625,0.01484370231628418,0.01484370231628418,0.0,-2.4083962440490723,-2.4083962440490723,0.0
96.03570449562505,0.01462554931640625,0.015053033828735352,0.015053033828735352,0.0,-2.408186912536621,-2.408186912536621,0.0
96.12696674097953,0.01483917236328125,0.015264272689819336,0.015264272689819336,0.0,-2.407975673675537,-2.407975673675537,0.0
96.21824612096276,0.01505279541015625,0.015475749969482422,0.015475749969482422,0.0,-2.407764196395874,-2.407764196395874,0.0
96.30954236391567,0.01526641845703125,0.01568913459777832,0.01568913459777832,0.0,-2.407550811767578,-2.407550811767578,0.0
96.40085697214289,0.01548004150390625,0.015903711318969727,0.015903711318969727,0.0,-2.4073362350463867,-2.4073362350463867,0.0
96.49218704128,0.01569366455078125,0.016120195388793945,0.016120195388793945,0.0,-2.4071197509765625,-2.4071197509765625,0.0
96.58353486566557,0.01590728759765625,0.01633763313293457,0.01633763313293457,0.0,-2.406902313232422,-2.406902313232422,0.0
96.67489996539835,0.0161285400390625,0.0165555477142334,0.0165555477142334,0.0,-2.406684398651123,-2.406684398651123,0.0
96.76628286780644,0.01634979248046875,0.01677727699279785,0.01677727699279785,0.0,-2.4064626693725586,-2.4064626693725586,0.0
96.85768166304943,0.016571044921875,0.016998291015625,0.016998291015625,0.0,-2.4062416553497314,-2.4062416553497314,0.0
96.94909886204375,0.01679229736328125,0.017221689224243164,0.017221689224243164,0.0,-2.4060182571411133,-2.4060182571411133,0.0
97.04053271286408,0.01702117919921875,0.01744675636291504,0.01744675636291504,0.0,-2.4057931900024414,-2.4057931900024414,0.0
97.13198329393187,0.017242431640625,0.017672300338745117,0.017672300338745117,0.0,-2.4055676460266113,-2.4055676460266113,0.0
97.22345222110093,0.0174713134765625,0.017900705337524414,0.017900705337524414,0.0,-2.405339241027832,-2.405339241027832,0.0
97.31493678519621,0.0177001953125,0.01812911033630371,0.01812911033630371,0.0,-2.4051108360290527,-2.4051108360290527,0.0
97.4064404800513,0.0179290771484375,0.018359661102294922,0.018359661102294922,0.0,-2.4048802852630615,-2.4048802852630615,0.0
97.49795937302608,0.01816558837890625,0.01859140396118164,0.01859140396118164,0.0,-2.404648542404175,-2.404648542404175,0.0
97.5894965832244,0.01839447021484375,0.018826007843017578,0.018826007843017578,0.0,-2.404413938522339,-2.404413938522339,0.0
97.68105083404771,0.0186309814453125,0.01905989646911621,0.01905989646911621,0.0,-2.4041800498962402,-2.4041800498962402,0.0
97.77262378348217,0.01886749267578125,0.019295930862426758,0.019295930862426758,0.0,-2.4039440155029297,-2.4039440155029297,0.0
97.86421143449239,0.01910400390625,0.01953411102294922,0.01953411102294922,0.0,-2.4037058353424072,-2.4037058353424072,0.0
97.95581789324174,0.01934814453125,0.019773244857788086,0.019773244857788086,0.0,-2.4034667015075684,-2.4034667015075684,0.0
98.04744155027873,0.01958465576171875,0.02001476287841797,0.02001476287841797,0.0,-2.4032251834869385,-2.4032251834869385,0.0
98.13908136159657,0.01982879638671875,0.02025747299194336,0.02025747299194336,0.0,-2.402982473373413,-2.402982473373413,0.0
98.23073966317241,0.02007293701171875,0.020500659942626953,0.020500659942626953,0.0,-2.4027392864227295,-2.4027392864227295,0.0
98.32241457941475,0.02031707763671875,0.02074718475341797,0.02074718475341797,0.0,-2.4024927616119385,-2.4024927616119385,0.0
98.41410683829795,0.02056884765625,0.02099299430847168,0.02099299430847168,0.0,-2.4022469520568848,-2.4022469520568848,0.0
98.50581656704769,0.02081298828125,0.021242856979370117,0.021242856979370117,0.0,-2.4019970893859863,-2.4019970893859863,0.0
98.5975438647002,0.02106475830078125,0.02149176597595215,0.02149176597595215,0.0,-2.4017481803894043,-2.4017481803894043,0.0
98.68928691482517,0.0213165283203125,0.0217435359954834,0.0217435359954834,0.0,-2.401496410369873,-2.401496410369873,0.0
98.7810479632115,0.02156829833984375,0.02199578285217285,0.02199578285217285,0.0,-2.4012441635131836,-2.4012441635131836,0.0
98.87282785960845,0.02182769775390625,0.02225184440612793,0.02225184440612793,0.0,-2.4009881019592285,-2.4009881019592285,0.0
98.96462378125432,0.0220794677734375,0.022507905960083008,0.022507905960083008,0.0,-2.4007320404052734,-2.4007320404052734,0.0
99.05643717654881,0.0223388671875,0.022765636444091797,0.022765636444091797,0.0,-2.4004743099212646,-2.4004743099212646,0.0
99.14826810748295,0.0225982666015625,0.023024797439575195,0.023024797439575195,0.0,-2.4002151489257812,-2.4002151489257812,0.0
99.24011592092486,0.022857666015625,0.02328658103942871,0.02328658103942871,0.0,-2.3999533653259277,-2.3999533653259277,0.0
99.33198112055175,0.0231170654296875,0.02354907989501953,0.02354907989501953,0.0,-2.399690866470337,-2.399690866470337,0.0
99.42386304396547,0.02338409423828125,0.023812532424926758,0.023812532424926758,0.0,-2.3994274139404297,-2.3994274139404297,0.0
99.51576238669347,0.02364349365234375,0.0240781307220459,0.0240781307220459,0.0,-2.3991618156433105,-2.3991618156433105,0.0
99.60767981820403,0.0239105224609375,0.02434515953063965,0.02434515953063965,0.0,-2.398894786834717,-2.398894786834717,0.0
99.69961386791954,0.02417755126953125,0.024614334106445312,0.024614334106445312,0.0,-2.398625612258911,-2.398625612258911,0.0
99.79156665262376,0.02445220947265625,0.024884700775146484,0.024884700775146484,0.0,-2.39835524559021,-2.39835524559021,0.0
99.8835366933123,0.02471923828125,0.025156736373901367,0.025156736373901367,0.0,-2.398083209991455,-2.398083209991455,0.0
99.97552331117181,0.024993896484375,0.025430917739868164,0.025430917739868164,0.0,-2.3978090286254883,-2.3978090286254883,0.0
100.0675264217745,0.0252685546875,0.02570509910583496,0.02570509910583496,0.0,-2.3975348472595215,-2.3975348472595215,0.0
100.15954901774789,0.025543212890625,0.02598261833190918,0.02598261833190918,0.0,-2.3972573280334473,-2.3972573280334473,0.0
100.25158734439182,0.02581787109375,0.0262606143951416,0.0262606143951416,0.0,-2.396979331970215,-2.396979331970215,0.0
100.34364162715126,0.02610015869140625,0.026538848876953125,0.026538848876953125,0.0,-2.3967010974884033,-2.3967010974884033,0.0
100.43571487340412,0.02637481689453125,0.02682185173034668,0.02682185173034668,0.0,-2.3964180946350098,-2.3964180946350098,0.0
100.52780671301376,0.0266571044921875,0.027103900909423828,0.027103900909423828,0.0,-2.3961360454559326,-2.3961360454559326,0.0
100.61991459495923,0.02693939208984375,0.027390003204345703,0.027390003204345703,0.0,-2.3958499431610107,-2.3958499431610107,0.0
100.71203996318407,0.02722930908203125,0.027675867080688477,0.027675867080688477,0.0,-2.395564079284668,-2.395564079284668,0.0
100.80418284837315,0.0275115966796875,0.027964353561401367,0.027964353561401367,0.0,-2.395275592803955,-2.395275592803955,0.0
100.89634362677123,0.027801513671875,0.028253555297851562,0.028253555297851562,0.0,-2.394986391067505,-2.394986391067505,0.0
100.98852075440725,0.0280914306640625,0.028542757034301758,0.028542757034301758,0.0,-2.3946971893310547,-2.3946971893310547,0.0
101.08071486900313,0.02838134765625,0.02883625030517578,0.02883625030517578,0.0,-2.3944036960601807,-2.3944036960601807,0.0
101.17292677940272,0.0286712646484375,0.02913069725036621,0.02913069725036621,0.0,-2.3941092491149902,-2.3941092491149902,0.0
101.26515633710324,0.028961181640625,0.029427289962768555,0.029427289962768555,0.0,-2.393812656402588,-2.393812656402588,0.0
101.35740316201661,0.02925872802734375,0.029725313186645508,0.029725313186645508,0.0,-2.393514633178711,-2.393514633178711,0.0
101.44966728037626,0.0295562744140625,0.030022382736206055,0.030022382736206055,0.0,-2.3932175636291504,-2.3932175636291504,0.0
101.54194912255652,0.02985382080078125,0.030324220657348633,0.030324220657348633,0.0,-2.392915725708008,-2.392915725708008,0.0
101.63424932998372,0.0301513671875,0.030626535415649414,0.030626535415649414,0.0,-2.392613410949707,-2.392613410949707,0.0
101.72656590593544,0.03044891357421875,0.030930280685424805,0.030930280685424805,0.0,-2.3923096656799316,-2.3923096656799316,0.0
101.81890089965728,0.03075408935546875,0.03123617172241211,0.03123617172241211,0.0,-2.3920037746429443,-2.3920037746429443,0.0
101.91125130235305,0.03105926513671875,0.03154301643371582,0.03154301643371582,0.0,-2.3916969299316406,-2.3916969299316406,0.0
102.00361936822931,0.03136444091796875,0.03185081481933594,0.03185081481933594,0.0,-2.3913891315460205,-2.3913891315460205,0.0
102.09600572424351,0.03166961669921875,0.03216099739074707,0.03216099739074707,0.0,-2.3910789489746094,-2.3910789489746094,0.0
102.18841024835527,0.03197479248046875,0.03247237205505371,0.03247237205505371,0.0,-2.3907675743103027,-2.3907675743103027,0.0
102.28083105612534,0.03228759765625,0.03278374671936035,0.03278374671936035,0.0,-2.390456199645996,-2.390456199645996,0.0
102.37326929449843,0.03260040283203125,0.03309941291809082,0.03309941291809082,0.0,-2.3901405334472656,-2.3901405334472656,0.0
102.4657248687349,0.0329132080078125,0.033416032791137695,0.033416032791137695,0.0,-2.3898239135742188,-2.3898239135742188,0.0
102.55819856158723,0.03322601318359375,0.03373265266418457,0.03373265266418457,0.0,-2.389507293701172,-2.389507293701172,0.0
102.65068801145294,0.033538818359375,0.03405165672302246,0.03405165672302246,0.0,-2.389188289642334,-2.389188289642334,0.0
102.74319787046251,0.0338592529296875,0.034371376037597656,0.034371376037597656,0.0,-2.388868570327759,-2.388868570327759,0.0
102.83572212144928,0.0341796875,0.034693002700805664,0.034693002700805664,0.0,-2.388546943664551,-2.388546943664551,0.0
102.92826725875223,0.0345001220703125,0.035018205642700195,0.035018205642700195,0.0,-2.3882217407226562,-2.3882217407226562,0.0
103.02082745654026,0.034820556640625,0.03534293174743652,0.03534293174743652,0.0,-2.38789701461792,-2.38789701461792,0.0
103.11340364375118,0.0351409912109375,0.03566908836364746,0.03566908836364746,0.0,-2.387570858001709,-2.387570858001709,0.0
103.20600071561911,0.03546905517578125,0.03599739074707031,0.03599739074707031,0.0,-2.387242555618286,-2.387242555618286,0.0
103.29861088416042,0.03578948974609375,0.03632616996765137,0.03632616996765137,0.0,-2.386913776397705,-2.386913776397705,0.0
103.3912419207681,0.0361175537109375,0.03665637969970703,0.03665637969970703,0.0,-2.3865835666656494,-2.3865835666656494,0.0
103.48388854017847,0.03644561767578125,0.03698897361755371,0.03698897361755371,0.0,-2.3862509727478027,-2.3862509727478027,0.0
103.57655471377818,0.03678131103515625,0.037320852279663086,0.037320852279663086,0.0,-2.3859190940856934,-2.3859190940856934,0.0
103.66923668526023,0.037109375,0.03765749931335449,0.03765749931335449,0.0,-2.385582447052002,-2.385582447052002,0.0
103.76193709971255,0.037445068359375,0.0379941463470459,0.0379941463470459,0.0,-2.3852458000183105,-2.3852458000183105,0.0
103.85465399889468,0.03778076171875,0.0383303165435791,0.0383303165435791,0.0,-2.3849096298217773,-2.3849096298217773,0.0
103.9473879966833,0.038116455078125,0.03867173194885254,0.03867173194885254,0.0,-2.384568214416504,-2.384568214416504,0.0
104.04014030364705,0.0384521484375,0.03901219367980957,0.03901219367980957,0.0,-2.384227752685547,-2.384227752685547,0.0
104.13291083232323,0.03879547119140625,0.039354801177978516,0.039354801177978516,0.0,-2.383885145187378,-2.383885145187378,0.0
104.22569869794333,0.0391387939453125,0.039696455001831055,0.039696455001831055,0.0,-2.3835434913635254,-2.3835434913635254,0.0
104.31850219815017,0.0394744873046875,0.040042877197265625,0.040042877197265625,0.0,-2.383197069168091,-2.383197069168091,0.0
104.41132377270638,0.039825439453125,0.0403902530670166,0.0403902530670166,0.0,-2.38284969329834,-2.38284969329834,0.0
104.50416384917911,0.04016876220703125,0.04073762893676758,0.04073762893676758,0.0,-2.382502317428589,-2.382502317428589,0.0
104.59702101827536,0.0405120849609375,0.04108691215515137,0.04108691215515137,0.0,-2.382153034210205,-2.382153034210205,0.0
104.68989631826422,0.040863037109375,0.041437625885009766,0.041437625885009766,0.0,-2.3818023204803467,-2.3818023204803467,0.0
104.78278700262108,0.0412139892578125,0.04178881645202637,0.04178881645202637,0.0,-2.38145112991333,-2.38145112991333,0.0
104.87569771939312,0.04156494140625,0.042142391204833984,0.042142391204833984,0.0,-2.3810975551605225,-2.3810975551605225,0.0
104.9686236811568,0.0419158935546875,0.04249739646911621,0.04249739646911621,0.0,-2.3807425498962402,-2.3807425498962402,0.0
105.06156810979522,0.04227447509765625,0.04285478591918945,0.04285478591918945,0.0,-2.380385160446167,-2.380385160446167,0.0
105.15452979514696,0.04262542724609375,0.04321122169494629,0.04321122169494629,0.0,-2.38002872467041,-2.38002872467041,0.0
105.24750740792831,0.0429840087890625,0.04357099533081055,0.04357099533081055,0.0,-2.379668951034546,-2.379668951034546,0.0
105.34050502333402,0.04334259033203125,0.043930768966674805,0.043930768966674805,0.0,-2.3793091773986816,-2.3793091773986816,0.0
105.4335196251626,0.043701171875,0.04429340362548828,0.04429340362548828,0.0,-2.378946542739868,-2.378946542739868,0.0
105.52655147251244,0.0440673828125,0.04465627670288086,0.04465627670288086,0.0,-2.3785836696624756,-2.3785836696624756,0.0
105.61960111846179,0.04442596435546875,0.04502105712890625,0.04502105712890625,0.0,-2.37821888923645,-2.37821888923645,0.0
105.7126666480084,0.04479217529296875,0.04538679122924805,0.04538679122924805,0.0,-2.3778531551361084,-2.3778531551361084,0.0
105.80575067272201,0.04515838623046875,0.04575490951538086,0.04575490951538086,0.0,-2.3774850368499756,-2.3774850368499756,0.0
105.89885253148285,0.04552459716796875,0.04612445831298828,0.04612445831298828,0.0,-2.377115488052368,-2.377115488052368,0.0
105.99196981209553,0.0458984375,0.046494245529174805,0.046494245529174805,0.0,-2.3767457008361816,-2.3767457008361816,0.0
106.08510514207643,0.0462646484375,0.04686570167541504,0.04686570167541504,0.0,-2.3763742446899414,-2.3763742446899414,0.0
106.17826164821054,0.04663848876953125,0.04723954200744629,0.04723954200744629,0.0,-2.37600040435791,-2.37600040435791,0.0
106.27143221173229,0.0470123291015625,0.047614097595214844,0.047614097595214844,0.0,-2.3756258487701416,-2.3756258487701416,0.0
106.3646205160007,0.04738616943359375,0.047989845275878906,0.047989845275878906,0.0,-2.3752501010894775,-2.3752501010894775,0.0
106.4578266263334,0.04776763916015625,0.04836869239807129,0.04836869239807129,0.0,-2.374871253967285,-2.374871253967285,0.0
106.55104915737742,0.0481414794921875,0.04874825477600098,0.04874825477600098,0.0,-2.3744916915893555,-2.3744916915893555,0.0
106.64429174292806,0.04852294921875,0.04912877082824707,0.04912877082824707,0.0,-2.3741111755371094,-2.3741111755371094,0.0
106.7375497779459,0.0489044189453125,0.04951214790344238,0.04951214790344238,0.0,-2.373727798461914,-2.373727798461914,0.0
106.8308246455641,0.049285888671875,0.049895286560058594,0.049895286560058594,0.0,-2.373344659805298,-2.373344659805298,0.0
106.92411901183577,0.04967498779296875,0.05028080940246582,0.05028080940246582,0.0,-2.3729591369628906,-2.3729591369628906,0.0
107.01743018693874,0.05005645751953125,0.050667762756347656,0.050667762756347656,0.0,-2.372572183609009,-2.372572183609009,0.0
107.11075820298105,0.050445556640625,0.05105471611022949,0.05105471611022949,0.0,-2.372185230255127,-2.372185230255127,0.0
107.20410531618789,0.05083465576171875,0.05144619941711426,0.05144619941711426,0.0,-2.371793746948242,-2.371793746948242,0.0
107.29746742320667,0.0512237548828125,0.05183815956115723,0.05183815956115723,0.0,-2.371401786804199,-2.371401786804199,0.0
107.3908486307608,0.05161285400390625,0.052231550216674805,0.052231550216674805,0.0,-2.3710083961486816,-2.3710083961486816,0.0
107.48424787578794,0.05200958251953125,0.05262637138366699,0.05262637138366699,0.0,-2.3706135749816895,-2.3706135749816895,0.0
107.57766119325181,0.05240631103515625,0.05302262306213379,0.05302262306213379,0.0,-2.3702173233032227,-2.3702173233032227,0.0
107.67109564092311,0.05280303955078125,0.0534212589263916,0.0534212589263916,0.0,-2.369818687438965,-2.369818687438965,0.0
107.76454749674608,0.05319976806640625,0.05382132530212402,0.05382132530212402,0.0,-2.3694186210632324,-2.3694186210632324,0.0
107.8580151073878,0.05359649658203125,0.054223060607910156,0.054223060607910156,0.0,-2.3690168857574463,-2.3690168857574463,0.0
107.95149999588187,0.0540008544921875,0.0546267032623291,0.0546267032623291,0.0,-2.3686132431030273,-2.3686132431030273,0.0
108.04500312275846,0.0543975830078125,0.05502963066101074,0.05502963066101074,0.0,-2.3682103157043457,-2.3682103157043457,0.0
108.13852417553993,0.05480194091796875,0.05543780326843262,0.05543780326843262,0.0,-2.367802143096924,-2.367802143096924,0.0
108.2320615721157,0.055206298828125,0.05584573745727539,0.05584573745727539,0.0,-2.367394208908081,-2.367394208908081,0.0
108.32561553249445,0.0556182861328125,0.05625605583190918,0.05625605583190918,0.0,-2.3669838905334473,-2.3669838905334473,0.0
108.41918941774436,0.05602264404296875,0.05666804313659668,0.05666804313659668,0.0,-2.3665719032287598,-2.3665719032287598,0.0
108.51277904043468,0.05643463134765625,0.05708146095275879,0.05708146095275879,0.0,-2.3661584854125977,-2.3661584854125977,0.0
108.60638680600886,0.05684661865234375,0.05749654769897461,0.05749654769897461,0.0,-2.365743398666382,-2.365743398666382,0.0
108.70001253553774,0.05725860595703125,0.057913780212402344,0.057913780212402344,0.0,-2.365326166152954,-2.365326166152954,0.0
108.79365537697528,0.05767059326171875,0.05833268165588379,0.05833268165588379,0.0,-2.3649072647094727,-2.3649072647094727,0.0
108.88731519814057,0.05808258056640625,0.05875349044799805,0.05875349044799805,0.0,-2.3644864559173584,-2.3644864559173584,0.0
108.98099200090452,0.058502197265625,0.059175968170166016,0.059175968170166016,0.0,-2.3640639781951904,-2.3640639781951904,0.0
109.07468828876537,0.05892181396484375,0.059600114822387695,0.059600114822387695,0.0,-2.3636398315429688,-2.3636398315429688,0.0
109.16839997730447,0.0593414306640625,0.06002616882324219,0.06002616882324219,0.0,-2.3632137775421143,-2.3632137775421143,0.0
109.26212815856077,0.05976104736328125,0.06045365333557129,0.06045365333557129,0.0,-2.362786293029785,-2.362786293029785,0.0
109.35587623736782,0.06018829345703125,0.060883283615112305,0.060883283615112305,0.0,-2.362356662750244,-2.362356662750244,0.0
109.44964155348084,0.06060791015625,0.06131482124328613,0.06131482124328613,0.0,-2.3619251251220703,-2.3619251251220703,0.0
109.54342288942075,0.06103515625,0.06174731254577637,0.06174731254577637,0.0,-2.36149263381958,-2.36149263381958,0.0
109.63722364481917,0.06146240234375,0.06218242645263672,0.06218242645263672,0.0,-2.3610575199127197,-2.3610575199127197,0.0
109.73103941976296,0.0618896484375,0.06261992454528809,0.06261992454528809,0.0,-2.3606200218200684,-2.3606200218200684,0.0
109.8248730607049,0.06232452392578125,0.06305789947509766,0.06305789947509766,0.0,-2.360182046890259,-2.360182046890259,0.0
109.91872450204923,0.06275177001953125,0.06349825859069824,0.06349825859069824,0.0,-2.359741687774658,-2.359741687774658,0.0
110.01259367747181,0.0631866455078125,0.06393837928771973,0.06393837928771973,0.0,-2.3593015670776367,-2.3593015670776367,0.0
110.10648141126129,0.06362152099609375,0.06438398361206055,0.06438398361206055,0.0,-2.358855962753296,-2.358855962753296,0.0
110.20038412465183,0.064056396484375,0.06482911109924316,0.06482911109924316,0.0,-2.3584108352661133,-2.3584108352661133,0.0
110.29430586462678,0.0644989013671875,0.065277099609375,0.065277099609375,0.0,-2.3579628467559814,-2.3579628467559814,0.0
110.38824452067266,0.06493377685546875,0.06572651863098145,0.06572651863098145,0.0,-2.357513427734375,-2.357513427734375,0.0
110.48220176563737,0.06537628173828125,0.0661766529083252,0.0661766529083252,0.0,-2.3570632934570312,-2.3570632934570312,0.0
110.57617401561676,0.06581878662109375,0.06662893295288086,0.06662893295288086,0.0,-2.3566110134124756,-2.3566110134124756,0.0
110.67016565338471,0.06626129150390625,0.06708359718322754,0.06708359718322754,0.0,-2.356156349182129,-2.356156349182129,0.0
110.76417366932752,0.06671142578125,0.06753897666931152,0.06753897666931152,0.0,-2.355700969696045,-2.355700969696045,0.0
110.85819794527005,0.0671539306640625,0.06799554824829102,0.06799554824829102,0.0,-2.3552443981170654,-2.3552443981170654,0.0
110.9522411629427,0.06760406494140625,0.06845641136169434,0.06845641136169434,0.0,-2.354783535003662,-2.354783535003662,0.0
111.04630136743474,0.06805419921875,0.06891703605651855,0.06891703605651855,0.0,-2.354322910308838,-2.354322910308838,0.0
111.14037916441562,0.06850433349609375,0.06938004493713379,0.06938004493713379,0.0,-2.3538599014282227,-2.3538599014282227,0.0
111.23447603996145,0.0689544677734375,0.06984424591064453,0.06984424591064453,0.0,-2.353395700454712,-2.353395700454712,0.0
111.32858701145818,0.0694122314453125,0.07031035423278809,0.07031035423278809,0.0,-2.3529295921325684,-2.3529295921325684,0.0
111.4227181046903,0.0698699951171875,0.07077836990356445,0.07077836990356445,0.0,-2.352461576461792,-2.352461576461792,0.0
111.51686499395709,0.0703277587890625,0.07124686241149902,0.07124686241149902,0.0,-2.3519930839538574,-2.3519930839538574,0.0
111.6110292133718,0.0707855224609375,0.07171845436096191,0.07171845436096191,0.0,-2.3515214920043945,-2.3515214920043945,0.0
111.7052121088499,0.0712432861328125,0.07219099998474121,0.07219099998474121,0.0,-2.3510489463806152,-2.3510489463806152,0.0
111.79941147304591,0.07170867919921875,0.07266449928283691,0.07266449928283691,0.0,-2.3505754470825195,-2.3505754470825195,0.0
111.89362886574521,0.07216644287109375,0.07314038276672363,0.07314038276672363,0.0,-2.350099563598633,-2.350099563598633,0.0
111.98786358984039,0.0726318359375,0.07361721992492676,0.07361721992492676,0.0,-2.3496227264404297,-2.3496227264404297,0.0
112.08211436334894,0.07309722900390625,0.0740959644317627,0.0740959644317627,0.0,-2.3491439819335938,-2.3491439819335938,0.0
112.17638192811641,0.07357025146484375,0.07457518577575684,0.07457518577575684,0.0,-2.3486647605895996,-2.3486647605895996,0.0
112.27066928184537,0.07403564453125,0.0750582218170166,0.0750582218170166,0.0,-2.34818172454834,-2.34818172454834,0.0
112.36497322667398,0.0745086669921875,0.07554125785827637,0.07554125785827637,0.0,-2.34769868850708,-2.34769868850708,0.0
112.45929292763536,0.074981689453125,0.07602715492248535,0.07602715492248535,0.0,-2.347212791442871,-2.347212791442871,0.0
112.5536312096213,0.0754547119140625,0.07651329040527344,0.07651329040527344,0.0,-2.346726655960083,-2.346726655960083,0.0
112.6479873517704,0.075927734375,0.07700037956237793,0.07700037956237793,0.0,-2.3462395668029785,-2.3462395668029785,0.0
112.74235878367622,0.07640838623046875,0.07748961448669434,0.07748961448669434,0.0,-2.345750331878662,-2.345750331878662,0.0
112.8367502582913,0.07688140869140625,0.07798075675964355,0.07798075675964355,0.0,-2.345259189605713,-2.345259189605713,0.0
112.9311566619145,0.077362060546875,0.07847261428833008,0.07847261428833008,0.0,-2.3447673320770264,-2.3447673320770264,0.0
113.02558164028038,0.07784271240234375,0.07896637916564941,0.07896637916564941,0.0,-2.344273567199707,-2.344273567199707,0.0
113.12002338368788,0.07833099365234375,0.07946133613586426,0.07946133613586426,0.0,-2.343778610229492,-2.343778610229492,0.0
113.21448349613587,0.0788116455078125,0.07995820045471191,0.07995820045471191,0.0,-2.3432817459106445,-2.3432817459106445,0.0
113.30896148294609,0.0792999267578125,0.08045625686645508,0.08045625686645508,0.0,-2.3427836894989014,-2.3427836894989014,0.0
113.40345268557854,0.0797882080078125,0.08095622062683105,0.08095622062683105,0.0,-2.3422837257385254,-2.3422837257385254,0.0
113.49796441441434,0.08026885986328125,0.08145594596862793,0.08145594596862793,0.0,-2.3417840003967285,-2.3417840003967285,0.0
113.5924937470582,0.0807647705078125,0.08195900917053223,0.08195900917053223,0.0,-2.341280937194824,-2.341280937194824,0.0
113.68703989714432,0.0812530517578125,0.08246278762817383,0.08246278762817383,0.0,-2.3407771587371826,-2.3407771587371826,0.0
113.7816021344458,0.08174896240234375,0.08296775817871094,0.08296775817871094,0.0,-2.3402721881866455,-2.3402721881866455,0.0
113.87618181868814,0.082244873046875,0.08347249031066895,0.08347249031066895,0.0,-2.3397674560546875,-2.3397674560546875,0.0
113.97078070600904,0.08274078369140625,0.08398222923278809,0.08398222923278809,0.0,-2.3392577171325684,-2.3392577171325684,0.0
114.06539494219946,0.0832366943359375,0.08449077606201172,0.08449077606201172,0.0,-2.3387491703033447,-2.3387491703033447,0.0
114.16002618007447,0.08373260498046875,0.08500146865844727,0.08500146865844727,0.0,-2.338238477706909,-2.338238477706909,0.0
114.25467644737193,0.08423614501953125,0.08551406860351562,0.08551406860351562,0.0,-2.337725877761841,-2.337725877761841,0.0
114.34934248459119,0.08473968505859375,0.0860280990600586,0.0860280990600586,0.0,-2.337211847305298,-2.337211847305298,0.0
114.44402509039435,0.08524322509765625,0.08654189109802246,0.08654189109802246,0.0,-2.336698055267334,-2.336698055267334,0.0
114.53872651128553,0.08574676513671875,0.08705759048461914,0.08705759048461914,0.0,-2.3361823558807373,-2.3361823558807373,0.0
114.63344438853903,0.08625030517578125,0.08757472038269043,0.08757472038269043,0.0,-2.335665225982666,-2.335665225982666,0.0
114.72817985437743,0.086761474609375,0.08809399604797363,0.08809399604797363,0.0,-2.335145950317383,-2.335145950317383,0.0
114.82293314332097,0.08727264404296875,0.08861470222473145,0.08861470222473145,0.0,-2.334625244140625,-2.334625244140625,0.0
114.91770209520418,0.0877838134765625,0.08913564682006836,0.08913564682006836,0.0,-2.334104299545288,-2.334104299545288,0.0
115.0124887656313,0.08829498291015625,0.08965849876403809,0.08965849876403809,0.0,-2.3335814476013184,-2.3335814476013184,0.0
115.10729451114736,0.08880615234375,0.09018325805664062,0.09018325805664062,0.0,-2.333056688308716,-2.333056688308716,0.0
115.20211469677172,0.089324951171875,0.09070873260498047,0.09070873260498047,0.0,-2.332531213760376,-2.332531213760376,0.0
115.2969535125552,0.08983612060546875,0.09123635292053223,0.09123635292053223,0.0,-2.332003593444824,-2.332003593444824,0.0
115.39180889770934,0.09035491943359375,0.09176445007324219,0.09176445007324219,0.0,-2.3314754962921143,-2.3314754962921143,0.0
115.48668225212333,0.09087371826171875,0.09229445457458496,0.09229445457458496,0.0,-2.3309454917907715,-2.3309454917907715,0.0
115.58157130002631,0.091400146484375,0.09282541275024414,0.09282541275024414,0.0,-2.3304145336151123,-2.3304145336151123,0.0
115.6764798967668,0.0919189453125,0.09335851669311523,0.09335851669311523,0.0,-2.329881429672241,-2.329881429672241,0.0
115.77140485064704,0.09244537353515625,0.09389185905456543,0.09389185905456543,0.0,-2.329348087310791,-2.329348087310791,0.0
115.86634380610185,0.0929718017578125,0.09442734718322754,0.09442734718322754,0.0,-2.328812599182129,-2.328812599182129,0.0
115.96130390526046,0.09349822998046875,0.09496402740478516,0.09496402740478516,0.0,-2.3282759189605713,-2.3282759189605713,0.0
116.05627881596997,0.094024658203125,0.09550142288208008,0.09550142288208008,0.0,-2.3277385234832764,-2.3277385234832764,0.0
116.15127311372389,0.0945587158203125,0.09604144096374512,0.09604144096374512,0.0,-2.3271985054016113,-2.3271985054016113,0.0
116.24628186499686,0.0950927734375,0.09658217430114746,0.09658217430114746,0.0,-2.326657772064209,-2.326657772064209,0.0
116.34130935084434,0.09561920166015625,0.09712386131286621,0.09712386131286621,0.0,-2.3261160850524902,-2.3261160850524902,0.0
116.4363542250689,0.096160888671875,0.09766745567321777,0.09766745567321777,0.0,-2.3255724906921387,-2.3255724906921387,0.0
116.53141449845734,0.0966949462890625,0.09821248054504395,0.09821248054504395,0.0,-2.3250274658203125,-2.3250274658203125,0.0
116.62649170121523,0.09722900390625,0.09875869750976562,0.09875869750976562,0.0,-2.324481248855591,-2.324481248855591,0.0
116.72159023386995,0.09777069091796875,0.09930610656738281,0.09930610656738281,0.0,-2.3239338397979736,-2.3239338397979736,0.0
116.81670214039889,0.0983123779296875,0.09985518455505371,0.09985518455505371,0.0,-2.3233847618103027,-2.3233847618103027,0.0
116.91183054816996,0.09885406494140625,0.10040545463562012,0.10040545463562012,0.0,-2.3228344917297363,-2.3228344917297363,0.0
117.00697748328503,0.099395751953125,0.10095739364624023,0.10095739364624023,0.0,-2.322282552719116,-2.322282552719116,0.0
117.1021414100116,0.099945068359375,0.10151028633117676,0.10151028633117676,0.0,-2.3217296600341797,-2.3217296600341797,0.0
117.19732141911236,0.10048675537109375,0.10206484794616699,0.10206484794616699,0.0,-2.3211750984191895,-2.3211750984191895,0.0
117.29252012029913,0.10103607177734375,0.10261940956115723,0.10261940956115723,0.0,-2.320620536804199,-2.320620536804199,0.0
117.38773481474261,0.10158538818359375,0.10317635536193848,0.10317635536193848,0.0,-2.320063591003418,-2.320063591003418,0.0
117.48296719850248,0.10213470458984375,0.10373663902282715,0.10373663902282715,0.0,-2.3195033073425293,-2.3195033073425293,0.0
117.57821640625819,0.102691650390625,0.10429620742797852,0.10429620742797852,0.0,-2.318943738937378,-2.318943738937378,0.0
117.67348063532214,0.103240966796875,0.1048581600189209,0.1048581600189209,0.0,-2.3183817863464355,-2.3183817863464355,0.0
117.76876269019318,0.10379791259765625,0.10542035102844238,0.10542035102844238,0.0,-2.317819595336914,-2.317819595336914,0.0
117.86406553785517,0.1043548583984375,0.10598444938659668,0.10598444938659668,0.0,-2.3172554969787598,-2.3172554969787598,0.0
117.95938170867448,0.10491943359375,0.10655045509338379,0.10655045509338379,0.0,-2.3166894912719727,-2.3166894912719727,0.0
118.05471547441134,0.10547637939453125,0.1071171760559082,0.1071171760559082,0.0,-2.3161227703094482,-2.3161227703094482,0.0
118.15006471402056,0.10604095458984375,0.10768532752990723,0.10768532752990723,0.0,-2.315554618835449,-2.315554618835449,0.0
118.2454339592005,0.106597900390625,0.10825610160827637,0.10825610160827637,0.0,-2.31498384475708,-2.31498384475708,0.0
118.34081913961492,0.1071624755859375,0.10882711410522461,0.10882711410522461,0.0,-2.314412832260132,-2.314412832260132,0.0
118.43622112439625,0.10773468017578125,0.10939931869506836,0.10939931869506836,0.0,-2.313840627670288,-2.313840627670288,0.0
118.53163934436358,0.10829925537109375,0.10997366905212402,0.10997366905212402,0.0,-2.3132662773132324,-2.3132662773132324,0.0
118.62707536156577,0.10886383056640625,0.11054873466491699,0.11054873466491699,0.0,-2.3126912117004395,-2.3126912117004395,0.0
118.72252504974358,0.10943603515625,0.11112523078918457,0.11112523078918457,0.0,-2.312114715576172,-2.312114715576172,0.0
118.81799546933601,0.11000823974609375,0.11170363426208496,0.11170363426208496,0.0,-2.3115363121032715,-2.3115363121032715,0.0
118.91348055880626,0.1105804443359375,0.11228251457214355,0.11228251457214355,0.0,-2.310957431793213,-2.310957431793213,0.0
119.00898592105452,0.1111602783203125,0.11286377906799316,0.11286377906799316,0.0,-2.3103761672973633,-2.3103761672973633,0.0
119.10450503333425,0.11173248291015625,0.11344599723815918,0.11344599723815918,0.0,-2.3097939491271973,-2.3097939491271973,0.0
119.20004178793927,0.11231231689453125,0.1140296459197998,0.1140296459197998,0.0,-2.3092103004455566,-2.3092103004455566,0.0
119.2955975824726,0.11289215087890625,0.11461353302001953,0.11461353302001953,0.0,-2.308626413345337,-2.308626413345337,0.0
119.39116593985712,0.11347198486328125,0.11520123481750488,0.11520123481750488,0.0,-2.3080387115478516,-2.3080387115478516,0.0
119.48675587362953,0.1140594482421875,0.11578941345214844,0.11578941345214844,0.0,-2.307450532913208,-2.307450532913208,0.0
119.58235728508586,0.1146392822265625,0.1163785457611084,0.1163785457611084,0.0,-2.306861400604248,-2.306861400604248,0.0
119.67798072981843,0.11522674560546875,0.11696934700012207,0.11696934700012207,0.0,-2.3062705993652344,-2.3062705993652344,0.0
119.77361893465635,0.115814208984375,0.11756086349487305,0.11756086349487305,0.0,-2.3056790828704834,-2.3056790828704834,0.0
119.86927304073673,0.11640167236328125,0.11815571784973145,0.11815571784973145,0.0,-2.305084228515625,-2.305084228515625,0.0
119.96494610793214,0.1169891357421875,0.11875081062316895,0.11875081062316895,0.0,-2.3044891357421875,-2.3044891357421875,0.0
120.06063319608172,0.117584228515625,0.11934709548950195,0.11934709548950195,0.0,-2.3038928508758545,-2.3038928508758545,0.0
120.1563378934399,0.11817169189453125,0.11994481086730957,0.11994481086730957,0.0,-2.303295135498047,-2.303295135498047,0.0
120.25205761365685,0.11876678466796875,0.1205439567565918,0.1205439567565918,0.0,-2.3026959896087646,-2.3026959896087646,0.0
120.34779899768874,0.11936187744140625,0.12114405632019043,0.12114405632019043,0.0,-2.302095890045166,-2.302095890045166,0.0
120.44355547029485,0.119964599609375,0.12174725532531738,0.12174725532531738,0.0,-2.301492691040039,-2.301492691040039,0.0
120.53932567911666,0.1205596923828125,0.12235116958618164,0.12235116958618164,0.0,-2.300888776779175,-2.300888776779175,0.0
120.63511409873762,0.12116241455078125,0.1229560375213623,0.1229560375213623,0.0,-2.300283908843994,-2.300283908843994,0.0
120.73092241750908,0.12176513671875,0.12356209754943848,0.12356209754943848,0.0,-2.299677848815918,-2.299677848815918,0.0
120.82674381770708,0.12236785888671875,0.12417006492614746,0.12417006492614746,0.0,-2.299069881439209,-2.299069881439209,0.0
120.922582783124,0.1229705810546875,0.12477898597717285,0.12477898597717285,0.0,-2.2984609603881836,-2.2984609603881836,0.0
121.0184384624853,0.1235809326171875,0.12538981437683105,0.12538981437683105,0.0,-2.2978501319885254,-2.2978501319885254,0.0
121.11431123448472,0.12418365478515625,0.12600207328796387,0.12600207328796387,0.0,-2.2972378730773926,-2.2972378730773926,0.0
121.21020133698684,0.12479400634765625,0.1266157627105713,0.1266157627105713,0.0,-2.296624183654785,-2.296624183654785,0.0
121.30610658437031,0.12540435791015625,0.12723112106323242,0.12723112106323242,0.0,-2.296008825302124,-2.296008825302124,0.0
121.4020303651448,0.12601470947265625,0.12784695625305176,0.12784695625305176,0.0,-2.2953929901123047,-2.2953929901123047,0.0
121.49797122947007,0.1266326904296875,0.1284654140472412,0.1284654140472412,0.0,-2.2947745323181152,-2.2947745323181152,0.0
121.59392527461547,0.1272430419921875,0.12908506393432617,0.12908506393432617,0.0,-2.2941548824310303,-2.2941548824310303,0.0
121.68989799229598,0.12786102294921875,0.12970566749572754,0.12970566749572754,0.0,-2.293534278869629,-2.293534278869629,0.0
121.78588679109903,0.12847900390625,0.13032841682434082,0.13032841682434082,0.0,-2.2929115295410156,-2.2929115295410156,0.0
121.8818918470656,0.12909698486328125,0.1309514045715332,0.1309514045715332,0.0,-2.2922885417938232,-2.2922885417938232,0.0
121.97791332901633,0.12972259521484375,0.1315762996673584,0.1315762996673584,0.0,-2.291663646697998,-2.291663646697998,0.0
122.0739543334833,0.130340576171875,0.1322033405303955,0.1322033405303955,0.0,-2.291036605834961,-2.291036605834961,0.0
122.1700095161185,0.1309661865234375,0.13283085823059082,0.13283085823059082,0.0,-2.2904090881347656,-2.2904090881347656,0.0
122.26608167237855,0.131591796875,0.13345885276794434,0.13345885276794434,0.0,-2.289781093597412,-2.289781093597412,0.0
122.36217119888266,0.1322174072265625,0.13409090042114258,0.13409090042114258,0.0,-2.289149045944214,-2.289149045944214,0.0
122.45827567214089,0.13285064697265625,0.13472318649291992,0.13472318649291992,0.0,-2.2885167598724365,-2.2885167598724365,0.0
122.55439455718421,0.13347625732421875,0.13535666465759277,0.13535666465759277,0.0,-2.2878832817077637,-2.2878832817077637,0.0
122.65053475201265,0.1341094970703125,0.13599228858947754,0.13599228858947754,0.0,-2.287247657775879,-2.287247657775879,0.0
122.74669096599628,0.13474273681640625,0.1366283893585205,0.1366283893585205,0.0,-2.286611557006836,-2.286611557006836,0.0
122.84285916266603,0.1353759765625,0.1372661590576172,0.1372661590576172,0.0,-2.2859737873077393,-2.2859737873077393,0.0
122.93904954576803,0.136016845703125,0.13790583610534668,0.13790583610534668,0.0,-2.2853341102600098,-2.2853341102600098,0.0
123.03525279764544,0.13665008544921875,0.13854718208312988,0.13854718208312988,0.0,-2.2846927642822266,-2.2846927642822266,0.0
123.13147304784897,0.13729095458984375,0.1391894817352295,0.1391894817352295,0.0,-2.284050464630127,-2.284050464630127,0.0
123.2277093143305,0.13793182373046875,0.1398329734802246,0.1398329734802246,0.0,-2.283406972885132,-2.283406972885132,0.0
123.32396234908728,0.13857269287109375,0.14047837257385254,0.14047837257385254,0.0,-2.282761573791504,-2.282761573791504,0.0
123.4202355745064,0.13921356201171875,0.14112544059753418,0.14112544059753418,0.0,-2.2821145057678223,-2.2821145057678223,0.0
123.51652029590653,0.139862060546875,0.14177322387695312,0.14177322387695312,0.0,-2.2814667224884033,-2.2814667224884033,0.0
123.61282258880337,0.14051055908203125,0.1424236297607422,0.1424236297607422,0.0,-2.2808163166046143,-2.2808163166046143,0.0
123.70914202692276,0.1411590576171875,0.14307427406311035,0.14307427406311035,0.0,-2.280165672302246,-2.280165672302246,0.0
123.80547734842955,0.14180755615234375,0.14372658729553223,0.14372658729553223,0.0,-2.279513359069824,-2.279513359069824,0.0
123.90182772289123,0.1424560546875,0.1443798542022705,0.1443798542022705,0.0,-2.278860092163086,-2.278860092163086,0.0
123.99819911666593,0.14310455322265625,0.1450364589691162,0.1450364589691162,0.0,-2.2782034873962402,-2.2782034873962402,0.0
124.09458388883338,0.14376068115234375,0.14569354057312012,0.14569354057312012,0.0,-2.2775464057922363,-2.2775464057922363,0.0
124.19098396689371,0.14441680908203125,0.14635229110717773,0.14635229110717773,0.0,-2.2768876552581787,-2.2768876552581787,0.0
124.2874005454717,0.14507293701171875,0.14701199531555176,0.14701199531555176,0.0,-2.2762279510498047,-2.2762279510498047,0.0
124.38383382509264,0.14572906494140625,0.1476733684539795,0.1476733684539795,0.0,-2.275566577911377,-2.275566577911377,0.0
124.48028402459448,0.146392822265625,0.14833617210388184,0.14833617210388184,0.0,-2.2749037742614746,-2.2749037742614746,0.0
124.57675041985827,0.14705657958984375,0.1490004062652588,0.1490004062652588,0.0,-2.2742395401000977,-2.2742395401000977,0.0
124.67323206523075,0.1477203369140625,0.14966630935668945,0.14966630935668945,0.0,-2.273573637008667,-2.273573637008667,0.0
124.76973347340548,0.14838409423828125,0.15033364295959473,0.15033364295959473,0.0,-2.2729063034057617,-2.2729063034057617,0.0
124.86624652306942,0.1490478515625,0.1510021686553955,0.1510021686553955,0.0,-2.272237777709961,-2.272237777709961,0.0
124.96277769364343,0.14971160888671875,0.1516728401184082,0.1516728401184082,0.0,-2.2715671062469482,-2.2715671062469482,0.0
125.05932399253048,0.15038299560546875,0.1523444652557373,0.1523444652557373,0.0,-2.270895481109619,-2.270895481109619,0.0
125.1558888745324,0.15105438232421875,0.15301728248596191,0.15301728248596191,0.0,-2.2702226638793945,-2.2702226638793945,0.0
125.2524662927981,0.15172576904296875,0.15369248390197754,0.15369248390197754,0.0,-2.269547462463379,-2.269547462463379,0.0
125.3490653480891,0.15239715576171875,0.15436768531799316,0.15436768531799316,0.0,-2.2688722610473633,-2.2688722610473633,0.0
125.44567782403344,0.153076171875,0.1550455093383789,0.1550455093383789,0.0,-2.2681944370269775,-2.2681944370269775,0.0
125.54230369887367,0.15374755859375,0.15572500228881836,0.15572500228881836,0.0,-2.267514944076538,-2.267514944076538,0.0
125.63894601558462,0.15442657470703125,0.15640616416931152,0.15640616416931152,0.0,-2.266833782196045,-2.266833782196045,0.0
125.73561081492667,0.1551055908203125,0.15708708763122559,0.15708708763122559,0.0,-2.266152858734131,-2.266152858734131,0.0
125.83228747621673,0.15578460693359375,0.15777134895324707,0.15777134895324707,0.0,-2.2654685974121094,-2.2654685974121094,0.0
125.92898045674937,0.15647125244140625,0.15845608711242676,0.15845608711242676,0.0,-2.2647838592529297,-2.2647838592529297,0.0
126.02568569915178,0.1571502685546875,0.15914273262023926,0.15914273262023926,0.0,-2.264097213745117,-2.264097213745117,0.0
126.12241171476593,0.1578369140625,0.15983080863952637,0.15983080863952637,0.0,-2.26340913772583,-2.26340913772583,0.0
126.21915248615291,0.1585235595703125,0.16051959991455078,0.16051959991455078,0.0,-2.2627203464508057,-2.2627203464508057,0.0
126.31590938558985,0.159210205078125,0.1612107753753662,0.1612107753753662,0.0,-2.2620291709899902,-2.2620291709899902,0.0
126.41268374495947,0.15990447998046875,0.16190361976623535,0.16190361976623535,0.0,-2.261336326599121,-2.261336326599121,0.0
126.50947087630364,0.16059112548828125,0.1625978946685791,0.1625978946685791,0.0,-2.2606420516967773,-2.2606420516967773,0.0
126.60627482647129,0.161285400390625,0.16329360008239746,0.16329360008239746,0.0,-2.259946346282959,-2.259946346282959,0.0
126.70309736794457,0.16197967529296875,0.16399073600769043,0.16399073600769043,0.0,-2.259249210357666,-2.259249210357666,0.0
126.79993605210822,0.1626739501953125,0.1646885871887207,0.1646885871887207,0.0,-2.2585513591766357,-2.2585513591766357,0.0
126.89678953042377,0.16336822509765625,0.165388822555542,0.165388822555542,0.0,-2.2578511238098145,-2.2578511238098145,0.0
126.99365613271434,0.16407012939453125,0.1660909652709961,0.1660909652709961,0.0,-2.2571489810943604,-2.2571489810943604,0.0
127.09054048653192,0.16477203369140625,0.1667945384979248,0.1667945384979248,0.0,-2.2564454078674316,-2.2564454078674316,0.0
127.18744182152004,0.16547393798828125,0.167496919631958,0.167496919631958,0.0,-2.2557430267333984,-2.2557430267333984,0.0
127.28435769506164,0.16617584228515625,0.16820454597473145,0.16820454597473145,0.0,-2.255035400390625,-2.255035400390625,0.0
127.38129199277766,0.16687774658203125,0.1689128875732422,0.1689128875732422,0.0,-2.2543270587921143,-2.2543270587921143,0.0
127.47823824691999,0.1675872802734375,0.16962146759033203,0.16962146759033203,0.0,-2.2536184787750244,-2.2536184787750244,0.0
127.57520611812797,0.1682891845703125,0.170332670211792,0.170332670211792,0.0,-2.2529072761535645,-2.2529072761535645,0.0
127.67218298884272,0.16899871826171875,0.17104434967041016,0.17104434967041016,0.0,-2.2521955966949463,-2.2521955966949463,0.0
127.76917962104228,0.169708251953125,0.17175841331481934,0.17175841331481934,0.0,-2.251481533050537,-2.251481533050537,0.0
127.86619418126826,0.1704254150390625,0.17247390747070312,0.17247390747070312,0.0,-2.2507660388946533,-2.2507660388946533,0.0
127.96321985984974,0.17113494873046875,0.17318987846374512,0.17318987846374512,0.0,-2.2500500679016113,-2.2500500679016113,0.0
128.0602617459508,0.17185211181640625,0.17390823364257812,0.17390823364257812,0.0,-2.2493317127227783,-2.2493317127227783,0.0
128.1573236870502,0.17256927490234375,0.17462778091430664,0.17462778091430664,0.0,-2.24861216545105,-2.24861216545105,0.0
128.25439693005004,0.17328643798828125,0.17534947395324707,0.17534947395324707,0.0,-2.2478904724121094,-2.2478904724121094,0.0
128.35148692740196,0.17400360107421875,0.1760725975036621,0.1760725975036621,0.0,-2.2471673488616943,-2.2471673488616943,0.0
128.44859497299146,0.1747283935546875,0.17679715156555176,0.17679715156555176,0.0,-2.2464427947998047,-2.2464427947998047,0.0
128.545717797159,0.175445556640625,0.1775226593017578,0.1775226593017578,0.0,-2.2457172870635986,-2.2457172870635986,0.0
128.64285235192952,0.17617034912109375,0.17825007438659668,0.17825007438659668,0.0,-2.2449898719787598,-2.2449898719787598,0.0
128.74000551785375,0.1768951416015625,0.17897963523864746,0.17897963523864746,0.0,-2.244260311126709,-2.244260311126709,0.0
128.8371737546856,0.17761993408203125,0.17970871925354004,0.17970871925354004,0.0,-2.2435312271118164,-2.2435312271118164,0.0
128.93436057165792,0.17835235595703125,0.18044209480285645,0.18044209480285645,0.0,-2.2427978515625,-2.2427978515625,0.0
129.0315604971461,0.17908477783203125,0.18117547035217285,0.18117547035217285,0.0,-2.2420644760131836,-2.2420644760131836,0.0
129.12877662369974,0.1798095703125,0.18191123008728027,0.18191123008728027,0.0,-2.241328716278076,-2.241328716278076,0.0
129.22600962066582,0.1805419921875,0.1826479434967041,0.1826479434967041,0.0,-2.2405920028686523,-2.2405920028686523,0.0
129.32325591755327,0.18128204345703125,0.18338656425476074,0.18338656425476074,0.0,-2.2398533821105957,-2.2398533821105957,0.0
129.42051908447164,0.18201446533203125,0.1841261386871338,0.1841261386871338,0.0,-2.2391138076782227,-2.2391138076782227,0.0
129.51779647563507,0.1827545166015625,0.18486809730529785,0.18486809730529785,0.0,-2.2383718490600586,-2.2383718490600586,0.0
129.61508831765642,0.18349456787109375,0.18561148643493652,0.18561148643493652,0.0,-2.23762845993042,-2.23762845993042,0.0
129.71239768591346,0.184234619140625,0.1863553524017334,0.1863553524017334,0.0,-2.236884593963623,-2.236884593963623,0.0
129.80972483071292,0.18497467041015625,0.1871023178100586,0.1871023178100586,0.0,-2.236137628555298,-2.236137628555298,0.0
129.90706469930643,0.1857147216796875,0.1878490447998047,0.1878490447998047,0.0,-2.2353909015655518,-2.2353909015655518,0.0
130.0044189619085,0.18646240234375,0.1885983943939209,0.1885983943939209,0.0,-2.2346415519714355,-2.2346415519714355,0.0
130.10178975475432,0.1872100830078125,0.18934965133666992,0.18934965133666992,0.0,-2.2338902950286865,-2.2338902950286865,0.0
130.1991786992732,0.18795013427734375,0.19010210037231445,0.19010210037231445,0.0,-2.233137845993042,-2.233137845993042,0.0
130.29658084863362,0.1887054443359375,0.1908566951751709,0.1908566951751709,0.0,-2.2323832511901855,-2.2323832511901855,0.0
130.39399633487827,0.189453125,0.19161152839660645,0.19161152839660645,0.0,-2.23162841796875,-2.23162841796875,0.0
130.4914282941696,0.19020843505859375,0.1923692226409912,0.1923692226409912,0.0,-2.2308707237243652,-2.2308707237243652,0.0
130.5888769538648,0.19095611572265625,0.19312834739685059,0.19312834739685059,0.0,-2.230111598968506,-2.230111598968506,0.0
130.68633961913733,0.19171142578125,0.19388890266418457,0.19388890266418457,0.0,-2.229351043701172,-2.229351043701172,0.0
130.78381991782186,0.19246673583984375,0.19464993476867676,0.19464993476867676,0.0,-2.2285900115966797,-2.2285900115966797,0.0
130.88131429951133,0.19322967529296875,0.19541335105895996,0.19541335105895996,0.0,-2.2278265953063965,-2.2278265953063965,0.0
130.9788233533746,0.1939849853515625,0.19617891311645508,0.19617891311645508,0.0,-2.2270610332489014,-2.2270610332489014,0.0
131.0763502096715,0.1947479248046875,0.1969461441040039,0.1969461441040039,0.0,-2.2262938022613525,-2.2262938022613525,0.0
131.17388940653916,0.1955108642578125,0.19771504402160645,0.19771504402160645,0.0,-2.22552490234375,-2.22552490234375,0.0
131.27144439754986,0.1962738037109375,0.1984846591949463,0.1984846591949463,0.0,-2.22475528717041,-2.22475528717041,0.0
131.3690116843519,0.1970367431640625,0.19925618171691895,0.19925618171691895,0.0,-2.2239837646484375,-2.2239837646484375,0.0
131.46659815991717,0.19780731201171875,0.2000279426574707,0.2000279426574707,0.0,-2.2232120037078857,-2.2232120037078857,0.0
131.56420081393898,0.198577880859375,0.20080351829528809,0.20080351829528809,0.0,-2.2224364280700684,-2.2224364280700684,0.0
131.66181622044402,0.19934844970703125,0.20158028602600098,0.20158028602600098,0.0,-2.2216596603393555,-2.2216596603393555,0.0
131.75944577792407,0.2001190185546875,0.20235800743103027,0.20235800743103027,0.0,-2.220881938934326,-2.220881938934326,0.0
131.8570949596146,0.20088958740234375,0.2031383514404297,0.2031383514404297,0.0,-2.2201015949249268,-2.2201015949249268,0.0
131.95475499743137,0.20166778564453125,0.2039191722869873,0.2039191722869873,0.0,-2.219320774078369,-2.219320774078369,0.0
132.05242964038132,0.2024383544921875,0.20470166206359863,0.20470166206359863,0.0,-2.218538284301758,-2.218538284301758,0.0
132.15012408099915,0.203216552734375,0.20548653602600098,0.20548653602600098,0.0,-2.2177534103393555,-2.2177534103393555,0.0
132.24783151470157,0.2039947509765625,0.20627331733703613,0.20627331733703613,0.0,-2.2169666290283203,-2.2169666290283203,0.0
132.3455500025855,0.20477294921875,0.2070605754852295,0.2070605754852295,0.0,-2.216179370880127,-2.216179370880127,0.0
132.44329042453325,0.20555877685546875,0.20784974098205566,0.20784974098205566,0.0,-2.215390205383301,-2.215390205383301,0.0
132.54104005998562,0.2063446044921875,0.20864081382751465,0.20864081382751465,0.0,-2.214599132537842,-2.214599132537842,0.0
132.63880861025035,0.207122802734375,0.20943307876586914,0.20943307876586914,0.0,-2.2138068675994873,-2.2138068675994873,0.0
132.7365895386318,0.20790863037109375,0.21022582054138184,0.21022582054138184,0.0,-2.2130141258239746,-2.2130141258239746,0.0
132.83438689696428,0.20870208740234375,0.21102285385131836,0.21102285385131836,0.0,-2.212217092514038,-2.212217092514038,0.0
132.9321980943194,0.2094879150390625,0.21182036399841309,0.21182036399841309,0.0,-2.2114195823669434,-2.2114195823669434,0.0
133.03002233375332,0.2102813720703125,0.21261954307556152,0.21261954307556152,0.0,-2.210620403289795,-2.210620403289795,0.0
133.12786433246558,0.2110748291015625,0.21342015266418457,0.21342015266418457,0.0,-2.209819793701172,-2.209819793701172,0.0
133.22572240210272,0.2118682861328125,0.21422243118286133,0.21422243118286133,0.0,-2.209017515182495,-2.209017515182495,0.0
133.3235951261485,0.2126617431640625,0.2150266170501709,0.2150266170501709,0.0,-2.2082133293151855,-2.2082133293151855,0.0
133.4214800840122,0.2134552001953125,0.21583223342895508,0.21583223342895508,0.0,-2.2074077129364014,-2.2074077129364014,0.0
133.51937909678932,0.21425628662109375,0.21663975715637207,0.21663975715637207,0.0,-2.2066001892089844,-2.2066001892089844,0.0
133.61729611228853,0.215057373046875,0.21744894981384277,0.21744894981384277,0.0,-2.2057909965515137,-2.2057909965515137,0.0
133.71522648202122,0.21585845947265625,0.21825861930847168,0.21825861930847168,0.0,-2.2049813270568848,-2.2049813270568848,0.0
133.81317159085637,0.2166595458984375,0.2190709114074707,0.2190709114074707,0.0,-2.2041690349578857,-2.2041690349578857,0.0
133.91113274217824,0.21746063232421875,0.21988487243652344,0.21988487243652344,0.0,-2.203355073928833,-2.203355073928833,0.0
134.00910381891575,0.21826934814453125,0.22069954872131348,0.22069954872131348,0.0,-2.202540397644043,-2.202540397644043,0.0
134.1070934951935,0.21907806396484375,0.22151732444763184,0.22151732444763184,0.0,-2.2017226219177246,-2.2017226219177246,0.0
134.20509765215837,0.21988677978515625,0.22233366966247559,0.22233366966247559,0.0,-2.200906276702881,-2.200906276702881,0.0
134.3031207925573,0.22069549560546875,0.22315549850463867,0.22315549850463867,0.0,-2.2000844478607178,-2.2000844478607178,0.0
134.40115215833416,0.22150421142578125,0.22397756576538086,0.22397756576538086,0.0,-2.1992623805999756,-2.1992623805999756,0.0
134.49919778152554,0.222320556640625,0.22480130195617676,0.22480130195617676,0.0,-2.1984386444091797,-2.1984386444091797,0.0
134.59726085076207,0.2231292724609375,0.22562599182128906,0.22562599182128906,0.0,-2.1976139545440674,-2.1976139545440674,0.0
134.6953412820016,0.22394561767578125,0.22645211219787598,0.22645211219787598,0.0,-2.1967878341674805,-2.1967878341674805,0.0
134.7934307494724,0.22476959228515625,0.2272806167602539,0.2272806167602539,0.0,-2.1959593296051025,-2.1959593296051025,0.0
134.89153845657282,0.2255859375,0.22811031341552734,0.22811031341552734,0.0,-2.195129632949829,-2.195129632949829,0.0
134.98965833400078,0.22640228271484375,0.2289421558380127,0.2289421558380127,0.0,-2.1942977905273438,-2.1942977905273438,0.0
135.0877937648146,0.22722625732421875,0.22977566719055176,0.22977566719055176,0.0,-2.1934642791748047,-2.1934642791748047,0.0
135.18594181981047,0.22805023193359375,0.23061037063598633,0.23061037063598633,0.0,-2.19262957572937,-2.19262957572937,0.0
135.28410900130214,0.22887420654296875,0.2314462661743164,0.2314462661743164,0.0,-2.19179368019104,-2.19179368019104,0.0
135.3822870809377,0.22969818115234375,0.232283353805542,0.232283353805542,0.0,-2.1909565925598145,-2.1909565925598145,0.0
135.48048064372367,0.23052978515625,0.2331225872039795,0.2331225872039795,0.0,-2.190117359161377,-2.190117359161377,0.0
135.5786886778161,0.23136138916015625,0.2339637279510498,0.2339637279510498,0.0,-2.1892762184143066,-2.1892762184143066,0.0
135.67691043919174,0.23218536376953125,0.23480534553527832,0.23480534553527832,0.0,-2.188434600830078,-2.188434600830078,0.0
135.77514614239047,0.23302459716796875,0.23564887046813965,0.23564887046813965,0.0,-2.187591075897217,-2.187591075897217,0.0
135.87339606354615,0.233856201171875,0.2364952564239502,0.2364952564239502,0.0,-2.1867446899414062,-2.1867446899414062,0.0
135.97166133089115,0.23468780517578125,0.23734235763549805,0.23734235763549805,0.0,-2.1858975887298584,-2.1858975887298584,0.0
136.06994395144164,0.23552703857421875,0.23819184303283691,0.23819184303283691,0.0,-2.1850481033325195,-2.1850481033325195,0.0
136.1682360770807,0.23636627197265625,0.23904156684875488,0.23904156684875488,0.0,-2.1841983795166016,-2.1841983795166016,0.0
136.26654387020815,0.23720550537109375,0.23989295959472656,0.23989295959472656,0.0,-2.18334698677063,-2.18334698677063,0.0
136.36486630238707,0.23804473876953125,0.24074673652648926,0.24074673652648926,0.0,-2.182493209838867,-2.182493209838867,0.0
136.46320229727638,0.2388916015625,0.24160242080688477,0.24160242080688477,0.0,-2.1816375255584717,-2.1816375255584717,0.0
136.56155122880412,0.2397308349609375,0.24245810508728027,0.24245810508728027,0.0,-2.180781841278076,-2.180781841278076,0.0
136.65991939496277,0.24057769775390625,0.2433154582977295,0.2433154582977295,0.0,-2.179924488067627,-2.179924488067627,0.0
136.75829784501008,0.241424560546875,0.24417495727539062,0.24417495727539062,0.0,-2.179064989089966,-2.179064989089966,0.0
136.85669011854773,0.24227142333984375,0.24503636360168457,0.24503636360168457,0.0,-2.178203582763672,-2.178203582763672,0.0
136.9550969812946,0.24312591552734375,0.24589920043945312,0.24589920043945312,0.0,-2.1773407459259033,-2.1773407459259033,0.0
137.05351731209421,0.2439727783203125,0.24676299095153809,0.24676299095153809,0.0,-2.1764769554138184,-2.1764769554138184,0.0
137.15195548046879,0.2448272705078125,0.24762845039367676,0.24762845039367676,0.0,-2.1756114959716797,-2.1756114959716797,0.0
137.2504017969511,0.2456817626953125,0.24849581718444824,0.24849581718444824,0.0,-2.174744129180908,-2.174744129180908,0.0
137.34886683126632,0.2465362548828125,0.24936413764953613,0.24936413764953613,0.0,-2.1738758087158203,-2.1738758087158203,0.0
137.44734631156734,0.24739837646484375,0.25023388862609863,0.25023388862609863,0.0,-2.173006057739258,-2.173006057739258,0.0
137.5458348963581,0.24825286865234375,0.25110602378845215,0.25110602378845215,0.0,-2.1721339225769043,-2.1721339225769043,0.0
137.64433964410625,0.249114990234375,0.25197911262512207,0.25197911262512207,0.0,-2.1712608337402344,-2.1712608337402344,0.0
137.74285989714534,0.24997711181640625,0.2528531551361084,0.2528531551361084,0.0,-2.170386791229248,-2.170386791229248,0.0
137.84139331071964,0.2508392333984375,0.25373005867004395,0.25373005867004395,0.0,-2.1695098876953125,-2.1695098876953125,0.0
137.93994017803783,0.251708984375,0.2546079158782959,0.2546079158782959,0.0,-2.1686320304870605,-2.1686320304870605,0.0
138.03850332281095,0.25257110595703125,0.25548624992370605,0.25548624992370605,0.0,-2.1677536964416504,-2.1677536964416504,0.0
138.13707732538822,0.25344085693359375,0.2563669681549072,0.2563669681549072,0.0,-2.166872978210449,-2.166872978210449,0.0
138.23566541168145,0.25431060791015625,0.2572498321533203,0.2572498321533203,0.0,-2.165990114212036,-2.165990114212036,0.0
138.33426756230384,0.25518035888671875,0.2581329345703125,0.2581329345703125,0.0,-2.165107011795044,-2.165107011795044,0.0
138.43288411409813,0.25605010986328125,0.2590186595916748,0.2590186595916748,0.0,-2.1642212867736816,-2.1642212867736816,0.0
138.5315122815036,0.256927490234375,0.2599055767059326,0.2599055767059326,0.0,-2.163334369659424,-2.163334369659424,0.0
138.63015775960218,0.25780487060546875,0.26079297065734863,0.26079297065734863,0.0,-2.162446975708008,-2.162446975708008,0.0
138.7288165410378,0.2586822509765625,0.26168370246887207,0.26168370246887207,0.0,-2.1615562438964844,-2.1615562438964844,0.0
138.82748703795443,0.25955963134765625,0.2625744342803955,0.2625744342803955,0.0,-2.160665512084961,-2.160665512084961,0.0
138.92617276082817,0.26043701171875,0.26346755027770996,0.26346755027770996,0.0,-2.1597723960876465,-2.1597723960876465,0.0
139.02487149716129,0.261322021484375,0.264362096786499,0.264362096786499,0.0,-2.1588778495788574,-2.1588778495788574,0.0
139.1235834787805,0.26219940185546875,0.2652580738067627,0.2652580738067627,0.0,-2.1579818725585938,-2.1579818725585938,0.0
139.22230899538886,0.26308441162109375,0.266155481338501,0.266155481338501,0.0,-2.1570844650268555,-2.1570844650268555,0.0
139.32104724639464,0.26396942138671875,0.2670552730560303,0.2670552730560303,0.0,-2.156184673309326,-2.156184673309326,0.0
139.4198027870614,0.26485443115234375,0.2679555416107178,0.2679555416107178,0.0,-2.1552844047546387,-2.1552844047546387,0.0
139.51856858618098,0.2657470703125,0.2688584327697754,0.2688584327697754,0.0,-2.154381513595581,-2.154381513595581,0.0
139.61734637312856,0.26663970947265625,0.2697620391845703,0.2697620391845703,0.0,-2.153477907180786,-2.153477907180786,0.0
139.7161407475317,0.2675323486328125,0.27066588401794434,0.27066588401794434,0.0,-2.152574062347412,-2.152574062347412,0.0
139.81495033550047,0.26842498779296875,0.2715747356414795,0.2715747356414795,0.0,-2.151665210723877,-2.151665210723877,0.0
139.91376827274988,0.269317626953125,0.27248263359069824,0.27248263359069824,0.0,-2.150757312774658,-2.150757312774658,0.0
140.01260147133334,0.27021026611328125,0.2733938694000244,0.2733938694000244,0.0,-2.149846076965332,-2.149846076965332,0.0
140.11144720309804,0.27111053466796875,0.2743055820465088,0.2743055820465088,0.0,-2.1489343643188477,-2.1489343643188477,0.0
140.21030921116522,0.27201080322265625,0.2752194404602051,0.2752194404602051,0.0,-2.1480205059051514,-2.1480205059051514,0.0
140.30918224499095,0.27291107177734375,0.2761342525482178,0.2761342525482178,0.0,-2.1471056938171387,-2.1471056938171387,0.0
140.4080696336476,0.27381134033203125,0.2770504951477051,0.2770504951477051,0.0,-2.1461894512176514,-2.1461894512176514,0.0
140.5069724040398,0.27471923828125,0.277968168258667,0.277968168258667,0.0,-2.1452717781066895,-2.1452717781066895,0.0
140.60588307320637,0.2756195068359375,0.2788887023925781,0.2788887023925781,0.0,-2.1443512439727783,-2.1443512439727783,0.0
140.70481253502808,0.27652740478515625,0.27980923652648926,0.27980923652648926,0.0,-2.143430709838867,-2.143430709838867,0.0
140.8037503361658,0.277435302734375,0.2807309627532959,0.2807309627532959,0.0,-2.1425089836120605,-2.1425089836120605,0.0
140.90270581283923,0.27834320068359375,0.28165650367736816,0.28165650367736816,0.0,-2.1415834426879883,-2.1415834426879883,0.0
141.00167219626556,0.2792510986328125,0.2825815677642822,0.2825815677642822,0.0,-2.140658378601074,-2.140658378601074,0.0
141.10065097958218,0.2801666259765625,0.2835114002227783,0.2835114002227783,0.0,-2.139728546142578,-2.139728546142578,0.0
141.19964608501638,0.2810821533203125,0.2844395637512207,0.2844395637512207,0.0,-2.1388003826141357,-2.1388003826141357,0.0
141.29865081227555,0.2819976806640625,0.2853701114654541,0.2853701114654541,0.0,-2.1378698348999023,-2.1378698348999023,0.0
141.39767092527248,0.2829132080078125,0.2863028049468994,0.2863028049468994,0.0,-2.136937141418457,-2.136937141418457,0.0
141.49670015267088,0.2838287353515625,0.28723621368408203,0.28723621368408203,0.0,-2.1360037326812744,-2.1360037326812744,0.0
141.595745777019,0.28475189208984375,0.28817200660705566,0.28817200660705566,0.0,-2.135067939758301,-2.135067939758301,0.0
141.69480345567345,0.285675048828125,0.2891082763671875,0.2891082763671875,0.0,-2.134131669998169,-2.134131669998169,0.0
141.79387490567518,0.28659820556640625,0.29004693031311035,0.29004693031311035,0.0,-2.133193016052246,-2.133193016052246,0.0
141.8929594140827,0.2875213623046875,0.2909867763519287,0.2909867763519287,0.0,-2.1322531700134277,-2.1322531700134277,0.0
141.99205795972983,0.28844451904296875,0.2919290065765381,0.2919290065765381,0.0,-2.1313109397888184,-2.1313109397888184,0.0
142.09116617847633,0.28937530517578125,0.29287028312683105,0.29287028312683105,0.0,-2.1303696632385254,-2.1303696632385254,0.0
142.19028888032867,0.2902984619140625,0.29381537437438965,0.29381537437438965,0.0,-2.129424571990967,-2.129424571990967,0.0
142.2894238072437,0.291229248046875,0.29476094245910645,0.29476094245910645,0.0,-2.12847900390625,-2.12847900390625,0.0
142.3885753671235,0.2921600341796875,0.29570794105529785,0.29570794105529785,0.0,-2.1275320053100586,-2.1275320053100586,0.0
142.48773576607468,0.29309844970703125,0.2966578006744385,0.2966578006744385,0.0,-2.126582145690918,-2.126582145690918,0.0
142.58690810020272,0.29402923583984375,0.297607421875,0.297607421875,0.0,-2.1256325244903564,-2.1256325244903564,0.0
142.6860952138767,0.2949676513671875,0.29855871200561523,0.29855871200561523,0.0,-2.124681234359741,-2.124681234359741,0.0
142.785295277255,0.29590606689453125,0.2995107173919678,0.2995107173919678,0.0,-2.1237292289733887,-2.1237292289733887,0.0
142.88450736014224,0.296844482421875,0.3004646301269531,0.3004646301269531,0.0,-2.1227753162384033,-2.1227753162384033,0.0
142.98373321476598,0.29778289794921875,0.3014228343963623,0.3014228343963623,0.0,-2.121817111968994,-2.121817111968994,0.0
143.08297000486604,0.29872894287109375,0.30237913131713867,0.30237913131713867,0.0,-2.1208608150482178,-2.1208608150482178,0.0
143.1822204326211,0.2996673583984375,0.30333852767944336,0.30333852767944336,0.0,-2.119901418685913,-2.119901418685913,0.0
143.2814834494881,0.3006134033203125,0.30429816246032715,0.30429816246032715,0.0,-2.1189417839050293,-2.1189417839050293,0.0
143.38075758382882,0.3015594482421875,0.30525898933410645,0.30525898933410645,0.0,-2.11798095703125,-2.11798095703125,0.0
143.4800448534799,0.30251312255859375,0.30622243881225586,0.30622243881225586,0.0,-2.1170175075531006,-2.1170175075531006,0.0
143.57934847536558,0.30345916748046875,0.3071863651275635,0.3071863651275635,0.0,-2.116053581237793,-2.116053581237793,0.0
143.6786601857652,0.304412841796875,0.3081517219543457,0.3081517219543457,0.0,-2.1150882244110107,-2.1150882244110107,0.0
143.77798451793086,0.30536651611328125,0.30911898612976074,0.30911898612976074,0.0,-2.1141209602355957,-2.1141209602355957,0.0
143.8773230769062,0.3063201904296875,0.3100872039794922,0.3100872039794922,0.0,-2.1131527423858643,-2.1131527423858643,0.0
143.97667374397884,0.30727386474609375,0.31105732917785645,0.31105732917785645,0.0,-2.1121826171875,-2.1121826171875,0.0
144.0760351471915,0.3082275390625,0.3120279312133789,0.3120279312133789,0.0,-2.1112120151519775,-2.1112120151519775,0.0
144.17541163061355,0.3091888427734375,0.3129994869232178,0.3129994869232178,0.0,-2.1102404594421387,-2.1102404594421387,0.0
144.27479811765923,0.310150146484375,0.31397366523742676,0.31397366523742676,0.0,-2.1092662811279297,-2.1092662811279297,0.0
144.37419934731815,0.3111114501953125,0.31494832038879395,0.31494832038879395,0.0,-2.1082916259765625,-2.1082916259765625,0.0
144.47360867944641,0.31207275390625,0.31592392921447754,0.31592392921447754,0.0,-2.107316017150879,-2.107316017150879,0.0
144.57303355502637,0.3130340576171875,0.31690216064453125,0.31690216064453125,0.0,-2.106337785720825,-2.106337785720825,0.0
144.67247147627717,0.31400299072265625,0.31788110733032227,0.31788110733032227,0.0,-2.105358839035034,-2.105358839035034,0.0
144.77191910486644,0.314971923828125,0.3188624382019043,0.3188624382019043,0.0,-2.104377508163452,-2.104377508163452,0.0
144.87138044766795,0.31594085693359375,0.31984376907348633,0.31984376907348633,0.0,-2.10339617729187,-2.10339617729187,0.0
144.97085312210203,0.3169097900390625,0.32082629203796387,0.32082629203796387,0.0,-2.1024136543273926,-2.1024136543273926,0.0
145.07033852847638,0.31787872314453125,0.3218104839324951,0.3218104839324951,0.0,-2.1014294624328613,-2.1014294624328613,0.0
145.1698345209738,0.31885528564453125,0.3227970600128174,0.3227970600128174,0.0,-2.100442886352539,-2.100442886352539,0.0
145.26934545433767,0.31982421875,0.32378435134887695,0.32378435134887695,0.0,-2.0994555950164795,-2.0994555950164795,0.0
145.36886646818556,0.32080078125,0.32477259635925293,0.32477259635925293,0.0,-2.0984673500061035,-2.0984673500061035,0.0
145.46839897476963,0.32178497314453125,0.3257622718811035,0.3257622718811035,0.0,-2.097477674484253,-2.097477674484253,0.0
145.5679450484153,0.32276153564453125,0.3267533779144287,0.3267533779144287,0.0,-2.0964865684509277,-2.0964865684509277,0.0
145.6675024577312,0.32373809814453125,0.3277461528778076,0.3277461528778076,0.0,-2.095493793487549,-2.095493793487549,0.0
145.7670714272758,0.3247222900390625,0.32873988151550293,0.32873988151550293,0.0,-2.0945000648498535,-2.0945000648498535,0.0
145.86665306546604,0.32570648193359375,0.32973408699035645,0.32973408699035645,0.0,-2.093505859375,-2.093505859375,0.0
145.96624497246532,0.326690673828125,0.3307313919067383,0.3307313919067383,0.0,-2.092508554458618,-2.092508554458618,0.0
146.0658493816069,0.32767486572265625,0.3317296504974365,0.3317296504974365,0.0,-2.09151029586792,-2.09151029586792,0.0
146.16546717404552,0.32866668701171875,0.33272838592529297,0.33272838592529297,0.0,-2.0905115604400635,-2.0905115604400635,0.0
146.26509488929318,0.32965850830078125,0.3337287902832031,0.3337287902832031,0.0,-2.0895111560821533,-2.0895111560821533,0.0
146.3647346322077,0.33065032958984375,0.3347301483154297,0.3347301483154297,0.0,-2.0885097980499268,-2.0885097980499268,0.0
146.46438806668823,0.33164215087890625,0.33573198318481445,0.33573198318481445,0.0,-2.087507963180542,-2.087507963180542,0.0
146.56405123287217,0.33263397216796875,0.33673763275146484,0.33673763275146484,0.0,-2.0865023136138916,-2.0865023136138916,0.0
146.6637258806457,0.33362579345703125,0.33774375915527344,0.33774375915527344,0.0,-2.085496187210083,-2.085496187210083,0.0
146.76341343063066,0.334625244140625,0.33874940872192383,0.33874940872192383,0.0,-2.0844905376434326,-2.0844905376434326,0.0
146.86311303794432,0.33562469482421875,0.33975768089294434,0.33975768089294434,0.0,-2.083482265472412,-2.083482265472412,0.0
146.96282395368868,0.3366241455078125,0.34076714515686035,0.34076714515686035,0.0,-2.082472801208496,-2.082472801208496,0.0
147.06254305452933,0.33762359619140625,0.341778039932251,0.341778039932251,0.0,-2.0814619064331055,-2.0814619064331055,0.0
147.16227794670652,0.33863067626953125,0.342789888381958,0.342789888381958,0.0,-2.0804500579833984,-2.0804500579833984,0.0
147.26202373919614,0.339630126953125,0.34380269050598145,0.34380269050598145,0.0,-2.079437255859375,-2.079437255859375,0.0
147.36177992381334,0.34063720703125,0.3448178768157959,0.3448178768157959,0.0,-2.0784220695495605,-2.0784220695495605,0.0
147.46154811572174,0.341644287109375,0.34583401679992676,0.34583401679992676,0.0,-2.0774059295654297,-2.0774059295654297,0.0
147.56132637321772,0.3426513671875,0.3468501567840576,0.3468501567840576,0.0,-2.076389789581299,-2.076389789581299,0.0
147.66111855412706,0.34366607666015625,0.3478693962097168,0.3478693962097168,0.0,-2.0753705501556396,-2.0753705501556396,0.0
147.7609192506664,0.34467315673828125,0.3488895893096924,0.3488895893096924,0.0,-2.074350357055664,-2.074350357055664,0.0
147.86073342435637,0.3456878662109375,0.3499104976654053,0.3499104976654053,0.0,-2.073329448699951,-2.073329448699951,0.0
147.960558386842,0.34670257568359375,0.35093235969543457,0.35093235969543457,0.0,-2.072307586669922,-2.072307586669922,0.0
148.06039327670103,0.34771728515625,0.3519566059112549,0.3519566059112549,0.0,-2.0712833404541016,-2.0712833404541016,0.0
148.16024106962905,0.3487396240234375,0.3529813289642334,0.3529813289642334,0.0,-2.070258617401123,-2.070258617401123,0.0
148.2601009260098,0.34975433349609375,0.3540070056915283,0.3540070056915283,0.0,-2.069232940673828,-2.069232940673828,0.0
148.35996940618404,0.35077667236328125,0.35503649711608887,0.35503649711608887,0.0,-2.0682034492492676,-2.0682034492492676,0.0
148.45984960590246,0.35179901123046875,0.3560667037963867,0.3560667037963867,0.0,-2.0671732425689697,-2.0671732425689697,0.0
148.55974231306232,0.35282135009765625,0.35709691047668457,0.35709691047668457,0.0,-2.066143035888672,-2.066143035888672,0.0
148.6596461649439,0.353851318359375,0.35812854766845703,0.35812854766845703,0.0,-2.0651113986968994,-2.0651113986968994,0.0
148.75956042203234,0.3548736572265625,0.3591623306274414,0.3591623306274414,0.0,-2.064077615737915,-2.064077615737915,0.0
148.8594866372771,0.35590362548828125,0.3601973056793213,0.3601973056793213,0.0,-2.063042640686035,-2.063042640686035,0.0
148.95942248916234,0.35693359375,0.3612339496612549,0.3612339496612549,0.0,-2.0620059967041016,-2.0620059967041016,0.0
149.05936940995358,0.35796356201171875,0.3622725009918213,0.3622725009918213,0.0,-2.060967445373535,-2.060967445373535,0.0
149.1593289271825,0.3589935302734375,0.3633120059967041,0.3633120059967041,0.0,-2.0599279403686523,-2.0599279403686523,0.0
149.25929652583653,0.3600311279296875,0.36435389518737793,0.36435389518737793,0.0,-2.0588860511779785,-2.0588860511779785,0.0
149.3592784212744,0.3610687255859375,0.36539673805236816,0.36539673805236816,0.0,-2.0578432083129883,-2.0578432083129883,0.0
149.45926945792115,0.3621063232421875,0.3664402961730957,0.3664402961730957,0.0,-2.0567996501922607,-2.0567996501922607,0.0
149.55927113333846,0.3631439208984375,0.36748671531677246,0.36748671531677246,0.0,-2.055753231048584,-2.055753231048584,0.0
149.65928399352603,0.3641815185546875,0.3685324192047119,0.3685324192047119,0.0,-2.0547075271606445,-2.0547075271606445,0.0
149.7593060545663,0.3652191162109375,0.3695826530456543,0.3695826530456543,0.0,-2.053657293319702,-2.053657293319702,0.0
149.85934003314443,0.36626434326171875,0.3706333637237549,0.3706333637237549,0.0,-2.0526065826416016,-2.0526065826416016,0.0
149.95938582827972,0.3673095703125,0.3716864585876465,0.3716864585876465,0.0,-2.05155348777771,-2.05155348777771,0.0
150.05944025941628,0.36835479736328125,0.3727400302886963,0.3727400302886963,0.0,-2.05049991607666,-2.05049991607666,0.0
150.15950786973096,0.3694000244140625,0.3737955093383789,0.3737955093383789,0.0,-2.0494444370269775,-2.0494444370269775,0.0
150.2595848409037,0.370452880859375,0.37485289573669434,0.37485289573669434,0.0,-2.048387050628662,-2.048387050628662,0.0
150.35967294855288,0.37149810791015625,0.3759119510650635,0.3759119510650635,0.0,-2.047327995300293,-2.047327995300293,0.0
150.45976996182176,0.37255096435546875,0.3769724369049072,0.3769724369049072,0.0,-2.046267509460449,-2.046267509460449,0.0
150.55988005863358,0.37360382080078125,0.3780331611633301,0.3780331611633301,0.0,-2.0452067852020264,-2.0452067852020264,0.0
150.6599995049386,0.374664306640625,0.37909936904907227,0.37909936904907227,0.0,-2.044140577316284,-2.044140577316284,0.0
150.76012909304325,0.3757171630859375,0.38016533851623535,0.38016533851623535,0.0,-2.043074607849121,-2.043074607849121,0.0
150.86026871165362,0.37677764892578125,0.38123321533203125,0.38123321533203125,0.0,-2.042006731033325,-2.042006731033325,0.0
150.96041827090133,0.37783050537109375,0.38230180740356445,0.38230180740356445,0.0,-2.040938138961792,-2.040938138961792,0.0
151.06058079011206,0.3788909912109375,0.38337254524230957,0.38337254524230957,0.0,-2.039867401123047,-2.039867401123047,0.0
151.16075159360585,0.3799591064453125,0.384446382522583,0.384446382522583,0.0,-2.0387935638427734,-2.0387935638427734,0.0
151.26093421285069,0.38101959228515625,0.38551974296569824,0.38551974296569824,0.0,-2.037720203399658,-2.037720203399658,0.0
151.36112734042146,0.38208770751953125,0.3865971565246582,0.3865971565246582,0.0,-2.0366427898406982,-2.0366427898406982,0.0
151.46132812508327,0.383148193359375,0.38767528533935547,0.38767528533935547,0.0,-2.035564661026001,-2.035564661026001,0.0
151.5615401476562,0.38421630859375,0.38875508308410645,0.38875508308410645,0.0,-2.03448486328125,-2.03448486328125,0.0
151.66176454409077,0.38529205322265625,0.38983631134033203,0.38983631134033203,0.0,-2.0334036350250244,-2.0334036350250244,0.0
151.76199695911217,0.38636016845703125,0.39091992378234863,0.39091992378234863,0.0,-2.032320022583008,-2.032320022583008,0.0
151.86223999560667,0.3874359130859375,0.39200520515441895,0.39200520515441895,0.0,-2.0312347412109375,-2.0312347412109375,0.0
151.96249367628863,0.3885040283203125,0.39309167861938477,0.39309167861938477,0.0,-2.0301482677459717,-2.0301482677459717,0.0
152.06275777742255,0.38957977294921875,0.3941805362701416,0.3941805362701416,0.0,-2.029059410095215,-2.029059410095215,0.0
152.16303141090327,0.390655517578125,0.39527130126953125,0.39527130126953125,0.0,-2.027968645095825,-2.027968645095825,0.0
152.26331428143348,0.3917388916015625,0.3963642120361328,0.3963642120361328,0.0,-2.0268757343292236,-2.0268757343292236,0.0
152.3636090223482,0.39281463623046875,0.3974573612213135,0.3974573612213135,0.0,-2.025782585144043,-2.025782585144043,0.0
152.46391107650751,0.39389801025390625,0.39855360984802246,0.39855360984802246,0.0,-2.024686336517334,-2.024686336517334,0.0
152.5642239867821,0.39498138427734375,0.39965128898620605,0.39965128898620605,0.0,-2.0235886573791504,-2.0235886573791504,0.0
152.66454796010873,0.39606475830078125,0.40074896812438965,0.40074896812438965,0.0,-2.022490978240967,-2.022490978240967,0.0
152.76488136820868,0.39714813232421875,0.40185093879699707,0.40185093879699707,0.0,-2.0213890075683594,-2.0213890075683594,0.0
152.86522373129688,0.3982391357421875,0.4029538631439209,0.4029538631439209,0.0,-2.0202860832214355,-2.0202860832214355,0.0
152.965576114464,0.39933013916015625,0.40405774116516113,0.40405774116516113,0.0,-2.0191822052001953,-2.0191822052001953,0.0
153.06594006162493,0.400421142578125,0.405165433883667,0.405165433883667,0.0,-2.0180745124816895,-2.0180745124816895,0.0
153.16631382535738,0.40151214599609375,0.40627288818359375,0.40627288818359375,0.0,-2.0169670581817627,-2.0169670581817627,0.0
153.26669340979754,0.4026031494140625,0.4073822498321533,0.4073822498321533,0.0,-2.015857696533203,-2.015857696533203,0.0
153.36708622203463,0.40369415283203125,0.4084928035736084,0.4084928035736084,0.0,-2.014747142791748,-2.014747142791748,0.0
153.46748812290707,0.40479278564453125,0.4096057415008545,0.4096057415008545,0.0,-2.013634204864502,-2.013634204864502,0.0
153.5678978898208,0.40589141845703125,0.410719633102417,0.410719633102417,0.0,-2.0125203132629395,-2.0125203132629395,0.0
153.66831985354347,0.40699005126953125,0.4118344783782959,0.4118344783782959,0.0,-2.0114054679870605,-2.0114054679870605,0.0
153.76874966065282,0.40808868408203125,0.41295337677001953,0.41295337677001953,0.0,-2.010286569595337,-2.010286569595337,0.0
153.86918962124037,0.4091949462890625,0.41407251358032227,0.41407251358032227,0.0,-2.009167432785034,-2.009167432785034,0.0
153.96963976728597,0.4102935791015625,0.4151933193206787,0.4151933193206787,0.0,-2.0080466270446777,-2.0080466270446777,0.0
154.07009724094246,0.41139984130859375,0.41631555557250977,0.41631555557250977,0.0,-2.0069243907928467,-2.0069243907928467,0.0
154.17056475905292,0.412506103515625,0.4174387454986572,0.4174387454986572,0.0,-2.005801200866699,-2.005801200866699,0.0
154.27104385608382,0.41361236572265625,0.4185636043548584,0.4185636043548584,0.0,-2.004676342010498,-2.004676342010498,0.0
154.3715295575486,0.41472625732421875,0.4196898937225342,0.4196898937225342,0.0,-2.0035500526428223,-2.0035500526428223,0.0
154.4720256608421,0.41583251953125,0.42081665992736816,0.42081665992736816,0.0,-2.0024232864379883,-2.0024232864379883,0.0
154.5725307375293,0.4169464111328125,0.42194676399230957,0.42194676399230957,0.0,-2.001293182373047,-2.001293182373047,0.0
154.67304478577717,0.418060302734375,0.4230778217315674,0.4230778217315674,0.0,-2.000162124633789,-2.000162124633789,0.0
154.7735716813842,0.4191741943359375,0.4242088794708252,0.4242088794708252,0.0,-1.9990310668945312,-1.9990310668945312,0.0
154.87410381223287,0.42029571533203125,0.4253416061401367,0.4253416061401367,0.0,-1.9978983402252197,-1.9978983402252197,0.0
154.97464451596727,0.42140960693359375,0.42647647857666016,0.42647647857666016,0.0,-1.9967634677886963,-1.9967634677886963,0.0
155.07519649608244,0.4225311279296875,0.4276115894317627,0.4276115894317627,0.0,-1.9956283569335938,-1.9956283569335938,0.0
155.17575722474822,0.42365264892578125,0.42874860763549805,0.42874860763549805,0.0,-1.9944913387298584,-1.9944913387298584,0.0
155.27632589191305,0.424774169921875,0.42988693714141846,0.42988693714141846,0.0,-1.993353009223938,-1.993353009223938,0.0
155.37690530009573,0.4259033203125,0.43102574348449707,0.43102574348449707,0.0,-1.9922142028808594,-1.9922142028808594,0.0
155.4774933254596,0.42702484130859375,0.4321666955947876,0.4321666955947876,0.0,-1.9910732507705688,-1.9910732507705688,0.0
155.57809059126998,0.42815399169921875,0.4333087205886841,0.4333087205886841,0.0,-1.9899312257766724,-1.9899312257766724,0.0
155.67869729743066,0.42928314208984375,0.4344496726989746,0.4344496726989746,0.0,-1.9887902736663818,-1.9887902736663818,0.0
155.7793101856197,0.43041229248046875,0.4355959892272949,0.4355959892272949,0.0,-1.9876439571380615,-1.9876439571380615,0.0
155.87993359573258,0.43154144287109375,0.4367421865463257,0.4367421865463257,0.0,-1.9864977598190308,-1.9864977598190308,0.0
155.98056603830992,0.43267822265625,0.43788909912109375,0.43788909912109375,0.0,-1.9853508472442627,-1.9853508472442627,0.0
156.08120621755003,0.433807373046875,0.4390373229980469,0.4390373229980469,0.0,-1.9842026233673096,-1.9842026233673096,0.0
156.18185755830604,0.43494415283203125,0.4401881694793701,0.4401881694793701,0.0,-1.9830517768859863,-1.9830517768859863,0.0
156.28251486975796,0.43608856201171875,0.4413400888442993,0.4413400888442993,0.0,-1.9818998575210571,-1.9818998575210571,0.0
156.38318312129744,0.437225341796875,0.44249260425567627,0.44249260425567627,0.0,-1.9807473421096802,-1.9807473421096802,0.0
156.48385933328345,0.43836212158203125,0.4436471462249756,0.4436471462249756,0.0,-1.9795928001403809,-1.9795928001403809,0.0
156.58454454543266,0.43950653076171875,0.4448033571243286,0.4448033571243286,0.0,-1.9784365892410278,-1.9784365892410278,0.0
156.68523725101582,0.44065093994140625,0.4459599256515503,0.4459599256515503,0.0,-1.9772800207138062,-1.9772800207138062,0.0
156.78593782415786,0.44179534912109375,0.4471184015274048,0.4471184015274048,0.0,-1.9761215448379517,-1.9761215448379517,0.0
156.88664894447064,0.44293975830078125,0.44828033447265625,0.44828033447265625,0.0,-1.9749596118927002,-1.9749596118927002,0.0
156.98736870195157,0.444091796875,0.4494439363479614,0.4494439363479614,0.0,-1.973796010017395,-1.973796010017395,0.0
157.0880960677682,0.4452362060546875,0.45060622692108154,0.45060622692108154,0.0,-1.972633719444275,-1.972633719444275,0.0
157.188830946321,0.44638824462890625,0.4517723321914673,0.4517723321914673,0.0,-1.9714676141738892,-1.9714676141738892,0.0
157.28957463112354,0.447540283203125,0.45294177532196045,0.45294177532196045,0.0,-1.970298171043396,-1.970298171043396,0.0
157.39032769259194,0.44869232177734375,0.45411086082458496,0.45411086082458496,0.0,-1.9691290855407715,-1.9691290855407715,0.0
157.4910880200865,0.44985198974609375,0.4552805423736572,0.4552805423736572,0.0,-1.9679594039916992,-1.9679594039916992,0.0
157.59185846559188,0.4510040283203125,0.4564553499221802,0.4564553499221802,0.0,-1.9667845964431763,-1.9667845964431763,0.0
157.69263488019928,0.4521636962890625,0.4576301574707031,0.4576301574707031,0.0,-1.9656097888946533,-1.9656097888946533,0.0
157.7934215117935,0.4533233642578125,0.45880794525146484,0.45880794525146484,0.0,-1.9644320011138916,-1.9644320011138916,0.0
157.89421267328063,0.4544830322265625,0.45998919010162354,0.45998919010162354,0.0,-1.963250756263733,-1.963250756263733,0.0
157.99501668760215,0.45565032958984375,0.4611715078353882,0.4611715078353882,0.0,-1.9620684385299683,-1.9620684385299683,0.0
158.09582508417122,0.45680999755859375,0.4623556137084961,0.4623556137084961,0.0,-1.9608843326568604,-1.9608843326568604,0.0
158.196643160358,0.457977294921875,0.46354174613952637,0.46354174613952637,0.0,-1.95969820022583,-1.95969820022583,0.0
158.29747184304819,0.45914459228515625,0.4647277593612671,0.4647277593612671,0.0,-1.9585121870040894,-1.9585121870040894,0.0
158.39830484509412,0.4603118896484375,0.46591687202453613,0.46591687202453613,0.0,-1.9573230743408203,-1.9573230743408203,0.0
158.49914910259554,0.46148681640625,0.46710896492004395,0.46710896492004395,0.0,-1.9561309814453125,-1.9561309814453125,0.0
158.59999812451775,0.46265411376953125,0.46830177307128906,0.46830177307128906,0.0,-1.9549381732940674,-1.9549381732940674,0.0
158.7008568334142,0.46382904052734375,0.4694955348968506,0.4694955348968506,0.0,-1.9537444114685059,-1.9537444114685059,0.0
158.80172273807736,0.46500396728515625,0.47069239616394043,0.47069239616394043,0.0,-1.952547550201416,-1.952547550201416,0.0
158.90259653440702,0.46617889404296875,0.47188901901245117,0.47188901901245117,0.0,-1.9513509273529053,-1.9513509273529053,0.0
159.00347819498046,0.46735382080078125,0.47308945655822754,0.47308945655822754,0.0,-1.950150489807129,-1.950150489807129,0.0
159.10436882510342,0.468536376953125,0.47429120540618896,0.47429120540618896,0.0,-1.9489487409591675,-1.9489487409591675,0.0
159.2052664348574,0.46971893310546875,0.47549426555633545,0.47549426555633545,0.0,-1.947745680809021,-1.947745680809021,0.0
159.30617079024753,0.4709014892578125,0.4766983985900879,0.4766983985900879,0.0,-1.9465415477752686,-1.9465415477752686,0.0
159.40708254881693,0.47208404541015625,0.4779043197631836,0.4779043197631836,0.0,-1.9453356266021729,-1.9453356266021729,0.0
159.50800413694932,0.4732666015625,0.47911155223846436,0.47911155223846436,0.0,-1.944128394126892,-1.944128394126892,0.0
159.6089322238445,0.47444915771484375,0.48032093048095703,0.48032093048095703,0.0,-1.9429190158843994,-1.9429190158843994,0.0
159.70986901992504,0.47563934326171875,0.48153162002563477,0.48153162002563477,0.0,-1.9417083263397217,-1.9417083263397217,0.0
159.8108122860003,0.47682952880859375,0.4827418327331543,0.4827418327331543,0.0,-1.9404981136322021,-1.9404981136322021,0.0
159.91176274719493,0.47801971435546875,0.48395657539367676,0.48395657539367676,0.0,-1.9392833709716797,-1.9392833709716797,0.0
160.01272077691434,0.47920989990234375,0.48517143726348877,0.48517143726348877,0.0,-1.9380685091018677,-1.9380685091018677,0.0
160.11368637369392,0.48040771484375,0.4863872528076172,0.4863872528076172,0.0,-1.9368526935577393,-1.9368526935577393,0.0
160.21465908078724,0.481597900390625,0.48760390281677246,0.48760390281677246,0.0,-1.935636043548584,-1.935636043548584,0.0
160.3156387380791,0.48279571533203125,0.4888213872909546,0.4888213872909546,0.0,-1.9344185590744019,-1.9344185590744019,0.0
160.41662614431226,0.4839935302734375,0.49004244804382324,0.49004244804382324,0.0,-1.9331974983215332,-1.9331974983215332,0.0
160.51762197045093,0.485198974609375,0.49126386642456055,0.49126386642456055,0.0,-1.931976079940796,-1.931976079940796,0.0
160.61862452983686,0.48639678955078125,0.4924856424331665,0.4924856424331665,0.0,-1.93075430393219,-1.93075430393219,0.0
160.71963413732234,0.48760223388671875,0.49370908737182617,0.49370908737182617,0.0,-1.9295308589935303,-1.9295308589935303,0.0
160.8206507954517,0.488800048828125,0.4949307441711426,0.4949307441711426,0.0,-1.9283092021942139,-1.9283092021942139,0.0
160.9216760542098,0.4900054931640625,0.49615752696990967,0.49615752696990967,0.0,-1.9270824193954468,-1.9270824193954468,0.0
161.02270710739936,0.49121856689453125,0.4973820447921753,0.4973820447921753,0.0,-1.9258579015731812,-1.9258579015731812,0.0
161.12374350623608,0.49242401123046875,0.49861061573028564,0.49861061573028564,0.0,-1.9246293306350708,-1.9246293306350708,0.0
161.22478848101971,0.4936370849609375,0.49983882904052734,0.49983882904052734,0.0,-1.923401117324829,-1.923401117324829,0.0
161.32584224125492,0.494842529296875,0.5010676383972168,0.5010676383972168,0.0,-1.9221723079681396,-1.9221723079681396,0.0
161.42690065086498,0.49605560302734375,0.5022969245910645,0.5022969245910645,0.0,-1.920943021774292,-1.920943021774292,0.0
161.52796692583283,0.49727630615234375,0.5035263299942017,0.5035263299942017,0.0,-1.9197136163711548,-1.9197136163711548,0.0
161.62904097462652,0.4984893798828125,0.5047565698623657,0.5047565698623657,0.0,-1.9184833765029907,-1.9184833765029907,0.0
161.73012196736255,0.49970245361328125,0.5059893131256104,0.5059893131256104,0.0,-1.917250633239746,-1.917250633239746,0.0
161.831208281114,0.5009231567382812,0.507222056388855,0.507222056388855,0.0,-1.9160178899765015,-1.9160178899765015,0.0
161.93230215262037,0.5021438598632812,0.5084555149078369,0.5084555149078369,0.0,-1.9147844314575195,-1.9147844314575195,0.0
162.03340196763602,0.5033645629882812,0.5096884965896606,0.5096884965896606,0.0,-1.9135514497756958,-1.9135514497756958,0.0
162.13450843184236,0.5045928955078125,0.5109226703643799,0.5109226703643799,0.0,-1.9123172760009766,-1.9123172760009766,0.0
162.23562222340985,0.5058135986328125,0.5121580362319946,0.5121580362319946,0.0,-1.9110819101333618,-1.9110819101333618,0.0
162.33674261077553,0.5070419311523438,0.5133943557739258,0.5133943557739258,0.0,-1.9098455905914307,-1.9098455905914307,0.0
162.4378700687405,0.508270263671875,0.5146304368972778,0.5146304368972778,0.0,-1.9086095094680786,-1.9086095094680786,0.0
162.53900387515134,0.5094985961914062,0.5158683061599731,0.5158683061599731,0.0,-1.9073716402053833,-1.9073716402053833,0.0
162.64014406498882,0.5107269287109375,0.5171056985855103,0.5171056985855103,0.0,-1.9061342477798462,-1.9061342477798462,0.0
162.74129214175935,0.511962890625,0.518343448638916,0.518343448638916,0.0,-1.9048964977264404,-1.9048964977264404,0.0
162.8424449997935,0.5131912231445312,0.5195841789245605,0.5195841789245605,0.0,-1.903655767440796,-1.903655767440796,0.0
162.94360353607436,0.5144271850585938,0.5208239555358887,0.5208239555358887,0.0,-1.9024159908294678,-1.9024159908294678,0.0
163.04477018482973,0.5156631469726562,0.5220649242401123,0.5220649242401123,0.0,-1.9011750221252441,-1.9011750221252441,0.0
163.14594284787003,0.5168991088867188,0.5233058929443359,0.5233058929443359,0.0,-1.8999340534210205,-1.8999340534210205,0.0
163.24712165635614,0.5181427001953125,0.5245487689971924,0.5245487689971924,0.0,-1.898691177368164,-1.898691177368164,0.0
163.34830668523045,0.5193862915039062,0.5257912874221802,0.5257912874221802,0.0,-1.8974486589431763,-1.8974486589431763,0.0
163.44949867492744,0.5206222534179688,0.5270334482192993,0.5270334482192993,0.0,-1.8962064981460571,-1.8962064981460571,0.0
163.55069557740356,0.5218658447265625,0.5282797813415527,0.5282797813415527,0.0,-1.8949601650238037,-1.8949601650238037,0.0
163.65189986654352,0.5231170654296875,0.529524564743042,0.529524564743042,0.0,-1.8937153816223145,-1.8937153816223145,0.0
163.75311037556602,0.5243606567382812,0.5307703018188477,0.5307703018188477,0.0,-1.8924696445465088,-1.8924696445465088,0.0
163.85432527841428,0.5256118774414062,0.5320174694061279,0.5320174694061279,0.0,-1.8912224769592285,-1.8912224769592285,0.0
163.95554904447403,0.5268630981445312,0.5332654714584351,0.5332654714584351,0.0,-1.8899744749069214,-1.8899744749069214,0.0
164.0567772867932,0.5281143188476562,0.5345144271850586,0.5345144271850586,0.0,-1.8887255191802979,-1.8887255191802979,0.0
164.15801176144362,0.5293655395507812,0.5357637405395508,0.5357637405395508,0.0,-1.8874762058258057,-1.8874762058258057,0.0
164.2592509634895,0.5306167602539062,0.537014365196228,0.537014365196228,0.0,-1.8862255811691284,-1.8862255811691284,0.0
164.36049834882823,0.5318756103515625,0.538265585899353,0.538265585899353,0.0,-1.8849743604660034,-1.8849743604660034,0.0
164.4617495654469,0.5331268310546875,0.5395175218582153,0.5395175218582153,0.0,-1.8837224245071411,-1.8837224245071411,0.0
164.56300834743004,0.5343856811523438,0.5407713651657104,0.5407713651657104,0.0,-1.882468581199646,-1.882468581199646,0.0
164.66427169878858,0.5356521606445312,0.5420248508453369,0.5420248508453369,0.0,-1.8812150955200195,-1.8812150955200195,0.0
164.7655413623755,0.5369110107421875,0.5432802438735962,0.5432802438735962,0.0,-1.8799597024917603,-1.8799597024917603,0.0
164.8668173900876,0.538177490234375,0.5445359945297241,0.5445359945297241,0.0,-1.8787039518356323,-1.8787039518356323,0.0
164.96809783046595,0.5394363403320312,0.5457935333251953,0.5457935333251953,0.0,-1.8774464130401611,-1.8774464130401611,0.0
165.0693853462397,0.5407028198242188,0.5470499992370605,0.5470499992370605,0.0,-1.876189947128296,-1.876189947128296,0.0
165.17067781765235,0.5419692993164062,0.5483102798461914,0.5483102798461914,0.0,-1.874929666519165,-1.874929666519165,0.0
165.27197577198578,0.543243408203125,0.5495705604553223,0.5495705604553223,0.0,-1.8736693859100342,-1.8736693859100342,0.0
165.37327869939253,0.5445098876953125,0.5508320331573486,0.5508320331573486,0.0,-1.8724079132080078,-1.8724079132080078,0.0
165.47458900273085,0.5457839965820312,0.5520951747894287,0.5520951747894287,0.0,-1.8711447715759277,-1.8711447715759277,0.0
165.57590350564357,0.54705810546875,0.5533590316772461,0.5533590316772461,0.0,-1.8698809146881104,-1.8698809146881104,0.0
165.67722373825063,0.5483322143554688,0.5546227693557739,0.5546227693557739,0.0,-1.8686171770095825,-1.8686171770095825,0.0
165.77854944375326,0.5496063232421875,0.5558896064758301,0.5558896064758301,0.0,-1.8673503398895264,-1.8673503398895264,0.0
165.87988023164286,0.5508880615234375,0.5571557283401489,0.5571557283401489,0.0,-1.8660842180252075,-1.8660842180252075,0.0
165.98121631401676,0.5521621704101562,0.5584268569946289,0.5584268569946289,0.0,-1.8648130893707275,-1.8648130893707275,0.0
166.08255873819826,0.5534439086914062,0.5596979856491089,0.5596979856491089,0.0,-1.8635419607162476,-1.8635419607162476,0.0
166.1839061924344,0.5547256469726562,0.5609707832336426,0.5609707832336426,0.0,-1.8622691631317139,-1.8622691631317139,0.0
166.28525746941244,0.5560150146484375,0.5622460842132568,0.5622460842132568,0.0,-1.8609938621520996,-1.8609938621520996,0.0
166.38661420923978,0.5572967529296875,0.5635238885879517,0.5635238885879517,0.0,-1.8597160577774048,-1.8597160577774048,0.0
166.48797748814206,0.5585861206054688,0.5648013353347778,0.5648013353347778,0.0,-1.8584386110305786,-1.8584386110305786,0.0
166.58934520917248,0.55987548828125,0.5660853385925293,0.5660853385925293,0.0,-1.8571546077728271,-1.8571546077728271,0.0
166.69071768065405,0.5611572265625,0.5673700571060181,0.5673700571060181,0.0,-1.8558698892593384,-1.8558698892593384,0.0
166.79209506353558,0.5624542236328125,0.568657636642456,0.568657636642456,0.0,-1.8545823097229004,-1.8545823097229004,0.0
166.89347857420304,0.5637435913085938,0.5699466466903687,0.5699466466903687,0.0,-1.8532932996749878,-1.8532932996749878,0.0
166.9948664517038,0.5650405883789062,0.5712400674819946,0.5712400674819946,0.0,-1.8519998788833618,-1.8519998788833618,0.0
167.0962593565395,0.5663375854492188,0.5725356340408325,0.5725356340408325,0.0,-1.850704312324524,-1.850704312324524,0.0
167.19765597434696,0.5676345825195312,0.5738365650177002,0.5738365650177002,0.0,-1.8494033813476562,-1.8494033813476562,0.0
167.29905941302596,0.5689315795898438,0.5751392841339111,0.5751392841339111,0.0,-1.8481006622314453,-1.8481006622314453,0.0
167.40046698499646,0.5702285766601562,0.5764453411102295,0.5764453411102295,0.0,-1.846794605255127,-1.846794605255127,0.0
167.50187878741045,0.571533203125,0.5777555704116821,0.5777555704116821,0.0,-1.8454843759536743,-1.8454843759536743,0.0
167.60329597502246,0.5728378295898438,0.5790694952011108,0.5790694952011108,0.0,-1.8441704511642456,-1.8441704511642456,0.0
167.7047179309612,0.5741348266601562,0.5803874731063843,0.5803874731063843,0.0,-1.8428524732589722,-1.8428524732589722,0.0
167.80614352048994,0.5754470825195312,0.5817090272903442,0.5817090272903442,0.0,-1.8415309190750122,-1.8415309190750122,0.0
167.90757430424225,0.576751708984375,0.5830364227294922,0.5830364227294922,0.0,-1.8402035236358643,-1.8402035236358643,0.0
168.00901130978986,0.57806396484375,0.5843672752380371,0.5843672752380371,0.0,-1.8388726711273193,-1.8388726711273193,0.0
168.11045039396424,0.5793685913085938,0.5857021808624268,0.5857021808624268,0.0,-1.8375377655029297,-1.8375377655029297,0.0
168.21189612331247,0.5806808471679688,0.5870405435562134,0.5870405435562134,0.0,-1.836199402809143,-1.836199402809143,0.0
168.31334436737507,0.5819931030273438,0.5883873701095581,0.5883873701095581,0.0,-1.8348525762557983,-1.8348525762557983,0.0
168.41479829513716,0.58331298828125,0.5897386074066162,0.5897386074066162,0.0,-1.8335013389587402,-1.8335013389587402,0.0
168.51625660244883,0.584625244140625,0.5910935401916504,0.5910935401916504,0.0,-1.832146406173706,-1.832146406173706,0.0
168.61771888648073,0.5859451293945312,0.5924545526504517,0.5924545526504517,0.0,-1.8307853937149048,-1.8307853937149048,0.0
168.71918524853032,0.5872650146484375,0.5938222408294678,0.5938222408294678,0.0,-1.8294177055358887,-1.8294177055358887,0.0
168.8206567510055,0.5885848999023438,0.5951938629150391,0.5951938629150391,0.0,-1.8280460834503174,-1.8280460834503174,0.0
168.92213139747145,0.58990478515625,0.5965726375579834,0.5965726375579834,0.0,-1.826667308807373,-1.826667308807373,0.0
169.02361146220142,0.5912322998046875,0.5979568958282471,0.5979568958282471,0.0,-1.8252830505371094,-1.8252830505371094,0.0
169.1250952099106,0.5925521850585938,0.5993475914001465,0.5993475914001465,0.0,-1.82389235496521,-1.82389235496521,0.0
169.22658353790484,0.5938796997070312,0.6007448434829712,0.6007448434829712,0.0,-1.8224951028823853,-1.8224951028823853,0.0
169.32807516461074,0.5952072143554688,0.6021478176116943,0.6021478176116943,0.0,-1.821092128753662,-1.821092128753662,0.0
169.429571671374,0.5965347290039062,0.6035559177398682,0.6035559177398682,0.0,-1.8196840286254883,-1.8196840286254883,0.0
169.53107203225218,0.597869873046875,0.6049730777740479,0.6049730777740479,0.0,-1.8182668685913086,-1.8182668685913086,0.0
169.63257573461073,0.5991973876953125,0.6063940525054932,0.6063940525054932,0.0,-1.8168458938598633,-1.8168458938598633,0.0
169.73408359893966,0.6005325317382812,0.6078248023986816,0.6078248023986816,0.0,-1.8154151439666748,-1.8154151439666748,0.0
169.83559650187667,0.60186767578125,0.6092588901519775,0.6092588901519775,0.0,-1.813981056213379,-1.813981056213379,0.0
169.93711197303338,0.6032028198242188,0.6106998920440674,0.6106998920440674,0.0,-1.812540054321289,-1.812540054321289,0.0
170.03863101776506,0.6045455932617188,0.6121478080749512,0.6121478080749512,0.0,-1.8110921382904053,-1.8110921382904053,0.0
170.14015503708595,0.6058807373046875,0.6136047840118408,0.6136047840118408,0.0,-1.8096351623535156,-1.8096351623535156,0.0
170.24168214610597,0.6072235107421875,0.6150672435760498,0.6150672435760498,0.0,-1.8081727027893066,-1.8081727027893066,0.0
170.34321411828282,0.6085662841796875,0.6165359020233154,0.6165359020233154,0.0,-1.806704044342041,-1.806704044342041,0.0
170.44474828485582,0.6099090576171875,0.6180113554000854,0.6180113554000854,0.0,-1.805228590965271,-1.805228590965271,0.0
170.54628766588885,0.6112594604492188,0.6194909811019897,0.6194909811019897,0.0,-1.8037489652633667,-1.8037489652633667,0.0
170.6478290721562,0.6126022338867188,0.6209778785705566,0.6209778785705566,0.0,-1.8022620677947998,-1.8022620677947998,0.0
170.7493746135054,0.61395263671875,0.6224684715270996,0.6224684715270996,0.0,-1.8007714748382568,-1.8007714748382568,0.0
170.85092400330927,0.6153030395507812,0.6239640712738037,0.6239640712738037,0.0,-1.7992758750915527,-1.7992758750915527,0.0
170.95247666044045,0.6166534423828125,0.6254668235778809,0.6254668235778809,0.0,-1.7977731227874756,-1.7977731227874756,0.0
171.05403280571804,0.618011474609375,0.6269731521606445,0.6269731521606445,0.0,-1.796266794204712,-1.796266794204712,0.0
171.15559192835798,0.6193618774414062,0.6284850835800171,0.6284850835800171,0.0,-1.7947548627853394,-1.7947548627853394,0.0
171.25715510036326,0.6207199096679688,0.630001425743103,0.630001425743103,0.0,-1.7932385206222534,-1.7932385206222534,0.0
171.35872153110324,0.6220779418945312,0.6315219402313232,0.6315219402313232,0.0,-1.7917180061340332,-1.7917180061340332,0.0
171.4602910538914,0.6234359741210938,0.6330472230911255,0.6330472230911255,0.0,-1.790192723274231,-1.790192723274231,0.0
171.5618643868628,0.6247940063476562,0.6345764398574829,0.6345764398574829,0.0,-1.7886635065078735,-1.7886635065078735,0.0
171.66344040253858,0.62615966796875,0.636110782623291,0.636110782623291,0.0,-1.7871291637420654,-1.7871291637420654,0.0
171.7650199387964,0.6275177001953125,0.6376492977142334,0.6376492977142334,0.0,-1.785590648651123,-1.785590648651123,0.0
171.86660205779944,0.6288833618164062,0.6391928195953369,0.6391928195953369,0.0,-1.7840471267700195,-1.7840471267700195,0.0
171.9681874198503,0.6302490234375,0.6407406330108643,0.6407406330108643,0.0,-1.7824993133544922,-1.7824993133544922,0.0
172.06977632465893,0.631622314453125,0.6422933340072632,0.6422933340072632,0.0,-1.7809466123580933,-1.7809466123580933,0.0
172.17136888045104,0.6329879760742188,0.643850564956665,0.643850564956665,0.0,-1.7793893814086914,-1.7793893814086914,0.0
172.27296280623952,0.6343612670898438,0.6454133987426758,0.6454133987426758,0.0,-1.7778265476226807,-1.7778265476226807,0.0
172.37456080306254,0.6357269287109375,0.6469801664352417,0.6469801664352417,0.0,-1.7762597799301147,-1.7762597799301147,0.0
172.47616110215543,0.6371002197265625,0.6485550403594971,0.6485550403594971,0.0,-1.7746849060058594,-1.7746849060058594,0.0
172.5777646216098,0.6384811401367188,0.6501343250274658,0.6501343250274658,0.0,-1.7731056213378906,-1.7731056213378906,0.0
172.6793715087043,0.6398544311523438,0.651719331741333,0.651719331741333,0.0,-1.7715206146240234,-1.7715206146240234,0.0
172.78098009260395,0.6412353515625,0.6533141136169434,0.6533141136169434,0.0,-1.769925832748413,-1.769925832748413,0.0
172.8825923842278,0.6426162719726562,0.654914140701294,0.654914140701294,0.0,-1.7683258056640625,-1.7683258056640625,0.0
172.984206725869,0.6439971923828125,0.6565232276916504,0.6565232276916504,0.0,-1.766716718673706,-1.766716718673706,0.0
173.0858251042116,0.6453781127929688,0.6581400632858276,0.6581400632858276,0.0,-1.7650998830795288,-1.7650998830795288,0.0
173.1874448106622,0.646759033203125,0.6597673892974854,0.6597673892974854,0.0,-1.763472557067871,-1.763472557067871,0.0
173.28906713983588,0.6481475830078125,0.6614036560058594,0.6614036560058594,0.0,-1.761836290359497,-1.761836290359497,0.0
173.39069280611133,0.6495285034179688,0.6630501747131348,0.6630501747131348,0.0,-1.7601897716522217,-1.7601897716522217,0.0
173.49232011235893,0.6509170532226562,0.6647067070007324,0.6647067070007324,0.0,-1.758533239364624,-1.758533239364624,0.0
173.5939499765186,0.652313232421875,0.6663782596588135,0.6663782596588135,0.0,-1.756861686706543,-1.756861686706543,0.0
173.69558345251266,0.6537017822265625,0.6680614948272705,0.6680614948272705,0.0,-1.755178451538086,-1.755178451538086,0.0
173.79721844667097,0.65509033203125,0.6697580814361572,0.6697580814361572,0.0,-1.7534818649291992,-1.7534818649291992,0.0
173.89885640470933,0.6564865112304688,0.6714670658111572,0.6714670658111572,0.0,-1.7517728805541992,-1.7517728805541992,0.0
174.00049604503462,0.6578826904296875,0.6731948852539062,0.6731948852539062,0.0,-1.7500450611114502,-1.7500450611114502,0.0
174.10213829753062,0.6592788696289062,0.6749347448348999,0.6749347448348999,0.0,-1.7483052015304565,-1.7483052015304565,0.0
174.2037823454849,0.6606826782226562,0.6766936779022217,0.6766936779022217,0.0,-1.7465462684631348,-1.7465462684631348,0.0
174.30542867532384,0.662078857421875,0.6784693002700806,0.6784693002700806,0.0,-1.7447706460952759,-1.7447706460952759,0.0
174.40707830452962,0.663482666015625,0.6802618503570557,0.6802618503570557,0.0,-1.7429780960083008,-1.7429780960083008,0.0
174.50872890641932,0.664886474609375,0.6820724010467529,0.6820724010467529,0.0,-1.7411675453186035,-1.7411675453186035,0.0
174.61038244888672,0.666290283203125,0.6839010715484619,0.6839010715484619,0.0,-1.7393388748168945,-1.7393388748168945,0.0
174.7120378004987,0.667694091796875,0.6857482194900513,0.6857482194900513,0.0,-1.7374917268753052,-1.7374917268753052,0.0
174.81369482525056,0.669097900390625,0.6876137256622314,0.6876137256622314,0.0,-1.735626220703125,-1.735626220703125,0.0
174.9153543833807,0.6705093383789062,0.6895012855529785,0.6895012855529785,0.0,-1.733738660812378,-1.733738660812378,0.0
175.01701566001077,0.6719207763671875,0.6914042234420776,0.6914042234420776,0.0,-1.7318357229232788,-1.7318357229232788,0.0
175.1186788679967,0.6733322143554688,0.6933302879333496,0.6933302879333496,0.0,-1.7299096584320068,-1.7299096584320068,0.0
175.22034345314052,0.67474365234375,0.6952736377716064,0.6952736377716064,0.0,-1.72796630859375,-1.72796630859375,0.0
175.3220108157151,0.6761627197265625,0.6972347497940063,0.6972347497940063,0.0,-1.72600519657135,-1.72600519657135,0.0
175.42367931528767,0.6775741577148438,0.6992182731628418,0.6992182731628418,0.0,-1.7240216732025146,-1.7240216732025146,0.0
175.52534916013076,0.6789932250976562,0.7012183666229248,0.7012183666229248,0.0,-1.7220215797424316,-1.7220215797424316,0.0
175.62702166655427,0.6804122924804688,0.7032369375228882,0.7032369375228882,0.0,-1.7200030088424683,-1.7200030088424683,0.0
175.72869559360532,0.6818313598632812,0.7052745819091797,0.7052745819091797,0.0,-1.7179653644561768,-1.7179653644561768,0.0
175.83037093171646,0.683258056640625,0.707332968711853,0.707332968711853,0.0,-1.7159069776535034,-1.7159069776535034,0.0
175.93204839328183,0.6846771240234375,0.7094084024429321,0.7094084024429321,0.0,-1.7138315439224243,-1.7138315439224243,0.0
176.03372721364227,0.6861038208007812,0.7115015983581543,0.7115015983581543,0.0,-1.7117383480072021,-1.7117383480072021,0.0
176.13540698662487,0.687530517578125,0.7136127948760986,0.7136127948760986,0.0,-1.7096271514892578,-1.7096271514892578,0.0
176.23708850232077,0.6889572143554688,0.71573805809021,0.71573805809021,0.0,-1.7075018882751465,-1.7075018882751465,0.0
176.3387720572502,0.6903915405273438,0.7178750038146973,0.7178750038146973,0.0,-1.7053649425506592,-1.7053649425506592,0.0
176.44045645461543,0.6918182373046875,0.7200144529342651,0.7200144529342651,0.0,-1.7032254934310913,-1.7032254934310913,0.0
176.54214257203932,0.6932525634765625,0.7221447229385376,0.7221447229385376,0.0,-1.7010952234268188,-1.7010952234268188,0.0
176.6438292516362,0.6946868896484375,0.7242408990859985,0.7242408990859985,0.0,-1.698999047279358,-1.698999047279358,0.0
176.74551807735176,0.6961212158203125,0.7262678146362305,0.7262678146362305,0.0,-1.696972131729126,-1.696972131729126,0.0
176.8472078549337,0.6975555419921875,0.7281761169433594,0.7281761169433594,0.0,-1.695063829421997,-1.695063829421997,0.0
176.9488988639202,0.6989974975585938,0.7298965454101562,0.7298965454101562,0.0,-1.6933434009552002,-1.6933434009552002,0.0
177.05059121641742,0.700439453125,0.7313506603240967,0.7313506603240967,0.0,-1.6918892860412598,-1.6918892860412598,0.0
177.1522844864499,0.7018814086914062,0.7324619293212891,0.7324619293212891,0.0,-1.6907780170440674,-1.6907780170440674,0.0
177.25397888445178,0.7033233642578125,0.7331825494766235,0.7331825494766235,0.0,-1.690057396888733,-1.690057396888733,0.0
177.35567459240258,0.7047653198242188,0.7335026264190674,0.7335026264190674,0.0,-1.689737319946289,-1.689737319946289,0.0
177.45737044221912,0.706207275390625,0.733487606048584,0.733487606048584,0.0,-1.6897523403167725,-1.6897523403167725,0.0
177.55906802703342,0.7076568603515625,0.7332504987716675,0.7332504987716675,0.0,-1.689989447593689,-1.689989447593689,0.0
177.66076688105957,0.7091064453125,0.7329528331756592,0.7329528331756592,0.0,-1.6902871131896973,-1.6902871131896973,0.0
177.76246648578018,0.7105560302734375,0.7327380180358887,0.7327380180358887,0.0,-1.6905019283294678,-1.6905019283294678,0.0
177.86416621193723,0.712005615234375,0.732722282409668,0.732722282409668,0.0,-1.6905176639556885,-1.6905176639556885,0.0
177.96586730385985,0.7134628295898438,0.7329503297805786,0.7329503297805786,0.0,-1.6902896165847778,-1.6902896165847778,0.0
178.06756905668627,0.7149124145507812,0.7334252595901489,0.7334252595901489,0.0,-1.6898146867752075,-1.6898146867752075,0.0
178.16927172643153,0.71636962890625,0.7341060638427734,0.7341060638427734,0.0,-1.689133882522583,-1.689133882522583,0.0
178.27097481822068,0.7178268432617188,0.7349447011947632,0.7349447011947632,0.0,-1.6882952451705933,-1.6882952451705933,0.0
178.37267841937322,0.7192840576171875,0.7358896732330322,0.7358896732330322,0.0,-1.6873502731323242,-1.6873502731323242,0.0
178.47438297630066,0.7207489013671875,0.7368996143341064,0.7368996143341064,0.0,-1.68634033203125,-1.68634033203125,0.0
178.57608857194631,0.7222061157226562,0.737939715385437,0.737939715385437,0.0,-1.6853002309799194,-1.6853002309799194,0.0
178.67779393829719,0.7236709594726562,0.7389839887619019,0.7389839887619019,0.0,-1.6842559576034546,-1.6842559576034546,0.0
178.779500154409,0.7251358032226562,0.7400152683258057,0.7400152683258057,0.0,-1.6832246780395508,-1.6832246780395508,0.0
178.88120657615366,0.7266006469726562,0.7410304546356201,0.7410304546356201,0.0,-1.6822094917297363,-1.6822094917297363,0.0
178.98291425855604,0.7280731201171875,0.7420356273651123,0.7420356273651123,0.0,-1.6812043190002441,-1.6812043190002441,0.0
179.08462117128275,0.7295379638671875,0.7430591583251953,0.7430591583251953,0.0,-1.6801807880401611,-1.6801807880401611,0.0
179.18632905033516,0.7310104370117188,0.7441573143005371,0.7441573143005371,0.0,-1.6790826320648193,-1.6790826320648193,0.0
179.28803729960808,0.73248291015625,0.7454124689102173,0.7454124689102173,0.0,-1.6778274774551392,-1.6778274774551392,0.0
179.38974618138226,0.7339553833007812,0.7469327449798584,0.7469327449798584,0.0,-1.676307201385498,-1.676307201385498,0.0
179.4914545037902,0.7354278564453125,0.7488405704498291,0.7488405704498291,0.0,-1.6743993759155273,-1.6743993759155273,0.0
179.59316320357118,0.736907958984375,0.751258134841919,0.751258134841919,0.0,-1.6719818115234375,-1.6719818115234375,0.0
179.69487243785608,0.7383880615234375,0.7542890310287476,0.7542890310287476,0.0,-1.6689509153366089,-1.6689509153366089,0.0
179.7965817417909,0.7398681640625,0.7579985857009888,0.7579985857009888,0.0,-1.6652413606643677,-1.6652413606643677,0.0
179.89829062422064,0.7413482666015625,0.7624223232269287,0.7624223232269287,0.0,-1.6608176231384277,-1.6608176231384277,0.0
180.0,0.742828369140625,0.7675611972808838,0.7675611972808838,0.0,-1.6556787490844727,-1.6556787490844727,0.0
