train,"{'mae': 0.04412442818284035, 'rmse': 0.07847582548856735}","{'mae': 0.8999148607254028, 'rmse': 1.35545814037323}"
val,"{'mae': 0.03381934389472008, 'rmse': 0.04017636924982071}","{'mae': 0.3826926052570343, 'rmse': 0.5100945830345154}"
train,"{'mae': 0.019332878291606903, 'rmse': 0.02419658750295639}","{'mae': 0.2912452816963196, 'rmse': 0.39172178506851196}"
val,"{'mae': 0.01852286420762539, 'rmse': 0.021499764174222946}","{'mae': 0.2193850874900818, 'rmse': 0.28679558634757996}"
train,"{'mae': 0.017851734533905983, 'rmse': 0.021925708279013634}","{'mae': 0.19789834320545197, 'rmse': 0.25923952460289}"
val,"{'mae': 0.016154836863279343, 'rmse': 0.019869323819875717}","{'mae': 0.18377752602100372, 'rmse': 0.23699697852134705}"
train,"{'mae': 0.01847718469798565, 'rmse': 0.022908899933099747}","{'mae': 0.17501412332057953, 'rmse': 0.22659851610660553}"
val,"{'mae': 0.017946438863873482, 'rmse': 0.02091049589216709}","{'mae': 0.16092883050441742, 'rmse': 0.2081798017024994}"
train,"{'mae': 0.01920492574572563, 'rmse': 0.0236611720174551}","{'mae': 0.16278676688671112, 'rmse': 0.21056725084781647}"
val,"{'mae': 0.022240204736590385, 'rmse': 0.028776664286851883}","{'mae': 0.15708425641059875, 'rmse': 0.20168069005012512}"
train,"{'mae': 0.018227238208055496, 'rmse': 0.022471757605671883}","{'mae': 0.15684974193572998, 'rmse': 0.20264095067977905}"
val,"{'mae': 0.01870494894683361, 'rmse': 0.025094226002693176}","{'mae': 0.15568840503692627, 'rmse': 0.19954347610473633}"
train,"{'mae': 0.017937298864126205, 'rmse': 0.022082334384322166}","{'mae': 0.1532633900642395, 'rmse': 0.1983235627412796}"
val,"{'mae': 0.018488476052880287, 'rmse': 0.021340377628803253}","{'mae': 0.14553003013134003, 'rmse': 0.188593327999115}"
train,"{'mae': 0.018285037949681282, 'rmse': 0.02256741002202034}","{'mae': 0.14978259801864624, 'rmse': 0.19448493421077728}"
val,"{'mae': 0.01776021718978882, 'rmse': 0.024111196398735046}","{'mae': 0.14305183291435242, 'rmse': 0.18635980784893036}"
train,"{'mae': 0.018212197348475456, 'rmse': 0.022547634318470955}","{'mae': 0.14987201988697052, 'rmse': 0.19437749683856964}"
val,"{'mae': 0.015360203571617603, 'rmse': 0.019051503390073776}","{'mae': 0.16591177880764008, 'rmse': 0.21284529566764832}"
train,"{'mae': 0.01870175078511238, 'rmse': 0.02313583716750145}","{'mae': 0.15182289481163025, 'rmse': 0.19656768441200256}"
val,"{'mae': 0.015247780829668045, 'rmse': 0.018831098452210426}","{'mae': 0.14019592106342316, 'rmse': 0.18329130113124847}"
train,"{'mae': 0.018216609954833984, 'rmse': 0.02245437540113926}","{'mae': 0.14757119119167328, 'rmse': 0.1916845142841339}"
val,"{'mae': 0.015118643641471863, 'rmse': 0.019470566883683205}","{'mae': 0.14233238995075226, 'rmse': 0.18500258028507233}"
train,"{'mae': 0.01723572239279747, 'rmse': 0.021081209182739258}","{'mae': 0.14818285405635834, 'rmse': 0.19204039871692657}"
val,"{'mae': 0.01876841112971306, 'rmse': 0.021552838385105133}","{'mae': 0.15137848258018494, 'rmse': 0.1953696310520172}"
train,"{'mae': 0.016724571585655212, 'rmse': 0.02065371535718441}","{'mae': 0.14837288856506348, 'rmse': 0.1931782215833664}"
val,"{'mae': 0.017462819814682007, 'rmse': 0.020321935415267944}","{'mae': 0.1371559500694275, 'rmse': 0.17910420894622803}"
train,"{'mae': 0.018528077751398087, 'rmse': 0.02286790870130062}","{'mae': 0.14296188950538635, 'rmse': 0.18630211055278778}"
val,"{'mae': 0.02212890051305294, 'rmse': 0.025327501818537712}","{'mae': 0.13755105435848236, 'rmse': 0.17936822772026062}"
train,"{'mae': 0.01699039526283741, 'rmse': 0.020847519859671593}","{'mae': 0.14745570719242096, 'rmse': 0.1908564567565918}"
val,"{'mae': 0.015323019586503506, 'rmse': 0.01872415468096733}","{'mae': 0.14053252339363098, 'rmse': 0.18311993777751923}"
train,"{'mae': 0.016664719209074974, 'rmse': 0.020374389365315437}","{'mae': 0.14144080877304077, 'rmse': 0.18407438695430756}"
val,"{'mae': 0.016275089234113693, 'rmse': 0.019256751984357834}","{'mae': 0.1421864926815033, 'rmse': 0.18392036855220795}"
train,"{'mae': 0.017620239406824112, 'rmse': 0.02201797068119049}","{'mae': 0.1424998790025711, 'rmse': 0.18494023382663727}"
val,"{'mae': 0.015331733971834183, 'rmse': 0.018705513328313828}","{'mae': 0.13705390691757202, 'rmse': 0.17871184647083282}"
train,"{'mae': 0.016710860654711723, 'rmse': 0.020589053630828857}","{'mae': 0.14353598654270172, 'rmse': 0.18687506020069122}"
val,"{'mae': 0.017862485721707344, 'rmse': 0.020818443968892097}","{'mae': 0.14438650012016296, 'rmse': 0.1875542253255844}"
train,"{'mae': 0.01707088015973568, 'rmse': 0.020956989377737045}","{'mae': 0.14444543421268463, 'rmse': 0.1879088580608368}"
val,"{'mae': 0.01576959155499935, 'rmse': 0.018854467198252678}","{'mae': 0.1351754516363144, 'rmse': 0.17759086191654205}"
train,"{'mae': 0.01748383231461048, 'rmse': 0.021389681845903397}","{'mae': 0.14257006347179413, 'rmse': 0.18524187803268433}"
val,"{'mae': 0.02156125009059906, 'rmse': 0.02799811027944088}","{'mae': 0.1415214091539383, 'rmse': 0.18294267356395721}"
train,"{'mae': 0.016469787806272507, 'rmse': 0.02003885619342327}","{'mae': 0.14321239292621613, 'rmse': 0.18644334375858307}"
val,"{'mae': 0.016320398077368736, 'rmse': 0.01926090568304062}","{'mae': 0.14241449534893036, 'rmse': 0.1834574192762375}"
train,"{'mae': 0.016092874109745026, 'rmse': 0.019614338874816895}","{'mae': 0.14252018928527832, 'rmse': 0.18436715006828308}"
val,"{'mae': 0.01510534156113863, 'rmse': 0.01962592639029026}","{'mae': 0.13982456922531128, 'rmse': 0.1805976778268814}"
train,"{'mae': 0.015938181430101395, 'rmse': 0.019246786832809448}","{'mae': 0.14072991907596588, 'rmse': 0.18274739384651184}"
val,"{'mae': 0.015189947560429573, 'rmse': 0.018595369532704353}","{'mae': 0.13309475779533386, 'rmse': 0.17479318380355835}"
train,"{'mae': 0.016124196350574493, 'rmse': 0.01969745382666588}","{'mae': 0.1387825310230255, 'rmse': 0.18057185411453247}"
val,"{'mae': 0.018572179600596428, 'rmse': 0.021432215347886086}","{'mae': 0.13426893949508667, 'rmse': 0.17652148008346558}"
train,"{'mae': 0.01638108864426613, 'rmse': 0.019929716363549232}","{'mae': 0.13664168119430542, 'rmse': 0.1784653514623642}"
val,"{'mae': 0.015416507609188557, 'rmse': 0.020690079778432846}","{'mae': 0.13303545117378235, 'rmse': 0.1749003678560257}"
train,"{'mae': 0.01596202701330185, 'rmse': 0.019588710740208626}","{'mae': 0.13634485006332397, 'rmse': 0.17797228693962097}"
val,"{'mae': 0.014988183975219727, 'rmse': 0.01891448348760605}","{'mae': 0.13764552772045135, 'rmse': 0.1800769567489624}"
train,"{'mae': 0.01642349362373352, 'rmse': 0.020153410732746124}","{'mae': 0.13700155913829803, 'rmse': 0.1786554902791977}"
val,"{'mae': 0.01620364375412464, 'rmse': 0.022085051983594894}","{'mae': 0.13200996816158295, 'rmse': 0.1734284609556198}"
train,"{'mae': 0.016781620681285858, 'rmse': 0.020469453185796738}","{'mae': 0.13777656853199005, 'rmse': 0.17958688735961914}"
val,"{'mae': 0.0173043105751276, 'rmse': 0.0200958251953125}","{'mae': 0.132523313164711, 'rmse': 0.17354507744312286}"
train,"{'mae': 0.016654420644044876, 'rmse': 0.020335031673312187}","{'mae': 0.13719286024570465, 'rmse': 0.178419291973114}"
val,"{'mae': 0.01502438634634018, 'rmse': 0.019541682675480843}","{'mae': 0.13447357714176178, 'rmse': 0.1750434935092926}"
train,"{'mae': 0.016635682433843613, 'rmse': 0.020150111988186836}","{'mae': 0.13633902370929718, 'rmse': 0.17800652980804443}"
val,"{'mae': 0.015013004653155804, 'rmse': 0.019548483192920685}","{'mae': 0.13404223322868347, 'rmse': 0.17584161460399628}"
train,"{'mae': 0.016585199162364006, 'rmse': 0.020081346854567528}","{'mae': 0.1381916105747223, 'rmse': 0.18039269745349884}"
val,"{'mae': 0.014988108538091183, 'rmse': 0.019380278885364532}","{'mae': 0.12930472195148468, 'rmse': 0.17104022204875946}"
train,"{'mae': 0.016081158071756363, 'rmse': 0.019411250948905945}","{'mae': 0.13511542975902557, 'rmse': 0.17671598494052887}"
val,"{'mae': 0.01854519359767437, 'rmse': 0.021390296518802643}","{'mae': 0.13346688449382782, 'rmse': 0.1739620566368103}"
train,"{'mae': 0.016199037432670593, 'rmse': 0.019726933911442757}","{'mae': 0.13599327206611633, 'rmse': 0.17770689725875854}"
val,"{'mae': 0.016116522252559662, 'rmse': 0.02191421575844288}","{'mae': 0.13231927156448364, 'rmse': 0.1736949235200882}"
train,"{'mae': 0.016285687685012817, 'rmse': 0.0199185349047184}","{'mae': 0.13697949051856995, 'rmse': 0.17876356840133667}"
val,"{'mae': 0.01765630953013897, 'rmse': 0.024063318967819214}","{'mae': 0.13599665462970734, 'rmse': 0.1791314333677292}"
train,"{'mae': 0.016527459025382996, 'rmse': 0.020089462399482727}","{'mae': 0.1351921260356903, 'rmse': 0.17697536945343018}"
val,"{'mae': 0.015468163415789604, 'rmse': 0.018591290339827538}","{'mae': 0.12956583499908447, 'rmse': 0.1706133633852005}"
train,"{'mae': 0.016442645341157913, 'rmse': 0.02002483420073986}","{'mae': 0.13300582766532898, 'rmse': 0.17420274019241333}"
val,"{'mae': 0.015150791965425014, 'rmse': 0.018510470166802406}","{'mae': 0.12905988097190857, 'rmse': 0.1706155389547348}"
train,"{'mae': 0.016191896051168442, 'rmse': 0.01970551162958145}","{'mae': 0.13371394574642181, 'rmse': 0.1750994771718979}"
val,"{'mae': 0.015447665937244892, 'rmse': 0.018591415137052536}","{'mae': 0.13342373073101044, 'rmse': 0.17426544427871704}"
train,"{'mae': 0.01606728509068489, 'rmse': 0.019631681963801384}","{'mae': 0.13527531921863556, 'rmse': 0.17656226456165314}"
val,"{'mae': 0.02270527556538582, 'rmse': 0.025940075516700745}","{'mae': 0.1375478208065033, 'rmse': 0.17840267717838287}"
train,"{'mae': 0.016597844660282135, 'rmse': 0.020424965769052505}","{'mae': 0.13875991106033325, 'rmse': 0.1799641251564026}"
val,"{'mae': 0.01595819927752018, 'rmse': 0.01898055523633957}","{'mae': 0.1426575481891632, 'rmse': 0.1851159632205963}"
train,"{'mae': 0.0163147933781147, 'rmse': 0.01998819224536419}","{'mae': 0.1374751478433609, 'rmse': 0.17894291877746582}"
val,"{'mae': 0.015552136115729809, 'rmse': 0.01863204874098301}","{'mae': 0.1361895054578781, 'rmse': 0.17755700647830963}"
train,"{'mae': 0.01582873798906803, 'rmse': 0.019139496609568596}","{'mae': 0.1345348060131073, 'rmse': 0.17567601799964905}"
val,"{'mae': 0.015006352216005325, 'rmse': 0.019530456513166428}","{'mae': 0.129994735121727, 'rmse': 0.17108310759067535}"
train,"{'mae': 0.015759268775582314, 'rmse': 0.019018180668354034}","{'mae': 0.1322270929813385, 'rmse': 0.1730983406305313}"
val,"{'mae': 0.014970129355788231, 'rmse': 0.018651211634278297}","{'mae': 0.1273949295282364, 'rmse': 0.16871993243694305}"
train,"{'mae': 0.015981702134013176, 'rmse': 0.019353432580828667}","{'mae': 0.13085296750068665, 'rmse': 0.1718621850013733}"
val,"{'mae': 0.015335683710873127, 'rmse': 0.020412828773260117}","{'mae': 0.1272764950990677, 'rmse': 0.16883879899978638}"
train,"{'mae': 0.016059013083577156, 'rmse': 0.019342701882123947}","{'mae': 0.13125988841056824, 'rmse': 0.17226816713809967}"
val,"{'mae': 0.017520051449537277, 'rmse': 0.023895641788840294}","{'mae': 0.12806755304336548, 'rmse': 0.1700422316789627}"
train,"{'mae': 0.016015293076634407, 'rmse': 0.019624749198555946}","{'mae': 0.13181109726428986, 'rmse': 0.1725093126296997}"
val,"{'mae': 0.014924174174666405, 'rmse': 0.019004451110959053}","{'mae': 0.127678781747818, 'rmse': 0.1688753366470337}"
train,"{'mae': 0.015987228602170944, 'rmse': 0.019425228238105774}","{'mae': 0.13028129935264587, 'rmse': 0.17125077545642853}"
val,"{'mae': 0.015340759418904781, 'rmse': 0.0185100045055151}","{'mae': 0.1266890913248062, 'rmse': 0.16805942356586456}"
train,"{'mae': 0.0157341156154871, 'rmse': 0.018982505425810814}","{'mae': 0.129567489027977, 'rmse': 0.1703794300556183}"
val,"{'mae': 0.014930286444723606, 'rmse': 0.019184021279215813}","{'mae': 0.1282622218132019, 'rmse': 0.16914211213588715}"
train,"{'mae': 0.016419410705566406, 'rmse': 0.020258015021681786}","{'mae': 0.1318933367729187, 'rmse': 0.17306551337242126}"
val,"{'mae': 0.01570146344602108, 'rmse': 0.01871478743851185}","{'mae': 0.1275474578142166, 'rmse': 0.16927288472652435}"
train,"{'mae': 0.015782061964273453, 'rmse': 0.019148916006088257}","{'mae': 0.13064415752887726, 'rmse': 0.17157533764839172}"
val,"{'mae': 0.015194184146821499, 'rmse': 0.020078156143426895}","{'mae': 0.12904879450798035, 'rmse': 0.16955484449863434}"
train,"{'mae': 0.01570182293653488, 'rmse': 0.01897718757390976}","{'mae': 0.13045017421245575, 'rmse': 0.1712140291929245}"
val,"{'mae': 0.015218700282275677, 'rmse': 0.02023330144584179}","{'mae': 0.12977288663387299, 'rmse': 0.17100238800048828}"
train,"{'mae': 0.015867047011852264, 'rmse': 0.019168749451637268}","{'mae': 0.1302044838666916, 'rmse': 0.1711571216583252}"
val,"{'mae': 0.016024505719542503, 'rmse': 0.01896916888654232}","{'mae': 0.12720052897930145, 'rmse': 0.1680889129638672}"
train,"{'mae': 0.01590699702501297, 'rmse': 0.019261041656136513}","{'mae': 0.12952393293380737, 'rmse': 0.17007414996623993}"
val,"{'mae': 0.014968711882829666, 'rmse': 0.0194274690002203}","{'mae': 0.13009217381477356, 'rmse': 0.1709969937801361}"
train,"{'mae': 0.01588282734155655, 'rmse': 0.019128140062093735}","{'mae': 0.13000547885894775, 'rmse': 0.17076361179351807}"
val,"{'mae': 0.017338471487164497, 'rmse': 0.020162032917141914}","{'mae': 0.12804050743579865, 'rmse': 0.168892040848732}"
train,"{'mae': 0.015790991485118866, 'rmse': 0.01917571946978569}","{'mae': 0.13053900003433228, 'rmse': 0.17123772203922272}"
val,"{'mae': 0.017949726432561874, 'rmse': 0.020693626254796982}","{'mae': 0.1292242407798767, 'rmse': 0.1701538860797882}"
train,"{'mae': 0.01588752493262291, 'rmse': 0.01925952360033989}","{'mae': 0.12944446504116058, 'rmse': 0.17026153206825256}"
val,"{'mae': 0.015043279156088829, 'rmse': 0.01853468082845211}","{'mae': 0.12652844190597534, 'rmse': 0.1675131767988205}"
train,"{'mae': 0.01617784984409809, 'rmse': 0.019685013219714165}","{'mae': 0.12964846193790436, 'rmse': 0.17033761739730835}"
val,"{'mae': 0.015472506172955036, 'rmse': 0.018562940880656242}","{'mae': 0.12785154581069946, 'rmse': 0.1685819774866104}"
train,"{'mae': 0.01595040038228035, 'rmse': 0.019378868862986565}","{'mae': 0.1291573941707611, 'rmse': 0.1698293387889862}"
val,"{'mae': 0.01787775196135044, 'rmse': 0.020631177350878716}","{'mae': 0.1292840540409088, 'rmse': 0.16967445611953735}"
train,"{'mae': 0.015981078147888184, 'rmse': 0.019092142581939697}","{'mae': 0.12934494018554688, 'rmse': 0.17001210153102875}"
val,"{'mae': 0.015437242574989796, 'rmse': 0.018531465902924538}","{'mae': 0.1253543347120285, 'rmse': 0.16670434176921844}"
train,"{'mae': 0.015863845124840736, 'rmse': 0.019310595467686653}","{'mae': 0.13112150132656097, 'rmse': 0.17180973291397095}"
val,"{'mae': 0.01637587882578373, 'rmse': 0.01926478184759617}","{'mae': 0.1312766671180725, 'rmse': 0.17196275293827057}"
train,"{'mae': 0.015839524567127228, 'rmse': 0.019131481647491455}","{'mae': 0.12885677814483643, 'rmse': 0.16953593492507935}"
val,"{'mae': 0.016324836760759354, 'rmse': 0.019205216318368912}","{'mae': 0.1258011758327484, 'rmse': 0.16673293709754944}"
train,"{'mae': 0.01602461002767086, 'rmse': 0.01932181790471077}","{'mae': 0.12808337807655334, 'rmse': 0.16853179037570953}"
val,"{'mae': 0.015391572378575802, 'rmse': 0.020594144240021706}","{'mae': 0.12607640027999878, 'rmse': 0.16719311475753784}"
train,"{'mae': 0.01591678522527218, 'rmse': 0.019171584397554398}","{'mae': 0.12818829715251923, 'rmse': 0.16878733038902283}"
val,"{'mae': 0.0156021723523736, 'rmse': 0.01862287148833275}","{'mae': 0.12463062256574631, 'rmse': 0.16580010950565338}"
train,"{'mae': 0.015520565211772919, 'rmse': 0.018592679873108864}","{'mae': 0.12830598652362823, 'rmse': 0.1688806712627411}"
val,"{'mae': 0.015645362436771393, 'rmse': 0.01867869310081005}","{'mae': 0.12725207209587097, 'rmse': 0.16791336238384247}"
train,"{'mae': 0.015845606103539467, 'rmse': 0.019097987562417984}","{'mae': 0.1278548687696457, 'rmse': 0.1683143824338913}"
val,"{'mae': 0.015046173706650734, 'rmse': 0.0197296179831028}","{'mae': 0.1267646700143814, 'rmse': 0.16807274520397186}"
train,"{'mae': 0.0156564861536026, 'rmse': 0.018951741978526115}","{'mae': 0.12756885588169098, 'rmse': 0.16815702617168427}"
val,"{'mae': 0.014886341989040375, 'rmse': 0.018766015768051147}","{'mae': 0.1260562390089035, 'rmse': 0.1666961908340454}"
train,"{'mae': 0.015845172107219696, 'rmse': 0.019147859886288643}","{'mae': 0.12705908715724945, 'rmse': 0.16744571924209595}"
val,"{'mae': 0.015108256600797176, 'rmse': 0.019933465868234634}","{'mae': 0.12518036365509033, 'rmse': 0.1662474125623703}"
train,"{'mae': 0.015815312042832375, 'rmse': 0.019077716395258904}","{'mae': 0.12826719880104065, 'rmse': 0.16845247149467468}"
val,"{'mae': 0.016017457470297813, 'rmse': 0.01891348883509636}","{'mae': 0.1261526197195053, 'rmse': 0.1673683524131775}"
train,"{'mae': 0.01560988835990429, 'rmse': 0.01892019249498844}","{'mae': 0.12818656861782074, 'rmse': 0.16856321692466736}"
val,"{'mae': 0.014864524826407433, 'rmse': 0.019015474244952202}","{'mae': 0.12444764375686646, 'rmse': 0.16569651663303375}"
train,"{'mae': 0.015598313882946968, 'rmse': 0.018850522115826607}","{'mae': 0.12680214643478394, 'rmse': 0.16729065775871277}"
val,"{'mae': 0.014989464543759823, 'rmse': 0.018467187881469727}","{'mae': 0.12498149275779724, 'rmse': 0.1661495417356491}"
train,"{'mae': 0.0156089561060071, 'rmse': 0.018910598009824753}","{'mae': 0.12718717753887177, 'rmse': 0.16774791479110718}"
val,"{'mae': 0.014876412227749825, 'rmse': 0.018620014190673828}","{'mae': 0.1254091113805771, 'rmse': 0.16635465621948242}"
train,"{'mae': 0.01563100889325142, 'rmse': 0.018926728516817093}","{'mae': 0.12707336246967316, 'rmse': 0.16767120361328125}"
val,"{'mae': 0.016260655596852303, 'rmse': 0.019112220034003258}","{'mae': 0.12463929504156113, 'rmse': 0.1657288670539856}"
train,"{'mae': 0.015813924372196198, 'rmse': 0.01914769411087036}","{'mae': 0.12679685652256012, 'rmse': 0.16734305024147034}"
val,"{'mae': 0.01651405356824398, 'rmse': 0.019312677904963493}","{'mae': 0.12447826564311981, 'rmse': 0.16548506915569305}"
train,"{'mae': 0.015669509768486023, 'rmse': 0.018954690545797348}","{'mae': 0.12726804614067078, 'rmse': 0.1679665893316269}"
val,"{'mae': 0.014870384708046913, 'rmse': 0.018962010741233826}","{'mae': 0.12433277070522308, 'rmse': 0.16523753106594086}"
train,"{'mae': 0.015617555007338524, 'rmse': 0.018860919401049614}","{'mae': 0.12698791921138763, 'rmse': 0.167311891913414}"
val,"{'mae': 0.017502160742878914, 'rmse': 0.020282933488488197}","{'mae': 0.12442109733819962, 'rmse': 0.16541120409965515}"
train,"{'mae': 0.01565711759030819, 'rmse': 0.018852539360523224}","{'mae': 0.12687155604362488, 'rmse': 0.16738685965538025}"
val,"{'mae': 0.015410058200359344, 'rmse': 0.020644305273890495}","{'mae': 0.12447835505008698, 'rmse': 0.16525158286094666}"
train,"{'mae': 0.015898598358035088, 'rmse': 0.019293563440442085}","{'mae': 0.12741661071777344, 'rmse': 0.16782976686954498}"
val,"{'mae': 0.015050680376589298, 'rmse': 0.01843193732202053}","{'mae': 0.12447568774223328, 'rmse': 0.16601116955280304}"
train,"{'mae': 0.01569448597729206, 'rmse': 0.018908996134996414}","{'mae': 0.12676265835762024, 'rmse': 0.16719502210617065}"
val,"{'mae': 0.015392415225505829, 'rmse': 0.018475553020834923}","{'mae': 0.1238255724310875, 'rmse': 0.16477055847644806}"
train,"{'mae': 0.015646860003471375, 'rmse': 0.01885957270860672}","{'mae': 0.12643863260746002, 'rmse': 0.16677550971508026}"
val,"{'mae': 0.015170132741332054, 'rmse': 0.018475467339158058}","{'mae': 0.12681473791599274, 'rmse': 0.16698962450027466}"
train,"{'mae': 0.015797872096300125, 'rmse': 0.018987074494361877}","{'mae': 0.12671124935150146, 'rmse': 0.1669333130121231}"
val,"{'mae': 0.015322726219892502, 'rmse': 0.018494509160518646}","{'mae': 0.1259414702653885, 'rmse': 0.16615508496761322}"
train,"{'mae': 0.015663767233490944, 'rmse': 0.019019564613699913}","{'mae': 0.127110555768013, 'rmse': 0.1674293577671051}"
val,"{'mae': 0.014937027357518673, 'rmse': 0.018484115600585938}","{'mae': 0.12496349215507507, 'rmse': 0.16558755934238434}"
train,"{'mae': 0.015416912734508514, 'rmse': 0.018548542633652687}","{'mae': 0.12574279308319092, 'rmse': 0.1660483032464981}"
val,"{'mae': 0.014933859929442406, 'rmse': 0.018552809953689575}","{'mae': 0.12425646185874939, 'rmse': 0.16552460193634033}"
train,"{'mae': 0.015443777665495872, 'rmse': 0.018527992069721222}","{'mae': 0.12530891597270966, 'rmse': 0.16572193801403046}"
val,"{'mae': 0.01520472951233387, 'rmse': 0.01842891238629818}","{'mae': 0.12521222233772278, 'rmse': 0.16610115766525269}"
train,"{'mae': 0.01535087265074253, 'rmse': 0.018448036164045334}","{'mae': 0.1255675107240677, 'rmse': 0.16597309708595276}"
val,"{'mae': 0.015926724299788475, 'rmse': 0.018847180530428886}","{'mae': 0.12370793521404266, 'rmse': 0.16435949504375458}"
train,"{'mae': 0.01550703402608633, 'rmse': 0.018498387187719345}","{'mae': 0.12564526498317719, 'rmse': 0.1659988909959793}"
val,"{'mae': 0.015205404721200466, 'rmse': 0.0184086412191391}","{'mae': 0.12730589509010315, 'rmse': 0.16865894198417664}"
train,"{'mae': 0.015393833629786968, 'rmse': 0.018561111763119698}","{'mae': 0.12584638595581055, 'rmse': 0.16622206568717957}"
val,"{'mae': 0.015269570983946323, 'rmse': 0.01841661147773266}","{'mae': 0.12421449273824692, 'rmse': 0.1654614359140396}"
train,"{'mae': 0.015418116003274918, 'rmse': 0.018504951149225235}","{'mae': 0.12567879259586334, 'rmse': 0.16588830947875977}"
val,"{'mae': 0.015029753558337688, 'rmse': 0.01843073032796383}","{'mae': 0.1256047934293747, 'rmse': 0.16672588884830475}"
train,"{'mae': 0.015547722578048706, 'rmse': 0.01874725893139839}","{'mae': 0.12713955342769623, 'rmse': 0.16769947111606598}"
val,"{'mae': 0.015132170170545578, 'rmse': 0.01839020848274231}","{'mae': 0.12413100898265839, 'rmse': 0.1647854745388031}"
train,"{'mae': 0.015374845825135708, 'rmse': 0.018475878983736038}","{'mae': 0.12571699917316437, 'rmse': 0.16611319780349731}"
val,"{'mae': 0.01484380941838026, 'rmse': 0.018726596608757973}","{'mae': 0.12338486313819885, 'rmse': 0.16441629827022552}"
train,"{'mae': 0.015413893386721611, 'rmse': 0.018469801172614098}","{'mae': 0.1248624324798584, 'rmse': 0.16526329517364502}"
val,"{'mae': 0.015620124526321888, 'rmse': 0.018617214635014534}","{'mae': 0.12367688119411469, 'rmse': 0.1644924283027649}"
train,"{'mae': 0.0153830386698246, 'rmse': 0.018553709611296654}","{'mae': 0.1250557154417038, 'rmse': 0.16539618372917175}"
val,"{'mae': 0.014838219620287418, 'rmse': 0.01879768818616867}","{'mae': 0.12311870604753494, 'rmse': 0.16432136297225952}"
train,"{'mae': 0.015540651977062225, 'rmse': 0.01873795874416828}","{'mae': 0.1259901225566864, 'rmse': 0.16638801991939545}"
val,"{'mae': 0.015214785933494568, 'rmse': 0.020232804119586945}","{'mae': 0.12408765405416489, 'rmse': 0.1648755967617035}"
train,"{'mae': 0.01578805409371853, 'rmse': 0.01902223378419876}","{'mae': 0.12608391046524048, 'rmse': 0.16644930839538574}"
val,"{'mae': 0.015145896002650261, 'rmse': 0.020061509683728218}","{'mae': 0.12658092379570007, 'rmse': 0.16875867545604706}"
train,"{'mae': 0.015322580933570862, 'rmse': 0.018444430083036423}","{'mae': 0.124886654317379, 'rmse': 0.1651834398508072}"
val,"{'mae': 0.015926774591207504, 'rmse': 0.018853386864066124}","{'mae': 0.1238904744386673, 'rmse': 0.16460253298282623}"
train,"{'mae': 0.015540076419711113, 'rmse': 0.018792888149619102}","{'mae': 0.12520357966423035, 'rmse': 0.165602907538414}"
val,"{'mae': 0.014832715503871441, 'rmse': 0.0189485102891922}","{'mae': 0.12373829632997513, 'rmse': 0.16469179093837738}"
train,"{'mae': 0.015408368781208992, 'rmse': 0.0185050331056118}","{'mae': 0.1256638616323471, 'rmse': 0.16613386571407318}"
val,"{'mae': 0.0154146458953619, 'rmse': 0.018490975722670555}","{'mae': 0.12416350096464157, 'rmse': 0.16481132805347443}"
train,"{'mae': 0.01558156218379736, 'rmse': 0.018791958689689636}","{'mae': 0.1260118931531906, 'rmse': 0.1664154976606369}"
val,"{'mae': 0.014822992496192455, 'rmse': 0.018887843936681747}","{'mae': 0.12292767316102982, 'rmse': 0.1637125015258789}"
train,"{'mae': 0.015557663515210152, 'rmse': 0.018716033548116684}","{'mae': 0.12521371245384216, 'rmse': 0.16554677486419678}"
val,"{'mae': 0.014954231679439545, 'rmse': 0.018483050167560577}","{'mae': 0.12270691990852356, 'rmse': 0.16360382735729218}"
train,"{'mae': 0.015607915818691254, 'rmse': 0.018811944872140884}","{'mae': 0.1249382495880127, 'rmse': 0.1651940494775772}"
val,"{'mae': 0.01660953275859356, 'rmse': 0.019411738961935043}","{'mae': 0.12289736419916153, 'rmse': 0.16376163065433502}"
train,"{'mae': 0.015910983085632324, 'rmse': 0.019220279529690742}","{'mae': 0.1252162903547287, 'rmse': 0.1655501276254654}"
val,"{'mae': 0.014832842163741589, 'rmse': 0.018643755465745926}","{'mae': 0.125278502702713, 'rmse': 0.16635943949222565}"
train,"{'mae': 0.015456111170351505, 'rmse': 0.01855858787894249}","{'mae': 0.12443391978740692, 'rmse': 0.1647520661354065}"
val,"{'mae': 0.015102383680641651, 'rmse': 0.018416304141283035}","{'mae': 0.12327804416418076, 'rmse': 0.16410160064697266}"
train,"{'mae': 0.015400930307805538, 'rmse': 0.018501967191696167}","{'mae': 0.12474829703569412, 'rmse': 0.16503635048866272}"
val,"{'mae': 0.01486680656671524, 'rmse': 0.01859312877058983}","{'mae': 0.12257795035839081, 'rmse': 0.16345438361167908}"
train,"{'mae': 0.015355180017650127, 'rmse': 0.01847575046122074}","{'mae': 0.12454543262720108, 'rmse': 0.1647881418466568}"
val,"{'mae': 0.016057442873716354, 'rmse': 0.018945805728435516}","{'mae': 0.12306410074234009, 'rmse': 0.16369706392288208}"
train,"{'mae': 0.015473851002752781, 'rmse': 0.018587244674563408}","{'mae': 0.12413117289543152, 'rmse': 0.16452892124652863}"
val,"{'mae': 0.014945058152079582, 'rmse': 0.018430666998028755}","{'mae': 0.12416594475507736, 'rmse': 0.16534766554832458}"
train,"{'mae': 0.015444409102201462, 'rmse': 0.018518704921007156}","{'mae': 0.12430200725793839, 'rmse': 0.1645812839269638}"
val,"{'mae': 0.01590237393975258, 'rmse': 0.0187996793538332}","{'mae': 0.12263128906488419, 'rmse': 0.16341054439544678}"
train,"{'mae': 0.01548813097178936, 'rmse': 0.01861351728439331}","{'mae': 0.12473879754543304, 'rmse': 0.16496331989765167}"
val,"{'mae': 0.015518873929977417, 'rmse': 0.018540766090154648}","{'mae': 0.1228981763124466, 'rmse': 0.16369566321372986}"
train,"{'mae': 0.015432988293468952, 'rmse': 0.018562572076916695}","{'mae': 0.12477287650108337, 'rmse': 0.1650332510471344}"
val,"{'mae': 0.016307488083839417, 'rmse': 0.019131680950522423}","{'mae': 0.12303898483514786, 'rmse': 0.16406556963920593}"
train,"{'mae': 0.015394947491586208, 'rmse': 0.018514299765229225}","{'mae': 0.12506429851055145, 'rmse': 0.16536404192447662}"
val,"{'mae': 0.014867372810840607, 'rmse': 0.018584085628390312}","{'mae': 0.12376199662685394, 'rmse': 0.16508105397224426}"
train,"{'mae': 0.01520164217799902, 'rmse': 0.0182610172778368}","{'mae': 0.12449444085359573, 'rmse': 0.16477951407432556}"
val,"{'mae': 0.014919392764568329, 'rmse': 0.01846981793642044}","{'mae': 0.12259763479232788, 'rmse': 0.16349825263023376}"
train,"{'mae': 0.015447592362761497, 'rmse': 0.01858132891356945}","{'mae': 0.12428358197212219, 'rmse': 0.16460707783699036}"
val,"{'mae': 0.015348436310887337, 'rmse': 0.018437914550304413}","{'mae': 0.12252061069011688, 'rmse': 0.16335520148277283}"
train,"{'mae': 0.015343491919338703, 'rmse': 0.018359720706939697}","{'mae': 0.12410719692707062, 'rmse': 0.16434410214424133}"
val,"{'mae': 0.014825035817921162, 'rmse': 0.018865829333662987}","{'mae': 0.12279702723026276, 'rmse': 0.16379384696483612}"
train,"{'mae': 0.015366735868155956, 'rmse': 0.018411187455058098}","{'mae': 0.12401872128248215, 'rmse': 0.16425415873527527}"
val,"{'mae': 0.014848127029836178, 'rmse': 0.018642744049429893}","{'mae': 0.12261399626731873, 'rmse': 0.16357795894145966}"
train,"{'mae': 0.01537840161472559, 'rmse': 0.01839756779372692}","{'mae': 0.12392400205135345, 'rmse': 0.16413871943950653}"
val,"{'mae': 0.014826226979494095, 'rmse': 0.018777234479784966}","{'mae': 0.12251868098974228, 'rmse': 0.1634453535079956}"
train,"{'mae': 0.015410899184644222, 'rmse': 0.01839238777756691}","{'mae': 0.12391456216573715, 'rmse': 0.16416320204734802}"
val,"{'mae': 0.014960753731429577, 'rmse': 0.018428368493914604}","{'mae': 0.12239839136600494, 'rmse': 0.16324803233146667}"
train,"{'mae': 0.015262288972735405, 'rmse': 0.018345024436712265}","{'mae': 0.12399537116289139, 'rmse': 0.1642417013645172}"
val,"{'mae': 0.016469717025756836, 'rmse': 0.019292084500193596}","{'mae': 0.12325285375118256, 'rmse': 0.16383184492588043}"
train,"{'mae': 0.015249048359692097, 'rmse': 0.018373385071754456}","{'mae': 0.12427281588315964, 'rmse': 0.16454142332077026}"
val,"{'mae': 0.014979486353695393, 'rmse': 0.01841261237859726}","{'mae': 0.12253893911838531, 'rmse': 0.16331064701080322}"
train,"{'mae': 0.01536316704005003, 'rmse': 0.018435517325997353}","{'mae': 0.12420635670423508, 'rmse': 0.16434244811534882}"
val,"{'mae': 0.015296387486159801, 'rmse': 0.01840476132929325}","{'mae': 0.12258929014205933, 'rmse': 0.1633855402469635}"
train,"{'mae': 0.015298466198146343, 'rmse': 0.018339280039072037}","{'mae': 0.12367947399616241, 'rmse': 0.16392874717712402}"
val,"{'mae': 0.01612223871052265, 'rmse': 0.018997402861714363}","{'mae': 0.12299713492393494, 'rmse': 0.16376283764839172}"
train,"{'mae': 0.015398150309920311, 'rmse': 0.018456019461154938}","{'mae': 0.12424279004335403, 'rmse': 0.16448038816452026}"
val,"{'mae': 0.014835085719823837, 'rmse': 0.01904321275651455}","{'mae': 0.12223394960165024, 'rmse': 0.16311948001384735}"
train,"{'mae': 0.015268618240952492, 'rmse': 0.018321316689252853}","{'mae': 0.1239551305770874, 'rmse': 0.1642400622367859}"
val,"{'mae': 0.0156092569231987, 'rmse': 0.018584128469228745}","{'mae': 0.1225375235080719, 'rmse': 0.1632254421710968}"
train,"{'mae': 0.01541923638433218, 'rmse': 0.018511326983571053}","{'mae': 0.12370286136865616, 'rmse': 0.16399230062961578}"
val,"{'mae': 0.014967449940741062, 'rmse': 0.018395092338323593}","{'mae': 0.12229873985052109, 'rmse': 0.1630791574716568}"
train,"{'mae': 0.015303367748856544, 'rmse': 0.018333585932850838}","{'mae': 0.12387511134147644, 'rmse': 0.1641388088464737}"
val,"{'mae': 0.01482364907860756, 'rmse': 0.018658477813005447}","{'mae': 0.12261753529310226, 'rmse': 0.16359521448612213}"
train,"{'mae': 0.01533435471355915, 'rmse': 0.018374968320131302}","{'mae': 0.12363538146018982, 'rmse': 0.16393104195594788}"
val,"{'mae': 0.01659950613975525, 'rmse': 0.019393065944314003}","{'mae': 0.1223844438791275, 'rmse': 0.1632053703069687}"
train,"{'mae': 0.015443205833435059, 'rmse': 0.018512574955821037}","{'mae': 0.12382292002439499, 'rmse': 0.16409006714820862}"
val,"{'mae': 0.015101786702871323, 'rmse': 0.018370244652032852}","{'mae': 0.1226717159152031, 'rmse': 0.16365118324756622}"
train,"{'mae': 0.015387282706797123, 'rmse': 0.01841839961707592}","{'mae': 0.12373603880405426, 'rmse': 0.16394585371017456}"
val,"{'mae': 0.014838365837931633, 'rmse': 0.018651923164725304}","{'mae': 0.12278762459754944, 'rmse': 0.1637561172246933}"
train,"{'mae': 0.015310759656131268, 'rmse': 0.01836031675338745}","{'mae': 0.12357769906520844, 'rmse': 0.16391505300998688}"
val,"{'mae': 0.015134933404624462, 'rmse': 0.01837766170501709}","{'mae': 0.12215771526098251, 'rmse': 0.16295376420021057}"
train,"{'mae': 0.0153115913271904, 'rmse': 0.018308507278561592}","{'mae': 0.12365435063838959, 'rmse': 0.16386719048023224}"
val,"{'mae': 0.014829862862825394, 'rmse': 0.01866554468870163}","{'mae': 0.12322898954153061, 'rmse': 0.16451123356819153}"
train,"{'mae': 0.015299728140234947, 'rmse': 0.018337886780500412}","{'mae': 0.12338489294052124, 'rmse': 0.16365912556648254}"
val,"{'mae': 0.015436352230608463, 'rmse': 0.01848466508090496}","{'mae': 0.12222647666931152, 'rmse': 0.16296027600765228}"
train,"{'mae': 0.015358555130660534, 'rmse': 0.01838066056370735}","{'mae': 0.12356047332286835, 'rmse': 0.16375945508480072}"
val,"{'mae': 0.015228492207825184, 'rmse': 0.01838609203696251}","{'mae': 0.12247466295957565, 'rmse': 0.16336695849895477}"
train,"{'mae': 0.015284737572073936, 'rmse': 0.018334895372390747}","{'mae': 0.12356952577829361, 'rmse': 0.16380766034126282}"
val,"{'mae': 0.014841892756521702, 'rmse': 0.018607277423143387}","{'mae': 0.12331412732601166, 'rmse': 0.1643945574760437}"
train,"{'mae': 0.015251082368195057, 'rmse': 0.018289536237716675}","{'mae': 0.12338607758283615, 'rmse': 0.16364391148090363}"
val,"{'mae': 0.01536924671381712, 'rmse': 0.018447909504175186}","{'mae': 0.12212882936000824, 'rmse': 0.16293708980083466}"
train,"{'mae': 0.015329615212976933, 'rmse': 0.01829821802675724}","{'mae': 0.12342002242803574, 'rmse': 0.16364848613739014}"
val,"{'mae': 0.015481913462281227, 'rmse': 0.018511170521378517}","{'mae': 0.12246294319629669, 'rmse': 0.16337241232395172}"
train,"{'mae': 0.015212140046060085, 'rmse': 0.018253358080983162}","{'mae': 0.12350339442491531, 'rmse': 0.16373063623905182}"
val,"{'mae': 0.015321326442062855, 'rmse': 0.018420252948999405}","{'mae': 0.12220498919487, 'rmse': 0.16299517452716827}"
train,"{'mae': 0.015304655767977238, 'rmse': 0.01831301487982273}","{'mae': 0.12348004430532455, 'rmse': 0.16374754905700684}"
val,"{'mae': 0.015080666169524193, 'rmse': 0.018366739153862}","{'mae': 0.12229838967323303, 'rmse': 0.16301661729812622}"
train,"{'mae': 0.015412315726280212, 'rmse': 0.018450982868671417}","{'mae': 0.12377569079399109, 'rmse': 0.16397978365421295}"
val,"{'mae': 0.015532692894339561, 'rmse': 0.018541332334280014}","{'mae': 0.12227451801300049, 'rmse': 0.162989541888237}"
train,"{'mae': 0.01534506119787693, 'rmse': 0.01837990991771221}","{'mae': 0.12348054349422455, 'rmse': 0.16368378698825836}"
val,"{'mae': 0.015162075869739056, 'rmse': 0.01836971379816532}","{'mae': 0.12204905599355698, 'rmse': 0.1628848910331726}"
train,"{'mae': 0.015300970524549484, 'rmse': 0.018319884315133095}","{'mae': 0.123379185795784, 'rmse': 0.16361157596111298}"
val,"{'mae': 0.015296755358576775, 'rmse': 0.018406955525279045}","{'mae': 0.12197811901569366, 'rmse': 0.16281180083751678}"
train,"{'mae': 0.015356920659542084, 'rmse': 0.018346866592764854}","{'mae': 0.12343516945838928, 'rmse': 0.1636158674955368}"
val,"{'mae': 0.01485713105648756, 'rmse': 0.019169270992279053}","{'mae': 0.12258090823888779, 'rmse': 0.16365444660186768}"
train,"{'mae': 0.015344981104135513, 'rmse': 0.01834954507648945}","{'mae': 0.12342531979084015, 'rmse': 0.16364122927188873}"
val,"{'mae': 0.015063203871250153, 'rmse': 0.01837770827114582}","{'mae': 0.12309613078832626, 'rmse': 0.16419903934001923}"
train,"{'mae': 0.015376891009509563, 'rmse': 0.01852993294596672}","{'mae': 0.12412437796592712, 'rmse': 0.16436156630516052}"
val,"{'mae': 0.01634521596133709, 'rmse': 0.019168201833963394}","{'mae': 0.12194658815860748, 'rmse': 0.16276410222053528}"
train,"{'mae': 0.015283935703337193, 'rmse': 0.018375402316451073}","{'mae': 0.12350025027990341, 'rmse': 0.16377043724060059}"
val,"{'mae': 0.01492565218359232, 'rmse': 0.018446743488311768}","{'mae': 0.12224675714969635, 'rmse': 0.1631753146648407}"
train,"{'mae': 0.01531899906694889, 'rmse': 0.018285928294062614}","{'mae': 0.12319175899028778, 'rmse': 0.163445845246315}"
val,"{'mae': 0.015493705868721008, 'rmse': 0.018511196598410606}","{'mae': 0.1221073567867279, 'rmse': 0.16282407939434052}"
train,"{'mae': 0.015201481990516186, 'rmse': 0.018216000869870186}","{'mae': 0.12310414016246796, 'rmse': 0.16331897675991058}"
val,"{'mae': 0.015254131518304348, 'rmse': 0.018396645784378052}","{'mae': 0.1220855861902237, 'rmse': 0.16297943890094757}"
train,"{'mae': 0.015305008739233017, 'rmse': 0.018337611109018326}","{'mae': 0.12315043807029724, 'rmse': 0.16336219012737274}"
val,"{'mae': 0.01501490268856287, 'rmse': 0.018386220559477806}","{'mae': 0.1221151351928711, 'rmse': 0.16301588714122772}"
train,"{'mae': 0.01523303147405386, 'rmse': 0.018259018659591675}","{'mae': 0.1232895627617836, 'rmse': 0.16349032521247864}"
val,"{'mae': 0.015523950569331646, 'rmse': 0.018536122515797615}","{'mae': 0.1227227970957756, 'rmse': 0.1634528487920761}"
train,"{'mae': 0.015359110198915005, 'rmse': 0.018386632204055786}","{'mae': 0.12314679473638535, 'rmse': 0.16336315870285034}"
val,"{'mae': 0.01565708965063095, 'rmse': 0.018622955307364464}","{'mae': 0.12204860150814056, 'rmse': 0.1627969592809677}"
train,"{'mae': 0.015276260673999786, 'rmse': 0.0182343702763319}","{'mae': 0.12309703230857849, 'rmse': 0.1633172333240509}"
val,"{'mae': 0.015000661835074425, 'rmse': 0.018393084406852722}","{'mae': 0.12195123732089996, 'rmse': 0.16277402639389038}"
train,"{'mae': 0.015291253104805946, 'rmse': 0.018235377967357635}","{'mae': 0.12309073656797409, 'rmse': 0.16334472596645355}"
val,"{'mae': 0.015352829359471798, 'rmse': 0.018436333164572716}","{'mae': 0.12198785692453384, 'rmse': 0.16277022659778595}"
train,"{'mae': 0.015246287919580936, 'rmse': 0.01822487637400627}","{'mae': 0.12311353534460068, 'rmse': 0.163306325674057}"
val,"{'mae': 0.015175247564911842, 'rmse': 0.018379205837845802}","{'mae': 0.12197427451610565, 'rmse': 0.16287370026111603}"
train,"{'mae': 0.015279892832040787, 'rmse': 0.01823168247938156}","{'mae': 0.12327022105455399, 'rmse': 0.16350680589675903}"
val,"{'mae': 0.015440501272678375, 'rmse': 0.018474046140909195}","{'mae': 0.12232659757137299, 'rmse': 0.16330882906913757}"
train,"{'mae': 0.015253828838467598, 'rmse': 0.01823906973004341}","{'mae': 0.12333942949771881, 'rmse': 0.1635517030954361}"
val,"{'mae': 0.015417613089084625, 'rmse': 0.01846202276647091}","{'mae': 0.12207016348838806, 'rmse': 0.16292929649353027}"
train,"{'mae': 0.01531378086656332, 'rmse': 0.01829666644334793}","{'mae': 0.12304367125034332, 'rmse': 0.16328568756580353}"
val,"{'mae': 0.015193800441920757, 'rmse': 0.01838071458041668}","{'mae': 0.12195879966020584, 'rmse': 0.16271762549877167}"
train,"{'mae': 0.01532226987183094, 'rmse': 0.018288306891918182}","{'mae': 0.1230936348438263, 'rmse': 0.16329146921634674}"
val,"{'mae': 0.014812871813774109, 'rmse': 0.018730703741312027}","{'mae': 0.12202759832143784, 'rmse': 0.16287551820278168}"
train,"{'mae': 0.01527875754982233, 'rmse': 0.018286067992448807}","{'mae': 0.12326657772064209, 'rmse': 0.1634325534105301}"
val,"{'mae': 0.015907464548945427, 'rmse': 0.018817031756043434}","{'mae': 0.12236936390399933, 'rmse': 0.16306209564208984}"
train,"{'mae': 0.015219029039144516, 'rmse': 0.018208753317594528}","{'mae': 0.12306032329797745, 'rmse': 0.16332514584064484}"
val,"{'mae': 0.015355276875197887, 'rmse': 0.018433446064591408}","{'mae': 0.1218661218881607, 'rmse': 0.1626831293106079}"
train,"{'mae': 0.01524796336889267, 'rmse': 0.018218597397208214}","{'mae': 0.12297248095273972, 'rmse': 0.1632252037525177}"
val,"{'mae': 0.015587858855724335, 'rmse': 0.018577147275209427}","{'mae': 0.12186931818723679, 'rmse': 0.16268311440944672}"
train,"{'mae': 0.01528384629637003, 'rmse': 0.01830143667757511}","{'mae': 0.12305587530136108, 'rmse': 0.1632421612739563}"
val,"{'mae': 0.0156265739351511, 'rmse': 0.018598878756165504}","{'mae': 0.12199427932500839, 'rmse': 0.16282305121421814}"
train,"{'mae': 0.015302672050893307, 'rmse': 0.018327847123146057}","{'mae': 0.12336719036102295, 'rmse': 0.16354885697364807}"
val,"{'mae': 0.015427655540406704, 'rmse': 0.018469152972102165}","{'mae': 0.12224474549293518, 'rmse': 0.1631513088941574}"
train,"{'mae': 0.015198072418570518, 'rmse': 0.018227554857730865}","{'mae': 0.12317777425050735, 'rmse': 0.1633930802345276}"
val,"{'mae': 0.015850527212023735, 'rmse': 0.01876615732908249}","{'mae': 0.12191799283027649, 'rmse': 0.16273994743824005}"
train,"{'mae': 0.015242964960634708, 'rmse': 0.018373548984527588}","{'mae': 0.12316258251667023, 'rmse': 0.1633657068014145}"
val,"{'mae': 0.01495327427983284, 'rmse': 0.018426336348056793}","{'mae': 0.12198510020971298, 'rmse': 0.16277557611465454}"
train,"{'mae': 0.01522510964423418, 'rmse': 0.018256867304444313}","{'mae': 0.12326622754335403, 'rmse': 0.16341134905815125}"
val,"{'mae': 0.015398441813886166, 'rmse': 0.018461598083376884}","{'mae': 0.12226875871419907, 'rmse': 0.16312973201274872}"
train,"{'mae': 0.015261046588420868, 'rmse': 0.018229709938168526}","{'mae': 0.12304140627384186, 'rmse': 0.16325616836547852}"
val,"{'mae': 0.015335941687226295, 'rmse': 0.018422825261950493}","{'mae': 0.12191341072320938, 'rmse': 0.16279615461826324}"
train,"{'mae': 0.01524051371961832, 'rmse': 0.01821894571185112}","{'mae': 0.12312222272157669, 'rmse': 0.16330721974372864}"
val,"{'mae': 0.015164976939558983, 'rmse': 0.018376493826508522}","{'mae': 0.1219259575009346, 'rmse': 0.16269750893115997}"
train,"{'mae': 0.015277843922376633, 'rmse': 0.018240701407194138}","{'mae': 0.12298169732093811, 'rmse': 0.16318950057029724}"
val,"{'mae': 0.015250658616423607, 'rmse': 0.018387557938694954}","{'mae': 0.12181790918111801, 'rmse': 0.16263049840927124}"
train,"{'mae': 0.015236741863191128, 'rmse': 0.018248768523335457}","{'mae': 0.12298429757356644, 'rmse': 0.16317252814769745}"
val,"{'mae': 0.014921780675649643, 'rmse': 0.01843329705297947}","{'mae': 0.12211185693740845, 'rmse': 0.1630508303642273}"
train,"{'mae': 0.015195900574326515, 'rmse': 0.01824554242193699}","{'mae': 0.12301995605230331, 'rmse': 0.16321967542171478}"
val,"{'mae': 0.01536305621266365, 'rmse': 0.018438581377267838}","{'mae': 0.12226440757513046, 'rmse': 0.16294044256210327}"
train,"{'mae': 0.015226270072162151, 'rmse': 0.018285127356648445}","{'mae': 0.12299233675003052, 'rmse': 0.16320134699344635}"
val,"{'mae': 0.015196428634226322, 'rmse': 0.018381115049123764}","{'mae': 0.12186113744974136, 'rmse': 0.16264452040195465}"
train,"{'mae': 0.015337224118411541, 'rmse': 0.018224893137812614}","{'mae': 0.12298184633255005, 'rmse': 0.16319452226161957}"
val,"{'mae': 0.01528315432369709, 'rmse': 0.018399449065327644}","{'mae': 0.1218671128153801, 'rmse': 0.16272816061973572}"
train,"{'mae': 0.01521336380392313, 'rmse': 0.018265994265675545}","{'mae': 0.12297365814447403, 'rmse': 0.16320966184139252}"
val,"{'mae': 0.015399042516946793, 'rmse': 0.018452944234013557}","{'mae': 0.1218201145529747, 'rmse': 0.16262373328208923}"
train,"{'mae': 0.015162820927798748, 'rmse': 0.018202289938926697}","{'mae': 0.12293344736099243, 'rmse': 0.16315363347530365}"
val,"{'mae': 0.015483363531529903, 'rmse': 0.018506940454244614}","{'mae': 0.12217190116643906, 'rmse': 0.16285328567028046}"
train,"{'mae': 0.015376465395092964, 'rmse': 0.018363051116466522}","{'mae': 0.12307925522327423, 'rmse': 0.16325892508029938}"
val,"{'mae': 0.01546796876937151, 'rmse': 0.01849169284105301}","{'mae': 0.12190262228250504, 'rmse': 0.1626538634300232}"
train,"{'mae': 0.015249505639076233, 'rmse': 0.018222805112600327}","{'mae': 0.12293930351734161, 'rmse': 0.16315136849880219}"
val,"{'mae': 0.014945471659302711, 'rmse': 0.01841399259865284}","{'mae': 0.12183653563261032, 'rmse': 0.1626419872045517}"
train,"{'mae': 0.015235627070069313, 'rmse': 0.018280602991580963}","{'mae': 0.12300492078065872, 'rmse': 0.16321206092834473}"
val,"{'mae': 0.014960544183850288, 'rmse': 0.01840287819504738}","{'mae': 0.12177333980798721, 'rmse': 0.1625852882862091}"
train,"{'mae': 0.015317410230636597, 'rmse': 0.01828739419579506}","{'mae': 0.12295827269554138, 'rmse': 0.16315753757953644}"
val,"{'mae': 0.01538006030023098, 'rmse': 0.018444731831550598}","{'mae': 0.12193341553211212, 'rmse': 0.1626659780740738}"
train,"{'mae': 0.015247046947479248, 'rmse': 0.018233975395560265}","{'mae': 0.12295056879520416, 'rmse': 0.16316445171833038}"
val,"{'mae': 0.015264506451785564, 'rmse': 0.0183959249407053}","{'mae': 0.12182887643575668, 'rmse': 0.16261513531208038}"
train,"{'mae': 0.015271537005901337, 'rmse': 0.01820952259004116}","{'mae': 0.12300686538219452, 'rmse': 0.16317477822303772}"
val,"{'mae': 0.015178375877439976, 'rmse': 0.018376672640442848}","{'mae': 0.12196189165115356, 'rmse': 0.1626884788274765}"
train,"{'mae': 0.015199604444205761, 'rmse': 0.01821194216609001}","{'mae': 0.12286904454231262, 'rmse': 0.16307871043682098}"
val,"{'mae': 0.015332173556089401, 'rmse': 0.01842021569609642}","{'mae': 0.12176810204982758, 'rmse': 0.1625465601682663}"
train,"{'mae': 0.015239988453686237, 'rmse': 0.01824108697474003}","{'mae': 0.12293624877929688, 'rmse': 0.16314686834812164}"
val,"{'mae': 0.015283453278243542, 'rmse': 0.018398433923721313}","{'mae': 0.1217915266752243, 'rmse': 0.16259486973285675}"
train,"{'mae': 0.01534742396324873, 'rmse': 0.018298804759979248}","{'mae': 0.12297894060611725, 'rmse': 0.16317811608314514}"
val,"{'mae': 0.015184110030531883, 'rmse': 0.01837536320090294}","{'mae': 0.12179873138666153, 'rmse': 0.16262207925319672}"
train,"{'mae': 0.015283240005373955, 'rmse': 0.018238544464111328}","{'mae': 0.1229349747300148, 'rmse': 0.16310761868953705}"
val,"{'mae': 0.015094418078660965, 'rmse': 0.018374092876911163}","{'mae': 0.12191083282232285, 'rmse': 0.16265210509300232}"
train,"{'mae': 0.015220683068037033, 'rmse': 0.018252119421958923}","{'mae': 0.12293309718370438, 'rmse': 0.16312181949615479}"
val,"{'mae': 0.015115433372557163, 'rmse': 0.018365830183029175}","{'mae': 0.12178663164377213, 'rmse': 0.162569060921669}"
train,"{'mae': 0.015232554636895657, 'rmse': 0.0182082150131464}","{'mae': 0.12286783754825592, 'rmse': 0.16305646300315857}"
val,"{'mae': 0.015211752615869045, 'rmse': 0.018379410728812218}","{'mae': 0.1217525526881218, 'rmse': 0.16257721185684204}"
train,"{'mae': 0.015222175046801567, 'rmse': 0.01820632815361023}","{'mae': 0.12286394834518433, 'rmse': 0.16306424140930176}"
val,"{'mae': 0.015362624078989029, 'rmse': 0.018432311713695526}","{'mae': 0.1217779591679573, 'rmse': 0.1625811606645584}"
train,"{'mae': 0.015217886306345463, 'rmse': 0.01819116622209549}","{'mae': 0.12289320677518845, 'rmse': 0.1631021499633789}"
val,"{'mae': 0.015137762762606144, 'rmse': 0.018367363139986992}","{'mae': 0.12176141887903214, 'rmse': 0.1625714898109436}"
train,"{'mae': 0.01522337831556797, 'rmse': 0.018187427893280983}","{'mae': 0.12283990532159805, 'rmse': 0.1630445122718811}"
val,"{'mae': 0.015119041316211224, 'rmse': 0.018367944285273552}","{'mae': 0.12175435572862625, 'rmse': 0.16255931556224823}"
train,"{'mae': 0.01523192785680294, 'rmse': 0.018216310068964958}","{'mae': 0.12287165969610214, 'rmse': 0.1630580872297287}"
val,"{'mae': 0.015265378169715405, 'rmse': 0.018395422026515007}","{'mae': 0.12180744111537933, 'rmse': 0.16258271038532257}"
train,"{'mae': 0.015240032225847244, 'rmse': 0.018194712698459625}","{'mae': 0.12290696799755096, 'rmse': 0.1631070077419281}"
val,"{'mae': 0.015078541822731495, 'rmse': 0.018365204334259033}","{'mae': 0.12178758531808853, 'rmse': 0.16260632872581482}"
train,"{'mae': 0.015262148343026638, 'rmse': 0.0181887224316597}","{'mae': 0.12285166233778, 'rmse': 0.16304351389408112}"
val,"{'mae': 0.015061283484101295, 'rmse': 0.01836862601339817}","{'mae': 0.12177691608667374, 'rmse': 0.1626145988702774}"
train,"{'mae': 0.01515941508114338, 'rmse': 0.018190795555710793}","{'mae': 0.12283360958099365, 'rmse': 0.16304636001586914}"
val,"{'mae': 0.015219935216009617, 'rmse': 0.018379857763648033}","{'mae': 0.12182419747114182, 'rmse': 0.1626732498407364}"
train,"{'mae': 0.015210590325295925, 'rmse': 0.018178703263401985}","{'mae': 0.12283430993556976, 'rmse': 0.16305451095104218}"
val,"{'mae': 0.015272538177669048, 'rmse': 0.018397148698568344}","{'mae': 0.12174134701490402, 'rmse': 0.16254699230194092}"
train,"{'mae': 0.015242313966155052, 'rmse': 0.018193654716014862}","{'mae': 0.12283653020858765, 'rmse': 0.1630277782678604}"
val,"{'mae': 0.015088677406311035, 'rmse': 0.01836845465004444}","{'mae': 0.12176171690225601, 'rmse': 0.16255587339401245}"
train,"{'mae': 0.015220577828586102, 'rmse': 0.018168820068240166}","{'mae': 0.12292204797267914, 'rmse': 0.1631012111902237}"
val,"{'mae': 0.0150159215554595, 'rmse': 0.018380368128418922}","{'mae': 0.12180116027593613, 'rmse': 0.1625804305076599}"
train,"{'mae': 0.015227803029119968, 'rmse': 0.018200574442744255}","{'mae': 0.12289708852767944, 'rmse': 0.16309133172035217}"
val,"{'mae': 0.01498954463750124, 'rmse': 0.018385758623480797}","{'mae': 0.12193135172128677, 'rmse': 0.1628204733133316}"
train,"{'mae': 0.015182126313447952, 'rmse': 0.018190018832683563}","{'mae': 0.12284307181835175, 'rmse': 0.1630358248949051}"
val,"{'mae': 0.015330854803323746, 'rmse': 0.018418336287140846}","{'mae': 0.12173174321651459, 'rmse': 0.16253019869327545}"
train,"{'mae': 0.015233061276376247, 'rmse': 0.01819152943789959}","{'mae': 0.12287517637014389, 'rmse': 0.16308768093585968}"
val,"{'mae': 0.01519519928842783, 'rmse': 0.01837579347193241}","{'mae': 0.12186440825462341, 'rmse': 0.1627189964056015}"
train,"{'mae': 0.015249527059495449, 'rmse': 0.018176071345806122}","{'mae': 0.12282941490411758, 'rmse': 0.16303806006908417}"
val,"{'mae': 0.014996125362813473, 'rmse': 0.018381064757704735}","{'mae': 0.12173087149858475, 'rmse': 0.16255556046962738}"
train,"{'mae': 0.015254750847816467, 'rmse': 0.018208598718047142}","{'mae': 0.12281699478626251, 'rmse': 0.16303366422653198}"
val,"{'mae': 0.015025786124169827, 'rmse': 0.018375085666775703}","{'mae': 0.12176229804754257, 'rmse': 0.16255827248096466}"
train,"{'mae': 0.0152268186211586, 'rmse': 0.018180212005972862}","{'mae': 0.12295965850353241, 'rmse': 0.1631447970867157}"
val,"{'mae': 0.015076535753905773, 'rmse': 0.018369387835264206}","{'mae': 0.12177659571170807, 'rmse': 0.16257160902023315}"
train,"{'mae': 0.015176648274064064, 'rmse': 0.018175777047872543}","{'mae': 0.1228940561413765, 'rmse': 0.16308343410491943}"
val,"{'mae': 0.015291246585547924, 'rmse': 0.01839989237487316}","{'mae': 0.12171642482280731, 'rmse': 0.16249974071979523}"
train,"{'mae': 0.015203419141471386, 'rmse': 0.018170220777392387}","{'mae': 0.12290927767753601, 'rmse': 0.16311676800251007}"
val,"{'mae': 0.015178092755377293, 'rmse': 0.018374990671873093}","{'mae': 0.1218741238117218, 'rmse': 0.16261054575443268}"
train,"{'mae': 0.015248576179146767, 'rmse': 0.018202953040599823}","{'mae': 0.12281592935323715, 'rmse': 0.16302423179149628}"
val,"{'mae': 0.015022248029708862, 'rmse': 0.018372302874922752}","{'mae': 0.12179362028837204, 'rmse': 0.1626335233449936}"
train,"{'mae': 0.015142902731895447, 'rmse': 0.018229138106107712}","{'mae': 0.12285052239894867, 'rmse': 0.163068488240242}"
val,"{'mae': 0.014953850768506527, 'rmse': 0.018401002511382103}","{'mae': 0.121732696890831, 'rmse': 0.16255338490009308}"
train,"{'mae': 0.01522933691740036, 'rmse': 0.01819581910967827}","{'mae': 0.1229461133480072, 'rmse': 0.1631477028131485}"
val,"{'mae': 0.014973459765315056, 'rmse': 0.01838335208594799}","{'mae': 0.12186454981565475, 'rmse': 0.16272005438804626}"
train,"{'mae': 0.01522238552570343, 'rmse': 0.018207736313343048}","{'mae': 0.1230071634054184, 'rmse': 0.16323024034500122}"
val,"{'mae': 0.01502569392323494, 'rmse': 0.01836681365966797}","{'mae': 0.1218816488981247, 'rmse': 0.16272200644016266}"
train,"{'mae': 0.015078331343829632, 'rmse': 0.018154602497816086}","{'mae': 0.12306715548038483, 'rmse': 0.16328833997249603}"
val,"{'mae': 0.015843749046325684, 'rmse': 0.01875612512230873}","{'mae': 0.12217599153518677, 'rmse': 0.1628360152244568}"
train,"{'mae': 0.015250736847519875, 'rmse': 0.018258197233080864}","{'mae': 0.12310917675495148, 'rmse': 0.16334886848926544}"
val,"{'mae': 0.015080449171364307, 'rmse': 0.018362026661634445}","{'mae': 0.1218583956360817, 'rmse': 0.16274885833263397}"
train,"{'mae': 0.01522084977477789, 'rmse': 0.018153546378016472}","{'mae': 0.12308336794376373, 'rmse': 0.16334402561187744}"
val,"{'mae': 0.015085680410265923, 'rmse': 0.018361516296863556}","{'mae': 0.12189482897520065, 'rmse': 0.1627722680568695}"
train,"{'mae': 0.015180432237684727, 'rmse': 0.018166163936257362}","{'mae': 0.12317733466625214, 'rmse': 0.1634896993637085}"
val,"{'mae': 0.015233287587761879, 'rmse': 0.018376726657152176}","{'mae': 0.12193562090396881, 'rmse': 0.16281656920909882}"
train,"{'mae': 0.015199844725430012, 'rmse': 0.018142182379961014}","{'mae': 0.12315168976783752, 'rmse': 0.1634165346622467}"
val,"{'mae': 0.015152117237448692, 'rmse': 0.01836084946990013}","{'mae': 0.1219201385974884, 'rmse': 0.16273678839206696}"
train,"{'mae': 0.015196037478744984, 'rmse': 0.01814142055809498}","{'mae': 0.12315498292446136, 'rmse': 0.16341160237789154}"
val,"{'mae': 0.015094463713467121, 'rmse': 0.01835658773779869}","{'mae': 0.12193545699119568, 'rmse': 0.1628085821866989}"
train,"{'mae': 0.01520385779440403, 'rmse': 0.018142884597182274}","{'mae': 0.12316669523715973, 'rmse': 0.16340599954128265}"
val,"{'mae': 0.015169437043368816, 'rmse': 0.01836537756025791}","{'mae': 0.12194892019033432, 'rmse': 0.16274812817573547}"
train,"{'mae': 0.015135045163333416, 'rmse': 0.018147272989153862}","{'mae': 0.12317853420972824, 'rmse': 0.1634281426668167}"
val,"{'mae': 0.015026071108877659, 'rmse': 0.018369344994425774}","{'mae': 0.1219547763466835, 'rmse': 0.16286666691303253}"
train,"{'mae': 0.015172711573541164, 'rmse': 0.018158458173274994}","{'mae': 0.12313654273748398, 'rmse': 0.163404643535614}"
val,"{'mae': 0.015040065161883831, 'rmse': 0.01836542598903179}","{'mae': 0.12194772064685822, 'rmse': 0.16281627118587494}"
train,"{'mae': 0.015078417025506496, 'rmse': 0.01819981448352337}","{'mae': 0.12317918986082077, 'rmse': 0.16344121098518372}"
val,"{'mae': 0.015367262065410614, 'rmse': 0.018430111929774284}","{'mae': 0.12201657891273499, 'rmse': 0.16279008984565735}"
train,"{'mae': 0.015252352692186832, 'rmse': 0.01815810613334179}","{'mae': 0.1232515498995781, 'rmse': 0.1635027676820755}"
val,"{'mae': 0.015000242739915848, 'rmse': 0.018380537629127502}","{'mae': 0.12198229879140854, 'rmse': 0.16294625401496887}"
train,"{'mae': 0.015170866623520851, 'rmse': 0.018157798796892166}","{'mae': 0.12320998311042786, 'rmse': 0.1634790003299713}"
val,"{'mae': 0.015223808586597443, 'rmse': 0.018374262377619743}","{'mae': 0.12196989357471466, 'rmse': 0.16283871233463287}"
train,"{'mae': 0.015124606899917126, 'rmse': 0.018158501014113426}","{'mae': 0.12321566790342331, 'rmse': 0.16353102028369904}"
val,"{'mae': 0.015106083825230598, 'rmse': 0.01836027018725872}","{'mae': 0.12196018546819687, 'rmse': 0.16293735802173615}"
train,"{'mae': 0.015201258473098278, 'rmse': 0.0181642584502697}","{'mae': 0.12322153151035309, 'rmse': 0.16354838013648987}"
val,"{'mae': 0.01505825575441122, 'rmse': 0.01836566999554634}","{'mae': 0.1219513863325119, 'rmse': 0.16291451454162598}"
train,"{'mae': 0.015157176181674004, 'rmse': 0.018226923421025276}","{'mae': 0.12323054671287537, 'rmse': 0.1635681837797165}"
val,"{'mae': 0.015182348899543285, 'rmse': 0.018368486315011978}","{'mae': 0.12198526412248611, 'rmse': 0.16288892924785614}"
train,"{'mae': 0.015149197541177273, 'rmse': 0.018156137317419052}","{'mae': 0.12328550964593887, 'rmse': 0.16361768543720245}"
val,"{'mae': 0.015243477188050747, 'rmse': 0.018379753455519676}","{'mae': 0.1220371201634407, 'rmse': 0.16295595467090607}"
train,"{'mae': 0.015170561149716377, 'rmse': 0.01814107783138752}","{'mae': 0.12333685159683228, 'rmse': 0.16365905106067657}"
val,"{'mae': 0.015008237212896347, 'rmse': 0.01837771199643612}","{'mae': 0.1220412403345108, 'rmse': 0.16298358142375946}"
train,"{'mae': 0.01515725813806057, 'rmse': 0.01815423183143139}","{'mae': 0.12331846356391907, 'rmse': 0.1636170744895935}"
val,"{'mae': 0.01514749601483345, 'rmse': 0.01836314983665943}","{'mae': 0.12203551083803177, 'rmse': 0.1629004031419754}"
train,"{'mae': 0.015061991289258003, 'rmse': 0.018161416053771973}","{'mae': 0.12327999621629715, 'rmse': 0.16359145939350128}"
val,"{'mae': 0.015029486268758774, 'rmse': 0.018374375998973846}","{'mae': 0.1219952180981636, 'rmse': 0.16293807327747345}"
train,"{'mae': 0.01527904812246561, 'rmse': 0.01816336065530777}","{'mae': 0.12329134345054626, 'rmse': 0.1635901778936386}"
val,"{'mae': 0.015198289416730404, 'rmse': 0.018372483551502228}","{'mae': 0.1219862774014473, 'rmse': 0.16291141510009766}"
train,"{'mae': 0.015163484029471874, 'rmse': 0.01812616176903248}","{'mae': 0.12325533479452133, 'rmse': 0.16357304155826569}"
val,"{'mae': 0.01511000469326973, 'rmse': 0.018363570794463158}","{'mae': 0.12197020649909973, 'rmse': 0.16294346749782562}"
train,"{'mae': 0.015127848833799362, 'rmse': 0.01814906671643257}","{'mae': 0.12324336171150208, 'rmse': 0.16357576847076416}"
val,"{'mae': 0.015190835110843182, 'rmse': 0.018368002027273178}","{'mae': 0.12197668850421906, 'rmse': 0.16288955509662628}"
train,"{'mae': 0.015134180895984173, 'rmse': 0.018139883875846863}","{'mae': 0.12328945100307465, 'rmse': 0.16359950602054596}"
val,"{'mae': 0.015129836276173592, 'rmse': 0.018359199166297913}","{'mae': 0.12200722843408585, 'rmse': 0.16292253136634827}"
train,"{'mae': 0.01517034973949194, 'rmse': 0.01812305487692356}","{'mae': 0.12332159280776978, 'rmse': 0.1636275202035904}"
val,"{'mae': 0.015131253749132156, 'rmse': 0.018358800560235977}","{'mae': 0.12202180922031403, 'rmse': 0.16293101012706757}"
train,"{'mae': 0.015154941938817501, 'rmse': 0.01812967285513878}","{'mae': 0.12332022190093994, 'rmse': 0.16363783180713654}"
val,"{'mae': 0.0151003273203969, 'rmse': 0.018358102068305016}","{'mae': 0.12201564759016037, 'rmse': 0.1629653424024582}"
train,"{'mae': 0.015172981657087803, 'rmse': 0.018121307715773582}","{'mae': 0.12330173701047897, 'rmse': 0.16361656785011292}"
val,"{'mae': 0.015103090554475784, 'rmse': 0.018358945846557617}","{'mae': 0.12199093401432037, 'rmse': 0.16291789710521698}"
train,"{'mae': 0.015124169178307056, 'rmse': 0.018125686794519424}","{'mae': 0.12329750508069992, 'rmse': 0.16360709071159363}"
val,"{'mae': 0.015106462873518467, 'rmse': 0.018358130007982254}","{'mae': 0.12200245261192322, 'rmse': 0.1629273146390915}"
train,"{'mae': 0.015134966932237148, 'rmse': 0.018120868131518364}","{'mae': 0.12329975515604019, 'rmse': 0.16362759470939636}"
val,"{'mae': 0.015094656497240067, 'rmse': 0.018358498811721802}","{'mae': 0.12199564278125763, 'rmse': 0.16293728351593018}"
train,"{'mae': 0.0151826785877347, 'rmse': 0.01812601089477539}","{'mae': 0.12332224100828171, 'rmse': 0.1636267453432083}"
val,"{'mae': 0.015213120728731155, 'rmse': 0.01837177574634552}","{'mae': 0.12203555554151535, 'rmse': 0.16289347410202026}"
train,"{'mae': 0.015228316187858582, 'rmse': 0.018154438585042953}","{'mae': 0.12336888909339905, 'rmse': 0.16365844011306763}"
val,"{'mae': 0.01526270154863596, 'rmse': 0.018384333699941635}","{'mae': 0.12207101285457611, 'rmse': 0.16292418539524078}"
train,"{'mae': 0.015084917657077312, 'rmse': 0.01814313977956772}","{'mae': 0.12338228523731232, 'rmse': 0.16366472840309143}"
val,"{'mae': 0.01497664675116539, 'rmse': 0.018386924639344215}","{'mae': 0.12209294736385345, 'rmse': 0.16300466656684875}"
train,"{'mae': 0.015113640576601028, 'rmse': 0.018129827454686165}","{'mae': 0.12339978665113449, 'rmse': 0.1636773943901062}"
val,"{'mae': 0.015107241459190845, 'rmse': 0.018355952575802803}","{'mae': 0.12208256125450134, 'rmse': 0.16294686496257782}"
train,"{'mae': 0.015166128985583782, 'rmse': 0.01814081333577633}","{'mae': 0.12337299436330795, 'rmse': 0.16364648938179016}"
val,"{'mae': 0.015244395472109318, 'rmse': 0.01837988756597042}","{'mae': 0.1221051961183548, 'rmse': 0.1629432737827301}"
train,"{'mae': 0.015151449479162693, 'rmse': 0.018119607120752335}","{'mae': 0.12338700890541077, 'rmse': 0.16364987194538116}"
val,"{'mae': 0.015049945563077927, 'rmse': 0.01836363971233368}","{'mae': 0.1220913976430893, 'rmse': 0.1630120426416397}"
train,"{'mae': 0.015101877972483635, 'rmse': 0.018124079331755638}","{'mae': 0.1233798936009407, 'rmse': 0.16366255283355713}"
val,"{'mae': 0.01513606682419777, 'rmse': 0.018359726294875145}","{'mae': 0.12208092957735062, 'rmse': 0.16299593448638916}"
train,"{'mae': 0.01513554248958826, 'rmse': 0.01811801828444004}","{'mae': 0.12338117510080338, 'rmse': 0.16368602216243744}"
val,"{'mae': 0.015088152140378952, 'rmse': 0.01836075633764267}","{'mae': 0.12210166454315186, 'rmse': 0.1630418747663498}"
train,"{'mae': 0.01511561032384634, 'rmse': 0.018125999718904495}","{'mae': 0.12342193722724915, 'rmse': 0.16372022032737732}"
val,"{'mae': 0.015100857242941856, 'rmse': 0.018360350281000137}","{'mae': 0.12211428582668304, 'rmse': 0.16304312646389008}"
train,"{'mae': 0.015168457292020321, 'rmse': 0.0181211456656456}","{'mae': 0.12340419739484787, 'rmse': 0.16370108723640442}"
val,"{'mae': 0.015152244828641415, 'rmse': 0.01836238242685795}","{'mae': 0.12209522724151611, 'rmse': 0.16302180290222168}"
train,"{'mae': 0.015140772797167301, 'rmse': 0.018111122772097588}","{'mae': 0.12339290231466293, 'rmse': 0.16369782388210297}"
val,"{'mae': 0.01510482095181942, 'rmse': 0.018360475078225136}","{'mae': 0.12209082394838333, 'rmse': 0.16302917897701263}"
train,"{'mae': 0.015139534138143063, 'rmse': 0.01811947301030159}","{'mae': 0.12338333576917648, 'rmse': 0.16368864476680756}"
val,"{'mae': 0.01511971652507782, 'rmse': 0.018360663205385208}","{'mae': 0.12208440154790878, 'rmse': 0.163020521402359}"
train,"{'mae': 0.015114250592887402, 'rmse': 0.018114494159817696}","{'mae': 0.12338367849588394, 'rmse': 0.1636875718832016}"
val,"{'mae': 0.015126965008676052, 'rmse': 0.01836021989583969}","{'mae': 0.12208427488803864, 'rmse': 0.16300584375858307}"
train,"{'mae': 0.015177558176219463, 'rmse': 0.01811571978032589}","{'mae': 0.12338104844093323, 'rmse': 0.16368111968040466}"
val,"{'mae': 0.015157103538513184, 'rmse': 0.01836230233311653}","{'mae': 0.1220751702785492, 'rmse': 0.16299879550933838}"
train,"{'mae': 0.01511147990822792, 'rmse': 0.018122073262929916}","{'mae': 0.12338259071111679, 'rmse': 0.1636885404586792}"
val,"{'mae': 0.015091676265001297, 'rmse': 0.018360698595643044}","{'mae': 0.12207389622926712, 'rmse': 0.16300491988658905}"
train,"{'mae': 0.015116785652935505, 'rmse': 0.018115168437361717}","{'mae': 0.12337926775217056, 'rmse': 0.16367755830287933}"
val,"{'mae': 0.01511823758482933, 'rmse': 0.01836087554693222}","{'mae': 0.12207087874412537, 'rmse': 0.16299042105674744}"
train,"{'mae': 0.015171914361417294, 'rmse': 0.01811523362994194}","{'mae': 0.12337354570627213, 'rmse': 0.16366736590862274}"
val,"{'mae': 0.015177465043962002, 'rmse': 0.01836596615612507}","{'mae': 0.12206865102052689, 'rmse': 0.162969708442688}"
train,"{'mae': 0.015158139169216156, 'rmse': 0.018115805462002754}","{'mae': 0.12335946410894394, 'rmse': 0.16365598142147064}"
val,"{'mae': 0.015091441571712494, 'rmse': 0.01836325414478779}","{'mae': 0.12204880267381668, 'rmse': 0.16298659145832062}"
train,"{'mae': 0.0151568204164505, 'rmse': 0.018117012456059456}","{'mae': 0.12334275245666504, 'rmse': 0.1636415719985962}"
val,"{'mae': 0.015090220607817173, 'rmse': 0.01836365833878517}","{'mae': 0.12205366045236588, 'rmse': 0.162991002202034}"
train,"{'mae': 0.015074130147695541, 'rmse': 0.01812470331788063}","{'mae': 0.12335298955440521, 'rmse': 0.16365939378738403}"
val,"{'mae': 0.015119477175176144, 'rmse': 0.018362125381827354}","{'mae': 0.12206017225980759, 'rmse': 0.16298390924930573}"
train,"{'mae': 0.015152491629123688, 'rmse': 0.018110331147909164}","{'mae': 0.12336835265159607, 'rmse': 0.16366584599018097}"
val,"{'mae': 0.015132242813706398, 'rmse': 0.018362386152148247}","{'mae': 0.1220632791519165, 'rmse': 0.16298463940620422}"
train,"{'mae': 0.015078842639923096, 'rmse': 0.01814119890332222}","{'mae': 0.12335753440856934, 'rmse': 0.1636677384376526}"
val,"{'mae': 0.015017645433545113, 'rmse': 0.01837741956114769}","{'mae': 0.12206009775400162, 'rmse': 0.16302074491977692}"
train,"{'mae': 0.015104579739272594, 'rmse': 0.018121492117643356}","{'mae': 0.12335459142923355, 'rmse': 0.16366969048976898}"
val,"{'mae': 0.015135328285396099, 'rmse': 0.01836293749511242}","{'mae': 0.1220577284693718, 'rmse': 0.16298501193523407}"
train,"{'mae': 0.015172529965639114, 'rmse': 0.01811402477324009}","{'mae': 0.12337304651737213, 'rmse': 0.16368016600608826}"
val,"{'mae': 0.015123470686376095, 'rmse': 0.018361561000347137}","{'mae': 0.12205691635608673, 'rmse': 0.16299714148044586}"
train,"{'mae': 0.015064102597534657, 'rmse': 0.018157267943024635}","{'mae': 0.12338316440582275, 'rmse': 0.16369901597499847}"
val,"{'mae': 0.015007087960839272, 'rmse': 0.01838020421564579}","{'mae': 0.12209343910217285, 'rmse': 0.16304780542850494}"
train,"{'mae': 0.01513450127094984, 'rmse': 0.018121041357517242}","{'mae': 0.12340202182531357, 'rmse': 0.1636909693479538}"
val,"{'mae': 0.015148012898862362, 'rmse': 0.01836274191737175}","{'mae': 0.12208706140518188, 'rmse': 0.16299942135810852}"
train,"{'mae': 0.015141178853809834, 'rmse': 0.01811254397034645}","{'mae': 0.12340763956308365, 'rmse': 0.1636955738067627}"
val,"{'mae': 0.015124784782528877, 'rmse': 0.018361186608672142}","{'mae': 0.12208887934684753, 'rmse': 0.16299229860305786}"
train,"{'mae': 0.015154173597693443, 'rmse': 0.018123742192983627}","{'mae': 0.12341814488172531, 'rmse': 0.16370724141597748}"
val,"{'mae': 0.015091919340193272, 'rmse': 0.018360337242484093}","{'mae': 0.12209700793027878, 'rmse': 0.16301679611206055}"
train,"{'mae': 0.015100502409040928, 'rmse': 0.01812225952744484}","{'mae': 0.12341997027397156, 'rmse': 0.1637158840894699}"
val,"{'mae': 0.015088316053152084, 'rmse': 0.018361277878284454}","{'mae': 0.12208829075098038, 'rmse': 0.1630006730556488}"
train,"{'mae': 0.01512090303003788, 'rmse': 0.018111491575837135}","{'mae': 0.1234080046415329, 'rmse': 0.16370370984077454}"
val,"{'mae': 0.015108763240277767, 'rmse': 0.018360620364546776}","{'mae': 0.12208319455385208, 'rmse': 0.1629956215620041}"
train,"{'mae': 0.015147744677960873, 'rmse': 0.01811313070356846}","{'mae': 0.12340427190065384, 'rmse': 0.1637023240327835}"
val,"{'mae': 0.015164605341851711, 'rmse': 0.01836385391652584}","{'mae': 0.1220860630273819, 'rmse': 0.16298899054527283}"
train,"{'mae': 0.015160050243139267, 'rmse': 0.01810942403972149}","{'mae': 0.12340712547302246, 'rmse': 0.16370317339897156}"
val,"{'mae': 0.015143315307796001, 'rmse': 0.018361572176218033}","{'mae': 0.12208372354507446, 'rmse': 0.16299398243427277}"
train,"{'mae': 0.0151671739295125, 'rmse': 0.01810923032462597}","{'mae': 0.12341488897800446, 'rmse': 0.16370658576488495}"
val,"{'mae': 0.01518258173018694, 'rmse': 0.018365640193223953}","{'mae': 0.12209957093000412, 'rmse': 0.16299419105052948}"
train,"{'mae': 0.015185071155428886, 'rmse': 0.018107816576957703}","{'mae': 0.12342502176761627, 'rmse': 0.16371507942676544}"
val,"{'mae': 0.015158839523792267, 'rmse': 0.01836189068853855}","{'mae': 0.12209595739841461, 'rmse': 0.16300241649150848}"
train,"{'mae': 0.015125973150134087, 'rmse': 0.01811535656452179}","{'mae': 0.1234067752957344, 'rmse': 0.16371022164821625}"
val,"{'mae': 0.015083757229149342, 'rmse': 0.018361428752541542}","{'mae': 0.12208013236522675, 'rmse': 0.16301655769348145}"
train,"{'mae': 0.01511200051754713, 'rmse': 0.018112143501639366}","{'mae': 0.12339842319488525, 'rmse': 0.16370445489883423}"
val,"{'mae': 0.01510468777269125, 'rmse': 0.018360286951065063}","{'mae': 0.12208002805709839, 'rmse': 0.16301240026950836}"
train,"{'mae': 0.015118037350475788, 'rmse': 0.018111158162355423}","{'mae': 0.12339580804109573, 'rmse': 0.16370302438735962}"
val,"{'mae': 0.015101879835128784, 'rmse': 0.018360519781708717}","{'mae': 0.12207542359828949, 'rmse': 0.16301366686820984}"
train,"{'mae': 0.015104181133210659, 'rmse': 0.018113547936081886}","{'mae': 0.1233888491988182, 'rmse': 0.163702592253685}"
val,"{'mae': 0.015076576732099056, 'rmse': 0.018362248316407204}","{'mae': 0.12207286804914474, 'rmse': 0.16302284598350525}"
train,"{'mae': 0.015093262307345867, 'rmse': 0.018116848543286324}","{'mae': 0.12338975816965103, 'rmse': 0.1637045294046402}"
val,"{'mae': 0.015082521364092827, 'rmse': 0.018361564725637436}","{'mae': 0.12207472324371338, 'rmse': 0.16301923990249634}"
train,"{'mae': 0.01509910449385643, 'rmse': 0.01811431348323822}","{'mae': 0.12339227646589279, 'rmse': 0.16370725631713867}"
val,"{'mae': 0.015094070695340633, 'rmse': 0.01836041919887066}","{'mae': 0.1220778226852417, 'rmse': 0.16302548348903656}"
train,"{'mae': 0.015135535039007664, 'rmse': 0.018111342564225197}","{'mae': 0.12339498102664948, 'rmse': 0.16370771825313568}"
val,"{'mae': 0.01511623989790678, 'rmse': 0.018360061571002007}","{'mae': 0.12207599729299545, 'rmse': 0.1630169004201889}"
train,"{'mae': 0.015107914805412292, 'rmse': 0.018111566081643105}","{'mae': 0.12339608371257782, 'rmse': 0.16371218860149384}"
val,"{'mae': 0.015084316954016685, 'rmse': 0.01836101897060871}","{'mae': 0.12208079546689987, 'rmse': 0.16302932798862457}"
train,"{'mae': 0.015111681073904037, 'rmse': 0.018111977726221085}","{'mae': 0.12340531498193741, 'rmse': 0.1637154370546341}"
val,"{'mae': 0.015108948573470116, 'rmse': 0.018359757959842682}","{'mae': 0.1220916211605072, 'rmse': 0.16302110254764557}"
train,"{'mae': 0.015131045132875443, 'rmse': 0.018109027296304703}","{'mae': 0.1234099417924881, 'rmse': 0.16371628642082214}"
val,"{'mae': 0.015127736143767834, 'rmse': 0.0183599554002285}","{'mae': 0.12208832055330276, 'rmse': 0.16302210092544556}"
train,"{'mae': 0.015146732330322266, 'rmse': 0.01810724101960659}","{'mae': 0.12341535091400146, 'rmse': 0.16371743381023407}"
val,"{'mae': 0.015137003734707832, 'rmse': 0.018359798938035965}","{'mae': 0.12209402769804001, 'rmse': 0.16301923990249634}"
train,"{'mae': 0.015171589329838753, 'rmse': 0.01810929924249649}","{'mae': 0.1234157383441925, 'rmse': 0.16371460258960724}"
val,"{'mae': 0.015129713341593742, 'rmse': 0.018359176814556122}","{'mae': 0.12209316343069077, 'rmse': 0.16301892697811127}"
train,"{'mae': 0.015115014277398586, 'rmse': 0.018115444108843803}","{'mae': 0.12341402471065521, 'rmse': 0.1637207418680191}"
val,"{'mae': 0.015097113326191902, 'rmse': 0.018358837813138962}","{'mae': 0.1220976784825325, 'rmse': 0.16303254663944244}"
train,"{'mae': 0.015153545886278152, 'rmse': 0.01810556650161743}","{'mae': 0.12342158704996109, 'rmse': 0.1637226939201355}"
val,"{'mae': 0.0151733523234725, 'rmse': 0.01836318150162697}","{'mae': 0.1220976933836937, 'rmse': 0.16301119327545166}"
train,"{'mae': 0.015166353434324265, 'rmse': 0.0181087926030159}","{'mae': 0.12341634184122086, 'rmse': 0.16371403634548187}"
val,"{'mae': 0.015145139768719673, 'rmse': 0.01835998147726059}","{'mae': 0.12209369987249374, 'rmse': 0.16301143169403076}"
train,"{'mae': 0.015165786258876324, 'rmse': 0.018105851486325264}","{'mae': 0.12341614067554474, 'rmse': 0.1637105643749237}"
val,"{'mae': 0.015158604830503464, 'rmse': 0.018361173570156097}","{'mae': 0.12209760397672653, 'rmse': 0.16300718486309052}"
train,"{'mae': 0.015165174379944801, 'rmse': 0.018105875700712204}","{'mae': 0.12341854721307755, 'rmse': 0.16371075809001923}"
val,"{'mae': 0.01514415256679058, 'rmse': 0.018359892070293427}","{'mae': 0.12209831923246384, 'rmse': 0.16301000118255615}"
train,"{'mae': 0.015155935660004616, 'rmse': 0.01810600236058235}","{'mae': 0.12341912090778351, 'rmse': 0.16370947659015656}"
val,"{'mae': 0.015142974443733692, 'rmse': 0.018359774723649025}","{'mae': 0.12209881097078323, 'rmse': 0.1630069613456726}"
train,"{'mae': 0.015155131928622723, 'rmse': 0.0181064922362566}","{'mae': 0.12341547757387161, 'rmse': 0.16370731592178345}"
val,"{'mae': 0.015145612880587578, 'rmse': 0.01836021989583969}","{'mae': 0.12209507822990417, 'rmse': 0.16300709545612335}"
train,"{'mae': 0.015147197060286999, 'rmse': 0.018106846138834953}","{'mae': 0.12341082096099854, 'rmse': 0.16370627284049988}"
val,"{'mae': 0.015131916850805283, 'rmse': 0.018359381705522537}","{'mae': 0.12209390103816986, 'rmse': 0.16301009058952332}"
train,"{'mae': 0.015138890594244003, 'rmse': 0.018106207251548767}","{'mae': 0.12341064214706421, 'rmse': 0.16370731592178345}"
val,"{'mae': 0.015118108130991459, 'rmse': 0.018359161913394928}","{'mae': 0.12209196388721466, 'rmse': 0.1630144715309143}"
train,"{'mae': 0.015123396180570126, 'rmse': 0.018108613789081573}","{'mae': 0.12340600043535233, 'rmse': 0.1637062281370163}"
val,"{'mae': 0.015105481259524822, 'rmse': 0.01835918053984642}","{'mae': 0.12209232151508331, 'rmse': 0.16301988065242767}"
train,"{'mae': 0.015129948034882545, 'rmse': 0.01811031810939312}","{'mae': 0.12340421229600906, 'rmse': 0.16370230913162231}"
val,"{'mae': 0.01512167789041996, 'rmse': 0.018359296023845673}","{'mae': 0.12208955734968185, 'rmse': 0.16301113367080688}"
train,"{'mae': 0.015138914808630943, 'rmse': 0.018107479438185692}","{'mae': 0.12340542674064636, 'rmse': 0.163702592253685}"
val,"{'mae': 0.015135242603719234, 'rmse': 0.01835988275706768}","{'mae': 0.12209123373031616, 'rmse': 0.16300812363624573}"
train,"{'mae': 0.0151443500071764, 'rmse': 0.018106285482645035}","{'mae': 0.12340690195560455, 'rmse': 0.16370245814323425}"
val,"{'mae': 0.015132452361285686, 'rmse': 0.01835993304848671}","{'mae': 0.12208978086709976, 'rmse': 0.1630076766014099}"
train,"{'mae': 0.015149472281336784, 'rmse': 0.018106868490576744}","{'mae': 0.12340949475765228, 'rmse': 0.16370251774787903}"
val,"{'mae': 0.015144623816013336, 'rmse': 0.018360663205385208}","{'mae': 0.12209533154964447, 'rmse': 0.16300512850284576}"
train,"{'mae': 0.015149174258112907, 'rmse': 0.018106278032064438}","{'mae': 0.12341128289699554, 'rmse': 0.16370494663715363}"
val,"{'mae': 0.015142159536480904, 'rmse': 0.018360406160354614}","{'mae': 0.12209349125623703, 'rmse': 0.1630087047815323}"
train,"{'mae': 0.015149865299463272, 'rmse': 0.018105369061231613}","{'mae': 0.12341058254241943, 'rmse': 0.16370506584644318}"
val,"{'mae': 0.015136046335101128, 'rmse': 0.018360169604420662}","{'mae': 0.12209347635507584, 'rmse': 0.1630120724439621}"
train,"{'mae': 0.01515241526067257, 'rmse': 0.018105903640389442}","{'mae': 0.12341273576021194, 'rmse': 0.16370654106140137}"
val,"{'mae': 0.01514477375894785, 'rmse': 0.018360529094934464}","{'mae': 0.12209755927324295, 'rmse': 0.16301104426383972}"
train,"{'mae': 0.015142685733735561, 'rmse': 0.01810629852116108}","{'mae': 0.12341273576021194, 'rmse': 0.16370627284049988}"
val,"{'mae': 0.01512332633137703, 'rmse': 0.018359467387199402}","{'mae': 0.12209655344486237, 'rmse': 0.16301535069942474}"
train,"{'mae': 0.015132858417928219, 'rmse': 0.01810733787715435}","{'mae': 0.12341218441724777, 'rmse': 0.16370819509029388}"
val,"{'mae': 0.015122669748961926, 'rmse': 0.01835934817790985}","{'mae': 0.1220959797501564, 'rmse': 0.16301500797271729}"
train,"{'mae': 0.015143698081374168, 'rmse': 0.018106302246451378}","{'mae': 0.12341435253620148, 'rmse': 0.1637086272239685}"
val,"{'mae': 0.015139625407755375, 'rmse': 0.01836002804338932}","{'mae': 0.1220981553196907, 'rmse': 0.16301235556602478}"
train,"{'mae': 0.01514219306409359, 'rmse': 0.018105696886777878}","{'mae': 0.12341538071632385, 'rmse': 0.1637088656425476}"
val,"{'mae': 0.015124989673495293, 'rmse': 0.018359126523137093}","{'mae': 0.12209956347942352, 'rmse': 0.16301508247852325}"
train,"{'mae': 0.015130391344428062, 'rmse': 0.0181077029556036}","{'mae': 0.12341518700122833, 'rmse': 0.16371071338653564}"
val,"{'mae': 0.015118622221052647, 'rmse': 0.01835908181965351}","{'mae': 0.12209805846214294, 'rmse': 0.16301874816417694}"
train,"{'mae': 0.01513032428920269, 'rmse': 0.018107878044247627}","{'mae': 0.1234104335308075, 'rmse': 0.1637079119682312}"
val,"{'mae': 0.01511514000594616, 'rmse': 0.018359119072556496}","{'mae': 0.12209583073854446, 'rmse': 0.1630183458328247}"
train,"{'mae': 0.015130617655813694, 'rmse': 0.018107576295733452}","{'mae': 0.12340990453958511, 'rmse': 0.16370940208435059}"
val,"{'mae': 0.01511534582823515, 'rmse': 0.01835901290178299}","{'mae': 0.12209540605545044, 'rmse': 0.16302253305912018}"
train,"{'mae': 0.015128371305763721, 'rmse': 0.018106935545802116}","{'mae': 0.12341103702783585, 'rmse': 0.16371199488639832}"
val,"{'mae': 0.015118982642889023, 'rmse': 0.01835884526371956}","{'mae': 0.1220976784825325, 'rmse': 0.1630225032567978}"
train,"{'mae': 0.015133771114051342, 'rmse': 0.018106404691934586}","{'mae': 0.1234179437160492, 'rmse': 0.16371914744377136}"
val,"{'mae': 0.015117502771317959, 'rmse': 0.018358619883656502}","{'mae': 0.12210258096456528, 'rmse': 0.16303065419197083}"
train,"{'mae': 0.015119189396500587, 'rmse': 0.018107112497091293}","{'mae': 0.12342147529125214, 'rmse': 0.16372716426849365}"
val,"{'mae': 0.015091989189386368, 'rmse': 0.018359273672103882}","{'mae': 0.12210580706596375, 'rmse': 0.1630432903766632}"
train,"{'mae': 0.015094197355210781, 'rmse': 0.0181144867092371}","{'mae': 0.1234242171049118, 'rmse': 0.16373518109321594}"
val,"{'mae': 0.01507106889039278, 'rmse': 0.0183612909168005}","{'mae': 0.12211115658283234, 'rmse': 0.1630595624446869}"
train,"{'mae': 0.015092779882252216, 'rmse': 0.01811199076473713}","{'mae': 0.12343474477529526, 'rmse': 0.16374360024929047}"
val,"{'mae': 0.015086379833519459, 'rmse': 0.018359443172812462}","{'mae': 0.12211991846561432, 'rmse': 0.16305585205554962}"
train,"{'mae': 0.015108039602637291, 'rmse': 0.018109003081917763}","{'mae': 0.12344443798065186, 'rmse': 0.16374841332435608}"
val,"{'mae': 0.015101885423064232, 'rmse': 0.018358508124947548}","{'mae': 0.12212345004081726, 'rmse': 0.16305486857891083}"
train,"{'mae': 0.015121695585548878, 'rmse': 0.018106864765286446}","{'mae': 0.12345346063375473, 'rmse': 0.1637546867132187}"
val,"{'mae': 0.015112188644707203, 'rmse': 0.01835806295275688}","{'mae': 0.12213064730167389, 'rmse': 0.1630558967590332}"
train,"{'mae': 0.015121602453291416, 'rmse': 0.018107201904058456}","{'mae': 0.12345974892377853, 'rmse': 0.1637609452009201}"
val,"{'mae': 0.015107186511158943, 'rmse': 0.018358014523983}","{'mae': 0.12213379889726639, 'rmse': 0.1630599945783615}"
train,"{'mae': 0.015124667435884476, 'rmse': 0.018106084316968918}","{'mae': 0.12346716970205307, 'rmse': 0.16376787424087524}"
val,"{'mae': 0.015116932801902294, 'rmse': 0.018357805907726288}","{'mae': 0.12213858217000961, 'rmse': 0.16306336224079132}"
train,"{'mae': 0.015121236443519592, 'rmse': 0.018109049648046494}","{'mae': 0.12347077578306198, 'rmse': 0.16377340257167816}"
val,"{'mae': 0.015102028846740723, 'rmse': 0.01835784502327442}","{'mae': 0.12214270234107971, 'rmse': 0.16306832432746887}"
train,"{'mae': 0.015113445930182934, 'rmse': 0.01810726709663868}","{'mae': 0.12347735464572906, 'rmse': 0.1637812703847885}"
val,"{'mae': 0.0150998430326581, 'rmse': 0.018357934430241585}","{'mae': 0.12214648723602295, 'rmse': 0.16307677328586578}"
train,"{'mae': 0.015120567753911018, 'rmse': 0.018104935064911842}","{'mae': 0.1234804168343544, 'rmse': 0.16378416121006012}"
val,"{'mae': 0.01512056216597557, 'rmse': 0.01835765689611435}","{'mae': 0.12214858829975128, 'rmse': 0.16307196021080017}"
train,"{'mae': 0.015132715925574303, 'rmse': 0.018104128539562225}","{'mae': 0.1234886422753334, 'rmse': 0.16378962993621826}"
val,"{'mae': 0.015123018994927406, 'rmse': 0.018357470631599426}","{'mae': 0.1221558228135109, 'rmse': 0.16307105123996735}"
train,"{'mae': 0.015125489793717861, 'rmse': 0.018105987459421158}","{'mae': 0.12349450588226318, 'rmse': 0.1637939214706421}"
val,"{'mae': 0.01510363258421421, 'rmse': 0.018357479944825172}","{'mae': 0.12215905636548996, 'rmse': 0.16308172047138214}"
train,"{'mae': 0.015113895758986473, 'rmse': 0.01810639537870884}","{'mae': 0.12349619716405869, 'rmse': 0.1637977957725525}"
val,"{'mae': 0.015102013014256954, 'rmse': 0.018357491120696068}","{'mae': 0.1221596822142601, 'rmse': 0.16308371722698212}"
train,"{'mae': 0.015120663680136204, 'rmse': 0.018106095492839813}","{'mae': 0.12349557131528854, 'rmse': 0.1637987643480301}"
val,"{'mae': 0.015114206820726395, 'rmse': 0.018357455730438232}","{'mae': 0.12215857952833176, 'rmse': 0.16308139264583588}"
train,"{'mae': 0.015125315636396408, 'rmse': 0.01810491271317005}","{'mae': 0.12349855154752731, 'rmse': 0.16380007565021515}"
val,"{'mae': 0.015110401436686516, 'rmse': 0.018357494845986366}","{'mae': 0.12216212600469589, 'rmse': 0.1630844622850418}"
train,"{'mae': 0.0151307862251997, 'rmse': 0.01810503751039505}","{'mae': 0.1235046312212944, 'rmse': 0.16380535066127777}"
val,"{'mae': 0.015125486999750137, 'rmse': 0.01835755817592144}","{'mae': 0.12216869741678238, 'rmse': 0.16308480501174927}"
train,"{'mae': 0.015127753838896751, 'rmse': 0.018105240538716316}","{'mae': 0.12351132184267044, 'rmse': 0.16381070017814636}"
val,"{'mae': 0.015115422196686268, 'rmse': 0.018357377499341965}","{'mae': 0.12217230349779129, 'rmse': 0.16308940947055817}"
train,"{'mae': 0.015126686543226242, 'rmse': 0.01810399629175663}","{'mae': 0.12351559847593307, 'rmse': 0.16381552815437317}"
val,"{'mae': 0.015116582624614239, 'rmse': 0.018357357010245323}","{'mae': 0.12217380106449127, 'rmse': 0.1630907505750656}"
train,"{'mae': 0.015125498175621033, 'rmse': 0.01810409501194954}","{'mae': 0.12351512163877487, 'rmse': 0.16381722688674927}"
val,"{'mae': 0.015113799832761288, 'rmse': 0.018357379361987114}","{'mae': 0.12217201292514801, 'rmse': 0.16309359669685364}"
train,"{'mae': 0.015120604075491428, 'rmse': 0.01810470037162304}","{'mae': 0.12351364642381668, 'rmse': 0.16381826996803284}"
val,"{'mae': 0.015106962993741035, 'rmse': 0.018357450142502785}","{'mae': 0.12217278778553009, 'rmse': 0.16309691965579987}"
train,"{'mae': 0.015119734220206738, 'rmse': 0.01810505986213684}","{'mae': 0.12351522594690323, 'rmse': 0.16381964087486267}"
val,"{'mae': 0.015110439620912075, 'rmse': 0.0183574166148901}","{'mae': 0.12217368930578232, 'rmse': 0.16309663653373718}"
train,"{'mae': 0.015119540505111217, 'rmse': 0.018104758113622665}","{'mae': 0.1235167384147644, 'rmse': 0.163821280002594}"
val,"{'mae': 0.015108086168766022, 'rmse': 0.018357396125793457}","{'mae': 0.12217602878808975, 'rmse': 0.16309963166713715}"
train,"{'mae': 0.015115681104362011, 'rmse': 0.018105363473296165}","{'mae': 0.12351979315280914, 'rmse': 0.16382436454296112}"
val,"{'mae': 0.015102319419384003, 'rmse': 0.01835751160979271}","{'mae': 0.12218058854341507, 'rmse': 0.1631048172712326}"
train,"{'mae': 0.015114152804017067, 'rmse': 0.018105093389749527}","{'mae': 0.12352556735277176, 'rmse': 0.16382910311222076}"
val,"{'mae': 0.015105712227523327, 'rmse': 0.018357334658503532}","{'mae': 0.12218468636274338, 'rmse': 0.16310442984104156}"
train,"{'mae': 0.015116524882614613, 'rmse': 0.01810460351407528}","{'mae': 0.12353158742189407, 'rmse': 0.16383250057697296}"
val,"{'mae': 0.015109690837562084, 'rmse': 0.01835719496011734}","{'mae': 0.12219030410051346, 'rmse': 0.16310584545135498}"
train,"{'mae': 0.0151217645034194, 'rmse': 0.01810360886156559}","{'mae': 0.12353658676147461, 'rmse': 0.16383562982082367}"
val,"{'mae': 0.015115578658878803, 'rmse': 0.018357163295149803}","{'mae': 0.12219328433275223, 'rmse': 0.1631062626838684}"
train,"{'mae': 0.015125449746847153, 'rmse': 0.01810336671769619}","{'mae': 0.12354154139757156, 'rmse': 0.1638389229774475}"
val,"{'mae': 0.015115637332201004, 'rmse': 0.018357090651988983}","{'mae': 0.1221974641084671, 'rmse': 0.16310888528823853}"
train,"{'mae': 0.015124283730983734, 'rmse': 0.018103446811437607}","{'mae': 0.12354457378387451, 'rmse': 0.16384173929691315}"
val,"{'mae': 0.015115591697394848, 'rmse': 0.01835702359676361}","{'mae': 0.12219972163438797, 'rmse': 0.16311118006706238}"
train,"{'mae': 0.015126343816518784, 'rmse': 0.018102673813700676}","{'mae': 0.12355039268732071, 'rmse': 0.16384615004062653}"
val,"{'mae': 0.015122056007385254, 'rmse': 0.018356962129473686}","{'mae': 0.12220640480518341, 'rmse': 0.16311214864253998}"
train,"{'mae': 0.01513416226953268, 'rmse': 0.018102353438735008}","{'mae': 0.12355761975049973, 'rmse': 0.1638513207435608}"
val,"{'mae': 0.015127040445804596, 'rmse': 0.018357038497924805}","{'mae': 0.12221041321754456, 'rmse': 0.16311441361904144}"
train,"{'mae': 0.01513628475368023, 'rmse': 0.018102090805768967}","{'mae': 0.12356089800596237, 'rmse': 0.1638546884059906}"
val,"{'mae': 0.015128519386053085, 'rmse': 0.018357066437602043}","{'mae': 0.122212253510952, 'rmse': 0.16311711072921753}"
train,"{'mae': 0.015139158815145493, 'rmse': 0.018101949244737625}","{'mae': 0.12356305122375488, 'rmse': 0.16385672986507416}"
val,"{'mae': 0.015130406245589256, 'rmse': 0.01835716888308525}","{'mae': 0.1222127377986908, 'rmse': 0.16311711072921753}"
train,"{'mae': 0.015137167647480965, 'rmse': 0.018101949244737625}","{'mae': 0.12356460094451904, 'rmse': 0.1638588309288025}"
val,"{'mae': 0.015128289349377155, 'rmse': 0.018357062712311745}","{'mae': 0.12221464514732361, 'rmse': 0.16311988234519958}"
train,"{'mae': 0.015136469155550003, 'rmse': 0.01810169406235218}","{'mae': 0.12356698513031006, 'rmse': 0.16386139392852783}"
val,"{'mae': 0.015129000879824162, 'rmse': 0.018356995657086372}","{'mae': 0.1222180724143982, 'rmse': 0.1631229966878891}"
train,"{'mae': 0.015133252367377281, 'rmse': 0.018101880326867104}","{'mae': 0.12356986105442047, 'rmse': 0.16386498510837555}"
val,"{'mae': 0.015123226679861546, 'rmse': 0.018356813117861748}","{'mae': 0.12222020328044891, 'rmse': 0.16312694549560547}"
train,"{'mae': 0.015128685161471367, 'rmse': 0.018102655187249184}","{'mae': 0.1235726922750473, 'rmse': 0.16386832296848297}"
val,"{'mae': 0.015116982161998749, 'rmse': 0.018356645479798317}","{'mae': 0.12222268432378769, 'rmse': 0.16313128173351288}"
train,"{'mae': 0.015125783160328865, 'rmse': 0.018102752044796944}","{'mae': 0.12357434630393982, 'rmse': 0.16387078166007996}"
val,"{'mae': 0.015116804279386997, 'rmse': 0.018356675282120705}","{'mae': 0.12222328037023544, 'rmse': 0.16313408315181732}"
train,"{'mae': 0.015125910751521587, 'rmse': 0.01810227334499359}","{'mae': 0.12357514351606369, 'rmse': 0.16387233138084412}"
val,"{'mae': 0.015118378214538097, 'rmse': 0.0183566827327013}","{'mae': 0.12222445756196976, 'rmse': 0.16313467919826508}"
train,"{'mae': 0.015126749873161316, 'rmse': 0.01810227707028389}","{'mae': 0.12357628345489502, 'rmse': 0.16387321054935455}"
val,"{'mae': 0.015118919312953949, 'rmse': 0.018356680870056152}","{'mae': 0.12222535908222198, 'rmse': 0.1631353795528412}"
train,"{'mae': 0.015126957558095455, 'rmse': 0.018102111294865608}","{'mae': 0.12357775121927261, 'rmse': 0.16387441754341125}"
val,"{'mae': 0.015118522569537163, 'rmse': 0.01835665851831436}","{'mae': 0.12222651392221451, 'rmse': 0.16313646733760834}"
train,"{'mae': 0.015127401798963547, 'rmse': 0.018102234229445457}","{'mae': 0.12357959151268005, 'rmse': 0.16387586295604706}"
val,"{'mae': 0.015119091607630253, 'rmse': 0.01835663802921772}","{'mae': 0.12222851812839508, 'rmse': 0.16313785314559937}"
train,"{'mae': 0.015126943588256836, 'rmse': 0.018102196976542473}","{'mae': 0.12358108162879944, 'rmse': 0.1638772040605545}"
val,"{'mae': 0.015119566582143307, 'rmse': 0.018356643617153168}","{'mae': 0.12222880125045776, 'rmse': 0.16313807666301727}"
train,"{'mae': 0.015125897713005543, 'rmse': 0.018102629110217094}","{'mae': 0.12358042597770691, 'rmse': 0.16387708485126495}"
val,"{'mae': 0.015116137452423573, 'rmse': 0.018356623128056526}","{'mae': 0.12222836911678314, 'rmse': 0.16313917934894562}"
train,"{'mae': 0.015124768950045109, 'rmse': 0.018102332949638367}","{'mae': 0.12358078360557556, 'rmse': 0.16387777030467987}"
val,"{'mae': 0.015116672962903976, 'rmse': 0.018356621265411377}","{'mae': 0.12222898006439209, 'rmse': 0.16313967108726501}"
train,"{'mae': 0.015124009922146797, 'rmse': 0.018102474510669708}","{'mae': 0.1235811784863472, 'rmse': 0.16387851536273956}"
val,"{'mae': 0.015115109272301197, 'rmse': 0.018356600776314735}","{'mae': 0.12222962081432343, 'rmse': 0.16314075887203217}"
train,"{'mae': 0.015124127268791199, 'rmse': 0.018102405592799187}","{'mae': 0.12358268350362778, 'rmse': 0.16387969255447388}"
val,"{'mae': 0.015116333961486816, 'rmse': 0.01835659146308899}","{'mae': 0.12223072350025177, 'rmse': 0.16314129531383514}"
train,"{'mae': 0.015124071389436722, 'rmse': 0.018102401867508888}","{'mae': 0.1235833615064621, 'rmse': 0.16388030350208282}"
val,"{'mae': 0.01511645782738924, 'rmse': 0.018356606364250183}","{'mae': 0.12223096936941147, 'rmse': 0.16314169764518738}"
train,"{'mae': 0.015125002712011337, 'rmse': 0.018102090805768967}","{'mae': 0.1235838457942009, 'rmse': 0.16388100385665894}"
val,"{'mae': 0.015118606388568878, 'rmse': 0.018356628715991974}","{'mae': 0.12223153561353683, 'rmse': 0.16314183175563812}"
train,"{'mae': 0.015127760358154774, 'rmse': 0.01810198463499546}","{'mae': 0.12358418852090836, 'rmse': 0.16388121247291565}"
val,"{'mae': 0.015120492316782475, 'rmse': 0.01835668832063675}","{'mae': 0.12223146855831146, 'rmse': 0.1631416380405426}"
train,"{'mae': 0.015127595514059067, 'rmse': 0.01810206100344658}","{'mae': 0.1235848218202591, 'rmse': 0.16388201713562012}"
val,"{'mae': 0.015119029209017754, 'rmse': 0.018356671556830406}","{'mae': 0.12223225086927414, 'rmse': 0.16314299404621124}"
train,"{'mae': 0.015126682817935944, 'rmse': 0.018101951107382774}","{'mae': 0.12358567863702774, 'rmse': 0.16388310492038727}"
val,"{'mae': 0.01511822734028101, 'rmse': 0.018356652930378914}","{'mae': 0.12223342061042786, 'rmse': 0.16314475238323212}"
train,"{'mae': 0.01512492448091507, 'rmse': 0.018102167174220085}","{'mae': 0.12358734011650085, 'rmse': 0.16388510167598724}"
val,"{'mae': 0.015116207301616669, 'rmse': 0.018356621265411377}","{'mae': 0.12223482877016068, 'rmse': 0.16314662992954254}"
train,"{'mae': 0.015124194324016571, 'rmse': 0.01810232736170292}","{'mae': 0.12358798831701279, 'rmse': 0.16388575732707977}"
val,"{'mae': 0.01511590275913477, 'rmse': 0.01835661008954048}","{'mae': 0.12223514914512634, 'rmse': 0.16314688324928284}"
train,"{'mae': 0.01512595172971487, 'rmse': 0.018102137371897697}","{'mae': 0.12358976900577545, 'rmse': 0.16388700902462006}"
val,"{'mae': 0.015118354000151157, 'rmse': 0.018356606364250183}","{'mae': 0.12223710864782333, 'rmse': 0.16314761340618134}"
train,"{'mae': 0.015126287005841732, 'rmse': 0.018101891502738}","{'mae': 0.12359074503183365, 'rmse': 0.16388781368732452}"
val,"{'mae': 0.015118636190891266, 'rmse': 0.01835661008954048}","{'mae': 0.12223749607801437, 'rmse': 0.16314804553985596}"
train,"{'mae': 0.015126067213714123, 'rmse': 0.018101906403899193}","{'mae': 0.1235915869474411, 'rmse': 0.163888618350029}"
val,"{'mae': 0.015118803828954697, 'rmse': 0.01835659146308899}","{'mae': 0.12223847955465317, 'rmse': 0.163148894906044}"
train,"{'mae': 0.015126199461519718, 'rmse': 0.018101882189512253}","{'mae': 0.12359251081943512, 'rmse': 0.1638895571231842}"
val,"{'mae': 0.015118196606636047, 'rmse': 0.01835656352341175}","{'mae': 0.12223926931619644, 'rmse': 0.1631496399641037}"
train,"{'mae': 0.015125811100006104, 'rmse': 0.018101830035448074}","{'mae': 0.12359331548213959, 'rmse': 0.16389024257659912}"
val,"{'mae': 0.01511826179921627, 'rmse': 0.0183565653860569}","{'mae': 0.12223947048187256, 'rmse': 0.16314968466758728}"
train,"{'mae': 0.015126055106520653, 'rmse': 0.018101805821061134}","{'mae': 0.12359350174665451, 'rmse': 0.16389036178588867}"
val,"{'mae': 0.015118412673473358, 'rmse': 0.01835656724870205}","{'mae': 0.12223955988883972, 'rmse': 0.1631496697664261}"
train,"{'mae': 0.015125867910683155, 'rmse': 0.018101831898093224}","{'mae': 0.12359344959259033, 'rmse': 0.16389039158821106}"
val,"{'mae': 0.015118228271603584, 'rmse': 0.018356572836637497}","{'mae': 0.12223943322896957, 'rmse': 0.16314972937107086}"
train,"{'mae': 0.015125495381653309, 'rmse': 0.018101923167705536}","{'mae': 0.12359338998794556, 'rmse': 0.16389048099517822}"
val,"{'mae': 0.015117218717932701, 'rmse': 0.0183565653860569}","{'mae': 0.12223945558071136, 'rmse': 0.16315025091171265}"
train,"{'mae': 0.01512474287301302, 'rmse': 0.018101956695318222}","{'mae': 0.12359342724084854, 'rmse': 0.16389071941375732}"
val,"{'mae': 0.015117069706320763, 'rmse': 0.0183565616607666}","{'mae': 0.12223963439464569, 'rmse': 0.16315048933029175}"
train,"{'mae': 0.015125613659620285, 'rmse': 0.018101951107382774}","{'mae': 0.12359350919723511, 'rmse': 0.1638907641172409}"
val,"{'mae': 0.015118235722184181, 'rmse': 0.018356578424572945}","{'mae': 0.12223950773477554, 'rmse': 0.1631501317024231}"
train,"{'mae': 0.015125229954719543, 'rmse': 0.018101980909705162}","{'mae': 0.12359355390071869, 'rmse': 0.16389083862304688}"
val,"{'mae': 0.015117081813514233, 'rmse': 0.018356572836637497}","{'mae': 0.1222395971417427, 'rmse': 0.16315050423145294}"
train,"{'mae': 0.01512488815933466, 'rmse': 0.01810191571712494}","{'mae': 0.12359359860420227, 'rmse': 0.1638909876346588}"
val,"{'mae': 0.015116984024643898, 'rmse': 0.0183565691113472}","{'mae': 0.12223970890045166, 'rmse': 0.16315080225467682}"
train,"{'mae': 0.015124332159757614, 'rmse': 0.01810198277235031}","{'mae': 0.12359359860420227, 'rmse': 0.16389119625091553}"
val,"{'mae': 0.015116370283067226, 'rmse': 0.01835656724870205}","{'mae': 0.12223968654870987, 'rmse': 0.1631510704755783}"
train,"{'mae': 0.015124182216823101, 'rmse': 0.018101975321769714}","{'mae': 0.12359367311000824, 'rmse': 0.16389137506484985}"
val,"{'mae': 0.0151163749396801, 'rmse': 0.0183565616607666}","{'mae': 0.12223972380161285, 'rmse': 0.1631513237953186}"
train,"{'mae': 0.015123758465051651, 'rmse': 0.018102075904607773}","{'mae': 0.1235937774181366, 'rmse': 0.16389158368110657}"
val,"{'mae': 0.015115225687623024, 'rmse': 0.018356552347540855}","{'mae': 0.12223993241786957, 'rmse': 0.16315196454524994}"
train,"{'mae': 0.015122988261282444, 'rmse': 0.018102124333381653}","{'mae': 0.12359372526407242, 'rmse': 0.1638917326927185}"
val,"{'mae': 0.01511527318507433, 'rmse': 0.0183565616607666}","{'mae': 0.12223979830741882, 'rmse': 0.16315200924873352}"
train,"{'mae': 0.015123392455279827, 'rmse': 0.01810208149254322}","{'mae': 0.12359388917684555, 'rmse': 0.16389192640781403}"
val,"{'mae': 0.015115495771169662, 'rmse': 0.018356554210186005}","{'mae': 0.12224011868238449, 'rmse': 0.16315221786499023}"
train,"{'mae': 0.015123488381505013, 'rmse': 0.018102018162608147}","{'mae': 0.12359435111284256, 'rmse': 0.16389229893684387}"
val,"{'mae': 0.015115859918296337, 'rmse': 0.018356559798121452}","{'mae': 0.12224051356315613, 'rmse': 0.16315239667892456}"
train,"{'mae': 0.015123290941119194, 'rmse': 0.018102062866091728}","{'mae': 0.1235947236418724, 'rmse': 0.16389264166355133}"
val,"{'mae': 0.015115379355847836, 'rmse': 0.018356556072831154}","{'mae': 0.12224088609218597, 'rmse': 0.16315285861492157}"
train,"{'mae': 0.015123213641345501, 'rmse': 0.018102044239640236}","{'mae': 0.12359512597322464, 'rmse': 0.1638929545879364}"
val,"{'mae': 0.015115329064428806, 'rmse': 0.018356548622250557}","{'mae': 0.12224118411540985, 'rmse': 0.1631530374288559}"
train,"{'mae': 0.015123140998184681, 'rmse': 0.01810205727815628}","{'mae': 0.12359543144702911, 'rmse': 0.1638932079076767}"
val,"{'mae': 0.015115262009203434, 'rmse': 0.01835654303431511}","{'mae': 0.12224147468805313, 'rmse': 0.1631532907485962}"
train,"{'mae': 0.015123074874281883, 'rmse': 0.018102062866091728}","{'mae': 0.12359567731618881, 'rmse': 0.1638934165239334}"
val,"{'mae': 0.015115376561880112, 'rmse': 0.018356552347540855}","{'mae': 0.12224160879850388, 'rmse': 0.16315342485904694}"
train,"{'mae': 0.015123196877539158, 'rmse': 0.018102068454027176}","{'mae': 0.12359569221735, 'rmse': 0.16389353573322296}"
val,"{'mae': 0.015115274116396904, 'rmse': 0.018356550484895706}","{'mae': 0.12224147468805313, 'rmse': 0.1631534844636917}"
train,"{'mae': 0.015123089775443077, 'rmse': 0.01810205727815628}","{'mae': 0.12359567731618881, 'rmse': 0.16389364004135132}"
val,"{'mae': 0.015115022659301758, 'rmse': 0.018356550484895706}","{'mae': 0.12224162369966507, 'rmse': 0.163153737783432}"
train,"{'mae': 0.015122941695153713, 'rmse': 0.01810205914080143}","{'mae': 0.12359587848186493, 'rmse': 0.16389381885528564}"
val,"{'mae': 0.015115172602236271, 'rmse': 0.018356550484895706}","{'mae': 0.12224171310663223, 'rmse': 0.1631537675857544}"
train,"{'mae': 0.01512331422418356, 'rmse': 0.018102068454027176}","{'mae': 0.1235959529876709, 'rmse': 0.16389387845993042}"
val,"{'mae': 0.015115547925233841, 'rmse': 0.018356554210186005}","{'mae': 0.12224175035953522, 'rmse': 0.163153737783432}"
train,"{'mae': 0.01512304786592722, 'rmse': 0.01810210756957531}","{'mae': 0.12359602749347687, 'rmse': 0.16389399766921997}"
val,"{'mae': 0.015115110203623772, 'rmse': 0.018356548622250557}","{'mae': 0.12224180996417999, 'rmse': 0.16315391659736633}"
train,"{'mae': 0.015122978016734123, 'rmse': 0.01810203678905964}","{'mae': 0.12359604239463806, 'rmse': 0.16389402747154236}"
val,"{'mae': 0.015115196816623211, 'rmse': 0.018356546759605408}","{'mae': 0.12224180996417999, 'rmse': 0.16315388679504395}"
train,"{'mae': 0.015123019926249981, 'rmse': 0.01810203492641449}","{'mae': 0.12359613180160522, 'rmse': 0.16389407217502594}"
val,"{'mae': 0.015115196816623211, 'rmse': 0.018356546759605408}","{'mae': 0.12224191427230835, 'rmse': 0.16315394639968872}"
train,"{'mae': 0.015122875571250916, 'rmse': 0.018102075904607773}","{'mae': 0.12359625101089478, 'rmse': 0.16389422118663788}"
val,"{'mae': 0.015114887617528439, 'rmse': 0.018356546759605408}","{'mae': 0.12224201112985611, 'rmse': 0.16315415501594543}"
train,"{'mae': 0.015122771263122559, 'rmse': 0.01810205727815628}","{'mae': 0.12359634041786194, 'rmse': 0.16389431059360504}"
val,"{'mae': 0.015114951878786087, 'rmse': 0.01835654303431511}","{'mae': 0.12224212288856506, 'rmse': 0.16315418481826782}"
train,"{'mae': 0.015122788026928902, 'rmse': 0.01810205541551113}","{'mae': 0.12359648197889328, 'rmse': 0.1638944149017334}"
val,"{'mae': 0.015115000307559967, 'rmse': 0.01835654117166996}","{'mae': 0.12224221229553223, 'rmse': 0.1631542295217514}"
train,"{'mae': 0.01512275729328394, 'rmse': 0.01810205914080143}","{'mae': 0.12359654158353806, 'rmse': 0.16389448940753937}"
val,"{'mae': 0.015114880166947842, 'rmse': 0.01835654117166996}","{'mae': 0.12224223464727402, 'rmse': 0.16315430402755737}"
train,"{'mae': 0.015122839249670506, 'rmse': 0.018102051690220833}","{'mae': 0.12359663099050522, 'rmse': 0.16389456391334534}"
val,"{'mae': 0.015115059912204742, 'rmse': 0.01835653930902481}","{'mae': 0.12224233895540237, 'rmse': 0.16315430402755737}"
train,"{'mae': 0.015122874639928341, 'rmse': 0.01810203492641449}","{'mae': 0.12359672784805298, 'rmse': 0.1638946533203125}"
val,"{'mae': 0.015115034766495228, 'rmse': 0.01835653744637966}","{'mae': 0.12224237620830536, 'rmse': 0.16315434873104095}"
train,"{'mae': 0.015122862532734871, 'rmse': 0.01810203492641449}","{'mae': 0.12359676510095596, 'rmse': 0.16389469802379608}"
val,"{'mae': 0.015115071088075638, 'rmse': 0.01835654303431511}","{'mae': 0.12224243581295013, 'rmse': 0.16315439343452454}"
train,"{'mae': 0.015122824348509312, 'rmse': 0.018102051690220833}","{'mae': 0.12359683215618134, 'rmse': 0.16389474272727966}"
val,"{'mae': 0.01511495653539896, 'rmse': 0.01835653930902481}","{'mae': 0.12224246561527252, 'rmse': 0.16315443813800812}"
train,"{'mae': 0.015122799202799797, 'rmse': 0.018102042376995087}","{'mae': 0.12359688431024551, 'rmse': 0.16389478743076324}"
val,"{'mae': 0.015114989131689072, 'rmse': 0.01835653744637966}","{'mae': 0.1222425103187561, 'rmse': 0.1631544679403305}"
train,"{'mae': 0.0151227917522192, 'rmse': 0.018102046102285385}","{'mae': 0.12359695881605148, 'rmse': 0.1638948619365692}"
val,"{'mae': 0.015114941634237766, 'rmse': 0.01835653744637966}","{'mae': 0.12224259227514267, 'rmse': 0.1631545126438141}"
train,"{'mae': 0.015122820623219013, 'rmse': 0.018102038651704788}","{'mae': 0.12359703332185745, 'rmse': 0.16389493644237518}"
val,"{'mae': 0.015115124173462391, 'rmse': 0.018356535583734512}","{'mae': 0.12224259972572327, 'rmse': 0.1631544977426529}"
train,"{'mae': 0.015122924000024796, 'rmse': 0.018102020025253296}","{'mae': 0.12359710782766342, 'rmse': 0.16389502584934235}"
val,"{'mae': 0.015115116722881794, 'rmse': 0.018356535583734512}","{'mae': 0.12224270403385162, 'rmse': 0.16315461695194244}"
train,"{'mae': 0.015122917480766773, 'rmse': 0.018102021887898445}","{'mae': 0.12359723448753357, 'rmse': 0.1638951450586319}"
val,"{'mae': 0.015115051530301571, 'rmse': 0.018356535583734512}","{'mae': 0.12224281579256058, 'rmse': 0.1631547063589096}"
train,"{'mae': 0.015122762881219387, 'rmse': 0.018102053552865982}","{'mae': 0.12359735369682312, 'rmse': 0.16389524936676025}"
val,"{'mae': 0.015114855952560902, 'rmse': 0.018356531858444214}","{'mae': 0.12224292755126953, 'rmse': 0.16315484046936035}"
train,"{'mae': 0.015122671611607075, 'rmse': 0.018102042376995087}","{'mae': 0.12359748035669327, 'rmse': 0.1638953983783722}"
val,"{'mae': 0.015114779584109783, 'rmse': 0.018356529995799065}","{'mae': 0.1222430169582367, 'rmse': 0.16315500438213348}"
train,"{'mae': 0.015122577548027039, 'rmse': 0.018102051690220833}","{'mae': 0.12359753251075745, 'rmse': 0.16389548778533936}"
val,"{'mae': 0.015114708803594112, 'rmse': 0.018356528133153915}","{'mae': 0.12224305421113968, 'rmse': 0.16315503418445587}"
train,"{'mae': 0.015122578479349613, 'rmse': 0.018102047964930534}","{'mae': 0.12359756976366043, 'rmse': 0.16389550268650055}"
val,"{'mae': 0.015114770270884037, 'rmse': 0.018356531858444214}","{'mae': 0.12224306166172028, 'rmse': 0.16315503418445587}"
train,"{'mae': 0.015122632496058941, 'rmse': 0.018102049827575684}","{'mae': 0.12359759211540222, 'rmse': 0.16389551758766174}"
val,"{'mae': 0.015114787966012955, 'rmse': 0.018356529995799065}","{'mae': 0.12224307656288147, 'rmse': 0.16315504908561707}"
train,"{'mae': 0.015122608281672001, 'rmse': 0.018102044239640236}","{'mae': 0.12359762191772461, 'rmse': 0.16389554738998413}"
val,"{'mae': 0.01511478703469038, 'rmse': 0.018356529995799065}","{'mae': 0.12224309146404266, 'rmse': 0.16315504908561707}"
train,"{'mae': 0.015122612938284874, 'rmse': 0.018102042376995087}","{'mae': 0.12359762191772461, 'rmse': 0.16389556229114532}"
val,"{'mae': 0.015114761888980865, 'rmse': 0.018356528133153915}","{'mae': 0.12224309891462326, 'rmse': 0.16315507888793945}"
train,"{'mae': 0.01512259803712368, 'rmse': 0.018102046102285385}","{'mae': 0.1235976293683052, 'rmse': 0.16389557719230652}"
val,"{'mae': 0.015114787966012955, 'rmse': 0.018356529995799065}","{'mae': 0.12224311381578445, 'rmse': 0.16315507888793945}"
train,"{'mae': 0.015122637152671814, 'rmse': 0.018102040514349937}","{'mae': 0.1235976591706276, 'rmse': 0.1638955920934677}"
val,"{'mae': 0.015114809386432171, 'rmse': 0.018356528133153915}","{'mae': 0.12224313616752625, 'rmse': 0.16315507888793945}"
train,"{'mae': 0.015122649259865284, 'rmse': 0.01810203678905964}","{'mae': 0.12359768152236938, 'rmse': 0.1638955920934677}"
val,"{'mae': 0.01511484943330288, 'rmse': 0.018356528133153915}","{'mae': 0.12224313616752625, 'rmse': 0.16315507888793945}"
train,"{'mae': 0.015122652985155582, 'rmse': 0.018102044239640236}","{'mae': 0.12359769642353058, 'rmse': 0.1638956069946289}"
val,"{'mae': 0.01511478703469038, 'rmse': 0.018356526270508766}","{'mae': 0.12224316596984863, 'rmse': 0.16315510869026184}"
train,"{'mae': 0.015122656710445881, 'rmse': 0.018102038651704788}","{'mae': 0.12359773367643356, 'rmse': 0.1638956367969513}"
val,"{'mae': 0.015114855952560902, 'rmse': 0.018356526270508766}","{'mae': 0.12224318832159042, 'rmse': 0.16315510869026184}"
train,"{'mae': 0.015122699551284313, 'rmse': 0.018102029338479042}","{'mae': 0.12359775602817535, 'rmse': 0.16389568150043488}"
val,"{'mae': 0.015114895068109035, 'rmse': 0.018356529995799065}","{'mae': 0.12224321812391281, 'rmse': 0.16315512359142303}"
train,"{'mae': 0.015122746117413044, 'rmse': 0.01810203306376934}","{'mae': 0.12359778583049774, 'rmse': 0.16389568150043488}"
val,"{'mae': 0.015114937908947468, 'rmse': 0.018356529995799065}","{'mae': 0.1222432404756546, 'rmse': 0.16315513849258423}"
train,"{'mae': 0.015122730284929276, 'rmse': 0.018102027475833893}","{'mae': 0.12359779328107834, 'rmse': 0.16389569640159607}"
val,"{'mae': 0.015114894136786461, 'rmse': 0.018356526270508766}","{'mae': 0.12224326282739639, 'rmse': 0.16315516829490662}"
train,"{'mae': 0.015122711658477783, 'rmse': 0.018102029338479042}","{'mae': 0.12359782308340073, 'rmse': 0.16389572620391846}"
val,"{'mae': 0.01511488575488329, 'rmse': 0.018356526270508766}","{'mae': 0.12224327772855759, 'rmse': 0.163155198097229}"
train,"{'mae': 0.015122695825994015, 'rmse': 0.018102029338479042}","{'mae': 0.12359786033630371, 'rmse': 0.16389575600624084}"
val,"{'mae': 0.01511484943330288, 'rmse': 0.018356526270508766}","{'mae': 0.12224331498146057, 'rmse': 0.1631552278995514}"
train,"{'mae': 0.015122657641768456, 'rmse': 0.01810203120112419}","{'mae': 0.1235978975892067, 'rmse': 0.16389578580856323}"
val,"{'mae': 0.015114828944206238, 'rmse': 0.018356526270508766}","{'mae': 0.12224332988262177, 'rmse': 0.16315525770187378}"
train,"{'mae': 0.015122632496058941, 'rmse': 0.01810203492641449}","{'mae': 0.12359790503978729, 'rmse': 0.16389583051204681}"
val,"{'mae': 0.015114805661141872, 'rmse': 0.018356524407863617}","{'mae': 0.12224333733320236, 'rmse': 0.16315527260303497}"
train,"{'mae': 0.015122625976800919, 'rmse': 0.01810203306376934}","{'mae': 0.12359793484210968, 'rmse': 0.16389583051204681}"
val,"{'mae': 0.015114779584109783, 'rmse': 0.018356524407863617}","{'mae': 0.12224335223436356, 'rmse': 0.16315528750419617}"
train,"{'mae': 0.015122580341994762, 'rmse': 0.018102044239640236}","{'mae': 0.12359793484210968, 'rmse': 0.163895845413208}"
val,"{'mae': 0.015114747919142246, 'rmse': 0.018356522545218468}","{'mae': 0.12224336713552475, 'rmse': 0.16315530240535736}"
train,"{'mae': 0.015122567303478718, 'rmse': 0.018102044239640236}","{'mae': 0.12359795719385147, 'rmse': 0.1638958752155304}"
val,"{'mae': 0.01511472836136818, 'rmse': 0.018356522545218468}","{'mae': 0.12224338948726654, 'rmse': 0.16315533220767975}"
train,"{'mae': 0.01512255147099495, 'rmse': 0.018102044239640236}","{'mae': 0.12359797209501266, 'rmse': 0.1638958901166916}"
val,"{'mae': 0.015114705078303814, 'rmse': 0.018356522545218468}","{'mae': 0.12224338948726654, 'rmse': 0.16315534710884094}"
train,"{'mae': 0.015122540295124054, 'rmse': 0.018102044239640236}","{'mae': 0.12359797954559326, 'rmse': 0.1638958901166916}"
val,"{'mae': 0.015114701353013515, 'rmse': 0.018356524407863617}","{'mae': 0.12224338948726654, 'rmse': 0.16315534710884094}"
train,"{'mae': 0.015122530981898308, 'rmse': 0.018102044239640236}","{'mae': 0.12359797954559326, 'rmse': 0.16389590501785278}"
val,"{'mae': 0.015114695765078068, 'rmse': 0.018356522545218468}","{'mae': 0.12224338948726654, 'rmse': 0.16315534710884094}"
train,"{'mae': 0.015122529119253159, 'rmse': 0.018102046102285385}","{'mae': 0.12359797954559326, 'rmse': 0.16389590501785278}"
val,"{'mae': 0.015114687383174896, 'rmse': 0.01835652068257332}","{'mae': 0.12224338948726654, 'rmse': 0.16315536201000214}"
train,"{'mae': 0.01512252725660801, 'rmse': 0.018102046102285385}","{'mae': 0.12359797954559326, 'rmse': 0.16389591991901398}"
val,"{'mae': 0.015114687383174896, 'rmse': 0.01835651881992817}","{'mae': 0.12224341183900833, 'rmse': 0.16315536201000214}"
train,"{'mae': 0.015122526325285435, 'rmse': 0.018102044239640236}","{'mae': 0.12359797954559326, 'rmse': 0.16389591991901398}"
val,"{'mae': 0.015114699490368366, 'rmse': 0.018356524407863617}","{'mae': 0.12224338948726654, 'rmse': 0.16315536201000214}"
train,"{'mae': 0.015122534707188606, 'rmse': 0.018102042376995087}","{'mae': 0.12359800934791565, 'rmse': 0.16389591991901398}"
val,"{'mae': 0.015114697627723217, 'rmse': 0.018356522545218468}","{'mae': 0.12224341183900833, 'rmse': 0.16315536201000214}"
train,"{'mae': 0.01512252539396286, 'rmse': 0.018102044239640236}","{'mae': 0.12359800934791565, 'rmse': 0.16389591991901398}"
val,"{'mae': 0.015114689245820045, 'rmse': 0.018356522545218468}","{'mae': 0.12224341183900833, 'rmse': 0.16315536201000214}"
train,"{'mae': 0.015122529119253159, 'rmse': 0.018102042376995087}","{'mae': 0.12359800934791565, 'rmse': 0.16389591991901398}"
val,"{'mae': 0.015114701353013515, 'rmse': 0.018356522545218468}","{'mae': 0.12224341183900833, 'rmse': 0.16315536201000214}"
train,"{'mae': 0.015122538432478905, 'rmse': 0.018102040514349937}","{'mae': 0.12359800934791565, 'rmse': 0.16389591991901398}"
val,"{'mae': 0.01511471252888441, 'rmse': 0.01835652068257332}","{'mae': 0.12224341183900833, 'rmse': 0.16315537691116333}"
train,"{'mae': 0.015122571028769016, 'rmse': 0.018102042376995087}","{'mae': 0.12359800934791565, 'rmse': 0.16389594972133636}"
val,"{'mae': 0.015114745125174522, 'rmse': 0.018356522545218468}","{'mae': 0.12224341183900833, 'rmse': 0.16315537691116333}"
train,"{'mae': 0.015122578479349613, 'rmse': 0.01810203678905964}","{'mae': 0.12359800934791565, 'rmse': 0.16389593482017517}"
val,"{'mae': 0.015114758163690567, 'rmse': 0.018356528133153915}","{'mae': 0.12224341183900833, 'rmse': 0.16315537691116333}"
train,"{'mae': 0.015122583135962486, 'rmse': 0.01810203492641449}","{'mae': 0.12359800934791565, 'rmse': 0.16389594972133636}"
val,"{'mae': 0.015114758163690567, 'rmse': 0.018356522545218468}","{'mae': 0.12224341183900833, 'rmse': 0.16315537691116333}"
train,"{'mae': 0.01512258592993021, 'rmse': 0.01810203492641449}","{'mae': 0.12359801679849625, 'rmse': 0.16389594972133636}"
val,"{'mae': 0.015114765614271164, 'rmse': 0.018356524407863617}","{'mae': 0.12224344164133072, 'rmse': 0.16315539181232452}"
train,"{'mae': 0.015122580341994762, 'rmse': 0.01810203492641449}","{'mae': 0.12359803169965744, 'rmse': 0.16389594972133636}"
val,"{'mae': 0.01511475071310997, 'rmse': 0.018356522545218468}","{'mae': 0.12224341183900833, 'rmse': 0.16315537691116333}"
train,"{'mae': 0.015122572891414165, 'rmse': 0.01810203492641449}","{'mae': 0.12359801679849625, 'rmse': 0.16389594972133636}"
val,"{'mae': 0.015114742331206799, 'rmse': 0.018356522545218468}","{'mae': 0.12224341183900833, 'rmse': 0.16315539181232452}"
train,"{'mae': 0.01512256357818842, 'rmse': 0.018102038651704788}","{'mae': 0.12359801679849625, 'rmse': 0.16389596462249756}"
val,"{'mae': 0.01511472649872303, 'rmse': 0.018356522545218468}","{'mae': 0.12224344164133072, 'rmse': 0.16315539181232452}"
train,"{'mae': 0.01512256171554327, 'rmse': 0.018102038651704788}","{'mae': 0.12359803169965744, 'rmse': 0.16389596462249756}"
val,"{'mae': 0.015114743262529373, 'rmse': 0.018356524407863617}","{'mae': 0.12224344164133072, 'rmse': 0.16315539181232452}"
train,"{'mae': 0.015122570097446442, 'rmse': 0.01810203678905964}","{'mae': 0.12359803169965744, 'rmse': 0.16389596462249756}"
val,"{'mae': 0.015114742331206799, 'rmse': 0.018356522545218468}","{'mae': 0.12224344909191132, 'rmse': 0.16315540671348572}"
train,"{'mae': 0.01512256357818842, 'rmse': 0.01810203678905964}","{'mae': 0.12359804660081863, 'rmse': 0.16389596462249756}"
val,"{'mae': 0.01511473674327135, 'rmse': 0.018356522545218468}","{'mae': 0.12224344909191132, 'rmse': 0.16315540671348572}"
train,"{'mae': 0.015122569166123867, 'rmse': 0.018102038651704788}","{'mae': 0.12359804660081863, 'rmse': 0.16389597952365875}"
val,"{'mae': 0.015114746987819672, 'rmse': 0.018356524407863617}","{'mae': 0.12224344164133072, 'rmse': 0.16315540671348572}"
train,"{'mae': 0.015122571028769016, 'rmse': 0.01810203678905964}","{'mae': 0.12359805405139923, 'rmse': 0.16389597952365875}"
val,"{'mae': 0.015114746987819672, 'rmse': 0.018356522545218468}","{'mae': 0.12224346399307251, 'rmse': 0.16315540671348572}"
train,"{'mae': 0.01512257382273674, 'rmse': 0.01810203678905964}","{'mae': 0.12359805405139923, 'rmse': 0.16389597952365875}"
val,"{'mae': 0.01511475071310997, 'rmse': 0.018356524407863617}","{'mae': 0.12224344164133072, 'rmse': 0.16315540671348572}"
train,"{'mae': 0.015122574754059315, 'rmse': 0.01810203678905964}","{'mae': 0.12359805405139923, 'rmse': 0.16389597952365875}"
val,"{'mae': 0.015114749781787395, 'rmse': 0.018356522545218468}","{'mae': 0.12224346399307251, 'rmse': 0.16315540671348572}"
train,"{'mae': 0.015122576616704464, 'rmse': 0.01810203492641449}","{'mae': 0.12359805405139923, 'rmse': 0.16389597952365875}"
val,"{'mae': 0.015114753507077694, 'rmse': 0.018356526270508766}","{'mae': 0.12224344909191132, 'rmse': 0.16315540671348572}"
train,"{'mae': 0.015122578479349613, 'rmse': 0.01810203492641449}","{'mae': 0.12359805405139923, 'rmse': 0.16389597952365875}"
val,"{'mae': 0.015114754438400269, 'rmse': 0.018356522545218468}","{'mae': 0.12224346399307251, 'rmse': 0.16315540671348572}"
train,"{'mae': 0.015122580341994762, 'rmse': 0.01810203678905964}","{'mae': 0.12359805405139923, 'rmse': 0.16389599442481995}"
val,"{'mae': 0.01511475257575512, 'rmse': 0.018356524407863617}","{'mae': 0.12224346399307251, 'rmse': 0.16315540671348572}"
train,"{'mae': 0.015122576616704464, 'rmse': 0.01810203678905964}","{'mae': 0.12359805405139923, 'rmse': 0.16389597952365875}"
val,"{'mae': 0.01511475071310997, 'rmse': 0.018356524407863617}","{'mae': 0.12224346399307251, 'rmse': 0.1631554216146469}"
train,"{'mae': 0.015122572891414165, 'rmse': 0.01810203678905964}","{'mae': 0.12359805405139923, 'rmse': 0.16389599442481995}"
val,"{'mae': 0.015114745125174522, 'rmse': 0.018356524407863617}","{'mae': 0.12224346399307251, 'rmse': 0.1631554216146469}"
train,"{'mae': 0.015122570097446442, 'rmse': 0.01810203678905964}","{'mae': 0.12359805405139923, 'rmse': 0.16389599442481995}"
val,"{'mae': 0.015114745125174522, 'rmse': 0.018356522545218468}","{'mae': 0.12224346399307251, 'rmse': 0.16315540671348572}"
train,"{'mae': 0.015122571960091591, 'rmse': 0.01810203678905964}","{'mae': 0.12359805405139923, 'rmse': 0.16389599442481995}"
val,"{'mae': 0.01511474885046482, 'rmse': 0.018356524407863617}","{'mae': 0.12224346399307251, 'rmse': 0.1631554216146469}"
train,"{'mae': 0.01512257382273674, 'rmse': 0.01810203492641449}","{'mae': 0.12359805405139923, 'rmse': 0.16389599442481995}"
val,"{'mae': 0.015114751644432545, 'rmse': 0.018356526270508766}","{'mae': 0.12224346399307251, 'rmse': 0.1631554216146469}"
train,"{'mae': 0.015122576616704464, 'rmse': 0.01810203492641449}","{'mae': 0.12359806895256042, 'rmse': 0.16389599442481995}"
val,"{'mae': 0.01511475257575512, 'rmse': 0.018356522545218468}","{'mae': 0.1222434788942337, 'rmse': 0.1631554216146469}"
train,"{'mae': 0.015122578479349613, 'rmse': 0.01810203492641449}","{'mae': 0.12359806895256042, 'rmse': 0.16389599442481995}"
val,"{'mae': 0.015114754438400269, 'rmse': 0.018356522545218468}","{'mae': 0.12224346399307251, 'rmse': 0.1631554216146469}"
train,"{'mae': 0.015122578479349613, 'rmse': 0.01810203492641449}","{'mae': 0.12359806895256042, 'rmse': 0.16389599442481995}"
val,"{'mae': 0.015114756301045418, 'rmse': 0.01835652068257332}","{'mae': 0.12224346399307251, 'rmse': 0.1631554216146469}"
train,"{'mae': 0.015122584067285061, 'rmse': 0.01810203492641449}","{'mae': 0.12359805405139923, 'rmse': 0.16389599442481995}"
val,"{'mae': 0.01511476282030344, 'rmse': 0.018356522545218468}","{'mae': 0.12224346399307251, 'rmse': 0.1631554216146469}"
train,"{'mae': 0.015122582204639912, 'rmse': 0.01810203492641449}","{'mae': 0.12359806895256042, 'rmse': 0.16389599442481995}"
val,"{'mae': 0.015114758163690567, 'rmse': 0.018356524407863617}","{'mae': 0.12224346399307251, 'rmse': 0.1631554216146469}"
train,"{'mae': 0.015122580341994762, 'rmse': 0.01810203492641449}","{'mae': 0.12359806895256042, 'rmse': 0.16389599442481995}"
val,"{'mae': 0.015114754438400269, 'rmse': 0.018356522545218468}","{'mae': 0.12224346399307251, 'rmse': 0.1631554216146469}"
train,"{'mae': 0.015122582204639912, 'rmse': 0.01810203492641449}","{'mae': 0.12359808385372162, 'rmse': 0.16389599442481995}"
val,"{'mae': 0.015114760026335716, 'rmse': 0.018356524407863617}","{'mae': 0.1222434788942337, 'rmse': 0.1631554216146469}"
train,"{'mae': 0.015122582204639912, 'rmse': 0.01810203492641449}","{'mae': 0.12359806895256042, 'rmse': 0.16389599442481995}"
val,"{'mae': 0.015114756301045418, 'rmse': 0.018356522545218468}","{'mae': 0.1222434788942337, 'rmse': 0.1631554216146469}"
train,"{'mae': 0.015122580341994762, 'rmse': 0.01810203492641449}","{'mae': 0.12359808385372162, 'rmse': 0.16389599442481995}"
val,"{'mae': 0.015114756301045418, 'rmse': 0.018356524407863617}","{'mae': 0.1222434788942337, 'rmse': 0.1631554216146469}"
train,"{'mae': 0.015122579410672188, 'rmse': 0.01810203492641449}","{'mae': 0.12359806895256042, 'rmse': 0.16389599442481995}"
val,"{'mae': 0.015114754438400269, 'rmse': 0.018356522545218468}","{'mae': 0.1222434788942337, 'rmse': 0.1631554216146469}"
train,"{'mae': 0.015122580341994762, 'rmse': 0.01810203492641449}","{'mae': 0.12359806895256042, 'rmse': 0.16389599442481995}"
val,"{'mae': 0.015114760026335716, 'rmse': 0.018356526270508766}","{'mae': 0.12224346399307251, 'rmse': 0.1631554216146469}"
train,"{'mae': 0.015122581273317337, 'rmse': 0.01810203492641449}","{'mae': 0.12359808385372162, 'rmse': 0.16389599442481995}"
val,"{'mae': 0.015114755369722843, 'rmse': 0.018356522545218468}","{'mae': 0.1222434937953949, 'rmse': 0.1631554365158081}"
train,"{'mae': 0.015122579410672188, 'rmse': 0.01810203492641449}","{'mae': 0.12359808385372162, 'rmse': 0.16389600932598114}"
val,"{'mae': 0.015114756301045418, 'rmse': 0.018356526270508766}","{'mae': 0.1222434937953949, 'rmse': 0.1631554216146469}"
train,"{'mae': 0.015122580341994762, 'rmse': 0.01810203492641449}","{'mae': 0.12359808385372162, 'rmse': 0.16389599442481995}"
val,"{'mae': 0.015114755369722843, 'rmse': 0.018356522545218468}","{'mae': 0.1222434937953949, 'rmse': 0.1631554365158081}"
train,"{'mae': 0.015122580341994762, 'rmse': 0.01810203492641449}","{'mae': 0.12359808385372162, 'rmse': 0.16389600932598114}"
val,"{'mae': 0.015114755369722843, 'rmse': 0.01835652068257332}","{'mae': 0.1222434788942337, 'rmse': 0.1631554216146469}"
train,"{'mae': 0.015122580341994762, 'rmse': 0.01810203492641449}","{'mae': 0.12359808385372162, 'rmse': 0.16389599442481995}"
val,"{'mae': 0.015114758163690567, 'rmse': 0.018356524407863617}","{'mae': 0.1222434937953949, 'rmse': 0.1631554365158081}"
train,"{'mae': 0.015122580341994762, 'rmse': 0.01810203492641449}","{'mae': 0.12359808385372162, 'rmse': 0.16389599442481995}"
val,"{'mae': 0.015114758163690567, 'rmse': 0.018356522545218468}","{'mae': 0.1222434788942337, 'rmse': 0.1631554216146469}"
train,"{'mae': 0.015122580341994762, 'rmse': 0.01810203492641449}","{'mae': 0.12359808385372162, 'rmse': 0.16389599442481995}"
val,"{'mae': 0.015114756301045418, 'rmse': 0.018356522545218468}","{'mae': 0.1222434788942337, 'rmse': 0.1631554216146469}"
train,"{'mae': 0.015122580341994762, 'rmse': 0.01810203492641449}","{'mae': 0.12359808385372162, 'rmse': 0.16389599442481995}"
val,"{'mae': 0.015114758163690567, 'rmse': 0.018356524407863617}","{'mae': 0.1222434937953949, 'rmse': 0.1631554216146469}"
train,"{'mae': 0.015122581273317337, 'rmse': 0.01810203492641449}","{'mae': 0.12359808385372162, 'rmse': 0.16389599442481995}"
val,"{'mae': 0.015114754438400269, 'rmse': 0.01835652068257332}","{'mae': 0.1222434937953949, 'rmse': 0.1631554365158081}"
train,"{'mae': 0.015122580341994762, 'rmse': 0.01810203492641449}","{'mae': 0.12359808385372162, 'rmse': 0.16389599442481995}"
val,"{'mae': 0.015114757232367992, 'rmse': 0.018356524407863617}","{'mae': 0.1222434937953949, 'rmse': 0.1631554365158081}"
train,"{'mae': 0.015122579410672188, 'rmse': 0.01810203492641449}","{'mae': 0.12359808385372162, 'rmse': 0.16389599442481995}"
val,"{'mae': 0.015114754438400269, 'rmse': 0.018356522545218468}","{'mae': 0.1222434937953949, 'rmse': 0.1631554216146469}"
train,"{'mae': 0.015122578479349613, 'rmse': 0.01810203492641449}","{'mae': 0.12359808385372162, 'rmse': 0.16389600932598114}"
val,"{'mae': 0.015114756301045418, 'rmse': 0.018356522545218468}","{'mae': 0.1222434937953949, 'rmse': 0.1631554365158081}"
train,"{'mae': 0.015122582204639912, 'rmse': 0.01810203492641449}","{'mae': 0.12359808385372162, 'rmse': 0.16389600932598114}"
val,"{'mae': 0.015114758163690567, 'rmse': 0.018356522545218468}","{'mae': 0.12224346399307251, 'rmse': 0.1631554216146469}"
train,"{'mae': 0.015122584067285061, 'rmse': 0.01810203492641449}","{'mae': 0.12359808385372162, 'rmse': 0.16389600932598114}"
val,"{'mae': 0.015114761888980865, 'rmse': 0.018356524407863617}","{'mae': 0.1222434937953949, 'rmse': 0.1631554216146469}"
train,"{'mae': 0.015122583135962486, 'rmse': 0.01810203492641449}","{'mae': 0.12359808385372162, 'rmse': 0.16389599442481995}"
val,"{'mae': 0.015114760026335716, 'rmse': 0.018356522545218468}","{'mae': 0.1222434937953949, 'rmse': 0.1631554216146469}"
train,"{'mae': 0.015122582204639912, 'rmse': 0.01810203492641449}","{'mae': 0.12359808385372162, 'rmse': 0.16389600932598114}"
val,"{'mae': 0.015114759095013142, 'rmse': 0.018356522545218468}","{'mae': 0.1222434937953949, 'rmse': 0.1631554365158081}"
train,"{'mae': 0.015122582204639912, 'rmse': 0.01810203492641449}","{'mae': 0.12359808385372162, 'rmse': 0.16389599442481995}"
val,"{'mae': 0.015114757232367992, 'rmse': 0.018356522545218468}","{'mae': 0.1222434788942337, 'rmse': 0.1631554216146469}"
train,"{'mae': 0.015122582204639912, 'rmse': 0.01810203492641449}","{'mae': 0.12359808385372162, 'rmse': 0.16389600932598114}"
val,"{'mae': 0.015114760026335716, 'rmse': 0.018356526270508766}","{'mae': 0.1222434937953949, 'rmse': 0.1631554365158081}"
train,"{'mae': 0.015122582204639912, 'rmse': 0.01810203492641449}","{'mae': 0.12359808385372162, 'rmse': 0.16389600932598114}"
val,"{'mae': 0.015114760026335716, 'rmse': 0.018356524407863617}","{'mae': 0.1222434937953949, 'rmse': 0.1631554216146469}"
train,"{'mae': 0.015122580341994762, 'rmse': 0.01810203492641449}","{'mae': 0.12359808385372162, 'rmse': 0.16389599442481995}"
val,"{'mae': 0.015114759095013142, 'rmse': 0.018356522545218468}","{'mae': 0.1222434937953949, 'rmse': 0.1631554365158081}"
train,"{'mae': 0.015122582204639912, 'rmse': 0.01810203492641449}","{'mae': 0.12359808385372162, 'rmse': 0.16389600932598114}"
val,"{'mae': 0.015114756301045418, 'rmse': 0.018356522545218468}","{'mae': 0.1222434937953949, 'rmse': 0.1631554365158081}"
train,"{'mae': 0.015122581273317337, 'rmse': 0.01810203492641449}","{'mae': 0.12359808385372162, 'rmse': 0.16389600932598114}"
val,"{'mae': 0.015114759095013142, 'rmse': 0.018356524407863617}","{'mae': 0.1222434788942337, 'rmse': 0.1631554216146469}"
train,"{'mae': 0.015122582204639912, 'rmse': 0.01810203492641449}","{'mae': 0.12359808385372162, 'rmse': 0.16389600932598114}"
val,"{'mae': 0.015114758163690567, 'rmse': 0.018356522545218468}","{'mae': 0.1222434788942337, 'rmse': 0.1631554216146469}"
train,"{'mae': 0.015122582204639912, 'rmse': 0.01810203492641449}","{'mae': 0.12359808385372162, 'rmse': 0.16389600932598114}"
val,"{'mae': 0.015114759095013142, 'rmse': 0.018356522545218468}","{'mae': 0.1222434937953949, 'rmse': 0.1631554365158081}"
train,"{'mae': 0.015122581273317337, 'rmse': 0.01810203492641449}","{'mae': 0.12359808385372162, 'rmse': 0.16389600932598114}"
val,"{'mae': 0.015114754438400269, 'rmse': 0.01835652068257332}","{'mae': 0.1222434937953949, 'rmse': 0.1631554365158081}"
train,"{'mae': 0.015122581273317337, 'rmse': 0.01810203492641449}","{'mae': 0.12359808385372162, 'rmse': 0.16389600932598114}"
val,"{'mae': 0.015114758163690567, 'rmse': 0.01835652068257332}","{'mae': 0.1222434937953949, 'rmse': 0.1631554365158081}"
train,"{'mae': 0.015122581273317337, 'rmse': 0.01810203492641449}","{'mae': 0.12359808385372162, 'rmse': 0.16389600932598114}"
val,"{'mae': 0.015114757232367992, 'rmse': 0.018356522545218468}","{'mae': 0.1222434788942337, 'rmse': 0.1631554365158081}"
train,"{'mae': 0.015122581273317337, 'rmse': 0.01810203492641449}","{'mae': 0.12359808385372162, 'rmse': 0.16389600932598114}"
val,"{'mae': 0.015114759095013142, 'rmse': 0.018356524407863617}","{'mae': 0.1222434937953949, 'rmse': 0.1631554216146469}"
train,"{'mae': 0.015122582204639912, 'rmse': 0.01810203492641449}","{'mae': 0.12359808385372162, 'rmse': 0.16389600932598114}"
val,"{'mae': 0.015114758163690567, 'rmse': 0.018356524407863617}","{'mae': 0.1222434937953949, 'rmse': 0.1631554365158081}"
train,"{'mae': 0.015122582204639912, 'rmse': 0.01810203492641449}","{'mae': 0.12359808385372162, 'rmse': 0.16389600932598114}"
val,"{'mae': 0.015114759095013142, 'rmse': 0.018356522545218468}","{'mae': 0.12224346399307251, 'rmse': 0.1631554365158081}"
train,"{'mae': 0.015122582204639912, 'rmse': 0.01810203492641449}","{'mae': 0.12359808385372162, 'rmse': 0.16389600932598114}"
val,"{'mae': 0.015114758163690567, 'rmse': 0.018356522545218468}","{'mae': 0.1222434937953949, 'rmse': 0.1631554365158081}"
train,"{'mae': 0.015122583135962486, 'rmse': 0.01810203492641449}","{'mae': 0.12359808385372162, 'rmse': 0.16389600932598114}"
val,"{'mae': 0.015114759095013142, 'rmse': 0.018356522545218468}","{'mae': 0.12224346399307251, 'rmse': 0.1631554216146469}"
train,"{'mae': 0.015122582204639912, 'rmse': 0.01810203492641449}","{'mae': 0.12359808385372162, 'rmse': 0.16389599442481995}"
val,"{'mae': 0.015114760026335716, 'rmse': 0.018356524407863617}","{'mae': 0.1222434937953949, 'rmse': 0.1631554365158081}"
train,"{'mae': 0.015122583135962486, 'rmse': 0.01810203492641449}","{'mae': 0.12359808385372162, 'rmse': 0.16389600932598114}"
val,"{'mae': 0.01511476095765829, 'rmse': 0.018356522545218468}","{'mae': 0.1222434788942337, 'rmse': 0.1631554365158081}"
train,"{'mae': 0.015122582204639912, 'rmse': 0.01810203492641449}","{'mae': 0.12359808385372162, 'rmse': 0.16389599442481995}"
val,"{'mae': 0.015114758163690567, 'rmse': 0.01835652068257332}","{'mae': 0.1222434788942337, 'rmse': 0.1631554365158081}"
train,"{'mae': 0.015122584067285061, 'rmse': 0.01810203492641449}","{'mae': 0.12359808385372162, 'rmse': 0.16389600932598114}"
val,"{'mae': 0.015114760026335716, 'rmse': 0.018356522545218468}","{'mae': 0.1222434937953949, 'rmse': 0.1631554365158081}"
train,"{'mae': 0.015122584067285061, 'rmse': 0.01810203492641449}","{'mae': 0.12359808385372162, 'rmse': 0.16389600932598114}"
val,"{'mae': 0.01511476095765829, 'rmse': 0.018356522545218468}","{'mae': 0.1222434937953949, 'rmse': 0.1631554365158081}"
