dihedral_deg,actual_rel_e,pred_total_rel_e,pred_short_rel_e,pred_long_rel_e,pred_total_abs_e,pred_short_abs_e,pred_long_abs_e
83.42481930851925,0.0,0.0,1.9073486328125e-06,0.0,-2.4204699993133545,-2.0122594833374023,-0.40821072459220886
83.51375778436027,0.0,1.430511474609375e-06,2.86102294921875e-06,8.940696716308594e-07,-2.42046856880188,-2.012258529663086,-0.40820983052253723
83.60271179666562,7.62939453125e-06,3.0994415283203125e-06,1.9073486328125e-06,3.3974647521972656e-06,-2.420466899871826,-2.0122594833374023,-0.40820732712745667
83.69168218714043,7.62939453125e-06,7.3909759521484375e-06,1.9073486328125e-06,7.599592208862305e-06,-2.4204626083374023,-2.0122594833374023,-0.408203125
83.7806685757748,1.52587890625e-05,1.1205673217773438e-05,0.0,1.3440847396850586e-05,-2.4204587936401367,-2.012261390686035,-0.408197283744812
83.86967062145865,2.288818359375e-05,2.1457672119140625e-05,2.384185791015625e-06,2.1070241928100586e-05,-2.4204485416412354,-2.012259006500244,-0.40818965435028076
83.95868846283588,3.0517578125e-05,3.0279159545898438e-05,2.1457672119140625e-06,3.001093864440918e-05,-2.4204397201538086,-2.0122592449188232,-0.40818071365356445
84.04772298530942,3.814697265625e-05,4.076957702636719e-05,2.1457672119140625e-06,4.073977470397949e-05,-2.420429229736328,-2.0122592449188232,-0.4081699848175049
84.13677319517468,4.57763671875e-05,5.340576171875e-05,2.384185791015625e-06,5.301833152770996e-05,-2.4204165935516357,-2.012259006500244,-0.40815770626068115
84.22583938789188,6.103515625e-05,6.771087646484375e-05,2.86102294921875e-06,6.67572021484375e-05,-2.4204022884368896,-2.012258529663086,-0.4081439673900604
84.31492104168031,7.62939453125e-05,8.273124694824219e-05,3.0994415283203125e-06,8.189678192138672e-05,-2.4203872680664062,-2.012258291244507,-0.4081288278102875
84.40401976759186,9.1552734375e-05,9.942054748535156e-05,2.86102294921875e-06,9.873509407043457e-05,-2.420370578765869,-2.012258529663086,-0.4081119894981384
84.49313378713768,0.0001068115234375,0.00011610984802246094,1.430511474609375e-06,0.00011691451072692871,-2.420353889465332,-2.0122599601745605,-0.40809381008148193
84.58226411541654,0.00012969970703125,0.0001361370086669922,1.430511474609375e-06,0.00013658404350280762,-2.4203338623046875,-2.0122599601745605,-0.40807414054870605
84.67141018739875,0.00014495849609375,0.0001590251922607422,3.337860107421875e-06,0.0001576840877532959,-2.4203109741210938,-2.0122580528259277,-0.40805304050445557
84.7605730401581,0.0001678466796875,0.0001819133758544922,3.814697265625e-06,0.00018024444580078125,-2.4202880859375,-2.0122575759887695,-0.4080304801464081
84.84975158664358,0.00019073486328125,0.00020551681518554688,3.5762786865234375e-06,0.00020420551300048828,-2.420264482498169,-2.0122578144073486,-0.4080065190792084
84.93894591481094,0.00022125244140625,0.0002307891845703125,3.0994415283203125e-06,0.00022968649864196777,-2.420239210128784,-2.012258291244507,-0.4079810380935669
85.02815651639432,0.000244140625,0.00025773048400878906,3.337860107421875e-06,0.00025653839111328125,-2.4202122688293457,-2.0122580528259277,-0.4079541862010956
85.11738348351406,0.000274658203125,0.0002868175506591797,4.291534423828125e-06,0.0002847611904144287,-2.4201831817626953,-2.0122570991516113,-0.40792596340179443
85.20662642717684,0.00029754638671875,0.00031638145446777344,3.814697265625e-06,0.00031450390815734863,-2.4201536178588867,-2.0122575759887695,-0.4078962206840515
85.29588562567267,0.00032806396484375,0.00034809112548828125,4.76837158203125e-06,0.00034561753273010254,-2.420121908187866,-2.012256622314453,-0.40786510705947876
85.38516046637906,0.0003662109375,0.00037932395935058594,3.337860107421875e-06,0.00037810206413269043,-2.420090675354004,-2.0122580528259277,-0.40783262252807617
85.474452147138,0.000396728515625,0.00041413307189941406,4.291534423828125e-06,0.00041222572326660156,-2.420055866241455,-2.0122570991516113,-0.40779849886894226
85.56376013482735,0.00043487548828125,0.00045108795166015625,5.245208740234375e-06,0.000447690486907959,-2.4200189113616943,-2.012256145477295,-0.4077630341053009
85.65308401474994,0.00046539306640625,0.00048804283142089844,5.7220458984375e-06,0.0004845559597015381,-2.4199819564819336,-2.0122556686401367,-0.4077261686325073
85.74242342696428,0.0005035400390625,0.0005259513854980469,5.0067901611328125e-06,0.0005228221416473389,-2.4199440479278564,-2.012256383895874,-0.4076879024505615
85.83177981112837,0.00054931640625,0.0005662441253662109,5.7220458984375e-06,0.0005626380443572998,-2.4199037551879883,-2.0122556686401367,-0.40764808654785156
85.92115219063496,0.00058746337890625,0.0006086826324462891,6.9141387939453125e-06,0.0006039738655090332,-2.419861316680908,-2.012254476547241,-0.40760675072669983
86.01054076566723,0.00063323974609375,0.0006506443023681641,6.198883056640625e-06,0.0006467998027801514,-2.4198193550109863,-2.0122551918029785,-0.4075639247894287
86.09994576594792,0.00067138671875,0.0006959438323974609,7.152557373046875e-06,0.0006910860538482666,-2.419774055480957,-2.012254238128662,-0.4075196385383606
86.18936687088934,0.0007171630859375,0.0007414817810058594,6.9141387939453125e-06,0.0007366836071014404,-2.4197285175323486,-2.012254476547241,-0.4074740409851074
86.27880421018678,0.000762939453125,0.0007879734039306641,6.198883056640625e-06,0.0007839500904083252,-2.419682025909424,-2.0122551918029785,-0.40742677450180054
86.36825808341253,0.00081634521484375,0.0008380413055419922,7.3909759521484375e-06,0.0008327066898345947,-2.4196319580078125,-2.012253999710083,-0.40737801790237427
86.45772748496354,0.00086212158203125,0.000888824462890625,8.106231689453125e-06,0.0008828341960906982,-2.419581174850464,-2.0122532844543457,-0.40732789039611816
86.54721384798674,0.00091552734375,0.0009405612945556641,8.344650268554688e-06,0.000934600830078125,-2.419529438018799,-2.0122530460357666,-0.40727612376213074
86.63671620321735,0.00096893310546875,0.0009949207305908203,9.059906005859375e-06,0.0009878873825073242,-2.4194750785827637,-2.0122523307800293,-0.40722283720970154
86.72623536283366,0.0010223388671875,0.0010499954223632812,9.5367431640625e-06,0.0010428130626678467,-2.419420003890991,-2.012251853942871,-0.407167911529541
86.81577031816718,0.00107574462890625,0.0011067390441894531,9.775161743164062e-06,0.0010991990566253662,-2.419363260269165,-2.012251615524292,-0.4071115255355835
86.90532138382683,0.00113677978515625,0.001165151596069336,1.0013580322265625e-05,0.0011570453643798828,-2.419304847717285,-2.012251377105713,-0.407053679227829
86.99488928589564,0.00119781494140625,0.001224517822265625,1.0251998901367188e-05,0.0012164413928985596,-2.419245481491089,-2.012251138687134,-0.4069942831993103
87.08447372071964,0.00125885009765625,0.0012862682342529297,1.0967254638671875e-05,0.0012774765491485596,-2.4191837310791016,-2.0122504234313965,-0.4069332480430603
87.17407403086955,0.00131988525390625,0.0013475418090820312,9.5367431640625e-06,0.0013400614261627197,-2.4191224575042725,-2.012251853942871,-0.40687066316604614
87.26369094008825,0.00138092041015625,0.0014116764068603516,1.0013580322265625e-05,0.0014042258262634277,-2.419058322906494,-2.012251377105713,-0.40680649876594543
87.35332446086574,0.0014495849609375,0.0014801025390625,1.239776611328125e-05,0.0014699995517730713,-2.418989896774292,-2.012248992919922,-0.4067407250404358
87.44297353913905,0.0015106201171875,0.0015480518341064453,1.33514404296875e-05,0.0015371739864349365,-2.418921947479248,-2.0122480392456055,-0.4066735506057739
87.53263935021317,0.00157928466796875,0.001615285873413086,1.1205673217773438e-05,0.001606076955795288,-2.4188547134399414,-2.0122501850128174,-0.4066046476364136
87.62232218940899,0.00164794921875,0.001688241958618164,1.3828277587890625e-05,0.0016765296459197998,-2.4187817573547363,-2.0122475624084473,-0.40653419494628906
87.71202061141386,0.0017242431640625,0.0017604827880859375,1.4066696166992188e-05,0.0017486810684204102,-2.4187095165252686,-2.012247323989868,-0.40646204352378845
87.8017358754658,0.00179290771484375,0.0018334388732910156,1.33514404296875e-05,0.0018222630023956299,-2.4186365604400635,-2.0122480392456055,-0.40638846158981323
87.89146759536811,0.00186920166015625,0.0019109249114990234,1.5735626220703125e-05,0.0018976032733917236,-2.4185590744018555,-2.0122456550598145,-0.40631312131881714
87.98121593962442,0.00194549560546875,0.001988649368286133,1.621246337890625e-05,0.0019745230674743652,-2.4184813499450684,-2.0122451782226562,-0.4062362015247345
88.0709802673695,0.00202178955078125,0.00206756591796875,1.6689300537109375e-05,0.0020529329776763916,-2.4184024333953857,-2.012244701385498,-0.40615779161453247
88.16076137677895,0.00209808349609375,0.002147674560546875,1.6689300537109375e-05,0.002132982015609741,-2.4183223247528076,-2.012244701385498,-0.4060777425765991
88.25055922171055,0.00217437744140625,0.002230405807495117,1.7642974853515625e-05,0.0022146999835968018,-2.4182395935058594,-2.0122437477111816,-0.40599602460861206
88.34037279266128,0.00225830078125,0.002314329147338867,1.8358230590820312e-05,0.0022979676723480225,-2.4181556701660156,-2.0122430324554443,-0.40591275691986084
88.4302039008761,0.00234222412109375,0.002399444580078125,1.8596649169921875e-05,0.0023828446865081787,-2.4180705547332764,-2.0122427940368652,-0.4058278799057007
88.52005050038919,0.0024261474609375,0.002485990524291992,1.8596649169921875e-05,0.002469390630722046,-2.4179840087890625,-2.0122427940368652,-0.4057413339614868
88.60991359863145,0.00251007080078125,0.0025734901428222656,1.811981201171875e-05,0.0025574862957000732,-2.4178965091705322,-2.0122432708740234,-0.4056532382965088
88.69979363419051,0.00260162353515625,0.002665281295776367,2.002716064453125e-05,0.0026471614837646484,-2.417804718017578,-2.0122413635253906,-0.4055635631084442
88.78968990377467,0.002685546875,0.002756834030151367,2.0503997802734375e-05,0.0027384161949157715,-2.417713165283203,-2.0122408866882324,-0.4054723083972931
88.8796033287927,0.002777099609375,0.002851247787475586,2.2172927856445312e-05,0.0028312504291534424,-2.417618751525879,-2.0122392177581787,-0.4053794741630554
88.96953275896666,0.00286865234375,0.002946138381958008,2.2411346435546875e-05,0.0029257237911224365,-2.4175238609313965,-2.0122389793395996,-0.4052850008010864
89.05947955694963,0.00296783447265625,0.003042459487915039,2.288818359375e-05,0.003021806478500366,-2.4174275398254395,-2.0122385025024414,-0.4051889181137085
89.14944189947121,0.00305938720703125,0.003139019012451172,2.193450927734375e-05,0.0031193792819976807,-2.4173309803009033,-2.012239456176758,-0.4050913453102112
89.2394207722157,0.0031585693359375,0.0032405853271484375,2.4318695068359375e-05,0.0032185912132263184,-2.417229413986206,-2.012237071990967,-0.40499213337898254
89.32941703099902,0.0032501220703125,0.003342151641845703,2.5272369384765625e-05,0.003319263458251953,-2.417127847671509,-2.0122361183166504,-0.4048914611339569
89.41942918122685,0.00334930419921875,0.0034456253051757812,2.5987625122070312e-05,0.0034216642379760742,-2.4170243740081787,-2.012235403060913,-0.4047890603542328
89.50945793462812,0.00345611572265625,0.003550291061401367,2.6702880859375e-05,0.003525644540786743,-2.416919708251953,-2.012234687805176,-0.4046850800514221
89.5995045071832,0.0035552978515625,0.003656148910522461,2.7418136596679688e-05,0.0036309659481048584,-2.416813850402832,-2.0122339725494385,-0.404579758644104
89.6895664865781,0.003662109375,0.0037643909454345703,2.86102294921875e-05,0.0037379860877990723,-2.41670560836792,-2.012232780456543,-0.4044727385044098
89.7796457013167,0.00376129150390625,0.0038728713989257812,2.8371810913085938e-05,0.0038465261459350586,-2.4165971279144287,-2.012233018875122,-0.4043641984462738
89.86974069453213,0.00386810302734375,0.003983736038208008,2.9325485229492188e-05,0.003956526517868042,-2.4164862632751465,-2.0122320652008057,-0.4042541980743408
89.95985336514231,0.0039825439453125,0.0040967464447021484,3.0517578125e-05,0.004068315029144287,-2.4163732528686523,-2.01223087310791,-0.4041424095630646
90.04998219628196,0.00408935546875,0.004210472106933594,3.147125244140625e-05,0.00418129563331604,-2.416259527206421,-2.0122299194335938,-0.4040294289588928
90.14012740393653,0.00420379638671875,0.00432586669921875,3.1948089599609375e-05,0.004295915365219116,-2.4161441326141357,-2.0122294425964355,-0.40391480922698975
90.2302898450931,0.00431060791015625,0.004442453384399414,3.24249267578125e-05,0.004412144422531128,-2.416027545928955,-2.0122289657592773,-0.40379858016967773
90.32046795678414,0.004425048828125,0.004560232162475586,3.266334533691406e-05,0.0045296549797058105,-2.415909767150879,-2.0122287273406982,-0.40368106961250305
90.41066424742941,0.00453948974609375,0.004681110382080078,3.4332275390625e-05,0.004648953676223755,-2.4157888889312744,-2.0122270584106445,-0.4035617709159851
90.50087666685502,0.00466156005859375,0.00480198860168457,3.457069396972656e-05,0.004769504070281982,-2.41566801071167,-2.0122268199920654,-0.4034412205219269
90.59110539162829,0.0047760009765625,0.00492548942565918,3.5762786865234375e-05,0.004891723394393921,-2.4155445098876953,-2.01222562789917,-0.40331900119781494
90.68135069203015,0.0048980712890625,0.005049467086791992,3.62396240234375e-05,0.005015313625335693,-2.4154205322265625,-2.0122251510620117,-0.40319541096687317
90.7716132682175,0.0050201416015625,0.0051763057708740234,3.814697265625e-05,0.005140393972396851,-2.4152936935424805,-2.012223243713379,-0.403070330619812
90.86189225919249,0.0051422119140625,0.005302906036376953,3.790855407714844e-05,0.005266904830932617,-2.4151670932769775,-2.012223482131958,-0.40294381976127625
90.95218849007499,0.0052642822265625,0.0054318904876708984,3.886222839355469e-05,0.005394995212554932,-2.4150381088256836,-2.0122225284576416,-0.40281572937965393
91.04250096352902,0.00539398193359375,0.005562543869018555,3.981590270996094e-05,0.005524545907974243,-2.414907455444336,-2.012221574783325,-0.4026861786842346
91.1328304321751,0.005523681640625,0.00569462776184082,4.124641418457031e-05,0.005655527114868164,-2.4147753715515137,-2.0122201442718506,-0.4025551974773407
91.22317668456353,0.00565338134765625,0.005827665328979492,4.1961669921875e-05,0.0057878196239471436,-2.414642333984375,-2.0122194290161133,-0.4024229049682617
91.31353916680497,0.0057830810546875,0.0059626102447509766,4.291534423828125e-05,0.005921751260757446,-2.4145073890686035,-2.012218475341797,-0.4022889733314514
91.40391880105331,0.00591278076171875,0.006098508834838867,4.363059997558594e-05,0.006056994199752808,-2.4143714904785156,-2.0122177600860596,-0.40215373039245605
91.49431521518659,0.00605010986328125,0.006234884262084961,4.3392181396484375e-05,0.006193697452545166,-2.4142351150512695,-2.0122179985046387,-0.4020170271396637
91.5847286480647,0.0061798095703125,0.00637507438659668,4.5299530029296875e-05,0.006331890821456909,-2.414094924926758,-2.012216091156006,-0.40187883377075195
91.67515857975928,0.006317138671875,0.006516695022583008,4.7206878662109375e-05,0.006471484899520874,-2.4139533042907715,-2.012214183807373,-0.401739239692688
91.7656048485433,0.0064544677734375,0.006657838821411133,4.76837158203125e-05,0.006612569093704224,-2.4138121604919434,-2.012213706970215,-0.40159815549850464
91.85606936245608,0.00659942626953125,0.006801605224609375,4.863739013671875e-05,0.006755024194717407,-2.413668394088745,-2.0122127532958984,-0.40145570039749146
91.94654929161523,0.00673675537109375,0.006946563720703125,4.9591064453125e-05,0.0068989098072052,-2.4135234355926514,-2.012211799621582,-0.40131181478500366
92.03704740592832,0.0068817138671875,0.007093191146850586,5.1021575927734375e-05,0.0070442259311676025,-2.413376808166504,-2.0122103691101074,-0.40116649866104126
92.12756136644497,0.00702667236328125,0.007241010665893555,5.1975250244140625e-05,0.007191002368927002,-2.413228988647461,-2.012209415435791,-0.40101972222328186
92.21809276492861,0.007171630859375,0.00738978385925293,5.269050598144531e-05,0.007339179515838623,-2.4130802154541016,-2.0122087001800537,-0.40087154507637024
92.3086399645864,0.00731658935546875,0.007540464401245117,5.412101745605469e-05,0.007488667964935303,-2.4129295349121094,-2.012207269668579,-0.40072205662727356
92.39920431914588,0.0074615478515625,0.007692098617553711,5.459785461425781e-05,0.007639676332473755,-2.412777900695801,-2.012206792831421,-0.4005710482597351
92.48978669641859,0.0076141357421875,0.007845640182495117,5.5789947509765625e-05,0.0077922046184539795,-2.4126243591308594,-2.0122056007385254,-0.4004185199737549
92.58038494277602,0.0077667236328125,0.008001089096069336,5.7220458984375e-05,0.007945984601974487,-2.412468910217285,-2.012204170227051,-0.4002647399902344
92.67099991618987,0.0079193115234375,0.008157014846801758,5.793571472167969e-05,0.008101224899291992,-2.4123129844665527,-2.0122034549713135,-0.40010949969291687
92.76163234847048,0.0080718994140625,0.008313417434692383,5.7697296142578125e-05,0.008257925510406494,-2.412156581878662,-2.0122036933898926,-0.39995279908180237
92.85228189570327,0.00823211669921875,0.008474588394165039,6.0558319091796875e-05,0.008416026830673218,-2.4119954109191895,-2.0122008323669434,-0.39979469776153564
92.94294758330902,0.00838470458984375,0.008634328842163086,6.079673767089844e-05,0.00857570767402649,-2.4118356704711914,-2.0122005939483643,-0.3996350169181824
93.0336309347201,0.008544921875,0.008795499801635742,6.103515625e-05,0.008736610412597656,-2.4116744995117188,-2.012200355529785,-0.3994741141796112
93.12433084239541,0.00870513916015625,0.008960247039794922,6.341934204101562e-05,0.008899033069610596,-2.4115097522735596,-2.012197971343994,-0.39931169152259827
93.21504811238428,0.0088653564453125,0.009124994277954102,6.437301635742188e-05,0.009062886238098145,-2.4113450050354004,-2.0121970176696777,-0.3991478383541107
93.30578127932871,0.009033203125,0.009291887283325195,6.580352783203125e-05,0.00922819972038269,-2.4111781120300293,-2.012195587158203,-0.39898252487182617
93.39653237847597,0.0092010498046875,0.009459972381591797,6.699562072753906e-05,0.009395003318786621,-2.4110100269317627,-2.0121943950653076,-0.39881572127342224
93.48729966239931,0.00936126708984375,0.009628772735595703,6.771087646484375e-05,0.009563237428665161,-2.410841226577759,-2.0121936798095703,-0.3986474871635437
93.57808416353274,0.00952911376953125,0.009799957275390625,6.914138793945312e-05,0.009732812643051147,-2.410670042037964,-2.0121922492980957,-0.3984779119491577
93.66888600778982,0.00970458984375,0.009972333908081055,7.033348083496094e-05,0.009904056787490845,-2.4104976654052734,-2.0121910572052,-0.398306667804718
93.7597048458983,0.0098724365234375,0.010146379470825195,7.200241088867188e-05,0.010076642036437988,-2.4103236198425293,-2.0121893882751465,-0.3981340825557709
93.85053954686948,0.010040283203125,0.010318994522094727,7.033348083496094e-05,0.010250657796859741,-2.4101510047912598,-2.0121910572052,-0.3979600667953491
93.94139302750551,0.01021575927734375,0.010498285293579102,7.414817810058594e-05,0.010426372289657593,-2.4099717140197754,-2.0121872425079346,-0.39778435230255127
94.03226159287894,0.0103912353515625,0.01067662239074707,7.534027099609375e-05,0.010603338479995728,-2.4097933769226074,-2.012186050415039,-0.39760738611221313
94.12314941071769,0.0105743408203125,0.01085662841796875,7.677078247070312e-05,0.010781854391098022,-2.4096133708953857,-2.0121846199035645,-0.39742887020111084
94.21405277307372,0.01074981689453125,0.011037588119506836,7.772445678710938e-05,0.010961979627609253,-2.4094324111938477,-2.012183666229248,-0.3972487449645996
94.30497264542018,0.01092529296875,0.011221170425415039,7.987022399902344e-05,0.011143505573272705,-2.4092488288879395,-2.012181520462036,-0.39706721901893616
94.39591049632742,0.0111083984375,0.011404991149902344,8.058547973632812e-05,0.011326462030410767,-2.409065008163452,-2.012180805206299,-0.3968842625617981
94.48686531985976,0.01129150390625,0.011590719223022461,8.177757263183594e-05,0.011511117219924927,-2.408879280090332,-2.0121796131134033,-0.39669960737228394
94.577836597816,0.011474609375,0.011777400970458984,8.249282836914062e-05,0.011697143316268921,-2.4086925983428955,-2.012178897857666,-0.39651358127593994
94.66882544888699,0.01166534423828125,0.01196742057800293,8.440017700195312e-05,0.011884897947311401,-2.4085025787353516,-2.012176990509033,-0.39632582664489746
94.75983196295866,0.01184844970703125,0.012157678604125977,8.58306884765625e-05,0.012074053287506104,-2.4083123207092285,-2.0121755599975586,-0.39613667130470276
94.85085376636317,0.0120391845703125,0.01234889030456543,8.630752563476562e-05,0.012264758348464966,-2.408121109008789,-2.0121750831604004,-0.3959459662437439
94.94189372189591,0.01222991943359375,0.012543439865112305,8.869171142578125e-05,0.012456893920898438,-2.407926559448242,-2.0121726989746094,-0.3957538306713104
95.03295062189808,0.012420654296875,0.012738704681396484,8.988380432128906e-05,0.012650787830352783,-2.407731294631958,-2.012171506881714,-0.3955599367618561
95.12402521442483,0.01261138916015625,0.01293492317199707,9.083747863769531e-05,0.012846112251281738,-2.4075350761413574,-2.0121705532073975,-0.3953646123409271
95.21511583861096,0.01280975341796875,0.01313328742980957,9.250640869140625e-05,0.013042956590652466,-2.407336711883545,-2.0121688842773438,-0.3951677680015564
95.30622370237792,0.01300811767578125,0.013332843780517578,9.34600830078125e-05,0.013241499662399292,-2.407137155532837,-2.0121679306030273,-0.39496922492980957
95.39734892542678,0.01320648193359375,0.013532400131225586,9.298324584960938e-05,0.013441532850265503,-2.406937599182129,-2.0121684074401855,-0.39476919174194336
95.48849192222606,0.01340484619140625,0.013738155364990234,9.703636169433594e-05,0.013643145561218262,-2.4067318439483643,-2.012164354324341,-0.3945675790309906
95.57965074682413,0.01360321044921875,0.013942480087280273,9.822845458984375e-05,0.013846367597579956,-2.406527519226074,-2.0121631622314453,-0.3943643569946289
95.67082644347988,0.01380157470703125,0.014148235321044922,9.918212890625e-05,0.014051109552383423,-2.4063217639923096,-2.012162208557129,-0.39415961503982544
95.76202055746293,0.014007568359375,0.014355897903442383,0.00010061264038085938,0.014257460832595825,-2.406114101409912,-2.0121607780456543,-0.39395326375961304
95.85323201229086,0.01421356201171875,0.014565706253051758,0.00010228157043457031,0.014465391635894775,-2.4059042930603027,-2.0121591091156006,-0.3937453329563141
95.94445966279953,0.0144195556640625,0.01477503776550293,0.00010228157043457031,0.014674901962280273,-2.4056949615478516,-2.0121591091156006,-0.3935358226299286
96.03570449562505,0.01462554931640625,0.01498866081237793,0.0001049041748046875,0.014886081218719482,-2.4054813385009766,-2.0121564865112305,-0.3933246433734894
96.12696674097953,0.01483917236328125,0.015202999114990234,0.00010633468627929688,0.015098810195922852,-2.4052670001983643,-2.012155055999756,-0.393111914396286
96.21824612096276,0.01505279541015625,0.015418767929077148,0.00010776519775390625,0.015312939882278442,-2.4050512313842773,-2.0121536254882812,-0.3928977847099304
96.30954236391567,0.01526641845703125,0.015636205673217773,0.00010943412780761719,0.015528887510299683,-2.4048337936401367,-2.0121519565582275,-0.3926818370819092
96.40085697214289,0.01548004150390625,0.015855073928833008,0.00011086463928222656,0.015746325254440308,-2.4046149253845215,-2.012150526046753,-0.39246439933776855
96.49218704128,0.01569366455078125,0.01607537269592285,0.00011229515075683594,0.015965253114700317,-2.4043946266174316,-2.0121490955352783,-0.39224547147750854
96.58353486566557,0.01590728759765625,0.016297578811645508,0.00011396408081054688,0.016185849905014038,-2.404172420501709,-2.0121474266052246,-0.3920248746871948
96.67489996539835,0.0161285400390625,0.01651930809020996,0.00011372566223144531,0.016407877206802368,-2.4039506912231445,-2.0121476650238037,-0.3918028473854065
96.76628286780644,0.01634979248046875,0.01674675941467285,0.00011730194091796875,0.01663157343864441,-2.4037232398986816,-2.012144088745117,-0.39157915115356445
96.85768166304943,0.016571044921875,0.016973257064819336,0.00011849403381347656,0.01685681939125061,-2.403496742248535,-2.0121428966522217,-0.39135390520095825
96.94909886204375,0.01679229736328125,0.017201662063598633,0.0001201629638671875,0.017083555459976196,-2.403268337249756,-2.012141227722168,-0.39112716913223267
97.04053271286408,0.01702117919921875,0.01743173599243164,0.0001220703125,0.017311781644821167,-2.403038263320923,-2.012139320373535,-0.3908989429473877
97.13198329393187,0.017242431640625,0.017663240432739258,0.00012373924255371094,0.01754167675971985,-2.4028067588806152,-2.0121376514434814,-0.390669047832489
97.22345222110093,0.0174713134765625,0.017896175384521484,0.0001251697540283203,0.017773151397705078,-2.402573823928833,-2.012136220932007,-0.3904375731945038
97.31493678519621,0.0177001953125,0.018131017684936523,0.00012731552124023438,0.01800587773323059,-2.402338981628418,-2.012134075164795,-0.39020484685897827
97.4064404800513,0.0179290771484375,0.01836681365966797,0.00012874603271484375,0.018240302801132202,-2.4021031856536865,-2.0121326446533203,-0.38997042179107666
97.49795937302608,0.01816558837890625,0.018604516983032227,0.00013065338134765625,0.018476217985153198,-2.4018654823303223,-2.0121307373046875,-0.38973450660705566
97.5894965832244,0.01839447021484375,0.01884293556213379,0.0001316070556640625,0.01871359348297119,-2.4016270637512207,-2.012129783630371,-0.38949713110923767
97.68105083404771,0.0186309814453125,0.019083738327026367,0.00013327598571777344,0.018952488899230957,-2.401386260986328,-2.0121281147003174,-0.3892582356929779
97.77262378348217,0.01886749267578125,0.01932549476623535,0.0001347064971923828,0.019192814826965332,-2.401144504547119,-2.0121266841888428,-0.38901790976524353
97.86421143449239,0.01910400390625,0.019568920135498047,0.00013637542724609375,0.019434630870819092,-2.4009010791778564,-2.012125015258789,-0.38877609372138977
97.95581789324174,0.01934814453125,0.01981353759765625,0.00013780593872070312,0.01967790722846985,-2.4006564617156982,-2.0121235847473145,-0.388532817363739
98.04744155027873,0.01958465576171875,0.02006077766418457,0.0001404285430908203,0.019922584295272827,-2.40040922164917,-2.0121209621429443,-0.38828814029693604
98.13908136159657,0.01982879638671875,0.02030777931213379,0.00014138221740722656,0.020168691873550415,-2.4001622200012207,-2.012120008468628,-0.38804203271865845
98.23073966317241,0.02007293701171875,0.020557403564453125,0.0001430511474609375,0.02041637897491455,-2.3999125957489014,-2.012118339538574,-0.3877943456172943
98.32241457941475,0.02031707763671875,0.020807743072509766,0.00014448165893554688,0.020665347576141357,-2.3996622562408447,-2.0121169090270996,-0.3875453770160675
98.41410683829795,0.02056884765625,0.021060705184936523,0.0001468658447265625,0.020915716886520386,-2.399409294128418,-2.0121145248413086,-0.3872950077056885
98.50581656704769,0.02081298828125,0.02131366729736328,0.00014829635620117188,0.02116754651069641,-2.399156332015991,-2.012113094329834,-0.38704317808151245
98.5975438647002,0.02106475830078125,0.021569013595581055,0.00015044212341308594,0.02142086625099182,-2.3989009857177734,-2.012110948562622,-0.38678985834121704
98.68928691482517,0.0213165283203125,0.021825075149536133,0.00015163421630859375,0.021675556898117065,-2.3986449241638184,-2.0121097564697266,-0.3865351676940918
98.7810479632115,0.02156829833984375,0.02208113670349121,0.00015163421630859375,0.02193164825439453,-2.3983888626098633,-2.0121097564697266,-0.38627907633781433
98.87282785960845,0.02182769775390625,0.022342681884765625,0.00015544891357421875,0.022189080715179443,-2.398127317428589,-2.012105941772461,-0.3860216438770294
98.96462378125432,0.0220794677734375,0.022602319717407227,0.00015664100646972656,0.022447794675827026,-2.3978676795959473,-2.0121047496795654,-0.38576292991638184
99.05643717654881,0.0223388671875,0.022864580154418945,0.00015854835510253906,0.022707968950271606,-2.3976054191589355,-2.0121028423309326,-0.38550275564193726
99.14826810748295,0.0225982666015625,0.023128271102905273,0.0001609325408935547,0.022969543933868408,-2.397341728210449,-2.0121004581451416,-0.38524118065834045
99.24011592092486,0.022857666015625,0.023392438888549805,0.0001621246337890625,0.02323254942893982,-2.3970775604248047,-2.012099266052246,-0.38497817516326904
99.33198112055175,0.0231170654296875,0.023659467697143555,0.00016498565673828125,0.02349674701690674,-2.396810531616211,-2.012096405029297,-0.3847139775753021
99.42386304396547,0.02338409423828125,0.023926496505737305,0.00016641616821289062,0.023762434720993042,-2.396543502807617,-2.0120949745178223,-0.3844482898712158
99.51576238669347,0.02364349365234375,0.02419567108154297,0.00016832351684570312,0.02402949333190918,-2.3962743282318115,-2.0120930671691895,-0.3841812312602997
99.60767981820403,0.0239105224609375,0.02446579933166504,0.00017023086547851562,0.02429792284965515,-2.3960041999816895,-2.0120911598205566,-0.3839128017425537
99.69961386791954,0.02417755126953125,0.024736642837524414,0.00017118453979492188,0.024567514657974243,-2.39573335647583,-2.0120902061462402,-0.3836432099342346
99.79156665262376,0.02445220947265625,0.025009870529174805,0.00017333030700683594,0.024838656187057495,-2.3954601287841797,-2.0120880603790283,-0.38337206840515137
99.8835366933123,0.02471923828125,0.025285005569458008,0.00017595291137695312,0.025110989809036255,-2.3951849937438965,-2.012085437774658,-0.3830997347831726
99.97552331117181,0.024993896484375,0.025560379028320312,0.00017786026000976562,0.025384902954101562,-2.394909620285034,-2.0120835304260254,-0.3828258216381073
100.0675264217745,0.0252685546875,0.025837182998657227,0.000179290771484375,0.025660008192062378,-2.3946328163146973,-2.012082099914551,-0.3825507164001465
100.15954901774789,0.025543212890625,0.02611565589904785,0.0001811981201171875,0.02593645453453064,-2.3943543434143066,-2.012080192565918,-0.3822742700576782
100.25158734439182,0.02581787109375,0.026395082473754883,0.00018310546875,0.02621421217918396,-2.3940749168395996,-2.012078285217285,-0.3819965124130249
100.34364162715126,0.02610015869140625,0.026674985885620117,0.00018358230590820312,0.026493370532989502,-2.3937950134277344,-2.012077808380127,-0.38171735405921936
100.43571487340412,0.02637481689453125,0.02695918083190918,0.000186920166015625,0.02677398920059204,-2.3935108184814453,-2.0120744705200195,-0.3814367353916168
100.52780671301376,0.0266571044921875,0.027241230010986328,0.00018739700317382812,0.02705588936805725,-2.393228769302368,-2.0120739936828613,-0.3811548352241516
100.61991459495923,0.02693939208984375,0.027527570724487305,0.00019049644470214844,0.027339160442352295,-2.392942428588867,-2.012070894241333,-0.38087156414985657
100.71203996318407,0.02722930908203125,0.02781510353088379,0.00019359588623046875,0.027623862028121948,-2.3926548957824707,-2.0120677947998047,-0.3805868625640869
100.80418284837315,0.0275115966796875,0.028102636337280273,0.00019502639770507812,0.0279100239276886,-2.392367362976074,-2.01206636428833,-0.38030070066452026
100.89634362677123,0.027801513671875,0.028392553329467773,0.00019741058349609375,0.028197497129440308,-2.3920774459838867,-2.012063980102539,-0.38001322746276855
100.98852075440725,0.0280914306640625,0.02868199348449707,0.00019788742065429688,0.0284862220287323,-2.3917880058288574,-2.012063503265381,-0.37972450256347656
101.08071486900313,0.02838134765625,0.028975725173950195,0.00020122528076171875,0.028776556253433228,-2.3914942741394043,-2.0120601654052734,-0.37943416833877563
101.17292677940272,0.0286712646484375,0.029268741607666016,0.0002028942108154297,0.02906814217567444,-2.3912012577056885,-2.0120584964752197,-0.3791425824165344
101.26515633710324,0.028961181640625,0.029564619064331055,0.00020551681518554688,0.02936127781867981,-2.3909053802490234,-2.0120558738708496,-0.37884944677352905
101.35740316201661,0.02925872802734375,0.029860734939575195,0.00020694732666015625,0.029655754566192627,-2.3906092643737793,-2.012054443359375,-0.37855497002601624
101.44966728037626,0.0295562744140625,0.03015732765197754,0.0002079010009765625,0.029951542615890503,-2.390312671661377,-2.0120534896850586,-0.37825918197631836
101.54194912255652,0.02985382080078125,0.03045797348022461,0.00021123886108398438,0.030248969793319702,-2.39001202583313,-2.012050151824951,-0.37796175479888916
101.63424932998372,0.0301513671875,0.03075861930847168,0.00021314620971679688,0.030547618865966797,-2.389711380004883,-2.0120482444763184,-0.37766310572624207
101.72656590593544,0.03044891357421875,0.031061649322509766,0.00021600723266601562,0.03084784746170044,-2.3894083499908447,-2.012045383453369,-0.3773628771305084
101.81890089965728,0.03075408935546875,0.03136587142944336,0.00021839141845703125,0.03114953637123108,-2.389104127883911,-2.012042999267578,-0.3770611882209778
101.91125130235305,0.03105926513671875,0.031670570373535156,0.0002200603485107422,0.03145262598991394,-2.3887994289398193,-2.0120413303375244,-0.3767580986022949
102.00361936822931,0.03136444091796875,0.03197669982910156,0.00022149085998535156,0.03175729513168335,-2.388493299484253,-2.01203989982605,-0.3764534294605255
102.09600572424351,0.03166961669921875,0.032285451889038086,0.00022411346435546875,0.03206360340118408,-2.3881845474243164,-2.0120372772216797,-0.3761471211910248
102.18841024835527,0.03197479248046875,0.032594919204711914,0.00022602081298828125,0.03237113356590271,-2.3878750801086426,-2.012035369873047,-0.37583959102630615
102.28083105612534,0.03228759765625,0.032904624938964844,0.0002262592315673828,0.03268042206764221,-2.3875653743743896,-2.0120351314544678,-0.37553030252456665
102.37326929449843,0.03260040283203125,0.033219099044799805,0.00023031234741210938,0.032991111278533936,-2.3872509002685547,-2.012031078338623,-0.3752196133136749
102.4657248687349,0.0329132080078125,0.03353285789489746,0.0002315044403076172,0.03330335021018982,-2.386937141418457,-2.0120298862457275,-0.37490737438201904
102.55819856158723,0.03322601318359375,0.033849477767944336,0.00023412704467773438,0.03361716866493225,-2.38662052154541,-2.0120272636413574,-0.3745935559272766
102.65068801145294,0.033538818359375,0.034166574478149414,0.00023651123046875,0.03393247723579407,-2.386303424835205,-2.0120248794555664,-0.3742782473564148
102.74319787046251,0.0338592529296875,0.034483909606933594,0.00023651123046875,0.034249305725097656,-2.385986089706421,-2.0120248794555664,-0.3739614188671112
102.83572212144928,0.0341796875,0.0348048210144043,0.00023937225341796875,0.03456774353981018,-2.38566517829895,-2.012022018432617,-0.3736429810523987
102.92826725875223,0.0345001220703125,0.03512883186340332,0.00024318695068359375,0.03488776087760925,-2.385341167449951,-2.0120182037353516,-0.3733229637145996
103.02082745654026,0.034820556640625,0.03545236587524414,0.00024509429931640625,0.03520935773849487,-2.3850176334381104,-2.0120162963867188,-0.373001366853714
103.11340364375118,0.0351409912109375,0.03577756881713867,0.00024700164794921875,0.035532623529434204,-2.384692430496216,-2.012014389038086,-0.37267810106277466
103.20600071561911,0.03546905517578125,0.03610515594482422,0.0002498626708984375,0.03585726022720337,-2.3843648433685303,-2.0120115280151367,-0.3723534643650055
103.29861088416042,0.03578948974609375,0.03643345832824707,0.0002522468566894531,0.03618350625038147,-2.3840365409851074,-2.0120091438293457,-0.3720272183418274
103.3912419207681,0.0361175537109375,0.03676319122314453,0.00025391578674316406,0.036511510610580444,-2.38370680809021,-2.012007474899292,-0.3716992139816284
103.48388854017847,0.03644561767578125,0.03709578514099121,0.0002570152282714844,0.036841005086898804,-2.3833742141723633,-2.0120043754577637,-0.37136971950531006
103.57655471377818,0.03678131103515625,0.037427663803100586,0.0002574920654296875,0.037172168493270874,-2.383042335510254,-2.0120038986206055,-0.371038556098938
103.66923668526023,0.037109375,0.03776407241821289,0.00026106834411621094,0.037505000829696655,-2.3827059268951416,-2.012000322341919,-0.3707057237625122
103.76193709971255,0.037445068359375,0.038100481033325195,0.00026345252990722656,0.037839412689208984,-2.3823695182800293,-2.011997938156128,-0.3703713119029999
103.85465399889468,0.03778076171875,0.0384371280670166,0.0002636909484863281,0.03817546367645264,-2.382032871246338,-2.011997699737549,-0.3700352609157562
103.9473879966833,0.038116455078125,0.038779497146606445,0.0002682209014892578,0.03851333260536194,-2.381690502166748,-2.011993169784546,-0.3696973919868469
104.04014030364705,0.0384521484375,0.03912067413330078,0.0002701282501220703,0.038852691650390625,-2.3813493251800537,-2.011991262435913,-0.36935803294181824
104.13291083232323,0.03879547119140625,0.03946399688720703,0.00027251243591308594,0.03919374942779541,-2.3810060024261475,-2.011988878250122,-0.36901697516441345
104.22569869794333,0.0391387939453125,0.039808034896850586,0.0002734661102294922,0.03953665494918823,-2.380661964416504,-2.0119879245758057,-0.36867406964302063
104.31850219815017,0.0394744873046875,0.04015660285949707,0.0002777576446533203,0.039880961179733276,-2.3803133964538574,-2.011983633041382,-0.3683297634124756
104.41132377270638,0.039825439453125,0.04050469398498535,0.0002799034118652344,0.040227144956588745,-2.379965305328369,-2.01198148727417,-0.3679835796356201
104.50416384917911,0.04016876220703125,0.04085516929626465,0.00028228759765625,0.04057496786117554,-2.37961483001709,-2.011979103088379,-0.3676357567310333
104.59702101827536,0.0405120849609375,0.041207075119018555,0.0002846717834472656,0.040924519300460815,-2.379262924194336,-2.011976718902588,-0.36728620529174805
104.68989631826422,0.040863037109375,0.04156041145324707,0.0002865791320800781,0.04127570986747742,-2.3789095878601074,-2.011974811553955,-0.36693501472473145
104.78278700262108,0.0412139892578125,0.0419161319732666,0.0002899169921875,0.04162856936454773,-2.378553867340088,-2.0119714736938477,-0.36658215522766113
104.87569771939312,0.04156494140625,0.04227256774902344,0.0002913475036621094,0.041983217000961304,-2.378197431564331,-2.011970043182373,-0.36622750759124756
104.9686236811568,0.0419158935546875,0.04263186454772949,0.0002944469451904297,0.042339473962783813,-2.377838134765625,-2.0119669437408447,-0.36587125062942505
105.06156810979522,0.04227447509765625,0.04299187660217285,0.0002963542938232422,0.042697519063949585,-2.3774781227111816,-2.011965036392212,-0.3655132055282593
105.15452979514696,0.04262542724609375,0.04335427284240723,0.00029921531677246094,0.043057143688201904,-2.3771157264709473,-2.0119621753692627,-0.36515358090400696
105.24750740792831,0.0429840087890625,0.04371833801269531,0.0003018379211425781,0.043418675661087036,-2.376751661300659,-2.0119595527648926,-0.3647920489311218
105.34050502333402,0.04334259033203125,0.0440828800201416,0.0003032684326171875,0.04378172755241394,-2.376387119293213,-2.011958122253418,-0.3644289970397949
105.4335196251626,0.043701171875,0.044451236724853516,0.00030684471130371094,0.04414647817611694,-2.376018762588501,-2.0119545459747314,-0.3640642464160919
105.52655147251244,0.0440673828125,0.04481959342956543,0.000308990478515625,0.04451283812522888,-2.375650405883789,-2.0119524002075195,-0.36369788646698
105.61960111846179,0.04442596435546875,0.04519009590148926,0.0003108978271484375,0.044881075620651245,-2.3752799034118652,-2.0119504928588867,-0.3633296489715576
105.7126666480084,0.04479217529296875,0.0455629825592041,0.0003142356872558594,0.04525083303451538,-2.3749070167541504,-2.0119471549987793,-0.3629598915576935
105.80575067272201,0.04515838623046875,0.04593610763549805,0.0003159046173095703,0.045622318983078,-2.3745338916778564,-2.0119454860687256,-0.36258840560913086
105.89885253148285,0.04552459716796875,0.04631209373474121,0.0003185272216796875,0.04599553346633911,-2.3741579055786133,-2.0119428634643555,-0.36221519112586975
105.99196981209553,0.0458984375,0.04668927192687988,0.0003211498260498047,0.04637032747268677,-2.3737807273864746,-2.0119402408599854,-0.3618403971195221
106.08510514207643,0.0462646484375,0.04706883430480957,0.00032401084899902344,0.04674676060676575,-2.373401165008545,-2.011937379837036,-0.3614639639854431
106.17826164821054,0.04663848876953125,0.047449350357055664,0.00032639503479003906,0.047125011682510376,-2.373020648956299,-2.011934995651245,-0.3610857129096985
106.27143221173229,0.0470123291015625,0.04783225059509277,0.0003294944763183594,0.04750475287437439,-2.3726377487182617,-2.011931896209717,-0.3607059717178345
106.3646205160007,0.04738616943359375,0.04821419715881348,0.00033020973205566406,0.047886162996292114,-2.372255802154541,-2.0119311809539795,-0.36032456159591675
106.4578266263334,0.04776763916015625,0.04860091209411621,0.0003337860107421875,0.048269182443618774,-2.3718690872192383,-2.011927604675293,-0.3599415421485901
106.55104915737742,0.0481414794921875,0.04898834228515625,0.0003364086151123047,0.048653990030288696,-2.3714816570281982,-2.011924982070923,-0.35955673456192017
106.64429174292806,0.04852294921875,0.049376726150512695,0.00033855438232421875,0.049040257930755615,-2.371093273162842,-2.011922836303711,-0.35917046666145325
106.7375497779459,0.0489044189453125,0.04976773262023926,0.0003418922424316406,0.04942813515663147,-2.3707022666931152,-2.0119194984436035,-0.3587825894355774
106.8308246455641,0.049285888671875,0.05015969276428223,0.00034427642822265625,0.04981759190559387,-2.3703103065490723,-2.0119171142578125,-0.358393132686615
106.92411901183577,0.04967498779296875,0.050553083419799805,0.0003466606140136719,0.0502086877822876,-2.3699169158935547,-2.0119147300720215,-0.35800203680992126
107.01743018693874,0.05005645751953125,0.0509488582611084,0.00034999847412109375,0.05060124397277832,-2.369521141052246,-2.011911392211914,-0.35760948061943054
107.11075820298105,0.050445556640625,0.05134320259094238,0.00034999847412109375,0.050995439291000366,-2.369126796722412,-2.011911392211914,-0.3572152853012085
107.20410531618789,0.05083465576171875,0.05174398422241211,0.00035500526428222656,0.05139121413230896,-2.3687260150909424,-2.011906385421753,-0.3568195104598999
107.29746742320667,0.0512237548828125,0.05214405059814453,0.0003573894500732422,0.051788508892059326,-2.36832594871521,-2.011904001235962,-0.35642221570014954
107.3908486307608,0.05161285400390625,0.05254483222961426,0.00035953521728515625,0.052187442779541016,-2.3679251670837402,-2.01190185546875,-0.35602328181266785
107.48424787578794,0.05200958251953125,0.0529484748840332,0.0003628730773925781,0.05258789658546448,-2.3675215244293213,-2.0118985176086426,-0.3556228280067444
107.57766119325181,0.05240631103515625,0.05335259437561035,0.0003650188446044922,0.05298963189125061,-2.367117404937744,-2.0118963718414307,-0.35522109270095825
107.67109564092311,0.05280303955078125,0.05375862121582031,0.00036787986755371094,0.0533929169178009,-2.366711378097534,-2.0118935108184814,-0.35481780767440796
107.76454749674608,0.05319976806640625,0.05416607856750488,0.0003705024719238281,0.053797751665115356,-2.3663039207458496,-2.0118908882141113,-0.3544129729270935
107.8580151073878,0.05359649658203125,0.054575204849243164,0.0003733634948730469,0.05420401692390442,-2.3658947944641113,-2.011888027191162,-0.35400670766830444
107.95149999588187,0.0540008544921875,0.054986000061035156,0.0003762245178222656,0.05461183190345764,-2.3654839992523193,-2.011885166168213,-0.3535988926887512
108.04500312275846,0.0543975830078125,0.055396318435668945,0.00037741661071777344,0.0550210177898407,-2.3650736808776855,-2.0118839740753174,-0.35318970680236816
108.13852417553993,0.05480194091796875,0.055811166763305664,0.0003814697265625,0.05543184280395508,-2.364658832550049,-2.0118799209594727,-0.3527788817882538
108.2320615721157,0.055206298828125,0.056226491928100586,0.0003845691680908203,0.05584391951560974,-2.364243507385254,-2.0118768215179443,-0.3523668050765991
108.32561553249445,0.0556182861328125,0.05664181709289551,0.0003867149353027344,0.05625751614570618,-2.363828182220459,-2.0118746757507324,-0.3519532084465027
108.41918941774436,0.05602264404296875,0.05706024169921875,0.00039005279541015625,0.05667242407798767,-2.3634097576141357,-2.011871337890625,-0.3515383005142212
108.51277904043468,0.05643463134765625,0.0574796199798584,0.000392913818359375,0.057088702917099,-2.362990379333496,-2.011868476867676,-0.35112202167510986
108.60638680600886,0.05684661865234375,0.05789947509765625,0.0003952980041503906,0.05750653147697449,-2.3625705242156982,-2.0118660926818848,-0.3507041931152344
108.70001253553774,0.05725860595703125,0.05832171440124512,0.0003979206085205078,0.05792573094367981,-2.3621482849121094,-2.0118634700775146,-0.35028499364852905
108.79365537697528,0.05767059326171875,0.058744192123413086,0.000400543212890625,0.05834615230560303,-2.3617258071899414,-2.0118608474731445,-0.34986457228660583
108.88731519814057,0.05808258056640625,0.059169769287109375,0.00040411949157714844,0.058768004179000854,-2.361300230026245,-2.011857271194458,-0.349442720413208
108.98099200090452,0.058502197265625,0.05959582328796387,0.0004067420959472656,0.05919131636619568,-2.3608741760253906,-2.011854648590088,-0.3490194082260132
109.07468828876537,0.05892181396484375,0.06002330780029297,0.0004093647003173828,0.059616029262542725,-2.3604466915130615,-2.0118520259857178,-0.34859469532966614
109.16839997730447,0.0593414306640625,0.06045222282409668,0.0004124641418457031,0.06004193425178528,-2.360017776489258,-2.0118489265441895,-0.3481687903404236
109.26212815856077,0.05976104736328125,0.060881614685058594,0.0004146099090576172,0.06046929955482483,-2.359588384628296,-2.0118467807769775,-0.34774142503738403
109.35587623736782,0.06018829345703125,0.06131339073181152,0.0004177093505859375,0.06089791655540466,-2.359156608581543,-2.011843681335449,-0.3473128080368042
109.44964155348084,0.06060791015625,0.06174588203430176,0.0004203319549560547,0.06132778525352478,-2.3587241172790527,-2.011841058731079,-0.3468829393386841
109.54342288942075,0.06103515625,0.0621798038482666,0.0004227161407470703,0.061758965253829956,-2.358290195465088,-2.011838674545288,-0.3464517593383789
109.63722364481917,0.06146240234375,0.06261539459228516,0.0004258155822753906,0.06219157576560974,-2.3578546047210693,-2.0118355751037598,-0.3460191488265991
109.73103941976296,0.0618896484375,0.06305241584777832,0.0004291534423828125,0.06262540817260742,-2.357417583465576,-2.0118322372436523,-0.34558531641960144
109.8248730607049,0.06232452392578125,0.06349015235900879,0.0004317760467529297,0.06306058168411255,-2.3569798469543457,-2.0118296146392822,-0.3451501429080963
109.91872450204923,0.06275177001953125,0.06392979621887207,0.00043487548828125,0.06349703669548035,-2.3565402030944824,-2.011826515197754,-0.3447136878967285
110.01259367747181,0.0631866455078125,0.06436896324157715,0.0004363059997558594,0.06393465399742126,-2.3561010360717773,-2.0118250846862793,-0.3442760705947876
110.10648141126129,0.06362152099609375,0.06481218338012695,0.0004405975341796875,0.06437373161315918,-2.3556578159332275,-2.0118207931518555,-0.3438369929790497
110.20038412465183,0.064056396484375,0.06525516510009766,0.00044345855712890625,0.0648140013217926,-2.355214834213257,-2.0118179321289062,-0.34339672327041626
110.29430586462678,0.0644989013671875,0.06570029258728027,0.0004467964172363281,0.06525549292564392,-2.354769706726074,-2.011814594268799,-0.34295523166656494
110.38824452067266,0.06493377685546875,0.06614542007446289,0.00044918060302734375,0.06569835543632507,-2.3543245792388916,-2.011812210083008,-0.3425123691558838
110.48220176563737,0.06537628173828125,0.06659173965454102,0.0004515647888183594,0.06614235043525696,-2.3538782596588135,-2.011809825897217,-0.3420683741569519
110.57617401561676,0.06581878662109375,0.06703996658325195,0.0004546642303466797,0.06658747792243958,-2.3534300327301025,-2.0118067264556885,-0.3416232466697693
110.67016565338471,0.06626129150390625,0.0674893856048584,0.0004572868347167969,0.06703394651412964,-2.352980613708496,-2.0118041038513184,-0.3411767780780792
110.76417366932752,0.06671142578125,0.06794047355651855,0.0004611015319824219,0.06748160719871521,-2.352529525756836,-2.0118002891540527,-0.34072911739349365
110.85819794527005,0.0671539306640625,0.06839108467102051,0.00046253204345703125,0.06793048977851868,-2.352078914642334,-2.011798858642578,-0.3402802348136902
110.9522411629427,0.06760406494140625,0.06884551048278809,0.0004673004150390625,0.06838056445121765,-2.3516244888305664,-2.011794090270996,-0.3398301601409912
111.04630136743474,0.06805419921875,0.06930041313171387,0.0004703998565673828,0.06883189082145691,-2.3511695861816406,-2.0117909908294678,-0.33937883377075195
111.14037916441562,0.06850433349609375,0.06975555419921875,0.0004730224609375,0.06928443908691406,-2.3507144451141357,-2.0117883682250977,-0.3389262855052948
111.23447603996145,0.0689544677734375,0.07021212577819824,0.0004761219024658203,0.06973817944526672,-2.3502578735351562,-2.0117852687835693,-0.33847254514694214
111.32858701145818,0.0694122314453125,0.07066798210144043,0.00047898292541503906,0.07019126415252686,-2.349802017211914,-2.01178240776062,-0.338019460439682
111.4227181046903,0.0698699951171875,0.07112550735473633,0.0004820823669433594,0.0706455409526825,-2.349344491958618,-2.011779308319092,-0.33756518363952637
111.51686499395709,0.0703277587890625,0.07158398628234863,0.0004849433898925781,0.0711010992527008,-2.348886013031006,-2.0117764472961426,-0.33710962533950806
111.6110292133718,0.0707855224609375,0.07204365730285645,0.0004878044128417969,0.0715579092502594,-2.348426342010498,-2.0117735862731934,-0.33665281534194946
111.7052121088499,0.0712432861328125,0.07250475883483887,0.0004906654357910156,0.07201609015464783,-2.3479652404785156,-2.011770725250244,-0.33619463443756104
111.79941147304591,0.07170867919921875,0.072967529296875,0.0004940032958984375,0.07247546315193176,-2.3475024700164795,-2.0117673873901367,-0.3357352614402771
111.89362886574521,0.07216644287109375,0.07343125343322754,0.0004975795745849609,0.07293599843978882,-2.347038745880127,-2.01176381111145,-0.33527472615242004
111.98786358984039,0.0726318359375,0.07389593124389648,0.0005002021789550781,0.07339778542518616,-2.346574068069458,-2.01176118850708,-0.3348129391670227
112.08211436334894,0.07309722900390625,0.07436251640319824,0.0005037784576416016,0.07386094331741333,-2.3461074829101562,-2.0117576122283936,-0.33434978127479553
112.17638192811641,0.07357025146484375,0.07482790946960449,0.0005049705505371094,0.07432517409324646,-2.34564208984375,-2.011756420135498,-0.3338855504989624
112.27066928184537,0.07403564453125,0.07529830932617188,0.0005095005035400391,0.07479092478752136,-2.3451716899871826,-2.011751890182495,-0.3334197998046875
112.36497322667398,0.0745086669921875,0.07576823234558105,0.0005125999450683594,0.07525765895843506,-2.3447017669677734,-2.011748790740967,-0.3329530656337738
112.45929292763536,0.074981689453125,0.07623934745788574,0.0005156993865966797,0.07572570443153381,-2.3442306518554688,-2.0117456912994385,-0.33248502016067505
112.5536312096213,0.0754547119140625,0.07671165466308594,0.000518798828125,0.07619509100914001,-2.3437583446502686,-2.01174259185791,-0.33201563358306885
112.6479873517704,0.075927734375,0.07718515396118164,0.0005216598510742188,0.07666569948196411,-2.343284845352173,-2.011739730834961,-0.33154502511024475
112.74235878367622,0.07640838623046875,0.07766079902648926,0.0005254745483398438,0.07713738083839417,-2.3428092002868652,-2.0117359161376953,-0.3310733437538147
112.8367502582913,0.07688140869140625,0.07813644409179688,0.0005280971527099609,0.07761058211326599,-2.3423335552215576,-2.011733293533325,-0.33060014247894287
112.9311566619145,0.077362060546875,0.0786142349243164,0.0005314350128173828,0.07808497548103333,-2.341855764389038,-2.0117299556732178,-0.33012574911117554
113.02558164028038,0.07784271240234375,0.07909297943115234,0.0005345344543457031,0.07856053113937378,-2.341377019882202,-2.0117268562316895,-0.3296501934528351
113.12002338368788,0.07833099365234375,0.07957291603088379,0.000537872314453125,0.07903724908828735,-2.3408970832824707,-2.011723518371582,-0.3291734755039215
113.21448349613587,0.0788116455078125,0.08005332946777344,0.0005400180816650391,0.07951545715332031,-2.340416669845581,-2.01172137260437,-0.32869526743888855
113.30896148294609,0.0792999267578125,0.0805366039276123,0.0005440711975097656,0.079994797706604,-2.339933395385742,-2.0117173194885254,-0.32821592688560486
113.40345268557854,0.0797882080078125,0.08102011680603027,0.0005469322204589844,0.0804753303527832,-2.339449882507324,-2.011714458465576,-0.32773539423942566
113.49796441441434,0.08026885986328125,0.08150529861450195,0.0005502700805664062,0.08095720410346985,-2.3389647006988525,-2.0117111206054688,-0.327253520488739
113.5924937470582,0.0807647705078125,0.08199167251586914,0.0005536079406738281,0.08144024014472961,-2.3384783267974854,-2.0117077827453613,-0.32677048444747925
113.68703989714432,0.0812530517578125,0.08247947692871094,0.00055694580078125,0.08192470669746399,-2.3379905223846436,-2.011704444885254,-0.3262860178947449
113.7816021344458,0.08174896240234375,0.08296799659729004,0.0005600452423095703,0.08241027593612671,-2.3375020027160645,-2.0117013454437256,-0.32580044865608215
113.87618181868814,0.082244873046875,0.08345627784729004,0.0005612373352050781,0.08289733529090881,-2.3370137214660645,-2.01170015335083,-0.32531338930130005
113.97078070600904,0.08274078369140625,0.08394980430603027,0.0005664825439453125,0.08338537812232971,-2.336520195007324,-2.01169490814209,-0.32482534646987915
114.06539494219946,0.0832366943359375,0.0844430923461914,0.0005700588226318359,0.08387485146522522,-2.336026906967163,-2.0116913318634033,-0.32433587312698364
114.16002618007447,0.08373260498046875,0.08493614196777344,0.0005726814270019531,0.08436563611030579,-2.335533857345581,-2.011688709259033,-0.3238450884819031
114.25467644737193,0.08423614501953125,0.08543157577514648,0.000576019287109375,0.08485758304595947,-2.335038423538208,-2.011685371398926,-0.3233531415462494
114.34934248459119,0.08473968505859375,0.08592724800109863,0.0005786418914794922,0.08535075187683105,-2.334542751312256,-2.0116827487945557,-0.3228599727153778
114.44402509039435,0.08524322509765625,0.0864250659942627,0.0005817413330078125,0.08584538102149963,-2.334044933319092,-2.0116796493530273,-0.32236534357070923
114.53872651128553,0.08574676513671875,0.08692526817321777,0.0005860328674316406,0.08634123206138611,-2.3335447311401367,-2.0116753578186035,-0.32186949253082275
114.63344438853903,0.08625030517578125,0.08742547035217285,0.0005891323089599609,0.08683845400810242,-2.3330445289611816,-2.011672258377075,-0.32137227058410645
114.72817985437743,0.086761474609375,0.08792710304260254,0.0005922317504882812,0.08733686804771423,-2.332542896270752,-2.011669158935547,-0.32087385654449463
114.82293314332097,0.08727264404296875,0.08843016624450684,0.0005955696105957031,0.08783659338951111,-2.3320398330688477,-2.0116658210754395,-0.32037413120269775
114.91770209520418,0.0877838134765625,0.08893418312072754,0.000598907470703125,0.08833760023117065,-2.331535816192627,-2.011662483215332,-0.3198731243610382
115.0124887656313,0.08829498291015625,0.08943963050842285,0.0006017684936523438,0.08883991837501526,-2.3310303688049316,-2.011659622192383,-0.3193708062171936
115.10729451114736,0.08880615234375,0.08994746208190918,0.0006058216094970703,0.08934345841407776,-2.3305225372314453,-2.011655569076538,-0.3188672661781311
115.20211469677172,0.089324951171875,0.0904545783996582,0.0006084442138671875,0.08984819054603577,-2.3300154209136963,-2.011652946472168,-0.3183625340461731
115.2969535125552,0.08983612060546875,0.09096407890319824,0.0006120204925537109,0.09035426378250122,-2.3295059204101562,-2.0116493701934814,-0.31785646080970764
115.39180889770934,0.09035491943359375,0.09147477149963379,0.0006153583526611328,0.09086164832115173,-2.3289952278137207,-2.011646032333374,-0.31734907627105713
115.48668225212333,0.09087371826171875,0.09198737144470215,0.0006191730499267578,0.09137031435966492,-2.3284826278686523,-2.0116422176361084,-0.31684041023254395
115.58157130002631,0.091400146484375,0.09250020980834961,0.0006220340728759766,0.09188023209571838,-2.327969789505005,-2.011639356613159,-0.3163304924964905
115.6764798967668,0.0919189453125,0.09301471710205078,0.0006256103515625,0.09239134192466736,-2.3274552822113037,-2.0116357803344727,-0.3158193826675415
115.77140485064704,0.09244537353515625,0.09353065490722656,0.0006291866302490234,0.09290358424186707,-2.326939344406128,-2.011632204055786,-0.3153071403503418
115.86634380610185,0.0929718017578125,0.09404778480529785,0.0006322860717773438,0.09341737627983093,-2.3264222145080566,-2.011629104614258,-0.31479334831237793
115.96130390526046,0.09349822998046875,0.09456658363342285,0.0006363391876220703,0.09393230080604553,-2.3259034156799316,-2.011625051498413,-0.31427842378616333
116.05627881596997,0.094024658203125,0.09508585929870605,0.0006394386291503906,0.09444859623908997,-2.3253841400146484,-2.0116219520568848,-0.3137621283531189
116.15127311372389,0.0945587158203125,0.09560608863830566,0.0006420612335205078,0.09496590495109558,-2.324863910675049,-2.0116193294525146,-0.3132448196411133
116.24628186499686,0.0950927734375,0.09612822532653809,0.0006456375122070312,0.09548458456993103,-2.3243417739868164,-2.011615753173828,-0.31272614002227783
116.34130935084434,0.09561920166015625,0.09665179252624512,0.0006494522094726562,0.09600448608398438,-2.3238182067871094,-2.0116119384765625,-0.3122062385082245
116.4363542250689,0.096160888671875,0.09717655181884766,0.0006527900695800781,0.09652572870254517,-2.323293447494507,-2.011608600616455,-0.3116849958896637
116.53141449845734,0.0966949462890625,0.0977022647857666,0.0006561279296875,0.09704813361167908,-2.322767734527588,-2.0116052627563477,-0.3111625909805298
116.62649170121523,0.09722900390625,0.09822940826416016,0.0006597042083740234,0.09757182002067566,-2.3222405910491943,-2.011601686477661,-0.3106389045715332
116.72159023386995,0.09777069091796875,0.09875750541687012,0.0006628036499023438,0.09809672832489014,-2.3217124938964844,-2.011598587036133,-0.3101139962673187
116.81670214039889,0.0983123779296875,0.09928774833679199,0.0006668567657470703,0.09862273931503296,-2.3211822509765625,-2.011594533920288,-0.3095879852771759
116.91183054816996,0.09885406494140625,0.09981751441955566,0.0006699562072753906,0.09914997220039368,-2.320652484893799,-2.0115914344787598,-0.3090607523918152
117.00697748328503,0.099395751953125,0.10034990310668945,0.0006735324859619141,0.09967848658561707,-2.320120096206665,-2.0115878582000732,-0.3085322380065918
117.1021414100116,0.099945068359375,0.10088253021240234,0.0006763935089111328,0.10020825266838074,-2.319587469100952,-2.011584997177124,-0.3080024719238281
117.19732141911236,0.10048675537109375,0.10141777992248535,0.0006804466247558594,0.10073935985565186,-2.319052219390869,-2.0115809440612793,-0.307471364736557
117.29252012029913,0.10103607177734375,0.10195183753967285,0.0006821155548095703,0.10127171874046326,-2.3185181617736816,-2.0115792751312256,-0.3069390058517456
117.38773481474261,0.10158538818359375,0.10248899459838867,0.0006856918334960938,0.10180535912513733,-2.317981004714966,-2.011575698852539,-0.30640536546707153
117.48296719850248,0.10213470458984375,0.10302853584289551,0.0006902217864990234,0.10234031081199646,-2.317441463470459,-2.011571168899536,-0.3058704137802124
117.57821640625819,0.102691650390625,0.10356855392456055,0.0006940364837646484,0.10287648439407349,-2.316901445388794,-2.0115673542022705,-0.3053342401981354
117.67348063532214,0.103240966796875,0.1041100025177002,0.000698089599609375,0.10341402888298035,-2.3163599967956543,-2.011563301086426,-0.3047966957092285
117.76876269019318,0.10379791259765625,0.10465168952941895,0.0007009506225585938,0.10395297408103943,-2.3158183097839355,-2.0115604400634766,-0.30425775051116943
117.86406553785517,0.1043548583984375,0.10519576072692871,0.0007047653198242188,0.10449320077896118,-2.315274238586426,-2.011556625366211,-0.3037175238132477
117.95938170867448,0.10491943359375,0.10574030876159668,0.0007076263427734375,0.10503479838371277,-2.314729690551758,-2.0115537643432617,-0.3031759262084961
118.05471547441134,0.10547637939453125,0.10628700256347656,0.0007114410400390625,0.1055777370929718,-2.314182996749878,-2.011549949645996,-0.30263298749923706
118.15006471402056,0.10604095458984375,0.10683512687683105,0.0007152557373046875,0.1061219871044159,-2.3136348724365234,-2.0115461349487305,-0.30208873748779297
118.2454339592005,0.106597900390625,0.10738396644592285,0.0007185935974121094,0.10666760802268982,-2.3130860328674316,-2.011542797088623,-0.30154311656951904
118.34081913961492,0.1071624755859375,0.10793495178222656,0.0007224082946777344,0.10721465945243835,-2.312535047531128,-2.0115389823913574,-0.3009960651397705
118.43622112439625,0.10773468017578125,0.10848641395568848,0.0007252693176269531,0.10776308178901672,-2.311983585357666,-2.011536121368408,-0.30044764280319214
118.53163934436358,0.10829925537109375,0.1090402603149414,0.0007295608520507812,0.10831278562545776,-2.311429738998413,-2.0115318298339844,-0.2998979389667511
118.62707536156577,0.10886383056640625,0.10959506034851074,0.0007331371307373047,0.10886397957801819,-2.3108749389648438,-2.011528253555298,-0.2993467450141907
118.72252504974358,0.10943603515625,0.11015129089355469,0.0007367134094238281,0.10941657423973083,-2.3103187084198,-2.0115246772766113,-0.298794150352478
118.81799546933601,0.11000823974609375,0.11070895195007324,0.0007405281066894531,0.10997053980827332,-2.3097610473632812,-2.0115208625793457,-0.29824018478393555
118.91348055880626,0.1105804443359375,0.1112680435180664,0.0007441043853759766,0.11052587628364563,-2.309201955795288,-2.011517286300659,-0.29768484830856323
119.00898592105452,0.1111602783203125,0.11182761192321777,0.0007469654083251953,0.11108279228210449,-2.3086423873901367,-2.01151442527771,-0.29712793231010437
119.10450503333425,0.11173248291015625,0.11238932609558105,0.0007503032684326172,0.11164101958274841,-2.3080806732177734,-2.0115110874176025,-0.29656970500946045
119.20004178793927,0.11231231689453125,0.11295294761657715,0.0007543563842773438,0.11220064759254456,-2.3075170516967773,-2.011507034301758,-0.2960100769996643
119.2955975824726,0.11289215087890625,0.11351561546325684,0.0007560253143310547,0.11276167631149292,-2.3069543838500977,-2.011505365371704,-0.29544904828071594
119.39116593985712,0.11347198486328125,0.11408352851867676,0.0007615089416503906,0.11332419514656067,-2.3063864707946777,-2.0114998817443848,-0.2948865294456482
119.48675587362953,0.1140594482421875,0.11465144157409668,0.0007653236389160156,0.11388808488845825,-2.305818557739258,-2.011496067047119,-0.2943226397037506
119.58235728508586,0.1146392822265625,0.11522030830383301,0.0007688999176025391,0.11445340514183044,-2.3052496910095215,-2.0114924907684326,-0.2937573194503784
119.67798072981843,0.11522674560546875,0.11579060554504395,0.0007727146148681641,0.11502018570899963,-2.3046793937683105,-2.011488676071167,-0.29319053888320923
119.77361893465635,0.115814208984375,0.11636137962341309,0.0007748603820800781,0.11558845639228821,-2.3041086196899414,-2.011486530303955,-0.29262226819992065
119.86927304073673,0.11640167236328125,0.11693549156188965,0.0007796287536621094,0.11615818738937378,-2.303534507751465,-2.011481761932373,-0.2920525372028351
119.96494610793214,0.1169891357421875,0.11751055717468262,0.0007832050323486328,0.11672928929328918,-2.302959442138672,-2.0114781856536865,-0.2914814352989197
120.06063319608172,0.117584228515625,0.11808609962463379,0.0007867813110351562,0.11730173230171204,-2.3023838996887207,-2.011474609375,-0.2909089922904968
120.1563378934399,0.11817169189453125,0.11866474151611328,0.0007910728454589844,0.11787566542625427,-2.301805257797241,-2.011470317840576,-0.2903350591659546
120.25205761365685,0.11876678466796875,0.11924242973327637,0.0007936954498291016,0.11845096945762634,-2.301227569580078,-2.011467695236206,-0.2897597551345825
120.34779899768874,0.11936187744140625,0.11982202529907227,0.0007960796356201172,0.11902782320976257,-2.3006479740142822,-2.011465311050415,-0.2891829013824463
120.44355547029485,0.119964599609375,0.12040591239929199,0.0008018016815185547,0.11960622668266296,-2.3000640869140625,-2.0114595890045166,-0.2886044979095459
120.53932567911666,0.1205596923828125,0.12098908424377441,0.0008053779602050781,0.12018579244613647,-2.29948091506958,-2.01145601272583,-0.2880249321460724
120.63511409873762,0.12116241455078125,0.12157416343688965,0.0008096694946289062,0.12076690793037415,-2.298895835876465,-2.0114517211914062,-0.2874438166618347
120.73092241750908,0.12176513671875,0.12216043472290039,0.0008130073547363281,0.12134960293769836,-2.298309564590454,-2.011448383331299,-0.2868611216545105
120.82674381770708,0.12236785888671875,0.12274765968322754,0.00081634521484375,0.12193354964256287,-2.297722339630127,-2.0114450454711914,-0.286277174949646
120.922582783124,0.1229705810546875,0.1233372688293457,0.0008203983306884766,0.12251898646354675,-2.297132730484009,-2.0114409923553467,-0.2856917381286621
121.0184384624853,0.1235809326171875,0.12392783164978027,0.000823974609375,0.12310591340065002,-2.296542167663574,-2.01143741607666,-0.28510481119155884
121.11431123448472,0.12418365478515625,0.12451958656311035,0.0008275508880615234,0.1236942708492279,-2.295950412750244,-2.0114338397979736,-0.28451645374298096
121.21020133698684,0.12479400634765625,0.12511324882507324,0.0008311271667480469,0.12428402900695801,-2.2953567504882812,-2.011430263519287,-0.28392669558525085
121.30610658437031,0.12540435791015625,0.12570834159851074,0.000835418701171875,0.12487530708312988,-2.2947616577148438,-2.0114259719848633,-0.283335417509079
121.4020303651448,0.12601470947265625,0.12630462646484375,0.0008387565612792969,0.12546801567077637,-2.2941653728485107,-2.011422634124756,-0.2827427089214325
121.49797122947007,0.1266326904296875,0.12690234184265137,0.0008420944213867188,0.12606218457221985,-2.293567657470703,-2.0114192962646484,-0.282148540019989
121.59392527461547,0.1272430419921875,0.1275017261505127,0.0008461475372314453,0.12665793299674988,-2.292968273162842,-2.0114152431488037,-0.281552791595459
121.68989799229598,0.12786102294921875,0.12810349464416504,0.000850677490234375,0.12725505232810974,-2.2923665046691895,-2.011410713195801,-0.2809556722640991
121.78588679109903,0.12847900390625,0.12870573997497559,0.0008542537689208984,0.12785372138023376,-2.291764259338379,-2.0114071369171143,-0.2803570032119751
121.8818918470656,0.12909698486328125,0.12930941581726074,0.0008575916290283203,0.1284538209438324,-2.2911605834960938,-2.011403799057007,-0.27975690364837646
121.97791332901633,0.12972259521484375,0.1299147605895996,0.0008611679077148438,0.1290554404258728,-2.290555238723755,-2.0114002227783203,-0.27915528416633606
122.0739543334833,0.130340576171875,0.13052105903625488,0.0008645057678222656,0.1296585500240326,-2.2899489402770996,-2.011396884918213,-0.27855217456817627
122.1700095161185,0.1309661865234375,0.13113045692443848,0.0008692741394042969,0.13026317954063416,-2.289339542388916,-2.011392116546631,-0.2779475450515747
122.26608167237855,0.131591796875,0.13173842430114746,0.0008711814880371094,0.13086935877799988,-2.288731575012207,-2.011390209197998,-0.277341365814209
122.36217119888266,0.1322174072265625,0.13235139846801758,0.0008764266967773438,0.13147702813148499,-2.288118600845337,-2.011384963989258,-0.2767336964607239
122.45827567214089,0.13285064697265625,0.1329646110534668,0.0008802413940429688,0.13208618760108948,-2.2875053882598877,-2.011381149291992,-0.2761245369911194
122.55439455718421,0.13347625732421875,0.13357901573181152,0.0008840560913085938,0.13269692659378052,-2.286890983581543,-2.0113773345947266,-0.27551379799842834
122.65053475201265,0.1341094970703125,0.13419508934020996,0.0008878707885742188,0.13330930471420288,-2.2862749099731445,-2.011373519897461,-0.274901419878006
122.74669096599628,0.13474273681640625,0.1348128318786621,0.0008916854858398438,0.13392311334609985,-2.2856571674346924,-2.0113697052001953,-0.274287611246109
122.84285916266603,0.1353759765625,0.13543224334716797,0.0008957386016845703,0.1345386803150177,-2.2850377559661865,-2.0113656520843506,-0.27367204427719116
122.93904954576803,0.136016845703125,0.13605308532714844,0.0008995532989501953,0.135155588388443,-2.284416913986206,-2.011361837387085,-0.27305513620376587
123.03525279764544,0.13665008544921875,0.1366746425628662,0.0009021759033203125,0.1357744038105011,-2.2837953567504883,-2.011359214782715,-0.27243632078170776
123.13147304784897,0.13729095458984375,0.1372992992401123,0.0009069442749023438,0.1363944411277771,-2.283170700073242,-2.011354446411133,-0.27181628346443176
123.2277093143305,0.13793182373046875,0.1379244327545166,0.0009102821350097656,0.13701635599136353,-2.282545566558838,-2.0113511085510254,-0.27119436860084534
123.32396234908728,0.13857269287109375,0.13855242729187012,0.0009148120880126953,0.13763976097106934,-2.2819175720214844,-2.0113465785980225,-0.2705709636211395
123.4202355745064,0.13921356201171875,0.13918137550354004,0.0009183883666992188,0.13826492428779602,-2.2812886238098145,-2.011343002319336,-0.26994580030441284
123.51652029590653,0.139862060546875,0.13981151580810547,0.0009222030639648438,0.13889151811599731,-2.280658483505249,-2.0113391876220703,-0.26931920647621155
123.61282258880337,0.14051055908203125,0.14044404029846191,0.0009264945983886719,0.13951990008354187,-2.2800259590148926,-2.0113348960876465,-0.268690824508667
123.70914202692276,0.1411590576171875,0.14107775688171387,0.0009298324584960938,0.1401500403881073,-2.2793922424316406,-2.011331558227539,-0.26806068420410156
123.80547734842955,0.14180755615234375,0.14171361923217773,0.0009338855743408203,0.14078179001808167,-2.2787563800811768,-2.0113275051116943,-0.2674289345741272
123.90182772289123,0.1424560546875,0.1423487663269043,0.0009357929229736328,0.14141520857810974,-2.27812123298645,-2.0113255977630615,-0.2667955160140991
123.99819911666593,0.14310455322265625,0.1429901123046875,0.0009417533874511719,0.1420503854751587,-2.277479887008667,-2.011319637298584,-0.26616033911705017
124.09458388883338,0.14376068115234375,0.1436307430267334,0.0009455680847167969,0.14268723130226135,-2.276839256286621,-2.0113158226013184,-0.2655234932899475
124.19098396689371,0.14441680908203125,0.144273042678833,0.0009491443634033203,0.1433258354663849,-2.2761969566345215,-2.011312246322632,-0.264884889125824
124.2874005454717,0.14507293701171875,0.14491772651672363,0.00095367431640625,0.14396622776985168,-2.275552272796631,-2.011307716369629,-0.2642444968223572
124.38383382509264,0.14572906494140625,0.14556431770324707,0.0009579658508300781,0.14460858702659607,-2.2749056816101074,-2.011303424835205,-0.2636021375656128
124.48028402459448,0.146392822265625,0.14621186256408691,0.0009613037109375,0.14525285363197327,-2.2742581367492676,-2.0113000869750977,-0.2629578709602356
124.57675041985827,0.14705657958984375,0.14686203002929688,0.0009653568267822266,0.14589890837669373,-2.2736079692840576,-2.011296033859253,-0.26231181621551514
124.67323206523075,0.1477203369140625,0.14751362800598145,0.00096893310546875,0.1465466022491455,-2.272956371307373,-2.0112924575805664,-0.26166412234306335
124.76973347340548,0.14838409423828125,0.14816737174987793,0.0009732246398925781,0.14719614386558533,-2.2723026275634766,-2.0112881660461426,-0.26101458072662354
124.86624652306942,0.1490478515625,0.14882206916809082,0.0009770393371582031,0.1478475034236908,-2.2716479301452637,-2.011284351348877,-0.26036322116851807
124.96277769364343,0.14971160888671875,0.14947962760925293,0.0009810924530029297,0.1485007107257843,-2.2709903717041016,-2.0112802982330322,-0.25971001386642456
125.05932399253048,0.15038299560546875,0.15013813972473145,0.0009846687316894531,0.14915558695793152,-2.270331859588623,-2.0112767219543457,-0.25905513763427734
125.1558888745324,0.15105438232421875,0.15079855918884277,0.0009884834289550781,0.14981219172477722,-2.2696714401245117,-2.01127290725708,-0.25839853286743164
125.2524662927981,0.15172576904296875,0.15146088600158691,0.0009922981262207031,0.1504707634449005,-2.2690091133117676,-2.0112690925598145,-0.25773996114730835
125.3490653480891,0.15239715576171875,0.15212464332580566,0.0009961128234863281,0.15113109350204468,-2.268345355987549,-2.011265277862549,-0.2570796310901642
125.44567782403344,0.153076171875,0.15279173851013184,0.0010004043579101562,0.15179339051246643,-2.2676782608032227,-2.011260986328125,-0.25641733407974243
125.54230369887367,0.15374755859375,0.15345978736877441,0.0010042190551757812,0.15245738625526428,-2.26701021194458,-2.0112571716308594,-0.2557533383369446
125.63894601558462,0.15442657470703125,0.1541295051574707,0.0010085105895996094,0.15312331914901733,-2.266340494155884,-2.0112528800964355,-0.25508740544319153
125.73561081492667,0.1551055908203125,0.1548011302947998,0.0010123252868652344,0.15379080176353455,-2.2656688690185547,-2.01124906539917,-0.2544199228286743
125.83228747621673,0.15578460693359375,0.15547418594360352,0.0010161399841308594,0.1544603705406189,-2.264995813369751,-2.0112452507019043,-0.25375035405158997
125.92898045674937,0.15647125244140625,0.15614962577819824,0.0010199546813964844,0.1551317572593689,-2.2643203735351562,-2.0112414360046387,-0.25307896733283997
126.02568569915178,0.1571502685546875,0.15682673454284668,0.0010237693786621094,0.15580493211746216,-2.263643264770508,-2.011237621307373,-0.2524057924747467
126.12241171476593,0.1578369140625,0.15750598907470703,0.001028299331665039,0.15647992491722107,-2.2629640102386475,-2.01123309135437,-0.2517307996749878
126.21915248615291,0.1585235595703125,0.15818524360656738,0.0010306835174560547,0.1571567952632904,-2.262284755706787,-2.011230707168579,-0.25105392932891846
126.31590938558985,0.159210205078125,0.15886950492858887,0.001035928726196289,0.15783563256263733,-2.2616004943847656,-2.011225461959839,-0.25037509202957153
126.41268374495947,0.15990447998046875,0.15955424308776855,0.0010404586791992188,0.15851610898971558,-2.260915756225586,-2.011220932006836,-0.2496946156024933
126.50947087630364,0.16059112548828125,0.16024017333984375,0.0010437965393066406,0.15919849276542664,-2.2602298259735107,-2.0112175941467285,-0.24901223182678223
126.60627482647129,0.161285400390625,0.16092848777770996,0.0010480880737304688,0.15988260507583618,-2.2595415115356445,-2.0112133026123047,-0.24832811951637268
126.70309736794457,0.16197967529296875,0.16161799430847168,0.0010516643524169922,0.16056865453720093,-2.258852005004883,-2.011209726333618,-0.24764207005500793
126.79993605210822,0.1626739501953125,0.16231012344360352,0.0010557174682617188,0.16125643253326416,-2.258159875869751,-2.0112056732177734,-0.2469542920589447
126.89678953042377,0.16336822509765625,0.16300463676452637,0.00106048583984375,0.1619461476802826,-2.257465362548828,-2.0112009048461914,-0.24626457691192627
126.99365613271434,0.16407012939453125,0.16369938850402832,0.0010640621185302734,0.16263747215270996,-2.256770610809326,-2.011197328567505,-0.2455732524394989
127.09054048653192,0.16477203369140625,0.1643967628479004,0.001068115234375,0.16333052515983582,-2.256073236465454,-2.01119327545166,-0.24488019943237305
127.18744182152004,0.16547393798828125,0.16509366035461426,0.001070261001586914,0.16402561962604523,-2.2553763389587402,-2.0111911296844482,-0.24418510496616364
127.28435769506164,0.16617584228515625,0.16579604148864746,0.0010755062103271484,0.1647224873304367,-2.254673957824707,-2.011185884475708,-0.24348823726177216
127.38129199277766,0.16687774658203125,0.16649889945983887,0.0010800361633300781,0.16542096436023712,-2.2539710998535156,-2.011181354522705,-0.24278976023197174
127.47823824691999,0.1675872802734375,0.16720366477966309,0.0010848045349121094,0.16612131893634796,-2.2532663345336914,-2.011176586151123,-0.2420894056558609
127.57520611812797,0.1682891845703125,0.1679096221923828,0.0010886192321777344,0.16682344675064087,-2.2525603771209717,-2.0111727714538574,-0.241387277841568
127.67218298884272,0.16899871826171875,0.16861748695373535,0.0010924339294433594,0.16752725839614868,-2.251852512359619,-2.011168956756592,-0.24068346619606018
127.76917962104228,0.169708251953125,0.1693265438079834,0.0010957717895507812,0.16823290288448334,-2.251143455505371,-2.0111656188964844,-0.23997782170772552
127.86619418126826,0.1704254150390625,0.17003846168518066,0.0011000633239746094,0.1689402461051941,-2.250431537628174,-2.0111613273620605,-0.23927047848701477
127.96321985984974,0.17113494873046875,0.17075204849243164,0.0011048316955566406,0.16964924335479736,-2.249717950820923,-2.0111565589904785,-0.2385614812374115
128.0602617459508,0.17185211181640625,0.17146635055541992,0.0011081695556640625,0.17036017775535583,-2.2490036487579346,-2.011153221130371,-0.23785054683685303
128.1573236870502,0.17256927490234375,0.17218303680419922,0.0011126995086669922,0.17107263207435608,-2.2482869625091553,-2.011148691177368,-0.23713809251785278
128.25439693005004,0.17328643798828125,0.17290234565734863,0.0011174678802490234,0.17178687453269958,-2.247567653656006,-2.011143922805786,-0.23642385005950928
128.35148692740196,0.17400360107421875,0.17362141609191895,0.0011208057403564453,0.17250275611877441,-2.2468485832214355,-2.0111405849456787,-0.23570796847343445
128.44859497299146,0.1747283935546875,0.17434310913085938,0.0011248588562011719,0.17322039604187012,-2.246126890182495,-2.011136531829834,-0.23499032855033875
128.545717797159,0.175445556640625,0.17506647109985352,0.0011289119720458984,0.17393967509269714,-2.245403528213501,-2.0111324787139893,-0.23427104949951172
128.64285235192952,0.17617034912109375,0.17579150199890137,0.001132965087890625,0.17466068267822266,-2.244678497314453,-2.0111284255981445,-0.2335500419139862
128.74000551785375,0.1768951416015625,0.17651844024658203,0.0011372566223144531,0.17538323998451233,-2.2439515590667725,-2.0111241340637207,-0.23282748460769653
128.8371737546856,0.17761993408203125,0.1772446632385254,0.0011391639709472656,0.17610745131969452,-2.243225336074829,-2.011122226715088,-0.23210327327251434
128.93436057165792,0.17835235595703125,0.1779766082763672,0.0011453628540039062,0.17683355510234833,-2.2424933910369873,-2.0111160278320312,-0.23137716948986053
129.0315604971461,0.17908477783203125,0.17870831489562988,0.0011491775512695312,0.17756113409996033,-2.2417616844177246,-2.0111122131347656,-0.23064959049224854
129.12877662369974,0.1798095703125,0.17944097518920898,0.0011527538299560547,0.17829036712646484,-2.2410290241241455,-2.011108636856079,-0.22992035746574402
129.22600962066582,0.1805419921875,0.1801769733428955,0.0011577606201171875,0.17902129888534546,-2.240293025970459,-2.011103630065918,-0.2291894257068634
129.32325591755327,0.18128204345703125,0.18091344833374023,0.0011615753173828125,0.17975382506847382,-2.2395565509796143,-2.0110998153686523,-0.22845689952373505
129.42051908447164,0.18201446533203125,0.18165135383605957,0.0011653900146484375,0.18048806488513947,-2.238818645477295,-2.0110960006713867,-0.2277226597070694
129.51779647563507,0.1827545166015625,0.18239140510559082,0.0011696815490722656,0.18122363090515137,-2.2380785942077637,-2.011091709136963,-0.2269870936870575
129.61508831765642,0.18349456787109375,0.18313288688659668,0.0011739730834960938,0.18196098506450653,-2.237337112426758,-2.011087417602539,-0.22624973952770233
129.71239768591346,0.184234619140625,0.18387556076049805,0.0011777877807617188,0.18269996345043182,-2.2365944385528564,-2.0110836029052734,-0.22551076114177704
129.80972483071292,0.18497467041015625,0.18462014198303223,0.0011816024780273438,0.18344062566757202,-2.2358498573303223,-2.011079788208008,-0.22477009892463684
129.90706469930643,0.1857147216796875,0.18536686897277832,0.0011861324310302734,0.18418273329734802,-2.235103130340576,-2.011075258255005,-0.22402799129486084
130.0044189619085,0.18646240234375,0.18611454963684082,0.001190185546875,0.18492645025253296,-2.2343554496765137,-2.01107120513916,-0.2232842743396759
130.10178975475432,0.1872100830078125,0.18686389923095703,0.0011942386627197266,0.18567177653312683,-2.2336061000823975,-2.0110671520233154,-0.22253894805908203
130.1991786992732,0.18795013427734375,0.18761491775512695,0.0011982917785644531,0.18641869723796844,-2.2328550815582275,-2.0110630989074707,-0.22179202735424042
130.29658084863362,0.1887054443359375,0.18836712837219238,0.0012021064758300781,0.18716701865196228,-2.232102870941162,-2.011059284210205,-0.22104370594024658
130.39399633487827,0.189453125,0.18912148475646973,0.0012063980102539062,0.1879170686006546,-2.2313485145568848,-2.0110549926757812,-0.22029365599155426
130.4914282941696,0.19020843505859375,0.18987727165222168,0.0012106895446777344,0.18866851925849915,-2.230592727661133,-2.0110507011413574,-0.21954220533370972
130.5888769538648,0.19095611572265625,0.19063448905944824,0.0012149810791015625,0.1894216239452362,-2.2298355102539062,-2.0110464096069336,-0.21878910064697266
130.68633961913733,0.19171142578125,0.1913926601409912,0.001218557357788086,0.19017627835273743,-2.2290773391723633,-2.011042833328247,-0.21803444623947144
130.78381991782186,0.19246673583984375,0.1921534538269043,0.0012233257293701172,0.1909322738647461,-2.22831654548645,-2.011038064956665,-0.21727845072746277
130.88131429951133,0.19322967529296875,0.1929152011871338,0.0012273788452148438,0.19168981909751892,-2.2275547981262207,-2.0110340118408203,-0.21652090549468994
130.9788233533746,0.1939849853515625,0.1936783790588379,0.0012316703796386719,0.1924489140510559,-2.2267916202545166,-2.0110297203063965,-0.21576181054115295
131.0763502096715,0.1947479248046875,0.1944429874420166,0.0012357234954833984,0.1932094693183899,-2.226027011871338,-2.0110256671905518,-0.21500125527381897
131.17388940653916,0.1955108642578125,0.19520950317382812,0.0012402534484863281,0.1939714550971985,-2.2252604961395264,-2.011021137237549,-0.21423926949501038
131.27144439754986,0.1962738037109375,0.19597697257995605,0.0012440681457519531,0.1947348415851593,-2.2244930267333984,-2.011017322540283,-0.21347588300704956
131.3690116843519,0.1970367431640625,0.1967458724975586,0.0012481212615966797,0.19549991190433502,-2.223724126815796,-2.0110132694244385,-0.21271081268787384
131.46659815991717,0.19780731201171875,0.19751477241516113,0.0012505054473876953,0.19626614451408386,-2.2229552268981934,-2.0110108852386475,-0.211944580078125
131.56420081393898,0.198577880859375,0.198289155960083,0.001257181167602539,0.1970340609550476,-2.2221808433532715,-2.0110042095184326,-0.21117666363716125
131.66181622044402,0.19934844970703125,0.19906139373779297,0.0012602806091308594,0.1978032886981964,-2.2214086055755615,-2.0110011100769043,-0.21040743589401245
131.75944577792407,0.2001190185546875,0.19983696937561035,0.0012652873992919922,0.19857388734817505,-2.220633029937744,-2.010996103286743,-0.2096368372440338
131.8570949596146,0.20088958740234375,0.20061326026916504,0.0012693405151367188,0.19934609532356262,-2.2198567390441895,-2.0109920501708984,-0.20886462926864624
131.95475499743137,0.20166778564453125,0.20139074325561523,0.0012731552124023438,0.20011956989765167,-2.2190792560577393,-2.010988235473633,-0.2080911546945572
132.05242964038132,0.2024383544921875,0.20216965675354004,0.0012774467468261719,0.20089438557624817,-2.2183003425598145,-2.010983943939209,-0.2073163390159607
132.15012408099915,0.203216552734375,0.20295071601867676,0.0012822151184082031,0.20167061686515808,-2.2175192832946777,-2.010979175567627,-0.20654010772705078
132.24783151470157,0.2039947509765625,0.20373177528381348,0.0012857913970947266,0.20244815945625305,-2.216738224029541,-2.0109755992889404,-0.2057625651359558
132.3455500025855,0.20477294921875,0.2045149803161621,0.0012898445129394531,0.2032272070646286,-2.2159550189971924,-2.0109715461730957,-0.20498351752758026
132.44329042453325,0.20555877685546875,0.20529961585998535,0.0012941360473632812,0.2040076106786728,-2.215170383453369,-2.010967254638672,-0.20420311391353607
132.54104005998562,0.2063446044921875,0.2060854434967041,0.0012981891632080078,0.2047894150018692,-2.2143845558166504,-2.010963201522827,-0.20342130959033966
132.63880861025035,0.207122802734375,0.20687365531921387,0.0013022422790527344,0.20557354390621185,-2.2135963439941406,-2.0109591484069824,-0.202637180685997
132.7365895386318,0.20790863037109375,0.20766615867614746,0.0013048648834228516,0.20636337995529175,-2.212803840637207,-2.0109565258026123,-0.20184734463691711
132.83438689696428,0.20870208740234375,0.2084636688232422,0.0013113021850585938,0.20715466141700745,-2.2120063304901123,-2.0109500885009766,-0.20105606317520142
132.9321980943194,0.2094879150390625,0.2092597484588623,0.0013141632080078125,0.20794734358787537,-2.211210250854492,-2.0109472274780273,-0.2002633810043335
133.03002233375332,0.2102813720703125,0.21005868911743164,0.0013196468353271484,0.2087411731481552,-2.210411310195923,-2.010941743850708,-0.19946955144405365
133.12786433246558,0.2110748291015625,0.21085786819458008,0.0013234615325927734,0.20953655242919922,-2.2096121311187744,-2.0109379291534424,-0.19867417216300964
133.22572240210272,0.2118682861328125,0.21165895462036133,0.0013277530670166016,0.21033328771591187,-2.208811044692993,-2.0109336376190186,-0.197877436876297
133.3235951261485,0.2126617431640625,0.21246123313903809,0.0013320446014404297,0.21113133430480957,-2.2080087661743164,-2.0109293460845947,-0.1970793902873993
133.4214800840122,0.2134552001953125,0.21326494216918945,0.0013360977172851562,0.2119307816028595,-2.207205057144165,-2.01092529296875,-0.19627994298934937
133.51937909678932,0.21425628662109375,0.21406936645507812,0.0013399124145507812,0.21273154020309448,-2.2064006328582764,-2.0109214782714844,-0.19547918438911438
133.61729611228853,0.215057373046875,0.2148759365081787,0.0013442039489746094,0.2135336697101593,-2.205594062805176,-2.0109171867370605,-0.19467705488204956
133.71522648202122,0.21585845947265625,0.215684175491333,0.0013489723205566406,0.21433722972869873,-2.2047858238220215,-2.0109124183654785,-0.19387349486351013
133.81317159085637,0.2166595458984375,0.2164926528930664,0.0013527870178222656,0.21514202654361725,-2.203977346420288,-2.010908603668213,-0.1930686980485916
133.91113274217824,0.21746063232421875,0.21730375289916992,0.0013575553894042969,0.21594825387001038,-2.2031662464141846,-2.010903835296631,-0.1922624707221985
134.00910381891575,0.21826934814453125,0.21811556816101074,0.001361846923828125,0.21675583720207214,-2.2023544311523438,-2.010899543762207,-0.19145488739013672
134.1070934951935,0.21907806396484375,0.21892857551574707,0.00136566162109375,0.21756477653980255,-2.2015414237976074,-2.0108957290649414,-0.1906459480524063
134.20509765215837,0.21988677978515625,0.2197408676147461,0.0013680458068847656,0.2183750420808792,-2.2007291316986084,-2.0108933448791504,-0.18983568251132965
134.3031207925573,0.22069549560546875,0.22055888175964355,0.0013742446899414062,0.21918682754039764,-2.199911117553711,-2.0108871459960938,-0.18902389705181122
134.40115215833416,0.22150421142578125,0.2213757038116455,0.0013780593872070312,0.2199999839067459,-2.199094295501709,-2.010883331298828,-0.18821074068546295
134.49919778152554,0.222320556640625,0.22219443321228027,0.0013823509216308594,0.22081437706947327,-2.198275566101074,-2.0108790397644043,-0.1873963475227356
134.59726085076207,0.2231292724609375,0.22301435470581055,0.001386404037475586,0.2216300666332245,-2.197455644607544,-2.0108749866485596,-0.18658065795898438
134.6953412820016,0.22394561767578125,0.22383570671081543,0.0013904571533203125,0.22244727611541748,-2.196634292602539,-2.010870933532715,-0.18576344847679138
134.7934307494724,0.22476959228515625,0.22465920448303223,0.0013954639434814453,0.2232658565044403,-2.1958107948303223,-2.0108659267425537,-0.18494486808776855
134.89153845657282,0.2255859375,0.22548294067382812,0.0013992786407470703,0.22408580780029297,-2.1949870586395264,-2.010862112045288,-0.1841249167919159
134.98965833400078,0.22640228271484375,0.22630929946899414,0.0014040470123291016,0.22490715980529785,-2.1941606998443604,-2.010857343673706,-0.183303564786911
135.0877937648146,0.22722625732421875,0.22713589668273926,0.001407623291015625,0.22572998702526093,-2.1933341026306152,-2.0108537673950195,-0.18248073756694794
135.18594181981047,0.22805023193359375,0.2279644012451172,0.0014123916625976562,0.22655418515205383,-2.1925055980682373,-2.0108489990234375,-0.18165653944015503
135.28410900130214,0.22887420654296875,0.22879457473754883,0.0014166831970214844,0.22737982869148254,-2.1916754245758057,-2.0108447074890137,-0.18083089590072632
135.3822870809377,0.22969818115234375,0.22962546348571777,0.0014209747314453125,0.2282068133354187,-2.1908445358276367,-2.01084041595459,-0.18000391125679016
135.48048064372367,0.23052978515625,0.23045802116394043,0.0014247894287109375,0.22903531789779663,-2.190011978149414,-2.010836601257324,-0.17917540669441223
135.5786886778161,0.23136138916015625,0.2312920093536377,0.0014286041259765625,0.22986531257629395,-2.189177989959717,-2.0108327865600586,-0.17834541201591492
135.67691043919174,0.23218536376953125,0.23212766647338867,0.0014328956604003906,0.23069661855697632,-2.188342332839966,-2.0108284950256348,-0.17751410603523254
135.77514614239047,0.23302459716796875,0.23296308517456055,0.0014357566833496094,0.23152948915958405,-2.187506914138794,-2.0108256340026855,-0.17668123543262482
135.87339606354615,0.233856201171875,0.23380351066589355,0.0014414787292480469,0.2323639690876007,-2.186666488647461,-2.010819911956787,-0.17584675550460815
135.97166133089115,0.23468780517578125,0.23464393615722656,0.0014462471008300781,0.2331998348236084,-2.185826063156128,-2.010815143585205,-0.17501088976860046
136.06994395144164,0.23552703857421875,0.23548603057861328,0.0014510154724121094,0.23403722047805786,-2.184983968734741,-2.010810375213623,-0.174173504114151
136.1682360770807,0.23636627197265625,0.2363286018371582,0.0014548301696777344,0.23487617075443268,-2.1841413974761963,-2.0108065605163574,-0.17333455383777618
136.26654387020815,0.23720550537109375,0.23717355728149414,0.0014591217041015625,0.23571664094924927,-2.1832964420318604,-2.0108022689819336,-0.1724940836429596
136.36486630238707,0.23804473876953125,0.23801970481872559,0.0014629364013671875,0.2365586757659912,-2.182450294494629,-2.010798454284668,-0.17165204882621765
136.46320229727638,0.2388916015625,0.23886752128601074,0.0014674663543701172,0.2374022901058197,-2.1816024780273438,-2.010793924331665,-0.17080843448638916
136.56155122880412,0.2397308349609375,0.2397174835205078,0.0014719963073730469,0.23824754357337952,-2.1807525157928467,-2.010789394378662,-0.16996318101882935
136.65991939496277,0.24057769775390625,0.24056792259216309,0.0014758110046386719,0.23909442126750946,-2.1799020767211914,-2.0107855796813965,-0.1691163033246994
136.75829784501008,0.241424560546875,0.24142074584960938,0.0014798641204833984,0.23994289338588715,-2.179049253463745,-2.0107815265655518,-0.16826783120632172
136.85669011854773,0.24227142333984375,0.24227547645568848,0.0014843940734863281,0.2407931387424469,-2.178194522857666,-2.010776996612549,-0.16741758584976196
136.9550969812946,0.24312591552734375,0.24313139915466309,0.0014886856079101562,0.2416449785232544,-2.1773386001586914,-2.010772705078125,-0.16656574606895447
137.05351731209421,0.2439727783203125,0.2439887523651123,0.0014925003051757812,0.24249857664108276,-2.176481246948242,-2.0107688903808594,-0.1657121479511261
137.15195548046879,0.2448272705078125,0.24484896659851074,0.0014972686767578125,0.24335388839244843,-2.1756210327148438,-2.0107641220092773,-0.16485683619976044
137.2504017969511,0.2456817626953125,0.2457108497619629,0.0015020370483398438,0.24421092867851257,-2.1747591495513916,-2.0107593536376953,-0.1639997959136963
137.34886683126632,0.2465362548828125,0.24657368659973145,0.0015058517456054688,0.2450699359178543,-2.173896312713623,-2.0107555389404297,-0.16314078867435455
137.44734631156734,0.24739837646484375,0.2474384307861328,0.0015101432800292969,0.245930477976799,-2.1730315685272217,-2.010751247406006,-0.16228024661540985
137.5458348963581,0.24825286865234375,0.2483043670654297,0.0015139579772949219,0.24679279327392578,-2.172165632247925,-2.0107474327087402,-0.16141793131828308
137.64433964410625,0.249114990234375,0.24917340278625488,0.0015184879302978516,0.24765701591968536,-2.1712965965270996,-2.0107429027557373,-0.1605537086725235
137.74285989714534,0.24997711181640625,0.2500436305999756,0.0015230178833007812,0.2485230416059494,-2.170426368713379,-2.0107383728027344,-0.15968768298625946
137.84139331071964,0.2508392333984375,0.2509157657623291,0.0015270709991455078,0.2493908554315567,-2.1695542335510254,-2.0107343196868896,-0.15881986916065216
137.93994017803783,0.251708984375,0.25178980827331543,0.0015316009521484375,0.25026044249534607,-2.168680191040039,-2.0107297897338867,-0.1579502820968628
138.03850332281095,0.25257110595703125,0.25266599655151367,0.0015358924865722656,0.2511320114135742,-2.167804002761841,-2.010725498199463,-0.15707871317863464
138.13707732538822,0.25344085693359375,0.2535426616668701,0.001539468765258789,0.25200535356998444,-2.1669273376464844,-2.0107219219207764,-0.15620537102222443
138.23566541168145,0.25431060791015625,0.2544224262237549,0.0015439987182617188,0.25288042426109314,-2.1660475730895996,-2.0107173919677734,-0.15533030033111572
138.33426756230384,0.25518035888671875,0.25530266761779785,0.0015475749969482422,0.2537573426961899,-2.1651673316955566,-2.010713815689087,-0.15445338189601898
138.43288411409813,0.25605010986328125,0.25618600845336914,0.0015523433685302734,0.254635825753212,-2.1642839908599854,-2.010709047317505,-0.1535748988389969
138.5315122815036,0.256927490234375,0.25707125663757324,0.0015571117401123047,0.2555164098739624,-2.1633987426757812,-2.010704278945923,-0.15269431471824646
138.63015775960218,0.25780487060546875,0.25795769691467285,0.0015614032745361328,0.25639843940734863,-2.1625123023986816,-2.010699987411499,-0.15181228518486023
138.7288165410378,0.2586822509765625,0.25884556770324707,0.0015654563903808594,0.2572823464870453,-2.1616244316101074,-2.0106959342956543,-0.15092837810516357
138.82748703795443,0.25955963134765625,0.2597353458404541,0.001569986343383789,0.25816772878170013,-2.1607346534729004,-2.0106914043426514,-0.15004299581050873
138.92617276082817,0.26043701171875,0.26062655448913574,0.001573801040649414,0.25905483961105347,-2.1598434448242188,-2.0106875896453857,-0.1491558849811554
139.02487149716129,0.261322021484375,0.2615194320678711,0.0015780925750732422,0.25994350016117096,-2.1589505672454834,-2.010683298110962,-0.1482672244310379
139.1235834787805,0.26219940185546875,0.26241397857666016,0.0015823841094970703,0.26083382964134216,-2.1580560207366943,-2.010679006576538,-0.1473768949508667
139.22230899538886,0.26308441162109375,0.26331019401550293,0.0015869140625,0.2617255449295044,-2.1571598052978516,-2.010674476623535,-0.14648517966270447
139.32104724639464,0.26396942138671875,0.264207124710083,0.001590728759765625,0.2626187801361084,-2.1562628746032715,-2.0106706619262695,-0.14559194445610046
139.4198027870614,0.26485443115234375,0.2651069164276123,0.0015954971313476562,0.26351362466812134,-2.155363082885742,-2.0106658935546875,-0.14469709992408752
139.51856858618098,0.2657470703125,0.2660074234008789,0.0015993118286132812,0.2644099295139313,-2.1544625759124756,-2.010662078857422,-0.1438007950782776
139.61734637312856,0.26663970947265625,0.2669086456298828,0.0016031265258789062,0.26530759036540985,-2.1535613536834717,-2.0106582641601562,-0.142903134226799
139.7161407475317,0.2675323486328125,0.2678110599517822,0.0016062259674072266,0.2662067115306854,-2.1526589393615723,-2.010655164718628,-0.14200401306152344
139.81495033550047,0.26842498779296875,0.26871776580810547,0.0016124248504638672,0.26710736751556396,-2.151752233505249,-2.0106489658355713,-0.1411033570766449
139.91376827274988,0.269317626953125,0.2696223258972168,0.001615285873413086,0.2680093050003052,-2.1508476734161377,-2.010646104812622,-0.1402014195919037
140.01260147133334,0.27021026611328125,0.27053189277648926,0.001621246337890625,0.2689128965139389,-2.1499381065368652,-2.0106401443481445,-0.13929782807826996
140.11144720309804,0.27111053466796875,0.2714412212371826,0.00162506103515625,0.26981841027736664,-2.149028778076172,-2.010636329650879,-0.13839231431484222
140.21030921116522,0.27201080322265625,0.2723543643951416,0.0016298294067382812,0.2707269787788391,-2.148115634918213,-2.010631561279297,-0.13748374581336975
140.30918224499095,0.27291107177734375,0.2732679843902588,0.0016331672668457031,0.27163705229759216,-2.1472020149230957,-2.0106282234191895,-0.1365736722946167
140.4080696336476,0.27381134033203125,0.2741847038269043,0.001638174057006836,0.2725486606359482,-2.14628529548645,-2.0106232166290283,-0.13566206395626068
140.5069724040398,0.27471923828125,0.275101900100708,0.001642465591430664,0.27346161007881165,-2.1453680992126465,-2.0106189250946045,-0.13474911451339722
140.60588307320637,0.2756195068359375,0.2760202884674072,0.0016465187072753906,0.2743759751319885,-2.1444497108459473,-2.0106148719787598,-0.13383474946022034
140.70481253502808,0.27652740478515625,0.27694058418273926,0.0016508102416992188,0.2752919942140579,-2.1435294151306152,-2.010610580444336,-0.13291873037815094
140.8037503361658,0.277435302734375,0.2778608798980713,0.001653432846069336,0.2762093096971512,-2.142609119415283,-2.010607957839966,-0.13200141489505768
140.90270581283923,0.27834320068359375,0.27878546714782715,0.001659393310546875,0.2771281599998474,-2.1416845321655273,-2.0106019973754883,-0.13108256459236145
141.00167219626556,0.2792510986328125,0.2797083854675293,0.0016622543334960938,0.27804824709892273,-2.140761613845825,-2.010599136352539,-0.13016247749328613
141.10065097958218,0.2801666259765625,0.28063535690307617,0.0016674995422363281,0.27897000312805176,-2.1398346424102783,-2.010593891143799,-0.1292407214641571
141.19964608501638,0.2810821533203125,0.28156328201293945,0.0016720294952392578,0.27989335358142853,-2.138906717300415,-2.010589361190796,-0.12831737101078033
141.29865081227555,0.2819976806640625,0.28249192237854004,0.0016760826110839844,0.28081783652305603,-2.1379780769348145,-2.010585308074951,-0.12739288806915283
141.39767092527248,0.2829132080078125,0.28342247009277344,0.001680612564086914,0.28174392879009247,-2.137047529220581,-2.0105807781219482,-0.1264667958021164
141.49670015267088,0.2838287353515625,0.28435373306274414,0.001684427261352539,0.28267142176628113,-2.1361162662506104,-2.0105769634246826,-0.12553930282592773
141.595745777019,0.28475189208984375,0.28528761863708496,0.0016894340515136719,0.28360041975975037,-2.1351823806762695,-2.0105719566345215,-0.1246103048324585
141.69480345567345,0.285675048828125,0.2862222194671631,0.0016932487487792969,0.28453098237514496,-2.1342477798461914,-2.010568141937256,-0.1236797422170639
141.79387490567518,0.28659820556640625,0.287158727645874,0.0016977787017822266,0.2854629456996918,-2.1333112716674805,-2.010563611984253,-0.12274777889251709
141.8929594140827,0.2875213623046875,0.28809618949890137,0.0017018318176269531,0.28639648854732513,-2.132373809814453,-2.010559558868408,-0.12181423604488373
141.99205795972983,0.28844451904296875,0.2890348434448242,0.0017056465148925781,0.28733140230178833,-2.1314351558685303,-2.0105557441711426,-0.12087932229042053
142.09116617847633,0.28937530517578125,0.2899758815765381,0.0017099380493164062,0.2882680147886276,-2.1304941177368164,-2.0105514526367188,-0.11994270980358124
142.19028888032867,0.2902984619140625,0.29091858863830566,0.0017147064208984375,0.2892060652375221,-2.129551410675049,-2.0105466842651367,-0.11900465935468674
142.2894238072437,0.291229248046875,0.29186201095581055,0.0017185211181640625,0.29014555364847183,-2.128607988357544,-2.010542869567871,-0.11806517094373703
142.3885753671235,0.2921600341796875,0.29280781745910645,0.0017230510711669922,0.29108676314353943,-2.127662181854248,-2.010538339614868,-0.11712396144866943
142.48773576607468,0.29309844970703125,0.29375410079956055,0.0017271041870117188,0.29202932119369507,-2.126715898513794,-2.0105342864990234,-0.1161814033985138
142.58690810020272,0.29402923583984375,0.2947065830230713,0.0017321109771728516,0.29297684133052826,-2.125763416290283,-2.0105292797088623,-0.1152338832616806
142.6860952138767,0.2949676513671875,0.29566478729248047,0.001735687255859375,0.2939312905073166,-2.124805212020874,-2.010525703430176,-0.11427943408489227
142.785295277255,0.29590606689453125,0.29662394523620605,0.0017385482788085938,0.2948875352740288,-2.1238460540771484,-2.0105228424072266,-0.11332318931818008
142.88450736014224,0.296844482421875,0.29758620262145996,0.0017428398132324219,0.2958453968167305,-2.1228837966918945,-2.0105185508728027,-0.11236532777547836
142.98373321476598,0.29778289794921875,0.2985517978668213,0.001748800277709961,0.2968052253127098,-2.121918201446533,-2.010512590408325,-0.11140549927949905
143.08297000486604,0.29872894287109375,0.2995166778564453,0.001752614974975586,0.29776620864868164,-2.120953321456909,-2.0105087757110596,-0.11044451594352722
143.1822204326211,0.2996673583984375,0.30048418045043945,0.0017571449279785156,0.2987290918827057,-2.119985818862915,-2.0105042457580566,-0.10948163270950317
143.2814834494881,0.3006134033203125,0.3014490604400635,0.0017616748809814453,0.29968952387571335,-2.119020938873291,-2.0104997158050537,-0.10852120071649551
143.38075758382882,0.3015594482421875,0.3024158477783203,0.0017652511596679688,0.3006526976823807,-2.118054151535034,-2.010496139526367,-0.10755802690982819
143.4800448534799,0.30251312255859375,0.3033864498138428,0.0017695426940917969,0.30161912739276886,-2.1170835494995117,-2.0104918479919434,-0.10659159719944
143.57934847536558,0.30345916748046875,0.30436062812805176,0.001773834228515625,0.30258894711732864,-2.1161093711853027,-2.0104875564575195,-0.10562177747488022
143.6786601857652,0.304412841796875,0.30533814430236816,0.0017781257629394531,0.30356182157993317,-2.1151318550109863,-2.0104832649230957,-0.1046489030122757
143.77798451793086,0.30536651611328125,0.3063175678253174,0.0017819404602050781,0.30453766882419586,-2.114152431488037,-2.01047945022583,-0.103673055768013
143.8773230769062,0.3063201904296875,0.30730128288269043,0.0017867088317871094,0.3055165112018585,-2.113168716430664,-2.010474681854248,-0.10269421339035034
143.97667374397884,0.30727386474609375,0.3082869052886963,0.0017910003662109375,0.3064982518553734,-2.112183094024658,-2.010470390319824,-0.10171247273683548
144.0760351471915,0.3082275390625,0.30927586555480957,0.0017952919006347656,0.30748269706964493,-2.111194133758545,-2.0104660987854004,-0.10072802752256393
144.17541163061355,0.3091888427734375,0.31026744842529297,0.0017995834350585938,0.3084700033068657,-2.1102025508880615,-2.0104618072509766,-0.09974072128534317
144.27479811765923,0.310150146484375,0.3112618923187256,0.0018038749694824219,0.3094600737094879,-2.109208106994629,-2.0104575157165527,-0.09875065088272095
144.37419934731815,0.3111114501953125,0.3122580051422119,0.0018076896667480469,0.3104526475071907,-2.1082119941711426,-2.010453701019287,-0.09775807708501816
144.47360867944641,0.31207275390625,0.31325697898864746,0.001811981201171875,0.3114474043250084,-2.107213020324707,-2.0104494094848633,-0.09676332026720047
144.57303355502637,0.3130340576171875,0.31425976753234863,0.0018167495727539062,0.312444843351841,-2.106210231781006,-2.0104446411132812,-0.09576588124036789
144.67247147627717,0.31400299072265625,0.3152625560760498,0.0018200874328613281,0.3134445995092392,-2.1052074432373047,-2.010441303253174,-0.09476612508296967
144.77191910486644,0.314971923828125,0.3162691593170166,0.0018248558044433594,0.31444650888442993,-2.104200839996338,-2.010436534881592,-0.09376421570777893
144.87138044766795,0.31594085693359375,0.3172776699066162,0.001829385757446289,0.3154507279396057,-2.1031923294067383,-2.010432004928589,-0.09275999665260315
144.97085312210203,0.3169097900390625,0.31828784942626953,0.0018329620361328125,0.31645699590444565,-2.102182149887085,-2.0104284286499023,-0.09175372868776321
145.07033852847638,0.31787872314453125,0.31930041313171387,0.0018372535705566406,0.3174653500318527,-2.1011695861816406,-2.0104241371154785,-0.09074537456035614
145.1698345209738,0.31885528564453125,0.320314884185791,0.0018415451049804688,0.31847572326660156,-2.1001551151275635,-2.0104198455810547,-0.0897350013256073
145.26934545433767,0.31982421875,0.321331262588501,0.0018458366394042969,0.3194878473877907,-2.0991387367248535,-2.010415554046631,-0.08872287720441818
145.36886646818556,0.32080078125,0.32234978675842285,0.001850128173828125,0.32050174474716187,-2.0981202125549316,-2.010411262512207,-0.087708979845047
145.46839897476963,0.32178497314453125,0.32336902618408203,0.0018534660339355469,0.32151753455400467,-2.0971009731292725,-2.0104079246520996,-0.0866931900382042
145.5679450484153,0.32276153564453125,0.32439160346984863,0.0018587112426757812,0.3225349485874176,-2.096078395843506,-2.0104026794433594,-0.08567577600479126
145.6675024577312,0.32373809814453125,0.32541441917419434,0.0018625259399414062,0.3235540837049484,-2.09505558013916,-2.0103988647460938,-0.08465664088726044
145.7670714272758,0.3247222900390625,0.32643914222717285,0.0018663406372070312,0.32457490265369415,-2.0940308570861816,-2.010395050048828,-0.08363582193851471
145.86665306546604,0.32570648193359375,0.3274657726287842,0.0018706321716308594,0.3255970999598503,-2.0930042266845703,-2.0103907585144043,-0.08261362463235855
145.96624497246532,0.326690673828125,0.3284938335418701,0.0018754005432128906,0.3266207352280617,-2.0919761657714844,-2.0103859901428223,-0.08158998936414719
146.0658493816069,0.32767486572265625,0.32952284812927246,0.0018792152404785156,0.3276456147432327,-2.090947151184082,-2.0103821754455566,-0.08056510984897614
146.16546717404552,0.32866668701171875,0.3305537700653076,0.0018839836120605469,0.32867205888032913,-2.089916229248047,-2.0103774070739746,-0.07953866571187973
146.26509488929318,0.32965850830078125,0.331585168838501,0.0018875598907470703,0.32969969511032104,-2.0888848304748535,-2.010373830795288,-0.07851102948188782
146.3647346322077,0.33065032958984375,0.33261823654174805,0.0018916130065917969,0.3307284191250801,-2.0878517627716064,-2.0103697776794434,-0.07748230546712875
146.46438806668823,0.33164215087890625,0.3336503505706787,0.0018939971923828125,0.3317583203315735,-2.086819648742676,-2.0103673934936523,-0.07645240426063538
146.56405123287217,0.33263397216796875,0.3346869945526123,0.0018999576568603516,0.33278942108154297,-2.085783004760742,-2.010361433029175,-0.0754213035106659
146.6637258806457,0.33362579345703125,0.3357236385345459,0.0019042491912841797,0.33382147550582886,-2.0847463607788086,-2.010357141494751,-0.07438924908638
146.76341343063066,0.334625244140625,0.3367609977722168,0.0019085407257080078,0.3348545581102371,-2.0837090015411377,-2.010352849960327,-0.07335616648197174
146.86311303794432,0.33562469482421875,0.337799072265625,0.001912832260131836,0.33588844537734985,-2.0826709270477295,-2.0103485584259033,-0.07232227921485901
146.96282395368868,0.3366241455078125,0.3388378620147705,0.001916646957397461,0.33692338317632675,-2.081632137298584,-2.0103447437286377,-0.07128734141588211
147.06254305452933,0.33762359619140625,0.3398778438568115,0.0019211769104003906,0.3379589095711708,-2.080592155456543,-2.0103402137756348,-0.07025181502103806
147.16227794670652,0.33863067626953125,0.34091854095458984,0.0019254684448242188,0.3389952629804611,-2.0795514583587646,-2.010335922241211,-0.06921546161174774
147.26202373919614,0.339630126953125,0.34195995330810547,0.0019295215606689453,0.3400324881076813,-2.078510046005249,-2.010331869125366,-0.06817823648452759
147.36177992381334,0.34063720703125,0.3430016040802002,0.0019330978393554688,0.34107038378715515,-2.0774683952331543,-2.0103282928466797,-0.06714034080505371
147.46154811572174,0.341644287109375,0.34404444694519043,0.0019378662109375,0.3421088084578514,-2.076425552368164,-2.0103235244750977,-0.06610191613435745
147.56132637321772,0.3426513671875,0.34508728981018066,0.001941680908203125,0.34314779192209244,-2.075382709503174,-2.010319709777832,-0.06506293267011642
147.66111855412706,0.34366607666015625,0.3461308479309082,0.00194549560546875,0.3441874012351036,-2.0743391513824463,-2.0103158950805664,-0.06402332335710526
147.7609192506664,0.34467315673828125,0.34717535972595215,0.0019502639770507812,0.3452274054288864,-2.0732946395874023,-2.0103111267089844,-0.06298331916332245
147.86073342435637,0.3456878662109375,0.3482201099395752,0.0019540786743164062,0.34626806527376175,-2.0722498893737793,-2.0103073120117188,-0.06194265931844711
147.960558386842,0.34670257568359375,0.34926557540893555,0.0019583702087402344,0.3473091833293438,-2.071204423904419,-2.010303020477295,-0.060901541262865067
148.06039327670103,0.34771728515625,0.3503105640411377,0.0019621849060058594,0.3483506850898266,-2.070159435272217,-2.0102992057800293,-0.05986003950238228
148.16024106962905,0.3487396240234375,0.35135698318481445,0.0019664764404296875,0.349392618983984,-2.06911301612854,-2.0102949142456055,-0.05881810560822487
148.2601009260098,0.34975433349609375,0.3524014949798584,0.0019683837890625,0.3504351079463959,-2.068068504333496,-2.0102930068969727,-0.05777561664581299
148.35996940618404,0.35077667236328125,0.35345005989074707,0.0019750595092773438,0.35147731751203537,-2.0670199394226074,-2.010286331176758,-0.05673340708017349
148.45984960590246,0.35179901123046875,0.3544960021972656,0.0019783973693847656,0.3525196835398674,-2.065973997116089,-2.0102829933166504,-0.05569104105234146
148.55974231306232,0.35282135009765625,0.3555433750152588,0.0019826889038085938,0.3535628467798233,-2.0649266242980957,-2.0102787017822266,-0.05464787781238556
148.6596461649439,0.353851318359375,0.35659074783325195,0.001986980438232422,0.354605957865715,-2.0638792514801025,-2.0102744102478027,-0.053604766726493835
148.75956042203234,0.3548736572265625,0.3576388359069824,0.00199127197265625,0.3556496687233448,-2.062831163406372,-2.010270118713379,-0.05256105586886406
148.8594866372771,0.35590362548828125,0.3586866855621338,0.001995086669921875,0.3566935732960701,-2.0617833137512207,-2.0102663040161133,-0.05151715129613876
148.95942248916234,0.35693359375,0.35973525047302246,0.0019996166229248047,0.3577376678586006,-2.060734748840332,-2.0102617740631104,-0.050473056733608246
149.05936940995358,0.35796356201171875,0.36078357696533203,0.0020036697387695312,0.35878219082951546,-2.0596864223480225,-2.0102577209472656,-0.049428533762693405
149.1593289271825,0.3589935302734375,0.361832857131958,0.0020079612731933594,0.3598269894719124,-2.0586371421813965,-2.010253429412842,-0.04838373512029648
149.25929652583653,0.3600311279296875,0.362882137298584,0.002012014389038086,0.3608722761273384,-2.0575878620147705,-2.010249376296997,-0.04733844846487045
149.3592784212744,0.3610687255859375,0.36393094062805176,0.0020151138305664062,0.36191799491643906,-2.0565390586853027,-2.0102462768554688,-0.046292729675769806
149.45926945792115,0.3621063232421875,0.36498117446899414,0.0020194053649902344,0.36296386271715164,-2.0554888248443604,-2.010241985321045,-0.04524686187505722
149.55927113333846,0.3631439208984375,0.3660318851470947,0.002023935317993164,0.3640100546181202,-2.0544381141662598,-2.010237455368042,-0.04420066997408867
149.65928399352603,0.3641815185546875,0.3670814037322998,0.002026796340942383,0.36505667865276337,-2.0533885955810547,-2.0102345943450928,-0.043154045939445496
149.7593060545663,0.3652191162109375,0.3681340217590332,0.0020322799682617188,0.3661038503050804,-2.0523359775543213,-2.0102291107177734,-0.04210687428712845
149.85934003314443,0.36626434326171875,0.369185209274292,0.0020356178283691406,0.36715131253004074,-2.0512847900390625,-2.010225772857666,-0.04105941206216812
149.95938582827972,0.3673095703125,0.3702375888824463,0.002040386199951172,0.36819934099912643,-2.050232410430908,-2.010221004486084,-0.04001138359308243
150.05944025941628,0.36835479736328125,0.3712897300720215,0.002044200897216797,0.3692477270960808,-2.049180269241333,-2.0102171897888184,-0.03896299749612808
150.15950786973096,0.3694000244140625,0.3723433017730713,0.0020487308502197266,0.3702968657016754,-2.048126697540283,-2.0102126598358154,-0.03791385889053345
150.2595848409037,0.370452880859375,0.3733968734741211,0.0020525455474853516,0.37134652584791183,-2.0470731258392334,-2.01020884513855,-0.03686419874429703
150.35967294855288,0.37149810791015625,0.37445068359375,0.002056121826171875,0.37239667773246765,-2.0460193157196045,-2.0102052688598633,-0.03581404685974121
150.45976996182176,0.37255096435546875,0.3755054473876953,0.0020601749420166016,0.37344761937856674,-2.044964551925659,-2.0102012157440186,-0.03476310521364212
150.55988005863358,0.37360382080078125,0.3765599727630615,0.0020630359649658203,0.3744991309940815,-2.043910026550293,-2.0101983547210693,-0.033711593598127365
150.6599995049386,0.374664306640625,0.37761759757995605,0.0020685195922851562,0.37555138021707535,-2.0428524017333984,-2.01019287109375,-0.032659344375133514
150.76012909304325,0.3757171630859375,0.3786747455596924,0.0020723342895507812,0.3766043148934841,-2.041795253753662,-2.0101890563964844,-0.03160640969872475
150.86026871165362,0.37677764892578125,0.3797328472137451,0.0020766258239746094,0.3776581659913063,-2.0407371520996094,-2.0101847648620605,-0.030552558600902557
150.96041827090133,0.37783050537109375,0.38079190254211426,0.002081155776977539,0.37871289998292923,-2.0396780967712402,-2.0101802349090576,-0.029497824609279633
151.06058079011206,0.3788909912109375,0.3818509578704834,0.0020847320556640625,0.3797684721648693,-2.038619041442871,-2.010176658630371,-0.028442252427339554
151.16075159360585,0.3799591064453125,0.38291192054748535,0.0020890235900878906,0.3808249905705452,-2.037558078765869,-2.0101723670959473,-0.027385734021663666
151.26093421285069,0.38101959228515625,0.3839728832244873,0.0020928382873535156,0.38188255578279495,-2.036497116088867,-2.0101685523986816,-0.02632816880941391
151.36112734042146,0.38208770751953125,0.38503575325012207,0.0020966529846191406,0.38294122740626335,-2.0354342460632324,-2.010164737701416,-0.02526949718594551
151.46132812508327,0.383148193359375,0.38609957695007324,0.0021009445190429688,0.38400089368224144,-2.0343704223632812,-2.010160446166992,-0.024209830909967422
151.5615401476562,0.38421630859375,0.3871643543243408,0.0021047592163085938,0.38506174832582474,-2.0333056449890137,-2.0101566314697266,-0.023148976266384125
151.66176454409077,0.38529205322265625,0.388230562210083,0.0021088123321533203,0.3861238695681095,-2.0322394371032715,-2.010152578353882,-0.02208685502409935
151.76199695911217,0.38636016845703125,0.3892982006072998,0.002112865447998047,0.38718724250793457,-2.0311717987060547,-2.010148525238037,-0.021023482084274292
151.86223999560667,0.3874359130859375,0.3903663158416748,0.002116680145263672,0.3882518336176872,-2.0301036834716797,-2.0101447105407715,-0.019958890974521637
151.96249367628863,0.3885040283203125,0.3914368152618408,0.0021209716796875,0.3893178775906563,-2.0290331840515137,-2.0101404190063477,-0.018892847001552582
152.06275777742255,0.38957977294921875,0.39250826835632324,0.002124786376953125,0.3903854638338089,-2.0279617309570312,-2.010136604309082,-0.017825260758399963
152.16303141090327,0.390655517578125,0.39358067512512207,0.00212860107421875,0.39145423471927643,-2.0268893241882324,-2.0101327896118164,-0.016756489872932434
152.26331428143348,0.3917388916015625,0.3946554660797119,0.002132892608642578,0.3925246000289917,-2.0258145332336426,-2.0101284980773926,-0.015686124563217163
152.3636090223482,0.39281463623046875,0.39573073387145996,0.002135753631591797,0.3935967832803726,-2.0247392654418945,-2.0101256370544434,-0.014613941311836243
152.46391107650751,0.39389801025390625,0.39680910110473633,0.0021409988403320312,0.3946704566478729,-2.023660898208618,-2.010120391845703,-0.013540267944335938
152.5642239867821,0.39498138427734375,0.3978877067565918,0.0021440982818603516,0.3957458436489105,-2.0225822925567627,-2.010117292404175,-0.01246488094329834
152.66454796010873,0.39606475830078125,0.3989675045013428,0.0021467208862304688,0.3968227952718735,-2.0215024948120117,-2.0101146697998047,-0.011387929320335388
152.76488136820868,0.39714813232421875,0.4000523090362549,0.0021524429321289062,0.3979017734527588,-2.0204176902770996,-2.0101089477539062,-0.010308951139450073
152.86522373129688,0.3982391357421875,0.4011366367340088,0.0021562576293945312,0.39898233115673065,-2.0193333625793457,-2.0101051330566406,-0.00922839343547821
152.965576114464,0.39933013916015625,0.4022233486175537,0.002160787582397461,0.4000648781657219,-2.018246650695801,-2.0101006031036377,-0.008145846426486969
153.06594006162493,0.400421142578125,0.40331196784973145,0.002164602279663086,0.40114960074424744,-2.017158031463623,-2.010096788406372,-0.007061123847961426
153.16631382535738,0.40151214599609375,0.4044015407562256,0.002167940139770508,0.40223586559295654,-2.016068458557129,-2.0100934505462646,-0.005974858999252319
153.26669340979754,0.4026031494140625,0.40549468994140625,0.0021724700927734375,0.40332429856061935,-2.0149753093719482,-2.0100889205932617,-0.004886426031589508
153.36708622203463,0.40369415283203125,0.4065890312194824,0.002176523208618164,0.40441468358039856,-2.013880968093872,-2.010084867477417,-0.0037960410118103027
153.46748812290707,0.40479278564453125,0.4076855182647705,0.0021800994873046875,0.40550753474235535,-2.012784481048584,-2.0100812911987305,-0.0027031898498535156
153.5678978898208,0.40589141845703125,0.4087834358215332,0.0021834373474121094,0.40660201758146286,-2.0116865634918213,-2.010077953338623,-0.0016087070107460022
153.66831985354347,0.40699005126953125,0.4098830223083496,0.002186298370361328,0.4076987951993942,-2.010586977005005,-2.010075092315674,-0.0005119293928146362
153.76874966065282,0.40808868408203125,0.41098713874816895,0.0021910667419433594,0.408798024058342,-2.0094828605651855,-2.010070323944092,0.0005872994661331177
153.86918962124037,0.4091949462890625,0.4120926856994629,0.0021953582763671875,0.40989916771650314,-2.0083773136138916,-2.010066032409668,0.001688443124294281
153.96963976728597,0.4102935791015625,0.41319990158081055,0.0021991729736328125,0.4110027328133583,-2.007270097732544,-2.0100622177124023,0.0027920082211494446
154.07009724094246,0.41139984130859375,0.4143102169036865,0.002203702926635742,0.41210852563381195,-2.006159782409668,-2.0100576877593994,0.0038978010416030884
154.17056475905292,0.412506103515625,0.415421724319458,0.0022072792053222656,0.41321663558483124,-2.0050482749938965,-2.010054111480713,0.0050059109926223755
154.27104385608382,0.41361236572265625,0.4165365695953369,0.0022115707397460938,0.414326973259449,-2.0039334297180176,-2.010049819946289,0.006116248667240143
154.3715295575486,0.41472625732421875,0.417651891708374,0.0022144317626953125,0.4154397174715996,-2.0028181076049805,-2.01004695892334,0.0072289928793907166
154.4720256608421,0.41583251953125,0.41877007484436035,0.0022172927856445312,0.41655464470386505,-2.001699924468994,-2.0100440979003906,0.008343920111656189
154.5725307375293,0.4169464111328125,0.4198927879333496,0.002222776412963867,0.41767216473817825,-2.000577211380005,-2.0100386142730713,0.009461440145969391
154.67304478577717,0.418060302734375,0.4210163354873657,0.002226591110229492,0.41879184544086456,-1.9994536638259888,-2.0100347995758057,0.0105811208486557
154.7735716813842,0.4191741943359375,0.42214274406433105,0.0022308826446533203,0.4199141263961792,-1.9983272552490234,-2.010030508041382,0.011703401803970337
154.87410381223287,0.42029571533203125,0.42327094078063965,0.0022344589233398438,0.4210387244820595,-1.9971990585327148,-2.0100269317626953,0.012827999889850616
154.97464451596727,0.42140960693359375,0.4244018793106079,0.0022385120391845703,0.42216555774211884,-1.9960681200027466,-2.0100228786468506,0.013954833149909973
155.07519649608244,0.4225311279296875,0.42553484439849854,0.0022420883178710938,0.42329495400190353,-1.994935154914856,-2.010019302368164,0.015084229409694672
155.17575722474822,0.42365264892578125,0.4266706705093384,0.0022461414337158203,0.42442669719457626,-1.9937993288040161,-2.0100152492523193,0.0162159726023674
155.27632589191305,0.424774169921875,0.4278090000152588,0.002250194549560547,0.42556077241897583,-1.9926609992980957,-2.0100111961364746,0.017350047826766968
155.37690530009573,0.4259033203125,0.4289487600326538,0.0022535324096679688,0.4266972988843918,-1.9915212392807007,-2.010007858276367,0.018486574292182922
155.4774933254596,0.42702484130859375,0.4300915002822876,0.0022575855255126953,0.42783597856760025,-1.990378499031067,-2.0100038051605225,0.019625253975391388
155.57809059126998,0.42815399169921875,0.43123698234558105,0.002260923385620117,0.4289781302213669,-1.9892330169677734,-2.010000467300415,0.02076740562915802
155.67869729743066,0.42928314208984375,0.4323842525482178,0.0022635459899902344,0.43012291193008423,-1.9880857467651367,-2.009997844696045,0.021912187337875366
155.7793101856197,0.43041229248046875,0.4335366487503052,0.0022687911987304688,0.43126995861530304,-1.9869333505630493,-2.0099925994873047,0.023059234023094177
155.87993359573258,0.43154144287109375,0.43469011783599854,0.002273082733154297,0.43241921067237854,-1.985779881477356,-2.009988307952881,0.024208486080169678
155.98056603830992,0.43267822265625,0.43584465980529785,0.0022759437561035156,0.4335707798600197,-1.9846253395080566,-2.0099854469299316,0.02536005526781082
156.08120621755003,0.433807373046875,0.4370027780532837,0.0022804737091064453,0.4347244203090668,-1.9834672212600708,-2.0099809169769287,0.02651369571685791
156.18185755830604,0.43494415283203125,0.43816208839416504,0.002283811569213867,0.43588031083345413,-1.9823079109191895,-2.0099775791168213,0.02766958624124527
156.28251486975796,0.43608856201171875,0.43932414054870605,0.0022881031036376953,0.43703842908143997,-1.9811458587646484,-2.0099732875823975,0.02882770448923111
156.38318312129744,0.437225341796875,0.4404878616333008,0.002291440963745117,0.43819859623908997,-1.9799821376800537,-2.00996994972229,0.029987871646881104
156.48385933328345,0.43836212158203125,0.4416542053222656,0.0022954940795898438,0.4393608346581459,-1.9788157939910889,-2.0099658966064453,0.031150110065937042
156.58454454543266,0.43950653076171875,0.44282209873199463,0.0022993087768554688,0.44052502512931824,-1.9776479005813599,-2.0099620819091797,0.032314300537109375
156.68523725101582,0.44065093994140625,0.44399261474609375,0.0023031234741210938,0.44169146567583084,-1.9764773845672607,-2.009958267211914,0.03348074108362198
156.78593782415786,0.44179534912109375,0.44516241550445557,0.002304553985595703,0.4428597614169121,-1.975307583808899,-2.0099568367004395,0.03464903682470322
156.88664894447064,0.44293975830078125,0.4463382959365845,0.0023102760314941406,0.44403026252985,-1.97413170337677,-2.009951114654541,0.035819537937641144
156.98736870195157,0.444091796875,0.4475141763687134,0.002313375473022461,0.4452027529478073,-1.9729558229446411,-2.0099480152130127,0.03699202835559845
157.0880960677682,0.4452362060546875,0.4486914873123169,0.0023164749145507812,0.44637709856033325,-1.9717785120010376,-2.0099449157714844,0.03816637396812439
157.188830946321,0.44638824462890625,0.449871301651001,0.0023200511932373047,0.447553351521492,-1.9705986976623535,-2.009941339492798,0.03934262692928314
157.28957463112354,0.447540283203125,0.45105457305908203,0.0023250579833984375,0.4487317055463791,-1.9694154262542725,-2.0099363327026367,0.04052098095417023
157.39032769259194,0.44869232177734375,0.4522387981414795,0.0023288726806640625,0.4499119967222214,-1.968231201171875,-2.009932518005371,0.04170127213001251
157.4910880200865,0.44985198974609375,0.4534224271774292,0.002330303192138672,0.4510941803455353,-1.9670475721359253,-2.0099310874938965,0.042883455753326416
157.59185846559188,0.4510040283203125,0.45461201667785645,0.0023360252380371094,0.45227815955877304,-1.965857982635498,-2.009925365447998,0.04406743496656418
157.69263488019928,0.4521636962890625,0.45580220222473145,0.0023398399353027344,0.4534645229578018,-1.964667797088623,-2.0099215507507324,0.04525379836559296
157.7934215117935,0.4533233642578125,0.45699429512023926,0.002343893051147461,0.4546525627374649,-1.9634757041931152,-2.0099174976348877,0.04644183814525604
157.89421267328063,0.4544830322265625,0.4581880569458008,0.002347707748413086,0.455842524766922,-1.9622819423675537,-2.009913682937622,0.047631800174713135
157.99501668760215,0.45565032958984375,0.4593832492828369,0.0023508071899414062,0.4570345804095268,-1.9610867500305176,-2.0099105834960938,0.04882385581731796
158.09582508417122,0.45680999755859375,0.46058130264282227,0.0023546218872070312,0.4582286924123764,-1.9598886966705322,-2.009906768798828,0.05001796782016754
158.196643160358,0.457977294921875,0.4617807865142822,0.0023584365844726562,0.4594246968626976,-1.9586892127990723,-2.0099029541015625,0.05121397227048874
158.29747184304819,0.45914459228515625,0.4629805088043213,0.0023598670959472656,0.46062278002500534,-1.9574894905090332,-2.009901523590088,0.05241205543279648
158.39830484509412,0.4603118896484375,0.4641849994659424,0.0023641586303710938,0.4618229269981384,-1.956284999847412,-2.009897232055664,0.053612202405929565
158.49914910259554,0.46148681640625,0.4653923511505127,0.002368927001953125,0.4630252718925476,-1.9550776481628418,-2.009892463684082,0.054814547300338745
158.59999812451775,0.46265411376953125,0.4666001796722412,0.00237274169921875,0.4642295315861702,-1.9538698196411133,-2.0098886489868164,0.056018806993961334
158.7008568334142,0.46382904052734375,0.4678107500076294,0.0023767948150634766,0.46543610841035843,-1.952659249305725,-2.0098845958709717,0.05722538381814957
158.80172273807736,0.46500396728515625,0.4690225124359131,0.0023801326751708984,0.46664444357156754,-1.9514474868774414,-2.0098812580108643,0.05843371897935867
158.90259653440702,0.46617889404296875,0.470233678817749,0.0023818016052246094,0.46785397827625275,-1.9502363204956055,-2.0098795890808105,0.059643253684043884
159.00347819498046,0.46735382080078125,0.47145116329193115,0.002387523651123047,0.4690656512975693,-1.9490188360214233,-2.009873867034912,0.06085492670536041
159.10436882510342,0.468536376953125,0.4726674556732178,0.0023899078369140625,0.4702794700860977,-1.9478025436401367,-2.009871482849121,0.062068745493888855
159.2052664348574,0.46971893310546875,0.4738882780075073,0.0023946762084960938,0.4714956358075142,-1.9465817213058472,-2.009866714477539,0.06328491121530533
159.30617079024753,0.4709014892578125,0.47510969638824463,0.0023980140686035156,0.47271373867988586,-1.9453603029251099,-2.0098633766174316,0.064503014087677
159.40708254881693,0.47208404541015625,0.47633326053619385,0.002401113510131836,0.47393427789211273,-1.9441367387771606,-2.0098602771759033,0.06572355329990387
159.50800413694932,0.4732666015625,0.47755956649780273,0.0024046897888183594,0.4751567244529724,-1.9429104328155518,-2.009856700897217,0.06694599986076355
159.6089322238445,0.47444915771484375,0.4787886142730713,0.0024089813232421875,0.4763816148042679,-1.9416813850402832,-2.009852409362793,0.06817089021205902
159.70986901992504,0.47563934326171875,0.48001837730407715,0.002412080764770508,0.47760845720767975,-1.9404516220092773,-2.0098493099212646,0.06939773261547089
159.8108122860003,0.47682952880859375,0.48124969005584717,0.002414226531982422,0.4788374900817871,-1.9392203092575073,-2.0098471641540527,0.07062676548957825
159.91176274719493,0.47801971435546875,0.4824860095977783,0.0024194717407226562,0.48006851971149445,-1.9379839897155762,-2.0098419189453125,0.07185779511928558
160.01272077691434,0.47920989990234375,0.4837229251861572,0.002423524856567383,0.4813016504049301,-1.9367470741271973,-2.0098378658294678,0.07309092581272125
160.11368637369392,0.48040771484375,0.4849611520767212,0.002426624298095703,0.4825364500284195,-1.9355088472366333,-2.0098347663879395,0.07432572543621063
160.21465908078724,0.481597900390625,0.4862014055252075,0.002429962158203125,0.4837733656167984,-1.934268593788147,-2.009831428527832,0.07556264102458954
160.3156387380791,0.48279571533203125,0.4874420166015625,0.0024323463439941406,0.48501189798116684,-1.933027982711792,-2.009829044342041,0.07680117338895798
160.41662614431226,0.4839935302734375,0.48868703842163086,0.002437114715576172,0.48625218868255615,-1.9317829608917236,-2.009824275970459,0.07804146409034729
160.51762197045093,0.485198974609375,0.4899331331253052,0.002440929412841797,0.48749423772096634,-1.9305368661880493,-2.0098204612731934,0.07928351312875748
160.61862452983686,0.48639678955078125,0.49117982387542725,0.0024445056915283203,0.4887375086545944,-1.9292901754379272,-2.009816884994507,0.08052678406238556
160.71963413732234,0.48760223388671875,0.4924280643463135,0.0024476051330566406,0.4899822846055031,-1.928041934967041,-2.0098137855529785,0.08177156001329422
160.8206507954517,0.488800048828125,0.49367642402648926,0.0024504661560058594,0.4912283569574356,-1.9267935752868652,-2.0098109245300293,0.08301763236522675
160.9216760542098,0.4900054931640625,0.4949284791946411,0.0024547576904296875,0.492475762963295,-1.9255415201187134,-2.0098066329956055,0.08426503837108612
161.02270710739936,0.49121856689453125,0.4961782693862915,0.0024564266204833984,0.4937240853905678,-1.924291729927063,-2.0098049640655518,0.08551336079835892
161.12374350623608,0.49242401123046875,0.497433066368103,0.0024619102478027344,0.49497342109680176,-1.9230369329452515,-2.0097994804382324,0.0867626965045929
161.22478848101971,0.4936370849609375,0.4986872673034668,0.002465486526489258,0.49622398614883423,-1.9217827320098877,-2.009795904159546,0.08801326155662537
161.32584224125492,0.494842529296875,0.4999423027038574,0.0024690628051757812,0.4974753260612488,-1.920527696609497,-2.0097923278808594,0.08926460146903992
161.42690065086498,0.49605560302734375,0.5011978149414062,0.002472400665283203,0.4987276718020439,-1.9192721843719482,-2.009788990020752,0.09051694720983505
161.52796692583283,0.49727630615234375,0.5024538040161133,0.002475261688232422,0.49998073279857635,-1.9180161952972412,-2.0097861289978027,0.09177000820636749
161.62904097462652,0.4984893798828125,0.5037103891372681,0.0024776458740234375,0.5012348741292953,-1.9167596101760864,-2.0097837448120117,0.09302414953708649
161.73012196736255,0.49970245361328125,0.5049699544906616,0.0024824142456054688,0.5024897530674934,-1.9155000448226929,-2.0097789764404297,0.09427902847528458
161.831208281114,0.5009231567382812,0.5062295198440552,0.0024857521057128906,0.5037457793951035,-1.9142404794692993,-2.0097756385803223,0.09553505480289459
161.93230215262037,0.5021438598632812,0.5074889659881592,0.0024886131286621094,0.5050026178359985,-1.9129810333251953,-2.009772777557373,0.09679189324378967
162.03340196763602,0.5033645629882812,0.508751392364502,0.0024929046630859375,0.5062605515122414,-1.9117186069488525,-2.009768486022949,0.0980498269200325
162.13450843184236,0.5045928955078125,0.5100141763687134,0.002496480941772461,0.5075198262929916,-1.9104558229446411,-2.0097649097442627,0.09930910170078278
162.23562222340985,0.5058135986328125,0.5112775564193726,0.0024995803833007812,0.5087802335619926,-1.909192442893982,-2.0097618103027344,0.10056950896978378
162.33674261077553,0.5070419311523438,0.5125420093536377,0.00250244140625,0.5100418403744698,-1.9079279899597168,-2.009758949279785,0.1018311157822609
162.4378700687405,0.508270263671875,0.513809084892273,0.0025064945220947266,0.5113046914339066,-1.9066609144210815,-2.0097548961639404,0.10309396684169769
162.53900387515134,0.5094985961914062,0.5150765180587769,0.002509593963623047,0.5125691592693329,-1.9053934812545776,-2.009751796722412,0.10435843467712402
162.64014406498882,0.5107269287109375,0.5163459777832031,0.002513408660888672,0.5138347670435905,-1.9041240215301514,-2.0097479820251465,0.10562404245138168
162.74129214175935,0.511962890625,0.5176149606704712,0.0025153160095214844,0.5151019245386124,-1.9028550386428833,-2.0097460746765137,0.1068911999464035
162.8424449997935,0.5131912231445312,0.5188882350921631,0.0025196075439453125,0.5163707733154297,-1.9015817642211914,-2.00974178314209,0.10816004872322083
162.94360353607436,0.5144271850585938,0.5201619863510132,0.0025234222412109375,0.5176407843828201,-1.9003080129623413,-2.009737968444824,0.10943005979061127
163.04477018482973,0.5156631469726562,0.5214366912841797,0.0025267601013183594,0.518912136554718,-1.8990333080291748,-2.009734630584717,0.11070141196250916
163.14594284787003,0.5168991088867188,0.5227128267288208,0.0025300979614257812,0.5201848894357681,-1.8977571725845337,-2.0097312927246094,0.11197416484355927
163.24712165635614,0.5181427001953125,0.5239896774291992,0.002532958984375,0.5214587226510048,-1.8964803218841553,-2.00972843170166,0.11324799805879593
163.34830668523045,0.5193862915039062,0.5252671241760254,0.0025358200073242188,0.5227336212992668,-1.895202875137329,-2.009725570678711,0.11452289670705795
163.44949867492744,0.5206222534179688,0.526545524597168,0.0025382041931152344,0.5240093544125557,-1.8939244747161865,-2.00972318649292,0.11579862982034683
163.55069557740356,0.5218658447265625,0.5278270244598389,0.0025429725646972656,0.5252861008048058,-1.8926429748535156,-2.009718418121338,0.1170753762125969
163.65189986654352,0.5231170654296875,0.529106616973877,0.0025453567504882812,0.5265633091330528,-1.8913633823394775,-2.009716033935547,0.11835258454084396
163.75311037556602,0.5243606567382812,0.5303884744644165,0.002549409866333008,0.5278411731123924,-1.890081524848938,-2.009711980819702,0.11963044852018356
163.85432527841428,0.5256118774414062,0.531670093536377,0.0025527477264404297,0.5291193127632141,-1.8887999057769775,-2.0097086429595947,0.12090858817100525
163.95554904447403,0.5268630981445312,0.532951831817627,0.0025560855865478516,0.5303977876901627,-1.8875181674957275,-2.0097053050994873,0.1221870630979538
164.0567772867932,0.5281143188476562,0.5342345237731934,0.002560138702392578,0.5316763073205948,-1.8862354755401611,-2.0097012519836426,0.12346558272838593
164.15801176144362,0.5293655395507812,0.5355160236358643,0.002562999725341797,0.5329551324248314,-1.8849539756774902,-2.0096983909606934,0.12474440783262253
164.2592509634895,0.5306167602539062,0.5367977619171143,0.002566099166870117,0.5342337638139725,-1.8836722373962402,-2.009695291519165,0.1260230392217636
164.36049834882823,0.5318756103515625,0.5380791425704956,0.002568960189819336,0.5355123281478882,-1.8823908567428589,-2.009692430496216,0.12730160355567932
164.4617495654469,0.5331268310546875,0.5393496751785278,0.0025720596313476562,0.536779910326004,-1.8811203241348267,-2.0096893310546875,0.12856918573379517
164.56300834743004,0.5343856811523438,0.5406198501586914,0.0025758743286132812,0.538046270608902,-1.879850149154663,-2.009685516357422,0.12983554601669312
164.66427169878858,0.5356521606445312,0.5418894290924072,0.002579212188720703,0.5393124222755432,-1.8785805702209473,-2.0096821784973145,0.13110169768333435
164.7655413623755,0.5369110107421875,0.5431586503982544,0.002582073211669922,0.5405785441398621,-1.8773113489151,-2.0096793174743652,0.1323678195476532
164.8668173900876,0.538177490234375,0.5444281101226807,0.0025854110717773438,0.5418449342250824,-1.8760418891906738,-2.009675979614258,0.13363420963287354
164.96809783046595,0.5394363403320312,0.5456980466842651,0.002588510513305664,0.5431115329265594,-1.8747719526290894,-2.0096728801727295,0.13490080833435059
165.0693853462397,0.5407028198242188,0.5469667911529541,0.002590179443359375,0.5443789511919022,-1.8735032081604004,-2.009671211242676,0.1361682265996933
165.17067781765235,0.5419692993164062,0.5482398271560669,0.0025947093963623047,0.5456472784280777,-1.8722301721572876,-2.009666681289673,0.13743655383586884
165.27197577198578,0.543243408203125,0.5495123863220215,0.0025980472564697266,0.5469166338443756,-1.870957612991333,-2.0096633434295654,0.13870590925216675
165.37327869939253,0.5445098876953125,0.5507869720458984,0.00260162353515625,0.5481875836849213,-1.869683027267456,-2.009659767150879,0.1399768590927124
165.47458900273085,0.5457839965820312,0.5520627498626709,0.0026040077209472656,0.5494606494903564,-1.8684072494506836,-2.009657382965088,0.14124992489814758
165.57590350564357,0.54705810546875,0.5533406734466553,0.0026068687438964844,0.5507358908653259,-1.8671293258666992,-2.0096545219421387,0.14252516627311707
165.67722373825063,0.5483322143554688,0.5546233654022217,0.002611398696899414,0.552014172077179,-1.8658466339111328,-2.0096499919891357,0.1438034474849701
165.77854944375326,0.5496063232421875,0.5559068918228149,0.0026133060455322266,0.5532958060503006,-1.8645631074905396,-2.009648084640503,0.14508508145809174
165.87988023164286,0.5508880615234375,0.5571942329406738,0.002615213394165039,0.5545812398195267,-1.8632757663726807,-2.00964617729187,0.1463705152273178
165.98121631401676,0.5521621704101562,0.5584883689880371,0.0026192665100097656,0.5558710396289825,-1.8619816303253174,-2.0096421241760254,0.14766031503677368
166.08255873819826,0.5534439086914062,0.5597872734069824,0.0026237964630126953,0.5571655631065369,-1.860682725906372,-2.0096375942230225,0.148954838514328
166.1839061924344,0.5547256469726562,0.5610895156860352,0.0026259422302246094,0.5584656000137329,-1.8593804836273193,-2.0096354484558105,0.15025487542152405
166.28525746941244,0.5560150146484375,0.5623987913131714,0.0026292800903320312,0.5597716271877289,-1.858071208000183,-2.009632110595703,0.15156090259552002
166.38661420923978,0.5572967529296875,0.5637136697769165,0.0026319026947021484,0.5610838085412979,-1.856756329536438,-2.009629487991333,0.15287308394908905
166.48797748814206,0.5585861206054688,0.5650341510772705,0.0026330947875976562,0.5624030530452728,-1.855435848236084,-2.0096282958984375,0.15419232845306396
166.58934520917248,0.55987548828125,0.5663659572601318,0.0026388168334960938,0.563729390501976,-1.8541040420532227,-2.009622573852539,0.15551866590976715
166.69071768065405,0.5611572265625,0.5677024126052856,0.002640962600708008,0.5650633871555328,-1.8527675867080688,-2.009620428085327,0.15685266256332397
166.79209506353558,0.5624542236328125,0.5690479278564453,0.002644777297973633,0.5664054155349731,-1.8514220714569092,-2.0096166133880615,0.15819469094276428
166.89347857420304,0.5637435913085938,0.5704010725021362,0.00264739990234375,0.5677559822797775,-1.8500689268112183,-2.0096139907836914,0.15954525768756866
166.9948664517038,0.5650405883789062,0.5717644691467285,0.002651214599609375,0.5691152215003967,-1.848705530166626,-2.009610176086426,0.16090449690818787
167.0962593565395,0.5663375854492188,0.5731335878372192,0.0026521682739257812,0.5704837143421173,-1.8473364114761353,-2.0096092224121094,0.16227298974990845
167.19765597434696,0.5676345825195312,0.5745159387588501,0.002656698226928711,0.5718612670898438,-1.8459540605545044,-2.0096046924591064,0.1636505424976349
167.29905941302596,0.5689315795898438,0.57590651512146,0.0026602745056152344,0.5732481926679611,-1.8445634841918945,-2.00960111618042,0.16503746807575226
167.40046698499646,0.5702285766601562,0.5773053169250488,0.00266265869140625,0.5746449530124664,-1.8431646823883057,-2.009598731994629,0.16643422842025757
167.50187878741045,0.571533203125,0.5787144899368286,0.0026650428771972656,0.576051339507103,-1.8417555093765259,-2.009596347808838,0.1678406149148941
167.60329597502246,0.5728378295898438,0.5801341533660889,0.002668619155883789,0.5774677246809006,-1.8403358459472656,-2.0095927715301514,0.1692570000886917
167.7047179309612,0.5741348266601562,0.5815632343292236,0.002671480178833008,0.5788936018943787,-1.8389067649841309,-2.009589910507202,0.1706828773021698
167.80614352048994,0.5754470825195312,0.583001971244812,0.002674579620361328,0.5803292691707611,-1.8374680280685425,-2.009586811065674,0.17211854457855225
167.90757430424225,0.576751708984375,0.5844502449035645,0.0026776790618896484,0.5817746818065643,-1.83601975440979,-2.0095837116241455,0.17356395721435547
168.00901130978986,0.57806396484375,0.5859075784683228,0.0026803016662597656,0.5832295417785645,-1.8345624208450317,-2.0095810890197754,0.1750188171863556
168.11045039396424,0.5793685913085938,0.5873755216598511,0.002683877944946289,0.5846937447786331,-1.8330944776535034,-2.009577512741089,0.17648302018642426
168.21189612331247,0.5806808471679688,0.5888501405715942,0.002685070037841797,0.5861672163009644,-1.8316198587417603,-2.0095763206481934,0.1779564917087555
168.31334436737507,0.5819931030273438,0.5903370380401611,0.002689838409423828,0.587649405002594,-1.8301329612731934,-2.0095715522766113,0.17943868041038513
168.41479829513716,0.58331298828125,0.5918306112289429,0.002691984176635742,0.5891406238079071,-1.8286393880844116,-2.0095694065093994,0.18092989921569824
168.51625660244883,0.584625244140625,0.5933332443237305,0.0026950836181640625,0.5906401425600052,-1.827136754989624,-2.009566307067871,0.18242941796779633
168.61771888648073,0.5859451293945312,0.594843864440918,0.0026979446411132812,0.5921482145786285,-1.8256261348724365,-2.009563446044922,0.18393748998641968
168.71918524853032,0.5872650146484375,0.5963633060455322,0.0027010440826416016,0.5936642587184906,-1.8241066932678223,-2.0095603466033936,0.18545353412628174
168.8206567510055,0.5885848999023438,0.5978899002075195,0.0027036666870117188,0.5951883345842361,-1.822580099105835,-2.0095577239990234,0.18697760999202728
168.92213139747145,0.58990478515625,0.5994250774383545,0.0027070045471191406,0.5967202931642532,-1.821044921875,-2.009554386138916,0.18850956857204437
169.02361146220142,0.5912322998046875,0.6009674072265625,0.0027093887329101562,0.5982600748538971,-1.819502592086792,-2.009552001953125,0.19004935026168823
169.1250952099106,0.5925521850585938,0.6025183200836182,0.0027124881744384766,0.599807858467102,-1.8179516792297363,-2.0095489025115967,0.1915971338748932
169.22658353790484,0.5938796997070312,0.6040771007537842,0.002715587615966797,0.6013637781143188,-1.8163928985595703,-2.0095458030700684,0.19315305352210999
169.32807516461074,0.5952072143554688,0.6056444644927979,0.0027184486389160156,0.6029278486967087,-1.8148255348205566,-2.009542942047119,0.19471712410449982
169.429571671374,0.5965347290039062,0.60721755027771,0.002719402313232422,0.6045001149177551,-1.8132524490356445,-2.0095419883728027,0.19628939032554626
169.53107203225218,0.597869873046875,0.6088025569915771,0.0027234554290771484,0.6060811430215836,-1.8116674423217773,-2.009537935256958,0.1978704184293747
169.63257573461073,0.5991973876953125,0.6103931665420532,0.0027244091033935547,0.6076709628105164,-1.8100768327713013,-2.0095369815826416,0.1994602382183075
169.73408359893966,0.6005325317382812,0.6119968891143799,0.002729177474975586,0.6092698723077774,-1.8084731101989746,-2.0095322132110596,0.20105914771556854
169.83559650187667,0.60186767578125,0.6136085987091064,0.0027327537536621094,0.6108780801296234,-1.806861400604248,-2.009528636932373,0.20266735553741455
169.93711197303338,0.6032028198242188,0.6152286529541016,0.002735137939453125,0.6124958693981171,-1.805241346359253,-2.009526252746582,0.2042851448059082
170.03863101776506,0.6045455932617188,0.616858720779419,0.002737283706665039,0.614123523235321,-1.8036112785339355,-2.00952410697937,0.20591279864311218
170.14015503708595,0.6058807373046875,0.6185003519058228,0.0027408599853515625,0.6157613843679428,-1.8019696474075317,-2.0095205307006836,0.20755065977573395
170.24168214610597,0.6072235107421875,0.6201505661010742,0.0027434825897216797,0.6174091398715973,-1.8003194332122803,-2.0095179080963135,0.20919841527938843
170.34321411828282,0.6085662841796875,0.6218105554580688,0.0027456283569335938,0.61906698346138,-1.7986594438552856,-2.0095157623291016,0.21085625886917114
170.44474828485582,0.6099090576171875,0.623482346534729,0.002749204635620117,0.620735228061676,-1.7969876527786255,-2.009512186050415,0.21252450346946716
170.54628766588885,0.6112594604492188,0.6251628398895264,0.002751588821411133,0.6224134713411331,-1.7953071594238281,-2.009509801864624,0.21420274674892426
170.6478290721562,0.6126022338867188,0.6268541812896729,0.002754688262939453,0.6241017132997513,-1.7936158180236816,-2.0095067024230957,0.21589098870754242
170.7493746135054,0.61395263671875,0.6285548210144043,0.0027570724487304688,0.6257997453212738,-1.7919151782989502,-2.0095043182373047,0.21758902072906494
170.85092400330927,0.6153030395507812,0.6302628517150879,0.0027577877044677734,0.6275072395801544,-1.7902071475982666,-2.0095036029815674,0.21929651498794556
170.95247666044045,0.6166534423828125,0.6319844722747803,0.0027627944946289062,0.629223957657814,-1.7884855270385742,-2.0094985961914062,0.22101323306560516
171.05403280571804,0.618011474609375,0.633712887763977,0.002765655517578125,0.630949392914772,-1.7867571115493774,-2.009495735168457,0.22273866832256317
171.15559192835798,0.6193618774414062,0.6354490518569946,0.0027680397033691406,0.6326831728219986,-1.7850209474563599,-2.009493350982666,0.22447244822978973
171.25715510036326,0.6207199096679688,0.6371932029724121,0.0027709007263183594,0.6344243884086609,-1.7832767963409424,-2.009490489959717,0.22621366381645203
171.35872153110324,0.6220779418945312,0.6389439105987549,0.002772808074951172,0.6361733376979828,-1.7815260887145996,-2.009488582611084,0.22796261310577393
171.4602910538914,0.6234359741210938,0.640702486038208,0.0027761459350585938,0.6379286348819733,-1.7797675132751465,-2.0094852447509766,0.2297179102897644
171.5618643868628,0.6247940063476562,0.6424667835235596,0.002778768539428711,0.6396901607513428,-1.778003215789795,-2.0094826221466064,0.2314794361591339
171.66344040253858,0.62615966796875,0.6442360877990723,0.002780914306640625,0.64145727455616,-1.7762339115142822,-2.0094804763793945,0.2332465499639511
171.7650199387964,0.6275177001953125,0.6460108757019043,0.0027837753295898438,0.6432292759418488,-1.7744591236114502,-2.0094776153564453,0.2350185513496399
171.86660205779944,0.6288833618164062,0.647789716720581,0.0027861595153808594,0.6450057774782181,-1.7726802825927734,-2.0094752311706543,0.23679505288600922
171.9681874198503,0.6302490234375,0.6495734453201294,0.0027892589569091797,0.6467861235141754,-1.770896553993225,-2.009472131729126,0.23857539892196655
172.06977632465893,0.631622314453125,0.6513603925704956,0.002791881561279297,0.6485705673694611,-1.7691096067428589,-2.009469509124756,0.2403598427772522
172.17136888045104,0.6329879760742188,0.6531510353088379,0.002794504165649414,0.6503584384918213,-1.7673189640045166,-2.0094668865203857,0.24214771389961243
172.27296280623952,0.6343612670898438,0.6549443006515503,0.002796649932861328,0.6521497070789337,-1.7655256986618042,-2.009464740753174,0.24393898248672485
172.37456080306254,0.6357269287109375,0.6567404270172119,0.0027976036071777344,0.6539447903633118,-1.7637295722961426,-2.0094637870788574,0.2457340657711029
172.47616110215543,0.6371002197265625,0.6585434675216675,0.002802133560180664,0.6557435244321823,-1.761926531791687,-2.0094592571258545,0.24753279983997345
172.5777646216098,0.6384811401367188,0.6603479385375977,0.002803802490234375,0.6575464755296707,-1.7601220607757568,-2.009457588195801,0.24933575093746185
172.6793715087043,0.6398544311523438,0.6621572971343994,0.0028052330017089844,0.65935418009758,-1.758312702178955,-2.009456157684326,0.2511434555053711
172.78098009260395,0.6412353515625,0.6639752388000488,0.0028100013732910156,0.6611673533916473,-1.7564947605133057,-2.009451389312744,0.2529566287994385
172.8825923842278,0.6426162719726562,0.665797233581543,0.0028121471405029297,0.6629872024059296,-1.7546727657318115,-2.0094492435455322,0.2547764778137207
172.984206725869,0.6439971923828125,0.6676263809204102,0.0028142929077148438,0.6648143827915192,-1.7528436183929443,-2.0094470977783203,0.2566036581993103
173.0858251042116,0.6453781127929688,0.6694654226303101,0.0028171539306640625,0.666650265455246,-1.7510045766830444,-2.009444236755371,0.2584395408630371
173.1874448106622,0.646759033203125,0.6713132858276367,0.002819538116455078,0.6684957444667816,-1.7491567134857178,-2.00944185256958,0.26028501987457275
173.28906713983588,0.6481475830078125,0.6731715202331543,0.002822399139404297,0.6703514754772186,-1.7472984790802002,-2.009438991546631,0.26214075088500977
173.39069280611133,0.6495285034179688,0.6750414371490479,0.002825021743774414,0.6722184717655182,-1.7454285621643066,-2.0094363689422607,0.2640077471733093
173.49232011235893,0.6509170532226562,0.6769195795059204,0.0028252601623535156,0.6740964949131012,-1.743550419807434,-2.0094361305236816,0.26588577032089233
173.5939499765186,0.652313232421875,0.6788121461868286,0.0028295516967773438,0.675984799861908,-1.7416578531265259,-2.009431838989258,0.2677740752696991
173.69558345251266,0.6537017822265625,0.6807118654251099,0.0028319358825683594,0.6778821051120758,-1.7397581338882446,-2.009429454803467,0.26967138051986694
173.79721844667097,0.65509033203125,0.6826171875,0.002834796905517578,0.6797844469547272,-1.7378528118133545,-2.0094265937805176,0.2715737223625183
173.89885640470933,0.6564865112304688,0.6845211982727051,0.0028357505798339844,0.6816875636577606,-1.7359488010406494,-2.009425640106201,0.27347683906555176
174.00049604503462,0.6578826904296875,0.686421275138855,0.002839326858520508,0.6835842430591583,-1.7340487241744995,-2.0094220638275146,0.27537351846694946
174.10213829753062,0.6592788696289062,0.6883013248443604,0.0028395652770996094,0.6854639947414398,-1.7321686744689941,-2.0094218254089355,0.27725327014923096
174.2037823454849,0.6606826782226562,0.6901562213897705,0.0028443336486816406,0.6873140037059784,-1.730313777923584,-2.0094170570373535,0.27910327911376953
174.30542867532384,0.662078857421875,0.6919615268707275,0.0028460025787353516,0.6891175806522369,-1.728508472442627,-2.0094153881073,0.2809068560600281
174.40707830452962,0.663482666015625,0.6937012672424316,0.0028498172760009766,0.6908538043498993,-1.7267687320709229,-2.009411573410034,0.28264307975769043
174.50872890641932,0.664886474609375,0.6953485012054443,0.0028514862060546875,0.692499190568924,-1.7251214981079102,-2.0094099044799805,0.2842884659767151
174.61038244888672,0.666290283203125,0.6968774795532227,0.0028533935546875,0.6940259337425232,-1.7235925197601318,-2.0094079971313477,0.28581520915031433
174.7120378004987,0.667694091796875,0.6982588768005371,0.0028557777404785156,0.695405125617981,-1.7222111225128174,-2.0094056129455566,0.2871944010257721
174.81369482525056,0.669097900390625,0.6994627714157104,0.002857208251953125,0.6966077983379364,-1.721007227897644,-2.009404182434082,0.28839707374572754
174.9153543833807,0.6705093383789062,0.7004643678665161,0.002860546112060547,0.6976059079170227,-1.7200056314468384,-2.0094008445739746,0.28939518332481384
175.01701566001077,0.6719207763671875,0.7012361288070679,0.002861499786376953,0.6983768045902252,-1.7192338705062866,-2.009399890899658,0.29016607999801636
175.1186788679967,0.6733322143554688,0.7017672061920166,0.0028655529022216797,0.6989036202430725,-1.718702793121338,-2.0093958377838135,0.29069289565086365
175.22034345314052,0.67474365234375,0.7020430564880371,0.002868175506591797,0.6991769671440125,-1.7184269428253174,-2.0093932151794434,0.2909662425518036
175.3220108157151,0.6761627197265625,0.7020626068115234,0.002868175506591797,0.6991965472698212,-1.718407392501831,-2.0093932151794434,0.2909858226776123
175.42367931528767,0.6775741577148438,0.7018399238586426,0.002872467041015625,0.6989694535732269,-1.718630075454712,-2.0093889236450195,0.29075872898101807
175.52534916013076,0.6789932250976562,0.7013816833496094,0.002874612808227539,0.6985091269016266,-1.7190883159637451,-2.0093867778778076,0.2902984023094177
175.62702166655427,0.6804122924804688,0.7007066011428833,0.0028755664825439453,0.6978332698345184,-1.7197633981704712,-2.009385824203491,0.28962254524230957
175.72869559360532,0.6818313598632812,0.6998379230499268,0.0028769969940185547,0.6969630420207977,-1.7206320762634277,-2.0093843936920166,0.28875231742858887
175.83037093171646,0.683258056640625,0.6987996101379395,0.0028815269470214844,0.6959201097488403,-1.721670389175415,-2.0093798637390137,0.28770938515663147
175.93204839328183,0.6846771240234375,0.6976070404052734,0.0028836727142333984,0.6947254538536072,-1.722862958908081,-2.0093777179718018,0.2865147292613983
176.03372721364227,0.6861038208007812,0.6962836980819702,0.0028862953186035156,0.6933996677398682,-1.7241863012313843,-2.0093750953674316,0.2851889431476593
176.13540698662487,0.687530517578125,0.6948471069335938,0.0028879642486572266,0.6919614374637604,-1.7256228923797607,-2.009373426437378,0.2837507128715515
176.23708850232077,0.6889572143554688,0.6933168172836304,0.0028908252716064453,0.6904280781745911,-1.7271531820297241,-2.0093705654144287,0.2822173535823822
176.3387720572502,0.6903915405273438,0.691706657409668,0.0028934478759765625,0.6888153851032257,-1.7287633419036865,-2.0093679428100586,0.28060466051101685
176.44045645461543,0.6918182373046875,0.6900299787521362,0.002894878387451172,0.6871373355388641,-1.7304400205612183,-2.009366512298584,0.2789266109466553
176.54214257203932,0.6932525634765625,0.6883022785186768,0.002897500991821289,0.6854070127010345,-1.7321677207946777,-2.009363889694214,0.2771962881088257
176.6438292516362,0.6946868896484375,0.6865332126617432,0.002899646759033203,0.6836357414722443,-1.7339367866516113,-2.009361743927002,0.2754250168800354
176.74551807735176,0.6961212158203125,0.6847320795059204,0.002899646759033203,0.6818344593048096,-1.735737919807434,-2.009361743927002,0.2736237347126007
176.8472078549337,0.6975555419921875,0.6829136610031128,0.002903461456298828,0.6800124049186707,-1.7375563383102417,-2.0093579292297363,0.2718016803264618
176.9488988639202,0.6989974975585938,0.6810822486877441,0.002906322479248047,0.6781780421733856,-1.7393877506256104,-2.009355068206787,0.26996731758117676
177.05059121641742,0.700439453125,0.679244875907898,0.0029082298278808594,0.6763388216495514,-1.7412251234054565,-2.0093531608581543,0.26812809705734253
177.1522844864499,0.7018814086914062,0.6774072647094727,0.0029082298278808594,0.6745009422302246,-1.7430627346038818,-2.0093531608581543,0.26629021763801575
177.25397888445178,0.7033233642578125,0.6755805015563965,0.0029125213623046875,0.6726701259613037,-1.744889497756958,-2.0093488693237305,0.26445940136909485
177.35567459240258,0.7047653198242188,0.6737618446350098,0.0029129981994628906,0.6708512008190155,-1.7467081546783447,-2.0093483924865723,0.26264047622680664
177.45737044221912,0.706207275390625,0.6719622611999512,0.002916574478149414,0.6690477728843689,-1.7485077381134033,-2.0093448162078857,0.26083704829216003
177.55906802703342,0.7076568603515625,0.6701779365539551,0.0029168128967285156,0.6672632098197937,-1.7502920627593994,-2.0093445777893066,0.25905248522758484
177.66076688105957,0.7091064453125,0.668418288230896,0.002920866012573242,0.6654994785785675,-1.7520517110824585,-2.009340524673462,0.25728875398635864
177.76246648578018,0.7105560302734375,0.6666779518127441,0.0029211044311523438,0.6637586951255798,-1.7537920475006104,-2.009340286254883,0.25554797053337097
177.86416621193723,0.712005615234375,0.6649646759033203,0.002924680709838867,0.6620422005653381,-1.7555053234100342,-2.0093367099761963,0.2538314759731293
177.96586730385985,0.7134628295898438,0.6632740497589111,0.002925395965576172,0.6603507399559021,-1.7571959495544434,-2.009335994720459,0.25214001536369324
178.06756905668627,0.7149124145507812,0.6616113185882568,0.0029287338256835938,0.6586846709251404,-1.7588586807250977,-2.0093326568603516,0.2504739463329315
178.16927172643153,0.71636962890625,0.6599733829498291,0.0029311180114746094,0.6570444405078888,-1.7604966163635254,-2.0093302726745605,0.24883371591567993
178.27097481822068,0.7178268432617188,0.6583609580993652,0.002933502197265625,0.6554297655820847,-1.7621090412139893,-2.0093278884887695,0.2472190409898758
178.37267841937322,0.7192840576171875,0.6567739248275757,0.0029354095458984375,0.6538407206535339,-1.7636960744857788,-2.0093259811401367,0.24562999606132507
178.47438297630066,0.7207489013671875,0.6552122831344604,0.00293731689453125,0.6522770375013351,-1.765257716178894,-2.009324073791504,0.24406631290912628
178.57608857194631,0.7222061157226562,0.6536763906478882,0.0029392242431640625,0.6507390439510345,-1.7667936086654663,-2.009322166442871,0.24252831935882568
178.67779393829719,0.7236709594726562,0.6521644592285156,0.0029397010803222656,0.6492269337177277,-1.7683055400848389,-2.009321689605713,0.2410162091255188
178.779500154409,0.7251358032226562,0.6506810188293457,0.0029413700103759766,0.6477416306734085,-1.7697889804840088,-2.009320020675659,0.23953090608119965
178.88120657615366,0.7266006469726562,0.6492282152175903,0.002945423126220703,0.6462849080562592,-1.7712417840957642,-2.0093159675598145,0.2380741834640503
178.98291425855604,0.7280731201171875,0.6478040218353271,0.0029468536376953125,0.6448591202497482,-1.7726659774780273,-2.00931453704834,0.23664839565753937
179.08462117128275,0.7295379638671875,0.6464160680770874,0.0029497146606445312,0.6434683948755264,-1.774053931236267,-2.0093116760253906,0.23525767028331757
179.18632905033516,0.7310104370117188,0.6450673341751099,0.0029511451721191406,0.6421182453632355,-1.7754026651382446,-2.009310245513916,0.2339075207710266
179.28803729960808,0.73248291015625,0.6437667608261108,0.00295257568359375,0.6408161222934723,-1.7767032384872437,-2.0093088150024414,0.23260539770126343
179.38974618138226,0.7339553833007812,0.6425243616104126,0.0029544830322265625,0.6395719647407532,-1.777945637702942,-2.0093069076538086,0.2313612401485443
179.4914545037902,0.7354278564453125,0.6413546800613403,0.0029573440551757812,0.63839952647686,-1.7791153192520142,-2.0093040466308594,0.23018880188465118
179.59316320357118,0.736907958984375,0.6402709484100342,0.002956390380859375,0.6373165547847748,-1.7801990509033203,-2.009305000305176,0.22910583019256592
179.69487243785608,0.7383880615234375,0.639307975769043,0.002960205078125,0.6363497376441956,-1.7811620235443115,-2.00930118560791,0.2281390130519867
179.7965817417909,0.7398681640625,0.6385029554367065,0.002962350845336914,0.6355426758527756,-1.781967043876648,-2.0092990398406982,0.2273319512605667
179.89829062422064,0.7413482666015625,0.6379344463348389,0.0029642581939697266,0.6349724680185318,-1.7825355529785156,-2.0092971324920654,0.22676174342632294
180.0,0.742828369140625,0.6377201080322266,0.0029659271240234375,0.6347561329603195,-1.782749891281128,-2.0092954635620117,0.22654540836811066
