step,epoch_est,q0_mean,q0_std,q1_norm_mean,q2_norm_mean,sr_energy_sum,lr_energy_sum
4000,2.0,-0.05782079764717692,0.04646270069954309,3.135000036964377e-05,1.766921643309007e-05,-2.5780784785848,2.655148252844
8000,4.0,0.04520369722337923,0.07166066345820046,0.001025909334995904,0.001055908632563694,-1.8693658411510001,1.724877864137
12000,6.0,-0.09371255882711539,0.11385799280598827,0.0026045890741639125,0.0018056045496828619,-2.124008372409,1.35860273987
16000,8.0,0.019011000028,0.09160551087746123,0.0038752409120795897,0.003085407279031121,-1.108905076979,1.264163948594
20000,10.0,0.07138582720187693,0.1449067734080831,0.003705634784827845,0.003229260652169391,-0.609889104944,1.006592363119
24000,12.0,0.003998732624153845,0.06246732635255885,0.004466206016273755,0.005539666018871205,-1.155557319512,0.904327422381
28000,14.0,-0.00524309859158,0.01633468484922629,0.003962274523511342,0.006173048085856076,-0.35320392252699995,0.700698606668
32000,16.0,0.044812691326299996,0.022504656745253607,0.0041235216144904375,0.0055760697291853635,0.092672213906,0.604325696826
36000,18.0,0.061237424920906156,0.10320607252923804,0.005939413074715474,0.008544259695275083,-0.2902540564647099,0.558191731572
40000,20.0,0.013832634458076924,0.028552057725115893,0.007164086418310632,0.009643591222458454,-0.728532865645,0.58215334639
44000,22.0,-0.06474076096846154,0.6164683009094153,0.04202726542126449,0.07016064562450336,-1.2013727724632,0.681784704326
48000,24.0,-0.04600943166461539,0.2585050314643216,0.08853110327047017,0.1313649087415304,0.21582132577000002,0.2797892689711
52000,26.0,0.09166623308076924,0.5650350875711769,0.12390648042400382,0.27872925424374606,0.18677929044019997,0.0617686598544
56000,28.0,0.051191373513846145,0.590006851257514,0.2435772044963009,0.5337565615642877,-0.06755322217600002,-0.1816193195988
60000,30.0,0.15673497204692308,0.6061643759000247,0.20383410581224087,0.41065998235945933,0.5980548411612999,-0.2164531913574
64000,32.0,0.11241755118846154,0.5696878773700886,0.30330626432251373,0.6260251702863846,0.303742259733,-0.2685585990553
68000,34.0,0.12885786134461538,0.607589046710369,0.2894644142487379,0.6503879119337055,0.369575306783,-0.25653972663
72000,36.0,0.20765438418015383,0.49079961160061847,0.39576581617737416,0.842644737449276,0.48058719933278,-0.4240980464964
76000,38.0,0.19623736564384617,0.37890181141554835,0.2370470328316895,0.5739349492169235,0.244067624214,-0.4106686394738
80000,40.0,0.24182684533176924,0.20812805776477994,0.320698331907285,0.7482240264277823,0.5018449127681999,-0.307378720494
84000,42.0,0.17506506856433848,0.2958842840081847,0.3366202677904362,0.8249317364993237,0.561219632633,-0.36124775558919997
88000,44.0,0.21181896500808461,0.3562390122897158,0.3277298423586594,0.7493542290361442,0.7521574348182,-0.4079533908565
92000,46.0,0.20056809012092308,0.3428671994300844,0.45631685466730487,0.9938638571127243,0.7976707369089999,-0.441667992619
96000,48.0,0.27681082902661536,0.3004417179074548,0.3671465330553442,0.8231472455681493,0.4946697652361,-0.4443520507856
100000,50.0,0.3527722828661538,0.15073106051407345,0.4109706816026183,0.9448739739021131,0.712931543594,-0.57417699217703
104000,52.0,0.42229896669123074,0.2675838188322711,0.46971866839189386,1.0408503209236877,0.6777622848739999,-0.55513682292626
108000,54.0,0.505009875846923,0.2114517010436658,0.320524013580521,0.6257314328505656,0.8993156701323,-0.56071167002865
112000,56.0,0.5847109006007692,0.22157212923373953,0.4065260615590974,0.8552903181540514,0.829485759147,-0.6641225991842
116000,58.0,0.4221091287653846,0.22826079314356604,0.3944268263117697,0.8659077276617533,0.78949327766,-0.6663606676760999
120000,60.0,0.5666690308315385,0.08982797592983746,0.39271195688799565,0.9470895865273398,0.997297167776,-0.7046236735688
124000,62.0,0.6766104147984616,0.1388503660061763,0.7335455789214577,1.8124963948505224,0.7649583667621,-0.628509907271892
128000,64.0,0.4658749928838462,0.10808381721099367,0.41727472500323937,1.0094267606080556,0.880405560141,-0.7503442564014
132000,66.0,0.4615642726438462,0.11777609307281338,0.43858105024214694,1.135254059335177,0.85203301905937,-0.6372613329473
136000,68.0,0.3539752066141538,0.20468952267049387,0.45099786912604356,1.0281721407908482,0.990748286241,-0.5544188870172
140000,70.0,0.45601099500076925,0.10355924074502086,0.5217875165838259,1.204331504938008,0.7726781666179,-0.5711672413103
144000,72.0,0.4204973005330769,0.39301727003184583,0.34999543275361095,0.9938297499132067,0.710975334045,-0.6211917959121
148000,74.0,0.5462921032546154,0.2793063284743877,0.5774938538775332,1.4712360002304845,0.5923108309524,-0.6712951320271999
152000,76.0,0.24810045499,0.4529179225700303,0.4829285176245732,1.3125856318175733,0.90566088259,-0.58976147719633
156000,78.0,0.26914495057823073,0.25712800611967324,0.45676992601789934,1.1485997807450423,1.020182415848,-0.67981976922529
160000,80.0,0.41824131287076927,0.46189104778284806,0.4846465920707954,1.3147584095987566,0.5618127584304,-0.5823431171022
164000,82.0,0.49022573232769234,0.5053982751800798,0.5501297453484256,1.2958703027319047,1.14806112647,-0.6207875106542
168000,84.0,0.35197727497000003,0.47735140251488467,0.5307298951193281,1.668114972163592,0.8851630240649999,-0.7516550074766
172000,86.0,0.2044916519846154,0.9419876069177482,0.42734400220336133,1.0799165241967064,0.8462959230089999,-0.6481808144524001
176000,88.0,0.2729720794269231,0.9053215824824914,0.5010064742890555,1.352364748026087,0.913571491851,-0.66874616627637
180000,90.0,0.2834911621538461,0.6752527642712807,0.46655839033025676,1.2004162899762976,0.956403523675,-0.678410487258
184001,92.0005,0.2911948149015385,0.5834908476524691,0.5287798305162386,1.2558582885528542,0.961119428272,-0.74130724813215
188001,94.0005,0.2853794556392308,0.6180603114651817,0.536929576138161,1.3309239004647329,0.708857282988,-0.5180979480526999
192001,96.0005,0.3244983714369231,0.5207628696355071,0.4821547269020669,1.2476611484605327,0.986270233996,-0.6321859853312
196001,98.0005,0.2872337698930769,0.7817754211589955,0.4088283719204512,1.1246617979529145,0.973212569942,-0.6442082847917999
200001,100.0005,0.38435667294692305,0.6249182918918093,0.5310644188415694,1.276615349370451,0.825619816786,-0.6232225713291
204002,102.001,0.2627137395,0.8882841862901173,0.5975999868246583,1.5560228163870795,0.659793540843,-0.5643146495016099
208002,104.001,0.19247575907000003,0.9553988266263086,0.6912069461021684,1.9151229697329664,0.6415335088909999,-0.6093201078458
212002,106.001,0.21588721184076926,0.9432330407433279,0.6174055004926143,1.5791995685225684,0.6030626147929999,-0.5790400137103
216002,108.001,0.26911899218230767,0.6671043423582345,0.5039031755557933,1.382596993292641,0.581266194598,-0.37685132399099996
220002,110.001,0.13858741980769235,1.1956295506068482,0.4576483476150469,1.158484252548977,0.448698490848,-0.310116287314
224002,112.001,0.2911532658807693,0.7712596015478588,0.48406506289736123,1.377743235845355,0.52931429446,-0.484306467688
228002,114.001,0.26475137471615384,0.9291239913789943,0.47033496033651395,1.296034621653105,0.26727946102850003,-0.399072747665
232002,116.001,0.23407783416000003,1.0723971913793562,0.44955982296960195,1.2563648319682028,0.591967090954,-0.485843257048
236002,118.001,0.25911957941846153,1.0561653232173367,0.4960891905507908,1.1953475413531902,0.592048853623,-0.49055709502999995
240002,120.001,0.3013417766669231,1.1784779638486869,0.4185494659048393,1.0559683894420149,0.734896436329,-0.48622479010499997
244002,122.001,0.19934816084615387,1.3053728383835737,0.5214962544736431,1.4815847238606483,0.660349309431,-0.398300169031
248002,124.001,0.36850051695846153,0.9956351852351678,0.6494840292036611,1.7531613614275565,0.438289016477,-0.41919937543499997
252002,126.001,0.15003761879230768,1.4049623658712929,0.47018269385137407,1.5031372095898303,0.749267950646,-0.520749717947
256002,128.001,0.19486230153076922,1.322582307245835,0.6659626344134258,1.870556168276011,0.494305700051,-0.419655833386
260002,130.001,0.3209337087692308,1.21948776549298,0.5040236164903291,1.39310288651675,0.38435477018959996,-0.30800003185600006
264002,132.001,0.30377759841384616,1.0607510680082257,0.5869431983721458,1.657782674591877,0.5573008954559999,-0.4980689603849999
268002,134.001,0.2673542178638461,1.1856165189997316,0.4941145773980801,1.2836412508214272,0.653338938951,-0.483446087688
272002,136.001,0.1257688540607692,1.2944390902647485,0.4108566226667546,1.0828762984790488,0.8870041817500001,-0.561224251985
276002,138.001,0.3136220757807692,0.9811964247478181,0.5634740857337124,1.508783816125183,0.63013586401,-0.5511973295420001
280002,140.001,0.27547423656846154,1.0604805060677351,0.521974070846574,1.564986654835895,0.786953151223,-0.569998454306
284002,142.001,0.05456143160076924,1.3857988627859539,0.5062059556078938,1.5230824270400154,0.936439752589,-0.620337527245
288002,144.001,0.15319762320769229,1.2738979070316117,0.5129790967034125,1.3197092096940788,0.7960073500939999,-0.4867569282609999
292002,146.001,0.13432162081615384,1.3634564995571836,0.4652158657223714,1.236877413177581,0.668820574877,-0.6158934775810001
296002,148.001,0.18323752973384616,1.3087625559997214,0.5006390860628609,1.3632445162504068,0.6584957391090001,-0.569003228088
300002,150.001,0.17439342003846156,1.1790790621188247,0.4993470204376939,1.4058316077575101,0.9189122021277001,-0.4957347288630001
304002,152.001,0.10867123879384614,1.3234170343775393,0.6108954156701087,1.6766501348966592,0.7972364723740001,-0.5730213485610001
308003,154.0015,0.04000626619000002,1.2337907076458317,0.5414142001962026,1.526007756538526,0.66927260158,-0.6226602848639999
312004,156.002,0.12922424995153847,1.3114522232762855,0.557845578070888,1.466088741627122,0.824240595101,-0.505839321767
316004,158.002,0.02992171049230768,1.367763567293881,0.5568667124514319,1.5956821873256846,0.708575472232,-0.567281870176
320005,160.0025,0.11905011764230769,1.2641978497785669,0.5022631890466506,1.4890553132539084,0.8132878392959999,-0.549764038998
324005,162.0025,0.06231937041692308,1.3320252971075501,0.47712660927168654,1.3588687759764808,0.668651461591,-0.605017459021
328005,164.0025,0.2139290479523077,1.1366927994183087,0.41277557554475386,1.0117960121695544,0.9187273979246999,-0.6989721320679999
332005,166.0025,0.26741915942076927,1.106252868968958,0.5207567076109256,1.4661556332342234,0.7272120714215,-0.532226257026
336005,168.0025,0.2246226439084615,1.2169300132849166,0.5003531902583631,1.3361538422300265,0.7024290263640001,-0.597252298145
340005,170.0025,0.14676768963769235,1.285127057345388,0.4359406495738166,1.3464180760986262,0.662985116239,-0.594472041362
344005,172.0025,-0.09912155224999998,1.4290306107779986,0.41625455122416505,1.324519849489439,0.729750737544,-0.626792265101
348005,174.0025,-0.029405855209230787,1.3017280030755676,0.6099300631061286,1.525299623068456,0.807888597259,-0.6620576493520001
352005,176.0025,0.10558985746615386,1.2162586205814239,0.46208175819265385,1.3192000311745258,0.665631145252,-0.681108772752
356005,178.0025,-0.04068838632461539,1.3260626899887693,0.5561610232803583,1.5130512373132452,1.242498144504,-0.722475029536
360005,180.0025,0.14966052770769228,1.1759524181010068,0.5486233967750846,1.4984670450480577,0.9613400399656999,-0.669369634245
364005,182.0025,0.1387335658123077,1.1910848069438316,0.6958942437289763,2.0284959606844066,0.73453582823,-0.542155582464
368005,184.0025,0.025375815542307664,1.1897647416510457,0.5875502831065034,1.850010951817415,0.6189055740689999,-0.678332574666
372005,186.0025,0.08210810789461538,1.1689714096705062,0.5362475750051912,1.4468648343120463,1.0707922130552001,-0.769636582587
376005,188.0025,0.12226041463692307,1.18806925509113,0.34915843670392027,0.9345466925219496,0.871143609281,-0.742180738601
380005,190.0025,0.20380852313923076,1.0184252564054412,0.6078055481386238,1.697432744645642,0.8343361914058,-0.7910432238159999
384005,192.0025,0.09497350913538463,1.1053190659322731,0.5808579670191094,1.394866155240513,0.7753991037508,-0.6993518471689999
388005,194.0025,0.18666103711153842,1.0004349560741523,0.4519083512389026,1.3850425299865743,0.831754475825938,-0.8175581619090001
392005,196.0025,0.059640499265384624,1.1546831258800303,0.46560556638375267,1.2729031925007581,0.832861706596,-0.739501031116
396005,198.0025,0.042300150941538446,1.149609804911577,0.3843327292510771,1.0788339535470313,0.909530162813,-0.6862621623945001
400005,200.0025,0.08185924475692309,1.1169024343729492,0.4134082819399093,1.1526389071810461,1.04401952028885,-0.80658665298
404005,202.0025,0.10005520399692311,1.0899491030480388,0.4183366293942687,1.1394692066666754,0.967060491447,-0.90095319947865
408005,204.0025,0.12650403151230769,1.094197757784966,0.4833493233191345,1.3281083413515555,1.059399262074,-0.8635288998428
412006,206.003,0.12991818098230767,1.1105770545561024,0.3967469588599324,1.1459411037145872,1.0947035253094999,-0.9270046960992
416006,208.003,0.1467267320761538,1.1008669689499444,0.43046500172934965,1.1301345542192414,1.1824996024348,-0.9675592156150001
420006,210.003,0.13403818240461535,1.1440714237682572,0.38776504311379156,1.0722615058365779,1.119558513149,-0.9909825283114
424006,212.003,0.15235010935307697,1.1698012004687843,0.44067686026341363,1.2379361014226342,1.170705333345,-0.8871551787003
428006,214.003,0.18395022246076922,1.110978250371045,0.5277010547624621,1.400582470534599,1.1193145960444,-1.0789718365922
432006,216.003,0.17977663644923073,1.1235133420238668,0.48717840979228905,1.3080970931057576,1.248472236111,-1.0496100555217
436007,218.0035,0.14932125348076927,1.197469004573124,0.4874273889153551,1.367379163731606,1.252072110776,-1.159228403583
440007,220.0035,0.17469188799923077,1.1717696968678015,0.45689542162518537,1.2263770086663763,1.3904522061340001,-1.2210772279684001
444007,222.0035,0.23084277831923078,1.1275765942185159,0.4593311673992212,1.2610177198121044,1.354643009592,-1.2313771508646
448007,224.0035,0.13624327917,1.2151447532470052,0.4605960196932303,1.2307087321940091,1.351684287191,-1.255980514929
452007,226.0035,0.20653790236076922,1.1143637175642191,0.48532666781749767,1.2862930513997581,1.473560169342,-1.229478715911
456007,228.0035,0.24566027292000003,1.1029027319618199,0.5198849441204813,1.3384399990862375,1.444604113699,-1.2164747184149
460007,230.0035,0.23827109887769232,1.110020465955138,0.45180220561192885,1.1960624786253615,1.748270034779,-1.3527233614474
464007,232.0035,0.20036532327538464,1.2210644446473837,0.452545680891311,1.132882204621062,1.551433317371,-1.250417765225
468007,234.0035,0.24583706488692306,1.1447377577237292,0.4165072261956097,1.0591142615142821,1.292265653626,-1.1516468124548
472007,236.0035,0.2575344122346154,1.1354425440159035,0.4626088645275528,1.1836763340841716,1.34104260057,-1.205905785783
476007,238.0035,0.23594325323461535,1.1525367974024456,0.49193085235975814,1.2940899373669448,1.472243584695,-1.2273108307381
480007,240.0035,0.2620868453461539,1.1634395977213112,0.3891388653408511,1.0190748600926274,1.451020658021,-1.0856258464081
484007,242.0035,0.24840597923,1.215728925719177,0.5185752917252626,1.2655377629235827,1.311098262667,-1.05676180530502
488007,244.0035,0.10889119825923076,1.3990725611696135,0.5316572448703037,1.3952725746919878,1.3883304521370001,-1.2270420733863
492007,246.0035,0.20578708099230766,1.4084816864908358,0.5712707948929634,1.2946825459026432,1.3328359425010001,-1.22107245656
496007,248.0035,0.3209724976384616,1.1889207304673082,0.5337445454764523,1.362812290038605,1.275804951789,-1.2051954199464001
500007,250.0035,0.3682910020615384,1.115229456725196,0.5851563127260758,1.4534732844429097,1.6445574983909999,-1.2736167807652
504007,252.0035,0.22396666269999999,1.268290303779238,0.4624556266030815,1.1690322570190297,1.281189389513,-1.1549702780358
508007,254.0035,0.27183772050769234,1.288630544591735,0.5341533881408578,1.2803834777955585,1.4443392232110002,-1.1172501563516999
512007,256.0035,0.23607594233846155,1.3588746326588235,0.4710540331885526,1.277168618825723,1.207606077195,-1.1294558085529
516007,258.0035,0.19187724132307693,1.3051128414097848,0.6298397646400306,1.622128252524418,1.2464720532250002,-1.10298292011605
520007,260.0035,0.20789730548615384,1.2640734805475387,0.3837419474005276,0.9586362554752909,1.376469418411,-1.14624877039773
524007,262.0035,0.14411194506923078,1.4373090997219875,0.37693537327087934,0.9652295253710701,1.1261225417246,-0.9071206143151
528007,264.0035,0.17442584037692305,1.4466999585781688,0.3891491967162461,1.0348852995937656,1.31826376915,-1.0989635633173
532007,266.0035,0.16188368430000002,1.4199926618450085,0.4255727490577042,1.0900667109125508,1.469705946752,-1.1470794659062
536008,268.004,0.12126718575999998,1.3957448564595942,0.43724084955737186,1.1084780390728866,1.39609617741,-1.2126546381171999
540008,270.004,0.2651157562538462,1.2632975298472657,0.41396751295563694,1.1317087496130886,1.462651811537,-1.2491751601977
544008,272.004,0.2442866380461538,1.3431952064234052,0.498246285935353,1.2193557568520943,1.283793017266,-1.2501391109570001
548008,274.004,0.20296821226923076,1.4014918306096829,0.4108470644152872,1.1034252682638708,1.554290279746,-1.30645935842281
552008,276.004,0.16917210818000003,1.381044885889622,0.4390470994147008,1.05414508383238,1.509841479361,-1.2776330930632
556008,278.004,0.32824694193076925,1.2283393896726706,0.47048067256279996,1.1312998679232842,1.356960207228,-1.3136053651167
560008,280.004,0.22388810836384615,1.41062092046061,0.47615579055754714,1.1688009637630017,1.51921535284,-1.3149858836533799
564008,282.004,0.2703920969615385,1.3144780889674677,0.4792425204445948,1.1851660332913438,1.471249200405,-1.32729055197667
568008,284.004,0.2573639108515385,1.3734077781541747,0.4923075990819361,1.2815844594673287,1.391509458425,-1.34638653043946
572008,286.004,0.25977434563076923,1.3872537032267815,0.4768121501378631,1.185544704798366,1.364560142167,-1.3484527056522
576008,288.004,0.28485336213153845,1.277912071303624,0.49271275259848646,1.1521901129478618,1.54694572092,-1.4454783524869699
580008,290.004,0.3597795871538461,1.2175346093209887,0.4467677436869443,1.0682999249736662,1.413520127534,-1.366798980399528
584008,292.004,0.33949641998538466,1.2744704816013879,0.493011328775449,1.1686593372232592,1.3725071847432,-1.3695332431236
588008,294.004,0.29030400973846154,1.3636233084556624,0.5346007132390912,1.2774310036135594,1.46621449292082,-1.3098673024174
592008,296.004,0.3500919066846154,1.227732968949648,0.5080933756635383,1.2541486980906493,1.4227882623662,-1.3762601064529
596008,298.004,0.21930415813999998,1.4406302060900804,0.4780852521610989,1.2149020998350457,1.4454957544857,-1.2883571488752
600008,300.004,0.30930537443230766,1.2785837169402452,0.4108598246253206,0.975041612507077,1.38297131658645,-1.3125540828307
604008,302.004,0.24831655391846155,1.335703496508031,0.5565449970123771,1.3106669814613467,1.3769509792247598,-1.2552051013293
608008,304.004,0.3853406539230769,1.1989750419418013,0.44678164065761844,1.0516749919137995,1.4564007222593,-1.2705918203620001
612008,306.004,0.39529074155076926,1.1865829408611703,0.45111304095736915,0.9510990909700193,1.309322327391,-1.1356820580572
616008,308.004,0.416195970323077,1.0654955812347133,0.3860890181954067,0.9877273570019115,1.6332510709753,-1.3223764922028
620008,310.004,0.3875828660423077,1.1436424975462245,0.6643111441374493,1.6996874689029116,1.3148481547844,-1.2328046991027
624008,312.004,0.4059884364769231,1.1619791532910464,0.535530801177513,1.2751640052094666,1.382179647682,-1.3048715898776
628008,314.004,0.3971964441792307,1.2104668622214916,0.4772908739169009,1.1646567400139178,1.5612772554129,-1.2920433133765
632008,316.004,0.4120128796676923,1.2518612614707076,0.5119716478814068,1.1641599596187697,1.5761217251497,-1.25030755228954
636008,318.004,0.3222879079769231,1.3123063263731727,0.41789681775348136,1.0205243792938623,1.5084384679937,-1.281189131089
640008,320.004,0.25774228573076924,1.4030570533008742,0.6354094776510771,1.5215065453302297,1.522861480714,-1.350057069214
644008,322.004,0.4011228130330769,1.0844001605416134,0.5130309081223448,1.270097528924573,1.330993533123,-1.1650640985559
648008,324.004,0.2894992599,1.1887158435186702,0.5396091966187166,1.3423579838993402,1.4447587952029999,-1.3557651052279
652008,326.004,0.4606888385838462,0.9156519167336186,0.4713650705719493,1.1689899752096649,1.6004368886368001,-1.424856997092
656008,328.004,0.35689361280000004,1.1699330864614221,0.5541953989127768,1.1886336036989673,1.231408856815,-1.299111563829628
660008,330.004,0.43623622565000003,1.001895798383082,0.49092807723000514,1.1763823539022338,1.633832737813,-1.3801620588656
664008,332.004,0.3806839722792308,0.8913859338208904,0.6208574873853085,1.4142887552498633,1.269733227783,-1.2315741723906999
668008,334.004,0.5115147874861539,0.8813875886318207,0.4856516790396894,1.1606836495963502,1.690556794408,-1.5002598483022
672008,336.004,0.3639030364892308,1.0634067429466811,0.41325310804990456,0.9213180118326432,1.440444640812,-1.3472883689647
676008,338.004,0.3892513788653846,1.061287334284065,0.39611171965170616,0.9398079603159954,1.3539186120020998,-1.2963903471854
680008,340.004,0.39187271777692306,1.0901387209892142,0.43617356110908445,1.020823770433079,1.5360513925500001,-1.2845207210622
684008,342.004,0.36459063566769234,1.16070854667368,0.4771262299772472,1.1095875765804484,1.646741509428,-1.3574350895398999
688008,344.004,0.4671906507846154,1.057248212445123,0.4819135993732265,1.1481831651636731,1.50403975694981,-1.3237027479465
692008,346.004,0.4198642418976923,1.1404732485111782,0.4708884963301363,1.1626719141589945,1.4153678044759999,-1.2852299781468002
696008,348.004,0.4013914878538462,1.1877081305972903,0.422245232004519,1.1469877612186226,1.613413050771,-1.3760478095981
700008,350.004,0.4800832638392307,1.0658153682341238,0.3850099612357829,1.064834203333413,1.6802168786517,-1.43139772815272
704008,352.004,0.3733026614538461,1.2095509476864155,0.4809722239876385,1.2005272801659086,1.4817782566081998,-1.3768427611802
708008,354.004,0.542407283423077,1.0739328952465312,0.40259052659412864,1.061476582781809,1.695721544343,-1.4622659855515
712008,356.004,0.5072970940538462,1.1563127286780321,0.4365758609714663,1.1056332837326273,1.67799999565,-1.5203048143373998
716008,358.004,0.49307146439230765,1.1448119689521008,0.38471764718555185,0.9357491623561354,1.683711960912,-1.5590059852664
720008,360.004,0.5028114502300001,1.016988024561372,0.406462832459535,1.0403910139392902,1.672214083368,-1.48999959462939
724008,362.004,0.43920353742307694,1.1586930343855986,0.47468185322457335,1.2248381169438054,1.7698966935240001,-1.5061416097402
728008,364.004,0.43889893018461534,1.193361470225336,0.4904098742698139,1.320994342928168,1.6057998836179999,-1.4435554307407
732008,366.004,0.3543425431561538,1.1216582609941625,0.423911708711043,1.1227883816177011,1.708155922579,-1.485373975705058
736008,368.004,0.4474666210284616,1.1314186266035169,0.4112460217828958,1.0576878927322353,1.7891567274870002,-1.4106004885471002
740008,370.004,0.5323080420538461,0.9826147459851684,0.4092849967854339,1.0140154269990158,1.678486578178,-1.5482402220351
744008,372.004,0.5158141668,1.0640873805608262,0.4086009332589049,0.9965964950905458,1.739547863599,-1.5720149627902
748008,374.004,0.5179447669276923,1.0032943080325702,0.3558532795856034,0.9687067894099108,1.868382394313,-1.4775915341408699
752008,376.004,0.4027078381153846,1.0476610122148173,0.38824050431871265,1.0218645600165435,1.734235361203,-1.419300972479
756008,378.004,0.4645312795376923,0.9942656119278415,0.4714845735250143,1.2360031456370968,1.608594343068,-1.402318026634
760008,380.004,0.40605777043,1.028701003194916,0.38208714473446953,1.0307847146185152,1.728194788091,-1.5102633705769701
764008,382.004,0.3970670791838462,1.0223029855453376,0.398794845100342,1.0753640052146392,1.601671986284,-1.4186114838838
768008,384.004,0.3828409268230769,1.1974748064459795,0.5859265159563162,1.6520226556083522,1.510142207151,-1.42655933276394
772008,386.004,0.5903274050007692,0.8355387626679169,0.30670903831125146,0.7022444859746835,1.6386761367315001,-1.44365138282286
776008,388.004,0.509275234666923,0.9622789003205984,0.3857536103145831,1.0071244600298936,1.419400155535,-1.358651114628
780008,390.004,0.5359790279246154,1.022576825213087,0.4199066984073013,1.1405766608556678,1.3417439907867998,-1.2655984419307
784009,392.0045,0.5047584634507692,1.064814354378855,0.3679410581359628,1.0143227147739613,1.4172207564003,-1.3638284318175
788010,394.005,0.4976531909076923,1.1308727546048678,0.45931687105035385,1.1757322152802119,1.379914626474,-1.14456663303904
792010,396.005,0.5181262859923077,1.1370099202617967,0.33899373549608713,0.8909470128361806,1.2280671447606,-1.1998845292229
796010,398.005,0.49372041226153845,1.155100966900216,0.35801852758084635,0.8584536899048041,1.423078328378,-1.2295057438344001
800011,400.0055,0.5641696957476923,1.0401475458134355,0.4324875455006398,1.0674941023032591,1.247578620919,-1.19438808691114
804011,402.0055,0.4534027668076923,1.2250650883267051,0.38182567158098046,0.9886461301525942,1.477488905201,-1.2414264653422
808011,404.0055,0.5025282823153846,1.166219596101193,0.40465966937006503,1.024875911428393,1.342798694979,-1.2414046346684
812011,406.0055,0.6696113393784615,0.8649812078520009,0.4766368925919636,1.228130236097859,1.386918842787,-1.0718946610600002
816011,408.0055,0.6457067728053846,0.8597101079772672,0.359177895188165,0.9160461862703677,1.402995884418,-1.1990261783368001
820011,410.0055,0.5827880089176923,0.97126740040574,0.3245292141983128,0.8187968272148536,1.6007626801639998,-1.3435262353104
824011,412.0055,0.5534845498915385,1.0713713530298825,0.3647820990177629,0.9879712061006173,1.575444638721,-1.4172974056531
828011,414.0055,0.5490048665207692,1.0389310163871721,0.502074273391126,1.4235710584705727,1.623946309085,-1.4974091884239
832011,416.0055,0.5224056519076923,1.1243672117580699,0.4040382514622678,1.09092672366563,1.519831106065,-1.4010233737097
836011,418.0055,0.5132069037461539,1.1427220247981718,0.45277961498322156,1.1741920960986698,1.428632900105,-1.3172854171123
840011,420.0055,0.5599119571523077,1.014036784311927,0.5710989022147934,1.3279213015329523,1.4663748591960002,-1.2896620929248
844011,422.0055,0.5115899168438461,1.0183428844220046,0.5055863205131854,1.203865382827575,1.4760363250943,-1.30636562662494
848011,424.0055,0.5941946369138461,1.0899795751718615,0.4456106536709446,1.1273922366705782,1.375964477665,-1.2303495760951
852011,426.0055,0.5963082038307692,1.1593993573929624,0.42600694477466594,1.0324856436581837,1.4520528912450001,-1.3220420016423
856011,428.0055,0.6168591701053845,1.034758317652953,0.3774925769470287,1.0137889595484564,1.361754089582,-1.1689249274746
860011,430.0055,0.6153617272061539,1.0716762784369869,0.42163292371585553,1.0555488141643885,1.5386552810660001,-1.2220382904642
864011,432.0055,0.5870757974061539,1.1173015858020845,0.3970970738095461,0.9963083482205504,1.569193184364,-1.2977014263155
868011,434.0055,0.6290641610476922,1.0809866883114299,0.3940262731323866,1.1007350453776827,1.407789111129,-1.2793411619496
872011,436.0055,0.6268964272269231,1.1175567400764055,0.37617071235927574,0.9985690128484038,1.417333662533,-1.263785697985
876011,438.0055,0.6215051275169231,1.1246866548396388,0.3935570139947451,1.0603213713539992,1.479734838021,-1.3030076105969999
880011,440.0055,0.6208038375961539,1.141810305598112,0.4141615376748969,1.0884899239286256,1.496307462444,-1.2547691860222
884011,442.0055,0.5766829894076924,1.1598039890493834,0.42227002756234544,1.1363232107647125,1.559070959699,-1.3034842759439
888011,444.0055,0.7360884913884616,0.9660858389705744,0.39202631749160993,1.0521179805261318,1.4124850928939998,-1.42741410829512
892011,446.0055,0.6120081910823078,1.0536838571172036,0.3790486426255092,1.0833647069734764,1.4859492033669999,-1.397858457872
896011,448.0055,0.6412462087838461,1.1214721453603176,0.3661967728522822,1.1299611007781283,1.5414636135,-1.32156988046761
900011,450.0055,0.6143786081923077,1.1447166691994306,0.4045161839927119,1.0967905751993503,1.38929866255,-1.36638167711191
904011,452.0055,0.6735546863938461,1.1095714049187089,0.43513182958480573,1.2102858644653147,1.5527480393720001,-1.41997691103579
908011,454.0055,0.5971046411153846,1.1627935808712777,0.42811140423474253,1.180129427996357,1.5957063436680001,-1.500493300848
912011,456.0055,0.5500458020461538,1.191996902403271,0.38448034176803236,1.0265779602050527,1.5758741051110001,-1.3698494196731401
916011,458.0055,0.586464872723077,1.1319891756043214,0.3918279740497939,1.1000815100494108,1.520531520242,-1.3362255955483
920011,460.0055,0.5483370927769231,1.2179199265050098,0.3538894946987492,0.9383687124823366,1.618357896824,-1.4588576089565999
924011,462.0055,0.7175783927623077,1.056204839297128,0.34660766733040177,0.9700208513869429,1.597717374537,-1.3320272248251
928011,464.0055,0.5148015389153846,1.2595546613280657,0.38652950293248056,1.147830395322025,1.501600518824,-1.2632133921135
932011,466.0055,0.5652851141384615,1.1856515537407752,0.44813212229324734,1.200127005211114,1.482320070278,-1.3238190554493
936011,468.0055,0.5804122411307693,1.170836195439053,0.39327593616428774,1.0166888231952713,1.575132712733,-1.30666330828432
940011,470.0055,0.5684575300923077,1.245978068729479,0.3978069330485416,1.1197448049346088,1.409868896004,-1.262049765785
944012,472.006,0.5157989447,1.2727393678054015,0.47934423053550135,1.2321256070461755,1.632148370162,-1.33501379563734
948012,474.006,0.5856294081769231,1.1492788820578028,0.3991074794427035,1.1177029158164364,1.627044528738,-1.468943211257
952012,476.006,0.458869957,1.1652938562707702,0.3406396736980723,0.9850931192759158,1.5550029277889998,-1.3610075581826
956012,478.006,0.5234331075923077,1.192016450485739,0.4690770160234232,1.3796750188835725,1.538673445593,-1.3226532847666
960012,480.006,0.5475925482230769,1.1133985368974206,0.3743184893211359,1.09153646864162,1.403178364042,-1.2839430188741
964012,482.006,0.4686099382538462,1.2934513005632922,0.3593366289652638,1.0531263027621574,1.429487615833,-1.2744310023313001
968012,484.006,0.5494718459923077,1.1800184786008514,0.43605005149792686,1.2048732071650794,1.527193903927,-1.2482176022588
972012,486.006,0.6989654302592307,0.9706656320419,0.3500376278842131,0.8990643250855995,1.750852391108,-1.5300287487965
976012,488.006,0.6866114735738461,0.9970085300482108,0.3031243022700925,1.0699908999991015,1.660744458425,-1.4422486643251
980012,490.006,0.6791262305746154,1.0214811695719146,0.4594982727331897,1.31315835152285,1.544958755364,-1.3804124416781
984012,492.006,0.6568489349884614,1.0337067063242047,0.38940566665787596,1.175727566517162,1.516668036585,-1.2669105110755
988012,494.006,0.6243708821346154,1.016173067414295,0.3439156165359225,0.9746037351606465,1.521671563373,-1.3085266519364
992012,496.006,0.6407848321623076,1.0644235936332735,0.4084301470946593,1.2590469878658295,1.4536015987639999,-1.2262715748527
996012,498.006,0.6347045990238461,1.1168234754270578,0.37273851210477915,1.1676269263379981,1.410478904839,-1.4059287011661
1000012,500.006,0.6123342192961538,1.087658512749098,0.32571004789560304,0.9608924020012264,1.4057786762889999,-1.3186199017824
1004012,502.006,0.5469680382700001,1.1011918427989966,0.33747134381973765,1.029136685921824,1.5568503439549999,-1.2909015182022
1008012,504.006,0.4804930136623077,1.0742611505615238,0.34680534101524213,0.9281937681815631,1.5797228813139998,-1.3645074055465
1012012,506.006,0.5059737379738461,1.0722754024784078,0.37254428476265006,1.0884652090253928,1.606269687407,-1.2742347319196001
1016012,508.006,0.55841454634,1.0922607097341088,0.34697457937397347,1.054602673155066,1.287938177602,-1.1683385712146999
1020012,510.006,0.5721652461984615,1.0563446527496885,0.3904996818410874,1.042501929746261,1.4948818683590002,-1.1683985451384
1024012,512.006,0.5377380435361538,1.0480265027208822,0.34728343260873024,1.0008426162432114,1.3478493690359998,-1.2221497055141
1028012,514.006,0.5325616964915385,1.0878061321205599,0.38914146878715933,1.1615550791510285,1.626501485709,-1.29369743797931
1032012,516.006,0.5803400736646154,1.1127564089236797,0.3635276286995641,1.2072314792131098,1.355325609433,-1.1958876149724
1036012,518.006,0.5405259590876923,1.0933649364869253,0.4200505729427503,1.2042019947322815,1.320263177165,-1.1679386054205
1040012,520.006,0.5357046677384615,1.1221936058835797,0.33928395943027634,1.0731451531440963,1.137757718557,-1.1377920804104
1044012,522.006,0.6178442606707691,0.9305623697738311,0.289945225374726,0.830477233075981,1.41779041289,-1.2441630871124
1048012,524.006,0.57100807703,1.118333574210422,0.3436711214382304,1.0804142548435207,1.2849495411060001,-1.1259903050976
1052012,526.006,0.52924370765,1.1831564146894176,0.3055355858866204,0.9080596233415906,1.501950830224,-1.2523991968428
1056012,528.006,0.5419664933153846,1.1947903029261457,0.29064461313023887,0.9170684068625955,1.5871506035420002,-1.2013099016535
1060012,530.006,0.5263631435538462,1.2682666109127165,0.3594482197730814,1.167135008455443,1.378380700941,-1.2594329603087
1064013,532.0065,0.5228035633384616,1.374544619380717,0.31758317785801277,1.0708980302531645,1.4046647846729998,-1.338638517069
1068013,534.0065,0.5222484423538462,1.388296288731671,0.374973551233763,1.2282494502559707,1.422415256489,-1.3224695473972
1072013,536.0065,0.5813251367153845,1.3158667201000682,0.37137964517706806,1.1387660962275012,1.56477850675,-1.3213275740754
1076013,538.0065,0.6081875287692308,1.1798615115713424,0.3564042785992767,1.0565275133653418,1.5188194215120001,-1.3098229276889
1080013,540.0065,0.5276914193,1.3072999186995633,0.331319120646213,1.0333283221318834,1.50619119406,-1.2781713823692
1084013,542.0065,0.5343698813407692,1.296675834734659,0.3275426472452446,0.9746638534192849,1.4324612021429999,-1.2311754715704
1088013,544.0065,0.6229705443692308,1.1763279046701753,0.3860391578912687,1.1950855454807665,1.492302507163,-1.2508183466243
1092014,546.007,0.6075177376,1.1762514365887977,0.39747334068955104,1.1710435206092837,1.3145160377010001,-1.1908762622561
1096014,548.007,0.6412714536461538,1.1723691459139485,0.4410034529219314,1.3307778146753146,1.392661303278,-1.2922159223832999
1100014,550.007,0.5612567938230769,1.2265914201654062,0.3342557643346818,1.0585170479979031,1.368896901595,-1.2556777265955
1104014,552.007,0.5712025073923077,1.2937482624124348,0.3847711783125315,1.325801345900732,1.386455953129,-1.3783646519277
1108014,554.007,0.5718529224384615,1.2931646260662404,0.3804703860384485,1.1758985183369879,1.567448735239,-1.5208916165835
1112014,556.007,0.5510189533153846,1.2957944375711004,0.32825440140809314,1.0847749446925492,1.519242763494,-1.3574060262204999
1116014,558.007,0.524019580623077,1.3234177162686003,0.3596324853246313,1.2608981899506861,1.316598892201,-1.1575776562068
1120014,560.007,0.6044882260923077,1.2997326554952193,0.45952239581153803,1.4908397971127658,1.53921023011,-1.357217255974
1124014,562.007,0.5957609690307692,1.3249485780453858,0.35736568799013135,1.1578031019311192,1.544136047371,-1.382439917428
1128014,564.007,0.6311085132384615,1.333069851583035,0.42478864992275667,1.3645644862849942,1.419376820326,-1.21968171001002
1132014,566.007,0.5782772210923077,1.3287072999080685,0.3622811430141499,1.114110481169782,1.2003365158969999,-1.2226018193254
1136014,568.007,0.5860425509076923,1.3413750371823414,0.28966182867415136,0.8784586645357154,1.33107814192,-1.27688433834711
1140014,570.007,0.6124610533923077,1.1513115998158667,0.2613241355071853,0.8584190286235468,1.303529083719,-1.219639732027
1144014,572.007,0.5539064132230769,1.3532451514064268,0.3287913294880609,1.019952620892243,1.3993343710919999,-1.1629471974532
1148014,574.007,0.5697120428153846,1.2278764869014689,0.37718302684956245,1.2053246408757128,1.300390064712,-1.1431316714859001
1152014,576.007,0.5261469758492308,1.2262966904326604,0.30226947814700833,0.9479673944864143,1.3409213721780002,-1.1495403652123
1156014,578.007,0.545662714876923,1.2415579455892576,0.24557476068153494,0.7464987848655465,1.383825749138,-1.1901943604525
1160014,580.007,0.5115403212146153,1.1570609880340466,0.3139995092452737,0.9673321436023101,1.349601387965,-1.12443127483799
1164014,582.007,0.5392158948461538,1.2459400259404785,0.39919203167062545,1.1877714144800184,1.300848901255,-1.04586432968108
1168014,584.007,0.578298660433846,1.0912270916285418,0.33342282158677744,1.0546388017280584,1.185100764047,-1.106459614358
1172014,586.007,0.5817792048923077,1.1374858808892918,0.3712773874433821,1.0964969142768142,1.24804535506,-1.02761924872657
1176014,588.007,0.5781827385630769,1.115805144588882,0.3615737630010759,1.1093310886464516,1.5330510437459999,-1.259046673306
1180014,590.007,0.5818932698384616,1.137986657119164,0.35290604891888516,1.2782980325486752,1.408985495559,-1.1336054918265
1184014,592.007,0.5209184013923077,1.1481176789823822,0.30943049689802926,0.9076031880128859,1.435327857727,-1.1629560026385999
1188014,594.007,0.5704218653492308,0.9312869592484845,0.3505804621401993,1.0852481017922069,1.262382239095,-1.0721081113477
1192014,596.007,0.5125362689684615,1.013096899437723,0.2964285627029206,0.9126493701210004,1.2699129879609998,-1.0367991582046001
1196014,598.007,0.5486777103915385,1.0988691632912901,0.35538923532604144,1.056993583255794,1.206965178256,-1.02562274458675
1200014,600.007,0.4885214658853846,1.126791737537228,0.28346723016661207,0.8377602810435777,1.216730982067,-1.0574758252957999
1204014,602.007,0.44467086515923077,1.1477280262551108,0.31766547502842024,0.8898409574659468,1.271140456195,-1.0731300457858999
1208014,604.007,0.5747688366838462,1.0727026505240997,0.33270000181686216,0.970903297932079,1.281692773119,-1.03069499809514
1212014,606.007,0.5444684808138461,1.1103749683051798,0.320323979031258,0.9630836102219873,1.194481223816,-0.9326695455281001
1216014,608.007,0.5090916523615385,1.1451187464113841,0.3423258620630735,1.0074783323285053,1.104537844648,-1.0192747930896
1220014,610.007,0.4922866317038462,1.189011916512461,0.3132064062445785,0.9036593836789341,1.3456591367700002,-1.0250184899194
1224014,612.007,0.48393280690153845,1.1639811497340162,0.3253547567259915,0.9978770863304369,1.2305205762329998,-0.9706537402200001
1228014,614.007,0.43465560217000004,1.1602928017657494,0.3144830580290069,0.9414004110163479,1.077448725691,-1.0528847030382
1232014,616.007,0.5330734940676923,1.1525221367908283,0.3023661905830019,0.9621220218806664,1.274023532883,-0.9952313862724
1236014,618.007,0.48678311018153847,1.176305782939819,0.27983579125545754,0.8553854569095374,1.2296788096570999,-1.1151736902514
1240014,620.007,0.5490801976230769,1.1491714596667444,0.3305170925819772,0.9544114251893406,1.32186311485,-1.1108650350897
1244014,622.007,0.5218462531369231,1.1749149691811678,0.29654045089398484,0.894431000015637,1.331746295104,-1.06391256767301
1248014,624.007,0.4685548819192308,1.1664726243218504,0.3255443138858435,1.004139554957328,1.31833013891,-1.1317100317627
1252014,626.007,0.5754972329461538,1.1866974468842333,0.2926835868220134,0.8799900336788998,1.2956007718759999,-1.0697241448764
1256014,628.007,0.5045863573546154,1.2409904853980638,0.3101341875615245,0.9208731262636068,1.29816234112,-1.1037662816217
1260014,630.007,0.5139751892861539,1.1765148282990405,0.31669241008506865,0.9945852759863467,1.095693230623,-1.0105375046758
1264014,632.007,0.5181344564007693,1.17791150411403,0.38354795453308965,1.1192587279778652,1.1641795635230001,-1.1177554358672999
1268014,634.007,0.5411632244384615,1.2337127852553673,0.3389171824042037,1.0127763497574969,1.387648046018,-1.0910294577467001
1272014,636.007,0.4966962429223077,1.2303710795337512,0.35281814542753526,0.9504084731434861,1.2629271149769998,-1.115595576357
1276014,638.007,0.5343080483938462,1.1735270345799673,0.34075960564262464,1.019702756678452,1.387645840634,-1.1948785344166
1280014,640.007,0.4987424795469231,1.1170401502730998,0.3130106493774011,0.9568428708809887,1.315095573661,-1.12944496818696
1284014,642.007,0.5838721211076924,1.0983865268674673,0.33164059860573464,1.0247197642074775,1.330338865522,-1.1788029521730001
1288015,644.0075,0.5776307032769231,1.1510939096834947,0.35307883606887164,1.0671598373946227,1.209175229072,-1.02748117642691
1292015,646.0075,0.3870023053461539,0.6234817498489158,0.4637154344563911,1.1630095491151573,1.39304706455,-1.2009068764778998
1296015,648.0075,0.49252330339769235,0.7456758666599248,0.3063912110095437,0.8115914122861307,1.35563188792,-1.2172900347563
1300015,650.0075,0.4778813307215385,0.7738858532477952,0.2681682410617643,0.6984806465048761,1.379480123503,-1.2304682261299
1304015,652.0075,0.49986848006538465,0.8086236372404197,0.2615336845838973,0.7040267596473669,1.435909777878,-1.2771594792076
1308015,654.0075,0.49887782793384616,0.8146196494029571,0.27932848746603856,0.7827974585575816,1.488402247412,-1.3466219729672602
1312015,656.0075,0.4887128197223077,0.8038041135399827,0.2536037144336256,0.747879325960332,1.4876388758430001,-1.3036789880152
1316015,658.0075,0.50830298662,0.7968852665674165,0.27553966230853977,0.8293678129741248,1.444629058251,-1.2847387003686002
1320015,660.0075,0.5098619598669231,0.8219780492311676,0.2676039178907123,0.7291792019822888,1.4230625778419999,-1.2505721775907002
1324015,662.0075,0.5130531375115385,0.8028356390216642,0.29648885472943604,0.7840725019445595,1.402312055231,-1.2263362594021
1328015,664.0075,0.5199685234253846,0.7912982139658397,0.2613320459354927,0.7355927505215271,1.411222159866,-1.25151526834377
1332015,666.0075,0.5360560692253846,0.8130696653820265,0.2829433121548367,0.814783602980782,1.366002067916,-1.2217051968997
1336015,668.0075,0.5599207190323077,0.8458715130180622,0.2659381583024984,0.7786253063377089,1.397031515837,-1.2269047158797
1340015,670.0075,0.5378407056453847,0.8236820994572552,0.2653722984135799,0.7863966698777004,1.4416208565359998,-1.24896204983424
1344015,672.0075,0.5569121562507692,0.8356596356341208,0.27558425663993796,0.7651178174763896,1.399899929754,-1.2168009975003
1348015,674.0075,0.5679408220138462,0.8626973310326943,0.27277007781943363,0.7826016691664915,1.399464115496,-1.2195172570556
1352015,676.0075,0.5682893899761539,0.8506822304570714,0.29180871229022515,0.8723587413013093,1.394702941192,-1.2498259907474
1356015,678.0075,0.529937134346923,0.8550880049543668,0.2820155249331237,0.838502212332691,1.387538388396,-1.21968130861427
1360015,680.0075,0.5651127054161539,0.8565939602530243,0.27488772142894935,0.8130876396512959,1.355416774749,-1.22823178674493
1364015,682.0075,0.6049908674684615,0.8204547702167215,0.2825001458844978,0.8409090043500171,1.408501178035,-1.2156633795119
1368015,684.0075,0.5929704400176923,0.8638064607726695,0.28553938749526914,0.8718584903715405,1.353606700903,-1.1934936679917
1372015,686.0075,0.6170928615746154,0.8667345866783489,0.29090746843189064,0.8408135497717476,1.334883838881,-1.180134721098
1376015,688.0075,0.5657288386261539,0.8677423580054796,0.27537607968046235,0.794517004420865,1.345418393628,-1.2152196848795
1380015,690.0075,0.5832315729215385,0.8876367495209502,0.25469025094578185,0.7759900520175603,1.326582938433,-1.1641280399622
1384015,692.0075,0.5935533459338462,0.8724510019694325,0.27207241191269477,0.8015188263416699,1.352380394926,-1.1793688144535
1388015,694.0075,0.6044828800130768,0.874150633865724,0.2646126909264793,0.798286398409767,1.359851837155,-1.2026388635934
1392015,696.0075,0.6014048136284615,0.8493587126123225,0.29465721134477907,0.9370438570991967,1.399011433114,-1.2372724888803
1396015,698.0075,0.6237879028815385,0.8682908028198115,0.2689438106138431,0.8192002202567857,1.408031254999,-1.2476920401773
1400015,700.0075,0.59118463442,0.869548768857288,0.2743382666854338,0.8487158162844627,1.3902519941300002,-1.2338057155720001
1404015,702.0075,0.6013052876261539,0.8641516931439329,0.2643740369624132,0.770467890250094,1.4066385626770002,-1.23665115889029
1408015,704.0075,0.588610016383077,0.8877619269252859,0.2718735574410526,0.8164609680418399,1.3946494161979999,-1.2068286952525
1412015,706.0075,0.611756379783077,0.8621358521528311,0.27107479544710034,0.8154575030430942,1.4096239805459998,-1.1956533407796
1416015,708.0075,0.5959318876146154,0.8735817121939697,0.27443681595978,0.8194753507014725,1.3674051463699999,-1.1997427437413999
1420015,710.0075,0.6039608625407692,0.8584638143199684,0.27836287145606337,0.8254601381622495,1.33255743979,-1.1501165181416
1424015,712.0075,0.6047516511023078,0.8649868904101786,0.2813983523522278,0.8459354444313291,1.351904034615,-1.1649934523703
1428015,714.0075,0.6226115318515385,0.8750009968843174,0.2884897114680878,0.8125792395456687,1.257881611567,-1.05026367749093
1432015,716.0075,0.6266314754053847,0.9025501186609121,0.2733036841219091,0.849751900693805,1.3606689572250001,-1.1550023239018
1436015,718.0075,0.6150932953907693,0.9159082270035901,0.27747834071159566,0.8314774823891324,1.3669245541069999,-1.2310431762551999
1440015,720.0075,0.618567824366923,0.8902228441314954,0.29255641466921445,0.8962556124516309,1.364286661145,-1.209974886385
1444015,722.0075,0.6563113744392308,0.9237372733579599,0.29530839696641453,0.8295015719182379,1.390634298324,-1.2042089281702
1448015,724.0075,0.6203332084861538,0.9452344374046951,0.2749739537096885,0.877479421276366,1.362210363147,-1.2013276023846
1452015,726.0075,0.6420137286200001,0.9314656163948488,0.28921200991731255,0.8752412217183974,1.3753839433200001,-1.2400808385545
1456015,728.0075,0.614490119323077,0.9739445433615697,0.2966089537784552,0.8822317637095304,1.387316882605,-1.2170672183940001
1460015,730.0075,0.6530290429376924,0.9379295832835672,0.2880681618864882,0.8618961247504251,1.370757162575,-1.2121903379394
1464015,732.0075,0.6240850687130769,0.9390748321474222,0.2821265707291453,0.8132836425565194,1.3776034414860001,-1.2140872259571
1468015,734.0075,0.6370626137846155,0.9677174784452279,0.2728635561523448,0.8129170633927492,1.3876814246059999,-1.21506512443787
1472016,736.008,0.6268000556815385,0.9804585290710394,0.2787047112852433,0.8746859294335417,1.3028354346720001,-1.13378827971851
1476016,738.008,0.6196899505861538,0.9822019679326297,0.2832508264051121,0.8359872283995882,1.394430488337,-1.2055222941525998
1480016,740.008,0.6666332437523077,0.9902887225417344,0.2812192794619467,0.8199800414413233,1.363011151552,-1.2036564471269
1484016,742.008,0.645666590103077,0.9837474849290881,0.288819089506508,0.8622495534180923,1.247566163544,-1.07939572958265
1488016,744.008,0.6250281242146154,0.9773865096608805,0.2781577898048242,0.8279296818716843,1.394232422102,-1.1766329877966
1492016,746.008,0.621022293206923,0.9287730933596928,0.28851116653717845,0.8303527857606655,1.405584126726,-1.232813554349044
1496016,748.008,0.6462661394792308,0.9613675707127829,0.26970374862072083,0.8039852614141966,1.361664682634,-1.1791836381825
1500016,750.008,0.5851220259276922,0.9196539829901192,0.2902542540099903,0.886654082903595,1.313380032782,-1.1431585089287999
1504017,752.0085,0.6686320442407693,0.9804534865748248,0.2969958146186533,0.9151650694393951,1.2623737752370001,-1.0868034306832
1508017,754.0085,0.59550227568,0.9478305437015703,0.2851028453091199,0.8462313443062652,1.2492282390540002,-1.0988719947604348
1512017,756.0085,0.5956023748092307,0.975513109328993,0.3125839086160357,0.9838670984944144,1.195514202102,-1.0485629534810001
1516017,758.0085,0.66324579257,0.9792823202574578,0.2624014946362364,0.8534615763322553,1.183240264663,-1.0287671554918
1520017,760.0085,0.6226285604338462,0.9634466252516909,0.33485020177237546,0.9996674904393225,1.286713510756,-1.1549723995815
1524017,762.0085,0.6321747165376923,0.9702718827281397,0.2861344224023227,0.8927627730360393,1.342420160794,-1.0955627881967
1528018,764.009,0.5402341209823077,1.021563327675055,0.268781554657304,0.865542272185327,1.392916083337,-1.23924904501972
1532018,766.009,0.6221562899038461,0.9375681222671195,0.31560975662462926,0.9857066081730868,1.293028563273,-1.1441280795234
1536018,768.009,0.46528611734153846,0.9215134640764764,0.2033653663263896,0.6143126193315207,0.21048313384999995,-0.0781315886416
1540018,770.009,0.4184969296684615,1.0344219156135501,0.23446911249090058,0.7238679581922111,0.09152612101999957,0.074553590268
1544018,772.009,0.4445126194076923,1.0887180954404254,0.25195243368524023,0.7548626258212547,0.012027651090000147,0.2167104901736
1548018,774.009,0.41567201339461535,1.1246333889534705,0.2611358280011443,0.7915750220786191,-0.018155902719999895,0.1449801456171
1552018,776.009,0.3738527756538461,1.1431339918865602,0.2677168681133479,0.8257366912497879,0.05313313009999976,0.157387509475
1556018,778.009,0.46090162258,1.0410428685171509,0.2844216505313795,0.8993146115573107,-0.08089220523999996,0.2256302726448
1560018,780.009,0.4071009434176923,1.0771844093836942,0.2566342944719274,0.8371178367568948,-0.011111348869999982,0.2864041971047
1564018,782.009,0.3992632535807692,1.0673911552207154,0.26711436006500144,0.8260414719291502,-0.026892542819999976,0.1964531969286
1568018,784.009,0.3702796422638462,1.015077188545416,0.24371776794220348,0.7384286333530513,-0.0636433660900001,0.2403531405134
1572018,786.009,0.4356453739661538,0.9992398321703633,0.2723682266924059,0.8584076106601018,-0.13747271895000013,0.37206274364044
1576018,788.009,0.540222993266923,0.8533568576257076,0.2869916168465555,0.892904932254835,-0.18849584460000007,0.39926335308708
1580018,790.009,-0.20561364063999996,0.9234842284880562,0.24080353111644784,0.7516278733860202,0.1466010809,0.248457002454
1584018,792.009,-0.11355135991153846,0.7542192187477594,0.2251608413472432,0.675743925617729,0.033397287120000174,0.145935453475
1588018,794.009,0.1778021815876923,0.5150111976288997,0.2325927779486994,0.7554734407595133,0.008740216417999769,0.1110063896056
1592018,796.009,0.25861979046649997,0.4074711766944008,0.22081946583508721,0.725357357542922,0.2556458115200001,-0.0694534671508
1596018,798.009,0.25331392311246154,0.3507426230424467,0.2200837511212263,0.7091307520252422,0.17715317016999999,0.031670938712700006
1600018,800.009,0.26234012269,0.33910880206328303,0.23237035790265115,0.7902028457362861,0.11483332521,0.0335479176133
1604018,802.009,0.3159693880733846,0.3196203534754314,0.23840407777885014,0.7812586222662341,0.1613648831200002,-0.0175492982378
1608018,804.009,0.3327414897776923,0.04859605399604022,0.2304285865705082,0.658769508448681,0.031178772480000227,-0.5282942345357
1612018,806.009,0.2287129106423077,0.048546798730756034,0.2167847139885322,0.708293077727605,0.45138266673700006,-0.2512134825799
1616018,808.009,0.3161836954276923,0.05333836330835806,0.23687875636146977,0.8004976535983528,0.51526209713,-0.2501466567614
1620018,810.009,0.2864980135976923,0.050843559117111324,0.23904249329585017,0.7620897361798546,0.5160081386409999,-0.2917166240511
1624018,812.009,0.33000588646230766,0.056272423605055154,0.20993891099709822,0.7282472965258544,0.4824374616220001,-0.1893651736897
1628018,814.009,0.2552252583769231,0.053175524354698855,0.20687691493249166,0.665984962826687,0.39642637969900013,-0.1954978257413
1632019,816.0095,0.21112697284923077,0.044773791359827175,0.2353645771512596,0.7312618804057209,0.3576682806040001,-0.1772552821801
1636019,818.0095,0.18738878690307692,0.03738054953208189,0.22964853521948675,0.7896365229827617,0.3423166871064001,-0.1436511655354
1640019,820.0095,0.3193237506423077,0.059705829521724665,0.2527425242710809,0.9596014159066079,0.360086709257,-0.1468034307474
1644019,822.0095,0.3435448453984616,0.038771084656923485,0.2226930779571331,0.7684480972357173,0.04204273221600005,0.0890226848416
1648019,824.0095,0.3623794087976923,0.03307809388447507,0.25100923518678936,0.8970196071493693,0.15151035785300004,0.003534773830569998
1652019,826.0095,0.35310858488153846,0.008858730745365629,0.23341145537418959,0.7081637931488214,0.23658826946599987,-0.041732323822052
1656020,828.01,0.30748555981153847,0.018320067224869636,0.21057524066129985,0.7331285890939394,0.32282611727500005,-0.10407073120489999
1660020,830.01,0.4044012541969231,0.10190710741846254,0.22447132306558448,0.7988106763784081,0.07638227938799996,0.028253936674560002
1664020,832.01,0.3707841428415385,0.07930160814936847,0.2264901326930447,0.8144326341959547,0.2265227437040001,0.07165924413149999
1668020,834.01,0.35888557250692305,0.05117375922966671,0.256908888127768,0.8465567384249996,-0.005201935776000033,0.1656245915223
1672020,836.01,0.3597393964346154,0.11052592920325684,0.23122244697005265,0.7641997659911512,0.13044273851900007,0.026989138684639997
1676020,838.01,0.3570867593476923,0.09066410524860247,0.2672621923488067,0.8794272598124773,0.1269239783349999,0.092345240991
1680020,840.01,0.34753204308923075,0.06402638573390841,0.2387264452034836,0.8012495927253697,0.1518310010299999,0.037494566756899994
1684020,842.01,0.3693171991746154,0.07664890243326462,0.24081102976914598,0.8187412635657915,0.17662966252,0.01612938754255
1688020,844.01,0.4445689549815385,0.11985748553299115,0.24503479842194859,0.818529047882646,0.17294532060300016,-0.01653540716628
1692020,846.01,0.5072690065084615,0.09939548613541258,0.21854904500427222,0.7725924922724404,0.16591650247700013,0.02496952842793
1696020,848.01,0.45957451829538465,0.09562368093335166,0.24239274144238976,0.8637325902544487,0.12105843424800006,-0.05959704378597001
1700020,850.01,0.4116972386823077,0.10177135773248813,0.24050315528876112,0.7900665371020514,0.25141102076199995,-0.004971138666930002
1704020,852.01,0.3957124994346154,0.12465829587938856,0.23687023116266692,0.7983576604342857,0.2072074711359999,-0.0619875348654
1708020,854.01,0.3564655287907692,0.09875375075871139,0.24462366500775495,0.8435818112551475,0.2643647789869998,-0.053646771236890003
1712020,856.01,0.40711737596076925,0.11087202766327127,0.26840286349354686,0.9287848829159819,0.021999716768999922,0.1213207356627
1716020,858.01,0.40311164236999997,0.1295382526169752,0.26714568742427336,0.8976907240612123,0.2521750032770001,-0.045818637590789996
1720020,860.01,0.3486493653969231,0.10417314444258571,0.22732388967798628,0.7843773841993387,0.17292019723400026,0.0457814957481
1724020,862.01,0.40678846835923077,0.12464536006971283,0.22966974940375257,0.8066692032718928,0.123088359837,-0.008918397827040002
1728020,864.01,0.43245553053307695,0.13872448576153595,0.2537225434279763,0.7977011449006042,0.17991131543699995,0.05283598881200001
1732020,866.01,0.43559968012999994,0.15688450850308888,0.24781708589870396,0.8383922498221211,0.011000454439999974,0.1276605348107
1736020,868.01,0.4398508278215385,0.12528408803496704,0.18593568763093518,0.6502889520693137,-1.144015461189,0.35489479103120003
1740020,870.01,0.572868177523077,0.21037196146272752,0.2820256114202422,0.9523278661434322,0.23213228584400003,-0.04446984874104
1744020,872.01,0.6277653185215384,0.1926137135428495,0.2972572507997749,1.0731747071199722,0.14622822404299998,-0.01810871157635
1748020,874.01,0.545484377786923,0.20450995284491325,0.24888095113188566,0.8249331190609577,0.22739070653299998,-0.0392364368305
1752020,876.01,0.4994891939261539,0.18654475214184502,0.2338840938767563,0.8189369444021884,0.3151788413440001,-0.0785586736158
1756020,878.01,0.4830927424707693,0.17447825829835392,0.2412333743273887,0.8879359324898507,0.298997521393,-0.1505374531273
1760020,880.01,0.44705206499692307,0.164145907271474,0.2360424989336464,0.8251105216143533,0.3799663186039999,-0.1721975500692
1764020,882.01,0.4224539777415385,0.15396874895899504,0.25401438414020894,0.9056431607592413,0.12770384550300012,-0.04675822844569
1768020,884.01,0.44820684538384614,0.15332710486087087,0.2081467511190046,0.7274496248472601,0.05430972575499993,0.08934218157072
1772020,886.01,0.4423174227669231,0.15531124958514322,0.23239161728053598,0.8143613392902878,0.13274249432899998,0.03596878633791
1776020,888.01,0.48106095997000003,0.17535163142614152,0.23744379003072463,0.7838267599185593,0.01617437600999999,0.08790197130220001
1780020,890.01,0.5167277822138462,0.18675074917732193,0.2199377254635372,0.7397158993861511,0.0316058993379999,0.1224652100361
1784020,892.01,0.5256280532261539,0.17766830631741035,0.24880808898024118,0.9168752730645902,0.11706334352499997,0.054193990304274
1788020,894.01,0.4978246115723077,0.18410015161724394,0.22131464319342473,0.7720850323842214,0.10141187906469995,0.1313309995446
1792020,896.01,0.50813718484,0.19735744426782378,0.2128963681385148,0.7316938476974121,0.08049091696799998,-0.0005069710311600036
1796020,898.01,0.4767278111892308,0.17309200198166863,0.2350493348671404,0.8236438352246116,0.0852531492589999,0.0735779264949
1800020,900.01,0.49216990172846153,0.19481148356268074,0.22091490872506997,0.8258515066549305,0.0641401708190002,0.06593502312847
1804020,902.01,0.4401366607492308,0.16628307097398357,0.2640221777663734,0.9394870770332461,0.17104548215699983,0.06359000829988
1808020,904.01,0.3482192594269231,0.025911821734164803,0.12899523286219425,0.46066920770441355,-0.2903134524779,0.4617417771387
1812020,906.01,0.4575031720676923,0.1191555358749942,0.2479734110147447,0.8739317408316505,0.024799466130999898,0.1277789417661
1816020,908.01,0.42503522451153847,0.08902985723657914,0.22645317687545483,0.8098383418384236,0.036432594064999935,0.1349828271203
1820020,910.01,0.4813757034446154,0.09977804916617455,0.2231784301354165,0.8040650733686523,-0.10492572189099986,0.1942672613058
1824021,912.0105,0.47141022636384616,0.11174112894999935,0.2276845587929225,0.8324169441972108,0.23118954897849997,0.0938300269183
1828021,914.0105,0.722719190213077,0.26059392976249357,0.25629260460647063,0.9762996749189787,-0.14421364664799993,0.2297650421971
1832021,916.0105,0.5938682166430769,0.19672707518777027,0.21831945693814678,0.7807755995828136,-0.19824996590399996,0.2735924455335
1836021,918.0105,0.4161259142246154,0.12474382639242698,0.2625946621746161,0.9747244948760698,0.12270113824299991,-0.0205969747632
1840021,920.0105,0.35525973943461536,0.09803980819520822,0.2076777783920439,0.7841731629985085,-0.19185841081800006,0.12691066507329998
1844021,922.0105,0.43093312703615383,0.14052256925408266,0.24218878766784518,0.8628032524709107,0.1595327109090001,0.06088139442808001
1848021,924.0105,0.5040920560161538,0.1701094402220065,0.29119392017333995,1.0748180900489794,0.21078333257999976,0.06946266954833
1852021,926.0105,0.40733537307230766,0.13722427813100269,0.2099037277991188,0.7712351349155427,-0.03435745836260001,0.09721464337881
1856021,928.0105,0.623122350526923,0.2096324163867576,0.26921083283219394,0.9909490562483714,-0.050883889201000065,0.14606841118209998
1860021,930.0105,0.54105545695,0.13822807234721737,0.19521867100748655,0.7026394512678118,-0.011288732275999913,0.2416596733963
1864021,932.0105,0.4907961418992307,0.13020026718573185,0.2238587111832627,0.8817861742772356,-0.12183794380000018,0.23263261793103
1868021,934.0105,0.4822431871530769,0.1453838095142102,0.24507654443319848,0.8851897963913238,-0.09399278461700006,0.23147798096693
1872021,936.0105,0.5175951833915384,0.16181115688900616,0.21808991246329895,0.7777599282425001,-0.142215490345,0.3436342738559
1876021,938.0105,0.4787383881892308,0.14194173063295742,0.24728427826136773,0.8738634445535537,-0.17451001702699984,0.30751761235491
1880021,940.0105,0.47094823305384614,0.15281501908623446,0.29977136807281524,1.0862891932197252,-0.016814887529000122,0.2044709492471
1884021,942.0105,0.4473602404969231,0.12308034825936422,0.22788017068242408,0.765190133471138,-0.123441427948,0.31317200837590997
1888021,944.0105,0.47637321398846155,0.13454612775845057,0.286073159081259,1.056406243216735,-0.07510188221200001,0.22831301134912
1892021,946.0105,0.46377552931,0.13979887160904708,0.26236872178355425,0.9478282378475581,-0.11857652665500004,0.325000263749956
1896021,948.0105,0.4385920671338462,0.1267600007546339,0.23149414959829945,0.8159401004507428,-0.11950391530300009,0.2629210040887
1900021,950.0105,0.4474848142046154,0.12951721852393613,0.1987383650338958,0.7062602769793555,-0.029977768664000037,0.2744765884714
1904021,952.0105,0.4779409284776923,0.13824559150019372,0.19566094755248306,0.7347288082360174,0.029109835603000067,0.1499117673381
1908021,954.0105,0.5213073858838462,0.17778554669904575,0.27645615410882873,1.0071730133132397,0.06058984995299993,0.1917991451922
1912021,956.0105,0.45108519379846157,0.13007885752242998,0.23094672882448566,0.8474360715769357,-0.051449149868000005,0.22213107254311
1916021,958.0105,0.4417376518253846,0.12191665396305192,0.24128414255606487,0.9168676419299436,0.005029410144000018,0.1339423395696
1920021,960.0105,0.41566350139153846,0.10880227442088451,0.20116788181601725,0.7404772279931167,0.053062289931000095,0.243699374143364
1924021,962.0105,0.45978028957538464,0.12645116440133566,0.23658343763116912,0.8299840139506421,-0.15067254007199998,0.322669935412
1928021,964.0105,0.4286779692553846,0.12095307684714522,0.24202385193416504,0.8715489989838165,0.07635679841299997,0.1675211186523
1932021,966.0105,0.48662452972846154,0.14188305701529658,0.21715957183306495,0.7746527462781603,0.022899687294999915,0.20326678874009999
1936022,968.011,0.39980191680076926,0.10153423081551677,0.19486682601655023,0.7192655235592584,-0.07697160541099995,0.23847149731646
1940022,970.011,0.5120573341846154,0.15551838419041022,0.22363894349490585,0.8550379127306681,0.05924890935100005,0.1725969337852
1944022,972.011,0.4425695928238461,0.1491070694049113,0.20691734204729734,0.7202898072347824,0.09487643837399987,0.19511619093750002
1948023,974.0115,0.48847160431153847,0.1541860527704672,0.24615710605816749,0.8755729125855394,0.060707569123999994,0.1493922332297
1952023,976.0115,0.43978753227461537,0.12061331921120086,0.1995217539369814,0.7388982207813017,-0.054730266334999916,0.25391644425682
1956023,978.0115,0.4955395368415385,0.16206975565953424,0.2340028339380694,0.8435955335092273,-0.11291468144099995,0.2444062093271
1960023,980.0115,0.4978037155576923,0.15690692129272074,0.2488618931679221,0.9070382717831228,0.006106674670000201,0.18411478214006
1964023,982.0115,0.5146212921692308,0.16207892159308987,0.2176487577850009,0.7836210535325159,0.1220546364799999,0.18262155586880002
1968023,984.0115,0.4825745133253846,0.15317970364001277,0.2149497297235134,0.7626836686759085,-0.08019453285999989,0.21071155136459999
1972023,986.0115,0.48546909827538465,0.1573771901363224,0.20387465126250046,0.7427534262709687,0.01316872239999986,0.20927080465443998
1976023,988.0115,0.44616535420615383,0.14346699510557523,0.22301964242754296,0.8101429649515646,-0.012714803225999993,0.2374809638142
1980023,990.0115,0.49685704937384617,0.14988009896328053,0.17892532401310526,0.6682550872773955,0.04299160838400004,0.2001455430861
1984024,992.012,0.438107064136923,0.11909209321798638,0.22168599188155486,0.819409595791885,-0.008377164596000075,0.29051094083105
1988024,994.012,0.4269810777446154,0.10950094739038116,0.20655421047704065,0.8043963560472064,-0.09873346984899997,0.22320762928492
1992024,996.012,0.48456606727384616,0.14295532113221499,0.2356242625367921,0.856928465343825,-0.006759077318000101,0.249567835592148
1996024,998.012,0.5258242579592308,0.17070428937616258,0.23495832899845356,0.8858949645406943,-0.13748517631700005,0.2481111423099
2000024,1000.012,0.4705912149869231,0.1308681522930832,0.22188794372970302,0.8127488326044149,-0.09246277808900003,0.2597715063002
2004024,1002.012,0.4798428026523077,0.10204429945719666,0.22934377527709016,0.8225843209331077,-0.06200908124499996,0.2686351509767
2008024,1004.012,0.47613162489999994,0.09334674035818633,0.24813801865509696,0.9275288214772827,0.0795305073390001,0.15935011371108
2012024,1006.012,0.4659757889223077,0.0914609262754727,0.20240639475288877,0.7483180767699444,0.138776794073,0.11213260237187
2016024,1008.012,0.45520594945230763,0.08689962883032318,0.21809035995466455,0.8099161575890574,0.07583603263500008,0.1515594911772
2020024,1010.012,0.49476937605692306,0.11003163569114995,0.21755448862508478,0.8251946545172701,-0.020816832770999882,0.06251146108757
2024024,1012.012,0.4278864608353846,0.07722068480926444,0.17746913850563745,0.6508320247218433,0.134488075977,0.06487965886447
2028024,1014.012,0.42208002393076927,0.06844329304522144,0.20183848195222284,0.7788533774791144,0.27287375925299984,-0.018773622578
2032025,1016.0125,0.5931944801253846,0.17117476601142106,0.23147719437479808,0.8485055443077557,0.07329940796800005,0.10945287090719999
2036025,1018.0125,0.41588408442538466,0.06493701707410839,0.20871415564078108,0.770768335458916,-0.11932945249999993,0.15193004673208
2040026,1020.013,0.5041485703923076,0.15200059252892403,0.23426946458730316,0.8850428885166836,0.1256190538235999,0.057329460512209995
2044026,1022.013,0.4906318508661539,0.12330028630670874,0.2161458033289357,0.8196437501944845,0.019161090251000018,0.1709617408932
2048026,1024.013,0.46652940603461535,0.11371651828559771,0.20692167791660956,0.7863577165308266,-0.18825595080699994,0.2581623983557
2052026,1026.013,0.5001367261761539,0.12790653523922169,0.21580638514949485,0.7924378082404264,-0.1059857308939999,0.1993177067508
2056026,1028.013,0.4295502282092307,0.09782042031346153,0.2050745002938343,0.7668711845650799,-0.02205184102000013,0.2180488710304
2060026,1030.013,0.44094805304615386,0.10790555405776849,0.22326584956183299,0.8057554430221695,-0.05829849840099993,0.1954998138831
2064027,1032.0135,0.44393867254153846,0.11901335824640148,0.2607796183202135,0.937450085553714,0.13582721352800003,0.1464552450943
2068027,1034.0135,0.46421038416692306,0.12387422396722969,0.2031949523868658,0.7786421854979877,-0.028799980872000003,0.2220686103682
2072027,1036.0135,0.4167038637861538,0.1110022385614301,0.19505298177023353,0.7052123236281833,-0.10889771581199997,0.2004596029882
2076027,1038.0135,0.39323251981,0.08556595008406774,0.21452214831828237,0.7826647409459208,-0.05971588194399985,0.2495532338508
2080027,1040.0135,0.42391915046384615,0.10820632880566598,0.21647399609700485,0.7800710150816642,-0.05789935589500017,0.22664576722365
2084027,1042.0135,0.45997471763538467,0.10683835698918658,0.21439307891653311,0.7965191834631811,0.03284689782699998,0.1700731669552
2088027,1044.0135,0.41617481525230765,0.09821682060092501,0.1848674344833502,0.7205615809392061,-0.014369413234000011,0.2041129055424
2092027,1046.0135,0.4370092932976923,0.09997451880320438,0.2284847499067171,0.818926008640754,-0.27152797580900007,0.2400383101779
2096027,1048.0135,0.44696005720307685,0.10818118595154486,0.198242633963955,0.7440710367180654,-0.02862004938399998,0.1792295267806
2100027,1050.0135,0.4447658864353846,0.10678095198232397,0.20350361193872618,0.766933042580026,-0.01789803805200002,0.1597989588043
2104027,1052.0135,0.3359372111453846,0.05165526409955977,0.19069140242532126,0.7593776434512028,-0.026064783336000152,0.19782851636399
2108027,1054.0135,0.41440692544,0.08998596007707102,0.19045693035578118,0.7350035408216757,0.059775114058999934,0.1771481940535
2112027,1056.0135,0.41078126201307696,0.10618968650540114,0.1873544656776385,0.7153471072317475,-0.13771095871299993,0.23294691555240002
2116027,1058.0135,0.4507193427830769,0.12274488901448682,0.18867857861807547,0.7296780304544337,-0.166408076882,0.21546957409069
2120027,1060.0135,0.4318838990653846,0.12341982945200992,0.20037499847168336,0.7613486202780072,-0.006645977494999983,0.21596079180016
2124027,1062.0135,0.35878092509,0.09594826539749943,0.2192604943740384,0.8267617489544988,-0.02885966002099996,0.161535826046075
2128027,1064.0135,0.3783332373084616,0.10504428421139352,0.2088145765388666,0.7934128215006372,-0.04427470265999997,0.1563178529034
2132027,1066.0135,0.4048246924692308,0.1072999912306786,0.21306942666077536,0.81016805800186,0.050791606298,0.205791357904767
2136027,1068.0135,0.4162968878561539,0.1166438302963852,0.19032812662481724,0.6641051902688095,-0.068241208793,0.2621859272478
2140027,1070.0135,0.40377253981692307,0.1098385639736214,0.17564792793192047,0.6865744067050114,-0.039029836661999995,0.1829507537193
2144027,1072.0135,0.42562187405769236,0.12860608572497875,0.18463147995146806,0.6834464410231808,-0.15219825507099996,0.2028772623743
2148027,1074.0135,0.4216472048038462,0.12307764742060451,0.2114732169657946,0.8179229095820053,-0.006890505552000048,0.181102926843
2152027,1076.0135,0.44324764609384615,0.13531282465357083,0.2097763199276746,0.7491785436899653,0.08610944449200003,0.1558506283916
2156027,1078.0135,0.4304526218992307,0.12878410028655388,0.20100810548826167,0.7602356700883882,0.009677380328000001,0.1518428595737
2160027,1080.0135,0.42730768368769234,0.12448576850790559,0.215424642623179,0.8002066075583966,-0.013901889305999976,0.19818656588949998
2164027,1082.0135,0.41698155494846156,0.12582718585250394,0.2077934524989484,0.7439013382538652,-0.018286094077000048,0.1909499152091
2168027,1084.0135,0.4406721420015384,0.14099711322781808,0.18428835565826626,0.7349940798038505,0.003940552474999914,0.1675377478818
2172027,1086.0135,0.41277148288076926,0.12697065528082144,0.19560184759349425,0.7123522788794444,-0.02940160035299999,0.2161193066269
2176027,1088.0135,0.4781050590361539,0.15088152829828297,0.21825214286483205,0.7987963574119701,0.09868854283000003,0.216936997603045
2180027,1090.0135,0.4454497637661538,0.14477983776197006,0.22781940677322238,0.8059237638980611,0.0032816529410000517,0.1684621768089
2184027,1092.0135,0.4457067984807692,0.13817327316967926,0.20508651491864743,0.7631001674029323,-0.0033106207939999632,0.1678700330671
2188027,1094.0135,0.4571303140653846,0.15075429810143967,0.2097415445103688,0.7887288455222797,0.07492527365599999,0.17092160857230002
2192027,1096.0135,0.48097262474307695,0.16043290208486102,0.20201625771807308,0.7672479959321036,0.035319119696999995,0.19479630747825
2196027,1098.0135,0.4591484367846154,0.14896608976457892,0.19371149945212082,0.7218593966316077,0.13832864165399997,0.10474729631053
2200027,1100.0135,0.39746519579384615,0.11859351920464302,0.18097886635474478,0.6538066902368382,-0.05680222808600002,0.20477185957133
2204027,1102.0135,0.43382120132384616,0.12881970001350362,0.200476915218533,0.7456261235830846,-0.15000182390800013,0.2726513650267
2208027,1104.0135,0.45508841367923075,0.13831020508497419,0.20063881224177127,0.7810916574144944,-0.023047491933000125,0.1581058725701
2212027,1106.0135,0.38425310529153844,0.10380157885868581,0.19981282375943793,0.7523061943086533,-0.017289966331000023,0.224988233299
2216027,1108.0135,0.743428163803077,0.24992216517130242,0.30295901031947453,1.11462947690879,-0.08615174890799998,0.3208952555446
2220027,1110.0135,0.7621213495723077,0.25125197970796503,0.25898703744201745,1.060236801624673,-0.202396422643,0.3271783543747
2224027,1112.0135,0.7600672107484615,0.2565261928671582,0.26564907269765575,1.030488991838364,-0.09849745034500003,0.2591838994985
2228027,1114.0135,0.5924086777061539,0.18588515106384834,0.23178261875695,0.9352155131997596,-0.00267480315300013,0.22965304367252
2232027,1116.0135,0.5662344396107692,0.18227693953538723,0.2155960791091225,0.8552969113747935,0.09213201701600006,0.18033257778796
2236027,1118.0135,0.4295550493115385,0.1110505471193142,0.13941861773455433,0.5303681354527072,0.14589229225800004,0.2031152183193
2240027,1120.0135,0.4989468524076923,0.14918392324390967,0.19316752499618628,0.7603335667311598,0.061409622428999985,0.1707924415824
2244027,1122.0135,0.5108040479523077,0.15189829757798987,0.21805968133612402,0.8423353702226889,0.28898131846999997,-0.12144483812040001
2248027,1124.0135,0.46597309066846154,0.1456315788746975,0.2036323239986516,0.7728767070115701,0.2121651172700001,0.008530322461900003
2252027,1126.0135,0.4143847433415384,0.12164924649044251,0.19774035587271196,0.7773536826866473,0.10985392332000002,0.006040583364100002
2256027,1128.0135,0.4598659391584616,0.13919124404197433,0.19025284793983704,0.7537534026542324,0.10080325604999998,0.03842066344768
2260027,1130.0135,0.4226752106953846,0.12219327349144672,0.18749360462253628,0.7697969645313475,0.010407283898000025,0.087926405017535
2264027,1132.0135,0.44593471288538467,0.1341830447210816,0.18076809213596443,0.7213806018058759,0.18263208864100006,-0.068872249685089
2268027,1134.0135,0.3837866416346154,0.11463753597854208,0.17336325385686044,0.6652532273319811,0.30839252471,-0.09236183203715001
2272027,1136.0135,0.43092677685,0.12238027171744259,0.19427440592827178,0.7331803713992824,0.19711279868999998,-0.041339088231829996
2276027,1138.0135,0.44113761415846153,0.1346107567673766,0.17426911977935128,0.6772046141688526,0.15436996518,0.014820110751599998
2280027,1140.0135,0.37415568301307695,0.11031812139463845,0.17563362576818078,0.6990718277560568,0.149068892,0.030896057607590004
2284027,1142.0135,0.43562849209769233,0.1502333865788565,0.19652245870668852,0.7791644117163142,0.07011863589099987,0.043405674863999995
2288027,1144.0135,0.3935732830030769,0.12981436657172726,0.1691149210946617,0.6789332531386176,0.16672103106400007,0.04338837158932
2292027,1146.0135,0.43427996452,0.1413869918911168,0.17752048815423097,0.7145485907863822,0.106327295317,0.023539512883700008
2296027,1148.0135,0.41431638827615386,0.11989361983810001,0.1830587650010696,0.7143120312158104,0.11936430633600001,0.064285445492704
2300027,1150.0135,0.3350380361092308,0.06374584694186909,0.18023149748984169,0.667620272215155,-0.006409913282999974,0.1509681469741
2304027,1152.0135,0.5562374660607692,0.1897354290122524,0.27799755055701536,1.0794795180484247,0.1766074002,0.0296821873643
2308027,1154.0135,0.6600391589676923,0.24767533234277234,0.24758252982933146,1.0086879367654098,0.18438477814600007,-0.03384554455961
2312027,1156.0135,0.5288588977784615,0.19254976235470733,0.19957780144444956,0.7731644197732008,0.14816635845399997,-0.047666159457880004
2316027,1158.0135,0.4645119355269231,0.1668453557251509,0.19306362564397336,0.736263855181307,0.24637462200200003,-0.0607156013133
2320027,1160.0135,0.44975304718230774,0.16390623686427624,0.19060669106921047,0.7194821983128026,0.115749016412,-0.05638749501714
2324027,1162.0135,0.4212558968707692,0.15324720363005023,0.18706685249263824,0.7218309958031452,0.26523938775800004,-0.12848197109929999
2328027,1164.0135,0.44403419471692307,0.16225065055326363,0.2018364910158869,0.7749669633783084,0.334259808052,-0.06414618901923999
2332027,1166.0135,0.46635880836923077,0.18201218581610976,0.19764968763845187,0.7431045478366448,0.141585379843,-0.03012265404718
2336027,1168.0135,0.44011013095307694,0.16713569181507695,0.20983640060132572,0.7797442798082892,0.06419411300400002,-0.04253801563839
2340027,1170.0135,0.4729194664038462,0.197394022916103,0.21127040907704206,0.8118250401412486,0.37529252470499996,-0.2064302428635
2344027,1172.0135,0.5611740534115385,0.24148241122144815,0.2546754322518435,0.9684932847282257,0.2437517866500001,-0.05435786908435
2348027,1174.0135,0.46798990208384617,0.18507860905913787,0.19462091201473536,0.7068840629577617,0.2702615559109999,0.07398668257470001
2352027,1176.0135,0.3810735505376923,0.13465376488896202,0.18765161382245843,0.697866552675695,0.14632666111999998,0.08975466620156
2356027,1178.0135,0.3488846799507692,0.09283530431373227,0.14810624989676954,0.5522512843824978,-0.006967864934000062,0.2321561570273
2360028,1180.014,0.44936070304692305,0.13755537639360427,0.19891259538192302,0.7209269257192409,-0.015392735592999973,0.0847863208029
2364028,1182.014,0.4400825981892308,0.12683252959393904,0.1584535389858544,0.5755026315529116,0.05258345603100001,0.13394773006422
2368028,1184.014,0.4863644333992308,0.15214711048351426,0.17479007104899583,0.6722728842113906,0.01637652516499992,0.118282320444904
2372028,1186.014,0.4215225737838461,0.11333271076472518,0.168390189767383,0.6201266062995892,0.026139654216000063,0.0651221801521
2376028,1188.014,0.3793299691046154,0.10684900006095834,0.16597184905712728,0.6209586232246169,0.005787685517000055,0.0986207842359
2380028,1190.014,0.4079351207384615,0.12472631913676553,0.1789007190547355,0.6509842063054413,0.06821323930000006,0.09133743727482
2384028,1192.014,0.39809875763307695,0.11780543333468137,0.18223493454060516,0.6926386967841769,0.06642322240999998,0.06877327617306
2388028,1194.014,0.35224464765,0.09167250685926691,0.1520042903659712,0.5677043412778539,0.020299255827999935,0.053927916800874
2392028,1196.014,0.34762556507153847,0.06673757439110271,0.19744916578393704,0.7182933522614809,0.21015818418000004,0.0172296592514
2396028,1198.014,0.3649185918846154,0.06169706374328348,0.17438394157092776,0.6368111863830355,0.10410411656999993,-0.03916450054364
2400028,1200.014,0.3666836711076923,0.06557908570051983,0.1732413537181703,0.631321642484142,0.17422519624000005,-0.05951201892532
2404028,1202.014,0.41642659902538465,0.08477776741093664,0.18983669753359808,0.6898783631008695,0.2389223128599999,-0.010578931775587
2408028,1204.014,0.40632009276923076,0.0817900268547135,0.17756271992225742,0.6598798939138941,0.20120516422,-0.08267435058933
2412028,1206.014,0.40862181553307697,0.07237518452362333,0.20607654062297964,0.7874325468625988,0.23975090681999997,-0.0920991827724
2416028,1208.014,0.4147475568153846,0.09645854421353751,0.19898567744539417,0.7510488640517996,0.29419353605000004,-0.16658428730493
2420028,1210.014,0.37176108589461543,0.07003393942706009,0.16480770922123864,0.655009078262957,0.3206032738200001,-0.15577485458867
2424028,1212.014,0.47256016043615384,0.12204633911278254,0.16374788825788916,0.6592231979971721,0.49003550410999996,-0.17346106981984
2428028,1214.014,0.40135509463384617,0.08064613371088183,0.16391395572081435,0.6663485472041704,0.3452655077,-0.19775386294307
2432028,1216.014,0.40050966464538457,0.08129256736551192,0.19294161420186942,0.7400713973798959,0.3399187102800001,-0.2184788666189
2436028,1218.014,0.41953971064923073,0.0820900868196377,0.18134439228834764,0.7230039466405989,0.31447884440000007,-0.1599834882667
2440028,1220.014,0.44629358328384616,0.09437367661444114,0.17515575241560286,0.69431617253497,0.34636821597,-0.1141068218278
2444028,1222.014,0.4358548315684615,0.08973255805434587,0.18733255195541373,0.7358138330244745,0.3027567416500001,-0.12467359611869999
2448028,1224.014,0.40231576103384614,0.08056948726472526,0.17888262650265957,0.6960044535314132,0.39598640052999995,-0.1419189991441
2452028,1226.014,0.4559048505930769,0.112955635964468,0.1838207665102223,0.713699003187776,0.2363225668600001,-0.1650869676374
2456028,1228.014,0.38128784986692305,0.09456972629671807,0.1622655261508005,0.6513837574735594,0.3077846914400001,-0.0966442208744
2460028,1230.014,0.36934224917384617,0.07585483177885531,0.16086669727413072,0.6413348994581174,0.29163634777,-0.1261489246969
2464028,1232.014,0.3927545043138461,0.07896100568181712,0.17458517502322152,0.667948201756605,0.28930361567999996,-0.09874853771270001
2468028,1234.014,0.38064361994076923,0.08281992516096469,0.19453864150674824,0.7333523379012722,0.34282551705,-0.07991193700591001
2472028,1236.014,0.37138585402538465,0.08380068072813678,0.16641995446190933,0.6571720143827466,0.30449029805999983,-0.078366718487
2476028,1238.014,0.3932730463853846,0.09332145818924109,0.1715938032972663,0.6699123595176724,0.31581640244099995,-0.0673648417012
2480028,1240.014,0.4252009460561539,0.09766988171909315,0.17957421549977276,0.6910381395257169,0.3238835260399999,-0.0940726357518
2484028,1242.014,0.4073829284069231,0.106687215761088,0.14732414281997008,0.5685460353768123,0.25655521450999996,-0.0994661352611
2488028,1244.014,0.4195787494015385,0.11029882871931271,0.182430518429282,0.7107209774142921,0.47424022853299996,-0.1446230309081
2492029,1246.0145,0.42496535640615385,0.10750640678283477,0.16559135017374166,0.6565098011173448,0.33638386427799993,-0.17798570869345
2496029,1248.0145,0.41381188997999996,0.10139477497223448,0.17813514117566212,0.6726503003817564,0.40291029961,-0.2477069911548
2500029,1250.0145,0.41445296773461543,0.1063862011933855,0.18099713064962522,0.6950675646981329,0.37910246849499996,-0.2339173429652
2504029,1252.0145,0.38119611602615383,0.0869225859160866,0.1705335340588518,0.6592898408620059,0.5057185292499999,-0.246855561622
2508029,1254.0145,0.3817432018415384,0.08762979437294358,0.18524139581924873,0.7472626046615034,0.32330211998,-0.1718603572808
2512029,1256.0145,0.38210392227461537,0.09082603467567549,0.17996843940042895,0.7087712165306131,0.2777061164360001,-0.1656322232443
2516029,1258.0145,0.4108813863546154,0.10645898643535907,0.1705315644162758,0.6849685470771423,0.3078685253690001,-0.171723986510387
2520029,1260.0145,0.3801323198361538,0.08907799697928456,0.15749123836954187,0.601693680046706,0.40363641084400004,-0.1603652872139
2524029,1262.0145,0.42886090737076926,0.10910354876657874,0.18064888307935406,0.6945479040206876,0.21441075204100005,-0.1120359082709
2528029,1264.0145,0.4012020322,0.0906674877220167,0.15786204781818583,0.6413632990029174,0.255557283751,-0.0892904740762
2532029,1266.0145,0.4175740021923077,0.09042786299623394,0.1707823930383465,0.664420551761305,0.33351531624000014,-0.1432957611971
2536029,1268.0145,0.41524315338999995,0.10147159176039808,0.17172857322316679,0.6663347401168058,0.38654509187999986,-0.1422839574515
2540029,1270.0145,0.38761476369923076,0.08640736830792291,0.1777701959436905,0.6894276577560466,0.34649418294900003,-0.1154938717362
2544030,1272.015,0.4172812195938462,0.1039296474074141,0.17141525819602957,0.6826462991673924,0.308071687801,-0.07382859638809999
2548030,1274.015,0.4226164267623077,0.1179953217128244,0.16918784757039523,0.6466925835215156,0.30573000014100016,-0.11781462421540001
2552030,1276.015,0.3911153490723077,0.08777484994258068,0.15658216350779786,0.6289158875628176,0.21409831940800003,-0.1151532148943
2556030,1278.015,0.3798302136938462,0.08960389531085114,0.16402591980746942,0.6597317298504785,0.20800316333899993,-0.0621118126431
2560030,1280.015,0.41093501907153845,0.11131216196834724,0.15523873181861553,0.609694691663772,0.2879846394100001,-0.102041866629
2564030,1282.015,0.41217634769538464,0.11554691047862702,0.18056277555858985,0.7221310795225816,0.303393252197,-0.09236856875970001
2568030,1284.015,0.4286854794392308,0.12188757901919016,0.17637710660734424,0.7125885534695029,0.230243861663,-0.045518982689300005
2572030,1286.015,0.4186071249169231,0.11329391563452047,0.1615830673297015,0.6288480903234933,0.22646249085799988,-0.0391205963677
2576030,1288.015,0.4039067717692308,0.09724580168440132,0.16673852177036486,0.6556425749978718,0.2854220122179999,-0.0940068275674
2580030,1290.015,0.40479301489307695,0.10799085356251702,0.157058534478404,0.6199988073544922,0.21503669023000005,-0.031970523530240005
2584030,1292.015,0.39313388329384613,0.10537660784805465,0.15644522056965243,0.6259010329309324,0.234147384737,-0.0833231059369
2588030,1294.015,0.3965661502807692,0.10312164176955231,0.15583905406763005,0.6186767138334326,0.18859310449300004,-0.0561019112341
2592030,1296.015,0.39764346296923075,0.1036966272886367,0.1790392687995239,0.7163613842199393,0.177520066501,-0.038035789969005
2596030,1298.015,0.38876125904153847,0.09802394158857414,0.16426108196568523,0.6610840884602557,0.18289136886700003,-0.02318143611766
2600030,1300.015,0.39238485235615383,0.09898979668527787,0.1584133520816334,0.6318013718678794,0.27433039246,-0.0474766988777
2604030,1302.015,0.4032800312246154,0.1185491428712732,0.16134719784822843,0.6451867492090335,0.26618928462700003,-0.0653146745166
2608030,1304.015,0.41707129661846154,0.12758554442676284,0.17198048851293807,0.6754990065746245,0.15042801202000008,-0.06242376100330001
2612030,1306.015,0.38941770104153844,0.09575691968343188,0.1463565680702881,0.5794935726190222,0.251878812893,-0.1017012391246
2616030,1308.015,0.4162338582369231,0.1177955103543549,0.14867250188673553,0.5946558899449784,0.2920443713640001,-0.0896944724947
2620030,1310.015,0.42417525557307695,0.12171006622312489,0.17382789972525148,0.7059123240655881,0.277107581477,-0.0702550504359
2624030,1312.015,0.40282325102692307,0.10954088307599819,0.1579383760195601,0.6312803035884562,0.29442772268600004,-0.1075746882703
2628030,1314.015,0.4139009393184615,0.11380423398210461,0.16927497632655533,0.6925928683739997,0.3430280536439999,-0.1156696379195
2632030,1316.015,0.4188632873392307,0.11523472871168995,0.16345458846429642,0.6749582050230535,0.301790989919,-0.1409695679308
2636030,1318.015,0.40381470781,0.10998220289985831,0.15356880169518122,0.6368719243526537,0.2931300550620002,-0.1022877288039
2640030,1320.015,0.3731667410869231,0.09611634422683768,0.16081468283118402,0.6520754384029666,0.24980627000699995,-0.1270228861842
2644030,1322.015,0.4150140239638462,0.09956305817263451,0.16562576946428248,0.6839467653352878,0.39126217365000004,-0.14509960124323001
2648030,1324.015,0.4331635672307692,0.11926202097107876,0.18222352284122684,0.726917838788673,0.2582839876400001,-0.09580527804871
2652030,1326.015,0.3914380211107692,0.10420869266162332,0.16511092996746063,0.6687483614664862,0.187680184847,-0.04131250828540001
2656030,1328.015,0.3752018729069231,0.09819432859478895,0.15343920351092502,0.6077703422577841,0.265929385998,-0.09158424195010001
2660030,1330.015,0.39072020925,0.10104974180688836,0.16711253555369285,0.6598926640001077,0.291632868346,-0.1160120051378
2664030,1332.015,0.39328279059769233,0.11017412364893765,0.16799812857211635,0.6819511419184022,0.270283728843,-0.0896124164571
2668030,1334.015,0.39490637871,0.10748520128443728,0.15443158744521107,0.6503542362528858,0.262780770638,-0.1243334407916
2672030,1336.015,0.39731280390923074,0.10768340793472239,0.1611554425066735,0.6495570641281874,0.3086121678489999,-0.13409407110830002
2676030,1338.015,0.4095961153515385,0.11444756002322182,0.16395422187165962,0.6845992799774118,0.2521649599130001,-0.1328356037852
2680030,1340.015,0.3745360397392308,0.09269479025071725,0.14232883668500168,0.6153747469973568,0.29635101557200005,-0.1435978584931
2684030,1342.015,0.3926691802646154,0.1070740527617922,0.17155556703452995,0.7260180279801632,0.48070237041200004,-0.1466830736021
2688030,1344.015,0.3889844073707692,0.1017787315164929,0.1630207416476484,0.663236297891207,0.38546526433,-0.1722017680279
2692030,1346.015,0.40938678612923074,0.11133149957397737,0.17794062046382003,0.7542847279815358,0.37963072954999993,-0.1421987079073
2696030,1348.015,0.39820020473923073,0.09413106809166236,0.1512589794297778,0.6259330330080619,0.2834179848449999,-0.1274802749977
2700030,1350.015,0.41866892576153847,0.09761823724985455,0.18125150826949163,0.71600287516283,0.32292397319,-0.13615440856549998
2704030,1352.015,0.4382466329976923,0.12625802079316947,0.1580323149293677,0.6453240735171945,0.3344008475579999,-0.1579294628454
2708030,1354.015,0.40959877234153846,0.11124436576589829,0.16428104789205883,0.6815879417763582,0.2708087265399999,-0.17389207566171
2712030,1356.015,0.5010702472438461,0.15322087227573647,0.171994303930412,0.7208933231856641,0.2714121937799999,-0.12294296268367
2716030,1358.015,0.3897911608215385,0.09316686221066138,0.15504115384450062,0.6579348327926908,0.250054076309,-0.0967204272754
2720030,1360.015,0.3754966602869231,0.07968111802351459,0.156615626829571,0.6786896682450098,0.304879665355,-0.1270177681003
2724030,1362.015,0.39478158263076923,0.09231939283197627,0.15001030353397532,0.635974186894975,0.32652455568,-0.17088269535566
2728030,1364.015,0.38161838971692313,0.09132319626343101,0.15759121846963955,0.6579358430258766,0.257872372855,-0.16391985537398
2732030,1366.015,0.37670868864384616,0.09353319287705218,0.16245088008473593,0.6793595709511862,0.35784959792000004,-0.1959630190405
2736030,1368.015,0.39637218530307694,0.08649611494066857,0.1647976767939604,0.668110711603648,0.29087996483,-0.14951430168022
2740030,1370.015,0.3855872337653846,0.08633926711236249,0.1661951722622854,0.6767679179800588,0.25776740907999995,-0.1898187282512
2744030,1372.015,0.4043487310423077,0.09481029352981449,0.16221590560153062,0.6761467779630232,0.33681821077499996,-0.20248656161089
2748031,1374.0155,0.39866362856,0.09340351145480888,0.16329509362172562,0.6944752103609706,0.3938356936,-0.2520244268226
2752031,1376.0155,0.4056417254292307,0.09641141668947376,0.15221256297146016,0.6241793333608598,0.324450105435,-0.20442326530118
2756031,1378.0155,0.4090876510507692,0.08945967706258491,0.1528869770130305,0.67711408482257,0.45352208613,-0.25623821932807
2760031,1380.0155,0.38967651358000005,0.08592355358791118,0.14226164463838867,0.5995776801221453,0.317822217946,-0.24090325506420002
2764032,1382.016,0.38712822703076927,0.0788416178153599,0.14404424299531218,0.5982648160775164,0.4377273023,-0.2336691413079
2768032,1384.016,0.4122466788838462,0.09179755120295001,0.1629804372362503,0.7130982255714093,0.38884947449,-0.2578871995212
2772032,1386.016,0.3893182988361538,0.07563117552391783,0.15278926206008928,0.6597044629756443,0.38753708452,-0.23727939650399998
2776032,1388.016,0.3883954469976923,0.07442180964816221,0.14202461564574784,0.5969974723111308,0.35103112460400004,-0.23223711876257
2780032,1390.016,0.38966389802769236,0.07983168420835968,0.159165546309334,0.6798804501853966,0.43414564431,-0.225464088376
2784032,1392.016,0.39500078329769234,0.0842360469772612,0.152647953046161,0.649064066174285,0.328064300131,-0.1891264803697
2788032,1394.016,0.40998339653000004,0.09161803027541286,0.14722685637062177,0.6265799995539791,0.3151811957180001,-0.13947691954722
2792032,1396.016,0.3955519910046154,0.07879143154352562,0.16949155257343101,0.7265378797207678,0.3297209292800001,-0.18076397478428
2796032,1398.016,0.3993441554215385,0.0849570905145758,0.15986837451577945,0.6904445609259133,0.26869331301,-0.13936206698363
2800032,1400.016,0.40504960601153844,0.07975661050296771,0.14838877814491117,0.6372349530923702,0.3423458486819999,-0.1174126397823
2804032,1402.016,0.40833267111076926,0.0832683029296363,0.162622561274621,0.6832877390352615,0.32700205594600007,-0.13331807265018
2808032,1404.016,0.39862544032307695,0.0771078856010378,0.1482046600792,0.6361441995859634,0.26115572451900004,-0.13201788952569998
2812032,1406.016,0.3932013419946154,0.090573433722103,0.14867373559892194,0.6446869293747226,0.24013620613800002,-0.1407534019089
2816032,1408.016,0.4048024278415384,0.08763742889405583,0.15148608443270264,0.6669495619347537,0.366290219127,-0.1622340180905
2820032,1410.016,0.40741572930153847,0.0902365674113036,0.14753370603805435,0.635019873315117,0.260319203141,-0.15492352563745
2824032,1412.016,0.4125135334630769,0.0874795318245698,0.16252432618604162,0.6859347120353795,0.32998546958,-0.1063123228958
2828032,1414.016,0.4100260023876923,0.08825306662563927,0.1533656028577721,0.6824003120392876,0.2667323350990001,-0.15237684035684002
2832032,1416.016,0.40067917567,0.0756494686389787,0.14396417230523978,0.6273562478243074,0.26922565697800005,-0.0908687901684
2836032,1418.016,0.39444513962846156,0.08089312043706146,0.16270227575908144,0.7092580223355599,0.26048184187699996,-0.12477294588491
2840032,1420.016,0.41344011059153846,0.09470677726396452,0.16271116923853984,0.7074815806103637,0.30429840088899995,-0.1193164689466
2844032,1422.016,0.42279428472923075,0.09240479325401973,0.16041590467036246,0.6932575072385999,0.24971786139099997,-0.1077351253482
2848032,1424.016,0.42520430225615385,0.09823775738875436,0.16414615644235145,0.7279143219077006,0.24169100822600004,-0.03410268248978
2852032,1426.016,0.4396631603069231,0.09599568195823009,0.1668822287016535,0.726250348783079,0.16974279283200008,-0.032363981474549997
2856032,1428.016,0.4133934218153846,0.08948059135144754,0.15854616711361286,0.703102458308675,0.19469410181199998,-0.021206740755299998
2860032,1430.016,0.4353922124076923,0.10184481397560936,0.15071551011954923,0.656951455673634,0.117100700725,-0.02684676903259
2864032,1432.016,0.4213487528830769,0.10326618188068283,0.15667417894031818,0.691127127637289,0.20286056400199998,-0.0470282984906
2868032,1434.016,0.42762509905384616,0.10244573343746846,0.14963980209832783,0.6686989638839415,0.210087880493,-0.001161712220829999
2872032,1436.016,0.43369219394923075,0.10810409287360086,0.16001626950979403,0.6834811586452543,0.15302957594499997,0.051796662621040004
2876032,1438.016,0.42187030957384614,0.0971920246338487,0.1498755136115605,0.6539673810264136,0.1582774072929999,0.028529960196629997
2880033,1440.0165,0.45127579569846155,0.11950594141883596,0.16186172322541215,0.6987977325666375,0.12034405766500009,0.02387426723718
2884033,1442.0165,0.40460691772923074,0.08356094688179007,0.1343335531765821,0.5987846746718228,0.09198679031100004,0.02402666560308
2888033,1444.0165,0.4527489795130769,0.11374501938016242,0.1469357722726353,0.6487726197718272,0.21858769655399993,0.011116174980770001
2892033,1446.0165,0.4332710963030769,0.09782743394433047,0.1483576204745665,0.6735632254659425,0.10396899280700003,0.0774745745593
2896033,1448.0165,0.4429089702076923,0.1043973683166011,0.15358346119851796,0.68871635111854,0.14460539072699996,0.0544224404742
2900033,1450.0165,0.46807440198461536,0.11861387955881975,0.1574968269168527,0.6957181314769078,0.07002811133899997,0.0638882946229
2904033,1452.0165,0.44580418329923077,0.1142233999342216,0.1425431007568866,0.6307697730419369,0.20790818333500002,0.02749741403362
2908033,1454.0165,0.44139642211076924,0.10932303122144277,0.16016755252487405,0.694619183664481,0.14711694418900007,-0.0139513409251
2912033,1456.0165,0.4076127180692308,0.089038156325999,0.15146263489491524,0.6682656817112924,0.20567467808200002,-0.0573788650801
2916033,1458.0165,0.39583537670230773,0.08682642936134373,0.148579451888656,0.65143602392681,0.13940963894199998,-0.025769378524000002
2920033,1460.0165,0.40790420312076925,0.09324364815062941,0.14866095746913097,0.6608676464519855,0.19646821915499996,-0.022105547367759
2924033,1462.0165,0.4303294443169231,0.10184513664000219,0.14951075696481017,0.6641605605186112,0.17102681100900002,-0.024212872843192998
2928033,1464.0165,0.4390091620961538,0.10571387717032892,0.15843958670890645,0.6923972937550565,0.08766812086299997,0.01011388166701
2932033,1466.0165,0.4354650217769231,0.10272768358835681,0.14442619220384112,0.6489519308360203,0.11704063417000005,-0.009694676846
2936034,1468.017,0.44550644893,0.10876402981160765,0.14533649340520083,0.6506747516864138,0.17996124923799994,0.005174513208200001
2940034,1470.017,0.4421831667430769,0.10765315517741278,0.1426461540063516,0.6310805418229731,0.2803766727310001,-0.067777096759
2944034,1472.017,0.4605424243653846,0.12166858706694345,0.16228784875455246,0.7104142039663226,0.2892090529250001,-0.1135965138668
2948034,1474.017,0.4352721388515385,0.10461286088155466,0.15833372669754509,0.6788531104623741,0.269388362764,-0.10632284125159999
2952034,1476.017,0.43429831816461534,0.10525120027452098,0.15585805600158079,0.6734165444301223,0.27428735791500003,-0.12959052715564
2956034,1478.017,0.42071124223461537,0.10380423081381597,0.16545209720477846,0.714071955607144,0.295445248484,-0.1324171796428
2960034,1480.017,0.4415807792769231,0.11030119358917198,0.15351037990121466,0.6810340331654079,0.30349378287999995,-0.09606451028929999
2964034,1482.017,0.4414177674507692,0.10689113683637325,0.15454322028241516,0.6785770040667205,0.287343651038,-0.09055688465020001
2968034,1484.017,0.4363075471846154,0.1094987170014561,0.15108377694309444,0.6734882215585739,0.26745653151500004,-0.08867177693270001
2972034,1486.017,0.4358932582230769,0.10502755780242562,0.14778681772099225,0.651587793406314,0.280284285535,-0.1033802772886
2976034,1488.017,0.43238649918615385,0.10464141515377066,0.15287144827371668,0.6877020440335457,0.214067861427,-0.0915732993754
2980034,1490.017,0.4339225200507692,0.11026862717775908,0.14832523348951102,0.6534153403356677,0.17059895396500005,-0.06061734445302
2984034,1492.017,0.4198015125884615,0.09819732508553154,0.14604331873087956,0.6475799401019302,0.15904194116999995,-0.04265020671281
2988034,1494.017,0.43391883373384615,0.11161242583501725,0.15241110463939664,0.6551566638648177,0.2840054631200001,-0.1058251347863
2992034,1496.017,0.4033329463915385,0.09323009668251352,0.14980642676304573,0.6470726457489041,0.38098327817000005,-0.1051288722099
2996034,1498.017,0.4361074864869231,0.11528495996449885,0.1507841709287355,0.6687394721706936,0.24415941535199992,-0.1545962805392
3000034,1500.017,0.44488560236307695,0.11738197718829282,0.15769120696998426,0.6820389585264146,0.28171106429000004,-0.13763642543862
3004034,1502.017,0.4296778853115385,0.10914453739546036,0.15110483410204265,0.6686824025504746,0.3449081703910001,-0.14079611515503
3008034,1504.017,0.44885784846,0.12024543170339015,0.14921963210132594,0.6533147666593329,0.329385504121,-0.13073414471122
3012034,1506.017,0.43401885261923073,0.10742958849028461,0.1541557180075147,0.6694662536628199,0.18489456178199995,-0.1266765305777
3016034,1508.017,0.4097160834530769,0.09650814206987604,0.15834029483013737,0.7007554110809247,0.2678323685990001,-0.12775268265977
3020034,1510.017,0.4238926493207692,0.10129746748542337,0.15244751580072455,0.6740076863788456,0.45871971549,-0.14993053767965
3024034,1512.017,0.41013951943461535,0.09776737642586264,0.15282200224289358,0.6660789304635765,0.30386254935900003,-0.15546861803189999
3028034,1514.017,0.44787792976153845,0.11084083733885645,0.14350958109022016,0.6553082322911365,0.2713401168570001,-0.12492802459659999
3032034,1516.017,0.43839649512153844,0.10768604557821133,0.1442675806761597,0.6370815657417755,0.25926436484899995,-0.06525762332559
3036034,1518.017,0.4411042401423077,0.11787497017910209,0.15258209822604077,0.6615699104562249,0.27756378053900005,-0.11013617226860001
3040034,1520.017,0.42661198285999996,0.10983149259806121,0.15111342306262326,0.6727287139543869,0.28081531822299993,-0.1666551798112
3044034,1522.017,0.40801564088307696,0.09705047682437302,0.1388698151686889,0.6172550594551175,0.32758246361700005,-0.1070003458299
3048034,1524.017,0.4132691598846154,0.10447753138865397,0.14100224925593335,0.6309488746029104,0.34363566339499996,-0.1336009972734
3052034,1526.017,0.44230779776076923,0.11430225996650864,0.1424132201190314,0.610607670700989,0.310977414236,-0.1113656470555
3056034,1528.017,0.42940555398307695,0.11112111098959399,0.15145556672427968,0.661022132580029,0.28225801885099994,-0.1470768826553
3060034,1530.017,0.42935318901,0.1082764465603964,0.1535298281676623,0.6653772347202346,0.34547775984,-0.1614580992617
3064034,1532.017,0.43456100959,0.10964253959145012,0.14972828998677384,0.6719994684960408,0.308733075875,-0.148675828707589
3068034,1534.017,0.43122259011769226,0.10887153720027495,0.14823215968268694,0.6649829232442246,0.327147394417,-0.16552631417368
3072034,1536.017,0.4357392306515385,0.108353742725556,0.1416495217850233,0.6246419212869848,0.23835538328099992,-0.12069121748096599
3076034,1538.017,0.45698605592384617,0.1180091463280941,0.15436120956564686,0.6802476935440139,0.37226927279799993,-0.1608061566942
3080034,1540.017,0.44926942541000003,0.11396978646727773,0.15663764225123866,0.6820903249629221,0.368629992023,-0.1724198865689
3084034,1542.017,0.42238619235769226,0.10117299938642495,0.14045432397488022,0.6191385787894009,0.300578162061,-0.17882366338905
3088034,1544.017,0.4300686602407692,0.09964620292443205,0.15398605338921215,0.6800723305522367,0.31391581150000003,-0.1614946189808
3092034,1546.017,0.4482197280115385,0.11390015926850677,0.1501302432771558,0.6588225350304177,0.295534774651,-0.1350567918273
3096034,1548.017,0.4231063150446154,0.0973862866097563,0.1415657202445288,0.6298988529907467,0.295113302758,-0.1125104809184
3100034,1550.017,0.42318562131615384,0.10194956497686893,0.1430572702809427,0.6399679241355525,0.35533718764700006,-0.15479893563483
3104034,1552.017,0.41522729396923075,0.09660936012797965,0.14532977752494658,0.644400226898945,0.28065792470499995,-0.170923653990847
3108034,1554.017,0.43411559554076923,0.10326155831148284,0.1404611534583429,0.6286559139244674,0.36698305607799997,-0.15629119891680002
3112034,1556.017,0.44089711629307693,0.10768902900779537,0.14651051690401748,0.650865858798433,0.33537291735899993,-0.129374637733418
3116034,1558.017,0.4306923494884615,0.10463998803015831,0.16166429966811016,0.7141799525010412,0.34750037640700004,-0.1620313476302
3120034,1560.017,0.43959791614461535,0.11043065251366226,0.15018681485376167,0.6790378843895374,0.37635124474400006,-0.14359837397911002
3124034,1562.017,0.44251220959846155,0.10529634166747912,0.15047896105953637,0.6714284815079161,0.364353045823,-0.157032100717
3128034,1564.017,0.45987219764692305,0.11672277977781809,0.15729457703395464,0.6828519214834456,0.27819181978999985,-0.12869405653352
3132034,1566.017,0.43398146216769234,0.10564832751075526,0.145479246794464,0.6401514592001447,0.321468405436,-0.1618343652233
3136034,1568.017,0.4415650895007692,0.10730014173784937,0.15377893216652258,0.6710089647834881,0.23220997304499993,-0.14924088073896
3140034,1570.017,0.4485915968053846,0.11067831617815083,0.15403297598474483,0.6947172702275378,0.30750286579100006,-0.1436405028209
3144035,1572.0175,0.4343039095407692,0.10436848646513248,0.14969885136933195,0.6647630733908308,0.4528002813330001,-0.1665307758378
3148035,1574.0175,0.43743285765999995,0.10398301979489429,0.1390780283713084,0.6193767801284852,0.24836336076899998,-0.10221994901164
3152035,1576.0175,0.4416890052630769,0.10479425992901335,0.15354771261791314,0.6807764345932117,0.40951721368999994,-0.19042030163243
3156035,1578.0175,0.42039166046923077,0.09643855842536751,0.14780910383855922,0.6529253023466214,0.342946887007,-0.192247028927
3160035,1580.0175,0.4325179984938462,0.10109012892494558,0.1465495316223271,0.6575924921338919,0.322083130502,-0.19667627685586
3164035,1582.0175,0.4149266894046154,0.09420558775170637,0.15730294983396506,0.683939255884983,0.37636767327699994,-0.199553230544
3168035,1584.0175,0.4130845941030769,0.09361719790854515,0.149965894882084,0.6621944345165768,0.38957665862199997,-0.2481821663687
3172035,1586.0175,0.4035173104353846,0.08845598212854952,0.14845839209919393,0.6572671022053259,0.39228142795099996,-0.26626616856306
3176035,1588.0175,0.42659477545692304,0.0945826433746361,0.1515080178758103,0.6573967328507178,0.46108016374000005,-0.30062134121539996
3180035,1590.0175,0.43063888412307694,0.10128223798040062,0.15806957379498543,0.6820879771575833,0.48314846307,-0.3310367134391
3184035,1592.0175,0.4211013844369231,0.09383504903677904,0.14444311027215012,0.6246752197174202,0.4762750565999999,-0.33444981276950003
3188035,1594.0175,0.4189640100192307,0.09621022730472863,0.1446847012716814,0.6304534076308346,0.50282203406,-0.3410203945818
3192035,1596.0175,0.43251788157769233,0.1017472109359016,0.15291418858817468,0.6893085939902164,0.48132563382000015,-0.3041189368824
3196035,1598.0175,0.43800533505461536,0.10450117398062395,0.15083303217891889,0.6594776271755156,0.394450716669,-0.2938091298572
3200035,1600.0175,0.43022562678000004,0.10189611973194698,0.15022294542142803,0.6636044119766221,0.426486521963,-0.2866908716961
3204035,1602.0175,0.43935732199538463,0.10901813995617501,0.1509974447793083,0.6634449145798793,0.4475227743450001,-0.27989399479668997
3208035,1604.0175,0.43063111717923075,0.10627959411177079,0.1446920015114735,0.6389531783176436,0.4289313778220001,-0.26164402579880003
3212035,1606.0175,0.4319721299869231,0.10701241116929253,0.147159077713088,0.6469946667401328,0.3540221899799999,-0.2475767061111
3216035,1608.0175,0.4260627627376923,0.10687456809919235,0.1547961944085946,0.6652094725209519,0.48043201864000007,-0.29125608178060003
3220035,1610.0175,0.4278533481646154,0.10619198645953057,0.14006755485025574,0.6247391238568107,0.480188094081,-0.2524404078715
3224035,1612.0175,0.43513534848461544,0.10966857604421754,0.15033887229336526,0.6630501079574898,0.48010913283,-0.24134387564749998
3228035,1614.0175,0.42428066409615384,0.1031435160009662,0.14195096089376127,0.624625932722269,0.530735723671,-0.29310437221999996
3232035,1616.0175,0.4364096568192308,0.11277552984708293,0.14012618272536587,0.614702952937704,0.448122814298,-0.28851791145100003
3236035,1618.0175,0.43675993497615384,0.10921247767218435,0.15847680772323136,0.6751158096473691,0.4922026023300001,-0.31166152562939997
3240035,1620.0175,0.45158847020230775,0.1180886368185832,0.1551145699328472,0.677402808509731,0.45170412957999984,-0.2660653013741
3244035,1622.0175,0.45016755736846154,0.11807115352881699,0.1474235766796656,0.6445304979074222,0.4172510951899999,-0.2508556195538
3248035,1624.0175,0.4438872497815385,0.10584936618786868,0.14800989290793676,0.6467886181531605,0.5500560626400001,-0.3006033911353
3252035,1626.0175,0.46517930351692305,0.11843337280462915,0.15142551823400707,0.6546789167744953,0.3919681459869999,-0.25713910628180003
3256035,1628.0175,0.44223561653615384,0.10775440650383936,0.15077748557188622,0.659980161639022,0.38843854516,-0.248217739165
3260035,1630.0175,0.4445613508038461,0.10878552050610527,0.15027771224260789,0.6629322309468774,0.42234756050799993,-0.2460775622178
3264035,1632.0175,0.43776444747,0.11132424073371884,0.15588754376796166,0.6884080822834547,0.34386616198999986,-0.2168444406707
3268035,1634.0175,0.45431712728384616,0.1197623773554991,0.15590784824315446,0.6670121463180239,0.35150192678000003,-0.21005751658221
3272035,1636.0175,0.44310563114999996,0.11003553468079244,0.1391171218645974,0.6181488106166759,0.37034774572600004,-0.2296071276056
3276035,1638.0175,0.4582235721438461,0.11777023418874517,0.1607841441377449,0.6989761379764672,0.403862223043,-0.2388839083736
3280035,1640.0175,0.4491945207115385,0.1091747651065481,0.15223657800871815,0.6565993823897149,0.3933725058859999,-0.2466395865184
3284035,1642.0175,0.45189639925846153,0.108704556741669,0.15096794161085852,0.66886119714718,0.4262932240799999,-0.2483357563612
3288035,1644.0175,0.4431775326907692,0.1096703272503465,0.1533702231522113,0.6756103770612337,0.387162558733,-0.2433144962414
3292035,1646.0175,0.45231112837846155,0.11008621641563644,0.15962156948638467,0.6953071229952894,0.43448745461,-0.195384441407552
3296035,1648.0175,0.4414025957753846,0.10920849943224498,0.15825705391072845,0.6985400775328136,0.3374664485419999,-0.21396118122968
3300035,1650.0175,0.43301874169846155,0.10202766713697235,0.1476754216626902,0.6528592639676087,0.3100935444149999,-0.2159317401207
3304035,1652.0175,0.43463673041538464,0.0981534270506431,0.14647033981072172,0.6460461542337252,0.35224492848800004,-0.18802999844571
3308036,1654.018,0.4372177032323077,0.10417480967491155,0.14394646874026187,0.6368376978306457,0.3200923055520001,-0.1787405761432
3312036,1656.018,0.41356961085230776,0.09030839062051486,0.13676888867322962,0.60184496375594,0.42855148762100004,-0.2155031084541
3316036,1658.018,0.42963761320461535,0.09694523599028565,0.14288796989885733,0.6301924513360824,0.43958711624,-0.199488719459563
3320036,1660.018,0.4445265210592308,0.10740251108300161,0.14663746632546035,0.6603212978897584,0.34356816114699995,-0.20027708867582
3324036,1662.018,0.42796476529,0.09021069232986646,0.1475960291985713,0.6550490443545929,0.38423995674300004,-0.20640749484284
3328036,1664.018,0.45152157545000005,0.10140230885695173,0.14943809773628042,0.6641616003563738,0.254331439737,-0.20093784667345999
3332036,1666.018,0.4474995594761539,0.10220749963314046,0.15145384953531965,0.6575556937011323,0.34625069050400004,-0.1647161317533
3336036,1668.018,0.45010664600615385,0.10175348152247973,0.14966787468425077,0.6672799510430194,0.33075209707200015,-0.1660800660027
3340036,1670.018,0.4504918777023077,0.10724257319255488,0.15165917211983485,0.6836506782947183,0.35019561647200004,-0.1407653058404
3344036,1672.018,0.44247057575307697,0.10145926963372091,0.15853695707307128,0.7076818196311605,0.279209718093,-0.1054632225997
3348036,1674.018,0.43348700037307697,0.0950604572516916,0.14813468141726377,0.6715612190702452,0.273861974487,-0.1446026826747
3352036,1676.018,0.44338746025,0.0977246190380055,0.14818394273995777,0.6628241827858175,0.32686345279099993,-0.12726872833506
3356036,1678.018,0.4284656827261539,0.09397726291638835,0.14498868124233172,0.6567294104276074,0.419631786646,-0.167327470148
3360036,1680.018,0.44059293545230765,0.09795698830958349,0.14914459654814757,0.6675843688417723,0.24087015539400003,-0.1657751419123
3364036,1682.018,0.4262155982153846,0.09260096242395882,0.14135354203975506,0.6434276292470495,0.35420224815,-0.14025464095249
3368036,1684.018,0.44191904939230764,0.10113647854237441,0.1523824166900329,0.6833847367221496,0.26825238764599996,-0.12930129840878
3372036,1686.018,0.45272701061769227,0.10354445624280129,0.14983148866669357,0.6775602788031119,0.268043763942,-0.1120843589292
3376036,1688.018,0.45257392296384613,0.10321653540682091,0.15463637483287998,0.6994994586923018,0.28180851043700006,-0.1171081745987
3380036,1690.018,0.46366787186,0.10690466825907831,0.15277574559628748,0.6858298104959737,0.30380158871100005,-0.11763797793538999
3384036,1692.018,0.4533942364723077,0.0957269103977629,0.1543125020342345,0.6943768670925713,0.282263174652,-0.1448119559787
3388036,1694.018,0.43719866413384617,0.09563510962519121,0.1489059542493756,0.6745083655036689,0.35388500987599997,-0.123161078429027
3392037,1696.0185,0.4431127332715385,0.10312993802018226,0.1584596023092891,0.708452570223343,0.34952191263200005,-0.11482578911773
3396037,1698.0185,0.4459306918661538,0.10224781711430386,0.14913509832631136,0.6662716137551209,0.332788147027,-0.1353255263535
3400037,1700.0185,0.43876928778923074,0.09364736465064388,0.14127351783084283,0.6321431432652752,0.28353426605599996,-0.11672263639052
3404037,1702.0185,0.4428536754384615,0.09397728053417466,0.1465516740423759,0.6650683242013546,0.29269469528500003,-0.1514947088435
3408037,1704.0185,0.43810581243999996,0.09980874541517705,0.14663656834717947,0.661812700861058,0.3071563839840001,-0.12036111624873
3412037,1706.0185,0.4527665835146154,0.1021437977711478,0.14799357185226117,0.6753669875639872,0.26682031155799996,-0.1141582834515
3416037,1708.0185,0.4620572374407692,0.1100797628489894,0.15526467879066616,0.6892728326740012,0.299513563525,-0.11763988807760001
3420037,1710.0185,0.45328797743923077,0.10426759118315733,0.14990638639105824,0.6800800276283385,0.307500332603,-0.13024938432392
3424037,1712.0185,0.45925139005307697,0.10697729100416455,0.15301194166781018,0.6832694028361902,0.258324719966,-0.13021622132542
3428037,1714.0185,0.4462094880076923,0.09976848341413273,0.1460852375044849,0.6631438769712521,0.303458161652,-0.1494118841367
3432037,1716.0185,0.45197180372,0.10222584816958652,0.1466547674759065,0.6597920984794026,0.30490166694100007,-0.126601571216446
3436037,1718.0185,0.4574236319623077,0.10538222772270635,0.1440170531048029,0.6586883825363152,0.3401386141650001,-0.1390991883825
3440037,1720.0185,0.45471788369615385,0.10494145145065273,0.15018352157126186,0.6821225399232453,0.3663525208849999,-0.1674319163404
3444037,1722.0185,0.47791627278769233,0.11490871670216095,0.15204628284358995,0.6864632015311962,0.28437066823,-0.145726645365
3448037,1724.0185,0.46887306983615384,0.11369480014637355,0.1441839395339246,0.6634345987142372,0.286881789565,-0.1391843464228
3452037,1726.0185,0.45781917755384616,0.10240205686547883,0.1528891022965712,0.6943796766576533,0.34091076254499997,-0.1510818907987
3456037,1728.0185,0.4691963127023077,0.10809232494089789,0.15660007010970983,0.7070378863970392,0.343118555862,-0.1692387503586
3460037,1730.0185,0.4650537715515385,0.1066282576809923,0.1518276467024397,0.67382120708823,0.33937194198200005,-0.1711954395292
3464037,1732.0185,0.45763965982615384,0.10510614936727626,0.15273944988478524,0.6882109694046475,0.3050336763310001,-0.15916943550090001
3468037,1734.0185,0.4617123993546154,0.10249086764083418,0.14722240207554013,0.664651679252633,0.38644387573100003,-0.1705238544366
3472037,1736.0185,0.46396845579153845,0.10605973468941418,0.15545865581709772,0.6921347961293102,0.34612954407599994,-0.18463882617813998
3476037,1738.0185,0.4783709278469231,0.09549893334826864,0.14967209097045947,0.6724998756400465,0.359283044931,-0.1940042001659
3480037,1740.0185,0.4689633181453846,0.09364309470048639,0.1517729347693993,0.6868838395599753,0.3301806822440001,-0.19281166791945
3484037,1742.0185,0.46754641487000004,0.09745377602594073,0.15096505160240387,0.6791311082875252,0.37286344914899994,-0.21672787633840002
3488037,1744.0185,0.46917269550692303,0.10036763581035864,0.14863372162127383,0.6729095987212468,0.3913657367350001,-0.2110428763564
3492037,1746.0185,0.47022009125153846,0.10170340511529052,0.14891638828456435,0.6742441318237808,0.3688691854450001,-0.19691666867631
3496037,1748.0185,0.4740472894446154,0.10550392993598831,0.15351930273806993,0.7030971318365702,0.36576822399399994,-0.20577692007753
3500037,1750.0185,0.46851510955692305,0.10253644019002822,0.15237950273460604,0.6843131742390108,0.39409060775099997,-0.20503508113258
3504037,1752.0185,0.46537215663769227,0.1008328410788417,0.1509706509583832,0.6834765318323778,0.377108760173,-0.1904898970378
3508037,1754.0185,0.4612389023469231,0.09623918551156944,0.15663461692597258,0.7100566530465188,0.397875934837,-0.2297579171149
3512037,1756.0185,0.4645446355523077,0.10117668888851886,0.15055961603239437,0.6804348401947172,0.369753926995,-0.222149738576
3516037,1758.0185,0.4578157457023077,0.09831811227271298,0.14449639148612137,0.6615199588541443,0.368828393524,-0.2031386813602
3520037,1760.0185,0.4664981158892308,0.10522724137250346,0.15119658798700006,0.686253094754246,0.380469374363,-0.18823352688922
3524037,1762.0185,0.45915764799461545,0.10067035878073703,0.1473792054676613,0.6769190803437382,0.375423729444,-0.1934685502204439
3528037,1764.0185,0.4559951195353846,0.10138174313572312,0.15086071169918586,0.6793508601133149,0.3866112828259999,-0.19609159557059
3532037,1766.0185,0.4637035819207692,0.10479928883264714,0.15232164131586362,0.6974708812548134,0.40824010966899993,-0.2260749235284
3536037,1768.0185,0.46091659481846153,0.1053696454770373,0.1517432512062578,0.6925167091411354,0.375877834866,-0.192990971729583
3540037,1770.0185,0.4548747677053846,0.09676142422728062,0.15032961786518986,0.6853198955613601,0.3993974179079999,-0.19265645556218
3544037,1772.0185,0.4597666148946154,0.10523675694624358,0.15467696732701192,0.6898759105862712,0.388076685372,-0.20864297309853
3548037,1774.0185,0.4610984944369231,0.10139673131849108,0.14618636307519545,0.6632336888461102,0.40532507747999996,-0.2080830745393
3552038,1776.019,0.46150185053230763,0.10481710668527637,0.14741617944438126,0.6757797329960239,0.3800459653220001,-0.2258841774888
3556038,1778.019,0.4563992046392308,0.09964564271770483,0.14794712403488192,0.6783853245042852,0.415776841346,-0.2198688331984
3560038,1780.019,0.4720965967730769,0.11048996356733598,0.15190199710727928,0.6826459227958969,0.4297538846640001,-0.19318080227803
3564038,1782.019,0.4580630316207692,0.099669571769574,0.14890733514899615,0.6778128841896482,0.449863649907,-0.2082508995648
3568038,1784.019,0.4589867247976923,0.10261977112168569,0.15002004208538516,0.6779662279234717,0.4373733624710001,-0.2189528779123
3572038,1786.019,0.47346869340307696,0.10945613895398469,0.14997024209574358,0.685258875559158,0.38268728555,-0.2328816037633
3576038,1788.019,0.4735687466761539,0.11085015409892557,0.1536175166800276,0.6979898954247032,0.44031361490700005,-0.2327936734072
3580038,1790.019,0.4706528782846154,0.10675369644324645,0.154031555973252,0.6895009495522705,0.33968774974300003,-0.2292403357556
3584038,1792.019,0.46897130975307694,0.1047191211052419,0.1506021343982857,0.6847766831212725,0.3735424876250001,-0.2161719924788
3588038,1794.019,0.4707910349746154,0.1064071307561339,0.1550664072348607,0.7033370584916901,0.42552945017000005,-0.2242028932099
3592038,1796.019,0.47453182935615384,0.10677629266604959,0.1547626369637715,0.6961246172356557,0.407184608292,-0.2165245674558
3596038,1798.019,0.46945693401153843,0.10397263866922923,0.15046680329200426,0.6917107310335872,0.4394488707190001,-0.20940250647279998
3600038,1800.019,0.47377408467846155,0.10848365840481398,0.1457502477485104,0.6687321864631637,0.41436187924400003,-0.2212091661063
3604038,1802.019,0.4755228689076923,0.1104161089321355,0.14928580407480505,0.6791344582249352,0.46914587914999994,-0.24680905183854002
3608038,1804.019,0.4766660859961539,0.11171483726857553,0.150836150144634,0.693395133215146,0.39073304087899996,-0.2365477217817
3612038,1806.019,0.4673849321323077,0.10529636681839909,0.14452907780473312,0.6591400534538636,0.40487488359999985,-0.25208952836672
3616038,1808.019,0.46171573263000004,0.10183538858229929,0.1481980879247155,0.6724588780396545,0.38896171747600006,-0.2576661154149
3620038,1810.019,0.4571938629338461,0.10368956874106344,0.15236998844393473,0.6921792727745315,0.45497485994,-0.2501927251004
3624038,1812.019,0.47202412211,0.10895971893893577,0.15084557821423983,0.6852336633275541,0.39928501842200004,-0.2554802144862
3628038,1814.019,0.4584001348569231,0.10255960372684579,0.15329351615181017,0.6927271078336569,0.42741144448400004,-0.26741129998099
3632038,1816.019,0.46480080026846154,0.10470554918308031,0.14947506708257785,0.6826113913012103,0.43809332698900005,-0.2755305722829
3636038,1818.019,0.47206806448846156,0.10568599092678545,0.15267020272207524,0.6931064684383789,0.41321446003100004,-0.2688913398892
3640038,1820.019,0.4689409320161539,0.10548830853303895,0.1512995432684737,0.6894845110103112,0.41335706413000006,-0.26797403907490003
3644038,1822.019,0.4712024216476923,0.10742423590803508,0.15034128749680994,0.6867102122642239,0.4139641001790001,-0.2857470191079
3648038,1824.019,0.4777300495369231,0.10928829400879478,0.15276050830692747,0.689678597493788,0.477050185195,-0.3154507847507
3652038,1826.019,0.4716140352769231,0.10770365329677312,0.15248261569311838,0.6907492119259614,0.47605001181999995,-0.2999978736035
3656038,1828.019,0.4823748102546154,0.1119829044043368,0.15345514642041205,0.6979966887228497,0.47372757641999996,-0.2937078499251
3660038,1830.019,0.4796972824969231,0.11114345705404871,0.14954117069502865,0.6898474101534258,0.46447409688999985,-0.2880279808316
3664038,1832.019,0.4842502612338461,0.11482707992635804,0.15452365282120845,0.7133587215125355,0.44096966832,-0.2854914590732
3668038,1834.019,0.47631250665769237,0.11117577506404588,0.1505373985293678,0.6887226404772563,0.48163452000999996,-0.29203348420825
3672038,1836.019,0.48384833106692304,0.11444197453013072,0.15072377811710858,0.691203348134579,0.45279271154999995,-0.2784225759099
3676038,1838.019,0.4792123024284616,0.11252476951805362,0.15391384944157777,0.7067466062164931,0.48083361239000005,-0.27725752536041
3680038,1840.019,0.46549162956384615,0.1024969131902475,0.1481016295602488,0.6795376634743426,0.46360017357999994,-0.27676938893104
3684038,1842.019,0.4687688029723077,0.10426315127545942,0.14697868343951453,0.6762714700037061,0.429081276046,-0.2840004484165
3688038,1844.019,0.47594348283923077,0.10915685150224877,0.15328179708896963,0.6916104127523748,0.43410372734100006,-0.27268284279874
3692038,1846.019,0.47594783627153847,0.10937556714098111,0.15449225779355305,0.7036063855254943,0.455277882503,-0.27636637538624
3696038,1848.019,0.47319982831307694,0.11343691447049617,0.15176094515706226,0.6891084032153713,0.42315896600700004,-0.26714144134941
3700038,1850.019,0.47795879152923076,0.10530312612973824,0.15183386118691605,0.6971918570339365,0.44599767774,-0.26436230121098
3704038,1852.019,0.4770692082546154,0.10558139131348271,0.15116037570394972,0.6887050624595367,0.43071381749400006,-0.27239201217803
3708038,1854.019,0.47156778894923074,0.10415514270093754,0.14918620351416256,0.6841027666455516,0.43483703584,-0.25631360942496
3712038,1856.019,0.47393266742,0.10662065552880794,0.15293873771433522,0.6947848414504533,0.449328906822,-0.26112198364068
3716038,1858.019,0.47848643477307695,0.10961681115104172,0.15552320004181347,0.7097389458354796,0.4111792519769999,-0.2543524499047
3720038,1860.019,0.4767462404869231,0.10748844390978406,0.15189517568788724,0.6851504588209659,0.420881196867,-0.25936057232284
3724038,1862.019,0.4827614403684616,0.11046204346947593,0.15617504613225164,0.7099762255428066,0.44641528278,-0.2630652186928
3728038,1864.019,0.48221069803538463,0.11127102199059916,0.158807340542759,0.7234513917130727,0.4424803108,-0.2642312445685
3732038,1866.019,0.47610768675846155,0.10761387992987465,0.1563545377650131,0.715718886246357,0.4475137666,-0.2740089022546
3736038,1868.019,0.47975011284538466,0.10788826923706693,0.156344881008907,0.7075476153829984,0.44706016033999996,-0.2881446741502
3740038,1870.019,0.4783535003676923,0.10942317218325218,0.14856595147735355,0.6760898680300578,0.442573130125,-0.28709261585129997
3744038,1872.019,0.4742655501915385,0.10622993399335988,0.15284480261533126,0.6987080933417791,0.44749304652,-0.2913401778784
3748038,1874.019,0.4765880520523077,0.10808655606996431,0.15498792797516975,0.7052901198370953,0.45701374111999993,-0.2844470688153
3752039,1876.0195,0.4801064637992308,0.1111407036710497,0.15524699516696797,0.7088504918154167,0.4523973167109999,-0.2988486816171
3756039,1878.0195,0.4753084503684616,0.10720208392981558,0.15343302250654067,0.6991215346517113,0.47973641007,-0.2999445968299
3760039,1880.0195,0.4819183808107692,0.11177713224197375,0.15410022352862257,0.7031649034194031,0.45195879040500014,-0.2938342806884
3764039,1882.0195,0.4879546784446154,0.11334821819043828,0.1588161567048565,0.7229079966419069,0.4731548652100001,-0.3094030725775
3768039,1884.0195,0.48632314342846156,0.11046598043759888,0.15486370635352242,0.7057263990334925,0.48170791566000004,-0.309819635701
3772039,1886.0195,0.4847730627423077,0.11194106367165207,0.15530745808778515,0.7089175632299304,0.5095134749999999,-0.32084554201
3776039,1888.0195,0.48098860795692305,0.11062876101566835,0.1531200786438981,0.6971783937005627,0.48723602294,-0.3262322982764
3780039,1890.0195,0.48315755449846154,0.1117795239594832,0.15405415367797134,0.705443769591108,0.521330423662,-0.328882731964
3784039,1892.0195,0.48672353533384616,0.1138544433759141,0.1512641691347206,0.6911633579514174,0.48047142475000004,-0.319482936058
3788039,1894.0195,0.48386410795615387,0.11258878066774458,0.15433002952439834,0.7079934154400611,0.5289521664550001,-0.3219992713989
3792039,1896.0195,0.49112076254923076,0.1169766568231207,0.15585870260497164,0.7108704207143729,0.5451058447469999,-0.3405431811684
3796039,1898.0195,0.4886361245938462,0.11376680556552432,0.15192774585776708,0.6963869787706349,0.5177425146,-0.3263385444862
3800039,1900.0195,0.4917386105423077,0.11722942418851937,0.1520870912262338,0.6964408777312255,0.474466286586,-0.3048684983526
3804039,1902.0195,0.49273642439153853,0.11748108536881825,0.1562198344601371,0.7128422953082428,0.49193163214,-0.3230895688758
3808039,1904.0195,0.48517147394384613,0.11423753312946335,0.15606266808458708,0.7111853083509119,0.4642970711169999,-0.3241299781943
3812039,1906.0195,0.48804791157000005,0.11435958844246528,0.15481262934385895,0.7063584151132886,0.5012212619,-0.3254007194195
3816039,1908.0195,0.4884976584169231,0.11496164136903786,0.1543951753011036,0.7065920065410745,0.48792852462,-0.3213308099682
3820039,1910.0195,0.49791110937384614,0.12060262877513814,0.1578260323966822,0.725411521892251,0.4601278155900001,-0.327310183086
3824039,1912.0195,0.48900151023615385,0.11416242813693105,0.15395338112114706,0.7077521893997962,0.520708218222,-0.3302577985465
3828039,1914.0195,0.49147003889230767,0.11494503513612228,0.15469681744390704,0.7081067261580831,0.5690851434909999,-0.3276520264337
3832039,1916.0195,0.49345532289,0.11573226482828694,0.1553980497235938,0.7127092330097936,0.4930192381199999,-0.3375178631395
3836039,1918.0195,0.4863737706953846,0.11403579983751845,0.15357659739398016,0.701984240189715,0.47505729645999994,-0.3265732629243
3840040,1920.02,0.4863321781153846,0.1119922833487239,0.1532392681657696,0.7012759556508339,0.4928428530600001,-0.3260076721193
3844040,1922.02,0.48963044469230765,0.11424513548975432,0.15658461702230175,0.716008045958331,0.48670047520000015,-0.3265667296938
3848040,1924.02,0.48965731033769233,0.11375815466639412,0.15561538770037997,0.7126181022305406,0.49476386609,-0.3342308178564
3852040,1926.02,0.4887965986353846,0.11380765593105766,0.1557211176865218,0.712966663638799,0.49197966605,-0.3242389853093
3856040,1928.02,0.4875296147976923,0.11211962356584854,0.15561404903788092,0.7146441518663974,0.47869766504,-0.3487736019309
3860040,1930.02,0.49019880936769233,0.11400473321895008,0.15637226056256798,0.712674162525427,0.48603345455,-0.336120912805
3864040,1932.02,0.4887605263646154,0.1136726040376406,0.15762628162763506,0.7223305331168436,0.53014852852,-0.3286361070343
3868040,1934.02,0.48938451592692306,0.11338886969125751,0.155224539604115,0.7153486698782316,0.53117149324,-0.3527207723818
3872040,1936.02,0.49521403129230773,0.11474918198313404,0.15606331552287853,0.7140207440768049,0.50704416633,-0.3527515302413
3876040,1938.02,0.49403739892538456,0.11477084378117595,0.15816248761290158,0.7258538219086768,0.53272543848,-0.3507698816234
3880040,1940.02,0.4950782656676923,0.11521052431163083,0.1574626810874761,0.7240251823795607,0.523423075678,-0.3537147226751
3884040,1942.02,0.4937866811576923,0.11450852116468235,0.1597619339357073,0.7326816430336407,0.5209735333700001,-0.3481158195063
3888040,1944.02,0.49297137214615383,0.1136075829282721,0.15622503722760125,0.7155463552968323,0.50600565971,-0.3539224076106
3892040,1946.02,0.49550944566615385,0.11531758604616388,0.15854368952851033,0.7276940230085397,0.528061255802,-0.3559189056959
3896040,1948.02,0.5029229040330769,0.1187019031562564,0.1577465176827937,0.7233341986532096,0.52099236845,-0.3592403186478
3900040,1950.02,0.5006571687176923,0.11698808967384826,0.15698084008424545,0.7170932869251654,0.5521922931119999,-0.3541277069609
3904040,1952.02,0.5028122273784615,0.11856605332548285,0.16135415432468056,0.7368830806768952,0.50574380904,-0.3647710746172
3908040,1954.02,0.4993158945676923,0.11635060427101318,0.1571810032192693,0.7193398161753748,0.545076981185,-0.3666430609312
3912040,1956.02,0.49874688799692307,0.11627230239851437,0.1569116769667675,0.7201842587760326,0.5145847499299999,-0.3689767317829
3916040,1958.02,0.5015086371153846,0.11871491897713664,0.15939882931571012,0.7291442713483256,0.5474387630700001,-0.3827544068921
3920040,1960.02,0.5009004771715385,0.11773215229818823,0.1591473263763587,0.7301662448717732,0.5709526538830001,-0.385485979727
3924040,1962.02,0.5022047895638462,0.11829723494023206,0.1587839473757059,0.7294876861836094,0.573197230694,-0.3874055184425
3928041,1964.0205,0.5031377581446154,0.11861147213663208,0.15775992404668657,0.7231631973056761,0.55482689291,-0.3919445238999
3932041,1966.0205,0.50033063155,0.1173579466921189,0.1580559198744996,0.7265214354117695,0.56466568261,-0.401799526067
3936042,1968.021,0.504074057706923,0.11931635530774147,0.15848032332467799,0.7279534647998596,0.5817085578800001,-0.401076771321
3940042,1970.021,0.5023856942476923,0.11846483849759855,0.15901437353476583,0.731001408177148,0.562170334153,-0.39822692889600003
3944042,1972.021,0.5048568638476923,0.11944728249002341,0.16079065957638963,0.7374861933511748,0.546141408386,-0.400213798507
3948042,1974.021,0.5022461162153846,0.11751817507106464,0.15882345360983613,0.7312537098950164,0.5551235005090001,-0.404002759605
3952042,1976.021,0.502820782936923,0.11803381515631808,0.15847141875309892,0.7276615162994979,0.585243538005,-0.40627970360300003
3956043,1978.0215,0.5016203843630769,0.11696757771599034,0.158767235079048,0.7291771113563983,0.592977911248,-0.406394690275
3960043,1980.0215,0.5027705545607692,0.11797342790587478,0.15916439418875777,0.730150353526257,0.558514788748,-0.413648949937
3964043,1982.0215,0.50417767809,0.11849834576838923,0.15880980191538513,0.7281335931638099,0.5718867927830001,-0.405109867453
3968043,1984.0215,0.5037126953784615,0.11850853085518882,0.15845274300165316,0.7285974218661677,0.5761301815610002,-0.41022538487
3972043,1986.0215,0.5052701739153846,0.1192030668861939,0.15860924362718662,0.727795603946948,0.5775056034330001,-0.409168381244
3976044,1988.022,0.5053305167430769,0.11924272610771058,0.15835977248377045,0.7270687212728956,0.57922116666,-0.411804759875
3980044,1990.022,0.507541179656923,0.12032517114705861,0.15980431793919334,0.7343585709722329,0.5725418403639999,-0.410971319304
3984044,1992.022,0.5067213315238461,0.11955565436213846,0.15856099677719332,0.72921882219138,0.598199099321,-0.409099426121
3988045,1994.0225,0.5063034043861538,0.11975285387049522,0.15932295872145247,0.733019085075893,0.583799779425,-0.413893269374
3992045,1996.0225,0.50629662321,0.11951150613883771,0.15898192069560504,0.7306298807238581,0.5953135788449999,-0.415037013592
3996045,1998.0225,0.5064873993415385,0.11942360873709196,0.15927605867892602,0.732660966013657,0.590364612642,-0.413780157454
