Training set losses. Units: meV (U), meV/Å (F), meV (σ), % (R2)
    Step |      Loss |   U R2 |     U MAE |    U RMSE |   F R2 |     F MAE |    F RMSE
   25664 |  3.30e-03 |     -- |  2.27e+01 |  3.91e+01 |     -- |  2.73e+01 |  6.96e+01
   51328 |  9.21e-04 |     -- |  6.76e+00 |  9.48e+00 |     -- |  1.80e+01 |  4.11e+01
   76992 |  5.58e-04 |     -- |  5.63e+00 |  7.77e+00 |     -- |  1.46e+01 |  3.19e+01
  102656 |  4.47e-04 |     -- |  5.81e+00 |  7.93e+00 |     -- |  1.32e+01 |  2.84e+01
  128320 |  3.55e-04 |     -- |  5.15e+00 |  7.01e+00 |     -- |  1.17e+01 |  2.53e+01
  153984 |  3.06e-04 |     -- |  4.46e+00 |  6.16e+00 |     -- |  1.11e+01 |  2.36e+01
  179648 |  2.63e-04 |     -- |  4.34e+00 |  5.87e+00 |     -- |  1.03e+01 |  2.19e+01
  205312 |  2.47e-04 |     -- |  4.33e+00 |  5.99e+00 |     -- |  9.96e+00 |  2.11e+01
  230976 |  2.10e-04 |     -- |  3.95e+00 |  5.36e+00 |     -- |  9.40e+00 |  1.96e+01
  256640 |  1.94e-04 |     -- |  3.70e+00 |  5.10e+00 |     -- |  9.02e+00 |  1.88e+01
  282304 |  1.73e-04 |     -- |  4.00e+00 |  5.49e+00 |     -- |  8.50e+00 |  1.76e+01
  307968 |  1.56e-04 |     -- |  3.49e+00 |  4.71e+00 |     -- |  8.19e+00 |  1.69e+01
  333632 |  1.52e-04 |     -- |  3.80e+00 |  5.11e+00 |     -- |  8.07e+00 |  1.66e+01
  359296 |  1.32e-04 |     -- |  3.03e+00 |  4.15e+00 |     -- |  7.67e+00 |  1.56e+01
  384960 |  1.24e-04 |     -- |  3.14e+00 |  4.30e+00 |     -- |  7.40e+00 |  1.50e+01
  410624 |  1.19e-04 |     -- |  3.09e+00 |  4.21e+00 |     -- |  7.32e+00 |  1.48e+01
  436288 |  1.17e-04 |     -- |  3.07e+00 |  4.28e+00 |     -- |  7.23e+00 |  1.46e+01
  461952 |  1.09e-04 |     -- |  2.95e+00 |  3.98e+00 |     -- |  7.00e+00 |  1.42e+01
  487616 |  1.05e-04 |     -- |  3.07e+00 |  4.13e+00 |     -- |  6.86e+00 |  1.38e+01
  513280 |  1.07e-04 |     -- |  2.95e+00 |  4.07e+00 |     -- |  6.92e+00 |  1.39e+01
  538944 |  8.96e-05 |     -- |  2.34e+00 |  3.29e+00 |     -- |  6.41e+00 |  1.29e+01
  564608 |  9.95e-05 |     -- |  2.91e+00 |  3.94e+00 |     -- |  6.73e+00 |  1.35e+01
  590272 |  8.60e-05 |     -- |  2.57e+00 |  3.56e+00 |     -- |  6.23e+00 |  1.26e+01
  615936 |  9.06e-05 |     -- |  2.84e+00 |  3.89e+00 |     -- |  6.39e+00 |  1.28e+01
  641600 |  7.84e-05 |     -- |  2.28e+00 |  3.07e+00 |     -- |  6.03e+00 |  1.21e+01
  667264 |  7.79e-05 |     -- |  2.39e+00 |  3.30e+00 |     -- |  6.05e+00 |  1.20e+01
  692928 |  7.76e-05 |     -- |  2.44e+00 |  3.34e+00 |     -- |  6.01e+00 |  1.20e+01
  718592 |  7.36e-05 |     -- |  2.34e+00 |  3.13e+00 |     -- |  5.90e+00 |  1.17e+01
  744256 |  7.19e-05 |     -- |  2.38e+00 |  3.27e+00 |     -- |  5.78e+00 |  1.15e+01
  769920 |  7.10e-05 |     -- |  2.32e+00 |  3.16e+00 |     -- |  5.78e+00 |  1.15e+01
  795584 |  6.59e-05 |     -- |  2.13e+00 |  2.91e+00 |     -- |  5.59e+00 |  1.11e+01
  821248 |  6.41e-05 |     -- |  2.08e+00 |  2.85e+00 |     -- |  5.52e+00 |  1.09e+01
  846912 |  6.26e-05 |     -- |  2.06e+00 |  2.79e+00 |     -- |  5.51e+00 |  1.08e+01
  872576 |  6.10e-05 |     -- |  2.13e+00 |  2.86e+00 |     -- |  5.41e+00 |  1.07e+01
  898240 |  6.01e-05 |     -- |  2.15e+00 |  2.91e+00 |     -- |  5.35e+00 |  1.06e+01
  923904 |  6.47e-05 |     -- |  2.30e+00 |  3.16e+00 |     -- |  5.54e+00 |  1.09e+01
  949568 |  5.64e-05 |     -- |  1.91e+00 |  2.61e+00 |     -- |  5.18e+00 |  1.03e+01
  975232 |  5.99e-05 |     -- |  2.23e+00 |  3.10e+00 |     -- |  5.33e+00 |  1.05e+01
 1000896 |  5.42e-05 |     -- |  1.89e+00 |  2.63e+00 |     -- |  5.12e+00 |  1.01e+01
 1026560 |  5.84e-05 |     -- |  2.19e+00 |  2.97e+00 |     -- |  5.25e+00 |  1.04e+01
 1052224 |  5.56e-05 |     -- |  2.00e+00 |  2.82e+00 |     -- |  5.14e+00 |  1.01e+01
 1077888 |  5.15e-05 |     -- |  1.77e+00 |  2.42e+00 |     -- |  5.02e+00 |  9.84e+00
 1103552 |  5.21e-05 |     -- |  1.94e+00 |  2.75e+00 |     -- |  5.01e+00 |  9.81e+00
 1129216 |  4.97e-05 |     -- |  1.80e+00 |  2.51e+00 |     -- |  4.93e+00 |  9.64e+00
 1154880 |  5.07e-05 |     -- |  1.92e+00 |  2.59e+00 |     -- |  4.98e+00 |  9.71e+00
 1180544 |  4.78e-05 |     -- |  1.85e+00 |  2.54e+00 |     -- |  4.85e+00 |  9.43e+00
 1206208 |  4.98e-05 |     -- |  1.88e+00 |  2.62e+00 |     -- |  4.94e+00 |  9.62e+00
 1231872 |  4.90e-05 |     -- |  1.94e+00 |  2.69e+00 |     -- |  4.87e+00 |  9.52e+00
 1257536 |  4.98e-05 |     -- |  1.80e+00 |  2.55e+00 |     -- |  4.90e+00 |  9.63e+00
 1283200 |  4.54e-05 |     -- |  1.75e+00 |  2.40e+00 |     -- |  4.75e+00 |  9.21e+00
 1308864 |  4.71e-05 |     -- |  1.83e+00 |  2.54e+00 |     -- |  4.81e+00 |  9.35e+00
 1334528 |  4.44e-05 |     -- |  1.78e+00 |  2.48e+00 |     -- |  4.68e+00 |  9.07e+00
 1360192 |  4.34e-05 |     -- |  1.65e+00 |  2.26e+00 |     -- |  4.63e+00 |  9.03e+00
 1385856 |  4.21e-05 |     -- |  1.66e+00 |  2.30e+00 |     -- |  4.61e+00 |  8.88e+00
 1411520 |  4.29e-05 |     -- |  1.79e+00 |  2.43e+00 |     -- |  4.66e+00 |  8.92e+00
 1437184 |  4.14e-05 |     -- |  1.58e+00 |  2.22e+00 |     -- |  4.57e+00 |  8.80e+00
 1462848 |  4.08e-05 |     -- |  1.60e+00 |  2.16e+00 |     -- |  4.54e+00 |  8.77e+00
 1488512 |  4.23e-05 |     -- |  1.74e+00 |  2.41e+00 |     -- |  4.60e+00 |  8.86e+00
 1514176 |  4.03e-05 |     -- |  1.67e+00 |  2.24e+00 |     -- |  4.49e+00 |  8.68e+00
 1539840 |  3.95e-05 |     -- |  1.61e+00 |  2.20e+00 |     -- |  4.48e+00 |  8.60e+00
 1565504 |  3.99e-05 |     -- |  1.62e+00 |  2.19e+00 |     -- |  4.48e+00 |  8.64e+00
 1591168 |  3.81e-05 |     -- |  1.63e+00 |  2.29e+00 |     -- |  4.39e+00 |  8.42e+00
 1616832 |  3.82e-05 |     -- |  1.54e+00 |  2.10e+00 |     -- |  4.40e+00 |  8.48e+00
 1642496 |  3.88e-05 |     -- |  1.63e+00 |  2.24e+00 |     -- |  4.46e+00 |  8.51e+00
 1668160 |  3.68e-05 |     -- |  1.64e+00 |  2.19e+00 |     -- |  4.33e+00 |  8.29e+00
 1693824 |  3.49e-05 |     -- |  1.51e+00 |  2.13e+00 |     -- |  4.24e+00 |  8.08e+00
 1719488 |  3.78e-05 |     -- |  1.67e+00 |  2.27e+00 |     -- |  4.39e+00 |  8.38e+00
 1745152 |  3.62e-05 |     -- |  1.43e+00 |  2.04e+00 |     -- |  4.29e+00 |  8.24e+00
 1770816 |  3.89e-05 |     -- |  1.57e+00 |  2.13e+00 |     -- |  4.51e+00 |  8.55e+00
 1796480 |  3.62e-05 |     -- |  1.48e+00 |  2.07e+00 |     -- |  4.29e+00 |  8.24e+00
 1822144 |  3.56e-05 |     -- |  1.46e+00 |  2.09e+00 |     -- |  4.25e+00 |  8.16e+00
 1847808 |  3.38e-05 |     -- |  1.48e+00 |  2.03e+00 |     -- |  4.20e+00 |  7.95e+00
 1873472 |  3.19e-05 |     -- |  1.35e+00 |  1.85e+00 |     -- |  4.10e+00 |  7.77e+00
 1899136 |  3.58e-05 |     -- |  1.56e+00 |  2.18e+00 |     -- |  4.28e+00 |  8.16e+00
 1924800 |  3.51e-05 |     -- |  1.55e+00 |  2.12e+00 |     -- |  4.25e+00 |  8.09e+00
 1950464 |  3.33e-05 |     -- |  1.42e+00 |  1.97e+00 |     -- |  4.16e+00 |  7.91e+00
 1976128 |  3.40e-05 |     -- |  1.49e+00 |  2.03e+00 |     -- |  4.18e+00 |  7.97e+00
 2001792 |  3.19e-05 |     -- |  1.45e+00 |  1.99e+00 |     -- |  4.07e+00 |  7.74e+00
 2027456 |  3.17e-05 |     -- |  1.34e+00 |  1.85e+00 |     -- |  4.07e+00 |  7.73e+00
 2053120 |  3.22e-05 |     -- |  1.52e+00 |  2.12e+00 |     -- |  4.08e+00 |  7.72e+00
 2078784 |  3.14e-05 |     -- |  1.38e+00 |  1.88e+00 |     -- |  4.07e+00 |  7.69e+00
 2104448 |  3.07e-05 |     -- |  1.39e+00 |  1.91e+00 |     -- |  4.02e+00 |  7.59e+00
 2130112 |  3.10e-05 |     -- |  1.44e+00 |  1.93e+00 |     -- |  4.05e+00 |  7.63e+00
 2155776 |  3.11e-05 |     -- |  1.43e+00 |  1.98e+00 |     -- |  4.04e+00 |  7.63e+00
 2181440 |  2.84e-05 |     -- |  1.31e+00 |  1.76e+00 |     -- |  3.88e+00 |  7.32e+00
 2207104 |  3.16e-05 |     -- |  1.54e+00 |  2.06e+00 |     -- |  4.05e+00 |  7.66e+00
 2232768 |  2.88e-05 |     -- |  1.30e+00 |  1.76e+00 |     -- |  3.93e+00 |  7.38e+00
 2258432 |  2.96e-05 |     -- |  1.37e+00 |  1.87e+00 |     -- |  3.92e+00 |  7.45e+00
 2284096 |  3.04e-05 |     -- |  1.39e+00 |  1.95e+00 |     -- |  3.99e+00 |  7.53e+00
 2309760 |  2.92e-05 |     -- |  1.34e+00 |  1.91e+00 |     -- |  3.92e+00 |  7.39e+00
 2335424 |  3.27e-05 |     -- |  1.37e+00 |  1.99e+00 |     -- |  4.07e+00 |  7.81e+00
 2361088 |  2.75e-05 |     -- |  1.19e+00 |  1.66e+00 |     -- |  3.83e+00 |  7.22e+00
 2386752 |  2.75e-05 |     -- |  1.23e+00 |  1.70e+00 |     -- |  3.83e+00 |  7.21e+00
 2412416 |  2.70e-05 |     -- |  1.26e+00 |  1.72e+00 |     -- |  3.81e+00 |  7.14e+00
 2438080 |  2.86e-05 |     -- |  1.27e+00 |  1.78e+00 |     -- |  3.89e+00 |  7.34e+00
 2463744 |  2.69e-05 |     -- |  1.27e+00 |  1.77e+00 |     -- |  3.80e+00 |  7.12e+00
 2489408 |  2.96e-05 |     -- |  1.43e+00 |  1.98e+00 |     -- |  3.92e+00 |  7.42e+00
 2515072 |  2.77e-05 |     -- |  1.36e+00 |  1.90e+00 |     -- |  3.80e+00 |  7.17e+00
 2540736 |  2.99e-05 |     -- |  1.34e+00 |  1.92e+00 |     -- |  3.90e+00 |  7.46e+00
 2566400 |  2.69e-05 |     -- |  1.31e+00 |  1.83e+00 |     -- |  3.79e+00 |  7.10e+00
 2592064 |  2.43e-05 |     -- |  1.19e+00 |  1.63e+00 |     -- |  3.64e+00 |  6.77e+00
 2617728 |  2.66e-05 |     -- |  1.29e+00 |  1.76e+00 |     -- |  3.76e+00 |  7.07e+00
 2643392 |  2.55e-05 |     -- |  1.21e+00 |  1.65e+00 |     -- |  3.71e+00 |  6.94e+00
 2669056 |  2.66e-05 |     -- |  1.30e+00 |  1.79e+00 |     -- |  3.78e+00 |  7.05e+00
 2694720 |  2.44e-05 |     -- |  1.22e+00 |  1.66e+00 |     -- |  3.62e+00 |  6.78e+00
 2720384 |  2.71e-05 |     -- |  1.26e+00 |  1.80e+00 |     -- |  3.77e+00 |  7.13e+00
 2746048 |  2.38e-05 |     -- |  1.17e+00 |  1.60e+00 |     -- |  3.59e+00 |  6.71e+00
 2771712 |  2.48e-05 |     -- |  1.32e+00 |  1.81e+00 |     -- |  3.66e+00 |  6.81e+00
 2797376 |  2.35e-05 |     -- |  1.11e+00 |  1.52e+00 |     -- |  3.61e+00 |  6.69e+00
 2823040 |  2.72e-05 |     -- |  1.40e+00 |  1.90e+00 |     -- |  3.80e+00 |  7.11e+00
 2848704 |  2.52e-05 |     -- |  1.27e+00 |  1.78e+00 |     -- |  3.63e+00 |  6.85e+00
 2874368 |  2.37e-05 |     -- |  1.18e+00 |  1.67e+00 |     -- |  3.57e+00 |  6.67e+00
 2900032 |  2.41e-05 |     -- |  1.21e+00 |  1.68e+00 |     -- |  3.62e+00 |  6.73e+00
 2925696 |  2.39e-05 |     -- |  1.17e+00 |  1.63e+00 |     -- |  3.63e+00 |  6.72e+00
 2951360 |  2.37e-05 |     -- |  1.25e+00 |  1.71e+00 |     -- |  3.60e+00 |  6.67e+00
 2977024 |  2.28e-05 |     -- |  1.15e+00 |  1.57e+00 |     -- |  3.53e+00 |  6.57e+00
 3002688 |  2.33e-05 |     -- |  1.24e+00 |  1.69e+00 |     -- |  3.55e+00 |  6.60e+00
 3028352 |  2.40e-05 |     -- |  1.31e+00 |  1.80e+00 |     -- |  3.60e+00 |  6.68e+00
 3054016 |  2.16e-05 |     -- |  1.11e+00 |  1.52e+00 |     -- |  3.46e+00 |  6.39e+00
 3079680 |  2.20e-05 |     -- |  1.13e+00 |  1.55e+00 |     -- |  3.50e+00 |  6.44e+00
 3105344 |  2.26e-05 |     -- |  1.23e+00 |  1.71e+00 |     -- |  3.51e+00 |  6.48e+00
 3131008 |  2.21e-05 |     -- |  1.18e+00 |  1.62e+00 |     -- |  3.50e+00 |  6.44e+00
 3156672 |  2.28e-05 |     -- |  1.10e+00 |  1.53e+00 |     -- |  3.56e+00 |  6.56e+00
 3182336 |  2.19e-05 |     -- |  1.21e+00 |  1.73e+00 |     -- |  3.44e+00 |  6.38e+00
 3208000 |  2.16e-05 |     -- |  1.09e+00 |  1.52e+00 |     -- |  3.45e+00 |  6.39e+00
 3233664 |  2.13e-05 |     -- |  1.13e+00 |  1.54e+00 |     -- |  3.44e+00 |  6.34e+00
 3259328 |  2.33e-05 |     -- |  1.26e+00 |  1.73e+00 |     -- |  3.57e+00 |  6.58e+00
 3284992 |  2.22e-05 |     -- |  1.10e+00 |  1.51e+00 |     -- |  3.47e+00 |  6.49e+00
 3310656 |  2.21e-05 |     -- |  1.17e+00 |  1.62e+00 |     -- |  3.49e+00 |  6.45e+00
 3336320 |  2.17e-05 |     -- |  1.10e+00 |  1.52e+00 |     -- |  3.48e+00 |  6.40e+00
 3361984 |  2.11e-05 |     -- |  1.10e+00 |  1.52e+00 |     -- |  3.40e+00 |  6.30e+00
 3387648 |  2.01e-05 |     -- |  1.01e+00 |  1.40e+00 |     -- |  3.37e+00 |  6.18e+00
 3413312 |  2.16e-05 |     -- |  1.11e+00 |  1.58e+00 |     -- |  3.44e+00 |  6.37e+00
 3438976 |  2.11e-05 |     -- |  1.16e+00 |  1.58e+00 |     -- |  3.40e+00 |  6.29e+00
 3464640 |  2.06e-05 |     -- |  1.11e+00 |  1.54e+00 |     -- |  3.37e+00 |  6.23e+00
 3490304 |  2.22e-05 |     -- |  1.16e+00 |  1.62e+00 |     -- |  3.47e+00 |  6.45e+00
 3515968 |  1.89e-05 |     -- |  1.05e+00 |  1.44e+00 |     -- |  3.26e+00 |  5.98e+00
 3541632 |  2.06e-05 |     -- |  1.21e+00 |  1.67e+00 |     -- |  3.38e+00 |  6.19e+00
 3567296 |  1.97e-05 |     -- |  1.12e+00 |  1.53e+00 |     -- |  3.30e+00 |  6.08e+00
 3592960 |  2.04e-05 |     -- |  1.17e+00 |  1.60e+00 |     -- |  3.34e+00 |  6.18e+00
 3618624 |  1.90e-05 |     -- |  1.04e+00 |  1.42e+00 |     -- |  3.27e+00 |  5.99e+00
 3644288 |  2.07e-05 |     -- |  1.15e+00 |  1.57e+00 |     -- |  3.37e+00 |  6.22e+00
 3669952 |  1.93e-05 |     -- |  1.08e+00 |  1.48e+00 |     -- |  3.30e+00 |  6.03e+00
 3695616 |  2.09e-05 |     -- |  1.12e+00 |  1.56e+00 |     -- |  3.38e+00 |  6.26e+00
 3721280 |  1.85e-05 |     -- |  1.02e+00 |  1.41e+00 |     -- |  3.24e+00 |  5.92e+00
 3746944 |  1.97e-05 |     -- |  1.08e+00 |  1.50e+00 |     -- |  3.30e+00 |  6.08e+00
 3772608 |  1.98e-05 |     -- |  1.07e+00 |  1.53e+00 |     -- |  3.29e+00 |  6.10e+00
 3798272 |  1.90e-05 |     -- |  1.08e+00 |  1.55e+00 |     -- |  3.23e+00 |  5.96e+00
 3823936 |  1.85e-05 |     -- |  9.67e-01 |  1.34e+00 |     -- |  3.23e+00 |  5.93e+00
 3849600 |  1.94e-05 |     -- |  1.10e+00 |  1.51e+00 |     -- |  3.28e+00 |  6.03e+00
 3875264 |  1.88e-05 |     -- |  1.07e+00 |  1.48e+00 |     -- |  3.25e+00 |  5.95e+00
 3900928 |  1.86e-05 |     -- |  1.09e+00 |  1.48e+00 |     -- |  3.22e+00 |  5.91e+00
 3926592 |  1.85e-05 |     -- |  1.08e+00 |  1.51e+00 |     -- |  3.22e+00 |  5.89e+00
 3952256 |  1.83e-05 |     -- |  1.01e+00 |  1.38e+00 |     -- |  3.24e+00 |  5.89e+00
 3977920 |  1.89e-05 |     -- |  1.05e+00 |  1.44e+00 |     -- |  3.25e+00 |  5.98e+00
 4003584 |  1.83e-05 |     -- |  1.00e+00 |  1.36e+00 |     -- |  3.22e+00 |  5.90e+00
 4029248 |  1.95e-05 |     -- |  1.15e+00 |  1.59e+00 |     -- |  3.27e+00 |  6.03e+00
 4054912 |  1.80e-05 |     -- |  1.05e+00 |  1.46e+00 |     -- |  3.18e+00 |  5.82e+00
 4080576 |  1.96e-05 |     -- |  1.09e+00 |  1.55e+00 |     -- |  3.25e+00 |  6.06e+00
 4106240 |  1.65e-05 |     -- |  9.30e-01 |  1.29e+00 |     -- |  3.08e+00 |  5.59e+00
 4131904 |  1.81e-05 |     -- |  1.12e+00 |  1.53e+00 |     -- |  3.18e+00 |  5.81e+00
 4157568 |  1.78e-05 |     -- |  9.52e-01 |  1.34e+00 |     -- |  3.16e+00 |  5.81e+00
 4183232 |  1.80e-05 |     -- |  9.94e-01 |  1.35e+00 |     -- |  3.19e+00 |  5.85e+00
 4208896 |  1.70e-05 |     -- |  9.48e-01 |  1.28e+00 |     -- |  3.12e+00 |  5.68e+00
 4234560 |  1.92e-05 |     -- |  1.11e+00 |  1.58e+00 |     -- |  3.25e+00 |  5.98e+00
 4260224 |  1.77e-05 |     -- |  1.05e+00 |  1.45e+00 |     -- |  3.13e+00 |  5.76e+00
 4285888 |  1.74e-05 |     -- |  1.04e+00 |  1.46e+00 |     -- |  3.13e+00 |  5.72e+00
 4311552 |  1.70e-05 |     -- |  1.01e+00 |  1.41e+00 |     -- |  3.13e+00 |  5.66e+00
 4337216 |  1.78e-05 |     -- |  9.77e-01 |  1.36e+00 |     -- |  3.17e+00 |  5.80e+00
 4362880 |  1.65e-05 |     -- |  9.60e-01 |  1.35e+00 |     -- |  3.08e+00 |  5.59e+00
 4388544 |  1.75e-05 |     -- |  9.70e-01 |  1.35e+00 |     -- |  3.15e+00 |  5.75e+00
 4414208 |  1.70e-05 |     -- |  1.05e+00 |  1.43e+00 |     -- |  3.11e+00 |  5.65e+00
 4439872 |  1.65e-05 |     -- |  9.22e-01 |  1.31e+00 |     -- |  3.06e+00 |  5.59e+00
 4465536 |  1.72e-05 |     -- |  9.84e-01 |  1.36e+00 |     -- |  3.13e+00 |  5.69e+00
 4491200 |  1.60e-05 |     -- |  9.65e-01 |  1.32e+00 |     -- |  3.04e+00 |  5.50e+00
 4516864 |  1.69e-05 |     -- |  1.01e+00 |  1.43e+00 |     -- |  3.11e+00 |  5.63e+00
 4542528 |  1.57e-05 |     -- |  8.89e-01 |  1.25e+00 |     -- |  3.00e+00 |  5.46e+00
 4568192 |  1.68e-05 |     -- |  9.76e-01 |  1.36e+00 |     -- |  3.08e+00 |  5.64e+00
 4593856 |  1.64e-05 |     -- |  9.69e-01 |  1.33e+00 |     -- |  3.06e+00 |  5.57e+00
 4619520 |  1.69e-05 |     -- |  1.00e+00 |  1.40e+00 |     -- |  3.08e+00 |  5.64e+00
 4645184 |  1.69e-05 |     -- |  1.01e+00 |  1.41e+00 |     -- |  3.09e+00 |  5.63e+00
 4670848 |  1.65e-05 |     -- |  9.64e-01 |  1.34e+00 |     -- |  3.06e+00 |  5.58e+00
 4696512 |  1.59e-05 |     -- |  9.65e-01 |  1.35e+00 |     -- |  3.02e+00 |  5.47e+00
 4722176 |  1.65e-05 |     -- |  9.58e-01 |  1.33e+00 |     -- |  3.06e+00 |  5.58e+00
 4747840 |  1.60e-05 |     -- |  9.71e-01 |  1.35e+00 |     -- |  3.03e+00 |  5.49e+00
 4773504 |  1.56e-05 |     -- |  9.02e-01 |  1.26e+00 |     -- |  3.00e+00 |  5.43e+00
 4799168 |  1.71e-05 |     -- |  1.05e+00 |  1.43e+00 |     -- |  3.08e+00 |  5.66e+00
 4824832 |  1.61e-05 |     -- |  9.87e-01 |  1.41e+00 |     -- |  3.01e+00 |  5.49e+00
 4850496 |  1.52e-05 |     -- |  9.25e-01 |  1.25e+00 |     -- |  2.95e+00 |  5.36e+00
 4876160 |  1.74e-05 |     -- |  1.08e+00 |  1.52e+00 |     -- |  3.08e+00 |  5.67e+00
 4901824 |  1.49e-05 |     -- |  8.86e-01 |  1.23e+00 |     -- |  2.94e+00 |  5.31e+00
 4927488 |  1.58e-05 |     -- |  9.27e-01 |  1.30e+00 |     -- |  3.01e+00 |  5.47e+00
 4953152 |  1.52e-05 |     -- |  9.29e-01 |  1.26e+00 |     -- |  2.96e+00 |  5.36e+00
 4978816 |  1.57e-05 |     -- |  1.02e+00 |  1.40e+00 |     -- |  3.00e+00 |  5.43e+00
 5004480 |  1.43e-05 |     -- |  9.25e-01 |  1.27e+00 |     -- |  2.89e+00 |  5.20e+00
 5030144 |  1.58e-05 |     -- |  9.06e-01 |  1.24e+00 |     -- |  3.02e+00 |  5.48e+00
 5055808 |  1.51e-05 |     -- |  9.23e-01 |  1.26e+00 |     -- |  2.95e+00 |  5.34e+00
 5081472 |  1.44e-05 |     -- |  8.94e-01 |  1.22e+00 |     -- |  2.90e+00 |  5.22e+00
 5107136 |  1.47e-05 |     -- |  9.16e-01 |  1.29e+00 |     -- |  2.93e+00 |  5.27e+00
 5132800 |  1.49e-05 |     -- |  9.76e-01 |  1.40e+00 |     -- |  2.94e+00 |  5.27e+00
 5158464 |  1.38e-05 |     -- |  8.25e-01 |  1.14e+00 |     -- |  2.85e+00 |  5.13e+00
 5184128 |  1.60e-05 |     -- |  9.61e-01 |  1.34e+00 |     -- |  3.03e+00 |  5.49e+00
 5209792 |  1.92e-05 |     -- |  1.09e+00 |  1.76e+00 |     -- |  3.13e+00 |  5.91e+00
 5235456 |  1.30e-05 |     -- |  7.55e-01 |  1.04e+00 |     -- |  2.77e+00 |  4.99e+00
 5261120 |  1.35e-05 |     -- |  8.34e-01 |  1.16e+00 |     -- |  2.83e+00 |  5.06e+00
 5286784 |  1.43e-05 |     -- |  9.33e-01 |  1.27e+00 |     -- |  2.90e+00 |  5.19e+00
 5312448 |  1.43e-05 |     -- |  8.81e-01 |  1.22e+00 |     -- |  2.88e+00 |  5.20e+00
 5338112 |  1.52e-05 |     -- |  1.00e+00 |  1.38e+00 |     -- |  2.94e+00 |  5.34e+00
 5363776 |  1.33e-05 |     -- |  8.55e-01 |  1.16e+00 |     -- |  2.80e+00 |  5.02e+00
 5389440 |  1.42e-05 |     -- |  8.60e-01 |  1.24e+00 |     -- |  2.87e+00 |  5.17e+00
 5415104 |  1.47e-05 |     -- |  9.61e-01 |  1.33e+00 |     -- |  2.90e+00 |  5.24e+00
 5440768 |  1.45e-05 |     -- |  9.32e-01 |  1.27e+00 |     -- |  2.89e+00 |  5.23e+00
 5466432 |  1.40e-05 |     -- |  8.66e-01 |  1.21e+00 |     -- |  2.84e+00 |  5.15e+00
 5492096 |  1.39e-05 |     -- |  8.85e-01 |  1.22e+00 |     -- |  2.85e+00 |  5.13e+00
 5517760 |  1.49e-05 |     -- |  8.99e-01 |  1.27e+00 |     -- |  2.91e+00 |  5.31e+00
 5543424 |  1.40e-05 |     -- |  8.86e-01 |  1.23e+00 |     -- |  2.84e+00 |  5.13e+00
 5569088 |  1.52e-05 |     -- |  9.07e-01 |  1.32e+00 |     -- |  2.92e+00 |  5.34e+00
 5594752 |  1.29e-05 |     -- |  8.24e-01 |  1.16e+00 |     -- |  2.76e+00 |  4.95e+00
 5620416 |  1.35e-05 |     -- |  8.61e-01 |  1.16e+00 |     -- |  2.83e+00 |  5.06e+00
 5646080 |  1.34e-05 |     -- |  8.43e-01 |  1.16e+00 |     -- |  2.82e+00 |  5.03e+00
 5671744 |  1.43e-05 |     -- |  1.00e+00 |  1.39e+00 |     -- |  2.86e+00 |  5.16e+00
 5697408 |  1.28e-05 |     -- |  8.46e-01 |  1.14e+00 |     -- |  2.78e+00 |  4.94e+00
 5723072 |  1.41e-05 |     -- |  8.42e-01 |  1.17e+00 |     -- |  2.86e+00 |  5.16e+00
 5748736 |  1.42e-05 |     -- |  9.70e-01 |  1.35e+00 |     -- |  2.86e+00 |  5.15e+00
 5774400 |  1.33e-05 |     -- |  8.57e-01 |  1.15e+00 |     -- |  2.79e+00 |  5.01e+00
 5800064 |  1.37e-05 |     -- |  9.53e-01 |  1.28e+00 |     -- |  2.83e+00 |  5.07e+00
 5825728 |  1.29e-05 |     -- |  8.11e-01 |  1.11e+00 |     -- |  2.77e+00 |  4.95e+00
 5851392 |  1.35e-05 |     -- |  8.65e-01 |  1.20e+00 |     -- |  2.81e+00 |  5.05e+00
 5877056 |  1.41e-05 |     -- |  8.88e-01 |  1.24e+00 |     -- |  2.86e+00 |  5.15e+00
 5902720 |  1.30e-05 |     -- |  8.66e-01 |  1.18e+00 |     -- |  2.77e+00 |  4.96e+00
 5928384 |  1.31e-05 |     -- |  8.60e-01 |  1.20e+00 |     -- |  2.77e+00 |  4.98e+00
 5954048 |  1.40e-05 |     -- |  9.69e-01 |  1.41e+00 |     -- |  2.82e+00 |  5.09e+00
 5979712 |  1.26e-05 |     -- |  8.53e-01 |  1.16e+00 |     -- |  2.75e+00 |  4.89e+00
 6005376 |  1.30e-05 |     -- |  8.51e-01 |  1.17e+00 |     -- |  2.77e+00 |  4.96e+00
 6031040 |  1.35e-05 |     -- |  9.83e-01 |  1.40e+00 |     -- |  2.79e+00 |  5.01e+00
 6056704 |  1.34e-05 |     -- |  8.29e-01 |  1.17e+00 |     -- |  2.80e+00 |  5.03e+00
 6082368 |  1.36e-05 |     -- |  9.42e-01 |  1.33e+00 |     -- |  2.79e+00 |  5.03e+00
 6108032 |  1.31e-05 |     -- |  8.40e-01 |  1.17e+00 |     -- |  2.77e+00 |  4.98e+00
 6133696 |  1.28e-05 |     -- |  8.23e-01 |  1.16e+00 |     -- |  2.73e+00 |  4.92e+00
 6159360 |  1.24e-05 |     -- |  8.32e-01 |  1.13e+00 |     -- |  2.71e+00 |  4.84e+00
 6185024 |  1.34e-05 |     -- |  8.78e-01 |  1.23e+00 |     -- |  2.79e+00 |  5.02e+00
 6210688 |  1.33e-05 |     -- |  8.38e-01 |  1.17e+00 |     -- |  2.79e+00 |  5.01e+00
 6236352 |  1.23e-05 |     -- |  7.74e-01 |  1.07e+00 |     -- |  2.70e+00 |  4.85e+00
 6262016 |  1.33e-05 |     -- |  9.36e-01 |  1.29e+00 |     -- |  2.79e+00 |  4.99e+00
 6287680 |  1.24e-05 |     -- |  8.64e-01 |  1.19e+00 |     -- |  2.70e+00 |  4.83e+00
 6313344 |  1.40e-05 |     -- |  9.27e-01 |  1.29e+00 |     -- |  2.83e+00 |  5.12e+00
 6339008 |  1.24e-05 |     -- |  8.79e-01 |  1.22e+00 |     -- |  2.71e+00 |  4.83e+00
 6364672 |  1.27e-05 |     -- |  8.65e-01 |  1.20e+00 |     -- |  2.72e+00 |  4.89e+00
 6390336 |  1.23e-05 |     -- |  8.15e-01 |  1.14e+00 |     -- |  2.70e+00 |  4.83e+00
 6416000 |  1.30e-05 |     -- |  9.09e-01 |  1.26e+00 |     -- |  2.74e+00 |  4.93e+00
 6441664 |  1.26e-05 |     -- |  8.54e-01 |  1.16e+00 |     -- |  2.73e+00 |  4.88e+00
 6467328 |  1.22e-05 |     -- |  8.40e-01 |  1.17e+00 |     -- |  2.68e+00 |  4.80e+00
 6492992 |  1.19e-05 |     -- |  8.33e-01 |  1.14e+00 |     -- |  2.66e+00 |  4.73e+00
 6518656 |  1.37e-05 |     -- |  9.30e-01 |  1.28e+00 |     -- |  2.81e+00 |  5.06e+00
 6544320 |  1.23e-05 |     -- |  8.18e-01 |  1.19e+00 |     -- |  2.67e+00 |  4.80e+00
 6569984 |  1.20e-05 |     -- |  7.65e-01 |  1.07e+00 |     -- |  2.69e+00 |  4.78e+00
 6595648 |  1.18e-05 |     -- |  8.30e-01 |  1.15e+00 |     -- |  2.65e+00 |  4.72e+00
 6621312 |  1.32e-05 |     -- |  8.78e-01 |  1.23e+00 |     -- |  2.75e+00 |  4.97e+00
 6646976 |  1.24e-05 |     -- |  8.23e-01 |  1.16e+00 |     -- |  2.71e+00 |  4.84e+00
 6672640 |  1.25e-05 |     -- |  8.92e-01 |  1.29e+00 |     -- |  2.70e+00 |  4.83e+00
 6698304 |  1.16e-05 |     -- |  7.37e-01 |  1.01e+00 |     -- |  2.64e+00 |  4.70e+00
 6723968 |  1.21e-05 |     -- |  8.60e-01 |  1.22e+00 |     -- |  2.67e+00 |  4.76e+00
 6749632 |  1.13e-05 |     -- |  7.28e-01 |  1.01e+00 |     -- |  2.61e+00 |  4.65e+00
 6775296 |  1.29e-05 |     -- |  8.78e-01 |  1.25e+00 |     -- |  2.73e+00 |  4.92e+00
 6800960 |  1.25e-05 |     -- |  8.64e-01 |  1.21e+00 |     -- |  2.69e+00 |  4.84e+00
 6826624 |  1.15e-05 |     -- |  7.64e-01 |  1.06e+00 |     -- |  2.63e+00 |  4.69e+00
 6852288 |  1.17e-05 |     -- |  7.68e-01 |  1.06e+00 |     -- |  2.64e+00 |  4.71e+00
 6877952 |  1.14e-05 |     -- |  8.09e-01 |  1.12e+00 |     -- |  2.62e+00 |  4.64e+00
 6903616 |  1.13e-05 |     -- |  7.98e-01 |  1.10e+00 |     -- |  2.60e+00 |  4.61e+00
 6929280 |  1.19e-05 |     -- |  7.94e-01 |  1.12e+00 |     -- |  2.67e+00 |  4.74e+00
 6954944 |  1.21e-05 |     -- |  8.33e-01 |  1.16e+00 |     -- |  2.68e+00 |  4.77e+00
 6980608 |  1.19e-05 |     -- |  8.14e-01 |  1.15e+00 |     -- |  2.65e+00 |  4.73e+00
 7006272 |  1.16e-05 |     -- |  8.49e-01 |  1.16e+00 |     -- |  2.61e+00 |  4.67e+00
 7031936 |  1.17e-05 |     -- |  7.93e-01 |  1.10e+00 |     -- |  2.63e+00 |  4.70e+00
 7057600 |  1.17e-05 |     -- |  8.05e-01 |  1.12e+00 |     -- |  2.65e+00 |  4.69e+00
 7083264 |  1.14e-05 |     -- |  7.90e-01 |  1.09e+00 |     -- |  2.61e+00 |  4.64e+00
 7108928 |  1.13e-05 |     -- |  8.31e-01 |  1.14e+00 |     -- |  2.59e+00 |  4.61e+00
 7134592 |  1.09e-05 |     -- |  7.76e-01 |  1.06e+00 |     -- |  2.57e+00 |  4.54e+00
 7160256 |  1.23e-05 |     -- |  9.02e-01 |  1.27e+00 |     -- |  2.67e+00 |  4.78e+00
 7185920 |  1.17e-05 |     -- |  8.00e-01 |  1.13e+00 |     -- |  2.60e+00 |  4.69e+00
 7211584 |  1.15e-05 |     -- |  7.95e-01 |  1.10e+00 |     -- |  2.62e+00 |  4.67e+00
 7237248 |  1.15e-05 |     -- |  7.84e-01 |  1.10e+00 |     -- |  2.61e+00 |  4.67e+00
 7262912 |  1.18e-05 |     -- |  8.78e-01 |  1.22e+00 |     -- |  2.64e+00 |  4.69e+00
 7288576 |  1.18e-05 |     -- |  8.25e-01 |  1.17e+00 |     -- |  2.62e+00 |  4.70e+00
 7314240 |  1.14e-05 |     -- |  8.22e-01 |  1.16e+00 |     -- |  2.59e+00 |  4.63e+00
 7339904 |  1.06e-05 |     -- |  8.41e-01 |  1.18e+00 |     -- |  2.54e+00 |  4.46e+00
 7365568 |  1.14e-05 |     -- |  8.11e-01 |  1.15e+00 |     -- |  2.60e+00 |  4.63e+00
 7391232 |  1.10e-05 |     -- |  7.15e-01 |  9.87e-01 |     -- |  2.58e+00 |  4.58e+00
 7416896 |  1.16e-05 |     -- |  8.32e-01 |  1.16e+00 |     -- |  2.61e+00 |  4.67e+00
 7442560 |  1.06e-05 |     -- |  8.01e-01 |  1.10e+00 |     -- |  2.53e+00 |  4.48e+00
 7468224 |  1.07e-05 |     -- |  7.40e-01 |  1.02e+00 |     -- |  2.55e+00 |  4.51e+00
 7493888 |  1.06e-05 |     -- |  7.78e-01 |  1.08e+00 |     -- |  2.53e+00 |  4.48e+00
 7519552 |  1.18e-05 |     -- |  8.31e-01 |  1.19e+00 |     -- |  2.62e+00 |  4.69e+00
 7545216 |  1.13e-05 |     -- |  7.54e-01 |  1.05e+00 |     -- |  2.59e+00 |  4.63e+00
 7570880 |  1.04e-05 |     -- |  6.85e-01 |  9.80e-01 |     -- |  2.52e+00 |  4.45e+00
 7596544 |  1.08e-05 |     -- |  8.28e-01 |  1.13e+00 |     -- |  2.55e+00 |  4.50e+00
 7622208 |  1.04e-05 |     -- |  7.48e-01 |  1.04e+00 |     -- |  2.51e+00 |  4.43e+00
 7647872 |  1.11e-05 |     -- |  7.80e-01 |  1.13e+00 |     -- |  2.57e+00 |  4.56e+00
 7673536 |  1.09e-05 |     -- |  7.94e-01 |  1.10e+00 |     -- |  2.55e+00 |  4.54e+00
 7699200 |  1.06e-05 |     -- |  7.72e-01 |  1.09e+00 |     -- |  2.53e+00 |  4.46e+00
 7724864 |  1.18e-05 |     -- |  8.72e-01 |  1.25e+00 |     -- |  2.62e+00 |  4.69e+00
 7750528 |  1.02e-05 |     -- |  6.83e-01 |  9.34e-01 |     -- |  2.49e+00 |  4.40e+00
 7776192 |  1.08e-05 |     -- |  7.57e-01 |  1.04e+00 |     -- |  2.54e+00 |  4.52e+00
 7801856 |  1.06e-05 |     -- |  7.71e-01 |  1.06e+00 |     -- |  2.53e+00 |  4.47e+00
 7827520 |  1.02e-05 |     -- |  7.29e-01 |  9.97e-01 |     -- |  2.49e+00 |  4.41e+00
 7853184 |  1.07e-05 |     -- |  7.65e-01 |  1.08e+00 |     -- |  2.54e+00 |  4.49e+00
 7878848 |  1.16e-05 |     -- |  8.83e-01 |  1.22e+00 |     -- |  2.59e+00 |  4.64e+00
 7904512 |  9.82e-06 |     -- |  7.21e-01 |  9.93e-01 |     -- |  2.45e+00 |  4.32e+00
 7930176 |  1.01e-05 |     -- |  7.49e-01 |  1.05e+00 |     -- |  2.49e+00 |  4.36e+00
 7955840 |  1.04e-05 |     -- |  7.47e-01 |  1.05e+00 |     -- |  2.52e+00 |  4.43e+00
 7981504 |  1.06e-05 |     -- |  7.50e-01 |  1.07e+00 |     -- |  2.53e+00 |  4.48e+00
 8007168 |  1.05e-05 |     -- |  7.79e-01 |  1.08e+00 |     -- |  2.51e+00 |  4.45e+00
 8032832 |  1.04e-05 |     -- |  7.36e-01 |  1.04e+00 |     -- |  2.50e+00 |  4.44e+00
 8058496 |  1.01e-05 |     -- |  6.95e-01 |  9.65e-01 |     -- |  2.48e+00 |  4.38e+00
 8084160 |  1.00e-05 |     -- |  7.44e-01 |  1.03e+00 |     -- |  2.48e+00 |  4.35e+00
 8109824 |  1.09e-05 |     -- |  7.45e-01 |  1.05e+00 |     -- |  2.55e+00 |  4.54e+00
 8135488 |  1.12e-05 |     -- |  7.67e-01 |  1.11e+00 |     -- |  2.55e+00 |  4.58e+00
 8161152 |  1.02e-05 |     -- |  7.51e-01 |  1.03e+00 |     -- |  2.48e+00 |  4.40e+00
 8186816 |  1.00e-05 |     -- |  6.98e-01 |  9.67e-01 |     -- |  2.46e+00 |  4.36e+00
 8212480 |  1.13e-05 |     -- |  8.23e-01 |  1.18e+00 |     -- |  2.55e+00 |  4.59e+00
 8238144 |  9.59e-06 |     -- |  6.96e-01 |  9.55e-01 |     -- |  2.42e+00 |  4.27e+00
 8263808 |  9.69e-06 |     -- |  7.11e-01 |  1.00e+00 |     -- |  2.45e+00 |  4.28e+00
 8289472 |  1.12e-05 |     -- |  8.60e-01 |  1.21e+00 |     -- |  2.56e+00 |  4.57e+00
 8315136 |  9.69e-06 |     -- |  7.56e-01 |  1.06e+00 |     -- |  2.43e+00 |  4.27e+00
 8340800 |  9.23e-06 |     -- |  6.99e-01 |  9.68e-01 |     -- |  2.40e+00 |  4.18e+00
 8366464 |  1.01e-05 |     -- |  7.37e-01 |  1.02e+00 |     -- |  2.48e+00 |  4.37e+00
 8392128 |  9.99e-06 |     -- |  7.22e-01 |  1.01e+00 |     -- |  2.47e+00 |  4.35e+00
 8417792 |  9.99e-06 |     -- |  7.88e-01 |  1.08e+00 |     -- |  2.45e+00 |  4.33e+00
 8443456 |  1.02e-05 |     -- |  7.83e-01 |  1.07e+00 |     -- |  2.47e+00 |  4.37e+00
 8469120 |  9.81e-06 |     -- |  7.13e-01 |  9.88e-01 |     -- |  2.45e+00 |  4.31e+00
 8494784 |  1.03e-05 |     -- |  7.80e-01 |  1.08e+00 |     -- |  2.47e+00 |  4.39e+00
 8520448 |  9.58e-06 |     -- |  7.37e-01 |  1.02e+00 |     -- |  2.43e+00 |  4.25e+00
 8546112 |  1.05e-05 |     -- |  7.59e-01 |  1.07e+00 |     -- |  2.49e+00 |  4.44e+00
 8571776 |  9.60e-06 |     -- |  7.51e-01 |  1.04e+00 |     -- |  2.43e+00 |  4.26e+00
 8597440 |  1.04e-05 |     -- |  7.78e-01 |  1.11e+00 |     -- |  2.49e+00 |  4.42e+00
 8623104 |  9.98e-06 |     -- |  7.33e-01 |  1.02e+00 |     -- |  2.45e+00 |  4.34e+00
 8648768 |  1.06e-05 |     -- |  7.82e-01 |  1.12e+00 |     -- |  2.49e+00 |  4.46e+00
 8674432 |  9.50e-06 |     -- |  7.07e-01 |  9.90e-01 |     -- |  2.39e+00 |  4.23e+00
 8700096 |  9.77e-06 |     -- |  7.35e-01 |  1.10e+00 |     -- |  2.43e+00 |  4.28e+00
 8725760 |  9.10e-06 |     -- |  6.41e-01 |  8.89e-01 |     -- |  2.39e+00 |  4.17e+00
 8751424 |  1.04e-05 |     -- |  7.83e-01 |  1.10e+00 |     -- |  2.48e+00 |  4.41e+00
 8777088 |  1.00e-05 |     -- |  7.46e-01 |  1.06e+00 |     -- |  2.46e+00 |  4.34e+00
 8802752 |  9.34e-06 |     -- |  7.11e-01 |  9.78e-01 |     -- |  2.39e+00 |  4.20e+00
 8828416 |  1.00e-05 |     -- |  7.57e-01 |  1.07e+00 |     -- |  2.46e+00 |  4.34e+00
 8854080 |  9.17e-06 |     -- |  7.25e-01 |  1.01e+00 |     -- |  2.37e+00 |  4.15e+00
 8879744 |  9.47e-06 |     -- |  7.09e-01 |  1.00e+00 |     -- |  2.41e+00 |  4.23e+00
 8905408 |  9.15e-06 |     -- |  7.39e-01 |  1.04e+00 |     -- |  2.36e+00 |  4.14e+00
 8931072 |  1.14e-05 |     -- |  7.81e-01 |  1.16e+00 |     -- |  2.55e+00 |  4.61e+00
 8956736 |  9.09e-06 |     -- |  6.58e-01 |  9.49e-01 |     -- |  2.36e+00 |  4.15e+00
 8982400 |  1.08e-05 |     -- |  8.11e-01 |  1.19e+00 |     -- |  2.48e+00 |  4.49e+00
 9008064 |  9.82e-06 |     -- |  7.01e-01 |  9.88e-01 |     -- |  2.40e+00 |  4.31e+00
 9033728 |  9.10e-06 |     -- |  6.83e-01 |  9.65e-01 |     -- |  2.37e+00 |  4.15e+00
 9059392 |  9.21e-06 |     -- |  7.21e-01 |  1.01e+00 |     -- |  2.38e+00 |  4.17e+00
 9085056 |  8.54e-06 |     -- |  6.52e-01 |  9.34e-01 |     -- |  2.32e+00 |  4.02e+00
 9110720 |  1.02e-05 |     -- |  7.46e-01 |  1.05e+00 |     -- |  2.46e+00 |  4.37e+00
 9136384 |  9.77e-06 |     -- |  8.26e-01 |  1.16e+00 |     -- |  2.41e+00 |  4.26e+00
 9162048 |  9.41e-06 |     -- |  7.09e-01 |  1.03e+00 |     -- |  2.39e+00 |  4.21e+00
 9187712 |  9.87e-06 |     -- |  7.28e-01 |  1.06e+00 |     -- |  2.41e+00 |  4.30e+00
 9213376 |  1.34e-05 |     -- |  8.74e-01 |  1.42e+00 |     -- |  2.60e+00 |  4.96e+00
 9239040 |  7.93e-06 |     -- |  5.39e-01 |  7.65e-01 |     -- |  2.23e+00 |  3.90e+00
 9264704 |  8.44e-06 |     -- |  5.88e-01 |  8.04e-01 |     -- |  2.30e+00 |  4.02e+00
 9290368 |  1.02e-05 |     -- |  7.48e-01 |  1.06e+00 |     -- |  2.44e+00 |  4.39e+00
 9316032 |  9.86e-06 |     -- |  7.04e-01 |  1.01e+00 |     -- |  2.44e+00 |  4.31e+00
 9341696 |  9.74e-06 |     -- |  7.02e-01 |  1.02e+00 |     -- |  2.43e+00 |  4.29e+00
 9367360 |  8.25e-06 |     -- |  5.89e-01 |  8.17e-01 |     -- |  2.30e+00 |  3.98e+00
 9393024 |  9.53e-06 |     -- |  7.79e-01 |  1.08e+00 |     -- |  2.41e+00 |  4.22e+00
 9418688 |  9.49e-06 |     -- |  7.29e-01 |  1.01e+00 |     -- |  2.39e+00 |  4.22e+00
 9444352 |  8.77e-06 |     -- |  6.66e-01 |  9.24e-01 |     -- |  2.33e+00 |  4.08e+00
 9470016 |  8.89e-06 |     -- |  6.56e-01 |  9.25e-01 |     -- |  2.35e+00 |  4.11e+00
 9495680 |  8.96e-06 |     -- |  7.09e-01 |  9.96e-01 |     -- |  2.35e+00 |  4.11e+00
 9521344 |  9.20e-06 |     -- |  7.61e-01 |  1.04e+00 |     -- |  2.37e+00 |  4.15e+00
 9547008 |  9.85e-06 |     -- |  7.60e-01 |  1.11e+00 |     -- |  2.41e+00 |  4.28e+00
 9572672 |  8.62e-06 |     -- |  6.57e-01 |  9.57e-01 |     -- |  2.30e+00 |  4.04e+00
 9598336 |  9.29e-06 |     -- |  6.86e-01 |  9.82e-01 |     -- |  2.38e+00 |  4.19e+00
 9624000 |  9.39e-06 |     -- |  7.29e-01 |  1.02e+00 |     -- |  2.38e+00 |  4.20e+00
 9649664 |  8.85e-06 |     -- |  7.11e-01 |  1.00e+00 |     -- |  2.32e+00 |  4.08e+00
 9675328 |  8.86e-06 |     -- |  6.61e-01 |  9.42e-01 |     -- |  2.33e+00 |  4.09e+00
 9700992 |  9.42e-06 |     -- |  6.83e-01 |  9.83e-01 |     -- |  2.37e+00 |  4.22e+00
 9726656 |  9.05e-06 |     -- |  6.78e-01 |  9.54e-01 |     -- |  2.37e+00 |  4.14e+00
 9752320 |  9.00e-06 |     -- |  7.36e-01 |  1.02e+00 |     -- |  2.33e+00 |  4.11e+00
 9777984 |  8.28e-06 |     -- |  6.30e-01 |  8.91e-01 |     -- |  2.28e+00 |  3.97e+00
 9803648 |  9.66e-06 |     -- |  7.25e-01 |  1.04e+00 |     -- |  2.41e+00 |  4.25e+00
 9829312 |  9.09e-06 |     -- |  7.25e-01 |  9.98e-01 |     -- |  2.35e+00 |  4.14e+00
 9854976 |  8.09e-06 |     -- |  6.78e-01 |  9.32e-01 |     -- |  2.26e+00 |  3.91e+00
 9880640 |  8.27e-06 |     -- |  6.29e-01 |  9.02e-01 |     -- |  2.28e+00 |  3.96e+00
 9906304 |  9.78e-06 |     -- |  8.23e-01 |  1.13e+00 |     -- |  2.40e+00 |  4.26e+00
 9931968 |  8.41e-06 |     -- |  6.53e-01 |  9.10e-01 |     -- |  2.29e+00 |  4.00e+00
 9957632 |  9.66e-06 |     -- |  7.34e-01 |  1.06e+00 |     -- |  2.37e+00 |  4.25e+00
 9983296 |  9.94e-06 |     -- |  7.22e-01 |  1.05e+00 |     -- |  2.39e+00 |  4.32e+00
10008960 |  8.26e-06 |     -- |  6.21e-01 |  8.76e-01 |     -- |  2.25e+00 |  3.96e+00
10034624 |  8.39e-06 |     -- |  6.97e-01 |  9.70e-01 |     -- |  2.28e+00 |  3.97e+00
10060288 |  8.54e-06 |     -- |  6.27e-01 |  8.98e-01 |     -- |  2.30e+00 |  4.03e+00
10085952 |  8.88e-06 |     -- |  6.84e-01 |  9.62e-01 |     -- |  2.32e+00 |  4.09e+00
10111616 |  8.32e-06 |     -- |  6.91e-01 |  9.56e-01 |     -- |  2.28e+00 |  3.96e+00
10137280 |  9.38e-06 |     -- |  6.76e-01 |  9.91e-01 |     -- |  2.36e+00 |  4.21e+00
10162944 |  7.80e-06 |     -- |  6.42e-01 |  8.98e-01 |     -- |  2.22e+00 |  3.84e+00
10188608 |  8.80e-06 |     -- |  7.00e-01 |  9.83e-01 |     -- |  2.32e+00 |  4.07e+00
10214272 |  8.29e-06 |     -- |  6.22e-01 |  8.64e-01 |     -- |  2.28e+00 |  3.97e+00
10239936 |  9.11e-06 |     -- |  7.07e-01 |  1.01e+00 |     -- |  2.34e+00 |  4.13e+00
10265600 |  8.69e-06 |     -- |  6.77e-01 |  9.44e-01 |     -- |  2.32e+00 |  4.06e+00
10291264 |  8.22e-06 |     -- |  6.63e-01 |  9.39e-01 |     -- |  2.26e+00 |  3.94e+00
10316928 |  8.16e-06 |     -- |  6.61e-01 |  9.24e-01 |     -- |  2.25e+00 |  3.92e+00
10342592 |  8.32e-06 |     -- |  6.78e-01 |  9.40e-01 |     -- |  2.28e+00 |  3.96e+00
10368256 |  8.53e-06 |     -- |  7.07e-01 |  9.86e-01 |     -- |  2.28e+00 |  4.00e+00
10393920 |  1.10e-05 |     -- |  7.60e-01 |  1.17e+00 |     -- |  2.46e+00 |  4.52e+00
10419584 |  7.47e-06 |     -- |  5.73e-01 |  7.88e-01 |     -- |  2.17e+00 |  3.78e+00
10445248 |  8.11e-06 |     -- |  6.73e-01 |  9.23e-01 |     -- |  2.25e+00 |  3.92e+00
10470912 |  8.63e-06 |     -- |  6.82e-01 |  9.64e-01 |     -- |  2.28e+00 |  4.03e+00
10496576 |  8.62e-06 |     -- |  7.08e-01 |  1.02e+00 |     -- |  2.31e+00 |  4.02e+00
10522240 |  8.86e-06 |     -- |  6.53e-01 |  9.14e-01 |     -- |  2.30e+00 |  4.09e+00
10547904 |  8.39e-06 |     -- |  6.64e-01 |  9.84e-01 |     -- |  2.24e+00 |  3.97e+00
10573568 |  7.81e-06 |     -- |  6.16e-01 |  8.55e-01 |     -- |  2.23e+00 |  3.85e+00
10599232 |  8.81e-06 |     -- |  7.27e-01 |  9.97e-01 |     -- |  2.31e+00 |  4.07e+00
10624896 |  8.04e-06 |     -- |  6.31e-01 |  8.96e-01 |     -- |  2.24e+00 |  3.90e+00
10650560 |  7.84e-06 |     -- |  6.34e-01 |  8.85e-01 |     -- |  2.23e+00 |  3.85e+00
10676224 |  8.53e-06 |     -- |  6.92e-01 |  9.75e-01 |     -- |  2.29e+00 |  4.00e+00
10701888 |  7.92e-06 |     -- |  6.17e-01 |  8.65e-01 |     -- |  2.22e+00 |  3.88e+00
10727552 |  8.28e-06 |     -- |  6.86e-01 |  9.66e-01 |     -- |  2.26e+00 |  3.94e+00
10753216 |  8.56e-06 |     -- |  6.49e-01 |  9.18e-01 |     -- |  2.30e+00 |  4.03e+00
10778880 |  8.17e-06 |     -- |  6.79e-01 |  9.65e-01 |     -- |  2.24e+00 |  3.91e+00
10804544 |  7.80e-06 |     -- |  6.59e-01 |  9.33e-01 |     -- |  2.22e+00 |  3.84e+00
10830208 |  8.81e-06 |     -- |  7.03e-01 |  9.93e-01 |     -- |  2.30e+00 |  4.07e+00
10855872 |  7.54e-06 |     -- |  6.06e-01 |  8.52e-01 |     -- |  2.20e+00 |  3.79e+00
10881536 |  8.28e-06 |     -- |  6.74e-01 |  9.53e-01 |     -- |  2.26e+00 |  3.94e+00
10907200 |  8.38e-06 |     -- |  6.91e-01 |  9.64e-01 |     -- |  2.28e+00 |  3.97e+00
10932864 |  7.59e-06 |     -- |  6.04e-01 |  8.51e-01 |     -- |  2.20e+00 |  3.80e+00
10958528 |  7.97e-06 |     -- |  6.37e-01 |  8.88e-01 |     -- |  2.23e+00 |  3.88e+00
10984192 |  9.00e-06 |     -- |  7.02e-01 |  9.99e-01 |     -- |  2.29e+00 |  4.11e+00
11009856 |  7.85e-06 |     -- |  5.78e-01 |  8.18e-01 |     -- |  2.21e+00 |  3.86e+00
11035520 |  7.71e-06 |     -- |  5.95e-01 |  8.30e-01 |     -- |  2.21e+00 |  3.83e+00
11061184 |  8.32e-06 |     -- |  7.22e-01 |  9.90e-01 |     -- |  2.26e+00 |  3.94e+00
11086848 |  8.30e-06 |     -- |  6.83e-01 |  9.89e-01 |     -- |  2.24e+00 |  3.94e+00
11112512 |  8.58e-06 |     -- |  6.63e-01 |  9.53e-01 |     -- |  2.26e+00 |  4.02e+00
11138176 |  7.31e-06 |     -- |  5.91e-01 |  8.18e-01 |     -- |  2.17e+00 |  3.73e+00
11163840 |  7.58e-06 |     -- |  5.90e-01 |  8.31e-01 |     -- |  2.19e+00 |  3.80e+00
11189504 |  7.93e-06 |     -- |  6.50e-01 |  8.96e-01 |     -- |  2.23e+00 |  3.88e+00
11215168 |  8.20e-06 |     -- |  6.18e-01 |  8.77e-01 |     -- |  2.24e+00 |  3.95e+00
11240832 |  7.85e-06 |     -- |  6.21e-01 |  8.68e-01 |     -- |  2.21e+00 |  3.85e+00
11266496 |  8.34e-06 |     -- |  6.62e-01 |  9.42e-01 |     -- |  2.27e+00 |  3.97e+00
11292160 |  7.87e-06 |     -- |  6.27e-01 |  9.10e-01 |     -- |  2.20e+00 |  3.85e+00
11317824 |  8.23e-06 |     -- |  6.59e-01 |  9.39e-01 |     -- |  2.24e+00 |  3.94e+00
11343488 |  7.27e-06 |     -- |  5.72e-01 |  8.02e-01 |     -- |  2.15e+00 |  3.72e+00
11369152 |  8.24e-06 |     -- |  6.73e-01 |  9.69e-01 |     -- |  2.25e+00 |  3.93e+00
11394816 |  8.03e-06 |     -- |  6.42e-01 |  9.32e-01 |     -- |  2.21e+00 |  3.89e+00
11420480 |  8.19e-06 |     -- |  6.32e-01 |  8.90e-01 |     -- |  2.24e+00 |  3.94e+00
11446144 |  7.83e-06 |     -- |  6.44e-01 |  9.45e-01 |     -- |  2.19e+00 |  3.83e+00
11471808 |  7.16e-06 |     -- |  5.69e-01 |  7.97e-01 |     -- |  2.14e+00 |  3.70e+00
11497472 |  7.64e-06 |     -- |  6.11e-01 |  8.60e-01 |     -- |  2.19e+00 |  3.81e+00
11523136 |  7.61e-06 |     -- |  6.23e-01 |  8.84e-01 |     -- |  2.19e+00 |  3.79e+00
11548800 |  8.30e-06 |     -- |  6.35e-01 |  9.18e-01 |     -- |  2.22e+00 |  3.95e+00
11574464 |  8.48e-06 |     -- |  6.56e-01 |  9.48e-01 |     -- |  2.26e+00 |  4.00e+00
11600128 |  6.96e-06 |     -- |  5.63e-01 |  7.84e-01 |     -- |  2.11e+00 |  3.65e+00
11625792 |  8.35e-06 |     -- |  6.75e-01 |  9.52e-01 |     -- |  2.25e+00 |  3.96e+00
11651456 |  7.77e-06 |     -- |  5.90e-01 |  8.54e-01 |     -- |  2.18e+00 |  3.84e+00
11677120 |  7.77e-06 |     -- |  6.16e-01 |  8.82e-01 |     -- |  2.18e+00 |  3.84e+00
11702784 |  7.74e-06 |     -- |  6.34e-01 |  9.19e-01 |     -- |  2.19e+00 |  3.81e+00
11728448 |  7.54e-06 |     -- |  6.15e-01 |  8.88e-01 |     -- |  2.17e+00 |  3.77e+00
11754112 |  7.84e-06 |     -- |  6.11e-01 |  8.74e-01 |     -- |  2.19e+00 |  3.85e+00
11779776 |  7.97e-06 |     -- |  5.86e-01 |  8.81e-01 |     -- |  2.21e+00 |  3.88e+00
11805440 |  7.92e-06 |     -- |  6.38e-01 |  9.13e-01 |     -- |  2.20e+00 |  3.86e+00
11831104 |  7.96e-06 |     -- |  6.15e-01 |  9.00e-01 |     -- |  2.21e+00 |  3.87e+00
11856768 |  7.43e-06 |     -- |  6.14e-01 |  8.57e-01 |     -- |  2.15e+00 |  3.75e+00
11882432 |  8.36e-06 |     -- |  6.98e-01 |  1.02e+00 |     -- |  2.23e+00 |  3.95e+00
11908096 |  6.94e-06 |     -- |  5.54e-01 |  8.11e-01 |     -- |  2.10e+00 |  3.63e+00
11933760 |  7.95e-06 |     -- |  6.77e-01 |  9.57e-01 |     -- |  2.21e+00 |  3.85e+00
11959424 |  7.43e-06 |     -- |  6.27e-01 |  8.98e-01 |     -- |  2.15e+00 |  3.74e+00
11985088 |  7.60e-06 |     -- |  5.75e-01 |  8.41e-01 |     -- |  2.18e+00 |  3.80e+00
12010752 |  7.39e-06 |     -- |  5.77e-01 |  7.95e-01 |     -- |  2.16e+00 |  3.75e+00
12036416 |  7.93e-06 |     -- |  6.65e-01 |  9.41e-01 |     -- |  2.21e+00 |  3.86e+00
12062080 |  7.60e-06 |     -- |  6.14e-01 |  8.99e-01 |     -- |  2.18e+00 |  3.78e+00
12087744 |  8.37e-06 |     -- |  6.26e-01 |  9.21e-01 |     -- |  2.20e+00 |  3.97e+00
12113408 |  8.10e-06 |     -- |  5.97e-01 |  8.87e-01 |     -- |  2.21e+00 |  3.91e+00
12139072 |  6.83e-06 |     -- |  5.74e-01 |  8.18e-01 |     -- |  2.09e+00 |  3.59e+00
12164736 |  6.92e-06 |     -- |  5.60e-01 |  7.94e-01 |     -- |  2.12e+00 |  3.63e+00
12190400 |  7.27e-06 |     -- |  6.02e-01 |  8.22e-01 |     -- |  2.14e+00 |  3.72e+00
12216064 |  7.41e-06 |     -- |  6.22e-01 |  8.64e-01 |     -- |  2.16e+00 |  3.74e+00
12241728 |  7.40e-06 |     -- |  5.95e-01 |  8.46e-01 |     -- |  2.16e+00 |  3.75e+00
12267392 |  7.88e-06 |     -- |  6.81e-01 |  9.78e-01 |     -- |  2.19e+00 |  3.84e+00
12293056 |  7.31e-06 |     -- |  5.76e-01 |  8.26e-01 |     -- |  2.14e+00 |  3.73e+00
12318720 |  7.24e-06 |     -- |  6.08e-01 |  8.67e-01 |     -- |  2.13e+00 |  3.70e+00
12344384 |  7.16e-06 |     -- |  5.71e-01 |  8.13e-01 |     -- |  2.14e+00 |  3.69e+00
12370048 |  7.57e-06 |     -- |  6.41e-01 |  9.06e-01 |     -- |  2.17e+00 |  3.77e+00
12395712 |  6.90e-06 |     -- |  5.87e-01 |  8.37e-01 |     -- |  2.10e+00 |  3.61e+00
12421376 |  7.64e-06 |     -- |  6.29e-01 |  9.00e-01 |     -- |  2.18e+00 |  3.79e+00
12447040 |  7.29e-06 |     -- |  5.82e-01 |  8.22e-01 |     -- |  2.13e+00 |  3.72e+00
12472704 |  7.49e-06 |     -- |  6.15e-01 |  8.82e-01 |     -- |  2.15e+00 |  3.76e+00
12498368 |  7.79e-06 |     -- |  6.22e-01 |  8.94e-01 |     -- |  2.18e+00 |  3.84e+00
12524032 |  7.66e-06 |     -- |  5.96e-01 |  8.62e-01 |     -- |  2.17e+00 |  3.80e+00
12549696 |  6.73e-06 |     -- |  5.52e-01 |  7.80e-01 |     -- |  2.08e+00 |  3.58e+00
12575360 |  6.90e-06 |     -- |  5.72e-01 |  8.51e-01 |     -- |  2.10e+00 |  3.61e+00
12601024 |  7.67e-06 |     -- |  6.33e-01 |  8.99e-01 |     -- |  2.17e+00 |  3.80e+00
12626688 |  7.61e-06 |     -- |  6.42e-01 |  9.34e-01 |     -- |  2.13e+00 |  3.77e+00
12652352 |  7.67e-06 |     -- |  5.65e-01 |  8.75e-01 |     -- |  2.12e+00 |  3.80e+00
12678016 |  7.12e-06 |     -- |  5.78e-01 |  8.32e-01 |     -- |  2.11e+00 |  3.67e+00
12703680 |  7.40e-06 |     -- |  5.63e-01 |  8.14e-01 |     -- |  2.15e+00 |  3.75e+00
12729344 |  6.56e-06 |     -- |  5.80e-01 |  8.11e-01 |     -- |  2.06e+00 |  3.52e+00
12755008 |  7.22e-06 |     -- |  6.15e-01 |  8.66e-01 |     -- |  2.13e+00 |  3.69e+00
12780672 |  7.21e-06 |     -- |  5.92e-01 |  8.47e-01 |     -- |  2.13e+00 |  3.69e+00
12806336 |  7.26e-06 |     -- |  5.81e-01 |  8.32e-01 |     -- |  2.14e+00 |  3.71e+00
12832000 |  7.19e-06 |     -- |  6.02e-01 |  8.47e-01 |     -- |  2.12e+00 |  3.68e+00
12857664 |  6.82e-06 |     -- |  5.45e-01 |  7.74e-01 |     -- |  2.09e+00 |  3.60e+00
12883328 |  7.19e-06 |     -- |  6.19e-01 |  8.82e-01 |     -- |  2.13e+00 |  3.68e+00
12908992 |  7.34e-06 |     -- |  6.44e-01 |  9.30e-01 |     -- |  2.14e+00 |  3.71e+00
12934656 |  6.99e-06 |     -- |  5.70e-01 |  8.09e-01 |     -- |  2.10e+00 |  3.64e+00
12960320 |  7.57e-06 |     -- |  6.46e-01 |  9.54e-01 |     -- |  2.16e+00 |  3.76e+00
12985984 |  6.66e-06 |     -- |  5.65e-01 |  7.89e-01 |     -- |  2.05e+00 |  3.55e+00
13011648 |  7.03e-06 |     -- |  6.14e-01 |  8.79e-01 |     -- |  2.09e+00 |  3.64e+00
13037312 |  7.42e-06 |     -- |  6.57e-01 |  9.41e-01 |     -- |  2.14e+00 |  3.72e+00
13062976 |  6.80e-06 |     -- |  5.68e-01 |  8.12e-01 |     -- |  2.08e+00 |  3.59e+00
13088640 |  7.05e-06 |     -- |  5.95e-01 |  8.47e-01 |     -- |  2.11e+00 |  3.65e+00
13114304 |  6.86e-06 |     -- |  5.80e-01 |  8.37e-01 |     -- |  2.08e+00 |  3.60e+00
13139968 |  6.77e-06 |     -- |  6.21e-01 |  8.74e-01 |     -- |  2.08e+00 |  3.57e+00
13165632 |  6.93e-06 |     -- |  5.64e-01 |  8.07e-01 |     -- |  2.10e+00 |  3.63e+00
13191296 |  6.86e-06 |     -- |  5.84e-01 |  8.55e-01 |     -- |  2.09e+00 |  3.60e+00
13216960 |  6.98e-06 |     -- |  5.72e-01 |  8.13e-01 |     -- |  2.10e+00 |  3.64e+00
13242624 |  8.31e-06 |     -- |  6.40e-01 |  9.13e-01 |     -- |  2.21e+00 |  3.95e+00
13268288 |  6.66e-06 |     -- |  5.47e-01 |  7.79e-01 |     -- |  2.05e+00 |  3.55e+00
13293952 |  6.76e-06 |     -- |  5.83e-01 |  8.45e-01 |     -- |  2.06e+00 |  3.57e+00
13319616 |  7.04e-06 |     -- |  6.06e-01 |  8.56e-01 |     -- |  2.09e+00 |  3.64e+00
13345280 |  7.10e-06 |     -- |  6.21e-01 |  8.83e-01 |     -- |  2.09e+00 |  3.65e+00
13370944 |  6.31e-06 |     -- |  5.44e-01 |  7.74e-01 |     -- |  2.03e+00 |  3.46e+00
13396608 |  7.67e-06 |     -- |  6.15e-01 |  8.90e-01 |     -- |  2.16e+00 |  3.80e+00
13422272 |  6.91e-06 |     -- |  5.82e-01 |  8.47e-01 |     -- |  2.06e+00 |  3.61e+00
13447936 |  7.35e-06 |     -- |  6.38e-01 |  9.16e-01 |     -- |  2.12e+00 |  3.71e+00
13473600 |  6.41e-06 |     -- |  5.38e-01 |  7.64e-01 |     -- |  2.04e+00 |  3.49e+00
13499264 |  7.64e-06 |     -- |  5.91e-01 |  8.55e-01 |     -- |  2.16e+00 |  3.80e+00
13524928 |  6.60e-06 |     -- |  5.80e-01 |  8.26e-01 |     -- |  2.04e+00 |  3.53e+00
13550592 |  6.73e-06 |     -- |  5.62e-01 |  7.96e-01 |     -- |  2.08e+00 |  3.57e+00
13576256 |  7.11e-06 |     -- |  6.01e-01 |  8.77e-01 |     -- |  2.11e+00 |  3.66e+00
13601920 |  7.60e-06 |     -- |  5.95e-01 |  8.59e-01 |     -- |  2.13e+00 |  3.79e+00
13627584 |  6.93e-06 |     -- |  5.89e-01 |  8.22e-01 |     -- |  2.07e+00 |  3.62e+00
13653248 |  7.91e-06 |     -- |  6.47e-01 |  9.45e-01 |     -- |  2.15e+00 |  3.84e+00
13678912 |  6.37e-06 |     -- |  5.39e-01 |  7.68e-01 |     -- |  2.02e+00 |  3.48e+00
13704576 |  6.91e-06 |     -- |  6.22e-01 |  8.84e-01 |     -- |  2.08e+00 |  3.60e+00
13730240 |  6.44e-06 |     -- |  5.20e-01 |  7.46e-01 |     -- |  2.05e+00 |  3.50e+00
13755904 |  6.59e-06 |     -- |  5.44e-01 |  7.99e-01 |     -- |  2.05e+00 |  3.53e+00
13781568 |  7.35e-06 |     -- |  6.22e-01 |  9.07e-01 |     -- |  2.12e+00 |  3.71e+00
13807232 |  7.16e-06 |     -- |  5.64e-01 |  8.25e-01 |     -- |  2.09e+00 |  3.68e+00
13832896 |  6.73e-06 |     -- |  5.41e-01 |  7.81e-01 |     -- |  2.05e+00 |  3.57e+00
13858560 |  6.24e-06 |     -- |  5.36e-01 |  7.54e-01 |     -- |  2.01e+00 |  3.45e+00
13884224 |  7.33e-06 |     -- |  5.95e-01 |  8.91e-01 |     -- |  2.11e+00 |  3.70e+00
13909888 |  6.75e-06 |     -- |  5.31e-01 |  7.76e-01 |     -- |  2.06e+00 |  3.58e+00
13935552 |  6.74e-06 |     -- |  5.90e-01 |  8.44e-01 |     -- |  2.05e+00 |  3.56e+00
13961216 |  6.90e-06 |     -- |  5.73e-01 |  8.37e-01 |     -- |  2.09e+00 |  3.61e+00
13986880 |  6.59e-06 |     -- |  5.35e-01 |  7.93e-01 |     -- |  2.04e+00 |  3.53e+00
14012544 |  6.79e-06 |     -- |  5.80e-01 |  8.39e-01 |     -- |  2.06e+00 |  3.57e+00
14038208 |  6.19e-06 |     -- |  5.13e-01 |  7.20e-01 |     -- |  2.01e+00 |  3.44e+00
14063872 |  6.51e-06 |     -- |  6.14e-01 |  8.60e-01 |     -- |  2.05e+00 |  3.50e+00
14089536 |  6.61e-06 |     -- |  5.65e-01 |  8.00e-01 |     -- |  2.05e+00 |  3.53e+00
14115200 |  7.30e-06 |     -- |  5.77e-01 |  8.03e-01 |     -- |  2.12e+00 |  3.72e+00
14140864 |  6.51e-06 |     -- |  5.35e-01 |  7.62e-01 |     -- |  2.03e+00 |  3.52e+00
14166528 |  6.74e-06 |     -- |  5.87e-01 |  8.40e-01 |     -- |  2.05e+00 |  3.56e+00
14192192 |  6.40e-06 |     -- |  5.92e-01 |  8.37e-01 |     -- |  2.03e+00 |  3.47e+00
14217856 |  7.26e-06 |     -- |  6.08e-01 |  8.80e-01 |     -- |  2.11e+00 |  3.69e+00
14243520 |  6.11e-06 |     -- |  5.45e-01 |  7.69e-01 |     -- |  1.99e+00 |  3.40e+00
14269184 |  6.25e-06 |     -- |  5.61e-01 |  7.97e-01 |     -- |  2.01e+00 |  3.44e+00
14294848 |  6.16e-06 |     -- |  5.30e-01 |  7.61e-01 |     -- |  2.00e+00 |  3.42e+00
14320512 |  6.96e-06 |     -- |  6.07e-01 |  8.64e-01 |     -- |  2.09e+00 |  3.62e+00
14346176 |  6.70e-06 |     -- |  6.38e-01 |  9.05e-01 |     -- |  2.05e+00 |  3.54e+00
14371840 |  6.36e-06 |     -- |  5.77e-01 |  8.25e-01 |     -- |  2.02e+00 |  3.46e+00
14397504 |  6.92e-06 |     -- |  5.55e-01 |  8.06e-01 |     -- |  2.08e+00 |  3.62e+00
14423168 |  6.33e-06 |     -- |  5.66e-01 |  8.10e-01 |     -- |  2.01e+00 |  3.46e+00
14448832 |  6.46e-06 |     -- |  5.34e-01 |  7.60e-01 |     -- |  2.02e+00 |  3.50e+00
14474496 |  6.95e-06 |     -- |  6.04e-01 |  8.69e-01 |     -- |  2.08e+00 |  3.61e+00
14500160 |  6.80e-06 |     -- |  5.52e-01 |  8.04e-01 |     -- |  2.07e+00 |  3.58e+00
14525824 |  7.42e-06 |     -- |  5.73e-01 |  8.85e-01 |     -- |  2.08e+00 |  3.74e+00
14551488 |  7.26e-06 |     -- |  5.58e-01 |  8.28e-01 |     -- |  2.06e+00 |  3.71e+00
14577152 |  6.11e-06 |     -- |  5.20e-01 |  7.49e-01 |     -- |  1.98e+00 |  3.40e+00
14602816 |  6.43e-06 |     -- |  5.50e-01 |  7.95e-01 |     -- |  2.02e+00 |  3.48e+00
14628480 |  6.88e-06 |     -- |  5.61e-01 |  8.15e-01 |     -- |  2.06e+00 |  3.61e+00
14654144 |  5.93e-06 |     -- |  5.11e-01 |  7.19e-01 |     -- |  1.97e+00 |  3.36e+00
14679808 |  6.23e-06 |     -- |  5.50e-01 |  7.96e-01 |     -- |  2.01e+00 |  3.43e+00
14705472 |  6.31e-06 |     -- |  5.79e-01 |  8.22e-01 |     -- |  2.02e+00 |  3.45e+00
14731136 |  6.50e-06 |     -- |  5.44e-01 |  7.98e-01 |     -- |  2.03e+00 |  3.50e+00
14756800 |  6.31e-06 |     -- |  5.50e-01 |  8.03e-01 |     -- |  2.00e+00 |  3.45e+00
14782464 |  6.77e-06 |     -- |  6.01e-01 |  8.82e-01 |     -- |  2.05e+00 |  3.56e+00
14808128 |  6.30e-06 |     -- |  5.51e-01 |  7.82e-01 |     -- |  1.99e+00 |  3.45e+00
14833792 |  6.67e-06 |     -- |  5.68e-01 |  8.15e-01 |     -- |  2.05e+00 |  3.55e+00
14859456 |  6.49e-06 |     -- |  5.39e-01 |  7.75e-01 |     -- |  2.02e+00 |  3.51e+00
14885120 |  5.91e-06 |     -- |  5.20e-01 |  7.61e-01 |     -- |  1.96e+00 |  3.35e+00
14910784 |  6.61e-06 |     -- |  5.51e-01 |  8.03e-01 |     -- |  2.04e+00 |  3.54e+00
14936448 |  7.07e-06 |     -- |  5.81e-01 |  8.55e-01 |     -- |  2.07e+00 |  3.65e+00
14962112 |  6.10e-06 |     -- |  5.34e-01 |  7.64e-01 |     -- |  1.98e+00 |  3.40e+00
14987776 |  6.45e-06 |     -- |  5.69e-01 |  8.37e-01 |     -- |  2.01e+00 |  3.48e+00
15013440 |  6.53e-06 |     -- |  5.59e-01 |  8.41e-01 |     -- |  2.01e+00 |  3.50e+00
15039104 |  6.12e-06 |     -- |  5.13e-01 |  7.54e-01 |     -- |  1.97e+00 |  3.41e+00
15064768 |  6.59e-06 |     -- |  5.43e-01 |  7.98e-01 |     -- |  2.03e+00 |  3.52e+00
15090432 |  6.14e-06 |     -- |  5.31e-01 |  7.71e-01 |     -- |  1.98e+00 |  3.41e+00
15116096 |  6.80e-06 |     -- |  5.44e-01 |  7.99e-01 |     -- |  2.05e+00 |  3.59e+00
15141760 |  6.49e-06 |     -- |  5.88e-01 |  8.49e-01 |     -- |  2.01e+00 |  3.49e+00
15167424 |  6.15e-06 |     -- |  5.27e-01 |  7.83e-01 |     -- |  1.98e+00 |  3.41e+00
15193088 |  6.15e-06 |     -- |  5.12e-01 |  7.43e-01 |     -- |  2.00e+00 |  3.42e+00
15218752 |  5.98e-06 |     -- |  5.06e-01 |  7.31e-01 |     -- |  1.97e+00 |  3.37e+00
15244416 |  5.89e-06 |     -- |  5.25e-01 |  7.56e-01 |     -- |  1.96e+00 |  3.34e+00
15270080 |  6.28e-06 |     -- |  5.44e-01 |  7.84e-01 |     -- |  2.01e+00 |  3.45e+00
15295744 |  5.95e-06 |     -- |  4.94e-01 |  7.11e-01 |     -- |  1.96e+00 |  3.37e+00
15321408 |  6.63e-06 |     -- |  5.74e-01 |  8.42e-01 |     -- |  2.02e+00 |  3.52e+00
15347072 |  6.40e-06 |     -- |  5.53e-01 |  7.83e-01 |     -- |  2.01e+00 |  3.47e+00
15372736 |  6.09e-06 |     -- |  5.02e-01 |  7.11e-01 |     -- |  1.97e+00 |  3.41e+00
15398400 |  6.58e-06 |     -- |  5.44e-01 |  8.01e-01 |     -- |  2.02e+00 |  3.52e+00
15424064 |  6.24e-06 |     -- |  5.54e-01 |  8.05e-01 |     -- |  2.00e+00 |  3.43e+00
15449728 |  6.29e-06 |     -- |  5.71e-01 |  8.13e-01 |     -- |  1.99e+00 |  3.44e+00
15475392 |  6.49e-06 |     -- |  5.64e-01 |  8.07e-01 |     -- |  2.01e+00 |  3.50e+00
15501056 |  6.34e-06 |     -- |  5.36e-01 |  7.82e-01 |     -- |  2.00e+00 |  3.46e+00
15526720 |  5.41e-06 |     -- |  4.92e-01 |  7.08e-01 |     -- |  1.90e+00 |  3.21e+00
15552384 |  6.12e-06 |     -- |  5.52e-01 |  7.95e-01 |     -- |  1.98e+00 |  3.40e+00
15578048 |  6.26e-06 |     -- |  5.35e-01 |  7.76e-01 |     -- |  1.99e+00 |  3.44e+00
15603712 |  6.61e-06 |     -- |  5.82e-01 |  8.39e-01 |     -- |  2.03e+00 |  3.53e+00
15629376 |  5.46e-06 |     -- |  4.92e-01 |  7.06e-01 |     -- |  1.90e+00 |  3.23e+00
15655040 |  7.01e-06 |     -- |  5.71e-01 |  8.40e-01 |     -- |  2.06e+00 |  3.63e+00
15680704 |  6.62e-06 |     -- |  5.72e-01 |  8.27e-01 |     -- |  2.01e+00 |  3.53e+00
15706368 |  5.51e-06 |     -- |  5.07e-01 |  7.13e-01 |     -- |  1.90e+00 |  3.24e+00
15732032 |  6.21e-06 |     -- |  5.60e-01 |  8.28e-01 |     -- |  1.99e+00 |  3.42e+00
15757696 |  6.17e-06 |     -- |  5.34e-01 |  7.75e-01 |     -- |  1.97e+00 |  3.41e+00
15783360 |  5.69e-06 |     -- |  5.07e-01 |  7.27e-01 |     -- |  1.94e+00 |  3.29e+00
15809024 |  6.07e-06 |     -- |  5.04e-01 |  7.08e-01 |     -- |  1.97e+00 |  3.40e+00
15834688 |  6.48e-06 |     -- |  5.43e-01 |  7.85e-01 |     -- |  2.01e+00 |  3.50e+00
15860352 |  6.30e-06 |     -- |  5.59e-01 |  8.05e-01 |     -- |  1.99e+00 |  3.45e+00
15886016 |  5.79e-06 |     -- |  5.07e-01 |  7.21e-01 |     -- |  1.94e+00 |  3.31e+00
15911680 |  6.56e-06 |     -- |  5.57e-01 |  8.23e-01 |     -- |  2.01e+00 |  3.51e+00
15937344 |  5.91e-06 |     -- |  5.24e-01 |  7.61e-01 |     -- |  1.95e+00 |  3.34e+00
15963008 |  6.06e-06 |     -- |  5.36e-01 |  7.65e-01 |     -- |  1.97e+00 |  3.39e+00
15988672 |  6.51e-06 |     -- |  5.62e-01 |  8.66e-01 |     -- |  2.00e+00 |  3.48e+00
16014336 |  6.12e-06 |     -- |  5.88e-01 |  8.63e-01 |     -- |  1.96e+00 |  3.38e+00
16040000 |  6.77e-06 |     -- |  5.10e-01 |  7.72e-01 |     -- |  2.00e+00 |  3.57e+00
16065664 |  6.83e-06 |     -- |  5.35e-01 |  8.04e-01 |     -- |  2.02e+00 |  3.59e+00
16091328 |  5.56e-06 |     -- |  5.12e-01 |  7.24e-01 |     -- |  1.90e+00 |  3.24e+00
16116992 |  5.90e-06 |     -- |  5.34e-01 |  7.77e-01 |     -- |  1.94e+00 |  3.34e+00
16142656 |  5.87e-06 |     -- |  5.24e-01 |  7.61e-01 |     -- |  1.94e+00 |  3.33e+00
16168320 |  5.92e-06 |     -- |  5.14e-01 |  7.27e-01 |     -- |  1.95e+00 |  3.35e+00
16193984 |  6.28e-06 |     -- |  5.83e-01 |  8.63e-01 |     -- |  1.98e+00 |  3.42e+00
16219648 |  5.85e-06 |     -- |  4.90e-01 |  7.26e-01 |     -- |  1.92e+00 |  3.33e+00
16245312 |  5.57e-06 |     -- |  4.74e-01 |  6.71e-01 |     -- |  1.92e+00 |  3.26e+00
16270976 |  6.77e-06 |     -- |  6.02e-01 |  9.00e-01 |     -- |  2.03e+00 |  3.54e+00
16296640 |  5.19e-06 |     -- |  4.58e-01 |  6.63e-01 |     -- |  1.86e+00 |  3.15e+00
16322304 |  6.20e-06 |     -- |  5.54e-01 |  8.06e-01 |     -- |  1.97e+00 |  3.42e+00
16347968 |  6.11e-06 |     -- |  5.57e-01 |  8.07e-01 |     -- |  1.96e+00 |  3.39e+00
16373632 |  6.89e-06 |     -- |  5.55e-01 |  8.21e-01 |     -- |  2.04e+00 |  3.60e+00
16399296 |  5.27e-06 |     -- |  4.57e-01 |  6.69e-01 |     -- |  1.87e+00 |  3.17e+00
16424960 |  5.43e-06 |     -- |  5.13e-01 |  7.36e-01 |     -- |  1.89e+00 |  3.20e+00
16450624 |  6.10e-06 |     -- |  5.26e-01 |  7.55e-01 |     -- |  1.98e+00 |  3.40e+00
16476288 |  5.83e-06 |     -- |  5.04e-01 |  7.34e-01 |     -- |  1.94e+00 |  3.32e+00
16501952 |  6.05e-06 |     -- |  5.33e-01 |  7.86e-01 |     -- |  1.95e+00 |  3.37e+00
16527616 |  6.32e-06 |     -- |  5.32e-01 |  7.58e-01 |     -- |  1.98e+00 |  3.46e+00
16553280 |  5.93e-06 |     -- |  5.18e-01 |  7.50e-01 |     -- |  1.93e+00 |  3.35e+00
16578944 |  5.57e-06 |     -- |  5.15e-01 |  7.42e-01 |     -- |  1.90e+00 |  3.25e+00
16604608 |  5.68e-06 |     -- |  5.39e-01 |  7.84e-01 |     -- |  1.92e+00 |  3.27e+00
16630272 |  5.72e-06 |     -- |  4.78e-01 |  7.15e-01 |     -- |  1.92e+00 |  3.30e+00
16655936 |  6.22e-06 |     -- |  5.45e-01 |  8.00e-01 |     -- |  1.97e+00 |  3.42e+00
16681600 |  5.76e-06 |     -- |  4.98e-01 |  7.18e-01 |     -- |  1.91e+00 |  3.30e+00
16707264 |  6.36e-06 |     -- |  5.75e-01 |  8.58e-01 |     -- |  1.98e+00 |  3.45e+00
16732928 |  5.65e-06 |     -- |  4.90e-01 |  7.28e-01 |     -- |  1.90e+00 |  3.27e+00
16758592 |  5.72e-06 |     -- |  4.64e-01 |  6.67e-01 |     -- |  1.92e+00 |  3.31e+00
16784256 |  6.00e-06 |     -- |  5.34e-01 |  8.04e-01 |     -- |  1.95e+00 |  3.36e+00
16809920 |  6.03e-06 |     -- |  5.42e-01 |  8.00e-01 |     -- |  1.94e+00 |  3.36e+00
16835584 |  5.80e-06 |     -- |  4.76e-01 |  6.95e-01 |     -- |  1.92e+00 |  3.32e+00
16861248 |  5.47e-06 |     -- |  5.04e-01 |  7.18e-01 |     -- |  1.89e+00 |  3.22e+00
16886912 |  5.81e-06 |     -- |  5.24e-01 |  7.59e-01 |     -- |  1.93e+00 |  3.31e+00
16912576 |  5.90e-06 |     -- |  5.13e-01 |  7.57e-01 |     -- |  1.94e+00 |  3.34e+00
16938240 |  5.85e-06 |     -- |  4.95e-01 |  7.10e-01 |     -- |  1.93e+00 |  3.33e+00
16963904 |  5.62e-06 |     -- |  5.01e-01 |  7.23e-01 |     -- |  1.91e+00 |  3.26e+00
16989568 |  5.72e-06 |     -- |  5.09e-01 |  7.36e-01 |     -- |  1.92e+00 |  3.29e+00
17015232 |  5.85e-06 |     -- |  5.09e-01 |  7.43e-01 |     -- |  1.93e+00 |  3.32e+00
17040896 |  5.76e-06 |     -- |  5.12e-01 |  7.60e-01 |     -- |  1.91e+00 |  3.30e+00
17066560 |  6.21e-06 |     -- |  5.57e-01 |  8.23e-01 |     -- |  1.97e+00 |  3.41e+00
17092224 |  5.49e-06 |     -- |  5.00e-01 |  7.46e-01 |     -- |  1.88e+00 |  3.21e+00
17117888 |  5.77e-06 |     -- |  5.19e-01 |  7.62e-01 |     -- |  1.92e+00 |  3.30e+00
17143552 |  5.57e-06 |     -- |  5.01e-01 |  7.16e-01 |     -- |  1.90e+00 |  3.25e+00
17169216 |  6.04e-06 |     -- |  5.66e-01 |  8.37e-01 |     -- |  1.94e+00 |  3.36e+00
17194880 |  5.80e-06 |     -- |  4.94e-01 |  7.15e-01 |     -- |  1.92e+00 |  3.32e+00
17220544 |  5.54e-06 |     -- |  5.01e-01 |  7.28e-01 |     -- |  1.90e+00 |  3.24e+00
17246208 |  5.76e-06 |     -- |  4.93e-01 |  7.60e-01 |     -- |  1.91e+00 |  3.30e+00
17271872 |  6.30e-06 |     -- |  5.73e-01 |  8.43e-01 |     -- |  1.97e+00 |  3.43e+00
17297536 |  5.33e-06 |     -- |  4.43e-01 |  6.46e-01 |     -- |  1.88e+00 |  3.19e+00
17323200 |  5.63e-06 |     -- |  5.16e-01 |  7.50e-01 |     -- |  1.90e+00 |  3.26e+00
17348864 |  5.68e-06 |     -- |  5.12e-01 |  7.43e-01 |     -- |  1.91e+00 |  3.28e+00
17374528 |  6.74e-06 |     -- |  5.63e-01 |  8.65e-01 |     -- |  2.00e+00 |  3.54e+00
17400192 |  5.53e-06 |     -- |  4.93e-01 |  7.32e-01 |     -- |  1.88e+00 |  3.23e+00
17425856 |  4.99e-06 |     -- |  4.58e-01 |  6.53e-01 |     -- |  1.83e+00 |  3.09e+00
17451520 |  5.56e-06 |     -- |  5.26e-01 |  7.84e-01 |     -- |  1.89e+00 |  3.23e+00
17477184 |  5.87e-06 |     -- |  5.16e-01 |  7.51e-01 |     -- |  1.92e+00 |  3.32e+00
17502848 |  5.57e-06 |     -- |  4.98e-01 |  7.18e-01 |     -- |  1.90e+00 |  3.26e+00
17528512 |  6.00e-06 |     -- |  5.31e-01 |  8.01e-01 |     -- |  1.92e+00 |  3.36e+00
17554176 |  5.31e-06 |     -- |  4.96e-01 |  7.21e-01 |     -- |  1.86e+00 |  3.17e+00
17579840 |  5.52e-06 |     -- |  5.28e-01 |  7.59e-01 |     -- |  1.89e+00 |  3.22e+00
17605504 |  5.48e-06 |     -- |  4.97e-01 |  7.33e-01 |     -- |  1.89e+00 |  3.22e+00
17631168 |  5.69e-06 |     -- |  5.31e-01 |  7.68e-01 |     -- |  1.91e+00 |  3.27e+00
17656832 |  5.70e-06 |     -- |  4.90e-01 |  7.20e-01 |     -- |  1.90e+00 |  3.28e+00
17682496 |  5.38e-06 |     -- |  5.02e-01 |  7.12e-01 |     -- |  1.87e+00 |  3.19e+00
17708160 |  5.53e-06 |     -- |  5.13e-01 |  7.49e-01 |     -- |  1.90e+00 |  3.23e+00
17733824 |  5.71e-06 |     -- |  4.80e-01 |  7.28e-01 |     -- |  1.90e+00 |  3.29e+00
17759488 |  6.01e-06 |     -- |  5.17e-01 |  7.41e-01 |     -- |  1.93e+00 |  3.37e+00
17785152 |  5.65e-06 |     -- |  5.02e-01 |  7.19e-01 |     -- |  1.89e+00 |  3.27e+00
17810816 |  5.43e-06 |     -- |  4.85e-01 |  7.05e-01 |     -- |  1.88e+00 |  3.21e+00
17836480 |  5.36e-06 |     -- |  4.96e-01 |  7.10e-01 |     -- |  1.88e+00 |  3.19e+00
17862144 |  5.37e-06 |     -- |  4.92e-01 |  7.07e-01 |     -- |  1.87e+00 |  3.19e+00
17887808 |  6.15e-06 |     -- |  5.28e-01 |  7.69e-01 |     -- |  1.96e+00 |  3.40e+00
17913472 |  5.14e-06 |     -- |  4.60e-01 |  6.63e-01 |     -- |  1.84e+00 |  3.13e+00
17939136 |  5.72e-06 |     -- |  4.90e-01 |  7.27e-01 |     -- |  1.90e+00 |  3.29e+00
17964800 |  5.45e-06 |     -- |  5.05e-01 |  7.31e-01 |     -- |  1.88e+00 |  3.21e+00
17990464 |  5.03e-06 |     -- |  4.55e-01 |  6.57e-01 |     -- |  1.83e+00 |  3.10e+00
18016128 |  5.31e-06 |     -- |  5.16e-01 |  7.52e-01 |     -- |  1.87e+00 |  3.16e+00
18041792 |  5.73e-06 |     -- |  5.02e-01 |  7.43e-01 |     -- |  1.91e+00 |  3.29e+00
18067456 |  6.16e-06 |     -- |  5.49e-01 |  8.41e-01 |     -- |  1.94e+00 |  3.38e+00
18093120 |  5.43e-06 |     -- |  4.48e-01 |  6.56e-01 |     -- |  1.87e+00 |  3.21e+00
18118784 |  5.29e-06 |     -- |  4.80e-01 |  7.08e-01 |     -- |  1.86e+00 |  3.17e+00
18144448 |  6.56e-06 |     -- |  5.40e-01 |  8.09e-01 |     -- |  1.96e+00 |  3.51e+00
18170112 |  5.45e-06 |     -- |  4.91e-01 |  7.34e-01 |     -- |  1.86e+00 |  3.20e+00
18195776 |  6.02e-06 |     -- |  5.76e-01 |  8.44e-01 |     -- |  1.92e+00 |  3.35e+00
18221440 |  5.64e-06 |     -- |  5.02e-01 |  7.31e-01 |     -- |  1.87e+00 |  3.26e+00
18247104 |  5.34e-06 |     -- |  4.61e-01 |  6.97e-01 |     -- |  1.84e+00 |  3.18e+00
18272768 |  5.14e-06 |     -- |  4.56e-01 |  6.64e-01 |     -- |  1.84e+00 |  3.12e+00
18298432 |  4.84e-06 |     -- |  4.37e-01 |  6.27e-01 |     -- |  1.81e+00 |  3.04e+00
18324096 |  5.49e-06 |     -- |  4.95e-01 |  7.19e-01 |     -- |  1.89e+00 |  3.22e+00
18349760 |  5.67e-06 |     -- |  5.03e-01 |  7.43e-01 |     -- |  1.90e+00 |  3.27e+00
18375424 |  5.45e-06 |     -- |  5.39e-01 |  8.22e-01 |     -- |  1.86e+00 |  3.18e+00
18401088 |  5.11e-06 |     -- |  4.55e-01 |  6.84e-01 |     -- |  1.84e+00 |  3.11e+00
18426752 |  5.64e-06 |     -- |  4.69e-01 |  6.92e-01 |     -- |  1.89e+00 |  3.27e+00
18452416 |  5.25e-06 |     -- |  5.18e-01 |  7.47e-01 |     -- |  1.85e+00 |  3.15e+00
18478080 |  5.44e-06 |     -- |  4.84e-01 |  7.19e-01 |     -- |  1.88e+00 |  3.21e+00
18503744 |  5.25e-06 |     -- |  5.12e-01 |  7.58e-01 |     -- |  1.84e+00 |  3.14e+00
18529408 |  4.99e-06 |     -- |  4.56e-01 |  6.71e-01 |     -- |  1.83e+00 |  3.08e+00
18555072 |  6.16e-06 |     -- |  5.62e-01 |  8.13e-01 |     -- |  1.94e+00 |  3.39e+00
18580736 |  6.17e-06 |     -- |  5.63e-01 |  8.86e-01 |     -- |  1.92e+00 |  3.37e+00
18606400 |  4.98e-06 |     -- |  4.52e-01 |  6.69e-01 |     -- |  1.81e+00 |  3.07e+00
18632064 |  5.17e-06 |     -- |  4.38e-01 |  6.31e-01 |     -- |  1.85e+00 |  3.14e+00
18657728 |  6.02e-06 |     -- |  5.44e-01 |  8.05e-01 |     -- |  1.92e+00 |  3.36e+00
18683392 |  4.87e-06 |     -- |  4.63e-01 |  6.79e-01 |     -- |  1.79e+00 |  3.04e+00
18709056 |  5.62e-06 |     -- |  4.68e-01 |  7.27e-01 |     -- |  1.87e+00 |  3.26e+00
18734720 |  4.91e-06 |     -- |  4.38e-01 |  6.34e-01 |     -- |  1.81e+00 |  3.06e+00
18760384 |  5.53e-06 |     -- |  4.71e-01 |  6.96e-01 |     -- |  1.88e+00 |  3.24e+00
18786048 |  5.40e-06 |     -- |  4.71e-01 |  6.90e-01 |     -- |  1.87e+00 |  3.20e+00
18811712 |  5.12e-06 |     -- |  4.81e-01 |  7.06e-01 |     -- |  1.84e+00 |  3.12e+00
18837376 |  5.65e-06 |     -- |  5.07e-01 |  7.55e-01 |     -- |  1.90e+00 |  3.27e+00
18863040 |  5.50e-06 |     -- |  5.09e-01 |  7.46e-01 |     -- |  1.87e+00 |  3.22e+00
18888704 |  5.35e-06 |     -- |  5.00e-01 |  7.23e-01 |     -- |  1.85e+00 |  3.18e+00
18914368 |  4.96e-06 |     -- |  4.60e-01 |  6.75e-01 |     -- |  1.81e+00 |  3.07e+00
18940032 |  5.76e-06 |     -- |  5.29e-01 |  8.28e-01 |     -- |  1.90e+00 |  3.28e+00
18965696 |  4.93e-06 |     -- |  4.35e-01 |  6.36e-01 |     -- |  1.82e+00 |  3.07e+00
18991360 |  5.08e-06 |     -- |  4.82e-01 |  7.15e-01 |     -- |  1.83e+00 |  3.10e+00
19017024 |  5.94e-06 |     -- |  5.38e-01 |  8.24e-01 |     -- |  1.92e+00 |  3.34e+00
19042688 |  4.90e-06 |     -- |  4.42e-01 |  6.51e-01 |     -- |  1.80e+00 |  3.05e+00
19068352 |  5.01e-06 |     -- |  4.59e-01 |  6.83e-01 |     -- |  1.82e+00 |  3.08e+00
19094016 |  5.36e-06 |     -- |  5.06e-01 |  7.67e-01 |     -- |  1.85e+00 |  3.17e+00
19119680 |  5.44e-06 |     -- |  4.75e-01 |  7.30e-01 |     -- |  1.85e+00 |  3.20e+00
19145344 |  5.02e-06 |     -- |  4.51e-01 |  6.74e-01 |     -- |  1.82e+00 |  3.08e+00
19171008 |  5.37e-06 |     -- |  4.87e-01 |  7.14e-01 |     -- |  1.86e+00 |  3.19e+00
19196672 |  4.93e-06 |     -- |  4.62e-01 |  6.62e-01 |     -- |  1.81e+00 |  3.06e+00
19222336 |  5.40e-06 |     -- |  5.29e-01 |  7.92e-01 |     -- |  1.86e+00 |  3.18e+00
19248000 |  5.09e-06 |     -- |  4.89e-01 |  7.31e-01 |     -- |  1.82e+00 |  3.09e+00
19273664 |  5.27e-06 |     -- |  4.99e-01 |  7.17e-01 |     -- |  1.84e+00 |  3.16e+00
19299328 |  5.20e-06 |     -- |  5.02e-01 |  7.44e-01 |     -- |  1.83e+00 |  3.12e+00
19324992 |  5.50e-06 |     -- |  4.95e-01 |  7.46e-01 |     -- |  1.86e+00 |  3.22e+00
19350656 |  5.35e-06 |     -- |  4.64e-01 |  7.04e-01 |     -- |  1.84e+00 |  3.18e+00
19376320 |  5.27e-06 |     -- |  4.87e-01 |  7.20e-01 |     -- |  1.83e+00 |  3.15e+00
19401984 |  5.16e-06 |     -- |  4.84e-01 |  7.44e-01 |     -- |  1.83e+00 |  3.11e+00
19427648 |  5.15e-06 |     -- |  4.75e-01 |  6.95e-01 |     -- |  1.83e+00 |  3.12e+00
19453312 |  4.95e-06 |     -- |  4.24e-01 |  6.25e-01 |     -- |  1.80e+00 |  3.07e+00
19478976 |  5.51e-06 |     -- |  5.13e-01 |  7.77e-01 |     -- |  1.86e+00 |  3.21e+00
19504640 |  4.98e-06 |     -- |  4.61e-01 |  6.75e-01 |     -- |  1.81e+00 |  3.07e+00
19530304 |  5.40e-06 |     -- |  5.09e-01 |  7.71e-01 |     -- |  1.84e+00 |  3.18e+00
19555968 |  4.84e-06 |     -- |  4.25e-01 |  6.29e-01 |     -- |  1.79e+00 |  3.03e+00
19581632 |  5.17e-06 |     -- |  4.57e-01 |  6.79e-01 |     -- |  1.84e+00 |  3.13e+00
19607296 |  4.87e-06 |     -- |  4.59e-01 |  6.82e-01 |     -- |  1.80e+00 |  3.04e+00
19632960 |  5.53e-06 |     -- |  5.00e-01 |  7.39e-01 |     -- |  1.86e+00 |  3.23e+00
19658624 |  5.51e-06 |     -- |  4.97e-01 |  7.33e-01 |     -- |  1.86e+00 |  3.22e+00
19684288 |  5.05e-06 |     -- |  4.56e-01 |  6.63e-01 |     -- |  1.82e+00 |  3.10e+00
19709952 |  4.85e-06 |     -- |  4.60e-01 |  6.90e-01 |     -- |  1.79e+00 |  3.03e+00
19735616 |  5.15e-06 |     -- |  4.89e-01 |  7.27e-01 |     -- |  1.82e+00 |  3.11e+00
19761280 |  4.97e-06 |     -- |  4.73e-01 |  6.84e-01 |     -- |  1.81e+00 |  3.07e+00
19786944 |  5.02e-06 |     -- |  4.71e-01 |  6.98e-01 |     -- |  1.81e+00 |  3.08e+00
19812608 |  5.55e-06 |     -- |  5.30e-01 |  7.86e-01 |     -- |  1.86e+00 |  3.21e+00
19838272 |  5.11e-06 |     -- |  4.61e-01 |  6.68e-01 |     -- |  1.82e+00 |  3.11e+00
19863936 |  5.23e-06 |     -- |  4.80e-01 |  7.19e-01 |     -- |  1.84e+00 |  3.14e+00
19889600 |  4.97e-06 |     -- |  4.66e-01 |  6.91e-01 |     -- |  1.80e+00 |  3.06e+00
19915264 |  4.92e-06 |     -- |  4.64e-01 |  6.70e-01 |     -- |  1.80e+00 |  3.06e+00
19940928 |  5.48e-06 |     -- |  4.90e-01 |  7.16e-01 |     -- |  1.86e+00 |  3.22e+00
19966592 |  4.94e-06 |     -- |  4.40e-01 |  6.46e-01 |     -- |  1.80e+00 |  3.06e+00
19992256 |  4.66e-06 |     -- |  4.23e-01 |  6.20e-01 |     -- |  1.77e+00 |  2.98e+00
20017920 |  5.18e-06 |     -- |  4.95e-01 |  7.13e-01 |     -- |  1.83e+00 |  3.13e+00
20043584 |  5.15e-06 |     -- |  4.89e-01 |  7.24e-01 |     -- |  1.82e+00 |  3.11e+00
20069248 |  5.79e-06 |     -- |  5.27e-01 |  7.95e-01 |     -- |  1.87e+00 |  3.29e+00
20094912 |  5.03e-06 |     -- |  4.54e-01 |  6.80e-01 |     -- |  1.80e+00 |  3.08e+00
20120576 |  5.12e-06 |     -- |  5.14e-01 |  7.44e-01 |     -- |  1.81e+00 |  3.10e+00
20146240 |  5.00e-06 |     -- |  4.80e-01 |  6.96e-01 |     -- |  1.80e+00 |  3.07e+00
20171904 |  5.10e-06 |     -- |  5.47e-01 |  8.25e-01 |     -- |  1.82e+00 |  3.08e+00
20197568 |  4.57e-06 |     -- |  4.15e-01 |  6.25e-01 |     -- |  1.75e+00 |  2.95e+00
20223232 |  5.41e-06 |     -- |  5.28e-01 |  7.66e-01 |     -- |  1.85e+00 |  3.19e+00
20248896 |  5.11e-06 |     -- |  4.92e-01 |  7.34e-01 |     -- |  1.82e+00 |  3.10e+00
20274560 |  5.61e-06 |     -- |  5.42e-01 |  8.03e-01 |     -- |  1.87e+00 |  3.24e+00
20300224 |  5.05e-06 |     -- |  4.62e-01 |  7.09e-01 |     -- |  1.80e+00 |  3.08e+00
20325888 |  4.77e-06 |     -- |  4.66e-01 |  6.79e-01 |     -- |  1.78e+00 |  3.01e+00
20351552 |  5.09e-06 |     -- |  4.95e-01 |  7.13e-01 |     -- |  1.81e+00 |  3.10e+00
20377216 |  4.73e-06 |     -- |  4.31e-01 |  6.53e-01 |     -- |  1.78e+00 |  3.00e+00
20402880 |  5.29e-06 |     -- |  5.04e-01 |  7.37e-01 |     -- |  1.83e+00 |  3.15e+00
20428544 |  4.83e-06 |     -- |  4.47e-01 |  6.62e-01 |     -- |  1.78e+00 |  3.03e+00
20454208 |  4.79e-06 |     -- |  4.57e-01 |  6.67e-01 |     -- |  1.78e+00 |  3.01e+00
20479872 |  5.06e-06 |     -- |  4.72e-01 |  7.00e-01 |     -- |  1.82e+00 |  3.09e+00
20505536 |  5.06e-06 |     -- |  4.53e-01 |  6.71e-01 |     -- |  1.80e+00 |  3.10e+00
20531200 |  4.87e-06 |     -- |  4.73e-01 |  6.96e-01 |     -- |  1.78e+00 |  3.03e+00
20556864 |  5.09e-06 |     -- |  4.66e-01 |  6.74e-01 |     -- |  1.82e+00 |  3.11e+00
20582528 |  5.40e-06 |     -- |  5.29e-01 |  7.70e-01 |     -- |  1.83e+00 |  3.18e+00
20608192 |  5.15e-06 |     -- |  4.70e-01 |  7.10e-01 |     -- |  1.81e+00 |  3.11e+00
20633856 |  5.09e-06 |     -- |  4.80e-01 |  7.25e-01 |     -- |  1.80e+00 |  3.09e+00
20659520 |  4.59e-06 |     -- |  4.39e-01 |  6.47e-01 |     -- |  1.74e+00 |  2.95e+00
20685184 |  4.69e-06 |     -- |  4.48e-01 |  6.49e-01 |     -- |  1.77e+00 |  2.98e+00
20710848 |  5.03e-06 |     -- |  4.91e-01 |  7.27e-01 |     -- |  1.81e+00 |  3.07e+00
20736512 |  4.51e-06 |     -- |  4.30e-01 |  6.21e-01 |     -- |  1.74e+00 |  2.93e+00
20762176 |  5.33e-06 |     -- |  4.95e-01 |  7.28e-01 |     -- |  1.84e+00 |  3.16e+00
20787840 |  7.03e-06 |     -- |  5.37e-01 |  9.13e-01 |     -- |  1.93e+00 |  3.61e+00
20813504 |  4.88e-06 |     -- |  4.06e-01 |  6.14e-01 |     -- |  1.75e+00 |  3.05e+00
20839168 |  4.72e-06 |     -- |  4.41e-01 |  6.61e-01 |     -- |  1.75e+00 |  2.99e+00
20864832 |  4.61e-06 |     -- |  4.37e-01 |  6.71e-01 |     -- |  1.75e+00 |  2.95e+00
20890496 |  4.79e-06 |     -- |  4.63e-01 |  7.09e-01 |     -- |  1.77e+00 |  3.00e+00
20916160 |  5.00e-06 |     -- |  4.51e-01 |  6.68e-01 |     -- |  1.80e+00 |  3.08e+00
20941824 |  5.13e-06 |     -- |  4.86e-01 |  7.26e-01 |     -- |  1.80e+00 |  3.11e+00
20967488 |  4.72e-06 |     -- |  4.64e-01 |  6.69e-01 |     -- |  1.76e+00 |  2.99e+00
20993152 |  4.76e-06 |     -- |  4.17e-01 |  6.11e-01 |     -- |  1.78e+00 |  3.01e+00
21018816 |  4.90e-06 |     -- |  4.53e-01 |  6.69e-01 |     -- |  1.78e+00 |  3.04e+00
21044480 |  4.74e-06 |     -- |  4.28e-01 |  6.22e-01 |     -- |  1.78e+00 |  3.01e+00
21070144 |  5.41e-06 |     -- |  5.12e-01 |  7.42e-01 |     -- |  1.85e+00 |  3.19e+00
21095808 |  5.00e-06 |     -- |  4.50e-01 |  6.66e-01 |     -- |  1.80e+00 |  3.08e+00
21121472 |  5.19e-06 |     -- |  4.87e-01 |  7.16e-01 |     -- |  1.81e+00 |  3.12e+00
21147136 |  4.59e-06 |     -- |  4.49e-01 |  6.59e-01 |     -- |  1.74e+00 |  2.94e+00
21172800 |  4.78e-06 |     -- |  4.37e-01 |  6.42e-01 |     -- |  1.78e+00 |  3.02e+00
21198464 |  4.50e-06 |     -- |  4.41e-01 |  6.50e-01 |     -- |  1.74e+00 |  2.92e+00
21224128 |  5.18e-06 |     -- |  4.94e-01 |  7.42e-01 |     -- |  1.82e+00 |  3.12e+00
21249792 |  4.49e-06 |     -- |  4.21e-01 |  6.36e-01 |     -- |  1.74e+00 |  2.92e+00
21275456 |  4.72e-06 |     -- |  4.39e-01 |  6.68e-01 |     -- |  1.76e+00 |  2.99e+00
21301120 |  5.59e-06 |     -- |  5.74e-01 |  8.81e-01 |     -- |  1.84e+00 |  3.20e+00
21326784 |  4.36e-06 |     -- |  4.36e-01 |  6.51e-01 |     -- |  1.72e+00 |  2.87e+00
21352448 |  4.65e-06 |     -- |  4.51e-01 |  6.60e-01 |     -- |  1.76e+00 |  2.97e+00
21378112 |  5.05e-06 |     -- |  4.51e-01 |  6.47e-01 |     -- |  1.80e+00 |  3.09e+00
21403776 |  4.61e-06 |     -- |  4.29e-01 |  6.38e-01 |     -- |  1.75e+00 |  2.96e+00
21429440 |  4.68e-06 |     -- |  4.53e-01 |  6.72e-01 |     -- |  1.76e+00 |  2.97e+00
21455104 |  4.83e-06 |     -- |  4.68e-01 |  6.83e-01 |     -- |  1.77e+00 |  3.02e+00
21480768 |  5.05e-06 |     -- |  4.97e-01 |  7.46e-01 |     -- |  1.80e+00 |  3.08e+00
21506432 |  4.45e-06 |     -- |  4.58e-01 |  6.80e-01 |     -- |  1.72e+00 |  2.90e+00
21532096 |  4.84e-06 |     -- |  4.64e-01 |  6.66e-01 |     -- |  1.77e+00 |  3.02e+00
21557760 |  4.94e-06 |     -- |  4.70e-01 |  7.09e-01 |     -- |  1.78e+00 |  3.05e+00
21583424 |  4.90e-06 |     -- |  4.93e-01 |  7.30e-01 |     -- |  1.77e+00 |  3.03e+00
21609088 |  4.80e-06 |     -- |  4.63e-01 |  7.10e-01 |     -- |  1.77e+00 |  3.00e+00
21634752 |  5.11e-06 |     -- |  4.71e-01 |  7.12e-01 |     -- |  1.79e+00 |  3.10e+00
21660416 |  4.66e-06 |     -- |  4.34e-01 |  6.39e-01 |     -- |  1.74e+00 |  2.97e+00
21686080 |  4.83e-06 |     -- |  4.61e-01 |  6.74e-01 |     -- |  1.77e+00 |  3.02e+00
21711744 |  5.12e-06 |     -- |  4.73e-01 |  7.02e-01 |     -- |  1.78e+00 |  3.11e+00
21737408 |  4.94e-06 |     -- |  4.21e-01 |  6.45e-01 |     -- |  1.76e+00 |  3.06e+00
21763072 |  4.36e-06 |     -- |  4.34e-01 |  6.20e-01 |     -- |  1.72e+00 |  2.88e+00
21788736 |  5.30e-06 |     -- |  5.30e-01 |  7.88e-01 |     -- |  1.83e+00 |  3.15e+00
21814400 |  4.56e-06 |     -- |  4.54e-01 |  6.88e-01 |     -- |  1.73e+00 |  2.93e+00
21840064 |  5.11e-06 |     -- |  4.69e-01 |  7.25e-01 |     -- |  1.79e+00 |  3.09e+00
21865728 |  4.41e-06 |     -- |  4.50e-01 |  6.70e-01 |     -- |  1.72e+00 |  2.88e+00
21891392 |  4.68e-06 |     -- |  4.39e-01 |  6.74e-01 |     -- |  1.75e+00 |  2.97e+00
21917056 |  4.79e-06 |     -- |  4.37e-01 |  6.43e-01 |     -- |  1.77e+00 |  3.01e+00
21942720 |  4.90e-06 |     -- |  4.43e-01 |  6.80e-01 |     -- |  1.77e+00 |  3.04e+00
21968384 |  5.84e-06 |     -- |  5.27e-01 |  7.90e-01 |     -- |  1.84e+00 |  3.30e+00
21994048 |  4.76e-06 |     -- |  4.55e-01 |  7.02e-01 |     -- |  1.75e+00 |  2.99e+00
22019712 |  4.75e-06 |     -- |  4.57e-01 |  6.70e-01 |     -- |  1.75e+00 |  3.00e+00
22045376 |  4.50e-06 |     -- |  4.59e-01 |  6.92e-01 |     -- |  1.73e+00 |  2.91e+00
22071040 |  4.98e-06 |     -- |  5.07e-01 |  7.50e-01 |     -- |  1.79e+00 |  3.05e+00
22096704 |  4.98e-06 |     -- |  4.48e-01 |  6.77e-01 |     -- |  1.79e+00 |  3.06e+00
22122368 |  4.80e-06 |     -- |  4.76e-01 |  7.38e-01 |     -- |  1.75e+00 |  2.99e+00
22148032 |  5.25e-06 |     -- |  4.31e-01 |  6.95e-01 |     -- |  1.79e+00 |  3.14e+00
22173696 |  4.68e-06 |     -- |  4.61e-01 |  6.91e-01 |     -- |  1.74e+00 |  2.97e+00
22199360 |  4.73e-06 |     -- |  4.61e-01 |  6.82e-01 |     -- |  1.75e+00 |  2.98e+00
22225024 |  4.60e-06 |     -- |  4.55e-01 |  6.70e-01 |     -- |  1.74e+00 |  2.94e+00
22250688 |  4.94e-06 |     -- |  4.85e-01 |  7.24e-01 |     -- |  1.77e+00 |  3.05e+00
22276352 |  4.56e-06 |     -- |  4.36e-01 |  6.34e-01 |     -- |  1.73e+00 |  2.95e+00
22302016 |  4.68e-06 |     -- |  4.35e-01 |  6.42e-01 |     -- |  1.75e+00 |  2.98e+00
22327680 |  4.44e-06 |     -- |  4.31e-01 |  6.42e-01 |     -- |  1.72e+00 |  2.90e+00
22353344 |  5.12e-06 |     -- |  5.06e-01 |  7.57e-01 |     -- |  1.81e+00 |  3.09e+00
22379008 |  4.69e-06 |     -- |  4.79e-01 |  7.20e-01 |     -- |  1.74e+00 |  2.96e+00
22404672 |  5.30e-06 |     -- |  4.86e-01 |  7.56e-01 |     -- |  1.80e+00 |  3.15e+00
22430336 |  5.14e-06 |     -- |  4.69e-01 |  7.40e-01 |     -- |  1.78e+00 |  3.10e+00
22456000 |  4.59e-06 |     -- |  4.43e-01 |  6.67e-01 |     -- |  1.73e+00 |  2.94e+00
22481664 |  4.43e-06 |     -- |  4.16e-01 |  6.21e-01 |     -- |  1.72e+00 |  2.90e+00
22507328 |  5.00e-06 |     -- |  4.67e-01 |  7.02e-01 |     -- |  1.79e+00 |  3.07e+00
22532992 |  4.44e-06 |     -- |  4.30e-01 |  6.31e-01 |     -- |  1.72e+00 |  2.90e+00
22558656 |  4.44e-06 |     -- |  4.30e-01 |  6.35e-01 |     -- |  1.72e+00 |  2.90e+00
22584320 |  4.99e-06 |     -- |  4.81e-01 |  7.18e-01 |     -- |  1.79e+00 |  3.06e+00
22609984 |  4.72e-06 |     -- |  4.57e-01 |  6.93e-01 |     -- |  1.76e+00 |  2.98e+00
22635648 |  4.66e-06 |     -- |  4.07e-01 |  6.19e-01 |     -- |  1.73e+00 |  2.98e+00
22661312 |  5.08e-06 |     -- |  4.71e-01 |  6.97e-01 |     -- |  1.79e+00 |  3.09e+00
22686976 |  4.22e-06 |     -- |  4.20e-01 |  6.26e-01 |     -- |  1.69e+00 |  2.83e+00
22712640 |  4.52e-06 |     -- |  4.47e-01 |  6.38e-01 |     -- |  1.73e+00 |  2.93e+00
22738304 |  5.20e-06 |     -- |  5.12e-01 |  7.65e-01 |     -- |  1.80e+00 |  3.11e+00
22763968 |  4.50e-06 |     -- |  3.93e-01 |  6.05e-01 |     -- |  1.72e+00 |  2.92e+00
22789632 |  4.26e-06 |     -- |  3.96e-01 |  5.77e-01 |     -- |  1.69e+00 |  2.85e+00
22815296 |  4.65e-06 |     -- |  4.60e-01 |  6.75e-01 |     -- |  1.75e+00 |  2.96e+00
22840960 |  4.56e-06 |     -- |  4.28e-01 |  6.54e-01 |     -- |  1.73e+00 |  2.93e+00
22866624 |  4.61e-06 |     -- |  4.78e-01 |  7.09e-01 |     -- |  1.73e+00 |  2.94e+00
22892288 |  4.72e-06 |     -- |  4.85e-01 |  7.23e-01 |     -- |  1.75e+00 |  2.97e+00
22917952 |  4.85e-06 |     -- |  4.67e-01 |  6.95e-01 |     -- |  1.76e+00 |  3.01e+00
22943616 |  4.63e-06 |     -- |  4.22e-01 |  6.29e-01 |     -- |  1.74e+00 |  2.96e+00
22969280 |  4.46e-06 |     -- |  4.60e-01 |  6.64e-01 |     -- |  1.72e+00 |  2.90e+00
22994944 |  4.62e-06 |     -- |  4.26e-01 |  6.32e-01 |     -- |  1.74e+00 |  2.96e+00
23020608 |  4.34e-06 |     -- |  4.31e-01 |  6.56e-01 |     -- |  1.71e+00 |  2.86e+00
23046272 |  4.72e-06 |     -- |  4.71e-01 |  7.58e-01 |     -- |  1.73e+00 |  2.97e+00
23071936 |  4.69e-06 |     -- |  4.53e-01 |  6.69e-01 |     -- |  1.74e+00 |  2.97e+00
23097600 |  4.51e-06 |     -- |  4.29e-01 |  6.49e-01 |     -- |  1.72e+00 |  2.92e+00
23123264 |  4.80e-06 |     -- |  4.75e-01 |  6.93e-01 |     -- |  1.75e+00 |  3.01e+00
23148928 |  4.29e-06 |     -- |  4.27e-01 |  6.40e-01 |     -- |  1.70e+00 |  2.85e+00
23174592 |  5.31e-06 |     -- |  4.65e-01 |  7.05e-01 |     -- |  1.81e+00 |  3.16e+00
23200256 |  4.39e-06 |     -- |  4.44e-01 |  6.52e-01 |     -- |  1.70e+00 |  2.88e+00
23225920 |  4.02e-06 |     -- |  3.78e-01 |  5.57e-01 |     -- |  1.66e+00 |  2.77e+00
23251584 |  4.73e-06 |     -- |  4.78e-01 |  7.28e-01 |     -- |  1.74e+00 |  2.97e+00
23277248 |  4.68e-06 |     -- |  4.73e-01 |  7.56e-01 |     -- |  1.74e+00 |  2.95e+00
23302912 |  4.29e-06 |     -- |  4.33e-01 |  6.27e-01 |     -- |  1.69e+00 |  2.85e+00
23328576 |  5.33e-06 |     -- |  4.82e-01 |  7.22e-01 |     -- |  1.80e+00 |  3.16e+00
23354240 |  4.03e-06 |     -- |  4.02e-01 |  6.10e-01 |     -- |  1.65e+00 |  2.76e+00
23379904 |  4.30e-06 |     -- |  4.41e-01 |  6.65e-01 |     -- |  1.70e+00 |  2.85e+00
23405568 |  5.05e-06 |     -- |  4.68e-01 |  7.10e-01 |     -- |  1.78e+00 |  3.07e+00
23431232 |  3.91e-06 |     -- |  3.80e-01 |  5.59e-01 |     -- |  1.65e+00 |  2.73e+00
23456896 |  4.41e-06 |     -- |  4.18e-01 |  6.13e-01 |     -- |  1.72e+00 |  2.89e+00
23482560 |  4.48e-06 |     -- |  4.40e-01 |  6.47e-01 |     -- |  1.72e+00 |  2.91e+00
23508224 |  4.52e-06 |     -- |  4.50e-01 |  6.60e-01 |     -- |  1.72e+00 |  2.92e+00
23533888 |  4.79e-06 |     -- |  4.47e-01 |  6.99e-01 |     -- |  1.74e+00 |  3.00e+00
23559552 |  5.04e-06 |     -- |  4.55e-01 |  7.17e-01 |     -- |  1.76e+00 |  3.08e+00
23585216 |  4.97e-06 |     -- |  4.61e-01 |  7.18e-01 |     -- |  1.76e+00 |  3.06e+00
23610880 |  4.29e-06 |     -- |  4.13e-01 |  6.29e-01 |     -- |  1.68e+00 |  2.85e+00
23636544 |  4.34e-06 |     -- |  4.35e-01 |  6.44e-01 |     -- |  1.70e+00 |  2.86e+00
23662208 |  4.50e-06 |     -- |  4.26e-01 |  6.53e-01 |     -- |  1.72e+00 |  2.91e+00
23687872 |  4.41e-06 |     -- |  4.50e-01 |  6.77e-01 |     -- |  1.71e+00 |  2.88e+00
23713536 |  4.18e-06 |     -- |  4.04e-01 |  5.87e-01 |     -- |  1.68e+00 |  2.82e+00
23739200 |  4.88e-06 |     -- |  4.42e-01 |  6.51e-01 |     -- |  1.76e+00 |  3.04e+00
23764864 |  4.55e-06 |     -- |  4.57e-01 |  6.79e-01 |     -- |  1.72e+00 |  2.93e+00
23790528 |  4.45e-06 |     -- |  4.55e-01 |  6.60e-01 |     -- |  1.71e+00 |  2.90e+00
23816192 |  5.28e-06 |     -- |  5.00e-01 |  7.62e-01 |     -- |  1.79e+00 |  3.12e+00
23841856 |  4.10e-06 |     -- |  3.90e-01 |  5.80e-01 |     -- |  1.66e+00 |  2.79e+00
23867520 |  4.25e-06 |     -- |  4.11e-01 |  6.08e-01 |     -- |  1.69e+00 |  2.84e+00
23893184 |  4.42e-06 |     -- |  4.45e-01 |  6.65e-01 |     -- |  1.71e+00 |  2.88e+00
23918848 |  4.27e-06 |     -- |  4.11e-01 |  6.01e-01 |     -- |  1.69e+00 |  2.85e+00
23944512 |  4.63e-06 |     -- |  4.29e-01 |  6.32e-01 |     -- |  1.73e+00 |  2.96e+00
23970176 |  4.36e-06 |     -- |  4.29e-01 |  6.36e-01 |     -- |  1.70e+00 |  2.87e+00
23995840 |  4.29e-06 |     -- |  4.32e-01 |  6.35e-01 |     -- |  1.69e+00 |  2.85e+00
24021504 |  4.46e-06 |     -- |  4.36e-01 |  6.36e-01 |     -- |  1.71e+00 |  2.90e+00
24047168 |  4.54e-06 |     -- |  4.15e-01 |  6.39e-01 |     -- |  1.72e+00 |  2.93e+00
24072832 |  4.86e-06 |     -- |  4.22e-01 |  6.57e-01 |     -- |  1.75e+00 |  3.03e+00
24098496 |  4.63e-06 |     -- |  4.41e-01 |  6.35e-01 |     -- |  1.72e+00 |  2.96e+00
24124160 |  4.17e-06 |     -- |  3.94e-01 |  5.81e-01 |     -- |  1.67e+00 |  2.82e+00
24149824 |  4.48e-06 |     -- |  4.63e-01 |  7.03e-01 |     -- |  1.72e+00 |  2.90e+00
24175488 |  4.76e-06 |     -- |  4.63e-01 |  6.89e-01 |     -- |  1.74e+00 |  2.99e+00
24201152 |  4.07e-06 |     -- |  3.84e-01 |  5.84e-01 |     -- |  1.65e+00 |  2.78e+00
24226816 |  4.38e-06 |     -- |  4.08e-01 |  6.34e-01 |     -- |  1.69e+00 |  2.88e+00
24252480 |  4.29e-06 |     -- |  4.33e-01 |  6.41e-01 |     -- |  1.69e+00 |  2.85e+00
24278144 |  4.35e-06 |     -- |  4.24e-01 |  6.28e-01 |     -- |  1.70e+00 |  2.87e+00
24303808 |  4.49e-06 |     -- |  4.42e-01 |  6.56e-01 |     -- |  1.71e+00 |  2.91e+00
24329472 |  4.05e-06 |     -- |  4.34e-01 |  6.50e-01 |     -- |  1.65e+00 |  2.76e+00
24355136 |  4.67e-06 |     -- |  4.78e-01 |  7.27e-01 |     -- |  1.74e+00 |  2.96e+00
24380800 |  4.15e-06 |     -- |  4.08e-01 |  6.08e-01 |     -- |  1.67e+00 |  2.81e+00
24406464 |  4.18e-06 |     -- |  4.15e-01 |  6.30e-01 |     -- |  1.67e+00 |  2.81e+00
24432128 |  4.89e-06 |     -- |  4.59e-01 |  6.85e-01 |     -- |  1.74e+00 |  3.03e+00
24457792 |  4.13e-06 |     -- |  4.08e-01 |  5.97e-01 |     -- |  1.67e+00 |  2.80e+00
24483456 |  4.31e-06 |     -- |  4.44e-01 |  6.62e-01 |     -- |  1.69e+00 |  2.85e+00
24509120 |  4.89e-06 |     -- |  4.64e-01 |  7.22e-01 |     -- |  1.74e+00 |  3.02e+00
24534784 |  4.13e-06 |     -- |  4.10e-01 |  6.16e-01 |     -- |  1.65e+00 |  2.80e+00
24560448 |  4.86e-06 |     -- |  4.77e-01 |  7.42e-01 |     -- |  1.74e+00 |  3.01e+00
24586112 |  4.73e-06 |     -- |  4.30e-01 |  6.48e-01 |     -- |  1.72e+00 |  2.99e+00
24611776 |  5.09e-06 |     -- |  4.97e-01 |  7.96e-01 |     -- |  1.75e+00 |  3.07e+00
24637440 |  4.22e-06 |     -- |  4.18e-01 |  6.64e-01 |     -- |  1.65e+00 |  2.81e+00
24663104 |  4.09e-06 |     -- |  4.03e-01 |  5.99e-01 |     -- |  1.66e+00 |  2.79e+00
24688768 |  4.43e-06 |     -- |  4.16e-01 |  6.20e-01 |     -- |  1.71e+00 |  2.90e+00
24714432 |  4.38e-06 |     -- |  4.39e-01 |  6.61e-01 |     -- |  1.69e+00 |  2.87e+00
24740096 |  4.34e-06 |     -- |  4.59e-01 |  6.96e-01 |     -- |  1.69e+00 |  2.85e+00
24765760 |  4.21e-06 |     -- |  4.27e-01 |  6.51e-01 |     -- |  1.68e+00 |  2.82e+00
24791424 |  3.93e-06 |     -- |  3.83e-01 |  5.62e-01 |     -- |  1.65e+00 |  2.74e+00
24817088 |  4.28e-06 |     -- |  4.13e-01 |  6.16e-01 |     -- |  1.68e+00 |  2.85e+00
24842752 |  4.81e-06 |     -- |  4.81e-01 |  7.25e-01 |     -- |  1.75e+00 |  3.00e+00
24868416 |  4.06e-06 |     -- |  4.26e-01 |  6.45e-01 |     -- |  1.66e+00 |  2.77e+00
24894080 |  4.12e-06 |     -- |  4.07e-01 |  6.04e-01 |     -- |  1.67e+00 |  2.80e+00
24919744 |  4.45e-06 |     -- |  4.45e-01 |  6.65e-01 |     -- |  1.71e+00 |  2.90e+00
24945408 |  4.21e-06 |     -- |  4.12e-01 |  6.21e-01 |     -- |  1.68e+00 |  2.82e+00
24971072 |  4.14e-06 |     -- |  3.91e-01 |  5.76e-01 |     -- |  1.67e+00 |  2.80e+00
24996736 |  4.17e-06 |     -- |  4.26e-01 |  6.42e-01 |     -- |  1.67e+00 |  2.80e+00
25022400 |  4.07e-06 |     -- |  4.22e-01 |  6.27e-01 |     -- |  1.66e+00 |  2.77e+00
25048064 |  4.53e-06 |     -- |  4.44e-01 |  6.70e-01 |     -- |  1.71e+00 |  2.92e+00
25073728 |  4.17e-06 |     -- |  4.22e-01 |  6.21e-01 |     -- |  1.67e+00 |  2.81e+00
25099392 |  4.23e-06 |     -- |  4.32e-01 |  6.50e-01 |     -- |  1.68e+00 |  2.82e+00
25125056 |  4.24e-06 |     -- |  4.22e-01 |  6.31e-01 |     -- |  1.68e+00 |  2.83e+00
25150720 |  5.01e-06 |     -- |  4.90e-01 |  7.38e-01 |     -- |  1.76e+00 |  3.06e+00
25176384 |  4.21e-06 |     -- |  4.00e-01 |  6.13e-01 |     -- |  1.66e+00 |  2.82e+00
25202048 |  4.30e-06 |     -- |  4.84e-01 |  7.25e-01 |     -- |  1.68e+00 |  2.83e+00
25227712 |  4.03e-06 |     -- |  3.89e-01 |  5.80e-01 |     -- |  1.65e+00 |  2.77e+00
25253376 |  4.31e-06 |     -- |  4.06e-01 |  6.17e-01 |     -- |  1.69e+00 |  2.86e+00
25279040 |  4.55e-06 |     -- |  4.61e-01 |  6.94e-01 |     -- |  1.71e+00 |  2.92e+00
25304704 |  4.65e-06 |     -- |  4.39e-01 |  6.90e-01 |     -- |  1.70e+00 |  2.95e+00
25330368 |  3.92e-06 |     -- |  3.86e-01 |  5.81e-01 |     -- |  1.63e+00 |  2.73e+00
25356032 |  3.98e-06 |     -- |  4.05e-01 |  5.98e-01 |     -- |  1.64e+00 |  2.75e+00
25381696 |  5.42e-06 |     -- |  4.94e-01 |  7.51e-01 |     -- |  1.80e+00 |  3.18e+00
25407360 |  3.88e-06 |     -- |  3.87e-01 |  5.74e-01 |     -- |  1.62e+00 |  2.72e+00
25433024 |  4.13e-06 |     -- |  4.33e-01 |  6.92e-01 |     -- |  1.65e+00 |  2.78e+00
25458688 |  4.25e-06 |     -- |  3.95e-01 |  5.85e-01 |     -- |  1.68e+00 |  2.84e+00
25484352 |  3.87e-06 |     -- |  3.92e-01 |  5.82e-01 |     -- |  1.63e+00 |  2.71e+00
25510016 |  4.01e-06 |     -- |  4.06e-01 |  5.94e-01 |     -- |  1.65e+00 |  2.76e+00
25535680 |  4.31e-06 |     -- |  4.72e-01 |  7.13e-01 |     -- |  1.68e+00 |  2.84e+00
25561344 |  4.28e-06 |     -- |  4.34e-01 |  6.60e-01 |     -- |  1.67e+00 |  2.84e+00
25587008 |  4.28e-06 |     -- |  4.11e-01 |  6.36e-01 |     -- |  1.68e+00 |  2.84e+00
25612672 |  4.28e-06 |     -- |  4.36e-01 |  6.49e-01 |     -- |  1.67e+00 |  2.84e+00
25638336 |  4.40e-06 |     -- |  4.61e-01 |  7.03e-01 |     -- |  1.69e+00 |  2.87e+00
25664000 |  3.85e-06 |     -- |  3.90e-01 |  5.75e-01 |     -- |  1.62e+00 |  2.70e+00
25689664 |  4.41e-06 |     -- |  4.49e-01 |  6.69e-01 |     -- |  1.70e+00 |  2.88e+00
25715328 |  4.00e-06 |     -- |  3.90e-01 |  5.84e-01 |     -- |  1.65e+00 |  2.76e+00
25740992 |  4.25e-06 |     -- |  4.12e-01 |  6.14e-01 |     -- |  1.68e+00 |  2.84e+00
25766656 |  4.12e-06 |     -- |  4.20e-01 |  6.39e-01 |     -- |  1.66e+00 |  2.79e+00
25792320 |  4.99e-06 |     -- |  4.70e-01 |  7.25e-01 |     -- |  1.75e+00 |  3.06e+00
25817984 |  3.96e-06 |     -- |  4.10e-01 |  6.02e-01 |     -- |  1.63e+00 |  2.74e+00
25843648 |  4.01e-06 |     -- |  3.97e-01 |  6.14e-01 |     -- |  1.64e+00 |  2.75e+00
25869312 |  4.48e-06 |     -- |  4.47e-01 |  6.89e-01 |     -- |  1.70e+00 |  2.90e+00
25894976 |  3.77e-06 |     -- |  3.83e-01 |  5.72e-01 |     -- |  1.61e+00 |  2.68e+00
25920640 |  4.10e-06 |     -- |  4.14e-01 |  6.20e-01 |     -- |  1.65e+00 |  2.78e+00
25946304 |  4.38e-06 |     -- |  4.66e-01 |  7.04e-01 |     -- |  1.69e+00 |  2.86e+00
25971968 |  4.00e-06 |     -- |  4.01e-01 |  6.03e-01 |     -- |  1.63e+00 |  2.75e+00
25997632 |  4.41e-06 |     -- |  4.29e-01 |  6.59e-01 |     -- |  1.68e+00 |  2.88e+00
26023296 |  3.96e-06 |     -- |  4.07e-01 |  6.13e-01 |     -- |  1.64e+00 |  2.74e+00
26048960 |  4.45e-06 |     -- |  4.70e-01 |  7.11e-01 |     -- |  1.70e+00 |  2.89e+00
26074624 |  4.42e-06 |     -- |  4.30e-01 |  6.42e-01 |     -- |  1.69e+00 |  2.89e+00
26100288 |  4.41e-06 |     -- |  4.41e-01 |  6.69e-01 |     -- |  1.68e+00 |  2.88e+00
26125952 |  3.96e-06 |     -- |  4.16e-01 |  6.14e-01 |     -- |  1.63e+00 |  2.73e+00
26151616 |  4.16e-06 |     -- |  4.24e-01 |  6.53e-01 |     -- |  1.65e+00 |  2.79e+00
26177280 |  4.13e-06 |     -- |  4.25e-01 |  6.36e-01 |     -- |  1.65e+00 |  2.78e+00
26202944 |  4.91e-06 |     -- |  4.82e-01 |  7.38e-01 |     -- |  1.73e+00 |  3.02e+00
26228608 |  3.87e-06 |     -- |  3.86e-01 |  5.86e-01 |     -- |  1.61e+00 |  2.71e+00
26254272 |  4.14e-06 |     -- |  4.13e-01 |  6.06e-01 |     -- |  1.67e+00 |  2.80e+00
26279936 |  4.43e-06 |     -- |  4.04e-01 |  6.45e-01 |     -- |  1.67e+00 |  2.88e+00
26305600 |  3.97e-06 |     -- |  4.05e-01 |  6.04e-01 |     -- |  1.62e+00 |  2.74e+00
26331264 |  3.73e-06 |     -- |  3.66e-01 |  5.52e-01 |     -- |  1.60e+00 |  2.66e+00
26356928 |  4.21e-06 |     -- |  4.28e-01 |  6.29e-01 |     -- |  1.66e+00 |  2.82e+00
26382592 |  4.28e-06 |     -- |  4.41e-01 |  6.56e-01 |     -- |  1.67e+00 |  2.83e+00
26408256 |  3.98e-06 |     -- |  3.94e-01 |  6.00e-01 |     -- |  1.63e+00 |  2.74e+00
26433920 |  3.93e-06 |     -- |  3.91e-01 |  5.87e-01 |     -- |  1.63e+00 |  2.73e+00
26459584 |  4.33e-06 |     -- |  4.22e-01 |  6.37e-01 |     -- |  1.69e+00 |  2.86e+00
26485248 |  3.82e-06 |     -- |  4.11e-01 |  6.13e-01 |     -- |  1.61e+00 |  2.68e+00
26510912 |  3.91e-06 |     -- |  4.03e-01 |  6.04e-01 |     -- |  1.63e+00 |  2.72e+00
26536576 |  4.31e-06 |     -- |  4.10e-01 |  6.24e-01 |     -- |  1.67e+00 |  2.85e+00
26562240 |  4.66e-06 |     -- |  4.68e-01 |  7.34e-01 |     -- |  1.71e+00 |  2.94e+00
26587904 |  3.82e-06 |     -- |  3.86e-01 |  5.63e-01 |     -- |  1.61e+00 |  2.69e+00
26613568 |  4.24e-06 |     -- |  4.39e-01 |  6.57e-01 |     -- |  1.66e+00 |  2.82e+00
26639232 |  4.31e-06 |     -- |  4.38e-01 |  6.68e-01 |     -- |  1.67e+00 |  2.84e+00
26664896 |  3.67e-06 |     -- |  3.48e-01 |  5.25e-01 |     -- |  1.59e+00 |  2.65e+00
26690560 |  3.96e-06 |     -- |  4.29e-01 |  6.58e-01 |     -- |  1.64e+00 |  2.73e+00
26716224 |  3.90e-06 |     -- |  3.88e-01 |  5.78e-01 |     -- |  1.63e+00 |  2.72e+00
26741888 |  4.37e-06 |     -- |  4.34e-01 |  6.78e-01 |     -- |  1.67e+00 |  2.86e+00
26767552 |  4.15e-06 |     -- |  4.22e-01 |  6.49e-01 |     -- |  1.66e+00 |  2.80e+00
26793216 |  3.74e-06 |     -- |  4.07e-01 |  6.02e-01 |     -- |  1.60e+00 |  2.66e+00
26818880 |  4.75e-06 |     -- |  4.52e-01 |  6.89e-01 |     -- |  1.72e+00 |  2.98e+00
26844544 |  3.63e-06 |     -- |  3.54e-01 |  5.40e-01 |     -- |  1.57e+00 |  2.63e+00
26870208 |  4.35e-06 |     -- |  4.41e-01 |  6.69e-01 |     -- |  1.68e+00 |  2.85e+00
26895872 |  3.93e-06 |     -- |  3.85e-01 |  5.74e-01 |     -- |  1.62e+00 |  2.73e+00
26921536 |  4.27e-06 |     -- |  4.37e-01 |  6.50e-01 |     -- |  1.66e+00 |  2.83e+00
26947200 |  3.99e-06 |     -- |  4.24e-01 |  6.65e-01 |     -- |  1.63e+00 |  2.73e+00
26972864 |  3.80e-06 |     -- |  3.80e-01 |  5.73e-01 |     -- |  1.61e+00 |  2.69e+00
26998528 |  3.92e-06 |     -- |  3.88e-01 |  5.84e-01 |     -- |  1.63e+00 |  2.72e+00
27024192 |  3.96e-06 |     -- |  4.02e-01 |  6.06e-01 |     -- |  1.63e+00 |  2.74e+00
27049856 |  5.11e-06 |     -- |  5.00e-01 |  7.75e-01 |     -- |  1.75e+00 |  3.08e+00
27075520 |  3.76e-06 |     -- |  3.80e-01 |  5.79e-01 |     -- |  1.59e+00 |  2.67e+00
27101184 |  3.98e-06 |     -- |  4.03e-01 |  6.08e-01 |     -- |  1.63e+00 |  2.74e+00
27126848 |  4.74e-06 |     -- |  4.60e-01 |  7.07e-01 |     -- |  1.71e+00 |  2.98e+00
27152512 |  3.59e-06 |     -- |  3.74e-01 |  5.57e-01 |     -- |  1.57e+00 |  2.61e+00
27178176 |  3.82e-06 |     -- |  3.91e-01 |  5.79e-01 |     -- |  1.62e+00 |  2.70e+00
27203840 |  4.57e-06 |     -- |  4.64e-01 |  7.24e-01 |     -- |  1.69e+00 |  2.91e+00
27229504 |  4.01e-06 |     -- |  4.12e-01 |  6.16e-01 |     -- |  1.63e+00 |  2.75e+00
27255168 |  4.09e-06 |     -- |  4.26e-01 |  6.46e-01 |     -- |  1.64e+00 |  2.77e+00
27280832 |  3.81e-06 |     -- |  3.80e-01 |  5.71e-01 |     -- |  1.61e+00 |  2.69e+00
27306496 |  4.04e-06 |     -- |  4.20e-01 |  6.26e-01 |     -- |  1.64e+00 |  2.76e+00
27332160 |  3.97e-06 |     -- |  4.07e-01 |  6.09e-01 |     -- |  1.63e+00 |  2.74e+00
27357824 |  3.97e-06 |     -- |  4.20e-01 |  6.39e-01 |     -- |  1.63e+00 |  2.73e+00
27383488 |  4.17e-06 |     -- |  4.18e-01 |  6.24e-01 |     -- |  1.65e+00 |  2.80e+00
27409152 |  4.18e-06 |     -- |  3.97e-01 |  5.96e-01 |     -- |  1.65e+00 |  2.81e+00
27434816 |  4.18e-06 |     -- |  4.01e-01 |  6.08e-01 |     -- |  1.66e+00 |  2.81e+00
27460480 |  3.65e-06 |     -- |  3.69e-01 |  5.36e-01 |     -- |  1.59e+00 |  2.64e+00
27486144 |  3.97e-06 |     -- |  3.96e-01 |  6.11e-01 |     -- |  1.63e+00 |  2.74e+00
27511808 |  4.23e-06 |     -- |  4.25e-01 |  6.29e-01 |     -- |  1.66e+00 |  2.82e+00
27537472 |  3.68e-06 |     -- |  3.65e-01 |  5.57e-01 |     -- |  1.59e+00 |  2.65e+00
27563136 |  3.87e-06 |     -- |  4.11e-01 |  6.03e-01 |     -- |  1.61e+00 |  2.70e+00
27588800 |  3.97e-06 |     -- |  4.32e-01 |  6.54e-01 |     -- |  1.63e+00 |  2.73e+00
27614464 |  4.12e-06 |     -- |  4.08e-01 |  6.19e-01 |     -- |  1.64e+00 |  2.79e+00
27640128 |  4.32e-06 |     -- |  4.29e-01 |  6.45e-01 |     -- |  1.66e+00 |  2.85e+00
27665792 |  4.77e-06 |     -- |  4.54e-01 |  7.01e-01 |     -- |  1.70e+00 |  2.99e+00
27691456 |  3.96e-06 |     -- |  4.04e-01 |  6.20e-01 |     -- |  1.59e+00 |  2.73e+00
27717120 |  4.26e-06 |     -- |  4.44e-01 |  7.05e-01 |     -- |  1.65e+00 |  2.82e+00
27742784 |  4.04e-06 |     -- |  3.53e-01 |  5.45e-01 |     -- |  1.62e+00 |  2.77e+00
27768448 |  3.47e-06 |     -- |  3.61e-01 |  5.46e-01 |     -- |  1.55e+00 |  2.57e+00
27794112 |  3.88e-06 |     -- |  4.09e-01 |  5.96e-01 |     -- |  1.62e+00 |  2.71e+00
27819776 |  4.11e-06 |     -- |  4.40e-01 |  6.60e-01 |     -- |  1.64e+00 |  2.77e+00
27845440 |  3.85e-06 |     -- |  3.79e-01 |  5.64e-01 |     -- |  1.61e+00 |  2.70e+00
27871104 |  3.74e-06 |     -- |  3.88e-01 |  5.65e-01 |     -- |  1.60e+00 |  2.66e+00
27896768 |  3.81e-06 |     -- |  3.89e-01 |  5.85e-01 |     -- |  1.61e+00 |  2.68e+00
27922432 |  4.31e-06 |     -- |  4.57e-01 |  7.16e-01 |     -- |  1.65e+00 |  2.83e+00
27948096 |  4.10e-06 |     -- |  4.27e-01 |  6.47e-01 |     -- |  1.64e+00 |  2.77e+00
27973760 |  3.79e-06 |     -- |  4.04e-01 |  5.93e-01 |     -- |  1.60e+00 |  2.68e+00
27999424 |  3.97e-06 |     -- |  3.78e-01 |  5.87e-01 |     -- |  1.63e+00 |  2.74e+00
28025088 |  4.04e-06 |     -- |  4.23e-01 |  6.62e-01 |     -- |  1.62e+00 |  2.75e+00
28050752 |  4.00e-06 |     -- |  4.08e-01 |  6.29e-01 |     -- |  1.62e+00 |  2.74e+00
28076416 |  4.09e-06 |     -- |  4.21e-01 |  6.26e-01 |     -- |  1.64e+00 |  2.78e+00
28102080 |  3.64e-06 |     -- |  3.43e-01 |  5.16e-01 |     -- |  1.58e+00 |  2.64e+00
28127744 |  3.98e-06 |     -- |  4.08e-01 |  6.23e-01 |     -- |  1.62e+00 |  2.74e+00
28153408 |  4.07e-06 |     -- |  4.03e-01 |  6.20e-01 |     -- |  1.63e+00 |  2.77e+00
28179072 |  4.00e-06 |     -- |  4.12e-01 |  6.20e-01 |     -- |  1.63e+00 |  2.75e+00
28204736 |  3.50e-06 |     -- |  3.61e-01 |  5.42e-01 |     -- |  1.56e+00 |  2.58e+00
28230400 |  4.03e-06 |     -- |  4.25e-01 |  6.26e-01 |     -- |  1.63e+00 |  2.76e+00
28256064 |  3.67e-06 |     -- |  3.42e-01 |  5.12e-01 |     -- |  1.59e+00 |  2.65e+00
28281728 |  3.78e-06 |     -- |  4.11e-01 |  6.06e-01 |     -- |  1.61e+00 |  2.68e+00
28307392 |  3.97e-06 |     -- |  4.30e-01 |  6.50e-01 |     -- |  1.62e+00 |  2.73e+00
28333056 |  3.83e-06 |     -- |  3.94e-01 |  6.01e-01 |     -- |  1.60e+00 |  2.69e+00
28358720 |  3.88e-06 |     -- |  4.09e-01 |  6.13e-01 |     -- |  1.62e+00 |  2.71e+00
28384384 |  3.75e-06 |     -- |  4.03e-01 |  5.92e-01 |     -- |  1.59e+00 |  2.66e+00
28410048 |  4.02e-06 |     -- |  3.97e-01 |  6.01e-01 |     -- |  1.63e+00 |  2.75e+00
28435712 |  3.96e-06 |     -- |  3.99e-01 |  5.96e-01 |     -- |  1.62e+00 |  2.74e+00
28461376 |  4.02e-06 |     -- |  4.12e-01 |  6.41e-01 |     -- |  1.63e+00 |  2.74e+00
28487040 |  4.23e-06 |     -- |  4.43e-01 |  6.82e-01 |     -- |  1.66e+00 |  2.82e+00
28512704 |  3.79e-06 |     -- |  4.06e-01 |  6.14e-01 |     -- |  1.59e+00 |  2.67e+00
28538368 |  4.01e-06 |     -- |  4.14e-01 |  6.32e-01 |     -- |  1.62e+00 |  2.75e+00
28564032 |  4.33e-06 |     -- |  4.55e-01 |  6.92e-01 |     -- |  1.66e+00 |  2.85e+00
28589696 |  3.98e-06 |     -- |  4.01e-01 |  6.04e-01 |     -- |  1.61e+00 |  2.74e+00
28615360 |  3.94e-06 |     -- |  4.04e-01 |  6.06e-01 |     -- |  1.61e+00 |  2.73e+00
28641024 |  3.71e-06 |     -- |  3.71e-01 |  5.55e-01 |     -- |  1.59e+00 |  2.65e+00
28666688 |  3.73e-06 |     -- |  4.24e-01 |  6.51e-01 |     -- |  1.58e+00 |  2.64e+00
28692352 |  3.99e-06 |     -- |  3.93e-01 |  5.87e-01 |     -- |  1.63e+00 |  2.75e+00
28718016 |  3.71e-06 |     -- |  3.66e-01 |  5.40e-01 |     -- |  1.59e+00 |  2.66e+00
28743680 |  3.90e-06 |     -- |  3.98e-01 |  5.95e-01 |     -- |  1.60e+00 |  2.71e+00
28769344 |  4.41e-06 |     -- |  4.51e-01 |  6.81e-01 |     -- |  1.67e+00 |  2.88e+00
28795008 |  4.06e-06 |     -- |  3.89e-01 |  6.33e-01 |     -- |  1.61e+00 |  2.76e+00
28820672 |  3.61e-06 |     -- |  3.68e-01 |  5.50e-01 |     -- |  1.56e+00 |  2.61e+00
28846336 |  3.87e-06 |     -- |  4.10e-01 |  6.16e-01 |     -- |  1.61e+00 |  2.70e+00
28872000 |  3.77e-06 |     -- |  3.89e-01 |  5.87e-01 |     -- |  1.60e+00 |  2.67e+00
28897664 |  3.66e-06 |     -- |  3.85e-01 |  5.82e-01 |     -- |  1.58e+00 |  2.63e+00
28923328 |  3.96e-06 |     -- |  3.94e-01 |  5.84e-01 |     -- |  1.63e+00 |  2.74e+00
28948992 |  3.82e-06 |     -- |  4.17e-01 |  6.17e-01 |     -- |  1.59e+00 |  2.68e+00
28974656 |  3.82e-06 |     -- |  3.92e-01 |  5.84e-01 |     -- |  1.61e+00 |  2.69e+00
29000320 |  4.05e-06 |     -- |  4.09e-01 |  6.19e-01 |     -- |  1.62e+00 |  2.76e+00
29025984 |  3.99e-06 |     -- |  4.08e-01 |  6.32e-01 |     -- |  1.62e+00 |  2.74e+00
29051648 |  4.35e-06 |     -- |  4.18e-01 |  6.54e-01 |     -- |  1.65e+00 |  2.86e+00
29077312 |  4.09e-06 |     -- |  4.25e-01 |  7.04e-01 |     -- |  1.60e+00 |  2.75e+00
29102976 |  3.53e-06 |     -- |  3.71e-01 |  5.58e-01 |     -- |  1.55e+00 |  2.58e+00
29128640 |  3.69e-06 |     -- |  3.92e-01 |  6.01e-01 |     -- |  1.58e+00 |  2.64e+00
29154304 |  3.87e-06 |     -- |  4.23e-01 |  6.65e-01 |     -- |  1.61e+00 |  2.69e+00
29179968 |  3.66e-06 |     -- |  3.75e-01 |  5.65e-01 |     -- |  1.58e+00 |  2.63e+00
29205632 |  3.96e-06 |     -- |  3.96e-01 |  5.99e-01 |     -- |  1.62e+00 |  2.74e+00
29231296 |  3.95e-06 |     -- |  3.98e-01 |  6.00e-01 |     -- |  1.62e+00 |  2.73e+00
29256960 |  3.70e-06 |     -- |  3.89e-01 |  5.96e-01 |     -- |  1.58e+00 |  2.64e+00
29282624 |  3.81e-06 |     -- |  4.24e-01 |  6.50e-01 |     -- |  1.59e+00 |  2.67e+00
29308288 |  4.66e-06 |     -- |  4.24e-01 |  6.70e-01 |     -- |  1.69e+00 |  2.96e+00
29333952 |  3.46e-06 |     -- |  3.77e-01 |  5.44e-01 |     -- |  1.55e+00 |  2.56e+00
29359616 |  3.57e-06 |     -- |  3.97e-01 |  5.88e-01 |     -- |  1.56e+00 |  2.60e+00
29385280 |  4.29e-06 |     -- |  4.49e-01 |  6.94e-01 |     -- |  1.65e+00 |  2.82e+00
29410944 |  3.70e-06 |     -- |  3.80e-01 |  5.70e-01 |     -- |  1.58e+00 |  2.65e+00
29436608 |  3.60e-06 |     -- |  3.69e-01 |  5.42e-01 |     -- |  1.58e+00 |  2.62e+00
29462272 |  3.80e-06 |     -- |  3.95e-01 |  5.90e-01 |     -- |  1.60e+00 |  2.68e+00
29487936 |  3.67e-06 |     -- |  3.88e-01 |  5.97e-01 |     -- |  1.57e+00 |  2.63e+00
29513600 |  4.18e-06 |     -- |  4.13e-01 |  6.49e-01 |     -- |  1.64e+00 |  2.80e+00
29539264 |  3.51e-06 |     -- |  3.72e-01 |  5.52e-01 |     -- |  1.55e+00 |  2.58e+00
29564928 |  4.12e-06 |     -- |  4.17e-01 |  6.29e-01 |     -- |  1.63e+00 |  2.78e+00
29590592 |  3.76e-06 |     -- |  3.96e-01 |  6.05e-01 |     -- |  1.59e+00 |  2.66e+00
29616256 |  4.28e-06 |     -- |  4.48e-01 |  6.79e-01 |     -- |  1.65e+00 |  2.83e+00
29641920 |  3.42e-06 |     -- |  3.64e-01 |  5.44e-01 |     -- |  1.53e+00 |  2.54e+00
29667584 |  3.73e-06 |     -- |  4.28e-01 |  6.86e-01 |     -- |  1.57e+00 |  2.63e+00
29693248 |  3.49e-06 |     -- |  3.40e-01 |  5.26e-01 |     -- |  1.56e+00 |  2.58e+00
29718912 |  4.13e-06 |     -- |  4.37e-01 |  6.58e-01 |     -- |  1.64e+00 |  2.79e+00
29744576 |  3.80e-06 |     -- |  3.84e-01 |  5.85e-01 |     -- |  1.59e+00 |  2.68e+00
29770240 |  4.19e-06 |     -- |  4.23e-01 |  6.52e-01 |     -- |  1.63e+00 |  2.80e+00
29795904 |  3.63e-06 |     -- |  3.66e-01 |  5.80e-01 |     -- |  1.56e+00 |  2.62e+00
29821568 |  4.02e-06 |     -- |  4.03e-01 |  6.29e-01 |     -- |  1.61e+00 |  2.75e+00
29847232 |  3.81e-06 |     -- |  3.89e-01 |  5.89e-01 |     -- |  1.59e+00 |  2.68e+00
29872896 |  3.46e-06 |     -- |  3.50e-01 |  5.23e-01 |     -- |  1.55e+00 |  2.57e+00
29898560 |  3.76e-06 |     -- |  4.01e-01 |  5.97e-01 |     -- |  1.59e+00 |  2.67e+00
29924224 |  3.59e-06 |     -- |  3.67e-01 |  5.51e-01 |     -- |  1.56e+00 |  2.61e+00
29949888 |  4.12e-06 |     -- |  4.51e-01 |  7.03e-01 |     -- |  1.63e+00 |  2.76e+00
29975552 |  3.64e-06 |     -- |  3.68e-01 |  5.65e-01 |     -- |  1.57e+00 |  2.62e+00
30001216 |  3.56e-06 |     -- |  3.81e-01 |  5.66e-01 |     -- |  1.56e+00 |  2.59e+00
30026880 |  4.55e-06 |     -- |  4.46e-01 |  7.05e-01 |     -- |  1.66e+00 |  2.91e+00
30052544 |  3.65e-06 |     -- |  3.52e-01 |  5.84e-01 |     -- |  1.55e+00 |  2.63e+00
30078208 |  3.58e-06 |     -- |  3.81e-01 |  5.81e-01 |     -- |  1.55e+00 |  2.60e+00
30103872 |  3.76e-06 |     -- |  3.72e-01 |  5.51e-01 |     -- |  1.60e+00 |  2.67e+00
30129536 |  3.61e-06 |     -- |  3.72e-01 |  5.53e-01 |     -- |  1.57e+00 |  2.62e+00
30155200 |  3.83e-06 |     -- |  4.23e-01 |  6.32e-01 |     -- |  1.59e+00 |  2.68e+00
30180864 |  3.52e-06 |     -- |  3.62e-01 |  5.39e-01 |     -- |  1.56e+00 |  2.59e+00
30206528 |  3.67e-06 |     -- |  3.91e-01 |  5.91e-01 |     -- |  1.57e+00 |  2.64e+00
30232192 |  3.70e-06 |     -- |  3.88e-01 |  5.72e-01 |     -- |  1.58e+00 |  2.64e+00
30257856 |  3.93e-06 |     -- |  3.99e-01 |  6.03e-01 |     -- |  1.60e+00 |  2.72e+00
30283520 |  3.37e-06 |     -- |  3.58e-01 |  5.24e-01 |     -- |  1.53e+00 |  2.53e+00
30309184 |  4.27e-06 |     -- |  4.36e-01 |  6.52e-01 |     -- |  1.65e+00 |  2.83e+00
30334848 |  3.69e-06 |     -- |  3.78e-01 |  5.68e-01 |     -- |  1.56e+00 |  2.64e+00
30360512 |  3.93e-06 |     -- |  4.04e-01 |  6.14e-01 |     -- |  1.60e+00 |  2.72e+00
30386176 |  3.56e-06 |     -- |  3.79e-01 |  5.69e-01 |     -- |  1.55e+00 |  2.59e+00
30411840 |  3.54e-06 |     -- |  3.83e-01 |  5.77e-01 |     -- |  1.55e+00 |  2.59e+00
30437504 |  3.86e-06 |     -- |  3.83e-01 |  5.94e-01 |     -- |  1.60e+00 |  2.70e+00
30463168 |  3.45e-06 |     -- |  3.69e-01 |  5.49e-01 |     -- |  1.54e+00 |  2.56e+00
30488832 |  4.05e-06 |     -- |  4.18e-01 |  6.52e-01 |     -- |  1.61e+00 |  2.75e+00
30514496 |  3.64e-06 |     -- |  3.73e-01 |  5.76e-01 |     -- |  1.56e+00 |  2.62e+00
30540160 |  3.36e-06 |     -- |  3.55e-01 |  5.36e-01 |     -- |  1.53e+00 |  2.53e+00
30565824 |  4.08e-06 |     -- |  4.43e-01 |  6.57e-01 |     -- |  1.63e+00 |  2.76e+00
30591488 |  3.78e-06 |     -- |  4.04e-01 |  6.07e-01 |     -- |  1.58e+00 |  2.67e+00
30617152 |  3.39e-06 |     -- |  3.57e-01 |  5.39e-01 |     -- |  1.53e+00 |  2.54e+00
30642816 |  3.86e-06 |     -- |  4.18e-01 |  6.37e-01 |     -- |  1.60e+00 |  2.69e+00
30668480 |  3.92e-06 |     -- |  4.07e-01 |  6.21e-01 |     -- |  1.60e+00 |  2.71e+00
30694144 |  3.49e-06 |     -- |  3.74e-01 |  5.71e-01 |     -- |  1.55e+00 |  2.57e+00
30719808 |  3.51e-06 |     -- |  3.84e-01 |  5.71e-01 |     -- |  1.55e+00 |  2.58e+00
30745472 |  3.52e-06 |     -- |  3.44e-01 |  5.15e-01 |     -- |  1.56e+00 |  2.59e+00
30771136 |  4.30e-06 |     -- |  4.67e-01 |  7.02e-01 |     -- |  1.64e+00 |  2.82e+00
30796800 |  3.61e-06 |     -- |  3.60e-01 |  5.69e-01 |     -- |  1.56e+00 |  2.61e+00
30822464 |  3.45e-06 |     -- |  3.73e-01 |  5.55e-01 |     -- |  1.53e+00 |  2.56e+00
30848128 |  3.63e-06 |     -- |  3.95e-01 |  5.88e-01 |     -- |  1.57e+00 |  2.61e+00
30873792 |  3.62e-06 |     -- |  3.77e-01 |  5.69e-01 |     -- |  1.56e+00 |  2.61e+00
30899456 |  3.61e-06 |     -- |  3.83e-01 |  5.69e-01 |     -- |  1.56e+00 |  2.61e+00
30925120 |  3.90e-06 |     -- |  3.76e-01 |  5.85e-01 |     -- |  1.59e+00 |  2.71e+00
30950784 |  3.78e-06 |     -- |  3.70e-01 |  5.89e-01 |     -- |  1.58e+00 |  2.67e+00
30976448 |  3.63e-06 |     -- |  3.83e-01 |  5.92e-01 |     -- |  1.56e+00 |  2.61e+00
31002112 |  3.32e-06 |     -- |  3.57e-01 |  5.38e-01 |     -- |  1.52e+00 |  2.51e+00
31027776 |  3.66e-06 |     -- |  3.59e-01 |  5.48e-01 |     -- |  1.57e+00 |  2.64e+00
31053440 |  3.66e-06 |     -- |  4.07e-01 |  6.11e-01 |     -- |  1.57e+00 |  2.62e+00
31079104 |  3.85e-06 |     -- |  4.00e-01 |  6.06e-01 |     -- |  1.58e+00 |  2.69e+00
31104768 |  3.80e-06 |     -- |  4.08e-01 |  6.49e-01 |     -- |  1.57e+00 |  2.66e+00
31130432 |  3.52e-06 |     -- |  3.56e-01 |  5.41e-01 |     -- |  1.54e+00 |  2.59e+00
31156096 |  3.49e-06 |     -- |  3.60e-01 |  5.41e-01 |     -- |  1.55e+00 |  2.58e+00
31181760 |  4.36e-06 |     -- |  4.59e-01 |  7.05e-01 |     -- |  1.64e+00 |  2.85e+00
31207424 |  3.32e-06 |     -- |  3.53e-01 |  5.31e-01 |     -- |  1.51e+00 |  2.51e+00
31233088 |  3.34e-06 |     -- |  3.79e-01 |  5.61e-01 |     -- |  1.52e+00 |  2.51e+00
31258752 |  3.72e-06 |     -- |  3.93e-01 |  5.93e-01 |     -- |  1.58e+00 |  2.65e+00
31284416 |  3.88e-06 |     -- |  4.17e-01 |  6.50e-01 |     -- |  1.59e+00 |  2.69e+00
31310080 |  3.51e-06 |     -- |  3.77e-01 |  5.65e-01 |     -- |  1.54e+00 |  2.58e+00
31335744 |  3.61e-06 |     -- |  3.82e-01 |  5.77e-01 |     -- |  1.55e+00 |  2.61e+00
31361408 |  3.45e-06 |     -- |  3.66e-01 |  5.36e-01 |     -- |  1.54e+00 |  2.56e+00
31387072 |  3.39e-06 |     -- |  3.74e-01 |  5.50e-01 |     -- |  1.53e+00 |  2.53e+00
31412736 |  3.72e-06 |     -- |  4.24e-01 |  6.30e-01 |     -- |  1.57e+00 |  2.64e+00
31438400 |  3.72e-06 |     -- |  3.89e-01 |  6.00e-01 |     -- |  1.58e+00 |  2.65e+00
31464064 |  3.69e-06 |     -- |  4.05e-01 |  6.04e-01 |     -- |  1.57e+00 |  2.64e+00
31489728 |  3.83e-06 |     -- |  4.07e-01 |  6.21e-01 |     -- |  1.58e+00 |  2.68e+00
31515392 |  3.23e-06 |     -- |  3.56e-01 |  5.41e-01 |     -- |  1.50e+00 |  2.47e+00
31541056 |  3.58e-06 |     -- |  3.88e-01 |  5.76e-01 |     -- |  1.56e+00 |  2.60e+00
31566720 |  3.40e-06 |     -- |  3.78e-01 |  5.83e-01 |     -- |  1.53e+00 |  2.53e+00
31592384 |  3.57e-06 |     -- |  3.68e-01 |  5.53e-01 |     -- |  1.56e+00 |  2.61e+00
31618048 |  3.47e-06 |     -- |  3.64e-01 |  5.41e-01 |     -- |  1.55e+00 |  2.57e+00
31643712 |  3.83e-06 |     -- |  4.02e-01 |  6.11e-01 |     -- |  1.59e+00 |  2.68e+00
31669376 |  3.50e-06 |     -- |  3.44e-01 |  5.29e-01 |     -- |  1.54e+00 |  2.58e+00
31695040 |  3.42e-06 |     -- |  3.76e-01 |  5.75e-01 |     -- |  1.53e+00 |  2.54e+00
31720704 |  3.89e-06 |     -- |  4.14e-01 |  6.24e-01 |     -- |  1.60e+00 |  2.70e+00
31746368 |  3.42e-06 |     -- |  3.67e-01 |  5.71e-01 |     -- |  1.53e+00 |  2.55e+00
31772032 |  3.62e-06 |     -- |  3.83e-01 |  5.75e-01 |     -- |  1.56e+00 |  2.61e+00
31797696 |  3.86e-06 |     -- |  3.74e-01 |  5.82e-01 |     -- |  1.58e+00 |  2.70e+00
31823360 |  3.80e-06 |     -- |  4.00e-01 |  6.38e-01 |     -- |  1.56e+00 |  2.67e+00
31849024 |  3.36e-06 |     -- |  3.50e-01 |  5.30e-01 |     -- |  1.51e+00 |  2.52e+00
31874688 |  3.18e-06 |     -- |  3.53e-01 |  5.42e-01 |     -- |  1.49e+00 |  2.45e+00
31900352 |  3.79e-06 |     -- |  4.07e-01 |  6.09e-01 |     -- |  1.58e+00 |  2.67e+00
31926016 |  3.76e-06 |     -- |  4.28e-01 |  6.43e-01 |     -- |  1.58e+00 |  2.65e+00
31951680 |  3.25e-06 |     -- |  3.29e-01 |  5.05e-01 |     -- |  1.50e+00 |  2.49e+00
31977344 |  4.04e-06 |     -- |  3.87e-01 |  6.20e-01 |     -- |  1.60e+00 |  2.76e+00
32003008 |  3.34e-06 |     -- |  3.48e-01 |  5.23e-01 |     -- |  1.52e+00 |  2.52e+00
32028672 |  3.55e-06 |     -- |  3.72e-01 |  5.56e-01 |     -- |  1.55e+00 |  2.59e+00
32054336 |  3.82e-06 |     -- |  4.17e-01 |  6.28e-01 |     -- |  1.58e+00 |  2.68e+00
32080000 |  3.29e-06 |     -- |  3.46e-01 |  5.14e-01 |     -- |  1.51e+00 |  2.50e+00
32105664 |  3.42e-06 |     -- |  3.64e-01 |  5.53e-01 |     -- |  1.53e+00 |  2.54e+00
32131328 |  3.86e-06 |     -- |  3.88e-01 |  6.03e-01 |     -- |  1.59e+00 |  2.70e+00
32156992 |  3.90e-06 |     -- |  4.19e-01 |  6.47e-01 |     -- |  1.59e+00 |  2.70e+00
32182656 |  3.16e-06 |     -- |  3.16e-01 |  4.75e-01 |     -- |  1.49e+00 |  2.45e+00
32208320 |  3.78e-06 |     -- |  3.91e-01 |  5.98e-01 |     -- |  1.58e+00 |  2.67e+00
32233984 |  3.37e-06 |     -- |  3.59e-01 |  5.44e-01 |     -- |  1.52e+00 |  2.53e+00
32259648 |  3.25e-06 |     -- |  3.48e-01 |  5.25e-01 |     -- |  1.50e+00 |  2.48e+00
32285312 |  3.61e-06 |     -- |  4.07e-01 |  6.15e-01 |     -- |  1.56e+00 |  2.60e+00
32310976 |  3.45e-06 |     -- |  3.61e-01 |  5.39e-01 |     -- |  1.53e+00 |  2.56e+00
32336640 |  3.47e-06 |     -- |  3.58e-01 |  5.52e-01 |     -- |  1.54e+00 |  2.56e+00
32362304 |  3.79e-06 |     -- |  3.87e-01 |  5.80e-01 |     -- |  1.57e+00 |  2.67e+00
32387968 |  3.55e-06 |     -- |  3.78e-01 |  5.74e-01 |     -- |  1.55e+00 |  2.59e+00
32413632 |  3.59e-06 |     -- |  3.78e-01 |  5.81e-01 |     -- |  1.54e+00 |  2.60e+00
32439296 |  3.36e-06 |     -- |  3.39e-01 |  5.25e-01 |     -- |  1.52e+00 |  2.53e+00
32464960 |  3.39e-06 |     -- |  3.76e-01 |  5.58e-01 |     -- |  1.53e+00 |  2.53e+00
32490624 |  3.38e-06 |     -- |  3.64e-01 |  5.50e-01 |     -- |  1.53e+00 |  2.53e+00
32516288 |  3.61e-06 |     -- |  3.86e-01 |  5.83e-01 |     -- |  1.56e+00 |  2.61e+00
32541952 |  3.67e-06 |     -- |  3.77e-01 |  5.78e-01 |     -- |  1.56e+00 |  2.63e+00
32567616 |  3.50e-06 |     -- |  3.71e-01 |  5.64e-01 |     -- |  1.53e+00 |  2.57e+00
32593280 |  3.25e-06 |     -- |  3.44e-01 |  5.18e-01 |     -- |  1.50e+00 |  2.48e+00
32618944 |  3.66e-06 |     -- |  3.89e-01 |  5.87e-01 |     -- |  1.57e+00 |  2.63e+00
32644608 |  3.49e-06 |     -- |  3.70e-01 |  5.69e-01 |     -- |  1.53e+00 |  2.56e+00
32670272 |  3.14e-06 |     -- |  3.26e-01 |  4.96e-01 |     -- |  1.49e+00 |  2.44e+00
32695936 |  3.90e-06 |     -- |  4.18e-01 |  6.41e-01 |     -- |  1.58e+00 |  2.70e+00
32721600 |  3.72e-06 |     -- |  4.05e-01 |  6.24e-01 |     -- |  1.56e+00 |  2.64e+00
32747264 |  3.22e-06 |     -- |  3.54e-01 |  5.36e-01 |     -- |  1.49e+00 |  2.47e+00
32772928 |  3.77e-06 |     -- |  4.00e-01 |  6.02e-01 |     -- |  1.57e+00 |  2.67e+00
32798592 |  3.28e-06 |     -- |  3.67e-01 |  5.38e-01 |     -- |  1.50e+00 |  2.49e+00
32824256 |  3.71e-06 |     -- |  3.87e-01 |  6.04e-01 |     -- |  1.56e+00 |  2.64e+00
32849920 |  3.52e-06 |     -- |  3.92e-01 |  5.96e-01 |     -- |  1.54e+00 |  2.58e+00
32875584 |  3.44e-06 |     -- |  3.66e-01 |  5.49e-01 |     -- |  1.53e+00 |  2.55e+00
32901248 |  3.55e-06 |     -- |  3.88e-01 |  5.81e-01 |     -- |  1.55e+00 |  2.59e+00
32926912 |  3.71e-06 |     -- |  3.68e-01 |  5.81e-01 |     -- |  1.56e+00 |  2.64e+00
32952576 |  3.49e-06 |     -- |  3.80e-01 |  5.75e-01 |     -- |  1.53e+00 |  2.56e+00
32978240 |  3.34e-06 |     -- |  3.58e-01 |  5.37e-01 |     -- |  1.52e+00 |  2.52e+00
33003904 |  3.43e-06 |     -- |  3.76e-01 |  5.65e-01 |     -- |  1.53e+00 |  2.55e+00
33029568 |  3.65e-06 |     -- |  3.98e-01 |  6.02e-01 |     -- |  1.56e+00 |  2.62e+00
33055232 |  3.48e-06 |     -- |  3.55e-01 |  5.36e-01 |     -- |  1.53e+00 |  2.57e+00
33080896 |  3.43e-06 |     -- |  3.51e-01 |  5.41e-01 |     -- |  1.52e+00 |  2.55e+00
33106560 |  3.35e-06 |     -- |  3.74e-01 |  5.70e-01 |     -- |  1.51e+00 |  2.51e+00
33132224 |  3.42e-06 |     -- |  3.63e-01 |  5.51e-01 |     -- |  1.53e+00 |  2.54e+00
33157888 |  3.63e-06 |     -- |  3.73e-01 |  5.70e-01 |     -- |  1.56e+00 |  2.62e+00
33183552 |  3.23e-06 |     -- |  3.47e-01 |  5.21e-01 |     -- |  1.50e+00 |  2.47e+00
33209216 |  3.42e-06 |     -- |  3.60e-01 |  5.33e-01 |     -- |  1.53e+00 |  2.55e+00
33234880 |  3.51e-06 |     -- |  3.62e-01 |  5.53e-01 |     -- |  1.55e+00 |  2.58e+00
33260544 |  3.39e-06 |     -- |  3.62e-01 |  5.46e-01 |     -- |  1.52e+00 |  2.53e+00
33286208 |  3.50e-06 |     -- |  3.78e-01 |  5.93e-01 |     -- |  1.54e+00 |  2.56e+00
33311872 |  3.83e-06 |     -- |  4.18e-01 |  6.39e-01 |     -- |  1.58e+00 |  2.67e+00
33337536 |  3.85e-06 |     -- |  3.73e-01 |  5.93e-01 |     -- |  1.56e+00 |  2.69e+00
33363200 |  3.44e-06 |     -- |  3.67e-01 |  5.65e-01 |     -- |  1.51e+00 |  2.55e+00
33388864 |  3.36e-06 |     -- |  3.67e-01 |  5.47e-01 |     -- |  1.52e+00 |  2.52e+00
33414528 |  3.65e-06 |     -- |  4.02e-01 |  6.10e-01 |     -- |  1.55e+00 |  2.62e+00
33440192 |  3.34e-06 |     -- |  3.42e-01 |  5.18e-01 |     -- |  1.51e+00 |  2.52e+00
33465856 |  3.50e-06 |     -- |  3.80e-01 |  5.92e-01 |     -- |  1.53e+00 |  2.56e+00
33491520 |  3.43e-06 |     -- |  3.92e-01 |  5.96e-01 |     -- |  1.52e+00 |  2.54e+00
33517184 |  3.44e-06 |     -- |  3.76e-01 |  5.70e-01 |     -- |  1.53e+00 |  2.54e+00
33542848 |  3.23e-06 |     -- |  3.59e-01 |  5.37e-01 |     -- |  1.50e+00 |  2.48e+00
33568512 |  3.41e-06 |     -- |  3.66e-01 |  5.58e-01 |     -- |  1.52e+00 |  2.54e+00
33594176 |  3.68e-06 |     -- |  3.78e-01 |  5.72e-01 |     -- |  1.55e+00 |  2.63e+00
33619840 |  3.36e-06 |     -- |  3.39e-01 |  5.28e-01 |     -- |  1.51e+00 |  2.52e+00
33645504 |  3.25e-06 |     -- |  3.68e-01 |  5.51e-01 |     -- |  1.50e+00 |  2.48e+00
33671168 |  3.54e-06 |     -- |  3.77e-01 |  5.68e-01 |     -- |  1.54e+00 |  2.58e+00
33696832 |  3.35e-06 |     -- |  3.89e-01 |  5.92e-01 |     -- |  1.51e+00 |  2.51e+00
33722496 |  3.46e-06 |     -- |  3.89e-01 |  5.88e-01 |     -- |  1.53e+00 |  2.55e+00
33748160 |  3.82e-06 |     -- |  3.95e-01 |  6.26e-01 |     -- |  1.58e+00 |  2.67e+00
33773824 |  3.08e-06 |     -- |  3.37e-01 |  5.02e-01 |     -- |  1.48e+00 |  2.42e+00
33799488 |  3.89e-06 |     -- |  4.06e-01 |  6.28e-01 |     -- |  1.58e+00 |  2.70e+00
33825152 |  3.28e-06 |     -- |  3.51e-01 |  5.50e-01 |     -- |  1.50e+00 |  2.49e+00
33850816 |  3.54e-06 |     -- |  4.03e-01 |  6.20e-01 |     -- |  1.52e+00 |  2.57e+00
33876480 |  3.49e-06 |     -- |  3.73e-01 |  5.70e-01 |     -- |  1.53e+00 |  2.56e+00
33902144 |  3.83e-06 |     -- |  3.87e-01 |  6.08e-01 |     -- |  1.57e+00 |  2.68e+00
33927808 |  3.20e-06 |     -- |  3.38e-01 |  5.14e-01 |     -- |  1.49e+00 |  2.47e+00
33953472 |  3.48e-06 |     -- |  4.07e-01 |  6.01e-01 |     -- |  1.52e+00 |  2.55e+00
33979136 |  3.26e-06 |     -- |  3.47e-01 |  5.17e-01 |     -- |  1.50e+00 |  2.49e+00
34004800 |  3.45e-06 |     -- |  3.79e-01 |  5.69e-01 |     -- |  1.52e+00 |  2.55e+00
34030464 |  4.16e-06 |     -- |  4.02e-01 |  6.25e-01 |     -- |  1.60e+00 |  2.80e+00
34056128 |  2.89e-06 |     -- |  3.12e-01 |  4.56e-01 |     -- |  1.44e+00 |  2.35e+00
34081792 |  3.51e-06 |     -- |  3.73e-01 |  5.83e-01 |     -- |  1.52e+00 |  2.57e+00
34107456 |  3.58e-06 |     -- |  3.66e-01 |  5.70e-01 |     -- |  1.54e+00 |  2.60e+00
34133120 |  3.40e-06 |     -- |  3.98e-01 |  5.97e-01 |     -- |  1.52e+00 |  2.52e+00
34158784 |  3.12e-06 |     -- |  3.50e-01 |  5.28e-01 |     -- |  1.48e+00 |  2.43e+00
34184448 |  3.48e-06 |     -- |  4.15e-01 |  6.33e-01 |     -- |  1.53e+00 |  2.55e+00
34210112 |  3.41e-06 |     -- |  3.43e-01 |  5.27e-01 |     -- |  1.52e+00 |  2.55e+00
34235776 |  3.73e-06 |     -- |  3.92e-01 |  6.13e-01 |     -- |  1.55e+00 |  2.64e+00
34261440 |  3.24e-06 |     -- |  3.47e-01 |  5.35e-01 |     -- |  1.48e+00 |  2.47e+00
34287104 |  3.95e-06 |     -- |  4.11e-01 |  6.76e-01 |     -- |  1.58e+00 |  2.71e+00
34312768 |  3.70e-06 |     -- |  3.91e-01 |  6.19e-01 |     -- |  1.54e+00 |  2.63e+00
34338432 |  3.53e-06 |     -- |  3.78e-01 |  5.85e-01 |     -- |  1.52e+00 |  2.58e+00
34364096 |  3.08e-06 |     -- |  3.31e-01 |  5.02e-01 |     -- |  1.46e+00 |  2.41e+00
34389760 |  3.29e-06 |     -- |  3.66e-01 |  5.64e-01 |     -- |  1.50e+00 |  2.49e+00
34415424 |  3.31e-06 |     -- |  3.94e-01 |  6.01e-01 |     -- |  1.50e+00 |  2.49e+00
34441088 |  3.44e-06 |     -- |  3.63e-01 |  5.61e-01 |     -- |  1.52e+00 |  2.55e+00
34466752 |  3.39e-06 |     -- |  3.66e-01 |  5.54e-01 |     -- |  1.52e+00 |  2.53e+00
34492416 |  3.36e-06 |     -- |  3.81e-01 |  6.01e-01 |     -- |  1.51e+00 |  2.51e+00
34518080 |  3.40e-06 |     -- |  3.55e-01 |  5.34e-01 |     -- |  1.52e+00 |  2.54e+00
34543744 |  3.90e-06 |     -- |  3.87e-01 |  6.18e-01 |     -- |  1.57e+00 |  2.71e+00
34569408 |  2.99e-06 |     -- |  3.40e-01 |  5.14e-01 |     -- |  1.45e+00 |  2.38e+00
34595072 |  3.26e-06 |     -- |  3.56e-01 |  5.30e-01 |     -- |  1.49e+00 |  2.48e+00
34620736 |  3.82e-06 |     -- |  3.92e-01 |  6.40e-01 |     -- |  1.55e+00 |  2.67e+00
34646400 |  3.43e-06 |     -- |  3.98e-01 |  6.18e-01 |     -- |  1.51e+00 |  2.53e+00
34672064 |  3.07e-06 |     -- |  3.28e-01 |  4.95e-01 |     -- |  1.47e+00 |  2.42e+00
34697728 |  3.37e-06 |     -- |  3.59e-01 |  5.37e-01 |     -- |  1.52e+00 |  2.53e+00
34723392 |  3.25e-06 |     -- |  3.44e-01 |  5.22e-01 |     -- |  1.50e+00 |  2.48e+00
34749056 |  3.34e-06 |     -- |  3.79e-01 |  5.85e-01 |     -- |  1.51e+00 |  2.50e+00
34774720 |  3.39e-06 |     -- |  3.77e-01 |  5.66e-01 |     -- |  1.52e+00 |  2.53e+00
34800384 |  3.30e-06 |     -- |  3.32e-01 |  5.01e-01 |     -- |  1.51e+00 |  2.51e+00
34826048 |  3.48e-06 |     -- |  3.78e-01 |  5.70e-01 |     -- |  1.52e+00 |  2.56e+00
34851712 |  3.63e-06 |     -- |  3.98e-01 |  6.20e-01 |     -- |  1.54e+00 |  2.61e+00
34877376 |  3.22e-06 |     -- |  3.33e-01 |  5.08e-01 |     -- |  1.48e+00 |  2.47e+00
34903040 |  3.27e-06 |     -- |  3.48e-01 |  5.19e-01 |     -- |  1.49e+00 |  2.49e+00
34928704 |  3.36e-06 |     -- |  3.83e-01 |  5.66e-01 |     -- |  1.51e+00 |  2.52e+00
34954368 |  3.37e-06 |     -- |  3.62e-01 |  5.49e-01 |     -- |  1.52e+00 |  2.52e+00
34980032 |  3.10e-06 |     -- |  3.44e-01 |  5.28e-01 |     -- |  1.47e+00 |  2.42e+00
35005696 |  3.41e-06 |     -- |  3.54e-01 |  5.31e-01 |     -- |  1.52e+00 |  2.54e+00
35031360 |  3.21e-06 |     -- |  3.71e-01 |  5.53e-01 |     -- |  1.49e+00 |  2.46e+00
35057024 |  3.36e-06 |     -- |  3.65e-01 |  5.52e-01 |     -- |  1.51e+00 |  2.52e+00
35082688 |  3.53e-06 |     -- |  3.70e-01 |  5.71e-01 |     -- |  1.52e+00 |  2.58e+00
35108352 |  3.32e-06 |     -- |  3.75e-01 |  5.64e-01 |     -- |  1.50e+00 |  2.50e+00
35134016 |  3.18e-06 |     -- |  3.63e-01 |  5.44e-01 |     -- |  1.48e+00 |  2.45e+00
35159680 |  3.34e-06 |     -- |  3.95e-01 |  5.83e-01 |     -- |  1.50e+00 |  2.50e+00
35185344 |  3.28e-06 |     -- |  3.77e-01 |  5.81e-01 |     -- |  1.50e+00 |  2.48e+00
35211008 |  3.42e-06 |     -- |  3.88e-01 |  5.92e-01 |     -- |  1.51e+00 |  2.53e+00
35236672 |  3.15e-06 |     -- |  3.40e-01 |  5.17e-01 |     -- |  1.48e+00 |  2.45e+00
35262336 |  3.74e-06 |     -- |  3.90e-01 |  6.25e-01 |     -- |  1.54e+00 |  2.65e+00
35288000 |  3.66e-06 |     -- |  3.91e-01 |  6.11e-01 |     -- |  1.53e+00 |  2.62e+00
35313664 |  2.88e-06 |     -- |  3.07e-01 |  4.71e-01 |     -- |  1.43e+00 |  2.34e+00
35339328 |  3.28e-06 |     -- |  3.86e-01 |  5.89e-01 |     -- |  1.49e+00 |  2.48e+00
35364992 |  3.44e-06 |     -- |  4.11e-01 |  6.19e-01 |     -- |  1.52e+00 |  2.54e+00
35390656 |  3.53e-06 |     -- |  3.73e-01 |  5.73e-01 |     -- |  1.53e+00 |  2.58e+00
35416320 |  3.26e-06 |     -- |  3.60e-01 |  5.54e-01 |     -- |  1.49e+00 |  2.48e+00
35441984 |  3.68e-06 |     -- |  3.87e-01 |  5.86e-01 |     -- |  1.55e+00 |  2.63e+00
35467648 |  3.00e-06 |     -- |  3.26e-01 |  4.89e-01 |     -- |  1.45e+00 |  2.39e+00
35493312 |  3.39e-06 |     -- |  3.92e-01 |  6.03e-01 |     -- |  1.50e+00 |  2.51e+00
35518976 |  3.56e-06 |     -- |  3.73e-01 |  5.76e-01 |     -- |  1.53e+00 |  2.59e+00
35544640 |  3.69e-06 |     -- |  3.99e-01 |  6.29e-01 |     -- |  1.53e+00 |  2.61e+00
35570304 |  2.94e-06 |     -- |  3.31e-01 |  5.03e-01 |     -- |  1.44e+00 |  2.36e+00
35595968 |  3.22e-06 |     -- |  3.61e-01 |  5.55e-01 |     -- |  1.49e+00 |  2.47e+00
35621632 |  3.22e-06 |     -- |  3.44e-01 |  5.25e-01 |     -- |  1.49e+00 |  2.47e+00
35647296 |  3.32e-06 |     -- |  3.38e-01 |  5.07e-01 |     -- |  1.51e+00 |  2.51e+00
35672960 |  3.18e-06 |     -- |  3.58e-01 |  5.39e-01 |     -- |  1.49e+00 |  2.45e+00
35698624 |  3.58e-06 |     -- |  3.89e-01 |  5.95e-01 |     -- |  1.54e+00 |  2.59e+00
35724288 |  3.46e-06 |     -- |  3.68e-01 |  5.61e-01 |     -- |  1.52e+00 |  2.55e+00
35749952 |  2.97e-06 |     -- |  3.36e-01 |  5.12e-01 |     -- |  1.45e+00 |  2.37e+00
35775616 |  3.18e-06 |     -- |  3.49e-01 |  5.22e-01 |     -- |  1.48e+00 |  2.45e+00
35801280 |  3.30e-06 |     -- |  3.61e-01 |  5.37e-01 |     -- |  1.50e+00 |  2.49e+00
35826944 |  3.18e-06 |     -- |  3.57e-01 |  5.50e-01 |     -- |  1.48e+00 |  2.45e+00
35852608 |  3.54e-06 |     -- |  3.75e-01 |  5.76e-01 |     -- |  1.52e+00 |  2.58e+00
35878272 |  3.61e-06 |     -- |  3.99e-01 |  6.19e-01 |     -- |  1.53e+00 |  2.60e+00
35903936 |  2.86e-06 |     -- |  3.04e-01 |  4.66e-01 |     -- |  1.43e+00 |  2.34e+00
35929600 |  3.43e-06 |     -- |  3.72e-01 |  5.60e-01 |     -- |  1.51e+00 |  2.54e+00
35955264 |  3.32e-06 |     -- |  3.96e-01 |  6.06e-01 |     -- |  1.49e+00 |  2.49e+00
35980928 |  3.18e-06 |     -- |  3.35e-01 |  5.06e-01 |     -- |  1.49e+00 |  2.46e+00
36006592 |  3.20e-06 |     -- |  3.51e-01 |  5.35e-01 |     -- |  1.48e+00 |  2.46e+00
36032256 |  3.38e-06 |     -- |  4.02e-01 |  6.07e-01 |     -- |  1.51e+00 |  2.51e+00
36057920 |  3.32e-06 |     -- |  3.80e-01 |  5.78e-01 |     -- |  1.49e+00 |  2.50e+00
36083584 |  3.10e-06 |     -- |  3.16e-01 |  4.85e-01 |     -- |  1.47e+00 |  2.43e+00
36109248 |  3.15e-06 |     -- |  3.40e-01 |  5.37e-01 |     -- |  1.47e+00 |  2.44e+00
36134912 |  3.54e-06 |     -- |  3.74e-01 |  5.83e-01 |     -- |  1.53e+00 |  2.58e+00
36160576 |  3.27e-06 |     -- |  3.51e-01 |  5.23e-01 |     -- |  1.48e+00 |  2.48e+00
36186240 |  3.16e-06 |     -- |  3.19e-01 |  4.93e-01 |     -- |  1.47e+00 |  2.45e+00
36211904 |  3.41e-06 |     -- |  3.74e-01 |  5.71e-01 |     -- |  1.51e+00 |  2.53e+00
36237568 |  3.01e-06 |     -- |  3.46e-01 |  5.22e-01 |     -- |  1.46e+00 |  2.39e+00
36263232 |  3.15e-06 |     -- |  3.22e-01 |  4.95e-01 |     -- |  1.48e+00 |  2.45e+00
36288896 |  3.36e-06 |     -- |  3.94e-01 |  6.11e-01 |     -- |  1.50e+00 |  2.51e+00
36314560 |  3.20e-06 |     -- |  3.60e-01 |  5.49e-01 |     -- |  1.48e+00 |  2.45e+00
36340224 |  3.06e-06 |     -- |  3.22e-01 |  4.94e-01 |     -- |  1.46e+00 |  2.41e+00
36365888 |  3.48e-06 |     -- |  4.11e-01 |  6.47e-01 |     -- |  1.51e+00 |  2.55e+00
36391552 |  3.12e-06 |     -- |  3.44e-01 |  5.24e-01 |     -- |  1.46e+00 |  2.43e+00
36417216 |  3.60e-06 |     -- |  3.72e-01 |  5.73e-01 |     -- |  1.53e+00 |  2.60e+00
36442880 |  3.23e-06 |     -- |  3.39e-01 |  5.24e-01 |     -- |  1.48e+00 |  2.47e+00
36468544 |  3.33e-06 |     -- |  3.74e-01 |  5.69e-01 |     -- |  1.50e+00 |  2.50e+00
36494208 |  3.32e-06 |     -- |  3.76e-01 |  5.75e-01 |     -- |  1.49e+00 |  2.50e+00
36519872 |  3.40e-06 |     -- |  3.82e-01 |  5.90e-01 |     -- |  1.50e+00 |  2.53e+00
36545536 |  3.48e-06 |     -- |  3.73e-01 |  5.90e-01 |     -- |  1.51e+00 |  2.55e+00
36571200 |  2.91e-06 |     -- |  3.20e-01 |  4.77e-01 |     -- |  1.43e+00 |  2.35e+00
36596864 |  3.05e-06 |     -- |  3.20e-01 |  4.91e-01 |     -- |  1.46e+00 |  2.41e+00
36622528 |  3.42e-06 |     -- |  4.16e-01 |  6.37e-01 |     -- |  1.51e+00 |  2.52e+00
36648192 |  3.23e-06 |     -- |  3.32e-01 |  5.13e-01 |     -- |  1.48e+00 |  2.47e+00
36673856 |  2.99e-06 |     -- |  3.32e-01 |  5.07e-01 |     -- |  1.45e+00 |  2.38e+00
36699520 |  3.34e-06 |     -- |  3.78e-01 |  5.87e-01 |     -- |  1.51e+00 |  2.51e+00
36725184 |  2.99e-06 |     -- |  3.15e-01 |  4.82e-01 |     -- |  1.45e+00 |  2.39e+00
36750848 |  3.16e-06 |     -- |  3.35e-01 |  5.19e-01 |     -- |  1.47e+00 |  2.44e+00
36776512 |  3.63e-06 |     -- |  3.82e-01 |  6.22e-01 |     -- |  1.52e+00 |  2.60e+00
36802176 |  2.77e-06 |     -- |  3.00e-01 |  4.56e-01 |     -- |  1.41e+00 |  2.30e+00
36827840 |  4.51e-06 |     -- |  4.47e-01 |  7.35e-01 |     -- |  1.63e+00 |  2.89e+00
36853504 |  2.89e-06 |     -- |  3.28e-01 |  5.20e-01 |     -- |  1.41e+00 |  2.34e+00
36879168 |  3.03e-06 |     -- |  3.49e-01 |  5.29e-01 |     -- |  1.45e+00 |  2.39e+00
36904832 |  3.20e-06 |     -- |  3.63e-01 |  5.51e-01 |     -- |  1.48e+00 |  2.46e+00
36930496 |  3.24e-06 |     -- |  3.65e-01 |  5.56e-01 |     -- |  1.49e+00 |  2.47e+00
36956160 |  3.04e-06 |     -- |  3.36e-01 |  5.10e-01 |     -- |  1.45e+00 |  2.40e+00
36981824 |  3.10e-06 |     -- |  3.35e-01 |  5.04e-01 |     -- |  1.47e+00 |  2.43e+00
37007488 |  3.53e-06 |     -- |  4.00e-01 |  6.16e-01 |     -- |  1.52e+00 |  2.57e+00
37033152 |  3.00e-06 |     -- |  3.48e-01 |  5.41e-01 |     -- |  1.44e+00 |  2.38e+00
37058816 |  3.48e-06 |     -- |  3.81e-01 |  6.05e-01 |     -- |  1.50e+00 |  2.55e+00
37084480 |  3.11e-06 |     -- |  3.48e-01 |  5.38e-01 |     -- |  1.46e+00 |  2.42e+00
37110144 |  3.08e-06 |     -- |  3.50e-01 |  5.38e-01 |     -- |  1.46e+00 |  2.41e+00
37135808 |  3.16e-06 |     -- |  3.55e-01 |  5.45e-01 |     -- |  1.48e+00 |  2.44e+00
37161472 |  3.24e-06 |     -- |  3.43e-01 |  5.20e-01 |     -- |  1.48e+00 |  2.47e+00
37187136 |  3.15e-06 |     -- |  3.51e-01 |  5.32e-01 |     -- |  1.47e+00 |  2.44e+00
37212800 |  3.07e-06 |     -- |  3.42e-01 |  5.15e-01 |     -- |  1.46e+00 |  2.41e+00
37238464 |  3.21e-06 |     -- |  3.58e-01 |  5.45e-01 |     -- |  1.48e+00 |  2.46e+00
37264128 |  2.99e-06 |     -- |  3.37e-01 |  5.20e-01 |     -- |  1.45e+00 |  2.38e+00
37289792 |  3.17e-06 |     -- |  3.37e-01 |  5.27e-01 |     -- |  1.47e+00 |  2.45e+00
37315456 |  3.47e-06 |     -- |  4.02e-01 |  6.39e-01 |     -- |  1.51e+00 |  2.54e+00
37341120 |  3.27e-06 |     -- |  3.99e-01 |  6.10e-01 |     -- |  1.48e+00 |  2.47e+00
37366784 |  3.13e-06 |     -- |  3.46e-01 |  5.26e-01 |     -- |  1.47e+00 |  2.43e+00
37392448 |  3.08e-06 |     -- |  3.53e-01 |  5.32e-01 |     -- |  1.46e+00 |  2.41e+00
37418112 |  3.43e-06 |     -- |  3.57e-01 |  5.50e-01 |     -- |  1.51e+00 |  2.54e+00
37443776 |  3.07e-06 |     -- |  3.47e-01 |  5.26e-01 |     -- |  1.45e+00 |  2.41e+00
37469440 |  3.24e-06 |     -- |  3.51e-01 |  5.42e-01 |     -- |  1.48e+00 |  2.47e+00
37495104 |  2.96e-06 |     -- |  3.39e-01 |  5.23e-01 |     -- |  1.44e+00 |  2.36e+00
37520768 |  2.95e-06 |     -- |  3.31e-01 |  4.97e-01 |     -- |  1.44e+00 |  2.36e+00
37546432 |  4.28e-06 |     -- |  4.42e-01 |  7.08e-01 |     -- |  1.60e+00 |  2.80e+00
37572096 |  3.15e-06 |     -- |  3.45e-01 |  5.23e-01 |     -- |  1.45e+00 |  2.44e+00
37597760 |  3.02e-06 |     -- |  3.35e-01 |  5.21e-01 |     -- |  1.44e+00 |  2.39e+00
37623424 |  2.77e-06 |     -- |  3.11e-01 |  4.71e-01 |     -- |  1.41e+00 |  2.30e+00
37649088 |  3.15e-06 |     -- |  3.56e-01 |  5.46e-01 |     -- |  1.47e+00 |  2.44e+00
37674752 |  3.07e-06 |     -- |  3.28e-01 |  4.93e-01 |     -- |  1.46e+00 |  2.42e+00
37700416 |  3.38e-06 |     -- |  3.50e-01 |  5.50e-01 |     -- |  1.49e+00 |  2.52e+00
37726080 |  3.65e-06 |     -- |  3.99e-01 |  6.38e-01 |     -- |  1.52e+00 |  2.61e+00
37751744 |  3.06e-06 |     -- |  3.37e-01 |  5.20e-01 |     -- |  1.44e+00 |  2.40e+00
37777408 |  3.44e-06 |     -- |  3.58e-01 |  5.55e-01 |     -- |  1.49e+00 |  2.54e+00
37803072 |  2.91e-06 |     -- |  3.17e-01 |  4.82e-01 |     -- |  1.43e+00 |  2.36e+00
37828736 |  3.37e-06 |     -- |  3.77e-01 |  5.75e-01 |     -- |  1.50e+00 |  2.52e+00
37854400 |  2.98e-06 |     -- |  3.21e-01 |  4.83e-01 |     -- |  1.44e+00 |  2.38e+00
37880064 |  3.21e-06 |     -- |  3.51e-01 |  5.35e-01 |     -- |  1.48e+00 |  2.46e+00
37905728 |  3.12e-06 |     -- |  3.42e-01 |  5.18e-01 |     -- |  1.45e+00 |  2.43e+00
37931392 |  3.28e-06 |     -- |  3.66e-01 |  5.59e-01 |     -- |  1.48e+00 |  2.49e+00
37957056 |  3.13e-06 |     -- |  3.57e-01 |  5.44e-01 |     -- |  1.47e+00 |  2.43e+00
37982720 |  3.09e-06 |     -- |  3.49e-01 |  5.33e-01 |     -- |  1.45e+00 |  2.42e+00
38008384 |  3.13e-06 |     -- |  3.30e-01 |  5.00e-01 |     -- |  1.47e+00 |  2.44e+00
38034048 |  3.06e-06 |     -- |  3.64e-01 |  5.47e-01 |     -- |  1.46e+00 |  2.40e+00
38059712 |  3.26e-06 |     -- |  3.39e-01 |  5.45e-01 |     -- |  1.48e+00 |  2.48e+00
38085376 |  3.04e-06 |     -- |  3.32e-01 |  5.00e-01 |     -- |  1.45e+00 |  2.40e+00
38111040 |  3.24e-06 |     -- |  3.57e-01 |  5.50e-01 |     -- |  1.48e+00 |  2.47e+00
38136704 |  3.06e-06 |     -- |  3.33e-01 |  5.06e-01 |     -- |  1.46e+00 |  2.41e+00
38162368 |  3.07e-06 |     -- |  3.20e-01 |  4.88e-01 |     -- |  1.46e+00 |  2.41e+00
38188032 |  3.56e-06 |     -- |  3.80e-01 |  5.81e-01 |     -- |  1.52e+00 |  2.59e+00
38213696 |  2.87e-06 |     -- |  2.98e-01 |  4.58e-01 |     -- |  1.42e+00 |  2.34e+00
38239360 |  3.50e-06 |     -- |  4.00e-01 |  6.19e-01 |     -- |  1.51e+00 |  2.55e+00
38265024 |  2.98e-06 |     -- |  3.58e-01 |  5.50e-01 |     -- |  1.44e+00 |  2.37e+00
38290688 |  2.83e-06 |     -- |  3.18e-01 |  4.88e-01 |     -- |  1.40e+00 |  2.31e+00
38316352 |  3.43e-06 |     -- |  3.93e-01 |  6.11e-01 |     -- |  1.50e+00 |  2.53e+00
38342016 |  2.92e-06 |     -- |  3.42e-01 |  5.36e-01 |     -- |  1.43e+00 |  2.35e+00
38367680 |  3.00e-06 |     -- |  3.45e-01 |  5.23e-01 |     -- |  1.45e+00 |  2.38e+00
38393344 |  3.65e-06 |     -- |  4.11e-01 |  6.51e-01 |     -- |  1.51e+00 |  2.60e+00
38419008 |  2.85e-06 |     -- |  3.06e-01 |  4.73e-01 |     -- |  1.42e+00 |  2.33e+00
38444672 |  3.29e-06 |     -- |  3.90e-01 |  6.40e-01 |     -- |  1.48e+00 |  2.47e+00
38470336 |  3.57e-06 |     -- |  3.71e-01 |  5.83e-01 |     -- |  1.51e+00 |  2.59e+00
38496000 |  2.95e-06 |     -- |  3.37e-01 |  5.18e-01 |     -- |  1.43e+00 |  2.36e+00
38521664 |  2.96e-06 |     -- |  3.50e-01 |  5.43e-01 |     -- |  1.43e+00 |  2.36e+00
38547328 |  2.99e-06 |     -- |  3.27e-01 |  5.04e-01 |     -- |  1.44e+00 |  2.38e+00
38572992 |  3.24e-06 |     -- |  3.50e-01 |  5.47e-01 |     -- |  1.47e+00 |  2.47e+00
38598656 |  3.18e-06 |     -- |  3.53e-01 |  5.36e-01 |     -- |  1.47e+00 |  2.45e+00
38624320 |  3.28e-06 |     -- |  3.49e-01 |  5.45e-01 |     -- |  1.48e+00 |  2.48e+00
38649984 |  2.83e-06 |     -- |  3.09e-01 |  4.69e-01 |     -- |  1.41e+00 |  2.32e+00
38675648 |  3.33e-06 |     -- |  3.57e-01 |  5.35e-01 |     -- |  1.49e+00 |  2.51e+00
38701312 |  3.03e-06 |     -- |  3.21e-01 |  4.97e-01 |     -- |  1.45e+00 |  2.40e+00
38726976 |  2.91e-06 |     -- |  3.24e-01 |  4.81e-01 |     -- |  1.43e+00 |  2.35e+00
38752640 |  3.16e-06 |     -- |  3.58e-01 |  5.55e-01 |     -- |  1.47e+00 |  2.44e+00
38778304 |  3.59e-06 |     -- |  3.88e-01 |  6.12e-01 |     -- |  1.53e+00 |  2.59e+00
38803968 |  2.92e-06 |     -- |  3.44e-01 |  5.14e-01 |     -- |  1.42e+00 |  2.35e+00
38829632 |  2.76e-06 |     -- |  3.22e-01 |  4.99e-01 |     -- |  1.41e+00 |  2.29e+00
38855296 |  3.15e-06 |     -- |  3.40e-01 |  5.18e-01 |     -- |  1.47e+00 |  2.44e+00
38880960 |  3.33e-06 |     -- |  3.62e-01 |  5.67e-01 |     -- |  1.49e+00 |  2.50e+00
38906624 |  3.30e-06 |     -- |  3.52e-01 |  5.60e-01 |     -- |  1.47e+00 |  2.49e+00
38932288 |  3.07e-06 |     -- |  3.40e-01 |  5.31e-01 |     -- |  1.44e+00 |  2.40e+00
38957952 |  3.01e-06 |     -- |  3.29e-01 |  4.97e-01 |     -- |  1.44e+00 |  2.39e+00
38983616 |  3.30e-06 |     -- |  3.70e-01 |  5.89e-01 |     -- |  1.47e+00 |  2.49e+00
39009280 |  2.70e-06 |     -- |  3.11e-01 |  4.79e-01 |     -- |  1.39e+00 |  2.26e+00
39034944 |  3.15e-06 |     -- |  3.64e-01 |  5.60e-01 |     -- |  1.47e+00 |  2.43e+00
39060608 |  3.28e-06 |     -- |  3.68e-01 |  5.67e-01 |     -- |  1.47e+00 |  2.48e+00
39086272 |  3.09e-06 |     -- |  3.56e-01 |  5.46e-01 |     -- |  1.45e+00 |  2.41e+00
39111936 |  3.34e-06 |     -- |  3.85e-01 |  6.04e-01 |     -- |  1.48e+00 |  2.49e+00
39137600 |  2.89e-06 |     -- |  3.33e-01 |  5.08e-01 |     -- |  1.43e+00 |  2.34e+00
39163264 |  2.90e-06 |     -- |  3.48e-01 |  5.18e-01 |     -- |  1.43e+00 |  2.34e+00
39188928 |  3.03e-06 |     -- |  3.53e-01 |  5.45e-01 |     -- |  1.44e+00 |  2.39e+00
39214592 |  3.17e-06 |     -- |  3.50e-01 |  5.35e-01 |     -- |  1.47e+00 |  2.45e+00
39240256 |  3.09e-06 |     -- |  3.33e-01 |  5.19e-01 |     -- |  1.45e+00 |  2.42e+00
39265920 |  3.53e-06 |     -- |  3.66e-01 |  5.66e-01 |     -- |  1.49e+00 |  2.58e+00
39291584 |  3.68e-06 |     -- |  4.01e-01 |  6.19e-01 |     -- |  1.51e+00 |  2.62e+00
39317248 |  2.93e-06 |     -- |  3.29e-01 |  5.16e-01 |     -- |  1.42e+00 |  2.35e+00
39342912 |  3.07e-06 |     -- |  3.55e-01 |  5.49e-01 |     -- |  1.44e+00 |  2.40e+00
39368576 |  3.00e-06 |     -- |  3.15e-01 |  4.90e-01 |     -- |  1.44e+00 |  2.38e+00
39394240 |  3.15e-06 |     -- |  3.39e-01 |  5.23e-01 |     -- |  1.46e+00 |  2.44e+00
39419904 |  2.76e-06 |     -- |  3.11e-01 |  4.78e-01 |     -- |  1.40e+00 |  2.29e+00
39445568 |  3.23e-06 |     -- |  3.85e-01 |  5.76e-01 |     -- |  1.48e+00 |  2.46e+00
39471232 |  3.07e-06 |     -- |  3.33e-01 |  5.02e-01 |     -- |  1.45e+00 |  2.41e+00
39496896 |  3.15e-06 |     -- |  3.16e-01 |  4.98e-01 |     -- |  1.46e+00 |  2.44e+00
39522560 |  3.03e-06 |     -- |  3.53e-01 |  5.38e-01 |     -- |  1.44e+00 |  2.39e+00
39548224 |  3.24e-06 |     -- |  3.62e-01 |  5.50e-01 |     -- |  1.47e+00 |  2.47e+00
39573888 |  3.02e-06 |     -- |  3.35e-01 |  5.22e-01 |     -- |  1.44e+00 |  2.38e+00
39599552 |  3.02e-06 |     -- |  3.50e-01 |  5.37e-01 |     -- |  1.44e+00 |  2.39e+00
39625216 |  3.06e-06 |     -- |  3.41e-01 |  5.25e-01 |     -- |  1.45e+00 |  2.40e+00
39650880 |  2.82e-06 |     -- |  3.08e-01 |  4.69e-01 |     -- |  1.41e+00 |  2.32e+00
39676544 |  3.23e-06 |     -- |  3.55e-01 |  5.47e-01 |     -- |  1.47e+00 |  2.47e+00
39702208 |  3.31e-06 |     -- |  3.61e-01 |  5.56e-01 |     -- |  1.48e+00 |  2.50e+00
39727872 |  3.11e-06 |     -- |  3.37e-01 |  5.22e-01 |     -- |  1.46e+00 |  2.42e+00
39753536 |  2.94e-06 |     -- |  3.54e-01 |  5.31e-01 |     -- |  1.42e+00 |  2.35e+00
39779200 |  2.96e-06 |     -- |  3.32e-01 |  5.02e-01 |     -- |  1.43e+00 |  2.37e+00
39804864 |  2.82e-06 |     -- |  3.18e-01 |  4.88e-01 |     -- |  1.42e+00 |  2.31e+00
39830528 |  3.20e-06 |     -- |  3.37e-01 |  5.14e-01 |     -- |  1.48e+00 |  2.46e+00
39856192 |  3.22e-06 |     -- |  3.72e-01 |  5.67e-01 |     -- |  1.47e+00 |  2.46e+00
39881856 |  2.95e-06 |     -- |  3.18e-01 |  4.83e-01 |     -- |  1.43e+00 |  2.36e+00
39907520 |  3.15e-06 |     -- |  3.32e-01 |  5.00e-01 |     -- |  1.45e+00 |  2.44e+00
39933184 |  2.96e-06 |     -- |  3.50e-01 |  5.32e-01 |     -- |  1.43e+00 |  2.36e+00
39958848 |  3.05e-06 |     -- |  3.34e-01 |  5.02e-01 |     -- |  1.45e+00 |  2.41e+00
39984512 |  3.13e-06 |     -- |  3.44e-01 |  5.20e-01 |     -- |  1.45e+00 |  2.43e+00
40010176 |  3.06e-06 |     -- |  3.51e-01 |  5.36e-01 |     -- |  1.44e+00 |  2.40e+00
40035840 |  3.09e-06 |     -- |  3.49e-01 |  5.50e-01 |     -- |  1.45e+00 |  2.41e+00
40061504 |  3.03e-06 |     -- |  3.20e-01 |  4.97e-01 |     -- |  1.44e+00 |  2.39e+00
40087168 |  3.33e-06 |     -- |  3.94e-01 |  6.10e-01 |     -- |  1.48e+00 |  2.49e+00
40112832 |  2.93e-06 |     -- |  3.16e-01 |  4.86e-01 |     -- |  1.42e+00 |  2.35e+00
40138496 |  2.92e-06 |     -- |  3.40e-01 |  5.12e-01 |     -- |  1.43e+00 |  2.35e+00
40164160 |  3.27e-06 |     -- |  3.52e-01 |  5.48e-01 |     -- |  1.47e+00 |  2.48e+00
40189824 |  2.91e-06 |     -- |  3.32e-01 |  5.05e-01 |     -- |  1.42e+00 |  2.35e+00
40215488 |  2.91e-06 |     -- |  3.30e-01 |  5.05e-01 |     -- |  1.43e+00 |  2.35e+00
40241152 |  3.21e-06 |     -- |  3.67e-01 |  5.81e-01 |     -- |  1.47e+00 |  2.45e+00
40266816 |  2.97e-06 |     -- |  3.23e-01 |  4.99e-01 |     -- |  1.44e+00 |  2.37e+00
40292480 |  3.20e-06 |     -- |  3.88e-01 |  6.22e-01 |     -- |  1.45e+00 |  2.44e+00
40318144 |  2.81e-06 |     -- |  3.15e-01 |  4.91e-01 |     -- |  1.41e+00 |  2.31e+00
40343808 |  3.12e-06 |     -- |  3.57e-01 |  5.47e-01 |     -- |  1.44e+00 |  2.42e+00
40369472 |  2.73e-06 |     -- |  3.05e-01 |  4.66e-01 |     -- |  1.39e+00 |  2.28e+00
40395136 |  3.36e-06 |     -- |  3.65e-01 |  5.59e-01 |     -- |  1.49e+00 |  2.52e+00
40420800 |  2.84e-06 |     -- |  3.37e-01 |  5.17e-01 |     -- |  1.41e+00 |  2.31e+00
40446464 |  2.94e-06 |     -- |  3.21e-01 |  5.07e-01 |     -- |  1.43e+00 |  2.36e+00
40472128 |  3.09e-06 |     -- |  3.66e-01 |  5.69e-01 |     -- |  1.44e+00 |  2.41e+00
40497792 |  3.10e-06 |     -- |  3.53e-01 |  5.74e-01 |     -- |  1.44e+00 |  2.41e+00
40523456 |  3.28e-06 |     -- |  3.78e-01 |  6.10e-01 |     -- |  1.46e+00 |  2.47e+00
40549120 |  2.85e-06 |     -- |  3.28e-01 |  5.20e-01 |     -- |  1.41e+00 |  2.32e+00
40574784 |  2.98e-06 |     -- |  3.42e-01 |  5.26e-01 |     -- |  1.43e+00 |  2.37e+00
40600448 |  3.08e-06 |     -- |  3.51e-01 |  5.46e-01 |     -- |  1.45e+00 |  2.40e+00
40626112 |  2.86e-06 |     -- |  3.26e-01 |  4.92e-01 |     -- |  1.41e+00 |  2.33e+00
40651776 |  2.80e-06 |     -- |  3.30e-01 |  5.02e-01 |     -- |  1.41e+00 |  2.30e+00
40677440 |  3.57e-06 |     -- |  3.75e-01 |  5.81e-01 |     -- |  1.51e+00 |  2.58e+00
40703104 |  2.88e-06 |     -- |  3.37e-01 |  5.30e-01 |     -- |  1.41e+00 |  2.32e+00
40728768 |  3.07e-06 |     -- |  3.39e-01 |  5.10e-01 |     -- |  1.44e+00 |  2.41e+00
40754432 |  2.78e-06 |     -- |  3.10e-01 |  4.64e-01 |     -- |  1.41e+00 |  2.30e+00
40780096 |  2.99e-06 |     -- |  3.24e-01 |  4.99e-01 |     -- |  1.44e+00 |  2.38e+00
40805760 |  3.17e-06 |     -- |  3.65e-01 |  5.54e-01 |     -- |  1.46e+00 |  2.44e+00
40831424 |  3.07e-06 |     -- |  3.53e-01 |  5.41e-01 |     -- |  1.44e+00 |  2.40e+00
40857088 |  2.81e-06 |     -- |  3.19e-01 |  4.85e-01 |     -- |  1.41e+00 |  2.31e+00
40882752 |  3.04e-06 |     -- |  3.61e-01 |  5.52e-01 |     -- |  1.44e+00 |  2.39e+00
40908416 |  3.22e-06 |     -- |  3.69e-01 |  5.78e-01 |     -- |  1.47e+00 |  2.45e+00
40934080 |  2.76e-06 |     -- |  3.19e-01 |  4.76e-01 |     -- |  1.40e+00 |  2.29e+00
40959744 |  2.93e-06 |     -- |  3.29e-01 |  5.01e-01 |     -- |  1.42e+00 |  2.35e+00
40985408 |  2.98e-06 |     -- |  3.46e-01 |  5.22e-01 |     -- |  1.43e+00 |  2.37e+00
41011072 |  2.83e-06 |     -- |  3.36e-01 |  5.19e-01 |     -- |  1.41e+00 |  2.31e+00
41036736 |  3.24e-06 |     -- |  3.69e-01 |  5.69e-01 |     -- |  1.47e+00 |  2.46e+00
41062400 |  2.90e-06 |     -- |  3.53e-01 |  5.28e-01 |     -- |  1.42e+00 |  2.34e+00
41088064 |  2.88e-06 |     -- |  3.38e-01 |  5.07e-01 |     -- |  1.42e+00 |  2.33e+00
41113728 |  2.96e-06 |     -- |  3.33e-01 |  5.03e-01 |     -- |  1.43e+00 |  2.37e+00
41139392 |  3.00e-06 |     -- |  3.34e-01 |  5.24e-01 |     -- |  1.44e+00 |  2.38e+00
41165056 |  2.87e-06 |     -- |  3.25e-01 |  4.90e-01 |     -- |  1.42e+00 |  2.33e+00
41190720 |  3.18e-06 |     -- |  3.54e-01 |  5.44e-01 |     -- |  1.46e+00 |  2.44e+00
41216384 |  2.76e-06 |     -- |  3.40e-01 |  5.22e-01 |     -- |  1.39e+00 |  2.28e+00
41242048 |  2.97e-06 |     -- |  3.25e-01 |  5.07e-01 |     -- |  1.43e+00 |  2.37e+00
41267712 |  2.98e-06 |     -- |  3.39e-01 |  5.17e-01 |     -- |  1.43e+00 |  2.37e+00
41293376 |  3.15e-06 |     -- |  3.58e-01 |  5.51e-01 |     -- |  1.45e+00 |  2.43e+00
41319040 |  2.85e-06 |     -- |  3.51e-01 |  5.44e-01 |     -- |  1.41e+00 |  2.31e+00
41344704 |  3.07e-06 |     -- |  3.39e-01 |  5.24e-01 |     -- |  1.45e+00 |  2.41e+00
41370368 |  3.07e-06 |     -- |  3.40e-01 |  5.15e-01 |     -- |  1.44e+00 |  2.41e+00
41396032 |  2.55e-06 |     -- |  2.91e-01 |  4.45e-01 |     -- |  1.36e+00 |  2.21e+00
41421696 |  2.87e-06 |     -- |  3.34e-01 |  5.00e-01 |     -- |  1.42e+00 |  2.33e+00
41447360 |  3.00e-06 |     -- |  3.60e-01 |  5.43e-01 |     -- |  1.43e+00 |  2.37e+00
41473024 |  3.32e-06 |     -- |  3.65e-01 |  5.83e-01 |     -- |  1.47e+00 |  2.49e+00
41498688 |  3.01e-06 |     -- |  3.33e-01 |  5.31e-01 |     -- |  1.42e+00 |  2.38e+00
41524352 |  2.74e-06 |     -- |  3.49e-01 |  5.37e-01 |     -- |  1.39e+00 |  2.27e+00
41550016 |  2.92e-06 |     -- |  3.22e-01 |  4.92e-01 |     -- |  1.43e+00 |  2.35e+00
41575680 |  2.75e-06 |     -- |  3.14e-01 |  4.81e-01 |     -- |  1.40e+00 |  2.28e+00
41601344 |  3.05e-06 |     -- |  3.46e-01 |  5.17e-01 |     -- |  1.44e+00 |  2.40e+00
41627008 |  3.14e-06 |     -- |  3.67e-01 |  5.80e-01 |     -- |  1.45e+00 |  2.42e+00
41652672 |  3.04e-06 |     -- |  3.46e-01 |  5.18e-01 |     -- |  1.43e+00 |  2.39e+00
41678336 |  2.86e-06 |     -- |  3.19e-01 |  4.93e-01 |     -- |  1.41e+00 |  2.33e+00
41704000 |  2.89e-06 |     -- |  3.52e-01 |  5.43e-01 |     -- |  1.42e+00 |  2.33e+00
41729664 |  2.94e-06 |     -- |  3.04e-01 |  4.71e-01 |     -- |  1.42e+00 |  2.37e+00
41755328 |  2.86e-06 |     -- |  3.08e-01 |  4.75e-01 |     -- |  1.41e+00 |  2.33e+00
41780992 |  3.04e-06 |     -- |  3.49e-01 |  5.27e-01 |     -- |  1.44e+00 |  2.39e+00
41806656 |  3.01e-06 |     -- |  3.54e-01 |  5.39e-01 |     -- |  1.43e+00 |  2.38e+00
41832320 |  2.69e-06 |     -- |  3.01e-01 |  4.60e-01 |     -- |  1.38e+00 |  2.26e+00
41857984 |  2.76e-06 |     -- |  3.08e-01 |  4.71e-01 |     -- |  1.40e+00 |  2.29e+00
41883648 |  3.26e-06 |     -- |  3.58e-01 |  5.49e-01 |     -- |  1.47e+00 |  2.47e+00
41909312 |  2.83e-06 |     -- |  3.25e-01 |  5.05e-01 |     -- |  1.40e+00 |  2.31e+00
41934976 |  2.75e-06 |     -- |  3.05e-01 |  4.58e-01 |     -- |  1.40e+00 |  2.29e+00
41960640 |  3.04e-06 |     -- |  3.60e-01 |  5.47e-01 |     -- |  1.44e+00 |  2.39e+00
41986304 |  2.96e-06 |     -- |  3.29e-01 |  5.12e-01 |     -- |  1.42e+00 |  2.36e+00
42011968 |  3.09e-06 |     -- |  3.62e-01 |  5.65e-01 |     -- |  1.44e+00 |  2.40e+00
42037632 |  2.83e-06 |     -- |  3.10e-01 |  4.69e-01 |     -- |  1.40e+00 |  2.31e+00
42063296 |  2.89e-06 |     -- |  3.26e-01 |  4.94e-01 |     -- |  1.41e+00 |  2.34e+00
42088960 |  2.93e-06 |     -- |  3.17e-01 |  4.87e-01 |     -- |  1.42e+00 |  2.36e+00
42114624 |  2.81e-06 |     -- |  3.08e-01 |  4.71e-01 |     -- |  1.40e+00 |  2.31e+00
42140288 |  3.22e-06 |     -- |  3.71e-01 |  5.56e-01 |     -- |  1.46e+00 |  2.45e+00
42165952 |  2.62e-06 |     -- |  3.10e-01 |  4.72e-01 |     -- |  1.36e+00 |  2.23e+00
42191616 |  2.84e-06 |     -- |  3.46e-01 |  5.20e-01 |     -- |  1.41e+00 |  2.31e+00
42217280 |  3.17e-06 |     -- |  3.56e-01 |  5.48e-01 |     -- |  1.45e+00 |  2.44e+00
42242944 |  3.18e-06 |     -- |  3.67e-01 |  5.63e-01 |     -- |  1.44e+00 |  2.44e+00
42268608 |  2.61e-06 |     -- |  2.90e-01 |  4.42e-01 |     -- |  1.36e+00 |  2.23e+00
42294272 |  2.82e-06 |     -- |  3.34e-01 |  4.98e-01 |     -- |  1.41e+00 |  2.31e+00
42319936 |  2.90e-06 |     -- |  3.47e-01 |  5.23e-01 |     -- |  1.41e+00 |  2.33e+00
42345600 |  2.87e-06 |     -- |  3.15e-01 |  4.74e-01 |     -- |  1.42e+00 |  2.34e+00
42371264 |  2.95e-06 |     -- |  3.49e-01 |  5.31e-01 |     -- |  1.42e+00 |  2.36e+00
42396928 |  2.76e-06 |     -- |  3.28e-01 |  4.97e-01 |     -- |  1.39e+00 |  2.28e+00
42422592 |  2.92e-06 |     -- |  3.48e-01 |  5.35e-01 |     -- |  1.42e+00 |  2.34e+00
42448256 |  3.07e-06 |     -- |  3.52e-01 |  5.45e-01 |     -- |  1.43e+00 |  2.40e+00
42473920 |  2.82e-06 |     -- |  3.43e-01 |  5.33e-01 |     -- |  1.40e+00 |  2.30e+00
42499584 |  2.69e-06 |     -- |  2.98e-01 |  4.58e-01 |     -- |  1.38e+00 |  2.26e+00
42525248 |  2.84e-06 |     -- |  3.23e-01 |  4.90e-01 |     -- |  1.41e+00 |  2.32e+00
42550912 |  3.08e-06 |     -- |  3.67e-01 |  5.57e-01 |     -- |  1.45e+00 |  2.40e+00
42576576 |  3.59e-06 |     -- |  4.00e-01 |  6.66e-01 |     -- |  1.48e+00 |  2.58e+00
42602240 |  3.06e-06 |     -- |  3.26e-01 |  5.28e-01 |     -- |  1.40e+00 |  2.40e+00
42627904 |  2.45e-06 |     -- |  2.91e-01 |  4.48e-01 |     -- |  1.32e+00 |  2.16e+00
42653568 |  2.87e-06 |     -- |  3.41e-01 |  5.35e-01 |     -- |  1.40e+00 |  2.32e+00
42679232 |  3.16e-06 |     -- |  3.73e-01 |  5.94e-01 |     -- |  1.44e+00 |  2.42e+00
42704896 |  2.63e-06 |     -- |  2.78e-01 |  4.20e-01 |     -- |  1.38e+00 |  2.25e+00
42730560 |  2.90e-06 |     -- |  3.29e-01 |  5.03e-01 |     -- |  1.41e+00 |  2.34e+00
42756224 |  2.77e-06 |     -- |  3.21e-01 |  4.94e-01 |     -- |  1.39e+00 |  2.29e+00
42781888 |  3.32e-06 |     -- |  3.63e-01 |  5.61e-01 |     -- |  1.47e+00 |  2.50e+00
42807552 |  2.93e-06 |     -- |  3.20e-01 |  5.08e-01 |     -- |  1.40e+00 |  2.35e+00
42833216 |  2.71e-06 |     -- |  3.17e-01 |  4.82e-01 |     -- |  1.38e+00 |  2.26e+00
42858880 |  3.02e-06 |     -- |  3.26e-01 |  5.10e-01 |     -- |  1.44e+00 |  2.39e+00
42884544 |  2.61e-06 |     -- |  2.99e-01 |  4.51e-01 |     -- |  1.37e+00 |  2.23e+00
42910208 |  2.81e-06 |     -- |  3.31e-01 |  4.94e-01 |     -- |  1.40e+00 |  2.30e+00
42935872 |  3.20e-06 |     -- |  3.70e-01 |  5.59e-01 |     -- |  1.46e+00 |  2.45e+00
42961536 |  2.69e-06 |     -- |  3.02e-01 |  4.56e-01 |     -- |  1.37e+00 |  2.26e+00
42987200 |  2.85e-06 |     -- |  3.40e-01 |  5.19e-01 |     -- |  1.41e+00 |  2.32e+00
43012864 |  2.95e-06 |     -- |  3.32e-01 |  5.15e-01 |     -- |  1.41e+00 |  2.36e+00
43038528 |  2.72e-06 |     -- |  3.22e-01 |  4.95e-01 |     -- |  1.38e+00 |  2.27e+00
43064192 |  2.88e-06 |     -- |  3.35e-01 |  5.05e-01 |     -- |  1.41e+00 |  2.33e+00
43089856 |  2.76e-06 |     -- |  3.22e-01 |  4.83e-01 |     -- |  1.40e+00 |  2.29e+00
43115520 |  3.17e-06 |     -- |  3.37e-01 |  5.28e-01 |     -- |  1.46e+00 |  2.44e+00
43141184 |  2.64e-06 |     -- |  2.96e-01 |  4.58e-01 |     -- |  1.37e+00 |  2.24e+00
43166848 |  3.05e-06 |     -- |  3.31e-01 |  5.07e-01 |     -- |  1.43e+00 |  2.40e+00
43192512 |  2.77e-06 |     -- |  3.24e-01 |  5.05e-01 |     -- |  1.39e+00 |  2.29e+00
43218176 |  2.87e-06 |     -- |  3.27e-01 |  4.94e-01 |     -- |  1.41e+00 |  2.33e+00
43243840 |  2.83e-06 |     -- |  3.15e-01 |  4.90e-01 |     -- |  1.41e+00 |  2.32e+00
43269504 |  2.98e-06 |     -- |  3.64e-01 |  5.57e-01 |     -- |  1.42e+00 |  2.36e+00
43295168 |  2.78e-06 |     -- |  3.30e-01 |  5.13e-01 |     -- |  1.39e+00 |  2.29e+00
43320832 |  3.17e-06 |     -- |  3.34e-01 |  5.09e-01 |     -- |  1.45e+00 |  2.45e+00
43346496 |  2.74e-06 |     -- |  3.04e-01 |  4.72e-01 |     -- |  1.38e+00 |  2.28e+00
43372160 |  2.87e-06 |     -- |  3.15e-01 |  4.86e-01 |     -- |  1.40e+00 |  2.33e+00
43397824 |  2.89e-06 |     -- |  3.44e-01 |  5.26e-01 |     -- |  1.41e+00 |  2.33e+00
43423488 |  2.71e-06 |     -- |  3.02e-01 |  4.61e-01 |     -- |  1.38e+00 |  2.27e+00
43449152 |  2.62e-06 |     -- |  3.03e-01 |  4.61e-01 |     -- |  1.37e+00 |  2.23e+00
43474816 |  2.96e-06 |     -- |  3.46e-01 |  5.19e-01 |     -- |  1.43e+00 |  2.36e+00
43500480 |  2.97e-06 |     -- |  3.67e-01 |  5.46e-01 |     -- |  1.42e+00 |  2.36e+00
43526144 |  3.10e-06 |     -- |  3.75e-01 |  5.88e-01 |     -- |  1.43e+00 |  2.40e+00
43551808 |  2.77e-06 |     -- |  3.28e-01 |  5.21e-01 |     -- |  1.38e+00 |  2.28e+00
43577472 |  2.66e-06 |     -- |  2.99e-01 |  4.54e-01 |     -- |  1.37e+00 |  2.25e+00
43603136 |  2.97e-06 |     -- |  3.69e-01 |  5.67e-01 |     -- |  1.42e+00 |  2.36e+00
43628800 |  3.12e-06 |     -- |  3.63e-01 |  5.62e-01 |     -- |  1.44e+00 |  2.41e+00
43654464 |  2.65e-06 |     -- |  3.10e-01 |  4.71e-01 |     -- |  1.37e+00 |  2.24e+00
43680128 |  2.80e-06 |     -- |  3.27e-01 |  4.96e-01 |     -- |  1.39e+00 |  2.30e+00
43705792 |  2.91e-06 |     -- |  3.28e-01 |  5.05e-01 |     -- |  1.42e+00 |  2.34e+00
43731456 |  2.82e-06 |     -- |  3.16e-01 |  4.88e-01 |     -- |  1.40e+00 |  2.31e+00
43757120 |  2.93e-06 |     -- |  3.39e-01 |  5.08e-01 |     -- |  1.42e+00 |  2.35e+00
43782784 |  2.84e-06 |     -- |  3.15e-01 |  4.77e-01 |     -- |  1.40e+00 |  2.32e+00
43808448 |  2.98e-06 |     -- |  3.43e-01 |  5.48e-01 |     -- |  1.42e+00 |  2.37e+00
43834112 |  2.94e-06 |     -- |  3.47e-01 |  5.37e-01 |     -- |  1.41e+00 |  2.35e+00
43859776 |  2.70e-06 |     -- |  2.90e-01 |  4.62e-01 |     -- |  1.38e+00 |  2.26e+00
43885440 |  2.82e-06 |     -- |  3.21e-01 |  4.88e-01 |     -- |  1.39e+00 |  2.31e+00
43911104 |  2.80e-06 |     -- |  3.20e-01 |  4.93e-01 |     -- |  1.39e+00 |  2.30e+00
43936768 |  3.22e-06 |     -- |  3.71e-01 |  5.76e-01 |     -- |  1.45e+00 |  2.45e+00
43962432 |  2.51e-06 |     -- |  2.89e-01 |  4.51e-01 |     -- |  1.34e+00 |  2.18e+00
43988096 |  2.89e-06 |     -- |  3.35e-01 |  5.14e-01 |     -- |  1.40e+00 |  2.33e+00
44013760 |  2.66e-06 |     -- |  2.99e-01 |  4.57e-01 |     -- |  1.38e+00 |  2.25e+00
44039424 |  3.05e-06 |     -- |  3.44e-01 |  5.31e-01 |     -- |  1.43e+00 |  2.39e+00
44065088 |  2.74e-06 |     -- |  3.37e-01 |  5.24e-01 |     -- |  1.38e+00 |  2.27e+00
44090752 |  2.81e-06 |     -- |  3.42e-01 |  5.36e-01 |     -- |  1.39e+00 |  2.30e+00
44116416 |  2.67e-06 |     -- |  3.14e-01 |  4.84e-01 |     -- |  1.37e+00 |  2.25e+00
44142080 |  2.75e-06 |     -- |  3.23e-01 |  4.96e-01 |     -- |  1.39e+00 |  2.28e+00
44167744 |  2.92e-06 |     -- |  3.70e-01 |  5.82e-01 |     -- |  1.40e+00 |  2.33e+00
44193408 |  2.68e-06 |     -- |  3.22e-01 |  4.93e-01 |     -- |  1.37e+00 |  2.25e+00
44219072 |  2.86e-06 |     -- |  3.35e-01 |  5.08e-01 |     -- |  1.41e+00 |  2.32e+00
44244736 |  2.88e-06 |     -- |  3.30e-01 |  5.37e-01 |     -- |  1.40e+00 |  2.32e+00
44270400 |  2.88e-06 |     -- |  3.22e-01 |  4.97e-01 |     -- |  1.41e+00 |  2.33e+00
44296064 |  2.73e-06 |     -- |  3.33e-01 |  5.17e-01 |     -- |  1.38e+00 |  2.27e+00
44321728 |  2.80e-06 |     -- |  3.15e-01 |  4.92e-01 |     -- |  1.40e+00 |  2.30e+00
44347392 |  2.96e-06 |     -- |  3.71e-01 |  5.58e-01 |     -- |  1.42e+00 |  2.35e+00
44373056 |  2.83e-06 |     -- |  3.18e-01 |  5.08e-01 |     -- |  1.39e+00 |  2.31e+00
44398720 |  2.86e-06 |     -- |  3.45e-01 |  5.38e-01 |     -- |  1.40e+00 |  2.32e+00
44424384 |  2.69e-06 |     -- |  3.35e-01 |  5.16e-01 |     -- |  1.37e+00 |  2.25e+00
44450048 |  2.73e-06 |     -- |  3.13e-01 |  4.74e-01 |     -- |  1.38e+00 |  2.27e+00
44475712 |  2.63e-06 |     -- |  3.15e-01 |  4.87e-01 |     -- |  1.37e+00 |  2.23e+00
44501376 |  2.80e-06 |     -- |  3.24e-01 |  4.90e-01 |     -- |  1.40e+00 |  2.30e+00
44527040 |  2.83e-06 |     -- |  3.57e-01 |  5.48e-01 |     -- |  1.39e+00 |  2.30e+00
44552704 |  2.72e-06 |     -- |  3.32e-01 |  5.15e-01 |     -- |  1.38e+00 |  2.26e+00
44578368 |  2.85e-06 |     -- |  3.41e-01 |  5.27e-01 |     -- |  1.40e+00 |  2.31e+00
44604032 |  2.79e-06 |     -- |  3.27e-01 |  5.10e-01 |     -- |  1.39e+00 |  2.29e+00
44629696 |  2.84e-06 |     -- |  3.13e-01 |  4.83e-01 |     -- |  1.40e+00 |  2.32e+00
44655360 |  2.62e-06 |     -- |  2.95e-01 |  4.43e-01 |     -- |  1.36e+00 |  2.23e+00
44681024 |  2.98e-06 |     -- |  3.29e-01 |  4.92e-01 |     -- |  1.42e+00 |  2.37e+00
44706688 |  2.61e-06 |     -- |  3.07e-01 |  4.81e-01 |     -- |  1.36e+00 |  2.22e+00
44732352 |  2.74e-06 |     -- |  3.27e-01 |  5.00e-01 |     -- |  1.38e+00 |  2.27e+00
44758016 |  2.77e-06 |     -- |  3.10e-01 |  4.89e-01 |     -- |  1.39e+00 |  2.29e+00
44783680 |  3.01e-06 |     -- |  3.67e-01 |  5.60e-01 |     -- |  1.42e+00 |  2.37e+00
44809344 |  2.73e-06 |     -- |  3.24e-01 |  4.87e-01 |     -- |  1.38e+00 |  2.27e+00
44835008 |  2.72e-06 |     -- |  3.23e-01 |  4.92e-01 |     -- |  1.38e+00 |  2.26e+00
44860672 |  2.80e-06 |     -- |  3.24e-01 |  4.99e-01 |     -- |  1.39e+00 |  2.30e+00
44886336 |  2.95e-06 |     -- |  3.29e-01 |  5.03e-01 |     -- |  1.42e+00 |  2.36e+00
44912000 |  2.87e-06 |     -- |  3.18e-01 |  4.82e-01 |     -- |  1.41e+00 |  2.34e+00
44937664 |  2.67e-06 |     -- |  3.17e-01 |  4.83e-01 |     -- |  1.37e+00 |  2.25e+00
44963328 |  3.05e-06 |     -- |  3.34e-01 |  5.39e-01 |     -- |  1.42e+00 |  2.39e+00
44988992 |  2.55e-06 |     -- |  3.06e-01 |  4.61e-01 |     -- |  1.35e+00 |  2.20e+00
45014656 |  2.61e-06 |     -- |  3.19e-01 |  4.88e-01 |     -- |  1.36e+00 |  2.22e+00
45040320 |  2.77e-06 |     -- |  2.94e-01 |  4.58e-01 |     -- |  1.38e+00 |  2.29e+00
45065984 |  3.15e-06 |     -- |  3.76e-01 |  6.03e-01 |     -- |  1.44e+00 |  2.42e+00
45091648 |  2.94e-06 |     -- |  3.20e-01 |  5.02e-01 |     -- |  1.40e+00 |  2.35e+00
45117312 |  2.88e-06 |     -- |  3.36e-01 |  5.33e-01 |     -- |  1.39e+00 |  2.32e+00
45142976 |  2.57e-06 |     -- |  2.96e-01 |  4.53e-01 |     -- |  1.35e+00 |  2.21e+00
45168640 |  2.81e-06 |     -- |  3.44e-01 |  5.31e-01 |     -- |  1.40e+00 |  2.30e+00
45194304 |  2.81e-06 |     -- |  3.33e-01 |  5.07e-01 |     -- |  1.39e+00 |  2.30e+00
45219968 |  2.66e-06 |     -- |  3.07e-01 |  4.67e-01 |     -- |  1.37e+00 |  2.25e+00
45245632 |  2.87e-06 |     -- |  3.32e-01 |  5.07e-01 |     -- |  1.39e+00 |  2.32e+00
45271296 |  2.60e-06 |     -- |  3.02e-01 |  4.58e-01 |     -- |  1.36e+00 |  2.22e+00
45296960 |  2.89e-06 |     -- |  3.18e-01 |  5.01e-01 |     -- |  1.40e+00 |  2.34e+00
45322624 |  2.70e-06 |     -- |  3.11e-01 |  4.76e-01 |     -- |  1.38e+00 |  2.26e+00
45348288 |  2.65e-06 |     -- |  3.04e-01 |  4.64e-01 |     -- |  1.36e+00 |  2.24e+00
45373952 |  2.57e-06 |     -- |  2.89e-01 |  4.42e-01 |     -- |  1.36e+00 |  2.21e+00
45399616 |  2.70e-06 |     -- |  3.20e-01 |  4.78e-01 |     -- |  1.38e+00 |  2.26e+00
45425280 |  2.99e-06 |     -- |  3.52e-01 |  5.34e-01 |     -- |  1.41e+00 |  2.36e+00
45450944 |  2.85e-06 |     -- |  3.37e-01 |  5.07e-01 |     -- |  1.39e+00 |  2.32e+00
45476608 |  2.82e-06 |     -- |  3.31e-01 |  5.30e-01 |     -- |  1.39e+00 |  2.30e+00
45502272 |  2.71e-06 |     -- |  3.12e-01 |  4.83e-01 |     -- |  1.37e+00 |  2.26e+00
45527936 |  2.81e-06 |     -- |  3.26e-01 |  4.87e-01 |     -- |  1.39e+00 |  2.30e+00
45553600 |  2.80e-06 |     -- |  3.35e-01 |  5.19e-01 |     -- |  1.39e+00 |  2.29e+00
45579264 |  2.66e-06 |     -- |  2.99e-01 |  4.60e-01 |     -- |  1.36e+00 |  2.24e+00
45604928 |  2.62e-06 |     -- |  2.99e-01 |  4.50e-01 |     -- |  1.36e+00 |  2.23e+00
45630592 |  3.07e-06 |     -- |  3.69e-01 |  5.83e-01 |     -- |  1.42e+00 |  2.39e+00
45656256 |  2.74e-06 |     -- |  3.12e-01 |  4.91e-01 |     -- |  1.38e+00 |  2.27e+00
45681920 |  2.65e-06 |     -- |  3.14e-01 |  4.93e-01 |     -- |  1.37e+00 |  2.23e+00
45707584 |  3.06e-06 |     -- |  3.83e-01 |  6.04e-01 |     -- |  1.41e+00 |  2.38e+00
45733248 |  2.54e-06 |     -- |  3.07e-01 |  4.70e-01 |     -- |  1.34e+00 |  2.19e+00
45758912 |  2.79e-06 |     -- |  3.34e-01 |  5.27e-01 |     -- |  1.38e+00 |  2.29e+00
45784576 |  2.67e-06 |     -- |  3.22e-01 |  5.01e-01 |     -- |  1.37e+00 |  2.24e+00
45810240 |  2.84e-06 |     -- |  3.37e-01 |  5.25e-01 |     -- |  1.40e+00 |  2.31e+00
45835904 |  2.49e-06 |     -- |  2.88e-01 |  4.40e-01 |     -- |  1.34e+00 |  2.18e+00
45861568 |  2.94e-06 |     -- |  3.47e-01 |  5.24e-01 |     -- |  1.41e+00 |  2.35e+00
45887232 |  2.99e-06 |     -- |  3.53e-01 |  5.59e-01 |     -- |  1.41e+00 |  2.36e+00
45912896 |  2.56e-06 |     -- |  2.76e-01 |  4.21e-01 |     -- |  1.34e+00 |  2.20e+00
45938560 |  2.76e-06 |     -- |  3.41e-01 |  5.25e-01 |     -- |  1.39e+00 |  2.28e+00
45964224 |  2.57e-06 |     -- |  3.05e-01 |  4.57e-01 |     -- |  1.35e+00 |  2.21e+00
45989888 |  3.05e-06 |     -- |  3.41e-01 |  5.36e-01 |     -- |  1.42e+00 |  2.39e+00
46015552 |  2.86e-06 |     -- |  3.27e-01 |  5.02e-01 |     -- |  1.40e+00 |  2.32e+00
46041216 |  2.68e-06 |     -- |  3.15e-01 |  4.80e-01 |     -- |  1.36e+00 |  2.24e+00
46066880 |  2.81e-06 |     -- |  3.49e-01 |  5.30e-01 |     -- |  1.39e+00 |  2.30e+00
46092544 |  2.92e-06 |     -- |  3.27e-01 |  5.12e-01 |     -- |  1.39e+00 |  2.35e+00
46118208 |  2.72e-06 |     -- |  3.45e-01 |  5.44e-01 |     -- |  1.36e+00 |  2.26e+00
46143872 |  2.89e-06 |     -- |  3.31e-01 |  5.20e-01 |     -- |  1.40e+00 |  2.33e+00
46169536 |  2.71e-06 |     -- |  3.25e-01 |  5.05e-01 |     -- |  1.37e+00 |  2.26e+00
46195200 |  2.59e-06 |     -- |  2.98e-01 |  4.57e-01 |     -- |  1.35e+00 |  2.22e+00
46220864 |  2.77e-06 |     -- |  3.16e-01 |  4.92e-01 |     -- |  1.38e+00 |  2.29e+00
46246528 |  2.66e-06 |     -- |  3.34e-01 |  5.06e-01 |     -- |  1.37e+00 |  2.24e+00
46272192 |  2.97e-06 |     -- |  3.68e-01 |  5.82e-01 |     -- |  1.40e+00 |  2.35e+00
46297856 |  2.64e-06 |     -- |  2.91e-01 |  4.47e-01 |     -- |  1.36e+00 |  2.24e+00
46323520 |  2.90e-06 |     -- |  3.47e-01 |  5.32e-01 |     -- |  1.40e+00 |  2.33e+00
46349184 |  2.86e-06 |     -- |  3.51e-01 |  5.28e-01 |     -- |  1.39e+00 |  2.31e+00
46374848 |  2.70e-06 |     -- |  2.97e-01 |  4.51e-01 |     -- |  1.37e+00 |  2.26e+00
46400512 |  2.73e-06 |     -- |  3.29e-01 |  5.33e-01 |     -- |  1.37e+00 |  2.26e+00
46426176 |  2.82e-06 |     -- |  3.41e-01 |  5.53e-01 |     -- |  1.38e+00 |  2.30e+00
46451840 |  2.66e-06 |     -- |  3.18e-01 |  4.92e-01 |     -- |  1.36e+00 |  2.24e+00
46477504 |  2.94e-06 |     -- |  3.34e-01 |  5.15e-01 |     -- |  1.40e+00 |  2.35e+00
46503168 |  2.81e-06 |     -- |  3.11e-01 |  4.91e-01 |     -- |  1.38e+00 |  2.30e+00
46528832 |  2.70e-06 |     -- |  3.20e-01 |  4.82e-01 |     -- |  1.37e+00 |  2.26e+00
46554496 |  2.99e-06 |     -- |  3.41e-01 |  5.19e-01 |     -- |  1.41e+00 |  2.37e+00
46580160 |  2.36e-06 |     -- |  2.87e-01 |  4.41e-01 |     -- |  1.31e+00 |  2.11e+00
46605824 |  2.56e-06 |     -- |  3.10e-01 |  4.68e-01 |     -- |  1.35e+00 |  2.20e+00
46631488 |  3.28e-06 |     -- |  4.03e-01 |  6.29e-01 |     -- |  1.45e+00 |  2.46e+00
46657152 |  2.83e-06 |     -- |  3.32e-01 |  5.38e-01 |     -- |  1.37e+00 |  2.30e+00
46682816 |  2.44e-06 |     -- |  2.74e-01 |  4.22e-01 |     -- |  1.32e+00 |  2.16e+00
46708480 |  2.71e-06 |     -- |  3.00e-01 |  4.64e-01 |     -- |  1.37e+00 |  2.27e+00
46734144 |  2.97e-06 |     -- |  3.66e-01 |  5.64e-01 |     -- |  1.41e+00 |  2.35e+00
46759808 |  2.62e-06 |     -- |  3.27e-01 |  4.97e-01 |     -- |  1.36e+00 |  2.22e+00
46785472 |  2.58e-06 |     -- |  2.95e-01 |  4.63e-01 |     -- |  1.35e+00 |  2.21e+00
46811136 |  2.62e-06 |     -- |  3.14e-01 |  4.84e-01 |     -- |  1.36e+00 |  2.23e+00
46836800 |  3.25e-06 |     -- |  3.51e-01 |  5.54e-01 |     -- |  1.44e+00 |  2.46e+00
46862464 |  2.78e-06 |     -- |  3.15e-01 |  4.85e-01 |     -- |  1.38e+00 |  2.29e+00
46888128 |  2.55e-06 |     -- |  2.94e-01 |  4.38e-01 |     -- |  1.34e+00 |  2.20e+00
46913792 |  2.55e-06 |     -- |  3.34e-01 |  5.03e-01 |     -- |  1.34e+00 |  2.19e+00
46939456 |  3.03e-06 |     -- |  3.34e-01 |  5.12e-01 |     -- |  1.41e+00 |  2.39e+00
46965120 |  2.57e-06 |     -- |  2.89e-01 |  4.55e-01 |     -- |  1.35e+00 |  2.21e+00
46990784 |  2.57e-06 |     -- |  2.89e-01 |  4.37e-01 |     -- |  1.36e+00 |  2.21e+00
47016448 |  2.72e-06 |     -- |  3.01e-01 |  4.61e-01 |     -- |  1.38e+00 |  2.27e+00
47042112 |  2.62e-06 |     -- |  3.10e-01 |  4.73e-01 |     -- |  1.36e+00 |  2.23e+00
47067776 |  2.79e-06 |     -- |  3.33e-01 |  4.97e-01 |     -- |  1.39e+00 |  2.29e+00
47093440 |  2.53e-06 |     -- |  3.11e-01 |  4.80e-01 |     -- |  1.33e+00 |  2.18e+00
47119104 |  2.84e-06 |     -- |  3.36e-01 |  5.16e-01 |     -- |  1.39e+00 |  2.31e+00
47144768 |  2.58e-06 |     -- |  2.96e-01 |  4.43e-01 |     -- |  1.35e+00 |  2.21e+00
47170432 |  2.60e-06 |     -- |  3.18e-01 |  4.76e-01 |     -- |  1.36e+00 |  2.22e+00
47196096 |  2.78e-06 |     -- |  3.12e-01 |  4.85e-01 |     -- |  1.38e+00 |  2.29e+00
47221760 |  2.77e-06 |     -- |  3.21e-01 |  5.01e-01 |     -- |  1.37e+00 |  2.29e+00
47247424 |  2.70e-06 |     -- |  2.90e-01 |  4.48e-01 |     -- |  1.37e+00 |  2.26e+00
47273088 |  2.38e-06 |     -- |  2.87e-01 |  4.35e-01 |     -- |  1.31e+00 |  2.13e+00
47298752 |  2.80e-06 |     -- |  3.40e-01 |  5.07e-01 |     -- |  1.39e+00 |  2.30e+00
47324416 |  2.77e-06 |     -- |  3.40e-01 |  5.09e-01 |     -- |  1.38e+00 |  2.28e+00
47350080 |  2.67e-06 |     -- |  3.12e-01 |  4.75e-01 |     -- |  1.37e+00 |  2.25e+00
47375744 |  2.55e-06 |     -- |  3.26e-01 |  4.99e-01 |     -- |  1.34e+00 |  2.19e+00
47401408 |  2.73e-06 |     -- |  3.37e-01 |  5.32e-01 |     -- |  1.37e+00 |  2.26e+00
47427072 |  2.76e-06 |     -- |  3.10e-01 |  4.76e-01 |     -- |  1.38e+00 |  2.28e+00
47452736 |  2.65e-06 |     -- |  3.18e-01 |  4.87e-01 |     -- |  1.36e+00 |  2.24e+00
47478400 |  2.74e-06 |     -- |  3.22e-01 |  4.99e-01 |     -- |  1.37e+00 |  2.27e+00
47504064 |  2.43e-06 |     -- |  2.83e-01 |  4.28e-01 |     -- |  1.32e+00 |  2.15e+00
47529728 |  2.70e-06 |     -- |  3.06e-01 |  4.79e-01 |     -- |  1.37e+00 |  2.26e+00
47555392 |  2.52e-06 |     -- |  3.11e-01 |  4.68e-01 |     -- |  1.34e+00 |  2.18e+00
47581056 |  2.79e-06 |     -- |  3.29e-01 |  4.96e-01 |     -- |  1.39e+00 |  2.29e+00
47606720 |  2.32e-06 |     -- |  2.87e-01 |  4.30e-01 |     -- |  1.30e+00 |  2.10e+00
47632384 |  2.79e-06 |     -- |  3.35e-01 |  5.00e-01 |     -- |  1.39e+00 |  2.29e+00
47658048 |  2.69e-06 |     -- |  3.23e-01 |  4.97e-01 |     -- |  1.36e+00 |  2.25e+00
47683712 |  2.48e-06 |     -- |  2.83e-01 |  4.34e-01 |     -- |  1.33e+00 |  2.17e+00
47709376 |  2.64e-06 |     -- |  3.25e-01 |  4.92e-01 |     -- |  1.36e+00 |  2.23e+00
47735040 |  2.72e-06 |     -- |  3.17e-01 |  4.80e-01 |     -- |  1.38e+00 |  2.27e+00
47760704 |  2.75e-06 |     -- |  3.32e-01 |  5.13e-01 |     -- |  1.37e+00 |  2.27e+00
47786368 |  3.44e-06 |     -- |  3.45e-01 |  5.73e-01 |     -- |  1.44e+00 |  2.53e+00
47812032 |  2.35e-06 |     -- |  2.88e-01 |  4.31e-01 |     -- |  1.30e+00 |  2.12e+00
47837696 |  2.42e-06 |     -- |  2.80e-01 |  4.28e-01 |     -- |  1.32e+00 |  2.14e+00
47863360 |  2.55e-06 |     -- |  2.84e-01 |  4.21e-01 |     -- |  1.35e+00 |  2.21e+00
47889024 |  2.80e-06 |     -- |  3.31e-01 |  5.13e-01 |     -- |  1.37e+00 |  2.29e+00
47914688 |  2.75e-06 |     -- |  3.19e-01 |  4.91e-01 |     -- |  1.38e+00 |  2.28e+00
47940352 |  2.62e-06 |     -- |  3.12e-01 |  4.72e-01 |     -- |  1.35e+00 |  2.22e+00
47966016 |  2.72e-06 |     -- |  3.06e-01 |  4.82e-01 |     -- |  1.37e+00 |  2.27e+00
47991680 |  2.65e-06 |     -- |  3.21e-01 |  4.83e-01 |     -- |  1.36e+00 |  2.23e+00
48017344 |  2.71e-06 |     -- |  3.15e-01 |  4.85e-01 |     -- |  1.37e+00 |  2.26e+00
48043008 |  2.80e-06 |     -- |  3.24e-01 |  4.89e-01 |     -- |  1.38e+00 |  2.30e+00
48068672 |  2.71e-06 |     -- |  3.30e-01 |  5.15e-01 |     -- |  1.37e+00 |  2.26e+00
48094336 |  2.50e-06 |     -- |  2.98e-01 |  4.57e-01 |     -- |  1.34e+00 |  2.18e+00
48120000 |  2.66e-06 |     -- |  3.15e-01 |  4.76e-01 |     -- |  1.35e+00 |  2.24e+00
48145664 |  2.51e-06 |     -- |  3.03e-01 |  4.73e-01 |     -- |  1.34e+00 |  2.18e+00
48171328 |  2.61e-06 |     -- |  3.01e-01 |  4.64e-01 |     -- |  1.35e+00 |  2.22e+00
48196992 |  2.63e-06 |     -- |  3.32e-01 |  5.21e-01 |     -- |  1.35e+00 |  2.22e+00
48222656 |  2.77e-06 |     -- |  3.32e-01 |  5.21e-01 |     -- |  1.37e+00 |  2.28e+00
48248320 |  2.49e-06 |     -- |  3.30e-01 |  4.92e-01 |     -- |  1.33e+00 |  2.17e+00
48273984 |  2.50e-06 |     -- |  2.89e-01 |  4.43e-01 |     -- |  1.33e+00 |  2.18e+00
48299648 |  2.71e-06 |     -- |  3.25e-01 |  4.99e-01 |     -- |  1.37e+00 |  2.26e+00
48325312 |  2.64e-06 |     -- |  3.10e-01 |  4.82e-01 |     -- |  1.35e+00 |  2.23e+00
48350976 |  3.26e-06 |     -- |  3.60e-01 |  5.70e-01 |     -- |  1.43e+00 |  2.47e+00
48376640 |  2.79e-06 |     -- |  3.07e-01 |  4.98e-01 |     -- |  1.36e+00 |  2.29e+00
48402304 |  2.82e-06 |     -- |  3.41e-01 |  5.48e-01 |     -- |  1.37e+00 |  2.29e+00
48427968 |  2.42e-06 |     -- |  2.85e-01 |  4.40e-01 |     -- |  1.32e+00 |  2.14e+00
48453632 |  2.61e-06 |     -- |  3.07e-01 |  4.76e-01 |     -- |  1.35e+00 |  2.22e+00
48479296 |  2.77e-06 |     -- |  3.28e-01 |  5.04e-01 |     -- |  1.37e+00 |  2.28e+00
48504960 |  2.53e-06 |     -- |  3.09e-01 |  4.69e-01 |     -- |  1.34e+00 |  2.19e+00
48530624 |  2.55e-06 |     -- |  2.97e-01 |  4.59e-01 |     -- |  1.34e+00 |  2.20e+00
48556288 |  2.61e-06 |     -- |  3.40e-01 |  5.21e-01 |     -- |  1.35e+00 |  2.21e+00
48581952 |  2.61e-06 |     -- |  2.95e-01 |  4.52e-01 |     -- |  1.36e+00 |  2.22e+00
48607616 |  3.08e-06 |     -- |  3.74e-01 |  5.63e-01 |     -- |  1.42e+00 |  2.40e+00
48633280 |  2.52e-06 |     -- |  2.91e-01 |  4.42e-01 |     -- |  1.33e+00 |  2.19e+00
48658944 |  2.44e-06 |     -- |  3.03e-01 |  4.60e-01 |     -- |  1.32e+00 |  2.15e+00
48684608 |  2.69e-06 |     -- |  3.21e-01 |  5.02e-01 |     -- |  1.36e+00 |  2.25e+00
48710272 |  2.81e-06 |     -- |  3.04e-01 |  4.70e-01 |     -- |  1.38e+00 |  2.30e+00
48735936 |  2.73e-06 |     -- |  3.32e-01 |  4.95e-01 |     -- |  1.36e+00 |  2.26e+00
48761600 |  2.38e-06 |     -- |  2.91e-01 |  4.47e-01 |     -- |  1.31e+00 |  2.12e+00
48787264 |  2.69e-06 |     -- |  3.23e-01 |  4.89e-01 |     -- |  1.36e+00 |  2.25e+00
48812928 |  2.80e-06 |     -- |  3.29e-01 |  5.27e-01 |     -- |  1.36e+00 |  2.29e+00
48838592 |  2.88e-06 |     -- |  3.30e-01 |  5.15e-01 |     -- |  1.37e+00 |  2.33e+00
48864256 |  2.59e-06 |     -- |  2.96e-01 |  4.71e-01 |     -- |  1.34e+00 |  2.21e+00
48889920 |  2.98e-06 |     -- |  3.59e-01 |  5.65e-01 |     -- |  1.40e+00 |  2.35e+00
48915584 |  2.39e-06 |     -- |  2.98e-01 |  4.58e-01 |     -- |  1.31e+00 |  2.12e+00
48941248 |  2.65e-06 |     -- |  3.04e-01 |  4.59e-01 |     -- |  1.35e+00 |  2.24e+00
48966912 |  2.58e-06 |     -- |  3.22e-01 |  5.02e-01 |     -- |  1.34e+00 |  2.21e+00
48992576 |  2.71e-06 |     -- |  2.91e-01 |  4.74e-01 |     -- |  1.36e+00 |  2.27e+00
49018240 |  2.54e-06 |     -- |  3.04e-01 |  4.61e-01 |     -- |  1.34e+00 |  2.19e+00
49043904 |  2.56e-06 |     -- |  3.26e-01 |  5.00e-01 |     -- |  1.34e+00 |  2.19e+00
49069568 |  2.76e-06 |     -- |  3.23e-01 |  5.03e-01 |     -- |  1.37e+00 |  2.28e+00
49095232 |  2.36e-06 |     -- |  2.85e-01 |  4.36e-01 |     -- |  1.31e+00 |  2.12e+00
49120896 |  2.63e-06 |     -- |  3.07e-01 |  4.64e-01 |     -- |  1.35e+00 |  2.23e+00
49146560 |  3.13e-06 |     -- |  3.46e-01 |  5.51e-01 |     -- |  1.42e+00 |  2.42e+00
49172224 |  2.43e-06 |     -- |  2.98e-01 |  4.57e-01 |     -- |  1.31e+00 |  2.14e+00
49197888 |  2.73e-06 |     -- |  3.33e-01 |  5.12e-01 |     -- |  1.36e+00 |  2.26e+00
49223552 |  2.50e-06 |     -- |  3.00e-01 |  4.62e-01 |     -- |  1.33e+00 |  2.18e+00
49249216 |  2.65e-06 |     -- |  3.27e-01 |  5.03e-01 |     -- |  1.35e+00 |  2.23e+00
49274880 |  2.56e-06 |     -- |  3.01e-01 |  4.78e-01 |     -- |  1.33e+00 |  2.20e+00
49300544 |  3.04e-06 |     -- |  3.84e-01 |  5.91e-01 |     -- |  1.41e+00 |  2.38e+00
49326208 |  2.32e-06 |     -- |  2.67e-01 |  4.12e-01 |     -- |  1.29e+00 |  2.10e+00
49351872 |  3.19e-06 |     -- |  3.59e-01 |  5.76e-01 |     -- |  1.43e+00 |  2.44e+00
49377536 |  2.42e-06 |     -- |  2.96e-01 |  4.57e-01 |     -- |  1.31e+00 |  2.14e+00
49403200 |  2.43e-06 |     -- |  3.00e-01 |  4.57e-01 |     -- |  1.32e+00 |  2.14e+00
49428864 |  2.66e-06 |     -- |  3.31e-01 |  5.05e-01 |     -- |  1.36e+00 |  2.24e+00
49454528 |  2.47e-06 |     -- |  2.87e-01 |  4.50e-01 |     -- |  1.32e+00 |  2.17e+00
49480192 |  2.61e-06 |     -- |  3.13e-01 |  4.82e-01 |     -- |  1.35e+00 |  2.22e+00
49505856 |  2.70e-06 |     -- |  3.21e-01 |  4.90e-01 |     -- |  1.36e+00 |  2.25e+00
49531520 |  2.55e-06 |     -- |  3.11e-01 |  4.72e-01 |     -- |  1.34e+00 |  2.19e+00
49557184 |  2.55e-06 |     -- |  3.10e-01 |  4.83e-01 |     -- |  1.34e+00 |  2.19e+00
49582848 |  2.58e-06 |     -- |  3.21e-01 |  4.94e-01 |     -- |  1.34e+00 |  2.21e+00
49608512 |  2.82e-06 |     -- |  3.36e-01 |  5.29e-01 |     -- |  1.37e+00 |  2.30e+00
49634176 |  2.56e-06 |     -- |  3.20e-01 |  4.81e-01 |     -- |  1.33e+00 |  2.19e+00
49659840 |  2.51e-06 |     -- |  2.96e-01 |  4.86e-01 |     -- |  1.32e+00 |  2.17e+00
49685504 |  2.83e-06 |     -- |  3.19e-01 |  5.04e-01 |     -- |  1.39e+00 |  2.30e+00
49711168 |  2.51e-06 |     -- |  2.98e-01 |  4.57e-01 |     -- |  1.33e+00 |  2.18e+00
49736832 |  2.66e-06 |     -- |  3.44e-01 |  5.33e-01 |     -- |  1.35e+00 |  2.23e+00
49762496 |  2.85e-06 |     -- |  3.19e-01 |  4.87e-01 |     -- |  1.38e+00 |  2.32e+00
49788160 |  2.72e-06 |     -- |  3.27e-01 |  4.98e-01 |     -- |  1.36e+00 |  2.26e+00
49813824 |  2.56e-06 |     -- |  2.99e-01 |  4.59e-01 |     -- |  1.34e+00 |  2.20e+00
49839488 |  2.61e-06 |     -- |  3.03e-01 |  4.63e-01 |     -- |  1.35e+00 |  2.22e+00
49865152 |  3.08e-06 |     -- |  3.67e-01 |  6.12e-01 |     -- |  1.41e+00 |  2.39e+00
49890816 |  2.71e-06 |     -- |  3.22e-01 |  5.16e-01 |     -- |  1.35e+00 |  2.25e+00
49916480 |  3.18e-06 |     -- |  3.16e-01 |  5.09e-01 |     -- |  1.40e+00 |  2.45e+00
49942144 |  2.22e-06 |     -- |  2.69e-01 |  4.11e-01 |     -- |  1.27e+00 |  2.05e+00
49967808 |  2.40e-06 |     -- |  2.85e-01 |  4.33e-01 |     -- |  1.31e+00 |  2.14e+00
49993472 |  2.75e-06 |     -- |  3.22e-01 |  4.97e-01 |     -- |  1.37e+00 |  2.28e+00
50019136 |  2.89e-06 |     -- |  3.22e-01 |  5.47e-01 |     -- |  1.36e+00 |  2.31e+00
50044800 |  2.49e-06 |     -- |  3.05e-01 |  4.55e-01 |     -- |  1.33e+00 |  2.17e+00
50070464 |  3.54e-06 |     -- |  3.15e-01 |  5.37e-01 |     -- |  1.44e+00 |  2.58e+00
50096128 |  2.60e-06 |     -- |  3.01e-01 |  4.78e-01 |     -- |  1.32e+00 |  2.21e+00
50121792 |  2.14e-06 |     -- |  2.68e-01 |  4.01e-01 |     -- |  1.26e+00 |  2.02e+00
50147456 |  2.38e-06 |     -- |  2.86e-01 |  4.33e-01 |     -- |  1.31e+00 |  2.13e+00
50173120 |  2.67e-06 |     -- |  3.21e-01 |  4.94e-01 |     -- |  1.37e+00 |  2.25e+00
50198784 |  2.72e-06 |     -- |  3.42e-01 |  5.16e-01 |     -- |  1.37e+00 |  2.26e+00
50224448 |  2.61e-06 |     -- |  3.32e-01 |  5.01e-01 |     -- |  1.35e+00 |  2.22e+00
50250112 |  2.34e-06 |     -- |  2.72e-01 |  4.14e-01 |     -- |  1.31e+00 |  2.11e+00
50275776 |  2.66e-06 |     -- |  3.17e-01 |  4.87e-01 |     -- |  1.35e+00 |  2.24e+00
50301440 |  2.58e-06 |     -- |  3.10e-01 |  4.89e-01 |     -- |  1.33e+00 |  2.20e+00
50327104 |  2.45e-06 |     -- |  3.13e-01 |  4.79e-01 |     -- |  1.32e+00 |  2.15e+00
50352768 |  2.55e-06 |     -- |  2.97e-01 |  4.60e-01 |     -- |  1.34e+00 |  2.20e+00
50378432 |  2.63e-06 |     -- |  3.05e-01 |  4.72e-01 |     -- |  1.35e+00 |  2.23e+00
50404096 |  2.55e-06 |     -- |  3.20e-01 |  4.89e-01 |     -- |  1.33e+00 |  2.19e+00
50429760 |  2.83e-06 |     -- |  3.40e-01 |  5.23e-01 |     -- |  1.38e+00 |  2.30e+00
50455424 |  2.62e-06 |     -- |  3.23e-01 |  5.12e-01 |     -- |  1.33e+00 |  2.21e+00
50481088 |  2.41e-06 |     -- |  2.99e-01 |  4.55e-01 |     -- |  1.31e+00 |  2.14e+00
50506752 |  2.37e-06 |     -- |  2.93e-01 |  4.47e-01 |     -- |  1.31e+00 |  2.12e+00
50532416 |  2.54e-06 |     -- |  2.92e-01 |  4.48e-01 |     -- |  1.34e+00 |  2.19e+00
50558080 |  2.48e-06 |     -- |  2.97e-01 |  4.62e-01 |     -- |  1.33e+00 |  2.17e+00
50583744 |  2.78e-06 |     -- |  3.41e-01 |  5.13e-01 |     -- |  1.37e+00 |  2.28e+00
50609408 |  2.55e-06 |     -- |  3.07e-01 |  4.63e-01 |     -- |  1.34e+00 |  2.19e+00
50635072 |  2.55e-06 |     -- |  3.11e-01 |  4.83e-01 |     -- |  1.34e+00 |  2.19e+00
50660736 |  2.54e-06 |     -- |  3.25e-01 |  5.03e-01 |     -- |  1.33e+00 |  2.18e+00
50686400 |  2.69e-06 |     -- |  3.08e-01 |  4.84e-01 |     -- |  1.35e+00 |  2.25e+00
50712064 |  2.37e-06 |     -- |  3.03e-01 |  4.56e-01 |     -- |  1.31e+00 |  2.12e+00
50737728 |  2.70e-06 |     -- |  3.18e-01 |  5.23e-01 |     -- |  1.35e+00 |  2.25e+00
50763392 |  2.40e-06 |     -- |  2.87e-01 |  4.45e-01 |     -- |  1.31e+00 |  2.13e+00
50789056 |  2.91e-06 |     -- |  3.65e-01 |  5.79e-01 |     -- |  1.38e+00 |  2.33e+00
50814720 |  2.60e-06 |     -- |  3.21e-01 |  5.34e-01 |     -- |  1.33e+00 |  2.21e+00
50840384 |  2.33e-06 |     -- |  2.80e-01 |  4.22e-01 |     -- |  1.30e+00 |  2.10e+00
50866048 |  2.42e-06 |     -- |  2.99e-01 |  4.66e-01 |     -- |  1.31e+00 |  2.14e+00
50891712 |  2.56e-06 |     -- |  3.14e-01 |  4.77e-01 |     -- |  1.34e+00 |  2.20e+00
50917376 |  2.59e-06 |     -- |  3.15e-01 |  4.77e-01 |     -- |  1.35e+00 |  2.21e+00
50943040 |  2.48e-06 |     -- |  3.07e-01 |  4.87e-01 |     -- |  1.32e+00 |  2.16e+00
50968704 |  2.41e-06 |     -- |  2.96e-01 |  4.59e-01 |     -- |  1.31e+00 |  2.14e+00
50994368 |  2.52e-06 |     -- |  2.87e-01 |  4.44e-01 |     -- |  1.33e+00 |  2.19e+00
51020032 |  2.71e-06 |     -- |  3.63e-01 |  5.49e-01 |     -- |  1.36e+00 |  2.25e+00
51045696 |  2.84e-06 |     -- |  3.42e-01 |  5.36e-01 |     -- |  1.38e+00 |  2.31e+00
51071360 |  2.33e-06 |     -- |  2.69e-01 |  4.22e-01 |     -- |  1.29e+00 |  2.11e+00
51097024 |  2.51e-06 |     -- |  2.96e-01 |  4.46e-01 |     -- |  1.33e+00 |  2.18e+00
51122688 |  2.78e-06 |     -- |  3.37e-01 |  5.12e-01 |     -- |  1.37e+00 |  2.28e+00
51148352 |  2.46e-06 |     -- |  3.15e-01 |  5.12e-01 |     -- |  1.31e+00 |  2.15e+00
51174016 |  2.82e-06 |     -- |  3.17e-01 |  5.08e-01 |     -- |  1.37e+00 |  2.30e+00
51199680 |  2.34e-06 |     -- |  2.90e-01 |  4.57e-01 |     -- |  1.29e+00 |  2.10e+00
51225344 |  2.30e-06 |     -- |  2.75e-01 |  4.20e-01 |     -- |  1.29e+00 |  2.09e+00
51251008 |  2.88e-06 |     -- |  3.34e-01 |  5.28e-01 |     -- |  1.38e+00 |  2.32e+00
51276672 |  2.50e-06 |     -- |  3.03e-01 |  4.65e-01 |     -- |  1.32e+00 |  2.17e+00
51302336 |  2.38e-06 |     -- |  3.06e-01 |  4.74e-01 |     -- |  1.30e+00 |  2.12e+00
