step,epoch_est,q0_mean,q0_std,q0_abs_mean,q1_norm_mean,q1_norm_std,q2_norm_mean,q2_norm_std,sr_energy_sum,sr_energy_mean,lr_energy_sum,lr_energy_mean,e_total_sum,e_long_over_e_total,f_long_over_f_total
4005,2.0025,0.37593046976846156,0.409275438532817,0.5064612122669231,0.0016071522390414942,0.0014756316775689235,0.007277037921295146,0.006045584722374509,-2.056283585739,-0.15817566044146153,1.91038890183,0.14695299244846155,-0.14589468390900007,13.094300975500797,
8010,4.005,0.23824898898615385,0.05114110956436483,0.23824898898615385,0.011662005000269956,0.010479870062004572,0.08094367011485788,0.07144609319686107,-1.425229433926,-0.10963303337892308,1.484249789281,0.11417306071392308,0.05902035535499994,25.14809984374757,
12015,6.0075,0.20397310818692307,0.25054750152273453,0.20397310818692305,0.0254299281263618,0.02267185869358013,0.18542944367104103,0.24202129094601366,-1.013589527455,-0.07796842518884615,1.150765195488,0.08852039965292308,0.13717566803300008,8.388989184373155,
16020,8.01,0.22994119043615385,0.06249494656211634,0.22994119043615385,0.030784319287813146,0.0401322577768891,0.20809900889936303,0.3097261446282031,-0.44076247866415,-0.03390480605108846,0.9986669926454,0.0768205378958,0.55790451398125,1.7900321069618792,
20025,10.0125,0.18584391704461542,1.1070263171953254,1.0530735804446152,0.04882093366866654,0.0703950640382552,0.28083796637593783,0.4290166104928045,-0.6670304276110001,-0.05131003289315385,1.0326580936,0.07943523796923077,0.365627665989,2.8243434227186404,
24030,12.015,0.1539491323307692,1.3962592006555319,1.2972436317923077,0.10019000739882009,0.1937830058762382,0.4023902922879483,0.6969589684666758,-1.044863201694,-0.080374092438,0.784558640794,0.06035066467646154,-0.2603045609000001,3.0140026670350966,
28035,14.0175,0.03285981142307694,1.7414807064810511,1.556752984330769,0.15064880638298211,0.2817618240634924,0.509145378660617,0.9787649674279743,0.1779636480050001,0.013689511385000009,0.658544074742,0.05065723651861539,0.8365077227470001,0.787254028665047,
32040,16.02,0.27927233623076925,2.4834499825690144,2.3095638935384617,0.17295424308645962,0.34794405945025486,0.47709997514628727,0.8918773237444789,-0.383241187787,-0.02948009136823077,0.720346206806,0.05541124667738462,0.33710501901900003,2.1368599284052774,
36045,18.0225,0.41185841194615386,3.6590080156820917,3.402756690976923,0.21482978057068733,0.4304034298645678,0.5298855794898363,0.9392720584302132,-0.82539011102542,-0.06349154700195539,0.525551771748,0.04042705936523077,-0.29983833927742,1.7527837601239606,
40050,20.025,0.6227843578,4.57068767264056,4.292346844307692,0.22349417536148394,0.4550018462820465,0.5947341744750315,1.1173454260354991,-0.17076060362299997,-0.013135431047923075,0.471657881514,0.03628137550107692,0.30089727789100007,1.5675046474991972,
44055,22.0275,-0.16902619141538455,6.2024344255094,5.434893351338461,0.2518772065861308,0.5006277502589496,0.6205544575823031,1.1437010009058421,-0.087602840736,-0.006738680056615385,0.555384365841,0.042721874295461544,0.46778152510500004,1.1872729811557572,
48060,24.03,-0.7339849105153847,7.6364389010882645,6.489525391484616,0.3319467093429248,0.6616786300691552,0.7213373737293819,1.2827815150304456,-0.37781804892299997,-0.029062926840230766,0.58864962123,0.045280740094615385,0.210831572307,2.792037334772823,
52065,26.0325,-0.6055665016307693,8.241827850991369,7.075922562523077,0.3902518488298042,0.8232517547669541,0.7480292939717231,1.388595948153696,-0.4277050397443,-0.03290038767263846,0.6478312767523,0.04983317513479231,0.220126237008,2.942998915339456,
56070,28.035,-0.9596038597999998,9.014485830182853,7.625107214969232,0.4678287033414413,0.9885771032205785,0.9245785208787647,1.7593320331609987,-0.17818735155549995,-0.013706719350423073,0.534477941687,0.04111368782207692,0.3562905901315001,1.500118039855429,
60075,30.0375,-1.1558816983692308,9.699918359004059,8.15776652563077,0.5144830755335715,1.0851643230430317,0.9161479953235102,1.655827330883477,-0.04425856657150001,-0.0034045051208846165,0.693068820985,0.05331298622961538,0.6488102544134999,1.0682149615707108,
64080,32.04,-1.4694494467846155,10.607328096916763,8.841935781369232,0.5866819765139515,1.2335922976590714,1.010817522998156,1.885784306741679,-0.10095792543170003,-0.007765994263976925,0.52328084880815,0.040252372985242306,0.42232292337644994,1.2390538610230926,
68085,34.0425,-1.4498005279923076,10.821675826696529,9.039577594161539,0.7600685514828647,1.6305304542431611,1.1663276671931015,2.2579359536733032,0.3141729566288,0.024167150509907694,0.426503185179,0.03280793732146154,0.7406761418078001,0.5758295172543499,
72090,36.045,-2.061494020346154,12.390673953505868,10.195861889807691,0.8011474615876583,1.7182031060231011,1.093679600936447,2.0300702009859353,-0.222510823966,-0.017116217228153846,0.49047519417601004,0.037728861090462314,0.26796437021001007,1.8303746643317278,
76095,38.0475,-2.005947149723077,12.61570405134821,10.416782049046153,0.9974247502470589,2.1828936293830488,1.2500878253099912,2.4284644598557708,0.10849591304341002,0.008345839464877694,0.4027882800483,0.03098371384986923,0.51128419309171,0.7877972475790017,
80100,40.05,-2.1001647802615384,12.820823164086482,10.562467501738464,1.0788403489190923,2.3681135107319595,1.2610251408536781,2.351820094379701,0.19199503120630002,0.01476884855433077,0.342338990417,0.026333768493615385,0.5343340216233,0.6406834986418766,
84105,42.0525,-2.329199387384615,13.261027967322669,10.864837242923075,1.1095275681164591,2.408301596081411,1.2971996618343615,2.324400124887991,-0.17591407149800004,-0.01353185165369231,0.26041049876612,0.020031576828163075,0.08449642726811996,3.0819113563204046,
88110,44.055,-2.0963362547615385,13.29776694429531,10.986969397700003,1.3101519235107542,2.88020839814765,1.4320933822134339,2.6712057353829204,-0.414828196156,-0.031909861242769226,0.20443732291170003,0.015725947916284618,-0.21039087324429995,0.9717024306197597,
92115,46.0575,-2.3831477899076923,13.666201973334633,11.20341238609231,1.1509996509940665,2.5280260510373345,1.3228550580427507,2.4542792208953133,-0.025357995176999992,-0.001950615013615384,0.3662845427225,0.028175734055576922,0.3409265475455,1.074379643825231,
96120,48.06,-2.5812087058615387,13.916072743997484,11.348862904753846,1.2164772155848835,2.619190403828233,1.4709295182814406,2.7040127070742384,0.015319913620000014,0.0011784548938461549,0.2278334135207,0.0175256471939,0.2431533271407,0.9369948427185815,
100125,50.0625,-2.3162985582076923,13.680825851958952,11.242104457023078,1.4506240172957612,3.149837606799577,1.5738622932402135,3.003639643574263,0.15480890125100003,0.011908377019307694,0.272131202746,0.020933169442,0.426940103997,0.6373990173289324,
104130,52.065,-2.7799125451076923,14.520741577144229,11.808675582584614,1.4243637682952452,3.111821913326554,1.5939805259764188,2.9066564503890504,0.13901832328000002,0.010693717175384617,0.285381139254,0.02195239532723077,0.424399462534,0.6724352042060778,
108135,54.0675,-2.5532322297,14.486310426357571,11.86534892599231,1.3212891579936987,2.876769121160469,1.5182505042030203,2.899239885090913,0.16383619233700003,0.012602784025923078,0.1423536590337,0.01095028146413077,0.30618985137070004,0.46491958631690344,
112140,56.07,-2.685989453307692,14.897385987202206,12.178849073615385,1.4045938087668328,3.083755956250876,1.5003317045061746,2.952372894472552,-0.075320586563,-0.005793891274076923,0.206925775859,0.01591736737376923,0.13160518929599999,1.5723223146892225,
116145,58.0725,-2.4404436257615383,14.752511469962998,12.144816031776923,1.354756948656537,2.8464566727838143,1.4643068855705061,2.5635318856310305,-0.03472954035599998,-0.002671503104307691,0.2280003195671,0.017538486120546155,0.19327077921110003,1.1796936945034338,
120150,60.075,-2.6777788674923078,14.892799253517651,12.177913775738462,1.4218631346324588,3.0829156755004186,1.6223602619290025,2.976179031697808,0.19440257176699996,0.01495404398207692,0.096831295643,0.007448561203307692,0.29123386740999996,0.33248638458205343,
124155,62.0775,-2.756600710146154,15.10720401329598,12.337774606930768,1.4010218187257624,3.055788620153244,1.596299687917322,3.020811059606701,-0.015008866793999986,-0.0011545282149230758,0.18237258912740004,0.014028660702107695,0.16736372233340005,1.089678136843188,
128160,64.08,-2.717997881092308,15.096995936840855,12.343577788446156,1.7352785437343452,3.802116395887832,1.8837434910428086,3.430200343836449,-0.29400506244,-0.022615774033846157,0.03942811489500002,0.0030329319150000015,-0.254576947545,0.15487700388909156,
132165,66.0825,-2.680158761792308,14.973143799925973,12.248290135284616,1.791828245107323,3.936729990062687,1.82878924561845,3.514391412251031,0.267788663493,0.020599127961,0.1213358500931,0.009333526930238461,0.3891245135861,0.3118175438881789,
136170,68.085,-2.7745221211615383,14.973227101194794,12.21207039176154,1.8297547779765893,4.074902226870085,1.9190336121345237,3.629011191103972,0.028511922796000025,0.0021932248304615404,0.027433216567000013,0.0021102474282307703,0.05594513936300004,0.49035924978217654,
140175,70.0875,-2.8880289884769232,15.535515517003285,12.667094560753846,1.9459309724451528,4.3182236572716235,1.9234902984390867,3.5628409642170293,-0.05301926657560008,-0.004078405121200006,0.09162405808610001,0.007048004468161539,0.03860479151049993,2.3733856472500214,
144180,72.09,-2.504869461038462,15.017938782532582,12.355439259423077,1.6471971826874063,3.559975840735323,1.755090487658638,3.2659839088726295,0.11084363982800004,0.00852643383292308,0.09319095872210001,0.007168535286315386,0.20403459855010003,0.45674096150519916,
148185,74.0925,-2.8140426782461536,14.87771759454208,12.112148504984614,1.7080462752332504,3.7300449619113754,1.8123732102889605,3.488561180458133,0.04588262733900003,0.003529432872230772,0.0302089937065,0.0023237687466538463,0.07609162104550003,0.3970081500620958,
152190,76.095,-2.7517917705999997,14.906461382629903,12.161591126323076,1.5497924630339683,3.351990646239256,1.6601913849671506,3.0815799727839446,0.21911758557299998,0.01685519889023077,0.0587755907347,0.004521199287284615,0.2778931763077,0.21150426043430492,
156195,78.0975,-2.6050746624384615,14.737089734344673,12.067820328946151,1.5821306743693595,3.4114062798649503,1.8297797733275252,3.3711334544173885,0.17511845379800006,0.01347065029215385,0.1144994464652,0.008807649728092308,0.28961790026320006,0.39534658030855396,
160200,80.1,-2.534772212669231,14.64646860708458,12.014479930561539,1.5298814253763988,3.287138249730953,1.5521124352963314,2.9522261110928794,0.303684745001,0.023360365000076926,0.0166167821686,0.0012782140129692307,0.32030152716960003,0.05187856054086621,
164205,82.1025,-2.910472833215384,15.111317197626539,12.282242738323077,1.7588939292949617,3.7941024496545674,1.8660856239024015,3.575518996187574,0.23976417630299993,0.01844339817715384,0.0009346436700000196,7.189566692307844e-05,0.24069881997299994,0.0038830421773769475,
168210,84.105,-2.7994848765,14.925221163564997,12.159877740423077,1.8883133116174415,4.148960479507242,1.9869766482639493,3.8074947188525865,-0.104903642095,-0.008069510930384615,0.01695047132899999,0.001303882409923076,-0.08795317076600001,0.19272154922187887,
172215,86.1075,-2.569998227607692,14.776481645214705,12.11625289916154,1.7790310619818566,3.8678237623326153,1.8830242165359397,3.490682657763263,0.16281479224700002,0.012524214788230771,-0.014922171828999992,-0.0011478593714615377,0.14789262041800003,-0.10089869113701777,
176220,88.11,-2.6021393262230768,14.753153424354192,12.083199501007691,2.0330556390581447,4.387285691339155,2.2122958749083828,4.185638845835121,-0.006060786543000046,-0.000466214349461542,-0.031040432858999992,-0.002387725604538461,-0.037101219402000035,-0.8366418505728865,
180225,90.1125,-2.9952686750153847,14.991880267879745,12.143708962676925,1.696012288509709,3.6663810864209414,1.8166126063296026,3.3138122651479516,-0.06889718955920004,-0.005299783812246157,0.06219793111,0.004784456239230769,-0.006699258449200045,9.284300879215523,
184230,92.115,-2.670594252146154,14.562374959460207,11.887615680776921,1.80938691127588,3.957438326953036,1.8377618143099967,3.4277935766605956,0.011169070399000003,0.0008591592614615387,0.01762613095799998,0.0013558562275384602,0.028795201356999985,0.6121204272709538,
188235,94.1175,-2.9239059595692307,14.952204795150475,12.1359797992,1.8824924177417526,4.108728388348698,1.9492416296075172,3.6482276369728948,0.11678078957400001,0.008983137659538462,-0.02964080311200002,-0.0022800617778461554,0.087139986462,-0.3401515689347253,
192240,96.12,-2.8780781672769233,14.86718701901433,12.078196305492307,1.9175736864032804,4.1629164133118,1.993500643900627,3.738783349527716,-0.159531360485,-0.01227164311423077,-0.04664955241519998,-0.003588427108861537,-0.20618091290019996,-0.22625543634963088,
196245,98.1225,-2.6083188423769235,14.653469403721777,11.992416161776923,1.8332235289770853,3.9141903240689864,1.9615957573943217,3.708006982585315,0.015285842126999988,0.0011758340097692299,0.023926181717999977,0.001840475516769229,0.039212023844999964,0.6101746192080537,
200250,100.125,-2.881532155461538,14.578526955182438,11.820864824076923,1.861032334852621,4.021838827367439,1.9048473541209887,3.5553542758258185,0.10131132604500005,0.007793178926538465,0.08435984700399998,0.006489219000307691,0.18567117304900005,0.4543508053441165,
204255,102.1275,-2.399245408853846,14.194336160024632,11.66561324776154,1.795760525613584,3.898068153356898,1.9571419664130618,3.736432284203945,0.09605889394000008,0.007389145687692314,0.1271087252522,0.00977759425016923,0.22316761919220007,0.5695661660607193,
208260,104.13,-2.5131660974999996,14.03019367496155,11.47623696696154,1.7123549573313743,3.6357731564455333,1.7820131750634818,3.287151874962702,0.09098149184300003,0.006998576295615387,0.074097677132,0.005699821317846154,0.16507916897500002,0.44886146200082655,
212265,106.1325,-2.540901954392308,13.787151535122222,11.249973994069231,1.7638073378136307,3.8112520212655623,1.8362396182277645,3.3662995209849176,0.03410436586600002,0.0026234127589230783,0.014087806459700002,0.0010836774199769232,0.04819217232570002,0.29232561596289003,
216270,108.135,-2.6869538380461533,13.93898537379116,11.328338696415384,1.8251891029838303,3.960467651197894,1.9809698921631882,3.811146653991195,0.0985228605570001,0.0075786815813077,0.0726536987402,0.005588746056938461,0.1711765592972001,0.42443719536421587,
220275,110.1375,-2.7602944741076922,14.258052650967494,11.583279462969232,1.8572043900676347,4.005031834009254,1.9776610713435783,3.859346755695597,0.23908092825399999,0.018390840634923074,0.006032524632999997,0.00046404035638461516,0.24511345288699998,0.024611152761905147,
224280,112.14,-2.298732500784615,13.812656909837116,11.365798326600002,1.5671154358794097,3.3586043618831347,1.764983811584944,3.2672991209981386,0.0022137425800000388,0.00017028789076923374,0.1303602112427,0.01002770855713077,0.13257395382270004,0.9833018287818388,
228285,114.1425,-2.620718772615385,13.870033382133176,11.29284693646154,1.7940300607919402,3.8003266479678905,2.0362138595230017,3.900943318940603,0.007049128885500022,0.0005422406835000018,0.12261994276180001,0.009432303289369231,0.12966907164730002,0.94563754644073,
232290,116.145,-2.5986724266846153,13.886244043221186,11.315696129469229,1.8140155226969488,3.8942983043171275,2.0090750836485634,3.805245070152298,-0.16057654471200009,-0.012352041900923084,0.09330642596,0.007177417381538461,-0.06727011875200009,1.3870411958686455,
236295,118.1475,-2.3280157676615385,13.49785802597097,11.075348267261537,1.6893181270723447,3.639961663441032,1.8520976391640447,3.512228640364014,0.012424703227099959,0.0009557464020846123,0.104196168481,0.008015089883153846,0.11662087170809995,0.8934607240957796,
240300,120.15,-2.0458773465615385,13.237595304304177,10.953050136515385,1.605248772012847,3.4534073380052805,1.777930770841484,3.4025203187500077,0.06810987181300004,0.005239220908692311,0.1485584620373,0.01142757400286923,0.21666833385030004,0.685649164311854,
244305,122.1525,-2.263958344169231,12.881301814401898,10.553138072753846,1.7396727643318002,3.753251829055593,1.9434138978985636,3.8205830584085305,-0.08846087567099997,-0.0068046827439230744,0.07824107259799998,0.006018544045999998,-0.010219803072999994,7.655829768844316,
248310,124.155,-2.335956977038461,13.349470448737543,10.940696606346155,1.7957814191462185,3.828786261227239,1.9628058592373774,3.82043697827748,-0.22366134287220008,-0.01720471868247693,0.09586881473600001,0.007374524210461539,-0.12779252813620007,0.750191080294021,
252315,126.1575,-2.3498022005999997,13.146793047500529,10.75562957616923,1.7174390127282373,3.6463876375033832,1.8651108731432946,3.54389460653759,0.012341677213369956,0.0009493597856438427,0.1577896541005,0.012137665700038462,0.17013133131386995,0.9274579401803352,
256320,128.16,-2.4365769533230766,12.947897249665088,10.545862821446152,1.7153752343189526,3.6410786731470046,1.9082657445935298,3.592320912374956,-0.06964472867600002,-0.005357286821230771,0.14947705250200002,0.011498234807846156,0.079832323826,1.8723875911190493,
260325,130.1625,-2.2843586114538463,13.189102206942637,10.818324235776922,1.7713384960309602,3.774015358005781,1.9928439456701499,3.716866375652409,-0.012455769826999974,-0.0009581361405384595,0.1461611755701,0.011243167351546153,0.13370540574310003,1.093158311421846,
264330,132.165,-2.6645280030769234,13.787222845399995,11.202538600307692,1.7321319455717377,3.723272201452837,1.9803287010523414,3.8683598956080028,-0.15790661798699995,-0.012146662922076919,0.146574150775,0.011274934674999999,-0.011332467211999958,12.934001752045003,
268335,134.1675,-2.358782328123077,12.928788519136923,10.558834296030767,1.6119097301608496,3.4161768765703986,1.8200453887561738,3.397632423149819,-0.012932789861510002,-0.0009948299893469232,0.1822078265233,0.014015986655638461,0.16927503666179,1.0764010459932707,
272340,136.17,-2.687210596553846,13.028613405762997,10.521048399138465,1.9147442202847342,4.131743717856721,2.1034350657735765,4.1087765596393595,0.1456820741273,0.011206313394407693,0.19235800345943002,0.014796769496879232,0.33804007758673005,0.5690390465907914,
276345,138.1725,-2.6275868415307695,12.872752920769011,10.405753612469233,1.6533546519037483,3.4917008265440677,1.8585902212842815,3.5687027292440745,-0.03399579582392004,-0.002615061217224618,0.14295442117190002,0.010996493936300002,0.10895862534797998,1.3120064677334908,
280350,140.175,-2.1865194027307693,12.593964947224054,10.328130795423077,1.7962959752735612,3.865445754024591,2.010348316526625,3.8687889991972737,-0.09770808928699998,-0.007516006868230767,0.14244853984260003,0.01095757998789231,0.04474045055560005,3.1838870211102535,
284355,142.1775,-2.236561188307692,12.47194708099089,10.200678825384616,1.4370435691180985,2.9927790541598602,1.6914307330874914,3.1329389579255533,-0.20000075176600005,-0.015384673212769234,0.2188756368103,0.016836587446946154,0.01887488504429996,11.596130853067018,
288360,144.18,-2.099215874276923,12.477640103793336,10.25853582526154,1.8090479240619226,3.9430721001854048,1.9919618782215638,3.8893413055957677,0.07156253512910002,0.005504810394546155,0.16450836602200003,0.012654489694000003,0.23607090115110005,0.6968599908749636,
292365,146.1825,-2.2607859465153846,12.728173077166375,10.418566153638459,1.590035817215278,3.292806099091145,1.8138799706044657,3.349030369238636,-0.1896193181238,-0.014586101394138462,0.20944451051260002,0.016111116193276924,0.01982519238880001,10.564563833989476,
296370,148.185,-2.313237557123077,12.47853353662234,10.176980385492307,1.6614044154455736,3.558298524087147,1.9604504946116657,3.8136576801116586,0.1259455257209999,0.009688117363153838,0.224556654694,0.017273588822615385,0.3505021804149999,0.6406712061765821,
300375,150.1875,-2.2199295117692306,12.151268855609356,9.922608999153848,1.7405908643767523,3.7506071372764023,2.090134780053572,4.090007259257291,-0.15560678392100002,-0.011969752609307695,0.1683958617573,0.012953527827484617,0.012789077836299984,13.167162160772236,
304380,152.19,-2.088693362,11.908714535821193,9.758001877692308,1.7384875897932528,3.7218637748314314,1.973940203579094,3.8251187758912617,-0.18547354080099993,-0.014267195446230764,0.1696306965307,0.013048515117746155,-0.015842844270299916,10.707086028024738,
308385,154.1925,-2.1510265422769232,12.093494299084727,9.897930108492307,1.6904224849777303,3.595179724496048,1.92612332051536,3.6471399058712195,-0.13178332522900005,-0.010137178863769235,0.11431005131,0.008793080869999999,-0.017473273919000054,6.541993895357055,
312390,156.195,-2.2552245214076923,12.218512990866845,9.968734887976924,1.7623754346995102,3.786559747254981,2.020434772111673,3.8591207571594732,-0.030600000181999987,-0.002353846167846153,0.08706472069099999,0.006697286206999999,0.056464720509000005,1.5419313140339126,
316395,158.1975,-2.272563127384615,11.79917101185385,9.59016411123077,1.7576272296689077,3.8115281305835733,2.092304379018524,4.170644560069885,0.05828712695899996,0.004483625150692305,0.12154043465689997,0.009349264204376921,0.1798275616158999,0.6758721164028376,
320400,160.2,-2.2014861841076927,12.105864368854567,9.889467936353848,1.3253285548797018,2.742378293573867,1.5540870060551997,2.855287180605931,0.2454208997,0.018878530746153845,0.272253603679,0.020942584898384613,0.517674503379,0.5259165786646394,
324405,162.2025,-2.1265854101923076,11.527873602808437,9.405714218423077,1.6334549572339867,3.486728496293542,1.9296574425395288,3.753174552425752,-0.29602333530400005,-0.022771025792615387,0.2212198423171,0.01701691094746923,-0.07480349298690003,2.9573464217217924,
328410,164.205,-1.9229019972461538,11.26198469072199,9.248227669676924,1.6346121396048032,3.411074711215469,1.9247513533614198,3.6272575605624864,0.15173658170100007,0.011672044746230775,0.2109447023828,0.016226515567907693,0.36268128408380007,0.5816255529029718,
332415,166.2075,-2.399240310361539,11.82548227967518,9.564781225638463,1.5796541010378429,3.36945362596292,1.9145040552625772,3.7790432963067198,-0.001668229696000001,-0.0001283253612307693,0.2537042805934,0.0195157138918,0.2520360508974,1.0066190122010725,
336420,168.21,-2.125483879684615,11.579707938116474,9.452110877392307,1.4636234868101508,3.0803253928402152,1.7684745573194276,3.3321856875762146,-0.23240138014168,-0.017877029241667692,0.25898814149013,0.01992216473001,0.026586761348450005,9.74124445229689,
340425,170.2125,-2.1161329563153846,11.445944757830867,9.33705219860769,1.5724618578912226,3.2957591510352975,1.924505846338147,3.68528518804339,0.00202890484099999,0.0001560696031538454,0.2767107097926,0.021285439214815384,0.2787396146336,0.9927211464230983,
344430,172.215,-2.0305849221153847,11.596345841527956,9.503340060807691,1.6552707384637826,3.6159863490441024,1.9618573867210845,3.9156177033550637,0.021273003188600037,0.0016363848606615412,0.2058988520931,0.015838373237930768,0.22717185528170003,0.9063572238637534,
348435,174.2175,-2.2098106971230767,11.42496926020681,9.28241377610769,1.6275652894004453,3.4560889869526608,1.9568149238664405,3.6683411099069514,-0.02157959713499988,-0.001659969010384606,0.25357262505262,0.01950558654250923,0.23199302791762014,1.0930183002855702,
352440,176.22,-1.9869304437000002,11.379432518152365,9.32775009599231,1.6386832572441052,3.512793594881565,1.9440763174882403,3.704588977214679,-0.0029652882430001026,-0.0002280990956153925,0.214123908431,0.01647106987930769,0.21115862018799988,1.0140429419379613,
356445,178.2225,-1.9012857583769232,11.099475187022284,9.11240841793077,1.5162548723094247,3.1683819305907504,1.8003915984881955,3.430216889225108,-0.13324129394300005,-0.010249330303307696,0.23355207271952003,0.017965544055347695,0.10031077877651998,2.328284911832309,
360450,180.225,-2.0860287226,11.103474673549373,9.044915456015385,1.6074971187103808,3.474481246592537,1.935754594023136,3.849040993640317,-0.06423286349299989,-0.00494098949946153,0.21892162878129998,0.01684012529086923,0.15468876528830008,1.4152393573850457,
364455,182.2275,-1.802246130376923,10.95113616259339,9.01893729423846,1.5415821318486407,3.267534257095839,1.7999155347021802,3.438257822898194,-0.16515977866779993,-0.012704598359061533,0.23077130970410004,0.017751639208007694,0.0656115310363001,3.5172370779828923,
368460,184.23,-1.7877542422384614,10.637381369276827,8.746259065761537,1.7110232957615379,3.706716877749351,1.9474657270216522,3.904073887492457,-0.18615388682699996,-0.014319529755923073,0.22720366623170002,0.017477205094746154,0.04104977940470006,5.534832818265668,
372465,186.2325,-1.770478652069231,10.562380319900083,8.686401183776923,1.4065588915727287,2.9722162936513485,1.7427629913456262,3.363850004173629,0.09600821881900001,0.00738524760146154,0.3026579839621,0.023281383381699997,0.3986662027811,0.7591764284274775,
376470,188.235,-2.1357395465692304,10.826179916843689,8.779856461738461,1.632209716687715,3.5164287321829573,1.93099284340335,3.751057698581049,-0.17078872444840004,-0.013137594188338465,0.23587217647440004,0.01814401357495385,0.065083452026,3.624149751309629,
380475,190.2375,-1.8695073861000002,10.271525046030321,8.390387058207692,1.5521496172268692,3.336156540648008,1.8895814619425846,3.7260143795366383,-0.16291808657493,-0.012532160505763846,0.2873031624531,0.022100243265623078,0.12438507587816999,2.3097880547542657,
384480,192.24,-1.7208407842692313,10.15388275272495,8.343226762961539,1.4507808844978578,3.064602990276692,1.7698959455808132,3.3728896451667145,-0.39953912002159986,-0.03073377846319999,0.3049952387809,0.023461172213915384,-0.09454388124069985,3.2259648618022223,
388485,194.2425,-2.0360616170923076,10.611763633663843,8.628034921830768,1.5701764155593982,3.392671219603228,1.841713435581243,3.647030744777882,0.08047397434699999,0.006190305718999999,0.2859098312949,0.02199306394576154,0.3663838056419,0.7803560825893749,
392490,196.245,-1.8983354568384618,10.42466359171569,8.515090869007693,1.3248478573577576,2.814972787597503,1.6692556145904154,3.240214624919047,-0.057302141556,-0.00440785704276923,0.34025901089960003,0.026173770069200002,0.28295686934360004,1.2025119294291347,
396495,198.2475,-2.034144915076923,10.24679549773475,8.30510785030769,1.4521820569399355,3.0687774945796726,1.8782495591395627,3.6506559161743257,-0.06549896417090001,-0.005038381859300001,0.2971399519595,0.022856919381499998,0.23164098778859998,1.282760684092211,
400500,200.25,-1.8916724277769235,10.031876227862371,8.169314897915383,1.310913884179141,2.74615782107309,1.5868873387120044,2.9825181053900622,-0.07630310928660006,-0.005869469945123081,0.3991170576743,0.030701312128792308,0.32281394838769994,1.2363686874984718,
404505,202.2525,-1.7998478230076922,9.833005937542424,8.028251501300002,1.568670936815103,3.4028765631955116,1.82185441347315,3.6354613102836977,-0.04008782562020008,-0.0030836788938615445,0.336324732755,0.025871133288846156,0.29623690713479994,1.1353235355038274,
408510,204.255,-1.7714234865307692,9.789990442737219,8.001036717315385,1.4127877494010361,3.01210591462714,1.7912233108162672,3.450367516228821,-0.1644274313088,-0.01264826394683077,0.25749826617210003,0.019807558936315386,0.09307083486330003,2.766691268540855,
412515,206.2575,-1.6699912364230771,9.607288104933945,7.8780020566538465,1.5066415423542214,3.2330337839499275,1.8000786335024297,3.5098026325941136,-0.19950415613130007,-0.015346473548561545,0.3034371272629,0.02334131748176154,0.10393297113159994,2.919546357225638,
416520,208.26,-1.7652197617846153,9.54079807714301,7.782395876369232,1.2813583923161256,2.6853852606816133,1.656261007156615,3.1825414481233483,-0.2372677810440001,-0.018251367772615393,0.36837034812010006,0.02833618062462308,0.13110256707609996,2.809787453713819,
420525,210.2625,-1.6590689512923076,9.503259008162102,7.789939256861538,1.4295520602228602,3.03394744001369,1.8269753721595061,3.559242669823571,-0.25799898896099993,-0.019846076073923073,0.30703038466005,0.023617721896926923,0.04903139569905007,6.261914030442302,
424530,212.265,-1.5078094555692305,9.386893099737385,7.744907929353847,1.425312728770051,3.0083882527528187,1.8091020838558192,3.534985216869594,-0.18746074567699994,-0.014420057359769227,0.2678249842776,0.020601921867507693,0.08036423860060005,3.3326388570500343,
428535,214.2675,-1.6538458970923078,9.36013213090106,7.6649944232153855,1.3539705027617204,2.8616738193550453,1.7018101225178588,3.310409219327633,-0.286901824176,-0.02206937109046154,0.364044545219,0.02800342655530769,0.07714272104299996,4.719104282257281,
432540,216.27,-1.7252759565999998,9.082421433700047,7.391271407707692,1.3652533273482563,2.907204860237507,1.7128537070048675,3.380859971570273,-0.47004172300780006,-0.03615705561598462,0.3752562827371,0.028865867902853844,-0.09478544027070007,3.9590076457459746,
436545,218.2725,-1.734954393753846,9.444480557771852,7.708575468707692,1.4256781922793766,3.022053958056849,1.846751521138228,3.6566093017254193,0.012424083425000065,0.0009556987250000051,0.34359303384578,0.026430233372752306,0.35601711727078006,0.9651025672017042,
440550,220.275,-1.4817866178692307,8.9354591505865,7.354581062592308,1.4467592018453845,3.0539973634414745,1.8446431545657507,3.618222848685445,-0.10663960503050002,-0.008203046540807694,0.36470603197859996,0.028054310152199998,0.25806642694809995,1.4132254097970924,
444555,222.2775,-1.7059191557076923,9.050591280005778,7.370442133676923,1.2869129610321897,2.7482455576385307,1.654838419608667,3.2681295249165543,-0.07404515799150002,-0.00569578138396154,0.382390654654,0.029414665742615385,0.3083454966625,1.2401369852744963,
448560,224.28,-1.5298139865384617,8.936174999144708,7.336726482076925,1.2533676657450177,2.614954082471981,1.6619225383293796,3.1948096086271605,-0.148006688805,-0.011385129908076923,0.3686816874006,0.028360129800046152,0.22067499859559997,1.6706998515777995,
452565,226.2825,-1.4454103615846157,8.77787836004211,7.228796445338462,1.3046761113409542,2.76177883571637,1.6634756726156232,3.255095731434678,-0.08598382816600009,-0.006614140628153853,0.4531333823814,0.034856414029338464,0.3671495542153999,1.2341929254135904,
456570,228.285,-1.4801259407384615,8.7492422717691,7.189989310030769,1.2121205835804523,2.5056233507268533,1.5877144482699863,3.0320109534662643,-0.17501027881700004,-0.013462329139769235,0.46662285970309997,0.03589406613100769,0.2916125808860999,1.6001465310077165,
460575,230.2875,-1.2027870324692311,8.592510107132375,7.157660484300001,1.3582189442494088,2.9209573741363277,1.7565495403982136,3.445081511064785,-0.11660962923599993,-0.008969971479692303,0.33079985168299997,0.025446142437153842,0.21419022244700003,1.5444208792717147,
464580,232.29,-1.3834767525692309,8.448364947407565,6.960392970353846,1.4070036071296965,2.959557898055682,1.7774180826239774,3.4316975085385675,-0.028006888689499992,-0.002154376053038461,0.2876644665346,0.022128035887276923,0.2596575778451,1.1078608562936207,
468585,234.2925,-1.3693799605461539,8.51261782265988,7.022783829607693,1.3848389020638803,2.9078995818974134,1.7444530020573148,3.343029359910392,-0.24771532277090003,-0.019055024828530772,0.3579172669038,0.02753209745413846,0.11020194413289996,3.2478307866525786,
472590,236.295,-1.3309469956769233,8.40059242157677,6.938246506938461,1.3726715552933113,2.9257648823462916,1.6974258927367447,3.2778620941483276,-0.05475211143300007,-0.004211700879461544,0.3595875543507,0.0276605811039,0.30483544291769993,1.179612025783308,
476595,238.2975,-1.276793443215385,8.351852667807396,6.915827200938462,1.2856921046711667,2.7179546876455056,1.6336182303522362,3.16020931525732,-0.27984988530391003,-0.021526914254146927,0.38269765301270003,0.029438281000976927,0.10284776770879,3.7210107865082263,
480600,240.3,-1.3823055487076923,8.470469267969596,6.980425944676923,1.2845629102647513,2.705186263391695,1.59950308793845,3.0948460411397827,-0.19702770841059997,-0.015155977570046152,0.419339234017,0.032256864155153844,0.22231152560640005,1.8862685273431807,
484605,242.3025,-1.3001914023923078,8.391697950258557,6.942140469146153,1.3710935585342834,2.897594678774705,1.7024915904551916,3.326770291135164,-0.31774942390650013,-0.024442263377423088,0.339204903692,0.026092684899384617,0.021455479785499887,15.809709551274755,
488610,244.305,-1.3777309380692306,8.159894454968414,6.706757123623078,1.197371764773289,2.4912454572060363,1.568723267648353,3.0058083455123317,-0.13994655851400006,-0.010765119885692313,0.3848900366563,0.02960692589663846,0.24494347814229994,1.5713422524060758,
492615,246.3075,-1.4147128325000002,7.999540307845273,6.550316810576924,1.2804190585385273,2.706152614377441,1.6809909601988506,3.270545718678608,-0.26928027067279997,-0.020713866974830766,0.3211933849404,0.024707183456953847,0.051913114267600036,6.187133819110192,
496620,248.31,-1.3237212437923076,7.9798046454049745,6.567785391438462,1.3206237706332782,2.8215877414869928,1.730930023833775,3.482983442932048,0.010013058777100015,0.0007702352905461549,0.326139809567,0.025087677659,0.3361528683441,0.9702127819809342,
500625,250.3125,-1.2088075234692306,7.663481247664199,6.3314764133,1.336641381955349,2.8870249597881,1.6578994710441841,3.3211353052069863,-0.06276976317000005,-0.004828443320769234,0.27222078783250003,0.0209400606025,0.20945102466249998,1.299687066564341,
504630,252.315,-1.346432539076923,7.598832049582994,6.221241510769231,1.317655717580912,2.8179203420473447,1.6832230351711048,3.3150535079654238,-6.11217720000723e-05,-4.70167476923633e-06,0.2940768655412,0.022621297349323076,0.2940157437691999,1.0002078860513268,
508635,254.3175,-1.177464448446154,7.74671864012011,6.4172885234,1.313375128394051,2.7975523507738234,1.6586749432168484,3.2005766115283114,0.10309664159799997,0.007930510892153844,0.282821071332,0.021755467025538464,0.38591771293,0.7328533048787521,
512640,256.32,-1.0628387927538463,7.3852262508125675,6.14083288263077,1.29093983496366,2.739545472820681,1.737111237837465,3.4147162544273675,-0.008055106046700067,-0.0006196235420538513,0.3027754677473,0.023290420595946156,0.29472036170059995,1.0273313523375867,
516645,258.3225,-1.2015737754384617,7.47108230158963,6.16362201256154,1.2027382718669402,2.5362819736122155,1.5964592947927159,3.0963339028656827,-0.2856705784879999,-0.0219746598836923,0.356932871514,0.027456374731846152,0.07126229302600007,5.008719988616883,
520650,260.325,-1.2853260590692308,7.622688465794707,6.265861602930769,1.337682295779827,2.8942781988249315,1.6420837055197874,3.304954355928523,-0.10695771918489999,-0.008227516860376923,0.379670929162,0.029205456089384615,0.2727132099771,1.3921985267742671,
524655,262.3275,-1.0371071376153846,7.525491589375971,6.275093702230769,1.2678931685214736,2.7577418220858982,1.6243316486845552,3.1963369941843975,-0.31853208715630005,-0.02450246824279231,0.32401350978300003,0.024924116137153847,0.005481422626699983,59.11120740895471,
528660,264.33,-1.1262930724230769,7.308686615970993,6.04853905173077,1.1488463723021645,2.420139353732463,1.5250063626387924,2.986985147164968,-0.17857322748389998,-0.013736402114146153,0.355881615553,0.02737550888869231,0.17730838806910004,2.007133556559699,
532665,266.3325,-1.1526300174,7.132926640812065,5.8825567502923075,1.1211111101528979,2.3489267155110842,1.5203615933278176,2.8932274618847624,-0.16880346834200005,-0.01298488218015385,0.33760653412119995,0.025969733393938457,0.1688030657791999,2.0000023848073982,
536670,268.335,-1.0704132410230771,6.871350739489142,5.682214058361538,1.2504907644805314,2.6673615784028595,1.6169542435568138,3.1655905094037395,-0.06463153660899995,-0.0049716566622307655,0.310004280873,0.023846483144076926,0.24537274426400008,1.2634014499159774,
540675,270.3375,-1.1781956783076921,7.075321183317703,5.82162385723077,1.2496104139354034,2.662851986710362,1.650717066935968,3.228217040721752,-0.20356921037109998,-0.01565917002854615,0.33562326338500004,0.025817174106538464,0.13205405301390005,2.5415597304663735,
544680,272.34,-1.157612873969231,6.99586022825902,5.759086902338462,1.1103068742428401,2.302269516475248,1.491715920240325,2.9127501133597984,-0.09652601881510003,-0.0074250783703923105,0.34615948051699996,0.026627652347461537,0.24963346170189993,1.3866709941729154,
548685,274.3425,-1.054046924276923,6.865637881837208,5.683384088338461,1.156430430439311,2.43379076822592,1.5983915290043045,3.09036885911069,-0.18628957960730003,-0.014329967662100002,0.372844685805,0.028680360446538464,0.1865551061977,1.9985766854855285,
552690,276.345,-1.041699097723077,6.8961736961798135,5.715220616430769,1.2363158940910652,2.6619665495505878,1.6837225507245699,3.3635465540155147,-0.19585760100849997,-0.015065969308346151,0.310946999121,0.023918999932384614,0.11508939811250002,2.7017866477766175,
556695,278.3475,-1.116243490753846,6.693076041551127,5.5064478837076924,1.236283533968272,2.635219163831122,1.6153701703077563,3.2553960184304493,-0.13225360254061008,-0.01017335404158539,0.352817576377,0.02713981356746154,0.22056397383638993,1.5996156137389566,
560700,280.35,-1.1175359762538462,6.575035162297538,5.401271214823077,1.2097688173345045,2.594173316924588,1.583489711995143,3.123786210130515,-0.14821788016300003,-0.011401375397153848,0.3474140400189,0.02672415692453077,0.1991961598559,1.7440800077181304,
564705,282.3525,-0.8888384562230769,6.391114079391028,5.326091711315384,1.1343183557905747,2.383628630018026,1.5704597654292298,3.1000327687974747,-0.29082962963250003,-0.02237150997173077,0.350057598206,0.026927507554307693,0.05922796857349999,5.910342809944425,
568710,284.355,-0.8799506883692307,6.36633830805958,5.307521434861538,1.1630673491881915,2.480286010153514,1.5978398203957789,3.170845686122136,-0.1990411886977,-0.015310860669053846,0.33915595710900004,0.026088919777615387,0.14011476841130005,2.4205582391816423,
572715,286.3575,-0.9659310487615385,6.29781021694278,5.2137055397,1.0043391574604428,2.109595168752983,1.380674865807986,2.7337923436601748,-0.28033684379799995,-0.02156437259984615,0.4352032467673,0.03347717282825385,0.15486640296930004,2.810185026726375,
576720,288.36,-0.9179786902153848,6.173626448662065,5.121978209569231,1.067603562093786,2.2340481373790944,1.4674817981439696,2.884124220308908,-0.15440116054939995,-0.011877012349953843,0.366101786493,0.028161675884076923,0.21170062594360006,1.7293372887359082,
580725,290.3625,-0.8336802812769231,6.250252252525124,5.222324756476923,1.0546205580451509,2.2254553629071925,1.42031080767399,2.816732308716926,-0.17374051919389993,-0.013364655322607687,0.31137987505599996,0.023952298081230766,0.13763935586210002,2.262288086904224,
584730,292.365,-1.0466969196384615,6.224955213466735,5.118020387746155,1.0643407011789763,2.2521898679182715,1.452925535463657,2.8384277982481714,-0.03732847375760001,-0.002871421058276924,0.35034509004,0.02694962231076923,0.31301661628239996,1.1192539686900285,
588735,294.3675,-0.986318478223077,5.927983516285232,4.8778714033153845,1.0759408771161825,2.2927841624734833,1.4620420257283098,2.8760580988607396,-0.1544421627141801,-0.011880166362629238,0.371185388417,0.028552722185923078,0.2167432257028199,1.712558199747097,
592740,296.37,-0.9227818892692308,5.991117948976675,4.958315464161538,1.0372395273688608,2.1922833306566862,1.4133479447466069,2.774759893163444,-0.03391725575572996,-0.0026090196735176893,0.3890915014811,0.029930115498546152,0.35517424572537004,1.095494693559385,
596745,298.3725,-0.9472485689153844,6.0675984391318085,5.01668816346923,1.1706646150418536,2.529879541593499,1.5504242855867714,3.0730120224246527,-0.30767624640099994,-0.023667403569307688,0.359165091996,0.027628083999692306,0.051488845595000055,6.9755903020454895,
600750,300.375,-0.8882572467615385,5.798897166862614,4.8011010977,1.0554228266649932,2.255104788828318,1.4023078801089233,2.755991596603452,-0.12136252183909002,-0.009335578603006925,0.35421202424660003,0.027247078788200003,0.23284950240751,1.5212058457685402,
604755,302.3775,-0.9499437992384614,5.819416242657132,4.7956060629615385,0.9687540407453468,2.0039501340133006,1.4172052129001889,2.7463176691558977,-0.09508167858789995,-0.007313975275992304,0.341044730509,0.026234210039153848,0.24596305192110007,1.386568949463191,
608760,304.38,-0.8311226184538463,5.552515203818793,4.60459782526923,1.1016055276041816,2.328122963542487,1.3867470750855682,2.734623850838196,-0.26266524939999997,-0.020205019184615383,0.34080966055655,0.026216127735119228,0.07814441115655002,4.361280039256954,
612765,306.3825,-0.8603241810384616,5.388159319151148,4.447603170684615,1.026738020136544,2.176548964073644,1.437697313634246,2.836740866807566,-0.261103720401,-0.020084901569307693,0.365236935204,0.028095148861846157,0.10413321480300003,3.5074009372989963,
616770,308.385,-0.9054776338461539,5.457935487085905,4.4921056674,1.0328345813223037,2.1929636666261203,1.390848434181885,2.733417562459335,-0.08439163119700016,-0.006491663938230781,0.360414613041,0.027724201003153846,0.2760229818439998,1.3057413213682905,
620775,310.3875,-0.856829239753846,5.396085045914474,4.456010855169231,1.1318015020937944,2.4100704653951643,1.558397537408136,3.136138197287073,-0.25067034921899994,-0.019282334555307687,0.326424198223,0.025109553709461538,0.07575384900400006,4.309011390375209,
624780,312.39,-0.7986928683076923,5.1617637814637,4.270530829076923,0.9979828726164539,2.088607318814576,1.4063511516872376,2.778550545631593,-0.01915685459700006,-0.0014736041997692355,0.299745560624,0.023057350817230766,0.2805887060269999,1.0682737907318218,
628785,314.3925,-0.7848573281307692,5.16838353313215,4.2817436181461535,1.0455663824679746,2.2324981577707224,1.389578969324558,2.729748557455813,-0.15405419469899995,-0.011850322669153842,0.3180456059103,0.024465046608484618,0.16399141121130006,1.9394040429379793,
632790,316.395,-0.786219303423077,5.34413385844422,4.437045830946153,0.9582760645408052,1.9954965699186267,1.2948292823417928,2.4883026832161534,-0.18622515164000014,-0.014325011664615396,0.3687377525471,0.028364442503623077,0.18251260090709986,2.0203413392524605,
636795,318.3975,-0.6730506420230771,5.1715727580282795,4.3275187749,0.9591055749806248,2.0176535608151713,1.353358266802122,2.6342659078353803,-0.1592543483635,-0.0122503344895,0.254169190303,0.019551476177153845,0.0949148419395,2.6778656015147857,
640800,320.4,-0.7730240271615384,4.866854180685617,4.018879248530769,1.073494791386595,2.2755944539793167,1.4077627059522135,2.751802959882835,-0.20813652127799992,-0.016010501636769224,0.24699520133599995,0.018999630871999997,0.03885868005800003,6.356242697058616,
644805,322.4025,-0.7178251376615385,4.901085036578128,4.070445372507692,1.0125917452800737,2.1154396777783524,1.4704742430554205,2.8891232751165874,-0.19810041926220012,-0.01523849378940001,0.3014038437989,0.023184911061453848,0.10330342453669988,2.9176558778244797,
648810,324.405,-0.7582129881999998,5.260981806920582,4.374040511938461,0.9727174155535804,2.055557400956066,1.34093661374031,2.68004235330301,-0.08280675997289988,-0.006369750767146145,0.26484802877610003,0.020372925290469232,0.18204126880320015,1.4548790530702136,
652815,326.4075,-0.7122084544307691,5.120503549913192,4.267115886400001,0.9940053019524957,2.125748067374,1.4038319505406807,2.7801319052249442,-0.0034416029302999918,-0.0002647386869461532,0.2970156134115,0.022847354877807695,0.2935740104812,1.011723118557596,
656820,328.41,-0.6981553848,4.8838328242688736,4.062687818815385,0.912995271969224,1.901766204485312,1.3287241916131238,2.6121158218797063,-0.04728347157609997,-0.003637190121238459,0.279007439385,0.021462110721923076,0.23172396780890003,1.204050845595282,
660825,330.4125,-0.590145679623077,4.685491155185791,3.9283458453,0.8875781436009118,1.8598227307216648,1.257460501651829,2.4262495983815224,-0.25331419334,-0.01948570718,0.293282050638,0.022560157741384614,0.03996785729800001,7.337947802687832,
664830,332.415,-0.6126204820615384,4.694308138466064,3.9274816696461534,0.9298450571441019,1.9686860012202383,1.310585936704856,2.5855314015704565,0.12254317943000004,0.00942639841769231,0.29854948538799997,0.02296534502984615,0.421092664818,0.7089876180033573,
668835,334.4175,-0.686621922723077,4.832799368487474,4.021863974046154,0.9939434304423536,2.11109314536197,1.423297830724729,2.847779954152244,-0.14657153841899984,-0.011274733724538449,0.23549103923300002,0.018114695325615385,0.08891950081400019,2.6483621374077986,
672840,336.42,-0.5841757517538462,4.77598608093608,4.010830237323077,0.9364577077239317,1.9741365966785012,1.3529541470072306,2.709429049464178,-0.015595109191499978,-0.0011996237839615369,0.231353814715,0.01779644728576923,0.21575870552350002,1.0722803242337835,
676845,338.4225,-0.3881075382230769,4.4411955207236895,3.7893476302846145,0.8730446267780892,1.8002065627195718,1.2522580153989888,2.4598205421046133,-0.1649011215311001,-0.01268470165623847,0.298631366343,0.022971643564846156,0.13373024481189993,2.2330877114824994,
680850,340.425,-0.5435765156384615,4.514940530288949,3.7949952528999997,0.9112418754473066,1.9256581843189633,1.3098827617156756,2.5929828743161356,0.022005110965999997,0.0016927008435384612,0.277587236833,0.021352864371769233,0.299592347799,0.9265498230256419,
684855,342.4275,-0.4541183435,4.394732339888429,3.7227557439,0.9367854333546621,1.9752334675477106,1.3301260011058953,2.6256965912143846,-0.17918520604900012,-0.013783477388384625,0.241221193691,0.018555476437769232,0.062035987641999885,3.88840740447384,
688860,344.43,-0.5226759176846154,4.416100061894902,3.715360384730769,0.9588295624855797,2.030784910737185,1.3121731416843896,2.6139984822175277,-0.21218752488300002,-0.01632211729869231,0.23193611495671002,0.017841239612054617,0.019748590073709993,11.744439177228728,
692865,346.4325,-0.5224987726923078,4.346070687290048,3.6533180566923074,0.9234665195728188,1.927920052911178,1.3641329717415724,2.6822370251476015,0.1347890868749999,0.010368391298076917,0.24248358374110002,0.0186525833647,0.3772726706160999,0.6427276678830607,
696870,348.435,-0.6504310461153846,4.448837104027152,3.6952800017000005,0.9201371602748234,1.947320639415139,1.3500094659873338,2.6755354038057737,-0.06233113118379996,-0.004794702398753843,0.21598919527280003,0.016614553482523078,0.15365806408900007,1.405648291570934,
700875,350.4375,-0.6364289980692307,4.311562895791075,3.5789091953923067,0.8504988910323065,1.791280195235419,1.2469240840979312,2.4680860257694137,0.059628784675000046,0.0045868295903846185,0.266572233295,0.020505556407307692,0.32620101797000006,0.817202334173942,
704880,352.44,-0.4254050805000001,4.334761320246969,3.6806237697615387,0.9287339399929484,1.956518938910009,1.292690290273153,2.5548442702188634,-0.07590509021599995,-0.005838853093538458,0.2405823883582,0.018506337566015385,0.16467729814220006,1.460932326873953,
708885,354.4425,-0.40413392506153833,4.167234371895789,3.5402306960307692,0.8579960269848882,1.7986723849023238,1.2638626438802059,2.5033841846165132,-0.02264715593650002,-0.0017420889181923092,0.2315432913632,0.017811022412553848,0.2088961354267,1.1084134749081882,
712890,356.445,-0.5854145930307693,4.249478231649025,3.543470749492307,0.9012296434177742,1.8977705953996968,1.2768337211276268,2.508112229689057,-0.11253263243299988,-0.00865635634099999,0.23180527472829998,0.017831174979099997,0.1192726422953001,1.9434907307107943,
716895,358.4475,-0.5230636963538462,4.248911034640901,3.5669521551846155,0.9313665290890152,1.9596109723607107,1.3408433981633239,2.670155101510103,-0.11107788885670011,-0.008544452988976933,0.1775675294896,0.013659040729969232,0.06648964063289989,2.670604440020652,
720900,360.45,-0.4818662863538462,4.238041548799719,3.5731354126461543,0.9111935366035028,1.9108649356572927,1.333712038490038,2.6368587231490013,-0.0812615090929999,-0.006250885314846146,0.21276842057859996,0.01636680158296923,0.13150691148560006,1.6179257666004725,
724905,362.4525,-0.4535780686461539,3.9596178674260147,3.337114407476923,0.8975294791168646,1.8758891239532167,1.3125030725406117,2.594213378496519,0.11552344961500005,0.00888641920115385,0.1922338041522,0.014787215704015385,0.3077572537672001,0.6246280202955455,
728910,364.455,-0.4368479251923076,3.9770219589513696,3.358974878592307,0.8659938676879688,1.8050679994029182,1.299627313928372,2.553293533436006,-0.08379388413500016,-0.0064456833950000125,0.2234754264308,0.01719041741775385,0.13968154229579985,1.5998923176088085,
732915,366.4575,-0.3866446201538461,3.9072893390925127,3.316446340984615,0.8825756323952739,1.865960653507032,1.289672078448544,2.5503988414455785,0.016735115552000024,0.0012873165809230787,0.1881539374572,0.0144733798044,0.20488905300920002,0.9183210849666597,
736920,368.46,-0.33324335171538466,3.7984795486052856,3.2404554257000004,0.9537208900458651,2.0382734924747625,1.327655464268788,2.666647860939037,-0.156943058606,-0.012072542969692308,0.19323735590889998,0.014864411992992306,0.036294297302899986,5.324179561769886,
740925,370.4625,-0.41246434359230766,3.9360769138923013,3.331993708238462,0.8413740527922002,1.7559273609814514,1.2446628766611743,2.451810299054618,-0.09217232559090005,-0.0070901788916076965,0.2083510172113,0.016027001323946154,0.11617869162039995,1.7933668756751209,
744930,372.465,-0.32815815851538466,3.893196771447045,3.3263721466076928,0.8893157513131583,1.8899446532845512,1.250700455264599,2.5210689641133395,0.052298290907199896,0.004022945454399992,0.2033246573998,0.015640358261523078,0.2556229483069999,0.7954084668314274,
748935,374.4675,-0.42229456168461543,3.825816357369361,3.2304349862384614,0.8129028202241517,1.7043658969659008,1.174029758220652,2.3078621605591296,-0.02721227752409988,-0.0020932521172384523,0.1967418505842,0.015133988506476922,0.1695295730601001,1.160516404500428,
752940,376.47,-0.39347611023076917,3.7563907874688773,3.179961507138461,0.8793941403578392,1.8603249812572091,1.2314128012863388,2.478066546366125,-0.01615776772400007,-0.001242905209538467,0.2229110179461,0.01714700138046923,0.20675325022209992,1.0781500058966085,
756945,378.4725,-0.34179610473076927,3.750401407305038,3.1945143112692307,0.8942071793660857,1.9118374290259983,1.2749287176721877,2.5284232806388705,0.03181239218590004,0.00244710709122308,0.181304013354,0.013946462565692309,0.21311640553990005,0.850727624157756,
760950,380.475,-0.4508066635846154,3.8185253695524564,3.213029595523077,0.8593541236563684,1.8092546387904633,1.2376111992986258,2.475614721637817,-0.031027242549000078,-0.002386710965307698,0.2014966625779,0.015499743275223077,0.17046942002889992,1.1820106066163656,
764955,382.4775,-0.47022637953076923,3.8044556689498332,3.193067972484615,0.8366209700565878,1.7717329137190412,1.2017087822582726,2.392294463217715,0.02528187609650001,0.0019447596997307702,0.21026816172279997,0.01617447397867692,0.23555003781929998,0.8926687665578098,
768960,384.48,-0.4260216309384615,3.659844469281068,3.081844201461538,0.854304424116136,1.8101044011194716,1.2184901601921874,2.423732983767149,-0.08663221447699987,-0.006664016498230759,0.1593166862157,0.0122551297089,0.07268447173870013,2.191894395111541,
772965,386.4825,-0.31994010852307686,3.426487496787877,2.9156977029999998,0.8445311119270296,1.7919605721098213,1.2147150200191916,2.4402735657447794,-0.05100887267800003,-0.0039237594367692325,0.1806386299427,0.013895279226361539,0.12962975726469997,1.3934966303596594,
776970,388.485,-0.36087536810769233,3.5792764337911906,3.0354239940615386,0.9253290251257558,1.9888685833463566,1.3164404590504486,2.685012752153758,0.16753602029499992,0.012887386176538455,0.12249093502639999,0.009422379617415384,0.2900269553213999,0.4223432780262059,
780975,390.4875,-0.34000570039230776,3.463470929920245,2.9407771459,0.8713214114433089,1.8541178822312911,1.295682419736546,2.6092631988066266,-0.015561215582700016,-0.0011970165832846168,0.1370581299982,0.010542933076784614,0.12149691441549998,1.1280791010830378,
784980,392.49,-0.413386629176923,3.7093940027697725,3.130630502330769,0.8375203499047069,1.789419707226224,1.1624300926723654,2.3712941220113573,0.015458360536299898,0.0011891046566384538,0.18163791298749998,0.013972147152884614,0.19709627352379988,0.9215694936290448,
788985,394.4925,-0.3446446657230769,3.5243968092376097,2.9929941892615384,0.8477533930566303,1.786848205959775,1.2567218976264176,2.484597523227785,-0.18041151203700007,-0.013877808618230774,0.1407852009863,0.0108296308451,-0.03962631105070005,3.5528212758985256,
792990,396.495,-0.4448388264615385,3.6534693097876625,3.0689392731846157,0.8610331683700196,1.8232041229499825,1.2305456934847494,2.4579575800414455,0.03208824805399996,0.0024683267733846123,0.17286849907059998,0.013297576851584614,0.20495674712459994,0.8434389279485761,
796995,398.4975,-0.345339316576923,3.4173406683080567,2.8977938615307695,0.8830990244999839,1.8587263149152526,1.239436981022264,2.4427186322216072,-0.10755208134199984,-0.00827323702630768,0.1400668118137,0.010774370139515385,0.03251473047170017,4.307795567784574,
801000,400.5,-0.3797250069153846,3.6072648372691494,3.052996351161539,0.8579814850833783,1.8129609208758986,1.2579327150790953,2.515646542572937,0.03253939189390004,0.0025030301456846183,0.14832395477732002,0.011409534982870772,0.18086334667122006,0.8200885226731355,
805005,402.5025,-0.34398837273076927,3.457927530577873,2.934262981776923,0.7942940172208617,1.6571862210932582,1.1792878038399957,2.3319871224073316,0.0060975844863997986,0.0004690449604922922,0.2127134515943,0.01636257319956154,0.2188110360806998,0.9721331035416745,
809010,404.505,-0.21978378294615378,3.3283196693083323,2.8671583762538457,0.8227805652545487,1.7344636300329266,1.1957989634838044,2.401439238897012,-0.051432318980999925,-0.0039563322293076865,0.1735412701906,0.0133493284762,0.12210895120960008,1.4212002352941049,
813015,406.5075,-0.23657097266923074,3.3096328554882706,2.8441015115,0.7733072411433562,1.611398448641111,1.1468883811377248,2.2720167225816486,-0.15999284758799998,-0.012307142122153844,0.1859715832397,0.014305506403053846,0.02597873565170003,7.158607937393218,
817020,408.51,-0.27830531963076927,3.369065135274511,2.8807488496461535,0.7914356238111172,1.6604009823420873,1.1508590728806647,2.299389310430514,0.08551816642510002,0.006578320494238463,0.19829143677060002,0.01525318744389231,0.28380960319570003,0.6986776858070893,
821025,410.5125,-0.2337648960230769,3.2309090089174237,2.7753493694076923,0.8202629929002604,1.7099453205640622,1.2043557274533268,2.3761789259224084,-0.10998605098499992,-0.00846046546038461,0.12318223016042,0.009475556166186155,0.013196179175420084,9.334689118943299,
825030,412.515,-0.30840399631538457,3.2696857012721505,2.781045519392308,0.7923704216842313,1.670164630425703,1.140757507816951,2.2813786277029875,0.1640430465261999,0.012618695886630761,0.17367091438016,0.013359301106166153,0.33771396090635986,0.5142544711923084,
829035,414.5175,-0.24174804871538458,3.2002502118946143,2.745090365407693,0.8007936908797947,1.6870416198424047,1.1407972435085136,2.271001261785998,0.20202191780462014,0.015540147523432319,0.16929524577760002,0.013022711213661541,0.37131716358222017,0.4559316465319095,
833040,416.52,-0.2651004240923077,3.2696009892323463,2.7975947857076924,0.7793631685063942,1.6417552416588566,1.1321454801216064,2.2653188372129764,0.09106370108490003,0.0070049000834538485,0.177798104477,0.013676777267461538,0.26886180556190004,0.6612992280752409,
837045,418.5225,-0.2052384706615385,3.111396613450212,2.6803081402461544,0.7908069664695966,1.641816840453977,1.1211287916149573,2.20583133852925,0.2500882670134001,0.019237559001030777,0.1477259018025,0.011363530907884615,0.3978141688159001,0.3713439927044539,
841050,420.525,-0.3237010057230769,3.2842611874613157,2.788087450523077,0.834870840867842,1.7593243592148387,1.178773927279519,2.336094104057169,0.11346313381380002,0.00872793337029231,0.12347545474439998,0.009498111903415384,0.2369385885582,0.5211285147588794,
845055,422.5275,-0.2883079877230771,3.3143195547623225,2.828309361753846,0.8160158717084276,1.7240440061158937,1.1525484371587846,2.2736822144648,0.008547434563999923,0.0006574949664615326,0.15912163164909998,0.012240125511469229,0.1676690662130999,0.9490219945929889,
849060,424.53,-0.32521248779999995,3.232512360087164,2.7416212283692305,0.8279068229961654,1.7717568499641374,1.147409729237136,2.3013904339973466,0.09807688741600012,0.007544375955076932,0.1467290455477,0.011286849657515384,0.24480593296370012,0.5993688297148297,
853065,426.5325,-0.29056456454615376,3.1934461525708313,2.7202858283,0.798487821549396,1.676747276318536,1.1371508058558306,2.2558234806358315,-0.10873507336499999,-0.008364236412692306,0.14439338026799997,0.01110718309753846,0.03565830690299998,4.04936164414054,
857070,428.535,-0.1974449341230769,3.2510531311563637,2.807119571246154,0.838889352384924,1.7668609248257083,1.2268232173423899,2.4866327198823552,-0.05610990152400003,-0.0043161462710769255,0.14382220804549997,0.011063246772730767,0.08771230652149994,1.6397038653891336,
861075,430.5375,-0.29431840089999994,3.2122523686400863,2.7354762187307693,0.7287432077973511,1.5331134830199076,1.0654853925909964,2.096871096821451,0.02238246239700009,0.0017217278766923148,0.17830590624460002,0.01371583894189231,0.2006883686416001,0.8884715514481466,
865080,432.54,-0.3077077773769231,3.153294909623298,2.6781036762076917,0.7792764276318314,1.6437844691908052,1.1140672201502804,2.236590968827805,0.02281986082460008,0.0017553739095846216,0.17631953325459998,0.013563041019584613,0.19913939407920006,0.885407601393402,
869085,434.5425,-0.2890646641076923,3.1398662697343305,2.673369077538462,0.7867511921513467,1.6564395817249755,1.1311352414120217,2.2713347507815946,0.008042145532000056,0.0006186265793846196,0.1254896796314,0.009653052279338463,0.13353182516340006,0.9397735669219001,
873090,436.545,-0.20421309654615394,3.004569804411198,2.5859706310076924,0.7959910941282323,1.677474437380549,1.154973504842586,2.3329646038837124,0.06699110567599997,0.005153161975076921,0.07164640165720002,0.005511261665938462,0.1386375073332,0.516789453556791,
877095,438.5475,-0.320683763576923,3.0973995063374606,2.623556292961539,0.7428464461161516,1.5599224934885147,1.0794086865349473,2.1390095295563687,0.16671699983919996,0.012824384603015382,0.1338766268385,0.010298202064499998,0.30059362667769995,0.44537413623224986,
881100,440.55,-0.17444749062307702,2.973066102219936,2.569480098207692,0.7971617853806823,1.6847995849465296,1.1446611286878854,2.2993785803445417,0.12441585770099994,0.009570450592384611,0.0833471729385,0.006411320995269231,0.20776303063949994,0.40116459931276155,
885105,442.5525,-0.19222006431538471,2.945188132313004,2.537904555976923,0.8016562476803006,1.7071428900347378,1.1110692745452402,2.2433362171793108,0.05217989346799995,0.00401383795907692,0.109625406097,0.008432723545923077,0.16180529956499995,0.6775143112847277,
889110,444.555,-0.3019212851076923,3.0482899376662753,2.5872040987076925,0.7555714629357044,1.5997478597536996,1.119497244095546,2.1995506789785155,0.05834776722899998,0.004488289786846152,0.0991519857213,0.007627075824715385,0.1574997529503,0.6295374047512825,
893115,446.5575,-0.2711843343846155,3.174821783099482,2.7111765054615384,0.7882555737672259,1.6745124238270115,1.1348598745224963,2.2723153791878774,0.13063790743299997,0.010049069802538458,0.093333352473,0.00717948865176923,0.22397125990599998,0.4167202189788623,
897120,448.56,-0.1801989353615385,2.8866406721378515,2.4906179996692313,0.7006089987367624,1.4566470301658418,1.0256203894632832,2.0221476774306084,0.1818588450648999,0.013989141928069224,0.13814610754520001,0.010626623657323078,0.3200049526100999,0.4316999046996621,
901125,450.5625,-0.2701768141384615,3.0121124460218516,2.5673153216923077,0.7767451630679046,1.63310081993244,1.1200971751045967,2.227096110698925,0.10848013312300003,0.008344625624846157,0.05698178056070001,0.004383213889284616,0.16546191368370006,0.3443800406516958,
905130,452.565,-0.22110183422307694,2.96524050144489,2.5445927839923077,0.720796343118606,1.49295761419305,1.062207787793924,2.0916018643924943,0.03789382613800002,0.0029149097029230785,0.1376174027049,0.010585954054223077,0.17551122884290002,0.7840945768095626,
909135,454.5675,-0.21710319702307695,2.8995930232563443,2.4879322327,0.7028728097085194,1.4547164846965979,1.0281243673138216,2.00365522271973,-0.021585006275999907,-0.0016603850981538391,0.1289728935867,0.009920991814361539,0.10738788731070009,1.201000381109548,
913140,456.57,-0.2212027953307692,2.8393469001103435,2.4329180167307696,0.770163077915067,1.624674190534449,1.1184157031864317,2.218785761962218,0.010485541075000271,0.0008065800826923286,0.07845426618834998,0.006034943552949998,0.08893980726335025,0.882105196788288,
917145,458.5725,-0.17516064643076928,2.6887260903553827,2.317067934923077,0.7867171850849203,1.667267599308997,1.1336005962930993,2.3033543776498875,0.20697480463179996,0.015921138817830766,0.07440390624559999,0.005723377403507692,0.28137871087739996,0.2644262105458954,
921150,460.575,-0.22025767656923073,2.8647782826701556,2.455826328338462,0.7256928077583129,1.5304220446646477,1.0559891277284155,2.118414689138874,0.08158611506090008,0.006275855004684621,0.13244388299430002,0.01018799099956154,0.2140299980552001,0.6188099060774727,
925155,462.5775,-0.24631706568461537,2.9399852687151764,2.5125431555923075,0.749048322140794,1.574502618329864,1.0901458141311526,2.165632070287686,-0.020996276289000138,-0.0016150981760769336,0.1087288672608,0.008363759020061538,0.08773259097179986,1.2393212836464504,
929160,464.58,-0.13322908146153842,2.748483367567868,2.3862035733076925,0.7160336715124387,1.4916388482398197,1.067946866914917,2.112042956158692,-0.022656992085999972,-0.001742845545076921,0.0630777389769,0.004852133767453846,0.04042074689090003,1.5605287835762571,
933165,466.5825,-0.2036521343076923,2.7622358778683633,2.3713276478,0.7356350654143741,1.5558472120527835,1.0644716218781314,2.1243820929381885,0.08715473116,0.006704210089230769,0.08245449233099997,0.006342653256230767,0.16960922349099997,0.4861439173759043,
937170,468.585,-0.15537809408461545,2.7712198696159325,2.3978542456230767,0.7643654610130787,1.6298192834260405,1.0879570317065637,2.1937744831403467,0.224012769766,0.01723175152046154,0.1030262978714,0.007925099836261539,0.3270390676374,0.3150274938577949,
941175,470.5875,-0.1639187794307692,2.7698412669632404,2.3933433477692305,0.7024146730341704,1.4745754828080284,1.0286391228557206,2.0593944818141803,0.013966891935000003,0.001074376302692308,0.14344522813977,0.011034248318443848,0.15741212007477,0.9112718135784856,
945180,472.59,-0.14810582306923087,2.80200861067267,2.427951977807692,0.7030431043862342,1.4661318552218734,1.0438284157976339,2.050176030498286,-0.07437354697299997,-0.005721042074846152,0.1108336677976,0.008525666753661539,0.036460120824600026,3.0398601346054606,
949185,474.5925,-0.14995932577692297,2.7983330941552347,2.4239642253461535,0.6798250672540005,1.4258529499215336,1.0400359308230942,2.0524857321022223,0.01673674397699998,0.0012874418443846137,0.13717237254269998,0.010551720964823076,0.15390911651969996,0.8912556685694591,
953190,476.595,-0.18750332868461533,2.7490314603219375,2.3658066254384615,0.6986955892309343,1.456910677302975,1.0589372680170732,2.0944803358308786,-0.06783228738000013,-0.00521786826000001,0.10153897851700003,0.007810690655153848,0.033706691136999894,3.012427951005268,
957195,478.5975,-0.17945112632307686,2.6799715842275074,2.3076681082000006,0.7344765443433082,1.556848173051787,1.1193507970666066,2.245672507105389,0.07047896830799999,0.005421459100615384,0.11444462556749999,0.008803432735961538,0.18492359387549998,0.6188751968802313,
961200,480.6,-0.18209235484615377,2.764021214240387,2.381165302723077,0.735846250057057,1.5635594860952744,1.0896542915701006,2.215540003585704,0.10094390808200004,0.007764916006307696,0.10126880230329999,0.007789907869484614,0.20221271038530003,0.5008033476745376,
965205,482.6025,-0.1962693104384615,2.842234977956411,2.445076887423077,0.70245847006299,1.4946349036772484,1.0200440334335297,2.036057500071909,0.15042953007100007,0.011571502313153851,0.10825303382669998,0.008327156448207692,0.25868256389770006,0.4184782777609638,
969210,484.605,-0.18254227820769225,2.7084966635293446,2.3317680450692304,0.6976745823987108,1.476971247807664,1.0432092002469417,2.080050819499059,0.22946012019699996,0.017650778476692306,0.07413670793299998,0.005702823687153844,0.30359682812999994,0.244194606345672,
973215,486.6075,-0.16301742883846154,2.7833027252995746,2.4055881408538458,0.6921212637329432,1.4630898209892318,1.0425490215253932,2.090391648148861,0.11261961422299988,0.008663047247923068,0.0943008228252,0.007253909448092307,0.20692043704819987,0.45573469769558644,
977220,488.61,-0.28322272117692315,2.856642137572332,2.424422695084615,0.6366677695630976,1.3379337285655082,0.9706372768827172,1.9302964981988469,0.06904667616600013,0.00531128278200001,0.1471939659694,0.011322612766876922,0.21624064213540012,0.6806951945565985,
981225,490.6125,-0.26815158587692306,2.77044069628249,2.3537998841230765,0.682261418034254,1.4368790856157847,1.0288750354972256,2.0559670978904983,-0.11897869780299997,-0.00915220752330769,0.09905563364239998,0.0076196641263384605,-0.019923064160599982,4.971907576259943,
985230,492.615,-0.23617453758461535,2.7348668207085405,2.334535131092308,0.6753855216336541,1.417457794112671,1.0340684803467068,2.0927371242864603,0.051037874074999934,0.0039259903134615335,0.1461180998082,0.0112398538314,0.19715597388319994,0.74112945669485,
989235,494.6175,-0.12914529214615383,2.614689009024086,2.2691300465461532,0.6473021112814599,1.3639063692674789,0.9790718351601495,1.9522069356698126,0.06304211913899993,0.004849393779923072,0.08068041314008002,0.006206185626160002,0.14372253227907994,0.5613623129281848,
993240,496.62,-0.1498053257230769,2.7046152984698013,2.3409166702769233,0.6304987723005471,1.3192065703382616,0.9445347011745354,1.8601462100790982,0.10250911862200002,0.007885316817076925,0.1746702566681,0.013436173589853845,0.2771793752901,0.6301704680778919,
997245,498.6225,-0.16338969194615385,2.653993682739357,2.290789558330769,0.6263664040694332,1.2874162628766985,0.9426002958474711,1.8599886283770133,-0.01754153517800011,-0.0013493488598461624,0.14623813503167,0.01124908731012846,0.12869659985366988,1.1363014656016175,
1001250,500.625,-0.13465474202307687,2.6422528951765734,2.2914075851461537,0.6531464525989665,1.3687277856533258,1.00589507323473,1.9957784071390026,0.10361396891699987,0.007970305301307682,0.090273300186,0.006944100014307692,0.19388726910299986,0.4655968419362469,
1005255,502.6275,-0.1983594527615385,2.6578169195774697,2.280735419330769,0.6631222773043562,1.4022138597499458,0.9864889318292799,1.9939662340690985,0.15058124251400007,0.01158317250107693,0.0992984001062,0.007638338469707693,0.24987964262020007,0.3973849132525244,
1009260,504.63,-0.11915461833846158,2.6894767502458437,2.3392480886923077,0.6723627649774238,1.4272514491517279,0.9912115212335906,1.98887908522394,-0.1085804067699998,-0.008352338982307677,0.11137350287795,0.008567192529073077,0.0027930961079501992,39.874568784417846,
1013265,506.6325,-0.16066774954615384,2.5828764478915285,2.2287845611461536,0.6306202023034368,1.308602364932826,0.936698541998764,1.8433725029773427,0.14612274430599997,0.011240211100461537,0.11129615927188999,0.008561243020914615,0.25741890357789,0.43235425885579504,
1017270,508.635,-0.1606048712307692,2.6710152091253585,2.306944599507692,0.6402453846397724,1.3437589041211933,0.9675056233222585,1.9420285158263018,0.25957015249709997,0.01996693480746923,0.06889712356650002,0.005299778735884617,0.3284672760636,0.20975338667575427,
1021275,510.6375,-0.1527638893923077,2.5712670352344573,2.221515279546154,0.680612565896685,1.441542619188707,1.0452732057222334,2.0938164691536474,0.02371253071900009,0.0018240408245384686,0.0580226891883,0.0044632837837153844,0.0817352199073001,0.7098860106341718,
1025280,512.64,-0.2470240959846154,2.7577560329908994,2.3506758763230766,0.6796184894306463,1.4266533232660343,1.0181781859152774,2.046486589720894,0.07314513251099991,0.005626548654692301,0.06486795888950002,0.0049898429915000014,0.13801309140049994,0.4700130852171103,
1029285,514.6425,-0.2515991284230769,2.5909520914433584,2.2010047252384615,0.6605829453345966,1.375705302467101,0.9823114027343629,1.9605989959575332,-0.003724720317000052,-0.00028651694746154244,0.0959114294925,0.007377802268653847,0.09218670917549995,1.0404040924154168,
1033290,516.645,-0.17507637464615383,2.5507046666685778,2.194707393646154,0.6510440953005444,1.382063827011039,0.9591887858387889,1.9151250613828827,0.11226655915099976,0.00863588916546152,0.08450712077,0.006500547751538461,0.19677367992099976,0.4294635380297188,
1037295,518.6475,-0.1653686211538462,2.541435033317667,2.190217870938462,0.6123618868251955,1.2889716864630287,0.9318683358573094,1.8365900968409359,-0.08957093212100009,-0.006890071701615392,0.0922844712592,0.007098805481476923,0.0027135391381999108,34.00889633765115,
1041300,520.65,-0.11536182808461536,2.589558639488316,2.2521017973153845,0.6452887295698552,1.362644317369335,0.9587040574039083,1.9192472602698032,0.04364084451600009,0.0033569880396923145,0.0771097168312,0.005931516679323077,0.1207505613472001,0.6385868187352157,
1045305,522.6525,-0.15674469104615388,2.511002543884649,2.1665571744615386,0.6213041426581712,1.307609640770529,0.9425940404003698,1.899038629095408,0.30774559920000005,0.023672738400000004,0.09769797185109999,0.007515228603930769,0.40544357105110007,0.2409656455960591,
1049310,524.655,-0.14509643958461538,2.4717254589079656,2.1361927344153844,0.6193412502112684,1.2974448882079155,0.9504369295824915,1.890267123827941,-0.04808813707000009,-0.003699087466923084,0.07695813069669998,0.00591985620743846,0.028869993626699883,2.6656788252813004,
1053315,526.6575,-0.08742061946153849,2.448705432403464,2.137935519215385,0.6191416052148399,1.2916918022513508,0.9436882273714162,1.8924013955756156,0.003491278728999958,0.000268559902230766,0.0957429669821,0.007364843614007692,0.09923424571109996,0.9648178035316145,
1057320,528.66,-0.12665835711538465,2.489351204467185,2.158908009530769,0.6030442420740282,1.282787595175854,0.9037524355184682,1.7936410958519746,0.051521219320999956,0.003963170716999997,0.10830056481449998,0.00833081267803846,0.15982178413549994,0.6776333113806358,
1061325,530.6625,-0.1346957500230769,2.5150829088491475,2.1786384949153845,0.5805536607045932,1.2170294179209622,0.9027073044072862,1.8025969605684793,0.13678571581699994,0.010521978139769227,0.10003309289670001,0.007694853299746155,0.23681880871369995,0.4224034967494248,
1065330,532.665,-0.16157859104615385,2.4701519420400717,2.1284665236153844,0.586706611908044,1.223347635788311,0.9116349943863912,1.8056797507157045,-0.07549333199800001,-0.00580717938446154,0.0927091687901,0.007131474522315384,0.01721583679209998,5.385109646987503,
1069335,534.6675,-0.15669944653846152,2.413195516657019,2.079844062138462,0.6079271772098062,1.2809415938341897,0.9225285572557547,1.831858773676022,-0.06001986191499986,-0.004616912454999989,0.0988368787808,0.0076028368292923075,0.038817016865800136,2.5462255155387936,
1073340,536.67,-0.17033443083846153,2.429194128170657,2.088780311438461,0.5944297507933958,1.2423471431788575,0.9241138382509965,1.8324674934684557,0.16398700514300024,0.012614385011000019,0.1265045623265,0.00973112017896154,0.2904915674695002,0.435484456325164,
1077345,538.6725,-0.1670079139615384,2.4369823277841665,2.096973795161538,0.5860101436954364,1.2322358114420409,0.9236706987585244,1.8439759858441351,0.05045648290600008,0.0038812679158461596,0.1395068929983,0.010731299461407691,0.18996337590430007,0.7343883647792241,
1081350,540.675,-0.16041317352307694,2.404263258784409,2.0705007223076923,0.5597742383991152,1.1723430540768744,0.8620174638670761,1.6903483669258732,0.12902903557800005,0.009925310429076926,0.14434875186622,0.011103750143555385,0.27337778744422003,0.5280193142819729,
1085355,542.6775,-0.13945907813076922,2.4301340524095245,2.101504380884615,0.5659282506277301,1.1893625671362373,0.8504101124375192,1.6840033124838638,0.06207807361500012,0.004775236431923086,0.1501556815354,0.011550437041184615,0.2122337551504001,0.7075014124355087,
1089360,544.68,-0.16684192877692305,2.439112376236074,2.0989121840538454,0.5750484773775572,1.2001958258924006,0.8757091780863722,1.7403637956813016,0.099338117994,0.007641393691846154,0.11017487277043,0.00847499021311,0.20951299076443,0.5258617729069949,
1093365,546.6825,-0.10755029091538462,2.352616492435172,2.0449719795923076,0.5702029284672193,1.19357601296735,0.8898907361655488,1.7652695150046163,0.0030389316310000525,0.00023376397161538865,0.09819480963300001,0.007553446894846155,0.10123374126400006,0.9699810399867071,
1097370,548.685,-0.09754801713076922,2.347947504276483,2.0446783487615385,0.5837985499623971,1.2368489988043843,0.9100009787696837,1.849007921507358,0.003350239247999931,0.0002577107113846101,0.10059248982130001,0.007737883832407693,0.10394272906929994,0.96776841172059,
1101375,550.6875,-0.1267539171230769,2.3416389337802963,2.027870545015385,0.5836110094587629,1.2269991131917863,0.8881861987760025,1.766575252947053,0.1268320474670001,0.009756311343615393,0.11231427150510001,0.008639559346546154,0.23914631897210012,0.4696466664753602,
1105380,552.69,-0.07281177776923081,2.389474491441244,2.090998988892308,0.5742719806948504,1.2047411785257456,0.9042415237236011,1.8173534591538911,0.09153682180600015,0.007041293985076935,0.10947227152000003,0.008420943963076926,0.20100909332600017,0.5446135282171336,
1109385,554.6925,-0.1312173329923077,2.420227045638636,2.0958450024076924,0.5526478628246226,1.1585641612330722,0.8555647063457628,1.6945685155057884,0.09605976566400021,0.007389212743384632,0.10546774116972632,0.008112903166902025,0.20152750683372653,0.5233416659927429,
1113390,556.695,-0.15714597703076932,2.3896595587094387,2.0587759384615385,0.5875314341206782,1.238670611374571,0.9125866645212649,1.8188289748168516,0.04933921993500007,0.0037953246103846205,0.0915414288171,0.007041648370546155,0.14088064875210007,0.6497800061822573,
1117395,558.6975,-0.06681848489999999,2.312428046465824,2.0249763727153844,0.5757016901796917,1.2173288919125398,0.8915924819461281,1.7904073111159144,0.08333705365899996,0.006410542589153843,0.1016898683709,0.007822297566992308,0.18502692202989995,0.549594984639409,
1121400,560.7,-0.16350155610769235,2.3864224059096104,2.053453005276923,0.554807706443949,1.1568408536621555,0.877832112659906,1.770240770192743,0.1552414279360001,0.011941648302769238,0.07074552005700001,0.0054419630813076925,0.22598694799300012,0.3130513540064771,
1125405,562.7025,-0.13032521651538465,2.3837678796311756,2.0638633049461537,0.5495595868740843,1.1516900343672156,0.8314219708392443,1.658376815757014,0.05273127182699999,0.004056251679,0.13814905960697998,0.01062685073899846,0.19088033143397998,0.7237469600410966,
1129410,564.705,-0.1342696868461538,2.379802738576083,2.0588074005538464,0.5419714639058294,1.1232502789438734,0.8435452463398374,1.6648767476548758,0.11481877788700023,0.008832213683615402,0.13177181710509997,0.010136293623469229,0.2465905949921002,0.5343748698498474,
1133415,566.7075,-0.07157286313846155,2.2044541234932726,1.9274133077076927,0.5262816705187314,1.0894040323705483,0.8358079228201855,1.6395519727660115,0.037898302079999946,0.002915254006153842,0.13691020314740002,0.010531554088261539,0.17480850522739996,0.7832010403000708,
1137420,568.71,-0.13701320610769235,2.3512119978475097,2.0323841480307694,0.5471996481691178,1.1477660142749313,0.8805190921401318,1.7548393702758192,0.06942057979900002,0.005340044599923078,0.12464216048679999,0.009587858498984615,0.1940627402858,0.6422776484720201,
1141425,570.7125,-0.13891068788461536,2.317799628151029,2.0020520595461537,0.5378819885210084,1.1175918994953467,0.8448429340979262,1.6718417344815102,0.11676661484099998,0.008982047295461537,0.10627917299564998,0.008175320999665383,0.22304578783664997,0.4764903835506847,
1145430,572.715,-0.1411341337076923,2.369340931263488,2.046889726923077,0.5317114531065007,1.1019061334045532,0.8342221969356979,1.6346169156971297,0.15945334360199992,0.012265641815538455,0.0920796161518,0.007083047396292308,0.2515329597537999,0.36607375924780355,
1149435,574.7175,-0.14761852299999997,2.353816104479089,2.030639675953846,0.5271089866889495,1.1010784888917258,0.8351604012443496,1.6617976534984922,0.019975818700999903,0.001536601438538454,0.14613115368300003,0.011240857975615387,0.16610697238399993,0.8797412389479922,
1153440,576.72,-0.11689100816153847,2.236893017375789,1.9387710369461537,0.5204361951404922,1.0871914190107816,0.8193335346239696,1.6204034160194056,0.187208767974,0.014400674459538462,0.09919817792050001,0.007630629070807693,0.2864069458945,0.3463539531511235,
1157445,578.7225,-0.14863660702307693,2.347297845933193,2.0244778394692307,0.5430762832132472,1.1303260913926894,0.8383643531302164,1.6601622234865971,-0.05745391175500009,-0.004419531673461545,0.07443485501920001,0.005725758078400001,0.016980943264199924,4.383434645596355,
1161450,580.725,-0.17817442233846154,2.3126191742913407,1.9823843149076923,0.5436235359673338,1.1401504654725494,0.8392062339408789,1.670796915697767,-0.03193514049499996,-0.0024565492688461508,0.12478407827079002,0.009598775251599233,0.09284893777579006,1.343947289651459,
1165455,582.7275,-0.17110170767692312,2.2803402540924886,1.9564730662615384,0.5391261157780189,1.1398071933999971,0.8285924930210165,1.6561856294140629,0.007413517703000083,0.0005702705925384679,0.1076946384275,0.008284202955961538,0.11510815613050009,0.9355952006164077,
1169460,584.73,-0.17206096649230768,2.3744882797460463,2.039585517,0.5122371718152289,1.0696115066190628,0.7955376830005315,1.588091286889015,-0.05129734799399999,-0.003945949845692307,0.1562098432313,0.012016141787023076,0.10491249523730001,1.488953654929008,
1173465,586.7325,-0.16980368356153844,2.235207303090737,1.9169527658999999,0.5456142327416195,1.1494448598988416,0.8589265937710541,1.7335135272982454,0.10915680973699998,0.008396677672076922,0.10207458713913001,0.007851891318394616,0.21123139687613,0.48323586667842017,
1177470,588.735,-0.17771694293076923,2.3257741243644108,1.994202036130769,0.5066304164439384,1.058494936277493,0.7713136643186298,1.5356852755865915,0.028799284244999834,0.0022153295573076794,0.13912728778199998,0.010702099060153845,0.16792657202699982,0.8285007316151884,
1181475,590.7375,-0.14773456867692308,2.2902517458451728,1.9742310964153849,0.5357537487883585,1.1129326204033145,0.8513203573009493,1.671512411527703,0.05186977237099999,0.003989982490076922,0.09368171752559999,0.007206285963507692,0.1455514898966,0.6436328311867616,
1185480,592.74,-0.07636528748461541,2.1718709023680316,1.896685160130769,0.5112531382188477,1.0689494032170277,0.8196589939281748,1.6348106979286008,-0.07938729971499997,-0.006106715362692305,0.10309354887705299,0.007930272990542537,0.023706249162053022,4.3487920915838725,
1189485,594.7425,-0.0868172829,2.1960314759046504,1.9141093217307694,0.5311549938997301,1.1159926825454902,0.8515313326431507,1.71949515886381,-0.08974903449600014,-0.006903771884307703,0.09290805388739999,0.007146773375953846,0.003159019391399856,29.410409489835278,
1193490,596.745,-0.10794187509230772,2.25038289011478,1.9541901533384616,0.5489469553910618,1.1553830378841847,0.8692698805723762,1.7296151998421645,0.16002073883499995,0.012309287602692304,0.10169175173920003,0.007822442441476925,0.2617124905742,0.3885628519910809,
1197495,598.7475,-0.1408722400538461,2.214111939782633,1.9093503401923075,0.5094925163419028,1.0695664258109092,0.8197387980025618,1.6250585456825735,0.11549002676499992,0.008883848212692301,0.1273266193461,0.009794355334315386,0.24281664611109993,0.5243735196302899,
1201500,600.75,-0.12424878891538454,2.2425737260492435,1.9409786096076922,0.5355500303321415,1.1244115622781896,0.8394709525987517,1.681445273825762,0.20921355673200004,0.016093350517846158,0.0878758779779,0.006759682921376923,0.2970894347099,0.2957893068924126,
1205505,602.7525,-0.13350329033076921,2.1456239488378057,1.8514548815153848,0.5115922139272643,1.0693974890567028,0.8115822871773126,1.6065097470709382,-0.005963176487999988,-0.0004587058836923068,0.07899382151959998,0.006076447809199998,0.07303064503159999,1.0816530716032942,
1209510,604.755,-0.12579337449230768,2.225419294163394,1.9251587299230772,0.48992205705421227,1.019010661193027,0.7774701927680847,1.5396514267768786,-0.13458761573100003,-0.010352893517769234,0.1174032036268,0.0090310156636,-0.017184412104200034,6.831959273026602,
1213515,606.7575,-0.1317860713384615,2.296528641551996,1.9859003470461536,0.4866499594843046,1.0113609408142077,0.7742772065931856,1.5184034801403927,0.054983630763999924,0.004229510058769225,0.08736151922500002,0.00672011686346154,0.14234514998899994,0.6137302130192078,
1217520,608.76,-0.11037856800000001,2.1923326327430748,1.9017364336923077,0.5035426145140808,1.0499105463645744,0.7827360518182304,1.5463836173311236,0.04761203379500012,0.003662464138076932,0.12558394507691,0.009660303467454615,0.17319597887191013,0.7250973486502688,
1221525,610.7625,-0.10348028403846152,2.1858278237457096,1.8986054750692307,0.48429395771197226,1.0089026636475473,0.7736857511115643,1.5436764440632984,0.049089204524999985,0.0037760926557692297,0.11820973665640999,0.009093056665877692,0.16729894118140998,0.7065779126971862,
1225530,612.765,-0.12001413564615385,2.1750748174800276,1.8827164173076922,0.4971100463410766,1.0282964240238166,0.7999028980217588,1.5677534830710265,0.021273076525999968,0.0016363905019999975,0.07782661792253999,0.00598666291711846,0.09909969444853996,0.7853366083076416,
1229535,614.7675,-0.06002075854615385,2.157721649864771,1.8903947793615383,0.5228486569026481,1.095253520875933,0.8119903136941998,1.624272020990263,0.20539692789500008,0.015799763684230774,0.08238498296495,0.0063373063819192315,0.2877819108599501,0.28627575207478173,
1233540,616.77,-0.05608553152307693,2.0727899933644625,1.8165930051076922,0.4980894133051708,1.0454010619322547,0.7723438164919829,1.5488384932238028,0.10221356899600004,0.007862582230461542,0.08060537074668,0.006200413134360001,0.18281893974268004,0.4409027361176751,
1237545,618.7725,-0.08886867303076923,2.149558666170857,1.8720761996,0.5237424334433244,1.0966737466918048,0.8372628398814519,1.6627538954153596,0.005671981743000043,0.00043630628792308025,0.06729147664190001,0.005176267433992308,0.07296345838490005,0.922262706996714,
1241550,620.775,-0.11231365571538461,2.1282436582726394,1.8441336155,0.4827286498511359,1.010538071713315,0.7619903630160957,1.502948981180553,0.09291096776799995,0.007146997520615381,0.0997673571066,0.007674412085123076,0.19267832487459996,0.5177923213289879,
1245555,622.7775,-0.12299611018461541,2.1703086825848685,1.8773194092923076,0.4714802694561732,0.9826610757562908,0.7521159644407066,1.4935131204109768,0.23862383142699983,0.018355679340538448,0.089680455366662,0.006898496566666307,0.32830428679366186,0.27316260851332064,
1249560,624.78,-0.1228291621538462,2.192723809587602,1.8972695240615387,0.48500738616442607,1.0067732013538484,0.7669570375910979,1.5315339536173052,0.11064868420500007,0.008511437246538467,0.1195498511626,0.009196142397123077,0.23019853536760007,0.5193336741769139,
1253565,626.7825,-0.08577275276153845,2.1427127875161593,1.867147427346154,0.4570306664906558,0.9437179929561685,0.7246522962542248,1.4142597018531782,0.10217296704200002,0.00785945900323077,0.14087727945149997,0.010836713803961536,0.2430502464935,0.5796220389978807,
1257570,628.785,-0.12985319355384617,2.206920059189489,1.9071698005384616,0.46683337370850625,0.968670570917083,0.7459513554647188,1.4581815367496749,0.15956537798900017,0.012274259845307705,0.1244002606274,0.009569250817492308,0.2839656386164002,0.43808209061325276,
1261575,630.7875,-0.0728525656923077,2.1308227278044383,1.8615829486153845,0.4740723722467397,0.9914404954315514,0.7552552906863756,1.5004241023040992,0.10409275069500007,0.00800713466884616,0.11298086726590002,0.008690835943530772,0.21707361796090008,0.5204725858775269,
1265580,632.79,-0.12432237772307689,2.131892794710497,1.842770026276923,0.49365665842831785,1.030377185259847,0.7890014853759801,1.5777217039552116,0.05235376207699999,0.004027212467461538,0.07370631187862998,0.005669716298356152,0.12606007395562996,0.5846919612673938,
1269585,634.7925,-0.12231953327692308,2.113458746740343,1.8271845854307693,0.4639005183681447,0.9625601242271793,0.756075953955852,1.5007536519139817,0.13491026312300003,0.01037771254792308,0.10823098849900002,0.008325460653769233,0.24314125162200007,0.4451362645252049,
1273590,636.795,-0.10273272256153851,2.125733093765222,1.8455976431307695,0.4870708394943766,1.0281565778533268,0.7679387221944537,1.5475180021382338,0.17448672651300012,0.013422055885615394,0.08927145274700002,0.006867034826692309,0.2637581792600001,0.338459466915718,
1277595,638.7975,-0.13003024686923076,2.090696637730343,1.8040540585153844,0.4673077260096041,0.9707441167893359,0.7647096739227733,1.5246957527893905,0.004125148043999882,0.00031731908030768324,0.10455568274680001,0.008042744826676924,0.10868083079079989,0.9620434623660507,
1281600,640.8,-0.17384702425384616,2.0834185341404066,1.780762039715385,0.4763930390131913,1.0013946829531306,0.766016711756036,1.536193392211736,-0.11589465289600004,-0.00891497329969231,0.10134165978785001,0.007795512291373078,-0.01455299310815003,6.963630026808452,
1285605,642.8025,-0.12932207950769234,2.0252813627500106,1.746326455707692,0.46196758630551016,0.9628366765888197,0.7583178765013299,1.5067880922716452,0.17371670903099995,0.01336282377161538,0.08706328028261001,0.006697175406354616,0.26077998931360996,0.3338572124025554,
1289610,644.805,-0.07810597233846156,1.9914746790911642,1.7360303126923076,0.4487303001352808,0.9379036420014191,0.7368491545236207,1.474685345214767,0.04099208488999995,0.0031532372992307653,0.07520872097869999,0.005785286229130769,0.11620080586869994,0.6472306316333246,
1293615,646.8075,-0.11832165717692313,2.053161136382906,1.775274185038462,0.4520747731917847,0.9403507758498239,0.7415387727741738,1.4707660490761534,0.14913966879100005,0.011472282214692311,0.09940862282740001,0.007646817140569232,0.24854829161840006,0.3999569748804533,
1297620,648.81,-0.07740822206923086,2.0423428110201294,1.7813643492076923,0.4801127695586604,1.0067214440606407,0.7824642421485222,1.5711931509515875,0.253957122569,0.019535163274538463,0.066412454469,0.005108650343769231,0.320369577038,0.20729950416335138,
1301625,650.8125,-0.11828591273076924,2.0923867360868513,1.8100379797153847,0.45584445690646314,0.9449493043043014,0.7371829297194566,1.456490284784297,-0.04911442099699992,-0.003778032384384609,0.0747815025934,0.005752423276415384,0.025667081596400076,2.9135179359031,
1305630,652.815,-0.09021313373076922,2.0084853961577,1.746437054423077,0.4595717545726502,0.9601519322146276,0.7478845717328124,1.499810917649534,0.21974960712700004,0.016903815932846157,0.08853671047980001,0.006810516190753847,0.30828631760680003,0.2871898797426458,
1309635,654.8175,-0.11634710203076921,1.9480394729348842,1.6827906369999999,0.45513980199929793,0.9519517618894036,0.7483528209923118,1.4878631734178565,0.04329403118200004,0.00333031009092308,0.06268633628463,0.004822025868048461,0.10598036746663003,0.5914900823906655,
1313640,656.82,-0.09928768415384617,1.9852345817747925,1.7223321199384618,0.4345706795735453,0.9060484145581862,0.7162454244486577,1.419415154714455,0.03718562050499996,0.0028604323465384585,0.1025748264477,0.007890371265207693,0.13976044695269996,0.7339331598046124,
1317645,658.8225,-0.06485917933846151,1.9657599119502178,1.7182891827384617,0.45607625494886395,0.9533976241486586,0.734224211114504,1.4710584170507035,0.1737299449700001,0.013363841920769238,0.06915865867649,0.005319896821268461,0.24288860364649012,0.28473406178062727,
1321650,660.825,-0.13001238381538466,2.0554681481262476,1.7727885796461538,0.4537344307105716,0.9425003515192371,0.7354582062934943,1.4626916057191368,0.18530069293200002,0.014253899456307693,0.11252458812720001,0.008655737548246155,0.29782528105920003,0.3778208073102868,
1325655,662.8275,-0.0980429832769231,1.9653725953869088,1.7052047252615383,0.4442569204868885,0.9262185495342289,0.7378787880825477,1.4728394735138013,-0.025593996036000044,-0.001968768925846157,0.0930310851017,0.007156237315515384,0.06743708906569995,1.3795240332966527,
1329660,664.83,-0.13178726342307695,2.007709591218916,1.7297793535,0.488510061896438,1.0288355937369011,0.7937767340826883,1.5960722914659202,0.07515473663299993,0.005781133587153841,0.060807794798800024,0.004677522676830771,0.13596253143179995,0.4472393545371856,
1333665,666.8325,-0.04695718105384616,1.941567545844626,1.7037144624230771,0.46303537907078507,0.9735887580415876,0.7520305531631776,1.5044909764638357,0.19618866218699998,0.015091435552846153,0.0909862001414,0.006998938472415385,0.2871748623284,0.31683204930852327,
1337670,668.835,-0.08577591638461539,1.9237372493803684,1.672999097753846,0.46284909213419323,0.9635305098557998,0.748195761643288,1.4946399902226337,-0.08350864798200014,-0.006423742152461549,0.07043930969569998,0.005418408438130767,-0.013069338286300164,5.3896615232262715,
1341675,670.8375,-0.03569656151538462,1.9186483783561916,1.687739390592308,0.41891280984641877,0.8632042242261779,0.67053589213682,1.3119551142949177,-0.01622247694899992,-0.001247882842230763,0.10983282757829999,0.008448679044484615,0.09361035062930007,1.173297897507525,
1345680,672.84,-0.08249787183846154,1.938868162897531,1.6876546603,0.4345184498951883,0.9069113568404765,0.717742173406359,1.4244654629311941,0.12377922609800002,0.009521478930615387,0.06968580847100997,0.005360446805462305,0.19346503456900999,0.3601984649383901,
1349685,674.8425,-0.06250416316153841,1.9353930379049793,1.6922483994384616,0.4495147369387332,0.9357242055002083,0.7407503154561533,1.4811636339673846,0.132079537937,0.010159964456692308,0.06868807843750001,0.005283698341346154,0.20076761637450002,0.3421272796772829,
1353690,676.845,-0.04642698398461539,1.9178985117749308,1.6829089843230767,0.4145326359299259,0.8602813401617879,0.6899197154777179,1.3597646758048176,0.06913268937999995,0.005317899183076919,0.0649594408448,0.004996880064984615,0.13409213022479993,0.4844388759869664,
1357695,678.8475,-0.09604857517692306,1.9594347129782435,1.700637340546154,0.42981657524835476,0.9037447178281602,0.6979958748027847,1.394983322768505,0.13145756721800006,0.010112120555230773,0.08030291553550001,0.006177147348884616,0.21176048275350007,0.37921577478162755,
1361700,680.85,-0.09374878039230769,1.9396346404909899,1.6839734682692307,0.41247669499486567,0.8616777419037686,0.6820155148002001,1.3640249682607606,-0.03401739896099992,-0.002616722996999994,0.13219425640500002,0.01016878895423077,0.09817685744400009,1.3464910147526712,
1365705,682.8525,-0.07003785096923075,1.877420564830509,1.637949347492308,0.434995305589528,0.9066590606798887,0.7069766661248872,1.4134076869368306,0.05377952753500009,0.004136886733461546,0.051605969663299986,0.003969689974099999,0.10538549719830008,0.4896875854387715,
1369710,684.855,-0.06740322480000004,1.8979555182326018,1.6571587599230768,0.4304885327101722,0.8974989123743973,0.7152730179058333,1.414858697374256,0.008995354185000026,0.0006919503219230789,0.05751721322168002,0.004424401017052309,0.06651256740668005,0.8647570747044024,
1373715,686.8575,-0.11925595540000002,2.0002137516836633,1.7279048241076924,0.4129543578720462,0.8520508791252588,0.6965042416399766,1.3707333058168345,0.09066355598500009,0.006974119691153853,0.08009223404245999,0.00616094108018923,0.17075579002746008,0.4690454949116511,
1377720,688.86,-0.08341242716153849,1.9525095801713248,1.699368990392308,0.42723087644670155,0.886652086539691,0.7066682400071639,1.392163623766975,0.14293910937199988,0.010995316105538453,0.0639380493673,0.004918311489792308,0.2068771587392999,0.30906287459154796,
1381725,690.8625,-0.05949794328461537,1.917834598411271,1.6778078446076923,0.40165729678515283,0.8357534805230845,0.6610958564106438,1.3163144921202252,0.2838713079890001,0.021836254460692317,0.0552626010023,0.004250969307869231,0.33913390899130014,0.16295215411124714,
1385730,692.865,-0.04470042999999998,1.860347675877472,1.6325190709076927,0.42800292330765477,0.8930791942978098,0.7161445058299127,1.4299891652722196,0.09480765090499993,0.007292896223461533,0.07506074150639998,0.0057739031927999986,0.1698683924113999,0.44187585719073796,
1389735,694.8675,-0.04962580936923079,1.877874609495728,1.646162757492308,0.4027902823191757,0.8326649854994378,0.6596001452963887,1.2989522332021533,0.10731677340200002,0.008255136415538463,0.09931130998492,0.0076393315373015375,0.20662808338692001,0.4806283267843862,
1393740,696.87,-0.05946572927692309,1.9155438768861561,1.6758017631692306,0.41429042483695255,0.8609196414489767,0.6947241816022357,1.379900518916836,0.093315619977,0.007178124613615384,0.09004767634689999,0.006926744334376922,0.18336329632389997,0.49108888284728647,
1397745,698.8725,-0.1011862571461539,1.9127575270742663,1.6573190138846152,0.4447251925827768,0.9505353310346732,0.7065629483556193,1.440428999317498,0.11747893318000008,0.00903684101384616,0.06566480593809998,0.005051138918315383,0.18314373911810006,0.3585424555286386,
1401750,700.875,-0.04901008423076923,1.7825477518787207,1.5618783235538463,0.39940086028636085,0.8189138822330296,0.6788567990554083,1.3292511070963415,0.1778736822319999,0.013682590940923068,0.05834913067700001,0.004488394667461539,0.2362228129089999,0.24700887250664413,
1405755,702.8775,-0.10329106221538462,1.9449444336235115,1.6850081682153848,0.39328364037851665,0.8232608837464785,0.6699441810858906,1.3378223511062235,0.02540566771199998,0.0019542821316923063,0.0640453600794,0.004926566159953846,0.08945102779139998,0.7159823834417414,
1409760,704.88,-0.09543153872307691,1.9225703329187496,1.6682145870769232,0.4284713367835244,0.897848321271997,0.716624855548005,1.4386455348851315,0.287419199947,0.02210916922669231,0.07251117658480001,0.005577782814215385,0.3599303765318,0.20145889681082146,
1413765,706.8825,-0.09442652189230769,1.88748970450712,1.6375007262615386,0.4159127784077139,0.8710748622329354,0.6913877345026022,1.3863598961754904,-0.047900035990000034,-0.003684618153076926,0.06280004140539999,0.004830772415799999,0.014900005415399958,4.2147663477016435,
1417770,708.885,-0.10258347255384621,1.8754899238067055,1.6237157766615384,0.41335479915444256,0.8593179576496904,0.6780216344857295,1.3467967693012224,0.1391624212289999,0.010704801632999993,0.017200359607400004,0.0013231045851846157,0.15636278083639993,0.11000290168410656,
1421775,710.8875,-0.07976807997692305,1.922389764812235,1.6740642602692308,0.3925044891735396,0.8155663174407793,0.6649434869190307,1.3286075847163468,0.22704449295799983,0.017464960996769217,0.07641285471380001,0.005877911901061539,0.3034573476717998,0.2518075614252165,
1425780,712.89,-0.08494249673846153,1.8877809366403515,1.6414083609076922,0.4147019827265264,0.8638576943234876,0.6870079078063687,1.372211276315368,-0.04845430700900005,-0.0037272543853076965,0.034000533627800006,0.0026154256636769235,-0.014453773381200047,2.3523638243854257,
1429785,714.8925,-0.06145403933076922,1.8161337411524447,1.5868820777307693,0.4118590732767865,0.8638998939759441,0.6947646718098857,1.39720116860979,0.1954468488570001,0.015034372989000008,0.11112286988270001,0.0085479130679,0.30656971873970007,0.3624717742493393,
1433790,716.895,-0.10069009891538462,1.858327514913285,1.6092357360384617,0.3952173864224431,0.8320269278452952,0.6656662245629239,1.3352746182145652,0.10095952451000006,0.007766117270000005,0.11281281756460002,0.00867790904343077,0.21377234207460008,0.527724103454093,
1437795,718.8975,-0.10519094651538463,1.9028729022352295,1.6469988731153846,0.38746106756753446,0.7978029774622207,0.6617355049154588,1.2934463982538524,0.14225070179800015,0.010942361676769242,0.08420858997550001,0.006477583844269232,0.22645929177350016,0.37184868554531947,
1441800,720.9,-0.0366986073,1.8121416936630954,1.592846384407692,0.3947864341044787,0.8130418600687019,0.6569470853763039,1.298421265903857,0.055245585722999924,0.004249660440230763,0.07012878637920002,0.005394522029169232,0.12537437210219993,0.559355035668964,
1445805,722.9025,-0.10693869223846157,1.8319006973005327,1.5833948208846154,0.3928771882744815,0.815353487296556,0.6492372348619795,1.2773398142562955,0.00736236572900012,0.0005663358253077016,0.09987554605799999,0.007682734312153845,0.10723791178700011,0.931345495204872,
1449810,724.905,-0.10080389793076928,1.8197310161410616,1.5749328595,0.39206817496592655,0.8211364331168794,0.657947890829732,1.3085338914323845,0.299943018702,0.023072539900153847,0.06673710024799999,0.005133623095999999,0.36668011895,0.18200359604743163,
1453815,726.9075,-0.06060715822307689,1.8445029282668086,1.6123558007769232,0.3806631581498276,0.7910667989392323,0.6523059489119449,1.3034647196263929,0.2225091382890001,0.017116087560692314,0.06357482774670001,0.0048903713651307695,0.2860839660357001,0.22222436520181135,
1457820,728.91,-0.04799909774615381,1.793057169392677,1.5715667192692306,0.3630273917942144,0.745069752415435,0.6338366570431027,1.2447565634766484,0.1118604987859999,0.008604653752769224,0.0783618206613,0.006027832358561538,0.1902223194472999,0.4119486130175683,
1461825,730.9125,-0.08653652668461534,1.7940549461797044,1.5576655589615387,0.3885614700043724,0.8121980457322849,0.6513463719276589,1.2960969631251402,0.09195415675599988,0.0070733966735384525,0.0830368777933,0.0063874521379461546,0.17499103454929987,0.4745207547756179,
1465830,732.915,-0.06283633524615384,1.7910605601748697,1.5640961757076925,0.3929348641759667,0.8193465842497459,0.6679302069711315,1.3146796020801865,0.02336209267999978,0.0017970840523076753,0.0681366934444,0.005241284111107692,0.09149878612439978,0.7446731954647225,
1469835,734.9175,-0.08404662977692307,1.832976813889188,1.5931319365153844,0.36756040543202917,0.7582507191708256,0.6315833263176297,1.2453150405146427,0.06660816818299997,0.005123705244846151,0.09706305014159998,0.007466388472430767,0.16367121832459997,0.5930367668498702,
1473840,736.92,-0.07375532846923073,1.8119793973104197,1.5784778319923078,0.37424495535051816,0.7720947184174559,0.6397735761528914,1.2539170479919326,0.025227718061000104,0.001940593697000008,0.08220404200319999,0.006323387846399999,0.10743176006420009,0.765174488010582,
1477845,738.9225,-0.07052044683846158,1.8377640214930206,1.6025448854076925,0.39182556041669336,0.8183640003825959,0.6622113800818046,1.3121074376794484,0.0813258513900002,0.006255834722307708,0.1207264708329,0.00928665160253077,0.2020523222229002,0.5975010309444347,
1481850,740.925,-0.06973096040000001,1.8247618001558634,1.5913352782923078,0.38621691412554493,0.8136382580008947,0.6616937129158842,1.3288163737789922,0.16104908287899988,0.012388390990692298,0.0797995976208,0.006138430586215384,0.24084868049979988,0.33132669631074146,
1485855,742.9275,-0.03539812564615385,1.8187147146084288,1.5991301444923078,0.38001175911144985,0.7935738458332129,0.6541187963037924,1.3095163581963563,0.08057766406700001,0.006198281851307693,0.0918932952938,0.0070687150226,0.1724709593608,0.5328044537722095,
1489860,744.93,-0.08388658669999999,1.8149911599470352,1.5772378994846152,0.39644222795127154,0.8307611404254618,0.6560475878897315,1.3148403710521095,0.09632575510999991,0.007409673469999993,0.067073606886,0.005159508222,0.16339936199599991,0.4104887930201465,
1493865,746.9325,-0.05708403770000003,1.790116740454966,1.5654454323000002,0.4041688960554548,0.8412438943629337,0.6858917102032572,1.3649581145497374,0.16602336613800012,0.012771028164461547,0.03321274032219999,0.0025548261786307687,0.19923610646020012,0.16670040843643294,
1497870,748.935,-0.08228300166923076,1.7888058210813516,1.554594498423077,0.3921132444251803,0.819608697475513,0.669222250779623,1.3357656341175297,-0.02558463066799993,-0.0019680485129230717,0.06875706137780001,0.005289004721369232,0.04317243070980008,1.5926150148917202,
1501875,750.9375,-0.08270647892307689,1.7806811467450985,1.547254094707692,0.3855676652365751,0.8017566349451504,0.6507049693109093,1.2962929281620663,0.05248901246000004,0.004037616343076926,0.0785195138288,0.006039962602215385,0.13100852628880005,0.5993465925699268,
1505880,752.94,-0.07792594799230766,1.7992988457114485,1.5655852006076922,0.38356685477490865,0.8042514956094055,0.6341237321066858,1.2730163881841436,0.15278720854099997,0.011752862195461537,0.138551938345,0.010657841411153845,0.29133914688599993,0.47556924576021675,
1509885,754.9425,-0.10775619287692303,1.8373737239628374,1.5878882224615387,0.36954965661466205,0.7649263690765201,0.6335890118643384,1.2592382876413193,0.04647285491099995,0.0035748349931538424,0.0848626742404,0.006527898018492308,0.13133552915139995,0.6461516909302788,
1513890,756.945,-0.06400233048461537,1.847553829504793,1.6136823800846154,0.3731244307818352,0.7800999974106811,0.6461246742805213,1.2902832321193356,-0.0020858794499998834,-0.0001604522653846064,0.0819785578604,0.006306042912338461,0.07989267841040011,1.0261085182209682,
1517895,758.9475,-0.051274446330769205,1.7579469298656316,1.5391519619923075,0.370896166048743,0.7741814339708087,0.6192603680480793,1.2362675516346897,0.04811102897700009,0.003700848382846161,0.09895244706809998,0.007611726697546153,0.14706347604510006,0.6728553528665008,
1521900,760.95,-0.08591772043076921,1.827371688157028,1.5873792813384615,0.3648575716892808,0.7546979495253978,0.6301806094377945,1.2498296606362962,0.05938926337899986,0.004568404875307681,0.11578902229559997,0.008906847868892304,0.1751782856745998,0.6609781677546633,
1525905,762.9525,-0.047897999099999936,1.8234457772860655,1.5984689639153846,0.37615403820791293,0.7842367397394742,0.6352250492545127,1.2737241776728199,-0.03972087800600005,-0.003055452154307696,0.11442304612440005,0.008801772778800003,0.0747021681184,1.5317232284750293,
1529910,764.955,-0.08029866219230762,1.81156661497598,1.5755096032076923,0.3662474855145229,0.769280091831854,0.6043817796449334,1.2065691675067272,0.12649966777299998,0.009730743674846153,0.10701912594570001,0.00823224045736154,0.2335187937187,0.45828913485488776,
1533915,766.9575,-0.08374613982307696,1.7829164186146986,1.548789171069231,0.37355400183268456,0.7796260958652962,0.6213003554883355,1.249522057809664,0.037046737979999966,0.002849749075384613,0.10196225205709998,0.00784325015823846,0.13900899003709993,0.7334939418658276,
1537920,768.96,-0.08083844184615384,1.7994139989419102,1.5645059255384615,0.3646028851372878,0.7555146458282647,0.6224982499057174,1.2317484362276878,0.09834017603400008,0.007564628925692314,0.0797059205342,0.006131224656476923,0.17804609656820009,0.4476701375122193,
1541925,770.9625,-0.05679721096923074,1.792654521781287,1.5677877206153843,0.36212011559839136,0.7623931427367839,0.6237631517871056,1.2345055190536929,0.16041906177400006,0.012339927828769236,0.07805464695980001,0.0060042036122923085,0.23847370873380008,0.3273092341048367,
1545930,772.965,-0.09397875804384613,1.769318517883078,1.5328245300484615,0.3863050024319794,0.8055387746589091,0.6586593619697284,1.321182439758542,0.11598401516100004,0.008921847320076927,0.030951841039500022,0.0023809108491923093,0.14693585620050006,0.21064865880840516,
1549935,774.9675,-0.07680124503076916,1.807256351461531,1.5730231541846154,0.3673957302808259,0.7689743634091742,0.6217306317863096,1.2398872634427476,0.03383693844800001,0.0026028414190769236,0.09443829767369999,0.007264484436438461,0.1282752361217,0.7362161281395146,
1553940,776.97,-0.052190505538461565,1.735279404102029,1.5186846256307691,0.35465994205736695,0.7341284112267278,0.6050236680734341,1.1935344895925675,0.09753879905699997,0.007502984542846152,0.05909189803296999,0.004545530617920768,0.15663069708996996,0.37726894619531137,
1557945,778.9725,-0.049662039815384605,1.719744746993626,1.505887728476923,0.36842171261815765,0.7690650893764143,0.6153543305917422,1.224412509919389,0.05668480693,0.004360369763846154,0.08907795650649998,0.006852150500499999,0.14576276343649996,0.6111159970242048,
1561950,780.975,-0.10439763617538461,1.7873569423588826,1.544813146963077,0.3816896332339461,0.8050078309742954,0.6401345765637773,1.2880113691681656,0.12572941184499986,0.009671493218846142,0.08690042281869999,0.006684647909130768,0.21262983466369983,0.4086934599565657,
1565955,782.9775,-0.07824681355692305,1.7450236349501713,1.5173249978276926,0.3556953581802288,0.7438725370845313,0.6088101450345618,1.2088406431171144,0.07308661937699995,0.0056220476443846115,0.07696162687960001,0.005920125144584616,0.15004824625659996,0.5129125384643728,
1569960,784.98,-0.060211438399999956,1.7375261482139441,1.5175994359538463,0.3613493089150562,0.7583574721443025,0.636034539268478,1.259870891889455,0.09972184152300001,0.007670910886384616,0.07441829051749999,0.0057244838859615375,0.1741401320405,0.4273471579784517,
1573965,786.9825,-0.09307227685076924,1.7624261295938048,1.5270686424723077,0.3558344275640341,0.7368661244340126,0.6048504737166369,1.203762501608543,0.02762828022999997,0.002125252325384613,0.0791147258129,0.006085748139453845,0.10674300604289996,0.7411701126451679,
1577970,788.985,-0.07718215538615386,1.7259988972024023,1.500784974829231,0.35662530235643214,0.7481297726313877,0.6099493044995531,1.2214035893725994,0.078470952805,0.006036227138846153,0.0967901074318,0.0074453928793692305,0.1752610602368,0.5522624780485993,
1581975,790.9875,-0.09897273320999997,1.6926814802578987,1.4629536316976923,0.35978826700186717,0.7487867883818418,0.6297246188436645,1.2491865483505056,0.08500806986399995,0.006539082297230765,0.07147204107649999,0.005497849313576922,0.15648011094049993,0.4567484049373952,
1585980,792.99,-0.0999010755369231,1.7362606680237995,1.5012233211553847,0.3556935643459884,0.7397824488562031,0.6419436923164407,1.2835912865212966,0.09410656244299997,0.007238966341769229,0.06946190446890002,0.005343223420684617,0.1635684669119,0.4246656203381368,
1589985,794.9925,-0.08690318695846155,1.7186841042480556,1.4906302415338462,0.354091522017919,0.7378478460300649,0.6166456137671591,1.2317544740404998,-0.006797045484999931,-0.0005228496526923024,0.1032857261632,0.007945055858707693,0.09648868067820007,1.0704439674915733,
1593990,796.995,-0.0814931209384615,1.6665699600437833,1.446515743553846,0.34866148021416343,0.7234392595480813,0.6138644328925266,1.2187877358754655,-0.035334601988000036,-0.0027180463067692337,0.1095724021973,0.008428646322869231,0.07423780020929996,1.4759650998329767,
1597995,798.9975,-0.09934512926692304,1.6634912556532984,1.4369353927023076,0.3466798775246894,0.7272596768344508,0.5894980328152292,1.1747081743275356,-0.08244729787600008,-0.006342099836615391,0.07757858652299998,0.005967583578692306,-0.004868711353000099,15.934110876216982,
1602000,801.0,-0.08418811284923075,1.672004482588051,1.450268580366154,0.34953719787180815,0.7315530305779717,0.6079286092748988,1.2141409722457703,-0.006661146888000069,-0.0005123959144615437,0.0946965592447,0.007284350711130769,0.08803541235669993,1.0756644026498177,
1606005,803.0025,-0.08468769605384617,1.7067838294112572,1.4809029423307696,0.3580235237785966,0.7494450622689899,0.6220825778081965,1.2596636984272969,0.09955468772199988,0.007658052901692298,0.09657825156920002,0.007429096274553848,0.1961329392911999,0.4924121971465978,
1610010,805.005,-0.11151247301153845,1.7034518096556979,1.467664283065385,0.3541779874774894,0.7382477614877898,0.6151095079316546,1.2201412263401883,0.10291454940900013,0.007916503800692318,0.08753483742420001,0.00673344903263077,0.19044938683320015,0.45962257416383806,
1614015,807.0075,-0.09369429716692307,1.6718240855957625,1.4464773627407692,0.3492924612577345,0.7313891606515465,0.6043442416755543,1.2161654828001138,0.12212640791700008,0.009394339070538467,0.11260629166299999,0.008662022435615384,0.23473269958000006,0.4797213676001807,
1618020,809.01,-0.10418368760307692,1.6682932886788333,1.4393274096276925,0.3527679555203677,0.735318238604327,0.6045042842939309,1.2096743523037248,0.06065751611999998,0.004665962778461537,0.09543927665919999,0.007341482819938461,0.15609679277919997,0.6114108750088129,
1622025,811.0125,-0.05284044834846155,1.6322789145531003,1.4271006996823077,0.3535767376228599,0.740697038097076,0.6083463048069968,1.2268413686727069,-0.025888867680999905,-0.0019914513600769158,0.087442041372,0.00672631087476923,0.06155317369100009,1.420593547474307,
1626030,813.015,-0.09170786693076924,1.6417609421403243,1.4206057924538462,0.34749294299107275,0.7252889309205186,0.5894464070967996,1.1789918563506099,0.11307473481400021,0.008698056524153862,0.11865519918400001,0.009127323014153848,0.23172993399800024,0.5120408793842921,
1630035,815.0175,-0.10173699030769229,1.6933827594975508,1.4625144692615384,0.3359883587310782,0.6993993888321778,0.5802080637657621,1.1532380562258808,0.17144007234799996,0.013187697872923074,0.111230296086,0.008556176622,0.28267036843399995,0.39349825276069184,
1634040,817.02,-0.06427263296923079,1.6296917965267912,1.4204137417076923,0.3432752452423754,0.7220523588441979,0.6054306390575793,1.2183260576612083,0.19579507410099994,0.015061159546230765,0.112651017494,0.008665462884153846,0.3084460915949999,0.36522108907742157,
1638045,819.0225,-0.10375899534384612,1.7378035930379823,1.5011259959330767,0.3178709463468919,0.6552634377720049,0.5643689711632026,1.1223929031476532,0.05036151408299999,0.00387396262176923,0.11663050344730003,0.008971577188253848,0.16699201753030002,0.6984196321009051,
1642050,821.025,-0.10896051388538462,1.7216164214300627,1.4847675149146156,0.328612494844555,0.6805911229809916,0.5854928464576967,1.161144617414072,0.028126493081000015,0.002163576390846155,0.12570308987269999,0.009669468451746153,0.1538295829537,0.8171581009261034,
1646055,823.0275,-0.06582108369230774,1.672851603889759,1.4581104562769232,0.32841624090452004,0.6783364106224182,0.5836524932576286,1.1596876334895396,-0.03739228842900005,-0.0028763298791538504,0.11457081045999999,0.008813139266153845,0.07717852203099994,1.4844908589203207,
1650060,825.03,-0.09350933936307694,1.6683354175294296,1.4434225054830767,0.3323811389400732,0.6873357361331917,0.5898849760487567,1.1690255460180672,0.08582860975899992,0.006602200750692302,0.093851496467,0.007219345882076923,0.17968010622599992,0.5223254729655741,
1654065,827.0325,-0.08215659856846153,1.6756954810558033,1.4543437086623074,0.3381109277437234,0.7012560179454923,0.5941676354278066,1.183288634844139,-0.043102286749000074,-0.003315560519153852,0.09052272839069998,0.006963286799284614,0.04742044164169991,1.9089389566354735,
1658070,829.035,-0.09579636041923084,1.6833093638717307,1.4558075803961539,0.3235663588242689,0.6711045262431775,0.5762824268148358,1.1466729225396557,0.1539914607979999,0.011845496984461532,0.13558566663100002,0.010429666663923079,0.28957712742899994,0.46821953044010234,
1662075,831.0375,-0.03022271853769231,1.5533029989616551,1.365738235985385,0.31778075899548003,0.6620674452889898,0.5633534669360141,1.11883028949127,0.04989999533299999,0.0038384611794615377,0.12103712978,0.009310548444615385,0.170937125113,0.7080798258423207,
1666080,833.04,-0.06275452100153842,1.6628437916324417,1.4503885782753847,0.31336580875640063,0.6452943242557563,0.5819158455805936,1.165157869208057,-0.012321181581000096,-0.0009477831985384689,0.1140271928127,0.008771322524053847,0.10170601123169991,1.1211450673542864,
1670085,835.0425,-0.08003137661000002,1.658731299403971,1.4400934622823078,0.32080218921090925,0.665484635204058,0.5738960020650606,1.1273806737417682,0.0784083902749999,0.0060314146365384545,0.1315452922164,0.010118868632030768,0.2099536824913999,0.6265443437591924,
1674090,837.045,-0.04683052117769228,1.622852947349051,1.4209839976838459,0.3236484793008725,0.6716431954215845,0.5668065165774939,1.1250855365828774,0.01493938267799988,0.0011491832829230676,0.10706594073850001,0.008235841595269232,0.12200532341649989,0.8775513866145,
1678095,839.0475,-0.06306582230846151,1.5976948042649193,1.392499116753077,0.32379169690493276,0.6765176890104465,0.5837012268383803,1.1767174182724198,0.12741505355999994,0.00980115796615384,0.12787860072799997,0.009836815440615383,0.2552936542879999,0.5009078705252054,
1682100,841.05,-0.06212681531846154,1.6027201646403315,1.3972935355584613,0.3103985223039949,0.6476007167519053,0.5582618659508577,1.1079994086245104,-0.03858944773000006,-0.0029684190561538506,0.1347965467724,0.01036896513633846,0.09620709904239994,1.4011081106706387,
1686105,843.0525,-0.10386122647923082,1.5733745353860926,1.3552765066746153,0.32780188079533557,0.6875971499092587,0.5828713122837017,1.1745474324063312,0.07346437127,0.005651105482307692,0.15599306207,0.011999466313076922,0.22945743334,0.6798344241864516,
1690110,845.055,-0.06641854689769235,1.599845451317643,1.3931192526407692,0.31612393438664554,0.653249867424744,0.5720231869735113,1.1420851876125386,0.24014922977500008,0.018473017675000005,0.1243949038867,0.009568838760515385,0.3645441336617001,0.34123413984804235,
1694115,847.0575,-0.057799174235384616,1.6410757796736277,1.4329780981953848,0.32751494409180953,0.686535574301492,0.5802051402500286,1.1730072957427735,0.08431318401699994,0.006485629539769226,0.144347928465,0.011103686805,0.22866111248199994,0.6312744956856754,
1698120,849.06,-0.05561656676615386,1.606565386465931,1.4032046198800001,0.3245943549318006,0.6736389934455728,0.5925809196997656,1.1814042011126837,0.04809577017000011,0.0036996746284615467,0.114386825828,0.008798986602153846,0.1624825959980001,0.7039943270564677,
1702125,851.0625,-0.05889016390384619,1.5793946710292766,1.3778289602346152,0.3065154412173584,0.6357206228714195,0.5521457577930383,1.0986875131034752,0.07516934724599983,0.0057822574804615254,0.10704408585830001,0.008234160450638463,0.18221343310429983,0.5874653917366646,
1706130,853.065,-0.03256579545615385,1.5435772045763791,1.356218686466923,0.3235411748534054,0.6697970562843355,0.5734733851485324,1.1415370720439633,0.10978583990300017,0.00844506460792309,0.12113008927600001,0.009317699175076924,0.23091592917900017,0.5245635920686227,
1710135,855.0675,-0.03794906230846155,1.5850582933333532,1.390922789383846,0.31608964160633224,0.6527983541848018,0.5695825791192216,1.1365212925742862,0.10735779254299993,0.008258291734076918,0.14810556126559998,0.01139273548196923,0.2554633538085999,0.5797526692480703,
1714140,857.07,-0.06912969167999997,1.5907733623527505,1.3840197370584615,0.3220478257740912,0.6732965787849176,0.5746327558394427,1.1487549436050437,0.01655883341399983,0.0012737564164615254,0.104259134267,0.008019933405153846,0.12081796768099982,0.8629439500445767,
1718145,859.0725,-0.06300873022923074,1.586203451151197,1.3823184416938463,0.32271493946613605,0.674554306189563,0.5725973466004104,1.1350820030788091,0.1569798290560001,0.012075371465846162,0.1134918429863,0.008730141768176923,0.2704716720423001,0.4196071334544439,
1722150,861.075,-0.04388248460923076,1.5572567236893606,1.363986817683077,0.30580461726852487,0.6347398386894328,0.5384503820213916,1.0651429559333634,0.11880970745500002,0.009139208265769232,0.1351658897474,0.010397376134415383,0.25397559720240004,0.5322003028491065,
1726155,863.0775,-0.0843724241630769,1.5861983811270248,1.3741065401292307,0.31968417849910885,0.6673208796329133,0.5585898978604735,1.1131157441208426,-0.0760956034200001,-0.005853507955384623,0.117433032019,0.009033310155307693,0.0413374285989999,2.8408402747586754,
1730160,865.08,-0.08242885424769231,1.5581497901991208,1.349985017229231,0.3151833414205631,0.656376958807495,0.5553900697552597,1.1128460789804568,-0.055368967359999965,-0.0042591513353846125,0.123472649603,0.009497896123307693,0.06810368224300004,1.8130098922175535,
1734165,867.0825,-0.049910265672307684,1.580457179924564,1.382240795173846,0.31348446530721225,0.6548736223179185,0.5551866863421364,1.1114380156320982,0.13800147175099992,0.010615497826999994,0.13551814202200002,0.01042447246323077,0.27351961377299994,0.4954604174546311,
1738170,869.085,-0.0457213475153846,1.5271567853298857,1.336604301746154,0.3046697156281213,0.6286964699368894,0.5443758834554993,1.0747639620761147,0.128495447335,0.009884265179615385,0.13856085483089997,0.010658527294684613,0.2670563021659,0.5188451038493882,
1742175,871.0875,-0.07374583299384613,1.5424871279811752,1.339458433483077,0.3108097527044392,0.6431278978658511,0.5428908483384982,1.0745419739863011,-0.07326316834000002,-0.005635628333846155,0.10510825691409997,0.008085250531853844,0.031845088574099956,3.300611228306834,
1746180,873.09,-0.05670582331923075,1.5891763202052571,1.3873788210192306,0.3053896509202518,0.6355687244226721,0.5343471786152774,1.058336160514092,0.18726770580800012,0.014405208139076931,0.10503906174409999,0.00807992782646923,0.2923067675521001,0.3593452954365077,
1750185,875.0925,-0.07840575621538465,1.5814956288487296,1.3722356557846154,0.3178578570612141,0.6650795318768503,0.5630041929415811,1.1283321910157644,0.16869816185799996,0.012976781681384612,0.11009010905660001,0.00846846992743077,0.27878827091459996,0.39488787923335356,
1754190,877.095,-0.05111403648384613,1.5021932998833547,1.3124000567623075,0.3110030020744529,0.6465196069701074,0.5510065881498221,1.0955635792333254,-0.044538781039999975,-0.0034260600799999982,0.1074389615079,0.008264535500607692,0.06290018046790002,1.7080866971872926,
1758195,879.0975,-0.06633936441538456,1.5437490542510472,1.3433925005076923,0.31433608388890455,0.6584949667101908,0.5691992104152261,1.1401200084241054,0.0067369043840000975,0.0005182234141538536,0.131257241593,0.010096710891769231,0.1379941459770001,0.9511797813138902,
1762200,881.1,-0.05808341961538465,1.5331153629934458,1.337143572476923,0.32699089459894104,0.6925536809898255,0.5705000964718153,1.156406551975375,0.06088095157500012,0.004683150121153856,0.13613553531399997,0.010471964254923074,0.1970164868890001,0.6909854980344833,
1766205,883.1025,-0.04336077434076925,1.5240716676699055,1.3347668739515386,0.31626497984746116,0.6581238007449555,0.5688096969293996,1.1247081308714844,0.11331359297599997,0.008716430228923074,0.12998000020500003,0.00999846155423077,0.243293593181,0.534251636081105,
1770210,885.105,-0.04251395739076927,1.55249959068772,1.3602848419784617,0.3108123673217439,0.6469939656942125,0.5543666058070321,1.1063119006149449,0.060539364826000086,0.004656874217384622,0.12242112215609999,0.009417009396623075,0.18296048698210007,0.6691123541230902,
1774215,887.1075,-0.046955282872307685,1.485371228953095,1.2990795007123075,0.2950920500748731,0.6116534123929473,0.526254138177992,1.048063401070833,0.0941958800060001,0.007245836923538469,0.15110727492709997,0.011623636532853844,0.24530315493310006,0.6160021666590896,
1778220,889.11,-0.05081787017999999,1.458058345162225,1.2734008064661535,0.31025289228366404,0.6452730072431566,0.5504462024265938,1.0921852070434561,0.08410044014699986,0.006469264626692297,0.12343809194989999,0.009495237842299999,0.20753853209689985,0.594771923568712,
1782225,891.1125,-0.0422973357676923,1.4594431661317464,1.2778906730476922,0.31096925055588465,0.6454315232052543,0.5528111185031546,1.0949941454532397,0.11226083339300003,0.008635448722538464,0.12190404115150001,0.00937723393473077,0.23416487454450002,0.5205906367837151,
1786230,893.115,-0.06617250809307695,1.5491077084097034,1.34820525463,0.3053448517030248,0.6338633461040071,0.5387132239366679,1.0726191391901658,0.038620032362999934,0.002970771720230764,0.1103213764776,0.008486259729046155,0.14894140884059992,0.7407031888335912,
1790235,895.1175,-0.06891244191153849,1.5391045956484395,1.3382753500576923,0.30498771913256356,0.6383271513998504,0.5290412241001167,1.054917137818282,-0.016871072362000084,-0.0012977747970769294,0.13944757544,0.010726736572307691,0.12257650307799992,1.1376370832774076,
1794240,897.12,-0.07835091535846149,1.572875185397383,1.3645806266723075,0.2984122329285424,0.6229967679611215,0.52123306989947,1.0396269448135218,0.02299012244700005,0.0017684709574615422,0.1551977191137,0.011938286085669231,0.17818784156070006,0.8709781641349058,
1798245,899.1225,-0.053438576370769236,1.4596579718225333,1.2737858983215384,0.2976125311336247,0.6180976160606358,0.5292689203856417,1.0510345591738401,-0.13877953588000008,-0.01067534891384616,0.146941798739,0.011303215287615385,0.00816226285899993,18.00258105838604,
1802250,901.125,-0.05612245890538463,1.5291394536874474,1.3343574725715384,0.30709938110276114,0.6404032968154464,0.554803083236714,1.1015553092956414,0.054718352863000086,0.004209104066384622,0.0910528847041,0.0070040680541615385,0.1457712375671001,0.6246286045433851,
1806255,903.1275,-0.05009248623384614,1.5166450336844797,1.3255710876892306,0.2933255417470609,0.6062936391485171,0.530206367993033,1.052066301103224,0.04064664989199995,0.003126665376307689,0.13796348590830002,0.0106125758391,0.17861013580029997,0.7724280892018017,
1810260,905.13,-0.053149558034615456,1.478373885597028,1.2904534294115386,0.28994713682022566,0.5988517586667486,0.5314495549684262,1.0515182504072849,0.046437546601000024,0.003572118969307694,0.14033452689099998,0.010794963606999998,0.186772073492,0.7513678263951539,
1814265,907.1325,-0.05004615509923075,1.5419622215360815,1.3479990179776922,0.3004508416620004,0.6245131014900563,0.5256328546088949,1.0424307457180695,0.008227892227000044,0.0006329147866923111,0.12988101411349998,0.009990847239499999,0.13810890634050002,0.9404246080501527,
1818270,909.135,-0.06950939161153846,1.4785669537502448,1.2843532241423077,0.29404811259194924,0.612680106295487,0.5295590090430453,1.0584548075220435,0.13463918118599993,0.010356860091230765,0.13593896758250001,0.01045684366019231,0.27057814876849995,0.5024018687436806,
1822275,911.1375,-0.054108848941538445,1.4823072970627886,1.293598862796923,0.28985536344649165,0.5977033407352347,0.5178736547503213,1.0206863683687097,0.078799508543,0.006061500657153846,0.12926434423150002,0.009943411094730771,0.2080638527745,0.6212724724058482,
1826280,913.14,-0.06525998390846155,1.5318632274360973,1.333261549476154,0.30307491523640456,0.6324841149268027,0.5461479166723493,1.0924223751353295,0.10907331854200003,0.00839025527246154,0.1204204452236,0.009263111171046154,0.22949376376560005,0.5247220806688012,
1830285,915.1425,-0.060885204722307656,1.4886570236577117,1.29658240997,0.2986989828225538,0.6289879581449755,0.5315851177656199,1.0787503203320492,0.131260141723,0.010096933978692307,0.15589475631000002,0.011991904331538463,0.287154898033,0.5428942963462338,
1834290,917.145,-0.05669069290230766,1.468043287287083,1.279970535866923,0.2908915199901628,0.6025893593582743,0.5166287511713427,1.026112981408309,-0.002162240439000096,-0.000166326187615392,0.10569679038690001,0.008130522337453847,0.10353454994789991,1.0208842404790301,
1838295,919.1475,-0.07082290832461537,1.4651952927574354,1.2720016607830769,0.29347574708751384,0.6077710352899296,0.5201309495788352,1.0428018740400062,0.17638186364600006,0.013567835665076928,0.1099436110806,0.008457200852353845,0.2863254747266001,0.3839812408783411,
1842300,921.15,-0.07358671151692307,1.4799895989016245,1.284036315406154,0.3030549877832414,0.6321996804092203,0.5374091907647044,1.0808650153726238,-0.021593034263999944,-0.0016610026356923034,0.130079184657,0.010006091127461538,0.10848615039300005,1.1990395473134348,
1846305,923.1525,-0.08168145326384613,1.5492267430225606,1.3422787556284612,0.2920990551317324,0.6035719819426331,0.5256832702388439,1.0398283281000986,-0.12452078612000012,-0.009578522009230778,0.1336101554308,0.010277704263907691,0.009089369310799872,14.699606855235393,
1850310,925.155,-0.0832728055846154,1.5377586267301737,1.3315139367076922,0.27832313493155475,0.5769371232210485,0.501710674617545,1.0031669245571921,-0.021731883284000053,-0.0016716833295384657,0.15902292914580002,0.012232533011215387,0.13729104586179997,1.1582906091769147,
1854315,927.1575,-0.06402151400538462,1.4829829300498392,1.2903659160253844,0.2911055732972187,0.6064065752082604,0.5157724817052883,1.0260924961088265,0.09798262268800001,0.007537124822153847,0.13572623953700003,0.010440479964384618,0.23370886222500004,0.5807492203968347,
1858320,929.16,-0.07390799430692306,1.5037352783902016,1.30494495997,0.29473481068069074,0.6108436838235161,0.5325129473680505,1.0576192238259308,-0.07623785735000005,-0.0058644505653846195,0.1112815299987,0.008560117692207693,0.03504367264869995,3.175509916276664,
1862325,931.1625,-0.06844718180923076,1.4681245581510398,1.275462008436923,0.2836807927784904,0.5883642548314143,0.5167690725874142,1.0258340966676454,-0.05894857644500018,-0.004534505880384629,0.1457743337327,0.011213410287130769,0.08682575728769981,1.6789295974657872,
1866330,933.165,-0.05911734012769225,1.49857477144387,1.3059696555184617,0.2945612984407038,0.6198598317361097,0.531724313723116,1.0787847467365361,-0.0077226534539998615,-0.000594050265692297,0.126346642155,0.009718972473461538,0.11862398870100013,1.0651019539855917,
1870335,935.1675,-0.06755919639538463,1.469963581121484,1.2774437482507692,0.28233179331526564,0.5869379579754327,0.5057091142175449,1.001828716003526,0.049459375439999786,0.003804567341538445,0.1386039303573,0.010661840796715385,0.1880633057972998,0.7370067742332012,
1874340,937.17,-0.03261458416153849,1.4467021011637253,1.2701811928076927,0.2751587481939391,0.5668327715884675,0.49921502895415387,0.98531319191077,0.01028471440800005,0.0007911318775384654,0.137390223335,0.010568478718076924,0.14767493774300006,0.9303557220664035,
1878345,939.1725,-0.07394376168076922,1.5068052575920536,1.3076324462884612,0.28526990682036235,0.5941847213797331,0.5177448917613069,1.0370828099138045,0.013509586445999977,0.0010391989573846137,0.1042331289546,0.008017932996507693,0.11774271540059998,0.8852618066431044,
1882350,941.175,-0.05253087099692311,1.4734178472097084,1.2862431865569233,0.28268877918500507,0.5864340933744795,0.5110499386190788,1.0178395848940944,0.0052632689469999105,0.0004048668420769162,0.13520238455269998,0.010400183427130767,0.1404656534996999,0.9625298511353798,
1886355,943.1775,-0.06245150474307694,1.4540731646656027,1.2652992147646154,0.28186318840518115,0.5836849015839856,0.5075522596313717,1.0064160554715553,-0.15638718752999986,-0.012029783656153835,0.150349446577,0.011565342044384615,-0.006037740952999859,24.901606038976993,
1890360,945.18,-0.04109167135615383,1.459672645309747,1.2784072710899999,0.28060469447565495,0.5811583554209547,0.5022942437230342,1.002509713430589,0.08673243969000005,0.006671726130000004,0.15129551757620002,0.01163811673663077,0.23802795726620007,0.6356207872128135,
1894365,947.1825,-0.06607999250615385,1.4035520377063426,1.2190960278784617,0.27470526980499194,0.5696697214020084,0.50320416411812,1.0014486517320964,0.11131846903600001,0.008562959156615386,0.11402145494249999,0.008770881149423076,0.2253399239785,0.5059975743729236,
1898370,949.185,-0.058245924794615406,1.4755467734519467,1.2859007303438463,0.27998973554023393,0.5858485475216393,0.510648849336622,1.020867652502406,0.14840517938000009,0.011415783029230776,0.13698042416919998,0.010536955705323075,0.28538560354920006,0.47998365182280384,
1902375,951.1875,-0.046110758411538416,1.417061729921159,1.2387685959115387,0.27342253352633694,0.5711685909489415,0.4927708399024438,0.9800700699038901,0.12645757199599994,0.009727505538153842,0.15409221686700003,0.011853247451307695,0.28054978886299997,0.5492508744757866,
1906380,953.19,-0.02065929999692307,1.401657800770602,1.234829095695385,0.2795928488360353,0.5826031263264668,0.5071501394348302,1.0149179319152817,-0.011535465704999914,-0.0008873435157692242,0.130266206335,0.010020477410384615,0.11873074063000008,1.0971565210811565,
1910385,955.1925,-0.04840012238769235,1.456203967663097,1.272580022996923,0.2837893478563337,0.594018965208187,0.5086522212452786,1.0168113295626222,0.05164249988200004,0.00397249999092308,0.12363927066649999,0.009510713128192306,0.17528177054850003,0.705374382513379,
1914390,957.195,-0.06487455735923078,1.4687034546474365,1.2773544054869233,0.2741657998277876,0.5685038759432781,0.49879176196816744,0.991211009017282,-0.002906754606000206,-0.00022359650815386198,0.1400516950497,0.010773207311515385,0.1371449404436998,1.021194763704706,
1918395,959.1975,-0.05428751614923077,1.4547332101665467,1.2690447202046153,0.2765157674550895,0.5797542057353596,0.4975613736710343,0.9956319279883351,0.10761304200500005,0.008277926308076927,0.15805484121850003,0.012158064709115386,0.2656678832235001,0.5949339427134752,
1922400,961.2,-0.06050469325384618,1.4328577417488357,1.2472231204692308,0.2665970078401203,0.5526592914789625,0.4881619807038043,0.9719743568644977,0.18285562842300013,0.014065817571000009,0.1437394139362,0.011056877995092307,0.3265950423592001,0.4401151128868349,
1926405,963.2025,-0.07315540772307692,1.5107867463549576,1.3114678630461538,0.2810298455325837,0.587958866689888,0.501157245965554,1.0074320417157436,0.10376234353000008,0.00798171873307693,0.14604710042,0.01123439234,0.24980944395000007,0.5846340238811454,
1930410,965.205,-0.05794380261000001,1.480984588308071,1.2908998452669231,0.2808198806341418,0.5820630461226459,0.5045219302847174,0.9963474211022899,-0.03935571758900014,-0.003027362891461549,0.14697232936000001,0.011305563796923077,0.10761661177099988,1.3657029982763829,
1934415,967.2075,-0.059907615186923086,1.423829667119512,1.239497739536154,0.2796337249939895,0.5782263724345662,0.5154036453013687,1.0176167723587974,0.2142752558130001,0.016482711985615392,0.1205766634125,0.009275127954807692,0.3348519192255001,0.36008950968950476,
1938420,969.21,-0.06560597511615388,1.470692303997911,1.2788409040530768,0.28164635119627507,0.5902021950113552,0.5048108175600521,1.0106591318628741,-0.08057388664999998,-0.006197991280769229,0.146654449406,0.011281111492769232,0.06608056275600002,2.219328094216086,
1942425,971.2125,-0.07076602256615389,1.4253691719304407,1.2366463083415384,0.2731451275623002,0.5656635536844065,0.5014031479812739,1.0020535498540952,0.031154885893000084,0.0023965296840769293,0.150241570543,0.011557043887923077,0.18139645643600008,0.8282497546803397,
1946430,973.215,-0.05864396920384611,1.4202042298093092,1.236740914673077,0.27652756569554054,0.5761723995484169,0.5017751031503271,1.0077123759776836,0.04511175305699999,0.003470134850538461,0.15261471551099998,0.011739593500846152,0.19772646856799997,0.771847677330637,
1950435,975.2175,-0.059302531756923085,1.4296453837620113,1.2448840691507692,0.2738671407297123,0.5686643302678839,0.4995421775904965,0.9947659752064161,0.09314920752500011,0.00716532365576924,0.09757459815310002,0.007505738319469232,0.19072380567810013,0.5116015685938257,
1954440,977.22,-0.040358625917692285,1.3747763554582286,1.2034775202053847,0.2713099737484338,0.5644556575388724,0.4902246872026368,0.9800129742551991,0.06578820942500002,0.005060631494230771,0.1474696472301,0.011343819017700001,0.21325785665510003,0.6915086250191538,
1958445,979.2225,-0.06832790375692305,1.441669079585854,1.2520647415815385,0.2806489672148451,0.5820338913068493,0.5180578673890875,1.0304995441423803,-0.02481567858799999,-0.0019088983529230762,0.13569654804200001,0.01043819600323077,0.11088086945400003,1.2238048701295132,
1962450,981.225,-0.07782660539153843,1.4395473796426541,1.246570628423846,0.2730006611171002,0.5656167043842553,0.5021599809531179,0.9996247558016397,0.08544459938499999,0.0065726614911538455,0.1455591288345,0.011196856064192308,0.2310037282195,0.6301159291082504,
1966455,983.2275,-0.06166640612076926,1.4434459480808401,1.2562115467561539,0.2673585948245053,0.5566176045732025,0.4909565705973362,0.9798647827875088,0.07616836577799996,0.0058591050598461505,0.167093790132,0.012853368471692307,0.24326215590999994,0.686887730263395,
1970460,985.23,-0.07111111971384612,1.442509347435922,1.251793687163077,0.26974696798286435,0.5603133926568885,0.49853413274844294,0.9904060256172736,0.11761573701900008,0.00904736438607693,0.13835886865480002,0.010642989896523078,0.2559746056738001,0.5405179482183359,
1974465,987.2325,-0.052914949563076914,1.4295156093208692,1.2472079350369232,0.2616434987400842,0.5491362568887095,0.47992557237090305,0.959281288977335,0.007403202357000094,0.0005694771043846226,0.1295158145904,0.009962754968492308,0.1369190169474001,0.9459300649241137,
1978470,989.235,-0.06488132936076924,1.4301691839887123,1.2431979133623077,0.26149353054383,0.5403227709294289,0.49267352513759555,0.9822929801353609,-0.04262672365499992,-0.0032789787426923014,0.14062987268,0.010817682513846153,0.09800314902500007,1.4349525916164803,
1982475,991.2375,-0.03529517925923076,1.386407088764236,1.215725288940769,0.2761730533675669,0.5753467275298577,0.5065513251501718,1.0106096143863634,-0.08236145228599973,-0.006335496329692287,0.15192024223609996,0.011686172479699997,0.06955878995010023,2.1840552767678076,
1986480,993.24,-0.05832329621153845,1.4090703802851567,1.2269695126038462,0.26054544069659197,0.5413072606270215,0.48909803493036874,0.9746225062255407,0.1645191237180002,0.012655317209076939,0.1546435300246,0.011895656155738461,0.3191626537426002,0.4845289015215346,
1990485,995.2425,-0.09697516148153845,1.4300362503446253,1.230764187303077,0.25771656717058633,0.5364177251364666,0.4711102078954511,0.9320349863963822,0.039168514322000025,0.003012962640153848,0.16541436779920002,0.012724182138400002,0.20458288212120004,0.8085445179191697,
1994490,997.245,-0.047553630980769215,1.3815126150238086,1.2066608392346154,0.25747626450545213,0.5322984184328023,0.47762611902983687,0.9499055400756894,-0.08143278211599991,-0.006264060162769224,0.12267195899019999,0.009436304537707692,0.041239176874200076,2.9746461566003184,
1998495,999.2475,-0.06222454859230769,1.3716070347002605,1.192283726653846,0.25758107395813745,0.5290177247447856,0.4820583620183711,0.954863176657757,-0.010674886393000016,-0.0008211451071538473,0.153406348079,0.01180048831376923,0.14273146168599998,1.0747900026168307,
2002500,1001.25,-0.06212251002923074,1.4018008790095136,1.2190708563861539,0.26855827069995336,0.5594715006133305,0.49293923801469125,0.9792656094116728,0.03802211584500004,0.00292477814192308,0.1322683934137,0.010174491801053846,0.17029050925870004,0.7767220498046781,
2006505,1003.2525,-0.06372095071615386,1.3908131392188496,1.208744168283846,0.26898468241856643,0.5593755283187724,0.49740790951400354,0.9893239264553016,-0.02947545793599987,-0.0022673429181538363,0.13033238682249998,0.010025568217115383,0.10085692888650011,1.2922502029500644,
2010510,1005.255,-0.06528635667538461,1.3516048753031744,1.1733856430476923,0.2692903555370083,0.56269884016569,0.4944259633977233,0.9874527621861242,-0.050007291136000054,-0.003846714702769235,0.1531436117376,0.011780277825969231,0.10313632060159994,1.4848659603552339,
2014515,1007.2575,-0.059178292750769246,1.4077104477898517,1.2254528128184616,0.25942401752714705,0.5374623308623343,0.4856439028683174,0.9581513808281347,0.10959865898399984,0.008430666075692296,0.17612919258270002,0.013548399429438463,0.2857278515666999,0.6164229059818647,
2018520,1009.26,-0.04395940211846156,1.3573356732796404,1.1866262646815384,0.2591758807455455,0.5394780147067681,0.4863475407228054,0.9740033290073797,-0.006336353720999943,-0.0004874118246923033,0.1546996100844,0.011899970006492308,0.14836325636340006,1.0427083758897804,
2022525,1011.2625,-0.05395040603076922,1.3789709608595913,1.2019488398769231,0.24942723388304733,0.5174096812051096,0.46500117004391883,0.9191876460040177,-0.03826012460699996,-0.0029430865082307658,0.1662911828607,0.012791629450823076,0.12803105825370004,1.298834713458242,
2026530,1013.265,-0.0667492334676923,1.407626778419396,1.2224743641323077,0.25497801811705256,0.5282726333505103,0.4817368904232494,0.9599432016540179,-0.015937343248999758,-0.001225949480692289,0.1435851426851,0.011045010975776924,0.12764779943610025,1.1248540383728112,
2030535,1015.2675,-0.058207351429230766,1.3825761917860127,1.203504429416923,0.2583248296762632,0.5410704119323192,0.47591178977121285,0.9474620006356173,0.10139773040600003,0.007799825415846156,0.1695303018242,0.013040792448015386,0.2709280322302,0.6257392431070212,
2034540,1017.27,-0.03765772856769228,1.34582902937804,1.1787808950169232,0.25912633040667926,0.5387955399567357,0.4845578189186478,0.9622246030789497,0.08350534737499998,0.006423488259615384,0.154038653706,0.011849127208153846,0.237544001081,0.6484636656998737,
2038545,1019.2725,-0.05526713224615387,1.3504066357311286,1.176129102707692,0.2578930366093917,0.5355965387938465,0.4836316418052193,0.9567294944109174,0.023990206434000017,0.0018454004949230783,0.14313509175259997,0.011010391673276922,0.1671252981866,0.8564537703489133,
2042550,1021.275,-0.046663178843846145,1.3382423304972988,1.1686463676946155,0.25337559029420476,0.5205925935296023,0.4711097407037877,0.9270357348470183,0.08641690760300003,0.006647454431000002,0.165819630959,0.012755356227615384,0.252236538562,0.6573973457784402,
2046555,1023.2775,-0.06391075940769236,1.3736215150949806,1.1934199883307692,0.25794917834639264,0.5348949423988973,0.46935125496188973,0.9290000287404971,0.07206420601399982,0.005543400462615371,0.1715118680095,0.013193220616115385,0.24357607402349982,0.7041408672715236,
2050560,1025.28,-0.05110374322076922,1.3451916170975553,1.1731068491946155,0.25377577440004984,0.5264533401377368,0.46704461696350447,0.9245895634946566,0.02084925771799989,0.001603789055230761,0.14276632014519997,0.010982024626553843,0.16361557786319986,0.8725716830249983,
2054565,1027.2825,-0.0883588790846154,1.3401839363422083,1.1544036498384616,0.25448036472189633,0.5293526312411615,0.46894515804746045,0.9304430826526886,-0.009821377686999921,-0.0007554905913076862,0.15699812583900002,0.01207677891069231,0.1471767481520001,1.0667318568341833,
2058570,1029.285,-0.07802484585461533,1.3651584239414851,1.1804259923761538,0.2586134248540012,0.5386944335811459,0.4755066921909559,0.9506015436897736,-0.037341132763999973,-0.002872394827999998,0.18589164316700002,0.01429935716669231,0.14855051040300005,1.2513699391721904,
2062575,1031.2875,-0.07989614743692303,1.3811614976334317,1.1938636944861538,0.2575217034458718,0.5370900210488663,0.48243844891468035,0.9557866002572323,0.06532669066099983,0.005025130050846141,0.165054646323,0.012696511255615384,0.23038133698399982,0.7164410471949956,
2066580,1033.29,-0.031229129200769232,1.3269241374915342,1.1645092964146155,0.26384218260136877,0.5481538620991689,0.48245606928045154,0.9611951276104945,-0.07750107349300006,-0.005961621037923082,0.154187512584,0.011860577891076925,0.07668643909099995,2.010622926447705,
2070585,1035.2925,-0.061049117500000034,1.3844062746452594,1.2040181297615384,0.2629692297326652,0.5429139029860404,0.48595178630624825,0.9609627497249696,0.12618576733599995,0.009706597487384613,0.181267046373,0.01394361895176923,0.30745281370899996,0.5895768010260165,
2074590,1037.295,-0.057479248599230745,1.3451948198207666,1.1706280570776924,0.2592658464448242,0.5390974886553979,0.47733074896729166,0.9497032711130884,0.02797976137700009,0.0021522893366923146,0.18040110357099998,0.013877007966999998,0.20838086494800007,0.865727779832461,
2078595,1039.2975,-0.05706628010538461,1.3605688031609895,1.184404827079231,0.2515112106555638,0.520455494094901,0.471928222716546,0.9358578406741935,0.07562415302500014,0.005817242540384626,0.159763963894,0.012289535684153845,0.23538811691900013,0.6787256977334021,
2082600,1041.3,-0.06987080665461534,1.361459569899574,1.1802846422530768,0.25011484046854837,0.5195679172004211,0.4667218680270913,0.9335812576523002,0.00027862192299993316,2.1432455615379474e-05,0.170410428193,0.013108494476384616,0.17068905011599994,0.9983676637557559,
2086605,1043.3025,-0.04940281922846151,1.362381506243691,1.188963344463846,0.24905429926700437,0.51621220857645,0.4649083588048078,0.916400344853117,-0.0013562291799997794,-0.00010432532153844457,0.1709578176929,0.013150601360992307,0.16960158851290022,1.007996559418408,
2090610,1045.305,-0.05369251507692311,1.3654617695794138,1.1900436419692308,0.24769202843034785,0.5142581260451352,0.46681247170960616,0.9318249863998324,0.04237090051200004,0.0032593000393846185,0.185576874759,0.01427514421223077,0.22794777527100005,0.8141201401872574,
2094615,1047.3075,-0.059394827253846136,1.3583710398430608,1.1815791221769232,0.2512404909681289,0.5220321568325521,0.4708593795732527,0.9353963777311312,-0.03092344104200012,-0.0023787262340000093,0.193050717936,0.014850055225846155,0.1621272768939999,1.190735585241576,
2098620,1049.31,-0.052954412417692324,1.3521021856351731,1.178531009413077,0.25136988861921244,0.5207219026185823,0.4723681309758916,0.9358737869440261,-0.06631397456900001,-0.005101074966846155,0.15688965376209998,0.012068434904776921,0.09057567919309997,1.7321388606716823,
2102625,1051.3125,-0.07350408571923077,1.3588108467028657,1.1765341346038463,0.24135298046958775,0.4981289945984609,0.4590416078696113,0.9058891022398674,-0.05462872235900007,-0.004202209412230775,0.200936009179,0.015456616090692309,0.14630728681999994,1.3733834694522709,
2106630,1053.315,-0.0384740646123077,1.3138900223192853,1.1501315557107694,0.24180289216678078,0.5025619152228997,0.4481443508367776,0.8843483189196427,0.016798935858999997,0.001292225835307692,0.19410284049800003,0.014930987730615387,0.21090177635700003,0.9203471106352186,
2110635,1055.3175,-0.07272513096000005,1.3656686313908697,1.1829471404707692,0.25461886917695437,0.5306315908323395,0.4733430738332659,0.947338391667897,-0.020322561257000216,-0.0015632739428461705,0.16337451525149999,0.012567270403961538,0.14305195399449977,1.1420641989817322,
2114640,1057.32,-0.08267336166307696,1.3563615901445727,1.1708924265984615,0.25598594725800145,0.534473668605327,0.47285993642703067,0.9454346654358889,0.027629867197000002,0.002125374399769231,0.18672682158229997,0.01436360166017692,0.21435668877929998,0.8711033121740022,
2118645,1059.3225,-0.0432022809946154,1.3291087671953634,1.1618457115592309,0.245617389785918,0.5094430078633556,0.4535992707856741,0.9031195627774745,-0.04775486886999997,-0.003673451451538459,0.1912720575927,0.01471323519943846,0.14351718872270003,1.332746685571375,
2122650,1061.325,-0.04948175871000001,1.3251365842995826,1.155905430136154,0.2517489116037202,0.5218257770623188,0.4663444515142353,0.9255011022304125,-0.14387810231000003,-0.011067546331538464,0.172945118505,0.013303470654230768,0.02906701619499996,5.949875189967025,
2126655,1063.3275,-0.05401592988307692,1.2807055250318604,1.1147837455476926,0.2455354116153199,0.5094480884774415,0.45536492276307394,0.9011173383209098,-0.16069366782999983,-0.012361051371538449,0.17546027899099997,0.013496944537769229,0.014766611161000143,11.882230599692722,
2130660,1065.33,-0.05188669607384617,1.3426425568271476,1.170480150433846,0.25514804802447427,0.5295093992177166,0.4794724152898079,0.9568306033881614,-0.0362522527550001,-0.0027886348273077,0.19016499910399998,0.014628076854153845,0.15391274634899987,1.235537690119553,
2134665,1067.3325,-0.061293115986153834,1.3287768027466578,1.1546164567676924,0.2521003687401467,0.5238640550019363,0.475151550433577,0.9475792227266812,-0.02238828687999994,-0.0017221759138461494,0.196898756545,0.015146058195769231,0.17451046966500006,1.1282919410106325,
2138670,1069.335,-0.056509705697692314,1.3442509567556318,1.1701458325792309,0.2454002747158159,0.5091203606117077,0.45535767317877757,0.9015030446009823,-0.06905118377200004,-0.00531162952092308,0.214155090973,0.016473468536384615,0.14510390720099997,1.4758740484937416,
2142675,1071.3375,-0.07442256578769225,1.3609931407485871,1.1781045244276924,0.2443795307131548,0.508949428412424,0.4604842095655424,0.918387558509993,0.0445788204580001,0.003429140035230777,0.203633233902,0.01566409491553846,0.2482120543600001,0.8204002598788205,
2146680,1073.34,-0.0553080164446154,1.3310263181007262,1.1588888305861538,0.23979320975901322,0.4966336293480395,0.4388540688823784,0.8710133422172438,-0.0005675256379999993,-4.365581830769226e-05,0.22266830038700003,0.017128330799000002,0.22210077474900003,1.0025552618564315,
2150685,1075.3425,-0.06267321109999999,1.3283012019226441,1.1536091199307692,0.24532629391794225,0.5077026472244378,0.4605104970109221,0.91674021625103,-0.10425646604000005,-0.00801972815692308,0.172205964104,0.013246612623384614,0.06794949806399994,2.534322828136324,
2154690,1077.345,-0.04522999892615384,1.3121157584852254,1.1460036910584617,0.24095862570164714,0.5015318075587989,0.4465203319599703,0.8895824874727292,0.1315997242789999,0.010123055713769223,0.20783825219,0.01598755786076923,0.33943797646899987,0.6123011171349633,
2158695,1079.3475,-0.04848259687230771,1.3118918954480803,1.1445293472353846,0.2488356191887129,0.5135969713816231,0.46112050924888454,0.9145020083847666,-0.0603950470789999,-0.004645772852230761,0.193156803024,0.014858215617230771,0.13276175594500012,1.4549129879241733,
2162700,1081.35,-0.04304155936923075,1.2968003194863253,1.1332937754153847,0.25683645826824086,0.5383003124618325,0.4780823300284107,0.9625503685111391,-0.023407176137999863,-0.001800552010615374,0.19282747525,0.01483288271153846,0.16942029911200013,1.1381603990825555,
2166705,1083.3525,-0.06238801662153848,1.3278292069427762,1.1533222198400002,0.240750091675839,0.4981333139790854,0.4560288080362469,0.907876599626367,-0.01492201537600002,-0.0011478473366153862,0.19715866074299998,0.015166050826384614,0.18223664536699996,1.0818826276457685,
2170710,1085.355,-0.07134617751076924,1.3498338527298606,1.1694053090584615,0.24943073520897416,0.5174250744017204,0.46616405389758897,0.9249759494874653,-0.01391731950000008,-0.0010705630384615446,0.19738179725000002,0.015183215173076924,0.18346447774999994,1.0758583877962724,
2174715,1087.3575,-0.052974549615384614,1.3040686072885295,1.1358957886615384,0.24297645472269688,0.5028470138623681,0.45693253749863605,0.9099389003325976,0.12219113112500002,0.009399317778846155,0.19202341605200002,0.014771032004000002,0.31421454717700004,0.6111219794792996,
2178720,1089.36,-0.03550994396000002,1.2894104145440761,1.1296208546707693,0.24063225816543543,0.49812574272765325,0.44080296764789406,0.8710421278420947,0.04021160303300003,0.0030932002333076947,0.186055733819,0.014311979524538462,0.22626733685200004,0.8222827757976302,
2182725,1091.3625,-0.05506512752076921,1.3153795914603046,1.1451134773407694,0.2397398813274584,0.4972645485111387,0.4448522098005782,0.8838219617939441,0.019637428209000163,0.0015105714006923203,0.19769080821600005,0.015206985247384619,0.2173282364250002,0.9096416161469335,
2186730,1093.365,-0.050651481513076926,1.3196424159389735,1.1505967241023076,0.24972997613814216,0.5189359379369868,0.4676063528927092,0.9342051891792165,0.014530733214000058,0.0011177487087692351,0.1532702120055,0.011790016308115384,0.16780094521950006,0.9134049382439864,
2190735,1095.3675,-0.035427276903076906,1.2804500966365886,1.1216993148507692,0.2524201193517141,0.5254364213925328,0.47087836033069796,0.9341491857930753,-0.009638771399999913,-0.0007414439538461471,0.15165697410899998,0.01166592108530769,0.14201820270900006,1.0678699717088385,
2194740,1097.37,-0.04919141071923076,1.2933320109097441,1.1278284237884615,0.23615674514392865,0.4858586239338327,0.4418587455244919,0.8736152909744614,-0.02568750828999994,-0.0019759621761538415,0.154097774995,0.011853674999615383,0.12841026670500005,1.2000424806297807,
2198745,1099.3725,-0.05657166242538463,1.3157831374907543,1.1448837106053846,0.24504843170287843,0.5105382083497549,0.4588900254662521,0.9152404953274972,-0.06022155284999997,-0.00463242714230769,0.16752438340859999,0.012886491031430768,0.10730283055860002,1.5612298625907346,
2202750,1101.375,-0.041841992967692344,1.3339051785305804,1.16655440514,0.24182893311058853,0.5011498892980569,0.45301372985287863,0.9036587934173521,0.011352993541999978,0.0008733071955384599,0.2023979146,0.015569070353846155,0.21375090814199998,0.9468868055781176,
2206755,1103.3775,-0.05715997403307692,1.3227300245128708,1.1508096181515384,0.24015592364876992,0.4990210514688418,0.4455224209554383,0.8866135120356666,0.07927078753599992,0.006097752887384609,0.18718879670099997,0.014399138207769228,0.2664595842369999,0.70250352314033,
2210760,1105.38,-0.03202895017076922,1.2601443252299596,1.10496383446,0.23786463904748556,0.4917225331582751,0.4442418171128078,0.8794096203978718,-0.04627737400999993,-0.0035597980007692253,0.192842393182,0.01483403024476923,0.14656501917200007,1.315746378443082,
2214765,1107.3825,-0.038955220811538446,1.2839529890998669,1.1234449331576923,0.2330460829699686,0.4820871848289747,0.4436443918630394,0.8817127132277853,0.08577629178099994,0.006598176290846149,0.1866001738225,0.014353859524807692,0.27237646560349993,0.685081853195551,
2218770,1109.385,-0.05167575982692307,1.3136671675922424,1.1449074378346153,0.23506999612579757,0.484472453521689,0.4440675780330673,0.8771885202534947,-0.08909502623999999,-0.006853463556923076,0.1696105934685,0.013046968728346153,0.0805155672285,2.1065565244936026,
2222775,1111.3875,-0.04690687014692308,1.3403995997533282,1.1704044754684617,0.23733799537045358,0.49163274251715205,0.45352025373042576,0.9021831428363548,-0.02569551019399996,-0.0019765777072307663,0.1856711031821,0.014282392552469231,0.15997559298810005,1.1606214405213136,
2226780,1113.39,-0.05402696132846153,1.3225044697539998,1.1518333049946154,0.2326344496808885,0.48137425016231833,0.4321420540758135,0.8561208669988146,0.03179581463800013,0.002445831895230779,0.179267977365,0.013789844412692308,0.21106379200300013,0.849354480291209,
2230785,1115.3925,-0.04320413789999999,1.3044658106522986,1.140015808423077,0.23582575035314382,0.4872542088462466,0.4492225295404665,0.8916637307330849,0.03653065115299997,0.0028100500886923054,0.191064421087,0.014697263160538461,0.22759507223999997,0.8394927851756023,
2234790,1117.395,-0.037137425864615374,1.2898604652403551,1.1293908541046154,0.24295213944873564,0.5055125100355392,0.4568210018884185,0.9073905531876901,-0.045267350970000064,-0.003482103920769236,0.183370625598,0.014105432738307692,0.13810327462799993,1.3277789834595441,
2238795,1119.3975,-0.03666327549,1.2800549974005404,1.1208925063715385,0.24441895890437298,0.5070100599735866,0.4560211988731152,0.9060733536151793,-0.09536551684999978,-0.007335808988461521,0.16155089158299998,0.012426991660230768,0.06618537473300021,2.4408850480142448,
2242800,1121.4,-0.0529204927923077,1.2895717378563265,1.1230837335923076,0.24742565575620004,0.5155226301023126,0.45869114457615995,0.9141855950780735,-0.006734006088000011,-0.0005180004683076931,0.153967134651,0.011843625742384616,0.147233128563,1.0457370304748947,
2246805,1123.4025,-0.03540585132615385,1.2775462462488993,1.1191421701353848,0.23580535765648847,0.48970302808724253,0.44410394425828825,0.8833347470946074,-0.020100966100000117,-0.0015462281615384705,0.1820284444861,0.014002188037392308,0.1619274783860999,1.1241356087326413,
2250810,1125.405,-0.051760027046153866,1.3002172854214649,1.1329298798923078,0.23749786075457402,0.49255512410481994,0.44818793282394903,0.8893793643657041,0.05005321653099992,0.0038502474254615325,0.162731843998,0.012517834153692307,0.21278506052899993,0.7647710022190289,
2254815,1127.4075,-0.02693131336538462,1.261545879943453,1.1081824394346154,0.23346236003678392,0.48309955105563385,0.44345333524011227,0.8839807591022016,0.04823059589900003,0.0037100458383846177,0.1718398975171,0.013218453655161538,0.22007049341610002,0.7808402428225231,
2258820,1129.41,-0.04544133405923077,1.2961087375274551,1.1317453200946155,0.2332598720822934,0.4805837172346529,0.4339968272202777,0.8616919293189651,-0.10989564657000006,-0.00845351127461539,0.1554947570009,0.011961135153915385,0.04559911043089995,3.4100392646153455,
2262825,1131.4125,-0.03407646142615384,1.2930767005369341,1.1334212101430767,0.23877601582079883,0.4943377958175538,0.4470853702458188,0.8846924954932296,0.09194761514300015,0.007072893472538473,0.1591581371654,0.012242933628107692,0.25110575230840015,0.6338291166262372,
2266830,1133.415,-0.04807750536692306,1.2896502301449912,1.1250034341407693,0.22691291879695719,0.46878020173242557,0.42172505507852365,0.8277836224132094,-0.024986863149999983,-0.0019220663961538448,0.1629063123869,0.012531254798992308,0.13791944923690003,1.181169974853081,
2270835,1135.4175,-0.0540202168346154,1.2820660798538177,1.1159965487653847,0.23523249875492835,0.4899976706683438,0.4458916730449151,0.894907529519767,0.09078070521399989,0.006983131170307684,0.172182005829,0.013244769679153846,0.2629627110429999,0.6547772691651503,
2274840,1137.42,-0.05323468264153845,1.3018887245259478,1.13388843262,0.2426394337441636,0.5041529165035659,0.4554822143015981,0.9099926921014145,-0.041829481720000006,-0.0032176524400000005,0.18099275604099996,0.013922519695461535,0.13916327432099995,1.300578453073146,
2278845,1139.4225,-0.04781148066307693,1.296594828192832,1.1312852547676921,0.23568037752651116,0.491911806384896,0.4441121610874849,0.8838819136038936,-0.034970998760000094,-0.002690076827692315,0.201555374082,0.01550425954476923,0.1665843753219999,1.2099296449165942,
2282850,1141.425,-0.04466545581615382,1.3106892597964388,1.144974479306923,0.23950967642270227,0.49667853868068307,0.44991417391954475,0.8918541711325695,-0.00731622427000006,-0.0005627864823076969,0.1765383509968,0.013579873153599998,0.16922212672679993,1.0432344422772308,
2286855,1143.4275,-0.060033000431538475,1.337658424528023,1.1629731196607693,0.2324142739926609,0.47988864789041935,0.4389013888551044,0.8699467272753757,0.08497822284399997,0.006536786372615382,0.186470568183,0.01434388986023077,0.271448791027,0.6869456573282453,
2290860,1145.43,-0.052458313787692314,1.3045752995401287,1.1365192028123077,0.23554634047446038,0.4885513955408749,0.44106400842560833,0.8804414155087305,0.0025131404370001276,0.00019331849515385595,0.17877625767599997,0.013752019821230766,0.1812893981130001,0.9861374108847024,
2294865,1147.4325,-0.042985893213076935,1.2701827033044093,1.109689937186923,0.2340432533395098,0.48785540801370963,0.43944112398230106,0.8779015957909806,0.0714667215960001,0.005497440122769238,0.1711056763347,0.01316197510266923,0.2425723979307001,0.7053798280197682,
2298870,1149.435,-0.053102832576153856,1.2738201066347226,1.1090422318546154,0.22803377015200105,0.47217170613458287,0.4355608442183429,0.8622410317500603,0.05430699139799999,0.00417746087676923,0.19608496129699998,0.01508345856130769,0.250391952695,0.7831120736370037,
2302875,1151.4375,-0.06236534851999999,1.305637606547332,1.1336786746953846,0.231979416305102,0.4798224215002037,0.43698274325368097,0.8679764647640502,0.08299564568599999,0.006384280437384615,0.197662618007,0.01520481676976923,0.28065826369299995,0.7042821950299482,
2306880,1153.44,-0.04376306442307691,1.296940698310003,1.1330958925769232,0.2333053202746997,0.48472070615492413,0.44179785111778114,0.8769326838581244,0.1224516034,0.009419354107692308,0.168973124589,0.012997932660692307,0.291424727989,0.5798173880267908,
2310885,1155.4425,-0.039366767962307696,1.294643924143,1.13276278973,0.228069846138165,0.4712208128848189,0.43484162402149795,0.8643743325617881,0.05803320557599995,0.004464092736615381,0.17206824756999997,0.013236019043846152,0.23010145314599992,0.7477929635708223,
2314890,1157.445,-0.05104134632999999,1.2827293637569166,1.1176837407623077,0.2310649935766724,0.4809180593343979,0.4347951281180929,0.8621766140279911,-0.048380695279999886,-0.0037215919446153757,0.16713250800520002,0.01285634676963077,0.11875181272520013,1.4074101621670074,
2318895,1159.4475,-0.038094084986923064,1.2618403150509063,1.1041625050284616,0.23292956758929984,0.4834467589984997,0.43658090681881867,0.8666157331314023,0.002683140337999934,0.00020639541061537954,0.1709356103136,0.013148893101046154,0.17361875065159993,0.9845457916962888,
2322900,1161.45,-0.04839838926384618,1.2617344911457045,1.100119512813077,0.22484635246175494,0.46744307353755105,0.42801907926915245,0.8477711021426589,0.038112811739999974,0.0029317547492307672,0.179013799878,0.013770292298307693,0.21712661161799998,0.8244673397885771,
2326905,1163.4525,-0.06628661430076924,1.3154331265605932,1.1408427907761538,0.23787207214186823,0.49311021940903493,0.4446067545991178,0.8824650655812517,0.02091082186399995,0.001608524758769227,0.161130477675,0.012394652128846153,0.18204129953899995,0.8851314404096523,
2330910,1165.455,-0.057309957646153875,1.2389117033104382,1.0764811038923079,0.2246761137117132,0.4644796249425814,0.4236770121694029,0.8359379987350454,0.06611526757900005,0.005085789813769235,0.176117569205,0.013547505323461538,0.24223283678400004,0.7270590211600614,
2334915,1167.4575,-0.039965739618461546,1.2488757675329363,1.091903649843077,0.23676348035813508,0.49323636320536285,0.4502071733406894,0.9031721214774998,-0.04433523864199995,-0.003410402972461535,0.16073799784999998,0.012364461373076922,0.11640275920800003,1.3808779013801327,
2338920,1169.46,-0.060802056236153874,1.287711051898023,1.1184130631946154,0.2383647409856992,0.49526370338034464,0.4570934852936367,0.9156486995646002,0.06568332761499995,0.005052563662692304,0.171389788392,0.013183829876307692,0.23707311600699996,0.7229406323192692,
2342925,1171.4625,-0.06307361675538457,1.289434461736266,1.1190802684138461,0.22843587507321553,0.4757695256582694,0.43141113687619526,0.8565933029843158,0.04754281789999998,0.003657139838461537,0.195189553312,0.015014581023999999,0.24273237121199998,0.8041348269181758,
2346930,1173.465,-0.04669486100384616,1.228596406061675,1.0714019491038462,0.231363341592966,0.48121468362808245,0.43889811608389206,0.8734336561080949,0.03930819780100003,0.003023707523153849,0.167379188357,0.012875322181307693,0.20668738615800003,0.8098181096985217,
2350935,1175.4675,-0.06382283797769228,1.3123447886772412,1.1391080526223076,0.22773883373125228,0.4727744790012606,0.43567472053978046,0.8636385985507748,-0.07460227606999992,-0.005738636620769224,0.193656912071,0.014896685543923077,0.11905463600100008,1.6266221843672954,
2354940,1177.47,-0.048786291716923065,1.2682078355719542,1.1057054262984616,0.22358121367471104,0.46322642822591664,0.4303721572761709,0.8554537975060275,0.04074263572699993,0.003134048902076918,0.17958636768,0.013814335975384616,0.22032900340699993,0.8150827394624093,
2358945,1179.4725,-0.03871856285923078,1.2735689889223818,1.1143236618792307,0.22856439389641187,0.475600718927245,0.43193438946307583,0.8518707843625617,-0.07799278197999998,-0.005999444767692306,0.17899343650900001,0.013768725885307694,0.10100065452900003,1.772200757942674,
2362950,1181.475,-0.053449786634615366,1.2607961205047258,1.0973477088576922,0.22169007845615124,0.4563965879188962,0.43160245329943225,0.852863419472907,0.0539108887569999,0.004146991442846146,0.176747139544,0.013595933811076924,0.2306580283009999,0.7662735212205654,
2366955,1183.4775,-0.04437474104384615,1.2645494516319753,1.1041546784946152,0.2266009301444918,0.47342295632029335,0.4289112137364303,0.858520482850694,-0.016162484869999993,-0.0012432680669230765,0.19491064361700003,0.014993126432076925,0.17874815874700004,1.0904204271713722,
2370960,1185.48,-0.0420022102546154,1.2445180781517025,1.087308672760769,0.21346932475088837,0.44083366552221653,0.4097050817988949,0.8106340154590317,-0.05200688541999998,-0.004000529647692306,0.181547878308,0.013965221408307693,0.12954099288800003,1.4014704863731025,
2374965,1187.4825,-0.026901689853076925,1.2603242427819283,1.1071032148084616,0.22254482990307162,0.45970978641651195,0.421122310502555,0.8327840876821588,-0.008905515099999928,-0.0006850396230769176,0.181812010709,0.013985539285307692,0.17290649560900007,1.0515048036144246,
2378970,1189.485,-0.05883213189692306,1.2718838447457115,1.1050861431953847,0.22560273861875757,0.4680438993294173,0.431058564237122,0.8615304365866484,-0.043793722977999994,-0.003368747921384615,0.19835423957499998,0.015258018428846153,0.154560516597,1.2833435339258565,
2382975,1191.4875,-0.056286156181538476,1.2758107731354689,1.1096000442184617,0.2266542200209507,0.470960156707686,0.42934801659077537,0.8499607482978527,0.01118703187000003,0.0008605409130769254,0.174182982184,0.013398690937230768,0.18537001405400003,0.93965026152104,
2386980,1193.49,-0.07533602989846153,1.265478172879849,1.0931062744246154,0.2241378100670689,0.4665947939058218,0.4243314972304258,0.8433231078233352,0.02101819217600015,0.001616784013538473,0.192314879037,0.014793452233615386,0.21333307121300016,0.9014771031209936,
2390985,1195.4925,-0.04853029434461539,1.2568695382228312,1.0957429500707694,0.2237409990809298,0.4627743194056619,0.4249806523794183,0.8398858248556175,0.08021257818699995,0.006170198322076919,0.152726318691,0.011748178360846155,0.23293889687799996,0.6556497035829499,
2394990,1197.495,-0.05947505969153847,1.2632128182305817,1.0971534389700002,0.22112173799537002,0.45916003192673965,0.4239712871424828,0.8442562658197076,-0.06295081973000005,-0.004842370748461542,0.175227814354,0.013479062642615385,0.11227699462399995,1.5606742497945691,
2398995,1199.4975,-0.044740782338461536,1.2428071344420581,1.0846828176461538,0.213994994754579,0.4410547568012824,0.4113310206594242,0.8146359700397763,-0.0002070367399999995,-1.5925903076923037e-05,0.166037921796,0.012772147830461537,0.165830885056,1.0012484811856976,
2403000,1201.5,-0.06248905565769231,1.2700693295825907,1.1020594147423077,0.22278315691671421,0.4621176562347481,0.4290413455064239,0.8510968726690626,-0.015518605699999966,-0.0011937388999999974,0.162568555214,0.012505273478,0.14704994951400002,1.1055328869631642,
2407005,1203.5025,-0.05313653670692306,1.2633476635200074,1.099698428923846,0.2192850718712225,0.4573074518453789,0.4168891575852736,0.8293675219179801,-0.009756617249999933,-0.000750509019230764,0.174402081404,0.013415544723384614,0.16464546415400005,1.0592583421604262,
2411010,1205.505,-0.041147149524615366,1.2659957678979497,1.1066313798599998,0.2222738964291107,0.46009787529830753,0.42422620190593197,0.8461187272191646,-0.013203784826000042,-0.001015675755846157,0.1657173698758,0.012747489990446153,0.15251358504979995,1.0865744833267714,
2415015,1207.5075,-0.057531086303076934,1.2557854878141506,1.0913015099738461,0.22437161090008934,0.4669976273727723,0.4304575663040037,0.8600698144977248,0.02760877459100003,0.0021237518916153867,0.166046463889,0.012772804914538461,0.19365523848000002,0.8574333707277877,
2419020,1209.51,-0.04833463980538461,1.269764902073821,1.1072099713176924,0.21607209672325628,0.4476171160060907,0.415648776918179,0.8258556686989498,0.06310380995199999,0.004854139227076922,0.18532542883699998,0.014255802218230768,0.24842923878899997,0.7459887964089591,
2423025,1211.5125,-0.055002570151538456,1.2667572602513906,1.102005582586923,0.21960637546051268,0.4552587726284382,0.41745213392263786,0.8280947763874656,0.09202472120599997,0.007078824708153844,0.169739630069,0.013056894620692308,0.261764351275,0.6484444090352005,
2427030,1213.515,-0.05358129739461538,1.2401174315973233,1.078927218913077,0.22876045301031878,0.4769735229938125,0.4327733964044622,0.8685932641833197,0.04028080402900003,0.003098523386846156,0.148442451844,0.011418650141846155,0.18872325587300004,0.7865615244784315,
2431035,1215.5175,-0.037698562326153866,1.2323843760713433,1.078179469473846,0.22319450692645035,0.4635108929739484,0.4200790569823394,0.8321354142122185,-0.0008228123290000555,-6.329325607692734e-05,0.157083014959,0.012083308843,0.15626020262999996,1.0052656550750056,
2435040,1217.52,-0.0581753758323077,1.2358198640628335,1.073355532613846,0.21863224301369813,0.45481419539716544,0.41614056352168893,0.8302061122459945,0.026369228956999835,0.0020284022274615256,0.1689784014616,0.012998338573969231,0.19534763041859984,0.8650138273983942,
2439045,1219.5225,-0.05740323433153846,1.259461260015097,1.0945860239146152,0.21785704825359298,0.45113743584774896,0.4160928334456441,0.8229702183239247,-0.028360337010000014,-0.0021815643853846166,0.16636853199699997,0.012797579384384613,0.13800819498699995,1.205497485223044,
2443050,1221.525,-0.06620193902923077,1.2412412356341629,1.0750844891246154,0.21943461899945518,0.45476527118183774,0.41854324143410976,0.831572491179353,-0.004040814917999902,-0.0003108319167692232,0.18741768040200002,0.014416744646307694,0.18337686548400012,1.0220355763380222,
2447055,1223.5275,-0.04971974628923074,1.261867780430699,1.0996870536030767,0.21833346401892018,0.4529379540224405,0.419982570443193,0.8412648224314763,0.0028326362339998745,0.00021789509492306728,0.18609540257600002,0.014315030967384616,0.1889280388099999,0.9850067980812071,
2451060,1225.53,-0.05176093027923079,1.2265724215312137,1.0676397543669232,0.21556812679475695,0.4471782481602428,0.41138714570985857,0.8172831431372863,-0.06515708565,-0.005012083511538461,0.19195332284599997,0.014765640218923074,0.12679623719599997,1.5138723915701144,
2455065,1227.5325,-0.06650225932461537,1.2343099593546392,1.0688531398753847,0.21509997498635763,0.4440739318616596,0.40709490782514995,0.8015255382234506,-0.07009099423999993,-0.005391614941538456,0.20047753117399997,0.015421348551846152,0.13038653693400004,1.5375631249066695,
2459070,1229.535,-0.05311039319000001,1.222530164137005,1.0635204361023076,0.21847496127908864,0.45259146290471164,0.4130928149082557,0.8217570068343332,0.019765645271,0.0015204342516153845,0.18694733548460002,0.014380564268046155,0.20671298075560002,0.9043812091589486,
2463075,1231.5375,-0.04645049571384616,1.2025057133259998,1.0483067127323076,0.2193385588193502,0.4536908129564537,0.4191708717394417,0.8280165564060565,-0.010479032991999926,-0.0008060794609230712,0.16226501949099997,0.012481924576230766,0.15178598649900005,1.0690382111926318,
2467080,1233.54,-0.047342598438461544,1.2372675051419229,1.0788014806230768,0.21133629377420748,0.4356510964186771,0.4024857386940441,0.796646513592468,0.002616338444999977,0.0002012568034615367,0.187076401896,0.014390492453538462,0.18969274034099998,0.9862074930210997,
2471085,1235.5425,-0.044868239986923096,1.2145374096732189,1.0596116781207694,0.21558971912375652,0.4458606296649077,0.4149831349125439,0.8235870094286506,-0.06389676778999986,-0.004915135983846144,0.17653468437,0.013579591105384616,0.11263791658000014,1.5672758315324282,
2475090,1237.545,-0.05898642081538462,1.2541836136135538,1.0893336121846156,0.21229251304849328,0.44051079020029305,0.4018249216058894,0.7953428094574178,0.0002562105519999247,1.9708503999994207e-05,0.196166622455,0.015089740188846153,0.19642283300699992,0.9986956172656832,
2479095,1239.5475,-0.05362878395615385,1.2407528211064522,1.0794911843053847,0.2187139137351964,0.45295157630644906,0.42053838360744056,0.8346526298083183,0.017848387349999884,0.0013729528730769141,0.17610677331699998,0.013546674870538459,0.19395516066699986,0.9079767339594349,
2483100,1241.55,-0.06425622335615386,1.2135657185929989,1.0512907000746154,0.2188303771402554,0.4540232315397567,0.4114229306150656,0.8141690551288729,-0.06592748314000019,-0.005071344856923092,0.166524487548,0.01280957596523077,0.10059700440799982,1.6553622896424678,
2487105,1243.5525,-0.050131192573076924,1.2045156133957369,1.0486531807807693,0.21143747524500717,0.4358959422197606,0.4052943169874007,0.8018634642931693,0.01838091761799998,0.0014139167398461523,0.1897437069553,0.014595669765792307,0.20812462457329997,0.9116831194017296,
2491110,1245.555,-0.05765837889307694,1.238599627609926,1.0760032763838463,0.21515389573051252,0.44630447121413097,0.4097974580395125,0.813793131413213,-0.05428750813999994,-0.00417596216461538,0.18065829481699996,0.013896791908999997,0.12637078667700002,1.429589065380729,
2495115,1247.5575,-0.05968049398692309,1.2456428053511306,1.0814643318900001,0.21629335138190753,0.4485267095197703,0.4097743738913829,0.8132019909052943,-0.026998102650000078,-0.002076777126923083,0.16498107649699997,0.012690852038230767,0.1379829738469999,1.1956625654404034,
2499120,1249.56,-0.05131161671692308,1.1965557770149444,1.0411236332061538,0.21965363123436335,0.4569153460600959,0.42318336647440485,0.8473333126080881,-0.0003954842779999579,-3.04218675384583e-05,0.15567931346299999,0.011975331804846152,0.15528382918500003,1.002546847795264,
2503125,1251.5625,-0.07125829733307693,1.2555657637492912,1.085803903066923,0.213582667053193,0.43946877454761496,0.4106845871801461,0.8115665781553411,-0.08137273788999999,-0.006259441376153845,0.19040809106499998,0.014646776235769229,0.10903535317499999,1.7462968250251647,
2507130,1253.565,-0.058163748341538465,1.2352503609172254,1.072856815966154,0.21124904237794695,0.43650315221918246,0.40128462787431274,0.7923605138025116,0.03349832444800016,0.002576794188307705,0.17041090270269998,0.013108530977130769,0.20390922715070015,0.8357194281196355,
2511135,1255.5675,-0.050337218327692286,1.1950871168654145,1.0402352672415385,0.21516951549898553,0.44484093418336595,0.41440000805830357,0.8173550973428951,0.05687193572100013,0.004374764286230779,0.16657073889599996,0.012813133761230767,0.2234426746170001,0.7454741543060943,
2515140,1257.57,-0.061917891863846136,1.2420037019875307,1.0774010878284614,0.21030232923331513,0.4346355042901694,0.399347148353602,0.7921171007901183,-0.025601789370000017,-0.001969368413076924,0.191272207535,0.014713246733461537,0.16567041816499997,1.154534464592839,
2519145,1259.5725,-0.06428624116384617,1.2228310953507326,1.0595012169592306,0.2151637245650374,0.44728973513097336,0.4082267627653131,0.8092932849891064,0.0010820329390001104,8.32333030000085e-05,0.174337804316,0.013410600331999999,0.1754198372550001,0.9938317526915317,
2523150,1261.575,-0.05450114377923078,1.214884989672758,1.0562003254823076,0.2140402833261557,0.44492161939231084,0.4045585673092813,0.8019910828527086,-0.08455403893000002,-0.0065041568407692325,0.16965252812619996,0.01305019447124615,0.08509848919619994,1.993602115955964,
2527155,1263.5775,-0.05432634628538461,1.193448284463426,1.0372413901146156,0.2108629212214968,0.4365703908988905,0.4015100641825883,0.798578518698392,0.03636682032700006,0.002797447717461543,0.160897376011,0.012376721231615383,0.19726419633800005,0.8156440905034396,
2531160,1265.58,-0.05441332321615384,1.2093945394150158,1.0513822619684614,0.2080924297288223,0.43231628689594187,0.3987017580780582,0.7882880982815209,-0.0890847668000001,-0.0068526743692307775,0.17871445138300002,0.013747265491000001,0.08962968458299991,1.993920342512249,
2535165,1267.5825,-0.06031575110923079,1.2101158398151388,1.0497604012446153,0.2090970634867418,0.43232761758014987,0.39890321678116,0.7870733371024625,-0.007179394360000202,-0.0005522611046154002,0.184478615413,0.014190662724076923,0.1772992210529998,1.0404930958938283,
2539170,1269.585,-0.05360899521692304,1.2101771387987375,1.0523553169676925,0.20915026693870564,0.4332627586561103,0.39793511312235536,0.7908076032691223,0.012551739803999984,0.0009655184464615372,0.177924985068,0.013686537312923077,0.190476724872,0.9341035509066279,
2543175,1271.5875,-0.04785432265307695,1.1843316492396068,1.031678557393077,0.20912177905918444,0.43192431911076773,0.39433718804382956,0.7829431938360512,0.02587831766099996,0.00199063982007692,0.17514445911600002,0.01347265070123077,0.20102277677699998,0.8712667386457034,
2547180,1273.59,-0.06066285646538461,1.2072653394578832,1.0471129233961538,0.20980792818818045,0.43664106693778254,0.39543384693978195,0.78756922978162,-0.0378988087499999,-0.002915292980769223,0.177307795732,0.013639061210153847,0.1394089869820001,1.2718534118241116,
2551185,1275.5925,-0.06534408605923075,1.2285935506857437,1.064208369986923,0.20756125573874037,0.4280920558906905,0.39465643918483206,0.7773494322783246,-0.04542168974000005,-0.0034939761338461574,0.17301080934900004,0.013308523796076926,0.127589119609,1.3559997112543447,
2555190,1277.595,-0.04174730411615384,1.1845045292118175,1.0341561299146151,0.2068242424327689,0.42764753588495696,0.3926173988568753,0.7768854432927161,-0.06955140830000006,-0.005350108330769236,0.171596192751,0.013199707134692307,0.10204478445099993,1.6815772964212334,
2559195,1279.5975,-0.052486561808461535,1.1917282576154427,1.0364467409915383,0.21602201614100822,0.4492604987940121,0.41256346613713085,0.8287854947897615,0.019882321350000065,0.0015294093346153897,0.18583386856800002,0.014294912966769232,0.2057161899180001,0.90335072140931,
2563200,1281.6,-0.04586990979076922,1.1953386584991852,1.0421875898553845,0.20808611666751758,0.43013237133026183,0.39898684342745033,0.7948298959230828,-0.029519662250000078,-0.002270743250000006,0.17421560641399997,0.013401200493384613,0.1446959441639999,1.2040116771797154,
2567205,1283.6025,-0.060155167036923064,1.1958797494258555,1.037137402947692,0.20784069468098818,0.4301679515473217,0.3914837942251917,0.7778142842931061,0.07369767128899996,0.005669051637615381,0.19162462930800003,0.014740356100615387,0.265322300597,0.7222334077340151,
2571210,1285.605,-0.0704676784007692,1.202308350994561,1.038915647906923,0.207595073403075,0.43140466496247953,0.39356667035189613,0.7827631004929466,-0.03504816441499986,-0.0026960126473076816,0.19424171652799999,0.014941670502153845,0.15919355211300013,1.2201607034317676,
2575215,1287.6075,-0.057242980380769234,1.1675871347815943,1.0132196866653846,0.21122435709571674,0.43735949371806715,0.3984950320067775,0.7933517421834612,0.06455692648200001,0.004965917421692308,0.200901231725,0.015453940901923075,0.26545815820700003,0.7568094086162551,
2579220,1289.61,-0.06512555251000003,1.207389590483711,1.0454679131515383,0.21329522640419782,0.4428187057964659,0.3954753271286264,0.7853985951285242,-0.07298338413,-0.005614106471538461,0.176283598882,0.013560276837076921,0.10330021475199999,1.7065172546370428,
2583225,1291.6125,-0.044093448383846136,1.1732498717102593,1.0232878602469229,0.2073469505136837,0.4292526675455855,0.39224093821244266,0.7782074746778471,-0.054006740469999814,-0.004154364651538447,0.17846956756100002,0.013728428273923078,0.1244628270910002,1.4339186384583176,
2587230,1293.615,-0.05519427703153846,1.169529599018922,1.0157195329684616,0.20591312379706006,0.42594596064624574,0.3949481411102044,0.7801184126323852,0.062016561619999966,0.004770504739999997,0.18934919126600003,0.014565322405076925,0.251365752886,0.7532815791014862,
2591235,1295.6175,-0.06296224777769231,1.2008057230683447,1.0404688119915386,0.20479402367898236,0.42262281718389705,0.3884473141532417,0.767577860513248,0.0038913041400000514,0.00029933108769231165,0.173535259438,0.013348866110615384,0.17742656357800005,0.9780680859645384,
2595240,1297.62,-0.06056896998769228,1.1687523581571877,1.0129985671815385,0.2126298675107098,0.44037582019220745,0.3985880428788185,0.7919673929372312,0.09988430887100014,0.007683408374692318,0.170964287592,0.013151099045538461,0.27084859646300014,0.6312171812023953,
2599245,1299.6225,-0.053057179993076915,1.1587365095574882,1.0069633584684614,0.20488842513322905,0.4265646701616338,0.3808537177671576,0.7559104847813709,0.08421557395499996,0.006478121073461535,0.18248379043899998,0.014037214649153845,0.26669936439399994,0.6842303162350747,
2603250,1301.625,-0.06239517377384615,1.1844435877557218,1.0261825919184615,0.20840809887654782,0.43299769404713156,0.39256188320060365,0.7819132367866637,-0.04810138790599994,-0.003700106761999995,0.18811707012,0.014470543855384616,0.14001568221400007,1.343542859952514,
2607255,1303.6275,-0.051278293132307654,1.168593582141997,1.0163977925599998,0.20534858075280574,0.4235769418431653,0.3905712140986032,0.7741572920353392,0.076561391353,0.005889337796384615,0.1873639971,0.014412615161538463,0.263925388453,0.709912745409735,
2611260,1305.63,-0.05996847152538461,1.1717888798656169,1.01588815909,0.2066962946624616,0.42770443996143237,0.39667820057517705,0.7887679763295857,0.05360818655499994,0.004123706658076918,0.18135682586700003,0.01395052506669231,0.23496501242199996,0.771846088903147,
2615265,1307.6325,-0.05006046937076927,1.1865934155401179,1.0328209079215385,0.20804474169232087,0.4317344961784285,0.39117624879819685,0.7758981998457726,-0.0033833459160002577,-0.000260257378153866,0.18047281634400003,0.013882524334153849,0.17708947042799977,1.0191052912848133,
2619270,1309.635,-0.06116933088999998,1.2003934866679775,1.0407815162946155,0.21065611541057802,0.4391288527276691,0.3941269006583987,0.7849076636483489,-0.08018833400400005,-0.006168333384923081,0.172276464286,0.013252035714307692,0.09208813028199994,1.8707781747597725,
2623275,1311.6375,-0.03562649854461539,1.1570184082640966,1.0121690722553844,0.20763501708430704,0.4300533347263999,0.3915179104534993,0.7787259234622282,0.15848708898100006,0.012191314537000005,0.18681790772899998,0.014370608286846153,0.34530499671000003,0.5410228913828797,
2627280,1313.64,-0.052260293415384594,1.1785314937166618,1.0248565444615385,0.20696251542769534,0.42896923888590976,0.3907741549282648,0.7757248348081611,0.04078891128699991,0.0031376085605384543,0.190293053161,0.01463792716623077,0.23108196444799992,0.8234872575000175,
2631285,1315.6425,-0.06358620295153845,1.2276730880546407,1.0641826620484616,0.20544914693246888,0.42815540436821004,0.37937219049518767,0.7541700077988417,0.049110867078000275,0.003777759006000021,0.093864191322,0.007220322409384615,0.14297505840000027,0.6565074522256661,
2635290,1317.645,-0.05870498602230768,1.2047115556321302,1.0457041584546154,0.2060262365197832,0.427332809533464,0.3866104270726512,0.7681650044177986,0.07705447077900002,0.005927266983000001,0.14708579331399999,0.011314291793384614,0.224140264093,0.6562220933806491,
2639295,1319.6475,-0.058597784772307676,1.1989429019874114,1.0406290567815384,0.2037142426568605,0.4215243061258158,0.38081967469366973,0.7569065938124889,0.021269313999999928,0.0016361010769230715,0.156269522381,0.012020732490846155,0.17753883638099993,0.8801990908943675,
2643300,1321.65,-0.055744189482307686,1.192142612172235,1.0356903993176922,0.20506108118490943,0.425175505005932,0.38282218677581104,0.7605119016555199,0.003516145049999919,0.00027047269615383993,0.169880893088,0.013067761006769232,0.17339703813799992,0.9797220005153632,
2647305,1323.6525,-0.05495973732692306,1.1805997849124226,1.0257466572884615,0.20543586187036872,0.42542160875484425,0.38316499782472263,0.7613370981427874,0.03582441061199976,0.0027557238932307505,0.160845228468,0.012372709882153847,0.19666963907999976,0.8178447330275144,
2651310,1325.655,-0.05482844664769231,1.1820045232362197,1.0270431912907694,0.20556726082609897,0.4262913782316344,0.38589956748630994,0.7637964540745792,-0.021036997429999982,-0.0016182305715384602,0.159681466411,0.012283189723923078,0.13864446898100002,1.1517334054839425,
2655315,1327.6575,-0.05846237678692307,1.1981957068911058,1.0400016720592307,0.205250064338325,0.4255045654576312,0.38398636135027453,0.7623316114580314,0.013408102080000206,0.0010313924676923236,0.161948504856,0.012457577296615384,0.1753566069360002,0.9235380843968214,
2659320,1329.66,-0.06066546989615386,1.1990074867696316,1.0398828157961537,0.20540847275012084,0.42669752489520996,0.38714507337601806,0.7694143167573697,-0.03335677087000005,-0.0025659054515384657,0.173391315157,0.013337793473615384,0.14003454428699993,1.2382038734787864,
2663325,1331.6625,-0.05627231413692309,1.1760559668502217,1.0212083137861538,0.20527978458898277,0.4248066954993081,0.38377771568668434,0.7611655715865172,0.022748604429999875,0.001749892648461529,0.16943111084300003,0.013033162372538463,0.1921797152729999,0.8816284830181766,
2667330,1333.665,-0.06250149012153845,1.1837180758673398,1.0256109008476924,0.20485458917050264,0.42393787251619724,0.38409299161641075,0.7606899242518491,0.06683393566500001,0.00514107197423077,0.16915496159600002,0.013011920122769232,0.23598889726100003,0.7167920336901158,
2671335,1335.6675,-0.05936894508923077,1.1801588434898869,1.0236544379876924,0.2047433355168895,0.42544045841685063,0.38148249510002274,0.7552027663509696,-0.0036416947700000923,-0.000280130366923084,0.16979576461299997,0.013061212662538459,0.16615406984299988,1.0219175779048997,
2675340,1337.67,-0.06354917929461536,1.182806732521328,1.0243967954900002,0.20414753908132258,0.422382326516597,0.3861308213096102,0.762930571420488,0.008684299879999968,0.0006680230676923052,0.167927319183,0.012917486091,0.17661161906299996,0.9508282641534351,
2679345,1339.6725,-0.060778017223846154,1.1762462425970839,1.0196468784223076,0.2036519534962404,0.42094149434776795,0.38290600735238856,0.7591055724204409,0.056899659342000086,0.004376896872461545,0.179161205892,0.013781631222461538,0.23606086523400008,0.7589619131252563,
2683350,1341.675,-0.05955426051538462,1.1785568066518046,1.0221604062999998,0.2060590517075645,0.42696817190253383,0.384035158629942,0.7622648017080563,0.01635897160000005,0.0012583824307692347,0.180277863517,0.013867527962846155,0.19663683511700006,0.916806169147981,
2687355,1343.6775,-0.05503142796923077,1.170721438169495,1.0169354952307694,0.20525626922267454,0.4259833269686697,0.3841454992298639,0.7627935858901893,0.0036873892100000583,0.00028364532384615834,0.16445493138999998,0.012650379337692306,0.16814232060000003,0.9780698327652315,
2691360,1345.68,-0.04971878802923076,1.1660451969806638,1.0148391861092307,0.20517325008902265,0.42627656867465413,0.38256458673190397,0.7601470040975329,0.04291444274000006,0.0033011109800000047,0.168741199187,0.012980092245153847,0.21165564192700007,0.7972440406062918,
2695365,1347.6825,-0.05208638540769229,1.1623805177979498,1.0106930962076923,0.20488637279681415,0.42399786188265554,0.3815823299755453,0.7553210360959829,0.029897436500000096,0.002299802807692315,0.171515624967,0.013193509612846155,0.2014130614670001,0.8515615805537092,
2699370,1349.685,-0.04951683374615383,1.1624681842345863,1.0117417390538461,0.20541736321132317,0.42619569376529054,0.3861450270433187,0.7668893251179407,-0.023431375640000085,-0.0018024135107692373,0.15770460106200002,0.012131123158615385,0.13427322542199993,1.1745051968950542,
2703375,1351.6875,-0.060079345331538456,1.169767355688755,1.0141543149915386,0.2031600911001985,0.4210991091101057,0.38286871034447956,0.7603756552523857,0.08252162486999998,0.006347817297692306,0.166608081202,0.01281600624630769,0.24912970607199997,0.6687603972600894,
2707380,1353.69,-0.05351627331615384,1.1791622749038513,1.0250126444376921,0.20279847740070597,0.42001456702760936,0.3818630913077045,0.7569950662594375,0.004647463580000011,0.00035749719846153927,0.160673006437,0.012359462033615385,0.165320470017,0.9718881540832656,
2711385,1355.6925,-0.051832955615384604,1.1688809472694468,1.016545437846154,0.2042493396529696,0.4243160157515555,0.38244924815167114,0.7587865757527545,0.027701802550000043,0.0021309078884615418,0.159116087487,0.012239699037461539,0.18681789003700006,0.8517176136369295,
2715390,1357.695,-0.05656538101846154,1.182436018323615,1.0267499914584617,0.20175311636218352,0.41760647118809213,0.3780300993649171,0.7478035375122996,0.030167832979999976,0.002320602536923075,0.168860171925,0.012989243994230768,0.19902800490499997,0.8484241803338194,
2719395,1359.6975,-0.056989779843846164,1.1775463156271566,1.0222446184946155,0.2039472048556935,0.4219169244941903,0.3794542037355507,0.7503674742162452,0.010630100980000057,0.0008177000753846198,0.17190051637800002,0.01322311664446154,0.18253061735800008,0.9417626416112368,
2723400,1361.7,-0.05403878596769229,1.185994149047479,1.030853413616923,0.2035974549106855,0.42172736841430314,0.3797689482979462,0.7524116150753434,-0.007095925500000044,-0.0005458404230769265,0.158020910811,0.012155454677769231,0.15092498531099996,1.0470162411172543,
2727405,1363.7025,-0.05790302845153847,1.180367348902548,1.0243852367792308,0.20262676709655503,0.41914786258231557,0.38606598928318747,0.7627648830431045,-0.012803412970000094,-0.000984877920769238,0.160490723327,0.012345440255923077,0.14768731035699992,1.0866927086629907,
2731410,1365.705,-0.06147837181538462,1.183250644873053,1.0255654087538462,0.205302327068485,0.4247886018422993,0.38494907372052317,0.763718454742225,-0.0061138123300000236,-0.00047029325615384796,0.162010243161,0.012462326397,0.15589643083099997,1.0392171411328057,
2735415,1367.7075,-0.058467466100769236,1.2051973904228126,1.0461890101453848,0.20197099568223537,0.4174528895108041,0.37988486545564437,0.7510098977419376,-0.03137455880999995,-0.002413427600769227,0.170834007668,0.013141077512923077,0.13945944885800005,1.2249726287241107,
2739420,1369.71,-0.06508710292538461,1.173315223252789,1.0153839175515385,0.20137860534584678,0.4167144339318227,0.37581032226913647,0.7423324518344883,0.012840718049999922,0.0009877475423076864,0.18595166784199998,0.014303974449384613,0.1987923858919999,0.9354063889701689,
2743425,1371.7125,-0.05877362306769228,1.1736206375149127,1.01806006524,0.20233949675726193,0.4182171362902025,0.3787055116543601,0.7483627197200258,-0.057228550300000125,-0.004402196176923086,0.175174139439,0.013474933803000001,0.11794558913899988,1.4852114497690607,
2747430,1373.715,-0.05135086407999999,1.1721488855431876,1.0196194694584615,0.2025486431040762,0.4194450625565096,0.3792398939797349,0.7517645552825357,-0.10395382344999993,-0.007996447957692302,0.17504462786500002,0.01346497137423077,0.0710908044150001,2.462268211837335,
2751435,1375.7175,-0.07020797179307689,1.1541700795279088,0.9964349911761539,0.19974706157385713,0.41330592565894403,0.3753036181426687,0.7441409877911291,0.09132815898999996,0.007025242999230767,0.19435892719500003,0.014950686707307695,0.285687086185,0.6803210106218824,
2755440,1377.72,-0.05426758527923078,1.1609320186472005,1.0085413501823077,0.20366786029020728,0.4237451866280282,0.37711089835187733,0.7480544994141516,-0.032735072079999816,-0.0025180824676922934,0.178324642592,0.013717280199384617,0.1455895705120002,1.2248448976453408,
2759445,1379.7225,-0.053931754368461544,1.1405452315343767,0.9905907328315385,0.20078798986549506,0.4166780419259314,0.37656523263449154,0.7440215917880959,0.039377205069999976,0.0030290157746153826,0.17122429236800002,0.013171099412923078,0.210601497438,0.8130250470721728,
2763450,1381.725,-0.053632685777692306,1.156136436973222,1.0045293248684617,0.20170129462121997,0.41882446136216456,0.38062435796236377,0.7545772838951804,-0.04878830164999992,-0.0037529462807692248,0.165219387038,0.012709183618307692,0.11643108538800007,1.4190315798175002,
2767455,1383.7275,-0.05902437522846156,1.1785750875984284,1.0223456483715385,0.20035579742509962,0.4144592130791654,0.37875450021538,0.7497466796534761,0.01867920906000009,0.0014368622353846223,0.16216145828200001,0.012473958329384617,0.1808406673420001,0.8967090238354708,
2771460,1385.73,-0.04808359880307692,1.1581320743980301,1.0084080329353844,0.2037177886872845,0.4229489693632772,0.3814926284086636,0.7559980354218828,0.08756779878999998,0.0067359845223076914,0.15088694821799997,0.011606688324461536,0.23845474700799996,0.6327697397986287,
2775465,1387.7325,-0.05257391471076922,1.1518540914805424,1.0011424880738462,0.20043599929171171,0.4150674938157332,0.3760907787257232,0.7488529602730641,0.11336610464999997,0.008720469588461536,0.17675832472300002,0.013596794209461539,0.290124429373,0.6092500555882171,
2779470,1389.735,-0.05018850931923077,1.1760804808611853,1.0235190529115383,0.20357131236532344,0.42144479710700866,0.3830019183692999,0.7606160768455145,0.030618041769999993,0.0023552339823076918,0.150202062915,0.011554004839615384,0.18082010468499998,0.8306712529376169,
2783475,1391.7375,-0.05704899017846158,1.171234937679215,1.016614336236923,0.2043952725824999,0.42325888142030593,0.3827777966033064,0.7585909443013401,-0.043714031570000034,-0.0033626178130769257,0.161231083796,0.012402391061230771,0.11751705222599998,1.3719803274671363,
2787480,1393.74,-0.04541344826538463,1.1566143223263234,1.0080915506115384,0.20166985416252234,0.41823168327964927,0.37882943624665827,0.7539631179454275,0.02629680185999994,0.002022830912307688,0.168892241085,0.012991710852692307,0.19518904294499995,0.865275214923771,
2791485,1395.7425,-0.04949362002000001,1.1558122926693846,1.005829613933846,0.20210570970564656,0.41732369567681993,0.3767074739553817,0.7468726916720793,-0.009052343670000074,-0.0006963341284615441,0.166231969368,0.012787074566769231,0.15717962569799993,1.0575923477982634,
2795490,1397.745,-0.061927777074615394,1.1644341489716343,1.0086866525561538,0.1991295849490464,0.4113435594138534,0.37485043547135793,0.7412288046193616,0.0166082754700001,0.0012775596515384692,0.189352355902,0.014565565838615385,0.2059606313720001,0.9193618928075497,
2799495,1399.7475,-0.04778271913461539,1.1401929881651425,0.9926043244499999,0.20197394945883895,0.41803104632037125,0.3786722646772385,0.7507199038073368,-0.009673565620000102,-0.0007441204323077002,0.173747769556,0.01336521304276923,0.1640742039359999,1.05895847968748,
2803500,1401.75,-0.051373000323076914,1.174807168220449,1.021910892076923,0.20036846081345835,0.41343971222784276,0.376421247280648,0.7433265397528328,-0.026626534759999987,-0.0020481949815384605,0.173079324885,0.013313794221923077,0.146452790125,1.1818096789912556,
2807505,1403.7525,-0.0478709431823077,1.159574487615103,1.0097683622330769,0.20196825649850175,0.41945211254544024,0.37967215928616677,0.7529462924850072,-0.03678672015000001,-0.0028297477038461546,0.159606209025,0.01227740069423077,0.122819488875,1.29951859014362,
2811510,1405.755,-0.052088068084615365,1.135891537282765,0.9871447544846152,0.1990804728203871,0.4135476431782139,0.3717148756248756,0.7385221190851163,-0.021895289419999908,-0.0016842530323076853,0.164201943206,0.012630918708153848,0.1423066537860001,1.153859913345485,
2815515,1407.7575,-0.03756122406076921,1.1386611357075307,0.9951853477084617,0.20231516338596459,0.41911684176509806,0.38138709019518485,0.7559918516496261,0.03223405777999999,0.0024795429061538455,0.1504860390007,0.011575849153900001,0.1827200967807,0.8235877807207644,
2819520,1409.76,-0.06439153047461538,1.1878803311010055,1.0285271772946154,0.19726438146283268,0.40861317713915635,0.3688998726291022,0.729207747264824,0.07222498208000017,0.005555767852307705,0.16879046708599998,0.01298388208353846,0.24101544916600015,0.7003304878175881,
2823525,1411.7625,-0.05774902379769231,1.168157415745769,1.0135865119715386,0.19856834232496715,0.4121435423770956,0.3706537539464843,0.7327226655746996,0.0035457163899998423,0.00027274741461537247,0.17157784384,0.01319829568,0.17512356022999984,0.9797530590096327,
2827530,1413.765,-0.0516810096269231,1.1686019277704414,1.0163027460807692,0.20023973945570875,0.4148047118875117,0.3719143668352893,0.7360362680363306,-0.06539894642000005,-0.0050306881861538495,0.15536980144399998,0.011951523187999998,0.08997085502399993,1.7268903513538327,
2831535,1415.7675,-0.04170233928923076,1.1638359196186627,1.0159082825415384,0.19711473464409565,0.4065165437961028,0.3710015786796398,0.7348815794064574,-0.03354015202000005,-0.0025800116938461573,0.179297938945,0.013792149149615386,0.14575778692499997,1.230108817700822,
2835540,1417.77,-0.04227024775384616,1.1393573940880535,0.9939980598615384,0.19882423083770284,0.41108777245987277,0.37802591358942933,0.750790605818655,-0.006787985549999931,-0.0005221527346153793,0.16800910979599998,0.012923777676615383,0.16122112424600005,1.0421035740927005,
2839545,1419.7725,-0.05774796925923077,1.1523021540383653,0.9995372845561541,0.20128790958838325,0.4164183610829976,0.37455533169486344,0.7464736575140102,0.040587946770000105,0.0031221497515384698,0.17442989535300002,0.013417684257923078,0.21501784212300012,0.8112345172416812,
2843550,1421.775,-0.05642377871384614,1.169350864605284,1.0151734306246154,0.20189043520571007,0.41696819140959895,0.3763725783405872,0.7423101736696129,-0.020149409780000183,-0.0015499545984615525,0.16717903781500001,0.012859925985769231,0.14702962803499983,1.1370431936017935,
2847555,1423.7775,-0.04595164152846155,1.141196229641421,0.9941953512407692,0.20075650963114042,0.4156951826721654,0.3774085109907524,0.7477856128503173,-0.07485979049999997,-0.005758445423076921,0.16470576636,0.012669674335384616,0.08984597586000004,1.8332013736113026,
2851560,1425.78,-0.06318646669615385,1.168967612356497,1.0122226889346153,0.1986793669259534,0.41213674987049814,0.37259259889391916,0.7414073784535252,-0.08833014964000008,-0.006794626895384621,0.175252662975,0.013480974075,0.08692251333499992,2.0161941509856613,
2855565,1427.7825,-0.051367622149230775,1.1598308042207626,1.0086512840661537,0.20291887011378357,0.4204744797952986,0.37972644532993094,0.7540463737141373,-0.07046242059000013,-0.005420186199230779,0.180050472732,0.013850036364,0.10958805214199988,1.642975390225001,
2859570,1429.785,-0.04860322292307692,1.1692219904033978,1.0180424360153846,0.19831590559930934,0.4097172415519809,0.373953655151251,0.741186221066201,-0.03353733570000006,-0.0025797950538461586,0.17626043036240002,0.01355849464326154,0.14272309466239996,1.2349818421421561,
2863575,1431.7875,-0.0500272329123077,1.1475636309936357,0.9982782969184615,0.19947617719632452,0.4124254259821649,0.3754159444909156,0.7421141142593872,0.022746622559999874,0.0017497401969230673,0.170256173237,0.013096628710538462,0.1930027957969999,0.8821435592885155,
2867580,1433.79,-0.052636041093076916,1.1769864762550315,1.0233788077684616,0.20098730281815178,0.41684609638716674,0.37660727468025457,0.748020792504012,0.04927998035999992,0.0037907677199999937,0.174710143359,0.013439241796846154,0.22399012371899993,0.7799903873359049,
2871585,1435.7925,-0.048762179336923075,1.1392742571284176,0.991425087816923,0.19667944209378374,0.4076716454962294,0.3710171555613343,0.7324372538407787,-0.01834739000000013,-0.0014113376923077024,0.17262747697800002,0.013279036690615385,0.1542800869779999,1.1189226060173043,
2875590,1437.795,-0.060336080883846156,1.1648162257668755,1.0096292633315385,0.19991352638274476,0.4152615416768705,0.3768389669747062,0.7508537721832405,-0.006987377979999987,-0.0005374906138461528,0.194664992388,0.014974230183692308,0.18767761440800002,1.0372307480678535,
2879595,1439.7975,-0.05735554603846153,1.1467759672338707,0.9947680922692308,0.20133716696742116,0.4175787336277246,0.37838686048920983,0.7520202351708034,-0.08743247389999997,-0.006725574915384613,0.170386057352,0.013106619796307692,0.08295358345200002,2.053992730170501,
2883600,1441.8,-0.06502849781384615,1.183949205508845,1.0247816535246153,0.19288383963942232,0.3986677534812145,0.36453506880789194,0.7199543201148724,-0.08784158528000019,-0.0067570450215384764,0.187263028699,0.014404848361461537,0.0994214434189998,1.8835275596412568,
2887605,1443.8025,-0.04252554361923075,1.158534772565328,1.0109019141961537,0.1978251863850821,0.40993247020821516,0.37174998277497456,0.7348446455643279,-0.06800539791000004,-0.005231184454615388,0.176549150608,0.013580703892923077,0.10854375269799996,1.6265252142074973,
2891610,1445.805,-0.054863906823076944,1.1315491386454106,0.982228503776923,0.19697379516432173,0.4076817409260439,0.37078659055338403,0.736723422415375,0.030769899479999974,0.0023669153446153825,0.187645476316,0.014434267408923078,0.21841537579599998,0.8591220999535351,
2895615,1447.8075,-0.05071595999,1.1427553198887934,0.9937496552099999,0.1952193329048441,0.40296187144084067,0.36923152576590945,0.7301324499102573,0.006972894080000014,0.0005363764676923088,0.170432176441,0.013110167418538462,0.17740507052100002,0.9606950688640289,
2899620,1449.81,-0.05023330907923077,1.1446611367000108,0.9956249090284615,0.2001560598671316,0.41561896947402804,0.3758883035456562,0.7469899499999844,-0.07591821252999997,-0.005839862502307691,0.18097089603600003,0.013920838156615387,0.10505268350600006,1.7226679985348867,
2903625,1451.8125,-0.05312512471153847,1.1744005392039945,1.02089223495,0.1968934064960649,0.40819428532339475,0.3728937680384685,0.7386707798487954,-0.03566055745000002,-0.0027431198038461555,0.179779835977,0.013829218152076923,0.144119278527,1.2474378016215173,
2907630,1453.815,-0.05722361344615383,1.149770460091852,0.9974891222461538,0.19690117184848088,0.40843541324477517,0.37133521401545555,0.7363435109703427,0.007407098999999917,0.0005697768461538397,0.16981962602200001,0.013063048155538463,0.17722672502199993,0.9582055189527401,
2911635,1455.8175,-0.0563813998146154,1.1509237036908693,0.9988547563546153,0.19542549379405444,0.4036401203289795,0.3677461302081605,0.7292725334012543,-0.003289110950000007,-0.00025300853461538515,0.179032844491,0.013771757268538461,0.17574373354099998,1.0187153811047986,
2915640,1457.82,-0.054745339435384656,1.1393858674142807,0.9892580188261539,0.1980060002371017,0.41049772876047985,0.37446530526399585,0.7440714325199808,0.04895333202000007,0.00376564092461539,0.177882065067,0.013683235774384616,0.22683539708700007,0.7841900662389804,
2919645,1459.8225,-0.05442930184384614,1.149183761484332,0.9980815282176922,0.19702723325402063,0.4065504196061286,0.3730641687812186,0.7381594392648438,-0.013610333199999991,-0.001046948707692307,0.18470680155,0.014208215503846154,0.17109646835,1.079547715573873,
2923650,1461.825,-0.058318106021538446,1.1428451766209307,0.9909383837938462,0.19769381299081804,0.4088925769272696,0.3719903123702235,0.7359496388259172,-0.0035626962799999995,-0.00027405355999999994,0.18644722458200003,0.014342094198615386,0.18288452830200003,1.0194805777890454,
2927655,1463.8275,-0.06012556643538459,1.1371185766442957,0.9851675079338462,0.1919431143308382,0.3966221654631808,0.36525372710648074,0.721639507657977,-0.10335598884999997,-0.007950460680769229,0.186714570969,0.014362659305307692,0.08335858211900002,2.2398961957204633,
2931660,1465.83,-0.0564553325053846,1.1574887127497475,1.0046426012023075,0.1953120865402829,0.4050406692113162,0.36563624236420095,0.724921125397219,0.010102190090000018,0.0007770915453846167,0.18696181196699999,0.014381677843615383,0.197064002057,0.9487365019255115,
2935665,1467.8325,-0.05539182516153846,1.1406143749187583,0.9900779173923075,0.20041167739184637,0.41493079770265284,0.37773472597928837,0.7488837407287615,0.007813192899999988,0.0006010148384615375,0.168323164805,0.01294793575423077,0.176136357705,0.9556412259126771,
2939670,1469.835,-0.056658662280769226,1.1576545586288411,1.0046986891653846,0.19283727578913654,0.39866440695529254,0.36539152195591296,0.7202811236138135,-0.012336224319999978,-0.0009489403323076906,0.20557774976200002,0.015813673058615387,0.19324152544200004,1.0638383716532118,
2943675,1471.8375,-0.0612118060753846,1.1581685111377007,1.0033894318784615,0.1932691099876325,0.39985052587159686,0.3646769029562097,0.7206735788838,-0.07323546707000006,-0.005633497466923081,0.20379437692,0.015676490532307692,0.13055890984999993,1.560938101843381,
2947680,1473.84,-0.049046388043076934,1.1371701462526873,0.9894590928030769,0.19494954433167927,0.4043881328781712,0.36891884086656,0.7324484528182391,-0.05291531980999997,-0.004070409216153844,0.19655006564600003,0.015119235818923079,0.14363474583600006,1.3684019455182375,
2951685,1475.8425,-0.05210307011307697,1.1199994403915972,0.9730611305946154,0.19702008660519488,0.4081444413024391,0.36917880096143196,0.7319860341333239,-0.005917184050000024,-0.0004551680038461557,0.193581469359,0.014890882258384615,0.18766428530899998,1.0315306881128556,
2955690,1477.845,-0.05518872921384614,1.1391263359067256,0.9888300712323078,0.1975914065493486,0.40963480000702435,0.37430345532296094,0.741153656693317,-0.09256178887000022,-0.007120137605384632,0.18776256591,0.014443274300769231,0.0952007770399998,1.972279762287121,
2959695,1479.8475,-0.047025542997692286,1.1363078265139974,0.98945314151,0.1969085798709014,0.40847835693195406,0.3748162573910477,0.7431695440359559,-0.0991022735899999,-0.007623251814615377,0.180362856016,0.013874065847384615,0.0812605824260001,2.219561448261183,
2963700,1481.85,-0.05544563898923076,1.1430642852493107,0.9922419098723076,0.19241729752076353,0.3979867295479762,0.3649470144727758,0.7230635837228221,-0.022337429229999983,-0.0017182637869230756,0.20465704240299998,0.015742849415615382,0.182319613173,1.1225179718256881,
2967705,1483.8525,-0.06253326397923077,1.131487615748919,0.9792498854515385,0.19500676123476005,0.40265674701084203,0.3701906771661087,0.7346457723244819,-0.01684316246000006,-0.0012956278815384663,0.194871420047,0.014990109234384616,0.17802825758699994,1.094609488899643,
2971710,1485.855,-0.05815815465846155,1.1404533084280575,0.9888804188030769,0.1913217938783481,0.39533859943003546,0.3637418358164816,0.7177123826267807,-0.061576977390000065,-0.0047366905684615435,0.199954783538,0.015381137195230769,0.13837780614799994,1.4449917158257395,
2975715,1487.8575,-0.06133601298461541,1.1326301059389203,0.9807090667538463,0.19589301527160385,0.4077550392470624,0.3663081093691964,0.7273464103359015,0.003363505030000047,0.0002587311561538498,0.18561455979700003,0.014278043061307696,0.18897806482700008,0.9822016114246954,
2979720,1489.86,-0.05868379886307691,1.1417638406265407,0.9898332082292308,0.20074147643615084,0.4165467694721384,0.37868875635471516,0.7511731731140369,0.03742820769999994,0.0028790928999999953,0.18947901390799998,0.014575308762153846,0.22690722160799992,0.8350506104003155,
2983725,1491.8625,-0.05173657489999998,1.1556906208542326,1.0048451790384616,0.19385912800992353,0.4010146824482784,0.368671625605626,0.7308856951866483,-0.09353591501000008,-0.007195070385384621,0.192728877064,0.014825298235692307,0.09919296205399991,1.9429692699274352,
2987730,1493.865,-0.06074838913923075,1.1437903435133534,0.9908386056299998,0.19130843368963413,0.39529741599952983,0.36485547237219396,0.7227611130668476,-0.05444806815000003,-0.004188312934615386,0.191327847547,0.014717526734384615,0.13687977939699997,1.397780215528265,
2991735,1495.8675,-0.053514934501538484,1.1395257258894191,0.9898295631753846,0.19521017591596623,0.40376080493547384,0.3733121115702391,0.7403462317431986,0.022727735339999833,0.001748287333846141,0.193609982727,0.014893075594384615,0.21633771806699983,0.8949432602734534,
2995740,1497.87,-0.04647352603999999,1.1094206327340204,0.9658212432523077,0.19632966107437488,0.4065742175895719,0.37396995527147087,0.7425367286276613,-0.03574281185,-0.0027494470653846156,0.181794410568,0.013984185428307693,0.146051598718,1.2447272892850225,
2999745,1499.8725,-0.05569911920538462,1.148198328810576,0.9966711172715385,0.19116772626199066,0.3953212434009626,0.36265422092043054,0.7176774138722465,-0.06469689306999998,-0.004976684082307691,0.201354391877,0.015488799375153846,0.136657498807,1.4734236586707234,
3003750,1501.875,-0.05206114971307693,1.1239601007938163,0.976606960486923,0.1951546852781254,0.4057717801563305,0.3679903695656871,0.7302522233892624,0.02661896496999988,0.002047612689999991,0.18553490005400003,0.014271915388769233,0.2121538650239999,0.874529907965671,
3007755,1503.8775,-0.06185792960538464,1.1254094057749935,0.9741111076869231,0.1960391363504087,0.40705240272953325,0.3693891914384071,0.7333955789000252,0.0024920031199999193,0.00019169254769230148,0.197197245433,0.015169018879461538,0.1996892485529999,0.9875205944333126,
3011760,1505.88,-0.0554050115476923,1.140226549735922,0.9897094689907694,0.19074189088348753,0.3959268745207771,0.3606388203980302,0.714136015898226,-0.09264751523000014,-0.007126731940769242,0.199409354477,0.015339181113615385,0.10676183924699986,1.8677961702744237,
3015765,1507.8825,-0.06572189697692306,1.1666552853584984,1.0091918615153845,0.19347507011008674,0.40150319019691855,0.36950787740723084,0.7344290721177452,-0.03128857910000021,-0.0024068137769230934,0.198807435112,0.015292879624,0.16751885601199978,1.1867764611391505,
3019770,1509.885,-0.0548698260269231,1.1283785904574337,0.9794180484961538,0.19590103128888986,0.4075068297867605,0.37066181330791054,0.7369593420103069,0.009651385250000089,0.0007424142500000069,0.18949145078899998,0.014576265445307691,0.19914283603900007,0.9515353630491133,
3023775,1511.8875,-0.06123317664000004,1.1388597950835468,0.9862843064215384,0.18968276188680816,0.39295086202994367,0.3628610053115503,0.7183019957560459,-0.02871731669999994,-0.0022090243615384567,0.19885906204099998,0.015296850926230768,0.17014174534100004,1.1687846603574235,
3027780,1513.89,-0.05834395609461537,1.146120364810449,0.9938218822746153,0.19430982291097837,0.40338107782389976,0.3694899871539911,0.7344190382291991,-0.003534652300000052,-0.00027189633076923474,0.185791956263,0.014291688943307691,0.18225730396299994,1.019393748415798,
3031785,1515.8925,-0.05365948952076925,1.1340169423741495,0.9849082919253844,0.1923712364915093,0.39859585620668603,0.36870981866158214,0.7312913109266801,-0.042967349279999956,-0.0033051807138461506,0.19484250433800002,0.014987884949076925,0.15187515505800006,1.2829122990102695,
3035790,1517.895,-0.05643183451692307,1.1332812708913516,0.9831871344523078,0.191882506711762,0.39801173008805135,0.3651496172130168,0.7259832340324952,-0.04012631627000007,-0.0030866397130769286,0.188609847802,0.014508449830923077,0.14848353153199992,1.2702408533524971,
3039795,1519.8975,-0.05511934482461538,1.1247770550682044,0.9761425944523077,0.19301920216155274,0.3987232658278704,0.36728418624264264,0.7289039371812529,0.018963679680000012,0.0014587445907692316,0.19736031629200002,0.015181562791692308,0.21632399597200003,0.9123366800118902,
3043800,1521.9,-0.06029414213923076,1.1507772250961568,0.9971765829992307,0.19158193456647593,0.39586598272762646,0.3637163328190832,0.7201139588856881,-0.039037749179999914,-0.0030029037830769166,0.193149928006,0.014857686769692308,0.1541121788260001,1.2533073601150975,
3047805,1523.9025,-0.05256557006076924,1.1426138902296574,0.9929333879392309,0.19194482793840065,0.3979566984855678,0.36441157211520525,0.7267605895819271,0.0075909569900000085,0.0005839197684615391,0.19104683958399998,0.014695910737230767,0.198637796574,0.96178493156426,
3051810,1525.905,-0.056495299710769206,1.1442529271608652,0.9928630131969232,0.19331975047718672,0.4001285172905919,0.3668386626022762,0.7265807357673847,-0.05084665119999976,-0.003911280861538443,0.187280567361,0.01440619748930769,0.13643391616100023,1.372683366649079,
3055815,1527.9075,-0.06118003221153848,1.1586463217169978,1.0038376863115384,0.18694034370637216,0.3845645334521655,0.35565635282467656,0.7005089955143305,-0.01628082245000012,-0.001252370957692317,0.202040109781,0.01554154690623077,0.1857592873309999,1.0876447292833855,
3059820,1529.91,-0.062220087422307696,1.1468760397217541,0.9929934373315386,0.19253047086776723,0.39927760089088626,0.36587774611462254,0.7259881437427955,0.018892690549999924,0.0014532838884615327,0.18867966998,0.014513820767692307,0.20757236052999992,0.9089826289889428,
3063825,1531.9125,-0.05296300007769232,1.1422908015943154,0.9924562160761538,0.1914585443166721,0.39551196803040384,0.3676726494143289,0.7270325592637137,-0.05824436247000003,-0.004480335574615387,0.18937608971999997,0.014567391516923075,0.13113172724999994,1.4441668213441463,
3067830,1533.915,-0.0652724642076923,1.1516048946625759,0.9960130132230768,0.1895910610213337,0.3903230398659862,0.3648725973255955,0.7210017684350686,-0.054609939460000034,-0.004200764573846156,0.187037931758,0.014387533212153846,0.13242799229799995,1.4123745932590477,
3071835,1535.9175,-0.060293358104615405,1.1393215312923128,0.9870300155415386,0.1897186560497645,0.3936370241352537,0.3599243209132466,0.7139680649827601,-0.04261911660999984,-0.0032783935853846033,0.198605154635,0.015277319587307693,0.15598603802500016,1.2732239189456764,
3075840,1537.92,-0.06741611315000001,1.1453838222370745,0.9896840728192309,0.18932379000989072,0.39215564371192496,0.3618945682942686,0.7166483230675655,0.029065400339999936,0.0022358000261538413,0.202675219628,0.015590401509846153,0.23174061996799994,0.874577877870468,
3079845,1539.9225,-0.06258531716461538,1.1493058605342814,0.9950260015584617,0.1880429279507885,0.3884154968486521,0.3573041690231547,0.7050511586551188,-0.03825591504999992,-0.00294276269615384,0.19859590567399998,0.01527660812876923,0.16033999062400006,1.2385924740366905,
3083850,1541.925,-0.06306404792307693,1.1265572173307363,0.9746700020923077,0.19028778871226562,0.3929657138687647,0.36187341087777897,0.7153788942760011,-0.01720662415999996,-0.001323586473846151,0.20257434621,0.015582642016153846,0.18536772205000004,1.0928242736637759,
3087855,1543.9275,-0.06200704666461539,1.142192643317148,0.9889417932584615,0.18887709394108365,0.39076209348025204,0.35930370975135417,0.7110965629107657,-0.008505910630000002,-0.0006543008176923079,0.21051625535000001,0.016193558103846154,0.20201034472,1.0421063121385679,
3091860,1545.93,-0.0576718724676923,1.1218975983487456,0.972610789993846,0.19390752122304428,0.40208553020961824,0.366173716606933,0.7262634165900109,-0.02778817711999998,-0.0021375520861538445,0.19627944380399998,0.015098418754153844,0.168491266684,1.1649235456940081,
3095865,1547.9325,-0.05750859242153847,1.1463309495847016,0.9943439272707693,0.1899798286622752,0.3929609736167642,0.36322565739414725,0.7200872548152735,0.008078962570000014,0.0006214586592307703,0.19290131516900003,0.014838562705307694,0.20098027773900004,0.9598022121330152,
3099870,1549.935,-0.06420102485615384,1.1369173071559,0.9834121007130769,0.18953578268741442,0.392638083260252,0.3623614312612874,0.7195164912855071,-0.03375571967000007,-0.0025965938207692363,0.197318682448,0.015178360188307692,0.16356296277799992,1.206377526407466,
3103875,1551.9375,-0.05919815027153849,1.1198249604587993,0.9701787966976924,0.19215659902635845,0.39994887043236044,0.36454955617069085,0.7260050125600211,-0.07135319710999993,-0.0054887074699999944,0.193438265471,0.014879866574692306,0.12208506836100005,1.5844547418281467,
3107880,1553.94,-0.05995818742692305,1.1310638134727988,0.9798369178346154,0.19168318336961507,0.39599167772651234,0.36431896981220113,0.7220700697835585,-0.0045134052799999935,-0.00034718502153846103,0.181148565376,0.013934505028923076,0.176635160096,1.0255521340006541,
3111885,1555.9425,-0.056834835274615345,1.1447435749592119,0.9931588081253846,0.18573940208766612,0.38270451706273473,0.3562565137516223,0.7019285524323343,-0.03957185895000015,-0.0030439891500000115,0.198820046152,0.015293849703999999,0.15924818720199985,1.2484917388717578,
3115890,1557.945,-0.05334212229615386,1.137944804142153,0.9884687753807693,0.19054463998903692,0.3942862955752583,0.361730969927652,0.7153336530304752,-0.014309979970000053,-0.001100767690000004,0.19764526188400006,0.01520348168338462,0.183335281914,1.0780536065977342,
3119895,1559.9475,-0.057092515330000024,1.148496315662577,0.996382204393077,0.18839136791567507,0.38988474120622246,0.35841054674442224,0.7089552291514633,-0.015563316640000102,-0.0011971782030769308,0.199556219387,0.015350478414384614,0.1839929027469999,1.0845865052816765,
3123900,1561.95,-0.05689044640461538,1.1357058395904795,0.9851326621492308,0.19098611115384237,0.39452093148538814,0.3643771559775786,0.7224710995881624,-0.0624786466399998,-0.004806049741538447,0.193055940794,0.014850456984153847,0.1305772941540002,1.4784801756292618,
3127905,1563.9525,-0.05576611023615384,1.1416618341448217,0.9908640889023077,0.190441622909901,0.39369313874364,0.3602244937187239,0.7123485907784329,0.0438790097900002,0.0033753084453846307,0.183050418273,0.014080801405615385,0.2269294280630002,0.8066402838779531,
3131910,1565.955,-0.06707755418846154,1.147836553448851,0.9919865039653847,0.1885371239680604,0.39089415915819675,0.35691390380913357,0.709168594424584,0.03758699447999997,0.0028913072676923055,0.18712443206499998,0.014394187081923075,0.22471142654499995,0.8327321620537489,
3135915,1567.9575,-0.06619814725538462,1.1551161537701358,0.9987796636676922,0.19123223269249828,0.398168047740787,0.3619102142186972,0.7223224747710886,-0.020072378239999966,-0.0015440290953846127,0.199679645714,0.015359972747230768,0.17960726747400002,1.1117570492680964,
3139920,1569.96,-0.05511818022923077,1.1274173668973249,0.9784640302938462,0.18951245518332613,0.39250597934078996,0.3624988909313015,0.7186491918533329,-0.019551418720000047,-0.0015039552861538497,0.188726901078,0.014517453929076923,0.16917548235799995,1.1155688664071688,
3143925,1571.9625,-0.05298139039923077,1.1291634007746898,0.980820403646923,0.1934542020045422,0.4023025799131015,0.3653992773957785,0.7261080009830758,0.007272504280000092,0.0005594234061538533,0.182920424265,0.014070801866538462,0.19019292854500008,0.9617624885655021,
3147930,1573.965,-0.052264149380769225,1.1147164179139957,0.9682589769423076,0.19036421095270997,0.3951124432898317,0.3624628724770406,0.7201255760611478,0.011867858470000159,0.0009129121900000122,0.17739648558100002,0.01364588350623077,0.18926434405100018,0.9372948004046542,
3151935,1575.9675,-0.06197963311615385,1.1377678131487463,0.9850016465607693,0.18741538433645039,0.38746730178226124,0.357934330411573,0.7069048993637569,0.010194055750000097,0.000784158134615392,0.17865098733200002,0.013742383640923079,0.18884504308200012,0.9460189392126451,
3155940,1577.97,-0.0561527288876923,1.1554844054480136,1.0029638180353846,0.18777608822024808,0.3874228529109423,0.35818339323760706,0.7084650486807244,0.04417863488000012,0.0033983565292307785,0.18955668621,0.014581283554615384,0.23373532109000011,0.8109886230545829,
3159945,1579.9725,-0.0630342868723077,1.1429143788387595,0.9891717892507692,0.18852830020257175,0.3906104811100315,0.3617049408465357,0.7160935833499107,-0.009107410929999893,-0.0007005700715384533,0.185373761696,0.014259520130461539,0.1762663507660001,1.0516684602048085,
3163950,1581.975,-0.04828685064230768,1.1230135644063595,0.9771806185115385,0.19041464220017248,0.3960066842057949,0.3597606250223206,0.7127012942138087,-0.05522422492999979,-0.004248017302307676,0.18472827226,0.014209867096923076,0.1295040473300002,1.4264285639604628,
3167955,1583.9775,-0.047814740582307655,1.1301917461791853,0.9837330258792307,0.18933179622566826,0.39210783007484173,0.3613820141128877,0.7172122141392254,0.052159406240000206,0.004012262018461554,0.185025558811,0.014232735293153847,0.2371849650510002,0.7800897446059251,
3171960,1585.98,-0.05780102656230772,1.121831859553243,0.9724952807761539,0.1887100252504551,0.3901361530656685,0.3589530449943488,0.7107254557067673,-0.016287818560000278,-0.0012529091200000214,0.179758628829,0.013827586833000002,0.16347081026899973,1.0996374737067605,
3175965,1587.9825,-0.057253191099230764,1.125298977043966,0.9757934946238461,0.19128153000802003,0.39593254612809947,0.3661806781109872,0.725968583714972,0.04518737644999987,0.003475952034615375,0.177065039054,0.013620387619538462,0.22225241550399988,0.7966844304142708,
3179970,1589.985,-0.053003843010769214,1.127160957098606,0.979064556266154,0.1893064489585536,0.3915147589418073,0.35910403196187995,0.7114846178460996,-0.027691803880000032,-0.0021301387600000023,0.187470182779,0.014420783290692307,0.15977837889899996,1.1733138367707732,
3183975,1591.9875,-0.05962151746692309,1.1263479945874146,0.97578782301,0.1873583919708515,0.38792193424964333,0.3578572994979044,0.7096429867541613,0.056804597369999765,0.004369584413076905,0.18360571749799998,0.014123516730615383,0.24041031486799974,0.7637181357996681,
3187980,1593.99,-0.0612229200523077,1.121594128770958,0.9709802040707692,0.18933107798483237,0.3920946648679331,0.35967040117905114,0.7109970892173435,0.05425968020000005,0.004173821553846158,0.17665572744,0.01358890211076923,0.23091540764000004,0.7650235609890893,
3191985,1595.9925,-0.05583389447769234,1.113566706859145,0.9659249736761537,0.1873196096507298,0.38756167846162387,0.3587907423162283,0.7114448149127837,-0.03489480912999998,-0.0026842160869230756,0.175458071757,0.013496774750538463,0.14056326262700003,1.2482498519018954,
3195990,1597.995,-0.059667018741538486,1.1300978936976716,0.97910945232,0.18864498837197197,0.39091685840785245,0.36074227951527543,0.7147291000868711,0.03676319122999999,0.002827937786923076,0.180267453198,0.013866727169076923,0.217030644428,0.830608293465229,
3199995,1599.9975,-0.06027620113769228,1.1245396444614024,0.9739363881238461,0.1872944913168369,0.3868401170876432,0.3601089262252784,0.7156715935406608,-0.028531670580000057,-0.002194743890769235,0.18630215339700001,0.014330934876692309,0.15777048281699996,1.180842893236844,
3204000,1602.0,-0.054107069968461534,1.1073889459967463,0.9610932882007692,0.18635726777785258,0.38542183102257327,0.35633850933136685,0.7078724248368837,0.02316008509999984,0.0017815450076922952,0.181768888606,0.013982222200461537,0.20492897370599983,0.8869848187829881,
3208005,1604.0025,-0.05200986678461543,1.1121766275772833,0.9661272397384615,0.1852244383434239,0.3823146329959713,0.35667286348358584,0.7057359337651861,-0.0046129003100000565,-0.0003548384853846197,0.186032540164,0.01431019539723077,0.18141963985399995,1.0254266865137223,
3212010,1606.005,-0.06526482104923076,1.1178522364884627,0.9660944113353847,0.184714862893448,0.3826211420395394,0.354967919138961,0.7049631209800697,-0.009458817529999886,-0.0007276013484615296,0.18774024397,0.014441557228461539,0.1782814264400001,1.053055540999854,
3216015,1608.0075,-0.06117909229923076,1.1178066572231444,0.9676267321315385,0.187585654658359,0.38799786651487583,0.35864085547315666,0.7126765748660666,0.026633307329999967,0.002048715948461536,0.177145088096,0.013626545238153846,0.20377839542599996,0.8693025957225599,
3220020,1610.01,-0.05812311172000002,1.1189735858910574,0.9698381057107693,0.18651738541022742,0.3868737927137871,0.3567079052238347,0.706961372883013,-0.008753381670000004,-0.0006733370515384618,0.179539835084,0.013810756544923078,0.170786453414,1.0512533722377917,
3224025,1612.0125,-0.06906922505846157,1.130819106105522,0.9761431538184614,0.18632938239731817,0.3849915417183555,0.3555721343624728,0.7029162898369111,-0.014878459279999923,-0.0011444968676923017,0.17938382271500003,0.013798755593461541,0.1645053634350001,1.0904436121067793,
3228030,1614.015,-0.05409029356153845,1.1273598239694134,0.978824381653846,0.18829510309100142,0.38994908336927137,0.35973559719291137,0.7132973812134934,-0.02376771717999987,-0.001828285936923067,0.172482823956,0.013267909535076923,0.14871510677600014,1.1598204627307946,
3232035,1616.0175,-0.0634550956615385,1.1299220346795475,0.9774974768,0.19050024050435443,0.3955701045786794,0.36215242242844037,0.7188019685937269,-0.00814989954000006,-0.0006269153492307739,0.17767251842100001,0.013667116801615385,0.16952261888099995,1.0480755877522223,
3236040,1618.02,-0.06291929573999998,1.1181868835187423,0.9673042022138463,0.1867086679285458,0.386392267657254,0.3569316654739246,0.7072481581370743,-0.01228936760999999,-0.0009453359699999992,0.179536163804,0.013810474138769232,0.167246796194,1.073480436634163,
3240045,1620.0225,-0.06505789205769232,1.1360028322110918,0.9822699931884616,0.18641622510413608,0.3848358535494156,0.3570872299406333,0.7056189471915281,0.010009340929999888,0.0007699493023076837,0.176197545605,0.01355365735423077,0.1862068865349999,0.9462461291509833,
3244050,1622.025,-0.05756067771769231,1.1074178001134176,0.9598078590207693,0.187871666255046,0.38919832732630233,0.3586934840207283,0.7098580589337093,0.01021742819999999,0.0007859560153846146,0.178917694837,0.013762899602846155,0.189135123037,0.9459781555327448,
3248055,1624.0275,-0.059972983130769236,1.1177178213291272,0.9680128280846153,0.18774499465816955,0.38799788965363746,0.356914348735415,0.7044986008963429,-0.02356398105999996,-0.0018126139276923047,0.180835206992,0.013910400537846155,0.15727122593200005,1.149830211600108,
3252060,1626.03,-0.05567638232,1.1132952098683526,0.9657416939723078,0.18784620755049583,0.38803417563320863,0.35973790710576925,0.7118893217275165,0.009354688230000074,0.000719591402307698,0.175581103196,0.013506238707384616,0.18493579142600008,0.9494165615110624,
3256065,1628.0325,-0.05928393510923079,1.1202159041956823,0.97049184946,0.18578253360684302,0.3849037650558867,0.35427962474524693,0.6988396936920247,-0.035509377709999956,-0.0027314905930769197,0.177229379306,0.013633029177384615,0.14172000159600004,1.2505600995632657,
3260070,1630.035,-0.05636283526076923,1.1260554636234832,0.9768047286930769,0.18580588736482978,0.3847230010143063,0.3551978592183118,0.703408210232699,0.01945877075000002,0.0014968285192307708,0.18602008931300001,0.01430923763946154,0.20547886006300004,0.9053003761845188,
3264075,1632.0375,-0.06029549012538461,1.111673688109692,0.9625282287669231,0.1878305087269949,0.38806394672973754,0.3576098072835202,0.7073022958553163,-0.02473189681999982,-0.0019024536015384479,0.179280111565,0.013790777812692308,0.1545482147450002,1.1600270624983064,
3268080,1634.04,-0.055257820158461556,1.104070828347977,0.9576993676261538,0.1885175978920725,0.39175202877446813,0.35553158320600625,0.7071184569938574,0.04135081173000005,0.0031808316715384653,0.178138045595,0.013702926584230769,0.21948885732500004,0.8116040502740813,
3272085,1636.0425,-0.06499572901153845,1.1355276727715178,0.9818803163730768,0.18665311696285547,0.3862324757025055,0.35641763350447,0.7059889148857196,0.0007994324000000774,6.149480000000596e-05,0.183286052197,0.014098927092076923,0.18408548459700008,0.9956572762825369,
3276090,1638.045,-0.0591895167676923,1.12902271127653,0.9783282509246155,0.1852945162855721,0.3826480065215689,0.3539127279430953,0.6997253371879387,0.012041859320000126,0.0009262968707692404,0.17731538042199999,0.013639644647846153,0.1893572397420001,0.9364066600442253,
3280095,1640.0475,-0.059392163386923075,1.133556345295624,0.9822743626746154,0.18678170197986615,0.3868852558193691,0.3561364570530316,0.7042182668471031,0.04667893797,0.003590687536153846,0.178098987784,0.013699922137230768,0.224777925754,0.792333086919371,
3284100,1642.05,-0.06047122752769232,1.1320437464869524,0.9805052968107694,0.1883633360142176,0.3902818805609268,0.35830816723504466,0.7107186145912383,-0.008873611690000005,-0.000682585514615385,0.180360311638,0.013873870126,0.171486699948,1.0517451889428786,
3288105,1644.0525,-0.06354466769230768,1.1368422834777714,0.9835875676307692,0.1854044937431252,0.3836524021542252,0.352786351644812,0.6982567452796091,-0.08183389903000005,-0.006294915310000004,0.176765458654,0.013597342973384616,0.09493155962399996,1.8620304917998138,
3292110,1646.055,-0.0631137948792308,1.1384123430723987,0.9851608689053847,0.18808608948804156,0.38835122429888674,0.35874145925079787,0.7108811641648255,0.05171706528999992,0.0039782357915384555,0.168311129329,0.012947009948384615,0.22002819461899992,0.7649525535599971,
3296115,1648.0575,-0.05725360375076923,1.1273868707775683,0.9776381300030769,0.1894905991924828,0.39292381911363505,0.3614218371610358,0.7178390924070177,-0.018552832300000044,-0.0014271409461538496,0.160502735524,0.012346364271076922,0.14194990322399995,1.130699858743287,
3300120,1650.06,-0.06509216014846153,1.1284556947039606,0.9755823795592308,0.1884260521389874,0.39009065551477407,0.35950273765718216,0.7135255938249438,0.03270546347999986,0.0025158048830769128,0.178884372116,0.013760336316615385,0.21158983559599986,0.8454298932277342,
3304125,1652.0625,-0.060703992846923065,1.1346693807018153,0.9827622083530769,0.18252463854695314,0.3756057042984828,0.3501134731108447,0.6911324483849782,-0.006543755519999972,-0.0005033658092307671,0.185762073849,0.014289390296076924,0.17921831832900004,1.0365127604198767,
3308130,1654.065,-0.0652974018669231,1.1268089348361767,0.9740363817946154,0.18711669261507485,0.38721569159204594,0.356313168660163,0.7054630753637008,-0.039937570680000034,-0.0030721208215384642,0.18394544906800003,0.014149649928307695,0.144007878388,1.2773290678749976,
3312135,1656.0675,-0.05262594957,1.1222265557846687,0.9748456111376923,0.18667263742019083,0.38653274328706977,0.3569091185948492,0.7083628983890592,0.018343403940000003,0.0014110310723076925,0.180701103061,0.013900084850846154,0.19904450700100002,0.9078427020349381,
3316140,1658.07,-0.05748063325769232,1.1338185475680864,0.9832584261884616,0.1852427930893174,0.38362242521790707,0.3524713409211882,0.6993269068507021,0.07695075124000006,0.005919288556923081,0.176413384265,0.013570260328076924,0.25336413550500003,0.6962839626586319,
3320145,1660.0725,-0.057748592814615377,1.126329063916935,0.97652736077,0.18542876906960779,0.38332774868192526,0.35590959735753036,0.7033085643790398,-0.006632044909999912,-0.000510157300769224,0.174884578207,0.013452659862076924,0.1682525332970001,1.0394172068618603,
3324150,1662.075,-0.06027205632692309,1.1178610752381637,0.9680258998576924,0.1877430654733961,0.39017148185540446,0.35747369614649593,0.7108111082968913,0.0022419840099998645,0.00017246030846152803,0.17168881930500002,0.01320683225423077,0.17393080331499988,0.987109908266568,
3328155,1664.0775,-0.06044023312230769,1.1217868984748574,0.9714555144315385,0.18596883273513634,0.3841603004064291,0.3532865316823696,0.6977159462825417,0.022741712640000022,0.0017493625107692324,0.17425308004099999,0.013404083080076921,0.196994792681,0.8845567827936122,
3332160,1666.08,-0.053084795297692305,1.120237000881888,0.9728957689792307,0.18629715089693466,0.38569760411566334,0.35588344139504724,0.705714644364409,0.044181317089999894,0.003398562853076915,0.17275325768000002,0.013288712129230771,0.21693457476999992,0.7963380565922138,
3336165,1668.0825,-0.05631678838000001,1.1196776643671178,0.9711734790046154,0.18870321401217388,0.39095715938476366,0.3572913180368539,0.7093856053361108,0.04019831118999989,0.0030921777838461453,0.17176425363500003,0.013212634895000002,0.21196256482499992,0.810351836310396,
3340170,1670.085,-0.0594818775423077,1.1348487218546335,0.9833997579653846,0.18714356475852428,0.3872088287931067,0.35681013828168556,0.7065018574508447,-0.03704350444000004,-0.0028495003415384646,0.170146574265,0.013088198020384615,0.13310306982499995,1.2783069127459177,
3344175,1672.0875,-0.06351951911384614,1.1337457752794091,0.9808810445015385,0.18639248806753186,0.3851452450430701,0.3557636885083004,0.7038929611549254,-0.07671098410999988,-0.005900844931538452,0.17803485132500002,0.01369498856346154,0.10132386721500014,1.7570870143282833,
3348180,1674.09,-0.05484251791923081,1.1287454023899666,0.9797700093269228,0.18774484983326512,0.3893467065178431,0.357166028796858,0.7089997200620255,0.027154184869999876,0.002088783451538452,0.16749884654200003,0.012884526657076926,0.1946530314119999,0.8604995531124008,
3352185,1676.0925,-0.05582095568230769,1.1369134780157903,0.9866221913946155,0.18711751897274434,0.38633828168308304,0.35657429485849934,0.7053174897496444,0.06833801420000013,0.005256770323076933,0.159726023672,0.012286617205538463,0.22806403787200014,0.7003560279049583,
3356190,1678.095,-0.053960525073846154,1.1268386654786284,0.9784295925723078,0.1850249987710799,0.3821024087532532,0.3534683800627717,0.6999667730709921,0.04421443492999988,0.00340111037923076,0.17398251034599999,0.013383270026615383,0.21819694527599987,0.7973645557958086,
3360195,1680.0975,-0.06474489432461537,1.1448937952985425,0.990294914983077,0.1855005998433947,0.3824150306293693,0.3524112066958462,0.6967227831864065,-0.0032674223199998798,-0.0002513401784615292,0.175662688914,0.013512514531846154,0.17239526659400012,1.018953086036259,
3364200,1682.1,-0.056487968333076934,1.1208565832707913,0.9721288084976921,0.18377306221601916,0.3792249773034369,0.3532343501931224,0.698310241704062,0.015015974629999929,0.001155074971538456,0.17331803496999998,0.013332156536153845,0.1883340095999999,0.920269447552823,
3368205,1684.1025,-0.06051010352307692,1.1285234909353332,0.9773884736615384,0.1859908649567609,0.3845868470942991,0.3560737119062989,0.7044513589045932,0.012060992419999972,0.0009277686476923055,0.17165855504699998,0.013204504234384613,0.18371954746699995,0.9343510661424507,
3372210,1686.105,-0.056138011126153874,1.1185491197079271,0.970224518043077,0.18604234479016604,0.3848057615818514,0.3564850105219048,0.7060872455978972,0.017821915450000114,0.0013709165730769318,0.172598553821,0.013276811832384616,0.19042046927100012,0.9064075647002184,
3376215,1688.1075,-0.05422211152,1.1232920910740756,0.9751848761876925,0.1849517413135374,0.3830725877265423,0.35541163624288435,0.7054955170017168,-0.02836346625999997,-0.002181805096923075,0.163002203218,0.01253863101676923,0.13463873695800002,1.2106634903211237,
3380220,1690.11,-0.056568494211538464,1.1222779391689888,0.9733745134807692,0.18615754660461992,0.3851580362269622,0.35717663921452897,0.710026181389673,0.005163647219999956,0.00039720363230768895,0.18121061846200004,0.013939278343230773,0.186374265682,0.9722942048833587,
3384225,1692.1125,-0.05465106781461539,1.1056179155123131,0.9593268082776925,0.1867117010999596,0.38634605597064847,0.3585094779541635,0.711699899088425,0.0026018023500000154,0.00020013864230769348,0.17832639813499995,0.013717415241153842,0.18092820048499997,0.9856196969680483,
3388230,1694.115,-0.06008691970538463,1.1317010143665258,0.9803803792330766,0.18568516376310473,0.3842794967810593,0.35576409730885306,0.7044527806650802,-0.019161485119999877,-0.0014739603938461444,0.17027013749,0.013097702883846154,0.15110865237000012,1.1268060089178853,
3392235,1696.1175,-0.05985001416538463,1.1115058085140586,0.9625701354038463,0.18544114363447534,0.3836390733259463,0.35302232653261273,0.6999091772812623,-0.03583556412999994,-0.0027565818561538415,0.17758981325199996,0.01366075486553846,0.14175424912200002,1.252800634562695,
3396240,1698.12,-0.06038370040769235,1.1140072847756635,0.9645816775461539,0.18692862340865896,0.38598405430107,0.35822503717421594,0.7082216443939408,-0.05698876080999993,-0.004383750831538456,0.170525810685,0.013117370052692309,0.11353704987500007,1.501939770962363,
3400245,1700.1225,-0.05813962679846153,1.1201454122144834,0.9708953912476924,0.18503285389556196,0.38316461076658936,0.3552778188148797,0.703803288548223,0.06632540375000001,0.005101954134615385,0.17146992869299998,0.013189994514846152,0.237795332443,0.7210819780665866,
3404250,1702.125,-0.057986080643846145,1.1158199333156071,0.9671145723407693,0.18428405574961115,0.38080808591228443,0.3524464820997621,0.6969295041376548,-0.046207368369999835,-0.003554412951538449,0.17785858363399998,0.01368142951030769,0.13165121526400014,1.350983226986095,
3408255,1704.1275,-0.062342680425384614,1.1168510624765167,0.9663378275438462,0.1838270502662166,0.3801464980962582,0.3519708032039696,0.6969302462362229,-0.006280288109999921,-0.0004830990853846093,0.183864900841,0.014143453910846152,0.17758461273100007,1.0353650466299866,
3412260,1706.13,-0.05930045476307691,1.1084104774950472,0.9600396935753847,0.18526245682167064,0.3829394277227223,0.35487978578253543,0.7038494832427,0.04077344387999987,0.00313641875999999,0.18440525419999998,0.014185019553846153,0.22517869807999985,0.8189285033279916,
3416265,1708.1325,-0.05995405178461539,1.1119386167203869,0.9629194782307693,0.18384126419092664,0.37975383188142087,0.3535302571734991,0.700660028713521,0.03498333691999994,0.0026910259169230723,0.18403900973600001,0.014156846902769232,0.21902234665599996,0.8402750337848158,
3420270,1710.135,-0.061391752498461516,1.1042866292734945,0.9555735817323078,0.18443185051572158,0.3815587885776949,0.35318521620257654,0.6992127743053438,0.01779890059999989,0.0013691461999999915,0.175207776948,0.013477521303692307,0.19300667754799988,0.9077809077586273,
3424275,1712.1375,-0.061255358732307696,1.1105735607845937,0.9611861384830769,0.18483262614445822,0.3823549060738375,0.35236356674574015,0.6986297893275667,-0.0035534650099998677,-0.00027334346230768216,0.182532554496,0.01404096573046154,0.17897908948600014,1.0198540791564248,
3428280,1714.14,-0.0582345724076923,1.1092910127502627,0.9612130110076923,0.1840298690910543,0.38006017023235944,0.35306154671063605,0.6996280235090363,-0.013695977620000077,-0.001053536740000006,0.18302682414300003,0.014078986472538465,0.16933084652299996,1.080882945436287,
3432285,1716.1425,-0.05706963631538464,1.1194399842498237,0.9706658354230768,0.1823340419826616,0.37680170710800404,0.35031562517269116,0.693170131657732,-0.02462819220000012,-0.0018944763230769324,0.19001715630099997,0.014616704330846152,0.16538896410099985,1.1489107349687502,
3436290,1718.145,-0.057105440357692314,1.1261259297410973,0.9765703586423076,0.18282753366888754,0.3774123814300162,0.352641895230789,0.6983129625867498,0.021976180380000043,0.001690475413846157,0.18212475999799999,0.014009596922923076,0.20410094037800003,0.8923269028584601,
3440295,1720.1475,-0.05802355363692308,1.1244057819268858,0.9746843759938462,0.18064274422612042,0.3730273527990143,0.34681762783220926,0.6855914492095102,-0.01950620113999979,-0.0015004770107692146,0.196446530516,0.015111271578153847,0.1769403293760002,1.110241691132771,
3444300,1722.15,-0.062174430260769215,1.1230354608292346,0.97189281537,0.18386963158201036,0.3806786008147292,0.35438400977460704,0.7021902283632026,0.04941445590999999,0.003801111993076922,0.197551464665,0.015196266512692309,0.246965920575,0.7999138674884759,
3448305,1724.1525,-0.05921020874538463,1.1258408383065646,0.9755117159623078,0.18344422127302035,0.3787593967898458,0.3522427509616634,0.6959631916667275,-0.038504481320000006,-0.0029618831784615387,0.186426132915,0.014340471762692307,0.14792165159499998,1.2603032139299175,
3452310,1726.155,-0.06416744910846156,1.1286390331840301,0.9760965704915385,0.1847390712092831,0.3815845211336614,0.35314636032864155,0.698484859428045,-0.016625456509999914,-0.0012788812699999934,0.18841697275199998,0.014493613288615382,0.17179151624200006,1.0967769356350514,
3456315,1728.1575,-0.052861933520000015,1.1035410531823466,0.9581817434338462,0.18294024188016156,0.3785136276136884,0.3513546043845688,0.6969244856298137,-0.010810635999999929,-0.0008315873846153792,0.188873386009,0.014528722000692308,0.17806275000900007,1.060712507245078,
3460320,1730.16,-0.05866400094692307,1.12388789718285,0.9740059834223078,0.18231524060094018,0.37735052916781386,0.3497271092628769,0.6929782550218703,-0.0049604400799999615,-0.0003815723138461509,0.191048216076,0.01469601662123077,0.18608777599600004,1.0266564531358933,
3464325,1732.1625,-0.053533035980000004,1.115007320065787,0.9681022396507691,0.18246220386425122,0.3773336840260046,0.3510873587726009,0.6950881368858361,-0.00739651174,-0.0005689624415384615,0.18849712051900003,0.01449977850146154,0.18110060877900003,1.0408420037341017,
3468330,1734.165,-0.05345347293461538,1.1254252790102277,0.9773764335115386,0.18348161826803278,0.3793239915427139,0.3505730462877006,0.693397945496844,-0.033470973400000104,-0.0025746902615384694,0.19088565744799996,0.014683512111384613,0.15741468404799985,1.2126292956875226,
3472335,1736.1675,-0.054466531827692316,1.1188604026901545,0.9711477481415383,0.18277942487094023,0.37746104131897296,0.3515655609835989,0.6951516817137113,-0.013087525950000012,-0.0010067327653846163,0.187623279167,0.014432559935923076,0.174535753217,1.074984785115794,
3476340,1738.17,-0.05975129054384619,1.1228924175878743,0.9727064829638461,0.18348673513263408,0.3799988521770924,0.351266353812157,0.696027161824725,-0.010042712080000016,-0.000772516313846155,0.19745670817800004,0.01518897755215385,0.18741399609800002,1.0535857101875605,
3480345,1740.1725,-0.05791535285769231,1.1142976008407934,0.9657839307423077,0.18238152305776237,0.37583243823347606,0.35101789756443785,0.6944501178417072,-0.004152208550000036,-0.00031940065769231046,0.195122433826,0.015009417986615385,0.19097022527599997,1.0217427012195177,
3484350,1742.175,-0.058572613271538475,1.1145365270402083,0.9657475122976922,0.18313226928224707,0.37976637947615827,0.3521312048035945,0.697881801746937,-0.0530500560999998,-0.004080773546153831,0.192628361282,0.014817566252461539,0.1395783051820002,1.3800737946404085,
3488355,1744.1775,-0.06106593517538462,1.1343382226853336,0.9823419818553846,0.1836913657556358,0.3794540774660147,0.3539840447750076,0.7007943590162194,-0.08506207914000002,-0.0065432368569230785,0.19156657345400002,0.01473589026569231,0.106504494314,1.7986712644183565,
3492360,1746.18,-0.057072002146153836,1.112201992336053,0.9642496980076921,0.1849339068351798,0.38277049718433476,0.3547702011492873,0.7042345124729044,-0.009001068759999897,-0.0006923899046153767,0.192932818086,0.014840986006615384,0.1839317493260001,1.048937004040811,
3496365,1748.1825,-0.0579826144046154,1.1238840058014263,0.9742593169184617,0.18437859351802838,0.38095928542562374,0.3544137376541451,0.7009092280308541,-0.060464359810000035,-0.0046511046007692335,0.194082356987,0.014929412075923076,0.13361799717699996,1.4525165852464068,
3500370,1750.185,-0.05681321253615385,1.1194632601383414,0.9707861221715385,0.18397854036635827,0.380545528761052,0.35404014005672046,0.7019227171436422,-0.024199917899999923,-0.0018615321461538403,0.187511919064,0.014423993774153846,0.16331200116400008,1.1481821159958603,
3504375,1752.1875,-0.05930019801307694,1.1303568820295011,0.9795012886792307,0.18338703935611914,0.3785574808001917,0.35131104858815276,0.6944288231286772,-0.043484047079999866,-0.003344926698461528,0.190753512083,0.014673347083307694,0.14726946500300014,1.2952685886318254,
3508380,1754.19,-0.05394403750999999,1.1098351278321668,0.9633663984438461,0.18259526950289914,0.37673238546297744,0.3502415971715037,0.6908629351879195,-0.03154599665999985,-0.0024266151276922964,0.183566218241,0.014120478326230769,0.15202022158100015,1.2075118450159037,
3512385,1756.1925,-0.055917226351538445,1.118806222717344,0.9705536915715385,0.18249562372085895,0.37735229399392045,0.35126613330224166,0.6954329715192741,-0.01079644264000007,-0.0008304955876923131,0.190210370352,0.014631566950153847,0.17941392771199993,1.0601761679134007,
3516390,1758.195,-0.05780555652,1.1192299832684698,0.9702049952338463,0.18238500056275056,0.3768803267628328,0.35191851363411036,0.6947010931696243,-0.05263198912000011,-0.004048614547692316,0.183506844561,0.014115911120076922,0.1308748554409999,1.402155088864471,
3520395,1760.1975,-0.05778964207153846,1.1053684263098997,0.9579282861438461,0.18316840761446837,0.3784683433356133,0.35208456219723444,0.6976530218036493,-0.03920180349999991,-0.003015523346153839,0.18602678924600002,0.014309753018923078,0.14682498574600011,1.2669968146144899,
3524400,1762.2,-0.051518577793076926,1.107168236042697,0.961921169206923,0.18270506937375958,0.3782365827371306,0.35044251470903637,0.6941120193615987,-0.03408418598000007,-0.0026218604600000053,0.192077469078,0.014775189929076922,0.15799328309799993,1.2157318672772839,
3528405,1764.2025,-0.059516562865384585,1.1313823698790997,0.9803299124423077,0.18216368017756837,0.37687525694078844,0.34990926698860236,0.6923440423783427,-0.009311027829999985,-0.0007162329099999989,0.194744465868,0.014980343528307693,0.18543343803800003,1.0502122374934983,
3532410,1766.205,-0.057959180613846153,1.1311429096794186,0.9807165127553845,0.18346196185781122,0.3793174648047787,0.35243528627925796,0.6970817040727842,-0.025004342220000142,-0.001923410940000011,0.19523135572099998,0.015017796593923076,0.17022701350099984,1.1468882153645565,
3536415,1768.2075,-0.0559123479476923,1.12274240997817,0.9740575643753846,0.1838421796994919,0.38021275186008924,0.35238826272094315,0.69801262632817,-0.03998500108999997,-0.0030757693146153823,0.19070157036500002,0.014669351566538463,0.15071656927500005,1.2652993050620907,
3540420,1770.21,-0.06042391062461538,1.1410311032609994,0.9885390859446154,0.18295172838874896,0.37863468593658406,0.3498080954968273,0.6920888420398079,-0.012999236589999852,-0.0009999412761538347,0.194888757545,0.014991442888076923,0.18188952095500016,1.0714677597793876,
3544425,1772.2125,-0.05772618605307692,1.121486609982689,0.9722408102084614,0.1833828983060196,0.3792834690152053,0.35224342232407396,0.6966095554196546,-0.044038727879999795,-0.0033875944523076764,0.188547043127,0.014503618702076922,0.1445083152470002,1.3047487461515748,
3548430,1774.215,-0.05696465418846154,1.126797832449807,0.97723863675,0.18082037285503003,0.37325157930507835,0.347981452956836,0.6881396367085645,-0.001499943439999929,-0.00011538026461537915,0.190062500539,0.014620192349153847,0.18856255709900008,1.0079546197457028,
3552435,1776.2175,-0.05731137899769231,1.1271518705292483,0.9774189270484615,0.18378296124400886,0.3800370972010439,0.3523614145189663,0.6976931787925732,0.0031917020600000234,0.00024551554307692487,0.192815180866,0.014831936989692308,0.19600688292600002,0.9837163776477941,
3556440,1778.22,-0.05521876995615384,1.1222259942638129,0.9738490398130768,0.18302052070457508,0.3786612767904276,0.3528873322183497,0.6991274536682596,0.007232673479999896,0.0005563594984615305,0.19525997526799999,0.01501999809753846,0.20249264874799988,0.9642817972666213,
3560445,1780.2225,-0.06537790939923076,1.139817373863296,0.9855477855699999,0.17998864726471434,0.3713290165622638,0.3445417979262861,0.6781201300420078,-0.056552276020000125,-0.004350175078461548,0.196397388352,0.015107491411692308,0.13984511233199987,1.4043922242040319,
3564450,1782.225,-0.05694493880615386,1.1134243724111739,0.9653877845169233,0.18364237084489188,0.37957827982500497,0.3544178368113886,0.7010951946074985,-0.021131746480000102,-0.001625518960000008,0.183513544497,0.01411642649976923,0.1623817980169999,1.1301361774414385,
3568455,1784.2275,-0.05668576405615385,1.1263294974853089,0.9769285963130769,0.18291544387975836,0.37850609245408023,0.35245073960036966,0.6989169539431618,-0.03256568312000008,-0.0025050525476923136,0.186751306051,0.014365485080846153,0.1541856229309999,1.2112108930841992,
3572460,1786.23,-0.05743386654615383,1.1208216750729363,0.9717536293615384,0.18215995099469673,0.37558179698399924,0.35133299264315243,0.6951660322273417,-0.01240140199999995,-0.0009539539999999962,0.19391623512100004,0.014916633470846156,0.18151483312100009,1.0683217001430017,
3576465,1788.2325,-0.05400269765461539,1.1155420388802597,0.9683978282530769,0.18237573351110764,0.3767140349089888,0.35038623953801545,0.6926461295690292,-0.03754663468999986,-0.0028882026684615278,0.18378392421200002,0.014137224939384617,0.14623728952200016,1.2567514401608988,
3580470,1790.235,-0.05732872852846153,1.1212880640825074,0.9722200815484616,0.1824289369055934,0.3771207518275258,0.3509710347408437,0.695123667771672,0.018474288300000086,0.0014210991000000066,0.197114259003,0.015162635307923077,0.2155885473030001,0.9143076544134077,
3584475,1792.2375,-0.05595424082923074,1.1186708597091948,0.970423455416923,0.18185266546444323,0.375963192598343,0.3497366587955369,0.6917907996332621,-0.01948162166000006,-0.001498586281538466,0.189545612779,0.01458043175223077,0.17006399111899995,1.1145546539970832,
3588480,1794.24,-0.054038565891538465,1.1222097085608782,0.9742927138623079,0.1832186984535815,0.3791346458216931,0.3519730252086001,0.6961721123546757,-0.06151259689999994,-0.004731738223076918,0.191888334236,0.014760641095076922,0.13037573733600005,1.4718101554545513,
3592485,1796.2425,-0.0534151471553846,1.1258903986721793,0.9777959906138461,0.18294924855470757,0.37854671890704045,0.35122465390603347,0.6950006949181817,0.02314423025000012,0.001780325403846163,0.19108826852900002,0.014699097579153848,0.21423249877900014,0.8919667632973116,
3596490,1798.245,-0.05633557301307693,1.1198605523177714,0.9713430083715384,0.1822235876888105,0.3764950297841794,0.3507900573216156,0.6943153506345502,0.017302490789999958,0.0013309608299999969,0.19014587811899997,0.014626606009153843,0.20744836890899992,0.9165937486951756,
3600495,1800.2475,-0.053943400203846165,1.124075153563141,0.9759863110730768,0.1831962783031728,0.37922140362230383,0.351733048744147,0.6963802271361548,-0.03708495945000001,-0.002852689188461539,0.182021107525,0.014001623655769232,0.144936148075,1.2558710159097763,
3604500,1802.25,-0.057383972870769226,1.1150117730353433,0.9666286844523077,0.18366783427043018,0.37991021691824955,0.3519929421273184,0.697625658606305,-0.028374820939999934,-0.0021826785338461487,0.18008555658699998,0.013852735122076921,0.15171073564700005,1.1870323864622367,
3608505,1804.2525,-0.05369590795846153,1.1150127982164373,0.9680457573646153,0.18316072076333298,0.3786259287027523,0.35165090795057846,0.6963790043947558,0.0033931285200001216,0.0002610098861538555,0.18319340795400002,0.014091800611846155,0.18658653647400014,0.9818147194105137,
3612510,1806.255,-0.05761786607846154,1.1194348400365859,0.9704677325061538,0.1819061111945239,0.37571117222097716,0.3484638822070491,0.6893796832809294,-0.025874637059999928,-0.0019903566969230713,0.178278645506,0.013713741962,0.15240400844600008,1.1697766175826527,
3616515,1808.2575,-0.057090516278461546,1.1214839857207795,0.9724885729676921,0.18224571109656781,0.3770086802067704,0.3511024724531472,0.6946220651121698,0.00796031949999998,0.0006123322692307676,0.177529770878,0.013656136221384617,0.185490090378,0.9570849338432146,
3620520,1810.26,-0.05558780064538461,1.1211208416913032,0.9727360331084616,0.18234600150291874,0.37628199689058134,0.34990801781108594,0.691829707019044,0.013672389099999904,0.001051722238461531,0.180177899077,0.01385983839053846,0.1938502881769999,0.9294693382786412,
3624525,1812.2625,-0.059780084163846156,1.114977345869859,0.9656877150823077,0.18305505760641377,0.37864071441438213,0.3509281708267412,0.6949925857165361,0.010377682739999783,0.000798283287692291,0.182644076647,0.014049544357461538,0.19302175938699978,0.9462356846556713,
3628530,1814.265,-0.05808756443461539,1.1220039052795272,0.9725611989346153,0.18271155490077076,0.3775048126962532,0.3519976095323073,0.696498741359486,-0.04813075064999994,-0.00370236543461538,0.18285594880599998,0.014065842215846152,0.13472519815600004,1.3572512886139438,
3632535,1816.2675,-0.06183024093692308,1.1323324934623566,0.9802766258784614,0.18222159812439423,0.37637638758995506,0.35109345730197633,0.6952941112022304,-0.0249071419300001,-0.001915933994615392,0.185057848692,0.014235219130153846,0.1601507067619999,1.155523147125505,
3636540,1818.27,-0.056992191534615384,1.126968876965035,0.9773854017269232,0.1835522708529596,0.3798715896851414,0.35277047760975655,0.699508935177449,-0.007790826249999994,-0.0005992943269230764,0.18364692666,0.014126686666153845,0.17585610041,1.0443022802839144,
3640545,1820.2725,-0.05763581624923076,1.120851468723732,0.9717181691815385,0.18299341355153415,0.3785783061446202,0.3515637443655155,0.6950025904761667,-0.01887969672999995,-0.0014522843638461501,0.183081794533,0.014083214964076923,0.16420209780300005,1.1149784136902483,
3644550,1822.275,-0.052848417016153865,1.1153561357979804,0.9686782680915383,0.18250098407676857,0.37719853505265233,0.35054592939825074,0.6930866956027507,0.018397398289999978,0.001415184483846152,0.181723821904,0.013978755531076923,0.20012122019399997,0.9080687281830218,
3648555,1824.2775,-0.05951131306769231,1.119106914027145,0.9694496668246152,0.18316907244957126,0.37910974254727037,0.35159731777160447,0.6960435148085214,-0.01055866479000006,-0.0008122049838461585,0.182164397089,0.014012645929923077,0.17160573229899995,1.0615286252303215,
3652560,1826.28,-0.06168157320923076,1.1234978096219732,0.972510016883077,0.18090601707093323,0.37364793836952465,0.34774209105329135,0.6870528430478957,0.004201643160000157,0.00032320332000001205,0.184277996416,0.014175230493538462,0.18847963957600017,0.9777077080078671,
3656565,1828.2825,-0.06123367181461539,1.1275131590239318,0.9762461873238462,0.182557046223538,0.3777409066325466,0.35095946406774203,0.6958495193846299,0.014507576820000034,0.0011159674476923104,0.184560308239,0.014196946787615385,0.19906788505900003,0.9271224647024292,
3660570,1830.285,-0.05587282089307692,1.1232829857959956,0.9745485645069232,0.18365508618656617,0.3799159675809225,0.35316920708737926,0.6990333664945629,-0.0043024793300001085,-0.0003309599484615468,0.184028390797,0.014156030061307693,0.1797259114669999,1.023939115372299,
3664575,1832.2875,-0.05734895284384616,1.1265499562124046,0.9768833151253846,0.18193109993953835,0.37585168520870965,0.3490800950761405,0.6900458024599175,0.005499742939999996,0.000423057149230769,0.187272004779,0.014405538829153845,0.192771747719,0.9714701816781944,
3668580,1834.29,-0.05800345310846154,1.1216061600028655,0.972244822060769,0.18207706126191808,0.3768472996960222,0.3499037772862328,0.6925410412790798,0.016210608200000032,0.001246969861538464,0.18471293523600002,0.014208687325846155,0.20092354343600005,0.9193195186448442,
3672585,1836.2925,-0.05957731833923075,1.1298845982270933,0.9789817333223078,0.18304187078821454,0.3784575900162505,0.3519126999722119,0.6956561123408255,-0.011915132399999862,-0.0009165486461538355,0.18430119752999996,0.014177015194615382,0.1723860651300001,1.0691188837741288,
3676590,1838.295,-0.059687976663076944,1.1263316878364185,0.97579336626,0.18283592371384216,0.3776552859897342,0.3506905617921763,0.693248837233035,-0.04881873727999997,-0.003755287483076921,0.182741343981,0.014057026460076923,0.13392260670100004,1.3645294732725317,
3680595,1840.2975,-0.05692158295769229,1.1140282348936055,0.96594472115,0.18121899067368621,0.37433725708368326,0.3485697301067328,0.6886292344059746,0.004457861189999857,0.0003429123992307582,0.183966984978,0.01415130653676923,0.18842484616799984,0.9763414364896166,
3684600,1842.3,-0.06110445352307691,1.128536325032153,0.9772087335538461,0.18281767363537935,0.37728460041359907,0.3521002511476824,0.6954795089924596,-0.02932405473000016,-0.00225569651769232,0.177196403963,0.01363049261253846,0.14787234923299983,1.198306545355513,
3688605,1844.3025,-0.060195941192307714,1.1253889606123588,0.9747684001923077,0.18226718039493953,0.37667290670932957,0.350489730406628,0.6932050830669423,0.012627959249999987,0.0009713814807692298,0.18443533219699998,0.014187333245923075,0.19706329144699997,0.9359192716346348,
3692610,1846.305,-0.06219385678692307,1.1240287359344832,0.9727897047976923,0.18276649814066853,0.3779577307640722,0.3518278359674077,0.6971481596060832,0.04083377122000004,0.0031410593246153874,0.186421072106,0.014340082469692308,0.22725484332600004,0.8203172675117711,
3696615,1848.3075,-0.05877630527615381,1.1257862409156927,0.9756564543853846,0.18329798154494834,0.3795063243340273,0.3524947797886941,0.6980107533225959,-0.01741858571999988,-0.00133989120923076,0.178947158156,0.013765166012,0.16152857243600013,1.1078359416994252,
3700620,1850.31,-0.05827543826692306,1.1194629645053285,0.9702450724715386,0.1828118999991094,0.3778158164802644,0.3510533364345135,0.6945618100787403,0.025489300489999978,0.0019607154223076906,0.182785112408,0.014060393262153846,0.20827441289799997,0.8776167454497492,
3704625,1852.3125,-0.059368757103846155,1.1198923248268637,0.970203234603846,0.182788022652975,0.3775810826707939,0.35111678947739233,0.694626679943823,-0.018446288989999948,-0.001418945306923073,0.18222414888900001,0.014017242222230771,0.16377785989900007,1.1126299305741054,
3708630,1854.315,-0.060772258502307684,1.118052937146725,0.9680391595900001,0.18337514578952419,0.37963503232465595,0.3519738250929255,0.6974821015521486,-0.010230876509999987,-0.0007869905007692297,0.177721815181,0.013670908860076924,0.167490938671,1.061083164206849,
3712635,1856.3175,-0.05542605198461539,1.1172831511004946,0.9694016667538463,0.18226610532419424,0.377184058515358,0.3502881684932584,0.6940100023173069,-0.01575925945999984,-0.0012122507276922955,0.181058142333,0.013927549410230769,0.16529888287300015,1.0953379671180703,
3716640,1858.32,-0.05829198543538458,1.1252570275641138,0.97537697278,0.1819217204217636,0.3759011308954209,0.35009537676239827,0.6933411329314119,0.002925254400000077,0.00022501956923077514,0.18293197453299997,0.014071690348692305,0.18585722893300005,0.9842607445683235,
3720645,1860.3225,-0.059194849096153836,1.1324042300303347,0.9813667169038461,0.18342974560980926,0.3795505552570924,0.35164058392150915,0.6957648164202649,-0.03509321064000004,-0.0026994777415384644,0.176412029197,0.013570156092076922,0.14131881855699996,1.2483265215371542,
3724650,1862.325,-0.05780320901076925,1.1205920173639443,0.9714285593738462,0.18318596322718667,0.3794602180861164,0.3509664014240859,0.6958998586221624,-0.02114598454000005,-0.0016266141953846193,0.18387231602999998,0.01414402431,0.16272633148999993,1.1299481426661397,
3728655,1864.3275,-0.05977159280000001,1.1330705993507215,0.981735027753846,0.1821189822345433,0.37600564044728046,0.35028620652180176,0.6926047146404286,0.013630390170000117,0.0010484915515384706,0.179293271151,0.013791790088538461,0.1929236613210001,0.9293482713490446,
3732660,1866.33,-0.06102360670538462,1.133767571897097,0.981876221986923,0.18218491166879025,0.376352295013205,0.3503309502968758,0.6926576649204251,-0.006885014479999896,-0.0005296164984615304,0.18027325346599998,0.01386717334353846,0.1733882389860001,1.0397086591355011,
3736665,1868.3325,-0.060218999020000025,1.1327609697299668,0.9812935086415385,0.18313957642968312,0.3787571541719359,0.35074409980821974,0.6940862305287984,0.02545827626999997,0.0019583289438461515,0.182349430401,0.014026879261615385,0.20780770667099996,0.8774911831816451,
3740670,1870.335,-0.05863335499384617,1.1202480030561313,0.9708127883753845,0.18241096413797608,0.3769430804186454,0.35019943807473947,0.6918723562144526,0.0020271316200001777,0.0001559332015384752,0.17484080977199998,0.013449293059384613,0.17686794139200016,0.9885387277985705,
3744675,1872.3375,-0.05834048069153846,1.1316272167320367,0.9810075897392306,0.18282875990069197,0.37817025077080774,0.3507455984245546,0.69426852213837,0.005346201359999969,0.00041124625846153607,0.181120121849,0.013932317065307693,0.18646632320899997,0.9713288637433597,
3748680,1874.34,-0.06024116276846152,1.1259933046273674,0.9752882489699999,0.18261325719675295,0.3776158539882943,0.350345454169564,0.6922426087865641,-0.019567504520000167,-0.0015051926553846283,0.177468519662,0.013651424589384616,0.15790101514199983,1.1239226011460608,
3752685,1876.3425,-0.05844277143846152,1.1182631364836322,0.9691257522692307,0.18263717408735225,0.377418468656495,0.35101058427084275,0.6954023381997237,0.016478233039999957,0.0012675563876923045,0.180967805907,0.013920600454384617,0.19744603894699997,0.9165431065222677,
3756690,1878.345,-0.057809178646153835,1.132379393891638,0.9818826913846157,0.1821530801454984,0.37687357021956785,0.34901103872575057,0.6909261338897189,0.002368561920000123,0.00018219707076924023,0.179226389151,0.013786645319307693,0.18159495107100013,0.9869568955192258,
3760695,1880.3475,-0.0594168947253846,1.1308139216382187,0.9798743220438462,0.18329642824800865,0.3792558292882538,0.35200891360294667,0.6967927368769816,0.030321322389999794,0.0023324094146153686,0.17900031991499998,0.013769255378076922,0.20932164230499978,0.8551448285227048,
3764700,1882.35,-0.06151055831923079,1.1290047381842379,0.9774682200961539,0.182408809198978,0.3772686810862653,0.34999808363609336,0.6923295176021992,-0.02220010756000007,-0.001707700581538467,0.179975667968,0.013844282151384614,0.15777556040799992,1.1407068845300987,
3768705,1884.3525,-0.06204799505692307,1.1299566842135076,0.9781034359584614,0.18208289185250565,0.3762479220955159,0.35011037186991023,0.6918453561315572,-0.008857376870000044,-0.0006813366823076957,0.17726533487199997,0.013635794990153844,0.16840795800199992,1.052594764375059,
3772710,1886.355,-0.060397308610769244,1.1221337135920453,0.9718045317276922,0.1827429828604326,0.37786482198061555,0.3513381207308485,0.6946289849607238,-0.0020729154300000996,-0.00015945503307693073,0.176538014784,0.013579847291076922,0.1744650993539999,1.0118815478721852,
3776715,1888.3575,-0.058266969820769225,1.1271812524679279,0.9770937882869231,0.1824222808253852,0.3771845172774145,0.3502892238824587,0.6928314031829387,-0.014484740790000006,-0.0011142108300000004,0.178239814941,0.013710754995461538,0.163755074151,1.0884536913747387,
3780720,1890.36,-0.060102215173076914,1.1300272801428277,0.9789132429961538,0.18234580809601975,0.37693791794949216,0.35022861336045313,0.6927775146263061,0.012598745510000009,0.0009691342700000007,0.181156570091,0.01393512077623077,0.193755315601,0.9349760006794106,
3784725,1892.3625,-0.060717770682307694,1.1260216149468871,0.975127398963846,0.18201039710030656,0.3763859274245734,0.35024671679005337,0.693207414384704,0.022254705420000076,0.0017119004169230828,0.178761556746,0.013750888980461538,0.20101626216600008,0.88928902975212,
3788730,1894.365,-0.061486115817692324,1.1258299709332749,0.974669438136154,0.1822385353618077,0.37678153761899746,0.34927653287094124,0.6912159424831866,0.024219013749999907,0.0018630010576923006,0.17572982796099995,0.013517679073923074,0.19994884171099986,0.8788739482421941,
3792735,1896.3675,-0.0600181726330769,1.1281645155571718,0.9772970493053847,0.18259505501965811,0.3775413209791387,0.3503409985109397,0.6928548442878729,-0.02047648280000003,-0.0015751140615384638,0.17497163824900003,0.013459356788384617,0.154495155449,1.1325380251600152,
3796740,1898.37,-0.06177499661230768,1.128300480366844,0.9767473385876924,0.18305723867162374,0.37854032258152087,0.3508831788678361,0.6945704265864605,-0.004415504620000121,-0.00033965420153847086,0.177698642016,0.013669126308923077,0.17328313739599988,1.0254814443364415,
3800745,1900.3725,-0.06432371414615384,1.1338219915855754,0.9806605164846154,0.18248576453083173,0.3774776236715256,0.3496511017202755,0.6917426586510856,-0.0026739761200000878,-0.00020569047076923752,0.17608149535499998,0.013544730411923075,0.1734075192349999,1.0154201855363396,
3804750,1902.375,-0.062278435783076944,1.1199766399634574,0.9691732480015385,0.18263282823817947,0.37779734804828774,0.3512328806087443,0.6952881824530515,-0.0035033449700000996,-0.0002694880746153923,0.174858300011,0.013450638462384616,0.1713549550409999,1.0204449586483324,
3808755,1904.3775,-0.06325596571153845,1.1311419841764914,0.978697157826923,0.18203070052335163,0.37646920042994414,0.34900565235001413,0.6906067388188076,-0.0014971494699999588,-0.00011516534384615068,0.178677214308,0.013744401100615384,0.17718006483800003,1.008449875392973,
3812760,1906.38,-0.05890410221538463,1.123895064626252,0.9739420551538461,0.18277265114771168,0.37803772493200066,0.3505354494808557,0.693161557630921,-0.021148532629999772,-0.0016268102023076748,0.17463168874699997,0.013433206826692305,0.1534831561170002,1.1377905769274008,
3816765,1908.3825,-0.06120718441923076,1.126999217903272,0.9758127102423078,0.1823887053958875,0.3769180892672438,0.35027517973385613,0.6923042880492978,0.013854704800000006,0.0010657465230769236,0.17603602260199996,0.01354123250784615,0.18989072740199997,0.9270385395350584,
3820770,1910.385,-0.06022871916692307,1.1244185640564535,0.973899561633077,0.18227102841345497,0.37703247246290544,0.3499927575998006,0.6924000760067097,-0.002050027249999975,-0.0001576944038461519,0.17471767216499998,0.01343982093576923,0.172667644915,1.0118726774260989,
3824775,1912.3875,-0.0607227912276923,1.129446632374682,0.9781670386953845,0.18229167964473542,0.3773662543538146,0.34991293370642834,0.692861002984584,-0.00041505695999993764,-3.1927458461533664e-05,0.179036606107,0.013772046623615385,0.17862154914700007,1.0023236667803075,
3828780,1914.39,-0.06268046452538462,1.128345596877089,0.9764384856592307,0.1820853102664122,0.37653342821217356,0.34949311877624356,0.6917217520047864,-0.008549064389999972,-0.0006576203376923056,0.17672334610999998,0.013594103546923076,0.16817428172,1.050834552718552,
3832785,1916.3925,-0.0634159674953846,1.1298704373429151,0.9775058306123079,0.18246248380763236,0.37729535384950347,0.35038981493543864,0.6936517816637744,0.0021811202099999982,0.00016777847769230755,0.175808088852,0.01352369914246154,0.177989209062,0.9877457727831116,
3836790,1918.395,-0.059911416123076926,1.1243086265152769,0.9739223810307693,0.18242058064460384,0.377138544986549,0.35024101486819326,0.6927868903341665,0.014614574610000042,0.00112419804692308,0.17815315724,0.013704089018461539,0.19276773185000004,0.9241855757198398,
3840795,1920.3975,-0.05775417272769233,1.1216987875246036,0.9724333057030771,0.18220257787346217,0.37655831089260455,0.34998145270010717,0.6923317165311935,0.02067258955000012,0.0015901991961538554,0.177977701645,0.01369059243423077,0.19865029119500013,0.8959347634194637,
3844800,1922.4,-0.05982857025769232,1.122743216668296,0.9725672327576924,0.1817758272830525,0.3756393254829857,0.3494870031794638,0.6910420680852151,0.027363620700000146,0.002104893900000011,0.17776392400199997,0.013674148000153845,0.20512754470200012,0.8666019196020078,
3848805,1924.4025,-0.05934227430307691,1.1294125373787947,0.9786637012815387,0.18191729150128122,0.3760197346056601,0.3493144679342886,0.6908440128086963,0.0023191645800001437,0.00017839727538462643,0.180705582723,0.013900429440230769,0.18302474730300014,0.9873286830651337,
3852810,1926.405,-0.060337071232307686,1.127293581855667,0.9764087337676923,0.18261883800024295,0.3775103755970915,0.3512113161941812,0.6944815959787897,0.03218907116999992,0.002476082397692301,0.17566070891500002,0.013512362224230771,0.20784978008499994,0.8451330034757014,
3856815,1928.4075,-0.06013337924000003,1.1291326208027672,0.9781145545138461,0.18165352771145263,0.3753479122101282,0.3496453713401379,0.6907801195044803,0.010006710879999936,0.0007697469907692259,0.176858650522,0.013604511578615384,0.18686536140199994,0.946449621241078,
3860820,1930.41,-0.05991911888461538,1.1297252749501676,0.978722957469231,0.18281593321922854,0.37797275346848663,0.35077073328709063,0.6936299844128097,-0.021657884119999915,-0.0016659910861538396,0.176049707455,0.013542285188846155,0.1543918233350001,1.1402786990409883,
3864825,1932.4125,-0.06024925983615385,1.132436522852172,0.9809990066715384,0.1825086968074771,0.377535415287267,0.35035343801873076,0.6935763313593158,-0.0017914399500000289,-0.0001378030730769253,0.174753749741,0.013442596133923077,0.17296230979099997,1.0103574007086558,
3868830,1934.415,-0.05901730518692309,1.128540074949464,0.9780177382284616,0.18207291590299457,0.37632664182965964,0.3508763037485351,0.6940132243503168,0.009861901389999927,0.0007586077992307636,0.173479944473,0.013344611113307692,0.18334184586299992,0.946210308161896,
3872835,1936.4175,-0.061083312213076904,1.1317118477046422,0.9800400412946153,0.18288137207967578,0.37827669945046055,0.3505342152874506,0.6934749664365614,-0.012810699629999922,-0.0009854384330769171,0.173728445547,0.013363726580538462,0.1609177459170001,1.0796102353845272,
3876840,1938.42,-0.060852633066153856,1.1310009747897802,0.9794986477184615,0.1825177690142071,0.3775087596232481,0.350793785891466,0.6941385605088637,0.006196483979999945,0.0004766526138461496,0.176330864433,0.013563912648692307,0.18252734841299995,0.9660517504150703,
3880845,1940.4225,-0.06056156066769229,1.1307457347228582,0.979380080332308,0.1828196606693742,0.3779712282445456,0.35116434570322536,0.6946959214284774,-0.0009302496900000512,-7.15576684615424e-05,0.17303348705,0.013310268234615385,0.17210323735999994,1.0054051841456892,
3884850,1942.425,-0.05936083426384616,1.1243496485292659,0.9741734724746155,0.18234505443414345,0.37695533893075367,0.3506639123065064,0.6934374433225183,0.03443329033999981,0.002648714641538447,0.17610267177100003,0.013546359367000002,0.21053596211099984,0.8364493647795633,
3888855,1944.4275,-0.06071055394076922,1.1286728774655093,0.9774911449515383,0.1826344650211905,0.37777072435873343,0.35090379416983686,0.6938024116974744,0.009027510880000034,0.0006944239138461564,0.175266729668,0.013482056128307692,0.18429424054800003,0.9510157731833796,
3892860,1946.43,-0.059593429938461534,1.1263949880420308,0.9759000356461538,0.18240909554366982,0.37724494381359097,0.35075128504038006,0.6938712771214822,0.009775340569999902,0.0007519492746153771,0.172338245432,0.013256788110153846,0.1821135860019999,0.9463228373862642,
3896865,1948.4325,-0.06096549217076923,1.1274697947314636,0.9763252276600001,0.18252463823487053,0.3773616385643768,0.3510385555602766,0.6942475186442363,-0.0036106556699998515,-0.00027774274384614244,0.173617420719,0.013355186209153845,0.17000676504900014,1.0212383058342365,
3900870,1950.435,-0.05941391908692307,1.127341371313818,0.9768057511438462,0.18279355291597627,0.3780465992821895,0.3511819479081858,0.6945813732432041,0.01673224567999998,0.00128709582153846,0.173326443878,0.013332803375230769,0.19005868955799998,0.9119627430931337,
3904875,1952.4375,-0.0629419684369231,1.130136483085331,0.9779310272246154,0.1826652366823242,0.377656539505585,0.3512982701177321,0.6952142286656121,0.009448140860000176,0.0007267800661538597,0.175732456147,0.013517881242076923,0.18518059700700018,0.9489787752458589,
3908880,1954.44,-0.06044288781923077,1.130448805336613,0.9791647104115383,0.1824821415192126,0.3772977776572004,0.3503173329720282,0.6929182387883,-0.012037992479999982,-0.0009259994215384601,0.17446456849399997,0.013420351422615382,0.16242657601399998,1.0741134411339337,
3912885,1956.4425,-0.06005557225923076,1.1244427668621153,0.9739886201407693,0.1822231603530344,0.3765618290682174,0.350782111937528,0.693472418143371,-0.004359692339999943,-0.0003353609492307649,0.176602683965,0.013584821843461539,0.17224299162500006,1.0253112901655335,
3916890,1958.445,-0.06030445833076924,1.1305021993985178,0.979265836576923,0.1819734250261115,0.3762037729809513,0.3501093542957134,0.6924733936249532,9.87201000002269e-06,7.5938538461713e-07,0.17700466514,0.01361574347230769,0.17701453715,0.9999442305125954,
3920895,1960.4475,-0.06000953912076922,1.1269649460409688,0.9762451602792309,0.18271230514977257,0.37776937215613915,0.351034392566235,0.6944531370713531,-0.010105259720000037,-0.0007773276707692336,0.174495752898,0.013422750222923078,0.16439049317799997,1.0614710712562812,
3924900,1962.45,-0.06111318330384617,1.129525770266249,0.9780927162807693,0.18240079314751353,0.3771378915220648,0.3509898709440891,0.6943234463152729,-0.0075494572400000015,-0.0005807274800000001,0.17441204189999998,0.013416310915384614,0.16686258465999998,1.0452435592759324,
3928905,1964.4525,-0.06008997788538463,1.1287335044720246,0.9777821348223077,0.18281107702423252,0.3782483690681236,0.3513500868803365,0.6951726923502265,-0.00035770980999988433,-2.7516139230760332e-05,0.173040905965,0.013310838920384614,0.1726831961550001,1.0020714801322,
3932910,1966.455,-0.060868868462307706,1.128640192090722,0.9774011465223077,0.18190908832917296,0.3759080144016652,0.3500030298163694,0.6921799493066603,-0.00017496945000006203,-1.3459188461543234e-05,0.17667299695600003,0.013590230535076925,0.17649802750599997,1.0009913394074283,
3936915,1968.4575,-0.060320450714615406,1.1271788730575614,0.9763171306084615,0.18236551679856663,0.376947029857439,0.35080559386831006,0.6940311056818059,0.00668229908000012,0.0005140230061538554,0.177458366379,0.013650643567615386,0.18414066545900012,0.9637108996899548,
3940920,1970.46,-0.06102133714307693,1.1284284707112004,0.97715472258,0.18254992217483532,0.3773892040877838,0.3504313625099098,0.6931032328200847,-0.007486298670000002,-0.0005758691284615386,0.176922086623,0.013609391278692307,0.169435787953,1.0441836920077159,
3944925,1972.4625,-0.06099896248076922,1.1283063077559237,0.9770557421961537,0.18262182155060944,0.37732057676024716,0.3512173981183611,0.69451234457735,0.0023731514799999465,0.00018255011384614973,0.176784152164,0.013598780935692308,0.17915730364399995,0.9867538111384195,
3948930,1974.465,-0.06132935101307693,1.127676030527736,0.9763712837099999,0.18268294174643324,0.37774223695906883,0.35126305855180284,0.6951414054893583,0.020045861599999937,0.001541989353846149,0.17563618905700001,0.013510476081307694,0.19568205065699995,0.8975590171265263,
3952935,1976.4675,-0.060253244175384614,1.12713621151851,0.9763056406553846,0.1822855870735059,0.3769078286708558,0.35052532895530886,0.6933462757651235,0.011328153309999978,0.0008713964084615367,0.17575017363200002,0.013519244125538463,0.187078326942,0.9394470033211701,
3956940,1978.47,-0.061646186394615395,1.1311898928218473,0.9793643401284615,0.18239004465385383,0.3770309203974997,0.35025489216879424,0.6926267519406033,0.002750083799999914,0.00021154490769230108,0.175861928611,0.013527840662384615,0.17861201241099992,0.9846030299817027,
3960945,1980.4725,-0.061198651786153864,1.1304667328993903,0.9788957054753846,0.18212879776918867,0.3763170327723939,0.3506556192791673,0.6933960174800028,3.661960000023168e-05,2.816892307710129e-06,0.175009112806,0.013462239446615386,0.17504573240600024,0.9997907998127296,
3964950,1982.475,-0.061096764533846146,1.131612645684684,0.9799491029584615,0.18250028208875246,0.3774377914470623,0.35109671680653826,0.6946427059121676,0.012782998380000021,0.0009833075676923093,0.17765772156100001,0.013665978581615387,0.19044071994100004,0.9328767587942312,
3968955,1984.4775,-0.06080160690692308,1.1285111883738475,0.97731338097,0.18230591771648227,0.376786659598468,0.3508338855401106,0.693989305691926,0.022394083449999824,0.0017226218038461404,0.17729225940999999,0.013637866108461537,0.1996863428599998,0.8878537053197457,
3972960,1986.48,-0.06025458757153846,1.1291156175418537,0.9780596265361539,0.1826233600371319,0.37764316026024464,0.35110944535774036,0.6945660357781489,-0.009844787420000112,-0.0007572913400000086,0.17514244467200002,0.013472495744000001,0.1652976572519999,1.0595579367769956,
3976965,1988.4825,-0.06140266931769231,1.130245800790954,0.9786207492515384,0.1823239431370839,0.37689785653663516,0.350679925110387,0.6936620077856144,0.010994128879999954,0.000845702221538458,0.177426775915,0.013648213531923078,0.18842090479499995,0.9416512255263743,
3980970,1990.485,-0.06102142425769229,1.129824347554318,0.9783930365884616,0.18255848409464426,0.377349623563727,0.35100579680979355,0.6939997984793946,-0.002025812880000033,-0.00015583176000000254,0.176227359097,0.01355595069976923,0.17420154621699996,1.0116291325995266,
3984975,1992.4875,-0.0615394528076923,1.1299950001500054,0.9783455546076925,0.18221419461994534,0.3765684034067664,0.3505863298175236,0.6932093732693727,0.010861098750000131,0.0008354691346153947,0.17688433454000002,0.013606487272307694,0.18774543329000015,0.9421498645284033,
3988980,1994.49,-0.061381262083076926,1.130022020066503,0.9784308259323079,0.18263798984770177,0.3776176218584051,0.35103746339523617,0.6944291132950505,0.029666416350000058,0.002282032026923081,0.17753778584399998,0.013656752757230769,0.20720420219400004,0.8568252186206912,
3992985,1996.4925,-0.06074388210692306,1.12852974000463,0.9773512070007692,0.18219826250383198,0.3764884961618196,0.3504425570729168,0.692767834846866,-0.005579993129999905,-0.00042923024076922347,0.17503731511600001,0.013464408855076925,0.1694573219860001,1.0329286044686867,
3996990,1998.495,-0.06002530685461537,1.1273763088777853,0.9766043516376921,0.18238643960638964,0.37713165639602964,0.3508089522129048,0.6939556998857146,0.004988387230000058,0.00038372209461538906,0.175788214432,0.013522170340923076,0.18077660166200005,0.9724057915452637,
