train,"{'mae': 0.04502810910344124, 'rmse': 0.10474435985088348}","{'mae': 0.7996446490287781, 'rmse': 1.2255152463912964}"
val,"{'mae': 0.030138803645968437, 'rmse': 0.03695007041096687}","{'mae': 0.3931141495704651, 'rmse': 0.5142374038696289}"
train,"{'mae': 0.020265618339180946, 'rmse': 0.025254815816879272}","{'mae': 0.2772141695022583, 'rmse': 0.3766295611858368}"
val,"{'mae': 0.01689104177057743, 'rmse': 0.0202911626547575}","{'mae': 0.21317823231220245, 'rmse': 0.27540716528892517}"
train,"{'mae': 0.01922154799103737, 'rmse': 0.023732345551252365}","{'mae': 0.19869698584079742, 'rmse': 0.26063355803489685}"
val,"{'mae': 0.016210220754146576, 'rmse': 0.01971706748008728}","{'mae': 0.1804344803094864, 'rmse': 0.2337636798620224}"
train,"{'mae': 0.019946184009313583, 'rmse': 0.024403616786003113}","{'mae': 0.18007203936576843, 'rmse': 0.23411400616168976}"
val,"{'mae': 0.015628283843398094, 'rmse': 0.02040073089301586}","{'mae': 0.17050801217556, 'rmse': 0.2215157002210617}"
train,"{'mae': 0.020574841648340225, 'rmse': 0.025516599416732788}","{'mae': 0.16709715127944946, 'rmse': 0.2165498286485672}"
val,"{'mae': 0.016013886779546738, 'rmse': 0.021630635485053062}","{'mae': 0.16266575455665588, 'rmse': 0.20975247025489807}"
train,"{'mae': 0.018922001123428345, 'rmse': 0.02350177802145481}","{'mae': 0.15963897109031677, 'rmse': 0.20658943057060242}"
val,"{'mae': 0.015579232946038246, 'rmse': 0.01895122416317463}","{'mae': 0.1494259089231491, 'rmse': 0.19362342357635498}"
train,"{'mae': 0.01914479210972786, 'rmse': 0.02357788383960724}","{'mae': 0.15849682688713074, 'rmse': 0.20485861599445343}"
val,"{'mae': 0.01685137115418911, 'rmse': 0.02295040152966976}","{'mae': 0.1678142249584198, 'rmse': 0.2132442146539688}"
train,"{'mae': 0.018439656123518944, 'rmse': 0.022874247282743454}","{'mae': 0.16318662464618683, 'rmse': 0.20997925102710724}"
val,"{'mae': 0.019944943487644196, 'rmse': 0.022910697385668755}","{'mae': 0.14467599987983704, 'rmse': 0.1880190372467041}"
train,"{'mae': 0.01811986230313778, 'rmse': 0.02260761894285679}","{'mae': 0.15619230270385742, 'rmse': 0.2020731121301651}"
val,"{'mae': 0.01517742034047842, 'rmse': 0.01914435252547264}","{'mae': 0.1474253535270691, 'rmse': 0.1936696618795395}"
train,"{'mae': 0.01898915506899357, 'rmse': 0.023433372378349304}","{'mae': 0.16202957928180695, 'rmse': 0.21077559888362885}"
val,"{'mae': 0.01522937510162592, 'rmse': 0.01892642118036747}","{'mae': 0.14595581591129303, 'rmse': 0.1892813891172409}"
train,"{'mae': 0.01891603320837021, 'rmse': 0.023354245349764824}","{'mae': 0.15211732685565948, 'rmse': 0.19652661681175232}"
val,"{'mae': 0.016636447980999947, 'rmse': 0.022868014872074127}","{'mae': 0.14562925696372986, 'rmse': 0.18834756314754486}"
train,"{'mae': 0.018376048654317856, 'rmse': 0.02261529676616192}","{'mae': 0.15273374319076538, 'rmse': 0.1976252794265747}"
val,"{'mae': 0.01661791279911995, 'rmse': 0.019567927345633507}","{'mae': 0.14468760788440704, 'rmse': 0.18768355250358582}"
train,"{'mae': 0.018917035311460495, 'rmse': 0.023327071219682693}","{'mae': 0.14644885063171387, 'rmse': 0.1901971995830536}"
val,"{'mae': 0.025654202327132225, 'rmse': 0.02938740700483322}","{'mae': 0.14226721227169037, 'rmse': 0.18390655517578125}"
train,"{'mae': 0.01796562597155571, 'rmse': 0.0221762266010046}","{'mae': 0.1522996425628662, 'rmse': 0.19698989391326904}"
val,"{'mae': 0.017032159492373466, 'rmse': 0.02324121631681919}","{'mae': 0.1416865587234497, 'rmse': 0.18384598195552826}"
train,"{'mae': 0.01798204891383648, 'rmse': 0.021913960576057434}","{'mae': 0.1531093567609787, 'rmse': 0.19684290885925293}"
val,"{'mae': 0.01932094246149063, 'rmse': 0.022162865847349167}","{'mae': 0.14234142005443573, 'rmse': 0.18540897965431213}"
train,"{'mae': 0.01826247200369835, 'rmse': 0.022502567619085312}","{'mae': 0.14769968390464783, 'rmse': 0.19110912084579468}"
val,"{'mae': 0.02291536144912243, 'rmse': 0.026219043880701065}","{'mae': 0.16717645525932312, 'rmse': 0.2177160233259201}"
train,"{'mae': 0.017461273819208145, 'rmse': 0.02139771543443203}","{'mae': 0.1489916741847992, 'rmse': 0.1930255889892578}"
val,"{'mae': 0.015475250780582428, 'rmse': 0.018808789551258087}","{'mae': 0.15319857001304626, 'rmse': 0.1965019404888153}"
train,"{'mae': 0.01726491190493107, 'rmse': 0.0214649960398674}","{'mae': 0.15104952454566956, 'rmse': 0.1949431300163269}"
val,"{'mae': 0.023198746144771576, 'rmse': 0.0295877605676651}","{'mae': 0.13874803483486176, 'rmse': 0.18143731355667114}"
train,"{'mae': 0.017873523756861687, 'rmse': 0.02192956954240799}","{'mae': 0.14375543594360352, 'rmse': 0.18634729087352753}"
val,"{'mae': 0.020711040124297142, 'rmse': 0.023783531039953232}","{'mae': 0.14826425909996033, 'rmse': 0.18930335342884064}"
train,"{'mae': 0.017820343375205994, 'rmse': 0.02179715223610401}","{'mae': 0.14190568029880524, 'rmse': 0.18434281647205353}"
val,"{'mae': 0.018952084705233574, 'rmse': 0.021730978041887283}","{'mae': 0.136751189827919, 'rmse': 0.17800498008728027}"
train,"{'mae': 0.01659744791686535, 'rmse': 0.020183376967906952}","{'mae': 0.13826915621757507, 'rmse': 0.180167555809021}"
val,"{'mae': 0.015513865277171135, 'rmse': 0.020779481157660484}","{'mae': 0.13498267531394958, 'rmse': 0.17706984281539917}"
train,"{'mae': 0.016856471076607704, 'rmse': 0.020750949159264565}","{'mae': 0.1404050886631012, 'rmse': 0.18252362310886383}"
val,"{'mae': 0.018986482173204422, 'rmse': 0.025564469397068024}","{'mae': 0.14044278860092163, 'rmse': 0.1820719689130783}"
train,"{'mae': 0.016974156722426414, 'rmse': 0.020873066037893295}","{'mae': 0.13871978223323822, 'rmse': 0.1803486943244934}"
val,"{'mae': 0.017711739987134933, 'rmse': 0.024195609614253044}","{'mae': 0.13424208760261536, 'rmse': 0.17556537687778473}"
train,"{'mae': 0.016667261719703674, 'rmse': 0.020499592646956444}","{'mae': 0.1387883573770523, 'rmse': 0.1809685081243515}"
val,"{'mae': 0.01739777810871601, 'rmse': 0.02026009000837803}","{'mae': 0.13481998443603516, 'rmse': 0.17660696804523468}"
train,"{'mae': 0.01634250394999981, 'rmse': 0.019953789189457893}","{'mae': 0.13921697437763214, 'rmse': 0.18136072158813477}"
val,"{'mae': 0.015066497027873993, 'rmse': 0.019377198070287704}","{'mae': 0.1387750655412674, 'rmse': 0.18079343438148499}"
train,"{'mae': 0.016288843005895615, 'rmse': 0.01973925717175007}","{'mae': 0.1386105716228485, 'rmse': 0.1806948184967041}"
val,"{'mae': 0.016598522663116455, 'rmse': 0.019482165575027466}","{'mae': 0.13495589792728424, 'rmse': 0.1762583702802658}"
train,"{'mae': 0.01678554154932499, 'rmse': 0.020574111491441727}","{'mae': 0.13829052448272705, 'rmse': 0.1805344820022583}"
val,"{'mae': 0.01609737053513527, 'rmse': 0.02194375731050968}","{'mae': 0.1348419040441513, 'rmse': 0.17567284405231476}"
train,"{'mae': 0.01654866524040699, 'rmse': 0.02045382186770439}","{'mae': 0.1380077600479126, 'rmse': 0.18008102476596832}"
val,"{'mae': 0.01748909056186676, 'rmse': 0.023902734741568565}","{'mae': 0.13171519339084625, 'rmse': 0.17380672693252563}"
train,"{'mae': 0.016620248556137085, 'rmse': 0.020288698375225067}","{'mae': 0.13705314695835114, 'rmse': 0.17901133000850677}"
val,"{'mae': 0.015327975153923035, 'rmse': 0.020341210067272186}","{'mae': 0.1442592293024063, 'rmse': 0.18839845061302185}"
train,"{'mae': 0.016876526176929474, 'rmse': 0.020723974332213402}","{'mae': 0.13645894825458527, 'rmse': 0.17764689028263092}"
val,"{'mae': 0.015285803936421871, 'rmse': 0.01864604838192463}","{'mae': 0.1354866325855255, 'rmse': 0.17741264402866364}"
train,"{'mae': 0.01731378212571144, 'rmse': 0.021184703335165977}","{'mae': 0.13806550204753876, 'rmse': 0.17972704768180847}"
val,"{'mae': 0.020757218822836876, 'rmse': 0.023710748180747032}","{'mae': 0.13500753045082092, 'rmse': 0.17678561806678772}"
train,"{'mae': 0.01695612445473671, 'rmse': 0.020585425198078156}","{'mae': 0.136357843875885, 'rmse': 0.17802904546260834}"
val,"{'mae': 0.017989234998822212, 'rmse': 0.020830895751714706}","{'mae': 0.13102063536643982, 'rmse': 0.17206645011901855}"
train,"{'mae': 0.016229772940278053, 'rmse': 0.019653119146823883}","{'mae': 0.13476380705833435, 'rmse': 0.17597541213035583}"
val,"{'mae': 0.01675650104880333, 'rmse': 0.02296675182878971}","{'mae': 0.1389327198266983, 'rmse': 0.18388846516609192}"
train,"{'mae': 0.01706754043698311, 'rmse': 0.021012641489505768}","{'mae': 0.1378619521856308, 'rmse': 0.17951451241970062}"
val,"{'mae': 0.014969969168305397, 'rmse': 0.01893695630133152}","{'mae': 0.13252589106559753, 'rmse': 0.17357441782951355}"
train,"{'mae': 0.01601436361670494, 'rmse': 0.019371824339032173}","{'mae': 0.13522034883499146, 'rmse': 0.17661069333553314}"
val,"{'mae': 0.015518917702138424, 'rmse': 0.01871039904654026}","{'mae': 0.13476982712745667, 'rmse': 0.17550376057624817}"
train,"{'mae': 0.01637166552245617, 'rmse': 0.02001509629189968}","{'mae': 0.1367248296737671, 'rmse': 0.17828385531902313}"
val,"{'mae': 0.01935628242790699, 'rmse': 0.02582450769841671}","{'mae': 0.1332697868347168, 'rmse': 0.1735478788614273}"
train,"{'mae': 0.01676187664270401, 'rmse': 0.02060094103217125}","{'mae': 0.13723081350326538, 'rmse': 0.17847004532814026}"
val,"{'mae': 0.015020269900560379, 'rmse': 0.01868259534239769}","{'mae': 0.13466158509254456, 'rmse': 0.17611506581306458}"
train,"{'mae': 0.01656063087284565, 'rmse': 0.02006845921278}","{'mae': 0.13558654487133026, 'rmse': 0.17716693878173828}"
val,"{'mae': 0.016439225524663925, 'rmse': 0.022530771791934967}","{'mae': 0.1409894824028015, 'rmse': 0.18289212882518768}"
train,"{'mae': 0.016476789489388466, 'rmse': 0.020174819976091385}","{'mae': 0.13654570281505585, 'rmse': 0.1777932047843933}"
val,"{'mae': 0.01742934063076973, 'rmse': 0.020182961598038673}","{'mae': 0.129100039601326, 'rmse': 0.17038677632808685}"
train,"{'mae': 0.016336757689714432, 'rmse': 0.02002984844148159}","{'mae': 0.1361788809299469, 'rmse': 0.17717887461185455}"
val,"{'mae': 0.01890159398317337, 'rmse': 0.021728767082095146}","{'mae': 0.13968481123447418, 'rmse': 0.18309186398983002}"
train,"{'mae': 0.016373932361602783, 'rmse': 0.019836658611893654}","{'mae': 0.1332516223192215, 'rmse': 0.17391152679920197}"
val,"{'mae': 0.015370977111160755, 'rmse': 0.018611256033182144}","{'mae': 0.12926962971687317, 'rmse': 0.170601025223732}"
train,"{'mae': 0.016578104346990585, 'rmse': 0.02029809169471264}","{'mae': 0.1318814605474472, 'rmse': 0.17303046584129333}"
val,"{'mae': 0.018545517697930336, 'rmse': 0.021361790597438812}","{'mae': 0.1271411031484604, 'rmse': 0.1684996485710144}"
train,"{'mae': 0.016171669587492943, 'rmse': 0.019622087478637695}","{'mae': 0.1300361156463623, 'rmse': 0.1708770990371704}"
val,"{'mae': 0.014948721043765545, 'rmse': 0.01892620511353016}","{'mae': 0.12787064909934998, 'rmse': 0.16899584233760834}"
train,"{'mae': 0.01595243439078331, 'rmse': 0.019315345212817192}","{'mae': 0.12996706366539001, 'rmse': 0.1707863211631775}"
val,"{'mae': 0.015502211637794971, 'rmse': 0.018611054867506027}","{'mae': 0.12851524353027344, 'rmse': 0.16945303976535797}"
train,"{'mae': 0.01589811034500599, 'rmse': 0.01921243406832218}","{'mae': 0.1311710923910141, 'rmse': 0.17192454636096954}"
val,"{'mae': 0.016775768250226974, 'rmse': 0.019654827192425728}","{'mae': 0.13286952674388885, 'rmse': 0.17377817630767822}"
train,"{'mae': 0.015830375254154205, 'rmse': 0.019215645268559456}","{'mae': 0.1323956400156021, 'rmse': 0.17336957156658173}"
val,"{'mae': 0.01653285138309002, 'rmse': 0.019358810037374496}","{'mae': 0.12875358760356903, 'rmse': 0.16963541507720947}"
train,"{'mae': 0.015765270218253136, 'rmse': 0.01914345845580101}","{'mae': 0.13198399543762207, 'rmse': 0.17280946671962738}"
val,"{'mae': 0.016717366874217987, 'rmse': 0.019553804770112038}","{'mae': 0.12963970005512238, 'rmse': 0.1699943095445633}"
train,"{'mae': 0.015944376587867737, 'rmse': 0.01928597129881382}","{'mae': 0.1312704086303711, 'rmse': 0.17193883657455444}"
val,"{'mae': 0.01781114935874939, 'rmse': 0.02061883918941021}","{'mae': 0.13042482733726501, 'rmse': 0.17098979651927948}"
train,"{'mae': 0.016474483534693718, 'rmse': 0.020140407606959343}","{'mae': 0.1308230608701706, 'rmse': 0.17156632244586945}"
val,"{'mae': 0.014952492900192738, 'rmse': 0.019239723682403564}","{'mae': 0.12852789461612701, 'rmse': 0.1701693832874298}"
train,"{'mae': 0.015820473432540894, 'rmse': 0.019159726798534393}","{'mae': 0.13018178939819336, 'rmse': 0.17080940306186676}"
val,"{'mae': 0.015222971327602863, 'rmse': 0.018506966531276703}","{'mae': 0.12721680104732513, 'rmse': 0.1688406616449356}"
train,"{'mae': 0.015831997618079185, 'rmse': 0.019062716513872147}","{'mae': 0.12913556396961212, 'rmse': 0.16971255838871002}"
val,"{'mae': 0.01733694225549698, 'rmse': 0.02010374888777733}","{'mae': 0.1280369758605957, 'rmse': 0.16906757652759552}"
train,"{'mae': 0.016063041985034943, 'rmse': 0.019493523985147476}","{'mae': 0.13265997171401978, 'rmse': 0.1734398454427719}"
val,"{'mae': 0.014901955612003803, 'rmse': 0.01911112107336521}","{'mae': 0.12749622762203217, 'rmse': 0.16813814640045166}"
train,"{'mae': 0.01609162613749504, 'rmse': 0.019726337864995003}","{'mae': 0.13011375069618225, 'rmse': 0.17078422009944916}"
val,"{'mae': 0.015058465301990509, 'rmse': 0.01849288120865822}","{'mae': 0.12595956027507782, 'rmse': 0.16699984669685364}"
train,"{'mae': 0.016016628593206406, 'rmse': 0.01954486034810543}","{'mae': 0.1303720772266388, 'rmse': 0.1711791455745697}"
val,"{'mae': 0.017749683931469917, 'rmse': 0.024167444556951523}","{'mae': 0.1269538253545761, 'rmse': 0.1675581932067871}"
train,"{'mae': 0.016099147498607635, 'rmse': 0.019641675055027008}","{'mae': 0.1307031661272049, 'rmse': 0.17086495459079742}"
val,"{'mae': 0.015915559604763985, 'rmse': 0.018917525187134743}","{'mae': 0.12784528732299805, 'rmse': 0.16853655874729156}"
train,"{'mae': 0.01611385866999626, 'rmse': 0.019644083455204964}","{'mae': 0.1304551064968109, 'rmse': 0.17103174328804016}"
val,"{'mae': 0.01687752641737461, 'rmse': 0.019673027098178864}","{'mae': 0.1284019649028778, 'rmse': 0.17013157904148102}"
train,"{'mae': 0.015908703207969666, 'rmse': 0.019182320684194565}","{'mae': 0.1282300502061844, 'rmse': 0.16883213818073273}"
val,"{'mae': 0.014902581460773945, 'rmse': 0.019068745896220207}","{'mae': 0.12826284766197205, 'rmse': 0.1684553325176239}"
train,"{'mae': 0.0161640215665102, 'rmse': 0.019709093496203423}","{'mae': 0.12867756187915802, 'rmse': 0.169351726770401}"
val,"{'mae': 0.01646927371621132, 'rmse': 0.019333595409989357}","{'mae': 0.1268535703420639, 'rmse': 0.16746030747890472}"
train,"{'mae': 0.016045453026890755, 'rmse': 0.019566575065255165}","{'mae': 0.12849338352680206, 'rmse': 0.16890831291675568}"
val,"{'mae': 0.01764853671193123, 'rmse': 0.020434251055121422}","{'mae': 0.12723828852176666, 'rmse': 0.16771960258483887}"
train,"{'mae': 0.016080453991889954, 'rmse': 0.01936035417020321}","{'mae': 0.13029469549655914, 'rmse': 0.17078715562820435}"
val,"{'mae': 0.015042120590806007, 'rmse': 0.01853521354496479}","{'mae': 0.12933623790740967, 'rmse': 0.1708078235387802}"
train,"{'mae': 0.015853403136134148, 'rmse': 0.019017372280359268}","{'mae': 0.127912700176239, 'rmse': 0.1683209389448166}"
val,"{'mae': 0.016680851578712463, 'rmse': 0.01949632540345192}","{'mae': 0.12561729550361633, 'rmse': 0.16622743010520935}"
train,"{'mae': 0.01577654480934143, 'rmse': 0.01897767372429371}","{'mae': 0.12610046565532684, 'rmse': 0.16643540561199188}"
val,"{'mae': 0.01506750751286745, 'rmse': 0.018498988822102547}","{'mae': 0.12429895251989365, 'rmse': 0.1656971573829651}"
train,"{'mae': 0.015563947148621082, 'rmse': 0.01867872104048729}","{'mae': 0.12629610300064087, 'rmse': 0.1666545569896698}"
val,"{'mae': 0.015371660701930523, 'rmse': 0.018508682027459145}","{'mae': 0.12557759881019592, 'rmse': 0.16656494140625}"
train,"{'mae': 0.015671176835894585, 'rmse': 0.01882633939385414}","{'mae': 0.12596432864665985, 'rmse': 0.16627030074596405}"
val,"{'mae': 0.015500273555517197, 'rmse': 0.018546614795923233}","{'mae': 0.12548887729644775, 'rmse': 0.16600576043128967}"
train,"{'mae': 0.015422099269926548, 'rmse': 0.01883266307413578}","{'mae': 0.1270870715379715, 'rmse': 0.16749566793441772}"
val,"{'mae': 0.015413817018270493, 'rmse': 0.01851295866072178}","{'mae': 0.12445858120918274, 'rmse': 0.16514138877391815}"
train,"{'mae': 0.01573564112186432, 'rmse': 0.018955057486891747}","{'mae': 0.12767323851585388, 'rmse': 0.16798990964889526}"
val,"{'mae': 0.014882556162774563, 'rmse': 0.019063590094447136}","{'mae': 0.12495066970586777, 'rmse': 0.16583769023418427}"
train,"{'mae': 0.015824375674128532, 'rmse': 0.01919538527727127}","{'mae': 0.12783491611480713, 'rmse': 0.168038472533226}"
val,"{'mae': 0.014881760813295841, 'rmse': 0.018764058127999306}","{'mae': 0.12497712671756744, 'rmse': 0.16561898589134216}"
train,"{'mae': 0.015476493164896965, 'rmse': 0.018676459789276123}","{'mae': 0.12591220438480377, 'rmse': 0.16610534489154816}"
val,"{'mae': 0.01534387655556202, 'rmse': 0.018491171300411224}","{'mae': 0.12449804693460464, 'rmse': 0.1652487963438034}"
train,"{'mae': 0.015438239090144634, 'rmse': 0.0186070054769516}","{'mae': 0.12631343305110931, 'rmse': 0.16660360991954803}"
val,"{'mae': 0.0153048662468791, 'rmse': 0.0184647087007761}","{'mae': 0.1235772892832756, 'rmse': 0.16440832614898682}"
train,"{'mae': 0.01572788506746292, 'rmse': 0.01904202625155449}","{'mae': 0.12634848058223724, 'rmse': 0.16683752834796906}"
val,"{'mae': 0.014976508915424347, 'rmse': 0.019443124532699585}","{'mae': 0.12403175234794617, 'rmse': 0.16468553245067596}"
train,"{'mae': 0.015618580393493176, 'rmse': 0.01876181922852993}","{'mae': 0.1259414702653885, 'rmse': 0.1661185473203659}"
val,"{'mae': 0.014929519034922123, 'rmse': 0.01846703514456749}","{'mae': 0.12856680154800415, 'rmse': 0.16840597987174988}"
train,"{'mae': 0.015512716956436634, 'rmse': 0.01881510391831398}","{'mae': 0.12649627029895782, 'rmse': 0.16647760570049286}"
val,"{'mae': 0.014878291636705399, 'rmse': 0.01853260211646557}","{'mae': 0.12444726377725601, 'rmse': 0.1646440178155899}"
train,"{'mae': 0.01556540559977293, 'rmse': 0.01879851706326008}","{'mae': 0.126854807138443, 'rmse': 0.16701072454452515}"
val,"{'mae': 0.015632521361112595, 'rmse': 0.018631713464856148}","{'mae': 0.12452413886785507, 'rmse': 0.16474203765392303}"
train,"{'mae': 0.015727359801530838, 'rmse': 0.018879778683185577}","{'mae': 0.1259036660194397, 'rmse': 0.16611114144325256}"
val,"{'mae': 0.015139471739530563, 'rmse': 0.019915210083127022}","{'mae': 0.12314239144325256, 'rmse': 0.16399765014648438}"
train,"{'mae': 0.015607376582920551, 'rmse': 0.018792081624269485}","{'mae': 0.12587399780750275, 'rmse': 0.16608351469039917}"
val,"{'mae': 0.015473234467208385, 'rmse': 0.01854030415415764}","{'mae': 0.12503373622894287, 'rmse': 0.16591817140579224}"
train,"{'mae': 0.01573624089360237, 'rmse': 0.019057622179389}","{'mae': 0.12636208534240723, 'rmse': 0.16651275753974915}"
val,"{'mae': 0.016365719959139824, 'rmse': 0.019229285418987274}","{'mae': 0.12350703775882721, 'rmse': 0.16416026651859283}"
train,"{'mae': 0.015485151670873165, 'rmse': 0.018581228330731392}","{'mae': 0.12444613873958588, 'rmse': 0.16462238132953644}"
val,"{'mae': 0.015244366601109505, 'rmse': 0.01843378134071827}","{'mae': 0.12394203245639801, 'rmse': 0.1646251380443573}"
train,"{'mae': 0.015958629548549652, 'rmse': 0.01924287900328636}","{'mae': 0.12599116563796997, 'rmse': 0.16634584963321686}"
val,"{'mae': 0.014975745230913162, 'rmse': 0.01943105272948742}","{'mae': 0.12581107020378113, 'rmse': 0.1658754050731659}"
train,"{'mae': 0.015637118369340897, 'rmse': 0.018873007968068123}","{'mae': 0.1261691153049469, 'rmse': 0.16634449362754822}"
val,"{'mae': 0.01765585131943226, 'rmse': 0.0204267967492342}","{'mae': 0.12558528780937195, 'rmse': 0.16569457948207855}"
train,"{'mae': 0.015723014250397682, 'rmse': 0.019077615812420845}","{'mae': 0.12675628066062927, 'rmse': 0.16689035296440125}"
val,"{'mae': 0.015558034181594849, 'rmse': 0.01858309656381607}","{'mae': 0.1233150064945221, 'rmse': 0.16408099234104156}"
train,"{'mae': 0.015539232641458511, 'rmse': 0.01870771497488022}","{'mae': 0.12447953969240189, 'rmse': 0.16464689373970032}"
val,"{'mae': 0.01488213799893856, 'rmse': 0.018595363944768906}","{'mae': 0.12301009148359299, 'rmse': 0.16364414989948273}"
train,"{'mae': 0.015353165566921234, 'rmse': 0.018509777262806892}","{'mae': 0.12418690323829651, 'rmse': 0.16431598365306854}"
val,"{'mae': 0.015196739695966244, 'rmse': 0.01841016300022602}","{'mae': 0.12301195412874222, 'rmse': 0.1637594997882843}"
train,"{'mae': 0.015360984951257706, 'rmse': 0.018434416502714157}","{'mae': 0.12454110383987427, 'rmse': 0.1648343801498413}"
val,"{'mae': 0.015460641123354435, 'rmse': 0.018515581265091896}","{'mae': 0.12337219715118408, 'rmse': 0.1646653562784195}"
train,"{'mae': 0.015454095788300037, 'rmse': 0.018568897619843483}","{'mae': 0.1244574561715126, 'rmse': 0.1644906848669052}"
val,"{'mae': 0.014851951971650124, 'rmse': 0.01904025487601757}","{'mae': 0.12340269237756729, 'rmse': 0.1644778549671173}"
train,"{'mae': 0.015614867210388184, 'rmse': 0.018629591912031174}","{'mae': 0.12368114292621613, 'rmse': 0.16382406651973724}"
val,"{'mae': 0.014954780228435993, 'rmse': 0.019387515261769295}","{'mae': 0.12251207232475281, 'rmse': 0.16318188607692719}"
train,"{'mae': 0.015368844382464886, 'rmse': 0.018554965034127235}","{'mae': 0.12431667000055313, 'rmse': 0.16446702182292938}"
val,"{'mae': 0.01533313374966383, 'rmse': 0.018446989357471466}","{'mae': 0.12258854508399963, 'rmse': 0.16329139471054077}"
train,"{'mae': 0.015338019467890263, 'rmse': 0.018404146656394005}","{'mae': 0.12361841648817062, 'rmse': 0.16378796100616455}"
val,"{'mae': 0.015249882824718952, 'rmse': 0.018434546887874603}","{'mae': 0.1230923980474472, 'rmse': 0.16375632584095}"
train,"{'mae': 0.015413017012178898, 'rmse': 0.01855877973139286}","{'mae': 0.12385201454162598, 'rmse': 0.1639871895313263}"
val,"{'mae': 0.01482769101858139, 'rmse': 0.018687324598431587}","{'mae': 0.12290487438440323, 'rmse': 0.16347751021385193}"
train,"{'mae': 0.015803243964910507, 'rmse': 0.019101183861494064}","{'mae': 0.12498030811548233, 'rmse': 0.1649511307477951}"
val,"{'mae': 0.01482247281819582, 'rmse': 0.01872989907860756}","{'mae': 0.1254567950963974, 'rmse': 0.16651570796966553}"
train,"{'mae': 0.015545450150966644, 'rmse': 0.018717439845204353}","{'mae': 0.1240316778421402, 'rmse': 0.16415946185588837}"
val,"{'mae': 0.015336134470999241, 'rmse': 0.01843772828578949}","{'mae': 0.1256406307220459, 'rmse': 0.16618308424949646}"
train,"{'mae': 0.015354761853814125, 'rmse': 0.018372926861047745}","{'mae': 0.12359312176704407, 'rmse': 0.16364508867263794}"
val,"{'mae': 0.01483660563826561, 'rmse': 0.01880665309727192}","{'mae': 0.12312828004360199, 'rmse': 0.1635730117559433}"
train,"{'mae': 0.015324436128139496, 'rmse': 0.018457956612110138}","{'mae': 0.12363705784082413, 'rmse': 0.16371560096740723}"
val,"{'mae': 0.01484766323119402, 'rmse': 0.018986765295267105}","{'mae': 0.12254766374826431, 'rmse': 0.16323059797286987}"
train,"{'mae': 0.015405994839966297, 'rmse': 0.01845962554216385}","{'mae': 0.12332446873188019, 'rmse': 0.16335919499397278}"
val,"{'mae': 0.014832230284810066, 'rmse': 0.018941638991236687}","{'mae': 0.1230340301990509, 'rmse': 0.16354826092720032}"
train,"{'mae': 0.015388346277177334, 'rmse': 0.018463455140590668}","{'mae': 0.12357494235038757, 'rmse': 0.16369350254535675}"
val,"{'mae': 0.015217010863125324, 'rmse': 0.01841496117413044}","{'mae': 0.12184344977140427, 'rmse': 0.16260024905204773}"
train,"{'mae': 0.015542927198112011, 'rmse': 0.018613921478390694}","{'mae': 0.123566634953022, 'rmse': 0.16366136074066162}"
val,"{'mae': 0.015659671276807785, 'rmse': 0.018628541380167007}","{'mae': 0.12224005907773972, 'rmse': 0.1628379374742508}"
train,"{'mae': 0.015393083915114403, 'rmse': 0.018520016223192215}","{'mae': 0.12341701984405518, 'rmse': 0.1635126769542694}"
val,"{'mae': 0.014883248135447502, 'rmse': 0.019204210489988327}","{'mae': 0.12328045070171356, 'rmse': 0.16418243944644928}"
train,"{'mae': 0.01563296653330326, 'rmse': 0.01882622018456459}","{'mae': 0.12394662946462631, 'rmse': 0.16406288743019104}"
val,"{'mae': 0.014827483333647251, 'rmse': 0.01882335916161537}","{'mae': 0.12349408119916916, 'rmse': 0.16413003206253052}"
train,"{'mae': 0.015345223248004913, 'rmse': 0.018431829288601875}","{'mae': 0.12305885553359985, 'rmse': 0.16306300461292267}"
val,"{'mae': 0.015149501152336597, 'rmse': 0.018397800624370575}","{'mae': 0.12178130447864532, 'rmse': 0.16240400075912476}"
train,"{'mae': 0.015525358729064465, 'rmse': 0.01862327754497528}","{'mae': 0.12360699474811554, 'rmse': 0.1636178344488144}"
val,"{'mae': 0.01561722718179226, 'rmse': 0.018587233498692513}","{'mae': 0.12524329125881195, 'rmse': 0.16589686274528503}"
train,"{'mae': 0.015191538259387016, 'rmse': 0.018381210044026375}","{'mae': 0.12443049252033234, 'rmse': 0.16441167891025543}"
val,"{'mae': 0.016921162605285645, 'rmse': 0.019672304391860962}","{'mae': 0.12187427282333374, 'rmse': 0.16249477863311768}"
train,"{'mae': 0.015450701117515564, 'rmse': 0.01858253963291645}","{'mae': 0.12259034812450409, 'rmse': 0.1626092940568924}"
val,"{'mae': 0.01559437531977892, 'rmse': 0.018582064658403397}","{'mae': 0.12145602703094482, 'rmse': 0.16205966472625732}"
train,"{'mae': 0.01527058519423008, 'rmse': 0.018503092229366302}","{'mae': 0.12350533157587051, 'rmse': 0.16359379887580872}"
val,"{'mae': 0.014821037650108337, 'rmse': 0.018619714304804802}","{'mae': 0.1228778064250946, 'rmse': 0.1636628955602646}"
train,"{'mae': 0.015358682721853256, 'rmse': 0.018332382664084435}","{'mae': 0.12245084345340729, 'rmse': 0.16253982484340668}"
val,"{'mae': 0.015323893167078495, 'rmse': 0.018433108925819397}","{'mae': 0.1220894306898117, 'rmse': 0.16263656318187714}"
train,"{'mae': 0.01536055002361536, 'rmse': 0.018439361825585365}","{'mae': 0.12262678146362305, 'rmse': 0.16278506815433502}"
val,"{'mae': 0.015881838276982307, 'rmse': 0.018802475184202194}","{'mae': 0.12264090031385422, 'rmse': 0.1630444973707199}"
train,"{'mae': 0.015354025177657604, 'rmse': 0.01849856972694397}","{'mae': 0.1230587288737297, 'rmse': 0.16304300725460052}"
val,"{'mae': 0.014811817556619644, 'rmse': 0.018767977133393288}","{'mae': 0.1229541152715683, 'rmse': 0.16382469236850739}"
train,"{'mae': 0.015407142229378223, 'rmse': 0.01852613128721714}","{'mae': 0.12273956090211868, 'rmse': 0.16286994516849518}"
val,"{'mae': 0.015245678834617138, 'rmse': 0.01839585416018963}","{'mae': 0.12110394239425659, 'rmse': 0.16167710721492767}"
train,"{'mae': 0.0152702946215868, 'rmse': 0.018373198807239532}","{'mae': 0.12215769290924072, 'rmse': 0.16219742596149445}"
val,"{'mae': 0.015374485403299332, 'rmse': 0.018445326015353203}","{'mae': 0.12125325947999954, 'rmse': 0.16172713041305542}"
train,"{'mae': 0.015346524305641651, 'rmse': 0.018468337133526802}","{'mae': 0.1229168176651001, 'rmse': 0.1630188226699829}"
val,"{'mae': 0.016287537291646004, 'rmse': 0.019112924113869667}","{'mae': 0.12235892564058304, 'rmse': 0.16321097314357758}"
train,"{'mae': 0.015233537182211876, 'rmse': 0.018316600471735}","{'mae': 0.12300992012023926, 'rmse': 0.16301888227462769}"
val,"{'mae': 0.015050952322781086, 'rmse': 0.0183687936514616}","{'mae': 0.12118588387966156, 'rmse': 0.16173754632472992}"
train,"{'mae': 0.015269196592271328, 'rmse': 0.018338674679398537}","{'mae': 0.12249744683504105, 'rmse': 0.16246436536312103}"
val,"{'mae': 0.01589214615523815, 'rmse': 0.018801765516400337}","{'mae': 0.12153172492980957, 'rmse': 0.16219039261341095}"
train,"{'mae': 0.015379860065877438, 'rmse': 0.018452733755111694}","{'mae': 0.12216592580080032, 'rmse': 0.16217677295207977}"
val,"{'mae': 0.015367177315056324, 'rmse': 0.01842627115547657}","{'mae': 0.12184104323387146, 'rmse': 0.16208019852638245}"
train,"{'mae': 0.015304412692785263, 'rmse': 0.018378406763076782}","{'mae': 0.12252479046583176, 'rmse': 0.16243606805801392}"
val,"{'mae': 0.01541602797806263, 'rmse': 0.01847405731678009}","{'mae': 0.12162142246961594, 'rmse': 0.1620292365550995}"
train,"{'mae': 0.015345151536166668, 'rmse': 0.018386846408247948}","{'mae': 0.12246694415807724, 'rmse': 0.1625581830739975}"
val,"{'mae': 0.014803471975028515, 'rmse': 0.018645750358700752}","{'mae': 0.12178432941436768, 'rmse': 0.1623123288154602}"
train,"{'mae': 0.015372978523373604, 'rmse': 0.01835867576301098}","{'mae': 0.12219608575105667, 'rmse': 0.16224540770053864}"
val,"{'mae': 0.015293177217245102, 'rmse': 0.018416553735733032}","{'mae': 0.12132138758897781, 'rmse': 0.16183069348335266}"
train,"{'mae': 0.015386626124382019, 'rmse': 0.018472742289304733}","{'mae': 0.1224556639790535, 'rmse': 0.16249452531337738}"
val,"{'mae': 0.014818414114415646, 'rmse': 0.018912989646196365}","{'mae': 0.12117207795381546, 'rmse': 0.16182450950145721}"
train,"{'mae': 0.015330235473811626, 'rmse': 0.01832549273967743}","{'mae': 0.12256014347076416, 'rmse': 0.16254723072052002}"
val,"{'mae': 0.014945932663977146, 'rmse': 0.018391860648989677}","{'mae': 0.12147554010152817, 'rmse': 0.16196228563785553}"
train,"{'mae': 0.015316540375351906, 'rmse': 0.01834084466099739}","{'mae': 0.1220862865447998, 'rmse': 0.16213607788085938}"
val,"{'mae': 0.015876615419983864, 'rmse': 0.0188002772629261}","{'mae': 0.12115820497274399, 'rmse': 0.16163939237594604}"
train,"{'mae': 0.015237880870699883, 'rmse': 0.018225323408842087}","{'mae': 0.12224078923463821, 'rmse': 0.16213884949684143}"
val,"{'mae': 0.014803254045546055, 'rmse': 0.018718821927905083}","{'mae': 0.12111043930053711, 'rmse': 0.16178323328495026}"
train,"{'mae': 0.015284255146980286, 'rmse': 0.01836242713034153}","{'mae': 0.12224634736776352, 'rmse': 0.1622743457555771}"
val,"{'mae': 0.01542540080845356, 'rmse': 0.018471715971827507}","{'mae': 0.12194371223449707, 'rmse': 0.16237035393714905}"
train,"{'mae': 0.015296073630452156, 'rmse': 0.018403148278594017}","{'mae': 0.12207699567079544, 'rmse': 0.1621168851852417}"
val,"{'mae': 0.015135886147618294, 'rmse': 0.018362432718276978}","{'mae': 0.12077569216489792, 'rmse': 0.1613234281539917}"
train,"{'mae': 0.015281008556485176, 'rmse': 0.018238991498947144}","{'mae': 0.1217774972319603, 'rmse': 0.1617809683084488}"
val,"{'mae': 0.015174859203398228, 'rmse': 0.01838391274213791}","{'mae': 0.12230819463729858, 'rmse': 0.1628490388393402}"
train,"{'mae': 0.015233280137181282, 'rmse': 0.01822790503501892}","{'mae': 0.12188010662794113, 'rmse': 0.16182498633861542}"
val,"{'mae': 0.015039291232824326, 'rmse': 0.018365060910582542}","{'mae': 0.1211266815662384, 'rmse': 0.16161364316940308}"
train,"{'mae': 0.01536575611680746, 'rmse': 0.01833011955022812}","{'mae': 0.1219189465045929, 'rmse': 0.1619313359260559}"
val,"{'mae': 0.015159589238464832, 'rmse': 0.01835942640900612}","{'mae': 0.12098798155784607, 'rmse': 0.1615447998046875}"
train,"{'mae': 0.015281192027032375, 'rmse': 0.01828027330338955}","{'mae': 0.12184162437915802, 'rmse': 0.16185784339904785}"
val,"{'mae': 0.015261447988450527, 'rmse': 0.018381813541054726}","{'mae': 0.12081006169319153, 'rmse': 0.1613195538520813}"
train,"{'mae': 0.015235332772135735, 'rmse': 0.018301649019122124}","{'mae': 0.12181653082370758, 'rmse': 0.16185559332370758}"
val,"{'mae': 0.01492823101580143, 'rmse': 0.018405793234705925}","{'mae': 0.12092632055282593, 'rmse': 0.1615617871284485}"
train,"{'mae': 0.015307475812733173, 'rmse': 0.018386082723736763}","{'mae': 0.12201129645109177, 'rmse': 0.16201536357402802}"
val,"{'mae': 0.01614978164434433, 'rmse': 0.019022051244974136}","{'mae': 0.12187200784683228, 'rmse': 0.16230261325836182}"
train,"{'mae': 0.015296436846256256, 'rmse': 0.018324056640267372}","{'mae': 0.12185318768024445, 'rmse': 0.1618579626083374}"
val,"{'mae': 0.014967404305934906, 'rmse': 0.018361138179898262}","{'mae': 0.1211240366101265, 'rmse': 0.1616261899471283}"
train,"{'mae': 0.015238344669342041, 'rmse': 0.018258318305015564}","{'mae': 0.12178324162960052, 'rmse': 0.1618395894765854}"
val,"{'mae': 0.01595878414809704, 'rmse': 0.018865099176764488}","{'mae': 0.1209825947880745, 'rmse': 0.16142944991588593}"
train,"{'mae': 0.015331183560192585, 'rmse': 0.01831117644906044}","{'mae': 0.1219879686832428, 'rmse': 0.16189242899417877}"
val,"{'mae': 0.015072979964315891, 'rmse': 0.01834837533533573}","{'mae': 0.12123675644397736, 'rmse': 0.16168439388275146}"
train,"{'mae': 0.015314935706555843, 'rmse': 0.018376871943473816}","{'mae': 0.12202909588813782, 'rmse': 0.16194571554660797}"
val,"{'mae': 0.014963589608669281, 'rmse': 0.018374620005488396}","{'mae': 0.12178672105073929, 'rmse': 0.16224297881126404}"
train,"{'mae': 0.015219226479530334, 'rmse': 0.018268920481204987}","{'mae': 0.12199611961841583, 'rmse': 0.1619771122932434}"
val,"{'mae': 0.015125523321330547, 'rmse': 0.018353329971432686}","{'mae': 0.12069478631019592, 'rmse': 0.16118834912776947}"
train,"{'mae': 0.01526824664324522, 'rmse': 0.018298931419849396}","{'mae': 0.12159858644008636, 'rmse': 0.1615581512451172}"
val,"{'mae': 0.014796010218560696, 'rmse': 0.018656648695468903}","{'mae': 0.12171821296215057, 'rmse': 0.16236740350723267}"
train,"{'mae': 0.015237794257700443, 'rmse': 0.018251514062285423}","{'mae': 0.12165620177984238, 'rmse': 0.16168542206287384}"
val,"{'mae': 0.014800269156694412, 'rmse': 0.018761638551950455}","{'mae': 0.12095395475625992, 'rmse': 0.16153381764888763}"
train,"{'mae': 0.015314341522753239, 'rmse': 0.018348565325140953}","{'mae': 0.12183614075183868, 'rmse': 0.16177794337272644}"
val,"{'mae': 0.015205822885036469, 'rmse': 0.018375344574451447}","{'mae': 0.12074515223503113, 'rmse': 0.16125519573688507}"
train,"{'mae': 0.015203003771603107, 'rmse': 0.018192527815699577}","{'mae': 0.12184324860572815, 'rmse': 0.16193881630897522}"
val,"{'mae': 0.014878079295158386, 'rmse': 0.018461836501955986}","{'mae': 0.12133368104696274, 'rmse': 0.16205239295959473}"
train,"{'mae': 0.015252633020281792, 'rmse': 0.01828557625412941}","{'mae': 0.12159612774848938, 'rmse': 0.16162624955177307}"
val,"{'mae': 0.015464678406715393, 'rmse': 0.01848575286567211}","{'mae': 0.12088103592395782, 'rmse': 0.161289781332016}"
train,"{'mae': 0.015430204570293427, 'rmse': 0.018561000004410744}","{'mae': 0.12164217978715897, 'rmse': 0.16160543262958527}"
val,"{'mae': 0.015542009845376015, 'rmse': 0.018547575920820236}","{'mae': 0.12097344547510147, 'rmse': 0.16143003106117249}"
train,"{'mae': 0.015288067981600761, 'rmse': 0.018302712589502335}","{'mae': 0.12181481719017029, 'rmse': 0.1617387980222702}"
val,"{'mae': 0.014805538579821587, 'rmse': 0.01887073554098606}","{'mae': 0.12111180275678635, 'rmse': 0.1617903709411621}"
train,"{'mae': 0.015392681583762169, 'rmse': 0.018415160477161407}","{'mae': 0.12153477966785431, 'rmse': 0.16150176525115967}"
val,"{'mae': 0.015246638096868992, 'rmse': 0.018388262018561363}","{'mae': 0.12058528512716293, 'rmse': 0.1611490249633789}"
train,"{'mae': 0.015193384140729904, 'rmse': 0.018246011808514595}","{'mae': 0.12198873609304428, 'rmse': 0.1619381159543991}"
val,"{'mae': 0.0163153987377882, 'rmse': 0.019164521247148514}","{'mae': 0.12107729911804199, 'rmse': 0.16148896515369415}"
train,"{'mae': 0.015324858948588371, 'rmse': 0.018345316872000694}","{'mae': 0.12182902544736862, 'rmse': 0.16172757744789124}"
val,"{'mae': 0.015102921053767204, 'rmse': 0.018355630338191986}","{'mae': 0.12066707015037537, 'rmse': 0.16114546358585358}"
train,"{'mae': 0.015234433114528656, 'rmse': 0.018125783652067184}","{'mae': 0.12151379883289337, 'rmse': 0.16154485940933228}"
val,"{'mae': 0.01508726179599762, 'rmse': 0.01833907701075077}","{'mae': 0.12069716304540634, 'rmse': 0.1612476110458374}"
train,"{'mae': 0.01519069541245699, 'rmse': 0.01817009598016739}","{'mae': 0.12121063470840454, 'rmse': 0.16121290624141693}"
val,"{'mae': 0.015110406093299389, 'rmse': 0.018353985622525215}","{'mae': 0.12056997418403625, 'rmse': 0.16113291680812836}"
train,"{'mae': 0.015221173875033855, 'rmse': 0.018179619684815407}","{'mae': 0.1212327852845192, 'rmse': 0.16125689446926117}"
val,"{'mae': 0.015248636715114117, 'rmse': 0.018372977152466774}","{'mae': 0.12139526009559631, 'rmse': 0.1619388312101364}"
train,"{'mae': 0.015248667448759079, 'rmse': 0.018305860459804535}","{'mae': 0.1214965209364891, 'rmse': 0.1614675670862198}"
val,"{'mae': 0.015750279650092125, 'rmse': 0.018694983795285225}","{'mae': 0.12076564133167267, 'rmse': 0.16123494505882263}"
train,"{'mae': 0.015258877538144588, 'rmse': 0.018189163878560066}","{'mae': 0.12148143351078033, 'rmse': 0.1614622175693512}"
val,"{'mae': 0.014842036180198193, 'rmse': 0.018492339178919792}","{'mae': 0.12066859751939774, 'rmse': 0.16128787398338318}"
train,"{'mae': 0.015186413191258907, 'rmse': 0.01817244477570057}","{'mae': 0.12121149152517319, 'rmse': 0.16121076047420502}"
val,"{'mae': 0.015219218097627163, 'rmse': 0.01837037317454815}","{'mae': 0.12062782049179077, 'rmse': 0.1611400842666626}"
train,"{'mae': 0.015221161767840385, 'rmse': 0.018172074109315872}","{'mae': 0.12126044183969498, 'rmse': 0.16124574840068817}"
val,"{'mae': 0.015159780159592628, 'rmse': 0.01835542544722557}","{'mae': 0.12051237374544144, 'rmse': 0.161010280251503}"
train,"{'mae': 0.015260415151715279, 'rmse': 0.018201319500803947}","{'mae': 0.12125826627016068, 'rmse': 0.16124877333641052}"
val,"{'mae': 0.015147960744798183, 'rmse': 0.01835692673921585}","{'mae': 0.12085764855146408, 'rmse': 0.16139882802963257}"
train,"{'mae': 0.015179984271526337, 'rmse': 0.01816842332482338}","{'mae': 0.12118330597877502, 'rmse': 0.16119462251663208}"
val,"{'mae': 0.014972827397286892, 'rmse': 0.018375225365161896}","{'mae': 0.12056495249271393, 'rmse': 0.16114220023155212}"
train,"{'mae': 0.015167404897511005, 'rmse': 0.018138347193598747}","{'mae': 0.12115798145532608, 'rmse': 0.1611652374267578}"
val,"{'mae': 0.014966809190809727, 'rmse': 0.01836843602359295}","{'mae': 0.12059363722801208, 'rmse': 0.16114166378974915}"
train,"{'mae': 0.015221146866679192, 'rmse': 0.018175361678004265}","{'mae': 0.1212436780333519, 'rmse': 0.16121773421764374}"
val,"{'mae': 0.014994706027209759, 'rmse': 0.018347615376114845}","{'mae': 0.12051519006490707, 'rmse': 0.16099752485752106}"
train,"{'mae': 0.015186237171292305, 'rmse': 0.01815474033355713}","{'mae': 0.12134408950805664, 'rmse': 0.16132034361362457}"
val,"{'mae': 0.015255581587553024, 'rmse': 0.018376126885414124}","{'mae': 0.12108730524778366, 'rmse': 0.16172225773334503}"
train,"{'mae': 0.015184295363724232, 'rmse': 0.01816556043922901}","{'mae': 0.12118718773126602, 'rmse': 0.16119953989982605}"
val,"{'mae': 0.015201319009065628, 'rmse': 0.0183675866574049}","{'mae': 0.12054289132356644, 'rmse': 0.16104015707969666}"
train,"{'mae': 0.015190129168331623, 'rmse': 0.018178854137659073}","{'mae': 0.12120820581912994, 'rmse': 0.1611647605895996}"
val,"{'mae': 0.014900323003530502, 'rmse': 0.01839810609817505}","{'mae': 0.12079381942749023, 'rmse': 0.16138407588005066}"
train,"{'mae': 0.015230909921228886, 'rmse': 0.018245119601488113}","{'mae': 0.12121839821338654, 'rmse': 0.16122852265834808}"
val,"{'mae': 0.015536555089056492, 'rmse': 0.01853448711335659}","{'mae': 0.1205509677529335, 'rmse': 0.16104650497436523}"
train,"{'mae': 0.015138531103730202, 'rmse': 0.018118973821401596}","{'mae': 0.12110574543476105, 'rmse': 0.16108526289463043}"
val,"{'mae': 0.015172007493674755, 'rmse': 0.018353821709752083}","{'mae': 0.12044999748468399, 'rmse': 0.16097544133663177}"
train,"{'mae': 0.01521774847060442, 'rmse': 0.01815606839954853}","{'mae': 0.12121972441673279, 'rmse': 0.1611882895231247}"
val,"{'mae': 0.015037325210869312, 'rmse': 0.0183564480394125}","{'mae': 0.12053824961185455, 'rmse': 0.16101796925067902}"
train,"{'mae': 0.015211161226034164, 'rmse': 0.01816633529961109}","{'mae': 0.12119416147470474, 'rmse': 0.16118021309375763}"
val,"{'mae': 0.015038722194731236, 'rmse': 0.01834554597735405}","{'mae': 0.12047453224658966, 'rmse': 0.16094617545604706}"
train,"{'mae': 0.015254192985594273, 'rmse': 0.018225884065032005}","{'mae': 0.12118777632713318, 'rmse': 0.1611396223306656}"
val,"{'mae': 0.015381335280835629, 'rmse': 0.018441174179315567}","{'mae': 0.12051574885845184, 'rmse': 0.16101256012916565}"
train,"{'mae': 0.01519156526774168, 'rmse': 0.01811702735722065}","{'mae': 0.12107916176319122, 'rmse': 0.16106505692005157}"
val,"{'mae': 0.015043236315250397, 'rmse': 0.01834280416369438}","{'mae': 0.12068142741918564, 'rmse': 0.16125254333019257}"
train,"{'mae': 0.015150410123169422, 'rmse': 0.018233247101306915}","{'mae': 0.12106364965438843, 'rmse': 0.16103623807430267}"
val,"{'mae': 0.01503978855907917, 'rmse': 0.018348271027207375}","{'mae': 0.12038098275661469, 'rmse': 0.16090597212314606}"
train,"{'mae': 0.015184496529400349, 'rmse': 0.0181447621434927}","{'mae': 0.1212451159954071, 'rmse': 0.16122937202453613}"
val,"{'mae': 0.015309820882976055, 'rmse': 0.01840328797698021}","{'mae': 0.1204608604311943, 'rmse': 0.1609557569026947}"
train,"{'mae': 0.015190999023616314, 'rmse': 0.01815105602145195}","{'mae': 0.1211065724492073, 'rmse': 0.16111072897911072}"
val,"{'mae': 0.015296376310288906, 'rmse': 0.01839209720492363}","{'mae': 0.1204138845205307, 'rmse': 0.16097278892993927}"
train,"{'mae': 0.015229739248752594, 'rmse': 0.018169531598687172}","{'mae': 0.12099697440862656, 'rmse': 0.160995215177536}"
val,"{'mae': 0.015046480111777782, 'rmse': 0.01834423467516899}","{'mae': 0.12069138139486313, 'rmse': 0.16125378012657166}"
train,"{'mae': 0.015211164951324463, 'rmse': 0.018194062635302544}","{'mae': 0.12111090123653412, 'rmse': 0.16107095777988434}"
val,"{'mae': 0.014955450780689716, 'rmse': 0.018362220376729965}","{'mae': 0.12083706259727478, 'rmse': 0.16144928336143494}"
train,"{'mae': 0.01516785193234682, 'rmse': 0.01814180798828602}","{'mae': 0.12106745690107346, 'rmse': 0.1610313504934311}"
val,"{'mae': 0.01492544449865818, 'rmse': 0.01837868243455887}","{'mae': 0.12039215117692947, 'rmse': 0.1609070599079132}"
train,"{'mae': 0.015151605941355228, 'rmse': 0.018128443509340286}","{'mae': 0.12102207541465759, 'rmse': 0.16101573407649994}"
val,"{'mae': 0.015164940617978573, 'rmse': 0.018357757478952408}","{'mae': 0.1203991174697876, 'rmse': 0.16091619431972504}"
train,"{'mae': 0.015205045230686665, 'rmse': 0.01814785599708557}","{'mae': 0.12101977318525314, 'rmse': 0.1610003560781479}"
val,"{'mae': 0.015058552846312523, 'rmse': 0.01833854801952839}","{'mae': 0.12056198716163635, 'rmse': 0.16120196878910065}"
train,"{'mae': 0.015221282839775085, 'rmse': 0.018168052658438683}","{'mae': 0.12105764448642731, 'rmse': 0.161014586687088}"
val,"{'mae': 0.014796676114201546, 'rmse': 0.018600810319185257}","{'mae': 0.12055845558643341, 'rmse': 0.16112247109413147}"
train,"{'mae': 0.015172730199992657, 'rmse': 0.018136629834771156}","{'mae': 0.1210140511393547, 'rmse': 0.16098260879516602}"
val,"{'mae': 0.015311626717448235, 'rmse': 0.018401317298412323}","{'mae': 0.12038640677928925, 'rmse': 0.16090397536754608}"
train,"{'mae': 0.015174927189946175, 'rmse': 0.01813013106584549}","{'mae': 0.12093304097652435, 'rmse': 0.16093984246253967}"
val,"{'mae': 0.01552665513008833, 'rmse': 0.018523190170526505}","{'mae': 0.12038272619247437, 'rmse': 0.16086921095848083}"
train,"{'mae': 0.015176228247582912, 'rmse': 0.018144436180591583}","{'mae': 0.12096323072910309, 'rmse': 0.16095347702503204}"
val,"{'mae': 0.015346432104706764, 'rmse': 0.018413325771689415}","{'mae': 0.1203647181391716, 'rmse': 0.1608644425868988}"
train,"{'mae': 0.015180029906332493, 'rmse': 0.0181628055870533}","{'mae': 0.12103255093097687, 'rmse': 0.16098539531230927}"
val,"{'mae': 0.01510611455887556, 'rmse': 0.018341422080993652}","{'mae': 0.12050588428974152, 'rmse': 0.16109015047550201}"
train,"{'mae': 0.015228026546537876, 'rmse': 0.018184322863817215}","{'mae': 0.12099707126617432, 'rmse': 0.16100738942623138}"
val,"{'mae': 0.014867556281387806, 'rmse': 0.018431946635246277}","{'mae': 0.12044521421194077, 'rmse': 0.1609954535961151}"
train,"{'mae': 0.015139332972466946, 'rmse': 0.018132144585251808}","{'mae': 0.1210588663816452, 'rmse': 0.16104859113693237}"
val,"{'mae': 0.015132084488868713, 'rmse': 0.018344733864068985}","{'mae': 0.1204126626253128, 'rmse': 0.16090232133865356}"
train,"{'mae': 0.015206833370029926, 'rmse': 0.018129795789718628}","{'mae': 0.12102141231298447, 'rmse': 0.1609974205493927}"
val,"{'mae': 0.014980131760239601, 'rmse': 0.01834956184029579}","{'mae': 0.1203961968421936, 'rmse': 0.1609995812177658}"
train,"{'mae': 0.015166389755904675, 'rmse': 0.018124770373106003}","{'mae': 0.12094052135944366, 'rmse': 0.16091309487819672}"
val,"{'mae': 0.015210024081170559, 'rmse': 0.01836610771715641}","{'mae': 0.12042683362960815, 'rmse': 0.16094711422920227}"
train,"{'mae': 0.015189426951110363, 'rmse': 0.018173400312662125}","{'mae': 0.12104780226945877, 'rmse': 0.16098636388778687}"
val,"{'mae': 0.014887779019773006, 'rmse': 0.018413538113236427}","{'mae': 0.12046632170677185, 'rmse': 0.16100482642650604}"
train,"{'mae': 0.0151736531406641, 'rmse': 0.01814902015030384}","{'mae': 0.12094563990831375, 'rmse': 0.16091951727867126}"
val,"{'mae': 0.0151375038549304, 'rmse': 0.01834738440811634}","{'mae': 0.12036793678998947, 'rmse': 0.16085298359394073}"
train,"{'mae': 0.01521476823836565, 'rmse': 0.01815366931259632}","{'mae': 0.1209091916680336, 'rmse': 0.16089394688606262}"
val,"{'mae': 0.014962674118578434, 'rmse': 0.018358075991272926}","{'mae': 0.1205499917268753, 'rmse': 0.16112476587295532}"
train,"{'mae': 0.015112530440092087, 'rmse': 0.01817210763692856}","{'mae': 0.1209508627653122, 'rmse': 0.16093391180038452}"
val,"{'mae': 0.015402140095829964, 'rmse': 0.018447883427143097}","{'mae': 0.12036491185426712, 'rmse': 0.1608673632144928}"
train,"{'mae': 0.015242146328091621, 'rmse': 0.01814679056406021}","{'mae': 0.12098665535449982, 'rmse': 0.160976380109787}"
val,"{'mae': 0.015005453489720821, 'rmse': 0.018352076411247253}","{'mae': 0.12046442180871964, 'rmse': 0.16094936430454254}"
train,"{'mae': 0.015170004218816757, 'rmse': 0.018127283081412315}","{'mae': 0.12095052003860474, 'rmse': 0.16093425452709198}"
val,"{'mae': 0.014948864467442036, 'rmse': 0.01836777850985527}","{'mae': 0.12040863931179047, 'rmse': 0.16096104681491852}"
train,"{'mae': 0.015193039551377296, 'rmse': 0.01817522756755352}","{'mae': 0.12092120200395584, 'rmse': 0.1608821153640747}"
val,"{'mae': 0.01519271731376648, 'rmse': 0.018359197303652763}","{'mae': 0.12033706158399582, 'rmse': 0.16085970401763916}"
train,"{'mae': 0.015183544717729092, 'rmse': 0.018118295818567276}","{'mae': 0.12090367078781128, 'rmse': 0.16088172793388367}"
val,"{'mae': 0.014992554672062397, 'rmse': 0.018352238461375237}","{'mae': 0.1203203871846199, 'rmse': 0.1608939915895462}"
train,"{'mae': 0.015143702737987041, 'rmse': 0.01813710480928421}","{'mae': 0.12092195451259613, 'rmse': 0.16091978549957275}"
val,"{'mae': 0.014919760636985302, 'rmse': 0.01837974227964878}","{'mae': 0.12041851133108139, 'rmse': 0.16092832386493683}"
train,"{'mae': 0.015216835774481297, 'rmse': 0.01813904196023941}","{'mae': 0.12101422250270844, 'rmse': 0.16097626090049744}"
val,"{'mae': 0.01495407335460186, 'rmse': 0.01836361363530159}","{'mae': 0.12035148590803146, 'rmse': 0.16086608171463013}"
train,"{'mae': 0.015204375609755516, 'rmse': 0.01813770830631256}","{'mae': 0.12097738683223724, 'rmse': 0.1609572023153305}"
val,"{'mae': 0.0152214914560318, 'rmse': 0.018362242728471756}","{'mae': 0.1203840896487236, 'rmse': 0.16091252863407135}"
train,"{'mae': 0.015113338828086853, 'rmse': 0.01816621422767639}","{'mae': 0.12090475112199783, 'rmse': 0.16087894141674042}"
val,"{'mae': 0.01527371071279049, 'rmse': 0.018380723893642426}","{'mae': 0.12027386575937271, 'rmse': 0.16080163419246674}"
train,"{'mae': 0.015177685767412186, 'rmse': 0.018126128241419792}","{'mae': 0.12089305371046066, 'rmse': 0.16087877750396729}"
val,"{'mae': 0.015146979130804539, 'rmse': 0.01834460347890854}","{'mae': 0.12028577923774719, 'rmse': 0.16079282760620117}"
train,"{'mae': 0.015197332948446274, 'rmse': 0.018120553344488144}","{'mae': 0.12090341746807098, 'rmse': 0.16087022423744202}"
val,"{'mae': 0.015109734609723091, 'rmse': 0.018343430012464523}","{'mae': 0.12030436098575592, 'rmse': 0.16080980002880096}"
train,"{'mae': 0.015189794823527336, 'rmse': 0.018121588975191116}","{'mae': 0.12084838002920151, 'rmse': 0.1608300507068634}"
val,"{'mae': 0.015038609504699707, 'rmse': 0.018342647701501846}","{'mae': 0.12035626918077469, 'rmse': 0.16089531779289246}"
train,"{'mae': 0.015124648809432983, 'rmse': 0.018147055059671402}","{'mae': 0.12086791545152664, 'rmse': 0.1608525514602661}"
val,"{'mae': 0.0151042016223073, 'rmse': 0.01834360882639885}","{'mae': 0.12029828131198883, 'rmse': 0.1608215570449829}"
train,"{'mae': 0.015209957025945187, 'rmse': 0.018122410401701927}","{'mae': 0.12086602300405502, 'rmse': 0.16084787249565125}"
val,"{'mae': 0.01509897131472826, 'rmse': 0.0183409433811903}","{'mae': 0.12030293792486191, 'rmse': 0.16079707443714142}"
train,"{'mae': 0.015178568661212921, 'rmse': 0.018135463818907738}","{'mae': 0.12086961418390274, 'rmse': 0.16085544228553772}"
val,"{'mae': 0.01507499162107706, 'rmse': 0.018342237919569016}","{'mae': 0.12040267884731293, 'rmse': 0.16095717251300812}"
train,"{'mae': 0.015164302662014961, 'rmse': 0.01815251260995865}","{'mae': 0.12087345123291016, 'rmse': 0.16086861491203308}"
val,"{'mae': 0.015408427454531193, 'rmse': 0.01845073699951172}","{'mae': 0.12035974860191345, 'rmse': 0.16084282100200653}"
train,"{'mae': 0.015176982618868351, 'rmse': 0.018123606219887733}","{'mae': 0.12091631442308426, 'rmse': 0.16085460782051086}"
val,"{'mae': 0.015072302892804146, 'rmse': 0.018345898017287254}","{'mae': 0.12034211307764053, 'rmse': 0.16085748374462128}"
train,"{'mae': 0.015165888704359531, 'rmse': 0.018120165914297104}","{'mae': 0.12086460739374161, 'rmse': 0.16084171831607819}"
val,"{'mae': 0.015196495689451694, 'rmse': 0.01835910603404045}","{'mae': 0.12031735479831696, 'rmse': 0.1608140915632248}"
train,"{'mae': 0.015166029334068298, 'rmse': 0.018107347190380096}","{'mae': 0.12090244144201279, 'rmse': 0.16086480021476746}"
val,"{'mae': 0.014929044060409069, 'rmse': 0.018372917547822}","{'mae': 0.12029077857732773, 'rmse': 0.16080302000045776}"
train,"{'mae': 0.4427977502346039, 'rmse': 0.4449782967567444}","{'mae': 0.16066212952136993, 'rmse': 0.21348659694194794}"
val,"{'mae': 0.3662884831428528, 'rmse': 0.3667840361595154}","{'mae': 0.24415279924869537, 'rmse': 0.31511130928993225}"
train,"{'mae': 0.2826380133628845, 'rmse': 0.28743723034858704}","{'mae': 0.3601903021335602, 'rmse': 0.48051661252975464}"
val,"{'mae': 0.19945497810840607, 'rmse': 0.20064298808574677}","{'mae': 0.48414522409439087, 'rmse': 0.6387453675270081}"
train,"{'mae': 0.11487533152103424, 'rmse': 0.12694717943668365}","{'mae': 0.5962717533111572, 'rmse': 0.7966797351837158}"
val,"{'mae': 0.034127190709114075, 'rmse': 0.04086285084486008}","{'mae': 0.7119267582893372, 'rmse': 0.9463013410568237}"
train,"{'mae': 0.02227289229631424, 'rmse': 0.027685372158885002}","{'mae': 0.6506860256195068, 'rmse': 0.8690780997276306}"
val,"{'mae': 0.019055772572755814, 'rmse': 0.024408632889389992}","{'mae': 0.5390366911888123, 'rmse': 0.711280345916748}"
train,"{'mae': 0.017773160710930824, 'rmse': 0.022259961813688278}","{'mae': 0.442924439907074, 'rmse': 0.5865164995193481}"
val,"{'mae': 0.01601422019302845, 'rmse': 0.020178666338324547}","{'mae': 0.36396944522857666, 'rmse': 0.4757821559906006}"
train,"{'mae': 0.015907155349850655, 'rmse': 0.01972294971346855}","{'mae': 0.30562856793403625, 'rmse': 0.3987804055213928}"
val,"{'mae': 0.015185666270554066, 'rmse': 0.01895674131810665}","{'mae': 0.2583611309528351, 'rmse': 0.3337383568286896}"
train,"{'mae': 0.015409054234623909, 'rmse': 0.018985776230692863}","{'mae': 0.2349402755498886, 'rmse': 0.3024599850177765}"
val,"{'mae': 0.015001152642071247, 'rmse': 0.018580321222543716}","{'mae': 0.21281364560127258, 'rmse': 0.27380362153053284}"
train,"{'mae': 0.015253564342856407, 'rmse': 0.01867009699344635}","{'mae': 0.20623721182346344, 'rmse': 0.2660751938819885}"
val,"{'mae': 0.015139777213335037, 'rmse': 0.01843736320734024}","{'mae': 0.19375337660312653, 'rmse': 0.2501997649669647}"
train,"{'mae': 0.015391333028674126, 'rmse': 0.018530085682868958}","{'mae': 0.19071391224861145, 'rmse': 0.246771901845932}"
val,"{'mae': 0.015132845379412174, 'rmse': 0.018406465649604797}","{'mae': 0.1807907223701477, 'rmse': 0.2336771935224533}"
train,"{'mae': 0.01521342247724533, 'rmse': 0.018488898873329163}","{'mae': 0.17891594767570496, 'rmse': 0.23137332499027252}"
val,"{'mae': 0.014941473491489887, 'rmse': 0.01842396892607212}","{'mae': 0.17117182910442352, 'rmse': 0.22091583907604218}"
train,"{'mae': 0.015212132595479488, 'rmse': 0.01839478686451912}","{'mae': 0.17076359689235687, 'rmse': 0.22017233073711395}"
val,"{'mae': 0.015153203159570694, 'rmse': 0.01839541830122471}","{'mae': 0.1651037484407425, 'rmse': 0.2125621736049652}"
train,"{'mae': 0.015138828195631504, 'rmse': 0.018445683643221855}","{'mae': 0.16423621773719788, 'rmse': 0.21162736415863037}"
val,"{'mae': 0.014897307381033897, 'rmse': 0.018449947237968445}","{'mae': 0.1590055525302887, 'rmse': 0.2048429250717163}"
train,"{'mae': 0.015241986140608788, 'rmse': 0.018300006166100502}","{'mae': 0.1596594750881195, 'rmse': 0.205670565366745}"
val,"{'mae': 0.014958157204091549, 'rmse': 0.01839536242187023}","{'mae': 0.15485775470733643, 'rmse': 0.19974924623966217}"
train,"{'mae': 0.014998232945799828, 'rmse': 0.01838737167418003}","{'mae': 0.1551741361618042, 'rmse': 0.2000807225704193}"
val,"{'mae': 0.015038435347378254, 'rmse': 0.018378542736172676}","{'mae': 0.15185409784317017, 'rmse': 0.19580042362213135}"
train,"{'mae': 0.015179824084043503, 'rmse': 0.018271639943122864}","{'mae': 0.1526048630475998, 'rmse': 0.19675183296203613}"
val,"{'mae': 0.014940290711820126, 'rmse': 0.01840163581073284}","{'mae': 0.1489071398973465, 'rmse': 0.19234202802181244}"
train,"{'mae': 0.015144900418817997, 'rmse': 0.01827138476073742}","{'mae': 0.1499391794204712, 'rmse': 0.1936536431312561}"
val,"{'mae': 0.014949270524084568, 'rmse': 0.018397655338048935}","{'mae': 0.1466868817806244, 'rmse': 0.1897396296262741}"
train,"{'mae': 0.015106539241969585, 'rmse': 0.01823243498802185}","{'mae': 0.14783000946044922, 'rmse': 0.1911686807870865}"
val,"{'mae': 0.015059515833854675, 'rmse': 0.018376963213086128}","{'mae': 0.14495733380317688, 'rmse': 0.18774712085723877}"
train,"{'mae': 0.015157400630414486, 'rmse': 0.01823432743549347}","{'mae': 0.146244615316391, 'rmse': 0.18934939801692963}"
val,"{'mae': 0.015016819350421429, 'rmse': 0.01837400533258915}","{'mae': 0.14345870912075043, 'rmse': 0.1860530525445938}"
train,"{'mae': 0.015063035301864147, 'rmse': 0.018222207203507423}","{'mae': 0.14494983851909637, 'rmse': 0.1878376007080078}"
val,"{'mae': 0.015069087035953999, 'rmse': 0.018366312608122826}","{'mae': 0.14233103394508362, 'rmse': 0.18473878502845764}"
train,"{'mae': 0.015093760564923286, 'rmse': 0.01824335753917694}","{'mae': 0.14385679364204407, 'rmse': 0.18661417067050934}"
val,"{'mae': 0.014994451776146889, 'rmse': 0.018372349441051483}","{'mae': 0.14113910496234894, 'rmse': 0.18346597254276276}"
train,"{'mae': 0.015115108340978622, 'rmse': 0.01818447932600975}","{'mae': 0.14312902092933655, 'rmse': 0.185806006193161}"
val,"{'mae': 0.015123535878956318, 'rmse': 0.018374701961874962}","{'mae': 0.14085246622562408, 'rmse': 0.18310941755771637}"
train,"{'mae': 0.015102436766028404, 'rmse': 0.01818794198334217}","{'mae': 0.14269904792308807, 'rmse': 0.18529005348682404}"
val,"{'mae': 0.014959633350372314, 'rmse': 0.01837877370417118}","{'mae': 0.1402704417705536, 'rmse': 0.1824895739555359}"
train,"{'mae': 0.015075990930199623, 'rmse': 0.018190329894423485}","{'mae': 0.142281174659729, 'rmse': 0.18479326367378235}"
val,"{'mae': 0.014921133406460285, 'rmse': 0.018398357555270195}","{'mae': 0.13984772562980652, 'rmse': 0.18199531733989716}"
train,"{'mae': 0.01490485854446888, 'rmse': 0.018267681822180748}","{'mae': 0.1416693776845932, 'rmse': 0.18414254486560822}"
val,"{'mae': 0.014933689497411251, 'rmse': 0.01838763803243637}","{'mae': 0.1394733339548111, 'rmse': 0.18158259987831116}"
train,"{'mae': 0.015113433822989464, 'rmse': 0.018175413832068443}","{'mae': 0.1416063755750656, 'rmse': 0.18402256071567535}"
val,"{'mae': 0.01498264167457819, 'rmse': 0.01836594194173813}","{'mae': 0.1391889750957489, 'rmse': 0.18124763667583466}"
train,"{'mae': 0.015079203993082047, 'rmse': 0.01817709021270275}","{'mae': 0.14119833707809448, 'rmse': 0.18357637524604797}"
val,"{'mae': 0.01506100594997406, 'rmse': 0.018358413130044937}","{'mae': 0.13899379968643188, 'rmse': 0.18098030984401703}"
train,"{'mae': 0.015043598599731922, 'rmse': 0.018169444054365158}","{'mae': 0.14088992774486542, 'rmse': 0.18322370946407318}"
val,"{'mae': 0.014976941049098969, 'rmse': 0.018363339826464653}","{'mae': 0.1385388821363449, 'rmse': 0.1805325746536255}"
train,"{'mae': 0.01507465448230505, 'rmse': 0.01816311478614807}","{'mae': 0.14054293930530548, 'rmse': 0.18282027542591095}"
val,"{'mae': 0.015028788708150387, 'rmse': 0.018357843160629272}","{'mae': 0.1382453441619873, 'rmse': 0.1801910549402237}"
train,"{'mae': 0.0150565505027771, 'rmse': 0.018166037276387215}","{'mae': 0.14021559059619904, 'rmse': 0.18243703246116638}"
val,"{'mae': 0.014940843917429447, 'rmse': 0.018374180421233177}","{'mae': 0.13790179789066315, 'rmse': 0.1798076182603836}"
train,"{'mae': 0.015041355974972248, 'rmse': 0.01816372387111187}","{'mae': 0.1398923546075821, 'rmse': 0.1820763200521469}"
val,"{'mae': 0.014996874146163464, 'rmse': 0.018354857340455055}","{'mae': 0.13766619563102722, 'rmse': 0.17951945960521698}"
train,"{'mae': 0.015026585198938847, 'rmse': 0.018171528354287148}","{'mae': 0.13956205546855927, 'rmse': 0.18171937763690948}"
val,"{'mae': 0.014973553828895092, 'rmse': 0.018358947709202766}","{'mae': 0.1373157501220703, 'rmse': 0.1791694313287735}"
train,"{'mae': 0.01503493171185255, 'rmse': 0.018159756436944008}","{'mae': 0.1393044888973236, 'rmse': 0.18142850697040558}"
val,"{'mae': 0.014999831095337868, 'rmse': 0.018351182341575623}","{'mae': 0.1371150016784668, 'rmse': 0.17890076339244843}"
train,"{'mae': 0.015077007934451103, 'rmse': 0.018143106251955032}","{'mae': 0.1390378773212433, 'rmse': 0.18111246824264526}"
val,"{'mae': 0.01502221543341875, 'rmse': 0.018352769315242767}","{'mae': 0.1367923617362976, 'rmse': 0.1785668134689331}"
train,"{'mae': 0.015041874721646309, 'rmse': 0.01815691962838173}","{'mae': 0.13866113126277924, 'rmse': 0.18070974946022034}"
val,"{'mae': 0.015092688612639904, 'rmse': 0.01835883967578411}","{'mae': 0.1365848183631897, 'rmse': 0.17833958566188812}"
train,"{'mae': 0.015144653618335724, 'rmse': 0.018146583810448647}","{'mae': 0.13849735260009766, 'rmse': 0.18046894669532776}"
val,"{'mae': 0.015035632066428661, 'rmse': 0.01835150085389614}","{'mae': 0.136337548494339, 'rmse': 0.17802195250988007}"
train,"{'mae': 0.015077267773449421, 'rmse': 0.01815297082066536}","{'mae': 0.13823580741882324, 'rmse': 0.1801576167345047}"
val,"{'mae': 0.014955487102270126, 'rmse': 0.01835998147726059}","{'mae': 0.13607193529605865, 'rmse': 0.1777157038450241}"
train,"{'mae': 0.015004017390310764, 'rmse': 0.01816253364086151}","{'mae': 0.13798096776008606, 'rmse': 0.1798803210258484}"
val,"{'mae': 0.014944338239729404, 'rmse': 0.018359234556555748}","{'mae': 0.1358519345521927, 'rmse': 0.17747259140014648}"
train,"{'mae': 0.015036890283226967, 'rmse': 0.018137244507670403}","{'mae': 0.13777628540992737, 'rmse': 0.17966187000274658}"
val,"{'mae': 0.015041571110486984, 'rmse': 0.01834673061966896}","{'mae': 0.135696142911911, 'rmse': 0.17730815708637238}"
train,"{'mae': 0.015077240765094757, 'rmse': 0.018130293115973473}","{'mae': 0.13764545321464539, 'rmse': 0.17946912348270416}"
val,"{'mae': 0.014956124126911163, 'rmse': 0.018352678045630455}","{'mae': 0.13548284769058228, 'rmse': 0.17701634764671326}"
train,"{'mae': 0.014996020123362541, 'rmse': 0.018151523545384407}","{'mae': 0.1373639702796936, 'rmse': 0.1791459023952484}"
val,"{'mae': 0.014987331815063953, 'rmse': 0.0183414276689291}","{'mae': 0.13530589640140533, 'rmse': 0.17679886519908905}"
train,"{'mae': 0.015077993273735046, 'rmse': 0.01813102327287197}","{'mae': 0.13724589347839355, 'rmse': 0.1789996176958084}"
val,"{'mae': 0.015033126808702946, 'rmse': 0.01833994686603546}","{'mae': 0.13520599901676178, 'rmse': 0.17671403288841248}"
train,"{'mae': 0.01502106711268425, 'rmse': 0.0181354321539402}","{'mae': 0.1370614469051361, 'rmse': 0.17881520092487335}"
val,"{'mae': 0.014927597716450691, 'rmse': 0.018358895555138588}","{'mae': 0.13499213755130768, 'rmse': 0.17651577293872833}"
train,"{'mae': 0.015021269209682941, 'rmse': 0.01814168132841587}","{'mae': 0.13694922626018524, 'rmse': 0.17869094014167786}"
val,"{'mae': 0.0149973900988698, 'rmse': 0.01834011636674404}","{'mae': 0.13497133553028107, 'rmse': 0.1764618456363678}"
train,"{'mae': 0.015037363395094872, 'rmse': 0.018130633980035782}","{'mae': 0.13687847554683685, 'rmse': 0.17859797179698944}"
val,"{'mae': 0.014970662072300911, 'rmse': 0.01834368333220482}","{'mae': 0.13485394418239594, 'rmse': 0.1763213574886322}"
train,"{'mae': 0.015009516850113869, 'rmse': 0.018135279417037964}","{'mae': 0.1367184817790985, 'rmse': 0.17842760682106018}"
val,"{'mae': 0.014989262446761131, 'rmse': 0.018341509625315666}","{'mae': 0.13473132252693176, 'rmse': 0.17620715498924255}"
train,"{'mae': 0.015059661120176315, 'rmse': 0.018122905865311623}","{'mae': 0.1366504728794098, 'rmse': 0.17834025621414185}"
val,"{'mae': 0.015010030008852482, 'rmse': 0.01834004558622837}","{'mae': 0.1346578299999237, 'rmse': 0.17611730098724365}"
train,"{'mae': 0.015002533793449402, 'rmse': 0.018160004168748856}","{'mae': 0.1364785134792328, 'rmse': 0.1781759113073349}"
val,"{'mae': 0.014952825382351875, 'rmse': 0.018348734825849533}","{'mae': 0.13450855016708374, 'rmse': 0.17597971856594086}"
train,"{'mae': 0.01507630106061697, 'rmse': 0.018110837787389755}","{'mae': 0.13648146390914917, 'rmse': 0.17813798785209656}"
val,"{'mae': 0.015060574747622013, 'rmse': 0.01834145188331604}","{'mae': 0.1345340609550476, 'rmse': 0.17595206201076508}"
train,"{'mae': 0.015096026472747326, 'rmse': 0.018119152635335922}","{'mae': 0.13643328845500946, 'rmse': 0.17806097865104675}"
val,"{'mae': 0.015002710744738579, 'rmse': 0.018337687477469444}","{'mae': 0.13443395495414734, 'rmse': 0.17583057284355164}"
train,"{'mae': 0.01502936240285635, 'rmse': 0.018134629353880882}","{'mae': 0.13626565039157867, 'rmse': 0.17788422107696533}"
val,"{'mae': 0.014945906586945057, 'rmse': 0.018348919227719307}","{'mae': 0.13426287472248077, 'rmse': 0.17568254470825195}"
train,"{'mae': 0.015009388327598572, 'rmse': 0.018126849085092545}","{'mae': 0.13614846765995026, 'rmse': 0.1777600646018982}"
val,"{'mae': 0.014963841997087002, 'rmse': 0.018341895192861557}","{'mae': 0.13420763611793518, 'rmse': 0.17559273540973663}"
train,"{'mae': 0.015024819411337376, 'rmse': 0.01812310703098774}","{'mae': 0.13608328998088837, 'rmse': 0.17767757177352905}"
val,"{'mae': 0.014966215938329697, 'rmse': 0.018340930342674255}","{'mae': 0.13410431146621704, 'rmse': 0.17548500001430511}"
train,"{'mae': 0.015038294717669487, 'rmse': 0.018129268661141396}","{'mae': 0.13597464561462402, 'rmse': 0.1775617152452469}"
val,"{'mae': 0.015012267045676708, 'rmse': 0.01833566650748253}","{'mae': 0.1340467482805252, 'rmse': 0.17541944980621338}"
train,"{'mae': 0.015028005465865135, 'rmse': 0.01812835969030857}","{'mae': 0.13589580357074738, 'rmse': 0.17746643722057343}"
val,"{'mae': 0.015004152432084084, 'rmse': 0.01833445206284523}","{'mae': 0.13398274779319763, 'rmse': 0.17532385885715485}"
train,"{'mae': 0.015084709972143173, 'rmse': 0.01811005361378193}","{'mae': 0.13585464656352997, 'rmse': 0.17740780115127563}"
val,"{'mae': 0.015021039173007011, 'rmse': 0.018335232511162758}","{'mae': 0.13388383388519287, 'rmse': 0.17524884641170502}"
train,"{'mae': 0.015032089315354824, 'rmse': 0.01811765693128109}","{'mae': 0.1357019990682602, 'rmse': 0.17726534605026245}"
val,"{'mae': 0.014944812282919884, 'rmse': 0.018346203491091728}","{'mae': 0.13373157382011414, 'rmse': 0.17511001229286194}"
train,"{'mae': 0.015035944990813732, 'rmse': 0.018118878826498985}","{'mae': 0.1356411576271057, 'rmse': 0.17717939615249634}"
val,"{'mae': 0.014982078224420547, 'rmse': 0.018337324261665344}","{'mae': 0.13367854058742523, 'rmse': 0.17502962052822113}"
train,"{'mae': 0.015008560381829739, 'rmse': 0.018126700073480606}","{'mae': 0.1354907602071762, 'rmse': 0.17702822387218475}"
val,"{'mae': 0.014986004680395126, 'rmse': 0.01833684742450714}","{'mae': 0.13357286155223846, 'rmse': 0.17491783201694489}"
train,"{'mae': 0.015017986297607422, 'rmse': 0.018115855753421783}","{'mae': 0.1354358047246933, 'rmse': 0.17695866525173187}"
val,"{'mae': 0.01500289048999548, 'rmse': 0.018333666026592255}","{'mae': 0.1335238367319107, 'rmse': 0.1748274564743042}"
train,"{'mae': 0.015103070065379143, 'rmse': 0.018114972859621048}","{'mae': 0.1354202926158905, 'rmse': 0.17690998315811157}"
val,"{'mae': 0.01512529980391264, 'rmse': 0.018347421661019325}","{'mae': 0.1335458755493164, 'rmse': 0.17480124533176422}"
train,"{'mae': 0.015156261622905731, 'rmse': 0.01810486428439617}","{'mae': 0.13540589809417725, 'rmse': 0.17687653005123138}"
val,"{'mae': 0.015073653310537338, 'rmse': 0.018336130306124687}","{'mae': 0.13346734642982483, 'rmse': 0.1747356504201889}"
train,"{'mae': 0.015066893771290779, 'rmse': 0.018113968893885612}","{'mae': 0.13529539108276367, 'rmse': 0.17676763236522675}"
val,"{'mae': 0.014999723993241787, 'rmse': 0.018330562859773636}","{'mae': 0.13338682055473328, 'rmse': 0.17466193437576294}"
train,"{'mae': 0.015059354715049267, 'rmse': 0.01810607872903347}","{'mae': 0.13524720072746277, 'rmse': 0.17671318352222443}"
val,"{'mae': 0.015025910921394825, 'rmse': 0.018331265076994896}","{'mae': 0.13334257900714874, 'rmse': 0.1746213287115097}"
train,"{'mae': 0.015070490539073944, 'rmse': 0.018101012334227562}","{'mae': 0.13518492877483368, 'rmse': 0.1766505241394043}"
val,"{'mae': 0.01499988604336977, 'rmse': 0.018331453204154968}","{'mae': 0.13326683640480042, 'rmse': 0.1745535135269165}"
train,"{'mae': 0.01502661220729351, 'rmse': 0.01811046525835991}","{'mae': 0.13510818779468536, 'rmse': 0.17656898498535156}"
val,"{'mae': 0.014980357140302658, 'rmse': 0.01833285205066204}","{'mae': 0.13321587443351746, 'rmse': 0.1745016872882843}"
train,"{'mae': 0.015005584806203842, 'rmse': 0.01811889186501503}","{'mae': 0.1350354105234146, 'rmse': 0.17649970948696136}"
val,"{'mae': 0.01498009730130434, 'rmse': 0.018332773819565773}","{'mae': 0.1331636756658554, 'rmse': 0.1744488924741745}"
train,"{'mae': 0.01505332626402378, 'rmse': 0.018105844035744667}","{'mae': 0.1350441575050354, 'rmse': 0.17648960649967194}"
val,"{'mae': 0.015015661716461182, 'rmse': 0.0183298010379076}","{'mae': 0.1331731081008911, 'rmse': 0.1744299978017807}"
train,"{'mae': 0.015049215406179428, 'rmse': 0.018107399344444275}","{'mae': 0.13499349355697632, 'rmse': 0.17643426358699799}"
val,"{'mae': 0.0149984797462821, 'rmse': 0.018329210579395294}","{'mae': 0.13310956954956055, 'rmse': 0.17437401413917542}"
train,"{'mae': 0.015050113201141357, 'rmse': 0.018111366778612137}","{'mae': 0.1349487453699112, 'rmse': 0.17639030516147614}"
val,"{'mae': 0.014971454627811909, 'rmse': 0.01833248883485794}","{'mae': 0.13304707407951355, 'rmse': 0.1743263453245163}"
train,"{'mae': 0.015032771974802017, 'rmse': 0.018108082935214043}","{'mae': 0.13489459455013275, 'rmse': 0.17632652819156647}"
val,"{'mae': 0.015008112415671349, 'rmse': 0.01832924410700798}","{'mae': 0.13304802775382996, 'rmse': 0.1742933988571167}"
train,"{'mae': 0.015057463198900223, 'rmse': 0.018104251474142075}","{'mae': 0.13489659130573273, 'rmse': 0.17630979418754578}"
val,"{'mae': 0.014987141825258732, 'rmse': 0.018329787999391556}","{'mae': 0.13300828635692596, 'rmse': 0.17424993216991425}"
train,"{'mae': 0.015041954815387726, 'rmse': 0.01810472272336483}","{'mae': 0.1348615288734436, 'rmse': 0.17626649141311646}"
val,"{'mae': 0.014993546530604362, 'rmse': 0.018328964710235596}","{'mae': 0.1329919397830963, 'rmse': 0.17422275245189667}"
train,"{'mae': 0.015029524452984333, 'rmse': 0.018104350194334984}","{'mae': 0.13481096923351288, 'rmse': 0.17621856927871704}"
val,"{'mae': 0.01497571263462305, 'rmse': 0.018331578001379967}","{'mae': 0.13292939960956573, 'rmse': 0.17417873442173004}"
train,"{'mae': 0.015022932551801205, 'rmse': 0.018107745796442032}","{'mae': 0.13477516174316406, 'rmse': 0.1761751025915146}"
val,"{'mae': 0.014969132840633392, 'rmse': 0.018332945182919502}","{'mae': 0.1329006850719452, 'rmse': 0.17413313686847687}"
train,"{'mae': 0.015001028776168823, 'rmse': 0.018110686913132668}","{'mae': 0.13472795486450195, 'rmse': 0.17612500488758087}"
val,"{'mae': 0.014959600754082203, 'rmse': 0.018334677442908287}","{'mae': 0.13286399841308594, 'rmse': 0.17409344017505646}"
train,"{'mae': 0.0150078646838665, 'rmse': 0.018108638003468513}","{'mae': 0.13472037017345428, 'rmse': 0.17610403895378113}"
val,"{'mae': 0.014974329620599747, 'rmse': 0.018330644816160202}","{'mae': 0.13286811113357544, 'rmse': 0.1740758866071701}"
train,"{'mae': 0.01501030009239912, 'rmse': 0.01810559257864952}","{'mae': 0.1346929371356964, 'rmse': 0.17607174813747406}"
val,"{'mae': 0.01497584767639637, 'rmse': 0.018330341205000877}","{'mae': 0.13282530009746552, 'rmse': 0.17403599619865417}"
train,"{'mae': 0.015020815655589104, 'rmse': 0.01810339093208313}","{'mae': 0.13465310633182526, 'rmse': 0.176027312874794}"
val,"{'mae': 0.014965207315981388, 'rmse': 0.018331948667764664}","{'mae': 0.1327669322490692, 'rmse': 0.17398308217525482}"
train,"{'mae': 0.015003271400928497, 'rmse': 0.018111124634742737}","{'mae': 0.1345861256122589, 'rmse': 0.17595499753952026}"
val,"{'mae': 0.014976654201745987, 'rmse': 0.018330419436097145}","{'mae': 0.13274458050727844, 'rmse': 0.1739480197429657}"
train,"{'mae': 0.015025635249912739, 'rmse': 0.0181022509932518}","{'mae': 0.13457083702087402, 'rmse': 0.17592811584472656}"
val,"{'mae': 0.014984159730374813, 'rmse': 0.01833038218319416}","{'mae': 0.13271750509738922, 'rmse': 0.17391785979270935}"
train,"{'mae': 0.015013066120445728, 'rmse': 0.018105898052453995}","{'mae': 0.1345406472682953, 'rmse': 0.17589403688907623}"
val,"{'mae': 0.01496403943747282, 'rmse': 0.018333716318011284}","{'mae': 0.13268186151981354, 'rmse': 0.17388898134231567}"
train,"{'mae': 0.015011553652584553, 'rmse': 0.01810525171458721}","{'mae': 0.13451604545116425, 'rmse': 0.17586836218833923}"
val,"{'mae': 0.014979556202888489, 'rmse': 0.018331235274672508}","{'mae': 0.1326734721660614, 'rmse': 0.17387530207633972}"
train,"{'mae': 0.015022723004221916, 'rmse': 0.018101653084158897}","{'mae': 0.13451077044010162, 'rmse': 0.17585940659046173}"
val,"{'mae': 0.014980779960751534, 'rmse': 0.018330922350287437}","{'mae': 0.1326584368944168, 'rmse': 0.17385898530483246}"
train,"{'mae': 0.015022503212094307, 'rmse': 0.018099995329976082}","{'mae': 0.1344936341047287, 'rmse': 0.175840824842453}"
val,"{'mae': 0.014992758631706238, 'rmse': 0.01832953654229641}","{'mae': 0.13265374302864075, 'rmse': 0.17384667694568634}"
train,"{'mae': 0.015038745477795601, 'rmse': 0.018102623522281647}","{'mae': 0.134480282664299, 'rmse': 0.17582349479198456}"
val,"{'mae': 0.014981712214648724, 'rmse': 0.018330935388803482}","{'mae': 0.13262410461902618, 'rmse': 0.17382311820983887}"
train,"{'mae': 0.015029383823275566, 'rmse': 0.018100546672940254}","{'mae': 0.13446708023548126, 'rmse': 0.17580930888652802}"
val,"{'mae': 0.014990351162850857, 'rmse': 0.018329842016100883}","{'mae': 0.1326187700033188, 'rmse': 0.1738121211528778}"
train,"{'mae': 0.015028645284473896, 'rmse': 0.01809917762875557}","{'mae': 0.13444505631923676, 'rmse': 0.1757843792438507}"
val,"{'mae': 0.014994204975664616, 'rmse': 0.018329516053199768}","{'mae': 0.1326008439064026, 'rmse': 0.17379462718963623}"
train,"{'mae': 0.015043102204799652, 'rmse': 0.018098147585988045}","{'mae': 0.13443736732006073, 'rmse': 0.17577064037322998}"
val,"{'mae': 0.01499645970761776, 'rmse': 0.018329499289393425}","{'mae': 0.13259007036685944, 'rmse': 0.1737772673368454}"
train,"{'mae': 0.015044506639242172, 'rmse': 0.018097326159477234}","{'mae': 0.1344202607870102, 'rmse': 0.1757490634918213}"
val,"{'mae': 0.015000345185399055, 'rmse': 0.018329160287976265}","{'mae': 0.13257578015327454, 'rmse': 0.17375639081001282}"
train,"{'mae': 0.015028641559183598, 'rmse': 0.018100576475262642}","{'mae': 0.13439400494098663, 'rmse': 0.1757187843322754}"
val,"{'mae': 0.014981722459197044, 'rmse': 0.018330823630094528}","{'mae': 0.1325487345457077, 'rmse': 0.1737341731786728}"
train,"{'mae': 0.015028406865894794, 'rmse': 0.01809966005384922}","{'mae': 0.1343766301870346, 'rmse': 0.1756981611251831}"
val,"{'mae': 0.014996202662587166, 'rmse': 0.018329184502363205}","{'mae': 0.13254314661026, 'rmse': 0.173720583319664}"
train,"{'mae': 0.01504814438521862, 'rmse': 0.0180976539850235}","{'mae': 0.13437753915786743, 'rmse': 0.17569297552108765}"
val,"{'mae': 0.015008676797151566, 'rmse': 0.018328173086047173}","{'mae': 0.13254611194133759, 'rmse': 0.17371366918087006}"
train,"{'mae': 0.015041070058941841, 'rmse': 0.01809629611670971}","{'mae': 0.1343608796596527, 'rmse': 0.17567160725593567}"
val,"{'mae': 0.014990201219916344, 'rmse': 0.01832897774875164}","{'mae': 0.13251984119415283, 'rmse': 0.1736873835325241}"
train,"{'mae': 0.015025543048977852, 'rmse': 0.018098806962370872}","{'mae': 0.134337916970253, 'rmse': 0.1756439059972763}"
val,"{'mae': 0.014980950392782688, 'rmse': 0.018329747021198273}","{'mae': 0.13250498473644257, 'rmse': 0.17366524040699005}"
train,"{'mae': 0.015016644261777401, 'rmse': 0.0181008018553257}","{'mae': 0.13431675732135773, 'rmse': 0.17561928927898407}"
val,"{'mae': 0.014973439276218414, 'rmse': 0.01833062805235386}","{'mae': 0.13248015940189362, 'rmse': 0.17364102602005005}"
train,"{'mae': 0.015012108720839024, 'rmse': 0.01810246706008911}","{'mae': 0.13429489731788635, 'rmse': 0.17559415102005005}"
val,"{'mae': 0.014977746643126011, 'rmse': 0.018329815939068794}","{'mae': 0.13246756792068481, 'rmse': 0.17362292110919952}"
train,"{'mae': 0.01501577626913786, 'rmse': 0.01810120791196823}","{'mae': 0.13427093625068665, 'rmse': 0.17556822299957275}"
val,"{'mae': 0.01498122327029705, 'rmse': 0.018329652026295662}","{'mae': 0.13243673741817474, 'rmse': 0.1736033707857132}"
train,"{'mae': 0.015038921497762203, 'rmse': 0.018100759014487267}","{'mae': 0.13425518572330475, 'rmse': 0.17555297911167145}"
val,"{'mae': 0.015003611333668232, 'rmse': 0.018328165635466576}","{'mae': 0.1324285864830017, 'rmse': 0.17359264194965363}"
train,"{'mae': 0.015033251605927944, 'rmse': 0.018098438158631325}","{'mae': 0.13422423601150513, 'rmse': 0.1755225509405136}"
val,"{'mae': 0.014989861287176609, 'rmse': 0.01832931488752365}","{'mae': 0.132393479347229, 'rmse': 0.1735660582780838}"
train,"{'mae': 0.015036128461360931, 'rmse': 0.01809724234044552}","{'mae': 0.13420701026916504, 'rmse': 0.1755014806985855}"
val,"{'mae': 0.014995024539530277, 'rmse': 0.01832878775894642}","{'mae': 0.13238008320331573, 'rmse': 0.1735476851463318}"
train,"{'mae': 0.6203345656394958, 'rmse': 0.6205987334251404}","{'mae': 0.1342448741197586, 'rmse': 0.17552797496318817}"
val,"{'mae': 0.6190615296363831, 'rmse': 0.6193327903747559}","{'mae': 0.13254539668560028, 'rmse': 0.1736500859260559}"
train,"{'mae': 0.6179807186126709, 'rmse': 0.6182464361190796}","{'mae': 0.134526789188385, 'rmse': 0.17576707899570465}"
val,"{'mae': 0.6163904070854187, 'rmse': 0.6166628003120422}","{'mae': 0.13289472460746765, 'rmse': 0.17391172051429749}"
train,"{'mae': 0.6152042746543884, 'rmse': 0.6154707670211792}","{'mae': 0.13497020304203033, 'rmse': 0.17619191110134125}"
val,"{'mae': 0.6135568022727966, 'rmse': 0.61383056640625}","{'mae': 0.1333692967891693, 'rmse': 0.17431002855300903}"
train,"{'mae': 0.6123093962669373, 'rmse': 0.6125771403312683}","{'mae': 0.1355041265487671, 'rmse': 0.17670691013336182}"
val,"{'mae': 0.6106249094009399, 'rmse': 0.6108999252319336}","{'mae': 0.13396358489990234, 'rmse': 0.17484958469867706}"
train,"{'mae': 0.6093307137489319, 'rmse': 0.6096007823944092}","{'mae': 0.13616447150707245, 'rmse': 0.17738685011863708}"
val,"{'mae': 0.6076174378395081, 'rmse': 0.6078938841819763}","{'mae': 0.13467183709144592, 'rmse': 0.17553851008415222}"
train,"{'mae': 0.6062768697738647, 'rmse': 0.6065477728843689}","{'mae': 0.13694480061531067, 'rmse': 0.17821554839611053}"
val,"{'mae': 0.6045469045639038, 'rmse': 0.6048247218132019}","{'mae': 0.13550889492034912, 'rmse': 0.17638391256332397}"
train,"{'mae': 0.6031675338745117, 'rmse': 0.6034396290779114}","{'mae': 0.13786093890666962, 'rmse': 0.17920872569084167}"
val,"{'mae': 0.6014215350151062, 'rmse': 0.6017009019851685}","{'mae': 0.1364675611257553, 'rmse': 0.177394300699234}"
train,"{'mae': 0.6000072360038757, 'rmse': 0.6002819538116455}","{'mae': 0.13889922201633453, 'rmse': 0.1803460270166397}"
val,"{'mae': 0.5982506275177002, 'rmse': 0.5985316038131714}","{'mae': 0.13756069540977478, 'rmse': 0.17857539653778076}"
train,"{'mae': 0.5967965722084045, 'rmse': 0.5970723628997803}","{'mae': 0.14008355140686035, 'rmse': 0.18168331682682037}"
val,"{'mae': 0.595020055770874, 'rmse': 0.5953026413917542}","{'mae': 0.13878926634788513, 'rmse': 0.1799343228340149}"
train,"{'mae': 0.5935232043266296, 'rmse': 0.5938008427619934}","{'mae': 0.14138828217983246, 'rmse': 0.1831585019826889}"
val,"{'mae': 0.5917320847511292, 'rmse': 0.592016339302063}","{'mae': 0.14015094935894012, 'rmse': 0.18146511912345886}"
train,"{'mae': 0.5902035236358643, 'rmse': 0.590482234954834}","{'mae': 0.1428329348564148, 'rmse': 0.18481579422950745}"
val,"{'mae': 0.5884066224098206, 'rmse': 0.5886927843093872}","{'mae': 0.14164172112941742, 'rmse': 0.18316608667373657}"
train,"{'mae': 0.5868481993675232, 'rmse': 0.5871291160583496}","{'mae': 0.1443975865840912, 'rmse': 0.18663735687732697}"
val,"{'mae': 0.5850517749786377, 'rmse': 0.5853396654129028}","{'mae': 0.14324985444545746, 'rmse': 0.1850232481956482}"
train,"{'mae': 0.5834713578224182, 'rmse': 0.5837544798851013}","{'mae': 0.1460915356874466, 'rmse': 0.1886315792798996}"
val,"{'mae': 0.5816742181777954, 'rmse': 0.5819639563560486}","{'mae': 0.14499562978744507, 'rmse': 0.18705616891384125}"
train,"{'mae': 0.580073356628418, 'rmse': 0.58035808801651}","{'mae': 0.14785553514957428, 'rmse': 0.19073836505413055}"
val,"{'mae': 0.5782814025878906, 'rmse': 0.5785731077194214}","{'mae': 0.14683328568935394, 'rmse': 0.18923121690750122}"
train,"{'mae': 0.5766575932502747, 'rmse': 0.5769445300102234}","{'mae': 0.14975328743457794, 'rmse': 0.19302812218666077}"
val,"{'mae': 0.5748719573020935, 'rmse': 0.5751656889915466}","{'mae': 0.14877426624298096, 'rmse': 0.19156600534915924}"
train,"{'mae': 0.5732311010360718, 'rmse': 0.5735198855400085}","{'mae': 0.1517292708158493, 'rmse': 0.19543641805648804}"
val,"{'mae': 0.5714517831802368, 'rmse': 0.5717474818229675}","{'mae': 0.15081971883773804, 'rmse': 0.1940501183271408}"
train,"{'mae': 0.5697917938232422, 'rmse': 0.5700839757919312}","{'mae': 0.15382631123065948, 'rmse': 0.19803449511528015}"
val,"{'mae': 0.5680191516876221, 'rmse': 0.5683169364929199}","{'mae': 0.1529463827610016, 'rmse': 0.19667093455791473}"
train,"{'mae': 0.5663416981697083, 'rmse': 0.5666347146034241}","{'mae': 0.15596376359462738, 'rmse': 0.20070703327655792}"
val,"{'mae': 0.564577043056488, 'rmse': 0.5648770332336426}","{'mae': 0.15516141057014465, 'rmse': 0.19942159950733185}"
train,"{'mae': 0.5628812313079834, 'rmse': 0.5631780624389648}","{'mae': 0.15820638835430145, 'rmse': 0.20354492962360382}"
val,"{'mae': 0.5611245036125183, 'rmse': 0.5614266395568848}","{'mae': 0.157468780875206, 'rmse': 0.20230457186698914}"
train,"{'mae': 0.5594118237495422, 'rmse': 0.5597094893455505}","{'mae': 0.16052313148975372, 'rmse': 0.2065005898475647}"
val,"{'mae': 0.5576629638671875, 'rmse': 0.557967483997345}","{'mae': 0.15985429286956787, 'rmse': 0.20531098544597626}"
train,"{'mae': 0.5568169355392456, 'rmse': 0.5571158528327942}","{'mae': 0.16227836906909943, 'rmse': 0.208745077252388}"
val,"{'mae': 0.5559619665145874, 'rmse': 0.556267499923706}","{'mae': 0.16103948652744293, 'rmse': 0.20681758224964142}"
train,"{'mae': 0.5551081895828247, 'rmse': 0.5554086565971375}","{'mae': 0.16346101462841034, 'rmse': 0.21026453375816345}"
val,"{'mae': 0.5542589426040649, 'rmse': 0.5545656085014343}","{'mae': 0.16223682463169098, 'rmse': 0.20834589004516602}"
train,"{'mae': 0.553398609161377, 'rmse': 0.5536999702453613}","{'mae': 0.1646628975868225, 'rmse': 0.21181268990039825}"
val,"{'mae': 0.5525544881820679, 'rmse': 0.5528623461723328}","{'mae': 0.16345572471618652, 'rmse': 0.20990359783172607}"
train,"{'mae': 0.5516868233680725, 'rmse': 0.5519890785217285}","{'mae': 0.16587214171886444, 'rmse': 0.2133699208498001}"
val,"{'mae': 0.5508489608764648, 'rmse': 0.5511580109596252}","{'mae': 0.1646898090839386, 'rmse': 0.2114848643541336}"
train,"{'mae': 0.5499736666679382, 'rmse': 0.5502781271934509}","{'mae': 0.16709375381469727, 'rmse': 0.21495378017425537}"
val,"{'mae': 0.5491421222686768, 'rmse': 0.5494523048400879}","{'mae': 0.16593506932258606, 'rmse': 0.21308453381061554}"
train,"{'mae': 0.5482592582702637, 'rmse': 0.5485647320747375}","{'mae': 0.1683397889137268, 'rmse': 0.21658286452293396}"
val,"{'mae': 0.5474323034286499, 'rmse': 0.5477436184883118}","{'mae': 0.16719841957092285, 'rmse': 0.21471355855464935}"
train,"{'mae': 0.5465434789657593, 'rmse': 0.5468494296073914}","{'mae': 0.1695909947156906, 'rmse': 0.21819455921649933}"
val,"{'mae': 0.5457219481468201, 'rmse': 0.546034574508667}","{'mae': 0.16847804188728333, 'rmse': 0.21636664867401123}"
train,"{'mae': 0.5448265075683594, 'rmse': 0.5451343655586243}","{'mae': 0.1708700954914093, 'rmse': 0.21986731886863708}"
val,"{'mae': 0.5440094470977783, 'rmse': 0.5443232655525208}","{'mae': 0.1697721928358078, 'rmse': 0.21804355084896088}"
train,"{'mae': 0.5431073307991028, 'rmse': 0.5434162020683289}","{'mae': 0.1721441000699997, 'rmse': 0.22153130173683167}"
val,"{'mae': 0.5422963500022888, 'rmse': 0.5426113605499268}","{'mae': 0.17107579112052917, 'rmse': 0.21973656117916107}"
train,"{'mae': 0.5413870811462402, 'rmse': 0.5416972041130066}","{'mae': 0.1734369993209839, 'rmse': 0.22322528064250946}"
val,"{'mae': 0.5405804514884949, 'rmse': 0.5408967733383179}","{'mae': 0.17239882051944733, 'rmse': 0.221457839012146}"
train,"{'mae': 0.5396643877029419, 'rmse': 0.5399760603904724}","{'mae': 0.17474745213985443, 'rmse': 0.22494906187057495}"
val,"{'mae': 0.5388648509979248, 'rmse': 0.5391824841499329}","{'mae': 0.1737276315689087, 'rmse': 0.22318699955940247}"
train,"{'mae': 0.5379408597946167, 'rmse': 0.5382542014122009}","{'mae': 0.17607064545154572, 'rmse': 0.2266925722360611}"
val,"{'mae': 0.5371463298797607, 'rmse': 0.5374651551246643}","{'mae': 0.17507602274417877, 'rmse': 0.2249460369348526}"
train,"{'mae': 0.5362158417701721, 'rmse': 0.5365304350852966}","{'mae': 0.1774042546749115, 'rmse': 0.22844655811786652}"
val,"{'mae': 0.5354258418083191, 'rmse': 0.5357460379600525}","{'mae': 0.17644040286540985, 'rmse': 0.22673222422599792}"
train,"{'mae': 0.5344886779785156, 'rmse': 0.5348049402236938}","{'mae': 0.17875568568706512, 'rmse': 0.2302263230085373}"
val,"{'mae': 0.5337053537368774, 'rmse': 0.5340267419815063}","{'mae': 0.17780816555023193, 'rmse': 0.22852535545825958}"
train,"{'mae': 0.5327602624893188, 'rmse': 0.5330777168273926}","{'mae': 0.18010781705379486, 'rmse': 0.23201541602611542}"
val,"{'mae': 0.5319833159446716, 'rmse': 0.5323060750961304}","{'mae': 0.17918981611728668, 'rmse': 0.23034027218818665}"
train,"{'mae': 0.5310302972793579, 'rmse': 0.5313487648963928}","{'mae': 0.18148788809776306, 'rmse': 0.2338370978832245}"
val,"{'mae': 0.5302584767341614, 'rmse': 0.5305824875831604}","{'mae': 0.1805855929851532, 'rmse': 0.23217952251434326}"
train,"{'mae': 0.5292995572090149, 'rmse': 0.5296205282211304}","{'mae': 0.18287737667560577, 'rmse': 0.23567043244838715}"
val,"{'mae': 0.5285326242446899, 'rmse': 0.5288581252098083}","{'mae': 0.18199346959590912, 'rmse': 0.2340407818555832}"
train,"{'mae': 0.5275675058364868, 'rmse': 0.5278894305229187}","{'mae': 0.18427671492099762, 'rmse': 0.2375313937664032}"
val,"{'mae': 0.5268048048019409, 'rmse': 0.5271316766738892}","{'mae': 0.18341569602489471, 'rmse': 0.23592156171798706}"
train,"{'mae': 0.5258322954177856, 'rmse': 0.5261546969413757}","{'mae': 0.18568503856658936, 'rmse': 0.2394009381532669}"
val,"{'mae': 0.5250757336616516, 'rmse': 0.5254039764404297}","{'mae': 0.18484239280223846, 'rmse': 0.23781153559684753}"
train,"{'mae': 0.5240967273712158, 'rmse': 0.5244215130805969}","{'mae': 0.18710218369960785, 'rmse': 0.24127879738807678}"
val,"{'mae': 0.5233455896377563, 'rmse': 0.523675262928009}","{'mae': 0.18628020584583282, 'rmse': 0.23971909284591675}"
train,"{'mae': 0.5227720141410828, 'rmse': 0.5230976343154907}","{'mae': 0.18820078670978546, 'rmse': 0.24274498224258423}"
val,"{'mae': 0.522439181804657, 'rmse': 0.5227695107460022}","{'mae': 0.1870603710412979, 'rmse': 0.24075518548488617}"
train,"{'mae': 0.5218619704246521, 'rmse': 0.5221881866455078}","{'mae': 0.18897050619125366, 'rmse': 0.24377499520778656}"
val,"{'mae': 0.5215321779251099, 'rmse': 0.5218632817268372}","{'mae': 0.18784315884113312, 'rmse': 0.24179592728614807}"
train,"{'mae': 0.5209514498710632, 'rmse': 0.5212780237197876}","{'mae': 0.18974857032299042, 'rmse': 0.2448098212480545}"
val,"{'mae': 0.5206245183944702, 'rmse': 0.5209564566612244}","{'mae': 0.18862685561180115, 'rmse': 0.242839515209198}"
train,"{'mae': 0.5200404524803162, 'rmse': 0.5203682780265808}","{'mae': 0.19052335619926453, 'rmse': 0.24584762752056122}"
val,"{'mae': 0.5197169184684753, 'rmse': 0.5200496315956116}","{'mae': 0.1894131749868393, 'rmse': 0.24388644099235535}"
train,"{'mae': 0.5191292762756348, 'rmse': 0.5194576978683472}","{'mae': 0.19130678474903107, 'rmse': 0.24689504504203796}"
val,"{'mae': 0.5188087224960327, 'rmse': 0.519142210483551}","{'mae': 0.19020375609397888, 'rmse': 0.24494004249572754}"
train,"{'mae': 0.5182174444198608, 'rmse': 0.5185471773147583}","{'mae': 0.19208623468875885, 'rmse': 0.24793699383735657}"
val,"{'mae': 0.5179001688957214, 'rmse': 0.518234372138977}","{'mae': 0.19099514186382294, 'rmse': 0.24599462747573853}"
train,"{'mae': 0.517305314540863, 'rmse': 0.5176356434822083}","{'mae': 0.19286975264549255, 'rmse': 0.24898549914360046}"
val,"{'mae': 0.5169910192489624, 'rmse': 0.5173259377479553}","{'mae': 0.19179204106330872, 'rmse': 0.24705824255943298}"
train,"{'mae': 0.5163929462432861, 'rmse': 0.5167240500450134}","{'mae': 0.19365637004375458, 'rmse': 0.2500350773334503}"
val,"{'mae': 0.5160815715789795, 'rmse': 0.516417384147644}","{'mae': 0.19259025156497955, 'rmse': 0.24812281131744385}"
train,"{'mae': 0.5154799222946167, 'rmse': 0.51581209897995}","{'mae': 0.19444771111011505, 'rmse': 0.25109386444091797}"
val,"{'mae': 0.5151716470718384, 'rmse': 0.5155081748962402}","{'mae': 0.19339172542095184, 'rmse': 0.2491934895515442}"
train,"{'mae': 0.5145664215087891, 'rmse': 0.5148992538452148}","{'mae': 0.19523723423480988, 'rmse': 0.2521541714668274}"
val,"{'mae': 0.5142616033554077, 'rmse': 0.5145989656448364}","{'mae': 0.1941916048526764, 'rmse': 0.2502620220184326}"
train,"{'mae': 0.5136528611183167, 'rmse': 0.5139865875244141}","{'mae': 0.19603362679481506, 'rmse': 0.25321951508522034}"
val,"{'mae': 0.5133507251739502, 'rmse': 0.5136889219284058}","{'mae': 0.19499993324279785, 'rmse': 0.25134408473968506}"
train,"{'mae': 0.5127388834953308, 'rmse': 0.5130733847618103}","{'mae': 0.19683633744716644, 'rmse': 0.25429755449295044}"
val,"{'mae': 0.5124394297599792, 'rmse': 0.5127784013748169}","{'mae': 0.19581173360347748, 'rmse': 0.25242963433265686}"
train,"{'mae': 0.511823832988739, 'rmse': 0.5121591687202454}","{'mae': 0.197633758187294, 'rmse': 0.255367249250412}"
val,"{'mae': 0.5115285515785217, 'rmse': 0.5118682384490967}","{'mae': 0.19662010669708252, 'rmse': 0.2535078823566437}"
train,"{'mae': 0.5109094977378845, 'rmse': 0.5112456679344177}","{'mae': 0.1984349638223648, 'rmse': 0.25643956661224365}"
val,"{'mae': 0.5106163620948792, 'rmse': 0.5109569430351257}","{'mae': 0.19744081795215607, 'rmse': 0.25460368394851685}"
train,"{'mae': 0.5099939107894897, 'rmse': 0.5103309750556946}","{'mae': 0.1992434859275818, 'rmse': 0.25752854347229004}"
val,"{'mae': 0.5097039341926575, 'rmse': 0.5100453495979309}","{'mae': 0.19825886189937592, 'rmse': 0.25569626688957214}"
train,"{'mae': 0.5090778470039368, 'rmse': 0.509415864944458}","{'mae': 0.2000509798526764, 'rmse': 0.25861507654190063}"
val,"{'mae': 0.5087913274765015, 'rmse': 0.509133517742157}","{'mae': 0.1990758180618286, 'rmse': 0.2567889094352722}"
train,"{'mae': 0.5081617832183838, 'rmse': 0.5085003972053528}","{'mae': 0.20086193084716797, 'rmse': 0.2597084641456604}"
val,"{'mae': 0.5078782439231873, 'rmse': 0.5082212686538696}","{'mae': 0.19990043342113495, 'rmse': 0.25789394974708557}"
train,"{'mae': 0.5072451233863831, 'rmse': 0.507584810256958}","{'mae': 0.20166753232479095, 'rmse': 0.26079222559928894}"
val,"{'mae': 0.5069648027420044, 'rmse': 0.5073086023330688}","{'mae': 0.20072434842586517, 'rmse': 0.2589974105358124}"
train,"{'mae': 0.5063279867172241, 'rmse': 0.5066684484481812}","{'mae': 0.20248495042324066, 'rmse': 0.2618917226791382}"
val,"{'mae': 0.506050705909729, 'rmse': 0.5063953995704651}","{'mae': 0.2015533149242401, 'rmse': 0.2601082921028137}"
train,"{'mae': 0.5054102540016174, 'rmse': 0.5057512521743774}","{'mae': 0.2033030092716217, 'rmse': 0.2629956007003784}"
val,"{'mae': 0.505135715007782, 'rmse': 0.5054811835289001}","{'mae': 0.2023843228816986, 'rmse': 0.26122328639030457}"
train,"{'mae': 0.5047486424446106, 'rmse': 0.5050905346870422}","{'mae': 0.20388562977313995, 'rmse': 0.263780802488327}"
val,"{'mae': 0.5047339797019958, 'rmse': 0.5050798058509827}","{'mae': 0.20273791253566742, 'rmse': 0.2616995573043823}"
train,"{'mae': 0.5043455362319946, 'rmse': 0.5046877861022949}","{'mae': 0.20423562824726105, 'rmse': 0.264254629611969}"
val,"{'mae': 0.5043318271636963, 'rmse': 0.5046780705451965}","{'mae': 0.20309345424175262, 'rmse': 0.26217907667160034}"
train,"{'mae': 0.5039419531822205, 'rmse': 0.504284679889679}","{'mae': 0.20458464324474335, 'rmse': 0.2647291421890259}"
val,"{'mae': 0.503929853439331, 'rmse': 0.5042764544487}","{'mae': 0.2034469097852707, 'rmse': 0.2626555263996124}"
train,"{'mae': 0.5035386681556702, 'rmse': 0.5038818120956421}","{'mae': 0.20493388175964355, 'rmse': 0.2652024030685425}"
val,"{'mae': 0.5035275816917419, 'rmse': 0.5038745403289795}","{'mae': 0.20380331575870514, 'rmse': 0.2631356418132782}"
train,"{'mae': 0.5031352043151855, 'rmse': 0.5034786462783813}","{'mae': 0.20528243482112885, 'rmse': 0.26567342877388}"
val,"{'mae': 0.5031254291534424, 'rmse': 0.5034728050231934}","{'mae': 0.204158753156662, 'rmse': 0.2636140286922455}"
train,"{'mae': 0.502731442451477, 'rmse': 0.503075361251831}","{'mae': 0.20563125610351562, 'rmse': 0.2661486268043518}"
val,"{'mae': 0.5027233362197876, 'rmse': 0.5030710101127625}","{'mae': 0.20451372861862183, 'rmse': 0.26409173011779785}"
train,"{'mae': 0.5023279786109924, 'rmse': 0.5026723146438599}","{'mae': 0.20598194003105164, 'rmse': 0.26662346720695496}"
val,"{'mae': 0.5023209452629089, 'rmse': 0.5026689767837524}","{'mae': 0.20487093925476074, 'rmse': 0.26457253098487854}"
train,"{'mae': 0.5019242763519287, 'rmse': 0.5022690296173096}","{'mae': 0.20633114874362946, 'rmse': 0.2670974135398865}"
val,"{'mae': 0.5019185543060303, 'rmse': 0.5022669434547424}","{'mae': 0.20522797107696533, 'rmse': 0.2650529146194458}"
train,"{'mae': 0.5015203952789307, 'rmse': 0.5018653869628906}","{'mae': 0.20668108761310577, 'rmse': 0.26757439970970154}"
val,"{'mae': 0.5015161633491516, 'rmse': 0.5018649697303772}","{'mae': 0.2055843025445938, 'rmse': 0.26553240418434143}"
train,"{'mae': 0.5011165738105774, 'rmse': 0.5014619827270508}","{'mae': 0.20702959597110748, 'rmse': 0.2680473327636719}"
val,"{'mae': 0.5011135935783386, 'rmse': 0.5014627575874329}","{'mae': 0.20594224333763123, 'rmse': 0.26601442694664}"
train,"{'mae': 0.5007126927375793, 'rmse': 0.5010584592819214}","{'mae': 0.207382932305336, 'rmse': 0.26852694153785706}"
val,"{'mae': 0.5007109045982361, 'rmse': 0.5010604858398438}","{'mae': 0.20630116760730743, 'rmse': 0.2664976119995117}"
train,"{'mae': 0.500308632850647, 'rmse': 0.5006549954414368}","{'mae': 0.20773352682590485, 'rmse': 0.2690041959285736}"
val,"{'mae': 0.5003083944320679, 'rmse': 0.5006583333015442}","{'mae': 0.20665836334228516, 'rmse': 0.26697838306427}"
train,"{'mae': 0.4999048113822937, 'rmse': 0.5002514719963074}","{'mae': 0.20808447897434235, 'rmse': 0.2694789171218872}"
val,"{'mae': 0.49990561604499817, 'rmse': 0.5002559423446655}","{'mae': 0.20701836049556732, 'rmse': 0.26746341586112976}"
train,"{'mae': 0.49950069189071655, 'rmse': 0.4998476803302765}","{'mae': 0.20843514800071716, 'rmse': 0.2699548900127411}"
val,"{'mae': 0.4995028078556061, 'rmse': 0.4998534917831421}","{'mae': 0.20737677812576294, 'rmse': 0.2679463326931}"
train,"{'mae': 0.4990963041782379, 'rmse': 0.4994439482688904}","{'mae': 0.2087891697883606, 'rmse': 0.2704360783100128}"
val,"{'mae': 0.4990999400615692, 'rmse': 0.4994509816169739}","{'mae': 0.20773595571517944, 'rmse': 0.2684302031993866}"
train,"{'mae': 0.49869221448898315, 'rmse': 0.4990401566028595}","{'mae': 0.2091408520936966, 'rmse': 0.27091336250305176}"
val,"{'mae': 0.4986969232559204, 'rmse': 0.4990483820438385}","{'mae': 0.20809675753116608, 'rmse': 0.2689163386821747}"
train,"{'mae': 0.4982876777648926, 'rmse': 0.498635858297348}","{'mae': 0.20949503779411316, 'rmse': 0.27139827609062195}"
val,"{'mae': 0.498293936252594, 'rmse': 0.4986457824707031}","{'mae': 0.2084553986787796, 'rmse': 0.2693997025489807}"
train,"{'mae': 0.49788329005241394, 'rmse': 0.4982320964336395}","{'mae': 0.2098482996225357, 'rmse': 0.27187639474868774}"
val,"{'mae': 0.49789077043533325, 'rmse': 0.49824294447898865}","{'mae': 0.20881620049476624, 'rmse': 0.26988649368286133}"
train,"{'mae': 0.4974789023399353, 'rmse': 0.49782803654670715}","{'mae': 0.21020293235778809, 'rmse': 0.2723598778247833}"
val,"{'mae': 0.4974876344203949, 'rmse': 0.4978402256965637}","{'mae': 0.20917680859565735, 'rmse': 0.2703726291656494}"
train,"{'mae': 0.49707427620887756, 'rmse': 0.49742376804351807}","{'mae': 0.21055707335472107, 'rmse': 0.2728409469127655}"
val,"{'mae': 0.49708443880081177, 'rmse': 0.49743738770484924}","{'mae': 0.20953771471977234, 'rmse': 0.2708593010902405}"
train,"{'mae': 0.4967760145664215, 'rmse': 0.49712586402893066}","{'mae': 0.21082565188407898, 'rmse': 0.27320539951324463}"
val,"{'mae': 0.49689382314682007, 'rmse': 0.49724701046943665}","{'mae': 0.20972666144371033, 'rmse': 0.27111661434173584}"
train,"{'mae': 0.4965847432613373, 'rmse': 0.496934711933136}","{'mae': 0.21100996434688568, 'rmse': 0.273459255695343}"
val,"{'mae': 0.49670323729515076, 'rmse': 0.49705660343170166}","{'mae': 0.20991559326648712, 'rmse': 0.27137380838394165}"
train,"{'mae': 0.49639347195625305, 'rmse': 0.49674364924430847}","{'mae': 0.2111956626176834, 'rmse': 0.27371448278427124}"
val,"{'mae': 0.49651259183883667, 'rmse': 0.4968661069869995}","{'mae': 0.21010498702526093, 'rmse': 0.27163171768188477}"
train,"{'mae': 0.496202290058136, 'rmse': 0.49655264616012573}","{'mae': 0.21138080954551697, 'rmse': 0.27396872639656067}"
val,"{'mae': 0.49632197618484497, 'rmse': 0.4966756999492645}","{'mae': 0.21029449999332428, 'rmse': 0.271889865398407}"
train,"{'mae': 0.496010959148407, 'rmse': 0.49636152386665344}","{'mae': 0.21156665682792664, 'rmse': 0.2742251455783844}"
val,"{'mae': 0.49613136053085327, 'rmse': 0.49648523330688477}","{'mae': 0.21048389375209808, 'rmse': 0.2721477448940277}"
train,"{'mae': 0.495819628238678, 'rmse': 0.49617040157318115}","{'mae': 0.21175239980220795, 'rmse': 0.27448025345802307}"
val,"{'mae': 0.4959407150745392, 'rmse': 0.4962947964668274}","{'mae': 0.210673525929451, 'rmse': 0.2724056839942932}"
train,"{'mae': 0.49562838673591614, 'rmse': 0.49597933888435364}","{'mae': 0.21193762123584747, 'rmse': 0.27473515272140503}"
val,"{'mae': 0.4957500100135803, 'rmse': 0.49610427021980286}","{'mae': 0.2108636349439621, 'rmse': 0.2726643681526184}"
train,"{'mae': 0.49543699622154236, 'rmse': 0.4957881569862366}","{'mae': 0.2121228277683258, 'rmse': 0.27498966455459595}"
val,"{'mae': 0.49555936455726624, 'rmse': 0.4959137737751007}","{'mae': 0.21105295419692993, 'rmse': 0.2729220688343048}"
train,"{'mae': 0.49524563550949097, 'rmse': 0.4955969452857971}","{'mae': 0.21230804920196533, 'rmse': 0.27524334192276}"
val,"{'mae': 0.495368629693985, 'rmse': 0.49572327733039856}","{'mae': 0.2112424671649933, 'rmse': 0.2731800079345703}"
train,"{'mae': 0.4950543940067291, 'rmse': 0.49540600180625916}","{'mae': 0.21249350905418396, 'rmse': 0.27549830079078674}"
val,"{'mae': 0.4951779544353485, 'rmse': 0.495532751083374}","{'mae': 0.21143287420272827, 'rmse': 0.2734391987323761}"
train,"{'mae': 0.4948629140853882, 'rmse': 0.4952147305011749}","{'mae': 0.2126801460981369, 'rmse': 0.27575597167015076}"
val,"{'mae': 0.49498724937438965, 'rmse': 0.4953422546386719}","{'mae': 0.21162264049053192, 'rmse': 0.27369749546051025}"
train,"{'mae': 0.4946715533733368, 'rmse': 0.49502354860305786}","{'mae': 0.2128656804561615, 'rmse': 0.2760089933872223}"
val,"{'mae': 0.4947964549064636, 'rmse': 0.4951516389846802}","{'mae': 0.2118128538131714, 'rmse': 0.27395638823509216}"
train,"{'mae': 0.49448010325431824, 'rmse': 0.49483227729797363}","{'mae': 0.21305188536643982, 'rmse': 0.2762663662433624}"
val,"{'mae': 0.49460554122924805, 'rmse': 0.4949609041213989}","{'mae': 0.21200360357761383, 'rmse': 0.2742161154747009}"
train,"{'mae': 0.49428847432136536, 'rmse': 0.4946407973766327}","{'mae': 0.21323838829994202, 'rmse': 0.2765229046344757}"
val,"{'mae': 0.49441468715667725, 'rmse': 0.49477022886276245}","{'mae': 0.21219366788864136, 'rmse': 0.2744748890399933}"
train,"{'mae': 0.4940970838069916, 'rmse': 0.49444955587387085}","{'mae': 0.21342498064041138, 'rmse': 0.2767793536186218}"
val,"{'mae': 0.49422377347946167, 'rmse': 0.4945795238018036}","{'mae': 0.21238461136817932, 'rmse': 0.27473506331443787}"
train,"{'mae': 0.4939054846763611, 'rmse': 0.494258314371109}","{'mae': 0.21361218392848969, 'rmse': 0.27703750133514404}"
val,"{'mae': 0.49403291940689087, 'rmse': 0.4943888187408447}","{'mae': 0.21257494390010834, 'rmse': 0.27499449253082275}"
train,"{'mae': 0.4937138259410858, 'rmse': 0.49406686425209045}","{'mae': 0.21379774808883667, 'rmse': 0.2772925794124603}"
val,"{'mae': 0.4938419461250305, 'rmse': 0.4941980242729187}","{'mae': 0.21276532113552094, 'rmse': 0.27525410056114197}"
train,"{'mae': 0.4935222566127777, 'rmse': 0.4938754737377167}","{'mae': 0.213984876871109, 'rmse': 0.27755001187324524}"
val,"{'mae': 0.4936509132385254, 'rmse': 0.4940072000026703}","{'mae': 0.21295641362667084, 'rmse': 0.2755146026611328}"
train,"{'mae': 0.49333059787750244, 'rmse': 0.49368393421173096}","{'mae': 0.21417146921157837, 'rmse': 0.2778061330318451}"
val,"{'mae': 0.49345988035202026, 'rmse': 0.49381640553474426}","{'mae': 0.21314720809459686, 'rmse': 0.2757747769355774}"
train,"{'mae': 0.49313896894454956, 'rmse': 0.4934924840927124}","{'mae': 0.2143584042787552, 'rmse': 0.2780643105506897}"
val,"{'mae': 0.4932688772678375, 'rmse': 0.49362558126449585}","{'mae': 0.21333841979503632, 'rmse': 0.27603548765182495}"
train,"{'mae': 1.7341680526733398, 'rmse': 1.7342685461044312}","{'mae': 0.21450814604759216, 'rmse': 0.2782360315322876}"
val,"{'mae': 1.734376072883606, 'rmse': 1.7344776391983032}","{'mae': 0.21340404450893402, 'rmse': 0.2761036455631256}"
train,"{'mae': 1.7341336011886597, 'rmse': 1.73423433303833}","{'mae': 0.21453620493412018, 'rmse': 0.2782743275165558}"
val,"{'mae': 1.7343474626541138, 'rmse': 1.734448790550232}","{'mae': 0.21342796087265015, 'rmse': 0.27613595128059387}"
train,"{'mae': 1.734104037284851, 'rmse': 1.7342045307159424}","{'mae': 0.21456047892570496, 'rmse': 0.2783072888851166}"
val,"{'mae': 1.734310269355774, 'rmse': 1.7344117164611816}","{'mae': 0.21345961093902588, 'rmse': 0.2761787176132202}"
train,"{'mae': 1.7340469360351562, 'rmse': 1.734147548675537}","{'mae': 0.21460865437984467, 'rmse': 0.27837270498275757}"
val,"{'mae': 1.7342400550842285, 'rmse': 1.7343413829803467}","{'mae': 0.21352113783359528, 'rmse': 0.27626219391822815}"
train,"{'mae': 1.733976125717163, 'rmse': 1.734076738357544}","{'mae': 0.21466977894306183, 'rmse': 0.2784567177295685}"
val,"{'mae': 1.7341691255569458, 'rmse': 1.734270691871643}","{'mae': 0.2135840356349945, 'rmse': 0.27634769678115845}"
train,"{'mae': 1.7339050769805908, 'rmse': 1.7340055704116821}","{'mae': 0.21473157405853271, 'rmse': 0.2785414159297943}"
val,"{'mae': 1.7340980768203735, 'rmse': 1.7341995239257812}","{'mae': 0.21364763379096985, 'rmse': 0.2764343023300171}"
train,"{'mae': 1.7338333129882812, 'rmse': 1.733933925628662}","{'mae': 0.21479420363903046, 'rmse': 0.2786271870136261}"
val,"{'mae': 1.7340261936187744, 'rmse': 1.7341276407241821}","{'mae': 0.21371173858642578, 'rmse': 0.27652159333229065}"
train,"{'mae': 1.7337613105773926, 'rmse': 1.7338619232177734}","{'mae': 0.21485687792301178, 'rmse': 0.2787129878997803}"
val,"{'mae': 1.7339543104171753, 'rmse': 1.7340558767318726}","{'mae': 0.213776096701622, 'rmse': 0.2766091525554657}"
train,"{'mae': 1.7336890697479248, 'rmse': 1.7337896823883057}","{'mae': 0.2149200737476349, 'rmse': 0.2787996828556061}"
val,"{'mae': 1.7338823080062866, 'rmse': 1.7339837551116943}","{'mae': 0.21384043991565704, 'rmse': 0.2766968607902527}"
train,"{'mae': 1.733616828918457, 'rmse': 1.7337173223495483}","{'mae': 0.2149830311536789, 'rmse': 0.2788861095905304}"
val,"{'mae': 1.7338101863861084, 'rmse': 1.7339117527008057}","{'mae': 0.21390500664710999, 'rmse': 0.276784747838974}"
train,"{'mae': 1.7335443496704102, 'rmse': 1.7336450815200806}","{'mae': 0.21504642069339752, 'rmse': 0.27897289395332336}"
val,"{'mae': 1.733737826347351, 'rmse': 1.733839511871338}","{'mae': 0.21396949887275696, 'rmse': 0.2768726944923401}"
train,"{'mae': 1.7334719896316528, 'rmse': 1.7335727214813232}","{'mae': 0.215109720826149, 'rmse': 0.2790597975254059}"
val,"{'mae': 1.7336658239364624, 'rmse': 1.7337672710418701}","{'mae': 0.21403411030769348, 'rmse': 0.27696067094802856}"
train,"{'mae': 1.7333996295928955, 'rmse': 1.7335002422332764}","{'mae': 0.21517297625541687, 'rmse': 0.279146671295166}"
val,"{'mae': 1.733593463897705, 'rmse': 1.7336950302124023}","{'mae': 0.21409884095191956, 'rmse': 0.27704882621765137}"
train,"{'mae': 1.733325481414795, 'rmse': 1.7334260940551758}","{'mae': 0.21523688733577728, 'rmse': 0.27923423051834106}"
val,"{'mae': 1.7335177659988403, 'rmse': 1.7336193323135376}","{'mae': 0.21416471898555756, 'rmse': 0.2771385610103607}"
train,"{'mae': 1.7332491874694824, 'rmse': 1.7333499193191528}","{'mae': 0.21530193090438843, 'rmse': 0.27932360768318176}"
val,"{'mae': 1.7334414720535278, 'rmse': 1.7335431575775146}","{'mae': 0.21423140168190002, 'rmse': 0.2772292196750641}"
train,"{'mae': 1.7331726551055908, 'rmse': 1.7332733869552612}","{'mae': 0.21536698937416077, 'rmse': 0.2794124484062195}"
val,"{'mae': 1.7333651781082153, 'rmse': 1.7334667444229126}","{'mae': 0.21429798007011414, 'rmse': 0.2773198187351227}"
train,"{'mae': 1.7330960035324097, 'rmse': 1.73319673538208}","{'mae': 0.2154325395822525, 'rmse': 0.27950239181518555}"
val,"{'mae': 1.7332887649536133, 'rmse': 1.7333904504776}","{'mae': 0.21436507999897003, 'rmse': 0.27741119265556335}"
train,"{'mae': 1.7330193519592285, 'rmse': 1.733120083808899}","{'mae': 0.21549837291240692, 'rmse': 0.2795925438404083}"
val,"{'mae': 1.7332123517990112, 'rmse': 1.733314037322998}","{'mae': 0.21443219482898712, 'rmse': 0.27750256657600403}"
train,"{'mae': 1.7329427003860474, 'rmse': 1.7330435514450073}","{'mae': 0.2155640572309494, 'rmse': 0.27968260645866394}"
val,"{'mae': 1.7331359386444092, 'rmse': 1.733237624168396}","{'mae': 0.21449913084506989, 'rmse': 0.27759361267089844}"
train,"{'mae': 1.7328661680221558, 'rmse': 1.7329668998718262}","{'mae': 0.21562956273555756, 'rmse': 0.27977216243743896}"
val,"{'mae': 1.7330594062805176, 'rmse': 1.7331610918045044}","{'mae': 0.21456627547740936, 'rmse': 0.2776850461959839}"
train,"{'mae': 1.732816219329834, 'rmse': 1.732917070388794}","{'mae': 0.21567222476005554, 'rmse': 0.2798309028148651}"
val,"{'mae': 1.733036756515503, 'rmse': 1.7331383228302002}","{'mae': 0.21458595991134644, 'rmse': 0.2777116894721985}"
train,"{'mae': 1.7327934503555298, 'rmse': 1.7328941822052002}","{'mae': 0.21569150686264038, 'rmse': 0.27985715866088867}"
val,"{'mae': 1.7330138683319092, 'rmse': 1.733115553855896}","{'mae': 0.21460561454296112, 'rmse': 0.2777383625507355}"
train,"{'mae': 1.732770562171936, 'rmse': 1.7328712940216064}","{'mae': 0.21571074426174164, 'rmse': 0.27988338470458984}"
val,"{'mae': 1.7329912185668945, 'rmse': 1.7330927848815918}","{'mae': 0.21462532877922058, 'rmse': 0.27776506543159485}"
train,"{'mae': 1.7327476739883423, 'rmse': 1.7328484058380127}","{'mae': 0.21573002636432648, 'rmse': 0.2799096703529358}"
val,"{'mae': 1.7329683303833008, 'rmse': 1.733069896697998}","{'mae': 0.21464493870735168, 'rmse': 0.27779170870780945}"
train,"{'mae': 1.7327247858047485, 'rmse': 1.7328256368637085}","{'mae': 0.21574929356575012, 'rmse': 0.2799360454082489}"
val,"{'mae': 1.7329456806182861, 'rmse': 1.7330471277236938}","{'mae': 0.21466468274593353, 'rmse': 0.2778184711933136}"
train,"{'mae': 1.7327020168304443, 'rmse': 1.7328028678894043}","{'mae': 0.21576857566833496, 'rmse': 0.2799622714519501}"
val,"{'mae': 1.7329226732254028, 'rmse': 1.7330243587493896}","{'mae': 0.21468432247638702, 'rmse': 0.2778450846672058}"
train,"{'mae': 1.732679009437561, 'rmse': 1.7327799797058105}","{'mae': 0.21578791737556458, 'rmse': 0.2799887955188751}"
val,"{'mae': 1.7329000234603882, 'rmse': 1.7330015897750854}","{'mae': 0.2147039771080017, 'rmse': 0.2778717577457428}"
train,"{'mae': 1.7326563596725464, 'rmse': 1.7327569723129272}","{'mae': 0.21580713987350464, 'rmse': 0.2800150215625763}"
val,"{'mae': 1.732877254486084, 'rmse': 1.7329788208007812}","{'mae': 0.21472366154193878, 'rmse': 0.2778984606266022}"
train,"{'mae': 1.732633352279663, 'rmse': 1.732734203338623}","{'mae': 0.21582657098770142, 'rmse': 0.28004148602485657}"
val,"{'mae': 1.7328544855117798, 'rmse': 1.732956051826477}","{'mae': 0.21474339067935944, 'rmse': 0.27792516350746155}"
train,"{'mae': 1.7326105833053589, 'rmse': 1.7327114343643188}","{'mae': 0.21584580838680267, 'rmse': 0.2800677716732025}"
val,"{'mae': 1.732831597328186, 'rmse': 1.7329331636428833}","{'mae': 0.2147630751132965, 'rmse': 0.2779518961906433}"
train,"{'mae': 1.7325876951217651, 'rmse': 1.732688546180725}","{'mae': 0.2158650904893875, 'rmse': 0.2800940275192261}"
val,"{'mae': 1.7328088283538818, 'rmse': 1.732910394668579}","{'mae': 0.21478275954723358, 'rmse': 0.2779785692691803}"
train,"{'mae': 1.732564926147461, 'rmse': 1.7326656579971313}","{'mae': 0.21588431298732758, 'rmse': 0.2801203429698944}"
val,"{'mae': 1.7327860593795776, 'rmse': 1.7328877449035645}","{'mae': 0.21480242908000946, 'rmse': 0.2780052721500397}"
train,"{'mae': 1.7325420379638672, 'rmse': 1.7326427698135376}","{'mae': 0.21590372920036316, 'rmse': 0.28014686703681946}"
val,"{'mae': 1.7327632904052734, 'rmse': 1.7328649759292603}","{'mae': 0.2148221731185913, 'rmse': 0.27803200483322144}"
train,"{'mae': 1.7325191497802734, 'rmse': 1.7326200008392334}","{'mae': 0.2159229964017868, 'rmse': 0.2801732122898102}"
val,"{'mae': 1.7327404022216797, 'rmse': 1.7328420877456665}","{'mae': 0.2148418426513672, 'rmse': 0.2780587077140808}"
train,"{'mae': 1.7324962615966797, 'rmse': 1.7325971126556396}","{'mae': 0.21594230830669403, 'rmse': 0.2801995873451233}"
val,"{'mae': 1.7327176332473755, 'rmse': 1.7328193187713623}","{'mae': 0.21486152708530426, 'rmse': 0.2780854403972626}"
train,"{'mae': 1.7324734926223755, 'rmse': 1.7325743436813354}","{'mae': 0.21596162021160126, 'rmse': 0.280225932598114}"
val,"{'mae': 1.7326948642730713, 'rmse': 1.732796549797058}","{'mae': 0.21488124132156372, 'rmse': 0.27811214327812195}"
train,"{'mae': 1.7324504852294922, 'rmse': 1.7325514554977417}","{'mae': 0.2159808725118637, 'rmse': 0.2802521586418152}"
val,"{'mae': 1.732672095298767, 'rmse': 1.732773780822754}","{'mae': 0.214900940656662, 'rmse': 0.2781389057636261}"
train,"{'mae': 1.7324278354644775, 'rmse': 1.732528567314148}","{'mae': 0.21600012481212616, 'rmse': 0.2802785634994507}"
val,"{'mae': 1.732649326324463, 'rmse': 1.7327510118484497}","{'mae': 0.21492066979408264, 'rmse': 0.2781656086444855}"
train,"{'mae': 1.7324048280715942, 'rmse': 1.7325057983398438}","{'mae': 0.2160194367170334, 'rmse': 0.280304878950119}"
val,"{'mae': 1.7326264381408691, 'rmse': 1.732728123664856}","{'mae': 0.21494030952453613, 'rmse': 0.27819228172302246}"
train,"{'mae': 1.73238205909729, 'rmse': 1.73248291015625}","{'mae': 0.21603873372077942, 'rmse': 0.2803313136100769}"
val,"{'mae': 1.732603669166565, 'rmse': 1.7327054738998413}","{'mae': 0.2149600386619568, 'rmse': 0.2782190442085266}"
train,"{'mae': 1.7323675155639648, 'rmse': 1.7324684858322144}","{'mae': 0.21605047583580017, 'rmse': 0.28034722805023193}"
val,"{'mae': 1.7325977087020874, 'rmse': 1.7326993942260742}","{'mae': 0.21496424078941345, 'rmse': 0.2782246172428131}"
train,"{'mae': 1.7323616743087769, 'rmse': 1.7324624061584473}","{'mae': 0.21605458855628967, 'rmse': 0.28035274147987366}"
val,"{'mae': 1.7325917482376099, 'rmse': 1.7326934337615967}","{'mae': 0.21496839821338654, 'rmse': 0.2782301902770996}"
train,"{'mae': 1.7323555946350098, 'rmse': 1.7324563264846802}","{'mae': 0.21605870127677917, 'rmse': 0.2803581953048706}"
val,"{'mae': 1.7325856685638428, 'rmse': 1.7326873540878296}","{'mae': 0.214972585439682, 'rmse': 0.2782357633113861}"
train,"{'mae': 1.7323495149612427, 'rmse': 1.7324504852294922}","{'mae': 0.21606279909610748, 'rmse': 0.28036367893218994}"
val,"{'mae': 1.7325797080993652, 'rmse': 1.732681393623352}","{'mae': 0.21497675776481628, 'rmse': 0.2782413065433502}"
train,"{'mae': 1.7323435544967651, 'rmse': 1.732444405555725}","{'mae': 0.21606692671775818, 'rmse': 0.28036922216415405}"
val,"{'mae': 1.7325737476348877, 'rmse': 1.732675313949585}","{'mae': 0.21498094499111176, 'rmse': 0.2782469093799591}"
train,"{'mae': 1.732337474822998, 'rmse': 1.732438325881958}","{'mae': 0.21607103943824768, 'rmse': 0.280374675989151}"
val,"{'mae': 1.7325676679611206, 'rmse': 1.7326693534851074}","{'mae': 0.21498513221740723, 'rmse': 0.2782524824142456}"
train,"{'mae': 1.7323315143585205, 'rmse': 1.7324323654174805}","{'mae': 0.2160751223564148, 'rmse': 0.28038012981414795}"
val,"{'mae': 1.7325615882873535, 'rmse': 1.7326633930206299}","{'mae': 0.2149893343448639, 'rmse': 0.2782580852508545}"
train,"{'mae': 1.732325553894043, 'rmse': 1.7324262857437134}","{'mae': 0.21607927978038788, 'rmse': 0.28038570284843445}"
val,"{'mae': 1.7325557470321655, 'rmse': 1.7326573133468628}","{'mae': 0.21499352157115936, 'rmse': 0.2782636284828186}"
train,"{'mae': 1.7323194742202759, 'rmse': 1.7324202060699463}","{'mae': 0.2160833775997162, 'rmse': 0.28039121627807617}"
val,"{'mae': 1.7325496673583984, 'rmse': 1.7326514720916748}","{'mae': 0.21499769389629364, 'rmse': 0.2782692313194275}"
train,"{'mae': 1.7323133945465088, 'rmse': 1.7324141263961792}","{'mae': 0.2160874903202057, 'rmse': 0.2803966999053955}"
val,"{'mae': 1.732543706893921, 'rmse': 1.7326453924179077}","{'mae': 0.2150019109249115, 'rmse': 0.278274804353714}"
train,"{'mae': 1.7323074340820312, 'rmse': 1.7324082851409912}","{'mae': 0.21609161794185638, 'rmse': 0.28040221333503723}"
val,"{'mae': 1.7325376272201538, 'rmse': 1.7326393127441406}","{'mae': 0.21500608325004578, 'rmse': 0.2782804071903229}"
train,"{'mae': 1.7323013544082642, 'rmse': 1.7324022054672241}","{'mae': 0.2160957008600235, 'rmse': 0.2804076671600342}"
val,"{'mae': 1.7325316667556763, 'rmse': 1.732633352279663}","{'mae': 0.21501027047634125, 'rmse': 0.2782859802246094}"
train,"{'mae': 1.7322955131530762, 'rmse': 1.732396125793457}","{'mae': 0.216099813580513, 'rmse': 0.2804131805896759}"
val,"{'mae': 1.7325257062911987, 'rmse': 1.7326273918151855}","{'mae': 0.2150145024061203, 'rmse': 0.2782915532588959}"
train,"{'mae': 1.732289433479309, 'rmse': 1.7323901653289795}","{'mae': 0.21610397100448608, 'rmse': 0.28041866421699524}"
val,"{'mae': 1.7325196266174316, 'rmse': 1.7326213121414185}","{'mae': 0.21501867473125458, 'rmse': 0.27829715609550476}"
train,"{'mae': 1.7322832345962524, 'rmse': 1.732384204864502}","{'mae': 0.2161080688238144, 'rmse': 0.28042420744895935}"
val,"{'mae': 1.732513666152954, 'rmse': 1.732615351676941}","{'mae': 0.21502286195755005, 'rmse': 0.27830272912979126}"
train,"{'mae': 1.732277274131775, 'rmse': 1.7323781251907349}","{'mae': 0.2161121815443039, 'rmse': 0.2804296612739563}"
val,"{'mae': 1.7325077056884766, 'rmse': 1.7326093912124634}","{'mae': 0.21502704918384552, 'rmse': 0.27830830216407776}"
train,"{'mae': 1.7322713136672974, 'rmse': 1.7323721647262573}","{'mae': 0.2161162942647934, 'rmse': 0.280435174703598}"
val,"{'mae': 1.7325016260147095, 'rmse': 1.7326033115386963}","{'mae': 0.21503125131130219, 'rmse': 0.27831387519836426}"
train,"{'mae': 1.7322652339935303, 'rmse': 1.7323660850524902}","{'mae': 0.2161203920841217, 'rmse': 0.28044065833091736}"
val,"{'mae': 1.732495665550232, 'rmse': 1.7325973510742188}","{'mae': 0.21503540873527527, 'rmse': 0.27831947803497314}"
train,"{'mae': 1.7322592735290527, 'rmse': 1.7323601245880127}","{'mae': 0.2161245495080948, 'rmse': 0.2804461717605591}"
val,"{'mae': 1.7324895858764648, 'rmse': 1.7325913906097412}","{'mae': 0.21503961086273193, 'rmse': 0.27832505106925964}"
train,"{'mae': 1.7322533130645752, 'rmse': 1.7323540449142456}","{'mae': 0.2161286622285843, 'rmse': 0.2804516851902008}"
val,"{'mae': 1.7324837446212769, 'rmse': 1.7325853109359741}","{'mae': 0.2150437980890274, 'rmse': 0.27833062410354614}"
train,"{'mae': 1.7322497367858887, 'rmse': 1.732350468635559}","{'mae': 0.21613125503063202, 'rmse': 0.28045520186424255}"
val,"{'mae': 1.7324825525283813, 'rmse': 1.7325841188430786}","{'mae': 0.21504497528076172, 'rmse': 0.2783321738243103}"
train,"{'mae': 1.7322484254837036, 'rmse': 1.732349157333374}","{'mae': 0.21613243222236633, 'rmse': 0.2804567515850067}"
val,"{'mae': 1.7324812412261963, 'rmse': 1.732582926750183}","{'mae': 0.21504612267017365, 'rmse': 0.27833375334739685}"
train,"{'mae': 1.732247233390808, 'rmse': 1.732348084449768}","{'mae': 0.21613356471061707, 'rmse': 0.28045833110809326}"
val,"{'mae': 1.7324800491333008, 'rmse': 1.7325817346572876}","{'mae': 0.21504732966423035, 'rmse': 0.2783353626728058}"
train,"{'mae': 1.732245922088623, 'rmse': 1.732346773147583}","{'mae': 0.216134712100029, 'rmse': 0.2804598808288574}"
val,"{'mae': 1.7324788570404053, 'rmse': 1.7325806617736816}","{'mae': 0.21504850685596466, 'rmse': 0.27833694219589233}"
train,"{'mae': 1.732244849205017, 'rmse': 1.732345700263977}","{'mae': 0.2161358743906021, 'rmse': 0.28046146035194397}"
val,"{'mae': 1.7324776649475098, 'rmse': 1.7325794696807861}","{'mae': 0.21504968404769897, 'rmse': 0.2783385217189789}"
train,"{'mae': 1.7322437763214111, 'rmse': 1.7323445081710815}","{'mae': 0.21613702178001404, 'rmse': 0.28046298027038574}"
val,"{'mae': 1.7324764728546143, 'rmse': 1.732578158378601}","{'mae': 0.2150508314371109, 'rmse': 0.27834007143974304}"
train,"{'mae': 1.732242465019226, 'rmse': 1.732343316078186}","{'mae': 0.21613816916942596, 'rmse': 0.2804645597934723}"
val,"{'mae': 1.7324753999710083, 'rmse': 1.7325770854949951}","{'mae': 0.21505197882652283, 'rmse': 0.278341680765152}"
train,"{'mae': 1.7322412729263306, 'rmse': 1.73234224319458}","{'mae': 0.21613933145999908, 'rmse': 0.28046610951423645}"
val,"{'mae': 1.7324742078781128, 'rmse': 1.73257577419281}","{'mae': 0.21505318582057953, 'rmse': 0.27834323048591614}"
train,"{'mae': 1.732240080833435, 'rmse': 1.732340931892395}","{'mae': 0.216140478849411, 'rmse': 0.2804676592350006}"
val,"{'mae': 1.7324730157852173, 'rmse': 1.732574701309204}","{'mae': 0.21505433320999146, 'rmse': 0.2783448100090027}"
train,"{'mae': 1.732239007949829, 'rmse': 1.7323397397994995}","{'mae': 0.21614162623882294, 'rmse': 0.28046920895576477}"
val,"{'mae': 1.7324717044830322, 'rmse': 1.7325735092163086}","{'mae': 0.21505554020404816, 'rmse': 0.27834638953208923}"
train,"{'mae': 1.732237696647644, 'rmse': 1.7323386669158936}","{'mae': 0.21614277362823486, 'rmse': 0.28047075867652893}"
val,"{'mae': 1.7324705123901367, 'rmse': 1.732572317123413}","{'mae': 0.21505671739578247, 'rmse': 0.27834799885749817}"
train,"{'mae': 1.7322365045547485, 'rmse': 1.7323373556137085}","{'mae': 0.21614393591880798, 'rmse': 0.28047236800193787}"
val,"{'mae': 1.7324694395065308, 'rmse': 1.7325712442398071}","{'mae': 0.21505789458751678, 'rmse': 0.27834954857826233}"
train,"{'mae': 1.7322354316711426, 'rmse': 1.732336163520813}","{'mae': 0.2161450833082199, 'rmse': 0.28047388792037964}"
val,"{'mae': 1.7324682474136353, 'rmse': 1.732569932937622}","{'mae': 0.2150590419769287, 'rmse': 0.2783511281013489}"
train,"{'mae': 1.732234239578247, 'rmse': 1.7323349714279175}","{'mae': 0.21614623069763184, 'rmse': 0.2804754376411438}"
val,"{'mae': 1.7324671745300293, 'rmse': 1.7325687408447266}","{'mae': 0.2150602489709854, 'rmse': 0.2783527076244354}"
train,"{'mae': 1.7322330474853516, 'rmse': 1.7323338985443115}","{'mae': 0.21614739298820496, 'rmse': 0.28047698736190796}"
val,"{'mae': 1.7324658632278442, 'rmse': 1.732567548751831}","{'mae': 0.21506139636039734, 'rmse': 0.2783542573451996}"
train,"{'mae': 1.7322317361831665, 'rmse': 1.7323325872421265}","{'mae': 0.21614854037761688, 'rmse': 0.2804785668849945}"
val,"{'mae': 1.7324646711349487, 'rmse': 1.7325663566589355}","{'mae': 0.21506264805793762, 'rmse': 0.2783558964729309}"
train,"{'mae': 1.732230544090271, 'rmse': 1.7323315143585205}","{'mae': 0.21614964306354523, 'rmse': 0.2804800868034363}"
val,"{'mae': 1.7324634790420532, 'rmse': 1.73256516456604}","{'mae': 0.21506381034851074, 'rmse': 0.27835747599601746}"
train,"{'mae': 1.7322293519973755, 'rmse': 1.7323302030563354}","{'mae': 0.21615079045295715, 'rmse': 0.2804816663265228}"
val,"{'mae': 1.7324622869491577, 'rmse': 1.7325639724731445}","{'mae': 0.21506498754024506, 'rmse': 0.278359055519104}"
train,"{'mae': 1.7322282791137695, 'rmse': 1.73232901096344}","{'mae': 0.21615193784236908, 'rmse': 0.280483216047287}"
val,"{'mae': 1.7324610948562622, 'rmse': 1.7325628995895386}","{'mae': 0.21506614983081818, 'rmse': 0.27836063504219055}"
train,"{'mae': 1.7322269678115845, 'rmse': 1.7323278188705444}","{'mae': 0.2161531150341034, 'rmse': 0.28048479557037354}"
val,"{'mae': 1.7324599027633667, 'rmse': 1.7325615882873535}","{'mae': 0.2150673270225525, 'rmse': 0.2783622145652771}"
train,"{'mae': 1.7322262525558472, 'rmse': 1.7323271036148071}","{'mae': 0.2161538153886795, 'rmse': 0.28048574924468994}"
val,"{'mae': 1.7324596643447876, 'rmse': 1.7325613498687744}","{'mae': 0.21506761014461517, 'rmse': 0.27836260199546814}"
train,"{'mae': 1.7322261333465576, 'rmse': 1.732326865196228}","{'mae': 0.2161540985107422, 'rmse': 0.280486136674881}"
val,"{'mae': 1.7324594259262085, 'rmse': 1.7325609922409058}","{'mae': 0.21506790816783905, 'rmse': 0.2783629894256592}"
train,"{'mae': 1.732225775718689, 'rmse': 1.732326626777649}","{'mae': 0.21615439653396606, 'rmse': 0.28048649430274963}"
val,"{'mae': 1.7324590682983398, 'rmse': 1.7325607538223267}","{'mae': 0.21506819128990173, 'rmse': 0.27836334705352783}"
train,"{'mae': 1.7322255373001099, 'rmse': 1.7323263883590698}","{'mae': 0.21615467965602875, 'rmse': 0.2804868817329407}"
val,"{'mae': 1.7324588298797607, 'rmse': 1.732560634613037}","{'mae': 0.21506845951080322, 'rmse': 0.27836373448371887}"
train,"{'mae': 1.7322251796722412, 'rmse': 1.7323260307312012}","{'mae': 0.21615494787693024, 'rmse': 0.2804872393608093}"
val,"{'mae': 1.7324585914611816, 'rmse': 1.7325602769851685}","{'mae': 0.2150687426328659, 'rmse': 0.2783641219139099}"
train,"{'mae': 1.732224941253662, 'rmse': 1.732325792312622}","{'mae': 0.21615523099899292, 'rmse': 0.28048765659332275}"
val,"{'mae': 1.7324583530426025, 'rmse': 1.7325599193572998}","{'mae': 0.21506904065608978, 'rmse': 0.27836450934410095}"
train,"{'mae': 1.732224702835083, 'rmse': 1.7323254346847534}","{'mae': 0.2161554992198944, 'rmse': 0.2804880142211914}"
val,"{'mae': 1.7324581146240234, 'rmse': 1.7325598001480103}","{'mae': 0.21506930887699127, 'rmse': 0.278364896774292}"
train,"{'mae': 1.732224464416504, 'rmse': 1.7323251962661743}","{'mae': 0.2161557972431183, 'rmse': 0.28048840165138245}"
val,"{'mae': 1.7324577569961548, 'rmse': 1.7325594425201416}","{'mae': 0.21506960690021515, 'rmse': 0.27836525440216064}"
train,"{'mae': 1.7322242259979248, 'rmse': 1.7323249578475952}","{'mae': 0.21615605056285858, 'rmse': 0.2804887592792511}"
val,"{'mae': 1.7324576377868652, 'rmse': 1.7325592041015625}","{'mae': 0.21506989002227783, 'rmse': 0.2783656716346741}"
train,"{'mae': 1.7322239875793457, 'rmse': 1.7323247194290161}","{'mae': 0.21615634858608246, 'rmse': 0.28048914670944214}"
val,"{'mae': 1.7324572801589966, 'rmse': 1.7325589656829834}","{'mae': 0.21507015824317932, 'rmse': 0.2783660292625427}"
train,"{'mae': 1.7322235107421875, 'rmse': 1.732324481010437}","{'mae': 0.21615660190582275, 'rmse': 0.2804895341396332}"
val,"{'mae': 1.732456922531128, 'rmse': 1.7325586080551147}","{'mae': 0.2150704711675644, 'rmse': 0.27836641669273376}"
train,"{'mae': 1.732223391532898, 'rmse': 1.7323241233825684}","{'mae': 0.21615689992904663, 'rmse': 0.28048989176750183}"
val,"{'mae': 1.7324566841125488, 'rmse': 1.7325583696365356}","{'mae': 0.21507073938846588, 'rmse': 0.2783668041229248}"
train,"{'mae': 1.7322230339050293, 'rmse': 1.7323238849639893}","{'mae': 0.21615718305110931, 'rmse': 0.28049030900001526}"
val,"{'mae': 1.7324563264846802, 'rmse': 1.7325581312179565}","{'mae': 0.21507100760936737, 'rmse': 0.27836719155311584}"
train,"{'mae': 1.7322227954864502, 'rmse': 1.7323235273361206}","{'mae': 0.2161574512720108, 'rmse': 0.2804906666278839}"
val,"{'mae': 1.732456088066101, 'rmse': 1.7325578927993774}","{'mae': 0.21507132053375244, 'rmse': 0.2783675789833069}"
train,"{'mae': 1.7322224378585815, 'rmse': 1.7323232889175415}","{'mae': 0.2161577343940735, 'rmse': 0.28049105405807495}"
val,"{'mae': 1.732455849647522, 'rmse': 1.7325575351715088}","{'mae': 0.21507155895233154, 'rmse': 0.27836793661117554}"
train,"{'mae': 1.732222080230713, 'rmse': 1.7323230504989624}","{'mae': 0.21615800261497498, 'rmse': 0.2804914116859436}"
val,"{'mae': 1.7324556112289429, 'rmse': 1.7325572967529297}","{'mae': 0.2150718718767166, 'rmse': 0.2783683240413666}"
train,"{'mae': 1.7322219610214233, 'rmse': 1.7323226928710938}","{'mae': 0.21615830063819885, 'rmse': 0.28049179911613464}"
val,"{'mae': 1.7324552536010742, 'rmse': 1.7325570583343506}","{'mae': 0.2150721400976181, 'rmse': 0.27836868166923523}"
train,"{'mae': 1.7322216033935547, 'rmse': 1.7323224544525146}","{'mae': 0.21615855395793915, 'rmse': 0.2804921865463257}"
val,"{'mae': 1.7324551343917847, 'rmse': 1.7325568199157715}","{'mae': 0.21507243812084198, 'rmse': 0.27836906909942627}"
train,"{'mae': 1.732221245765686, 'rmse': 1.7323222160339355}","{'mae': 0.21615883708000183, 'rmse': 0.28049254417419434}"
val,"{'mae': 1.7324546575546265, 'rmse': 1.7325565814971924}","{'mae': 0.21507272124290466, 'rmse': 0.2783694565296173}"
train,"{'mae': 1.732221245765686, 'rmse': 1.732321858406067}","{'mae': 0.21615910530090332, 'rmse': 0.2804929316043854}"
val,"{'mae': 1.7324544191360474, 'rmse': 1.7325562238693237}","{'mae': 0.21507301926612854, 'rmse': 0.27836987376213074}"
