step,epoch_est,q0_mean,q0_std,q0_abs_mean,q1_norm_mean,q1_norm_std,q2_norm_mean,q2_norm_std,sr_energy_sum,sr_energy_mean,lr_energy_sum,lr_energy_mean,e_total_sum,e_long_over_e_total,f_long_over_f_total
4005,2.0025,0.11791633871923078,0.4402472858452958,0.43459038780230763,0.002142463534178305,0.0021207346791906846,0.008249419484522798,0.006728915009202856,-2.6800231272327,-0.20615562517174618,2.8265850097,0.21742961613076922,0.14656188246729984,19.285949130263482,
8010,4.005,0.27326783767153845,0.03726719312727469,0.27326783767153845,0.01448905656418836,0.0185837740201404,0.07843233519021206,0.07898936284960371,-1.9032986154878,-0.14640758580675384,1.70110776275,0.13085444328846155,-0.20219085273780002,8.41337646938948,
12015,6.0075,0.12240833774807693,0.1696584476982226,0.12843254652761538,0.06512534512272396,0.08753623792475106,0.17679133320281779,0.2404415853269532,-1.324592494409,-0.10189173033915384,1.729806274181,0.13306202109084617,0.4052137797720001,4.268873272656973,
16020,8.01,0.30496003881124156,0.5384473961940904,0.35908344847824153,0.16271053456197052,0.25441939329934027,0.2319432947475134,0.36282106023207494,-1.2429192997636,-0.09560917690489232,1.470733165741,0.11313332044161539,0.22781386597740005,6.455854473260649,
20025,10.0125,0.20534191853592307,0.16500997964474431,0.20534191853592307,0.22153513266136068,0.33802620991211796,0.28255903503084845,0.4165899596961171,-1.3961335723326,-0.10739489017943077,1.776277542115,0.13663673400884616,0.38014396978240006,4.672644269832209,
24030,12.015,0.2117209652296923,0.41133135137300203,0.2830775941795384,0.23009620906498632,0.3328571716471621,0.2651999774521705,0.3772151094132533,-1.0513094425969,-0.08086995712283847,1.362299524252,0.10479227109630769,0.3109900816550999,4.380524025080784,
28035,14.0175,0.1538822673823077,0.6487151924795865,0.5160814959253847,0.2559127674787209,0.3889633915747546,0.3156304742723327,0.558013689542976,-0.207377266135,-0.015952097395,1.263190286237,0.0971684835566923,1.055813020102,1.1964147649126033,
32040,16.02,0.26348442299,2.0036180045638026,1.6755355504869232,0.31035036619273765,0.46711873949222577,0.38231950559844974,0.6726957892074839,-1.327410816228,-0.10210852432523078,1.43131473288,0.11010113329846154,0.10390391665199994,13.775368426907612,
36045,18.0225,0.5300156519999999,4.2978594223646285,3.6075942699692307,0.3200842842939372,0.49110596685262076,0.37382912225978604,0.6984582587877306,-1.1293478123776,-0.08687290864443077,1.266545072201,0.09742654401546155,0.13719725982340014,9.231562451256627,
40050,20.025,1.0638498526307691,5.429261727832486,4.405688029061539,0.42799586807524787,0.6620729078759702,0.5100250681638945,1.0071069344092973,-1.141090258962,-0.0877761737663077,1.2761116065059999,0.09816243126969229,0.13502134754399986,9.451184051397124,
44055,22.0275,1.1250410263384614,5.694260594802976,4.617200759738462,0.4214870264472252,0.5911391794252951,0.4966862578839822,0.9528884465084484,-1.16148093715,-0.08934468747307692,1.2528267614620001,0.09637128934323078,0.09134582431200022,13.715205603518918,
48060,24.03,1.0018114676769232,5.393616931530285,4.3980106207076926,0.5898476652805457,0.9499550315246004,0.7139676620247979,1.4145066070683214,-1.16785424522306,-0.08983494194023539,1.379397839308,0.10610752610061538,0.21154359408493995,6.520631576081372,
52065,26.0325,0.991673799653846,5.54843032822783,4.539215418023077,0.5750333223719214,0.8398177299306769,0.6400767696054562,1.2714996728899692,-0.974812787037,-0.07498559900284615,1.282649954782,0.09866538113707693,0.30783716774500003,4.166650714005061,
56070,28.035,0.9683534181923078,5.599943022591591,4.593893638023077,0.7180840519288598,1.1210055363028653,0.7502495527151977,1.4343585173955715,-0.7196453624599,-0.055357335573838456,1.192496314653,0.09173048574253848,0.47285095219310014,2.521928546663929,
60075,30.0375,1.020488317176923,5.674126584183337,4.639643137269231,0.8404637373162216,1.3645931128148856,0.9224519701901853,1.887992143881591,-0.38764288927,-0.02981868379,1.284246002328,0.09878815402523076,0.896603113058,1.4323461335616887,
64080,32.04,1.0943892919076923,6.052564010623121,4.946857415723077,0.8814637536541566,1.4162617990204922,0.8995165181886079,1.7674622485156868,-0.6512445136839999,-0.05009573182184615,1.129032866093,0.08684868200715384,0.4777883524090001,2.36303974427262,
68085,34.0425,1.1348843941384616,5.981675592115883,4.868423241830769,0.8613074244956223,1.4228367520381677,0.8798636695460531,1.781673986200324,-0.9962207339660001,-0.07663236415123077,1.305885013199,0.10045269332300001,0.309664279233,4.217099293575337,
72090,36.045,1.3865503165230768,6.679207752333346,5.3902194684,0.923492463350158,1.5019785977269027,0.8758097141493958,1.6977774950370126,-0.6481948178229999,-0.049861139832538454,1.2351784072793999,0.0950137236368769,0.5869835894564,2.104280987520089,
76095,38.0475,1.4028434203384619,6.5640523323202675,5.281852337046154,1.0441383714111612,1.7907773296423397,0.9967684215718463,1.971922606207682,-0.716513440021,-0.05511641846315385,1.414369499314,0.1087976537933846,0.6978560592929999,2.0267352851344476,
80100,40.05,1.2130267986923076,6.392117563148646,5.202362922538461,0.9118221144884955,1.5206866701234898,0.9628232594308762,1.882594298334162,-1.41638672287514,-0.10895282483654922,1.495774425566,0.11505957119738461,0.07938770269086004,18.841386951208623,
84105,42.0525,1.2603421761923077,6.410701970281747,5.2006595868846155,1.2335805583689536,2.1084146002515314,1.1034824332929885,2.1279524467586337,-1.5907211387531999,-0.12236316451947692,1.2968147390044,0.0997549799234154,-0.29390639974879984,4.412339234915539,
88110,44.055,1.3797716910538464,6.72987994658452,5.437783516330769,1.2689113936129577,2.169887082546357,1.1273436758059778,2.1872677266908287,-0.719845697295,-0.055372745945769235,1.501618199053,0.11550909223484615,0.781772501758,1.920786668341822,
92115,46.0575,1.4596610253076923,6.981354877352822,5.630082515615384,1.347830266611387,2.327387924818665,1.2385325718033717,2.3428441675787735,-1.5992541324739,-0.12301954865183846,1.3969106087508,0.10745466221160001,-0.20234352372309994,6.90365860516704,
96120,48.06,1.4197350649153848,6.952850892387209,5.620167842315384,1.384820666030934,2.4131824040968555,1.2638861850040197,2.3790753277930596,-1.305512029675,-0.10042400228269231,1.489650676025,0.1145885135403846,0.18413864634999988,8.089831795513255,
100125,50.0625,1.2932066183846156,6.774241601019171,5.5104303726923085,1.3475229903299275,2.339153092831849,1.2544710218793855,2.2978971234182892,-1.3663118216228,-0.1051009093556,1.6140811690101,0.12416008992385384,0.24776934738729994,6.5144505808745325,
104130,52.065,1.420703227653846,6.974719847426059,5.639181357115385,1.686177429515542,2.9167566206594913,1.4840227007710496,2.772137302681351,-1.223470731639,-0.09411313320300001,1.430092521013,0.110007117001,0.2066217893739999,6.921305469988127,
108135,54.0675,1.2954828556153848,6.65490106981217,5.40369789423077,1.472189523782813,2.5584501103610493,1.3042929356798005,2.5009550916968744,-1.4995215947145,-0.11534781497803846,1.461337769403,0.11241059764638463,-0.038183825311499886,38.27112023170938,
112140,56.07,1.5400443260076921,7.116354195496275,5.718889694915386,1.5145434126316764,2.645996411628342,1.3316594260151804,2.479983925083149,-1.228524200611,-0.09450186158546153,1.5984602677759,0.12295848213660768,0.3699360671648999,4.320909502082646,
116145,58.0725,1.2429824792307693,6.639330509020699,5.410099121230768,1.5475369433323654,2.7168229767423897,1.290765105265814,2.3705224767693935,-1.3767484661679998,-0.10590372816676921,1.6288821855497,0.12529862965766922,0.25213371938170015,6.4603901038867715,
120150,60.075,1.2696564747384613,6.731010231816206,5.481144758338461,1.5814456607108782,2.8251622993553287,1.4370665010408887,2.7403437760703047,-1.600325372079,-0.12310195169838462,1.6457461905672,0.12659586081286153,0.0454208184881999,36.233301057636304,
124155,62.0775,1.5257798341615385,7.220570854619714,5.81681196506923,1.6357081387780685,2.8389963212720035,1.4855168207243905,2.757269924678865,-1.173184387395,-0.09024495287653847,1.642924027516,0.12637877134738462,0.4697396401209999,3.497520513901702,
128160,64.08,1.2070648853384616,6.481522664112671,5.2839579582,1.8566521021933582,3.299659189978728,1.5237875759977397,2.6907540938186183,-1.568627197287,-0.12066363056053847,1.648922160259,0.12684016617376923,0.080294962972,20.535810706258157,
132165,66.0825,1.2982333256461538,6.716351858176221,5.457146424507693,1.6143598317248828,2.995070229044005,1.5001658766787007,2.8585475562443343,-1.356502375572,-0.10434633658246154,1.8058163083582,0.13890894679678462,0.4493139327861999,4.0190525523219724,
136170,68.085,1.494340914846154,7.149063139670424,5.765489266384615,1.631748842600209,2.9005998383990113,1.4725871277243932,2.656319454927786,-1.805154845123,-0.13885806500946155,1.763149484987,0.13562688346053847,-0.04200536013599998,41.974392774600275,
140175,70.0875,1.514744263423077,6.94722921678064,5.5786384985769235,1.6257602610379989,2.8113051776049662,1.322197957659438,2.3273860135326543,-1.50769522414,-0.11597655570307691,1.812048025432,0.13938830964861537,0.30435280129200004,5.953774756597353,
144180,72.09,1.1350642534230768,6.298246115325029,5.149098121192309,1.384889738175526,2.4160625433488336,1.3111762696323974,2.3524767622902245,-1.719646468764,-0.13228049759723076,1.864343494179,0.14341103801376923,0.14469702541499996,12.88446316592859,
148185,74.0925,1.1183700010307693,6.185459934147339,5.055465312969231,1.7104197413833329,3.1437234117597086,1.570052593602227,2.935462471329212,-1.732039973135,-0.1332338440873077,1.747445330014,0.13441887153953846,0.01540535687900002,113.43101907597149,
152190,76.095,1.2976375542692309,6.379847947286129,5.158930356653846,1.6324434628094595,2.918538271942258,1.4777260229241453,2.652934837624333,-1.610965654245,-0.12392043494192308,1.864689797158,0.14343767670446156,0.25372414291300016,7.349280110869805,
156195,78.0975,1.2227839690000002,6.305330523468963,5.121654877307693,1.6712439499140883,3.246608817610731,1.5019614859475587,2.892524210211355,-1.587151639152,-0.12208858762707692,1.907501589508,0.14673089150061538,0.3203499503560001,5.954430732354483,
160200,80.1,1.1837290617230771,6.322868477333127,5.152224724123077,1.7618647607580786,3.4119458007638594,1.633399733308079,3.2918973503545876,-2.06823955476,-0.15909535036615383,1.8505517058061,0.14235013121585385,-0.2176878489538998,8.500941668076269,
164205,82.1025,1.1308988975153846,6.28770759139285,5.1413735060230765,1.6515012482707982,3.0413762636607955,1.4721994626280872,2.7513066337928898,-1.85228409617,-0.14248339201307691,1.901471730324,0.14626705617876923,0.04918763415400007,38.657515512348894,
168210,84.105,1.2476070844384615,6.250157441037638,5.063177475561539,1.6864010077364744,3.120870670193844,1.526420224726878,2.788006342011605,-1.4888137355370001,-0.11452413350284617,1.9066803306331002,0.1466677177410077,0.4178665950961,4.562892447037089,
172215,86.1075,1.1199495975692306,6.037788009394966,4.92391604643077,1.605403386897655,3.084187801626563,1.4363736389541624,2.7203228750079216,-1.747195601469,-0.13439966165146153,2.011855237202,0.1547580951693846,0.264659635733,7.601670090831856,
176220,88.11,1.0675334196692308,5.85787254235649,4.784511199361538,1.8037023258464968,3.5053215083336577,1.7705245418329152,3.4469361886861805,-2.030078500516,-0.1561598846550769,1.9138419870224999,0.14721861438634615,-0.11623651349349995,16.465067038762513,
180225,90.1125,1.0060447912846155,5.487074390869686,4.479306477776923,1.7040760769127536,3.243618877112521,1.4651503761165756,2.699485323149946,-1.58795590699,-0.12215045438384615,1.941531158991,0.1493485506916154,0.35357525200100004,5.4911398577904675,
184230,92.115,1.0327172829615383,5.916463826790021,4.849891130746154,1.5510309694978637,2.8875271735592283,1.3938000921609104,2.5868659421716274,-1.458127271393,-0.112163636261,2.029863214115,0.15614332416269233,0.5717359427220001,3.55035089179621,
188235,94.1175,1.0558699094384616,5.740998238492569,4.6853181398692305,1.631612928805338,3.0845717328942057,1.4618777969114918,2.6358644662888135,-1.629178002463,-0.12532138480484617,1.968888029459,0.151452925343,0.33971002699600006,5.795790153353886,
192240,96.12,1.147075194592308,5.857344093036534,4.7534288443,1.6761791797999155,3.1612463666139172,1.5426249547233728,2.8263141692948976,-2.0649082660599998,-0.15883909738923074,1.973148405547,0.15178064658053847,-0.09175986051299967,21.50339368996167,
196245,98.1225,1.1961919161153847,6.074023376577253,4.926688872838462,1.5481343466562276,2.9474194047073543,1.529352594462633,2.880761876987298,-1.8432371392790001,-0.1417874722522308,1.989460263386,0.15303540487584616,0.14622312410699978,13.605647366214106,
200250,100.125,1.0154318442692305,5.962647969662871,4.8975019455,1.7348719581269845,3.343052903122482,1.612729392876447,3.1068869334899567,-1.690858647229,-0.13006604978684616,2.0950823284187,0.16116017910913077,0.4042236811897,5.182977707423057,
204255,102.1275,1.0386811586461537,5.790268105780134,4.735598215707692,1.7263114396856547,3.35783849905033,1.5882099209176006,3.0022622546366224,-2.01544490456,-0.1550342234276923,2.003173246044,0.15409024969569232,-0.01227165851599965,163.23573895348255,
208260,104.13,1.0893003207,5.628494709139514,4.57263856666923,1.4625893676297297,2.7500718204872707,1.4791653583767994,2.6083399197016903,-1.67514657228,-0.1288574286369231,1.988122450197,0.152932496169,0.312975877917,6.352318470768033,
212265,106.1325,0.9843752200846153,5.606059815986319,4.5930700302230765,1.5677500003263314,2.9645931984514604,1.582484206309478,2.9313284623074742,-1.577700681986,-0.121361590922,1.9630874153163,0.1510067242551,0.38538673333030005,5.0938116067265184,
216270,108.135,1.0550097502230769,5.878154498225911,4.807316651715386,1.6187782789940652,3.177541743951821,1.4932806117050876,2.882910563091815,-1.60603537409,-0.12354118262230769,2.0038823769517,0.15414479822705385,0.39784700286170005,5.036816571540924,
220275,110.1375,0.9991874328076924,5.483453572357,4.478660033300001,1.6974638725489042,3.33247560733622,1.6303187756280004,3.1341861918602585,-1.8627869487,-0.14329130374615384,1.940627234053,0.14927901800407692,0.07784028535300003,24.930885405319323,
224280,112.14,0.9600866391153846,5.679684136134611,4.667803874392308,1.413961845404136,2.7626152359595717,1.3792272047390775,2.618405015519797,-1.506485112025,-0.11588347015576923,2.038401007667,0.15680007751284614,0.5319158956419998,3.83218667531403,
228285,114.1425,0.9650790141153845,5.611582094135049,4.605508877684616,1.623370706167363,3.108937884482521,1.4845269237465881,2.7355484865443156,-1.96566279233,-0.15120483017923078,2.004720048983,0.15420923453715385,0.03905725665300008,51.327722957956716,
232290,116.145,0.9874424384153848,5.309267305080978,4.328668025830769,1.6442367351440643,3.209536819832682,1.5287653918067217,2.8790567375011658,-1.689275220035,-0.12994424769500001,2.0884023699789998,0.16064633615223076,0.39912714994399967,5.232423728308177,
236295,118.1475,1.0042914794153845,5.625043579843924,4.602365108630769,1.600273542925017,3.1141185609611064,1.4598549541165147,2.6834348326872024,-1.7621259615,-0.1355481508846154,2.021918661902,0.15553220476169233,0.2597927004020002,7.782815524736865,
240300,120.15,1.2632349087538464,5.852964036123045,4.704904006092307,1.5611232541881148,2.9632360862107125,1.5273461442150909,2.7685496505916243,-1.82147935032,-0.14011379617846154,2.0272542000767,0.1559426307751308,0.20577484975670024,9.851807460793399,
244305,122.1525,1.1960943845615384,5.76601812457442,4.653594512207691,1.6916613610417626,3.2723736296689947,1.6666659634175502,3.1079861814458516,-1.94828058779,-0.1498677375223077,2.0433236081209,0.15717873908622307,0.09504302033089984,21.498933861812326,
248310,124.155,0.8593136530692308,5.323800702367214,4.3909337153769235,1.5542796544934157,3.0347755503297136,1.467858873450015,2.7841287144197375,-1.77681312712,-0.13667793285538463,2.0137172695164,0.15490132842433846,0.2369041423964,8.50013532539649,
252315,126.1575,0.8348764639461539,4.95515616639354,4.073324900423076,1.5283571872091999,2.9720085025117275,1.5318208432481648,2.833762895030789,-2.04985170065,-0.15768090005000002,2.130460511898,0.16388157783830767,0.08060881124799968,26.429623249789177,
256320,128.16,0.749408217576923,4.466870767852705,3.67267013513077,1.6771532966907827,3.3408987578270213,1.5836041171116961,2.998416669687844,-1.79288851472,-0.1379145011323077,2.091827427035,0.1609098020796154,0.29893891231500014,6.997507988624727,
260325,130.1625,0.8862214271923077,5.22496009542855,4.2929390577,1.579411042177552,3.067664772667393,1.46078179325835,2.7291985462986412,-1.71190682799,-0.1316851406146154,2.180269872771,0.16771306713623077,0.4683630447809999,4.655085188863405,
264330,132.165,0.8548261202230769,4.7511144617036205,3.884529627284615,1.749760808039142,3.534520637815896,1.7071975571968865,3.3550372494336997,-1.9322153106400002,-0.1486319469723077,2.0314945918464,0.15626881475741536,0.09927928120639962,20.462422442633965,
268335,134.1675,0.6248170962615384,4.395475088413728,3.6576862518615387,1.619480317536675,3.1477733083185773,1.5317652752483026,2.893897927458039,-2.24167457223,-0.17243650555615384,2.143248254416,0.16486525033969232,-0.09842631781399991,21.77515426784715,
272340,136.17,0.766755791823077,4.261803157643678,3.4845564640538456,1.6231298253215118,3.2022377615122126,1.5416625979295864,2.8438348319411424,-1.8865724056900002,-0.14512095428384617,2.229905106119,0.17153116200915383,0.34333270042899966,6.494881213856699,
276345,138.1725,0.6827033483076923,4.38858229997271,3.6293093241230774,1.5482624874470794,3.0152908863332164,1.5215500707480492,2.760834624067673,-2.29911592603,-0.17685507123307692,2.300066197291,0.17692816902238462,0.000950271261000335,2420.4311881112326,
280350,140.175,0.7109004809230769,4.382662528251952,3.6132306044,1.639872796361461,3.3087420850170846,1.5430661202108535,2.9213624520381423,-1.98436729611,-0.1526436381623077,2.2642402686191,0.17417232835531538,0.2798729725090998,8.090242685172038,
284355,142.1775,0.6108364692000001,4.3453648790537445,3.6187648773230765,1.4746864658432508,2.9190480758495,1.4240117688724285,2.6319553465006957,-1.87362092735,-0.14412468671923076,2.229806439951,0.17152357230392307,0.35618551260100006,6.260239007667993,
288360,144.18,0.6799724468923078,4.350796807308023,3.5969636440307693,1.637294100163911,3.2329401173329457,1.5598900661547406,2.9265276781364036,-1.99567916988,-0.15351378229846155,2.1525160565599,0.1655781581969154,0.15683688667990014,13.72455231754968,
292365,146.1825,0.6315805178384616,4.264817096083407,3.539279552607692,1.629854775754063,3.175977181566825,1.5516578844316713,2.899908915999467,-2.19681203366,-0.16898554105076924,2.2947143670259997,0.17651648977123074,0.09790233336599963,23.438811804897473,
296370,148.185,0.6354296207384615,4.151387837452019,3.436991819969231,1.4298711620883053,2.904264130988223,1.4233477089026383,2.712618799514716,-1.95664146541,-0.15051088195461537,2.276610156534,0.17512385819492307,0.31996869112399984,7.115102882524616,
300375,150.1875,0.4604595807846155,3.904324465987607,3.285316595676923,1.4319114266203126,2.8762587290402637,1.5012152947478468,2.8724470176992143,-1.8188745304810001,-0.1399134254216154,2.319690408199,0.17843772370761538,0.5008158777179998,4.63182281434211,
304380,152.19,0.42054154323846143,3.5694398405688865,3.0035638075461537,1.5015410647147112,2.9793481357174745,1.511594182434356,2.8702829838432753,-2.13234589994,-0.16402660768769228,2.294268233708,0.1764821718236923,0.16192233376800003,14.168942481987655,
308385,154.1925,0.6670609804307692,4.335241049697051,3.5881504095538457,1.573076309218989,3.141319622924468,1.4890480880270518,2.8253614248231567,-1.91445678471,-0.14726590651615384,2.209496216865,0.16996124745115385,0.29503943215499984,7.488816666730278,
312390,156.195,0.5710320839461539,3.912786696768498,3.250375234176923,1.6444543545591332,3.263788182194255,1.6116923849940277,2.974825163433756,-1.97490379214,-0.15191567631846153,2.244711074987,0.17267008269130768,0.26980728284699995,8.31968303931926,
316395,158.1975,0.45306876990000006,3.6132109822101945,3.029981649838461,1.4855259808372676,2.976155716469651,1.5451384178579526,2.911175124895855,-2.00137676298,-0.15395205869076925,2.342385692524,0.18018351480953848,0.341008929544,6.868986380081771,
320400,160.2,0.5106297364615384,3.7820976786996483,3.1575670884153846,1.4599409535350756,2.9306966127078673,1.4717874320775672,2.7973925426094928,-2.2872061282400002,-0.17593893294153848,2.357058864098,0.18131222031523078,0.06985273585799989,33.743257656930524,
324405,162.2025,0.5869006285307692,3.872763323304741,3.2085287479307687,1.5591251726359492,3.170449082851721,1.5088727045875705,2.860412868824108,-2.2878527045199997,-0.17598866957846152,2.383394621305,0.1833380477926923,0.09554191678500024,24.946062435280606,
328410,164.205,0.49034366241538463,3.8212708664515964,3.2002695707230773,1.4707585451080207,2.8728981585183506,1.5083133551571863,2.8548649010953118,-1.88454219699,-0.14496478438384616,2.313251841825,0.17794244937115386,0.42870964483500007,5.3958474452220795,
332415,166.2075,0.6976359715846153,4.169399234384672,3.4293116514615387,1.5121440217161524,3.0368288857430974,1.5446399977314087,2.995586774473153,-2.2975437343,-0.1767341334076923,2.2795086833569,0.1753468217966846,-0.018035050943100206,126.39324893224031,
336420,168.21,0.41487502135384613,3.3311383957249423,2.7927965109230763,1.4896070590139439,2.964830765567891,1.422914177273461,2.779974354939992,-2.21348261834,-0.17026789371846154,2.390614692125,0.18389343785576925,0.17713207378500018,13.496227086612707,
340425,170.2125,0.5436224387230768,3.7877874443375883,3.149972347107692,1.5080215287007273,2.970821763626197,1.488328896888489,2.727131408281066,-2.23416660726,-0.1718589697892308,2.238684263067,0.1722064817743846,0.004517655806999699,495.54112989271147,
344430,172.215,0.4702263061769231,3.633748678082625,3.0415416681,1.6179364117462602,3.3555507573708847,1.6403575509876411,3.257097487389464,-1.94904649257,-0.14992665327461538,2.296587728899,0.1766605945306923,0.347541236329,6.608101395843958,
348435,174.2175,0.5609731949384615,3.851592400886813,3.199899866030769,1.5236286876484668,3.077120184240743,1.481912161113975,2.7494776837360884,-2.0099389404,-0.15461068772307693,2.325946243484,0.17891894180646156,0.31600730308400005,7.360419271277805,
352440,176.22,0.6441408120692308,3.777281962293549,3.1017092374692306,1.323274716719209,2.635616296512639,1.3398173099300104,2.540151573781699,-2.00899022818,-0.15453770986,2.279191665368,0.17532243579753848,0.27020143718800016,8.435157448041956,
356445,178.2225,0.5815661687076924,3.698643779653801,3.056327801476923,1.536211908968893,3.130035929138045,1.5677343142409927,2.9718837693112112,-2.20911265907,-0.16993174300538463,2.2880404307426,0.17600311005712307,0.07892777167259979,28.989041274769775,
360450,180.225,0.6638244665538462,4.004542853399911,3.296059736861539,1.3754322170696345,2.769446776865791,1.4534183857800564,2.787944990824632,-2.0456390231799997,-0.15735684793692306,2.2802851824161,0.17540655249354617,0.23464615923610044,9.717973606896681,
364455,182.2275,0.6549715629,3.7833125914015944,3.1032610673153846,1.5471846699447427,3.1736265203668683,1.5649926489606936,3.0140359633090035,-2.23352658748,-0.17180973749846154,2.310319559641,0.17771688920315384,0.0767929721609999,30.085038964207712,
368460,184.23,0.5155558861230769,3.31336934002625,2.739699666323077,1.4520436665205934,2.892616127786894,1.4748570597252217,2.790797726427359,-2.32327057422,-0.17871312109384616,2.386678224438,0.18359063264907693,0.0634076502180001,37.640225055374664,
372465,186.2325,0.5240858426538462,3.4398425055072788,2.848901904561539,1.342527039073653,2.6797673607862293,1.422988787582758,2.7046186324897286,-2.20621088149,-0.16970852934538463,2.312682874499,0.17789868265376924,0.1064719930089999,21.721044277846033,
376470,188.235,0.4031687149538461,3.117339651095434,2.6092038154769237,1.6335411221020624,3.360243780280718,1.5843698096097698,3.1230843406394504,-2.00535751879,-0.15425827067615383,2.3028027070695,0.17713866977457693,0.2974451882795002,7.741939684381872,
380475,190.2375,0.38878283133846164,3.0546267925767143,2.559102315169231,1.4502491667412207,2.9515555623847956,1.4973245309917877,2.9048473580323178,-2.17607524992,-0.16739040383999998,2.38455611072056,0.1834273931323508,0.20848086080056039,11.437769882395605,
384480,192.24,0.6118238614307692,3.4533210665721463,2.8270401129384615,1.5271126179616088,3.1045085721294763,1.5238823339446286,2.9503983260927944,-2.2030119150700003,-0.16946245500538465,2.3886876241299,0.18374520185614618,0.18567570905989994,12.864836419497918,
388485,194.2425,0.6329788703076923,3.5264656984058043,2.8839095280769227,1.453337300564025,2.9607976195713714,1.4857441764449462,2.853789086038011,-2.17400389909,-0.16723106916076924,2.411268308753,0.1854821775963846,0.23726440966299966,10.162789742371658,
392490,196.245,0.44588001876153843,3.1331471860323314,2.606746077515384,1.497020195724867,3.0556120334493624,1.5047169480862796,2.9006675512828224,-2.06822241842,-0.15909403218615384,2.396224224942,0.18432494038015385,0.32800180652199984,7.30552142486837,
396495,198.2475,0.45665123829230764,3.286352743775017,2.738723323892307,1.4638483521402377,2.9806421322882546,1.556678690220529,3.0156676304095344,-2.0160893350799998,-0.15508379500615382,2.3463464100073,0.18048818538517694,0.3302570749273004,7.104606042198498,
400500,200.25,0.551016055623077,3.4505027789819835,2.8479186755,1.3578536441244855,2.7228312328484323,1.4300736898769626,2.7050629507246944,-2.15198212862,-0.16553708681692306,2.431492276461,0.18703786742007691,0.27951014784100003,8.699119853938754,
404505,202.2525,0.4042168947230769,3.1726737374373504,2.6581736527999995,1.4018323161392674,2.905623472249526,1.4799547439713538,2.9205895948647376,-1.90537053348,-0.14656696411384615,2.396448427801,0.18434218675392305,0.4910778943209999,4.8799761820158984,
408510,204.255,0.36821363522307693,3.0894397651748093,2.5981126381769233,1.4624473367302282,2.9273916575154573,1.5030488276721132,2.8859959001938815,-2.18699859084,-0.16823066083384616,2.380432829264,0.1831102176356923,0.19343423842399998,12.30616073275605,
412515,206.2575,0.4162646807153847,2.930719413541174,2.4381868655923076,1.3707987563974415,2.7225040435725467,1.398117976174556,2.7235624346190304,-2.1379019022,-0.16445399247692308,2.342625258489,0.1802019429606923,0.20472335628900007,11.442882243401707,
416520,208.26,0.5446200003923077,3.1867359810383515,2.6163852398230767,1.4141138703567728,2.931083470479279,1.4945904002742294,3.047068430432568,-2.0768632888900003,-0.15975871453,2.35490977392,0.18114690568615383,0.2780464850299995,8.469482265405798,
420525,210.2625,0.48233746565384616,2.9212298083054993,2.4046125136846155,1.374126825118547,2.751576465558401,1.4683133475581198,2.8043144456863787,-2.40891213716,-0.18530093362769232,2.34902563504,0.18069427961846152,-0.05988650212000035,39.22462578183362,
424530,212.265,0.4789257966615384,3.1417484939405593,2.6019229705538462,1.3751371867985118,2.7652511960475614,1.4222372202174647,2.7278755888494617,-2.0794969201,-0.15996130154615384,2.371591283008,0.1824300986929231,0.29209436290800017,8.119264128883483,
428535,214.2675,0.43709064447692314,2.9144609625378863,2.4162455430461542,1.3202403095478137,2.651011314867798,1.3605066780022586,2.596031406281815,-2.25442862512,-0.17341758654769232,2.352394290264,0.1809534069433846,0.09796566514399974,24.012436263319554,
432540,216.27,0.3888650674076923,2.94630541981252,2.462922059592307,1.4216566904184573,2.884245941195192,1.458221061696904,2.8108051674567096,-2.25115329026,-0.1731656377123077,2.3609084244852,0.18160834034501538,0.10975513422520011,21.510687779224895,
436545,218.2725,0.4205417816384615,2.979674962864456,2.4805165621,1.3478377431197108,2.7295701609272562,1.4196063831881591,2.8073106518019073,-2.2620240748000002,-0.17400185190769232,2.42593038454,0.18661002958,0.16390630973999976,14.80071382479533,
440550,220.275,0.4785058681769231,2.9331402322021707,2.4166470307615384,1.3369422332945253,2.7097513294364193,1.379286908174959,2.6885521859495536,-2.2682657987,-0.1744819845153846,2.461698167036,0.1893613974643077,0.19343236833599997,12.726402453801986,
444555,222.2775,0.38667367972307687,2.7218505667024218,2.2641303264153843,1.3016364405135905,2.6843207835092615,1.4099113204118394,2.801519771186146,-2.09992031753,-0.1615323321176923,2.3759287111300003,0.18276374701000003,0.2760083936000002,8.608175570824375,
448560,224.28,0.3055497591307692,2.6318434696532034,2.2159985854076925,1.324169968857246,2.659956345403109,1.4663557488218113,2.830054372385113,-2.1304910183,-0.16388392448461536,2.36403861597047,0.18184912430542077,0.23354759767047018,10.122299006929069,
452565,226.2825,0.3145942321076923,2.661513595345038,2.2391106899076925,1.342231891602785,2.6749236566126164,1.3644292420416941,2.6066377060155563,-2.2167222350699998,-0.1705170950053846,2.384320391339,0.18340926087223078,0.16759815626900032,14.226411819901472,
456570,228.285,0.4839769876923077,2.9242963858503677,2.4068157122615386,1.3592966325534257,2.7429159366710696,1.4220540568114635,2.758542227782097,-2.19704554976,-0.1690035038276923,2.3662444031725,0.18201880024403844,0.16919885341249996,13.98499076943324,
460575,230.2875,0.36452900446923076,2.771975397562749,2.3178763206230766,1.3511965122768677,2.7901404975756545,1.351854721615418,2.6395225307046903,-2.16422502696,-0.16647884822769232,2.44664710388,0.18820362337538463,0.2824220769200001,8.663087286101385,
464580,232.29,0.3917299417153846,2.859812639799869,2.3853974709153847,1.4176357761283969,2.913692032923832,1.5101383016231933,2.984124832786749,-2.17630070447,-0.1674077464976923,2.3068637555638,0.1774510581202923,0.13056305109379984,17.668580323743274,
468585,234.2925,0.43093475013076915,2.851054420925181,2.3622558391923074,1.2276351778527166,2.490295540328619,1.2506660909952325,2.4429465698222823,-2.129973948,-0.16384414984615384,2.399235971287,0.1845566131759231,0.2692620232870002,8.910413514681606,
472590,236.295,0.5140043772230769,2.8097179488403534,2.292855666223077,1.2574564533332464,2.5520569776329447,1.3356988498370785,2.5796570174924685,-2.40311068296,-0.18485466792,2.362174587321,0.18170573748623076,-0.040936095639000136,57.70395418635229,
476595,238.2975,0.37796628474615385,2.6948700091430435,2.244336357484616,1.2291753297192278,2.492061282800938,1.283561996294219,2.4725460066138183,-2.20695197581,-0.16976553660076923,2.347734233373,0.1805949410286923,0.140782257563,16.676350230584916,
480600,240.3,0.5107177679384616,2.919356601610496,2.392413276892308,1.2915449827312016,2.5678767494680304,1.3641649343373095,2.6180988363971354,-2.24438376726,-0.17264490517384615,2.473425216976,0.1902634782289231,0.22904144971600005,10.799028822263061,
484605,242.3025,0.29287136518461543,2.574750656105633,2.170511319092308,1.3131198337791428,2.694314883561162,1.3665708126101914,2.705681954410141,-2.42603334784,-0.18661794983384614,2.462146654727,0.18939589651746153,0.036113306887000096,68.17837708496621,
488610,244.305,0.35194172309230776,2.6735512583844065,2.2355837180153846,1.248817925036491,2.5292703364103213,1.279697879749934,2.4883223778168526,-2.2875377386899998,-0.1759644414376923,2.391878217468,0.18399063211292305,0.10434047877800001,22.92378035332844,
492615,246.3075,0.34632663544615383,2.7228136739440933,2.281453251846154,1.3090560371084297,2.714914350350451,1.3557039868803926,2.6754130762441157,-2.20352058113,-0.16950158316384614,2.3866289230017,0.1835868402309,0.1831083418717001,13.033971574457034,
496620,248.31,0.4497980521230769,2.7116213079754097,2.231750139830769,1.2452560884966932,2.571376623637483,1.3514657640426555,2.6770964033855313,-2.16468434036,-0.1665141800276923,2.4508294034750002,0.18852533872884616,0.2861450631150002,8.564989298767054,
500625,250.3125,0.37022696092307694,2.5328226371966274,2.102970535923077,1.1957985606219095,2.4128741926529824,1.2401390945894566,2.4433556530461686,-2.25831559301,-0.1737165840776923,2.47515993938,0.19039691841384615,0.21684434637000027,11.414454565288269,
504630,252.315,0.37339681845384615,2.7238999526705956,2.2719655953769236,1.138342055601295,2.2972362057206226,1.2775089609003667,2.4631642483513962,-2.15039634706,-0.16541510362,2.4659543773181,0.18968879825523846,0.3155580302580998,7.814582868644343,
508635,254.3175,0.3422939227384616,2.6093626619008448,2.1822169010461536,1.2804515033203336,2.67944951487721,1.3882690880949822,2.7395800372740884,-2.30583044887,-0.17737157299,2.3775355375869998,0.18288734904515383,0.07170508871699965,33.15713821888543,
512640,256.32,0.2903518401538462,2.4995657906860385,2.104956984523077,1.2700518380173706,2.6174897506708112,1.292984322881296,2.5540509155367372,-2.12499748171,-0.16346134474692306,2.468202576057,0.18986173661976924,0.3432050943470002,7.191625697611308,
516645,258.3225,0.27499700509230773,2.4224217817334965,2.041598329169231,1.2477762384614561,2.5409315109037176,1.3994176644913947,2.7520587647697696,-2.32741527259,-0.17903194404538464,2.474507966068,0.19034676662061537,0.1470926934779997,16.822779619832758,
520650,260.325,0.33179434445384615,2.623912533178589,2.1993513382384617,1.271259455025904,2.595273165262709,1.339824385814207,2.659400473984865,-2.03654739261,-0.15665749173923077,2.44737041927,0.18825926302076923,0.4108230266599997,5.957237692266609,
524655,262.3275,0.258135813923077,2.587644480166179,2.1954557528923075,1.1815193325594449,2.47566969094098,1.2539526348926382,2.516799747193119,-2.18431477248,-0.16802421326769232,2.408477343626,0.18526748797123077,0.22416257114600002,10.74433314764813,
528660,264.33,0.22544802151538457,2.602478104206704,2.2211067493307692,1.1151740466065243,2.237724084129138,1.1557270047059496,2.2718726151484665,-2.32017208635,-0.17847477587307692,2.474479839196,0.1903446030150769,0.15430775284599996,16.036004630730027,
532665,266.3325,0.2490135889846154,2.5121804691246883,2.1314703684615384,1.1189020001661314,2.2588718596970643,1.276183096944255,2.5009061436849342,-2.07107844949,-0.15931372688384615,2.479990791523,0.19076852242484615,0.4089123420330001,6.064847001665847,
536670,268.335,0.3401678800615384,2.687150328656405,2.2521846202923075,1.2141855270497905,2.4979456759933734,1.3139206054310777,2.613913561794822,-2.2035308480299998,-0.1695023729253846,2.433557156476,0.1871967043443077,0.23002630844600036,10.579473160772338,
540675,270.3375,0.20287346840769235,2.290624308076669,1.952411046392308,1.2505402011020537,2.546068242132982,1.3266780263673204,2.6102500226123193,-2.18020710348,-0.16770823872923077,2.391230289834,0.18394079152569232,0.2110231863540002,11.331599769432975,
544680,272.34,0.16939558433076923,2.460106170331291,2.116003375776923,1.1690905217428194,2.426532335490635,1.267317709614928,2.5216655158389765,-2.2411120981000003,-0.17239323831538464,2.377202522947,0.18286173253438462,0.13609042484699962,17.467816164286226,
548685,274.3425,0.28970729388461536,2.4838294380071524,2.091036319730769,1.145856517615219,2.2770903456783995,1.2405599675118448,2.4381070223949206,-2.16483953596,-0.16652611815076923,2.423524046321,0.18642492664007693,0.2586845103609998,9.368647712763783,
552690,276.345,0.18227038018461533,2.210179842186071,1.8889200870769232,1.1371834546927344,2.2973942580370244,1.2517532909402054,2.4307766889372475,-2.12970867752,-0.1638237444246154,2.3925209362129,0.1840400720163769,0.2628122586928998,9.103536296640552,
556695,278.3475,0.2269430710692307,2.2631771162265415,1.919385121423077,1.147361634637605,2.341624127675229,1.2626094652898925,2.518749985154476,-2.33751764894,-0.17980904991846153,2.4035702942744,0.18489002263649232,0.06605264533440014,36.38870604055313,
560700,280.35,0.2355948594923077,2.372813081331456,2.0133821780923076,1.3316001592498048,2.7341295696724637,1.3214856354367266,2.6273994272490304,-2.40071818234,-0.18467062941076923,2.4079500324923,0.18522692557633078,0.007231850152300101,332.96459160266863,
564705,282.3525,0.19274949570076919,2.2024209835764643,1.878059611868462,1.1477575667857967,2.3632197859677313,1.2373600069441746,2.4649530988773116,-2.14767484365,-0.16520575720384614,2.469984309761,0.18999879305853848,0.3223094661110002,7.66339363086023,
568710,284.355,0.2909332972230769,2.4212480997386745,2.0352471608384617,1.1456158620260557,2.3616984720582876,1.1923968026579446,2.387463520837321,-2.3043208271399997,-0.17725544824153844,2.397011203685,0.18438547720653847,0.09269037654500023,25.860410681590828,
572715,286.3575,0.23478831693846153,2.328446964099348,1.9744654343846155,1.243557367262967,2.571461359921177,1.394684111832492,2.782457506058025,-1.98897024988,-0.15299771152923075,2.4042940917319,0.1849456993639923,0.4153238418519001,5.7889623697289325,
576720,288.36,0.20318080828461535,2.2702472154529474,1.9348269059153844,1.0996895139610847,2.2004349298626384,1.15525545614936,2.222533096351158,-2.31803409754,-0.17831031519538462,2.3996411147472,0.18458777805747692,0.0816070172072001,29.404837927779113,
580725,290.3625,0.2525610923846153,2.31347848565173,1.9543881416307693,1.1341346456183525,2.3218584815611782,1.1940994909383966,2.334336604966891,-2.1473974287599997,-0.16518441759692307,2.39794820548,0.1844575542676923,0.25055077672000037,9.570707530313484,
584730,292.365,0.3127341499661539,2.3098867274014774,1.9271421203415382,1.068283732530321,2.1670353027677525,1.197334300654605,2.31438963834895,-2.18625281752,-0.1681732936553846,2.407799670466,0.18521535926661536,0.22154685294600007,10.868128517505406,
588735,294.3675,0.25403285944615384,2.360507278159097,1.9956899514615383,1.159547548603675,2.3864886579598688,1.2239764161248199,2.4373144316346385,-2.1500409841700003,-0.16538776801307695,2.447225395591,0.18824810735315384,0.2971844114209996,8.234703105352969,
592740,296.37,0.19409748224615384,2.2733389005476203,1.9413012724615384,1.1464109329839156,2.3827110161493033,1.1898678526671904,2.3456341012031854,-2.50679419934,-0.19283032302615383,2.4080726229731,0.1852363556133154,-0.09872157636689982,24.39256656542306,
596745,298.3725,0.30105970915230773,2.154723422721373,1.7924436193246154,1.137677590819616,2.350418068175969,1.276410713604918,2.5622947897907893,-2.13531930744,-0.16425533134153847,2.491527801401,0.19165598472315384,0.35620849396099974,6.994577175000746,
600750,300.375,0.2855527859538461,2.318988872848266,1.946613064169231,1.0858410766785853,2.2637790056709117,1.1544820093942305,2.2972645258081266,-2.129672274,-0.16382094415384613,2.474207876233,0.19032368278715386,0.3445356022330004,7.181283618288476,
604755,302.3775,0.3099483801846154,2.3436241693462105,1.9589148209692309,1.0186290102463864,2.0586292708363247,1.1207297599742991,2.181480361969681,-2.27300083639,-0.17484621818384616,2.485130542882,0.19116388791400002,0.21212970649200003,11.715146284689368,
608760,304.38,0.19428240334615382,2.222314685668546,1.8953343354692307,1.0731469317892846,2.2148709374407,1.1098091752927715,2.2204157170655656,-2.2637990116999998,-0.1741383855153846,2.405871087691,0.18506700674546156,0.14207207599100036,16.934158742379477,
612765,306.3825,0.2546895925769231,2.2674042385646525,1.9125024630384613,1.1264881528447916,2.283597465523398,1.1091564004810814,2.210317132581389,-2.15315546096,-0.1656273431507692,2.405287474412,0.18502211341630767,0.252132013452,9.539794020920354,
616770,308.385,0.2068612117,2.1531109847195786,1.8298165522999998,1.1234970566379834,2.3183554444086356,1.160482485477416,2.2747975124496853,-2.33836564422,-0.1798742803246154,2.394612938179,0.18420099524453845,0.056247293958999744,42.57294475223113,
620775,310.3875,0.1927237510769231,2.239379570661835,1.9116954069999998,1.1531817370944932,2.3444827335124994,1.1963436351427634,2.3801390173459174,-2.07628810407,-0.15971446954384616,2.3375824375596,0.17981403365843077,0.26129433348959985,8.946165828937279,
624780,312.39,0.2608160239076923,2.227800971318391,1.875105160923077,1.112993078403439,2.2816303473409456,1.1972104872378189,2.3680366545686913,-2.30435229837,-0.1772578691053846,2.357750437224,0.18136541824799998,0.05339813885399991,44.15416881233469,
628785,314.3925,0.21208228972230764,2.1890072742103586,1.8587733644776923,1.1151450482145928,2.2825909749769377,1.2014527011946063,2.3354126363253704,-2.2798743247899997,-0.1753749480607692,2.3780894332831,0.1829299564063923,0.09821510849310044,24.21307138758758,
632790,316.395,0.24749936507692316,2.305860098478772,1.9497458292923076,1.023307889206779,2.119925109690333,1.093380191589406,2.1586364060591663,-2.15899369121,-0.1660764377853846,2.3630280629775,0.1817713894598077,0.20403437176749994,11.581519537650273,
636795,318.3975,0.16527237343076925,2.0755518637582204,1.7769063160923078,1.1011124026282706,2.2715591160602897,1.1443433831703431,2.279798178003712,-2.06853684782,-0.1591182190630769,2.3385957600407,0.1798919815415923,0.2700589122207,8.659576315443097,
640800,320.4,0.2638165033846154,2.1963358655010055,1.8462748894307692,1.1455167789982297,2.3836195220202057,1.1551721173001774,2.3384521377854215,-2.2648784220200002,-0.17422141707846156,2.3114781258627,0.17780600968174615,0.046599703842699736,49.60285013109185,
644805,322.4025,0.18408331504615388,2.1967137572896225,1.8771131589076924,1.0845420409863962,2.22897836675797,1.2068602314817687,2.429506308125696,-2.14713078736,-0.16516390672,2.3245140579606,0.17880877368927692,0.1773832706006,13.10447174691308,
648810,324.405,0.2307286996076923,2.1357858339066684,1.805259521192308,1.0774739321265119,2.196746591334877,1.1605122025737844,2.2715507347907264,-1.94149762392,-0.14934597107076922,2.325725088822,0.1789019299093846,0.3842274649019999,6.05299022394246,
652815,326.4075,0.19068697324923076,2.066588994171371,1.7589858357661539,1.0304882440037824,2.109338985473352,1.1364047092217087,2.2809397332267416,-2.18470573424,-0.16805428724923077,2.3193979672995,0.17841522825380768,0.13469223305949996,17.219983028085306,
656820,328.41,0.2717974506815385,2.1204974800640293,1.7753191223646156,1.0114251283277977,2.0491703822750567,1.107241009732279,2.1737397898737303,-2.13912381232,-0.1645479855630769,2.3713063709324,0.1824081823794154,0.23218255861240022,10.213111549395059,
660825,330.4125,0.2813398196076923,2.214843470514461,1.8557918713769228,1.0160439191512645,2.0195917532716865,1.1197552523935892,2.198628511800242,-1.98557011783,-0.15273616291,2.236949656165,0.17207305047423077,0.25137953833500015,8.898694265178959,
664830,332.415,0.25020057421538466,2.090432696943996,1.757488681723077,0.9527345941393038,1.8964934616902982,1.0862367810049278,2.140672352219176,-2.1100717932,-0.16231321486153846,2.28604354802,0.17584950369384614,0.17597175481999994,12.99096863788382,
668835,334.4175,0.22180567337692306,2.0477520163515175,1.7306130207461539,1.0429038948157452,2.107198270560697,1.125471786104543,2.233245944469696,-2.10298763215,-0.16176827939615385,2.2808929653858,0.1754533050296769,0.17790533323579982,12.820823996111752,
672840,336.42,0.25982038790769235,2.0631835666118246,1.7294402856153848,1.067838666384072,2.185148309767445,1.1252777559112974,2.2526571663764234,-2.00369325281,-0.15413025021615387,2.2801538426407,0.1753964494339,0.2764605898307,8.24766323488288,
676845,338.4225,0.23559454770769234,2.0481059554021623,1.7256881823846153,1.0139240053750969,2.0566176114606174,1.082347516840304,2.1480111103322774,-2.2950007915599997,-0.17653852242769227,2.309077699655,0.17762136151192306,0.014076908095000285,164.03301663062774,
680850,340.425,0.23143769228923078,2.0277001204636185,1.709101704449231,1.1032166440105382,2.3070564090764654,1.1639025669010992,2.3490832287854624,-1.89984789492,-0.1461421457630769,2.3023410886649,0.17710316066653078,0.4024931937449001,5.720198811918599,
684855,342.4275,0.23551143133692304,2.0294306064523417,1.70910338254,1.0734859171328206,2.1737974937081193,1.13315393148693,2.234884292262391,-2.13507044314,-0.16423618793384615,2.3041416262458,0.17724166355736923,0.16907118310580005,13.628233883026253,
688860,344.43,0.2020897957076923,2.0846588513762634,1.7709199740307693,1.023505529150398,2.04922452083234,1.0628487194410177,2.0975152899182095,-2.1150380522,-0.1626952347846154,2.2862960081504,0.1758689237038769,0.17125795595039994,13.350013407917594,
692865,346.4325,0.21558817532307686,2.078533737474637,1.7603872647692307,0.9717014776931678,1.9616664519139704,1.0641779716972135,2.086970647561652,-1.97410036623,-0.1518538743253846,2.3123921165101997,0.17787631665463075,0.33829175028019964,6.835496622648634,
696870,348.435,0.20089590549153852,2.0229806695816284,1.7166044436930767,0.9893912454279989,2.042708030280136,1.0869608166388478,2.1630494282860964,-2.21983017027,-0.17075616694384615,2.2770492741953,0.17515763647656155,0.057219103925300274,39.79526273546673,
700875,350.4375,0.18632633868461534,2.041975406874627,1.7392235352384613,1.0264030143544178,2.1110258119357295,1.0701569702515021,2.1406034547711696,-2.02843569218,-0.15603351478307692,2.2835399201327,0.1756569169332846,0.25510422795270005,8.951399741426869,
704880,352.44,0.18902629613923075,1.958914428135189,1.6644146121376928,0.9473638013636804,1.8851420752718737,1.0149622067309674,1.9979747231037162,-1.9388614893,-0.14914319148461538,2.2910895526918003,0.17623765789936924,0.35222806339180024,6.504562784207546,
708885,354.4425,0.20074940186307694,1.9923678954753201,1.6892198736907693,0.9249769516281477,1.877700221078953,1.013824729022843,2.0000684564034126,-2.50190582872,-0.19245429451692309,2.33674549718848,0.17974965362988307,-0.1651603315315202,14.148345886206464,
712890,356.445,0.20663370993769228,1.9852081577482625,1.6810022913546152,1.0381787286991673,2.152600700332065,1.0977659743505201,2.1835258158701816,-2.20742574334,-0.16980198025692309,2.3022347549059,0.17709498114660768,0.09480901156589994,24.282868441315415,
716895,358.4475,0.1398292137953846,1.9567851941281535,1.6811875746815383,1.0019414682996215,2.027315266584758,1.136472577667353,2.2746192022157303,-2.22784037889,-0.1713723368376923,2.287096707157,0.17593051593515385,0.059256328267000224,38.59666594345302,
720900,360.45,0.14872040196923078,1.9646340961870141,1.6850529175692304,0.8880058246565826,1.80839591763061,0.9793778569658425,1.958805188380687,-2.16303202509,-0.16638707885307694,2.356769490997,0.18128996084592305,0.1937374659069997,12.164758530125123,
724905,362.4525,0.1432548119461538,1.9163554448806506,1.644318965776923,0.9199062508514959,1.8637559188598127,1.0408633370858988,2.0477037103890177,-2.06802827119,-0.15907909778384616,2.2941275409004,0.17647134930003078,0.22609926971039984,10.14654998151406,
728910,364.455,0.18481955162307692,1.9965856532323727,1.699580155884615,0.9308375349669628,1.898714715179687,1.0149360749011687,2.01857934152128,-2.18971961737,-0.1684399705669231,2.328420843918,0.17910929568599998,0.13870122654799966,16.787312570103442,
732915,366.4575,0.15523794979230773,1.939513440059494,1.6602625296846156,0.9799219596488908,2.070405979198415,1.076504917905172,2.167778074553628,-2.0814871043,-0.16011439263846153,2.3305265847796,0.17927127575227694,0.24903948047960034,9.358060739170638,
736920,368.46,0.09000191322076916,1.7853452574397404,1.5486022875946155,0.9719453583962934,1.9814558596050842,1.0763701812090614,2.151605658539571,-2.24766480921,-0.17289729301615384,2.338229862985,0.17986383561423078,0.09056505377500024,25.81823524109086,
740925,370.4625,0.14295267140769233,1.9040314507640248,1.6335409879615383,0.9329462560317829,1.9283389241112345,0.9849402801456896,1.9359878038411935,-2.06044514477,-0.15849578036692308,2.3485187334156,0.1806552871858154,0.28807358864560006,8.152495841279098,
744930,372.465,0.15618627806153848,1.9189223609174388,1.6416392051384616,0.8873754777733571,1.797355717711564,0.9857228815750856,1.9726098723004537,-2.03593291342,-0.15661022410923076,2.3874919312094,0.18365322547764615,0.35155901778940013,6.791155425970659,
748935,374.4675,0.22357070446153843,1.9925666718858293,1.6807046761846156,0.8822299257840791,1.7948756064943532,0.9856346172053251,1.96034117771559,-2.3090268373500002,-0.17761744902692309,2.391470606437,0.1839592774182308,0.08244376908699991,29.007293491317316,
752940,376.47,0.16803292586538457,1.9126040111403344,1.631450666826923,0.9250845641880822,1.859775677701955,1.0417429989374325,2.056485461031914,-2.1242926865699996,-0.16340712973615382,2.340869544999,0.18006688807684615,0.2165768584290002,10.80849340035284,
756945,378.4725,0.1313203343861539,1.8376049291351477,1.5781225011830766,0.9231186479518978,1.8808887443407842,1.0062035835789835,1.9913151126827955,-2.10576631129,-0.1619820239453846,2.3033344065703,0.17717956973617693,0.19756809528030006,11.658433024332398,
760950,380.475,0.175415213276923,2.018833128907769,1.7228307082153844,0.8516807020432942,1.7413042895618935,0.965079186986179,1.9036198935828492,-2.17643254995,-0.1674178884576923,2.325342056341,0.17887246587238462,0.14890950639099998,15.615806624428798,
764955,382.4775,0.17551304743846158,1.9522340665409066,1.663785274223077,0.9108711556038317,1.8503650270556111,1.0130529158798727,2.014300114941576,-2.15751230716,-0.16596248516615386,2.3189688888264,0.17838222221741537,0.16145658166639976,14.36280184364261,
768960,384.48,0.0977335526384615,1.8487980635133032,1.6019650422692306,0.9111302568163845,1.871946643421102,1.0340092015427744,2.063612863575337,-1.9938910007500001,-0.1533762308269231,2.33848336711,0.17988333593153844,0.3445923663599997,6.786230907584757,
772965,386.4825,0.11472748333384615,1.8394535207757206,1.5863338388046155,0.9373591935738783,1.9213618388748595,0.9994549759326337,2.009175493572399,-2.40928441288,-0.18532957022153845,2.3860751483639002,0.18354424218183849,-0.023209264516099726,102.8070125491799,
776970,388.485,0.13650040443384615,1.836433536275721,1.5757880852738462,0.8208484605590028,1.6764525736201774,0.9492862908693803,1.8877669482417094,-2.3198230564599998,-0.17844792741999999,2.3960187155721,0.18430913196708462,0.07619565911210024,31.44560652788684,
780975,390.4875,0.09333586692461535,1.8260944126479501,1.5832009131984615,0.878536930181827,1.7839833714788,1.0099588462973936,2.0140591693444456,-2.30132128299,-0.17702471407615386,2.370336605249,0.18233358501915384,0.06901532225899976,34.34507769671252,
784980,392.49,0.08843159676846156,1.7850819227187955,1.5488926630776925,0.8464494431603248,1.7036226307103615,0.9367206386210589,1.8084864795327154,-2.30315662919,-0.17716589455307694,2.393295039428,0.18409961841753847,0.09013841023800007,26.551334032947562,
788985,394.4925,0.1542866871892308,1.8826545927145926,1.609970083610769,0.8568121589215429,1.746601069982783,0.9509771526776519,1.8928833482529148,-2.26943466067,-0.1745718969746154,2.4185440121286,0.1860418470868154,0.14910935145860016,16.219935158125228,
792990,396.495,0.1333132615384615,1.8601451475681838,1.5983512126461539,0.8246670726537932,1.6883353170139603,0.9298070910736052,1.8570918514455437,-2.19642634689,-0.1689558728376923,2.422930041326,0.18637923394815384,0.22650369443599994,10.697088395662414,
796995,398.4975,0.13717387729923075,1.8348863363490777,1.5744547798084614,0.8769434408251946,1.7811858489295103,0.9882372865804613,1.9821415872095,-2.1233436018500003,-0.1633341232192308,2.4094446289734,0.1853418945364154,0.2861010271233999,8.421656689593668,
801000,400.5,0.20193740037846153,1.818961369788478,1.5347155974523075,0.8316392262856079,1.700313477966781,0.9573658337529088,1.9136521923794139,-2.30637891588,-0.17741376275999998,2.3885475492676,0.18373442686673844,0.08216863338759994,29.068848425414547,
805005,402.5025,0.2046828728369231,1.8055466063934231,1.5224304474246155,0.812971057152014,1.6512771265269963,0.9341134158830717,1.8285132750366677,-2.30380892754,-0.17721607134923076,2.3546411902627,0.18112624540482306,0.050832262722699806,46.32178589231292,
809010,404.505,0.14052048554615387,1.7416706885054465,1.4903602737615387,0.8179607744266809,1.6787814044471538,0.8950367860803082,1.771045600999831,-2.16437131166,-0.1664901008969231,2.4453769140009998,0.18810591646161537,0.2810056023409997,8.702235448792015,
813015,406.5075,0.1511604785953846,1.85452657600728,1.5864145755892307,0.8906528706131964,1.8206284337851932,0.9380115365492698,1.85502279635128,-2.16381201148,-0.16644707780615386,2.3641972853780002,0.18186132964446156,0.2003852738980001,11.79825862144651,
817020,408.51,0.1529154410730769,1.8347986586178273,1.568066266865385,0.8291738380717383,1.6827649105212554,0.9466505222203087,1.8976475378821158,-2.06199552119,-0.15861504009153846,2.3670941060316,0.18208416200243077,0.30509858484160013,7.758456524013504,
821025,410.5125,0.16200547493076917,1.8458150671079436,1.5746165284692308,0.8195795198640218,1.6899568597546464,0.9029597715914558,1.7878902734918367,-2.35884626209,-0.18144971246846156,2.3823188627051,0.18325529713116154,0.023472600615099815,101.49360532179657,
825030,412.515,0.10746787143461536,1.7195335399316347,1.4827448038115383,0.7904682998111839,1.6164458647766666,0.8943383593109062,1.7559150577785791,-2.16884545982,-0.16683426614,2.391918449672,0.18399372689784615,0.22307298985200008,10.722582107582552,
829035,414.5175,0.13165024610230772,1.7921605529600442,1.5386081658823079,0.8731164683937134,1.7732817211643144,0.9748663641947063,1.9278667278087895,-2.10054664316,-0.1615805110123077,2.3695326382167,0.1822717414012846,0.26898599505669996,8.809130147155887,
833040,416.52,0.15993122412615388,1.7917895898770266,1.5270528380738462,0.8160070349716231,1.6902341000834757,0.9194378786101254,1.8184528358338035,-2.20191383362,-0.16937798720153846,2.3732669814457,0.18255899857274616,0.1713531478257,13.850151056809189,
837045,418.5225,0.19268109247692308,1.8320287951285859,1.5506364015384617,0.7583348498596663,1.5354205504602456,0.8797915551540648,1.7312874854907347,-2.29579877854,-0.17659990604153847,2.390876418918,0.18391357068599998,0.09507764037799982,25.14656873490551,
841050,420.525,0.0876097449869231,1.7240043536448255,1.4949991382130772,0.8377009990930702,1.7187134120045726,0.9283618264632479,1.8678048800065732,-2.24553291501,-0.17273330115461538,2.3954048277723,0.18426190982863846,0.14987191276230005,15.98301365227427,
845055,422.5275,0.1455236490015384,1.8132179750618647,1.5519964236446155,0.8587116350666641,1.7631513642433125,0.9386406288292208,1.8661692426433243,-2.14382272959,-0.16490944073769231,2.3551216060175,0.18116320046288464,0.21129887642750012,11.145925836598467,
849060,424.53,0.18220868477230764,1.8305512548565364,1.553122483766154,0.8360769216137989,1.7242742289465773,0.9380752986888115,1.8892055624766462,-2.14022357762,-0.16463258289384616,2.343897189009,0.1802997837699231,0.2036736113890001,11.508104427590016,
853065,426.5325,0.157979722186923,1.8210054771972686,1.5541924925976924,0.7690025856458605,1.5765763869521847,0.9006579715652696,1.7900168830998169,-1.9979633838100002,-0.1536894910623077,2.339838702223,0.1799875924786923,0.3418753184129999,6.844128769180043,
857070,428.535,0.16673268720230763,1.8156448082384127,1.546053143643846,0.7867170684722768,1.6161748725478162,0.8970057062046579,1.815354073496268,-2.0519866645400002,-0.15784512804153847,2.395689308644,0.18428379297261538,0.34370264410399987,6.970238226968938,
861075,430.5375,0.13614848944230773,1.7656672156846454,1.5131686283884618,0.7791517325762084,1.5894815729718978,0.8899902764779646,1.7621375657623508,-2.10461568832,-0.16189351448615386,2.3419419406106,0.18014938004696923,0.2373262522905999,9.868027316855585,
865080,432.54,0.15605997579230768,1.847800905782492,1.578656769715385,0.766452624333618,1.5736405031950655,0.854715177339734,1.7189698379083713,-2.1661989986799997,-0.1666306922061538,2.3759769070920003,0.18276745439169234,0.2097779084120006,11.326154050623948,
869085,434.5425,0.1388290616315385,1.7733938723771663,1.5192079039684612,0.7625654393940907,1.5538805871858645,0.8731467476850518,1.7362245558292397,-2.2565133720599997,-0.17357795169692306,2.3024297957156,0.1771099842858154,0.04591642365560045,50.143926996256205,
873090,436.545,0.10262362314846156,1.7217567416319541,1.486606620820769,0.763281022083699,1.5605056704343774,0.8648837903792359,1.714678424902677,-2.16412015259,-0.16647078096846152,2.271862856129,0.17475868124069233,0.1077427035390004,21.086001942643268,
877095,438.5475,0.14372850381769234,1.7794052250314853,1.5225069064438463,0.7364633905671872,1.4838982703338461,0.857457037968756,1.6739676118068156,-2.1204603761399996,-0.16311233662615382,2.3366106019907003,0.1797392770762077,0.21615022585070065,10.810123342663749,
881100,440.55,0.11069290455538466,1.6988702451505309,1.4637696559676923,0.7706220074233402,1.5813696334495944,0.8896036946608024,1.7908140071646244,-2.23135359585,-0.17164258429615384,2.27733914205595,0.17517993400430384,0.04598554620595019,49.52293339860948,
885105,442.5525,0.11633262266846156,1.721069124831988,1.4813639384084614,0.7532919404234071,1.5384680271420788,0.8538582924682341,1.6952300974052754,-2.1648523807599998,-0.16652710621230768,2.30608890078282,0.17739145390637076,0.14123652002282006,16.327851326344046,
889110,444.555,0.08328018279461537,1.6643118139476354,1.4433762247746151,0.7479573306718178,1.5276992876622817,0.8766703633584512,1.7344394121815716,-2.3530823290300003,-0.1810063330023077,2.3307531708978,0.17928870545367692,-0.022329158132200266,104.38159634584184,
893115,446.5575,0.1681127089653846,1.7161228519000682,1.457247156357692,0.7309016715355431,1.503916286276933,0.8604579644013156,1.7490632589116046,-2.12080541254,-0.16313887788769232,2.276219146336,0.1750937804873846,0.15541373379599976,14.646190466820817,
897120,448.56,0.15624073377307693,1.7101947811845444,1.4565516114269232,0.7310128634058153,1.4837290928479514,0.8355225079970083,1.6758606062112964,-2.09676897526,-0.16128992117384613,2.30537596305506,0.17733661254269692,0.20860698779506004,11.05128829778181,
901125,450.5625,0.18022557863692307,1.7452438217880746,1.4783978599784613,0.7616084587173122,1.5774347254126535,0.8646461050371894,1.7344994939594527,-2.08150169255,-0.16011551481153846,2.3008789364275,0.1769906874175,0.21937724387750013,10.48822975327517,
905130,452.565,0.14255105073846158,1.6664415021688561,1.4228972700923077,0.7921326949041645,1.63257279074906,0.8882770825709579,1.7972814461101851,-2.28682136536,-0.17590933579692306,2.36543524201273,0.18195655707790231,0.07861387665273023,30.089283759174332,
909135,454.5675,0.14255305436538462,1.7072585330066656,1.4592251227423079,0.709154488622857,1.4252077377440544,0.8092407834930486,1.6161311539463037,-2.2629930228,-0.17407638636923076,2.34444644581,0.18034203429307694,0.08145342301000014,28.782663259249023,
913140,456.57,0.1336958225015385,1.7106116803190945,1.4654765129138463,0.7116887197206082,1.4498611439525892,0.814890884399846,1.6280601750611818,-2.1239202171500002,-0.16337847824230772,2.393714737146,0.18413190285738462,0.2697945199959997,8.872362334051456,
917145,458.5725,0.08684845154615385,1.579445579733733,1.3672289756692306,0.7558555690555742,1.5372338200347673,0.8609035501875605,1.7636982329840376,-2.1463405936799997,-0.1651031225907692,2.3538081185037,0.1810621629618231,0.20746752482370034,11.345429220808873,
921150,460.575,0.11157883589307692,1.6308931927018473,1.403253624076154,0.7124240492561971,1.4629130354833728,0.8340993982989442,1.6705204757698144,-2.0740895420400003,-0.15954534938769233,2.384297130167,0.18340747155130768,0.31020758812699967,7.686134128965484,
925155,462.5775,0.10293780381846154,1.6571418701662635,1.4299190273661537,0.7301509609905595,1.4811217932751386,0.8191273062901252,1.6311232297425071,-2.22960270942,-0.1715079007246154,2.406604733315,0.18512344102423078,0.17700202389500008,13.5964814433005,
929160,464.58,0.16718064363307697,1.6850294171318487,1.429966417643846,0.7300874351731932,1.4931979180896215,0.8225960498290218,1.634414302445629,-2.17283110322,-0.16714085409384616,2.3410141756658,0.18007801351275385,0.1681830724458,13.919439939000007,
933165,466.5825,0.10746443271615387,1.555046859051482,1.3369829379607694,0.7171323295813843,1.459969866030065,0.8270931485666583,1.6402157438551825,-2.24359975757,-0.17258459673615387,2.3996756740351,0.18459043646423845,0.15607591646509977,15.375054194038276,
937170,468.585,0.14698366476769228,1.6503351183593398,1.4070436725246154,0.7261208709825493,1.4959882206669108,0.8305585378881547,1.6499851979345823,-2.24057577551,-0.17235198273153846,2.409041694382,0.18531089956784616,0.16846591887200013,14.299875669288234,
941175,470.5875,0.1414509415553846,1.6010928211179978,1.3654725505676923,0.6897708875759098,1.3908471714369035,0.8083996908034522,1.5946718899300174,-2.19129264355,-0.16856097258076924,2.4091368727372,0.18531822097978462,0.2178442291871998,11.058988717424134,
945180,472.59,0.1369942976976923,1.6079546384444567,1.3724658581023077,0.6861814651132274,1.3942666347746437,0.7922607316280252,1.568457153408213,-2.37017165124,-0.18232089624923078,2.449548998843,0.18842684606484614,0.07937734760299975,30.859547122867443,
949185,474.5925,0.10407561063000004,1.5642698026760706,1.3465008414623076,0.7022553455368808,1.4467483574631526,0.7821372623083911,1.5604043951590008,-2.18569414317,-0.1681303187053846,2.421233854231,0.18624875801776924,0.23553971106100002,10.279514411070792,
953190,476.595,0.12443249500076926,1.6186332925902986,1.3876200776761538,0.6586457172008775,1.3422458204487475,0.7772777198725799,1.5410950012291071,-2.2979446798599996,-0.1767649753738461,2.428902788095,0.1868386760073077,0.1309581082350002,18.54717375526233,
957195,478.5975,0.1278558694376923,1.6237927867615718,1.390756625393077,0.7263878151971986,1.47519668229529,0.8317697009211785,1.6750080423170741,-2.24264720084,-0.17251132314153847,2.4260608053362,0.18662006194893846,0.18341360449620003,13.227267475605732,
961200,480.6,0.11507182854692305,1.6289918063945752,1.4003970622992308,0.7162662783253523,1.4750248594950348,0.8068176766889658,1.6417795798825048,-2.3817387074300003,-0.1832106698023077,2.416683447545,0.18589872673423077,0.03494474011499982,69.15728775180256,
965205,482.6025,0.07842845641384609,1.5146693236757742,1.312786904663077,0.7136827327975633,1.4777478643960613,0.8324430379741337,1.680390295884058,-2.28464393317,-0.1757418410130769,2.4684967529011,0.18988436560777694,0.18385281973110024,13.426482968884994,
969210,484.605,0.10539210301000002,1.547835261265497,1.3319174188823077,0.6318236263472371,1.2880923741325125,0.7328486723755981,1.4624242643762257,-2.390349105,-0.18387300807692306,2.520311325808,0.19387010198523077,0.12996222080800024,19.392645879231193,
973215,486.6075,0.08454373708692309,1.5286929857217355,1.3228322221746156,0.69368859691604,1.4194830058950005,0.7976135187746011,1.5954118208983818,-2.36983463166,-0.18229497166615383,2.535105833781,0.1950081410600769,0.1652712021210001,15.3390657370845,
977220,488.61,0.10308660911230773,1.585506437904563,1.3663958861338459,0.7151853649721042,1.469008814470528,0.8346015332843237,1.6812594924325246,-2.31749157609,-0.17826858277615384,2.467965366312,0.18984348971630768,0.1504737902219997,16.40129728021682,
981225,490.6125,0.11233192223307689,1.573957208323075,1.3524390917515385,0.7403655737451588,1.5288053600257332,0.881014349147788,1.7922305437218433,-2.32305119929,-0.17869624609923077,2.4774171094283,0.19057054687910002,0.15436591013830014,16.04899104477616,
985230,492.615,0.06754938913846152,1.5072207090456298,1.3106393309692308,0.6248663428747806,1.2544886716307093,0.7785188083440203,1.5533030621980668,-2.3908030390799997,-0.1839079260830769,2.48907572776,0.19146736367384615,0.09827268868000028,25.328255095014594,
989235,494.6175,0.07321184415846158,1.525619487041466,1.3246934322261539,0.7102367220107695,1.4646240454884265,0.8392122313073093,1.6617698647737307,-2.40073390304,-0.18467183869538462,2.4282263564117,0.18678664280090002,0.027492453371700254,88.32337818607448,
993240,496.62,0.10570580225076924,1.5279638854962332,1.3137680658876927,0.6643727950512512,1.348169415361447,0.7850723514609134,1.5503503272481214,-2.37300142647,-0.18253857126692308,2.4737417907536,0.19028783005796923,0.10074036428359978,24.555616890461426,
997245,498.6225,0.11925099446230769,1.549047366152918,1.3278063627376921,0.6786039211077048,1.3897832364403706,0.7821655927721779,1.5631118381100333,-2.23513226211,-0.17193325093153847,2.4472927464859002,0.18825328819122308,0.21216048437590018,11.535101617461683,
1001250,500.625,0.12247414313000003,1.5924570531355606,1.364811507546923,0.6604724406526128,1.3615376091587756,0.7857535389928153,1.5717863119354814,-2.4490471184300002,-0.18838823987923078,2.48260582425,0.19096967878846155,0.03355870581999998,73.9779965760909,
1005255,502.6275,0.09076706261923079,1.5233875777884833,1.3157494526576925,0.6475459554873091,1.3284682258502372,0.7731842166373509,1.5511986844307595,-2.28404805064,-0.17569600389538462,2.474987949242,0.19038368840323078,0.1909398986020001,12.962130845166765,
1009260,504.63,0.09039631256769232,1.5476226527529298,1.3375074496630768,0.622320259236591,1.288291779847518,0.7533736185260048,1.491699902773,-2.32730913163,-0.17902377935615382,2.479273334152,0.1907133333963077,0.15196420252200005,16.31485108338638,
1013265,506.6325,0.07025455053076922,1.5093211702447078,1.311440316530769,0.634892433078708,1.301651182644799,0.7604098989565826,1.511262293100132,-2.4901254325899997,-0.19154811019923074,2.510042320014,0.19308017846261538,0.01991688742400033,126.02583258011182,
1017270,508.635,0.1105311100276923,1.590119145892227,1.367649151726154,0.6275709324456932,1.2683286547815626,0.7450863742618546,1.4783828998655955,-2.24471068383,-0.1726700526023077,2.494621958577,0.19189399681361538,0.2499112747469998,9.982030467022568,
1021275,510.6375,0.09729718244153844,1.5684493599010174,1.3533726563738462,0.6197097239598914,1.2676694066340164,0.7390202006342899,1.4908448104864138,-2.4168861061099998,-0.18591431585461538,2.490883447223,0.19160641901715386,0.07399734111300038,33.661796623465214,
1025280,512.64,0.07290423374384612,1.5148445730451825,1.3148801372561538,0.612262906592906,1.2491522640587038,0.7463341495984772,1.5043221558726374,-2.35481067004,-0.18113928231076923,2.53587759659,0.19506750742999998,0.18106692654999978,14.005194901730123,
1029285,514.6425,0.12250560980846152,1.5981927402629583,1.3700786553915383,0.6214476037521124,1.2745648095645665,0.7366863904978722,1.482006643931154,-2.4285515695799997,-0.18681165919846152,2.507618173936,0.19289370568738462,0.07906660435600044,31.715263281642304,
1033290,516.645,0.08250762867076923,1.520356165227613,1.31640443436,0.6068520409511087,1.2393430214087016,0.7277216739894143,1.4366856519224,-2.4041652828499998,-0.18493579098846152,2.528876017794,0.1945289244456923,0.1247107349440002,20.277933723424532,
1037295,518.6475,0.07017724789153845,1.4614940364371982,1.2691281529546155,0.6133122206850937,1.2607484966513487,0.7617619392491002,1.5119202982376463,-2.40622705222,-0.1850943886323077,2.479763522752,0.1907510402116923,0.07353647053199985,33.7215466667375,
1041300,520.65,0.08408440534846152,1.5830164930108084,1.371411685759231,0.6262413471532091,1.2860393028820236,0.7613912684658595,1.5234622308724597,-2.17894090713,-0.16761083900999998,2.5078057194936,0.19290813226873846,0.3288648123636002,7.625643198095984,
1045305,522.6525,0.051075958291538485,1.475289697304173,1.2886717640469232,0.6075355367895546,1.239153704468975,0.7203009855289739,1.4333184622745905,-2.34842835369,-0.18064833489923077,2.535137869392,0.19501060533784614,0.18670951570199978,13.577978925499655,
1049310,524.655,0.07872141783076922,1.5094168300054958,1.308340838323077,0.6366616478290592,1.2932468249016997,0.7668644470870353,1.550087660226782,-2.43221639097,-0.18709356853615383,2.51158143953,0.19319857227153847,0.07936504856000015,31.645938421259064,
1053315,526.6575,0.11097190013538462,1.5124173889276777,1.2983728463876925,0.5868708274869078,1.1871767731317158,0.7120184415738484,1.4168775353374532,-2.37025262416,-0.1823271249353846,2.5181345045690002,0.1937026541976154,0.1478818804090003,17.028012475933753,
1057320,528.66,0.08484088457307691,1.4611928622005714,1.2621505077038462,0.6368532923832784,1.2879992885901612,0.7533527446209118,1.4925292384524524,-2.33963306248,-0.17997177403692308,2.5185237974029997,0.19373259980023075,0.17889073492299978,14.078559174610422,
1061325,530.6625,0.0689317308815385,1.4648221354176343,1.27238115438,0.6273750314007321,1.2751506380948896,0.7635926751279164,1.5399490502623931,-2.3116528987800002,-0.1778194537523077,2.479868673719,0.1907591287476154,0.16821577493899964,14.742188564766169,
1065330,532.665,0.09858257036923077,1.5109266596959703,1.301854051076923,0.608654660066756,1.238436853037278,0.7232673108626239,1.4494598312326492,-2.3022503704,-0.17709618233846153,2.528418606153,0.19449373893484617,0.22616823575300016,11.179370956911487,
1069335,534.6675,0.09340075804384622,1.4597098280064422,1.2577833533253846,0.5976305599646387,1.245143637086156,0.7228474520531291,1.4626205360490616,-2.34932990372,-0.18071768490153847,2.4787739301153002,0.19067491770117695,0.12944402639530006,19.14938834292396,
1073340,536.67,0.16065829992923072,1.521001550267479,1.2870604671015384,0.5597392105149991,1.1626154520874534,0.6545140304735564,1.2948618110252903,-2.4852090031,-0.19116992331538463,2.597037699065,0.19977213069730768,0.11182869596499989,23.22335673017076,
1077345,538.6725,0.1414950994353846,1.5555726292891905,1.325064053903077,0.59091973763335,1.1997007093815841,0.7283167649995879,1.4433315283794736,-2.25019703805,-0.17309207985,2.534416604792,0.19495512344553845,0.2842195667419998,8.917108114138447,
1081350,540.675,0.09969781912615384,1.451909176623078,1.249266688643077,0.5859275071185256,1.1982731541690694,0.6981047375973863,1.3968332847352583,-2.34970284998,-0.1807463730753846,2.545094534754,0.19577650267338462,0.19539168477400004,13.025603099219834,
1085355,542.6775,0.10846113241769231,1.4206795173520568,1.21805560589,0.5767330692137402,1.1669809491442968,0.7092741783246007,1.4185732496761299,-2.30440810323,-0.17726216178692308,2.534403199321,0.19495409225546154,0.22999509609099977,11.019379292844743,
1089360,544.68,0.0335148297830769,1.396480618658148,1.2254549540015385,0.5747186566987557,1.17934982522203,0.7150315254702364,1.4479282738357933,-2.27661167086,-0.17512397468153845,2.523282323037,0.19409864023361537,0.2466706521769999,10.22935765064749,
1093365,546.6825,0.06644209531461537,1.4672240662822493,1.275482168562308,0.5765710145694213,1.1726660991379676,0.7023467094679793,1.402680958693056,-2.3517735004599998,-0.18090565388153845,2.55329105258,0.1964070040446154,0.20151755212000033,12.670315938829775,
1097370,548.685,0.09750919159076923,1.4605443821269453,1.2567460812092308,0.6280766488216376,1.2970782538978542,0.7415110513716995,1.5226871694146196,-2.31965579093,-0.17843506084076924,2.482961663968,0.19099705107446155,0.16330587303799993,15.204362328048273,
1101375,550.6875,0.11475946811076926,1.4830038349984342,1.271078086812308,0.5731058585633556,1.1871022511622422,0.6814335153692395,1.3720513764791555,-2.49009893835,-0.19154607218076924,2.595379177481,0.19964455211392307,0.10528023913099993,24.652101846497292,
1105380,552.69,0.0809667247992308,1.4362933352755367,1.2424290042623078,0.5915643122947393,1.2156364846769367,0.7003222953160628,1.3931887499776714,-2.40008106827,-0.18462162063615384,2.529302269209,0.19456171301607691,0.12922120093899991,19.573431068814944,
1109385,554.6925,0.12562781572076925,1.4321337947321537,1.2217150055407693,0.5438168168386568,1.1094362933410604,0.6594083137663278,1.3041320204900333,-2.37988682092,-0.18306821699384615,2.581364154803,0.19856647344638462,0.20147733388300004,12.812181425341,
1113390,556.695,0.08530099117000003,1.460335363310264,1.2622695381838462,0.5756302924134931,1.182784976880295,0.6858995274202939,1.3637044736013995,-2.24807474017,-0.17292882616692307,2.574467211973,0.19803593938253844,0.326392471803,7.887642744183344,
1117395,558.6975,0.09950574544923076,1.4662048234617193,1.2620110603507693,0.5573733367205598,1.153496285390215,0.6722506273464913,1.339873128908819,-2.36101095378,-0.18161622721384615,2.59322748519,0.19947903732230768,0.23221653140999976,11.167281973613743,
1121400,560.7,0.09618931091230769,1.4228544604956417,1.2241949714107694,0.5556128381391883,1.1135327215462267,0.6812790645559672,1.355310830831735,-2.31212358176,-0.17785566013538462,2.602934507621,0.20022573135546157,0.2908109258610003,8.95060768406319,
1125405,562.7025,0.062443183013846146,1.3787489204010066,1.1986678196784615,0.532288092701068,1.0602994730682551,0.6802815497738458,1.3456080755173643,-2.4512934833799997,-0.1885610371830769,2.597016608332,0.19977050833323076,0.14572312495200013,17.821581915618633,
1129410,564.705,0.11748138757615384,1.4617822531892335,1.2511920103623078,0.5633138688341458,1.1525808548324457,0.6690670569177807,1.325392563457737,-2.3053565472299997,-0.17733511901769228,2.616168517624,0.20124373212492308,0.31081197039400044,8.417206436121546,
1133415,566.7075,0.09534812432538464,1.4272339833619283,1.228865563874615,0.544703653364177,1.121453373377128,0.6592380223824048,1.302992251767309,-2.39199368655,-0.18399951435,2.617380488674,0.20133696066723078,0.22538680212399997,11.6128383029012,
1137420,568.71,0.10154320184692309,1.4161690464955912,1.2167842617376923,0.5825904874509681,1.197754293943151,0.7104786874676022,1.430714605334097,-2.44338569045,-0.18795274541923077,2.6227445919120003,0.20174958399323079,0.1793589014620003,14.622885011746494,
1141425,570.7125,0.10350645046461536,1.4124632653560603,1.2126353383046153,0.540320348063826,1.10664533663842,0.650556179454854,1.294258601935803,-2.41851724683,-0.18603978821769232,2.589093472827,0.1991610363713077,0.17057622599699984,15.178513053000351,
1145430,572.715,0.08044164914076926,1.3801465990360189,1.1929198870284616,0.5342152728332638,1.089891313744734,0.6487262775197364,1.2790625982013493,-2.3830486983099997,-0.18331143833153843,2.585990317163,0.19892233208946156,0.20294161885300044,12.742533206242662,
1149435,574.7175,0.09282500927923078,1.4066586870433835,1.21117844949,0.5554401044795867,1.1352093567632753,0.6768507574398777,1.3789641836926088,-2.24636684358,-0.17279744950615386,2.555000595754,0.1965385073656923,0.3086337521739999,8.27842249189115,
1153440,576.72,0.06465958173923078,1.3687837380028072,1.1887889412761539,0.5724047004955299,1.1701568095584363,0.7086775748695795,1.4107515535667436,-2.3921810835599997,-0.18401392950461537,2.593476852399,0.1994982194153077,0.20129576883900047,12.883911407364474,
1157445,578.7225,0.07389042011307696,1.3654270917589315,1.1823273163638464,0.5859054706227637,1.2070625362998348,0.6986876307815868,1.4057673320636253,-2.37984730302,-0.18306517715538462,2.57405620347,0.19800432334384616,0.19420890045000005,13.254058889709343,
1161450,580.725,0.07564574021461537,1.329832593668612,1.1490690708161537,0.5780194249334247,1.1904140070303468,0.6954921113341721,1.3903560519391729,-2.46217204631,-0.18939784971615387,2.544808414751,0.1957544934423846,0.08263636844099986,30.795259554126275,
1165455,582.7275,0.11705513642461536,1.3907383907342101,1.188227566390769,0.5561781172202938,1.1353010927424585,0.6635156914164401,1.340774085319237,-2.5171698779000002,-0.19362845214615387,2.6493188627079998,0.20379375866984614,0.13214898480799953,20.047969846739417,
1169460,584.73,0.09715567643769234,1.3622763824179398,1.1706207027776923,0.4981444563822981,1.0228122002478435,0.616722686751803,1.2417151225860157,-2.3404268473400003,-0.18003283441076925,2.600891709343,0.20006859302638463,0.2604648620029999,9.985576132388424,
1173465,586.7325,0.07032954233538462,1.3112969879677685,1.1358685630953846,0.5476664932670293,1.1220209470989757,0.6550594584332241,1.3060981009260721,-2.41684749722,-0.18591134594,2.589154087005,0.1991656990003846,0.1723065897849998,15.026436831207018,
1177470,588.735,0.0813730129869231,1.2943323337510457,1.1164298974592308,0.5399325795515335,1.0901705927132777,0.6362549777720148,1.2907956280727286,-2.4554947167599996,-0.18888420898153843,2.546862943098,0.19591253408446155,0.09136822633800046,27.87471143060537,
1181475,590.7375,0.08363031881846156,1.3478071590693559,1.1631245842276923,0.5185460393063835,1.0623145287993778,0.6279893728638286,1.261562609602174,-2.29302047193,-0.17638619014846152,2.587291020916,0.1990223862243077,0.29427054898600025,8.792218690695714,
1185480,592.74,0.09472068914000001,1.3865240599102495,1.193198575413846,0.5402900146812086,1.0916659865028018,0.6491408437963061,1.3066994195742494,-2.31119982899,-0.17778460223,2.539388200261,0.19533755386623078,0.228188371271,11.128473314028714,
1189485,594.7425,0.08872314599769232,1.3370954866978495,1.1516315020023078,0.5504837020997985,1.1268519597795579,0.6541212161377298,1.31816433892837,-2.25356392561,-0.17335107120076923,2.573465837155,0.19795891055038461,0.31990191154500014,8.044546607196482,
1193490,596.745,0.09287196856615382,1.385228668112783,1.1927765607876923,0.5334883760590995,1.0964023471518147,0.6415167566292712,1.2788860847481844,-2.26607117056,-0.17431316696615384,2.554020704702,0.19646313113092306,0.28794953414199975,8.86968166943624,
1197495,598.7475,0.07752241538384613,1.3571276933595873,1.173646495893077,0.531357465536381,1.0853126436586737,0.6432468603022028,1.275281516495776,-2.52001464366,-0.19384728028153847,2.528432589029,0.19449481454069228,0.008417945368999646,300.3621998237639,
1201500,600.75,0.08590115950769227,1.3305434385603363,1.146909796276923,0.5242826947783902,1.059668936938486,0.6380977797445866,1.2707085194645258,-2.50404635071,-0.19261895005461538,2.5734574366369998,0.19795826435669228,0.06941108592699985,37.07559681955594,
1205505,602.7525,0.07202346050076923,1.3170753114423441,1.1402775920376924,0.5085758337467806,1.031225771756769,0.6163146670231796,1.222413826400056,-2.3861946016499997,-0.18355343089615384,2.59777621553,0.19982893965615386,0.2115816138800004,12.277892052583274,
1209510,604.755,0.07637206866076922,1.2970445914599695,1.1208317875853848,0.5262615879810515,1.0727502616707918,0.6416446791635527,1.2908383156976928,-2.4554566591800002,-0.18888128147538463,2.597227275379,0.19978671349069232,0.141770616199,18.319926547637593,
1213515,606.7575,0.05734000297538463,1.3321708276353377,1.159245449763077,0.5012396299921437,1.024274864431078,0.6170971897391296,1.2310371745987985,-2.35277576743,-0.18098275134076922,2.633779361839,0.20259841244915386,0.28100359440900036,9.372760399660717,
1217520,608.76,0.09693563443153848,1.3350935284039382,1.1460592975992308,0.5211752314276279,1.06822494120768,0.6376705348018645,1.2735240582456164,-2.29017801582,-0.17616753967846155,2.58983302861,0.19921792527769233,0.2996550127900002,8.642715516409428,
1221525,610.7625,0.10050955185384616,1.3399460040481186,1.1494553455923078,0.5061140669014114,1.0110967258548986,0.5922609478105606,1.1524622827594722,-2.49367630482,-0.1918212542169231,2.613584868606,0.20104498989276923,0.11990856378599979,21.796482136759238,
1225530,612.765,0.07681807646076921,1.2978495436188162,1.121219144416154,0.5259811423559414,1.0671390034531656,0.6446470308141176,1.2919500921274427,-2.45996531843,-0.1892281014176923,2.609611127531,0.20073931750238463,0.149645809101,17.438584770320585,
1229535,614.7675,0.07422045560307691,1.343603385043548,1.1629283428123076,0.5455135922409753,1.120357759898509,0.6327790679512977,1.2725534571685777,-2.41457305848,-0.18573638911384613,2.578925283613,0.19837886797023077,0.1643522251330003,15.691453410661353,
1233540,616.77,0.10083685471153844,1.316891846779592,1.1290308053653846,0.5028683409129561,1.0282648070444855,0.6085022232289587,1.2338999356859444,-2.4238344282,-0.1864488021692308,2.589862104512,0.19922016188553845,0.16602767631199988,15.598978206772712,
1237545,618.7725,0.0994728895361538,1.3437402432151035,1.1531275235715386,0.5093654329272095,1.045450198450034,0.6159993983028986,1.248006141671052,-2.32947590947,-0.1791904545746154,2.593886900685,0.19952976159115382,0.26441099121499967,9.810057020571588,
1241550,620.775,0.06545095718230767,1.3020534921774305,1.1294536269561537,0.4793566647883517,0.9727402704295318,0.6067986220470775,1.2315819131943126,-2.64317709208,-0.20332131477538462,2.637278918186,0.20286760909123075,-0.005898173894000269,447.13481928172524,
1245555,622.7775,0.08710346771615383,1.3217255231418215,1.1384100455453847,0.5279288614621669,1.0927381133736878,0.6393463490702296,1.3064109789858187,-2.5275393724399997,-0.19442610557230766,2.579436372979,0.19841818253684615,0.05189700053900026,49.702995282753776,
1249560,624.78,0.07262365634846155,1.3135027366322796,1.136304195113077,0.5054248669477135,1.0284956566512111,0.6038606923331427,1.207185873622703,-2.3015078455199998,-0.17703906503999997,2.581388508913,0.19856834683946156,0.27988066339300044,9.223175612129689,
1253565,626.7825,0.07875283864615386,1.3430647381962064,1.1607884351999997,0.5171235352322155,1.0528768206469126,0.6222388899736002,1.251284570781168,-2.34220020473,-0.1801692465176923,2.550542125481,0.19619554811392306,0.20834192075099978,12.242097587884317,
1257570,628.785,0.06713596674000001,1.3298448529838283,1.1534390724599999,0.4888691054903415,0.9957760891227467,0.6010623066378039,1.1958191505233755,-2.3648194670700002,-0.1819091897746154,2.596903560687,0.19976181236053847,0.2320840936169999,11.189493946847463,
1261575,630.7875,0.0786058810984615,1.357258789057566,1.1733896457169228,0.5051875091772023,1.0180984980443812,0.6228742219497517,1.2250402198510921,-2.36270746589,-0.1817467281453846,2.573446599767,0.1979574307513077,0.21073913387700038,12.21152688835199,
1265580,632.79,0.09355482688384614,1.3367938142573201,1.1495510981623078,0.48947556654466073,0.9941890394084154,0.5914559717898318,1.1834874783893607,-2.34061077236,-0.18004698248923076,2.602280445407,0.20017541887746154,0.2616696730470003,9.944906549944696,
1269585,634.7925,0.06418816860384616,1.3262017100486376,1.151362254073077,0.5032667151471534,1.0211586380683824,0.6093540824643855,1.2069906917412347,-2.42901042101,-0.1868469554623077,2.626110598452,0.20200850757323077,0.19710017744200004,13.323735333646649,
1273590,636.795,0.10486555558461538,1.3777179894155618,1.1814575516307693,0.4403483287741881,0.8984346165628748,0.553509040659504,1.0904882966604752,-2.48404031992,-0.19108002460923076,2.681594476098,0.20627649816138463,0.1975541561780001,13.573971451564056,
1277595,638.7975,0.08503121137,1.355495018342516,1.1693650071376924,0.47614976702830375,0.9766390805825774,0.5800146746976858,1.17157075182639,-2.4832698703,-0.19102075925384615,2.652149066346,0.20401146664199998,0.16887919604599988,15.704415513818521,
1281600,640.8,0.06201008650230769,1.29463699582095,1.1240973839438462,0.48693668238766724,0.9997688942177498,0.6088588192215207,1.2269299388915729,-2.6066073775199996,-0.20050825980923073,2.599012671045,0.19992405161884616,-0.007594706474999491,342.2137089300972,
1285605,642.8025,0.047455232877692335,1.2622365091307257,1.100984211153077,0.4620631771750968,0.9373664386093151,0.5916647231694194,1.173096744509858,-2.2359306961400005,-0.17199466893384618,2.621873060269,0.20168254309761538,0.3859423641289994,6.7934316207708445,
1289610,644.805,0.06742821748615384,1.3052800322531426,1.1313976003600001,0.4867295173736362,0.9869908179053309,0.6159557314007439,1.2145058255128884,-2.46195665003,-0.18938128077153846,2.6076669171380003,0.20058976285676924,0.1457102671080004,17.896246907606027,
1293615,646.8075,0.0764141862176923,1.330210573456716,1.1502843774284615,0.48414888141706935,0.9901376870402854,0.5940078407212646,1.196572485340101,-2.44162318111,-0.18781716777769233,2.615019686511,0.20115536050084615,0.1733965054009996,15.081155646496233,
1297620,648.81,0.1065866717884615,1.3499625752947666,1.156115536503846,0.48569686057642686,0.999062944680995,0.5948887496943026,1.2151668391488633,-2.40178132057,-0.1847524092746154,2.592079509056,0.19939073146584615,0.190298188486,13.621146526293371,
1301625,650.8125,0.0364241416646154,1.2158628379515333,1.0642127990738464,0.5142857480609464,1.0477938084349219,0.632743176898602,1.272393826915422,-2.37354779245,-0.18258059941923077,2.550876058638,0.19622123527984614,0.1773282661879998,14.385050468680573,
1305630,652.815,0.057398855683846145,1.259659576391809,1.094957035316154,0.4688953930591528,0.9531322064941635,0.5635079152916582,1.1286210398995165,-2.49083584546,-0.1916027573430769,2.586763903493,0.19898183873023076,0.09592805803299997,26.965665275983525,
1309635,654.8175,0.07414025067923079,1.2718969708463674,1.0994380116438462,0.4475588654899996,0.905313159078988,0.566102303278903,1.1399464490246187,-2.39490827919,-0.18422371378384617,2.593505879875,0.19950045229807692,0.19859760068499988,13.059099762179997,
1313640,656.82,0.06528303715230771,1.2694068435900938,1.100502715663077,0.44675372387580176,0.9001642681055984,0.5566114786189265,1.0954929690920079,-2.5469319224499998,-0.19591784018846153,2.587444551286,0.19903419625276925,0.040512628836000264,63.86760438973907,
1317645,658.8225,0.04590396239846155,1.238100886886095,1.0802537615553847,0.44524086814981495,0.9087968146150098,0.5597348123563053,1.121734854860664,-2.36861982941,-0.18220152533923079,2.6119456142260002,0.20091889340200003,0.2433257848160002,10.734356065885576,
1321650,660.825,0.07915753585076923,1.2587670185208164,1.085796631303077,0.47728341314090106,0.980779471046559,0.5744730379519176,1.1622185220277699,-2.3659166992,-0.18199359224615386,2.570052195345,0.19769632271884616,0.20413549614500015,12.589932882223765,
1325655,662.8275,0.048946004643846144,1.2312651019405096,1.0730563952330767,0.46152692572645143,0.9449116863750061,0.566635252270724,1.1408941063438027,-2.47494494913,-0.1903803807023077,2.5856513976980002,0.19889626136138464,0.11070644856800005,23.35592398766,
1329660,664.83,0.055026324893846144,1.2301829272053924,1.0696444007061539,0.4488163440757322,0.9106324162194811,0.5421555574240442,1.0721228124246787,-2.306885764,-0.17745275107692307,2.575150635078,0.19808851039061537,0.2682648710779998,9.599283815021973,
1333665,666.8325,0.07471773716384614,1.2656584855415165,1.0936967455438462,0.4631908934331573,0.9443611148188193,0.5683882580602831,1.1419824845949555,-2.50944781305,-0.1930344471576923,2.584799457334,0.19883072748723077,0.07535164428399987,34.30315929924378,
1337670,668.835,0.05630543139769229,1.2500100351474082,1.086867676325385,0.4590639831281339,0.9290597847666962,0.5718405376957896,1.1400859090577826,-2.53874853253,-0.19528834865615385,2.657677302136,0.20443671554892306,0.11892876960599974,22.346798936377166,
1341675,670.8375,0.08530833170923076,1.297306241339088,1.1176771017215386,0.45457558585287366,0.9332544447422825,0.543814489350631,1.0932286899551191,-2.57410711051,-0.19800823927,2.624409973617,0.20187769027823077,0.05030286310699994,52.172178908277644,
1345680,672.84,0.06773416353923079,1.279523852422284,1.1086470943223077,0.4400377267296375,0.9131074517350085,0.5478630417476956,1.115027918911484,-2.4723597764900003,-0.19018152126846155,2.624163817615,0.20185875520115384,0.15180404112499968,17.286521479716015,
1349685,674.8425,0.07790166139923074,1.2762086773508168,1.1016414303084616,0.45077895407845064,0.9130716851426282,0.5564797095721739,1.103645044803407,-2.46521550417,-0.18963196185923079,2.629411783086,0.20226244485276926,0.16419627891600008,16.01383295921804,
1353690,676.845,0.06302683169769231,1.2447736379060133,1.0795736679638461,0.4430052917448682,0.8992433982763727,0.5465340229053949,1.1047368293164161,-2.47192537783,-0.19014810598692305,2.661079157128,0.20469839670215384,0.18915377929800004,14.068337238642401,
1357695,678.8475,0.06220317344230767,1.2532071375233522,1.0873609093423076,0.4503981123820069,0.918648481968056,0.5424299951635253,1.0761491827455776,-2.4680872857600002,-0.18985286813538463,2.623384784905,0.2017988296080769,0.15529749914499957,16.892640250797434,
1361700,680.85,0.0730384313176923,1.267814049016027,1.0962739174207692,0.4516590649581908,0.9218143614413173,0.5595007224971766,1.1279916259984586,-2.3775707930400003,-0.18289006100307695,2.629817221324,0.20229363240953846,0.2522464282839998,10.42558754633043,
1365705,682.8525,0.05060434799999999,1.2229780420387732,1.0650422527230767,0.4584549258826866,0.9395589554406235,0.557943007312594,1.1311445448937838,-2.52265495062,-0.19405038081692305,2.617472385994,0.20134402969184617,0.09481743537400034,27.605391093627187,
1369710,684.855,0.06011595175846158,1.2149499820212688,1.0541158914569233,0.45670369286664425,0.9292063001072124,0.5759011971234198,1.1493783968144815,-2.56501078605,-0.19730852200384616,2.5979077871819998,0.19983906055246153,0.03289700113199956,78.9709608106182,
1373715,686.8575,0.060265348500769214,1.231702579451789,1.06901244933,0.4655726314056292,0.957464411619522,0.5518519698278924,1.1028524170013738,-2.50340074301,-0.19256928792384614,2.596594974403,0.19973807495407694,0.09319423139300032,27.86218562663125,
1377720,688.86,0.036855780157692315,1.1790303254519787,1.0311378607346156,0.4471317323508407,0.9145322668226803,0.5434121540924929,1.0905701198933355,-2.47469756006,-0.19036135077384617,2.629327315843,0.20225594737253846,0.1546297557830001,17.004019068185496,
1381725,690.8625,0.10708771760461538,1.2600456346599735,1.0762852017646154,0.4273836442321525,0.864946963671417,0.501887072892157,1.0011353247348758,-2.36833164096,-0.1821793569969231,2.660182654851,0.20462943498853844,0.29185101389099977,9.114865216279572,
1385730,692.865,0.07722028860230769,1.2169733596663193,1.0495365261976923,0.41242620887487697,0.833036714621376,0.4999840903594634,0.9926793816150284,-2.28154049817,-0.17550311524384615,2.663944043227,0.20491877255592308,0.382403545057,6.9663162846200075,
1389735,694.8675,0.06505391231076926,1.2062482376850112,1.0446983209046155,0.4539872801079129,0.9229609457483983,0.554395495630146,1.112205300642854,-2.42281757295,-0.1863705825346154,2.6336528100120002,0.2025886776932308,0.21083523706200014,12.491521088751991,
1393740,696.87,0.06869927736846154,1.1880958629624052,1.0271502183084615,0.4496279215056258,0.9256775799282325,0.5486253687176743,1.1024053569766212,-2.5161181092300002,-0.19354754686384618,2.624985912805,0.2019219932926923,0.10886780357499992,24.111682486517935,
1397745,698.8725,0.040185272699230765,1.1503516809565866,1.0047242228853848,0.4538436539141386,0.932145497605929,0.5404519141384072,1.0812201953325795,-2.51369580628,-0.1933612158676923,2.640394534919,0.20310727191684613,0.126698728639,20.83994498825809,
1401750,700.875,0.046073510094615404,1.1834617310182958,1.031790146459231,0.4076807486303444,0.8277126293522583,0.5132302891235855,1.0160112286950027,-2.40551215409,-0.18503939646846154,2.679353307937,0.20610410061053847,0.27384115384700003,9.784333984489427,
1405755,702.8775,0.04219814447230769,1.1589393646418376,1.01155435122,0.4453385627839502,0.9079946729314622,0.541591862523829,1.1005987055796784,-2.45826655624,-0.18909742740307692,2.6287996377739997,0.20221535675184613,0.17053308153399982,15.415188737147671,
1409760,704.88,0.04601154418999999,1.175708719429936,1.0247825063176923,0.4490408680868542,0.9287690443108219,0.5404919548110314,1.0895549301913319,-2.55323597788,-0.19640276752923078,2.633889457198,0.20260688132292307,0.08065347931799982,32.65686092490969,
1413765,706.8825,0.057790536134615385,1.2021300473900374,1.0437327898346154,0.4109181097306169,0.8415258739085986,0.5124073567791168,1.0257376111813836,-2.40767681598,-0.18520590892153846,2.669721029698,0.2053631561306154,0.26204421371800013,10.188055640759275,
1417770,708.885,0.058210235379230764,1.1725905878250242,1.0174196224976921,0.4309892263655275,0.8779631015467799,0.5190806674247382,1.034537937586593,-2.4278363287499998,-0.1867566406730769,2.658484930164,0.20449884078184616,0.23064860141400034,11.526126383884634,
1421775,710.8875,0.02458491692769231,1.16698657357894,1.02540137218,0.41279518426133943,0.852474471638667,0.5020879970143444,0.9967366229979147,-2.2314214110100004,-0.1716478008469231,2.639252766968,0.2030194436129231,0.4078313559579998,6.471431704333694,
1425780,712.89,0.0556635077123077,1.2459467804994246,1.0834681116569231,0.42755429071521583,0.8803680519464773,0.5293485713934897,1.0720952772654069,-2.46776199341,-0.18982784564692307,2.643747881058,0.20336522161984616,0.17598588764800027,15.022499340094337,
1429785,714.8925,0.062089493643846166,1.1990201988711837,1.03941730811,0.4182761793111596,0.8630653398262762,0.5072424538494543,1.0147362817584478,-2.43335989117,-0.18718153009,2.658011022959,0.20446238638146155,0.2246511317890003,11.831727718405135,
1433790,716.895,0.05900516876923078,1.2054340141856064,1.046243851,0.43988289903978683,0.9027183571795278,0.5476560545118411,1.0988970296819471,-2.58040693403,-0.19849284107923076,2.640188686553,0.20309143742715385,0.059781752523,44.163788700192974,
1437795,718.8975,0.0335605923953846,1.1484095616019632,1.0055222098661538,0.41644018466604094,0.8568912188526644,0.5137475811803113,1.0279083038275363,-2.60170143841,-0.20013087987769232,2.66568446529,0.20505265117615384,0.0639830268799999,41.66236883868417,
1441800,720.9,0.0323394628653846,1.151971102570708,1.0090979062576924,0.436132145075607,0.8960962728817138,0.5336073055554196,1.0708873714907337,-2.48632484674,-0.19125575744153847,2.66177276151,0.2047517508853846,0.17544791476999988,15.1712989293683,
1445805,722.9025,0.09534952274076923,1.2246546357075712,1.0491419847207692,0.38518726599003406,0.7849142779499463,0.4870300156276717,0.9717526934195165,-2.4813461601699998,-0.19087278155153845,2.647959712888,0.2036892086836923,0.16661355271800016,15.89282306085732,
1449810,724.905,0.07438454719615387,1.172732292722754,1.0113259416346154,0.41330006342957637,0.8399999052576856,0.5201203161074155,1.0258092933898153,-2.4660504460499997,-0.1896961881576923,2.60019498692,0.20001499899384617,0.13414454087000038,19.383531898177292,
1453815,726.9075,0.04906927621846153,1.1510857515874187,1.0019255051199998,0.4244651495554019,0.8711152124029284,0.5271620787124105,1.0734698948807244,-2.24461185935,-0.17266245071923075,2.610663814472,0.20082029342092306,0.36605195512199984,7.131948833880434,
1457820,728.91,0.07440451475461538,1.175429839649277,1.0136860700761539,0.4177472096178517,0.8535854396395057,0.5094957070095147,1.0212738675971456,-2.44705793262,-0.18823522558615385,2.602969638982,0.20022843376784616,0.15591170636200014,16.695152017247203,
1461825,730.9125,0.06121895405153846,1.1693174353779778,1.013375231856154,0.40630569814913403,0.8270164019127757,0.5005102932572478,1.0035186815650015,-2.5039205551,-0.1926092734692308,2.5789883509269997,0.1983837193020769,0.07506779582699963,34.3554559250748,
1465830,732.915,0.054139549914615386,1.1852398883757564,1.03024623027,0.4067121058135227,0.8439711874311079,0.4916740513413014,1.000560998694079,-2.30802351236,-0.17754027018153848,2.630823012442,0.2023710009570769,0.32279950008199965,8.15002195410371,
1469835,734.9175,0.06394628377923076,1.1663572204101789,1.00967964759,0.38959675213556805,0.7853370992360994,0.4967383623077809,0.9897817736381987,-2.42501112819,-0.18653931755307693,2.664035029719,0.20492577151684616,0.23902390152899988,11.145475463656853,
1473840,736.92,0.0790111376646154,1.1877549997264203,1.022950089889231,0.3944052302145437,0.8030532157660133,0.48957562201783694,0.9807065716270512,-2.5428353846,-0.1956027218923077,2.649242978557,0.20378792142746155,0.10640759395699995,24.897123222498365,
1477845,738.9225,0.04303863873769233,1.158707065483915,1.0109723210315384,0.40985128196320125,0.8387050281959616,0.502809385107009,1.0105289492707923,-2.4365222751999998,-0.18742479039999999,2.642804607739,0.20329266213376923,0.2062823325390002,12.81158970431627,
1481850,740.925,0.09009332382153845,1.1984898485226574,1.028188022286154,0.4057280170342969,0.8306696931691305,0.48868137130027844,0.983656210426065,-2.44028106332,-0.18771392794769232,2.646655272695,0.2035888671303846,0.20637420937499984,12.824544698246658,
1485855,742.9275,0.08595571151076921,1.1815331188487324,1.014656983889231,0.39737911564419026,0.8185355304743867,0.475804266400636,0.9556929459639116,-2.4521567225500003,-0.18862744019615388,2.689543932693,0.20688799482253847,0.2373872101429999,11.329776069539902,
1489860,744.93,0.04275686924,1.1499974217109339,1.0033691479599998,0.41297964706732126,0.8583814754686181,0.5088173367224725,1.0227329240702485,-2.5408391952400002,-0.1954491688646154,2.683673817668,0.2064364475129231,0.14283462242799994,18.788678627416026,
1493865,746.9325,0.047267579116153875,1.164396683961757,1.0144137098223078,0.402449783528137,0.8357359130669191,0.5061823310326823,1.0169464832653259,-2.5155868828299996,-0.19350668329461534,2.6786911487569998,0.20605316528899997,0.1631042659270001,16.423182640458283,
1497870,748.935,0.056668785895384606,1.1763230060153589,1.0213083212123075,0.3900898021689771,0.7897832423639753,0.48590758826371466,0.974237022752358,-2.51537939906,-0.1934907230046154,2.720233645269,0.20924874194376922,0.20485424620899995,13.278873616774904,
1501875,750.9375,0.056655792091538454,1.170696121731164,1.0163836846007692,0.39760991958134684,0.8132112233647385,0.4833750146280757,0.9607696310221863,-2.50203168393,-0.19246397568692306,2.685052987196,0.20654253747661538,0.18302130326599997,14.67071285845665,
1505880,752.94,0.07684440338,1.19345064812357,1.0287812077123077,0.39280629324316424,0.8041442865307395,0.5048827697810154,1.0096039888820199,-2.45669350028,-0.18897642309846155,2.717251526174,0.20901934816723078,0.2605580258939999,10.428585021900002,
1509885,754.9425,0.07391887902923076,1.1846974443796323,1.0221586548323076,0.39974974598197216,0.8138679998079037,0.49969961871464685,1.005424800107718,-2.44445210696,-0.18803477745846153,2.689426220946,0.20687894007276922,0.24497411398599978,10.978409829455288,
1513890,756.945,0.05685385832615386,1.1859387592818051,1.0298255269353846,0.3915296163827806,0.8052959662881927,0.48249803340938047,0.9750372513205036,-2.44260919094,-0.1878930146876923,2.734923996035,0.21037876892576923,0.2923148050950002,9.356091269979192,
1517895,758.9475,0.05114739675538461,1.164673786212758,1.013023220583077,0.4090761853099151,0.8240061395232386,0.5090721561406907,1.0190342891601107,-2.515196532,-0.1934766563076923,2.709972750389,0.20845944233761537,0.19477621838899983,13.913262988691683,
1521900,760.95,0.05329946829615384,1.1348096466000377,0.9858801319038462,0.40119269748866276,0.8183173473793625,0.49772737649532733,0.9975140598092233,-2.6183091103900002,-0.2014083931069231,2.705867605284,0.20814366194492306,0.08755849489399958,30.903541781523177,
1525905,762.9525,0.0563712165923077,1.1509496393761216,0.9988587773769232,0.3785075065662422,0.7731281354332369,0.470516432101301,0.9472412493204885,-2.707049191,-0.20823455315384615,2.732428394257,0.21018679955823077,0.02537920325700016,107.66407308327673,
1529910,764.955,0.046280952601538465,1.1589242124465822,1.0099294735830768,0.36420681043687186,0.7329301605492351,0.4564703860613207,0.9179512210096359,-2.38886129855,-0.1837585614269231,2.74791151656,0.21137780896615382,0.3590502180099997,7.6532790643883395,
1533915,766.9575,0.05527140086230769,1.1387180242908932,0.9884012158146154,0.3791306417786303,0.7739261742171665,0.46752182873393255,0.9432176499287586,-2.52560770512,-0.19427751577846156,2.769714508198,0.21305496216907693,0.24410680307800003,11.346322483740801,
1537920,768.96,0.07174087488307691,1.1280318468297346,0.9727163039784615,0.37395387797496377,0.7660184105964941,0.46062652342999566,0.9238366849589306,-2.46652108428,-0.18973239109846154,2.773007057607,0.21330823520053846,0.3064859733269998,9.0477454074167,
1541925,770.9625,0.05712509154769231,1.1516922480553435,0.9993784977753848,0.38785886037053496,0.787623648995137,0.48363968232655863,0.9737688489066479,-2.59135377407,-0.1993349056976923,2.716879848375,0.2089907575673077,0.12552607430500018,21.64394818700051,
1545930,772.965,0.09061215015384617,1.176538764236185,1.0084638274615385,0.3771563038317265,0.768626193444566,0.46817656005408004,0.9347712116258357,-2.52032849194,-0.19387142245692307,2.797065295295,0.21515886886884614,0.27673680335499995,10.107312295961245,
1549935,774.9675,0.07654932370615386,1.1647501324145766,1.00345434134,0.3787519310897491,0.7671924998170493,0.47693937128383634,0.954498800825347,-2.64452078938,-0.20342467610615383,2.775656316428,0.2135120243406154,0.1311355270479999,21.16631838000711,
1553940,776.97,0.07765575097307692,1.1509810251736219,0.9908579908884614,0.3641087087119288,0.7425596950091374,0.45568723584400933,0.9163667446432842,-2.57913342116,-0.19839487855076923,2.783711567533,0.214131659041,0.2045781463730001,13.60708177723713,
1557945,778.9725,0.05332500201384614,1.1130138373284066,0.9664553037092307,0.37953273485291533,0.7571132579688459,0.46968810143740936,0.9243334311465154,-2.62717458607,-0.2020903527746154,2.777075119322,0.21362116302476922,0.1499005332519996,18.526119014222754,
1561950,780.975,0.05879549796846154,1.1368093082896347,0.9855090196315387,0.3809307247758671,0.7779461898702965,0.4652637150893184,0.931980308977853,-2.56079301238,-0.1969840778753846,2.766685824839,0.21282198652607692,0.20589281245900004,13.437505621474461,
1565955,782.9775,0.06841413792153848,1.1250540812449865,0.9713938419707691,0.3605863101797247,0.7294996251083804,0.45608574409253144,0.8985088848793387,-2.49760654569,-0.19212358043769232,2.782729443147,0.2140561110113077,0.28512289745700015,9.759754365454526,
1569960,784.98,0.06102563325923076,1.1184078772966517,0.9683350828946155,0.3643698621310433,0.7410763841975664,0.4523286269469701,0.9041373856163756,-2.64812451603,-0.20370188584846155,2.758123818773,0.21216337067484614,0.10999930274299974,25.074011834575238,
1573965,786.9825,0.0677602474546154,1.1231040214234942,0.9699393235761539,0.37050328934074606,0.7590886996400241,0.4650853752028682,0.9379810392529357,-2.41885218024,-0.18606555232615385,2.73124000802,0.2100953852323077,0.31238782777999985,8.743106373349107,
1577970,788.985,0.07721499296230767,1.1001319253340673,0.94589778093,0.3727091326618485,0.7597087105870446,0.4663584703415748,0.9375336647831942,-2.63728943467,-0.20286841805153846,2.756322335452,0.21202479503476923,0.1190329007819999,23.155970469878774,
1581975,790.9875,0.0750736640053846,1.1002509049190472,0.9468272832715384,0.38043622730003585,0.7784439361268651,0.4725767095549197,0.9501108304024488,-2.57907533645,-0.19839041049615383,2.762881096469,0.212529315113,0.18380576001900018,15.031526194736218,
1585980,792.99,0.06867183629846155,1.110948462509515,0.9587107209015385,0.3774474089062876,0.7633840569105178,0.4733938353003032,0.9549439258677129,-2.46201252939,-0.18938557918384616,2.749262243499,0.21148171103838462,0.287249714109,9.570983393409968,
1589985,794.9925,0.08163905143923077,1.1057640248055731,0.9489380763146152,0.3671718053273294,0.7541569063460529,0.4602266170179717,0.9205688934855624,-2.5116888582800003,-0.19320683525230772,2.7481992915310003,0.21139994550238464,0.23651043325099996,11.619780378206132,
1593990,796.995,0.08896209184923078,1.1449187201569555,0.9811188670276925,0.37208246525040095,0.7619814079972708,0.4572030284448246,0.9229125449086222,-2.55540373921,-0.19656951840076922,2.7620360702260003,0.21246431309430772,0.20663233101600031,13.366911444328261,
1597995,798.9975,0.07433275076384617,1.1399435824969828,0.9823068105284616,0.3580713270739976,0.7276072613076543,0.4473831377376672,0.8929318016378299,-2.60866069795,-0.2006662075346154,2.777163349081,0.2136279499293077,0.16850265113099994,16.481422282916693,
1602000,801.0,0.044877286140769246,1.0750723554448687,0.9361271353823076,0.35304201091286785,0.7142968049258422,0.4476342168547959,0.8840967049123022,-2.60461691023,-0.20035514694076922,2.764027759427,0.21261751995592307,0.1594108491970001,17.339019102841686,
1606005,803.0025,0.06695285669,1.1072937670304255,0.956214698463846,0.36092693015863564,0.7280192714586049,0.43658098887010777,0.8646161436089538,-2.5483675003100004,-0.19602826925461542,2.769852187479,0.213065552883,0.22148468716899972,12.505840574727934,
1610010,805.005,0.052675196747692284,1.0675160997248825,0.9263227856984616,0.3441299767906723,0.7044995849144697,0.44451886972933063,0.884205500336331,-2.67850387097,-0.20603875930538462,2.794696252797,0.21497663483053844,0.11619238182699965,24.05231916975469,
1614015,807.0075,0.05107940618692307,1.0717770087572713,0.9308161689669231,0.358943671247827,0.7386276254737186,0.4582441644998178,0.9189742701749298,-2.64609587193,-0.2035458363023077,2.780719481401,0.21390149856930768,0.13462360947099983,20.65551126082393,
1618020,809.01,0.07138395767846153,1.0882170034873886,0.9375977470292308,0.365713736632923,0.7473138121463314,0.45645963769739606,0.9172096637258084,-2.6545710265799998,-0.2041977712753846,2.798676017671,0.21528277059007694,0.1441049910910004,19.421090112719785,
1622025,811.0125,0.04635284497538462,1.103759088901047,0.9609648264399999,0.3683027499108428,0.7528600985401717,0.4540232014687607,0.9084396958565862,-2.72140741347,-0.20933903180538463,2.774107288565,0.21339286835115387,0.05269987509500007,52.6397317558006,
1626030,813.015,0.05883249869538459,1.1108850274685302,0.9625259362738461,0.36474920299936603,0.7461450973637248,0.44740552584030213,0.9078264117208118,-2.75883761043,-0.21221827772538462,2.810006622217,0.21615435555515386,0.05116901178700006,54.91617922804808,
1630035,815.0175,0.05497230932615384,1.0628126649365846,0.9213595848738462,0.35842596908537766,0.7358014903426281,0.45899759294657966,0.92248772459966,-2.58378607031,-0.19875277463923077,2.7877429612,0.21444176624615385,0.20395689089000024,13.668295045267724,
1634040,817.02,0.08029133998076927,1.1156150219671612,0.9584719263576923,0.3369569968574218,0.6923804279530399,0.43005411907638214,0.8585012245470153,-2.56043919919,-0.19695686147615385,2.784171149127,0.21416701147130768,0.22373194993699963,12.444226897012209,
1638045,819.0225,0.03845914969692306,1.0815223420381406,0.9443169786415384,0.35636792917776255,0.7194554280955515,0.44310681822371983,0.8902239835937964,-2.66487333179,-0.20499025629153847,2.767728492612,0.21290219173938463,0.10285516082200008,26.908989986431482,
1642050,821.025,0.07675000337000001,1.086122816065183,0.9336326489069232,0.34943631826502286,0.7219099805752355,0.4378057085697443,0.8774720273604957,-2.6060666143700004,-0.2004666626438462,2.767544493057,0.21288803792746155,0.1614778786869997,17.138845986585345,
1646055,823.0275,0.0497479668,1.0583739605524076,0.9193851168307692,0.3494074181925705,0.7087330251847848,0.43754997933615114,0.8725423282782333,-2.64140725138,-0.2031851731830769,2.808225184684,0.2160173218987692,0.16681793330399985,16.834072506859584,
1650060,825.03,0.05742510923846155,1.03816999748797,0.8984551658999999,0.35827008216301554,0.7324157578748038,0.44343531926632573,0.8889258015052341,-2.6303556859399997,-0.20233505276461536,2.748767655351,0.21144366579623078,0.1184119694110004,23.213596303007193,
1654065,827.0325,0.06243541607846156,1.0465029501536838,0.9040342385984614,0.33201172714010263,0.6703408938662512,0.4209602409339345,0.837767373290513,-2.56346404552,-0.19718954196307692,2.78622964769,0.21432535751461537,0.22276560216999997,12.507450075545028,
1658070,829.035,0.06704125037461538,1.0741851121258845,0.9268376277023075,0.3445590724237115,0.689457542162247,0.4388958172422369,0.872895638347398,-2.5050686001699995,-0.1926975846284615,2.786696914585,0.21436130112192306,0.28162831441500025,9.894945827352412,
1662075,831.0375,0.09209726406538461,1.1174900975362145,0.9555706977807693,0.3401452024241721,0.6795918603301545,0.4262323596883306,0.8582778718353794,-2.4378798007899998,-0.1875292154453846,2.775574784727,0.2135057526713077,0.33769498393700026,8.21917682154499,
1666080,833.04,0.04696026673307691,1.0534229068181706,0.9161379658207692,0.33329355699889646,0.6717623440354628,0.4163101468445636,0.8294110576726029,-2.61631366612,-0.20125489739384614,2.73482544721,0.21037118824692308,0.11851178109000005,23.07640153625843,
1670085,835.0425,0.04389057251384616,1.0295349237231295,0.8961152801169232,0.3499662126660714,0.7099715463266459,0.42376695998214375,0.8417353210173439,-2.5828102529,-0.19867771176153845,2.753290489311,0.21179157610084615,0.17048023641100007,16.150203374151037,
1674090,837.045,0.05690844242769232,1.074426701285204,0.9309608752953846,0.33559628340884395,0.6832144120453759,0.4119378052829931,0.8235213509370587,-2.59498971701,-0.19961459361615383,2.753012724236,0.21177020955661538,0.15802300722600027,17.421594314419767,
1678095,839.0475,0.06749734052307692,1.0749150684139617,0.9272643832,0.342294405814919,0.6933104685733543,0.433084969885491,0.8701651949059284,-2.58957386016,-0.1991979892430769,2.7286571078060002,0.20989670060046156,0.13908324764600044,19.61887685245224,
1682100,841.05,0.06255520766615384,1.072105154922368,0.9266915642415383,0.3309441680104611,0.676206296401619,0.4288746880026429,0.8578507632347938,-2.4168367982000003,-0.18591052293846155,2.778856962913,0.21375822791638463,0.3620201647129999,7.6759728705057215,
1686105,843.0525,0.05966965511153845,1.0658019330817738,0.9222244712115385,0.34102977643881266,0.6957986272102075,0.43099269534004914,0.8598146813344266,-2.45682162048,-0.18898627849846153,2.754512108853,0.21188554683484614,0.29769048837300005,9.252939601488555,
1690110,845.055,0.06128069528461539,1.0776906116788207,0.9321487637615385,0.34429543563562787,0.700046972056877,0.42558384308415115,0.8516503655713651,-2.40678620339,-0.18513740026076922,2.7300184145479998,0.21000141650369228,0.32323221115799994,8.445997398488027,
1694115,847.0575,0.022449328353076944,1.0404390032967172,0.9140654160469232,0.3427192739161557,0.6982416072800979,0.4366791463010407,0.8782610571562944,-2.5692594945400002,-0.19763534573384617,2.763963263472,0.2126125587286154,0.19470376893199992,14.195735802306483,
1698120,849.06,0.06100428104538459,1.0743033329498077,0.9292584841084616,0.3363091987009027,0.691511116142109,0.44052968053049174,0.8929086834694462,-2.61378514766,-0.20106039597384615,2.779699001464,0.21382300011261537,0.16591385380400014,16.753869178084162,
1702125,851.0625,0.06624449675076918,1.0440790410919092,0.9003748664492307,0.32090131876717903,0.6525248364515793,0.41676310664015825,0.8368396498229093,-2.53102463482,-0.19469420267846155,2.764522597198,0.21265558439984614,0.2334979623779998,11.83960052174945,
1706130,853.065,0.10499674540846156,1.112186717192079,0.9459431079761539,0.3234366111981904,0.6573516014905216,0.4027002012659156,0.8122271819067318,-2.46923360229,-0.18994104633,2.788093268865,0.2144687129896154,0.31885966657499987,8.743950901075175,
1710135,855.0675,0.06236743468307692,1.049766993227573,0.9069802256707692,0.33113202593003255,0.6730791461837122,0.42479166937473306,0.8479114158431466,-2.50771284104,-0.19290098777230769,2.738001469523,0.2106154976556154,0.23028862848300014,11.889434087819577,
1714140,857.07,0.06913385941384616,1.0371365163672848,0.893079583463077,0.3403546576333575,0.6890168496713978,0.42805986616522823,0.8604292414674639,-2.6766467690800004,-0.2058959053138462,2.744062323108,0.21108171716215385,0.06741555402799948,40.70369757650167,
1718145,859.0725,0.059124268023076944,1.0440112345883752,0.9031372437153846,0.3236006492064776,0.6601646352776285,0.4078510317398496,0.8119065261246261,-2.49251273273,-0.19173174867153844,2.723862256855,0.20952786591192307,0.2313495241250001,11.773796670458134,
1722150,861.075,0.06338692627923077,1.0350423371995672,0.8935098006130768,0.3232540991288965,0.6593579895868082,0.41425602718036036,0.8352689489325515,-2.53148925304,-0.19472994254153847,2.752867963151,0.21175907408853847,0.22137871011099985,12.435107069558336,
1726155,863.0775,0.049715674838461524,1.0281762888696264,0.8926892005461539,0.32933391297512665,0.6773684030370708,0.4171485726083199,0.8432525047762776,-2.62173369526,-0.2016718227123077,2.762714885166,0.21251652962815384,0.14098118990599984,19.59633683761684,
1730160,865.08,0.06755377696076922,1.0488434720084785,0.9041606096084613,0.30965783431839167,0.6310334863923169,0.39175477472847003,0.7664496589842317,-2.50436884164,-0.19264375704923076,2.773095205413,0.213315015801,0.2687263637730002,10.31940136605094,
1734165,867.0825,0.07350256809538462,1.0565297333057773,0.9086935061661539,0.31305977911200417,0.6363597546785135,0.3970099886097365,0.7863843808435992,-2.48811516167,-0.1913934739746154,2.791898157455,0.21476139672730768,0.3037829957849998,9.190435923645133,
1738170,869.085,0.0665057484876923,1.0484283737855584,0.904195120696923,0.31685771004647195,0.6477233014104093,0.4020336506891627,0.812923070992218,-2.5118411481600003,-0.19321854985846157,2.757589988384,0.21212230679876923,0.24574884022399957,11.221171932573363,
1742175,871.0875,0.06552955737384615,1.0548851959349357,0.9102973662876924,0.3267989357485609,0.6630989396172962,0.4096418879437795,0.8182954621438743,-2.54825392366,-0.19601953258923077,2.723352849488,0.20948868072984617,0.17509892582800024,15.55322419375177,
1746180,873.09,0.08349897311076923,1.0488695333915357,0.8979624968276922,0.32790392675663826,0.664259015564587,0.42384898239755625,0.8483908863319708,-2.58521553872,-0.1988627337476923,2.716505333794,0.20896194875338464,0.13128979507400018,20.690909999995576,
1750185,875.0925,0.08728961302307692,1.0727801406226842,0.9177896013615385,0.32323755427997664,0.6597617462158226,0.4110449289136273,0.8261732367885539,-2.4622610807300003,-0.18940469851769232,2.727887429285,0.2098374945603846,0.26562634855499967,10.26964171334898,
1754190,877.095,0.0718033084430769,1.0396861137123157,0.8943998859415385,0.31714728210610976,0.6451466671489947,0.3909126270503926,0.7863880904787955,-2.6087067723799997,-0.20066975172153845,2.733469735818,0.21026690275523074,0.12476296343800009,21.909304335948825,
1758195,879.0975,0.05051141518769232,1.025419505884448,0.8899365205046155,0.34215388925801926,0.6990429908957294,0.42161279827646064,0.844956401083431,-2.48850288986,-0.19142329921999998,2.720016058547,0.20923200450361537,0.231513168687,11.74886108627537,
1762200,881.1,0.07300698757076922,1.0315799253745814,0.8867493501061539,0.31821673339324896,0.6612262879303655,0.401129858205364,0.8161470114804357,-2.4862001538,-0.19124616567692307,2.759783808142,0.21229106216476923,0.27358365434200005,10.087531781749153,
1766205,883.1025,0.08716097703384618,1.0247260972286105,0.8752293724276924,0.3250924320527853,0.6520109386756128,0.40022777011783445,0.7947097822829133,-2.60078847404,-0.20006065184923075,2.731030151248,0.2100792424036923,0.13024167720800017,20.96894181488815,
1770210,885.105,0.06320781433461538,1.0020954139648102,0.86437078165,0.32167070912225143,0.6591488753557807,0.4045528536211176,0.8073387352055367,-2.5318847299,-0.19476036383846151,2.742399793119,0.2109538302399231,0.21051506321900026,13.027095311778535,
1774215,887.1075,0.05943822860076921,0.9702075062415215,0.8375329604453847,0.3222712158633319,0.657538947776672,0.403618158020092,0.8037670337464001,-2.4743501246,-0.19033462496923076,2.775073554377,0.21346719649053847,0.3007234297770003,9.227992499403323,
1778220,889.11,0.0649794477623077,0.9860350786293185,0.8494200293761539,0.3139119201885261,0.6445205067427652,0.39786952190513997,0.7955884614386244,-2.62092655893,-0.2016097353023077,2.795133363471,0.21501025872853846,0.1742068045409999,16.044914955162728,
1782225,891.1125,0.06477203277923077,1.0078673261235802,0.8688920690515385,0.3145499983610493,0.6386864349893216,0.4047742743805879,0.8118609515810437,-2.48946326972,-0.19149717459384613,2.756582066422,0.21204477434015387,0.26711879670200034,10.319685849353624,
1786230,893.115,0.05928691534,0.9900007258955512,0.8551504520292308,0.31498196127008465,0.6397345316406778,0.3986224477620669,0.8011566453474432,-2.60471284387,-0.20036252645153846,2.761378634711,0.21241374113161537,0.15666579084100007,17.62591960815185,
1790235,895.1175,0.07304352063692308,1.0089741085237587,0.8666910299938462,0.3211560521764038,0.6520245596163761,0.4033465504248016,0.8073694971945421,-2.66160997753,-0.20473922904076922,2.806617256247,0.2158936350959231,0.14500727871700025,19.355009493864532,
1794240,897.12,0.07492378125000002,1.0009044761810986,0.8588148172115386,0.31145464497528946,0.6296739267379191,0.39533924914631413,0.7934707594320654,-2.61377954482,-0.20105996498615383,2.816949266952,0.21668840515015386,0.20316972213200035,13.86500526452369,
1798245,899.1225,0.09236649366076925,1.046529561248715,0.8925744386776924,0.3012360942423498,0.6144076223648121,0.3846689052685672,0.7739912500675981,-2.69781398773,-0.2075241529023077,2.806578770281,0.21589067463699999,0.10876478255099986,25.80411328423328,
1802250,901.125,0.08402217809692306,1.0231780381105828,0.8750578394261539,0.3208285641039622,0.6553043992750938,0.4109879331451513,0.83161697972102,-2.7401588857,-0.21078145274615384,2.816456984723,0.21665053728638461,0.076298099023,36.91385527015531,
1806255,903.1275,0.07430861546846153,1.0162511555242115,0.8726564370700001,0.303666458686707,0.6177731067862495,0.3904747024667377,0.7785599147914624,-2.65483552218,-0.20421811709076923,2.827867150304,0.2175282423310769,0.17303162812399986,16.343065027842552,
1810260,905.13,0.0772068821446154,0.9879533752970151,0.8464305630092308,0.3090976982045393,0.6330869231596212,0.3909742766766949,0.7839417503327127,-2.71784931425,-0.20906533186538462,2.811620023091,0.2162784633146923,0.0937707088409998,29.98399028697181,
1814265,907.1325,0.0757670035676923,1.0035257137313325,0.8608150848938462,0.30073175802114077,0.6107785438896295,0.38275322249262406,0.7603473588029076,-2.48135840891,-0.19087372376230768,2.813348848367,0.21641144987438463,0.33199043945700035,8.474186343945568,
1818270,909.135,0.04398142374615385,0.9612303144945954,0.8355194421923078,0.305481597772016,0.6268325959237592,0.38406671876922055,0.7733934735276214,-2.55600062013,-0.1966154323176923,2.826338879777,0.21741068305976924,0.2703382596470001,10.454823832437006,
1822275,911.1375,0.05451500415615382,0.9681983812752522,0.8376529125053847,0.30858388967329897,0.63050218438034,0.39240949580934437,0.7807337911185991,-2.71294122938,-0.20868778687538464,2.8031533695779998,0.21562718227523076,0.09021214019799961,31.072906190071272,
1826280,913.14,0.07736581105384616,1.0173781736168481,0.8724884711769231,0.3047574018917528,0.6209454690004945,0.38059511279935127,0.7634197626433821,-2.54195129869,-0.19553471528384614,2.854870822269,0.21960544786684616,0.3129195235790001,9.123338772910586,
1830285,915.1425,0.06261853529769232,0.9950016462992037,0.8583141794561538,0.2953504425295529,0.6003031557668196,0.37504778096919406,0.7512562074979341,-2.6394786238699997,-0.20303681722076922,2.825025085362,0.21730962195092307,0.18554646149200016,15.22543228604659,
1834290,917.145,0.06892853516692309,0.9903306452275751,0.8517400301407694,0.2826856414443814,0.5734311880005223,0.363874338220794,0.7247034744170979,-2.60637950896,-0.20049073145846152,2.829898752273,0.21768451940561537,0.223519243313,12.660649303962687,
1838295,919.1475,0.07074693532153845,1.0099568816753797,0.8684485875553847,0.30517840152391174,0.6223286941711577,0.38187733758039827,0.7611735529236593,-2.64240604635,-0.20326200356538462,2.8318888358720002,0.21783760275938463,0.18948278952200015,14.945361755629,
1842300,921.15,0.06407968814538464,0.9888762501171153,0.8523179751161538,0.2949885593583128,0.6028927419793697,0.36925858045079873,0.7358034382987408,-2.57661613825,-0.19820124140384615,2.841140389438,0.21854926072599998,0.26452425118799994,10.740566797479653,
1846305,923.1525,0.0699597826376923,0.9931949152007422,0.8538750547623076,0.29975576569849377,0.6157631576543274,0.3772351914423121,0.7552024544905943,-2.7553921938,-0.21195324567692309,2.88948162646,0.22226781741999999,0.13408943265999973,21.548913804316232,
1850310,925.155,0.07236173061538462,0.9885366942227647,0.8488273208,0.291535638790694,0.5914223515975404,0.3780985350084958,0.7521703498700522,-2.5958557725,-0.19968121326923077,2.848397213966,0.21910747799738461,0.25254144146599966,11.278929895351402,
1854315,927.1575,0.06661118451230769,1.0007594290163784,0.861882351903077,0.296188560573146,0.6008249031217539,0.3752020019523752,0.7502451894670032,-2.71241170169,-0.20864705397615382,2.87564450874,0.2212034237492308,0.16323280705000043,17.61682936604252,
1858320,929.16,0.04935871179076924,0.9598959931212926,0.8322669221784615,0.28999725759843814,0.5850490286595581,0.37103576013853334,0.7406283581412313,-2.7033843696399997,-0.2079526438184615,2.90789634734,0.22368433441076924,0.20451197770000018,14.218709241595668,
1862325,931.1625,0.05673592824076924,0.9650870435539384,0.8340268960361539,0.2940534944116934,0.6015490101209099,0.3750226225727165,0.7530550381383455,-2.67870509625,-0.20605423817307691,2.880123868592,0.2215479898916923,0.201418772342,14.29918291678235,
1866330,933.165,0.0599607091692308,0.9715941678841528,0.8385610442923077,0.2881083125785477,0.5846995306469315,0.3713728099094989,0.7371230811308601,-2.73509415982,-0.21039185844769231,2.877357333883,0.22133517952946152,0.14226317406299982,20.225594942854226,
1870335,935.1675,0.07630254213692306,1.0080206810335948,0.8645876050015384,0.2853706872202162,0.5770770194917486,0.36573771101443836,0.7301990741984776,-2.6425600946100003,-0.20327385343153848,2.866113893675,0.22047029951346156,0.22355379906499984,12.82068972060572,
1874340,937.17,0.06191029456384616,0.9896494267733404,0.8538209704207691,0.30102687256910116,0.6094733579418844,0.3824805716324486,0.7651403241200007,-2.59153580663,-0.1993489082023077,2.8469604887060003,0.21899696066969232,0.2554246820760002,11.145988185507079,
1878345,939.1725,0.06316356934076924,0.9652573464596889,0.8317189079053846,0.2974988975105961,0.613989684468865,0.3813782780250695,0.773079675131556,-2.58489370346,-0.19883797718923077,2.857007194312,0.21976978417784615,0.272113490852,10.499322122422441,
1882350,941.175,0.05645388364923077,0.9530602710464878,0.8234639397046154,0.3061839826493125,0.6164919168170984,0.38487722398356006,0.7691040750279751,-2.59910821916,-0.19993140147384617,2.81454806027,0.21650369694384614,0.2154398411099998,13.064194838655405,
1886355,943.1775,0.06983193526615385,0.9648552784937634,0.8287826363953846,0.2985751255820184,0.6065536378152067,0.3801971118104231,0.760676845765711,-2.8202733099,-0.21694410076153847,2.858079988513,0.2198523068086923,0.0378066786129998,75.59722497099365,
1890360,945.18,0.06299160994538464,0.9696071284681498,0.8356348826392307,0.2938931117883972,0.5976784968502296,0.37726834168125234,0.7580307879740937,-2.65199536089,-0.2039996431453846,2.883574180307,0.22181339848515383,0.23157881941699987,12.451804476620113,
1894365,947.1825,0.08706615062615385,1.005732401599409,0.858433379573846,0.28172983054721806,0.5705687082561091,0.35078208501010405,0.6926549647567769,-2.6937098205,-0.20720844773076924,2.88454025985,0.22188771229615384,0.19083043935,15.115724041066095,
1898370,949.185,0.05497150237846153,0.9626712444279402,0.832566142083077,0.2953974559323969,0.5987195966443494,0.3743912657822195,0.7518119945518186,-2.6598944962099997,-0.20460726893923076,2.883496712897,0.2218074394536154,0.22360221668700042,12.895653520883178,
1902375,951.1875,0.05598662449846153,0.9529411199979568,0.8235515447784615,0.2983456557281455,0.6049704690295357,0.37445531454361825,0.7455630639779175,-2.7489040196400003,-0.2114541553569231,2.890480641285,0.22234466471423076,0.14157662164499962,20.41636964987637,
1906380,953.19,0.07440287333230768,0.963194247785736,0.8255567825753847,0.2869033867327262,0.5817406338394393,0.3673117938278642,0.7337018475975313,-2.79003205896,-0.21461785068923078,2.9189914315939998,0.2245378024303077,0.1289593726339997,22.634969230801126,
1910385,955.1925,0.06506650263846155,0.9539682824438797,0.8209764407153847,0.2878615679608657,0.588229510506285,0.3652994497114089,0.7315085387871781,-2.76601594685,-0.21277045745,2.900281559694,0.2230985815149231,0.13426561284400007,21.601074901164502,
1914390,957.195,0.04488862478384615,0.9174760874520708,0.7963762650161539,0.29175379256841494,0.5909762067454465,0.36891105181935824,0.7307701972968492,-2.76214441655,-0.21247264742692307,2.906118109833,0.22354754691023077,0.1439736932829998,20.185063281808233,
1918395,959.1975,0.061373087070000006,0.9555760381012999,0.8238217096992307,0.2898898355773248,0.5873758882943626,0.3553626376506201,0.7096173199143979,-2.7496100067900002,-0.21150846206076926,2.906865444029,0.22360503415607694,0.15725543723899982,18.484991648403803,
1922400,961.2,0.07956841817846155,0.9814388298028657,0.8397588408984615,0.28387753589101483,0.5790872732743145,0.35790197914748884,0.7133781859021051,-2.64286541937,-0.20329733995153848,2.918982647345,0.22453712671884615,0.27611722797499993,10.571533941407267,
1926405,963.2025,0.058802343328461536,0.9514304577509652,0.8211272542253849,0.2983488079099692,0.6030896068927776,0.37145028927389095,0.746374305374704,-2.68625512717,-0.2066350097823077,2.905737467113,0.223518266701,0.21948233994300015,13.239049063663272,
1930410,965.205,0.051186410282307686,0.9237142297584355,0.79949197861,0.282136974662134,0.5661013906826929,0.3639626767789823,0.7274435472151791,-2.73310655358,-0.21023896566,2.901066564033,0.22315896646407693,0.16796001045300013,17.27236475044635,
1934415,967.2075,0.055462828052307706,0.9517800505872126,0.8227323843938461,0.2918673677756074,0.5992217797566136,0.37167165776540056,0.7478389652179117,-2.6513226330300004,-0.20394789484846157,2.903426446011,0.22334049584700003,0.2521038129809998,11.516789102391805,
1938420,969.21,0.07522574295461536,0.9734246455201011,0.8343262259684615,0.28057197965295777,0.5683948622454426,0.35182325020597427,0.7035366269382852,-2.69980502127,-0.20767730932846154,2.899953961363,0.22307338164330767,0.20014894009299988,14.48897985677829,
1942425,971.2125,0.057199927474615365,0.9328497998644442,0.8052859398023078,0.280087166917645,0.5663771973808771,0.3584789704886698,0.7232531671218931,-2.7430639564800003,-0.2110049197292308,2.903626583521,0.22335589104007691,0.16056262704099966,18.084074962099113,
1946430,973.215,0.07459226938846154,0.9743952146605579,0.8354408649346153,0.2925464474639626,0.5954890964500626,0.37188232622115003,0.7503425935589951,-2.6329444647,-0.20253418959230768,2.848743081094,0.21913408316107694,0.21579861639400022,13.200933021242498,
1950435,975.2175,0.06874233484307692,0.9584076887994757,0.8235165476799999,0.2783235094064106,0.569832049387872,0.35131906251132833,0.7080926133522858,-2.6045253872500003,-0.2003481067115385,2.891351196921,0.22241163053238464,0.2868258096709999,10.080512629729833,
1954440,977.22,0.06886943028307693,0.9506031079898521,0.8165479394092308,0.27706095749183,0.5642307462114,0.3550592677681644,0.7043749964908347,-2.63565543296,-0.20274272561230772,2.872419428073,0.220955340621,0.23676399511299984,12.131994253189074,
1958445,979.2225,0.06875182116,0.9449350589432414,0.8115711303938462,0.2862774600680696,0.5851019780731294,0.37091706087389836,0.7435972974907987,-2.72387433048,-0.2095287946523077,2.906888581819,0.22360681398607693,0.18301425133899984,15.883400120761797,
1962450,981.225,0.07304488695538461,0.9747826043280214,0.8363872307984614,0.2796550329784229,0.5683989804471473,0.35084512369055104,0.7039993791651938,-2.66740089653,-0.20518468434846152,2.920662730928,0.22466636391753847,0.2532618343980002,11.5321865920713,
1966455,983.2275,0.06857529970076923,0.950975418681195,0.8169935391453845,0.2756906402841199,0.5546591414915649,0.3453924313557237,0.6897696851271503,-2.7349794804900003,-0.21038303696076927,2.9430501312060002,0.2263884716312308,0.20807065071599995,14.144475066899425,
1970460,985.23,0.042273778184615404,0.9139381895509334,0.7942636196461539,0.27868718438716267,0.5689438633075841,0.362130931389283,0.7264684628120075,-2.6270068586,-0.20207745066153848,2.908350918435,0.22371930141807692,0.2813440598349999,10.33734609552682,
1974465,987.2325,0.042841379453846175,0.9051403558668389,0.7862450159461538,0.27749574432916435,0.5619247516034414,0.3442401166517604,0.6840656429957804,-2.81126382949,-0.21625106380692308,2.920812644055,0.22467789569653848,0.1095488145650001,26.662202194090877,
1978470,989.235,0.06609704861307691,0.9297311279871672,0.7991179778023076,0.2859049492769431,0.5824096435283973,0.3623542739747315,0.728511506461152,-2.74332040548,-0.2110246465753846,2.900539569557,0.22311842842746155,0.15721916407699998,18.44902042690181,
1982475,991.2375,0.06394770970307694,0.9275731765350275,0.7980318298661538,0.2702593907903663,0.548504950750599,0.346074243511493,0.6946996979259856,-2.67823427916,-0.20601802147384612,2.96091045439,0.2277623426453846,0.2826761752300002,10.474566708640541,
1986480,993.24,0.04572363083000001,0.9002560454405358,0.7808135564469231,0.2747672463352914,0.5533868609377608,0.3473196085529534,0.6893276092206888,-2.8475979864400003,-0.2190459989569231,2.936232734478,0.2258640564983077,0.08863474803799987,33.127332107032856,
1990485,995.2425,0.053548221400769244,0.9159943557767829,0.7917623565684615,0.27958089934583863,0.5708356248122094,0.34383464257098684,0.6903397274490815,-2.69383865595,-0.20721835815,2.92988815903,0.2253760122330769,0.23604950307999983,12.412176771399633,
1994490,997.245,0.053709231891538464,0.915745023241412,0.7914756078007692,0.27336402570145696,0.5540356862706681,0.35037730813150747,0.7007967029258154,-2.81257399921,-0.21635184609307692,2.942145995799,0.22631892275376925,0.1295719965890001,22.706650150120254,
1998495,999.2475,0.049609028369230784,0.917026981153685,0.794194469076923,0.26975392909095147,0.5432810219366381,0.3520535448326064,0.7065816235095717,-2.67690226432,-0.20591555879384613,2.966362178342,0.2281817060263077,0.2894599140220002,10.24792047066159,
2002500,1001.25,0.05269167973000001,0.922577798238142,0.7979331566700001,0.27428145449299807,0.5619251376548346,0.34799439101768626,0.7004401013344165,-2.65422901507,-0.2041714626976923,2.933276209979,0.22563663153684616,0.2790471949090003,10.511756661576786,
2006505,1003.2525,0.048155734176923086,0.929189713588406,0.8055327443,0.2681860738841164,0.5446462001946454,0.3412284488969318,0.6803976000662266,-2.7395886778900005,-0.21073759060692313,2.923070587208,0.22485158363138463,0.18348190931799957,15.931110582362177,
2010510,1005.255,0.06813984651692309,0.94916594830929,0.8155695475138462,0.2719819900624764,0.5574636260214958,0.3464047509276948,0.699907472437623,-2.8305593431099996,-0.2177353340853846,2.905427511779,0.223494423983,0.07486816866900048,38.80724697066093,
2014515,1007.2575,0.056576380369230746,0.9350981141014428,0.8075400315846153,0.2664089696582582,0.5390187945616385,0.33827464194301105,0.6755132446812518,-2.6159842312399997,-0.20122955624923075,2.936034113152,0.22584877793476923,0.32004988191200034,9.173676601946944,
2018520,1009.26,0.05497951232384616,0.9285267876662612,0.8023164593223077,0.2713736075561437,0.5522384716304485,0.3463724884713069,0.690801227612149,-2.7238246500699996,-0.20952497308230766,2.912966761756,0.22407436628892308,0.18914211168600037,15.400942369681745,
2022525,1011.2625,0.06358054967538464,0.9404385845848371,0.8095732468784615,0.26929568934272086,0.5472477246078054,0.34688774262251554,0.6939044687102852,-2.6273239851000003,-0.20210184500769232,2.935985632225,0.2258450486326923,0.30866164712499966,9.51198718587802,
2026530,1013.265,0.04281532306076922,0.9059373632913532,0.7869727382315385,0.2636633157858866,0.535990406998901,0.33381232601920413,0.6695921599315702,-2.65282827617,-0.20406371355153846,2.927324268967,0.22517878992053844,0.27449599279699965,10.66436066748657,
2030535,1015.2675,0.0678044282446154,0.9508117082293334,0.8171598727861537,0.2697598501836973,0.5509835792374418,0.3440382705168305,0.6882290702814733,-2.81418240071,-0.2164755692853846,2.940251916646,0.2261732243573846,0.1260695159359999,23.32246534633035,
2034540,1017.27,0.03647053700538462,0.8978053461347926,0.7822012947176924,0.26859647372711215,0.5452879765885108,0.34072700057054905,0.6839961423306199,-2.71623471383,-0.20894113183307692,2.914574693868,0.22419805337446153,0.1983399800379999,14.694842125675304,
2038545,1019.2725,0.04567650648384615,0.9093548804079087,0.7889007054853846,0.27227955197521,0.5571259385996012,0.3390499729044828,0.6845689083849714,-2.69644856455,-0.20741912034999999,2.930087439696,0.22539134151507692,0.23363887514600012,12.541095474222766,
2042550,1021.275,0.05372200104307692,0.9168516654843083,0.7924554485569231,0.26724892476375384,0.5405040347906196,0.33617386523409015,0.6710109655456374,-2.70390832423,-0.2079929480176923,2.948377612982,0.22679827792169233,0.24446928875200014,12.060319020165178,
2046555,1023.2775,0.05060612238461538,0.9085984600510381,0.7863342945384617,0.2717048746799909,0.5490774922321588,0.34899703513812175,0.698609967234018,-2.8010739386299996,-0.21546722604846152,2.946668010207,0.22666677001592309,0.14559407157700033,20.238928538024954,
2050560,1025.28,0.05341644011538459,0.9242657668959827,0.7991510858846153,0.2682028355050209,0.5456018961052724,0.3348982740386294,0.6709066011863642,-2.68277075889,-0.20636698145307691,2.941304132347,0.22625416402669232,0.25853337345700034,11.376883738517428,
2054565,1027.2825,0.0611299734776923,0.9345967108951251,0.8053463789069232,0.270738490489271,0.55225026393059,0.3471656001865685,0.6877522799106159,-2.68008464574,-0.20616035736461538,2.927574384949,0.22519802961146154,0.24748973920900008,11.829073780213259,
2058570,1029.285,0.03997454734846155,0.9120668839469234,0.7934953570361538,0.2735379336419949,0.5596340866421471,0.3396757504995552,0.6782137930629303,-2.68962293867,-0.2068940722053846,2.933515686545,0.22565505281115383,0.24389274787499993,12.027892227646257,
2062575,1031.2875,0.03819367978153847,0.8784099113718299,0.7643227439723077,0.2592426369745213,0.5219572045476873,0.33530285485001526,0.673797840994494,-2.68084979058,-0.20621921465999998,2.952824633569,0.22714035642838462,0.2719748429890001,10.856977068604929,
2066580,1033.29,0.04513116983846154,0.9145691805858788,0.7937361643923077,0.26321728454619525,0.5374977811565856,0.3345865748384739,0.6705485943727055,-2.81293737886,-0.21637979837384616,2.948095325399,0.22677656349223077,0.13515794653900004,21.812223408916047,
2070585,1035.2925,0.054974193753076925,0.9395719641413881,0.8121257149238463,0.2681287296286093,0.5406714664556797,0.3376804254467938,0.6768974030100811,-2.7586488724000002,-0.21220375941538464,2.971001967778,0.22853861290600003,0.21235309537799996,13.990857832750008,
2074590,1037.295,0.02690272147846153,0.8881348323290951,0.7773040716446153,0.2695286581653123,0.5495837487337731,0.33395389676742837,0.6658329182398884,-2.7540716827300002,-0.21185166790230772,2.961878441272,0.22783680317476923,0.2078067585419996,14.253041922471342,
2078595,1039.2975,0.06350199535153846,0.9374665277517417,0.8069769465100001,0.26260325007042123,0.5378778423238502,0.3360954565373536,0.6663433002635515,-2.7530681490599997,-0.21177447300461535,2.960781712091,0.22775243939161538,0.20771356303100008,14.254156872987249,
2082600,1041.3,0.04433248134769231,0.9126609678493236,0.792349306436923,0.2625985334807154,0.5324599344513002,0.32988391845667836,0.6662288941004731,-2.81643539665,-0.21664887666538463,2.954678986237,0.22728299894130768,0.13824358958699978,21.37299092901197,
2086605,1043.3025,0.0481767471046154,0.9222094868992093,0.7993430357723077,0.2643544185627421,0.5400796042892401,0.32886275753841065,0.6586375066327304,-2.77347654103,-0.21334434931,2.969528645273,0.22842528040561538,0.1960521042429999,15.146629804046226,
2090610,1045.305,0.04025716965230768,0.8945362215650805,0.7778468773938461,0.2646084688199948,0.5322994302358264,0.33415448056979813,0.6708360983711733,-2.73523584009,-0.21040275693000002,2.986162152137,0.2297047809336154,0.250926312047,11.900554102025275,
2094615,1047.3075,0.04856996353076922,0.9119252565792278,0.7900713865615386,0.2592770502585952,0.5247151955130367,0.3287208654807244,0.6610806355198469,-2.91631761194,-0.2243321239953846,3.000149272387,0.23078071326053845,0.08383166044700019,35.78778299737658,
2098620,1049.31,0.04418142024846153,0.9060810732506293,0.7865765461515385,0.2638477521879941,0.5361180069013888,0.32889809052351926,0.6580236416364101,-2.78890469665,-0.21453113051153846,3.001677304505,0.2308982541926923,0.21277260785499985,14.10744237599692,
2102625,1051.3125,0.06159949303230768,0.9378903324746264,0.8080819570138461,0.25693292541795343,0.5232396818760294,0.31828079447538143,0.6374100640140231,-2.73893445728,-0.2106872659446154,3.02628649028,0.2327912684830769,0.2873520329999999,10.531634172499489,
2106630,1053.315,0.04514470925692308,0.9123803131980356,0.7917901506815384,0.2536490163022205,0.5174004285079125,0.3222320649645506,0.6452257928183857,-2.82216262813,-0.21708943293307692,3.017976813019,0.2321520625399231,0.19581418488900004,15.412452446842815,
2110635,1055.3175,0.05634332619538462,0.9321140758248482,0.8049845787123076,0.2654989738561476,0.5453112575154836,0.3360245433453843,0.680037626954372,-2.83896994591,-0.21838230353153848,2.997872997082,0.23060561516015385,0.158903051172,18.866050557059722,
2114640,1057.32,0.05025505561615384,0.9054501946905902,0.7836804435838463,0.2637548967234476,0.5322564512309763,0.3333979120330702,0.6639052154896872,-2.8213453591,-0.21702656608461537,2.984216235561,0.22955509504315386,0.16287087646100007,18.322589651413708,
2118645,1059.3225,0.0596383810107692,0.9374832295538787,0.8084804186507693,0.26603632396021343,0.53939871094728,0.3337211912156462,0.6700804064635504,-2.90728604792,-0.22363738830153845,2.989495646194,0.22996120355338462,0.08220959827399987,36.36431400905503,
2122650,1061.325,0.06225904134230768,0.9356884426460838,0.8058757873653846,0.2657700113831832,0.5432457716521543,0.33012583754927805,0.6649988985586539,-2.79729175568,-0.21517628889846152,2.982901103785,0.22945393106038464,0.1856093481050003,16.07085598995561,
2126655,1063.3275,0.050776550394615386,0.9145533002019116,0.7915533918515384,0.2471734864021457,0.4998367636191819,0.31077793047425667,0.6177150012887517,-2.86068755388,-0.22005288876,2.99266538768,0.23020502982153845,0.13197783379999972,22.67551528550703,
2130660,1065.33,0.04648232460230769,0.9051376734383733,0.7848543387207693,0.2543635215808191,0.5143993347478278,0.32471772361333784,0.649276579533118,-2.7580794095499996,-0.2121599545807692,3.020726356645,0.23236356589576923,0.26264694709500036,11.50109068487437,
2134665,1067.3325,0.044611921681538456,0.9130928400756845,0.7926290677184615,0.24835448843730346,0.5011490574222328,0.3177842136086691,0.6360993039663763,-2.74859520792,-0.21143040060923074,3.030244179057,0.2330957060813077,0.28164897113700027,10.758939281134538,
2138670,1069.335,0.04158565631076923,0.8999040532564294,0.7820937908584615,0.26043952871182036,0.5303617830579562,0.32888616701511053,0.6577543721454091,-2.80761989951,-0.21597076150076924,3.000171601772,0.23078243090553846,0.19255170226200002,15.581122194857285,
2142675,1071.3375,0.04017781752846153,0.9020309589184762,0.7845238217946153,0.25365182460858793,0.5143650923441465,0.31865846357611305,0.639909133587639,-2.89621824021,-0.2227860184776923,3.0197861119950002,0.2322912393842308,0.12356787178500017,24.438278885706037,
2146680,1073.34,0.05427014828000003,0.9206293419429685,0.7955984060584615,0.258004021823637,0.5201401399006282,0.3215728602023082,0.644539819978475,-2.9048491417899998,-0.22344993398384613,3.032208569345,0.23324681302653844,0.12735942755500007,23.808277310570848,
2150685,1075.3425,0.046172100767692306,0.9099948360893174,0.7892816112630769,0.2602862041884314,0.5315641629798866,0.32990088763676967,0.6617406488163059,-2.988239646,-0.22986458815384614,3.040090885009,0.23385314500069232,0.05185123900900024,58.63101717745466,
2154690,1077.345,0.05027476182538464,0.9106575512128205,0.7882917981900002,0.25805261383977063,0.5257023559292352,0.32408276291008337,0.6494580842822506,-2.71505483986,-0.20885037229692308,3.043312028047,0.2341009252343846,0.328257188187,9.27112074789753,
2158695,1079.3475,0.048041710480769245,0.9003433797860649,0.7800025022884617,0.25250306539886214,0.5123824545866834,0.3179105049735635,0.6381656718444388,-2.751281172,-0.21163701323076925,3.042565863588,0.23404352796830769,0.29128469158799986,10.445333899975351,
2162700,1081.35,0.03871517456615382,0.8786969798938203,0.7643923071723079,0.2578763952528952,0.5263270780506717,0.32559854165766655,0.6535948393327656,-2.8971018492600003,-0.2228539884046154,3.033094950027,0.23331499615592308,0.13599310076699966,22.303300188909407,
2166705,1083.3525,0.05055694397153847,0.8977765794159169,0.7767586799823077,0.25195599392432444,0.5126606954034819,0.3170231707486515,0.6350109982242503,-2.9351780415,-0.22578292626923077,3.047644428902,0.2344341868386154,0.11246638740200021,27.098269085575676,
2170710,1085.355,0.056477725506923065,0.8895031870927704,0.7671427956007693,0.2464442869475742,0.49779152052195996,0.3081943139933525,0.6154401148579685,-2.82326748969,-0.21717442228384615,3.047042392187,0.23438787632207692,0.22377490249699994,13.616551088555834,
2174715,1087.3575,0.0535213855576923,0.9071731769208015,0.7839521169653845,0.2502897972494131,0.505713201632543,0.31644825507181307,0.6339527244750282,-2.7893172801099997,-0.2145628677007692,3.07255765794,0.2363505890723077,0.28324037783000033,10.84788009915781,
2178720,1089.36,0.053705261308461545,0.8954089179308871,0.7734478712146154,0.23888394412235686,0.4796169904620878,0.2995583058559393,0.5957533742770506,-2.98332372307,-0.22948644023615383,3.079136937862,0.23685668752784617,0.09581321479200033,32.1368711460779,
2182725,1091.3625,0.05625626216153848,0.8987091316636137,0.7753932246846154,0.2536011388171148,0.5167048994887914,0.31780131638871006,0.6416180695462564,-2.82142621274,-0.2170327855953846,3.06072646381,0.23544049721615384,0.23930025106999997,12.790318648327194,
2186730,1093.365,0.05722479178538461,0.8851514416231117,0.7629968523992308,0.25132513241993554,0.5109440534551327,0.3182559315416254,0.6356863984866026,-2.8837009071999997,-0.2218231467076923,3.060903202735,0.23545409251807692,0.17720229553500033,17.273496336453622,
2190735,1095.3675,0.049874658769230744,0.8805619008718879,0.7617542697846154,0.25039898912722,0.51043775950806,0.31133857795401426,0.6234681676701819,-2.85714811091,-0.21978062391615383,3.094374723731,0.23802882490238464,0.23722661282100033,13.043961159896782,
2194740,1097.37,0.049410769569230774,0.8867635869102787,0.7674324466615385,0.24783985364767366,0.501230133448877,0.31734226089966494,0.6358771203702744,-2.7766501307299998,-0.21358847159461536,3.075341161347,0.236564704719,0.2986910306170003,10.296061301185802,
2198745,1099.3725,0.04700272358538463,0.8787643501093918,0.7612644479838461,0.2486443269969293,0.5047959101502619,0.30883939417377754,0.6188136217062135,-2.92228755359,-0.22479135027615385,3.073608346258,0.2364314112506154,0.15132079266800025,20.31187051076012,
2202750,1101.375,0.06367457371846154,0.9027379269482284,0.7761132212815384,0.253532477898775,0.5161758993284403,0.31624315615124693,0.6380094854761824,-2.85264217857,-0.21943401373615384,3.040641851711,0.2338955270546923,0.18799967314099986,16.173654990509036,
2206755,1103.3775,0.0620900163323077,0.8911485533608872,0.7664443300369231,0.24582369337252544,0.4964198170796315,0.3114354844789211,0.6196375585346856,-2.8246511817,-0.21728086013076925,3.031585320822,0.23319887083246152,0.20693413912199965,14.650000882815691,
2210760,1105.38,0.04874326632692306,0.8687696627677832,0.751730570426923,0.24803640927836257,0.5019161163394796,0.31328238185035584,0.6271852447015412,-2.9033294618400003,-0.22333303552615386,3.059298567469,0.23533065903607692,0.15596910562899957,19.61477277907901,
2214765,1107.3825,0.05697645133076922,0.8918152057427076,0.7690017727769232,0.2385125513231012,0.48452959430228265,0.2973925924664168,0.5907179156324626,-2.8548811674,-0.21960624364615383,3.06974828243,0.23613448326384615,0.2148671150300001,14.286729181435682,
2218770,1109.385,0.04573446512,0.8819434535572939,0.7645714053723076,0.242354565381789,0.48806052301446334,0.3071231136612488,0.6095333845573893,-2.8264326155,-0.2174178935,3.06168646363,0.23551434335615384,0.23525384813000016,13.014394824853733,
2222775,1111.3875,0.04443014127692308,0.8742880598128437,0.758284408323077,0.24032168983463167,0.4862576218094278,0.3027946003389045,0.5943354859826351,-2.8785448968000003,-0.22142653052307695,3.068900108334,0.2360692391026154,0.19035521153399992,16.121965264848317,
2226780,1113.39,0.05499119942,0.876302333808444,0.7560026553953846,0.24722836237887738,0.5042988650161946,0.3073939770337153,0.6167460186679035,-2.79777663942,-0.2152135876476923,3.053089514384,0.234853039568,0.2553128749639999,11.958227781558204,
2230785,1115.3925,0.03536869012230769,0.8622364059483771,0.7510815125238461,0.24539766620417872,0.5003911748760824,0.30474851049024954,0.6094406760354306,-2.8730906248,-0.22100697113846154,3.081480436023,0.23703695661715385,0.20838981122299982,14.787097401443873,
2234790,1117.395,0.06927423064230767,0.8990055872393027,0.7706449880038461,0.24455046320418125,0.4968317877852066,0.3068201667373,0.6157783228105272,-2.94912272691,-0.22685559437769232,3.060465000577,0.23542038465976922,0.11134227366699978,27.486999320044216,
2238795,1119.3975,0.049912278481538445,0.881428672112122,0.7625082547953846,0.24590432203824275,0.49751908779406107,0.30611421414106127,0.6103499918349719,-2.82929050921,-0.2176377314776923,3.038607433437,0.2337390333413077,0.2093169242270001,14.516778538851879,
2242800,1121.4,0.04047549687846153,0.8627865524904335,0.7496041517984615,0.2435167036901671,0.49578236624311295,0.30476117993264157,0.615202976368138,-2.8371807337100003,-0.2182446718238462,3.082942225062,0.23714940192784617,0.24576149135199987,12.544447903949102,
2246805,1123.4025,0.047470010246153826,0.8759101653042654,0.7585539726153847,0.24353201521222992,0.4945665646900318,0.30518385115656144,0.6125401534681773,-2.94908076528,-0.22685236656000002,3.072521209726,0.23634778536353848,0.123440444446,24.890717329441397,
2250810,1125.405,0.05940831625000001,0.8889638179822972,0.7655378121653847,0.24454799518596285,0.4952964549210847,0.307627881618819,0.6158944599659818,-2.88902968169,-0.22223305243769229,3.071926005181,0.23630200039853846,0.18289632349100016,16.79599647792899,
2254815,1127.4075,0.041272007498461535,0.8661497941184839,0.7522810147323077,0.2484438790857792,0.5092043949984908,0.3132711370940886,0.6271171307441535,-2.81419426202,-0.21647648169384615,3.051210068175,0.2347084667826923,0.23701580615500006,12.873445521095817,
2258820,1129.41,0.04221830460153846,0.877120774567502,0.7616470181061538,0.2512292211503293,0.5131771326536948,0.31466600787743076,0.6294721041191912,-2.92662131784,-0.22512471675692308,3.038858149182,0.23375831916784615,0.11223683134199991,27.075409318374398,
2262825,1131.4125,0.05695742369307692,0.887602372437601,0.7652707512607692,0.25118871247295105,0.5134967295662752,0.3145393675793719,0.6334921639680139,-2.81807985902,-0.21677537377076922,3.028599359093,0.2329691814686923,0.21051950007300002,14.386312707577202,
2266830,1133.415,0.0475217470746154,0.8680912892573285,0.7515997611561538,0.2372259968618648,0.48175555245751045,0.298669672063077,0.594326903094055,-2.94329380989,-0.22640721614538462,3.026965595781,0.23284350736776924,0.0836717858910001,36.17665815958861,
2270835,1135.4175,0.047648200618461534,0.8782695946837745,0.7605770459507694,0.2446394746448342,0.49359719198908564,0.30680033536911827,0.6114255598240906,-2.8021522164499997,-0.21555017049615383,3.026124566797,0.23277881283053845,0.22397235034700014,13.511152435149375,
2274840,1137.42,0.04227943604384616,0.8673302016994466,0.752940828986923,0.24581856587162332,0.5023940454739542,0.30487149143062986,0.6132937094054571,-2.90356728439,-0.22335132956846152,3.0225758366410003,0.23250583358776925,0.11900855225100049,25.397971653886664,
2278845,1139.4225,0.047146994334615375,0.8636202708301454,0.7477770447730769,0.2418452714919367,0.48843995030497206,0.30945387835045185,0.6246319242646029,-2.87987363337,-0.22152874102846154,3.018861502397,0.232220115569,0.1389878690269999,21.720323676669604,
2282850,1141.425,0.05705020060538458,0.889493103798336,0.7669155322561539,0.2396178737464029,0.4849130532002901,0.30390309606378946,0.6071193164795781,-2.8139441609499998,-0.21645724314999998,3.024133350715,0.23262564236269231,0.21018918976500034,14.387673096300045,
2286855,1143.4275,0.05774507155153845,0.8904302935609901,0.7674791262638462,0.23763395270931478,0.48367754145296343,0.29700808227520176,0.5936219939108532,-2.91313815112,-0.22408755008615386,3.015790879736,0.23198391382584616,0.10265272861599994,29.378574933135724,
2290860,1145.43,0.03252145876692307,0.8408026700211286,0.7331676574792307,0.23364539259051897,0.4708155235871363,0.29333607955236574,0.5854325924179878,-2.8003892600099998,-0.21541455846230767,3.027716577062,0.23290127515861536,0.22732731705200004,13.318753840610471,
2294865,1147.4325,0.03906734172538461,0.8516041377680084,0.7402292765053846,0.25179628113156477,0.5139944600558494,0.314493286632748,0.6352637280325713,-2.7612426877300003,-0.2124032836715385,2.998246327041,0.2306343328493077,0.23700363931099977,12.650634124257712,
2298870,1149.435,0.05423440383230771,0.8788205787698342,0.7585334319369232,0.24031514765685616,0.49026051007001553,0.29828374539046404,0.5969607085043113,-2.9007857441800002,-0.2231373649369231,3.03561748191,0.23350903707,0.1348317377299999,22.51411672813128,
2302875,1151.4375,0.047527592913846145,0.8691954504641987,0.7525771351938462,0.2430805763655812,0.49605858267919173,0.3011903292804671,0.6004509047314381,-2.75460106139,-0.2118923893376923,3.037556976078,0.23365822892907692,0.2829559146880003,10.735089172556597,
2306880,1153.44,0.044814504106923087,0.8641455096948536,0.7491410787238462,0.24106406008574982,0.49035241664721974,0.3078125404334839,0.6204540246162495,-2.87536916133,-0.22118224317923077,3.006304394462,0.23125418418938462,0.13093523313199995,22.96024013209072,
2310885,1155.4425,0.0434002371953846,0.8670397825260648,0.7522522807123078,0.24706299108586802,0.5031531274750827,0.3071928798440608,0.6165473813911982,-2.73938572407,-0.21072197877461538,3.010463003083,0.2315740771602308,0.27107727901300027,11.105552682409156,
2314890,1157.445,0.05638816723384615,0.8805330945963,0.7592234703200001,0.23726252890494892,0.4805489498627894,0.295213551268888,0.5922396655718847,-2.8965094685299997,-0.22280842065615383,3.047088004638,0.23439138497215384,0.1505785361080001,20.235872146163803,
2318895,1159.4475,0.04785612912153847,0.855923299896785,0.7406795391553846,0.24098001486940504,0.4905993674052682,0.3005762342711687,0.6009756444647986,-2.81689167027,-0.21668397463615385,3.047376513461,0.23441357795853845,0.23048484319099982,13.221591803048316,
2322900,1161.45,0.04729446539384615,0.860174771253731,0.7446660674523078,0.23867877378616004,0.4848178523147823,0.2950474947963952,0.5889129335010477,-2.7776714563300002,-0.21366703510230772,3.058893799781,0.23529952306007693,0.2812223434509997,10.87713644031269,
2326905,1163.4525,0.04817287738999999,0.8677748941776436,0.7510689221946154,0.2416258211112535,0.4919778350631002,0.3013804541591387,0.6058694745637013,-2.90513637662,-0.2234720289707692,3.0592030808410002,0.23532331391084618,0.15406670422100044,19.856354403821978,
2330910,1165.455,0.05302631396230769,0.8669279214181386,0.7484509165453848,0.23826405483220664,0.484673072933233,0.3008975025702568,0.6034120292392944,-2.91902130841,-0.2245401006469231,3.049517124885,0.23457824037576921,0.13049581647499986,23.368696462918567,
2334915,1167.4575,0.04658554150307692,0.8573281293617944,0.742414639543077,0.24605075075395025,0.4996622638827328,0.30784868181119324,0.6162652705212562,-2.8415207862900003,-0.2185785220223077,3.047499440622,0.234423033894,0.2059786543319997,14.79521968188991,
2338920,1169.46,0.048246264451538456,0.8651863048600806,0.7487451938407692,0.23272206809432042,0.4724227922051888,0.2909006243697481,0.5863304033699043,-2.8779660165500003,-0.22138200127307694,3.037232413901,0.23363326260776923,0.1592663973509998,19.070139492182932,
2342925,1171.4625,0.04420496867230768,0.856345570442312,0.7424586002661537,0.23393832779584756,0.4767698780514022,0.2932409673004558,0.5848033228402458,-2.89215177299,-0.2224732133069231,3.051957506686,0.23476596205276923,0.15980573369599993,19.097922434321223,
2346930,1173.465,0.042495321776153845,0.8415316799055282,0.7299783803007693,0.2418129130174465,0.4922116850984677,0.29765953745825,0.5970583151609518,-2.86252728107,-0.22019440623615386,3.058999508633,0.23530765451023078,0.19647222756299998,15.569628066908917,
2350935,1175.4675,0.05079013567615384,0.8581918791609784,0.7415632559700001,0.2396827622770189,0.48487987078108497,0.3003604027489392,0.6003153286094893,-2.80559656022,-0.2158151200169231,3.095014400783,0.23807803082946155,0.2894178405629999,10.693930943449505,
2354940,1177.47,0.03648012646461538,0.8370211621725279,0.7282916101046154,0.2333533740816357,0.4716799186796251,0.286165584133079,0.5691893385738672,-2.8367808163,-0.21821390894615386,3.087889224295,0.2375299403303846,0.2511084079949999,12.29703636349957,
2358945,1179.4725,0.03230746893000001,0.8398284761484263,0.7323860663623076,0.23818507859941962,0.482972947668552,0.29698607062016885,0.5914727933064925,-2.9559342860599997,-0.22737956046615382,3.062770895658,0.23559776120446155,0.10683660959800045,28.667803173298406,
2362950,1181.475,0.04952176259153846,0.8603451602497229,0.743960871146923,0.23683906514505482,0.48388178017502215,0.29591833271028906,0.5953254576692457,-2.94425141815,-0.22648087831923075,3.073910526946,0.23645465591892306,0.12965910879599996,23.707632695380916,
2366955,1183.4775,0.05334225296923076,0.8649952287109056,0.7466147656615385,0.23702055488184484,0.47915832774272815,0.29265354840064745,0.5839968230668241,-2.92469531299,-0.2249765625376923,3.105453014384,0.23888100110646154,0.18075770139400005,17.18019752649433,
2370960,1185.48,0.04838248399307695,0.8610978951783466,0.7450668811761538,0.2306302384696784,0.4677067791077739,0.2894298718438963,0.5795373547233412,-2.93381142622,-0.22567780201692308,3.1197926923840003,0.23998405326030772,0.18598126616400013,16.774768538423306,
2374965,1187.4825,0.052691404639230756,0.8697359525688219,0.7510702793453846,0.23731876663868245,0.48197742509024777,0.2927806554129416,0.5841130247521132,-3.0235012173499998,-0.23257701671923076,3.12532883883,0.24040991067923076,0.10182762148000002,30.69234843557498,
2378970,1189.485,0.04813605776153843,0.851371945517727,0.7365359274230768,0.23402519852291867,0.471948381241149,0.2914278601857878,0.5812324688102493,-2.99064466359,-0.23004958950692306,3.11308030039,0.2394677154146154,0.12243563680000014,25.42625972105857,
2382975,1191.4875,0.05141441868153843,0.851691940410468,0.7355586542569229,0.23404294897568656,0.47738790191586206,0.29142148529156936,0.5853694700397307,-2.97461190818,-0.22881630062923078,3.1162195727279998,0.23970919790215384,0.14160766454799978,22.006009227499945,
2386980,1193.49,0.06271263727923075,0.8700796148160368,0.7475202954746154,0.2394553352563334,0.49043134568739216,0.30034721904456396,0.6039023400476485,-2.97271168236,-0.2286701294123077,3.121823057527,0.24014023519438463,0.14911137516700013,20.936183131774186,
2390985,1195.4925,0.06305683117538462,0.8643230838123178,0.7422825785784616,0.23271913310225906,0.47545257884421566,0.29354996647027143,0.592572256968494,-2.9477608800199997,-0.22675083692461537,3.155819386227,0.24275533740207692,0.20805850620700017,15.167942151267939,
2394990,1197.495,0.06057647558230769,0.8690724481111252,0.7474482976484615,0.23094367091870258,0.47031092458937473,0.2850770479180015,0.5732490865275554,-2.9823133348999997,-0.22940871806923074,3.15699024498,0.24284540346,0.17467691008000008,18.07331171323178,
2398995,1199.4975,0.05331821395769231,0.8546618481761371,0.7374605330115386,0.23163766269715944,0.4685438508406986,0.2887639254372052,0.5796219556501447,-2.9275764822999997,-0.22519819094615381,3.169701091952,0.24382316091938463,0.24212460965200044,13.091197530510142,
2403000,1201.5,0.050032537717692296,0.8407774191033752,0.7264103568515385,0.22968845319455478,0.46578701731753713,0.28814641545614966,0.5735321256306798,-3.0773217975700002,-0.23671706135153847,3.128163114193,0.240627931861,0.050841316622999955,61.52797216856221,
2407005,1203.5025,0.050691826976923086,0.8452427842433342,0.7301175387923077,0.23422017893116356,0.47574112416547354,0.28736550606418965,0.5729216183040848,-2.96507927781,-0.22808302137,3.137159414597,0.241319954969,0.17208013678699974,18.2308049794275,
2411010,1205.505,0.04403122802153846,0.8381995223908294,0.7264323853630769,0.23350241247496092,0.47395843126210163,0.2929534640772851,0.5878385157743498,-2.86977937821,-0.2207522598623077,3.142525918799,0.24173276298453847,0.27274654058899994,11.521781035288923,
2415015,1207.5075,0.0519772149023077,0.8539729886875649,0.7373652802053847,0.2307434963053233,0.4678790676179668,0.29191608318122725,0.583077623052495,-2.85601812596,-0.21969370199692306,3.140253968535,0.2415579975796154,0.28423584257500023,11.0480576273782,
2419020,1209.51,0.04513257741461539,0.8418203658223329,0.7292203032007691,0.23698735029072185,0.4860652156529987,0.2917676292345188,0.5876117423692349,-3.01247522238,-0.23172886326,3.144138626752,0.24185681744246154,0.13166340437199997,23.880125550062445,
2423025,1211.5125,0.049585564771538464,0.8495590809120567,0.734370706166923,0.23433030212384307,0.4796941473173655,0.2916822957879619,0.5871181255508442,-2.84851759673,-0.21911673821,3.151455067098,0.242419620546,0.3029374703680001,10.40298865396116,
2427030,1213.515,0.05183814121538462,0.8472054142763404,0.7314166289076923,0.2349951009971654,0.4786916920687847,0.29078699239615874,0.5847318101785357,-2.80250981454,-0.21557767804153846,3.141895845536,0.24168429581046155,0.3393860309960002,9.257587403687305,
2431035,1215.5175,0.05175313124461537,0.8500076034808918,0.7339345354323077,0.23658309971021796,0.4832763021552478,0.294919195387483,0.595322948739254,-2.87708133461,-0.22131394881615385,3.128135662536,0.24062582019507694,0.251054327926,12.45999496753563,
2435040,1217.52,0.045139243969230754,0.8334626167182945,0.7218049810461539,0.23046614462739046,0.469353480960951,0.2895762887558269,0.5828430364602363,-2.95291808244,-0.22714754480307692,3.139128781846,0.2414714447573846,0.18621069940599977,16.857939913547504,
2439045,1219.5225,0.04761527593692308,0.8498734286787102,0.7354072928476921,0.23290507197399563,0.4707478778105265,0.2886175019079349,0.5765629778568652,-2.89011010534,-0.22231616194923076,3.15292081237,0.2425323701823077,0.2628107070300003,11.996926791913728,
2443050,1221.525,0.04651084771999999,0.8444081317168926,0.7309849766646154,0.22842861724251826,0.46571173357225476,0.2842921057639943,0.5702365206797808,-2.94517615442,-0.22655201187846152,3.141265369945,0.24163579768807694,0.19608921552500025,16.01957232341779,
2447055,1223.5275,0.047359214381538464,0.8487715020264817,0.734528592003077,0.2329610744065646,0.47079424942107984,0.29437245825858593,0.590071442719822,-2.9770289063,-0.2290022235615385,3.136033631857,0.2412333562966923,0.15900472555699974,19.722895787350673,
2451060,1225.53,0.04189250102384618,0.8436475064752621,0.7320869427453847,0.2292629981368159,0.4626123049282703,0.28461976762069724,0.5669982002266695,-2.94236728547,-0.22633594503615384,3.17643300445,0.2443410003423077,0.23406571898000017,13.570688686459942,
2455065,1227.5325,0.04679390329000001,0.8515717431009386,0.7372288864330768,0.23045390753676717,0.46582318281518914,0.2869237620463406,0.5704806666948564,-3.11037918929,-0.23925993763769232,3.142993956809,0.24176876590838464,0.032614767519000054,96.3672040580396,
2459070,1229.535,0.04517981180692307,0.8441584808977037,0.7312741233776924,0.23516994917224995,0.47690298767521333,0.29440799058254186,0.5910112391759073,-3.0333251655,-0.23333270503846154,3.150465175532,0.24234347504092307,0.11714001003200014,26.894868582232156,
2463075,1231.5375,0.04794052472307692,0.8493629997227996,0.7348297054923077,0.22240497284023134,0.45231855135741394,0.28220545443938194,0.5642053041885834,-2.89165511721,-0.22243500901615385,3.180226631471,0.24463281780546156,0.28857151426100014,11.02058406428372,
2467080,1233.54,0.0463892221423077,0.8374544236161238,0.7248650605807693,0.22362100820740272,0.4550430414969078,0.2872738525083586,0.5757789136326763,-2.94935530424,-0.22687348494153847,3.159686870871,0.24305283622084614,0.21033156663099994,15.022409244040244,
2471085,1235.5425,0.04875214741538461,0.8477295663539156,0.7330686816769231,0.22565280117144185,0.4567885087017718,0.2844137512780322,0.5666173601158045,-3.03357231621,-0.23335171663153845,3.173282578578,0.24409865989061538,0.13971026236800022,22.71331056711852,
2475090,1237.545,0.041581511504615386,0.8316552337182865,0.7215705559876923,0.22283034954370282,0.4530751277288155,0.2840864154339151,0.5647273606672797,-3.02467703823,-0.23266746447923078,3.173740372072,0.24413387477476922,0.14906333384199977,21.29122092114227,
2479095,1239.5475,0.05065671297384617,0.8454460133987747,0.730310724333846,0.22737402880868446,0.46249007320667934,0.29075228806517833,0.5822231939086553,-2.9180810749400004,-0.22446777499538464,3.17074109616,0.24390316124307693,0.25266002121999964,12.549437306502591,
2483100,1241.55,0.04030500237384615,0.8235382346019459,0.7148626653030768,0.22549790669238268,0.4554526601007063,0.2822391033961296,0.5612836883729532,-3.01788407564,-0.23214492889538463,3.195591650891,0.24581474237623077,0.177707575251,17.982304054159997,
2487105,1243.5525,0.04628988412384617,0.8394974502342257,0.7267149411684616,0.2304610491360781,0.46805537784376466,0.2891888743394429,0.5768964060744001,-2.99385252597,-0.23029634815153846,3.162918590007,0.24330143000053847,0.16906606403700009,18.708181372902818,
2491110,1245.555,0.0366593255469231,0.8226312375755027,0.7154611509607692,0.22613786747055073,0.45629506128239844,0.2871444882466196,0.569746168733136,-2.97541308404,-0.22887792954153846,3.182893730695,0.24483797928423076,0.2074806466550001,15.340677706617775,
2495115,1247.5575,0.04790627497461541,0.8458395354848359,0.731717655286923,0.22725561679763026,0.46148774973254225,0.28822703251954535,0.5778758092189595,-3.00992548462,-0.23153272958615384,3.153301492324,0.24256165325569232,0.14337600770400005,21.99322984940406,
2499120,1249.56,0.05001602264230773,0.8511134446533485,0.7355835391884616,0.22537086788230715,0.45994910801455346,0.2851359514717235,0.5716956624952563,-2.95556136964,-0.2273508745876923,3.186185091733,0.24509116090253846,0.23062372209300008,13.815513264711582,
2503125,1251.5625,0.05524841180384617,0.8441229397936377,0.7273710828576921,0.23197579662080103,0.47368741399659975,0.28830622692467067,0.5795656433345237,-3.04259955883,-0.23404611991000002,3.161429353047,0.2431868733113077,0.11882979421700002,26.60468591970952,
2507130,1253.565,0.047136655219230765,0.8424855452421179,0.7290387520423077,0.22697017361184482,0.46378259338849875,0.28603104608881363,0.5730805998384286,-2.91479298467,-0.22421484497461538,3.176986023784,0.24438354029107692,0.26219303911399994,12.116973183268476,
2511135,1255.5675,0.04413607945076925,0.8351167410691113,0.7236582178261539,0.22413680300192848,0.4562355692337852,0.2783236496084741,0.5583868785666627,-2.8885063231399997,-0.22219279408769227,3.182793311767,0.24483025475130768,0.2942869886270003,10.815270245607401,
2515140,1257.57,0.03597670334923076,0.8236160241416134,0.7165969335123077,0.21901518861771763,0.4433330306938383,0.2759621371410329,0.5507728793827763,-2.9709773361400003,-0.2285367181646154,3.191709876052,0.24551614431169233,0.22073253991199993,14.459625560075775,
2519145,1259.5725,0.04822030892923078,0.8487725075070124,0.7341977770553847,0.22517081980292172,0.46027803379055504,0.2843882353223377,0.5722752909033559,-2.9896916746899995,-0.2299762826684615,3.175473548485,0.24426719603730768,0.18578187379500033,17.09248315575153,
2523150,1261.575,0.04772124382923076,0.8361404786857853,0.7231872402784615,0.22373372545010584,0.45823289325507793,0.281626108177327,0.5659154460426581,-2.9697355926099998,-0.22844119943153846,3.1796010732799997,0.24458469794461538,0.20986548067,15.150662525009144,
2527155,1263.5775,0.047708813960769265,0.8411855324622509,0.7276664238700001,0.22626910774122047,0.46146300266576995,0.2855840362364269,0.574303375631503,-2.90366560219,-0.22335889247615384,3.191248849046,0.24548068069584617,0.28758324685600023,11.096782875686547,
2531160,1265.58,0.054347636603846144,0.8533637752185985,0.735913320226923,0.22470665424715952,0.4576385458117976,0.28227902704436975,0.5638046362700045,-2.9554769099300002,-0.2273443776869231,3.197097271702,0.2459305593616923,0.24162036177199964,13.231903339002855,
2535165,1267.5825,0.04651266565230769,0.8432143041392205,0.7299260290707692,0.22319949897268712,0.455483339278728,0.28397253196489547,0.5702130696835979,-2.99375572802,-0.2302889021553846,3.194626986957,0.24574053745823077,0.20087125893700009,15.903853064210352,
2539170,1269.585,0.04015618333384616,0.8330734591891316,0.7233769320507693,0.2179405206753788,0.4438150027704662,0.27404037653517077,0.5452606227313259,-2.98710942274,-0.22977764790307692,3.202727593488,0.24636366103753846,0.21561817074799983,14.853699863872489,
2543175,1271.5875,0.043280303477692295,0.8295667119345305,0.719065487383846,0.2205110460411401,0.44804848822382,0.27918438954606517,0.5626105173120651,-2.9636774063,-0.2279751851,3.185545861727,0.24504198936361538,0.22186845542699984,14.357813306971538,
2547180,1273.59,0.04575396501461538,0.8387038065304394,0.7262169672930768,0.21732588499772076,0.44311228945326664,0.271907587805707,0.5434858936034318,-2.97233700751,-0.22864130827,3.186478540284,0.245113733868,0.21414153277399972,14.880245317226432,
2551185,1275.5925,0.045356608351538444,0.8375776017183273,0.7253711177715384,0.21683444284439493,0.4396671932532493,0.27586127605775473,0.552509716026799,-3.0751012265899997,-0.23654624819923076,3.19142165036,0.2454939731046154,0.1163204237700004,27.436468566090998,
2555190,1277.595,0.03937197878153846,0.828347640975754,0.7194875639261539,0.21763821137838993,0.4420649918666265,0.27576109797030857,0.5502563672476843,-3.0251082777600002,-0.23270063675076924,3.201431095599,0.24626393043069233,0.17632281783899995,18.156646625975664,
2559195,1279.5975,0.04568046790538462,0.8360394252674447,0.7238828218946153,0.22039863215214145,0.44767340943976736,0.2753642259619842,0.5510954187861565,-3.00895556805,-0.2314581206192308,3.191942892941,0.24553406868776922,0.18298732489099967,17.443519078943577,
2563200,1281.6,0.049207650701538465,0.8491030013911685,0.7341114924523077,0.2183216370934078,0.44341420386204566,0.27962860495812597,0.5569323040996969,-3.0468626916800003,-0.23437405320615387,3.2050809413090002,0.246544687793,0.15821824962899989,20.257340406839766,
2567205,1283.6025,0.04477763634307694,0.8384914491689842,0.7264041487953847,0.21275442810367887,0.4323827407349752,0.2742457257953616,0.5463402686350597,-2.95413714652,-0.22724131896307692,3.199336498989,0.24610280761453845,0.24519935246900015,13.04789946129031,
2571210,1285.605,0.05375639063307692,0.836097951680243,0.7208264172130769,0.22300469330356268,0.45391040879703354,0.28431471551592763,0.5707935944184902,-3.05501124259,-0.23500086481461538,3.19331828504,0.24563986808000002,0.13830704245000014,23.08861666385808,
2575215,1287.6075,0.05424038950461542,0.8532804842836779,0.7358803038338462,0.2198707042610271,0.44825065249424206,0.28422623112822804,0.5746501820688376,-2.89881893997,-0.22298607230538461,3.209246732284,0.2468651332526154,0.310427792314,10.338142433580249,
2579220,1289.61,0.04523450594923078,0.842995606057038,0.730222986296923,0.2148624434076568,0.43800260082766024,0.27308597368558474,0.5471044295657677,-3.04469406607,-0.23420723585153846,3.219335623085,0.24764120177576923,0.17464155701500017,18.43396084019388,
2583225,1291.6125,0.04644031707846155,0.8416827503805506,0.7285955960907692,0.22176873916648251,0.4508163364853228,0.2764729005478949,0.5545721963194548,-3.02129077917,-0.23240698301307694,3.217432625594,0.2474948173533846,0.19614184642399968,16.403601190940552,
2587230,1293.615,0.04764191233000002,0.8410752698419423,0.7275941807469231,0.21968666062380932,0.4483472156147201,0.2767184865096655,0.5555808553534602,-3.0265620052699997,-0.23281246194384614,3.20938291401,0.24687560876999998,0.18282090874000012,17.554791386439522,
2591235,1295.6175,0.04563277043230769,0.8323615221116214,0.7206392975984616,0.21596436520683382,0.43807209362581606,0.2759547431193148,0.5530957279388237,-3.0318225323800005,-0.23321711787538466,3.203280143457,0.24640616488130768,0.17145761107699942,18.682636036602936,
2595240,1297.62,0.04310288566615385,0.831325510860315,0.7206935905492308,0.2162115954725106,0.4405088363770575,0.2746761626980506,0.5460421360091009,-2.89003211256,-0.22231016250461538,3.225373849301,0.24810568071546155,0.3353417367409999,9.61817005138286,
2599245,1299.6225,0.05087431119307694,0.8403507373600069,0.7257087001453846,0.21390926411566039,0.436135145976637,0.2716014136892617,0.5436482602015457,-2.9668411016800005,-0.22821854628307697,3.223547510798,0.24796519313830767,0.25670640911799936,12.557331629831816,
2603250,1301.625,0.04227534623461538,0.8268586757650271,0.7170506165500001,0.21283949540853245,0.4320828698739213,0.26791934777848786,0.5369936210614594,-3.04482927921,-0.2342176368623077,3.238229520638,0.24909457851061537,0.19340024142799983,16.743668450091086,
2607255,1303.6275,0.052993125634615376,0.8495491213928134,0.7330514903192308,0.2110010528694029,0.4289989438971432,0.27201513228111907,0.5435790401040579,-3.0117956697699997,-0.23167658998230767,3.219945088049,0.24768808369607692,0.20814941827900046,15.469392682774796,
2611260,1305.63,0.04596343866230768,0.8301461949032699,0.7185473763069231,0.2129277721810458,0.4326569807526447,0.2740359229191017,0.5498905042764144,-2.91259098051,-0.2240454600392308,3.236721202722,0.24897855405553845,0.3241302222119997,9.985866731689706,
2615265,1307.6325,0.04398263188384614,0.8341006792061982,0.7228160844392307,0.20951889364107676,0.4259807183776516,0.2720040630141637,0.5433015101643965,-3.01517179606,-0.2319362920046154,3.247139520949,0.2497799631499231,0.23196772488899997,13.998238429517748,
2619270,1309.635,0.04291990627923077,0.82536682571679,0.7154792868130768,0.22048619621244717,0.4509307257207691,0.2786807774472791,0.5597257056647466,-3.06277602908,-0.23559815608307694,3.228867195555,0.24837439965807692,0.16609116647499977,19.44033065744657,
2623275,1311.6375,0.04557021764923076,0.8349170912678407,0.7229298169815385,0.21639726875233437,0.43975171954857045,0.2759045186740964,0.5538716464410397,-2.97563293578,-0.22889484121384618,3.222051873793,0.24785014413792308,0.24641893801299997,13.075504260240823,
2627280,1313.64,0.04072237702153844,0.834195143514393,0.7241538602553846,0.21633439310422362,0.4397276834179793,0.2740781633038972,0.5467414899956936,-3.01813292499,-0.23216407115307694,3.2339688539480003,0.24876683491907695,0.21583592895800008,14.983459285767498,
2631285,1315.6425,0.03892309390769233,0.8275845863949866,0.7189829395384615,0.2198708866838654,0.446372240637432,0.278329984886172,0.5590814007102402,-3.00446382168,-0.2311126016676923,3.233457013964,0.2487274626126154,0.22899319228400028,14.120319393398496,
2635290,1317.645,0.05409950934307694,0.8460763488834683,0.7295459921492308,0.21580614512466065,0.4363236721316628,0.27420589254816957,0.5474416415179257,-2.99024108057,-0.23001854465923077,3.2185899242889997,0.24758384032992306,0.22834884371899955,14.09505680812519,
2639295,1319.6475,0.04257084772461539,0.8321025548180422,0.7215864474907691,0.2132614586569844,0.4308911623703008,0.27336575205594077,0.5456416196672943,-3.09448754785,-0.23803750368076923,3.21741263568,0.24749327966769233,0.12292508783000011,26.17376723073436,
2643300,1321.65,0.040947290567692314,0.8298081342025677,0.7201766234169231,0.22073216852449454,0.4509428756821986,0.28001835562382016,0.5628274189806656,-2.99963390822,-0.2307410698630769,3.208683580167,0.24682181385899998,0.20904967194700008,15.348905120408372,
2647305,1323.6525,0.04239863616076925,0.8271331361143626,0.7172462756853848,0.21378620521656766,0.4343704848905719,0.2701413948001202,0.5386871481129029,-3.06462931636,-0.23574071664307691,3.220579221836,0.24773686321815386,0.15594990547600007,20.651370143546714,
2651310,1325.655,0.046209115251538466,0.8221023407681188,0.7113190064099999,0.21864322258446853,0.4457450578614537,0.2772963142750507,0.5540304493485806,-3.01852780579,-0.23219444659923075,3.215457968394,0.2473429206456923,0.1969301626040001,16.32790998532739,
2655315,1327.6575,0.05035509742461538,0.8388126952119013,0.7245442752676923,0.21247174502908717,0.43132062378703323,0.2695900760488043,0.5374502920256506,-2.98934695127,-0.2299497654823077,3.207240529347,0.24671080994976924,0.21789357807700016,14.719298097962353,
2659320,1329.66,0.04758563179076923,0.82837261388563,0.7163504293323076,0.21393766758117969,0.43454639767365144,0.271756004499812,0.5423942815387433,-3.03141874071,-0.2331860569776923,3.192041344932,0.24554164191784617,0.16062260422200003,19.872927352866284,
2663325,1331.6625,0.052369917823076914,0.8387262777209105,0.7236913236384616,0.2105464737858756,0.4271158482285756,0.26941957631896124,0.5399547069981661,-3.0451408028299998,-0.2342416002176923,3.197655700132,0.24597351539476925,0.1525148973020003,20.9661859706741,
2667330,1333.665,0.04156990922538462,0.8191695481739961,0.7105024434053847,0.2118109373923484,0.43160187719147375,0.27438961027562453,0.5505329126232509,-2.94368568063,-0.22643736004846152,3.20493554324,0.24653350332615384,0.26124986261000016,12.267702310811936,
2671335,1335.6675,0.041948678406153864,0.8243977274249629,0.7149936671476922,0.21504305312764982,0.4357200281598416,0.2726147349901505,0.5479937073297405,-3.10149559381,-0.23857658413923077,3.234022684385,0.24877097572192308,0.132527090575,24.402729059797743,
2675340,1337.67,0.05404272675538461,0.8376220424297474,0.7220704532600001,0.20620910031264902,0.41887902903090746,0.2643921551248146,0.5313636580717895,-2.9865231514,-0.2297325501076923,3.257780604057,0.2505985080043846,0.27125745265699974,12.009921099481849,
2679345,1339.6725,0.051179397567692304,0.8285235267633639,0.7151025373246154,0.2130728330078147,0.43484469356326927,0.2695544599027955,0.5392634139946663,-2.9654023945,-0.2281078765,3.239846214653,0.2492189395886923,0.27444382015299995,11.805134518411872,
2683350,1341.675,0.04758114998692308,0.8257282485329664,0.7140065615053846,0.20668692362166904,0.4188253416406801,0.26541595347515345,0.5272616980870687,-3.06834137436,-0.23602625956615386,3.245767749843,0.2496744422956154,0.1774263754829999,18.293603422868735,
2687355,1343.6775,0.048252057573076906,0.829541657630096,0.7171306541346153,0.21327527009706523,0.4304145517712767,0.27129633950531407,0.5400541234759805,-3.0515379607799997,-0.2347336892907692,3.234140753743,0.24878005798023078,0.1826027929630003,17.711343300199765,
2691360,1345.68,0.04977242534307691,0.8232610962637489,0.7109762911646154,0.21197433935870832,0.4298325665125462,0.26910571469828787,0.5378935777959537,-3.0159099996200003,-0.23199307689384618,3.235243856912,0.24886491207015385,0.21933385729199983,14.750316694631008,
2695365,1347.6825,0.05572080383692308,0.8377708044712484,0.7215563907169231,0.21376794898895105,0.4313403693332263,0.2693568779866187,0.5396593837215513,-3.0631958842600002,-0.23563045263538462,3.233793169252,0.2487533207116923,0.17059728499199966,18.955712978689267,
2699370,1349.685,0.05086490741307689,0.8335399859473255,0.7196718087561538,0.21598566334140906,0.43712087955322915,0.2735186251038079,0.5472481928848897,-2.96295875307,-0.2279199040823077,3.240563549103,0.24927411916176923,0.2776047960329997,11.673298139697069,
2703375,1351.6875,0.04234864619615383,0.8205484286318198,0.7114258316807693,0.20935871483491508,0.4259402354749689,0.2677726668922301,0.5333602491850993,-2.96395787599,-0.22799675969153846,3.240962207314,0.24930478517799998,0.27700433132400004,11.700041626869675,
2707380,1353.69,0.043115994099230795,0.8222608098011737,0.712649572346923,0.2125924491196211,0.43155458969506505,0.2721403261171841,0.5450269721248824,-3.13031750914,-0.2407936545492308,3.2160970494209997,0.2473920807246923,0.08577954028099954,37.49258901231691,
2711385,1355.6925,0.052095408623846144,0.8321839031642209,0.7179961250376923,0.21211798142445484,0.4307172688840709,0.26577338840447784,0.5295176541995875,-3.03966560964,-0.23382043151076923,3.212424524121,0.24710957877853845,0.17275891448099978,18.59484087273717,
2715390,1357.695,0.03999729110615386,0.8123092608575574,0.7050226949707692,0.21093610866746831,0.4288777046451018,0.2694107034787291,0.5398736071093778,-2.98515412216,-0.22962724016615385,3.221278227857,0.2477906329120769,0.23612410569699982,13.64230991303625,
2719395,1359.6975,0.049729432055384604,0.8395928854769116,0.7254764919138462,0.20810316717579125,0.42073142319728335,0.26427009598037443,0.5262002551483453,-3.07412761454,-0.23647135496461538,3.22421953083,0.2480168869869231,0.15009191629000007,21.481633458529004,
2723400,1361.7,0.04865896014076924,0.834255965899285,0.7211547975361537,0.20648195062464977,0.42007104321044975,0.26283088827609596,0.5281325185669009,-2.98758000131,-0.22981384625461537,3.226874791069,0.24822113777453847,0.2392947897590001,13.484935440169291,
2727405,1363.7025,0.05487037850846152,0.8403717585976064,0.7241904804299999,0.20803229180472776,0.4219283659385003,0.26479576884739237,0.5289088668734092,-3.03459405894,-0.23343031222615382,3.217659525581,0.24751227119853844,0.1830654666410001,17.57655108099104,
2731410,1365.705,0.05300416396769232,0.8345063857834047,0.7197060860169232,0.20972198970761224,0.4239033424097885,0.2679934963564169,0.533392582337734,-2.97272017601,-0.22867078277000003,3.209645405407,0.24689580041592307,0.2369252293969999,13.547081556387607,
2735415,1367.7075,0.045224061382307695,0.8219252221887732,0.7115408273869229,0.20944954006043362,0.4240815584852596,0.2656026909908021,0.5320012104300349,-2.93739476795,-0.22595344368846154,3.200825020684,0.24621730928338462,0.263430252734,12.15055973057145,
2739420,1369.71,0.03934150705153845,0.8121252755850699,0.7051119964869231,0.20893384122073602,0.42257902001668746,0.2639713746850389,0.5255684662121661,-3.10880303378,-0.23913869490615386,3.206075467154,0.24662118978107694,0.09727243337400004,32.959753919458876,
2743425,1371.7125,0.043361728009999996,0.8152416659473228,0.7063298317130768,0.20619321636486632,0.4150544179532085,0.2604655390230074,0.5196418870893693,-3.02049058679,-0.2323454297530769,3.223483100538,0.2479602385029231,0.2029925137480002,15.879812713387595,
2747430,1373.715,0.03974368480692307,0.8076141793477318,0.7009563767007693,0.2080211832190633,0.42319053256879857,0.26036831608120353,0.5210906189083275,-3.08077871797,-0.23698297830538462,3.205701872716,0.2465924517473846,0.12492315474599991,25.661390630375895,
2751435,1375.7175,0.04703406187153846,0.8153035091109775,0.7049717903130769,0.2108749845094707,0.4277400780928686,0.2680098808313992,0.5364186021280616,-3.01659741996,-0.23204595538153847,3.190760523094,0.24544311716107695,0.17416310313400007,18.32053096021749,
2755440,1377.72,0.050568449954615395,0.8250996485740958,0.7123005229684616,0.21312833016241714,0.43270850223274987,0.271505506309501,0.5457789806626447,-2.98338669539,-0.22949128426076923,3.202583096919,0.24635254591684616,0.219196401529,14.610564199865726,
2759445,1379.7225,0.04836909816000001,0.8208497594576375,0.7093770847784616,0.208959033083331,0.4261271549555581,0.2634605551515242,0.52812080612443,-3.05915924906,-0.2353199422353846,3.193738602091,0.24567220016084615,0.134579353031,23.731267316728225,
2763450,1381.725,0.045988768344615405,0.8215286574578322,0.7108947245015383,0.207120245392121,0.4218607789568313,0.26071185331103675,0.520970492761043,-3.02300575376,-0.23253890413538464,3.192867577066,0.24560519823584614,0.16986182330599986,18.796852140896696,
2767455,1383.7275,0.057331594136923084,0.8357270537663157,0.7191241566938462,0.20750771395567777,0.4215005183126462,0.2622487876742711,0.5240443929016799,-3.06547072529,-0.23580544040692308,3.204889558264,0.2465299660203077,0.13941883297400004,22.987493797639765,
2771460,1385.73,0.04378816943384614,0.8157745153353254,0.7066385998123076,0.20848282781660527,0.42465376777803576,0.26438678414140476,0.529239202206765,-3.02553075553,-0.23273313504076926,3.207019567499,0.24669381288453845,0.1814888119689999,17.670618550562725,
2775465,1387.7325,0.04269126745538461,0.8075161734932221,0.6997364484369231,0.20881326249124482,0.42389968322930016,0.2679968641618845,0.5368892816869337,-2.99700129029,-0.23053856079153848,3.189058139916,0.24531216460892308,0.19205684962599978,16.60476127837244,
2779470,1389.735,0.04803881506999999,0.8187266320915471,0.7076203616684615,0.20403807261582568,0.41336087401528554,0.2612807096100625,0.5206139806003899,-3.0379573106899995,-0.23368902389923074,3.207377202815,0.24672132329346155,0.16941989212500053,18.93152665006155,
2783475,1391.7375,0.052116208348461535,0.8301887784908497,0.7162185655130767,0.20598256210527988,0.4164486542136646,0.2607147299418562,0.5182019018808484,-2.97294598818,-0.2286881529369231,3.210856720802,0.24698897852323076,0.2379107326219998,13.496056631894417,
2787480,1393.74,0.03298522645846155,0.802115509461684,0.6986797062184615,0.2050567317146599,0.4151068349793094,0.2611988728043263,0.5223115801656859,-2.96992075439,-0.22845544264538462,3.2088625356650002,0.2468355796665385,0.23894178127500032,13.429474403942317,
2791485,1395.7425,0.048288244461538454,0.8286196679269908,0.7162990478307693,0.20978678399064618,0.4252029958669989,0.26752412425894334,0.5329783655139385,-3.07388669254,-0.23645282250307692,3.206276990482,0.24663669157553844,0.13239029794199997,24.218368266582996,
2795490,1397.745,0.04615100530846157,0.8244563581290913,0.7134291483838461,0.20833313882455776,0.4235928783402428,0.2678936754995288,0.5356128723750025,-2.95435822012,-0.2272583246246154,3.2101520895899998,0.2469347761223077,0.2557938694699997,12.549761635184522,
2799495,1399.7475,0.04382782257153845,0.816892790785847,0.7076144631053846,0.20801552872541992,0.4222922870021979,0.26261002743815526,0.5240876405921688,-3.0924575924499997,-0.2378813532653846,3.198645465076,0.2460496511596923,0.10618787262600016,30.122511977820807,
2803500,1401.75,0.03698898737153845,0.8036506675155273,0.6985008945823077,0.20583132133620463,0.4173875092079685,0.26071501972751643,0.5199323704832338,-3.08504727478,-0.23731132882923076,3.205664359032,0.24658956607938462,0.12061708425200024,26.577199895949562,
2807505,1403.7525,0.04337619818384615,0.8151424838180557,0.7062356196930769,0.2080648992867533,0.4222719711949248,0.2627224606221246,0.5210020441250357,-3.0661348104100004,-0.23585652387769235,3.210435904554,0.24695660804261538,0.14430109414399972,22.24817437177759,
2811510,1405.755,0.04889210141153848,0.8143059633288365,0.7033716829884615,0.20573753922719848,0.4189732059814724,0.26266013714429826,0.5262549025605358,-3.08139654997,-0.23703050384384616,3.216756887731,0.24744283751776924,0.13536033776099998,23.764397614097945,
2815515,1407.7575,0.05421971587538459,0.8289229295312758,0.7142868110784615,0.20506501082233652,0.4162463109304309,0.25876315710301656,0.5176770365509478,-3.08860087396,-0.2375846826123077,3.251918777819,0.25014759829376926,0.16331790385900025,19.911587774396917,
2819520,1409.76,0.04524086760000001,0.809569557350221,0.7005760050769232,0.20544680421822975,0.4172405552086404,0.25918542423168367,0.5185857289979957,-3.0893345176800002,-0.2376411167446154,3.217210151259,0.247477703943,0.1278756335789999,25.158899011604504,
2823525,1411.7625,0.04539094062307691,0.811057282642485,0.7018387271769231,0.20746361296886104,0.42255620999098453,0.2604554654763912,0.5201966446159917,-2.99151033162,-0.2301161793553846,3.212625063957,0.24712500491976924,0.2211147323370004,14.529222137313972,
2827530,1413.765,0.037052826233846134,0.8029191504562929,0.6978281163200001,0.2045184033300459,0.41742472682700893,0.2603990100691828,0.5202175047599569,-3.0735798775900003,-0.23642922135307695,3.214535549292,0.24727196533015386,0.14095567170199974,22.80529410755449,
2831535,1415.7675,0.04639470119307693,0.8109419667380712,0.7013497673607691,0.20794496582798994,0.4218197347721526,0.2620703194058886,0.5217790098619577,-3.01063054804,-0.23158696523384614,3.214191660295,0.2472455123303846,0.20356111225500007,15.7898118392505,
2835540,1417.77,0.049092886543846165,0.8181519484832689,0.706706351963846,0.2024282119593743,0.4102821314032347,0.25900331632649504,0.516627420445862,-3.01605162028,-0.23200397079076923,3.216108880938,0.2473929908413846,0.20005726065800022,16.075941809660026,
2839545,1419.7725,0.04275810260076924,0.8137548620773999,0.7052433628299999,0.2055523699589181,0.4202321498803214,0.2604668547338576,0.5212666895210168,-2.89975523953,-0.22305809534846155,3.192985028034,0.24561423292569232,0.29322978850400006,10.889019987784916,
2843550,1421.775,0.04003152022153849,0.8051721539568573,0.6986800936553846,0.20608028408883633,0.41970277415770324,0.2599927358237985,0.5206589117237481,-3.05709347126,-0.23516103625076923,3.181560344995,0.24473541115346154,0.12446687373499987,25.561502828204727,
2847555,1423.7775,0.047923693297692305,0.8211719849859261,0.709833897086923,0.20598079248105472,0.4186431051149236,0.2621309295887947,0.5255536103084064,-2.9435593783800003,-0.22642764449076924,3.186380527929,0.2451061944560769,0.24282114954899958,13.12233524076127,
2851560,1425.78,0.040805183919999995,0.8056551839391378,0.6988113751723077,0.20612089391932792,0.42071908424376636,0.2603588431310278,0.5228234387658912,-3.03696352244,-0.23361257864923074,3.178224049503,0.2444787730386923,0.1412605270630003,22.49902443083449,
2855565,1427.7825,0.054860713388461546,0.8246342975597083,0.7102368130115384,0.20707931791259332,0.4214187848538577,0.26118202441120464,0.5228257905541145,-3.03312093024,-0.23331699463384614,3.183683320883,0.244898716991,0.15056239064300003,21.145276103059913,
2859570,1429.785,0.0489962765753846,0.820640684363315,0.7089510216092307,0.20475639769081244,0.41729140325606867,0.26204402987514014,0.5245451105798677,-2.99214532974,-0.2301650253646154,3.179490990945,0.24457623007269233,0.18734566120500018,16.971255007960337,
2863575,1431.7875,0.04860870196538459,0.8229695574494313,0.7111649559115385,0.20484693692775732,0.41546969496931624,0.2568861881965528,0.5132094369068069,-3.0002222359,-0.23078632583846154,3.183237552653,0.24486442712715384,0.18301531675299998,17.393284939911023,
2867580,1433.79,0.04802167644384615,0.8185597057825973,0.7074804741561539,0.20537680469027703,0.417687998053174,0.2611207131081631,0.5223547096197595,-2.99579304457,-0.23044561881307693,3.190002419052,0.24538480146553845,0.19420937448199993,16.42558412826597,
2871585,1435.7925,0.04925976350076923,0.8187204826766318,0.7071465987453845,0.19989608393286823,0.4043358826788902,0.25304668157882493,0.5052976767548578,-2.96528440709,-0.22809880054538462,3.193254277104,0.24563494439261538,0.22796987001399982,14.007352273824166,
2875590,1437.795,0.04456119584,0.8118539446645542,0.7028637918215384,0.20646416044223237,0.4197140777523226,0.26237535626203523,0.5273023180588783,-3.00969013575,-0.2315146258269231,3.175694406032,0.24428418507938462,0.16600427028199993,19.13019707648054,
2879595,1439.7975,0.04756508654076922,0.8225979316238748,0.7112368505823077,0.2103884091007761,0.428997287394759,0.26345755634988005,0.5296088115923203,-3.04302585128,-0.23407891163692307,3.168604992322,0.24373884556323075,0.12557914104199996,25.231937135660605,
2883600,1441.8,0.03904263790307691,0.7979902334302807,0.6926912894661539,0.20217009996917354,0.40992421917833144,0.25588762723449965,0.5090168569882904,-2.9770749509399996,-0.22900576545692305,3.205348387355,0.24656526056576922,0.2282734364150003,14.041705586486584,
2887605,1443.8025,0.04761010178846153,0.8112435038952225,0.7011499381961539,0.2053541986666459,0.41802107544302775,0.25867055574626907,0.5171702135422171,-3.00932934877,-0.2314868729823077,3.184242263428,0.2449417125713846,0.17491291465799996,18.204729305746337,
2891610,1445.805,0.04492356914153847,0.8081133413364912,0.6994073138738461,0.20202430014453535,0.4099378793624946,0.2549360819810338,0.5084067621475775,-2.93535074592,-0.2257962112246154,3.215453892936,0.24734260714892306,0.2801031470159998,11.479535046967285,
2895615,1447.8075,0.04413157013538463,0.8082513517382053,0.699834184003077,0.200923877334667,0.40901941620578514,0.25549830592962036,0.5107340368665486,-2.9549583196800002,-0.2273044861292308,3.19211966544,0.2455476665723077,0.2371613457599997,13.459696204753076,
2899620,1449.81,0.050317672574615384,0.8179473507615617,0.7060542289946152,0.20325873739639455,0.41272935813437023,0.2592106728209699,0.5207540106135042,-3.00213968757,-0.23093382212076924,3.187891185283,0.24522239886792307,0.18575149771299992,17.162129105459663,
2903625,1451.8125,0.038883209232307696,0.7955174446174234,0.6905592221523077,0.20299957031075444,0.4119617810196199,0.25639271594926105,0.5132015424195169,-3.00858154894,-0.23142934991846154,3.184383541341,0.24495258010315385,0.17580199240099992,18.113466735220506,
2907630,1453.815,0.04391581049230771,0.8030603813595575,0.6953137035538463,0.2045148524239201,0.41618649071002667,0.25671602055604037,0.5131670582645567,-3.0393850207099997,-0.23379884774692306,3.193514123549,0.2456549325806923,0.15412910283900016,20.71973472060545,
2911635,1455.8175,0.04456770420538462,0.8075675303333982,0.6990601191176923,0.20460501521155672,0.4170874082825275,0.2562089064011292,0.5122382134153516,-2.92842775583,-0.22526367352538462,3.196358203871,0.24587370799007693,0.2679304480410001,11.929805765792908,
2915640,1457.82,0.047424275141538456,0.8173034246095451,0.7065960856584615,0.20362832346020465,0.41453029678973885,0.2589109529731347,0.5210371632518186,-3.00787967445,-0.23137535957307692,3.204746425157,0.2465189557813077,0.1968667507070001,16.27875917923121,
2919645,1459.8225,0.04289734822615386,0.8047638348407148,0.697216276943077,0.20192208698369637,0.4111163120290667,0.256055061864518,0.5116338579004784,-3.0171023308900002,-0.23208479468384619,3.195130452535,0.24577926557961538,0.1780281216449997,17.9473356400755,
2923650,1461.825,0.04804372329153845,0.8051449397339107,0.6955722891392306,0.20232793600228435,0.4090396653001804,0.2580021267574357,0.5155321984851522,-2.98879873752,-0.22990759519384613,3.209463998655,0.2468818460503846,0.22066526113500018,14.54449142627616,
2927655,1463.8275,0.04592685286461538,0.8187249068127403,0.7084325574892306,0.20238829595683383,0.4101671706547516,0.25375189017910177,0.5074153076218676,-3.0120469332,-0.23169591793846156,3.188447132705,0.24526516405423077,0.17640019950499974,18.07507668161469,
2931660,1465.83,0.0364000155376923,0.8013949404572558,0.6967274684161539,0.20277630621614717,0.4126136678450902,0.25391866192100676,0.5079548106433439,-3.05250674487,-0.23480821114384615,3.193422161055,0.2456478585426923,0.14091541618499992,22.661978706875733,
2935665,1467.8325,0.03870915679000001,0.7982020730873047,0.693007476056154,0.20014685740326707,0.40404263359099296,0.2524034154011672,0.5033338058705474,-3.04072177409,-0.23390167493,3.2205333188250003,0.2477333322173077,0.17981154473500016,17.910603702177784,
2939670,1469.835,0.03837049695307689,0.803609832162724,0.6979339145699999,0.20149779604582874,0.40925825934063687,0.25596672560702527,0.5100544309711332,-2.9748404622499995,-0.22883388171153843,3.198622286311,0.24604786817776925,0.22378182406100056,14.293485629284573,
2943675,1471.8375,0.045603032297692296,0.8204615008320176,0.7100967673176922,0.20163939190725774,0.41066152223855373,0.2536573137653211,0.506365862603068,-3.0076574683199997,-0.23135826679384613,3.20108076185,0.24623698168076924,0.19342329353000043,16.549613562202655,
2947680,1473.84,0.037115390483076924,0.8073517258240359,0.7017348913015383,0.2009053216550066,0.40790193482926584,0.2561024834821607,0.5106034801203719,-2.9988043308299996,-0.23067725621769228,3.196546450261,0.2458881884816154,0.1977421194310005,16.165228022532613,
2951685,1475.8425,0.041715727403076934,0.8127125134763693,0.7047199331815384,0.20564314377572074,0.419291465298597,0.2594307456113232,0.5215647182881374,-2.9788871109299997,-0.22914516237923074,3.206844337297,0.24668033363823078,0.22795722636700022,14.067745903058734,
2955690,1477.845,0.04711067217692308,0.8172729478625103,0.7066892798076924,0.20336801549844094,0.41318769113480813,0.2553412189230423,0.5111633194624638,-3.0155374407999997,-0.2319644185230769,3.198521450182,0.24604011155246155,0.18298400938200032,17.47978668182265,
2959695,1479.8475,0.041118954231538454,0.8106861255626882,0.7031523057992307,0.20133789141060549,0.4083605942705392,0.2547938955881642,0.5093480824343676,-3.0568345189099997,-0.23514111683923075,3.18693882228,0.24514914017538464,0.13010430337000045,24.49526064650408,
2963700,1481.85,0.04524262822846155,0.8137164247537602,0.7042537033561538,0.2021591352075222,0.40931752345295297,0.2553225274834101,0.5086534845865668,-3.02232772109,-0.23248674777615383,3.2042172551209998,0.24647825039392307,0.18188953403099983,17.616281619452046,
2967705,1483.8525,0.03574408475692308,0.7992408397276242,0.69506929012,0.2010864324788841,0.40928024042843353,0.2546369880418044,0.5089028525033004,-2.9844481050300002,-0.22957293115615388,3.188065052042,0.245235773234,0.20361694701199973,15.657169498048304,
2971710,1485.855,0.044892223978461536,0.814144107501504,0.7047679194984615,0.20258287580105228,0.41126714197288755,0.2533818585952499,0.5066036757975368,-3.08680093287,-0.23744622560538461,3.1885304749089998,0.24527157499299998,0.10172954203899964,31.343210742918963,
2975715,1487.8575,0.04149881921692307,0.8008551349649737,0.6942875453984615,0.19912925985486954,0.40327312726411935,0.2543799860813581,0.5072590342040604,-3.02512487768,-0.23270191366769233,3.198111206289,0.24600855432992308,0.17298632860899987,18.48765293769356,
2979720,1489.86,0.03542059659923077,0.7977361904727099,0.6938592699853847,0.20755488499184171,0.42197152958323,0.2607113563038238,0.5225267125069275,-2.99376752971,-0.2302898099776923,3.149624854307,0.2422788349466923,0.15585732459700008,20.208385216742155,
2983725,1491.8625,0.0344652052123077,0.7982551080568292,0.6946866856184616,0.2031926752895766,0.4140092935455732,0.25766454248094917,0.5156845733936716,-2.92504048347,-0.22500311411307694,3.185984157012,0.24507570438553847,0.2609436735420001,12.209470778754868,
2987730,1493.865,0.04616828606615385,0.8127561375282915,0.7030459779953845,0.20110307119966572,0.40881004585354297,0.25313065113676064,0.5047413797561449,-2.98067328334,-0.22928256025692306,3.17423965782,0.2441722813707692,0.19356637448000003,16.398714220624996,
2991735,1495.8675,0.04111209740384617,0.8033583582758255,0.6966562225192308,0.19919667303776778,0.40387787784692447,0.2566070552530198,0.5128468927366026,-3.00464436406,-0.2311264895430769,3.177566766726,0.24442821282507693,0.17292240266600034,18.375680176405314,
2995740,1497.87,0.04330664184846153,0.8035836114632204,0.6960121874592308,0.2001966965788341,0.4070287468356377,0.2537737100838907,0.5070387887923216,-2.97778886559,-0.22906068196846155,3.179972834891,0.24461329499161538,0.20218396930100013,15.728115566654225,
2999745,1499.8725,0.04789592669538462,0.8125804458881078,0.7022259051969232,0.1998307482330272,0.4046882595448619,0.2532551593795358,0.5067770877826944,-2.99514093997,-0.23039545692076924,3.183346495027,0.24487280730976924,0.18820555505699987,16.914200508390376,
3003750,1501.875,0.03639381665538463,0.7976966225392148,0.6934498915292308,0.20158087098614444,0.4093950053711297,0.2564117525393378,0.5113701379708382,-2.99805423622,-0.23061955663230768,3.177768900998,0.2444437616152308,0.17971466477800035,17.682301580249252,
3007755,1503.8775,0.038378014017692294,0.8009802053884237,0.6955988636438462,0.20255965021192215,0.4118316142159057,0.25784276688293833,0.5142989857155382,-2.9613448679700003,-0.2277957590746154,3.191515415916,0.24550118583969233,0.2301705479459999,13.865872260358692,
3011760,1505.88,0.04027907206384618,0.8021856649398756,0.6959365193669231,0.19834641806071643,0.4022475731337277,0.2523037251842254,0.5031305148944859,-2.9791350364799998,-0.2291642335753846,3.193714685725,0.2456703604403846,0.21457964924500006,14.883586104097507,
3015765,1507.8825,0.04859199891153843,0.8101223797803209,0.6997779332730769,0.20128471319546437,0.4091584555006688,0.2533201820206307,0.5059412451133432,-3.00964483616,-0.23151114124307692,3.193025939167,0.24561737993592309,0.18338110300700006,17.411968227964664,
3019770,1509.885,0.038860935429230754,0.798233808761235,0.6929770341246153,0.19969399485634623,0.4057084087160895,0.25503513201968586,0.5087175590038996,-3.0062803327700003,-0.23125233329000003,3.193707525729,0.24566980967146154,0.1874271929589999,17.039723400369287,
3023775,1511.8875,0.04273655323538462,0.8013108826049375,0.6942154765184616,0.19810729117431972,0.40011216783043224,0.24943244154161565,0.4984106172945467,-2.96421340111,-0.22801641546999998,3.184536881747,0.244964375519,0.22032348063700002,14.453915091300553,
3027780,1513.89,0.04026403793846156,0.8033838390177341,0.6970050334923077,0.19899029057140047,0.40379549532880993,0.25201998993847596,0.5023827488946018,-2.99787753825,-0.23060596448076923,3.194285057483,0.245714235191,0.19640751923299993,16.26355788188329,
3031785,1515.8925,0.04182976026384617,0.8066722657224467,0.6993189499976923,0.20001208170246867,0.40625831766037057,0.2531245033974275,0.5054793120688531,-2.99012798066,-0.23000984466615385,3.179392382517,0.24456864480899998,0.18926440185699978,16.798681375482406,
3035790,1517.895,0.03985640865538461,0.8034003439817401,0.6971764083138462,0.1992998005672629,0.40357657853041373,0.2524139919751528,0.5050875075322209,-2.9982001781200003,-0.2306307829323077,3.177043803047,0.24438798484976923,0.17884362492699957,17.764367079585902,
3039795,1519.8975,0.04600460712846152,0.812392428233195,0.7027863355792306,0.20031331945114297,0.40612474010202226,0.25118421681188613,0.5003131596710505,-3.00526374582,-0.23117413429384617,3.183961078517,0.24492008296284615,0.17869733269699983,17.81761949360342,
3043800,1521.9,0.044431553435384616,0.8038585068084895,0.6958229771030771,0.1963326925370976,0.3981607754183802,0.2522023493569072,0.5031590302807357,-2.98826840515,-0.22986680039615384,3.191812448201,0.245524034477,0.20354404305100005,15.681188210461452,
3047805,1523.9025,0.04446038145538462,0.8077880390985779,0.6992967747753845,0.2019437456601749,0.4102112940240725,0.2561437301410808,0.5122707880539262,-2.96168571712,-0.22782197824,3.188690558068,0.24528388908215384,0.2270048409480001,14.046795410845146,
3051810,1525.905,0.040711244708461554,0.8027677172716823,0.696287001553077,0.20100423001951992,0.4096271245183363,0.25442482993957594,0.5089047344156421,-2.99438232183,-0.23033710167923077,3.192120097563,0.24554769981253846,0.1977377757330001,16.143198160948426,
3055815,1527.9075,0.036713435096153865,0.794822211472273,0.6907774301653847,0.19467423856322014,0.3953507915390256,0.2459755405464388,0.4895965931097373,-2.99037677044,-0.23002898234153848,3.204048007745,0.246465231365,0.21367123730499982,14.995223728552007,
3059820,1529.91,0.04040238031461538,0.8018136724855475,0.6955594420392307,0.2012898180757108,0.4092547053793793,0.2542559474991223,0.5102277135614202,-2.94469892975,-0.22651530228846153,3.181705012916,0.2447465394550769,0.23700608316599991,13.424571092917992,
3063825,1531.9125,0.04222426964538461,0.8071697517136986,0.6996083167853846,0.19895479680202277,0.4035417213862217,0.253322702578771,0.5046847485011323,-2.9972844421800002,-0.23056034170615386,3.178392693405,0.24449174564653847,0.18110825122499996,17.54968463284603,
3067830,1533.915,0.03749673641384616,0.8010608313440775,0.6960090261246153,0.20158343870538253,0.40990968222380725,0.25675323880237344,0.5138558668482712,-3.0211376548000004,-0.23239520421538465,3.189608760183,0.24535452001407693,0.16847110538299948,18.932675445630842,
3071835,1535.9175,0.045536598339230745,0.8120188199125047,0.7026355014453844,0.19883179680438284,0.40437416083614125,0.2504896418400658,0.5013447070346656,-2.9835742115899997,-0.22950570858384614,3.181730344894,0.24474848806876923,0.19815613330400028,16.056683645581455,
3075840,1537.92,0.0449410057946154,0.81722999402467,0.7074858202361537,0.1991126843069859,0.4036424080282498,0.2520264595808188,0.5039717547699123,-3.0159986615300003,-0.23199989704076926,3.1661651059950002,0.2435511619996154,0.15016644446499994,21.084371527042144,
3079845,1539.9225,0.044672755093846134,0.8086673133073152,0.6999952151215384,0.19933479313685937,0.40338807975063273,0.2522891333886458,0.5051124106694241,-2.9940056205000003,-0.23030812465384617,3.183482974764,0.24488330575107692,0.1894773542639996,16.80139026180638,
3083850,1541.925,0.04079166971999999,0.8032536604261163,0.6966869899876922,0.1985199866420533,0.4046925794146478,0.2514814190320689,0.5040248671291541,-2.93887147303,-0.22606703638692308,3.168140880763,0.24370314467407692,0.2292694077330002,13.818419614240533,
3087855,1543.9275,0.046253809552307686,0.8096020910899022,0.7002162749861538,0.19674220844791893,0.40012665120010266,0.2504328981225038,0.5022477637942846,-2.96208977696,-0.22785305976615386,3.175689309823,0.2442837930633077,0.21359953286299982,14.867491830423848,
3091860,1545.93,0.0371355987530769,0.798862597716774,0.6941986106930768,0.20290441622922953,0.41388577220373246,0.2574872051413428,0.51702161817188,-3.03800502422,-0.2336926941707692,3.153814196578,0.24260109204446156,0.11580917235800037,27.232853256464253,
3095865,1547.9325,0.04477661618846153,0.8105245986748147,0.7016021907346155,0.19847258002634627,0.40367592358471777,0.2509213572061868,0.5023705557571454,-2.9647808074900004,-0.2280600621146154,3.177628763032,0.24443298177169231,0.21284795554199976,14.929101644131045,
3099870,1549.935,0.04228368630461536,0.80165408703157,0.6946936341415384,0.19916408051236992,0.4046508353552668,0.2531527292374205,0.5079192907330313,-3.01966416833,-0.23228185910230767,3.162545904509,0.2432727618853077,0.14288173617900002,22.134010889586417,
3103875,1551.9375,0.04532839701615385,0.8114708038781091,0.7022286745223079,0.19812960428807533,0.4033429314089508,0.24840114859450585,0.4965706219547546,-2.9674214124600002,-0.22826318557384617,3.178510829815,0.2445008330626923,0.21108941735499975,15.057651253400058,
3107880,1553.94,0.0477960614123077,0.8112207281594765,0.7010583373261539,0.19779754596353838,0.40215350564483476,0.25152897427999277,0.5023401418375393,-3.02131617073,-0.23240893621,3.170164793734,0.24385883028723077,0.14884862300400004,21.297911460348598,
3111885,1555.9425,0.04500856995769231,0.8082589127741809,0.6995035478730769,0.1968429743911113,0.4002902231959346,0.24900122363458893,0.49848129446714134,-2.94815325743,-0.2267810198023077,3.175708547233,0.24428527286407692,0.227555289803,13.95576675006011,
3115890,1557.945,0.04048826143769232,0.7994954111590722,0.6934702946546154,0.2003425841431259,0.4071984955767739,0.25518622459277185,0.5130792828649553,-2.9978902041900004,-0.2306069387838462,3.166440799818,0.24357236921676922,0.16855059562799957,18.786292555183305,
3119895,1559.9475,0.03880406572999999,0.7983262904387565,0.6930810190238462,0.19815278694204264,0.4024166241539918,0.25278995291753575,0.5052048562996478,-2.9917951524600004,-0.23013808865076926,3.17617251725,0.2443209628653846,0.18437736478999955,17.226477452194676,
3123900,1561.95,0.03635237996384612,0.7912924173676775,0.6877861366823078,0.20003463776751443,0.40565706232115595,0.2523032986837878,0.5048106918227598,-2.94448488951,-0.22649883765461537,3.180679090315,0.24466762233192307,0.23619420080499998,13.4663724997251,
3127905,1563.9525,0.041015375119230764,0.8064564532789483,0.6994408758807692,0.19680950232521502,0.39844989130889436,0.2509944363092419,0.5016340135378413,-2.98112374547,-0.22931721119,3.179486170409,0.24457585926223077,0.19836242493899992,16.028671616546077,
3131910,1565.955,0.03972824949076924,0.7963455241405416,0.6909690155400001,0.19814955934667616,0.4023979365072807,0.25257506165568794,0.5059436730399561,-2.9244585931800002,-0.2249583533215385,3.171121463181,0.2439324202446923,0.24666287000099985,12.856095703289864,
3135915,1567.9575,0.0380985530423077,0.7974630804011479,0.692587194526923,0.19640896697636234,0.39745433429281,0.24769767508221285,0.49383397118327393,-2.99553281074,-0.23042560082615385,3.174291707575,0.24417628519807694,0.17875889683500024,17.757391457304447,
3139920,1569.96,0.04416339672923077,0.8020615943521286,0.6943323566400001,0.1957040090066583,0.39819942662290453,0.24918644499968798,0.5004227303222859,-2.9191579819199998,-0.22455061399384613,3.170180506985,0.24386003899884615,0.2510225250650002,12.629067874144393,
3143925,1571.9625,0.04067070897615387,0.7971679547275411,0.6913357858546154,0.19936125771065039,0.4044316453843982,0.25097522946827694,0.5014400741240341,-2.96648141746,-0.22819087826615383,3.163154251879,0.24331955783684614,0.19667283441900008,16.0833307824307,
3147930,1573.965,0.04244771600230767,0.8023847540087489,0.6952792658284616,0.19740367770431833,0.4014360438470492,0.2498555620100761,0.4990158529586022,-3.01091992857,-0.2316092252746154,3.158719360817,0.24297841237053847,0.14779943224699998,21.371660992162678,
3151935,1575.9675,0.03914251464384617,0.7947304084219865,0.6897619893869231,0.19906898521187527,0.40446341244973366,0.25245552833226126,0.5047676420976882,-2.9975989162900003,-0.23058453202230772,3.15695690363,0.24284283874076923,0.1593579873399995,19.810471733019877,
3155940,1577.97,0.0475957806246154,0.8102360932073944,0.7002616983138463,0.1960211265563145,0.39846067707809,0.24883994033802606,0.49676656900386634,-2.95258527992,-0.22712194460923077,3.164597973226,0.24343061332507693,0.2120126933059998,14.926455222464003,
3159945,1579.9725,0.04131375138153848,0.7964902239865725,0.6904873366492309,0.19794787682041917,0.402140584426278,0.25030112615848604,0.5002955724307625,-2.9723061919199996,-0.22863893783999997,3.15572221577,0.24274786275153845,0.18341602385000044,17.205270016924928,
3163950,1581.975,0.042848261503846144,0.8021034470235511,0.6948756575576922,0.19692905932709065,0.3992817303111793,0.24947264572738262,0.49742060438381724,-2.92930820588,-0.22533140045230768,3.148074276749,0.24215955974992306,0.21876607086900002,14.390139495781812,
3167955,1583.9775,0.0411197015923077,0.7989976052554747,0.6927857055153848,0.19733028516812828,0.4005035099221291,0.24847006371497718,0.49791539157293996,-2.9730904698000002,-0.22869926690769232,3.134795203801,0.24113809260007693,0.16170473400099983,19.385921031734405,
3171960,1585.98,0.04078816908923077,0.7919880326802743,0.6866971208492308,0.1979625808935658,0.40253713769582455,0.24748209288613798,0.4936305073889455,-2.94899347421,-0.22684565186230768,3.136885650468,0.24129889618984615,0.18789217625799992,16.695137141637318,
3175965,1587.9825,0.046285104296923056,0.7992533657039126,0.6910258737953845,0.19896116328035904,0.4042467126563084,0.24989239061889082,0.49904741793203644,-2.96346277,-0.2279586746153846,3.144563972925,0.24188953637884614,0.18110120292499987,17.3635730858578,
3179970,1589.985,0.04809150329923077,0.8102381265707566,0.7000730037776923,0.19294288995128936,0.39153786914106864,0.24639851322250317,0.49304371930166213,-2.9058100580699997,-0.2235238506207692,3.153682135055,0.24259093346576924,0.24787207698500024,12.723022994017363,
3183975,1591.9875,0.04328120441999999,0.7953549176453509,0.6887242450107693,0.19776743582141998,0.4011295231418057,0.24931302828997742,0.4982344061497547,-2.90999409561,-0.2238456996623077,3.135496698337,0.24119205371823077,0.22550260272699996,13.904481191877524,
3187980,1593.99,0.04257511175846153,0.7937182017529724,0.6875437131338461,0.19600163038252016,0.3981195385065274,0.2480283359500228,0.4948227585890809,-2.92539599534,-0.22503046118,3.142893053596,0.24176100412276924,0.21749705825599985,14.450278448808861,
3191985,1595.9925,0.04078470056307693,0.794084896255962,0.6885580168369232,0.19820391307330723,0.4028914952774921,0.2508634334882999,0.5017970084463074,-2.88641619684,-0.22203201514153845,3.136855572466,0.24129658249738462,0.25043937562600016,12.525408852442201,
3195990,1597.995,0.05019725974,0.8054174230441289,0.6949878770599999,0.19743940888637293,0.40090846339432956,0.2514771710481187,0.5031356919158296,-2.90528711673,-0.22348362436384614,3.1466344893000002,0.24204880686923078,0.24134737257000038,13.037782246365042,
3199995,1599.9975,0.044272255440769244,0.7956456385378414,0.6886008909130769,0.19755872068948946,0.40221056050381754,0.24936744660454938,0.49810767760980745,-2.8927220701799996,-0.22251708232153844,3.1343238279039998,0.2411018329156923,0.24160175772400017,12.973100268105554,
3204000,1602.0,0.044577926403846155,0.7986610019910378,0.6911571782423077,0.19599284487685076,0.39842582442804303,0.24809710864626286,0.49621619810969186,-2.84596291187,-0.21892022399,3.136028066272,0.2412329281747692,0.29006515440199987,10.81146086898047,
3208005,1604.0025,0.04381722670461538,0.8058828035449487,0.6978545372338463,0.19719625792414414,0.4011294436444523,0.2495552681075313,0.49929213550166,-2.9464567005599998,-0.2266505154276923,3.131322726605,0.2408709789696154,0.18486602604500035,16.93833525605602,
3212010,1606.005,0.044559102788461535,0.7979198495841396,0.6905073661038462,0.19669291229095134,0.3997719903841146,0.24725812591715995,0.49328773872305004,-2.90333956477,-0.22333381267461538,3.127979762873,0.2406138279133077,0.22464019810300018,13.924399058083027,
3216015,1608.0075,0.04747826778307693,0.8046980967876521,0.6953958043707692,0.19596062972504538,0.3969896114905562,0.24846378237388975,0.49634129467813254,-2.88541057707,-0.2219546597746154,3.12092152238,0.24007088633692308,0.23551094531000016,13.251704791350438,
3220020,1610.01,0.043367809980000005,0.8024257946284138,0.6949614722046155,0.1968848491725108,0.40023113470493654,0.24974634989115257,0.49902516130244046,-2.9183919429999996,-0.2244916879230769,3.120967611673,0.24007443166715386,0.20257566867300048,15.40642877852668,
3224025,1612.0125,0.045510762020000026,0.8031964719027497,0.694820190856923,0.19865221837960784,0.40224540286350335,0.24720411987730892,0.4922125775186463,-2.95264396067,-0.22712645851307695,3.127249769863,0.24055767460484614,0.17460580919299984,17.910342068895925,
3228030,1614.015,0.03964606156692307,0.7915076833023889,0.6867100963253846,0.19563214950991314,0.3973672749831924,0.24782779722039833,0.49471392156054367,-2.98739913108,-0.22979993316,3.125400528307,0.2404154252543846,0.13800139722699978,22.647600612086553,
3232035,1616.0175,0.04120006928615382,0.7930385329417,0.6874701976830768,0.19845189605841154,0.4041021524686833,0.25199705697210784,0.5039922763087633,-2.97617515924,-0.2289365507107692,3.118625678113,0.23989428293176923,0.1424505188730003,21.892694409160878,
3236040,1618.02,0.040782486017692306,0.7908725744629412,0.6857097171823076,0.19625772813500728,0.39969552958797994,0.24760301298114898,0.49465898050089335,-2.88725292685,-0.22209637898846155,3.125549525026,0.24042688654046154,0.2382965981759999,13.116215459851203,
3240045,1620.0225,0.045365480270769254,0.799762566195861,0.691831240283077,0.19471336148261725,0.3947278968759151,0.24485952281111978,0.4873354554482358,-2.8769317269099997,-0.22130244053153844,3.132301367821,0.24094625906315384,0.25536964091100023,12.265754678774245,
3244050,1622.025,0.042742495354615384,0.7969604888877769,0.6903551679376924,0.19541755453638457,0.3977601834270244,0.2488232586829015,0.49755927953176987,-2.9735642373799998,-0.2287357105676923,3.130974568424,0.24084419757107692,0.15741033104400026,19.890527817699663,
3248055,1624.0275,0.04224617894615384,0.7968790056355725,0.6904738109923076,0.19702088723622366,0.39955613923031486,0.24897099892730173,0.4969510709773737,-2.9145263433100004,-0.22419433410076925,3.11648916452,0.2397299357323077,0.20196282120999953,15.431004309845207,
3252060,1626.03,0.04067023671615386,0.7919234698468655,0.6866851334376922,0.1944925717724481,0.3954904121921919,0.2448789953032306,0.4885643578847458,-2.93416327244,-0.22570486711076926,3.125607945018,0.24043138038599998,0.19144467257799969,16.32642947400139,
3256065,1628.0325,0.04440630857615386,0.7939694909038447,0.6870620204853845,0.19654034269622708,0.3987709233459869,0.24654494581115363,0.4912510759202749,-2.98127949243,-0.22932919172538463,3.131350457675,0.24087311212884616,0.15007096524499985,20.86579807468342,
3260070,1630.035,0.04464350525461539,0.8021023130225162,0.6941837966376923,0.19646829754882766,0.3981004634666008,0.2474337859379926,0.4942935035115647,-2.93330240247,-0.22563864634384614,3.138101309543,0.2413924084263846,0.20479890707300008,15.322842071732499,
3264075,1632.0375,0.04596912861307692,0.7985956459790626,0.6905639996946153,0.19265749865472775,0.39058804328084173,0.2446972188347048,0.4886754589955715,-2.9546039998899998,-0.22727723076076922,3.134311735638,0.24110090274138463,0.17970773574800036,17.44116202116734,
3268080,1634.04,0.04252056892000001,0.797004785940713,0.6904795811723077,0.19996664707673456,0.4060829586612181,0.251922047770817,0.5034282104290656,-2.92621615529,-0.22509355040692308,3.125818148244,0.24044754986492306,0.19960199295399983,15.660255200780357,
3272085,1636.0425,0.04135353747769231,0.796303501801858,0.6903069019223076,0.1976202688774338,0.4019559405128211,0.25043785907156607,0.5022589194804064,-2.9342963098999997,-0.22571510076153845,3.1265600472829997,0.2405046190217692,0.19226373738300007,16.261829140742844,
3276090,1638.045,0.03907227746,0.7903203665603301,0.6858778894015385,0.19577190849809067,0.3965302916308638,0.24756116174744228,0.494437221057017,-2.93518269059,-0.22578328389153846,3.126435264956,0.24049502038123077,0.19125257436600007,16.347153889667076,
3280095,1640.0475,0.04399151298230768,0.7993951445501549,0.6920336186946153,0.19570323441862494,0.3963286083098792,0.24476493199913124,0.4877888662320873,-2.96132588386,-0.22779429875846152,3.120539255427,0.2400414811866923,0.1592133715670001,19.599731006976484,
3284100,1642.05,0.043739988255384596,0.7958380630199289,0.6889762053138461,0.19386454613492202,0.3937144424562802,0.24658729316686176,0.4923323854339331,-2.89395785334,-0.22261214256461537,3.111253790564,0.23932721465876924,0.2172959372240002,14.318048603719426,
3288105,1644.0525,0.04822285128769232,0.8008668653609005,0.6917116114661538,0.19698715603938416,0.3996593250397077,0.24731830052335238,0.49417973975258456,-2.8893416523899997,-0.22225705018384614,3.102307602762,0.2386390463663077,0.21296595037200028,14.567153093454682,
3292110,1646.055,0.043595281932307696,0.794027354770153,0.6874260489753847,0.19432541008848708,0.3941797554653699,0.24615565273023027,0.49314863824400645,-2.94152969122,-0.22627151470923076,3.0988406389870002,0.23837235684515387,0.15731094776700028,19.698823781653267,
3296115,1648.0575,0.04471771304461539,0.8022878288695474,0.6943200391092308,0.1946631500705117,0.39644799967382943,0.24753463681579363,0.4957099159423051,-2.86684244873,-0.22052634221,3.096659913661,0.23820460874315386,0.22981746493100008,13.474432478796748,
3300120,1650.06,0.04405724773230769,0.794719805669739,0.6878621326061539,0.19421422270879152,0.3947534355660272,0.2461082656338888,0.4917229343598864,-2.88351538773,-0.22180887597923077,3.090831242506,0.23775624942353846,0.20731585477599968,14.908803023510076,
3304125,1652.0625,0.04286483617615385,0.7948657030234361,0.688450538193077,0.19234736098756294,0.39106467350771706,0.24242191704819951,0.48436483593598434,-2.8843931555199998,-0.22187639657846153,3.082580819721,0.237121601517,0.1981876642010003,15.553848077015893,
3308130,1654.065,0.04643271520307694,0.7980652494049151,0.6899151618738462,0.1925147007391567,0.39058001513553314,0.24405037017086512,0.4866297309730925,-2.94543704389,-0.2265720802992308,3.091499984269,0.23780769109761538,0.1460629403789997,21.16553299726316,
3312135,1656.0675,0.042998121332307675,0.7937161827867509,0.6873794794061537,0.1961783708872575,0.39817288925137895,0.24672859227496222,0.4936298104320496,-2.8734540641,-0.2210349280076923,3.084437765179,0.2372644434753077,0.21098370107899989,14.61931774542184,
3316140,1658.07,0.05016277156153846,0.8040463050486975,0.693785229546154,0.19433602647831436,0.39504281541941844,0.24572569145695322,0.49099076784447543,-2.8732340038000004,-0.22101800029230773,3.089960716668,0.23768928589753846,0.21672671286799972,14.257405908933716,
3320145,1660.0725,0.04367985403923076,0.7973223616776313,0.6903153818376923,0.19694166203671715,0.4008547807213524,0.24785336971890154,0.495355244855252,-2.91349649429,-0.2241151149453846,3.086495108896,0.23742270068430768,0.17299861460600008,17.84115506315131,
3324150,1662.075,0.0432050870030769,0.7950035583141436,0.68844146912,0.19490408921239216,0.3956622591078577,0.24723513983637477,0.4939394941319874,-2.915655911,-0.22428122392307692,3.09199327228,0.23784563632923075,0.17633736127999988,17.534532953401364,
3328155,1664.0775,0.03932944399,0.7904687212173657,0.6859106215176922,0.19613931079077143,0.39973364450630466,0.24784959493745248,0.4985465722354793,-2.9613373875999995,-0.22779518366153842,3.09923747182,0.2384028824476923,0.13790008422000044,22.474514713679195,
3332160,1666.08,0.04079894377692305,0.7904233654266538,0.6853053157153846,0.19435208016559272,0.3949182717536691,0.24631015517583238,0.4927049624308406,-2.88753646614,-0.2221181897030769,3.102859616275,0.23868150894423076,0.21532315013500014,14.410246247696147,
3336165,1668.0825,0.038012243236153855,0.7889941842783623,0.6851094915330769,0.1949990889649339,0.39562545358129464,0.2463697047434556,0.4933414636746977,-2.91353324054,-0.22411794158,3.098945088687,0.23838039143746154,0.18541184814699996,16.713846065705926,
3340170,1670.085,0.04348032519538463,0.7966576973312297,0.6898025526353846,0.19291016280997436,0.3922007785713937,0.2427784057893866,0.48580266283849843,-2.93780362604,-0.22598489431076924,3.102633982894,0.23866415253030768,0.16483035685399994,18.82319520573621,
3344175,1672.0875,0.04701146712923075,0.8032566162412267,0.6942970569323077,0.194628317714228,0.39515535936904894,0.24428250682306096,0.48807109195530557,-2.95343574879,-0.22718736529153846,3.109358556558,0.23918142742753845,0.15592280776799994,19.94165318767518,
3348180,1674.09,0.043567380076923096,0.7966351949756195,0.6897492798461538,0.19395037117814312,0.3943012922905583,0.24531361614994684,0.4913018974095718,-2.8554029763099997,-0.2196463827930769,3.106880113476,0.2389907779596923,0.2514771371660003,12.354523152636121,
3352185,1676.0925,0.04325399720000001,0.7968356296085644,0.6900477523999999,0.1955681239941935,0.39735783251329976,0.2470220616205316,0.4925499274312378,-2.97088432315,-0.22852956331923077,3.106036819506,0.23892590919276924,0.13515249635600002,22.98171993304887,
3356190,1678.095,0.04118079864153846,0.7959003810302606,0.6900160450200001,0.19720471940921885,0.3999554856298603,0.24742807037718045,0.4939815537073016,-2.86508637665,-0.2203912597423077,3.102180562922,0.23862927407092308,0.23709418627199996,13.084169678302892,
3360195,1680.0975,0.040744398643846165,0.7951071924062015,0.6894800640023077,0.1946106472388579,0.3954203151935367,0.24579239326893637,0.48977233811044585,-2.98365035657,-0.22951156589000002,3.1112476438170003,0.23932674183207694,0.12759728724700015,24.383336910559176,
3364200,1682.1,0.0449670942976923,0.7998125137574239,0.6920289878715384,0.1945374216864207,0.3945600282858507,0.2436597268675504,0.4855859777251562,-2.90629738568,-0.22356133736,3.115623012176,0.23966330862892307,0.20932562649600017,14.884097395669487,
3368205,1684.1025,0.043994814153076926,0.7974035531352912,0.6902663684776923,0.19623009866947339,0.3988570503392696,0.2475128036454908,0.4940908184178911,-2.90495878457,-0.22345836804384614,3.113030344232,0.23946387263323077,0.2080715596620002,14.961344785846425,
3372210,1686.105,0.04253645355999999,0.7967383732199821,0.6902375840246153,0.19580703743723932,0.3982638943734188,0.2473241866752887,0.49522999705396303,-2.97811365129,-0.22908566548384618,3.113421000539,0.23949392311838463,0.135307349249,23.009991828378162,
3376215,1688.1075,0.04489725369769233,0.8014569171835622,0.6935140994869232,0.1922686014283767,0.3894260106977198,0.24417828134881617,0.48747447360465174,-2.96650564672,-0.22819274205538462,3.12024462968,0.2400188176676923,0.15373898296000021,20.295728315646688,
3380220,1690.11,0.0436169138253846,0.7986492189923352,0.6915164039592306,0.19395676623006472,0.39415966641749417,0.24367554393092872,0.487489259894061,-2.9256010055800004,-0.22504623119846157,3.102598965186,0.23866145886046153,0.17699795960599962,17.529009781199942,
3384225,1692.1125,0.04012438654230768,0.7913437752201093,0.6863810030269231,0.19472922096272563,0.39632404797635573,0.24492318899325768,0.48964564710988656,-2.90862110251,-0.22374008480846155,3.1020033732070003,0.23861564409284616,0.1933822706970001,16.040784721508192,
3388230,1694.115,0.04208931785923076,0.7976032432816689,0.6911764122023077,0.19671965135333697,0.40038000280212444,0.24659152981541851,0.4934080925077304,-2.87813031676,-0.22139463975076923,3.109928689903,0.23922528383869232,0.231798373143,13.41652509348906,
3392235,1696.1175,0.042851475567692296,0.7963977254189477,0.6898144666938463,0.1953450096603998,0.39702644093538203,0.24592042162562475,0.49207426446550495,-2.9282262921399997,-0.22524817631846153,3.103813730191,0.2387549023223846,0.17558743805100008,17.676741369672953,
3396240,1698.12,0.04380748593230769,0.798909816832317,0.6916743814984615,0.19465218840587145,0.39515778532040824,0.24554381462412708,0.49022069363423787,-2.91131305691,-0.22394715822384617,3.106902621681,0.2389925093600769,0.19558956477099976,15.884807685515455,
3400245,1700.1225,0.04229712714538461,0.7966308597152649,0.6902343653623078,0.19578059333858475,0.3986083754981553,0.2475253243763495,0.49416490535779833,-2.88217708474,-0.2217059295953846,3.109098263073,0.23916140485176923,0.2269211783330003,13.701225623421045,
3404250,1702.125,0.04362010038384613,0.7941609788212828,0.6875348366161538,0.19417267756902626,0.39370620482767954,0.24360622240971277,0.4858552822147345,-2.89365237947,-0.2225886445746154,3.1113428771400002,0.2393340674723077,0.21769049767000004,14.292506611182114,
3408255,1704.1275,0.044911517552307705,0.7980437022659685,0.6904816948476923,0.1930721570379821,0.39310580847310767,0.24631848300088952,0.49253486697277543,-2.94140878321,-0.22626221409307692,3.106114879254,0.23893191378876924,0.1647060960440001,18.85853015679652,
3412260,1706.13,0.04203166870000002,0.7935951200403019,0.6876439910692308,0.19463002477745828,0.39537008899705967,0.2459542133078176,0.49229185723371033,-2.86595669389,-0.2204582072223077,3.097473129639,0.23826716381838461,0.23151643574900005,13.379063648842385,
3416265,1708.1325,0.04253113269153847,0.7931551033448966,0.6870614290161539,0.19305712855882218,0.39197892455409666,0.24468134486632104,0.48872941582894974,-2.87535625692,-0.2211812505323077,3.110629245634,0.23927917274107693,0.23527298871400015,13.221361545312401,
3420270,1710.135,0.04041119493230769,0.7925334879143413,0.6873259017138461,0.1949438823539395,0.3959431889077018,0.2464805470246256,0.493517534800987,-2.87717849016,-0.22132142232,3.113786481316,0.2395220370243077,0.23660799115600017,13.16010700273864,
3424275,1712.1375,0.04564051674615385,0.8006810507173678,0.6925404507461539,0.19354839163798984,0.39321558443118443,0.24355986042349898,0.4873089839785154,-2.91141960028,-0.2239553538676923,3.1155378744010003,0.2396567595693077,0.20411827412100036,15.263395145865891,
3428280,1714.14,0.041918777503076946,0.7928097819018034,0.6869906966507691,0.192482933372166,0.39107674062332526,0.24253813293432355,0.48476197245480124,-2.93551528459,-0.22580886804538464,3.116018727441,0.2396937482646923,0.18050344285099973,17.262932375274314,
3432285,1716.1425,0.046838013026153855,0.8006877886217112,0.6920854449276923,0.19273530697322655,0.39099181929242516,0.24352178338057323,0.48704032866629327,-2.95423641806,-0.2272489552353846,3.114943951359,0.23961107318146152,0.160707533299,19.382687839303564,
3436290,1718.145,0.041419758242307675,0.793128092396637,0.6874653421884616,0.1957351419833929,0.3973623218239343,0.24817555855771944,0.49687528154998073,-2.86120751496,-0.22009288576615382,3.113743975752,0.23951876736553845,0.2525364607920002,12.329878885554717,
3440295,1720.1475,0.04617590399384615,0.799134329510631,0.6909621839292306,0.19433078814791332,0.39488139771929787,0.24405474021714968,0.48717925981833854,-2.9043886959300003,-0.22341451507153848,3.114124313013,0.23954802407792306,0.2097356170829996,14.847856345642208,
3444300,1722.15,0.04354539284538461,0.7928286299208371,0.6863819819238461,0.19433573032706739,0.3948404604190705,0.24500424651603842,0.4899879618382888,-2.8595475554500003,-0.21996519657307695,3.112159796067,0.23939690738976924,0.2526122406169997,12.319908918370778,
3448305,1724.1525,0.04207740151076923,0.7893855602826338,0.6838931601815386,0.19326323854963806,0.3920276785975031,0.2434990432489831,0.48544219822307405,-2.8946081698099997,-0.22266216690846152,3.10720227659,0.23901555973769228,0.21259410678000012,14.61565573783963,
3452310,1726.155,0.043251796412307704,0.7920441225860813,0.68579902328,0.1949960384171798,0.39658163038058697,0.24573511179086116,0.4919182282716445,-2.920195818,-0.22463044753846154,3.09880891443,0.2383699164946154,0.17861309643000034,17.349281639291462,
3456315,1728.1575,0.04313390759307692,0.7925370653862364,0.6862819492838461,0.19372508927835577,0.3925348471022535,0.244859466993461,0.4882210534355624,-2.94841495152,-0.2268011501169231,3.105344250808,0.23887263467753844,0.1569292992879996,19.788173813922498,
3460320,1730.16,0.049131735012307706,0.8024310055167968,0.6927493787723079,0.19487344387378466,0.3960849460531471,0.24513220294243918,0.4905049063312047,-2.90105518696,-0.22315809130461536,3.113967388852,0.23953595298861538,0.21291220189200022,14.62559384187648,
3464325,1732.1625,0.04324446733615384,0.7923565747202657,0.6860787364176922,0.19412311815325017,0.39460446031410373,0.24413856249040608,0.48838267615008046,-2.9398346842,-0.22614112955384616,3.113455422228,0.2394965709406154,0.17362073802800015,17.93250885574445,
3468330,1734.165,0.04551790539692309,0.7971002251258046,0.6894117479107693,0.1921503058528968,0.39090869662591604,0.24073471847840422,0.48142299395034355,-2.95337179297,-0.22718244561307693,3.1110764742040002,0.23931357493876926,0.15770468123400017,19.727229717346344,
3472335,1736.1675,0.046540918262307676,0.7973510087777259,0.6892408430607693,0.1939274886534104,0.39444694230744676,0.24342605033223583,0.48680650876533504,-2.89277321098,-0.2225210162292308,3.102764889596,0.2386742222766154,0.20999167861599988,14.775656397651137,
3476340,1738.17,0.04335654698538461,0.7935390057884173,0.6870844364146154,0.1938191309310464,0.3937113713556806,0.24386427323858775,0.48725850949580035,-2.97178387638,-0.22859875972153845,3.101928405472,0.238609877344,0.13014452909200003,23.834489448874383,
3480345,1740.1725,0.04367174322384614,0.7903307518245731,0.684117878853077,0.19181921570587818,0.38933571082462365,0.24427868657840174,0.488063453841474,-2.87951332331,-0.22150102486999998,3.1129676029040003,0.23945904637723078,0.23345427959400045,13.334377970357844,
3484350,1742.175,0.043315052983076925,0.7936370603843783,0.6871875157707692,0.19343887556673395,0.3939390081113541,0.24259764253902494,0.4848636617533166,-2.91574445363,-0.22428803489461538,3.103149876004,0.23870383661569233,0.18740542237400026,16.55848500376431,
3488355,1744.1775,0.039580131951538484,0.7865207283506717,0.6823127384330768,0.1914405749618462,0.3885315168135975,0.241101361683502,0.48061170761142014,-2.95096790787,-0.22699753137461537,3.098317235701,0.23833209505392305,0.14734932783099985,21.02701981277152,
3492360,1746.18,0.04067405140615386,0.7902450694070461,0.6851948889323077,0.1923113190873315,0.39077146062078444,0.24226280317652515,0.48339302603596346,-2.89624926445,-0.2227884049576923,3.0926025509660002,0.23789250392046155,0.19635328651600004,15.750194997189398,
3496365,1748.1825,0.04152896542307693,0.7931483884572165,0.6874411771,0.19449875147513984,0.394718233495094,0.24310641433407823,0.485169879694898,-2.91957435015,-0.22458264231923078,3.09826634824,0.23832818063384617,0.17869199809000014,17.33858472319239,
3500370,1750.185,0.04209523476076922,0.7902440114016851,0.6846475280238462,0.19138177103936427,0.3885137794560776,0.24149741746730508,0.48125653471447427,-2.8876219988100003,-0.2221247691392308,3.10445195439,0.23880399649153847,0.21682995557999973,14.31744957049815,
3504375,1752.1875,0.03955150796461539,0.7877834166581827,0.6834434247892307,0.19227613092850968,0.39069685638414675,0.24359843592215907,0.48630954922260555,-2.93719136715,-0.22593779747307693,3.101749703292,0.23859613102246155,0.164558336142,18.84893695458522,
3508380,1754.19,0.039031487245384626,0.7861291174006386,0.6821762598469232,0.19188800949587323,0.38925298632181843,0.24273925397790033,0.4839751409007458,-2.96455317737,-0.22804255210538463,3.091702401647,0.23782326166515383,0.12714922427699982,24.315542774461594,
3512385,1756.1925,0.04407176375153846,0.7922919142000554,0.6857034816176922,0.1895547713147226,0.38526262596194283,0.23990478744686203,0.47874257581033586,-2.9182424843700003,-0.22448019110538464,3.098069645463,0.238313049651,0.1798271610929998,17.22804067323732,
3516390,1758.195,0.044269284379230764,0.7921370059294746,0.68549028039,0.19337621229347987,0.39236729497047074,0.2444040853218913,0.4880987244113196,-2.95131513479,-0.22702424113769232,3.087306775164,0.23748513655107692,0.1359916403739998,22.70218056546262,
3520395,1760.1975,0.04231367661307691,0.7934848386508438,0.6874376352023076,0.19044216003337525,0.38693576518797873,0.2416318252155018,0.48205713916081994,-2.92213594915,-0.22477968839615384,3.094486616555,0.2380374320426923,0.17235066740499994,17.95459607524112,
3524400,1762.2,0.04292959892461538,0.7901203256395752,0.6842170999676924,0.19286633309306228,0.3922582207176673,0.24416216128619345,0.48861103187353655,-2.9118273853999996,-0.2239867219538461,3.088807143277,0.23760054948284617,0.1769797578770005,17.45288376664916,
3528405,1764.2025,0.04430456803384615,0.79363216556972,0.68680266692,0.19177716527835903,0.3900873273838158,0.24277473962993149,0.4860689475228785,-2.92628273371,-0.22509867182384616,3.087134286766,0.23747186821276925,0.16085155305600018,19.192443144712563,
3532410,1766.205,0.044647776158461536,0.7972478493950551,0.6898772074569232,0.1919547787346062,0.3907478790954586,0.24273180375511597,0.4858445447967262,-2.89226910473,-0.22248223882538462,3.096371479348,0.23818242148830768,0.20410237461799996,15.170678367379114,
3536415,1768.2075,0.045511947229230784,0.7938930084342861,0.6865693560015386,0.1923975101175085,0.3910190301475038,0.24337161877689503,0.48687788540867905,-2.91983640188,-0.2246028001446154,3.096621610239,0.23820166232607692,0.17678520835900002,17.516293580120404,
3540420,1770.21,0.040758387395384614,0.7880319595478024,0.6832000315123078,0.19252762482166352,0.3904807299114743,0.24347770458430934,0.4849203257879619,-2.88787090783,-0.22214391598692307,3.092603549374,0.23789258072107694,0.20473264154400006,15.105571471412652,
3544425,1772.2125,0.04147839775153845,0.7887992762348252,0.6836034861869229,0.19328006154247446,0.39320936972316756,0.24502611057667853,0.4897600672591322,-2.9342783093500002,-0.22571371610384616,3.090355664501,0.23771966650007695,0.15607735515099996,19.800153978206367,
3548430,1774.215,0.04152724376230767,0.790504324586011,0.6850968232530769,0.19026359076894367,0.3860140091588062,0.24104263658996228,0.48036167428095083,-2.90623876453,-0.2235568280407692,3.0931640341930002,0.2379356949379231,0.18692526966300038,16.54759701440867,
3552435,1776.2175,0.04292980294692303,0.79193758335349,0.6858287155607692,0.19334324122836188,0.39308384123331497,0.24459390307432247,0.48835347477058966,-2.92147910597,-0.2247291619976923,3.084481596949,0.23726781514992307,0.16300249097899977,18.9229107998502,
3556440,1778.22,0.04109636866538459,0.7843392341706213,0.6797950153192308,0.1932971001592776,0.3926951292605179,0.2438579153368297,0.4869335841371895,-2.90595698353,-0.22353515257923076,3.08601813762,0.23738601058615386,0.18006115409000012,17.138722414705356,
3560445,1780.2225,0.043901830913076936,0.7926898553626072,0.6861220850407691,0.19280117192172147,0.3918253044373828,0.24458787327552742,0.48834483611558166,-2.8654924035100002,-0.22042249257769234,3.0819287821790002,0.23707144478300002,0.216436378669,14.239421307691757,
3564450,1782.225,0.04343723562923078,0.7911238831959572,0.6849117898015383,0.1959181482061591,0.3982476103666435,0.2465256908500328,0.49340863725508877,-2.9121777713599997,-0.22401367471999997,3.077833618972,0.23675643222861537,0.16565584761200025,18.5796859171607,
3568455,1784.2275,0.041178623068461546,0.7896900070007036,0.6845089541007693,0.19051739453115568,0.38667659712683583,0.24231966263085264,0.4820038296602513,-2.89415308834,-0.22262716064153845,3.082724161441,0.23713262780315383,0.18857107310099996,16.3478104607798,
3572460,1786.23,0.042399883271538444,0.793477922939076,0.6873985620669232,0.1938780673099285,0.3943477652106033,0.24339124858253805,0.4866990494581675,-2.8946205675999996,-0.22266312058461535,3.083841443068,0.23721857254369233,0.18922087546800048,16.297575177372618,
3576465,1788.2325,0.04081581189076921,0.7894745606597577,0.6844573204323078,0.19232731213614304,0.39015027663671215,0.24309646095053944,0.4848457393314556,-2.9247828721899998,-0.2249832978607692,3.0733031779610003,0.2364079367662308,0.1485203057710005,20.6928147771231,
3580470,1790.235,0.04227913343307692,0.790028842705431,0.6843857581823076,0.1923746901417782,0.3916089853662283,0.2433989217770618,0.48641160399178157,-2.88068762423,-0.22159135571000002,3.080631688239,0.2369716683260769,0.19994406400899978,15.40746760104034,
3584475,1792.2375,0.041026420316153854,0.7837996169550078,0.6793433221453846,0.19186872164642732,0.3897160048963475,0.2420371598778494,0.48272850951176827,-2.89113700393,-0.22239515414846153,3.073885902753,0.23645276175023078,0.18274889882300016,16.820270450604387,
3588480,1794.24,0.045472044210769225,0.7930076199587088,0.6857998462815384,0.19042552151489767,0.3862259234541022,0.24277651882867565,0.4847475008254796,-2.90121376519,-0.22317028963000002,3.076323039835,0.23664023383346156,0.17510927464500003,17.568018861774434,
3592485,1796.2425,0.041602698656153854,0.7886599653239833,0.6834323268669231,0.19262162476471342,0.3910435523572898,0.24370984268632506,0.4871565112671258,-2.89634770156,-0.2227959770430769,3.077464692301,0.23672805325392307,0.18111699074100018,16.991584719413858,
3596490,1798.245,0.043498488570769225,0.7922218402878937,0.6858621835676924,0.19072792027987975,0.3871741128823816,0.24218705750909536,0.4829345610177018,-2.8776161074899997,-0.22135508519153843,3.067209400246,0.23593918463430769,0.18959329275600023,16.177837072503344,
3600495,1800.2475,0.0403609115346154,0.7862723365227631,0.6817925136807692,0.19170628400305148,0.389850578426368,0.24266381726650024,0.4846049912534145,-2.8338010013,-0.2179846924076923,3.068775333455,0.23605964103500002,0.2349743321550002,13.060044921973395,
3604500,1802.25,0.04083806963538462,0.7864131947529314,0.6817337985184615,0.19167331013483968,0.38993113041786964,0.24178771430734922,0.4819136236902483,-2.9181250929900004,-0.2244711609992308,3.069858111431,0.23614293164853845,0.1517330184409995,20.231971544312856,
3608505,1804.2525,0.04052136036538463,0.7852660964236602,0.68083847945,0.1926866502187952,0.39189601742118235,0.24428370909302005,0.4878389427752386,-2.88997632265,-0.2223058709730769,3.063076928259,0.23562130217376923,0.1731006056090001,17.69535650948491,
3612510,1806.255,0.04169982671230768,0.7886923891313341,0.683423762133846,0.19347366235381092,0.3929001296960738,0.24561279416533416,0.4907241666209486,-2.90608426923,-0.22354494378692308,3.061914525924,0.23553188660953847,0.1558302566940002,19.649037297914496,
3616515,1808.2575,0.039993866135384616,0.7846962636374031,0.680535855203077,0.19087344018018904,0.3878355426248736,0.242023649817785,0.4831325146484927,-2.87605533007,-0.22123502538999998,3.062110871075,0.23554699008269228,0.186055541005,16.458047175239514,
3620520,1810.26,0.045347938165384634,0.7936337345578865,0.6864028252038461,0.1897634205338263,0.3852404450421117,0.24170592689800807,0.4829688021451831,-2.87371352316,-0.22105488639692308,3.0621110201070003,0.23554700154669234,0.18839749694700014,16.253459147434594,
3624525,1812.2625,0.04210818272000002,0.7888134130396787,0.6833738959723076,0.19123765631016335,0.3895146964516488,0.24226394674867194,0.4853003781876119,-2.87296167019,-0.22099705155307692,3.05577365311,0.23505951177769233,0.18281198292000012,16.71539033875711,
3628530,1814.265,0.04047706952153846,0.7843006835539342,0.6799992827246153,0.19012135396384294,0.386179698969231,0.24176044841609692,0.48295385585731715,-2.8722720741999996,-0.2209440057076923,3.067682176845,0.235975552065,0.19541010264500036,15.698687710215415,
3632535,1816.2675,0.04085865158692306,0.7843917282851373,0.6799332018130768,0.19167829197187455,0.38884942427048774,0.24290577999845672,0.48420942643528625,-2.91056507829,-0.22388962140692306,3.063773736356,0.23567490279661538,0.15320865806600015,19.99739293477898,
3636540,1818.27,0.03985954018692307,0.7844971073285935,0.6804108367515386,0.19081616400950055,0.38797509402752206,0.24225804399336962,0.48372842045558645,-2.8961292207,-0.2227791708230769,3.072620995366,0.236355461182,0.1764917746660002,17.409428859677714,
3640545,1820.2725,0.04147041072307692,0.7882273040143233,0.6830994784769231,0.19168293596572192,0.39034336856169977,0.2442463618759823,0.4879051919770202,-2.84276050324,-0.2186738848646154,3.066703908158,0.23590030062753845,0.2239434049179998,13.694102352694507,
3644550,1822.275,0.040530048880769214,0.787763947055128,0.6830502381653846,0.19139025017537556,0.3890334895661633,0.24304208425518414,0.48602546566699484,-2.86626777049,-0.22048213619153845,3.070201203216,0.23616932332430768,0.20393343272600006,15.05491847107309,
3648555,1824.2775,0.042436890881538465,0.7902891611624759,0.684556248103077,0.19171436501112327,0.38961060608258224,0.24309786704461664,0.4851370782246469,-2.8845700919699997,-0.22189000707461537,3.073333427302,0.23641026363861536,0.18876333533200018,16.281410910103748,
3652560,1826.28,0.04343221967615385,0.7915629827525442,0.6853031905853846,0.19040835209015208,0.38647703596876815,0.24165068983473809,0.48183223371914313,-2.85404434802,-0.21954187292461538,3.064195625481,0.23570735580623078,0.21015127746100015,14.580904111085658,
3656565,1828.2825,0.042674355781538456,0.7915345713830528,0.6855694170184615,0.19168899123428249,0.38871659958884885,0.24362238310424675,0.4870575246006841,-2.87135362628,-0.2208733558676923,3.06660261005,0.23589250846538462,0.19524898377,15.706113040067885,
3660570,1830.285,0.04362752345923077,0.7926233691719289,0.6861686110484615,0.19259115390550705,0.39212408814259847,0.24479563287888123,0.48930719451055316,-2.8563455640699997,-0.21971888954384614,3.068431563682,0.2360331972063077,0.21208599961200036,14.467864777946335,
3664575,1832.2875,0.04579141735615386,0.7980667874305523,0.6901636925976923,0.18958781668999442,0.3846943139015085,0.24097018543429846,0.48115124726725833,-2.86833703517,-0.22064131039769233,3.066324226554,0.23587109435030768,0.19798719138399967,15.487487877974942,
3668580,1834.29,0.04415336939615386,0.7943608140389667,0.6875070883730768,0.1908985893299583,0.38788083049984323,0.2418772368070259,0.48184218395412765,-2.87289434677,-0.22099187282846153,3.066220968947,0.23586315145746153,0.19332662217700003,15.860314189629424,
3672585,1836.2925,0.0403571747823077,0.7895274451803859,0.6846805650484615,0.191991250299082,0.38997486003617077,0.24272510161696836,0.4851113343173959,-2.88677379487,-0.2220595226823077,3.064271360615,0.2357131815857692,0.17749756574499997,17.26373738002274,
3676590,1838.295,0.03971805710307694,0.786444758711038,0.6821924562661539,0.1915169122506833,0.3892747229671938,0.24336739060726725,0.48602966898842437,-2.89885962009,-0.22298920154538462,3.055535145106,0.23504116500815384,0.1566755250159999,19.502313107257592,
3680595,1840.2975,0.04179101723461539,0.792255883900424,0.6865490216423079,0.19143020030894142,0.3888106079484259,0.24218045188727993,0.4835245131381059,-2.89358434081,-0.22258341083153846,3.0633296594179997,0.23564074303215382,0.1697453186079998,18.046622343042518,
3684600,1842.3,0.04331833352769232,0.7929811217970348,0.6866048964107693,0.19056666223179425,0.3872194356099,0.24201116531834482,0.4820734077230687,-2.89328694346,-0.2225605341123077,3.0685327649119998,0.23604098191630768,0.17524582145199963,17.509876923099593,
3688605,1844.3025,0.0402053342423077,0.7875141679158887,0.6829535571423077,0.1910948776872209,0.38804740219531103,0.24169547127373797,0.4820868113879516,-2.87275940179,-0.2209814924453846,3.0632817894369997,0.23563706072592305,0.1905223876469999,16.078329834458362,
3692610,1846.305,0.04197119749307695,0.7916863969454893,0.6859745520761538,0.19132303317997484,0.3885621982352645,0.2417141976440632,0.4824116042899318,-2.85430109498,-0.21956162269076923,3.066145107139,0.23585731593376924,0.21184401215900017,14.473598172025252,
3696615,1848.3075,0.04180532006384616,0.7922888760141261,0.6865726457207693,0.19104317198269116,0.3875079476988231,0.24210870354096045,0.4823218941315262,-2.88150292631,-0.2216540712546154,3.054862067084,0.2349893897756923,0.17335914077400005,17.621580572243815,
3700620,1850.31,0.03976244650692307,0.7861995201432335,0.6819579738776924,0.19046332229276014,0.3863395331820085,0.24181352296160158,0.48163895707035154,-2.85590788723,-0.21968522209461538,3.059455879023,0.23534275992484616,0.2035479917930001,15.030636520031798,
3704625,1852.3125,0.04215912406846155,0.789868918527708,0.684290310516154,0.19202091318634046,0.390031490671177,0.2429978954282587,0.48524705913116795,-2.8561764657,-0.21970588197692306,3.050879959012,0.23468307377015385,0.1947034933120002,15.669364258006174,
3708630,1854.315,0.03934997090307692,0.7856672152302759,0.6816445015892308,0.19140199591172186,0.3889382554609105,0.24285269204153956,0.4850420345041854,-2.90423685314,-0.22340283485692308,3.058067999779,0.235235999983,0.15383114663899988,19.87938116950697,
3712635,1856.3175,0.03976631852538462,0.7864949064548045,0.6822184163823077,0.1915924767655057,0.38912807340790184,0.24270536851566876,0.4850421585393708,-2.87057936193,-0.22081379707153845,3.05537195505,0.2350286119269231,0.18479259312000007,16.534060718905067,
3716640,1858.32,0.04195973048769231,0.7907168701221681,0.685119000773846,0.18992500670892862,0.38541821474467713,0.24127257681362776,0.48101359901255886,-2.8774912953699996,-0.22134548425923073,3.059746347379,0.23536510364453844,0.18225505200900027,16.78826629852708,
3720645,1860.3225,0.04292334731076923,0.792474187163253,0.6863070749353846,0.19094289419979965,0.38814517889998285,0.2423640125160958,0.48435045201414084,-2.87980139254,-0.22152318404153848,3.053409557776,0.23487765829046153,0.17360816523599976,17.58793748914546,
3724650,1862.325,0.0407649186876923,0.7870225955571284,0.6823023465892308,0.19118288330686536,0.3883375015873641,0.24159545418519793,0.4815523351759995,-2.91118878122,-0.22393759855538461,3.054723359643,0.23497871997253844,0.143534578423,21.2821425555078,
3728655,1864.3275,0.04230783765307692,0.790150234032299,0.6844824437930768,0.1906896488088707,0.3874879576095671,0.24259871156565785,0.48404164705584757,-2.84016025066,-0.2184738654353846,3.053575925538,0.23489045581061538,0.21341567487800006,14.308114562267223,
3732660,1866.33,0.04237620876615385,0.790515847841244,0.6847808888338461,0.19137460628588807,0.38873641820835275,0.24256151404848827,0.48431775742517674,-2.88305950162,-0.22177380781692307,3.053738988931,0.23490299914853846,0.1706794873109998,17.89165784970222,
3736665,1868.3325,0.043122197565384594,0.7916951751140394,0.6855397063884615,0.1897233454343573,0.3855064852160535,0.2407650485831931,0.4804030444524764,-2.83930546047,-0.21840811234384613,3.056622505188,0.2351248080913846,0.21731704471799995,14.065268139249758,
3740670,1870.335,0.0388745871853846,0.7857661918521763,0.6819150837530769,0.1908805022047043,0.387839322169638,0.24282722635539009,0.4846528337715091,-2.8690871000300002,-0.2206990076946154,3.055703461169,0.2350541123976154,0.18661636113899993,16.374252731747244,
3744675,1872.3375,0.04099006377384615,0.7882588743302671,0.6833122097492308,0.19128159326673663,0.38936169152095707,0.24277736803362762,0.4851169684376026,-2.89941167833,-0.22303166756384615,3.052932061261,0.2348409277893077,0.15352038293100012,19.886167575761867,
3748680,1874.34,0.0405853963846154,0.7863108873458283,0.6817400753538462,0.18992887017141963,0.385320385591577,0.24132233801011763,0.48217901576229905,-2.89307889338,-0.22254453025999998,3.054307542745,0.2349467340573077,0.16122864936500036,18.943950437930244,
3752685,1876.3425,0.04057844556846153,0.7883668921639798,0.6835662883084617,0.1890840402781717,0.38414631185377357,0.24092699721437238,0.4802805657447152,-2.84729653601,-0.2190228104623077,3.059592396026,0.23535326123276923,0.21229586001599987,14.411926807218054,
3756690,1878.345,0.04191118019615384,0.7907173297682899,0.6851383539269231,0.19111119187420328,0.3881109871928262,0.24265167225434064,0.4846628864563479,-2.8430486619299997,-0.2186960509176923,3.056390032175,0.23510692555192308,0.21334137024500022,14.32628856121556,
3760695,1880.3475,0.04117274513846154,0.7890480649038789,0.6839417654769231,0.19160332197895194,0.3892950778492527,0.24427899744779993,0.48726029350305866,-2.85501098632,-0.21961622971692307,3.054074138395,0.23492877987653846,0.19906315207499992,15.342237408379495,
3764700,1882.35,0.0416553937453846,0.7899966693444737,0.6845974188546152,0.192398920676645,0.39107916034920887,0.2443387876139871,0.4878933941912206,-2.88444349171,-0.2218802685930769,3.05400717258,0.23492362866,0.16956368087000007,18.010974737694127,
3768705,1884.3525,0.04008721846461537,0.7867114494947574,0.6822869823507691,0.1906566256534273,0.38740573249639676,0.24209186985704606,0.48278966498078674,-2.8751238286599996,-0.2211633714353846,3.057667791837,0.2352052147566923,0.18254396317700028,16.750309013901436,
3772710,1886.355,0.04174567415692308,0.7896470825139726,0.6842526541353846,0.19049534930522055,0.3869738955178593,0.24197696233116203,0.4825553503805328,-2.86042195554,-0.22003245811846156,3.055834688253,0.2350642067886923,0.19541273271299975,15.637848393129358,
3776715,1888.3575,0.04222933375153847,0.7911122020149783,0.6853660138792308,0.1902852467625789,0.38641662966849866,0.2414382262487068,0.48156820049639487,-2.8815132082000003,-0.2216548621692308,3.055216699817,0.23501666921669231,0.17370349161699972,17.58868904347342,
3780720,1890.36,0.04369912467846156,0.7920934604564248,0.685671102536923,0.1896678586988094,0.38509791132995974,0.2406880601405231,0.4797860932867382,-2.89069941641,-0.22236149356999999,3.058938965191,0.2353029973223846,0.168239548781,18.18204451542406,
3784725,1892.3625,0.04031688891923076,0.7881225282489904,0.6834502816192308,0.18995334581112377,0.3859909789678172,0.24202258528306583,0.4830650732076411,-2.8847502171799997,-0.22190386285999997,3.055826932198,0.2350636101690769,0.17107671501800015,17.86231943883465,
3788730,1894.365,0.04273844224384617,0.7921840346305212,0.6861209273407691,0.188602249480708,0.3830286743129237,0.24137519296195448,0.4816904081185016,-2.85062605146,-0.2192789270353846,3.063559472559,0.23565842096607692,0.21293342109900015,14.387405493920303,
3792735,1896.3675,0.04141723880153846,0.7886454930644018,0.6834907096138463,0.19146134185408697,0.38905747026328913,0.2420470147621766,0.48291036506784635,-2.90116292238,-0.2231663786446154,3.057831212886,0.23521778560661538,0.15666829050599995,19.51786927022666,
3796740,1898.37,0.042442262170769234,0.7906523671096718,0.6848764281984615,0.18982568014325318,0.3856443308066924,0.24190861009872092,0.48250178838630187,-2.89332777258,-0.22256367481384617,3.061266764992,0.23548205884553844,0.1679389924119996,18.228445467160405,
3800745,1900.3725,0.041948027342307695,0.789725891138596,0.6842449055346154,0.19123444041421467,0.3883880737976638,0.24201341440317178,0.4823369524084557,-2.8816297352699998,-0.22166382579,3.058479838095,0.23526767985346153,0.17685010282500002,17.294193157023397,
3804750,1902.375,0.04081579126615385,0.7882983648665821,0.6834141314107692,0.19097736916237879,0.3879493762419157,0.24347146202631215,0.48636519649540894,-2.87895530459,-0.22145810035307692,3.062243759645,0.2355572122803846,0.18328845505500002,16.707237554739066,
3808755,1904.3775,0.041797018969999995,0.7882261333031355,0.6829730134761539,0.18963595831625105,0.3849889477840118,0.24135776683308793,0.4819127600547709,-2.8679825366000005,-0.2206140412769231,3.061569258567,0.2355053275820769,0.19358672196699933,15.814975466596849,
3812760,1906.38,0.042246062026923076,0.7887660624019973,0.6832790237269232,0.1904727110965158,0.3866059569693648,0.2426319022421423,0.48417029721664456,-2.90322393179,-0.22332491783,3.060098268093,0.2353921744686923,0.15687433630299985,19.5066850334428,
3816765,1908.3825,0.04216128587846154,0.7893207812324553,0.6838035537676923,0.190592745941015,0.38730610813791017,0.24213301150405986,0.4834844757872767,-2.8921339809499997,-0.2224718446884615,3.061534367505,0.2355026436542308,0.16940038655500045,18.07277084642891,
3820770,1910.385,0.042689800261538464,0.7896475675320507,0.6838900676153845,0.19002640467014142,0.38611026344799276,0.2416963286373543,0.48247759253090844,-2.8539479076600003,-0.21953445443538463,3.059015996749,0.23530892282684615,0.20506808908899954,14.91707466694824,
3824775,1912.3875,0.042205968736153836,0.7885703508493556,0.6831208444638462,0.19029801048791295,0.3864891690829909,0.2416373035080969,0.4822969891186712,-2.86071559786,-0.22005504598923079,3.058454521001,0.2352657323846923,0.19773892314099983,15.467134504521077,
3828780,1914.39,0.042769613174615397,0.7917233120220791,0.6857003638407693,0.19058455239812105,0.3875186725541484,0.24230928154961678,0.4837490330705414,-2.88397508863,-0.2218442375869231,3.059431418775,0.2353408783673077,0.17545633014499984,17.43699652356024,
3832785,1916.3925,0.04228891318153845,0.7890494265175814,0.6835137651569231,0.19067175391471503,0.38775644595575576,0.24241057601891988,0.4839155238574282,-2.8672409951399995,-0.2205569996261538,3.057872295389,0.23522094579915384,0.19063130024900055,16.040767132128043,
3836790,1918.395,0.04097234744307695,0.7888518016402646,0.6838449102184614,0.19014106479432807,0.38645024608808626,0.24168178387961806,0.4821888482533638,-2.85795181988,-0.2198424476830769,3.057347930988,0.235180610076,0.19939611110800026,15.333036908287685,
3840795,1920.3975,0.042142485193076944,0.7896508751852922,0.6841034499453845,0.18987700836553248,0.38571224838528423,0.24130103784936718,0.48127977105187414,-2.85386496779,-0.2195280744453846,3.058182507753,0.23524480828869232,0.20431753996300017,14.967792331029464,
3844800,1922.4,0.04101208081769233,0.7879513086600197,0.6830310500592307,0.1904873454637389,0.3874275252299773,0.2424453382369157,0.4843644656608551,-2.85814407467,-0.21985723651307693,3.054754450917,0.234981111609,0.19661037624699995,15.5370968166977,
3848805,1924.4025,0.0412295048076923,0.7894413025981953,0.6842688047000001,0.19031404437013766,0.38686125668174426,0.24180774373393532,0.4832069493063429,-2.8362610340400005,-0.21817392569538466,3.057732731102,0.23521021008476922,0.22147169706199943,13.806426607396292,
3852810,1926.405,0.042063658053076915,0.7887185598854101,0.6833070058084615,0.18922070695166385,0.3844024095272126,0.24096238717104287,0.48103046155056584,-2.83429697156,-0.21802284396615385,3.059177838248,0.23532137217292307,0.22488086668799978,13.603548773637154,
3856815,1928.4075,0.042733490472307685,0.7907850837554403,0.6848821594200001,0.1910194213324883,0.3880348727224632,0.24261419595263348,0.4844425120556856,-2.8659056424600005,-0.2204542801892308,3.055578567102,0.2350445051616923,0.1896729246419997,16.10972453168678,
3860820,1930.41,0.040170924017692296,0.7869065048830539,0.6824279587976924,0.1909135314798987,0.3875116115159496,0.24272941647034896,0.4841965629068847,-2.87259703872,-0.22096900297846153,3.053063325581,0.2348510250446923,0.18046628686099986,16.917638073489893,
3864825,1932.4125,0.041457439849230775,0.7894263212171165,0.6841679467661539,0.18998144970275324,0.38562233676947744,0.2420532664239774,0.48338178692689154,-2.85981678966,-0.21998590689692307,3.055040977899,0.23500315214607692,0.195224188239,15.648885547721761,
3868830,1934.415,0.04216651962538461,0.7910784408290489,0.6853603468515386,0.1903883661649807,0.3868250787912709,0.24221173598102613,0.48344380583012947,-2.86258906129,-0.22019915856076924,3.051695547989,0.23474581138376924,0.189106486699,16.1374451043891,
3872835,1936.4175,0.04259105829615383,0.7906245997348202,0.6847945543499999,0.1898223143832196,0.38546907409859854,0.24159354396947724,0.4820299615038884,-2.86259216067,-0.2201993969746154,3.05310197921,0.23485399840076923,0.19050981853999982,16.02595605102088,
3876840,1938.42,0.04225781560153847,0.7895067801982104,0.6839313025676922,0.18999615245012952,0.38591377643672015,0.24175250777692167,0.4819308420908214,-2.86494904752,-0.22038069596307694,3.053156863901,0.23485822030007691,0.18820781638099993,16.222263892166513,
3880845,1940.4225,0.042659374386153845,0.7899514051818741,0.6841711631215385,0.19017268549994723,0.38647274143539995,0.242300144087122,0.4836479404429049,-2.86067953705,-0.22005227208076925,3.052866641428,0.23483589549446154,0.19218710437799968,15.884867256356207,
3884850,1942.425,0.042794892420000036,0.7912474583212172,0.6852686359338461,0.19089565586588353,0.3880180018958051,0.24241769860727197,0.48370835564473325,-2.8388263583600004,-0.21837125833538465,3.04720843585,0.23440064891153847,0.2083820774899996,14.623179078326627,
3888855,1944.4275,0.04148701062846154,0.7890692066653177,0.6838399126023076,0.19035937463631994,0.38648853980125986,0.24190024609509722,0.4823199812472902,-2.8559134304300002,-0.21968564849461542,3.05002704634,0.2346174651030769,0.19411361590999965,15.712586837567017,
3892860,1946.43,0.04273492785461538,0.790849499724207,0.6849387127607692,0.1903726246298882,0.38683491683366056,0.24195400939695785,0.48290810347179985,-2.8683570026900003,-0.22064284636076925,3.047710858284,0.23443929679107692,0.17935385559399952,16.99272562717054,
3896865,1948.4325,0.04238151357384616,0.7908662236209919,0.6850894345646155,0.18950801080121416,0.3853460569906202,0.24132394810491517,0.4814575469533578,-2.85393756624,-0.21953365894153845,3.04808417336,0.2344680133353846,0.19414660711999998,15.699909561005159,
3900870,1950.435,0.04195947372461539,0.7910512948758086,0.6854159235984615,0.19015846188900268,0.3864751459290072,0.24178457006527812,0.4827735294567644,-2.85090392829,-0.21930030217615387,3.049584813425,0.23458344718653848,0.19868088513499993,15.349160596666682,
3904875,1952.4375,0.04179103557384614,0.7898558346996496,0.6844205489492308,0.19004838559638434,0.38605829652806556,0.24221069488775654,0.4836529698267422,-2.87568792697,-0.22120676361307692,3.046932622786,0.234379432522,0.1712446958160001,17.792858390544744,
3908880,1954.44,0.041663454126923044,0.7895596116521347,0.6842069167346154,0.1908437224532662,0.38758620977262553,0.24270855595062263,0.4843785747856254,-2.87775701286,-0.22136592406615385,3.04153402524,0.2339641557876923,0.16377701237999975,18.571190065324625,
3912885,1956.4425,0.04289787090000001,0.792272113794628,0.6861377450076923,0.19038883827927908,0.38661843252002465,0.242192448331823,0.48313546180685146,-2.87539875511,-0.22118451962384617,3.042785037301,0.2340603874846923,0.16738628219099994,18.178222238241485,
3916890,1958.445,0.04252069729846152,0.7908925112760062,0.6850593731938462,0.19018312334817208,0.3866575637920726,0.24165619339337052,0.4825552208736201,-2.86292919511,-0.22022532270076922,3.044595919546,0.23419968611892308,0.18166672443599996,16.75923826445493,
3920895,1960.4475,0.0425552267253846,0.7906098957958443,0.6847953200284613,0.1905406393919076,0.38680513550419315,0.24221837089410977,0.48320354666451304,-2.86471250655,-0.22036250050384615,3.040508303785,0.23388525413730768,0.17579579723499972,17.29568255673666,
3924900,1962.45,0.041645625467692314,0.7893868701764393,0.684060511686154,0.1904809457407733,0.386890652953514,0.24236943136226227,0.4834841361978515,-2.86189749839,-0.22014596141461537,3.042363945384,0.23402799579876923,0.18046644699400005,16.858335696525067,
3928905,1964.4525,0.04203402536538462,0.7897452194627987,0.6842290208807692,0.19039208997958643,0.3867316436632469,0.2422260161671811,0.4833916581359983,-2.86498066781,-0.2203831282930769,3.041408918789,0.23395453221453846,0.17642825097900028,17.238786316319658,
3932910,1966.455,0.0422546519723077,0.7901281090497612,0.684483672566154,0.18976762410594866,0.38556828315850405,0.24149492846494142,0.48164626860113835,-2.85115367175,-0.21931951321153847,3.043471805748,0.23411321582676925,0.19231813399800002,15.8251941326534,
3936915,1968.4575,0.04256953872076922,0.7908705552024625,0.68502098551,0.1905634321590089,0.3872638808361548,0.24247978560587996,0.4840868187010416,-2.85154408217,-0.2193495447823077,3.041245188572,0.23394193758246157,0.189701106402,16.03177359507449,
3940920,1970.46,0.04236261660846153,0.7908009070741407,0.6850388600223076,0.19042738962140607,0.38682664658470584,0.24194555493093145,0.4825639451674353,-2.86056852345,-0.2200437325730769,3.043558023858,0.23411984798907692,0.182989500408,16.632418893280615,
3944925,1972.4625,0.042166592977692326,0.7905641378244616,0.6849042154223078,0.19027135857402772,0.38646880177025744,0.24221436632852458,0.48344978884038087,-2.86247965696,-0.22019074284307694,3.041287191209,0.23394516855453845,0.17880753424899964,17.008719481438824,
3948930,1974.465,0.04198303130230769,0.7902856935836707,0.6847279117592306,0.19071035016329033,0.3873539578550837,0.24248969832572295,0.4839812126329362,-2.83798754215,-0.21830673401153847,3.0410316810089997,0.2339255139237692,0.20304413885899963,14.977195097075862,
3952935,1976.4675,0.041771558617692314,0.7904812497386766,0.6849827583053846,0.190178659149765,0.3863692527089127,0.2420147650554882,0.48316420958141276,-2.84166130429,-0.2185893310992308,3.041978813699,0.23399837028453846,0.20031750940899995,15.185785918933398,
3956940,1978.47,0.04132016347461538,0.789411583513064,0.6842077099407692,0.19015699700300637,0.38637049647724747,0.24199837303050384,0.482862437709688,-2.86282306908,-0.22021715916,3.0412858426750002,0.23394506482115388,0.17846277359500018,17.04156996672501,
3960945,1980.4725,0.041190899336153844,0.7890072601480963,0.6838987974023076,0.19057223759044906,0.38696567362978246,0.24238524597631772,0.4835464320304364,-2.86122900249,-0.22009453865307693,3.039315808576,0.23379352373661538,0.17808680608600014,17.066485021401753,
3964950,1982.475,0.04238089001538462,0.7911791289990817,0.6853672839076924,0.19024338035287117,0.38667513330015924,0.24205578706491043,0.48308874449100286,-2.84500300885,-0.21884638529615386,3.041196782144,0.23393821401107692,0.196193773294,15.500985230487974,
3968955,1984.4775,0.04200934905538461,0.7906694327648877,0.6850581031599999,0.19039397310773024,0.3868025725097755,0.24212673748636662,0.4830386338446665,-2.8307293057200003,-0.21774840813230772,3.039539702242,0.2338107463263077,0.20881039652199984,14.556457690179045,
3972960,1986.48,0.04256006846076924,0.7914480231306632,0.6855368384930768,0.19031638347020804,0.386582849208571,0.24202590311032932,0.48272984305425876,-2.8673813045,-0.22056779265384613,3.037831302755,0.23367933098115384,0.17044999825500007,17.822419089792433,
3976965,1988.4825,0.04238476432538459,0.790835399146074,0.6850609664746153,0.19071153808903057,0.38745366919890883,0.24272911577640352,0.48455857923731327,-2.85131165379,-0.21933166567615384,3.0369155406879997,0.23360888774523075,0.1856038868979999,16.36234882493038,
3980970,1990.485,0.04194830013692307,0.7901452536173279,0.6846166940784616,0.19028541197231522,0.3866394312957931,0.24222286481647912,0.4833061370032772,-2.8455515503699997,-0.2188885807976923,3.037496741841,0.23365359552623077,0.19194519147100042,15.824812898737884,
3984975,1992.4875,0.042245984064615404,0.7906725992252419,0.6849699478738462,0.19014934085507917,0.38654192296085754,0.24197750610000818,0.4828001270861811,-2.84410575035,-0.21877736541153844,3.037399183962,0.233646091074,0.19329343361200024,15.71392844135099,
3988980,1994.49,0.042416774305384625,0.7908617104475543,0.6850719635253847,0.1903102046760035,0.38665634692664136,0.24217748052934301,0.4834385529177332,-2.82403549558,-0.21723349966,3.037604440012,0.23366188000092308,0.21356894443200014,14.2230624779773,
3992985,1996.4925,0.04230201243384617,0.7901578917630774,0.6844918819507693,0.19069941770837584,0.38729569291815563,0.24267043449662293,0.4841566174222996,-2.8536513447600003,-0.21951164190461542,3.036048240977,0.23354217238284616,0.18239689621699995,16.645284563203173,
3996990,1998.495,0.0427979826930769,0.7911981272171228,0.6852237123684616,0.19036221447659343,0.3868373693148403,0.24230717401397991,0.4836344090198125,-2.84460553525,-0.21881581040384615,3.03698449956,0.23361419227384614,0.19237896431,15.786468704895377,
