step,epoch_est,q0_mean,q0_std,q0_abs_mean,q1_norm_mean,q1_norm_std,q2_norm_mean,q2_norm_std,sr_energy_sum,sr_energy_mean,lr_energy_sum,lr_energy_mean,e_total_sum,e_long_over_e_total,f_long_over_f_total
4005,2.0025,-0.0489159080719,0.07428734535477081,0.05377367035874615,1.0417413006771342e-05,1.0989264724993755e-05,2.235700364041219e-05,2.28337701586594e-05,-3.884719565506,-0.298824581962,4.12118573487,0.3170142872976923,0.23646616936400022,17.42822555105598,
8010,4.005,0.01995637439776923,0.139301881694899,0.11462007233761538,0.0006784463316844645,0.0006191751777546997,0.0036012127782960065,0.0035799784916212634,-3.941188082108,-0.3031683140083077,2.70947876572,0.2084214435169231,-1.2317093163879997,2.199771268813306,
12015,6.0075,0.14760483887384618,0.38919457745349,0.28787858010461537,0.001712923202337265,0.001908607700992973,0.010889268707674649,0.014610192846499299,-3.209589511157,-0.24689150085823078,2.64194735885,0.20322671991153846,-0.5676421523070001,4.654248011907941,
16020,8.01,0.11666584759915385,0.2786702822741281,0.2016295120116154,0.0032605810115126713,0.0030783945410439257,0.01599392257196466,0.021266754119469575,-2.30104884506,-0.1770037573123077,2.58697713911,0.19899824147,0.2859282940500001,9.047643038284336,
20025,10.0125,0.0035858016723077177,1.8073553929816057,1.6000663821430772,0.032332651602601625,0.038093728026728446,0.09656998175755777,0.12072942380547744,-2.2621599882741,-0.17401230679031537,2.31040644645,0.17772357280384615,0.04824645817590012,47.88758664991672,
24030,12.015,0.13599189542707693,0.2559432222855646,0.25565663782400005,0.10122746999909002,0.16250491444073098,0.28730153929906194,0.42366158279500415,-1.9551861882325,-0.15039893755634615,2.04345799983,0.15718907691,0.0882718115975003,23.14960985674239,
28035,14.0175,-0.013047119745384618,0.42667216506464456,0.38057072575307693,0.11443807344616859,0.20025973871881625,0.35171980071349424,0.61108610069699,-1.2109764292869998,-0.0931520330220769,1.47264962643,0.11328074049461538,0.2616731971430002,5.6278199009630345,
32040,16.02,-0.08440086295673077,0.19810835938528787,0.14169382762433075,0.17155843551878755,0.34586291898774746,0.5030134106296621,1.02073709464178,-0.38502615689319,-0.029617396684091538,1.300121121095,0.1000093170073077,0.9150949642018101,1.420749946131578,
36045,18.0225,0.06273012696047692,0.0650420635662442,0.0650760233223077,0.18686590224007565,0.3885655558225783,0.5524752561666803,1.1708595838060822,-1.176121495659,-0.09047088428146154,1.310460358859,0.10080464298915384,0.1343388632,9.754886468765354,
40050,20.025,0.04404621599961538,0.20269949671519782,0.1634819155126923,0.24388732333242924,0.5270110128282937,0.7513830026555046,1.6569017782402233,-1.0786772966312,-0.08297517666393846,1.213727757328,0.09336367364061539,0.13505046069680016,8.987216711929053,
44055,22.0275,0.12067367480307692,0.5730026016219142,0.4606101512907692,0.2211049896052584,0.4824806117994299,0.6357486017468097,1.4296044874352056,-0.9166399240560001,-0.07051076338892309,1.037796892225,0.07983053017115385,0.1211569681689999,8.565721872285495,
48060,24.03,0.01622262195946154,0.236743608246079,0.20209821084515384,0.3917000618664171,0.8562759364644339,1.0650503457748726,2.399866515016231,-1.0291815549057,-0.07916781191582307,1.1423963979,0.0878766459923077,0.11321484299430007,10.090517883397279,
52065,26.0325,0.0360616009976923,0.10506827492540029,0.10107063444815385,0.36530592384946,0.8138643981304832,0.9376455203781384,2.165049691494919,-0.6419239491339999,-0.04937876531799999,0.982811819757,0.07560090921207693,0.3408878706230002,2.8830941328620225,
56070,28.035,0.020836643588,0.11999385544580678,0.11121581981876924,0.5298799990075476,1.1960371759147288,1.4029337432395839,3.2535886014473108,-0.8253257572611999,-0.06348659671239999,0.773766051976,0.059520465536615386,-0.05155970528519993,15.007185314499992,
60075,30.0375,0.032070661967692295,0.5553041290197418,0.5039649170184616,0.48452760571137976,1.0878506097513303,1.1990201076764064,2.7864335206382767,-0.52230274678101,-0.04017713436777,0.48916670307599996,0.037628207928923074,-0.03313604370501,14.762374996567273,
64080,32.04,-0.04930465281638462,0.19531595740754062,0.15174284563130772,0.5531338720863546,1.2643104610103588,1.4129535710440397,3.3221247792242146,-0.601928621526,-0.046302201655846156,0.6665439605726999,0.05127261235174615,0.06461533904669992,10.31556856942225,
68085,34.0425,0.02725422496983077,0.04884842061123235,0.04545421525844614,0.40004742289278156,0.9063429936313149,1.0185285917946136,2.4032643925088855,-0.5622843355049001,-0.04325264119268462,0.485549055041,0.03734992731084615,-0.0767352804639001,6.327585591733455,
72090,36.045,0.06660398496984615,0.12435358969863661,0.13021778372446155,0.4608819233987707,1.0360884592123687,1.0468828057471904,2.450255949697844,-0.09539262949400001,-0.007337894576461539,0.387037375942,0.029772105841692306,0.291644746448,1.3270850260661509,
76095,38.0475,-0.0516339574876923,0.38878104575322875,0.3247916939169231,0.5330897004414756,1.2144586266865618,1.3386688721152988,3.1469089090314313,-0.053688943373000064,-0.004129918721000005,0.10944280051656001,0.008418676962812309,0.055753857143559946,1.96296375037797,
80100,40.05,0.04294504053361538,0.12430707590346342,0.12301084112592306,0.5506570301401665,1.2820403819059034,1.3407558569198768,3.1896470511816504,0.11246050893399995,0.008650808379538457,0.32714501395900003,0.025165001073769233,0.439605522893,0.7441785803920101,
84105,42.0525,0.07319905924142309,0.05147182000018311,0.07319905924142307,0.8615987930071387,1.9708754635413233,1.9083418873299733,4.499365127991851,-0.34019595383999995,-0.02616891952615384,0.31247494742299997,0.024036534417153844,-0.027721006416999983,11.272135748699725,
88110,44.055,-0.013167024231615383,0.15248162683226066,0.12996936474838464,0.594997835581757,1.378499057521407,1.37295057331251,3.292389427642541,-0.2031889259709999,-0.01562991738238461,0.37918811664,0.029168316664615387,0.1759991906690001,2.154487842805682,
92115,46.0575,0.005223819843769231,0.13646542663132968,0.1226491744699231,0.5551075145267356,1.283237691823004,1.2743217320656905,3.0365079050452266,0.14698188005699997,0.011306298465923074,0.246708285064,0.01897756038953846,0.39369016512099997,0.6266559516115284,
96120,48.06,0.07094141138846154,0.0620195217711929,0.08017098574092306,0.4652300276488092,1.0680698404424696,1.0621146074900276,2.5354815185342927,-0.16195176543400014,-0.012457828110307703,0.36080590263,0.027754300202307694,0.19885413719599987,1.8144249233013088,
100125,50.0625,0.012834945263538462,0.11534177507647363,0.10530137987123078,0.8100562098917045,1.8873668242117683,1.9386234080279676,4.6916231097256,-0.22812541574099987,-0.017548108903153836,0.26293337345,0.020225644111538463,0.03480795770900014,7.553829375689413,
104130,52.065,0.04556405401,0.009906087510485464,0.045564054009999994,0.2931340184398488,0.6711796176091362,0.6690573031215183,1.6040470293057991,0.15811505913699997,0.012162696856692305,0.0737732625575,0.005674866350576923,0.23188832169449997,0.31814134501646957,
108135,54.0675,0.012289001391538459,0.34492585929702535,0.31042404816692304,0.5031624366288548,1.163629344486771,1.1538340112495513,2.784165460630916,-0.25840210915339995,-0.019877085319492303,0.21349019557200002,0.016422322736307695,-0.044911913581399926,4.7535314919294835,
112140,56.07,0.027788877057330772,0.022093625653710595,0.027788877057330772,0.601866445208225,1.411389204458198,1.3654422443448415,3.2987805131644805,0.14008893072400003,0.010776071594153848,0.239553146063,0.01842716508176923,0.379642076787,0.6309973543775613,
116145,58.0725,0.09631857462215385,0.0915407981862272,0.09631857462215385,1.011156339476541,2.397861238813661,2.456421446367608,5.964737441072155,-0.08155563473600003,-0.006273510364307695,0.266959611326,0.020535354717384616,0.18540397658999996,1.4398807201225847,
120150,60.075,-0.050992821271538466,0.27018697487955734,0.22000262141307692,0.7110593979000606,1.631841746104786,1.6037292580367681,3.843954439017179,-0.04037551582320004,-0.003105808909476926,0.179422754794,0.01380175036876923,0.13904723897079996,1.2903726540854144,
124155,62.0775,-0.014574117957846154,0.16572402501183336,0.14136130248061538,0.7014049211757049,1.6414405830496002,1.6413236079558369,3.956559362852929,0.023352965718999974,0.0017963819783846134,0.235821262003,0.018140097077153847,0.25917422772199994,0.9098947224642675,
128160,64.08,-0.009082331680307691,0.17406724430500461,0.15084453213507693,0.582106207682875,1.353350085968093,1.3699688296723183,3.249189786209794,-0.03287416697299994,-0.0025287820748461495,0.168117847293,0.012932142099461539,0.13524368032000006,1.243073590538326,
132165,66.0825,0.013824483164846154,0.012385590509246638,0.015961817895615384,0.46611657724159955,1.068109625362239,1.056456380540134,2.5104019679610334,0.24609763920299998,0.018930587630999998,0.09380961582,0.007216124293846154,0.339907255023,0.27598591802240974,
136170,68.085,-0.03177046360307692,0.008388166823325667,0.03177046360307692,0.7215580108583912,1.6618422930408172,1.7059257584036014,4.0954120724094105,0.06390902399999998,0.0049160787692307676,-0.049297099933099976,-0.00379208461023846,0.014611924066900005,-3.373758288600155,
140175,70.0875,-0.03400590557384616,0.3724742377692759,0.3172498322446154,0.7259477757444425,1.678114960088187,1.7156819372960024,4.112141077687393,0.38516074418500007,0.029627749552692314,-0.03339189593587999,-0.0025686073796830763,0.3517688482491201,-0.09492567662566896,
144180,72.09,-0.026970176743076925,0.2871398388388868,0.24426355614153844,0.9059267518003373,2.158269284362328,2.1639768925413083,5.204955182438131,0.27203789351999996,0.020925991809230767,0.026874781121100002,0.002067290855469231,0.29891267464109994,0.08990846960025418,
148185,74.0925,-0.014812296400000001,0.27685559744921534,0.23982740709538464,0.9942880407127872,2.3400103738060416,2.4814791917072374,5.896713261031393,-0.0361251235035,-0.0027788556541153845,0.08557424414939999,0.00658263416533846,0.049449120645899985,1.7305513835562063,
152190,76.095,-0.0033533171969230727,0.25840463154687976,0.22785351712,0.5498413046478021,1.248976029476177,1.3165935839532468,3.0745584884401165,-0.02739098669710005,-0.002106998976700004,0.292655043302,0.022511926407846154,0.26526405660489993,1.1032593222303684,
156195,78.0975,-0.03926535638461538,0.4027879431970696,0.3420923592953847,0.638594223527802,1.5140278843730681,1.523379506131599,3.650030519046194,0.11205495149300002,0.008619611653307694,0.08221204764499998,0.0063240036649999986,0.194266999138,0.4231910103609498,
160200,80.1,-0.10103542300384613,0.7081135632654835,0.5891162134115385,0.9559971314373339,2.2332644249993945,2.3619397208169053,5.5960006739616475,-0.020310901104000023,-0.0015623770080000017,0.059151427355199994,0.0045501097965538456,0.03884052625119997,1.5229306362287642,
164205,82.1025,0.00568978373846154,0.6604190300356905,0.5878780873923077,0.5442566476320353,1.2973736868010741,1.45409945066482,3.5252879121100698,-0.04333568364700008,-0.003333514126692314,0.10333164548500004,0.007948588114230772,0.05999596183799996,1.7223100075304123,
168210,84.105,-0.15916549013307696,0.9498776715691148,0.7811809709438461,0.5658418760678423,1.2990369990417308,1.3893725607858975,3.198480945730852,-0.08289896697300003,-0.006376843613307695,0.153517866511,0.011809066654692307,0.07061889953799996,2.1738920815155462,
172215,86.1075,-0.1391298129,0.9353384607403202,0.7759960339615385,0.758981416528347,1.7574935278960393,1.7600933678272286,4.087789408463309,0.10182158647910011,0.007832429729161547,0.17164051347,0.013203116420769231,0.2734620999491001,0.6276574103027356,
176220,88.11,-0.06570203487846155,0.7608116007019694,0.6494573446446152,0.591083702496993,1.364385723368319,1.4233113636126014,3.321024658448541,0.135506510719,0.010423577747615384,0.0865968656725,0.006661297359423076,0.2221033763915,0.38989441349084375,
180225,90.1125,-0.05887092535153848,1.012371046802008,0.8751831192176923,0.653656490462681,1.502081076047074,1.7343174105834338,3.9631203032847693,-0.1765483021689,-0.013580638628376922,0.2198532754509,0.0169117904193,0.043304973282,5.0768597412409315,
184230,92.115,-0.09144272254153847,1.3550126649337633,1.1665233557046157,0.6724089234917083,1.5789709108699033,1.7808729387745335,4.171059357825003,-0.24501156808400004,-0.018847043698769234,0.17168903350620002,0.013206848731246156,-0.07332253457780002,2.341558901295572,
188235,94.1175,-0.11474589200615386,1.2727148155301526,1.0845596790246153,0.5999862396799519,1.4233286491807606,1.6734987841074984,3.895370643297374,-0.12166924774770999,-0.009359172903669999,0.26670129970129997,0.02051548459240769,0.14503205195358998,1.8389128203650043,
192240,96.12,-0.09247397001307693,1.1861678337862493,1.0163848904484616,0.5889945152345386,1.3230066596714316,1.5034721632543016,3.428810966023202,0.03183458745000006,0.002448814419230774,0.29336066730599997,0.022566205177384613,0.32519525475600003,0.9021062362244918,
196245,98.1225,-0.12207175218769233,1.297082514703671,1.1033794788276923,0.6398881805517193,1.4542372692817147,1.6667419108285295,3.795603845053413,-0.04242786764630002,-0.003263682126638463,0.31730304938099996,0.024407926875461537,0.27487518173469994,1.1543532136242476,
200250,100.125,-0.12073855216692307,1.258691480433379,1.0698403120023074,0.5863816462019886,1.3510008195731313,1.5332947886391275,3.527652750338939,-0.14553205296549998,-0.01119477330503846,0.331622376103,0.025509413546384616,0.1860903231375,1.7820506220410397,
204255,102.1275,-0.11641895770615383,1.3480659713111474,1.1507654098323075,0.7126678412158652,1.6540880968985863,1.8569003828829254,4.286852439352788,-0.15070737898900005,-0.011592875306846159,0.432777930045,0.033290610003461535,0.28207055105599993,1.5342896606001237,
208260,104.13,0.02531913152,0.9558529187556237,0.8574295181507693,0.6357006450293142,1.453827707090093,1.638185439231481,3.6823058173702843,-0.4581269770958,-0.03524053669967692,0.552914481612,0.042531883200923076,0.09478750451619994,5.8332001083275955,
212265,106.1325,-0.12219531261384621,1.4716784061346349,1.2581617327861538,0.6739119215104197,1.5299380289700109,1.809217165676886,4.103524611743376,-0.13072466850468994,-0.010055743731129996,0.434410081245,0.03341616009576923,0.3036854127403101,1.430460809181099,
216270,108.135,-0.15101864247153846,1.4839337079705404,1.2579279450361538,0.5527887738666627,1.2936317003831215,1.525303293980998,3.558587128073075,-0.41897217927700003,-0.03222862917515385,0.614548057324,0.04727292748646154,0.19557587804699994,3.1422487448902796,
220275,110.1375,-0.15991937197000003,1.6054264018628552,1.362261552076154,0.6691535352561391,1.5362030058602818,1.8724332594382036,4.322326151636175,-0.4142002910219999,-0.031861560847846145,0.4423122294233,0.03402401764794615,0.028111938401300107,15.73396409416023,
224280,112.14,0.123595765,0.9843255012790554,0.9201812514923076,6.535446978169121,14.555881474890027,16.507186673506318,37.35318849550289,0.10143902149700007,0.00780300165361539,0.24517312366463,0.018859471051125384,0.3466121451616301,0.7073414105276155,
228285,114.1425,0.06458917947846157,1.038290771372564,0.9455922291861539,3.8448749183188147,8.581154962722898,10.454039481023706,23.670575595857446,-0.12735526263799998,-0.009796558664461536,0.2086931064267,0.016053315878976925,0.08133784378870001,2.5657565618390907,
232290,116.145,0.014699330696153855,1.0527608604469767,0.9392585020807693,3.1431018660991423,7.04612231583695,8.548335955005188,19.414064716973023,-0.05446022749499996,-0.004189248268846151,0.3741691233585,0.028782240258346154,0.31970889586350004,1.1703431721782673,
236295,118.1475,-0.0749508096653846,1.4713573777994857,1.2760157906115384,2.978645533189566,6.555828772906044,7.872342560279242,17.521978833059713,-0.4413073137561,-0.03394671644277692,0.3210878283708,0.02469906372083077,-0.12021948538529997,2.6708468044237823,
240300,120.15,-0.09625785625461541,1.557834979347892,1.3444557694223076,3.4364763195945924,7.765264416442774,9.016336128444605,20.762332380185605,-0.09145724774599995,-0.007035172903538458,0.3293996839774,0.02533843722903077,0.23794243623140005,1.3843671149817822,
244305,122.1525,-0.16026894863153848,1.6112660008010569,1.3673015557838464,2.4575108842805493,5.424635122864406,7.036117563010996,15.566544764968217,-0.3539233356753,-0.027224871975023077,0.405124862677,0.031163450975153845,0.0512015270017,7.912358993971976,
248310,124.155,-0.4308677820153847,2.4923816710983644,2.0446412013076922,2.361568569506272,5.135908753672279,6.40803324077271,13.87061391091516,-0.280347079035,-0.021565159925769233,0.4838005444,0.03721542649230769,0.20345346536499997,2.377942019970273,
252315,126.1575,-0.40092778206923074,2.4632214965333894,2.030302542915385,2.440300982702298,5.376093464035292,6.648948744459809,14.915443516204503,-0.32874201237270007,-0.02528784710559231,0.2980995192186,0.022930732247584615,-0.03064249315410006,9.728304995271358,
256320,128.16,-0.36868088062307697,2.286734702352205,1.886176842915385,2.2739928294318705,5.129789938372154,6.715495382459138,15.17099103002989,-0.1717875152856001,-0.01321442425273847,0.23821691272257,0.018324377901736154,0.0664293974369699,3.586016461290304,
260325,130.1625,-0.1465302384684615,1.823224108694103,1.5604149240853846,3.06862957999955,7.005726988283015,8.486231730144723,19.955645969224502,-0.39743128418539997,-0.030571637245030765,0.6108451816295,0.04698809089457692,0.2134138974441,2.862255874360291,
264330,132.165,-0.4182740633307691,2.6416825496323324,2.181861886607692,2.912801525934436,6.68896123450116,7.983271694306222,18.24556352096186,-0.4869055002829999,-0.037454269252538454,0.4578963378454,0.035222795218876925,-0.029009162437599878,15.78454182640941,
268335,134.1675,-0.399534509723077,2.66434639081798,2.2091638950153842,3.8653716099232827,8.757568257915826,10.067176765167707,23.270609492887516,-0.20975559950659994,-0.016135046115892303,0.26298137975407,0.02022933690415923,0.053225780247470045,4.94086471877639,
272340,136.17,-0.9218579439076922,3.667162349386335,2.897668141569231,1.7763829326552572,3.750696543979362,5.0999204408017,10.870213255628398,0.018188118930000052,0.0013990860715384656,0.3352361274865,0.02578739442203846,0.35342424641650005,0.9485374330866766,
276345,138.1725,-1.0960597258307692,4.026557421119772,3.149399463938462,2.9252512436779217,6.42589547803566,8.804701567402699,19.883285057429983,-0.21533320844330006,-0.016564092957176927,0.4181636227299,0.03216643251768461,0.20283041428659992,2.061641614255314,
280350,140.175,-1.9605041834,5.488617061395638,4.113524712061539,3.0638887427928605,7.156273358760938,8.475276171357022,19.649383341569152,0.061506703488000025,0.00473128488369231,0.4204265177241,0.03234050136339231,0.4819332212121,0.8723750495280117,
284355,142.1775,-2.0498853739,5.625892113507247,4.200874924715385,3.146706156067926,7.101395611422099,8.872708424544799,20.21223755755656,-0.34603196383169,-0.026617843371668462,0.32494694180899997,0.024995918600692304,-0.021085022022690025,15.411268788778967,
288360,144.18,-2.700601504338462,6.53380930983447,4.755690134430769,3.6095964447262032,7.835832165637792,9.792574181306971,22.019862050859533,-0.4853997528535,-0.03733844252719231,0.49979071737680003,0.03844543979821539,0.01439096452330002,34.72948019346462,
292365,146.1825,-2.2008693127230767,5.910040741691703,4.394761920046154,3.395903896771051,7.872828026613049,8.584660800981537,19.59586192860272,-0.46502345055350003,-0.03577103465796154,0.4695130521426,0.03611638862635384,0.004489601589099945,104.57788799845953,
296370,148.185,-2.7069739469307694,6.646584111882422,4.853224910146154,3.1259376786183797,7.128025396895799,9.25328490300589,20.96951600285388,-0.18903258442209997,-0.014540968032469228,0.3213812485341,0.024721634502623078,0.13234866411200003,2.428292349533133,
300375,150.1875,-2.9139729003923076,6.696354197351642,4.817604165761539,2.65969066109741,5.854853223344149,7.772310663739263,17.192021418096864,-0.1839435696762,-0.014149505359707694,0.425685898867,0.032745069143615385,0.24174232919079996,1.7609075758139936,
304380,152.19,-3.4347056608615385,7.462909309735372,5.296448560830769,5.8280003824197655,13.359737416936044,16.11694010196088,36.919076811411244,-0.3505900651279,-0.0269684665483,0.45996364718349997,0.035381819014115384,0.1093735820556,4.205436436649554,
308385,154.1925,-3.488332464076923,7.704969347088256,5.491181290999999,3.8072894914070097,8.80629461799526,10.277690903565507,23.276627494105046,0.015959993018999974,0.0012276917706923057,0.4260967802261,0.03277667540200769,0.44205677324509995,0.9638960559254888,
312390,156.195,-4.406840333530769,9.099160828784932,6.374272043853846,4.887170967389672,11.266433250822645,13.531026804767006,30.888826062628866,-0.12070786953499996,-0.009285220733461535,0.3539161756632,0.027224321204861537,0.23320830612820004,1.5175967852047432,
316395,158.1975,-4.492702979315384,9.251536443679365,6.476472799607692,3.8024661990718296,8.588979510349885,10.88002100249027,24.4486610164852,-0.497136175618,-0.03824124427830769,0.382883383893,0.029452567991769228,-0.11425279172500002,3.3511949958700225,
320400,160.2,-5.297581516853847,10.558726007566559,7.326215679915385,3.400882421885266,7.844494706657732,9.488471647752355,21.35195982036162,0.17163127660100003,0.013202405892384618,0.274986621925,0.021152817071153848,0.44661789852600003,0.6157089154567135,
324405,162.2025,-6.103020287462308,11.612937352643334,7.95087023423,4.620804625929478,10.545851935781045,13.980981282865715,31.23366713966724,-0.20565694569750004,-0.015819765053653848,0.40866631269448,0.031435870207267694,0.20300936699697997,2.013041657829313,
328410,164.205,-6.295997500446154,11.768596473206808,8.014984543553846,5.133215682588969,11.79769637946789,14.503256348334013,32.61761579023179,-0.24220938979436996,-0.01863149152264384,0.4439751366141,0.0341519335857,0.20176574681973003,2.2004485082930096,
332415,166.2075,-6.333761040946154,11.94413614137802,8.156230953976923,4.367462860286017,10.158587561046955,13.438707181225656,30.671161975968705,-0.3305612653571,-0.025427789642853846,0.47016930394330003,0.036166869534100005,0.13960803858620002,3.3677810296933384,
336420,168.21,-6.17284694083077,11.57722181329588,7.892482097323077,5.28359420501576,11.775251316341716,15.02791167194446,33.321619661671,-0.32911778986710005,-0.025316753066700004,0.442964296789,0.03407417667607692,0.11384650692189996,3.890890539951996,
340425,170.2125,-4.786813304907692,9.647687983594293,6.714597252630768,4.611664380374368,10.244710124491975,13.95705642723922,30.6277164937561,-0.274251177914,-0.02109624445492308,0.5288011959046001,0.04067701506958462,0.25455001799060006,2.077396026442738,
344430,172.215,-5.577215341446154,10.669248800243276,7.316600212707692,4.955363290590679,11.11028302201965,14.114605648956227,31.259647161748823,-0.42571182549630004,-0.03274706349971539,0.57687857165501,0.04437527474269308,0.15116674615870995,3.8161737704491254,
348435,174.2175,-5.594153569246155,10.807316441077022,7.432349773523076,5.787524173924054,12.918050994028835,16.567071680940195,36.65161936299416,-0.579962879411,-0.04461252918546154,0.5086604030806,0.03912772331389231,-0.07130247633039999,7.133839233346954,
352440,176.22,-6.637137926552308,12.043646190512929,8.127545136678462,6.528485961877366,14.62549699179893,17.646290510486224,39.32246452685804,-0.46260613205129997,-0.03558508708086923,0.540064922072,0.041543455544,0.0774587900207,6.972287095211191,
356445,178.2225,-8.394308507400769,14.449171814507833,9.584579197214616,4.912995692335216,10.695337304397142,12.997094289871399,27.670030228582085,-0.39407527447080004,-0.030313482651600002,0.579393269956,0.04456871307353846,0.1853179954852,3.12648142151026,
360450,180.225,-7.100909494408461,12.840065606121163,8.655601313437693,4.438927178010504,9.686769889010565,13.77215089326761,30.392956600773445,-0.4104722142283,-0.03157478570986923,0.5552470460548,0.04271131123498462,0.14477483182650003,3.8352456642478785,
364455,182.2275,-8.68638075772077,15.17257971189676,10.11431979674077,5.749126526195326,12.876703735814278,16.040280033128163,35.28056437746172,-0.3585842102759,-0.027583400790453846,0.5147280483523999,0.03959446525787692,0.15614383807649995,3.29649927075712,
368460,184.23,-7.212651518738462,13.53495240235549,9.2290235208,4.169893453592595,9.281019073127307,13.285555522083008,28.822542535599116,-0.5086773485013,-0.0391290268077923,0.5686541383611,0.043742626027776926,0.05997678985980004,9.48123665321817,
372465,186.2325,-8.586522936824615,14.923648016671246,9.931810498252307,5.927905495257421,13.344149953767797,16.25781864293593,35.709151689726404,-0.3185298591714,-0.02450229685933846,0.5089940233148,0.03915338640883077,0.19046416414340006,2.672387352255827,
376470,188.235,-8.665784386515385,15.539861912480108,10.447910611484616,5.3222852287346525,11.814092839042411,15.396809184250644,33.765258375703695,-0.49965840578,-0.038435261983076924,0.599544779392,0.046118829184,0.09988637361200003,6.002267954194431,
380475,190.2375,-9.68123349783,16.40008004692258,10.820092256323846,7.013444208843658,15.831872417550622,19.442812164720955,43.16504876266447,-0.519930616021,-0.03999466277084615,0.5827190089041,0.04482453914646923,0.06278839288310001,9.280680427495755,
384480,192.24,-8.893748494343846,15.72476525679132,10.52380650781,5.703741565234204,12.657200829536098,17.707191408976577,38.92150854899994,-0.399037778395,-0.030695213722692308,0.55055903480605,0.04235069498508077,0.15152125641104996,3.6335432258592295,
388485,194.2425,-8.45422603538154,14.553188496681557,9.653540042772308,8.378147204138596,18.884884292085378,22.831613653059772,49.478841162056405,-0.516664505007,-0.039743423462076925,0.5606313343161,0.04312548725508462,0.04396682930910001,12.751234126406828,
392490,196.245,-9.85474792811154,16.560239546306413,10.895576027734617,7.966506062525493,17.558629276627617,20.80730050831501,44.53560770321526,-0.562403768302,-0.043261828330923076,0.5697862016967,0.043829707822823076,0.0073824333947000165,77.18135352304837,
396495,198.2475,-12.113717081476922,20.177747111834194,13.234350568984617,8.761005254406317,19.896003091830742,23.24692126465093,51.02313188086669,-0.567071646448,-0.043620895880615386,0.5404272279694,0.04157132522841538,-0.026644418478599996,20.282943251452647,
400500,200.25,-9.263548997694615,16.315447879703523,10.905143957843846,6.871798202176496,15.671721583176424,20.616959327457607,44.624730818758074,-0.4319106191412,-0.03322389378009231,0.6905965134488999,0.05312280872683846,0.25868589430769995,2.6696334382556395,
404505,202.2525,-11.96522267958923,20.090661210785427,13.214697810256922,7.331616928611803,16.507929782187908,19.662761121921566,42.971681374688885,-0.4087944924786,-0.03144573019066154,0.7099142847559,0.05460879113506923,0.3011197922773,2.357580946064624,
408510,204.255,-13.055137029057692,21.911422002373868,14.41007117125,7.671761082362466,17.519989342182402,21.938804517425726,48.11694376712624,-0.473874881853,-0.036451913988692304,0.7310386598133,0.056233743062561535,0.2571637779603,2.8426968432784303,
412515,206.2575,-12.12896668458077,19.82538640249371,12.916667071726923,9.751365174427551,21.847904758973904,27.590560234747116,59.39775001193859,-0.22243587673730003,-0.017110452056715388,0.6061345059392,0.04662573122609231,0.3836986292019,1.5797150675257052,
416520,208.26,-14.883227824005385,23.721138873996257,15.312285974610003,11.285075573935254,25.53482909908392,30.81611789807458,67.17983014989511,-0.43352715670639996,-0.03334824282356923,0.6148803308617,0.04729848698936154,0.18135317415530006,3.39051320014478,
420525,210.2625,-15.156301623254617,24.308055383732636,15.727801417976154,9.65899119671377,22.530436778967598,26.517568225360687,58.74278713666113,-0.29228293894900004,-0.022483302996076926,0.59731214621642,0.04594708817049385,0.30502920726742,1.9582129579242382,
424530,212.265,-14.414484610946923,23.89748581453371,15.648558836745387,10.028086657673658,23.084661993196693,27.32165118051831,62.28404440922474,-0.368700489401,-0.02836157610776923,0.5020993808291,0.038623029294546155,0.13339889142810002,3.7638947029760286,
428535,214.2675,-14.860288881361537,24.576671451830755,16.079475875099998,8.22960815993854,18.011437387291306,22.358278048555253,48.06847802890241,-0.22296082973999998,-0.017150833056923075,0.4992488492283,0.03840375763294615,0.2762880194883,1.8069869629270758,
432540,216.27,-20.307321118888158,32.019762297892925,20.592969798392616,9.371520211304105,21.37867641467962,27.411240173711615,59.60210390479434,-0.456836611047,-0.035141277772846154,0.5697290990496,0.04382531531150769,0.11289248800259999,5.04665198836329,
436545,218.2725,-16.71931756001177,26.506768761034852,17.078155143901462,9.594743219338314,21.209413973251078,25.821260328257303,55.396443317103824,-0.3913792967941,-0.030106099753392308,0.6117179193564,0.04705522456587692,0.22033862256229997,2.776262791528702,
440550,220.275,-19.46328213466154,31.296949813128194,20.26836506333846,7.917086913432565,17.895425206547934,20.87635216641842,45.590710600811256,-0.6015728116129999,-0.04627483166253846,0.608926720914,0.046840516993384616,0.0073539093010001055,82.80313177525703,
444555,222.2775,-21.44014621414554,33.943738501843804,21.855870772469846,11.200714798950477,25.76514744162024,28.685547284063226,63.43228680319789,-0.439728543164,-0.033825272551076924,0.63401542743743,0.04877041749518692,0.19428688427343,3.2632950484971865,
448560,224.28,-20.179336440117385,32.2921510484912,20.875558814190306,7.536931468871144,17.01964838217307,20.372174073188894,43.61051131703653,-0.25600378214099995,-0.019692598626230764,0.580091740001,0.044622441538538456,0.32408795786,1.7899206864439834,
452565,226.2825,-22.917707224266387,36.116942541109395,23.230126226140385,9.488861525975306,22.099549373279224,25.605781355149215,55.733889859421424,-0.43140210210700003,-0.03318477708515385,0.6569819375871,0.050537072122084616,0.22557983548009997,2.912414295315226,
456570,228.285,-24.436247784586538,38.3570894051841,24.741231757588846,13.474735111189604,31.059935103431098,34.86331287777195,75.56341016965754,-0.553811013686,-0.04260084720661539,0.6558921675914,0.050453243660876924,0.10208115390539996,6.42520330637352,
460575,230.2875,-27.94171183422317,42.98685031200342,27.941711834223163,11.937628748703291,27.26163296115656,33.22174305302091,73.45445914736787,-0.296397805205,-0.022799831169615384,0.6114896209909,0.047037663153146156,0.3150918157859,1.9406712277363551,
464580,232.29,-26.730193573666153,41.18529990924522,26.730193573666156,12.787784804919863,29.287186131174185,34.163873332313955,74.18887961121246,-0.64334411918,-0.04948800916769231,0.7440881091129,0.057237546854838464,0.10074398993290001,7.385930511671177,
468585,234.2925,-24.906783084102535,38.610072977270455,24.957523257331765,12.736192435914099,29.27188093779945,34.11038265557883,74.03567336653538,-0.488106623279,-0.037546663329153844,0.6821867222911,0.0524759017147,0.1940800990121,3.5149751353361007,
472590,236.295,-25.159216908333285,38.889185948701275,25.16264202390944,11.244148149580493,25.63174886738285,33.121743324180116,72.82941654560022,-0.3597200959914,-0.027670776614723076,0.593812630514,0.04567789465492308,0.23409253452260004,2.5366577013017535,
476595,238.2975,-25.12727911427769,38.46304185763351,25.127279114277695,13.317421702910277,30.107807916981578,36.74212660531544,79.81717335019525,-0.37026268244930005,-0.02848174480379231,0.5394534575752,0.041496419813476924,0.16919077512589997,3.18843304059442,
480600,240.3,-28.075109905915383,43.17420830824317,28.07510990591538,13.035560669982374,29.60297982794062,36.235974911388055,79.88994458814037,-0.5868181586192001,-0.04513985835532308,0.6833753671957,0.052567335938130774,0.09655720857649996,7.0774142839296985,
484605,242.3025,-27.229497959910766,41.53895393480958,27.229497959910777,10.454925001077962,23.15527259741747,28.808641046975477,61.15961833995229,-0.44617815316149995,-0.034321396397038455,0.6879004165512,0.05291541665778462,0.2417222633897001,2.8458297837554993,
488610,244.305,-24.109353473645385,36.202746931007475,24.109353473645385,12.818955600697196,28.913475061795026,35.07249247415345,76.02656835062899,-0.5042577087836,-0.038789054521815386,0.7086900575071,0.05451461980823846,0.20443234872350002,3.4666238583680387,
492615,246.3075,-28.611578122948462,43.10607003146361,28.611578122948465,13.460791494352362,30.461190525251094,38.07471208826467,84.72756312820628,-0.2629101723576,-0.020223859412123076,0.553381427186,0.042567802091230775,0.2904712548284,1.9051159727075848,
496620,248.31,-27.74953140666923,40.35996792738529,27.74953140666923,11.992965329888325,26.99222771207305,32.45040564601732,70.8884638423277,-0.5003361105912,-0.0384873931224,0.4249385385765,0.0326875798905,-0.07539757201469999,5.635971122434172,
500625,250.3125,-31.42216338556923,45.23265383868804,31.422163385569228,13.647734103052729,30.972775664030344,41.994193809113575,94.57251500236436,-0.4490199684913,-0.034539997576253846,0.47091214684890004,0.03622401129606923,0.021892178357600045,21.510520294359793,
504630,252.315,-34.33743215593846,50.068866833467496,34.337432155938465,12.097887735100885,27.77685809930435,33.67426321163836,73.94088714000729,-0.580092370517,-0.04462249003976923,0.7007389981312,0.05390299985624615,0.12064662761419997,5.808193830100261,
508635,254.3175,-30.714212381023078,44.12606547593003,30.714212381023078,11.780138116093658,26.623634010683205,35.42039217159849,79.05275507860213,-0.5461777299639,-0.04201367153568462,0.6634339434102,0.051033380262323076,0.1172562134463,5.657985397200583,
512640,256.32,-37.308794278623076,51.604512948862194,37.308794278623076,14.219161125950157,32.26233324000763,39.04427679984208,85.06523898332973,-0.49190908670275,-0.03783916051559615,0.6236686804377,0.04797451387982307,0.13175959373494994,4.733383450561357,
516645,258.3225,-29.705102145656156,42.078780262754826,29.705102145656152,11.377042781993564,25.88285702675214,33.92032968208717,74.55190186159976,-0.45521005989100005,-0.03501615845315385,0.6367404498189,0.048980034601453844,0.18153038992789994,3.5076245364305114,
520650,260.325,-33.630682688453845,43.001892202956704,33.630682688453845,15.220668675492366,34.51065807229185,42.999773173263435,94.63915614687211,-0.5478547662489001,-0.042142674326838464,0.8538782079704,0.06568293907464616,0.3060234417215,2.790237908465461,
524655,262.3275,-34.27914971517692,45.5261910611796,34.27914971517693,16.848516921811537,39.12566296760633,47.15638236537696,105.82738795478942,-0.419433042403,-0.03226408018484615,0.6389012876868,0.04914625289898462,0.2194682452838,2.9111331658054698,
528660,264.33,-39.57640299437692,51.04544362888902,39.57640299437692,17.444301489879766,39.68373818561002,41.64599896290729,91.9271152995654,-0.25575625897800003,-0.01967355838292308,0.5126557694752,0.039435059190399996,0.25689951049719995,1.9955498104414942,
532665,266.3325,-39.996171400392306,48.92340767116274,39.99617140039231,14.046210210402727,31.298551899792262,39.78631257869183,85.30185258874215,-0.4927330612975,-0.037902543176730766,0.6274486649776,0.04826528192135385,0.1347156036801,4.657579729721286,
536670,268.335,-47.50304680547693,58.103409904127325,47.50304680547693,17.87863985636367,40.07318444867507,45.82342053205528,100.00636808648852,-0.4113619923477,-0.031643230180592306,0.6984146581973,0.05372420447671538,0.2870526658496,2.4330540743461735,
540675,270.3375,-51.47846680454616,66.06598173551374,51.47846680454616,14.906746287411568,34.17797889321802,36.622498696192366,80.55885520692536,-0.3907520025991,-0.03005784635377692,0.6768100243066,0.052062309562046154,0.2860580217075,2.36598862100309,
544680,272.34,-53.681535574076925,63.37429546703824,53.681535574076925,22.563492270068497,50.426249915559566,59.38111969636347,129.36398280138712,-0.48545679450100004,-0.037342830346230774,0.613644794559,0.04720344573530769,0.12818800005799996,4.787068947805959,
548685,274.3425,-48.20446179441539,60.743651704095875,48.204461794415394,23.409606315470633,53.72244266122149,55.217967383134514,123.9629149048493,-0.3637671023611,-0.027982084797007693,0.5491866264497,0.04224512511151538,0.18541952408859996,2.9618597564045053,
552690,276.345,-47.03068806593077,61.78235908642222,47.030688065930775,16.80397347368703,36.94206510900301,43.984649114074095,92.83550473002988,-0.15910647811030001,-0.012238959854638463,0.528930029832,0.04068692537169231,0.3698235517217,1.4302226761102304,
556695,278.3475,-60.32864181811538,78.57916636882192,60.32864181811539,17.260495317605844,37.63726502020367,45.43542353463492,96.55517365979358,-0.4796831309882,-0.03689870238370769,0.6057865079517,0.04659896215013077,0.1261033769635,4.803888068176334,
560700,280.35,-53.443190575061536,66.12175585520826,53.443190575061536,20.83672821647313,46.40383685491417,55.23496303374972,119.07676344756861,-0.4096344262319,-0.031510340479376925,0.58739265077668,0.045184050059744615,0.17775822454478002,3.3044471066299765,
564705,282.3525,-65.84764891384614,82.47362084000756,65.84764891384616,16.827166540100816,36.950516026722134,43.67891784724766,93.35630661291229,-0.4513638913557,-0.03472029933505384,0.8097204007209999,0.06228618467084615,0.35835650936529995,2.259538698362503,
568710,284.355,-58.35145968672308,75.83476206672462,58.351459686723075,20.050221539974324,45.05669008565666,50.40424057100444,111.14827448211459,-0.26119229195474003,-0.02009171476574923,0.5704857092359,0.043883516095069235,0.30929341728116,1.844480604374796,
572715,286.3575,-56.10557071981539,67.31859132331786,56.10557071981538,15.976765459211608,34.019665373086205,41.85308042096138,87.21368702767225,-0.5029373616,-0.03868748935384615,0.5386736988999,0.04143643837691539,0.0357363372999,15.07355648619892,
576720,288.36,-66.75276800284615,73.4689174447085,66.75276800284615,22.78441868513407,50.629157689185554,56.01027982526515,120.15149219080828,-0.3855937421323,-0.029661057087100002,0.6574985925061,0.050576814808161535,0.27190485037379997,2.418120131370245,
580725,290.3625,-56.13017111584615,62.272900373786854,56.13017111584615,20.785648932707673,45.45576905479263,55.43705667371,118.58456793027757,-0.6385003328308,-0.04911541021775385,0.75016925367601,0.05770532720584692,0.11166892084520996,6.71779800501393,
584730,292.365,-62.41526985123077,65.35422407235686,62.41526985123077,18.313821407355707,41.17571999257254,46.78140334925059,100.97644744293025,-0.192651122812,-0.014819317139384615,0.6131264101709,0.04716357001314615,0.42047528735889994,1.4581746623495644,
588735,294.3675,-66.4252110256923,78.10595972901413,66.4252110256923,16.27717749577059,35.469139413329856,44.94272933828779,96.79463294090708,-0.49533385037969996,-0.03810260387536153,0.6993824737159,0.0537986518243,0.20404862333620005,3.427528509043478,
592740,296.37,-75.01462554923077,79.23432309860381,75.01462554923076,19.34864911278356,41.85531903522492,51.04929410643406,109.43266264006061,-0.5985673815019,-0.046043644730915385,0.7398064741876,0.05690819032212308,0.1412390926857,5.237972434684884,
596745,298.3725,-63.15010298184615,71.18299516984176,63.15010298184614,28.706669757363287,65.948251911954,69.38774664938006,155.75340494053071,-0.26691994070681,-0.02053230313129308,0.519902992991,0.039992537922384615,0.25298305228418994,2.0550902058330927,
600750,300.375,-77.94030204207692,80.98592830038244,77.94030204207692,23.550788916936042,52.70063963492565,64.45232416901689,140.71648012026998,-0.4866172075291,-0.03743209288685385,0.6612365655601,0.05086435119693077,0.17461935803100004,3.786731167816521,
604755,302.3775,-84.63295452346155,80.94296162089321,84.63295452346155,24.835588009978018,55.470271372814956,68.23543226489797,151.5920062200029,-0.56668023765,-0.043590787511538456,0.7298682215622,0.05614370935093846,0.16318798391220002,4.472561055444443,
608760,304.38,-87.67646980338462,82.4042315205635,87.67646980338462,26.191572600092506,57.31480483852043,71.76992120962802,155.6452691614842,-0.548240557324,-0.042172350563384614,0.6997597818239,0.05382767552491538,0.15151922449989996,4.6182904125434066,
612765,306.3825,-73.35940551776923,76.06024359125124,73.35940551776923,27.59972453131165,61.326926719999,71.8232180994226,156.59323930442136,-0.5582878589738,-0.04294521992106153,0.680169513445594,0.05232073180350723,0.121881654471794,5.58057335530344,
616770,308.385,-60.440339821692305,59.9915069122915,60.440339821692305,24.363671345873335,54.91934605524008,67.01223290497853,146.5532424934164,-0.3680229634011,-0.02830945872316154,0.6462032040619999,0.049707938773999996,0.2781802406608999,2.32296586747769,
620775,310.3875,-70.43545062761538,70.24709904477031,70.43545062761538,27.38622943205726,61.008718933822685,67.47880763612976,147.65158214782412,-0.4401332736053001,-0.03385640566194616,0.7036102470001,0.054123865153853846,0.2634769733947999,2.670480983344963,
624780,312.39,-88.8481082923077,88.01760354374296,88.8481082923077,23.452655896874067,50.18703652939767,61.83563010879905,128.75476395480032,-0.657668158415,-0.050589858339615386,0.8436688650342999,0.06489760500263846,0.1860007066192999,4.5358368813140775,
628785,314.3925,-80.77539810738462,83.48017544667766,80.77539810738462,31.4656059811577,69.29887196211213,85.92068392959368,189.11213775191968,-0.335009098057,-0.025769930619769232,0.67873323709,0.05221024900692307,0.343724139033,1.9746452460379478,
632790,316.395,-89.7534476066923,79.4758324546244,89.75344760669233,42.144301728179364,95.08793425696061,107.36929669266641,232.704530331773,-0.523260086764,-0.04025077590492308,0.7377477586262,0.05674982758663077,0.21448767186219997,3.4395811760229016,
636795,318.3975,-79.63641988292308,81.47091854103522,79.63641988292308,25.960530330188966,54.821274954303405,72.93973987130074,150.13641511692012,-0.77369484306,-0.05951498792769231,0.9746112721114,0.07497009785472307,0.20091642905139995,4.8508291567439095,
640800,320.4,-95.41681597776923,90.41208151217678,95.41681597776923,36.00402404388173,81.22388649908993,100.87072375947824,220.49914524739663,-0.4731167405712,-0.036393595428553846,0.79190149601539,0.06091549969349153,0.31878475544418994,2.4841259893747623,
644805,322.4025,-97.462770315,96.36782079218821,97.46277031500001,34.336554780194746,76.00797708337348,99.3148543930322,213.98725455275377,-0.7136733382974,-0.054897949099799996,0.9499429920808,0.07307253785236924,0.23626965378340004,4.020588242583448,
648810,324.405,-95.23938135092308,105.93348699499784,95.23938135092307,38.19930345304788,85.6792042257592,97.32191177263448,213.87588670110588,-0.658158585427,-0.05062758349438461,0.7561881616716,0.05816832012858461,0.09802957624459996,7.7138776952864285,
652815,326.4075,-94.17350094192308,111.97470715312808,94.17350094192308,29.027117031733358,62.50633130653353,81.23197116950881,171.3495467319132,-0.673692114637,-0.0518224703566923,0.7296450834281,0.05612654487908461,0.05595296879110001,13.040328318453028,
656820,328.41,-145.47937275815386,151.24439468834635,145.47937275815386,39.90344575792368,88.9011437374433,104.29290162884834,227.00186704361693,-0.513587206616,-0.03950670820123077,0.807194245978,0.062091865075230776,0.29360703936200006,2.749233287226392,
660825,330.4125,-163.3509131219231,164.29899467302187,163.35091312192304,40.1575860913989,88.05023041073964,104.68931452815966,227.56875634096258,-0.653232142327,-0.05024862633284615,0.8388175880464,0.06452442984972308,0.18558544571940006,4.519845749729042,
664830,332.415,-196.26261461700003,181.85124058526716,196.262614617,37.31253816481924,81.84431554452031,95.20078286824345,205.40449549691448,-0.669203281403,-0.05147717549253846,0.8541253660782,0.06570195123678461,0.1849220846752,4.618839159089078,
668835,334.4175,-186.68112065253848,206.81984371416164,186.68112065253848,34.61900501256411,75.84464931381898,89.68057784801597,197.86188789339698,-0.797116220002,-0.061316632307846154,0.8494188291958,0.06533990993813846,0.05230260919380003,16.240467584483156,
672840,336.42,-228.60024730923078,210.44068081202602,228.60024730923078,32.25870322986402,68.33931197117514,80.98906404592701,171.7339123193304,-0.759763941176,-0.05844338009046154,0.9338581095195,0.07183523919380769,0.1740941683435,5.3640975938776565,
676845,338.4225,-205.6086243846923,211.68599103519222,205.60862438469232,37.69423407114529,82.20999205075506,97.06029537862148,211.37635762437694,-0.784339711076,-0.06033382392892307,0.9126267349365,0.07020205653357693,0.12828702386050006,7.113944243720977,
680850,340.425,-226.8832632216923,250.21829397081882,226.8832632216923,37.78262159881426,82.0813744259922,90.95235269756927,193.27168219785867,-0.5663755983019001,-0.04356735371553078,0.7624317035039,0.058648592577223074,0.1960561052019999,3.888844485196489,
684855,342.4275,-194.84548656776923,218.9819625583793,194.84548656776923,37.08257805964296,80.42685061172892,98.9014106008482,210.8418410136028,-0.591914460048,-0.045531881542153846,0.8016436544745,0.06166489649803846,0.20972919442650007,3.822279757792315,
688860,344.43,-258.48479168284615,246.9347336857294,258.48479168284615,51.901388491532025,116.46408015805197,140.52232614325973,308.8968676967036,-0.7268719226070001,-0.055913224815923084,0.85716965422,0.06593612724769231,0.13029773161299996,6.5785462540967155,
692865,346.4325,-200.36807485776924,224.4992750495751,200.36807485776924,34.64911429680462,75.36433106146573,91.9957739381567,194.91145410234668,-0.526704907412,-0.04051576210861539,0.7229413846496,0.055610875742276925,0.19623647723759996,3.684031607305477,
696870,348.435,-179.89655039892307,192.49433448966894,179.8965503989231,42.059778246686285,91.2261575669496,112.8346565700395,240.59470798608248,-0.5602497458586,-0.043096134296815386,0.7091045554244,0.05454650426341538,0.1488548095658,4.763732911908005,
700875,350.4375,-175.309477879,196.3853774641562,175.309477879,42.83527718348094,94.27665074503649,115.23441123053982,249.61216066702337,-0.5954181179315,-0.045801393687038464,0.81648208806379,0.06280631446644538,0.22106397013228996,3.693419997728203,
704880,352.44,-209.78184978776923,196.17618029198766,209.78184978776923,58.14548357702371,127.20296846080196,155.0456083867236,327.78296293721354,-0.6391501575622,-0.04916539673555384,0.8488784320678,0.06529834092829231,0.20972827450560005,4.047515453359312,
708885,354.4425,-204.90442129223078,212.37789387799268,204.90442129223078,50.95969257831256,111.8757431763994,133.06949676569317,280.80321263520204,-0.712760686873,-0.05482774514407692,0.823261561341,0.06332781241084616,0.11050087446800005,7.450271912367611,
712890,356.445,-214.57909716092308,214.0444975236598,214.57909716092308,51.65354367895158,114.78448230069661,121.10470651504605,263.614404910303,-0.647709608079,-0.049823816006076924,0.8504400551294999,0.0654184657791923,0.20273044705049992,4.194930103013369,
716895,358.4475,-211.75477042623078,230.68615776545238,211.75477042623075,43.353800951344574,91.87321742010754,113.63080463607602,238.3882196107659,-0.632909782236,-0.048685367864307695,0.8296359856691,0.06381815274377692,0.1967262034331,4.21721138918452,
720900,360.45,-143.96959011346155,159.5377539102545,143.96959011346152,44.43469363374452,96.51586637861674,116.26195672120747,241.64510826009072,-0.7502404525899999,-0.05771080404538461,0.8914897711887,0.06857613624528461,0.14124931859870005,6.311462455415375,
724905,362.4525,-193.34726509676923,221.09097342168997,193.34726509676923,41.4666948260718,91.88100652392934,106.1539882819783,229.33332427670888,-0.4708064049609,-0.03621587730468461,0.775215116333,0.05963193202561538,0.3044087113721,2.5466259255156483,
728910,364.455,-216.50029343838463,230.17008070492585,216.50029343838463,48.32749662286165,104.24410834105156,129.73068947121106,279.61312073227816,-0.62920679152,-0.048400522424615386,0.7779518691789999,0.05984245147530769,0.1487450776589999,5.230101603512992,
732915,366.4575,-277.17699960607695,326.20447489405694,277.17699960607695,43.25992948598138,93.88798058908968,110.77064528006328,236.75744515253132,-0.571780934934,-0.043983148841076916,0.757266625874,0.058251278913384615,0.18548569094,4.0826147938223265,
736920,368.46,-295.77055300346154,329.54866298420154,295.7705530034615,46.17345522319453,100.18544359579238,117.78013631412304,254.7708024239772,-0.611065246166,-0.04700501893584615,0.8043227940769,0.06187098415976154,0.1932575479109,4.1619217607362335,
740925,370.4625,-253.56234007546152,275.181670155293,253.56234007546158,50.85489746367147,111.8523660598416,130.06173206430998,281.57191244669633,-0.760094858698,-0.058468835284461534,0.8738701734750001,0.067220782575,0.11377531477700009,7.680665838523829,
744930,372.465,-332.4957809446923,331.9491151951699,332.4957809446923,47.00876712864728,103.60946265557205,119.66379180781709,258.5485608539561,-0.600158348669,-0.046166026820692305,0.9277138640152,0.07136260492424615,0.3275555153462,2.832233989510696,
748935,374.4675,-275.49160003515385,281.98739738574034,275.49160003515385,61.29359221810921,137.99213974139968,150.24805001595922,334.5158732125278,-0.778767481444,-0.05990519088030769,0.8377773021301,0.06444440785616154,0.059009820686100056,14.197252124974531,
752940,376.47,-308.39536461384614,340.93589972810116,308.3953646138462,52.763136934300825,114.67632833584061,136.022575506083,294.1358617762394,-0.807872012263,-0.062144000943307694,0.9573710290757,0.0736439253135154,0.14949901681270006,6.403861707499675,
756945,378.4725,-338.2970052861538,297.65803797383126,338.2970052861538,61.561183718031785,135.7118893365948,147.89020978377818,322.34730101697767,-0.729801878335,-0.05613860602576923,1.0128385599261,0.07791065845585385,0.28303668159110007,3.5784710103029562,
760950,380.475,-414.8947695207692,318.48009733791577,414.8947695207693,79.23122829360668,177.20050919864687,189.73684720530076,422.1110195519392,-0.580091550949,-0.04462242699607692,0.8560883975604,0.06585295365849231,0.2759968466114,3.101804995496059,
764955,382.4775,-419.4742431669231,401.5355225656687,419.4742431669231,53.40910630728339,115.64309306595845,133.57825281174203,283.00201939904684,-0.692493312064,-0.053268716312615386,0.84207687760261,0.06477514443097,0.14958356553860996,5.629474565407763,
768960,384.48,-355.6839611538923,391.4658313188407,357.3422465883538,54.020299019152915,119.00363151587929,131.67574137511144,281.3179728330643,-0.6612199172323,-0.05086307055633077,0.735476246112,0.05657509585476923,0.07425632887970002,9.904559748752439,
772965,386.4825,-372.10223417907696,478.0428485840672,372.10223417907696,51.69005006762176,113.0643105871114,128.15989907603813,277.7338703714154,-0.48084081894360003,-0.036987755303353846,0.686975101011,0.05284423853930769,0.20613428206739998,3.3326581785478018,
776970,388.485,-406.61518038384617,414.34204156373147,406.6151803838462,55.878502215200385,119.86196014309498,138.5172324848621,298.408118041749,-0.6216129958608,-0.047816384296984614,0.651496423404,0.05011510949261539,0.02988342754320006,21.80126166793231,
780975,390.4875,-464.6695533207692,438.677793194287,464.6695533207692,76.30944934246101,165.73401478245853,163.8112095241068,353.02045163444194,-0.5490453988353,-0.04223426144886923,0.723350996155,0.055642384319615386,0.17430559731969997,4.149901135006449,
784980,392.49,-500.1154327384615,475.8829481476654,500.1154327384615,65.16603159440977,139.9356605707838,161.649531448662,350.2714708192913,-0.5213163197058,-0.04010125536198461,0.8034358723102,0.06180275940847692,0.2821195526044,2.8478560415017093,
788985,394.4925,-538.5171133184615,502.52949045011377,538.5171133184616,73.42434384321851,162.2538125843531,175.9592598826169,380.63302165945186,-0.7473870664894,-0.05749131280687692,0.8528468664728,0.0656036051132923,0.10545979998339994,8.08693802384457,
792990,396.495,-451.4567237330769,406.3923593864343,451.4567237330769,86.50623762425411,189.3635091442725,207.78094610222166,448.5980614334838,-0.626865640292,-0.04822043386861538,0.828912679109,0.06376251377761538,0.20204703881700004,4.102572767026646,
796995,398.4975,-455.57290179999995,364.3424579460878,455.57290179999995,68.51476722267992,149.89941805022983,169.12585019781437,366.5207326219195,-0.6783626675596,-0.052181743658430764,0.812426122832,0.06249431714092308,0.13406345527240005,6.060011814414692,
801000,400.5,-486.51075862230766,379.6724708353066,486.5107586223078,71.01814084167493,160.6144420622875,179.82313279139368,397.0959165195857,-0.612683296205,-0.047129484323461535,0.92011144781201,0.07077780367784693,0.3074281516070101,2.9929316589984967,
805005,402.5025,-551.2185856738462,303.74615132378835,551.2185856738462,91.39805461244639,201.15194511693227,232.19173372348834,498.7895769058477,-0.5034079104656,-0.03872368542043077,0.92893251252728,0.07145634711748308,0.4255246020616801,2.183028920129583,
809010,404.505,-478.80497154769233,284.67278214498833,478.80497154769233,94.3458276650458,204.51065418878372,235.09704668861724,507.3305914141231,-0.73398913444332,-0.056460702649486154,0.9729946097403,0.07484573921079231,0.23900547529698002,4.071013890084695,
813015,406.5075,-603.3635911223078,451.73493506766124,603.3635911223076,80.52042431055102,178.69076241736823,196.29814968644197,430.3530190379265,-0.734527617693,-0.05650212443792308,0.869922940614,0.066917149278,0.13539532292099998,6.4250590186307965,
817020,408.51,-549.7273853015384,394.4453048250162,549.7273853015384,81.80223592746243,181.00375492619975,202.37105643397717,434.15060405954546,-0.554112315173,-0.04262402424407692,0.850828195918,0.06544832276292308,0.296715880745,2.8674845235169886,
821025,410.5125,-590.73419425,336.6726980831449,590.73419425,97.11577247246285,215.53806399238965,250.29220431967374,552.2733834095375,-0.7889747917748999,-0.06069036859806923,0.864050459121,0.06646541993238461,0.07507566734610005,11.509061319930908,
825030,412.515,-566.7734785800001,366.049661097757,566.7734785800001,82.17260432415002,182.5403939219794,207.6961585508582,454.2833941920835,-0.76901991665,-0.05915537820384616,0.813880205151,0.062606169627,0.04486028850099999,18.142553968034726,
829035,414.5175,-540.1382164630769,409.531948362775,540.1382164630769,94.34541097218678,210.5600359653466,238.06647432682232,525.2428048510553,-0.620894759884,-0.04776113537569231,0.760017591518,0.05846289165523077,0.13912283163399997,5.462924974941789,
833040,416.52,-644.0876922507692,553.4154682194986,644.0876922507692,84.22526528595783,187.64422538362726,203.17427938105828,446.77999596909774,-0.38132350148849997,-0.02933257703757692,0.647170394656,0.04978233805046154,0.26584689316750004,2.4343726080268406,
837045,418.5225,-640.8272669884616,493.8475040975565,640.8272669884616,116.56223992770332,258.77416897795433,270.8613997930193,592.0800822027359,-0.5345114022715,-0.041116261713192305,0.672235950828,0.051710457756,0.13772454855650007,4.881017639002986,
841050,420.525,-668.5409487246154,532.3345489225264,668.5409487246154,97.3661074692693,218.24435667294048,236.24170382306724,517.6234048975462,-0.5797066986570001,-0.044592822973615394,0.662109982221,0.05093153709392308,0.08240328356399995,8.03499513107097,
845055,422.5275,-739.9323378346154,423.2481551387521,739.9323378346154,103.19368050559852,229.92224621923785,264.976360212852,581.8226290182049,-0.701017156249,-0.053924396634538456,0.639692675324,0.04920712887107692,-0.06132448092499998,10.43127745518704,
849060,424.53,-812.9334153392307,518.6124214598982,812.9334153392307,97.73601671908243,219.20540107214597,220.39322324158826,491.5719310808497,-0.49591912329700005,-0.038147624869,0.618584871288,0.04758345163753846,0.12266574799099994,5.04284921764294,
853065,426.5325,-581.207958513077,401.40145881963116,581.207958513077,106.09521457265451,232.06827947093595,265.771078045197,577.5892238535425,-0.663617923858,-0.051047532604461536,0.8642861954833,0.06648355349871539,0.2006682716253,4.307039615595772,
857070,428.535,-672.5044215246154,529.6052217761095,672.5044215246154,80.9441626900595,176.0931508226643,190.32150875056487,404.51824989175645,-0.5425917059128,-0.04173782353175385,0.772928882396,0.059456067876615386,0.23033717648319996,3.3556410397883596,
861075,430.5375,-685.3790693992307,579.7770234315273,685.379069399231,74.02617486263696,162.2309391937584,181.2800491730229,385.7429760766166,-0.925127737229,-0.07116367209453846,1.083998844732,0.08338452651784614,0.15887110750299993,6.823133933975572,
865080,432.54,-566.0737785930769,435.7552270434521,566.0737785930768,117.85978895281079,266.6949224642144,292.0384314249956,636.7369330957494,-0.8493377715466001,-0.06533367473435385,1.0624581933997,0.08172755333843845,0.21312042185309987,4.985248171721589,
869085,434.5425,-707.862925606923,636.4869558921782,707.862925606923,79.16011949950033,173.64551728579167,208.2408444095309,447.80852381457044,-0.991403207175,-0.0762617851673077,1.110770873729,0.08544391336376923,0.11936766655400011,9.305458553355438,
873090,436.545,-798.2468649130769,710.9560322516879,798.2468649130769,80.29305933797997,175.21376414894974,192.01837251225714,405.9429925416468,-0.80712910742,-0.062086854416923076,1.0099210795071,0.07768623688516155,0.2027919720871001,4.980084118287159,
877095,438.5475,-840.9915419392308,771.3777933102422,840.9915419392308,105.67373235645019,233.37035820853055,271.0912017418626,594.6196258943606,-0.844424895937,-0.06495576122592307,1.0427645612511,0.08021265855777693,0.19833966531410008,5.257468593585296,
881100,440.55,-813.8874124438462,762.7899452664892,813.8874124438462,80.93767557605521,175.8457199291911,213.86344557159768,463.94641626280793,-0.803453765801,-0.06180413583084616,0.989250918384,0.07609622449107692,0.185797152583,5.32435995186782,
885105,442.5525,-691.3479062515385,618.0634628112363,691.3479062515385,103.39362737353136,223.14019607894048,243.60228378655088,521.9729558984175,-0.8438132852260001,-0.06490871424815385,1.0031468961381,0.07716514585677693,0.15933361091209997,6.295890053552537,
889110,444.555,-1010.4948354915384,773.5976659315807,1010.4948354915384,93.2648907572776,206.4291340639136,245.0929236859493,541.6629505582927,-0.885540068144,-0.0681184667803077,1.0049665422412999,0.07730511863394615,0.1194264740972999,8.414939399638703,
893115,446.5575,-871.7032200738462,820.0598623821447,871.7032200738462,84.27075040879524,182.91918392906302,213.72524829186057,464.7795574948213,-0.775199763471,-0.059630751036230764,1.063423968844,0.08180184375723076,0.288224205373,3.689572038086772,
897120,448.56,-882.761876043077,591.4465998503313,882.7618760430768,141.38441772760805,317.4591426376237,346.461202757602,763.4728143444687,-0.801706515257,-0.061669731942846154,1.0185222784073,0.07834786756979231,0.21681576315030004,4.697639431784508,
901125,450.5625,-914.263570933077,673.2020647123682,914.263570933077,117.67689892955183,258.9487756158513,311.8100784501551,677.9976390376451,-0.776490859698,-0.059730066130615385,0.9578762701659,0.07368279001276154,0.18138541046790002,5.280889282632885,
905130,452.565,-1325.6231665953846,1134.3498480720011,1325.623166595385,124.44789039445679,280.77807092916277,341.2431704541419,748.3177445646264,-0.760228827598,-0.05847914058446154,1.0078224376852,0.07752480289886154,0.24759361008720004,4.070470305474584,
909135,454.5675,-1015.4250042323076,876.3195369469488,1015.4250042323076,90.81012660873351,196.6881868190924,235.89434817771755,498.39552480366075,-0.6518499106210001,-0.050142300817,0.9571544174023,0.0736272628771,0.30530450678129994,3.1350811931772182,
913140,456.57,-1093.2859426573077,614.2067185854063,1093.2859426573077,68.9153354205437,149.7399312745532,200.00950985365492,428.01629059295743,-0.4564908742699999,-0.03511468263615384,0.7082876600319999,0.05448366615630769,0.25179678576200004,2.812933683361145,
917145,458.5725,-1534.141873869231,422.82634681038365,1534.141873869231,72.20677985498477,155.38325244930556,209.44405830187958,458.2718628008706,-1.19821844249384,-0.09217064942260308,1.375887118275,0.10583747063653846,0.17766867578116008,7.7441175954377135,
921150,460.575,-1143.9199875953846,539.1452982655439,1143.9199875953846,55.44164577953752,119.82146398076584,152.87435963260174,328.9501381132286,-0.3822362199438,-0.029402786149523078,0.732423283164,0.05634025255107692,0.35018706322019993,2.0915201047945264,
925155,462.5775,-921.0807941130769,385.42370911382943,921.0807941130769,64.19858718012526,137.79035023772693,181.7424716038136,379.58624753965313,-0.43624065073100005,-0.03355697313315385,0.605695046478,0.046591926652153844,0.16945439574699994,3.5743837969380228,
929160,464.58,-888.5146061776924,400.9938659058397,888.5146061776924,59.05501920415242,130.4995144922451,162.7911420140275,348.66026102948547,-0.38176395000499996,-0.029366457692692305,0.619906634093,0.04768512569946153,0.238142684088,2.603089137367445,
933165,466.5825,-812.5399169976923,413.05244785992926,812.5399169976923,69.50197396490726,150.6409242533912,175.74429526032787,368.9383376627049,-0.37582303585999993,-0.028909464296923072,0.560486733913,0.04311436414715385,0.18466369805300004,3.0351755099810442,
937170,468.585,-706.7812523499999,341.1367516573338,706.7812523499999,74.93858198805934,161.19324586514526,207.3115131184131,434.21499886679806,-0.466296039534,-0.035868926118,0.615980807696,0.04738313905353846,0.14968476816200005,4.115186970990526,
941175,470.5875,-669.5830993615384,300.5449403886383,669.5830993615384,66.1463046501276,144.516663969216,173.23623984297305,366.99514059864356,-0.4839934855679999,-0.037230268120615376,0.67965958267,0.052281506359230775,0.1956660971020001,3.473568455324663,
945180,472.59,-701.7474787838462,300.4812653971947,701.7474787838461,70.49366328872392,153.97970157753207,182.41398635750622,386.39468481277555,-0.602220818414,-0.04632467833953846,0.7409492414459999,0.05699609549584615,0.13872842303199995,5.341005291144181,
949185,474.5925,-643.8025794446154,282.7159769190445,643.8025794446154,71.93980941245039,158.96033860728556,181.64239282161378,391.68731586111596,-0.4726117998388,-0.03635475383375385,0.627022244035,0.048232480310384615,0.15441044419619998,4.060750212196015,
953190,476.595,-506.2566293569231,115.97903420761338,506.25662935692304,67.93425014088135,148.54365988689912,176.38498002229036,370.9076823030317,-0.40935438127300006,-0.031488798559461545,0.6575113534979999,0.05057779642292307,0.24815697222499988,2.649578400327375,
957195,478.5975,-583.4346665607692,131.62707155441572,583.4346665607693,63.20146197159568,134.72855929619098,163.04000281096236,342.3493611309342,-0.46080718936000004,-0.03544670687384616,0.665701052176,0.05120777324430769,0.20489386281599992,3.2490043529210877,
961200,480.6,-600.7263113169231,126.29662626663767,600.7263113169231,68.15894056321044,146.26054885502163,175.69124710466727,368.78900588214657,-0.538298696267,-0.04140759202053846,0.640839092433,0.04929531480253846,0.10254039616599997,6.249625673335242,
965205,482.6025,-748.3408085769231,157.29679987081155,748.3408085769231,64.6747037238272,138.3235425615106,155.6947994130112,331.7291282723929,-0.388203129163,-0.029861779166384612,0.630820713939,0.048524670303,0.24261758477599998,2.6000617989887824,
969210,484.605,-605.1627889792308,238.06974480109488,605.1627889792308,69.83070408551552,151.63985217098895,176.70239745332086,379.2552339534742,-0.28604528308099997,-0.022003483313923076,0.580306813118,0.044638985624461544,0.29426153003700006,1.9720784196460646,
973215,486.6075,-560.7418025084615,248.71063528604154,560.7418025084614,70.50083563491741,151.40115228623824,174.61572670211496,374.3358629771441,-0.43229392916,-0.03325337916615385,0.600995916873,0.04623045514407693,0.16870198771300005,3.56247086961079,
977220,488.61,-522.2997765176923,274.7360779721641,522.2997765176923,79.73676568100677,173.10451037459674,204.3773709702337,437.9022447661165,-0.44988092779,-0.034606225214615385,0.584264907989,0.044943454460692304,0.134383980199,4.34772736395962,
981225,490.6125,-638.4832974938461,255.4213016857906,638.4832974938461,79.55752630345233,173.97959802778118,184.04231126513227,383.03931055200167,-0.4909974187800001,-0.03776903221384616,0.665194101635,0.051168777048846155,0.17419668285499995,3.8186381665413385,
985230,492.615,-609.0839080861539,317.6197633918069,609.083908086154,71.01436373836557,154.21715682755098,179.82556880760743,380.3899458866142,-0.5789847075920002,-0.04453728519938463,0.7212291732489999,0.05547916717299999,0.14224446565699977,5.070349626031364,
989235,494.6175,-634.7764012276923,342.63669059232893,634.7764012276923,67.74038650240162,145.76493871246853,180.0437379889117,375.87998588795097,-0.51781921089,-0.039832246991538464,0.693043474107,0.05331103646976923,0.1752242632169999,3.9551798442931747,
993240,496.62,-683.3802185084616,315.28713302905834,683.3802185084617,74.2980632538648,159.7081249010142,203.04756632741731,426.8088119320971,-0.61279299856,-0.04713792296615385,0.744624115525,0.05727877811730769,0.13183111696499994,5.648318338398751,
997245,498.6225,-618.4728041423077,278.48263388282993,618.4728041423077,71.64341323177625,154.42761481801986,180.84699623704716,377.50218683219174,-0.57646255941,-0.04434327380076923,0.835756110026,0.06428893154046154,0.259293550616,3.223204387615913,
1001250,500.625,-627.3362544107692,338.2647916987581,627.3362544107692,86.56524259238395,188.06757886443597,219.0831525145627,472.52638057774345,-0.59190565348,-0.04553120411384615,0.792626451696,0.06097126551507692,0.20072079821599997,3.9489004564591137,
1005255,502.6275,-577.9714355407692,329.9725859613326,577.9714355407693,99.9955704222911,218.82419991611744,239.98210038781974,515.8755928812611,-0.6975478977,-0.0536575305923077,0.821663666508,0.06320489742369231,0.12411576880800002,6.620139200676964,
1009260,504.63,-574.8464854238462,358.5995618427353,574.8464854238462,99.81921096294226,211.71726875118156,236.13097226621434,508.9048934576636,-0.7655095458099999,-0.058885349677692295,0.813353165984,0.06256562815261538,0.04784362017400012,17.000242937845332,
1013265,506.6325,-626.6677645253847,312.1474741875864,626.6677645253847,98.11527285397,212.4187739101663,241.38660297053667,516.3443452698682,-0.7228205278500001,-0.05560157906538462,0.795052498578,0.061157884506,0.07223197072799992,11.006933502782124,
1017270,508.635,-560.3058260444616,402.58578686441206,560.3058260444616,103.04816218885875,224.85852351014518,238.45655364985743,507.2708158216228,-0.6386477947299998,-0.049126753440769215,0.818094281481,0.06293032934469231,0.17944648675100028,4.558987452433029,
1021275,510.6375,-762.3508512061538,290.00250676870075,762.3508512061538,100.67950625809978,214.63187567199287,224.071879213604,461.9533009525189,-0.45765703917999995,-0.03520438762923077,0.761527372527,0.05857902865592308,0.30387033334700003,2.5060931882987916,
1025280,512.64,-769.7144446807692,400.72719531178126,769.7144446807692,112.27461784593214,248.25717249334699,251.2393983458519,537.6248038386354,-0.45458282529,-0.03496790963769231,0.7022401206219999,0.05401847081707692,0.24765729533199993,2.835531736226884,
1029285,514.6425,-682.6345942546154,390.14829551200114,682.6345942546154,96.62725932059271,209.61210689386553,230.35448960303816,480.8233943053922,-0.54577879607,-0.041982984313076926,0.747060898688,0.057466222976,0.20128210261799995,3.7115117984722055,
1033290,516.645,-564.7131952138462,329.4557486713997,564.7131952138461,105.83667371880081,227.84529947806246,252.25470200332228,525.0362720520714,-0.5165360718900001,-0.039733543991538466,0.674183879049,0.051860298388384615,0.15764780715899995,4.276519231054281,
1037295,518.6475,-670.4751305238461,314.42781134464195,670.475130523846,86.3825409027793,186.48109149748882,210.87995131279342,439.297196143464,-0.51650130749,-0.03973086980692308,0.725900238379,0.05583847987530769,0.20939893088899997,3.4665899930682627,
1041300,520.65,-746.3179579484615,412.8923267003283,746.3179579484616,92.35730955443059,190.79621312313876,234.91833210220693,483.78741325088396,-0.6891843900100001,-0.05301418384692309,0.831188866878,0.06393760514446153,0.14200447686799988,5.853258187420603,
1045305,522.6525,-805.6287841823076,363.267282563045,805.6287841823075,114.50227015583656,247.2888099967316,278.53962989981244,591.7328609780486,-0.64267843961,-0.04943680304692308,0.910515032715,0.07003961790115384,0.26783659310499996,3.3995169299291783,
1049310,524.655,-636.4242390813846,592.9188009092019,636.4242390813846,152.30306805411973,331.6680442366347,352.96130027116243,743.0801064264974,-0.6502729654299999,-0.05002099734076922,0.861719366165,0.06628610508961538,0.2114464007350001,4.075356039022717,
1053315,526.6575,-663.3873467015384,476.06107946786005,663.3873467015384,122.15507716512528,259.1639559116443,318.028531464363,663.5371665045174,-0.682330623283,-0.05248697102176923,0.886494927108,0.06819191746984615,0.20416430382500006,4.342066220684011,
1057320,528.66,-807.4886310284614,596.5294782711887,807.4886310284614,135.447273595196,292.4839441373893,344.799852950315,734.0219782912498,-0.6520306319,-0.05015620245384615,0.885709356524,0.06813148896338461,0.23367872462399997,3.790286676500601,
1061325,530.6625,-1001.5362079261539,460.4482993679777,1001.5362079261539,126.56884480622499,277.6861053848852,306.23147301880147,662.0240131112711,-0.6144950985900001,-0.04726885373769231,0.82554384321,0.06350337255461538,0.2110487446199999,3.911626409796554,
1065330,532.665,-848.8449448800001,641.1398691006411,848.84494488,119.40565754989146,258.470300542633,298.5242949707134,627.139998731046,-0.70026801527,-0.053866770405384616,0.8722453936969999,0.06709579951515385,0.1719773784269999,5.071861204508629,
1069335,534.6675,-801.5694186819231,662.3406430028385,801.569418681923,108.47161441066032,236.45398549699107,274.5854567547974,575.7583941849174,-0.63077623397,-0.048521248766923084,0.757381683218,0.05826012947830769,0.126605449248,5.982220257632114,
1073340,536.67,-985.9517704930769,753.5496662949188,985.951770493077,108.53971502586079,229.50538357775062,285.86374856314296,585.5580896215178,-0.6019581556200001,-0.046304473509230774,0.813315160578,0.06256270465984616,0.21135700495799992,3.8480634258591,
1077345,538.6725,-948.9684917861539,849.9918715294663,948.9684917861539,130.84087821488953,282.74088561705,325.9074142954257,691.4567788027498,-0.5988608300699999,-0.0460662176976923,0.786048414193,0.06046526263023077,0.18718758412300007,4.199255083480811,
1081350,540.675,-1007.8792985342615,1015.5992684944982,1007.8792985342615,141.2691286315898,310.3041244097345,364.63170989383786,776.0325920849474,-0.70769505203,-0.054438080925384616,0.8549273889510001,0.06576364530392308,0.14723233692100002,5.806655024498631,
1085355,542.6775,-1130.4995190630077,1092.5594551530537,1130.4995190630075,155.9718200920427,333.2788014317677,404.7571859927718,859.9461260026006,-0.48651925847500005,-0.03742455834423077,0.589867003259,0.04537438486607692,0.10334774478399994,5.707594340755483,
1089360,544.68,-1317.3007100871537,1213.0131572502544,1317.3007100871541,142.96076753939786,309.28588172906166,342.7865378524179,710.2720441415901,-0.474909134208,-0.036531471862153844,0.616621125487,0.04743239426823077,0.14171199127899997,4.351227584354578,
1093365,546.6825,-1242.915126358923,1339.638847743927,1242.915126358923,165.90995399081675,358.71844421725007,415.8217711640204,889.5729698013945,-0.36458686738300006,-0.028045143644846157,0.602761261167,0.046366250859,0.23817439378399996,2.530755937238339,
1097370,548.685,-1262.7118888982307,1316.207505550472,1262.7118888982307,140.81166385837713,294.2968601966532,350.9228873813742,719.2061811959143,-0.4600830823309999,-0.03539100633315384,0.6118462719009999,0.047065097838538454,0.15176318957,4.031585482847202,
1101375,550.6875,-1437.9131399230769,1610.9612285234873,1437.913139923077,193.714832008767,409.7551039707563,450.81869549673104,940.9288383890344,-0.469328552511,-0.036102196347,0.600768398494,0.04621295373030769,0.13143984598300001,4.570671808088556,
1105380,552.69,-1267.8221476660767,1571.485240486941,1267.822147666077,200.84744487209082,434.04450726092523,473.5914790845408,1011.685593982723,-0.32032549381100006,-0.02464042260084616,0.60214744881,0.046319034523846156,0.281821954999,2.1366236310869984,
1109385,554.6925,-1574.1684596747693,1903.5164914071865,1574.1684596747693,148.1492109592768,316.9848215500848,353.2737074105468,748.2570804060604,-0.45391082764499996,-0.03491621751115384,0.6501707304250001,0.05001313310961539,0.1962599027800001,3.312804710566971,
1113390,556.695,-1762.4330218457692,2198.762667543701,1762.4330218457692,132.2763546463593,283.10551946781146,314.7114669735471,675.5992259607367,-0.41262290627000003,-0.03174022355923077,0.5147433616229999,0.039595643201769226,0.1021204553529999,5.040550983088412,
1117395,558.6975,-1651.0920363218463,2194.835177843489,1651.0920363218463,130.0108679170201,268.94791223003256,309.83975994560944,650.2622393041403,-0.379861384623,-0.029220106509461538,0.602478403599,0.04634449258453846,0.22261701897599995,2.7063447636227327,
1121400,560.7,-1968.2049701307692,2439.052398852319,1968.2049701307694,132.96984916943063,284.3437839461066,313.25171456286074,669.2666560701306,-0.40199384092599993,-0.03092260314815384,0.658689107743,0.0506683929033077,0.2566952668170001,2.5660352678516047,
1125405,562.7025,-1846.5924665107693,2290.8137214896515,1846.5924665107693,147.97620242971448,317.4186329994566,366.5488185651478,779.3257882055391,-0.6173378005580001,-0.047487523119846164,0.792947940527,0.06099599542515385,0.17561013996899988,4.515388124324584,
1129410,564.705,-2028.5978557984615,2260.1439919540508,2028.597855798462,156.12785642571092,330.98087590499546,412.2719907852349,869.3964535698277,-0.593546316017,-0.04565740892438462,0.796529352668,0.06127148866676923,0.20298303665099993,3.9241178268384926,
1133415,566.7075,-1902.2963902392307,2200.83062151209,1902.296390239231,181.94690960118263,394.3802656115128,462.826609296582,979.2455883926258,-0.725045032798,-0.05577269483061539,0.796814698735,0.06129343836423077,0.07176966593699996,11.102388290819842,
1137420,568.71,-1883.7081193223078,2214.4168416074094,1883.708119322308,178.10713403314276,376.01978135137205,487.31552437164703,1012.7064089047761,-0.6944226026579999,-0.05341712328138461,0.842934396119,0.06484110739376923,0.14851179346100007,5.675875137420374,
1141425,570.7125,-2332.366335353077,2521.642649382285,2332.366335353077,194.18311555602747,417.3023167756268,493.17163849873515,1049.1371590441609,-0.66393724830864,-0.051072096023741534,0.836976369843,0.06438279768023077,0.17303912153435996,4.83691989661889,
1145430,572.715,-2414.543823247692,2573.0091200711286,2414.5438232476927,185.1310986324088,397.3563564468304,494.12969209391235,1037.0996632585795,-0.5304855406319999,-0.04080658004861538,0.8374272063370001,0.06441747741053847,0.30694166570500014,2.72829433049942,
1149435,574.7175,-2508.6751169030767,2702.1444280979367,2508.675116903077,211.7798038742831,446.26707044670064,521.554391106235,1096.6318091262417,-0.7824911251708999,-0.06019162501314615,0.8795422092140001,0.06765709301646154,0.09705108404310014,9.062672693314765,
1153440,576.72,-2217.692521313846,2562.6774026447843,2217.692521313846,239.65035070964527,525.1170639076956,580.0267002771009,1243.0491580582159,-0.424504205593,-0.032654169661,0.726938463748,0.055918343365230765,0.30243425815499997,2.4036247354472593,
1157445,578.7225,-2167.42333985,2193.3471305125336,2167.42333985,238.69687154749,498.05132842161424,681.1064561493026,1415.865315957683,-0.6120461672445,-0.04708047440342308,0.857135623694,0.06593350951492308,0.24508945644949998,3.497235809777115,
1161450,580.725,-2179.1607196476925,2385.900747390367,2179.1607196476925,255.8948178256458,536.0397460224743,731.7145237640519,1519.0146218198995,-0.868244804454,-0.06678806188107692,0.897507801655,0.06903906166576923,0.029262997201000007,30.670399053461598,
1165455,582.7275,-2209.1579848084616,2559.4394884137696,2209.1579848084616,207.2086489726046,454.0709354270083,550.5905042041909,1177.2759711665833,-0.691521234795,-0.053193941138076926,0.838482039053,0.06449861838869231,0.14696080425799996,5.705480745607423,
1169460,584.73,-2582.736490103077,3183.9665727930114,2582.7364901030764,189.573188873978,414.82923133544153,477.129183410977,985.7988723989707,-0.8447243794870001,-0.06497879842207693,0.9280584659438,0.0713891127649077,0.08333408645679996,11.136600944499483,
1173465,586.7325,-3096.1781616146154,3449.7409145083,3096.178161614615,226.31296640913794,489.0997420065764,572.2097251541613,1231.9499735263425,-0.737783536304,-0.0567525797156923,0.972494745628,0.07480728812523077,0.23471120932400003,4.143367282836283,
1177470,588.735,-2654.672396134615,2456.141566564021,2654.672396134616,758.1450896106263,1723.0463917461284,2087.071552534465,4623.616930278837,-0.9740323126409001,-0.07492556251083847,1.018693745131,0.07836105731776924,0.04466143249010002,22.809249241094342,
1181475,590.7375,-2938.880873473077,2835.461389408293,2938.880873473077,316.8452844158233,695.3502843064882,812.2303024656147,1730.8045741927453,-0.598602056509,-0.046046312039153846,0.805830083786,0.061986929521999995,0.20722802727699996,3.888615330535641,
1185480,592.74,-2913.856982899231,3009.288044444921,2913.856982899231,172.88850865159122,370.9132092691738,456.1337678274322,953.4593431822636,-0.6668857187109999,-0.05129890143930768,0.86274226755,0.06636478981153847,0.19585654883900017,4.40497023287794,
1189485,594.7425,-3311.5077937223077,3535.410165481236,3311.5077937223077,211.82128776775693,452.514474555526,562.6210209920888,1185.6055212603335,-0.8022310137690001,-0.06171007798223078,0.783813729888,0.060293363837538465,-0.018417283881000057,42.558595227856095,
1193490,596.745,-3473.967148993077,3518.351415663376,3473.967148993077,216.56667760129298,464.160073879436,548.2041206252462,1156.1093074582259,-0.7826066240670001,-0.060200509543615395,0.848280169067,0.06525232069746154,0.06567354499999989,12.916619151090465,
1197495,598.7475,-4642.702364461538,4241.493164744686,4642.702364461538,163.2156307738896,349.6421611038966,385.118686415608,816.0944643546992,-0.6795635223434,-0.052274117103338465,0.98634477983234,0.07587267537171846,0.30678125748894003,3.215140285641144,
1201500,600.75,-3828.3286601930768,4337.399405059142,3828.3286601930768,299.1445153907504,652.0736735533379,721.7624286742989,1527.290095146395,-0.7535908073218,-0.05796852364013846,0.88808470219,0.06831420786076924,0.13449389486820007,6.603159965441525,
1205505,602.7525,-4088.726942826154,4732.382023459126,4088.7269428261543,282.44861876003006,610.5179141700843,745.6676592252534,1568.4909888295135,-0.797357462343,-0.061335189410999996,0.909214019776,0.06993953998276924,0.11185655743300005,8.128392654320708,
1209510,604.755,-3616.8596191415386,3892.1887894323586,3616.859619141539,311.3523951431894,680.5751916440454,858.0961969665618,1822.8704536001687,-0.8290417864940001,-0.06377244511492308,0.862288147209,0.06632985747761538,0.03324636071499998,25.936316897986245,
1213515,606.7575,-4243.62606571077,4778.377224663903,4243.62606571077,285.68514771775193,622.4660167896765,719.3699450039579,1513.7204725906709,-0.6958919093049001,-0.0535301468696077,0.790119815614,0.060778447354923076,0.09422790630909994,8.385199741381658,
1217520,608.76,-4486.142085196922,5308.505153864637,4486.142085196923,267.60812435255076,584.00680136827,646.5273583523156,1363.1683380435604,-0.6311095654892,-0.04854688965301539,0.877628566694,0.0675098897456923,0.24651900120479997,3.56008487136817,
1221525,610.7625,-5047.223257152307,5675.515943625182,5047.223257152307,223.72472323407266,481.95905392424515,644.1639352384773,1365.2251596743804,-0.6677703484773001,-0.05136694988286924,0.841583836826,0.06473721821738462,0.17381348834869992,4.841878756484292,
1225530,612.765,-4666.2544827192305,5922.996938369967,4683.293575443385,284.3871983219301,617.8485499728267,692.5260732309623,1479.8042702627247,-0.720128040757,-0.05539446467361538,0.891505416486,0.06857733972969231,0.17137737572900003,5.202001796875116,
1229535,614.7675,-4775.206505385384,5580.38251075257,4775.206505385384,276.45490697598996,601.759712593026,774.163280386799,1666.4344285248544,-0.6280085816924,-0.04830835243787693,0.814581237725,0.06266009520961538,0.18657265603259998,4.366026914376283,
1233540,616.77,-4854.591083168461,5185.82361948046,4854.591083168461,268.3660627883447,585.4542085284418,703.5694497861974,1470.4717607539585,-0.5756300389690001,-0.044279233766846164,0.866524513808,0.06665573183138461,0.2908944748389999,2.978827680682459,
1237545,618.7725,-5197.912438069231,5674.742351669041,5197.912438069229,309.0873182512004,661.2177243458178,818.6011660228002,1709.0010981895375,-0.7196776792331,-0.05535982147946923,0.837041333319,0.06438779487069231,0.1173636540859,7.132031972235276,
1241550,620.775,-5686.730412415384,5674.414592564537,5686.730412415385,290.8878143540445,618.6903671977182,793.0835844927896,1676.2595567168873,-0.7017034292322,-0.05397718686401538,0.845721121874,0.06505547091338461,0.14401769264179998,5.872341837731513,
1245555,622.7775,-4990.4246826384615,4887.679695108765,4990.4246826384615,263.45414822893383,568.2705314500608,772.6657195263572,1626.5169141159156,-0.601951450112,-0.046303957700923076,0.742498483512,0.05711526796246154,0.14054703339999997,5.2829182199729035,
1249560,624.78,-6048.619751,5722.183180519519,6048.619751,267.50229250626955,575.3739325750753,795.7565216192937,1683.0830220980838,-0.5928888916795,-0.0456068378215,0.8013001307909999,0.06163847159930769,0.20841123911149995,3.84480287247035,
1253565,626.7825,-5529.050950284615,5596.705814219157,5529.050950284616,297.87146539034933,661.1504374031056,833.8133496093404,1778.7553819820162,-0.602859467249,-0.046373805173,0.7930632662029999,0.06100486663099999,0.19020379895399997,4.169544828044151,
1257570,628.785,-15478.96891896923,5334.244302884783,15478.96891896923,108.40470845496148,221.9510536089352,341.6552462896662,677.1374417019774,-2.0229835435799,-0.15561411873691539,2.333874553427,0.17952881180207692,0.31089100984709983,7.507050636732241,
1261575,630.7875,-12712.64916993077,4018.0037974392935,12712.649169930768,260.63513388675915,566.7407232409727,743.1116933933154,1574.511950036095,-1.3422397412156,-0.10324921086273846,1.492101531469,0.11477704088223077,0.14986179025340007,9.956517461495807,
1265580,632.79,-11723.074632023076,3468.5145235668615,11723.074632023076,274.04879151086357,588.2171461779976,719.9709505535786,1513.5196885248947,-1.4168899469092,-0.10899153437763077,1.547600056975,0.11904615822884615,0.1307101100657999,11.839941502581038,
1269585,634.7925,-11685.279522338462,3804.797222011498,11685.279522338462,249.43247123873647,550.7913342509241,695.8111670740701,1505.8663982463688,-1.3942552953985001,-0.10725040733834616,1.5253106034385,0.11733158487988461,0.13105530803999987,11.63867855678882,
1273590,636.795,-11006.5432881,3284.621241925781,11006.5432881,241.93623849279717,521.5202743733256,654.7542103188565,1362.9567029383732,-1.354331485932,-0.1041793450716923,1.505943626163,0.11584181739715384,0.151612140231,9.93286964928077,
1277595,638.7975,-10705.318791346155,3135.6955814545304,10705.318791346155,234.07761202313725,514.761154817523,641.2079763709643,1333.8677561732954,-1.438543222855,-0.11065717098884614,1.58655030653,0.12204233127153846,0.14800708367500004,10.719421443461528,
1281600,640.8,-9713.386061453846,2896.1029743988192,9713.386061453846,207.5132437201732,455.6050361193161,603.4032367848254,1241.9066144438182,-1.481635745617,-0.11397198043207692,1.64645347372,0.12665026720923078,0.1648177281030001,9.989541129283595,
1285605,642.8025,-9724.948129584616,3058.1980407563024,9724.948129584616,304.2633385353497,660.6588752807903,869.5535359232787,1822.005112022983,-1.53858007491,-0.11835231345461539,1.699835965408,0.1307566127236923,0.16125589049799993,10.541233316553377,
1289610,644.805,-10498.978797376923,3324.981546913214,10498.978797376923,262.61909611495037,580.3054070296962,711.2799959694021,1501.0451691076585,-1.544109664854,-0.11877766652723078,1.749395772825,0.13456890560192308,0.205286107971,8.521744555029173,
1293615,646.8075,-10308.37267133846,3268.5419198557884,10308.37267133846,277.2854511636105,608.7138642608132,767.3990508153246,1605.2332229547856,-1.530975513149,-0.11776734716530769,1.7170561943259999,0.1320812457173846,0.18608068117699994,9.22748231286157,
1297620,648.81,-10432.842660684615,3255.055474154937,10432.842660684615,229.4267793180841,499.21085901522576,625.6693668286247,1284.6484552659545,-1.494868412625,-0.11498987789423078,1.6942263962546,0.1303251074042,0.1993579836296,8.498412581270946,
1301625,650.8125,-9346.40587443077,2746.908099303647,9346.40587443077,251.2340588049809,553.6742362879999,673.5201538791936,1409.223998812594,-1.400669231998,-0.10774378707676924,1.580605637283,0.12158504902176923,0.17993640528499988,8.784245938332996,
1305630,652.815,-9495.900860176924,3044.072138572795,9495.900860176924,220.66739683187888,478.25657191655733,593.4766769550837,1245.4371983070814,-1.518827766183,-0.116832905091,1.648700220504,0.12682309388492308,0.12987245432099992,12.694764483536915,
1309635,654.8175,-9596.258920584614,2877.1942807495648,9596.258920584614,234.44204837259161,507.0531313666081,665.5247400550049,1372.9008651409135,-1.36152148247,-0.10473242172846153,1.654444865879,0.127264989683,0.29292338340900015,5.648046416181628,
1313640,656.82,-10351.876427292307,3355.8153267599205,10351.876427292307,303.44593450125654,673.1343465124569,799.0239224994831,1697.7691109608124,-1.5186575502092,-0.11681981155455384,1.667002353819,0.12823095029376924,0.14834480360980007,11.237349157196048,
1317645,658.8225,-10533.310734723076,3177.997696159771,10533.310734723076,273.5754182047145,586.3716478793052,706.7063656419468,1440.9684618039378,-1.4719742387391,-0.11322878759531538,1.7105525806619999,0.13158096774323075,0.23857834192289995,7.169773110481209,
1321650,660.825,-10728.980581400001,3284.088143396762,10728.980581399997,258.46609949007274,554.4430228849245,711.9264867540544,1466.7518774386615,-1.46311298013269,-0.11254715231789923,1.6816546679409001,0.12935805138006923,0.21854168780821004,7.694891921108906,
1325655,662.8275,-10800.695688099999,3172.7728647421623,10800.6956881,262.3121752327791,567.8231100060249,704.6460697069565,1465.5757049623228,-1.405357122438,-0.1081043940336923,1.616050705313,0.12431159271638462,0.21069358287500006,7.6701467755274155,
1329660,664.83,-10655.083683807692,3005.439393510118,10655.083683807694,252.51746299864115,565.3421421538585,685.481874082982,1431.1273569794564,-1.5803616717484998,-0.1215662824421923,1.7002943241954,0.13079187109195384,0.11993265244690021,14.17707596309687,
1333665,666.8325,-9593.233905538462,2573.7198187847716,9593.233905538462,303.0868138340716,684.5508767524012,832.3177968417104,1747.3366690228627,-1.438583008951,-0.11066023145776924,1.642598055297,0.1263536965613077,0.20401504634599998,8.051357410723671,
1337670,668.835,-10178.3879019,2758.283281903912,10178.3879019,276.79035689529024,616.9951300844073,761.6935209767938,1576.7687440832044,-1.449879642577,-0.11152920327515384,1.597797580059,0.12290750615838462,0.1479179374820001,10.801919004944438,
1341675,670.8375,-10603.495455223077,2671.640728204364,10603.495455223077,356.1885865145623,799.6671551275452,981.6630377038789,2080.4619509884797,-1.478749983015,-0.11374999869346153,1.603079458699,0.1233138045153077,0.1243294756840001,12.893800523806918,
1345680,672.84,-11103.962477469231,3111.720927248773,11103.962477469231,320.17743096310875,701.5334626879377,878.0676770552728,1838.953581802477,-1.390061695119,-0.10692782270146153,1.648648375655,0.1268191058196154,0.2585866805360002,6.375612124482478,
1349685,674.8425,-11206.352952292307,3058.5484504887354,11206.352952292305,240.16233495817244,523.0175381534481,712.5644400678009,1482.4662196633003,-1.4420460462590001,-0.11092661894300002,1.615169178684,0.1242437829756923,0.17312313242499977,9.329597703436436,
1353690,676.845,-10510.343449423077,2973.837850695287,10510.343449423077,287.1273578034835,625.6026178555818,838.7133665607798,1740.4651040828346,-1.438753016298,-0.110673308946,1.615986425425,0.12430664810961539,0.17723340912700003,9.117843150368076,
1357695,678.8475,-10920.348933384616,2674.0825497523006,10920.348933384616,303.4081883963449,647.7864006996735,867.532441758858,1778.6347240042571,-1.5228136256430003,-0.11713950966484618,1.651653692132,0.12705028401015384,0.1288400664889997,12.819410429852715,
1361700,680.85,-11460.354379438462,2986.0870987925987,11460.354379438462,429.3514289009612,934.4205721525676,1269.6270930578391,2673.28416432962,-1.4631265476370001,-0.11254819597207694,1.647593487053,0.12673796054253847,0.1844669394159999,8.931646463420938,
1365705,682.8525,-12822.845327530767,3146.1673373634035,12822.845327530771,416.778547828657,908.9783801615757,1211.951831373105,2487.049738740606,-1.529462654145,-0.11765097339576923,1.704917116097,0.131147470469,0.17545446195199998,9.717148809606353,
1369710,684.855,-13227.782940292307,2642.3228601026476,13227.782940292307,383.881784937078,839.2398264361976,1040.0511362978816,2152.071502472499,-1.5586931630999998,-0.11989947408461538,1.636161195111,0.12585855347007693,0.07746803201100017,21.120469342485315,
1373715,686.8575,-12303.682917600001,3488.293021314475,12303.682917600001,444.3301318283241,968.7842608673503,1224.5434284945864,2534.6752079547537,-1.429247174412,-0.10994209033938462,1.6265618279599998,0.12512014061230767,0.1973146535479997,8.243492303851191,
1377720,688.86,-12844.722092684617,3130.482552223463,12844.722092684617,381.536464118219,829.1133193574244,1004.8117837247411,2073.35031795669,-1.3826691880920001,-0.10635916831476924,1.678395804018,0.12910736953984617,0.2957266159259999,5.675497955307437,
1381725,690.8625,-13353.036733892308,3071.4403511909713,13353.036733892308,672.3540356323168,1484.843368141513,2066.4097478315107,4356.849259451657,-1.4438860453740001,-0.11106815733646155,1.69429807366,0.13033062105076923,0.25041202828599984,6.766041093381158,
1385730,692.865,-16174.194636369231,3361.4318078164097,16174.194636369231,441.39332423405807,985.9565604540168,1198.0149976584648,2560.035067542053,-1.3509903699230001,-0.1039223361479231,1.576611224559,0.12127778650453847,0.2256208546359999,6.987878966696535,
1389735,694.8675,-14946.34713043846,2633.183140427786,14946.34713043846,483.02990542956337,1064.4964172244859,1328.5818703654854,2738.3832343335453,-1.498493284,-0.11526871415384615,1.577238988118,0.12132607600907692,0.07874570411799997,20.029524223372448,
1393740,696.87,-14772.991652384615,5678.125601392669,14772.991652384613,533.2551907949353,1164.4511189971868,1430.9217134830321,3025.596887936452,-1.382532663653,-0.10634866643484615,1.49563657494,0.11504896730307693,0.11310391128700004,13.223561925677682,
1397745,698.8725,-16045.571448715384,6101.4182137631005,16045.571448715385,367.2766687967089,799.4516649457757,989.8354167698071,2020.3178063652226,-1.439809888608,-0.110754606816,1.592185303577,0.12247579258284615,0.15237541496899998,10.449095767193954,
1401750,700.875,-17564.627178469233,3337.020921102141,17564.62717846923,1037.2194210151458,2257.6115521410024,2582.196957586923,5295.080869504855,-1.397665448507,-0.10751272680823076,1.578096743657,0.1213920572043846,0.18043129515,8.746247386547122,
1405755,702.8775,-17915.278770992307,4248.819683075586,17915.278770992307,636.8684945342254,1426.5729457863129,1668.398549306497,3590.1806293347076,-1.4232301786550001,-0.10947924451192309,1.6010948941119998,0.12316114570092306,0.17786471545699967,9.0017567003,
1409760,704.88,-19130.676682623078,4796.935465298676,19130.676682623078,438.52133521319723,973.9517829081525,1195.9952698575437,2536.102635648392,-1.48940815777,-0.11456985829,1.617314215743,0.12440878582638462,0.12790605797300003,12.64454742311269,
1413765,706.8825,-18037.37995806923,3334.9510243692957,18037.379958069232,435.8714559262652,944.3744957692684,1186.0358170545608,2468.3099913276615,-1.45717015117,-0.11209001162846154,1.524344492692,0.11725726866861538,0.06717434152200008,22.692362264433456,
1417770,708.885,-18420.785381615384,2061.9334352634573,18420.785381615387,534.1539838240373,1164.3667225264896,1345.5668329534763,2803.495556504725,-1.4317509159300001,-0.11013468584076924,1.5670518726,0.12054245173846154,0.13530095666999986,11.581971858647329,
1421775,710.8875,-17348.23775530769,3348.4888687488838,17348.23775530769,612.7491289161685,1357.5023836950666,1654.5997513218158,3474.4701750403,-1.4834977388450001,-0.11411521068038463,1.553169742231,0.11947459555623077,0.06967200338599988,22.29259482644788,
1425780,712.89,-18729.25075114615,3305.5064232276904,18729.25075114615,624.8770784535002,1351.4368181017808,1694.140144096016,3526.5998682797003,-1.454136930389,-0.111856686953,1.61839828641,0.1244921758776923,0.164261356021,9.852580823715444,
1429785,714.8925,-18421.726412230768,2671.9174692030324,18421.726412230768,692.6583303347405,1515.6956617384076,1795.4299404155524,3770.9347899990503,-1.35032562166,-0.10387120166615384,1.6099118143339999,0.1238393703333846,0.25958619267399996,6.201839156968567,
1433790,716.895,-20014.98467546154,3187.5023596087826,20014.98467546154,551.5215526116085,1234.0210006732675,1429.8861006909015,2955.2454193173767,-1.34637202324,-0.10356707871076923,1.5387410912619999,0.11836469932784614,0.19236906802199982,7.998900795662354,
1437795,718.8975,-21099.62259623077,2151.45033580681,21099.62259623077,798.8913568744266,1798.2793355270974,2044.0617534467294,4445.909006396476,-1.40695804356,-0.10822754181230769,1.534212894733,0.11801637651792309,0.12725485117300006,12.056223244859032,
1441800,720.9,-20219.94531246154,3404.638623944021,20219.94531246154,579.2249874587219,1264.9193022834695,1485.129610295296,3043.2671132024298,-1.3791064768999999,-0.1060851136076923,1.5567390322649999,0.11974915632807691,0.177632555365,8.763816008085945,
1445805,722.9025,-20566.05671576923,3624.2278502718086,20566.05671576923,579.9786688534643,1296.4595537355594,1561.1117941818998,3306.6785426445877,-1.40224200489,-0.10786476960692307,1.587716165932,0.122132012764,0.1854741610420001,8.56030919354026,
1449810,724.905,-20807.772085307693,2828.997762673523,20807.772085307693,674.7709832906961,1487.103329702807,1681.994702541325,3564.3943890034943,-1.29275235535,-0.09944248887307693,1.479821458455,0.11383241988115385,0.18706910310500002,7.910560503539652,
1453815,726.9075,-20772.68524623077,3919.5410116116327,20772.68524623077,730.3444538155306,1598.8836516919607,1901.2859971859689,4013.3520765325115,-1.4937894716949998,-0.11490688243807691,1.610803410406,0.12390795464661539,0.1170139387110003,13.765910524423454,
1457820,728.91,-20891.10531853846,3733.0030705341633,20891.10531853846,683.4900353397095,1504.1888097851006,1795.0047345243377,3713.9787505519134,-1.32524561138,-0.10194197010615384,1.609641673059,0.1238185902353077,0.284396061679,5.659859224336991,
1461825,730.9125,-22738.627328615385,4296.399559882471,22738.627328615385,686.7292098462775,1482.5721042810733,1695.7034875578347,3437.8946372980695,-1.34662866591,-0.10358682045461538,1.581087484955,0.1216221142273077,0.2344588190450001,6.743561583202973,
1465830,732.915,-24720.729943,5063.402378105713,24720.729943,901.0155145803946,2026.5705294070322,2166.576578706768,4530.552105272086,-1.33664894104,-0.10281914931076923,1.564339987927,0.12033384522515383,0.22769104688699993,6.8704501530240725,
1469835,734.9175,-25328.107572153847,5284.7725013736845,25328.107572153847,835.1898893525479,1843.7911724077105,2055.296317181616,4275.715039504818,-1.48395147919,-0.11415011378384615,1.6006458476160002,0.12312660366276924,0.11669436842600023,13.71656463980113,
1473840,736.92,-25941.967773384615,5563.165460614533,25941.96777338461,843.0043190553881,1856.2331087772639,2090.6334794285713,4445.038425045835,-1.50082702936,-0.1154482330276923,1.630491802475,0.12542244634423078,0.12966477311500002,12.574670539306096,
1477845,738.9225,-24338.04987976923,4010.264213373403,24338.04987976923,801.57926760414,1781.0293452352396,2107.939176926928,4496.4692624545105,-1.3362726271099998,-0.1027902020853846,1.59310294502,0.12254638038615386,0.2568303179100002,6.202939582772557,
1481850,740.925,-22968.001652692306,3961.0759877309756,22968.001652692306,682.9758561950457,1493.6310218229391,1806.120626940613,3775.268424210296,-1.30351899566,-0.10027069197384615,1.549540266393,0.11919540510715385,0.24602127073300006,6.2983995724283215,
1485855,742.9275,-23515.319411,4221.698014659624,23515.319411,749.8442465797101,1612.8738100436976,2021.9905633245976,4152.807351811094,-1.4206241965200002,-0.10927878434769232,1.653546221544,0.12719586319569232,0.23292202502399983,7.099140673251582,
1489860,744.93,-22850.887770461537,3681.2630556710046,22850.887770461537,1152.2125809015467,2517.6559154805973,2945.7983161457387,6169.069618077059,-1.52744282783,-0.11749560214076923,1.6043350026060001,0.12341038481584617,0.07689217477600008,20.864736981099828,
1493865,746.9325,-23591.539963923078,4132.060931181029,23591.539963923078,807.4194383526997,1767.5583887152718,2109.6006492329716,4377.340850467382,-1.6009211316599998,-0.12314777935846152,1.600899875167,0.12314614424361539,-2.1256492999777166e-05,75313.45246761931,
1497870,748.935,-24098.992938615385,7104.764434269717,24098.992938615385,874.9800369250654,1925.8985159058786,2324.268002120078,4860.696789163129,-1.52745063604,-0.11749620277230768,1.7560249343341,0.13507884110262308,0.22857429829409992,7.682512633483724,
1501875,750.9375,-29425.260066153845,4634.529259680079,29425.260066153845,1194.7612049586567,2618.7019577755173,2863.6877184848295,6201.939605820579,-1.4375203400799998,-0.11057848769846153,1.6715840604249999,0.12858338926346152,0.234063720345,7.141576908891117,
1505880,752.94,-29964.829702615385,7616.0593542674,29964.829702615385,719.2232111487738,1570.569105028563,1873.4853463539575,3936.2380581493244,-1.4438783824599997,-0.11106756788153843,1.6924177100920001,0.13018597769938461,0.24853932763200048,6.809456379466338,
1509885,754.9425,-27728.323993384613,8361.37898327505,27728.32399338462,1029.0206463461905,2293.353279982779,2581.777689410752,5463.710872928788,-1.4664630144699997,-0.11280484726692305,1.593630887572,0.1225869913516923,0.12716787310200028,12.531709846981258,
1513890,756.945,-30501.674729538463,6491.5039714815375,30501.674729538463,738.4330336404431,1637.8652465780717,2039.5824056378474,4181.324578413458,-1.590352654478,-0.12233481957523076,1.649452149849,0.12688093460376923,0.05909949537100001,27.909750150902006,
1517895,758.9475,-28349.949519153844,4849.157889429354,28349.949519153844,812.6612136124063,1773.1665405972421,2174.3338983856584,4498.556504316872,-1.497448220851,-0.11518832468084615,1.687220077956,0.12978615984276923,0.189771857105,8.890781297579167,
1521900,760.95,-27373.08233176923,5425.641195092368,27373.08233176923,857.9375729925346,1911.3390128339463,2444.8157654602505,5185.1457929895805,-1.605630822493,-0.12351006326869231,1.708950020379,0.1314576938753077,0.10331919788599997,16.540488654050684,
1525905,762.9525,-30180.183744,6138.387066253229,30180.183744,929.33177185998,2047.5673308180903,2460.5621335396004,5107.534186262446,-1.593052119013,-0.12254247069330769,1.75550433622,0.13503879509384614,0.16245221720699998,10.806281172408376,
1529910,764.955,-30801.455228384617,4650.981066541546,30801.45522838462,989.6918768035122,2172.6899468930046,2522.146148624301,5111.17852651337,-1.392727077,-0.10713285207692308,1.6487826332489999,0.12682943332684615,0.2560555562489999,6.439159756586769,
1533915,766.9575,-31704.69546276923,7276.901800293631,31704.69546276923,821.8773921266815,1812.8814621893864,2304.5731464253845,4917.382487959612,-1.5096129477,-0.1161240729,1.674254257232,0.12878878901784616,0.16464130953200007,10.169101922179427,
1537920,768.96,-34649.42292676923,5622.330468224041,34649.422926769235,662.3381786527837,1413.9829113502274,1858.729838445749,3790.8906399169764,-1.47785395385,-0.11368107337307692,1.633449040349,0.12564992618069232,0.1555950864990001,10.4980759810786,
1541925,770.9625,-30499.616586692307,5757.302661898065,30499.616586692304,620.041896700853,1358.6193347820904,1623.8697600314201,3299.930371165214,-1.40901528297,-0.10838579099769231,1.6323017179850001,0.1255616706142308,0.22328643501500012,7.310348780817536,
1545930,772.965,-33177.103816153845,6229.631324135486,33177.10381615384,900.5721193164435,1983.59534352501,2594.0451948543373,5436.7377093581545,-1.3358296752149998,-0.1027561288626923,1.509598538291,0.11612296448392308,0.17376886307600015,8.687393768760268,
1549935,774.9675,-31137.914062615386,7479.779484023643,31137.914062615386,740.9716306298883,1642.0469545312737,2451.9838825328184,5071.222222237848,-1.51888246836,-0.11683711295076923,1.656926434496,0.1274558795766154,0.138043966136,12.002889230693407,
1553940,776.97,-34263.97070307693,8425.351969407398,34263.97070307693,969.2177907679317,2086.9354074489847,2986.8793087346057,6172.941101612829,-1.5678231567300003,-0.1206017812869231,1.6192796603,0.12455997386923076,0.051456503569999645,31.468901848280225,
1557945,778.9725,-32604.08954323077,8224.452632544413,32604.08954323077,1084.3183643652274,2378.233871860854,2855.6533617209348,5984.441163995399,-1.4804332256300001,-0.11387947889461539,1.651900812999,0.12706929330761538,0.17146758736899992,9.633895468792556,
1561950,780.975,-32984.41872,8648.693099175245,32984.41872,626.8247000045528,1315.9650351573455,1876.022678766694,3776.891103634211,-1.49100336432,-0.11469256648615385,1.682447876775,0.12941906744423076,0.19144451245499994,8.788174992325613,
1565955,782.9775,-32984.18013838462,9627.650962665435,32984.18013838462,449.85284475007757,981.0815846864094,1373.3162754123673,2844.0501260026604,-1.6702785343020001,-0.12848296417707694,1.781771555547,0.13705935042669232,0.11149302124499982,15.981014198473053,
1569960,784.98,-31122.312800384614,8293.688124456667,31122.312800384614,546.9287858414682,1182.2708679329517,1596.4320358731568,3334.4265533653106,-1.5467929542,-0.1189840734,1.711228717119,0.13163297823992307,0.16443576291899986,10.406669977028912,
1573965,786.9825,-29937.53530653846,9559.412106276926,29937.53530653846,504.90089500199304,1110.1072599068211,1521.632932691585,3182.8188279555466,-1.60088187456,-0.12314475958153846,1.748991820958,0.13453783238138461,0.14810994639800001,11.808739814530224,
1577970,788.985,-30836.772686153847,7845.14708465547,30836.772686153847,425.5513390198023,935.7138001402853,1237.0584103149013,2563.017327403072,-1.6161865592040003,-0.12432204301569233,1.819953553378,0.13999642718292307,0.20376699417399968,8.931542425481894,
1581975,790.9875,-30759.356820846155,11456.010945799317,30759.35682084615,448.01143169428696,971.017793122235,1331.4026962778423,2772.32608714095,-1.55830162764,-0.11986935597230769,1.818402424447,0.13987710957284616,0.26010079680700016,6.991145151301824,
1585980,792.99,-34521.765024,9880.896158742638,34521.76502400001,349.07141950938126,754.3964601495885,1086.5430066703316,2206.260152315854,-1.5905654728499998,-0.12235119021923076,1.824885413048,0.1403758010036923,0.23431994019800007,7.788007335210029,
1589985,794.9925,-32676.35546869231,9827.58157732322,32676.355468692313,363.8334887315416,796.3678100837816,1128.377861956917,2338.242313456156,-1.67670302093,-0.12897715545615385,1.700479272766,0.13080609790507694,0.023776251836000073,71.52007324347365,
1593990,796.995,-31518.455979538463,9452.751283106309,31518.45597953846,574.7181553007304,1262.8242259899946,1638.4844473740425,3415.4622134827305,-1.6259890645900001,-0.12507608189153846,1.798291098327,0.13833008448669232,0.17230203373699982,10.436853583933283,
1597995,798.9975,-32364.08593746154,10628.278614665614,32364.08593746154,808.4934347424198,1771.2675683495017,2242.6115507735203,4689.743311941876,-1.670047417296,-0.12846518594584616,1.818912990392,0.1399163838763077,0.14886557309600001,12.218493185251264,
1602000,801.0,-33994.110426615385,12559.438783298152,33994.110426615385,656.543207356317,1441.109577577716,1888.5734565284426,3918.4663670359446,-1.800207570193,-0.13847750539946155,1.829987637704,0.14076827982338463,0.02978006751100004,61.4500835845334,
1606005,803.0025,-33920.26412253846,16028.374657303622,33920.26412253846,844.2388870355182,1817.4050506918702,2456.095837801413,5049.837990139065,-1.810894690453,-0.1392995915733077,1.850886184726,0.14237586036353847,0.03999149427299997,46.2819961687607,
1610010,805.005,-39930.84900853846,17323.267597976635,39930.84900853846,845.4182179749057,1809.0571835229655,2553.893939045445,5183.67233272989,-1.61323040724,-0.12409464671076924,1.810346236469,0.13925740280530768,0.19711582922899984,9.184174825279127,
1614015,807.0075,-45340.767878615385,17313.68306078717,45340.767878615385,344.32079074220326,719.0381052190572,906.782720916908,1678.9178783361804,-1.7004679888299998,-0.13080522991,1.937966492957,0.14907434561207691,0.23749850412700013,8.159910312195862,
1618020,809.01,-43298.72325715385,17329.93992312877,43298.72325715385,687.2601440232631,1494.1550012912512,1851.5588802674579,3846.3166566421323,-1.64249739049,-0.12634595311461538,1.836922939877,0.14130176460592309,0.19442554938699996,9.447950362843741,
1622025,811.0125,-44703.847956692305,17807.460677512558,44703.847956692305,754.1553156111106,1606.1111923968094,2237.4862248191503,4589.038285449337,-1.61909370124,-0.12454566932615384,1.844577211902,0.14189055476169232,0.22548351066200012,8.18054147944779,
1626030,813.015,-41043.52403853846,18631.581672804405,41043.52403853846,819.6522031347506,1744.1971341813764,2233.106179621914,4594.2201226497855,-1.7934466078900002,-0.13795743137615385,1.8320536389989999,0.14092720299992306,0.038607031108999657,47.45388563618224,
1630035,815.0175,-46142.181340230774,17511.296042493697,46142.181340230774,980.2491172158566,2059.532197280815,2700.9140518965414,5502.524204666559,-1.79426759482,-0.13802058421692306,1.855353804313,0.14271952340869232,0.06108620949300003,30.372711283151528,
1634040,817.02,-46077.449369,18519.760255698133,46077.449368999994,957.4713760742102,2099.989784615784,2692.2649385553473,5600.036472150048,-1.70613373815,-0.13124105678076922,1.8046150133,0.1388165394846154,0.09848127515000016,18.324448079610363,
1638045,819.0225,-49227.80859376924,18084.024768007588,49227.80859376924,967.6259680737797,2089.373893332885,2667.292558658891,5649.698681632226,-1.6249364465599998,-0.12499511127384613,1.828196194033,0.14063047646407692,0.20325974747300024,8.994383869712552,
1642050,821.025,-49993.82872607692,22235.821219795038,49993.82872607692,1016.4273031333794,2252.0395084719466,2677.474265479442,5592.867302771433,-1.6834988445099999,-0.12949991111615383,1.813128657635,0.1394714352026923,0.12962981312500022,13.986972702696296,
1646055,823.0275,-53763.940054,17883.719258925703,53763.940054,808.130422926269,1752.0950564836526,2219.527678587352,4583.918224253821,-1.57571506499,-0.12120885115307692,1.789156652983,0.13762743484484616,0.21344158799300006,8.38241820540464,
1650060,825.03,-52767.301081846155,19612.368932771722,52767.301081846155,711.8252605758571,1520.0766420206028,2035.2387894965905,4181.441296783507,-1.75747525693,-0.13519040437923077,1.838639447465,0.14143380365115385,0.08116419053500001,22.653333142922595,
1654065,827.0325,-51180.33353361538,17336.71199336978,51180.33353361538,1088.2544065910865,2313.6464908723156,3118.9264773579894,6469.40503684781,-1.65119995177,-0.1270153809053846,1.770308688287,0.1361775914066923,0.11910873651700005,14.862962533687266,
1658070,829.035,-55542.43855169231,21309.24791893841,55542.4385516923,1253.2113284492393,2742.6665303283926,3326.088217662269,7125.164653504086,-1.52894294262,-0.11761099558615386,1.847281878825,0.14209860606346153,0.318338936205,5.802877589675083,
1662075,831.0375,-54542.18810092308,20407.03155179246,54542.18810092308,935.2615545482341,2046.1242116081003,2513.9288037064434,5350.2182028777,-1.535474509,-0.11811342376923076,1.740863285959,0.13391256045838462,0.20538877695900015,8.475941634856282,
1666080,833.04,-58319.68659869231,22443.370542155524,58319.68659869231,779.0175605452395,1701.5890727421177,1953.9150287921066,4122.08242912463,-1.69433785974,-0.13033368151846153,1.847348842779,0.14210375713684614,0.15301098303899985,12.073308765738357,
1670085,835.0425,-60334.33143023077,20419.514603586293,60334.33143023076,890.9262708728,1907.1593999176412,2378.7419535986237,4891.321615260185,-1.6480215639,-0.12677088953076923,1.7872338034169999,0.13747952333976923,0.1392122395169999,12.838194469235242,
1674090,837.045,-57249.368689999996,19697.248845146434,57249.368689999996,908.33004263663,1971.697114785517,2453.571387882515,5048.070647214827,-1.5342940240999998,-0.11802261723846152,1.67673517019,0.12897962847615385,0.14244114609000014,11.771424312540775,
1678095,839.0475,-64505.130709000005,20667.608375031392,64505.130709,1125.691033006456,2429.220934468129,2886.515217421586,6002.775576642723,-1.442603126161,-0.11096947124315384,1.595121052116,0.12270161939353846,0.15251792595500002,10.458580800440703,
1682100,841.05,-57009.37229576923,22919.38086252324,57009.37229576923,1143.4208590572314,2478.4968195613787,2758.2905667479117,5676.126556265551,-1.53921556474,-0.11840119728769231,1.7243510894499998,0.13264239149615384,0.18513552470999972,9.31399358470537,
1686105,843.0525,-59065.62079353847,32912.35671451952,59065.62079353847,1246.081391612067,2631.8297210335786,3054.0968519454836,6250.383359735984,-1.5908525288100002,-0.12237327144692309,1.75022978708,0.13463306054461538,0.15937725826999993,10.981678352848483,
1690110,845.055,-67603.98497661538,39201.55280584907,67603.98497661538,909.8633487049308,1938.073237972714,2545.181278673923,5175.747990031083,-1.60947954656,-0.12380611896615384,1.859875895089,0.14306737654530768,0.25039634852899995,7.427727704557945,
1694115,847.0575,-57110.94471153846,25314.884569138776,57110.94471153846,1584.9825912795075,3456.884613826242,3695.472910343896,7725.917440834328,-1.4398157596499999,-0.11075505843461537,1.765794107682,0.13583031597553846,0.3259783480320002,5.416906117668459,
1698120,849.06,-65080.90805438462,31534.09245259012,65080.90805438462,1261.581700452032,2721.995687879337,2968.8322626460713,6072.083256554052,-1.5440794527400001,-0.11877534251846154,1.767591476439,0.1359685751106923,0.2235120236989998,7.908261252286759,
1702125,851.0625,-71166.0895433077,29036.669847790756,71166.0895433077,1402.6135277843014,3044.4840163014537,3435.7502168413184,7138.3631051737175,-1.5141585618300002,-0.11647373552538463,1.670600883672,0.12850776028246155,0.1564423218419999,10.678701671017361,
1706130,853.065,-75760.34465061539,32128.75032689507,75760.34465061539,1303.480949990482,2816.1577548756422,3223.3923491773853,6567.349066986218,-1.6661857217799998,-0.12816813244461536,1.770528614526,0.1361945088096923,0.10434289274600017,16.968368117184202,
1710135,855.0675,-67915.50721153847,26954.685086505786,67915.50721153847,1016.0637804541352,2152.228877652815,2669.189293116252,5431.936141863498,-1.6785324364999998,-0.1291178797307692,1.868342537421,0.1437186567246923,0.18981010092100026,9.843219767311604,
1714140,857.07,-72435.92097384615,26467.15463078432,72435.92097384615,990.4302128087613,2129.354235394134,2559.317018896662,5266.651996273433,-1.78491330147,-0.13730102319,1.8993536736896,0.14610412874535383,0.1144403722195999,16.596884795559085,
1718145,859.0725,-72992.43690023076,29857.409457929123,72992.43690023076,1116.9259972953841,2378.6478802852257,2713.8263760059835,5615.616213970705,-1.6057126075100001,-0.12351635442384616,1.763652071354,0.1356655439503077,0.15793946384399993,11.1666332684021,
1722150,861.075,-82187.75330530769,40398.876027276994,82187.75330530769,1117.355717796088,2339.301271839897,2843.251152080517,5845.0781720492905,-1.63619910182,-0.12586146937076922,1.904704958192,0.14651576601476923,0.268505856372,7.093718490643037,
1726155,863.0775,-81189.63912223077,45506.31265937348,81189.63912223077,1120.468471332107,2397.2659340448586,2974.364680996718,6163.071901301911,-1.6651551872500001,-0.1280888605576923,1.773352198314,0.1364117075626154,0.10819701106399982,16.390029455296514,
1730160,865.08,-81034.69350969231,37992.52058558287,81034.69350969231,1200.2424104292224,2533.5286146813214,3055.500291285292,6304.9450574869215,-1.47706925868,-0.11362071220615386,1.6955650001749998,0.13042807693653843,0.21849574149499973,7.760174127758928,
1734165,867.0825,-89687.9543273077,48630.102346739724,89687.9543273077,1230.4301130560941,2700.3267255750616,3080.4749768002275,6533.43640445809,-1.5717830807099997,-0.12090639082384613,1.772175721835,0.13632120937192307,0.20039264112500033,8.843516966920744,
1738170,869.085,-86570.114483,38751.06667544739,86570.11448300001,1412.2490641658997,3079.2608732781005,3358.958606586127,7008.79886456591,-1.42292539776,-0.10945579982769231,1.64364250749,0.12643403903769232,0.22071710973000003,7.446828700777405,
1742175,871.0875,-90554.62920715383,43531.0709118396,90554.62920715383,926.0927964763762,1937.53207528533,2376.648725926725,4799.557936289316,-1.65947568416,-0.1276519757046154,1.763950532298,0.13568850248446154,0.10447484813800001,16.88397316422046,
1746180,873.09,-83362.87650276923,40258.07058458039,83362.87650276923,1146.7609009542487,2483.362151534383,2858.690118276432,5966.440313753297,-1.61634880303,-0.12433452331,1.746623612957,0.13435566253515385,0.13027480992700013,13.407224419945235,
1750185,875.0925,-84667.45552846153,45996.98993782651,84667.45552846153,1326.5199602019552,2885.7618802585826,3134.501935080315,6532.229090664698,-1.49858562649,-0.11527581742230769,1.68529075385,0.12963775029615385,0.18670512736,9.026483512691463,
1754190,877.095,-92608.62800515383,44531.05227388364,92608.62800515383,1326.4377959234293,2865.9955316386213,3285.2719910311594,6913.769716815998,-1.69966790079,-0.13074368467615385,1.716224495307,0.13201726886976922,0.01655659451700009,103.6580616590449,
1758195,879.0975,-83072.04447153847,43344.511120262105,83072.04447153847,1340.929530287201,2826.750898876619,3391.702727841501,6867.53913492702,-1.43543581664,-0.11041813974153847,1.616775911305,0.1243673777926923,0.1813400946649999,8.915711190576824,
1762200,881.1,-106927.33383338462,58597.57330300947,106927.33383338462,955.3352408482859,2010.2220933003491,2385.7239733142133,4853.983462405913,-1.57514834404,-0.12116525723384616,1.8374183066210001,0.14133986974007692,0.2622699625810001,7.005828225767666,
1766205,883.1025,-89818.00300438462,47123.66042863339,89818.00300438462,1315.680357570298,2823.7704283871253,3192.040633898141,6777.967025338785,-1.44276425242,-0.11098186557076922,1.682645499708,0.1294342692083077,0.2398812472880001,7.014493707746255,
1770210,885.105,-104050.53725976923,41112.81311283483,104050.53725976923,1680.2749044861625,3568.1813768736124,4296.219432111305,9015.905638780669,-1.48157712819,-0.11396747139923077,1.780318506068,0.13694757738984614,0.2987413778779999,5.959397117044318,
1774215,887.1075,-118793.26382207691,51365.658172846146,118793.26382207691,1404.4360530922254,3028.2366029412638,3722.716591672279,7934.811806236207,-1.62726128101,-0.1251739446930769,1.743088880553,0.13408376004253847,0.11582759954300004,15.048994258971003,
1778220,889.11,-110933.81911099999,44480.07860853783,110933.81911099999,1623.151855796861,3404.9134687591327,4255.28450048593,8860.370422702172,-1.71315284074,-0.13178098774923078,1.772239163521,0.13632608950161537,0.0590863227809999,29.99406766418184,
1782225,891.1125,-109776.32061284616,47205.45313624638,109776.32061284616,1535.754927365448,3230.004215618128,3842.706225658544,8072.640882610941,-1.63219594953,-0.12555353457923077,1.777726158491,0.13674816603776924,0.145530208961,12.215512993370366,
1786230,893.115,-93716.03365353846,54583.04309019587,93716.03365353846,1226.8521204795377,2607.3280605859454,3032.8280650204056,6330.9217395361375,-1.68986467273,-0.12998959021,1.815712790935,0.1396702146873077,0.12584811820499997,14.427810418089043,
1790235,895.1175,-93687.4759623077,54486.410314592315,93687.4759623077,1115.5981645450674,2382.42899160665,2880.4832906553133,6068.987230489069,-1.5369558856099999,-0.11822737581615383,1.793836250892,0.13798740391476924,0.2568803652820002,6.983158284296069,
1794240,897.12,-118405.21273923077,59185.12004116029,118405.21273923077,2230.3469664465415,4732.742578452735,5207.339712278148,10765.990381365591,-1.67639769614,-0.12895366893384616,1.821105586367,0.14008504510515385,0.14470789022700004,12.584701383665205,
1798245,899.1225,-136902.29026423077,66412.93242399566,136902.29026423075,2220.1703571927515,4778.163449152319,5160.787685402146,10789.607537565278,-1.64660294354,-0.12666176488769232,1.716381592681,0.13202935328315385,0.06977864914099996,24.597518206647294,
1802250,901.125,-156215.65024207692,74570.6613869278,156215.65024207692,1526.7659143042113,3238.3344295132765,4036.7161678017806,8398.624191953695,-1.569928154346,-0.12076370418046153,1.709085665643,0.13146812812638461,0.13915751129700005,12.281663057305943,
1806255,903.1275,-153410.87860623078,93650.47093645217,153410.87860623078,1918.5160749269328,4127.728864845975,4799.03023170442,10050.929292699231,-1.49727682768,-0.11517514059076922,1.7849027030040001,0.13730020792338463,0.2876258753240002,6.2056402296676945,
1810260,905.13,-145163.52524115384,89482.47324052647,145163.52524115384,2044.0353516251887,4380.655032886798,5278.182249857238,11171.194698847008,-1.54788967966,-0.11906843689692306,1.7366676740270002,0.13358982107900003,0.18877799436700027,9.199523916176227,
1814265,907.1325,-155584.94050484616,109217.87140596625,155584.94050484616,1870.9318516319354,3972.1862810821553,4724.221594726139,9776.469750451577,-1.48231697085,-0.11402438237307691,1.681675184508,0.12935962957753847,0.1993582136580001,8.435444688488838,
1818270,909.135,-175215.25240384616,47437.847063945985,175215.25240384616,2450.3692310442075,5196.469483159926,5927.206161308045,12264.11076784606,-1.586562469612,-0.12204326689323076,1.640811081976,0.12621623707507693,0.054248612364000026,30.246139218574008,
1822275,911.1375,-151383.01983284616,80092.50251931393,151383.01983284616,1731.1463711436554,3671.367255496276,4479.4372948095415,9301.983368017547,-1.6917236894199998,-0.13013259149384615,1.728955611585,0.13299658550653845,0.03723192216500015,46.43745235399916,
1826280,913.14,-118906.53996392307,60557.400550639,118906.53996392307,2985.247525342099,6352.753736577267,9833.578372568936,20553.132300756024,-1.47952398657,-0.11380953742846155,1.725217953322,0.13270907333246154,0.24569396675199995,7.0218165147840645,
1830285,915.1425,-165476.86598423077,93100.36154701663,165476.86598423077,2030.715386100932,4287.433349311203,5501.556732268631,11263.885767757933,-1.60740768908,-0.12364674531384615,1.715531609946,0.13196396999584617,0.10812392086600009,15.866346653041644,
1834290,917.145,-172984.12499923076,100298.0500814825,172984.12499923076,1731.7230858898536,3780.2680528304104,4536.234336386626,9508.517648615116,-1.6052247881800001,-0.12347882986000001,1.767352763556,0.13595021258123077,0.16212797537599988,10.900973502304184,
1838295,919.1475,-195330.0793273077,94650.56927304568,195330.0793273077,1968.7566102406563,4188.691871773881,5128.68208114843,10677.142262472633,-1.6168127208999998,-0.12437020929999999,1.86995698323,0.14384284486384616,0.2531442623300002,7.386922247490303,
1842300,921.15,-170624.17608153846,62901.12485194345,170624.17608153846,2102.824274448878,4517.019201427592,5429.142178258511,11255.850834848641,-1.56257210671,-0.12019785436230769,1.7659431807830002,0.13584178313715387,0.20337107407300015,8.683354743699264,
1846305,923.1525,-171980.78125,72477.07984168001,171980.78125000003,2231.4432597889177,4755.865406481594,5662.632506812488,11815.766283237084,-1.4699059724899999,-0.11306969019153845,1.727378912269,0.13287530094376923,0.2574729397790001,6.7089726545697665,
1850310,925.155,-161767.4981973077,77156.76256611048,161767.4981973077,2231.836913494542,4737.026115364812,5227.635559129731,10835.667067064807,-1.45802950859,-0.11215611604538461,1.66086382792,0.12775875599384617,0.20283431933000018,8.188278164198962,
1854315,927.1575,-150731.5841343077,80548.74722587707,150731.58413430766,1834.3104281183037,3987.2126204586584,4653.246626517286,9729.371894659547,-1.4035659208889997,-0.10796660929915382,1.6474000811510001,0.12672308316546155,0.24383416026200044,6.756231691986326,
1858320,929.16,-148570.1256003846,73203.12320481687,148570.1256003846,1947.667463809645,4153.655449417885,5027.343427304331,10502.085561835525,-1.343233138326,-0.10332562602507693,1.610402010384,0.12387707772184615,0.2671688720579999,6.027655834226064,
1862325,931.1625,-155034.62379807694,75170.51791433433,155034.62379807694,2074.4684433246384,4437.287387985244,5205.586797684039,10793.476330345931,-1.355074614292,-0.10423650879169231,1.621290516101,0.12471465508469232,0.266215901809,6.090134004332377,
1866330,933.165,-147154.7500006154,68664.9339370271,147154.7500006154,1703.5604744033885,3660.0689213801365,4308.6471288366,8915.42966360545,-1.36730386318,-0.10517722024461539,1.5933331623690001,0.12256408941300001,0.22602929918900005,7.0492328564744815,
1870335,935.1675,-135785.21213923077,67737.981372549,135785.21213923077,1862.0424428124027,3949.2217119451875,4487.880671076029,9212.037740623204,-1.419279605157,-0.10917535424284616,1.558198504147,0.11986142339592307,0.13891889898999987,11.216605627281623,
1874340,937.17,-129216.16766969231,56042.76804279679,129216.1676696923,1826.8311038958605,3873.7430938379307,4636.150519535403,9574.549702959712,-1.4126358404800001,-0.10866429542153846,1.5796961858929999,0.12151509122253845,0.16706034541299974,9.455841731846894,
1878345,939.1725,-139991.13822169232,57688.8094923087,139991.13822169232,1585.2717938137043,3335.9705249927842,3830.883710321794,7926.123600649818,-1.310793489207,-0.10083026840053845,1.639438390736,0.12611064544123077,0.32864490152900006,4.988479611606978,
1882350,941.175,-132272.47596176923,48551.94980759803,132272.4759617692,1868.8089647290205,4022.2455064828446,4712.658583998362,9831.445981788715,-1.306204311566,-0.10047725473584615,1.5336699038800001,0.11797460799076924,0.2274655923140001,6.742425912763447,
1886355,943.1775,-147691.6832940769,66370.47523170331,147691.6832940769,2028.8303049759115,4366.300886793275,5091.877033768802,10714.75042903314,-1.3328670263191,-0.10252823279377693,1.51305384934,0.11638875764153847,0.18018682302090006,8.397139280070993,
1890360,945.18,-137728.16826946154,65110.56335740372,137728.16826946154,1905.46924224869,4010.1272825558694,4799.212241173584,9970.707191996187,-1.2726686894810002,-0.09789759149853848,1.483214080348,0.114093390796,0.21054539086699986,7.044628591679485,
1894365,947.1825,-154005.21394169232,66423.02075645034,154005.21394169232,1842.7046428763763,3819.8747163620937,4645.474043633627,9317.444559332387,-1.408843979251,-0.10837261378853845,1.505194038151,0.11578415678084616,0.09635005890000015,15.622139263175871,
1898370,949.185,-154801.3954326923,56554.04285517863,154801.3954326923,2073.8618255675215,4394.480669841669,5100.504352881357,10616.649161813226,-1.268546134238,-0.09758047186446153,1.458203837276,0.1121695259443077,0.189657703038,7.688608550657354,
1902375,951.1875,-158008.34074384614,54194.550645104726,158008.34074384614,1954.368055100202,4135.346639359962,5007.21194712432,10367.149824500082,-1.517050534482,-0.11669619496015385,1.521515347064,0.11703964208184615,0.004464812581999933,340.7792195350033,
1906380,953.19,-173912.74459153847,48619.8112321601,173912.74459153845,1192.851441796774,2545.0357432404417,2871.6665361643345,5949.032185021148,-1.439284190541,-0.11071416850315385,1.540723912425,0.11851722403269231,0.10143972188399997,15.188566015459646,
1910385,955.1925,-206881.13461461538,68398.12157143868,206881.13461461538,467.98384448314675,967.5852731679117,1259.5246957218583,2506.9204399390533,-1.5266215652210002,-0.1174324280939231,1.6954419347574,0.13041861036595384,0.16882036953639967,10.042875391241473,
1914390,957.195,-141249.82572153845,51398.6555123909,141249.82572153845,522.2454543308717,1095.8189935788616,1590.8730108533805,3331.4950193241707,-1.53441330791,-0.11803179291615384,1.721544603811,0.13242650798546154,0.18713129590100008,9.199661636083393,
1918395,959.1975,-168639.04266846154,66641.24030850147,168639.04266846154,456.75923856142805,963.5974578150216,1529.0386484043,3229.3794898510705,-1.60207858681,-0.12323681437,1.780610315512,0.13697002427015387,0.17853172870200007,9.97363509812949,
1922400,961.2,-156011.73978323076,47872.68333381547,156011.73978323076,1276.7847146278666,2720.6849199293665,3809.8091122148885,7986.09947634197,-1.46271774173,-0.11251674936384615,1.654268078514,0.12725139065492308,0.19155033678400013,8.636205533689138,
1926405,963.2025,-173064.80408692308,56290.33314286473,173064.80408692308,1035.898953690229,2195.3033663666156,2958.0609777267846,6109.814351867104,-1.5542535036800003,-0.11955796182153848,1.679564047599,0.1291972344306923,0.12531054391899965,13.403214087751985,
1930410,965.205,-186849.77283615386,56653.16783571947,186849.77283615383,970.5034851499221,2046.5324663662927,2689.465158247999,5551.413147269421,-1.5331838279899999,-0.11793721753769229,1.67441559209,0.12880119939153845,0.14123176410000005,11.855800306398633,
1934415,967.2075,-178937.5018023077,68763.37549429593,178937.50180230773,1052.6713628736975,2218.3475320711777,2762.3527981348525,5693.24718293243,-1.4964895844400001,-0.11511458341846155,1.675024390218,0.12884803001676923,0.17853480577799985,9.382060729944271,
1938420,969.21,-172568.75240384616,68276.7243135185,172568.75240384616,961.3527320686524,2029.4674913742408,2688.0039640933173,5609.370224487745,-1.41126611829,-0.10855893217615384,1.690253421649,0.130019493973,0.278987303359,6.058531701258056,
1942425,971.2125,-179683.3052876923,59720.020678630084,179683.3052876923,2482.7688186725304,5354.001517902774,6445.367820152803,13653.374584641544,-1.36210930346,-0.10477763872769232,1.616893749688,0.12437644228369231,0.254784446228,6.346124238059193,
1946430,973.215,-204456.7860576923,76086.07679698679,204456.7860576923,1902.8136058725331,4093.869216506769,4883.392262622461,10243.066881887551,-1.3192526251340002,-0.10148097116415386,1.592708341781,0.12251602629084615,0.27345571664699975,5.824373910738188,
1950435,975.2175,-197040.34375,70795.20979031132,197040.34375,1980.3595516356013,4179.021467797215,4894.563099871887,10114.998706416267,-1.44429534674,-0.11109964205692308,1.5799850300009999,0.12153731000007692,0.13568968326099995,11.644105815781801,
1954440,977.22,-165083.06370115385,85564.90342549428,165083.06370115385,1909.7085605479888,3870.450631824445,4581.36972512141,9253.217106674923,-1.4298375547,-0.10998750420769231,1.589567426595,0.12227441743038461,0.159729871895,9.9515977051551,
1958445,979.2225,-215820.92067307694,71031.78396033635,215820.92067307697,1986.0104183722203,4251.952766619067,4545.277887162375,9457.168590414582,-1.4428588748,-0.11098914421538461,1.555351126937,0.11964239437976923,0.11249225213699998,13.826295566051941,
1962450,981.225,-236350.82211461538,64413.22460612462,236350.82211461538,2628.39924584358,5590.347875935815,5900.859972324081,12376.296512946055,-1.4203116446900002,-0.10925474189923078,1.5667776018269999,0.1205213539866923,0.14646595713699972,10.697213417050111,
1966455,983.2275,-233799.42187538464,86427.45880384029,233799.42187538464,1633.7988597385506,3461.805064994497,3556.6170987154514,7349.727222533492,-1.42842896282,-0.10987915098615385,1.5834316760140001,0.12180243661646155,0.15500271319400016,10.215509415194491,
1970460,985.23,-218311.95913538462,97053.59883066989,218311.95913538462,1513.4855944902097,3194.3678755351716,3564.3836849822037,7229.829062300125,-1.3961229771499999,-0.1073940751653846,1.6496112681950001,0.12689317447653847,0.25348829104500026,6.5076428634810375,
1974465,987.2325,-216229.48918230768,84258.03609038898,216229.48918230768,1781.2941396210504,3879.879865354136,4069.887235643526,8415.041377596264,-1.41194589436,-0.10861122264307693,1.659050486975,0.12761926822884614,0.24710459261499995,6.71396055175662,
1978470,989.235,-225019.28726076923,75546.82691464397,225019.28726076923,1079.368686609107,2249.335436732925,2719.0191524554757,5599.178093006019,-1.5587437301799998,-0.11990336385999999,1.607287459085,0.1236374968526923,0.04854372890500014,33.11009465775599,
1982475,991.2375,-188844.0775246154,66401.90073932293,188844.0775246154,1686.8786424963048,3597.8212897276944,4391.224409798904,9013.622704038393,-1.510205149655,-0.11616962689653845,1.637549713255,0.12596536255807694,0.12734456360000013,12.859203934285565,
1986480,993.24,-240519.51682692306,91993.85473020957,240519.51682692306,1588.8545494917812,3399.200227612359,3992.7844012248906,8235.628593015677,-1.5146491825580002,-0.11651147558138462,1.674605611712,0.12881581628553845,0.15995642915399988,10.469136005153969,
1990485,995.2425,-230233.61057692306,63734.806351487736,230233.61057692306,1959.586329872565,4120.736338277482,4909.229381923446,10167.213140974574,-1.399914577613,-0.10768573673946154,1.681913781919,0.12937798322453847,0.281999204306,5.964250098003608,
1994490,997.245,-232770.32091384614,78721.5111572517,232770.32091384614,1665.8529788563023,3531.437239217615,3998.8085922371315,8293.020768979874,-1.349521443253,-0.1038093417886923,1.574817560616,0.12113981235507693,0.22529611736299993,6.9899897923169005,
1998495,999.2475,-264513.3978361538,83898.10859272428,264513.3978361538,2562.639950523263,5455.277896708035,5581.8544710080305,11681.895739707892,-1.54440401495,-0.11880030884230769,1.683748573069,0.12951912100530769,0.13934455811900004,12.083346460010885,
2002500,1001.25,-253824.12860615383,69099.56308692902,253824.12860615383,1591.333909264635,3386.3138479917707,3871.403954731992,7880.7012693455945,-1.50090293587,-0.11545407198999999,1.655427094548,0.12734054573446155,0.15452415867800018,10.71306330809802,
2006505,1003.2525,-244868.00961538462,43518.921438972815,244868.00961538462,3290.6273853750217,7075.256566756903,8609.951361916646,18066.83069222937,-1.4980996400200002,-0.11523843384769232,1.690583981564,0.13004492165876924,0.19248434154399985,8.78296887945844,
2010510,1005.255,-231793.9122592308,64884.89597467204,231793.9122592308,2650.72082650196,5566.8306905762165,6396.2567924712885,13289.46518888746,-1.47084742784,-0.11314210983384616,1.6886338219,0.12989490937692308,0.21778639406,7.753624046113655,
2014515,1007.2575,-242407.19230692307,78609.97709113314,242407.19230692307,2051.4201247692017,4281.78730443063,4651.668053258609,9572.66778803753,-1.486344024526,-0.11433415573276923,1.682621628048,0.12943243292676923,0.19627760352199997,8.572662381520272,
2018520,1009.26,-240222.96514461542,67751.21192510256,240222.96514461542,2387.820260281369,5102.682532483164,5422.928805415796,11148.343353073667,-1.62524464725,-0.12501881901923076,1.675784088664,0.12890646835876923,0.05053944141400013,33.157946383629486,
2022525,1011.2625,-231839.3173076923,48441.79707750853,231839.31730769234,2668.36125249447,5576.082168889386,6765.63174503808,13873.265687143366,-1.4640647321899998,-0.11262036401461537,1.607851423329,0.12368087871761538,0.14378669113900022,11.182199204894921,
2026530,1013.265,-214646.40264461542,59602.338168305476,214646.40264461542,2256.30337606904,4752.655808176625,5508.665372936604,11467.015004926861,-1.3410824537189998,-0.10316018874761537,1.595535632219,0.12273351017069231,0.25445317850000015,6.270448817439311,
2030535,1015.2675,-224318.36718769232,57525.60930619019,224318.3671876923,2789.463375366787,5894.447760847498,6555.647415148832,13532.266413850151,-1.34328347445,-0.10332949803461539,1.541733652355,0.118594896335,0.19845017790500008,7.768870094402446,
2034540,1017.27,-245882.13221153847,64926.62934915161,245882.13221153847,2867.947591104945,6023.098643504536,7074.258735986136,14638.015634437355,-1.4678572863300001,-0.11291209894846155,1.5600584000339999,0.12000449231030769,0.09220111370399975,16.920168719896097,
2038545,1019.2725,-237599.95192153845,64977.701901044245,237599.95192153848,2799.703596258352,5979.88284598581,6728.020144944836,13924.31424250331,-1.40066303313,-0.10774331024076923,1.583756022155,0.12182738631961539,0.18309298902499993,8.650009105147934,
2042550,1021.275,-244112.22836538462,75625.4410664462,244112.22836538462,3086.627120014549,6733.052965030798,7212.126165163898,15178.972435069816,-1.3804416358619997,-0.10618781814323075,1.625914257015,0.1250703274626923,0.24547262115300028,6.6236073472388854,
2046555,1023.2775,-260170.16706769232,81948.78253147226,260170.16706769232,2657.3209444646354,5571.548493365352,6866.106053928433,14040.241083371266,-1.4959390610499999,-0.1150722354653846,1.575851585718,0.12121935274753846,0.07991252466800014,19.719707170621128,
2050560,1025.28,-286310.79206692305,84576.06272262929,286310.79206692305,3672.1920761098854,7991.159636027993,8756.922798263982,18754.586102590132,-1.453001037253,-0.11176931055792308,1.59009090812,0.12231468524000001,0.13708987086700009,11.598894200306397,
2054565,1027.2825,-267906.3786053846,83557.85861807202,267906.3786053846,2487.019484060818,5272.948881696515,6070.879263047457,12625.400593381968,-1.4058880507899998,-0.10814523467615383,1.584187924867,0.12186060960515385,0.17829987407700032,8.884963789614652,
2058570,1029.285,-250478.49038384616,70981.08668444809,250478.49038384616,2959.352625645985,6229.368134757006,7004.269986919044,14461.64991830885,-1.3318217992749999,-0.10244783071346153,1.522006280728,0.11707740620984615,0.19018448145300004,8.002789024109365,
2062575,1031.2875,-252389.8858176923,80709.54177481795,252389.8858176923,2691.0344864684694,5686.192440958379,6635.956339095746,13671.159227582539,-1.3962548747699999,-0.10740422113615383,1.503070205448,0.11562078503446155,0.1068153306780002,14.07167113472761,
2066580,1033.29,-255383.93629846157,56667.28408555699,255383.93629846157,3142.8320642486296,6575.374706065717,7511.3094392846015,15390.872143392646,-1.363439321502,-0.10487994780784615,1.537823885686,0.11829414505276924,0.17438456418400006,8.81857802542306,
2070585,1035.2925,-249551.72235615386,68160.68033739222,249551.72235615383,2533.508419792148,5351.651819712235,6308.127710455297,13165.054911744306,-1.43102125824,-0.11007855832615385,1.506691686808,0.1158993605236923,0.0756704285680001,19.91123501374165,
2074590,1037.295,-292763.89903846156,111686.36016509894,292763.8990384615,4045.6287264023904,8605.96168823821,9990.869380322549,20688.32027766771,-1.3520480841499998,-0.10400369878076922,1.524874679741,0.11729805228776922,0.17282659559100022,8.823148280659684,
2078595,1039.2975,-263058.6033653846,90896.05446831942,263058.6033653846,4858.502297767636,10414.586934988323,12208.93089634243,25552.417111860515,-1.36005993189,-0.10461999476076923,1.521996222441,0.11707663249546153,0.161936290551,9.39873463361608,
2082600,1041.3,-315494.6153846154,96116.35791425953,315494.6153846154,4328.176974038622,9188.6850117942,10699.968726301218,22380.89485300054,-1.3506562709899999,-0.10389663622999999,1.535377331078,0.11810594854446153,0.18472106008800004,8.311869422720696,
2086605,1043.3025,-301401.6574523077,99876.87243038487,301401.6574523077,3561.0721569514167,7459.57447051129,8899.072332190162,18490.082689800125,-1.4396374821500002,-0.11074134478076925,1.5285269021960002,0.1175789924766154,0.08888942004599998,17.195824895752416,
2090610,1045.305,-297830.5420676923,70394.06753517315,297830.5420676923,6361.606893510813,13945.507891668734,15557.11446648364,34260.36859310311,-1.230456024413,-0.09465046341638463,1.3970165513480002,0.10746281164215386,0.16656052693500012,8.387440752352944,
2094615,1047.3075,-301850.2319715385,91410.14338595897,301850.2319715385,3619.216886285984,7612.328595994968,9115.181712988158,18718.487463576854,-1.2384611517309998,-0.09526624244084614,1.423558589073,0.10950450685176924,0.18509743734200024,7.690860605718295,
2098620,1049.31,-307338.09375,91645.25496335783,307338.09375000006,3232.1728973104455,6759.617642861817,8132.370415150159,16731.10242391902,-1.27058187128,-0.09773706702153848,1.3960467949589999,0.10738821499684614,0.12546492367899975,11.126988755285629,
2102625,1051.3125,-296414.2524038461,75339.58521208563,296414.2524038461,3283.502239616648,6878.391972899247,8242.065849129092,17009.17031610119,-1.2411367297,-0.09547205613076923,1.434356458489,0.11033511219146154,0.19321972878900007,7.4234472197989,
2106630,1053.315,-276722.60937538464,58090.696841150966,276722.6093753846,3137.8204995871415,6542.192930513299,7867.924127094766,16242.726965161733,-1.38321632147,-0.1064012554976923,1.4645079299900001,0.11265445615307693,0.08129160852000017,18.015487165931614,
2110635,1055.3175,-304850.5673076923,74754.27660165828,304850.5673076923,3137.0348725113827,6429.594945396848,7821.859381791754,16016.196211911201,-1.26350767909,-0.09719289839153845,1.417682442818,0.10905249560138461,0.15417476372799999,9.19529505697262,
2114640,1057.32,-316164.95072076924,62518.02896557787,316164.95072076924,2869.7698920330245,5991.5480147350445,7142.920937674702,14518.656738208498,-1.30615921319,-0.10047378562999999,1.451828707011,0.11167913130853847,0.14566949382100014,9.966594026852452,
2118645,1059.3225,-292562.375,60290.24558072269,292562.37500000006,3172.674753372718,6727.775574075942,8234.334933897697,16725.331148412813,-1.19280430674,-0.09175417744153846,1.430738184604,0.11005678343107692,0.2379338778639999,6.013175582427117,
2122650,1061.325,-292854.86899,48193.03270142102,292854.86899,3071.0158724122552,6531.949363657187,7882.6211955942135,16279.121364400977,-1.18618065118,-0.09124466547538461,1.389639731501,0.10689536396161539,0.20345908032100013,6.8300698563492315,
2126655,1063.3275,-264188.70673,54468.27812874813,264188.70673,4830.83730415338,10259.191285607818,11179.58413005622,23506.534516547406,-1.217837095269,-0.09367977655915385,1.396799169484,0.1074460899603077,0.178962074215,7.805001007117994,
2130660,1065.33,-313726.3112976923,91851.26740714138,313726.3112976923,3474.544041154198,7204.58016965688,8548.093867639323,17722.179304274927,-1.2629651874299999,-0.09715116826384615,1.40516073257,0.10808928712076923,0.1421955451400001,9.881889978947894,
2134665,1067.3325,-295819.9362984616,59130.35410700166,295819.9362984615,3026.2309680918597,6411.616338972975,7465.6261128106225,15464.370783904893,-1.1702741682299997,-0.09002108986384613,1.428227744999,0.10986367269223077,0.2579535767690002,5.5367627109043385,
2138670,1069.335,-326515.67548076925,64466.8002337029,326515.67548076925,3435.925418254475,7282.642986051827,8577.93929714539,18048.21574482504,-1.29197321832,-0.09938255525538461,1.402535483238,0.10788734486446153,0.11056226491800003,12.685480749496303,
2142675,1071.3375,-294100.3882215385,42918.53791377133,294100.3882215385,3058.1812690812885,6414.3000819370645,7578.875249594478,15283.940467751181,-1.22870525719,-0.09451578901461538,1.418648831546,0.10912683319584615,0.18994357435600007,7.468790857263273,
2146680,1073.34,-248684.6531978923,116051.16643292314,248684.6531978923,3310.546905138642,6943.141559026687,8499.89342523124,17508.763510395755,-1.1566957440215002,-0.08897659569396156,1.317445810887,0.10134198545284615,0.16075006686549975,8.195615943284878,
2150685,1075.3425,-269367.67668307695,50381.71678951691,269367.6766830769,3125.1369237547488,6468.022236857369,7643.22775350316,15593.368184189103,-1.276043012741,-0.09815715482623077,1.366689540446,0.1051299646496923,0.09064652770499992,15.077130641934291,
2154690,1077.345,-328466.66346153844,46957.55314752945,328466.66346153844,3442.6246684792914,7266.645171841358,8026.415516056339,16546.64891014872,-1.23488621414,-0.09499124724153847,1.423922449348,0.10953249610369231,0.18903623520799995,7.5325370703729515,
2158695,1079.3475,-411742.55528846156,81536.8560960124,411742.55528846156,3593.592586539726,7654.070959029021,8196.866293467621,17071.51733201106,-1.15380714834,-0.08875439602615386,1.441326305261,0.11087125425084615,0.28751915692099983,5.012974859470062,
2162700,1081.35,-308538.54326846154,43789.759250229145,308538.54326846154,3090.385627170649,6475.495334106225,7336.528661904775,15133.487463142264,-1.35363716632,-0.10412593587076922,1.476833216837,0.1136025551413077,0.123196050517,11.987666898730732,
2166705,1083.3525,-349520.1670676923,49407.72339687058,349520.1670676923,3576.0619037828187,7621.38734488427,8841.41122712822,18629.80498516235,-1.3382490575200001,-0.10294223519384617,1.437266517434,0.11055896287953847,0.0990174599139999,14.515283654845476,
2170710,1085.355,-347393.69471153844,52028.34379041166,347393.69471153844,3242.59002897124,6868.775311492544,8141.165083159216,16970.944935924905,-1.33100679517,-0.10238513809,1.492194656278,0.11478420432907692,0.16118786110799999,9.257487791082427,
2174715,1087.3575,-373999.4326923077,57617.62457517673,373999.4326923077,3917.2686950082934,8310.497677344245,9329.865993864294,19353.17655580742,-1.22677117585,-0.09436701352692307,1.457753647118,0.11213489593215384,0.23098247126799998,6.311100747669398,
2178720,1089.36,-398225.50721153844,56021.75149614791,398225.50721153844,3744.1928408612966,7972.070375097239,9525.792648481838,19906.830141298742,-1.26551315189,-0.09734716553,1.509164191784,0.11608955321415385,0.24365103989399994,6.193957524008762,
2182725,1091.3625,-419320.5649038461,58220.825240376704,419320.5649038461,5071.991688858969,10642.81646640273,12427.109058592348,25330.580209720512,-1.2338893562600002,-0.09491456586615386,1.460683502259,0.11236026940453846,0.22679414599899972,6.440569688537915,
2186730,1093.365,-402246.96153846156,55783.8815052828,402246.96153846156,3944.9246526253214,8308.245984887786,9859.263540098611,20585.504548767647,-1.2435715198600001,-0.09565934768153847,1.447134371856,0.11131802860430769,0.20356285199599977,7.109029755018551,
2190735,1095.3675,-399789.0889423077,59176.2781499643,399789.0889423077,4201.506011809823,8946.102118788593,10817.239345762016,22737.457232404777,-1.1932214945500002,-0.09178626881153848,1.353801529854,0.10413857921953847,0.1605800353039999,8.430696426807163,
2194740,1097.37,-367140.0288461539,54157.8925516432,367140.0288461539,3772.0406098187286,7846.208914820299,10308.105787395052,21098.142748069848,-1.14677388968,-0.08821337612923076,1.38414555042,0.1064727346476923,0.23737166074000005,5.831132267874614,
2198745,1099.3725,-430994.27403846156,69315.1611177888,430994.27403846156,5605.577229315367,11724.46478057217,14852.193545218428,30387.793759834258,-1.19417087734,-0.09185929825692307,1.353278573605,0.10409835181576922,0.159107696265,8.50542497548995,
2202750,1101.375,-459250.98317307694,76294.60249786288,459250.98317307694,5494.630061954086,11439.752464382107,14032.516208201552,28888.819678123964,-1.35949137808,-0.10457625985230769,1.394551992409,0.10727323018530768,0.035060614328999984,39.775457991776044,
2206755,1103.3775,-497528.47596153844,76164.20168251354,497528.47596153844,4298.594776017342,8876.068896747835,10831.23888228956,22261.498971227964,-1.3427251875400001,-0.10328655288769231,1.44957856462,0.11150604343230769,0.10685337707999976,13.56605288698287,
2210760,1105.38,-469828.95432692306,69515.58440518643,469828.95432692306,4527.236420724018,9400.185363962082,11577.856975299323,23915.47796284639,-1.3772925138599998,-0.10594557798923075,1.477435726678,0.11364890205215385,0.1001432128180002,14.753228752138048,
2214765,1107.3825,-474703.59375,72192.3972309628,474703.59375,4513.322197229649,9358.708669025402,11620.825704695442,24007.278158646837,-1.24936482309,-0.09610498639153847,1.456777777524,0.1120598290403077,0.20741295443399999,7.023562156468656,
2218770,1109.385,-428391.6298076923,61408.15167948575,428391.6298076923,3999.565264710226,8309.698639385113,9961.68839571237,20307.762478447126,-1.347993955014,-0.10369184269338462,1.425323478879,0.10964026760607691,0.0773295238649998,18.43181501243042,
2222775,1111.3875,-444231.66346153844,75534.62753423235,444231.66346153844,4606.786180173045,9757.685283407987,11625.53657266516,24167.02404433573,-1.2747900486100001,-0.09806077297000002,1.42113480344,0.10931806180307692,0.14634475482999987,9.710869413057196,
2226780,1113.39,-427356.2475961539,63859.65165305417,427356.2475961539,3962.9985068627375,8180.965434286309,9982.116139837608,20122.621502406713,-1.3008800447000002,-0.10006769574615386,1.428214918826,0.10986268606353847,0.12733487412599986,11.216211808657846,
2230785,1115.3925,-427668.54326923075,59772.576230935236,427668.54326923075,3501.0353748701114,7447.330835053144,8632.957922252946,17838.23869444582,-1.2896248251199998,-0.09920190962461536,1.434337884191,0.11033368339930769,0.14471305907100018,9.91159950179254,
2234790,1117.395,-424474.27403846156,56363.25641768654,424474.27403846156,3842.6607661911694,7927.685879485631,9624.287236348177,19893.3991333118,-1.28360953926,-0.0987391953276923,1.445559229705,0.11119686382346153,0.16194969044499996,8.925977108896847,
2238795,1119.3975,-446697.4014423077,79383.8409404334,446697.4014423077,4728.508471917686,10023.229980169992,11008.367720744855,22948.05054755093,-1.1254719495899999,-0.08657476535307691,1.345927119255,0.10353285532730769,0.22045516966500012,6.105219130493731,
2242800,1121.4,-454501.8413461539,73061.41703298055,454501.8413461539,5421.50329100061,11320.367787203291,12947.64191067372,26594.161137514257,-1.1981394290999998,-0.09216457146923075,1.350005794317,0.10384659956284616,0.15186636521700025,8.889432445347532,
2246805,1123.4025,-383462.57932692306,63509.12652852948,383462.57932692306,3632.775610639525,7380.23606822724,8482.274314515402,16898.702540745267,-1.195699982353,-0.09197692171946154,1.363177407536,0.1048598005796923,0.16747742518300002,8.13946957953573,
2250810,1125.405,-453267.58173076925,98438.2989627485,453267.58173076925,4699.310521303445,9883.662866105915,11107.52308246031,23029.644324005116,-1.2459263354499999,-0.09584048734230768,1.3467191904790001,0.10359378388300002,0.10079285502900026,13.36125651060802,
2254815,1127.4075,-427891.98076923075,69144.68988461213,427891.98076923075,4332.13139278468,8985.396679350948,10730.798228678572,22310.51067992768,-1.26698777078,-0.09746059775230768,1.41727240757,0.10902095442846155,0.15028463679000015,9.430587436228908,
2258820,1129.41,-449313.70432692306,96929.69711836232,449313.70432692306,4038.652731273171,8276.56649836511,9551.490203756593,19165.332347418058,-1.220399171123,-0.09387685931715385,1.407630175365,0.10827924425884615,0.187231004242,7.518146799798224,
2262825,1131.4125,-444554.05048076925,74652.59107098411,444554.05048076925,5785.623046174637,12116.98396390658,14384.243242623626,29402.30969258873,-1.24761013686,-0.09597001052769231,1.4370624497589999,0.11054326536607692,0.18945231289899978,7.585351837457493,
2266830,1133.415,-452626.5408653846,94926.60974934508,452626.5408653846,4741.662062069199,9866.405003667218,11717.876628342363,24107.36084005255,-1.2258102297899998,-0.09429309459923076,1.390108156951,0.10693139668853847,0.16429792716100033,8.460898935071729,
2270835,1135.4175,-457823.2908653846,110439.61207401895,457823.2908653846,4835.680795425908,10091.243825169815,11657.355965170904,24278.235787049536,-1.1037773341000001,-0.08490594877692309,1.3643657714169999,0.10495121318592307,0.26058843731699977,5.235711090884975,
2274840,1137.42,-443736.4423076923,93313.0081396146,443736.4423076923,4992.677834860038,10470.239793279708,11424.753392527287,23356.01070174547,-1.0644740909300001,-0.08188262237923077,1.3261243812699999,0.10200956778999999,0.26165029033999976,5.068308464503426,
2278845,1139.4225,-454590.1850961539,102659.46457992872,454590.1850961539,4550.7078989340025,9335.9895671885,11072.427546394636,22597.77570991087,-1.0474922731599998,-0.08057632870461537,1.33786809073,0.10291293005615385,0.2903758175700002,4.607367452034753,
2282850,1141.425,-434655.23076923075,111204.1201768445,434655.23076923075,9679.17882134037,20257.373311838153,23301.41354955705,47778.48185274977,-1.1850309968,-0.09115623052307692,1.345466516914,0.10349742437800001,0.1604355201140002,8.386338112395284,
2286855,1143.4275,-553139.7740384615,114210.77958232291,553139.7740384615,8852.728499192368,18843.62117604697,19421.566539750384,40666.476545862744,-1.256489157679,-0.09665301212915385,1.431979656227,0.11015228124823076,0.17549049854799992,8.15987001048565,
2290860,1145.43,-632763.3245192308,134953.33122396027,632763.3245192308,8974.321423074702,19059.177419130123,22663.18469683215,46787.99867087772,-1.16570305823,-0.08966946601769231,1.419767301524,0.109212869348,0.2540642432939999,5.588221636844282,
2294865,1147.4325,-644000.125,115486.73846482758,644000.125,8919.195951317057,18636.67614401272,21931.224476035175,45816.53586445893,-1.1365054845800002,-0.08742349881384617,1.37988274172,0.10614482628615383,0.2433772571399997,5.6697275576831725,
2298870,1149.435,-709384.8990384615,135557.6161530633,709384.8990384615,7978.429503907911,16694.993458797526,19569.910775549593,40659.066488819335,-1.23743118347,-0.09518701411307692,1.398519419134,0.10757841685646154,0.161088235664,8.681698035671895,
2302875,1151.4375,-573135.4326923077,108276.23104778756,573135.4326923077,9333.548078311393,19928.867102534583,24486.64693537572,51528.84440066667,-1.1804920434900001,-0.09080708026846154,1.375658240181,0.10581986462930769,0.19516619669099988,7.048650142826904,
2306880,1153.44,-615873.6802884615,135714.4581883004,615873.6802884615,8348.607197577872,17439.433275302334,19908.472239335042,40699.47660955941,-1.16957940159,-0.08996764627615385,1.374349709596,0.10571920843046154,0.20477030800599993,6.711665001528105,
2310885,1155.4425,-670927.2067307692,141724.47111324503,670927.2067307692,9520.838184096343,20491.947527399134,22107.676403674304,46424.02749909429,-1.1539234072,-0.0887633390153846,1.355163797722,0.10424336905553845,0.20124039052199993,6.7340547004844495,
2314890,1157.445,-658293.5168269231,113808.39560191019,658293.5168269231,8015.660623223136,16826.85797130447,18746.298985082703,38429.292987075874,-1.2650461792759997,-0.09731124455969228,1.3532240763380001,0.1040941597183077,0.08817789706200041,15.346522444128027,
2318895,1159.4475,-665321.6850961539,116965.21939945166,665321.6850961539,8017.4901963943275,16875.62871036476,19459.187191791716,40556.11161703578,-1.11568038165,-0.08582156781923077,1.341213077311,0.10317023671623077,0.22553269566099998,5.946867585562797,
2322900,1161.45,-754298.7211538461,167079.95886387114,754298.7211538461,7457.38462430701,15413.377307278683,17319.08324518356,35549.84152859455,-1.2089272141399998,-0.09299440108769229,1.416326075793,0.10894815967638462,0.20739886165300025,6.828996381680533,
2326905,1163.4525,-767221.5432692308,159237.07660897195,767221.5432692308,8139.9491427064395,17227.177715629412,19177.68458188619,40293.8842332886,-1.2086627781600001,-0.09297405985846155,1.3705235123669999,0.1054248855666923,0.16186073420699976,8.467300726649805,
2330910,1165.455,-742515.2692307692,128761.12492992966,742515.2692307692,8223.344252519975,17235.762180290076,19203.057749349275,40044.576383362284,-1.327757746,-0.10213521123076924,1.383474484075,0.10642111415961539,0.05571673807499988,24.830500346461694,
2334915,1167.4575,-667784.2163461539,126637.52893242361,667784.2163461539,7322.452029708914,15476.8419407828,17650.75059681208,36346.15862588636,-1.1704506725,-0.0900346671153846,1.394315823912,0.10725506337784615,0.22386515141200003,6.22837371121649,
2338920,1169.46,-527647.0697115385,159021.2654961359,527647.0697115385,6814.825684306397,14328.388738307112,16389.070912126423,33831.00665774549,-1.1977600604399998,-0.09213538926461537,1.439129918813,0.11070230144715384,0.24136985837300018,5.9623431380940906,
2342925,1171.4625,-577198.5649038461,155218.31127560904,577198.5649038461,7049.298858149845,14801.765364477758,17257.007406422865,35866.43859676836,-1.34868645666,-0.10374511205076924,1.427159234876,0.10978147960584615,0.07847277821599996,18.18667909204996,
2346930,1173.465,-684195.7788461539,128746.46913929345,684195.7788461539,7227.382809521447,14882.341744123476,17725.516172035972,36203.72999876195,-1.25154602529,-0.09627277117615383,1.4238970354120002,0.10953054118553848,0.17235101012200027,8.26161119916896,
2350935,1175.4675,-724432.2740384615,114537.68595341669,724432.2740384615,6690.108144695775,14123.579711160102,16043.490503029774,33335.040986234686,-1.30955800412,-0.10073523108615384,1.47707024962,0.1136207884323077,0.1675122455000002,8.817685209885138,
2354940,1177.47,-615697.65625,97539.51633295501,615697.65625,6330.086844825269,12920.607518908753,15805.520277823227,31602.012700419575,-1.26357989014,-0.0971984530876923,1.404975350946,0.10807502699584615,0.14139546080599996,9.936495435830718,
2358945,1179.4725,-725484.4711538461,155361.1846755891,725484.4711538461,7888.195432425553,16955.918749411878,19289.909028884016,40364.25797583381,-1.16005484759,-0.08923498827615385,1.385102301831,0.10654633091007693,0.22504745424099992,6.154712153942941,
2362950,1181.475,-1017098.4375,412356.65178560413,1017098.4375,10294.583535338632,22021.523723990096,26688.573233409625,55534.07859946888,-1.204130887982,-0.09262545292169232,1.345485333352,0.10349887179630769,0.14135444536999997,9.518521542284343,
2366955,1183.4775,-680661.1634615385,144888.6865281592,680661.1634615385,10730.252630715726,22548.51349540788,25094.701495750407,52095.7590894574,-1.2329113036400001,-0.09483933104923079,1.389520455158,0.1068861888583077,0.15660915151799992,8.872536768697678,
2370960,1185.48,-749516.4807692308,163931.22699527792,749516.4807692308,9405.762625511274,19437.96408031642,22898.675313632204,46960.138105354694,-1.1636437177600003,-0.08951105521230772,1.361167728906,0.10470520991584616,0.1975240111459997,6.8911507062293,
2374965,1187.4825,-717451.2788461539,156317.6780147683,717451.2788461539,10152.911684085062,21146.538936342942,24104.61240720788,50132.2727911616,-1.2330763042,-0.0948520234,1.3368364945139999,0.10283357650107691,0.10376019031399997,12.883905575620611,
2378970,1189.485,-770893.0769230769,162548.26397322252,770893.0769230769,9209.672828960085,19367.804013499,22793.882612088077,46946.08657209824,-1.15888123214,-0.08914471016461538,1.380882300441,0.10622171541853846,0.22200106830100008,6.220160610077476,
2382975,1191.4875,-701781.7355769231,145222.18038814506,701781.7355769231,8922.629645376586,18880.4443833107,21783.645172596713,45206.34055715049,-1.11685599386,-0.08591199952769231,1.3510881476210002,0.10392985750930771,0.23423215376100015,5.768158324666174,
2386980,1193.49,-759243.3365384615,193231.66613166832,759243.3365384615,9815.30235697181,21138.51292585302,22504.600677078884,47495.26739159099,-1.2389477938339999,-0.09530367644876922,1.389922417715,0.106917109055,0.15097462388100014,9.206331381958284,
2390985,1195.4925,-730087.2692307692,153292.52491550575,730087.2692307692,7133.001038909651,14648.119333211649,17447.334017716003,35052.81110329065,-1.206997737283,-0.09284597979100001,1.3419125564430001,0.1032240428033077,0.13491481916000003,9.946368862945892,
2394990,1197.495,-740225.1201923077,148447.26024465886,740225.1201923077,17057.522848923974,36255.17615994723,37832.79662700733,79315.21263639664,-1.0793975144599999,-0.0830305780353846,1.305213417848,0.10040103214215385,0.22581590338800006,5.779988912496406,
2398995,1199.4975,-926125.6730769231,199493.5764343287,926125.6730769231,13707.323438763437,29402.582598899924,31738.395830013575,66662.51976946581,-1.1577218025779998,-0.08905552327523075,1.2988967522950001,0.09991513479192309,0.1411749497170003,9.20061777885363,
2403000,1201.5,-1008289.7355769231,189225.86980038002,1008289.7355769231,12462.383914507276,26078.106780373455,28839.782994572575,60087.522459200794,-1.2457788735609998,-0.09582914412007691,1.348809264596,0.10375455881507692,0.10303039103500011,13.091372856556474,
2407005,1203.5025,-1008641.6875,238639.22742632407,1008641.6875,9511.909104561953,20253.796735503944,20509.90084249344,42686.25456445926,-1.0572628229699998,-0.08132790945923075,1.273565618321,0.09796658602469231,0.21630279535100017,5.887883308462806,
2411010,1205.505,-899785.8125,199197.0656951354,899785.8125,12112.684040380513,25340.45988948494,25783.410752124328,53099.68430075848,-1.10501129926,-0.08500086917384617,1.26351201907,0.09719323223615385,0.1585007198099999,7.971648460553453,
2415015,1207.5075,-903307.9951923077,202288.32473346955,903307.9951923077,10871.711728087119,22632.17922464963,23039.176243318336,47224.12319511806,-1.068220675,-0.08217082115384616,1.305162975564,0.10039715196646154,0.2369423005639999,5.508357825754569,
2419020,1209.51,-838369.5144230769,184993.25376365104,838369.5144230769,14261.845196089813,30148.650501265467,30083.041490190757,62885.5423028041,-1.140027403834,-0.08769441567953845,1.281741164632,0.09859547420246154,0.14171376079800013,9.044578010028282,
2423025,1211.5125,-951912.6346153846,207166.33465408348,951912.6346153846,12237.784065220349,25642.86883425146,25922.601908739216,53819.70765521526,-1.03026428819,-0.07925109909153846,1.313713809484,0.10105490842184615,0.28344952129400003,4.634736384406828,
2427030,1213.515,-911621.3942307692,206869.69183651835,911621.3942307692,10726.17995703805,22191.712435732272,24372.3327545148,49988.56876856346,-1.06491348148,-0.0819164216523077,1.316251330074,0.10125010231338462,0.2513378485939999,5.236980174045392,
2431035,1215.5175,-894507.7163461539,196996.4559005104,894507.7163461539,11062.98094002029,23256.78211870367,24129.530489018012,49590.78924038556,-1.09341919421,-0.08410916878538462,1.302129890768,0.10016383775138461,0.2087106965579999,6.238922643843235,
2435040,1217.52,-719509.4278846154,160446.9970717019,719509.4278846154,12946.222971629179,27499.9917262783,27477.55595871743,57222.12166690267,-1.081952586769,-0.08322712205915385,1.253140281891,0.09639540629930769,0.17118769512199994,7.320270776459298,
2439045,1219.5225,-849598.1682692308,215038.74398357485,849598.1682692308,10323.165451388139,21863.350243891997,23494.462929958947,48943.427725720474,-1.1196376085389999,-0.08612596988761537,1.336289189765,0.10279147613576924,0.21665158122600015,6.16791801012082,
2443050,1221.525,-901330.5480769231,225796.3189077013,901330.5480769231,10279.691323019673,21779.595627817016,23188.91093087178,48456.59681327821,-1.1872212290909998,-0.09132470993007691,1.322315543881,0.10171658029853846,0.13509431479000011,9.788091719007555,
2447055,1223.5275,-936969.125,248222.88707648733,936969.125,11979.308511944118,25380.64037024352,26603.53254955316,55398.80384348392,-1.115006342515,-0.08576971865500001,1.275831777615,0.09814090597038462,0.16082543510000002,7.933022390529817,
2451060,1225.53,-905997.2451923077,185429.5059746627,905997.2451923077,10501.342710597532,21713.84561311397,23169.76934720161,47006.372885912315,-1.21444439889,-0.09341879991461538,1.37672295421,0.10590176570846153,0.1622785553199999,8.483702307401098,
2455065,1227.5325,-930546.2067307692,241598.68082395493,930546.2067307692,10947.843158803464,23056.672803096564,24845.123999108055,50947.456690470215,-1.118748635048,-0.08605758731138462,1.355284515767,0.104252655059,0.2365358807189999,5.729720631167379,
2459070,1229.535,-921466.3846153846,233396.53465808966,921466.3846153846,12617.98966744146,26600.801543035228,28139.456172313618,58261.36264722897,-1.171253249048,-0.09009640377292308,1.307537190617,0.10057978389361538,0.1362839415689998,9.594213196093987,
2463075,1231.5375,-992290.3365384615,230975.13642329865,992290.3365384615,11657.193685470656,24647.735084039985,25642.17477313878,53140.26030948713,-1.1582120805920002,-0.0890932369686154,1.310543820254,0.10081106309646154,0.15233173966199987,8.603222303913094,
2467080,1233.54,-1009217.9519230769,230820.5674793948,1009217.9519230769,11408.15143092775,24044.735838560464,25871.387207022468,53490.47238510694,-1.1640529483539999,-0.08954253448876923,1.2971524540300001,0.0997809580023077,0.13309950567600026,9.74573457235533,
2471085,1235.5425,-1206554.8413461538,325266.18105527107,1206554.8413461538,13349.184176368011,28198.94407678183,27344.437542514854,56464.42116053935,-1.1201044917169998,-0.08616188397823075,1.378384068606,0.10602954373892308,0.2582795768890003,5.336790795496705,
2475090,1237.545,-1101081.2163461538,246505.77025796717,1101081.2163461538,12908.91548901351,27117.869497180145,26700.65102181971,55753.14770433549,-1.260918796059,-0.09699375354300001,1.300269041217,0.10002069547823077,0.0393502451579999,33.043480059555755,
2479095,1239.5475,-1097254.3413461538,266358.0660515889,1097254.3413461538,13363.994561654032,28028.373400956116,26878.51597447846,55692.70604746396,-1.161658599955,-0.0893583538426923,1.311471845948,0.10088244968830769,0.14981324599299994,8.754044659103632,
2483100,1241.55,-1171784.2932692308,325084.430123282,1171784.2932692308,13144.507501384887,27619.967967529916,28025.260801650795,58747.20259751828,-1.182764887791,-0.09098191444546154,1.379533335558,0.10611794888907691,0.19676844776699998,7.010947899490222,
2487105,1243.5525,-1341935.1298076923,501390.65409580723,1341935.1298076923,10260.948982512062,21664.196242866,22369.13504523912,45837.36934648706,-1.2413344532250001,-0.09548726563269232,1.31222101487,0.10094007806692308,0.07088656164499985,18.511562479805516,
2491110,1245.555,-1224027.8509615385,376370.12597297673,1224027.8509615385,11459.16135529123,24582.874954628936,24839.681909544193,51973.70769220874,-1.251846209166,-0.09629586224353846,1.3504793904749999,0.10388303003653845,0.09863318130899978,13.691937870727235,
2495115,1247.5575,-1174425.1009615385,341815.1270946954,1174425.1009615385,11167.624153306686,23385.61898384145,24604.22316893879,51102.894413395115,-1.216225787992,-0.09355582984553847,1.3335286006240001,0.1025791231249231,0.11730281263200015,11.368257680295503,
2499120,1249.56,-1087192.75,382656.84848273516,1087192.75,10938.132779032863,22766.873799109046,23725.847660426534,48743.770138891705,-1.1790521443050002,-0.09069631879269233,1.318717416368,0.10143980125907692,0.13966527206299983,9.441985089701873,
2503125,1251.5625,-991826.75,277879.7196021168,991826.75,10021.662183279357,20828.52912286206,23060.615935755686,48043.31730909316,-1.043234884742,-0.08024883728784617,1.3132500629869999,0.10101923561438461,0.27001517824499977,4.8636157105043,
2507130,1253.565,-1083679.5432692308,333301.1568506379,1083679.5432692308,10173.367412323765,21279.21413274544,23372.92747297338,48073.70216632674,-1.058802306651,-0.08144633128084615,1.334475805983,0.10265198507561538,0.275673499332,4.840783786677513,
2511135,1255.5675,-1074050.9471153845,325870.08591610444,1074050.9471153845,10233.051705090395,21716.111521454135,23000.934683737672,47888.31186695253,-1.111093416828,-0.08546872437138461,1.3033802919039998,0.10026002245415383,0.19228687507599984,6.778311267416714,
2515140,1257.57,-1022088.2307692308,293968.72343888116,1022088.2307692308,13400.433072069873,28372.31514690438,28300.518384952647,57720.153889960246,-1.1772941947020001,-0.09056109190015385,1.320822883391,0.10160176026084616,0.14352868868899993,9.20250087599545,
2519145,1259.5725,-974755.7163461539,267157.2392519099,974755.7163461539,11141.797470871426,23201.66176423919,24464.466575700786,50937.64427681767,-0.98495084048,-0.07576544926769231,1.2443018909499999,0.09571553007307691,0.25935105046999984,4.797751498191572,
2523150,1261.575,-958732.8990384615,290982.405949355,958732.8990384615,10330.521902495555,21654.202273097137,23745.69758004752,49612.03524867944,-1.083494260921,-0.08334571237853847,1.266857823366,0.09745060179738461,0.18336356244499985,6.908994385108523,
2527155,1263.5775,-1002002.3269230769,247716.64259990974,1002002.3269230769,10597.667456552988,22229.204393106676,23793.614406662273,49369.42814164271,-1.024441629641,-0.07880320228007692,1.3277013003790001,0.10213086925992308,0.3032596707380002,4.378100448199924,
2531160,1265.58,-1307104.7115384615,458132.30300890864,1307104.7115384615,11701.842075815903,24757.559197759685,25268.97521053705,51657.69864320591,-1.0840739607849998,-0.08339030467576922,1.2826397121,0.09866459323846154,0.1985657513150001,6.459521360585744,
2535165,1267.5825,-940236.3990384615,273241.10048863187,940236.3990384615,9475.230895804792,20091.465670512043,21360.987743366204,44361.09074616889,-1.2365361004980002,-0.09511816157676925,1.326980017135,0.10207538593346153,0.09044391663699969,14.671854851895542,
2539170,1269.585,-913136.6298076923,263801.9714936808,913136.6298076923,9504.1432153178,20261.67154569361,22216.74171074553,45699.39702085499,-1.173781961195,-0.09029092009192308,1.346363352616,0.1035664117396923,0.17258139142099993,7.801324010255794,
2543175,1271.5875,-1213881.0625,303585.0896185083,1213881.0625,9900.65000413828,20899.312841625742,22480.002035231628,46844.51174974423,-1.1367854476159998,-0.08744503443199998,1.3890908174160002,0.10685313980123078,0.2523053698000004,5.505593553229234,
2547180,1273.59,-991790.8269230769,241607.37835849798,991790.8269230769,8716.679440144431,18165.204404472734,19520.36201945725,40051.91567350409,-1.173922628179,-0.09030174062915385,1.39297531172,0.10715194705538462,0.21905268354100005,6.359088093341149,
2551185,1275.5925,-928751.7067307692,253749.75356501705,928751.7067307692,8971.817328990828,18727.060906156585,21231.70713108844,43728.58797552254,-1.263331383473,-0.09717933719023077,1.3871859237539998,0.10670660951953845,0.12385454028099985,11.200121696037685,
2555190,1277.595,-880434.9615384615,233470.93239269315,880434.9615384615,9352.415514204155,19475.2053930766,20046.607990253917,40553.19963275007,-1.229814231388,-0.09460109472215385,1.3428958039830001,0.10329967722946155,0.11308157259500007,11.875460989497917,
2559195,1279.5975,-871734.7355769231,227144.13452684326,871734.7355769231,10147.329524407165,21358.359905625588,23640.501197567486,49157.09447890174,-1.162439703946,-0.08941843876507692,1.32684366405,0.1020648972346154,0.16440396010400016,8.070630799955508,
2563200,1281.6,-706705.2355769231,215865.27218736874,706705.2355769231,9721.195743591272,20888.6051506976,21505.37901774633,44731.93144136863,-1.228368371717,-0.09448987474746154,1.394523572172,0.10727104401323076,0.16615520045499999,8.39289753407195,
2567205,1283.6025,-756616.53125,202785.29304478609,756616.53125,9330.408689543307,19694.712577127182,21655.548878061585,44701.24058128578,-1.1075905412359999,-0.08519927240276923,1.3544802013769999,0.10419078472130769,0.246889660141,5.486176296745068,
2571210,1285.605,-842841.5240384615,191138.12870262124,842841.5240384615,9811.051317199679,20449.019340681774,21904.702334129375,45167.3384067698,-1.113465860457,-0.08565122003515385,1.36524605565,0.1050189273576923,0.2517801951929999,5.422372695372178,
2575215,1287.6075,-953971.9711538461,349916.80650319386,953971.9711538461,13572.052652001947,28197.254150068853,29800.64933746228,60812.48069377295,-1.287436872717,-0.09903360559361539,1.4915918335360001,0.11473783334892308,0.2041549608190001,7.306174817169479,
2579220,1289.61,-1002386.6490384615,381213.8075924197,1002386.6490384615,13206.572185293333,27776.817042954743,27861.38005797542,57676.65560005761,-1.243740931162,-0.09567237932015385,1.418586425465,0.10912203272807693,0.174845494303,8.113371357494913,
2583225,1291.6125,-950281.7355769231,290245.78407773393,950281.7355769231,12913.50499066209,26931.463445461915,27551.843115190048,56454.17191358529,-1.147424414743,-0.08826341651869231,1.317410223188,0.10133924793753847,0.1699858084450001,7.750118878978393,
2587230,1293.615,-926867.3701923077,307683.3664702494,926867.3701923077,13049.259416564888,26939.45182662733,29819.288865549854,60959.08591647445,-1.158853963033,-0.08914261254099999,1.369491897522,0.10534553057861538,0.21063793448900014,6.501639416681221,
2591235,1295.6175,-1029448.875,317387.5011376324,1029448.875,15232.040367904689,31433.655738070058,34911.51198159495,71562.46266546764,-1.177907541377,-0.09060827241361538,1.363488707687,0.10488374674515384,0.18558116631,7.347128670424401,
2595240,1297.62,-1046740.125,306920.6060910967,1046740.125,13096.145075149698,27273.30484112662,30319.259692355132,61862.44925710588,-1.22266362607,-0.09405104815923077,1.346477888529,0.10357522219453846,0.12381426245900018,10.874982104544477,
2599245,1299.6225,-991342.5144230769,302215.811382095,991342.5144230769,15133.215604346235,32162.454969591232,32748.28585635918,68197.32170335535,-1.0648065060679999,-0.08190819277446153,1.250891590493,0.09622243003792308,0.18608508442500016,6.722148604001414,
2603250,1301.625,-1073274.3125,319447.0072934063,1073274.3125,12899.367930567805,26908.695642501236,27629.727006309506,56046.541069953746,-1.085894703866,-0.08353036183584615,1.3150953072940001,0.10116117748415386,0.22920060342800008,5.737748014730325,
2607255,1303.6275,-1104369.985576923,288695.0328119514,1104369.985576923,13048.300703896339,27037.396956046498,29125.060540544826,59978.163707638,-1.1476381421150001,-0.08827985708576924,1.274362286546,0.09802786819584616,0.12672414443099989,10.056191677347472,
2611260,1305.63,-1087932.8173076923,318121.71805423923,1087932.8173076923,12855.975068157944,26912.74611926899,28844.36162981572,59637.08430098043,-1.0664265900730001,-0.08203281462100001,1.32015596517,0.10155045885923077,0.2537293750969998,5.203007987014942,
2615265,1307.6325,-1161022.639423077,300576.07549899525,1161022.639423077,12906.292672096266,27030.05937141072,27004.78578698956,55553.91845705482,-1.168246328836,-0.08986510221815386,1.368889689438,0.10529920687984616,0.20064336060199994,6.822501802854848,
2619270,1309.635,-1182442.3701923077,309556.6001295266,1182442.3701923077,14738.1047410987,31439.702371499206,31322.9626419372,64885.53952527215,-1.18124912679,-0.09086531744538462,1.336090795692,0.10277621505323077,0.15484166890200002,8.628754812360087,
2623275,1311.6375,-1317829.3846153845,355060.58190680173,1317829.3846153845,13655.589449845003,28805.743356641753,29625.52856370655,61525.232210900314,-1.120739147064,-0.0862107036203077,1.3445012159699998,0.10342317045923076,0.2237620689059998,6.008619881570773,
2627280,1313.64,-1171034.7884615385,275311.7584422483,1171034.7884615385,12852.580083944855,26643.41929799458,27664.35039740805,56794.860943331776,-1.188766121865,-0.09144354783576923,1.3744453899590001,0.10572656845838463,0.18567926809400004,7.4022555348677255,
2631285,1315.6425,-1150449.8942307692,327397.4184130944,1150449.8942307692,13336.665549812511,27887.301809242723,29898.451118625926,61918.443564151195,-1.0955845415560002,-0.08427573396584617,1.284422777593,0.09880175212253846,0.18883823603699978,6.801709254164703,
2635290,1317.645,-1085713.0528846155,311782.80299503997,1085713.0528846155,13954.478412516088,29348.047783610986,29787.832452430037,61303.25299721921,-1.0778389275100002,-0.08291068673153848,1.245401967312,0.09580015133169231,0.16756303980199982,7.432438375333988,
2639295,1319.6475,-1226668.1490384615,320617.2491028287,1226668.1490384615,15406.899701323271,32241.396611742988,33296.55840188556,68128.02884739335,-1.038399294027,-0.07987686877130769,1.267690733067,0.09751467177438461,0.22929143904000004,5.528731200670124,
2643300,1321.65,-1365619.4615384615,343520.84082660044,1365619.4615384615,13504.574658459487,28310.170528699236,29812.216938305708,61775.102886643646,-1.074337974215,-0.08264138263192308,1.2929840199540001,0.09946030922723079,0.21864604573900004,5.913594346441774,
2647305,1323.6525,-1336541.9423076923,316753.80046398274,1336541.9423076923,13838.840113796394,29214.04155624525,31281.0654516688,65622.33318860589,-1.170701950798,-0.09005399621523077,1.316158231344,0.10124294087261537,0.1454562805459998,9.048479903401432,
2651310,1325.655,-1394348.5,328010.925144699,1394348.5,13719.745731218658,28896.408051485185,31207.768213810068,64919.039719654174,-1.162619426858,-0.08943226360446153,1.336680473752,0.102821574904,0.17406104689400004,7.679377423060162,
2655315,1327.6575,-1314094.7788461538,299887.7143141591,1314094.7788461538,15302.320620850192,32105.74658541013,32484.290044954952,66704.39677501337,-1.169672042115,-0.08997477247038461,1.291053969411,0.09931184380084615,0.12138192729599995,10.63629486012903,
2659320,1329.66,-1373794.6442307692,328467.5702681017,1373794.6442307692,15229.008352491834,31914.020195000583,33012.86520584773,68500.491129903,-1.141209647064,-0.08778535746646154,1.333443045611,0.10257254197007692,0.19223339854699995,6.936583630575417,
2663325,1331.6625,-1427313.7403846155,356622.44418567116,1427313.7403846155,13069.860467104123,26774.18559456173,29458.990171350313,59947.91112809184,-1.149198144672,-0.08839985728246155,1.281362660227,0.098566358479,0.13216451555499997,9.695209450480403,
2667330,1333.665,-1497022.1057692308,393156.0122772175,1497022.1057692308,13138.210011367617,27429.969944145058,30386.12039462481,63015.660240254445,-1.187194809328,-0.09132267764061539,1.3326248563810001,0.10250960433700002,0.1454300470530001,9.163339236872709,
2671335,1335.6675,-1588629.6153846155,419834.506376584,1588629.6153846155,15033.43763515769,31933.806829841942,33649.82243894585,71061.31766293234,-1.165014788506,-0.08961652219276924,1.333504660062,0.10257728154323077,0.16848987155599993,7.914449977005243,
2675340,1337.67,-1407453.8509615385,378620.2314083664,1407453.8509615385,15025.778980725428,31455.951794980607,32551.455754217906,66819.10807280616,-1.08435805142,-0.08341215780153846,1.286653429269,0.098973340713,0.20229537784899998,6.360271020277097,
2679345,1339.6725,-1497752.8413461538,411965.02575231384,1497752.8413461538,13729.264056972559,28782.39271002492,29779.96854958925,61099.57028573943,-1.104377821071,-0.08495214008238462,1.308735175071,0.10067193654392306,0.20435735399999988,6.4041501294394365,
2683350,1341.675,-1449366.3990384615,388166.50759357325,1449366.3990384615,14974.555050417257,31443.604140915613,32591.973950997177,67554.79450695014,-1.162541985519,-0.08942630657838462,1.27602666616,0.09815589739692307,0.11348468064099992,11.244043327721142,
2687355,1343.6775,-1467290.8461538462,370038.30847993365,1467290.8461538462,15000.920626555104,31836.5756372005,29307.756053598845,60920.093182020515,-1.062804207212,-0.08175416978553847,1.259172065184,0.09685938962953845,0.19636785797199985,6.412312474089042,
2691360,1345.68,-1471477.7067307692,425457.480959985,1471477.7067307692,14136.4001110319,30087.03375759483,30166.825576535186,62103.07683245262,-1.111991420379,-0.08553780156761538,1.3315170183860001,0.10242438602969231,0.2195255980070001,6.065429409938523,
2695365,1347.6825,-1373829.951923077,427205.36890290846,1373829.951923077,13144.433643307779,27886.324767938204,28247.04097709201,57973.417998703604,-1.1505255550090001,-0.08850196576992309,1.2782826386269999,0.09832943374053846,0.12775708361799976,10.005571530179342,
2699370,1349.685,-1379162.326923077,386563.09411601746,1379162.326923077,14138.335165743501,29921.745756530778,30525.329427772383,63823.465320478834,-1.1174850910869998,-0.0859603916220769,1.2672653123639999,0.09748194710492307,0.14978022127700008,8.460832155003622,
2703375,1351.6875,-1433831.8076923077,418670.89025935566,1433831.8076923077,13169.376478671233,27686.144278034855,28572.99236456283,59127.96855433225,-1.1019577383949999,-0.08476597987653846,1.313514564181,0.10103958186007692,0.2115568257860001,6.20880257255175,
2707380,1353.69,-1412847.3221153845,448356.4963503162,1412847.3221153845,16869.91268734057,35512.77004975824,35392.93448825668,73320.19197529535,-1.151733517658,-0.0885948859736923,1.228534977874,0.0945026906056923,0.0768014602160001,15.996245050794732,
2711385,1355.6925,-1382743.3413461538,407586.5720989966,1382743.3413461538,15209.945964185259,31981.884532580956,32187.8762773684,66652.22780593926,-1.138678491118,-0.08759065316292307,1.264736063778,0.09728738952138462,0.12605757266000017,10.033003468892897,
2715390,1357.695,-1479104.451923077,368860.8302919059,1479104.451923077,14830.597167090782,31441.17090601624,32368.545915209965,67182.91177644568,-1.124746188528,-0.08651893757907692,1.239892423153,0.09537634024253847,0.11514623462500007,10.767980622127958,
2719395,1359.6975,-1429323.4711538462,397265.7486921551,1429323.4711538462,14679.276749394832,30561.184225361983,31828.39259372788,66075.89879690629,-1.090242847803,-0.08386483444638461,1.295643731949,0.09966490245761538,0.205400884146,6.307878066523072,
2723400,1361.7,-1636203.0096153845,487756.7892513545,1636203.0096153845,14277.652498334173,29608.381825610682,29817.25941770704,61149.35706631743,-1.169477581996,-0.0899598139996923,1.304190017282,0.10032230902169231,0.13471243528600008,9.681288995430531,
2727405,1363.7025,-1509756.298076923,481071.4716282862,1509756.298076923,15862.718339795101,33173.57759975742,33132.22649022883,68049.0772751652,-1.1415504366059999,-0.08781157204661537,1.300516013056,0.10003969331200001,0.1589655764500002,8.181117208511203,
2731410,1365.705,-1558654.0,445446.1275711525,1558654.0,13079.822120112822,27391.062189324788,27334.154846704387,55900.08775918746,-1.150587975976,-0.08850676738276923,1.309728957713,0.10074838136253847,0.15914098173699998,8.229991693010215,
2735415,1367.7075,-1466481.3365384615,474473.90339051443,1466481.3365384615,14182.525660606587,29407.237660562074,30683.262662101668,63129.68601971095,-1.057338669905,-0.08133374383884616,1.271232705567,0.09778713119746155,0.21389403566200005,5.943282624186068,
2739420,1369.71,-1532598.8173076923,474639.6127863164,1532598.8173076923,14889.280130524738,31163.096440220404,30750.665081374573,63408.781966949355,-1.1569480448860001,-0.08899600345276924,1.315804604438,0.10121573880292309,0.15885655955199995,8.282973067960004,
2743425,1371.7125,-1538002.0,430450.1419474964,1538002.0,13086.750292547471,27127.641282021053,27760.80761928979,57047.5235574915,-1.132910892388,-0.08714699172215384,1.3121012430549999,0.1009308648503846,0.17919035066699984,7.322387830432656,
2747430,1373.715,-1394461.9134615385,414084.3580408158,1394461.9134615385,14290.775820364415,29720.24431017229,29283.033701478835,60513.23857549942,-1.135004580033,-0.08730804461792308,1.308599215007,0.10066147807746154,0.17359463497400007,7.5382468772896924,
2751435,1375.7175,-1504711.3365384615,494771.7694373666,1504711.3365384615,14785.732785758762,30600.79014950057,29988.686126202116,61739.57776177831,-1.006649866707,-0.0774346051313077,1.287293471391,0.09902257472238461,0.28064360468399996,4.586933213177871,
2755440,1377.72,-1364756.4038461538,430091.23261048016,1364756.4038461538,13466.00775793938,28018.38879517643,27833.092028930605,57160.83181422722,-1.1454014181999999,-0.08810780139999999,1.312386240806,0.1009527877543077,0.16698482260600023,7.859314519275612,
2759445,1379.7225,-1431355.1586538462,447866.17648395436,1431355.1586538462,14280.014283656452,30099.394018200426,30082.360160240984,62291.128259788384,-1.012999683619,-0.07792305258607693,1.274797931318,0.09806137933215385,0.26179824769899995,4.869390618625098,
2763450,1381.725,-1590596.8028846155,489459.41296437,1590596.8028846155,15091.88365759499,31749.966061522617,31292.36167564721,64214.75654295163,-1.1055473685139998,-0.08504210527030767,1.270655103016,0.097742700232,0.16510773450200023,7.69591507538132,
2767455,1383.7275,-1627760.8990384615,509492.83416680165,1627760.8990384615,14169.377479817098,29438.167313431328,29127.2592419808,60063.83195793392,-1.1132821291639998,-0.08563708685876922,1.2738846689499999,0.09799112838076922,0.16060253978600003,7.931908615190196,
2771460,1385.73,-1769972.076923077,507121.50001092395,1769972.076923077,12269.828415480488,25866.84403812151,25620.877385205844,52846.68140746247,-1.161345466968,-0.08933426668984615,1.35030160471,0.10386935420846154,0.18895613774200015,7.146111371908415,
2775465,1387.7325,-1658268.7788461538,533263.7966217372,1658268.7788461538,12564.52362549662,26351.624453305998,25982.842058189428,53690.9175801723,-1.115330934528,-0.08579468727138462,1.305543091151,0.100426391627,0.19021215662299995,6.863615419379232,
2779470,1389.735,-1642074.4711538462,515688.7869243556,1642074.4711538462,12240.007790038175,25556.926219504658,25664.97477861049,52823.391773510906,-1.165574625143,-0.08965958654946153,1.332106202828,0.10246970790984615,0.16653157768500004,7.9991207754467,
2783475,1391.7375,-1592193.360576923,497648.5859691127,1592193.360576923,12463.043354917198,26226.860756490354,26589.22466394161,55410.09603160453,-1.113094031796,-0.08562261783046154,1.247059483085,0.09592765254499999,0.13396545128899984,9.308814109055282,
2787480,1393.74,-1649985.4711538462,552330.2873186246,1649985.4711538462,12418.093178319257,25941.42824496397,25911.32242749797,53512.8953329456,-1.124473705889,-0.08649797737607692,1.264052949854,0.09723484229646154,0.1395792439650001,9.056167048525962,
2791485,1395.7425,-1555919.8846153845,498716.9901718974,1555919.8846153845,12031.077928308481,25029.05778505489,24794.544741938666,51173.68821951657,-1.082199037085,-0.08324607977576924,1.27922027372,0.09840155951692307,0.19702123663499993,6.492804002087724,
2795490,1397.745,-1660517.9951923077,550779.6487090674,1660517.9951923077,12171.120717825137,25503.718731000612,26324.058446476873,54809.767691535,-1.154412075877,-0.08880092891361538,1.327363580473,0.10210489080561538,0.17295150459599995,7.674773246833607,
2799495,1399.7475,-1491615.798076923,482406.8991689204,1491615.798076923,12377.336724942863,25930.50610606947,25635.739984235664,53242.80173075377,-1.1347863078129998,-0.08729125444715383,1.304168274623,0.10032063650946153,0.16938196681000006,7.6995697900114575,
2803500,1401.75,-1489532.7788461538,512809.75917405164,1489532.7788461538,11663.73260757045,24476.676106440995,24513.409570924032,50903.34695665299,-1.1111816317029999,-0.085475510131,1.28889147192,0.09914549784,0.1777098402170001,7.2527861729330505,
2807505,1403.7525,-1556677.1538461538,526117.8792884663,1556677.1538461538,11912.849941281813,24697.206035187824,24758.542042460413,50797.51946538745,-1.0943611264120001,-0.08418162510861539,1.300950376319,0.1000731058706923,0.2065892499069999,6.297280119389793,
2811510,1405.755,-1509766.3413461538,535180.1334574734,1509766.3413461538,23252.269886445094,49536.011716784276,47110.32818921616,99639.22533974277,-1.140349522239,-0.08771919401838463,1.307331033056,0.10056392561969231,0.16698151081699986,7.829196338322415,
2815515,1407.7575,-1677772.1298076923,562656.3339074907,1677772.1298076923,15952.304552950744,33540.66740563301,33874.897739715794,71040.00572897913,-1.1228439062839999,-0.0863726081756923,1.3206491172350001,0.10158839363346155,0.19780521095100023,6.6765132773076825,
2819520,1409.76,-1768349.5576923077,610356.8033411797,1768349.5576923077,15073.33712876194,31486.66194733541,31586.583422210275,65418.73796492694,-1.1987445354539998,-0.09221111811184614,1.3483631014839998,0.10372023857569229,0.14961856603,9.012003906077002,
2823525,1411.7625,-1752965.1634615385,568081.8791705273,1752965.1634615385,14256.103296857416,30127.05651584698,29796.22958050106,61916.55588380145,-1.184801399698,-0.09113856920753846,1.33533888682,0.10271837590923077,0.150537487122,8.870474141353258,
2827530,1413.765,-1670659.2403846155,588107.5383909114,1670659.2403846155,14942.204226115444,31599.159653887316,30633.433497623184,64146.59332790846,-1.108779355851,-0.08529071968084614,1.289925515645,0.099225039665,0.18114615979400006,7.120910082288838,
2831535,1415.7675,-1821436.1538461538,647629.8392124,1821436.1538461538,15724.587004163508,33417.18915368495,32309.991652687764,67203.03250755847,-1.196353912357,-0.09202722402746154,1.318277072163,0.10140592862792307,0.12192315980599999,10.812359803179296,
2835540,1417.77,-1699889.4423076923,595393.8081251401,1699889.4423076923,14724.963660238716,30652.536194463424,29978.358690242883,61763.01622065864,-1.21066643297,-0.09312818715153846,1.314228653894,0.101094511838,0.10356222092399991,12.690232424220206,
2839545,1419.7725,-1642779.3221153845,559656.5345294775,1642779.3221153845,14584.026061608523,30499.648279974484,30046.264806649844,61939.96004791906,-1.109600350268,-0.08535387309753847,1.2953719124179999,0.09964399326292307,0.1857715621499998,6.972928996377077,
2843550,1421.775,-1646193.4423076923,539487.4354553198,1646193.4423076923,13888.342739206642,28857.33097454445,29197.547481066817,60062.73455158851,-1.195149347176,-0.09193456516738462,1.344749845565,0.1034422958126923,0.14960049838900003,8.988939609467758,
2847555,1423.7775,-1690002.951923077,566188.6355442893,1690002.951923077,14807.389863043567,30993.53957969424,31027.49274028166,64071.88246654705,-1.141013696791,-0.08777028436853847,1.316437326381,0.10126440972161539,0.17542362959000002,7.504332965050241,
2851560,1425.78,-1656992.6153846155,575741.3903777568,1656992.6153846155,15032.404940881719,31431.049026626413,31491.981339106846,65141.26210647008,-1.165256649261,-0.08963512686623076,1.330375164753,0.10233655113484616,0.16511851549200007,8.057092572501091,
2855565,1427.7825,-1758902.985576923,631748.9586351304,1758902.985576923,15326.44606394476,32513.271276239342,31983.060273666204,66776.35939098056,-1.177688345321,-0.09059141117853847,1.3017171602670001,0.1001320892513077,0.12402881494600004,10.4952801559359,
2859570,1429.785,-1620820.3173076923,502510.220741023,1620820.3173076923,14058.783643725908,29421.462382036258,30217.641136251157,62100.04785217349,-1.103202343001,-0.08486171869238462,1.2671520803110001,0.09747323694700001,0.16394973731000007,7.72890582871163,
2863575,1431.7875,-1672288.0817307692,597782.5598089813,1672288.0817307692,13316.07485892405,27843.141327305522,27864.48506202234,57898.63969792242,-1.141365125773,-0.08779731736715385,1.291359271853,0.09933532860407693,0.14999414608000006,8.609397803859943,
2867580,1433.79,-1619619.1298076923,559040.2261420224,1619619.1298076923,13838.635662763983,28968.487731101755,28525.713287435872,58994.12373197139,-1.1260888725659999,-0.08662222096661537,1.2706658244,0.09774352495384615,0.1445769518340001,8.788854712187797,
2871585,1435.7925,-1673866.014423077,588144.7533883776,1673866.014423077,14288.989017671145,29731.391163730445,30226.362774759604,62397.28388283547,-1.157688453782,-0.08905295798323078,1.281851362439,0.09860395095684615,0.12416290865699997,10.323947596782823,
2875590,1437.795,-1705498.639423077,631332.635024611,1705498.639423077,15209.437333242151,31979.91977097486,31641.335597921545,65322.00228409995,-1.098089188347,-0.0844683991036154,1.246354032301,0.09587338710007692,0.14826484395399997,8.406268128455919,
2879595,1439.7975,-1916024.0096153845,660938.8657488755,1916024.0096153845,15177.679734093186,31808.520942180676,31222.729075316507,64602.83125671265,-1.1245374828499999,-0.08650288329615384,1.310232575986,0.10078712122969231,0.1856950931360002,7.055827668135561,
2883600,1441.8,-1832405.0096153845,642114.8066663165,1832405.0096153845,15226.71582574279,32032.983856803898,30358.828748165277,62536.346025599334,-1.1573458015909999,-0.0890266001223846,1.258100038395,0.09677692603038462,0.1007542368040002,12.486820190424492,
2887605,1443.8025,-1818466.9711538462,622971.3502112279,1818466.9711538462,16915.923908046563,35046.091071994706,34499.07791133448,71062.97219502284,-0.985819086429,-0.07583223741761538,1.250634361063,0.0962026431586923,0.264815274634,4.722667009263329,
2891610,1445.805,-1806414.2211538462,626475.8212945971,1806414.2211538462,16187.669116597697,34040.64680946972,32919.980712800265,68266.84314334282,-1.048893794428,-0.08068413803292307,1.219721710295,0.09382474694576923,0.17082791586700008,7.14006082732185,
2895615,1447.8075,-1793739.298076923,635454.0228733658,1793739.298076923,15790.311234929666,33057.797218163854,32996.13134551973,68560.92778061908,-0.958284005523,-0.073714154271,1.208810418841,0.09298541683392308,0.2505264133180001,4.825081726239476,
2899620,1449.81,-1757290.1778846155,691505.6519211018,1757290.1778846155,16611.86665167366,34743.004585093644,34589.23822284984,71478.01049746534,-1.07369036973,-0.08259156690230769,1.1719599794670001,0.09015076765130771,0.09826960973700016,11.925965541163002,
2903625,1451.8125,-1899246.3413461538,704914.1202914369,1899246.3413461538,17069.892740295643,35914.95002300829,34344.88162113525,71352.9369407594,-1.033003523956,-0.07946180953507692,1.202986521636,0.09253742474123078,0.16998299768000003,7.077099110233787,
2907630,1453.815,-1704789.9423076923,650550.3369451411,1704789.9423076923,15293.626216143019,31746.48397008368,31053.267340266142,63064.91801612878,-1.052620887748,-0.08097083751907691,1.258601810794,0.09681552390723078,0.20598092304600013,6.110283380529013,
2911635,1455.8175,-1824884.5673076923,654291.7641113097,1824884.5673076923,17306.211538169344,36679.95604831883,36344.7871987644,75875.32033601892,-1.065152153368,-0.08193478102830769,1.224432941537,0.09418714934900001,0.15928078816900015,7.687260689831921,
2915640,1457.82,-1759081.2115384615,595082.1707872498,1759081.2115384615,14428.450494959598,30342.133655710317,30089.198859793807,62265.78878159385,-1.040953382848,-0.08007333714215384,1.182570859792,0.09096698921476923,0.14161747694399995,8.350458469611247,
2919645,1459.8225,-1786399.9615384615,557060.193575806,1786399.9615384615,16917.28226700854,35232.81772757445,34602.53291840841,71456.22022200779,-0.9367778003040003,-0.07205983079261541,1.220509840181,0.09388537232161538,0.2837320398769997,4.301628539061368,
2923650,1461.825,-2007170.1346153845,593228.3786905437,2007170.1346153845,23287.71438264205,48056.78033332284,49492.847935813275,101582.48510678326,-1.0667280852940002,-0.08205600656107694,1.233445234597,0.09488040266130769,0.16671714930299975,7.398430453937749,
2927655,1463.8275,-2186738.9423076925,645854.1889619511,2186738.9423076925,19460.343440884946,40031.15507427186,39423.50027660184,80611.27095863599,-1.105264201753,-0.08502032321176924,1.264477595677,0.09726750735976923,0.1592133939239999,7.9420302809485674,
2931660,1465.83,-2198918.9903846155,665108.3008783748,2198918.9903846155,17866.13548802775,36705.6521258553,36600.5892423965,75025.36180729725,-1.114242061967,-0.08571092784361538,1.27588249929,0.0981448076376923,0.16164043732300004,7.8933373382333265,
2935665,1467.8325,-2047781.2692307692,675947.1088814877,2047781.2692307692,19270.836074441773,40059.7304425971,40232.11065757127,83092.90297355839,-0.9800617694970001,-0.07538936688438462,1.183432377882,0.09103325983707691,0.20337060838499987,5.819092479881115,
2939670,1469.835,-2004953.6634615385,672574.7592071984,2004953.6634615385,17449.66940473065,35941.893118928856,36217.42109675235,74255.99245695729,-1.0898110866509998,-0.08383162205007691,1.233048174542,0.09484985958015385,0.14323708789100031,8.608442078076298,
2943675,1471.8375,-1980812.1538461538,639843.9528170886,1980812.1538461538,17849.391803190272,36796.17537777001,36272.651894195194,74770.78054409435,-1.072597444057,-0.08250749569669232,1.2209505029049998,0.09391926945423076,0.14835305884799976,8.230032547936654,
2947680,1473.84,-1960062.0673076923,661369.370050623,1960062.0673076923,17206.92686081583,35489.1229341167,34885.06041583873,71488.22084806323,-1.048082008959,-0.08062169299684616,1.232280075547,0.09479077504207692,0.1841980665880001,6.689972909994046,
2951685,1475.8425,-2076635.0288461538,669738.7038749899,2076635.0288461538,17308.54056599593,35694.80701455607,34895.659250931305,72103.11131515076,-1.083554908649,-0.08335037758838461,1.198579505083,0.09219842346792308,0.11502459643399998,10.420201785021984,
2955690,1477.845,-1983921.423076923,651032.8805364238,1983921.423076923,17240.69674011029,35502.36527401429,34695.17076955459,71688.43291068659,-1.010386437197,-0.07772203363053845,1.193700293081,0.09182309946776922,0.18331385588399995,6.511784323801291,
2959695,1479.8475,-1950768.5192307692,671983.8475119245,1950768.5192307692,16960.57195197838,35426.815270758176,33545.70335491987,69106.34379431132,-1.05675606429,-0.0812889280223077,1.190345495938,0.09156503814907692,0.13358943164799997,8.910476534360054,
2963700,1481.85,-2012539.875,690797.265925696,2012539.875,17156.149918396797,35419.528372974935,35433.91767339468,72987.53320216347,-1.041847825052,-0.08014214038861539,1.213714417076,0.09336264746738461,0.1718665920239999,7.061956618692443,
2967705,1483.8525,-1910832.2307692308,644559.9739168253,1910832.2307692308,16117.150280325382,33041.74219267918,32430.138268397943,67000.49904790061,-1.004364222292,-0.07725878633015384,1.18886438572,0.09145110659384616,0.18450016342800013,6.443703699937078,
2971710,1485.855,-1818406.2884615385,615407.5039684566,1818406.2884615385,17647.057041230888,36577.63241831104,35440.30724638351,73283.53421042595,-1.0287066251080001,-0.07913127885446156,1.174957390874,0.09038133775953847,0.14625076576599993,8.03385462441901,
2975715,1487.8575,-1674585.7163461538,588611.2735356565,1674585.7163461538,22335.884309933295,47519.32732170425,44164.536553571466,92783.67793477599,-0.9749390631959999,-0.07499531255353845,1.139604363601,0.08766187412315385,0.16466530040500016,6.920731695130077,
2979720,1489.86,-1732433.673076923,573969.5024527052,1732433.673076923,18005.84804327899,37027.53160403753,37005.25457689616,76668.51921064133,-1.021894842382,-0.07860729556784615,1.195849599302,0.09198843071553846,0.17395475691999995,6.874486334696551,
2983725,1491.8625,-1766816.0865384615,600765.9288775562,1766816.0865384615,16849.746026551198,34547.24752016835,34953.62062985194,72104.47783137446,-1.0683017224070002,-0.08217705556976924,1.224657870827,0.09420445160207692,0.15635614841999979,7.832489372514831,
2987730,1493.865,-1783979.3028846155,629447.5374592129,1783979.3028846155,18237.312316844786,37773.49260599661,35312.81143629946,72863.85410717303,-0.9993622154030001,-0.07687401656946155,1.164986059066,0.08961431223584615,0.16562384366299987,7.033927200943569,
2991735,1495.8675,-1840293.8653846155,635900.1588286201,1840293.8653846155,16571.47407288354,34460.65631657051,33148.22914765549,68703.57869065135,-1.0559497624629999,-0.08122690480484615,1.211838893595,0.09321837643038461,0.1558891311320001,7.77372280411819,
2995740,1497.87,-1766845.8365384615,625529.1027195657,1766845.8365384615,16687.778759318597,34701.39422724045,33894.81653807083,70109.66814708644,-1.0248726308349998,-0.07883635621807691,1.1776546929,0.09058882253076923,0.15278206206500022,7.708069108263337,
2999745,1499.8725,-1817523.2259615385,678134.4020075962,1817523.2259615385,17939.416618421787,37086.482623531694,35991.835645079525,74438.24400728346,-0.974872514609,-0.07499019343146154,1.163734842111,0.08951806477776923,0.18886232750200005,6.161815633129249,
3003750,1501.875,-1809448.4759615385,662322.032499343,1809448.4759615385,17834.860418546832,37280.10547216277,36254.1590518533,75783.52580857131,-0.988631144172,-0.07604854955169231,1.154690701507,0.08882236165438462,0.166059557335,6.953473320283436,
3007755,1503.8775,-1882557.9471153845,691620.4126688456,1882557.9471153845,16963.621070625835,34807.983921192725,34883.36399879072,71758.3060102469,-1.042260885232,-0.08017391424861538,1.173744836825,0.09028806437115386,0.1314839515930002,8.926905699170412,
3011760,1505.88,-1737768.1923076923,506526.24917314056,1737768.1923076923,16103.608939920763,33733.43944973363,32421.065282039075,67059.65539355415,-1.0333795696539998,-0.07949073612723076,1.169890839611,0.08999160304699999,0.13651126995700014,8.569921296457833,
3015765,1507.8825,-1786091.5048076923,613374.5379166999,1786091.5048076923,16990.828282454102,35493.65017920281,34400.762876810266,71412.5558355796,-1.062143638739,-0.08170335682607692,1.2426376026139998,0.0955875078933846,0.18049396387499983,6.884649081531514,
3019770,1509.885,-1880787.1826923077,690095.4797475744,1880787.1826923077,17038.001303487923,35289.796602384864,33918.13865427082,70064.38656999634,-0.977863460782,-0.075220266214,1.199951454999,0.09230395807684616,0.22208799421699998,5.40304512735857,
3023775,1511.8875,-1876797.6538461538,704524.635284199,1876797.6538461538,21811.910221014772,44813.18193131444,45802.82331152562,94496.65215810826,-1.098792389037,-0.0845224914643846,1.239928793161,0.09537913793546153,0.14113640412399997,8.785322262225273,
3027780,1513.89,-2043011.0865384615,764350.5290975411,2043011.0865384615,20003.197475545057,41302.60845215007,41361.82291761694,85272.36395759336,-1.01197665931,-0.07784435840846153,1.187722247086,0.09136324977584616,0.17574558777600013,6.758190985709604,
3031785,1515.8925,-2100029.3173076925,781166.1702887086,2100029.3173076925,19903.515540653512,41169.96992975904,40737.09990781928,83992.91698779335,-1.049476101992,-0.08072893092246154,1.229854106898,0.09460416206907693,0.18037800490599998,6.818204401023902,
3035790,1517.895,-2095780.6442307692,703151.0875044845,2095780.6442307692,19075.622761355957,39507.661670210604,38803.44663797916,80785.33557544259,-1.0395066291,-0.07996204839230768,1.14315766934,0.08793520533384616,0.10365104024000016,11.028906865701114,
3039795,1519.8975,-1973859.2403846155,691294.2212292041,1973859.2403846155,19199.754391406517,39532.35021606739,38202.255619654796,78476.89981790225,-0.918518707156,-0.07065528516584615,1.097437361255,0.08441825855807691,0.17891865409899987,6.133722426996138,
3043800,1521.9,-1977531.8942307692,688110.4172014478,1977531.8942307692,17984.233578845324,37136.0405742436,37279.648809883016,76866.97920850675,-0.8894130587650001,-0.06841638913576924,1.107560852558,0.0851969886583077,0.21814779379299998,5.077112325091687,
3047805,1523.9025,-2020488.8557692308,742956.0620019268,2020488.8557692308,18983.471367971077,38941.92272547291,37468.73762685604,77039.30131977318,-0.962862282997,-0.0740663294613077,1.155207468188,0.08886211293753846,0.19234518519099997,6.005907904795599,
3051810,1525.905,-1914026.4615384615,698445.5339659383,1914026.4615384615,18692.12481366964,38591.24185364329,37292.8520203059,76585.82272376792,-0.913024798022,-0.07023267677092307,1.0969371534930001,0.08437978103792308,0.18391235547100016,5.964456007774684,
3055815,1527.9075,-2069061.3557692308,729996.0192866705,2069061.3557692308,17171.68670077683,35436.53531103617,35456.909963444676,72967.73497375901,-0.9370118379540001,-0.07207783368876924,1.108725215315,0.08528655502423077,0.1717133773609999,6.456836574730475,
3059820,1529.91,-1909199.8557692308,671598.240963258,1909199.8557692308,19350.93994258021,40454.6300901596,38077.17525516502,78780.2695441971,-0.9185097515549998,-0.07065459627346152,1.142754226921,0.08790417130161539,0.22424447536600023,5.096019534286656,
3063825,1531.9125,-1557523.5240384615,404542.0804585204,1557523.5240384615,15196.822587584746,30968.028228808245,31171.287211330917,64245.78817375317,-1.024893999117,-0.07883799993207694,1.204818874601,0.0926783749693077,0.17992487548399994,6.696232921434703,
3067830,1533.915,-1537770.0,436236.47069821774,1537770.0,14879.568826623501,30082.712616817495,29386.010490155648,59490.01704171514,-1.0496014356549999,-0.08073857197346153,1.266356311736,0.0974120239796923,0.21675487608100008,5.8423429019551545,
3071835,1535.9175,-1594936.9038461538,505440.5848363035,1594936.9038461538,16175.699489507846,33620.66703937438,32305.02872920453,66273.68208623158,-1.061724692593,-0.08167113019946154,1.2326235286849998,0.09481719451423075,0.17089883609199985,7.212591711399617,
3075840,1537.92,-1572434.2932692308,524687.2221667515,1572434.2932692308,17137.903221253233,35302.901677796195,34134.03024677177,70326.34991228416,-0.9561805576080001,-0.07355235058523078,1.173794962467,0.09029192018976924,0.21761440485899997,5.393921249043891,
3079845,1539.9225,-1775317.5336538462,639612.6381161503,1775317.5336538462,16571.921982893356,34241.79655416622,33840.72981335354,69569.9494638282,-0.9423746615790001,-0.072490358583,1.148526718843,0.08834820914176923,0.20615205726399988,5.5712600402148205,
3083850,1541.925,-1974606.8461538462,738969.7049555527,1974606.8461538462,16680.098253733722,34437.76017596113,34909.93242420933,71745.10958550022,-0.937664344913,-0.07212802653176922,1.153119703757,0.08870151567361538,0.21545535884400002,5.352012175254893,
3087855,1543.9275,-1761062.125,659732.8562519447,1761062.125,17280.400365747068,35779.145875006994,35503.367945947786,73467.78909445973,-0.9602012932249999,-0.07386163794038461,1.1137908007969999,0.08567621544592306,0.15358950757199996,7.251737559448031,
3091860,1545.93,-1819054.0288461538,655036.8444673906,1819054.0288461538,17209.080373496134,35653.36497371771,36283.55949448339,74975.31671357973,-0.9921270310610003,-0.07631746392776925,1.158293768762,0.08909952067400001,0.16616673770099977,6.970671656599725,
3095865,1547.9325,-1962884.4951923077,729342.7310407382,1962884.4951923077,15026.250572954754,31006.265538466876,28472.196316177564,59033.348193177415,-0.9978892654300001,-0.07676071272538462,1.178062474352,0.09062019033476923,0.18017320892199995,6.538499710364838,
3099870,1549.935,-1761864.0,674704.5649030086,1761864.0,16665.92862182687,34490.37517757085,33052.01683828096,67573.61280180035,-0.947960868473,-0.07292006680561539,1.122128164395,0.0863175511073077,0.1741672959220001,6.442817857708139,
3103875,1551.9375,-1986302.3846153845,758837.4558529352,1986302.3846153845,15976.3961174698,33291.67455132649,33915.20506757493,70155.23808293739,-1.036821067351,-0.0797554667193077,1.2268214896360001,0.09437088381815385,0.19000042228500003,6.456940857719631,
3107880,1553.94,-1838007.8653846155,673691.1155136373,1838007.8653846155,15234.062699099657,31848.82299612445,32381.25972289325,66220.05347728025,-1.0467039793819999,-0.0805156907216923,1.203078282996,0.09254448330738461,0.15637430361400018,7.693580436116414,
3111885,1555.9425,-1818317.735576923,671096.0445574428,1818317.735576923,14971.19739208819,31300.88430738712,31138.788285533534,64077.24142262896,-1.083119064561,-0.08331685112007693,1.228210153056,0.09447770408123077,0.14509108849499985,8.465097104143144,
3115890,1557.945,-1787765.0817307692,671020.5203226542,1787765.0817307692,15992.77496512738,33783.71852400393,32612.528299706653,67379.73456558297,-1.049953415983,-0.08076564738330769,1.219399319965,0.09379994768961539,0.169445903982,7.196393015758794,
3119895,1559.9475,-1904859.639423077,731484.0073832829,1904859.639423077,16376.057556225433,34157.068742405696,33641.69379753408,69266.11781210746,-1.033233731984,-0.07947951784492308,1.2114460263440001,0.09318815587261539,0.1782122943600002,6.797769091602636,
3123900,1561.95,-1845384.610576923,728646.4361152527,1845384.610576923,14998.317492252489,30807.178022330972,32303.29326723811,65986.548988488,-1.07270486652,-0.08251575896307693,1.24167176336,0.09551321256615385,0.16896689684,7.348609618698139,
3127905,1563.9525,-1881524.923076923,727594.1277599777,1881524.923076923,16225.648888815738,33652.21868920697,33361.57727635473,68441.03143088262,-0.984734758705,-0.07574882759269232,1.231579940762,0.09473691852015385,0.246845182057,4.989280854092631,
3131910,1565.955,-1882201.8846153845,684241.8639586654,1882201.8846153845,18866.97180942725,39266.71211641204,38374.185644785095,79276.53139589708,-1.080144405362,-0.0830880311816923,1.27844174393,0.09834167261,0.19829733856800003,6.447094818126353,
3135915,1567.9575,-1583093.3173076923,514429.9913829475,1583093.3173076923,20454.375802612903,42186.84551141303,42420.21376844993,87016.59661879133,-1.127168089165,-0.08670523762807693,1.304637517779,0.10035673213684615,0.17746942861399995,7.351336666647056,
3139920,1569.96,-1728098.201923077,570188.5296210687,1728098.201923077,19007.41776416274,38998.99523160256,38831.91714557976,79895.94368080687,-1.176890850049,-0.09053006538838462,1.3264495991210001,0.10203458454776924,0.14955874907200006,8.869087280760988,
3143925,1571.9625,-1631739.326923077,539485.5940709949,1631739.326923077,17507.333094685866,36062.02192647783,36135.0553671146,73773.6391302232,-1.093305148186,-0.0841003960143077,1.277740167461,0.0982877051893077,0.18443501927499995,6.927860947902951,
3147930,1573.965,-1735970.0673076923,582256.4002665031,1735970.0673076923,17764.494981991862,36782.82721649611,37218.735563404,76562.11931073172,-1.0833196788950001,-0.08333228299192309,1.290010703736,0.09923159259507693,0.20669102484099988,6.241251668902216,
3151935,1575.9675,-1739724.9134615385,587779.5389518851,1739724.9134615385,16313.64756551551,33388.125536592954,34881.76870128124,71590.45086089097,-1.146518439045,-0.08819372608038462,1.2907815277580001,0.0992908867506154,0.1442630887130001,8.947413640407403,
3155940,1577.97,-1713209.2403846155,564770.9830387844,1713209.2403846155,19182.16783671256,39618.75081349768,39955.751565627164,82846.69202977374,-1.1606114208820002,-0.0892778016063077,1.279184468101,0.09839880523853847,0.11857304721899986,10.788155471271608,
3159945,1579.9725,-1704359.9951923077,572428.4016852718,1704359.9951923077,18386.172136645953,37477.725845778725,37791.38014695235,76085.95081781254,-1.149596750738,-0.08843051928753846,1.300229880965,0.10001768315115384,0.15063313022699987,8.631765661415853,
3163950,1581.975,-1527023.4711538462,519212.44279594324,1527023.4711538462,25854.536031995376,53714.85750118596,55792.34258138881,114132.05747267466,-1.0526521504039998,-0.08097324233876922,1.246240654963,0.09586466576638462,0.19358850455900023,6.437575711439941,
3167955,1583.9775,-1798023.8653846155,638001.0732959363,1798023.8653846155,20943.506792991717,42799.2759540524,42683.55782632862,87452.81803861079,-1.117158293734,-0.08593525336415385,1.280273554846,0.09848258114200001,0.16311526111199992,7.848888853918611,
3171960,1585.98,-1827233.7692307692,631242.7073772995,1827233.7692307692,19773.98203504709,40701.69791545833,41263.993129224786,84251.97666259015,-1.1130741387660001,-0.08562108759738463,1.288718285047,0.09913217577284615,0.1756441462809999,7.337097832940452,
3175965,1587.9825,-1850643.923076923,619662.7940858732,1850643.923076923,19915.558007524956,41032.95634743325,40910.93378043292,84104.67825874982,-1.136477306486,-0.08742133126815385,1.2929682936540001,0.09945909951184616,0.15649098716800003,8.262254057263638,
3179970,1589.985,-1824189.076923077,613520.3084886147,1824189.076923077,20543.936481737954,42751.266988169795,41935.10460847641,87196.78193407645,-1.1391418129159998,-0.08762629330123076,1.274156335741,0.09801202582623077,0.13501452282500015,9.437179860958402,
3183975,1591.9875,-1828008.9471153845,636490.2777378022,1828008.9471153845,19682.679438977906,40150.05726250304,40735.65274916311,82849.44939870872,-1.133159115909,-0.08716608583915385,1.29744205623,0.09980323509461539,0.164282940321,7.89760673685818,
3187980,1593.99,-1971343.75,708343.9362938738,1971343.75,23301.425096249863,48020.40492874362,45043.663166097445,93823.81391572853,-1.111910551784,-0.08553158090646154,1.2666779160619999,0.09743676277399999,0.15476736427799986,8.184399352997561,
3191985,1595.9925,-1875448.423076923,691390.9254338495,1875448.423076923,20593.06476965904,42620.8205383757,41988.92830960763,86914.51621165177,-1.083034083256,-0.08331031409661538,1.24983824417,0.09614140339769231,0.16680416091400008,7.492848123940891,
3195990,1597.995,-1886638.75,698625.1289301616,1886638.75,22899.72187918645,47178.6392586392,45611.629126917716,94430.66005081424,-1.0840763896860002,-0.0833904915143077,1.277774712079,0.09829036246761538,0.19369832239299978,6.596725755251964,
3199995,1599.9975,-1867453.2307692308,615027.1078314583,1867453.2307692308,21345.997271271593,44108.81262719218,44246.784024867775,90986.43148865816,-1.111994490022,-0.08553803769400001,1.279129490252,0.09839457617323077,0.16713500023000005,7.653271238769541,
3204000,1602.0,-1836620.3461538462,629104.3646965007,1836620.3461538462,22020.49694095985,45710.49366126543,44406.561538835595,90849.69723601891,-1.082419753088,-0.08326305792984615,1.258956346667,0.09684279589746153,0.17653659357899998,7.131418597944216,
3208005,1604.0025,-1875547.0576923077,685273.6816322298,1875547.0576923077,18798.184092675776,38378.4198014095,38130.539846212574,78467.56578912465,-1.059780329458,-0.08152156380446153,1.24008364044,0.09539104926461538,0.18030331098200003,6.8777641058615915,
3212010,1606.005,-2190983.6634615385,875865.8141712791,2190983.6634615385,22088.655533519057,46333.55390511696,44760.663907563634,93128.30546022631,-1.013709232214,-0.07797763324723077,1.230433866388,0.09464875895292307,0.2167246341739999,5.677406590522293,
3216015,1608.0075,-1844654.7451923077,695355.4379257875,1844654.7451923077,17681.300794292394,36317.32402991402,34997.901730029924,71689.38652037647,-1.0901967585099999,-0.08386128911615384,1.280033247543,0.09846409596484616,0.1898364890330002,6.742819855462485,
3220020,1610.01,-1974034.3076923077,741755.0632298394,1974034.3076923077,18765.704458466273,38877.29429060793,37305.54719106189,76464.76195207413,-1.100121602405,-0.08462473864653847,1.257060490543,0.096696960811,0.15693888813800005,8.009872539925459,
3224025,1612.0125,-2031219.4903846155,750965.829758147,2031219.4903846155,18794.010954998055,38843.60169877226,36953.336248660264,75956.2088977242,-1.0570118129119999,-0.08130860099323076,1.271198589368,0.09778450687446154,0.21418677645600015,5.935000331960919,
3228030,1614.015,-1684127.6538461538,591527.3610135714,1684127.6538461538,17875.547086416806,36948.656166128734,35895.780214250066,73495.64419477807,-1.0950943455009998,-0.08423802657699998,1.272365681823,0.09787428321715384,0.1772713363220002,7.177503753409081,
3232035,1616.0175,-2004534.9903846155,800719.2752592568,2004534.9903846155,17693.153179920155,36679.60548388263,34696.06782713895,70830.87540103923,-1.055219724775,-0.08117074805961538,1.278364710511,0.09833574696238462,0.22314498573600017,5.728852504996085,
3236040,1618.02,-1935471.2259615385,768014.2656248199,1935471.2259615385,18909.437166917964,38984.56143640695,38531.21120890869,79176.19788506284,-1.107546329507,-0.08519587150053846,1.279499055811,0.09842300429315384,0.17195272630399994,7.440993134060221,
3240045,1620.0225,-1957427.889423077,802837.2691567783,1957427.889423077,17570.078685361324,35596.247340653135,35527.8608362912,72283.21743933187,-1.137088641531,-0.08746835704084616,1.2797893993529998,0.09844533841176922,0.14270075782199987,8.96834339835368,
3244050,1622.025,-1926299.1778846155,760989.8759227394,1926299.1778846155,19230.2027128422,39584.84501802993,38060.61085528214,77596.70576882109,-1.1520003229359999,-0.08861540945661538,1.311568625273,0.10088989425176924,0.15956830233700026,8.219480975006132,
3248055,1624.0275,-1925881.4423076923,717472.3335820108,1925881.4423076923,16198.94493791527,33487.94811678003,33760.513525024224,69304.35324452927,-1.1772123873290001,-0.0905547990253077,1.307807777068,0.10060059823600001,0.13059538973899998,10.014195598188461,
3252060,1626.03,-2021862.3942307692,803465.0613681059,2021862.3942307692,17565.037541558206,35956.13103167069,35294.551641212594,72232.56222240505,-1.0903970897289998,-0.08387669920992306,1.282294206325,0.09863801587115385,0.19189711659600017,6.6821963199405765,
3256065,1628.0325,-2001662.1971153845,772956.8102609022,2001662.1971153845,17988.90704352415,37126.35022111586,35647.91674962851,73306.6966769818,-1.1853146553059999,-0.09117805040815384,1.301640558985,0.100126196845,0.11632590367900009,11.18960195294817,
3260070,1630.035,-1885810.6682692308,715987.3564707269,1885810.6682692308,18488.78111876254,38290.26559021973,35988.859738361905,73784.37363733703,-1.1290732920289999,-0.08685179169453845,1.328743882476,0.10221106788276924,0.1996705904470002,6.654679988181318,
3264075,1632.0375,-1938211.4759615385,757364.6915663142,1938211.4759615385,18796.302689103562,39184.12711009478,38692.889897552224,79955.86685433026,-1.143349051463,-0.08794992703561538,1.2660523615800001,0.09738864319846155,0.12270331011700009,10.317996803613477,
3268080,1634.04,-1898307.4423076923,754703.4479952009,1898307.4423076923,18338.068972966317,38028.02268979949,37082.64081878193,76564.98015604772,-1.1067029684649998,-0.08513099757423076,1.274314379325,0.098024183025,0.1676114108600002,7.602790125007593,
3272085,1636.0425,-1870057.173076923,726140.5574715866,1870057.173076923,19105.25836632113,39227.19998621701,37720.97800654864,77377.65732137786,-1.088582679617,-0.08373712920130769,1.257002159951,0.09669247384238461,0.168419480334,7.463520000525974,
3276090,1638.045,-1838264.8846153845,736076.2006872917,1838264.8846153845,18743.78200456133,38661.19779495608,37886.99408604057,77979.4580412367,-1.103799834838,-0.08490767960292309,1.293530836703,0.09950237205407693,0.18973100186500003,6.8177094095744595,
3280095,1640.0475,-2024221.875,730453.3437191038,2024221.875,18437.759957570997,37868.41835222148,37162.55169679307,76507.80289651823,-1.10192465781,-0.08476343521615384,1.267558459189,0.0975044968606923,0.16563380137899997,7.652776478205665,
3284100,1642.05,-1874495.798076923,676835.6091488056,1874495.798076923,18355.822707842533,37634.142238501474,37011.45851462259,75752.3363288302,-1.196866065255,-0.09206662040423078,1.331010315573,0.10238540889023076,0.13414425031799992,9.922231570997125,
3288105,1644.0525,-1744904.923076923,625772.4899887275,1744904.923076923,17197.82852341525,34998.32555474931,35264.78626970905,71615.81363635248,-1.198377594355,-0.09218289187346153,1.359888900071,0.104606838467,0.16151130571600003,8.41977528472351,
3292110,1646.055,-1943018.8076923077,721109.6639963355,1943018.8076923077,18172.54918222931,37403.32661438637,37585.07984013275,77436.62878334973,-1.2685265839100002,-0.09757896799307694,1.387943483888,0.106764883376,0.11941689997799987,11.622672202541686,
3296115,1648.0575,-1904973.3701923077,716552.5978839534,1904973.3701923077,18262.500300114647,37706.036269349446,37044.12736313783,75895.40786298177,-1.190106973047,-0.09154669023438461,1.3542325869179999,0.10417173745523076,0.1641256138709999,8.251195867467738,
3300120,1650.06,-1986881.4807692308,720272.5841400233,1986881.4807692308,18239.450752867393,37946.12878962584,35895.99879003587,73890.34718426014,-1.109461963173,-0.08534322793638462,1.305091645568,0.1003916650436923,0.1956296823949999,6.671235313529072,
3304125,1652.0625,-1894125.701923077,724096.1069887886,1894125.701923077,19188.89447306061,39851.171947802926,37952.2078652958,78187.42483069595,-1.163644075393,-0.08951108272253847,1.291955625627,0.09938120197130769,0.12831155023399998,10.068895771821621,
3308130,1654.065,-1833560.0432692308,680975.9341331837,1833560.0432692308,18159.687645311467,37246.11297667274,36725.04076808348,75511.96135897867,-1.152665108427,-0.08866654680207693,1.318281650537,0.10140628081053847,0.16561654211,7.959842861961322,
3312135,1656.0675,-1820172.6634615385,669993.8755475299,1820172.6634615385,17305.814517750103,35776.63425518102,33884.109852508605,69484.83719456353,-1.180065825576,-0.09077429427507691,1.363777536909,0.10490596437761537,0.18371171133300002,7.423465423154139,
3316140,1658.07,-1974323.173076923,733248.4041135367,1974323.173076923,17772.581554888267,36769.55125550076,34982.26222907475,71711.32232031024,-1.210237950113,-0.09309522693176923,1.31037331373,0.10079794721,0.10013536361699993,13.086019428080837,
3320145,1660.0725,-1873628.3365384615,712303.0035116588,1873628.3365384615,17866.190124262128,36994.35324357161,35737.68903199731,73337.16842557576,-1.148820295939,-0.08837079199530769,1.299480199809,0.09996001536992308,0.15065990387000006,8.625255734467233,
3324150,1662.075,-1800373.0192307692,680842.0912948515,1800373.0192307692,20257.509824302546,41815.5016200156,41034.78893573709,84573.08416312955,-1.164872124783,-0.08960554806023077,1.3362585492449999,0.1027891191726923,0.1713864244619998,7.796758427277174,
3328155,1664.0775,-1929957.2115384615,772328.4050307651,1929957.2115384615,20704.82727145106,43003.5061229617,40178.49258111613,82652.09636202473,-1.157749101531,-0.0890576231946923,1.334589902313,0.10266076171638461,0.17684080078199993,7.546843807601914,
3332160,1666.08,-1950147.1009615385,788347.2438249403,1950147.1009615385,18861.93613463267,39064.61964501856,37743.5181707164,77857.0674009369,-1.214235946534,-0.093402765118,1.365301728239,0.10502320986453847,0.15106578170500007,9.037796070225548,
3336165,1668.0825,-1988695.3846153845,797598.20896548,1988695.3846153845,20152.01911853455,41666.44727770503,39595.71202197751,81492.05357693725,-1.207952558999,-0.09291942761530768,1.354528445756,0.10419449582738462,0.14657588675700017,9.24114106163721,
3340170,1670.085,-1886246.076923077,726056.9654168142,1886246.076923077,19442.25396294979,40227.8985549947,38016.30217226188,78306.40802996673,-1.1804768592169999,-0.09080591224746153,1.356712657967,0.10436251215130768,0.17623579875000006,7.698280755611802,
3344175,1672.0875,-1876415.6634615385,743545.4875809798,1876415.6634615385,18757.6518423987,38960.0271080616,37021.18077211395,75904.69719157346,-1.2528347373070001,-0.09637190286976924,1.347797971211,0.10367676701623077,0.09496323390399986,14.192839858144623,
3348180,1674.09,-1888707.8509615385,719424.677705491,1888707.8509615385,16426.185523400738,34098.10140083298,33257.28581899398,68341.75685169717,-1.186363816268,-0.09125875509753846,1.38137098775,0.10625930675,0.19500717148200009,7.083693267544809,
3352185,1676.0925,-1905441.4086538462,759056.6788154347,1905441.4086538462,17544.596210327007,36433.65732736511,34974.55520966,71960.27713312718,-1.13440470397,-0.08726190030538462,1.369887273764,0.1053759441356923,0.23548256979399995,5.817361662743773,
3356190,1678.095,-1879155.2740384615,746382.5821778739,1879155.2740384615,17516.652305176416,36225.59242851544,34196.87395939506,69608.59750673776,-1.171921029693,-0.09014777151484615,1.3343800716110001,0.10264462089315386,0.1624590419180001,8.213639917219984,
3360195,1680.0975,-1937461.7596153845,795205.0841087028,1937461.7596153845,17827.01925056916,36769.19039475349,35760.74647747291,74262.49953894374,-1.1880593001810003,-0.09138917693700002,1.362753603615,0.10482720027807693,0.17469430343399983,7.800790162169504,
3364200,1682.1,-1923058.514423077,778496.0483911444,1923058.514423077,18414.463484904907,38063.97908965812,36852.8557673141,75631.29931215997,-1.1439604759200002,-0.08799695968615386,1.326933264728,0.10207178959446155,0.18297278880799994,7.252079794883598,
3368205,1684.1025,-1967071.2403846155,759431.6814311804,1967071.2403846155,18578.87353063313,38390.80539676925,36529.21489943937,75227.51841302012,-1.2031389773080001,-0.0925491521006154,1.35796701535,0.10445900118076924,0.15482803804199996,8.770808133483074,
3372210,1686.105,-1896457.389423077,727885.5952295453,1896457.389423077,17833.90094914405,36649.35619053533,35426.90495627336,72672.26128606037,-1.1634127050560001,-0.0894932850043077,1.332540683453,0.10250312949638461,0.1691279783969999,7.878889679181771,
3376215,1688.1075,-1898208.5721153845,724308.8656672831,1898208.5721153845,17918.6961857965,37119.33596463619,34719.81941927338,71145.96639384348,-1.142812937506,-0.08790868750046155,1.328388981512,0.10218376780861539,0.18557604400599992,7.158192150432151,
3380220,1690.11,-1926871.360576923,753099.7946895433,1926871.360576923,17833.674633131413,36827.8039233826,34802.36242892004,71292.10909321196,-1.133485317231,-0.08719117824853846,1.302458541469,0.10018911857453847,0.16897322423799999,7.708076515332855,
3384225,1692.1125,-1922175.7211538462,767216.1996899338,1922175.7211538462,20605.683677899993,42850.40086279627,39059.14289987313,80163.64435537337,-1.1602610945629999,-0.08925085342792306,1.33649050444,0.10280696187999999,0.1762294098770001,7.5838108143970295,
3388230,1694.115,-1906048.2307692308,781164.1147117555,1906048.2307692308,20728.302362239257,42942.85752544856,39835.68672646259,81893.4124890855,-1.148658350117,-0.08835833462438461,1.322279952462,0.10171384249707692,0.1736216023449999,7.61587230277097,
3392235,1696.1175,-1972497.5961538462,789138.721855896,1972497.5961538462,20369.244802421814,42273.59818765173,38955.16681152732,80243.35978054514,-1.150261133912,-0.08848162568553845,1.316620156173,0.10127847355176924,0.16635902226100008,7.914329732639083,
3396240,1698.12,-1940894.5961538462,770962.6586386344,1940894.5961538462,20148.99487988794,41764.36826139694,39203.82830185708,80854.3544613487,-1.1410929709730002,-0.08777638238253847,1.3061605021440001,0.1004738847803077,0.16506753117099993,7.912885670961525,
3400245,1700.1225,-2033700.4807692308,800513.5361488104,2033700.4807692308,18958.905188809367,39256.13323281354,37214.64022674451,76410.35067789027,-1.167271196841,-0.0897900920646923,1.358241152016,0.10448008861661538,0.19096995517500015,7.112329008881745,
3404250,1702.125,-1993641.5865384615,790974.0349390188,1993641.5865384615,19312.357768281203,40088.166748390315,37524.28828820502,76944.46674812658,-1.1611908525250003,-0.08932237327115387,1.34850426391,0.10373109722384616,0.18731341138499968,7.199186934555985,
3408255,1704.1275,-1934255.3173076923,735132.4435575632,1934255.3173076923,18722.803575086193,38856.95167713706,36586.120424495704,75264.49721269222,-1.220411583775,-0.09387781413653846,1.375357445341,0.10579672656469231,0.154945861566,8.876374182831333,
3412260,1706.13,-1979247.3701923077,828122.0702191105,1979247.3701923077,19524.404139716982,40104.231904531116,37964.30554998777,77590.65708722362,-1.164802551275,-0.08960019625192307,1.364387359468,0.10495287380523077,0.19958480819300006,6.836128319689677,
3416265,1708.1325,-1958400.2307692308,780042.0775548213,1958400.2307692308,18904.447121683625,39043.72339517984,36710.71867195827,75228.62503991881,-1.132686957713,-0.08712976597792309,1.3543996736380002,0.10418459027984617,0.22171271592500008,6.108804666378089,
3420270,1710.135,-2031070.5384615385,773367.3423942222,2031070.5384615385,18623.39291157775,38754.040513666936,35484.91722029192,72754.77772852231,-1.1416275203250001,-0.08781750156346155,1.320118609825,0.10154758537115384,0.1784910894999998,7.395991662793908,
3424275,1712.1375,-2033898.8846153845,816507.5052668223,2033898.8846153845,19448.809843285922,40480.87132798024,37130.96672179223,76457.84741244958,-1.1916625648849999,-0.09166635114499999,1.35935356468,0.10456565882153845,0.16769099979500002,8.106300077772756,
3428280,1714.14,-1941246.8942307692,786685.0415932448,1941246.8942307692,19150.960715474135,39856.24670060318,36995.50162407755,76202.6384298661,-1.1373933255689999,-0.08749179427453845,1.347234427924,0.10363341753261539,0.2098411023550002,6.42025996243961,
3432285,1716.1425,-1896622.3557692308,764599.7427446774,1896622.3557692308,18866.150225434165,38650.200317730545,36838.36916551587,75179.83655346517,-1.151640236368,-0.08858771048984616,1.33216337115,0.10247410547307692,0.180523134782,7.379460658927303,
3436290,1718.145,-1967126.1009615385,799597.6960829546,1967126.1009615385,19428.952717768712,40508.626017676266,36947.61084502245,76441.18400132885,-1.158418148749,-0.08910908836530769,1.334720402961,0.10267080022776923,0.17630225421200008,7.570637193078793,
3440295,1720.1475,-1978934.7307692308,830671.0581225443,1978934.7307692308,18093.553299978703,37368.13524098718,34751.735164963764,71236.00444087393,-1.189069166777,-0.09146685898284615,1.335605133322,0.10273885640938461,0.14653596654500012,9.114520924880551,
3444300,1722.15,-2083279.3701923077,913698.0372609448,2083279.3701923077,18222.87968014613,37741.662029295934,35986.20904986089,73648.54063925572,-1.1032408028929999,-0.08486467714561538,1.324140381056,0.10185695238892307,0.2208995781630001,5.994309233487657,
3448305,1724.1525,-1947871.8221153845,788457.2162874328,1947871.8221153845,19448.998816723797,40461.636872069575,37794.035844828395,77298.76170781127,-1.19839490949,-0.09218422380692307,1.359339579947,0.10456458307284616,0.16094467045700012,8.44600555015071,
3452310,1726.155,-2018588.6201923077,841129.9230593441,2018588.6201923077,19665.624145015212,40630.284349148395,37676.22311729117,77208.55879078986,-1.209671452641,-0.09305165020315384,1.361302033062,0.10471554100476924,0.15163058042100008,8.97775388897388,
3456315,1728.1575,-2081582.6971153845,854039.4008894964,2081582.6971153845,19500.785335890945,40885.68907150377,37781.62956666097,78235.75759502329,-1.240180060254,-0.09539846617338463,1.374380972238,0.10572161324907693,0.13420091198399997,10.241219317510001,
3460320,1730.16,-2002173.3942307692,839049.7571830589,2002173.3942307692,20089.60095649788,41687.92721967933,37589.63668013279,77215.6638713531,-1.2122263610269999,-0.09324818161746153,1.368229854853,0.1052484503733077,0.1560034938260002,8.770507770672538,
3464325,1732.1625,-1974785.9375,783074.9487714765,1974785.9375,18761.272752337867,38717.05335423005,36198.09618579005,74261.85677600144,-1.2178225070109998,-0.09367865438546152,1.357424974438,0.104417305726,0.13960246742700022,9.72350273928943,
3468330,1734.165,-2093837.5048076923,819615.1560426224,2093837.5048076923,20669.37681507991,42370.06002331964,39821.082084106114,81775.79275892382,-1.232694163928,-0.09482262799446153,1.382004354158,0.10630802724292308,0.14931019023000003,9.255927890984108,
3472335,1736.1675,-2024067.1346153845,784943.8143638077,2024067.1346153845,22861.01176225704,47050.432740390475,43560.12129366779,89644.17148715648,-1.217206180096,-0.09363124462276923,1.374712828554,0.105747140658,0.1575066484580001,8.727966990679594,
3476340,1738.17,-2053827.5336538462,795222.8556549811,2053827.5336538462,21276.229969585667,44341.312074608104,39910.463911300154,82192.92087291314,-1.200118660922,-0.09231682007092308,1.38542016223,0.10657078170999999,0.18530150130799994,7.476572787865416,
3480345,1740.1725,-2040696.5,822801.1379572622,2040696.5,21110.9970493267,43768.00092576234,41049.60052087736,84213.13650588227,-1.2119356989960002,-0.09322582299969231,1.376777820297,0.10590598617669231,0.16484212130099984,8.352099629821065,
3484350,1742.175,-2212245.028846154,835508.1803682557,2212245.028846154,20780.96205381456,42953.15874931523,40110.343104157495,82398.22620848632,-1.236265286794,-0.09509732975338461,1.362280894057,0.10479083800438461,0.12601560726299987,10.810414072074916,
3488355,1744.1775,-1998136.1634615385,847637.4239826916,1998136.1634615385,25396.69583038575,52178.89314064281,48870.499361186325,101303.86670021934,-1.1603868156950001,-0.08926052428423079,1.318904314186,0.10145417801430769,0.15851749849099983,8.320244305778543,
3492360,1746.18,-2133820.403846154,873341.8113952943,2133820.403846154,25969.716288341042,53404.63832800139,51632.376721917804,106520.61208766028,-1.19923467934,-0.0922488214876923,1.3630088344279998,0.10484683341753845,0.16377415508799986,8.322490405739671,
3496365,1748.1825,-2209360.528846154,877528.2586083295,2209360.528846154,24203.745101474917,49677.441093084104,47680.720819300695,98023.20398754411,-1.21560041606,-0.0935077243123077,1.392937969411,0.10714907457007693,0.177337553351,7.854726441691631,
3500370,1750.185,-2225652.644230769,914643.0199656757,2225652.644230769,24612.701935570607,50946.05327581999,48766.85728977415,100569.11798972129,-1.2460430115510002,-0.09584946242700002,1.376450039443,0.10588077226484614,0.13040702789199976,10.55502959996102,
3504375,1752.1875,-2208002.596153846,897584.727819913,2208002.596153846,23747.940153845037,48661.769427088846,46496.3857607592,95414.93609843646,-1.2591343224159999,-0.0968564863396923,1.381729103618,0.10628685412446154,0.12259478120200007,11.270700841182771,
3508380,1754.19,-2208027.769230769,889288.1156466749,2208027.769230769,23236.644429033022,47821.81396598577,45423.13834502455,93332.5706812672,-1.2276244461449999,-0.09443264970346153,1.375221546741,0.10578627282623078,0.14759710059600017,9.317402179228635,
3512385,1756.1925,-2346815.5384615385,969715.3441871209,2346815.5384615385,21528.900181452274,44389.30866617757,41612.02892664125,85909.19881235583,-1.23538631201,-0.09502971630846153,1.4199120178840001,0.10922400137569231,0.1845257058740002,7.694927983928481,
3516390,1758.195,-2611721.1826923075,1068905.5962119675,2611721.1826923075,18528.63517329591,37342.27664453958,34455.95083683213,69613.64983398018,-1.3561859428736,-0.10432199560566155,1.493211947376,0.11486245749046153,0.13702600450239988,10.897288823376936,
3520395,1760.1975,-2328286.966346154,1006131.1873191034,2328286.966346154,27148.87769255533,55702.74924128341,52850.40809614561,108654.87912839868,-1.2433629632,-0.09564330486153846,1.378904134033,0.10606954877176923,0.13554117083299988,10.173323172277641,
3524400,1762.2,-2334465.730769231,960902.5213527936,2334465.730769231,25668.48485308233,53068.10768875572,49040.41039989699,100878.99320193435,-1.2182200551060003,-0.09370923500815387,1.3763505294960001,0.10587311765353848,0.15813047438999983,8.70389173753747,
3528405,1764.2025,-2370149.0384615385,977199.6570080947,2370149.0384615385,25016.176324756467,51686.02380548358,47510.01063352963,98048.8931131751,-1.200806573016,-0.09236973638584615,1.380284514273,0.10617573186715384,0.179477941257,7.6905524133270955,
3532410,1766.205,-2384745.2403846155,980717.1299876708,2384745.2403846155,24653.031422809385,50400.83869073933,47184.69045859373,96387.43093233896,-1.191993921996,-0.09169184015353847,1.375031396753,0.10577164590407692,0.18303747475699983,7.512294400796824,
3536415,1768.2075,-2304570.7403846155,949603.24293335,2304570.7403846155,22949.44212922983,47138.38325668254,45112.11864046902,92567.04311441297,-1.1996914744400002,-0.09228395957230771,1.357817415137,0.10444749347207692,0.1581259406969997,8.58693652130642,
3540420,1770.21,-2365743.269230769,998854.9077637992,2365743.269230769,23711.12274771257,48784.83011207752,46017.42737456754,94222.27274398168,-1.204793974742,-0.09267645959553847,1.368329193446,0.10525609180353847,0.163535218704,8.36718356015218,
3544425,1772.2125,-2336320.283653846,979292.1514586943,2336320.283653846,23656.427946364405,48551.43836858729,45785.80246480915,93936.7814380971,-1.203064098947,-0.0925433922266923,1.34110626578,0.10316202044461538,0.13804216683299986,9.715192803387668,
3548430,1774.215,-2273141.3076923075,976139.9212363961,2273141.3076923075,23894.40372813808,49300.83333557334,45161.889500456484,92650.61858888603,-1.1905565261729998,-0.0915812712440769,1.357899315654,0.10445379351184615,0.16734278948100023,8.114477593360384,
3552435,1776.2175,-2343307.8028846155,1074407.7491927014,2343307.8028846155,23952.519067811005,49327.440837996415,45500.644526585944,93358.01833116905,-1.197024241076,-0.09207878777507691,1.374768279494,0.10575140611492308,0.17774403841800002,7.734539463208113,
3556440,1778.22,-2356041.908653846,1026991.9789111996,2356041.908653846,23327.61810776605,47989.85613521757,44812.995961611,91985.46217118265,-1.209993794564,-0.0930764457356923,1.370840817692,0.10544929366861538,0.16084702312799992,8.52263716811907,
3560445,1780.2225,-2350213.355769231,1012980.3066490813,2350213.355769231,21735.29030633746,44333.762332916725,41942.962944618645,85526.36517004213,-1.250595763335,-0.09619967410269231,1.424409557136,0.10956996593353846,0.17381379380100004,8.195031740500475,
3564450,1782.225,-2296182.9615384615,973475.8768503052,2296182.9615384615,23769.941095093367,48981.143735963844,45531.432514649285,93870.94097672225,-1.1511074453630001,-0.08854672656638463,1.342253003277,0.10325023102130769,0.1911455579139998,7.022151170684837,
3568455,1784.2275,-2279263.591346154,984035.0417521577,2279263.591346154,22376.845795915768,45878.24013496571,43992.83875120985,90194.4791882713,-1.1765545904490002,-0.09050419926530771,1.3718066737149999,0.10552359028576921,0.19525208326599963,7.025823493243519,
3572460,1786.23,-2280521.216346154,970703.1099868821,2280521.216346154,22181.14571498949,45844.411920073755,44009.094407290606,90073.97890982579,-1.1368125230019999,-0.08744711715399998,1.363075934357,0.10485199495053846,0.22626341135500017,6.024287913781945,
3576465,1788.2325,-2429754.230769231,1008068.2992186894,2429754.230769231,21223.21528668185,43813.68998578718,42688.38385582813,87509.84624898419,-1.213945806036,-0.09338044661815384,1.353827945891,0.10414061122238462,0.1398821398550001,9.67834740942882,
3580470,1790.235,-2318137.3028846155,995520.6915689841,2318137.3028846155,22628.63519406664,46527.42810472011,44562.8416966196,91331.26491798229,-1.168158248054,-0.08985832677338462,1.360959619295,0.10468920148423076,0.19280137124099994,7.0588689828031,
3584475,1792.2375,-2357787.9423076925,972360.3783845403,2357787.9423076925,22713.688301816605,46700.11427175631,44863.54989859434,92137.01520867994,-1.2063650786759998,-0.09279731374430768,1.394221987569,0.10724784519761539,0.18785690889300022,7.42172324555347,
3588480,1794.24,-2315898.966346154,985116.8066238087,2315898.966346154,23152.498397368305,47661.03008795067,45390.599425057284,92990.83086198436,-1.172686949386,-0.09020668841430769,1.343031313267,0.10331010102053846,0.17034436388100005,7.884213382047797,
3592485,1796.2425,-2310109.908653846,980532.8321552569,2310109.908653846,22471.92426766644,45819.351714358505,43243.933872897294,88362.69487488571,-1.179153263582,-0.09070409719861537,1.374506954106,0.105731304162,0.1953536905240001,7.035991746145873,
3596490,1798.245,-2313579.971153846,981600.6801866739,2313579.971153846,21411.272464958616,43843.16995892508,40923.28912603785,83611.1850866281,-1.221746191377,-0.09398047625976923,1.383466806256,0.10642052355815385,0.16172061487900002,8.554671940192135,
3600495,1800.2475,-2194377.028846154,955099.8223277027,2194377.028846154,24399.713258774467,50490.26581216347,46542.507868958855,95554.84143182632,-1.1917025446910001,-0.09166942651469231,1.358580611656,0.10450620089661539,0.16687806696499985,8.141157411302839,
3604500,1802.25,-2295008.9375,991077.9285431213,2295008.9375,23526.046354557235,48567.38607444076,45588.93731082324,93134.36863639606,-1.181719571354,-0.09090150548876924,1.3447890915,0.10344531473076923,0.16306952014599996,8.246722565295947,
3608505,1804.2525,-2303746.235576923,1010316.0154330523,2303746.235576923,24499.45388361253,50889.59383076249,47765.18311299268,99196.20723774839,-1.180095151058,-0.09077655008138462,1.355625592171,0.10427889170546155,0.1755304411130001,7.723022762178885,
3612510,1806.255,-2219293.889423077,956092.7750107609,2219293.889423077,22509.25688639033,46281.8800194077,44132.52239672859,91265.32943491619,-1.193058237449,-0.091773710573,1.375309556722,0.10579304282476923,0.18225131927299998,7.546225520935081,
3616515,1808.2575,-2327834.1923076925,992372.0386223628,2327834.1923076925,23694.050736720696,48806.88683278863,46191.28058384056,95609.44296748252,-1.1792310327209998,-0.0907100794400769,1.360598616302,0.10466143202323078,0.18136758358100025,7.501884236630112,
3620520,1810.26,-2291035.5625,974582.5013212742,2291035.5625,22586.166484484278,46543.901679658564,44160.21152611972,90528.35579943778,-1.154379829759,-0.088798448443,1.348937179892,0.10376439845323077,0.19455735013300002,6.933365298046372,
3624525,1812.2625,-2299738.7403846155,987247.4485678438,2299738.7403846155,23230.59816288572,47848.67681753935,45430.44616205291,92912.13792288983,-1.166729345916,-0.08974841122430768,1.360245205455,0.10463424657346154,0.19351585953900008,7.029114867873989,
3628530,1814.265,-2354950.5721153845,1027406.5938713988,2354950.5721153845,23069.61049087829,47749.82480318049,45044.58418330217,92798.66620327371,-1.1798251122230001,-0.0907557778633077,1.364457171408,0.10495824395446154,0.18463205918499992,7.390142196490504,
3632535,1816.2675,-2336413.860576923,1016926.4450551701,2336413.860576923,23418.99590078819,48242.57580118577,44908.74509853867,92062.38935008922,-1.2103107720480002,-0.09310082861907694,1.348836872735,0.10375668251807692,0.13852610068699978,9.737059413681916,
3636540,1818.27,-2290743.043269231,993440.5684550281,2290743.043269231,20903.25046429502,43073.99604030926,41066.465082681054,84068.6038194671,-1.147357180732,-0.08825824467169231,1.338523745544,0.10296336504184615,0.191166564812,7.001871623630167,
3640545,1820.2725,-2200959.519230769,907466.8803022626,2200959.519230769,21899.733499753467,45046.82696599927,42740.05791453355,87539.60562764075,-1.188414081931,-0.09141646784084616,1.3581796623790001,0.10447535864453847,0.16976558044800005,8.000324086866458,
3644550,1822.275,-2386599.201923077,994943.9071701395,2386599.201923077,21809.953693187796,44962.07380398169,42842.18408953515,87664.29273711651,-1.1641879081639999,-0.08955291601261538,1.355542846019,0.10427252661684615,0.19135493785500013,7.083918822341378,
3648555,1824.2775,-2343124.826923077,989414.2588152318,2343124.826923077,21693.66082062336,44817.2268233621,41732.39878415949,85511.60272002692,-1.1574385762269999,-0.08903373663284614,1.3478200957239999,0.10367846890184615,0.190381519497,7.079574211220846,
3652560,1826.28,-2319636.625,1007922.211561451,2319636.625,21692.704665937978,44490.17429132452,42920.604774629646,87900.43226187909,-1.189101755612,-0.0914693658163077,1.367249578236,0.10517304447969231,0.17814782262399986,7.6748037562138895,
3656565,1828.2825,-2393886.769230769,1054419.6761092087,2393886.769230769,22301.92542961312,45860.86193614542,43753.062741937814,89616.45174868811,-1.185059413324,-0.09115841640953846,1.373919013888,0.10568607799138462,0.18885960056399997,7.274816899882259,
3660570,1830.285,-2354852.2596153845,1042822.5126479077,2354852.2596153845,21934.405600747465,45261.151045807834,42458.530648330605,86750.11953552961,-1.2000317722759999,-0.09231013632892307,1.370108395813,0.10539295352407693,0.17007662353700015,8.055830174185774,
3664575,1832.2875,-2340914.5576923075,1013558.2533515582,2340914.5576923075,22316.232436195558,46205.77901918901,42827.230024555705,87929.84328240759,-1.1998483985600001,-0.09229603065846155,1.360883023592,0.10468330950707692,0.16103462503199983,8.450872123442853,
3668580,1834.29,-2462141.033653846,1089611.9025337112,2462141.033653846,21497.344084123404,44263.857053413325,42818.61355776375,87774.60135914599,-1.2182898074459998,-0.09371460057276922,1.3720882683989999,0.10554525141530768,0.1537984609530001,8.921339393755716,
3672585,1836.2925,-2361564.9134615385,1053668.7892426471,2361564.9134615385,23436.830310664613,47731.94959644657,45609.57249334183,93189.83918290632,-1.201397433882,-0.0924151872216923,1.382594816383,0.10635344741407692,0.18119738250100004,7.6303244412229265,
3676590,1838.295,-2389045.778846154,1045509.8547130394,2389045.778846154,21863.600463583793,44744.95816605596,43769.66846094641,89713.96353972885,-1.212560221553,-0.09327386319638462,1.3829063549529999,0.10637741191946153,0.17034613339999982,8.118213940939391,
3680595,1840.2975,-2315481.25,981582.5684449564,2315481.25,22293.35512436217,45812.80718026404,43834.60251381298,89729.2380967771,-1.241997003547,-0.09553823104207693,1.374223668121,0.10570951293238462,0.132226664574,10.392939068291497,
3684600,1842.3,-2382427.8701923075,1045318.5817601343,2382427.8701923075,23261.984558140917,47540.510343821355,45736.61529934741,93671.37503590531,-1.216343894602,-0.09356491496938461,1.3777162656120001,0.10597817427784616,0.16137237101000013,8.537497819416831,
3688605,1844.3025,-2313063.860576923,986645.5379887465,2313063.860576923,20776.70624337735,42420.91712631495,42805.81807078213,87626.06122222342,-1.2050349712189998,-0.09269499778607691,1.364487044515,0.10496054188576923,0.15945207329600009,8.557349028519836,
3692610,1846.305,-2311636.2259615385,996193.0285713578,2311636.2259615385,21505.68491626058,43939.43322480212,42767.78865669885,87226.67085857328,-1.140686348082,-0.08774510369861538,1.352254621685,0.10401958628346154,0.211568273603,6.391575630202738,
3696615,1848.3075,-2388769.144230769,1043771.8784352108,2388769.144230769,23083.52734421528,47491.21505561283,45690.916480717446,93773.17048398072,-1.201277554038,-0.09240596569523077,1.37498559802,0.10576812292461539,0.17370804398200002,7.915497558434766,
3700620,1850.31,-2388857.471153846,1040863.3584851667,2388857.471153846,22692.005059920266,46413.32167547739,45190.00302281204,92477.42785221201,-1.221588686106,-0.0939683604696923,1.390015751119,0.10692428854761539,0.1684270650130002,8.252923905143811,
3704625,1852.3125,-2355308.721153846,1039131.5690595172,2355308.721153846,22922.46858842817,46924.62465293253,45102.36293544126,92348.64826418701,-1.188887178908,-0.091452859916,1.36721250043,0.10517019234076923,0.17832532152199998,7.666956597979985,
3708630,1854.315,-2426845.6346153845,1063186.1420411745,2426845.6346153845,22157.000491263603,45393.390148757375,43980.41129916468,90179.50706129495,-1.200985685009,-0.09238351423146153,1.368966832754,0.10530514098107693,0.16798114774500017,8.149526605402935,
3712635,1856.3175,-2411479.0865384615,1058848.8237685934,2411479.0865384615,22581.37443552599,46262.98086854662,44751.117667501756,91880.00779294471,-1.197460144753,-0.09211231882715384,1.3694485686739999,0.10534219759030769,0.1719884239209999,7.962446177790628,
3716640,1858.32,-2463167.3173076925,1153328.7688790103,2463167.3173076925,22878.42313405352,46868.256420637095,44792.08446955471,91901.65741394144,-1.2151286303939999,-0.09347143310723076,1.370018761607,0.10538605858515385,0.15489013121300022,8.845100400379879,
3720645,1860.3225,-2493842.408653846,1118179.492427286,2493842.408653846,22788.33850384926,46921.14219426054,44713.331085864564,91554.00796085238,-1.257820561533,-0.09675542781023078,1.399073995657,0.107621076589,0.14125343412399993,9.904707834776016,
3724650,1862.325,-2482238.480769231,1098456.383075009,2482238.480769231,22779.617967912527,46797.29060778142,44819.91999896985,91422.23023418387,-1.213427618156,-0.093340586012,1.387934539462,0.10676419534323077,0.17450692130599998,7.9534641323952995,
3728655,1864.3275,-2492522.769230769,1119215.953172601,2492522.769230769,23295.129888863627,47858.728758354686,45820.62016908918,93953.4547736439,-1.182838380335,-0.09098756771807692,1.38162488864,0.10627883758769231,0.198786508305,6.9502950699257715,
3732660,1866.33,-2452799.5673076925,1069885.1266767262,2452799.5673076925,22805.574490136933,46734.11723187467,43702.9772754279,89467.65271087665,-1.233013346785,-0.09484718052192308,1.384429339319,0.106494564563,0.15141599253399995,9.143217411517023,
3736665,1868.3325,-2411951.048076923,1063815.0040320104,2411951.048076923,22902.406029748225,46974.27364176142,44857.53003392133,91756.25290541103,-1.213247329005,-0.09332671761576924,1.385000992576,0.10653853789046154,0.17175366357099997,8.063880349215752,
3740670,1870.335,-2434872.6826923075,1084130.3113552725,2434872.6826923075,23069.244914416755,47317.36902313801,44604.715433604615,91139.31657784649,-1.224368914984,-0.09418222422953847,1.372325394298,0.10556349186907693,0.14795647931400002,9.275196332467388,
3744675,1872.3375,-2348661.846153846,1022275.1805186318,2348661.846153846,22850.712094573635,46791.84627224219,45022.34130254874,91829.59818550458,-1.178619757285,-0.0906630582526923,1.344386223695,0.10341432489961538,0.16576646641000004,8.110121744224491,
3748680,1874.34,-2433953.8365384615,1083013.0220145276,2433953.8365384615,23316.03865712758,47973.941154097236,45600.6851806338,93593.9193221569,-1.202826991679,-0.09252515320607692,1.36655570567,0.10511966966692307,0.16372871399099997,8.346463319470757,
3752685,1876.3425,-2466990.9759615385,1117423.0327504107,2466990.9759615385,22910.907436802925,47048.17793681991,44601.95100754729,91257.75679584366,-1.2121496051699998,-0.09324227732076922,1.380688071244,0.10620677471107692,0.16853846607400014,8.192124346484686,
3756690,1878.345,-2491260.3076923075,1144639.5581736653,2491260.3076923075,23418.85207038479,48137.25694565911,45591.796946633556,93571.9923100561,-1.196713089939,-0.09205485307223077,1.3610332682750002,0.10469486679038463,0.1643201783360002,8.282812750433932,
3760695,1880.3475,-2483868.6826923075,1125523.2018438664,2483868.6826923075,22595.991733277424,46450.1011568582,43962.70571639047,89714.13884790697,-1.201924487945,-0.09245572984192307,1.37568688393,0.10582206799461538,0.1737623959850001,7.917057520597006,
3764700,1882.35,-2464222.0721153845,1119918.706971025,2464222.0721153845,23384.01431128277,48050.50282617221,45621.58626724614,93396.05089970582,-1.233873561032,-0.09491335084861538,1.377230618149,0.10594081678069231,0.14335705711699998,9.606995608350008,
3768705,1884.3525,-2501898.528846154,1111777.9281560404,2501898.528846154,25312.27870264417,51933.326325741764,49527.821898432216,101299.7092773227,-1.229402050376,-0.09456938849046154,1.3897143826009999,0.10690110635392307,0.16031233222499996,8.668792745467153,
3772710,1886.355,-2480405.6201923075,1097816.3975949653,2480405.6201923075,26681.84228109083,55029.1147706535,52552.70659542389,107628.13233239918,-1.20385333895,-0.09260410299615383,1.377332262686,0.10594863559123077,0.17347892373600016,7.939478946629974,
3776715,1888.3575,-2525217.980769231,1107407.1006610885,2525217.980769231,25189.36687111657,51862.96239917363,49887.461810228364,102139.9910145644,-1.225868612539,-0.09429758557992307,1.375905059284,0.10583885071415386,0.15003644674500016,9.170472169488718,
3780720,1890.36,-2567304.1634615385,1133503.0554553128,2567304.1634615385,25143.991779708533,51611.54586223199,49096.76637516843,100407.22793403824,-1.210366412989,-0.09310510869146153,1.383027248082,0.10638671139092308,0.17266083509300012,8.010080846284923,
3784725,1892.3625,-2569650.9423076925,1151309.5397532114,2569650.9423076925,25833.20206764775,53227.18996484605,50464.67690947769,103483.10053381801,-1.20857903361,-0.09296761797,1.3722228817720001,0.10555560629015386,0.16364384816200017,8.385422960804247,
3788730,1894.365,-2583786.9326923075,1147968.1851794089,2583786.9326923075,26242.509572691153,53923.17164738843,51009.4179046074,103989.73799131818,-1.207744106634,-0.092903392818,1.392793234444,0.10713794111107691,0.18504912780999994,7.526613342777043,
3792735,1896.3675,-2643162.548076923,1155929.6135676538,2643162.548076923,25726.77167765899,52955.905679983465,51050.486715679304,104612.29759925143,-1.2279992997640001,-0.09446148459723078,1.393019557004,0.10715535053876923,0.1650202572399999,8.441506396260426,
3796740,1898.37,-2575546.1634615385,1104467.2161537975,2575546.1634615385,26215.398910200547,54026.06964863575,51339.55737272567,105159.57439158954,-1.25069570542,-0.09620736195538462,1.38427884876,0.10648298836615384,0.13358314333999988,10.362676114281062,
3800745,1900.3725,-2641679.9326923075,1174794.8075445392,2641679.9326923075,25308.23794765046,51878.922793137244,49658.866598209126,101415.87613213167,-1.24086049198,-0.09545080707538461,1.380837045621,0.10621823427853846,0.13997655364100003,9.864773847500585,
3804750,1902.375,-2537448.894230769,1129016.430502125,2537448.894230769,29097.374807067747,60130.97915398372,56660.88902167928,116458.36482999318,-1.2358023971360002,-0.09506172285661539,1.395367763946,0.10733598184200001,0.1595653668099999,8.744803410927597,
3808755,1904.3775,-2664132.519230769,1184683.0769311632,2664132.519230769,27623.942440312272,56907.32672028242,54301.20151782523,111286.55228962441,-1.256446361529,-0.09664972011761538,1.4121511988409998,0.10862701529546152,0.1557048373119998,9.06941122202482,
3812760,1906.38,-2680379.375,1182327.0784697668,2680379.375,27711.142542202528,57199.57440804449,54115.67201917422,110895.24506436828,-1.2467699050919998,-0.09590537731476921,1.412200540292,0.1086308107916923,0.16543063520000012,8.53651162364635,
3816765,1908.3825,-2668052.6923076925,1164115.2190282538,2668052.6923076925,27506.726948325566,56684.501956956,53963.73730258957,110769.59256870866,-1.248671680704,-0.09605166774646154,1.412536285814,0.1086566373703077,0.16386460511000012,8.620142738364905,
3820770,1910.385,-2729905.2115384615,1214016.1938853473,2729905.2115384615,27366.288758008384,56186.75697706467,53381.754433480106,109340.14001221923,-1.2221746146710002,-0.09401343189776924,1.400626469406,0.10774049764661539,0.1784518547349998,7.848763866791544,
3824775,1912.3875,-2763818.3653846155,1247037.9543405976,2763818.3653846155,25826.580389796924,53166.60691259749,50889.65973958629,104485.41366878815,-1.198071494715,-0.09215934574730769,1.386395275594,0.1066457904303077,0.18832378087900015,7.361764239879894,
3828780,1914.39,-2724686.153846154,1199759.593802812,2724686.153846154,26388.101735852277,54412.09414030742,51322.9663712397,105254.57316770923,-1.2346761226740002,-0.09497508635953847,1.393574636427,0.10719804895592308,0.1588985137529999,8.770218194697811,
3832785,1916.3925,-2696758.798076923,1189709.8639796502,2696758.798076923,26529.974859449016,54913.23978127418,51437.98095476949,105462.48826755202,-1.237064674487,-0.09515882111438462,1.402654375874,0.10789649045184616,0.16558970138700002,8.470661907867408,
3836790,1918.395,-2703856.903846154,1209599.8998480388,2703856.903846154,26755.265987615923,55273.83456893357,51890.73955662528,106497.60553782506,-1.194543272251,-0.0918879440193077,1.385322667659,0.10656328212761539,0.19077939540799993,7.2613851443252315,
3840795,1920.3975,-2722750.423076923,1214529.328502248,2722750.423076923,26307.39266849498,54458.598142972856,51326.582005514894,105276.63445711846,-1.2026403099340002,-0.09251079307184616,1.386233106254,0.10663331586569232,0.18359279631999992,7.550585502482425,
3844800,1922.4,-2759793.7884615385,1230056.422443494,2759793.7884615385,25982.10749226419,53610.33006851949,50580.97113067423,103667.48194332086,-1.1931683868170002,-0.09178218360130772,1.392718926074,0.10713222508261538,0.19955053925699984,6.979279190422665,
3848805,1924.4025,-2747536.019230769,1264489.2766029807,2747536.019230769,26384.661362305436,54387.701326328424,51546.008077026025,105831.9971130382,-1.2100016772879998,-0.0930770520990769,1.399204138664,0.10763108758953846,0.18920246137600016,7.395274503767557,
3852810,1926.405,-2793251.7115384615,1273066.2736840008,2793251.7115384615,26413.113707314096,54433.614842189854,51795.56189715819,105985.3645737797,-1.189285486952,-0.09148349899630769,1.3892466686690002,0.10686512835915386,0.19996118171700017,6.947581809329196,
3856815,1928.4075,-2767787.8173076925,1243238.0358228644,2767787.8173076925,25931.055234977044,53518.14251922279,50780.363660306386,104151.44768502681,-1.220849990836,-0.09391153775661538,1.383056040848,0.10638892621907692,0.16220605001199995,8.526537948157186,
3860820,1930.41,-2689235.1923076925,1210358.8158065772,2689235.1923076925,25870.750694463444,53107.90912179127,50490.62239967049,103273.98087659814,-1.244079649445,-0.09569843457269231,1.403794344509,0.10798418034684615,0.15971469506400005,8.789387500921432,
3864825,1932.4125,-2711098.278846154,1223989.6132019144,2711098.278846154,26206.213446199374,54145.93031789423,50573.993592178915,103665.14179182031,-1.2044755965479998,-0.09265196896523076,1.3774360381019999,0.10595661831553846,0.17296044155400003,7.963879056541089,
3868830,1934.415,-2686707.269230769,1213965.2154125946,2686707.269230769,26153.469876023606,53773.54086016977,50561.72258685922,103554.9689387947,-1.196114882834,-0.09200883714107692,1.38047405333,0.10619031179461538,0.18435917049599992,7.487959777731547,
3872835,1936.4175,-2860395.7884615385,1258131.4951197256,2860395.7884615385,25129.390736103847,51630.93561573992,48368.041177910934,99050.65782133253,-1.2297913432060001,-0.09459933409276924,1.396740540872,0.10744158006707692,0.1669491976659998,8.366260876954513,
3876840,1938.42,-2910208.451923077,1293027.993061826,2910208.451923077,24118.268255221305,49719.56270704221,46589.11474050392,95546.80533077299,-1.223910108209,-0.09414693140069232,1.388813186424,0.10683178357107694,0.16490307821500005,8.421996735641711,
3880845,1940.4225,-2870613.7596153845,1287378.7205911262,2870613.7596153845,23460.166137836997,48220.17558186062,45536.55351283651,93137.97644388492,-1.228964194655,-0.09453570728115385,1.400532431907,0.10773326399284616,0.171568237252,8.163121882810357,
3884850,1942.425,-2774387.605769231,1286000.6231182576,2774387.605769231,24220.134783703154,49513.007737970875,47096.69956252899,96155.81662863564,-1.2015138864600001,-0.0924241451123077,1.37685046718,0.10591157439846154,0.1753365807199998,7.852613878553576,
3888855,1944.4275,-2772877.8076923075,1265944.1086123118,2772877.8076923075,24262.86269073431,49891.497902706236,47025.491242952055,96290.69525726042,-1.219484254716,-0.093806481132,1.378981601452,0.106075507804,0.1594973467359999,8.645796495502154,
3892860,1946.43,-2798705.8076923075,1271845.3500824645,2798705.8076923075,24493.01059610647,50392.52308724271,47897.089160711694,98123.95458313383,-1.214511588219,-0.09342396832453846,1.386596377934,0.10666125984107692,0.17208478971499996,8.057634728963706,
3896865,1948.4325,-2770004.1634615385,1252337.9674564435,2770004.1634615385,24472.827759890366,50378.31824585297,47562.02574500091,97489.66980913041,-1.227890744792,-0.09445313421476922,1.390270773329,0.10694390564069231,0.16238002853700007,8.561833532454465,
3900870,1950.435,-2817501.4903846155,1278818.399214181,2817501.4903846155,24853.82158218917,51128.06464553203,48020.77932491034,98436.45654421912,-1.225580140935,-0.09427539545653846,1.393304623658,0.10717727874292307,0.167724482723,8.307103417686896,
3904875,1952.4375,-2744111.6923076925,1244730.9249977616,2744111.6923076925,25307.70193192752,52299.52114274996,48811.775356024336,100032.66837605329,-1.2065102309,-0.0928084793,1.377242207521,0.10594170827084616,0.17073197662100004,8.066691634328558,
3908880,1954.44,-2748526.701923077,1258527.8748344248,2748526.701923077,25396.093630036605,52256.76894261252,49095.02322758188,100533.5613451485,-1.213124304998,-0.09331725423061539,1.374467819929,0.1057282938406923,0.16134351493099985,8.518891016579158,
3912885,1956.4425,-2699311.153846154,1238997.6071949075,2699311.153846154,26999.222275257347,55733.0604255264,51192.0388787789,104854.95562871434,-1.207256227727,-0.0928658636713077,1.378820668903,0.10606312837715384,0.171564441176,8.036750852634619,
3916890,1958.445,-2798192.2403846155,1285803.237274093,2798192.2403846155,25860.482002520832,53157.524256036595,49562.10763149605,101358.53480966299,-1.218684300771,-0.09374494621315385,1.391598954789,0.10704607344530769,0.172914654018,8.047894857101804,
3920895,1960.4475,-2751841.173076923,1250401.549324795,2751841.173076923,26405.542697573117,54403.920174389204,50694.27608608443,103872.93774408051,-1.215001344691,-0.0934616418993077,1.383176065984,0.10639815892184615,0.16817472129300004,8.224637182981745,
3924900,1962.45,-2762671.076923077,1262827.8955014532,2762671.076923077,26346.67531873961,54306.5678662141,50609.67721102726,103776.12511223911,-1.220610052358,-0.09389308095061538,1.379947472367,0.1061498055666923,0.15933742000900009,8.660536064215515,
3928905,1964.4525,-2767435.096153846,1266696.377548123,2767435.096153846,25776.39906838937,53186.46479593965,49543.22439157684,101356.08147670756,-1.212181761863,-0.09324475091253846,1.377543520186,0.10596488616815385,0.16536175832300004,8.330484231398007,
3932910,1966.455,-2793551.4423076925,1288036.7411698396,2793551.4423076925,25569.65538179008,52648.85598787224,49176.22263258177,100638.45362335142,-1.215718820697,-0.09351683236130769,1.387867767358,0.10675905902753846,0.172148946661,8.062017190793643,
3936915,1968.4575,-2779444.0865384615,1279349.3041585116,2779444.0865384615,25810.17113506309,53246.038337683174,49560.881658755985,101520.47613835886,-1.220970466743,-0.09392080513407691,1.391964666552,0.10707420511938462,0.1709941998090001,8.140420365759889,
3940920,1970.46,-2763896.480769231,1270201.2109120805,2763896.480769231,25946.675561659835,53562.40955152767,49870.39091239964,102358.87518562033,-1.211571618906,-0.09319781683892307,1.387647107241,0.10674208517238461,0.17607548833499997,7.880978325619478,
3944925,1972.4625,-2784938.5673076925,1281588.9272350497,2784938.5673076925,26002.887661195302,53695.2741497473,50009.20348999424,102620.94547121384,-1.235413342702,-0.09503179559246154,1.401824366289,0.1078326435606923,0.166411023587,8.423867217883696,
3948930,1974.465,-2667959.3076923075,1218232.8194371255,2667959.3076923075,26684.860015664042,54915.155853217715,51580.2513677644,105514.53811708877,-1.1999500542889998,-0.09230385032992307,1.3891449570710002,0.10685730439007693,0.18919490278200035,7.342401600912267,
3952935,1976.4675,-2769662.2884615385,1256684.6126917752,2769662.2884615385,25892.15966726845,53326.90056251877,50053.084441652536,102490.36708543621,-1.212950557468,-0.093303889036,1.393600031741,0.10720000244161539,0.18064947427300004,7.714387419887931,
3956940,1978.47,-2739671.7403846155,1249556.4501553332,2739671.7403846155,25892.261302393305,53171.612655749814,49961.895638313414,102230.77812173936,-1.21381674708,-0.09337051900615385,1.383046194905,0.10638816883884615,0.16922944782499982,8.172609511408487,
3960945,1980.4725,-2755257.9423076925,1255478.9326742147,2755257.9423076925,25953.165795460434,53383.60735110134,50071.15181128541,102468.4358740514,-1.2162094712259999,-0.09355457470969229,1.387793526061,0.10675334815853846,0.17158405483500005,8.08812641358511,
3964950,1982.475,-2764170.7884615385,1258086.52884331,2764170.7884615385,25922.205816942176,53326.14397358201,50180.739363067434,102714.90440307048,-1.2255412340060001,-0.09427240261584616,1.3947021514190001,0.10728478087838463,0.169160917413,8.244824943895802,
3968955,1984.4775,-2776729.096153846,1271506.9420585898,2776729.096153846,26291.254938886497,54170.090746403475,50846.767494865344,104179.31639982799,-1.1992376446820001,-0.09224904959092309,1.38310930133,0.10639302317923077,0.18387165664799987,7.522145210111399,
3972960,1986.48,-2788742.403846154,1276569.4590800516,2788742.403846154,26213.923126316586,53996.57822607567,50676.68440365261,103862.92552310434,-1.220705211171,-0.09390040085930769,1.393002457908,0.10715403522369231,0.1722972467370001,8.084879383094975,
3976965,1988.4825,-2769668.3173076925,1266830.3106919061,2769668.3173076925,26269.978155700202,54006.14790243999,50962.254270338584,104283.95565913376,-1.2220361828729998,-0.09400278329792305,1.39135851711,0.10702757823923077,0.16932233423700027,8.217217907960784,
3980970,1990.485,-2785049.75,1277192.193602538,2785049.75,26174.45050683459,53891.205465002204,50793.46229164018,104093.85775871137,-1.2201404422450002,-0.09385695709576924,1.391665719441,0.10705120918776924,0.17152527719599986,8.113473082167129,
3984975,1992.4875,-2740361.596153846,1259345.165571875,2740361.596153846,27145.490569638838,55831.246838416846,52331.004726247425,107205.28782597437,-1.199367448684,-0.09225903451415385,1.381003111609,0.10623100858530769,0.181635662925,7.6031495652879375,
3988980,1994.49,-2782052.7884615385,1277640.8517428942,2782052.7884615385,26681.176756986933,54944.99268529135,51446.51051667311,105368.51866063356,-1.197049111118,-0.09208070085523076,1.387681119148,0.10674470147292309,0.19063200803000013,7.279371043133628,
3992985,1996.4925,-2780030.0865384615,1275186.7404610096,2780030.0865384615,26719.082665003407,55005.94405944715,51470.209992614655,105415.021795266,-1.217604920262,-0.09366191694323077,1.3829352520509999,0.10637963477315383,0.1653303317889998,8.364679590771939,
3996990,1998.495,-2785301.701923077,1275933.2464519776,2785301.701923077,26500.70415972946,54532.733162191995,51168.69519088465,104827.76038688912,-1.209110170613,-0.09300847466253846,1.382325705155,0.10633274655038462,0.1732155345419999,7.980379524330855,
