Training set losses. Units: meV (U), meV/Å (F), meV (σ), % (R2)
    Step |      Loss |   U R2 |     U MAE |    U RMSE |   F R2 |     F MAE |    F RMSE
    9004 |  7.41e-03 |     -- |  1.77e+01 |  9.22e+01 |     -- |  4.59e+01 |  7.94e+01
   18004 |  3.32e-04 |     -- |  6.68e+00 |  8.48e+00 |     -- |  1.66e+01 |  2.44e+01
   27014 |  1.20e-04 |     -- |  5.22e+00 |  6.62e+00 |     -- |  9.66e+00 |  1.40e+01
   36024 |  7.66e-05 |     -- |  4.57e+00 |  6.15e+00 |     -- |  7.38e+00 |  1.07e+01
   45024 |  7.26e-05 |     -- |  4.49e+00 |  6.35e+00 |     -- |  6.75e+00 |  1.02e+01
   54025 |  2.90e-04 |     -- |  5.65e+00 |  1.39e+01 |     -- |  1.04e+01 |  1.97e+01
   63025 |  3.93e-05 |     -- |  2.80e+00 |  4.25e+00 |     -- |  5.35e+00 |  7.78e+00
   72025 |  3.58e-05 |     -- |  3.11e+00 |  4.29e+00 |     -- |  4.99e+00 |  7.29e+00
   81026 |  4.53e-05 |     -- |  3.80e+00 |  5.16e+00 |     -- |  5.32e+00 |  7.99e+00
   90038 |  6.05e-05 |     -- |  4.24e+00 |  6.14e+00 |     -- |  5.65e+00 |  9.13e+00
   99039 |  3.94e-05 |     -- |  3.85e+00 |  5.10e+00 |     -- |  4.84e+00 |  7.27e+00
  108041 |  7.92e-05 |     -- |  4.41e+00 |  7.02e+00 |     -- |  5.96e+00 |  1.05e+01
  117053 |  2.13e-05 |     -- |  2.05e+00 |  3.05e+00 |     -- |  4.00e+00 |  5.78e+00
  126063 |  3.22e-05 |     -- |  2.82e+00 |  4.33e+00 |     -- |  4.44e+00 |  6.75e+00
  135063 |  3.49e-04 |     -- |  5.94e+00 |  1.66e+01 |     -- |  9.47e+00 |  2.06e+01
  144065 |  2.71e-05 |     -- |  2.01e+00 |  2.94e+00 |     -- |  4.73e+00 |  6.74e+00
  153076 |  2.11e-05 |     -- |  2.55e+00 |  3.28e+00 |     -- |  3.93e+00 |  5.60e+00
  162086 |  2.34e-05 |     -- |  2.85e+00 |  3.67e+00 |     -- |  3.94e+00 |  5.78e+00
  171090 |  2.55e-05 |     -- |  2.92e+00 |  4.02e+00 |     -- |  3.96e+00 |  5.90e+00
  180102 |  2.76e-05 |     -- |  2.77e+00 |  4.27e+00 |     -- |  4.03e+00 |  6.08e+00
  189104 |  2.42e-05 |     -- |  2.70e+00 |  3.59e+00 |     -- |  3.88e+00 |  5.96e+00
  198116 |  3.58e-05 |     -- |  2.91e+00 |  4.62e+00 |     -- |  4.35e+00 |  7.09e+00
  207127 |  1.55e-05 |     -- |  1.57e+00 |  2.40e+00 |     -- |  3.39e+00 |  5.01e+00
  216128 |  2.32e-05 |     -- |  2.23e+00 |  3.10e+00 |     -- |  3.89e+00 |  6.07e+00
  225128 |  3.68e-05 |     -- |  2.73e+00 |  4.25e+00 |     -- |  4.34e+00 |  7.45e+00
  234130 |  1.13e-05 |     -- |  1.38e+00 |  1.80e+00 |     -- |  2.99e+00 |  4.40e+00
  243131 |  3.72e-05 |     -- |  2.40e+00 |  4.86e+00 |     -- |  3.88e+00 |  7.13e+00
  252131 |  2.37e-04 |     -- |  2.93e+00 |  1.43e+01 |     -- |  7.62e+00 |  1.64e+01
  261143 |  1.45e-05 |     -- |  6.83e-01 |  8.88e-01 |     -- |  3.71e+00 |  5.31e+00
  270154 |  1.48e-05 |     -- |  1.67e+00 |  2.52e+00 |     -- |  3.36e+00 |  4.83e+00
  279166 |  1.53e-05 |     -- |  1.65e+00 |  2.62e+00 |     -- |  3.31e+00 |  4.88e+00
  288176 |  1.69e-05 |     -- |  2.14e+00 |  2.82e+00 |     -- |  3.40e+00 |  5.08e+00
  297176 |  1.53e-05 |     -- |  2.02e+00 |  2.56e+00 |     -- |  3.27e+00 |  4.90e+00
  306188 |  1.72e-05 |     -- |  1.80e+00 |  2.76e+00 |     -- |  3.21e+00 |  5.18e+00
  315188 |  1.91e-05 |     -- |  1.85e+00 |  2.82e+00 |     -- |  3.48e+00 |  5.50e+00
  324198 |  1.19e-05 |     -- |  1.54e+00 |  2.16e+00 |     -- |  2.89e+00 |  4.37e+00
  333199 |  1.22e-05 |     -- |  1.66e+00 |  2.38e+00 |     -- |  2.90e+00 |  4.33e+00
  342211 |  1.59e-05 |     -- |  1.55e+00 |  2.46e+00 |     -- |  3.17e+00 |  5.08e+00
  351223 |  1.21e-05 |     -- |  1.56e+00 |  2.23e+00 |     -- |  2.87e+00 |  4.38e+00
  360223 |  1.06e-05 |     -- |  1.76e+00 |  2.22e+00 |     -- |  2.74e+00 |  4.03e+00
  369234 |  1.07e-05 |     -- |  1.49e+00 |  2.12e+00 |     -- |  2.72e+00 |  4.10e+00
  378246 |  9.46e-06 |     -- |  1.52e+00 |  2.06e+00 |     -- |  2.59e+00 |  3.84e+00
  387248 |  1.42e-05 |     -- |  1.50e+00 |  2.29e+00 |     -- |  2.97e+00 |  4.82e+00
  396248 |  1.05e-05 |     -- |  1.32e+00 |  1.95e+00 |     -- |  2.63e+00 |  4.15e+00
  405249 |  8.39e-06 |     -- |  1.42e+00 |  1.89e+00 |     -- |  2.43e+00 |  3.64e+00
  414251 |  1.27e-05 |     -- |  1.67e+00 |  2.28e+00 |     -- |  2.90e+00 |  4.49e+00
  423253 |  7.81e-06 |     -- |  1.21e+00 |  1.64e+00 |     -- |  2.43e+00 |  3.60e+00
  432256 |  8.61e-06 |     -- |  1.31e+00 |  1.75e+00 |     -- |  2.51e+00 |  3.76e+00
  441268 |  1.05e-05 |     -- |  1.42e+00 |  1.87e+00 |     -- |  2.68e+00 |  4.18e+00
  450271 |  1.85e-05 |     -- |  1.84e+00 |  4.25e+00 |     -- |  2.66e+00 |  4.34e+00
  459282 |  5.81e-06 |     -- |  8.15e-01 |  1.08e+00 |     -- |  2.19e+00 |  3.23e+00
  468294 |  7.01e-06 |     -- |  9.96e-01 |  1.31e+00 |     -- |  2.33e+00 |  3.51e+00
  477294 |  8.15e-06 |     -- |  1.18e+00 |  1.59e+00 |     -- |  2.39e+00 |  3.71e+00
  486305 |  7.90e-06 |     -- |  1.14e+00 |  1.62e+00 |     -- |  2.31e+00 |  3.63e+00
  495305 |  1.09e-05 |     -- |  1.09e+00 |  1.64e+00 |     -- |  2.56e+00 |  4.38e+00
  504316 |  5.23e-06 |     -- |  1.03e+00 |  1.34e+00 |     -- |  2.02e+00 |  2.95e+00
  513318 |  7.59e-06 |     -- |  1.26e+00 |  1.65e+00 |     -- |  2.30e+00 |  3.53e+00
  522318 |  5.54e-06 |     -- |  1.11e+00 |  1.44e+00 |     -- |  2.05e+00 |  3.00e+00
  531319 |  1.46e-05 |     -- |  1.27e+00 |  2.92e+00 |     -- |  2.56e+00 |  4.56e+00
  540320 |  5.79e-06 |     -- |  5.78e-01 |  8.64e-01 |     -- |  2.10e+00 |  3.29e+00
  549320 |  5.15e-06 |     -- |  8.68e-01 |  1.16e+00 |     -- |  2.00e+00 |  2.99e+00
  558332 |  7.23e-06 |     -- |  1.05e+00 |  1.47e+00 |     -- |  2.27e+00 |  3.51e+00
  567332 |  4.80e-06 |     -- |  9.74e-01 |  1.28e+00 |     -- |  1.95e+00 |  2.82e+00
  576332 |  7.01e-06 |     -- |  1.13e+00 |  1.54e+00 |     -- |  2.24e+00 |  3.41e+00
  585332 |  6.01e-06 |     -- |  1.17e+00 |  1.47e+00 |     -- |  2.09e+00 |  3.14e+00
  594334 |  7.57e-06 |     -- |  1.15e+00 |  1.65e+00 |     -- |  2.24e+00 |  3.53e+00
  603336 |  5.49e-06 |     -- |  9.17e-01 |  1.27e+00 |     -- |  2.00e+00 |  3.06e+00
  612345 |  1.42e-05 |     -- |  1.26e+00 |  2.14e+00 |     -- |  2.61e+00 |  4.88e+00
  621355 |  3.01e-06 |     -- |  6.23e-01 |  8.13e-01 |     -- |  1.64e+00 |  2.32e+00
  630355 |  4.08e-06 |     -- |  1.05e+00 |  1.36e+00 |     -- |  1.75e+00 |  2.51e+00
  639355 |  5.14e-06 |     -- |  1.02e+00 |  1.37e+00 |     -- |  1.93e+00 |  2.90e+00
  648366 |  4.95e-06 |     -- |  1.16e+00 |  1.50e+00 |     -- |  1.90e+00 |  2.77e+00
  657366 |  4.70e-06 |     -- |  9.42e-01 |  1.21e+00 |     -- |  1.90e+00 |  2.82e+00
  666377 |  7.38e-06 |     -- |  1.13e+00 |  1.72e+00 |     -- |  2.13e+00 |  3.44e+00
  675377 |  4.85e-06 |     -- |  9.13e-01 |  1.21e+00 |     -- |  1.88e+00 |  2.87e+00
  684377 |  1.13e-05 |     -- |  1.32e+00 |  2.16e+00 |     -- |  2.39e+00 |  4.24e+00
  693389 |  3.18e-06 |     -- |  5.76e-01 |  7.48e-01 |     -- |  1.68e+00 |  2.41e+00
  702389 |  3.55e-06 |     -- |  7.92e-01 |  1.04e+00 |     -- |  1.69e+00 |  2.45e+00
  711401 |  6.25e-06 |     -- |  1.10e+00 |  1.67e+00 |     -- |  1.98e+00 |  3.12e+00
  720401 |  4.56e-06 |     -- |  8.05e-01 |  1.21e+00 |     -- |  1.82e+00 |  2.77e+00
  729403 |  5.77e-06 |     -- |  9.30e-01 |  1.36e+00 |     -- |  1.93e+00 |  3.11e+00
  738406 |  3.85e-06 |     -- |  8.31e-01 |  1.13e+00 |     -- |  1.72e+00 |  2.54e+00
  747406 |  6.83e-06 |     -- |  9.82e-01 |  1.47e+00 |     -- |  2.01e+00 |  3.39e+00
  756408 |  4.09e-06 |     -- |  8.64e-01 |  1.25e+00 |     -- |  1.74e+00 |  2.58e+00
  765408 |  4.08e-06 |     -- |  1.02e+00 |  1.31e+00 |     -- |  1.74e+00 |  2.54e+00
  774420 |  4.13e-06 |     -- |  8.77e-01 |  1.15e+00 |     -- |  1.77e+00 |  2.63e+00
  783420 |  4.75e-06 |     -- |  8.84e-01 |  1.35e+00 |     -- |  1.83e+00 |  2.77e+00
  792423 |  6.03e-06 |     -- |  8.20e-01 |  1.24e+00 |     -- |  1.91e+00 |  3.24e+00
  801435 |  3.87e-06 |     -- |  8.33e-01 |  1.18e+00 |     -- |  1.67e+00 |  2.52e+00
  810438 |  8.62e-06 |     -- |  1.13e+00 |  1.63e+00 |     -- |  2.18e+00 |  3.82e+00
  819450 |  2.67e-06 |     -- |  6.26e-01 |  8.02e-01 |     -- |  1.52e+00 |  2.17e+00
  828462 |  4.29e-06 |     -- |  8.85e-01 |  1.20e+00 |     -- |  1.77e+00 |  2.67e+00
  837463 |  3.73e-06 |     -- |  8.13e-01 |  1.11e+00 |     -- |  1.69e+00 |  2.50e+00
  846475 |  8.49e-06 |     -- |  9.66e-01 |  1.81e+00 |     -- |  2.09e+00 |  3.70e+00
  855476 |  2.86e-06 |     -- |  5.82e-01 |  7.65e-01 |     -- |  1.56e+00 |  2.27e+00
  864487 |  5.35e-06 |     -- |  1.02e+00 |  1.49e+00 |     -- |  1.78e+00 |  2.91e+00
  873498 |  3.10e-06 |     -- |  6.40e-01 |  8.88e-01 |     -- |  1.59e+00 |  2.33e+00
  882498 |  3.86e-06 |     -- |  8.28e-01 |  1.10e+00 |     -- |  1.70e+00 |  2.55e+00
  891498 |  3.13e-06 |     -- |  7.72e-01 |  1.10e+00 |     -- |  1.55e+00 |  2.25e+00
  900498 |  8.23e-06 |     -- |  9.31e-01 |  1.86e+00 |     -- |  1.98e+00 |  3.61e+00
  909498 |  3.05e-06 |     -- |  6.42e-01 |  8.59e-01 |     -- |  1.57e+00 |  2.32e+00
  918500 |  3.92e-06 |     -- |  9.23e-01 |  1.28e+00 |     -- |  1.67e+00 |  2.49e+00
  927511 |  3.27e-06 |     -- |  7.41e-01 |  1.01e+00 |     -- |  1.58e+00 |  2.35e+00
  936511 |  3.65e-06 |     -- |  7.84e-01 |  1.09e+00 |     -- |  1.65e+00 |  2.47e+00
  945521 |  3.70e-06 |     -- |  8.07e-01 |  1.17e+00 |     -- |  1.61e+00 |  2.46e+00
  954523 |  1.49e-05 |     -- |  1.36e+00 |  2.68e+00 |     -- |  2.35e+00 |  4.76e+00
  963534 |  1.98e-06 |     -- |  3.54e-01 |  4.47e-01 |     -- |  1.38e+00 |  1.94e+00
  972534 |  1.98e-06 |     -- |  4.17e-01 |  5.22e-01 |     -- |  1.36e+00 |  1.92e+00
  981546 |  4.61e-06 |     -- |  8.62e-01 |  1.24e+00 |     -- |  1.74e+00 |  2.77e+00
  990557 |  2.99e-06 |     -- |  7.65e-01 |  1.01e+00 |     -- |  1.53e+00 |  2.23e+00
  999568 |  3.61e-06 |     -- |  8.63e-01 |  1.12e+00 |     -- |  1.63e+00 |  2.44e+00
 1008568 |  4.53e-06 |     -- |  7.94e-01 |  1.21e+00 |     -- |  1.71e+00 |  2.76e+00
 1017579 |  3.02e-06 |     -- |  7.24e-01 |  9.72e-01 |     -- |  1.53e+00 |  2.26e+00
 1026581 |  3.99e-06 |     -- |  8.22e-01 |  1.17e+00 |     -- |  1.67e+00 |  2.57e+00
 1035593 |  3.19e-06 |     -- |  7.63e-01 |  1.06e+00 |     -- |  1.54e+00 |  2.30e+00
 1044605 |  4.46e-06 |     -- |  8.87e-01 |  1.29e+00 |     -- |  1.72e+00 |  2.69e+00
 1053606 |  2.73e-06 |     -- |  6.31e-01 |  8.81e-01 |     -- |  1.45e+00 |  2.16e+00
 1062617 |  3.07e-06 |     -- |  7.96e-01 |  1.03e+00 |     -- |  1.54e+00 |  2.25e+00
 1071619 |  3.06e-06 |     -- |  7.52e-01 |  9.83e-01 |     -- |  1.53e+00 |  2.27e+00
 1080631 |  4.10e-06 |     -- |  8.04e-01 |  1.38e+00 |     -- |  1.61e+00 |  2.51e+00
 1089632 |  2.89e-06 |     -- |  6.08e-01 |  8.58e-01 |     -- |  1.49e+00 |  2.24e+00
 1098644 |  3.01e-06 |     -- |  6.85e-01 |  9.48e-01 |     -- |  1.51e+00 |  2.26e+00
 1107645 |  4.03e-06 |     -- |  9.20e-01 |  1.25e+00 |     -- |  1.67e+00 |  2.55e+00
 1116648 |  3.16e-06 |     -- |  7.62e-01 |  1.00e+00 |     -- |  1.53e+00 |  2.31e+00
 1125658 |  2.95e-06 |     -- |  7.34e-01 |  9.62e-01 |     -- |  1.49e+00 |  2.23e+00
 1134668 |  5.00e-06 |     -- |  1.02e+00 |  1.61e+00 |     -- |  1.67e+00 |  2.72e+00
 1143679 |  2.63e-06 |     -- |  5.31e-01 |  8.82e-01 |     -- |  1.40e+00 |  2.12e+00
 1152691 |  2.69e-06 |     -- |  6.47e-01 |  8.57e-01 |     -- |  1.43e+00 |  2.16e+00
 1161693 |  1.18e-05 |     -- |  1.03e+00 |  2.02e+00 |     -- |  2.17e+00 |  4.42e+00
 1170703 |  1.69e-06 |     -- |  3.67e-01 |  4.78e-01 |     -- |  1.25e+00 |  1.78e+00
 1179715 |  2.02e-06 |     -- |  5.07e-01 |  6.65e-01 |     -- |  1.32e+00 |  1.90e+00
 1188715 |  4.12e-06 |     -- |  7.55e-01 |  1.30e+00 |     -- |  1.54e+00 |  2.56e+00
 1197726 |  2.06e-06 |     -- |  5.40e-01 |  7.00e-01 |     -- |  1.33e+00 |  1.91e+00
 1206726 |  3.14e-06 |     -- |  7.85e-01 |  1.04e+00 |     -- |  1.47e+00 |  2.28e+00
 1215738 |  4.26e-06 |     -- |  6.09e-01 |  1.13e+00 |     -- |  1.58e+00 |  2.69e+00
 1224739 |  2.18e-06 |     -- |  5.82e-01 |  7.58e-01 |     -- |  1.35e+00 |  1.95e+00
 1233751 |  3.30e-06 |     -- |  8.20e-01 |  1.09e+00 |     -- |  1.54e+00 |  2.33e+00
 1242763 |  5.15e-06 |     -- |  7.57e-01 |  1.14e+00 |     -- |  1.57e+00 |  3.00e+00
 1251763 |  3.25e-06 |     -- |  5.21e-01 |  8.81e-01 |     -- |  1.45e+00 |  2.39e+00
 1260775 |  1.93e-06 |     -- |  5.47e-01 |  6.84e-01 |     -- |  1.29e+00 |  1.84e+00
 1269786 |  2.11e-06 |     -- |  6.04e-01 |  8.28e-01 |     -- |  1.30e+00 |  1.88e+00
 1278786 |  2.87e-06 |     -- |  7.27e-01 |  1.07e+00 |     -- |  1.43e+00 |  2.15e+00
 1287797 |  3.12e-06 |     -- |  7.47e-01 |  9.84e-01 |     -- |  1.51e+00 |  2.30e+00
 1296799 |  2.41e-06 |     -- |  6.65e-01 |  8.47e-01 |     -- |  1.38e+00 |  2.03e+00
 1305810 |  2.24e-06 |     -- |  6.47e-01 |  8.50e-01 |     -- |  1.34e+00 |  1.94e+00
 1314821 |  1.20e-05 |     -- |  1.15e+00 |  2.14e+00 |     -- |  2.12e+00 |  4.40e+00
 1323833 |  3.01e-06 |     -- |  4.41e-01 |  6.32e-01 |     -- |  1.55e+00 |  2.37e+00
 1332843 |  1.68e-06 |     -- |  3.17e-01 |  4.11e-01 |     -- |  1.26e+00 |  1.79e+00
 1341854 |  2.16e-06 |     -- |  5.13e-01 |  6.72e-01 |     -- |  1.35e+00 |  1.97e+00
 1350866 |  2.83e-06 |     -- |  7.25e-01 |  1.04e+00 |     -- |  1.42e+00 |  2.14e+00
 1359866 |  2.41e-06 |     -- |  7.00e-01 |  9.03e-01 |     -- |  1.37e+00 |  2.00e+00
 1368866 |  4.27e-06 |     -- |  7.97e-01 |  1.22e+00 |     -- |  1.59e+00 |  2.66e+00
 1377877 |  2.49e-06 |     -- |  6.44e-01 |  8.85e-01 |     -- |  1.36e+00 |  2.05e+00
 1386889 |  2.85e-06 |     -- |  6.65e-01 |  8.87e-01 |     -- |  1.45e+00 |  2.22e+00
 1395890 |  2.25e-06 |     -- |  6.82e-01 |  8.97e-01 |     -- |  1.31e+00 |  1.92e+00
 1404894 |  4.53e-06 |     -- |  8.39e-01 |  1.47e+00 |     -- |  1.57e+00 |  2.63e+00
 1413894 |  2.35e-06 |     -- |  4.97e-01 |  6.93e-01 |     -- |  1.38e+00 |  2.06e+00
 1422906 |  2.18e-06 |     -- |  5.90e-01 |  7.73e-01 |     -- |  1.32e+00 |  1.94e+00
 1431915 |  2.67e-06 |     -- |  7.10e-01 |  9.14e-01 |     -- |  1.43e+00 |  2.12e+00
 1440915 |  2.68e-06 |     -- |  6.61e-01 |  9.27e-01 |     -- |  1.41e+00 |  2.12e+00
 1449917 |  2.33e-06 |     -- |  6.77e-01 |  8.51e-01 |     -- |  1.35e+00 |  1.98e+00
 1458929 |  2.64e-06 |     -- |  7.22e-01 |  9.72e-01 |     -- |  1.38e+00 |  2.08e+00
 1467929 |  2.63e-06 |     -- |  6.46e-01 |  8.55e-01 |     -- |  1.43e+00 |  2.13e+00
 1476931 |  1.88e-06 |     -- |  5.13e-01 |  6.68e-01 |     -- |  1.27e+00 |  1.82e+00
 1485941 |  3.48e-06 |     -- |  8.02e-01 |  1.50e+00 |     -- |  1.41e+00 |  2.17e+00
 1494941 |  1.96e-06 |     -- |  4.86e-01 |  6.26e-01 |     -- |  1.28e+00 |  1.88e+00
 1503952 |  2.80e-06 |     -- |  7.20e-01 |  9.47e-01 |     -- |  1.43e+00 |  2.17e+00
 1512955 |  2.87e-06 |     -- |  6.95e-01 |  9.97e-01 |     -- |  1.42e+00 |  2.18e+00
 1521966 |  3.26e-06 |     -- |  6.12e-01 |  9.61e-01 |     -- |  1.45e+00 |  2.37e+00
 1530967 |  2.67e-06 |     -- |  6.15e-01 |  8.84e-01 |     -- |  1.37e+00 |  2.14e+00
 1539967 |  1.69e-06 |     -- |  4.78e-01 |  6.43e-01 |     -- |  1.19e+00 |  1.72e+00
 1548970 |  2.21e-06 |     -- |  6.64e-01 |  8.66e-01 |     -- |  1.30e+00 |  1.92e+00
 1557981 |  3.45e-06 |     -- |  7.25e-01 |  1.16e+00 |     -- |  1.46e+00 |  2.36e+00
 1566981 |  1.70e-06 |     -- |  4.91e-01 |  6.23e-01 |     -- |  1.21e+00 |  1.74e+00
 1575981 |  2.36e-06 |     -- |  6.40e-01 |  9.02e-01 |     -- |  1.33e+00 |  1.98e+00
 1584992 |  2.50e-06 |     -- |  6.98e-01 |  9.16e-01 |     -- |  1.37e+00 |  2.04e+00
 1594003 |  1.91e-06 |     -- |  5.53e-01 |  7.13e-01 |     -- |  1.25e+00 |  1.82e+00
 1603005 |  2.52e-06 |     -- |  6.23e-01 |  8.21e-01 |     -- |  1.38e+00 |  2.09e+00
 1612016 |  2.75e-06 |     -- |  6.79e-01 |  9.03e-01 |     -- |  1.42e+00 |  2.16e+00
 1621027 |  1.86e-06 |     -- |  5.59e-01 |  7.42e-01 |     -- |  1.22e+00 |  1.78e+00
 1630028 |  2.49e-06 |     -- |  5.88e-01 |  7.90e-01 |     -- |  1.35e+00 |  2.09e+00
 1639039 |  2.80e-06 |     -- |  7.13e-01 |  9.54e-01 |     -- |  1.41e+00 |  2.17e+00
 1648039 |  1.85e-06 |     -- |  5.56e-01 |  7.05e-01 |     -- |  1.22e+00 |  1.79e+00
 1657042 |  2.01e-06 |     -- |  5.65e-01 |  7.74e-01 |     -- |  1.26e+00 |  1.85e+00
 1666052 |  2.45e-06 |     -- |  6.93e-01 |  9.25e-01 |     -- |  1.34e+00 |  2.01e+00
 1675053 |  1.91e-06 |     -- |  5.07e-01 |  6.71e-01 |     -- |  1.25e+00 |  1.84e+00
 1684060 |  2.58e-06 |     -- |  6.77e-01 |  8.97e-01 |     -- |  1.37e+00 |  2.09e+00
 1693061 |  1.76e-06 |     -- |  5.02e-01 |  6.36e-01 |     -- |  1.22e+00 |  1.77e+00
 1702061 |  3.11e-06 |     -- |  7.23e-01 |  1.00e+00 |     -- |  1.45e+00 |  2.28e+00
 1711072 |  1.51e-06 |     -- |  3.91e-01 |  4.96e-01 |     -- |  1.16e+00 |  1.67e+00
 1720075 |  2.95e-06 |     -- |  6.75e-01 |  9.59e-01 |     -- |  1.39e+00 |  2.23e+00
 1729076 |  1.85e-06 |     -- |  5.31e-01 |  6.91e-01 |     -- |  1.23e+00 |  1.80e+00
 1738086 |  2.66e-06 |     -- |  6.47e-01 |  9.71e-01 |     -- |  1.32e+00 |  2.09e+00
 1747096 |  1.76e-06 |     -- |  5.17e-01 |  6.80e-01 |     -- |  1.20e+00 |  1.75e+00
 1756096 |  2.08e-06 |     -- |  6.51e-01 |  8.53e-01 |     -- |  1.25e+00 |  1.85e+00
 1765097 |  1.83e-06 |     -- |  4.99e-01 |  6.67e-01 |     -- |  1.22e+00 |  1.79e+00
 1774108 |  2.61e-06 |     -- |  6.85e-01 |  9.49e-01 |     -- |  1.36e+00 |  2.08e+00
 1783120 |  1.75e-06 |     -- |  4.63e-01 |  6.14e-01 |     -- |  1.20e+00 |  1.77e+00
 1792123 |  1.99e-06 |     -- |  5.78e-01 |  8.10e-01 |     -- |  1.23e+00 |  1.82e+00
 1801123 |  2.41e-06 |     -- |  6.19e-01 |  8.75e-01 |     -- |  1.30e+00 |  2.01e+00
 1810135 |  2.16e-06 |     -- |  5.56e-01 |  7.72e-01 |     -- |  1.28e+00 |  1.93e+00
 1819135 |  2.64e-06 |     -- |  5.98e-01 |  8.47e-01 |     -- |  1.35e+00 |  2.14e+00
 1828137 |  1.83e-06 |     -- |  4.88e-01 |  6.59e-01 |     -- |  1.21e+00 |  1.80e+00
 1837137 |  1.95e-06 |     -- |  5.94e-01 |  8.13e-01 |     -- |  1.23e+00 |  1.80e+00
 1846139 |  2.29e-06 |     -- |  6.12e-01 |  8.04e-01 |     -- |  1.32e+00 |  1.98e+00
 1855140 |  2.24e-06 |     -- |  5.41e-01 |  7.78e-01 |     -- |  1.28e+00 |  1.97e+00
 1864142 |  1.85e-06 |     -- |  5.63e-01 |  7.44e-01 |     -- |  1.21e+00 |  1.78e+00
 1873146 |  2.43e-06 |     -- |  6.24e-01 |  8.44e-01 |     -- |  1.32e+00 |  2.04e+00
 1882147 |  1.97e-06 |     -- |  5.43e-01 |  7.46e-01 |     -- |  1.24e+00 |  1.84e+00
 1891158 |  2.69e-06 |     -- |  5.28e-01 |  9.30e-01 |     -- |  1.29e+00 |  2.13e+00
 1900169 |  1.67e-06 |     -- |  5.00e-01 |  6.47e-01 |     -- |  1.16e+00 |  1.71e+00
 1909171 |  1.91e-06 |     -- |  5.44e-01 |  7.12e-01 |     -- |  1.23e+00 |  1.82e+00
 1918172 |  2.17e-06 |     -- |  6.14e-01 |  8.20e-01 |     -- |  1.26e+00 |  1.92e+00
 1927174 |  2.04e-06 |     -- |  5.90e-01 |  8.40e-01 |     -- |  1.23e+00 |  1.83e+00
 1936178 |  1.72e-06 |     -- |  4.97e-01 |  6.38e-01 |     -- |  1.18e+00 |  1.74e+00
 1945188 |  1.81e-06 |     -- |  5.18e-01 |  6.96e-01 |     -- |  1.20e+00 |  1.77e+00
 1954190 |  2.29e-06 |     -- |  6.23e-01 |  8.99e-01 |     -- |  1.28e+00 |  1.94e+00
 1963192 |  1.57e-06 |     -- |  4.35e-01 |  5.69e-01 |     -- |  1.15e+00 |  1.68e+00
 1972193 |  2.49e-06 |     -- |  6.52e-01 |  9.43e-01 |     -- |  1.31e+00 |  2.02e+00
 1981193 |  2.33e-06 |     -- |  6.46e-01 |  8.90e-01 |     -- |  1.27e+00 |  1.97e+00
 1990194 |  2.52e-06 |     -- |  6.35e-01 |  9.29e-01 |     -- |  1.27e+00 |  2.04e+00
 1999203 |  1.48e-06 |     -- |  4.13e-01 |  5.38e-01 |     -- |  1.13e+00 |  1.64e+00
 2008204 |  1.77e-06 |     -- |  5.34e-01 |  6.77e-01 |     -- |  1.20e+00 |  1.76e+00
 2017205 |  2.16e-06 |     -- |  5.63e-01 |  8.10e-01 |     -- |  1.24e+00 |  1.92e+00
 2026217 |  1.85e-06 |     -- |  5.50e-01 |  7.43e-01 |     -- |  1.20e+00 |  1.77e+00
 2035217 |  1.98e-06 |     -- |  5.33e-01 |  7.46e-01 |     -- |  1.22e+00 |  1.85e+00
 2044229 |  1.67e-06 |     -- |  4.93e-01 |  6.42e-01 |     -- |  1.17e+00 |  1.71e+00
 2053231 |  2.17e-06 |     -- |  5.86e-01 |  8.44e-01 |     -- |  1.25e+00 |  1.90e+00
 2062233 |  1.71e-06 |     -- |  5.18e-01 |  6.73e-01 |     -- |  1.18e+00 |  1.72e+00
 2071244 |  1.73e-06 |     -- |  4.96e-01 |  6.65e-01 |     -- |  1.18e+00 |  1.74e+00
 2080255 |  2.65e-06 |     -- |  5.60e-01 |  8.18e-01 |     -- |  1.30e+00 |  2.15e+00
 2089265 |  1.50e-06 |     -- |  4.34e-01 |  5.56e-01 |     -- |  1.13e+00 |  1.64e+00
 2098266 |  1.70e-06 |     -- |  5.22e-01 |  7.37e-01 |     -- |  1.14e+00 |  1.69e+00
 2107266 |  2.00e-06 |     -- |  6.06e-01 |  7.71e-01 |     -- |  1.24e+00 |  1.85e+00
 2116276 |  1.91e-06 |     -- |  5.52e-01 |  7.31e-01 |     -- |  1.21e+00 |  1.81e+00
 2125287 |  2.07e-06 |     -- |  5.85e-01 |  8.29e-01 |     -- |  1.21e+00 |  1.86e+00
 2134299 |  1.40e-06 |     -- |  4.42e-01 |  5.75e-01 |     -- |  1.08e+00 |  1.57e+00
 2143299 |  1.64e-06 |     -- |  5.30e-01 |  6.68e-01 |     -- |  1.15e+00 |  1.68e+00
 2152299 |  2.31e-06 |     -- |  5.61e-01 |  8.29e-01 |     -- |  1.25e+00 |  1.98e+00
 2161309 |  1.40e-06 |     -- |  4.43e-01 |  5.69e-01 |     -- |  1.09e+00 |  1.57e+00
 2170311 |  2.70e-06 |     -- |  6.53e-01 |  1.04e+00 |     -- |  1.28e+00 |  2.08e+00
 2179322 |  1.37e-06 |     -- |  3.77e-01 |  4.92e-01 |     -- |  1.08e+00 |  1.58e+00
 2188332 |  3.16e-06 |     -- |  5.92e-01 |  1.07e+00 |     -- |  1.31e+00 |  2.27e+00
 2197343 |  1.24e-06 |     -- |  3.57e-01 |  4.57e-01 |     -- |  1.04e+00 |  1.50e+00
 2206354 |  1.55e-06 |     -- |  4.87e-01 |  6.33e-01 |     -- |  1.12e+00 |  1.64e+00
 2215365 |  1.57e-06 |     -- |  4.84e-01 |  6.58e-01 |     -- |  1.12e+00 |  1.64e+00
 2224376 |  3.12e-06 |     -- |  6.16e-01 |  9.38e-01 |     -- |  1.36e+00 |  2.31e+00
 2233376 |  2.06e-06 |     -- |  5.03e-01 |  7.49e-01 |     -- |  1.18e+00 |  1.89e+00
 2242378 |  1.40e-06 |     -- |  3.91e-01 |  4.93e-01 |     -- |  1.10e+00 |  1.60e+00
 2251378 |  1.49e-06 |     -- |  4.66e-01 |  6.18e-01 |     -- |  1.10e+00 |  1.61e+00
 2260379 |  7.54e-06 |     -- |  7.96e-01 |  1.29e+00 |     -- |  1.93e+00 |  3.66e+00
 2269379 |  1.60e-06 |     -- |  3.29e-01 |  4.16e-01 |     -- |  1.22e+00 |  1.74e+00
 2278390 |  1.41e-06 |     -- |  3.40e-01 |  4.32e-01 |     -- |  1.13e+00 |  1.62e+00
 2287390 |  1.63e-06 |     -- |  4.64e-01 |  6.00e-01 |     -- |  1.17e+00 |  1.70e+00
 2296390 |  1.64e-06 |     -- |  5.23e-01 |  6.72e-01 |     -- |  1.15e+00 |  1.68e+00
 2305399 |  1.86e-06 |     -- |  5.49e-01 |  7.14e-01 |     -- |  1.21e+00 |  1.79e+00
 2314411 |  1.64e-06 |     -- |  4.71e-01 |  6.49e-01 |     -- |  1.15e+00 |  1.69e+00
 2323413 |  1.73e-06 |     -- |  5.07e-01 |  7.02e-01 |     -- |  1.16e+00 |  1.72e+00
 2332423 |  1.65e-06 |     -- |  4.78e-01 |  6.31e-01 |     -- |  1.16e+00 |  1.70e+00
 2341425 |  1.85e-06 |     -- |  5.28e-01 |  7.35e-01 |     -- |  1.18e+00 |  1.78e+00
 2350435 |  1.50e-06 |     -- |  4.60e-01 |  5.86e-01 |     -- |  1.12e+00 |  1.63e+00
 2359436 |  1.73e-06 |     -- |  4.81e-01 |  6.32e-01 |     -- |  1.18e+00 |  1.75e+00
 2368440 |  2.05e-06 |     -- |  4.69e-01 |  7.48e-01 |     -- |  1.18e+00 |  1.88e+00
 2377452 |  2.68e-06 |     -- |  5.78e-01 |  9.49e-01 |     -- |  1.24e+00 |  2.11e+00
 2386453 |  1.60e-06 |     -- |  4.25e-01 |  6.07e-01 |     -- |  1.11e+00 |  1.68e+00
 2395465 |  1.35e-06 |     -- |  4.12e-01 |  5.73e-01 |     -- |  1.06e+00 |  1.54e+00
 2404468 |  1.60e-06 |     -- |  5.05e-01 |  6.61e-01 |     -- |  1.13e+00 |  1.66e+00
 2413479 |  1.51e-06 |     -- |  4.80e-01 |  6.14e-01 |     -- |  1.11e+00 |  1.63e+00
 2422490 |  1.60e-06 |     -- |  4.69e-01 |  6.18e-01 |     -- |  1.12e+00 |  1.68e+00
 2431491 |  1.65e-06 |     -- |  5.46e-01 |  7.02e-01 |     -- |  1.14e+00 |  1.68e+00
 2440503 |  1.54e-06 |     -- |  4.63e-01 |  6.09e-01 |     -- |  1.12e+00 |  1.65e+00
 2449515 |  1.51e-06 |     -- |  4.20e-01 |  6.25e-01 |     -- |  1.10e+00 |  1.62e+00
 2458527 |  1.47e-06 |     -- |  4.53e-01 |  5.83e-01 |     -- |  1.10e+00 |  1.61e+00
 2467528 |  1.89e-06 |     -- |  5.59e-01 |  7.18e-01 |     -- |  1.20e+00 |  1.80e+00
 2476539 |  1.61e-06 |     -- |  5.31e-01 |  6.59e-01 |     -- |  1.13e+00 |  1.67e+00
 2485540 |  1.45e-06 |     -- |  4.62e-01 |  6.31e-01 |     -- |  1.08e+00 |  1.58e+00
 2494540 |  1.51e-06 |     -- |  4.35e-01 |  5.98e-01 |     -- |  1.10e+00 |  1.63e+00
 2503540 |  1.55e-06 |     -- |  4.92e-01 |  6.58e-01 |     -- |  1.10e+00 |  1.64e+00
 2512552 |  1.46e-06 |     -- |  4.83e-01 |  6.33e-01 |     -- |  1.09e+00 |  1.59e+00
 2521562 |  1.51e-06 |     -- |  4.96e-01 |  6.48e-01 |     -- |  1.09e+00 |  1.61e+00
 2530573 |  1.34e-06 |     -- |  4.41e-01 |  5.66e-01 |     -- |  1.06e+00 |  1.53e+00
 2539573 |  1.84e-06 |     -- |  4.89e-01 |  6.73e-01 |     -- |  1.19e+00 |  1.80e+00
 2548582 |  1.27e-06 |     -- |  3.99e-01 |  5.11e-01 |     -- |  1.04e+00 |  1.51e+00
 2557594 |  1.56e-06 |     -- |  4.94e-01 |  6.49e-01 |     -- |  1.11e+00 |  1.64e+00
 2566606 |  1.89e-06 |     -- |  5.31e-01 |  7.13e-01 |     -- |  1.19e+00 |  1.81e+00
 2575606 |  1.89e-06 |     -- |  4.61e-01 |  6.68e-01 |     -- |  1.17e+00 |  1.83e+00
 2584617 |  1.78e-06 |     -- |  4.78e-01 |  7.08e-01 |     -- |  1.13e+00 |  1.75e+00
 2593627 |  1.18e-06 |     -- |  3.41e-01 |  4.38e-01 |     -- |  1.02e+00 |  1.47e+00
 2602636 |  1.54e-06 |     -- |  4.54e-01 |  6.41e-01 |     -- |  1.10e+00 |  1.64e+00
 2611636 |  1.27e-06 |     -- |  3.63e-01 |  4.91e-01 |     -- |  1.04e+00 |  1.52e+00
 2620636 |  1.93e-06 |     -- |  5.22e-01 |  7.05e-01 |     -- |  1.15e+00 |  1.83e+00
 2629637 |  1.48e-06 |     -- |  4.30e-01 |  6.09e-01 |     -- |  1.08e+00 |  1.61e+00
 2638639 |  1.17e-06 |     -- |  3.84e-01 |  4.83e-01 |     -- |  1.00e+00 |  1.45e+00
 2647650 |  1.96e-06 |     -- |  5.45e-01 |  7.63e-01 |     -- |  1.18e+00 |  1.83e+00
 2656650 |  1.35e-06 |     -- |  4.29e-01 |  5.51e-01 |     -- |  1.06e+00 |  1.55e+00
 2665650 |  1.31e-06 |     -- |  4.29e-01 |  5.70e-01 |     -- |  1.04e+00 |  1.52e+00
 2674652 |  1.44e-06 |     -- |  4.76e-01 |  6.11e-01 |     -- |  1.08e+00 |  1.58e+00
 2683663 |  1.43e-06 |     -- |  4.82e-01 |  6.42e-01 |     -- |  1.07e+00 |  1.56e+00
 2692665 |  1.38e-06 |     -- |  4.25e-01 |  5.55e-01 |     -- |  1.07e+00 |  1.57e+00
 2701677 |  1.77e-06 |     -- |  5.00e-01 |  7.62e-01 |     -- |  1.12e+00 |  1.72e+00
 2710687 |  1.21e-06 |     -- |  3.50e-01 |  4.66e-01 |     -- |  1.02e+00 |  1.49e+00
 2719687 |  1.65e-06 |     -- |  4.94e-01 |  6.58e-01 |     -- |  1.14e+00 |  1.69e+00
 2728687 |  1.75e-06 |     -- |  4.94e-01 |  6.83e-01 |     -- |  1.13e+00 |  1.74e+00
 2737687 |  1.32e-06 |     -- |  3.82e-01 |  4.85e-01 |     -- |  1.06e+00 |  1.55e+00
 2746699 |  1.32e-06 |     -- |  4.52e-01 |  5.64e-01 |     -- |  1.05e+00 |  1.53e+00
 2755709 |  1.53e-06 |     -- |  5.07e-01 |  6.54e-01 |     -- |  1.09e+00 |  1.62e+00
 2764709 |  1.37e-06 |     -- |  3.88e-01 |  5.00e-01 |     -- |  1.05e+00 |  1.58e+00
 2773720 |  1.34e-06 |     -- |  4.51e-01 |  5.70e-01 |     -- |  1.05e+00 |  1.53e+00
 2782720 |  1.94e-06 |     -- |  4.17e-01 |  6.95e-01 |     -- |  1.12e+00 |  1.84e+00
 2791730 |  1.21e-06 |     -- |  3.45e-01 |  4.55e-01 |     -- |  1.02e+00 |  1.48e+00
 2800741 |  1.32e-06 |     -- |  4.21e-01 |  5.41e-01 |     -- |  1.05e+00 |  1.53e+00
 2809753 |  2.06e-06 |     -- |  5.04e-01 |  7.90e-01 |     -- |  1.18e+00 |  1.87e+00
 2818765 |  1.30e-06 |     -- |  3.88e-01 |  5.06e-01 |     -- |  1.04e+00 |  1.53e+00
 2827766 |  1.55e-06 |     -- |  4.38e-01 |  5.66e-01 |     -- |  1.12e+00 |  1.67e+00
 2836769 |  2.04e-06 |     -- |  5.12e-01 |  7.52e-01 |     -- |  1.18e+00 |  1.87e+00
 2845780 |  1.08e-06 |     -- |  3.41e-01 |  4.52e-01 |     -- |  9.63e-01 |  1.40e+00
 2854781 |  1.41e-06 |     -- |  4.34e-01 |  5.71e-01 |     -- |  1.06e+00 |  1.58e+00
 2863792 |  1.32e-06 |     -- |  4.03e-01 |  5.30e-01 |     -- |  1.04e+00 |  1.53e+00
 2872803 |  1.25e-06 |     -- |  3.88e-01 |  5.21e-01 |     -- |  1.02e+00 |  1.49e+00
 2881814 |  1.30e-06 |     -- |  4.25e-01 |  5.53e-01 |     -- |  1.04e+00 |  1.52e+00
 2890826 |  1.79e-06 |     -- |  4.61e-01 |  6.72e-01 |     -- |  1.13e+00 |  1.77e+00
 2899837 |  1.08e-06 |     -- |  3.43e-01 |  4.26e-01 |     -- |  9.74e-01 |  1.41e+00
 2908847 |  1.54e-06 |     -- |  5.13e-01 |  6.93e-01 |     -- |  1.08e+00 |  1.61e+00
 2917847 |  1.39e-06 |     -- |  4.19e-01 |  5.53e-01 |     -- |  1.05e+00 |  1.57e+00
 2926847 |  1.52e-06 |     -- |  4.31e-01 |  5.98e-01 |     -- |  1.09e+00 |  1.64e+00
 2935848 |  1.31e-06 |     -- |  4.12e-01 |  5.38e-01 |     -- |  1.04e+00 |  1.53e+00
 2944859 |  1.21e-06 |     -- |  3.97e-01 |  5.06e-01 |     -- |  1.01e+00 |  1.47e+00
 2953871 |  1.68e-06 |     -- |  4.90e-01 |  7.06e-01 |     -- |  1.10e+00 |  1.69e+00
 2962882 |  1.31e-06 |     -- |  4.12e-01 |  5.59e-01 |     -- |  1.03e+00 |  1.52e+00
 2971894 |  1.30e-06 |     -- |  4.47e-01 |  5.62e-01 |     -- |  1.03e+00 |  1.51e+00
 2980904 |  1.16e-06 |     -- |  3.57e-01 |  4.54e-01 |     -- |  1.00e+00 |  1.46e+00
 2989915 |  1.36e-06 |     -- |  4.76e-01 |  6.29e-01 |     -- |  1.03e+00 |  1.52e+00
 2998917 |  1.34e-06 |     -- |  4.23e-01 |  5.48e-01 |     -- |  1.05e+00 |  1.54e+00
 3007917 |  1.50e-06 |     -- |  5.02e-01 |  6.40e-01 |     -- |  1.08e+00 |  1.61e+00
 3016929 |  1.16e-06 |     -- |  3.59e-01 |  4.72e-01 |     -- |  9.97e-01 |  1.45e+00
 3025941 |  1.92e-06 |     -- |  4.59e-01 |  6.83e-01 |     -- |  1.14e+00 |  1.83e+00
 3034953 |  1.10e-06 |     -- |  3.35e-01 |  4.35e-01 |     -- |  9.74e-01 |  1.42e+00
 3043953 |  1.30e-06 |     -- |  3.99e-01 |  5.13e-01 |     -- |  1.03e+00 |  1.53e+00
 3052964 |  1.29e-06 |     -- |  4.02e-01 |  5.25e-01 |     -- |  1.03e+00 |  1.52e+00
 3061975 |  1.34e-06 |     -- |  4.58e-01 |  5.96e-01 |     -- |  1.03e+00 |  1.52e+00
 3070985 |  1.33e-06 |     -- |  4.42e-01 |  5.98e-01 |     -- |  1.02e+00 |  1.52e+00
 3079997 |  1.28e-06 |     -- |  4.12e-01 |  5.31e-01 |     -- |  1.02e+00 |  1.51e+00
 3089000 |  1.64e-06 |     -- |  4.45e-01 |  5.91e-01 |     -- |  1.11e+00 |  1.71e+00
 3098002 |  1.11e-06 |     -- |  3.55e-01 |  4.52e-01 |     -- |  9.77e-01 |  1.42e+00
 3107012 |  1.27e-06 |     -- |  4.09e-01 |  5.25e-01 |     -- |  1.03e+00 |  1.51e+00
 3116014 |  1.52e-06 |     -- |  4.60e-01 |  6.63e-01 |     -- |  1.06e+00 |  1.61e+00
 3125014 |  1.12e-06 |     -- |  3.49e-01 |  4.48e-01 |     -- |  9.80e-01 |  1.43e+00
 3134026 |  1.18e-06 |     -- |  3.67e-01 |  4.70e-01 |     -- |  1.00e+00 |  1.46e+00
 3143028 |  1.37e-06 |     -- |  4.35e-01 |  6.01e-01 |     -- |  1.04e+00 |  1.54e+00
 3152028 |  1.22e-06 |     -- |  3.78e-01 |  4.90e-01 |     -- |  1.01e+00 |  1.48e+00
 3161029 |  1.49e-06 |     -- |  3.86e-01 |  5.45e-01 |     -- |  1.06e+00 |  1.64e+00
 3170032 |  1.15e-06 |     -- |  3.80e-01 |  4.71e-01 |     -- |  9.94e-01 |  1.44e+00
 3179032 |  1.45e-06 |     -- |  4.27e-01 |  5.63e-01 |     -- |  1.08e+00 |  1.61e+00
 3188041 |  1.18e-06 |     -- |  3.74e-01 |  4.99e-01 |     -- |  9.92e-01 |  1.45e+00
 3197052 |  1.24e-06 |     -- |  3.97e-01 |  5.53e-01 |     -- |  9.99e-01 |  1.48e+00
 3206052 |  1.33e-06 |     -- |  3.68e-01 |  5.27e-01 |     -- |  1.03e+00 |  1.54e+00
 3215052 |  1.22e-06 |     -- |  4.21e-01 |  5.38e-01 |     -- |  9.99e-01 |  1.47e+00
 3224053 |  1.11e-06 |     -- |  3.65e-01 |  4.77e-01 |     -- |  9.74e-01 |  1.41e+00
 3233055 |  2.01e-06 |     -- |  4.05e-01 |  6.77e-01 |     -- |  1.10e+00 |  1.89e+00
 3242056 |  9.79e-07 |     -- |  3.19e-01 |  4.05e-01 |     -- |  9.30e-01 |  1.34e+00
 3251057 |  1.31e-06 |     -- |  4.12e-01 |  5.30e-01 |     -- |  1.03e+00 |  1.53e+00
 3260058 |  1.41e-06 |     -- |  4.58e-01 |  6.17e-01 |     -- |  1.04e+00 |  1.56e+00
 3269058 |  1.35e-06 |     -- |  4.27e-01 |  5.85e-01 |     -- |  1.03e+00 |  1.54e+00
 3278069 |  1.22e-06 |     -- |  3.95e-01 |  5.87e-01 |     -- |  9.64e-01 |  1.45e+00
 3287069 |  1.24e-06 |     -- |  4.03e-01 |  5.38e-01 |     -- |  1.00e+00 |  1.48e+00
 3296080 |  1.13e-06 |     -- |  3.72e-01 |  4.74e-01 |     -- |  9.75e-01 |  1.42e+00
 3305091 |  1.20e-06 |     -- |  3.98e-01 |  5.05e-01 |     -- |  9.93e-01 |  1.47e+00
 3314103 |  1.25e-06 |     -- |  4.27e-01 |  5.57e-01 |     -- |  1.00e+00 |  1.48e+00
 3323114 |  1.20e-06 |     -- |  3.50e-01 |  4.48e-01 |     -- |  1.01e+00 |  1.48e+00
 3332114 |  1.60e-06 |     -- |  4.00e-01 |  5.78e-01 |     -- |  1.07e+00 |  1.69e+00
 3341114 |  1.04e-06 |     -- |  3.53e-01 |  4.53e-01 |     -- |  9.40e-01 |  1.37e+00
 3350125 |  1.21e-06 |     -- |  3.65e-01 |  4.76e-01 |     -- |  1.01e+00 |  1.48e+00
 3359126 |  1.12e-06 |     -- |  3.74e-01 |  4.64e-01 |     -- |  9.74e-01 |  1.42e+00
 3368126 |  1.26e-06 |     -- |  4.06e-01 |  5.20e-01 |     -- |  1.02e+00 |  1.50e+00
 3377126 |  1.78e-06 |     -- |  3.65e-01 |  6.08e-01 |     -- |  1.07e+00 |  1.79e+00
 3386127 |  1.06e-06 |     -- |  3.21e-01 |  4.10e-01 |     -- |  9.61e-01 |  1.40e+00
 3395139 |  1.11e-06 |     -- |  3.60e-01 |  4.84e-01 |     -- |  9.67e-01 |  1.41e+00
 3404139 |  1.13e-06 |     -- |  3.57e-01 |  4.53e-01 |     -- |  9.80e-01 |  1.43e+00
 3413149 |  1.28e-06 |     -- |  3.99e-01 |  5.30e-01 |     -- |  1.02e+00 |  1.51e+00
 3422160 |  1.18e-06 |     -- |  3.69e-01 |  4.99e-01 |     -- |  9.88e-01 |  1.45e+00
 3431171 |  1.32e-06 |     -- |  4.08e-01 |  5.51e-01 |     -- |  1.01e+00 |  1.53e+00
 3440173 |  1.10e-06 |     -- |  3.44e-01 |  4.48e-01 |     -- |  9.66e-01 |  1.41e+00
 3449176 |  1.24e-06 |     -- |  4.01e-01 |  5.32e-01 |     -- |  1.01e+00 |  1.48e+00
 3458188 |  1.14e-06 |     -- |  3.61e-01 |  4.63e-01 |     -- |  9.77e-01 |  1.44e+00
 3467189 |  1.21e-06 |     -- |  3.46e-01 |  4.39e-01 |     -- |  1.01e+00 |  1.49e+00
 3476190 |  1.14e-06 |     -- |  4.07e-01 |  5.07e-01 |     -- |  9.73e-01 |  1.42e+00
 3485191 |  1.33e-06 |     -- |  4.11e-01 |  5.58e-01 |     -- |  1.02e+00 |  1.54e+00
 3494191 |  1.05e-06 |     -- |  3.57e-01 |  4.78e-01 |     -- |  9.36e-01 |  1.37e+00
 3503191 |  1.55e-06 |     -- |  3.90e-01 |  5.74e-01 |     -- |  1.05e+00 |  1.67e+00
 3512203 |  1.07e-06 |     -- |  3.58e-01 |  4.66e-01 |     -- |  9.52e-01 |  1.38e+00
 3521203 |  1.95e-06 |     -- |  4.65e-01 |  6.81e-01 |     -- |  1.12e+00 |  1.85e+00
 3530204 |  1.10e-06 |     -- |  3.50e-01 |  4.43e-01 |     -- |  9.60e-01 |  1.42e+00
 3539204 |  9.64e-07 |     -- |  3.02e-01 |  3.86e-01 |     -- |  9.21e-01 |  1.33e+00
 3548215 |  1.14e-06 |     -- |  3.85e-01 |  5.06e-01 |     -- |  9.71e-01 |  1.43e+00
 3557224 |  1.10e-06 |     -- |  3.46e-01 |  4.44e-01 |     -- |  9.69e-01 |  1.42e+00
 3566225 |  1.14e-06 |     -- |  3.92e-01 |  5.12e-01 |     -- |  9.76e-01 |  1.42e+00
 3575236 |  1.35e-06 |     -- |  3.75e-01 |  5.03e-01 |     -- |  1.02e+00 |  1.57e+00
 3584237 |  1.07e-06 |     -- |  3.36e-01 |  4.30e-01 |     -- |  9.56e-01 |  1.40e+00
 3593248 |  1.15e-06 |     -- |  3.73e-01 |  4.83e-01 |     -- |  9.83e-01 |  1.44e+00
 3602257 |  1.07e-06 |     -- |  3.65e-01 |  4.82e-01 |     -- |  9.50e-01 |  1.38e+00
 3611269 |  1.11e-06 |     -- |  3.37e-01 |  4.26e-01 |     -- |  9.75e-01 |  1.43e+00
 3620272 |  1.01e-06 |     -- |  3.24e-01 |  4.10e-01 |     -- |  9.36e-01 |  1.36e+00
 3629283 |  1.17e-06 |     -- |  3.71e-01 |  4.86e-01 |     -- |  9.86e-01 |  1.45e+00
 3638295 |  1.11e-06 |     -- |  3.72e-01 |  4.82e-01 |     -- |  9.67e-01 |  1.41e+00
 3647305 |  1.07e-06 |     -- |  3.46e-01 |  4.38e-01 |     -- |  9.58e-01 |  1.40e+00
 3656306 |  1.37e-06 |     -- |  3.89e-01 |  5.45e-01 |     -- |  1.04e+00 |  1.56e+00
 3665308 |  1.04e-06 |     -- |  3.33e-01 |  4.40e-01 |     -- |  9.43e-01 |  1.38e+00
 3674318 |  1.01e-06 |     -- |  3.33e-01 |  4.45e-01 |     -- |  9.30e-01 |  1.35e+00
 3683319 |  1.30e-06 |     -- |  3.76e-01 |  5.20e-01 |     -- |  9.96e-01 |  1.53e+00
 3692330 |  1.13e-06 |     -- |  3.82e-01 |  5.23e-01 |     -- |  9.54e-01 |  1.41e+00
 3701330 |  1.09e-06 |     -- |  3.33e-01 |  4.28e-01 |     -- |  9.65e-01 |  1.41e+00
 3710330 |  1.26e-06 |     -- |  4.19e-01 |  5.71e-01 |     -- |  9.87e-01 |  1.48e+00
 3719341 |  1.05e-06 |     -- |  3.23e-01 |  4.32e-01 |     -- |  9.48e-01 |  1.38e+00
 3728341 |  1.06e-06 |     -- |  3.48e-01 |  4.49e-01 |     -- |  9.50e-01 |  1.39e+00
 3737352 |  1.08e-06 |     -- |  3.46e-01 |  4.49e-01 |     -- |  9.60e-01 |  1.40e+00
 3746353 |  1.27e-06 |     -- |  4.29e-01 |  5.63e-01 |     -- |  9.95e-01 |  1.49e+00
 3755363 |  1.26e-06 |     -- |  3.89e-01 |  5.34e-01 |     -- |  9.94e-01 |  1.49e+00
 3764375 |  1.09e-06 |     -- |  3.43e-01 |  4.52e-01 |     -- |  9.65e-01 |  1.41e+00
 3773387 |  1.08e-06 |     -- |  3.38e-01 |  4.37e-01 |     -- |  9.56e-01 |  1.40e+00
 3782388 |  1.04e-06 |     -- |  3.14e-01 |  4.02e-01 |     -- |  9.47e-01 |  1.39e+00
 3791400 |  1.09e-06 |     -- |  3.65e-01 |  4.61e-01 |     -- |  9.59e-01 |  1.41e+00
 3800400 |  1.35e-06 |     -- |  3.83e-01 |  5.56e-01 |     -- |  1.01e+00 |  1.55e+00
 3809402 |  9.38e-07 |     -- |  2.80e-01 |  3.54e-01 |     -- |  9.13e-01 |  1.32e+00
 3818414 |  1.23e-06 |     -- |  4.21e-01 |  5.52e-01 |     -- |  9.78e-01 |  1.47e+00
 3827415 |  1.22e-06 |     -- |  3.92e-01 |  5.00e-01 |     -- |  9.95e-01 |  1.48e+00
 3836415 |  1.12e-06 |     -- |  3.29e-01 |  4.36e-01 |     -- |  9.60e-01 |  1.43e+00
 3845417 |  9.36e-07 |     -- |  3.11e-01 |  3.84e-01 |     -- |  9.05e-01 |  1.31e+00
 3854417 |  1.24e-06 |     -- |  3.86e-01 |  5.03e-01 |     -- |  9.97e-01 |  1.50e+00
 3863420 |  9.67e-07 |     -- |  3.20e-01 |  4.06e-01 |     -- |  9.19e-01 |  1.33e+00
 3872430 |  1.49e-06 |     -- |  4.07e-01 |  6.13e-01 |     -- |  1.02e+00 |  1.61e+00
 3881430 |  8.42e-07 |     -- |  2.53e-01 |  3.15e-01 |     -- |  8.69e-01 |  1.26e+00
 3890441 |  1.09e-06 |     -- |  3.35e-01 |  4.38e-01 |     -- |  9.62e-01 |  1.41e+00
 3899442 |  1.13e-06 |     -- |  3.76e-01 |  4.89e-01 |     -- |  9.65e-01 |  1.42e+00
 3908452 |  1.12e-06 |     -- |  3.20e-01 |  4.23e-01 |     -- |  9.71e-01 |  1.43e+00
 3917454 |  9.97e-07 |     -- |  3.15e-01 |  4.25e-01 |     -- |  9.17e-01 |  1.35e+00
 3926457 |  1.23e-06 |     -- |  4.01e-01 |  5.37e-01 |     -- |  9.86e-01 |  1.48e+00
 3935457 |  1.13e-06 |     -- |  3.46e-01 |  4.39e-01 |     -- |  9.70e-01 |  1.44e+00
 3944469 |  9.88e-07 |     -- |  3.33e-01 |  4.25e-01 |     -- |  9.22e-01 |  1.34e+00
 3953481 |  1.03e-06 |     -- |  3.20e-01 |  4.13e-01 |     -- |  9.41e-01 |  1.37e+00
 3962491 |  1.15e-06 |     -- |  3.71e-01 |  4.82e-01 |     -- |  9.71e-01 |  1.44e+00
 3971501 |  1.08e-06 |     -- |  3.32e-01 |  4.41e-01 |     -- |  9.50e-01 |  1.40e+00
 3980512 |  9.81e-07 |     -- |  3.56e-01 |  4.55e-01 |     -- |  9.12e-01 |  1.33e+00
 3989524 |  9.65e-07 |     -- |  3.11e-01 |  3.91e-01 |     -- |  9.18e-01 |  1.33e+00
 3998535 |  1.17e-06 |     -- |  3.48e-01 |  4.68e-01 |     -- |  9.73e-01 |  1.46e+00
 4007535 |  1.22e-06 |     -- |  3.49e-01 |  4.77e-01 |     -- |  9.82e-01 |  1.49e+00
 4016535 |  9.01e-07 |     -- |  2.66e-01 |  3.30e-01 |     -- |  8.94e-01 |  1.30e+00
 4025536 |  1.05e-06 |     -- |  3.26e-01 |  4.13e-01 |     -- |  9.50e-01 |  1.39e+00
 4034539 |  1.01e-06 |     -- |  3.60e-01 |  4.70e-01 |     -- |  9.19e-01 |  1.34e+00
 4043551 |  1.00e-06 |     -- |  2.93e-01 |  3.78e-01 |     -- |  9.31e-01 |  1.36e+00
 4052552 |  1.48e-06 |     -- |  4.07e-01 |  5.90e-01 |     -- |  1.04e+00 |  1.62e+00
 4061553 |  1.04e-06 |     -- |  2.94e-01 |  4.13e-01 |     -- |  9.16e-01 |  1.38e+00
 4070553 |  8.96e-07 |     -- |  2.47e-01 |  3.14e-01 |     -- |  8.94e-01 |  1.30e+00
 4079564 |  9.81e-07 |     -- |  3.43e-01 |  4.42e-01 |     -- |  9.08e-01 |  1.33e+00
 4088576 |  1.08e-06 |     -- |  3.87e-01 |  4.94e-01 |     -- |  9.47e-01 |  1.39e+00
 4097579 |  1.24e-06 |     -- |  3.74e-01 |  5.31e-01 |     -- |  9.73e-01 |  1.49e+00
 4106579 |  9.41e-07 |     -- |  2.88e-01 |  3.68e-01 |     -- |  9.07e-01 |  1.32e+00
 4115579 |  1.10e-06 |     -- |  3.69e-01 |  4.86e-01 |     -- |  9.50e-01 |  1.40e+00
 4124582 |  9.84e-07 |     -- |  3.22e-01 |  4.21e-01 |     -- |  9.15e-01 |  1.34e+00
 4133582 |  1.05e-06 |     -- |  3.44e-01 |  4.44e-01 |     -- |  9.34e-01 |  1.38e+00
 4142583 |  1.03e-06 |     -- |  3.25e-01 |  4.25e-01 |     -- |  9.31e-01 |  1.37e+00
 4151595 |  9.89e-07 |     -- |  3.24e-01 |  4.20e-01 |     -- |  9.18e-01 |  1.34e+00
 4160595 |  1.20e-06 |     -- |  3.93e-01 |  5.17e-01 |     -- |  9.62e-01 |  1.46e+00
 4169607 |  9.00e-07 |     -- |  2.76e-01 |  3.53e-01 |     -- |  8.89e-01 |  1.29e+00
 4178607 |  1.01e-06 |     -- |  3.12e-01 |  4.09e-01 |     -- |  9.30e-01 |  1.36e+00
 4187608 |  9.43e-07 |     -- |  3.10e-01 |  3.95e-01 |     -- |  9.04e-01 |  1.32e+00
 4196619 |  9.84e-07 |     -- |  3.43e-01 |  4.50e-01 |     -- |  9.09e-01 |  1.33e+00
 4205631 |  1.10e-06 |     -- |  3.57e-01 |  4.61e-01 |     -- |  9.46e-01 |  1.41e+00
 4214632 |  1.16e-06 |     -- |  3.62e-01 |  4.61e-01 |     -- |  9.68e-01 |  1.45e+00
 4223633 |  8.90e-07 |     -- |  2.86e-01 |  3.61e-01 |     -- |  8.86e-01 |  1.28e+00
 4232644 |  1.15e-06 |     -- |  3.36e-01 |  4.50e-01 |     -- |  9.50e-01 |  1.45e+00
 4241644 |  1.39e-06 |     -- |  3.29e-01 |  5.25e-01 |     -- |  9.79e-01 |  1.58e+00
 4250644 |  1.07e-06 |     -- |  3.11e-01 |  4.50e-01 |     -- |  9.29e-01 |  1.39e+00
 4259655 |  9.37e-07 |     -- |  3.00e-01 |  3.82e-01 |     -- |  9.00e-01 |  1.31e+00
 4268655 |  9.43e-07 |     -- |  3.10e-01 |  3.87e-01 |     -- |  9.03e-01 |  1.32e+00
 4277667 |  1.02e-06 |     -- |  3.36e-01 |  4.40e-01 |     -- |  9.26e-01 |  1.36e+00
 4286668 |  9.37e-07 |     -- |  2.97e-01 |  3.77e-01 |     -- |  9.02e-01 |  1.32e+00
 4295670 |  1.13e-06 |     -- |  3.45e-01 |  4.58e-01 |     -- |  9.51e-01 |  1.44e+00
 4304680 |  1.01e-06 |     -- |  3.10e-01 |  4.07e-01 |     -- |  9.23e-01 |  1.36e+00
 4313692 |  9.82e-07 |     -- |  3.31e-01 |  4.19e-01 |     -- |  9.13e-01 |  1.34e+00
 4322692 |  8.77e-07 |     -- |  2.80e-01 |  3.55e-01 |     -- |  8.78e-01 |  1.28e+00
 4331692 |  9.97e-07 |     -- |  3.44e-01 |  4.57e-01 |     -- |  9.16e-01 |  1.34e+00
 4340695 |  8.95e-07 |     -- |  2.69e-01 |  3.42e-01 |     -- |  8.87e-01 |  1.29e+00
 4349707 |  1.03e-06 |     -- |  3.32e-01 |  4.35e-01 |     -- |  9.28e-01 |  1.37e+00
 4358707 |  9.65e-07 |     -- |  2.99e-01 |  3.95e-01 |     -- |  9.06e-01 |  1.33e+00
 4367708 |  9.92e-07 |     -- |  3.30e-01 |  4.25e-01 |     -- |  9.17e-01 |  1.34e+00
 4376708 |  9.37e-07 |     -- |  3.11e-01 |  4.04e-01 |     -- |  8.97e-01 |  1.31e+00
 4385710 |  9.76e-07 |     -- |  3.21e-01 |  4.09e-01 |     -- |  9.10e-01 |  1.34e+00
 4394712 |  1.03e-06 |     -- |  3.10e-01 |  4.00e-01 |     -- |  9.29e-01 |  1.38e+00
 4403724 |  9.69e-07 |     -- |  3.16e-01 |  4.01e-01 |     -- |  9.08e-01 |  1.33e+00
 4412724 |  9.05e-07 |     -- |  2.71e-01 |  3.52e-01 |     -- |  8.92e-01 |  1.30e+00
 4421735 |  9.55e-07 |     -- |  2.96e-01 |  3.79e-01 |     -- |  9.09e-01 |  1.33e+00
 4430735 |  1.16e-06 |     -- |  3.30e-01 |  4.55e-01 |     -- |  9.42e-01 |  1.45e+00
 4439737 |  9.41e-07 |     -- |  3.03e-01 |  3.87e-01 |     -- |  9.00e-01 |  1.32e+00
 4448738 |  9.57e-07 |     -- |  3.20e-01 |  4.18e-01 |     -- |  8.99e-01 |  1.32e+00
 4457738 |  8.81e-07 |     -- |  2.94e-01 |  3.67e-01 |     -- |  8.77e-01 |  1.28e+00
 4466747 |  1.04e-06 |     -- |  3.78e-01 |  4.80e-01 |     -- |  9.31e-01 |  1.36e+00
 4475748 |  9.31e-07 |     -- |  2.78e-01 |  3.52e-01 |     -- |  9.00e-01 |  1.32e+00
 4484760 |  9.75e-07 |     -- |  3.15e-01 |  4.27e-01 |     -- |  9.06e-01 |  1.33e+00
 4493771 |  8.92e-07 |     -- |  2.92e-01 |  3.82e-01 |     -- |  8.77e-01 |  1.28e+00
 4502773 |  9.99e-07 |     -- |  3.26e-01 |  4.33e-01 |     -- |  9.02e-01 |  1.35e+00
 4511784 |  1.21e-06 |     -- |  3.56e-01 |  4.79e-01 |     -- |  9.74e-01 |  1.48e+00
 4520795 |  8.15e-07 |     -- |  2.53e-01 |  3.20e-01 |     -- |  8.54e-01 |  1.24e+00
 4529807 |  9.38e-07 |     -- |  3.17e-01 |  4.12e-01 |     -- |  8.94e-01 |  1.31e+00
 4538809 |  9.30e-07 |     -- |  2.94e-01 |  3.84e-01 |     -- |  8.94e-01 |  1.31e+00
 4547810 |  9.75e-07 |     -- |  3.22e-01 |  4.32e-01 |     -- |  9.06e-01 |  1.33e+00
 4556810 |  9.19e-07 |     -- |  2.98e-01 |  3.77e-01 |     -- |  8.92e-01 |  1.30e+00
 4565815 |  9.75e-07 |     -- |  3.29e-01 |  4.21e-01 |     -- |  9.08e-01 |  1.33e+00
 4574824 |  1.08e-06 |     -- |  3.45e-01 |  4.60e-01 |     -- |  9.35e-01 |  1.40e+00
 4583824 |  8.26e-07 |     -- |  2.61e-01 |  3.27e-01 |     -- |  8.52e-01 |  1.24e+00
 4592824 |  9.03e-07 |     -- |  2.89e-01 |  3.65e-01 |     -- |  8.87e-01 |  1.29e+00
 4601824 |  1.10e-06 |     -- |  3.14e-01 |  4.21e-01 |     -- |  9.35e-01 |  1.42e+00
 4610834 |  8.46e-07 |     -- |  2.72e-01 |  3.48e-01 |     -- |  8.63e-01 |  1.25e+00
 4619846 |  9.32e-07 |     -- |  3.27e-01 |  4.23e-01 |     -- |  8.86e-01 |  1.30e+00
 4628846 |  9.75e-07 |     -- |  2.89e-01 |  3.80e-01 |     -- |  9.08e-01 |  1.34e+00
 4637849 |  8.95e-07 |     -- |  2.57e-01 |  3.39e-01 |     -- |  8.83e-01 |  1.29e+00
 4646859 |  8.80e-07 |     -- |  2.98e-01 |  3.81e-01 |     -- |  8.73e-01 |  1.27e+00
 4655871 |  9.32e-07 |     -- |  3.13e-01 |  4.00e-01 |     -- |  8.94e-01 |  1.31e+00
 4664872 |  9.53e-07 |     -- |  3.00e-01 |  3.97e-01 |     -- |  8.97e-01 |  1.32e+00
 4673873 |  9.80e-07 |     -- |  2.80e-01 |  3.65e-01 |     -- |  9.11e-01 |  1.35e+00
 4682875 |  8.79e-07 |     -- |  2.92e-01 |  3.70e-01 |     -- |  8.73e-01 |  1.27e+00
 4691878 |  9.36e-07 |     -- |  3.02e-01 |  3.89e-01 |     -- |  8.93e-01 |  1.31e+00
 4700878 |  1.09e-06 |     -- |  3.68e-01 |  5.38e-01 |     -- |  9.16e-01 |  1.37e+00
 4709890 |  8.41e-07 |     -- |  2.53e-01 |  3.15e-01 |     -- |  8.63e-01 |  1.26e+00
 4718890 |  8.78e-07 |     -- |  2.75e-01 |  3.42e-01 |     -- |  8.75e-01 |  1.28e+00
 4727894 |  9.40e-07 |     -- |  2.79e-01 |  3.67e-01 |     -- |  8.87e-01 |  1.32e+00
 4736906 |  9.11e-07 |     -- |  3.02e-01 |  3.82e-01 |     -- |  8.83e-01 |  1.29e+00
 4745918 |  1.00e-06 |     -- |  3.06e-01 |  4.02e-01 |     -- |  9.08e-01 |  1.36e+00
 4754929 |  9.28e-07 |     -- |  2.97e-01 |  4.05e-01 |     -- |  8.78e-01 |  1.30e+00
 4763939 |  8.82e-07 |     -- |  2.88e-01 |  3.63e-01 |     -- |  8.73e-01 |  1.28e+00
 4772942 |  9.15e-07 |     -- |  2.90e-01 |  3.76e-01 |     -- |  8.85e-01 |  1.30e+00
 4781942 |  1.14e-06 |     -- |  3.19e-01 |  4.41e-01 |     -- |  9.46e-01 |  1.44e+00
 4790953 |  8.80e-07 |     -- |  2.62e-01 |  3.32e-01 |     -- |  8.72e-01 |  1.28e+00
 4799965 |  8.93e-07 |     -- |  3.05e-01 |  3.89e-01 |     -- |  8.67e-01 |  1.28e+00
 4808974 |  1.01e-06 |     -- |  3.23e-01 |  4.53e-01 |     -- |  9.05e-01 |  1.34e+00
 4817974 |  8.54e-07 |     -- |  2.56e-01 |  3.30e-01 |     -- |  8.67e-01 |  1.26e+00
 4826975 |  8.25e-07 |     -- |  2.55e-01 |  3.28e-01 |     -- |  8.52e-01 |  1.24e+00
 4835986 |  9.93e-07 |     -- |  3.24e-01 |  4.17e-01 |     -- |  9.15e-01 |  1.35e+00
 4844987 |  8.62e-07 |     -- |  2.80e-01 |  3.59e-01 |     -- |  8.66e-01 |  1.26e+00
 4853999 |  1.02e-06 |     -- |  2.95e-01 |  3.92e-01 |     -- |  9.14e-01 |  1.37e+00
 4863011 |  9.08e-07 |     -- |  2.85e-01 |  3.72e-01 |     -- |  8.82e-01 |  1.30e+00
 4872022 |  9.08e-07 |     -- |  3.01e-01 |  3.87e-01 |     -- |  8.78e-01 |  1.29e+00
 4881022 |  9.03e-07 |     -- |  2.80e-01 |  3.68e-01 |     -- |  8.78e-01 |  1.29e+00
 4890022 |  9.01e-07 |     -- |  2.79e-01 |  3.69e-01 |     -- |  8.82e-01 |  1.29e+00
 4899022 |  9.42e-07 |     -- |  3.02e-01 |  4.10e-01 |     -- |  8.90e-01 |  1.31e+00
 4908022 |  9.37e-07 |     -- |  2.91e-01 |  3.71e-01 |     -- |  8.92e-01 |  1.32e+00
 4917022 |  9.08e-07 |     -- |  2.88e-01 |  3.92e-01 |     -- |  8.74e-01 |  1.29e+00
 4926023 |  8.35e-07 |     -- |  2.45e-01 |  3.09e-01 |     -- |  8.59e-01 |  1.25e+00
 4935026 |  8.37e-07 |     -- |  2.72e-01 |  3.43e-01 |     -- |  8.56e-01 |  1.25e+00
 4944027 |  9.26e-07 |     -- |  3.31e-01 |  4.22e-01 |     -- |  8.85e-01 |  1.29e+00
 4953038 |  8.62e-07 |     -- |  2.55e-01 |  3.29e-01 |     -- |  8.68e-01 |  1.27e+00
 4962048 |  1.00e-06 |     -- |  3.34e-01 |  4.41e-01 |     -- |  9.05e-01 |  1.35e+00
 4971059 |  8.77e-07 |     -- |  2.65e-01 |  3.44e-01 |     -- |  8.75e-01 |  1.28e+00
 4980069 |  8.64e-07 |     -- |  2.62e-01 |  3.39e-01 |     -- |  8.63e-01 |  1.27e+00
 4989081 |  8.65e-07 |     -- |  2.83e-01 |  3.64e-01 |     -- |  8.63e-01 |  1.26e+00
 4998081 |  9.07e-07 |     -- |  2.94e-01 |  3.69e-01 |     -- |  8.82e-01 |  1.30e+00
 5007081 |  8.36e-07 |     -- |  2.65e-01 |  3.39e-01 |     -- |  8.56e-01 |  1.25e+00
 5016092 |  1.08e-06 |     -- |  3.63e-01 |  4.95e-01 |     -- |  9.19e-01 |  1.38e+00
 5025093 |  9.10e-07 |     -- |  2.51e-01 |  3.28e-01 |     -- |  8.82e-01 |  1.31e+00
 5034104 |  8.52e-07 |     -- |  2.57e-01 |  3.33e-01 |     -- |  8.59e-01 |  1.26e+00
 5043113 |  8.08e-07 |     -- |  2.64e-01 |  3.28e-01 |     -- |  8.42e-01 |  1.23e+00
 5052124 |  8.61e-07 |     -- |  2.68e-01 |  3.40e-01 |     -- |  8.71e-01 |  1.27e+00
 5061124 |  9.82e-07 |     -- |  2.98e-01 |  3.89e-01 |     -- |  9.04e-01 |  1.35e+00
 5070135 |  8.46e-07 |     -- |  2.59e-01 |  3.35e-01 |     -- |  8.55e-01 |  1.26e+00
 5079145 |  8.59e-07 |     -- |  2.71e-01 |  3.45e-01 |     -- |  8.67e-01 |  1.27e+00
 5088145 |  8.60e-07 |     -- |  2.59e-01 |  3.34e-01 |     -- |  8.70e-01 |  1.27e+00
 5097145 |  8.80e-07 |     -- |  2.70e-01 |  3.51e-01 |     -- |  8.71e-01 |  1.28e+00
 5106156 |  8.44e-07 |     -- |  2.56e-01 |  3.23e-01 |     -- |  8.59e-01 |  1.26e+00
 5115167 |  9.06e-07 |     -- |  2.91e-01 |  3.87e-01 |     -- |  8.78e-01 |  1.29e+00
 5124171 |  8.15e-07 |     -- |  2.78e-01 |  3.46e-01 |     -- |  8.41e-01 |  1.23e+00
 5133171 |  8.35e-07 |     -- |  2.72e-01 |  3.46e-01 |     -- |  8.55e-01 |  1.25e+00
 5142182 |  8.91e-07 |     -- |  2.82e-01 |  3.64e-01 |     -- |  8.74e-01 |  1.28e+00
 5151193 |  8.46e-07 |     -- |  2.87e-01 |  3.61e-01 |     -- |  8.55e-01 |  1.25e+00
 5160203 |  9.08e-07 |     -- |  2.74e-01 |  3.59e-01 |     -- |  8.67e-01 |  1.30e+00
 5169214 |  8.37e-07 |     -- |  2.80e-01 |  3.53e-01 |     -- |  8.49e-01 |  1.24e+00
 5178223 |  8.82e-07 |     -- |  2.84e-01 |  3.74e-01 |     -- |  8.68e-01 |  1.27e+00
 5187235 |  8.17e-07 |     -- |  2.64e-01 |  3.33e-01 |     -- |  8.45e-01 |  1.23e+00
 5196237 |  1.04e-06 |     -- |  3.38e-01 |  4.36e-01 |     -- |  9.14e-01 |  1.37e+00
 5205249 |  7.86e-07 |     -- |  2.37e-01 |  2.94e-01 |     -- |  8.36e-01 |  1.22e+00
 5214259 |  1.04e-06 |     -- |  3.07e-01 |  4.29e-01 |     -- |  9.02e-01 |  1.38e+00
 5223260 |  8.52e-07 |     -- |  2.72e-01 |  3.61e-01 |     -- |  8.49e-01 |  1.25e+00
 5232262 |  7.63e-07 |     -- |  2.31e-01 |  2.90e-01 |     -- |  8.27e-01 |  1.20e+00
 5241274 |  1.01e-06 |     -- |  3.03e-01 |  4.24e-01 |     -- |  9.01e-01 |  1.36e+00
 5250277 |  7.95e-07 |     -- |  2.54e-01 |  3.21e-01 |     -- |  8.35e-01 |  1.22e+00
 5259288 |  8.21e-07 |     -- |  2.61e-01 |  3.34e-01 |     -- |  8.47e-01 |  1.24e+00
 5268300 |  8.99e-07 |     -- |  2.94e-01 |  3.76e-01 |     -- |  8.69e-01 |  1.29e+00
 5277312 |  8.10e-07 |     -- |  2.63e-01 |  3.31e-01 |     -- |  8.37e-01 |  1.23e+00
 5286323 |  8.38e-07 |     -- |  2.57e-01 |  3.46e-01 |     -- |  8.50e-01 |  1.25e+00
 5295335 |  8.35e-07 |     -- |  2.56e-01 |  3.30e-01 |     -- |  8.55e-01 |  1.25e+00
 5304336 |  1.07e-06 |     -- |  3.21e-01 |  4.34e-01 |     -- |  9.17e-01 |  1.40e+00
 5313336 |  8.56e-07 |     -- |  2.64e-01 |  3.49e-01 |     -- |  8.51e-01 |  1.26e+00
 5322348 |  8.02e-07 |     -- |  2.42e-01 |  3.05e-01 |     -- |  8.41e-01 |  1.23e+00
 5331360 |  8.15e-07 |     -- |  2.48e-01 |  3.15e-01 |     -- |  8.47e-01 |  1.24e+00
 5340372 |  7.99e-07 |     -- |  2.51e-01 |  3.17e-01 |     -- |  8.38e-01 |  1.22e+00
 5349382 |  8.68e-07 |     -- |  3.02e-01 |  3.78e-01 |     -- |  8.60e-01 |  1.26e+00
 5358382 |  8.46e-07 |     -- |  2.63e-01 |  3.33e-01 |     -- |  8.55e-01 |  1.26e+00
 5367394 |  8.33e-07 |     -- |  2.57e-01 |  3.23e-01 |     -- |  8.52e-01 |  1.25e+00
 5376405 |  8.64e-07 |     -- |  2.70e-01 |  3.49e-01 |     -- |  8.61e-01 |  1.27e+00
 5385411 |  8.05e-07 |     -- |  2.62e-01 |  3.24e-01 |     -- |  8.39e-01 |  1.23e+00
 5394420 |  9.69e-07 |     -- |  3.08e-01 |  3.97e-01 |     -- |  8.92e-01 |  1.33e+00
 5403431 |  8.34e-07 |     -- |  2.64e-01 |  3.32e-01 |     -- |  8.52e-01 |  1.25e+00
 5412432 |  7.57e-07 |     -- |  2.19e-01 |  2.84e-01 |     -- |  8.20e-01 |  1.20e+00
 5421444 |  8.55e-07 |     -- |  2.70e-01 |  3.48e-01 |     -- |  8.58e-01 |  1.26e+00
 5430456 |  8.44e-07 |     -- |  2.83e-01 |  3.54e-01 |     -- |  8.56e-01 |  1.25e+00
 5439468 |  1.01e-06 |     -- |  2.83e-01 |  4.26e-01 |     -- |  8.79e-01 |  1.36e+00
 5448480 |  7.76e-07 |     -- |  2.29e-01 |  2.84e-01 |     -- |  8.31e-01 |  1.21e+00
 5457480 |  8.42e-07 |     -- |  2.76e-01 |  3.56e-01 |     -- |  8.49e-01 |  1.25e+00
 5466490 |  7.77e-07 |     -- |  2.21e-01 |  2.81e-01 |     -- |  8.32e-01 |  1.21e+00
 5475490 |  9.05e-07 |     -- |  2.76e-01 |  3.55e-01 |     -- |  8.74e-01 |  1.30e+00
 5484491 |  8.00e-07 |     -- |  2.58e-01 |  3.31e-01 |     -- |  8.37e-01 |  1.22e+00
 5493503 |  8.57e-07 |     -- |  2.78e-01 |  3.57e-01 |     -- |  8.58e-01 |  1.26e+00
 5502515 |  8.03e-07 |     -- |  2.85e-01 |  3.63e-01 |     -- |  8.30e-01 |  1.21e+00
 5511515 |  8.59e-07 |     -- |  2.60e-01 |  3.33e-01 |     -- |  8.65e-01 |  1.27e+00
 5520527 |  8.02e-07 |     -- |  2.50e-01 |  3.18e-01 |     -- |  8.37e-01 |  1.23e+00
 5529530 |  9.87e-07 |     -- |  2.96e-01 |  3.97e-01 |     -- |  8.95e-01 |  1.35e+00
 5538541 |  8.06e-07 |     -- |  2.47e-01 |  3.07e-01 |     -- |  8.41e-01 |  1.23e+00
 5547552 |  7.71e-07 |     -- |  2.49e-01 |  3.21e-01 |     -- |  8.22e-01 |  1.20e+00
 5556553 |  8.31e-07 |     -- |  2.68e-01 |  3.48e-01 |     -- |  8.47e-01 |  1.24e+00
 5565564 |  8.65e-07 |     -- |  2.71e-01 |  3.44e-01 |     -- |  8.59e-01 |  1.27e+00
 5574574 |  8.30e-07 |     -- |  2.67e-01 |  3.39e-01 |     -- |  8.43e-01 |  1.24e+00
 5583576 |  8.21e-07 |     -- |  2.60e-01 |  3.27e-01 |     -- |  8.43e-01 |  1.24e+00
 5592587 |  8.32e-07 |     -- |  2.80e-01 |  3.54e-01 |     -- |  8.45e-01 |  1.24e+00
 5601597 |  7.96e-07 |     -- |  2.79e-01 |  3.53e-01 |     -- |  8.25e-01 |  1.21e+00
 5610609 |  9.47e-07 |     -- |  2.84e-01 |  3.81e-01 |     -- |  8.74e-01 |  1.32e+00
 5619620 |  7.47e-07 |     -- |  2.26e-01 |  2.86e-01 |     -- |  8.15e-01 |  1.19e+00
 5628631 |  8.09e-07 |     -- |  2.58e-01 |  3.29e-01 |     -- |  8.37e-01 |  1.23e+00
 5637631 |  8.29e-07 |     -- |  2.59e-01 |  3.29e-01 |     -- |  8.47e-01 |  1.24e+00
 5646631 |  8.52e-07 |     -- |  2.88e-01 |  3.64e-01 |     -- |  8.52e-01 |  1.25e+00
 5655643 |  8.28e-07 |     -- |  2.61e-01 |  3.33e-01 |     -- |  8.36e-01 |  1.24e+00
 5664644 |  8.71e-07 |     -- |  2.68e-01 |  3.50e-01 |     -- |  8.60e-01 |  1.27e+00
 5673656 |  7.70e-07 |     -- |  2.65e-01 |  3.38e-01 |     -- |  8.17e-01 |  1.19e+00
 5682667 |  7.71e-07 |     -- |  2.37e-01 |  2.98e-01 |     -- |  8.22e-01 |  1.21e+00
 5691669 |  9.27e-07 |     -- |  2.82e-01 |  3.67e-01 |     -- |  8.77e-01 |  1.31e+00
 5700673 |  7.78e-07 |     -- |  2.47e-01 |  3.11e-01 |     -- |  8.25e-01 |  1.21e+00
 5709685 |  7.76e-07 |     -- |  2.59e-01 |  3.31e-01 |     -- |  8.22e-01 |  1.20e+00
 5718687 |  9.19e-07 |     -- |  2.79e-01 |  3.62e-01 |     -- |  8.70e-01 |  1.31e+00
 5727698 |  7.86e-07 |     -- |  2.31e-01 |  2.88e-01 |     -- |  8.32e-01 |  1.22e+00
 5736709 |  8.05e-07 |     -- |  2.58e-01 |  3.30e-01 |     -- |  8.32e-01 |  1.23e+00
 5745720 |  7.85e-07 |     -- |  2.40e-01 |  3.13e-01 |     -- |  8.27e-01 |  1.21e+00
 5754732 |  8.14e-07 |     -- |  2.75e-01 |  3.48e-01 |     -- |  8.38e-01 |  1.23e+00
 5763732 |  8.24e-07 |     -- |  2.36e-01 |  3.04e-01 |     -- |  8.47e-01 |  1.25e+00
 5772744 |  7.81e-07 |     -- |  2.56e-01 |  3.25e-01 |     -- |  8.22e-01 |  1.21e+00
 5781755 |  7.86e-07 |     -- |  2.65e-01 |  3.31e-01 |     -- |  8.25e-01 |  1.21e+00
 5790756 |  8.34e-07 |     -- |  2.54e-01 |  3.30e-01 |     -- |  8.43e-01 |  1.25e+00
 5799766 |  7.92e-07 |     -- |  2.39e-01 |  3.04e-01 |     -- |  8.31e-01 |  1.22e+00
 5808778 |  8.08e-07 |     -- |  2.66e-01 |  3.34e-01 |     -- |  8.39e-01 |  1.23e+00
 5817790 |  8.43e-07 |     -- |  2.63e-01 |  3.33e-01 |     -- |  8.50e-01 |  1.25e+00
 5826791 |  7.84e-07 |     -- |  2.43e-01 |  3.11e-01 |     -- |  8.29e-01 |  1.21e+00
 5835802 |  8.01e-07 |     -- |  2.55e-01 |  3.25e-01 |     -- |  8.32e-01 |  1.22e+00
 5844802 |  8.91e-07 |     -- |  2.64e-01 |  3.43e-01 |     -- |  8.59e-01 |  1.29e+00
 5853802 |  7.36e-07 |     -- |  2.21e-01 |  2.76e-01 |     -- |  8.08e-01 |  1.18e+00
 5862803 |  8.34e-07 |     -- |  2.70e-01 |  3.56e-01 |     -- |  8.40e-01 |  1.24e+00
 5871814 |  7.76e-07 |     -- |  2.59e-01 |  3.23e-01 |     -- |  8.21e-01 |  1.20e+00
 5880825 |  8.07e-07 |     -- |  2.69e-01 |  3.37e-01 |     -- |  8.35e-01 |  1.22e+00
 5889826 |  8.79e-07 |     -- |  2.73e-01 |  3.52e-01 |     -- |  8.63e-01 |  1.28e+00
 5898837 |  8.27e-07 |     -- |  2.40e-01 |  3.04e-01 |     -- |  8.45e-01 |  1.25e+00
 5907838 |  8.44e-07 |     -- |  2.63e-01 |  3.45e-01 |     -- |  8.41e-01 |  1.25e+00
 5916850 |  7.53e-07 |     -- |  2.21e-01 |  2.84e-01 |     -- |  8.15e-01 |  1.19e+00
 5925850 |  7.70e-07 |     -- |  2.34e-01 |  2.98e-01 |     -- |  8.20e-01 |  1.20e+00
 5934853 |  7.80e-07 |     -- |  2.65e-01 |  3.35e-01 |     -- |  8.22e-01 |  1.20e+00
 5943853 |  7.62e-07 |     -- |  2.14e-01 |  2.70e-01 |     -- |  8.23e-01 |  1.20e+00
 5952864 |  8.26e-07 |     -- |  2.66e-01 |  3.52e-01 |     -- |  8.30e-01 |  1.24e+00
 5961864 |  7.73e-07 |     -- |  2.43e-01 |  3.09e-01 |     -- |  8.22e-01 |  1.20e+00
 5970875 |  7.84e-07 |     -- |  2.51e-01 |  3.13e-01 |     -- |  8.30e-01 |  1.21e+00
 5979887 |  8.13e-07 |     -- |  2.74e-01 |  3.54e-01 |     -- |  8.35e-01 |  1.22e+00
 5988888 |  7.39e-07 |     -- |  2.16e-01 |  2.74e-01 |     -- |  8.08e-01 |  1.18e+00
 5997899 |  8.88e-07 |     -- |  2.52e-01 |  3.36e-01 |     -- |  8.55e-01 |  1.29e+00
 6006900 |  7.69e-07 |     -- |  2.26e-01 |  2.88e-01 |     -- |  8.21e-01 |  1.21e+00
 6015900 |  7.58e-07 |     -- |  2.51e-01 |  3.13e-01 |     -- |  8.11e-01 |  1.19e+00
 6024911 |  8.51e-07 |     -- |  2.65e-01 |  3.43e-01 |     -- |  8.45e-01 |  1.26e+00
 6033923 |  7.37e-07 |     -- |  2.14e-01 |  2.68e-01 |     -- |  8.08e-01 |  1.18e+00
 6042933 |  1.02e-06 |     -- |  2.97e-01 |  4.13e-01 |     -- |  8.90e-01 |  1.37e+00
 6051945 |  7.15e-07 |     -- |  2.20e-01 |  2.80e-01 |     -- |  7.93e-01 |  1.16e+00
 6060955 |  7.18e-07 |     -- |  2.26e-01 |  2.82e-01 |     -- |  7.97e-01 |  1.16e+00
 6069966 |  7.95e-07 |     -- |  2.40e-01 |  3.03e-01 |     -- |  8.32e-01 |  1.22e+00
 6078970 |  7.45e-07 |     -- |  2.22e-01 |  2.83e-01 |     -- |  8.09e-01 |  1.19e+00
 6087981 |  9.12e-07 |     -- |  2.98e-01 |  4.05e-01 |     -- |  8.58e-01 |  1.29e+00
 6096982 |  7.13e-07 |     -- |  2.08e-01 |  2.64e-01 |     -- |  7.95e-01 |  1.16e+00
 6105983 |  7.47e-07 |     -- |  2.40e-01 |  3.05e-01 |     -- |  8.07e-01 |  1.18e+00
 6114983 |  9.20e-07 |     -- |  2.46e-01 |  3.30e-01 |     -- |  8.63e-01 |  1.32e+00
 6123983 |  7.39e-07 |     -- |  2.18e-01 |  2.74e-01 |     -- |  8.06e-01 |  1.18e+00
 6132983 |  7.68e-07 |     -- |  2.37e-01 |  3.03e-01 |     -- |  8.20e-01 |  1.20e+00
 6141994 |  7.61e-07 |     -- |  2.41e-01 |  3.06e-01 |     -- |  8.16e-01 |  1.20e+00
 6151005 |  8.24e-07 |     -- |  2.49e-01 |  3.43e-01 |     -- |  8.34e-01 |  1.24e+00
 6160005 |  7.29e-07 |     -- |  2.16e-01 |  2.73e-01 |     -- |  8.04e-01 |  1.18e+00
 6169006 |  7.86e-07 |     -- |  2.29e-01 |  2.88e-01 |     -- |  8.30e-01 |  1.22e+00
 6178008 |  7.64e-07 |     -- |  2.33e-01 |  2.93e-01 |     -- |  8.18e-01 |  1.20e+00
 6187010 |  7.47e-07 |     -- |  2.33e-01 |  2.95e-01 |     -- |  8.09e-01 |  1.19e+00
 6196021 |  7.53e-07 |     -- |  2.43e-01 |  3.07e-01 |     -- |  8.10e-01 |  1.19e+00
 6205025 |  8.13e-07 |     -- |  2.48e-01 |  3.13e-01 |     -- |  8.37e-01 |  1.24e+00
 6214036 |  7.92e-07 |     -- |  2.36e-01 |  3.00e-01 |     -- |  8.27e-01 |  1.22e+00
 6223048 |  7.60e-07 |     -- |  2.46e-01 |  3.14e-01 |     -- |  8.12e-01 |  1.19e+00
 6232060 |  7.59e-07 |     -- |  2.38e-01 |  3.00e-01 |     -- |  8.14e-01 |  1.19e+00
 6241061 |  8.16e-07 |     -- |  2.62e-01 |  3.45e-01 |     -- |  8.32e-01 |  1.23e+00
 6250071 |  7.14e-07 |     -- |  2.21e-01 |  2.74e-01 |     -- |  7.95e-01 |  1.16e+00
 6259072 |  7.34e-07 |     -- |  2.30e-01 |  2.91e-01 |     -- |  8.03e-01 |  1.18e+00
 6268081 |  7.78e-07 |     -- |  2.38e-01 |  3.07e-01 |     -- |  8.21e-01 |  1.21e+00
 6277084 |  7.45e-07 |     -- |  2.05e-01 |  2.62e-01 |     -- |  8.13e-01 |  1.19e+00
 6286094 |  8.20e-07 |     -- |  2.57e-01 |  3.39e-01 |     -- |  8.34e-01 |  1.24e+00
 6295105 |  7.30e-07 |     -- |  2.38e-01 |  2.96e-01 |     -- |  8.01e-01 |  1.17e+00
 6304117 |  9.13e-07 |     -- |  2.74e-01 |  3.55e-01 |     -- |  8.60e-01 |  1.30e+00
 6313118 |  6.88e-07 |     -- |  1.80e-01 |  2.26e-01 |     -- |  7.85e-01 |  1.15e+00
 6322123 |  7.80e-07 |     -- |  2.29e-01 |  2.88e-01 |     -- |  8.26e-01 |  1.22e+00
 6331135 |  7.29e-07 |     -- |  2.36e-01 |  2.95e-01 |     -- |  7.98e-01 |  1.17e+00
 6340146 |  8.93e-07 |     -- |  2.56e-01 |  3.51e-01 |     -- |  8.48e-01 |  1.29e+00
 6349155 |  7.14e-07 |     -- |  2.12e-01 |  2.73e-01 |     -- |  7.93e-01 |  1.16e+00
 6358165 |  7.62e-07 |     -- |  2.35e-01 |  3.02e-01 |     -- |  8.16e-01 |  1.20e+00
 6367167 |  7.77e-07 |     -- |  2.15e-01 |  2.80e-01 |     -- |  8.15e-01 |  1.22e+00
 6376168 |  8.10e-07 |     -- |  2.49e-01 |  3.15e-01 |     -- |  8.28e-01 |  1.23e+00
 6385172 |  7.38e-07 |     -- |  2.18e-01 |  2.78e-01 |     -- |  8.04e-01 |  1.18e+00
 6394183 |  7.39e-07 |     -- |  2.33e-01 |  2.91e-01 |     -- |  8.06e-01 |  1.18e+00
 6403193 |  7.30e-07 |     -- |  2.38e-01 |  2.96e-01 |     -- |  7.98e-01 |  1.17e+00
 6412204 |  7.45e-07 |     -- |  2.34e-01 |  3.00e-01 |     -- |  8.05e-01 |  1.18e+00
 6421216 |  7.70e-07 |     -- |  2.23e-01 |  2.79e-01 |     -- |  8.18e-01 |  1.21e+00
 6430217 |  7.45e-07 |     -- |  2.38e-01 |  3.02e-01 |     -- |  8.04e-01 |  1.18e+00
 6439229 |  7.51e-07 |     -- |  2.35e-01 |  2.94e-01 |     -- |  8.05e-01 |  1.19e+00
 6448229 |  7.05e-07 |     -- |  2.02e-01 |  2.53e-01 |     -- |  7.90e-01 |  1.16e+00
 6457230 |  8.04e-07 |     -- |  2.48e-01 |  3.34e-01 |     -- |  8.22e-01 |  1.22e+00
 6466240 |  7.31e-07 |     -- |  2.14e-01 |  2.83e-01 |     -- |  7.99e-01 |  1.18e+00
 6475252 |  7.30e-07 |     -- |  2.18e-01 |  2.73e-01 |     -- |  8.00e-01 |  1.18e+00
 6484255 |  7.80e-07 |     -- |  2.61e-01 |  3.24e-01 |     -- |  8.16e-01 |  1.21e+00
 6493266 |  7.42e-07 |     -- |  2.41e-01 |  3.03e-01 |     -- |  8.04e-01 |  1.18e+00
 6502266 |  7.59e-07 |     -- |  2.25e-01 |  2.86e-01 |     -- |  8.13e-01 |  1.20e+00
 6511278 |  1.07e-06 |     -- |  2.65e-01 |  3.93e-01 |     -- |  8.81e-01 |  1.41e+00
 6520287 |  6.70e-07 |     -- |  1.75e-01 |  2.22e-01 |     -- |  7.74e-01 |  1.14e+00
 6529299 |  7.35e-07 |     -- |  2.29e-01 |  2.94e-01 |     -- |  8.00e-01 |  1.18e+00
 6538299 |  7.70e-07 |     -- |  2.43e-01 |  3.15e-01 |     -- |  8.08e-01 |  1.20e+00
 6547299 |  7.08e-07 |     -- |  2.16e-01 |  2.73e-01 |     -- |  7.90e-01 |  1.16e+00
 6556299 |  7.28e-07 |     -- |  2.28e-01 |  2.86e-01 |     -- |  7.96e-01 |  1.17e+00
 6565310 |  7.56e-07 |     -- |  2.46e-01 |  3.12e-01 |     -- |  8.08e-01 |  1.19e+00
 6574310 |  7.36e-07 |     -- |  2.25e-01 |  2.83e-01 |     -- |  8.02e-01 |  1.18e+00
 6583322 |  7.31e-07 |     -- |  2.04e-01 |  2.62e-01 |     -- |  8.01e-01 |  1.18e+00
 6592332 |  7.17e-07 |     -- |  2.11e-01 |  2.70e-01 |     -- |  7.96e-01 |  1.17e+00
 6601344 |  7.27e-07 |     -- |  2.29e-01 |  2.91e-01 |     -- |  7.98e-01 |  1.17e+00
 6610356 |  7.51e-07 |     -- |  2.21e-01 |  2.82e-01 |     -- |  8.08e-01 |  1.19e+00
 6619357 |  7.19e-07 |     -- |  2.34e-01 |  2.91e-01 |     -- |  7.94e-01 |  1.16e+00
 6628369 |  7.35e-07 |     -- |  2.30e-01 |  2.94e-01 |     -- |  8.02e-01 |  1.18e+00
 6637370 |  7.10e-07 |     -- |  2.22e-01 |  2.77e-01 |     -- |  7.90e-01 |  1.16e+00
 6646370 |  7.81e-07 |     -- |  2.33e-01 |  3.09e-01 |     -- |  8.11e-01 |  1.21e+00
 6655381 |  7.09e-07 |     -- |  2.12e-01 |  2.67e-01 |     -- |  7.90e-01 |  1.16e+00
 6664392 |  7.91e-07 |     -- |  2.55e-01 |  3.23e-01 |     -- |  8.14e-01 |  1.22e+00
 6673392 |  7.17e-07 |     -- |  2.17e-01 |  2.73e-01 |     -- |  7.94e-01 |  1.17e+00
 6682394 |  7.12e-07 |     -- |  2.20e-01 |  2.78e-01 |     -- |  7.91e-01 |  1.16e+00
 6691406 |  7.11e-07 |     -- |  2.08e-01 |  2.61e-01 |     -- |  7.91e-01 |  1.16e+00
 6700417 |  7.14e-07 |     -- |  2.24e-01 |  2.82e-01 |     -- |  7.92e-01 |  1.16e+00
 6709417 |  8.58e-07 |     -- |  2.36e-01 |  3.17e-01 |     -- |  8.36e-01 |  1.27e+00
 6718428 |  7.09e-07 |     -- |  2.12e-01 |  2.64e-01 |     -- |  7.90e-01 |  1.16e+00
 6727428 |  7.39e-07 |     -- |  2.32e-01 |  2.93e-01 |     -- |  8.02e-01 |  1.18e+00
 6736428 |  7.32e-07 |     -- |  2.35e-01 |  2.98e-01 |     -- |  7.99e-01 |  1.17e+00
 6745432 |  6.92e-07 |     -- |  2.09e-01 |  2.68e-01 |     -- |  7.79e-01 |  1.15e+00
 6754435 |  7.58e-07 |     -- |  2.28e-01 |  2.94e-01 |     -- |  8.10e-01 |  1.20e+00
 6763446 |  7.07e-07 |     -- |  2.39e-01 |  3.03e-01 |     -- |  7.84e-01 |  1.15e+00
 6772448 |  7.14e-07 |     -- |  2.25e-01 |  2.82e-01 |     -- |  7.91e-01 |  1.16e+00
 6781448 |  7.02e-07 |     -- |  2.13e-01 |  2.72e-01 |     -- |  7.84e-01 |  1.15e+00
 6790458 |  7.03e-07 |     -- |  2.16e-01 |  2.73e-01 |     -- |  7.86e-01 |  1.15e+00
 6799461 |  7.42e-07 |     -- |  2.42e-01 |  3.04e-01 |     -- |  8.02e-01 |  1.18e+00
 6808463 |  7.41e-07 |     -- |  2.15e-01 |  2.79e-01 |     -- |  8.03e-01 |  1.18e+00
 6817474 |  7.21e-07 |     -- |  2.10e-01 |  2.62e-01 |     -- |  7.97e-01 |  1.17e+00
 6826485 |  7.43e-07 |     -- |  2.17e-01 |  2.77e-01 |     -- |  8.04e-01 |  1.19e+00
 6835497 |  7.05e-07 |     -- |  2.14e-01 |  2.67e-01 |     -- |  7.87e-01 |  1.16e+00
 6844497 |  7.11e-07 |     -- |  2.11e-01 |  2.68e-01 |     -- |  7.92e-01 |  1.16e+00
 6853509 |  7.95e-07 |     -- |  2.37e-01 |  3.00e-01 |     -- |  8.23e-01 |  1.22e+00
 6862520 |  7.04e-07 |     -- |  2.08e-01 |  2.64e-01 |     -- |  7.88e-01 |  1.16e+00
 6871520 |  7.14e-07 |     -- |  2.28e-01 |  2.87e-01 |     -- |  7.90e-01 |  1.16e+00
 6880532 |  7.13e-07 |     -- |  2.11e-01 |  2.68e-01 |     -- |  7.91e-01 |  1.16e+00
 6889542 |  7.10e-07 |     -- |  2.18e-01 |  2.73e-01 |     -- |  7.89e-01 |  1.16e+00
 6898553 |  7.28e-07 |     -- |  2.33e-01 |  2.99e-01 |     -- |  7.95e-01 |  1.17e+00
 6907564 |  7.44e-07 |     -- |  2.08e-01 |  2.64e-01 |     -- |  8.08e-01 |  1.19e+00
 6916573 |  6.78e-07 |     -- |  1.89e-01 |  2.37e-01 |     -- |  7.76e-01 |  1.14e+00
 6925574 |  7.18e-07 |     -- |  2.18e-01 |  2.79e-01 |     -- |  7.94e-01 |  1.17e+00
 6934583 |  6.95e-07 |     -- |  2.02e-01 |  2.55e-01 |     -- |  7.83e-01 |  1.15e+00
 6943595 |  7.26e-07 |     -- |  2.20e-01 |  2.83e-01 |     -- |  7.97e-01 |  1.17e+00
 6952606 |  6.92e-07 |     -- |  1.94e-01 |  2.45e-01 |     -- |  7.81e-01 |  1.15e+00
 6961606 |  7.49e-07 |     -- |  2.40e-01 |  3.03e-01 |     -- |  8.03e-01 |  1.19e+00
 6970608 |  7.42e-07 |     -- |  2.25e-01 |  2.87e-01 |     -- |  8.01e-01 |  1.18e+00
 6979620 |  6.97e-07 |     -- |  2.10e-01 |  2.61e-01 |     -- |  7.83e-01 |  1.15e+00
 6988632 |  6.70e-07 |     -- |  1.87e-01 |  2.36e-01 |     -- |  7.72e-01 |  1.13e+00
 6997644 |  7.18e-07 |     -- |  2.32e-01 |  2.90e-01 |     -- |  7.90e-01 |  1.16e+00
 7006645 |  7.50e-07 |     -- |  2.42e-01 |  3.06e-01 |     -- |  8.06e-01 |  1.19e+00
 7015657 |  7.04e-07 |     -- |  2.22e-01 |  2.81e-01 |     -- |  7.81e-01 |  1.15e+00
 7024657 |  7.04e-07 |     -- |  2.12e-01 |  2.65e-01 |     -- |  7.86e-01 |  1.16e+00
 7033658 |  7.37e-07 |     -- |  2.22e-01 |  2.82e-01 |     -- |  8.01e-01 |  1.18e+00
 7042667 |  6.86e-07 |     -- |  1.98e-01 |  2.53e-01 |     -- |  7.79e-01 |  1.14e+00
 7051679 |  7.20e-07 |     -- |  2.06e-01 |  2.60e-01 |     -- |  7.92e-01 |  1.17e+00
 7060690 |  7.00e-07 |     -- |  2.15e-01 |  2.77e-01 |     -- |  7.81e-01 |  1.15e+00
 7069691 |  6.86e-07 |     -- |  2.16e-01 |  2.72e-01 |     -- |  7.75e-01 |  1.14e+00
 7078692 |  7.03e-07 |     -- |  2.20e-01 |  2.81e-01 |     -- |  7.81e-01 |  1.15e+00
 7087704 |  7.04e-07 |     -- |  2.05e-01 |  2.60e-01 |     -- |  7.86e-01 |  1.16e+00
 7096705 |  7.11e-07 |     -- |  2.36e-01 |  3.06e-01 |     -- |  7.83e-01 |  1.15e+00
 7105708 |  7.05e-07 |     -- |  1.94e-01 |  2.58e-01 |     -- |  7.83e-01 |  1.16e+00
 7114720 |  6.85e-07 |     -- |  1.98e-01 |  2.48e-01 |     -- |  7.78e-01 |  1.14e+00
 7123730 |  7.45e-07 |     -- |  2.44e-01 |  3.19e-01 |     -- |  7.96e-01 |  1.18e+00
 7132730 |  6.65e-07 |     -- |  1.91e-01 |  2.39e-01 |     -- |  7.69e-01 |  1.13e+00
 7141741 |  7.00e-07 |     -- |  2.06e-01 |  2.58e-01 |     -- |  7.83e-01 |  1.15e+00
 7150752 |  8.46e-07 |     -- |  2.54e-01 |  3.40e-01 |     -- |  8.35e-01 |  1.26e+00
 7159756 |  6.73e-07 |     -- |  1.98e-01 |  2.45e-01 |     -- |  7.72e-01 |  1.13e+00
 7168757 |  6.69e-07 |     -- |  1.91e-01 |  2.42e-01 |     -- |  7.69e-01 |  1.13e+00
 7177766 |  6.94e-07 |     -- |  2.09e-01 |  2.59e-01 |     -- |  7.81e-01 |  1.15e+00
 7186776 |  6.97e-07 |     -- |  2.31e-01 |  2.91e-01 |     -- |  7.78e-01 |  1.14e+00
 7195786 |  6.64e-07 |     -- |  1.87e-01 |  2.34e-01 |     -- |  7.68e-01 |  1.13e+00
 7204789 |  7.29e-07 |     -- |  2.40e-01 |  2.98e-01 |     -- |  7.95e-01 |  1.17e+00
 7213800 |  7.07e-07 |     -- |  2.06e-01 |  2.60e-01 |     -- |  7.85e-01 |  1.16e+00
 7222800 |  7.20e-07 |     -- |  2.05e-01 |  2.62e-01 |     -- |  7.90e-01 |  1.17e+00
 7231801 |  6.91e-07 |     -- |  2.11e-01 |  2.61e-01 |     -- |  7.78e-01 |  1.15e+00
 7240812 |  6.87e-07 |     -- |  2.04e-01 |  2.56e-01 |     -- |  7.78e-01 |  1.14e+00
 7249813 |  6.97e-07 |     -- |  2.20e-01 |  2.79e-01 |     -- |  7.77e-01 |  1.15e+00
 7258824 |  6.95e-07 |     -- |  2.29e-01 |  2.87e-01 |     -- |  7.77e-01 |  1.14e+00
 7267824 |  7.04e-07 |     -- |  2.23e-01 |  2.80e-01 |     -- |  7.81e-01 |  1.15e+00
 7276836 |  7.10e-07 |     -- |  2.12e-01 |  2.67e-01 |     -- |  7.82e-01 |  1.16e+00
 7285838 |  6.58e-07 |     -- |  2.01e-01 |  2.51e-01 |     -- |  7.62e-01 |  1.12e+00
 7294850 |  6.75e-07 |     -- |  1.98e-01 |  2.46e-01 |     -- |  7.71e-01 |  1.14e+00
 7303862 |  6.98e-07 |     -- |  2.12e-01 |  2.72e-01 |     -- |  7.81e-01 |  1.15e+00
 7312862 |  6.86e-07 |     -- |  2.04e-01 |  2.59e-01 |     -- |  7.76e-01 |  1.14e+00
 7321862 |  6.97e-07 |     -- |  2.16e-01 |  2.75e-01 |     -- |  7.79e-01 |  1.15e+00
 7330873 |  6.92e-07 |     -- |  2.12e-01 |  2.63e-01 |     -- |  7.75e-01 |  1.15e+00
 7339885 |  6.70e-07 |     -- |  2.01e-01 |  2.50e-01 |     -- |  7.68e-01 |  1.13e+00
 7348896 |  6.80e-07 |     -- |  1.95e-01 |  2.46e-01 |     -- |  7.74e-01 |  1.14e+00
 7357897 |  7.20e-07 |     -- |  2.15e-01 |  2.80e-01 |     -- |  7.91e-01 |  1.17e+00
 7366899 |  6.77e-07 |     -- |  2.07e-01 |  2.63e-01 |     -- |  7.70e-01 |  1.13e+00
 7375909 |  6.95e-07 |     -- |  2.04e-01 |  2.55e-01 |     -- |  7.82e-01 |  1.15e+00
 7384921 |  7.06e-07 |     -- |  2.25e-01 |  2.85e-01 |     -- |  7.79e-01 |  1.15e+00
 7393921 |  6.53e-07 |     -- |  1.77e-01 |  2.25e-01 |     -- |  7.62e-01 |  1.12e+00
 7402922 |  7.08e-07 |     -- |  2.03e-01 |  2.58e-01 |     -- |  7.88e-01 |  1.16e+00
 7411925 |  6.86e-07 |     -- |  2.04e-01 |  2.62e-01 |     -- |  7.73e-01 |  1.14e+00
 7420926 |  7.34e-07 |     -- |  2.22e-01 |  2.88e-01 |     -- |  7.93e-01 |  1.18e+00
 7429928 |  6.65e-07 |     -- |  1.92e-01 |  2.39e-01 |     -- |  7.65e-01 |  1.13e+00
 7438940 |  6.56e-07 |     -- |  1.93e-01 |  2.41e-01 |     -- |  7.62e-01 |  1.12e+00
 7447952 |  7.05e-07 |     -- |  2.06e-01 |  2.60e-01 |     -- |  7.84e-01 |  1.16e+00
 7456964 |  6.68e-07 |     -- |  2.00e-01 |  2.54e-01 |     -- |  7.65e-01 |  1.13e+00
 7465968 |  7.32e-07 |     -- |  2.20e-01 |  2.85e-01 |     -- |  7.92e-01 |  1.18e+00
 7474969 |  6.88e-07 |     -- |  1.91e-01 |  2.44e-01 |     -- |  7.75e-01 |  1.15e+00
 7483969 |  6.83e-07 |     -- |  2.00e-01 |  2.52e-01 |     -- |  7.74e-01 |  1.14e+00
 7492970 |  6.83e-07 |     -- |  2.10e-01 |  2.62e-01 |     -- |  7.72e-01 |  1.14e+00
 7501981 |  6.67e-07 |     -- |  1.98e-01 |  2.49e-01 |     -- |  7.65e-01 |  1.13e+00
 7510992 |  6.90e-07 |     -- |  2.06e-01 |  2.59e-01 |     -- |  7.77e-01 |  1.15e+00
 7519994 |  7.10e-07 |     -- |  2.09e-01 |  2.75e-01 |     -- |  7.85e-01 |  1.16e+00
 7529005 |  6.77e-07 |     -- |  1.97e-01 |  2.47e-01 |     -- |  7.73e-01 |  1.14e+00
 7538016 |  7.00e-07 |     -- |  2.02e-01 |  2.58e-01 |     -- |  7.83e-01 |  1.16e+00
 7547016 |  6.72e-07 |     -- |  1.90e-01 |  2.35e-01 |     -- |  7.71e-01 |  1.14e+00
 7556027 |  6.88e-07 |     -- |  2.11e-01 |  2.66e-01 |     -- |  7.73e-01 |  1.14e+00
 7565038 |  6.69e-07 |     -- |  1.87e-01 |  2.35e-01 |     -- |  7.68e-01 |  1.13e+00
 7574038 |  6.93e-07 |     -- |  2.07e-01 |  2.61e-01 |     -- |  7.77e-01 |  1.15e+00
 7583050 |  6.68e-07 |     -- |  1.99e-01 |  2.52e-01 |     -- |  7.66e-01 |  1.13e+00
 7592051 |  6.62e-07 |     -- |  1.87e-01 |  2.32e-01 |     -- |  7.66e-01 |  1.13e+00
 7601063 |  6.86e-07 |     -- |  2.08e-01 |  2.68e-01 |     -- |  7.72e-01 |  1.14e+00
 7610064 |  7.20e-07 |     -- |  2.21e-01 |  2.80e-01 |     -- |  7.85e-01 |  1.17e+00
 7619074 |  6.44e-07 |     -- |  1.77e-01 |  2.21e-01 |     -- |  7.56e-01 |  1.11e+00
 7628078 |  6.87e-07 |     -- |  2.06e-01 |  2.59e-01 |     -- |  7.76e-01 |  1.14e+00
 7637089 |  6.62e-07 |     -- |  1.97e-01 |  2.50e-01 |     -- |  7.62e-01 |  1.12e+00
 7646101 |  6.56e-07 |     -- |  1.74e-01 |  2.20e-01 |     -- |  7.63e-01 |  1.12e+00
 7655101 |  7.09e-07 |     -- |  2.12e-01 |  2.68e-01 |     -- |  7.82e-01 |  1.16e+00
 7664113 |  6.55e-07 |     -- |  2.03e-01 |  2.57e-01 |     -- |  7.56e-01 |  1.11e+00
 7673125 |  6.85e-07 |     -- |  1.93e-01 |  2.43e-01 |     -- |  7.75e-01 |  1.15e+00
 7682127 |  6.80e-07 |     -- |  2.03e-01 |  2.54e-01 |     -- |  7.71e-01 |  1.14e+00
 7691139 |  6.81e-07 |     -- |  2.06e-01 |  2.58e-01 |     -- |  7.71e-01 |  1.14e+00
 7700150 |  6.63e-07 |     -- |  1.85e-01 |  2.33e-01 |     -- |  7.64e-01 |  1.13e+00
 7709161 |  6.65e-07 |     -- |  2.09e-01 |  2.60e-01 |     -- |  7.62e-01 |  1.12e+00
 7718161 |  7.05e-07 |     -- |  2.26e-01 |  2.93e-01 |     -- |  7.77e-01 |  1.15e+00
 7727172 |  6.69e-07 |     -- |  1.90e-01 |  2.44e-01 |     -- |  7.67e-01 |  1.13e+00
 7736183 |  6.74e-07 |     -- |  2.04e-01 |  2.58e-01 |     -- |  7.67e-01 |  1.13e+00
 7745195 |  6.60e-07 |     -- |  1.90e-01 |  2.41e-01 |     -- |  7.62e-01 |  1.12e+00
 7754195 |  6.80e-07 |     -- |  2.00e-01 |  2.55e-01 |     -- |  7.69e-01 |  1.14e+00
 7763195 |  6.54e-07 |     -- |  1.90e-01 |  2.36e-01 |     -- |  7.59e-01 |  1.12e+00
 7772195 |  6.75e-07 |     -- |  1.94e-01 |  2.53e-01 |     -- |  7.68e-01 |  1.13e+00
 7781195 |  6.49e-07 |     -- |  1.87e-01 |  2.34e-01 |     -- |  7.56e-01 |  1.12e+00
 7790206 |  6.73e-07 |     -- |  1.99e-01 |  2.50e-01 |     -- |  7.70e-01 |  1.13e+00
 7799210 |  6.70e-07 |     -- |  1.77e-01 |  2.24e-01 |     -- |  7.70e-01 |  1.14e+00
 7808220 |  6.76e-07 |     -- |  2.10e-01 |  2.61e-01 |     -- |  7.69e-01 |  1.13e+00
 7817230 |  6.38e-07 |     -- |  1.71e-01 |  2.13e-01 |     -- |  7.52e-01 |  1.11e+00
 7826231 |  6.81e-07 |     -- |  2.04e-01 |  2.55e-01 |     -- |  7.73e-01 |  1.14e+00
 7835232 |  6.54e-07 |     -- |  1.99e-01 |  2.52e-01 |     -- |  7.55e-01 |  1.12e+00
 7844243 |  6.82e-07 |     -- |  2.03e-01 |  2.53e-01 |     -- |  7.73e-01 |  1.14e+00
 7853244 |  6.54e-07 |     -- |  2.01e-01 |  2.50e-01 |     -- |  7.57e-01 |  1.12e+00
 7862246 |  6.64e-07 |     -- |  2.00e-01 |  2.62e-01 |     -- |  7.60e-01 |  1.12e+00
 7871246 |  6.69e-07 |     -- |  1.85e-01 |  2.31e-01 |     -- |  7.66e-01 |  1.13e+00
 7880247 |  6.71e-07 |     -- |  1.99e-01 |  2.55e-01 |     -- |  7.66e-01 |  1.13e+00
 7889257 |  6.76e-07 |     -- |  1.84e-01 |  2.29e-01 |     -- |  7.73e-01 |  1.14e+00
 7898269 |  6.64e-07 |     -- |  2.01e-01 |  2.50e-01 |     -- |  7.61e-01 |  1.13e+00
 7907281 |  6.34e-07 |     -- |  1.87e-01 |  2.33e-01 |     -- |  7.47e-01 |  1.10e+00
 7916293 |  6.68e-07 |     -- |  2.05e-01 |  2.60e-01 |     -- |  7.64e-01 |  1.13e+00
 7925303 |  6.46e-07 |     -- |  1.89e-01 |  2.38e-01 |     -- |  7.53e-01 |  1.11e+00
 7934305 |  6.68e-07 |     -- |  1.99e-01 |  2.52e-01 |     -- |  7.63e-01 |  1.13e+00
 7943317 |  6.94e-07 |     -- |  2.00e-01 |  2.50e-01 |     -- |  7.78e-01 |  1.15e+00
 7952327 |  6.41e-07 |     -- |  1.79e-01 |  2.24e-01 |     -- |  7.53e-01 |  1.11e+00
 7961327 |  6.81e-07 |     -- |  2.09e-01 |  2.64e-01 |     -- |  7.68e-01 |  1.14e+00
 7970337 |  6.30e-07 |     -- |  1.79e-01 |  2.34e-01 |     -- |  7.45e-01 |  1.10e+00
 7979349 |  6.59e-07 |     -- |  1.86e-01 |  2.33e-01 |     -- |  7.62e-01 |  1.12e+00
 7988349 |  6.72e-07 |     -- |  1.94e-01 |  2.45e-01 |     -- |  7.66e-01 |  1.13e+00
 7997361 |  6.48e-07 |     -- |  1.94e-01 |  2.43e-01 |     -- |  7.54e-01 |  1.11e+00
 8006361 |  6.76e-07 |     -- |  1.97e-01 |  2.51e-01 |     -- |  7.67e-01 |  1.14e+00
 8015371 |  6.37e-07 |     -- |  1.88e-01 |  2.34e-01 |     -- |  7.48e-01 |  1.10e+00
 8024382 |  6.83e-07 |     -- |  2.06e-01 |  2.61e-01 |     -- |  7.67e-01 |  1.14e+00
 8033393 |  6.45e-07 |     -- |  1.87e-01 |  2.35e-01 |     -- |  7.53e-01 |  1.11e+00
 8042394 |  6.52e-07 |     -- |  1.86e-01 |  2.33e-01 |     -- |  7.56e-01 |  1.12e+00
 8051394 |  6.77e-07 |     -- |  1.99e-01 |  2.54e-01 |     -- |  7.67e-01 |  1.14e+00
 8060404 |  6.41e-07 |     -- |  1.92e-01 |  2.42e-01 |     -- |  7.49e-01 |  1.11e+00
 8069415 |  6.47e-07 |     -- |  1.84e-01 |  2.34e-01 |     -- |  7.56e-01 |  1.11e+00
 8078415 |  6.55e-07 |     -- |  1.91e-01 |  2.40e-01 |     -- |  7.58e-01 |  1.12e+00
 8087415 |  6.44e-07 |     -- |  1.84e-01 |  2.32e-01 |     -- |  7.52e-01 |  1.11e+00
 8096417 |  6.69e-07 |     -- |  2.04e-01 |  2.58e-01 |     -- |  7.64e-01 |  1.13e+00
 8105418 |  6.51e-07 |     -- |  1.97e-01 |  2.54e-01 |     -- |  7.52e-01 |  1.11e+00
 8114421 |  6.62e-07 |     -- |  1.95e-01 |  2.43e-01 |     -- |  7.61e-01 |  1.12e+00
 8123424 |  6.44e-07 |     -- |  2.01e-01 |  2.49e-01 |     -- |  7.50e-01 |  1.11e+00
 8132434 |  6.59e-07 |     -- |  1.84e-01 |  2.34e-01 |     -- |  7.63e-01 |  1.12e+00
 8141434 |  6.76e-07 |     -- |  2.00e-01 |  2.52e-01 |     -- |  7.67e-01 |  1.13e+00
 8150434 |  6.57e-07 |     -- |  1.92e-01 |  2.42e-01 |     -- |  7.54e-01 |  1.12e+00
 8159434 |  6.61e-07 |     -- |  1.85e-01 |  2.35e-01 |     -- |  7.60e-01 |  1.13e+00
 8168446 |  6.41e-07 |     -- |  1.96e-01 |  2.51e-01 |     -- |  7.48e-01 |  1.10e+00
 8177458 |  6.57e-07 |     -- |  1.92e-01 |  2.41e-01 |     -- |  7.56e-01 |  1.12e+00
 8186458 |  6.50e-07 |     -- |  1.85e-01 |  2.32e-01 |     -- |  7.55e-01 |  1.12e+00
 8195458 |  6.55e-07 |     -- |  1.91e-01 |  2.45e-01 |     -- |  7.56e-01 |  1.12e+00
 8204459 |  6.37e-07 |     -- |  1.81e-01 |  2.29e-01 |     -- |  7.48e-01 |  1.11e+00
 8213460 |  6.89e-07 |     -- |  1.99e-01 |  2.56e-01 |     -- |  7.71e-01 |  1.15e+00
 8222471 |  6.20e-07 |     -- |  1.67e-01 |  2.08e-01 |     -- |  7.41e-01 |  1.09e+00
 8231482 |  6.57e-07 |     -- |  1.96e-01 |  2.48e-01 |     -- |  7.58e-01 |  1.12e+00
 8240493 |  6.55e-07 |     -- |  1.74e-01 |  2.17e-01 |     -- |  7.60e-01 |  1.12e+00
 8249505 |  6.43e-07 |     -- |  1.89e-01 |  2.36e-01 |     -- |  7.50e-01 |  1.11e+00
 8258517 |  6.78e-07 |     -- |  1.83e-01 |  2.30e-01 |     -- |  7.69e-01 |  1.14e+00
 8267529 |  6.40e-07 |     -- |  1.81e-01 |  2.30e-01 |     -- |  7.49e-01 |  1.11e+00
 8276529 |  6.40e-07 |     -- |  1.87e-01 |  2.36e-01 |     -- |  7.49e-01 |  1.11e+00
 8285529 |  6.61e-07 |     -- |  1.97e-01 |  2.46e-01 |     -- |  7.61e-01 |  1.12e+00
 8294541 |  6.43e-07 |     -- |  1.66e-01 |  2.10e-01 |     -- |  7.54e-01 |  1.11e+00
 8303541 |  6.49e-07 |     -- |  1.91e-01 |  2.40e-01 |     -- |  7.52e-01 |  1.11e+00
 8312544 |  6.43e-07 |     -- |  1.96e-01 |  2.46e-01 |     -- |  7.49e-01 |  1.11e+00
 8321544 |  6.41e-07 |     -- |  1.87e-01 |  2.38e-01 |     -- |  7.49e-01 |  1.11e+00
 8330544 |  6.25e-07 |     -- |  1.72e-01 |  2.15e-01 |     -- |  7.42e-01 |  1.10e+00
 8339544 |  6.66e-07 |     -- |  1.95e-01 |  2.47e-01 |     -- |  7.61e-01 |  1.13e+00
 8348546 |  6.39e-07 |     -- |  1.80e-01 |  2.26e-01 |     -- |  7.47e-01 |  1.11e+00
 8357557 |  6.35e-07 |     -- |  1.78e-01 |  2.21e-01 |     -- |  7.46e-01 |  1.10e+00
 8366558 |  6.51e-07 |     -- |  1.66e-01 |  2.12e-01 |     -- |  7.55e-01 |  1.12e+00
 8375570 |  6.59e-07 |     -- |  1.89e-01 |  2.39e-01 |     -- |  7.56e-01 |  1.12e+00
 8384571 |  6.36e-07 |     -- |  1.97e-01 |  2.53e-01 |     -- |  7.44e-01 |  1.10e+00
 8393583 |  6.63e-07 |     -- |  1.94e-01 |  2.52e-01 |     -- |  7.58e-01 |  1.12e+00
 8402584 |  6.32e-07 |     -- |  1.84e-01 |  2.32e-01 |     -- |  7.45e-01 |  1.10e+00
 8411596 |  6.41e-07 |     -- |  1.79e-01 |  2.23e-01 |     -- |  7.51e-01 |  1.11e+00
 8420608 |  6.34e-07 |     -- |  1.78e-01 |  2.22e-01 |     -- |  7.47e-01 |  1.10e+00
 8429618 |  6.31e-07 |     -- |  1.86e-01 |  2.34e-01 |     -- |  7.44e-01 |  1.10e+00
 8438621 |  6.41e-07 |     -- |  1.83e-01 |  2.31e-01 |     -- |  7.51e-01 |  1.11e+00
 8447621 |  6.51e-07 |     -- |  1.88e-01 |  2.31e-01 |     -- |  7.55e-01 |  1.12e+00
 8456622 |  6.39e-07 |     -- |  1.84e-01 |  2.31e-01 |     -- |  7.48e-01 |  1.11e+00
 8465634 |  6.49e-07 |     -- |  1.83e-01 |  2.30e-01 |     -- |  7.55e-01 |  1.12e+00
 8474634 |  6.20e-07 |     -- |  1.76e-01 |  2.23e-01 |     -- |  7.37e-01 |  1.09e+00
 8483636 |  6.42e-07 |     -- |  1.66e-01 |  2.11e-01 |     -- |  7.50e-01 |  1.11e+00
 8492637 |  6.36e-07 |     -- |  1.86e-01 |  2.38e-01 |     -- |  7.45e-01 |  1.10e+00
 8501637 |  6.68e-07 |     -- |  1.91e-01 |  2.47e-01 |     -- |  7.59e-01 |  1.13e+00
 8510647 |  6.25e-07 |     -- |  1.66e-01 |  2.11e-01 |     -- |  7.43e-01 |  1.10e+00
 8519659 |  6.45e-07 |     -- |  2.00e-01 |  2.60e-01 |     -- |  7.46e-01 |  1.11e+00
 8528671 |  6.40e-07 |     -- |  1.83e-01 |  2.30e-01 |     -- |  7.50e-01 |  1.11e+00
 8537682 |  6.50e-07 |     -- |  1.89e-01 |  2.40e-01 |     -- |  7.53e-01 |  1.11e+00
 8546682 |  6.38e-07 |     -- |  1.82e-01 |  2.24e-01 |     -- |  7.48e-01 |  1.11e+00
 8555693 |  6.13e-07 |     -- |  1.71e-01 |  2.15e-01 |     -- |  7.35e-01 |  1.09e+00
 8564693 |  6.41e-07 |     -- |  1.87e-01 |  2.32e-01 |     -- |  7.50e-01 |  1.11e+00
 8573695 |  6.38e-07 |     -- |  1.79e-01 |  2.29e-01 |     -- |  7.48e-01 |  1.11e+00
 8582707 |  6.38e-07 |     -- |  1.75e-01 |  2.23e-01 |     -- |  7.47e-01 |  1.11e+00
 8591707 |  6.53e-07 |     -- |  1.86e-01 |  2.34e-01 |     -- |  7.57e-01 |  1.12e+00
 8600718 |  6.32e-07 |     -- |  1.77e-01 |  2.20e-01 |     -- |  7.44e-01 |  1.10e+00
 8609729 |  6.24e-07 |     -- |  1.80e-01 |  2.24e-01 |     -- |  7.39e-01 |  1.09e+00
 8618731 |  6.49e-07 |     -- |  1.79e-01 |  2.26e-01 |     -- |  7.56e-01 |  1.12e+00
 8627732 |  6.37e-07 |     -- |  1.73e-01 |  2.19e-01 |     -- |  7.46e-01 |  1.11e+00
 8636733 |  6.27e-07 |     -- |  1.79e-01 |  2.27e-01 |     -- |  7.41e-01 |  1.10e+00
 8645733 |  6.36e-07 |     -- |  1.95e-01 |  2.46e-01 |     -- |  7.44e-01 |  1.10e+00
 8654744 |  6.11e-07 |     -- |  1.71e-01 |  2.13e-01 |     -- |  7.34e-01 |  1.09e+00
 8663745 |  6.22e-07 |     -- |  1.90e-01 |  2.35e-01 |     -- |  7.38e-01 |  1.09e+00
 8672745 |  6.36e-07 |     -- |  1.87e-01 |  2.36e-01 |     -- |  7.44e-01 |  1.10e+00
 8681747 |  6.31e-07 |     -- |  1.74e-01 |  2.22e-01 |     -- |  7.45e-01 |  1.10e+00
 8690759 |  6.26e-07 |     -- |  1.83e-01 |  2.31e-01 |     -- |  7.39e-01 |  1.10e+00
 8699759 |  6.39e-07 |     -- |  1.87e-01 |  2.34e-01 |     -- |  7.47e-01 |  1.11e+00
 8708759 |  6.48e-07 |     -- |  1.85e-01 |  2.41e-01 |     -- |  7.50e-01 |  1.11e+00
 8717770 |  6.06e-07 |     -- |  1.54e-01 |  1.93e-01 |     -- |  7.31e-01 |  1.08e+00
 8726770 |  6.20e-07 |     -- |  1.81e-01 |  2.29e-01 |     -- |  7.37e-01 |  1.09e+00
 8735770 |  6.29e-07 |     -- |  1.71e-01 |  2.15e-01 |     -- |  7.44e-01 |  1.10e+00
 8744773 |  6.71e-07 |     -- |  1.94e-01 |  2.54e-01 |     -- |  7.58e-01 |  1.13e+00
 8753783 |  6.17e-07 |     -- |  1.78e-01 |  2.25e-01 |     -- |  7.36e-01 |  1.09e+00
 8762795 |  6.16e-07 |     -- |  1.66e-01 |  2.08e-01 |     -- |  7.37e-01 |  1.09e+00
 8771807 |  6.29e-07 |     -- |  1.68e-01 |  2.12e-01 |     -- |  7.44e-01 |  1.10e+00
 8780818 |  6.29e-07 |     -- |  1.85e-01 |  2.32e-01 |     -- |  7.42e-01 |  1.10e+00
 8789821 |  6.35e-07 |     -- |  1.74e-01 |  2.18e-01 |     -- |  7.46e-01 |  1.11e+00
 8798821 |  6.18e-07 |     -- |  1.80e-01 |  2.24e-01 |     -- |  7.36e-01 |  1.09e+00
 8807833 |  6.36e-07 |     -- |  1.84e-01 |  2.27e-01 |     -- |  7.47e-01 |  1.10e+00
 8816836 |  6.09e-07 |     -- |  1.69e-01 |  2.14e-01 |     -- |  7.31e-01 |  1.08e+00
 8825847 |  6.68e-07 |     -- |  1.95e-01 |  2.49e-01 |     -- |  7.59e-01 |  1.13e+00
 8834859 |  6.15e-07 |     -- |  1.68e-01 |  2.11e-01 |     -- |  7.36e-01 |  1.09e+00
 8843860 |  6.36e-07 |     -- |  1.91e-01 |  2.39e-01 |     -- |  7.44e-01 |  1.10e+00
 8852861 |  6.09e-07 |     -- |  1.71e-01 |  2.15e-01 |     -- |  7.32e-01 |  1.08e+00
 8861873 |  6.46e-07 |     -- |  1.82e-01 |  2.32e-01 |     -- |  7.49e-01 |  1.11e+00
 8870876 |  6.14e-07 |     -- |  1.75e-01 |  2.22e-01 |     -- |  7.33e-01 |  1.09e+00
 8879886 |  6.24e-07 |     -- |  1.80e-01 |  2.24e-01 |     -- |  7.39e-01 |  1.09e+00
 8888897 |  6.22e-07 |     -- |  1.62e-01 |  2.04e-01 |     -- |  7.41e-01 |  1.10e+00
 8897909 |  6.33e-07 |     -- |  1.78e-01 |  2.24e-01 |     -- |  7.45e-01 |  1.10e+00
 8906910 |  6.17e-07 |     -- |  1.82e-01 |  2.30e-01 |     -- |  7.34e-01 |  1.09e+00
 8915913 |  6.14e-07 |     -- |  1.75e-01 |  2.22e-01 |     -- |  7.32e-01 |  1.09e+00
 8924925 |  6.54e-07 |     -- |  1.83e-01 |  2.28e-01 |     -- |  7.55e-01 |  1.12e+00
 8933929 |  6.24e-07 |     -- |  1.80e-01 |  2.33e-01 |     -- |  7.36e-01 |  1.09e+00
 8942941 |  6.04e-07 |     -- |  1.60e-01 |  2.01e-01 |     -- |  7.30e-01 |  1.08e+00
 8951942 |  6.18e-07 |     -- |  1.71e-01 |  2.16e-01 |     -- |  7.37e-01 |  1.09e+00
 8960944 |  6.27e-07 |     -- |  1.83e-01 |  2.33e-01 |     -- |  7.39e-01 |  1.10e+00
 8969956 |  6.41e-07 |     -- |  1.75e-01 |  2.26e-01 |     -- |  7.47e-01 |  1.11e+00
 8978958 |  6.31e-07 |     -- |  1.81e-01 |  2.31e-01 |     -- |  7.41e-01 |  1.10e+00
 8987958 |  6.15e-07 |     -- |  1.62e-01 |  2.03e-01 |     -- |  7.37e-01 |  1.09e+00
 8996959 |  6.13e-07 |     -- |  1.78e-01 |  2.21e-01 |     -- |  7.32e-01 |  1.09e+00
 9005969 |  6.26e-07 |     -- |  1.82e-01 |  2.31e-01 |     -- |  7.38e-01 |  1.10e+00
 9014973 |  6.11e-07 |     -- |  1.85e-01 |  2.33e-01 |     -- |  7.28e-01 |  1.08e+00
 9023975 |  6.17e-07 |     -- |  1.56e-01 |  1.96e-01 |     -- |  7.37e-01 |  1.09e+00
 9032975 |  6.48e-07 |     -- |  1.84e-01 |  2.34e-01 |     -- |  7.50e-01 |  1.11e+00
 9041985 |  6.20e-07 |     -- |  1.66e-01 |  2.09e-01 |     -- |  7.38e-01 |  1.09e+00
 9050997 |  6.18e-07 |     -- |  1.79e-01 |  2.29e-01 |     -- |  7.35e-01 |  1.09e+00
 9060007 |  6.36e-07 |     -- |  1.71e-01 |  2.17e-01 |     -- |  7.45e-01 |  1.11e+00
 9069018 |  6.05e-07 |     -- |  1.67e-01 |  2.12e-01 |     -- |  7.29e-01 |  1.08e+00
 9078029 |  6.20e-07 |     -- |  1.64e-01 |  2.09e-01 |     -- |  7.38e-01 |  1.09e+00
 9087029 |  6.18e-07 |     -- |  1.85e-01 |  2.33e-01 |     -- |  7.31e-01 |  1.09e+00
 9096030 |  6.21e-07 |     -- |  1.86e-01 |  2.33e-01 |     -- |  7.36e-01 |  1.09e+00
 9105041 |  6.22e-07 |     -- |  1.77e-01 |  2.20e-01 |     -- |  7.36e-01 |  1.09e+00
 9114041 |  6.15e-07 |     -- |  1.61e-01 |  2.04e-01 |     -- |  7.36e-01 |  1.09e+00
 9123052 |  6.18e-07 |     -- |  1.70e-01 |  2.16e-01 |     -- |  7.35e-01 |  1.09e+00
 9132063 |  6.46e-07 |     -- |  1.86e-01 |  2.33e-01 |     -- |  7.48e-01 |  1.11e+00
 9141075 |  6.05e-07 |     -- |  1.64e-01 |  2.05e-01 |     -- |  7.28e-01 |  1.08e+00
 9150075 |  6.17e-07 |     -- |  1.78e-01 |  2.25e-01 |     -- |  7.33e-01 |  1.09e+00
 9159086 |  6.19e-07 |     -- |  1.82e-01 |  2.28e-01 |     -- |  7.36e-01 |  1.09e+00
 9168089 |  6.21e-07 |     -- |  1.80e-01 |  2.25e-01 |     -- |  7.37e-01 |  1.09e+00
 9177101 |  6.12e-07 |     -- |  1.67e-01 |  2.15e-01 |     -- |  7.32e-01 |  1.09e+00
 9186101 |  6.16e-07 |     -- |  1.73e-01 |  2.17e-01 |     -- |  7.32e-01 |  1.09e+00
 9195112 |  6.10e-07 |     -- |  1.62e-01 |  2.05e-01 |     -- |  7.33e-01 |  1.09e+00
 9204122 |  6.15e-07 |     -- |  1.62e-01 |  2.03e-01 |     -- |  7.35e-01 |  1.09e+00
 9213122 |  6.19e-07 |     -- |  1.64e-01 |  2.06e-01 |     -- |  7.38e-01 |  1.09e+00
 9222134 |  6.07e-07 |     -- |  1.64e-01 |  2.06e-01 |     -- |  7.30e-01 |  1.08e+00
 9231135 |  6.02e-07 |     -- |  1.69e-01 |  2.12e-01 |     -- |  7.26e-01 |  1.08e+00
 9240147 |  6.19e-07 |     -- |  1.82e-01 |  2.30e-01 |     -- |  7.32e-01 |  1.09e+00
 9249147 |  6.16e-07 |     -- |  1.62e-01 |  2.04e-01 |     -- |  7.34e-01 |  1.09e+00
 9258151 |  6.05e-07 |     -- |  1.69e-01 |  2.16e-01 |     -- |  7.27e-01 |  1.08e+00
 9267163 |  6.16e-07 |     -- |  1.66e-01 |  2.08e-01 |     -- |  7.35e-01 |  1.09e+00
 9276175 |  6.11e-07 |     -- |  1.79e-01 |  2.25e-01 |     -- |  7.32e-01 |  1.08e+00
 9285175 |  6.06e-07 |     -- |  1.76e-01 |  2.25e-01 |     -- |  7.27e-01 |  1.08e+00
 9294187 |  6.23e-07 |     -- |  1.78e-01 |  2.30e-01 |     -- |  7.34e-01 |  1.09e+00
 9303199 |  5.87e-07 |     -- |  1.61e-01 |  2.02e-01 |     -- |  7.19e-01 |  1.06e+00
 9312200 |  6.19e-07 |     -- |  1.64e-01 |  2.10e-01 |     -- |  7.36e-01 |  1.09e+00
 9321200 |  6.62e-07 |     -- |  1.88e-01 |  2.41e-01 |     -- |  7.54e-01 |  1.13e+00
 9330202 |  5.88e-07 |     -- |  1.54e-01 |  1.97e-01 |     -- |  7.19e-01 |  1.07e+00
 9339212 |  6.08e-07 |     -- |  1.73e-01 |  2.19e-01 |     -- |  7.28e-01 |  1.08e+00
 9348212 |  6.16e-07 |     -- |  1.73e-01 |  2.15e-01 |     -- |  7.33e-01 |  1.09e+00
 9357222 |  6.03e-07 |     -- |  1.73e-01 |  2.16e-01 |     -- |  7.26e-01 |  1.08e+00
 9366234 |  6.09e-07 |     -- |  1.59e-01 |  1.98e-01 |     -- |  7.33e-01 |  1.09e+00
 9375237 |  6.05e-07 |     -- |  1.78e-01 |  2.22e-01 |     -- |  7.28e-01 |  1.08e+00
 9384237 |  6.23e-07 |     -- |  1.70e-01 |  2.13e-01 |     -- |  7.38e-01 |  1.10e+00
 9393249 |  5.95e-07 |     -- |  1.53e-01 |  1.91e-01 |     -- |  7.24e-01 |  1.07e+00
 9402249 |  6.06e-07 |     -- |  1.74e-01 |  2.16e-01 |     -- |  7.29e-01 |  1.08e+00
 9411261 |  5.94e-07 |     -- |  1.49e-01 |  1.88e-01 |     -- |  7.24e-01 |  1.07e+00
 9420273 |  6.01e-07 |     -- |  1.59e-01 |  2.02e-01 |     -- |  7.26e-01 |  1.08e+00
 9429282 |  6.13e-07 |     -- |  1.77e-01 |  2.25e-01 |     -- |  7.32e-01 |  1.08e+00
 9438293 |  6.02e-07 |     -- |  1.74e-01 |  2.19e-01 |     -- |  7.24e-01 |  1.08e+00
 9447295 |  6.04e-07 |     -- |  1.56e-01 |  1.96e-01 |     -- |  7.30e-01 |  1.08e+00
 9456307 |  6.11e-07 |     -- |  1.66e-01 |  2.11e-01 |     -- |  7.31e-01 |  1.09e+00
 9465319 |  5.97e-07 |     -- |  1.61e-01 |  2.04e-01 |     -- |  7.23e-01 |  1.07e+00
 9474331 |  6.07e-07 |     -- |  1.52e-01 |  1.91e-01 |     -- |  7.31e-01 |  1.09e+00
 9483333 |  6.24e-07 |     -- |  1.68e-01 |  2.12e-01 |     -- |  7.36e-01 |  1.10e+00
 9492345 |  5.96e-07 |     -- |  1.51e-01 |  1.90e-01 |     -- |  7.24e-01 |  1.08e+00
 9501348 |  6.13e-07 |     -- |  1.67e-01 |  2.09e-01 |     -- |  7.33e-01 |  1.09e+00
 9510352 |  6.03e-07 |     -- |  1.76e-01 |  2.22e-01 |     -- |  7.25e-01 |  1.08e+00
 9519353 |  6.05e-07 |     -- |  1.62e-01 |  2.05e-01 |     -- |  7.28e-01 |  1.08e+00
 9528364 |  5.92e-07 |     -- |  1.58e-01 |  1.99e-01 |     -- |  7.22e-01 |  1.07e+00
 9537376 |  6.06e-07 |     -- |  1.60e-01 |  2.02e-01 |     -- |  7.29e-01 |  1.08e+00
 9546376 |  6.01e-07 |     -- |  1.75e-01 |  2.20e-01 |     -- |  7.24e-01 |  1.07e+00
 9555386 |  5.93e-07 |     -- |  1.65e-01 |  2.07e-01 |     -- |  7.20e-01 |  1.07e+00
 9564390 |  6.04e-07 |     -- |  1.62e-01 |  2.01e-01 |     -- |  7.28e-01 |  1.08e+00
 9573391 |  5.95e-07 |     -- |  1.54e-01 |  1.94e-01 |     -- |  7.24e-01 |  1.07e+00
 9582402 |  6.03e-07 |     -- |  1.58e-01 |  1.98e-01 |     -- |  7.27e-01 |  1.08e+00
 9591402 |  5.98e-07 |     -- |  1.63e-01 |  2.06e-01 |     -- |  7.23e-01 |  1.07e+00
 9600402 |  5.96e-07 |     -- |  1.60e-01 |  2.01e-01 |     -- |  7.24e-01 |  1.07e+00
 9609403 |  6.08e-07 |     -- |  1.53e-01 |  1.92e-01 |     -- |  7.29e-01 |  1.09e+00
 9618404 |  5.99e-07 |     -- |  1.67e-01 |  2.09e-01 |     -- |  7.25e-01 |  1.07e+00
 9627415 |  5.88e-07 |     -- |  1.52e-01 |  1.91e-01 |     -- |  7.20e-01 |  1.07e+00
 9636426 |  5.88e-07 |     -- |  1.67e-01 |  2.07e-01 |     -- |  7.17e-01 |  1.06e+00
 9645438 |  6.05e-07 |     -- |  1.78e-01 |  2.24e-01 |     -- |  7.25e-01 |  1.08e+00
 9654448 |  6.22e-07 |     -- |  1.80e-01 |  2.27e-01 |     -- |  7.34e-01 |  1.09e+00
 9663459 |  5.88e-07 |     -- |  1.48e-01 |  1.86e-01 |     -- |  7.18e-01 |  1.07e+00
 9672471 |  5.92e-07 |     -- |  1.65e-01 |  2.08e-01 |     -- |  7.19e-01 |  1.07e+00
 9681472 |  6.01e-07 |     -- |  1.69e-01 |  2.13e-01 |     -- |  7.25e-01 |  1.08e+00
 9690482 |  6.05e-07 |     -- |  1.80e-01 |  2.24e-01 |     -- |  7.27e-01 |  1.08e+00
 9699494 |  6.03e-07 |     -- |  1.67e-01 |  2.14e-01 |     -- |  7.24e-01 |  1.08e+00
 9708505 |  6.10e-07 |     -- |  1.57e-01 |  1.95e-01 |     -- |  7.30e-01 |  1.09e+00
 9717515 |  5.82e-07 |     -- |  1.49e-01 |  1.86e-01 |     -- |  7.16e-01 |  1.06e+00
 9726522 |  5.99e-07 |     -- |  1.62e-01 |  2.06e-01 |     -- |  7.25e-01 |  1.08e+00
 9735533 |  5.99e-07 |     -- |  1.68e-01 |  2.13e-01 |     -- |  7.23e-01 |  1.07e+00
 9744544 |  5.91e-07 |     -- |  1.48e-01 |  1.85e-01 |     -- |  7.22e-01 |  1.07e+00
 9753556 |  6.00e-07 |     -- |  1.70e-01 |  2.14e-01 |     -- |  7.24e-01 |  1.07e+00
 9762567 |  5.99e-07 |     -- |  1.57e-01 |  1.96e-01 |     -- |  7.24e-01 |  1.08e+00
 9771576 |  5.91e-07 |     -- |  1.55e-01 |  1.93e-01 |     -- |  7.20e-01 |  1.07e+00
 9780587 |  5.88e-07 |     -- |  1.65e-01 |  2.08e-01 |     -- |  7.17e-01 |  1.06e+00
 9789588 |  6.02e-07 |     -- |  1.64e-01 |  2.07e-01 |     -- |  7.26e-01 |  1.08e+00
 9798589 |  6.04e-07 |     -- |  1.69e-01 |  2.16e-01 |     -- |  7.26e-01 |  1.08e+00
 9807600 |  5.90e-07 |     -- |  1.58e-01 |  1.99e-01 |     -- |  7.19e-01 |  1.07e+00
 9816601 |  5.92e-07 |     -- |  1.56e-01 |  1.99e-01 |     -- |  7.20e-01 |  1.07e+00
 9825613 |  5.90e-07 |     -- |  1.58e-01 |  1.98e-01 |     -- |  7.19e-01 |  1.07e+00
 9834623 |  6.01e-07 |     -- |  1.63e-01 |  2.03e-01 |     -- |  7.23e-01 |  1.08e+00
 9843624 |  5.93e-07 |     -- |  1.62e-01 |  2.04e-01 |     -- |  7.20e-01 |  1.07e+00
 9852635 |  5.81e-07 |     -- |  1.54e-01 |  1.94e-01 |     -- |  7.14e-01 |  1.06e+00
 9861636 |  5.97e-07 |     -- |  1.60e-01 |  2.00e-01 |     -- |  7.23e-01 |  1.07e+00
 9870646 |  6.01e-07 |     -- |  1.67e-01 |  2.10e-01 |     -- |  7.25e-01 |  1.08e+00
 9879658 |  5.83e-07 |     -- |  1.57e-01 |  1.98e-01 |     -- |  7.15e-01 |  1.06e+00
 9888670 |  5.98e-07 |     -- |  1.70e-01 |  2.17e-01 |     -- |  7.21e-01 |  1.07e+00
 9897682 |  5.99e-07 |     -- |  1.47e-01 |  1.84e-01 |     -- |  7.26e-01 |  1.08e+00
 9906693 |  5.97e-07 |     -- |  1.62e-01 |  2.04e-01 |     -- |  7.24e-01 |  1.07e+00
 9915695 |  5.85e-07 |     -- |  1.52e-01 |  1.91e-01 |     -- |  7.17e-01 |  1.06e+00
 9924695 |  6.03e-07 |     -- |  1.72e-01 |  2.14e-01 |     -- |  7.24e-01 |  1.08e+00
 9933707 |  5.90e-07 |     -- |  1.56e-01 |  1.96e-01 |     -- |  7.21e-01 |  1.07e+00
 9942708 |  5.94e-07 |     -- |  1.53e-01 |  1.93e-01 |     -- |  7.21e-01 |  1.07e+00
 9951719 |  5.92e-07 |     -- |  1.60e-01 |  1.99e-01 |     -- |  7.20e-01 |  1.07e+00
 9960730 |  5.91e-07 |     -- |  1.53e-01 |  1.92e-01 |     -- |  7.19e-01 |  1.07e+00
 9969731 |  5.86e-07 |     -- |  1.56e-01 |  1.97e-01 |     -- |  7.17e-01 |  1.06e+00
 9978743 |  5.89e-07 |     -- |  1.59e-01 |  1.99e-01 |     -- |  7.19e-01 |  1.07e+00
 9987743 |  6.12e-07 |     -- |  1.62e-01 |  2.05e-01 |     -- |  7.31e-01 |  1.09e+00
 9996743 |  5.78e-07 |     -- |  1.50e-01 |  1.92e-01 |     -- |  7.11e-01 |  1.06e+00
10005745 |  5.83e-07 |     -- |  1.63e-01 |  2.02e-01 |     -- |  7.13e-01 |  1.06e+00
10014757 |  5.87e-07 |     -- |  1.64e-01 |  2.03e-01 |     -- |  7.15e-01 |  1.06e+00
10023767 |  6.09e-07 |     -- |  1.66e-01 |  2.08e-01 |     -- |  7.27e-01 |  1.08e+00
10032768 |  5.98e-07 |     -- |  1.59e-01 |  1.98e-01 |     -- |  7.23e-01 |  1.08e+00
10041771 |  5.91e-07 |     -- |  1.57e-01 |  1.97e-01 |     -- |  7.19e-01 |  1.07e+00
10050774 |  5.79e-07 |     -- |  1.49e-01 |  1.88e-01 |     -- |  7.13e-01 |  1.06e+00
10059785 |  5.85e-07 |     -- |  1.58e-01 |  1.99e-01 |     -- |  7.16e-01 |  1.06e+00
10068786 |  5.85e-07 |     -- |  1.49e-01 |  1.87e-01 |     -- |  7.17e-01 |  1.07e+00
10077798 |  5.93e-07 |     -- |  1.56e-01 |  1.99e-01 |     -- |  7.19e-01 |  1.07e+00
10086808 |  6.03e-07 |     -- |  1.69e-01 |  2.13e-01 |     -- |  7.25e-01 |  1.08e+00
10095819 |  5.96e-07 |     -- |  1.59e-01 |  1.98e-01 |     -- |  7.22e-01 |  1.07e+00
10104822 |  5.93e-07 |     -- |  1.48e-01 |  1.88e-01 |     -- |  7.20e-01 |  1.07e+00
10113834 |  5.85e-07 |     -- |  1.60e-01 |  2.00e-01 |     -- |  7.15e-01 |  1.06e+00
10122834 |  5.96e-07 |     -- |  1.61e-01 |  2.02e-01 |     -- |  7.22e-01 |  1.07e+00
10131834 |  5.72e-07 |     -- |  1.44e-01 |  1.82e-01 |     -- |  7.09e-01 |  1.05e+00
10140834 |  5.89e-07 |     -- |  1.58e-01 |  1.97e-01 |     -- |  7.16e-01 |  1.07e+00
10149835 |  5.93e-07 |     -- |  1.62e-01 |  2.08e-01 |     -- |  7.20e-01 |  1.07e+00
10158847 |  5.82e-07 |     -- |  1.61e-01 |  2.02e-01 |     -- |  7.12e-01 |  1.06e+00
10167859 |  5.92e-07 |     -- |  1.70e-01 |  2.13e-01 |     -- |  7.18e-01 |  1.07e+00
10176870 |  5.76e-07 |     -- |  1.45e-01 |  1.82e-01 |     -- |  7.11e-01 |  1.06e+00
10185870 |  5.96e-07 |     -- |  1.80e-01 |  2.24e-01 |     -- |  7.19e-01 |  1.07e+00
10194882 |  5.91e-07 |     -- |  1.56e-01 |  1.98e-01 |     -- |  7.19e-01 |  1.07e+00
10203893 |  5.79e-07 |     -- |  1.51e-01 |  1.90e-01 |     -- |  7.11e-01 |  1.06e+00
10212895 |  5.77e-07 |     -- |  1.54e-01 |  1.95e-01 |     -- |  7.11e-01 |  1.06e+00
10221896 |  5.87e-07 |     -- |  1.50e-01 |  1.89e-01 |     -- |  7.17e-01 |  1.07e+00
10230907 |  5.84e-07 |     -- |  1.57e-01 |  1.99e-01 |     -- |  7.14e-01 |  1.06e+00
10239909 |  5.76e-07 |     -- |  1.45e-01 |  1.84e-01 |     -- |  7.09e-01 |  1.06e+00
10248921 |  5.76e-07 |     -- |  1.59e-01 |  1.96e-01 |     -- |  7.10e-01 |  1.06e+00
10257924 |  5.88e-07 |     -- |  1.58e-01 |  1.98e-01 |     -- |  7.17e-01 |  1.07e+00
10266924 |  5.96e-07 |     -- |  1.57e-01 |  2.00e-01 |     -- |  7.20e-01 |  1.07e+00
10275926 |  5.84e-07 |     -- |  1.61e-01 |  2.07e-01 |     -- |  7.13e-01 |  1.06e+00
10284936 |  5.83e-07 |     -- |  1.57e-01 |  1.95e-01 |     -- |  7.14e-01 |  1.06e+00
10293936 |  5.88e-07 |     -- |  1.53e-01 |  1.93e-01 |     -- |  7.17e-01 |  1.07e+00
10302938 |  5.71e-07 |     -- |  1.52e-01 |  1.91e-01 |     -- |  7.08e-01 |  1.05e+00
10311948 |  5.76e-07 |     -- |  1.54e-01 |  1.93e-01 |     -- |  7.09e-01 |  1.06e+00
10320952 |  5.93e-07 |     -- |  1.63e-01 |  2.06e-01 |     -- |  7.18e-01 |  1.07e+00
10329952 |  5.83e-07 |     -- |  1.53e-01 |  1.93e-01 |     -- |  7.14e-01 |  1.06e+00
10338953 |  5.87e-07 |     -- |  1.53e-01 |  1.92e-01 |     -- |  7.15e-01 |  1.07e+00
10347964 |  5.69e-07 |     -- |  1.64e-01 |  2.03e-01 |     -- |  7.04e-01 |  1.05e+00
10356964 |  5.71e-07 |     -- |  1.52e-01 |  1.92e-01 |     -- |  7.07e-01 |  1.05e+00
10365974 |  5.76e-07 |     -- |  1.47e-01 |  1.85e-01 |     -- |  7.10e-01 |  1.06e+00
10374985 |  5.86e-07 |     -- |  1.60e-01 |  2.00e-01 |     -- |  7.16e-01 |  1.06e+00
10383996 |  5.80e-07 |     -- |  1.51e-01 |  1.90e-01 |     -- |  7.12e-01 |  1.06e+00
10393008 |  5.87e-07 |     -- |  1.54e-01 |  1.93e-01 |     -- |  7.17e-01 |  1.07e+00
10402018 |  5.82e-07 |     -- |  1.58e-01 |  1.97e-01 |     -- |  7.12e-01 |  1.06e+00
10411020 |  5.80e-07 |     -- |  1.52e-01 |  1.93e-01 |     -- |  7.12e-01 |  1.06e+00
10420031 |  5.76e-07 |     -- |  1.56e-01 |  1.94e-01 |     -- |  7.09e-01 |  1.06e+00
10429031 |  5.85e-07 |     -- |  1.59e-01 |  1.98e-01 |     -- |  7.13e-01 |  1.06e+00
10438031 |  5.71e-07 |     -- |  1.50e-01 |  1.87e-01 |     -- |  7.07e-01 |  1.05e+00
10447032 |  5.78e-07 |     -- |  1.54e-01 |  1.92e-01 |     -- |  7.11e-01 |  1.06e+00
10456033 |  5.88e-07 |     -- |  1.53e-01 |  1.92e-01 |     -- |  7.17e-01 |  1.07e+00
10465044 |  5.73e-07 |     -- |  1.41e-01 |  1.77e-01 |     -- |  7.09e-01 |  1.06e+00
10474045 |  5.82e-07 |     -- |  1.53e-01 |  1.93e-01 |     -- |  7.13e-01 |  1.06e+00
10483045 |  5.67e-07 |     -- |  1.42e-01 |  1.78e-01 |     -- |  7.05e-01 |  1.05e+00
10492055 |  5.83e-07 |     -- |  1.58e-01 |  1.96e-01 |     -- |  7.13e-01 |  1.06e+00
10501055 |  5.80e-07 |     -- |  1.60e-01 |  2.01e-01 |     -- |  7.10e-01 |  1.06e+00
10510058 |  5.77e-07 |     -- |  1.48e-01 |  1.85e-01 |     -- |  7.11e-01 |  1.06e+00
10519059 |  5.75e-07 |     -- |  1.52e-01 |  1.93e-01 |     -- |  7.09e-01 |  1.05e+00
10528060 |  5.85e-07 |     -- |  1.52e-01 |  1.92e-01 |     -- |  7.15e-01 |  1.06e+00
10537072 |  5.59e-07 |     -- |  1.49e-01 |  1.85e-01 |     -- |  7.00e-01 |  1.04e+00
10546073 |  5.84e-07 |     -- |  1.47e-01 |  1.84e-01 |     -- |  7.15e-01 |  1.07e+00
10555085 |  5.85e-07 |     -- |  1.60e-01 |  2.02e-01 |     -- |  7.14e-01 |  1.06e+00
10564094 |  5.89e-07 |     -- |  1.63e-01 |  2.03e-01 |     -- |  7.16e-01 |  1.07e+00
10573095 |  5.70e-07 |     -- |  1.53e-01 |  1.92e-01 |     -- |  7.06e-01 |  1.05e+00
10582106 |  5.78e-07 |     -- |  1.54e-01 |  1.95e-01 |     -- |  7.10e-01 |  1.06e+00
10591118 |  5.85e-07 |     -- |  1.60e-01 |  2.01e-01 |     -- |  7.14e-01 |  1.06e+00
10600119 |  5.65e-07 |     -- |  1.49e-01 |  1.89e-01 |     -- |  7.02e-01 |  1.05e+00
10609119 |  5.78e-07 |     -- |  1.52e-01 |  1.90e-01 |     -- |  7.10e-01 |  1.06e+00
10618123 |  5.66e-07 |     -- |  1.37e-01 |  1.72e-01 |     -- |  7.05e-01 |  1.05e+00
10627133 |  5.84e-07 |     -- |  1.60e-01 |  2.00e-01 |     -- |  7.11e-01 |  1.06e+00
10636145 |  5.77e-07 |     -- |  1.63e-01 |  2.03e-01 |     -- |  7.09e-01 |  1.06e+00
10645147 |  5.85e-07 |     -- |  1.49e-01 |  1.90e-01 |     -- |  7.13e-01 |  1.07e+00
10654148 |  5.80e-07 |     -- |  1.55e-01 |  1.97e-01 |     -- |  7.12e-01 |  1.06e+00
10663160 |  5.75e-07 |     -- |  1.43e-01 |  1.80e-01 |     -- |  7.11e-01 |  1.06e+00
10672160 |  5.76e-07 |     -- |  1.57e-01 |  1.96e-01 |     -- |  7.08e-01 |  1.05e+00
10681172 |  5.64e-07 |     -- |  1.46e-01 |  1.82e-01 |     -- |  7.03e-01 |  1.05e+00
10690183 |  5.69e-07 |     -- |  1.41e-01 |  1.76e-01 |     -- |  7.08e-01 |  1.05e+00
10699183 |  5.63e-07 |     -- |  1.47e-01 |  1.83e-01 |     -- |  7.01e-01 |  1.05e+00
10708194 |  5.87e-07 |     -- |  1.63e-01 |  2.05e-01 |     -- |  7.14e-01 |  1.06e+00
10717194 |  5.77e-07 |     -- |  1.62e-01 |  2.02e-01 |     -- |  7.08e-01 |  1.05e+00
10726194 |  5.70e-07 |     -- |  1.47e-01 |  1.84e-01 |     -- |  7.08e-01 |  1.05e+00
10735195 |  5.84e-07 |     -- |  1.49e-01 |  1.88e-01 |     -- |  7.12e-01 |  1.06e+00
10744195 |  5.76e-07 |     -- |  1.49e-01 |  1.86e-01 |     -- |  7.09e-01 |  1.06e+00
10753195 |  5.73e-07 |     -- |  1.51e-01 |  1.92e-01 |     -- |  7.08e-01 |  1.05e+00
10762206 |  5.73e-07 |     -- |  1.44e-01 |  1.82e-01 |     -- |  7.09e-01 |  1.06e+00
10771206 |  5.74e-07 |     -- |  1.49e-01 |  1.86e-01 |     -- |  7.08e-01 |  1.06e+00
10780216 |  5.73e-07 |     -- |  1.43e-01 |  1.78e-01 |     -- |  7.08e-01 |  1.06e+00
10789228 |  5.82e-07 |     -- |  1.57e-01 |  1.98e-01 |     -- |  7.11e-01 |  1.06e+00
10798239 |  5.65e-07 |     -- |  1.48e-01 |  1.86e-01 |     -- |  7.02e-01 |  1.05e+00
10807248 |  5.73e-07 |     -- |  1.57e-01 |  1.97e-01 |     -- |  7.07e-01 |  1.05e+00
10816250 |  5.69e-07 |     -- |  1.57e-01 |  1.95e-01 |     -- |  7.04e-01 |  1.05e+00
10825261 |  5.64e-07 |     -- |  1.40e-01 |  1.76e-01 |     -- |  7.02e-01 |  1.05e+00
10834263 |  5.83e-07 |     -- |  1.41e-01 |  1.81e-01 |     -- |  7.12e-01 |  1.06e+00
10843273 |  5.75e-07 |     -- |  1.51e-01 |  1.87e-01 |     -- |  7.09e-01 |  1.06e+00
10852283 |  5.70e-07 |     -- |  1.44e-01 |  1.81e-01 |     -- |  7.06e-01 |  1.05e+00
10861285 |  5.74e-07 |     -- |  1.43e-01 |  1.78e-01 |     -- |  7.09e-01 |  1.06e+00
10870296 |  5.67e-07 |     -- |  1.56e-01 |  1.94e-01 |     -- |  7.01e-01 |  1.05e+00
10879297 |  5.66e-07 |     -- |  1.40e-01 |  1.76e-01 |     -- |  7.05e-01 |  1.05e+00
10888309 |  5.78e-07 |     -- |  1.54e-01 |  1.94e-01 |     -- |  7.09e-01 |  1.06e+00
10897321 |  5.72e-07 |     -- |  1.67e-01 |  2.08e-01 |     -- |  7.03e-01 |  1.05e+00
10906321 |  5.64e-07 |     -- |  1.48e-01 |  1.85e-01 |     -- |  7.02e-01 |  1.05e+00
10915330 |  5.71e-07 |     -- |  1.45e-01 |  1.83e-01 |     -- |  7.06e-01 |  1.05e+00
10924341 |  5.72e-07 |     -- |  1.49e-01 |  1.87e-01 |     -- |  7.07e-01 |  1.05e+00
10933350 |  5.70e-07 |     -- |  1.47e-01 |  1.86e-01 |     -- |  7.05e-01 |  1.05e+00
10942352 |  5.61e-07 |     -- |  1.53e-01 |  1.92e-01 |     -- |  7.00e-01 |  1.04e+00
10951352 |  5.66e-07 |     -- |  1.41e-01 |  1.78e-01 |     -- |  7.03e-01 |  1.05e+00
10960362 |  5.66e-07 |     -- |  1.48e-01 |  1.85e-01 |     -- |  7.03e-01 |  1.05e+00
10969374 |  5.80e-07 |     -- |  1.49e-01 |  1.87e-01 |     -- |  7.11e-01 |  1.06e+00
10978377 |  5.63e-07 |     -- |  1.47e-01 |  1.85e-01 |     -- |  7.01e-01 |  1.05e+00
10987389 |  5.66e-07 |     -- |  1.64e-01 |  2.05e-01 |     -- |  7.00e-01 |  1.04e+00
10996389 |  5.72e-07 |     -- |  1.51e-01 |  1.89e-01 |     -- |  7.06e-01 |  1.05e+00
11005401 |  5.62e-07 |     -- |  1.52e-01 |  1.90e-01 |     -- |  7.00e-01 |  1.04e+00
11014412 |  5.67e-07 |     -- |  1.57e-01 |  1.95e-01 |     -- |  7.03e-01 |  1.05e+00
11023414 |  5.74e-07 |     -- |  1.43e-01 |  1.79e-01 |     -- |  7.08e-01 |  1.06e+00
11032424 |  5.64e-07 |     -- |  1.41e-01 |  1.77e-01 |     -- |  7.03e-01 |  1.05e+00
11041424 |  5.69e-07 |     -- |  1.54e-01 |  1.95e-01 |     -- |  7.02e-01 |  1.05e+00
11050424 |  5.63e-07 |     -- |  1.46e-01 |  1.83e-01 |     -- |  7.01e-01 |  1.04e+00
11059426 |  5.86e-07 |     -- |  1.45e-01 |  1.82e-01 |     -- |  7.15e-01 |  1.07e+00
11068438 |  5.65e-07 |     -- |  1.52e-01 |  1.90e-01 |     -- |  7.02e-01 |  1.05e+00
11077438 |  5.64e-07 |     -- |  1.44e-01 |  1.80e-01 |     -- |  7.02e-01 |  1.05e+00
11086450 |  5.60e-07 |     -- |  1.40e-01 |  1.74e-01 |     -- |  6.99e-01 |  1.04e+00
11095461 |  5.70e-07 |     -- |  1.41e-01 |  1.76e-01 |     -- |  7.07e-01 |  1.05e+00
11104472 |  5.71e-07 |     -- |  1.45e-01 |  1.83e-01 |     -- |  7.06e-01 |  1.05e+00
11113473 |  5.62e-07 |     -- |  1.41e-01 |  1.76e-01 |     -- |  7.02e-01 |  1.05e+00
11122485 |  5.57e-07 |     -- |  1.39e-01 |  1.74e-01 |     -- |  6.97e-01 |  1.04e+00
11131494 |  5.79e-07 |     -- |  1.48e-01 |  1.86e-01 |     -- |  7.11e-01 |  1.06e+00
11140506 |  5.67e-07 |     -- |  1.48e-01 |  1.85e-01 |     -- |  7.02e-01 |  1.05e+00
11149518 |  5.61e-07 |     -- |  1.49e-01 |  1.85e-01 |     -- |  6.99e-01 |  1.04e+00
11158527 |  5.72e-07 |     -- |  1.45e-01 |  1.82e-01 |     -- |  7.06e-01 |  1.05e+00
11167527 |  5.56e-07 |     -- |  1.39e-01 |  1.75e-01 |     -- |  6.98e-01 |  1.04e+00
11176538 |  5.72e-07 |     -- |  1.45e-01 |  1.82e-01 |     -- |  7.05e-01 |  1.05e+00
11185550 |  5.54e-07 |     -- |  1.55e-01 |  1.92e-01 |     -- |  6.93e-01 |  1.04e+00
11194551 |  5.65e-07 |     -- |  1.52e-01 |  1.89e-01 |     -- |  7.01e-01 |  1.05e+00
11203551 |  5.75e-07 |     -- |  1.53e-01 |  1.93e-01 |     -- |  7.08e-01 |  1.05e+00
11212554 |  5.63e-07 |     -- |  1.44e-01 |  1.80e-01 |     -- |  7.00e-01 |  1.05e+00
11221564 |  5.51e-07 |     -- |  1.46e-01 |  1.82e-01 |     -- |  6.95e-01 |  1.03e+00
11230575 |  5.65e-07 |     -- |  1.49e-01 |  1.85e-01 |     -- |  7.01e-01 |  1.05e+00
11239576 |  5.61e-07 |     -- |  1.44e-01 |  1.82e-01 |     -- |  7.00e-01 |  1.04e+00
11248578 |  5.72e-07 |     -- |  1.47e-01 |  1.86e-01 |     -- |  7.05e-01 |  1.05e+00
11257579 |  5.64e-07 |     -- |  1.40e-01 |  1.75e-01 |     -- |  7.02e-01 |  1.05e+00
11266579 |  5.58e-07 |     -- |  1.52e-01 |  1.88e-01 |     -- |  6.98e-01 |  1.04e+00
11275590 |  5.60e-07 |     -- |  1.45e-01 |  1.82e-01 |     -- |  6.98e-01 |  1.04e+00
11284601 |  5.57e-07 |     -- |  1.41e-01 |  1.75e-01 |     -- |  6.97e-01 |  1.04e+00
11293603 |  5.63e-07 |     -- |  1.53e-01 |  1.92e-01 |     -- |  7.00e-01 |  1.04e+00
11302615 |  5.59e-07 |     -- |  1.43e-01 |  1.79e-01 |     -- |  6.99e-01 |  1.04e+00
11311615 |  5.56e-07 |     -- |  1.43e-01 |  1.79e-01 |     -- |  6.96e-01 |  1.04e+00
11320615 |  5.67e-07 |     -- |  1.40e-01 |  1.75e-01 |     -- |  7.04e-01 |  1.05e+00
11329624 |  5.58e-07 |     -- |  1.45e-01 |  1.83e-01 |     -- |  6.97e-01 |  1.04e+00
11338624 |  5.65e-07 |     -- |  1.49e-01 |  1.87e-01 |     -- |  7.02e-01 |  1.05e+00
11347636 |  5.64e-07 |     -- |  1.48e-01 |  1.85e-01 |     -- |  7.00e-01 |  1.05e+00
11356648 |  5.60e-07 |     -- |  1.39e-01 |  1.76e-01 |     -- |  6.99e-01 |  1.04e+00
11365650 |  5.48e-07 |     -- |  1.42e-01 |  1.79e-01 |     -- |  6.91e-01 |  1.03e+00
11374652 |  5.76e-07 |     -- |  1.42e-01 |  1.79e-01 |     -- |  7.08e-01 |  1.06e+00
11383662 |  5.58e-07 |     -- |  1.46e-01 |  1.83e-01 |     -- |  6.98e-01 |  1.04e+00
11392665 |  5.66e-07 |     -- |  1.46e-01 |  1.82e-01 |     -- |  7.02e-01 |  1.05e+00
11401666 |  5.58e-07 |     -- |  1.39e-01 |  1.74e-01 |     -- |  6.98e-01 |  1.04e+00
11410676 |  5.64e-07 |     -- |  1.48e-01 |  1.85e-01 |     -- |  7.01e-01 |  1.05e+00
11419688 |  5.56e-07 |     -- |  1.38e-01 |  1.72e-01 |     -- |  6.97e-01 |  1.04e+00
11428700 |  5.60e-07 |     -- |  1.50e-01 |  1.87e-01 |     -- |  6.98e-01 |  1.04e+00
11437711 |  5.64e-07 |     -- |  1.43e-01 |  1.78e-01 |     -- |  7.02e-01 |  1.05e+00
11446711 |  5.59e-07 |     -- |  1.35e-01 |  1.68e-01 |     -- |  6.98e-01 |  1.04e+00
11455712 |  5.54e-07 |     -- |  1.43e-01 |  1.78e-01 |     -- |  6.96e-01 |  1.04e+00
11464724 |  5.58e-07 |     -- |  1.40e-01 |  1.75e-01 |     -- |  6.98e-01 |  1.04e+00
11473724 |  5.59e-07 |     -- |  1.54e-01 |  1.94e-01 |     -- |  6.98e-01 |  1.04e+00
11482725 |  5.58e-07 |     -- |  1.43e-01 |  1.78e-01 |     -- |  6.97e-01 |  1.04e+00
11491735 |  5.64e-07 |     -- |  1.40e-01 |  1.77e-01 |     -- |  7.01e-01 |  1.05e+00
11500744 |  5.60e-07 |     -- |  1.44e-01 |  1.81e-01 |     -- |  6.98e-01 |  1.04e+00
11509754 |  5.60e-07 |     -- |  1.46e-01 |  1.82e-01 |     -- |  6.98e-01 |  1.04e+00
11518766 |  5.62e-07 |     -- |  1.38e-01 |  1.74e-01 |     -- |  7.01e-01 |  1.05e+00
11527768 |  5.58e-07 |     -- |  1.42e-01 |  1.79e-01 |     -- |  6.98e-01 |  1.04e+00
11536769 |  5.52e-07 |     -- |  1.40e-01 |  1.75e-01 |     -- |  6.94e-01 |  1.04e+00
11545769 |  5.65e-07 |     -- |  1.49e-01 |  1.86e-01 |     -- |  7.00e-01 |  1.05e+00
11554771 |  5.51e-07 |     -- |  1.29e-01 |  1.62e-01 |     -- |  6.95e-01 |  1.04e+00
11563783 |  5.56e-07 |     -- |  1.42e-01 |  1.78e-01 |     -- |  6.95e-01 |  1.04e+00
11572795 |  5.50e-07 |     -- |  1.40e-01 |  1.76e-01 |     -- |  6.92e-01 |  1.03e+00
11581806 |  5.59e-07 |     -- |  1.44e-01 |  1.80e-01 |     -- |  6.99e-01 |  1.04e+00
11590806 |  5.55e-07 |     -- |  1.38e-01 |  1.73e-01 |     -- |  6.95e-01 |  1.04e+00
11599816 |  5.60e-07 |     -- |  1.42e-01 |  1.77e-01 |     -- |  6.98e-01 |  1.04e+00
11608817 |  5.58e-07 |     -- |  1.44e-01 |  1.80e-01 |     -- |  6.98e-01 |  1.04e+00
11617829 |  5.44e-07 |     -- |  1.39e-01 |  1.74e-01 |     -- |  6.88e-01 |  1.03e+00
11626841 |  5.61e-07 |     -- |  1.42e-01 |  1.81e-01 |     -- |  6.99e-01 |  1.04e+00
11635852 |  5.56e-07 |     -- |  1.41e-01 |  1.77e-01 |     -- |  6.95e-01 |  1.04e+00
11644864 |  5.51e-07 |     -- |  1.39e-01 |  1.74e-01 |     -- |  6.92e-01 |  1.03e+00
11653874 |  5.54e-07 |     -- |  1.40e-01 |  1.76e-01 |     -- |  6.95e-01 |  1.04e+00
11662886 |  5.62e-07 |     -- |  1.50e-01 |  1.88e-01 |     -- |  6.98e-01 |  1.04e+00
11671887 |  5.48e-07 |     -- |  1.43e-01 |  1.79e-01 |     -- |  6.90e-01 |  1.03e+00
11680889 |  5.54e-07 |     -- |  1.41e-01 |  1.77e-01 |     -- |  6.95e-01 |  1.04e+00
11689899 |  5.51e-07 |     -- |  1.38e-01 |  1.73e-01 |     -- |  6.93e-01 |  1.04e+00
11698910 |  5.62e-07 |     -- |  1.39e-01 |  1.74e-01 |     -- |  6.99e-01 |  1.05e+00
11707920 |  5.48e-07 |     -- |  1.38e-01 |  1.73e-01 |     -- |  6.91e-01 |  1.03e+00
11716932 |  5.48e-07 |     -- |  1.37e-01 |  1.72e-01 |     -- |  6.92e-01 |  1.03e+00
11725944 |  5.57e-07 |     -- |  1.38e-01 |  1.73e-01 |     -- |  6.97e-01 |  1.04e+00
11734954 |  5.53e-07 |     -- |  1.43e-01 |  1.79e-01 |     -- |  6.94e-01 |  1.04e+00
11743955 |  5.56e-07 |     -- |  1.45e-01 |  1.81e-01 |     -- |  6.95e-01 |  1.04e+00
11752955 |  5.62e-07 |     -- |  1.45e-01 |  1.83e-01 |     -- |  6.98e-01 |  1.04e+00
11761955 |  5.46e-07 |     -- |  1.35e-01 |  1.70e-01 |     -- |  6.89e-01 |  1.03e+00
11770965 |  5.53e-07 |     -- |  1.40e-01 |  1.75e-01 |     -- |  6.93e-01 |  1.04e+00
11779965 |  5.56e-07 |     -- |  1.38e-01 |  1.73e-01 |     -- |  6.97e-01 |  1.04e+00
11788965 |  5.52e-07 |     -- |  1.34e-01 |  1.69e-01 |     -- |  6.92e-01 |  1.04e+00
11797967 |  5.48e-07 |     -- |  1.33e-01 |  1.67e-01 |     -- |  6.93e-01 |  1.03e+00
11806971 |  5.61e-07 |     -- |  1.48e-01 |  1.84e-01 |     -- |  6.98e-01 |  1.04e+00
11815976 |  5.51e-07 |     -- |  1.40e-01 |  1.78e-01 |     -- |  6.91e-01 |  1.03e+00
11824987 |  5.50e-07 |     -- |  1.37e-01 |  1.72e-01 |     -- |  6.92e-01 |  1.03e+00
11833999 |  5.54e-07 |     -- |  1.52e-01 |  1.92e-01 |     -- |  6.93e-01 |  1.03e+00
11843011 |  5.60e-07 |     -- |  1.33e-01 |  1.66e-01 |     -- |  6.99e-01 |  1.05e+00
11852011 |  5.44e-07 |     -- |  1.30e-01 |  1.63e-01 |     -- |  6.90e-01 |  1.03e+00
11861012 |  5.53e-07 |     -- |  1.37e-01 |  1.72e-01 |     -- |  6.94e-01 |  1.04e+00
11870024 |  5.49e-07 |     -- |  1.34e-01 |  1.68e-01 |     -- |  6.92e-01 |  1.03e+00
11879027 |  5.55e-07 |     -- |  1.38e-01 |  1.73e-01 |     -- |  6.95e-01 |  1.04e+00
11888039 |  5.50e-07 |     -- |  1.43e-01 |  1.79e-01 |     -- |  6.92e-01 |  1.03e+00
11897050 |  5.51e-07 |     -- |  1.48e-01 |  1.84e-01 |     -- |  6.92e-01 |  1.03e+00
11906053 |  5.51e-07 |     -- |  1.42e-01 |  1.78e-01 |     -- |  6.91e-01 |  1.03e+00
11915054 |  5.47e-07 |     -- |  1.30e-01 |  1.64e-01 |     -- |  6.91e-01 |  1.03e+00
11924066 |  5.56e-07 |     -- |  1.42e-01 |  1.79e-01 |     -- |  6.95e-01 |  1.04e+00
11933066 |  5.49e-07 |     -- |  1.32e-01 |  1.66e-01 |     -- |  6.92e-01 |  1.03e+00
11942077 |  5.46e-07 |     -- |  1.28e-01 |  1.61e-01 |     -- |  6.91e-01 |  1.03e+00
11951080 |  5.53e-07 |     -- |  1.40e-01 |  1.76e-01 |     -- |  6.93e-01 |  1.04e+00
11960082 |  5.50e-07 |     -- |  1.45e-01 |  1.81e-01 |     -- |  6.91e-01 |  1.03e+00
11969093 |  5.42e-07 |     -- |  1.31e-01 |  1.64e-01 |     -- |  6.87e-01 |  1.03e+00
11978093 |  5.46e-07 |     -- |  1.37e-01 |  1.72e-01 |     -- |  6.89e-01 |  1.03e+00
11987105 |  5.48e-07 |     -- |  1.34e-01 |  1.67e-01 |     -- |  6.92e-01 |  1.03e+00
11996117 |  5.52e-07 |     -- |  1.31e-01 |  1.65e-01 |     -- |  6.93e-01 |  1.04e+00
12005117 |  5.56e-07 |     -- |  1.40e-01 |  1.75e-01 |     -- |  6.96e-01 |  1.04e+00
12014119 |  5.44e-07 |     -- |  1.36e-01 |  1.71e-01 |     -- |  6.87e-01 |  1.03e+00
12023130 |  5.52e-07 |     -- |  1.32e-01 |  1.67e-01 |     -- |  6.94e-01 |  1.04e+00
12032130 |  5.47e-07 |     -- |  1.38e-01 |  1.72e-01 |     -- |  6.90e-01 |  1.03e+00
12041142 |  5.49e-07 |     -- |  1.36e-01 |  1.71e-01 |     -- |  6.91e-01 |  1.03e+00
12050142 |  5.56e-07 |     -- |  1.51e-01 |  1.89e-01 |     -- |  6.94e-01 |  1.04e+00
12059154 |  5.44e-07 |     -- |  1.33e-01 |  1.67e-01 |     -- |  6.88e-01 |  1.03e+00
12068155 |  5.44e-07 |     -- |  1.38e-01 |  1.73e-01 |     -- |  6.87e-01 |  1.03e+00
12077165 |  5.47e-07 |     -- |  1.33e-01 |  1.67e-01 |     -- |  6.90e-01 |  1.03e+00
12086177 |  5.48e-07 |     -- |  1.35e-01 |  1.69e-01 |     -- |  6.91e-01 |  1.03e+00
12095188 |  5.44e-07 |     -- |  1.36e-01 |  1.71e-01 |     -- |  6.87e-01 |  1.03e+00
12104199 |  5.41e-07 |     -- |  1.36e-01 |  1.71e-01 |     -- |  6.86e-01 |  1.03e+00
12113200 |  5.46e-07 |     -- |  1.46e-01 |  1.83e-01 |     -- |  6.89e-01 |  1.03e+00
12122200 |  5.46e-07 |     -- |  1.35e-01 |  1.70e-01 |     -- |  6.89e-01 |  1.03e+00
12131201 |  5.51e-07 |     -- |  1.31e-01 |  1.63e-01 |     -- |  6.93e-01 |  1.04e+00
12140213 |  5.50e-07 |     -- |  1.30e-01 |  1.64e-01 |     -- |  6.92e-01 |  1.04e+00
12149216 |  5.48e-07 |     -- |  1.34e-01 |  1.68e-01 |     -- |  6.91e-01 |  1.03e+00
12158216 |  5.51e-07 |     -- |  1.47e-01 |  1.85e-01 |     -- |  6.90e-01 |  1.03e+00
12167227 |  5.39e-07 |     -- |  1.32e-01 |  1.64e-01 |     -- |  6.85e-01 |  1.03e+00
12176239 |  5.54e-07 |     -- |  1.37e-01 |  1.71e-01 |     -- |  6.94e-01 |  1.04e+00
12185250 |  5.46e-07 |     -- |  1.36e-01 |  1.73e-01 |     -- |  6.88e-01 |  1.03e+00
12194261 |  5.50e-07 |     -- |  1.39e-01 |  1.76e-01 |     -- |  6.91e-01 |  1.03e+00
12203263 |  5.43e-07 |     -- |  1.37e-01 |  1.71e-01 |     -- |  6.88e-01 |  1.03e+00
12212266 |  5.43e-07 |     -- |  1.39e-01 |  1.74e-01 |     -- |  6.87e-01 |  1.03e+00
12221269 |  5.46e-07 |     -- |  1.34e-01 |  1.69e-01 |     -- |  6.89e-01 |  1.03e+00
12230269 |  5.45e-07 |     -- |  1.34e-01 |  1.67e-01 |     -- |  6.88e-01 |  1.03e+00
12239279 |  5.44e-07 |     -- |  1.36e-01 |  1.70e-01 |     -- |  6.88e-01 |  1.03e+00
12248291 |  5.47e-07 |     -- |  1.36e-01 |  1.71e-01 |     -- |  6.89e-01 |  1.03e+00
12257302 |  5.42e-07 |     -- |  1.43e-01 |  1.79e-01 |     -- |  6.86e-01 |  1.03e+00
12266314 |  5.39e-07 |     -- |  1.32e-01 |  1.66e-01 |     -- |  6.86e-01 |  1.03e+00
12275314 |  5.47e-07 |     -- |  1.38e-01 |  1.72e-01 |     -- |  6.90e-01 |  1.03e+00
12284326 |  5.49e-07 |     -- |  1.50e-01 |  1.88e-01 |     -- |  6.89e-01 |  1.03e+00
12293338 |  5.40e-07 |     -- |  1.26e-01 |  1.58e-01 |     -- |  6.86e-01 |  1.03e+00
12302350 |  5.45e-07 |     -- |  1.34e-01 |  1.69e-01 |     -- |  6.87e-01 |  1.03e+00
12311360 |  5.48e-07 |     -- |  1.42e-01 |  1.77e-01 |     -- |  6.90e-01 |  1.03e+00
12320372 |  5.43e-07 |     -- |  1.32e-01 |  1.65e-01 |     -- |  6.88e-01 |  1.03e+00
12329382 |  5.39e-07 |     -- |  1.30e-01 |  1.64e-01 |     -- |  6.85e-01 |  1.03e+00
12338393 |  5.50e-07 |     -- |  1.41e-01 |  1.78e-01 |     -- |  6.91e-01 |  1.03e+00
12347405 |  5.39e-07 |     -- |  1.29e-01 |  1.62e-01 |     -- |  6.85e-01 |  1.03e+00
12356408 |  5.49e-07 |     -- |  1.32e-01 |  1.66e-01 |     -- |  6.90e-01 |  1.03e+00
12365410 |  5.42e-07 |     -- |  1.48e-01 |  1.85e-01 |     -- |  6.84e-01 |  1.02e+00
12374411 |  5.40e-07 |     -- |  1.37e-01 |  1.73e-01 |     -- |  6.85e-01 |  1.03e+00
12383414 |  5.42e-07 |     -- |  1.34e-01 |  1.69e-01 |     -- |  6.86e-01 |  1.03e+00
12392425 |  5.46e-07 |     -- |  1.31e-01 |  1.65e-01 |     -- |  6.90e-01 |  1.03e+00
12401436 |  5.43e-07 |     -- |  1.29e-01 |  1.62e-01 |     -- |  6.87e-01 |  1.03e+00
12410448 |  5.37e-07 |     -- |  1.33e-01 |  1.68e-01 |     -- |  6.84e-01 |  1.02e+00
12419449 |  5.41e-07 |     -- |  1.44e-01 |  1.83e-01 |     -- |  6.84e-01 |  1.02e+00
12428449 |  5.40e-07 |     -- |  1.34e-01 |  1.67e-01 |     -- |  6.84e-01 |  1.03e+00
12437450 |  5.42e-07 |     -- |  1.36e-01 |  1.71e-01 |     -- |  6.86e-01 |  1.03e+00
12446456 |  5.39e-07 |     -- |  1.29e-01 |  1.62e-01 |     -- |  6.85e-01 |  1.03e+00
12455466 |  5.41e-07 |     -- |  1.33e-01 |  1.66e-01 |     -- |  6.85e-01 |  1.03e+00
12464476 |  5.48e-07 |     -- |  1.47e-01 |  1.85e-01 |     -- |  6.88e-01 |  1.03e+00
12473477 |  5.40e-07 |     -- |  1.27e-01 |  1.60e-01 |     -- |  6.86e-01 |  1.03e+00
12482486 |  5.36e-07 |     -- |  1.26e-01 |  1.58e-01 |     -- |  6.83e-01 |  1.02e+00
12491498 |  5.51e-07 |     -- |  1.44e-01 |  1.80e-01 |     -- |  6.91e-01 |  1.03e+00
12500498 |  5.41e-07 |     -- |  1.33e-01 |  1.68e-01 |     -- |  6.87e-01 |  1.03e+00
12509498 |  5.39e-07 |     -- |  1.30e-01 |  1.63e-01 |     -- |  6.84e-01 |  1.03e+00
12518510 |  5.47e-07 |     -- |  1.44e-01 |  1.79e-01 |     -- |  6.88e-01 |  1.03e+00
12527522 |  5.38e-07 |     -- |  1.28e-01 |  1.60e-01 |     -- |  6.84e-01 |  1.02e+00
12536533 |  5.46e-07 |     -- |  1.46e-01 |  1.83e-01 |     -- |  6.88e-01 |  1.03e+00
12545544 |  5.38e-07 |     -- |  1.36e-01 |  1.72e-01 |     -- |  6.83e-01 |  1.02e+00
12554545 |  5.38e-07 |     -- |  1.25e-01 |  1.57e-01 |     -- |  6.85e-01 |  1.03e+00
12563557 |  5.43e-07 |     -- |  1.34e-01 |  1.69e-01 |     -- |  6.88e-01 |  1.03e+00
12572569 |  5.46e-07 |     -- |  1.38e-01 |  1.73e-01 |     -- |  6.88e-01 |  1.03e+00
12581579 |  5.44e-07 |     -- |  1.28e-01 |  1.60e-01 |     -- |  6.88e-01 |  1.03e+00
12590579 |  5.35e-07 |     -- |  1.30e-01 |  1.62e-01 |     -- |  6.83e-01 |  1.02e+00
12599583 |  5.43e-07 |     -- |  1.40e-01 |  1.75e-01 |     -- |  6.86e-01 |  1.03e+00
12608584 |  5.37e-07 |     -- |  1.29e-01 |  1.62e-01 |     -- |  6.83e-01 |  1.02e+00
12617589 |  5.33e-07 |     -- |  1.27e-01 |  1.59e-01 |     -- |  6.82e-01 |  1.02e+00
12626592 |  5.36e-07 |     -- |  1.32e-01 |  1.65e-01 |     -- |  6.82e-01 |  1.02e+00
12635592 |  5.35e-07 |     -- |  1.30e-01 |  1.63e-01 |     -- |  6.82e-01 |  1.02e+00
12644603 |  5.41e-07 |     -- |  1.36e-01 |  1.70e-01 |     -- |  6.85e-01 |  1.03e+00
12653605 |  5.40e-07 |     -- |  1.32e-01 |  1.64e-01 |     -- |  6.85e-01 |  1.03e+00
12662616 |  5.35e-07 |     -- |  1.32e-01 |  1.65e-01 |     -- |  6.82e-01 |  1.02e+00
12671616 |  5.41e-07 |     -- |  1.31e-01 |  1.64e-01 |     -- |  6.86e-01 |  1.03e+00
12680616 |  5.43e-07 |     -- |  1.42e-01 |  1.79e-01 |     -- |  6.85e-01 |  1.03e+00
12689617 |  5.42e-07 |     -- |  1.32e-01 |  1.66e-01 |     -- |  6.86e-01 |  1.03e+00
12698629 |  5.34e-07 |     -- |  1.32e-01 |  1.66e-01 |     -- |  6.81e-01 |  1.02e+00
12707633 |  5.39e-07 |     -- |  1.29e-01 |  1.60e-01 |     -- |  6.86e-01 |  1.03e+00
12716634 |  5.40e-07 |     -- |  1.38e-01 |  1.72e-01 |     -- |  6.84e-01 |  1.02e+00
12725646 |  5.33e-07 |     -- |  1.26e-01 |  1.57e-01 |     -- |  6.81e-01 |  1.02e+00
12734647 |  5.36e-07 |     -- |  1.25e-01 |  1.57e-01 |     -- |  6.82e-01 |  1.02e+00
12743649 |  5.43e-07 |     -- |  1.38e-01 |  1.73e-01 |     -- |  6.86e-01 |  1.03e+00
12752652 |  5.41e-07 |     -- |  1.32e-01 |  1.67e-01 |     -- |  6.85e-01 |  1.03e+00
12761663 |  5.34e-07 |     -- |  1.25e-01 |  1.57e-01 |     -- |  6.82e-01 |  1.02e+00
12770663 |  5.36e-07 |     -- |  1.37e-01 |  1.70e-01 |     -- |  6.81e-01 |  1.02e+00
12779673 |  5.39e-07 |     -- |  1.24e-01 |  1.56e-01 |     -- |  6.85e-01 |  1.03e+00
12788685 |  5.32e-07 |     -- |  1.35e-01 |  1.69e-01 |     -- |  6.79e-01 |  1.02e+00
12797696 |  5.35e-07 |     -- |  1.24e-01 |  1.56e-01 |     -- |  6.82e-01 |  1.02e+00
12806707 |  5.43e-07 |     -- |  1.31e-01 |  1.64e-01 |     -- |  6.87e-01 |  1.03e+00
12815718 |  5.35e-07 |     -- |  1.32e-01 |  1.66e-01 |     -- |  6.82e-01 |  1.02e+00
12824728 |  5.40e-07 |     -- |  1.33e-01 |  1.67e-01 |     -- |  6.84e-01 |  1.03e+00
12833728 |  5.46e-07 |     -- |  1.28e-01 |  1.62e-01 |     -- |  6.88e-01 |  1.03e+00
12842738 |  5.39e-07 |     -- |  1.29e-01 |  1.61e-01 |     -- |  6.84e-01 |  1.03e+00
12851739 |  5.38e-07 |     -- |  1.35e-01 |  1.69e-01 |     -- |  6.84e-01 |  1.02e+00
12860741 |  5.37e-07 |     -- |  1.29e-01 |  1.62e-01 |     -- |  6.83e-01 |  1.02e+00
12869751 |  5.37e-07 |     -- |  1.37e-01 |  1.71e-01 |     -- |  6.81e-01 |  1.02e+00
12878754 |  5.33e-07 |     -- |  1.33e-01 |  1.66e-01 |     -- |  6.81e-01 |  1.02e+00
12887766 |  5.40e-07 |     -- |  1.32e-01 |  1.65e-01 |     -- |  6.84e-01 |  1.03e+00
12896770 |  5.37e-07 |     -- |  1.32e-01 |  1.65e-01 |     -- |  6.83e-01 |  1.02e+00
12905782 |  5.40e-07 |     -- |  1.28e-01 |  1.61e-01 |     -- |  6.85e-01 |  1.03e+00
12914794 |  5.33e-07 |     -- |  1.39e-01 |  1.73e-01 |     -- |  6.79e-01 |  1.02e+00
12923806 |  5.42e-07 |     -- |  1.41e-01 |  1.77e-01 |     -- |  6.85e-01 |  1.03e+00
12932818 |  5.32e-07 |     -- |  1.23e-01 |  1.54e-01 |     -- |  6.80e-01 |  1.02e+00
12941829 |  5.31e-07 |     -- |  1.30e-01 |  1.63e-01 |     -- |  6.79e-01 |  1.02e+00
12950829 |  5.36e-07 |     -- |  1.33e-01 |  1.66e-01 |     -- |  6.82e-01 |  1.02e+00
12959840 |  5.37e-07 |     -- |  1.27e-01 |  1.59e-01 |     -- |  6.83e-01 |  1.02e+00
12968851 |  5.40e-07 |     -- |  1.33e-01 |  1.67e-01 |     -- |  6.84e-01 |  1.03e+00
12977862 |  5.38e-07 |     -- |  1.30e-01 |  1.63e-01 |     -- |  6.83e-01 |  1.02e+00
12986862 |  5.32e-07 |     -- |  1.29e-01 |  1.63e-01 |     -- |  6.81e-01 |  1.02e+00
12995862 |  5.30e-07 |     -- |  1.28e-01 |  1.60e-01 |     -- |  6.79e-01 |  1.02e+00
13004863 |  5.35e-07 |     -- |  1.35e-01 |  1.69e-01 |     -- |  6.80e-01 |  1.02e+00
13013873 |  5.36e-07 |     -- |  1.30e-01 |  1.62e-01 |     -- |  6.82e-01 |  1.02e+00
13022885 |  5.30e-07 |     -- |  1.27e-01 |  1.60e-01 |     -- |  6.78e-01 |  1.02e+00
13031895 |  5.35e-07 |     -- |  1.30e-01 |  1.63e-01 |     -- |  6.82e-01 |  1.02e+00
13040906 |  5.39e-07 |     -- |  1.33e-01 |  1.67e-01 |     -- |  6.83e-01 |  1.02e+00
13049916 |  5.37e-07 |     -- |  1.26e-01 |  1.58e-01 |     -- |  6.83e-01 |  1.02e+00
13058928 |  5.33e-07 |     -- |  1.31e-01 |  1.65e-01 |     -- |  6.80e-01 |  1.02e+00
13067938 |  5.33e-07 |     -- |  1.30e-01 |  1.63e-01 |     -- |  6.80e-01 |  1.02e+00
13076949 |  5.32e-07 |     -- |  1.28e-01 |  1.62e-01 |     -- |  6.79e-01 |  1.02e+00
13085961 |  5.30e-07 |     -- |  1.30e-01 |  1.62e-01 |     -- |  6.78e-01 |  1.02e+00
13094973 |  5.35e-07 |     -- |  1.33e-01 |  1.67e-01 |     -- |  6.81e-01 |  1.02e+00
13103983 |  5.38e-07 |     -- |  1.35e-01 |  1.69e-01 |     -- |  6.82e-01 |  1.02e+00
13112994 |  5.32e-07 |     -- |  1.30e-01 |  1.63e-01 |     -- |  6.80e-01 |  1.02e+00
13122003 |  5.31e-07 |     -- |  1.30e-01 |  1.63e-01 |     -- |  6.79e-01 |  1.02e+00
13131005 |  5.32e-07 |     -- |  1.26e-01 |  1.57e-01 |     -- |  6.79e-01 |  1.02e+00
13140006 |  5.35e-07 |     -- |  1.30e-01 |  1.62e-01 |     -- |  6.82e-01 |  1.02e+00
13149006 |  5.32e-07 |     -- |  1.28e-01 |  1.59e-01 |     -- |  6.80e-01 |  1.02e+00
13158007 |  5.29e-07 |     -- |  1.36e-01 |  1.71e-01 |     -- |  6.76e-01 |  1.01e+00
13167018 |  5.34e-07 |     -- |  1.32e-01 |  1.66e-01 |     -- |  6.80e-01 |  1.02e+00
13176029 |  5.33e-07 |     -- |  1.33e-01 |  1.66e-01 |     -- |  6.79e-01 |  1.02e+00
13185041 |  5.28e-07 |     -- |  1.23e-01 |  1.52e-01 |     -- |  6.77e-01 |  1.02e+00
13194045 |  5.27e-07 |     -- |  1.26e-01 |  1.59e-01 |     -- |  6.76e-01 |  1.01e+00
13203048 |  5.32e-07 |     -- |  1.27e-01 |  1.61e-01 |     -- |  6.80e-01 |  1.02e+00
13212051 |  5.30e-07 |     -- |  1.24e-01 |  1.55e-01 |     -- |  6.79e-01 |  1.02e+00
13221051 |  5.32e-07 |     -- |  1.31e-01 |  1.65e-01 |     -- |  6.79e-01 |  1.02e+00
13230051 |  5.36e-07 |     -- |  1.29e-01 |  1.62e-01 |     -- |  6.81e-01 |  1.02e+00
13239062 |  5.26e-07 |     -- |  1.25e-01 |  1.57e-01 |     -- |  6.75e-01 |  1.01e+00
13248072 |  5.26e-07 |     -- |  1.25e-01 |  1.57e-01 |     -- |  6.75e-01 |  1.01e+00
13257084 |  5.33e-07 |     -- |  1.29e-01 |  1.62e-01 |     -- |  6.80e-01 |  1.02e+00
13266085 |  5.32e-07 |     -- |  1.25e-01 |  1.57e-01 |     -- |  6.79e-01 |  1.02e+00
13275095 |  5.30e-07 |     -- |  1.26e-01 |  1.58e-01 |     -- |  6.78e-01 |  1.02e+00
13284095 |  5.26e-07 |     -- |  1.26e-01 |  1.58e-01 |     -- |  6.75e-01 |  1.01e+00
13293105 |  5.31e-07 |     -- |  1.29e-01 |  1.62e-01 |     -- |  6.79e-01 |  1.02e+00
13302117 |  5.37e-07 |     -- |  1.37e-01 |  1.71e-01 |     -- |  6.81e-01 |  1.02e+00
13311117 |  5.33e-07 |     -- |  1.36e-01 |  1.70e-01 |     -- |  6.79e-01 |  1.02e+00
13320127 |  5.29e-07 |     -- |  1.31e-01 |  1.63e-01 |     -- |  6.77e-01 |  1.02e+00
13329138 |  5.34e-07 |     -- |  1.32e-01 |  1.66e-01 |     -- |  6.80e-01 |  1.02e+00
13338150 |  5.27e-07 |     -- |  1.31e-01 |  1.63e-01 |     -- |  6.75e-01 |  1.01e+00
13347162 |  5.28e-07 |     -- |  1.25e-01 |  1.56e-01 |     -- |  6.77e-01 |  1.02e+00
13356162 |  5.34e-07 |     -- |  1.27e-01 |  1.59e-01 |     -- |  6.80e-01 |  1.02e+00
13365174 |  5.30e-07 |     -- |  1.30e-01 |  1.62e-01 |     -- |  6.78e-01 |  1.02e+00
13374175 |  5.29e-07 |     -- |  1.26e-01 |  1.57e-01 |     -- |  6.77e-01 |  1.02e+00
13383187 |  5.34e-07 |     -- |  1.29e-01 |  1.62e-01 |     -- |  6.80e-01 |  1.02e+00
13392196 |  5.31e-07 |     -- |  1.27e-01 |  1.61e-01 |     -- |  6.78e-01 |  1.02e+00
13401197 |  5.25e-07 |     -- |  1.22e-01 |  1.54e-01 |     -- |  6.75e-01 |  1.01e+00
13410199 |  5.35e-07 |     -- |  1.30e-01 |  1.63e-01 |     -- |  6.81e-01 |  1.02e+00
13419200 |  5.30e-07 |     -- |  1.34e-01 |  1.66e-01 |     -- |  6.77e-01 |  1.02e+00
13428210 |  5.30e-07 |     -- |  1.21e-01 |  1.51e-01 |     -- |  6.78e-01 |  1.02e+00
13437221 |  5.29e-07 |     -- |  1.25e-01 |  1.56e-01 |     -- |  6.77e-01 |  1.02e+00
13446233 |  5.28e-07 |     -- |  1.26e-01 |  1.59e-01 |     -- |  6.77e-01 |  1.02e+00
13455234 |  5.25e-07 |     -- |  1.24e-01 |  1.56e-01 |     -- |  6.75e-01 |  1.01e+00
13464234 |  5.34e-07 |     -- |  1.32e-01 |  1.65e-01 |     -- |  6.80e-01 |  1.02e+00
13473237 |  5.27e-07 |     -- |  1.23e-01 |  1.55e-01 |     -- |  6.76e-01 |  1.01e+00
13482249 |  5.27e-07 |     -- |  1.33e-01 |  1.68e-01 |     -- |  6.75e-01 |  1.01e+00
13491259 |  5.28e-07 |     -- |  1.31e-01 |  1.64e-01 |     -- |  6.76e-01 |  1.01e+00
13500270 |  5.26e-07 |     -- |  1.27e-01 |  1.59e-01 |     -- |  6.75e-01 |  1.01e+00
13509270 |  5.26e-07 |     -- |  1.25e-01 |  1.57e-01 |     -- |  6.75e-01 |  1.01e+00
13518281 |  5.30e-07 |     -- |  1.28e-01 |  1.60e-01 |     -- |  6.77e-01 |  1.02e+00
13527286 |  5.30e-07 |     -- |  1.30e-01 |  1.62e-01 |     -- |  6.78e-01 |  1.02e+00
13536286 |  5.27e-07 |     -- |  1.27e-01 |  1.60e-01 |     -- |  6.75e-01 |  1.01e+00
13545288 |  5.33e-07 |     -- |  1.26e-01 |  1.59e-01 |     -- |  6.80e-01 |  1.02e+00
13554299 |  5.30e-07 |     -- |  1.21e-01 |  1.51e-01 |     -- |  6.78e-01 |  1.02e+00
13563300 |  5.25e-07 |     -- |  1.28e-01 |  1.61e-01 |     -- |  6.74e-01 |  1.01e+00
13572300 |  5.23e-07 |     -- |  1.26e-01 |  1.58e-01 |     -- |  6.73e-01 |  1.01e+00
13581300 |  5.29e-07 |     -- |  1.28e-01 |  1.62e-01 |     -- |  6.77e-01 |  1.02e+00
13590312 |  5.25e-07 |     -- |  1.20e-01 |  1.51e-01 |     -- |  6.75e-01 |  1.01e+00
13599323 |  5.22e-07 |     -- |  1.30e-01 |  1.62e-01 |     -- |  6.71e-01 |  1.01e+00
13608324 |  5.23e-07 |     -- |  1.35e-01 |  1.70e-01 |     -- |  6.71e-01 |  1.01e+00
13617336 |  5.28e-07 |     -- |  1.22e-01 |  1.53e-01 |     -- |  6.77e-01 |  1.02e+00
13626347 |  5.25e-07 |     -- |  1.27e-01 |  1.59e-01 |     -- |  6.74e-01 |  1.01e+00
13635359 |  5.26e-07 |     -- |  1.23e-01 |  1.54e-01 |     -- |  6.76e-01 |  1.01e+00
13644370 |  5.25e-07 |     -- |  1.22e-01 |  1.54e-01 |     -- |  6.74e-01 |  1.01e+00
13653371 |  5.25e-07 |     -- |  1.22e-01 |  1.52e-01 |     -- |  6.75e-01 |  1.01e+00
13662380 |  5.33e-07 |     -- |  1.30e-01 |  1.63e-01 |     -- |  6.79e-01 |  1.02e+00
13671381 |  5.30e-07 |     -- |  1.28e-01 |  1.59e-01 |     -- |  6.78e-01 |  1.02e+00
13680381 |  5.26e-07 |     -- |  1.31e-01 |  1.64e-01 |     -- |  6.74e-01 |  1.01e+00
13689391 |  5.23e-07 |     -- |  1.22e-01 |  1.54e-01 |     -- |  6.73e-01 |  1.01e+00
13698402 |  5.21e-07 |     -- |  1.23e-01 |  1.54e-01 |     -- |  6.73e-01 |  1.01e+00
13707414 |  5.24e-07 |     -- |  1.30e-01 |  1.63e-01 |     -- |  6.74e-01 |  1.01e+00
13716426 |  5.25e-07 |     -- |  1.25e-01 |  1.56e-01 |     -- |  6.74e-01 |  1.01e+00
13725438 |  5.24e-07 |     -- |  1.29e-01 |  1.62e-01 |     -- |  6.73e-01 |  1.01e+00
13734449 |  5.22e-07 |     -- |  1.28e-01 |  1.62e-01 |     -- |  6.73e-01 |  1.01e+00
13743460 |  5.23e-07 |     -- |  1.26e-01 |  1.58e-01 |     -- |  6.73e-01 |  1.01e+00
13752471 |  5.28e-07 |     -- |  1.31e-01 |  1.65e-01 |     -- |  6.75e-01 |  1.01e+00
13761482 |  5.24e-07 |     -- |  1.20e-01 |  1.50e-01 |     -- |  6.75e-01 |  1.01e+00
13770484 |  5.22e-07 |     -- |  1.28e-01 |  1.61e-01 |     -- |  6.72e-01 |  1.01e+00
13779496 |  5.21e-07 |     -- |  1.23e-01 |  1.53e-01 |     -- |  6.72e-01 |  1.01e+00
13788508 |  5.25e-07 |     -- |  1.25e-01 |  1.58e-01 |     -- |  6.73e-01 |  1.01e+00
13797520 |  5.31e-07 |     -- |  1.33e-01 |  1.68e-01 |     -- |  6.77e-01 |  1.02e+00
13806531 |  5.25e-07 |     -- |  1.25e-01 |  1.57e-01 |     -- |  6.75e-01 |  1.01e+00
13815533 |  5.23e-07 |     -- |  1.32e-01 |  1.65e-01 |     -- |  6.72e-01 |  1.01e+00
13824535 |  5.26e-07 |     -- |  1.30e-01 |  1.62e-01 |     -- |  6.75e-01 |  1.01e+00
13833535 |  5.16e-07 |     -- |  1.20e-01 |  1.51e-01 |     -- |  6.68e-01 |  1.00e+00
13842535 |  5.28e-07 |     -- |  1.25e-01 |  1.56e-01 |     -- |  6.76e-01 |  1.02e+00
13851546 |  5.23e-07 |     -- |  1.33e-01 |  1.67e-01 |     -- |  6.72e-01 |  1.01e+00
13860546 |  5.26e-07 |     -- |  1.27e-01 |  1.60e-01 |     -- |  6.74e-01 |  1.01e+00
13869546 |  5.22e-07 |     -- |  1.24e-01 |  1.55e-01 |     -- |  6.72e-01 |  1.01e+00
13878556 |  5.22e-07 |     -- |  1.24e-01 |  1.57e-01 |     -- |  6.71e-01 |  1.01e+00
13887556 |  5.25e-07 |     -- |  1.26e-01 |  1.59e-01 |     -- |  6.73e-01 |  1.01e+00
13896556 |  5.23e-07 |     -- |  1.27e-01 |  1.59e-01 |     -- |  6.73e-01 |  1.01e+00
13905556 |  5.22e-07 |     -- |  1.23e-01 |  1.53e-01 |     -- |  6.72e-01 |  1.01e+00
13914568 |  5.26e-07 |     -- |  1.28e-01 |  1.61e-01 |     -- |  6.75e-01 |  1.01e+00
13923569 |  5.23e-07 |     -- |  1.23e-01 |  1.55e-01 |     -- |  6.72e-01 |  1.01e+00
13932571 |  5.25e-07 |     -- |  1.22e-01 |  1.53e-01 |     -- |  6.74e-01 |  1.01e+00
13941580 |  5.23e-07 |     -- |  1.27e-01 |  1.59e-01 |     -- |  6.73e-01 |  1.01e+00
13950581 |  5.22e-07 |     -- |  1.23e-01 |  1.53e-01 |     -- |  6.71e-01 |  1.01e+00
13959592 |  5.26e-07 |     -- |  1.21e-01 |  1.52e-01 |     -- |  6.75e-01 |  1.01e+00
13968603 |  5.23e-07 |     -- |  1.27e-01 |  1.59e-01 |     -- |  6.72e-01 |  1.01e+00
13977605 |  5.26e-07 |     -- |  1.28e-01 |  1.60e-01 |     -- |  6.74e-01 |  1.01e+00
13986617 |  5.21e-07 |     -- |  1.23e-01 |  1.55e-01 |     -- |  6.71e-01 |  1.01e+00
13995628 |  5.20e-07 |     -- |  1.24e-01 |  1.56e-01 |     -- |  6.70e-01 |  1.01e+00
14004628 |  5.25e-07 |     -- |  1.24e-01 |  1.55e-01 |     -- |  6.73e-01 |  1.01e+00
14013640 |  5.24e-07 |     -- |  1.29e-01 |  1.61e-01 |     -- |  6.73e-01 |  1.01e+00
14022652 |  5.23e-07 |     -- |  1.18e-01 |  1.48e-01 |     -- |  6.73e-01 |  1.01e+00
14031654 |  5.21e-07 |     -- |  1.19e-01 |  1.49e-01 |     -- |  6.74e-01 |  1.01e+00
14040655 |  5.21e-07 |     -- |  1.27e-01 |  1.59e-01 |     -- |  6.71e-01 |  1.01e+00
14049666 |  5.26e-07 |     -- |  1.27e-01 |  1.60e-01 |     -- |  6.75e-01 |  1.01e+00
14058677 |  5.19e-07 |     -- |  1.23e-01 |  1.54e-01 |     -- |  6.69e-01 |  1.01e+00
14067688 |  5.24e-07 |     -- |  1.25e-01 |  1.56e-01 |     -- |  6.74e-01 |  1.01e+00
14076690 |  5.20e-07 |     -- |  1.21e-01 |  1.52e-01 |     -- |  6.70e-01 |  1.01e+00
14085690 |  5.18e-07 |     -- |  1.23e-01 |  1.53e-01 |     -- |  6.69e-01 |  1.01e+00
14094693 |  5.22e-07 |     -- |  1.17e-01 |  1.47e-01 |     -- |  6.73e-01 |  1.01e+00
14103694 |  5.21e-07 |     -- |  1.24e-01 |  1.55e-01 |     -- |  6.70e-01 |  1.01e+00
14112694 |  5.21e-07 |     -- |  1.23e-01 |  1.55e-01 |     -- |  6.71e-01 |  1.01e+00
14121706 |  5.18e-07 |     -- |  1.20e-01 |  1.51e-01 |     -- |  6.70e-01 |  1.01e+00
14130706 |  5.16e-07 |     -- |  1.22e-01 |  1.53e-01 |     -- |  6.68e-01 |  1.00e+00
14139708 |  5.22e-07 |     -- |  1.25e-01 |  1.58e-01 |     -- |  6.71e-01 |  1.01e+00
14148718 |  5.24e-07 |     -- |  1.20e-01 |  1.51e-01 |     -- |  6.74e-01 |  1.01e+00
14157729 |  5.21e-07 |     -- |  1.21e-01 |  1.51e-01 |     -- |  6.73e-01 |  1.01e+00
14166739 |  5.21e-07 |     -- |  1.24e-01 |  1.56e-01 |     -- |  6.71e-01 |  1.01e+00
14175750 |  5.22e-07 |     -- |  1.24e-01 |  1.56e-01 |     -- |  6.71e-01 |  1.01e+00
14184752 |  5.17e-07 |     -- |  1.21e-01 |  1.52e-01 |     -- |  6.69e-01 |  1.01e+00
14193764 |  5.23e-07 |     -- |  1.21e-01 |  1.52e-01 |     -- |  6.73e-01 |  1.01e+00
14202776 |  5.19e-07 |     -- |  1.18e-01 |  1.49e-01 |     -- |  6.70e-01 |  1.01e+00
14211788 |  5.17e-07 |     -- |  1.22e-01 |  1.53e-01 |     -- |  6.69e-01 |  1.01e+00
14220800 |  5.23e-07 |     -- |  1.22e-01 |  1.53e-01 |     -- |  6.72e-01 |  1.01e+00
14229811 |  5.15e-07 |     -- |  1.18e-01 |  1.47e-01 |     -- |  6.69e-01 |  1.00e+00
14238813 |  5.25e-07 |     -- |  1.23e-01 |  1.54e-01 |     -- |  6.74e-01 |  1.01e+00
14247824 |  5.24e-07 |     -- |  1.25e-01 |  1.56e-01 |     -- |  6.73e-01 |  1.01e+00
14256835 |  5.16e-07 |     -- |  1.28e-01 |  1.61e-01 |     -- |  6.67e-01 |  1.00e+00
14265837 |  5.18e-07 |     -- |  1.21e-01 |  1.52e-01 |     -- |  6.68e-01 |  1.01e+00
14274847 |  5.16e-07 |     -- |  1.22e-01 |  1.52e-01 |     -- |  6.68e-01 |  1.00e+00
14283856 |  5.16e-07 |     -- |  1.18e-01 |  1.48e-01 |     -- |  6.68e-01 |  1.00e+00
14292857 |  5.14e-07 |     -- |  1.25e-01 |  1.57e-01 |     -- |  6.66e-01 |  1.00e+00
14301857 |  5.19e-07 |     -- |  1.28e-01 |  1.61e-01 |     -- |  6.69e-01 |  1.01e+00
14310869 |  5.19e-07 |     -- |  1.26e-01 |  1.59e-01 |     -- |  6.68e-01 |  1.01e+00
14319879 |  5.20e-07 |     -- |  1.24e-01 |  1.56e-01 |     -- |  6.70e-01 |  1.01e+00
14328890 |  5.20e-07 |     -- |  1.16e-01 |  1.46e-01 |     -- |  6.70e-01 |  1.01e+00
14337890 |  5.18e-07 |     -- |  1.23e-01 |  1.54e-01 |     -- |  6.70e-01 |  1.01e+00
14346893 |  5.21e-07 |     -- |  1.20e-01 |  1.50e-01 |     -- |  6.71e-01 |  1.01e+00
14355904 |  5.18e-07 |     -- |  1.27e-01 |  1.59e-01 |     -- |  6.68e-01 |  1.01e+00
14364906 |  5.20e-07 |     -- |  1.25e-01 |  1.57e-01 |     -- |  6.70e-01 |  1.01e+00
14373906 |  5.15e-07 |     -- |  1.20e-01 |  1.50e-01 |     -- |  6.67e-01 |  1.00e+00
14382907 |  5.17e-07 |     -- |  1.19e-01 |  1.49e-01 |     -- |  6.70e-01 |  1.01e+00
14391918 |  5.15e-07 |     -- |  1.17e-01 |  1.46e-01 |     -- |  6.68e-01 |  1.00e+00
14400920 |  5.20e-07 |     -- |  1.19e-01 |  1.50e-01 |     -- |  6.71e-01 |  1.01e+00
14409920 |  5.22e-07 |     -- |  1.31e-01 |  1.63e-01 |     -- |  6.70e-01 |  1.01e+00
14418922 |  5.17e-07 |     -- |  1.21e-01 |  1.52e-01 |     -- |  6.69e-01 |  1.01e+00
14427924 |  5.19e-07 |     -- |  1.23e-01 |  1.54e-01 |     -- |  6.69e-01 |  1.01e+00
14436935 |  5.16e-07 |     -- |  1.13e-01 |  1.41e-01 |     -- |  6.69e-01 |  1.01e+00
14445947 |  5.14e-07 |     -- |  1.21e-01 |  1.51e-01 |     -- |  6.66e-01 |  1.00e+00
14454948 |  5.14e-07 |     -- |  1.28e-01 |  1.61e-01 |     -- |  6.65e-01 |  1.00e+00
14463948 |  5.17e-07 |     -- |  1.20e-01 |  1.50e-01 |     -- |  6.69e-01 |  1.01e+00
14472948 |  5.16e-07 |     -- |  1.23e-01 |  1.54e-01 |     -- |  6.68e-01 |  1.00e+00
14481948 |  5.13e-07 |     -- |  1.25e-01 |  1.58e-01 |     -- |  6.65e-01 |  1.00e+00
14490950 |  5.23e-07 |     -- |  1.23e-01 |  1.53e-01 |     -- |  6.72e-01 |  1.01e+00
14499962 |  5.15e-07 |     -- |  1.19e-01 |  1.49e-01 |     -- |  6.68e-01 |  1.00e+00
14508963 |  5.19e-07 |     -- |  1.17e-01 |  1.46e-01 |     -- |  6.70e-01 |  1.01e+00
14517963 |  5.21e-07 |     -- |  1.20e-01 |  1.51e-01 |     -- |  6.72e-01 |  1.01e+00
14526974 |  5.14e-07 |     -- |  1.16e-01 |  1.45e-01 |     -- |  6.68e-01 |  1.00e+00
14535986 |  5.18e-07 |     -- |  1.22e-01 |  1.54e-01 |     -- |  6.69e-01 |  1.01e+00
14544992 |  5.16e-07 |     -- |  1.24e-01 |  1.55e-01 |     -- |  6.68e-01 |  1.00e+00
14553993 |  5.15e-07 |     -- |  1.12e-01 |  1.40e-01 |     -- |  6.68e-01 |  1.01e+00
14563004 |  5.17e-07 |     -- |  1.24e-01 |  1.56e-01 |     -- |  6.68e-01 |  1.01e+00
14572005 |  5.16e-07 |     -- |  1.22e-01 |  1.52e-01 |     -- |  6.68e-01 |  1.00e+00
14581017 |  5.13e-07 |     -- |  1.23e-01 |  1.55e-01 |     -- |  6.65e-01 |  1.00e+00
14590019 |  5.15e-07 |     -- |  1.17e-01 |  1.47e-01 |     -- |  6.68e-01 |  1.00e+00
14599030 |  5.21e-07 |     -- |  1.19e-01 |  1.50e-01 |     -- |  6.70e-01 |  1.01e+00
14608041 |  5.19e-07 |     -- |  1.18e-01 |  1.48e-01 |     -- |  6.70e-01 |  1.01e+00
14617051 |  5.17e-07 |     -- |  1.28e-01 |  1.61e-01 |     -- |  6.67e-01 |  1.00e+00
14626057 |  5.16e-07 |     -- |  1.22e-01 |  1.54e-01 |     -- |  6.67e-01 |  1.00e+00
14635067 |  5.14e-07 |     -- |  1.24e-01 |  1.55e-01 |     -- |  6.65e-01 |  1.00e+00
14644079 |  5.12e-07 |     -- |  1.22e-01 |  1.51e-01 |     -- |  6.64e-01 |  1.00e+00
14653089 |  5.22e-07 |     -- |  1.19e-01 |  1.50e-01 |     -- |  6.72e-01 |  1.01e+00
14662090 |  5.18e-07 |     -- |  1.28e-01 |  1.61e-01 |     -- |  6.67e-01 |  1.00e+00
14671093 |  5.14e-07 |     -- |  1.14e-01 |  1.42e-01 |     -- |  6.66e-01 |  1.00e+00
14680096 |  5.16e-07 |     -- |  1.24e-01 |  1.55e-01 |     -- |  6.69e-01 |  1.00e+00
14689108 |  5.17e-07 |     -- |  1.19e-01 |  1.48e-01 |     -- |  6.68e-01 |  1.01e+00
14698113 |  5.16e-07 |     -- |  1.20e-01 |  1.50e-01 |     -- |  6.67e-01 |  1.00e+00
14707115 |  5.21e-07 |     -- |  1.20e-01 |  1.50e-01 |     -- |  6.70e-01 |  1.01e+00
14716126 |  5.15e-07 |     -- |  1.24e-01 |  1.55e-01 |     -- |  6.67e-01 |  1.00e+00
14725129 |  5.15e-07 |     -- |  1.18e-01 |  1.48e-01 |     -- |  6.67e-01 |  1.00e+00
14734138 |  5.15e-07 |     -- |  1.17e-01 |  1.47e-01 |     -- |  6.67e-01 |  1.00e+00
14743138 |  5.18e-07 |     -- |  1.18e-01 |  1.48e-01 |     -- |  6.69e-01 |  1.01e+00
14752149 |  5.11e-07 |     -- |  1.14e-01 |  1.43e-01 |     -- |  6.65e-01 |  1.00e+00
14761149 |  5.13e-07 |     -- |  1.26e-01 |  1.56e-01 |     -- |  6.65e-01 |  1.00e+00
14770161 |  5.16e-07 |     -- |  1.21e-01 |  1.52e-01 |     -- |  6.68e-01 |  1.00e+00
14779172 |  5.16e-07 |     -- |  1.19e-01 |  1.48e-01 |     -- |  6.67e-01 |  1.00e+00
14788175 |  5.17e-07 |     -- |  1.26e-01 |  1.57e-01 |     -- |  6.69e-01 |  1.01e+00
14797177 |  5.14e-07 |     -- |  1.22e-01 |  1.53e-01 |     -- |  6.66e-01 |  1.00e+00
14806180 |  5.11e-07 |     -- |  1.20e-01 |  1.51e-01 |     -- |  6.64e-01 |  1.00e+00
14815181 |  5.13e-07 |     -- |  1.19e-01 |  1.49e-01 |     -- |  6.64e-01 |  1.00e+00
14824183 |  5.20e-07 |     -- |  1.25e-01 |  1.57e-01 |     -- |  6.70e-01 |  1.01e+00
14833183 |  5.18e-07 |     -- |  1.23e-01 |  1.55e-01 |     -- |  6.67e-01 |  1.01e+00
14842195 |  5.12e-07 |     -- |  1.15e-01 |  1.44e-01 |     -- |  6.65e-01 |  1.00e+00
14851207 |  5.15e-07 |     -- |  1.19e-01 |  1.48e-01 |     -- |  6.66e-01 |  1.00e+00
14860218 |  5.13e-07 |     -- |  1.17e-01 |  1.47e-01 |     -- |  6.66e-01 |  1.00e+00
14869220 |  5.15e-07 |     -- |  1.20e-01 |  1.51e-01 |     -- |  6.67e-01 |  1.00e+00
14878220 |  5.15e-07 |     -- |  1.25e-01 |  1.57e-01 |     -- |  6.66e-01 |  1.00e+00
14887230 |  5.18e-07 |     -- |  1.24e-01 |  1.56e-01 |     -- |  6.69e-01 |  1.01e+00
14896230 |  5.07e-07 |     -- |  1.15e-01 |  1.45e-01 |     -- |  6.62e-01 |  9.97e-01
14905231 |  5.12e-07 |     -- |  1.15e-01 |  1.44e-01 |     -- |  6.65e-01 |  1.00e+00
14914242 |  5.10e-07 |     -- |  1.21e-01 |  1.53e-01 |     -- |  6.62e-01 |  9.98e-01
14923252 |  5.17e-07 |     -- |  1.26e-01 |  1.57e-01 |     -- |  6.67e-01 |  1.00e+00
14932252 |  5.13e-07 |     -- |  1.12e-01 |  1.41e-01 |     -- |  6.67e-01 |  1.00e+00
14941253 |  5.13e-07 |     -- |  1.19e-01 |  1.50e-01 |     -- |  6.65e-01 |  1.00e+00
14950265 |  5.12e-07 |     -- |  1.21e-01 |  1.52e-01 |     -- |  6.64e-01 |  1.00e+00
14959266 |  5.10e-07 |     -- |  1.16e-01 |  1.45e-01 |     -- |  6.64e-01 |  9.99e-01
14968278 |  5.12e-07 |     -- |  1.20e-01 |  1.50e-01 |     -- |  6.65e-01 |  1.00e+00
14977290 |  5.16e-07 |     -- |  1.13e-01 |  1.43e-01 |     -- |  6.67e-01 |  1.01e+00
14986302 |  5.09e-07 |     -- |  1.17e-01 |  1.47e-01 |     -- |  6.64e-01 |  9.98e-01
14995314 |  5.12e-07 |     -- |  1.15e-01 |  1.45e-01 |     -- |  6.64e-01 |  1.00e+00
15004318 |  5.15e-07 |     -- |  1.18e-01 |  1.48e-01 |     -- |  6.67e-01 |  1.00e+00
15013318 |  5.12e-07 |     -- |  1.18e-01 |  1.47e-01 |     -- |  6.65e-01 |  1.00e+00
15022322 |  5.10e-07 |     -- |  1.24e-01 |  1.56e-01 |     -- |  6.62e-01 |  9.98e-01
15031333 |  5.14e-07 |     -- |  1.19e-01 |  1.49e-01 |     -- |  6.66e-01 |  1.00e+00
15040333 |  5.15e-07 |     -- |  1.23e-01 |  1.55e-01 |     -- |  6.66e-01 |  1.00e+00
15049345 |  5.10e-07 |     -- |  1.13e-01 |  1.42e-01 |     -- |  6.65e-01 |  1.00e+00
15058345 |  5.10e-07 |     -- |  1.20e-01 |  1.51e-01 |     -- |  6.63e-01 |  9.99e-01
15067356 |  5.10e-07 |     -- |  1.22e-01 |  1.53e-01 |     -- |  6.63e-01 |  9.99e-01
15076357 |  5.13e-07 |     -- |  1.18e-01 |  1.48e-01 |     -- |  6.65e-01 |  1.00e+00
15085369 |  5.12e-07 |     -- |  1.18e-01 |  1.48e-01 |     -- |  6.65e-01 |  1.00e+00
15094369 |  5.10e-07 |     -- |  1.20e-01 |  1.50e-01 |     -- |  6.63e-01 |  9.98e-01
15103381 |  5.10e-07 |     -- |  1.17e-01 |  1.48e-01 |     -- |  6.64e-01 |  9.99e-01
15112392 |  5.11e-07 |     -- |  1.18e-01 |  1.48e-01 |     -- |  6.63e-01 |  1.00e+00
15121404 |  5.12e-07 |     -- |  1.19e-01 |  1.48e-01 |     -- |  6.65e-01 |  1.00e+00
15130414 |  5.06e-07 |     -- |  1.20e-01 |  1.50e-01 |     -- |  6.60e-01 |  9.95e-01
15139424 |  5.14e-07 |     -- |  1.22e-01 |  1.53e-01 |     -- |  6.65e-01 |  1.00e+00
15148425 |  5.08e-07 |     -- |  1.21e-01 |  1.51e-01 |     -- |  6.61e-01 |  9.96e-01
15157427 |  5.09e-07 |     -- |  1.13e-01 |  1.41e-01 |     -- |  6.64e-01 |  1.00e+00
15166437 |  5.13e-07 |     -- |  1.21e-01 |  1.53e-01 |     -- |  6.64e-01 |  1.00e+00
15175447 |  5.09e-07 |     -- |  1.19e-01 |  1.49e-01 |     -- |  6.63e-01 |  9.98e-01
15184447 |  5.11e-07 |     -- |  1.17e-01 |  1.46e-01 |     -- |  6.64e-01 |  1.00e+00
15193458 |  5.11e-07 |     -- |  1.23e-01 |  1.53e-01 |     -- |  6.63e-01 |  9.99e-01
15202459 |  5.10e-07 |     -- |  1.19e-01 |  1.50e-01 |     -- |  6.63e-01 |  9.99e-01
15211461 |  5.13e-07 |     -- |  1.16e-01 |  1.46e-01 |     -- |  6.65e-01 |  1.00e+00
15220461 |  5.08e-07 |     -- |  1.16e-01 |  1.47e-01 |     -- |  6.62e-01 |  9.98e-01
15229462 |  5.14e-07 |     -- |  1.18e-01 |  1.48e-01 |     -- |  6.66e-01 |  1.00e+00
15238462 |  5.10e-07 |     -- |  1.25e-01 |  1.56e-01 |     -- |  6.63e-01 |  9.98e-01
15247474 |  5.07e-07 |     -- |  1.16e-01 |  1.46e-01 |     -- |  6.62e-01 |  9.96e-01
15256476 |  5.15e-07 |     -- |  1.21e-01 |  1.53e-01 |     -- |  6.66e-01 |  1.00e+00
15265488 |  5.07e-07 |     -- |  1.17e-01 |  1.48e-01 |     -- |  6.61e-01 |  9.96e-01
15274499 |  5.14e-07 |     -- |  1.15e-01 |  1.44e-01 |     -- |  6.66e-01 |  1.00e+00
15283501 |  5.08e-07 |     -- |  1.13e-01 |  1.42e-01 |     -- |  6.62e-01 |  9.98e-01
15292513 |  5.05e-07 |     -- |  1.17e-01 |  1.45e-01 |     -- |  6.59e-01 |  9.94e-01
15301514 |  5.11e-07 |     -- |  1.16e-01 |  1.45e-01 |     -- |  6.63e-01 |  1.00e+00
15310525 |  5.12e-07 |     -- |  1.16e-01 |  1.46e-01 |     -- |  6.64e-01 |  1.00e+00
15319526 |  5.09e-07 |     -- |  1.17e-01 |  1.47e-01 |     -- |  6.63e-01 |  9.98e-01
15328537 |  5.07e-07 |     -- |  1.16e-01 |  1.45e-01 |     -- |  6.61e-01 |  9.96e-01
15337549 |  5.10e-07 |     -- |  1.22e-01 |  1.52e-01 |     -- |  6.62e-01 |  9.98e-01
15346550 |  5.13e-07 |     -- |  1.18e-01 |  1.47e-01 |     -- |  6.65e-01 |  1.00e+00
15355561 |  5.11e-07 |     -- |  1.11e-01 |  1.40e-01 |     -- |  6.65e-01 |  1.00e+00
15364563 |  5.09e-07 |     -- |  1.17e-01 |  1.47e-01 |     -- |  6.61e-01 |  9.99e-01
15373574 |  5.07e-07 |     -- |  1.18e-01 |  1.47e-01 |     -- |  6.62e-01 |  9.97e-01
15382574 |  5.06e-07 |     -- |  1.12e-01 |  1.40e-01 |     -- |  6.61e-01 |  9.96e-01
15391574 |  5.03e-07 |     -- |  1.15e-01 |  1.45e-01 |     -- |  6.59e-01 |  9.93e-01
15400585 |  5.15e-07 |     -- |  1.15e-01 |  1.44e-01 |     -- |  6.66e-01 |  1.01e+00
15409595 |  5.05e-07 |     -- |  1.15e-01 |  1.45e-01 |     -- |  6.59e-01 |  9.94e-01
15418596 |  5.03e-07 |     -- |  1.16e-01 |  1.46e-01 |     -- |  6.58e-01 |  9.92e-01
15427608 |  5.15e-07 |     -- |  1.13e-01 |  1.41e-01 |     -- |  6.67e-01 |  1.00e+00
15436618 |  5.09e-07 |     -- |  1.22e-01 |  1.52e-01 |     -- |  6.62e-01 |  9.97e-01
15445619 |  5.11e-07 |     -- |  1.15e-01 |  1.44e-01 |     -- |  6.63e-01 |  1.00e+00
15454631 |  5.11e-07 |     -- |  1.17e-01 |  1.47e-01 |     -- |  6.63e-01 |  1.00e+00
15463642 |  5.05e-07 |     -- |  1.17e-01 |  1.48e-01 |     -- |  6.60e-01 |  9.94e-01
15472649 |  5.08e-07 |     -- |  1.16e-01 |  1.45e-01 |     -- |  6.62e-01 |  9.97e-01
15481660 |  5.08e-07 |     -- |  1.17e-01 |  1.46e-01 |     -- |  6.61e-01 |  9.98e-01
15490662 |  5.08e-07 |     -- |  1.15e-01 |  1.45e-01 |     -- |  6.62e-01 |  9.97e-01
15499666 |  5.07e-07 |     -- |  1.12e-01 |  1.40e-01 |     -- |  6.61e-01 |  9.97e-01
15508678 |  5.08e-07 |     -- |  1.21e-01 |  1.51e-01 |     -- |  6.61e-01 |  9.97e-01
15517678 |  5.07e-07 |     -- |  1.12e-01 |  1.41e-01 |     -- |  6.61e-01 |  9.97e-01
15526688 |  5.08e-07 |     -- |  1.21e-01 |  1.51e-01 |     -- |  6.62e-01 |  9.97e-01
15535689 |  5.09e-07 |     -- |  1.15e-01 |  1.44e-01 |     -- |  6.62e-01 |  9.98e-01
15544689 |  5.08e-07 |     -- |  1.17e-01 |  1.48e-01 |     -- |  6.61e-01 |  9.98e-01
15553699 |  5.09e-07 |     -- |  1.12e-01 |  1.41e-01 |     -- |  6.62e-01 |  9.99e-01
15562700 |  5.05e-07 |     -- |  1.20e-01 |  1.50e-01 |     -- |  6.59e-01 |  9.93e-01
15571711 |  5.07e-07 |     -- |  1.17e-01 |  1.46e-01 |     -- |  6.62e-01 |  9.97e-01
15580723 |  5.11e-07 |     -- |  1.12e-01 |  1.41e-01 |     -- |  6.63e-01 |  1.00e+00
15589725 |  5.09e-07 |     -- |  1.21e-01 |  1.52e-01 |     -- |  6.62e-01 |  9.97e-01
15598725 |  5.08e-07 |     -- |  1.14e-01 |  1.42e-01 |     -- |  6.63e-01 |  9.98e-01
15607736 |  5.11e-07 |     -- |  1.14e-01 |  1.42e-01 |     -- |  6.64e-01 |  1.00e+00
15616748 |  5.06e-07 |     -- |  1.14e-01 |  1.43e-01 |     -- |  6.60e-01 |  9.95e-01
15625748 |  5.09e-07 |     -- |  1.22e-01 |  1.53e-01 |     -- |  6.61e-01 |  9.98e-01
15634749 |  5.04e-07 |     -- |  1.18e-01 |  1.47e-01 |     -- |  6.58e-01 |  9.93e-01
15643760 |  5.16e-07 |     -- |  1.14e-01 |  1.43e-01 |     -- |  6.66e-01 |  1.01e+00
15652761 |  5.00e-07 |     -- |  1.15e-01 |  1.44e-01 |     -- |  6.56e-01 |  9.89e-01
15661772 |  5.05e-07 |     -- |  1.19e-01 |  1.49e-01 |     -- |  6.59e-01 |  9.94e-01
15670783 |  5.08e-07 |     -- |  1.17e-01 |  1.46e-01 |     -- |  6.61e-01 |  9.98e-01
15679794 |  5.07e-07 |     -- |  1.17e-01 |  1.46e-01 |     -- |  6.61e-01 |  9.96e-01
15688805 |  5.10e-07 |     -- |  1.21e-01 |  1.51e-01 |     -- |  6.61e-01 |  9.99e-01
15697816 |  5.03e-07 |     -- |  1.18e-01 |  1.48e-01 |     -- |  6.59e-01 |  9.92e-01
15706827 |  5.09e-07 |     -- |  1.17e-01 |  1.47e-01 |     -- |  6.62e-01 |  9.99e-01
15715837 |  5.07e-07 |     -- |  1.16e-01 |  1.45e-01 |     -- |  6.60e-01 |  9.96e-01
15724848 |  5.07e-07 |     -- |  1.21e-01 |  1.52e-01 |     -- |  6.60e-01 |  9.95e-01
15733859 |  5.04e-07 |     -- |  1.20e-01 |  1.50e-01 |     -- |  6.58e-01 |  9.92e-01
15742869 |  5.02e-07 |     -- |  1.13e-01 |  1.41e-01 |     -- |  6.58e-01 |  9.92e-01
15751880 |  5.07e-07 |     -- |  1.15e-01 |  1.44e-01 |     -- |  6.60e-01 |  9.97e-01
15760880 |  5.07e-07 |     -- |  1.19e-01 |  1.49e-01 |     -- |  6.60e-01 |  9.96e-01
15769880 |  5.04e-07 |     -- |  1.22e-01 |  1.52e-01 |     -- |  6.57e-01 |  9.93e-01
15778883 |  5.05e-07 |     -- |  1.13e-01 |  1.43e-01 |     -- |  6.60e-01 |  9.94e-01
15787886 |  5.07e-07 |     -- |  1.15e-01 |  1.44e-01 |     -- |  6.60e-01 |  9.96e-01
15796888 |  4.99e-07 |     -- |  1.11e-01 |  1.39e-01 |     -- |  6.56e-01 |  9.89e-01
15805899 |  5.09e-07 |     -- |  1.12e-01 |  1.41e-01 |     -- |  6.63e-01 |  9.99e-01
15814900 |  5.06e-07 |     -- |  1.15e-01 |  1.45e-01 |     -- |  6.59e-01 |  9.95e-01
15823903 |  5.02e-07 |     -- |  1.16e-01 |  1.46e-01 |     -- |  6.58e-01 |  9.92e-01
15832904 |  5.03e-07 |     -- |  1.10e-01 |  1.38e-01 |     -- |  6.58e-01 |  9.93e-01
15841916 |  5.08e-07 |     -- |  1.15e-01 |  1.44e-01 |     -- |  6.61e-01 |  9.97e-01
15850927 |  5.02e-07 |     -- |  1.13e-01 |  1.41e-01 |     -- |  6.59e-01 |  9.92e-01
15859939 |  5.08e-07 |     -- |  1.16e-01 |  1.46e-01 |     -- |  6.61e-01 |  9.98e-01
15868939 |  5.03e-07 |     -- |  1.10e-01 |  1.37e-01 |     -- |  6.60e-01 |  9.94e-01
15877951 |  5.06e-07 |     -- |  1.17e-01 |  1.47e-01 |     -- |  6.60e-01 |  9.95e-01
15886961 |  5.06e-07 |     -- |  1.12e-01 |  1.41e-01 |     -- |  6.60e-01 |  9.96e-01
15895963 |  5.06e-07 |     -- |  1.14e-01 |  1.44e-01 |     -- |  6.61e-01 |  9.95e-01
15904963 |  5.09e-07 |     -- |  1.17e-01 |  1.46e-01 |     -- |  6.60e-01 |  9.98e-01
15913963 |  5.04e-07 |     -- |  1.17e-01 |  1.45e-01 |     -- |  6.60e-01 |  9.94e-01
15922975 |  5.09e-07 |     -- |  1.15e-01 |  1.45e-01 |     -- |  6.61e-01 |  9.98e-01
15931975 |  5.07e-07 |     -- |  1.15e-01 |  1.45e-01 |     -- |  6.60e-01 |  9.96e-01
15940985 |  5.03e-07 |     -- |  1.15e-01 |  1.45e-01 |     -- |  6.57e-01 |  9.92e-01
15949995 |  5.08e-07 |     -- |  1.14e-01 |  1.43e-01 |     -- |  6.61e-01 |  9.98e-01
15959006 |  5.01e-07 |     -- |  1.12e-01 |  1.41e-01 |     -- |  6.57e-01 |  9.92e-01
15968018 |  5.04e-07 |     -- |  1.12e-01 |  1.40e-01 |     -- |  6.60e-01 |  9.95e-01
15977030 |  5.03e-07 |     -- |  1.19e-01 |  1.50e-01 |     -- |  6.57e-01 |  9.92e-01
15986039 |  5.09e-07 |     -- |  1.22e-01 |  1.52e-01 |     -- |  6.60e-01 |  9.97e-01
15995049 |  5.02e-07 |     -- |  1.14e-01 |  1.44e-01 |     -- |  6.57e-01 |  9.92e-01
16004058 |  5.03e-07 |     -- |  1.15e-01 |  1.45e-01 |     -- |  6.58e-01 |  9.92e-01
16013068 |  5.04e-07 |     -- |  1.12e-01 |  1.41e-01 |     -- |  6.58e-01 |  9.94e-01
16022068 |  5.03e-07 |     -- |  1.14e-01 |  1.43e-01 |     -- |  6.58e-01 |  9.93e-01
16031080 |  5.06e-07 |     -- |  1.15e-01 |  1.43e-01 |     -- |  6.60e-01 |  9.95e-01
16040091 |  5.07e-07 |     -- |  1.18e-01 |  1.48e-01 |     -- |  6.61e-01 |  9.96e-01
16049091 |  5.04e-07 |     -- |  1.12e-01 |  1.41e-01 |     -- |  6.58e-01 |  9.94e-01
16058102 |  4.96e-07 |     -- |  1.11e-01 |  1.39e-01 |     -- |  6.54e-01 |  9.87e-01
16067113 |  5.05e-07 |     -- |  1.11e-01 |  1.40e-01 |     -- |  6.59e-01 |  9.95e-01
16076122 |  5.02e-07 |     -- |  1.16e-01 |  1.45e-01 |     -- |  6.57e-01 |  9.91e-01
16085134 |  5.07e-07 |     -- |  1.16e-01 |  1.45e-01 |     -- |  6.60e-01 |  9.96e-01
16094135 |  5.06e-07 |     -- |  1.13e-01 |  1.42e-01 |     -- |  6.60e-01 |  9.96e-01
16103144 |  5.02e-07 |     -- |  1.15e-01 |  1.44e-01 |     -- |  6.56e-01 |  9.91e-01
16112154 |  5.03e-07 |     -- |  1.12e-01 |  1.40e-01 |     -- |  6.58e-01 |  9.93e-01
16121154 |  5.00e-07 |     -- |  1.14e-01 |  1.43e-01 |     -- |  6.57e-01 |  9.90e-01
16130165 |  5.09e-07 |     -- |  1.16e-01 |  1.45e-01 |     -- |  6.61e-01 |  9.98e-01
16139176 |  4.99e-07 |     -- |  1.14e-01 |  1.43e-01 |     -- |  6.56e-01 |  9.89e-01
16148177 |  4.97e-07 |     -- |  1.16e-01 |  1.45e-01 |     -- |  6.54e-01 |  9.87e-01
16157177 |  5.07e-07 |     -- |  1.10e-01 |  1.38e-01 |     -- |  6.60e-01 |  9.97e-01
16166179 |  5.02e-07 |     -- |  1.14e-01 |  1.43e-01 |     -- |  6.57e-01 |  9.92e-01
16175179 |  5.02e-07 |     -- |  1.14e-01 |  1.44e-01 |     -- |  6.57e-01 |  9.92e-01
16184180 |  5.07e-07 |     -- |  1.15e-01 |  1.44e-01 |     -- |  6.60e-01 |  9.97e-01
16193190 |  5.02e-07 |     -- |  1.17e-01 |  1.47e-01 |     -- |  6.58e-01 |  9.91e-01
16202190 |  5.02e-07 |     -- |  1.15e-01 |  1.44e-01 |     -- |  6.57e-01 |  9.91e-01
16211190 |  5.00e-07 |     -- |  1.11e-01 |  1.39e-01 |     -- |  6.57e-01 |  9.90e-01
16220202 |  5.04e-07 |     -- |  1.16e-01 |  1.45e-01 |     -- |  6.58e-01 |  9.94e-01
16229203 |  5.00e-07 |     -- |  1.14e-01 |  1.43e-01 |     -- |  6.55e-01 |  9.90e-01
16238203 |  4.99e-07 |     -- |  1.10e-01 |  1.39e-01 |     -- |  6.55e-01 |  9.89e-01
16247213 |  5.04e-07 |     -- |  1.14e-01 |  1.43e-01 |     -- |  6.59e-01 |  9.94e-01
16256215 |  5.02e-07 |     -- |  1.14e-01 |  1.43e-01 |     -- |  6.57e-01 |  9.92e-01
16265225 |  5.02e-07 |     -- |  1.14e-01 |  1.43e-01 |     -- |  6.57e-01 |  9.92e-01
16274225 |  5.01e-07 |     -- |  1.09e-01 |  1.37e-01 |     -- |  6.57e-01 |  9.92e-01
16283237 |  5.00e-07 |     -- |  1.12e-01 |  1.41e-01 |     -- |  6.56e-01 |  9.91e-01
16292237 |  5.01e-07 |     -- |  1.10e-01 |  1.38e-01 |     -- |  6.58e-01 |  9.92e-01
16301239 |  5.00e-07 |     -- |  1.12e-01 |  1.40e-01 |     -- |  6.56e-01 |  9.90e-01
16310239 |  5.03e-07 |     -- |  1.10e-01 |  1.38e-01 |     -- |  6.57e-01 |  9.93e-01
16319240 |  5.02e-07 |     -- |  1.16e-01 |  1.45e-01 |     -- |  6.57e-01 |  9.91e-01
16328251 |  5.04e-07 |     -- |  1.10e-01 |  1.38e-01 |     -- |  6.58e-01 |  9.95e-01
16337252 |  5.00e-07 |     -- |  1.13e-01 |  1.43e-01 |     -- |  6.55e-01 |  9.90e-01
16346252 |  5.01e-07 |     -- |  1.11e-01 |  1.40e-01 |     -- |  6.56e-01 |  9.91e-01
16355253 |  5.02e-07 |     -- |  1.16e-01 |  1.45e-01 |     -- |  6.57e-01 |  9.91e-01
16364265 |  5.01e-07 |     -- |  1.11e-01 |  1.39e-01 |     -- |  6.56e-01 |  9.92e-01
16373266 |  4.98e-07 |     -- |  1.12e-01 |  1.40e-01 |     -- |  6.55e-01 |  9.88e-01
16382268 |  5.03e-07 |     -- |  1.12e-01 |  1.41e-01 |     -- |  6.58e-01 |  9.93e-01
16391268 |  5.01e-07 |     -- |  1.16e-01 |  1.45e-01 |     -- |  6.55e-01 |  9.91e-01
16400281 |  5.00e-07 |     -- |  1.15e-01 |  1.45e-01 |     -- |  6.56e-01 |  9.90e-01
16409292 |  5.00e-07 |     -- |  1.13e-01 |  1.41e-01 |     -- |  6.55e-01 |  9.90e-01
16418304 |  5.08e-07 |     -- |  1.11e-01 |  1.40e-01 |     -- |  6.61e-01 |  9.98e-01
16427304 |  5.03e-07 |     -- |  1.15e-01 |  1.44e-01 |     -- |  6.57e-01 |  9.93e-01
16436316 |  4.98e-07 |     -- |  1.14e-01 |  1.42e-01 |     -- |  6.55e-01 |  9.88e-01
16445327 |  5.01e-07 |     -- |  1.11e-01 |  1.39e-01 |     -- |  6.55e-01 |  9.91e-01
16454339 |  4.99e-07 |     -- |  1.13e-01 |  1.41e-01 |     -- |  6.56e-01 |  9.89e-01
16463349 |  5.05e-07 |     -- |  1.13e-01 |  1.42e-01 |     -- |  6.58e-01 |  9.95e-01
16472350 |  5.00e-07 |     -- |  1.16e-01 |  1.45e-01 |     -- |  6.55e-01 |  9.90e-01
16481361 |  5.01e-07 |     -- |  1.14e-01 |  1.43e-01 |     -- |  6.56e-01 |  9.91e-01
16490373 |  5.01e-07 |     -- |  1.14e-01 |  1.43e-01 |     -- |  6.56e-01 |  9.91e-01
16499384 |  5.01e-07 |     -- |  1.11e-01 |  1.40e-01 |     -- |  6.57e-01 |  9.91e-01
16508396 |  4.98e-07 |     -- |  1.12e-01 |  1.40e-01 |     -- |  6.55e-01 |  9.88e-01
16517408 |  5.00e-07 |     -- |  1.12e-01 |  1.41e-01 |     -- |  6.55e-01 |  9.90e-01
16526419 |  5.03e-07 |     -- |  1.15e-01 |  1.44e-01 |     -- |  6.57e-01 |  9.92e-01
16535419 |  5.00e-07 |     -- |  1.13e-01 |  1.42e-01 |     -- |  6.57e-01 |  9.90e-01
16544421 |  5.07e-07 |     -- |  1.16e-01 |  1.44e-01 |     -- |  6.59e-01 |  9.97e-01
16553433 |  4.96e-07 |     -- |  1.08e-01 |  1.36e-01 |     -- |  6.54e-01 |  9.87e-01
16562445 |  5.05e-07 |     -- |  1.15e-01 |  1.44e-01 |     -- |  6.58e-01 |  9.95e-01
16571445 |  5.06e-07 |     -- |  1.16e-01 |  1.46e-01 |     -- |  6.59e-01 |  9.95e-01
16580456 |  4.99e-07 |     -- |  1.10e-01 |  1.38e-01 |     -- |  6.56e-01 |  9.90e-01
16589466 |  4.99e-07 |     -- |  1.10e-01 |  1.39e-01 |     -- |  6.55e-01 |  9.89e-01
16598467 |  4.96e-07 |     -- |  1.10e-01 |  1.37e-01 |     -- |  6.53e-01 |  9.87e-01
16607476 |  5.02e-07 |     -- |  1.15e-01 |  1.45e-01 |     -- |  6.56e-01 |  9.91e-01
16616476 |  4.96e-07 |     -- |  1.08e-01 |  1.36e-01 |     -- |  6.54e-01 |  9.87e-01
16625477 |  4.98e-07 |     -- |  1.15e-01 |  1.44e-01 |     -- |  6.55e-01 |  9.88e-01
16634477 |  5.03e-07 |     -- |  1.10e-01 |  1.39e-01 |     -- |  6.57e-01 |  9.93e-01
16643489 |  4.99e-07 |     -- |  1.12e-01 |  1.40e-01 |     -- |  6.54e-01 |  9.89e-01
16652489 |  5.00e-07 |     -- |  1.13e-01 |  1.41e-01 |     -- |  6.55e-01 |  9.90e-01
16661501 |  5.02e-07 |     -- |  1.09e-01 |  1.37e-01 |     -- |  6.58e-01 |  9.93e-01
16670502 |  4.99e-07 |     -- |  1.12e-01 |  1.41e-01 |     -- |  6.54e-01 |  9.89e-01
16679505 |  5.00e-07 |     -- |  1.10e-01 |  1.38e-01 |     -- |  6.56e-01 |  9.90e-01
16688505 |  4.98e-07 |     -- |  1.15e-01 |  1.45e-01 |     -- |  6.53e-01 |  9.87e-01
16697507 |  5.00e-07 |     -- |  1.15e-01 |  1.45e-01 |     -- |  6.55e-01 |  9.89e-01
16706508 |  4.98e-07 |     -- |  1.07e-01 |  1.33e-01 |     -- |  6.54e-01 |  9.89e-01
16715510 |  5.03e-07 |     -- |  1.12e-01 |  1.41e-01 |     -- |  6.58e-01 |  9.93e-01
16724521 |  5.01e-07 |     -- |  1.08e-01 |  1.35e-01 |     -- |  6.58e-01 |  9.92e-01
16733533 |  4.96e-07 |     -- |  1.13e-01 |  1.42e-01 |     -- |  6.52e-01 |  9.86e-01
16742544 |  5.00e-07 |     -- |  1.09e-01 |  1.37e-01 |     -- |  6.56e-01 |  9.90e-01
16751555 |  4.97e-07 |     -- |  1.09e-01 |  1.37e-01 |     -- |  6.53e-01 |  9.87e-01
16760556 |  4.97e-07 |     -- |  1.12e-01 |  1.41e-01 |     -- |  6.53e-01 |  9.87e-01
16769567 |  5.01e-07 |     -- |  1.16e-01 |  1.46e-01 |     -- |  6.56e-01 |  9.90e-01
16778569 |  4.96e-07 |     -- |  1.12e-01 |  1.40e-01 |     -- |  6.52e-01 |  9.86e-01
16787579 |  5.00e-07 |     -- |  1.14e-01 |  1.43e-01 |     -- |  6.55e-01 |  9.90e-01
16796579 |  4.99e-07 |     -- |  1.12e-01 |  1.40e-01 |     -- |  6.55e-01 |  9.89e-01
16805589 |  4.95e-07 |     -- |  1.12e-01 |  1.40e-01 |     -- |  6.51e-01 |  9.85e-01
16814599 |  5.00e-07 |     -- |  1.11e-01 |  1.39e-01 |     -- |  6.56e-01 |  9.90e-01
16823600 |  4.97e-07 |     -- |  1.10e-01 |  1.38e-01 |     -- |  6.53e-01 |  9.87e-01
16832603 |  4.96e-07 |     -- |  1.09e-01 |  1.37e-01 |     -- |  6.53e-01 |  9.86e-01
16841604 |  4.97e-07 |     -- |  1.15e-01 |  1.43e-01 |     -- |  6.53e-01 |  9.86e-01
16850605 |  4.99e-07 |     -- |  1.12e-01 |  1.40e-01 |     -- |  6.54e-01 |  9.89e-01
16859605 |  4.98e-07 |     -- |  1.15e-01 |  1.44e-01 |     -- |  6.53e-01 |  9.88e-01
16868615 |  5.02e-07 |     -- |  1.15e-01 |  1.44e-01 |     -- |  6.56e-01 |  9.91e-01
16877626 |  5.01e-07 |     -- |  1.10e-01 |  1.38e-01 |     -- |  6.56e-01 |  9.92e-01
16886627 |  4.93e-07 |     -- |  1.11e-01 |  1.40e-01 |     -- |  6.51e-01 |  9.83e-01
16895637 |  5.01e-07 |     -- |  1.12e-01 |  1.42e-01 |     -- |  6.56e-01 |  9.91e-01
16904637 |  4.98e-07 |     -- |  1.09e-01 |  1.36e-01 |     -- |  6.55e-01 |  9.89e-01
16913649 |  4.98e-07 |     -- |  1.16e-01 |  1.46e-01 |     -- |  6.53e-01 |  9.87e-01
16922653 |  4.96e-07 |     -- |  1.16e-01 |  1.45e-01 |     -- |  6.52e-01 |  9.86e-01
16931655 |  5.00e-07 |     -- |  1.11e-01 |  1.39e-01 |     -- |  6.54e-01 |  9.91e-01
16940656 |  5.00e-07 |     -- |  1.10e-01 |  1.38e-01 |     -- |  6.56e-01 |  9.91e-01
16949656 |  4.97e-07 |     -- |  1.12e-01 |  1.40e-01 |     -- |  6.54e-01 |  9.87e-01
16958667 |  4.98e-07 |     -- |  1.11e-01 |  1.39e-01 |     -- |  6.54e-01 |  9.88e-01
16967678 |  4.93e-07 |     -- |  1.11e-01 |  1.39e-01 |     -- |  6.52e-01 |  9.83e-01
16976690 |  5.01e-07 |     -- |  1.10e-01 |  1.38e-01 |     -- |  6.55e-01 |  9.91e-01
16985690 |  4.95e-07 |     -- |  1.11e-01 |  1.39e-01 |     -- |  6.53e-01 |  9.85e-01
16994690 |  4.99e-07 |     -- |  1.09e-01 |  1.37e-01 |     -- |  6.54e-01 |  9.90e-01
17003690 |  4.96e-07 |     -- |  1.11e-01 |  1.39e-01 |     -- |  6.54e-01 |  9.87e-01
17012700 |  5.01e-07 |     -- |  1.09e-01 |  1.37e-01 |     -- |  6.57e-01 |  9.92e-01
17021701 |  5.01e-07 |     -- |  1.12e-01 |  1.40e-01 |     -- |  6.55e-01 |  9.91e-01
17030701 |  4.98e-07 |     -- |  1.12e-01 |  1.41e-01 |     -- |  6.53e-01 |  9.88e-01
17039702 |  4.92e-07 |     -- |  1.09e-01 |  1.37e-01 |     -- |  6.51e-01 |  9.82e-01
17048704 |  4.96e-07 |     -- |  1.11e-01 |  1.40e-01 |     -- |  6.52e-01 |  9.86e-01
17057715 |  5.01e-07 |     -- |  1.07e-01 |  1.34e-01 |     -- |  6.56e-01 |  9.92e-01
17066716 |  4.97e-07 |     -- |  1.14e-01 |  1.42e-01 |     -- |  6.53e-01 |  9.87e-01
17075719 |  4.97e-07 |     -- |  1.13e-01 |  1.41e-01 |     -- |  6.53e-01 |  9.87e-01
17084731 |  4.97e-07 |     -- |  1.07e-01 |  1.34e-01 |     -- |  6.53e-01 |  9.88e-01
17093732 |  4.94e-07 |     -- |  1.08e-01 |  1.35e-01 |     -- |  6.52e-01 |  9.84e-01
17102733 |  5.04e-07 |     -- |  1.13e-01 |  1.42e-01 |     -- |  6.57e-01 |  9.93e-01
17111733 |  4.95e-07 |     -- |  1.12e-01 |  1.40e-01 |     -- |  6.51e-01 |  9.85e-01
17120735 |  5.00e-07 |     -- |  1.11e-01 |  1.39e-01 |     -- |  6.55e-01 |  9.90e-01
17129735 |  4.96e-07 |     -- |  1.15e-01 |  1.44e-01 |     -- |  6.52e-01 |  9.85e-01
17138745 |  4.96e-07 |     -- |  1.11e-01 |  1.40e-01 |     -- |  6.52e-01 |  9.86e-01
17147745 |  4.94e-07 |     -- |  1.07e-01 |  1.34e-01 |     -- |  6.51e-01 |  9.85e-01
17156745 |  5.01e-07 |     -- |  1.07e-01 |  1.35e-01 |     -- |  6.56e-01 |  9.92e-01
17165757 |  4.96e-07 |     -- |  1.14e-01 |  1.43e-01 |     -- |  6.52e-01 |  9.86e-01
17174767 |  4.93e-07 |     -- |  1.06e-01 |  1.34e-01 |     -- |  6.51e-01 |  9.84e-01
17183768 |  4.96e-07 |     -- |  1.06e-01 |  1.34e-01 |     -- |  6.52e-01 |  9.87e-01
17192769 |  5.00e-07 |     -- |  1.10e-01 |  1.37e-01 |     -- |  6.55e-01 |  9.91e-01
17201781 |  4.98e-07 |     -- |  1.08e-01 |  1.36e-01 |     -- |  6.54e-01 |  9.89e-01
17210793 |  4.97e-07 |     -- |  1.10e-01 |  1.39e-01 |     -- |  6.53e-01 |  9.88e-01
17219796 |  4.91e-07 |     -- |  1.12e-01 |  1.40e-01 |     -- |  6.49e-01 |  9.81e-01
17228798 |  4.99e-07 |     -- |  1.08e-01 |  1.36e-01 |     -- |  6.54e-01 |  9.89e-01
17237809 |  4.94e-07 |     -- |  1.14e-01 |  1.43e-01 |     -- |  6.51e-01 |  9.83e-01
17246821 |  4.93e-07 |     -- |  1.13e-01 |  1.41e-01 |     -- |  6.50e-01 |  9.83e-01
17255832 |  4.96e-07 |     -- |  1.09e-01 |  1.37e-01 |     -- |  6.53e-01 |  9.87e-01
17264844 |  4.99e-07 |     -- |  1.10e-01 |  1.38e-01 |     -- |  6.55e-01 |  9.90e-01
17273853 |  4.97e-07 |     -- |  1.07e-01 |  1.34e-01 |     -- |  6.54e-01 |  9.88e-01
17282864 |  4.94e-07 |     -- |  1.09e-01 |  1.37e-01 |     -- |  6.51e-01 |  9.85e-01
17291876 |  4.94e-07 |     -- |  1.09e-01 |  1.37e-01 |     -- |  6.52e-01 |  9.85e-01
17300878 |  4.96e-07 |     -- |  1.08e-01 |  1.36e-01 |     -- |  6.52e-01 |  9.87e-01
17309878 |  4.92e-07 |     -- |  1.09e-01 |  1.37e-01 |     -- |  6.50e-01 |  9.82e-01
17318889 |  4.95e-07 |     -- |  1.11e-01 |  1.39e-01 |     -- |  6.52e-01 |  9.86e-01
17327889 |  5.00e-07 |     -- |  1.15e-01 |  1.45e-01 |     -- |  6.54e-01 |  9.90e-01
17336890 |  4.95e-07 |     -- |  1.11e-01 |  1.39e-01 |     -- |  6.51e-01 |  9.85e-01
17345901 |  4.95e-07 |     -- |  1.17e-01 |  1.46e-01 |     -- |  6.50e-01 |  9.84e-01
17354906 |  5.00e-07 |     -- |  1.11e-01 |  1.40e-01 |     -- |  6.54e-01 |  9.90e-01
17363917 |  4.92e-07 |     -- |  1.10e-01 |  1.38e-01 |     -- |  6.50e-01 |  9.82e-01
17372929 |  4.95e-07 |     -- |  1.09e-01 |  1.36e-01 |     -- |  6.51e-01 |  9.86e-01
17381941 |  4.94e-07 |     -- |  1.07e-01 |  1.34e-01 |     -- |  6.53e-01 |  9.85e-01
17390941 |  4.94e-07 |     -- |  1.06e-01 |  1.33e-01 |     -- |  6.50e-01 |  9.85e-01
17399942 |  4.93e-07 |     -- |  1.11e-01 |  1.40e-01 |     -- |  6.50e-01 |  9.83e-01
17408943 |  4.96e-07 |     -- |  1.14e-01 |  1.42e-01 |     -- |  6.52e-01 |  9.86e-01
17417946 |  4.94e-07 |     -- |  1.13e-01 |  1.42e-01 |     -- |  6.50e-01 |  9.84e-01
17426956 |  4.93e-07 |     -- |  1.08e-01 |  1.35e-01 |     -- |  6.51e-01 |  9.84e-01
17435967 |  4.99e-07 |     -- |  1.10e-01 |  1.39e-01 |     -- |  6.54e-01 |  9.90e-01
17444969 |  4.92e-07 |     -- |  1.12e-01 |  1.40e-01 |     -- |  6.50e-01 |  9.82e-01
17453969 |  4.92e-07 |     -- |  1.08e-01 |  1.35e-01 |     -- |  6.50e-01 |  9.83e-01
17462981 |  4.94e-07 |     -- |  1.12e-01 |  1.41e-01 |     -- |  6.51e-01 |  9.84e-01
17471991 |  4.95e-07 |     -- |  1.09e-01 |  1.37e-01 |     -- |  6.51e-01 |  9.86e-01
17481003 |  4.93e-07 |     -- |  1.10e-01 |  1.37e-01 |     -- |  6.51e-01 |  9.83e-01
17490015 |  4.92e-07 |     -- |  1.05e-01 |  1.32e-01 |     -- |  6.51e-01 |  9.83e-01
17499026 |  4.98e-07 |     -- |  1.12e-01 |  1.40e-01 |     -- |  6.52e-01 |  9.88e-01
17508026 |  4.93e-07 |     -- |  1.10e-01 |  1.38e-01 |     -- |  6.50e-01 |  9.83e-01
17517038 |  4.90e-07 |     -- |  1.08e-01 |  1.35e-01 |     -- |  6.49e-01 |  9.81e-01
17526038 |  4.97e-07 |     -- |  1.10e-01 |  1.38e-01 |     -- |  6.52e-01 |  9.87e-01
17535049 |  4.91e-07 |     -- |  1.10e-01 |  1.37e-01 |     -- |  6.50e-01 |  9.81e-01
17544050 |  4.96e-07 |     -- |  1.10e-01 |  1.38e-01 |     -- |  6.52e-01 |  9.87e-01
17553050 |  4.97e-07 |     -- |  1.07e-01 |  1.35e-01 |     -- |  6.53e-01 |  9.87e-01
17562050 |  4.95e-07 |     -- |  1.10e-01 |  1.37e-01 |     -- |  6.52e-01 |  9.85e-01
17571061 |  4.94e-07 |     -- |  1.07e-01 |  1.34e-01 |     -- |  6.51e-01 |  9.85e-01
17580070 |  4.93e-07 |     -- |  1.08e-01 |  1.35e-01 |     -- |  6.50e-01 |  9.83e-01
17589082 |  4.93e-07 |     -- |  1.06e-01 |  1.33e-01 |     -- |  6.51e-01 |  9.84e-01
17598093 |  4.94e-07 |     -- |  1.07e-01 |  1.35e-01 |     -- |  6.50e-01 |  9.85e-01
17607094 |  4.90e-07 |     -- |  1.11e-01 |  1.39e-01 |     -- |  6.49e-01 |  9.80e-01
17616096 |  5.00e-07 |     -- |  1.13e-01 |  1.41e-01 |     -- |  6.55e-01 |  9.90e-01
17625096 |  4.91e-07 |     -- |  1.13e-01 |  1.42e-01 |     -- |  6.49e-01 |  9.81e-01
17634096 |  4.93e-07 |     -- |  1.09e-01 |  1.37e-01 |     -- |  6.50e-01 |  9.83e-01
17643106 |  4.95e-07 |     -- |  1.10e-01 |  1.38e-01 |     -- |  6.51e-01 |  9.86e-01
17652118 |  4.93e-07 |     -- |  1.09e-01 |  1.38e-01 |     -- |  6.50e-01 |  9.83e-01
17661128 |  4.91e-07 |     -- |  1.06e-01 |  1.33e-01 |     -- |  6.50e-01 |  9.82e-01
17670128 |  4.98e-07 |     -- |  1.12e-01 |  1.41e-01 |     -- |  6.53e-01 |  9.88e-01
17679139 |  4.91e-07 |     -- |  1.10e-01 |  1.38e-01 |     -- |  6.49e-01 |  9.81e-01
17688139 |  4.95e-07 |     -- |  1.08e-01 |  1.36e-01 |     -- |  6.52e-01 |  9.86e-01
17697140 |  4.95e-07 |     -- |  1.10e-01 |  1.39e-01 |     -- |  6.51e-01 |  9.85e-01
17706152 |  4.94e-07 |     -- |  1.05e-01 |  1.32e-01 |     -- |  6.51e-01 |  9.85e-01
17715164 |  4.92e-07 |     -- |  1.10e-01 |  1.39e-01 |     -- |  6.49e-01 |  9.82e-01
17724175 |  4.93e-07 |     -- |  1.09e-01 |  1.36e-01 |     -- |  6.50e-01 |  9.84e-01
17733186 |  4.96e-07 |     -- |  1.09e-01 |  1.37e-01 |     -- |  6.53e-01 |  9.87e-01
17742199 |  4.91e-07 |     -- |  1.07e-01 |  1.34e-01 |     -- |  6.49e-01 |  9.82e-01
17751209 |  4.97e-07 |     -- |  1.05e-01 |  1.32e-01 |     -- |  6.52e-01 |  9.89e-01
17760219 |  4.94e-07 |     -- |  1.08e-01 |  1.35e-01 |     -- |  6.51e-01 |  9.85e-01
17769230 |  4.90e-07 |     -- |  1.09e-01 |  1.36e-01 |     -- |  6.49e-01 |  9.80e-01
17778230 |  4.96e-07 |     -- |  1.10e-01 |  1.37e-01 |     -- |  6.52e-01 |  9.86e-01
17787242 |  4.91e-07 |     -- |  1.05e-01 |  1.33e-01 |     -- |  6.49e-01 |  9.82e-01
17796254 |  4.95e-07 |     -- |  1.08e-01 |  1.35e-01 |     -- |  6.51e-01 |  9.86e-01
17805254 |  4.93e-07 |     -- |  1.11e-01 |  1.40e-01 |     -- |  6.50e-01 |  9.83e-01
17814263 |  4.94e-07 |     -- |  1.09e-01 |  1.36e-01 |     -- |  6.50e-01 |  9.84e-01
17823263 |  4.91e-07 |     -- |  1.05e-01 |  1.32e-01 |     -- |  6.49e-01 |  9.82e-01
17832265 |  4.93e-07 |     -- |  1.12e-01 |  1.41e-01 |     -- |  6.50e-01 |  9.83e-01
17841265 |  4.91e-07 |     -- |  1.07e-01 |  1.35e-01 |     -- |  6.49e-01 |  9.82e-01
17850265 |  4.91e-07 |     -- |  1.06e-01 |  1.33e-01 |     -- |  6.50e-01 |  9.82e-01
17859276 |  4.94e-07 |     -- |  1.13e-01 |  1.41e-01 |     -- |  6.49e-01 |  9.84e-01
17868276 |  4.93e-07 |     -- |  1.12e-01 |  1.41e-01 |     -- |  6.49e-01 |  9.83e-01
17877276 |  4.90e-07 |     -- |  1.08e-01 |  1.35e-01 |     -- |  6.48e-01 |  9.81e-01
17886287 |  4.95e-07 |     -- |  1.11e-01 |  1.39e-01 |     -- |  6.52e-01 |  9.85e-01
17895298 |  4.94e-07 |     -- |  1.11e-01 |  1.40e-01 |     -- |  6.51e-01 |  9.84e-01
17904299 |  4.92e-07 |     -- |  1.07e-01 |  1.34e-01 |     -- |  6.49e-01 |  9.83e-01
17913311 |  4.95e-07 |     -- |  1.08e-01 |  1.35e-01 |     -- |  6.52e-01 |  9.86e-01
17922312 |  4.91e-07 |     -- |  1.09e-01 |  1.37e-01 |     -- |  6.49e-01 |  9.82e-01
17931323 |  4.93e-07 |     -- |  1.10e-01 |  1.38e-01 |     -- |  6.50e-01 |  9.83e-01
17940324 |  4.91e-07 |     -- |  1.08e-01 |  1.35e-01 |     -- |  6.49e-01 |  9.82e-01
17949325 |  4.92e-07 |     -- |  1.04e-01 |  1.31e-01 |     -- |  6.49e-01 |  9.83e-01
17958335 |  4.93e-07 |     -- |  1.14e-01 |  1.43e-01 |     -- |  6.50e-01 |  9.82e-01
17967346 |  4.90e-07 |     -- |  1.06e-01 |  1.33e-01 |     -- |  6.48e-01 |  9.81e-01
17976357 |  4.97e-07 |     -- |  1.07e-01 |  1.34e-01 |     -- |  6.52e-01 |  9.88e-01
17985369 |  4.91e-07 |     -- |  1.05e-01 |  1.31e-01 |     -- |  6.49e-01 |  9.83e-01
17994380 |  4.88e-07 |     -- |  1.08e-01 |  1.37e-01 |     -- |  6.46e-01 |  9.78e-01
18003391 |  4.88e-07 |     -- |  1.07e-01 |  1.34e-01 |     -- |  6.46e-01 |  9.79e-01
18012402 |  4.92e-07 |     -- |  1.06e-01 |  1.33e-01 |     -- |  6.49e-01 |  9.83e-01
18021403 |  4.92e-07 |     -- |  1.07e-01 |  1.35e-01 |     -- |  6.50e-01 |  9.83e-01
18030414 |  4.90e-07 |     -- |  1.06e-01 |  1.34e-01 |     -- |  6.48e-01 |  9.81e-01
18039426 |  4.94e-07 |     -- |  1.05e-01 |  1.33e-01 |     -- |  6.51e-01 |  9.85e-01
18048428 |  4.89e-07 |     -- |  1.05e-01 |  1.31e-01 |     -- |  6.47e-01 |  9.81e-01
18057439 |  4.93e-07 |     -- |  1.11e-01 |  1.39e-01 |     -- |  6.50e-01 |  9.83e-01
18066450 |  4.93e-07 |     -- |  1.09e-01 |  1.38e-01 |     -- |  6.49e-01 |  9.84e-01
18075451 |  4.92e-07 |     -- |  1.05e-01 |  1.32e-01 |     -- |  6.49e-01 |  9.83e-01
18084463 |  4.92e-07 |     -- |  1.07e-01 |  1.34e-01 |     -- |  6.49e-01 |  9.83e-01
18093474 |  4.92e-07 |     -- |  1.08e-01 |  1.37e-01 |     -- |  6.49e-01 |  9.82e-01
18102485 |  4.92e-07 |     -- |  1.11e-01 |  1.39e-01 |     -- |  6.50e-01 |  9.83e-01
18111486 |  4.92e-07 |     -- |  1.09e-01 |  1.37e-01 |     -- |  6.49e-01 |  9.82e-01
18120490 |  4.95e-07 |     -- |  1.07e-01 |  1.34e-01 |     -- |  6.51e-01 |  9.86e-01
18129501 |  4.88e-07 |     -- |  1.08e-01 |  1.35e-01 |     -- |  6.47e-01 |  9.79e-01
18138503 |  4.91e-07 |     -- |  1.05e-01 |  1.31e-01 |     -- |  6.49e-01 |  9.83e-01
18147515 |  4.92e-07 |     -- |  1.11e-01 |  1.39e-01 |     -- |  6.48e-01 |  9.82e-01
18156516 |  4.92e-07 |     -- |  1.09e-01 |  1.36e-01 |     -- |  6.50e-01 |  9.83e-01
18165528 |  4.89e-07 |     -- |  1.07e-01 |  1.34e-01 |     -- |  6.48e-01 |  9.80e-01
18174528 |  4.93e-07 |     -- |  1.06e-01 |  1.33e-01 |     -- |  6.49e-01 |  9.84e-01
18183537 |  4.89e-07 |     -- |  1.09e-01 |  1.38e-01 |     -- |  6.47e-01 |  9.79e-01
18192549 |  4.91e-07 |     -- |  1.06e-01 |  1.33e-01 |     -- |  6.50e-01 |  9.82e-01
18201560 |  4.94e-07 |     -- |  1.07e-01 |  1.34e-01 |     -- |  6.49e-01 |  9.85e-01
18210569 |  4.90e-07 |     -- |  1.08e-01 |  1.36e-01 |     -- |  6.48e-01 |  9.81e-01
18219572 |  4.91e-07 |     -- |  1.05e-01 |  1.32e-01 |     -- |  6.49e-01 |  9.82e-01
18228584 |  4.91e-07 |     -- |  1.07e-01 |  1.35e-01 |     -- |  6.49e-01 |  9.82e-01
18237596 |  4.91e-07 |     -- |  1.12e-01 |  1.40e-01 |     -- |  6.48e-01 |  9.81e-01
18246600 |  4.89e-07 |     -- |  1.06e-01 |  1.33e-01 |     -- |  6.47e-01 |  9.80e-01
18255611 |  4.93e-07 |     -- |  1.09e-01 |  1.37e-01 |     -- |  6.49e-01 |  9.83e-01
18264613 |  4.91e-07 |     -- |  1.05e-01 |  1.31e-01 |     -- |  6.49e-01 |  9.83e-01
18273616 |  4.89e-07 |     -- |  1.03e-01 |  1.29e-01 |     -- |  6.49e-01 |  9.81e-01
18282627 |  4.88e-07 |     -- |  1.08e-01 |  1.35e-01 |     -- |  6.45e-01 |  9.78e-01
18291628 |  4.92e-07 |     -- |  1.06e-01 |  1.32e-01 |     -- |  6.49e-01 |  9.83e-01
18300639 |  4.91e-07 |     -- |  1.07e-01 |  1.35e-01 |     -- |  6.49e-01 |  9.82e-01
18309639 |  4.90e-07 |     -- |  1.07e-01 |  1.34e-01 |     -- |  6.48e-01 |  9.81e-01
18318651 |  4.89e-07 |     -- |  1.06e-01 |  1.33e-01 |     -- |  6.48e-01 |  9.80e-01
18327662 |  4.89e-07 |     -- |  1.06e-01 |  1.33e-01 |     -- |  6.47e-01 |  9.80e-01
18336671 |  4.88e-07 |     -- |  1.03e-01 |  1.29e-01 |     -- |  6.48e-01 |  9.80e-01
18345681 |  4.90e-07 |     -- |  1.05e-01 |  1.32e-01 |     -- |  6.48e-01 |  9.81e-01
18354682 |  4.93e-07 |     -- |  1.08e-01 |  1.35e-01 |     -- |  6.50e-01 |  9.84e-01
18363683 |  4.90e-07 |     -- |  1.08e-01 |  1.35e-01 |     -- |  6.48e-01 |  9.81e-01
18372692 |  4.91e-07 |     -- |  1.07e-01 |  1.34e-01 |     -- |  6.48e-01 |  9.82e-01
18381694 |  4.92e-07 |     -- |  1.05e-01 |  1.32e-01 |     -- |  6.50e-01 |  9.83e-01
18390704 |  4.89e-07 |     -- |  1.07e-01 |  1.34e-01 |     -- |  6.47e-01 |  9.80e-01
18399716 |  4.89e-07 |     -- |  1.03e-01 |  1.30e-01 |     -- |  6.47e-01 |  9.80e-01
18408727 |  4.89e-07 |     -- |  1.09e-01 |  1.36e-01 |     -- |  6.48e-01 |  9.79e-01
18417738 |  4.92e-07 |     -- |  1.07e-01 |  1.34e-01 |     -- |  6.48e-01 |  9.83e-01
18426748 |  4.88e-07 |     -- |  1.03e-01 |  1.29e-01 |     -- |  6.46e-01 |  9.79e-01
18435759 |  4.88e-07 |     -- |  1.06e-01 |  1.33e-01 |     -- |  6.47e-01 |  9.79e-01
18444770 |  4.91e-07 |     -- |  1.06e-01 |  1.33e-01 |     -- |  6.49e-01 |  9.82e-01
18453780 |  4.88e-07 |     -- |  1.10e-01 |  1.38e-01 |     -- |  6.46e-01 |  9.78e-01
18462781 |  4.90e-07 |     -- |  1.07e-01 |  1.35e-01 |     -- |  6.47e-01 |  9.80e-01
18471792 |  4.91e-07 |     -- |  1.03e-01 |  1.29e-01 |     -- |  6.48e-01 |  9.82e-01
18480795 |  4.89e-07 |     -- |  1.08e-01 |  1.36e-01 |     -- |  6.47e-01 |  9.80e-01
18489805 |  4.90e-07 |     -- |  1.05e-01 |  1.32e-01 |     -- |  6.48e-01 |  9.81e-01
18498806 |  4.89e-07 |     -- |  1.08e-01 |  1.36e-01 |     -- |  6.46e-01 |  9.79e-01
18507807 |  4.87e-07 |     -- |  1.07e-01 |  1.34e-01 |     -- |  6.47e-01 |  9.78e-01
18516817 |  4.87e-07 |     -- |  1.04e-01 |  1.30e-01 |     -- |  6.46e-01 |  9.79e-01
18525828 |  4.89e-07 |     -- |  1.07e-01 |  1.35e-01 |     -- |  6.47e-01 |  9.80e-01
18534839 |  4.88e-07 |     -- |  1.06e-01 |  1.33e-01 |     -- |  6.47e-01 |  9.79e-01
18543850 |  4.94e-07 |     -- |  1.10e-01 |  1.38e-01 |     -- |  6.49e-01 |  9.84e-01
18552852 |  4.87e-07 |     -- |  1.08e-01 |  1.34e-01 |     -- |  6.47e-01 |  9.78e-01
18561864 |  4.90e-07 |     -- |  1.05e-01 |  1.31e-01 |     -- |  6.46e-01 |  9.81e-01
18570865 |  4.89e-07 |     -- |  1.07e-01 |  1.35e-01 |     -- |  6.46e-01 |  9.80e-01
18579866 |  4.88e-07 |     -- |  1.04e-01 |  1.30e-01 |     -- |  6.47e-01 |  9.79e-01
18588878 |  4.90e-07 |     -- |  1.06e-01 |  1.33e-01 |     -- |  6.48e-01 |  9.81e-01
18597889 |  4.89e-07 |     -- |  1.05e-01 |  1.32e-01 |     -- |  6.47e-01 |  9.81e-01
18606899 |  4.91e-07 |     -- |  1.08e-01 |  1.34e-01 |     -- |  6.48e-01 |  9.81e-01
18615899 |  4.88e-07 |     -- |  1.05e-01 |  1.32e-01 |     -- |  6.47e-01 |  9.80e-01
18624910 |  4.90e-07 |     -- |  1.11e-01 |  1.40e-01 |     -- |  6.47e-01 |  9.80e-01
18633922 |  4.87e-07 |     -- |  1.04e-01 |  1.31e-01 |     -- |  6.46e-01 |  9.78e-01
18642922 |  4.88e-07 |     -- |  1.05e-01 |  1.32e-01 |     -- |  6.46e-01 |  9.79e-01
18651934 |  4.88e-07 |     -- |  1.04e-01 |  1.30e-01 |     -- |  6.47e-01 |  9.80e-01
18660945 |  4.88e-07 |     -- |  1.04e-01 |  1.31e-01 |     -- |  6.46e-01 |  9.79e-01
18669947 |  4.91e-07 |     -- |  1.07e-01 |  1.34e-01 |     -- |  6.48e-01 |  9.82e-01
18678949 |  4.87e-07 |     -- |  1.06e-01 |  1.34e-01 |     -- |  6.46e-01 |  9.77e-01
18687959 |  4.87e-07 |     -- |  1.05e-01 |  1.32e-01 |     -- |  6.47e-01 |  9.78e-01
18696961 |  4.90e-07 |     -- |  1.01e-01 |  1.28e-01 |     -- |  6.48e-01 |  9.82e-01
18705973 |  4.87e-07 |     -- |  1.10e-01 |  1.38e-01 |     -- |  6.46e-01 |  9.78e-01
18714985 |  4.88e-07 |     -- |  1.07e-01 |  1.34e-01 |     -- |  6.47e-01 |  9.79e-01
18723997 |  4.91e-07 |     -- |  1.05e-01 |  1.32e-01 |     -- |  6.48e-01 |  9.82e-01
18732997 |  4.85e-07 |     -- |  1.05e-01 |  1.31e-01 |     -- |  6.45e-01 |  9.76e-01
18742009 |  4.89e-07 |     -- |  1.06e-01 |  1.33e-01 |     -- |  6.47e-01 |  9.80e-01
18751010 |  4.90e-07 |     -- |  1.10e-01 |  1.38e-01 |     -- |  6.47e-01 |  9.80e-01
18760011 |  4.88e-07 |     -- |  1.03e-01 |  1.29e-01 |     -- |  6.46e-01 |  9.79e-01
18769021 |  4.88e-07 |     -- |  1.06e-01 |  1.32e-01 |     -- |  6.46e-01 |  9.79e-01
18778024 |  4.87e-07 |     -- |  1.04e-01 |  1.31e-01 |     -- |  6.45e-01 |  9.78e-01
18787036 |  4.90e-07 |     -- |  1.05e-01 |  1.32e-01 |     -- |  6.47e-01 |  9.81e-01
18796048 |  4.86e-07 |     -- |  1.04e-01 |  1.31e-01 |     -- |  6.45e-01 |  9.78e-01
18805048 |  4.87e-07 |     -- |  1.06e-01 |  1.33e-01 |     -- |  6.46e-01 |  9.78e-01
18814059 |  4.90e-07 |     -- |  1.05e-01 |  1.32e-01 |     -- |  6.48e-01 |  9.81e-01
18823068 |  4.90e-07 |     -- |  1.07e-01 |  1.34e-01 |     -- |  6.47e-01 |  9.81e-01
18832068 |  4.87e-07 |     -- |  1.07e-01 |  1.33e-01 |     -- |  6.46e-01 |  9.78e-01
18841069 |  4.89e-07 |     -- |  1.04e-01 |  1.31e-01 |     -- |  6.47e-01 |  9.81e-01
18850078 |  4.88e-07 |     -- |  1.04e-01 |  1.31e-01 |     -- |  6.47e-01 |  9.79e-01
18859088 |  4.88e-07 |     -- |  1.07e-01 |  1.33e-01 |     -- |  6.46e-01 |  9.78e-01
18868100 |  4.87e-07 |     -- |  1.05e-01 |  1.31e-01 |     -- |  6.45e-01 |  9.78e-01
18877110 |  4.88e-07 |     -- |  1.07e-01 |  1.34e-01 |     -- |  6.46e-01 |  9.79e-01
18886122 |  4.88e-07 |     -- |  1.09e-01 |  1.36e-01 |     -- |  6.46e-01 |  9.78e-01
18895134 |  4.86e-07 |     -- |  1.05e-01 |  1.31e-01 |     -- |  6.45e-01 |  9.77e-01
18904135 |  4.85e-07 |     -- |  1.07e-01 |  1.34e-01 |     -- |  6.44e-01 |  9.76e-01
18913135 |  4.90e-07 |     -- |  1.05e-01 |  1.33e-01 |     -- |  6.47e-01 |  9.81e-01
18922147 |  4.87e-07 |     -- |  1.04e-01 |  1.31e-01 |     -- |  6.46e-01 |  9.79e-01
18931158 |  4.88e-07 |     -- |  1.10e-01 |  1.38e-01 |     -- |  6.45e-01 |  9.78e-01
18940158 |  4.88e-07 |     -- |  1.04e-01 |  1.30e-01 |     -- |  6.46e-01 |  9.79e-01
18949158 |  4.89e-07 |     -- |  1.06e-01 |  1.33e-01 |     -- |  6.47e-01 |  9.80e-01
18958162 |  4.87e-07 |     -- |  1.06e-01 |  1.33e-01 |     -- |  6.45e-01 |  9.77e-01
18967163 |  4.89e-07 |     -- |  1.06e-01 |  1.33e-01 |     -- |  6.47e-01 |  9.80e-01
18976164 |  4.86e-07 |     -- |  1.07e-01 |  1.34e-01 |     -- |  6.45e-01 |  9.77e-01
18985175 |  4.88e-07 |     -- |  1.04e-01 |  1.30e-01 |     -- |  6.47e-01 |  9.80e-01
18994184 |  4.85e-07 |     -- |  1.09e-01 |  1.36e-01 |     -- |  6.44e-01 |  9.75e-01
19003196 |  4.90e-07 |     -- |  1.03e-01 |  1.29e-01 |     -- |  6.47e-01 |  9.81e-01
19012199 |  4.87e-07 |     -- |  1.04e-01 |  1.31e-01 |     -- |  6.46e-01 |  9.79e-01
19021210 |  4.85e-07 |     -- |  1.03e-01 |  1.29e-01 |     -- |  6.45e-01 |  9.76e-01
19030222 |  4.89e-07 |     -- |  1.09e-01 |  1.37e-01 |     -- |  6.47e-01 |  9.80e-01
19039233 |  4.85e-07 |     -- |  1.03e-01 |  1.30e-01 |     -- |  6.44e-01 |  9.76e-01
19048236 |  4.88e-07 |     -- |  1.07e-01 |  1.34e-01 |     -- |  6.46e-01 |  9.78e-01
19057236 |  4.88e-07 |     -- |  1.06e-01 |  1.33e-01 |     -- |  6.46e-01 |  9.79e-01
19066236 |  4.85e-07 |     -- |  1.05e-01 |  1.31e-01 |     -- |  6.45e-01 |  9.77e-01
19075237 |  4.88e-07 |     -- |  1.06e-01 |  1.32e-01 |     -- |  6.46e-01 |  9.79e-01
19084238 |  4.88e-07 |     -- |  1.06e-01 |  1.33e-01 |     -- |  6.46e-01 |  9.79e-01
19093250 |  4.87e-07 |     -- |  1.05e-01 |  1.31e-01 |     -- |  6.45e-01 |  9.78e-01
19102250 |  4.86e-07 |     -- |  1.04e-01 |  1.31e-01 |     -- |  6.45e-01 |  9.78e-01
19111261 |  4.88e-07 |     -- |  1.07e-01 |  1.35e-01 |     -- |  6.46e-01 |  9.79e-01
19120272 |  4.90e-07 |     -- |  1.10e-01 |  1.36e-01 |     -- |  6.47e-01 |  9.80e-01
19129272 |  4.86e-07 |     -- |  1.04e-01 |  1.31e-01 |     -- |  6.45e-01 |  9.77e-01
19138282 |  4.86e-07 |     -- |  1.08e-01 |  1.35e-01 |     -- |  6.45e-01 |  9.77e-01
19147283 |  4.86e-07 |     -- |  1.05e-01 |  1.31e-01 |     -- |  6.45e-01 |  9.77e-01
19156284 |  4.87e-07 |     -- |  1.08e-01 |  1.36e-01 |     -- |  6.45e-01 |  9.77e-01
19165285 |  4.86e-07 |     -- |  1.01e-01 |  1.26e-01 |     -- |  6.45e-01 |  9.78e-01
19174295 |  4.86e-07 |     -- |  1.04e-01 |  1.30e-01 |     -- |  6.45e-01 |  9.77e-01
19183296 |  4.86e-07 |     -- |  1.05e-01 |  1.32e-01 |     -- |  6.45e-01 |  9.77e-01
19192307 |  4.85e-07 |     -- |  1.03e-01 |  1.29e-01 |     -- |  6.45e-01 |  9.77e-01
19201308 |  4.87e-07 |     -- |  1.06e-01 |  1.33e-01 |     -- |  6.45e-01 |  9.78e-01
19210319 |  4.87e-07 |     -- |  1.06e-01 |  1.33e-01 |     -- |  6.45e-01 |  9.78e-01
19219320 |  4.84e-07 |     -- |  1.05e-01 |  1.32e-01 |     -- |  6.44e-01 |  9.75e-01
19228320 |  4.87e-07 |     -- |  1.07e-01 |  1.34e-01 |     -- |  6.45e-01 |  9.78e-01
19237331 |  4.88e-07 |     -- |  1.06e-01 |  1.33e-01 |     -- |  6.46e-01 |  9.79e-01
19246331 |  4.87e-07 |     -- |  1.04e-01 |  1.31e-01 |     -- |  6.45e-01 |  9.78e-01
19255342 |  4.87e-07 |     -- |  1.05e-01 |  1.32e-01 |     -- |  6.45e-01 |  9.78e-01
19264342 |  4.86e-07 |     -- |  1.04e-01 |  1.30e-01 |     -- |  6.45e-01 |  9.77e-01
19273343 |  4.87e-07 |     -- |  1.04e-01 |  1.30e-01 |     -- |  6.45e-01 |  9.78e-01
19282355 |  4.86e-07 |     -- |  1.05e-01 |  1.32e-01 |     -- |  6.44e-01 |  9.77e-01
19291366 |  4.87e-07 |     -- |  1.06e-01 |  1.33e-01 |     -- |  6.45e-01 |  9.78e-01
19300378 |  4.84e-07 |     -- |  1.06e-01 |  1.33e-01 |     -- |  6.43e-01 |  9.75e-01
19309390 |  4.87e-07 |     -- |  1.05e-01 |  1.32e-01 |     -- |  6.45e-01 |  9.78e-01
19318391 |  4.85e-07 |     -- |  1.03e-01 |  1.29e-01 |     -- |  6.44e-01 |  9.76e-01
19327403 |  4.87e-07 |     -- |  1.03e-01 |  1.29e-01 |     -- |  6.46e-01 |  9.79e-01
19336415 |  4.85e-07 |     -- |  1.03e-01 |  1.29e-01 |     -- |  6.44e-01 |  9.76e-01
19345427 |  4.85e-07 |     -- |  1.04e-01 |  1.30e-01 |     -- |  6.44e-01 |  9.76e-01
19354438 |  4.87e-07 |     -- |  1.05e-01 |  1.32e-01 |     -- |  6.45e-01 |  9.78e-01
19363449 |  4.85e-07 |     -- |  1.03e-01 |  1.29e-01 |     -- |  6.44e-01 |  9.77e-01
19372451 |  4.84e-07 |     -- |  1.07e-01 |  1.34e-01 |     -- |  6.43e-01 |  9.75e-01
19381463 |  4.85e-07 |     -- |  1.01e-01 |  1.26e-01 |     -- |  6.45e-01 |  9.77e-01
19390463 |  4.87e-07 |     -- |  1.05e-01 |  1.31e-01 |     -- |  6.45e-01 |  9.78e-01
19399465 |  4.85e-07 |     -- |  1.02e-01 |  1.28e-01 |     -- |  6.44e-01 |  9.77e-01
19408466 |  4.87e-07 |     -- |  1.04e-01 |  1.31e-01 |     -- |  6.45e-01 |  9.78e-01
19417467 |  4.84e-07 |     -- |  1.03e-01 |  1.29e-01 |     -- |  6.43e-01 |  9.75e-01
19426478 |  4.86e-07 |     -- |  1.02e-01 |  1.29e-01 |     -- |  6.44e-01 |  9.77e-01
19435490 |  4.86e-07 |     -- |  1.03e-01 |  1.29e-01 |     -- |  6.45e-01 |  9.77e-01
19444500 |  4.85e-07 |     -- |  1.07e-01 |  1.35e-01 |     -- |  6.44e-01 |  9.76e-01
19453511 |  4.85e-07 |     -- |  1.02e-01 |  1.28e-01 |     -- |  6.44e-01 |  9.77e-01
19462511 |  4.84e-07 |     -- |  1.01e-01 |  1.27e-01 |     -- |  6.43e-01 |  9.75e-01
19471512 |  4.84e-07 |     -- |  1.03e-01 |  1.30e-01 |     -- |  6.43e-01 |  9.75e-01
19480522 |  4.86e-07 |     -- |  1.04e-01 |  1.31e-01 |     -- |  6.44e-01 |  9.77e-01
19489534 |  4.88e-07 |     -- |  1.05e-01 |  1.32e-01 |     -- |  6.46e-01 |  9.79e-01
19498536 |  4.86e-07 |     -- |  1.05e-01 |  1.31e-01 |     -- |  6.44e-01 |  9.77e-01
19507536 |  4.84e-07 |     -- |  1.03e-01 |  1.30e-01 |     -- |  6.43e-01 |  9.75e-01
19516547 |  4.86e-07 |     -- |  1.06e-01 |  1.34e-01 |     -- |  6.44e-01 |  9.77e-01
19525559 |  4.86e-07 |     -- |  1.03e-01 |  1.29e-01 |     -- |  6.45e-01 |  9.77e-01
19534561 |  4.82e-07 |     -- |  1.03e-01 |  1.30e-01 |     -- |  6.41e-01 |  9.73e-01
19543561 |  4.86e-07 |     -- |  1.02e-01 |  1.28e-01 |     -- |  6.45e-01 |  9.78e-01
19552572 |  4.83e-07 |     -- |  1.02e-01 |  1.28e-01 |     -- |  6.43e-01 |  9.75e-01
19561582 |  4.86e-07 |     -- |  1.06e-01 |  1.33e-01 |     -- |  6.44e-01 |  9.76e-01
19570583 |  4.83e-07 |     -- |  1.05e-01 |  1.31e-01 |     -- |  6.43e-01 |  9.74e-01
19579595 |  4.84e-07 |     -- |  1.07e-01 |  1.34e-01 |     -- |  6.42e-01 |  9.75e-01
19588605 |  4.85e-07 |     -- |  1.01e-01 |  1.27e-01 |     -- |  6.44e-01 |  9.77e-01
19597606 |  4.83e-07 |     -- |  1.06e-01 |  1.32e-01 |     -- |  6.43e-01 |  9.74e-01
19606606 |  4.85e-07 |     -- |  1.06e-01 |  1.32e-01 |     -- |  6.44e-01 |  9.76e-01
19615616 |  4.84e-07 |     -- |  1.04e-01 |  1.30e-01 |     -- |  6.43e-01 |  9.75e-01
19624626 |  4.85e-07 |     -- |  1.04e-01 |  1.31e-01 |     -- |  6.43e-01 |  9.76e-01
19633635 |  4.84e-07 |     -- |  1.07e-01 |  1.34e-01 |     -- |  6.43e-01 |  9.75e-01
19642647 |  4.83e-07 |     -- |  1.01e-01 |  1.27e-01 |     -- |  6.43e-01 |  9.75e-01
19651658 |  4.84e-07 |     -- |  1.03e-01 |  1.30e-01 |     -- |  6.43e-01 |  9.76e-01
19660670 |  4.83e-07 |     -- |  1.02e-01 |  1.28e-01 |     -- |  6.42e-01 |  9.74e-01
19669680 |  4.86e-07 |     -- |  1.04e-01 |  1.30e-01 |     -- |  6.44e-01 |  9.77e-01
19678680 |  4.83e-07 |     -- |  1.05e-01 |  1.32e-01 |     -- |  6.43e-01 |  9.74e-01
19687691 |  4.85e-07 |     -- |  1.03e-01 |  1.29e-01 |     -- |  6.44e-01 |  9.77e-01
19696693 |  4.84e-07 |     -- |  1.04e-01 |  1.30e-01 |     -- |  6.43e-01 |  9.75e-01
19705694 |  4.84e-07 |     -- |  1.01e-01 |  1.27e-01 |     -- |  6.43e-01 |  9.76e-01
19714694 |  4.85e-07 |     -- |  1.03e-01 |  1.30e-01 |     -- |  6.44e-01 |  9.76e-01
19723706 |  4.85e-07 |     -- |  1.04e-01 |  1.30e-01 |     -- |  6.44e-01 |  9.77e-01
19732706 |  4.84e-07 |     -- |  1.03e-01 |  1.28e-01 |     -- |  6.44e-01 |  9.76e-01
19741706 |  4.83e-07 |     -- |  1.05e-01 |  1.31e-01 |     -- |  6.43e-01 |  9.75e-01
19750707 |  4.84e-07 |     -- |  1.02e-01 |  1.28e-01 |     -- |  6.43e-01 |  9.76e-01
19759716 |  4.83e-07 |     -- |  1.08e-01 |  1.35e-01 |     -- |  6.42e-01 |  9.74e-01
19768728 |  4.86e-07 |     -- |  1.01e-01 |  1.27e-01 |     -- |  6.45e-01 |  9.77e-01
19777729 |  4.82e-07 |     -- |  1.03e-01 |  1.29e-01 |     -- |  6.42e-01 |  9.74e-01
19786740 |  4.84e-07 |     -- |  1.03e-01 |  1.29e-01 |     -- |  6.43e-01 |  9.76e-01
19795740 |  4.84e-07 |     -- |  1.06e-01 |  1.32e-01 |     -- |  6.43e-01 |  9.75e-01
19804741 |  4.84e-07 |     -- |  1.04e-01 |  1.30e-01 |     -- |  6.43e-01 |  9.75e-01
19813753 |  4.83e-07 |     -- |  1.02e-01 |  1.27e-01 |     -- |  6.43e-01 |  9.75e-01
19822753 |  4.83e-07 |     -- |  1.02e-01 |  1.28e-01 |     -- |  6.42e-01 |  9.74e-01
19831765 |  4.84e-07 |     -- |  1.03e-01 |  1.29e-01 |     -- |  6.43e-01 |  9.75e-01
19840777 |  4.85e-07 |     -- |  1.04e-01 |  1.30e-01 |     -- |  6.44e-01 |  9.76e-01
19849789 |  4.83e-07 |     -- |  1.03e-01 |  1.30e-01 |     -- |  6.42e-01 |  9.75e-01
19858801 |  4.84e-07 |     -- |  1.05e-01 |  1.32e-01 |     -- |  6.43e-01 |  9.74e-01
19867812 |  4.84e-07 |     -- |  1.02e-01 |  1.28e-01 |     -- |  6.43e-01 |  9.76e-01
19876822 |  4.84e-07 |     -- |  1.03e-01 |  1.30e-01 |     -- |  6.43e-01 |  9.75e-01
19885833 |  4.84e-07 |     -- |  1.05e-01 |  1.31e-01 |     -- |  6.43e-01 |  9.76e-01
19894833 |  4.82e-07 |     -- |  1.08e-01 |  1.35e-01 |     -- |  6.42e-01 |  9.73e-01
19903833 |  4.85e-07 |     -- |  1.05e-01 |  1.32e-01 |     -- |  6.43e-01 |  9.76e-01
19912834 |  4.82e-07 |     -- |  1.01e-01 |  1.26e-01 |     -- |  6.42e-01 |  9.74e-01
19921846 |  4.86e-07 |     -- |  1.03e-01 |  1.29e-01 |     -- |  6.44e-01 |  9.77e-01
19930858 |  4.81e-07 |     -- |  1.05e-01 |  1.32e-01 |     -- |  6.40e-01 |  9.72e-01
19939869 |  4.86e-07 |     -- |  1.04e-01 |  1.31e-01 |     -- |  6.45e-01 |  9.78e-01
19948872 |  4.82e-07 |     -- |  1.06e-01 |  1.33e-01 |     -- |  6.41e-01 |  9.72e-01
19957883 |  4.86e-07 |     -- |  1.01e-01 |  1.28e-01 |     -- |  6.45e-01 |  9.77e-01
19966885 |  4.84e-07 |     -- |  1.04e-01 |  1.31e-01 |     -- |  6.43e-01 |  9.75e-01
19975896 |  4.84e-07 |     -- |  1.02e-01 |  1.28e-01 |     -- |  6.42e-01 |  9.75e-01
19984908 |  4.84e-07 |     -- |  1.08e-01 |  1.34e-01 |     -- |  6.43e-01 |  9.75e-01
19993909 |  4.81e-07 |     -- |  1.02e-01 |  1.28e-01 |     -- |  6.41e-01 |  9.72e-01
20002920 |  4.81e-07 |     -- |  1.00e-01 |  1.26e-01 |     -- |  6.41e-01 |  9.73e-01
20011920 |  4.87e-07 |     -- |  1.02e-01 |  1.29e-01 |     -- |  6.45e-01 |  9.79e-01
20020925 |  4.83e-07 |     -- |  1.04e-01 |  1.31e-01 |     -- |  6.42e-01 |  9.74e-01
20029926 |  4.83e-07 |     -- |  1.05e-01 |  1.32e-01 |     -- |  6.42e-01 |  9.74e-01
20038937 |  4.84e-07 |     -- |  1.01e-01 |  1.26e-01 |     -- |  6.43e-01 |  9.75e-01
20047940 |  4.86e-07 |     -- |  1.06e-01 |  1.33e-01 |     -- |  6.44e-01 |  9.77e-01
20056950 |  4.81e-07 |     -- |  1.03e-01 |  1.29e-01 |     -- |  6.41e-01 |  9.72e-01
20065961 |  4.84e-07 |     -- |  1.04e-01 |  1.31e-01 |     -- |  6.43e-01 |  9.75e-01
20074973 |  4.84e-07 |     -- |  1.02e-01 |  1.28e-01 |     -- |  6.43e-01 |  9.75e-01
20083974 |  4.80e-07 |     -- |  1.03e-01 |  1.29e-01 |     -- |  6.41e-01 |  9.72e-01
20092986 |  4.83e-07 |     -- |  1.04e-01 |  1.29e-01 |     -- |  6.42e-01 |  9.75e-01
20101990 |  4.84e-07 |     -- |  1.03e-01 |  1.30e-01 |     -- |  6.43e-01 |  9.75e-01
20111000 |  4.82e-07 |     -- |  1.04e-01 |  1.31e-01 |     -- |  6.41e-01 |  9.73e-01
20120001 |  4.79e-07 |     -- |  1.04e-01 |  1.30e-01 |     -- |  6.41e-01 |  9.70e-01
20129003 |  4.85e-07 |     -- |  1.04e-01 |  1.30e-01 |     -- |  6.44e-01 |  9.76e-01
20138003 |  4.81e-07 |     -- |  9.95e-02 |  1.25e-01 |     -- |  6.41e-01 |  9.73e-01
20147003 |  4.83e-07 |     -- |  1.04e-01 |  1.30e-01 |     -- |  6.42e-01 |  9.74e-01
20156004 |  4.82e-07 |     -- |  1.04e-01 |  1.30e-01 |     -- |  6.41e-01 |  9.73e-01
20165015 |  4.82e-07 |     -- |  1.01e-01 |  1.27e-01 |     -- |  6.41e-01 |  9.73e-01
20174016 |  4.87e-07 |     -- |  1.03e-01 |  1.29e-01 |     -- |  6.44e-01 |  9.78e-01
20183028 |  4.83e-07 |     -- |  1.04e-01 |  1.30e-01 |     -- |  6.42e-01 |  9.74e-01
20192038 |  4.82e-07 |     -- |  1.03e-01 |  1.30e-01 |     -- |  6.42e-01 |  9.73e-01
20201039 |  4.80e-07 |     -- |  1.04e-01 |  1.29e-01 |     -- |  6.40e-01 |  9.72e-01
20210039 |  4.84e-07 |     -- |  1.04e-01 |  1.30e-01 |     -- |  6.42e-01 |  9.76e-01
20219051 |  4.84e-07 |     -- |  1.03e-01 |  1.30e-01 |     -- |  6.42e-01 |  9.75e-01
20228062 |  4.83e-07 |     -- |  1.02e-01 |  1.28e-01 |     -- |  6.43e-01 |  9.75e-01
20237064 |  4.83e-07 |     -- |  1.03e-01 |  1.29e-01 |     -- |  6.42e-01 |  9.74e-01
20246066 |  4.82e-07 |     -- |  1.04e-01 |  1.30e-01 |     -- |  6.41e-01 |  9.73e-01
20255067 |  4.83e-07 |     -- |  1.02e-01 |  1.29e-01 |     -- |  6.42e-01 |  9.74e-01
20264079 |  4.81e-07 |     -- |  1.02e-01 |  1.28e-01 |     -- |  6.41e-01 |  9.73e-01
20273089 |  4.82e-07 |     -- |  1.01e-01 |  1.27e-01 |     -- |  6.41e-01 |  9.74e-01
20282091 |  4.83e-07 |     -- |  1.00e-01 |  1.26e-01 |     -- |  6.42e-01 |  9.75e-01
20291092 |  4.83e-07 |     -- |  1.03e-01 |  1.28e-01 |     -- |  6.42e-01 |  9.74e-01
20300102 |  4.81e-07 |     -- |  1.01e-01 |  1.27e-01 |     -- |  6.42e-01 |  9.72e-01
20309104 |  4.82e-07 |     -- |  1.00e-01 |  1.26e-01 |     -- |  6.41e-01 |  9.73e-01
20318106 |  4.81e-07 |     -- |  1.03e-01 |  1.29e-01 |     -- |  6.40e-01 |  9.72e-01
20327106 |  4.83e-07 |     -- |  1.03e-01 |  1.29e-01 |     -- |  6.42e-01 |  9.74e-01
20336117 |  4.83e-07 |     -- |  1.01e-01 |  1.27e-01 |     -- |  6.42e-01 |  9.75e-01
20345129 |  4.83e-07 |     -- |  1.00e-01 |  1.26e-01 |     -- |  6.42e-01 |  9.75e-01
20354129 |  4.83e-07 |     -- |  1.02e-01 |  1.28e-01 |     -- |  6.42e-01 |  9.75e-01
20363141 |  4.80e-07 |     -- |  1.02e-01 |  1.28e-01 |     -- |  6.41e-01 |  9.72e-01
20372151 |  4.81e-07 |     -- |  1.00e-01 |  1.26e-01 |     -- |  6.41e-01 |  9.73e-01
20381152 |  4.83e-07 |     -- |  1.02e-01 |  1.27e-01 |     -- |  6.42e-01 |  9.74e-01
20390164 |  4.81e-07 |     -- |  1.02e-01 |  1.28e-01 |     -- |  6.41e-01 |  9.73e-01
20399165 |  4.82e-07 |     -- |  1.05e-01 |  1.32e-01 |     -- |  6.41e-01 |  9.73e-01
20408177 |  4.85e-07 |     -- |  1.02e-01 |  1.28e-01 |     -- |  6.44e-01 |  9.77e-01
20417187 |  4.79e-07 |     -- |  1.03e-01 |  1.29e-01 |     -- |  6.40e-01 |  9.70e-01
20426187 |  4.81e-07 |     -- |  1.02e-01 |  1.28e-01 |     -- |  6.40e-01 |  9.72e-01
20435199 |  4.80e-07 |     -- |  1.01e-01 |  1.27e-01 |     -- |  6.40e-01 |  9.72e-01
20444201 |  4.80e-07 |     -- |  1.02e-01 |  1.28e-01 |     -- |  6.40e-01 |  9.72e-01
20453202 |  4.82e-07 |     -- |  1.04e-01 |  1.30e-01 |     -- |  6.41e-01 |  9.73e-01
20462214 |  4.82e-07 |     -- |  1.02e-01 |  1.27e-01 |     -- |  6.41e-01 |  9.73e-01
20471217 |  4.78e-07 |     -- |  1.05e-01 |  1.31e-01 |     -- |  6.38e-01 |  9.69e-01
20480221 |  4.81e-07 |     -- |  1.01e-01 |  1.27e-01 |     -- |  6.41e-01 |  9.72e-01
20489223 |  4.82e-07 |     -- |  1.04e-01 |  1.31e-01 |     -- |  6.42e-01 |  9.74e-01
20498224 |  4.82e-07 |     -- |  1.01e-01 |  1.26e-01 |     -- |  6.41e-01 |  9.74e-01
20507234 |  4.82e-07 |     -- |  1.04e-01 |  1.30e-01 |     -- |  6.41e-01 |  9.73e-01
20516245 |  4.80e-07 |     -- |  1.01e-01 |  1.26e-01 |     -- |  6.40e-01 |  9.72e-01
20525249 |  4.79e-07 |     -- |  1.03e-01 |  1.29e-01 |     -- |  6.40e-01 |  9.70e-01
20534261 |  4.82e-07 |     -- |  1.01e-01 |  1.27e-01 |     -- |  6.42e-01 |  9.73e-01
20543271 |  4.83e-07 |     -- |  1.05e-01 |  1.33e-01 |     -- |  6.40e-01 |  9.73e-01
20552281 |  4.80e-07 |     -- |  1.01e-01 |  1.27e-01 |     -- |  6.41e-01 |  9.71e-01
20561285 |  4.82e-07 |     -- |  1.02e-01 |  1.28e-01 |     -- |  6.41e-01 |  9.74e-01
20570287 |  4.82e-07 |     -- |  1.03e-01 |  1.30e-01 |     -- |  6.42e-01 |  9.74e-01
20579297 |  4.79e-07 |     -- |  1.04e-01 |  1.30e-01 |     -- |  6.39e-01 |  9.70e-01
20588308 |  4.82e-07 |     -- |  1.04e-01 |  1.30e-01 |     -- |  6.41e-01 |  9.73e-01
20597319 |  4.83e-07 |     -- |  1.01e-01 |  1.26e-01 |     -- |  6.41e-01 |  9.74e-01
20606331 |  4.81e-07 |     -- |  1.03e-01 |  1.29e-01 |     -- |  6.40e-01 |  9.72e-01
20615331 |  4.81e-07 |     -- |  1.04e-01 |  1.31e-01 |     -- |  6.41e-01 |  9.72e-01
20624342 |  4.80e-07 |     -- |  1.04e-01 |  1.30e-01 |     -- |  6.40e-01 |  9.71e-01
20633342 |  4.83e-07 |     -- |  1.03e-01 |  1.29e-01 |     -- |  6.42e-01 |  9.74e-01
20642354 |  4.82e-07 |     -- |  1.01e-01 |  1.26e-01 |     -- |  6.41e-01 |  9.73e-01
20651364 |  4.84e-07 |     -- |  1.03e-01 |  1.30e-01 |     -- |  6.42e-01 |  9.75e-01
20660364 |  4.78e-07 |     -- |  1.03e-01 |  1.30e-01 |     -- |  6.39e-01 |  9.69e-01
20669365 |  4.79e-07 |     -- |  9.95e-02 |  1.25e-01 |     -- |  6.40e-01 |  9.71e-01
20678377 |  4.81e-07 |     -- |  1.02e-01 |  1.28e-01 |     -- |  6.41e-01 |  9.73e-01
20687387 |  4.82e-07 |     -- |  1.03e-01 |  1.29e-01 |     -- |  6.41e-01 |  9.73e-01
20696396 |  4.80e-07 |     -- |  1.01e-01 |  1.27e-01 |     -- |  6.40e-01 |  9.72e-01
20705407 |  4.81e-07 |     -- |  9.91e-02 |  1.24e-01 |     -- |  6.41e-01 |  9.73e-01
20714410 |  4.81e-07 |     -- |  1.00e-01 |  1.26e-01 |     -- |  6.40e-01 |  9.73e-01
20723411 |  4.82e-07 |     -- |  1.03e-01 |  1.29e-01 |     -- |  6.41e-01 |  9.73e-01
20732411 |  4.79e-07 |     -- |  1.01e-01 |  1.28e-01 |     -- |  6.38e-01 |  9.70e-01
20741411 |  4.78e-07 |     -- |  1.02e-01 |  1.28e-01 |     -- |  6.39e-01 |  9.69e-01
20750423 |  4.80e-07 |     -- |  1.03e-01 |  1.29e-01 |     -- |  6.40e-01 |  9.71e-01
20759434 |  4.81e-07 |     -- |  1.04e-01 |  1.30e-01 |     -- |  6.40e-01 |  9.72e-01
20768434 |  4.80e-07 |     -- |  1.02e-01 |  1.27e-01 |     -- |  6.39e-01 |  9.72e-01
20777445 |  4.81e-07 |     -- |  1.06e-01 |  1.33e-01 |     -- |  6.40e-01 |  9.72e-01
20786456 |  4.80e-07 |     -- |  1.00e-01 |  1.26e-01 |     -- |  6.40e-01 |  9.72e-01
20795468 |  4.79e-07 |     -- |  1.02e-01 |  1.28e-01 |     -- |  6.40e-01 |  9.70e-01
20804479 |  4.81e-07 |     -- |  1.01e-01 |  1.26e-01 |     -- |  6.40e-01 |  9.72e-01
20813490 |  4.82e-07 |     -- |  1.01e-01 |  1.27e-01 |     -- |  6.41e-01 |  9.73e-01
20822502 |  4.82e-07 |     -- |  1.03e-01 |  1.29e-01 |     -- |  6.41e-01 |  9.73e-01
20831513 |  4.80e-07 |     -- |  1.00e-01 |  1.26e-01 |     -- |  6.40e-01 |  9.72e-01
20840516 |  4.81e-07 |     -- |  1.04e-01 |  1.30e-01 |     -- |  6.40e-01 |  9.72e-01
20849517 |  4.81e-07 |     -- |  1.01e-01 |  1.27e-01 |     -- |  6.40e-01 |  9.73e-01
20858528 |  4.76e-07 |     -- |  1.03e-01 |  1.30e-01 |     -- |  6.37e-01 |  9.67e-01
20867529 |  4.82e-07 |     -- |  9.98e-02 |  1.25e-01 |     -- |  6.41e-01 |  9.74e-01
20876540 |  4.82e-07 |     -- |  1.03e-01 |  1.29e-01 |     -- |  6.40e-01 |  9.74e-01
20885544 |  4.78e-07 |     -- |  1.01e-01 |  1.26e-01 |     -- |  6.40e-01 |  9.70e-01
20894546 |  4.80e-07 |     -- |  1.02e-01 |  1.28e-01 |     -- |  6.39e-01 |  9.71e-01
20903551 |  4.80e-07 |     -- |  1.01e-01 |  1.27e-01 |     -- |  6.40e-01 |  9.72e-01
20912552 |  4.80e-07 |     -- |  1.02e-01 |  1.28e-01 |     -- |  6.40e-01 |  9.72e-01
20921564 |  4.78e-07 |     -- |  1.03e-01 |  1.30e-01 |     -- |  6.38e-01 |  9.69e-01
20930576 |  4.80e-07 |     -- |  1.01e-01 |  1.27e-01 |     -- |  6.40e-01 |  9.71e-01
20939587 |  4.82e-07 |     -- |  9.98e-02 |  1.25e-01 |     -- |  6.41e-01 |  9.74e-01
20948588 |  4.79e-07 |     -- |  1.03e-01 |  1.29e-01 |     -- |  6.39e-01 |  9.70e-01
20957599 |  4.77e-07 |     -- |  1.02e-01 |  1.28e-01 |     -- |  6.38e-01 |  9.69e-01
20966611 |  4.81e-07 |     -- |  1.03e-01 |  1.29e-01 |     -- |  6.41e-01 |  9.73e-01
20975611 |  4.80e-07 |     -- |  1.01e-01 |  1.28e-01 |     -- |  6.40e-01 |  9.71e-01
20984623 |  4.77e-07 |     -- |  1.05e-01 |  1.31e-01 |     -- |  6.38e-01 |  9.68e-01
20993634 |  4.84e-07 |     -- |  1.02e-01 |  1.28e-01 |     -- |  6.43e-01 |  9.76e-01
21002644 |  4.81e-07 |     -- |  1.00e-01 |  1.26e-01 |     -- |  6.40e-01 |  9.72e-01
21011656 |  4.78e-07 |     -- |  9.90e-02 |  1.24e-01 |     -- |  6.39e-01 |  9.70e-01
21020659 |  4.81e-07 |     -- |  9.88e-02 |  1.25e-01 |     -- |  6.41e-01 |  9.73e-01
21029668 |  4.76e-07 |     -- |  1.02e-01 |  1.28e-01 |     -- |  6.38e-01 |  9.67e-01
21038668 |  4.82e-07 |     -- |  1.00e-01 |  1.26e-01 |     -- |  6.41e-01 |  9.74e-01
21047680 |  4.78e-07 |     -- |  1.01e-01 |  1.27e-01 |     -- |  6.39e-01 |  9.69e-01
21056681 |  4.81e-07 |     -- |  1.02e-01 |  1.28e-01 |     -- |  6.41e-01 |  9.73e-01
21065692 |  4.79e-07 |     -- |  1.01e-01 |  1.27e-01 |     -- |  6.40e-01 |  9.70e-01
21074694 |  4.81e-07 |     -- |  1.00e-01 |  1.26e-01 |     -- |  6.41e-01 |  9.72e-01
21083694 |  4.79e-07 |     -- |  1.01e-01 |  1.26e-01 |     -- |  6.39e-01 |  9.70e-01
21092705 |  4.80e-07 |     -- |  1.01e-01 |  1.27e-01 |     -- |  6.40e-01 |  9.71e-01
21101716 |  4.78e-07 |     -- |  1.02e-01 |  1.28e-01 |     -- |  6.38e-01 |  9.69e-01
21110728 |  4.78e-07 |     -- |  1.00e-01 |  1.26e-01 |     -- |  6.39e-01 |  9.69e-01
21119730 |  4.80e-07 |     -- |  9.99e-02 |  1.25e-01 |     -- |  6.39e-01 |  9.72e-01
21128730 |  4.79e-07 |     -- |  1.04e-01 |  1.30e-01 |     -- |  6.39e-01 |  9.70e-01
21137731 |  4.78e-07 |     -- |  1.01e-01 |  1.27e-01 |     -- |  6.39e-01 |  9.70e-01
21146743 |  4.80e-07 |     -- |  9.99e-02 |  1.25e-01 |     -- |  6.39e-01 |  9.71e-01
21155744 |  4.80e-07 |     -- |  1.03e-01 |  1.29e-01 |     -- |  6.39e-01 |  9.71e-01
21164753 |  4.79e-07 |     -- |  1.02e-01 |  1.28e-01 |     -- |  6.40e-01 |  9.71e-01
21173765 |  4.79e-07 |     -- |  1.01e-01 |  1.27e-01 |     -- |  6.40e-01 |  9.71e-01
21182777 |  4.80e-07 |     -- |  1.01e-01 |  1.27e-01 |     -- |  6.40e-01 |  9.72e-01
21191787 |  4.80e-07 |     -- |  1.01e-01 |  1.27e-01 |     -- |  6.40e-01 |  9.72e-01
21200788 |  4.78e-07 |     -- |  1.01e-01 |  1.28e-01 |     -- |  6.39e-01 |  9.70e-01
21209798 |  4.78e-07 |     -- |  1.01e-01 |  1.25e-01 |     -- |  6.38e-01 |  9.70e-01
21218808 |  4.81e-07 |     -- |  1.00e-01 |  1.25e-01 |     -- |  6.40e-01 |  9.72e-01
21227808 |  4.83e-07 |     -- |  1.03e-01 |  1.30e-01 |     -- |  6.41e-01 |  9.74e-01
21236812 |  4.75e-07 |     -- |  1.02e-01 |  1.28e-01 |     -- |  6.36e-01 |  9.66e-01
21245823 |  4.80e-07 |     -- |  9.98e-02 |  1.25e-01 |     -- |  6.39e-01 |  9.72e-01
21254834 |  4.78e-07 |     -- |  1.02e-01 |  1.28e-01 |     -- |  6.39e-01 |  9.69e-01
21263835 |  4.80e-07 |     -- |  1.01e-01 |  1.27e-01 |     -- |  6.39e-01 |  9.72e-01
21272835 |  4.76e-07 |     -- |  1.01e-01 |  1.27e-01 |     -- |  6.38e-01 |  9.68e-01
21281835 |  4.78e-07 |     -- |  1.03e-01 |  1.30e-01 |     -- |  6.37e-01 |  9.69e-01
21290837 |  4.78e-07 |     -- |  1.01e-01 |  1.27e-01 |     -- |  6.39e-01 |  9.70e-01
21299838 |  4.82e-07 |     -- |  1.01e-01 |  1.27e-01 |     -- |  6.41e-01 |  9.73e-01
21308840 |  4.78e-07 |     -- |  1.01e-01 |  1.27e-01 |     -- |  6.39e-01 |  9.70e-01
21317841 |  4.79e-07 |     -- |  1.02e-01 |  1.28e-01 |     -- |  6.38e-01 |  9.70e-01
21326851 |  4.76e-07 |     -- |  1.00e-01 |  1.25e-01 |     -- |  6.38e-01 |  9.68e-01
21335854 |  4.82e-07 |     -- |  1.00e-01 |  1.26e-01 |     -- |  6.41e-01 |  9.73e-01
21344858 |  4.78e-07 |     -- |  1.03e-01 |  1.28e-01 |     -- |  6.38e-01 |  9.70e-01
21353859 |  4.81e-07 |     -- |  1.02e-01 |  1.28e-01 |     -- |  6.40e-01 |  9.72e-01
21362860 |  4.76e-07 |     -- |  9.87e-02 |  1.24e-01 |     -- |  6.38e-01 |  9.68e-01
21371860 |  4.79e-07 |     -- |  1.02e-01 |  1.27e-01 |     -- |  6.38e-01 |  9.70e-01
21380872 |  4.78e-07 |     -- |  1.01e-01 |  1.26e-01 |     -- |  6.39e-01 |  9.70e-01
21389884 |  4.76e-07 |     -- |  1.00e-01 |  1.26e-01 |     -- |  6.37e-01 |  9.68e-01
21398884 |  4.80e-07 |     -- |  9.89e-02 |  1.24e-01 |     -- |  6.40e-01 |  9.72e-01
21407884 |  4.76e-07 |     -- |  1.02e-01 |  1.27e-01 |     -- |  6.37e-01 |  9.67e-01
21416886 |  4.80e-07 |     -- |  9.98e-02 |  1.25e-01 |     -- |  6.39e-01 |  9.72e-01
21425888 |  4.80e-07 |     -- |  9.94e-02 |  1.25e-01 |     -- |  6.39e-01 |  9.72e-01
21434889 |  4.77e-07 |     -- |  1.01e-01 |  1.26e-01 |     -- |  6.38e-01 |  9.68e-01
21443890 |  4.77e-07 |     -- |  1.02e-01 |  1.28e-01 |     -- |  6.37e-01 |  9.69e-01
21452902 |  4.77e-07 |     -- |  1.00e-01 |  1.26e-01 |     -- |  6.38e-01 |  9.68e-01
21461913 |  4.83e-07 |     -- |  9.90e-02 |  1.24e-01 |     -- |  6.42e-01 |  9.75e-01
21470925 |  4.76e-07 |     -- |  1.00e-01 |  1.25e-01 |     -- |  6.37e-01 |  9.68e-01
21479935 |  4.81e-07 |     -- |  1.01e-01 |  1.26e-01 |     -- |  6.40e-01 |  9.73e-01
21488947 |  4.79e-07 |     -- |  9.96e-02 |  1.25e-01 |     -- |  6.39e-01 |  9.71e-01
21497958 |  4.77e-07 |     -- |  1.01e-01 |  1.27e-01 |     -- |  6.38e-01 |  9.68e-01
21506970 |  4.77e-07 |     -- |  1.01e-01 |  1.27e-01 |     -- |  6.38e-01 |  9.68e-01
21515970 |  4.81e-07 |     -- |  1.04e-01 |  1.30e-01 |     -- |  6.40e-01 |  9.73e-01
21524970 |  4.76e-07 |     -- |  1.02e-01 |  1.28e-01 |     -- |  6.38e-01 |  9.68e-01
21533980 |  4.77e-07 |     -- |  1.00e-01 |  1.26e-01 |     -- |  6.37e-01 |  9.69e-01
21542992 |  4.81e-07 |     -- |  9.95e-02 |  1.24e-01 |     -- |  6.40e-01 |  9.72e-01
21551993 |  4.79e-07 |     -- |  1.01e-01 |  1.26e-01 |     -- |  6.39e-01 |  9.70e-01
21561004 |  4.77e-07 |     -- |  9.93e-02 |  1.24e-01 |     -- |  6.38e-01 |  9.68e-01
21570005 |  4.80e-07 |     -- |  9.98e-02 |  1.25e-01 |     -- |  6.39e-01 |  9.71e-01
21579005 |  4.77e-07 |     -- |  1.03e-01 |  1.29e-01 |     -- |  6.37e-01 |  9.68e-01
21588015 |  4.79e-07 |     -- |  1.02e-01 |  1.28e-01 |     -- |  6.39e-01 |  9.70e-01
21597015 |  4.78e-07 |     -- |  1.01e-01 |  1.27e-01 |     -- |  6.38e-01 |  9.70e-01
21606027 |  4.78e-07 |     -- |  1.00e-01 |  1.26e-01 |     -- |  6.38e-01 |  9.69e-01
21615038 |  4.76e-07 |     -- |  1.03e-01 |  1.29e-01 |     -- |  6.37e-01 |  9.67e-01
21624050 |  4.80e-07 |     -- |  1.01e-01 |  1.27e-01 |     -- |  6.40e-01 |  9.72e-01
21633061 |  4.76e-07 |     -- |  1.01e-01 |  1.26e-01 |     -- |  6.37e-01 |  9.67e-01
21642064 |  4.82e-07 |     -- |  1.04e-01 |  1.30e-01 |     -- |  6.40e-01 |  9.73e-01
21651074 |  4.76e-07 |     -- |  1.01e-01 |  1.27e-01 |     -- |  6.37e-01 |  9.67e-01
21660085 |  4.79e-07 |     -- |  9.95e-02 |  1.25e-01 |     -- |  6.38e-01 |  9.70e-01
21669097 |  4.77e-07 |     -- |  9.93e-02 |  1.25e-01 |     -- |  6.37e-01 |  9.68e-01
21678097 |  4.79e-07 |     -- |  1.00e-01 |  1.25e-01 |     -- |  6.40e-01 |  9.71e-01
21687097 |  4.78e-07 |     -- |  1.01e-01 |  1.26e-01 |     -- |  6.39e-01 |  9.70e-01
21696097 |  4.78e-07 |     -- |  9.94e-02 |  1.25e-01 |     -- |  6.38e-01 |  9.69e-01
21705109 |  4.79e-07 |     -- |  1.01e-01 |  1.27e-01 |     -- |  6.38e-01 |  9.70e-01
21714110 |  4.78e-07 |     -- |  9.95e-02 |  1.25e-01 |     -- |  6.38e-01 |  9.70e-01
21723110 |  4.77e-07 |     -- |  1.00e-01 |  1.25e-01 |     -- |  6.38e-01 |  9.69e-01
21732122 |  4.75e-07 |     -- |  1.02e-01 |  1.27e-01 |     -- |  6.37e-01 |  9.66e-01
21741133 |  4.82e-07 |     -- |  9.93e-02 |  1.24e-01 |     -- |  6.40e-01 |  9.74e-01
21750145 |  4.74e-07 |     -- |  1.01e-01 |  1.26e-01 |     -- |  6.36e-01 |  9.65e-01
21759157 |  4.78e-07 |     -- |  9.96e-02 |  1.25e-01 |     -- |  6.38e-01 |  9.69e-01
21768158 |  4.78e-07 |     -- |  1.01e-01 |  1.26e-01 |     -- |  6.38e-01 |  9.70e-01
21777169 |  4.79e-07 |     -- |  1.01e-01 |  1.27e-01 |     -- |  6.39e-01 |  9.71e-01
21786178 |  4.77e-07 |     -- |  1.00e-01 |  1.26e-01 |     -- |  6.37e-01 |  9.69e-01
21795179 |  4.75e-07 |     -- |  1.01e-01 |  1.27e-01 |     -- |  6.37e-01 |  9.67e-01
21804180 |  4.75e-07 |     -- |  9.96e-02 |  1.25e-01 |     -- |  6.37e-01 |  9.66e-01
21813180 |  4.80e-07 |     -- |  9.80e-02 |  1.23e-01 |     -- |  6.39e-01 |  9.72e-01
21822191 |  4.79e-07 |     -- |  1.01e-01 |  1.27e-01 |     -- |  6.38e-01 |  9.71e-01
21831203 |  4.79e-07 |     -- |  1.02e-01 |  1.28e-01 |     -- |  6.39e-01 |  9.70e-01
21840203 |  4.75e-07 |     -- |  9.75e-02 |  1.23e-01 |     -- |  6.36e-01 |  9.67e-01
21849214 |  4.80e-07 |     -- |  1.01e-01 |  1.27e-01 |     -- |  6.40e-01 |  9.71e-01
21858225 |  4.77e-07 |     -- |  9.81e-02 |  1.22e-01 |     -- |  6.37e-01 |  9.69e-01
21867235 |  4.77e-07 |     -- |  1.01e-01 |  1.27e-01 |     -- |  6.38e-01 |  9.69e-01
21876246 |  4.78e-07 |     -- |  1.01e-01 |  1.27e-01 |     -- |  6.37e-01 |  9.69e-01
21885247 |  4.76e-07 |     -- |  9.94e-02 |  1.25e-01 |     -- |  6.37e-01 |  9.68e-01
21894259 |  4.76e-07 |     -- |  1.02e-01 |  1.27e-01 |     -- |  6.37e-01 |  9.68e-01
21903260 |  4.82e-07 |     -- |  1.01e-01 |  1.26e-01 |     -- |  6.41e-01 |  9.73e-01
21912272 |  4.75e-07 |     -- |  9.87e-02 |  1.24e-01 |     -- |  6.36e-01 |  9.66e-01
21921273 |  4.76e-07 |     -- |  9.99e-02 |  1.25e-01 |     -- |  6.37e-01 |  9.68e-01
21930274 |  4.78e-07 |     -- |  9.87e-02 |  1.24e-01 |     -- |  6.38e-01 |  9.70e-01
21939277 |  4.79e-07 |     -- |  1.01e-01 |  1.27e-01 |     -- |  6.39e-01 |  9.71e-01
21948287 |  4.77e-07 |     -- |  9.87e-02 |  1.24e-01 |     -- |  6.38e-01 |  9.69e-01
21957287 |  4.76e-07 |     -- |  1.03e-01 |  1.28e-01 |     -- |  6.37e-01 |  9.68e-01
21966287 |  4.71e-07 |     -- |  9.79e-02 |  1.23e-01 |     -- |  6.34e-01 |  9.63e-01
21975296 |  4.81e-07 |     -- |  9.91e-02 |  1.24e-01 |     -- |  6.39e-01 |  9.73e-01
21984296 |  4.81e-07 |     -- |  1.03e-01 |  1.29e-01 |     -- |  6.39e-01 |  9.72e-01
21993308 |  4.73e-07 |     -- |  9.88e-02 |  1.24e-01 |     -- |  6.36e-01 |  9.65e-01
22002319 |  4.76e-07 |     -- |  1.00e-01 |  1.25e-01 |     -- |  6.36e-01 |  9.67e-01
22011330 |  4.79e-07 |     -- |  9.86e-02 |  1.24e-01 |     -- |  6.39e-01 |  9.71e-01
22020340 |  4.76e-07 |     -- |  1.01e-01 |  1.26e-01 |     -- |  6.37e-01 |  9.68e-01
22029340 |  4.77e-07 |     -- |  9.86e-02 |  1.23e-01 |     -- |  6.38e-01 |  9.69e-01
22038352 |  4.75e-07 |     -- |  1.01e-01 |  1.27e-01 |     -- |  6.37e-01 |  9.66e-01
22047362 |  4.79e-07 |     -- |  9.99e-02 |  1.25e-01 |     -- |  6.38e-01 |  9.71e-01
22056371 |  4.78e-07 |     -- |  1.02e-01 |  1.27e-01 |     -- |  6.38e-01 |  9.69e-01
22065382 |  4.75e-07 |     -- |  1.01e-01 |  1.26e-01 |     -- |  6.36e-01 |  9.67e-01
22074394 |  4.74e-07 |     -- |  1.01e-01 |  1.26e-01 |     -- |  6.36e-01 |  9.65e-01
22083395 |  4.80e-07 |     -- |  1.02e-01 |  1.28e-01 |     -- |  6.39e-01 |  9.71e-01
22092406 |  4.78e-07 |     -- |  9.94e-02 |  1.24e-01 |     -- |  6.38e-01 |  9.70e-01
22101410 |  4.74e-07 |     -- |  9.78e-02 |  1.22e-01 |     -- |  6.36e-01 |  9.66e-01
22110410 |  4.79e-07 |     -- |  9.97e-02 |  1.25e-01 |     -- |  6.39e-01 |  9.70e-01
22119410 |  4.76e-07 |     -- |  9.84e-02 |  1.24e-01 |     -- |  6.37e-01 |  9.68e-01
22128411 |  4.78e-07 |     -- |  1.02e-01 |  1.27e-01 |     -- |  6.37e-01 |  9.70e-01
22137421 |  4.76e-07 |     -- |  1.00e-01 |  1.25e-01 |     -- |  6.37e-01 |  9.67e-01
22146433 |  4.77e-07 |     -- |  1.02e-01 |  1.27e-01 |     -- |  6.38e-01 |  9.69e-01
22155434 |  4.76e-07 |     -- |  9.85e-02 |  1.24e-01 |     -- |  6.37e-01 |  9.68e-01
22164434 |  4.76e-07 |     -- |  9.96e-02 |  1.25e-01 |     -- |  6.37e-01 |  9.68e-01
22173437 |  4.77e-07 |     -- |  9.99e-02 |  1.26e-01 |     -- |  6.37e-01 |  9.68e-01
22182447 |  4.76e-07 |     -- |  9.86e-02 |  1.24e-01 |     -- |  6.37e-01 |  9.68e-01
22191447 |  4.76e-07 |     -- |  1.01e-01 |  1.26e-01 |     -- |  6.36e-01 |  9.68e-01
22200456 |  4.75e-07 |     -- |  9.83e-02 |  1.23e-01 |     -- |  6.36e-01 |  9.67e-01
22209457 |  4.77e-07 |     -- |  1.00e-01 |  1.26e-01 |     -- |  6.37e-01 |  9.68e-01
22218468 |  4.77e-07 |     -- |  1.04e-01 |  1.30e-01 |     -- |  6.37e-01 |  9.68e-01
22227468 |  4.75e-07 |     -- |  1.01e-01 |  1.27e-01 |     -- |  6.36e-01 |  9.66e-01
22236470 |  4.75e-07 |     -- |  9.79e-02 |  1.22e-01 |     -- |  6.37e-01 |  9.67e-01
22245482 |  4.78e-07 |     -- |  1.01e-01 |  1.26e-01 |     -- |  6.38e-01 |  9.70e-01
22254494 |  4.77e-07 |     -- |  1.01e-01 |  1.26e-01 |     -- |  6.37e-01 |  9.68e-01
22263506 |  4.76e-07 |     -- |  1.00e-01 |  1.25e-01 |     -- |  6.37e-01 |  9.68e-01
22272518 |  4.75e-07 |     -- |  1.01e-01 |  1.26e-01 |     -- |  6.36e-01 |  9.67e-01
22281518 |  4.78e-07 |     -- |  9.69e-02 |  1.21e-01 |     -- |  6.38e-01 |  9.70e-01
22290528 |  4.73e-07 |     -- |  1.01e-01 |  1.26e-01 |     -- |  6.35e-01 |  9.65e-01
22299529 |  4.76e-07 |     -- |  9.77e-02 |  1.23e-01 |     -- |  6.37e-01 |  9.68e-01
22308531 |  4.77e-07 |     -- |  1.00e-01 |  1.26e-01 |     -- |  6.37e-01 |  9.68e-01
22317542 |  4.76e-07 |     -- |  9.94e-02 |  1.24e-01 |     -- |  6.36e-01 |  9.68e-01
22326545 |  4.76e-07 |     -- |  9.98e-02 |  1.26e-01 |     -- |  6.37e-01 |  9.68e-01
22335546 |  4.76e-07 |     -- |  9.87e-02 |  1.24e-01 |     -- |  6.37e-01 |  9.68e-01
22344557 |  4.78e-07 |     -- |  9.91e-02 |  1.24e-01 |     -- |  6.38e-01 |  9.70e-01
22353567 |  4.74e-07 |     -- |  1.02e-01 |  1.27e-01 |     -- |  6.35e-01 |  9.65e-01
22362579 |  4.78e-07 |     -- |  9.71e-02 |  1.22e-01 |     -- |  6.38e-01 |  9.70e-01
22371590 |  4.75e-07 |     -- |  1.02e-01 |  1.27e-01 |     -- |  6.36e-01 |  9.66e-01
22380602 |  4.77e-07 |     -- |  9.98e-02 |  1.25e-01 |     -- |  6.38e-01 |  9.69e-01
22389614 |  4.74e-07 |     -- |  9.87e-02 |  1.23e-01 |     -- |  6.35e-01 |  9.66e-01
22398625 |  4.77e-07 |     -- |  9.85e-02 |  1.24e-01 |     -- |  6.37e-01 |  9.69e-01
22407625 |  4.76e-07 |     -- |  9.88e-02 |  1.24e-01 |     -- |  6.37e-01 |  9.67e-01
22416628 |  4.73e-07 |     -- |  1.01e-01 |  1.26e-01 |     -- |  6.35e-01 |  9.65e-01
22425639 |  4.75e-07 |     -- |  9.87e-02 |  1.24e-01 |     -- |  6.37e-01 |  9.67e-01
22434650 |  4.80e-07 |     -- |  9.80e-02 |  1.23e-01 |     -- |  6.38e-01 |  9.72e-01
22443662 |  4.73e-07 |     -- |  9.78e-02 |  1.23e-01 |     -- |  6.35e-01 |  9.65e-01
22452662 |  4.73e-07 |     -- |  9.69e-02 |  1.22e-01 |     -- |  6.35e-01 |  9.65e-01
22461674 |  4.80e-07 |     -- |  9.89e-02 |  1.24e-01 |     -- |  6.39e-01 |  9.72e-01
22470684 |  4.71e-07 |     -- |  9.83e-02 |  1.23e-01 |     -- |  6.33e-01 |  9.63e-01
22479695 |  4.77e-07 |     -- |  9.90e-02 |  1.24e-01 |     -- |  6.37e-01 |  9.68e-01
22488706 |  4.75e-07 |     -- |  9.97e-02 |  1.25e-01 |     -- |  6.36e-01 |  9.67e-01
22497708 |  4.76e-07 |     -- |  9.87e-02 |  1.24e-01 |     -- |  6.36e-01 |  9.68e-01
22506710 |  4.72e-07 |     -- |  9.71e-02 |  1.21e-01 |     -- |  6.34e-01 |  9.64e-01
22515722 |  4.77e-07 |     -- |  9.93e-02 |  1.25e-01 |     -- |  6.37e-01 |  9.69e-01
22524734 |  4.75e-07 |     -- |  1.01e-01 |  1.26e-01 |     -- |  6.36e-01 |  9.67e-01
22533746 |  4.74e-07 |     -- |  9.90e-02 |  1.24e-01 |     -- |  6.35e-01 |  9.66e-01
22542758 |  4.76e-07 |     -- |  9.80e-02 |  1.23e-01 |     -- |  6.37e-01 |  9.68e-01
22551767 |  4.78e-07 |     -- |  9.93e-02 |  1.24e-01 |     -- |  6.38e-01 |  9.70e-01
22560771 |  4.75e-07 |     -- |  9.82e-02 |  1.23e-01 |     -- |  6.36e-01 |  9.67e-01
22569772 |  4.77e-07 |     -- |  1.01e-01 |  1.26e-01 |     -- |  6.37e-01 |  9.69e-01
22578784 |  4.78e-07 |     -- |  1.02e-01 |  1.28e-01 |     -- |  6.38e-01 |  9.69e-01
22587795 |  4.76e-07 |     -- |  9.89e-02 |  1.24e-01 |     -- |  6.36e-01 |  9.68e-01
22596805 |  4.73e-07 |     -- |  1.00e-01 |  1.25e-01 |     -- |  6.35e-01 |  9.64e-01
22605807 |  4.73e-07 |     -- |  9.84e-02 |  1.24e-01 |     -- |  6.35e-01 |  9.64e-01
22614811 |  4.79e-07 |     -- |  1.01e-01 |  1.27e-01 |     -- |  6.38e-01 |  9.70e-01
22623823 |  4.77e-07 |     -- |  9.86e-02 |  1.24e-01 |     -- |  6.37e-01 |  9.69e-01
22632833 |  4.74e-07 |     -- |  9.83e-02 |  1.24e-01 |     -- |  6.36e-01 |  9.66e-01
22641835 |  4.76e-07 |     -- |  1.01e-01 |  1.26e-01 |     -- |  6.36e-01 |  9.68e-01
22650845 |  4.76e-07 |     -- |  9.72e-02 |  1.23e-01 |     -- |  6.37e-01 |  9.68e-01
22659854 |  4.74e-07 |     -- |  9.94e-02 |  1.24e-01 |     -- |  6.35e-01 |  9.65e-01
22668865 |  4.76e-07 |     -- |  9.76e-02 |  1.23e-01 |     -- |  6.37e-01 |  9.68e-01
22677877 |  4.74e-07 |     -- |  9.82e-02 |  1.23e-01 |     -- |  6.36e-01 |  9.66e-01
22686887 |  4.77e-07 |     -- |  1.00e-01 |  1.25e-01 |     -- |  6.36e-01 |  9.69e-01
22695889 |  4.74e-07 |     -- |  9.88e-02 |  1.24e-01 |     -- |  6.36e-01 |  9.65e-01
22704889 |  4.74e-07 |     -- |  9.98e-02 |  1.25e-01 |     -- |  6.35e-01 |  9.66e-01
22713889 |  4.76e-07 |     -- |  1.01e-01 |  1.26e-01 |     -- |  6.36e-01 |  9.67e-01
22722899 |  4.78e-07 |     -- |  9.80e-02 |  1.22e-01 |     -- |  6.38e-01 |  9.70e-01
22731899 |  4.75e-07 |     -- |  1.02e-01 |  1.28e-01 |     -- |  6.36e-01 |  9.66e-01
22740911 |  4.73e-07 |     -- |  9.85e-02 |  1.24e-01 |     -- |  6.35e-01 |  9.65e-01
22749911 |  4.78e-07 |     -- |  9.88e-02 |  1.24e-01 |     -- |  6.37e-01 |  9.70e-01
22758912 |  4.73e-07 |     -- |  9.82e-02 |  1.23e-01 |     -- |  6.36e-01 |  9.65e-01
22767912 |  4.77e-07 |     -- |  9.87e-02 |  1.24e-01 |     -- |  6.37e-01 |  9.69e-01
22776921 |  4.74e-07 |     -- |  9.73e-02 |  1.22e-01 |     -- |  6.35e-01 |  9.66e-01
22785933 |  4.75e-07 |     -- |  9.95e-02 |  1.24e-01 |     -- |  6.36e-01 |  9.67e-01
22794944 |  4.73e-07 |     -- |  9.83e-02 |  1.24e-01 |     -- |  6.36e-01 |  9.65e-01
22803954 |  4.78e-07 |     -- |  9.87e-02 |  1.24e-01 |     -- |  6.37e-01 |  9.70e-01
22812965 |  4.74e-07 |     -- |  1.01e-01 |  1.26e-01 |     -- |  6.36e-01 |  9.65e-01
22821966 |  4.77e-07 |     -- |  9.94e-02 |  1.25e-01 |     -- |  6.37e-01 |  9.69e-01
22830967 |  4.72e-07 |     -- |  9.95e-02 |  1.25e-01 |     -- |  6.34e-01 |  9.64e-01
22839978 |  4.78e-07 |     -- |  9.83e-02 |  1.23e-01 |     -- |  6.38e-01 |  9.70e-01
22848988 |  4.76e-07 |     -- |  9.98e-02 |  1.25e-01 |     -- |  6.37e-01 |  9.68e-01
22857999 |  4.73e-07 |     -- |  9.87e-02 |  1.24e-01 |     -- |  6.35e-01 |  9.65e-01
22867001 |  4.76e-07 |     -- |  9.92e-02 |  1.25e-01 |     -- |  6.36e-01 |  9.67e-01
22876013 |  4.76e-07 |     -- |  9.76e-02 |  1.23e-01 |     -- |  6.36e-01 |  9.68e-01
22885025 |  4.70e-07 |     -- |  1.00e-01 |  1.25e-01 |     -- |  6.33e-01 |  9.62e-01
22894026 |  4.76e-07 |     -- |  9.75e-02 |  1.23e-01 |     -- |  6.36e-01 |  9.68e-01
22903036 |  4.77e-07 |     -- |  9.94e-02 |  1.24e-01 |     -- |  6.37e-01 |  9.68e-01
22912048 |  4.75e-07 |     -- |  9.99e-02 |  1.25e-01 |     -- |  6.35e-01 |  9.66e-01
22921059 |  4.75e-07 |     -- |  9.77e-02 |  1.22e-01 |     -- |  6.37e-01 |  9.67e-01
22930071 |  4.72e-07 |     -- |  9.74e-02 |  1.22e-01 |     -- |  6.35e-01 |  9.64e-01
22939082 |  4.74e-07 |     -- |  9.89e-02 |  1.24e-01 |     -- |  6.34e-01 |  9.66e-01
22948094 |  4.78e-07 |     -- |  9.71e-02 |  1.22e-01 |     -- |  6.38e-01 |  9.70e-01
22957106 |  4.72e-07 |     -- |  9.77e-02 |  1.23e-01 |     -- |  6.34e-01 |  9.64e-01
22966117 |  4.79e-07 |     -- |  9.79e-02 |  1.23e-01 |     -- |  6.39e-01 |  9.71e-01
22975126 |  4.71e-07 |     -- |  9.90e-02 |  1.24e-01 |     -- |  6.33e-01 |  9.62e-01
22984138 |  4.75e-07 |     -- |  9.82e-02 |  1.23e-01 |     -- |  6.36e-01 |  9.66e-01
22993139 |  4.76e-07 |     -- |  9.92e-02 |  1.24e-01 |     -- |  6.36e-01 |  9.68e-01
23002139 |  4.74e-07 |     -- |  9.74e-02 |  1.22e-01 |     -- |  6.36e-01 |  9.66e-01
23011150 |  4.72e-07 |     -- |  9.78e-02 |  1.23e-01 |     -- |  6.35e-01 |  9.64e-01
23020152 |  4.76e-07 |     -- |  9.78e-02 |  1.23e-01 |     -- |  6.36e-01 |  9.68e-01
23029164 |  4.74e-07 |     -- |  1.00e-01 |  1.26e-01 |     -- |  6.35e-01 |  9.66e-01
23038175 |  4.75e-07 |     -- |  9.85e-02 |  1.24e-01 |     -- |  6.36e-01 |  9.67e-01
23047175 |  4.73e-07 |     -- |  9.67e-02 |  1.22e-01 |     -- |  6.35e-01 |  9.65e-01
23056187 |  4.79e-07 |     -- |  9.87e-02 |  1.23e-01 |     -- |  6.38e-01 |  9.71e-01
23065187 |  4.72e-07 |     -- |  1.00e-01 |  1.25e-01 |     -- |  6.34e-01 |  9.64e-01
23074198 |  4.73e-07 |     -- |  9.73e-02 |  1.22e-01 |     -- |  6.35e-01 |  9.65e-01
23083209 |  4.75e-07 |     -- |  9.97e-02 |  1.25e-01 |     -- |  6.36e-01 |  9.67e-01
23092219 |  4.77e-07 |     -- |  9.92e-02 |  1.24e-01 |     -- |  6.37e-01 |  9.68e-01
23101231 |  4.71e-07 |     -- |  9.74e-02 |  1.22e-01 |     -- |  6.34e-01 |  9.63e-01
23110231 |  4.74e-07 |     -- |  9.78e-02 |  1.23e-01 |     -- |  6.34e-01 |  9.66e-01
23119242 |  4.74e-07 |     -- |  9.82e-02 |  1.23e-01 |     -- |  6.35e-01 |  9.66e-01
23128254 |  4.74e-07 |     -- |  9.87e-02 |  1.23e-01 |     -- |  6.36e-01 |  9.66e-01
23137254 |  4.73e-07 |     -- |  9.92e-02 |  1.25e-01 |     -- |  6.34e-01 |  9.65e-01
23146265 |  4.72e-07 |     -- |  9.95e-02 |  1.25e-01 |     -- |  6.34e-01 |  9.64e-01
23155276 |  4.75e-07 |     -- |  9.86e-02 |  1.24e-01 |     -- |  6.36e-01 |  9.67e-01
23164288 |  4.75e-07 |     -- |  9.78e-02 |  1.23e-01 |     -- |  6.36e-01 |  9.67e-01
23173298 |  4.74e-07 |     -- |  9.79e-02 |  1.23e-01 |     -- |  6.35e-01 |  9.66e-01
23182298 |  4.71e-07 |     -- |  9.79e-02 |  1.22e-01 |     -- |  6.33e-01 |  9.63e-01
23191301 |  4.78e-07 |     -- |  9.84e-02 |  1.24e-01 |     -- |  6.38e-01 |  9.70e-01
23200311 |  4.70e-07 |     -- |  9.80e-02 |  1.23e-01 |     -- |  6.32e-01 |  9.62e-01
23209323 |  4.78e-07 |     -- |  9.93e-02 |  1.25e-01 |     -- |  6.38e-01 |  9.70e-01
23218332 |  4.72e-07 |     -- |  9.81e-02 |  1.23e-01 |     -- |  6.35e-01 |  9.64e-01
23227332 |  4.75e-07 |     -- |  9.75e-02 |  1.22e-01 |     -- |  6.36e-01 |  9.67e-01
23236334 |  4.73e-07 |     -- |  9.73e-02 |  1.22e-01 |     -- |  6.34e-01 |  9.65e-01
23245345 |  4.75e-07 |     -- |  1.00e-01 |  1.25e-01 |     -- |  6.35e-01 |  9.67e-01
23254345 |  4.77e-07 |     -- |  9.84e-02 |  1.24e-01 |     -- |  6.37e-01 |  9.69e-01
23263355 |  4.74e-07 |     -- |  9.90e-02 |  1.24e-01 |     -- |  6.35e-01 |  9.65e-01
23272355 |  4.68e-07 |     -- |  9.70e-02 |  1.21e-01 |     -- |  6.32e-01 |  9.60e-01
23281367 |  4.76e-07 |     -- |  9.91e-02 |  1.24e-01 |     -- |  6.37e-01 |  9.68e-01
23290379 |  4.72e-07 |     -- |  9.74e-02 |  1.22e-01 |     -- |  6.34e-01 |  9.64e-01
23299380 |  4.76e-07 |     -- |  9.90e-02 |  1.24e-01 |     -- |  6.36e-01 |  9.68e-01
23308380 |  4.72e-07 |     -- |  9.83e-02 |  1.23e-01 |     -- |  6.34e-01 |  9.63e-01
23317392 |  4.76e-07 |     -- |  9.70e-02 |  1.22e-01 |     -- |  6.36e-01 |  9.68e-01
23326392 |  4.74e-07 |     -- |  9.62e-02 |  1.21e-01 |     -- |  6.36e-01 |  9.66e-01
23335393 |  4.75e-07 |     -- |  9.83e-02 |  1.24e-01 |     -- |  6.36e-01 |  9.67e-01
23344394 |  4.76e-07 |     -- |  9.99e-02 |  1.25e-01 |     -- |  6.36e-01 |  9.67e-01
23353395 |  4.72e-07 |     -- |  9.88e-02 |  1.24e-01 |     -- |  6.34e-01 |  9.63e-01
23362407 |  4.73e-07 |     -- |  9.95e-02 |  1.25e-01 |     -- |  6.34e-01 |  9.64e-01
23371417 |  4.73e-07 |     -- |  1.00e-01 |  1.25e-01 |     -- |  6.35e-01 |  9.64e-01
23380418 |  4.75e-07 |     -- |  9.78e-02 |  1.22e-01 |     -- |  6.35e-01 |  9.67e-01
23389418 |  4.72e-07 |     -- |  9.80e-02 |  1.23e-01 |     -- |  6.35e-01 |  9.64e-01
23398419 |  4.76e-07 |     -- |  9.67e-02 |  1.21e-01 |     -- |  6.36e-01 |  9.68e-01
23407420 |  4.73e-07 |     -- |  9.77e-02 |  1.23e-01 |     -- |  6.34e-01 |  9.64e-01
23416422 |  4.74e-07 |     -- |  9.83e-02 |  1.23e-01 |     -- |  6.35e-01 |  9.66e-01
23425422 |  4.71e-07 |     -- |  9.91e-02 |  1.24e-01 |     -- |  6.33e-01 |  9.63e-01
23434434 |  4.76e-07 |     -- |  9.84e-02 |  1.23e-01 |     -- |  6.36e-01 |  9.68e-01
23443446 |  4.72e-07 |     -- |  9.77e-02 |  1.23e-01 |     -- |  6.33e-01 |  9.64e-01
23452450 |  4.73e-07 |     -- |  9.95e-02 |  1.24e-01 |     -- |  6.34e-01 |  9.64e-01
23461461 |  4.76e-07 |     -- |  9.73e-02 |  1.22e-01 |     -- |  6.36e-01 |  9.68e-01
23470462 |  4.75e-07 |     -- |  9.69e-02 |  1.22e-01 |     -- |  6.36e-01 |  9.67e-01
23479462 |  4.72e-07 |     -- |  9.72e-02 |  1.22e-01 |     -- |  6.34e-01 |  9.64e-01
23488473 |  4.74e-07 |     -- |  9.92e-02 |  1.24e-01 |     -- |  6.35e-01 |  9.66e-01
23497485 |  4.78e-07 |     -- |  9.95e-02 |  1.24e-01 |     -- |  6.37e-01 |  9.69e-01
23506487 |  4.68e-07 |     -- |  9.60e-02 |  1.20e-01 |     -- |  6.32e-01 |  9.60e-01
23515499 |  4.76e-07 |     -- |  9.71e-02 |  1.22e-01 |     -- |  6.36e-01 |  9.68e-01
23524501 |  4.73e-07 |     -- |  9.79e-02 |  1.22e-01 |     -- |  6.34e-01 |  9.65e-01
23533512 |  4.73e-07 |     -- |  9.86e-02 |  1.24e-01 |     -- |  6.35e-01 |  9.64e-01
23542512 |  4.76e-07 |     -- |  9.89e-02 |  1.24e-01 |     -- |  6.36e-01 |  9.68e-01
23551513 |  4.71e-07 |     -- |  9.68e-02 |  1.21e-01 |     -- |  6.34e-01 |  9.63e-01
23560514 |  4.73e-07 |     -- |  9.79e-02 |  1.23e-01 |     -- |  6.34e-01 |  9.65e-01
23569526 |  4.71e-07 |     -- |  9.85e-02 |  1.23e-01 |     -- |  6.33e-01 |  9.63e-01
23578526 |  4.75e-07 |     -- |  9.89e-02 |  1.24e-01 |     -- |  6.35e-01 |  9.67e-01
23587529 |  4.75e-07 |     -- |  9.80e-02 |  1.23e-01 |     -- |  6.36e-01 |  9.67e-01
23596529 |  4.73e-07 |     -- |  9.76e-02 |  1.22e-01 |     -- |  6.35e-01 |  9.65e-01
23605529 |  4.71e-07 |     -- |  9.89e-02 |  1.24e-01 |     -- |  6.33e-01 |  9.62e-01
23614529 |  4.70e-07 |     -- |  9.83e-02 |  1.23e-01 |     -- |  6.33e-01 |  9.61e-01
23623540 |  4.77e-07 |     -- |  9.70e-02 |  1.22e-01 |     -- |  6.36e-01 |  9.69e-01
23632552 |  4.73e-07 |     -- |  9.76e-02 |  1.23e-01 |     -- |  6.35e-01 |  9.65e-01
23641563 |  4.75e-07 |     -- |  9.67e-02 |  1.21e-01 |     -- |  6.36e-01 |  9.67e-01
23650575 |  4.72e-07 |     -- |  9.92e-02 |  1.24e-01 |     -- |  6.34e-01 |  9.64e-01
23659578 |  4.73e-07 |     -- |  9.60e-02 |  1.20e-01 |     -- |  6.35e-01 |  9.65e-01
23668578 |  4.72e-07 |     -- |  9.66e-02 |  1.21e-01 |     -- |  6.34e-01 |  9.64e-01
23677579 |  4.74e-07 |     -- |  9.80e-02 |  1.23e-01 |     -- |  6.36e-01 |  9.66e-01
23686589 |  4.74e-07 |     -- |  9.89e-02 |  1.24e-01 |     -- |  6.34e-01 |  9.65e-01
23695600 |  4.72e-07 |     -- |  9.72e-02 |  1.22e-01 |     -- |  6.34e-01 |  9.64e-01
23704601 |  4.76e-07 |     -- |  9.68e-02 |  1.21e-01 |     -- |  6.36e-01 |  9.68e-01
23713601 |  4.73e-07 |     -- |  9.52e-02 |  1.20e-01 |     -- |  6.34e-01 |  9.65e-01
23722613 |  4.73e-07 |     -- |  9.88e-02 |  1.24e-01 |     -- |  6.34e-01 |  9.65e-01
23731614 |  4.72e-07 |     -- |  9.56e-02 |  1.20e-01 |     -- |  6.34e-01 |  9.64e-01
23740626 |  4.72e-07 |     -- |  9.79e-02 |  1.23e-01 |     -- |  6.34e-01 |  9.64e-01
23749626 |  4.74e-07 |     -- |  9.86e-02 |  1.24e-01 |     -- |  6.34e-01 |  9.65e-01
23758630 |  4.72e-07 |     -- |  9.79e-02 |  1.23e-01 |     -- |  6.34e-01 |  9.64e-01
23767642 |  4.74e-07 |     -- |  9.89e-02 |  1.24e-01 |     -- |  6.34e-01 |  9.66e-01
23776654 |  4.71e-07 |     -- |  9.77e-02 |  1.23e-01 |     -- |  6.33e-01 |  9.63e-01
23785663 |  4.72e-07 |     -- |  9.67e-02 |  1.22e-01 |     -- |  6.33e-01 |  9.64e-01
23794666 |  4.72e-07 |     -- |  9.66e-02 |  1.21e-01 |     -- |  6.34e-01 |  9.64e-01
23803668 |  4.75e-07 |     -- |  9.61e-02 |  1.21e-01 |     -- |  6.35e-01 |  9.67e-01
23812669 |  4.74e-07 |     -- |  9.89e-02 |  1.24e-01 |     -- |  6.35e-01 |  9.65e-01
23821681 |  4.72e-07 |     -- |  9.73e-02 |  1.22e-01 |     -- |  6.34e-01 |  9.64e-01
23830693 |  4.70e-07 |     -- |  9.78e-02 |  1.23e-01 |     -- |  6.33e-01 |  9.62e-01
23839705 |  4.73e-07 |     -- |  9.69e-02 |  1.21e-01 |     -- |  6.34e-01 |  9.65e-01
23848717 |  4.74e-07 |     -- |  9.70e-02 |  1.22e-01 |     -- |  6.35e-01 |  9.66e-01
23857729 |  4.73e-07 |     -- |  9.57e-02 |  1.20e-01 |     -- |  6.34e-01 |  9.66e-01
23866741 |  4.74e-07 |     -- |  9.74e-02 |  1.22e-01 |     -- |  6.35e-01 |  9.66e-01
23875744 |  4.69e-07 |     -- |  9.87e-02 |  1.24e-01 |     -- |  6.32e-01 |  9.61e-01
23884755 |  4.75e-07 |     -- |  1.00e-01 |  1.25e-01 |     -- |  6.35e-01 |  9.66e-01
23893757 |  4.75e-07 |     -- |  9.69e-02 |  1.21e-01 |     -- |  6.36e-01 |  9.67e-01
23902758 |  4.74e-07 |     -- |  9.80e-02 |  1.23e-01 |     -- |  6.34e-01 |  9.66e-01
23911760 |  4.71e-07 |     -- |  9.70e-02 |  1.21e-01 |     -- |  6.34e-01 |  9.63e-01
23920772 |  4.73e-07 |     -- |  9.75e-02 |  1.23e-01 |     -- |  6.34e-01 |  9.65e-01
23929774 |  4.69e-07 |     -- |  9.70e-02 |  1.22e-01 |     -- |  6.32e-01 |  9.61e-01
23938776 |  4.77e-07 |     -- |  9.71e-02 |  1.22e-01 |     -- |  6.36e-01 |  9.69e-01
23947776 |  4.71e-07 |     -- |  9.82e-02 |  1.23e-01 |     -- |  6.34e-01 |  9.63e-01
23956787 |  4.73e-07 |     -- |  9.59e-02 |  1.21e-01 |     -- |  6.34e-01 |  9.65e-01
23965788 |  4.71e-07 |     -- |  9.83e-02 |  1.23e-01 |     -- |  6.33e-01 |  9.63e-01
23974798 |  4.71e-07 |     -- |  9.79e-02 |  1.23e-01 |     -- |  6.33e-01 |  9.63e-01
23983810 |  4.72e-07 |     -- |  9.86e-02 |  1.23e-01 |     -- |  6.33e-01 |  9.64e-01
23992822 |  4.73e-07 |     -- |  9.64e-02 |  1.21e-01 |     -- |  6.35e-01 |  9.65e-01
24001822 |  4.71e-07 |     -- |  9.89e-02 |  1.23e-01 |     -- |  6.33e-01 |  9.63e-01
24010833 |  4.75e-07 |     -- |  9.74e-02 |  1.23e-01 |     -- |  6.35e-01 |  9.67e-01
24019844 |  4.74e-07 |     -- |  9.79e-02 |  1.23e-01 |     -- |  6.35e-01 |  9.66e-01
24028855 |  4.73e-07 |     -- |  9.79e-02 |  1.23e-01 |     -- |  6.34e-01 |  9.65e-01
24037866 |  4.75e-07 |     -- |  9.76e-02 |  1.22e-01 |     -- |  6.35e-01 |  9.67e-01
24046868 |  4.69e-07 |     -- |  9.73e-02 |  1.22e-01 |     -- |  6.32e-01 |  9.61e-01
24055880 |  4.75e-07 |     -- |  9.65e-02 |  1.21e-01 |     -- |  6.35e-01 |  9.67e-01
24064892 |  4.70e-07 |     -- |  9.84e-02 |  1.23e-01 |     -- |  6.33e-01 |  9.62e-01
24073902 |  4.74e-07 |     -- |  9.77e-02 |  1.22e-01 |     -- |  6.34e-01 |  9.66e-01
24082914 |  4.75e-07 |     -- |  9.98e-02 |  1.25e-01 |     -- |  6.35e-01 |  9.66e-01
24091926 |  4.71e-07 |     -- |  9.60e-02 |  1.21e-01 |     -- |  6.33e-01 |  9.63e-01
24100929 |  4.73e-07 |     -- |  9.78e-02 |  1.23e-01 |     -- |  6.34e-01 |  9.65e-01
24109939 |  4.71e-07 |     -- |  9.66e-02 |  1.21e-01 |     -- |  6.34e-01 |  9.64e-01
24118940 |  4.73e-07 |     -- |  9.66e-02 |  1.21e-01 |     -- |  6.34e-01 |  9.65e-01
24127952 |  4.72e-07 |     -- |  9.73e-02 |  1.22e-01 |     -- |  6.33e-01 |  9.64e-01
24136962 |  4.70e-07 |     -- |  9.81e-02 |  1.23e-01 |     -- |  6.33e-01 |  9.62e-01
24145972 |  4.74e-07 |     -- |  9.77e-02 |  1.23e-01 |     -- |  6.35e-01 |  9.66e-01
24154983 |  4.71e-07 |     -- |  9.73e-02 |  1.22e-01 |     -- |  6.33e-01 |  9.63e-01
24163987 |  4.71e-07 |     -- |  9.72e-02 |  1.22e-01 |     -- |  6.33e-01 |  9.62e-01
24172988 |  4.75e-07 |     -- |  9.80e-02 |  1.22e-01 |     -- |  6.34e-01 |  9.67e-01
24181999 |  4.69e-07 |     -- |  9.67e-02 |  1.22e-01 |     -- |  6.32e-01 |  9.61e-01
24191011 |  4.73e-07 |     -- |  9.69e-02 |  1.21e-01 |     -- |  6.35e-01 |  9.65e-01
24200016 |  4.71e-07 |     -- |  9.61e-02 |  1.20e-01 |     -- |  6.33e-01 |  9.63e-01
24209019 |  4.72e-07 |     -- |  9.74e-02 |  1.22e-01 |     -- |  6.34e-01 |  9.64e-01
24218021 |  4.72e-07 |     -- |  9.67e-02 |  1.21e-01 |     -- |  6.34e-01 |  9.65e-01
24227032 |  4.72e-07 |     -- |  9.71e-02 |  1.22e-01 |     -- |  6.34e-01 |  9.63e-01
24236043 |  4.73e-07 |     -- |  9.75e-02 |  1.22e-01 |     -- |  6.34e-01 |  9.65e-01
24245044 |  4.70e-07 |     -- |  9.67e-02 |  1.21e-01 |     -- |  6.32e-01 |  9.62e-01
24254055 |  4.74e-07 |     -- |  9.60e-02 |  1.21e-01 |     -- |  6.35e-01 |  9.66e-01
24263066 |  4.72e-07 |     -- |  9.88e-02 |  1.23e-01 |     -- |  6.33e-01 |  9.64e-01
24272066 |  4.71e-07 |     -- |  9.66e-02 |  1.22e-01 |     -- |  6.33e-01 |  9.63e-01
24281076 |  4.72e-07 |     -- |  9.69e-02 |  1.21e-01 |     -- |  6.34e-01 |  9.64e-01
24290086 |  4.71e-07 |     -- |  9.56e-02 |  1.20e-01 |     -- |  6.33e-01 |  9.63e-01
24299086 |  4.73e-07 |     -- |  9.74e-02 |  1.23e-01 |     -- |  6.34e-01 |  9.65e-01
24308086 |  4.71e-07 |     -- |  9.63e-02 |  1.21e-01 |     -- |  6.33e-01 |  9.63e-01
24317097 |  4.72e-07 |     -- |  9.62e-02 |  1.21e-01 |     -- |  6.34e-01 |  9.64e-01
24326097 |  4.71e-07 |     -- |  9.69e-02 |  1.21e-01 |     -- |  6.32e-01 |  9.63e-01
24335097 |  4.71e-07 |     -- |  9.75e-02 |  1.22e-01 |     -- |  6.33e-01 |  9.63e-01
24344109 |  4.73e-07 |     -- |  9.68e-02 |  1.22e-01 |     -- |  6.34e-01 |  9.65e-01
24353109 |  4.73e-07 |     -- |  9.71e-02 |  1.22e-01 |     -- |  6.34e-01 |  9.65e-01
24362110 |  4.71e-07 |     -- |  9.61e-02 |  1.21e-01 |     -- |  6.33e-01 |  9.63e-01
24371110 |  4.73e-07 |     -- |  9.66e-02 |  1.21e-01 |     -- |  6.34e-01 |  9.65e-01
24380119 |  4.73e-07 |     -- |  9.76e-02 |  1.23e-01 |     -- |  6.34e-01 |  9.64e-01
24389129 |  4.71e-07 |     -- |  9.74e-02 |  1.22e-01 |     -- |  6.33e-01 |  9.63e-01
24398141 |  4.71e-07 |     -- |  9.53e-02 |  1.20e-01 |     -- |  6.32e-01 |  9.63e-01
24407142 |  4.73e-07 |     -- |  9.67e-02 |  1.21e-01 |     -- |  6.34e-01 |  9.65e-01
24416153 |  4.73e-07 |     -- |  9.76e-02 |  1.23e-01 |     -- |  6.34e-01 |  9.65e-01
24425165 |  4.71e-07 |     -- |  9.73e-02 |  1.22e-01 |     -- |  6.33e-01 |  9.63e-01
24434165 |  4.70e-07 |     -- |  9.69e-02 |  1.21e-01 |     -- |  6.32e-01 |  9.62e-01
24443165 |  4.71e-07 |     -- |  9.65e-02 |  1.21e-01 |     -- |  6.33e-01 |  9.63e-01
24452176 |  4.72e-07 |     -- |  9.59e-02 |  1.20e-01 |     -- |  6.33e-01 |  9.64e-01
24461187 |  4.71e-07 |     -- |  9.80e-02 |  1.23e-01 |     -- |  6.33e-01 |  9.63e-01
24470187 |  4.72e-07 |     -- |  9.75e-02 |  1.22e-01 |     -- |  6.33e-01 |  9.64e-01
24479188 |  4.70e-07 |     -- |  9.73e-02 |  1.22e-01 |     -- |  6.32e-01 |  9.62e-01
24488200 |  4.73e-07 |     -- |  9.73e-02 |  1.22e-01 |     -- |  6.34e-01 |  9.65e-01
24497201 |  4.70e-07 |     -- |  9.63e-02 |  1.21e-01 |     -- |  6.32e-01 |  9.61e-01
24506203 |  4.72e-07 |     -- |  9.62e-02 |  1.21e-01 |     -- |  6.34e-01 |  9.64e-01
24515215 |  4.72e-07 |     -- |  9.62e-02 |  1.21e-01 |     -- |  6.34e-01 |  9.64e-01
24524226 |  4.74e-07 |     -- |  9.84e-02 |  1.23e-01 |     -- |  6.34e-01 |  9.65e-01
24533238 |  4.70e-07 |     -- |  9.74e-02 |  1.22e-01 |     -- |  6.33e-01 |  9.62e-01
24542250 |  4.73e-07 |     -- |  9.79e-02 |  1.22e-01 |     -- |  6.34e-01 |  9.65e-01
24551250 |  4.71e-07 |     -- |  9.79e-02 |  1.23e-01 |     -- |  6.33e-01 |  9.63e-01
24560252 |  4.70e-07 |     -- |  9.70e-02 |  1.21e-01 |     -- |  6.32e-01 |  9.61e-01
24569264 |  4.73e-07 |     -- |  9.90e-02 |  1.24e-01 |     -- |  6.34e-01 |  9.65e-01
24578265 |  4.71e-07 |     -- |  9.57e-02 |  1.20e-01 |     -- |  6.33e-01 |  9.63e-01
24587267 |  4.70e-07 |     -- |  9.62e-02 |  1.21e-01 |     -- |  6.32e-01 |  9.62e-01
24596277 |  4.71e-07 |     -- |  9.62e-02 |  1.21e-01 |     -- |  6.33e-01 |  9.63e-01
24605279 |  4.70e-07 |     -- |  9.66e-02 |  1.21e-01 |     -- |  6.32e-01 |  9.62e-01
24614289 |  4.74e-07 |     -- |  9.75e-02 |  1.22e-01 |     -- |  6.35e-01 |  9.66e-01
24623301 |  4.70e-07 |     -- |  9.67e-02 |  1.21e-01 |     -- |  6.33e-01 |  9.62e-01
24632312 |  4.70e-07 |     -- |  9.56e-02 |  1.20e-01 |     -- |  6.32e-01 |  9.62e-01
24641323 |  4.71e-07 |     -- |  9.77e-02 |  1.22e-01 |     -- |  6.33e-01 |  9.63e-01
24650336 |  4.75e-07 |     -- |  9.71e-02 |  1.22e-01 |     -- |  6.35e-01 |  9.67e-01
24659336 |  4.71e-07 |     -- |  9.72e-02 |  1.22e-01 |     -- |  6.33e-01 |  9.63e-01
24668338 |  4.68e-07 |     -- |  9.62e-02 |  1.21e-01 |     -- |  6.31e-01 |  9.60e-01
24677350 |  4.72e-07 |     -- |  9.63e-02 |  1.21e-01 |     -- |  6.33e-01 |  9.64e-01
24686362 |  4.73e-07 |     -- |  9.66e-02 |  1.21e-01 |     -- |  6.34e-01 |  9.65e-01
24695373 |  4.71e-07 |     -- |  9.57e-02 |  1.20e-01 |     -- |  6.33e-01 |  9.63e-01
24704385 |  4.70e-07 |     -- |  9.68e-02 |  1.21e-01 |     -- |  6.32e-01 |  9.62e-01
24713389 |  4.74e-07 |     -- |  9.62e-02 |  1.21e-01 |     -- |  6.35e-01 |  9.66e-01
24722399 |  4.70e-07 |     -- |  9.55e-02 |  1.20e-01 |     -- |  6.32e-01 |  9.62e-01
24731411 |  4.72e-07 |     -- |  9.56e-02 |  1.20e-01 |     -- |  6.34e-01 |  9.64e-01
24740411 |  4.72e-07 |     -- |  9.81e-02 |  1.23e-01 |     -- |  6.34e-01 |  9.64e-01
24749411 |  4.72e-07 |     -- |  9.60e-02 |  1.21e-01 |     -- |  6.34e-01 |  9.65e-01
24758412 |  4.71e-07 |     -- |  9.71e-02 |  1.22e-01 |     -- |  6.33e-01 |  9.63e-01
24767424 |  4.67e-07 |     -- |  9.52e-02 |  1.20e-01 |     -- |  6.31e-01 |  9.59e-01
24776435 |  4.73e-07 |     -- |  9.69e-02 |  1.21e-01 |     -- |  6.34e-01 |  9.65e-01
24785446 |  4.72e-07 |     -- |  9.59e-02 |  1.20e-01 |     -- |  6.33e-01 |  9.64e-01
24794457 |  4.72e-07 |     -- |  9.66e-02 |  1.21e-01 |     -- |  6.34e-01 |  9.64e-01
24803461 |  4.70e-07 |     -- |  9.58e-02 |  1.21e-01 |     -- |  6.33e-01 |  9.62e-01
24812461 |  4.72e-07 |     -- |  9.64e-02 |  1.21e-01 |     -- |  6.33e-01 |  9.64e-01
24821473 |  4.70e-07 |     -- |  9.68e-02 |  1.22e-01 |     -- |  6.33e-01 |  9.62e-01
24830473 |  4.72e-07 |     -- |  9.69e-02 |  1.21e-01 |     -- |  6.33e-01 |  9.64e-01
24839485 |  4.70e-07 |     -- |  9.61e-02 |  1.20e-01 |     -- |  6.33e-01 |  9.62e-01
24848496 |  4.71e-07 |     -- |  9.55e-02 |  1.20e-01 |     -- |  6.33e-01 |  9.63e-01
24857496 |  4.70e-07 |     -- |  9.70e-02 |  1.22e-01 |     -- |  6.32e-01 |  9.61e-01
24866508 |  4.73e-07 |     -- |  9.67e-02 |  1.21e-01 |     -- |  6.34e-01 |  9.65e-01
24875509 |  4.72e-07 |     -- |  9.58e-02 |  1.20e-01 |     -- |  6.33e-01 |  9.64e-01
24884509 |  4.70e-07 |     -- |  9.79e-02 |  1.23e-01 |     -- |  6.32e-01 |  9.61e-01
24893510 |  4.72e-07 |     -- |  9.61e-02 |  1.20e-01 |     -- |  6.33e-01 |  9.64e-01
24902522 |  4.71e-07 |     -- |  9.76e-02 |  1.23e-01 |     -- |  6.33e-01 |  9.62e-01
24911523 |  4.72e-07 |     -- |  9.63e-02 |  1.21e-01 |     -- |  6.33e-01 |  9.64e-01
24920525 |  4.70e-07 |     -- |  9.68e-02 |  1.21e-01 |     -- |  6.32e-01 |  9.61e-01
24929537 |  4.71e-07 |     -- |  9.67e-02 |  1.21e-01 |     -- |  6.33e-01 |  9.63e-01
24938537 |  4.70e-07 |     -- |  9.69e-02 |  1.22e-01 |     -- |  6.32e-01 |  9.62e-01
24947549 |  4.71e-07 |     -- |  9.57e-02 |  1.20e-01 |     -- |  6.32e-01 |  9.63e-01
24956559 |  4.72e-07 |     -- |  9.47e-02 |  1.19e-01 |     -- |  6.34e-01 |  9.65e-01
24965570 |  4.70e-07 |     -- |  9.65e-02 |  1.21e-01 |     -- |  6.32e-01 |  9.62e-01
24974571 |  4.70e-07 |     -- |  9.55e-02 |  1.20e-01 |     -- |  6.32e-01 |  9.63e-01
24983573 |  4.71e-07 |     -- |  9.67e-02 |  1.21e-01 |     -- |  6.33e-01 |  9.63e-01
24992575 |  4.72e-07 |     -- |  9.73e-02 |  1.22e-01 |     -- |  6.33e-01 |  9.64e-01
25001577 |  4.71e-07 |     -- |  9.62e-02 |  1.20e-01 |     -- |  6.32e-01 |  9.63e-01
25010589 |  4.70e-07 |     -- |  9.71e-02 |  1.22e-01 |     -- |  6.33e-01 |  9.62e-01
25019600 |  4.71e-07 |     -- |  9.70e-02 |  1.22e-01 |     -- |  6.32e-01 |  9.63e-01
25028610 |  4.70e-07 |     -- |  9.59e-02 |  1.21e-01 |     -- |  6.32e-01 |  9.62e-01
25037610 |  4.72e-07 |     -- |  9.45e-02 |  1.19e-01 |     -- |  6.34e-01 |  9.65e-01
25046622 |  4.70e-07 |     -- |  9.65e-02 |  1.21e-01 |     -- |  6.32e-01 |  9.62e-01
25055623 |  4.71e-07 |     -- |  9.78e-02 |  1.22e-01 |     -- |  6.33e-01 |  9.63e-01
25064635 |  4.71e-07 |     -- |  9.55e-02 |  1.20e-01 |     -- |  6.33e-01 |  9.63e-01
25073635 |  4.70e-07 |     -- |  9.59e-02 |  1.20e-01 |     -- |  6.32e-01 |  9.62e-01
25082635 |  4.72e-07 |     -- |  9.55e-02 |  1.20e-01 |     -- |  6.33e-01 |  9.64e-01
25091636 |  4.70e-07 |     -- |  9.65e-02 |  1.21e-01 |     -- |  6.33e-01 |  9.62e-01
25100648 |  4.71e-07 |     -- |  9.61e-02 |  1.20e-01 |     -- |  6.33e-01 |  9.63e-01
25109650 |  4.70e-07 |     -- |  9.58e-02 |  1.20e-01 |     -- |  6.32e-01 |  9.63e-01
25118660 |  4.71e-07 |     -- |  9.59e-02 |  1.20e-01 |     -- |  6.33e-01 |  9.63e-01
25127672 |  4.70e-07 |     -- |  9.72e-02 |  1.21e-01 |     -- |  6.32e-01 |  9.61e-01
25136675 |  4.70e-07 |     -- |  9.57e-02 |  1.20e-01 |     -- |  6.33e-01 |  9.62e-01
25145675 |  4.70e-07 |     -- |  9.59e-02 |  1.20e-01 |     -- |  6.33e-01 |  9.63e-01
25154675 |  4.72e-07 |     -- |  9.70e-02 |  1.21e-01 |     -- |  6.33e-01 |  9.64e-01
25163676 |  4.69e-07 |     -- |  9.62e-02 |  1.21e-01 |     -- |  6.32e-01 |  9.61e-01
25172678 |  4.71e-07 |     -- |  9.75e-02 |  1.22e-01 |     -- |  6.32e-01 |  9.63e-01
25181689 |  4.71e-07 |     -- |  9.59e-02 |  1.20e-01 |     -- |  6.32e-01 |  9.63e-01
25190700 |  4.70e-07 |     -- |  9.59e-02 |  1.20e-01 |     -- |  6.32e-01 |  9.62e-01
25199701 |  4.70e-07 |     -- |  9.68e-02 |  1.21e-01 |     -- |  6.32e-01 |  9.62e-01
25208701 |  4.71e-07 |     -- |  9.51e-02 |  1.19e-01 |     -- |  6.33e-01 |  9.63e-01
25217701 |  4.71e-07 |     -- |  9.50e-02 |  1.19e-01 |     -- |  6.33e-01 |  9.63e-01
25226701 |  4.71e-07 |     -- |  9.68e-02 |  1.22e-01 |     -- |  6.33e-01 |  9.63e-01
25235711 |  4.71e-07 |     -- |  9.65e-02 |  1.21e-01 |     -- |  6.32e-01 |  9.63e-01
25244722 |  4.70e-07 |     -- |  9.55e-02 |  1.20e-01 |     -- |  6.32e-01 |  9.62e-01
25253723 |  4.70e-07 |     -- |  9.65e-02 |  1.21e-01 |     -- |  6.32e-01 |  9.62e-01
25262725 |  4.71e-07 |     -- |  9.48e-02 |  1.19e-01 |     -- |  6.32e-01 |  9.63e-01
25271737 |  4.69e-07 |     -- |  9.65e-02 |  1.21e-01 |     -- |  6.32e-01 |  9.61e-01
25280737 |  4.71e-07 |     -- |  9.60e-02 |  1.21e-01 |     -- |  6.32e-01 |  9.63e-01
25289742 |  4.70e-07 |     -- |  9.58e-02 |  1.20e-01 |     -- |  6.32e-01 |  9.62e-01
25298753 |  4.71e-07 |     -- |  9.64e-02 |  1.21e-01 |     -- |  6.32e-01 |  9.63e-01
25307753 |  4.69e-07 |     -- |  9.58e-02 |  1.20e-01 |     -- |  6.31e-01 |  9.61e-01
25316764 |  4.71e-07 |     -- |  9.62e-02 |  1.21e-01 |     -- |  6.32e-01 |  9.63e-01
25325775 |  4.70e-07 |     -- |  9.63e-02 |  1.21e-01 |     -- |  6.32e-01 |  9.62e-01
25334785 |  4.71e-07 |     -- |  9.63e-02 |  1.21e-01 |     -- |  6.33e-01 |  9.63e-01
25343797 |  4.70e-07 |     -- |  9.71e-02 |  1.22e-01 |     -- |  6.32e-01 |  9.62e-01
25352797 |  4.69e-07 |     -- |  9.63e-02 |  1.20e-01 |     -- |  6.32e-01 |  9.61e-01
25361807 |  4.69e-07 |     -- |  9.57e-02 |  1.20e-01 |     -- |  6.31e-01 |  9.61e-01
25370807 |  4.72e-07 |     -- |  9.52e-02 |  1.19e-01 |     -- |  6.33e-01 |  9.65e-01
25379807 |  4.69e-07 |     -- |  9.61e-02 |  1.21e-01 |     -- |  6.31e-01 |  9.61e-01
25388818 |  4.72e-07 |     -- |  9.67e-02 |  1.21e-01 |     -- |  6.33e-01 |  9.64e-01
25397830 |  4.69e-07 |     -- |  9.67e-02 |  1.21e-01 |     -- |  6.32e-01 |  9.61e-01
25406842 |  4.71e-07 |     -- |  9.58e-02 |  1.20e-01 |     -- |  6.33e-01 |  9.63e-01
25415853 |  4.71e-07 |     -- |  9.76e-02 |  1.22e-01 |     -- |  6.33e-01 |  9.63e-01
25424865 |  4.71e-07 |     -- |  9.48e-02 |  1.19e-01 |     -- |  6.33e-01 |  9.64e-01
25433865 |  4.69e-07 |     -- |  9.60e-02 |  1.21e-01 |     -- |  6.31e-01 |  9.61e-01
25442876 |  4.70e-07 |     -- |  9.51e-02 |  1.19e-01 |     -- |  6.32e-01 |  9.62e-01
25451876 |  4.70e-07 |     -- |  9.50e-02 |  1.19e-01 |     -- |  6.32e-01 |  9.62e-01
25460877 |  4.69e-07 |     -- |  9.54e-02 |  1.20e-01 |     -- |  6.32e-01 |  9.62e-01
25469877 |  4.70e-07 |     -- |  9.48e-02 |  1.19e-01 |     -- |  6.32e-01 |  9.62e-01
25478889 |  4.70e-07 |     -- |  9.73e-02 |  1.22e-01 |     -- |  6.32e-01 |  9.62e-01
25487889 |  4.71e-07 |     -- |  9.60e-02 |  1.20e-01 |     -- |  6.32e-01 |  9.63e-01
25496899 |  4.70e-07 |     -- |  9.62e-02 |  1.21e-01 |     -- |  6.32e-01 |  9.62e-01
25505911 |  4.70e-07 |     -- |  9.51e-02 |  1.19e-01 |     -- |  6.32e-01 |  9.62e-01
25514923 |  4.70e-07 |     -- |  9.59e-02 |  1.21e-01 |     -- |  6.32e-01 |  9.62e-01
25523934 |  4.72e-07 |     -- |  9.44e-02 |  1.18e-01 |     -- |  6.34e-01 |  9.64e-01
25532944 |  4.70e-07 |     -- |  9.61e-02 |  1.20e-01 |     -- |  6.31e-01 |  9.62e-01
25541956 |  4.71e-07 |     -- |  9.58e-02 |  1.20e-01 |     -- |  6.33e-01 |  9.63e-01
25550958 |  4.70e-07 |     -- |  9.72e-02 |  1.22e-01 |     -- |  6.32e-01 |  9.62e-01
25559970 |  4.70e-07 |     -- |  9.64e-02 |  1.20e-01 |     -- |  6.32e-01 |  9.62e-01
25568982 |  4.72e-07 |     -- |  9.49e-02 |  1.20e-01 |     -- |  6.33e-01 |  9.64e-01
25577994 |  4.70e-07 |     -- |  9.62e-02 |  1.20e-01 |     -- |  6.32e-01 |  9.62e-01
25586994 |  4.71e-07 |     -- |  9.65e-02 |  1.21e-01 |     -- |  6.32e-01 |  9.63e-01
25595994 |  4.69e-07 |     -- |  9.58e-02 |  1.20e-01 |     -- |  6.32e-01 |  9.61e-01
25604995 |  4.72e-07 |     -- |  9.57e-02 |  1.20e-01 |     -- |  6.32e-01 |  9.64e-01
25613997 |  4.69e-07 |     -- |  9.62e-02 |  1.21e-01 |     -- |  6.31e-01 |  9.61e-01
25622998 |  4.70e-07 |     -- |  9.57e-02 |  1.20e-01 |     -- |  6.32e-01 |  9.62e-01
25632007 |  4.70e-07 |     -- |  9.49e-02 |  1.20e-01 |     -- |  6.32e-01 |  9.62e-01
25641017 |  4.70e-07 |     -- |  9.65e-02 |  1.21e-01 |     -- |  6.32e-01 |  9.62e-01
25650018 |  4.70e-07 |     -- |  9.58e-02 |  1.20e-01 |     -- |  6.32e-01 |  9.62e-01
25659020 |  4.70e-07 |     -- |  9.77e-02 |  1.22e-01 |     -- |  6.32e-01 |  9.62e-01
25668032 |  4.71e-07 |     -- |  9.61e-02 |  1.21e-01 |     -- |  6.32e-01 |  9.63e-01
25677042 |  4.70e-07 |     -- |  9.56e-02 |  1.20e-01 |     -- |  6.32e-01 |  9.62e-01
25686042 |  4.70e-07 |     -- |  9.63e-02 |  1.21e-01 |     -- |  6.32e-01 |  9.62e-01
25695042 |  4.69e-07 |     -- |  9.58e-02 |  1.20e-01 |     -- |  6.32e-01 |  9.61e-01
25704044 |  4.70e-07 |     -- |  9.53e-02 |  1.19e-01 |     -- |  6.32e-01 |  9.62e-01
25713045 |  4.69e-07 |     -- |  9.47e-02 |  1.19e-01 |     -- |  6.31e-01 |  9.61e-01
25722045 |  4.70e-07 |     -- |  9.64e-02 |  1.21e-01 |     -- |  6.32e-01 |  9.62e-01
25731048 |  4.70e-07 |     -- |  9.65e-02 |  1.21e-01 |     -- |  6.32e-01 |  9.62e-01
25740057 |  4.69e-07 |     -- |  9.56e-02 |  1.20e-01 |     -- |  6.31e-01 |  9.61e-01
25749058 |  4.70e-07 |     -- |  9.52e-02 |  1.20e-01 |     -- |  6.32e-01 |  9.62e-01
25758069 |  4.69e-07 |     -- |  9.48e-02 |  1.19e-01 |     -- |  6.32e-01 |  9.61e-01
25767071 |  4.71e-07 |     -- |  9.60e-02 |  1.20e-01 |     -- |  6.32e-01 |  9.63e-01
25776083 |  4.70e-07 |     -- |  9.66e-02 |  1.21e-01 |     -- |  6.32e-01 |  9.62e-01
25785095 |  4.69e-07 |     -- |  9.60e-02 |  1.20e-01 |     -- |  6.32e-01 |  9.61e-01
25794105 |  4.70e-07 |     -- |  9.41e-02 |  1.18e-01 |     -- |  6.32e-01 |  9.62e-01
25803105 |  4.70e-07 |     -- |  9.60e-02 |  1.20e-01 |     -- |  6.32e-01 |  9.62e-01
25812105 |  4.70e-07 |     -- |  9.53e-02 |  1.20e-01 |     -- |  6.32e-01 |  9.63e-01
25821105 |  4.69e-07 |     -- |  9.51e-02 |  1.19e-01 |     -- |  6.31e-01 |  9.61e-01
25830106 |  4.68e-07 |     -- |  9.56e-02 |  1.20e-01 |     -- |  6.31e-01 |  9.60e-01
25839109 |  4.70e-07 |     -- |  9.58e-02 |  1.20e-01 |     -- |  6.32e-01 |  9.62e-01
25848109 |  4.70e-07 |     -- |  9.39e-02 |  1.18e-01 |     -- |  6.32e-01 |  9.62e-01
25857109 |  4.69e-07 |     -- |  9.59e-02 |  1.20e-01 |     -- |  6.31e-01 |  9.61e-01
25866110 |  4.69e-07 |     -- |  9.62e-02 |  1.20e-01 |     -- |  6.32e-01 |  9.61e-01
25875121 |  4.69e-07 |     -- |  9.56e-02 |  1.20e-01 |     -- |  6.31e-01 |  9.61e-01
25884122 |  4.70e-07 |     -- |  9.60e-02 |  1.20e-01 |     -- |  6.32e-01 |  9.62e-01
25893124 |  4.69e-07 |     -- |  9.56e-02 |  1.20e-01 |     -- |  6.31e-01 |  9.61e-01
25902134 |  4.68e-07 |     -- |  9.56e-02 |  1.20e-01 |     -- |  6.31e-01 |  9.60e-01
25911134 |  4.69e-07 |     -- |  9.47e-02 |  1.19e-01 |     -- |  6.31e-01 |  9.61e-01
25920136 |  4.71e-07 |     -- |  9.72e-02 |  1.22e-01 |     -- |  6.32e-01 |  9.62e-01
25929147 |  4.68e-07 |     -- |  9.49e-02 |  1.19e-01 |     -- |  6.31e-01 |  9.61e-01
25938157 |  4.72e-07 |     -- |  9.60e-02 |  1.21e-01 |     -- |  6.33e-01 |  9.64e-01
25947158 |  4.68e-07 |     -- |  9.51e-02 |  1.19e-01 |     -- |  6.31e-01 |  9.60e-01
25956169 |  4.68e-07 |     -- |  9.55e-02 |  1.20e-01 |     -- |  6.31e-01 |  9.60e-01
25965180 |  4.69e-07 |     -- |  9.59e-02 |  1.21e-01 |     -- |  6.31e-01 |  9.61e-01
25974181 |  4.70e-07 |     -- |  9.58e-02 |  1.20e-01 |     -- |  6.32e-01 |  9.62e-01
25983181 |  4.69e-07 |     -- |  9.68e-02 |  1.21e-01 |     -- |  6.31e-01 |  9.61e-01
25992182 |  4.69e-07 |     -- |  9.44e-02 |  1.18e-01 |     -- |  6.31e-01 |  9.62e-01
26001193 |  4.69e-07 |     -- |  9.56e-02 |  1.20e-01 |     -- |  6.31e-01 |  9.61e-01
26010193 |  4.69e-07 |     -- |  9.66e-02 |  1.21e-01 |     -- |  6.31e-01 |  9.60e-01
26019205 |  4.70e-07 |     -- |  9.50e-02 |  1.19e-01 |     -- |  6.32e-01 |  9.62e-01
26028205 |  4.69e-07 |     -- |  9.56e-02 |  1.20e-01 |     -- |  6.31e-01 |  9.61e-01
26037209 |  4.70e-07 |     -- |  9.46e-02 |  1.19e-01 |     -- |  6.32e-01 |  9.62e-01
26046211 |  4.71e-07 |     -- |  9.58e-02 |  1.20e-01 |     -- |  6.32e-01 |  9.63e-01
26055211 |  4.68e-07 |     -- |  9.42e-02 |  1.18e-01 |     -- |  6.31e-01 |  9.60e-01
26064221 |  4.69e-07 |     -- |  9.47e-02 |  1.19e-01 |     -- |  6.31e-01 |  9.61e-01
26073225 |  4.68e-07 |     -- |  9.45e-02 |  1.19e-01 |     -- |  6.31e-01 |  9.61e-01
26082235 |  4.70e-07 |     -- |  9.61e-02 |  1.21e-01 |     -- |  6.32e-01 |  9.62e-01
26091246 |  4.69e-07 |     -- |  9.47e-02 |  1.19e-01 |     -- |  6.31e-01 |  9.61e-01
26100247 |  4.69e-07 |     -- |  9.61e-02 |  1.20e-01 |     -- |  6.31e-01 |  9.61e-01
26109248 |  4.70e-07 |     -- |  9.45e-02 |  1.19e-01 |     -- |  6.32e-01 |  9.63e-01
26118249 |  4.69e-07 |     -- |  9.68e-02 |  1.21e-01 |     -- |  6.31e-01 |  9.61e-01
26127260 |  4.69e-07 |     -- |  9.68e-02 |  1.22e-01 |     -- |  6.31e-01 |  9.61e-01
26136262 |  4.70e-07 |     -- |  9.64e-02 |  1.21e-01 |     -- |  6.31e-01 |  9.62e-01
26145274 |  4.69e-07 |     -- |  9.48e-02 |  1.19e-01 |     -- |  6.31e-01 |  9.61e-01
26154286 |  4.69e-07 |     -- |  9.49e-02 |  1.19e-01 |     -- |  6.32e-01 |  9.62e-01
26163297 |  4.69e-07 |     -- |  9.64e-02 |  1.20e-01 |     -- |  6.31e-01 |  9.61e-01
26172297 |  4.69e-07 |     -- |  9.66e-02 |  1.21e-01 |     -- |  6.31e-01 |  9.61e-01
26181308 |  4.70e-07 |     -- |  9.59e-02 |  1.20e-01 |     -- |  6.32e-01 |  9.62e-01
26190320 |  4.69e-07 |     -- |  9.40e-02 |  1.18e-01 |     -- |  6.31e-01 |  9.61e-01
26199321 |  4.69e-07 |     -- |  9.48e-02 |  1.19e-01 |     -- |  6.31e-01 |  9.61e-01
26208327 |  4.68e-07 |     -- |  9.51e-02 |  1.19e-01 |     -- |  6.31e-01 |  9.60e-01
26217339 |  4.70e-07 |     -- |  9.55e-02 |  1.20e-01 |     -- |  6.32e-01 |  9.62e-01
26226339 |  4.70e-07 |     -- |  9.50e-02 |  1.19e-01 |     -- |  6.31e-01 |  9.62e-01
26235351 |  4.69e-07 |     -- |  9.55e-02 |  1.19e-01 |     -- |  6.31e-01 |  9.61e-01
26244354 |  4.67e-07 |     -- |  9.57e-02 |  1.20e-01 |     -- |  6.30e-01 |  9.59e-01
26253354 |  4.70e-07 |     -- |  9.42e-02 |  1.18e-01 |     -- |  6.32e-01 |  9.62e-01
26262366 |  4.66e-07 |     -- |  9.53e-02 |  1.20e-01 |     -- |  6.30e-01 |  9.58e-01
26271366 |  4.70e-07 |     -- |  9.53e-02 |  1.19e-01 |     -- |  6.32e-01 |  9.62e-01
26280367 |  4.69e-07 |     -- |  9.51e-02 |  1.19e-01 |     -- |  6.31e-01 |  9.61e-01
26289367 |  4.69e-07 |     -- |  9.46e-02 |  1.18e-01 |     -- |  6.31e-01 |  9.61e-01
26298378 |  4.69e-07 |     -- |  9.46e-02 |  1.19e-01 |     -- |  6.31e-01 |  9.61e-01
26307390 |  4.68e-07 |     -- |  9.48e-02 |  1.19e-01 |     -- |  6.31e-01 |  9.61e-01
26316401 |  4.69e-07 |     -- |  9.47e-02 |  1.19e-01 |     -- |  6.31e-01 |  9.62e-01
26325412 |  4.70e-07 |     -- |  9.66e-02 |  1.21e-01 |     -- |  6.31e-01 |  9.61e-01
26334412 |  4.69e-07 |     -- |  9.48e-02 |  1.19e-01 |     -- |  6.32e-01 |  9.61e-01
26343413 |  4.69e-07 |     -- |  9.42e-02 |  1.18e-01 |     -- |  6.31e-01 |  9.61e-01
26352413 |  4.70e-07 |     -- |  9.63e-02 |  1.21e-01 |     -- |  6.32e-01 |  9.62e-01
26361425 |  4.69e-07 |     -- |  9.43e-02 |  1.19e-01 |     -- |  6.31e-01 |  9.61e-01
26370426 |  4.70e-07 |     -- |  9.62e-02 |  1.20e-01 |     -- |  6.32e-01 |  9.62e-01
26379431 |  4.68e-07 |     -- |  9.52e-02 |  1.19e-01 |     -- |  6.31e-01 |  9.60e-01
26388442 |  4.70e-07 |     -- |  9.56e-02 |  1.20e-01 |     -- |  6.31e-01 |  9.62e-01
26397443 |  4.66e-07 |     -- |  9.51e-02 |  1.19e-01 |     -- |  6.30e-01 |  9.58e-01
26406443 |  4.69e-07 |     -- |  9.54e-02 |  1.20e-01 |     -- |  6.31e-01 |  9.61e-01
26415455 |  4.71e-07 |     -- |  9.64e-02 |  1.21e-01 |     -- |  6.32e-01 |  9.63e-01
26424466 |  4.68e-07 |     -- |  9.57e-02 |  1.20e-01 |     -- |  6.31e-01 |  9.60e-01
26433466 |  4.71e-07 |     -- |  9.49e-02 |  1.19e-01 |     -- |  6.32e-01 |  9.64e-01
26442469 |  4.67e-07 |     -- |  9.60e-02 |  1.20e-01 |     -- |  6.30e-01 |  9.59e-01
26451481 |  4.69e-07 |     -- |  9.51e-02 |  1.19e-01 |     -- |  6.32e-01 |  9.62e-01
26460492 |  4.67e-07 |     -- |  9.57e-02 |  1.20e-01 |     -- |  6.30e-01 |  9.59e-01
26469504 |  4.71e-07 |     -- |  9.75e-02 |  1.22e-01 |     -- |  6.32e-01 |  9.63e-01
26478504 |  4.68e-07 |     -- |  9.43e-02 |  1.19e-01 |     -- |  6.31e-01 |  9.61e-01
26487504 |  4.70e-07 |     -- |  9.54e-02 |  1.19e-01 |     -- |  6.32e-01 |  9.62e-01
26496516 |  4.69e-07 |     -- |  9.58e-02 |  1.20e-01 |     -- |  6.31e-01 |  9.61e-01
26505518 |  4.70e-07 |     -- |  9.60e-02 |  1.21e-01 |     -- |  6.31e-01 |  9.62e-01
26514529 |  4.67e-07 |     -- |  9.53e-02 |  1.20e-01 |     -- |  6.30e-01 |  9.59e-01
26523541 |  4.69e-07 |     -- |  9.45e-02 |  1.18e-01 |     -- |  6.31e-01 |  9.61e-01
26532542 |  4.70e-07 |     -- |  9.60e-02 |  1.20e-01 |     -- |  6.32e-01 |  9.62e-01
26541552 |  4.69e-07 |     -- |  9.51e-02 |  1.19e-01 |     -- |  6.31e-01 |  9.61e-01
26550552 |  4.67e-07 |     -- |  9.58e-02 |  1.20e-01 |     -- |  6.30e-01 |  9.59e-01
26559563 |  4.69e-07 |     -- |  9.45e-02 |  1.19e-01 |     -- |  6.31e-01 |  9.61e-01
26568575 |  4.69e-07 |     -- |  9.47e-02 |  1.19e-01 |     -- |  6.32e-01 |  9.61e-01
26577575 |  4.70e-07 |     -- |  9.50e-02 |  1.19e-01 |     -- |  6.31e-01 |  9.62e-01
26586585 |  4.68e-07 |     -- |  9.57e-02 |  1.19e-01 |     -- |  6.31e-01 |  9.60e-01
26595597 |  4.69e-07 |     -- |  9.60e-02 |  1.21e-01 |     -- |  6.31e-01 |  9.60e-01
26604607 |  4.69e-07 |     -- |  9.60e-02 |  1.20e-01 |     -- |  6.31e-01 |  9.61e-01
26613619 |  4.67e-07 |     -- |  9.50e-02 |  1.19e-01 |     -- |  6.31e-01 |  9.59e-01
26622621 |  4.70e-07 |     -- |  9.51e-02 |  1.19e-01 |     -- |  6.31e-01 |  9.62e-01
26631631 |  4.67e-07 |     -- |  9.59e-02 |  1.20e-01 |     -- |  6.30e-01 |  9.59e-01
26640642 |  4.70e-07 |     -- |  9.52e-02 |  1.20e-01 |     -- |  6.32e-01 |  9.62e-01
26649652 |  4.69e-07 |     -- |  9.63e-02 |  1.21e-01 |     -- |  6.31e-01 |  9.61e-01
26658653 |  4.69e-07 |     -- |  9.59e-02 |  1.20e-01 |     -- |  6.31e-01 |  9.61e-01
26667665 |  4.67e-07 |     -- |  9.61e-02 |  1.21e-01 |     -- |  6.30e-01 |  9.59e-01
26676666 |  4.70e-07 |     -- |  9.47e-02 |  1.19e-01 |     -- |  6.31e-01 |  9.62e-01
26685678 |  4.69e-07 |     -- |  9.50e-02 |  1.19e-01 |     -- |  6.32e-01 |  9.62e-01
26694690 |  4.68e-07 |     -- |  9.58e-02 |  1.20e-01 |     -- |  6.30e-01 |  9.60e-01
26703690 |  4.68e-07 |     -- |  9.59e-02 |  1.20e-01 |     -- |  6.31e-01 |  9.60e-01
26712690 |  4.68e-07 |     -- |  9.37e-02 |  1.18e-01 |     -- |  6.31e-01 |  9.60e-01
26721691 |  4.69e-07 |     -- |  9.45e-02 |  1.19e-01 |     -- |  6.31e-01 |  9.62e-01
26730703 |  4.68e-07 |     -- |  9.52e-02 |  1.19e-01 |     -- |  6.31e-01 |  9.60e-01
26739715 |  4.71e-07 |     -- |  9.48e-02 |  1.19e-01 |     -- |  6.32e-01 |  9.64e-01
26748726 |  4.66e-07 |     -- |  9.48e-02 |  1.19e-01 |     -- |  6.30e-01 |  9.58e-01
26757727 |  4.70e-07 |     -- |  9.54e-02 |  1.19e-01 |     -- |  6.32e-01 |  9.62e-01
26766727 |  4.67e-07 |     -- |  9.48e-02 |  1.19e-01 |     -- |  6.30e-01 |  9.59e-01
26775728 |  4.71e-07 |     -- |  9.41e-02 |  1.18e-01 |     -- |  6.32e-01 |  9.63e-01
26784728 |  4.68e-07 |     -- |  9.51e-02 |  1.19e-01 |     -- |  6.30e-01 |  9.60e-01
26793729 |  4.68e-07 |     -- |  9.44e-02 |  1.19e-01 |     -- |  6.31e-01 |  9.60e-01
26802741 |  4.68e-07 |     -- |  9.54e-02 |  1.20e-01 |     -- |  6.31e-01 |  9.60e-01
26811742 |  4.69e-07 |     -- |  9.49e-02 |  1.19e-01 |     -- |  6.31e-01 |  9.62e-01
26820753 |  4.67e-07 |     -- |  9.48e-02 |  1.19e-01 |     -- |  6.29e-01 |  9.59e-01
26829765 |  4.68e-07 |     -- |  9.49e-02 |  1.19e-01 |     -- |  6.31e-01 |  9.60e-01
26838771 |  4.68e-07 |     -- |  9.52e-02 |  1.19e-01 |     -- |  6.30e-01 |  9.60e-01
26847771 |  4.70e-07 |     -- |  9.52e-02 |  1.19e-01 |     -- |  6.31e-01 |  9.62e-01
26856771 |  4.67e-07 |     -- |  9.50e-02 |  1.19e-01 |     -- |  6.29e-01 |  9.59e-01
26865781 |  4.70e-07 |     -- |  9.52e-02 |  1.19e-01 |     -- |  6.31e-01 |  9.62e-01
26874781 |  4.68e-07 |     -- |  9.44e-02 |  1.18e-01 |     -- |  6.31e-01 |  9.60e-01
26883791 |  4.68e-07 |     -- |  9.61e-02 |  1.20e-01 |     -- |  6.30e-01 |  9.60e-01
26892794 |  4.68e-07 |     -- |  9.50e-02 |  1.19e-01 |     -- |  6.31e-01 |  9.60e-01
26901806 |  4.70e-07 |     -- |  9.44e-02 |  1.18e-01 |     -- |  6.32e-01 |  9.62e-01
26910818 |  4.66e-07 |     -- |  9.49e-02 |  1.19e-01 |     -- |  6.29e-01 |  9.58e-01
26919830 |  4.70e-07 |     -- |  9.48e-02 |  1.19e-01 |     -- |  6.31e-01 |  9.62e-01
26928841 |  4.67e-07 |     -- |  9.45e-02 |  1.18e-01 |     -- |  6.30e-01 |  9.59e-01
26937852 |  4.70e-07 |     -- |  9.48e-02 |  1.19e-01 |     -- |  6.32e-01 |  9.62e-01
26946864 |  4.66e-07 |     -- |  9.47e-02 |  1.19e-01 |     -- |  6.29e-01 |  9.58e-01
26955874 |  4.66e-07 |     -- |  9.41e-02 |  1.18e-01 |     -- |  6.30e-01 |  9.59e-01
26964876 |  4.68e-07 |     -- |  9.53e-02 |  1.20e-01 |     -- |  6.30e-01 |  9.60e-01
26973885 |  4.70e-07 |     -- |  9.43e-02 |  1.18e-01 |     -- |  6.31e-01 |  9.62e-01
26982896 |  4.67e-07 |     -- |  9.55e-02 |  1.19e-01 |     -- |  6.30e-01 |  9.59e-01
26991897 |  4.69e-07 |     -- |  9.51e-02 |  1.19e-01 |     -- |  6.31e-01 |  9.61e-01
27000909 |  4.70e-07 |     -- |  9.48e-02 |  1.18e-01 |     -- |  6.32e-01 |  9.62e-01
27009921 |  4.68e-07 |     -- |  9.36e-02 |  1.18e-01 |     -- |  6.31e-01 |  9.60e-01
27018932 |  4.68e-07 |     -- |  9.46e-02 |  1.18e-01 |     -- |  6.31e-01 |  9.61e-01
27027943 |  4.67e-07 |     -- |  9.61e-02 |  1.21e-01 |     -- |  6.30e-01 |  9.59e-01
27036952 |  4.68e-07 |     -- |  9.59e-02 |  1.20e-01 |     -- |  6.30e-01 |  9.60e-01
27045953 |  4.69e-07 |     -- |  9.55e-02 |  1.20e-01 |     -- |  6.30e-01 |  9.61e-01
27054964 |  4.69e-07 |     -- |  9.48e-02 |  1.19e-01 |     -- |  6.31e-01 |  9.61e-01
27063975 |  4.70e-07 |     -- |  9.44e-02 |  1.18e-01 |     -- |  6.32e-01 |  9.62e-01
27072984 |  4.68e-07 |     -- |  9.43e-02 |  1.18e-01 |     -- |  6.30e-01 |  9.60e-01
27081986 |  4.67e-07 |     -- |  9.51e-02 |  1.19e-01 |     -- |  6.29e-01 |  9.59e-01
27090998 |  4.69e-07 |     -- |  9.42e-02 |  1.18e-01 |     -- |  6.32e-01 |  9.62e-01
27100010 |  4.68e-07 |     -- |  9.40e-02 |  1.18e-01 |     -- |  6.31e-01 |  9.61e-01
27109020 |  4.67e-07 |     -- |  9.53e-02 |  1.19e-01 |     -- |  6.29e-01 |  9.59e-01
27118030 |  4.69e-07 |     -- |  9.52e-02 |  1.19e-01 |     -- |  6.31e-01 |  9.62e-01
27127040 |  4.67e-07 |     -- |  9.51e-02 |  1.19e-01 |     -- |  6.30e-01 |  9.59e-01
27136052 |  4.70e-07 |     -- |  9.46e-02 |  1.18e-01 |     -- |  6.32e-01 |  9.63e-01
27145062 |  4.69e-07 |     -- |  9.49e-02 |  1.19e-01 |     -- |  6.31e-01 |  9.61e-01
27154074 |  4.66e-07 |     -- |  9.52e-02 |  1.19e-01 |     -- |  6.30e-01 |  9.58e-01
27163074 |  4.69e-07 |     -- |  9.46e-02 |  1.18e-01 |     -- |  6.31e-01 |  9.61e-01
27172075 |  4.67e-07 |     -- |  9.53e-02 |  1.19e-01 |     -- |  6.30e-01 |  9.59e-01
27181085 |  4.66e-07 |     -- |  9.40e-02 |  1.18e-01 |     -- |  6.29e-01 |  9.58e-01
27190086 |  4.71e-07 |     -- |  9.48e-02 |  1.19e-01 |     -- |  6.32e-01 |  9.64e-01
27199087 |  4.66e-07 |     -- |  9.51e-02 |  1.19e-01 |     -- |  6.29e-01 |  9.58e-01
27208087 |  4.65e-07 |     -- |  9.50e-02 |  1.19e-01 |     -- |  6.29e-01 |  9.57e-01
27217099 |  4.69e-07 |     -- |  9.32e-02 |  1.17e-01 |     -- |  6.30e-01 |  9.61e-01
27226100 |  4.70e-07 |     -- |  9.56e-02 |  1.20e-01 |     -- |  6.32e-01 |  9.62e-01
27235110 |  4.68e-07 |     -- |  9.50e-02 |  1.19e-01 |     -- |  6.30e-01 |  9.60e-01
27244122 |  4.68e-07 |     -- |  9.51e-02 |  1.19e-01 |     -- |  6.31e-01 |  9.60e-01
27253123 |  4.70e-07 |     -- |  9.57e-02 |  1.20e-01 |     -- |  6.32e-01 |  9.62e-01
27262134 |  4.66e-07 |     -- |  9.44e-02 |  1.19e-01 |     -- |  6.29e-01 |  9.58e-01
27271134 |  4.68e-07 |     -- |  9.56e-02 |  1.19e-01 |     -- |  6.31e-01 |  9.60e-01
27280134 |  4.67e-07 |     -- |  9.42e-02 |  1.18e-01 |     -- |  6.29e-01 |  9.59e-01
27289146 |  4.69e-07 |     -- |  9.55e-02 |  1.20e-01 |     -- |  6.31e-01 |  9.61e-01
27298157 |  4.68e-07 |     -- |  9.56e-02 |  1.20e-01 |     -- |  6.30e-01 |  9.60e-01
27307159 |  4.69e-07 |     -- |  9.48e-02 |  1.19e-01 |     -- |  6.31e-01 |  9.61e-01
27316171 |  4.67e-07 |     -- |  9.50e-02 |  1.19e-01 |     -- |  6.29e-01 |  9.59e-01
27325183 |  4.67e-07 |     -- |  9.48e-02 |  1.19e-01 |     -- |  6.30e-01 |  9.59e-01
27334194 |  4.68e-07 |     -- |  9.52e-02 |  1.19e-01 |     -- |  6.30e-01 |  9.60e-01
27343206 |  4.68e-07 |     -- |  9.52e-02 |  1.19e-01 |     -- |  6.30e-01 |  9.60e-01
27352216 |  4.68e-07 |     -- |  9.45e-02 |  1.19e-01 |     -- |  6.30e-01 |  9.60e-01
27361227 |  4.68e-07 |     -- |  9.35e-02 |  1.17e-01 |     -- |  6.30e-01 |  9.60e-01
27370229 |  4.67e-07 |     -- |  9.41e-02 |  1.18e-01 |     -- |  6.30e-01 |  9.60e-01
27379240 |  4.67e-07 |     -- |  9.50e-02 |  1.19e-01 |     -- |  6.30e-01 |  9.59e-01
27388241 |  4.66e-07 |     -- |  9.47e-02 |  1.19e-01 |     -- |  6.29e-01 |  9.58e-01
27397252 |  4.68e-07 |     -- |  9.54e-02 |  1.19e-01 |     -- |  6.30e-01 |  9.60e-01
27406263 |  4.67e-07 |     -- |  9.47e-02 |  1.19e-01 |     -- |  6.29e-01 |  9.59e-01
27415273 |  4.74e-07 |     -- |  9.41e-02 |  1.18e-01 |     -- |  6.33e-01 |  9.66e-01
27424277 |  4.65e-07 |     -- |  9.52e-02 |  1.20e-01 |     -- |  6.28e-01 |  9.56e-01
27433288 |  4.68e-07 |     -- |  9.38e-02 |  1.18e-01 |     -- |  6.31e-01 |  9.60e-01
27442288 |  4.70e-07 |     -- |  9.43e-02 |  1.18e-01 |     -- |  6.31e-01 |  9.62e-01
27451291 |  4.66e-07 |     -- |  9.67e-02 |  1.21e-01 |     -- |  6.29e-01 |  9.58e-01
27460291 |  4.69e-07 |     -- |  9.47e-02 |  1.19e-01 |     -- |  6.31e-01 |  9.61e-01
27469303 |  4.66e-07 |     -- |  9.43e-02 |  1.18e-01 |     -- |  6.30e-01 |  9.59e-01
27478304 |  4.71e-07 |     -- |  9.33e-02 |  1.17e-01 |     -- |  6.31e-01 |  9.63e-01
27487304 |  4.66e-07 |     -- |  9.39e-02 |  1.17e-01 |     -- |  6.30e-01 |  9.58e-01
27496316 |  4.66e-07 |     -- |  9.49e-02 |  1.19e-01 |     -- |  6.29e-01 |  9.58e-01
27505328 |  4.67e-07 |     -- |  9.50e-02 |  1.19e-01 |     -- |  6.30e-01 |  9.59e-01
27514339 |  4.69e-07 |     -- |  9.33e-02 |  1.17e-01 |     -- |  6.31e-01 |  9.62e-01
27523350 |  4.69e-07 |     -- |  9.59e-02 |  1.20e-01 |     -- |  6.31e-01 |  9.61e-01
27532350 |  4.67e-07 |     -- |  9.47e-02 |  1.18e-01 |     -- |  6.30e-01 |  9.59e-01
27541362 |  4.68e-07 |     -- |  9.46e-02 |  1.19e-01 |     -- |  6.30e-01 |  9.60e-01
27550372 |  4.65e-07 |     -- |  9.47e-02 |  1.19e-01 |     -- |  6.29e-01 |  9.57e-01
27559384 |  4.68e-07 |     -- |  9.44e-02 |  1.18e-01 |     -- |  6.30e-01 |  9.61e-01
27568385 |  4.69e-07 |     -- |  9.50e-02 |  1.19e-01 |     -- |  6.30e-01 |  9.61e-01
27577386 |  4.66e-07 |     -- |  9.37e-02 |  1.17e-01 |     -- |  6.30e-01 |  9.59e-01
27586387 |  4.69e-07 |     -- |  9.45e-02 |  1.19e-01 |     -- |  6.30e-01 |  9.62e-01
27595398 |  4.66e-07 |     -- |  9.57e-02 |  1.20e-01 |     -- |  6.29e-01 |  9.58e-01
27604410 |  4.68e-07 |     -- |  9.43e-02 |  1.18e-01 |     -- |  6.31e-01 |  9.60e-01
27613421 |  4.67e-07 |     -- |  9.37e-02 |  1.17e-01 |     -- |  6.30e-01 |  9.59e-01
27622432 |  4.69e-07 |     -- |  9.39e-02 |  1.18e-01 |     -- |  6.30e-01 |  9.61e-01
27631442 |  4.66e-07 |     -- |  9.43e-02 |  1.18e-01 |     -- |  6.29e-01 |  9.58e-01
27640454 |  4.67e-07 |     -- |  9.40e-02 |  1.18e-01 |     -- |  6.29e-01 |  9.59e-01
27649454 |  4.66e-07 |     -- |  9.53e-02 |  1.19e-01 |     -- |  6.29e-01 |  9.58e-01
27658466 |  4.69e-07 |     -- |  9.49e-02 |  1.19e-01 |     -- |  6.31e-01 |  9.61e-01
27667469 |  4.68e-07 |     -- |  9.40e-02 |  1.18e-01 |     -- |  6.30e-01 |  9.61e-01
27676480 |  4.68e-07 |     -- |  9.39e-02 |  1.18e-01 |     -- |  6.30e-01 |  9.60e-01
27685492 |  4.65e-07 |     -- |  9.58e-02 |  1.20e-01 |     -- |  6.29e-01 |  9.57e-01
27694502 |  4.70e-07 |     -- |  9.30e-02 |  1.17e-01 |     -- |  6.32e-01 |  9.63e-01
27703502 |  4.67e-07 |     -- |  9.50e-02 |  1.19e-01 |     -- |  6.30e-01 |  9.59e-01
27712514 |  4.68e-07 |     -- |  9.48e-02 |  1.19e-01 |     -- |  6.30e-01 |  9.60e-01
27721515 |  4.68e-07 |     -- |  9.45e-02 |  1.18e-01 |     -- |  6.31e-01 |  9.60e-01
27730525 |  4.69e-07 |     -- |  9.51e-02 |  1.19e-01 |     -- |  6.30e-01 |  9.61e-01
27739528 |  4.65e-07 |     -- |  9.43e-02 |  1.18e-01 |     -- |  6.28e-01 |  9.57e-01
27748540 |  4.69e-07 |     -- |  9.46e-02 |  1.19e-01 |     -- |  6.31e-01 |  9.61e-01
27757551 |  4.66e-07 |     -- |  9.48e-02 |  1.19e-01 |     -- |  6.29e-01 |  9.58e-01
27766555 |  4.71e-07 |     -- |  9.49e-02 |  1.19e-01 |     -- |  6.31e-01 |  9.63e-01
27775566 |  4.64e-07 |     -- |  9.41e-02 |  1.18e-01 |     -- |  6.28e-01 |  9.56e-01
27784566 |  4.63e-07 |     -- |  9.53e-02 |  1.20e-01 |     -- |  6.28e-01 |  9.55e-01
27793569 |  4.69e-07 |     -- |  9.39e-02 |  1.18e-01 |     -- |  6.31e-01 |  9.62e-01
27802571 |  4.69e-07 |     -- |  9.38e-02 |  1.18e-01 |     -- |  6.31e-01 |  9.61e-01
27811572 |  4.67e-07 |     -- |  9.48e-02 |  1.19e-01 |     -- |  6.29e-01 |  9.59e-01
27820577 |  4.66e-07 |     -- |  9.45e-02 |  1.19e-01 |     -- |  6.29e-01 |  9.58e-01
27829577 |  4.67e-07 |     -- |  9.40e-02 |  1.18e-01 |     -- |  6.30e-01 |  9.59e-01
27838577 |  4.70e-07 |     -- |  9.38e-02 |  1.17e-01 |     -- |  6.31e-01 |  9.62e-01
27847577 |  4.65e-07 |     -- |  9.44e-02 |  1.19e-01 |     -- |  6.28e-01 |  9.57e-01
27856588 |  4.68e-07 |     -- |  9.40e-02 |  1.18e-01 |     -- |  6.30e-01 |  9.60e-01
27865598 |  4.66e-07 |     -- |  9.43e-02 |  1.18e-01 |     -- |  6.29e-01 |  9.58e-01
27874609 |  4.69e-07 |     -- |  9.35e-02 |  1.17e-01 |     -- |  6.32e-01 |  9.61e-01
27883619 |  4.68e-07 |     -- |  9.39e-02 |  1.17e-01 |     -- |  6.30e-01 |  9.61e-01
27892622 |  4.66e-07 |     -- |  9.33e-02 |  1.17e-01 |     -- |  6.29e-01 |  9.59e-01
27901633 |  4.68e-07 |     -- |  9.46e-02 |  1.19e-01 |     -- |  6.30e-01 |  9.60e-01
27910645 |  4.68e-07 |     -- |  9.54e-02 |  1.20e-01 |     -- |  6.30e-01 |  9.60e-01
27919656 |  4.68e-07 |     -- |  9.42e-02 |  1.18e-01 |     -- |  6.31e-01 |  9.61e-01
27928656 |  4.67e-07 |     -- |  9.58e-02 |  1.19e-01 |     -- |  6.30e-01 |  9.59e-01
27937656 |  4.69e-07 |     -- |  9.38e-02 |  1.18e-01 |     -- |  6.31e-01 |  9.62e-01
27946666 |  4.63e-07 |     -- |  9.38e-02 |  1.17e-01 |     -- |  6.28e-01 |  9.56e-01
27955668 |  4.69e-07 |     -- |  9.36e-02 |  1.17e-01 |     -- |  6.31e-01 |  9.62e-01
27964678 |  4.65e-07 |     -- |  9.39e-02 |  1.18e-01 |     -- |  6.28e-01 |  9.57e-01
27973688 |  4.68e-07 |     -- |  9.41e-02 |  1.18e-01 |     -- |  6.30e-01 |  9.60e-01
27982697 |  4.69e-07 |     -- |  9.48e-02 |  1.19e-01 |     -- |  6.30e-01 |  9.61e-01
27991708 |  4.68e-07 |     -- |  9.40e-02 |  1.18e-01 |     -- |  6.31e-01 |  9.60e-01
28000709 |  4.67e-07 |     -- |  9.39e-02 |  1.18e-01 |     -- |  6.30e-01 |  9.59e-01
28009718 |  4.67e-07 |     -- |  9.44e-02 |  1.18e-01 |     -- |  6.29e-01 |  9.59e-01
28018719 |  4.65e-07 |     -- |  9.43e-02 |  1.19e-01 |     -- |  6.29e-01 |  9.57e-01
28027719 |  4.69e-07 |     -- |  9.40e-02 |  1.18e-01 |     -- |  6.30e-01 |  9.62e-01
28036731 |  4.66e-07 |     -- |  9.44e-02 |  1.18e-01 |     -- |  6.30e-01 |  9.58e-01
28045742 |  4.65e-07 |     -- |  9.43e-02 |  1.18e-01 |     -- |  6.28e-01 |  9.57e-01
28054745 |  4.67e-07 |     -- |  9.41e-02 |  1.18e-01 |     -- |  6.29e-01 |  9.59e-01
28063745 |  4.68e-07 |     -- |  9.34e-02 |  1.17e-01 |     -- |  6.31e-01 |  9.60e-01
28072757 |  4.69e-07 |     -- |  9.49e-02 |  1.19e-01 |     -- |  6.30e-01 |  9.61e-01
28081768 |  4.63e-07 |     -- |  9.45e-02 |  1.19e-01 |     -- |  6.28e-01 |  9.55e-01
28090780 |  4.71e-07 |     -- |  9.43e-02 |  1.18e-01 |     -- |  6.31e-01 |  9.64e-01
28099792 |  4.66e-07 |     -- |  9.33e-02 |  1.17e-01 |     -- |  6.29e-01 |  9.58e-01
28108804 |  4.66e-07 |     -- |  9.39e-02 |  1.18e-01 |     -- |  6.30e-01 |  9.58e-01
28117805 |  4.65e-07 |     -- |  9.37e-02 |  1.18e-01 |     -- |  6.28e-01 |  9.57e-01
28126816 |  4.68e-07 |     -- |  9.46e-02 |  1.18e-01 |     -- |  6.30e-01 |  9.60e-01
28135816 |  4.68e-07 |     -- |  9.42e-02 |  1.18e-01 |     -- |  6.30e-01 |  9.60e-01
28144817 |  4.67e-07 |     -- |  9.35e-02 |  1.17e-01 |     -- |  6.29e-01 |  9.60e-01
28153828 |  4.68e-07 |     -- |  9.42e-02 |  1.18e-01 |     -- |  6.30e-01 |  9.60e-01
28162830 |  4.67e-07 |     -- |  9.47e-02 |  1.19e-01 |     -- |  6.29e-01 |  9.59e-01
28171840 |  4.66e-07 |     -- |  9.38e-02 |  1.18e-01 |     -- |  6.29e-01 |  9.58e-01
28180851 |  4.69e-07 |     -- |  9.52e-02 |  1.19e-01 |     -- |  6.30e-01 |  9.61e-01
28189863 |  4.68e-07 |     -- |  9.47e-02 |  1.18e-01 |     -- |  6.30e-01 |  9.60e-01
28198874 |  4.67e-07 |     -- |  9.37e-02 |  1.18e-01 |     -- |  6.29e-01 |  9.59e-01
28207876 |  4.65e-07 |     -- |  9.48e-02 |  1.19e-01 |     -- |  6.29e-01 |  9.58e-01
28216878 |  4.67e-07 |     -- |  9.38e-02 |  1.18e-01 |     -- |  6.30e-01 |  9.60e-01
28225879 |  4.67e-07 |     -- |  9.39e-02 |  1.18e-01 |     -- |  6.30e-01 |  9.59e-01
28234881 |  4.69e-07 |     -- |  9.43e-02 |  1.18e-01 |     -- |  6.30e-01 |  9.61e-01
28243890 |  4.63e-07 |     -- |  9.33e-02 |  1.17e-01 |     -- |  6.29e-01 |  9.55e-01
28252890 |  4.68e-07 |     -- |  9.43e-02 |  1.18e-01 |     -- |  6.29e-01 |  9.60e-01
28261901 |  4.68e-07 |     -- |  9.43e-02 |  1.18e-01 |     -- |  6.30e-01 |  9.61e-01
28270902 |  4.66e-07 |     -- |  9.41e-02 |  1.18e-01 |     -- |  6.29e-01 |  9.58e-01
28279914 |  4.64e-07 |     -- |  9.33e-02 |  1.17e-01 |     -- |  6.28e-01 |  9.56e-01
28288926 |  4.69e-07 |     -- |  9.49e-02 |  1.19e-01 |     -- |  6.31e-01 |  9.61e-01
28297928 |  4.67e-07 |     -- |  9.45e-02 |  1.19e-01 |     -- |  6.29e-01 |  9.60e-01
28306940 |  4.69e-07 |     -- |  9.44e-02 |  1.18e-01 |     -- |  6.31e-01 |  9.61e-01
28315945 |  4.62e-07 |     -- |  9.41e-02 |  1.18e-01 |     -- |  6.26e-01 |  9.54e-01
28324957 |  4.69e-07 |     -- |  9.37e-02 |  1.18e-01 |     -- |  6.31e-01 |  9.61e-01
28333962 |  4.66e-07 |     -- |  9.44e-02 |  1.18e-01 |     -- |  6.29e-01 |  9.58e-01
28342962 |  4.66e-07 |     -- |  9.46e-02 |  1.18e-01 |     -- |  6.29e-01 |  9.58e-01
28351973 |  4.69e-07 |     -- |  9.48e-02 |  1.19e-01 |     -- |  6.30e-01 |  9.61e-01
28360973 |  4.67e-07 |     -- |  9.35e-02 |  1.17e-01 |     -- |  6.29e-01 |  9.59e-01
28369985 |  4.66e-07 |     -- |  9.56e-02 |  1.20e-01 |     -- |  6.29e-01 |  9.58e-01
28378995 |  4.69e-07 |     -- |  9.34e-02 |  1.17e-01 |     -- |  6.31e-01 |  9.61e-01
28387995 |  4.66e-07 |     -- |  9.38e-02 |  1.18e-01 |     -- |  6.29e-01 |  9.58e-01
28396997 |  4.67e-07 |     -- |  9.55e-02 |  1.19e-01 |     -- |  6.29e-01 |  9.59e-01
28406008 |  4.68e-07 |     -- |  9.35e-02 |  1.17e-01 |     -- |  6.30e-01 |  9.60e-01
28415020 |  4.68e-07 |     -- |  9.48e-02 |  1.19e-01 |     -- |  6.30e-01 |  9.60e-01
28424020 |  4.67e-07 |     -- |  9.37e-02 |  1.17e-01 |     -- |  6.30e-01 |  9.59e-01
28433031 |  4.66e-07 |     -- |  9.42e-02 |  1.18e-01 |     -- |  6.29e-01 |  9.59e-01
28442032 |  4.65e-07 |     -- |  9.44e-02 |  1.18e-01 |     -- |  6.28e-01 |  9.57e-01
28451043 |  4.69e-07 |     -- |  9.44e-02 |  1.18e-01 |     -- |  6.30e-01 |  9.61e-01
28460054 |  4.65e-07 |     -- |  9.48e-02 |  1.19e-01 |     -- |  6.28e-01 |  9.57e-01
28469066 |  4.65e-07 |     -- |  9.37e-02 |  1.17e-01 |     -- |  6.29e-01 |  9.57e-01
28478067 |  4.66e-07 |     -- |  9.41e-02 |  1.18e-01 |     -- |  6.28e-01 |  9.58e-01
28487077 |  4.71e-07 |     -- |  9.51e-02 |  1.19e-01 |     -- |  6.32e-01 |  9.64e-01
28496077 |  4.67e-07 |     -- |  9.27e-02 |  1.16e-01 |     -- |  6.30e-01 |  9.60e-01
28505077 |  4.64e-07 |     -- |  9.45e-02 |  1.18e-01 |     -- |  6.28e-01 |  9.56e-01
28514079 |  4.68e-07 |     -- |  9.52e-02 |  1.19e-01 |     -- |  6.30e-01 |  9.60e-01
28523081 |  4.66e-07 |     -- |  9.37e-02 |  1.17e-01 |     -- |  6.29e-01 |  9.58e-01
28532081 |  4.68e-07 |     -- |  9.36e-02 |  1.17e-01 |     -- |  6.30e-01 |  9.60e-01
28541081 |  4.68e-07 |     -- |  9.46e-02 |  1.19e-01 |     -- |  6.30e-01 |  9.60e-01
28550092 |  4.68e-07 |     -- |  9.46e-02 |  1.19e-01 |     -- |  6.30e-01 |  9.60e-01
28559093 |  4.66e-07 |     -- |  9.33e-02 |  1.17e-01 |     -- |  6.29e-01 |  9.58e-01
28568093 |  4.66e-07 |     -- |  9.31e-02 |  1.17e-01 |     -- |  6.29e-01 |  9.58e-01
28577093 |  4.67e-07 |     -- |  9.43e-02 |  1.18e-01 |     -- |  6.30e-01 |  9.59e-01
28586096 |  4.68e-07 |     -- |  9.33e-02 |  1.17e-01 |     -- |  6.30e-01 |  9.61e-01
28595108 |  4.62e-07 |     -- |  9.47e-02 |  1.18e-01 |     -- |  6.27e-01 |  9.54e-01
28604108 |  4.69e-07 |     -- |  9.23e-02 |  1.16e-01 |     -- |  6.30e-01 |  9.62e-01
28613109 |  4.65e-07 |     -- |  9.46e-02 |  1.18e-01 |     -- |  6.29e-01 |  9.57e-01
28622120 |  4.66e-07 |     -- |  9.32e-02 |  1.17e-01 |     -- |  6.29e-01 |  9.58e-01
28631123 |  4.71e-07 |     -- |  9.37e-02 |  1.17e-01 |     -- |  6.32e-01 |  9.64e-01
28640133 |  4.65e-07 |     -- |  9.47e-02 |  1.18e-01 |     -- |  6.28e-01 |  9.57e-01
28649134 |  4.66e-07 |     -- |  9.39e-02 |  1.18e-01 |     -- |  6.29e-01 |  9.59e-01
28658135 |  4.68e-07 |     -- |  9.44e-02 |  1.18e-01 |     -- |  6.30e-01 |  9.60e-01
28667135 |  4.64e-07 |     -- |  9.31e-02 |  1.17e-01 |     -- |  6.28e-01 |  9.57e-01
28676137 |  4.66e-07 |     -- |  9.40e-02 |  1.18e-01 |     -- |  6.28e-01 |  9.58e-01
28685148 |  4.69e-07 |     -- |  9.46e-02 |  1.18e-01 |     -- |  6.31e-01 |  9.61e-01
28694151 |  4.65e-07 |     -- |  9.34e-02 |  1.17e-01 |     -- |  6.28e-01 |  9.57e-01
28703152 |  4.67e-07 |     -- |  9.38e-02 |  1.18e-01 |     -- |  6.29e-01 |  9.60e-01
28712163 |  4.66e-07 |     -- |  9.35e-02 |  1.17e-01 |     -- |  6.30e-01 |  9.58e-01
28721163 |  4.67e-07 |     -- |  9.34e-02 |  1.17e-01 |     -- |  6.29e-01 |  9.59e-01
28730163 |  4.67e-07 |     -- |  9.35e-02 |  1.17e-01 |     -- |  6.29e-01 |  9.60e-01
28739175 |  4.67e-07 |     -- |  9.43e-02 |  1.18e-01 |     -- |  6.31e-01 |  9.60e-01
28748185 |  4.68e-07 |     -- |  9.48e-02 |  1.19e-01 |     -- |  6.30e-01 |  9.60e-01
28757185 |  4.67e-07 |     -- |  9.32e-02 |  1.17e-01 |     -- |  6.30e-01 |  9.59e-01
28766186 |  4.64e-07 |     -- |  9.36e-02 |  1.18e-01 |     -- |  6.28e-01 |  9.56e-01
28775197 |  4.70e-07 |     -- |  9.40e-02 |  1.18e-01 |     -- |  6.31e-01 |  9.63e-01
28784207 |  4.65e-07 |     -- |  9.40e-02 |  1.18e-01 |     -- |  6.28e-01 |  9.57e-01
28793219 |  4.63e-07 |     -- |  9.33e-02 |  1.17e-01 |     -- |  6.27e-01 |  9.55e-01
28802229 |  4.70e-07 |     -- |  9.46e-02 |  1.19e-01 |     -- |  6.31e-01 |  9.62e-01
28811230 |  4.67e-07 |     -- |  9.29e-02 |  1.17e-01 |     -- |  6.29e-01 |  9.59e-01
28820242 |  4.69e-07 |     -- |  9.33e-02 |  1.17e-01 |     -- |  6.30e-01 |  9.61e-01
28829253 |  4.63e-07 |     -- |  9.43e-02 |  1.18e-01 |     -- |  6.27e-01 |  9.55e-01
28838253 |  4.68e-07 |     -- |  9.33e-02 |  1.17e-01 |     -- |  6.30e-01 |  9.60e-01
28847265 |  4.68e-07 |     -- |  9.43e-02 |  1.18e-01 |     -- |  6.30e-01 |  9.60e-01
28856275 |  4.64e-07 |     -- |  9.25e-02 |  1.16e-01 |     -- |  6.28e-01 |  9.57e-01
28865281 |  4.66e-07 |     -- |  9.43e-02 |  1.18e-01 |     -- |  6.28e-01 |  9.58e-01
28874282 |  4.66e-07 |     -- |  9.42e-02 |  1.18e-01 |     -- |  6.29e-01 |  9.58e-01
28883283 |  4.68e-07 |     -- |  9.35e-02 |  1.17e-01 |     -- |  6.30e-01 |  9.60e-01
28892285 |  4.68e-07 |     -- |  9.45e-02 |  1.18e-01 |     -- |  6.29e-01 |  9.60e-01
28901297 |  4.62e-07 |     -- |  9.48e-02 |  1.19e-01 |     -- |  6.27e-01 |  9.54e-01
28910308 |  4.71e-07 |     -- |  9.37e-02 |  1.18e-01 |     -- |  6.31e-01 |  9.63e-01
28919319 |  4.62e-07 |     -- |  9.35e-02 |  1.17e-01 |     -- |  6.27e-01 |  9.54e-01
28928330 |  4.67e-07 |     -- |  9.38e-02 |  1.18e-01 |     -- |  6.30e-01 |  9.60e-01
28937340 |  4.65e-07 |     -- |  9.39e-02 |  1.18e-01 |     -- |  6.28e-01 |  9.57e-01
28946343 |  4.66e-07 |     -- |  9.36e-02 |  1.18e-01 |     -- |  6.29e-01 |  9.58e-01
28955355 |  4.69e-07 |     -- |  9.47e-02 |  1.19e-01 |     -- |  6.30e-01 |  9.61e-01
28964365 |  4.65e-07 |     -- |  9.36e-02 |  1.17e-01 |     -- |  6.28e-01 |  9.57e-01
28973376 |  4.70e-07 |     -- |  9.31e-02 |  1.17e-01 |     -- |  6.31e-01 |  9.62e-01
28982377 |  4.63e-07 |     -- |  9.47e-02 |  1.19e-01 |     -- |  6.27e-01 |  9.55e-01
28991389 |  4.67e-07 |     -- |  9.39e-02 |  1.18e-01 |     -- |  6.30e-01 |  9.60e-01
29000401 |  4.69e-07 |     -- |  9.29e-02 |  1.16e-01 |     -- |  6.31e-01 |  9.61e-01
29009401 |  4.64e-07 |     -- |  9.27e-02 |  1.16e-01 |     -- |  6.28e-01 |  9.56e-01
29018401 |  4.66e-07 |     -- |  9.42e-02 |  1.18e-01 |     -- |  6.28e-01 |  9.58e-01
29027413 |  4.67e-07 |     -- |  9.42e-02 |  1.18e-01 |     -- |  6.30e-01 |  9.59e-01
29036413 |  4.69e-07 |     -- |  9.38e-02 |  1.17e-01 |     -- |  6.30e-01 |  9.61e-01
29045425 |  4.64e-07 |     -- |  9.42e-02 |  1.18e-01 |     -- |  6.28e-01 |  9.57e-01
29054436 |  4.67e-07 |     -- |  9.43e-02 |  1.18e-01 |     -- |  6.29e-01 |  9.59e-01
29063447 |  4.66e-07 |     -- |  9.33e-02 |  1.17e-01 |     -- |  6.28e-01 |  9.58e-01
29072449 |  4.67e-07 |     -- |  9.39e-02 |  1.18e-01 |     -- |  6.30e-01 |  9.59e-01
29081450 |  4.65e-07 |     -- |  9.37e-02 |  1.17e-01 |     -- |  6.28e-01 |  9.57e-01
29090450 |  4.67e-07 |     -- |  9.34e-02 |  1.17e-01 |     -- |  6.30e-01 |  9.60e-01
29099455 |  4.68e-07 |     -- |  9.54e-02 |  1.20e-01 |     -- |  6.29e-01 |  9.60e-01
29108455 |  4.65e-07 |     -- |  9.39e-02 |  1.17e-01 |     -- |  6.28e-01 |  9.57e-01
29117467 |  4.66e-07 |     -- |  9.39e-02 |  1.18e-01 |     -- |  6.29e-01 |  9.59e-01
29126479 |  4.66e-07 |     -- |  9.24e-02 |  1.16e-01 |     -- |  6.29e-01 |  9.59e-01
29135480 |  4.65e-07 |     -- |  9.35e-02 |  1.17e-01 |     -- |  6.28e-01 |  9.57e-01
29144492 |  4.67e-07 |     -- |  9.60e-02 |  1.20e-01 |     -- |  6.29e-01 |  9.58e-01
29153504 |  4.68e-07 |     -- |  9.33e-02 |  1.17e-01 |     -- |  6.31e-01 |  9.61e-01
29162516 |  4.66e-07 |     -- |  9.31e-02 |  1.17e-01 |     -- |  6.29e-01 |  9.58e-01
29171527 |  4.67e-07 |     -- |  9.43e-02 |  1.18e-01 |     -- |  6.30e-01 |  9.60e-01
29180527 |  4.64e-07 |     -- |  9.41e-02 |  1.18e-01 |     -- |  6.27e-01 |  9.56e-01
29189529 |  4.72e-07 |     -- |  9.31e-02 |  1.17e-01 |     -- |  6.32e-01 |  9.64e-01
29198530 |  4.61e-07 |     -- |  9.42e-02 |  1.18e-01 |     -- |  6.26e-01 |  9.53e-01
29207532 |  4.66e-07 |     -- |  9.40e-02 |  1.18e-01 |     -- |  6.29e-01 |  9.58e-01
29216532 |  4.68e-07 |     -- |  9.34e-02 |  1.17e-01 |     -- |  6.29e-01 |  9.60e-01
29225544 |  4.66e-07 |     -- |  9.50e-02 |  1.19e-01 |     -- |  6.29e-01 |  9.58e-01
29234554 |  4.67e-07 |     -- |  9.39e-02 |  1.17e-01 |     -- |  6.30e-01 |  9.59e-01
29243566 |  4.63e-07 |     -- |  9.37e-02 |  1.18e-01 |     -- |  6.27e-01 |  9.55e-01
29252566 |  4.67e-07 |     -- |  9.35e-02 |  1.17e-01 |     -- |  6.29e-01 |  9.59e-01
29261568 |  4.68e-07 |     -- |  9.37e-02 |  1.18e-01 |     -- |  6.30e-01 |  9.60e-01
29270569 |  4.64e-07 |     -- |  9.37e-02 |  1.18e-01 |     -- |  6.27e-01 |  9.56e-01
29279570 |  4.67e-07 |     -- |  9.37e-02 |  1.18e-01 |     -- |  6.30e-01 |  9.60e-01
29288581 |  4.67e-07 |     -- |  9.33e-02 |  1.17e-01 |     -- |  6.30e-01 |  9.59e-01
29297583 |  4.65e-07 |     -- |  9.38e-02 |  1.17e-01 |     -- |  6.28e-01 |  9.57e-01
29306583 |  4.64e-07 |     -- |  9.38e-02 |  1.17e-01 |     -- |  6.27e-01 |  9.56e-01
29315595 |  4.67e-07 |     -- |  9.39e-02 |  1.18e-01 |     -- |  6.30e-01 |  9.59e-01
29324606 |  4.67e-07 |     -- |  9.39e-02 |  1.18e-01 |     -- |  6.29e-01 |  9.59e-01
29333606 |  4.65e-07 |     -- |  9.31e-02 |  1.17e-01 |     -- |  6.28e-01 |  9.57e-01
29342617 |  4.68e-07 |     -- |  9.41e-02 |  1.18e-01 |     -- |  6.30e-01 |  9.60e-01
29351617 |  4.65e-07 |     -- |  9.40e-02 |  1.18e-01 |     -- |  6.28e-01 |  9.57e-01
29360629 |  4.66e-07 |     -- |  9.35e-02 |  1.17e-01 |     -- |  6.28e-01 |  9.58e-01
29369629 |  4.67e-07 |     -- |  9.36e-02 |  1.17e-01 |     -- |  6.29e-01 |  9.59e-01
29378641 |  4.67e-07 |     -- |  9.40e-02 |  1.18e-01 |     -- |  6.30e-01 |  9.59e-01
29387650 |  4.68e-07 |     -- |  9.34e-02 |  1.17e-01 |     -- |  6.29e-01 |  9.60e-01
29396651 |  4.63e-07 |     -- |  9.34e-02 |  1.17e-01 |     -- |  6.27e-01 |  9.55e-01
29405663 |  4.67e-07 |     -- |  9.41e-02 |  1.18e-01 |     -- |  6.30e-01 |  9.59e-01
29414664 |  4.67e-07 |     -- |  9.31e-02 |  1.17e-01 |     -- |  6.29e-01 |  9.59e-01
29423675 |  4.63e-07 |     -- |  9.34e-02 |  1.17e-01 |     -- |  6.27e-01 |  9.55e-01
29432687 |  4.70e-07 |     -- |  9.33e-02 |  1.17e-01 |     -- |  6.31e-01 |  9.63e-01
29441688 |  4.65e-07 |     -- |  9.33e-02 |  1.17e-01 |     -- |  6.29e-01 |  9.58e-01
29450699 |  4.62e-07 |     -- |  9.47e-02 |  1.19e-01 |     -- |  6.27e-01 |  9.54e-01
29459701 |  4.68e-07 |     -- |  9.37e-02 |  1.18e-01 |     -- |  6.29e-01 |  9.60e-01
29468711 |  4.67e-07 |     -- |  9.30e-02 |  1.17e-01 |     -- |  6.30e-01 |  9.60e-01
29477723 |  4.66e-07 |     -- |  9.32e-02 |  1.17e-01 |     -- |  6.28e-01 |  9.58e-01
29486734 |  4.66e-07 |     -- |  9.39e-02 |  1.17e-01 |     -- |  6.29e-01 |  9.58e-01
29495745 |  4.66e-07 |     -- |  9.35e-02 |  1.18e-01 |     -- |  6.29e-01 |  9.58e-01
29504747 |  4.66e-07 |     -- |  9.34e-02 |  1.17e-01 |     -- |  6.29e-01 |  9.58e-01
29513747 |  4.65e-07 |     -- |  9.38e-02 |  1.18e-01 |     -- |  6.29e-01 |  9.58e-01
29522758 |  4.63e-07 |     -- |  9.33e-02 |  1.17e-01 |     -- |  6.27e-01 |  9.55e-01
29531760 |  4.70e-07 |     -- |  9.38e-02 |  1.18e-01 |     -- |  6.31e-01 |  9.62e-01
29540770 |  4.64e-07 |     -- |  9.27e-02 |  1.16e-01 |     -- |  6.28e-01 |  9.56e-01
29549781 |  4.65e-07 |     -- |  9.35e-02 |  1.17e-01 |     -- |  6.28e-01 |  9.57e-01
29558791 |  4.68e-07 |     -- |  9.37e-02 |  1.18e-01 |     -- |  6.29e-01 |  9.60e-01
29567792 |  4.66e-07 |     -- |  9.44e-02 |  1.18e-01 |     -- |  6.29e-01 |  9.59e-01
29576803 |  4.64e-07 |     -- |  9.29e-02 |  1.17e-01 |     -- |  6.27e-01 |  9.56e-01
29585812 |  4.66e-07 |     -- |  9.30e-02 |  1.17e-01 |     -- |  6.29e-01 |  9.59e-01
29594824 |  4.67e-07 |     -- |  9.33e-02 |  1.17e-01 |     -- |  6.30e-01 |  9.60e-01
29603836 |  4.64e-07 |     -- |  9.34e-02 |  1.17e-01 |     -- |  6.28e-01 |  9.57e-01
29612848 |  4.67e-07 |     -- |  9.34e-02 |  1.17e-01 |     -- |  6.29e-01 |  9.59e-01
29621860 |  4.65e-07 |     -- |  9.32e-02 |  1.17e-01 |     -- |  6.28e-01 |  9.57e-01
29630864 |  4.67e-07 |     -- |  9.26e-02 |  1.16e-01 |     -- |  6.30e-01 |  9.60e-01
29639864 |  4.64e-07 |     -- |  9.33e-02 |  1.17e-01 |     -- |  6.27e-01 |  9.56e-01
29648875 |  4.68e-07 |     -- |  9.40e-02 |  1.18e-01 |     -- |  6.30e-01 |  9.60e-01
29657886 |  4.66e-07 |     -- |  9.45e-02 |  1.19e-01 |     -- |  6.29e-01 |  9.58e-01
29666887 |  4.67e-07 |     -- |  9.25e-02 |  1.16e-01 |     -- |  6.29e-01 |  9.60e-01
29675898 |  4.65e-07 |     -- |  9.43e-02 |  1.18e-01 |     -- |  6.28e-01 |  9.57e-01
29684910 |  4.66e-07 |     -- |  9.42e-02 |  1.18e-01 |     -- |  6.29e-01 |  9.59e-01
29693910 |  4.65e-07 |     -- |  9.26e-02 |  1.16e-01 |     -- |  6.28e-01 |  9.57e-01
29702920 |  4.66e-07 |     -- |  9.32e-02 |  1.17e-01 |     -- |  6.29e-01 |  9.58e-01
29711932 |  4.66e-07 |     -- |  9.41e-02 |  1.18e-01 |     -- |  6.28e-01 |  9.58e-01
29720932 |  4.64e-07 |     -- |  9.34e-02 |  1.17e-01 |     -- |  6.28e-01 |  9.56e-01
29729934 |  4.65e-07 |     -- |  9.42e-02 |  1.18e-01 |     -- |  6.28e-01 |  9.57e-01
29738945 |  4.67e-07 |     -- |  9.27e-02 |  1.16e-01 |     -- |  6.29e-01 |  9.59e-01
29747947 |  4.68e-07 |     -- |  9.45e-02 |  1.18e-01 |     -- |  6.30e-01 |  9.60e-01
29756950 |  4.64e-07 |     -- |  9.38e-02 |  1.17e-01 |     -- |  6.28e-01 |  9.56e-01
29765952 |  4.66e-07 |     -- |  9.30e-02 |  1.17e-01 |     -- |  6.28e-01 |  9.58e-01
29774961 |  4.65e-07 |     -- |  9.33e-02 |  1.17e-01 |     -- |  6.28e-01 |  9.57e-01
29783961 |  4.65e-07 |     -- |  9.37e-02 |  1.17e-01 |     -- |  6.28e-01 |  9.57e-01
29792971 |  4.65e-07 |     -- |  9.34e-02 |  1.17e-01 |     -- |  6.28e-01 |  9.57e-01
29801980 |  4.66e-07 |     -- |  9.40e-02 |  1.18e-01 |     -- |  6.29e-01 |  9.58e-01
29810992 |  4.67e-07 |     -- |  9.30e-02 |  1.17e-01 |     -- |  6.29e-01 |  9.60e-01
29819992 |  4.65e-07 |     -- |  9.32e-02 |  1.17e-01 |     -- |  6.29e-01 |  9.57e-01
29828994 |  4.65e-07 |     -- |  9.32e-02 |  1.17e-01 |     -- |  6.28e-01 |  9.58e-01
29837997 |  4.67e-07 |     -- |  9.39e-02 |  1.18e-01 |     -- |  6.29e-01 |  9.59e-01
29846998 |  4.66e-07 |     -- |  9.28e-02 |  1.16e-01 |     -- |  6.29e-01 |  9.58e-01
29855999 |  4.68e-07 |     -- |  9.33e-02 |  1.17e-01 |     -- |  6.29e-01 |  9.60e-01
29865000 |  4.62e-07 |     -- |  9.34e-02 |  1.17e-01 |     -- |  6.26e-01 |  9.54e-01
29874012 |  4.67e-07 |     -- |  9.24e-02 |  1.16e-01 |     -- |  6.29e-01 |  9.59e-01
29883012 |  4.67e-07 |     -- |  9.32e-02 |  1.17e-01 |     -- |  6.29e-01 |  9.59e-01
29892024 |  4.68e-07 |     -- |  9.35e-02 |  1.17e-01 |     -- |  6.30e-01 |  9.60e-01
29901036 |  4.63e-07 |     -- |  9.35e-02 |  1.17e-01 |     -- |  6.28e-01 |  9.56e-01
29910047 |  4.66e-07 |     -- |  9.35e-02 |  1.17e-01 |     -- |  6.29e-01 |  9.58e-01
29919048 |  4.67e-07 |     -- |  9.33e-02 |  1.17e-01 |     -- |  6.30e-01 |  9.60e-01
29928048 |  4.64e-07 |     -- |  9.34e-02 |  1.17e-01 |     -- |  6.27e-01 |  9.56e-01
29937059 |  4.66e-07 |     -- |  9.39e-02 |  1.18e-01 |     -- |  6.29e-01 |  9.58e-01
29946071 |  4.65e-07 |     -- |  9.29e-02 |  1.16e-01 |     -- |  6.29e-01 |  9.58e-01
29955080 |  4.66e-07 |     -- |  9.39e-02 |  1.18e-01 |     -- |  6.28e-01 |  9.58e-01
29964080 |  4.63e-07 |     -- |  9.31e-02 |  1.17e-01 |     -- |  6.28e-01 |  9.55e-01
29973092 |  4.67e-07 |     -- |  9.30e-02 |  1.16e-01 |     -- |  6.29e-01 |  9.59e-01
29982093 |  4.68e-07 |     -- |  9.36e-02 |  1.17e-01 |     -- |  6.30e-01 |  9.60e-01
29991105 |  4.66e-07 |     -- |  9.27e-02 |  1.16e-01 |     -- |  6.29e-01 |  9.58e-01
30000105 |  4.64e-07 |     -- |  9.37e-02 |  1.18e-01 |     -- |  6.28e-01 |  9.56e-01
30009115 |  4.66e-07 |     -- |  9.32e-02 |  1.17e-01 |     -- |  6.28e-01 |  9.58e-01
30018124 |  4.65e-07 |     -- |  9.30e-02 |  1.17e-01 |     -- |  6.28e-01 |  9.57e-01
30027135 |  4.65e-07 |     -- |  9.35e-02 |  1.17e-01 |     -- |  6.28e-01 |  9.57e-01
30036138 |  4.65e-07 |     -- |  9.37e-02 |  1.17e-01 |     -- |  6.29e-01 |  9.57e-01
30045140 |  4.68e-07 |     -- |  9.33e-02 |  1.17e-01 |     -- |  6.31e-01 |  9.61e-01
30054152 |  4.65e-07 |     -- |  9.33e-02 |  1.17e-01 |     -- |  6.28e-01 |  9.57e-01
30063163 |  4.68e-07 |     -- |  9.30e-02 |  1.17e-01 |     -- |  6.30e-01 |  9.61e-01
30072174 |  4.62e-07 |     -- |  9.30e-02 |  1.16e-01 |     -- |  6.26e-01 |  9.54e-01
30081174 |  4.65e-07 |     -- |  9.27e-02 |  1.16e-01 |     -- |  6.29e-01 |  9.58e-01
30090175 |  4.68e-07 |     -- |  9.49e-02 |  1.19e-01 |     -- |  6.29e-01 |  9.60e-01
30099176 |  4.65e-07 |     -- |  9.31e-02 |  1.17e-01 |     -- |  6.28e-01 |  9.57e-01
30108185 |  4.63e-07 |     -- |  9.35e-02 |  1.17e-01 |     -- |  6.28e-01 |  9.55e-01
30117187 |  4.64e-07 |     -- |  9.30e-02 |  1.17e-01 |     -- |  6.27e-01 |  9.56e-01
30126197 |  4.70e-07 |     -- |  9.30e-02 |  1.17e-01 |     -- |  6.30e-01 |  9.62e-01
30135209 |  4.66e-07 |     -- |  9.36e-02 |  1.17e-01 |     -- |  6.28e-01 |  9.58e-01
30144213 |  4.62e-07 |     -- |  9.31e-02 |  1.17e-01 |     -- |  6.27e-01 |  9.54e-01
30153225 |  4.68e-07 |     -- |  9.38e-02 |  1.17e-01 |     -- |  6.29e-01 |  9.60e-01
30162234 |  4.64e-07 |     -- |  9.31e-02 |  1.17e-01 |     -- |  6.28e-01 |  9.56e-01
30171236 |  4.66e-07 |     -- |  9.35e-02 |  1.17e-01 |     -- |  6.28e-01 |  9.58e-01
30180248 |  4.67e-07 |     -- |  9.33e-02 |  1.17e-01 |     -- |  6.29e-01 |  9.59e-01
30189260 |  4.65e-07 |     -- |  9.30e-02 |  1.17e-01 |     -- |  6.28e-01 |  9.58e-01
30198271 |  4.65e-07 |     -- |  9.29e-02 |  1.16e-01 |     -- |  6.29e-01 |  9.58e-01
30207272 |  4.66e-07 |     -- |  9.28e-02 |  1.17e-01 |     -- |  6.28e-01 |  9.59e-01
30216284 |  4.65e-07 |     -- |  9.35e-02 |  1.17e-01 |     -- |  6.28e-01 |  9.57e-01
30225285 |  4.65e-07 |     -- |  9.44e-02 |  1.18e-01 |     -- |  6.29e-01 |  9.57e-01
30234285 |  4.67e-07 |     -- |  9.27e-02 |  1.16e-01 |     -- |  6.29e-01 |  9.60e-01
30243287 |  4.66e-07 |     -- |  9.40e-02 |  1.18e-01 |     -- |  6.29e-01 |  9.58e-01
30252297 |  4.61e-07 |     -- |  9.32e-02 |  1.17e-01 |     -- |  6.26e-01 |  9.53e-01
30261301 |  4.68e-07 |     -- |  9.40e-02 |  1.18e-01 |     -- |  6.29e-01 |  9.60e-01
30270302 |  4.67e-07 |     -- |  9.30e-02 |  1.17e-01 |     -- |  6.28e-01 |  9.59e-01
30279313 |  4.64e-07 |     -- |  9.34e-02 |  1.17e-01 |     -- |  6.28e-01 |  9.56e-01
30288315 |  4.63e-07 |     -- |  9.34e-02 |  1.17e-01 |     -- |  6.27e-01 |  9.55e-01
30297315 |  4.70e-07 |     -- |  9.32e-02 |  1.17e-01 |     -- |  6.31e-01 |  9.62e-01
30306318 |  4.65e-07 |     -- |  9.34e-02 |  1.17e-01 |     -- |  6.28e-01 |  9.57e-01
30315318 |  4.64e-07 |     -- |  9.29e-02 |  1.16e-01 |     -- |  6.27e-01 |  9.56e-01
30324328 |  4.67e-07 |     -- |  9.41e-02 |  1.18e-01 |     -- |  6.30e-01 |  9.59e-01
30333331 |  4.64e-07 |     -- |  9.27e-02 |  1.16e-01 |     -- |  6.28e-01 |  9.57e-01
30342343 |  4.65e-07 |     -- |  9.31e-02 |  1.17e-01 |     -- |  6.28e-01 |  9.58e-01
30351344 |  4.63e-07 |     -- |  9.20e-02 |  1.15e-01 |     -- |  6.27e-01 |  9.56e-01
30360344 |  4.66e-07 |     -- |  9.40e-02 |  1.18e-01 |     -- |  6.29e-01 |  9.58e-01
30369355 |  4.68e-07 |     -- |  9.27e-02 |  1.16e-01 |     -- |  6.29e-01 |  9.60e-01
30378366 |  4.65e-07 |     -- |  9.35e-02 |  1.17e-01 |     -- |  6.28e-01 |  9.57e-01
30387367 |  4.64e-07 |     -- |  9.29e-02 |  1.17e-01 |     -- |  6.27e-01 |  9.56e-01
30396379 |  4.68e-07 |     -- |  9.37e-02 |  1.17e-01 |     -- |  6.30e-01 |  9.61e-01
30405392 |  4.63e-07 |     -- |  9.30e-02 |  1.16e-01 |     -- |  6.28e-01 |  9.55e-01
30414402 |  4.65e-07 |     -- |  9.30e-02 |  1.17e-01 |     -- |  6.27e-01 |  9.58e-01
30423413 |  4.66e-07 |     -- |  9.29e-02 |  1.16e-01 |     -- |  6.30e-01 |  9.59e-01
30432414 |  4.64e-07 |     -- |  9.36e-02 |  1.17e-01 |     -- |  6.27e-01 |  9.56e-01
30441425 |  4.63e-07 |     -- |  9.34e-02 |  1.17e-01 |     -- |  6.28e-01 |  9.55e-01
30450426 |  4.68e-07 |     -- |  9.24e-02 |  1.16e-01 |     -- |  6.30e-01 |  9.60e-01
30459438 |  4.67e-07 |     -- |  9.29e-02 |  1.17e-01 |     -- |  6.29e-01 |  9.60e-01
30468450 |  4.63e-07 |     -- |  9.31e-02 |  1.17e-01 |     -- |  6.27e-01 |  9.56e-01
30477460 |  4.64e-07 |     -- |  9.38e-02 |  1.18e-01 |     -- |  6.27e-01 |  9.56e-01
30486472 |  4.67e-07 |     -- |  9.35e-02 |  1.17e-01 |     -- |  6.29e-01 |  9.60e-01
30495484 |  4.64e-07 |     -- |  9.33e-02 |  1.17e-01 |     -- |  6.27e-01 |  9.56e-01
30504496 |  4.66e-07 |     -- |  9.26e-02 |  1.16e-01 |     -- |  6.28e-01 |  9.58e-01
30513508 |  4.68e-07 |     -- |  9.28e-02 |  1.16e-01 |     -- |  6.30e-01 |  9.60e-01
30522520 |  4.64e-07 |     -- |  9.29e-02 |  1.16e-01 |     -- |  6.27e-01 |  9.56e-01
30531532 |  4.66e-07 |     -- |  9.40e-02 |  1.18e-01 |     -- |  6.29e-01 |  9.58e-01
30540541 |  4.66e-07 |     -- |  9.35e-02 |  1.17e-01 |     -- |  6.28e-01 |  9.58e-01
30549542 |  4.63e-07 |     -- |  9.29e-02 |  1.16e-01 |     -- |  6.27e-01 |  9.55e-01
30558553 |  4.67e-07 |     -- |  9.31e-02 |  1.17e-01 |     -- |  6.29e-01 |  9.59e-01
30567555 |  4.65e-07 |     -- |  9.34e-02 |  1.17e-01 |     -- |  6.28e-01 |  9.57e-01
30576566 |  4.63e-07 |     -- |  9.37e-02 |  1.17e-01 |     -- |  6.28e-01 |  9.55e-01
30585566 |  4.65e-07 |     -- |  9.28e-02 |  1.16e-01 |     -- |  6.28e-01 |  9.57e-01
30594576 |  4.67e-07 |     -- |  9.33e-02 |  1.17e-01 |     -- |  6.29e-01 |  9.59e-01
30603578 |  4.64e-07 |     -- |  9.32e-02 |  1.17e-01 |     -- |  6.27e-01 |  9.56e-01
30612580 |  4.65e-07 |     -- |  9.28e-02 |  1.16e-01 |     -- |  6.28e-01 |  9.57e-01
30621592 |  4.66e-07 |     -- |  9.32e-02 |  1.17e-01 |     -- |  6.29e-01 |  9.58e-01
30630603 |  4.67e-07 |     -- |  9.30e-02 |  1.17e-01 |     -- |  6.28e-01 |  9.59e-01
30639615 |  4.63e-07 |     -- |  9.28e-02 |  1.16e-01 |     -- |  6.27e-01 |  9.55e-01
30648626 |  4.66e-07 |     -- |  9.27e-02 |  1.16e-01 |     -- |  6.28e-01 |  9.59e-01
30657636 |  4.65e-07 |     -- |  9.34e-02 |  1.17e-01 |     -- |  6.28e-01 |  9.57e-01
30666648 |  4.66e-07 |     -- |  9.34e-02 |  1.17e-01 |     -- |  6.29e-01 |  9.58e-01
30675651 |  4.64e-07 |     -- |  9.30e-02 |  1.16e-01 |     -- |  6.28e-01 |  9.56e-01
30684662 |  4.66e-07 |     -- |  9.35e-02 |  1.17e-01 |     -- |  6.28e-01 |  9.58e-01
30693673 |  4.65e-07 |     -- |  9.34e-02 |  1.17e-01 |     -- |  6.28e-01 |  9.57e-01
30702674 |  4.64e-07 |     -- |  9.36e-02 |  1.18e-01 |     -- |  6.27e-01 |  9.56e-01
30711686 |  4.68e-07 |     -- |  9.28e-02 |  1.16e-01 |     -- |  6.30e-01 |  9.60e-01
30720687 |  4.64e-07 |     -- |  9.32e-02 |  1.17e-01 |     -- |  6.27e-01 |  9.56e-01
30729687 |  4.66e-07 |     -- |  9.28e-02 |  1.16e-01 |     -- |  6.28e-01 |  9.58e-01
30738699 |  4.63e-07 |     -- |  9.32e-02 |  1.17e-01 |     -- |  6.27e-01 |  9.55e-01
30747703 |  4.67e-07 |     -- |  9.28e-02 |  1.16e-01 |     -- |  6.29e-01 |  9.59e-01
30756714 |  4.66e-07 |     -- |  9.30e-02 |  1.17e-01 |     -- |  6.28e-01 |  9.58e-01
30765715 |  4.64e-07 |     -- |  9.33e-02 |  1.17e-01 |     -- |  6.27e-01 |  9.56e-01
30774727 |  4.68e-07 |     -- |  9.31e-02 |  1.17e-01 |     -- |  6.30e-01 |  9.60e-01
30783727 |  4.64e-07 |     -- |  9.29e-02 |  1.17e-01 |     -- |  6.28e-01 |  9.56e-01
30792739 |  4.62e-07 |     -- |  9.28e-02 |  1.17e-01 |     -- |  6.26e-01 |  9.54e-01
30801739 |  4.67e-07 |     -- |  9.33e-02 |  1.17e-01 |     -- |  6.29e-01 |  9.59e-01
30810739 |  4.65e-07 |     -- |  9.28e-02 |  1.17e-01 |     -- |  6.28e-01 |  9.58e-01
30819751 |  4.66e-07 |     -- |  9.34e-02 |  1.17e-01 |     -- |  6.29e-01 |  9.58e-01
30828763 |  4.65e-07 |     -- |  9.36e-02 |  1.17e-01 |     -- |  6.28e-01 |  9.57e-01
30837773 |  4.67e-07 |     -- |  9.36e-02 |  1.17e-01 |     -- |  6.29e-01 |  9.59e-01
30846784 |  4.64e-07 |     -- |  9.30e-02 |  1.17e-01 |     -- |  6.27e-01 |  9.56e-01
30855784 |  4.65e-07 |     -- |  9.32e-02 |  1.17e-01 |     -- |  6.28e-01 |  9.58e-01
30864784 |  4.64e-07 |     -- |  9.31e-02 |  1.17e-01 |     -- |  6.28e-01 |  9.57e-01
30873796 |  4.67e-07 |     -- |  9.36e-02 |  1.17e-01 |     -- |  6.29e-01 |  9.60e-01
30882799 |  4.62e-07 |     -- |  9.27e-02 |  1.16e-01 |     -- |  6.26e-01 |  9.54e-01
30891801 |  4.65e-07 |     -- |  9.34e-02 |  1.17e-01 |     -- |  6.28e-01 |  9.57e-01
30900802 |  4.67e-07 |     -- |  9.32e-02 |  1.17e-01 |     -- |  6.29e-01 |  9.60e-01
30909811 |  4.65e-07 |     -- |  9.26e-02 |  1.16e-01 |     -- |  6.29e-01 |  9.57e-01
30918811 |  4.63e-07 |     -- |  9.31e-02 |  1.17e-01 |     -- |  6.27e-01 |  9.55e-01
30927811 |  4.66e-07 |     -- |  9.29e-02 |  1.16e-01 |     -- |  6.29e-01 |  9.59e-01
30936821 |  4.64e-07 |     -- |  9.26e-02 |  1.16e-01 |     -- |  6.27e-01 |  9.56e-01
30945832 |  4.66e-07 |     -- |  9.31e-02 |  1.17e-01 |     -- |  6.29e-01 |  9.58e-01
30954832 |  4.65e-07 |     -- |  9.40e-02 |  1.18e-01 |     -- |  6.28e-01 |  9.57e-01
30963833 |  4.67e-07 |     -- |  9.26e-02 |  1.16e-01 |     -- |  6.29e-01 |  9.59e-01
30972833 |  4.64e-07 |     -- |  9.29e-02 |  1.17e-01 |     -- |  6.28e-01 |  9.56e-01
30981845 |  4.63e-07 |     -- |  9.32e-02 |  1.16e-01 |     -- |  6.27e-01 |  9.56e-01
30990857 |  4.65e-07 |     -- |  9.29e-02 |  1.17e-01 |     -- |  6.28e-01 |  9.58e-01
30999868 |  4.65e-07 |     -- |  9.33e-02 |  1.17e-01 |     -- |  6.28e-01 |  9.58e-01
31008880 |  4.65e-07 |     -- |  9.31e-02 |  1.17e-01 |     -- |  6.28e-01 |  9.57e-01
31017880 |  4.63e-07 |     -- |  9.26e-02 |  1.16e-01 |     -- |  6.28e-01 |  9.56e-01
31026883 |  4.65e-07 |     -- |  9.32e-02 |  1.17e-01 |     -- |  6.28e-01 |  9.58e-01
31035884 |  4.66e-07 |     -- |  9.34e-02 |  1.17e-01 |     -- |  6.29e-01 |  9.58e-01
31044885 |  4.66e-07 |     -- |  9.30e-02 |  1.16e-01 |     -- |  6.28e-01 |  9.58e-01
31053896 |  4.65e-07 |     -- |  9.29e-02 |  1.16e-01 |     -- |  6.28e-01 |  9.57e-01
31062908 |  4.64e-07 |     -- |  9.31e-02 |  1.16e-01 |     -- |  6.28e-01 |  9.57e-01
31071919 |  4.63e-07 |     -- |  9.27e-02 |  1.16e-01 |     -- |  6.27e-01 |  9.56e-01
31080930 |  4.66e-07 |     -- |  9.29e-02 |  1.16e-01 |     -- |  6.29e-01 |  9.59e-01
31089941 |  4.64e-07 |     -- |  9.32e-02 |  1.17e-01 |     -- |  6.27e-01 |  9.56e-01
31098941 |  4.66e-07 |     -- |  9.32e-02 |  1.17e-01 |     -- |  6.29e-01 |  9.58e-01
31107941 |  4.65e-07 |     -- |  9.31e-02 |  1.17e-01 |     -- |  6.28e-01 |  9.57e-01
31116943 |  4.65e-07 |     -- |  9.35e-02 |  1.17e-01 |     -- |  6.29e-01 |  9.58e-01
31125943 |  4.64e-07 |     -- |  9.23e-02 |  1.16e-01 |     -- |  6.27e-01 |  9.56e-01
31134954 |  4.66e-07 |     -- |  9.30e-02 |  1.16e-01 |     -- |  6.29e-01 |  9.59e-01
31143965 |  4.64e-07 |     -- |  9.27e-02 |  1.16e-01 |     -- |  6.27e-01 |  9.57e-01
31152977 |  4.64e-07 |     -- |  9.23e-02 |  1.16e-01 |     -- |  6.28e-01 |  9.57e-01
31161987 |  4.65e-07 |     -- |  9.33e-02 |  1.17e-01 |     -- |  6.28e-01 |  9.58e-01
31170999 |  4.65e-07 |     -- |  9.27e-02 |  1.16e-01 |     -- |  6.28e-01 |  9.58e-01
31180000 |  4.65e-07 |     -- |  9.28e-02 |  1.16e-01 |     -- |  6.28e-01 |  9.57e-01
31189000 |  4.63e-07 |     -- |  9.30e-02 |  1.16e-01 |     -- |  6.27e-01 |  9.55e-01
31198011 |  4.66e-07 |     -- |  9.30e-02 |  1.16e-01 |     -- |  6.28e-01 |  9.58e-01
31207022 |  4.64e-07 |     -- |  9.28e-02 |  1.16e-01 |     -- |  6.28e-01 |  9.57e-01
31216034 |  4.67e-07 |     -- |  9.24e-02 |  1.16e-01 |     -- |  6.29e-01 |  9.59e-01
31225034 |  4.62e-07 |     -- |  9.26e-02 |  1.16e-01 |     -- |  6.27e-01 |  9.54e-01
31234046 |  4.65e-07 |     -- |  9.30e-02 |  1.17e-01 |     -- |  6.28e-01 |  9.57e-01
31243047 |  4.66e-07 |     -- |  9.38e-02 |  1.18e-01 |     -- |  6.28e-01 |  9.58e-01
31252049 |  4.65e-07 |     -- |  9.23e-02 |  1.16e-01 |     -- |  6.29e-01 |  9.58e-01
31261061 |  4.64e-07 |     -- |  9.30e-02 |  1.17e-01 |     -- |  6.28e-01 |  9.57e-01
31270062 |  4.65e-07 |     -- |  9.27e-02 |  1.16e-01 |     -- |  6.28e-01 |  9.57e-01
31279072 |  4.64e-07 |     -- |  9.27e-02 |  1.16e-01 |     -- |  6.27e-01 |  9.56e-01
31288073 |  4.66e-07 |     -- |  9.25e-02 |  1.16e-01 |     -- |  6.29e-01 |  9.59e-01
31297085 |  4.64e-07 |     -- |  9.30e-02 |  1.16e-01 |     -- |  6.27e-01 |  9.56e-01
31306085 |  4.64e-07 |     -- |  9.29e-02 |  1.17e-01 |     -- |  6.28e-01 |  9.57e-01
31315097 |  4.66e-07 |     -- |  9.27e-02 |  1.16e-01 |     -- |  6.28e-01 |  9.58e-01
31324109 |  4.64e-07 |     -- |  9.33e-02 |  1.17e-01 |     -- |  6.27e-01 |  9.56e-01
31333120 |  4.65e-07 |     -- |  9.31e-02 |  1.17e-01 |     -- |  6.28e-01 |  9.57e-01
31342130 |  4.66e-07 |     -- |  9.26e-02 |  1.16e-01 |     -- |  6.28e-01 |  9.58e-01
31351132 |  4.64e-07 |     -- |  9.33e-02 |  1.17e-01 |     -- |  6.28e-01 |  9.56e-01
31360142 |  4.65e-07 |     -- |  9.26e-02 |  1.16e-01 |     -- |  6.28e-01 |  9.57e-01
31369154 |  4.65e-07 |     -- |  9.24e-02 |  1.16e-01 |     -- |  6.28e-01 |  9.58e-01
31378155 |  4.65e-07 |     -- |  9.27e-02 |  1.16e-01 |     -- |  6.28e-01 |  9.57e-01
31387165 |  4.65e-07 |     -- |  9.21e-02 |  1.16e-01 |     -- |  6.28e-01 |  9.57e-01
31396166 |  4.64e-07 |     -- |  9.23e-02 |  1.16e-01 |     -- |  6.28e-01 |  9.56e-01
31405166 |  4.66e-07 |     -- |  9.37e-02 |  1.17e-01 |     -- |  6.28e-01 |  9.58e-01
31414177 |  4.65e-07 |     -- |  9.26e-02 |  1.16e-01 |     -- |  6.28e-01 |  9.58e-01
31423187 |  4.64e-07 |     -- |  9.25e-02 |  1.16e-01 |     -- |  6.27e-01 |  9.57e-01
31432191 |  4.64e-07 |     -- |  9.29e-02 |  1.17e-01 |     -- |  6.28e-01 |  9.57e-01
31441202 |  4.64e-07 |     -- |  9.25e-02 |  1.16e-01 |     -- |  6.28e-01 |  9.57e-01
31450207 |  4.65e-07 |     -- |  9.31e-02 |  1.17e-01 |     -- |  6.28e-01 |  9.57e-01
31459207 |  4.64e-07 |     -- |  9.28e-02 |  1.16e-01 |     -- |  6.28e-01 |  9.57e-01
31468218 |  4.66e-07 |     -- |  9.34e-02 |  1.17e-01 |     -- |  6.28e-01 |  9.58e-01
31477228 |  4.65e-07 |     -- |  9.31e-02 |  1.17e-01 |     -- |  6.28e-01 |  9.57e-01
31486240 |  4.65e-07 |     -- |  9.30e-02 |  1.17e-01 |     -- |  6.28e-01 |  9.58e-01
31495241 |  4.65e-07 |     -- |  9.35e-02 |  1.17e-01 |     -- |  6.28e-01 |  9.57e-01
31504252 |  4.64e-07 |     -- |  9.33e-02 |  1.17e-01 |     -- |  6.28e-01 |  9.56e-01
31513263 |  4.63e-07 |     -- |  9.27e-02 |  1.16e-01 |     -- |  6.27e-01 |  9.55e-01
31522264 |  4.65e-07 |     -- |  9.26e-02 |  1.16e-01 |     -- |  6.28e-01 |  9.58e-01
31531265 |  4.65e-07 |     -- |  9.27e-02 |  1.16e-01 |     -- |  6.28e-01 |  9.58e-01
31540265 |  4.65e-07 |     -- |  9.31e-02 |  1.17e-01 |     -- |  6.28e-01 |  9.57e-01
31549266 |  4.66e-07 |     -- |  9.31e-02 |  1.17e-01 |     -- |  6.28e-01 |  9.58e-01
31558266 |  4.63e-07 |     -- |  9.27e-02 |  1.16e-01 |     -- |  6.27e-01 |  9.55e-01
31567268 |  4.66e-07 |     -- |  9.25e-02 |  1.16e-01 |     -- |  6.28e-01 |  9.58e-01
31576269 |  4.65e-07 |     -- |  9.30e-02 |  1.16e-01 |     -- |  6.28e-01 |  9.57e-01
31585280 |  4.66e-07 |     -- |  9.28e-02 |  1.16e-01 |     -- |  6.28e-01 |  9.58e-01
31594280 |  4.65e-07 |     -- |  9.28e-02 |  1.16e-01 |     -- |  6.27e-01 |  9.57e-01
31603291 |  4.63e-07 |     -- |  9.43e-02 |  1.18e-01 |     -- |  6.27e-01 |  9.55e-01
31612291 |  4.65e-07 |     -- |  9.28e-02 |  1.16e-01 |     -- |  6.28e-01 |  9.57e-01
31621303 |  4.65e-07 |     -- |  9.25e-02 |  1.16e-01 |     -- |  6.28e-01 |  9.57e-01
31630315 |  4.63e-07 |     -- |  9.23e-02 |  1.16e-01 |     -- |  6.27e-01 |  9.55e-01
31639318 |  4.66e-07 |     -- |  9.28e-02 |  1.16e-01 |     -- |  6.28e-01 |  9.59e-01
31648328 |  4.63e-07 |     -- |  9.25e-02 |  1.16e-01 |     -- |  6.27e-01 |  9.56e-01
31657338 |  4.66e-07 |     -- |  9.30e-02 |  1.17e-01 |     -- |  6.28e-01 |  9.58e-01
31666348 |  4.64e-07 |     -- |  9.25e-02 |  1.16e-01 |     -- |  6.28e-01 |  9.56e-01
31675358 |  4.65e-07 |     -- |  9.28e-02 |  1.16e-01 |     -- |  6.27e-01 |  9.57e-01
31684360 |  4.65e-07 |     -- |  9.32e-02 |  1.17e-01 |     -- |  6.28e-01 |  9.57e-01
31693361 |  4.65e-07 |     -- |  9.26e-02 |  1.16e-01 |     -- |  6.28e-01 |  9.57e-01
31702361 |  4.65e-07 |     -- |  9.30e-02 |  1.17e-01 |     -- |  6.28e-01 |  9.58e-01
31711362 |  4.63e-07 |     -- |  9.27e-02 |  1.16e-01 |     -- |  6.27e-01 |  9.55e-01
31720374 |  4.66e-07 |     -- |  9.28e-02 |  1.17e-01 |     -- |  6.29e-01 |  9.58e-01
31729383 |  4.64e-07 |     -- |  9.29e-02 |  1.17e-01 |     -- |  6.27e-01 |  9.56e-01
31738393 |  4.64e-07 |     -- |  9.31e-02 |  1.17e-01 |     -- |  6.27e-01 |  9.56e-01
31747393 |  4.65e-07 |     -- |  9.24e-02 |  1.16e-01 |     -- |  6.28e-01 |  9.57e-01
31756405 |  4.65e-07 |     -- |  9.28e-02 |  1.16e-01 |     -- |  6.28e-01 |  9.58e-01
31765416 |  4.64e-07 |     -- |  9.21e-02 |  1.16e-01 |     -- |  6.28e-01 |  9.57e-01
31774416 |  4.64e-07 |     -- |  9.29e-02 |  1.16e-01 |     -- |  6.27e-01 |  9.56e-01
31783427 |  4.64e-07 |     -- |  9.25e-02 |  1.16e-01 |     -- |  6.28e-01 |  9.57e-01
31792428 |  4.67e-07 |     -- |  9.26e-02 |  1.16e-01 |     -- |  6.28e-01 |  9.59e-01
31801429 |  4.63e-07 |     -- |  9.24e-02 |  1.16e-01 |     -- |  6.27e-01 |  9.55e-01
31810441 |  4.65e-07 |     -- |  9.22e-02 |  1.16e-01 |     -- |  6.28e-01 |  9.58e-01
31819441 |  4.63e-07 |     -- |  9.25e-02 |  1.16e-01 |     -- |  6.27e-01 |  9.56e-01
31828453 |  4.64e-07 |     -- |  9.31e-02 |  1.17e-01 |     -- |  6.28e-01 |  9.56e-01
31837465 |  4.65e-07 |     -- |  9.28e-02 |  1.16e-01 |     -- |  6.28e-01 |  9.57e-01
31846466 |  4.64e-07 |     -- |  9.27e-02 |  1.16e-01 |     -- |  6.27e-01 |  9.56e-01
31855466 |  4.66e-07 |     -- |  9.32e-02 |  1.17e-01 |     -- |  6.28e-01 |  9.58e-01
31864478 |  4.64e-07 |     -- |  9.28e-02 |  1.16e-01 |     -- |  6.28e-01 |  9.56e-01
31873478 |  4.64e-07 |     -- |  9.25e-02 |  1.16e-01 |     -- |  6.27e-01 |  9.57e-01
31882490 |  4.64e-07 |     -- |  9.27e-02 |  1.16e-01 |     -- |  6.27e-01 |  9.56e-01
31891491 |  4.66e-07 |     -- |  9.29e-02 |  1.16e-01 |     -- |  6.28e-01 |  9.59e-01
31900492 |  4.63e-07 |     -- |  9.27e-02 |  1.16e-01 |     -- |  6.27e-01 |  9.55e-01
31909501 |  4.65e-07 |     -- |  9.30e-02 |  1.17e-01 |     -- |  6.28e-01 |  9.57e-01
31918511 |  4.64e-07 |     -- |  9.31e-02 |  1.17e-01 |     -- |  6.28e-01 |  9.56e-01
31927521 |  4.65e-07 |     -- |  9.21e-02 |  1.16e-01 |     -- |  6.28e-01 |  9.58e-01
31936532 |  4.64e-07 |     -- |  9.30e-02 |  1.16e-01 |     -- |  6.28e-01 |  9.57e-01
31945542 |  4.65e-07 |     -- |  9.27e-02 |  1.16e-01 |     -- |  6.28e-01 |  9.57e-01
31954544 |  4.65e-07 |     -- |  9.25e-02 |  1.16e-01 |     -- |  6.28e-01 |  9.57e-01
31963544 |  4.63e-07 |     -- |  9.33e-02 |  1.17e-01 |     -- |  6.27e-01 |  9.56e-01
31972545 |  4.64e-07 |     -- |  9.25e-02 |  1.16e-01 |     -- |  6.27e-01 |  9.56e-01
31981547 |  4.65e-07 |     -- |  9.27e-02 |  1.16e-01 |     -- |  6.28e-01 |  9.58e-01
31990550 |  4.65e-07 |     -- |  9.20e-02 |  1.15e-01 |     -- |  6.28e-01 |  9.57e-01
31999550 |  4.63e-07 |     -- |  9.32e-02 |  1.17e-01 |     -- |  6.26e-01 |  9.55e-01
32008561 |  4.66e-07 |     -- |  9.24e-02 |  1.16e-01 |     -- |  6.28e-01 |  9.58e-01
32017573 |  4.64e-07 |     -- |  9.21e-02 |  1.16e-01 |     -- |  6.28e-01 |  9.57e-01
32026573 |  4.64e-07 |     -- |  9.26e-02 |  1.16e-01 |     -- |  6.27e-01 |  9.57e-01
32035573 |  4.64e-07 |     -- |  9.29e-02 |  1.17e-01 |     -- |  6.27e-01 |  9.56e-01
32044584 |  4.65e-07 |     -- |  9.20e-02 |  1.16e-01 |     -- |  6.28e-01 |  9.58e-01
32053587 |  4.63e-07 |     -- |  9.33e-02 |  1.17e-01 |     -- |  6.27e-01 |  9.56e-01
32062587 |  4.65e-07 |     -- |  9.29e-02 |  1.16e-01 |     -- |  6.28e-01 |  9.57e-01
32071599 |  4.65e-07 |     -- |  9.23e-02 |  1.16e-01 |     -- |  6.28e-01 |  9.57e-01
32080611 |  4.64e-07 |     -- |  9.26e-02 |  1.16e-01 |     -- |  6.28e-01 |  9.57e-01
32089622 |  4.65e-07 |     -- |  9.25e-02 |  1.16e-01 |     -- |  6.27e-01 |  9.57e-01
32098622 |  4.65e-07 |     -- |  9.26e-02 |  1.16e-01 |     -- |  6.28e-01 |  9.57e-01
32107633 |  4.65e-07 |     -- |  9.20e-02 |  1.16e-01 |     -- |  6.28e-01 |  9.57e-01
32116639 |  4.63e-07 |     -- |  9.26e-02 |  1.16e-01 |     -- |  6.27e-01 |  9.55e-01
32125639 |  4.64e-07 |     -- |  9.29e-02 |  1.16e-01 |     -- |  6.27e-01 |  9.56e-01
32134639 |  4.63e-07 |     -- |  9.35e-02 |  1.17e-01 |     -- |  6.27e-01 |  9.56e-01
32143650 |  4.66e-07 |     -- |  9.22e-02 |  1.16e-01 |     -- |  6.29e-01 |  9.59e-01
32152660 |  4.64e-07 |     -- |  9.24e-02 |  1.16e-01 |     -- |  6.28e-01 |  9.57e-01
32161671 |  4.65e-07 |     -- |  9.26e-02 |  1.16e-01 |     -- |  6.27e-01 |  9.57e-01
32170681 |  4.63e-07 |     -- |  9.27e-02 |  1.16e-01 |     -- |  6.27e-01 |  9.55e-01
32179683 |  4.64e-07 |     -- |  9.29e-02 |  1.16e-01 |     -- |  6.28e-01 |  9.57e-01
32188694 |  4.66e-07 |     -- |  9.32e-02 |  1.17e-01 |     -- |  6.28e-01 |  9.58e-01
32197697 |  4.64e-07 |     -- |  9.25e-02 |  1.16e-01 |     -- |  6.27e-01 |  9.56e-01
32206699 |  4.65e-07 |     -- |  9.25e-02 |  1.16e-01 |     -- |  6.28e-01 |  9.57e-01
32215700 |  4.63e-07 |     -- |  9.25e-02 |  1.16e-01 |     -- |  6.27e-01 |  9.55e-01
32224710 |  4.65e-07 |     -- |  9.28e-02 |  1.16e-01 |     -- |  6.28e-01 |  9.57e-01
32233713 |  4.65e-07 |     -- |  9.20e-02 |  1.16e-01 |     -- |  6.28e-01 |  9.57e-01
32242714 |  4.65e-07 |     -- |  9.24e-02 |  1.16e-01 |     -- |  6.28e-01 |  9.58e-01
32251714 |  4.64e-07 |     -- |  9.31e-02 |  1.17e-01 |     -- |  6.27e-01 |  9.56e-01
32260715 |  4.63e-07 |     -- |  9.27e-02 |  1.16e-01 |     -- |  6.27e-01 |  9.55e-01
32269717 |  4.65e-07 |     -- |  9.28e-02 |  1.17e-01 |     -- |  6.27e-01 |  9.57e-01
32278729 |  4.66e-07 |     -- |  9.28e-02 |  1.16e-01 |     -- |  6.28e-01 |  9.58e-01
32287741 |  4.62e-07 |     -- |  9.30e-02 |  1.17e-01 |     -- |  6.26e-01 |  9.54e-01
32296750 |  4.65e-07 |     -- |  9.22e-02 |  1.16e-01 |     -- |  6.28e-01 |  9.57e-01
32305750 |  4.65e-07 |     -- |  9.27e-02 |  1.16e-01 |     -- |  6.28e-01 |  9.57e-01
32314760 |  4.64e-07 |     -- |  9.25e-02 |  1.16e-01 |     -- |  6.27e-01 |  9.56e-01
32323761 |  4.65e-07 |     -- |  9.26e-02 |  1.16e-01 |     -- |  6.28e-01 |  9.57e-01
32332770 |  4.64e-07 |     -- |  9.28e-02 |  1.16e-01 |     -- |  6.27e-01 |  9.57e-01
32341771 |  4.62e-07 |     -- |  9.21e-02 |  1.15e-01 |     -- |  6.27e-01 |  9.55e-01
32350782 |  4.65e-07 |     -- |  9.25e-02 |  1.16e-01 |     -- |  6.28e-01 |  9.58e-01
32359784 |  4.64e-07 |     -- |  9.26e-02 |  1.16e-01 |     -- |  6.28e-01 |  9.56e-01
32368796 |  4.65e-07 |     -- |  9.21e-02 |  1.16e-01 |     -- |  6.28e-01 |  9.57e-01
32377808 |  4.65e-07 |     -- |  9.25e-02 |  1.16e-01 |     -- |  6.28e-01 |  9.57e-01
32386819 |  4.64e-07 |     -- |  9.29e-02 |  1.17e-01 |     -- |  6.27e-01 |  9.56e-01
32395830 |  4.65e-07 |     -- |  9.28e-02 |  1.16e-01 |     -- |  6.28e-01 |  9.57e-01
32404831 |  4.63e-07 |     -- |  9.29e-02 |  1.17e-01 |     -- |  6.27e-01 |  9.55e-01
32413842 |  4.66e-07 |     -- |  9.25e-02 |  1.16e-01 |     -- |  6.29e-01 |  9.58e-01
32422854 |  4.64e-07 |     -- |  9.22e-02 |  1.15e-01 |     -- |  6.27e-01 |  9.57e-01
32431855 |  4.64e-07 |     -- |  9.28e-02 |  1.16e-01 |     -- |  6.27e-01 |  9.56e-01
32440866 |  4.64e-07 |     -- |  9.30e-02 |  1.17e-01 |     -- |  6.27e-01 |  9.56e-01
32449868 |  4.66e-07 |     -- |  9.28e-02 |  1.16e-01 |     -- |  6.28e-01 |  9.58e-01
32458868 |  4.64e-07 |     -- |  9.21e-02 |  1.16e-01 |     -- |  6.28e-01 |  9.56e-01
32467880 |  4.62e-07 |     -- |  9.30e-02 |  1.16e-01 |     -- |  6.26e-01 |  9.54e-01
32476880 |  4.66e-07 |     -- |  9.28e-02 |  1.16e-01 |     -- |  6.28e-01 |  9.58e-01
32485890 |  4.64e-07 |     -- |  9.25e-02 |  1.16e-01 |     -- |  6.27e-01 |  9.57e-01
32494901 |  4.64e-07 |     -- |  9.23e-02 |  1.16e-01 |     -- |  6.28e-01 |  9.56e-01
32503911 |  4.65e-07 |     -- |  9.27e-02 |  1.16e-01 |     -- |  6.28e-01 |  9.57e-01
32512911 |  4.65e-07 |     -- |  9.20e-02 |  1.15e-01 |     -- |  6.28e-01 |  9.58e-01
32521923 |  4.62e-07 |     -- |  9.26e-02 |  1.16e-01 |     -- |  6.26e-01 |  9.54e-01
32530935 |  4.66e-07 |     -- |  9.21e-02 |  1.16e-01 |     -- |  6.28e-01 |  9.59e-01
32539944 |  4.64e-07 |     -- |  9.24e-02 |  1.16e-01 |     -- |  6.27e-01 |  9.56e-01
32548944 |  4.64e-07 |     -- |  9.27e-02 |  1.16e-01 |     -- |  6.28e-01 |  9.56e-01
32557956 |  4.65e-07 |     -- |  9.28e-02 |  1.16e-01 |     -- |  6.27e-01 |  9.57e-01
32566967 |  4.63e-07 |     -- |  9.20e-02 |  1.15e-01 |     -- |  6.27e-01 |  9.55e-01
32575970 |  4.64e-07 |     -- |  9.26e-02 |  1.16e-01 |     -- |  6.27e-01 |  9.56e-01
32584971 |  4.63e-07 |     -- |  9.27e-02 |  1.16e-01 |     -- |  6.27e-01 |  9.55e-01
32593983 |  4.67e-07 |     -- |  9.21e-02 |  1.16e-01 |     -- |  6.29e-01 |  9.59e-01
32602984 |  4.64e-07 |     -- |  9.25e-02 |  1.16e-01 |     -- |  6.27e-01 |  9.56e-01
32611984 |  4.64e-07 |     -- |  9.22e-02 |  1.16e-01 |     -- |  6.28e-01 |  9.57e-01
32620984 |  4.63e-07 |     -- |  9.22e-02 |  1.16e-01 |     -- |  6.27e-01 |  9.56e-01
32629987 |  4.64e-07 |     -- |  9.35e-02 |  1.17e-01 |     -- |  6.27e-01 |  9.56e-01
32638988 |  4.65e-07 |     -- |  9.23e-02 |  1.16e-01 |     -- |  6.28e-01 |  9.57e-01
32647992 |  4.63e-07 |     -- |  9.25e-02 |  1.16e-01 |     -- |  6.27e-01 |  9.56e-01
32656993 |  4.65e-07 |     -- |  9.26e-02 |  1.16e-01 |     -- |  6.28e-01 |  9.57e-01
32665993 |  4.64e-07 |     -- |  9.29e-02 |  1.16e-01 |     -- |  6.28e-01 |  9.57e-01
32675002 |  4.65e-07 |     -- |  9.23e-02 |  1.16e-01 |     -- |  6.27e-01 |  9.57e-01
32684014 |  4.65e-07 |     -- |  9.22e-02 |  1.16e-01 |     -- |  6.28e-01 |  9.58e-01
32693026 |  4.63e-07 |     -- |  9.26e-02 |  1.16e-01 |     -- |  6.27e-01 |  9.56e-01
32702028 |  4.61e-07 |     -- |  9.27e-02 |  1.16e-01 |     -- |  6.26e-01 |  9.54e-01
32711040 |  4.67e-07 |     -- |  9.24e-02 |  1.16e-01 |     -- |  6.29e-01 |  9.59e-01
32720041 |  4.64e-07 |     -- |  9.29e-02 |  1.17e-01 |     -- |  6.27e-01 |  9.56e-01
32729050 |  4.64e-07 |     -- |  9.29e-02 |  1.16e-01 |     -- |  6.27e-01 |  9.56e-01
32738051 |  4.63e-07 |     -- |  9.18e-02 |  1.15e-01 |     -- |  6.26e-01 |  9.56e-01
32747063 |  4.64e-07 |     -- |  9.28e-02 |  1.16e-01 |     -- |  6.27e-01 |  9.57e-01
32756063 |  4.63e-07 |     -- |  9.23e-02 |  1.16e-01 |     -- |  6.27e-01 |  9.56e-01
32765074 |  4.64e-07 |     -- |  9.26e-02 |  1.16e-01 |     -- |  6.27e-01 |  9.56e-01
32774084 |  4.66e-07 |     -- |  9.27e-02 |  1.16e-01 |     -- |  6.29e-01 |  9.58e-01
32783095 |  4.63e-07 |     -- |  9.30e-02 |  1.16e-01 |     -- |  6.27e-01 |  9.55e-01
32792107 |  4.64e-07 |     -- |  9.24e-02 |  1.16e-01 |     -- |  6.27e-01 |  9.57e-01
32801119 |  4.65e-07 |     -- |  9.26e-02 |  1.16e-01 |     -- |  6.28e-01 |  9.57e-01
32810123 |  4.62e-07 |     -- |  9.24e-02 |  1.16e-01 |     -- |  6.26e-01 |  9.54e-01
32819123 |  4.65e-07 |     -- |  9.32e-02 |  1.17e-01 |     -- |  6.28e-01 |  9.57e-01
32828124 |  4.65e-07 |     -- |  9.29e-02 |  1.16e-01 |     -- |  6.28e-01 |  9.57e-01
32837135 |  4.63e-07 |     -- |  9.23e-02 |  1.16e-01 |     -- |  6.27e-01 |  9.56e-01
32846147 |  4.65e-07 |     -- |  9.23e-02 |  1.16e-01 |     -- |  6.27e-01 |  9.57e-01
32855156 |  4.63e-07 |     -- |  9.23e-02 |  1.16e-01 |     -- |  6.27e-01 |  9.56e-01
32864159 |  4.67e-07 |     -- |  9.29e-02 |  1.16e-01 |     -- |  6.29e-01 |  9.59e-01
32873162 |  4.63e-07 |     -- |  9.27e-02 |  1.16e-01 |     -- |  6.26e-01 |  9.55e-01
32882165 |  4.65e-07 |     -- |  9.26e-02 |  1.16e-01 |     -- |  6.28e-01 |  9.58e-01
32891167 |  4.64e-07 |     -- |  9.27e-02 |  1.16e-01 |     -- |  6.28e-01 |  9.57e-01
32900179 |  4.63e-07 |     -- |  9.27e-02 |  1.16e-01 |     -- |  6.27e-01 |  9.55e-01
32909179 |  4.66e-07 |     -- |  9.17e-02 |  1.15e-01 |     -- |  6.28e-01 |  9.58e-01
32918180 |  4.62e-07 |     -- |  9.23e-02 |  1.16e-01 |     -- |  6.26e-01 |  9.54e-01
32927192 |  4.64e-07 |     -- |  9.26e-02 |  1.16e-01 |     -- |  6.28e-01 |  9.57e-01
32936195 |  4.64e-07 |     -- |  9.22e-02 |  1.15e-01 |     -- |  6.27e-01 |  9.56e-01
32945206 |  4.66e-07 |     -- |  9.23e-02 |  1.16e-01 |     -- |  6.28e-01 |  9.58e-01
32954206 |  4.63e-07 |     -- |  9.21e-02 |  1.16e-01 |     -- |  6.27e-01 |  9.56e-01
32963218 |  4.65e-07 |     -- |  9.28e-02 |  1.16e-01 |     -- |  6.28e-01 |  9.58e-01
32972223 |  4.64e-07 |     -- |  9.25e-02 |  1.16e-01 |     -- |  6.27e-01 |  9.56e-01
32981223 |  4.63e-07 |     -- |  9.29e-02 |  1.16e-01 |     -- |  6.27e-01 |  9.55e-01
32990234 |  4.64e-07 |     -- |  9.19e-02 |  1.15e-01 |     -- |  6.27e-01 |  9.56e-01
32999245 |  4.65e-07 |     -- |  9.22e-02 |  1.16e-01 |     -- |  6.28e-01 |  9.58e-01
33008245 |  4.63e-07 |     -- |  9.25e-02 |  1.16e-01 |     -- |  6.26e-01 |  9.55e-01
33017246 |  4.65e-07 |     -- |  9.24e-02 |  1.16e-01 |     -- |  6.28e-01 |  9.58e-01
33026246 |  4.63e-07 |     -- |  9.26e-02 |  1.16e-01 |     -- |  6.27e-01 |  9.56e-01
33035252 |  4.65e-07 |     -- |  9.30e-02 |  1.17e-01 |     -- |  6.28e-01 |  9.57e-01
33044262 |  4.64e-07 |     -- |  9.22e-02 |  1.16e-01 |     -- |  6.27e-01 |  9.56e-01
33053263 |  4.63e-07 |     -- |  9.20e-02 |  1.15e-01 |     -- |  6.27e-01 |  9.55e-01
33062273 |  4.63e-07 |     -- |  9.30e-02 |  1.17e-01 |     -- |  6.27e-01 |  9.55e-01
33071285 |  4.65e-07 |     -- |  9.21e-02 |  1.16e-01 |     -- |  6.28e-01 |  9.58e-01
33080296 |  4.63e-07 |     -- |  9.24e-02 |  1.16e-01 |     -- |  6.27e-01 |  9.56e-01
33089297 |  4.67e-07 |     -- |  9.22e-02 |  1.16e-01 |     -- |  6.29e-01 |  9.60e-01
33098308 |  4.60e-07 |     -- |  9.17e-02 |  1.15e-01 |     -- |  6.26e-01 |  9.52e-01
33107309 |  4.66e-07 |     -- |  9.19e-02 |  1.15e-01 |     -- |  6.28e-01 |  9.59e-01
33116309 |  4.63e-07 |     -- |  9.26e-02 |  1.16e-01 |     -- |  6.27e-01 |  9.55e-01
33125309 |  4.65e-07 |     -- |  9.20e-02 |  1.16e-01 |     -- |  6.28e-01 |  9.57e-01
33134319 |  4.66e-07 |     -- |  9.28e-02 |  1.16e-01 |     -- |  6.28e-01 |  9.58e-01
33143331 |  4.61e-07 |     -- |  9.23e-02 |  1.15e-01 |     -- |  6.26e-01 |  9.54e-01
33152331 |  4.65e-07 |     -- |  9.23e-02 |  1.16e-01 |     -- |  6.27e-01 |  9.57e-01
33161343 |  4.63e-07 |     -- |  9.21e-02 |  1.16e-01 |     -- |  6.27e-01 |  9.55e-01
33170343 |  4.67e-07 |     -- |  9.25e-02 |  1.16e-01 |     -- |  6.28e-01 |  9.59e-01
33179344 |  4.61e-07 |     -- |  9.22e-02 |  1.16e-01 |     -- |  6.26e-01 |  9.54e-01
33188354 |  4.66e-07 |     -- |  9.29e-02 |  1.16e-01 |     -- |  6.28e-01 |  9.58e-01
33197365 |  4.63e-07 |     -- |  9.19e-02 |  1.15e-01 |     -- |  6.27e-01 |  9.55e-01
33206365 |  4.65e-07 |     -- |  9.26e-02 |  1.16e-01 |     -- |  6.28e-01 |  9.57e-01
33215377 |  4.63e-07 |     -- |  9.31e-02 |  1.16e-01 |     -- |  6.27e-01 |  9.55e-01
33224388 |  4.65e-07 |     -- |  9.28e-02 |  1.16e-01 |     -- |  6.28e-01 |  9.57e-01
33233398 |  4.64e-07 |     -- |  9.21e-02 |  1.15e-01 |     -- |  6.28e-01 |  9.56e-01
33242410 |  4.63e-07 |     -- |  9.24e-02 |  1.16e-01 |     -- |  6.26e-01 |  9.55e-01
33251410 |  4.63e-07 |     -- |  9.15e-02 |  1.15e-01 |     -- |  6.27e-01 |  9.55e-01
33260412 |  4.66e-07 |     -- |  9.22e-02 |  1.16e-01 |     -- |  6.28e-01 |  9.59e-01
33269422 |  4.64e-07 |     -- |  9.25e-02 |  1.16e-01 |     -- |  6.27e-01 |  9.56e-01
33278434 |  4.66e-07 |     -- |  9.22e-02 |  1.16e-01 |     -- |  6.29e-01 |  9.59e-01
33287435 |  4.61e-07 |     -- |  9.25e-02 |  1.16e-01 |     -- |  6.26e-01 |  9.53e-01
33296447 |  4.66e-07 |     -- |  9.26e-02 |  1.16e-01 |     -- |  6.28e-01 |  9.58e-01
33305459 |  4.66e-07 |     -- |  9.24e-02 |  1.16e-01 |     -- |  6.29e-01 |  9.59e-01
33314459 |  4.62e-07 |     -- |  9.28e-02 |  1.16e-01 |     -- |  6.26e-01 |  9.54e-01
33323470 |  4.62e-07 |     -- |  9.27e-02 |  1.16e-01 |     -- |  6.26e-01 |  9.54e-01
33332479 |  4.64e-07 |     -- |  9.19e-02 |  1.15e-01 |     -- |  6.28e-01 |  9.56e-01
33341491 |  4.64e-07 |     -- |  9.28e-02 |  1.16e-01 |     -- |  6.27e-01 |  9.57e-01
33350493 |  4.66e-07 |     -- |  9.26e-02 |  1.16e-01 |     -- |  6.28e-01 |  9.58e-01
33359503 |  4.63e-07 |     -- |  9.22e-02 |  1.16e-01 |     -- |  6.27e-01 |  9.56e-01
33368507 |  4.64e-07 |     -- |  9.22e-02 |  1.16e-01 |     -- |  6.27e-01 |  9.56e-01
33377519 |  4.63e-07 |     -- |  9.27e-02 |  1.16e-01 |     -- |  6.27e-01 |  9.55e-01
33386530 |  4.65e-07 |     -- |  9.28e-02 |  1.16e-01 |     -- |  6.28e-01 |  9.57e-01
33395534 |  4.62e-07 |     -- |  9.22e-02 |  1.16e-01 |     -- |  6.26e-01 |  9.54e-01
33404544 |  4.66e-07 |     -- |  9.19e-02 |  1.15e-01 |     -- |  6.28e-01 |  9.59e-01
33413546 |  4.63e-07 |     -- |  9.27e-02 |  1.16e-01 |     -- |  6.26e-01 |  9.55e-01
33422546 |  4.63e-07 |     -- |  9.22e-02 |  1.16e-01 |     -- |  6.27e-01 |  9.55e-01
33431546 |  4.66e-07 |     -- |  9.24e-02 |  1.16e-01 |     -- |  6.28e-01 |  9.59e-01
33440556 |  4.62e-07 |     -- |  9.28e-02 |  1.16e-01 |     -- |  6.26e-01 |  9.54e-01
33449568 |  4.65e-07 |     -- |  9.18e-02 |  1.15e-01 |     -- |  6.28e-01 |  9.57e-01
33458578 |  4.64e-07 |     -- |  9.27e-02 |  1.16e-01 |     -- |  6.27e-01 |  9.56e-01
33467580 |  4.63e-07 |     -- |  9.21e-02 |  1.15e-01 |     -- |  6.27e-01 |  9.56e-01
33476592 |  4.63e-07 |     -- |  9.23e-02 |  1.16e-01 |     -- |  6.27e-01 |  9.55e-01
33485602 |  4.65e-07 |     -- |  9.22e-02 |  1.16e-01 |     -- |  6.28e-01 |  9.58e-01
33494604 |  4.64e-07 |     -- |  9.20e-02 |  1.15e-01 |     -- |  6.28e-01 |  9.56e-01
33503616 |  4.64e-07 |     -- |  9.18e-02 |  1.15e-01 |     -- |  6.27e-01 |  9.56e-01
33512616 |  4.65e-07 |     -- |  9.29e-02 |  1.16e-01 |     -- |  6.28e-01 |  9.58e-01
33521617 |  4.63e-07 |     -- |  9.20e-02 |  1.16e-01 |     -- |  6.27e-01 |  9.56e-01
33530627 |  4.62e-07 |     -- |  9.26e-02 |  1.16e-01 |     -- |  6.26e-01 |  9.54e-01
33539627 |  4.67e-07 |     -- |  9.23e-02 |  1.16e-01 |     -- |  6.29e-01 |  9.59e-01
33548627 |  4.60e-07 |     -- |  9.28e-02 |  1.16e-01 |     -- |  6.25e-01 |  9.52e-01
33557638 |  4.67e-07 |     -- |  9.17e-02 |  1.15e-01 |     -- |  6.29e-01 |  9.59e-01
33566649 |  4.62e-07 |     -- |  9.22e-02 |  1.16e-01 |     -- |  6.26e-01 |  9.54e-01
33575651 |  4.66e-07 |     -- |  9.28e-02 |  1.16e-01 |     -- |  6.28e-01 |  9.58e-01
33584660 |  4.63e-07 |     -- |  9.27e-02 |  1.16e-01 |     -- |  6.27e-01 |  9.55e-01
33593660 |  4.65e-07 |     -- |  9.27e-02 |  1.16e-01 |     -- |  6.27e-01 |  9.57e-01
33602671 |  4.64e-07 |     -- |  9.20e-02 |  1.15e-01 |     -- |  6.27e-01 |  9.56e-01
33611671 |  4.63e-07 |     -- |  9.25e-02 |  1.16e-01 |     -- |  6.27e-01 |  9.55e-01
33620683 |  4.64e-07 |     -- |  9.16e-02 |  1.15e-01 |     -- |  6.27e-01 |  9.56e-01
33629684 |  4.67e-07 |     -- |  9.32e-02 |  1.17e-01 |     -- |  6.28e-01 |  9.59e-01
33638694 |  4.62e-07 |     -- |  9.16e-02 |  1.15e-01 |     -- |  6.26e-01 |  9.54e-01
33647703 |  4.64e-07 |     -- |  9.26e-02 |  1.16e-01 |     -- |  6.27e-01 |  9.56e-01
33656704 |  4.65e-07 |     -- |  9.27e-02 |  1.16e-01 |     -- |  6.28e-01 |  9.58e-01
33665704 |  4.62e-07 |     -- |  9.17e-02 |  1.15e-01 |     -- |  6.26e-01 |  9.54e-01
33674705 |  4.64e-07 |     -- |  9.28e-02 |  1.16e-01 |     -- |  6.27e-01 |  9.56e-01
33683705 |  4.62e-07 |     -- |  9.20e-02 |  1.15e-01 |     -- |  6.27e-01 |  9.54e-01
33692705 |  4.67e-07 |     -- |  9.23e-02 |  1.16e-01 |     -- |  6.28e-01 |  9.59e-01
33701709 |  4.63e-07 |     -- |  9.21e-02 |  1.15e-01 |     -- |  6.27e-01 |  9.55e-01
33710718 |  4.66e-07 |     -- |  9.24e-02 |  1.16e-01 |     -- |  6.28e-01 |  9.58e-01
33719718 |  4.63e-07 |     -- |  9.24e-02 |  1.16e-01 |     -- |  6.27e-01 |  9.55e-01
33728719 |  4.62e-07 |     -- |  9.17e-02 |  1.15e-01 |     -- |  6.26e-01 |  9.54e-01
33737719 |  4.65e-07 |     -- |  9.30e-02 |  1.16e-01 |     -- |  6.27e-01 |  9.57e-01
33746730 |  4.65e-07 |     -- |  9.20e-02 |  1.15e-01 |     -- |  6.28e-01 |  9.57e-01
33755730 |  4.63e-07 |     -- |  9.21e-02 |  1.16e-01 |     -- |  6.27e-01 |  9.55e-01
33764742 |  4.64e-07 |     -- |  9.24e-02 |  1.16e-01 |     -- |  6.27e-01 |  9.56e-01
33773742 |  4.65e-07 |     -- |  9.25e-02 |  1.16e-01 |     -- |  6.28e-01 |  9.58e-01
33782753 |  4.61e-07 |     -- |  9.29e-02 |  1.16e-01 |     -- |  6.25e-01 |  9.53e-01
33791762 |  4.64e-07 |     -- |  9.21e-02 |  1.15e-01 |     -- |  6.28e-01 |  9.57e-01
33800774 |  4.64e-07 |     -- |  9.24e-02 |  1.16e-01 |     -- |  6.27e-01 |  9.57e-01
33809775 |  4.63e-07 |     -- |  9.20e-02 |  1.16e-01 |     -- |  6.26e-01 |  9.56e-01
33818784 |  4.63e-07 |     -- |  9.30e-02 |  1.16e-01 |     -- |  6.27e-01 |  9.55e-01
33827796 |  4.64e-07 |     -- |  9.20e-02 |  1.16e-01 |     -- |  6.28e-01 |  9.57e-01
33836806 |  4.63e-07 |     -- |  9.20e-02 |  1.15e-01 |     -- |  6.26e-01 |  9.56e-01
33845806 |  4.64e-07 |     -- |  9.24e-02 |  1.16e-01 |     -- |  6.28e-01 |  9.56e-01
33854807 |  4.65e-07 |     -- |  9.24e-02 |  1.16e-01 |     -- |  6.27e-01 |  9.57e-01
33863819 |  4.65e-07 |     -- |  9.25e-02 |  1.16e-01 |     -- |  6.27e-01 |  9.58e-01
33872820 |  4.62e-07 |     -- |  9.27e-02 |  1.16e-01 |     -- |  6.26e-01 |  9.54e-01
33881822 |  4.64e-07 |     -- |  9.20e-02 |  1.16e-01 |     -- |  6.28e-01 |  9.56e-01
33890834 |  4.63e-07 |     -- |  9.28e-02 |  1.16e-01 |     -- |  6.27e-01 |  9.55e-01
33899846 |  4.64e-07 |     -- |  9.21e-02 |  1.15e-01 |     -- |  6.27e-01 |  9.57e-01
33908846 |  4.63e-07 |     -- |  9.22e-02 |  1.16e-01 |     -- |  6.26e-01 |  9.55e-01
33917858 |  4.68e-07 |     -- |  9.26e-02 |  1.16e-01 |     -- |  6.29e-01 |  9.60e-01
33926858 |  4.62e-07 |     -- |  9.22e-02 |  1.16e-01 |     -- |  6.26e-01 |  9.54e-01
33935858 |  4.62e-07 |     -- |  9.27e-02 |  1.16e-01 |     -- |  6.26e-01 |  9.55e-01
33944859 |  4.65e-07 |     -- |  9.27e-02 |  1.16e-01 |     -- |  6.28e-01 |  9.57e-01
33953859 |  4.63e-07 |     -- |  9.18e-02 |  1.15e-01 |     -- |  6.27e-01 |  9.56e-01
33962862 |  4.65e-07 |     -- |  9.23e-02 |  1.15e-01 |     -- |  6.27e-01 |  9.57e-01
33971862 |  4.64e-07 |     -- |  9.30e-02 |  1.16e-01 |     -- |  6.27e-01 |  9.56e-01
33980874 |  4.64e-07 |     -- |  9.21e-02 |  1.15e-01 |     -- |  6.28e-01 |  9.57e-01
33989874 |  4.60e-07 |     -- |  9.21e-02 |  1.16e-01 |     -- |  6.25e-01 |  9.52e-01
33998885 |  4.67e-07 |     -- |  9.18e-02 |  1.15e-01 |     -- |  6.28e-01 |  9.59e-01
34007886 |  4.59e-07 |     -- |  9.25e-02 |  1.16e-01 |     -- |  6.24e-01 |  9.51e-01
34016886 |  4.67e-07 |     -- |  9.23e-02 |  1.16e-01 |     -- |  6.29e-01 |  9.59e-01
34025887 |  4.65e-07 |     -- |  9.27e-02 |  1.16e-01 |     -- |  6.27e-01 |  9.57e-01
34034888 |  4.64e-07 |     -- |  9.23e-02 |  1.16e-01 |     -- |  6.28e-01 |  9.56e-01
34043898 |  4.64e-07 |     -- |  9.20e-02 |  1.15e-01 |     -- |  6.27e-01 |  9.56e-01
34052899 |  4.63e-07 |     -- |  9.23e-02 |  1.16e-01 |     -- |  6.27e-01 |  9.55e-01
34061902 |  4.63e-07 |     -- |  9.23e-02 |  1.16e-01 |     -- |  6.27e-01 |  9.56e-01
34070914 |  4.63e-07 |     -- |  9.28e-02 |  1.16e-01 |     -- |  6.27e-01 |  9.56e-01
34079915 |  4.65e-07 |     -- |  9.20e-02 |  1.15e-01 |     -- |  6.28e-01 |  9.58e-01
34088925 |  4.63e-07 |     -- |  9.25e-02 |  1.16e-01 |     -- |  6.26e-01 |  9.56e-01
34097926 |  4.65e-07 |     -- |  9.24e-02 |  1.16e-01 |     -- |  6.27e-01 |  9.57e-01
34106937 |  4.64e-07 |     -- |  9.20e-02 |  1.15e-01 |     -- |  6.28e-01 |  9.56e-01
34115937 |  4.63e-07 |     -- |  9.27e-02 |  1.16e-01 |     -- |  6.26e-01 |  9.55e-01
34124937 |  4.63e-07 |     -- |  9.20e-02 |  1.16e-01 |     -- |  6.27e-01 |  9.55e-01
34133938 |  4.66e-07 |     -- |  9.23e-02 |  1.16e-01 |     -- |  6.28e-01 |  9.59e-01
34142941 |  4.63e-07 |     -- |  9.23e-02 |  1.16e-01 |     -- |  6.26e-01 |  9.55e-01
34151953 |  4.63e-07 |     -- |  9.22e-02 |  1.15e-01 |     -- |  6.27e-01 |  9.55e-01
34160964 |  4.60e-07 |     -- |  9.12e-02 |  1.15e-01 |     -- |  6.25e-01 |  9.53e-01
34169965 |  4.65e-07 |     -- |  9.26e-02 |  1.16e-01 |     -- |  6.28e-01 |  9.57e-01
34178966 |  4.65e-07 |     -- |  9.26e-02 |  1.16e-01 |     -- |  6.28e-01 |  9.57e-01
34187966 |  4.64e-07 |     -- |  9.17e-02 |  1.15e-01 |     -- |  6.27e-01 |  9.56e-01
34196970 |  4.62e-07 |     -- |  9.28e-02 |  1.16e-01 |     -- |  6.26e-01 |  9.54e-01
34205982 |  4.65e-07 |     -- |  9.21e-02 |  1.15e-01 |     -- |  6.28e-01 |  9.57e-01
34214993 |  4.62e-07 |     -- |  9.21e-02 |  1.16e-01 |     -- |  6.26e-01 |  9.54e-01
34224005 |  4.64e-07 |     -- |  9.26e-02 |  1.16e-01 |     -- |  6.27e-01 |  9.56e-01
34233006 |  4.63e-07 |     -- |  9.27e-02 |  1.16e-01 |     -- |  6.26e-01 |  9.56e-01
34242009 |  4.64e-07 |     -- |  9.25e-02 |  1.15e-01 |     -- |  6.27e-01 |  9.56e-01
34251011 |  4.66e-07 |     -- |  9.17e-02 |  1.15e-01 |     -- |  6.28e-01 |  9.59e-01
34260022 |  4.61e-07 |     -- |  9.21e-02 |  1.16e-01 |     -- |  6.26e-01 |  9.53e-01
34269024 |  4.67e-07 |     -- |  9.24e-02 |  1.16e-01 |     -- |  6.28e-01 |  9.60e-01
34278026 |  4.61e-07 |     -- |  9.20e-02 |  1.15e-01 |     -- |  6.27e-01 |  9.54e-01
34287036 |  4.62e-07 |     -- |  9.22e-02 |  1.16e-01 |     -- |  6.26e-01 |  9.55e-01
34296039 |  4.65e-07 |     -- |  9.21e-02 |  1.15e-01 |     -- |  6.27e-01 |  9.57e-01
34305039 |  4.63e-07 |     -- |  9.23e-02 |  1.16e-01 |     -- |  6.28e-01 |  9.55e-01
34314039 |  4.65e-07 |     -- |  9.15e-02 |  1.15e-01 |     -- |  6.28e-01 |  9.57e-01
34323040 |  4.61e-07 |     -- |  9.27e-02 |  1.16e-01 |     -- |  6.25e-01 |  9.54e-01
34332050 |  4.63e-07 |     -- |  9.21e-02 |  1.16e-01 |     -- |  6.27e-01 |  9.55e-01
34341050 |  4.66e-07 |     -- |  9.21e-02 |  1.15e-01 |     -- |  6.29e-01 |  9.59e-01
34350052 |  4.63e-07 |     -- |  9.23e-02 |  1.15e-01 |     -- |  6.27e-01 |  9.56e-01
34359052 |  4.64e-07 |     -- |  9.20e-02 |  1.15e-01 |     -- |  6.27e-01 |  9.56e-01
34368063 |  4.67e-07 |     -- |  9.22e-02 |  1.16e-01 |     -- |  6.28e-01 |  9.59e-01
34377063 |  4.59e-07 |     -- |  9.25e-02 |  1.16e-01 |     -- |  6.25e-01 |  9.51e-01
34386072 |  4.64e-07 |     -- |  9.15e-02 |  1.15e-01 |     -- |  6.27e-01 |  9.57e-01
34395081 |  4.64e-07 |     -- |  9.14e-02 |  1.15e-01 |     -- |  6.27e-01 |  9.57e-01
34404081 |  4.62e-07 |     -- |  9.26e-02 |  1.16e-01 |     -- |  6.26e-01 |  9.54e-01
34413093 |  4.63e-07 |     -- |  9.23e-02 |  1.16e-01 |     -- |  6.26e-01 |  9.55e-01
34422094 |  4.66e-07 |     -- |  9.21e-02 |  1.15e-01 |     -- |  6.28e-01 |  9.58e-01
34431105 |  4.63e-07 |     -- |  9.22e-02 |  1.16e-01 |     -- |  6.27e-01 |  9.56e-01
34440107 |  4.65e-07 |     -- |  9.17e-02 |  1.15e-01 |     -- |  6.28e-01 |  9.57e-01
34449118 |  4.60e-07 |     -- |  9.20e-02 |  1.15e-01 |     -- |  6.25e-01 |  9.52e-01
34458121 |  4.66e-07 |     -- |  9.26e-02 |  1.16e-01 |     -- |  6.28e-01 |  9.59e-01
34467123 |  4.64e-07 |     -- |  9.20e-02 |  1.15e-01 |     -- |  6.28e-01 |  9.56e-01
34476134 |  4.61e-07 |     -- |  9.19e-02 |  1.15e-01 |     -- |  6.25e-01 |  9.53e-01
34485145 |  4.65e-07 |     -- |  9.29e-02 |  1.16e-01 |     -- |  6.28e-01 |  9.57e-01
34494155 |  4.64e-07 |     -- |  9.24e-02 |  1.16e-01 |     -- |  6.27e-01 |  9.57e-01
34503167 |  4.64e-07 |     -- |  9.19e-02 |  1.15e-01 |     -- |  6.28e-01 |  9.56e-01
34512179 |  4.61e-07 |     -- |  9.20e-02 |  1.15e-01 |     -- |  6.26e-01 |  9.54e-01
34521179 |  4.64e-07 |     -- |  9.17e-02 |  1.15e-01 |     -- |  6.27e-01 |  9.57e-01
34530191 |  4.64e-07 |     -- |  9.21e-02 |  1.16e-01 |     -- |  6.27e-01 |  9.57e-01
34539201 |  4.64e-07 |     -- |  9.21e-02 |  1.16e-01 |     -- |  6.27e-01 |  9.56e-01
34548212 |  4.63e-07 |     -- |  9.27e-02 |  1.16e-01 |     -- |  6.26e-01 |  9.55e-01
34557224 |  4.64e-07 |     -- |  9.17e-02 |  1.15e-01 |     -- |  6.28e-01 |  9.56e-01
34566236 |  4.64e-07 |     -- |  9.23e-02 |  1.16e-01 |     -- |  6.27e-01 |  9.56e-01
34575248 |  4.64e-07 |     -- |  9.18e-02 |  1.15e-01 |     -- |  6.27e-01 |  9.57e-01
34584259 |  4.63e-07 |     -- |  9.25e-02 |  1.16e-01 |     -- |  6.27e-01 |  9.55e-01
34593259 |  4.64e-07 |     -- |  9.22e-02 |  1.16e-01 |     -- |  6.27e-01 |  9.57e-01
34602259 |  4.61e-07 |     -- |  9.21e-02 |  1.15e-01 |     -- |  6.26e-01 |  9.54e-01
34611270 |  4.64e-07 |     -- |  9.14e-02 |  1.15e-01 |     -- |  6.27e-01 |  9.57e-01
34620270 |  4.63e-07 |     -- |  9.25e-02 |  1.16e-01 |     -- |  6.27e-01 |  9.55e-01
34629271 |  4.66e-07 |     -- |  9.13e-02 |  1.15e-01 |     -- |  6.28e-01 |  9.59e-01
34638274 |  4.62e-07 |     -- |  9.28e-02 |  1.16e-01 |     -- |  6.26e-01 |  9.55e-01
34647275 |  4.61e-07 |     -- |  9.19e-02 |  1.15e-01 |     -- |  6.25e-01 |  9.54e-01
34656275 |  4.66e-07 |     -- |  9.21e-02 |  1.15e-01 |     -- |  6.29e-01 |  9.59e-01
34665276 |  4.62e-07 |     -- |  9.20e-02 |  1.15e-01 |     -- |  6.26e-01 |  9.55e-01
34674276 |  4.61e-07 |     -- |  9.25e-02 |  1.16e-01 |     -- |  6.26e-01 |  9.54e-01
34683277 |  4.66e-07 |     -- |  9.15e-02 |  1.15e-01 |     -- |  6.28e-01 |  9.58e-01
34692289 |  4.66e-07 |     -- |  9.23e-02 |  1.15e-01 |     -- |  6.28e-01 |  9.58e-01
34701290 |  4.60e-07 |     -- |  9.23e-02 |  1.16e-01 |     -- |  6.25e-01 |  9.52e-01
34710291 |  4.66e-07 |     -- |  9.17e-02 |  1.15e-01 |     -- |  6.29e-01 |  9.59e-01
34719303 |  4.64e-07 |     -- |  9.29e-02 |  1.16e-01 |     -- |  6.27e-01 |  9.56e-01
34728304 |  4.61e-07 |     -- |  9.16e-02 |  1.15e-01 |     -- |  6.25e-01 |  9.54e-01
34737316 |  4.64e-07 |     -- |  9.20e-02 |  1.15e-01 |     -- |  6.28e-01 |  9.56e-01
34746328 |  4.62e-07 |     -- |  9.24e-02 |  1.16e-01 |     -- |  6.26e-01 |  9.54e-01
34755340 |  4.63e-07 |     -- |  9.25e-02 |  1.16e-01 |     -- |  6.27e-01 |  9.55e-01
34764342 |  4.65e-07 |     -- |  9.21e-02 |  1.16e-01 |     -- |  6.28e-01 |  9.57e-01
34773346 |  4.62e-07 |     -- |  9.19e-02 |  1.15e-01 |     -- |  6.26e-01 |  9.55e-01
34782346 |  4.62e-07 |     -- |  9.14e-02 |  1.15e-01 |     -- |  6.27e-01 |  9.55e-01
34791346 |  4.63e-07 |     -- |  9.26e-02 |  1.16e-01 |     -- |  6.27e-01 |  9.56e-01
34800350 |  4.65e-07 |     -- |  9.19e-02 |  1.15e-01 |     -- |  6.27e-01 |  9.58e-01
34809350 |  4.63e-07 |     -- |  9.22e-02 |  1.16e-01 |     -- |  6.27e-01 |  9.55e-01
34818362 |  4.62e-07 |     -- |  9.19e-02 |  1.15e-01 |     -- |  6.26e-01 |  9.54e-01
34827367 |  4.65e-07 |     -- |  9.23e-02 |  1.16e-01 |     -- |  6.28e-01 |  9.58e-01
34836379 |  4.64e-07 |     -- |  9.20e-02 |  1.15e-01 |     -- |  6.27e-01 |  9.57e-01
34845381 |  4.65e-07 |     -- |  9.20e-02 |  1.15e-01 |     -- |  6.28e-01 |  9.57e-01
34854383 |  4.60e-07 |     -- |  9.24e-02 |  1.16e-01 |     -- |  6.25e-01 |  9.53e-01
34863392 |  4.62e-07 |     -- |  9.12e-02 |  1.14e-01 |     -- |  6.27e-01 |  9.54e-01
34872404 |  4.66e-07 |     -- |  9.19e-02 |  1.15e-01 |     -- |  6.28e-01 |  9.59e-01
34881404 |  4.64e-07 |     -- |  9.23e-02 |  1.16e-01 |     -- |  6.27e-01 |  9.56e-01
34890404 |  4.63e-07 |     -- |  9.19e-02 |  1.15e-01 |     -- |  6.26e-01 |  9.55e-01
34899404 |  4.65e-07 |     -- |  9.24e-02 |  1.16e-01 |     -- |  6.28e-01 |  9.57e-01
34908406 |  4.63e-07 |     -- |  9.19e-02 |  1.15e-01 |     -- |  6.27e-01 |  9.55e-01
34917418 |  4.64e-07 |     -- |  9.20e-02 |  1.15e-01 |     -- |  6.27e-01 |  9.56e-01
34926418 |  4.62e-07 |     -- |  9.22e-02 |  1.16e-01 |     -- |  6.26e-01 |  9.54e-01
34935419 |  4.65e-07 |     -- |  9.20e-02 |  1.16e-01 |     -- |  6.27e-01 |  9.57e-01
34944423 |  4.62e-07 |     -- |  9.23e-02 |  1.16e-01 |     -- |  6.25e-01 |  9.54e-01
34953433 |  4.65e-07 |     -- |  9.12e-02 |  1.15e-01 |     -- |  6.28e-01 |  9.57e-01
34962435 |  4.63e-07 |     -- |  9.23e-02 |  1.15e-01 |     -- |  6.27e-01 |  9.55e-01
34971446 |  4.63e-07 |     -- |  9.23e-02 |  1.16e-01 |     -- |  6.27e-01 |  9.56e-01
34980448 |  4.63e-07 |     -- |  9.19e-02 |  1.15e-01 |     -- |  6.27e-01 |  9.55e-01
34989460 |  4.64e-07 |     -- |  9.15e-02 |  1.15e-01 |     -- |  6.27e-01 |  9.56e-01
34998471 |  4.62e-07 |     -- |  9.30e-02 |  1.16e-01 |     -- |  6.26e-01 |  9.54e-01
35007482 |  4.66e-07 |     -- |  9.15e-02 |  1.15e-01 |     -- |  6.29e-01 |  9.58e-01
35016485 |  4.63e-07 |     -- |  9.17e-02 |  1.15e-01 |     -- |  6.26e-01 |  9.55e-01
35025489 |  4.63e-07 |     -- |  9.28e-02 |  1.16e-01 |     -- |  6.27e-01 |  9.56e-01
35034500 |  4.63e-07 |     -- |  9.21e-02 |  1.15e-01 |     -- |  6.27e-01 |  9.55e-01
35043512 |  4.65e-07 |     -- |  9.26e-02 |  1.16e-01 |     -- |  6.28e-01 |  9.58e-01
35052524 |  4.62e-07 |     -- |  9.17e-02 |  1.15e-01 |     -- |  6.27e-01 |  9.55e-01
35061525 |  4.64e-07 |     -- |  9.23e-02 |  1.16e-01 |     -- |  6.27e-01 |  9.56e-01
35070537 |  4.63e-07 |     -- |  9.20e-02 |  1.15e-01 |     -- |  6.27e-01 |  9.55e-01
35079537 |  4.63e-07 |     -- |  9.26e-02 |  1.16e-01 |     -- |  6.26e-01 |  9.56e-01
35088537 |  4.64e-07 |     -- |  9.19e-02 |  1.15e-01 |     -- |  6.27e-01 |  9.56e-01
35097537 |  4.63e-07 |     -- |  9.20e-02 |  1.15e-01 |     -- |  6.27e-01 |  9.55e-01
35106548 |  4.62e-07 |     -- |  9.18e-02 |  1.15e-01 |     -- |  6.26e-01 |  9.55e-01
35115560 |  4.65e-07 |     -- |  9.22e-02 |  1.16e-01 |     -- |  6.28e-01 |  9.57e-01
35124571 |  4.65e-07 |     -- |  9.19e-02 |  1.15e-01 |     -- |  6.27e-01 |  9.57e-01
35133571 |  4.61e-07 |     -- |  9.23e-02 |  1.16e-01 |     -- |  6.26e-01 |  9.53e-01
35142571 |  4.68e-07 |     -- |  9.20e-02 |  1.16e-01 |     -- |  6.29e-01 |  9.60e-01
35151582 |  4.58e-07 |     -- |  9.23e-02 |  1.16e-01 |     -- |  6.24e-01 |  9.50e-01
35160592 |  4.67e-07 |     -- |  9.21e-02 |  1.15e-01 |     -- |  6.29e-01 |  9.59e-01
35169604 |  4.63e-07 |     -- |  9.23e-02 |  1.15e-01 |     -- |  6.27e-01 |  9.55e-01
35178604 |  4.63e-07 |     -- |  9.16e-02 |  1.15e-01 |     -- |  6.26e-01 |  9.55e-01
35187615 |  4.64e-07 |     -- |  9.15e-02 |  1.15e-01 |     -- |  6.27e-01 |  9.56e-01
35196619 |  4.63e-07 |     -- |  9.18e-02 |  1.15e-01 |     -- |  6.27e-01 |  9.55e-01
35205622 |  4.62e-07 |     -- |  9.16e-02 |  1.15e-01 |     -- |  6.26e-01 |  9.55e-01
35214623 |  4.67e-07 |     -- |  9.26e-02 |  1.16e-01 |     -- |  6.28e-01 |  9.59e-01
35223623 |  4.65e-07 |     -- |  9.18e-02 |  1.15e-01 |     -- |  6.28e-01 |  9.58e-01
35232634 |  4.58e-07 |     -- |  9.20e-02 |  1.15e-01 |     -- |  6.24e-01 |  9.50e-01
35241635 |  4.64e-07 |     -- |  9.18e-02 |  1.15e-01 |     -- |  6.27e-01 |  9.57e-01
35250636 |  4.65e-07 |     -- |  9.23e-02 |  1.16e-01 |     -- |  6.27e-01 |  9.57e-01
35259646 |  4.64e-07 |     -- |  9.26e-02 |  1.16e-01 |     -- |  6.27e-01 |  9.56e-01
35268647 |  4.62e-07 |     -- |  9.09e-02 |  1.14e-01 |     -- |  6.26e-01 |  9.54e-01
35277647 |  4.64e-07 |     -- |  9.25e-02 |  1.16e-01 |     -- |  6.27e-01 |  9.57e-01
35286658 |  4.60e-07 |     -- |  9.23e-02 |  1.16e-01 |     -- |  6.25e-01 |  9.53e-01
35295669 |  4.67e-07 |     -- |  9.20e-02 |  1.15e-01 |     -- |  6.28e-01 |  9.60e-01
35304681 |  4.61e-07 |     -- |  9.17e-02 |  1.15e-01 |     -- |  6.26e-01 |  9.53e-01
35313691 |  4.64e-07 |     -- |  9.22e-02 |  1.16e-01 |     -- |  6.27e-01 |  9.56e-01
35322693 |  4.63e-07 |     -- |  9.27e-02 |  1.16e-01 |     -- |  6.27e-01 |  9.56e-01
35331693 |  4.65e-07 |     -- |  9.16e-02 |  1.15e-01 |     -- |  6.28e-01 |  9.57e-01
35340693 |  4.60e-07 |     -- |  9.21e-02 |  1.15e-01 |     -- |  6.25e-01 |  9.52e-01
35349694 |  4.64e-07 |     -- |  9.20e-02 |  1.15e-01 |     -- |  6.27e-01 |  9.56e-01
35358697 |  4.65e-07 |     -- |  9.24e-02 |  1.16e-01 |     -- |  6.28e-01 |  9.58e-01
35367697 |  4.61e-07 |     -- |  9.09e-02 |  1.14e-01 |     -- |  6.26e-01 |  9.54e-01
35376708 |  4.63e-07 |     -- |  9.22e-02 |  1.15e-01 |     -- |  6.27e-01 |  9.56e-01
35385718 |  4.62e-07 |     -- |  9.23e-02 |  1.15e-01 |     -- |  6.26e-01 |  9.54e-01
35394718 |  4.66e-07 |     -- |  9.19e-02 |  1.15e-01 |     -- |  6.28e-01 |  9.58e-01
35403718 |  4.64e-07 |     -- |  9.23e-02 |  1.16e-01 |     -- |  6.27e-01 |  9.56e-01
35412730 |  4.60e-07 |     -- |  9.11e-02 |  1.14e-01 |     -- |  6.25e-01 |  9.52e-01
35421740 |  4.63e-07 |     -- |  9.21e-02 |  1.16e-01 |     -- |  6.26e-01 |  9.56e-01
35430740 |  4.69e-07 |     -- |  9.18e-02 |  1.15e-01 |     -- |  6.30e-01 |  9.62e-01
35439743 |  4.59e-07 |     -- |  9.18e-02 |  1.15e-01 |     -- |  6.25e-01 |  9.52e-01
35448743 |  4.63e-07 |     -- |  9.20e-02 |  1.15e-01 |     -- |  6.26e-01 |  9.55e-01
35457755 |  4.63e-07 |     -- |  9.22e-02 |  1.16e-01 |     -- |  6.27e-01 |  9.56e-01
35466765 |  4.67e-07 |     -- |  9.16e-02 |  1.15e-01 |     -- |  6.29e-01 |  9.59e-01
35475768 |  4.61e-07 |     -- |  9.22e-02 |  1.15e-01 |     -- |  6.26e-01 |  9.53e-01
35484768 |  4.63e-07 |     -- |  9.27e-02 |  1.16e-01 |     -- |  6.26e-01 |  9.56e-01
35493768 |  4.63e-07 |     -- |  9.18e-02 |  1.15e-01 |     -- |  6.26e-01 |  9.56e-01
35502780 |  4.63e-07 |     -- |  9.20e-02 |  1.15e-01 |     -- |  6.27e-01 |  9.55e-01
35511782 |  4.62e-07 |     -- |  9.20e-02 |  1.15e-01 |     -- |  6.26e-01 |  9.54e-01
35520782 |  4.68e-07 |     -- |  9.22e-02 |  1.15e-01 |     -- |  6.29e-01 |  9.61e-01
35529782 |  4.60e-07 |     -- |  9.20e-02 |  1.15e-01 |     -- |  6.26e-01 |  9.52e-01
35538793 |  4.64e-07 |     -- |  9.15e-02 |  1.15e-01 |     -- |  6.27e-01 |  9.57e-01
35547793 |  4.64e-07 |     -- |  9.17e-02 |  1.15e-01 |     -- |  6.27e-01 |  9.56e-01
35556793 |  4.63e-07 |     -- |  9.19e-02 |  1.15e-01 |     -- |  6.27e-01 |  9.55e-01
35565794 |  4.64e-07 |     -- |  9.16e-02 |  1.15e-01 |     -- |  6.27e-01 |  9.57e-01
35574804 |  4.61e-07 |     -- |  9.21e-02 |  1.15e-01 |     -- |  6.25e-01 |  9.53e-01
35583807 |  4.66e-07 |     -- |  9.21e-02 |  1.15e-01 |     -- |  6.29e-01 |  9.59e-01
35592817 |  4.62e-07 |     -- |  9.18e-02 |  1.15e-01 |     -- |  6.25e-01 |  9.54e-01
35601828 |  4.63e-07 |     -- |  9.18e-02 |  1.15e-01 |     -- |  6.27e-01 |  9.55e-01
35610840 |  4.61e-07 |     -- |  9.26e-02 |  1.16e-01 |     -- |  6.25e-01 |  9.53e-01
35619840 |  4.66e-07 |     -- |  9.11e-02 |  1.14e-01 |     -- |  6.28e-01 |  9.58e-01
35628852 |  4.63e-07 |     -- |  9.26e-02 |  1.16e-01 |     -- |  6.27e-01 |  9.55e-01
35637854 |  4.64e-07 |     -- |  9.24e-02 |  1.16e-01 |     -- |  6.27e-01 |  9.56e-01
35646856 |  4.60e-07 |     -- |  9.14e-02 |  1.15e-01 |     -- |  6.25e-01 |  9.53e-01
35655858 |  4.65e-07 |     -- |  9.16e-02 |  1.15e-01 |     -- |  6.28e-01 |  9.58e-01
35664868 |  4.61e-07 |     -- |  9.21e-02 |  1.15e-01 |     -- |  6.25e-01 |  9.53e-01
35673877 |  4.67e-07 |     -- |  9.21e-02 |  1.15e-01 |     -- |  6.29e-01 |  9.59e-01
35682881 |  4.63e-07 |     -- |  9.22e-02 |  1.16e-01 |     -- |  6.27e-01 |  9.55e-01
35691882 |  4.63e-07 |     -- |  9.19e-02 |  1.15e-01 |     -- |  6.26e-01 |  9.55e-01
35700884 |  4.64e-07 |     -- |  9.16e-02 |  1.15e-01 |     -- |  6.27e-01 |  9.57e-01
35709884 |  4.63e-07 |     -- |  9.25e-02 |  1.16e-01 |     -- |  6.26e-01 |  9.55e-01
35718895 |  4.63e-07 |     -- |  9.19e-02 |  1.15e-01 |     -- |  6.27e-01 |  9.55e-01
35727906 |  4.67e-07 |     -- |  9.13e-02 |  1.15e-01 |     -- |  6.28e-01 |  9.59e-01
35736917 |  4.59e-07 |     -- |  9.24e-02 |  1.16e-01 |     -- |  6.24e-01 |  9.51e-01
35745927 |  4.65e-07 |     -- |  9.25e-02 |  1.16e-01 |     -- |  6.28e-01 |  9.58e-01
35754937 |  4.62e-07 |     -- |  9.20e-02 |  1.15e-01 |     -- |  6.26e-01 |  9.54e-01
35763949 |  4.63e-07 |     -- |  9.13e-02 |  1.15e-01 |     -- |  6.26e-01 |  9.55e-01
35772961 |  4.63e-07 |     -- |  9.18e-02 |  1.15e-01 |     -- |  6.27e-01 |  9.55e-01
35781962 |  4.64e-07 |     -- |  9.27e-02 |  1.16e-01 |     -- |  6.27e-01 |  9.56e-01
35790972 |  4.63e-07 |     -- |  9.16e-02 |  1.15e-01 |     -- |  6.27e-01 |  9.55e-01
35799972 |  4.66e-07 |     -- |  9.18e-02 |  1.15e-01 |     -- |  6.28e-01 |  9.58e-01
35808973 |  4.62e-07 |     -- |  9.19e-02 |  1.15e-01 |     -- |  6.25e-01 |  9.54e-01
35817984 |  4.62e-07 |     -- |  9.20e-02 |  1.15e-01 |     -- |  6.26e-01 |  9.54e-01
35826984 |  4.66e-07 |     -- |  9.23e-02 |  1.16e-01 |     -- |  6.28e-01 |  9.58e-01
35835986 |  4.59e-07 |     -- |  9.14e-02 |  1.15e-01 |     -- |  6.24e-01 |  9.51e-01
35844991 |  4.67e-07 |     -- |  9.23e-02 |  1.16e-01 |     -- |  6.29e-01 |  9.60e-01
35854003 |  4.65e-07 |     -- |  9.21e-02 |  1.16e-01 |     -- |  6.28e-01 |  9.57e-01
35863014 |  4.61e-07 |     -- |  9.14e-02 |  1.15e-01 |     -- |  6.25e-01 |  9.54e-01
35872015 |  4.61e-07 |     -- |  9.20e-02 |  1.15e-01 |     -- |  6.26e-01 |  9.53e-01
35881020 |  4.65e-07 |     -- |  9.18e-02 |  1.15e-01 |     -- |  6.27e-01 |  9.57e-01
35890032 |  4.61e-07 |     -- |  9.21e-02 |  1.16e-01 |     -- |  6.25e-01 |  9.53e-01
35899044 |  4.67e-07 |     -- |  9.20e-02 |  1.15e-01 |     -- |  6.29e-01 |  9.60e-01
35908054 |  4.62e-07 |     -- |  9.14e-02 |  1.15e-01 |     -- |  6.26e-01 |  9.54e-01
35917066 |  4.63e-07 |     -- |  9.20e-02 |  1.15e-01 |     -- |  6.26e-01 |  9.55e-01
35926066 |  4.66e-07 |     -- |  9.22e-02 |  1.16e-01 |     -- |  6.28e-01 |  9.58e-01
35935066 |  4.61e-07 |     -- |  9.18e-02 |  1.15e-01 |     -- |  6.25e-01 |  9.53e-01
35944066 |  4.62e-07 |     -- |  9.19e-02 |  1.15e-01 |     -- |  6.26e-01 |  9.54e-01
35953066 |  4.64e-07 |     -- |  9.13e-02 |  1.15e-01 |     -- |  6.27e-01 |  9.56e-01
35962068 |  4.64e-07 |     -- |  9.25e-02 |  1.16e-01 |     -- |  6.27e-01 |  9.57e-01
35971079 |  4.63e-07 |     -- |  9.18e-02 |  1.15e-01 |     -- |  6.26e-01 |  9.55e-01
35980081 |  4.63e-07 |     -- |  9.19e-02 |  1.15e-01 |     -- |  6.27e-01 |  9.56e-01
35989084 |  4.65e-07 |     -- |  9.24e-02 |  1.16e-01 |     -- |  6.28e-01 |  9.57e-01
35998088 |  4.61e-07 |     -- |  9.16e-02 |  1.15e-01 |     -- |  6.26e-01 |  9.54e-01
