reading data from /work/home/acrb3qk4vo/SOG-Qeq/SOG-Net/CACE-SOG-Qeq/fit-electrolyte-small/electrolyte_200.xyz (extxyz + charge via cace.data.extxyz_charge)
total electrolyte structures in xyz: 200
device: cuda
building CACE representation
Representation: Cace(
  (node_onehot): NodeEncoder(num_classes=4)
  (node_embedding_sender): NodeEmbedding(num_classes=4, embedding_dim=4)
  (node_embedding_receiver): NodeEmbedding(num_classes=4, embedding_dim=4)
  (edge_coding): EdgeEncoder(directed=True)
  (radial_basis): BesselRBF(cutoff=4.5, n_rbf=6, trainable=True)
  (cutoff_fn): PolynomialCutoff(p=6.0, cutoff=4.5)
  (angular_basis): AngularComponent(l_max=3)
  (radial_transform): SharedRadialLinearTransform(
    (weights): ParameterList(
        (0): Parameter containing: [torch.float32 of size 6x12x16 (cuda:0)]
        (1): Parameter containing: [torch.float32 of size 6x12x16 (cuda:0)]
        (2): Parameter containing: [torch.float32 of size 6x12x16 (cuda:0)]
        (3): Parameter containing: [torch.float32 of size 6x12x16 (cuda:0)]
    )
  )
  (symmetrizer): Symmetrizer()
  (message_passing_list): ModuleList(
    (0): ModuleList(
      (0-1): 2 x None
      (2): MessageBchi()
    )
  )
)
building SR NNP (CACE + Atomwise)
building LR NNP (latent q + SOGPotential)
building CombinePotential (SR + LR)
First train loop:
creating training task
training
shift: tensor([2.8000e+00, 5.7000e+00, 1.1400e+01, 2.2700e+01, 4.5500e+01, 9.1000e+01,
        1.8200e+02, 3.6400e+02, 7.2800e+02, 1.4560e+03, 2.9120e+03, 5.8239e+03],
       device='cuda:0')
weight: tensor([2.7500e-01, 1.3750e-01, 6.8800e-02, 3.4400e-02, 1.7200e-02, 8.6000e-03,
        4.3000e-03, 2.1000e-03, 1.1000e-03, 5.0000e-04, 3.0000e-04, 1.0000e-04],
       device='cuda:0')
shift: tensor([2.8000e+00, 5.7000e+00, 1.1400e+01, 2.2700e+01, 4.5500e+01, 9.1000e+01,
        1.8200e+02, 3.6400e+02, 7.2800e+02, 1.4560e+03, 2.9120e+03, 5.8239e+03],
       device='cuda:0')
weight: tensor([2.7500e-01, 1.3750e-01, 6.8800e-02, 3.4400e-02, 1.7200e-02, 8.6000e-03,
        4.3000e-03, 2.1000e-03, 1.1000e-03, 5.0000e-04, 3.0000e-04, 1.0000e-04],
       device='cuda:0')
shift: tensor([2.8000e+00, 5.7000e+00, 1.1400e+01, 2.2700e+01, 4.5500e+01, 9.1000e+01,
        1.8200e+02, 3.6400e+02, 7.2800e+02, 1.4560e+03, 2.9120e+03, 5.8239e+03],
       device='cuda:0')
weight: tensor([2.7500e-01, 1.3750e-01, 6.8800e-02, 3.4400e-02, 1.7200e-02, 8.6000e-03,
        4.3000e-03, 2.1000e-03, 1.1000e-03, 5.0000e-04, 3.0000e-04, 1.0000e-04],
       device='cuda:0')
shift: tensor([2.8000e+00, 5.7000e+00, 1.1400e+01, 2.2700e+01, 4.5500e+01, 9.1000e+01,
        1.8200e+02, 3.6400e+02, 7.2800e+02, 1.4560e+03, 2.9120e+03, 5.8239e+03],
       device='cuda:0')
weight: tensor([2.7500e-01, 1.3750e-01, 6.8800e-02, 3.4400e-02, 1.7200e-02, 8.6000e-03,
        4.3000e-03, 2.1000e-03, 1.1000e-03, 5.0000e-04, 3.0000e-04, 1.0000e-04],
       device='cuda:0')
shift: tensor([2.8000e+00, 5.7000e+00, 1.1400e+01, 2.2700e+01, 4.5500e+01, 9.1000e+01,
        1.8200e+02, 3.6400e+02, 7.2800e+02, 1.4560e+03, 2.9120e+03, 5.8239e+03],
       device='cuda:0')
weight: tensor([2.7500e-01, 1.3750e-01, 6.8800e-02, 3.4400e-02, 1.7200e-02, 8.6000e-03,
        4.3000e-03, 2.1000e-03, 1.1000e-03, 5.0000e-04, 3.0000e-04, 1.0000e-04],
       device='cuda:0')
shift: tensor([2.8000e+00, 5.7000e+00, 1.1400e+01, 2.2700e+01, 4.5500e+01, 9.1000e+01,
        1.8200e+02, 3.6400e+02, 7.2800e+02, 1.4560e+03, 2.9120e+03, 5.8239e+03],
       device='cuda:0')
weight: tensor([2.7500e-01, 1.3750e-01, 6.8800e-02, 3.4400e-02, 1.7200e-02, 8.6000e-03,
        4.3000e-03, 2.1000e-03, 1.1000e-03, 5.0000e-04, 3.0000e-04, 1.0000e-04],
       device='cuda:0')
shift: tensor([2.8000e+00, 5.7000e+00, 1.1400e+01, 2.2700e+01, 4.5500e+01, 9.1000e+01,
        1.8200e+02, 3.6400e+02, 7.2800e+02, 1.4560e+03, 2.9120e+03, 5.8239e+03],
       device='cuda:0')
weight: tensor([2.7500e-01, 1.3750e-01, 6.8800e-02, 3.4400e-02, 1.7200e-02, 8.6000e-03,
        4.3000e-03, 2.1000e-03, 1.1000e-03, 5.0000e-04, 3.0000e-04, 1.0000e-04],
       device='cuda:0')
shift: tensor([2.8000e+00, 5.7000e+00, 1.1400e+01, 2.2700e+01, 4.5500e+01, 9.1000e+01,
        1.8200e+02, 3.6400e+02, 7.2800e+02, 1.4560e+03, 2.9120e+03, 5.8239e+03],
       device='cuda:0')
weight: tensor([2.7500e-01, 1.3750e-01, 6.8800e-02, 3.4400e-02, 1.7200e-02, 8.6000e-03,
        4.3000e-03, 2.1000e-03, 1.1000e-03, 5.0000e-04, 3.0000e-04, 1.0000e-04],
       device='cuda:0')
epoch 1 Loss 986.301049126519
shift: tensor([2.8000e+00, 5.7000e+00, 1.1400e+01, 2.2700e+01, 4.5500e+01, 9.1000e+01,
        1.8200e+02, 3.6400e+02, 7.2800e+02, 1.4560e+03, 2.9120e+03, 5.8239e+03],
       device='cuda:0')
weight: tensor([2.7500e-01, 1.3750e-01, 6.8800e-02, 3.4400e-02, 1.7200e-02, 8.6000e-03,
        4.3000e-03, 2.1000e-03, 1.1000e-03, 5.0000e-04, 3.0000e-04, 1.0000e-04],
       device='cuda:0')
shift: tensor([2.8000e+00, 5.7000e+00, 1.1400e+01, 2.2700e+01, 4.5500e+01, 9.1000e+01,
        1.8200e+02, 3.6400e+02, 7.2800e+02, 1.4560e+03, 2.9120e+03, 5.8239e+03],
       device='cuda:0')
weight: tensor([2.7500e-01, 1.3750e-01, 6.8800e-02, 3.4400e-02, 1.7200e-02, 8.6000e-03,
        4.3000e-03, 2.1000e-03, 1.1000e-03, 5.0000e-04, 3.0000e-04, 1.0000e-04],
       device='cuda:0')
shift: tensor([2.8000e+00, 5.7000e+00, 1.1400e+01, 2.2700e+01, 4.5500e+01, 9.1000e+01,
        1.8200e+02, 3.6400e+02, 7.2800e+02, 1.4560e+03, 2.9120e+03, 5.8239e+03],
       device='cuda:0')
weight: tensor([2.7500e-01, 1.3750e-01, 6.8800e-02, 3.4400e-02, 1.7200e-02, 8.6000e-03,
        4.3000e-03, 2.1000e-03, 1.1000e-03, 5.0000e-04, 3.0000e-04, 1.0000e-04],
       device='cuda:0')
shift: tensor([2.8000e+00, 5.7000e+00, 1.1400e+01, 2.2700e+01, 4.5500e+01, 9.1000e+01,
        1.8200e+02, 3.6400e+02, 7.2800e+02, 1.4560e+03, 2.9120e+03, 5.8239e+03],
       device='cuda:0')
weight: tensor([2.7500e-01, 1.3750e-01, 6.8800e-02, 3.4400e-02, 1.7200e-02, 8.6000e-03,
        4.3000e-03, 2.1000e-03, 1.1000e-03, 5.0000e-04, 3.0000e-04, 1.0000e-04],
       device='cuda:0')
shift: tensor([2.8000e+00, 5.7000e+00, 1.1400e+01, 2.2700e+01, 4.5500e+01, 9.1000e+01,
        1.8200e+02, 3.6400e+02, 7.2800e+02, 1.4560e+03, 2.9120e+03, 5.8239e+03],
       device='cuda:0')
weight: tensor([2.7500e-01, 1.3750e-01, 6.8800e-02, 3.4400e-02, 1.7200e-02, 8.6000e-03,
        4.3000e-03, 2.1000e-03, 1.1000e-03, 5.0000e-04, 3.0000e-04, 1.0000e-04],
       device='cuda:0')
shift: tensor([2.8000e+00, 5.7000e+00, 1.1400e+01, 2.2700e+01, 4.5500e+01, 9.1000e+01,
        1.8200e+02, 3.6400e+02, 7.2800e+02, 1.4560e+03, 2.9120e+03, 5.8239e+03],
       device='cuda:0')
weight: tensor([2.7500e-01, 1.3750e-01, 6.8800e-02, 3.4400e-02, 1.7200e-02, 8.6000e-03,
        4.3000e-03, 2.1000e-03, 1.1000e-03, 5.0000e-04, 3.0000e-04, 1.0000e-04],
       device='cuda:0')
shift: tensor([2.8000e+00, 5.7000e+00, 1.1400e+01, 2.2700e+01, 4.5500e+01, 9.1000e+01,
        1.8200e+02, 3.6400e+02, 7.2800e+02, 1.4560e+03, 2.9120e+03, 5.8239e+03],
       device='cuda:0')
weight: tensor([2.7500e-01, 1.3750e-01, 6.8800e-02, 3.4400e-02, 1.7200e-02, 8.6000e-03,
        4.3000e-03, 2.1000e-03, 1.1000e-03, 5.0000e-04, 3.0000e-04, 1.0000e-04],
       device='cuda:0')
shift: tensor([2.8000e+00, 5.7000e+00, 1.1400e+01, 2.2700e+01, 4.5500e+01, 9.1000e+01,
        1.8200e+02, 3.6400e+02, 7.2800e+02, 1.4560e+03, 2.9120e+03, 5.8239e+03],
       device='cuda:0')
weight: tensor([2.7500e-01, 1.3750e-01, 6.8800e-02, 3.4400e-02, 1.7200e-02, 8.6000e-03,
        4.3000e-03, 2.1000e-03, 1.1000e-03, 5.0000e-04, 3.0000e-04, 1.0000e-04],
       device='cuda:0')
epoch 2 Loss 755.1805742051866
shift: tensor([2.8000e+00, 5.7000e+00, 1.1400e+01, 2.2700e+01, 4.5500e+01, 9.1000e+01,
        1.8200e+02, 3.6400e+02, 7.2800e+02, 1.4560e+03, 2.9120e+03, 5.8239e+03],
       device='cuda:0')
weight: tensor([2.7500e-01, 1.3750e-01, 6.8800e-02, 3.4400e-02, 1.7200e-02, 8.6000e-03,
        4.3000e-03, 2.1000e-03, 1.1000e-03, 5.0000e-04, 3.0000e-04, 1.0000e-04],
       device='cuda:0')
shift: tensor([2.8000e+00, 5.7000e+00, 1.1400e+01, 2.2700e+01, 4.5500e+01, 9.1000e+01,
        1.8200e+02, 3.6400e+02, 7.2800e+02, 1.4560e+03, 2.9120e+03, 5.8239e+03],
       device='cuda:0')
weight: tensor([2.7500e-01, 1.3750e-01, 6.8800e-02, 3.4400e-02, 1.7200e-02, 8.6000e-03,
        4.3000e-03, 2.1000e-03, 1.1000e-03, 5.0000e-04, 3.0000e-04, 1.0000e-04],
       device='cuda:0')
shift: tensor([2.8000e+00, 5.7000e+00, 1.1400e+01, 2.2700e+01, 4.5500e+01, 9.1000e+01,
        1.8200e+02, 3.6400e+02, 7.2800e+02, 1.4560e+03, 2.9120e+03, 5.8239e+03],
       device='cuda:0')
weight: tensor([2.7500e-01, 1.3750e-01, 6.8800e-02, 3.4400e-02, 1.7200e-02, 8.6000e-03,
        4.3000e-03, 2.1000e-03, 1.1000e-03, 5.0000e-04, 3.0000e-04, 1.0000e-04],
       device='cuda:0')
epoch 3 Loss 669.0681762695312
shift: tensor([2.8000e+00, 5.7000e+00, 1.1400e+01, 2.2700e+01, 4.5500e+01, 9.1000e+01,
        1.8200e+02, 3.6400e+02, 7.2800e+02, 1.4560e+03, 2.9120e+03, 5.8239e+03],
       device='cuda:0')
weight: tensor([2.7500e-01, 1.3750e-01, 6.8800e-02, 3.4400e-02, 1.7200e-02, 8.6000e-03,
        4.3000e-03, 2.1000e-03, 1.1000e-03, 5.0000e-04, 3.0000e-04, 1.0000e-04],
       device='cuda:0')
shift: tensor([2.8000e+00, 5.7000e+00, 1.1400e+01, 2.2700e+01, 4.5500e+01, 9.1000e+01,
        1.8200e+02, 3.6400e+02, 7.2800e+02, 1.4560e+03, 2.9120e+03, 5.8239e+03],
       device='cuda:0')
weight: tensor([2.7500e-01, 1.3750e-01, 6.8800e-02, 3.4400e-02, 1.7200e-02, 8.6000e-03,
        4.3000e-03, 2.1000e-03, 1.1000e-03, 5.0000e-04, 3.0000e-04, 1.0000e-04],
       device='cuda:0')
shift: tensor([2.8000e+00, 5.7000e+00, 1.1400e+01, 2.2700e+01, 4.5500e+01, 9.1000e+01,
        1.8200e+02, 3.6400e+02, 7.2800e+02, 1.4560e+03, 2.9120e+03, 5.8239e+03],
       device='cuda:0')
weight: tensor([2.7500e-01, 1.3750e-01, 6.8800e-02, 3.4400e-02, 1.7200e-02, 8.6000e-03,
        4.3000e-03, 2.1000e-03, 1.1000e-03, 5.0000e-04, 3.0000e-04, 1.0000e-04],
       device='cuda:0')
shift: tensor([2.8000e+00, 5.7000e+00, 1.1400e+01, 2.2700e+01, 4.5500e+01, 9.1000e+01,
        1.8200e+02, 3.6400e+02, 7.2800e+02, 1.4560e+03, 2.9120e+03, 5.8239e+03],
       device='cuda:0')
weight: tensor([2.7500e-01, 1.3750e-01, 6.8800e-02, 3.4400e-02, 1.7200e-02, 8.6000e-03,
        4.3000e-03, 2.1000e-03, 1.1000e-03, 5.0000e-04, 3.0000e-04, 1.0000e-04],
       device='cuda:0')
shift: tensor([2.8000e+00, 5.7000e+00, 1.1400e+01, 2.2700e+01, 4.5500e+01, 9.1000e+01,
        1.8200e+02, 3.6400e+02, 7.2800e+02, 1.4560e+03, 2.9120e+03, 5.8239e+03],
       device='cuda:0')
weight: tensor([2.7500e-01, 1.3750e-01, 6.8800e-02, 3.4400e-02, 1.7200e-02, 8.6000e-03,
        4.3000e-03, 2.1000e-03, 1.1000e-03, 5.0000e-04, 3.0000e-04, 1.0000e-04],
       device='cuda:0')
shift: tensor([2.8000e+00, 5.7000e+00, 1.1400e+01, 2.2700e+01, 4.5500e+01, 9.1000e+01,
        1.8200e+02, 3.6400e+02, 7.2800e+02, 1.4560e+03, 2.9120e+03, 5.8239e+03],
       device='cuda:0')
weight: tensor([2.7500e-01, 1.3750e-01, 6.8800e-02, 3.4400e-02, 1.7200e-02, 8.6000e-03,
        4.3000e-03, 2.1000e-03, 1.1000e-03, 5.0000e-04, 3.0000e-04, 1.0000e-04],
       device='cuda:0')
shift: tensor([2.8000e+00, 5.7000e+00, 1.1400e+01, 2.2700e+01, 4.5500e+01, 9.1000e+01,
        1.8200e+02, 3.6400e+02, 7.2800e+02, 1.4560e+03, 2.9120e+03, 5.8239e+03],
       device='cuda:0')
weight: tensor([2.7500e-01, 1.3750e-01, 6.8800e-02, 3.4400e-02, 1.7200e-02, 8.6000e-03,
        4.3000e-03, 2.1000e-03, 1.1000e-03, 5.0000e-04, 3.0000e-04, 1.0000e-04],
       device='cuda:0')
shift: tensor([2.8000e+00, 5.7000e+00, 1.1400e+01, 2.2700e+01, 4.5500e+01, 9.1000e+01,
        1.8200e+02, 3.6400e+02, 7.2800e+02, 1.4560e+03, 2.9120e+03, 5.8239e+03],
       device='cuda:0')
weight: tensor([2.7500e-01, 1.3750e-01, 6.8800e-02, 3.4400e-02, 1.7200e-02, 8.6000e-03,
        4.3000e-03, 2.1000e-03, 1.1000e-03, 5.0000e-04, 3.0000e-04, 1.0000e-04],
       device='cuda:0')
shift: tensor([2.8000e+00, 5.7000e+00, 1.1400e+01, 2.2700e+01, 4.5500e+01, 9.1000e+01,
        1.8200e+02, 3.6400e+02, 7.2800e+02, 1.4560e+03, 2.9120e+03, 5.8239e+03],
       device='cuda:0')
weight: tensor([2.7500e-01, 1.3750e-01, 6.8800e-02, 3.4400e-02, 1.7200e-02, 8.6000e-03,
        4.3000e-03, 2.1000e-03, 1.1000e-03, 5.0000e-04, 3.0000e-04, 1.0000e-04],
       device='cuda:0')
shift: tensor([2.8000e+00, 5.7000e+00, 1.1400e+01, 2.2700e+01, 4.5500e+01, 9.1000e+01,
        1.8200e+02, 3.6400e+02, 7.2800e+02, 1.4560e+03, 2.9120e+03, 5.8239e+03],
       device='cuda:0')
weight: tensor([2.7500e-01, 1.3750e-01, 6.8800e-02, 3.4400e-02, 1.7200e-02, 8.6000e-03,
        4.3000e-03, 2.1000e-03, 1.1000e-03, 5.0000e-04, 3.0000e-04, 1.0000e-04],
       device='cuda:0')
shift: tensor([2.8000e+00, 5.7000e+00, 1.1400e+01, 2.2700e+01, 4.5500e+01, 9.1000e+01,
        1.8200e+02, 3.6400e+02, 7.2800e+02, 1.4560e+03, 2.9120e+03, 5.8239e+03],
       device='cuda:0')
weight: tensor([2.7500e-01, 1.3750e-01, 6.8800e-02, 3.4400e-02, 1.7200e-02, 8.6000e-03,
        4.3000e-03, 2.1000e-03, 1.1000e-03, 5.0000e-04, 3.0000e-04, 1.0000e-04],
       device='cuda:0')
shift: tensor([2.8000e+00, 5.7000e+00, 1.1400e+01, 2.2700e+01, 4.5500e+01, 9.1000e+01,
        1.8200e+02, 3.6400e+02, 7.2800e+02, 1.4560e+03, 2.9120e+03, 5.8239e+03],
       device='cuda:0')
weight: tensor([2.7500e-01, 1.3750e-01, 6.8800e-02, 3.4400e-02, 1.7200e-02, 8.6000e-03,
        4.3000e-03, 2.1000e-03, 1.1000e-03, 5.0000e-04, 3.0000e-04, 1.0000e-04],
       device='cuda:0')
epoch 4 Loss 492.7504077487522
shift: tensor([2.8000e+00, 5.7000e+00, 1.1400e+01, 2.2700e+01, 4.5500e+01, 9.1000e+01,
        1.8200e+02, 3.6400e+02, 7.2800e+02, 1.4560e+03, 2.9120e+03, 5.8239e+03],
       device='cuda:0')
weight: tensor([2.7500e-01, 1.3750e-01, 6.8800e-02, 3.4400e-02, 1.7200e-02, 8.6000e-03,
        4.3000e-03, 2.1000e-03, 1.1000e-03, 5.0000e-04, 3.0000e-04, 1.0000e-04],
       device='cuda:0')
shift: tensor([2.8000e+00, 5.7000e+00, 1.1400e+01, 2.2700e+01, 4.5500e+01, 9.1000e+01,
        1.8200e+02, 3.6400e+02, 7.2800e+02, 1.4560e+03, 2.9120e+03, 5.8239e+03],
       device='cuda:0')
weight: tensor([2.7500e-01, 1.3750e-01, 6.8800e-02, 3.4400e-02, 1.7200e-02, 8.6000e-03,
        4.3000e-03, 2.1000e-03, 1.1000e-03, 5.0000e-04, 3.0000e-04, 1.0000e-04],
       device='cuda:0')
shift: tensor([2.8000e+00, 5.7000e+00, 1.1400e+01, 2.2700e+01, 4.5500e+01, 9.1000e+01,
        1.8200e+02, 3.6400e+02, 7.2800e+02, 1.4560e+03, 2.9120e+03, 5.8239e+03],
       device='cuda:0')
weight: tensor([2.7500e-01, 1.3750e-01, 6.8800e-02, 3.4400e-02, 1.7200e-02, 8.6000e-03,
        4.3000e-03, 2.1000e-03, 1.1000e-03, 5.0000e-04, 3.0000e-04, 1.0000e-04],
       device='cuda:0')
shift: tensor([2.8000e+00, 5.7000e+00, 1.1400e+01, 2.2700e+01, 4.5500e+01, 9.1000e+01,
        1.8200e+02, 3.6400e+02, 7.2800e+02, 1.4560e+03, 2.9120e+03, 5.8239e+03],
       device='cuda:0')
weight: tensor([2.7500e-01, 1.3750e-01, 6.8800e-02, 3.4400e-02, 1.7200e-02, 8.6000e-03,
        4.3000e-03, 2.1000e-03, 1.1000e-03, 5.0000e-04, 3.0000e-04, 1.0000e-04],
       device='cuda:0')
shift: tensor([2.8000e+00, 5.7000e+00, 1.1400e+01, 2.2700e+01, 4.5500e+01, 9.1000e+01,
        1.8200e+02, 3.6400e+02, 7.2800e+02, 1.4560e+03, 2.9120e+03, 5.8239e+03],
       device='cuda:0')
weight: tensor([2.7500e-01, 1.3750e-01, 6.8800e-02, 3.4400e-02, 1.7200e-02, 8.6000e-03,
        4.3000e-03, 2.1000e-03, 1.1000e-03, 5.0000e-04, 3.0000e-04, 1.0000e-04],
       device='cuda:0')
shift: tensor([2.8000e+00, 5.7000e+00, 1.1400e+01, 2.2700e+01, 4.5500e+01, 9.1000e+01,
        1.8200e+02, 3.6400e+02, 7.2800e+02, 1.4560e+03, 2.9120e+03, 5.8239e+03],
       device='cuda:0')
weight: tensor([2.7500e-01, 1.3750e-01, 6.8800e-02, 3.4400e-02, 1.7200e-02, 8.6000e-03,
        4.3000e-03, 2.1000e-03, 1.1000e-03, 5.0000e-04, 3.0000e-04, 1.0000e-04],
       device='cuda:0')
epoch 5 Loss 346.0117471483019
shift: tensor([2.8000e+00, 5.7000e+00, 1.1400e+01, 2.2700e+01, 4.5500e+01, 9.1000e+01,
        1.8200e+02, 3.6400e+02, 7.2800e+02, 1.4560e+03, 2.9120e+03, 5.8239e+03],
       device='cuda:0')
weight: tensor([2.7500e-01, 1.3750e-01, 6.8800e-02, 3.4400e-02, 1.7200e-02, 8.6000e-03,
        4.3000e-03, 2.1000e-03, 1.1000e-03, 5.0000e-04, 3.0000e-04, 1.0000e-04],
       device='cuda:0')
shift: tensor([2.8000e+00, 5.7000e+00, 1.1400e+01, 2.2700e+01, 4.5500e+01, 9.1000e+01,
        1.8200e+02, 3.6400e+02, 7.2800e+02, 1.4560e+03, 2.9120e+03, 5.8239e+03],
       device='cuda:0')
weight: tensor([2.7500e-01, 1.3750e-01, 6.8800e-02, 3.4400e-02, 1.7200e-02, 8.6000e-03,
        4.3000e-03, 2.1000e-03, 1.1000e-03, 5.0000e-04, 3.0000e-04, 1.0000e-04],
       device='cuda:0')
epoch 6 Loss 254.85103522406683
shift: tensor([2.8000e+00, 5.7000e+00, 1.1400e+01, 2.2700e+01, 4.5500e+01, 9.1000e+01,
        1.8200e+02, 3.6400e+02, 7.2800e+02, 1.4560e+03, 2.9120e+03, 5.8239e+03],
       device='cuda:0')
weight: tensor([2.7500e-01, 1.3750e-01, 6.8800e-02, 3.4400e-02, 1.7200e-02, 8.6000e-03,
        4.3000e-03, 2.1000e-03, 1.1000e-03, 5.0000e-04, 3.0000e-04, 1.0000e-04],
       device='cuda:0')
shift: tensor([2.8000e+00, 5.7000e+00, 1.1400e+01, 2.2700e+01, 4.5500e+01, 9.1000e+01,
        1.8200e+02, 3.6400e+02, 7.2800e+02, 1.4560e+03, 2.9120e+03, 5.8239e+03],
       device='cuda:0')
weight: tensor([2.7500e-01, 1.3750e-01, 6.8800e-02, 3.4400e-02, 1.7200e-02, 8.6000e-03,
        4.3000e-03, 2.1000e-03, 1.1000e-03, 5.0000e-04, 3.0000e-04, 1.0000e-04],
       device='cuda:0')
shift: tensor([2.8000e+00, 5.7000e+00, 1.1400e+01, 2.2700e+01, 4.5500e+01, 9.1000e+01,
        1.8200e+02, 3.6400e+02, 7.2800e+02, 1.4560e+03, 2.9120e+03, 5.8239e+03],
       device='cuda:0')
weight: tensor([2.7500e-01, 1.3750e-01, 6.8800e-02, 3.4400e-02, 1.7200e-02, 8.6000e-03,
        4.3000e-03, 2.1000e-03, 1.1000e-03, 5.0000e-04, 3.0000e-04, 1.0000e-04],
       device='cuda:0')
shift: tensor([2.8000e+00, 5.7000e+00, 1.1400e+01, 2.2700e+01, 4.5500e+01, 9.1000e+01,
        1.8200e+02, 3.6400e+02, 7.2800e+02, 1.4560e+03, 2.9120e+03, 5.8239e+03],
       device='cuda:0')
weight: tensor([2.7500e-01, 1.3750e-01, 6.8800e-02, 3.4400e-02, 1.7200e-02, 8.6000e-03,
        4.3000e-03, 2.1000e-03, 1.1000e-03, 5.0000e-04, 3.0000e-04, 1.0000e-04],
       device='cuda:0')
shift: tensor([2.8000e+00, 5.7000e+00, 1.1400e+01, 2.2700e+01, 4.5500e+01, 9.1000e+01,
        1.8200e+02, 3.6400e+02, 7.2800e+02, 1.4560e+03, 2.9120e+03, 5.8239e+03],
       device='cuda:0')
weight: tensor([2.7500e-01, 1.3750e-01, 6.8800e-02, 3.4400e-02, 1.7200e-02, 8.6000e-03,
        4.3000e-03, 2.1000e-03, 1.1000e-03, 5.0000e-04, 3.0000e-04, 1.0000e-04],
       device='cuda:0')
epoch 7 Loss 179.87409040662976
shift: tensor([2.8000e+00, 5.7000e+00, 1.1400e+01, 2.2700e+01, 4.5500e+01, 9.1000e+01,
        1.8200e+02, 3.6400e+02, 7.2800e+02, 1.4560e+03, 2.9120e+03, 5.8239e+03],
       device='cuda:0')
weight: tensor([2.7500e-01, 1.3750e-01, 6.8800e-02, 3.4400e-02, 1.7200e-02, 8.6000e-03,
        4.3000e-03, 2.1000e-03, 1.1000e-03, 5.0000e-04, 3.0000e-04, 1.0000e-04],
       device='cuda:0')
shift: tensor([2.8000e+00, 5.7000e+00, 1.1400e+01, 2.2700e+01, 4.5500e+01, 9.1000e+01,
        1.8200e+02, 3.6400e+02, 7.2800e+02, 1.4560e+03, 2.9120e+03, 5.8239e+03],
       device='cuda:0')
weight: tensor([2.7500e-01, 1.3750e-01, 6.8800e-02, 3.4400e-02, 1.7200e-02, 8.6000e-03,
        4.3000e-03, 2.1000e-03, 1.1000e-03, 5.0000e-04, 3.0000e-04, 1.0000e-04],
       device='cuda:0')
shift: tensor([2.8000e+00, 5.7000e+00, 1.1400e+01, 2.2700e+01, 4.5500e+01, 9.1000e+01,
        1.8200e+02, 3.6400e+02, 7.2800e+02, 1.4560e+03, 2.9120e+03, 5.8239e+03],
       device='cuda:0')
weight: tensor([2.7500e-01, 1.3750e-01, 6.8800e-02, 3.4400e-02, 1.7200e-02, 8.6000e-03,
        4.3000e-03, 2.1000e-03, 1.1000e-03, 5.0000e-04, 3.0000e-04, 1.0000e-04],
       device='cuda:0')
shift: tensor([2.8000e+00, 5.7000e+00, 1.1400e+01, 2.2700e+01, 4.5500e+01, 9.1000e+01,
        1.8200e+02, 3.6400e+02, 7.2800e+02, 1.4560e+03, 2.9120e+03, 5.8239e+03],
       device='cuda:0')
weight: tensor([2.7500e-01, 1.3750e-01, 6.8800e-02, 3.4400e-02, 1.7200e-02, 8.6000e-03,
        4.3000e-03, 2.1000e-03, 1.1000e-03, 5.0000e-04, 3.0000e-04, 1.0000e-04],
       device='cuda:0')
shift: tensor([2.8000e+00, 5.7000e+00, 1.1400e+01, 2.2700e+01, 4.5500e+01, 9.1000e+01,
        1.8200e+02, 3.6400e+02, 7.2800e+02, 1.4560e+03, 2.9120e+03, 5.8239e+03],
       device='cuda:0')
weight: tensor([2.7500e-01, 1.3750e-01, 6.8800e-02, 3.4400e-02, 1.7200e-02, 8.6000e-03,
        4.3000e-03, 2.1000e-03, 1.1000e-03, 5.0000e-04, 3.0000e-04, 1.0000e-04],
       device='cuda:0')
epoch 8 Loss 149.8706114027235
shift: tensor([2.8000e+00, 5.7000e+00, 1.1400e+01, 2.2700e+01, 4.5500e+01, 9.1000e+01,
        1.8200e+02, 3.6400e+02, 7.2800e+02, 1.4560e+03, 2.9120e+03, 5.8239e+03],
       device='cuda:0')
weight: tensor([2.7500e-01, 1.3750e-01, 6.8800e-02, 3.4400e-02, 1.7200e-02, 8.6000e-03,
        4.3000e-03, 2.1000e-03, 1.1000e-03, 5.0000e-04, 3.0000e-04, 1.0000e-04],
       device='cuda:0')
shift: tensor([2.8000e+00, 5.7000e+00, 1.1400e+01, 2.2700e+01, 4.5500e+01, 9.1000e+01,
        1.8200e+02, 3.6400e+02, 7.2800e+02, 1.4560e+03, 2.9120e+03, 5.8239e+03],
       device='cuda:0')
weight: tensor([2.7500e-01, 1.3750e-01, 6.8800e-02, 3.4400e-02, 1.7200e-02, 8.6000e-03,
        4.3000e-03, 2.1000e-03, 1.1000e-03, 5.0000e-04, 3.0000e-04, 1.0000e-04],
       device='cuda:0')
shift: tensor([2.8000e+00, 5.7000e+00, 1.1400e+01, 2.2700e+01, 4.5500e+01, 9.1000e+01,
        1.8200e+02, 3.6400e+02, 7.2800e+02, 1.4560e+03, 2.9120e+03, 5.8239e+03],
       device='cuda:0')
weight: tensor([2.7500e-01, 1.3750e-01, 6.8800e-02, 3.4400e-02, 1.7200e-02, 8.6000e-03,
        4.3000e-03, 2.1000e-03, 1.1000e-03, 5.0000e-04, 3.0000e-04, 1.0000e-04],
       device='cuda:0')
shift: tensor([2.8000e+00, 5.7000e+00, 1.1400e+01, 2.2700e+01, 4.5500e+01, 9.1000e+01,
        1.8200e+02, 3.6400e+02, 7.2800e+02, 1.4560e+03, 2.9120e+03, 5.8239e+03],
       device='cuda:0')
weight: tensor([2.7500e-01, 1.3750e-01, 6.8800e-02, 3.4400e-02, 1.7200e-02, 8.6000e-03,
        4.3000e-03, 2.1000e-03, 1.1000e-03, 5.0000e-04, 3.0000e-04, 1.0000e-04],
       device='cuda:0')
epoch 9 Loss 134.49835925632053
shift: tensor([2.8000e+00, 5.7000e+00, 1.1400e+01, 2.2700e+01, 4.5500e+01, 9.1000e+01,
        1.8200e+02, 3.6400e+02, 7.2800e+02, 1.4560e+03, 2.9120e+03, 5.8239e+03],
       device='cuda:0')
weight: tensor([2.7500e-01, 1.3750e-01, 6.8800e-02, 3.4400e-02, 1.7200e-02, 8.6000e-03,
        4.3000e-03, 2.1000e-03, 1.1000e-03, 5.0000e-04, 3.0000e-04, 1.0000e-04],
       device='cuda:0')
shift: tensor([2.8000e+00, 5.7000e+00, 1.1400e+01, 2.2700e+01, 4.5500e+01, 9.1000e+01,
        1.8200e+02, 3.6400e+02, 7.2800e+02, 1.4560e+03, 2.9120e+03, 5.8239e+03],
       device='cuda:0')
weight: tensor([2.7500e-01, 1.3750e-01, 6.8800e-02, 3.4400e-02, 1.7200e-02, 8.6000e-03,
        4.3000e-03, 2.1000e-03, 1.1000e-03, 5.0000e-04, 3.0000e-04, 1.0000e-04],
       device='cuda:0')
shift: tensor([2.8000e+00, 5.7000e+00, 1.1400e+01, 2.2700e+01, 4.5500e+01, 9.1000e+01,
        1.8200e+02, 3.6400e+02, 7.2800e+02, 1.4560e+03, 2.9120e+03, 5.8239e+03],
       device='cuda:0')
weight: tensor([2.7500e-01, 1.3750e-01, 6.8800e-02, 3.4400e-02, 1.7200e-02, 8.6000e-03,
        4.3000e-03, 2.1000e-03, 1.1000e-03, 5.0000e-04, 3.0000e-04, 1.0000e-04],
       device='cuda:0')
shift: tensor([2.8000e+00, 5.7000e+00, 1.1400e+01, 2.2700e+01, 4.5500e+01, 9.1000e+01,
        1.8200e+02, 3.6400e+02, 7.2800e+02, 1.4560e+03, 2.9120e+03, 5.8239e+03],
       device='cuda:0')
weight: tensor([2.7500e-01, 1.3750e-01, 6.8800e-02, 3.4400e-02, 1.7200e-02, 8.6000e-03,
        4.3000e-03, 2.1000e-03, 1.1000e-03, 5.0000e-04, 3.0000e-04, 1.0000e-04],
       device='cuda:0')
epoch 10 Loss 115.39776378207736
##### Step: 9 Learning rate: 0.005 #####
Epoch 10, Train Loss: 115.3978, Val Loss: 108.4979
train_e/atom_mae: 0.033822
2026-03-18 18:24:35.516 INFO: train_e/atom_mae: 0.033822
train_e/atom_rmse: 0.051933
2026-03-18 18:24:35.517 INFO: train_e/atom_rmse: 0.051933
train_f_mae: 0.436660
2026-03-18 18:24:35.519 INFO: train_f_mae: 0.436660
train_f_rmse: 0.624070
2026-03-18 18:24:35.519 INFO: train_f_rmse: 0.624070
val_e/atom_mae: 0.012850
2026-03-18 18:24:35.523 INFO: val_e/atom_mae: 0.012850
val_e/atom_rmse: 0.014819
2026-03-18 18:24:35.524 INFO: val_e/atom_rmse: 0.014819
val_f_mae: 0.247599
2026-03-18 18:24:35.524 INFO: val_f_mae: 0.247599
val_f_rmse: 0.327426
2026-03-18 18:24:35.524 INFO: val_f_rmse: 0.327426
shift: tensor([2.8000e+00, 5.7000e+00, 1.1400e+01, 2.2700e+01, 4.5500e+01, 9.1000e+01,
        1.8200e+02, 3.6400e+02, 7.2800e+02, 1.4560e+03, 2.9120e+03, 5.8239e+03],
       device='cuda:0')
weight: tensor([2.7500e-01, 1.3750e-01, 6.8800e-02, 3.4400e-02, 1.7200e-02, 8.6000e-03,
        4.3000e-03, 2.1000e-03, 1.1000e-03, 5.0000e-04, 3.0000e-04, 1.0000e-04],
       device='cuda:0')
shift: tensor([2.8000e+00, 5.7000e+00, 1.1400e+01, 2.2700e+01, 4.5500e+01, 9.1000e+01,
        1.8200e+02, 3.6400e+02, 7.2800e+02, 1.4560e+03, 2.9120e+03, 5.8239e+03],
       device='cuda:0')
weight: tensor([2.7500e-01, 1.3750e-01, 6.8800e-02, 3.4400e-02, 1.7200e-02, 8.6000e-03,
        4.3000e-03, 2.1000e-03, 1.1000e-03, 5.0000e-04, 3.0000e-04, 1.0000e-04],
       device='cuda:0')
shift: tensor([2.8000e+00, 5.7000e+00, 1.1400e+01, 2.2700e+01, 4.5500e+01, 9.1000e+01,
        1.8200e+02, 3.6400e+02, 7.2800e+02, 1.4560e+03, 2.9120e+03, 5.8239e+03],
       device='cuda:0')
weight: tensor([2.7500e-01, 1.3750e-01, 6.8800e-02, 3.4400e-02, 1.7200e-02, 8.6000e-03,
        4.3000e-03, 2.1000e-03, 1.1000e-03, 5.0000e-04, 3.0000e-04, 1.0000e-04],
       device='cuda:0')
shift: tensor([2.8000e+00, 5.7000e+00, 1.1400e+01, 2.2700e+01, 4.5500e+01, 9.1000e+01,
        1.8200e+02, 3.6400e+02, 7.2800e+02, 1.4560e+03, 2.9120e+03, 5.8239e+03],
       device='cuda:0')
weight: tensor([2.7500e-01, 1.3750e-01, 6.8800e-02, 3.4400e-02, 1.7200e-02, 8.6000e-03,
        4.3000e-03, 2.1000e-03, 1.1000e-03, 5.0000e-04, 3.0000e-04, 1.0000e-04],
       device='cuda:0')
shift: tensor([2.8000e+00, 5.7000e+00, 1.1400e+01, 2.2700e+01, 4.5500e+01, 9.1000e+01,
        1.8200e+02, 3.6400e+02, 7.2800e+02, 1.4560e+03, 2.9120e+03, 5.8239e+03],
       device='cuda:0')
weight: tensor([2.7500e-01, 1.3750e-01, 6.8800e-02, 3.4400e-02, 1.7200e-02, 8.6000e-03,
        4.3000e-03, 2.1000e-03, 1.1000e-03, 5.0000e-04, 3.0000e-04, 1.0000e-04],
       device='cuda:0')
epoch 11 Loss 101.17052205403645
shift: tensor([2.8000e+00, 5.7000e+00, 1.1400e+01, 2.2700e+01, 4.5500e+01, 9.1000e+01,
        1.8200e+02, 3.6400e+02, 7.2800e+02, 1.4560e+03, 2.9120e+03, 5.8239e+03],
       device='cuda:0')
weight: tensor([2.7500e-01, 1.3750e-01, 6.8800e-02, 3.4400e-02, 1.7200e-02, 8.6000e-03,
        4.3000e-03, 2.1000e-03, 1.1000e-03, 5.0000e-04, 3.0000e-04, 1.0000e-04],
       device='cuda:0')
shift: tensor([2.8000e+00, 5.7000e+00, 1.1400e+01, 2.2700e+01, 4.5500e+01, 9.1000e+01,
        1.8200e+02, 3.6400e+02, 7.2800e+02, 1.4560e+03, 2.9120e+03, 5.8239e+03],
       device='cuda:0')
weight: tensor([2.7500e-01, 1.3750e-01, 6.8800e-02, 3.4400e-02, 1.7200e-02, 8.6000e-03,
        4.3000e-03, 2.1000e-03, 1.1000e-03, 5.0000e-04, 3.0000e-04, 1.0000e-04],
       device='cuda:0')
shift: tensor([2.8000e+00, 5.7000e+00, 1.1400e+01, 2.2700e+01, 4.5500e+01, 9.1000e+01,
        1.8200e+02, 3.6400e+02, 7.2800e+02, 1.4560e+03, 2.9120e+03, 5.8239e+03],
       device='cuda:0')
weight: tensor([2.7500e-01, 1.3750e-01, 6.8800e-02, 3.4400e-02, 1.7200e-02, 8.6000e-03,
        4.3000e-03, 2.1000e-03, 1.1000e-03, 5.0000e-04, 3.0000e-04, 1.0000e-04],
       device='cuda:0')
shift: tensor([2.8000e+00, 5.7000e+00, 1.1400e+01, 2.2700e+01, 4.5500e+01, 9.1000e+01,
        1.8200e+02, 3.6400e+02, 7.2800e+02, 1.4560e+03, 2.9120e+03, 5.8239e+03],
       device='cuda:0')
weight: tensor([2.7500e-01, 1.3750e-01, 6.8800e-02, 3.4400e-02, 1.7200e-02, 8.6000e-03,
        4.3000e-03, 2.1000e-03, 1.1000e-03, 5.0000e-04, 3.0000e-04, 1.0000e-04],
       device='cuda:0')
shift: tensor([2.8000e+00, 5.7000e+00, 1.1400e+01, 2.2700e+01, 4.5500e+01, 9.1000e+01,
        1.8200e+02, 3.6400e+02, 7.2800e+02, 1.4560e+03, 2.9120e+03, 5.8239e+03],
       device='cuda:0')
weight: tensor([2.7500e-01, 1.3750e-01, 6.8800e-02, 3.4400e-02, 1.7200e-02, 8.6000e-03,
        4.3000e-03, 2.1000e-03, 1.1000e-03, 5.0000e-04, 3.0000e-04, 1.0000e-04],
       device='cuda:0')
shift: tensor([2.8000e+00, 5.7000e+00, 1.1400e+01, 2.2700e+01, 4.5500e+01, 9.1000e+01,
        1.8200e+02, 3.6400e+02, 7.2800e+02, 1.4560e+03, 2.9120e+03, 5.8239e+03],
       device='cuda:0')
weight: tensor([2.7500e-01, 1.3750e-01, 6.8800e-02, 3.4400e-02, 1.7200e-02, 8.6000e-03,
        4.3000e-03, 2.1000e-03, 1.1000e-03, 5.0000e-04, 3.0000e-04, 1.0000e-04],
       device='cuda:0')
shift: tensor([2.8000e+00, 5.7000e+00, 1.1400e+01, 2.2700e+01, 4.5500e+01, 9.1000e+01,
        1.8200e+02, 3.6400e+02, 7.2800e+02, 1.4560e+03, 2.9120e+03, 5.8239e+03],
       device='cuda:0')
weight: tensor([2.7500e-01, 1.3750e-01, 6.8800e-02, 3.4400e-02, 1.7200e-02, 8.6000e-03,
        4.3000e-03, 2.1000e-03, 1.1000e-03, 5.0000e-04, 3.0000e-04, 1.0000e-04],
       device='cuda:0')
epoch 12 Loss 82.55034743414984
shift: tensor([2.8000e+00, 5.7000e+00, 1.1400e+01, 2.2700e+01, 4.5500e+01, 9.1000e+01,
        1.8200e+02, 3.6400e+02, 7.2800e+02, 1.4560e+03, 2.9120e+03, 5.8239e+03],
       device='cuda:0')
weight: tensor([2.7500e-01, 1.3750e-01, 6.8800e-02, 3.4400e-02, 1.7200e-02, 8.6000e-03,
        4.3000e-03, 2.1000e-03, 1.1000e-03, 5.0000e-04, 3.0000e-04, 1.0000e-04],
       device='cuda:0')
shift: tensor([2.8000e+00, 5.7000e+00, 1.1400e+01, 2.2700e+01, 4.5500e+01, 9.1000e+01,
        1.8200e+02, 3.6400e+02, 7.2800e+02, 1.4560e+03, 2.9120e+03, 5.8239e+03],
       device='cuda:0')
weight: tensor([2.7500e-01, 1.3750e-01, 6.8800e-02, 3.4400e-02, 1.7200e-02, 8.6000e-03,
        4.3000e-03, 2.1000e-03, 1.1000e-03, 5.0000e-04, 3.0000e-04, 1.0000e-04],
       device='cuda:0')
shift: tensor([2.8000e+00, 5.7000e+00, 1.1400e+01, 2.2700e+01, 4.5500e+01, 9.1000e+01,
        1.8200e+02, 3.6400e+02, 7.2800e+02, 1.4560e+03, 2.9120e+03, 5.8239e+03],
       device='cuda:0')
weight: tensor([2.7500e-01, 1.3750e-01, 6.8800e-02, 3.4400e-02, 1.7200e-02, 8.6000e-03,
        4.3000e-03, 2.1000e-03, 1.1000e-03, 5.0000e-04, 3.0000e-04, 1.0000e-04],
       device='cuda:0')
shift: tensor([2.8000e+00, 5.7000e+00, 1.1400e+01, 2.2700e+01, 4.5500e+01, 9.1000e+01,
        1.8200e+02, 3.6400e+02, 7.2800e+02, 1.4560e+03, 2.9120e+03, 5.8239e+03],
       device='cuda:0')
weight: tensor([2.7500e-01, 1.3750e-01, 6.8800e-02, 3.4400e-02, 1.7200e-02, 8.6000e-03,
        4.3000e-03, 2.1000e-03, 1.1000e-03, 5.0000e-04, 3.0000e-04, 1.0000e-04],
       device='cuda:0')
epoch 13 Loss 75.09239069620769
shift: tensor([2.8000e+00, 5.7000e+00, 1.1400e+01, 2.2700e+01, 4.5500e+01, 9.1000e+01,
        1.8200e+02, 3.6400e+02, 7.2800e+02, 1.4560e+03, 2.9120e+03, 5.8239e+03],
       device='cuda:0')
weight: tensor([2.7500e-01, 1.3750e-01, 6.8800e-02, 3.4400e-02, 1.7200e-02, 8.6000e-03,
        4.3000e-03, 2.1000e-03, 1.1000e-03, 5.0000e-04, 3.0000e-04, 1.0000e-04],
       device='cuda:0')
epoch 14 Loss 72.92057111528185
shift: tensor([2.8000e+00, 5.7000e+00, 1.1400e+01, 2.2700e+01, 4.5500e+01, 9.1000e+01,
        1.8200e+02, 3.6400e+02, 7.2800e+02, 1.4560e+03, 2.9120e+03, 5.8239e+03],
       device='cuda:0')
weight: tensor([2.7500e-01, 1.3750e-01, 6.8800e-02, 3.4400e-02, 1.7200e-02, 8.6000e-03,
        4.3000e-03, 2.1000e-03, 1.1000e-03, 5.0000e-04, 3.0000e-04, 1.0000e-04],
       device='cuda:0')
shift: tensor([2.8000e+00, 5.7000e+00, 1.1400e+01, 2.2700e+01, 4.5500e+01, 9.1000e+01,
        1.8200e+02, 3.6400e+02, 7.2800e+02, 1.4560e+03, 2.9120e+03, 5.8239e+03],
       device='cuda:0')
weight: tensor([2.7500e-01, 1.3750e-01, 6.8800e-02, 3.4400e-02, 1.7200e-02, 8.6000e-03,
        4.3000e-03, 2.1000e-03, 1.1000e-03, 5.0000e-04, 3.0000e-04, 1.0000e-04],
       device='cuda:0')
shift: tensor([2.8000e+00, 5.7000e+00, 1.1400e+01, 2.2700e+01, 4.5500e+01, 9.1000e+01,
        1.8200e+02, 3.6400e+02, 7.2800e+02, 1.4560e+03, 2.9120e+03, 5.8239e+03],
       device='cuda:0')
weight: tensor([2.7500e-01, 1.3750e-01, 6.8800e-02, 3.4400e-02, 1.7200e-02, 8.6000e-03,
        4.3000e-03, 2.1000e-03, 1.1000e-03, 5.0000e-04, 3.0000e-04, 1.0000e-04],
       device='cuda:0')
shift: tensor([2.8000e+00, 5.7000e+00, 1.1400e+01, 2.2700e+01, 4.5500e+01, 9.1000e+01,
        1.8200e+02, 3.6400e+02, 7.2800e+02, 1.4560e+03, 2.9120e+03, 5.8239e+03],
       device='cuda:0')
weight: tensor([2.7500e-01, 1.3750e-01, 6.8800e-02, 3.4400e-02, 1.7200e-02, 8.6000e-03,
        4.3000e-03, 2.1000e-03, 1.1000e-03, 5.0000e-04, 3.0000e-04, 1.0000e-04],
       device='cuda:0')
shift: tensor([2.8000e+00, 5.7000e+00, 1.1400e+01, 2.2700e+01, 4.5500e+01, 9.1000e+01,
        1.8200e+02, 3.6400e+02, 7.2800e+02, 1.4560e+03, 2.9120e+03, 5.8239e+03],
       device='cuda:0')
weight: tensor([2.7500e-01, 1.3750e-01, 6.8800e-02, 3.4400e-02, 1.7200e-02, 8.6000e-03,
        4.3000e-03, 2.1000e-03, 1.1000e-03, 5.0000e-04, 3.0000e-04, 1.0000e-04],
       device='cuda:0')
shift: tensor([2.8000e+00, 5.7000e+00, 1.1400e+01, 2.2700e+01, 4.5500e+01, 9.1000e+01,
        1.8200e+02, 3.6400e+02, 7.2800e+02, 1.4560e+03, 2.9120e+03, 5.8239e+03],
       device='cuda:0')
weight: tensor([2.7500e-01, 1.3750e-01, 6.8800e-02, 3.4400e-02, 1.7200e-02, 8.6000e-03,
        4.3000e-03, 2.1000e-03, 1.1000e-03, 5.0000e-04, 3.0000e-04, 1.0000e-04],
       device='cuda:0')
epoch 15 Loss 59.63205655415853
shift: tensor([2.8000e+00, 5.7000e+00, 1.1400e+01, 2.2700e+01, 4.5500e+01, 9.1000e+01,
        1.8200e+02, 3.6400e+02, 7.2800e+02, 1.4560e+03, 2.9120e+03, 5.8239e+03],
       device='cuda:0')
weight: tensor([2.7500e-01, 1.3750e-01, 6.8800e-02, 3.4400e-02, 1.7200e-02, 8.6000e-03,
        4.3000e-03, 2.1000e-03, 1.1000e-03, 5.0000e-04, 3.0000e-04, 1.0000e-04],
       device='cuda:0')
shift: tensor([2.8000e+00, 5.7000e+00, 1.1400e+01, 2.2700e+01, 4.5500e+01, 9.1000e+01,
        1.8200e+02, 3.6400e+02, 7.2800e+02, 1.4560e+03, 2.9120e+03, 5.8239e+03],
       device='cuda:0')
weight: tensor([2.7500e-01, 1.3750e-01, 6.8800e-02, 3.4400e-02, 1.7200e-02, 8.6000e-03,
        4.3000e-03, 2.1000e-03, 1.1000e-03, 5.0000e-04, 3.0000e-04, 1.0000e-04],
       device='cuda:0')
shift: tensor([2.8000e+00, 5.7000e+00, 1.1400e+01, 2.2700e+01, 4.5500e+01, 9.1000e+01,
        1.8200e+02, 3.6400e+02, 7.2800e+02, 1.4560e+03, 2.9120e+03, 5.8239e+03],
       device='cuda:0')
weight: tensor([2.7500e-01, 1.3750e-01, 6.8800e-02, 3.4400e-02, 1.7200e-02, 8.6000e-03,
        4.3000e-03, 2.1000e-03, 1.1000e-03, 5.0000e-04, 3.0000e-04, 1.0000e-04],
       device='cuda:0')
shift: tensor([2.8000e+00, 5.7000e+00, 1.1400e+01, 2.2700e+01, 4.5500e+01, 9.1000e+01,
        1.8200e+02, 3.6400e+02, 7.2800e+02, 1.4560e+03, 2.9120e+03, 5.8239e+03],
       device='cuda:0')
weight: tensor([2.7500e-01, 1.3750e-01, 6.8800e-02, 3.4400e-02, 1.7200e-02, 8.6000e-03,
        4.3000e-03, 2.1000e-03, 1.1000e-03, 5.0000e-04, 3.0000e-04, 1.0000e-04],
       device='cuda:0')
shift: tensor([2.8000e+00, 5.7000e+00, 1.1400e+01, 2.2700e+01, 4.5500e+01, 9.1000e+01,
        1.8200e+02, 3.6400e+02, 7.2800e+02, 1.4560e+03, 2.9120e+03, 5.8239e+03],
       device='cuda:0')
weight: tensor([2.7500e-01, 1.3750e-01, 6.8800e-02, 3.4400e-02, 1.7200e-02, 8.6000e-03,
        4.3000e-03, 2.1000e-03, 1.1000e-03, 5.0000e-04, 3.0000e-04, 1.0000e-04],
       device='cuda:0')
shift: tensor([2.8000e+00, 5.7000e+00, 1.1400e+01, 2.2700e+01, 4.5500e+01, 9.1000e+01,
        1.8200e+02, 3.6400e+02, 7.2800e+02, 1.4560e+03, 2.9120e+03, 5.8239e+03],
       device='cuda:0')
weight: tensor([2.7500e-01, 1.3750e-01, 6.8800e-02, 3.4400e-02, 1.7200e-02, 8.6000e-03,
        4.3000e-03, 2.1000e-03, 1.1000e-03, 5.0000e-04, 3.0000e-04, 1.0000e-04],
       device='cuda:0')
shift: tensor([2.8000e+00, 5.7000e+00, 1.1400e+01, 2.2700e+01, 4.5500e+01, 9.1000e+01,
        1.8200e+02, 3.6400e+02, 7.2800e+02, 1.4560e+03, 2.9120e+03, 5.8239e+03],
       device='cuda:0')
weight: tensor([2.7500e-01, 1.3750e-01, 6.8800e-02, 3.4400e-02, 1.7200e-02, 8.6000e-03,
        4.3000e-03, 2.1000e-03, 1.1000e-03, 5.0000e-04, 3.0000e-04, 1.0000e-04],
       device='cuda:0')
shift: tensor([2.8000e+00, 5.7000e+00, 1.1400e+01, 2.2700e+01, 4.5500e+01, 9.1000e+01,
        1.8200e+02, 3.6400e+02, 7.2800e+02, 1.4560e+03, 2.9120e+03, 5.8239e+03],
       device='cuda:0')
weight: tensor([2.7500e-01, 1.3750e-01, 6.8800e-02, 3.4400e-02, 1.7200e-02, 8.6000e-03,
        4.3000e-03, 2.1000e-03, 1.1000e-03, 5.0000e-04, 3.0000e-04, 1.0000e-04],
       device='cuda:0')
epoch 16 Loss 52.14125972323947
shift: tensor([2.8000e+00, 5.7000e+00, 1.1400e+01, 2.2700e+01, 4.5500e+01, 9.1000e+01,
        1.8200e+02, 3.6400e+02, 7.2800e+02, 1.4560e+03, 2.9120e+03, 5.8239e+03],
       device='cuda:0')
weight: tensor([2.7500e-01, 1.3750e-01, 6.8800e-02, 3.4400e-02, 1.7200e-02, 8.6000e-03,
        4.3000e-03, 2.1000e-03, 1.1000e-03, 5.0000e-04, 3.0000e-04, 1.0000e-04],
       device='cuda:0')
shift: tensor([2.8000e+00, 5.7000e+00, 1.1400e+01, 2.2700e+01, 4.5500e+01, 9.1000e+01,
        1.8200e+02, 3.6400e+02, 7.2800e+02, 1.4560e+03, 2.9120e+03, 5.8239e+03],
       device='cuda:0')
weight: tensor([2.7500e-01, 1.3750e-01, 6.8800e-02, 3.4400e-02, 1.7200e-02, 8.6000e-03,
        4.3000e-03, 2.1000e-03, 1.1000e-03, 5.0000e-04, 3.0000e-04, 1.0000e-04],
       device='cuda:0')
shift: tensor([2.8000e+00, 5.7000e+00, 1.1400e+01, 2.2700e+01, 4.5500e+01, 9.1000e+01,
        1.8200e+02, 3.6400e+02, 7.2800e+02, 1.4560e+03, 2.9120e+03, 5.8239e+03],
       device='cuda:0')
weight: tensor([2.7500e-01, 1.3750e-01, 6.8800e-02, 3.4400e-02, 1.7200e-02, 8.6000e-03,
        4.3000e-03, 2.1000e-03, 1.1000e-03, 5.0000e-04, 3.0000e-04, 1.0000e-04],
       device='cuda:0')
epoch 17 Loss 48.11345990498861
shift: tensor([2.8000e+00, 5.7000e+00, 1.1400e+01, 2.2700e+01, 4.5500e+01, 9.1000e+01,
        1.8200e+02, 3.6400e+02, 7.2800e+02, 1.4560e+03, 2.9120e+03, 5.8239e+03],
       device='cuda:0')
weight: tensor([2.7500e-01, 1.3750e-01, 6.8800e-02, 3.4400e-02, 1.7200e-02, 8.6000e-03,
        4.3000e-03, 2.1000e-03, 1.1000e-03, 5.0000e-04, 3.0000e-04, 1.0000e-04],
       device='cuda:0')
shift: tensor([2.8000e+00, 5.7000e+00, 1.1400e+01, 2.2700e+01, 4.5500e+01, 9.1000e+01,
        1.8200e+02, 3.6400e+02, 7.2800e+02, 1.4560e+03, 2.9120e+03, 5.8239e+03],
       device='cuda:0')
weight: tensor([2.7500e-01, 1.3750e-01, 6.8800e-02, 3.4400e-02, 1.7200e-02, 8.6000e-03,
        4.3000e-03, 2.1000e-03, 1.1000e-03, 5.0000e-04, 3.0000e-04, 1.0000e-04],
       device='cuda:0')
epoch 18 Loss 42.46379258897569
shift: tensor([2.8000e+00, 5.7000e+00, 1.1400e+01, 2.2700e+01, 4.5500e+01, 9.1000e+01,
        1.8200e+02, 3.6400e+02, 7.2800e+02, 1.4560e+03, 2.9120e+03, 5.8239e+03],
       device='cuda:0')
weight: tensor([2.7500e-01, 1.3750e-01, 6.8800e-02, 3.4400e-02, 1.7200e-02, 8.6000e-03,
        4.3000e-03, 2.1000e-03, 1.1000e-03, 5.0000e-04, 3.0000e-04, 1.0000e-04],
       device='cuda:0')
shift: tensor([2.8000e+00, 5.7000e+00, 1.1400e+01, 2.2700e+01, 4.5500e+01, 9.1000e+01,
        1.8200e+02, 3.6400e+02, 7.2800e+02, 1.4560e+03, 2.9120e+03, 5.8239e+03],
       device='cuda:0')
weight: tensor([2.7500e-01, 1.3750e-01, 6.8800e-02, 3.4400e-02, 1.7200e-02, 8.6000e-03,
        4.3000e-03, 2.1000e-03, 1.1000e-03, 5.0000e-04, 3.0000e-04, 1.0000e-04],
       device='cuda:0')
shift: tensor([2.8000e+00, 5.7000e+00, 1.1400e+01, 2.2700e+01, 4.5500e+01, 9.1000e+01,
        1.8200e+02, 3.6400e+02, 7.2800e+02, 1.4560e+03, 2.9120e+03, 5.8239e+03],
       device='cuda:0')
weight: tensor([2.7500e-01, 1.3750e-01, 6.8800e-02, 3.4400e-02, 1.7200e-02, 8.6000e-03,
        4.3000e-03, 2.1000e-03, 1.1000e-03, 5.0000e-04, 3.0000e-04, 1.0000e-04],
       device='cuda:0')
shift: tensor([2.8000e+00, 5.7000e+00, 1.1400e+01, 2.2700e+01, 4.5500e+01, 9.1000e+01,
        1.8200e+02, 3.6400e+02, 7.2800e+02, 1.4560e+03, 2.9120e+03, 5.8239e+03],
       device='cuda:0')
weight: tensor([2.7500e-01, 1.3750e-01, 6.8800e-02, 3.4400e-02, 1.7200e-02, 8.6000e-03,
        4.3000e-03, 2.1000e-03, 1.1000e-03, 5.0000e-04, 3.0000e-04, 1.0000e-04],
       device='cuda:0')
shift: tensor([2.8000e+00, 5.7000e+00, 1.1400e+01, 2.2700e+01, 4.5500e+01, 9.1000e+01,
        1.8200e+02, 3.6400e+02, 7.2800e+02, 1.4560e+03, 2.9120e+03, 5.8239e+03],
       device='cuda:0')
weight: tensor([2.7500e-01, 1.3750e-01, 6.8800e-02, 3.4400e-02, 1.7200e-02, 8.6000e-03,
        4.3000e-03, 2.1000e-03, 1.1000e-03, 5.0000e-04, 3.0000e-04, 1.0000e-04],
       device='cuda:0')
epoch 19 Loss 38.38319259219699
shift: tensor([2.8000e+00, 5.7000e+00, 1.1400e+01, 2.2700e+01, 4.5500e+01, 9.1000e+01,
        1.8200e+02, 3.6400e+02, 7.2800e+02, 1.4560e+03, 2.9120e+03, 5.8239e+03],
       device='cuda:0')
weight: tensor([2.7500e-01, 1.3750e-01, 6.8800e-02, 3.4400e-02, 1.7200e-02, 8.6000e-03,
        4.3000e-03, 2.1000e-03, 1.1000e-03, 5.0000e-04, 3.0000e-04, 1.0000e-04],
       device='cuda:0')
shift: tensor([2.8000e+00, 5.7000e+00, 1.1400e+01, 2.2700e+01, 4.5500e+01, 9.1000e+01,
        1.8200e+02, 3.6400e+02, 7.2800e+02, 1.4560e+03, 2.9120e+03, 5.8239e+03],
       device='cuda:0')
weight: tensor([2.7500e-01, 1.3750e-01, 6.8800e-02, 3.4400e-02, 1.7200e-02, 8.6000e-03,
        4.3000e-03, 2.1000e-03, 1.1000e-03, 5.0000e-04, 3.0000e-04, 1.0000e-04],
       device='cuda:0')
shift: tensor([2.8000e+00, 5.7000e+00, 1.1400e+01, 2.2700e+01, 4.5500e+01, 9.1000e+01,
        1.8200e+02, 3.6400e+02, 7.2800e+02, 1.4560e+03, 2.9120e+03, 5.8239e+03],
       device='cuda:0')
weight: tensor([2.7500e-01, 1.3750e-01, 6.8800e-02, 3.4400e-02, 1.7200e-02, 8.6000e-03,
        4.3000e-03, 2.1000e-03, 1.1000e-03, 5.0000e-04, 3.0000e-04, 1.0000e-04],
       device='cuda:0')
shift: tensor([2.8000e+00, 5.7000e+00, 1.1400e+01, 2.2700e+01, 4.5500e+01, 9.1000e+01,
        1.8200e+02, 3.6400e+02, 7.2800e+02, 1.4560e+03, 2.9120e+03, 5.8239e+03],
       device='cuda:0')
weight: tensor([2.7500e-01, 1.3750e-01, 6.8800e-02, 3.4400e-02, 1.7200e-02, 8.6000e-03,
        4.3000e-03, 2.1000e-03, 1.1000e-03, 5.0000e-04, 3.0000e-04, 1.0000e-04],
       device='cuda:0')
shift: tensor([2.8000e+00, 5.7000e+00, 1.1400e+01, 2.2700e+01, 4.5500e+01, 9.1000e+01,
        1.8200e+02, 3.6400e+02, 7.2800e+02, 1.4560e+03, 2.9120e+03, 5.8239e+03],
       device='cuda:0')
weight: tensor([2.7500e-01, 1.3750e-01, 6.8800e-02, 3.4400e-02, 1.7200e-02, 8.6000e-03,
        4.3000e-03, 2.1000e-03, 1.1000e-03, 5.0000e-04, 3.0000e-04, 1.0000e-04],
       device='cuda:0')
epoch 20 Loss 34.41287003623115
##### Step: 19 Learning rate: 0.005 #####
Epoch 20, Train Loss: 34.4129, Val Loss: 33.9661
train_e/atom_mae: 0.008590
2026-03-18 18:28:42.074 INFO: train_e/atom_mae: 0.008590
train_e/atom_rmse: 0.010718
2026-03-18 18:28:42.074 INFO: train_e/atom_rmse: 0.010718
train_f_mae: 0.182852
2026-03-18 18:28:42.076 INFO: train_f_mae: 0.182852
train_f_rmse: 0.243320
2026-03-18 18:28:42.077 INFO: train_f_rmse: 0.243320
val_e/atom_mae: 0.006075
2026-03-18 18:28:42.079 INFO: val_e/atom_mae: 0.006075
val_e/atom_rmse: 0.007237
2026-03-18 18:28:42.079 INFO: val_e/atom_rmse: 0.007237
val_f_mae: 0.137416
2026-03-18 18:28:42.079 INFO: val_f_mae: 0.137416
val_f_rmse: 0.179288
2026-03-18 18:28:42.080 INFO: val_f_rmse: 0.179288
shift: tensor([2.8000e+00, 5.7000e+00, 1.1400e+01, 2.2700e+01, 4.5500e+01, 9.1000e+01,
        1.8200e+02, 3.6400e+02, 7.2800e+02, 1.4560e+03, 2.9120e+03, 5.8239e+03],
       device='cuda:0')
weight: tensor([2.7500e-01, 1.3750e-01, 6.8800e-02, 3.4400e-02, 1.7200e-02, 8.6000e-03,
        4.3000e-03, 2.1000e-03, 1.1000e-03, 5.0000e-04, 3.0000e-04, 1.0000e-04],
       device='cuda:0')
shift: tensor([2.8000e+00, 5.7000e+00, 1.1400e+01, 2.2700e+01, 4.5500e+01, 9.1000e+01,
        1.8200e+02, 3.6400e+02, 7.2800e+02, 1.4560e+03, 2.9120e+03, 5.8239e+03],
       device='cuda:0')
weight: tensor([2.7500e-01, 1.3750e-01, 6.8800e-02, 3.4400e-02, 1.7200e-02, 8.6000e-03,
        4.3000e-03, 2.1000e-03, 1.1000e-03, 5.0000e-04, 3.0000e-04, 1.0000e-04],
       device='cuda:0')
epoch 21 Loss 32.17616107728746
shift: tensor([2.8000e+00, 5.7000e+00, 1.1400e+01, 2.2700e+01, 4.5500e+01, 9.1000e+01,
        1.8200e+02, 3.6400e+02, 7.2800e+02, 1.4560e+03, 2.9120e+03, 5.8239e+03],
       device='cuda:0')
weight: tensor([2.7500e-01, 1.3750e-01, 6.8800e-02, 3.4400e-02, 1.7200e-02, 8.6000e-03,
        4.3000e-03, 2.1000e-03, 1.1000e-03, 5.0000e-04, 3.0000e-04, 1.0000e-04],
       device='cuda:0')
shift: tensor([2.8000e+00, 5.7000e+00, 1.1400e+01, 2.2700e+01, 4.5500e+01, 9.1000e+01,
        1.8200e+02, 3.6400e+02, 7.2800e+02, 1.4560e+03, 2.9120e+03, 5.8239e+03],
       device='cuda:0')
weight: tensor([2.7500e-01, 1.3750e-01, 6.8800e-02, 3.4400e-02, 1.7200e-02, 8.6000e-03,
        4.3000e-03, 2.1000e-03, 1.1000e-03, 5.0000e-04, 3.0000e-04, 1.0000e-04],
       device='cuda:0')
shift: tensor([2.8000e+00, 5.7000e+00, 1.1400e+01, 2.2700e+01, 4.5500e+01, 9.1000e+01,
        1.8200e+02, 3.6400e+02, 7.2800e+02, 1.4560e+03, 2.9120e+03, 5.8239e+03],
       device='cuda:0')
weight: tensor([2.7500e-01, 1.3750e-01, 6.8800e-02, 3.4400e-02, 1.7200e-02, 8.6000e-03,
        4.3000e-03, 2.1000e-03, 1.1000e-03, 5.0000e-04, 3.0000e-04, 1.0000e-04],
       device='cuda:0')
epoch 22 Loss 30.0013763639662
epoch 23 Loss 28.761649820539688
shift: tensor([2.8000e+00, 5.7000e+00, 1.1400e+01, 2.2700e+01, 4.5500e+01, 9.1000e+01,
        1.8200e+02, 3.6400e+02, 7.2800e+02, 1.4560e+03, 2.9120e+03, 5.8239e+03],
       device='cuda:0')
weight: tensor([2.7500e-01, 1.3750e-01, 6.8800e-02, 3.4400e-02, 1.7200e-02, 8.6000e-03,
        4.3000e-03, 2.1000e-03, 1.1000e-03, 5.0000e-04, 3.0000e-04, 1.0000e-04],
       device='cuda:0')
shift: tensor([2.8000e+00, 5.7000e+00, 1.1400e+01, 2.2700e+01, 4.5500e+01, 9.1000e+01,
        1.8200e+02, 3.6400e+02, 7.2800e+02, 1.4560e+03, 2.9120e+03, 5.8239e+03],
       device='cuda:0')
weight: tensor([2.7500e-01, 1.3750e-01, 6.8800e-02, 3.4400e-02, 1.7200e-02, 8.6000e-03,
        4.3000e-03, 2.1000e-03, 1.1000e-03, 5.0000e-04, 3.0000e-04, 1.0000e-04],
       device='cuda:0')
shift: tensor([2.8000e+00, 5.7000e+00, 1.1400e+01, 2.2700e+01, 4.5500e+01, 9.1000e+01,
        1.8200e+02, 3.6400e+02, 7.2800e+02, 1.4560e+03, 2.9120e+03, 5.8239e+03],
       device='cuda:0')
weight: tensor([2.7500e-01, 1.3750e-01, 6.8800e-02, 3.4400e-02, 1.7200e-02, 8.6000e-03,
        4.3000e-03, 2.1000e-03, 1.1000e-03, 5.0000e-04, 3.0000e-04, 1.0000e-04],
       device='cuda:0')
epoch 24 Loss 27.636510637071396
shift: tensor([2.8000e+00, 5.7000e+00, 1.1400e+01, 2.2700e+01, 4.5500e+01, 9.1000e+01,
        1.8200e+02, 3.6400e+02, 7.2800e+02, 1.4560e+03, 2.9120e+03, 5.8239e+03],
       device='cuda:0')
weight: tensor([2.7500e-01, 1.3750e-01, 6.8800e-02, 3.4400e-02, 1.7200e-02, 8.6000e-03,
        4.3000e-03, 2.1000e-03, 1.1000e-03, 5.0000e-04, 3.0000e-04, 1.0000e-04],
       device='cuda:0')
shift: tensor([2.8000e+00, 5.7000e+00, 1.1400e+01, 2.2700e+01, 4.5500e+01, 9.1000e+01,
        1.8200e+02, 3.6400e+02, 7.2800e+02, 1.4560e+03, 2.9120e+03, 5.8239e+03],
       device='cuda:0')
weight: tensor([2.7500e-01, 1.3750e-01, 6.8800e-02, 3.4400e-02, 1.7200e-02, 8.6000e-03,
        4.3000e-03, 2.1000e-03, 1.1000e-03, 5.0000e-04, 3.0000e-04, 1.0000e-04],
       device='cuda:0')
epoch 25 Loss 26.459946632385254
shift: tensor([2.8000e+00, 5.7000e+00, 1.1400e+01, 2.2700e+01, 4.5500e+01, 9.1000e+01,
        1.8200e+02, 3.6400e+02, 7.2800e+02, 1.4560e+03, 2.9120e+03, 5.8239e+03],
       device='cuda:0')
weight: tensor([2.7500e-01, 1.3750e-01, 6.8800e-02, 3.4400e-02, 1.7200e-02, 8.6000e-03,
        4.3000e-03, 2.1000e-03, 1.1000e-03, 5.0000e-04, 3.0000e-04, 1.0000e-04],
       device='cuda:0')
shift: tensor([2.8000e+00, 5.7000e+00, 1.1400e+01, 2.2700e+01, 4.5500e+01, 9.1000e+01,
        1.8200e+02, 3.6400e+02, 7.2800e+02, 1.4560e+03, 2.9120e+03, 5.8239e+03],
       device='cuda:0')
weight: tensor([2.7500e-01, 1.3750e-01, 6.8800e-02, 3.4400e-02, 1.7200e-02, 8.6000e-03,
        4.3000e-03, 2.1000e-03, 1.1000e-03, 5.0000e-04, 3.0000e-04, 1.0000e-04],
       device='cuda:0')
epoch 26 Loss 25.477832741207546
shift: tensor([2.8000e+00, 5.7000e+00, 1.1400e+01, 2.2700e+01, 4.5500e+01, 9.1000e+01,
        1.8200e+02, 3.6400e+02, 7.2800e+02, 1.4560e+03, 2.9120e+03, 5.8239e+03],
       device='cuda:0')
weight: tensor([2.7500e-01, 1.3750e-01, 6.8800e-02, 3.4400e-02, 1.7200e-02, 8.6000e-03,
        4.3000e-03, 2.1000e-03, 1.1000e-03, 5.0000e-04, 3.0000e-04, 1.0000e-04],
       device='cuda:0')
epoch 27 Loss 24.394540468851726
epoch 28 Loss 23.20914623472426
shift: tensor([2.8000e+00, 5.7000e+00, 1.1400e+01, 2.2700e+01, 4.5500e+01, 9.1000e+01,
        1.8200e+02, 3.6400e+02, 7.2800e+02, 1.4560e+03, 2.9120e+03, 5.8239e+03],
       device='cuda:0')
weight: tensor([2.7500e-01, 1.3750e-01, 6.8800e-02, 3.4400e-02, 1.7200e-02, 8.6000e-03,
        4.3000e-03, 2.1000e-03, 1.1000e-03, 5.0000e-04, 3.0000e-04, 1.0000e-04],
       device='cuda:0')
epoch 29 Loss 22.396398809221054
shift: tensor([2.8000e+00, 5.7000e+00, 1.1400e+01, 2.2700e+01, 4.5500e+01, 9.1000e+01,
        1.8200e+02, 3.6400e+02, 7.2800e+02, 1.4560e+03, 2.9120e+03, 5.8239e+03],
       device='cuda:0')
weight: tensor([2.7500e-01, 1.3750e-01, 6.8800e-02, 3.4400e-02, 1.7200e-02, 8.6000e-03,
        4.3000e-03, 2.1000e-03, 1.1000e-03, 5.0000e-04, 3.0000e-04, 1.0000e-04],
       device='cuda:0')
epoch 30 Loss 21.371952798631455
##### Step: 29 Learning rate: 0.0025 #####
Epoch 30, Train Loss: 21.3720, Val Loss: 20.8671
train_e/atom_mae: 0.004782
2026-03-18 18:32:47.525 INFO: train_e/atom_mae: 0.004782
train_e/atom_rmse: 0.006059
2026-03-18 18:32:47.526 INFO: train_e/atom_rmse: 0.006059
train_f_mae: 0.121297
2026-03-18 18:32:47.528 INFO: train_f_mae: 0.121297
train_f_rmse: 0.159967
2026-03-18 18:32:47.528 INFO: train_f_rmse: 0.159967
val_e/atom_mae: 0.005037
2026-03-18 18:32:47.530 INFO: val_e/atom_mae: 0.005037
val_e/atom_rmse: 0.005632
2026-03-18 18:32:47.531 INFO: val_e/atom_rmse: 0.005632
val_f_mae: 0.107653
2026-03-18 18:32:47.531 INFO: val_f_mae: 0.107653
val_f_rmse: 0.142173
2026-03-18 18:32:47.531 INFO: val_f_rmse: 0.142173
shift: tensor([2.8000e+00, 5.7000e+00, 1.1400e+01, 2.2700e+01, 4.5500e+01, 9.1000e+01,
        1.8200e+02, 3.6400e+02, 7.2800e+02, 1.4560e+03, 2.9120e+03, 5.8239e+03],
       device='cuda:0')
weight: tensor([2.7500e-01, 1.3750e-01, 6.8800e-02, 3.4400e-02, 1.7200e-02, 8.6000e-03,
        4.3000e-03, 2.1000e-03, 1.1000e-03, 5.0000e-04, 3.0000e-04, 1.0000e-04],
       device='cuda:0')
epoch 31 Loss 20.41787364747789
epoch 32 Loss 19.710816807217068
shift: tensor([2.8000e+00, 5.7000e+00, 1.1400e+01, 2.2700e+01, 4.5500e+01, 9.1000e+01,
        1.8200e+02, 3.6400e+02, 7.2800e+02, 1.4560e+03, 2.9120e+03, 5.8239e+03],
       device='cuda:0')
weight: tensor([2.7500e-01, 1.3750e-01, 6.8800e-02, 3.4400e-02, 1.7200e-02, 8.6000e-03,
        4.3000e-03, 2.1000e-03, 1.1000e-03, 5.0000e-04, 3.0000e-04, 1.0000e-04],
       device='cuda:0')
shift: tensor([2.8000e+00, 5.7000e+00, 1.1400e+01, 2.2700e+01, 4.5500e+01, 9.1000e+01,
        1.8200e+02, 3.6400e+02, 7.2800e+02, 1.4560e+03, 2.9120e+03, 5.8239e+03],
       device='cuda:0')
weight: tensor([2.7500e-01, 1.3750e-01, 6.8800e-02, 3.4400e-02, 1.7200e-02, 8.6000e-03,
        4.3000e-03, 2.1000e-03, 1.1000e-03, 5.0000e-04, 3.0000e-04, 1.0000e-04],
       device='cuda:0')
shift: tensor([2.8000e+00, 5.7000e+00, 1.1400e+01, 2.2700e+01, 4.5500e+01, 9.1000e+01,
        1.8200e+02, 3.6400e+02, 7.2800e+02, 1.4560e+03, 2.9120e+03, 5.8239e+03],
       device='cuda:0')
weight: tensor([2.7500e-01, 1.3750e-01, 6.8800e-02, 3.4400e-02, 1.7200e-02, 8.6000e-03,
        4.3000e-03, 2.1000e-03, 1.1000e-03, 5.0000e-04, 3.0000e-04, 1.0000e-04],
       device='cuda:0')
epoch 33 Loss 19.092555152045357
shift: tensor([2.8000e+00, 5.7000e+00, 1.1400e+01, 2.2700e+01, 4.5500e+01, 9.1000e+01,
        1.8200e+02, 3.6400e+02, 7.2800e+02, 1.4560e+03, 2.9120e+03, 5.8239e+03],
       device='cuda:0')
weight: tensor([2.7500e-01, 1.3750e-01, 6.8800e-02, 3.4400e-02, 1.7200e-02, 8.6000e-03,
        4.3000e-03, 2.1000e-03, 1.1000e-03, 5.0000e-04, 3.0000e-04, 1.0000e-04],
       device='cuda:0')
epoch 34 Loss 18.198646121554905
shift: tensor([2.8000e+00, 5.7000e+00, 1.1400e+01, 2.2700e+01, 4.5500e+01, 9.1000e+01,
        1.8200e+02, 3.6400e+02, 7.2800e+02, 1.4560e+03, 2.9120e+03, 5.8239e+03],
       device='cuda:0')
weight: tensor([2.7500e-01, 1.3750e-01, 6.8800e-02, 3.4400e-02, 1.7200e-02, 8.6000e-03,
        4.3000e-03, 2.1000e-03, 1.1000e-03, 5.0000e-04, 3.0000e-04, 1.0000e-04],
       device='cuda:0')
shift: tensor([2.8000e+00, 5.7000e+00, 1.1400e+01, 2.2700e+01, 4.5500e+01, 9.1000e+01,
        1.8200e+02, 3.6400e+02, 7.2800e+02, 1.4560e+03, 2.9120e+03, 5.8239e+03],
       device='cuda:0')
weight: tensor([2.7500e-01, 1.3750e-01, 6.8800e-02, 3.4400e-02, 1.7200e-02, 8.6000e-03,
        4.3000e-03, 2.1000e-03, 1.1000e-03, 5.0000e-04, 3.0000e-04, 1.0000e-04],
       device='cuda:0')
epoch 35 Loss 17.44654565387302
shift: tensor([2.8000e+00, 5.7000e+00, 1.1400e+01, 2.2700e+01, 4.5500e+01, 9.1000e+01,
        1.8200e+02, 3.6400e+02, 7.2800e+02, 1.4560e+03, 2.9120e+03, 5.8239e+03],
       device='cuda:0')
weight: tensor([2.7500e-01, 1.3750e-01, 6.8800e-02, 3.4400e-02, 1.7200e-02, 8.6000e-03,
        4.3000e-03, 2.1000e-03, 1.1000e-03, 5.0000e-04, 3.0000e-04, 1.0000e-04],
       device='cuda:0')
shift: tensor([2.8000e+00, 5.7000e+00, 1.1400e+01, 2.2700e+01, 4.5500e+01, 9.1000e+01,
        1.8200e+02, 3.6400e+02, 7.2800e+02, 1.4560e+03, 2.9120e+03, 5.8239e+03],
       device='cuda:0')
weight: tensor([2.7500e-01, 1.3750e-01, 6.8800e-02, 3.4400e-02, 1.7200e-02, 8.6000e-03,
        4.3000e-03, 2.1000e-03, 1.1000e-03, 5.0000e-04, 3.0000e-04, 1.0000e-04],
       device='cuda:0')
shift: tensor([2.8000e+00, 5.7000e+00, 1.1400e+01, 2.2700e+01, 4.5500e+01, 9.1000e+01,
        1.8200e+02, 3.6400e+02, 7.2800e+02, 1.4560e+03, 2.9120e+03, 5.8239e+03],
       device='cuda:0')
weight: tensor([2.7500e-01, 1.3750e-01, 6.8800e-02, 3.4400e-02, 1.7200e-02, 8.6000e-03,
        4.3000e-03, 2.1000e-03, 1.1000e-03, 5.0000e-04, 3.0000e-04, 1.0000e-04],
       device='cuda:0')
epoch 36 Loss 16.801062875323826
shift: tensor([2.8000e+00, 5.7000e+00, 1.1400e+01, 2.2700e+01, 4.5500e+01, 9.1000e+01,
        1.8200e+02, 3.6400e+02, 7.2800e+02, 1.4560e+03, 2.9120e+03, 5.8239e+03],
       device='cuda:0')
weight: tensor([2.7500e-01, 1.3750e-01, 6.8800e-02, 3.4400e-02, 1.7200e-02, 8.6000e-03,
        4.3000e-03, 2.1000e-03, 1.1000e-03, 5.0000e-04, 3.0000e-04, 1.0000e-04],
       device='cuda:0')
epoch 37 Loss 16.29179048538208
shift: tensor([2.8000e+00, 5.7000e+00, 1.1400e+01, 2.2700e+01, 4.5500e+01, 9.1000e+01,
        1.8200e+02, 3.6400e+02, 7.2800e+02, 1.4560e+03, 2.9120e+03, 5.8239e+03],
       device='cuda:0')
weight: tensor([2.7500e-01, 1.3750e-01, 6.8800e-02, 3.4400e-02, 1.7200e-02, 8.6000e-03,
        4.3000e-03, 2.1000e-03, 1.1000e-03, 5.0000e-04, 3.0000e-04, 1.0000e-04],
       device='cuda:0')
shift: tensor([2.8000e+00, 5.7000e+00, 1.1400e+01, 2.2700e+01, 4.5500e+01, 9.1000e+01,
        1.8200e+02, 3.6400e+02, 7.2800e+02, 1.4560e+03, 2.9120e+03, 5.8239e+03],
       device='cuda:0')
weight: tensor([2.7500e-01, 1.3750e-01, 6.8800e-02, 3.4400e-02, 1.7200e-02, 8.6000e-03,
        4.3000e-03, 2.1000e-03, 1.1000e-03, 5.0000e-04, 3.0000e-04, 1.0000e-04],
       device='cuda:0')
epoch 38 Loss 15.989574882719252
shift: tensor([2.8000e+00, 5.7000e+00, 1.1400e+01, 2.2700e+01, 4.5500e+01, 9.1000e+01,
        1.8200e+02, 3.6400e+02, 7.2800e+02, 1.4560e+03, 2.9120e+03, 5.8239e+03],
       device='cuda:0')
weight: tensor([2.7500e-01, 1.3750e-01, 6.8800e-02, 3.4400e-02, 1.7200e-02, 8.6000e-03,
        4.3000e-03, 2.1000e-03, 1.1000e-03, 5.0000e-04, 3.0000e-04, 1.0000e-04],
       device='cuda:0')
shift: tensor([2.8000e+00, 5.7000e+00, 1.1400e+01, 2.2700e+01, 4.5500e+01, 9.1000e+01,
        1.8200e+02, 3.6400e+02, 7.2800e+02, 1.4560e+03, 2.9120e+03, 5.8239e+03],
       device='cuda:0')
weight: tensor([2.7500e-01, 1.3750e-01, 6.8800e-02, 3.4400e-02, 1.7200e-02, 8.6000e-03,
        4.3000e-03, 2.1000e-03, 1.1000e-03, 5.0000e-04, 3.0000e-04, 1.0000e-04],
       device='cuda:0')
shift: tensor([2.8000e+00, 5.7000e+00, 1.1400e+01, 2.2700e+01, 4.5500e+01, 9.1000e+01,
        1.8200e+02, 3.6400e+02, 7.2800e+02, 1.4560e+03, 2.9120e+03, 5.8239e+03],
       device='cuda:0')
weight: tensor([2.7500e-01, 1.3750e-01, 6.8800e-02, 3.4400e-02, 1.7200e-02, 8.6000e-03,
        4.3000e-03, 2.1000e-03, 1.1000e-03, 5.0000e-04, 3.0000e-04, 1.0000e-04],
       device='cuda:0')
epoch 39 Loss 15.32895310719808
shift: tensor([2.8000e+00, 5.7000e+00, 1.1400e+01, 2.2700e+01, 4.5500e+01, 9.1000e+01,
        1.8200e+02, 3.6400e+02, 7.2800e+02, 1.4560e+03, 2.9120e+03, 5.8239e+03],
       device='cuda:0')
weight: tensor([2.7500e-01, 1.3750e-01, 6.8800e-02, 3.4400e-02, 1.7200e-02, 8.6000e-03,
        4.3000e-03, 2.1000e-03, 1.1000e-03, 5.0000e-04, 3.0000e-04, 1.0000e-04],
       device='cuda:0')
shift: tensor([2.8000e+00, 5.7000e+00, 1.1400e+01, 2.2700e+01, 4.5500e+01, 9.1000e+01,
        1.8200e+02, 3.6400e+02, 7.2800e+02, 1.4560e+03, 2.9120e+03, 5.8239e+03],
       device='cuda:0')
weight: tensor([2.7500e-01, 1.3750e-01, 6.8800e-02, 3.4400e-02, 1.7200e-02, 8.6000e-03,
        4.3000e-03, 2.1000e-03, 1.1000e-03, 5.0000e-04, 3.0000e-04, 1.0000e-04],
       device='cuda:0')
epoch 40 Loss 14.8392989370558
##### Step: 39 Learning rate: 0.0025 #####
Epoch 40, Train Loss: 14.8393, Val Loss: 14.3982
train_e/atom_mae: 0.003749
2026-03-18 18:36:53.702 INFO: train_e/atom_mae: 0.003749
train_e/atom_rmse: 0.004801
2026-03-18 18:36:53.703 INFO: train_e/atom_rmse: 0.004801
train_f_mae: 0.098103
2026-03-18 18:36:53.705 INFO: train_f_mae: 0.098103
train_f_rmse: 0.130472
2026-03-18 18:36:53.705 INFO: train_f_rmse: 0.130472
val_e/atom_mae: 0.004058
2026-03-18 18:36:53.707 INFO: val_e/atom_mae: 0.004058
val_e/atom_rmse: 0.004638
2026-03-18 18:36:53.708 INFO: val_e/atom_rmse: 0.004638
val_f_mae: 0.088490
2026-03-18 18:36:53.708 INFO: val_f_mae: 0.088490
val_f_rmse: 0.118351
2026-03-18 18:36:53.708 INFO: val_f_rmse: 0.118351
training
shift: tensor([2.8000e+00, 5.7000e+00, 1.1400e+01, 2.2700e+01, 4.5500e+01, 9.1000e+01,
        1.8200e+02, 3.6400e+02, 7.2800e+02, 1.4560e+03, 2.9120e+03, 5.8239e+03],
       device='cuda:0')
weight: tensor([2.7500e-01, 1.3750e-01, 6.8800e-02, 3.4400e-02, 1.7200e-02, 8.6000e-03,
        4.3000e-03, 2.1000e-03, 1.1000e-03, 5.0000e-04, 3.0000e-04, 1.0000e-04],
       device='cuda:0')
epoch 1 Loss 311.8863646454281
epoch 2 Loss 52.04575358496772
epoch 3 Loss 35.727376990848114
epoch 4 Loss 27.71677080790202
epoch 5 Loss 24.596653514438206
epoch 6 Loss 17.79987777603997
shift: tensor([2.8000e+00, 5.7000e+00, 1.1400e+01, 2.2700e+01, 4.5500e+01, 9.1000e+01,
        1.8200e+02, 3.6400e+02, 7.2800e+02, 1.4560e+03, 2.9120e+03, 5.8239e+03],
       device='cuda:0')
weight: tensor([2.7500e-01, 1.3750e-01, 6.8800e-02, 3.4400e-02, 1.7200e-02, 8.6000e-03,
        4.3000e-03, 2.1000e-03, 1.1000e-03, 5.0000e-04, 3.0000e-04, 1.0000e-04],
       device='cuda:0')
shift: tensor([2.8000e+00, 5.7000e+00, 1.1400e+01, 2.2700e+01, 4.5500e+01, 9.1000e+01,
        1.8200e+02, 3.6400e+02, 7.2800e+02, 1.4560e+03, 2.9120e+03, 5.8239e+03],
       device='cuda:0')
weight: tensor([2.7500e-01, 1.3750e-01, 6.8800e-02, 3.4400e-02, 1.7200e-02, 8.6000e-03,
        4.3000e-03, 2.1000e-03, 1.1000e-03, 5.0000e-04, 3.0000e-04, 1.0000e-04],
       device='cuda:0')
epoch 7 Loss 16.427399317423504
shift: tensor([2.8000e+00, 5.7000e+00, 1.1400e+01, 2.2700e+01, 4.5500e+01, 9.1000e+01,
        1.8200e+02, 3.6400e+02, 7.2800e+02, 1.4560e+03, 2.9120e+03, 5.8239e+03],
       device='cuda:0')
weight: tensor([2.7500e-01, 1.3750e-01, 6.8800e-02, 3.4400e-02, 1.7200e-02, 8.6000e-03,
        4.3000e-03, 2.1000e-03, 1.1000e-03, 5.0000e-04, 3.0000e-04, 1.0000e-04],
       device='cuda:0')
shift: tensor([2.8000e+00, 5.7000e+00, 1.1400e+01, 2.2700e+01, 4.5500e+01, 9.1000e+01,
        1.8200e+02, 3.6400e+02, 7.2800e+02, 1.4560e+03, 2.9120e+03, 5.8239e+03],
       device='cuda:0')
weight: tensor([2.7500e-01, 1.3750e-01, 6.8800e-02, 3.4400e-02, 1.7200e-02, 8.6000e-03,
        4.3000e-03, 2.1000e-03, 1.1000e-03, 5.0000e-04, 3.0000e-04, 1.0000e-04],
       device='cuda:0')
shift: tensor([2.8000e+00, 5.7000e+00, 1.1400e+01, 2.2700e+01, 4.5500e+01, 9.1000e+01,
        1.8200e+02, 3.6400e+02, 7.2800e+02, 1.4560e+03, 2.9120e+03, 5.8239e+03],
       device='cuda:0')
weight: tensor([2.7500e-01, 1.3750e-01, 6.8800e-02, 3.4400e-02, 1.7200e-02, 8.6000e-03,
        4.3000e-03, 2.1000e-03, 1.1000e-03, 5.0000e-04, 3.0000e-04, 1.0000e-04],
       device='cuda:0')
epoch 8 Loss 11.647696680492825
shift: tensor([2.8000e+00, 5.7000e+00, 1.1400e+01, 2.2700e+01, 4.5500e+01, 9.1000e+01,
        1.8200e+02, 3.6400e+02, 7.2800e+02, 1.4560e+03, 2.9120e+03, 5.8239e+03],
       device='cuda:0')
weight: tensor([2.7500e-01, 1.3750e-01, 6.8800e-02, 3.4400e-02, 1.7200e-02, 8.6000e-03,
        4.3000e-03, 2.1000e-03, 1.1000e-03, 5.0000e-04, 3.0000e-04, 1.0000e-04],
       device='cuda:0')
shift: tensor([2.8000e+00, 5.7000e+00, 1.1400e+01, 2.2700e+01, 4.5500e+01, 9.1000e+01,
        1.8200e+02, 3.6400e+02, 7.2800e+02, 1.4560e+03, 2.9120e+03, 5.8239e+03],
       device='cuda:0')
weight: tensor([2.7500e-01, 1.3750e-01, 6.8800e-02, 3.4400e-02, 1.7200e-02, 8.6000e-03,
        4.3000e-03, 2.1000e-03, 1.1000e-03, 5.0000e-04, 3.0000e-04, 1.0000e-04],
       device='cuda:0')
shift: tensor([2.8000e+00, 5.7000e+00, 1.1400e+01, 2.2700e+01, 4.5500e+01, 9.1000e+01,
        1.8200e+02, 3.6400e+02, 7.2800e+02, 1.4560e+03, 2.9120e+03, 5.8239e+03],
       device='cuda:0')
weight: tensor([2.7500e-01, 1.3750e-01, 6.8800e-02, 3.4400e-02, 1.7200e-02, 8.6000e-03,
        4.3000e-03, 2.1000e-03, 1.1000e-03, 5.0000e-04, 3.0000e-04, 1.0000e-04],
       device='cuda:0')
shift: tensor([2.8000e+00, 5.7000e+00, 1.1400e+01, 2.2700e+01, 4.5500e+01, 9.1000e+01,
        1.8200e+02, 3.6400e+02, 7.2800e+02, 1.4560e+03, 2.9120e+03, 5.8239e+03],
       device='cuda:0')
weight: tensor([2.7500e-01, 1.3750e-01, 6.8800e-02, 3.4400e-02, 1.7200e-02, 8.6000e-03,
        4.3000e-03, 2.1000e-03, 1.1000e-03, 5.0000e-04, 3.0000e-04, 1.0000e-04],
       device='cuda:0')
epoch 9 Loss 9.987319389979044
shift: tensor([2.8000e+00, 5.7000e+00, 1.1400e+01, 2.2700e+01, 4.5500e+01, 9.1000e+01,
        1.8200e+02, 3.6400e+02, 7.2800e+02, 1.4560e+03, 2.9120e+03, 5.8239e+03],
       device='cuda:0')
weight: tensor([2.7500e-01, 1.3750e-01, 6.8800e-02, 3.4400e-02, 1.7200e-02, 8.6000e-03,
        4.3000e-03, 2.1000e-03, 1.1000e-03, 5.0000e-04, 3.0000e-04, 1.0000e-04],
       device='cuda:0')
epoch 10 Loss 8.560785015424093
##### Step: 9 Learning rate: 0.005 #####
Epoch 10, Train Loss: 8.5608, Val Loss: 7.9849
train_e/atom_mae: 0.011552
2026-03-18 18:40:59.064 INFO: train_e/atom_mae: 0.011552
train_e/atom_rmse: 0.020929
2026-03-18 18:40:59.064 INFO: train_e/atom_rmse: 0.020929
train_f_mae: 0.127198
2026-03-18 18:40:59.066 INFO: train_f_mae: 0.127198
train_f_rmse: 0.208085
2026-03-18 18:40:59.067 INFO: train_f_rmse: 0.208085
val_e/atom_mae: 0.002303
2026-03-18 18:40:59.069 INFO: val_e/atom_mae: 0.002303
val_e/atom_rmse: 0.002631
2026-03-18 18:40:59.069 INFO: val_e/atom_rmse: 0.002631
val_f_mae: 0.067752
2026-03-18 18:40:59.069 INFO: val_f_mae: 0.067752
val_f_rmse: 0.088488
2026-03-18 18:40:59.070 INFO: val_f_rmse: 0.088488
shift: tensor([2.8000e+00, 5.7000e+00, 1.1400e+01, 2.2700e+01, 4.5500e+01, 9.1000e+01,
        1.8200e+02, 3.6400e+02, 7.2800e+02, 1.4560e+03, 2.9120e+03, 5.8239e+03],
       device='cuda:0')
weight: tensor([2.7500e-01, 1.3750e-01, 6.8800e-02, 3.4400e-02, 1.7200e-02, 8.6000e-03,
        4.3000e-03, 2.1000e-03, 1.1000e-03, 5.0000e-04, 3.0000e-04, 1.0000e-04],
       device='cuda:0')
shift: tensor([2.8000e+00, 5.7000e+00, 1.1400e+01, 2.2700e+01, 4.5500e+01, 9.1000e+01,
        1.8200e+02, 3.6400e+02, 7.2800e+02, 1.4560e+03, 2.9120e+03, 5.8239e+03],
       device='cuda:0')
weight: tensor([2.7500e-01, 1.3750e-01, 6.8800e-02, 3.4400e-02, 1.7200e-02, 8.6000e-03,
        4.3000e-03, 2.1000e-03, 1.1000e-03, 5.0000e-04, 3.0000e-04, 1.0000e-04],
       device='cuda:0')
shift: tensor([2.8000e+00, 5.7000e+00, 1.1400e+01, 2.2700e+01, 4.5500e+01, 9.1000e+01,
        1.8200e+02, 3.6400e+02, 7.2800e+02, 1.4560e+03, 2.9120e+03, 5.8239e+03],
       device='cuda:0')
weight: tensor([2.7500e-01, 1.3750e-01, 6.8800e-02, 3.4400e-02, 1.7200e-02, 8.6000e-03,
        4.3000e-03, 2.1000e-03, 1.1000e-03, 5.0000e-04, 3.0000e-04, 1.0000e-04],
       device='cuda:0')
shift: tensor([2.8000e+00, 5.7000e+00, 1.1400e+01, 2.2700e+01, 4.5500e+01, 9.1000e+01,
        1.8200e+02, 3.6400e+02, 7.2800e+02, 1.4560e+03, 2.9120e+03, 5.8239e+03],
       device='cuda:0')
weight: tensor([2.7500e-01, 1.3750e-01, 6.8800e-02, 3.4400e-02, 1.7200e-02, 8.6000e-03,
        4.3000e-03, 2.1000e-03, 1.1000e-03, 5.0000e-04, 3.0000e-04, 1.0000e-04],
       device='cuda:0')
epoch 11 Loss 7.753099295828077
shift: tensor([2.8000e+00, 5.7000e+00, 1.1400e+01, 2.2700e+01, 4.5500e+01, 9.1000e+01,
        1.8200e+02, 3.6400e+02, 7.2800e+02, 1.4560e+03, 2.9120e+03, 5.8239e+03],
       device='cuda:0')
weight: tensor([2.7500e-01, 1.3750e-01, 6.8800e-02, 3.4400e-02, 1.7200e-02, 8.6000e-03,
        4.3000e-03, 2.1000e-03, 1.1000e-03, 5.0000e-04, 3.0000e-04, 1.0000e-04],
       device='cuda:0')
shift: tensor([2.8000e+00, 5.7000e+00, 1.1400e+01, 2.2700e+01, 4.5500e+01, 9.1000e+01,
        1.8200e+02, 3.6400e+02, 7.2800e+02, 1.4560e+03, 2.9120e+03, 5.8239e+03],
       device='cuda:0')
weight: tensor([2.7500e-01, 1.3750e-01, 6.8800e-02, 3.4400e-02, 1.7200e-02, 8.6000e-03,
        4.3000e-03, 2.1000e-03, 1.1000e-03, 5.0000e-04, 3.0000e-04, 1.0000e-04],
       device='cuda:0')
epoch 12 Loss 8.028683106104532
shift: tensor([2.8000e+00, 5.7000e+00, 1.1400e+01, 2.2700e+01, 4.5500e+01, 9.1000e+01,
        1.8200e+02, 3.6400e+02, 7.2800e+02, 1.4560e+03, 2.9120e+03, 5.8239e+03],
       device='cuda:0')
weight: tensor([2.7500e-01, 1.3750e-01, 6.8800e-02, 3.4400e-02, 1.7200e-02, 8.6000e-03,
        4.3000e-03, 2.1000e-03, 1.1000e-03, 5.0000e-04, 3.0000e-04, 1.0000e-04],
       device='cuda:0')
shift: tensor([2.8000e+00, 5.7000e+00, 1.1400e+01, 2.2700e+01, 4.5500e+01, 9.1000e+01,
        1.8200e+02, 3.6400e+02, 7.2800e+02, 1.4560e+03, 2.9120e+03, 5.8239e+03],
       device='cuda:0')
weight: tensor([2.7500e-01, 1.3750e-01, 6.8800e-02, 3.4400e-02, 1.7200e-02, 8.6000e-03,
        4.3000e-03, 2.1000e-03, 1.1000e-03, 5.0000e-04, 3.0000e-04, 1.0000e-04],
       device='cuda:0')
epoch 13 Loss 11.339315811793009
shift: tensor([2.8000e+00, 5.7000e+00, 1.1400e+01, 2.2700e+01, 4.5500e+01, 9.1000e+01,
        1.8200e+02, 3.6400e+02, 7.2800e+02, 1.4560e+03, 2.9120e+03, 5.8239e+03],
       device='cuda:0')
weight: tensor([2.7500e-01, 1.3750e-01, 6.8800e-02, 3.4400e-02, 1.7200e-02, 8.6000e-03,
        4.3000e-03, 2.1000e-03, 1.1000e-03, 5.0000e-04, 3.0000e-04, 1.0000e-04],
       device='cuda:0')
shift: tensor([2.8000e+00, 5.7000e+00, 1.1400e+01, 2.2700e+01, 4.5500e+01, 9.1000e+01,
        1.8200e+02, 3.6400e+02, 7.2800e+02, 1.4560e+03, 2.9120e+03, 5.8239e+03],
       device='cuda:0')
weight: tensor([2.7500e-01, 1.3750e-01, 6.8800e-02, 3.4400e-02, 1.7200e-02, 8.6000e-03,
        4.3000e-03, 2.1000e-03, 1.1000e-03, 5.0000e-04, 3.0000e-04, 1.0000e-04],
       device='cuda:0')
epoch 14 Loss 11.496761825349596
epoch 15 Loss 8.81906349129147
shift: tensor([2.8000e+00, 5.7000e+00, 1.1400e+01, 2.2700e+01, 4.5500e+01, 9.1000e+01,
        1.8200e+02, 3.6400e+02, 7.2800e+02, 1.4560e+03, 2.9120e+03, 5.8239e+03],
       device='cuda:0')
weight: tensor([2.7500e-01, 1.3750e-01, 6.8800e-02, 3.4400e-02, 1.7200e-02, 8.6000e-03,
        4.3000e-03, 2.1000e-03, 1.1000e-03, 5.0000e-04, 3.0000e-04, 1.0000e-04],
       device='cuda:0')
epoch 16 Loss 8.306463175349766
epoch 17 Loss 7.629709084828694
epoch 18 Loss 7.118042522006565
shift: tensor([2.8000e+00, 5.7000e+00, 1.1400e+01, 2.2700e+01, 4.5500e+01, 9.1000e+01,
        1.8200e+02, 3.6400e+02, 7.2800e+02, 1.4560e+03, 2.9120e+03, 5.8239e+03],
       device='cuda:0')
weight: tensor([2.7500e-01, 1.3750e-01, 6.8800e-02, 3.4400e-02, 1.7200e-02, 8.6000e-03,
        4.3000e-03, 2.1000e-03, 1.1000e-03, 5.0000e-04, 3.0000e-04, 1.0000e-04],
       device='cuda:0')
shift: tensor([2.8000e+00, 5.7000e+00, 1.1400e+01, 2.2700e+01, 4.5500e+01, 9.1000e+01,
        1.8200e+02, 3.6400e+02, 7.2800e+02, 1.4560e+03, 2.9120e+03, 5.8239e+03],
       device='cuda:0')
weight: tensor([2.7500e-01, 1.3750e-01, 6.8800e-02, 3.4400e-02, 1.7200e-02, 8.6000e-03,
        4.3000e-03, 2.1000e-03, 1.1000e-03, 5.0000e-04, 3.0000e-04, 1.0000e-04],
       device='cuda:0')
shift: tensor([2.8000e+00, 5.7000e+00, 1.1400e+01, 2.2700e+01, 4.5500e+01, 9.1000e+01,
        1.8200e+02, 3.6400e+02, 7.2800e+02, 1.4560e+03, 2.9120e+03, 5.8239e+03],
       device='cuda:0')
weight: tensor([2.7500e-01, 1.3750e-01, 6.8800e-02, 3.4400e-02, 1.7200e-02, 8.6000e-03,
        4.3000e-03, 2.1000e-03, 1.1000e-03, 5.0000e-04, 3.0000e-04, 1.0000e-04],
       device='cuda:0')
shift: tensor([2.8000e+00, 5.7000e+00, 1.1400e+01, 2.2700e+01, 4.5500e+01, 9.1000e+01,
        1.8200e+02, 3.6400e+02, 7.2800e+02, 1.4560e+03, 2.9120e+03, 5.8239e+03],
       device='cuda:0')
weight: tensor([2.7500e-01, 1.3750e-01, 6.8800e-02, 3.4400e-02, 1.7200e-02, 8.6000e-03,
        4.3000e-03, 2.1000e-03, 1.1000e-03, 5.0000e-04, 3.0000e-04, 1.0000e-04],
       device='cuda:0')
epoch 19 Loss 6.301288617981805
shift: tensor([2.8000e+00, 5.7000e+00, 1.1400e+01, 2.2700e+01, 4.5500e+01, 9.1000e+01,
        1.8200e+02, 3.6400e+02, 7.2800e+02, 1.4560e+03, 2.9120e+03, 5.8239e+03],
       device='cuda:0')
weight: tensor([2.7500e-01, 1.3750e-01, 6.8800e-02, 3.4400e-02, 1.7200e-02, 8.6000e-03,
        4.3000e-03, 2.1000e-03, 1.1000e-03, 5.0000e-04, 3.0000e-04, 1.0000e-04],
       device='cuda:0')
shift: tensor([2.8000e+00, 5.7000e+00, 1.1400e+01, 2.2700e+01, 4.5500e+01, 9.1000e+01,
        1.8200e+02, 3.6400e+02, 7.2800e+02, 1.4560e+03, 2.9120e+03, 5.8239e+03],
       device='cuda:0')
weight: tensor([2.7500e-01, 1.3750e-01, 6.8800e-02, 3.4400e-02, 1.7200e-02, 8.6000e-03,
        4.3000e-03, 2.1000e-03, 1.1000e-03, 5.0000e-04, 3.0000e-04, 1.0000e-04],
       device='cuda:0')
epoch 20 Loss 5.294026732444763
##### Step: 19 Learning rate: 0.005 #####
Epoch 20, Train Loss: 5.2940, Val Loss: 4.8502
train_e/atom_mae: 0.007946
2026-03-18 18:45:04.518 INFO: train_e/atom_mae: 0.007946
train_e/atom_rmse: 0.010319
2026-03-18 18:45:04.519 INFO: train_e/atom_rmse: 0.010319
train_f_mae: 0.060721
2026-03-18 18:45:04.521 INFO: train_f_mae: 0.060721
train_f_rmse: 0.080107
2026-03-18 18:45:04.521 INFO: train_f_rmse: 0.080107
val_e/atom_mae: 0.001847
2026-03-18 18:45:04.524 INFO: val_e/atom_mae: 0.001847
val_e/atom_rmse: 0.002012
2026-03-18 18:45:04.524 INFO: val_e/atom_rmse: 0.002012
val_f_mae: 0.052282
2026-03-18 18:45:04.524 INFO: val_f_mae: 0.052282
val_f_rmse: 0.068803
2026-03-18 18:45:04.525 INFO: val_f_rmse: 0.068803
epoch 21 Loss 4.4458943075603905
epoch 22 Loss 4.198770933681065
epoch 23 Loss 4.1574465367529125
shift: tensor([2.8000e+00, 5.7000e+00, 1.1400e+01, 2.2700e+01, 4.5500e+01, 9.1000e+01,
        1.8200e+02, 3.6400e+02, 7.2800e+02, 1.4560e+03, 2.9120e+03, 5.8239e+03],
       device='cuda:0')
weight: tensor([2.7500e-01, 1.3750e-01, 6.8800e-02, 3.4400e-02, 1.7200e-02, 8.6000e-03,
        4.3000e-03, 2.1000e-03, 1.1000e-03, 5.0000e-04, 3.0000e-04, 1.0000e-04],
       device='cuda:0')
epoch 24 Loss 4.722713212172191
epoch 25 Loss 4.550259980890486
shift: tensor([2.8000e+00, 5.7000e+00, 1.1400e+01, 2.2700e+01, 4.5500e+01, 9.1000e+01,
        1.8200e+02, 3.6400e+02, 7.2800e+02, 1.4560e+03, 2.9120e+03, 5.8239e+03],
       device='cuda:0')
weight: tensor([2.7500e-01, 1.3750e-01, 6.8800e-02, 3.4400e-02, 1.7200e-02, 8.6000e-03,
        4.3000e-03, 2.1000e-03, 1.1000e-03, 5.0000e-04, 3.0000e-04, 1.0000e-04],
       device='cuda:0')
shift: tensor([2.8000e+00, 5.7000e+00, 1.1400e+01, 2.2700e+01, 4.5500e+01, 9.1000e+01,
        1.8200e+02, 3.6400e+02, 7.2800e+02, 1.4560e+03, 2.9120e+03, 5.8239e+03],
       device='cuda:0')
weight: tensor([2.7500e-01, 1.3750e-01, 6.8800e-02, 3.4400e-02, 1.7200e-02, 8.6000e-03,
        4.3000e-03, 2.1000e-03, 1.1000e-03, 5.0000e-04, 3.0000e-04, 1.0000e-04],
       device='cuda:0')
epoch 26 Loss 3.9408941070238748
shift: tensor([2.8000e+00, 5.7000e+00, 1.1400e+01, 2.2700e+01, 4.5500e+01, 9.1000e+01,
        1.8200e+02, 3.6400e+02, 7.2800e+02, 1.4560e+03, 2.9120e+03, 5.8239e+03],
       device='cuda:0')
weight: tensor([2.7500e-01, 1.3750e-01, 6.8800e-02, 3.4400e-02, 1.7200e-02, 8.6000e-03,
        4.3000e-03, 2.1000e-03, 1.1000e-03, 5.0000e-04, 3.0000e-04, 1.0000e-04],
       device='cuda:0')
shift: tensor([2.8000e+00, 5.7000e+00, 1.1400e+01, 2.2700e+01, 4.5500e+01, 9.1000e+01,
        1.8200e+02, 3.6400e+02, 7.2800e+02, 1.4560e+03, 2.9120e+03, 5.8239e+03],
       device='cuda:0')
weight: tensor([2.7500e-01, 1.3750e-01, 6.8800e-02, 3.4400e-02, 1.7200e-02, 8.6000e-03,
        4.3000e-03, 2.1000e-03, 1.1000e-03, 5.0000e-04, 3.0000e-04, 1.0000e-04],
       device='cuda:0')
shift: tensor([2.8000e+00, 5.7000e+00, 1.1400e+01, 2.2700e+01, 4.5500e+01, 9.1000e+01,
        1.8200e+02, 3.6400e+02, 7.2800e+02, 1.4560e+03, 2.9120e+03, 5.8239e+03],
       device='cuda:0')
weight: tensor([2.7500e-01, 1.3750e-01, 6.8800e-02, 3.4400e-02, 1.7200e-02, 8.6000e-03,
        4.3000e-03, 2.1000e-03, 1.1000e-03, 5.0000e-04, 3.0000e-04, 1.0000e-04],
       device='cuda:0')
epoch 27 Loss 3.503275646103753
shift: tensor([2.8000e+00, 5.7000e+00, 1.1400e+01, 2.2700e+01, 4.5500e+01, 9.1000e+01,
        1.8200e+02, 3.6400e+02, 7.2800e+02, 1.4560e+03, 2.9120e+03, 5.8239e+03],
       device='cuda:0')
weight: tensor([2.7500e-01, 1.3750e-01, 6.8800e-02, 3.4400e-02, 1.7200e-02, 8.6000e-03,
        4.3000e-03, 2.1000e-03, 1.1000e-03, 5.0000e-04, 3.0000e-04, 1.0000e-04],
       device='cuda:0')
shift: tensor([2.8000e+00, 5.7000e+00, 1.1400e+01, 2.2700e+01, 4.5500e+01, 9.1000e+01,
        1.8200e+02, 3.6400e+02, 7.2800e+02, 1.4560e+03, 2.9120e+03, 5.8239e+03],
       device='cuda:0')
weight: tensor([2.7500e-01, 1.3750e-01, 6.8800e-02, 3.4400e-02, 1.7200e-02, 8.6000e-03,
        4.3000e-03, 2.1000e-03, 1.1000e-03, 5.0000e-04, 3.0000e-04, 1.0000e-04],
       device='cuda:0')
epoch 28 Loss 3.4891369806395636
shift: tensor([2.8000e+00, 5.7000e+00, 1.1400e+01, 2.2700e+01, 4.5500e+01, 9.1000e+01,
        1.8200e+02, 3.6400e+02, 7.2800e+02, 1.4560e+03, 2.9120e+03, 5.8239e+03],
       device='cuda:0')
weight: tensor([2.7500e-01, 1.3750e-01, 6.8800e-02, 3.4400e-02, 1.7200e-02, 8.6000e-03,
        4.3000e-03, 2.1000e-03, 1.1000e-03, 5.0000e-04, 3.0000e-04, 1.0000e-04],
       device='cuda:0')
shift: tensor([2.8000e+00, 5.7000e+00, 1.1400e+01, 2.2700e+01, 4.5500e+01, 9.1000e+01,
        1.8200e+02, 3.6400e+02, 7.2800e+02, 1.4560e+03, 2.9120e+03, 5.8239e+03],
       device='cuda:0')
weight: tensor([2.7500e-01, 1.3750e-01, 6.8800e-02, 3.4400e-02, 1.7200e-02, 8.6000e-03,
        4.3000e-03, 2.1000e-03, 1.1000e-03, 5.0000e-04, 3.0000e-04, 1.0000e-04],
       device='cuda:0')
shift: tensor([2.8000e+00, 5.7000e+00, 1.1400e+01, 2.2700e+01, 4.5500e+01, 9.1000e+01,
        1.8200e+02, 3.6400e+02, 7.2800e+02, 1.4560e+03, 2.9120e+03, 5.8239e+03],
       device='cuda:0')
weight: tensor([2.7500e-01, 1.3750e-01, 6.8800e-02, 3.4400e-02, 1.7200e-02, 8.6000e-03,
        4.3000e-03, 2.1000e-03, 1.1000e-03, 5.0000e-04, 3.0000e-04, 1.0000e-04],
       device='cuda:0')
shift: tensor([2.8000e+00, 5.7000e+00, 1.1400e+01, 2.2700e+01, 4.5500e+01, 9.1000e+01,
        1.8200e+02, 3.6400e+02, 7.2800e+02, 1.4560e+03, 2.9120e+03, 5.8239e+03],
       device='cuda:0')
weight: tensor([2.7500e-01, 1.3750e-01, 6.8800e-02, 3.4400e-02, 1.7200e-02, 8.6000e-03,
        4.3000e-03, 2.1000e-03, 1.1000e-03, 5.0000e-04, 3.0000e-04, 1.0000e-04],
       device='cuda:0')
shift: tensor([2.8000e+00, 5.7000e+00, 1.1400e+01, 2.2700e+01, 4.5500e+01, 9.1000e+01,
        1.8200e+02, 3.6400e+02, 7.2800e+02, 1.4560e+03, 2.9120e+03, 5.8239e+03],
       device='cuda:0')
weight: tensor([2.7500e-01, 1.3750e-01, 6.8800e-02, 3.4400e-02, 1.7200e-02, 8.6000e-03,
        4.3000e-03, 2.1000e-03, 1.1000e-03, 5.0000e-04, 3.0000e-04, 1.0000e-04],
       device='cuda:0')
epoch 29 Loss 3.040357126129998
epoch 30 Loss 3.649534649319119
##### Step: 29 Learning rate: 0.0025 #####
Epoch 30, Train Loss: 3.6495, Val Loss: 4.4779
train_e/atom_mae: 0.002799
2026-03-18 18:49:10.016 INFO: train_e/atom_mae: 0.002799
train_e/atom_rmse: 0.003540
2026-03-18 18:49:10.017 INFO: train_e/atom_rmse: 0.003540
train_f_mae: 0.046790
2026-03-18 18:49:10.019 INFO: train_f_mae: 0.046790
train_f_rmse: 0.061425
2026-03-18 18:49:10.019 INFO: train_f_rmse: 0.061425
val_e/atom_mae: 0.002699
2026-03-18 18:49:10.021 INFO: val_e/atom_mae: 0.002699
val_e/atom_rmse: 0.002905
2026-03-18 18:49:10.022 INFO: val_e/atom_rmse: 0.002905
val_f_mae: 0.050568
2026-03-18 18:49:10.022 INFO: val_f_mae: 0.050568
val_f_rmse: 0.064901
2026-03-18 18:49:10.022 INFO: val_f_rmse: 0.064901
epoch 31 Loss 4.132676117950016
epoch 32 Loss 4.638704061508179
epoch 33 Loss 3.9796460602018566
epoch 34 Loss 3.3680535356203714
shift: tensor([2.8000e+00, 5.7000e+00, 1.1400e+01, 2.2700e+01, 4.5500e+01, 9.1000e+01,
        1.8200e+02, 3.6400e+02, 7.2800e+02, 1.4560e+03, 2.9120e+03, 5.8239e+03],
       device='cuda:0')
weight: tensor([2.7500e-01, 1.3750e-01, 6.8800e-02, 3.4400e-02, 1.7200e-02, 8.6000e-03,
        4.3000e-03, 2.1000e-03, 1.1000e-03, 5.0000e-04, 3.0000e-04, 1.0000e-04],
       device='cuda:0')
shift: tensor([2.8000e+00, 5.7000e+00, 1.1400e+01, 2.2700e+01, 4.5500e+01, 9.1000e+01,
        1.8200e+02, 3.6400e+02, 7.2800e+02, 1.4560e+03, 2.9120e+03, 5.8239e+03],
       device='cuda:0')
weight: tensor([2.7500e-01, 1.3750e-01, 6.8800e-02, 3.4400e-02, 1.7200e-02, 8.6000e-03,
        4.3000e-03, 2.1000e-03, 1.1000e-03, 5.0000e-04, 3.0000e-04, 1.0000e-04],
       device='cuda:0')
epoch 35 Loss 2.810867859257592
shift: tensor([2.8000e+00, 5.7000e+00, 1.1400e+01, 2.2700e+01, 4.5500e+01, 9.1000e+01,
        1.8200e+02, 3.6400e+02, 7.2800e+02, 1.4560e+03, 2.9120e+03, 5.8239e+03],
       device='cuda:0')
weight: tensor([2.7500e-01, 1.3750e-01, 6.8800e-02, 3.4400e-02, 1.7200e-02, 8.6000e-03,
        4.3000e-03, 2.1000e-03, 1.1000e-03, 5.0000e-04, 3.0000e-04, 1.0000e-04],
       device='cuda:0')
epoch 36 Loss 2.789284997516208
epoch 37 Loss 3.3828841977649264
epoch 38 Loss 3.29821515083313
shift: tensor([2.8000e+00, 5.7000e+00, 1.1400e+01, 2.2700e+01, 4.5500e+01, 9.1000e+01,
        1.8200e+02, 3.6400e+02, 7.2800e+02, 1.4560e+03, 2.9120e+03, 5.8239e+03],
       device='cuda:0')
weight: tensor([2.7500e-01, 1.3750e-01, 6.8800e-02, 3.4400e-02, 1.7200e-02, 8.6000e-03,
        4.3000e-03, 2.1000e-03, 1.1000e-03, 5.0000e-04, 3.0000e-04, 1.0000e-04],
       device='cuda:0')
epoch 39 Loss 3.0955360068215265
epoch 40 Loss 2.718612853023741
##### Step: 39 Learning rate: 0.0025 #####
Epoch 40, Train Loss: 2.7186, Val Loss: 3.2940
train_e/atom_mae: 0.003778
2026-03-18 18:53:15.297 INFO: train_e/atom_mae: 0.003778
train_e/atom_rmse: 0.004529
2026-03-18 18:53:15.297 INFO: train_e/atom_rmse: 0.004529
train_f_mae: 0.042322
2026-03-18 18:53:15.299 INFO: train_f_mae: 0.042322
train_f_rmse: 0.055564
2026-03-18 18:53:15.300 INFO: train_f_rmse: 0.055564
val_e/atom_mae: 0.005437
2026-03-18 18:53:15.302 INFO: val_e/atom_mae: 0.005437
val_e/atom_rmse: 0.005523
2026-03-18 18:53:15.302 INFO: val_e/atom_rmse: 0.005523
val_f_mae: 0.037757
2026-03-18 18:53:15.302 INFO: val_f_mae: 0.037757
val_f_rmse: 0.049607
2026-03-18 18:53:15.303 INFO: val_f_rmse: 0.049607
training
shift: tensor([2.8000e+00, 5.7000e+00, 1.1400e+01, 2.2700e+01, 4.5500e+01, 9.1000e+01,
        1.8200e+02, 3.6400e+02, 7.2800e+02, 1.4560e+03, 2.9120e+03, 5.8239e+03],
       device='cuda:0')
weight: tensor([2.7500e-01, 1.3750e-01, 6.8800e-02, 3.4400e-02, 1.7200e-02, 8.6000e-03,
        4.3000e-03, 2.1000e-03, 1.1000e-03, 5.0000e-04, 3.0000e-04, 1.0000e-04],
       device='cuda:0')
epoch 1 Loss 6.252732561694251
shift: tensor([2.8000e+00, 5.7000e+00, 1.1400e+01, 2.2700e+01, 4.5500e+01, 9.1000e+01,
        1.8200e+02, 3.6400e+02, 7.2800e+02, 1.4560e+03, 2.9120e+03, 5.8239e+03],
       device='cuda:0')
weight: tensor([2.7500e-01, 1.3750e-01, 6.8800e-02, 3.4400e-02, 1.7200e-02, 8.6000e-03,
        4.3000e-03, 2.1000e-03, 1.1000e-03, 5.0000e-04, 3.0000e-04, 1.0000e-04],
       device='cuda:0')
shift: tensor([2.8000e+00, 5.7000e+00, 1.1400e+01, 2.2700e+01, 4.5500e+01, 9.1000e+01,
        1.8200e+02, 3.6400e+02, 7.2800e+02, 1.4560e+03, 2.9120e+03, 5.8239e+03],
       device='cuda:0')
weight: tensor([2.7500e-01, 1.3750e-01, 6.8800e-02, 3.4400e-02, 1.7200e-02, 8.6000e-03,
        4.3000e-03, 2.1000e-03, 1.1000e-03, 5.0000e-04, 3.0000e-04, 1.0000e-04],
       device='cuda:0')
shift: tensor([2.8000e+00, 5.7000e+00, 1.1400e+01, 2.2700e+01, 4.5500e+01, 9.1000e+01,
        1.8200e+02, 3.6400e+02, 7.2800e+02, 1.4560e+03, 2.9120e+03, 5.8239e+03],
       device='cuda:0')
weight: tensor([2.7500e-01, 1.3750e-01, 6.8800e-02, 3.4400e-02, 1.7200e-02, 8.6000e-03,
        4.3000e-03, 2.1000e-03, 1.1000e-03, 5.0000e-04, 3.0000e-04, 1.0000e-04],
       device='cuda:0')
shift: tensor([2.8000e+00, 5.7000e+00, 1.1400e+01, 2.2700e+01, 4.5500e+01, 9.1000e+01,
        1.8200e+02, 3.6400e+02, 7.2800e+02, 1.4560e+03, 2.9120e+03, 5.8239e+03],
       device='cuda:0')
weight: tensor([2.7500e-01, 1.3750e-01, 6.8800e-02, 3.4400e-02, 1.7200e-02, 8.6000e-03,
        4.3000e-03, 2.1000e-03, 1.1000e-03, 5.0000e-04, 3.0000e-04, 1.0000e-04],
       device='cuda:0')
epoch 2 Loss 3.22829051150216
shift: tensor([2.8000e+00, 5.7000e+00, 1.1400e+01, 2.2700e+01, 4.5500e+01, 9.1000e+01,
        1.8200e+02, 3.6400e+02, 7.2800e+02, 1.4560e+03, 2.9120e+03, 5.8239e+03],
       device='cuda:0')
weight: tensor([2.7500e-01, 1.3750e-01, 6.8800e-02, 3.4400e-02, 1.7200e-02, 8.6000e-03,
        4.3000e-03, 2.1000e-03, 1.1000e-03, 5.0000e-04, 3.0000e-04, 1.0000e-04],
       device='cuda:0')
shift: tensor([2.8000e+00, 5.7000e+00, 1.1400e+01, 2.2700e+01, 4.5500e+01, 9.1000e+01,
        1.8200e+02, 3.6400e+02, 7.2800e+02, 1.4560e+03, 2.9120e+03, 5.8239e+03],
       device='cuda:0')
weight: tensor([2.7500e-01, 1.3750e-01, 6.8800e-02, 3.4400e-02, 1.7200e-02, 8.6000e-03,
        4.3000e-03, 2.1000e-03, 1.1000e-03, 5.0000e-04, 3.0000e-04, 1.0000e-04],
       device='cuda:0')
epoch 3 Loss 3.410672995779249
shift: tensor([2.8000e+00, 5.7000e+00, 1.1400e+01, 2.2700e+01, 4.5500e+01, 9.1000e+01,
        1.8200e+02, 3.6400e+02, 7.2800e+02, 1.4560e+03, 2.9120e+03, 5.8239e+03],
       device='cuda:0')
weight: tensor([2.7500e-01, 1.3750e-01, 6.8800e-02, 3.4400e-02, 1.7200e-02, 8.6000e-03,
        4.3000e-03, 2.1000e-03, 1.1000e-03, 5.0000e-04, 3.0000e-04, 1.0000e-04],
       device='cuda:0')
epoch 4 Loss 4.668597665097979
epoch 5 Loss 5.7154333459006414
epoch 6 Loss 4.12293600373798
shift: tensor([2.8000e+00, 5.7000e+00, 1.1400e+01, 2.2700e+01, 4.5500e+01, 9.1000e+01,
        1.8200e+02, 3.6400e+02, 7.2800e+02, 1.4560e+03, 2.9120e+03, 5.8239e+03],
       device='cuda:0')
weight: tensor([2.7500e-01, 1.3750e-01, 6.8800e-02, 3.4400e-02, 1.7200e-02, 8.6000e-03,
        4.3000e-03, 2.1000e-03, 1.1000e-03, 5.0000e-04, 3.0000e-04, 1.0000e-04],
       device='cuda:0')
epoch 7 Loss 2.837415317694346
epoch 8 Loss 3.122058219379849
epoch 9 Loss 3.116520583629608
shift: tensor([2.8000e+00, 5.7000e+00, 1.1400e+01, 2.2700e+01, 4.5500e+01, 9.1000e+01,
        1.8200e+02, 3.6400e+02, 7.2800e+02, 1.4560e+03, 2.9120e+03, 5.8239e+03],
       device='cuda:0')
weight: tensor([2.7500e-01, 1.3750e-01, 6.8800e-02, 3.4400e-02, 1.7200e-02, 8.6000e-03,
        4.3000e-03, 2.1000e-03, 1.1000e-03, 5.0000e-04, 3.0000e-04, 1.0000e-04],
       device='cuda:0')
epoch 10 Loss 2.925656318664551
##### Step: 9 Learning rate: 0.005 #####
Epoch 10, Train Loss: 2.9257, Val Loss: 4.3775
train_e/atom_mae: 0.004036
2026-03-18 18:57:20.575 INFO: train_e/atom_mae: 0.004036
train_e/atom_rmse: 0.005807
2026-03-18 18:57:20.576 INFO: train_e/atom_rmse: 0.005807
train_f_mae: 0.043660
2026-03-18 18:57:20.578 INFO: train_f_mae: 0.043660
train_f_rmse: 0.057845
2026-03-18 18:57:20.578 INFO: train_f_rmse: 0.057845
val_e/atom_mae: 0.008992
2026-03-18 18:57:20.580 INFO: val_e/atom_mae: 0.008992
val_e/atom_rmse: 0.009112
2026-03-18 18:57:20.581 INFO: val_e/atom_rmse: 0.009112
val_f_mae: 0.042115
2026-03-18 18:57:20.581 INFO: val_f_mae: 0.042115
val_f_rmse: 0.054116
2026-03-18 18:57:20.581 INFO: val_f_rmse: 0.054116
shift: tensor([2.8000e+00, 5.7000e+00, 1.1400e+01, 2.2700e+01, 4.5500e+01, 9.1000e+01,
        1.8200e+02, 3.6400e+02, 7.2800e+02, 1.4560e+03, 2.9120e+03, 5.8239e+03],
       device='cuda:0')
weight: tensor([2.7500e-01, 1.3750e-01, 6.8800e-02, 3.4400e-02, 1.7200e-02, 8.6000e-03,
        4.3000e-03, 2.1000e-03, 1.1000e-03, 5.0000e-04, 3.0000e-04, 1.0000e-04],
       device='cuda:0')
shift: tensor([2.8000e+00, 5.7000e+00, 1.1400e+01, 2.2700e+01, 4.5500e+01, 9.1000e+01,
        1.8200e+02, 3.6400e+02, 7.2800e+02, 1.4560e+03, 2.9120e+03, 5.8239e+03],
       device='cuda:0')
weight: tensor([2.7500e-01, 1.3750e-01, 6.8800e-02, 3.4400e-02, 1.7200e-02, 8.6000e-03,
        4.3000e-03, 2.1000e-03, 1.1000e-03, 5.0000e-04, 3.0000e-04, 1.0000e-04],
       device='cuda:0')
shift: tensor([2.8000e+00, 5.7000e+00, 1.1400e+01, 2.2700e+01, 4.5500e+01, 9.1000e+01,
        1.8200e+02, 3.6400e+02, 7.2800e+02, 1.4560e+03, 2.9120e+03, 5.8239e+03],
       device='cuda:0')
weight: tensor([2.7500e-01, 1.3750e-01, 6.8800e-02, 3.4400e-02, 1.7200e-02, 8.6000e-03,
        4.3000e-03, 2.1000e-03, 1.1000e-03, 5.0000e-04, 3.0000e-04, 1.0000e-04],
       device='cuda:0')
epoch 11 Loss 2.766643842061361
epoch 12 Loss 3.045300781726837
epoch 13 Loss 4.204503827624851
epoch 14 Loss 5.281182593769497
epoch 15 Loss 8.276702211962807
epoch 16 Loss 6.0821143057611256
epoch 17 Loss 4.940777752134535
epoch 18 Loss 5.265142401059468
epoch 19 Loss 4.301637689272563
epoch 20 Loss 3.801000734170278
##### Step: 19 Learning rate: 0.005 #####
Epoch 20, Train Loss: 3.8010, Val Loss: 3.7436
train_e/atom_mae: 0.007488
2026-03-18 19:01:26.088 INFO: train_e/atom_mae: 0.007488
train_e/atom_rmse: 0.009203
2026-03-18 19:01:26.088 INFO: train_e/atom_rmse: 0.009203
train_f_mae: 0.043687
2026-03-18 19:01:26.090 INFO: train_f_mae: 0.043687
train_f_rmse: 0.057344
2026-03-18 19:01:26.091 INFO: train_f_rmse: 0.057344
val_e/atom_mae: 0.002309
2026-03-18 19:01:26.093 INFO: val_e/atom_mae: 0.002309
val_e/atom_rmse: 0.002886
2026-03-18 19:01:26.093 INFO: val_e/atom_rmse: 0.002886
val_f_mae: 0.046057
2026-03-18 19:01:26.094 INFO: val_f_mae: 0.046057
val_f_rmse: 0.059640
2026-03-18 19:01:26.094 INFO: val_f_rmse: 0.059640
shift: tensor([2.8000e+00, 5.7000e+00, 1.1400e+01, 2.2700e+01, 4.5500e+01, 9.1000e+01,
        1.8200e+02, 3.6400e+02, 7.2800e+02, 1.4560e+03, 2.9120e+03, 5.8239e+03],
       device='cuda:0')
weight: tensor([2.7500e-01, 1.3750e-01, 6.8800e-02, 3.4400e-02, 1.7200e-02, 8.6000e-03,
        4.3000e-03, 2.1000e-03, 1.1000e-03, 5.0000e-04, 3.0000e-04, 1.0000e-04],
       device='cuda:0')
shift: tensor([2.8000e+00, 5.7000e+00, 1.1400e+01, 2.2700e+01, 4.5500e+01, 9.1000e+01,
        1.8200e+02, 3.6400e+02, 7.2800e+02, 1.4560e+03, 2.9120e+03, 5.8239e+03],
       device='cuda:0')
weight: tensor([2.7500e-01, 1.3750e-01, 6.8800e-02, 3.4400e-02, 1.7200e-02, 8.6000e-03,
        4.3000e-03, 2.1000e-03, 1.1000e-03, 5.0000e-04, 3.0000e-04, 1.0000e-04],
       device='cuda:0')
epoch 21 Loss 3.3418258925278983
shift: tensor([2.8000e+00, 5.7000e+00, 1.1400e+01, 2.2700e+01, 4.5500e+01, 9.1000e+01,
        1.8200e+02, 3.6400e+02, 7.2800e+02, 1.4560e+03, 2.9120e+03, 5.8239e+03],
       device='cuda:0')
weight: tensor([2.7500e-01, 1.3750e-01, 6.8800e-02, 3.4400e-02, 1.7200e-02, 8.6000e-03,
        4.3000e-03, 2.1000e-03, 1.1000e-03, 5.0000e-04, 3.0000e-04, 1.0000e-04],
       device='cuda:0')
epoch 22 Loss 2.7798577381504908
shift: tensor([2.8000e+00, 5.7000e+00, 1.1400e+01, 2.2700e+01, 4.5500e+01, 9.1000e+01,
        1.8200e+02, 3.6400e+02, 7.2800e+02, 1.4560e+03, 2.9120e+03, 5.8239e+03],
       device='cuda:0')
weight: tensor([2.7500e-01, 1.3750e-01, 6.8800e-02, 3.4400e-02, 1.7200e-02, 8.6000e-03,
        4.3000e-03, 2.1000e-03, 1.1000e-03, 5.0000e-04, 3.0000e-04, 1.0000e-04],
       device='cuda:0')
shift: tensor([2.8000e+00, 5.7000e+00, 1.1400e+01, 2.2700e+01, 4.5500e+01, 9.1000e+01,
        1.8200e+02, 3.6400e+02, 7.2800e+02, 1.4560e+03, 2.9120e+03, 5.8239e+03],
       device='cuda:0')
weight: tensor([2.7500e-01, 1.3750e-01, 6.8800e-02, 3.4400e-02, 1.7200e-02, 8.6000e-03,
        4.3000e-03, 2.1000e-03, 1.1000e-03, 5.0000e-04, 3.0000e-04, 1.0000e-04],
       device='cuda:0')
epoch 23 Loss 2.4299385448296866
shift: tensor([2.8000e+00, 5.7000e+00, 1.1400e+01, 2.2700e+01, 4.5500e+01, 9.1000e+01,
        1.8200e+02, 3.6400e+02, 7.2800e+02, 1.4560e+03, 2.9120e+03, 5.8239e+03],
       device='cuda:0')
weight: tensor([2.7500e-01, 1.3750e-01, 6.8800e-02, 3.4400e-02, 1.7200e-02, 8.6000e-03,
        4.3000e-03, 2.1000e-03, 1.1000e-03, 5.0000e-04, 3.0000e-04, 1.0000e-04],
       device='cuda:0')
shift: tensor([2.8000e+00, 5.7000e+00, 1.1400e+01, 2.2700e+01, 4.5500e+01, 9.1000e+01,
        1.8200e+02, 3.6400e+02, 7.2800e+02, 1.4560e+03, 2.9120e+03, 5.8239e+03],
       device='cuda:0')
weight: tensor([2.7500e-01, 1.3750e-01, 6.8800e-02, 3.4400e-02, 1.7200e-02, 8.6000e-03,
        4.3000e-03, 2.1000e-03, 1.1000e-03, 5.0000e-04, 3.0000e-04, 1.0000e-04],
       device='cuda:0')
shift: tensor([2.8000e+00, 5.7000e+00, 1.1400e+01, 2.2700e+01, 4.5500e+01, 9.1000e+01,
        1.8200e+02, 3.6400e+02, 7.2800e+02, 1.4560e+03, 2.9120e+03, 5.8239e+03],
       device='cuda:0')
weight: tensor([2.7500e-01, 1.3750e-01, 6.8800e-02, 3.4400e-02, 1.7200e-02, 8.6000e-03,
        4.3000e-03, 2.1000e-03, 1.1000e-03, 5.0000e-04, 3.0000e-04, 1.0000e-04],
       device='cuda:0')
epoch 24 Loss 2.1727752023273044
shift: tensor([2.8000e+00, 5.7000e+00, 1.1400e+01, 2.2700e+01, 4.5500e+01, 9.1000e+01,
        1.8200e+02, 3.6400e+02, 7.2800e+02, 1.4560e+03, 2.9120e+03, 5.8239e+03],
       device='cuda:0')
weight: tensor([2.7500e-01, 1.3750e-01, 6.8800e-02, 3.4400e-02, 1.7200e-02, 8.6000e-03,
        4.3000e-03, 2.1000e-03, 1.1000e-03, 5.0000e-04, 3.0000e-04, 1.0000e-04],
       device='cuda:0')
epoch 25 Loss 2.5555004941092596
shift: tensor([2.8000e+00, 5.7000e+00, 1.1400e+01, 2.2700e+01, 4.5500e+01, 9.1000e+01,
        1.8200e+02, 3.6400e+02, 7.2800e+02, 1.4560e+03, 2.9120e+03, 5.8239e+03],
       device='cuda:0')
weight: tensor([2.7500e-01, 1.3750e-01, 6.8800e-02, 3.4400e-02, 1.7200e-02, 8.6000e-03,
        4.3000e-03, 2.1000e-03, 1.1000e-03, 5.0000e-04, 3.0000e-04, 1.0000e-04],
       device='cuda:0')
epoch 26 Loss 2.274047384659449
shift: tensor([2.8000e+00, 5.7000e+00, 1.1400e+01, 2.2700e+01, 4.5500e+01, 9.1000e+01,
        1.8200e+02, 3.6400e+02, 7.2800e+02, 1.4560e+03, 2.9120e+03, 5.8239e+03],
       device='cuda:0')
weight: tensor([2.7500e-01, 1.3750e-01, 6.8800e-02, 3.4400e-02, 1.7200e-02, 8.6000e-03,
        4.3000e-03, 2.1000e-03, 1.1000e-03, 5.0000e-04, 3.0000e-04, 1.0000e-04],
       device='cuda:0')
epoch 27 Loss 1.9811884529060788
epoch 28 Loss 2.141598218017154
shift: tensor([2.8000e+00, 5.7000e+00, 1.1400e+01, 2.2700e+01, 4.5500e+01, 9.1000e+01,
        1.8200e+02, 3.6400e+02, 7.2800e+02, 1.4560e+03, 2.9120e+03, 5.8239e+03],
       device='cuda:0')
weight: tensor([2.7500e-01, 1.3750e-01, 6.8800e-02, 3.4400e-02, 1.7200e-02, 8.6000e-03,
        4.3000e-03, 2.1000e-03, 1.1000e-03, 5.0000e-04, 3.0000e-04, 1.0000e-04],
       device='cuda:0')
epoch 29 Loss 1.8625636796156566
epoch 30 Loss 1.894778460264206
##### Step: 29 Learning rate: 0.0025 #####
Epoch 30, Train Loss: 1.8948, Val Loss: 2.2801
train_e/atom_mae: 0.002558
2026-03-18 19:05:31.634 INFO: train_e/atom_mae: 0.002558
train_e/atom_rmse: 0.003253
2026-03-18 19:05:31.635 INFO: train_e/atom_rmse: 0.003253
train_f_mae: 0.035602
2026-03-18 19:05:31.637 INFO: train_f_mae: 0.035602
train_f_rmse: 0.046708
2026-03-18 19:05:31.637 INFO: train_f_rmse: 0.046708
val_e/atom_mae: 0.003658
2026-03-18 19:05:31.639 INFO: val_e/atom_mae: 0.003658
val_e/atom_rmse: 0.003721
2026-03-18 19:05:31.640 INFO: val_e/atom_rmse: 0.003721
val_f_mae: 0.034539
2026-03-18 19:05:31.640 INFO: val_f_mae: 0.034539
val_f_rmse: 0.045324
2026-03-18 19:05:31.640 INFO: val_f_rmse: 0.045324
epoch 31 Loss 2.0783081683847637
epoch 32 Loss 1.9994964831405215
epoch 33 Loss 2.395781013700697
epoch 34 Loss 2.6624118619494967
shift: tensor([2.8000e+00, 5.7000e+00, 1.1400e+01, 2.2700e+01, 4.5500e+01, 9.1000e+01,
        1.8200e+02, 3.6400e+02, 7.2800e+02, 1.4560e+03, 2.9120e+03, 5.8239e+03],
       device='cuda:0')
weight: tensor([2.7500e-01, 1.3750e-01, 6.8800e-02, 3.4400e-02, 1.7200e-02, 8.6000e-03,
        4.3000e-03, 2.1000e-03, 1.1000e-03, 5.0000e-04, 3.0000e-04, 1.0000e-04],
       device='cuda:0')
epoch 35 Loss 2.4422184659375086
epoch 36 Loss 2.122283309698105
epoch 37 Loss 2.3333508604102664
epoch 38 Loss 2.1637750334209866
shift: tensor([2.8000e+00, 5.7000e+00, 1.1400e+01, 2.2700e+01, 4.5500e+01, 9.1000e+01,
        1.8200e+02, 3.6400e+02, 7.2800e+02, 1.4560e+03, 2.9120e+03, 5.8239e+03],
       device='cuda:0')
weight: tensor([2.7500e-01, 1.3750e-01, 6.8800e-02, 3.4400e-02, 1.7200e-02, 8.6000e-03,
        4.3000e-03, 2.1000e-03, 1.1000e-03, 5.0000e-04, 3.0000e-04, 1.0000e-04],
       device='cuda:0')
shift: tensor([2.8000e+00, 5.7000e+00, 1.1400e+01, 2.2700e+01, 4.5500e+01, 9.1000e+01,
        1.8200e+02, 3.6400e+02, 7.2800e+02, 1.4560e+03, 2.9120e+03, 5.8239e+03],
       device='cuda:0')
weight: tensor([2.7500e-01, 1.3750e-01, 6.8800e-02, 3.4400e-02, 1.7200e-02, 8.6000e-03,
        4.3000e-03, 2.1000e-03, 1.1000e-03, 5.0000e-04, 3.0000e-04, 1.0000e-04],
       device='cuda:0')
shift: tensor([2.8000e+00, 5.7000e+00, 1.1400e+01, 2.2700e+01, 4.5500e+01, 9.1000e+01,
        1.8200e+02, 3.6400e+02, 7.2800e+02, 1.4560e+03, 2.9120e+03, 5.8239e+03],
       device='cuda:0')
weight: tensor([2.7500e-01, 1.3750e-01, 6.8800e-02, 3.4400e-02, 1.7200e-02, 8.6000e-03,
        4.3000e-03, 2.1000e-03, 1.1000e-03, 5.0000e-04, 3.0000e-04, 1.0000e-04],
       device='cuda:0')
epoch 39 Loss 1.7442178030808766
epoch 40 Loss 1.5231207410494487
##### Step: 39 Learning rate: 0.0025 #####
Epoch 40, Train Loss: 1.5231, Val Loss: 1.7933
train_e/atom_mae: 0.002453
2026-03-18 19:09:37.325 INFO: train_e/atom_mae: 0.002453
train_e/atom_rmse: 0.002983
2026-03-18 19:09:37.326 INFO: train_e/atom_rmse: 0.002983
train_f_mae: 0.034175
2026-03-18 19:09:37.328 INFO: train_f_mae: 0.034175
train_f_rmse: 0.044834
2026-03-18 19:09:37.328 INFO: train_f_rmse: 0.044834
val_e/atom_mae: 0.002194
2026-03-18 19:09:37.330 INFO: val_e/atom_mae: 0.002194
val_e/atom_rmse: 0.002286
2026-03-18 19:09:37.331 INFO: val_e/atom_rmse: 0.002286
val_f_mae: 0.030678
2026-03-18 19:09:37.331 INFO: val_f_mae: 0.030678
val_f_rmse: 0.040375
2026-03-18 19:09:37.331 INFO: val_f_rmse: 0.040375
training
shift: tensor([2.8000e+00, 5.7000e+00, 1.1400e+01, 2.2700e+01, 4.5500e+01, 9.1000e+01,
        1.8200e+02, 3.6400e+02, 7.2800e+02, 1.4560e+03, 2.9120e+03, 5.8239e+03],
       device='cuda:0')
weight: tensor([2.7500e-01, 1.3750e-01, 6.8800e-02, 3.4400e-02, 1.7200e-02, 8.6000e-03,
        4.3000e-03, 2.1000e-03, 1.1000e-03, 5.0000e-04, 3.0000e-04, 1.0000e-04],
       device='cuda:0')
epoch 1 Loss 5.463170637687047
epoch 2 Loss 2.788843515846464
epoch 3 Loss 2.9850032329559326
epoch 4 Loss 2.59822060002221
epoch 5 Loss 2.9975723028182983
epoch 6 Loss 3.1408253643247814
epoch 7 Loss 4.308604876200358
epoch 8 Loss 3.5965515308909946
epoch 9 Loss 2.7203046315246158
shift: tensor([2.8000e+00, 5.7000e+00, 1.1400e+01, 2.2700e+01, 4.5500e+01, 9.1000e+01,
        1.8200e+02, 3.6400e+02, 7.2800e+02, 1.4560e+03, 2.9120e+03, 5.8239e+03],
       device='cuda:0')
weight: tensor([2.7500e-01, 1.3750e-01, 6.8800e-02, 3.4400e-02, 1.7200e-02, 8.6000e-03,
        4.3000e-03, 2.1000e-03, 1.1000e-03, 5.0000e-04, 3.0000e-04, 1.0000e-04],
       device='cuda:0')
shift: tensor([2.8000e+00, 5.7000e+00, 1.1400e+01, 2.2700e+01, 4.5500e+01, 9.1000e+01,
        1.8200e+02, 3.6400e+02, 7.2800e+02, 1.4560e+03, 2.9120e+03, 5.8239e+03],
       device='cuda:0')
weight: tensor([2.7500e-01, 1.3750e-01, 6.8800e-02, 3.4400e-02, 1.7200e-02, 8.6000e-03,
        4.3000e-03, 2.1000e-03, 1.1000e-03, 5.0000e-04, 3.0000e-04, 1.0000e-04],
       device='cuda:0')
epoch 10 Loss 1.9575399425294664
##### Step: 9 Learning rate: 0.005 #####
Epoch 10, Train Loss: 1.9575, Val Loss: 2.0595
train_e/atom_mae: 0.004129
2026-03-18 19:13:41.950 INFO: train_e/atom_mae: 0.004129
train_e/atom_rmse: 0.005409
2026-03-18 19:13:41.950 INFO: train_e/atom_rmse: 0.005409
train_f_mae: 0.039390
2026-03-18 19:13:41.953 INFO: train_f_mae: 0.039390
train_f_rmse: 0.052229
2026-03-18 19:13:41.953 INFO: train_f_rmse: 0.052229
val_e/atom_mae: 0.003078
2026-03-18 19:13:41.955 INFO: val_e/atom_mae: 0.003078
val_e/atom_rmse: 0.003249
2026-03-18 19:13:41.955 INFO: val_e/atom_rmse: 0.003249
val_f_mae: 0.031821
2026-03-18 19:13:41.956 INFO: val_f_mae: 0.031821
val_f_rmse: 0.041905
2026-03-18 19:13:41.956 INFO: val_f_rmse: 0.041905
epoch 11 Loss 1.9514155454105802
shift: tensor([2.8000e+00, 5.7000e+00, 1.1400e+01, 2.2700e+01, 4.5500e+01, 9.1000e+01,
        1.8200e+02, 3.6400e+02, 7.2800e+02, 1.4560e+03, 2.9120e+03, 5.8239e+03],
       device='cuda:0')
weight: tensor([2.7500e-01, 1.3750e-01, 6.8800e-02, 3.4400e-02, 1.7200e-02, 8.6000e-03,
        4.3000e-03, 2.1000e-03, 1.1000e-03, 5.0000e-04, 3.0000e-04, 1.0000e-04],
       device='cuda:0')
shift: tensor([2.8000e+00, 5.7000e+00, 1.1400e+01, 2.2700e+01, 4.5500e+01, 9.1000e+01,
        1.8200e+02, 3.6400e+02, 7.2800e+02, 1.4560e+03, 2.9120e+03, 5.8239e+03],
       device='cuda:0')
weight: tensor([2.7500e-01, 1.3750e-01, 6.8800e-02, 3.4400e-02, 1.7200e-02, 8.6000e-03,
        4.3000e-03, 2.1000e-03, 1.1000e-03, 5.0000e-04, 3.0000e-04, 1.0000e-04],
       device='cuda:0')
epoch 12 Loss 1.9365848104159038
epoch 13 Loss 1.919837988085217
shift: tensor([2.8000e+00, 5.7000e+00, 1.1400e+01, 2.2700e+01, 4.5500e+01, 9.1000e+01,
        1.8200e+02, 3.6400e+02, 7.2800e+02, 1.4560e+03, 2.9120e+03, 5.8239e+03],
       device='cuda:0')
weight: tensor([2.7500e-01, 1.3750e-01, 6.8800e-02, 3.4400e-02, 1.7200e-02, 8.6000e-03,
        4.3000e-03, 2.1000e-03, 1.1000e-03, 5.0000e-04, 3.0000e-04, 1.0000e-04],
       device='cuda:0')
epoch 14 Loss 1.8791191677252452
shift: tensor([2.8000e+00, 5.7000e+00, 1.1400e+01, 2.2700e+01, 4.5500e+01, 9.1000e+01,
        1.8200e+02, 3.6400e+02, 7.2800e+02, 1.4560e+03, 2.9120e+03, 5.8239e+03],
       device='cuda:0')
weight: tensor([2.7500e-01, 1.3750e-01, 6.8800e-02, 3.4400e-02, 1.7200e-02, 8.6000e-03,
        4.3000e-03, 2.1000e-03, 1.1000e-03, 5.0000e-04, 3.0000e-04, 1.0000e-04],
       device='cuda:0')
epoch 15 Loss 2.1407734056313834
shift: tensor([2.8000e+00, 5.7000e+00, 1.1400e+01, 2.2700e+01, 4.5500e+01, 9.1000e+01,
        1.8200e+02, 3.6400e+02, 7.2800e+02, 1.4560e+03, 2.9120e+03, 5.8239e+03],
       device='cuda:0')
weight: tensor([2.7500e-01, 1.3750e-01, 6.8800e-02, 3.4400e-02, 1.7200e-02, 8.6000e-03,
        4.3000e-03, 2.1000e-03, 1.1000e-03, 5.0000e-04, 3.0000e-04, 1.0000e-04],
       device='cuda:0')
epoch 16 Loss 2.038684517145157
epoch 17 Loss 1.7828413844108582
shift: tensor([2.8000e+00, 5.7000e+00, 1.1400e+01, 2.2700e+01, 4.5500e+01, 9.1000e+01,
        1.8200e+02, 3.6400e+02, 7.2800e+02, 1.4560e+03, 2.9120e+03, 5.8239e+03],
       device='cuda:0')
weight: tensor([2.7500e-01, 1.3750e-01, 6.8800e-02, 3.4400e-02, 1.7200e-02, 8.6000e-03,
        4.3000e-03, 2.1000e-03, 1.1000e-03, 5.0000e-04, 3.0000e-04, 1.0000e-04],
       device='cuda:0')
epoch 18 Loss 2.240080628130171
shift: tensor([2.8000e+00, 5.7000e+00, 1.1400e+01, 2.2700e+01, 4.5500e+01, 9.1000e+01,
        1.8200e+02, 3.6400e+02, 7.2800e+02, 1.4560e+03, 2.9120e+03, 5.8239e+03],
       device='cuda:0')
weight: tensor([2.7500e-01, 1.3750e-01, 6.8800e-02, 3.4400e-02, 1.7200e-02, 8.6000e-03,
        4.3000e-03, 2.1000e-03, 1.1000e-03, 5.0000e-04, 3.0000e-04, 1.0000e-04],
       device='cuda:0')
epoch 19 Loss 2.5540435082382626
epoch 20 Loss 2.0539133184485965
##### Step: 19 Learning rate: 0.005 #####
Epoch 20, Train Loss: 2.0539, Val Loss: 1.6308
train_e/atom_mae: 0.003148
2026-03-18 19:17:47.176 INFO: train_e/atom_mae: 0.003148
train_e/atom_rmse: 0.003993
2026-03-18 19:17:47.177 INFO: train_e/atom_rmse: 0.003993
train_f_mae: 0.032191
2026-03-18 19:17:47.179 INFO: train_f_mae: 0.032191
train_f_rmse: 0.042341
2026-03-18 19:17:47.179 INFO: train_f_rmse: 0.042341
val_e/atom_mae: 0.001188
2026-03-18 19:17:47.181 INFO: val_e/atom_mae: 0.001188
val_e/atom_rmse: 0.001365
2026-03-18 19:17:47.182 INFO: val_e/atom_rmse: 0.001365
val_f_mae: 0.030449
2026-03-18 19:17:47.182 INFO: val_f_mae: 0.030449
val_f_rmse: 0.039935
2026-03-18 19:17:47.182 INFO: val_f_rmse: 0.039935
epoch 21 Loss 1.3750700785054102
shift: tensor([2.8000e+00, 5.7000e+00, 1.1400e+01, 2.2700e+01, 4.5500e+01, 9.1000e+01,
        1.8200e+02, 3.6400e+02, 7.2800e+02, 1.4560e+03, 2.9120e+03, 5.8239e+03],
       device='cuda:0')
weight: tensor([2.7500e-01, 1.3750e-01, 6.8800e-02, 3.4400e-02, 1.7200e-02, 8.6000e-03,
        4.3000e-03, 2.1000e-03, 1.1000e-03, 5.0000e-04, 3.0000e-04, 1.0000e-04],
       device='cuda:0')
epoch 22 Loss 1.2983317060603037
epoch 23 Loss 1.3459442837370768
shift: tensor([2.8000e+00, 5.7000e+00, 1.1400e+01, 2.2700e+01, 4.5500e+01, 9.1000e+01,
        1.8200e+02, 3.6400e+02, 7.2800e+02, 1.4560e+03, 2.9120e+03, 5.8239e+03],
       device='cuda:0')
weight: tensor([2.7500e-01, 1.3750e-01, 6.8800e-02, 3.4400e-02, 1.7200e-02, 8.6000e-03,
        4.3000e-03, 2.1000e-03, 1.1000e-03, 5.0000e-04, 3.0000e-04, 1.0000e-04],
       device='cuda:0')
epoch 24 Loss 1.2834154036309984
epoch 25 Loss 1.1515193978945415
epoch 26 Loss 1.2102397597498364
shift: tensor([2.8000e+00, 5.7000e+00, 1.1400e+01, 2.2700e+01, 4.5500e+01, 9.1000e+01,
        1.8200e+02, 3.6400e+02, 7.2800e+02, 1.4560e+03, 2.9120e+03, 5.8239e+03],
       device='cuda:0')
weight: tensor([2.7500e-01, 1.3750e-01, 6.8800e-02, 3.4400e-02, 1.7200e-02, 8.6000e-03,
        4.3000e-03, 2.1000e-03, 1.1000e-03, 5.0000e-04, 3.0000e-04, 1.0000e-04],
       device='cuda:0')
shift: tensor([2.8000e+00, 5.7000e+00, 1.1400e+01, 2.2700e+01, 4.5500e+01, 9.1000e+01,
        1.8200e+02, 3.6400e+02, 7.2800e+02, 1.4560e+03, 2.9120e+03, 5.8239e+03],
       device='cuda:0')
weight: tensor([2.7500e-01, 1.3750e-01, 6.8800e-02, 3.4400e-02, 1.7200e-02, 8.6000e-03,
        4.3000e-03, 2.1000e-03, 1.1000e-03, 5.0000e-04, 3.0000e-04, 1.0000e-04],
       device='cuda:0')
shift: tensor([2.8000e+00, 5.7000e+00, 1.1400e+01, 2.2700e+01, 4.5500e+01, 9.1000e+01,
        1.8200e+02, 3.6400e+02, 7.2800e+02, 1.4560e+03, 2.9120e+03, 5.8239e+03],
       device='cuda:0')
weight: tensor([2.7500e-01, 1.3750e-01, 6.8800e-02, 3.4400e-02, 1.7200e-02, 8.6000e-03,
        4.3000e-03, 2.1000e-03, 1.1000e-03, 5.0000e-04, 3.0000e-04, 1.0000e-04],
       device='cuda:0')
epoch 27 Loss 1.0285666800207562
shift: tensor([2.8000e+00, 5.7000e+00, 1.1400e+01, 2.2700e+01, 4.5500e+01, 9.1000e+01,
        1.8200e+02, 3.6400e+02, 7.2800e+02, 1.4560e+03, 2.9120e+03, 5.8239e+03],
       device='cuda:0')
weight: tensor([2.7500e-01, 1.3750e-01, 6.8800e-02, 3.4400e-02, 1.7200e-02, 8.6000e-03,
        4.3000e-03, 2.1000e-03, 1.1000e-03, 5.0000e-04, 3.0000e-04, 1.0000e-04],
       device='cuda:0')
epoch 28 Loss 0.9198907514413198
epoch 29 Loss 1.2303115410937204
epoch 30 Loss 1.2322961919837527
##### Step: 29 Learning rate: 0.0025 #####
Epoch 30, Train Loss: 1.2323, Val Loss: 0.9661
train_e/atom_mae: 0.001614
2026-03-18 19:21:52.558 INFO: train_e/atom_mae: 0.001614
train_e/atom_rmse: 0.002077
2026-03-18 19:21:52.558 INFO: train_e/atom_rmse: 0.002077
train_f_mae: 0.025742
2026-03-18 19:21:52.561 INFO: train_f_mae: 0.025742
train_f_rmse: 0.033947
2026-03-18 19:21:52.561 INFO: train_f_rmse: 0.033947
val_e/atom_mae: 0.001489
2026-03-18 19:21:52.563 INFO: val_e/atom_mae: 0.001489
val_e/atom_rmse: 0.001667
2026-03-18 19:21:52.564 INFO: val_e/atom_rmse: 0.001667
val_f_mae: 0.023032
2026-03-18 19:21:52.564 INFO: val_f_mae: 0.023032
val_f_rmse: 0.030383
2026-03-18 19:21:52.564 INFO: val_f_rmse: 0.030383
epoch 31 Loss 1.0153741902775235
epoch 32 Loss 1.1616772760947545
epoch 33 Loss 1.2156878726349936
epoch 34 Loss 1.5521805418862238
epoch 35 Loss 1.808007965485255
epoch 36 Loss 1.1697590483559503
epoch 37 Loss 1.163784886399905
epoch 38 Loss 1.2333237727483113
epoch 39 Loss 1.268330991268158
epoch 40 Loss 1.008363155855073
##### Step: 39 Learning rate: 0.0025 #####
Epoch 40, Train Loss: 1.0084, Val Loss: 0.9646
train_e/atom_mae: 0.002598
2026-03-18 19:25:58.645 INFO: train_e/atom_mae: 0.002598
train_e/atom_rmse: 0.003216
2026-03-18 19:25:58.645 INFO: train_e/atom_rmse: 0.003216
train_f_mae: 0.025107
2026-03-18 19:25:58.647 INFO: train_f_mae: 0.025107
train_f_rmse: 0.033109
2026-03-18 19:25:58.648 INFO: train_f_rmse: 0.033109
val_e/atom_mae: 0.001104
2026-03-18 19:25:58.650 INFO: val_e/atom_mae: 0.001104
val_e/atom_rmse: 0.001237
2026-03-18 19:25:58.650 INFO: val_e/atom_rmse: 0.001237
val_f_mae: 0.022779
2026-03-18 19:25:58.650 INFO: val_f_mae: 0.022779
val_f_rmse: 0.030244
2026-03-18 19:25:58.651 INFO: val_f_rmse: 0.030244
training
shift: tensor([2.8000e+00, 5.7000e+00, 1.1400e+01, 2.2700e+01, 4.5500e+01, 9.1000e+01,
        1.8200e+02, 3.6400e+02, 7.2800e+02, 1.4560e+03, 2.9120e+03, 5.8239e+03],
       device='cuda:0')
weight: tensor([2.7500e-01, 1.3750e-01, 6.8800e-02, 3.4400e-02, 1.7200e-02, 8.6000e-03,
        4.3000e-03, 2.1000e-03, 1.1000e-03, 5.0000e-04, 3.0000e-04, 1.0000e-04],
       device='cuda:0')
shift: tensor([2.8000e+00, 5.7000e+00, 1.1400e+01, 2.2700e+01, 4.5500e+01, 9.1000e+01,
        1.8200e+02, 3.6400e+02, 7.2800e+02, 1.4560e+03, 2.9120e+03, 5.8239e+03],
       device='cuda:0')
weight: tensor([2.7500e-01, 1.3750e-01, 6.8800e-02, 3.4400e-02, 1.7200e-02, 8.6000e-03,
        4.3000e-03, 2.1000e-03, 1.1000e-03, 5.0000e-04, 3.0000e-04, 1.0000e-04],
       device='cuda:0')
epoch 1 Loss 3.6506703164842396
shift: tensor([2.8000e+00, 5.7000e+00, 1.1400e+01, 2.2700e+01, 4.5500e+01, 9.1000e+01,
        1.8200e+02, 3.6400e+02, 7.2800e+02, 1.4560e+03, 2.9120e+03, 5.8239e+03],
       device='cuda:0')
weight: tensor([2.7500e-01, 1.3750e-01, 6.8800e-02, 3.4400e-02, 1.7200e-02, 8.6000e-03,
        4.3000e-03, 2.1000e-03, 1.1000e-03, 5.0000e-04, 3.0000e-04, 1.0000e-04],
       device='cuda:0')
epoch 2 Loss 3.6370460192362466
epoch 3 Loss 3.6618704166677265
epoch 4 Loss 7.073233803113301
epoch 5 Loss 9.86301299598482
epoch 6 Loss 7.37632903125551
epoch 7 Loss 5.660883837276035
epoch 8 Loss 4.802072680658764
epoch 9 Loss 3.649785147772895
epoch 10 Loss 2.843765185938941
##### Step: 9 Learning rate: 0.005 #####
Epoch 10, Train Loss: 2.8438, Val Loss: 3.6056
train_e/atom_mae: 0.007056
2026-03-18 19:30:03.426 INFO: train_e/atom_mae: 0.007056
train_e/atom_rmse: 0.008389
2026-03-18 19:30:03.427 INFO: train_e/atom_rmse: 0.008389
train_f_mae: 0.046761
2026-03-18 19:30:03.429 INFO: train_f_mae: 0.046761
train_f_rmse: 0.064281
2026-03-18 19:30:03.429 INFO: train_f_rmse: 0.064281
val_e/atom_mae: 0.007919
2026-03-18 19:30:03.432 INFO: val_e/atom_mae: 0.007919
val_e/atom_rmse: 0.008115
2026-03-18 19:30:03.432 INFO: val_e/atom_rmse: 0.008115
val_f_mae: 0.036285
2026-03-18 19:30:03.432 INFO: val_f_mae: 0.036285
val_f_rmse: 0.046947
2026-03-18 19:30:03.433 INFO: val_f_rmse: 0.046947
epoch 11 Loss 2.235698143641154
epoch 12 Loss 1.8823279639085133
epoch 13 Loss 1.4951540860864851
epoch 14 Loss 1.1887713736957974
epoch 15 Loss 1.164466877778371
epoch 16 Loss 1.2723596079481974
epoch 17 Loss 1.0935756083991792
shift: tensor([2.8000e+00, 5.7000e+00, 1.1400e+01, 2.2700e+01, 4.5500e+01, 9.1000e+01,
        1.8200e+02, 3.6400e+02, 7.2800e+02, 1.4560e+03, 2.9120e+03, 5.8239e+03],
       device='cuda:0')
weight: tensor([2.7500e-01, 1.3750e-01, 6.8800e-02, 3.4400e-02, 1.7200e-02, 8.6000e-03,
        4.3000e-03, 2.1000e-03, 1.1000e-03, 5.0000e-04, 3.0000e-04, 1.0000e-04],
       device='cuda:0')
epoch 18 Loss 1.0485471602943208
epoch 19 Loss 1.1535283674796422
shift: tensor([2.8000e+00, 5.7000e+00, 1.1400e+01, 2.2700e+01, 4.5500e+01, 9.1000e+01,
        1.8200e+02, 3.6400e+02, 7.2800e+02, 1.4560e+03, 2.9120e+03, 5.8239e+03],
       device='cuda:0')
weight: tensor([2.7500e-01, 1.3750e-01, 6.8800e-02, 3.4400e-02, 1.7200e-02, 8.6000e-03,
        4.3000e-03, 2.1000e-03, 1.1000e-03, 5.0000e-04, 3.0000e-04, 1.0000e-04],
       device='cuda:0')
shift: tensor([2.8000e+00, 5.7000e+00, 1.1400e+01, 2.2700e+01, 4.5500e+01, 9.1000e+01,
        1.8200e+02, 3.6400e+02, 7.2800e+02, 1.4560e+03, 2.9120e+03, 5.8239e+03],
       device='cuda:0')
weight: tensor([2.7500e-01, 1.3750e-01, 6.8800e-02, 3.4400e-02, 1.7200e-02, 8.6000e-03,
        4.3000e-03, 2.1000e-03, 1.1000e-03, 5.0000e-04, 3.0000e-04, 1.0000e-04],
       device='cuda:0')
shift: tensor([2.8000e+00, 5.7000e+00, 1.1400e+01, 2.2700e+01, 4.5500e+01, 9.1000e+01,
        1.8200e+02, 3.6400e+02, 7.2800e+02, 1.4560e+03, 2.9120e+03, 5.8239e+03],
       device='cuda:0')
weight: tensor([2.7500e-01, 1.3750e-01, 6.8800e-02, 3.4400e-02, 1.7200e-02, 8.6000e-03,
        4.3000e-03, 2.1000e-03, 1.1000e-03, 5.0000e-04, 3.0000e-04, 1.0000e-04],
       device='cuda:0')
epoch 20 Loss 0.7981320801708434
##### Step: 19 Learning rate: 0.005 #####
Epoch 20, Train Loss: 0.7981, Val Loss: 1.0505
train_e/atom_mae: 0.002553
2026-03-18 19:34:08.843 INFO: train_e/atom_mae: 0.002553
train_e/atom_rmse: 0.003400
2026-03-18 19:34:08.845 INFO: train_e/atom_rmse: 0.003400
train_f_mae: 0.025332
2026-03-18 19:34:08.847 INFO: train_f_mae: 0.025332
train_f_rmse: 0.033795
2026-03-18 19:34:08.847 INFO: train_f_rmse: 0.033795
val_e/atom_mae: 0.001927
2026-03-18 19:34:08.851 INFO: val_e/atom_mae: 0.001927
val_e/atom_rmse: 0.002143
2026-03-18 19:34:08.851 INFO: val_e/atom_rmse: 0.002143
val_f_mae: 0.023440
2026-03-18 19:34:08.851 INFO: val_f_mae: 0.023440
val_f_rmse: 0.031054
2026-03-18 19:34:08.851 INFO: val_f_rmse: 0.031054
shift: tensor([2.8000e+00, 5.7000e+00, 1.1400e+01, 2.2700e+01, 4.5500e+01, 9.1000e+01,
        1.8200e+02, 3.6400e+02, 7.2800e+02, 1.4560e+03, 2.9120e+03, 5.8239e+03],
       device='cuda:0')
weight: tensor([2.7500e-01, 1.3750e-01, 6.8800e-02, 3.4400e-02, 1.7200e-02, 8.6000e-03,
        4.3000e-03, 2.1000e-03, 1.1000e-03, 5.0000e-04, 3.0000e-04, 1.0000e-04],
       device='cuda:0')
epoch 21 Loss 0.9352936512894101
shift: tensor([2.8000e+00, 5.7000e+00, 1.1400e+01, 2.2700e+01, 4.5500e+01, 9.1000e+01,
        1.8200e+02, 3.6400e+02, 7.2800e+02, 1.4560e+03, 2.9120e+03, 5.8239e+03],
       device='cuda:0')
weight: tensor([2.7500e-01, 1.3750e-01, 6.8800e-02, 3.4400e-02, 1.7200e-02, 8.6000e-03,
        4.3000e-03, 2.1000e-03, 1.1000e-03, 5.0000e-04, 3.0000e-04, 1.0000e-04],
       device='cuda:0')
epoch 22 Loss 0.8295544170671039
shift: tensor([2.8000e+00, 5.7000e+00, 1.1400e+01, 2.2700e+01, 4.5500e+01, 9.1000e+01,
        1.8200e+02, 3.6400e+02, 7.2800e+02, 1.4560e+03, 2.9120e+03, 5.8239e+03],
       device='cuda:0')
weight: tensor([2.7500e-01, 1.3750e-01, 6.8800e-02, 3.4400e-02, 1.7200e-02, 8.6000e-03,
        4.3000e-03, 2.1000e-03, 1.1000e-03, 5.0000e-04, 3.0000e-04, 1.0000e-04],
       device='cuda:0')
epoch 23 Loss 0.7078219867414899
epoch 24 Loss 0.7155767099724876
epoch 25 Loss 0.719125865234269
shift: tensor([2.8000e+00, 5.7000e+00, 1.1400e+01, 2.2700e+01, 4.5500e+01, 9.1000e+01,
        1.8200e+02, 3.6400e+02, 7.2800e+02, 1.4560e+03, 2.9120e+03, 5.8239e+03],
       device='cuda:0')
weight: tensor([2.7500e-01, 1.3750e-01, 6.8800e-02, 3.4400e-02, 1.7200e-02, 8.6000e-03,
        4.3000e-03, 2.1000e-03, 1.1000e-03, 5.0000e-04, 3.0000e-04, 1.0000e-04],
       device='cuda:0')
shift: tensor([2.8000e+00, 5.7000e+00, 1.1400e+01, 2.2700e+01, 4.5500e+01, 9.1000e+01,
        1.8200e+02, 3.6400e+02, 7.2800e+02, 1.4560e+03, 2.9120e+03, 5.8239e+03],
       device='cuda:0')
weight: tensor([2.7500e-01, 1.3750e-01, 6.8800e-02, 3.4400e-02, 1.7200e-02, 8.6000e-03,
        4.3000e-03, 2.1000e-03, 1.1000e-03, 5.0000e-04, 3.0000e-04, 1.0000e-04],
       device='cuda:0')
epoch 26 Loss 0.5931060347292159
epoch 27 Loss 0.5856197012795342
shift: tensor([2.8000e+00, 5.7000e+00, 1.1400e+01, 2.2700e+01, 4.5500e+01, 9.1000e+01,
        1.8200e+02, 3.6400e+02, 7.2800e+02, 1.4560e+03, 2.9120e+03, 5.8239e+03],
       device='cuda:0')
weight: tensor([2.7500e-01, 1.3750e-01, 6.8800e-02, 3.4400e-02, 1.7200e-02, 8.6000e-03,
        4.3000e-03, 2.1000e-03, 1.1000e-03, 5.0000e-04, 3.0000e-04, 1.0000e-04],
       device='cuda:0')
epoch 28 Loss 0.6319398201174207
epoch 29 Loss 0.635538367761506
epoch 30 Loss 0.5623340085148811
##### Step: 29 Learning rate: 0.0025 #####
Epoch 30, Train Loss: 0.5623, Val Loss: 0.5659
train_e/atom_mae: 0.001272
2026-03-18 19:38:15.006 INFO: train_e/atom_mae: 0.001272
train_e/atom_rmse: 0.001583
2026-03-18 19:38:15.007 INFO: train_e/atom_rmse: 0.001583
train_f_mae: 0.019214
2026-03-18 19:38:15.009 INFO: train_f_mae: 0.019214
train_f_rmse: 0.025665
2026-03-18 19:38:15.009 INFO: train_f_rmse: 0.025665
val_e/atom_mae: 0.001861
2026-03-18 19:38:15.011 INFO: val_e/atom_mae: 0.001861
val_e/atom_rmse: 0.001957
2026-03-18 19:38:15.012 INFO: val_e/atom_rmse: 0.001957
val_f_mae: 0.016961
2026-03-18 19:38:15.012 INFO: val_f_mae: 0.016961
val_f_rmse: 0.022827
2026-03-18 19:38:15.012 INFO: val_f_rmse: 0.022827
shift: tensor([2.8000e+00, 5.7000e+00, 1.1400e+01, 2.2700e+01, 4.5500e+01, 9.1000e+01,
        1.8200e+02, 3.6400e+02, 7.2800e+02, 1.4560e+03, 2.9120e+03, 5.8239e+03],
       device='cuda:0')
weight: tensor([2.7500e-01, 1.3750e-01, 6.8800e-02, 3.4400e-02, 1.7200e-02, 8.6000e-03,
        4.3000e-03, 2.1000e-03, 1.1000e-03, 5.0000e-04, 3.0000e-04, 1.0000e-04],
       device='cuda:0')
epoch 31 Loss 0.5758475586771965
epoch 32 Loss 0.6438886564638879
epoch 33 Loss 0.6374936045871841
epoch 34 Loss 0.5431421589520242
epoch 35 Loss 0.5342146679759026
epoch 36 Loss 0.5204466357827187
epoch 37 Loss 0.50832406597005
epoch 38 Loss 0.5361545864078734
epoch 39 Loss 0.7547917150788837
epoch 40 Loss 0.766360729932785
##### Step: 39 Learning rate: 0.0025 #####
Epoch 40, Train Loss: 0.7664, Val Loss: 0.6795
train_e/atom_mae: 0.001120
2026-03-18 19:42:20.467 INFO: train_e/atom_mae: 0.001120
train_e/atom_rmse: 0.001429
2026-03-18 19:42:20.468 INFO: train_e/atom_rmse: 0.001429
train_f_mae: 0.018005
2026-03-18 19:42:20.470 INFO: train_f_mae: 0.018005
train_f_rmse: 0.024056
2026-03-18 19:42:20.470 INFO: train_f_rmse: 0.024056
val_e/atom_mae: 0.001477
2026-03-18 19:42:20.473 INFO: val_e/atom_mae: 0.001477
val_e/atom_rmse: 0.001533
2026-03-18 19:42:20.473 INFO: val_e/atom_rmse: 0.001533
val_f_mae: 0.018671
2026-03-18 19:42:20.473 INFO: val_f_mae: 0.018671
val_f_rmse: 0.024635
2026-03-18 19:42:20.473 INFO: val_f_rmse: 0.024635
Second train loop:
training
epoch 1 Loss 1.2943150947491329
epoch 2 Loss 1.7837950653500028
epoch 3 Loss 0.8137284566958746
epoch 4 Loss 0.9244602132174704
epoch 5 Loss 1.0190645489427779
epoch 6 Loss 1.588090841141012
epoch 7 Loss 0.8444223097629018
epoch 8 Loss 0.5289805250035392
epoch 9 Loss 0.5558376254306899
epoch 10 Loss 0.5923986708124479
##### Step: 49 Learning rate: 0.00125 #####
Epoch 10, Train Loss: 0.5924, Val Loss: 0.8176
train_e/atom_mae: 0.001215
2026-03-18 19:46:25.771 INFO: train_e/atom_mae: 0.001215
train_e/atom_rmse: 0.001557
2026-03-18 19:46:25.772 INFO: train_e/atom_rmse: 0.001557
train_f_mae: 0.018403
2026-03-18 19:46:25.774 INFO: train_f_mae: 0.018403
train_f_rmse: 0.024460
2026-03-18 19:46:25.774 INFO: train_f_rmse: 0.024460
val_e/atom_mae: 0.000216
2026-03-18 19:46:25.776 INFO: val_e/atom_mae: 0.000216
val_e/atom_rmse: 0.000247
2026-03-18 19:46:25.777 INFO: val_e/atom_rmse: 0.000247
val_f_mae: 0.022204
2026-03-18 19:46:25.777 INFO: val_f_mae: 0.022204
val_f_rmse: 0.028609
2026-03-18 19:46:25.777 INFO: val_f_rmse: 0.028609
Save best MAE e model: 0.0012152502313256264 0.00021618562459480017
Save best RMSE e model: 0.0015572586562484503 0.0002470849722158164
epoch 11 Loss 0.8876125233040916
epoch 12 Loss 1.0675870991415448
epoch 13 Loss 1.2543763253423903
epoch 14 Loss 1.2112131234672334
epoch 15 Loss 1.0286626021067302
epoch 16 Loss 1.2207239535119798
epoch 17 Loss 1.725913781258795
epoch 18 Loss 2.759986960225635
epoch 19 Loss 1.550404851635297
epoch 20 Loss 1.1295703972379367
##### Step: 59 Learning rate: 0.00125 #####
Epoch 20, Train Loss: 1.1296, Val Loss: 1.0345
train_e/atom_mae: 0.001555
2026-03-18 19:50:31.109 INFO: train_e/atom_mae: 0.001555
train_e/atom_rmse: 0.001935
2026-03-18 19:50:31.110 INFO: train_e/atom_rmse: 0.001935
train_f_mae: 0.020952
2026-03-18 19:50:31.112 INFO: train_f_mae: 0.020952
train_f_rmse: 0.027560
2026-03-18 19:50:31.112 INFO: train_f_rmse: 0.027560
val_e/atom_mae: 0.000844
2026-03-18 19:50:31.114 INFO: val_e/atom_mae: 0.000844
val_e/atom_rmse: 0.000977
2026-03-18 19:50:31.115 INFO: val_e/atom_rmse: 0.000977
val_f_mae: 0.024511
2026-03-18 19:50:31.115 INFO: val_f_mae: 0.024511
val_f_rmse: 0.031121
2026-03-18 19:50:31.115 INFO: val_f_rmse: 0.031121
epoch 21 Loss 0.6272209170791838
epoch 22 Loss 0.676161559091674
shift: tensor([2.8000e+00, 5.7000e+00, 1.1400e+01, 2.2700e+01, 4.5500e+01, 9.1000e+01,
        1.8200e+02, 3.6400e+02, 7.2800e+02, 1.4560e+03, 2.9120e+03, 5.8239e+03],
       device='cuda:0')
weight: tensor([2.7500e-01, 1.3750e-01, 6.8800e-02, 3.4400e-02, 1.7200e-02, 8.6000e-03,
        4.3000e-03, 2.1000e-03, 1.1000e-03, 5.0000e-04, 3.0000e-04, 1.0000e-04],
       device='cuda:0')
epoch 23 Loss 0.6436588027411037
epoch 24 Loss 0.5627528876066208
epoch 25 Loss 0.4723677734533946
epoch 26 Loss 0.7405511662364006
epoch 27 Loss 0.8120903000235558
epoch 28 Loss 0.7298793759610918
epoch 29 Loss 0.6758711578117477
epoch 30 Loss 0.636830153564612
##### Step: 69 Learning rate: 0.000625 #####
Epoch 30, Train Loss: 0.6368, Val Loss: 0.7302
train_e/atom_mae: 0.000853
2026-03-18 19:54:36.302 INFO: train_e/atom_mae: 0.000853
train_e/atom_rmse: 0.001048
2026-03-18 19:54:36.303 INFO: train_e/atom_rmse: 0.001048
train_f_mae: 0.016493
2026-03-18 19:54:36.305 INFO: train_f_mae: 0.016493
train_f_rmse: 0.022026
2026-03-18 19:54:36.305 INFO: train_f_rmse: 0.022026
val_e/atom_mae: 0.001092
2026-03-18 19:54:36.307 INFO: val_e/atom_mae: 0.001092
val_e/atom_rmse: 0.001105
2026-03-18 19:54:36.308 INFO: val_e/atom_rmse: 0.001105
val_f_mae: 0.015339
2026-03-18 19:54:36.308 INFO: val_f_mae: 0.015339
val_f_rmse: 0.020548
2026-03-18 19:54:36.308 INFO: val_f_rmse: 0.020548
epoch 31 Loss 0.5611587249570422
epoch 32 Loss 0.5262285098433495
shift: tensor([2.8000e+00, 5.7000e+00, 1.1400e+01, 2.2700e+01, 4.5500e+01, 9.1000e+01,
        1.8200e+02, 3.6400e+02, 7.2800e+02, 1.4560e+03, 2.9120e+03, 5.8239e+03],
       device='cuda:0')
weight: tensor([2.7500e-01, 1.3750e-01, 6.8800e-02, 3.4400e-02, 1.7200e-02, 8.6000e-03,
        4.3000e-03, 2.1000e-03, 1.1000e-03, 5.0000e-04, 3.0000e-04, 1.0000e-04],
       device='cuda:0')
epoch 33 Loss 0.508312328822083
epoch 34 Loss 0.4384586819344097
epoch 35 Loss 0.43321669267283547
epoch 36 Loss 0.4219726555877262
shift: tensor([2.8000e+00, 5.7000e+00, 1.1400e+01, 2.2700e+01, 4.5500e+01, 9.1000e+01,
        1.8200e+02, 3.6400e+02, 7.2800e+02, 1.4560e+03, 2.9120e+03, 5.8239e+03],
       device='cuda:0')
weight: tensor([2.7500e-01, 1.3750e-01, 6.8800e-02, 3.4400e-02, 1.7200e-02, 8.6000e-03,
        4.3000e-03, 2.1000e-03, 1.1000e-03, 5.0000e-04, 3.0000e-04, 1.0000e-04],
       device='cuda:0')
epoch 37 Loss 0.5706111879812347
epoch 38 Loss 0.5329625581701597
epoch 39 Loss 0.6336891320016649
epoch 40 Loss 0.6322488105959363
##### Step: 79 Learning rate: 0.000625 #####
Epoch 40, Train Loss: 0.6322, Val Loss: 0.8742
train_e/atom_mae: 0.000682
2026-03-18 19:58:41.948 INFO: train_e/atom_mae: 0.000682
train_e/atom_rmse: 0.000833
2026-03-18 19:58:41.948 INFO: train_e/atom_rmse: 0.000833
train_f_mae: 0.015278
2026-03-18 19:58:41.950 INFO: train_f_mae: 0.015278
train_f_rmse: 0.020489
2026-03-18 19:58:41.951 INFO: train_f_rmse: 0.020489
val_e/atom_mae: 0.001643
2026-03-18 19:58:41.953 INFO: val_e/atom_mae: 0.001643
val_e/atom_rmse: 0.001662
2026-03-18 19:58:41.953 INFO: val_e/atom_rmse: 0.001662
val_f_mae: 0.015241
2026-03-18 19:58:41.954 INFO: val_f_mae: 0.015241
val_f_rmse: 0.020444
2026-03-18 19:58:41.954 INFO: val_f_rmse: 0.020444
epoch 41 Loss 0.566812830666701
epoch 42 Loss 0.47615986400180393
epoch 43 Loss 0.43549276888370514
epoch 44 Loss 0.45333585970931584
epoch 45 Loss 0.4939594268798828
epoch 46 Loss 0.4568631938762135
epoch 47 Loss 0.409915116098192
epoch 48 Loss 0.3872720003128052
epoch 49 Loss 0.41203834033674663
epoch 50 Loss 0.4644988783531719
##### Step: 89 Learning rate: 0.0003125 #####
Epoch 50, Train Loss: 0.4645, Val Loss: 0.4614
train_e/atom_mae: 0.000481
2026-03-18 20:02:47.489 INFO: train_e/atom_mae: 0.000481
train_e/atom_rmse: 0.000609
2026-03-18 20:02:47.489 INFO: train_e/atom_rmse: 0.000609
train_f_mae: 0.015053
2026-03-18 20:02:47.491 INFO: train_f_mae: 0.015053
train_f_rmse: 0.020222
2026-03-18 20:02:47.492 INFO: train_f_rmse: 0.020222
val_e/atom_mae: 0.000355
2026-03-18 20:02:47.494 INFO: val_e/atom_mae: 0.000355
val_e/atom_rmse: 0.000410
2026-03-18 20:02:47.494 INFO: val_e/atom_rmse: 0.000410
val_f_mae: 0.015763
2026-03-18 20:02:47.494 INFO: val_f_mae: 0.015763
val_f_rmse: 0.020915
2026-03-18 20:02:47.495 INFO: val_f_rmse: 0.020915
epoch 51 Loss 0.5168886524107721
epoch 52 Loss 0.4479469449983703
epoch 53 Loss 0.4338766286770503
epoch 54 Loss 0.47131627549727756
epoch 55 Loss 0.41297001474433476
epoch 56 Loss 0.43997396528720856
shift: tensor([2.8000e+00, 5.7000e+00, 1.1400e+01, 2.2700e+01, 4.5500e+01, 9.1000e+01,
        1.8200e+02, 3.6400e+02, 7.2800e+02, 1.4560e+03, 2.9120e+03, 5.8239e+03],
       device='cuda:0')
weight: tensor([2.7500e-01, 1.3750e-01, 6.8800e-02, 3.4400e-02, 1.7200e-02, 8.6000e-03,
        4.3000e-03, 2.1000e-03, 1.1000e-03, 5.0000e-04, 3.0000e-04, 1.0000e-04],
       device='cuda:0')
epoch 57 Loss 0.3882451214724117
epoch 58 Loss 0.393894015914864
epoch 59 Loss 0.46842702643738854
epoch 60 Loss 0.4761561238103443
##### Step: 99 Learning rate: 0.0003125 #####
Epoch 60, Train Loss: 0.4762, Val Loss: 0.5350
train_e/atom_mae: 0.000485
2026-03-18 20:06:52.986 INFO: train_e/atom_mae: 0.000485
train_e/atom_rmse: 0.000590
2026-03-18 20:06:52.986 INFO: train_e/atom_rmse: 0.000590
train_f_mae: 0.014950
2026-03-18 20:06:52.989 INFO: train_f_mae: 0.014950
train_f_rmse: 0.020045
2026-03-18 20:06:52.989 INFO: train_f_rmse: 0.020045
val_e/atom_mae: 0.000826
2026-03-18 20:06:52.991 INFO: val_e/atom_mae: 0.000826
val_e/atom_rmse: 0.000861
2026-03-18 20:06:52.991 INFO: val_e/atom_rmse: 0.000861
val_f_mae: 0.015608
2026-03-18 20:06:52.992 INFO: val_f_mae: 0.015608
val_f_rmse: 0.021164
2026-03-18 20:06:52.992 INFO: val_f_rmse: 0.021164
epoch 61 Loss 0.44939811527729034
epoch 62 Loss 0.43349042617612416
shift: tensor([2.8000e+00, 5.7000e+00, 1.1400e+01, 2.2700e+01, 4.5500e+01, 9.1000e+01,
        1.8200e+02, 3.6400e+02, 7.2800e+02, 1.4560e+03, 2.9120e+03, 5.8239e+03],
       device='cuda:0')
weight: tensor([2.7500e-01, 1.3750e-01, 6.8800e-02, 3.4400e-02, 1.7200e-02, 8.6000e-03,
        4.3000e-03, 2.1000e-03, 1.1000e-03, 5.0000e-04, 3.0000e-04, 1.0000e-04],
       device='cuda:0')
epoch 63 Loss 0.4086480624973774
epoch 64 Loss 0.40431953387127983
epoch 65 Loss 0.3989035834868749
shift: tensor([2.8000e+00, 5.7000e+00, 1.1400e+01, 2.2700e+01, 4.5500e+01, 9.1000e+01,
        1.8200e+02, 3.6400e+02, 7.2800e+02, 1.4560e+03, 2.9120e+03, 5.8239e+03],
       device='cuda:0')
weight: tensor([2.7500e-01, 1.3750e-01, 6.8800e-02, 3.4400e-02, 1.7200e-02, 8.6000e-03,
        4.3000e-03, 2.1000e-03, 1.1000e-03, 5.0000e-04, 3.0000e-04, 1.0000e-04],
       device='cuda:0')
epoch 66 Loss 0.3710830791129006
epoch 67 Loss 0.38186295578877133
epoch 68 Loss 0.4317634113960796
epoch 69 Loss 0.5287259543935457
epoch 70 Loss 0.4380069822072983
##### Step: 109 Learning rate: 0.00015625 #####
Epoch 70, Train Loss: 0.4380, Val Loss: 0.5533
train_e/atom_mae: 0.000443
2026-03-18 20:10:58.553 INFO: train_e/atom_mae: 0.000443
train_e/atom_rmse: 0.000549
2026-03-18 20:10:58.554 INFO: train_e/atom_rmse: 0.000549
train_f_mae: 0.014557
2026-03-18 20:10:58.556 INFO: train_f_mae: 0.014557
train_f_rmse: 0.019580
2026-03-18 20:10:58.556 INFO: train_f_rmse: 0.019580
val_e/atom_mae: 0.000935
2026-03-18 20:10:58.559 INFO: val_e/atom_mae: 0.000935
val_e/atom_rmse: 0.000952
2026-03-18 20:10:58.559 INFO: val_e/atom_rmse: 0.000952
val_f_mae: 0.014672
2026-03-18 20:10:58.559 INFO: val_f_mae: 0.014672
val_f_rmse: 0.019652
2026-03-18 20:10:58.559 INFO: val_f_rmse: 0.019652
epoch 71 Loss 0.4342510402202606
epoch 72 Loss 0.38504064000315136
epoch 73 Loss 0.38591156817144817
epoch 74 Loss 0.37747262832191253
epoch 75 Loss 0.3894445879591836
epoch 76 Loss 0.3766534899671872
epoch 77 Loss 0.3606985766026709
epoch 78 Loss 0.4044794829355346
epoch 79 Loss 0.40230477932426667
epoch 80 Loss 0.3832992936174075
##### Step: 119 Learning rate: 0.00015625 #####
Epoch 80, Train Loss: 0.3833, Val Loss: 0.4146
train_e/atom_mae: 0.000343
2026-03-18 20:15:04.123 INFO: train_e/atom_mae: 0.000343
train_e/atom_rmse: 0.000426
2026-03-18 20:15:04.124 INFO: train_e/atom_rmse: 0.000426
train_f_mae: 0.014317
2026-03-18 20:15:04.126 INFO: train_f_mae: 0.014317
train_f_rmse: 0.019256
2026-03-18 20:15:04.126 INFO: train_f_rmse: 0.019256
val_e/atom_mae: 0.000505
2026-03-18 20:15:04.128 INFO: val_e/atom_mae: 0.000505
val_e/atom_rmse: 0.000536
2026-03-18 20:15:04.128 INFO: val_e/atom_rmse: 0.000536
val_f_mae: 0.014513
2026-03-18 20:15:04.129 INFO: val_f_mae: 0.014513
val_f_rmse: 0.019463
2026-03-18 20:15:04.129 INFO: val_f_rmse: 0.019463
epoch 81 Loss 0.37883778744273716
epoch 82 Loss 0.3747393803464042
epoch 83 Loss 0.379161505235566
epoch 84 Loss 0.36293771945767933
epoch 85 Loss 0.3577467418379254
epoch 86 Loss 0.35227247658703065
epoch 87 Loss 0.35645288187596536
epoch 88 Loss 0.3522355817258358
epoch 89 Loss 0.36081977436939877
epoch 90 Loss 0.3655902014838325
##### Step: 129 Learning rate: 7.8125e-05 #####
Epoch 90, Train Loss: 0.3656, Val Loss: 0.3670
train_e/atom_mae: 0.000261
2026-03-18 20:19:09.947 INFO: train_e/atom_mae: 0.000261
train_e/atom_rmse: 0.000326
2026-03-18 20:19:09.947 INFO: train_e/atom_rmse: 0.000326
train_f_mae: 0.014080
2026-03-18 20:19:09.949 INFO: train_f_mae: 0.014080
train_f_rmse: 0.018959
2026-03-18 20:19:09.950 INFO: train_f_rmse: 0.018959
val_e/atom_mae: 0.000210
2026-03-18 20:19:09.952 INFO: val_e/atom_mae: 0.000210
val_e/atom_rmse: 0.000250
2026-03-18 20:19:09.952 INFO: val_e/atom_rmse: 0.000250
val_f_mae: 0.014280
2026-03-18 20:19:09.953 INFO: val_f_mae: 0.014280
val_f_rmse: 0.019171
2026-03-18 20:19:09.953 INFO: val_f_rmse: 0.019171
Save best MAE e model: 0.0002608484064694494 0.00020987736934330314
epoch 91 Loss 0.3636785339978006
epoch 92 Loss 0.37314489732186
epoch 93 Loss 0.36881306933032143
epoch 94 Loss 0.36829480280478794
epoch 95 Loss 0.3562428491810958
epoch 96 Loss 0.36314722150564194
epoch 97 Loss 0.36513066622946
epoch 98 Loss 0.37255096601115334
epoch 99 Loss 0.3899907171726227
epoch 100 Loss 0.3694085081418355
##### Step: 139 Learning rate: 7.8125e-05 #####
Epoch 100, Train Loss: 0.3694, Val Loss: 0.3733
train_e/atom_mae: 0.000281
2026-03-18 20:23:14.846 INFO: train_e/atom_mae: 0.000281
train_e/atom_rmse: 0.000348
2026-03-18 20:23:14.846 INFO: train_e/atom_rmse: 0.000348
train_f_mae: 0.014136
2026-03-18 20:23:14.848 INFO: train_f_mae: 0.014136
train_f_rmse: 0.019016
2026-03-18 20:23:14.848 INFO: train_f_rmse: 0.019016
val_e/atom_mae: 0.000235
2026-03-18 20:23:14.851 INFO: val_e/atom_mae: 0.000235
val_e/atom_rmse: 0.000274
2026-03-18 20:23:14.851 INFO: val_e/atom_rmse: 0.000274
val_f_mae: 0.014313
2026-03-18 20:23:14.851 INFO: val_f_mae: 0.014313
val_f_rmse: 0.019199
2026-03-18 20:23:14.851 INFO: val_f_rmse: 0.019199
Third train loop:
epoch 1 Loss 0.4989582887954182
epoch 2 Loss 0.40866504195663667
epoch 3 Loss 0.46248142172892887
epoch 4 Loss 0.418086267179913
epoch 5 Loss 0.425282531314426
epoch 6 Loss 0.4008859900964631
epoch 7 Loss 0.4015991124841902
epoch 8 Loss 0.4122166468037499
epoch 9 Loss 0.3886665205160777
epoch 10 Loss 0.3885769902004136
##### Step: 149 Learning rate: 3.90625e-05 #####
Epoch 10, Train Loss: 0.3886, Val Loss: 0.3825
train_e/atom_mae: 0.000191
2026-03-18 20:27:20.504 INFO: train_e/atom_mae: 0.000191
train_e/atom_rmse: 0.000239
2026-03-18 20:27:20.504 INFO: train_e/atom_rmse: 0.000239
train_f_mae: 0.014063
2026-03-18 20:27:20.506 INFO: train_f_mae: 0.014063
train_f_rmse: 0.018904
2026-03-18 20:27:20.507 INFO: train_f_rmse: 0.018904
val_e/atom_mae: 0.000119
2026-03-18 20:27:20.509 INFO: val_e/atom_mae: 0.000119
val_e/atom_rmse: 0.000156
2026-03-18 20:27:20.509 INFO: val_e/atom_rmse: 0.000156
val_f_mae: 0.014414
2026-03-18 20:27:20.510 INFO: val_f_mae: 0.014414
val_f_rmse: 0.019306
2026-03-18 20:27:20.510 INFO: val_f_rmse: 0.019306
Save best MAE e model: 0.00019104544480796903 0.00011865340638905764
Save best RMSE e model: 0.00023905825219117105 0.00015578967577312142
epoch 11 Loss 0.4193275223175685
epoch 12 Loss 0.4420407712459564
epoch 13 Loss 0.41782701594962013
epoch 14 Loss 0.3939277446932263
epoch 15 Loss 0.4518028721213341
epoch 16 Loss 0.5018620300624106
epoch 17 Loss 0.5621183406975534
epoch 18 Loss 0.4789666599697537
epoch 19 Loss 0.44631365355518127
epoch 20 Loss 0.48282181554370457
##### Step: 159 Learning rate: 3.90625e-05 #####
Epoch 20, Train Loss: 0.4828, Val Loss: 0.4811
train_e/atom_mae: 0.000227
2026-03-18 20:31:26.412 INFO: train_e/atom_mae: 0.000227
train_e/atom_rmse: 0.000284
2026-03-18 20:31:26.412 INFO: train_e/atom_rmse: 0.000284
train_f_mae: 0.014025
2026-03-18 20:31:26.414 INFO: train_f_mae: 0.014025
train_f_rmse: 0.018857
2026-03-18 20:31:26.414 INFO: train_f_rmse: 0.018857
val_e/atom_mae: 0.000183
2026-03-18 20:31:26.417 INFO: val_e/atom_mae: 0.000183
val_e/atom_rmse: 0.000217
2026-03-18 20:31:26.417 INFO: val_e/atom_rmse: 0.000217
val_f_mae: 0.014287
2026-03-18 20:31:26.417 INFO: val_f_mae: 0.014287
val_f_rmse: 0.019185
2026-03-18 20:31:26.418 INFO: val_f_rmse: 0.019185
epoch 21 Loss 0.4451772024234136
epoch 22 Loss 0.40573596043719184
epoch 23 Loss 0.44234248002370197
epoch 24 Loss 0.4063735397325622
epoch 25 Loss 0.42957201186153626
epoch 26 Loss 0.43777673360374236
epoch 27 Loss 0.46043167014916736
epoch 28 Loss 0.4998672016792827
epoch 29 Loss 0.4607377764251497
epoch 30 Loss 0.45207320070928997
##### Step: 169 Learning rate: 1.953125e-05 #####
Epoch 30, Train Loss: 0.4521, Val Loss: 0.3696
train_e/atom_mae: 0.000210
2026-03-18 20:35:31.793 INFO: train_e/atom_mae: 0.000210
train_e/atom_rmse: 0.000261
2026-03-18 20:35:31.794 INFO: train_e/atom_rmse: 0.000261
train_f_mae: 0.014000
2026-03-18 20:35:31.796 INFO: train_f_mae: 0.014000
train_f_rmse: 0.018825
2026-03-18 20:35:31.796 INFO: train_f_rmse: 0.018825
val_e/atom_mae: 0.000114
2026-03-18 20:35:31.798 INFO: val_e/atom_mae: 0.000114
val_e/atom_rmse: 0.000152
2026-03-18 20:35:31.799 INFO: val_e/atom_rmse: 0.000152
val_f_mae: 0.014219
2026-03-18 20:35:31.799 INFO: val_f_mae: 0.014219
val_f_rmse: 0.019091
2026-03-18 20:35:31.799 INFO: val_f_rmse: 0.019091
epoch 31 Loss 0.40684375084108776
epoch 32 Loss 0.3797582901186413
epoch 33 Loss 0.40090950578451157
epoch 34 Loss 0.39312171439329785
epoch 35 Loss 0.41859939528836143
epoch 36 Loss 0.42154504027631545
epoch 37 Loss 0.4205215407742394
epoch 38 Loss 0.41507887757486767
epoch 39 Loss 0.38977882597181535
epoch 40 Loss 0.397927801642153
##### Step: 179 Learning rate: 1.953125e-05 #####
Epoch 40, Train Loss: 0.3979, Val Loss: 0.3761
train_e/atom_mae: 0.000172
2026-03-18 20:39:36.865 INFO: train_e/atom_mae: 0.000172
train_e/atom_rmse: 0.000217
2026-03-18 20:39:36.865 INFO: train_e/atom_rmse: 0.000217
train_f_mae: 0.013951
2026-03-18 20:39:36.867 INFO: train_f_mae: 0.013951
train_f_rmse: 0.018772
2026-03-18 20:39:36.868 INFO: train_f_rmse: 0.018772
val_e/atom_mae: 0.000118
2026-03-18 20:39:36.870 INFO: val_e/atom_mae: 0.000118
val_e/atom_rmse: 0.000144
2026-03-18 20:39:36.870 INFO: val_e/atom_rmse: 0.000144
val_f_mae: 0.014235
2026-03-18 20:39:36.870 INFO: val_f_mae: 0.014235
val_f_rmse: 0.019121
2026-03-18 20:39:36.871 INFO: val_f_rmse: 0.019121
Save best MAE e model: 0.0001716580882202834 0.00011801554501289502
Save best RMSE e model: 0.0002167887578252703 0.00014351708523463458
epoch 41 Loss 0.37888169288635254
epoch 42 Loss 0.3712829690840509
epoch 43 Loss 0.37498382437560296
epoch 44 Loss 0.37345100856489605
epoch 45 Loss 0.37806982712613213
epoch 46 Loss 0.4006999631722768
epoch 47 Loss 0.40942030648390454
epoch 48 Loss 0.3888267974058787
epoch 49 Loss 0.43180833756923676
epoch 50 Loss 0.40186354766289395
##### Step: 189 Learning rate: 9.765625e-06 #####
Epoch 50, Train Loss: 0.4019, Val Loss: 0.3757
train_e/atom_mae: 0.000163
2026-03-18 20:43:42.026 INFO: train_e/atom_mae: 0.000163
train_e/atom_rmse: 0.000206
2026-03-18 20:43:42.027 INFO: train_e/atom_rmse: 0.000206
train_f_mae: 0.013965
2026-03-18 20:43:42.029 INFO: train_f_mae: 0.013965
train_f_rmse: 0.018785
2026-03-18 20:43:42.029 INFO: train_f_rmse: 0.018785
val_e/atom_mae: 0.000127
2026-03-18 20:43:42.031 INFO: val_e/atom_mae: 0.000127
val_e/atom_rmse: 0.000168
2026-03-18 20:43:42.032 INFO: val_e/atom_rmse: 0.000168
val_f_mae: 0.014218
2026-03-18 20:43:42.032 INFO: val_f_mae: 0.014218
val_f_rmse: 0.019077
2026-03-18 20:43:42.032 INFO: val_f_rmse: 0.019077
shift: tensor([2.8000e+00, 5.7000e+00, 1.1400e+01, 2.2700e+01, 4.5500e+01, 9.1000e+01,
        1.8200e+02, 3.6400e+02, 7.2800e+02, 1.4560e+03, 2.9120e+03, 5.8239e+03],
       device='cuda:0')
weight: tensor([2.7500e-01, 1.3750e-01, 6.8800e-02, 3.4400e-02, 1.7200e-02, 8.6000e-03,
        4.3000e-03, 2.1000e-03, 1.1000e-03, 5.0000e-04, 3.0000e-04, 1.0000e-04],
       device='cuda:0')
epoch 51 Loss 0.38736514126261073
epoch 52 Loss 0.41993215017848545
epoch 53 Loss 0.38853121134969926
epoch 54 Loss 0.39611893395582837
epoch 55 Loss 0.37931600626971984
epoch 56 Loss 0.3812786464889844
epoch 57 Loss 0.38735440870126087
epoch 58 Loss 0.3682870144645373
epoch 59 Loss 0.41703570302989745
epoch 60 Loss 0.4008248862293031
##### Step: 199 Learning rate: 9.765625e-06 #####
Epoch 60, Train Loss: 0.4008, Val Loss: 0.4132
train_e/atom_mae: 0.000162
2026-03-18 20:47:47.419 INFO: train_e/atom_mae: 0.000162
train_e/atom_rmse: 0.000205
2026-03-18 20:47:47.419 INFO: train_e/atom_rmse: 0.000205
train_f_mae: 0.013950
2026-03-18 20:47:47.421 INFO: train_f_mae: 0.013950
train_f_rmse: 0.018770
2026-03-18 20:47:47.422 INFO: train_f_rmse: 0.018770
val_e/atom_mae: 0.000156
2026-03-18 20:47:47.424 INFO: val_e/atom_mae: 0.000156
val_e/atom_rmse: 0.000188
2026-03-18 20:47:47.424 INFO: val_e/atom_rmse: 0.000188
val_f_mae: 0.014207
2026-03-18 20:47:47.424 INFO: val_f_mae: 0.014207
val_f_rmse: 0.019065
2026-03-18 20:47:47.425 INFO: val_f_rmse: 0.019065
epoch 61 Loss 0.39743828359577393
epoch 62 Loss 0.3788944317234887
epoch 63 Loss 0.3762473464012146
epoch 64 Loss 0.37289047986268997
epoch 65 Loss 0.37341460006104576
epoch 66 Loss 0.37737618055608535
epoch 67 Loss 0.3736184421512816
epoch 68 Loss 0.37612470736106235
epoch 69 Loss 0.3827720193399323
epoch 70 Loss 0.3809507282243835
##### Step: 209 Learning rate: 4.8828125e-06 #####
Epoch 70, Train Loss: 0.3810, Val Loss: 0.3769
train_e/atom_mae: 0.000143
2026-03-18 20:51:52.713 INFO: train_e/atom_mae: 0.000143
train_e/atom_rmse: 0.000183
2026-03-18 20:51:52.714 INFO: train_e/atom_rmse: 0.000183
train_f_mae: 0.013943
2026-03-18 20:51:52.716 INFO: train_f_mae: 0.013943
train_f_rmse: 0.018758
2026-03-18 20:51:52.716 INFO: train_f_rmse: 0.018758
val_e/atom_mae: 0.000117
2026-03-18 20:51:52.718 INFO: val_e/atom_mae: 0.000117
val_e/atom_rmse: 0.000142
2026-03-18 20:51:52.719 INFO: val_e/atom_rmse: 0.000142
val_f_mae: 0.014214
2026-03-18 20:51:52.719 INFO: val_f_mae: 0.014214
val_f_rmse: 0.019092
2026-03-18 20:51:52.719 INFO: val_f_rmse: 0.019092
Save best MAE e model: 0.00014274481509346515 0.00011654828995233402
Save best RMSE e model: 0.00018306172569282353 0.00014184328028932214
epoch 71 Loss 0.39176881396108204
epoch 72 Loss 0.3763701526655091
epoch 73 Loss 0.39654333682523835
epoch 74 Loss 0.39553140269385445
epoch 75 Loss 0.39632369370924103
epoch 76 Loss 0.3980273198750284
epoch 77 Loss 0.39106786582205033
epoch 78 Loss 0.3779585262139638
epoch 79 Loss 0.37635621759626603
epoch 80 Loss 0.375417890234126
##### Step: 219 Learning rate: 4.8828125e-06 #####
Epoch 80, Train Loss: 0.3754, Val Loss: 0.3688
train_e/atom_mae: 0.000154
2026-03-18 20:55:57.938 INFO: train_e/atom_mae: 0.000154
train_e/atom_rmse: 0.000193
2026-03-18 20:55:57.938 INFO: train_e/atom_rmse: 0.000193
train_f_mae: 0.013933
2026-03-18 20:55:57.940 INFO: train_f_mae: 0.013933
train_f_rmse: 0.018750
2026-03-18 20:55:57.941 INFO: train_f_rmse: 0.018750
val_e/atom_mae: 0.000108
2026-03-18 20:55:57.943 INFO: val_e/atom_mae: 0.000108
val_e/atom_rmse: 0.000139
2026-03-18 20:55:57.943 INFO: val_e/atom_rmse: 0.000139
val_f_mae: 0.014202
2026-03-18 20:55:57.943 INFO: val_f_mae: 0.014202
val_f_rmse: 0.019071
2026-03-18 20:55:57.944 INFO: val_f_rmse: 0.019071
epoch 81 Loss 0.37137194060617024
epoch 82 Loss 0.36944257385200924
epoch 83 Loss 0.37237076212962467
epoch 84 Loss 0.3754952773451805
epoch 85 Loss 0.3666358010636436
epoch 86 Loss 0.3755426092280282
epoch 87 Loss 0.37157852864927715
epoch 88 Loss 0.3718094817466206
epoch 89 Loss 0.3699464185370339
epoch 90 Loss 0.3709644344117906
##### Step: 229 Learning rate: 2.44140625e-06 #####
Epoch 90, Train Loss: 0.3710, Val Loss: 0.3718
train_e/atom_mae: 0.000137
2026-03-18 21:00:03.110 INFO: train_e/atom_mae: 0.000137
train_e/atom_rmse: 0.000178
2026-03-18 21:00:03.111 INFO: train_e/atom_rmse: 0.000178
train_f_mae: 0.013938
2026-03-18 21:00:03.113 INFO: train_f_mae: 0.013938
train_f_rmse: 0.018752
2026-03-18 21:00:03.113 INFO: train_f_rmse: 0.018752
val_e/atom_mae: 0.000114
2026-03-18 21:00:03.116 INFO: val_e/atom_mae: 0.000114
val_e/atom_rmse: 0.000147
2026-03-18 21:00:03.116 INFO: val_e/atom_rmse: 0.000147
val_f_mae: 0.014201
2026-03-18 21:00:03.116 INFO: val_f_mae: 0.014201
val_f_rmse: 0.019066
2026-03-18 21:00:03.116 INFO: val_f_rmse: 0.019066
Save best MAE e model: 0.00013685986050404608 0.00011380781506886706
epoch 91 Loss 0.37250305753615165
epoch 92 Loss 0.3746870391898685
epoch 93 Loss 0.3685034794939889
epoch 94 Loss 0.37864411084188354
epoch 95 Loss 0.3710551965567801
epoch 96 Loss 0.373800171746148
epoch 97 Loss 0.36736558708879685
epoch 98 Loss 0.37065701393617523
epoch 99 Loss 0.36887141399913365
epoch 100 Loss 0.37363162885109585
##### Step: 239 Learning rate: 2.44140625e-06 #####
Epoch 100, Train Loss: 0.3736, Val Loss: 0.3722
train_e/atom_mae: 0.000138
2026-03-18 21:04:08.439 INFO: train_e/atom_mae: 0.000138
train_e/atom_rmse: 0.000181
2026-03-18 21:04:08.440 INFO: train_e/atom_rmse: 0.000181
train_f_mae: 0.013936
2026-03-18 21:04:08.442 INFO: train_f_mae: 0.013936
train_f_rmse: 0.018750
2026-03-18 21:04:08.442 INFO: train_f_rmse: 0.018750
val_e/atom_mae: 0.000110
2026-03-18 21:04:08.444 INFO: val_e/atom_mae: 0.000110
val_e/atom_rmse: 0.000140
2026-03-18 21:04:08.445 INFO: val_e/atom_rmse: 0.000140
val_f_mae: 0.014207
2026-03-18 21:04:08.445 INFO: val_f_mae: 0.014207
val_f_rmse: 0.019078
2026-03-18 21:04:08.445 INFO: val_f_rmse: 0.019078
Save best RMSE e model: 0.00018082033784594387 0.00013957577175460756
Fourth train loop:
epoch 1 Loss 3.3838142073816724
epoch 2 Loss 3.417715017994245
epoch 3 Loss 3.8867250366343393
epoch 4 Loss 3.3810430003537073
epoch 5 Loss 3.3860360516442194
epoch 6 Loss 3.3304635336001716
epoch 7 Loss 3.314262721273634
epoch 8 Loss 3.5008154577679105
epoch 9 Loss 3.2191839002900653
epoch 10 Loss 3.0385131074322596
##### Step: 249 Learning rate: 1.220703125e-06 #####
Epoch 10, Train Loss: 3.0385, Val Loss: 1.9866
train_e/atom_mae: 0.000134
2026-03-18 21:08:13.589 INFO: train_e/atom_mae: 0.000134
train_e/atom_rmse: 0.000173
2026-03-18 21:08:13.590 INFO: train_e/atom_rmse: 0.000173
train_f_mae: 0.013943
2026-03-18 21:08:13.592 INFO: train_f_mae: 0.013943
train_f_rmse: 0.018757
2026-03-18 21:08:13.592 INFO: train_f_rmse: 0.018757
val_e/atom_mae: 0.000109
2026-03-18 21:08:13.595 INFO: val_e/atom_mae: 0.000109
val_e/atom_rmse: 0.000138
2026-03-18 21:08:13.595 INFO: val_e/atom_rmse: 0.000138
val_f_mae: 0.014234
2026-03-18 21:08:13.595 INFO: val_f_mae: 0.014234
val_f_rmse: 0.019100
2026-03-18 21:08:13.595 INFO: val_f_rmse: 0.019100
Save best MAE e model: 0.00013422702613752335 0.00010901017958531156
Save best RMSE e model: 0.00017333046707790345 0.00013801096065435559
epoch 11 Loss 3.1018130348788366
epoch 12 Loss 3.0204754057857723
epoch 13 Loss 3.038668673899439
epoch 14 Loss 3.0207811097304025
epoch 15 Loss 2.8859917554590435
epoch 16 Loss 2.91962597767512
epoch 17 Loss 3.1083740476104946
epoch 18 Loss 2.938027653429243
epoch 19 Loss 3.166662079592546
epoch 20 Loss 2.937368015448252
##### Step: 259 Learning rate: 1.220703125e-06 #####
Epoch 20, Train Loss: 2.9374, Val Loss: 2.0820
train_e/atom_mae: 0.000132
2026-03-18 21:12:19.047 INFO: train_e/atom_mae: 0.000132
train_e/atom_rmse: 0.000173
2026-03-18 21:12:19.050 INFO: train_e/atom_rmse: 0.000173
train_f_mae: 0.013974
2026-03-18 21:12:19.052 INFO: train_f_mae: 0.013974
train_f_rmse: 0.018788
2026-03-18 21:12:19.052 INFO: train_f_rmse: 0.018788
val_e/atom_mae: 0.000111
2026-03-18 21:12:19.055 INFO: val_e/atom_mae: 0.000111
val_e/atom_rmse: 0.000142
2026-03-18 21:12:19.055 INFO: val_e/atom_rmse: 0.000142
val_f_mae: 0.014245
2026-03-18 21:12:19.055 INFO: val_f_mae: 0.014245
val_f_rmse: 0.019107
2026-03-18 21:12:19.055 INFO: val_f_rmse: 0.019107
epoch 21 Loss 3.1467872262001038
epoch 22 Loss 3.1276728444629245
epoch 23 Loss 3.329771255453428
epoch 24 Loss 2.882585295372539
epoch 25 Loss 3.3358833806382284
epoch 26 Loss 3.0823298907942243
epoch 27 Loss 3.0776189648442798
epoch 28 Loss 3.1453450785742865
epoch 29 Loss 2.8112153063217797
epoch 30 Loss 2.987176943156454
##### Step: 269 Learning rate: 6.103515625e-07 #####
Epoch 30, Train Loss: 2.9872, Val Loss: 1.9314
train_e/atom_mae: 0.000132
2026-03-18 21:16:24.981 INFO: train_e/atom_mae: 0.000132
train_e/atom_rmse: 0.000174
2026-03-18 21:16:24.982 INFO: train_e/atom_rmse: 0.000174
train_f_mae: 0.013994
2026-03-18 21:16:24.984 INFO: train_f_mae: 0.013994
train_f_rmse: 0.018809
2026-03-18 21:16:24.984 INFO: train_f_rmse: 0.018809
val_e/atom_mae: 0.000109
2026-03-18 21:16:24.986 INFO: val_e/atom_mae: 0.000109
val_e/atom_rmse: 0.000140
2026-03-18 21:16:24.986 INFO: val_e/atom_rmse: 0.000140
val_f_mae: 0.014264
2026-03-18 21:16:24.987 INFO: val_f_mae: 0.014264
val_f_rmse: 0.019126
2026-03-18 21:16:24.987 INFO: val_f_rmse: 0.019126
epoch 31 Loss 2.914712988668018
epoch 32 Loss 2.967238331834475
epoch 33 Loss 2.887939620349142
epoch 34 Loss 3.006436173286703
epoch 35 Loss 2.875872024231487
epoch 36 Loss 2.8890057040585413
epoch 37 Loss 2.9161592390802173
epoch 38 Loss 2.898173216316435
epoch 39 Loss 2.8859177405635514
epoch 40 Loss 2.9012436726027064
##### Step: 279 Learning rate: 6.103515625e-07 #####
Epoch 40, Train Loss: 2.9012, Val Loss: 1.8234
train_e/atom_mae: 0.000128
2026-03-18 21:20:30.016 INFO: train_e/atom_mae: 0.000128
train_e/atom_rmse: 0.000169
2026-03-18 21:20:30.016 INFO: train_e/atom_rmse: 0.000169
train_f_mae: 0.014019
2026-03-18 21:20:30.018 INFO: train_f_mae: 0.014019
train_f_rmse: 0.018836
2026-03-18 21:20:30.018 INFO: train_f_rmse: 0.018836
val_e/atom_mae: 0.000109
2026-03-18 21:20:30.021 INFO: val_e/atom_mae: 0.000109
val_e/atom_rmse: 0.000140
2026-03-18 21:20:30.021 INFO: val_e/atom_rmse: 0.000140
val_f_mae: 0.014298
2026-03-18 21:20:30.021 INFO: val_f_mae: 0.014298
val_f_rmse: 0.019162
2026-03-18 21:20:30.022 INFO: val_f_rmse: 0.019162
Save best MAE e model: 0.0001283408928429708 0.00010850876424228773
epoch 41 Loss 2.8998177730374866
epoch 42 Loss 2.951829446686639
epoch 43 Loss 2.8994707895649805
epoch 44 Loss 2.929384524623553
epoch 45 Loss 2.9356941887074046
epoch 46 Loss 2.909890502691269
epoch 47 Loss 2.9258935716417103
epoch 48 Loss 2.9521952643990517
epoch 49 Loss 2.936358673704995
epoch 50 Loss 2.9305726753340826
##### Step: 289 Learning rate: 3.0517578125e-07 #####
Epoch 50, Train Loss: 2.9306, Val Loss: 1.9048
train_e/atom_mae: 0.000128
2026-03-18 21:24:35.480 INFO: train_e/atom_mae: 0.000128
train_e/atom_rmse: 0.000168
2026-03-18 21:24:35.480 INFO: train_e/atom_rmse: 0.000168
train_f_mae: 0.014049
2026-03-18 21:24:35.482 INFO: train_f_mae: 0.014049
train_f_rmse: 0.018870
2026-03-18 21:24:35.482 INFO: train_f_rmse: 0.018870
val_e/atom_mae: 0.000111
2026-03-18 21:24:35.485 INFO: val_e/atom_mae: 0.000111
val_e/atom_rmse: 0.000145
2026-03-18 21:24:35.485 INFO: val_e/atom_rmse: 0.000145
val_f_mae: 0.014317
2026-03-18 21:24:35.485 INFO: val_f_mae: 0.014317
val_f_rmse: 0.019183
2026-03-18 21:24:35.485 INFO: val_f_rmse: 0.019183
epoch 51 Loss 2.94115050137043
epoch 52 Loss 2.8679263210958905
epoch 53 Loss 2.86258866224024
epoch 54 Loss 2.978123343653149
epoch 55 Loss 2.9395019395483866
epoch 56 Loss 2.83923756910695
epoch 57 Loss 2.8401593731509314
epoch 58 Loss 2.9337295244137445
epoch 59 Loss 2.8760701624883547
epoch 60 Loss 2.843956083059311
##### Step: 299 Learning rate: 3.0517578125e-07 #####
Epoch 60, Train Loss: 2.8440, Val Loss: 1.8320
train_e/atom_mae: 0.000127
2026-03-18 21:28:40.854 INFO: train_e/atom_mae: 0.000127
train_e/atom_rmse: 0.000167
2026-03-18 21:28:40.855 INFO: train_e/atom_rmse: 0.000167
train_f_mae: 0.014066
2026-03-18 21:28:40.857 INFO: train_f_mae: 0.014066
train_f_rmse: 0.018889
2026-03-18 21:28:40.857 INFO: train_f_rmse: 0.018889
val_e/atom_mae: 0.000107
2026-03-18 21:28:40.861 INFO: val_e/atom_mae: 0.000107
val_e/atom_rmse: 0.000140
2026-03-18 21:28:40.861 INFO: val_e/atom_rmse: 0.000140
val_f_mae: 0.014336
2026-03-18 21:28:40.861 INFO: val_f_mae: 0.014336
val_f_rmse: 0.019205
2026-03-18 21:28:40.861 INFO: val_f_rmse: 0.019205
Save best MAE e model: 0.00012745887215714902 0.00010744569590315223
epoch 61 Loss 2.915048281351725
epoch 62 Loss 2.940919908384482
epoch 63 Loss 2.914530043800672
epoch 64 Loss 2.876118196381463
epoch 65 Loss 2.845351439383295
epoch 66 Loss 2.8454585704538555
epoch 67 Loss 2.851725551817152
epoch 68 Loss 2.8507695926560297
epoch 69 Loss 2.8439854044053288
epoch 70 Loss 2.835622779197163
##### Step: 309 Learning rate: 1.52587890625e-07 #####
Epoch 70, Train Loss: 2.8356, Val Loss: 1.8006
train_e/atom_mae: 0.000127
2026-03-18 21:32:46.088 INFO: train_e/atom_mae: 0.000127
train_e/atom_rmse: 0.000167
2026-03-18 21:32:46.088 INFO: train_e/atom_rmse: 0.000167
train_f_mae: 0.014081
2026-03-18 21:32:46.090 INFO: train_f_mae: 0.014081
train_f_rmse: 0.018906
2026-03-18 21:32:46.091 INFO: train_f_rmse: 0.018906
val_e/atom_mae: 0.000108
2026-03-18 21:32:46.093 INFO: val_e/atom_mae: 0.000108
val_e/atom_rmse: 0.000141
2026-03-18 21:32:46.093 INFO: val_e/atom_rmse: 0.000141
val_f_mae: 0.014346
2026-03-18 21:32:46.094 INFO: val_f_mae: 0.014346
val_f_rmse: 0.019215
2026-03-18 21:32:46.094 INFO: val_f_rmse: 0.019215
epoch 71 Loss 2.8434865375359855
epoch 72 Loss 2.845008866654502
epoch 73 Loss 2.842711142367787
epoch 74 Loss 2.8392869995699987
epoch 75 Loss 2.847262445423338
epoch 76 Loss 2.857111025187704
epoch 77 Loss 2.8610385209321976
epoch 78 Loss 2.850389189190335
epoch 79 Loss 2.8504228625032635
epoch 80 Loss 2.850419395499759
##### Step: 319 Learning rate: 1.52587890625e-07 #####
Epoch 80, Train Loss: 2.8504, Val Loss: 1.8103
train_e/atom_mae: 0.000127
2026-03-18 21:36:51.469 INFO: train_e/atom_mae: 0.000127
train_e/atom_rmse: 0.000167
2026-03-18 21:36:51.470 INFO: train_e/atom_rmse: 0.000167
train_f_mae: 0.014090
2026-03-18 21:36:51.472 INFO: train_f_mae: 0.014090
train_f_rmse: 0.018916
2026-03-18 21:36:51.472 INFO: train_f_rmse: 0.018916
val_e/atom_mae: 0.000108
2026-03-18 21:36:51.474 INFO: val_e/atom_mae: 0.000108
val_e/atom_rmse: 0.000141
2026-03-18 21:36:51.474 INFO: val_e/atom_rmse: 0.000141
val_f_mae: 0.014353
2026-03-18 21:36:51.475 INFO: val_f_mae: 0.014353
val_f_rmse: 0.019223
2026-03-18 21:36:51.475 INFO: val_f_rmse: 0.019223
epoch 81 Loss 2.8462442863318653
epoch 82 Loss 2.841758499542872
epoch 83 Loss 2.8436204426818423
epoch 84 Loss 2.8447241104311414
epoch 85 Loss 2.838374459081226
epoch 86 Loss 2.840708115034633
epoch 87 Loss 2.842108031941785
epoch 88 Loss 2.845090156628026
epoch 89 Loss 2.846555479698711
epoch 90 Loss 2.8474093543158636
##### Step: 329 Learning rate: 7.62939453125e-08 #####
Epoch 90, Train Loss: 2.8474, Val Loss: 1.8174
train_e/atom_mae: 0.000126
2026-03-18 21:40:56.399 INFO: train_e/atom_mae: 0.000126
train_e/atom_rmse: 0.000166
2026-03-18 21:40:56.400 INFO: train_e/atom_rmse: 0.000166
train_f_mae: 0.014094
2026-03-18 21:40:56.402 INFO: train_f_mae: 0.014094
train_f_rmse: 0.018921
2026-03-18 21:40:56.402 INFO: train_f_rmse: 0.018921
val_e/atom_mae: 0.000109
2026-03-18 21:40:56.404 INFO: val_e/atom_mae: 0.000109
val_e/atom_rmse: 0.000142
2026-03-18 21:40:56.405 INFO: val_e/atom_rmse: 0.000142
val_f_mae: 0.014356
2026-03-18 21:40:56.405 INFO: val_f_mae: 0.014356
val_f_rmse: 0.019226
2026-03-18 21:40:56.405 INFO: val_f_rmse: 0.019226
epoch 91 Loss 2.8456962489419513
epoch 92 Loss 2.8414377603265972
epoch 93 Loss 2.842446121904585
epoch 94 Loss 2.845901519060135
epoch 95 Loss 2.852389564116796
epoch 96 Loss 2.8506555027431912
epoch 97 Loss 2.86290519270632
epoch 98 Loss 2.858178838259644
epoch 99 Loss 2.8588520023557873
epoch 100 Loss 2.8471170928743152
##### Step: 339 Learning rate: 7.62939453125e-08 #####
Epoch 100, Train Loss: 2.8471, Val Loss: 1.8191
train_e/atom_mae: 0.000126
2026-03-18 21:45:07.091 INFO: train_e/atom_mae: 0.000126
train_e/atom_rmse: 0.000166
2026-03-18 21:45:07.108 INFO: train_e/atom_rmse: 0.000166
train_f_mae: 0.014095
2026-03-18 21:45:07.110 INFO: train_f_mae: 0.014095
train_f_rmse: 0.018921
2026-03-18 21:45:07.110 INFO: train_f_rmse: 0.018921
val_e/atom_mae: 0.000108
2026-03-18 21:45:07.113 INFO: val_e/atom_mae: 0.000108
val_e/atom_rmse: 0.000141
2026-03-18 21:45:07.113 INFO: val_e/atom_rmse: 0.000141
val_f_mae: 0.014357
2026-03-18 21:45:07.113 INFO: val_f_mae: 0.014357
val_f_rmse: 0.019227
2026-03-18 21:45:07.114 INFO: val_f_rmse: 0.019227
Finished
Number of trainable parameters: 212972
