dihedral_deg,actual_rel_e,pred_total_rel_e,pred_short_rel_e,pred_long_rel_e,pred_total_abs_e,pred_short_abs_e,pred_long_abs_e
83.42481930851925,0.0,2.1457672119140625e-06,2.1457672119140625e-06,0.0,-2.0984063148498535,-2.0984063148498535,0.0
83.51375778436027,0.0,2.384185791015625e-06,2.384185791015625e-06,0.0,-2.0984060764312744,-2.0984060764312744,0.0
83.60271179666562,7.62939453125e-06,2.384185791015625e-06,2.384185791015625e-06,0.0,-2.0984060764312744,-2.0984060764312744,0.0
83.69168218714043,7.62939453125e-06,2.86102294921875e-06,2.86102294921875e-06,0.0,-2.098405599594116,-2.098405599594116,0.0
83.7806685757748,1.52587890625e-05,2.1457672119140625e-06,2.1457672119140625e-06,0.0,-2.0984063148498535,-2.0984063148498535,0.0
83.86967062145865,2.288818359375e-05,9.5367431640625e-07,9.5367431640625e-07,0.0,-2.098407506942749,-2.098407506942749,0.0
83.95868846283588,3.0517578125e-05,2.86102294921875e-06,2.86102294921875e-06,0.0,-2.098405599594116,-2.098405599594116,0.0
84.04772298530942,3.814697265625e-05,2.1457672119140625e-06,2.1457672119140625e-06,0.0,-2.0984063148498535,-2.0984063148498535,0.0
84.13677319517468,4.57763671875e-05,2.384185791015625e-06,2.384185791015625e-06,0.0,-2.0984060764312744,-2.0984060764312744,0.0
84.22583938789188,6.103515625e-05,2.6226043701171875e-06,2.6226043701171875e-06,0.0,-2.0984058380126953,-2.0984058380126953,0.0
84.31492104168031,7.62939453125e-05,2.6226043701171875e-06,2.6226043701171875e-06,0.0,-2.0984058380126953,-2.0984058380126953,0.0
84.40401976759186,9.1552734375e-05,2.86102294921875e-06,2.86102294921875e-06,0.0,-2.098405599594116,-2.098405599594116,0.0
84.49313378713768,0.0001068115234375,2.1457672119140625e-06,2.1457672119140625e-06,0.0,-2.0984063148498535,-2.0984063148498535,0.0
84.58226411541654,0.00012969970703125,2.384185791015625e-06,2.384185791015625e-06,0.0,-2.0984060764312744,-2.0984060764312744,0.0
84.67141018739875,0.00014495849609375,2.1457672119140625e-06,2.1457672119140625e-06,0.0,-2.0984063148498535,-2.0984063148498535,0.0
84.7605730401581,0.0001678466796875,2.384185791015625e-06,2.384185791015625e-06,0.0,-2.0984060764312744,-2.0984060764312744,0.0
84.84975158664358,0.00019073486328125,2.6226043701171875e-06,2.6226043701171875e-06,0.0,-2.0984058380126953,-2.0984058380126953,0.0
84.93894591481094,0.00022125244140625,2.6226043701171875e-06,2.6226043701171875e-06,0.0,-2.0984058380126953,-2.0984058380126953,0.0
85.02815651639432,0.000244140625,2.6226043701171875e-06,2.6226043701171875e-06,0.0,-2.0984058380126953,-2.0984058380126953,0.0
85.11738348351406,0.000274658203125,4.76837158203125e-07,4.76837158203125e-07,0.0,-2.0984079837799072,-2.0984079837799072,0.0
85.20662642717684,0.00029754638671875,2.384185791015625e-06,2.384185791015625e-06,0.0,-2.0984060764312744,-2.0984060764312744,0.0
85.29588562567267,0.00032806396484375,2.6226043701171875e-06,2.6226043701171875e-06,0.0,-2.0984058380126953,-2.0984058380126953,0.0
85.38516046637906,0.0003662109375,2.1457672119140625e-06,2.1457672119140625e-06,0.0,-2.0984063148498535,-2.0984063148498535,0.0
85.474452147138,0.000396728515625,2.1457672119140625e-06,2.1457672119140625e-06,0.0,-2.0984063148498535,-2.0984063148498535,0.0
85.56376013482735,0.00043487548828125,2.384185791015625e-06,2.384185791015625e-06,0.0,-2.0984060764312744,-2.0984060764312744,0.0
85.65308401474994,0.00046539306640625,7.152557373046875e-07,7.152557373046875e-07,0.0,-2.098407745361328,-2.098407745361328,0.0
85.74242342696428,0.0005035400390625,2.6226043701171875e-06,2.6226043701171875e-06,0.0,-2.0984058380126953,-2.0984058380126953,0.0
85.83177981112837,0.00054931640625,2.6226043701171875e-06,2.6226043701171875e-06,0.0,-2.0984058380126953,-2.0984058380126953,0.0
85.92115219063496,0.00058746337890625,2.6226043701171875e-06,2.6226043701171875e-06,0.0,-2.0984058380126953,-2.0984058380126953,0.0
86.01054076566723,0.00063323974609375,2.384185791015625e-06,2.384185791015625e-06,0.0,-2.0984060764312744,-2.0984060764312744,0.0
86.09994576594792,0.00067138671875,2.6226043701171875e-06,2.6226043701171875e-06,0.0,-2.0984058380126953,-2.0984058380126953,0.0
86.18936687088934,0.0007171630859375,3.0994415283203125e-06,3.0994415283203125e-06,0.0,-2.098405361175537,-2.098405361175537,0.0
86.27880421018678,0.000762939453125,2.6226043701171875e-06,2.6226043701171875e-06,0.0,-2.0984058380126953,-2.0984058380126953,0.0
86.36825808341253,0.00081634521484375,7.152557373046875e-07,7.152557373046875e-07,0.0,-2.098407745361328,-2.098407745361328,0.0
86.45772748496354,0.00086212158203125,3.0994415283203125e-06,3.0994415283203125e-06,0.0,-2.098405361175537,-2.098405361175537,0.0
86.54721384798674,0.00091552734375,2.1457672119140625e-06,2.1457672119140625e-06,0.0,-2.0984063148498535,-2.0984063148498535,0.0
86.63671620321735,0.00096893310546875,2.384185791015625e-06,2.384185791015625e-06,0.0,-2.0984060764312744,-2.0984060764312744,0.0
86.72623536283366,0.0010223388671875,1.9073486328125e-06,1.9073486328125e-06,0.0,-2.0984065532684326,-2.0984065532684326,0.0
86.81577031816718,0.00107574462890625,2.1457672119140625e-06,2.1457672119140625e-06,0.0,-2.0984063148498535,-2.0984063148498535,0.0
86.90532138382683,0.00113677978515625,2.384185791015625e-06,2.384185791015625e-06,0.0,-2.0984060764312744,-2.0984060764312744,0.0
86.99488928589564,0.00119781494140625,9.5367431640625e-07,9.5367431640625e-07,0.0,-2.098407506942749,-2.098407506942749,0.0
87.08447372071964,0.00125885009765625,2.6226043701171875e-06,2.6226043701171875e-06,0.0,-2.0984058380126953,-2.0984058380126953,0.0
87.17407403086955,0.00131988525390625,2.1457672119140625e-06,2.1457672119140625e-06,0.0,-2.0984063148498535,-2.0984063148498535,0.0
87.26369094008825,0.00138092041015625,2.6226043701171875e-06,2.6226043701171875e-06,0.0,-2.0984058380126953,-2.0984058380126953,0.0
87.35332446086574,0.0014495849609375,7.152557373046875e-07,7.152557373046875e-07,0.0,-2.098407745361328,-2.098407745361328,0.0
87.44297353913905,0.0015106201171875,7.152557373046875e-07,7.152557373046875e-07,0.0,-2.098407745361328,-2.098407745361328,0.0
87.53263935021317,0.00157928466796875,2.6226043701171875e-06,2.6226043701171875e-06,0.0,-2.0984058380126953,-2.0984058380126953,0.0
87.62232218940899,0.00164794921875,2.86102294921875e-06,2.86102294921875e-06,0.0,-2.098405599594116,-2.098405599594116,0.0
87.71202061141386,0.0017242431640625,9.5367431640625e-07,9.5367431640625e-07,0.0,-2.098407506942749,-2.098407506942749,0.0
87.8017358754658,0.00179290771484375,2.1457672119140625e-06,2.1457672119140625e-06,0.0,-2.0984063148498535,-2.0984063148498535,0.0
87.89146759536811,0.00186920166015625,7.152557373046875e-07,7.152557373046875e-07,0.0,-2.098407745361328,-2.098407745361328,0.0
87.98121593962442,0.00194549560546875,7.152557373046875e-07,7.152557373046875e-07,0.0,-2.098407745361328,-2.098407745361328,0.0
88.0709802673695,0.00202178955078125,2.6226043701171875e-06,2.6226043701171875e-06,0.0,-2.0984058380126953,-2.0984058380126953,0.0
88.16076137677895,0.00209808349609375,2.6226043701171875e-06,2.6226043701171875e-06,0.0,-2.0984058380126953,-2.0984058380126953,0.0
88.25055922171055,0.00217437744140625,2.6226043701171875e-06,2.6226043701171875e-06,0.0,-2.0984058380126953,-2.0984058380126953,0.0
88.34037279266128,0.00225830078125,7.152557373046875e-07,7.152557373046875e-07,0.0,-2.098407745361328,-2.098407745361328,0.0
88.4302039008761,0.00234222412109375,7.152557373046875e-07,7.152557373046875e-07,0.0,-2.098407745361328,-2.098407745361328,0.0
88.52005050038919,0.0024261474609375,2.1457672119140625e-06,2.1457672119140625e-06,0.0,-2.0984063148498535,-2.0984063148498535,0.0
88.60991359863145,0.00251007080078125,7.152557373046875e-07,7.152557373046875e-07,0.0,-2.098407745361328,-2.098407745361328,0.0
88.69979363419051,0.00260162353515625,7.152557373046875e-07,7.152557373046875e-07,0.0,-2.098407745361328,-2.098407745361328,0.0
88.78968990377467,0.002685546875,2.384185791015625e-06,2.384185791015625e-06,0.0,-2.0984060764312744,-2.0984060764312744,0.0
88.8796033287927,0.002777099609375,2.6226043701171875e-06,2.6226043701171875e-06,0.0,-2.0984058380126953,-2.0984058380126953,0.0
88.96953275896666,0.00286865234375,2.384185791015625e-06,2.384185791015625e-06,0.0,-2.0984060764312744,-2.0984060764312744,0.0
89.05947955694963,0.00296783447265625,2.86102294921875e-06,2.86102294921875e-06,0.0,-2.098405599594116,-2.098405599594116,0.0
89.14944189947121,0.00305938720703125,2.6226043701171875e-06,2.6226043701171875e-06,0.0,-2.0984058380126953,-2.0984058380126953,0.0
89.2394207722157,0.0031585693359375,2.6226043701171875e-06,2.6226043701171875e-06,0.0,-2.0984058380126953,-2.0984058380126953,0.0
89.32941703099902,0.0032501220703125,2.6226043701171875e-06,2.6226043701171875e-06,0.0,-2.0984058380126953,-2.0984058380126953,0.0
89.41942918122685,0.00334930419921875,2.1457672119140625e-06,2.1457672119140625e-06,0.0,-2.0984063148498535,-2.0984063148498535,0.0
89.50945793462812,0.00345611572265625,2.86102294921875e-06,2.86102294921875e-06,0.0,-2.098405599594116,-2.098405599594116,0.0
89.5995045071832,0.0035552978515625,4.76837158203125e-07,4.76837158203125e-07,0.0,-2.0984079837799072,-2.0984079837799072,0.0
89.6895664865781,0.003662109375,2.6226043701171875e-06,2.6226043701171875e-06,0.0,-2.0984058380126953,-2.0984058380126953,0.0
89.7796457013167,0.00376129150390625,4.76837158203125e-07,4.76837158203125e-07,0.0,-2.0984079837799072,-2.0984079837799072,0.0
89.86974069453213,0.00386810302734375,2.384185791015625e-06,2.384185791015625e-06,0.0,-2.0984060764312744,-2.0984060764312744,0.0
89.95985336514231,0.0039825439453125,2.1457672119140625e-06,2.1457672119140625e-06,0.0,-2.0984063148498535,-2.0984063148498535,0.0
90.04998219628196,0.00408935546875,2.384185791015625e-06,2.384185791015625e-06,0.0,-2.0984060764312744,-2.0984060764312744,0.0
90.14012740393653,0.00420379638671875,2.6226043701171875e-06,2.6226043701171875e-06,0.0,-2.0984058380126953,-2.0984058380126953,0.0
90.2302898450931,0.00431060791015625,7.152557373046875e-07,7.152557373046875e-07,0.0,-2.098407745361328,-2.098407745361328,0.0
90.32046795678414,0.004425048828125,2.6226043701171875e-06,2.6226043701171875e-06,0.0,-2.0984058380126953,-2.0984058380126953,0.0
90.41066424742941,0.00453948974609375,2.86102294921875e-06,2.86102294921875e-06,0.0,-2.098405599594116,-2.098405599594116,0.0
90.50087666685502,0.00466156005859375,2.6226043701171875e-06,2.6226043701171875e-06,0.0,-2.0984058380126953,-2.0984058380126953,0.0
90.59110539162829,0.0047760009765625,2.6226043701171875e-06,2.6226043701171875e-06,0.0,-2.0984058380126953,-2.0984058380126953,0.0
90.68135069203015,0.0048980712890625,2.86102294921875e-06,2.86102294921875e-06,0.0,-2.098405599594116,-2.098405599594116,0.0
90.7716132682175,0.0050201416015625,2.1457672119140625e-06,2.1457672119140625e-06,0.0,-2.0984063148498535,-2.0984063148498535,0.0
90.86189225919249,0.0051422119140625,7.152557373046875e-07,7.152557373046875e-07,0.0,-2.098407745361328,-2.098407745361328,0.0
90.95218849007499,0.0052642822265625,2.6226043701171875e-06,2.6226043701171875e-06,0.0,-2.0984058380126953,-2.0984058380126953,0.0
91.04250096352902,0.00539398193359375,4.76837158203125e-07,4.76837158203125e-07,0.0,-2.0984079837799072,-2.0984079837799072,0.0
91.1328304321751,0.005523681640625,2.6226043701171875e-06,2.6226043701171875e-06,0.0,-2.0984058380126953,-2.0984058380126953,0.0
91.22317668456353,0.00565338134765625,2.86102294921875e-06,2.86102294921875e-06,0.0,-2.098405599594116,-2.098405599594116,0.0
91.31353916680497,0.0057830810546875,2.6226043701171875e-06,2.6226043701171875e-06,0.0,-2.0984058380126953,-2.0984058380126953,0.0
91.40391880105331,0.00591278076171875,2.1457672119140625e-06,2.1457672119140625e-06,0.0,-2.0984063148498535,-2.0984063148498535,0.0
91.49431521518659,0.00605010986328125,2.6226043701171875e-06,2.6226043701171875e-06,0.0,-2.0984058380126953,-2.0984058380126953,0.0
91.5847286480647,0.0061798095703125,2.1457672119140625e-06,2.1457672119140625e-06,0.0,-2.0984063148498535,-2.0984063148498535,0.0
91.67515857975928,0.006317138671875,2.384185791015625e-06,2.384185791015625e-06,0.0,-2.0984060764312744,-2.0984060764312744,0.0
91.7656048485433,0.0064544677734375,2.1457672119140625e-06,2.1457672119140625e-06,0.0,-2.0984063148498535,-2.0984063148498535,0.0
91.85606936245608,0.00659942626953125,1.1920928955078125e-06,1.1920928955078125e-06,0.0,-2.09840726852417,-2.09840726852417,0.0
91.94654929161523,0.00673675537109375,2.6226043701171875e-06,2.6226043701171875e-06,0.0,-2.0984058380126953,-2.0984058380126953,0.0
92.03704740592832,0.0068817138671875,7.152557373046875e-07,7.152557373046875e-07,0.0,-2.098407745361328,-2.098407745361328,0.0
92.12756136644497,0.00702667236328125,4.76837158203125e-07,4.76837158203125e-07,0.0,-2.0984079837799072,-2.0984079837799072,0.0
92.21809276492861,0.007171630859375,2.6226043701171875e-06,2.6226043701171875e-06,0.0,-2.0984058380126953,-2.0984058380126953,0.0
92.3086399645864,0.00731658935546875,3.0994415283203125e-06,3.0994415283203125e-06,0.0,-2.098405361175537,-2.098405361175537,0.0
92.39920431914588,0.0074615478515625,2.6226043701171875e-06,2.6226043701171875e-06,0.0,-2.0984058380126953,-2.0984058380126953,0.0
92.48978669641859,0.0076141357421875,2.384185791015625e-07,2.384185791015625e-07,0.0,-2.0984082221984863,-2.0984082221984863,0.0
92.58038494277602,0.0077667236328125,2.86102294921875e-06,2.86102294921875e-06,0.0,-2.098405599594116,-2.098405599594116,0.0
92.67099991618987,0.0079193115234375,9.5367431640625e-07,9.5367431640625e-07,0.0,-2.098407506942749,-2.098407506942749,0.0
92.76163234847048,0.0080718994140625,2.384185791015625e-06,2.384185791015625e-06,0.0,-2.0984060764312744,-2.0984060764312744,0.0
92.85228189570327,0.00823211669921875,4.76837158203125e-07,4.76837158203125e-07,0.0,-2.0984079837799072,-2.0984079837799072,0.0
92.94294758330902,0.00838470458984375,7.152557373046875e-07,7.152557373046875e-07,0.0,-2.098407745361328,-2.098407745361328,0.0
93.0336309347201,0.008544921875,1.6689300537109375e-06,1.6689300537109375e-06,0.0,-2.0984067916870117,-2.0984067916870117,0.0
93.12433084239541,0.00870513916015625,2.1457672119140625e-06,2.1457672119140625e-06,0.0,-2.0984063148498535,-2.0984063148498535,0.0
93.21504811238428,0.0088653564453125,2.6226043701171875e-06,2.6226043701171875e-06,0.0,-2.0984058380126953,-2.0984058380126953,0.0
93.30578127932871,0.009033203125,2.6226043701171875e-06,2.6226043701171875e-06,0.0,-2.0984058380126953,-2.0984058380126953,0.0
93.39653237847597,0.0092010498046875,7.152557373046875e-07,7.152557373046875e-07,0.0,-2.098407745361328,-2.098407745361328,0.0
93.48729966239931,0.00936126708984375,2.6226043701171875e-06,2.6226043701171875e-06,0.0,-2.0984058380126953,-2.0984058380126953,0.0
93.57808416353274,0.00952911376953125,2.6226043701171875e-06,2.6226043701171875e-06,0.0,-2.0984058380126953,-2.0984058380126953,0.0
93.66888600778982,0.00970458984375,2.86102294921875e-06,2.86102294921875e-06,0.0,-2.098405599594116,-2.098405599594116,0.0
93.7597048458983,0.0098724365234375,2.384185791015625e-06,2.384185791015625e-06,0.0,-2.0984060764312744,-2.0984060764312744,0.0
93.85053954686948,0.010040283203125,2.384185791015625e-06,2.384185791015625e-06,0.0,-2.0984060764312744,-2.0984060764312744,0.0
93.94139302750551,0.01021575927734375,2.6226043701171875e-06,2.6226043701171875e-06,0.0,-2.0984058380126953,-2.0984058380126953,0.0
94.03226159287894,0.0103912353515625,7.152557373046875e-07,7.152557373046875e-07,0.0,-2.098407745361328,-2.098407745361328,0.0
94.12314941071769,0.0105743408203125,2.384185791015625e-06,2.384185791015625e-06,0.0,-2.0984060764312744,-2.0984060764312744,0.0
94.21405277307372,0.01074981689453125,7.152557373046875e-07,7.152557373046875e-07,0.0,-2.098407745361328,-2.098407745361328,0.0
94.30497264542018,0.01092529296875,7.152557373046875e-07,7.152557373046875e-07,0.0,-2.098407745361328,-2.098407745361328,0.0
94.39591049632742,0.0111083984375,2.6226043701171875e-06,2.6226043701171875e-06,0.0,-2.0984058380126953,-2.0984058380126953,0.0
94.48686531985976,0.01129150390625,7.152557373046875e-07,7.152557373046875e-07,0.0,-2.098407745361328,-2.098407745361328,0.0
94.577836597816,0.011474609375,2.1457672119140625e-06,2.1457672119140625e-06,0.0,-2.0984063148498535,-2.0984063148498535,0.0
94.66882544888699,0.01166534423828125,9.5367431640625e-07,9.5367431640625e-07,0.0,-2.098407506942749,-2.098407506942749,0.0
94.75983196295866,0.01184844970703125,2.6226043701171875e-06,2.6226043701171875e-06,0.0,-2.0984058380126953,-2.0984058380126953,0.0
94.85085376636317,0.0120391845703125,2.6226043701171875e-06,2.6226043701171875e-06,0.0,-2.0984058380126953,-2.0984058380126953,0.0
94.94189372189591,0.01222991943359375,9.5367431640625e-07,9.5367431640625e-07,0.0,-2.098407506942749,-2.098407506942749,0.0
95.03295062189808,0.012420654296875,2.1457672119140625e-06,2.1457672119140625e-06,0.0,-2.0984063148498535,-2.0984063148498535,0.0
95.12402521442483,0.01261138916015625,7.152557373046875e-07,7.152557373046875e-07,0.0,-2.098407745361328,-2.098407745361328,0.0
95.21511583861096,0.01280975341796875,2.1457672119140625e-06,2.1457672119140625e-06,0.0,-2.0984063148498535,-2.0984063148498535,0.0
95.30622370237792,0.01300811767578125,7.152557373046875e-07,7.152557373046875e-07,0.0,-2.098407745361328,-2.098407745361328,0.0
95.39734892542678,0.01320648193359375,2.1457672119140625e-06,2.1457672119140625e-06,0.0,-2.0984063148498535,-2.0984063148498535,0.0
95.48849192222606,0.01340484619140625,4.76837158203125e-07,4.76837158203125e-07,0.0,-2.0984079837799072,-2.0984079837799072,0.0
95.57965074682413,0.01360321044921875,4.76837158203125e-07,4.76837158203125e-07,0.0,-2.0984079837799072,-2.0984079837799072,0.0
95.67082644347988,0.01380157470703125,1.9073486328125e-06,1.9073486328125e-06,0.0,-2.0984065532684326,-2.0984065532684326,0.0
95.76202055746293,0.014007568359375,7.152557373046875e-07,7.152557373046875e-07,0.0,-2.098407745361328,-2.098407745361328,0.0
95.85323201229086,0.01421356201171875,9.5367431640625e-07,9.5367431640625e-07,0.0,-2.098407506942749,-2.098407506942749,0.0
95.94445966279953,0.0144195556640625,2.384185791015625e-06,2.384185791015625e-06,0.0,-2.0984060764312744,-2.0984060764312744,0.0
96.03570449562505,0.01462554931640625,2.384185791015625e-06,2.384185791015625e-06,0.0,-2.0984060764312744,-2.0984060764312744,0.0
96.12696674097953,0.01483917236328125,2.1457672119140625e-06,2.1457672119140625e-06,0.0,-2.0984063148498535,-2.0984063148498535,0.0
96.21824612096276,0.01505279541015625,1.1920928955078125e-06,1.1920928955078125e-06,0.0,-2.09840726852417,-2.09840726852417,0.0
96.30954236391567,0.01526641845703125,2.6226043701171875e-06,2.6226043701171875e-06,0.0,-2.0984058380126953,-2.0984058380126953,0.0
96.40085697214289,0.01548004150390625,2.86102294921875e-06,2.86102294921875e-06,0.0,-2.098405599594116,-2.098405599594116,0.0
96.49218704128,0.01569366455078125,2.6226043701171875e-06,2.6226043701171875e-06,0.0,-2.0984058380126953,-2.0984058380126953,0.0
96.58353486566557,0.01590728759765625,2.6226043701171875e-06,2.6226043701171875e-06,0.0,-2.0984058380126953,-2.0984058380126953,0.0
96.67489996539835,0.0161285400390625,2.6226043701171875e-06,2.6226043701171875e-06,0.0,-2.0984058380126953,-2.0984058380126953,0.0
96.76628286780644,0.01634979248046875,2.6226043701171875e-06,2.6226043701171875e-06,0.0,-2.0984058380126953,-2.0984058380126953,0.0
96.85768166304943,0.016571044921875,2.6226043701171875e-06,2.6226043701171875e-06,0.0,-2.0984058380126953,-2.0984058380126953,0.0
96.94909886204375,0.01679229736328125,2.6226043701171875e-06,2.6226043701171875e-06,0.0,-2.0984058380126953,-2.0984058380126953,0.0
97.04053271286408,0.01702117919921875,2.6226043701171875e-06,2.6226043701171875e-06,0.0,-2.0984058380126953,-2.0984058380126953,0.0
97.13198329393187,0.017242431640625,7.152557373046875e-07,7.152557373046875e-07,0.0,-2.098407745361328,-2.098407745361328,0.0
97.22345222110093,0.0174713134765625,2.1457672119140625e-06,2.1457672119140625e-06,0.0,-2.0984063148498535,-2.0984063148498535,0.0
97.31493678519621,0.0177001953125,2.1457672119140625e-06,2.1457672119140625e-06,0.0,-2.0984063148498535,-2.0984063148498535,0.0
97.4064404800513,0.0179290771484375,2.384185791015625e-06,2.384185791015625e-06,0.0,-2.0984060764312744,-2.0984060764312744,0.0
97.49795937302608,0.01816558837890625,2.6226043701171875e-06,2.6226043701171875e-06,0.0,-2.0984058380126953,-2.0984058380126953,0.0
97.5894965832244,0.01839447021484375,7.152557373046875e-07,7.152557373046875e-07,0.0,-2.098407745361328,-2.098407745361328,0.0
97.68105083404771,0.0186309814453125,2.6226043701171875e-06,2.6226043701171875e-06,0.0,-2.0984058380126953,-2.0984058380126953,0.0
97.77262378348217,0.01886749267578125,7.152557373046875e-07,7.152557373046875e-07,0.0,-2.098407745361328,-2.098407745361328,0.0
97.86421143449239,0.01910400390625,2.6226043701171875e-06,2.6226043701171875e-06,0.0,-2.0984058380126953,-2.0984058380126953,0.0
97.95581789324174,0.01934814453125,7.152557373046875e-07,7.152557373046875e-07,0.0,-2.098407745361328,-2.098407745361328,0.0
98.04744155027873,0.01958465576171875,2.6226043701171875e-06,2.6226043701171875e-06,0.0,-2.0984058380126953,-2.0984058380126953,0.0
98.13908136159657,0.01982879638671875,2.6226043701171875e-06,2.6226043701171875e-06,0.0,-2.0984058380126953,-2.0984058380126953,0.0
98.23073966317241,0.02007293701171875,2.86102294921875e-06,2.86102294921875e-06,0.0,-2.098405599594116,-2.098405599594116,0.0
98.32241457941475,0.02031707763671875,7.152557373046875e-07,7.152557373046875e-07,0.0,-2.098407745361328,-2.098407745361328,0.0
98.41410683829795,0.02056884765625,9.5367431640625e-07,9.5367431640625e-07,0.0,-2.098407506942749,-2.098407506942749,0.0
98.50581656704769,0.02081298828125,7.152557373046875e-07,7.152557373046875e-07,0.0,-2.098407745361328,-2.098407745361328,0.0
98.5975438647002,0.02106475830078125,2.6226043701171875e-06,2.6226043701171875e-06,0.0,-2.0984058380126953,-2.0984058380126953,0.0
98.68928691482517,0.0213165283203125,1.9073486328125e-06,1.9073486328125e-06,0.0,-2.0984065532684326,-2.0984065532684326,0.0
98.7810479632115,0.02156829833984375,2.1457672119140625e-06,2.1457672119140625e-06,0.0,-2.0984063148498535,-2.0984063148498535,0.0
98.87282785960845,0.02182769775390625,7.152557373046875e-07,7.152557373046875e-07,0.0,-2.098407745361328,-2.098407745361328,0.0
98.96462378125432,0.0220794677734375,2.1457672119140625e-06,2.1457672119140625e-06,0.0,-2.0984063148498535,-2.0984063148498535,0.0
99.05643717654881,0.0223388671875,7.152557373046875e-07,7.152557373046875e-07,0.0,-2.098407745361328,-2.098407745361328,0.0
99.14826810748295,0.0225982666015625,2.384185791015625e-06,2.384185791015625e-06,0.0,-2.0984060764312744,-2.0984060764312744,0.0
99.24011592092486,0.022857666015625,2.6226043701171875e-06,2.6226043701171875e-06,0.0,-2.0984058380126953,-2.0984058380126953,0.0
99.33198112055175,0.0231170654296875,7.152557373046875e-07,7.152557373046875e-07,0.0,-2.098407745361328,-2.098407745361328,0.0
99.42386304396547,0.02338409423828125,2.384185791015625e-06,2.384185791015625e-06,0.0,-2.0984060764312744,-2.0984060764312744,0.0
99.51576238669347,0.02364349365234375,2.384185791015625e-06,2.384185791015625e-06,0.0,-2.0984060764312744,-2.0984060764312744,0.0
99.60767981820403,0.0239105224609375,2.384185791015625e-06,2.384185791015625e-06,0.0,-2.0984060764312744,-2.0984060764312744,0.0
99.69961386791954,0.02417755126953125,7.152557373046875e-07,7.152557373046875e-07,0.0,-2.098407745361328,-2.098407745361328,0.0
99.79156665262376,0.02445220947265625,1.1920928955078125e-06,1.1920928955078125e-06,0.0,-2.09840726852417,-2.09840726852417,0.0
99.8835366933123,0.02471923828125,2.6226043701171875e-06,2.6226043701171875e-06,0.0,-2.0984058380126953,-2.0984058380126953,0.0
99.97552331117181,0.024993896484375,2.6226043701171875e-06,2.6226043701171875e-06,0.0,-2.0984058380126953,-2.0984058380126953,0.0
100.0675264217745,0.0252685546875,7.152557373046875e-07,7.152557373046875e-07,0.0,-2.098407745361328,-2.098407745361328,0.0
100.15954901774789,0.025543212890625,7.152557373046875e-07,7.152557373046875e-07,0.0,-2.098407745361328,-2.098407745361328,0.0
100.25158734439182,0.02581787109375,2.384185791015625e-07,2.384185791015625e-07,0.0,-2.0984082221984863,-2.0984082221984863,0.0
100.34364162715126,0.02610015869140625,7.152557373046875e-07,7.152557373046875e-07,0.0,-2.098407745361328,-2.098407745361328,0.0
100.43571487340412,0.02637481689453125,2.1457672119140625e-06,2.1457672119140625e-06,0.0,-2.0984063148498535,-2.0984063148498535,0.0
100.52780671301376,0.0266571044921875,2.384185791015625e-06,2.384185791015625e-06,0.0,-2.0984060764312744,-2.0984060764312744,0.0
100.61991459495923,0.02693939208984375,7.152557373046875e-07,7.152557373046875e-07,0.0,-2.098407745361328,-2.098407745361328,0.0
100.71203996318407,0.02722930908203125,9.5367431640625e-07,9.5367431640625e-07,0.0,-2.098407506942749,-2.098407506942749,0.0
100.80418284837315,0.0275115966796875,7.152557373046875e-07,7.152557373046875e-07,0.0,-2.098407745361328,-2.098407745361328,0.0
100.89634362677123,0.027801513671875,2.6226043701171875e-06,2.6226043701171875e-06,0.0,-2.0984058380126953,-2.0984058380126953,0.0
100.98852075440725,0.0280914306640625,2.1457672119140625e-06,2.1457672119140625e-06,0.0,-2.0984063148498535,-2.0984063148498535,0.0
101.08071486900313,0.02838134765625,2.384185791015625e-07,2.384185791015625e-07,0.0,-2.0984082221984863,-2.0984082221984863,0.0
101.17292677940272,0.0286712646484375,2.6226043701171875e-06,2.6226043701171875e-06,0.0,-2.0984058380126953,-2.0984058380126953,0.0
101.26515633710324,0.028961181640625,2.86102294921875e-06,2.86102294921875e-06,0.0,-2.098405599594116,-2.098405599594116,0.0
101.35740316201661,0.02925872802734375,7.152557373046875e-07,7.152557373046875e-07,0.0,-2.098407745361328,-2.098407745361328,0.0
101.44966728037626,0.0295562744140625,2.384185791015625e-06,2.384185791015625e-06,0.0,-2.0984060764312744,-2.0984060764312744,0.0
101.54194912255652,0.02985382080078125,2.6226043701171875e-06,2.6226043701171875e-06,0.0,-2.0984058380126953,-2.0984058380126953,0.0
101.63424932998372,0.0301513671875,7.152557373046875e-07,7.152557373046875e-07,0.0,-2.098407745361328,-2.098407745361328,0.0
101.72656590593544,0.03044891357421875,2.384185791015625e-07,2.384185791015625e-07,0.0,-2.0984082221984863,-2.0984082221984863,0.0
101.81890089965728,0.03075408935546875,2.384185791015625e-06,2.384185791015625e-06,0.0,-2.0984060764312744,-2.0984060764312744,0.0
101.91125130235305,0.03105926513671875,7.152557373046875e-07,7.152557373046875e-07,0.0,-2.098407745361328,-2.098407745361328,0.0
102.00361936822931,0.03136444091796875,2.6226043701171875e-06,2.6226043701171875e-06,0.0,-2.0984058380126953,-2.0984058380126953,0.0
102.09600572424351,0.03166961669921875,2.384185791015625e-06,2.384185791015625e-06,0.0,-2.0984060764312744,-2.0984060764312744,0.0
102.18841024835527,0.03197479248046875,2.384185791015625e-06,2.384185791015625e-06,0.0,-2.0984060764312744,-2.0984060764312744,0.0
102.28083105612534,0.03228759765625,2.6226043701171875e-06,2.6226043701171875e-06,0.0,-2.0984058380126953,-2.0984058380126953,0.0
102.37326929449843,0.03260040283203125,2.384185791015625e-06,2.384185791015625e-06,0.0,-2.0984060764312744,-2.0984060764312744,0.0
102.4657248687349,0.0329132080078125,2.384185791015625e-06,2.384185791015625e-06,0.0,-2.0984060764312744,-2.0984060764312744,0.0
102.55819856158723,0.03322601318359375,2.6226043701171875e-06,2.6226043701171875e-06,0.0,-2.0984058380126953,-2.0984058380126953,0.0
102.65068801145294,0.033538818359375,2.384185791015625e-06,2.384185791015625e-06,0.0,-2.0984060764312744,-2.0984060764312744,0.0
102.74319787046251,0.0338592529296875,7.152557373046875e-07,7.152557373046875e-07,0.0,-2.098407745361328,-2.098407745361328,0.0
102.83572212144928,0.0341796875,2.384185791015625e-06,2.384185791015625e-06,0.0,-2.0984060764312744,-2.0984060764312744,0.0
102.92826725875223,0.0345001220703125,2.384185791015625e-06,2.384185791015625e-06,0.0,-2.0984060764312744,-2.0984060764312744,0.0
103.02082745654026,0.034820556640625,2.6226043701171875e-06,2.6226043701171875e-06,0.0,-2.0984058380126953,-2.0984058380126953,0.0
103.11340364375118,0.0351409912109375,1.1920928955078125e-06,1.1920928955078125e-06,0.0,-2.09840726852417,-2.09840726852417,0.0
103.20600071561911,0.03546905517578125,7.152557373046875e-07,7.152557373046875e-07,0.0,-2.098407745361328,-2.098407745361328,0.0
103.29861088416042,0.03578948974609375,2.384185791015625e-06,2.384185791015625e-06,0.0,-2.0984060764312744,-2.0984060764312744,0.0
103.3912419207681,0.0361175537109375,7.152557373046875e-07,7.152557373046875e-07,0.0,-2.098407745361328,-2.098407745361328,0.0
103.48388854017847,0.03644561767578125,2.1457672119140625e-06,2.1457672119140625e-06,0.0,-2.0984063148498535,-2.0984063148498535,0.0
103.57655471377818,0.03678131103515625,2.1457672119140625e-06,2.1457672119140625e-06,0.0,-2.0984063148498535,-2.0984063148498535,0.0
103.66923668526023,0.037109375,2.384185791015625e-06,2.384185791015625e-06,0.0,-2.0984060764312744,-2.0984060764312744,0.0
103.76193709971255,0.037445068359375,2.1457672119140625e-06,2.1457672119140625e-06,0.0,-2.0984063148498535,-2.0984063148498535,0.0
103.85465399889468,0.03778076171875,2.6226043701171875e-06,2.6226043701171875e-06,0.0,-2.0984058380126953,-2.0984058380126953,0.0
103.9473879966833,0.038116455078125,2.384185791015625e-06,2.384185791015625e-06,0.0,-2.0984060764312744,-2.0984060764312744,0.0
104.04014030364705,0.0384521484375,7.152557373046875e-07,7.152557373046875e-07,0.0,-2.098407745361328,-2.098407745361328,0.0
104.13291083232323,0.03879547119140625,2.384185791015625e-06,2.384185791015625e-06,0.0,-2.0984060764312744,-2.0984060764312744,0.0
104.22569869794333,0.0391387939453125,2.384185791015625e-06,2.384185791015625e-06,0.0,-2.0984060764312744,-2.0984060764312744,0.0
104.31850219815017,0.0394744873046875,7.152557373046875e-07,7.152557373046875e-07,0.0,-2.098407745361328,-2.098407745361328,0.0
104.41132377270638,0.039825439453125,7.152557373046875e-07,7.152557373046875e-07,0.0,-2.098407745361328,-2.098407745361328,0.0
104.50416384917911,0.04016876220703125,7.152557373046875e-07,7.152557373046875e-07,0.0,-2.098407745361328,-2.098407745361328,0.0
104.59702101827536,0.0405120849609375,7.152557373046875e-07,7.152557373046875e-07,0.0,-2.098407745361328,-2.098407745361328,0.0
104.68989631826422,0.040863037109375,2.6226043701171875e-06,2.6226043701171875e-06,0.0,-2.0984058380126953,-2.0984058380126953,0.0
104.78278700262108,0.0412139892578125,1.9073486328125e-06,1.9073486328125e-06,0.0,-2.0984065532684326,-2.0984065532684326,0.0
104.87569771939312,0.04156494140625,2.86102294921875e-06,2.86102294921875e-06,0.0,-2.098405599594116,-2.098405599594116,0.0
104.9686236811568,0.0419158935546875,2.6226043701171875e-06,2.6226043701171875e-06,0.0,-2.0984058380126953,-2.0984058380126953,0.0
105.06156810979522,0.04227447509765625,9.5367431640625e-07,9.5367431640625e-07,0.0,-2.098407506942749,-2.098407506942749,0.0
105.15452979514696,0.04262542724609375,7.152557373046875e-07,7.152557373046875e-07,0.0,-2.098407745361328,-2.098407745361328,0.0
105.24750740792831,0.0429840087890625,2.384185791015625e-07,2.384185791015625e-07,0.0,-2.0984082221984863,-2.0984082221984863,0.0
105.34050502333402,0.04334259033203125,2.384185791015625e-06,2.384185791015625e-06,0.0,-2.0984060764312744,-2.0984060764312744,0.0
105.4335196251626,0.043701171875,2.384185791015625e-06,2.384185791015625e-06,0.0,-2.0984060764312744,-2.0984060764312744,0.0
105.52655147251244,0.0440673828125,2.384185791015625e-06,2.384185791015625e-06,0.0,-2.0984060764312744,-2.0984060764312744,0.0
105.61960111846179,0.04442596435546875,7.152557373046875e-07,7.152557373046875e-07,0.0,-2.098407745361328,-2.098407745361328,0.0
105.7126666480084,0.04479217529296875,7.152557373046875e-07,7.152557373046875e-07,0.0,-2.098407745361328,-2.098407745361328,0.0
105.80575067272201,0.04515838623046875,7.152557373046875e-07,7.152557373046875e-07,0.0,-2.098407745361328,-2.098407745361328,0.0
105.89885253148285,0.04552459716796875,7.152557373046875e-07,7.152557373046875e-07,0.0,-2.098407745361328,-2.098407745361328,0.0
105.99196981209553,0.0458984375,2.384185791015625e-06,2.384185791015625e-06,0.0,-2.0984060764312744,-2.0984060764312744,0.0
106.08510514207643,0.0462646484375,2.1457672119140625e-06,2.1457672119140625e-06,0.0,-2.0984063148498535,-2.0984063148498535,0.0
106.17826164821054,0.04663848876953125,2.1457672119140625e-06,2.1457672119140625e-06,0.0,-2.0984063148498535,-2.0984063148498535,0.0
106.27143221173229,0.0470123291015625,7.152557373046875e-07,7.152557373046875e-07,0.0,-2.098407745361328,-2.098407745361328,0.0
106.3646205160007,0.04738616943359375,2.1457672119140625e-06,2.1457672119140625e-06,0.0,-2.0984063148498535,-2.0984063148498535,0.0
106.4578266263334,0.04776763916015625,2.6226043701171875e-06,2.6226043701171875e-06,0.0,-2.0984058380126953,-2.0984058380126953,0.0
106.55104915737742,0.0481414794921875,2.384185791015625e-06,2.384185791015625e-06,0.0,-2.0984060764312744,-2.0984060764312744,0.0
106.64429174292806,0.04852294921875,2.6226043701171875e-06,2.6226043701171875e-06,0.0,-2.0984058380126953,-2.0984058380126953,0.0
106.7375497779459,0.0489044189453125,7.152557373046875e-07,7.152557373046875e-07,0.0,-2.098407745361328,-2.098407745361328,0.0
106.8308246455641,0.049285888671875,2.1457672119140625e-06,2.1457672119140625e-06,0.0,-2.0984063148498535,-2.0984063148498535,0.0
106.92411901183577,0.04967498779296875,2.6226043701171875e-06,2.6226043701171875e-06,0.0,-2.0984058380126953,-2.0984058380126953,0.0
107.01743018693874,0.05005645751953125,7.152557373046875e-07,7.152557373046875e-07,0.0,-2.098407745361328,-2.098407745361328,0.0
107.11075820298105,0.050445556640625,2.384185791015625e-06,2.384185791015625e-06,0.0,-2.0984060764312744,-2.0984060764312744,0.0
107.20410531618789,0.05083465576171875,2.6226043701171875e-06,2.6226043701171875e-06,0.0,-2.0984058380126953,-2.0984058380126953,0.0
107.29746742320667,0.0512237548828125,2.1457672119140625e-06,2.1457672119140625e-06,0.0,-2.0984063148498535,-2.0984063148498535,0.0
107.3908486307608,0.05161285400390625,2.384185791015625e-06,2.384185791015625e-06,0.0,-2.0984060764312744,-2.0984060764312744,0.0
107.48424787578794,0.05200958251953125,7.152557373046875e-07,7.152557373046875e-07,0.0,-2.098407745361328,-2.098407745361328,0.0
107.57766119325181,0.05240631103515625,2.384185791015625e-06,2.384185791015625e-06,0.0,-2.0984060764312744,-2.0984060764312744,0.0
107.67109564092311,0.05280303955078125,2.6226043701171875e-06,2.6226043701171875e-06,0.0,-2.0984058380126953,-2.0984058380126953,0.0
107.76454749674608,0.05319976806640625,7.152557373046875e-07,7.152557373046875e-07,0.0,-2.098407745361328,-2.098407745361328,0.0
107.8580151073878,0.05359649658203125,2.6226043701171875e-06,2.6226043701171875e-06,0.0,-2.0984058380126953,-2.0984058380126953,0.0
107.95149999588187,0.0540008544921875,2.384185791015625e-06,2.384185791015625e-06,0.0,-2.0984060764312744,-2.0984060764312744,0.0
108.04500312275846,0.0543975830078125,2.1457672119140625e-06,2.1457672119140625e-06,0.0,-2.0984063148498535,-2.0984063148498535,0.0
108.13852417553993,0.05480194091796875,2.6226043701171875e-06,2.6226043701171875e-06,0.0,-2.0984058380126953,-2.0984058380126953,0.0
108.2320615721157,0.055206298828125,2.6226043701171875e-06,2.6226043701171875e-06,0.0,-2.0984058380126953,-2.0984058380126953,0.0
108.32561553249445,0.0556182861328125,2.6226043701171875e-06,2.6226043701171875e-06,0.0,-2.0984058380126953,-2.0984058380126953,0.0
108.41918941774436,0.05602264404296875,2.384185791015625e-06,2.384185791015625e-06,0.0,-2.0984060764312744,-2.0984060764312744,0.0
108.51277904043468,0.05643463134765625,2.384185791015625e-06,2.384185791015625e-06,0.0,-2.0984060764312744,-2.0984060764312744,0.0
108.60638680600886,0.05684661865234375,7.152557373046875e-07,7.152557373046875e-07,0.0,-2.098407745361328,-2.098407745361328,0.0
108.70001253553774,0.05725860595703125,2.384185791015625e-07,2.384185791015625e-07,0.0,-2.0984082221984863,-2.0984082221984863,0.0
108.79365537697528,0.05767059326171875,2.6226043701171875e-06,2.6226043701171875e-06,0.0,-2.0984058380126953,-2.0984058380126953,0.0
108.88731519814057,0.05808258056640625,7.152557373046875e-07,7.152557373046875e-07,0.0,-2.098407745361328,-2.098407745361328,0.0
108.98099200090452,0.058502197265625,2.1457672119140625e-06,2.1457672119140625e-06,0.0,-2.0984063148498535,-2.0984063148498535,0.0
109.07468828876537,0.05892181396484375,2.6226043701171875e-06,2.6226043701171875e-06,0.0,-2.0984058380126953,-2.0984058380126953,0.0
109.16839997730447,0.0593414306640625,4.76837158203125e-07,4.76837158203125e-07,0.0,-2.0984079837799072,-2.0984079837799072,0.0
109.26212815856077,0.05976104736328125,2.6226043701171875e-06,2.6226043701171875e-06,0.0,-2.0984058380126953,-2.0984058380126953,0.0
109.35587623736782,0.06018829345703125,2.384185791015625e-06,2.384185791015625e-06,0.0,-2.0984060764312744,-2.0984060764312744,0.0
109.44964155348084,0.06060791015625,2.86102294921875e-06,2.86102294921875e-06,0.0,-2.098405599594116,-2.098405599594116,0.0
109.54342288942075,0.06103515625,2.384185791015625e-06,2.384185791015625e-06,0.0,-2.0984060764312744,-2.0984060764312744,0.0
109.63722364481917,0.06146240234375,2.1457672119140625e-06,2.1457672119140625e-06,0.0,-2.0984063148498535,-2.0984063148498535,0.0
109.73103941976296,0.0618896484375,9.5367431640625e-07,9.5367431640625e-07,0.0,-2.098407506942749,-2.098407506942749,0.0
109.8248730607049,0.06232452392578125,2.86102294921875e-06,2.86102294921875e-06,0.0,-2.098405599594116,-2.098405599594116,0.0
109.91872450204923,0.06275177001953125,2.6226043701171875e-06,2.6226043701171875e-06,0.0,-2.0984058380126953,-2.0984058380126953,0.0
110.01259367747181,0.0631866455078125,2.1457672119140625e-06,2.1457672119140625e-06,0.0,-2.0984063148498535,-2.0984063148498535,0.0
110.10648141126129,0.06362152099609375,2.384185791015625e-06,2.384185791015625e-06,0.0,-2.0984060764312744,-2.0984060764312744,0.0
110.20038412465183,0.064056396484375,2.1457672119140625e-06,2.1457672119140625e-06,0.0,-2.0984063148498535,-2.0984063148498535,0.0
110.29430586462678,0.0644989013671875,7.152557373046875e-07,7.152557373046875e-07,0.0,-2.098407745361328,-2.098407745361328,0.0
110.38824452067266,0.06493377685546875,7.152557373046875e-07,7.152557373046875e-07,0.0,-2.098407745361328,-2.098407745361328,0.0
110.48220176563737,0.06537628173828125,7.152557373046875e-07,7.152557373046875e-07,0.0,-2.098407745361328,-2.098407745361328,0.0
110.57617401561676,0.06581878662109375,2.6226043701171875e-06,2.6226043701171875e-06,0.0,-2.0984058380126953,-2.0984058380126953,0.0
110.67016565338471,0.06626129150390625,9.5367431640625e-07,9.5367431640625e-07,0.0,-2.098407506942749,-2.098407506942749,0.0
110.76417366932752,0.06671142578125,2.384185791015625e-06,2.384185791015625e-06,0.0,-2.0984060764312744,-2.0984060764312744,0.0
110.85819794527005,0.0671539306640625,2.6226043701171875e-06,2.6226043701171875e-06,0.0,-2.0984058380126953,-2.0984058380126953,0.0
110.9522411629427,0.06760406494140625,7.152557373046875e-07,7.152557373046875e-07,0.0,-2.098407745361328,-2.098407745361328,0.0
111.04630136743474,0.06805419921875,2.384185791015625e-07,2.384185791015625e-07,0.0,-2.0984082221984863,-2.0984082221984863,0.0
111.14037916441562,0.06850433349609375,2.1457672119140625e-06,2.1457672119140625e-06,0.0,-2.0984063148498535,-2.0984063148498535,0.0
111.23447603996145,0.0689544677734375,9.5367431640625e-07,9.5367431640625e-07,0.0,-2.098407506942749,-2.098407506942749,0.0
111.32858701145818,0.0694122314453125,2.384185791015625e-07,2.384185791015625e-07,0.0,-2.0984082221984863,-2.0984082221984863,0.0
111.4227181046903,0.0698699951171875,2.384185791015625e-06,2.384185791015625e-06,0.0,-2.0984060764312744,-2.0984060764312744,0.0
111.51686499395709,0.0703277587890625,2.384185791015625e-06,2.384185791015625e-06,0.0,-2.0984060764312744,-2.0984060764312744,0.0
111.6110292133718,0.0707855224609375,2.384185791015625e-06,2.384185791015625e-06,0.0,-2.0984060764312744,-2.0984060764312744,0.0
111.7052121088499,0.0712432861328125,2.6226043701171875e-06,2.6226043701171875e-06,0.0,-2.0984058380126953,-2.0984058380126953,0.0
111.79941147304591,0.07170867919921875,2.6226043701171875e-06,2.6226043701171875e-06,0.0,-2.0984058380126953,-2.0984058380126953,0.0
111.89362886574521,0.07216644287109375,3.0994415283203125e-06,3.0994415283203125e-06,0.0,-2.098405361175537,-2.098405361175537,0.0
111.98786358984039,0.0726318359375,7.152557373046875e-07,7.152557373046875e-07,0.0,-2.098407745361328,-2.098407745361328,0.0
112.08211436334894,0.07309722900390625,2.1457672119140625e-06,2.1457672119140625e-06,0.0,-2.0984063148498535,-2.0984063148498535,0.0
112.17638192811641,0.07357025146484375,2.6226043701171875e-06,2.6226043701171875e-06,0.0,-2.0984058380126953,-2.0984058380126953,0.0
112.27066928184537,0.07403564453125,2.384185791015625e-06,2.384185791015625e-06,0.0,-2.0984060764312744,-2.0984060764312744,0.0
112.36497322667398,0.0745086669921875,7.152557373046875e-07,7.152557373046875e-07,0.0,-2.098407745361328,-2.098407745361328,0.0
112.45929292763536,0.074981689453125,2.6226043701171875e-06,2.6226043701171875e-06,0.0,-2.0984058380126953,-2.0984058380126953,0.0
112.5536312096213,0.0754547119140625,2.384185791015625e-06,2.384185791015625e-06,0.0,-2.0984060764312744,-2.0984060764312744,0.0
112.6479873517704,0.075927734375,2.6226043701171875e-06,2.6226043701171875e-06,0.0,-2.0984058380126953,-2.0984058380126953,0.0
112.74235878367622,0.07640838623046875,2.1457672119140625e-06,2.1457672119140625e-06,0.0,-2.0984063148498535,-2.0984063148498535,0.0
112.8367502582913,0.07688140869140625,2.384185791015625e-07,2.384185791015625e-07,0.0,-2.0984082221984863,-2.0984082221984863,0.0
112.9311566619145,0.077362060546875,9.5367431640625e-07,9.5367431640625e-07,0.0,-2.098407506942749,-2.098407506942749,0.0
113.02558164028038,0.07784271240234375,7.152557373046875e-07,7.152557373046875e-07,0.0,-2.098407745361328,-2.098407745361328,0.0
113.12002338368788,0.07833099365234375,7.152557373046875e-07,7.152557373046875e-07,0.0,-2.098407745361328,-2.098407745361328,0.0
113.21448349613587,0.0788116455078125,7.152557373046875e-07,7.152557373046875e-07,0.0,-2.098407745361328,-2.098407745361328,0.0
113.30896148294609,0.0792999267578125,9.5367431640625e-07,9.5367431640625e-07,0.0,-2.098407506942749,-2.098407506942749,0.0
113.40345268557854,0.0797882080078125,2.6226043701171875e-06,2.6226043701171875e-06,0.0,-2.0984058380126953,-2.0984058380126953,0.0
113.49796441441434,0.08026885986328125,2.384185791015625e-06,2.384185791015625e-06,0.0,-2.0984060764312744,-2.0984060764312744,0.0
113.5924937470582,0.0807647705078125,7.152557373046875e-07,7.152557373046875e-07,0.0,-2.098407745361328,-2.098407745361328,0.0
113.68703989714432,0.0812530517578125,2.6226043701171875e-06,2.6226043701171875e-06,0.0,-2.0984058380126953,-2.0984058380126953,0.0
113.7816021344458,0.08174896240234375,2.384185791015625e-06,2.384185791015625e-06,0.0,-2.0984060764312744,-2.0984060764312744,0.0
113.87618181868814,0.082244873046875,2.6226043701171875e-06,2.6226043701171875e-06,0.0,-2.0984058380126953,-2.0984058380126953,0.0
113.97078070600904,0.08274078369140625,7.152557373046875e-07,7.152557373046875e-07,0.0,-2.098407745361328,-2.098407745361328,0.0
114.06539494219946,0.0832366943359375,4.76837158203125e-07,4.76837158203125e-07,0.0,-2.0984079837799072,-2.0984079837799072,0.0
114.16002618007447,0.08373260498046875,7.152557373046875e-07,7.152557373046875e-07,0.0,-2.098407745361328,-2.098407745361328,0.0
114.25467644737193,0.08423614501953125,7.152557373046875e-07,7.152557373046875e-07,0.0,-2.098407745361328,-2.098407745361328,0.0
114.34934248459119,0.08473968505859375,7.152557373046875e-07,7.152557373046875e-07,0.0,-2.098407745361328,-2.098407745361328,0.0
114.44402509039435,0.08524322509765625,2.384185791015625e-06,2.384185791015625e-06,0.0,-2.0984060764312744,-2.0984060764312744,0.0
114.53872651128553,0.08574676513671875,7.152557373046875e-07,7.152557373046875e-07,0.0,-2.098407745361328,-2.098407745361328,0.0
114.63344438853903,0.08625030517578125,2.1457672119140625e-06,2.1457672119140625e-06,0.0,-2.0984063148498535,-2.0984063148498535,0.0
114.72817985437743,0.086761474609375,2.6226043701171875e-06,2.6226043701171875e-06,0.0,-2.0984058380126953,-2.0984058380126953,0.0
114.82293314332097,0.08727264404296875,7.152557373046875e-07,7.152557373046875e-07,0.0,-2.098407745361328,-2.098407745361328,0.0
114.91770209520418,0.0877838134765625,2.6226043701171875e-06,2.6226043701171875e-06,0.0,-2.0984058380126953,-2.0984058380126953,0.0
115.0124887656313,0.08829498291015625,4.76837158203125e-07,4.76837158203125e-07,0.0,-2.0984079837799072,-2.0984079837799072,0.0
115.10729451114736,0.08880615234375,7.152557373046875e-07,7.152557373046875e-07,0.0,-2.098407745361328,-2.098407745361328,0.0
115.20211469677172,0.089324951171875,7.152557373046875e-07,7.152557373046875e-07,0.0,-2.098407745361328,-2.098407745361328,0.0
115.2969535125552,0.08983612060546875,2.384185791015625e-06,2.384185791015625e-06,0.0,-2.0984060764312744,-2.0984060764312744,0.0
115.39180889770934,0.09035491943359375,2.6226043701171875e-06,2.6226043701171875e-06,0.0,-2.0984058380126953,-2.0984058380126953,0.0
115.48668225212333,0.09087371826171875,2.6226043701171875e-06,2.6226043701171875e-06,0.0,-2.0984058380126953,-2.0984058380126953,0.0
115.58157130002631,0.091400146484375,2.1457672119140625e-06,2.1457672119140625e-06,0.0,-2.0984063148498535,-2.0984063148498535,0.0
115.6764798967668,0.0919189453125,2.6226043701171875e-06,2.6226043701171875e-06,0.0,-2.0984058380126953,-2.0984058380126953,0.0
115.77140485064704,0.09244537353515625,2.6226043701171875e-06,2.6226043701171875e-06,0.0,-2.0984058380126953,-2.0984058380126953,0.0
115.86634380610185,0.0929718017578125,7.152557373046875e-07,7.152557373046875e-07,0.0,-2.098407745361328,-2.098407745361328,0.0
115.96130390526046,0.09349822998046875,2.1457672119140625e-06,2.1457672119140625e-06,0.0,-2.0984063148498535,-2.0984063148498535,0.0
116.05627881596997,0.094024658203125,7.152557373046875e-07,7.152557373046875e-07,0.0,-2.098407745361328,-2.098407745361328,0.0
116.15127311372389,0.0945587158203125,2.6226043701171875e-06,2.6226043701171875e-06,0.0,-2.0984058380126953,-2.0984058380126953,0.0
116.24628186499686,0.0950927734375,2.1457672119140625e-06,2.1457672119140625e-06,0.0,-2.0984063148498535,-2.0984063148498535,0.0
116.34130935084434,0.09561920166015625,7.152557373046875e-07,7.152557373046875e-07,0.0,-2.098407745361328,-2.098407745361328,0.0
116.4363542250689,0.096160888671875,2.384185791015625e-07,2.384185791015625e-07,0.0,-2.0984082221984863,-2.0984082221984863,0.0
116.53141449845734,0.0966949462890625,2.6226043701171875e-06,2.6226043701171875e-06,0.0,-2.0984058380126953,-2.0984058380126953,0.0
116.62649170121523,0.09722900390625,2.1457672119140625e-06,2.1457672119140625e-06,0.0,-2.0984063148498535,-2.0984063148498535,0.0
116.72159023386995,0.09777069091796875,2.384185791015625e-06,2.384185791015625e-06,0.0,-2.0984060764312744,-2.0984060764312744,0.0
116.81670214039889,0.0983123779296875,2.6226043701171875e-06,2.6226043701171875e-06,0.0,-2.0984058380126953,-2.0984058380126953,0.0
116.91183054816996,0.09885406494140625,2.384185791015625e-06,2.384185791015625e-06,0.0,-2.0984060764312744,-2.0984060764312744,0.0
117.00697748328503,0.099395751953125,7.152557373046875e-07,7.152557373046875e-07,0.0,-2.098407745361328,-2.098407745361328,0.0
117.1021414100116,0.099945068359375,2.6226043701171875e-06,2.6226043701171875e-06,0.0,-2.0984058380126953,-2.0984058380126953,0.0
117.19732141911236,0.10048675537109375,2.384185791015625e-06,2.384185791015625e-06,0.0,-2.0984060764312744,-2.0984060764312744,0.0
117.29252012029913,0.10103607177734375,2.1457672119140625e-06,2.1457672119140625e-06,0.0,-2.0984063148498535,-2.0984063148498535,0.0
117.38773481474261,0.10158538818359375,2.384185791015625e-06,2.384185791015625e-06,0.0,-2.0984060764312744,-2.0984060764312744,0.0
117.48296719850248,0.10213470458984375,2.384185791015625e-06,2.384185791015625e-06,0.0,-2.0984060764312744,-2.0984060764312744,0.0
117.57821640625819,0.102691650390625,2.6226043701171875e-06,2.6226043701171875e-06,0.0,-2.0984058380126953,-2.0984058380126953,0.0
117.67348063532214,0.103240966796875,3.0994415283203125e-06,3.0994415283203125e-06,0.0,-2.098405361175537,-2.098405361175537,0.0
117.76876269019318,0.10379791259765625,2.384185791015625e-07,2.384185791015625e-07,0.0,-2.0984082221984863,-2.0984082221984863,0.0
117.86406553785517,0.1043548583984375,4.76837158203125e-07,4.76837158203125e-07,0.0,-2.0984079837799072,-2.0984079837799072,0.0
117.95938170867448,0.10491943359375,2.1457672119140625e-06,2.1457672119140625e-06,0.0,-2.0984063148498535,-2.0984063148498535,0.0
118.05471547441134,0.10547637939453125,2.6226043701171875e-06,2.6226043701171875e-06,0.0,-2.0984058380126953,-2.0984058380126953,0.0
118.15006471402056,0.10604095458984375,7.152557373046875e-07,7.152557373046875e-07,0.0,-2.098407745361328,-2.098407745361328,0.0
118.2454339592005,0.106597900390625,1.9073486328125e-06,1.9073486328125e-06,0.0,-2.0984065532684326,-2.0984065532684326,0.0
118.34081913961492,0.1071624755859375,2.1457672119140625e-06,2.1457672119140625e-06,0.0,-2.0984063148498535,-2.0984063148498535,0.0
118.43622112439625,0.10773468017578125,2.1457672119140625e-06,2.1457672119140625e-06,0.0,-2.0984063148498535,-2.0984063148498535,0.0
118.53163934436358,0.10829925537109375,2.384185791015625e-07,2.384185791015625e-07,0.0,-2.0984082221984863,-2.0984082221984863,0.0
118.62707536156577,0.10886383056640625,2.1457672119140625e-06,2.1457672119140625e-06,0.0,-2.0984063148498535,-2.0984063148498535,0.0
118.72252504974358,0.10943603515625,3.0994415283203125e-06,3.0994415283203125e-06,0.0,-2.098405361175537,-2.098405361175537,0.0
118.81799546933601,0.11000823974609375,7.152557373046875e-07,7.152557373046875e-07,0.0,-2.098407745361328,-2.098407745361328,0.0
118.91348055880626,0.1105804443359375,2.6226043701171875e-06,2.6226043701171875e-06,0.0,-2.0984058380126953,-2.0984058380126953,0.0
119.00898592105452,0.1111602783203125,2.6226043701171875e-06,2.6226043701171875e-06,0.0,-2.0984058380126953,-2.0984058380126953,0.0
119.10450503333425,0.11173248291015625,7.152557373046875e-07,7.152557373046875e-07,0.0,-2.098407745361328,-2.098407745361328,0.0
119.20004178793927,0.11231231689453125,2.1457672119140625e-06,2.1457672119140625e-06,0.0,-2.0984063148498535,-2.0984063148498535,0.0
119.2955975824726,0.11289215087890625,1.9073486328125e-06,1.9073486328125e-06,0.0,-2.0984065532684326,-2.0984065532684326,0.0
119.39116593985712,0.11347198486328125,2.384185791015625e-06,2.384185791015625e-06,0.0,-2.0984060764312744,-2.0984060764312744,0.0
119.48675587362953,0.1140594482421875,7.152557373046875e-07,7.152557373046875e-07,0.0,-2.098407745361328,-2.098407745361328,0.0
119.58235728508586,0.1146392822265625,2.1457672119140625e-06,2.1457672119140625e-06,0.0,-2.0984063148498535,-2.0984063148498535,0.0
119.67798072981843,0.11522674560546875,2.1457672119140625e-06,2.1457672119140625e-06,0.0,-2.0984063148498535,-2.0984063148498535,0.0
119.77361893465635,0.115814208984375,2.1457672119140625e-06,2.1457672119140625e-06,0.0,-2.0984063148498535,-2.0984063148498535,0.0
119.86927304073673,0.11640167236328125,7.152557373046875e-07,7.152557373046875e-07,0.0,-2.098407745361328,-2.098407745361328,0.0
119.96494610793214,0.1169891357421875,2.6226043701171875e-06,2.6226043701171875e-06,0.0,-2.0984058380126953,-2.0984058380126953,0.0
120.06063319608172,0.117584228515625,2.6226043701171875e-06,2.6226043701171875e-06,0.0,-2.0984058380126953,-2.0984058380126953,0.0
120.1563378934399,0.11817169189453125,2.6226043701171875e-06,2.6226043701171875e-06,0.0,-2.0984058380126953,-2.0984058380126953,0.0
120.25205761365685,0.11876678466796875,2.1457672119140625e-06,2.1457672119140625e-06,0.0,-2.0984063148498535,-2.0984063148498535,0.0
120.34779899768874,0.11936187744140625,2.384185791015625e-06,2.384185791015625e-06,0.0,-2.0984060764312744,-2.0984060764312744,0.0
120.44355547029485,0.119964599609375,2.6226043701171875e-06,2.6226043701171875e-06,0.0,-2.0984058380126953,-2.0984058380126953,0.0
120.53932567911666,0.1205596923828125,2.6226043701171875e-06,2.6226043701171875e-06,0.0,-2.0984058380126953,-2.0984058380126953,0.0
120.63511409873762,0.12116241455078125,2.384185791015625e-06,2.384185791015625e-06,0.0,-2.0984060764312744,-2.0984060764312744,0.0
120.73092241750908,0.12176513671875,2.384185791015625e-07,2.384185791015625e-07,0.0,-2.0984082221984863,-2.0984082221984863,0.0
120.82674381770708,0.12236785888671875,2.384185791015625e-07,2.384185791015625e-07,0.0,-2.0984082221984863,-2.0984082221984863,0.0
120.922582783124,0.1229705810546875,2.1457672119140625e-06,2.1457672119140625e-06,0.0,-2.0984063148498535,-2.0984063148498535,0.0
121.0184384624853,0.1235809326171875,2.1457672119140625e-06,2.1457672119140625e-06,0.0,-2.0984063148498535,-2.0984063148498535,0.0
121.11431123448472,0.12418365478515625,2.6226043701171875e-06,2.6226043701171875e-06,0.0,-2.0984058380126953,-2.0984058380126953,0.0
121.21020133698684,0.12479400634765625,2.6226043701171875e-06,2.6226043701171875e-06,0.0,-2.0984058380126953,-2.0984058380126953,0.0
121.30610658437031,0.12540435791015625,7.152557373046875e-07,7.152557373046875e-07,0.0,-2.098407745361328,-2.098407745361328,0.0
121.4020303651448,0.12601470947265625,7.152557373046875e-07,7.152557373046875e-07,0.0,-2.098407745361328,-2.098407745361328,0.0
121.49797122947007,0.1266326904296875,2.6226043701171875e-06,2.6226043701171875e-06,0.0,-2.0984058380126953,-2.0984058380126953,0.0
121.59392527461547,0.1272430419921875,2.86102294921875e-06,2.86102294921875e-06,0.0,-2.098405599594116,-2.098405599594116,0.0
121.68989799229598,0.12786102294921875,2.86102294921875e-06,2.86102294921875e-06,0.0,-2.098405599594116,-2.098405599594116,0.0
121.78588679109903,0.12847900390625,4.76837158203125e-07,4.76837158203125e-07,0.0,-2.0984079837799072,-2.0984079837799072,0.0
121.8818918470656,0.12909698486328125,2.384185791015625e-06,2.384185791015625e-06,0.0,-2.0984060764312744,-2.0984060764312744,0.0
121.97791332901633,0.12972259521484375,1.9073486328125e-06,1.9073486328125e-06,0.0,-2.0984065532684326,-2.0984065532684326,0.0
122.0739543334833,0.130340576171875,9.5367431640625e-07,9.5367431640625e-07,0.0,-2.098407506942749,-2.098407506942749,0.0
122.1700095161185,0.1309661865234375,7.152557373046875e-07,7.152557373046875e-07,0.0,-2.098407745361328,-2.098407745361328,0.0
122.26608167237855,0.131591796875,7.152557373046875e-07,7.152557373046875e-07,0.0,-2.098407745361328,-2.098407745361328,0.0
122.36217119888266,0.1322174072265625,7.152557373046875e-07,7.152557373046875e-07,0.0,-2.098407745361328,-2.098407745361328,0.0
122.45827567214089,0.13285064697265625,2.6226043701171875e-06,2.6226043701171875e-06,0.0,-2.0984058380126953,-2.0984058380126953,0.0
122.55439455718421,0.13347625732421875,2.1457672119140625e-06,2.1457672119140625e-06,0.0,-2.0984063148498535,-2.0984063148498535,0.0
122.65053475201265,0.1341094970703125,2.6226043701171875e-06,2.6226043701171875e-06,0.0,-2.0984058380126953,-2.0984058380126953,0.0
122.74669096599628,0.13474273681640625,2.384185791015625e-06,2.384185791015625e-06,0.0,-2.0984060764312744,-2.0984060764312744,0.0
122.84285916266603,0.1353759765625,2.1457672119140625e-06,2.1457672119140625e-06,0.0,-2.0984063148498535,-2.0984063148498535,0.0
122.93904954576803,0.136016845703125,7.152557373046875e-07,7.152557373046875e-07,0.0,-2.098407745361328,-2.098407745361328,0.0
123.03525279764544,0.13665008544921875,2.6226043701171875e-06,2.6226043701171875e-06,0.0,-2.0984058380126953,-2.0984058380126953,0.0
123.13147304784897,0.13729095458984375,4.76837158203125e-07,4.76837158203125e-07,0.0,-2.0984079837799072,-2.0984079837799072,0.0
123.2277093143305,0.13793182373046875,2.6226043701171875e-06,2.6226043701171875e-06,0.0,-2.0984058380126953,-2.0984058380126953,0.0
123.32396234908728,0.13857269287109375,2.384185791015625e-06,2.384185791015625e-06,0.0,-2.0984060764312744,-2.0984060764312744,0.0
123.4202355745064,0.13921356201171875,2.384185791015625e-07,2.384185791015625e-07,0.0,-2.0984082221984863,-2.0984082221984863,0.0
123.51652029590653,0.139862060546875,2.384185791015625e-06,2.384185791015625e-06,0.0,-2.0984060764312744,-2.0984060764312744,0.0
123.61282258880337,0.14051055908203125,2.6226043701171875e-06,2.6226043701171875e-06,0.0,-2.0984058380126953,-2.0984058380126953,0.0
123.70914202692276,0.1411590576171875,7.152557373046875e-07,7.152557373046875e-07,0.0,-2.098407745361328,-2.098407745361328,0.0
123.80547734842955,0.14180755615234375,2.384185791015625e-06,2.384185791015625e-06,0.0,-2.0984060764312744,-2.0984060764312744,0.0
123.90182772289123,0.1424560546875,2.6226043701171875e-06,2.6226043701171875e-06,0.0,-2.0984058380126953,-2.0984058380126953,0.0
123.99819911666593,0.14310455322265625,2.1457672119140625e-06,2.1457672119140625e-06,0.0,-2.0984063148498535,-2.0984063148498535,0.0
124.09458388883338,0.14376068115234375,2.6226043701171875e-06,2.6226043701171875e-06,0.0,-2.0984058380126953,-2.0984058380126953,0.0
124.19098396689371,0.14441680908203125,2.6226043701171875e-06,2.6226043701171875e-06,0.0,-2.0984058380126953,-2.0984058380126953,0.0
124.2874005454717,0.14507293701171875,7.152557373046875e-07,7.152557373046875e-07,0.0,-2.098407745361328,-2.098407745361328,0.0
124.38383382509264,0.14572906494140625,4.76837158203125e-07,4.76837158203125e-07,0.0,-2.0984079837799072,-2.0984079837799072,0.0
124.48028402459448,0.146392822265625,2.6226043701171875e-06,2.6226043701171875e-06,0.0,-2.0984058380126953,-2.0984058380126953,0.0
124.57675041985827,0.14705657958984375,2.6226043701171875e-06,2.6226043701171875e-06,0.0,-2.0984058380126953,-2.0984058380126953,0.0
124.67323206523075,0.1477203369140625,2.1457672119140625e-06,2.1457672119140625e-06,0.0,-2.0984063148498535,-2.0984063148498535,0.0
124.76973347340548,0.14838409423828125,2.1457672119140625e-06,2.1457672119140625e-06,0.0,-2.0984063148498535,-2.0984063148498535,0.0
124.86624652306942,0.1490478515625,2.1457672119140625e-06,2.1457672119140625e-06,0.0,-2.0984063148498535,-2.0984063148498535,0.0
124.96277769364343,0.14971160888671875,7.152557373046875e-07,7.152557373046875e-07,0.0,-2.098407745361328,-2.098407745361328,0.0
125.05932399253048,0.15038299560546875,2.384185791015625e-06,2.384185791015625e-06,0.0,-2.0984060764312744,-2.0984060764312744,0.0
125.1558888745324,0.15105438232421875,2.1457672119140625e-06,2.1457672119140625e-06,0.0,-2.0984063148498535,-2.0984063148498535,0.0
125.2524662927981,0.15172576904296875,2.1457672119140625e-06,2.1457672119140625e-06,0.0,-2.0984063148498535,-2.0984063148498535,0.0
125.3490653480891,0.15239715576171875,2.6226043701171875e-06,2.6226043701171875e-06,0.0,-2.0984058380126953,-2.0984058380126953,0.0
125.44567782403344,0.153076171875,7.152557373046875e-07,7.152557373046875e-07,0.0,-2.098407745361328,-2.098407745361328,0.0
125.54230369887367,0.15374755859375,4.76837158203125e-07,4.76837158203125e-07,0.0,-2.0984079837799072,-2.0984079837799072,0.0
125.63894601558462,0.15442657470703125,2.1457672119140625e-06,2.1457672119140625e-06,0.0,-2.0984063148498535,-2.0984063148498535,0.0
125.73561081492667,0.1551055908203125,2.1457672119140625e-06,2.1457672119140625e-06,0.0,-2.0984063148498535,-2.0984063148498535,0.0
125.83228747621673,0.15578460693359375,2.6226043701171875e-06,2.6226043701171875e-06,0.0,-2.0984058380126953,-2.0984058380126953,0.0
125.92898045674937,0.15647125244140625,2.6226043701171875e-06,2.6226043701171875e-06,0.0,-2.0984058380126953,-2.0984058380126953,0.0
126.02568569915178,0.1571502685546875,2.384185791015625e-07,2.384185791015625e-07,0.0,-2.0984082221984863,-2.0984082221984863,0.0
126.12241171476593,0.1578369140625,7.152557373046875e-07,7.152557373046875e-07,0.0,-2.098407745361328,-2.098407745361328,0.0
126.21915248615291,0.1585235595703125,2.384185791015625e-07,2.384185791015625e-07,0.0,-2.0984082221984863,-2.0984082221984863,0.0
126.31590938558985,0.159210205078125,7.152557373046875e-07,7.152557373046875e-07,0.0,-2.098407745361328,-2.098407745361328,0.0
126.41268374495947,0.15990447998046875,7.152557373046875e-07,7.152557373046875e-07,0.0,-2.098407745361328,-2.098407745361328,0.0
126.50947087630364,0.16059112548828125,2.1457672119140625e-06,2.1457672119140625e-06,0.0,-2.0984063148498535,-2.0984063148498535,0.0
126.60627482647129,0.161285400390625,2.1457672119140625e-06,2.1457672119140625e-06,0.0,-2.0984063148498535,-2.0984063148498535,0.0
126.70309736794457,0.16197967529296875,2.86102294921875e-06,2.86102294921875e-06,0.0,-2.098405599594116,-2.098405599594116,0.0
126.79993605210822,0.1626739501953125,2.1457672119140625e-06,2.1457672119140625e-06,0.0,-2.0984063148498535,-2.0984063148498535,0.0
126.89678953042377,0.16336822509765625,2.384185791015625e-07,2.384185791015625e-07,0.0,-2.0984082221984863,-2.0984082221984863,0.0
126.99365613271434,0.16407012939453125,7.152557373046875e-07,7.152557373046875e-07,0.0,-2.098407745361328,-2.098407745361328,0.0
127.09054048653192,0.16477203369140625,2.6226043701171875e-06,2.6226043701171875e-06,0.0,-2.0984058380126953,-2.0984058380126953,0.0
127.18744182152004,0.16547393798828125,2.384185791015625e-06,2.384185791015625e-06,0.0,-2.0984060764312744,-2.0984060764312744,0.0
127.28435769506164,0.16617584228515625,2.6226043701171875e-06,2.6226043701171875e-06,0.0,-2.0984058380126953,-2.0984058380126953,0.0
127.38129199277766,0.16687774658203125,2.6226043701171875e-06,2.6226043701171875e-06,0.0,-2.0984058380126953,-2.0984058380126953,0.0
127.47823824691999,0.1675872802734375,7.152557373046875e-07,7.152557373046875e-07,0.0,-2.098407745361328,-2.098407745361328,0.0
127.57520611812797,0.1682891845703125,7.152557373046875e-07,7.152557373046875e-07,0.0,-2.098407745361328,-2.098407745361328,0.0
127.67218298884272,0.16899871826171875,2.6226043701171875e-06,2.6226043701171875e-06,0.0,-2.0984058380126953,-2.0984058380126953,0.0
127.76917962104228,0.169708251953125,2.384185791015625e-06,2.384185791015625e-06,0.0,-2.0984060764312744,-2.0984060764312744,0.0
127.86619418126826,0.1704254150390625,4.76837158203125e-07,4.76837158203125e-07,0.0,-2.0984079837799072,-2.0984079837799072,0.0
127.96321985984974,0.17113494873046875,7.152557373046875e-07,7.152557373046875e-07,0.0,-2.098407745361328,-2.098407745361328,0.0
128.0602617459508,0.17185211181640625,2.1457672119140625e-06,2.1457672119140625e-06,0.0,-2.0984063148498535,-2.0984063148498535,0.0
128.1573236870502,0.17256927490234375,2.6226043701171875e-06,2.6226043701171875e-06,0.0,-2.0984058380126953,-2.0984058380126953,0.0
128.25439693005004,0.17328643798828125,7.152557373046875e-07,7.152557373046875e-07,0.0,-2.098407745361328,-2.098407745361328,0.0
128.35148692740196,0.17400360107421875,7.152557373046875e-07,7.152557373046875e-07,0.0,-2.098407745361328,-2.098407745361328,0.0
128.44859497299146,0.1747283935546875,2.6226043701171875e-06,2.6226043701171875e-06,0.0,-2.0984058380126953,-2.0984058380126953,0.0
128.545717797159,0.175445556640625,2.6226043701171875e-06,2.6226043701171875e-06,0.0,-2.0984058380126953,-2.0984058380126953,0.0
128.64285235192952,0.17617034912109375,7.152557373046875e-07,7.152557373046875e-07,0.0,-2.098407745361328,-2.098407745361328,0.0
128.74000551785375,0.1768951416015625,2.6226043701171875e-06,2.6226043701171875e-06,0.0,-2.0984058380126953,-2.0984058380126953,0.0
128.8371737546856,0.17761993408203125,7.152557373046875e-07,7.152557373046875e-07,0.0,-2.098407745361328,-2.098407745361328,0.0
128.93436057165792,0.17835235595703125,4.76837158203125e-07,4.76837158203125e-07,0.0,-2.0984079837799072,-2.0984079837799072,0.0
129.0315604971461,0.17908477783203125,2.86102294921875e-06,2.86102294921875e-06,0.0,-2.098405599594116,-2.098405599594116,0.0
129.12877662369974,0.1798095703125,2.1457672119140625e-06,2.1457672119140625e-06,0.0,-2.0984063148498535,-2.0984063148498535,0.0
129.22600962066582,0.1805419921875,2.6226043701171875e-06,2.6226043701171875e-06,0.0,-2.0984058380126953,-2.0984058380126953,0.0
129.32325591755327,0.18128204345703125,2.6226043701171875e-06,2.6226043701171875e-06,0.0,-2.0984058380126953,-2.0984058380126953,0.0
129.42051908447164,0.18201446533203125,4.76837158203125e-07,4.76837158203125e-07,0.0,-2.0984079837799072,-2.0984079837799072,0.0
129.51779647563507,0.1827545166015625,7.152557373046875e-07,7.152557373046875e-07,0.0,-2.098407745361328,-2.098407745361328,0.0
129.61508831765642,0.18349456787109375,2.6226043701171875e-06,2.6226043701171875e-06,0.0,-2.0984058380126953,-2.0984058380126953,0.0
129.71239768591346,0.184234619140625,2.1457672119140625e-06,2.1457672119140625e-06,0.0,-2.0984063148498535,-2.0984063148498535,0.0
129.80972483071292,0.18497467041015625,2.384185791015625e-06,2.384185791015625e-06,0.0,-2.0984060764312744,-2.0984060764312744,0.0
129.90706469930643,0.1857147216796875,7.152557373046875e-07,7.152557373046875e-07,0.0,-2.098407745361328,-2.098407745361328,0.0
130.0044189619085,0.18646240234375,7.152557373046875e-07,7.152557373046875e-07,0.0,-2.098407745361328,-2.098407745361328,0.0
130.10178975475432,0.1872100830078125,2.6226043701171875e-06,2.6226043701171875e-06,0.0,-2.0984058380126953,-2.0984058380126953,0.0
130.1991786992732,0.18795013427734375,2.384185791015625e-06,2.384185791015625e-06,0.0,-2.0984060764312744,-2.0984060764312744,0.0
130.29658084863362,0.1887054443359375,2.6226043701171875e-06,2.6226043701171875e-06,0.0,-2.0984058380126953,-2.0984058380126953,0.0
130.39399633487827,0.189453125,2.1457672119140625e-06,2.1457672119140625e-06,0.0,-2.0984063148498535,-2.0984063148498535,0.0
130.4914282941696,0.19020843505859375,2.384185791015625e-07,2.384185791015625e-07,0.0,-2.0984082221984863,-2.0984082221984863,0.0
130.5888769538648,0.19095611572265625,2.384185791015625e-06,2.384185791015625e-06,0.0,-2.0984060764312744,-2.0984060764312744,0.0
130.68633961913733,0.19171142578125,2.6226043701171875e-06,2.6226043701171875e-06,0.0,-2.0984058380126953,-2.0984058380126953,0.0
130.78381991782186,0.19246673583984375,2.6226043701171875e-06,2.6226043701171875e-06,0.0,-2.0984058380126953,-2.0984058380126953,0.0
130.88131429951133,0.19322967529296875,2.6226043701171875e-06,2.6226043701171875e-06,0.0,-2.0984058380126953,-2.0984058380126953,0.0
130.9788233533746,0.1939849853515625,2.6226043701171875e-06,2.6226043701171875e-06,0.0,-2.0984058380126953,-2.0984058380126953,0.0
131.0763502096715,0.1947479248046875,2.384185791015625e-06,2.384185791015625e-06,0.0,-2.0984060764312744,-2.0984060764312744,0.0
131.17388940653916,0.1955108642578125,2.6226043701171875e-06,2.6226043701171875e-06,0.0,-2.0984058380126953,-2.0984058380126953,0.0
131.27144439754986,0.1962738037109375,4.76837158203125e-07,4.76837158203125e-07,0.0,-2.0984079837799072,-2.0984079837799072,0.0
131.3690116843519,0.1970367431640625,2.6226043701171875e-06,2.6226043701171875e-06,0.0,-2.0984058380126953,-2.0984058380126953,0.0
131.46659815991717,0.19780731201171875,2.384185791015625e-06,2.384185791015625e-06,0.0,-2.0984060764312744,-2.0984060764312744,0.0
131.56420081393898,0.198577880859375,7.152557373046875e-07,7.152557373046875e-07,0.0,-2.098407745361328,-2.098407745361328,0.0
131.66181622044402,0.19934844970703125,7.152557373046875e-07,7.152557373046875e-07,0.0,-2.098407745361328,-2.098407745361328,0.0
131.75944577792407,0.2001190185546875,2.6226043701171875e-06,2.6226043701171875e-06,0.0,-2.0984058380126953,-2.0984058380126953,0.0
131.8570949596146,0.20088958740234375,1.9073486328125e-06,1.9073486328125e-06,0.0,-2.0984065532684326,-2.0984065532684326,0.0
131.95475499743137,0.20166778564453125,7.152557373046875e-07,7.152557373046875e-07,0.0,-2.098407745361328,-2.098407745361328,0.0
132.05242964038132,0.2024383544921875,2.384185791015625e-07,2.384185791015625e-07,0.0,-2.0984082221984863,-2.0984082221984863,0.0
132.15012408099915,0.203216552734375,2.384185791015625e-06,2.384185791015625e-06,0.0,-2.0984060764312744,-2.0984060764312744,0.0
132.24783151470157,0.2039947509765625,2.1457672119140625e-06,2.1457672119140625e-06,0.0,-2.0984063148498535,-2.0984063148498535,0.0
132.3455500025855,0.20477294921875,4.76837158203125e-07,4.76837158203125e-07,0.0,-2.0984079837799072,-2.0984079837799072,0.0
132.44329042453325,0.20555877685546875,2.86102294921875e-06,2.86102294921875e-06,0.0,-2.098405599594116,-2.098405599594116,0.0
132.54104005998562,0.2063446044921875,2.6226043701171875e-06,2.6226043701171875e-06,0.0,-2.0984058380126953,-2.0984058380126953,0.0
132.63880861025035,0.207122802734375,2.6226043701171875e-06,2.6226043701171875e-06,0.0,-2.0984058380126953,-2.0984058380126953,0.0
132.7365895386318,0.20790863037109375,1.9073486328125e-06,1.9073486328125e-06,0.0,-2.0984065532684326,-2.0984065532684326,0.0
132.83438689696428,0.20870208740234375,2.6226043701171875e-06,2.6226043701171875e-06,0.0,-2.0984058380126953,-2.0984058380126953,0.0
132.9321980943194,0.2094879150390625,7.152557373046875e-07,7.152557373046875e-07,0.0,-2.098407745361328,-2.098407745361328,0.0
133.03002233375332,0.2102813720703125,4.76837158203125e-07,4.76837158203125e-07,0.0,-2.0984079837799072,-2.0984079837799072,0.0
133.12786433246558,0.2110748291015625,2.6226043701171875e-06,2.6226043701171875e-06,0.0,-2.0984058380126953,-2.0984058380126953,0.0
133.22572240210272,0.2118682861328125,2.6226043701171875e-06,2.6226043701171875e-06,0.0,-2.0984058380126953,-2.0984058380126953,0.0
133.3235951261485,0.2126617431640625,2.6226043701171875e-06,2.6226043701171875e-06,0.0,-2.0984058380126953,-2.0984058380126953,0.0
133.4214800840122,0.2134552001953125,2.1457672119140625e-06,2.1457672119140625e-06,0.0,-2.0984063148498535,-2.0984063148498535,0.0
133.51937909678932,0.21425628662109375,7.152557373046875e-07,7.152557373046875e-07,0.0,-2.098407745361328,-2.098407745361328,0.0
133.61729611228853,0.215057373046875,2.1457672119140625e-06,2.1457672119140625e-06,0.0,-2.0984063148498535,-2.0984063148498535,0.0
133.71522648202122,0.21585845947265625,2.6226043701171875e-06,2.6226043701171875e-06,0.0,-2.0984058380126953,-2.0984058380126953,0.0
133.81317159085637,0.2166595458984375,7.152557373046875e-07,7.152557373046875e-07,0.0,-2.098407745361328,-2.098407745361328,0.0
133.91113274217824,0.21746063232421875,7.152557373046875e-07,7.152557373046875e-07,0.0,-2.098407745361328,-2.098407745361328,0.0
134.00910381891575,0.21826934814453125,2.6226043701171875e-06,2.6226043701171875e-06,0.0,-2.0984058380126953,-2.0984058380126953,0.0
134.1070934951935,0.21907806396484375,2.6226043701171875e-06,2.6226043701171875e-06,0.0,-2.0984058380126953,-2.0984058380126953,0.0
134.20509765215837,0.21988677978515625,2.384185791015625e-06,2.384185791015625e-06,0.0,-2.0984060764312744,-2.0984060764312744,0.0
134.3031207925573,0.22069549560546875,2.1457672119140625e-06,2.1457672119140625e-06,0.0,-2.0984063148498535,-2.0984063148498535,0.0
134.40115215833416,0.22150421142578125,1.1920928955078125e-06,1.1920928955078125e-06,0.0,-2.09840726852417,-2.09840726852417,0.0
134.49919778152554,0.222320556640625,7.152557373046875e-07,7.152557373046875e-07,0.0,-2.098407745361328,-2.098407745361328,0.0
134.59726085076207,0.2231292724609375,2.6226043701171875e-06,2.6226043701171875e-06,0.0,-2.0984058380126953,-2.0984058380126953,0.0
134.6953412820016,0.22394561767578125,2.384185791015625e-06,2.384185791015625e-06,0.0,-2.0984060764312744,-2.0984060764312744,0.0
134.7934307494724,0.22476959228515625,2.86102294921875e-06,2.86102294921875e-06,0.0,-2.098405599594116,-2.098405599594116,0.0
134.89153845657282,0.2255859375,2.384185791015625e-06,2.384185791015625e-06,0.0,-2.0984060764312744,-2.0984060764312744,0.0
134.98965833400078,0.22640228271484375,2.384185791015625e-06,2.384185791015625e-06,0.0,-2.0984060764312744,-2.0984060764312744,0.0
135.0877937648146,0.22722625732421875,2.384185791015625e-06,2.384185791015625e-06,0.0,-2.0984060764312744,-2.0984060764312744,0.0
135.18594181981047,0.22805023193359375,2.1457672119140625e-06,2.1457672119140625e-06,0.0,-2.0984063148498535,-2.0984063148498535,0.0
135.28410900130214,0.22887420654296875,2.6226043701171875e-06,2.6226043701171875e-06,0.0,-2.0984058380126953,-2.0984058380126953,0.0
135.3822870809377,0.22969818115234375,2.6226043701171875e-06,2.6226043701171875e-06,0.0,-2.0984058380126953,-2.0984058380126953,0.0
135.48048064372367,0.23052978515625,7.152557373046875e-07,7.152557373046875e-07,0.0,-2.098407745361328,-2.098407745361328,0.0
135.5786886778161,0.23136138916015625,7.152557373046875e-07,7.152557373046875e-07,0.0,-2.098407745361328,-2.098407745361328,0.0
135.67691043919174,0.23218536376953125,4.76837158203125e-07,4.76837158203125e-07,0.0,-2.0984079837799072,-2.0984079837799072,0.0
135.77514614239047,0.23302459716796875,2.6226043701171875e-06,2.6226043701171875e-06,0.0,-2.0984058380126953,-2.0984058380126953,0.0
135.87339606354615,0.233856201171875,2.6226043701171875e-06,2.6226043701171875e-06,0.0,-2.0984058380126953,-2.0984058380126953,0.0
135.97166133089115,0.23468780517578125,2.384185791015625e-06,2.384185791015625e-06,0.0,-2.0984060764312744,-2.0984060764312744,0.0
136.06994395144164,0.23552703857421875,2.384185791015625e-06,2.384185791015625e-06,0.0,-2.0984060764312744,-2.0984060764312744,0.0
136.1682360770807,0.23636627197265625,2.1457672119140625e-06,2.1457672119140625e-06,0.0,-2.0984063148498535,-2.0984063148498535,0.0
136.26654387020815,0.23720550537109375,7.152557373046875e-07,7.152557373046875e-07,0.0,-2.098407745361328,-2.098407745361328,0.0
136.36486630238707,0.23804473876953125,2.384185791015625e-06,2.384185791015625e-06,0.0,-2.0984060764312744,-2.0984060764312744,0.0
136.46320229727638,0.2388916015625,2.6226043701171875e-06,2.6226043701171875e-06,0.0,-2.0984058380126953,-2.0984058380126953,0.0
136.56155122880412,0.2397308349609375,4.76837158203125e-07,4.76837158203125e-07,0.0,-2.0984079837799072,-2.0984079837799072,0.0
136.65991939496277,0.24057769775390625,2.6226043701171875e-06,2.6226043701171875e-06,0.0,-2.0984058380126953,-2.0984058380126953,0.0
136.75829784501008,0.241424560546875,2.384185791015625e-06,2.384185791015625e-06,0.0,-2.0984060764312744,-2.0984060764312744,0.0
136.85669011854773,0.24227142333984375,7.152557373046875e-07,7.152557373046875e-07,0.0,-2.098407745361328,-2.098407745361328,0.0
136.9550969812946,0.24312591552734375,2.384185791015625e-06,2.384185791015625e-06,0.0,-2.0984060764312744,-2.0984060764312744,0.0
137.05351731209421,0.2439727783203125,7.152557373046875e-07,7.152557373046875e-07,0.0,-2.098407745361328,-2.098407745361328,0.0
137.15195548046879,0.2448272705078125,2.6226043701171875e-06,2.6226043701171875e-06,0.0,-2.0984058380126953,-2.0984058380126953,0.0
137.2504017969511,0.2456817626953125,2.6226043701171875e-06,2.6226043701171875e-06,0.0,-2.0984058380126953,-2.0984058380126953,0.0
137.34886683126632,0.2465362548828125,2.1457672119140625e-06,2.1457672119140625e-06,0.0,-2.0984063148498535,-2.0984063148498535,0.0
137.44734631156734,0.24739837646484375,2.6226043701171875e-06,2.6226043701171875e-06,0.0,-2.0984058380126953,-2.0984058380126953,0.0
137.5458348963581,0.24825286865234375,2.6226043701171875e-06,2.6226043701171875e-06,0.0,-2.0984058380126953,-2.0984058380126953,0.0
137.64433964410625,0.249114990234375,9.5367431640625e-07,9.5367431640625e-07,0.0,-2.098407506942749,-2.098407506942749,0.0
137.74285989714534,0.24997711181640625,0.0,0.0,0.0,-2.0984084606170654,-2.0984084606170654,0.0
137.84139331071964,0.2508392333984375,7.152557373046875e-07,7.152557373046875e-07,0.0,-2.098407745361328,-2.098407745361328,0.0
137.93994017803783,0.251708984375,9.5367431640625e-07,9.5367431640625e-07,0.0,-2.098407506942749,-2.098407506942749,0.0
138.03850332281095,0.25257110595703125,2.384185791015625e-06,2.384185791015625e-06,0.0,-2.0984060764312744,-2.0984060764312744,0.0
138.13707732538822,0.25344085693359375,2.1457672119140625e-06,2.1457672119140625e-06,0.0,-2.0984063148498535,-2.0984063148498535,0.0
138.23566541168145,0.25431060791015625,7.152557373046875e-07,7.152557373046875e-07,0.0,-2.098407745361328,-2.098407745361328,0.0
138.33426756230384,0.25518035888671875,2.384185791015625e-06,2.384185791015625e-06,0.0,-2.0984060764312744,-2.0984060764312744,0.0
138.43288411409813,0.25605010986328125,7.152557373046875e-07,7.152557373046875e-07,0.0,-2.098407745361328,-2.098407745361328,0.0
138.5315122815036,0.256927490234375,2.6226043701171875e-06,2.6226043701171875e-06,0.0,-2.0984058380126953,-2.0984058380126953,0.0
138.63015775960218,0.25780487060546875,2.6226043701171875e-06,2.6226043701171875e-06,0.0,-2.0984058380126953,-2.0984058380126953,0.0
138.7288165410378,0.2586822509765625,2.6226043701171875e-06,2.6226043701171875e-06,0.0,-2.0984058380126953,-2.0984058380126953,0.0
138.82748703795443,0.25955963134765625,2.1457672119140625e-06,2.1457672119140625e-06,0.0,-2.0984063148498535,-2.0984063148498535,0.0
138.92617276082817,0.26043701171875,2.86102294921875e-06,2.86102294921875e-06,0.0,-2.098405599594116,-2.098405599594116,0.0
139.02487149716129,0.261322021484375,2.1457672119140625e-06,2.1457672119140625e-06,0.0,-2.0984063148498535,-2.0984063148498535,0.0
139.1235834787805,0.26219940185546875,2.6226043701171875e-06,2.6226043701171875e-06,0.0,-2.0984058380126953,-2.0984058380126953,0.0
139.22230899538886,0.26308441162109375,2.384185791015625e-07,2.384185791015625e-07,0.0,-2.0984082221984863,-2.0984082221984863,0.0
139.32104724639464,0.26396942138671875,2.1457672119140625e-06,2.1457672119140625e-06,0.0,-2.0984063148498535,-2.0984063148498535,0.0
139.4198027870614,0.26485443115234375,7.152557373046875e-07,7.152557373046875e-07,0.0,-2.098407745361328,-2.098407745361328,0.0
139.51856858618098,0.2657470703125,2.86102294921875e-06,2.86102294921875e-06,0.0,-2.098405599594116,-2.098405599594116,0.0
139.61734637312856,0.26663970947265625,2.384185791015625e-06,2.384185791015625e-06,0.0,-2.0984060764312744,-2.0984060764312744,0.0
139.7161407475317,0.2675323486328125,2.1457672119140625e-06,2.1457672119140625e-06,0.0,-2.0984063148498535,-2.0984063148498535,0.0
139.81495033550047,0.26842498779296875,2.384185791015625e-06,2.384185791015625e-06,0.0,-2.0984060764312744,-2.0984060764312744,0.0
139.91376827274988,0.269317626953125,2.1457672119140625e-06,2.1457672119140625e-06,0.0,-2.0984063148498535,-2.0984063148498535,0.0
140.01260147133334,0.27021026611328125,2.1457672119140625e-06,2.1457672119140625e-06,0.0,-2.0984063148498535,-2.0984063148498535,0.0
140.11144720309804,0.27111053466796875,1.9073486328125e-06,1.9073486328125e-06,0.0,-2.0984065532684326,-2.0984065532684326,0.0
140.21030921116522,0.27201080322265625,7.152557373046875e-07,7.152557373046875e-07,0.0,-2.098407745361328,-2.098407745361328,0.0
140.30918224499095,0.27291107177734375,2.1457672119140625e-06,2.1457672119140625e-06,0.0,-2.0984063148498535,-2.0984063148498535,0.0
140.4080696336476,0.27381134033203125,2.6226043701171875e-06,2.6226043701171875e-06,0.0,-2.0984058380126953,-2.0984058380126953,0.0
140.5069724040398,0.27471923828125,2.1457672119140625e-06,2.1457672119140625e-06,0.0,-2.0984063148498535,-2.0984063148498535,0.0
140.60588307320637,0.2756195068359375,7.152557373046875e-07,7.152557373046875e-07,0.0,-2.098407745361328,-2.098407745361328,0.0
140.70481253502808,0.27652740478515625,2.1457672119140625e-06,2.1457672119140625e-06,0.0,-2.0984063148498535,-2.0984063148498535,0.0
140.8037503361658,0.277435302734375,2.1457672119140625e-06,2.1457672119140625e-06,0.0,-2.0984063148498535,-2.0984063148498535,0.0
140.90270581283923,0.27834320068359375,2.384185791015625e-06,2.384185791015625e-06,0.0,-2.0984060764312744,-2.0984060764312744,0.0
141.00167219626556,0.2792510986328125,7.152557373046875e-07,7.152557373046875e-07,0.0,-2.098407745361328,-2.098407745361328,0.0
141.10065097958218,0.2801666259765625,2.6226043701171875e-06,2.6226043701171875e-06,0.0,-2.0984058380126953,-2.0984058380126953,0.0
141.19964608501638,0.2810821533203125,2.6226043701171875e-06,2.6226043701171875e-06,0.0,-2.0984058380126953,-2.0984058380126953,0.0
141.29865081227555,0.2819976806640625,9.5367431640625e-07,9.5367431640625e-07,0.0,-2.098407506942749,-2.098407506942749,0.0
141.39767092527248,0.2829132080078125,2.6226043701171875e-06,2.6226043701171875e-06,0.0,-2.0984058380126953,-2.0984058380126953,0.0
141.49670015267088,0.2838287353515625,2.384185791015625e-06,2.384185791015625e-06,0.0,-2.0984060764312744,-2.0984060764312744,0.0
141.595745777019,0.28475189208984375,7.152557373046875e-07,7.152557373046875e-07,0.0,-2.098407745361328,-2.098407745361328,0.0
141.69480345567345,0.285675048828125,2.1457672119140625e-06,2.1457672119140625e-06,0.0,-2.0984063148498535,-2.0984063148498535,0.0
141.79387490567518,0.28659820556640625,2.86102294921875e-06,2.86102294921875e-06,0.0,-2.098405599594116,-2.098405599594116,0.0
141.8929594140827,0.2875213623046875,1.9073486328125e-06,1.9073486328125e-06,0.0,-2.0984065532684326,-2.0984065532684326,0.0
141.99205795972983,0.28844451904296875,4.76837158203125e-07,4.76837158203125e-07,0.0,-2.0984079837799072,-2.0984079837799072,0.0
142.09116617847633,0.28937530517578125,1.9073486328125e-06,1.9073486328125e-06,0.0,-2.0984065532684326,-2.0984065532684326,0.0
142.19028888032867,0.2902984619140625,2.1457672119140625e-06,2.1457672119140625e-06,0.0,-2.0984063148498535,-2.0984063148498535,0.0
142.2894238072437,0.291229248046875,2.1457672119140625e-06,2.1457672119140625e-06,0.0,-2.0984063148498535,-2.0984063148498535,0.0
142.3885753671235,0.2921600341796875,2.1457672119140625e-06,2.1457672119140625e-06,0.0,-2.0984063148498535,-2.0984063148498535,0.0
142.48773576607468,0.29309844970703125,4.76837158203125e-07,4.76837158203125e-07,0.0,-2.0984079837799072,-2.0984079837799072,0.0
142.58690810020272,0.29402923583984375,2.6226043701171875e-06,2.6226043701171875e-06,0.0,-2.0984058380126953,-2.0984058380126953,0.0
142.6860952138767,0.2949676513671875,2.384185791015625e-06,2.384185791015625e-06,0.0,-2.0984060764312744,-2.0984060764312744,0.0
142.785295277255,0.29590606689453125,2.1457672119140625e-06,2.1457672119140625e-06,0.0,-2.0984063148498535,-2.0984063148498535,0.0
142.88450736014224,0.296844482421875,2.1457672119140625e-06,2.1457672119140625e-06,0.0,-2.0984063148498535,-2.0984063148498535,0.0
142.98373321476598,0.29778289794921875,2.384185791015625e-06,2.384185791015625e-06,0.0,-2.0984060764312744,-2.0984060764312744,0.0
143.08297000486604,0.29872894287109375,2.384185791015625e-06,2.384185791015625e-06,0.0,-2.0984060764312744,-2.0984060764312744,0.0
143.1822204326211,0.2996673583984375,2.86102294921875e-06,2.86102294921875e-06,0.0,-2.098405599594116,-2.098405599594116,0.0
143.2814834494881,0.3006134033203125,2.6226043701171875e-06,2.6226043701171875e-06,0.0,-2.0984058380126953,-2.0984058380126953,0.0
143.38075758382882,0.3015594482421875,7.152557373046875e-07,7.152557373046875e-07,0.0,-2.098407745361328,-2.098407745361328,0.0
143.4800448534799,0.30251312255859375,2.1457672119140625e-06,2.1457672119140625e-06,0.0,-2.0984063148498535,-2.0984063148498535,0.0
143.57934847536558,0.30345916748046875,2.1457672119140625e-06,2.1457672119140625e-06,0.0,-2.0984063148498535,-2.0984063148498535,0.0
143.6786601857652,0.304412841796875,2.1457672119140625e-06,2.1457672119140625e-06,0.0,-2.0984063148498535,-2.0984063148498535,0.0
143.77798451793086,0.30536651611328125,2.6226043701171875e-06,2.6226043701171875e-06,0.0,-2.0984058380126953,-2.0984058380126953,0.0
143.8773230769062,0.3063201904296875,2.384185791015625e-07,2.384185791015625e-07,0.0,-2.0984082221984863,-2.0984082221984863,0.0
143.97667374397884,0.30727386474609375,2.6226043701171875e-06,2.6226043701171875e-06,0.0,-2.0984058380126953,-2.0984058380126953,0.0
144.0760351471915,0.3082275390625,2.6226043701171875e-06,2.6226043701171875e-06,0.0,-2.0984058380126953,-2.0984058380126953,0.0
144.17541163061355,0.3091888427734375,2.6226043701171875e-06,2.6226043701171875e-06,0.0,-2.0984058380126953,-2.0984058380126953,0.0
144.27479811765923,0.310150146484375,2.6226043701171875e-06,2.6226043701171875e-06,0.0,-2.0984058380126953,-2.0984058380126953,0.0
144.37419934731815,0.3111114501953125,7.152557373046875e-07,7.152557373046875e-07,0.0,-2.098407745361328,-2.098407745361328,0.0
144.47360867944641,0.31207275390625,2.1457672119140625e-06,2.1457672119140625e-06,0.0,-2.0984063148498535,-2.0984063148498535,0.0
144.57303355502637,0.3130340576171875,2.6226043701171875e-06,2.6226043701171875e-06,0.0,-2.0984058380126953,-2.0984058380126953,0.0
144.67247147627717,0.31400299072265625,2.6226043701171875e-06,2.6226043701171875e-06,0.0,-2.0984058380126953,-2.0984058380126953,0.0
144.77191910486644,0.314971923828125,2.384185791015625e-06,2.384185791015625e-06,0.0,-2.0984060764312744,-2.0984060764312744,0.0
144.87138044766795,0.31594085693359375,2.1457672119140625e-06,2.1457672119140625e-06,0.0,-2.0984063148498535,-2.0984063148498535,0.0
144.97085312210203,0.3169097900390625,2.6226043701171875e-06,2.6226043701171875e-06,0.0,-2.0984058380126953,-2.0984058380126953,0.0
145.07033852847638,0.31787872314453125,4.76837158203125e-07,4.76837158203125e-07,0.0,-2.0984079837799072,-2.0984079837799072,0.0
145.1698345209738,0.31885528564453125,7.152557373046875e-07,7.152557373046875e-07,0.0,-2.098407745361328,-2.098407745361328,0.0
145.26934545433767,0.31982421875,4.76837158203125e-07,4.76837158203125e-07,0.0,-2.0984079837799072,-2.0984079837799072,0.0
145.36886646818556,0.32080078125,9.5367431640625e-07,9.5367431640625e-07,0.0,-2.098407506942749,-2.098407506942749,0.0
145.46839897476963,0.32178497314453125,2.6226043701171875e-06,2.6226043701171875e-06,0.0,-2.0984058380126953,-2.0984058380126953,0.0
145.5679450484153,0.32276153564453125,2.384185791015625e-06,2.384185791015625e-06,0.0,-2.0984060764312744,-2.0984060764312744,0.0
145.6675024577312,0.32373809814453125,1.9073486328125e-06,1.9073486328125e-06,0.0,-2.0984065532684326,-2.0984065532684326,0.0
145.7670714272758,0.3247222900390625,2.6226043701171875e-06,2.6226043701171875e-06,0.0,-2.0984058380126953,-2.0984058380126953,0.0
145.86665306546604,0.32570648193359375,2.384185791015625e-06,2.384185791015625e-06,0.0,-2.0984060764312744,-2.0984060764312744,0.0
145.96624497246532,0.326690673828125,7.152557373046875e-07,7.152557373046875e-07,0.0,-2.098407745361328,-2.098407745361328,0.0
146.0658493816069,0.32767486572265625,7.152557373046875e-07,7.152557373046875e-07,0.0,-2.098407745361328,-2.098407745361328,0.0
146.16546717404552,0.32866668701171875,2.384185791015625e-07,2.384185791015625e-07,0.0,-2.0984082221984863,-2.0984082221984863,0.0
146.26509488929318,0.32965850830078125,4.76837158203125e-07,4.76837158203125e-07,0.0,-2.0984079837799072,-2.0984079837799072,0.0
146.3647346322077,0.33065032958984375,2.6226043701171875e-06,2.6226043701171875e-06,0.0,-2.0984058380126953,-2.0984058380126953,0.0
146.46438806668823,0.33164215087890625,1.9073486328125e-06,1.9073486328125e-06,0.0,-2.0984065532684326,-2.0984065532684326,0.0
146.56405123287217,0.33263397216796875,2.6226043701171875e-06,2.6226043701171875e-06,0.0,-2.0984058380126953,-2.0984058380126953,0.0
146.6637258806457,0.33362579345703125,2.384185791015625e-06,2.384185791015625e-06,0.0,-2.0984060764312744,-2.0984060764312744,0.0
146.76341343063066,0.334625244140625,2.384185791015625e-07,2.384185791015625e-07,0.0,-2.0984082221984863,-2.0984082221984863,0.0
146.86311303794432,0.33562469482421875,2.1457672119140625e-06,2.1457672119140625e-06,0.0,-2.0984063148498535,-2.0984063148498535,0.0
146.96282395368868,0.3366241455078125,2.384185791015625e-06,2.384185791015625e-06,0.0,-2.0984060764312744,-2.0984060764312744,0.0
147.06254305452933,0.33762359619140625,2.6226043701171875e-06,2.6226043701171875e-06,0.0,-2.0984058380126953,-2.0984058380126953,0.0
147.16227794670652,0.33863067626953125,7.152557373046875e-07,7.152557373046875e-07,0.0,-2.098407745361328,-2.098407745361328,0.0
147.26202373919614,0.339630126953125,2.86102294921875e-06,2.86102294921875e-06,0.0,-2.098405599594116,-2.098405599594116,0.0
147.36177992381334,0.34063720703125,2.86102294921875e-06,2.86102294921875e-06,0.0,-2.098405599594116,-2.098405599594116,0.0
147.46154811572174,0.341644287109375,7.152557373046875e-07,7.152557373046875e-07,0.0,-2.098407745361328,-2.098407745361328,0.0
147.56132637321772,0.3426513671875,7.152557373046875e-07,7.152557373046875e-07,0.0,-2.098407745361328,-2.098407745361328,0.0
147.66111855412706,0.34366607666015625,2.1457672119140625e-06,2.1457672119140625e-06,0.0,-2.0984063148498535,-2.0984063148498535,0.0
147.7609192506664,0.34467315673828125,2.384185791015625e-07,2.384185791015625e-07,0.0,-2.0984082221984863,-2.0984082221984863,0.0
147.86073342435637,0.3456878662109375,2.1457672119140625e-06,2.1457672119140625e-06,0.0,-2.0984063148498535,-2.0984063148498535,0.0
147.960558386842,0.34670257568359375,2.1457672119140625e-06,2.1457672119140625e-06,0.0,-2.0984063148498535,-2.0984063148498535,0.0
148.06039327670103,0.34771728515625,2.1457672119140625e-06,2.1457672119140625e-06,0.0,-2.0984063148498535,-2.0984063148498535,0.0
148.16024106962905,0.3487396240234375,2.384185791015625e-06,2.384185791015625e-06,0.0,-2.0984060764312744,-2.0984060764312744,0.0
148.2601009260098,0.34975433349609375,2.1457672119140625e-06,2.1457672119140625e-06,0.0,-2.0984063148498535,-2.0984063148498535,0.0
148.35996940618404,0.35077667236328125,2.6226043701171875e-06,2.6226043701171875e-06,0.0,-2.0984058380126953,-2.0984058380126953,0.0
148.45984960590246,0.35179901123046875,2.384185791015625e-06,2.384185791015625e-06,0.0,-2.0984060764312744,-2.0984060764312744,0.0
148.55974231306232,0.35282135009765625,2.6226043701171875e-06,2.6226043701171875e-06,0.0,-2.0984058380126953,-2.0984058380126953,0.0
148.6596461649439,0.353851318359375,2.1457672119140625e-06,2.1457672119140625e-06,0.0,-2.0984063148498535,-2.0984063148498535,0.0
148.75956042203234,0.3548736572265625,2.6226043701171875e-06,2.6226043701171875e-06,0.0,-2.0984058380126953,-2.0984058380126953,0.0
148.8594866372771,0.35590362548828125,7.152557373046875e-07,7.152557373046875e-07,0.0,-2.098407745361328,-2.098407745361328,0.0
148.95942248916234,0.35693359375,2.1457672119140625e-06,2.1457672119140625e-06,0.0,-2.0984063148498535,-2.0984063148498535,0.0
149.05936940995358,0.35796356201171875,2.6226043701171875e-06,2.6226043701171875e-06,0.0,-2.0984058380126953,-2.0984058380126953,0.0
149.1593289271825,0.3589935302734375,2.6226043701171875e-06,2.6226043701171875e-06,0.0,-2.0984058380126953,-2.0984058380126953,0.0
149.25929652583653,0.3600311279296875,4.76837158203125e-07,4.76837158203125e-07,0.0,-2.0984079837799072,-2.0984079837799072,0.0
149.3592784212744,0.3610687255859375,2.384185791015625e-06,2.384185791015625e-06,0.0,-2.0984060764312744,-2.0984060764312744,0.0
149.45926945792115,0.3621063232421875,2.384185791015625e-06,2.384185791015625e-06,0.0,-2.0984060764312744,-2.0984060764312744,0.0
149.55927113333846,0.3631439208984375,7.152557373046875e-07,7.152557373046875e-07,0.0,-2.098407745361328,-2.098407745361328,0.0
149.65928399352603,0.3641815185546875,2.384185791015625e-06,2.384185791015625e-06,0.0,-2.0984060764312744,-2.0984060764312744,0.0
149.7593060545663,0.3652191162109375,2.384185791015625e-06,2.384185791015625e-06,0.0,-2.0984060764312744,-2.0984060764312744,0.0
149.85934003314443,0.36626434326171875,0.0,0.0,0.0,-2.0984084606170654,-2.0984084606170654,0.0
149.95938582827972,0.3673095703125,2.1457672119140625e-06,2.1457672119140625e-06,0.0,-2.0984063148498535,-2.0984063148498535,0.0
150.05944025941628,0.36835479736328125,2.384185791015625e-06,2.384185791015625e-06,0.0,-2.0984060764312744,-2.0984060764312744,0.0
150.15950786973096,0.3694000244140625,7.152557373046875e-07,7.152557373046875e-07,0.0,-2.098407745361328,-2.098407745361328,0.0
150.2595848409037,0.370452880859375,7.152557373046875e-07,7.152557373046875e-07,0.0,-2.098407745361328,-2.098407745361328,0.0
150.35967294855288,0.37149810791015625,2.384185791015625e-06,2.384185791015625e-06,0.0,-2.0984060764312744,-2.0984060764312744,0.0
150.45976996182176,0.37255096435546875,2.1457672119140625e-06,2.1457672119140625e-06,0.0,-2.0984063148498535,-2.0984063148498535,0.0
150.55988005863358,0.37360382080078125,2.6226043701171875e-06,2.6226043701171875e-06,0.0,-2.0984058380126953,-2.0984058380126953,0.0
150.6599995049386,0.374664306640625,2.6226043701171875e-06,2.6226043701171875e-06,0.0,-2.0984058380126953,-2.0984058380126953,0.0
150.76012909304325,0.3757171630859375,3.0994415283203125e-06,3.0994415283203125e-06,0.0,-2.098405361175537,-2.098405361175537,0.0
150.86026871165362,0.37677764892578125,4.76837158203125e-07,4.76837158203125e-07,0.0,-2.0984079837799072,-2.0984079837799072,0.0
150.96041827090133,0.37783050537109375,2.6226043701171875e-06,2.6226043701171875e-06,0.0,-2.0984058380126953,-2.0984058380126953,0.0
151.06058079011206,0.3788909912109375,2.384185791015625e-06,2.384185791015625e-06,0.0,-2.0984060764312744,-2.0984060764312744,0.0
151.16075159360585,0.3799591064453125,2.6226043701171875e-06,2.6226043701171875e-06,0.0,-2.0984058380126953,-2.0984058380126953,0.0
151.26093421285069,0.38101959228515625,2.6226043701171875e-06,2.6226043701171875e-06,0.0,-2.0984058380126953,-2.0984058380126953,0.0
151.36112734042146,0.38208770751953125,2.6226043701171875e-06,2.6226043701171875e-06,0.0,-2.0984058380126953,-2.0984058380126953,0.0
151.46132812508327,0.383148193359375,2.384185791015625e-07,2.384185791015625e-07,0.0,-2.0984082221984863,-2.0984082221984863,0.0
151.5615401476562,0.38421630859375,2.86102294921875e-06,2.86102294921875e-06,0.0,-2.098405599594116,-2.098405599594116,0.0
151.66176454409077,0.38529205322265625,2.6226043701171875e-06,2.6226043701171875e-06,0.0,-2.0984058380126953,-2.0984058380126953,0.0
151.76199695911217,0.38636016845703125,2.6226043701171875e-06,2.6226043701171875e-06,0.0,-2.0984058380126953,-2.0984058380126953,0.0
151.86223999560667,0.3874359130859375,2.384185791015625e-06,2.384185791015625e-06,0.0,-2.0984060764312744,-2.0984060764312744,0.0
151.96249367628863,0.3885040283203125,4.76837158203125e-07,4.76837158203125e-07,0.0,-2.0984079837799072,-2.0984079837799072,0.0
152.06275777742255,0.38957977294921875,7.152557373046875e-07,7.152557373046875e-07,0.0,-2.098407745361328,-2.098407745361328,0.0
152.16303141090327,0.390655517578125,2.6226043701171875e-06,2.6226043701171875e-06,0.0,-2.0984058380126953,-2.0984058380126953,0.0
152.26331428143348,0.3917388916015625,2.6226043701171875e-06,2.6226043701171875e-06,0.0,-2.0984058380126953,-2.0984058380126953,0.0
152.3636090223482,0.39281463623046875,2.1457672119140625e-06,2.1457672119140625e-06,0.0,-2.0984063148498535,-2.0984063148498535,0.0
152.46391107650751,0.39389801025390625,2.384185791015625e-06,2.384185791015625e-06,0.0,-2.0984060764312744,-2.0984060764312744,0.0
152.5642239867821,0.39498138427734375,2.384185791015625e-06,2.384185791015625e-06,0.0,-2.0984060764312744,-2.0984060764312744,0.0
152.66454796010873,0.39606475830078125,2.6226043701171875e-06,2.6226043701171875e-06,0.0,-2.0984058380126953,-2.0984058380126953,0.0
152.76488136820868,0.39714813232421875,2.384185791015625e-06,2.384185791015625e-06,0.0,-2.0984060764312744,-2.0984060764312744,0.0
152.86522373129688,0.3982391357421875,7.152557373046875e-07,7.152557373046875e-07,0.0,-2.098407745361328,-2.098407745361328,0.0
152.965576114464,0.39933013916015625,2.6226043701171875e-06,2.6226043701171875e-06,0.0,-2.0984058380126953,-2.0984058380126953,0.0
153.06594006162493,0.400421142578125,2.1457672119140625e-06,2.1457672119140625e-06,0.0,-2.0984063148498535,-2.0984063148498535,0.0
153.16631382535738,0.40151214599609375,2.6226043701171875e-06,2.6226043701171875e-06,0.0,-2.0984058380126953,-2.0984058380126953,0.0
153.26669340979754,0.4026031494140625,7.152557373046875e-07,7.152557373046875e-07,0.0,-2.098407745361328,-2.098407745361328,0.0
153.36708622203463,0.40369415283203125,2.384185791015625e-06,2.384185791015625e-06,0.0,-2.0984060764312744,-2.0984060764312744,0.0
153.46748812290707,0.40479278564453125,2.1457672119140625e-06,2.1457672119140625e-06,0.0,-2.0984063148498535,-2.0984063148498535,0.0
153.5678978898208,0.40589141845703125,2.6226043701171875e-06,2.6226043701171875e-06,0.0,-2.0984058380126953,-2.0984058380126953,0.0
153.66831985354347,0.40699005126953125,2.1457672119140625e-06,2.1457672119140625e-06,0.0,-2.0984063148498535,-2.0984063148498535,0.0
153.76874966065282,0.40808868408203125,7.152557373046875e-07,7.152557373046875e-07,0.0,-2.098407745361328,-2.098407745361328,0.0
153.86918962124037,0.4091949462890625,2.6226043701171875e-06,2.6226043701171875e-06,0.0,-2.0984058380126953,-2.0984058380126953,0.0
153.96963976728597,0.4102935791015625,2.1457672119140625e-06,2.1457672119140625e-06,0.0,-2.0984063148498535,-2.0984063148498535,0.0
154.07009724094246,0.41139984130859375,2.6226043701171875e-06,2.6226043701171875e-06,0.0,-2.0984058380126953,-2.0984058380126953,0.0
154.17056475905292,0.412506103515625,2.1457672119140625e-06,2.1457672119140625e-06,0.0,-2.0984063148498535,-2.0984063148498535,0.0
154.27104385608382,0.41361236572265625,2.1457672119140625e-06,2.1457672119140625e-06,0.0,-2.0984063148498535,-2.0984063148498535,0.0
154.3715295575486,0.41472625732421875,2.86102294921875e-06,2.86102294921875e-06,0.0,-2.098405599594116,-2.098405599594116,0.0
154.4720256608421,0.41583251953125,2.1457672119140625e-06,2.1457672119140625e-06,0.0,-2.0984063148498535,-2.0984063148498535,0.0
154.5725307375293,0.4169464111328125,2.6226043701171875e-06,2.6226043701171875e-06,0.0,-2.0984058380126953,-2.0984058380126953,0.0
154.67304478577717,0.418060302734375,2.1457672119140625e-06,2.1457672119140625e-06,0.0,-2.0984063148498535,-2.0984063148498535,0.0
154.7735716813842,0.4191741943359375,2.384185791015625e-06,2.384185791015625e-06,0.0,-2.0984060764312744,-2.0984060764312744,0.0
154.87410381223287,0.42029571533203125,2.1457672119140625e-06,2.1457672119140625e-06,0.0,-2.0984063148498535,-2.0984063148498535,0.0
154.97464451596727,0.42140960693359375,7.152557373046875e-07,7.152557373046875e-07,0.0,-2.098407745361328,-2.098407745361328,0.0
155.07519649608244,0.4225311279296875,2.6226043701171875e-06,2.6226043701171875e-06,0.0,-2.0984058380126953,-2.0984058380126953,0.0
155.17575722474822,0.42365264892578125,2.384185791015625e-06,2.384185791015625e-06,0.0,-2.0984060764312744,-2.0984060764312744,0.0
155.27632589191305,0.424774169921875,4.76837158203125e-07,4.76837158203125e-07,0.0,-2.0984079837799072,-2.0984079837799072,0.0
155.37690530009573,0.4259033203125,2.1457672119140625e-06,2.1457672119140625e-06,0.0,-2.0984063148498535,-2.0984063148498535,0.0
155.4774933254596,0.42702484130859375,2.6226043701171875e-06,2.6226043701171875e-06,0.0,-2.0984058380126953,-2.0984058380126953,0.0
155.57809059126998,0.42815399169921875,2.1457672119140625e-06,2.1457672119140625e-06,0.0,-2.0984063148498535,-2.0984063148498535,0.0
155.67869729743066,0.42928314208984375,2.384185791015625e-06,2.384185791015625e-06,0.0,-2.0984060764312744,-2.0984060764312744,0.0
155.7793101856197,0.43041229248046875,2.384185791015625e-07,2.384185791015625e-07,0.0,-2.0984082221984863,-2.0984082221984863,0.0
155.87993359573258,0.43154144287109375,2.384185791015625e-06,2.384185791015625e-06,0.0,-2.0984060764312744,-2.0984060764312744,0.0
155.98056603830992,0.43267822265625,2.6226043701171875e-06,2.6226043701171875e-06,0.0,-2.0984058380126953,-2.0984058380126953,0.0
156.08120621755003,0.433807373046875,2.6226043701171875e-06,2.6226043701171875e-06,0.0,-2.0984058380126953,-2.0984058380126953,0.0
156.18185755830604,0.43494415283203125,2.6226043701171875e-06,2.6226043701171875e-06,0.0,-2.0984058380126953,-2.0984058380126953,0.0
156.28251486975796,0.43608856201171875,2.384185791015625e-06,2.384185791015625e-06,0.0,-2.0984060764312744,-2.0984060764312744,0.0
156.38318312129744,0.437225341796875,2.6226043701171875e-06,2.6226043701171875e-06,0.0,-2.0984058380126953,-2.0984058380126953,0.0
156.48385933328345,0.43836212158203125,4.76837158203125e-07,4.76837158203125e-07,0.0,-2.0984079837799072,-2.0984079837799072,0.0
156.58454454543266,0.43950653076171875,2.384185791015625e-06,2.384185791015625e-06,0.0,-2.0984060764312744,-2.0984060764312744,0.0
156.68523725101582,0.44065093994140625,7.152557373046875e-07,7.152557373046875e-07,0.0,-2.098407745361328,-2.098407745361328,0.0
156.78593782415786,0.44179534912109375,2.1457672119140625e-06,2.1457672119140625e-06,0.0,-2.0984063148498535,-2.0984063148498535,0.0
156.88664894447064,0.44293975830078125,2.1457672119140625e-06,2.1457672119140625e-06,0.0,-2.0984063148498535,-2.0984063148498535,0.0
156.98736870195157,0.444091796875,2.6226043701171875e-06,2.6226043701171875e-06,0.0,-2.0984058380126953,-2.0984058380126953,0.0
157.0880960677682,0.4452362060546875,7.152557373046875e-07,7.152557373046875e-07,0.0,-2.098407745361328,-2.098407745361328,0.0
157.188830946321,0.44638824462890625,2.6226043701171875e-06,2.6226043701171875e-06,0.0,-2.0984058380126953,-2.0984058380126953,0.0
157.28957463112354,0.447540283203125,2.384185791015625e-06,2.384185791015625e-06,0.0,-2.0984060764312744,-2.0984060764312744,0.0
157.39032769259194,0.44869232177734375,2.1457672119140625e-06,2.1457672119140625e-06,0.0,-2.0984063148498535,-2.0984063148498535,0.0
157.4910880200865,0.44985198974609375,2.6226043701171875e-06,2.6226043701171875e-06,0.0,-2.0984058380126953,-2.0984058380126953,0.0
157.59185846559188,0.4510040283203125,2.384185791015625e-06,2.384185791015625e-06,0.0,-2.0984060764312744,-2.0984060764312744,0.0
157.69263488019928,0.4521636962890625,2.6226043701171875e-06,2.6226043701171875e-06,0.0,-2.0984058380126953,-2.0984058380126953,0.0
157.7934215117935,0.4533233642578125,2.6226043701171875e-06,2.6226043701171875e-06,0.0,-2.0984058380126953,-2.0984058380126953,0.0
157.89421267328063,0.4544830322265625,7.152557373046875e-07,7.152557373046875e-07,0.0,-2.098407745361328,-2.098407745361328,0.0
157.99501668760215,0.45565032958984375,9.5367431640625e-07,9.5367431640625e-07,0.0,-2.098407506942749,-2.098407506942749,0.0
158.09582508417122,0.45680999755859375,7.152557373046875e-07,7.152557373046875e-07,0.0,-2.098407745361328,-2.098407745361328,0.0
158.196643160358,0.457977294921875,2.86102294921875e-06,2.86102294921875e-06,0.0,-2.098405599594116,-2.098405599594116,0.0
158.29747184304819,0.45914459228515625,2.1457672119140625e-06,2.1457672119140625e-06,0.0,-2.0984063148498535,-2.0984063148498535,0.0
158.39830484509412,0.4603118896484375,2.6226043701171875e-06,2.6226043701171875e-06,0.0,-2.0984058380126953,-2.0984058380126953,0.0
158.49914910259554,0.46148681640625,2.384185791015625e-06,2.384185791015625e-06,0.0,-2.0984060764312744,-2.0984060764312744,0.0
158.59999812451775,0.46265411376953125,2.6226043701171875e-06,2.6226043701171875e-06,0.0,-2.0984058380126953,-2.0984058380126953,0.0
158.7008568334142,0.46382904052734375,2.6226043701171875e-06,2.6226043701171875e-06,0.0,-2.0984058380126953,-2.0984058380126953,0.0
158.80172273807736,0.46500396728515625,2.6226043701171875e-06,2.6226043701171875e-06,0.0,-2.0984058380126953,-2.0984058380126953,0.0
158.90259653440702,0.46617889404296875,2.1457672119140625e-06,2.1457672119140625e-06,0.0,-2.0984063148498535,-2.0984063148498535,0.0
159.00347819498046,0.46735382080078125,2.384185791015625e-06,2.384185791015625e-06,0.0,-2.0984060764312744,-2.0984060764312744,0.0
159.10436882510342,0.468536376953125,2.1457672119140625e-06,2.1457672119140625e-06,0.0,-2.0984063148498535,-2.0984063148498535,0.0
159.2052664348574,0.46971893310546875,2.384185791015625e-06,2.384185791015625e-06,0.0,-2.0984060764312744,-2.0984060764312744,0.0
159.30617079024753,0.4709014892578125,2.6226043701171875e-06,2.6226043701171875e-06,0.0,-2.0984058380126953,-2.0984058380126953,0.0
159.40708254881693,0.47208404541015625,7.152557373046875e-07,7.152557373046875e-07,0.0,-2.098407745361328,-2.098407745361328,0.0
159.50800413694932,0.4732666015625,7.152557373046875e-07,7.152557373046875e-07,0.0,-2.098407745361328,-2.098407745361328,0.0
159.6089322238445,0.47444915771484375,2.384185791015625e-07,2.384185791015625e-07,0.0,-2.0984082221984863,-2.0984082221984863,0.0
159.70986901992504,0.47563934326171875,7.152557373046875e-07,7.152557373046875e-07,0.0,-2.098407745361328,-2.098407745361328,0.0
159.8108122860003,0.47682952880859375,2.1457672119140625e-06,2.1457672119140625e-06,0.0,-2.0984063148498535,-2.0984063148498535,0.0
159.91176274719493,0.47801971435546875,2.6226043701171875e-06,2.6226043701171875e-06,0.0,-2.0984058380126953,-2.0984058380126953,0.0
160.01272077691434,0.47920989990234375,2.6226043701171875e-06,2.6226043701171875e-06,0.0,-2.0984058380126953,-2.0984058380126953,0.0
160.11368637369392,0.48040771484375,2.6226043701171875e-06,2.6226043701171875e-06,0.0,-2.0984058380126953,-2.0984058380126953,0.0
160.21465908078724,0.481597900390625,2.1457672119140625e-06,2.1457672119140625e-06,0.0,-2.0984063148498535,-2.0984063148498535,0.0
160.3156387380791,0.48279571533203125,2.1457672119140625e-06,2.1457672119140625e-06,0.0,-2.0984063148498535,-2.0984063148498535,0.0
160.41662614431226,0.4839935302734375,2.6226043701171875e-06,2.6226043701171875e-06,0.0,-2.0984058380126953,-2.0984058380126953,0.0
160.51762197045093,0.485198974609375,7.152557373046875e-07,7.152557373046875e-07,0.0,-2.098407745361328,-2.098407745361328,0.0
160.61862452983686,0.48639678955078125,2.6226043701171875e-06,2.6226043701171875e-06,0.0,-2.0984058380126953,-2.0984058380126953,0.0
160.71963413732234,0.48760223388671875,2.384185791015625e-07,2.384185791015625e-07,0.0,-2.0984082221984863,-2.0984082221984863,0.0
160.8206507954517,0.488800048828125,2.86102294921875e-06,2.86102294921875e-06,0.0,-2.098405599594116,-2.098405599594116,0.0
160.9216760542098,0.4900054931640625,2.384185791015625e-06,2.384185791015625e-06,0.0,-2.0984060764312744,-2.0984060764312744,0.0
161.02270710739936,0.49121856689453125,4.76837158203125e-07,4.76837158203125e-07,0.0,-2.0984079837799072,-2.0984079837799072,0.0
161.12374350623608,0.49242401123046875,9.5367431640625e-07,9.5367431640625e-07,0.0,-2.098407506942749,-2.098407506942749,0.0
161.22478848101971,0.4936370849609375,2.6226043701171875e-06,2.6226043701171875e-06,0.0,-2.0984058380126953,-2.0984058380126953,0.0
161.32584224125492,0.494842529296875,7.152557373046875e-07,7.152557373046875e-07,0.0,-2.098407745361328,-2.098407745361328,0.0
161.42690065086498,0.49605560302734375,2.6226043701171875e-06,2.6226043701171875e-06,0.0,-2.0984058380126953,-2.0984058380126953,0.0
161.52796692583283,0.49727630615234375,2.6226043701171875e-06,2.6226043701171875e-06,0.0,-2.0984058380126953,-2.0984058380126953,0.0
161.62904097462652,0.4984893798828125,2.6226043701171875e-06,2.6226043701171875e-06,0.0,-2.0984058380126953,-2.0984058380126953,0.0
161.73012196736255,0.49970245361328125,4.76837158203125e-07,4.76837158203125e-07,0.0,-2.0984079837799072,-2.0984079837799072,0.0
161.831208281114,0.5009231567382812,2.6226043701171875e-06,2.6226043701171875e-06,0.0,-2.0984058380126953,-2.0984058380126953,0.0
161.93230215262037,0.5021438598632812,2.6226043701171875e-06,2.6226043701171875e-06,0.0,-2.0984058380126953,-2.0984058380126953,0.0
162.03340196763602,0.5033645629882812,1.9073486328125e-06,1.9073486328125e-06,0.0,-2.0984065532684326,-2.0984065532684326,0.0
162.13450843184236,0.5045928955078125,4.76837158203125e-07,4.76837158203125e-07,0.0,-2.0984079837799072,-2.0984079837799072,0.0
162.23562222340985,0.5058135986328125,2.6226043701171875e-06,2.6226043701171875e-06,0.0,-2.0984058380126953,-2.0984058380126953,0.0
162.33674261077553,0.5070419311523438,2.6226043701171875e-06,2.6226043701171875e-06,0.0,-2.0984058380126953,-2.0984058380126953,0.0
162.4378700687405,0.508270263671875,9.5367431640625e-07,9.5367431640625e-07,0.0,-2.098407506942749,-2.098407506942749,0.0
162.53900387515134,0.5094985961914062,2.1457672119140625e-06,2.1457672119140625e-06,0.0,-2.0984063148498535,-2.0984063148498535,0.0
162.64014406498882,0.5107269287109375,2.384185791015625e-07,2.384185791015625e-07,0.0,-2.0984082221984863,-2.0984082221984863,0.0
162.74129214175935,0.511962890625,2.6226043701171875e-06,2.6226043701171875e-06,0.0,-2.0984058380126953,-2.0984058380126953,0.0
162.8424449997935,0.5131912231445312,2.1457672119140625e-06,2.1457672119140625e-06,0.0,-2.0984063148498535,-2.0984063148498535,0.0
162.94360353607436,0.5144271850585938,7.152557373046875e-07,7.152557373046875e-07,0.0,-2.098407745361328,-2.098407745361328,0.0
163.04477018482973,0.5156631469726562,4.76837158203125e-07,4.76837158203125e-07,0.0,-2.0984079837799072,-2.0984079837799072,0.0
163.14594284787003,0.5168991088867188,7.152557373046875e-07,7.152557373046875e-07,0.0,-2.098407745361328,-2.098407745361328,0.0
163.24712165635614,0.5181427001953125,7.152557373046875e-07,7.152557373046875e-07,0.0,-2.098407745361328,-2.098407745361328,0.0
163.34830668523045,0.5193862915039062,2.384185791015625e-06,2.384185791015625e-06,0.0,-2.0984060764312744,-2.0984060764312744,0.0
163.44949867492744,0.5206222534179688,2.6226043701171875e-06,2.6226043701171875e-06,0.0,-2.0984058380126953,-2.0984058380126953,0.0
163.55069557740356,0.5218658447265625,2.6226043701171875e-06,2.6226043701171875e-06,0.0,-2.0984058380126953,-2.0984058380126953,0.0
163.65189986654352,0.5231170654296875,2.384185791015625e-07,2.384185791015625e-07,0.0,-2.0984082221984863,-2.0984082221984863,0.0
163.75311037556602,0.5243606567382812,2.1457672119140625e-06,2.1457672119140625e-06,0.0,-2.0984063148498535,-2.0984063148498535,0.0
163.85432527841428,0.5256118774414062,2.384185791015625e-06,2.384185791015625e-06,0.0,-2.0984060764312744,-2.0984060764312744,0.0
163.95554904447403,0.5268630981445312,2.384185791015625e-06,2.384185791015625e-06,0.0,-2.0984060764312744,-2.0984060764312744,0.0
164.0567772867932,0.5281143188476562,2.6226043701171875e-06,2.6226043701171875e-06,0.0,-2.0984058380126953,-2.0984058380126953,0.0
164.15801176144362,0.5293655395507812,2.86102294921875e-06,2.86102294921875e-06,0.0,-2.098405599594116,-2.098405599594116,0.0
164.2592509634895,0.5306167602539062,2.384185791015625e-06,2.384185791015625e-06,0.0,-2.0984060764312744,-2.0984060764312744,0.0
164.36049834882823,0.5318756103515625,2.1457672119140625e-06,2.1457672119140625e-06,0.0,-2.0984063148498535,-2.0984063148498535,0.0
164.4617495654469,0.5331268310546875,2.86102294921875e-06,2.86102294921875e-06,0.0,-2.098405599594116,-2.098405599594116,0.0
164.56300834743004,0.5343856811523438,2.6226043701171875e-06,2.6226043701171875e-06,0.0,-2.0984058380126953,-2.0984058380126953,0.0
164.66427169878858,0.5356521606445312,2.1457672119140625e-06,2.1457672119140625e-06,0.0,-2.0984063148498535,-2.0984063148498535,0.0
164.7655413623755,0.5369110107421875,2.6226043701171875e-06,2.6226043701171875e-06,0.0,-2.0984058380126953,-2.0984058380126953,0.0
164.8668173900876,0.538177490234375,1.9073486328125e-06,1.9073486328125e-06,0.0,-2.0984065532684326,-2.0984065532684326,0.0
164.96809783046595,0.5394363403320312,2.384185791015625e-06,2.384185791015625e-06,0.0,-2.0984060764312744,-2.0984060764312744,0.0
165.0693853462397,0.5407028198242188,2.6226043701171875e-06,2.6226043701171875e-06,0.0,-2.0984058380126953,-2.0984058380126953,0.0
165.17067781765235,0.5419692993164062,7.152557373046875e-07,7.152557373046875e-07,0.0,-2.098407745361328,-2.098407745361328,0.0
165.27197577198578,0.543243408203125,2.6226043701171875e-06,2.6226043701171875e-06,0.0,-2.0984058380126953,-2.0984058380126953,0.0
165.37327869939253,0.5445098876953125,2.6226043701171875e-06,2.6226043701171875e-06,0.0,-2.0984058380126953,-2.0984058380126953,0.0
165.47458900273085,0.5457839965820312,2.6226043701171875e-06,2.6226043701171875e-06,0.0,-2.0984058380126953,-2.0984058380126953,0.0
165.57590350564357,0.54705810546875,2.384185791015625e-07,2.384185791015625e-07,0.0,-2.0984082221984863,-2.0984082221984863,0.0
165.67722373825063,0.5483322143554688,2.6226043701171875e-06,2.6226043701171875e-06,0.0,-2.0984058380126953,-2.0984058380126953,0.0
165.77854944375326,0.5496063232421875,2.1457672119140625e-06,2.1457672119140625e-06,0.0,-2.0984063148498535,-2.0984063148498535,0.0
165.87988023164286,0.5508880615234375,2.6226043701171875e-06,2.6226043701171875e-06,0.0,-2.0984058380126953,-2.0984058380126953,0.0
165.98121631401676,0.5521621704101562,4.76837158203125e-07,4.76837158203125e-07,0.0,-2.0984079837799072,-2.0984079837799072,0.0
166.08255873819826,0.5534439086914062,2.6226043701171875e-06,2.6226043701171875e-06,0.0,-2.0984058380126953,-2.0984058380126953,0.0
166.1839061924344,0.5547256469726562,2.6226043701171875e-06,2.6226043701171875e-06,0.0,-2.0984058380126953,-2.0984058380126953,0.0
166.28525746941244,0.5560150146484375,2.384185791015625e-07,2.384185791015625e-07,0.0,-2.0984082221984863,-2.0984082221984863,0.0
166.38661420923978,0.5572967529296875,2.6226043701171875e-06,2.6226043701171875e-06,0.0,-2.0984058380126953,-2.0984058380126953,0.0
166.48797748814206,0.5585861206054688,2.1457672119140625e-06,2.1457672119140625e-06,0.0,-2.0984063148498535,-2.0984063148498535,0.0
166.58934520917248,0.55987548828125,7.152557373046875e-07,7.152557373046875e-07,0.0,-2.098407745361328,-2.098407745361328,0.0
166.69071768065405,0.5611572265625,2.384185791015625e-06,2.384185791015625e-06,0.0,-2.0984060764312744,-2.0984060764312744,0.0
166.79209506353558,0.5624542236328125,7.152557373046875e-07,7.152557373046875e-07,0.0,-2.098407745361328,-2.098407745361328,0.0
166.89347857420304,0.5637435913085938,2.6226043701171875e-06,2.6226043701171875e-06,0.0,-2.0984058380126953,-2.0984058380126953,0.0
166.9948664517038,0.5650405883789062,4.76837158203125e-07,4.76837158203125e-07,0.0,-2.0984079837799072,-2.0984079837799072,0.0
167.0962593565395,0.5663375854492188,2.6226043701171875e-06,2.6226043701171875e-06,0.0,-2.0984058380126953,-2.0984058380126953,0.0
167.19765597434696,0.5676345825195312,2.384185791015625e-06,2.384185791015625e-06,0.0,-2.0984060764312744,-2.0984060764312744,0.0
167.29905941302596,0.5689315795898438,9.5367431640625e-07,9.5367431640625e-07,0.0,-2.098407506942749,-2.098407506942749,0.0
167.40046698499646,0.5702285766601562,2.384185791015625e-06,2.384185791015625e-06,0.0,-2.0984060764312744,-2.0984060764312744,0.0
167.50187878741045,0.571533203125,1.1920928955078125e-06,1.1920928955078125e-06,0.0,-2.09840726852417,-2.09840726852417,0.0
167.60329597502246,0.5728378295898438,3.0994415283203125e-06,3.0994415283203125e-06,0.0,-2.098405361175537,-2.098405361175537,0.0
167.7047179309612,0.5741348266601562,4.76837158203125e-07,4.76837158203125e-07,0.0,-2.0984079837799072,-2.0984079837799072,0.0
167.80614352048994,0.5754470825195312,4.76837158203125e-07,4.76837158203125e-07,0.0,-2.0984079837799072,-2.0984079837799072,0.0
167.90757430424225,0.576751708984375,2.6226043701171875e-06,2.6226043701171875e-06,0.0,-2.0984058380126953,-2.0984058380126953,0.0
168.00901130978986,0.57806396484375,7.152557373046875e-07,7.152557373046875e-07,0.0,-2.098407745361328,-2.098407745361328,0.0
168.11045039396424,0.5793685913085938,4.76837158203125e-07,4.76837158203125e-07,0.0,-2.0984079837799072,-2.0984079837799072,0.0
168.21189612331247,0.5806808471679688,2.384185791015625e-06,2.384185791015625e-06,0.0,-2.0984060764312744,-2.0984060764312744,0.0
168.31334436737507,0.5819931030273438,2.384185791015625e-06,2.384185791015625e-06,0.0,-2.0984060764312744,-2.0984060764312744,0.0
168.41479829513716,0.58331298828125,2.1457672119140625e-06,2.1457672119140625e-06,0.0,-2.0984063148498535,-2.0984063148498535,0.0
168.51625660244883,0.584625244140625,2.1457672119140625e-06,2.1457672119140625e-06,0.0,-2.0984063148498535,-2.0984063148498535,0.0
168.61771888648073,0.5859451293945312,2.1457672119140625e-06,2.1457672119140625e-06,0.0,-2.0984063148498535,-2.0984063148498535,0.0
168.71918524853032,0.5872650146484375,2.1457672119140625e-06,2.1457672119140625e-06,0.0,-2.0984063148498535,-2.0984063148498535,0.0
168.8206567510055,0.5885848999023438,9.5367431640625e-07,9.5367431640625e-07,0.0,-2.098407506942749,-2.098407506942749,0.0
168.92213139747145,0.58990478515625,2.384185791015625e-06,2.384185791015625e-06,0.0,-2.0984060764312744,-2.0984060764312744,0.0
169.02361146220142,0.5912322998046875,2.6226043701171875e-06,2.6226043701171875e-06,0.0,-2.0984058380126953,-2.0984058380126953,0.0
169.1250952099106,0.5925521850585938,2.384185791015625e-06,2.384185791015625e-06,0.0,-2.0984060764312744,-2.0984060764312744,0.0
169.22658353790484,0.5938796997070312,7.152557373046875e-07,7.152557373046875e-07,0.0,-2.098407745361328,-2.098407745361328,0.0
169.32807516461074,0.5952072143554688,2.6226043701171875e-06,2.6226043701171875e-06,0.0,-2.0984058380126953,-2.0984058380126953,0.0
169.429571671374,0.5965347290039062,2.384185791015625e-06,2.384185791015625e-06,0.0,-2.0984060764312744,-2.0984060764312744,0.0
169.53107203225218,0.597869873046875,2.6226043701171875e-06,2.6226043701171875e-06,0.0,-2.0984058380126953,-2.0984058380126953,0.0
169.63257573461073,0.5991973876953125,2.6226043701171875e-06,2.6226043701171875e-06,0.0,-2.0984058380126953,-2.0984058380126953,0.0
169.73408359893966,0.6005325317382812,2.384185791015625e-07,2.384185791015625e-07,0.0,-2.0984082221984863,-2.0984082221984863,0.0
169.83559650187667,0.60186767578125,7.152557373046875e-07,7.152557373046875e-07,0.0,-2.098407745361328,-2.098407745361328,0.0
169.93711197303338,0.6032028198242188,2.6226043701171875e-06,2.6226043701171875e-06,0.0,-2.0984058380126953,-2.0984058380126953,0.0
170.03863101776506,0.6045455932617188,2.1457672119140625e-06,2.1457672119140625e-06,0.0,-2.0984063148498535,-2.0984063148498535,0.0
170.14015503708595,0.6058807373046875,7.152557373046875e-07,7.152557373046875e-07,0.0,-2.098407745361328,-2.098407745361328,0.0
170.24168214610597,0.6072235107421875,7.152557373046875e-07,7.152557373046875e-07,0.0,-2.098407745361328,-2.098407745361328,0.0
170.34321411828282,0.6085662841796875,2.6226043701171875e-06,2.6226043701171875e-06,0.0,-2.0984058380126953,-2.0984058380126953,0.0
170.44474828485582,0.6099090576171875,2.1457672119140625e-06,2.1457672119140625e-06,0.0,-2.0984063148498535,-2.0984063148498535,0.0
170.54628766588885,0.6112594604492188,2.384185791015625e-06,2.384185791015625e-06,0.0,-2.0984060764312744,-2.0984060764312744,0.0
170.6478290721562,0.6126022338867188,2.1457672119140625e-06,2.1457672119140625e-06,0.0,-2.0984063148498535,-2.0984063148498535,0.0
170.7493746135054,0.61395263671875,2.6226043701171875e-06,2.6226043701171875e-06,0.0,-2.0984058380126953,-2.0984058380126953,0.0
170.85092400330927,0.6153030395507812,2.1457672119140625e-06,2.1457672119140625e-06,0.0,-2.0984063148498535,-2.0984063148498535,0.0
170.95247666044045,0.6166534423828125,2.86102294921875e-06,2.86102294921875e-06,0.0,-2.098405599594116,-2.098405599594116,0.0
171.05403280571804,0.618011474609375,2.86102294921875e-06,2.86102294921875e-06,0.0,-2.098405599594116,-2.098405599594116,0.0
171.15559192835798,0.6193618774414062,2.6226043701171875e-06,2.6226043701171875e-06,0.0,-2.0984058380126953,-2.0984058380126953,0.0
171.25715510036326,0.6207199096679688,2.6226043701171875e-06,2.6226043701171875e-06,0.0,-2.0984058380126953,-2.0984058380126953,0.0
171.35872153110324,0.6220779418945312,2.384185791015625e-06,2.384185791015625e-06,0.0,-2.0984060764312744,-2.0984060764312744,0.0
171.4602910538914,0.6234359741210938,2.6226043701171875e-06,2.6226043701171875e-06,0.0,-2.0984058380126953,-2.0984058380126953,0.0
171.5618643868628,0.6247940063476562,7.152557373046875e-07,7.152557373046875e-07,0.0,-2.098407745361328,-2.098407745361328,0.0
171.66344040253858,0.62615966796875,2.1457672119140625e-06,2.1457672119140625e-06,0.0,-2.0984063148498535,-2.0984063148498535,0.0
171.7650199387964,0.6275177001953125,2.86102294921875e-06,2.86102294921875e-06,0.0,-2.098405599594116,-2.098405599594116,0.0
171.86660205779944,0.6288833618164062,2.6226043701171875e-06,2.6226043701171875e-06,0.0,-2.0984058380126953,-2.0984058380126953,0.0
171.9681874198503,0.6302490234375,2.6226043701171875e-06,2.6226043701171875e-06,0.0,-2.0984058380126953,-2.0984058380126953,0.0
172.06977632465893,0.631622314453125,2.384185791015625e-06,2.384185791015625e-06,0.0,-2.0984060764312744,-2.0984060764312744,0.0
172.17136888045104,0.6329879760742188,2.384185791015625e-06,2.384185791015625e-06,0.0,-2.0984060764312744,-2.0984060764312744,0.0
172.27296280623952,0.6343612670898438,7.152557373046875e-07,7.152557373046875e-07,0.0,-2.098407745361328,-2.098407745361328,0.0
172.37456080306254,0.6357269287109375,7.152557373046875e-07,7.152557373046875e-07,0.0,-2.098407745361328,-2.098407745361328,0.0
172.47616110215543,0.6371002197265625,2.1457672119140625e-06,2.1457672119140625e-06,0.0,-2.0984063148498535,-2.0984063148498535,0.0
172.5777646216098,0.6384811401367188,2.384185791015625e-06,2.384185791015625e-06,0.0,-2.0984060764312744,-2.0984060764312744,0.0
172.6793715087043,0.6398544311523438,2.6226043701171875e-06,2.6226043701171875e-06,0.0,-2.0984058380126953,-2.0984058380126953,0.0
172.78098009260395,0.6412353515625,2.6226043701171875e-06,2.6226043701171875e-06,0.0,-2.0984058380126953,-2.0984058380126953,0.0
172.8825923842278,0.6426162719726562,2.6226043701171875e-06,2.6226043701171875e-06,0.0,-2.0984058380126953,-2.0984058380126953,0.0
172.984206725869,0.6439971923828125,2.1457672119140625e-06,2.1457672119140625e-06,0.0,-2.0984063148498535,-2.0984063148498535,0.0
173.0858251042116,0.6453781127929688,2.384185791015625e-06,2.384185791015625e-06,0.0,-2.0984060764312744,-2.0984060764312744,0.0
173.1874448106622,0.646759033203125,2.384185791015625e-06,2.384185791015625e-06,0.0,-2.0984060764312744,-2.0984060764312744,0.0
173.28906713983588,0.6481475830078125,2.6226043701171875e-06,2.6226043701171875e-06,0.0,-2.0984058380126953,-2.0984058380126953,0.0
173.39069280611133,0.6495285034179688,3.0994415283203125e-06,3.0994415283203125e-06,0.0,-2.098405361175537,-2.098405361175537,0.0
173.49232011235893,0.6509170532226562,2.384185791015625e-06,2.384185791015625e-06,0.0,-2.0984060764312744,-2.0984060764312744,0.0
173.5939499765186,0.652313232421875,2.384185791015625e-06,2.384185791015625e-06,0.0,-2.0984060764312744,-2.0984060764312744,0.0
173.69558345251266,0.6537017822265625,2.6226043701171875e-06,2.6226043701171875e-06,0.0,-2.0984058380126953,-2.0984058380126953,0.0
173.79721844667097,0.65509033203125,2.6226043701171875e-06,2.6226043701171875e-06,0.0,-2.0984058380126953,-2.0984058380126953,0.0
173.89885640470933,0.6564865112304688,2.1457672119140625e-06,2.1457672119140625e-06,0.0,-2.0984063148498535,-2.0984063148498535,0.0
174.00049604503462,0.6578826904296875,7.152557373046875e-07,7.152557373046875e-07,0.0,-2.098407745361328,-2.098407745361328,0.0
174.10213829753062,0.6592788696289062,2.384185791015625e-07,2.384185791015625e-07,0.0,-2.0984082221984863,-2.0984082221984863,0.0
174.2037823454849,0.6606826782226562,2.6226043701171875e-06,2.6226043701171875e-06,0.0,-2.0984058380126953,-2.0984058380126953,0.0
174.30542867532384,0.662078857421875,7.152557373046875e-07,7.152557373046875e-07,0.0,-2.098407745361328,-2.098407745361328,0.0
174.40707830452962,0.663482666015625,7.152557373046875e-07,7.152557373046875e-07,0.0,-2.098407745361328,-2.098407745361328,0.0
174.50872890641932,0.664886474609375,2.6226043701171875e-06,2.6226043701171875e-06,0.0,-2.0984058380126953,-2.0984058380126953,0.0
174.61038244888672,0.666290283203125,2.6226043701171875e-06,2.6226043701171875e-06,0.0,-2.0984058380126953,-2.0984058380126953,0.0
174.7120378004987,0.667694091796875,2.86102294921875e-06,2.86102294921875e-06,0.0,-2.098405599594116,-2.098405599594116,0.0
174.81369482525056,0.669097900390625,7.152557373046875e-07,7.152557373046875e-07,0.0,-2.098407745361328,-2.098407745361328,0.0
174.9153543833807,0.6705093383789062,7.152557373046875e-07,7.152557373046875e-07,0.0,-2.098407745361328,-2.098407745361328,0.0
175.01701566001077,0.6719207763671875,2.6226043701171875e-06,2.6226043701171875e-06,0.0,-2.0984058380126953,-2.0984058380126953,0.0
175.1186788679967,0.6733322143554688,2.1457672119140625e-06,2.1457672119140625e-06,0.0,-2.0984063148498535,-2.0984063148498535,0.0
175.22034345314052,0.67474365234375,2.6226043701171875e-06,2.6226043701171875e-06,0.0,-2.0984058380126953,-2.0984058380126953,0.0
175.3220108157151,0.6761627197265625,2.6226043701171875e-06,2.6226043701171875e-06,0.0,-2.0984058380126953,-2.0984058380126953,0.0
175.42367931528767,0.6775741577148438,9.5367431640625e-07,9.5367431640625e-07,0.0,-2.098407506942749,-2.098407506942749,0.0
175.52534916013076,0.6789932250976562,7.152557373046875e-07,7.152557373046875e-07,0.0,-2.098407745361328,-2.098407745361328,0.0
175.62702166655427,0.6804122924804688,2.384185791015625e-06,2.384185791015625e-06,0.0,-2.0984060764312744,-2.0984060764312744,0.0
175.72869559360532,0.6818313598632812,2.1457672119140625e-06,2.1457672119140625e-06,0.0,-2.0984063148498535,-2.0984063148498535,0.0
175.83037093171646,0.683258056640625,3.0994415283203125e-06,3.0994415283203125e-06,0.0,-2.098405361175537,-2.098405361175537,0.0
175.93204839328183,0.6846771240234375,4.76837158203125e-07,4.76837158203125e-07,0.0,-2.0984079837799072,-2.0984079837799072,0.0
176.03372721364227,0.6861038208007812,2.6226043701171875e-06,2.6226043701171875e-06,0.0,-2.0984058380126953,-2.0984058380126953,0.0
176.13540698662487,0.687530517578125,2.1457672119140625e-06,2.1457672119140625e-06,0.0,-2.0984063148498535,-2.0984063148498535,0.0
176.23708850232077,0.6889572143554688,2.6226043701171875e-06,2.6226043701171875e-06,0.0,-2.0984058380126953,-2.0984058380126953,0.0
176.3387720572502,0.6903915405273438,2.384185791015625e-06,2.384185791015625e-06,0.0,-2.0984060764312744,-2.0984060764312744,0.0
176.44045645461543,0.6918182373046875,2.384185791015625e-06,2.384185791015625e-06,0.0,-2.0984060764312744,-2.0984060764312744,0.0
176.54214257203932,0.6932525634765625,2.86102294921875e-06,2.86102294921875e-06,0.0,-2.098405599594116,-2.098405599594116,0.0
176.6438292516362,0.6946868896484375,4.76837158203125e-07,4.76837158203125e-07,0.0,-2.0984079837799072,-2.0984079837799072,0.0
176.74551807735176,0.6961212158203125,2.6226043701171875e-06,2.6226043701171875e-06,0.0,-2.0984058380126953,-2.0984058380126953,0.0
176.8472078549337,0.6975555419921875,2.6226043701171875e-06,2.6226043701171875e-06,0.0,-2.0984058380126953,-2.0984058380126953,0.0
176.9488988639202,0.6989974975585938,2.6226043701171875e-06,2.6226043701171875e-06,0.0,-2.0984058380126953,-2.0984058380126953,0.0
177.05059121641742,0.700439453125,2.384185791015625e-06,2.384185791015625e-06,0.0,-2.0984060764312744,-2.0984060764312744,0.0
177.1522844864499,0.7018814086914062,2.6226043701171875e-06,2.6226043701171875e-06,0.0,-2.0984058380126953,-2.0984058380126953,0.0
177.25397888445178,0.7033233642578125,2.384185791015625e-06,2.384185791015625e-06,0.0,-2.0984060764312744,-2.0984060764312744,0.0
177.35567459240258,0.7047653198242188,2.6226043701171875e-06,2.6226043701171875e-06,0.0,-2.0984058380126953,-2.0984058380126953,0.0
177.45737044221912,0.706207275390625,2.6226043701171875e-06,2.6226043701171875e-06,0.0,-2.0984058380126953,-2.0984058380126953,0.0
177.55906802703342,0.7076568603515625,2.1457672119140625e-06,2.1457672119140625e-06,0.0,-2.0984063148498535,-2.0984063148498535,0.0
177.66076688105957,0.7091064453125,2.384185791015625e-06,2.384185791015625e-06,0.0,-2.0984060764312744,-2.0984060764312744,0.0
177.76246648578018,0.7105560302734375,2.1457672119140625e-06,2.1457672119140625e-06,0.0,-2.0984063148498535,-2.0984063148498535,0.0
177.86416621193723,0.712005615234375,3.0994415283203125e-06,3.0994415283203125e-06,0.0,-2.098405361175537,-2.098405361175537,0.0
177.96586730385985,0.7134628295898438,2.6226043701171875e-06,2.6226043701171875e-06,0.0,-2.0984058380126953,-2.0984058380126953,0.0
178.06756905668627,0.7149124145507812,2.384185791015625e-07,2.384185791015625e-07,0.0,-2.0984082221984863,-2.0984082221984863,0.0
178.16927172643153,0.71636962890625,2.86102294921875e-06,2.86102294921875e-06,0.0,-2.098405599594116,-2.098405599594116,0.0
178.27097481822068,0.7178268432617188,2.6226043701171875e-06,2.6226043701171875e-06,0.0,-2.0984058380126953,-2.0984058380126953,0.0
178.37267841937322,0.7192840576171875,2.86102294921875e-06,2.86102294921875e-06,0.0,-2.098405599594116,-2.098405599594116,0.0
178.47438297630066,0.7207489013671875,2.86102294921875e-06,2.86102294921875e-06,0.0,-2.098405599594116,-2.098405599594116,0.0
178.57608857194631,0.7222061157226562,2.384185791015625e-06,2.384185791015625e-06,0.0,-2.0984060764312744,-2.0984060764312744,0.0
178.67779393829719,0.7236709594726562,2.6226043701171875e-06,2.6226043701171875e-06,0.0,-2.0984058380126953,-2.0984058380126953,0.0
178.779500154409,0.7251358032226562,2.384185791015625e-06,2.384185791015625e-06,0.0,-2.0984060764312744,-2.0984060764312744,0.0
178.88120657615366,0.7266006469726562,2.6226043701171875e-06,2.6226043701171875e-06,0.0,-2.0984058380126953,-2.0984058380126953,0.0
178.98291425855604,0.7280731201171875,2.6226043701171875e-06,2.6226043701171875e-06,0.0,-2.0984058380126953,-2.0984058380126953,0.0
179.08462117128275,0.7295379638671875,2.6226043701171875e-06,2.6226043701171875e-06,0.0,-2.0984058380126953,-2.0984058380126953,0.0
179.18632905033516,0.7310104370117188,2.1457672119140625e-06,2.1457672119140625e-06,0.0,-2.0984063148498535,-2.0984063148498535,0.0
179.28803729960808,0.73248291015625,2.6226043701171875e-06,2.6226043701171875e-06,0.0,-2.0984058380126953,-2.0984058380126953,0.0
179.38974618138226,0.7339553833007812,2.6226043701171875e-06,2.6226043701171875e-06,0.0,-2.0984058380126953,-2.0984058380126953,0.0
179.4914545037902,0.7354278564453125,7.152557373046875e-07,7.152557373046875e-07,0.0,-2.098407745361328,-2.098407745361328,0.0
179.59316320357118,0.736907958984375,2.384185791015625e-06,2.384185791015625e-06,0.0,-2.0984060764312744,-2.0984060764312744,0.0
179.69487243785608,0.7383880615234375,2.6226043701171875e-06,2.6226043701171875e-06,0.0,-2.0984058380126953,-2.0984058380126953,0.0
179.7965817417909,0.7398681640625,2.6226043701171875e-06,2.6226043701171875e-06,0.0,-2.0984058380126953,-2.0984058380126953,0.0
179.89829062422064,0.7413482666015625,2.6226043701171875e-06,2.6226043701171875e-06,0.0,-2.0984058380126953,-2.0984058380126953,0.0
180.0,0.742828369140625,2.6226043701171875e-06,2.6226043701171875e-06,0.0,-2.0984058380126953,-2.0984058380126953,0.0
