Training set losses. Units: meV (U), meV/Å (F), meV (σ), % (R2)
    Step |      Loss |   U R2 |     U MAE |    U RMSE |   F R2 |     F MAE |    F RMSE
    9024 |  1.27e+01 |     -- |  3.15e+01 |  1.12e+02 |     -- |  2.85e+02 |  4.25e+02
   18048 |  1.95e-01 |     -- |  3.11e+00 |  4.11e+00 |     -- |  2.83e+02 |  4.22e+02
   27072 |  1.89e-01 |     -- |  3.13e+00 |  4.14e+00 |     -- |  2.76e+02 |  4.15e+02
   36096 |  1.59e-01 |     -- |  3.13e+00 |  4.15e+00 |     -- |  2.36e+02 |  3.77e+02
   45120 |  1.36e-01 |     -- |  3.37e+00 |  4.43e+00 |     -- |  2.01e+02 |  3.41e+02
   54144 |  1.06e-01 |     -- |  2.98e+00 |  4.02e+00 |     -- |  1.68e+02 |  2.99e+02
   63168 |  8.33e-02 |     -- |  2.88e+00 |  3.92e+00 |     -- |  1.34e+02 |  2.61e+02
   72192 |  7.41e-02 |     -- |  2.68e+00 |  3.70e+00 |     -- |  1.20e+02 |  2.46e+02
   81216 |  6.61e-02 |     -- |  2.58e+00 |  3.53e+00 |     -- |  1.10e+02 |  2.31e+02
   90240 |  5.33e-02 |     -- |  2.29e+00 |  3.13e+00 |     -- |  1.02e+02 |  2.09e+02
   99264 |  3.51e-02 |     -- |  1.90e+00 |  2.52e+00 |     -- |  9.53e+01 |  1.70e+02
  108288 |  2.80e-02 |     -- |  2.11e+00 |  2.71e+00 |     -- |  8.95e+01 |  1.44e+02
  117312 |  2.89e-02 |     -- |  2.72e+00 |  3.42e+00 |     -- |  8.56e+01 |  1.31e+02
  126336 |  3.51e-02 |     -- |  3.51e+00 |  4.45e+00 |     -- |  8.27e+01 |  1.24e+02
  135360 |  3.42e-02 |     -- |  3.52e+00 |  4.49e+00 |     -- |  8.04e+01 |  1.18e+02
  144384 |  4.00e-02 |     -- |  3.83e+00 |  5.20e+00 |     -- |  7.85e+01 |  1.14e+02
  153408 |  3.14e-02 |     -- |  3.21e+00 |  4.38e+00 |     -- |  7.66e+01 |  1.11e+02
  162432 |  3.03e-02 |     -- |  3.39e+00 |  4.32e+00 |     -- |  7.49e+01 |  1.08e+02
  171456 |  3.56e-02 |     -- |  3.82e+00 |  4.95e+00 |     -- |  7.37e+01 |  1.05e+02
  180480 |  2.58e-02 |     -- |  2.72e+00 |  3.94e+00 |     -- |  7.13e+01 |  1.01e+02
  189504 |  2.73e-02 |     -- |  3.20e+00 |  4.20e+00 |     -- |  6.94e+01 |  9.83e+01
  198528 |  2.20e-02 |     -- |  2.79e+00 |  3.60e+00 |     -- |  6.78e+01 |  9.52e+01
  207552 |  2.46e-02 |     -- |  3.07e+00 |  3.99e+00 |     -- |  6.64e+01 |  9.33e+01
  216576 |  2.25e-02 |     -- |  2.48e+00 |  3.76e+00 |     -- |  6.51e+01 |  9.11e+01
  225600 |  1.83e-02 |     -- |  2.59e+00 |  3.23e+00 |     -- |  6.33e+01 |  8.85e+01
  234624 |  1.64e-02 |     -- |  2.34e+00 |  3.02e+00 |     -- |  6.12e+01 |  8.54e+01
  243648 |  1.84e-02 |     -- |  2.59e+00 |  3.37e+00 |     -- |  6.00e+01 |  8.38e+01
  252672 |  2.50e-02 |     -- |  2.46e+00 |  4.19e+00 |     -- |  6.11e+01 |  8.62e+01
  261696 |  7.81e-03 |     -- |  1.02e+00 |  1.32e+00 |     -- |  5.59e+01 |  7.79e+01
  270720 |  1.43e-02 |     -- |  2.07e+00 |  2.86e+00 |     -- |  5.58e+01 |  7.81e+01
  279744 |  1.62e-02 |     -- |  2.42e+00 |  3.24e+00 |     -- |  5.40e+01 |  7.57e+01
  288768 |  1.02e-02 |     -- |  1.76e+00 |  2.24e+00 |     -- |  5.15e+01 |  7.20e+01
  297792 |  9.79e-03 |     -- |  1.72e+00 |  2.22e+00 |     -- |  4.98e+01 |  6.97e+01
  306816 |  8.55e-03 |     -- |  1.58e+00 |  2.02e+00 |     -- |  4.78e+01 |  6.68e+01
  315840 |  1.12e-02 |     -- |  1.57e+00 |  2.55e+00 |     -- |  4.79e+01 |  6.84e+01
  324864 |  9.53e-03 |     -- |  1.55e+00 |  2.32e+00 |     -- |  4.59e+01 |  6.43e+01
  333888 |  6.98e-03 |     -- |  1.41e+00 |  1.82e+00 |     -- |  4.33e+01 |  6.05e+01
  342912 |  7.01e-03 |     -- |  1.42e+00 |  1.87e+00 |     -- |  4.26e+01 |  5.93e+01
  351936 |  7.07e-03 |     -- |  1.35e+00 |  1.92e+00 |     -- |  4.19e+01 |  5.82e+01
  360960 |  2.04e+00 |     -- |  8.93e+00 |  4.50e+01 |     -- |  5.10e+01 |  9.81e+01
  369984 |  4.76e-01 |     -- |  7.66e+00 |  1.77e+01 |     -- |  2.64e+02 |  4.03e+02
  379008 |  1.36e-01 |     -- |  2.86e+00 |  3.58e+00 |     -- |  2.27e+02 |  3.51e+02
  388032 |  9.01e-02 |     -- |  2.45e+00 |  2.97e+00 |     -- |  1.98e+02 |  2.85e+02
  397056 |  5.61e-02 |     -- |  2.45e+00 |  2.94e+00 |     -- |  1.58e+02 |  2.18e+02
  406080 |  4.12e-02 |     -- |  2.50e+00 |  3.04e+00 |     -- |  1.29e+02 |  1.79e+02
  415104 |  3.35e-02 |     -- |  2.61e+00 |  3.23e+00 |     -- |  1.10e+02 |  1.52e+02
  424128 |  2.49e-02 |     -- |  1.97e+00 |  2.44e+00 |     -- |  9.81e+01 |  1.38e+02
  433152 |  1.88e-02 |     -- |  1.41e+00 |  1.75e+00 |     -- |  9.03e+01 |  1.26e+02
  442176 |  1.60e-02 |     -- |  1.16e+00 |  1.49e+00 |     -- |  8.38e+01 |  1.17e+02
  451200 |  1.53e-02 |     -- |  1.44e+00 |  1.90e+00 |     -- |  7.71e+01 |  1.08e+02
  460224 |  1.42e-02 |     -- |  1.64e+00 |  2.07e+00 |     -- |  7.08e+01 |  9.93e+01
  469248 |  1.36e-02 |     -- |  1.74e+00 |  2.27e+00 |     -- |  6.60e+01 |  9.17e+01
  478272 |  1.52e-02 |     -- |  1.83e+00 |  2.74e+00 |     -- |  6.33e+01 |  8.79e+01
  487296 |  1.06e-02 |     -- |  1.54e+00 |  1.89e+00 |     -- |  6.05e+01 |  8.41e+01
  496320 |  1.29e-02 |     -- |  1.86e+00 |  2.55e+00 |     -- |  5.82e+01 |  7.97e+01
  505344 |  1.16e-02 |     -- |  1.77e+00 |  2.34e+00 |     -- |  5.68e+01 |  7.82e+01
  514368 |  1.34e-02 |     -- |  2.14e+00 |  2.76e+00 |     -- |  5.53e+01 |  7.60e+01
  523392 |  1.06e-02 |     -- |  1.86e+00 |  2.29e+00 |     -- |  5.33e+01 |  7.32e+01
  532416 |  1.34e-02 |     -- |  2.15e+00 |  2.88e+00 |     -- |  5.24e+01 |  7.17e+01
  541440 |  8.39e-03 |     -- |  1.53e+00 |  1.90e+00 |     -- |  5.07e+01 |  6.92e+01
  550464 |  1.21e-02 |     -- |  1.98e+00 |  2.74e+00 |     -- |  4.98e+01 |  6.81e+01
  559488 |  8.59e-03 |     -- |  1.44e+00 |  2.06e+00 |     -- |  4.84e+01 |  6.59e+01
  568512 |  9.18e-03 |     -- |  1.55e+00 |  2.23e+00 |     -- |  4.72e+01 |  6.47e+01
  577536 |  7.85e-03 |     -- |  1.50e+00 |  1.99e+00 |     -- |  4.58e+01 |  6.23e+01
  586560 |  8.20e-03 |     -- |  1.60e+00 |  2.11e+00 |     -- |  4.51e+01 |  6.13e+01
  595584 |  7.57e-03 |     -- |  1.38e+00 |  1.99e+00 |     -- |  4.44e+01 |  6.02e+01
  604608 |  6.89e-03 |     -- |  1.40e+00 |  1.90e+00 |     -- |  4.24e+01 |  5.74e+01
  613632 |  6.42e-03 |     -- |  1.36e+00 |  1.82e+00 |     -- |  4.13e+01 |  5.58e+01
  622656 |  8.38e-03 |     -- |  1.54e+00 |  2.26e+00 |     -- |  4.20e+01 |  5.71e+01
  631680 |  5.22e-03 |     -- |  1.11e+00 |  1.55e+00 |     -- |  3.92e+01 |  5.31e+01
  640704 |  8.14e-03 |     -- |  1.49e+00 |  2.22e+00 |     -- |  4.10e+01 |  5.65e+01
  649728 |  4.63e-03 |     -- |  1.16e+00 |  1.45e+00 |     -- |  3.73e+01 |  5.04e+01
  658752 |  8.00e-03 |     -- |  1.47e+00 |  2.28e+00 |     -- |  3.85e+01 |  5.28e+01
  667776 |  3.57e-03 |     -- |  8.46e-01 |  1.15e+00 |     -- |  3.52e+01 |  4.75e+01
  676800 |  4.75e-03 |     -- |  1.10e+00 |  1.57e+00 |     -- |  3.53e+01 |  4.80e+01
  685824 |  5.59e-03 |     -- |  1.40e+00 |  1.80e+00 |     -- |  3.57e+01 |  4.85e+01
  694848 |  6.47e-03 |     -- |  1.30e+00 |  1.97e+00 |     -- |  3.69e+01 |  5.09e+01
  703872 |  3.22e-03 |     -- |  8.32e-01 |  1.10e+00 |     -- |  3.30e+01 |  4.48e+01
  712896 |  4.91e-03 |     -- |  1.25e+00 |  1.66e+00 |     -- |  3.42e+01 |  4.65e+01
  721920 |  3.30e-03 |     -- |  8.82e-01 |  1.18e+00 |     -- |  3.21e+01 |  4.36e+01
  730944 |  8.42e-01 |     -- |  9.79e+00 |  2.74e+01 |     -- |  1.98e+02 |  3.02e+02
  739968 |  3.75e-02 |     -- |  1.98e+00 |  2.38e+00 |     -- |  1.29e+02 |  1.79e+02
  748992 |  2.46e-02 |     -- |  1.63e+00 |  1.95e+00 |     -- |  1.07e+02 |  1.44e+02
  758016 |  1.99e-02 |     -- |  1.42e+00 |  1.75e+00 |     -- |  9.53e+01 |  1.30e+02
  767040 |  1.55e-02 |     -- |  1.19e+00 |  1.50e+00 |     -- |  8.62e+01 |  1.15e+02
  776064 |  1.28e-02 |     -- |  8.58e-01 |  1.09e+00 |     -- |  7.96e+01 |  1.08e+02
  785088 |  1.14e-02 |     -- |  9.19e-01 |  1.18e+00 |     -- |  7.47e+01 |  1.00e+02
  794112 |  1.01e-02 |     -- |  8.72e-01 |  1.13e+00 |     -- |  7.08e+01 |  9.39e+01
  803136 |  9.56e-03 |     -- |  9.36e-01 |  1.22e+00 |     -- |  6.75e+01 |  8.98e+01
  812160 |  1.03e-02 |     -- |  1.26e+00 |  1.69e+00 |     -- |  6.51e+01 |  8.61e+01
  821184 |  1.08e-02 |     -- |  1.41e+00 |  1.98e+00 |     -- |  6.28e+01 |  8.30e+01
  830208 |  8.96e-03 |     -- |  1.16e+00 |  1.63e+00 |     -- |  6.03e+01 |  7.95e+01
  839232 |  9.96e-03 |     -- |  1.45e+00 |  2.00e+00 |     -- |  5.87e+01 |  7.73e+01
  848256 |  9.01e-03 |     -- |  1.39e+00 |  1.85e+00 |     -- |  5.68e+01 |  7.47e+01
  857280 |  1.01e-02 |     -- |  1.55e+00 |  2.19e+00 |     -- |  5.57e+01 |  7.32e+01
  866304 |  1.00e-02 |     -- |  1.55e+00 |  2.22e+00 |     -- |  5.42e+01 |  7.14e+01
  875328 |  6.94e-03 |     -- |  1.14e+00 |  1.46e+00 |     -- |  5.27e+01 |  6.94e+01
  884352 |  9.39e-03 |     -- |  1.31e+00 |  2.19e+00 |     -- |  5.16e+01 |  6.79e+01
  893376 |  1.03e-02 |     -- |  1.83e+00 |  2.41e+00 |     -- |  5.04e+01 |  6.67e+01
  902400 |  7.19e-03 |     -- |  1.26e+00 |  1.74e+00 |     -- |  4.87e+01 |  6.44e+01
  911424 |  7.35e-03 |     -- |  1.25e+00 |  1.86e+00 |     -- |  4.72e+01 |  6.24e+01
  920448 |  7.92e-03 |     -- |  1.48e+00 |  2.04e+00 |     -- |  4.62e+01 |  6.14e+01
  929472 |  5.86e-03 |     -- |  1.05e+00 |  1.52e+00 |     -- |  4.49e+01 |  5.95e+01
  938496 |  8.06e-03 |     -- |  1.32e+00 |  2.11e+00 |     -- |  4.48e+01 |  5.99e+01
  947520 |  6.18e-03 |     -- |  1.25e+00 |  1.73e+00 |     -- |  4.24e+01 |  5.64e+01
  956544 |  8.87e-03 |     -- |  1.41e+00 |  2.33e+00 |     -- |  4.34e+01 |  5.88e+01
  965568 |  4.57e-03 |     -- |  8.29e-01 |  1.30e+00 |     -- |  4.04e+01 |  5.37e+01
  974592 |  4.94e-03 |     -- |  1.04e+00 |  1.48e+00 |     -- |  3.94e+01 |  5.23e+01
  983616 |  5.40e-03 |     -- |  1.21e+00 |  1.63e+00 |     -- |  3.90e+01 |  5.24e+01
  992640 |  4.18e-03 |     -- |  9.64e-01 |  1.29e+00 |     -- |  3.77e+01 |  5.02e+01
 1001664 |  5.30e-03 |     -- |  1.20e+00 |  1.65e+00 |     -- |  3.79e+01 |  5.07e+01
 1010688 |  6.01e-03 |     -- |  1.15e+00 |  1.76e+00 |     -- |  3.85e+01 |  5.41e+01
 1019712 |  5.04e-03 |     -- |  1.26e+00 |  1.67e+00 |     -- |  3.55e+01 |  4.75e+01
 1028736 |  3.87e-03 |     -- |  8.99e-01 |  1.32e+00 |     -- |  3.45e+01 |  4.61e+01
 1037760 |  5.31e-03 |     -- |  1.28e+00 |  1.74e+00 |     -- |  3.57e+01 |  4.79e+01
 1046784 |  5.08e-03 |     -- |  1.04e+00 |  1.70e+00 |     -- |  3.46e+01 |  4.68e+01
 1055808 |  2.81e-03 |     -- |  7.36e-01 |  9.65e-01 |     -- |  3.22e+01 |  4.33e+01
 1064832 |  3.29e-03 |     -- |  8.72e-01 |  1.19e+00 |     -- |  3.22e+01 |  4.33e+01
 1073856 |  4.22e-03 |     -- |  1.15e+00 |  1.52e+00 |     -- |  3.25e+01 |  4.39e+01
 1082880 |  3.08e-03 |     -- |  7.92e-01 |  1.17e+00 |     -- |  3.08e+01 |  4.14e+01
 1091904 |  3.19e-03 |     -- |  9.55e-01 |  1.24e+00 |     -- |  3.02e+01 |  4.07e+01
 1100928 |  2.63e-01 |     -- |  5.57e+00 |  1.46e+01 |     -- |  1.18e+02 |  2.25e+02
 1109952 |  3.11e-02 |     -- |  1.98e+00 |  2.41e+00 |     -- |  1.07e+02 |  1.59e+02
 1118976 |  1.64e-02 |     -- |  1.28e+00 |  1.67e+00 |     -- |  7.82e+01 |  1.17e+02
 1128000 |  1.02e-02 |     -- |  7.93e-01 |  1.02e+00 |     -- |  6.63e+01 |  9.58e+01
 1137024 |  7.38e-03 |     -- |  7.90e-01 |  9.91e-01 |     -- |  5.83e+01 |  8.00e+01
 1146048 |  9.12e-03 |     -- |  1.13e+00 |  1.49e+00 |     -- |  5.69e+01 |  8.30e+01
 1155072 |  6.53e-03 |     -- |  7.48e-01 |  1.02e+00 |     -- |  5.27e+01 |  7.41e+01
 1164096 |  5.31e-03 |     -- |  8.63e-01 |  1.09e+00 |     -- |  4.69e+01 |  6.42e+01
 1173120 |  4.86e-03 |     -- |  9.03e-01 |  1.12e+00 |     -- |  4.40e+01 |  6.00e+01
 1182144 |  4.97e-03 |     -- |  1.04e+00 |  1.30e+00 |     -- |  4.21e+01 |  5.73e+01
 1191168 |  3.98e-03 |     -- |  7.93e-01 |  1.03e+00 |     -- |  4.00e+01 |  5.40e+01
 1200192 |  4.63e-03 |     -- |  1.01e+00 |  1.38e+00 |     -- |  3.86e+01 |  5.22e+01
 1209216 |  4.18e-03 |     -- |  9.65e-01 |  1.28e+00 |     -- |  3.73e+01 |  5.05e+01
 1218240 |  4.70e-03 |     -- |  1.10e+00 |  1.51e+00 |     -- |  3.65e+01 |  4.94e+01
 1227264 |  3.54e-03 |     -- |  8.01e-01 |  1.14e+00 |     -- |  3.48e+01 |  4.74e+01
 1236288 |  3.68e-03 |     -- |  9.24e-01 |  1.26e+00 |     -- |  3.39e+01 |  4.59e+01
 1245312 |  3.68e-03 |     -- |  1.02e+00 |  1.31e+00 |     -- |  3.27e+01 |  4.43e+01
 1254336 |  3.04e-03 |     -- |  8.66e-01 |  1.09e+00 |     -- |  3.19e+01 |  4.32e+01
 1263360 |  6.34e-03 |     -- |  1.20e+00 |  1.76e+00 |     -- |  3.82e+01 |  5.70e+01
 1272384 |  3.07e-03 |     -- |  6.53e-01 |  8.74e-01 |     -- |  3.49e+01 |  4.80e+01
 1281408 |  3.47e-03 |     -- |  9.54e-01 |  1.22e+00 |     -- |  3.25e+01 |  4.45e+01
 1290432 |  3.01e-03 |     -- |  8.45e-01 |  1.12e+00 |     -- |  3.09e+01 |  4.21e+01
 1299456 |  2.93e-03 |     -- |  8.85e-01 |  1.15e+00 |     -- |  2.96e+01 |  4.01e+01
 1308480 |  3.25e-03 |     -- |  8.43e-01 |  1.30e+00 |     -- |  2.91e+01 |  3.95e+01
 1317504 |  2.99e-03 |     -- |  8.77e-01 |  1.23e+00 |     -- |  2.83e+01 |  3.85e+01
 1326528 |  2.44e-03 |     -- |  6.69e-01 |  9.51e-01 |     -- |  2.76e+01 |  3.92e+01
 1335552 |  5.94e-03 |     -- |  1.10e+00 |  1.91e+00 |     -- |  3.14e+01 |  4.77e+01
 1344576 |  1.77e-03 |     -- |  4.54e-01 |  5.98e-01 |     -- |  2.65e+01 |  3.76e+01
 1353600 |  2.47e-03 |     -- |  7.20e-01 |  9.50e-01 |     -- |  2.68e+01 |  3.97e+01
 1362624 |  1.60e-03 |     -- |  5.11e-01 |  6.84e-01 |     -- |  2.47e+01 |  3.37e+01
 1371648 |  4.06e-03 |     -- |  1.07e+00 |  1.57e+00 |     -- |  2.76e+01 |  4.01e+01
 1380672 |  2.66e-03 |     -- |  5.88e-01 |  9.60e-01 |     -- |  2.59e+01 |  4.17e+01
 1389696 |  2.87e-03 |     -- |  7.15e-01 |  1.09e+00 |     -- |  2.71e+01 |  4.09e+01
 1398720 |  1.65e-03 |     -- |  5.74e-01 |  7.34e-01 |     -- |  2.37e+01 |  3.34e+01
 1407744 |  1.62e-03 |     -- |  5.99e-01 |  8.18e-01 |     -- |  2.28e+01 |  3.08e+01
 1416768 |  2.50e-03 |     -- |  8.39e-01 |  1.16e+00 |     -- |  2.45e+01 |  3.40e+01
 1425792 |  1.40e-03 |     -- |  4.90e-01 |  7.13e-01 |     -- |  2.20e+01 |  2.99e+01
 1434816 |  4.73e-02 |     -- |  2.17e+00 |  5.69e+00 |     -- |  5.12e+01 |  1.22e+02
 1443840 |  1.89e-02 |     -- |  1.15e+00 |  2.04e+00 |     -- |  7.46e+01 |  1.21e+02
 1452864 |  4.08e-03 |     -- |  4.31e-01 |  5.88e-01 |     -- |  4.33e+01 |  6.11e+01
 1461888 |  2.74e-03 |     -- |  3.41e-01 |  4.43e-01 |     -- |  3.70e+01 |  5.04e+01
 1470912 |  2.72e-03 |     -- |  5.92e-01 |  7.71e-01 |     -- |  3.39e+01 |  4.61e+01
 1479936 |  2.38e-03 |     -- |  5.61e-01 |  7.04e-01 |     -- |  3.20e+01 |  4.34e+01
 1488960 |  2.27e-03 |     -- |  5.79e-01 |  7.40e-01 |     -- |  3.06e+01 |  4.14e+01
 1497984 |  2.39e-03 |     -- |  6.98e-01 |  8.75e-01 |     -- |  2.97e+01 |  4.03e+01
 1507008 |  1.98e-03 |     -- |  4.89e-01 |  6.71e-01 |     -- |  2.87e+01 |  3.91e+01
 1516032 |  3.48e-03 |     -- |  7.26e-01 |  1.35e+00 |     -- |  2.92e+01 |  4.07e+01
 1525056 |  1.92e-03 |     -- |  4.76e-01 |  6.73e-01 |     -- |  2.74e+01 |  3.83e+01
 1534080 |  2.26e-03 |     -- |  6.64e-01 |  8.61e-01 |     -- |  2.72e+01 |  3.89e+01
 1543104 |  1.92e-03 |     -- |  5.50e-01 |  7.40e-01 |     -- |  2.63e+01 |  3.70e+01
 1552128 |  2.45e-03 |     -- |  7.03e-01 |  1.04e+00 |     -- |  2.62e+01 |  3.70e+01
 1561152 |  1.89e-03 |     -- |  6.10e-01 |  8.31e-01 |     -- |  2.51e+01 |  3.46e+01
 1570176 |  1.55e-03 |     -- |  4.60e-01 |  6.58e-01 |     -- |  2.43e+01 |  3.35e+01
 1579200 |  2.08e-03 |     -- |  7.45e-01 |  9.60e-01 |     -- |  2.45e+01 |  3.40e+01
 1588224 |  1.89e-03 |     -- |  5.76e-01 |  8.66e-01 |     -- |  2.39e+01 |  3.37e+01
 1597248 |  2.57e-03 |     -- |  7.70e-01 |  9.97e-01 |     -- |  2.53e+01 |  3.97e+01
 1606272 |  2.68e-03 |     -- |  7.84e-01 |  1.11e+00 |     -- |  2.52e+01 |  3.81e+01
 1615296 |  1.47e-03 |     -- |  4.43e-01 |  6.01e-01 |     -- |  2.37e+01 |  3.33e+01
 1624320 |  1.69e-03 |     -- |  5.78e-01 |  7.92e-01 |     -- |  2.29e+01 |  3.26e+01
 1633344 |  1.41e-03 |     -- |  4.81e-01 |  6.67e-01 |     -- |  2.26e+01 |  3.10e+01
 1642368 |  1.52e-03 |     -- |  5.73e-01 |  7.84e-01 |     -- |  2.21e+01 |  3.01e+01
 1651392 |  1.86e-02 |     -- |  1.58e+00 |  3.70e+00 |     -- |  4.08e+01 |  7.02e+01
 1660416 |  1.19e-03 |     -- |  1.33e-01 |  1.82e-01 |     -- |  2.44e+01 |  3.40e+01
 1669440 |  9.55e-04 |     -- |  1.33e-01 |  1.74e-01 |     -- |  2.25e+01 |  3.04e+01
 1678464 |  9.55e-04 |     -- |  1.60e-01 |  2.13e-01 |     -- |  2.15e+01 |  3.02e+01
 1687488 |  1.92e-03 |     -- |  4.55e-01 |  6.38e-01 |     -- |  2.34e+01 |  3.89e+01
 1696512 |  9.69e-04 |     -- |  2.48e-01 |  3.31e-01 |     -- |  2.11e+01 |  2.93e+01
 1705536 |  1.09e-03 |     -- |  3.47e-01 |  4.95e-01 |     -- |  2.07e+01 |  2.91e+01
 1714560 |  1.63e-03 |     -- |  4.69e-01 |  6.39e-01 |     -- |  2.23e+01 |  3.50e+01
 1723584 |  9.59e-04 |     -- |  3.05e-01 |  3.89e-01 |     -- |  2.03e+01 |  2.84e+01
 1732608 |  1.46e-03 |     -- |  5.50e-01 |  7.61e-01 |     -- |  2.05e+01 |  2.96e+01
 1741632 |  8.60e-04 |     -- |  2.81e-01 |  3.66e-01 |     -- |  1.97e+01 |  2.69e+01
 1750656 |  1.33e-03 |     -- |  5.14e-01 |  6.98e-01 |     -- |  2.01e+01 |  2.91e+01
 1759680 |  1.77e-03 |     -- |  5.65e-01 |  8.79e-01 |     -- |  2.08e+01 |  3.16e+01
 1768704 |  1.07e-03 |     -- |  3.71e-01 |  4.85e-01 |     -- |  1.95e+01 |  2.89e+01
 1777728 |  1.28e-03 |     -- |  4.88e-01 |  7.18e-01 |     -- |  1.97e+01 |  2.76e+01
 1786752 |  1.24e-03 |     -- |  4.98e-01 |  6.85e-01 |     -- |  1.95e+01 |  2.78e+01
 1795776 |  1.88e-03 |     -- |  5.99e-01 |  8.90e-01 |     -- |  2.05e+01 |  3.30e+01
 1804800 |  1.73e-03 |     -- |  5.16e-01 |  7.77e-01 |     -- |  2.03e+01 |  3.36e+01
 1813824 |  8.18e-04 |     -- |  2.62e-01 |  3.61e-01 |     -- |  1.83e+01 |  2.62e+01
 1822848 |  1.21e-03 |     -- |  4.72e-01 |  6.34e-01 |     -- |  1.90e+01 |  2.84e+01
 1831872 |  1.04e-03 |     -- |  3.92e-01 |  6.06e-01 |     -- |  1.81e+01 |  2.60e+01
 1840896 |  1.05e-03 |     -- |  4.29e-01 |  5.81e-01 |     -- |  1.84e+01 |  2.67e+01
 1849920 |  1.08e-03 |     -- |  4.23e-01 |  5.92e-01 |     -- |  1.84e+01 |  2.69e+01
 1858944 |  1.25e-03 |     -- |  4.34e-01 |  7.11e-01 |     -- |  1.86e+01 |  2.74e+01
 1867968 |  7.31e-04 |     -- |  2.93e-01 |  3.96e-01 |     -- |  1.70e+01 |  2.40e+01
 1876992 |  5.17e-02 |     -- |  2.36e+00 |  5.76e+00 |     -- |  6.45e+01 |  1.36e+02
 1886016 |  6.97e-03 |     -- |  6.14e-01 |  8.69e-01 |     -- |  5.04e+01 |  7.88e+01
 1895040 |  2.91e-03 |     -- |  3.99e-01 |  5.53e-01 |     -- |  3.72e+01 |  5.10e+01
 1904064 |  2.00e-03 |     -- |  2.28e-01 |  2.98e-01 |     -- |  3.25e+01 |  4.37e+01
 1913088 |  1.97e-03 |     -- |  4.26e-01 |  6.12e-01 |     -- |  2.97e+01 |  4.00e+01
 1922112 |  1.58e-03 |     -- |  3.30e-01 |  4.44e-01 |     -- |  2.77e+01 |  3.72e+01
 1931136 |  1.60e-03 |     -- |  4.34e-01 |  6.01e-01 |     -- |  2.61e+01 |  3.52e+01
 1940160 |  1.46e-03 |     -- |  4.14e-01 |  5.80e-01 |     -- |  2.49e+01 |  3.36e+01
 1949184 |  1.23e-03 |     -- |  3.52e-01 |  4.35e-01 |     -- |  2.39e+01 |  3.22e+01
 1958208 |  1.52e-03 |     -- |  4.98e-01 |  7.22e-01 |     -- |  2.33e+01 |  3.16e+01
 1967232 |  1.18e-03 |     -- |  3.85e-01 |  4.99e-01 |     -- |  2.25e+01 |  3.05e+01
 1976256 |  1.95e-03 |     -- |  6.55e-01 |  9.88e-01 |     -- |  2.28e+01 |  3.12e+01
 1985280 |  1.06e-03 |     -- |  2.80e-01 |  3.58e-01 |     -- |  2.19e+01 |  3.06e+01
 1994304 |  1.08e-03 |     -- |  3.35e-01 |  4.66e-01 |     -- |  2.11e+01 |  2.93e+01
 2003328 |  1.31e-03 |     -- |  4.99e-01 |  6.98e-01 |     -- |  2.10e+01 |  2.87e+01
 2012352 |  9.88e-04 |     -- |  3.30e-01 |  4.37e-01 |     -- |  2.02e+01 |  2.82e+01
 2021376 |  1.35e-03 |     -- |  5.07e-01 |  6.88e-01 |     -- |  2.05e+01 |  2.97e+01
 2030400 |  1.05e-03 |     -- |  3.94e-01 |  5.13e-01 |     -- |  1.97e+01 |  2.81e+01
 2039424 |  1.44e-03 |     -- |  5.05e-01 |  6.90e-01 |     -- |  2.01e+01 |  3.10e+01
 2048448 |  1.46e-03 |     -- |  4.75e-01 |  6.69e-01 |     -- |  2.01e+01 |  3.18e+01
 2057472 |  1.23e-03 |     -- |  4.30e-01 |  5.94e-01 |     -- |  1.94e+01 |  2.96e+01
 2066496 |  1.22e-03 |     -- |  4.92e-01 |  6.42e-01 |     -- |  1.91e+01 |  2.84e+01
 2075520 |  9.06e-04 |     -- |  3.25e-01 |  4.73e-01 |     -- |  1.83e+01 |  2.61e+01
 2084544 |  9.48e-04 |     -- |  3.88e-01 |  5.11e-01 |     -- |  1.82e+01 |  2.62e+01
 2093568 |  1.21e-03 |     -- |  4.45e-01 |  6.44e-01 |     -- |  1.90e+01 |  2.83e+01
 2102592 |  1.53e-03 |     -- |  5.15e-01 |  8.17e-01 |     -- |  1.91e+01 |  2.94e+01
 2111616 |  7.58e-04 |     -- |  2.87e-01 |  3.97e-01 |     -- |  1.74e+01 |  2.45e+01
 2120640 |  1.22e-03 |     -- |  4.62e-01 |  7.34e-01 |     -- |  1.82e+01 |  2.61e+01
 2129664 |  6.44e-04 |     -- |  2.40e-01 |  3.14e-01 |     -- |  1.67e+01 |  2.33e+01
 2138688 |  1.49e-03 |     -- |  5.93e-01 |  7.64e-01 |     -- |  1.86e+01 |  3.01e+01
 2147712 |  6.02e-04 |     -- |  2.45e-01 |  3.09e-01 |     -- |  1.63e+01 |  2.25e+01
 2156736 |  7.67e-04 |     -- |  3.84e-01 |  5.22e-01 |     -- |  1.62e+01 |  2.23e+01
 2165760 |  9.95e-04 |     -- |  4.34e-01 |  5.93e-01 |     -- |  1.70e+01 |  2.54e+01
 2174784 |  8.02e-04 |     -- |  3.65e-01 |  4.63e-01 |     -- |  1.65e+01 |  2.42e+01
 2183808 |  5.98e-04 |     -- |  2.86e-01 |  3.77e-01 |     -- |  1.55e+01 |  2.14e+01
 2192832 |  6.50e-03 |     -- |  1.04e+00 |  2.15e+00 |     -- |  2.37e+01 |  4.33e+01
 2201856 |  1.77e-03 |     -- |  3.31e-01 |  4.69e-01 |     -- |  2.48e+01 |  3.94e+01
 2210880 |  7.79e-04 |     -- |  1.63e-01 |  2.12e-01 |     -- |  1.90e+01 |  2.71e+01
 2219904 |  6.25e-04 |     -- |  1.54e-01 |  2.00e-01 |     -- |  1.74e+01 |  2.42e+01
 2228928 |  5.31e-04 |     -- |  1.24e-01 |  1.61e-01 |     -- |  1.65e+01 |  2.25e+01
 2237952 |  5.65e-04 |     -- |  2.03e-01 |  2.62e-01 |     -- |  1.61e+01 |  2.23e+01
 2246976 |  9.42e-04 |     -- |  3.18e-01 |  4.56e-01 |     -- |  1.69e+01 |  2.71e+01
 2256000 |  1.53e-03 |     -- |  4.72e-01 |  6.96e-01 |     -- |  1.82e+01 |  3.24e+01
 2265024 |  6.33e-04 |     -- |  2.18e-01 |  3.27e-01 |     -- |  1.56e+01 |  2.29e+01
 2274048 |  8.10e-04 |     -- |  3.05e-01 |  5.17e-01 |     -- |  1.57e+01 |  2.33e+01
 2283072 |  7.08e-04 |     -- |  3.13e-01 |  4.02e-01 |     -- |  1.54e+01 |  2.34e+01
 2292096 |  6.19e-04 |     -- |  2.84e-01 |  4.01e-01 |     -- |  1.48e+01 |  2.14e+01
 2301120 |  7.64e-04 |     -- |  3.65e-01 |  5.16e-01 |     -- |  1.51e+01 |  2.23e+01
 2310144 |  6.63e-04 |     -- |  2.93e-01 |  3.91e-01 |     -- |  1.48e+01 |  2.26e+01
 2319168 |  7.04e-04 |     -- |  3.75e-01 |  4.97e-01 |     -- |  1.48e+01 |  2.14e+01
 2328192 |  7.96e-04 |     -- |  3.54e-01 |  4.93e-01 |     -- |  1.50e+01 |  2.35e+01
 2337216 |  1.36e-03 |     -- |  4.57e-01 |  7.83e-01 |     -- |  1.60e+01 |  2.73e+01
 2346240 |  1.03e-03 |     -- |  3.77e-01 |  5.80e-01 |     -- |  1.57e+01 |  2.63e+01
 2355264 |  4.74e-04 |     -- |  2.40e-01 |  3.11e-01 |     -- |  1.40e+01 |  1.94e+01
 2364288 |  4.27e-04 |     -- |  2.22e-01 |  2.84e-01 |     -- |  1.34e+01 |  1.86e+01
 2373312 |  4.33e-04 |     -- |  2.51e-01 |  3.21e-01 |     -- |  1.33e+01 |  1.82e+01
 2382336 |  6.52e-04 |     -- |  3.47e-01 |  5.05e-01 |     -- |  1.42e+01 |  1.99e+01
 2391360 |  3.86e-04 |     -- |  2.07e-01 |  2.76e-01 |     -- |  1.30e+01 |  1.76e+01
 2400384 |  5.67e-04 |     -- |  3.32e-01 |  4.54e-01 |     -- |  1.36e+01 |  1.90e+01
 2409408 |  8.29e-03 |     -- |  1.01e+00 |  2.49e+00 |     -- |  2.25e+01 |  4.55e+01
 2418432 |  7.47e-04 |     -- |  1.30e-01 |  1.91e-01 |     -- |  1.92e+01 |  2.67e+01
 2427456 |  4.61e-04 |     -- |  1.05e-01 |  1.38e-01 |     -- |  1.55e+01 |  2.10e+01
 2436480 |  3.89e-04 |     -- |  9.37e-02 |  1.24e-01 |     -- |  1.43e+01 |  1.93e+01
 2445504 |  4.30e-04 |     -- |  1.36e-01 |  1.88e-01 |     -- |  1.40e+01 |  1.99e+01
 2454528 |  6.22e-04 |     -- |  1.86e-01 |  2.74e-01 |     -- |  1.43e+01 |  2.34e+01
 2463552 |  3.41e-04 |     -- |  1.47e-01 |  1.85e-01 |     -- |  1.30e+01 |  1.75e+01
 2472576 |  3.35e-04 |     -- |  1.62e-01 |  2.07e-01 |     -- |  1.27e+01 |  1.71e+01
 2481600 |  4.19e-04 |     -- |  2.67e-01 |  3.43e-01 |     -- |  1.29e+01 |  1.74e+01
 2490624 |  5.74e-04 |     -- |  3.17e-01 |  4.31e-01 |     -- |  1.34e+01 |  1.97e+01
 2499648 |  1.02e-03 |     -- |  3.57e-01 |  5.60e-01 |     -- |  1.46e+01 |  2.66e+01
 2508672 |  9.20e-04 |     -- |  3.50e-01 |  5.01e-01 |     -- |  1.49e+01 |  2.59e+01
 2517696 |  9.53e-04 |     -- |  4.07e-01 |  5.57e-01 |     -- |  1.47e+01 |  2.53e+01
 2526720 |  3.44e-04 |     -- |  1.79e-01 |  2.21e-01 |     -- |  1.27e+01 |  1.72e+01
 2535744 |  3.92e-04 |     -- |  2.46e-01 |  3.32e-01 |     -- |  1.25e+01 |  1.68e+01
 2544768 |  4.01e-04 |     -- |  2.37e-01 |  3.07e-01 |     -- |  1.25e+01 |  1.75e+01
 2553792 |  7.40e-04 |     -- |  3.76e-01 |  5.11e-01 |     -- |  1.41e+01 |  2.19e+01
 2562816 |  6.09e-04 |     -- |  2.95e-01 |  4.28e-01 |     -- |  1.32e+01 |  2.06e+01
 2571840 |  5.40e-04 |     -- |  3.12e-01 |  4.45e-01 |     -- |  1.29e+01 |  1.85e+01
 2580864 |  4.55e-04 |     -- |  2.92e-01 |  3.91e-01 |     -- |  1.23e+01 |  1.74e+01
 2589888 |  1.03e-03 |     -- |  3.98e-01 |  6.47e-01 |     -- |  1.44e+01 |  2.47e+01
 2598912 |  1.16e-03 |     -- |  4.56e-01 |  6.85e-01 |     -- |  1.49e+01 |  2.63e+01
 2607936 |  3.57e-04 |     -- |  1.71e-01 |  2.34e-01 |     -- |  1.22e+01 |  1.74e+01
 2616960 |  3.03e-04 |     -- |  1.57e-01 |  2.11e-01 |     -- |  1.17e+01 |  1.61e+01
 2625984 |  4.23e-04 |     -- |  2.53e-01 |  3.22e-01 |     -- |  1.22e+01 |  1.79e+01
 2635008 |  4.46e-04 |     -- |  2.61e-01 |  3.74e-01 |     -- |  1.20e+01 |  1.75e+01
 2644032 |  4.84e-04 |     -- |  3.14e-01 |  4.14e-01 |     -- |  1.22e+01 |  1.77e+01
 2653056 |  8.28e-04 |     -- |  3.89e-01 |  5.63e-01 |     -- |  1.36e+01 |  2.26e+01
 2662080 |  6.33e-04 |     -- |  3.44e-01 |  4.68e-01 |     -- |  1.26e+01 |  2.03e+01
 2671104 |  4.39e-04 |     -- |  2.41e-01 |  3.44e-01 |     -- |  1.20e+01 |  1.79e+01
 2680128 |  2.78e-04 |     -- |  1.55e-01 |  2.10e-01 |     -- |  1.11e+01 |  1.53e+01
 2689152 |  3.02e-04 |     -- |  2.09e-01 |  2.79e-01 |     -- |  1.12e+01 |  1.50e+01
 2698176 |  3.53e-04 |     -- |  2.49e-01 |  3.33e-01 |     -- |  1.14e+01 |  1.56e+01
 2707200 |  7.87e-03 |     -- |  9.10e-01 |  2.36e+00 |     -- |  2.58e+01 |  4.82e+01
 2716224 |  7.28e-04 |     -- |  1.25e-01 |  1.62e-01 |     -- |  1.91e+01 |  2.65e+01
 2725248 |  4.81e-04 |     -- |  1.06e-01 |  1.37e-01 |     -- |  1.59e+01 |  2.15e+01
 2734272 |  4.24e-04 |     -- |  1.40e-01 |  1.81e-01 |     -- |  1.47e+01 |  1.98e+01
 2743296 |  3.88e-04 |     -- |  1.51e-01 |  1.95e-01 |     -- |  1.39e+01 |  1.87e+01
 2752320 |  3.85e-04 |     -- |  1.94e-01 |  2.53e-01 |     -- |  1.33e+01 |  1.79e+01
 2761344 |  4.76e-04 |     -- |  2.92e-01 |  3.77e-01 |     -- |  1.33e+01 |  1.83e+01
 2770368 |  4.03e-04 |     -- |  2.25e-01 |  2.91e-01 |     -- |  1.29e+01 |  1.78e+01
 2779392 |  5.46e-04 |     -- |  2.84e-01 |  4.50e-01 |     -- |  1.31e+01 |  1.85e+01
 2788416 |  6.19e-04 |     -- |  3.15e-01 |  4.23e-01 |     -- |  1.33e+01 |  2.10e+01
 2797440 |  9.78e-04 |     -- |  3.62e-01 |  6.15e-01 |     -- |  1.37e+01 |  2.45e+01
 2806464 |  3.75e-04 |     -- |  1.73e-01 |  2.33e-01 |     -- |  1.22e+01 |  1.79e+01
 2815488 |  3.70e-04 |     -- |  2.27e-01 |  2.95e-01 |     -- |  1.20e+01 |  1.68e+01
 2824512 |  5.20e-04 |     -- |  2.92e-01 |  3.93e-01 |     -- |  1.26e+01 |  1.91e+01
 2833536 |  3.55e-04 |     -- |  2.34e-01 |  3.21e-01 |     -- |  1.16e+01 |  1.59e+01
 2842560 |  3.76e-04 |     -- |  2.73e-01 |  3.61e-01 |     -- |  1.15e+01 |  1.57e+01
 2851584 |  4.04e-04 |     -- |  2.82e-01 |  3.68e-01 |     -- |  1.18e+01 |  1.64e+01
 2860608 |  4.49e-04 |     -- |  3.12e-01 |  4.00e-01 |     -- |  1.18e+01 |  1.70e+01
 2869632 |  6.16e-04 |     -- |  3.93e-01 |  5.15e-01 |     -- |  1.23e+01 |  1.87e+01
 2878656 |  3.89e-04 |     -- |  1.95e-01 |  2.60e-01 |     -- |  1.17e+01 |  1.79e+01
 2887680 |  4.69e-04 |     -- |  2.59e-01 |  3.59e-01 |     -- |  1.18e+01 |  1.84e+01
 2896704 |  5.61e-03 |     -- |  7.73e-01 |  1.84e+00 |     -- |  2.36e+01 |  4.71e+01
 2905728 |  3.98e-04 |     -- |  9.39e-02 |  1.37e-01 |     -- |  1.33e+01 |  1.95e+01
 2914752 |  2.82e-04 |     -- |  9.64e-02 |  1.31e-01 |     -- |  1.19e+01 |  1.63e+01
 2923776 |  2.48e-04 |     -- |  1.04e-01 |  1.33e-01 |     -- |  1.13e+01 |  1.52e+01
 2932800 |  2.41e-04 |     -- |  1.05e-01 |  1.37e-01 |     -- |  1.11e+01 |  1.49e+01
 2941824 |  2.53e-04 |     -- |  1.22e-01 |  1.62e-01 |     -- |  1.09e+01 |  1.51e+01
 2950848 |  2.58e-04 |     -- |  1.75e-01 |  2.26e-01 |     -- |  1.07e+01 |  1.44e+01
 2959872 |  2.67e-04 |     -- |  1.79e-01 |  2.38e-01 |     -- |  1.07e+01 |  1.45e+01
 2968896 |  2.69e-04 |     -- |  1.97e-01 |  2.59e-01 |     -- |  1.06e+01 |  1.42e+01
 2977920 |  3.45e-04 |     -- |  2.62e-01 |  3.52e-01 |     -- |  1.09e+01 |  1.49e+01
 2986944 |  5.17e-04 |     -- |  2.83e-01 |  4.01e-01 |     -- |  1.19e+01 |  1.89e+01
 2995968 |  4.54e-04 |     -- |  2.48e-01 |  3.77e-01 |     -- |  1.15e+01 |  1.77e+01
 3004992 |  4.30e-04 |     -- |  2.63e-01 |  3.44e-01 |     -- |  1.13e+01 |  1.76e+01
 3014016 |  3.02e-04 |     -- |  2.17e-01 |  2.86e-01 |     -- |  1.06e+01 |  1.49e+01
 3023040 |  4.61e-04 |     -- |  2.71e-01 |  3.65e-01 |     -- |  1.12e+01 |  1.81e+01
 3032064 |  6.77e-04 |     -- |  3.78e-01 |  5.15e-01 |     -- |  1.25e+01 |  2.03e+01
 3041088 |  2.97e-04 |     -- |  2.08e-01 |  2.72e-01 |     -- |  1.05e+01 |  1.49e+01
 3050112 |  3.05e-04 |     -- |  2.31e-01 |  3.20e-01 |     -- |  1.05e+01 |  1.42e+01
 3059136 |  2.65e-04 |     -- |  1.84e-01 |  2.39e-01 |     -- |  1.02e+01 |  1.44e+01
 3068160 |  3.18e-04 |     -- |  2.68e-01 |  3.60e-01 |     -- |  1.02e+01 |  1.37e+01
 3077184 |  2.60e-04 |     -- |  2.14e-01 |  2.77e-01 |     -- |  1.01e+01 |  1.35e+01
 3086208 |  1.14e-03 |     -- |  4.95e-01 |  8.13e-01 |     -- |  1.26e+01 |  2.18e+01
 3095232 |  6.03e-04 |     -- |  2.24e-01 |  3.64e-01 |     -- |  1.22e+01 |  2.17e+01
 3104256 |  2.75e-04 |     -- |  1.52e-01 |  2.09e-01 |     -- |  1.02e+01 |  1.52e+01
 3113280 |  2.06e-04 |     -- |  1.45e-01 |  1.96e-01 |     -- |  9.62e+00 |  1.29e+01
 3122304 |  1.99e-04 |     -- |  1.47e-01 |  1.89e-01 |     -- |  9.54e+00 |  1.28e+01
 3131328 |  3.05e-04 |     -- |  2.57e-01 |  3.30e-01 |     -- |  1.01e+01 |  1.40e+01
 3140352 |  3.38e-04 |     -- |  2.47e-01 |  3.46e-01 |     -- |  1.04e+01 |  1.48e+01
 3149376 |  5.47e-03 |     -- |  7.42e-01 |  2.08e+00 |     -- |  1.49e+01 |  3.36e+01
 3158400 |  3.01e-03 |     -- |  4.32e-01 |  9.68e-01 |     -- |  2.85e+01 |  4.55e+01
 3167424 |  4.83e-04 |     -- |  1.17e-01 |  1.52e-01 |     -- |  1.57e+01 |  2.14e+01
 3176448 |  3.47e-04 |     -- |  9.30e-02 |  1.24e-01 |     -- |  1.35e+01 |  1.82e+01
 3185472 |  3.16e-04 |     -- |  1.00e-01 |  1.35e-01 |     -- |  1.23e+01 |  1.72e+01
 3194496 |  3.04e-04 |     -- |  1.39e-01 |  1.90e-01 |     -- |  1.16e+01 |  1.64e+01
 3203520 |  2.88e-04 |     -- |  1.54e-01 |  2.10e-01 |     -- |  1.10e+01 |  1.56e+01
 3212544 |  2.60e-04 |     -- |  1.78e-01 |  2.31e-01 |     -- |  1.06e+01 |  1.44e+01
 3221568 |  2.16e-04 |     -- |  1.40e-01 |  1.79e-01 |     -- |  1.02e+01 |  1.36e+01
 3230592 |  2.26e-04 |     -- |  1.60e-01 |  2.13e-01 |     -- |  1.00e+01 |  1.34e+01
 3239616 |  3.12e-04 |     -- |  1.96e-01 |  2.93e-01 |     -- |  1.03e+01 |  1.50e+01
 3248640 |  1.99e-03 |     -- |  5.07e-01 |  8.71e-01 |     -- |  1.79e+01 |  3.51e+01
 3257664 |  5.65e-04 |     -- |  2.22e-01 |  3.08e-01 |     -- |  1.22e+01 |  2.17e+01
 3266688 |  2.54e-04 |     -- |  1.57e-01 |  2.04e-01 |     -- |  1.05e+01 |  1.46e+01
 3275712 |  2.52e-04 |     -- |  1.69e-01 |  2.26e-01 |     -- |  1.03e+01 |  1.42e+01
 3284736 |  3.46e-04 |     -- |  2.27e-01 |  2.95e-01 |     -- |  1.05e+01 |  1.61e+01
 3293760 |  4.53e-04 |     -- |  2.27e-01 |  3.63e-01 |     -- |  1.06e+01 |  1.79e+01
 3302784 |  3.09e-04 |     -- |  2.02e-01 |  2.64e-01 |     -- |  1.02e+01 |  1.55e+01
 3311808 |  2.66e-04 |     -- |  2.22e-01 |  2.87e-01 |     -- |  9.84e+00 |  1.36e+01
 3320832 |  2.38e-04 |     -- |  1.94e-01 |  2.47e-01 |     -- |  9.67e+00 |  1.33e+01
 3329856 |  2.58e-04 |     -- |  2.25e-01 |  3.02e-01 |     -- |  9.64e+00 |  1.29e+01
 3338880 |  2.73e-04 |     -- |  2.24e-01 |  2.89e-01 |     -- |  9.81e+00 |  1.38e+01
 3347904 |  5.76e-04 |     -- |  3.11e-01 |  4.86e-01 |     -- |  1.08e+01 |  1.84e+01
 3356928 |  6.64e-04 |     -- |  3.27e-01 |  4.92e-01 |     -- |  1.15e+01 |  2.05e+01
 3365952 |  3.27e-04 |     -- |  2.02e-01 |  2.72e-01 |     -- |  1.02e+01 |  1.59e+01
 3374976 |  5.98e-04 |     -- |  2.67e-01 |  3.97e-01 |     -- |  1.10e+01 |  2.10e+01
 3384000 |  2.63e-04 |     -- |  1.97e-01 |  2.60e-01 |     -- |  9.53e+00 |  1.40e+01
 3393024 |  2.08e-04 |     -- |  1.65e-01 |  2.24e-01 |     -- |  9.15e+00 |  1.25e+01
 3402048 |  2.28e-04 |     -- |  2.12e-01 |  2.76e-01 |     -- |  9.17e+00 |  1.23e+01
 3411072 |  4.28e-04 |     -- |  2.67e-01 |  3.74e-01 |     -- |  1.05e+01 |  1.70e+01
 3420096 |  6.23e-04 |     -- |  3.32e-01 |  4.65e-01 |     -- |  1.14e+01 |  2.02e+01
 3429120 |  4.51e-04 |     -- |  2.31e-01 |  3.04e-01 |     -- |  1.12e+01 |  1.89e+01
 3438144 |  7.51e-04 |     -- |  3.17e-01 |  4.65e-01 |     -- |  1.21e+01 |  2.31e+01
 3447168 |  5.81e-04 |     -- |  2.83e-01 |  3.92e-01 |     -- |  1.10e+01 |  2.07e+01
 3456192 |  4.50e-04 |     -- |  2.42e-01 |  3.54e-01 |     -- |  1.02e+01 |  1.80e+01
 3465216 |  2.15e-04 |     -- |  1.38e-01 |  1.83e-01 |     -- |  9.34e+00 |  1.35e+01
 3474240 |  3.01e-04 |     -- |  2.46e-01 |  3.23e-01 |     -- |  9.60e+00 |  1.40e+01
 3483264 |  1.21e-03 |     -- |  4.58e-01 |  8.14e-01 |     -- |  1.30e+01 |  2.34e+01
 3492288 |  1.81e-04 |     -- |  9.34e-02 |  1.24e-01 |     -- |  9.18e+00 |  1.29e+01
 3501312 |  1.83e-04 |     -- |  1.23e-01 |  1.63e-01 |     -- |  8.90e+00 |  1.25e+01
 3510336 |  9.65e-04 |     -- |  3.40e-01 |  6.13e-01 |     -- |  1.14e+01 |  2.43e+01
 3519360 |  2.45e-04 |     -- |  1.06e-01 |  1.55e-01 |     -- |  9.42e+00 |  1.49e+01
 3528384 |  1.92e-04 |     -- |  1.12e-01 |  1.58e-01 |     -- |  8.87e+00 |  1.29e+01
 3537408 |  2.21e-04 |     -- |  1.65e-01 |  2.17e-01 |     -- |  9.07e+00 |  1.32e+01
 3546432 |  1.84e-04 |     -- |  1.34e-01 |  1.80e-01 |     -- |  8.69e+00 |  1.23e+01
 3555456 |  3.18e-04 |     -- |  2.34e-01 |  3.29e-01 |     -- |  9.34e+00 |  1.45e+01
 3564480 |  2.36e-04 |     -- |  1.88e-01 |  2.67e-01 |     -- |  9.10e+00 |  1.28e+01
 3573504 |  4.01e-04 |     -- |  2.81e-01 |  3.84e-01 |     -- |  9.86e+00 |  1.59e+01
 3582528 |  1.79e-04 |     -- |  1.56e-01 |  2.03e-01 |     -- |  8.63e+00 |  1.17e+01
 3591552 |  2.67e-04 |     -- |  2.45e-01 |  3.28e-01 |     -- |  9.03e+00 |  1.26e+01
 3600576 |  3.58e-04 |     -- |  2.42e-01 |  3.56e-01 |     -- |  9.37e+00 |  1.52e+01
 3609600 |  2.78e-03 |     -- |  5.69e-01 |  1.32e+00 |     -- |  1.76e+01 |  3.23e+01
 3618624 |  2.52e-04 |     -- |  9.31e-02 |  1.24e-01 |     -- |  1.08e+01 |  1.54e+01
 3627648 |  1.93e-04 |     -- |  8.33e-02 |  1.11e-01 |     -- |  9.82e+00 |  1.34e+01
 3636672 |  1.87e-04 |     -- |  1.07e-01 |  1.41e-01 |     -- |  9.42e+00 |  1.29e+01
 3645696 |  1.68e-04 |     -- |  1.03e-01 |  1.35e-01 |     -- |  9.02e+00 |  1.22e+01
 3654720 |  1.84e-04 |     -- |  1.60e-01 |  2.11e-01 |     -- |  8.79e+00 |  1.18e+01
 3663744 |  1.64e-04 |     -- |  1.39e-01 |  1.80e-01 |     -- |  8.54e+00 |  1.15e+01
 3672768 |  3.32e-04 |     -- |  2.18e-01 |  3.37e-01 |     -- |  9.28e+00 |  1.48e+01
 3681792 |  2.62e-04 |     -- |  1.56e-01 |  2.33e-01 |     -- |  9.11e+00 |  1.44e+01
 3690816 |  4.00e-04 |     -- |  2.68e-01 |  3.40e-01 |     -- |  9.99e+00 |  1.69e+01
 3699840 |  2.48e-04 |     -- |  1.68e-01 |  2.24e-01 |     -- |  9.08e+00 |  1.41e+01
 3708864 |  2.36e-04 |     -- |  2.16e-01 |  2.77e-01 |     -- |  8.74e+00 |  1.26e+01
 3717888 |  1.63e-04 |     -- |  1.51e-01 |  1.96e-01 |     -- |  8.25e+00 |  1.12e+01
 3726912 |  3.53e-04 |     -- |  2.25e-01 |  3.91e-01 |     -- |  9.44e+00 |  1.41e+01
 3735936 |  1.99e-04 |     -- |  1.74e-01 |  2.27e-01 |     -- |  8.51e+00 |  1.22e+01
 3744960 |  3.62e-04 |     -- |  3.11e-01 |  3.94e-01 |     -- |  9.31e+00 |  1.44e+01
 3753984 |  7.15e-04 |     -- |  2.95e-01 |  5.42e-01 |     -- |  1.06e+01 |  2.05e+01
 3763008 |  1.77e-04 |     -- |  1.07e-01 |  1.49e-01 |     -- |  8.44e+00 |  1.24e+01
 3772032 |  1.89e-04 |     -- |  1.33e-01 |  1.80e-01 |     -- |  8.29e+00 |  1.25e+01
 3781056 |  2.62e-04 |     -- |  2.04e-01 |  2.57e-01 |     -- |  8.77e+00 |  1.40e+01
 3790080 |  1.73e-04 |     -- |  1.68e-01 |  2.25e-01 |     -- |  8.06e+00 |  1.11e+01
 3799104 |  1.66e-04 |     -- |  1.58e-01 |  2.20e-01 |     -- |  8.01e+00 |  1.09e+01
 3808128 |  3.86e-04 |     -- |  2.87e-01 |  3.97e-01 |     -- |  9.32e+00 |  1.51e+01
 3817152 |  3.48e-04 |     -- |  2.17e-01 |  3.18e-01 |     -- |  9.16e+00 |  1.57e+01
 3826176 |  4.29e-03 |     -- |  6.53e-01 |  1.77e+00 |     -- |  1.83e+01 |  3.39e+01
 3835200 |  1.88e-04 |     -- |  6.61e-02 |  9.28e-02 |     -- |  9.75e+00 |  1.34e+01
 3844224 |  1.48e-04 |     -- |  6.05e-02 |  8.53e-02 |     -- |  8.85e+00 |  1.19e+01
 3853248 |  1.36e-04 |     -- |  6.36e-02 |  8.87e-02 |     -- |  8.42e+00 |  1.13e+01
 3862272 |  1.32e-04 |     -- |  7.57e-02 |  1.02e-01 |     -- |  8.19e+00 |  1.10e+01
 3871296 |  1.25e-04 |     -- |  8.25e-02 |  1.08e-01 |     -- |  7.99e+00 |  1.07e+01
 3880320 |  1.28e-04 |     -- |  8.72e-02 |  1.19e-01 |     -- |  7.92e+00 |  1.07e+01
 3889344 |  1.27e-04 |     -- |  1.01e-01 |  1.31e-01 |     -- |  7.83e+00 |  1.05e+01
 3898368 |  1.73e-04 |     -- |  1.42e-01 |  1.93e-01 |     -- |  8.11e+00 |  1.16e+01
 3907392 |  3.01e-04 |     -- |  1.72e-01 |  2.59e-01 |     -- |  8.87e+00 |  1.53e+01
 3916416 |  4.68e-04 |     -- |  2.46e-01 |  3.55e-01 |     -- |  9.73e+00 |  1.85e+01
 3925440 |  3.97e-04 |     -- |  2.43e-01 |  3.38e-01 |     -- |  9.27e+00 |  1.68e+01
 3934464 |  1.66e-04 |     -- |  1.20e-01 |  1.65e-01 |     -- |  8.15e+00 |  1.18e+01
 3943488 |  3.34e-04 |     -- |  2.17e-01 |  2.93e-01 |     -- |  8.99e+00 |  1.58e+01
 3952512 |  3.67e-04 |     -- |  2.43e-01 |  3.63e-01 |     -- |  9.03e+00 |  1.53e+01
 3961536 |  1.82e-04 |     -- |  1.57e-01 |  2.00e-01 |     -- |  8.07e+00 |  1.19e+01
 3970560 |  1.82e-04 |     -- |  1.59e-01 |  2.19e-01 |     -- |  8.01e+00 |  1.16e+01
 3979584 |  1.72e-04 |     -- |  1.71e-01 |  2.32e-01 |     -- |  7.96e+00 |  1.09e+01
 3988608 |  3.14e-04 |     -- |  2.74e-01 |  3.94e-01 |     -- |  8.64e+00 |  1.26e+01
 3997632 |  1.96e-04 |     -- |  1.73e-01 |  2.36e-01 |     -- |  8.30e+00 |  1.18e+01
 4006656 |  1.93e-04 |     -- |  1.49e-01 |  2.05e-01 |     -- |  8.09e+00 |  1.23e+01
 4015680 |  5.30e-04 |     -- |  2.76e-01 |  4.32e-01 |     -- |  9.73e+00 |  1.85e+01
 4024704 |  3.42e-04 |     -- |  1.77e-01 |  2.87e-01 |     -- |  8.69e+00 |  1.61e+01
 4033728 |  3.10e-04 |     -- |  2.08e-01 |  2.84e-01 |     -- |  9.17e+00 |  1.52e+01
 4042752 |  2.40e-04 |     -- |  1.81e-01 |  2.59e-01 |     -- |  8.49e+00 |  1.32e+01
 4051776 |  3.20e-04 |     -- |  2.43e-01 |  3.16e-01 |     -- |  8.75e+00 |  1.48e+01
 4060800 |  1.95e-04 |     -- |  1.84e-01 |  2.54e-01 |     -- |  7.79e+00 |  1.14e+01
 4069824 |  1.64e-04 |     -- |  1.73e-01 |  2.25e-01 |     -- |  7.72e+00 |  1.07e+01
 4078848 |  1.38e-04 |     -- |  1.46e-01 |  1.84e-01 |     -- |  7.50e+00 |  1.02e+01
 4087872 |  1.94e-04 |     -- |  2.13e-01 |  2.77e-01 |     -- |  7.94e+00 |  1.08e+01
 4096896 |  1.33e-04 |     -- |  1.32e-01 |  1.72e-01 |     -- |  7.46e+00 |  1.02e+01
 4105920 |  1.57e-04 |     -- |  1.78e-01 |  2.28e-01 |     -- |  7.51e+00 |  1.03e+01
 4114944 |  1.81e-03 |     -- |  4.96e-01 |  1.11e+00 |     -- |  1.33e+01 |  2.40e+01
 4123968 |  2.01e-04 |     -- |  9.93e-02 |  1.45e-01 |     -- |  8.92e+00 |  1.34e+01
 4132992 |  1.85e-04 |     -- |  1.13e-01 |  1.69e-01 |     -- |  8.12e+00 |  1.25e+01
 4142016 |  2.27e-04 |     -- |  1.27e-01 |  1.91e-01 |     -- |  8.04e+00 |  1.38e+01
 4151040 |  1.91e-04 |     -- |  1.06e-01 |  1.63e-01 |     -- |  7.79e+00 |  1.28e+01
 4160064 |  1.24e-04 |     -- |  9.49e-02 |  1.35e-01 |     -- |  7.30e+00 |  1.03e+01
 4169088 |  1.13e-04 |     -- |  9.31e-02 |  1.23e-01 |     -- |  7.16e+00 |  9.90e+00
 4178112 |  1.59e-04 |     -- |  1.56e-01 |  2.17e-01 |     -- |  7.43e+00 |  1.06e+01
 4187136 |  1.82e-04 |     -- |  1.94e-01 |  2.58e-01 |     -- |  7.56e+00 |  1.07e+01
 4196160 |  1.27e-04 |     -- |  1.26e-01 |  1.65e-01 |     -- |  7.18e+00 |  1.00e+01
 4205184 |  3.14e-04 |     -- |  2.68e-01 |  3.62e-01 |     -- |  8.41e+00 |  1.35e+01
 4214208 |  1.60e-04 |     -- |  1.23e-01 |  1.65e-01 |     -- |  7.47e+00 |  1.15e+01
 4223232 |  2.49e-04 |     -- |  1.66e-01 |  2.66e-01 |     -- |  8.17e+00 |  1.33e+01
 4232256 |  1.28e-04 |     -- |  1.22e-01 |  1.67e-01 |     -- |  7.14e+00 |  9.99e+00
 4241280 |  2.38e-04 |     -- |  2.09e-01 |  3.05e-01 |     -- |  8.13e+00 |  1.20e+01
 4250304 |  2.14e-04 |     -- |  1.95e-01 |  2.57e-01 |     -- |  7.71e+00 |  1.21e+01
 4259328 |  6.28e-04 |     -- |  2.68e-01 |  5.64e-01 |     -- |  9.80e+00 |  1.76e+01
 4268352 |  2.26e-04 |     -- |  1.35e-01 |  1.88e-01 |     -- |  7.86e+00 |  1.38e+01
 4277376 |  1.26e-04 |     -- |  1.07e-01 |  1.44e-01 |     -- |  7.14e+00 |  1.03e+01
 4286400 |  1.21e-04 |     -- |  1.28e-01 |  1.83e-01 |     -- |  6.93e+00 |  9.35e+00
 4295424 |  1.33e-04 |     -- |  1.43e-01 |  1.92e-01 |     -- |  7.04e+00 |  9.78e+00
 4304448 |  2.07e-04 |     -- |  2.07e-01 |  2.92e-01 |     -- |  7.46e+00 |  1.10e+01
 4313472 |  3.89e-04 |     -- |  2.43e-01 |  3.53e-01 |     -- |  8.53e+00 |  1.63e+01
 4322496 |  1.29e-04 |     -- |  1.40e-01 |  1.80e-01 |     -- |  7.12e+00 |  9.84e+00
 4331520 |  1.13e-04 |     -- |  1.20e-01 |  1.54e-01 |     -- |  6.94e+00 |  9.48e+00
 4340544 |  1.83e-04 |     -- |  1.85e-01 |  2.42e-01 |     -- |  7.41e+00 |  1.12e+01
 4349568 |  3.40e-04 |     -- |  2.64e-01 |  3.56e-01 |     -- |  8.40e+00 |  1.46e+01
 4358592 |  3.49e-04 |     -- |  2.24e-01 |  3.65e-01 |     -- |  8.45e+00 |  1.47e+01
 4367616 |  1.87e-04 |     -- |  1.43e-01 |  1.90e-01 |     -- |  7.57e+00 |  1.23e+01
 4376640 |  1.34e-04 |     -- |  1.47e-01 |  1.96e-01 |     -- |  6.94e+00 |  9.79e+00
 4385664 |  2.14e-04 |     -- |  2.06e-01 |  2.75e-01 |     -- |  7.55e+00 |  1.18e+01
 4394688 |  1.13e-04 |     -- |  1.16e-01 |  1.49e-01 |     -- |  6.85e+00 |  9.52e+00
 4403712 |  1.52e-04 |     -- |  1.75e-01 |  2.30e-01 |     -- |  7.12e+00 |  9.96e+00
 4412736 |  1.03e-03 |     -- |  4.10e-01 |  8.39e-01 |     -- |  1.04e+01 |  1.81e+01
 4421760 |  1.23e-04 |     -- |  7.26e-02 |  1.01e-01 |     -- |  7.75e+00 |  1.06e+01
 4430784 |  1.00e-04 |     -- |  7.35e-02 |  1.01e-01 |     -- |  6.85e+00 |  9.49e+00
 4439808 |  1.08e-04 |     -- |  8.38e-02 |  1.13e-01 |     -- |  6.78e+00 |  9.78e+00
 4448832 |  1.11e-04 |     -- |  9.58e-02 |  1.29e-01 |     -- |  6.76e+00 |  9.72e+00
 4457856 |  3.24e-04 |     -- |  2.01e-01 |  2.85e-01 |     -- |  8.06e+00 |  1.56e+01
 4466880 |  4.01e-04 |     -- |  2.19e-01 |  3.32e-01 |     -- |  8.77e+00 |  1.71e+01
 4475904 |  2.95e-04 |     -- |  2.07e-01 |  2.85e-01 |     -- |  7.99e+00 |  1.46e+01
 4484928 |  1.33e-04 |     -- |  1.32e-01 |  1.74e-01 |     -- |  7.01e+00 |  1.01e+01
 4493952 |  1.09e-04 |     -- |  1.23e-01 |  1.62e-01 |     -- |  6.59e+00 |  9.08e+00
 4502976 |  1.62e-04 |     -- |  1.96e-01 |  2.58e-01 |     -- |  7.04e+00 |  9.77e+00
 4512000 |  1.10e-04 |     -- |  1.23e-01 |  1.61e-01 |     -- |  6.64e+00 |  9.15e+00
 4521024 |  2.73e-04 |     -- |  2.55e-01 |  3.65e-01 |     -- |  7.76e+00 |  1.18e+01
 4530048 |  2.23e-04 |     -- |  1.85e-01 |  2.53e-01 |     -- |  7.56e+00 |  1.26e+01
 4539072 |  1.86e-04 |     -- |  1.76e-01 |  2.29e-01 |     -- |  7.21e+00 |  1.15e+01
 4548096 |  3.09e-04 |     -- |  2.12e-01 |  2.90e-01 |     -- |  8.00e+00 |  1.50e+01
 4557120 |  2.43e-04 |     -- |  1.81e-01 |  2.54e-01 |     -- |  7.78e+00 |  1.34e+01
 4566144 |  1.91e-04 |     -- |  1.89e-01 |  2.61e-01 |     -- |  7.10e+00 |  1.11e+01
 4575168 |  9.21e-05 |     -- |  9.96e-02 |  1.29e-01 |     -- |  6.38e+00 |  8.68e+00
 4584192 |  1.15e-04 |     -- |  1.46e-01 |  1.96e-01 |     -- |  6.43e+00 |  8.77e+00
 4593216 |  1.40e-04 |     -- |  1.72e-01 |  2.23e-01 |     -- |  6.74e+00 |  9.50e+00
 4602240 |  1.77e-04 |     -- |  1.96e-01 |  2.55e-01 |     -- |  7.04e+00 |  1.06e+01
 4611264 |  2.04e-03 |     -- |  3.79e-01 |  9.80e-01 |     -- |  1.87e+01 |  3.28e+01
 4620288 |  2.64e-04 |     -- |  1.16e-01 |  1.52e-01 |     -- |  1.10e+01 |  1.55e+01
 4629312 |  1.68e-04 |     -- |  9.71e-02 |  1.27e-01 |     -- |  9.07e+00 |  1.23e+01
 4638336 |  1.43e-04 |     -- |  1.07e-01 |  1.38e-01 |     -- |  8.29e+00 |  1.11e+01
 4647360 |  1.61e-04 |     -- |  1.47e-01 |  2.11e-01 |     -- |  7.99e+00 |  1.08e+01
 4656384 |  1.28e-04 |     -- |  1.03e-01 |  1.32e-01 |     -- |  7.58e+00 |  1.05e+01
 4665408 |  1.25e-04 |     -- |  1.12e-01 |  1.48e-01 |     -- |  7.35e+00 |  1.01e+01
 4674432 |  1.28e-04 |     -- |  1.32e-01 |  1.71e-01 |     -- |  7.18e+00 |  9.94e+00
 4683456 |  1.41e-04 |     -- |  1.62e-01 |  2.12e-01 |     -- |  7.18e+00 |  9.81e+00
 4692480 |  1.57e-04 |     -- |  1.60e-01 |  2.28e-01 |     -- |  7.14e+00 |  1.02e+01
 4701504 |  2.64e-04 |     -- |  2.02e-01 |  2.87e-01 |     -- |  7.99e+00 |  1.35e+01
 4710528 |  2.44e-04 |     -- |  1.84e-01 |  2.42e-01 |     -- |  7.79e+00 |  1.36e+01
 4719552 |  1.21e-04 |     -- |  1.29e-01 |  1.68e-01 |     -- |  6.80e+00 |  9.64e+00
 4728576 |  1.30e-04 |     -- |  1.50e-01 |  1.92e-01 |     -- |  6.83e+00 |  9.65e+00
 4737600 |  1.76e-04 |     -- |  2.03e-01 |  2.64e-01 |     -- |  7.08e+00 |  1.03e+01
 4746624 |  1.40e-04 |     -- |  1.48e-01 |  1.96e-01 |     -- |  6.92e+00 |  1.01e+01
 4755648 |  1.93e-04 |     -- |  2.05e-01 |  2.65e-01 |     -- |  7.33e+00 |  1.11e+01
 4764672 |  1.67e-04 |     -- |  1.73e-01 |  2.22e-01 |     -- |  7.08e+00 |  1.09e+01
 4773696 |  3.23e-04 |     -- |  2.36e-01 |  3.58e-01 |     -- |  8.38e+00 |  1.40e+01
 4782720 |  1.49e-04 |     -- |  1.34e-01 |  1.75e-01 |     -- |  6.82e+00 |  1.09e+01
 4791744 |  2.05e-04 |     -- |  1.80e-01 |  2.49e-01 |     -- |  7.23e+00 |  1.20e+01
 4800768 |  1.31e-04 |     -- |  1.43e-01 |  1.82e-01 |     -- |  6.64e+00 |  9.89e+00
 4809792 |  2.43e-04 |     -- |  2.33e-01 |  3.35e-01 |     -- |  7.29e+00 |  1.14e+01
 4818816 |  1.54e-04 |     -- |  1.40e-01 |  1.93e-01 |     -- |  6.81e+00 |  1.08e+01
 4827840 |  1.28e-04 |     -- |  1.28e-01 |  1.72e-01 |     -- |  6.62e+00 |  9.93e+00
 4836864 |  1.30e-04 |     -- |  1.51e-01 |  2.05e-01 |     -- |  6.58e+00 |  9.39e+00
 4845888 |  1.69e-04 |     -- |  1.68e-01 |  2.25e-01 |     -- |  6.86e+00 |  1.09e+01
 4854912 |  2.21e-04 |     -- |  1.97e-01 |  2.65e-01 |     -- |  7.39e+00 |  1.23e+01
 4863936 |  1.92e-04 |     -- |  1.89e-01 |  2.54e-01 |     -- |  6.92e+00 |  1.13e+01
 4872960 |  3.18e-04 |     -- |  2.09e-01 |  3.81e-01 |     -- |  7.64e+00 |  1.31e+01
 4881984 |  1.10e-04 |     -- |  1.10e-01 |  1.58e-01 |     -- |  6.26e+00 |  9.21e+00
 4891008 |  1.05e-04 |     -- |  1.23e-01 |  1.64e-01 |     -- |  6.24e+00 |  8.85e+00
 4900032 |  1.12e-04 |     -- |  1.32e-01 |  1.80e-01 |     -- |  6.28e+00 |  8.92e+00
 4909056 |  1.32e-04 |     -- |  1.58e-01 |  2.07e-01 |     -- |  6.49e+00 |  9.45e+00
 4918080 |  1.18e-04 |     -- |  1.48e-01 |  1.89e-01 |     -- |  6.42e+00 |  9.06e+00
 4927104 |  1.42e-04 |     -- |  1.76e-01 |  2.49e-01 |     -- |  6.51e+00 |  8.95e+00
 4936128 |  8.90e-05 |     -- |  1.04e-01 |  1.44e-01 |     -- |  6.08e+00 |  8.27e+00
 4945152 |  9.83e-05 |     -- |  1.33e-01 |  1.66e-01 |     -- |  6.13e+00 |  8.40e+00
 4954176 |  3.59e-04 |     -- |  2.78e-01 |  4.08e-01 |     -- |  8.22e+00 |  1.39e+01
 4963200 |  8.30e-05 |     -- |  8.89e-02 |  1.18e-01 |     -- |  6.00e+00 |  8.31e+00
 4972224 |  1.07e-04 |     -- |  1.32e-01 |  1.70e-01 |     -- |  6.03e+00 |  8.84e+00
 4981248 |  1.34e-03 |     -- |  4.15e-01 |  8.87e-01 |     -- |  1.24e+01 |  2.35e+01
 4990272 |  1.02e-04 |     -- |  7.29e-02 |  1.01e-01 |     -- |  6.84e+00 |  9.56e+00
 4999296 |  7.87e-05 |     -- |  6.28e-02 |  8.69e-02 |     -- |  6.17e+00 |  8.43e+00
 5008320 |  7.90e-05 |     -- |  7.06e-02 |  9.53e-02 |     -- |  6.02e+00 |  8.36e+00
 5017344 |  8.64e-05 |     -- |  9.87e-02 |  1.33e-01 |     -- |  5.96e+00 |  8.29e+00
 5026368 |  7.91e-05 |     -- |  9.10e-02 |  1.21e-01 |     -- |  5.89e+00 |  8.03e+00
 5035392 |  7.50e-05 |     -- |  8.95e-02 |  1.15e-01 |     -- |  5.80e+00 |  7.85e+00
 5044416 |  9.59e-05 |     -- |  1.18e-01 |  1.54e-01 |     -- |  5.96e+00 |  8.49e+00
 5053440 |  3.38e-04 |     -- |  2.00e-01 |  3.18e-01 |     -- |  7.74e+00 |  1.54e+01
 5062464 |  3.80e-04 |     -- |  2.24e-01 |  3.21e-01 |     -- |  8.03e+00 |  1.66e+01
 5071488 |  2.06e-04 |     -- |  1.65e-01 |  2.45e-01 |     -- |  6.85e+00 |  1.21e+01
 5080512 |  9.80e-05 |     -- |  1.23e-01 |  1.59e-01 |     -- |  6.03e+00 |  8.53e+00
 5089536 |  1.25e-04 |     -- |  1.62e-01 |  2.24e-01 |     -- |  6.18e+00 |  8.67e+00
 5098560 |  8.17e-05 |     -- |  1.04e-01 |  1.33e-01 |     -- |  5.85e+00 |  8.00e+00
 5107584 |  1.07e-04 |     -- |  1.50e-01 |  1.91e-01 |     -- |  5.98e+00 |  8.37e+00
 5116608 |  1.11e-04 |     -- |  1.46e-01 |  1.90e-01 |     -- |  6.09e+00 |  8.64e+00
 5125632 |  1.06e-04 |     -- |  1.42e-01 |  1.90e-01 |     -- |  6.08e+00 |  8.39e+00
 5134656 |  9.36e-05 |     -- |  1.30e-01 |  1.66e-01 |     -- |  5.90e+00 |  8.13e+00
 5143680 |  2.08e-03 |     -- |  4.70e-01 |  1.17e+00 |     -- |  1.52e+01 |  2.66e+01
 5152704 |  1.35e-04 |     -- |  6.79e-02 |  9.63e-02 |     -- |  7.81e+00 |  1.12e+01
 5161728 |  9.69e-05 |     -- |  7.31e-02 |  9.81e-02 |     -- |  6.67e+00 |  9.34e+00
 5170752 |  8.02e-05 |     -- |  6.89e-02 |  9.31e-02 |     -- |  6.21e+00 |  8.46e+00
 5179776 |  8.10e-05 |     -- |  8.58e-02 |  1.13e-01 |     -- |  6.04e+00 |  8.27e+00
 5188800 |  8.37e-05 |     -- |  8.13e-02 |  1.10e-01 |     -- |  5.97e+00 |  8.46e+00
 5197824 |  1.54e-04 |     -- |  1.38e-01 |  1.84e-01 |     -- |  6.45e+00 |  1.10e+01
 5206848 |  1.11e-04 |     -- |  1.28e-01 |  1.69e-01 |     -- |  6.17e+00 |  9.09e+00
 5215872 |  7.63e-05 |     -- |  9.42e-02 |  1.23e-01 |     -- |  5.71e+00 |  7.82e+00
 5224896 |  1.06e-04 |     -- |  1.25e-01 |  1.69e-01 |     -- |  6.02e+00 |  8.79e+00
 5233920 |  3.25e-04 |     -- |  2.10e-01 |  3.24e-01 |     -- |  7.66e+00 |  1.48e+01
 5242944 |  2.96e-04 |     -- |  1.85e-01 |  2.96e-01 |     -- |  7.62e+00 |  1.44e+01
 5251968 |  8.23e-05 |     -- |  1.03e-01 |  1.33e-01 |     -- |  5.78e+00 |  8.03e+00
 5260992 |  9.68e-05 |     -- |  1.27e-01 |  1.68e-01 |     -- |  5.86e+00 |  8.29e+00
 5270016 |  1.94e-04 |     -- |  1.71e-01 |  2.31e-01 |     -- |  6.64e+00 |  1.19e+01
 5279040 |  1.92e-04 |     -- |  1.86e-01 |  2.35e-01 |     -- |  6.80e+00 |  1.17e+01
 5288064 |  9.83e-05 |     -- |  1.35e-01 |  1.84e-01 |     -- |  5.80e+00 |  8.03e+00
 5297088 |  9.56e-05 |     -- |  1.21e-01 |  1.58e-01 |     -- |  5.84e+00 |  8.41e+00
 5306112 |  2.10e-04 |     -- |  2.16e-01 |  2.98e-01 |     -- |  6.98e+00 |  1.10e+01
 5315136 |  8.89e-05 |     -- |  1.18e-01 |  1.50e-01 |     -- |  5.79e+00 |  8.15e+00
 5324160 |  1.09e-04 |     -- |  1.41e-01 |  1.82e-01 |     -- |  6.05e+00 |  8.71e+00
 5333184 |  1.74e-04 |     -- |  2.09e-01 |  2.91e-01 |     -- |  6.50e+00 |  9.46e+00
 5342208 |  8.28e-05 |     -- |  1.12e-01 |  1.45e-01 |     -- |  5.71e+00 |  7.87e+00
 5351232 |  1.11e-04 |     -- |  1.48e-01 |  1.95e-01 |     -- |  5.96e+00 |  8.56e+00
 5360256 |  1.30e-04 |     -- |  1.53e-01 |  2.11e-01 |     -- |  6.34e+00 |  9.25e+00
 5369280 |  1.89e-04 |     -- |  1.81e-01 |  2.59e-01 |     -- |  6.67e+00 |  1.11e+01
 5378304 |  1.09e-04 |     -- |  1.28e-01 |  1.76e-01 |     -- |  5.95e+00 |  8.82e+00
 5387328 |  8.31e-04 |     -- |  3.55e-01 |  7.63e-01 |     -- |  8.66e+00 |  1.58e+01
 5396352 |  1.07e-04 |     -- |  7.68e-02 |  1.13e-01 |     -- |  6.07e+00 |  9.68e+00
 5405376 |  9.26e-05 |     -- |  7.61e-02 |  1.09e-01 |     -- |  5.79e+00 |  8.99e+00
 5414400 |  9.41e-05 |     -- |  9.56e-02 |  1.29e-01 |     -- |  5.75e+00 |  8.80e+00
 5423424 |  1.12e-04 |     -- |  9.80e-02 |  1.34e-01 |     -- |  5.98e+00 |  9.72e+00
 5432448 |  6.88e-05 |     -- |  7.98e-02 |  1.07e-01 |     -- |  5.50e+00 |  7.57e+00
 5441472 |  8.57e-05 |     -- |  1.17e-01 |  1.57e-01 |     -- |  5.70e+00 |  7.81e+00
 5450496 |  8.05e-05 |     -- |  1.13e-01 |  1.50e-01 |     -- |  5.53e+00 |  7.61e+00
 5459520 |  1.30e-04 |     -- |  1.49e-01 |  1.94e-01 |     -- |  6.16e+00 |  9.63e+00
 5468544 |  2.80e-04 |     -- |  2.13e-01 |  3.09e-01 |     -- |  7.46e+00 |  1.36e+01
 5477568 |  1.64e-04 |     -- |  1.51e-01 |  2.19e-01 |     -- |  6.41e+00 |  1.08e+01
 5486592 |  1.92e-04 |     -- |  1.77e-01 |  2.51e-01 |     -- |  6.73e+00 |  1.13e+01
 5495616 |  1.26e-04 |     -- |  1.45e-01 |  2.05e-01 |     -- |  5.94e+00 |  9.18e+00
 5504640 |  9.83e-05 |     -- |  1.24e-01 |  1.60e-01 |     -- |  5.80e+00 |  8.53e+00
 5513664 |  1.28e-04 |     -- |  1.55e-01 |  2.00e-01 |     -- |  6.07e+00 |  9.38e+00
 5522688 |  1.09e-04 |     -- |  1.51e-01 |  2.01e-01 |     -- |  5.89e+00 |  8.28e+00
 5531712 |  9.07e-05 |     -- |  1.28e-01 |  1.66e-01 |     -- |  5.67e+00 |  7.95e+00
 5540736 |  4.94e-04 |     -- |  2.73e-01 |  5.19e-01 |     -- |  7.97e+00 |  1.50e+01
 5549760 |  7.15e-05 |     -- |  7.73e-02 |  1.04e-01 |     -- |  5.59e+00 |  7.78e+00
 5558784 |  7.18e-05 |     -- |  7.97e-02 |  1.08e-01 |     -- |  5.43e+00 |  7.76e+00
 5567808 |  8.22e-05 |     -- |  1.08e-01 |  1.43e-01 |     -- |  5.53e+00 |  7.85e+00
 5576832 |  1.08e-04 |     -- |  1.31e-01 |  1.80e-01 |     -- |  5.76e+00 |  8.66e+00
 5585856 |  1.27e-04 |     -- |  1.30e-01 |  1.65e-01 |     -- |  6.14e+00 |  1.00e+01
 5594880 |  1.41e-04 |     -- |  1.66e-01 |  2.45e-01 |     -- |  6.20e+00 |  8.98e+00
 5603904 |  9.72e-05 |     -- |  1.08e-01 |  1.52e-01 |     -- |  5.71e+00 |  8.62e+00
 5612928 |  2.02e-04 |     -- |  1.73e-01 |  2.55e-01 |     -- |  6.75e+00 |  1.17e+01
 5621952 |  1.89e-04 |     -- |  1.63e-01 |  2.34e-01 |     -- |  6.40e+00 |  1.16e+01
 5630976 |  5.54e-04 |     -- |  2.89e-01 |  4.82e-01 |     -- |  8.87e+00 |  1.79e+01
 5640000 |  9.74e-05 |     -- |  9.93e-02 |  1.32e-01 |     -- |  5.84e+00 |  8.95e+00
 5649024 |  7.41e-05 |     -- |  8.87e-02 |  1.18e-01 |     -- |  5.41e+00 |  7.77e+00
 5658048 |  9.07e-05 |     -- |  1.09e-01 |  1.45e-01 |     -- |  5.53e+00 |  8.34e+00
 5667072 |  1.00e-04 |     -- |  1.23e-01 |  1.61e-01 |     -- |  5.53e+00 |  8.60e+00
 5676096 |  1.30e-04 |     -- |  1.58e-01 |  2.25e-01 |     -- |  5.89e+00 |  8.92e+00
 5685120 |  1.55e-04 |     -- |  1.58e-01 |  2.18e-01 |     -- |  6.33e+00 |  1.04e+01
 5694144 |  7.13e-05 |     -- |  1.08e-01 |  1.40e-01 |     -- |  5.29e+00 |  7.20e+00
 5703168 |  7.78e-05 |     -- |  1.21e-01 |  1.53e-01 |     -- |  5.38e+00 |  7.37e+00
 5712192 |  1.46e-04 |     -- |  1.77e-01 |  2.30e-01 |     -- |  6.27e+00 |  9.63e+00
 5721216 |  1.06e-04 |     -- |  1.23e-01 |  1.65e-01 |     -- |  5.74e+00 |  8.85e+00
 5730240 |  1.91e-04 |     -- |  1.92e-01 |  2.55e-01 |     -- |  6.67e+00 |  1.12e+01
 5739264 |  1.87e-04 |     -- |  1.52e-01 |  2.39e-01 |     -- |  6.31e+00 |  1.14e+01
 5748288 |  1.80e-04 |     -- |  1.85e-01 |  2.47e-01 |     -- |  6.50e+00 |  1.09e+01
 5757312 |  1.52e-04 |     -- |  1.47e-01 |  2.12e-01 |     -- |  6.21e+00 |  1.04e+01
 5766336 |  8.26e-05 |     -- |  1.03e-01 |  1.36e-01 |     -- |  5.42e+00 |  8.01e+00
 5775360 |  1.46e-04 |     -- |  1.74e-01 |  2.32e-01 |     -- |  6.07e+00 |  9.59e+00
 5784384 |  7.61e-05 |     -- |  1.14e-01 |  1.45e-01 |     -- |  5.34e+00 |  7.41e+00
 5793408 |  1.03e-04 |     -- |  1.58e-01 |  2.06e-01 |     -- |  5.61e+00 |  7.78e+00
 5802432 |  9.75e-05 |     -- |  1.25e-01 |  1.67e-01 |     -- |  5.74e+00 |  8.34e+00
 5811456 |  1.09e-04 |     -- |  1.55e-01 |  1.99e-01 |     -- |  5.79e+00 |  8.33e+00
 5820480 |  9.60e-05 |     -- |  1.37e-01 |  1.83e-01 |     -- |  5.59e+00 |  7.90e+00
 5829504 |  1.52e-04 |     -- |  1.73e-01 |  2.35e-01 |     -- |  6.02e+00 |  9.82e+00
 5838528 |  1.53e-04 |     -- |  1.75e-01 |  2.38e-01 |     -- |  6.18e+00 |  9.83e+00
 5847552 |  1.01e-03 |     -- |  3.76e-01 |  8.00e-01 |     -- |  9.34e+00 |  1.91e+01
 5856576 |  1.50e-04 |     -- |  9.07e-02 |  1.47e-01 |     -- |  7.73e+00 |  1.13e+01
 5865600 |  7.03e-05 |     -- |  6.16e-02 |  8.66e-02 |     -- |  5.79e+00 |  7.93e+00
 5874624 |  6.24e-05 |     -- |  6.73e-02 |  9.13e-02 |     -- |  5.42e+00 |  7.35e+00
 5883648 |  6.46e-05 |     -- |  8.29e-02 |  1.10e-01 |     -- |  5.30e+00 |  7.25e+00
 5892672 |  6.19e-05 |     -- |  7.51e-02 |  9.98e-02 |     -- |  5.22e+00 |  7.20e+00
 5901696 |  6.51e-05 |     -- |  9.31e-02 |  1.20e-01 |     -- |  5.18e+00 |  7.12e+00
 5910720 |  7.28e-05 |     -- |  1.01e-01 |  1.34e-01 |     -- |  5.29e+00 |  7.40e+00
 5919744 |  1.27e-04 |     -- |  1.49e-01 |  1.96e-01 |     -- |  5.84e+00 |  9.42e+00
 5928768 |  1.42e-04 |     -- |  1.40e-01 |  1.86e-01 |     -- |  6.10e+00 |  1.03e+01
 5937792 |  3.62e-04 |     -- |  2.24e-01 |  3.36e-01 |     -- |  7.76e+00 |  1.58e+01
 5946816 |  1.54e-04 |     -- |  1.58e-01 |  2.48e-01 |     -- |  5.93e+00 |  9.62e+00
 5955840 |  1.30e-04 |     -- |  1.20e-01 |  1.77e-01 |     -- |  5.81e+00 |  9.91e+00
 5964864 |  1.08e-04 |     -- |  1.19e-01 |  1.58e-01 |     -- |  5.57e+00 |  9.12e+00
 5973888 |  7.27e-05 |     -- |  9.96e-02 |  1.30e-01 |     -- |  5.23e+00 |  7.48e+00
 5982912 |  8.19e-05 |     -- |  1.24e-01 |  1.62e-01 |     -- |  5.35e+00 |  7.46e+00
 5991936 |  7.34e-05 |     -- |  1.18e-01 |  1.54e-01 |     -- |  5.17e+00 |  7.04e+00
 6000960 |  1.28e-04 |     -- |  1.69e-01 |  2.55e-01 |     -- |  5.70e+00 |  7.95e+00
 6009984 |  7.62e-05 |     -- |  1.13e-01 |  1.48e-01 |     -- |  5.26e+00 |  7.37e+00
 6019008 |  1.42e-04 |     -- |  1.58e-01 |  2.09e-01 |     -- |  6.06e+00 |  9.91e+00
 6028032 |  1.56e-03 |     -- |  3.88e-01 |  8.92e-01 |     -- |  1.43e+01 |  2.76e+01
 6037056 |  2.26e-04 |     -- |  8.23e-02 |  1.13e-01 |     -- |  9.21e+00 |  1.46e+01
 6046080 |  1.67e-04 |     -- |  8.48e-02 |  1.15e-01 |     -- |  8.08e+00 |  1.24e+01
 6055104 |  1.40e-04 |     -- |  8.32e-02 |  1.12e-01 |     -- |  7.49e+00 |  1.13e+01
 6064128 |  1.17e-04 |     -- |  8.42e-02 |  1.11e-01 |     -- |  7.02e+00 |  1.02e+01
 6073152 |  1.10e-04 |     -- |  8.94e-02 |  1.19e-01 |     -- |  6.77e+00 |  9.79e+00
 6082176 |  1.17e-04 |     -- |  1.23e-01 |  1.61e-01 |     -- |  6.59e+00 |  9.53e+00
 6091200 |  1.40e-04 |     -- |  1.17e-01 |  1.56e-01 |     -- |  6.76e+00 |  1.07e+01
 6100224 |  1.23e-04 |     -- |  1.34e-01 |  1.72e-01 |     -- |  6.46e+00 |  9.69e+00
 6109248 |  1.11e-04 |     -- |  1.19e-01 |  1.54e-01 |     -- |  6.26e+00 |  9.35e+00
 6118272 |  1.12e-04 |     -- |  1.33e-01 |  1.73e-01 |     -- |  6.17e+00 |  9.06e+00
 6127296 |  1.03e-04 |     -- |  1.25e-01 |  1.65e-01 |     -- |  6.03e+00 |  8.70e+00
 6136320 |  1.03e-04 |     -- |  1.25e-01 |  1.61e-01 |     -- |  6.02e+00 |  8.80e+00
 6145344 |  1.70e-04 |     -- |  1.73e-01 |  2.37e-01 |     -- |  6.54e+00 |  1.07e+01
 6154368 |  2.26e-04 |     -- |  1.61e-01 |  2.20e-01 |     -- |  7.22e+00 |  1.33e+01
 6163392 |  1.30e-04 |     -- |  1.34e-01 |  1.82e-01 |     -- |  6.14e+00 |  9.84e+00
 6172416 |  1.42e-04 |     -- |  1.38e-01 |  1.89e-01 |     -- |  6.19e+00 |  1.03e+01
 6181440 |  9.47e-05 |     -- |  1.30e-01 |  1.68e-01 |     -- |  5.70e+00 |  8.15e+00
 6190464 |  1.83e-04 |     -- |  1.82e-01 |  2.46e-01 |     -- |  6.46e+00 |  1.11e+01
 6199488 |  1.42e-04 |     -- |  1.42e-01 |  1.92e-01 |     -- |  6.11e+00 |  1.03e+01
 6208512 |  1.64e-04 |     -- |  1.64e-01 |  2.27e-01 |     -- |  6.27e+00 |  1.06e+01
 6217536 |  1.26e-04 |     -- |  1.45e-01 |  1.87e-01 |     -- |  5.92e+00 |  9.52e+00
 6226560 |  1.10e-04 |     -- |  1.35e-01 |  1.82e-01 |     -- |  5.81e+00 |  8.74e+00
 6235584 |  1.27e-04 |     -- |  1.50e-01 |  2.15e-01 |     -- |  5.92e+00 |  9.01e+00
 6244608 |  2.22e-04 |     -- |  1.80e-01 |  2.80e-01 |     -- |  6.70e+00 |  1.20e+01
 6253632 |  1.05e-04 |     -- |  1.24e-01 |  1.64e-01 |     -- |  5.69e+00 |  8.86e+00
 6262656 |  1.94e-04 |     -- |  1.71e-01 |  2.43e-01 |     -- |  6.52e+00 |  1.16e+01
 6271680 |  1.18e-04 |     -- |  1.18e-01 |  1.68e-01 |     -- |  5.78e+00 |  9.49e+00
 6280704 |  1.28e-04 |     -- |  1.47e-01 |  1.94e-01 |     -- |  5.83e+00 |  9.52e+00
 6289728 |  7.94e-05 |     -- |  1.15e-01 |  1.46e-01 |     -- |  5.37e+00 |  7.62e+00
 6298752 |  1.14e-04 |     -- |  1.55e-01 |  2.08e-01 |     -- |  5.70e+00 |  8.43e+00
 6307776 |  2.21e-04 |     -- |  1.83e-01 |  3.26e-01 |     -- |  6.39e+00 |  1.07e+01
 6316800 |  7.31e-05 |     -- |  8.92e-02 |  1.20e-01 |     -- |  5.25e+00 |  7.66e+00
 6325824 |  8.26e-05 |     -- |  1.11e-01 |  1.46e-01 |     -- |  5.45e+00 |  7.83e+00
 6334848 |  9.51e-05 |     -- |  1.40e-01 |  1.78e-01 |     -- |  5.47e+00 |  7.97e+00
 6343872 |  1.22e-04 |     -- |  1.49e-01 |  2.00e-01 |     -- |  5.88e+00 |  9.06e+00
 6352896 |  2.23e-04 |     -- |  1.79e-01 |  2.48e-01 |     -- |  6.76e+00 |  1.27e+01
 6361920 |  8.02e-05 |     -- |  1.05e-01 |  1.40e-01 |     -- |  5.31e+00 |  7.79e+00
 6370944 |  2.57e-04 |     -- |  2.34e-01 |  3.21e-01 |     -- |  6.84e+00 |  1.24e+01
 6379968 |  1.31e-04 |     -- |  1.23e-01 |  1.73e-01 |     -- |  5.75e+00 |  1.01e+01
 6388992 |  9.77e-05 |     -- |  1.23e-01 |  1.60e-01 |     -- |  5.53e+00 |  8.49e+00
 6398016 |  8.38e-05 |     -- |  1.10e-01 |  1.44e-01 |     -- |  5.41e+00 |  7.94e+00
 6407040 |  1.24e-04 |     -- |  1.51e-01 |  1.95e-01 |     -- |  5.82e+00 |  9.31e+00
 6416064 |  1.15e-04 |     -- |  1.53e-01 |  2.02e-01 |     -- |  5.55e+00 |  8.64e+00
 6425088 |  1.35e-04 |     -- |  1.54e-01 |  2.17e-01 |     -- |  5.99e+00 |  9.38e+00
 6434112 |  7.12e-05 |     -- |  1.05e-01 |  1.37e-01 |     -- |  5.16e+00 |  7.24e+00
 6443136 |  3.07e-04 |     -- |  2.51e-01 |  3.99e-01 |     -- |  6.81e+00 |  1.22e+01
 6452160 |  9.43e-05 |     -- |  1.04e-01 |  1.39e-01 |     -- |  5.50e+00 |  8.66e+00
 6461184 |  1.15e-04 |     -- |  1.08e-01 |  1.52e-01 |     -- |  5.45e+00 |  9.60e+00
 6470208 |  9.54e-05 |     -- |  1.22e-01 |  1.77e-01 |     -- |  5.36e+00 |  8.00e+00
 6479232 |  6.59e-05 |     -- |  1.02e-01 |  1.33e-01 |     -- |  4.98e+00 |  6.94e+00
 6488256 |  1.25e-04 |     -- |  1.51e-01 |  2.12e-01 |     -- |  5.81e+00 |  8.92e+00
 6497280 |  1.64e-04 |     -- |  1.76e-01 |  2.50e-01 |     -- |  5.92e+00 |  1.01e+01
 6506304 |  1.09e-04 |     -- |  1.47e-01 |  1.93e-01 |     -- |  5.70e+00 |  8.49e+00
 6515328 |  7.76e-05 |     -- |  1.00e-01 |  1.31e-01 |     -- |  5.20e+00 |  7.78e+00
 6524352 |  9.45e-05 |     -- |  1.39e-01 |  1.76e-01 |     -- |  5.34e+00 |  7.96e+00
 6533376 |  1.35e-04 |     -- |  1.69e-01 |  2.49e-01 |     -- |  5.71e+00 |  8.53e+00
 6542400 |  1.42e-04 |     -- |  1.55e-01 |  2.17e-01 |     -- |  5.73e+00 |  9.71e+00
 6551424 |  8.12e-04 |     -- |  3.05e-01 |  6.78e-01 |     -- |  9.96e+00 |  1.88e+01
 6560448 |  1.30e-04 |     -- |  9.75e-02 |  1.42e-01 |     -- |  6.21e+00 |  1.05e+01
 6569472 |  7.21e-05 |     -- |  7.66e-02 |  1.04e-01 |     -- |  5.40e+00 |  7.83e+00
 6578496 |  5.82e-05 |     -- |  6.83e-02 |  9.30e-02 |     -- |  5.05e+00 |  7.04e+00
 6587520 |  5.53e-05 |     -- |  7.22e-02 |  9.79e-02 |     -- |  4.92e+00 |  6.76e+00
 6596544 |  6.90e-05 |     -- |  9.42e-02 |  1.26e-01 |     -- |  5.06e+00 |  7.28e+00
 6605568 |  1.27e-04 |     -- |  1.32e-01 |  1.83e-01 |     -- |  5.58e+00 |  9.67e+00
 6614592 |  2.33e-04 |     -- |  1.76e-01 |  2.56e-01 |     -- |  6.55e+00 |  1.29e+01
 6623616 |  2.33e-04 |     -- |  1.67e-01 |  2.51e-01 |     -- |  6.22e+00 |  1.30e+01
 6632640 |  1.31e-04 |     -- |  1.45e-01 |  1.93e-01 |     -- |  5.72e+00 |  9.69e+00
 6641664 |  7.36e-05 |     -- |  1.09e-01 |  1.41e-01 |     -- |  5.06e+00 |  7.33e+00
 6650688 |  7.66e-05 |     -- |  1.27e-01 |  1.63e-01 |     -- |  5.13e+00 |  7.08e+00
 6659712 |  6.21e-05 |     -- |  1.00e-01 |  1.30e-01 |     -- |  4.92e+00 |  6.73e+00
 6668736 |  1.13e-04 |     -- |  1.66e-01 |  2.32e-01 |     -- |  5.41e+00 |  7.73e+00
 6677760 |  6.95e-05 |     -- |  9.75e-02 |  1.30e-01 |     -- |  5.00e+00 |  7.26e+00
 6686784 |  8.15e-05 |     -- |  1.26e-01 |  1.59e-01 |     -- |  5.22e+00 |  7.50e+00
 6695808 |  1.38e-04 |     -- |  1.72e-01 |  2.39e-01 |     -- |  5.90e+00 |  8.99e+00
 6704832 |  1.69e-04 |     -- |  2.06e-01 |  2.94e-01 |     -- |  5.84e+00 |  9.11e+00
 6713856 |  1.39e-04 |     -- |  1.20e-01 |  1.76e-01 |     -- |  5.73e+00 |  1.04e+01
 6722880 |  1.72e-04 |     -- |  1.51e-01 |  2.12e-01 |     -- |  6.03e+00 |  1.13e+01
 6731904 |  1.62e-04 |     -- |  1.68e-01 |  2.32e-01 |     -- |  5.93e+00 |  1.04e+01
 6740928 |  1.25e-04 |     -- |  1.40e-01 |  1.89e-01 |     -- |  5.51e+00 |  9.43e+00
 6749952 |  6.48e-05 |     -- |  1.04e-01 |  1.35e-01 |     -- |  4.84e+00 |  6.83e+00
 6758976 |  5.43e-05 |     -- |  8.40e-02 |  1.13e-01 |     -- |  4.72e+00 |  6.44e+00
 6768000 |  8.38e-05 |     -- |  1.30e-01 |  1.82e-01 |     -- |  5.15e+00 |  7.11e+00
 6777024 |  6.66e-05 |     -- |  1.11e-01 |  1.45e-01 |     -- |  4.88e+00 |  6.75e+00
 6786048 |  1.01e-04 |     -- |  1.49e-01 |  2.01e-01 |     -- |  5.29e+00 |  7.81e+00
 6795072 |  1.07e-04 |     -- |  1.41e-01 |  1.87e-01 |     -- |  5.45e+00 |  8.50e+00
 6804096 |  1.31e-04 |     -- |  1.77e-01 |  2.38e-01 |     -- |  5.53e+00 |  8.61e+00
 6813120 |  2.64e-04 |     -- |  2.26e-01 |  3.27e-01 |     -- |  6.92e+00 |  1.25e+01
 6822144 |  8.69e-05 |     -- |  1.01e-01 |  1.43e-01 |     -- |  5.14e+00 |  8.15e+00
 6831168 |  1.31e-04 |     -- |  1.31e-01 |  1.82e-01 |     -- |  5.52e+00 |  9.92e+00
 6840192 |  1.22e-04 |     -- |  1.50e-01 |  2.05e-01 |     -- |  5.46e+00 |  8.97e+00
 6849216 |  9.47e-05 |     -- |  1.24e-01 |  1.69e-01 |     -- |  5.19e+00 |  8.13e+00
 6858240 |  9.31e-05 |     -- |  1.36e-01 |  1.76e-01 |     -- |  5.25e+00 |  7.87e+00
 6867264 |  3.48e-04 |     -- |  2.53e-01 |  4.16e-01 |     -- |  7.66e+00 |  1.32e+01
 6876288 |  1.34e-04 |     -- |  9.48e-02 |  1.32e-01 |     -- |  6.68e+00 |  1.08e+01
 6885312 |  1.09e-04 |     -- |  9.82e-02 |  1.29e-01 |     -- |  6.03e+00 |  9.64e+00
 6894336 |  7.80e-05 |     -- |  9.75e-02 |  1.28e-01 |     -- |  5.48e+00 |  7.84e+00
 6903360 |  7.67e-05 |     -- |  9.67e-02 |  1.28e-01 |     -- |  5.36e+00 |  7.77e+00
 6912384 |  1.69e-04 |     -- |  1.60e-01 |  2.23e-01 |     -- |  6.25e+00 |  1.09e+01
 6921408 |  1.18e-04 |     -- |  1.40e-01 |  1.82e-01 |     -- |  5.61e+00 |  9.19e+00
 6930432 |  1.67e-04 |     -- |  1.53e-01 |  2.06e-01 |     -- |  5.99e+00 |  1.12e+01
 6939456 |  8.42e-05 |     -- |  1.24e-01 |  1.59e-01 |     -- |  5.26e+00 |  7.68e+00
 6948480 |  7.41e-05 |     -- |  1.16e-01 |  1.52e-01 |     -- |  5.09e+00 |  7.15e+00
 6957504 |  8.82e-05 |     -- |  1.42e-01 |  1.75e-01 |     -- |  5.22e+00 |  7.58e+00
 6966528 |  7.84e-05 |     -- |  1.16e-01 |  1.50e-01 |     -- |  5.16e+00 |  7.48e+00
 6975552 |  8.35e-05 |     -- |  1.36e-01 |  1.82e-01 |     -- |  5.08e+00 |  7.10e+00
 6984576 |  1.03e-04 |     -- |  1.48e-01 |  2.03e-01 |     -- |  5.42e+00 |  7.90e+00
 6993600 |  9.33e-05 |     -- |  1.42e-01 |  1.89e-01 |     -- |  5.22e+00 |  7.59e+00
 7002624 |  9.21e-05 |     -- |  1.29e-01 |  1.85e-01 |     -- |  5.12e+00 |  7.60e+00
 7011648 |  1.50e-04 |     -- |  1.79e-01 |  2.33e-01 |     -- |  5.90e+00 |  9.77e+00
 7020672 |  1.86e-04 |     -- |  1.69e-01 |  2.66e-01 |     -- |  5.88e+00 |  1.07e+01
 7029696 |  6.57e-04 |     -- |  2.77e-01 |  5.65e-01 |     -- |  9.11e+00 |  1.84e+01
 7038720 |  8.08e-05 |     -- |  7.88e-02 |  1.07e-01 |     -- |  5.58e+00 |  8.34e+00
 7047744 |  5.79e-05 |     -- |  6.65e-02 |  9.10e-02 |     -- |  4.96e+00 |  7.04e+00
 7056768 |  7.06e-05 |     -- |  8.43e-02 |  1.12e-01 |     -- |  5.04e+00 |  7.62e+00
 7065792 |  5.28e-05 |     -- |  7.01e-02 |  9.50e-02 |     -- |  4.74e+00 |  6.62e+00
 7074816 |  5.94e-05 |     -- |  9.24e-02 |  1.27e-01 |     -- |  4.76e+00 |  6.59e+00
 7083840 |  6.54e-05 |     -- |  1.08e-01 |  1.47e-01 |     -- |  4.78e+00 |  6.61e+00
 7092864 |  7.81e-05 |     -- |  1.32e-01 |  1.68e-01 |     -- |  4.95e+00 |  7.05e+00
 7101888 |  1.44e-04 |     -- |  1.62e-01 |  2.12e-01 |     -- |  5.67e+00 |  9.93e+00
 7110912 |  1.21e-04 |     -- |  1.31e-01 |  1.75e-01 |     -- |  5.52e+00 |  9.50e+00
 7119936 |  9.25e-05 |     -- |  1.21e-01 |  1.63e-01 |     -- |  5.13e+00 |  8.13e+00
 7128960 |  8.19e-05 |     -- |  1.30e-01 |  1.64e-01 |     -- |  5.01e+00 |  7.42e+00
 7137984 |  9.99e-05 |     -- |  1.47e-01 |  1.92e-01 |     -- |  5.30e+00 |  7.93e+00
 7147008 |  6.78e-05 |     -- |  1.05e-01 |  1.37e-01 |     -- |  4.83e+00 |  7.01e+00
 7156032 |  3.62e-04 |     -- |  2.18e-01 |  4.57e-01 |     -- |  7.20e+00 |  1.24e+01
 7165056 |  9.94e-05 |     -- |  8.98e-02 |  1.33e-01 |     -- |  5.18e+00 |  9.03e+00
 7174080 |  1.32e-04 |     -- |  1.20e-01 |  1.76e-01 |     -- |  5.39e+00 |  1.01e+01
 7183104 |  7.51e-05 |     -- |  9.27e-02 |  1.26e-01 |     -- |  4.98e+00 |  7.69e+00
 7192128 |  9.28e-05 |     -- |  1.04e-01 |  1.42e-01 |     -- |  5.02e+00 |  8.53e+00
 7201152 |  1.39e-04 |     -- |  1.54e-01 |  2.21e-01 |     -- |  5.56e+00 |  9.50e+00
 7210176 |  1.35e-04 |     -- |  1.41e-01 |  1.92e-01 |     -- |  5.80e+00 |  9.92e+00
 7219200 |  2.24e-04 |     -- |  1.60e-01 |  2.49e-01 |     -- |  6.32e+00 |  1.27e+01
 7228224 |  1.70e-04 |     -- |  1.46e-01 |  2.16e-01 |     -- |  5.79e+00 |  1.11e+01
 7237248 |  8.46e-05 |     -- |  1.10e-01 |  1.46e-01 |     -- |  4.91e+00 |  7.96e+00
 7246272 |  8.06e-05 |     -- |  1.31e-01 |  1.77e-01 |     -- |  4.84e+00 |  7.02e+00
 7255296 |  5.88e-05 |     -- |  1.01e-01 |  1.33e-01 |     -- |  4.59e+00 |  6.42e+00
 7264320 |  9.50e-05 |     -- |  1.33e-01 |  1.84e-01 |     -- |  5.30e+00 |  7.81e+00
 7273344 |  2.94e-04 |     -- |  2.12e-01 |  4.17e-01 |     -- |  5.75e+00 |  1.10e+01
 7282368 |  4.50e-04 |     -- |  1.86e-01 |  4.74e-01 |     -- |  8.45e+00 |  1.50e+01
 7291392 |  5.25e-05 |     -- |  6.29e-02 |  8.66e-02 |     -- |  4.90e+00 |  6.71e+00
 7300416 |  5.07e-05 |     -- |  7.22e-02 |  9.60e-02 |     -- |  4.69e+00 |  6.44e+00
 7309440 |  5.13e-05 |     -- |  8.08e-02 |  1.05e-01 |     -- |  4.60e+00 |  6.34e+00
 7318464 |  5.28e-05 |     -- |  8.05e-02 |  1.07e-01 |     -- |  4.61e+00 |  6.43e+00
 7327488 |  7.38e-05 |     -- |  1.16e-01 |  1.53e-01 |     -- |  4.86e+00 |  7.09e+00
 7336512 |  6.19e-05 |     -- |  9.58e-02 |  1.27e-01 |     -- |  4.75e+00 |  6.77e+00
 7345536 |  9.36e-05 |     -- |  1.45e-01 |  1.88e-01 |     -- |  5.12e+00 |  7.64e+00
 7354560 |  2.34e-04 |     -- |  1.69e-01 |  2.53e-01 |     -- |  6.27e+00 |  1.30e+01
 7363584 |  1.08e-04 |     -- |  1.43e-01 |  1.90e-01 |     -- |  5.31e+00 |  8.48e+00
 7372608 |  9.44e-05 |     -- |  1.16e-01 |  1.62e-01 |     -- |  5.08e+00 |  8.26e+00
 7381632 |  8.15e-05 |     -- |  1.05e-01 |  1.59e-01 |     -- |  4.89e+00 |  7.50e+00
 7390656 |  1.14e-04 |     -- |  1.43e-01 |  2.08e-01 |     -- |  5.29e+00 |  8.41e+00
 7399680 |  6.90e-05 |     -- |  1.01e-01 |  1.36e-01 |     -- |  4.74e+00 |  7.11e+00
 7408704 |  6.71e-05 |     -- |  1.09e-01 |  1.42e-01 |     -- |  4.74e+00 |  6.84e+00
 7417728 |  2.08e-04 |     -- |  1.89e-01 |  2.90e-01 |     -- |  6.29e+00 |  1.11e+01
 7426752 |  1.00e-04 |     -- |  1.37e-01 |  1.79e-01 |     -- |  5.16e+00 |  8.24e+00
 7435776 |  6.57e-05 |     -- |  1.10e-01 |  1.42e-01 |     -- |  4.67e+00 |  6.75e+00
 7444800 |  8.79e-05 |     -- |  1.12e-01 |  1.56e-01 |     -- |  4.97e+00 |  7.97e+00
 7453824 |  9.70e-05 |     -- |  1.37e-01 |  1.81e-01 |     -- |  5.13e+00 |  8.02e+00
 7462848 |  3.06e-04 |     -- |  2.02e-01 |  4.81e-01 |     -- |  5.22e+00 |  8.64e+00
 7471872 |  2.23e-04 |     -- |  1.35e-01 |  3.09e-01 |     -- |  6.92e+00 |  1.13e+01
 7480896 |  4.79e-05 |     -- |  6.22e-02 |  8.59e-02 |     -- |  4.66e+00 |  6.37e+00
 7489920 |  4.82e-05 |     -- |  6.84e-02 |  9.63e-02 |     -- |  4.55e+00 |  6.24e+00
 7498944 |  6.36e-05 |     -- |  8.05e-02 |  1.10e-01 |     -- |  4.70e+00 |  7.17e+00
 7507968 |  7.58e-05 |     -- |  1.13e-01 |  1.46e-01 |     -- |  4.84e+00 |  7.37e+00
 7516992 |  5.83e-05 |     -- |  8.58e-02 |  1.17e-01 |     -- |  4.58e+00 |  6.68e+00
 7526016 |  7.13e-05 |     -- |  1.29e-01 |  1.67e-01 |     -- |  4.65e+00 |  6.59e+00
 7535040 |  7.26e-05 |     -- |  1.20e-01 |  1.59e-01 |     -- |  4.79e+00 |  6.88e+00
 7544064 |  1.22e-04 |     -- |  1.63e-01 |  2.09e-01 |     -- |  5.30e+00 |  8.85e+00
 7553088 |  9.71e-05 |     -- |  1.37e-01 |  1.83e-01 |     -- |  5.13e+00 |  7.98e+00
 7562112 |  6.71e-05 |     -- |  1.17e-01 |  1.53e-01 |     -- |  4.67e+00 |  6.60e+00
 7571136 |  6.39e-05 |     -- |  1.11e-01 |  1.44e-01 |     -- |  4.58e+00 |  6.57e+00
 7580160 |  9.76e-05 |     -- |  1.42e-01 |  1.89e-01 |     -- |  5.10e+00 |  7.86e+00
 7589184 |  2.36e-04 |     -- |  2.21e-01 |  3.04e-01 |     -- |  6.34e+00 |  1.20e+01
 7598208 |  2.89e-04 |     -- |  2.11e-01 |  3.47e-01 |     -- |  6.41e+00 |  1.30e+01
 7607232 |  1.08e-04 |     -- |  8.66e-02 |  1.26e-01 |     -- |  5.21e+00 |  9.58e+00
 7616256 |  4.84e-05 |     -- |  8.03e-02 |  1.07e-01 |     -- |  4.37e+00 |  6.07e+00
 7625280 |  5.53e-05 |     -- |  9.63e-02 |  1.33e-01 |     -- |  4.45e+00 |  6.14e+00
 7634304 |  5.29e-05 |     -- |  9.72e-02 |  1.29e-01 |     -- |  4.41e+00 |  6.03e+00
 7643328 |  7.18e-05 |     -- |  1.23e-01 |  1.63e-01 |     -- |  4.60e+00 |  6.73e+00
 7652352 |  8.66e-05 |     -- |  1.27e-01 |  1.69e-01 |     -- |  4.84e+00 |  7.61e+00
 7661376 |  9.48e-05 |     -- |  1.40e-01 |  1.86e-01 |     -- |  5.00e+00 |  7.75e+00
 7670400 |  1.36e-04 |     -- |  1.40e-01 |  1.99e-01 |     -- |  5.32e+00 |  9.79e+00
 7679424 |  1.19e-04 |     -- |  1.56e-01 |  2.20e-01 |     -- |  5.32e+00 |  8.40e+00
 7688448 |  1.47e-04 |     -- |  1.50e-01 |  2.04e-01 |     -- |  5.50e+00 |  1.03e+01
 7697472 |  9.61e-05 |     -- |  1.11e-01 |  1.51e-01 |     -- |  4.97e+00 |  8.56e+00
 7706496 |  8.01e-05 |     -- |  1.17e-01 |  1.59e-01 |     -- |  4.72e+00 |  7.41e+00
 7715520 |  1.09e-04 |     -- |  1.32e-01 |  1.82e-01 |     -- |  5.05e+00 |  8.74e+00
 7724544 |  7.07e-05 |     -- |  1.20e-01 |  1.53e-01 |     -- |  4.70e+00 |  6.87e+00
 7733568 |  1.05e-04 |     -- |  1.30e-01 |  1.77e-01 |     -- |  5.15e+00 |  8.59e+00
 7742592 |  2.02e-04 |     -- |  2.00e-01 |  2.72e-01 |     -- |  5.74e+00 |  1.13e+01
 7751616 |  1.01e-04 |     -- |  1.31e-01 |  2.14e-01 |     -- |  4.88e+00 |  7.41e+00
 7760640 |  4.67e-05 |     -- |  8.57e-02 |  1.13e-01 |     -- |  4.24e+00 |  5.82e+00
 7769664 |  5.28e-05 |     -- |  1.01e-01 |  1.32e-01 |     -- |  4.33e+00 |  5.95e+00
 7778688 |  6.06e-05 |     -- |  9.92e-02 |  1.31e-01 |     -- |  4.52e+00 |  6.59e+00
 7787712 |  1.35e-04 |     -- |  1.76e-01 |  2.68e-01 |     -- |  5.38e+00 |  7.92e+00
 7796736 |  7.86e-05 |     -- |  1.12e-01 |  1.49e-01 |     -- |  4.78e+00 |  7.51e+00
 7805760 |  2.57e-04 |     -- |  2.14e-01 |  3.63e-01 |     -- |  6.11e+00 |  1.12e+01
 7814784 |  7.60e-05 |     -- |  9.77e-02 |  1.37e-01 |     -- |  4.86e+00 |  7.57e+00
 7823808 |  4.31e-05 |     -- |  6.97e-02 |  9.53e-02 |     -- |  4.19e+00 |  5.83e+00
 7832832 |  5.05e-05 |     -- |  8.39e-02 |  1.12e-01 |     -- |  4.30e+00 |  6.16e+00
 7841856 |  4.74e-05 |     -- |  8.70e-02 |  1.15e-01 |     -- |  4.24e+00 |  5.85e+00
 7850880 |  6.42e-05 |     -- |  1.24e-01 |  1.58e-01 |     -- |  4.47e+00 |  6.27e+00
 7859904 |  5.78e-05 |     -- |  1.10e-01 |  1.48e-01 |     -- |  4.33e+00 |  5.99e+00
 7868928 |  9.68e-05 |     -- |  1.45e-01 |  1.93e-01 |     -- |  4.98e+00 |  7.72e+00
 7877952 |  1.01e-04 |     -- |  1.35e-01 |  1.80e-01 |     -- |  5.12e+00 |  8.26e+00
 7886976 |  7.50e-05 |     -- |  1.17e-01 |  1.56e-01 |     -- |  4.67e+00 |  7.12e+00
 7896000 |  8.81e-05 |     -- |  1.54e-01 |  2.01e-01 |     -- |  4.79e+00 |  6.91e+00
 7905024 |  2.05e-04 |     -- |  2.00e-01 |  3.34e-01 |     -- |  5.79e+00 |  9.69e+00
 7914048 |  8.44e-05 |     -- |  1.04e-01 |  1.46e-01 |     -- |  4.87e+00 |  7.95e+00
 7923072 |  7.76e-05 |     -- |  1.03e-01 |  1.39e-01 |     -- |  4.69e+00 |  7.63e+00
 7932096 |  5.23e-05 |     -- |  9.14e-02 |  1.23e-01 |     -- |  4.29e+00 |  6.10e+00
 7941120 |  5.68e-05 |     -- |  1.11e-01 |  1.45e-01 |     -- |  4.30e+00 |  5.97e+00
 7950144 |  5.45e-05 |     -- |  1.07e-01 |  1.38e-01 |     -- |  4.29e+00 |  5.96e+00
 7959168 |  5.61e-05 |     -- |  9.86e-02 |  1.29e-01 |     -- |  4.34e+00 |  6.29e+00
 7968192 |  2.48e-04 |     -- |  2.35e-01 |  3.11e-01 |     -- |  6.55e+00 |  1.23e+01
 7977216 |  8.67e-05 |     -- |  1.08e-01 |  1.55e-01 |     -- |  4.91e+00 |  7.92e+00
 7986240 |  1.03e-04 |     -- |  1.12e-01 |  1.52e-01 |     -- |  5.07e+00 |  8.91e+00
 7995264 |  4.92e-05 |     -- |  9.21e-02 |  1.20e-01 |     -- |  4.21e+00 |  5.90e+00
 8004288 |  5.78e-05 |     -- |  1.14e-01 |  1.45e-01 |     -- |  4.30e+00 |  6.05e+00
 8013312 |  6.63e-05 |     -- |  1.31e-01 |  1.65e-01 |     -- |  4.37e+00 |  6.25e+00
 8022336 |  8.83e-05 |     -- |  1.39e-01 |  1.85e-01 |     -- |  4.86e+00 |  7.36e+00
 8031360 |  2.25e-03 |     -- |  4.45e-01 |  1.09e+00 |     -- |  1.41e+01 |  3.25e+01
 8040384 |  5.31e-04 |     -- |  9.38e-02 |  1.25e-01 |     -- |  1.59e+01 |  2.27e+01
 8049408 |  2.57e-04 |     -- |  9.17e-02 |  1.20e-01 |     -- |  1.14e+01 |  1.56e+01
 8058432 |  2.00e-04 |     -- |  1.09e-01 |  1.40e-01 |     -- |  9.81e+00 |  1.34e+01
 8067456 |  1.61e-04 |     -- |  9.51e-02 |  1.24e-01 |     -- |  8.85e+00 |  1.21e+01
 8076480 |  1.47e-04 |     -- |  1.02e-01 |  1.33e-01 |     -- |  8.29e+00 |  1.14e+01
 8085504 |  1.40e-04 |     -- |  1.16e-01 |  1.52e-01 |     -- |  7.87e+00 |  1.08e+01
 8094528 |  1.47e-04 |     -- |  1.43e-01 |  1.92e-01 |     -- |  7.60e+00 |  1.05e+01
 8103552 |  1.58e-04 |     -- |  1.47e-01 |  1.91e-01 |     -- |  7.68e+00 |  1.10e+01
 8112576 |  1.23e-04 |     -- |  1.27e-01 |  1.62e-01 |     -- |  7.16e+00 |  9.85e+00
 8121600 |  1.31e-04 |     -- |  1.33e-01 |  1.72e-01 |     -- |  7.05e+00 |  1.01e+01
 8130624 |  1.22e-04 |     -- |  1.18e-01 |  1.54e-01 |     -- |  6.83e+00 |  9.91e+00
 8139648 |  1.67e-04 |     -- |  1.64e-01 |  2.28e-01 |     -- |  7.08e+00 |  1.07e+01
 8148672 |  1.47e-04 |     -- |  1.27e-01 |  1.71e-01 |     -- |  6.85e+00 |  1.08e+01
 8157696 |  1.39e-04 |     -- |  1.53e-01 |  2.02e-01 |     -- |  6.65e+00 |  9.91e+00
 8166720 |  1.05e-04 |     -- |  1.16e-01 |  1.54e-01 |     -- |  6.30e+00 |  9.04e+00
 8175744 |  1.38e-04 |     -- |  1.58e-01 |  2.18e-01 |     -- |  6.49e+00 |  9.50e+00
 8184768 |  8.42e-05 |     -- |  1.09e-01 |  1.42e-01 |     -- |  5.83e+00 |  8.00e+00
 8193792 |  1.03e-04 |     -- |  1.42e-01 |  1.79e-01 |     -- |  6.02e+00 |  8.41e+00
 8202816 |  9.60e-05 |     -- |  1.39e-01 |  1.77e-01 |     -- |  5.88e+00 |  8.04e+00
 8211840 |  8.20e-05 |     -- |  1.09e-01 |  1.46e-01 |     -- |  5.71e+00 |  7.78e+00
 8220864 |  2.81e-04 |     -- |  2.44e-01 |  4.11e-01 |     -- |  7.06e+00 |  1.06e+01
 8229888 |  7.59e-05 |     -- |  8.01e-02 |  1.09e-01 |     -- |  5.66e+00 |  8.00e+00
 8238912 |  9.80e-05 |     -- |  9.57e-02 |  1.33e-01 |     -- |  5.75e+00 |  8.95e+00
 8247936 |  1.55e-04 |     -- |  1.27e-01 |  1.86e-01 |     -- |  6.29e+00 |  1.10e+01
 8256960 |  2.52e-04 |     -- |  1.72e-01 |  2.30e-01 |     -- |  7.45e+00 |  1.41e+01
 8265984 |  1.71e-04 |     -- |  1.44e-01 |  1.99e-01 |     -- |  6.40e+00 |  1.14e+01
 8275008 |  1.02e-04 |     -- |  1.10e-01 |  1.47e-01 |     -- |  5.58e+00 |  8.97e+00
 8284032 |  6.60e-05 |     -- |  9.14e-02 |  1.23e-01 |     -- |  5.13e+00 |  7.12e+00
 8293056 |  8.61e-05 |     -- |  1.35e-01 |  1.79e-01 |     -- |  5.30e+00 |  7.34e+00
 8302080 |  1.13e-04 |     -- |  1.53e-01 |  2.02e-01 |     -- |  5.54e+00 |  8.48e+00
 8311104 |  1.30e-04 |     -- |  1.49e-01 |  2.08e-01 |     -- |  5.78e+00 |  9.30e+00
 8320128 |  8.35e-05 |     -- |  1.25e-01 |  1.67e-01 |     -- |  5.21e+00 |  7.45e+00
 8329152 |  8.42e-05 |     -- |  1.21e-01 |  1.56e-01 |     -- |  5.20e+00 |  7.74e+00
 8338176 |  9.50e-05 |     -- |  1.27e-01 |  1.72e-01 |     -- |  5.36e+00 |  8.10e+00
 8347200 |  2.00e-04 |     -- |  1.77e-01 |  2.78e-01 |     -- |  6.25e+00 |  1.11e+01
 8356224 |  6.57e-05 |     -- |  9.25e-02 |  1.22e-01 |     -- |  4.94e+00 |  7.13e+00
 8365248 |  1.11e-04 |     -- |  1.44e-01 |  1.94e-01 |     -- |  5.41e+00 |  8.58e+00
 8374272 |  6.85e-05 |     -- |  1.01e-01 |  1.32e-01 |     -- |  4.92e+00 |  7.15e+00
 8383296 |  8.83e-05 |     -- |  1.43e-01 |  1.89e-01 |     -- |  5.02e+00 |  7.25e+00
 8392320 |  7.53e-04 |     -- |  2.98e-01 |  6.41e-01 |     -- |  1.06e+01 |  1.85e+01
 8401344 |  7.06e-05 |     -- |  7.10e-02 |  9.52e-02 |     -- |  5.80e+00 |  7.85e+00
 8410368 |  5.74e-05 |     -- |  6.70e-02 |  9.05e-02 |     -- |  5.17e+00 |  7.01e+00
 8419392 |  5.57e-05 |     -- |  7.84e-02 |  1.04e-01 |     -- |  4.93e+00 |  6.70e+00
 8428416 |  5.41e-05 |     -- |  7.89e-02 |  1.04e-01 |     -- |  4.80e+00 |  6.59e+00
 8437440 |  6.09e-05 |     -- |  9.82e-02 |  1.33e-01 |     -- |  4.79e+00 |  6.58e+00
 8446464 |  7.86e-05 |     -- |  1.13e-01 |  1.50e-01 |     -- |  5.02e+00 |  7.49e+00
 8455488 |  7.06e-05 |     -- |  1.03e-01 |  1.33e-01 |     -- |  4.86e+00 |  7.27e+00
 8464512 |  9.89e-05 |     -- |  1.37e-01 |  1.95e-01 |     -- |  5.05e+00 |  7.79e+00
 8473536 |  9.95e-05 |     -- |  1.60e-01 |  2.00e-01 |     -- |  5.10e+00 |  7.73e+00
 8482560 |  6.36e-05 |     -- |  1.01e-01 |  1.33e-01 |     -- |  4.70e+00 |  6.78e+00
 8491584 |  1.16e-04 |     -- |  1.12e-01 |  1.81e-01 |     -- |  4.90e+00 |  9.13e+00
 8500608 |  5.59e-04 |     -- |  2.78e-01 |  4.34e-01 |     -- |  8.89e+00 |  1.92e+01
 8509632 |  7.65e-05 |     -- |  8.27e-02 |  1.12e-01 |     -- |  5.00e+00 |  8.00e+00
 8518656 |  7.70e-05 |     -- |  9.77e-02 |  1.33e-01 |     -- |  4.76e+00 |  7.71e+00
 8527680 |  4.84e-05 |     -- |  7.73e-02 |  1.03e-01 |     -- |  4.41e+00 |  6.14e+00
 8536704 |  5.54e-05 |     -- |  1.04e-01 |  1.36e-01 |     -- |  4.43e+00 |  6.09e+00
 8545728 |  6.20e-05 |     -- |  1.15e-01 |  1.51e-01 |     -- |  4.55e+00 |  6.25e+00
 8554752 |  7.80e-05 |     -- |  1.46e-01 |  1.87e-01 |     -- |  4.65e+00 |  6.57e+00
 8563776 |  5.28e-05 |     -- |  9.60e-02 |  1.27e-01 |     -- |  4.37e+00 |  6.05e+00
 8572800 |  8.58e-05 |     -- |  1.39e-01 |  1.87e-01 |     -- |  4.82e+00 |  7.14e+00
 8581824 |  1.00e-04 |     -- |  1.40e-01 |  2.06e-01 |     -- |  4.94e+00 |  7.58e+00
 8590848 |  6.66e-05 |     -- |  1.14e-01 |  1.52e-01 |     -- |  4.54e+00 |  6.60e+00
 8599872 |  6.17e-05 |     -- |  1.05e-01 |  1.37e-01 |     -- |  4.50e+00 |  6.55e+00
 8608896 |  7.97e-05 |     -- |  1.24e-01 |  1.66e-01 |     -- |  4.78e+00 |  7.23e+00
 8617920 |  1.00e-04 |     -- |  1.50e-01 |  1.98e-01 |     -- |  5.02e+00 |  7.83e+00
 8626944 |  1.72e-04 |     -- |  1.69e-01 |  2.22e-01 |     -- |  5.85e+00 |  1.11e+01
 8635968 |  6.57e-05 |     -- |  1.08e-01 |  1.42e-01 |     -- |  4.56e+00 |  6.76e+00
 8644992 |  5.27e-05 |     -- |  9.90e-02 |  1.31e-01 |     -- |  4.26e+00 |  5.95e+00
 8654016 |  6.70e-05 |     -- |  1.25e-01 |  1.65e-01 |     -- |  4.52e+00 |  6.30e+00
 8663040 |  4.75e-04 |     -- |  2.59e-01 |  5.75e-01 |     -- |  7.20e+00 |  1.20e+01
 8672064 |  5.76e-05 |     -- |  7.07e-02 |  9.62e-02 |     -- |  4.75e+00 |  6.95e+00
 8681088 |  4.64e-05 |     -- |  7.48e-02 |  9.97e-02 |     -- |  4.39e+00 |  6.04e+00
 8690112 |  4.65e-05 |     -- |  7.95e-02 |  1.07e-01 |     -- |  4.30e+00 |  5.93e+00
 8699136 |  4.60e-05 |     -- |  7.24e-02 |  9.92e-02 |     -- |  4.31e+00 |  6.01e+00
 8708160 |  4.68e-05 |     -- |  7.86e-02 |  1.06e-01 |     -- |  4.25e+00 |  5.96e+00
 8717184 |  1.25e-04 |     -- |  1.52e-01 |  2.21e-01 |     -- |  5.06e+00 |  8.73e+00
 8726208 |  1.40e-04 |     -- |  1.49e-01 |  2.02e-01 |     -- |  5.53e+00 |  9.98e+00
 8735232 |  1.24e-04 |     -- |  1.39e-01 |  1.92e-01 |     -- |  5.06e+00 |  9.31e+00
 8744256 |  1.53e-04 |     -- |  1.38e-01 |  2.00e-01 |     -- |  5.17e+00 |  1.06e+01
 8753280 |  2.03e-04 |     -- |  1.64e-01 |  2.38e-01 |     -- |  6.23e+00 |  1.21e+01
 8762304 |  6.13e-05 |     -- |  9.82e-02 |  1.31e-01 |     -- |  4.44e+00 |  6.65e+00
 8771328 |  7.19e-05 |     -- |  1.13e-01 |  1.56e-01 |     -- |  4.50e+00 |  6.90e+00
 8780352 |  6.32e-05 |     -- |  1.19e-01 |  1.52e-01 |     -- |  4.45e+00 |  6.33e+00
 8789376 |  5.32e-05 |     -- |  1.10e-01 |  1.41e-01 |     -- |  4.21e+00 |  5.78e+00
 8798400 |  6.10e-05 |     -- |  1.18e-01 |  1.60e-01 |     -- |  4.26e+00 |  5.96e+00
 8807424 |  7.32e-05 |     -- |  1.25e-01 |  1.80e-01 |     -- |  4.47e+00 |  6.38e+00
 8816448 |  6.17e-05 |     -- |  1.11e-01 |  1.50e-01 |     -- |  4.36e+00 |  6.25e+00
 8825472 |  6.69e-05 |     -- |  1.05e-01 |  1.41e-01 |     -- |  4.48e+00 |  6.86e+00
 8834496 |  1.40e-04 |     -- |  1.76e-01 |  2.48e-01 |     -- |  5.37e+00 |  8.86e+00
 8843520 |  8.68e-05 |     -- |  9.62e-02 |  1.32e-01 |     -- |  4.66e+00 |  8.33e+00
 8852544 |  7.48e-05 |     -- |  1.24e-01 |  1.62e-01 |     -- |  4.50e+00 |  6.97e+00
 8861568 |  7.54e-04 |     -- |  2.66e-01 |  6.53e-01 |     -- |  9.47e+00 |  1.81e+01
 8870592 |  8.09e-05 |     -- |  7.16e-02 |  1.02e-01 |     -- |  5.69e+00 |  8.40e+00
 8879616 |  5.29e-05 |     -- |  6.01e-02 |  8.43e-02 |     -- |  4.88e+00 |  6.77e+00
 8888640 |  5.00e-05 |     -- |  7.83e-02 |  1.06e-01 |     -- |  4.57e+00 |  6.22e+00
 8897664 |  4.77e-05 |     -- |  7.99e-02 |  1.06e-01 |     -- |  4.43e+00 |  6.04e+00
 8906688 |  4.81e-05 |     -- |  8.51e-02 |  1.12e-01 |     -- |  4.34e+00 |  5.97e+00
 8915712 |  5.30e-05 |     -- |  8.85e-02 |  1.17e-01 |     -- |  4.38e+00 |  6.27e+00
 8924736 |  5.00e-05 |     -- |  9.59e-02 |  1.26e-01 |     -- |  4.27e+00 |  5.85e+00
 8933760 |  5.77e-05 |     -- |  1.06e-01 |  1.44e-01 |     -- |  4.39e+00 |  6.07e+00
 8942784 |  1.56e-04 |     -- |  1.61e-01 |  2.22e-01 |     -- |  5.40e+00 |  1.04e+01
 8951808 |  1.08e-04 |     -- |  1.32e-01 |  1.82e-01 |     -- |  5.00e+00 |  8.66e+00
 8960832 |  7.16e-05 |     -- |  1.18e-01 |  1.56e-01 |     -- |  4.47e+00 |  6.87e+00
 8969856 |  6.64e-05 |     -- |  1.08e-01 |  1.43e-01 |     -- |  4.47e+00 |  6.79e+00
 8978880 |  5.66e-05 |     -- |  1.10e-01 |  1.46e-01 |     -- |  4.27e+00 |  5.93e+00
 8987904 |  7.00e-05 |     -- |  1.11e-01 |  1.49e-01 |     -- |  4.47e+00 |  6.92e+00
 8996928 |  7.78e-05 |     -- |  1.30e-01 |  1.71e-01 |     -- |  4.52e+00 |  6.96e+00
 9005952 |  6.74e-05 |     -- |  1.19e-01 |  1.54e-01 |     -- |  4.47e+00 |  6.61e+00
 9014976 |  1.11e-04 |     -- |  1.53e-01 |  2.17e-01 |     -- |  4.92e+00 |  7.98e+00
 9024000 |  1.51e-04 |     -- |  1.44e-01 |  2.17e-01 |     -- |  5.27e+00 |  1.02e+01
 9033024 |  4.77e-05 |     -- |  8.53e-02 |  1.13e-01 |     -- |  4.13e+00 |  5.92e+00
 9042048 |  8.25e-05 |     -- |  1.13e-01 |  1.51e-01 |     -- |  4.64e+00 |  7.73e+00
 9051072 |  9.05e-05 |     -- |  1.27e-01 |  1.72e-01 |     -- |  4.67e+00 |  7.80e+00
 9060096 |  1.73e-04 |     -- |  1.72e-01 |  2.29e-01 |     -- |  5.70e+00 |  1.10e+01
 9069120 |  7.22e-05 |     -- |  1.11e-01 |  1.44e-01 |     -- |  4.46e+00 |  7.17e+00
 9078144 |  7.71e-05 |     -- |  1.13e-01 |  1.64e-01 |     -- |  4.53e+00 |  7.10e+00
 9087168 |  5.87e-05 |     -- |  1.12e-01 |  1.51e-01 |     -- |  4.24e+00 |  5.99e+00
 9096192 |  5.58e-05 |     -- |  1.09e-01 |  1.41e-01 |     -- |  4.18e+00 |  5.99e+00
 9105216 |  7.54e-05 |     -- |  1.17e-01 |  1.66e-01 |     -- |  4.52e+00 |  6.92e+00
 9114240 |  6.31e-05 |     -- |  1.17e-01 |  1.50e-01 |     -- |  4.31e+00 |  6.39e+00
 9123264 |  7.88e-05 |     -- |  1.28e-01 |  1.70e-01 |     -- |  4.65e+00 |  7.06e+00
 9132288 |  6.37e-05 |     -- |  1.19e-01 |  1.56e-01 |     -- |  4.28e+00 |  6.27e+00
 9141312 |  5.93e-05 |     -- |  1.16e-01 |  1.52e-01 |     -- |  4.22e+00 |  6.01e+00
 9150336 |  7.84e-05 |     -- |  1.34e-01 |  1.73e-01 |     -- |  4.48e+00 |  6.95e+00
 9159360 |  2.02e-04 |     -- |  1.86e-01 |  2.80e-01 |     -- |  5.74e+00 |  1.11e+01
 9168384 |  7.44e-05 |     -- |  1.04e-01 |  1.39e-01 |     -- |  4.47e+00 |  7.42e+00
 9177408 |  7.67e-05 |     -- |  1.08e-01 |  1.43e-01 |     -- |  4.53e+00 |  7.50e+00
 9186432 |  1.13e-04 |     -- |  1.45e-01 |  2.00e-01 |     -- |  4.69e+00 |  8.51e+00
 9195456 |  1.82e-04 |     -- |  1.56e-01 |  2.84e-01 |     -- |  5.34e+00 |  1.01e+01
 9204480 |  8.95e-05 |     -- |  9.72e-02 |  1.40e-01 |     -- |  4.57e+00 |  8.36e+00
 9213504 |  4.74e-05 |     -- |  9.66e-02 |  1.26e-01 |     -- |  3.96e+00 |  5.61e+00
 9222528 |  4.37e-05 |     -- |  8.47e-02 |  1.12e-01 |     -- |  3.96e+00 |  5.60e+00
 9231552 |  7.18e-05 |     -- |  1.39e-01 |  1.87e-01 |     -- |  4.29e+00 |  6.05e+00
 9240576 |  4.66e-05 |     -- |  9.64e-02 |  1.25e-01 |     -- |  4.04e+00 |  5.56e+00
 9249600 |  5.54e-05 |     -- |  1.09e-01 |  1.45e-01 |     -- |  4.07e+00 |  5.85e+00
 9258624 |  1.97e-04 |     -- |  1.95e-01 |  2.94e-01 |     -- |  5.40e+00 |  1.05e+01
 9267648 |  1.37e-04 |     -- |  1.59e-01 |  2.39e-01 |     -- |  5.21e+00 |  8.92e+00
 9276672 |  5.73e-05 |     -- |  9.16e-02 |  1.23e-01 |     -- |  4.12e+00 |  6.49e+00
 9285696 |  5.04e-05 |     -- |  9.19e-02 |  1.22e-01 |     -- |  4.02e+00 |  5.96e+00
 9294720 |  6.76e-05 |     -- |  1.06e-01 |  1.44e-01 |     -- |  4.36e+00 |  6.86e+00
 9303744 |  5.76e-05 |     -- |  1.10e-01 |  1.44e-01 |     -- |  4.07e+00 |  6.08e+00
 9312768 |  9.38e-05 |     -- |  1.38e-01 |  1.90e-01 |     -- |  4.65e+00 |  7.60e+00
 9321792 |  9.26e-05 |     -- |  1.27e-01 |  1.74e-01 |     -- |  4.64e+00 |  7.90e+00
 9330816 |  9.60e-05 |     -- |  1.38e-01 |  1.89e-01 |     -- |  4.68e+00 |  7.77e+00
 9339840 |  5.96e-05 |     -- |  1.04e-01 |  1.36e-01 |     -- |  4.18e+00 |  6.41e+00
 9348864 |  4.19e-05 |     -- |  8.65e-02 |  1.14e-01 |     -- |  3.88e+00 |  5.37e+00
 9357888 |  5.38e-05 |     -- |  1.10e-01 |  1.47e-01 |     -- |  4.02e+00 |  5.66e+00
 9366912 |  6.16e-05 |     -- |  1.18e-01 |  1.57e-01 |     -- |  4.19e+00 |  6.08e+00
 9375936 |  3.89e-04 |     -- |  2.57e-01 |  4.81e-01 |     -- |  6.44e+00 |  1.26e+01
 9384960 |  1.02e-04 |     -- |  9.83e-02 |  1.55e-01 |     -- |  5.77e+00 |  8.81e+00
 9393984 |  4.94e-05 |     -- |  6.98e-02 |  9.82e-02 |     -- |  4.37e+00 |  6.30e+00
 9403008 |  4.28e-05 |     -- |  7.06e-02 |  9.61e-02 |     -- |  4.11e+00 |  5.79e+00
 9412032 |  3.97e-05 |     -- |  6.99e-02 |  9.50e-02 |     -- |  3.98e+00 |  5.54e+00
 9421056 |  4.65e-05 |     -- |  8.02e-02 |  1.07e-01 |     -- |  4.07e+00 |  5.93e+00
 9430080 |  6.10e-05 |     -- |  8.68e-02 |  1.20e-01 |     -- |  4.17e+00 |  6.82e+00
 9439104 |  1.27e-04 |     -- |  1.34e-01 |  2.13e-01 |     -- |  4.92e+00 |  9.05e+00
 9448128 |  5.07e-05 |     -- |  9.98e-02 |  1.32e-01 |     -- |  4.02e+00 |  5.76e+00
 9457152 |  4.49e-05 |     -- |  8.63e-02 |  1.14e-01 |     -- |  3.96e+00 |  5.65e+00
 9466176 |  5.35e-05 |     -- |  1.06e-01 |  1.39e-01 |     -- |  4.13e+00 |  5.86e+00
 9475200 |  6.95e-05 |     -- |  1.36e-01 |  1.74e-01 |     -- |  4.26e+00 |  6.27e+00
 9484224 |  7.40e-05 |     -- |  1.16e-01 |  1.55e-01 |     -- |  4.28e+00 |  7.07e+00
 9493248 |  9.03e-04 |     -- |  3.60e-01 |  7.39e-01 |     -- |  8.81e+00 |  1.89e+01
 9502272 |  7.21e-05 |     -- |  6.41e-02 |  9.43e-02 |     -- |  5.54e+00 |  7.95e+00
 9511296 |  6.32e-05 |     -- |  6.95e-02 |  9.81e-02 |     -- |  4.57e+00 |  7.32e+00
 9520320 |  3.84e-05 |     -- |  5.60e-02 |  7.93e-02 |     -- |  4.14e+00 |  5.67e+00
 9529344 |  3.71e-05 |     -- |  6.34e-02 |  8.79e-02 |     -- |  3.99e+00 |  5.42e+00
 9538368 |  3.75e-05 |     -- |  7.06e-02 |  9.37e-02 |     -- |  3.94e+00 |  5.36e+00
 9547392 |  4.35e-05 |     -- |  8.82e-02 |  1.18e-01 |     -- |  3.98e+00 |  5.45e+00
 9556416 |  4.16e-05 |     -- |  8.20e-02 |  1.09e-01 |     -- |  3.91e+00 |  5.46e+00
 9565440 |  4.37e-05 |     -- |  8.41e-02 |  1.12e-01 |     -- |  3.97e+00 |  5.59e+00
 9574464 |  6.54e-05 |     -- |  1.25e-01 |  1.74e-01 |     -- |  4.18e+00 |  5.94e+00
 9583488 |  5.26e-05 |     -- |  1.10e-01 |  1.47e-01 |     -- |  4.01e+00 |  5.56e+00
 9592512 |  7.91e-05 |     -- |  1.09e-01 |  1.53e-01 |     -- |  4.43e+00 |  7.46e+00
 9601536 |  9.38e-05 |     -- |  1.41e-01 |  1.84e-01 |     -- |  4.88e+00 |  7.73e+00
 9610560 |  1.74e-04 |     -- |  1.60e-01 |  2.26e-01 |     -- |  5.37e+00 |  1.11e+01
 9619584 |  8.80e-05 |     -- |  1.29e-01 |  1.71e-01 |     -- |  4.51e+00 |  7.66e+00
 9628608 |  1.08e-04 |     -- |  1.31e-01 |  1.79e-01 |     -- |  4.74e+00 |  8.69e+00
 9637632 |  9.80e-05 |     -- |  1.16e-01 |  1.60e-01 |     -- |  4.74e+00 |  8.50e+00
 9646656 |  4.84e-05 |     -- |  1.04e-01 |  1.34e-01 |     -- |  3.94e+00 |  5.51e+00
 9655680 |  4.34e-05 |     -- |  9.28e-02 |  1.19e-01 |     -- |  3.89e+00 |  5.41e+00
 9664704 |  5.12e-05 |     -- |  1.09e-01 |  1.44e-01 |     -- |  3.97e+00 |  5.50e+00
 9673728 |  5.30e-05 |     -- |  1.12e-01 |  1.46e-01 |     -- |  4.05e+00 |  5.62e+00
 9682752 |  7.14e-05 |     -- |  1.33e-01 |  1.78e-01 |     -- |  4.34e+00 |  6.30e+00
 9691776 |  4.86e-05 |     -- |  8.96e-02 |  1.21e-01 |     -- |  3.99e+00 |  5.82e+00
 9700800 |  1.07e-04 |     -- |  1.50e-01 |  2.01e-01 |     -- |  4.87e+00 |  8.15e+00
 9709824 |  7.32e-05 |     -- |  1.21e-01 |  1.56e-01 |     -- |  4.27e+00 |  6.99e+00
 9718848 |  1.20e-04 |     -- |  1.44e-01 |  2.26e-01 |     -- |  4.54e+00 |  8.29e+00
 9727872 |  2.12e-04 |     -- |  1.57e-01 |  3.37e-01 |     -- |  5.47e+00 |  9.94e+00
 9736896 |  5.86e-05 |     -- |  8.99e-02 |  1.29e-01 |     -- |  4.13e+00 |  6.47e+00
 9745920 |  5.33e-05 |     -- |  8.38e-02 |  1.16e-01 |     -- |  4.04e+00 |  6.31e+00
 9754944 |  6.58e-05 |     -- |  1.04e-01 |  1.38e-01 |     -- |  4.17e+00 |  6.84e+00
 9763968 |  6.48e-05 |     -- |  9.74e-02 |  1.31e-01 |     -- |  4.14e+00 |  6.90e+00
 9772992 |  5.01e-05 |     -- |  1.08e-01 |  1.38e-01 |     -- |  3.98e+00 |  5.57e+00
 9782016 |  5.56e-05 |     -- |  1.16e-01 |  1.57e-01 |     -- |  4.01e+00 |  5.57e+00
 9791040 |  4.36e-05 |     -- |  8.77e-02 |  1.18e-01 |     -- |  3.89e+00 |  5.45e+00
 9800064 |  5.38e-05 |     -- |  1.09e-01 |  1.47e-01 |     -- |  4.02e+00 |  5.67e+00
 9809088 |  7.39e-05 |     -- |  1.47e-01 |  1.86e-01 |     -- |  4.30e+00 |  6.26e+00
 9818112 |  6.15e-05 |     -- |  1.11e-01 |  1.46e-01 |     -- |  4.10e+00 |  6.34e+00
 9827136 |  1.09e-04 |     -- |  1.50e-01 |  2.02e-01 |     -- |  4.77e+00 |  8.26e+00
 9836160 |  6.45e-05 |     -- |  1.04e-01 |  1.37e-01 |     -- |  4.27e+00 |  6.76e+00
 9845184 |  5.00e-05 |     -- |  1.06e-01 |  1.39e-01 |     -- |  3.91e+00 |  5.53e+00
 9854208 |  5.46e-05 |     -- |  1.16e-01 |  1.49e-01 |     -- |  3.99e+00 |  5.70e+00
 9863232 |  6.22e-05 |     -- |  1.25e-01 |  1.68e-01 |     -- |  4.11e+00 |  5.82e+00
 9872256 |  1.09e-04 |     -- |  1.44e-01 |  2.06e-01 |     -- |  4.94e+00 |  8.17e+00
 9881280 |  6.25e-05 |     -- |  1.09e-01 |  1.44e-01 |     -- |  4.13e+00 |  6.48e+00
 9890304 |  7.03e-05 |     -- |  1.18e-01 |  1.60e-01 |     -- |  4.20e+00 |  6.67e+00
 9899328 |  1.06e-04 |     -- |  1.37e-01 |  1.96e-01 |     -- |  4.72e+00 |  8.23e+00
 9908352 |  9.04e-05 |     -- |  1.35e-01 |  1.78e-01 |     -- |  4.44e+00 |  7.65e+00
 9917376 |  5.25e-05 |     -- |  9.45e-02 |  1.26e-01 |     -- |  3.95e+00 |  6.06e+00
 9926400 |  8.44e-05 |     -- |  1.20e-01 |  1.70e-01 |     -- |  4.30e+00 |  7.45e+00
 9935424 |  1.34e-04 |     -- |  1.52e-01 |  2.04e-01 |     -- |  4.98e+00 |  9.62e+00
 9944448 |  7.58e-05 |     -- |  1.10e-01 |  1.49e-01 |     -- |  4.29e+00 |  7.33e+00
 9953472 |  4.84e-05 |     -- |  9.70e-02 |  1.28e-01 |     -- |  3.82e+00 |  5.67e+00
 9962496 |  7.04e-05 |     -- |  1.16e-01 |  1.53e-01 |     -- |  4.12e+00 |  6.85e+00
 9971520 |  6.45e-05 |     -- |  1.06e-01 |  1.42e-01 |     -- |  4.17e+00 |  6.66e+00
 9980544 |  5.85e-05 |     -- |  1.13e-01 |  1.47e-01 |     -- |  4.08e+00 |  6.06e+00
 9989568 |  6.53e-05 |     -- |  1.16e-01 |  1.50e-01 |     -- |  4.21e+00 |  6.53e+00
 9998592 |  1.02e-04 |     -- |  1.55e-01 |  2.07e-01 |     -- |  4.42e+00 |  7.68e+00
10007616 |  8.07e-05 |     -- |  1.30e-01 |  1.74e-01 |     -- |  4.39e+00 |  7.09e+00
10016640 |  1.03e-03 |     -- |  3.02e-01 |  7.46e-01 |     -- |  1.13e+01 |  2.17e+01
10025664 |  6.59e-05 |     -- |  5.92e-02 |  8.32e-02 |     -- |  5.63e+00 |  7.68e+00
10034688 |  4.62e-05 |     -- |  5.44e-02 |  7.61e-02 |     -- |  4.67e+00 |  6.36e+00
10043712 |  3.98e-05 |     -- |  5.56e-02 |  7.86e-02 |     -- |  4.25e+00 |  5.79e+00
10052736 |  3.88e-05 |     -- |  6.32e-02 |  8.76e-02 |     -- |  4.09e+00 |  5.58e+00
10061760 |  3.93e-05 |     -- |  6.80e-02 |  9.32e-02 |     -- |  3.99e+00 |  5.53e+00
10070784 |  3.82e-05 |     -- |  7.05e-02 |  9.57e-02 |     -- |  3.88e+00 |  5.39e+00
10079808 |  7.29e-05 |     -- |  1.06e-01 |  1.43e-01 |     -- |  4.33e+00 |  7.24e+00
10088832 |  6.03e-05 |     -- |  9.76e-02 |  1.32e-01 |     -- |  4.07e+00 |  6.55e+00
10097856 |  4.38e-05 |     -- |  8.82e-02 |  1.21e-01 |     -- |  3.84e+00 |  5.41e+00
10106880 |  4.86e-05 |     -- |  9.14e-02 |  1.27e-01 |     -- |  3.92e+00 |  5.71e+00
10115904 |  6.19e-05 |     -- |  1.22e-01 |  1.57e-01 |     -- |  4.13e+00 |  6.11e+00
10124928 |  6.07e-05 |     -- |  1.11e-01 |  1.43e-01 |     -- |  4.03e+00 |  6.35e+00
10133952 |  5.72e-05 |     -- |  9.58e-02 |  1.29e-01 |     -- |  4.07e+00 |  6.38e+00
10142976 |  1.03e-04 |     -- |  1.40e-01 |  1.86e-01 |     -- |  4.77e+00 |  8.28e+00
10152000 |  1.39e-04 |     -- |  1.54e-01 |  2.09e-01 |     -- |  4.99e+00 |  9.76e+00
10161024 |  1.40e-04 |     -- |  1.45e-01 |  2.02e-01 |     -- |  4.91e+00 |  9.97e+00
10170048 |  9.38e-05 |     -- |  1.32e-01 |  1.76e-01 |     -- |  4.39e+00 |  7.92e+00
10179072 |  4.91e-05 |     -- |  9.76e-02 |  1.30e-01 |     -- |  3.82e+00 |  5.69e+00
10188096 |  3.78e-05 |     -- |  7.84e-02 |  1.06e-01 |     -- |  3.70e+00 |  5.15e+00
10197120 |  4.13e-05 |     -- |  9.45e-02 |  1.24e-01 |     -- |  3.69e+00 |  5.08e+00
10206144 |  5.86e-05 |     -- |  1.26e-01 |  1.68e-01 |     -- |  3.96e+00 |  5.51e+00
10215168 |  5.21e-05 |     -- |  1.04e-01 |  1.42e-01 |     -- |  3.98e+00 |  5.64e+00
10224192 |  5.95e-05 |     -- |  1.20e-01 |  1.62e-01 |     -- |  4.02e+00 |  5.76e+00
10233216 |  4.44e-05 |     -- |  1.01e-01 |  1.35e-01 |     -- |  3.71e+00 |  5.12e+00
10242240 |  4.86e-05 |     -- |  1.04e-01 |  1.37e-01 |     -- |  3.83e+00 |  5.47e+00
10251264 |  3.64e-04 |     -- |  2.32e-01 |  4.40e-01 |     -- |  7.25e+00 |  1.31e+01
10260288 |  5.70e-05 |     -- |  7.04e-02 |  9.76e-02 |     -- |  4.74e+00 |  6.89e+00
10269312 |  4.83e-05 |     -- |  6.86e-02 |  9.48e-02 |     -- |  4.08e+00 |  6.27e+00
10278336 |  3.82e-05 |     -- |  7.33e-02 |  9.73e-02 |     -- |  3.77e+00 |  5.36e+00
10287360 |  4.27e-05 |     -- |  8.27e-02 |  1.08e-01 |     -- |  3.81e+00 |  5.58e+00
10296384 |  5.52e-05 |     -- |  1.02e-01 |  1.41e-01 |     -- |  3.82e+00 |  5.95e+00
10305408 |  7.46e-05 |     -- |  1.21e-01 |  1.63e-01 |     -- |  4.29e+00 |  6.93e+00
10314432 |  7.96e-05 |     -- |  1.12e-01 |  1.53e-01 |     -- |  4.33e+00 |  7.49e+00
10323456 |  6.59e-05 |     -- |  1.29e-01 |  1.65e-01 |     -- |  4.04e+00 |  6.22e+00
10332480 |  1.25e-04 |     -- |  1.72e-01 |  2.42e-01 |     -- |  4.73e+00 |  8.16e+00
10341504 |  6.72e-05 |     -- |  9.30e-02 |  1.29e-01 |     -- |  4.12e+00 |  7.12e+00
10350528 |  5.01e-05 |     -- |  9.80e-02 |  1.32e-01 |     -- |  3.88e+00 |  5.71e+00
10359552 |  4.32e-05 |     -- |  8.02e-02 |  1.09e-01 |     -- |  3.74e+00 |  5.59e+00
10368576 |  5.06e-05 |     -- |  1.04e-01 |  1.36e-01 |     -- |  3.88e+00 |  5.67e+00
10377600 |  5.24e-05 |     -- |  9.98e-02 |  1.31e-01 |     -- |  3.88e+00 |  5.94e+00
10386624 |  1.34e-04 |     -- |  1.84e-01 |  2.43e-01 |     -- |  4.90e+00 |  8.67e+00
10395648 |  5.99e-05 |     -- |  9.40e-02 |  1.27e-01 |     -- |  4.20e+00 |  6.62e+00
10404672 |  5.22e-05 |     -- |  1.05e-01 |  1.43e-01 |     -- |  3.88e+00 |  5.64e+00
10413696 |  6.80e-05 |     -- |  1.07e-01 |  1.44e-01 |     -- |  4.23e+00 |  6.86e+00
10422720 |  7.00e-05 |     -- |  1.25e-01 |  1.64e-01 |     -- |  4.20e+00 |  6.56e+00
10431744 |  4.03e-05 |     -- |  8.17e-02 |  1.08e-01 |     -- |  3.74e+00 |  5.35e+00
10440768 |  6.06e-05 |     -- |  1.23e-01 |  1.59e-01 |     -- |  3.98e+00 |  5.95e+00
10449792 |  5.31e-05 |     -- |  1.15e-01 |  1.49e-01 |     -- |  3.85e+00 |  5.55e+00
10458816 |  2.32e-04 |     -- |  2.05e-01 |  3.88e-01 |     -- |  5.35e+00 |  9.05e+00
10467840 |  4.30e-05 |     -- |  7.40e-02 |  9.89e-02 |     -- |  3.91e+00 |  5.77e+00
10476864 |  3.73e-05 |     -- |  8.00e-02 |  1.09e-01 |     -- |  3.66e+00 |  5.05e+00
10485888 |  3.66e-05 |     -- |  7.84e-02 |  1.06e-01 |     -- |  3.66e+00 |  5.05e+00
10494912 |  3.47e-05 |     -- |  7.44e-02 |  1.01e-01 |     -- |  3.60e+00 |  4.95e+00
10503936 |  3.86e-05 |     -- |  8.28e-02 |  1.10e-01 |     -- |  3.69e+00 |  5.15e+00
10512960 |  1.51e-04 |     -- |  1.90e-01 |  2.72e-01 |     -- |  5.18e+00 |  8.81e+00
10521984 |  1.00e-04 |     -- |  1.13e-01 |  1.54e-01 |     -- |  4.49e+00 |  8.75e+00
10531008 |  5.24e-05 |     -- |  9.09e-02 |  1.24e-01 |     -- |  3.87e+00 |  6.09e+00
10540032 |  5.94e-05 |     -- |  1.01e-01 |  1.38e-01 |     -- |  4.03e+00 |  6.36e+00
10549056 |  3.67e-05 |     -- |  8.55e-02 |  1.12e-01 |     -- |  3.55e+00 |  4.91e+00
10558080 |  5.50e-05 |     -- |  1.17e-01 |  1.62e-01 |     -- |  3.83e+00 |  5.36e+00
10567104 |  6.21e-05 |     -- |  1.25e-01 |  1.67e-01 |     -- |  3.98e+00 |  5.86e+00
10576128 |  9.22e-05 |     -- |  1.30e-01 |  1.84e-01 |     -- |  4.27e+00 |  7.65e+00
10585152 |  6.40e-05 |     -- |  1.03e-01 |  1.38e-01 |     -- |  4.18e+00 |  6.70e+00
10594176 |  5.79e-05 |     -- |  1.13e-01 |  1.46e-01 |     -- |  3.89e+00 |  6.04e+00
10603200 |  1.40e-04 |     -- |  1.60e-01 |  2.43e-01 |     -- |  4.96e+00 |  9.00e+00
10612224 |  5.62e-04 |     -- |  2.19e-01 |  4.41e-01 |     -- |  1.09e+01 |  1.92e+01
10621248 |  7.29e-05 |     -- |  8.33e-02 |  1.11e-01 |     -- |  5.56e+00 |  7.78e+00
10630272 |  5.80e-05 |     -- |  7.37e-02 |  9.80e-02 |     -- |  4.95e+00 |  6.95e+00
10639296 |  5.58e-05 |     -- |  9.27e-02 |  1.22e-01 |     -- |  4.62e+00 |  6.40e+00
10648320 |  4.64e-05 |     -- |  7.34e-02 |  9.88e-02 |     -- |  4.36e+00 |  6.05e+00
10657344 |  5.30e-05 |     -- |  9.69e-02 |  1.26e-01 |     -- |  4.34e+00 |  6.10e+00
10666368 |  7.05e-05 |     -- |  1.15e-01 |  1.49e-01 |     -- |  4.51e+00 |  6.96e+00
10675392 |  9.90e-05 |     -- |  1.29e-01 |  1.74e-01 |     -- |  4.70e+00 |  8.30e+00
10684416 |  5.01e-05 |     -- |  1.00e-01 |  1.31e-01 |     -- |  4.02e+00 |  5.74e+00
10693440 |  4.70e-05 |     -- |  9.81e-02 |  1.28e-01 |     -- |  3.89e+00 |  5.53e+00
10702464 |  5.15e-05 |     -- |  1.05e-01 |  1.41e-01 |     -- |  3.95e+00 |  5.64e+00
10711488 |  9.31e-05 |     -- |  1.66e-01 |  2.27e-01 |     -- |  4.47e+00 |  6.45e+00
10720512 |  7.83e-05 |     -- |  1.06e-01 |  1.46e-01 |     -- |  4.18e+00 |  7.55e+00
10729536 |  6.17e-05 |     -- |  1.06e-01 |  1.40e-01 |     -- |  4.12e+00 |  6.49e+00
10738560 |  4.56e-05 |     -- |  9.95e-02 |  1.28e-01 |     -- |  3.79e+00 |  5.40e+00
10747584 |  4.97e-05 |     -- |  1.05e-01 |  1.38e-01 |     -- |  3.82e+00 |  5.53e+00
10756608 |  9.53e-05 |     -- |  1.42e-01 |  2.00e-01 |     -- |  4.68e+00 |  7.43e+00
10765632 |  4.72e-05 |     -- |  9.58e-02 |  1.25e-01 |     -- |  3.86e+00 |  5.62e+00
10774656 |  4.56e-05 |     -- |  9.86e-02 |  1.28e-01 |     -- |  3.78e+00 |  5.41e+00
10783680 |  8.93e-05 |     -- |  1.36e-01 |  1.77e-01 |     -- |  4.38e+00 |  7.62e+00
10792704 |  1.08e-04 |     -- |  1.44e-01 |  2.02e-01 |     -- |  4.45e+00 |  8.19e+00
10801728 |  1.02e-04 |     -- |  1.38e-01 |  2.10e-01 |     -- |  4.49e+00 |  7.64e+00
10810752 |  1.15e-04 |     -- |  1.34e-01 |  1.96e-01 |     -- |  4.58e+00 |  8.74e+00
10819776 |  3.92e-05 |     -- |  7.78e-02 |  1.05e-01 |     -- |  3.67e+00 |  5.31e+00
10828800 |  4.10e-05 |     -- |  9.41e-02 |  1.23e-01 |     -- |  3.62e+00 |  5.08e+00
10837824 |  7.87e-05 |     -- |  1.37e-01 |  1.80e-01 |     -- |  4.10e+00 |  6.80e+00
10846848 |  9.10e-05 |     -- |  1.36e-01 |  1.85e-01 |     -- |  4.45e+00 |  7.55e+00
10855872 |  4.30e-05 |     -- |  9.77e-02 |  1.26e-01 |     -- |  3.68e+00 |  5.20e+00
10864896 |  4.00e-05 |     -- |  8.84e-02 |  1.16e-01 |     -- |  3.64e+00 |  5.15e+00
10873920 |  7.89e-05 |     -- |  1.37e-01 |  1.88e-01 |     -- |  4.21e+00 |  6.58e+00
10882944 |  4.72e-05 |     -- |  1.04e-01 |  1.38e-01 |     -- |  3.69e+00 |  5.30e+00
10891968 |  4.53e-05 |     -- |  9.46e-02 |  1.26e-01 |     -- |  3.72e+00 |  5.41e+00
10900992 |  5.48e-05 |     -- |  1.10e-01 |  1.47e-01 |     -- |  3.84e+00 |  5.77e+00
10910016 |  9.70e-05 |     -- |  1.32e-01 |  1.83e-01 |     -- |  4.57e+00 |  7.96e+00
10919040 |  5.75e-04 |     -- |  2.16e-01 |  5.32e-01 |     -- |  9.45e+00 |  1.71e+01
10928064 |  7.20e-05 |     -- |  6.93e-02 |  9.58e-02 |     -- |  5.78e+00 |  7.92e+00
10937088 |  5.30e-05 |     -- |  7.20e-02 |  9.66e-02 |     -- |  4.88e+00 |  6.61e+00
10946112 |  4.35e-05 |     -- |  6.14e-02 |  8.56e-02 |     -- |  4.43e+00 |  6.01e+00
10955136 |  4.52e-05 |     -- |  8.24e-02 |  1.07e-01 |     -- |  4.26e+00 |  5.80e+00
10964160 |  4.39e-05 |     -- |  8.71e-02 |  1.15e-01 |     -- |  4.07e+00 |  5.55e+00
10973184 |  4.15e-05 |     -- |  8.26e-02 |  1.08e-01 |     -- |  3.95e+00 |  5.46e+00
10982208 |  8.93e-05 |     -- |  1.09e-01 |  1.61e-01 |     -- |  4.37e+00 |  7.96e+00
10991232 |  7.60e-05 |     -- |  9.47e-02 |  1.30e-01 |     -- |  4.33e+00 |  7.70e+00
11000256 |  1.02e-04 |     -- |  1.33e-01 |  1.75e-01 |     -- |  4.52e+00 |  8.45e+00
11009280 |  1.08e-04 |     -- |  1.26e-01 |  1.90e-01 |     -- |  4.59e+00 |  8.49e+00
11018304 |  3.94e-05 |     -- |  8.28e-02 |  1.10e-01 |     -- |  3.75e+00 |  5.22e+00
11027328 |  4.23e-05 |     -- |  9.37e-02 |  1.22e-01 |     -- |  3.77e+00 |  5.25e+00
11036352 |  5.41e-05 |     -- |  1.19e-01 |  1.58e-01 |     -- |  3.91e+00 |  5.42e+00
11045376 |  3.95e-05 |     -- |  8.86e-02 |  1.17e-01 |     -- |  3.68e+00 |  5.08e+00
11054400 |  5.30e-05 |     -- |  1.19e-01 |  1.55e-01 |     -- |  3.89e+00 |  5.39e+00
11063424 |  4.26e-05 |     -- |  9.45e-02 |  1.25e-01 |     -- |  3.75e+00 |  5.20e+00
11072448 |  5.74e-05 |     -- |  1.05e-01 |  1.37e-01 |     -- |  4.02e+00 |  6.21e+00
11081472 |  1.22e-04 |     -- |  1.57e-01 |  2.36e-01 |     -- |  4.79e+00 |  8.14e+00
11090496 |  1.14e-04 |     -- |  1.24e-01 |  1.74e-01 |     -- |  4.70e+00 |  9.14e+00
11099520 |  1.12e-04 |     -- |  1.31e-01 |  2.10e-01 |     -- |  4.44e+00 |  8.27e+00
11108544 |  7.87e-05 |     -- |  9.93e-02 |  1.38e-01 |     -- |  4.27e+00 |  7.73e+00
11117568 |  5.52e-05 |     -- |  9.08e-02 |  1.23e-01 |     -- |  3.89e+00 |  6.33e+00
11126592 |  5.14e-05 |     -- |  1.02e-01 |  1.34e-01 |     -- |  3.88e+00 |  5.77e+00
11135616 |  4.22e-05 |     -- |  8.99e-02 |  1.18e-01 |     -- |  3.72e+00 |  5.31e+00
11144640 |  7.29e-05 |     -- |  1.54e-01 |  1.91e-01 |     -- |  4.05e+00 |  6.04e+00
11153664 |  4.49e-05 |     -- |  1.04e-01 |  1.38e-01 |     -- |  3.68e+00 |  5.08e+00
11162688 |  6.12e-05 |     -- |  1.21e-01 |  1.69e-01 |     -- |  3.98e+00 |  5.73e+00
11171712 |  5.09e-05 |     -- |  9.80e-02 |  1.30e-01 |     -- |  3.86e+00 |  5.83e+00
11180736 |  8.18e-05 |     -- |  1.29e-01 |  1.65e-01 |     -- |  4.40e+00 |  7.39e+00
11189760 |  5.23e-05 |     -- |  1.06e-01 |  1.41e-01 |     -- |  3.86e+00 |  5.71e+00
11198784 |  3.74e-05 |     -- |  8.35e-02 |  1.14e-01 |     -- |  3.54e+00 |  4.95e+00
11207808 |  7.27e-05 |     -- |  1.33e-01 |  1.74e-01 |     -- |  4.26e+00 |  6.51e+00
11216832 |  7.92e-05 |     -- |  1.31e-01 |  1.76e-01 |     -- |  4.25e+00 |  6.95e+00
11225856 |  1.07e-04 |     -- |  1.47e-01 |  2.07e-01 |     -- |  4.52e+00 |  8.01e+00
11234880 |  5.72e-05 |     -- |  9.46e-02 |  1.31e-01 |     -- |  3.94e+00 |  6.33e+00
11243904 |  4.89e-05 |     -- |  9.93e-02 |  1.33e-01 |     -- |  3.75e+00 |  5.59e+00
11252928 |  5.62e-05 |     -- |  1.09e-01 |  1.47e-01 |     -- |  3.91e+00 |  5.88e+00
11261952 |  4.33e-05 |     -- |  8.98e-02 |  1.18e-01 |     -- |  3.69e+00 |  5.41e+00
11270976 |  5.73e-05 |     -- |  1.14e-01 |  1.53e-01 |     -- |  3.93e+00 |  5.82e+00
11280000 |  5.02e-04 |     -- |  2.50e-01 |  5.28e-01 |     -- |  7.98e+00 |  1.49e+01
11289024 |  7.88e-05 |     -- |  7.65e-02 |  1.04e-01 |     -- |  5.86e+00 |  8.25e+00
11298048 |  4.65e-05 |     -- |  5.96e-02 |  8.30e-02 |     -- |  4.61e+00 |  6.30e+00
11307072 |  4.03e-05 |     -- |  6.48e-02 |  8.92e-02 |     -- |  4.17e+00 |  5.69e+00
11316096 |  3.84e-05 |     -- |  7.29e-02 |  9.78e-02 |     -- |  3.90e+00 |  5.37e+00
11325120 |  4.13e-05 |     -- |  7.49e-02 |  1.05e-01 |     -- |  3.81e+00 |  5.50e+00
11334144 |  6.60e-05 |     -- |  1.02e-01 |  1.37e-01 |     -- |  4.12e+00 |  6.87e+00
11343168 |  1.50e-04 |     -- |  1.33e-01 |  1.96e-01 |     -- |  4.67e+00 |  1.06e+01
11352192 |  1.42e-04 |     -- |  1.54e-01 |  2.08e-01 |     -- |  5.04e+00 |  9.95e+00
11361216 |  1.07e-04 |     -- |  1.09e-01 |  1.52e-01 |     -- |  4.42e+00 |  9.17e+00
11370240 |  8.61e-05 |     -- |  1.19e-01 |  1.64e-01 |     -- |  4.16e+00 |  7.69e+00
11379264 |  4.71e-05 |     -- |  1.01e-01 |  1.33e-01 |     -- |  3.75e+00 |  5.42e+00
11388288 |  3.79e-05 |     -- |  8.69e-02 |  1.14e-01 |     -- |  3.54e+00 |  4.99e+00
11397312 |  4.77e-05 |     -- |  1.05e-01 |  1.38e-01 |     -- |  3.68e+00 |  5.37e+00
11406336 |  3.89e-05 |     -- |  9.02e-02 |  1.19e-01 |     -- |  3.56e+00 |  4.97e+00
11415360 |  4.70e-05 |     -- |  1.07e-01 |  1.41e-01 |     -- |  3.67e+00 |  5.21e+00
11424384 |  1.08e-04 |     -- |  1.50e-01 |  1.97e-01 |     -- |  4.61e+00 |  8.29e+00
11433408 |  5.76e-05 |     -- |  1.14e-01 |  1.53e-01 |     -- |  3.85e+00 |  5.85e+00
11442432 |  4.09e-05 |     -- |  9.36e-02 |  1.24e-01 |     -- |  3.55e+00 |  5.05e+00
11451456 |  5.09e-05 |     -- |  1.09e-01 |  1.46e-01 |     -- |  3.80e+00 |  5.44e+00
11460480 |  6.66e-05 |     -- |  1.11e-01 |  1.59e-01 |     -- |  3.84e+00 |  6.42e+00
11469504 |  7.94e-05 |     -- |  1.36e-01 |  1.90e-01 |     -- |  4.24e+00 |  6.59e+00
11478528 |  4.48e-05 |     -- |  9.44e-02 |  1.27e-01 |     -- |  3.65e+00 |  5.35e+00
11487552 |  5.95e-05 |     -- |  1.12e-01 |  1.46e-01 |     -- |  3.83e+00 |  6.19e+00
11496576 |  9.14e-05 |     -- |  1.32e-01 |  1.83e-01 |     -- |  4.36e+00 |  7.62e+00
11505600 |  5.63e-05 |     -- |  9.65e-02 |  1.49e-01 |     -- |  3.81e+00 |  5.83e+00
11514624 |  8.14e-05 |     -- |  1.20e-01 |  1.61e-01 |     -- |  4.35e+00 |  7.45e+00
11523648 |  1.11e-04 |     -- |  1.33e-01 |  1.96e-01 |     -- |  4.46e+00 |  8.52e+00
11532672 |  1.38e-04 |     -- |  1.41e-01 |  2.59e-01 |     -- |  4.39e+00 |  8.43e+00
11541696 |  3.09e-05 |     -- |  7.04e-02 |  9.63e-02 |     -- |  3.36e+00 |  4.65e+00
11550720 |  3.46e-05 |     -- |  7.95e-02 |  1.09e-01 |     -- |  3.42e+00 |  4.76e+00
11559744 |  3.65e-05 |     -- |  8.69e-02 |  1.15e-01 |     -- |  3.47e+00 |  4.82e+00
11568768 |  3.61e-05 |     -- |  8.70e-02 |  1.15e-01 |     -- |  3.47e+00 |  4.80e+00
11577792 |  5.04e-05 |     -- |  1.18e-01 |  1.53e-01 |     -- |  3.70e+00 |  5.20e+00
11586816 |  6.87e-05 |     -- |  1.25e-01 |  1.72e-01 |     -- |  4.00e+00 |  6.25e+00
11595840 |  4.32e-05 |     -- |  8.92e-02 |  1.18e-01 |     -- |  3.66e+00 |  5.42e+00
11604864 |  5.44e-05 |     -- |  1.08e-01 |  1.44e-01 |     -- |  3.74e+00 |  5.80e+00
11613888 |  6.65e-04 |     -- |  2.50e-01 |  6.17e-01 |     -- |  6.76e+00 |  1.69e+01
11622912 |  2.60e-04 |     -- |  1.17e-01 |  2.08e-01 |     -- |  9.86e+00 |  1.47e+01
11631936 |  8.11e-05 |     -- |  6.01e-02 |  8.36e-02 |     -- |  6.30e+00 |  8.61e+00
11640960 |  6.16e-05 |     -- |  6.28e-02 |  8.64e-02 |     -- |  5.41e+00 |  7.36e+00
11649984 |  5.33e-05 |     -- |  6.31e-02 |  8.77e-02 |     -- |  4.92e+00 |  6.75e+00
11659008 |  5.53e-05 |     -- |  9.57e-02 |  1.22e-01 |     -- |  4.59e+00 |  6.35e+00
11668032 |  5.25e-05 |     -- |  8.74e-02 |  1.16e-01 |     -- |  4.43e+00 |  6.25e+00
11677056 |  4.43e-05 |     -- |  8.20e-02 |  1.07e-01 |     -- |  4.21e+00 |  5.74e+00
11686080 |  4.64e-05 |     -- |  9.00e-02 |  1.24e-01 |     -- |  4.10e+00 |  5.58e+00
11695104 |  6.10e-05 |     -- |  1.18e-01 |  1.54e-01 |     -- |  4.21e+00 |  6.12e+00
11704128 |  8.66e-05 |     -- |  1.31e-01 |  1.85e-01 |     -- |  4.45e+00 |  7.22e+00
11713152 |  7.49e-05 |     -- |  1.19e-01 |  1.57e-01 |     -- |  4.38e+00 |  7.09e+00
11722176 |  1.30e-04 |     -- |  1.38e-01 |  2.19e-01 |     -- |  4.77e+00 |  9.07e+00
11731200 |  1.07e-04 |     -- |  1.10e-01 |  1.64e-01 |     -- |  4.54e+00 |  8.95e+00
11740224 |  5.27e-05 |     -- |  9.35e-02 |  1.26e-01 |     -- |  3.80e+00 |  6.06e+00
11749248 |  8.16e-05 |     -- |  1.06e-01 |  1.44e-01 |     -- |  4.32e+00 |  7.80e+00
11758272 |  6.90e-05 |     -- |  1.15e-01 |  1.60e-01 |     -- |  4.09e+00 |  6.59e+00
11767296 |  3.82e-05 |     -- |  8.40e-02 |  1.11e-01 |     -- |  3.58e+00 |  5.10e+00
11776320 |  4.36e-05 |     -- |  1.01e-01 |  1.37e-01 |     -- |  3.58e+00 |  4.97e+00
11785344 |  4.78e-05 |     -- |  1.13e-01 |  1.45e-01 |     -- |  3.71e+00 |  5.16e+00
11794368 |  5.00e-05 |     -- |  1.14e-01 |  1.52e-01 |     -- |  3.72e+00 |  5.19e+00
11803392 |  5.28e-05 |     -- |  1.15e-01 |  1.49e-01 |     -- |  3.83e+00 |  5.53e+00
11812416 |  1.06e-04 |     -- |  1.43e-01 |  1.89e-01 |     -- |  4.50e+00 |  8.37e+00
11821440 |  1.40e-04 |     -- |  1.53e-01 |  2.20e-01 |     -- |  4.86e+00 |  9.60e+00
11830464 |  4.38e-05 |     -- |  7.98e-02 |  1.07e-01 |     -- |  3.68e+00 |  5.69e+00
11839488 |  4.40e-05 |     -- |  9.82e-02 |  1.29e-01 |     -- |  3.60e+00 |  5.23e+00
11848512 |  6.99e-05 |     -- |  1.30e-01 |  1.83e-01 |     -- |  3.97e+00 |  6.02e+00
11857536 |  4.37e-05 |     -- |  8.09e-02 |  1.11e-01 |     -- |  3.61e+00 |  5.60e+00
11866560 |  5.04e-05 |     -- |  1.08e-01 |  1.49e-01 |     -- |  3.71e+00 |  5.31e+00
11875584 |  4.17e-05 |     -- |  8.82e-02 |  1.22e-01 |     -- |  3.68e+00 |  5.19e+00
11884608 |  5.44e-05 |     -- |  1.09e-01 |  1.44e-01 |     -- |  3.81e+00 |  5.79e+00
11893632 |  1.48e-04 |     -- |  1.74e-01 |  2.72e-01 |     -- |  4.75e+00 |  8.58e+00
11902656 |  3.97e-05 |     -- |  7.48e-02 |  1.01e-01 |     -- |  3.59e+00 |  5.43e+00
11911680 |  3.86e-05 |     -- |  8.27e-02 |  1.12e-01 |     -- |  3.46e+00 |  5.10e+00
11920704 |  5.31e-05 |     -- |  9.67e-02 |  1.29e-01 |     -- |  3.92e+00 |  6.04e+00
11929728 |  9.01e-05 |     -- |  1.28e-01 |  1.84e-01 |     -- |  4.24e+00 |  7.50e+00
11938752 |  1.15e-04 |     -- |  1.56e-01 |  2.07e-01 |     -- |  4.69e+00 |  8.49e+00
11947776 |  7.02e-05 |     -- |  1.05e-01 |  1.42e-01 |     -- |  4.04e+00 |  7.08e+00
11956800 |  1.06e-04 |     -- |  1.38e-01 |  1.96e-01 |     -- |  4.38e+00 |  8.21e+00
11965824 |  3.93e-05 |     -- |  8.38e-02 |  1.12e-01 |     -- |  3.49e+00 |  5.18e+00
11974848 |  3.16e-05 |     -- |  7.32e-02 |  9.94e-02 |     -- |  3.34e+00 |  4.66e+00
11983872 |  5.16e-05 |     -- |  1.11e-01 |  1.48e-01 |     -- |  3.66e+00 |  5.46e+00
11992896 |  5.82e-05 |     -- |  1.06e-01 |  1.42e-01 |     -- |  3.85e+00 |  6.17e+00
12001920 |  3.95e-05 |     -- |  9.04e-02 |  1.19e-01 |     -- |  3.45e+00 |  5.04e+00
12010944 |  4.81e-05 |     -- |  1.08e-01 |  1.43e-01 |     -- |  3.67e+00 |  5.25e+00
12019968 |  4.73e-05 |     -- |  1.06e-01 |  1.43e-01 |     -- |  3.68e+00 |  5.19e+00
12028992 |  4.45e-05 |     -- |  1.03e-01 |  1.35e-01 |     -- |  3.58e+00 |  5.13e+00
12038016 |  5.20e-05 |     -- |  1.20e-01 |  1.55e-01 |     -- |  3.67e+00 |  5.28e+00
12047040 |  5.77e-05 |     -- |  1.34e-01 |  1.67e-01 |     -- |  3.81e+00 |  5.46e+00
12056064 |  2.13e-04 |     -- |  1.44e-01 |  3.90e-01 |     -- |  4.06e+00 |  7.76e+00
12065088 |  5.20e-04 |     -- |  1.69e-01 |  4.24e-01 |     -- |  1.04e+01 |  1.84e+01
12074112 |  6.03e-05 |     -- |  7.15e-02 |  9.68e-02 |     -- |  4.96e+00 |  7.14e+00
12083136 |  4.29e-05 |     -- |  6.81e-02 |  9.29e-02 |     -- |  4.20e+00 |  5.85e+00
12092160 |  3.87e-05 |     -- |  7.26e-02 |  9.96e-02 |     -- |  3.90e+00 |  5.36e+00
12101184 |  3.65e-05 |     -- |  7.53e-02 |  1.00e-01 |     -- |  3.72e+00 |  5.14e+00
12110208 |  3.50e-05 |     -- |  7.80e-02 |  1.03e-01 |     -- |  3.59e+00 |  4.94e+00
12119232 |  6.52e-05 |     -- |  1.18e-01 |  1.56e-01 |     -- |  3.90e+00 |  6.39e+00
12128256 |  1.08e-04 |     -- |  1.27e-01 |  1.78e-01 |     -- |  4.57e+00 |  8.76e+00
12137280 |  1.50e-04 |     -- |  1.38e-01 |  2.13e-01 |     -- |  4.78e+00 |  1.02e+01
12146304 |  7.10e-05 |     -- |  1.11e-01 |  1.50e-01 |     -- |  3.85e+00 |  6.97e+00
12155328 |  7.38e-05 |     -- |  9.48e-02 |  1.34e-01 |     -- |  4.00e+00 |  7.48e+00
12164352 |  5.58e-05 |     -- |  8.97e-02 |  1.22e-01 |     -- |  3.88e+00 |  6.39e+00
12173376 |  3.38e-05 |     -- |  7.70e-02 |  1.03e-01 |     -- |  3.41e+00 |  4.82e+00
12182400 |  4.23e-05 |     -- |  1.06e-01 |  1.38e-01 |     -- |  3.45e+00 |  4.83e+00
12191424 |  4.11e-05 |     -- |  1.02e-01 |  1.30e-01 |     -- |  3.47e+00 |  4.93e+00
12200448 |  4.97e-05 |     -- |  1.12e-01 |  1.50e-01 |     -- |  3.71e+00 |  5.21e+00
12209472 |  8.82e-05 |     -- |  1.61e-01 |  2.10e-01 |     -- |  4.26e+00 |  6.65e+00
12218496 |  5.13e-05 |     -- |  1.01e-01 |  1.38e-01 |     -- |  3.61e+00 |  5.68e+00
12227520 |  6.04e-05 |     -- |  9.66e-02 |  1.35e-01 |     -- |  3.87e+00 |  6.49e+00
12236544 |  3.81e-05 |     -- |  8.73e-02 |  1.15e-01 |     -- |  3.49e+00 |  5.00e+00
12245568 |  4.45e-05 |     -- |  1.00e-01 |  1.31e-01 |     -- |  3.60e+00 |  5.23e+00
12254592 |  6.15e-05 |     -- |  1.41e-01 |  1.76e-01 |     -- |  3.81e+00 |  5.54e+00
12263616 |  4.23e-05 |     -- |  8.62e-02 |  1.13e-01 |     -- |  3.55e+00 |  5.43e+00
12272640 |  2.13e-04 |     -- |  1.94e-01 |  3.61e-01 |     -- |  5.37e+00 |  9.12e+00
12281664 |  3.91e-05 |     -- |  6.90e-02 |  9.68e-02 |     -- |  3.55e+00 |  5.45e+00
12290688 |  3.40e-05 |     -- |  7.38e-02 |  1.01e-01 |     -- |  3.37e+00 |  4.88e+00
12299712 |  3.15e-05 |     -- |  7.07e-02 |  9.62e-02 |     -- |  3.32e+00 |  4.71e+00
12308736 |  2.92e-05 |     -- |  6.55e-02 |  8.86e-02 |     -- |  3.29e+00 |  4.62e+00
12317760 |  4.14e-05 |     -- |  8.95e-02 |  1.17e-01 |     -- |  3.51e+00 |  5.27e+00
12326784 |  8.80e-05 |     -- |  1.36e-01 |  1.83e-01 |     -- |  4.31e+00 |  7.39e+00
12335808 |  8.55e-05 |     -- |  1.11e-01 |  1.60e-01 |     -- |  4.42e+00 |  7.74e+00
12344832 |  7.12e-05 |     -- |  1.29e-01 |  1.69e-01 |     -- |  4.05e+00 |  6.53e+00
12353856 |  1.38e-04 |     -- |  1.60e-01 |  2.27e-01 |     -- |  4.52e+00 |  9.31e+00
12362880 |  8.03e-05 |     -- |  1.04e-01 |  1.45e-01 |     -- |  4.29e+00 |  7.70e+00
12371904 |  6.48e-05 |     -- |  1.06e-01 |  1.47e-01 |     -- |  3.79e+00 |  6.58e+00
12380928 |  4.80e-05 |     -- |  8.80e-02 |  1.17e-01 |     -- |  3.69e+00 |  5.86e+00
12389952 |  5.28e-05 |     -- |  1.03e-01 |  1.35e-01 |     -- |  3.67e+00 |  5.89e+00
12398976 |  4.46e-05 |     -- |  1.01e-01 |  1.32e-01 |     -- |  3.56e+00 |  5.22e+00
12408000 |  5.30e-05 |     -- |  1.16e-01 |  1.61e-01 |     -- |  3.58e+00 |  5.19e+00
12417024 |  4.45e-05 |     -- |  9.43e-02 |  1.26e-01 |     -- |  3.64e+00 |  5.35e+00
12426048 |  3.83e-05 |     -- |  9.30e-02 |  1.24e-01 |     -- |  3.42e+00 |  4.77e+00
12435072 |  6.80e-05 |     -- |  1.32e-01 |  1.83e-01 |     -- |  3.90e+00 |  5.88e+00
12444096 |  7.82e-05 |     -- |  1.16e-01 |  1.65e-01 |     -- |  4.06e+00 |  7.14e+00
12453120 |  7.87e-05 |     -- |  1.23e-01 |  1.78e-01 |     -- |  3.99e+00 |  6.86e+00
12462144 |  1.00e-04 |     -- |  1.39e-01 |  1.86e-01 |     -- |  4.16e+00 |  8.11e+00
12471168 |  4.86e-05 |     -- |  9.81e-02 |  1.40e-01 |     -- |  3.53e+00 |  5.39e+00
12480192 |  6.76e-05 |     -- |  1.23e-01 |  1.78e-01 |     -- |  3.97e+00 |  6.01e+00
12489216 |  3.75e-05 |     -- |  7.66e-02 |  1.04e-01 |     -- |  3.44e+00 |  5.17e+00
12498240 |  5.62e-05 |     -- |  1.10e-01 |  1.46e-01 |     -- |  3.70e+00 |  5.90e+00
12507264 |  3.28e-04 |     -- |  2.09e-01 |  3.95e-01 |     -- |  6.29e+00 |  1.31e+01
12516288 |  6.43e-05 |     -- |  7.53e-02 |  1.10e-01 |     -- |  5.07e+00 |  7.23e+00
12525312 |  3.93e-05 |     -- |  7.52e-02 |  1.02e-01 |     -- |  3.89e+00 |  5.37e+00
12534336 |  3.77e-05 |     -- |  7.73e-02 |  1.03e-01 |     -- |  3.62e+00 |  5.22e+00
12543360 |  4.49e-05 |     -- |  8.23e-02 |  1.09e-01 |     -- |  3.63e+00 |  5.75e+00
12552384 |  5.05e-05 |     -- |  1.02e-01 |  1.34e-01 |     -- |  3.61e+00 |  5.70e+00
12561408 |  4.25e-05 |     -- |  9.28e-02 |  1.22e-01 |     -- |  3.52e+00 |  5.26e+00
12570432 |  3.97e-05 |     -- |  9.15e-02 |  1.22e-01 |     -- |  3.42e+00 |  4.97e+00
12579456 |  4.61e-05 |     -- |  1.13e-01 |  1.45e-01 |     -- |  3.54e+00 |  5.02e+00
12588480 |  4.68e-05 |     -- |  1.02e-01 |  1.31e-01 |     -- |  3.56e+00 |  5.45e+00
12597504 |  5.22e-05 |     -- |  1.09e-01 |  1.45e-01 |     -- |  3.67e+00 |  5.58e+00
12606528 |  1.41e-04 |     -- |  1.55e-01 |  2.12e-01 |     -- |  4.87e+00 |  9.79e+00
12615552 |  4.76e-05 |     -- |  8.59e-02 |  1.18e-01 |     -- |  3.60e+00 |  5.79e+00
12624576 |  4.42e-05 |     -- |  1.05e-01 |  1.36e-01 |     -- |  3.50e+00 |  5.06e+00
12633600 |  3.41e-05 |     -- |  8.40e-02 |  1.14e-01 |     -- |  3.28e+00 |  4.60e+00
12642624 |  4.78e-05 |     -- |  1.13e-01 |  1.47e-01 |     -- |  3.53e+00 |  5.12e+00
12651648 |  5.90e-05 |     -- |  1.07e-01 |  1.65e-01 |     -- |  3.74e+00 |  5.63e+00
12660672 |  3.48e-05 |     -- |  8.82e-02 |  1.16e-01 |     -- |  3.30e+00 |  4.63e+00
12669696 |  4.36e-05 |     -- |  1.02e-01 |  1.38e-01 |     -- |  3.49e+00 |  4.96e+00
12678720 |  7.62e-05 |     -- |  1.38e-01 |  1.78e-01 |     -- |  4.04e+00 |  6.67e+00
12687744 |  2.97e-04 |     -- |  2.14e-01 |  3.67e-01 |     -- |  6.09e+00 |  1.27e+01
12696768 |  4.24e-05 |     -- |  6.26e-02 |  8.78e-02 |     -- |  3.89e+00 |  5.89e+00
12705792 |  3.84e-05 |     -- |  7.30e-02 |  1.01e-01 |     -- |  3.58e+00 |  5.31e+00
12714816 |  4.71e-05 |     -- |  8.86e-02 |  1.18e-01 |     -- |  3.56e+00 |  5.76e+00
12723840 |  3.79e-05 |     -- |  8.42e-02 |  1.11e-01 |     -- |  3.45e+00 |  5.07e+00
12732864 |  3.31e-05 |     -- |  7.96e-02 |  1.05e-01 |     -- |  3.36e+00 |  4.69e+00
12741888 |  3.87e-05 |     -- |  9.64e-02 |  1.24e-01 |     -- |  3.39e+00 |  4.82e+00
12750912 |  4.31e-05 |     -- |  1.03e-01 |  1.33e-01 |     -- |  3.49e+00 |  5.03e+00
12759936 |  4.01e-05 |     -- |  1.01e-01 |  1.32e-01 |     -- |  3.43e+00 |  4.76e+00
12768960 |  4.32e-05 |     -- |  1.02e-01 |  1.35e-01 |     -- |  3.54e+00 |  4.99e+00
12777984 |  3.55e-05 |     -- |  8.59e-02 |  1.13e-01 |     -- |  3.38e+00 |  4.76e+00
12787008 |  7.37e-05 |     -- |  1.33e-01 |  1.73e-01 |     -- |  4.04e+00 |  6.63e+00
12796032 |  1.70e-04 |     -- |  1.86e-01 |  2.76e-01 |     -- |  5.20e+00 |  9.69e+00
12805056 |  3.54e-05 |     -- |  8.53e-02 |  1.13e-01 |     -- |  3.30e+00 |  4.75e+00
12814080 |  7.90e-05 |     -- |  9.64e-02 |  1.54e-01 |     -- |  3.79e+00 |  7.44e+00
12823104 |  8.04e-05 |     -- |  1.25e-01 |  1.66e-01 |     -- |  3.92e+00 |  7.28e+00
12832128 |  6.98e-05 |     -- |  1.14e-01 |  1.55e-01 |     -- |  3.89e+00 |  6.76e+00
12841152 |  4.36e-05 |     -- |  9.54e-02 |  1.26e-01 |     -- |  3.46e+00 |  5.27e+00
12850176 |  5.63e-05 |     -- |  1.04e-01 |  1.39e-01 |     -- |  3.73e+00 |  6.08e+00
12859200 |  6.90e-05 |     -- |  1.07e-01 |  1.41e-01 |     -- |  3.90e+00 |  7.01e+00
12868224 |  6.18e-05 |     -- |  1.04e-01 |  1.39e-01 |     -- |  3.78e+00 |  6.51e+00
12877248 |  4.63e-05 |     -- |  1.16e-01 |  1.50e-01 |     -- |  3.46e+00 |  4.88e+00
12886272 |  3.67e-05 |     -- |  9.58e-02 |  1.24e-01 |     -- |  3.27e+00 |  4.62e+00
12895296 |  4.78e-05 |     -- |  1.12e-01 |  1.54e-01 |     -- |  3.48e+00 |  4.92e+00
12904320 |  3.51e-05 |     -- |  8.76e-02 |  1.18e-01 |     -- |  3.31e+00 |  4.61e+00
12913344 |  4.67e-05 |     -- |  1.09e-01 |  1.48e-01 |     -- |  3.43e+00 |  4.99e+00
12922368 |  4.26e-05 |     -- |  1.02e-01 |  1.32e-01 |     -- |  3.49e+00 |  5.03e+00
12931392 |  4.29e-05 |     -- |  1.05e-01 |  1.40e-01 |     -- |  3.44e+00 |  4.84e+00
12940416 |  5.68e-05 |     -- |  1.06e-01 |  1.39e-01 |     -- |  3.86e+00 |  6.13e+00
12949440 |  3.04e-04 |     -- |  1.93e-01 |  4.32e-01 |     -- |  6.21e+00 |  1.08e+01
12958464 |  2.92e-05 |     -- |  5.69e-02 |  8.04e-02 |     -- |  3.48e+00 |  4.77e+00
12967488 |  2.87e-05 |     -- |  5.85e-02 |  8.18e-02 |     -- |  3.30e+00 |  4.69e+00
12976512 |  2.94e-05 |     -- |  6.93e-02 |  9.27e-02 |     -- |  3.25e+00 |  4.56e+00
12985536 |  2.61e-05 |     -- |  5.45e-02 |  7.72e-02 |     -- |  3.22e+00 |  4.49e+00
12994560 |  3.01e-05 |     -- |  7.16e-02 |  9.65e-02 |     -- |  3.23e+00 |  4.56e+00
13003584 |  5.11e-05 |     -- |  1.05e-01 |  1.39e-01 |     -- |  3.68e+00 |  5.64e+00
13012608 |  1.09e-04 |     -- |  1.37e-01 |  1.88e-01 |     -- |  4.46e+00 |  8.55e+00
13021632 |  9.15e-05 |     -- |  1.16e-01 |  1.55e-01 |     -- |  4.26e+00 |  8.22e+00
13030656 |  8.81e-05 |     -- |  1.16e-01 |  1.61e-01 |     -- |  3.98e+00 |  7.89e+00
13039680 |  3.16e-04 |     -- |  2.14e-01 |  4.19e-01 |     -- |  5.19e+00 |  1.19e+01
13048704 |  1.48e-04 |     -- |  1.08e-01 |  1.56e-01 |     -- |  5.19e+00 |  1.11e+01
13057728 |  5.79e-05 |     -- |  7.25e-02 |  1.05e-01 |     -- |  3.83e+00 |  6.85e+00
13066752 |  4.32e-05 |     -- |  7.44e-02 |  1.03e-01 |     -- |  3.47e+00 |  5.71e+00
13075776 |  2.90e-05 |     -- |  6.31e-02 |  8.60e-02 |     -- |  3.22e+00 |  4.65e+00
13084800 |  3.12e-05 |     -- |  6.97e-02 |  9.50e-02 |     -- |  3.27e+00 |  4.71e+00
13093824 |  4.05e-05 |     -- |  9.38e-02 |  1.29e-01 |     -- |  3.35e+00 |  4.88e+00
13102848 |  3.86e-05 |     -- |  9.61e-02 |  1.25e-01 |     -- |  3.34e+00 |  4.78e+00
13111872 |  4.06e-05 |     -- |  7.84e-02 |  1.11e-01 |     -- |  3.42e+00 |  5.32e+00
13120896 |  6.18e-05 |     -- |  1.25e-01 |  1.59e-01 |     -- |  3.69e+00 |  6.04e+00
13129920 |  8.92e-05 |     -- |  1.39e-01 |  1.89e-01 |     -- |  4.11e+00 |  7.30e+00
13138944 |  4.70e-05 |     -- |  9.05e-02 |  1.24e-01 |     -- |  3.49e+00 |  5.62e+00
13147968 |  4.17e-05 |     -- |  8.56e-02 |  1.15e-01 |     -- |  3.44e+00 |  5.34e+00
13156992 |  5.54e-05 |     -- |  1.21e-01 |  1.55e-01 |     -- |  3.65e+00 |  5.62e+00
13166016 |  3.80e-05 |     -- |  8.82e-02 |  1.16e-01 |     -- |  3.36e+00 |  4.95e+00
13175040 |  5.57e-05 |     -- |  1.03e-01 |  1.38e-01 |     -- |  3.77e+00 |  6.05e+00
13184064 |  5.82e-05 |     -- |  1.26e-01 |  1.62e-01 |     -- |  3.73e+00 |  5.66e+00
13193088 |  5.08e-05 |     -- |  1.05e-01 |  1.40e-01 |     -- |  3.62e+00 |  5.60e+00
13202112 |  1.24e-04 |     -- |  1.56e-01 |  2.19e-01 |     -- |  4.47e+00 |  8.70e+00
13211136 |  1.09e-04 |     -- |  1.33e-01 |  2.01e-01 |     -- |  4.58e+00 |  8.32e+00
13220160 |  7.07e-05 |     -- |  1.15e-01 |  1.53e-01 |     -- |  3.92e+00 |  6.88e+00
13229184 |  3.68e-05 |     -- |  9.17e-02 |  1.20e-01 |     -- |  3.29e+00 |  4.74e+00
13238208 |  4.17e-05 |     -- |  9.40e-02 |  1.25e-01 |     -- |  3.35e+00 |  5.12e+00
13247232 |  8.15e-05 |     -- |  1.41e-01 |  1.86e-01 |     -- |  4.04e+00 |  6.86e+00
13256256 |  4.50e-05 |     -- |  8.61e-02 |  1.17e-01 |     -- |  3.43e+00 |  5.59e+00
13265280 |  6.01e-05 |     -- |  1.13e-01 |  1.60e-01 |     -- |  3.66e+00 |  5.88e+00
13274304 |  8.00e-05 |     -- |  1.16e-01 |  1.67e-01 |     -- |  4.04e+00 |  7.21e+00
13283328 |  5.55e-05 |     -- |  1.05e-01 |  1.42e-01 |     -- |  3.74e+00 |  5.96e+00
13292352 |  3.56e-05 |     -- |  8.11e-02 |  1.11e-01 |     -- |  3.32e+00 |  4.82e+00
13301376 |  4.55e-05 |     -- |  9.44e-02 |  1.24e-01 |     -- |  3.41e+00 |  5.49e+00
13310400 |  5.95e-05 |     -- |  1.22e-01 |  1.61e-01 |     -- |  3.75e+00 |  5.79e+00
13319424 |  3.20e-05 |     -- |  8.01e-02 |  1.07e-01 |     -- |  3.21e+00 |  4.54e+00
13328448 |  4.81e-05 |     -- |  9.66e-02 |  1.28e-01 |     -- |  3.63e+00 |  5.63e+00
13337472 |  5.14e-05 |     -- |  1.16e-01 |  1.56e-01 |     -- |  3.48e+00 |  5.20e+00
13346496 |  4.82e-05 |     -- |  1.14e-01 |  1.52e-01 |     -- |  3.48e+00 |  5.02e+00
13355520 |  1.48e-04 |     -- |  1.78e-01 |  2.87e-01 |     -- |  4.70e+00 |  8.09e+00
13364544 |  5.66e-05 |     -- |  9.84e-02 |  1.32e-01 |     -- |  3.98e+00 |  6.27e+00
13373568 |  3.05e-05 |     -- |  6.26e-02 |  8.66e-02 |     -- |  3.28e+00 |  4.80e+00
13382592 |  4.34e-05 |     -- |  8.72e-02 |  1.16e-01 |     -- |  3.46e+00 |  5.47e+00
13391616 |  3.20e-05 |     -- |  7.52e-02 |  1.03e-01 |     -- |  3.24e+00 |  4.63e+00
13400640 |  3.28e-05 |     -- |  8.51e-02 |  1.12e-01 |     -- |  3.23e+00 |  4.49e+00
13409664 |  7.12e-05 |     -- |  1.34e-01 |  1.77e-01 |     -- |  3.86e+00 |  6.32e+00
13418688 |  9.67e-05 |     -- |  1.34e-01 |  1.85e-01 |     -- |  4.19e+00 |  7.91e+00
13427712 |  6.03e-05 |     -- |  9.79e-02 |  1.35e-01 |     -- |  3.69e+00 |  6.48e+00
13436736 |  5.65e-05 |     -- |  1.06e-01 |  1.39e-01 |     -- |  3.55e+00 |  6.09e+00
13445760 |  4.70e-05 |     -- |  1.00e-01 |  1.34e-01 |     -- |  3.50e+00 |  5.38e+00
13454784 |  4.79e-05 |     -- |  1.03e-01 |  1.36e-01 |     -- |  3.46e+00 |  5.43e+00
13463808 |  7.29e-05 |     -- |  1.14e-01 |  1.49e-01 |     -- |  3.95e+00 |  7.12e+00
13472832 |  4.88e-05 |     -- |  1.15e-01 |  1.47e-01 |     -- |  3.53e+00 |  5.21e+00
13481856 |  4.05e-05 |     -- |  9.41e-02 |  1.24e-01 |     -- |  3.41e+00 |  5.01e+00
13490880 |  5.71e-05 |     -- |  1.21e-01 |  1.62e-01 |     -- |  3.64e+00 |  5.56e+00
13499904 |  3.41e-05 |     -- |  8.21e-02 |  1.08e-01 |     -- |  3.30e+00 |  4.73e+00
13508928 |  3.65e-05 |     -- |  9.22e-02 |  1.19e-01 |     -- |  3.30e+00 |  4.72e+00
13517952 |  3.03e-04 |     -- |  1.78e-01 |  3.58e-01 |     -- |  6.64e+00 |  1.32e+01
13526976 |  5.49e-05 |     -- |  7.15e-02 |  9.73e-02 |     -- |  4.59e+00 |  6.74e+00
13536000 |  3.61e-05 |     -- |  7.65e-02 |  1.01e-01 |     -- |  3.71e+00 |  5.09e+00
13545024 |  3.86e-05 |     -- |  9.24e-02 |  1.21e-01 |     -- |  3.57e+00 |  4.91e+00
13554048 |  3.48e-05 |     -- |  8.64e-02 |  1.13e-01 |     -- |  3.43e+00 |  4.70e+00
13563072 |  3.72e-05 |     -- |  9.03e-02 |  1.24e-01 |     -- |  3.42e+00 |  4.68e+00
13572096 |  3.16e-05 |     -- |  7.70e-02 |  1.03e-01 |     -- |  3.29e+00 |  4.59e+00
13581120 |  6.01e-05 |     -- |  1.12e-01 |  1.53e-01 |     -- |  3.66e+00 |  6.07e+00
13590144 |  6.03e-05 |     -- |  9.46e-02 |  1.29e-01 |     -- |  3.83e+00 |  6.61e+00
13599168 |  8.60e-05 |     -- |  1.25e-01 |  1.74e-01 |     -- |  4.11e+00 |  7.47e+00
13608192 |  4.86e-05 |     -- |  9.39e-02 |  1.23e-01 |     -- |  3.56e+00 |  5.80e+00
13617216 |  5.41e-05 |     -- |  9.90e-02 |  1.38e-01 |     -- |  3.56e+00 |  5.91e+00
13626240 |  4.67e-05 |     -- |  9.70e-02 |  1.30e-01 |     -- |  3.52e+00 |  5.46e+00
13635264 |  3.74e-05 |     -- |  8.93e-02 |  1.19e-01 |     -- |  3.34e+00 |  4.83e+00
13644288 |  4.86e-05 |     -- |  1.21e-01 |  1.54e-01 |     -- |  3.48e+00 |  4.99e+00
13653312 |  5.13e-05 |     -- |  1.05e-01 |  1.36e-01 |     -- |  3.55e+00 |  5.71e+00
13662336 |  4.88e-05 |     -- |  1.12e-01 |  1.48e-01 |     -- |  3.51e+00 |  5.18e+00
13671360 |  1.00e-04 |     -- |  1.50e-01 |  2.21e-01 |     -- |  3.99e+00 |  7.16e+00
13680384 |  7.59e-05 |     -- |  1.12e-01 |  1.61e-01 |     -- |  4.11e+00 |  7.06e+00
13689408 |  4.07e-05 |     -- |  8.07e-02 |  1.08e-01 |     -- |  3.40e+00 |  5.39e+00
13698432 |  4.19e-05 |     -- |  8.90e-02 |  1.17e-01 |     -- |  3.39e+00 |  5.32e+00
13707456 |  4.39e-05 |     -- |  1.03e-01 |  1.35e-01 |     -- |  3.40e+00 |  5.06e+00
13716480 |  4.15e-05 |     -- |  9.42e-02 |  1.28e-01 |     -- |  3.37e+00 |  5.00e+00
13725504 |  4.86e-05 |     -- |  1.18e-01 |  1.56e-01 |     -- |  3.44e+00 |  4.92e+00
13734528 |  4.36e-05 |     -- |  9.59e-02 |  1.31e-01 |     -- |  3.43e+00 |  5.15e+00
13743552 |  1.37e-04 |     -- |  1.63e-01 |  2.49e-01 |     -- |  4.59e+00 |  8.68e+00
13752576 |  1.02e-04 |     -- |  1.12e-01 |  1.67e-01 |     -- |  4.12e+00 |  8.62e+00
13761600 |  4.19e-04 |     -- |  2.11e-01 |  3.96e-01 |     -- |  5.81e+00 |  1.62e+01
13770624 |  2.59e-04 |     -- |  1.69e-01 |  3.24e-01 |     -- |  6.03e+00 |  1.24e+01
13779648 |  2.94e-04 |     -- |  1.59e-01 |  2.50e-01 |     -- |  5.72e+00 |  1.52e+01
13788672 |  4.84e-05 |     -- |  6.84e-02 |  9.59e-02 |     -- |  3.76e+00 |  6.26e+00
13797696 |  3.21e-05 |     -- |  6.32e-02 |  8.70e-02 |     -- |  3.41e+00 |  4.95e+00
13806720 |  3.27e-05 |     -- |  6.65e-02 |  9.22e-02 |     -- |  3.35e+00 |  4.92e+00
13815744 |  7.78e-05 |     -- |  9.88e-02 |  1.38e-01 |     -- |  3.89e+00 |  7.66e+00
13824768 |  1.07e-04 |     -- |  1.07e-01 |  1.62e-01 |     -- |  4.04e+00 |  8.96e+00
13833792 |  3.57e-05 |     -- |  8.37e-02 |  1.11e-01 |     -- |  3.31e+00 |  4.82e+00
13842816 |  2.93e-05 |     -- |  7.08e-02 |  9.44e-02 |     -- |  3.18e+00 |  4.52e+00
13851840 |  4.05e-05 |     -- |  1.05e-01 |  1.37e-01 |     -- |  3.30e+00 |  4.66e+00
13860864 |  4.08e-05 |     -- |  1.02e-01 |  1.38e-01 |     -- |  3.30e+00 |  4.65e+00
13869888 |  3.93e-05 |     -- |  1.01e-01 |  1.30e-01 |     -- |  3.32e+00 |  4.74e+00
13878912 |  5.91e-05 |     -- |  1.21e-01 |  1.59e-01 |     -- |  3.69e+00 |  5.82e+00
13887936 |  3.14e-05 |     -- |  7.83e-02 |  1.05e-01 |     -- |  3.22e+00 |  4.52e+00
13896960 |  3.62e-05 |     -- |  9.31e-02 |  1.24e-01 |     -- |  3.23e+00 |  4.55e+00
13905984 |  4.47e-05 |     -- |  9.89e-02 |  1.44e-01 |     -- |  3.44e+00 |  4.89e+00
13915008 |  9.39e-05 |     -- |  1.63e-01 |  2.10e-01 |     -- |  4.16e+00 |  7.07e+00
13924032 |  1.06e-04 |     -- |  1.32e-01 |  1.87e-01 |     -- |  4.24e+00 |  8.46e+00
13933056 |  4.53e-05 |     -- |  9.40e-02 |  1.23e-01 |     -- |  3.41e+00 |  5.50e+00
13942080 |  4.94e-05 |     -- |  8.94e-02 |  1.20e-01 |     -- |  3.54e+00 |  5.91e+00
13951104 |  5.84e-05 |     -- |  1.16e-01 |  1.53e-01 |     -- |  3.66e+00 |  5.92e+00
13960128 |  4.35e-05 |     -- |  1.10e-01 |  1.41e-01 |     -- |  3.40e+00 |  4.86e+00
13969152 |  3.96e-05 |     -- |  9.79e-02 |  1.26e-01 |     -- |  3.32e+00 |  4.87e+00
13978176 |  4.81e-05 |     -- |  1.15e-01 |  1.48e-01 |     -- |  3.46e+00 |  5.13e+00
13987200 |  1.48e-04 |     -- |  1.61e-01 |  2.97e-01 |     -- |  3.85e+00 |  7.73e+00
13996224 |  1.10e-04 |     -- |  1.10e-01 |  1.81e-01 |     -- |  4.73e+00 |  8.81e+00
14005248 |  3.20e-05 |     -- |  7.18e-02 |  1.02e-01 |     -- |  3.17e+00 |  4.65e+00
14014272 |  2.87e-05 |     -- |  6.59e-02 |  9.04e-02 |     -- |  3.12e+00 |  4.53e+00
14023296 |  2.95e-05 |     -- |  7.56e-02 |  1.02e-01 |     -- |  3.08e+00 |  4.36e+00
14032320 |  3.57e-05 |     -- |  8.01e-02 |  1.08e-01 |     -- |  3.26e+00 |  4.90e+00
14041344 |  7.07e-05 |     -- |  1.09e-01 |  1.48e-01 |     -- |  3.84e+00 |  6.99e+00
14050368 |  1.37e-04 |     -- |  1.47e-01 |  2.21e-01 |     -- |  4.40e+00 |  9.41e+00
14059392 |  3.44e-05 |     -- |  8.90e-02 |  1.14e-01 |     -- |  3.20e+00 |  4.63e+00
14068416 |  3.68e-05 |     -- |  9.20e-02 |  1.21e-01 |     -- |  3.20e+00 |  4.71e+00
14077440 |  4.32e-05 |     -- |  9.49e-02 |  1.26e-01 |     -- |  3.37e+00 |  5.22e+00
14086464 |  4.32e-05 |     -- |  1.02e-01 |  1.34e-01 |     -- |  3.37e+00 |  5.02e+00
14095488 |  4.62e-05 |     -- |  1.15e-01 |  1.56e-01 |     -- |  3.31e+00 |  4.67e+00
14104512 |  3.24e-05 |     -- |  8.69e-02 |  1.13e-01 |     -- |  3.15e+00 |  4.43e+00
14113536 |  4.66e-05 |     -- |  1.12e-01 |  1.45e-01 |     -- |  3.46e+00 |  5.06e+00
14122560 |  6.61e-05 |     -- |  1.13e-01 |  1.53e-01 |     -- |  3.58e+00 |  6.54e+00
14131584 |  1.14e-04 |     -- |  1.46e-01 |  1.98e-01 |     -- |  4.47e+00 |  8.63e+00
14140608 |  3.90e-05 |     -- |  8.08e-02 |  1.13e-01 |     -- |  3.30e+00 |  5.13e+00
14149632 |  4.16e-05 |     -- |  8.92e-02 |  1.18e-01 |     -- |  3.34e+00 |  5.27e+00
14158656 |  3.29e-05 |     -- |  7.94e-02 |  1.07e-01 |     -- |  3.23e+00 |  4.63e+00
14167680 |  4.60e-05 |     -- |  1.08e-01 |  1.43e-01 |     -- |  3.39e+00 |  5.05e+00
14176704 |  5.42e-05 |     -- |  1.19e-01 |  1.53e-01 |     -- |  3.61e+00 |  5.55e+00
14185728 |  3.79e-05 |     -- |  9.31e-02 |  1.27e-01 |     -- |  3.23e+00 |  4.68e+00
14194752 |  4.89e-05 |     -- |  1.07e-01 |  1.43e-01 |     -- |  3.48e+00 |  5.33e+00
14203776 |  4.21e-05 |     -- |  1.08e-01 |  1.41e-01 |     -- |  3.31e+00 |  4.72e+00
14212800 |  3.76e-05 |     -- |  9.63e-02 |  1.25e-01 |     -- |  3.30e+00 |  4.69e+00
14221824 |  3.53e-04 |     -- |  2.11e-01 |  4.09e-01 |     -- |  7.58e+00 |  1.36e+01
14230848 |  5.30e-05 |     -- |  7.99e-02 |  1.07e-01 |     -- |  4.52e+00 |  6.45e+00
14239872 |  3.48e-05 |     -- |  6.53e-02 |  8.95e-02 |     -- |  3.77e+00 |  5.17e+00
14248896 |  3.07e-05 |     -- |  6.76e-02 |  9.09e-02 |     -- |  3.48e+00 |  4.74e+00
14257920 |  3.30e-05 |     -- |  8.32e-02 |  1.10e-01 |     -- |  3.36e+00 |  4.57e+00
14266944 |  3.73e-05 |     -- |  8.52e-02 |  1.12e-01 |     -- |  3.39e+00 |  4.97e+00
14275968 |  3.38e-05 |     -- |  8.80e-02 |  1.17e-01 |     -- |  3.27e+00 |  4.49e+00
14284992 |  3.34e-05 |     -- |  8.45e-02 |  1.13e-01 |     -- |  3.27e+00 |  4.54e+00
14294016 |  4.60e-05 |     -- |  1.09e-01 |  1.43e-01 |     -- |  3.45e+00 |  5.06e+00
14303040 |  5.34e-05 |     -- |  1.03e-01 |  1.40e-01 |     -- |  3.66e+00 |  5.82e+00
14312064 |  1.01e-04 |     -- |  1.33e-01 |  1.92e-01 |     -- |  4.06e+00 |  8.03e+00
14321088 |  6.13e-05 |     -- |  9.72e-02 |  1.27e-01 |     -- |  3.79e+00 |  6.71e+00
14330112 |  5.83e-05 |     -- |  1.08e-01 |  1.45e-01 |     -- |  3.65e+00 |  6.10e+00
14339136 |  5.27e-05 |     -- |  1.05e-01 |  1.45e-01 |     -- |  3.50e+00 |  5.64e+00
14348160 |  4.37e-05 |     -- |  8.92e-02 |  1.21e-01 |     -- |  3.48e+00 |  5.40e+00
14357184 |  4.60e-05 |     -- |  1.14e-01 |  1.49e-01 |     -- |  3.37e+00 |  4.89e+00
14366208 |  2.89e-05 |     -- |  7.66e-02 |  1.03e-01 |     -- |  3.10e+00 |  4.28e+00
14375232 |  3.54e-05 |     -- |  9.21e-02 |  1.24e-01 |     -- |  3.22e+00 |  4.49e+00
14384256 |  3.66e-05 |     -- |  9.83e-02 |  1.27e-01 |     -- |  3.26e+00 |  4.53e+00
14393280 |  5.84e-05 |     -- |  1.23e-01 |  1.60e-01 |     -- |  3.69e+00 |  5.73e+00
14402304 |  3.46e-04 |     -- |  2.14e-01 |  4.88e-01 |     -- |  5.92e+00 |  1.04e+01
14411328 |  2.76e-05 |     -- |  4.93e-02 |  7.24e-02 |     -- |  3.49e+00 |  4.73e+00
14420352 |  2.52e-05 |     -- |  5.31e-02 |  7.65e-02 |     -- |  3.23e+00 |  4.40e+00
14429376 |  2.30e-05 |     -- |  5.20e-02 |  7.33e-02 |     -- |  3.07e+00 |  4.20e+00
14438400 |  2.56e-05 |     -- |  6.36e-02 |  8.78e-02 |     -- |  3.06e+00 |  4.23e+00
14447424 |  2.90e-05 |     -- |  7.08e-02 |  9.84e-02 |     -- |  3.11e+00 |  4.39e+00
14456448 |  3.38e-05 |     -- |  7.44e-02 |  1.01e-01 |     -- |  3.18e+00 |  4.85e+00
14465472 |  5.75e-05 |     -- |  9.25e-02 |  1.29e-01 |     -- |  3.68e+00 |  6.40e+00
14474496 |  6.41e-05 |     -- |  1.12e-01 |  1.51e-01 |     -- |  3.74e+00 |  6.43e+00
14483520 |  5.03e-05 |     -- |  1.15e-01 |  1.54e-01 |     -- |  3.42e+00 |  5.17e+00
14492544 |  2.75e-05 |     -- |  7.10e-02 |  9.59e-02 |     -- |  3.06e+00 |  4.28e+00
14501568 |  3.71e-05 |     -- |  9.80e-02 |  1.30e-01 |     -- |  3.23e+00 |  4.49e+00
14510592 |  4.42e-05 |     -- |  1.07e-01 |  1.40e-01 |     -- |  3.40e+00 |  4.96e+00
14519616 |  4.12e-05 |     -- |  9.60e-02 |  1.24e-01 |     -- |  3.36e+00 |  5.07e+00
14528640 |  7.94e-05 |     -- |  1.37e-01 |  1.77e-01 |     -- |  4.05e+00 |  6.93e+00
14537664 |  6.54e-05 |     -- |  1.02e-01 |  1.37e-01 |     -- |  3.80e+00 |  6.82e+00
14546688 |  9.02e-05 |     -- |  1.31e-01 |  1.78e-01 |     -- |  3.82e+00 |  7.66e+00
14555712 |  6.07e-05 |     -- |  1.04e-01 |  1.49e-01 |     -- |  3.65e+00 |  6.20e+00
14564736 |  6.93e-05 |     -- |  1.03e-01 |  1.47e-01 |     -- |  3.63e+00 |  6.91e+00
14573760 |  7.53e-05 |     -- |  1.30e-01 |  1.72e-01 |     -- |  3.84e+00 |  6.76e+00
14582784 |  3.05e-05 |     -- |  7.39e-02 |  9.98e-02 |     -- |  3.13e+00 |  4.53e+00
14591808 |  3.59e-05 |     -- |  1.01e-01 |  1.28e-01 |     -- |  3.14e+00 |  4.41e+00
14600832 |  3.87e-05 |     -- |  1.02e-01 |  1.31e-01 |     -- |  3.28e+00 |  4.65e+00
14609856 |  4.00e-05 |     -- |  1.01e-01 |  1.29e-01 |     -- |  3.27e+00 |  4.82e+00
14618880 |  3.98e-05 |     -- |  9.67e-02 |  1.26e-01 |     -- |  3.39e+00 |  4.89e+00
14627904 |  5.10e-05 |     -- |  1.15e-01 |  1.60e-01 |     -- |  3.42e+00 |  5.04e+00
14636928 |  4.00e-05 |     -- |  9.47e-02 |  1.23e-01 |     -- |  3.38e+00 |  4.98e+00
14645952 |  3.91e-05 |     -- |  9.60e-02 |  1.28e-01 |     -- |  3.24e+00 |  4.76e+00
14654976 |  4.00e-05 |     -- |  1.05e-01 |  1.35e-01 |     -- |  3.27e+00 |  4.67e+00
14664000 |  3.76e-04 |     -- |  2.33e-01 |  4.91e-01 |     -- |  5.73e+00 |  1.16e+01
14673024 |  5.45e-05 |     -- |  7.12e-02 |  1.03e-01 |     -- |  4.47e+00 |  6.63e+00
14682048 |  2.76e-05 |     -- |  5.57e-02 |  7.87e-02 |     -- |  3.37e+00 |  4.63e+00
14691072 |  2.71e-05 |     -- |  6.31e-02 |  8.75e-02 |     -- |  3.16e+00 |  4.41e+00
14700096 |  2.61e-05 |     -- |  6.29e-02 |  8.74e-02 |     -- |  3.08e+00 |  4.29e+00
14709120 |  3.13e-05 |     -- |  6.64e-02 |  9.25e-02 |     -- |  3.11e+00 |  4.77e+00
14718144 |  3.01e-05 |     -- |  6.92e-02 |  9.49e-02 |     -- |  3.11e+00 |  4.59e+00
14727168 |  3.46e-05 |     -- |  7.76e-02 |  1.07e-01 |     -- |  3.18e+00 |  4.80e+00
14736192 |  3.92e-05 |     -- |  9.95e-02 |  1.26e-01 |     -- |  3.26e+00 |  4.83e+00
14745216 |  3.95e-05 |     -- |  8.26e-02 |  1.12e-01 |     -- |  3.30e+00 |  5.21e+00
14754240 |  9.13e-05 |     -- |  1.32e-01 |  1.86e-01 |     -- |  3.97e+00 |  7.52e+00
14763264 |  3.96e-05 |     -- |  8.90e-02 |  1.21e-01 |     -- |  3.35e+00 |  5.01e+00
14772288 |  4.25e-05 |     -- |  9.16e-02 |  1.26e-01 |     -- |  3.30e+00 |  5.15e+00
14781312 |  1.37e-04 |     -- |  1.51e-01 |  2.05e-01 |     -- |  4.65e+00 |  9.75e+00
14790336 |  4.15e-05 |     -- |  9.43e-02 |  1.30e-01 |     -- |  3.35e+00 |  4.97e+00
14799360 |  2.77e-04 |     -- |  2.19e-01 |  3.02e-01 |     -- |  5.83e+00 |  1.36e+01
14808384 |  4.30e-05 |     -- |  7.66e-02 |  1.07e-01 |     -- |  3.51e+00 |  5.62e+00
14817408 |  3.76e-05 |     -- |  8.24e-02 |  1.14e-01 |     -- |  3.20e+00 |  4.95e+00
14826432 |  3.13e-05 |     -- |  6.88e-02 |  9.41e-02 |     -- |  3.12e+00 |  4.74e+00
14835456 |  3.65e-05 |     -- |  9.74e-02 |  1.26e-01 |     -- |  3.18e+00 |  4.55e+00
14844480 |  3.10e-05 |     -- |  8.32e-02 |  1.10e-01 |     -- |  3.07e+00 |  4.35e+00
14853504 |  4.39e-05 |     -- |  9.46e-02 |  1.26e-01 |     -- |  3.35e+00 |  5.29e+00
14862528 |  9.11e-05 |     -- |  1.55e-01 |  2.04e-01 |     -- |  3.84e+00 |  7.03e+00
14871552 |  4.73e-05 |     -- |  9.43e-02 |  1.29e-01 |     -- |  3.35e+00 |  5.54e+00
14880576 |  6.09e-05 |     -- |  1.05e-01 |  1.43e-01 |     -- |  3.59e+00 |  6.35e+00
14889600 |  5.97e-05 |     -- |  9.43e-02 |  1.39e-01 |     -- |  3.78e+00 |  6.35e+00
14898624 |  3.64e-05 |     -- |  9.72e-02 |  1.29e-01 |     -- |  3.11e+00 |  4.45e+00
14907648 |  3.54e-05 |     -- |  9.62e-02 |  1.25e-01 |     -- |  3.12e+00 |  4.44e+00
14916672 |  3.32e-05 |     -- |  8.93e-02 |  1.18e-01 |     -- |  3.12e+00 |  4.40e+00
14925696 |  3.87e-05 |     -- |  9.93e-02 |  1.31e-01 |     -- |  3.21e+00 |  4.63e+00
14934720 |  1.82e-04 |     -- |  1.79e-01 |  3.34e-01 |     -- |  4.80e+00 |  8.35e+00
14943744 |  6.05e-05 |     -- |  8.41e-02 |  1.18e-01 |     -- |  3.65e+00 |  6.83e+00
14952768 |  3.04e-05 |     -- |  6.46e-02 |  8.99e-02 |     -- |  3.09e+00 |  4.73e+00
14961792 |  2.77e-05 |     -- |  7.06e-02 |  9.61e-02 |     -- |  2.98e+00 |  4.29e+00
14970816 |  2.85e-05 |     -- |  7.82e-02 |  1.06e-01 |     -- |  3.00e+00 |  4.15e+00
14979840 |  4.00e-05 |     -- |  8.83e-02 |  1.23e-01 |     -- |  3.24e+00 |  4.98e+00
14988864 |  5.97e-05 |     -- |  1.09e-01 |  1.45e-01 |     -- |  3.52e+00 |  6.21e+00
14997888 |  9.62e-05 |     -- |  1.16e-01 |  1.67e-01 |     -- |  4.02e+00 |  8.27e+00
15006912 |  8.06e-05 |     -- |  1.28e-01 |  1.81e-01 |     -- |  3.73e+00 |  6.92e+00
15015936 |  4.85e-05 |     -- |  9.14e-02 |  1.25e-01 |     -- |  3.41e+00 |  5.74e+00
15024960 |  4.07e-05 |     -- |  8.29e-02 |  1.13e-01 |     -- |  3.26e+00 |  5.29e+00
15033984 |  4.54e-05 |     -- |  1.08e-01 |  1.39e-01 |     -- |  3.40e+00 |  5.10e+00
15043008 |  3.13e-05 |     -- |  8.36e-02 |  1.11e-01 |     -- |  3.08e+00 |  4.35e+00
15052032 |  4.02e-05 |     -- |  1.03e-01 |  1.36e-01 |     -- |  3.31e+00 |  4.66e+00
15061056 |  3.73e-05 |     -- |  8.83e-02 |  1.18e-01 |     -- |  3.24e+00 |  4.83e+00
15070080 |  1.35e-04 |     -- |  1.45e-01 |  2.80e-01 |     -- |  4.44e+00 |  7.55e+00
15079104 |  3.25e-05 |     -- |  7.17e-02 |  9.68e-02 |     -- |  3.13e+00 |  4.81e+00
15088128 |  2.79e-05 |     -- |  6.89e-02 |  9.28e-02 |     -- |  3.02e+00 |  4.39e+00
15097152 |  2.90e-05 |     -- |  7.60e-02 |  1.01e-01 |     -- |  3.01e+00 |  4.34e+00
15106176 |  2.97e-05 |     -- |  7.72e-02 |  1.02e-01 |     -- |  3.08e+00 |  4.39e+00
15115200 |  3.39e-05 |     -- |  9.37e-02 |  1.20e-01 |     -- |  3.14e+00 |  4.40e+00
15124224 |  3.69e-05 |     -- |  9.54e-02 |  1.31e-01 |     -- |  3.13e+00 |  4.44e+00
15133248 |  3.48e-05 |     -- |  8.92e-02 |  1.23e-01 |     -- |  3.09e+00 |  4.43e+00
15142272 |  4.79e-05 |     -- |  1.03e-01 |  1.33e-01 |     -- |  3.51e+00 |  5.48e+00
15151296 |  7.28e-05 |     -- |  1.34e-01 |  1.77e-01 |     -- |  3.74e+00 |  6.42e+00
15160320 |  9.65e-05 |     -- |  1.32e-01 |  1.74e-01 |     -- |  4.34e+00 |  8.13e+00
15169344 |  5.54e-05 |     -- |  1.08e-01 |  1.42e-01 |     -- |  3.48e+00 |  5.95e+00
15178368 |  5.97e-05 |     -- |  1.08e-01 |  1.43e-01 |     -- |  3.58e+00 |  6.27e+00
15187392 |  7.27e-05 |     -- |  1.07e-01 |  1.50e-01 |     -- |  3.65e+00 |  7.09e+00
15196416 |  3.09e-05 |     -- |  8.21e-02 |  1.09e-01 |     -- |  3.01e+00 |  4.34e+00
15205440 |  3.70e-05 |     -- |  9.58e-02 |  1.25e-01 |     -- |  3.20e+00 |  4.63e+00
15214464 |  3.13e-05 |     -- |  8.19e-02 |  1.10e-01 |     -- |  3.12e+00 |  4.38e+00
15223488 |  4.16e-05 |     -- |  1.04e-01 |  1.36e-01 |     -- |  3.29e+00 |  4.81e+00
15232512 |  3.67e-05 |     -- |  9.60e-02 |  1.25e-01 |     -- |  3.23e+00 |  4.59e+00
15241536 |  6.01e-05 |     -- |  1.14e-01 |  1.61e-01 |     -- |  3.48e+00 |  5.86e+00
15250560 |  4.32e-05 |     -- |  8.78e-02 |  1.16e-01 |     -- |  3.40e+00 |  5.45e+00
15259584 |  3.45e-05 |     -- |  8.64e-02 |  1.13e-01 |     -- |  3.16e+00 |  4.65e+00
15268608 |  3.56e-05 |     -- |  9.91e-02 |  1.28e-01 |     -- |  3.11e+00 |  4.38e+00
15277632 |  3.48e-05 |     -- |  9.34e-02 |  1.21e-01 |     -- |  3.17e+00 |  4.49e+00
15286656 |  4.48e-05 |     -- |  1.09e-01 |  1.41e-01 |     -- |  3.33e+00 |  4.99e+00
15295680 |  6.40e-04 |     -- |  2.40e-01 |  5.61e-01 |     -- |  9.74e+00 |  1.80e+01
15304704 |  8.42e-05 |     -- |  6.32e-02 |  8.79e-02 |     -- |  6.31e+00 |  8.74e+00
15313728 |  5.29e-05 |     -- |  6.47e-02 |  8.80e-02 |     -- |  4.97e+00 |  6.72e+00
15322752 |  4.45e-05 |     -- |  7.30e-02 |  9.81e-02 |     -- |  4.35e+00 |  5.90e+00
15331776 |  3.73e-05 |     -- |  6.34e-02 |  8.71e-02 |     -- |  3.99e+00 |  5.45e+00
15340800 |  3.77e-05 |     -- |  7.55e-02 |  1.02e-01 |     -- |  3.78e+00 |  5.22e+00
15349824 |  3.97e-05 |     -- |  7.71e-02 |  1.07e-01 |     -- |  3.72e+00 |  5.32e+00
15358848 |  4.47e-05 |     -- |  1.01e-01 |  1.37e-01 |     -- |  3.63e+00 |  5.10e+00
15367872 |  3.43e-05 |     -- |  7.94e-02 |  1.04e-01 |     -- |  3.47e+00 |  4.86e+00
15376896 |  5.05e-05 |     -- |  1.04e-01 |  1.38e-01 |     -- |  3.70e+00 |  5.62e+00
15385920 |  4.26e-05 |     -- |  9.76e-02 |  1.30e-01 |     -- |  3.52e+00 |  5.07e+00
15394944 |  4.15e-05 |     -- |  9.11e-02 |  1.19e-01 |     -- |  3.50e+00 |  5.23e+00
15403968 |  6.79e-05 |     -- |  1.01e-01 |  1.38e-01 |     -- |  4.16e+00 |  6.99e+00
15412992 |  6.22e-05 |     -- |  1.22e-01 |  1.59e-01 |     -- |  3.70e+00 |  6.09e+00
15422016 |  6.26e-05 |     -- |  1.07e-01 |  1.44e-01 |     -- |  3.79e+00 |  6.46e+00
15431040 |  4.14e-05 |     -- |  1.08e-01 |  1.41e-01 |     -- |  3.25e+00 |  4.64e+00
15440064 |  3.14e-05 |     -- |  8.51e-02 |  1.12e-01 |     -- |  3.13e+00 |  4.34e+00
15449088 |  3.78e-05 |     -- |  9.71e-02 |  1.27e-01 |     -- |  3.28e+00 |  4.65e+00
15458112 |  3.97e-05 |     -- |  9.56e-02 |  1.30e-01 |     -- |  3.30e+00 |  4.78e+00
15467136 |  4.47e-05 |     -- |  9.78e-02 |  1.28e-01 |     -- |  3.46e+00 |  5.32e+00
15476160 |  5.67e-05 |     -- |  1.07e-01 |  1.41e-01 |     -- |  3.69e+00 |  6.06e+00
15485184 |  4.93e-05 |     -- |  1.07e-01 |  1.43e-01 |     -- |  3.44e+00 |  5.38e+00
15494208 |  3.63e-05 |     -- |  8.95e-02 |  1.22e-01 |     -- |  3.16e+00 |  4.63e+00
15503232 |  5.98e-05 |     -- |  1.25e-01 |  1.65e-01 |     -- |  3.61e+00 |  5.69e+00
15512256 |  5.00e-05 |     -- |  1.01e-01 |  1.45e-01 |     -- |  3.45e+00 |  5.39e+00
15521280 |  6.14e-05 |     -- |  1.14e-01 |  1.52e-01 |     -- |  3.60e+00 |  6.20e+00
15530304 |  5.01e-05 |     -- |  9.51e-02 |  1.28e-01 |     -- |  3.51e+00 |  5.81e+00
15539328 |  4.71e-05 |     -- |  9.42e-02 |  1.28e-01 |     -- |  3.34e+00 |  5.53e+00
15548352 |  6.52e-05 |     -- |  1.10e-01 |  1.56e-01 |     -- |  3.59e+00 |  6.39e+00
15557376 |  6.33e-05 |     -- |  1.26e-01 |  1.73e-01 |     -- |  3.63e+00 |  5.79e+00
15566400 |  3.39e-05 |     -- |  8.24e-02 |  1.10e-01 |     -- |  3.10e+00 |  4.68e+00
15575424 |  3.43e-05 |     -- |  8.59e-02 |  1.14e-01 |     -- |  3.13e+00 |  4.62e+00
15584448 |  3.40e-05 |     -- |  9.24e-02 |  1.23e-01 |     -- |  3.06e+00 |  4.33e+00
15593472 |  5.79e-05 |     -- |  1.21e-01 |  1.60e-01 |     -- |  3.55e+00 |  5.69e+00
15602496 |  4.18e-05 |     -- |  9.75e-02 |  1.28e-01 |     -- |  3.31e+00 |  5.05e+00
15611520 |  5.57e-05 |     -- |  1.11e-01 |  1.44e-01 |     -- |  3.54e+00 |  5.92e+00
15620544 |  6.35e-05 |     -- |  1.24e-01 |  1.66e-01 |     -- |  3.64e+00 |  5.99e+00
15629568 |  3.35e-05 |     -- |  8.97e-02 |  1.18e-01 |     -- |  3.05e+00 |  4.42e+00
15638592 |  3.45e-05 |     -- |  9.33e-02 |  1.25e-01 |     -- |  3.06e+00 |  4.35e+00
15647616 |  4.81e-05 |     -- |  1.10e-01 |  1.41e-01 |     -- |  3.44e+00 |  5.31e+00
15656640 |  1.94e-04 |     -- |  1.69e-01 |  3.25e-01 |     -- |  4.94e+00 |  9.40e+00
15665664 |  3.19e-05 |     -- |  6.14e-02 |  8.58e-02 |     -- |  3.26e+00 |  4.95e+00
15674688 |  2.91e-05 |     -- |  7.09e-02 |  9.58e-02 |     -- |  3.04e+00 |  4.46e+00
15683712 |  3.80e-05 |     -- |  8.15e-02 |  1.08e-01 |     -- |  3.19e+00 |  5.12e+00
15692736 |  2.92e-05 |     -- |  7.83e-02 |  1.03e-01 |     -- |  3.02e+00 |  4.32e+00
15701760 |  3.11e-05 |     -- |  7.76e-02 |  1.05e-01 |     -- |  3.11e+00 |  4.48e+00
15710784 |  3.31e-05 |     -- |  8.66e-02 |  1.13e-01 |     -- |  3.10e+00 |  4.50e+00
15719808 |  3.45e-05 |     -- |  9.21e-02 |  1.21e-01 |     -- |  3.16e+00 |  4.46e+00
15728832 |  3.98e-05 |     -- |  1.00e-01 |  1.39e-01 |     -- |  3.20e+00 |  4.53e+00
15737856 |  4.02e-05 |     -- |  1.01e-01 |  1.41e-01 |     -- |  3.17e+00 |  4.51e+00
15746880 |  3.12e-05 |     -- |  8.37e-02 |  1.12e-01 |     -- |  3.02e+00 |  4.30e+00
15755904 |  3.95e-05 |     -- |  9.83e-02 |  1.31e-01 |     -- |  3.19e+00 |  4.74e+00
15764928 |  1.32e-04 |     -- |  1.40e-01 |  1.91e-01 |     -- |  4.74e+00 |  9.76e+00
15773952 |  6.14e-05 |     -- |  1.11e-01 |  1.56e-01 |     -- |  3.62e+00 |  6.09e+00
15782976 |  3.38e-05 |     -- |  8.68e-02 |  1.18e-01 |     -- |  3.04e+00 |  4.45e+00
15792000 |  3.25e-05 |     -- |  8.81e-02 |  1.13e-01 |     -- |  3.06e+00 |  4.44e+00
15801024 |  4.46e-05 |     -- |  1.17e-01 |  1.54e-01 |     -- |  3.25e+00 |  4.58e+00
15810048 |  2.63e-05 |     -- |  7.29e-02 |  1.00e-01 |     -- |  2.88e+00 |  4.03e+00
15819072 |  4.67e-05 |     -- |  1.06e-01 |  1.37e-01 |     -- |  3.40e+00 |  5.29e+00
15828096 |  7.14e-05 |     -- |  1.20e-01 |  1.66e-01 |     -- |  3.63e+00 |  6.63e+00
15837120 |  6.68e-05 |     -- |  1.08e-01 |  1.44e-01 |     -- |  3.87e+00 |  6.78e+00
15846144 |  4.29e-05 |     -- |  1.08e-01 |  1.38e-01 |     -- |  3.22e+00 |  4.89e+00
15855168 |  3.63e-05 |     -- |  8.47e-02 |  1.12e-01 |     -- |  3.17e+00 |  4.88e+00
15864192 |  9.28e-05 |     -- |  1.42e-01 |  1.85e-01 |     -- |  4.08e+00 |  7.66e+00
15873216 |  3.71e-05 |     -- |  9.66e-02 |  1.23e-01 |     -- |  3.09e+00 |  4.67e+00
15882240 |  5.22e-05 |     -- |  1.07e-01 |  1.39e-01 |     -- |  3.48e+00 |  5.74e+00
15891264 |  4.42e-05 |     -- |  9.52e-02 |  1.29e-01 |     -- |  3.19e+00 |  5.26e+00
15900288 |  3.27e-05 |     -- |  8.29e-02 |  1.11e-01 |     -- |  3.04e+00 |  4.53e+00
15909312 |  3.81e-05 |     -- |  9.55e-02 |  1.25e-01 |     -- |  3.15e+00 |  4.74e+00
15918336 |  5.19e-05 |     -- |  9.81e-02 |  1.38e-01 |     -- |  3.35e+00 |  5.72e+00
15927360 |  1.18e-04 |     -- |  1.44e-01 |  2.33e-01 |     -- |  4.36e+00 |  7.99e+00
15936384 |  6.02e-05 |     -- |  9.25e-02 |  1.30e-01 |     -- |  3.47e+00 |  6.57e+00
15945408 |  5.10e-05 |     -- |  9.47e-02 |  1.27e-01 |     -- |  3.36e+00 |  5.90e+00
15954432 |  3.09e-05 |     -- |  7.50e-02 |  1.01e-01 |     -- |  3.02e+00 |  4.56e+00
15963456 |  3.02e-05 |     -- |  8.63e-02 |  1.16e-01 |     -- |  2.94e+00 |  4.10e+00
15972480 |  4.30e-05 |     -- |  1.07e-01 |  1.48e-01 |     -- |  3.19e+00 |  4.59e+00
15981504 |  3.03e-05 |     -- |  8.95e-02 |  1.18e-01 |     -- |  2.90e+00 |  4.06e+00
15990528 |  2.87e-05 |     -- |  8.23e-02 |  1.09e-01 |     -- |  2.95e+00 |  4.10e+00
15999552 |  2.91e-05 |     -- |  8.56e-02 |  1.12e-01 |     -- |  2.93e+00 |  4.07e+00
16008576 |  4.49e-05 |     -- |  1.15e-01 |  1.50e-01 |     -- |  3.31e+00 |  4.73e+00
16017600 |  6.61e-05 |     -- |  1.19e-01 |  1.80e-01 |     -- |  3.53e+00 |  5.81e+00
16026624 |  5.99e-05 |     -- |  1.08e-01 |  1.45e-01 |     -- |  3.54e+00 |  6.23e+00
16035648 |  3.21e-05 |     -- |  8.03e-02 |  1.06e-01 |     -- |  3.00e+00 |  4.56e+00
16044672 |  4.64e-05 |     -- |  8.85e-02 |  1.21e-01 |     -- |  3.33e+00 |  5.64e+00
16053696 |  4.25e-05 |     -- |  9.53e-02 |  1.29e-01 |     -- |  3.34e+00 |  5.09e+00
16062720 |  3.59e-05 |     -- |  9.38e-02 |  1.24e-01 |     -- |  3.14e+00 |  4.54e+00
16071744 |  4.18e-05 |     -- |  1.11e-01 |  1.48e-01 |     -- |  3.18e+00 |  4.47e+00
16080768 |  3.51e-05 |     -- |  9.28e-02 |  1.22e-01 |     -- |  3.12e+00 |  4.50e+00
16089792 |  4.13e-05 |     -- |  1.02e-01 |  1.39e-01 |     -- |  3.27e+00 |  4.70e+00
16098816 |  3.46e-05 |     -- |  9.25e-02 |  1.20e-01 |     -- |  3.11e+00 |  4.49e+00
16107840 |  3.09e-05 |     -- |  8.19e-02 |  1.10e-01 |     -- |  3.06e+00 |  4.33e+00
16116864 |  3.32e-04 |     -- |  2.12e-01 |  4.22e-01 |     -- |  5.89e+00 |  1.24e+01
16125888 |  6.61e-05 |     -- |  7.63e-02 |  1.10e-01 |     -- |  5.00e+00 |  7.35e+00
16134912 |  2.97e-05 |     -- |  5.64e-02 |  7.91e-02 |     -- |  3.47e+00 |  4.85e+00
16143936 |  2.74e-05 |     -- |  6.35e-02 |  8.69e-02 |     -- |  3.19e+00 |  4.46e+00
16152960 |  2.67e-05 |     -- |  7.08e-02 |  9.63e-02 |     -- |  3.04e+00 |  4.18e+00
16161984 |  2.31e-05 |     -- |  5.83e-02 |  8.17e-02 |     -- |  2.94e+00 |  4.05e+00
16171008 |  2.68e-05 |     -- |  7.52e-02 |  1.00e-01 |     -- |  2.96e+00 |  4.10e+00
16180032 |  3.45e-05 |     -- |  9.11e-02 |  1.24e-01 |     -- |  3.10e+00 |  4.38e+00
16189056 |  3.56e-05 |     -- |  8.47e-02 |  1.15e-01 |     -- |  3.12e+00 |  4.74e+00
16198080 |  4.56e-05 |     -- |  9.68e-02 |  1.29e-01 |     -- |  3.24e+00 |  5.37e+00
16207104 |  6.50e-05 |     -- |  1.12e-01 |  1.64e-01 |     -- |  3.66e+00 |  6.19e+00
16216128 |  3.60e-05 |     -- |  9.33e-02 |  1.24e-01 |     -- |  3.10e+00 |  4.55e+00
16225152 |  7.23e-05 |     -- |  1.18e-01 |  1.58e-01 |     -- |  3.67e+00 |  6.89e+00
16234176 |  5.76e-05 |     -- |  9.64e-02 |  1.32e-01 |     -- |  3.49e+00 |  6.34e+00
16243200 |  3.20e-05 |     -- |  7.71e-02 |  1.04e-01 |     -- |  3.06e+00 |  4.62e+00
16252224 |  3.09e-05 |     -- |  7.88e-02 |  1.06e-01 |     -- |  3.02e+00 |  4.45e+00
16261248 |  4.76e-05 |     -- |  1.13e-01 |  1.48e-01 |     -- |  3.38e+00 |  5.08e+00
16270272 |  3.55e-05 |     -- |  9.73e-02 |  1.26e-01 |     -- |  3.07e+00 |  4.42e+00
16279296 |  4.18e-05 |     -- |  1.01e-01 |  1.33e-01 |     -- |  3.22e+00 |  4.91e+00
16288320 |  4.78e-05 |     -- |  1.09e-01 |  1.42e-01 |     -- |  3.34e+00 |  5.26e+00
16297344 |  2.74e-05 |     -- |  7.79e-02 |  1.04e-01 |     -- |  2.91e+00 |  4.07e+00
16306368 |  4.16e-05 |     -- |  1.05e-01 |  1.38e-01 |     -- |  3.24e+00 |  4.76e+00
16315392 |  5.72e-05 |     -- |  1.08e-01 |  1.60e-01 |     -- |  3.47e+00 |  5.62e+00
16324416 |  3.05e-05 |     -- |  8.07e-02 |  1.08e-01 |     -- |  2.97e+00 |  4.33e+00
16333440 |  4.57e-05 |     -- |  9.69e-02 |  1.36e-01 |     -- |  3.27e+00 |  5.22e+00
16342464 |  8.47e-05 |     -- |  1.36e-01 |  1.80e-01 |     -- |  3.90e+00 |  7.24e+00
16351488 |  4.90e-05 |     -- |  1.02e-01 |  1.34e-01 |     -- |  3.40e+00 |  5.57e+00
16360512 |  3.75e-05 |     -- |  7.17e-02 |  1.00e-01 |     -- |  3.20e+00 |  5.25e+00
16369536 |  3.33e-05 |     -- |  8.96e-02 |  1.15e-01 |     -- |  3.05e+00 |  4.47e+00
16378560 |  4.57e-05 |     -- |  1.09e-01 |  1.44e-01 |     -- |  3.30e+00 |  4.98e+00
16387584 |  3.22e-05 |     -- |  8.57e-02 |  1.13e-01 |     -- |  3.03e+00 |  4.41e+00
16396608 |  3.25e-05 |     -- |  9.42e-02 |  1.23e-01 |     -- |  2.99e+00 |  4.17e+00
16405632 |  3.54e-05 |     -- |  9.44e-02 |  1.29e-01 |     -- |  3.05e+00 |  4.33e+00
16414656 |  8.14e-05 |     -- |  1.23e-01 |  2.00e-01 |     -- |  3.63e+00 |  6.43e+00
16423680 |  1.90e-04 |     -- |  1.69e-01 |  3.04e-01 |     -- |  5.07e+00 |  9.88e+00
16432704 |  2.26e-04 |     -- |  1.32e-01 |  2.36e-01 |     -- |  4.82e+00 |  1.30e+01
16441728 |  3.33e-05 |     -- |  6.50e-02 |  9.08e-02 |     -- |  3.14e+00 |  5.01e+00
16450752 |  2.44e-05 |     -- |  6.17e-02 |  8.58e-02 |     -- |  2.86e+00 |  4.13e+00
16459776 |  2.67e-05 |     -- |  6.81e-02 |  9.17e-02 |     -- |  2.87e+00 |  4.28e+00
16468800 |  3.18e-05 |     -- |  9.28e-02 |  1.24e-01 |     -- |  2.88e+00 |  4.05e+00
16477824 |  5.46e-05 |     -- |  1.15e-01 |  1.54e-01 |     -- |  3.26e+00 |  5.57e+00
16486848 |  7.25e-05 |     -- |  1.05e-01 |  1.48e-01 |     -- |  3.50e+00 |  7.11e+00
16495872 |  1.14e-04 |     -- |  1.17e-01 |  1.86e-01 |     -- |  3.84e+00 |  8.89e+00
16504896 |  5.91e-05 |     -- |  1.02e-01 |  1.36e-01 |     -- |  3.42e+00 |  6.37e+00
16513920 |  4.12e-05 |     -- |  9.31e-02 |  1.22e-01 |     -- |  3.12e+00 |  5.13e+00
16522944 |  3.44e-05 |     -- |  9.24e-02 |  1.22e-01 |     -- |  2.99e+00 |  4.42e+00
16531968 |  3.34e-05 |     -- |  8.99e-02 |  1.20e-01 |     -- |  3.00e+00 |  4.35e+00
16540992 |  3.63e-05 |     -- |  9.33e-02 |  1.27e-01 |     -- |  3.03e+00 |  4.48e+00
16550016 |  3.52e-05 |     -- |  9.10e-02 |  1.22e-01 |     -- |  2.99e+00 |  4.51e+00
16559040 |  6.35e-05 |     -- |  1.27e-01 |  1.70e-01 |     -- |  3.60e+00 |  5.88e+00
16568064 |  7.21e-05 |     -- |  1.20e-01 |  1.70e-01 |     -- |  3.55e+00 |  6.57e+00
16577088 |  2.66e-04 |     -- |  1.67e-01 |  3.23e-01 |     -- |  5.20e+00 |  1.27e+01
16586112 |  4.96e-05 |     -- |  7.28e-02 |  1.02e-01 |     -- |  3.40e+00 |  6.26e+00
16595136 |  2.49e-05 |     -- |  6.37e-02 |  8.73e-02 |     -- |  2.90e+00 |  4.15e+00
16604160 |  2.38e-05 |     -- |  6.25e-02 |  8.72e-02 |     -- |  2.83e+00 |  4.02e+00
16613184 |  3.21e-05 |     -- |  9.18e-02 |  1.24e-01 |     -- |  2.91e+00 |  4.09e+00
16622208 |  3.02e-05 |     -- |  9.06e-02 |  1.17e-01 |     -- |  2.92e+00 |  4.07e+00
16631232 |  2.88e-05 |     -- |  8.06e-02 |  1.10e-01 |     -- |  2.91e+00 |  4.08e+00
16640256 |  4.06e-05 |     -- |  1.01e-01 |  1.35e-01 |     -- |  3.16e+00 |  4.71e+00
16649280 |  3.25e-05 |     -- |  8.79e-02 |  1.17e-01 |     -- |  3.00e+00 |  4.35e+00
16658304 |  2.91e-05 |     -- |  8.09e-02 |  1.07e-01 |     -- |  2.90e+00 |  4.19e+00
16667328 |  8.09e-05 |     -- |  1.35e-01 |  1.75e-01 |     -- |  4.11e+00 |  7.10e+00
16676352 |  3.83e-05 |     -- |  8.70e-02 |  1.20e-01 |     -- |  3.09e+00 |  4.90e+00
16685376 |  4.06e-05 |     -- |  9.06e-02 |  1.23e-01 |     -- |  3.17e+00 |  5.06e+00
16694400 |  6.30e-05 |     -- |  1.15e-01 |  1.54e-01 |     -- |  3.54e+00 |  6.27e+00
16703424 |  3.21e-05 |     -- |  7.70e-02 |  1.04e-01 |     -- |  3.00e+00 |  4.61e+00
16712448 |  5.28e-05 |     -- |  1.18e-01 |  1.55e-01 |     -- |  3.34e+00 |  5.35e+00
16721472 |  4.02e-05 |     -- |  1.02e-01 |  1.31e-01 |     -- |  3.15e+00 |  4.79e+00
16730496 |  5.18e-05 |     -- |  8.92e-02 |  1.23e-01 |     -- |  3.34e+00 |  6.05e+00
16739520 |  5.03e-05 |     -- |  1.12e-01 |  1.47e-01 |     -- |  3.31e+00 |  5.36e+00
16748544 |  6.68e-05 |     -- |  1.14e-01 |  1.56e-01 |     -- |  3.52e+00 |  6.53e+00
16757568 |  5.59e-04 |     -- |  2.38e-01 |  5.43e-01 |     -- |  7.86e+00 |  1.63e+01
16766592 |  8.56e-05 |     -- |  7.12e-02 |  9.57e-02 |     -- |  5.91e+00 |  8.74e+00
16775616 |  4.47e-05 |     -- |  5.88e-02 |  8.21e-02 |     -- |  4.55e+00 |  6.16e+00
16784640 |  3.59e-05 |     -- |  5.65e-02 |  7.85e-02 |     -- |  4.04e+00 |  5.45e+00
16793664 |  4.13e-05 |     -- |  7.82e-02 |  1.06e-01 |     -- |  3.90e+00 |  5.48e+00
16802688 |  4.37e-05 |     -- |  7.73e-02 |  1.05e-01 |     -- |  3.95e+00 |  5.72e+00
16811712 |  5.24e-05 |     -- |  9.42e-02 |  1.24e-01 |     -- |  3.86e+00 |  6.08e+00
16820736 |  6.19e-05 |     -- |  8.29e-02 |  1.16e-01 |     -- |  3.83e+00 |  6.96e+00
16829760 |  3.40e-05 |     -- |  7.43e-02 |  9.95e-02 |     -- |  3.33e+00 |  4.91e+00
16838784 |  3.85e-05 |     -- |  9.74e-02 |  1.27e-01 |     -- |  3.30e+00 |  4.73e+00
16847808 |  4.44e-05 |     -- |  1.00e-01 |  1.36e-01 |     -- |  3.33e+00 |  5.08e+00
16856832 |  6.19e-05 |     -- |  1.03e-01 |  1.48e-01 |     -- |  3.63e+00 |  6.33e+00
16865856 |  3.65e-05 |     -- |  8.89e-02 |  1.17e-01 |     -- |  3.26e+00 |  4.77e+00
16874880 |  3.38e-05 |     -- |  8.90e-02 |  1.16e-01 |     -- |  3.16e+00 |  4.50e+00
16883904 |  3.73e-05 |     -- |  9.98e-02 |  1.31e-01 |     -- |  3.18e+00 |  4.48e+00
16892928 |  3.46e-05 |     -- |  8.93e-02 |  1.17e-01 |     -- |  3.23e+00 |  4.57e+00
16901952 |  3.74e-05 |     -- |  8.36e-02 |  1.11e-01 |     -- |  3.34e+00 |  5.00e+00
16910976 |  6.84e-05 |     -- |  1.31e-01 |  1.71e-01 |     -- |  3.81e+00 |  6.26e+00
16920000 |  4.98e-05 |     -- |  1.06e-01 |  1.43e-01 |     -- |  3.42e+00 |  5.42e+00
16929024 |  4.59e-05 |     -- |  1.01e-01 |  1.36e-01 |     -- |  3.27e+00 |  5.23e+00
16938048 |  3.37e-05 |     -- |  8.70e-02 |  1.18e-01 |     -- |  3.04e+00 |  4.45e+00
16947072 |  3.08e-05 |     -- |  8.38e-02 |  1.13e-01 |     -- |  2.93e+00 |  4.25e+00
16956096 |  3.90e-05 |     -- |  1.03e-01 |  1.31e-01 |     -- |  3.19e+00 |  4.67e+00
16965120 |  8.51e-05 |     -- |  1.30e-01 |  2.08e-01 |     -- |  3.96e+00 |  6.47e+00
16974144 |  4.91e-05 |     -- |  8.39e-02 |  1.13e-01 |     -- |  3.40e+00 |  6.03e+00
16983168 |  4.17e-05 |     -- |  9.40e-02 |  1.24e-01 |     -- |  3.26e+00 |  5.12e+00
16992192 |  3.14e-05 |     -- |  9.00e-02 |  1.17e-01 |     -- |  2.98e+00 |  4.20e+00
17001216 |  3.28e-05 |     -- |  8.50e-02 |  1.13e-01 |     -- |  3.01e+00 |  4.48e+00
17010240 |  2.98e-05 |     -- |  8.62e-02 |  1.14e-01 |     -- |  2.89e+00 |  4.08e+00
17019264 |  5.82e-05 |     -- |  1.13e-01 |  1.49e-01 |     -- |  3.66e+00 |  5.99e+00
17028288 |  1.08e-04 |     -- |  1.28e-01 |  2.13e-01 |     -- |  3.91e+00 |  7.92e+00
17037312 |  7.43e-05 |     -- |  9.95e-02 |  1.37e-01 |     -- |  3.65e+00 |  7.44e+00
17046336 |  4.73e-05 |     -- |  8.86e-02 |  1.19e-01 |     -- |  3.29e+00 |  5.75e+00
17055360 |  4.82e-05 |     -- |  1.03e-01 |  1.35e-01 |     -- |  3.22e+00 |  5.48e+00
17064384 |  2.82e-05 |     -- |  7.68e-02 |  1.02e-01 |     -- |  2.93e+00 |  4.23e+00
17073408 |  3.21e-05 |     -- |  9.14e-02 |  1.21e-01 |     -- |  2.94e+00 |  4.19e+00
17082432 |  3.22e-05 |     -- |  9.02e-02 |  1.21e-01 |     -- |  2.97e+00 |  4.20e+00
17091456 |  3.72e-05 |     -- |  1.01e-01 |  1.31e-01 |     -- |  3.08e+00 |  4.47e+00
17100480 |  3.30e-05 |     -- |  9.31e-02 |  1.23e-01 |     -- |  3.00e+00 |  4.24e+00
17109504 |  5.31e-05 |     -- |  1.20e-01 |  1.59e-01 |     -- |  3.39e+00 |  5.28e+00
17118528 |  3.34e-05 |     -- |  8.13e-02 |  1.07e-01 |     -- |  3.12e+00 |  4.68e+00
17127552 |  2.95e-04 |     -- |  1.87e-01 |  4.28e-01 |     -- |  4.67e+00 |  1.06e+01
17136576 |  2.40e-04 |     -- |  1.54e-01 |  3.18e-01 |     -- |  6.45e+00 |  1.18e+01
17145600 |  2.93e-05 |     -- |  5.72e-02 |  7.92e-02 |     -- |  3.34e+00 |  4.80e+00
17154624 |  2.55e-05 |     -- |  5.83e-02 |  8.15e-02 |     -- |  3.04e+00 |  4.35e+00
17163648 |  2.57e-05 |     -- |  6.83e-02 |  9.16e-02 |     -- |  2.94e+00 |  4.16e+00
17172672 |  2.23e-05 |     -- |  5.92e-02 |  8.36e-02 |     -- |  2.83e+00 |  3.91e+00
17181696 |  2.55e-05 |     -- |  6.91e-02 |  9.52e-02 |     -- |  2.88e+00 |  4.06e+00
17190720 |  2.45e-05 |     -- |  7.42e-02 |  9.86e-02 |     -- |  2.78e+00 |  3.85e+00
17199744 |  2.53e-05 |     -- |  7.31e-02 |  9.80e-02 |     -- |  2.84e+00 |  3.97e+00
17208768 |  3.21e-05 |     -- |  9.30e-02 |  1.24e-01 |     -- |  2.93e+00 |  4.09e+00
17217792 |  4.96e-05 |     -- |  1.01e-01 |  1.34e-01 |     -- |  3.39e+00 |  5.64e+00
17226816 |  2.75e-05 |     -- |  7.55e-02 |  1.01e-01 |     -- |  2.88e+00 |  4.15e+00
17235840 |  2.73e-05 |     -- |  7.92e-02 |  1.08e-01 |     -- |  2.85e+00 |  3.97e+00
17244864 |  3.90e-05 |     -- |  9.75e-02 |  1.35e-01 |     -- |  3.05e+00 |  4.55e+00
17253888 |  5.50e-05 |     -- |  1.14e-01 |  1.54e-01 |     -- |  3.49e+00 |  5.60e+00
17262912 |  8.04e-05 |     -- |  1.27e-01 |  1.74e-01 |     -- |  3.77e+00 |  7.07e+00
17271936 |  5.64e-05 |     -- |  9.59e-02 |  1.34e-01 |     -- |  3.25e+00 |  6.20e+00
17280960 |  4.23e-05 |     -- |  8.78e-02 |  1.16e-01 |     -- |  3.22e+00 |  5.38e+00
17289984 |  6.93e-05 |     -- |  1.44e-01 |  1.88e-01 |     -- |  3.48e+00 |  5.83e+00
17299008 |  3.10e-05 |     -- |  7.87e-02 |  1.06e-01 |     -- |  2.94e+00 |  4.44e+00
17308032 |  2.97e-05 |     -- |  8.04e-02 |  1.06e-01 |     -- |  2.96e+00 |  4.30e+00
17317056 |  3.49e-05 |     -- |  9.74e-02 |  1.26e-01 |     -- |  3.04e+00 |  4.35e+00
17326080 |  3.81e-05 |     -- |  1.03e-01 |  1.35e-01 |     -- |  3.07e+00 |  4.46e+00
17335104 |  2.88e-05 |     -- |  8.19e-02 |  1.09e-01 |     -- |  2.89e+00 |  4.12e+00
17344128 |  4.11e-05 |     -- |  9.85e-02 |  1.30e-01 |     -- |  3.23e+00 |  4.93e+00
17353152 |  3.54e-05 |     -- |  9.53e-02 |  1.29e-01 |     -- |  3.00e+00 |  4.32e+00
17362176 |  1.59e-04 |     -- |  1.80e-01 |  3.32e-01 |     -- |  4.10e+00 |  6.96e+00
17371200 |  3.10e-05 |     -- |  6.78e-02 |  9.59e-02 |     -- |  3.32e+00 |  4.67e+00
17380224 |  2.15e-05 |     -- |  5.75e-02 |  8.17e-02 |     -- |  2.78e+00 |  3.85e+00
17389248 |  2.34e-05 |     -- |  6.58e-02 |  8.86e-02 |     -- |  2.79e+00 |  3.94e+00
17398272 |  2.29e-05 |     -- |  6.72e-02 |  9.08e-02 |     -- |  2.77e+00 |  3.83e+00
17407296 |  2.63e-05 |     -- |  7.69e-02 |  1.02e-01 |     -- |  2.84e+00 |  3.97e+00
17416320 |  3.77e-05 |     -- |  7.82e-02 |  1.08e-01 |     -- |  3.15e+00 |  5.10e+00
17425344 |  9.93e-05 |     -- |  1.22e-01 |  1.79e-01 |     -- |  3.97e+00 |  8.20e+00
17434368 |  9.34e-05 |     -- |  1.16e-01 |  1.61e-01 |     -- |  4.02e+00 |  8.21e+00
17443392 |  3.15e-05 |     -- |  8.44e-02 |  1.13e-01 |     -- |  2.90e+00 |  4.33e+00
17452416 |  3.31e-05 |     -- |  8.19e-02 |  1.10e-01 |     -- |  2.95e+00 |  4.58e+00
17461440 |  6.03e-05 |     -- |  1.14e-01 |  1.49e-01 |     -- |  3.40e+00 |  6.16e+00
17470464 |  6.16e-05 |     -- |  1.06e-01 |  1.48e-01 |     -- |  3.46e+00 |  6.30e+00
17479488 |  1.05e-04 |     -- |  1.42e-01 |  2.11e-01 |     -- |  3.91e+00 |  7.82e+00
17488512 |  8.91e-05 |     -- |  1.06e-01 |  1.64e-01 |     -- |  3.79e+00 |  7.89e+00
17497536 |  4.71e-05 |     -- |  9.35e-02 |  1.31e-01 |     -- |  3.16e+00 |  5.47e+00
17506560 |  2.81e-05 |     -- |  7.18e-02 |  9.66e-02 |     -- |  2.88e+00 |  4.34e+00
17515584 |  4.53e-05 |     -- |  9.34e-02 |  1.25e-01 |     -- |  3.10e+00 |  5.45e+00
17524608 |  5.80e-05 |     -- |  1.10e-01 |  1.52e-01 |     -- |  3.38e+00 |  5.91e+00
17533632 |  4.76e-05 |     -- |  1.02e-01 |  1.39e-01 |     -- |  3.19e+00 |  5.31e+00
17542656 |  2.34e-05 |     -- |  6.64e-02 |  9.07e-02 |     -- |  2.76e+00 |  3.90e+00
17551680 |  3.27e-05 |     -- |  8.00e-02 |  1.08e-01 |     -- |  2.99e+00 |  4.60e+00
17560704 |  4.75e-05 |     -- |  1.16e-01 |  1.47e-01 |     -- |  3.33e+00 |  5.10e+00
17569728 |  4.36e-05 |     -- |  1.07e-01 |  1.38e-01 |     -- |  3.10e+00 |  4.96e+00
17578752 |  9.70e-05 |     -- |  1.19e-01 |  1.83e-01 |     -- |  3.96e+00 |  7.97e+00
17587776 |  5.49e-05 |     -- |  1.03e-01 |  1.35e-01 |     -- |  3.32e+00 |  6.05e+00
17596800 |  3.01e-05 |     -- |  7.90e-02 |  1.05e-01 |     -- |  2.94e+00 |  4.36e+00
17605824 |  3.00e-05 |     -- |  8.23e-02 |  1.09e-01 |     -- |  2.90e+00 |  4.26e+00
17614848 |  2.79e-05 |     -- |  8.56e-02 |  1.13e-01 |     -- |  2.81e+00 |  3.90e+00
17623872 |  2.94e-05 |     -- |  8.45e-02 |  1.12e-01 |     -- |  2.89e+00 |  4.09e+00
17632896 |  3.36e-05 |     -- |  9.37e-02 |  1.23e-01 |     -- |  3.04e+00 |  4.30e+00
17641920 |  4.13e-05 |     -- |  1.03e-01 |  1.35e-01 |     -- |  3.18e+00 |  4.81e+00
17650944 |  5.15e-05 |     -- |  1.09e-01 |  1.43e-01 |     -- |  3.31e+00 |  5.57e+00
17659968 |  5.73e-05 |     -- |  9.99e-02 |  1.37e-01 |     -- |  3.47e+00 |  6.21e+00
17668992 |  7.39e-05 |     -- |  1.25e-01 |  1.67e-01 |     -- |  3.51e+00 |  6.79e+00
17678016 |  3.93e-05 |     -- |  9.50e-02 |  1.26e-01 |     -- |  3.09e+00 |  4.85e+00
17687040 |  2.83e-05 |     -- |  8.19e-02 |  1.10e-01 |     -- |  2.84e+00 |  4.03e+00
17696064 |  3.04e-05 |     -- |  8.66e-02 |  1.16e-01 |     -- |  2.90e+00 |  4.13e+00
17705088 |  3.00e-05 |     -- |  8.24e-02 |  1.12e-01 |     -- |  2.92e+00 |  4.16e+00
17714112 |  2.63e-04 |     -- |  1.99e-01 |  4.25e-01 |     -- |  5.25e+00 |  9.05e+00
17723136 |  2.28e-05 |     -- |  5.56e-02 |  7.90e-02 |     -- |  2.96e+00 |  4.06e+00
17732160 |  2.13e-05 |     -- |  5.68e-02 |  7.93e-02 |     -- |  2.79e+00 |  3.88e+00
17741184 |  2.00e-05 |     -- |  5.25e-02 |  7.60e-02 |     -- |  2.71e+00 |  3.76e+00
17750208 |  2.24e-05 |     -- |  6.75e-02 |  9.11e-02 |     -- |  2.72e+00 |  3.76e+00
17759232 |  2.55e-05 |     -- |  7.70e-02 |  1.03e-01 |     -- |  2.75e+00 |  3.86e+00
17768256 |  3.47e-05 |     -- |  8.79e-02 |  1.19e-01 |     -- |  2.97e+00 |  4.55e+00
17777280 |  7.43e-05 |     -- |  1.15e-01 |  1.57e-01 |     -- |  3.64e+00 |  7.05e+00
17786304 |  5.41e-05 |     -- |  8.80e-02 |  1.23e-01 |     -- |  3.37e+00 |  6.23e+00
17795328 |  3.51e-05 |     -- |  9.06e-02 |  1.18e-01 |     -- |  2.97e+00 |  4.60e+00
17804352 |  7.14e-05 |     -- |  1.23e-01 |  1.61e-01 |     -- |  3.63e+00 |  6.76e+00
17813376 |  4.52e-05 |     -- |  9.45e-02 |  1.27e-01 |     -- |  3.16e+00 |  5.40e+00
17822400 |  3.65e-05 |     -- |  8.37e-02 |  1.16e-01 |     -- |  3.01e+00 |  4.80e+00
17831424 |  3.42e-05 |     -- |  9.63e-02 |  1.28e-01 |     -- |  2.96e+00 |  4.22e+00
17840448 |  3.35e-05 |     -- |  9.06e-02 |  1.21e-01 |     -- |  3.08e+00 |  4.35e+00
17849472 |  3.26e-05 |     -- |  9.42e-02 |  1.21e-01 |     -- |  2.97e+00 |  4.24e+00
17858496 |  3.40e-05 |     -- |  8.98e-02 |  1.19e-01 |     -- |  2.94e+00 |  4.44e+00
17867520 |  6.63e-05 |     -- |  1.23e-01 |  1.61e-01 |     -- |  3.75e+00 |  6.36e+00
17876544 |  4.01e-05 |     -- |  9.09e-02 |  1.20e-01 |     -- |  3.14e+00 |  5.07e+00
17885568 |  3.00e-05 |     -- |  8.44e-02 |  1.18e-01 |     -- |  2.83e+00 |  4.01e+00
17894592 |  2.83e-05 |     -- |  8.16e-02 |  1.07e-01 |     -- |  2.88e+00 |  4.10e+00
17903616 |  3.09e-05 |     -- |  8.98e-02 |  1.20e-01 |     -- |  2.88e+00 |  4.06e+00
17912640 |  3.30e-05 |     -- |  9.15e-02 |  1.20e-01 |     -- |  2.97e+00 |  4.32e+00
17921664 |  4.18e-05 |     -- |  9.66e-02 |  1.29e-01 |     -- |  3.23e+00 |  5.02e+00
17930688 |  1.05e-04 |     -- |  1.33e-01 |  2.46e-01 |     -- |  4.01e+00 |  6.64e+00
17939712 |  2.83e-05 |     -- |  6.37e-02 |  8.81e-02 |     -- |  2.87e+00 |  4.53e+00
17948736 |  2.58e-05 |     -- |  6.71e-02 |  9.23e-02 |     -- |  2.82e+00 |  4.16e+00
17957760 |  3.15e-05 |     -- |  8.76e-02 |  1.15e-01 |     -- |  2.90e+00 |  4.26e+00
17966784 |  2.84e-05 |     -- |  7.65e-02 |  1.03e-01 |     -- |  2.88e+00 |  4.21e+00
17975808 |  4.63e-05 |     -- |  9.86e-02 |  1.36e-01 |     -- |  3.24e+00 |  5.27e+00
17984832 |  4.74e-05 |     -- |  1.06e-01 |  1.42e-01 |     -- |  3.24e+00 |  5.21e+00
17993856 |  6.50e-05 |     -- |  1.11e-01 |  1.53e-01 |     -- |  3.42e+00 |  6.45e+00
