train,"{'mae': 0.15420012176036835, 'rmse': 0.1981450319290161}","{'mae': 0.24372874200344086, 'rmse': 0.3805660307407379}"
val,"{'mae': 0.33405792713165283, 'rmse': 0.33456140756607056}","{'mae': 0.2114102989435196, 'rmse': 0.350816935300827}"
train,"{'mae': 0.14466433227062225, 'rmse': 0.17543452978134155}","{'mae': 0.18183034658432007, 'rmse': 0.30725258588790894}"
val,"{'mae': 0.09693960100412369, 'rmse': 0.09723193943500519}","{'mae': 0.1633300930261612, 'rmse': 0.27109548449516296}"
train,"{'mae': 0.4040756821632385, 'rmse': 0.4357876479625702}","{'mae': 0.14537601172924042, 'rmse': 0.2418038249015808}"
val,"{'mae': 0.6564264297485352, 'rmse': 0.6564361453056335}","{'mae': 0.13788236677646637, 'rmse': 0.21429814398288727}"
train,"{'mae': 0.800771951675415, 'rmse': 0.8031288981437683}","{'mae': 0.126866415143013, 'rmse': 0.18685296177864075}"
val,"{'mae': 0.8546763062477112, 'rmse': 0.854795515537262}","{'mae': 0.1215013638138771, 'rmse': 0.1679210215806961}"
train,"{'mae': 0.8957584500312805, 'rmse': 0.8962376713752747}","{'mae': 0.1174105778336525, 'rmse': 0.16453635692596436}"
val,"{'mae': 0.9162744283676147, 'rmse': 0.916610598564148}","{'mae': 0.11529804021120071, 'rmse': 0.1551792174577713}"
train,"{'mae': 0.9128162264823914, 'rmse': 0.9132139682769775}","{'mae': 0.10966134071350098, 'rmse': 0.15086373686790466}"
val,"{'mae': 0.9424963593482971, 'rmse': 0.9428830742835999}","{'mae': 0.11349936574697495, 'rmse': 0.15109559893608093}"
train,"{'mae': 0.9167882204055786, 'rmse': 0.917330265045166}","{'mae': 0.10440891981124878, 'rmse': 0.1424391120672226}"
val,"{'mae': 0.8902660608291626, 'rmse': 0.8906326293945312}","{'mae': 0.10063404589891434, 'rmse': 0.13390988111495972}"
train,"{'mae': 0.8822778463363647, 'rmse': 0.8826563358306885}","{'mae': 0.10007967054843903, 'rmse': 0.13577476143836975}"
val,"{'mae': 0.8739278316497803, 'rmse': 0.8742165565490723}","{'mae': 0.09911686927080154, 'rmse': 0.1320873349905014}"
train,"{'mae': 0.8614251613616943, 'rmse': 0.8617716431617737}","{'mae': 0.09704498946666718, 'rmse': 0.13116545975208282}"
val,"{'mae': 0.8317145705223083, 'rmse': 0.8319258093833923}","{'mae': 0.09526290744543076, 'rmse': 0.12626242637634277}"
train,"{'mae': 0.8345087170600891, 'rmse': 0.8347795009613037}","{'mae': 0.0938534289598465, 'rmse': 0.12620624899864197}"
val,"{'mae': 0.8258722424507141, 'rmse': 0.8261325359344482}","{'mae': 0.09355361014604568, 'rmse': 0.1231643483042717}"
train,"{'mae': 0.8217945694923401, 'rmse': 0.822047233581543}","{'mae': 0.09252868592739105, 'rmse': 0.12404702603816986}"
val,"{'mae': 0.8075275421142578, 'rmse': 0.8077506422996521}","{'mae': 0.09284166991710663, 'rmse': 0.1222565695643425}"
train,"{'mae': 0.8055387139320374, 'rmse': 0.8057903051376343}","{'mae': 0.08976718038320541, 'rmse': 0.11992742866277695}"
val,"{'mae': 0.7807167172431946, 'rmse': 0.7808911204338074}","{'mae': 0.08866236358880997, 'rmse': 0.11666719615459442}"
train,"{'mae': 0.7731333374977112, 'rmse': 0.7733754515647888}","{'mae': 0.08823699504137039, 'rmse': 0.11754129081964493}"
val,"{'mae': 0.7781351208686829, 'rmse': 0.7783790230751038}","{'mae': 0.09106095880270004, 'rmse': 0.11953789740800858}"
train,"{'mae': 0.749343991279602, 'rmse': 0.7496187686920166}","{'mae': 0.08727291226387024, 'rmse': 0.11592966318130493}"
val,"{'mae': 0.7470398545265198, 'rmse': 0.7471838593482971}","{'mae': 0.08699899911880493, 'rmse': 0.11448884755373001}"
train,"{'mae': 0.7215947508811951, 'rmse': 0.7218315601348877}","{'mae': 0.08609271049499512, 'rmse': 0.1141909509897232}"
val,"{'mae': 0.7033783793449402, 'rmse': 0.7034726142883301}","{'mae': 0.08456417173147202, 'rmse': 0.11093242466449738}"
train,"{'mae': 0.69228595495224, 'rmse': 0.6925047039985657}","{'mae': 0.08580944687128067, 'rmse': 0.11383086442947388}"
val,"{'mae': 0.6840749382972717, 'rmse': 0.6841372847557068}","{'mae': 0.08840398490428925, 'rmse': 0.11647386103868484}"
train,"{'mae': 0.6567463874816895, 'rmse': 0.6569697856903076}","{'mae': 0.08356732130050659, 'rmse': 0.11044991761445999}"
val,"{'mae': 0.6313295364379883, 'rmse': 0.6313666105270386}","{'mae': 0.08441241085529327, 'rmse': 0.11036735028028488}"
train,"{'mae': 0.6267145872116089, 'rmse': 0.62689208984375}","{'mae': 0.08447427302598953, 'rmse': 0.11174020171165466}"
val,"{'mae': 0.6040273308753967, 'rmse': 0.6040491461753845}","{'mae': 0.08290677517652512, 'rmse': 0.10837695747613907}"
train,"{'mae': 0.5954405069351196, 'rmse': 0.5955715775489807}","{'mae': 0.08269166201353073, 'rmse': 0.10896887630224228}"
val,"{'mae': 0.5845118761062622, 'rmse': 0.5845544338226318}","{'mae': 0.0844196304678917, 'rmse': 0.1103888526558876}"
train,"{'mae': 0.5749876499176025, 'rmse': 0.575103223323822}","{'mae': 0.08468613028526306, 'rmse': 0.11210860311985016}"
val,"{'mae': 0.5520137548446655, 'rmse': 0.5520209074020386}","{'mae': 0.08093861490488052, 'rmse': 0.10581174492835999}"
train,"{'mae': 0.547897458076477, 'rmse': 0.5479515194892883}","{'mae': 0.08059534430503845, 'rmse': 0.10607834905385971}"
val,"{'mae': 0.5358648300170898, 'rmse': 0.535876452922821}","{'mae': 0.08017526566982269, 'rmse': 0.10495715588331223}"
train,"{'mae': 0.5176302194595337, 'rmse': 0.5178202986717224}","{'mae': 0.08019382506608963, 'rmse': 0.1054164245724678}"
val,"{'mae': 0.4908827245235443, 'rmse': 0.49091213941574097}","{'mae': 0.0812387466430664, 'rmse': 0.10626286268234253}"
train,"{'mae': 0.4886102080345154, 'rmse': 0.48873239755630493}","{'mae': 0.08004875481128693, 'rmse': 0.10508404672145844}"
val,"{'mae': 0.4758659303188324, 'rmse': 0.4759237468242645}","{'mae': 0.07895202934741974, 'rmse': 0.1032770648598671}"
train,"{'mae': 0.4619055986404419, 'rmse': 0.46209463477134705}","{'mae': 0.07858869433403015, 'rmse': 0.10320189595222473}"
val,"{'mae': 0.44885003566741943, 'rmse': 0.44892174005508423}","{'mae': 0.08049127459526062, 'rmse': 0.10505697131156921}"
train,"{'mae': 0.4366390109062195, 'rmse': 0.43680840730667114}","{'mae': 0.07970932126045227, 'rmse': 0.10474419593811035}"
val,"{'mae': 0.4199478030204773, 'rmse': 0.42003631591796875}","{'mae': 0.07776641100645065, 'rmse': 0.1017051637172699}"
train,"{'mae': 0.41466498374938965, 'rmse': 0.4148981273174286}","{'mae': 0.07873249053955078, 'rmse': 0.10320551693439484}"
val,"{'mae': 0.40858253836631775, 'rmse': 0.4087590277194977}","{'mae': 0.07705775648355484, 'rmse': 0.10058029741048813}"
train,"{'mae': 0.39413097500801086, 'rmse': 0.39442184567451477}","{'mae': 0.07742193341255188, 'rmse': 0.10145435482263565}"
val,"{'mae': 0.38793420791625977, 'rmse': 0.38813361525535583}","{'mae': 0.07980945706367493, 'rmse': 0.10422499477863312}"
train,"{'mae': 0.37013065814971924, 'rmse': 0.37045758962631226}","{'mae': 0.07741227746009827, 'rmse': 0.10148058831691742}"
val,"{'mae': 0.36365315318107605, 'rmse': 0.36387720704078674}","{'mae': 0.07775072753429413, 'rmse': 0.10169681161642075}"
train,"{'mae': 0.3530752658843994, 'rmse': 0.3534417748451233}","{'mae': 0.07747029513120651, 'rmse': 0.10152164101600647}"
val,"{'mae': 0.35090550780296326, 'rmse': 0.35124486684799194}","{'mae': 0.076420359313488, 'rmse': 0.0995948314666748}"
train,"{'mae': 0.3341566026210785, 'rmse': 0.33461013436317444}","{'mae': 0.07647049427032471, 'rmse': 0.10025399178266525}"
val,"{'mae': 0.32707923650741577, 'rmse': 0.3273791968822479}","{'mae': 0.07678968459367752, 'rmse': 0.10020627826452255}"
train,"{'mae': 0.31414130330085754, 'rmse': 0.31463727355003357}","{'mae': 0.07640302181243896, 'rmse': 0.10016025602817535}"
val,"{'mae': 0.29963356256484985, 'rmse': 0.3001668453216553}","{'mae': 0.07691050320863724, 'rmse': 0.1006513461470604}"
train,"{'mae': 0.295143723487854, 'rmse': 0.2956761419773102}","{'mae': 0.07518967986106873, 'rmse': 0.0984157845377922}"
val,"{'mae': 0.2823818027973175, 'rmse': 0.2827664017677307}","{'mae': 0.08080494403839111, 'rmse': 0.10560499131679535}"
train,"{'mae': 0.2765263020992279, 'rmse': 0.2771395444869995}","{'mae': 0.07515949010848999, 'rmse': 0.09832022339105606}"
val,"{'mae': 0.2699728012084961, 'rmse': 0.270516037940979}","{'mae': 0.07430552691221237, 'rmse': 0.0970146432518959}"
train,"{'mae': 0.2604949474334717, 'rmse': 0.26114508509635925}","{'mae': 0.0746258944272995, 'rmse': 0.0976736843585968}"
val,"{'mae': 0.25492385029792786, 'rmse': 0.25549739599227905}","{'mae': 0.07446475327014923, 'rmse': 0.09729743748903275}"
train,"{'mae': 0.2421855479478836, 'rmse': 0.2428610771894455}","{'mae': 0.07493318617343903, 'rmse': 0.09811665117740631}"
val,"{'mae': 0.24795685708522797, 'rmse': 0.24833327531814575}","{'mae': 0.07624031603336334, 'rmse': 0.09944476932287216}"
train,"{'mae': 0.23082569241523743, 'rmse': 0.2315739244222641}","{'mae': 0.07359567284584045, 'rmse': 0.09623752534389496}"
val,"{'mae': 0.2275068163871765, 'rmse': 0.22815479338169098}","{'mae': 0.07305232435464859, 'rmse': 0.09542245417833328}"
train,"{'mae': 0.2149602174758911, 'rmse': 0.21573923528194427}","{'mae': 0.07450734823942184, 'rmse': 0.09757144749164581}"
val,"{'mae': 0.20971716940402985, 'rmse': 0.21065720915794373}","{'mae': 0.0730941966176033, 'rmse': 0.09559738636016846}"
train,"{'mae': 0.20533442497253418, 'rmse': 0.2061937004327774}","{'mae': 0.07444043457508087, 'rmse': 0.0975361242890358}"
val,"{'mae': 0.19739432632923126, 'rmse': 0.19811096787452698}","{'mae': 0.07337062060832977, 'rmse': 0.09592274576425552}"
train,"{'mae': 0.1898220181465149, 'rmse': 0.1907038688659668}","{'mae': 0.07269703596830368, 'rmse': 0.09504745900630951}"
val,"{'mae': 0.19485539197921753, 'rmse': 0.19560210406780243}","{'mae': 0.07249948382377625, 'rmse': 0.09484570473432541}"
train,"{'mae': 0.17548222839832306, 'rmse': 0.17647422850131989}","{'mae': 0.0730452835559845, 'rmse': 0.09553024917840958}"
val,"{'mae': 0.17856749892234802, 'rmse': 0.17912611365318298}","{'mae': 0.07275976985692978, 'rmse': 0.09468569606542587}"
train,"{'mae': 0.16213791072368622, 'rmse': 0.16309402883052826}","{'mae': 0.07205101102590561, 'rmse': 0.09422727674245834}"
val,"{'mae': 0.156280979514122, 'rmse': 0.1570303738117218}","{'mae': 0.07240286469459534, 'rmse': 0.09433262795209885}"
train,"{'mae': 0.15062929689884186, 'rmse': 0.15165960788726807}","{'mae': 0.07240966707468033, 'rmse': 0.09472622722387314}"
val,"{'mae': 0.14035508036613464, 'rmse': 0.14120347797870636}","{'mae': 0.07484938204288483, 'rmse': 0.09776624292135239}"
train,"{'mae': 0.14086878299713135, 'rmse': 0.1419215351343155}","{'mae': 0.07239587604999542, 'rmse': 0.09480977803468704}"
val,"{'mae': 0.14997294545173645, 'rmse': 0.15082168579101562}","{'mae': 0.07387495785951614, 'rmse': 0.09644497185945511}"
train,"{'mae': 0.1300402581691742, 'rmse': 0.1310940831899643}","{'mae': 0.07221484929323196, 'rmse': 0.09449642896652222}"
val,"{'mae': 0.125742107629776, 'rmse': 0.12683382630348206}","{'mae': 0.0733707845211029, 'rmse': 0.09598720818758011}"
train,"{'mae': 0.11971402913331985, 'rmse': 0.12079890072345734}","{'mae': 0.07170788943767548, 'rmse': 0.09373265504837036}"
val,"{'mae': 0.12361418455839157, 'rmse': 0.12455142289400101}","{'mae': 0.07118632644414902, 'rmse': 0.09314607083797455}"
train,"{'mae': 0.11014281213283539, 'rmse': 0.11133160442113876}","{'mae': 0.07129281014204025, 'rmse': 0.0931849554181099}"
val,"{'mae': 0.10316469520330429, 'rmse': 0.10433220118284225}","{'mae': 0.07144443690776825, 'rmse': 0.09349042177200317}"
train,"{'mae': 0.09980200231075287, 'rmse': 0.10107847303152084}","{'mae': 0.07319043576717377, 'rmse': 0.09595437347888947}"
val,"{'mae': 0.10423871874809265, 'rmse': 0.10492224246263504}","{'mae': 0.07101904600858688, 'rmse': 0.09291834384202957}"
train,"{'mae': 0.09405418485403061, 'rmse': 0.09518075734376907}","{'mae': 0.07098574936389923, 'rmse': 0.09285910427570343}"
val,"{'mae': 0.08484405279159546, 'rmse': 0.08636200428009033}","{'mae': 0.07042117416858673, 'rmse': 0.09212595224380493}"
train,"{'mae': 0.08400207757949829, 'rmse': 0.08527658134698868}","{'mae': 0.07076665759086609, 'rmse': 0.09253276139497757}"
val,"{'mae': 0.0801120176911354, 'rmse': 0.08115288615226746}","{'mae': 0.07012975960969925, 'rmse': 0.09168680012226105}"
train,"{'mae': 0.07543232291936874, 'rmse': 0.07679113745689392}","{'mae': 0.07119099795818329, 'rmse': 0.0931495726108551}"
val,"{'mae': 0.06860753893852234, 'rmse': 0.06986552476882935}","{'mae': 0.07063073664903641, 'rmse': 0.09223436564207077}"
train,"{'mae': 0.06756483018398285, 'rmse': 0.0689232125878334}","{'mae': 0.0712634027004242, 'rmse': 0.09331279993057251}"
val,"{'mae': 0.065158911049366, 'rmse': 0.0662127286195755}","{'mae': 0.07048478722572327, 'rmse': 0.09205610305070877}"
train,"{'mae': 0.060470208525657654, 'rmse': 0.06188439205288887}","{'mae': 0.07093624025583267, 'rmse': 0.09279759973287582}"
val,"{'mae': 0.04797288030385971, 'rmse': 0.050157301127910614}","{'mae': 0.07140155136585236, 'rmse': 0.09334459900856018}"
train,"{'mae': 0.054206300526857376, 'rmse': 0.0556667260825634}","{'mae': 0.07100679725408554, 'rmse': 0.09290178120136261}"
val,"{'mae': 0.051764510571956635, 'rmse': 0.0526723749935627}","{'mae': 0.06981336325407028, 'rmse': 0.09131987392902374}"
train,"{'mae': 0.04585891589522362, 'rmse': 0.04736712574958801}","{'mae': 0.0702645555138588, 'rmse': 0.09194547683000565}"
val,"{'mae': 0.035553500056266785, 'rmse': 0.036965467035770416}","{'mae': 0.06950412690639496, 'rmse': 0.09088727831840515}"
train,"{'mae': 0.03712041676044464, 'rmse': 0.03890089690685272}","{'mae': 0.06973949819803238, 'rmse': 0.09117306768894196}"
val,"{'mae': 0.030703404918313026, 'rmse': 0.031964659690856934}","{'mae': 0.07081519812345505, 'rmse': 0.09222011268138885}"
train,"{'mae': 0.029107028618454933, 'rmse': 0.031086474657058716}","{'mae': 0.07020159810781479, 'rmse': 0.09178154170513153}"
val,"{'mae': 0.03531353548169136, 'rmse': 0.03628206625580788}","{'mae': 0.07066453248262405, 'rmse': 0.0924408808350563}"
train,"{'mae': 0.02259252965450287, 'rmse': 0.024902498349547386}","{'mae': 0.06926917284727097, 'rmse': 0.09057451784610748}"
val,"{'mae': 0.01913701742887497, 'rmse': 0.020683737471699715}","{'mae': 0.0705374926328659, 'rmse': 0.0921633318066597}"
train,"{'mae': 0.013252767734229565, 'rmse': 0.01582837477326393}","{'mae': 0.06935299932956696, 'rmse': 0.0907304435968399}"
val,"{'mae': 0.011099857278168201, 'rmse': 0.01306105125695467}","{'mae': 0.07044371962547302, 'rmse': 0.09189587831497192}"
train,"{'mae': 0.009030533954501152, 'rmse': 0.0109194815158844}","{'mae': 0.0694541335105896, 'rmse': 0.09090033173561096}"
val,"{'mae': 0.007575660012662411, 'rmse': 0.00813332013785839}","{'mae': 0.06865987926721573, 'rmse': 0.08962707966566086}"
train,"{'mae': 0.007717656437307596, 'rmse': 0.009244170971214771}","{'mae': 0.06917084008455276, 'rmse': 0.09039998054504395}"
val,"{'mae': 0.00546308234333992, 'rmse': 0.007006488740444183}","{'mae': 0.06853541731834412, 'rmse': 0.08957122266292572}"
train,"{'mae': 0.009508566930890083, 'rmse': 0.01183655858039856}","{'mae': 0.06964446604251862, 'rmse': 0.09108658134937286}"
val,"{'mae': 0.016495736315846443, 'rmse': 0.01913480833172798}","{'mae': 0.0706251710653305, 'rmse': 0.09221545606851578}"
train,"{'mae': 0.015087852254509926, 'rmse': 0.01700647361576557}","{'mae': 0.06871557980775833, 'rmse': 0.08982964605093002}"
val,"{'mae': 0.01808393932878971, 'rmse': 0.01840711012482643}","{'mae': 0.06812625378370285, 'rmse': 0.08909405022859573}"
train,"{'mae': 0.022531457245349884, 'rmse': 0.023811649531126022}","{'mae': 0.06865188479423523, 'rmse': 0.08981567621231079}"
val,"{'mae': 0.020020866766572, 'rmse': 0.020192153751850128}","{'mae': 0.06860099732875824, 'rmse': 0.08962534368038177}"
train,"{'mae': 0.030006887391209602, 'rmse': 0.03092939965426922}","{'mae': 0.06824846565723419, 'rmse': 0.0892210528254509}"
val,"{'mae': 0.029033411294221878, 'rmse': 0.029205821454524994}","{'mae': 0.06767226755619049, 'rmse': 0.0885300412774086}"
train,"{'mae': 0.03366696089506149, 'rmse': 0.034550830721855164}","{'mae': 0.06964100897312164, 'rmse': 0.09112509340047836}"
val,"{'mae': 0.0432308129966259, 'rmse': 0.04358569532632828}","{'mae': 0.06791733205318451, 'rmse': 0.0887548103928566}"
train,"{'mae': 0.03875124827027321, 'rmse': 0.039246369153261185}","{'mae': 0.06792011111974716, 'rmse': 0.08880214393138885}"
val,"{'mae': 0.033370211720466614, 'rmse': 0.033401042222976685}","{'mae': 0.07051994651556015, 'rmse': 0.09216781705617905}"
train,"{'mae': 0.04545508697628975, 'rmse': 0.045932769775390625}","{'mae': 0.06875662505626678, 'rmse': 0.08993135392665863}"
val,"{'mae': 0.04972410947084427, 'rmse': 0.049899157136678696}","{'mae': 0.06913409382104874, 'rmse': 0.09019608795642853}"
train,"{'mae': 0.04985623434185982, 'rmse': 0.05024077370762825}","{'mae': 0.06887909024953842, 'rmse': 0.0901918038725853}"
val,"{'mae': 0.05094427615404129, 'rmse': 0.05103167146444321}","{'mae': 0.06792344152927399, 'rmse': 0.0888354554772377}"
train,"{'mae': 0.05150125175714493, 'rmse': 0.05189366638660431}","{'mae': 0.06832130253314972, 'rmse': 0.08938311040401459}"
val,"{'mae': 0.053507767617702484, 'rmse': 0.05352892726659775}","{'mae': 0.06739769876003265, 'rmse': 0.08806566148996353}"
train,"{'mae': 0.058818425983190536, 'rmse': 0.05905904248356819}","{'mae': 0.06805203855037689, 'rmse': 0.08902338147163391}"
val,"{'mae': 0.062022678554058075, 'rmse': 0.062031179666519165}","{'mae': 0.06740701198577881, 'rmse': 0.08806237578392029}"
train,"{'mae': 0.0635627955198288, 'rmse': 0.06382134556770325}","{'mae': 0.06796480715274811, 'rmse': 0.08888911455869675}"
val,"{'mae': 0.06682605296373367, 'rmse': 0.0668344497680664}","{'mae': 0.06917290389537811, 'rmse': 0.09038631618022919}"
train,"{'mae': 0.07219526916742325, 'rmse': 0.07237938791513443}","{'mae': 0.06758739054203033, 'rmse': 0.08836856484413147}"
val,"{'mae': 0.07614503800868988, 'rmse': 0.07616676390171051}","{'mae': 0.06889417767524719, 'rmse': 0.08983489871025085}"
train,"{'mae': 0.07797788828611374, 'rmse': 0.07817331701517105}","{'mae': 0.06784018874168396, 'rmse': 0.0887194573879242}"
val,"{'mae': 0.07023828476667404, 'rmse': 0.07024773210287094}","{'mae': 0.07127965986728668, 'rmse': 0.09372077137231827}"
train,"{'mae': 0.08166395127773285, 'rmse': 0.08178354799747467}","{'mae': 0.06796061247587204, 'rmse': 0.08887732774019241}"
val,"{'mae': 0.08139433711767197, 'rmse': 0.08142900466918945}","{'mae': 0.06764086335897446, 'rmse': 0.08840510249137878}"
train,"{'mae': 0.08570127934217453, 'rmse': 0.08586256951093674}","{'mae': 0.06758290529251099, 'rmse': 0.08836286514997482}"
val,"{'mae': 0.08445808291435242, 'rmse': 0.08446424454450607}","{'mae': 0.06711287051439285, 'rmse': 0.08766502887010574}"
train,"{'mae': 0.09045540541410446, 'rmse': 0.09066253900527954}","{'mae': 0.06850745528936386, 'rmse': 0.08964098244905472}"
val,"{'mae': 0.09568873047828674, 'rmse': 0.0957198292016983}","{'mae': 0.06784003227949142, 'rmse': 0.08885923027992249}"
train,"{'mae': 0.0944327712059021, 'rmse': 0.09469160437583923}","{'mae': 0.06737731397151947, 'rmse': 0.08812249451875687}"
val,"{'mae': 0.09439917653799057, 'rmse': 0.09445283561944962}","{'mae': 0.06821197271347046, 'rmse': 0.08921272307634354}"
train,"{'mae': 0.0979047417640686, 'rmse': 0.09812498837709427}","{'mae': 0.06745859980583191, 'rmse': 0.08819951117038727}"
val,"{'mae': 0.10236874967813492, 'rmse': 0.10243765264749527}","{'mae': 0.0664658173918724, 'rmse': 0.08692791312932968}"
train,"{'mae': 0.10159870237112045, 'rmse': 0.10180091857910156}","{'mae': 0.06780203431844711, 'rmse': 0.08868680149316788}"
val,"{'mae': 0.10390247404575348, 'rmse': 0.10393159091472626}","{'mae': 0.07228507846593857, 'rmse': 0.09528010338544846}"
train,"{'mae': 0.10716715455055237, 'rmse': 0.1073683649301529}","{'mae': 0.06737085431814194, 'rmse': 0.08811745792627335}"
val,"{'mae': 0.10718949139118195, 'rmse': 0.10733630508184433}","{'mae': 0.06706559658050537, 'rmse': 0.0876089558005333}"
train,"{'mae': 0.10923196375370026, 'rmse': 0.10946664214134216}","{'mae': 0.06763466447591782, 'rmse': 0.08847320079803467}"
val,"{'mae': 0.12137697637081146, 'rmse': 0.12143541127443314}","{'mae': 0.0672418549656868, 'rmse': 0.08778031170368195}"
train,"{'mae': 0.11476536840200424, 'rmse': 0.11497332900762558}","{'mae': 0.06697863340377808, 'rmse': 0.08758679777383804}"
val,"{'mae': 0.11824128776788712, 'rmse': 0.11836627870798111}","{'mae': 0.0670294314622879, 'rmse': 0.08745566755533218}"
train,"{'mae': 0.1190762147307396, 'rmse': 0.11935379356145859}","{'mae': 0.06664469838142395, 'rmse': 0.08713184297084808}"
val,"{'mae': 0.1185612827539444, 'rmse': 0.11874178797006607}","{'mae': 0.06609921902418137, 'rmse': 0.08641603589057922}"
train,"{'mae': 0.12276993691921234, 'rmse': 0.12303172051906586}","{'mae': 0.06688933074474335, 'rmse': 0.08747196942567825}"
val,"{'mae': 0.12366707623004913, 'rmse': 0.123907171189785}","{'mae': 0.06668849289417267, 'rmse': 0.08710439503192902}"
train,"{'mae': 0.12836797535419464, 'rmse': 0.12862710654735565}","{'mae': 0.06730151921510696, 'rmse': 0.08803599327802658}"
val,"{'mae': 0.1348264515399933, 'rmse': 0.13497713208198547}","{'mae': 0.06670338660478592, 'rmse': 0.08719896525144577}"
train,"{'mae': 0.1320558786392212, 'rmse': 0.1323125958442688}","{'mae': 0.06798137724399567, 'rmse': 0.08898089826107025}"
val,"{'mae': 0.13089637458324432, 'rmse': 0.1309569627046585}","{'mae': 0.06685327738523483, 'rmse': 0.08740852028131485}"
train,"{'mae': 0.1307123750448227, 'rmse': 0.13098455965518951}","{'mae': 0.06675112992525101, 'rmse': 0.0872880220413208}"
val,"{'mae': 0.12978848814964294, 'rmse': 0.13005615770816803}","{'mae': 0.06680142134428024, 'rmse': 0.08740054070949554}"
train,"{'mae': 0.13696609437465668, 'rmse': 0.13724645972251892}","{'mae': 0.06672895699739456, 'rmse': 0.08726093918085098}"
val,"{'mae': 0.1370527744293213, 'rmse': 0.13721084594726562}","{'mae': 0.06701328605413437, 'rmse': 0.08757846802473068}"
train,"{'mae': 0.14156600832939148, 'rmse': 0.1418834924697876}","{'mae': 0.06678569316864014, 'rmse': 0.08732257783412933}"
val,"{'mae': 0.14634576439857483, 'rmse': 0.14653567969799042}","{'mae': 0.06588675826787949, 'rmse': 0.08611436188220978}"
train,"{'mae': 0.14617125689983368, 'rmse': 0.14643624424934387}","{'mae': 0.06647878885269165, 'rmse': 0.08695025742053986}"
val,"{'mae': 0.14668066799640656, 'rmse': 0.14696919918060303}","{'mae': 0.0659429132938385, 'rmse': 0.08622794598340988}"
train,"{'mae': 0.14730127155780792, 'rmse': 0.14761918783187866}","{'mae': 0.06652557104825974, 'rmse': 0.08697950839996338}"
val,"{'mae': 0.15736164152622223, 'rmse': 0.1575898677110672}","{'mae': 0.06797225773334503, 'rmse': 0.08862955868244171}"
train,"{'mae': 0.15233086049556732, 'rmse': 0.15266796946525574}","{'mae': 0.0662984773516655, 'rmse': 0.08667060732841492}"
val,"{'mae': 0.1460210084915161, 'rmse': 0.14638853073120117}","{'mae': 0.06636586040258408, 'rmse': 0.08678043633699417}"
train,"{'mae': 0.15582944452762604, 'rmse': 0.15614794194698334}","{'mae': 0.06648404896259308, 'rmse': 0.08691311627626419}"
val,"{'mae': 0.15375833213329315, 'rmse': 0.15418964624404907}","{'mae': 0.06617014110088348, 'rmse': 0.08645427972078323}"
train,"{'mae': 0.16051213443279266, 'rmse': 0.16086547076702118}","{'mae': 0.06627044081687927, 'rmse': 0.08665088564157486}"
val,"{'mae': 0.16229207813739777, 'rmse': 0.16255030035972595}","{'mae': 0.06673405319452286, 'rmse': 0.08709356188774109}"
train,"{'mae': 0.16535837948322296, 'rmse': 0.16566462814807892}","{'mae': 0.06568118929862976, 'rmse': 0.08587194979190826}"
val,"{'mae': 0.16665059328079224, 'rmse': 0.16689451038837433}","{'mae': 0.06535189598798752, 'rmse': 0.0854656845331192}"
train,"{'mae': 0.16990651190280914, 'rmse': 0.17028777301311493}","{'mae': 0.06684912741184235, 'rmse': 0.0874924436211586}"
val,"{'mae': 0.17634357511997223, 'rmse': 0.1765887439250946}","{'mae': 0.06573592871427536, 'rmse': 0.08606722205877304}"
train,"{'mae': 0.1736023724079132, 'rmse': 0.17393192648887634}","{'mae': 0.06561059504747391, 'rmse': 0.085783451795578}"
val,"{'mae': 0.17916308343410492, 'rmse': 0.17939972877502441}","{'mae': 0.06582952290773392, 'rmse': 0.08607888221740723}"
train,"{'mae': 0.17699381709098816, 'rmse': 0.1773618757724762}","{'mae': 0.06621063500642776, 'rmse': 0.08663054555654526}"
val,"{'mae': 0.17344604432582855, 'rmse': 0.17381954193115234}","{'mae': 0.07102825492620468, 'rmse': 0.09299225360155106}"
train,"{'mae': 0.17997197806835175, 'rmse': 0.18036572635173798}","{'mae': 0.06642927974462509, 'rmse': 0.08687207102775574}"
val,"{'mae': 0.18095234036445618, 'rmse': 0.18120022118091583}","{'mae': 0.06644762307405472, 'rmse': 0.08680611103773117}"
train,"{'mae': 0.1822129189968109, 'rmse': 0.1825985163450241}","{'mae': 0.0657244324684143, 'rmse': 0.08593835681676865}"
val,"{'mae': 0.18924491107463837, 'rmse': 0.18948936462402344}","{'mae': 0.06591948866844177, 'rmse': 0.0861562043428421}"
train,"{'mae': 0.18666714429855347, 'rmse': 0.18707279860973358}","{'mae': 0.0654347762465477, 'rmse': 0.08553071320056915}"
val,"{'mae': 0.19018973410129547, 'rmse': 0.19050249457359314}","{'mae': 0.06631351262331009, 'rmse': 0.08666417002677917}"
train,"{'mae': 0.19152165949344635, 'rmse': 0.19193273782730103}","{'mae': 0.06517945230007172, 'rmse': 0.08522917330265045}"
val,"{'mae': 0.1958436667919159, 'rmse': 0.19620007276535034}","{'mae': 0.0656147301197052, 'rmse': 0.08568286150693893}"
train,"{'mae': 0.195973202586174, 'rmse': 0.19638758897781372}","{'mae': 0.06526003032922745, 'rmse': 0.08531566709280014}"
val,"{'mae': 0.199809730052948, 'rmse': 0.2001134157180786}","{'mae': 0.06496886163949966, 'rmse': 0.08493047952651978}"
train,"{'mae': 0.19984185695648193, 'rmse': 0.20029015839099884}","{'mae': 0.06621427088975906, 'rmse': 0.08660287410020828}"
val,"{'mae': 0.20849941670894623, 'rmse': 0.20873138308525085}","{'mae': 0.06532303988933563, 'rmse': 0.08532644808292389}"
train,"{'mae': 0.20268219709396362, 'rmse': 0.203127920627594}","{'mae': 0.06529552489519119, 'rmse': 0.08536229282617569}"
val,"{'mae': 0.2065986841917038, 'rmse': 0.20704665780067444}","{'mae': 0.06588967144489288, 'rmse': 0.08604918420314789}"
train,"{'mae': 0.20649823546409607, 'rmse': 0.20695938169956207}","{'mae': 0.06556808203458786, 'rmse': 0.08575375378131866}"
val,"{'mae': 0.2024846225976944, 'rmse': 0.20284564793109894}","{'mae': 0.06608494371175766, 'rmse': 0.08655297011137009}"
train,"{'mae': 0.21061347424983978, 'rmse': 0.21104148030281067}","{'mae': 0.06494953483343124, 'rmse': 0.0849163681268692}"
val,"{'mae': 0.21225976943969727, 'rmse': 0.212704598903656}","{'mae': 0.06545890867710114, 'rmse': 0.0853886604309082}"
train,"{'mae': 0.2133568674325943, 'rmse': 0.21382099390029907}","{'mae': 0.06510216742753983, 'rmse': 0.08510367572307587}"
val,"{'mae': 0.21759448945522308, 'rmse': 0.21811939775943756}","{'mae': 0.06517915427684784, 'rmse': 0.08520050346851349}"
train,"{'mae': 0.21880002319812775, 'rmse': 0.21925029158592224}","{'mae': 0.06542720645666122, 'rmse': 0.08557015657424927}"
val,"{'mae': 0.21952995657920837, 'rmse': 0.22012649476528168}","{'mae': 0.0645323246717453, 'rmse': 0.08445693552494049}"
train,"{'mae': 0.21927587687969208, 'rmse': 0.21979469060897827}","{'mae': 0.06540509313344955, 'rmse': 0.08550506085157394}"
val,"{'mae': 0.22918161749839783, 'rmse': 0.22965966165065765}","{'mae': 0.06560526043176651, 'rmse': 0.08574563264846802}"
train,"{'mae': 0.22249549627304077, 'rmse': 0.22300584614276886}","{'mae': 0.06627711653709412, 'rmse': 0.08670032024383545}"
val,"{'mae': 0.22577369213104248, 'rmse': 0.22629433870315552}","{'mae': 0.06709279865026474, 'rmse': 0.08748849481344223}"
train,"{'mae': 0.22235706448554993, 'rmse': 0.2228567749261856}","{'mae': 0.065589539706707, 'rmse': 0.08575981855392456}"
val,"{'mae': 0.22091981768608093, 'rmse': 0.22140511870384216}","{'mae': 0.06444764882326126, 'rmse': 0.0843227207660675}"
train,"{'mae': 0.2249416559934616, 'rmse': 0.2254709005355835}","{'mae': 0.06503480672836304, 'rmse': 0.08503805100917816}"
val,"{'mae': 0.22798410058021545, 'rmse': 0.22835738956928253}","{'mae': 0.06513439863920212, 'rmse': 0.0852133259177208}"
train,"{'mae': 0.22921918332576752, 'rmse': 0.22975532710552216}","{'mae': 0.06509168446063995, 'rmse': 0.08511463552713394}"
val,"{'mae': 0.23018363118171692, 'rmse': 0.23072180151939392}","{'mae': 0.06465361267328262, 'rmse': 0.08445698767900467}"
train,"{'mae': 0.2334439605474472, 'rmse': 0.23401430249214172}","{'mae': 0.06550446152687073, 'rmse': 0.08563898503780365}"
val,"{'mae': 0.24054329097270966, 'rmse': 0.24090074002742767}","{'mae': 0.06693047285079956, 'rmse': 0.08735566586256027}"
train,"{'mae': 0.23603835701942444, 'rmse': 0.23656873404979706}","{'mae': 0.06491338461637497, 'rmse': 0.08486803621053696}"
val,"{'mae': 0.23854313790798187, 'rmse': 0.23908767104148865}","{'mae': 0.06567400693893433, 'rmse': 0.08577844500541687}"
train,"{'mae': 0.24078762531280518, 'rmse': 0.24130865931510925}","{'mae': 0.06474874913692474, 'rmse': 0.0846661627292633}"
val,"{'mae': 0.24753621220588684, 'rmse': 0.248138427734375}","{'mae': 0.0671820119023323, 'rmse': 0.08750425279140472}"
train,"{'mae': 0.2435442954301834, 'rmse': 0.2440919280052185}","{'mae': 0.06507652252912521, 'rmse': 0.08507989346981049}"
val,"{'mae': 0.2534504234790802, 'rmse': 0.2538881003856659}","{'mae': 0.06547001004219055, 'rmse': 0.0855301171541214}"
train,"{'mae': 0.24870264530181885, 'rmse': 0.24927788972854614}","{'mae': 0.06495556980371475, 'rmse': 0.08492893725633621}"
val,"{'mae': 0.258503794670105, 'rmse': 0.258905291557312}","{'mae': 0.0650515928864479, 'rmse': 0.0849948525428772}"
train,"{'mae': 0.25085464119911194, 'rmse': 0.25143247842788696}","{'mae': 0.06557450443506241, 'rmse': 0.08574831485748291}"
val,"{'mae': 0.2532210946083069, 'rmse': 0.2536812126636505}","{'mae': 0.06693024188280106, 'rmse': 0.08768388628959656}"
train,"{'mae': 0.2528368830680847, 'rmse': 0.25340238213539124}","{'mae': 0.06487151980400085, 'rmse': 0.08482873439788818}"
val,"{'mae': 0.2608506679534912, 'rmse': 0.2613086998462677}","{'mae': 0.06516793370246887, 'rmse': 0.08532626181840897}"
train,"{'mae': 0.2567143440246582, 'rmse': 0.25726592540740967}","{'mae': 0.06482789665460587, 'rmse': 0.08472845703363419}"
val,"{'mae': 0.25540411472320557, 'rmse': 0.25583022832870483}","{'mae': 0.06601665914058685, 'rmse': 0.08634629845619202}"
train,"{'mae': 0.25767338275909424, 'rmse': 0.2582576274871826}","{'mae': 0.06449317187070847, 'rmse': 0.08432672172784805}"
val,"{'mae': 0.26445871591567993, 'rmse': 0.26484009623527527}","{'mae': 0.06652114540338516, 'rmse': 0.08714062720537186}"
train,"{'mae': 0.26226523518562317, 'rmse': 0.26283639669418335}","{'mae': 0.064596027135849, 'rmse': 0.08447518944740295}"
val,"{'mae': 0.25668030977249146, 'rmse': 0.25726279616355896}","{'mae': 0.0642654150724411, 'rmse': 0.0841444581747055}"
train,"{'mae': 0.26568880677223206, 'rmse': 0.2662524878978729}","{'mae': 0.06449264287948608, 'rmse': 0.08430325239896774}"
val,"{'mae': 0.27327969670295715, 'rmse': 0.27385324239730835}","{'mae': 0.06514893472194672, 'rmse': 0.08509819954633713}"
train,"{'mae': 0.2687457203865051, 'rmse': 0.26932451128959656}","{'mae': 0.06465577334165573, 'rmse': 0.0845218151807785}"
val,"{'mae': 0.2757745087146759, 'rmse': 0.27635037899017334}","{'mae': 0.06448420882225037, 'rmse': 0.08424834907054901}"
train,"{'mae': 0.2718358337879181, 'rmse': 0.27240967750549316}","{'mae': 0.06416957080364227, 'rmse': 0.08390142768621445}"
val,"{'mae': 0.2745285630226135, 'rmse': 0.27490222454071045}","{'mae': 0.06530218571424484, 'rmse': 0.08531234413385391}"
train,"{'mae': 0.27571412920951843, 'rmse': 0.27629077434539795}","{'mae': 0.06426135450601578, 'rmse': 0.08403848856687546}"
val,"{'mae': 0.2728911340236664, 'rmse': 0.2736090123653412}","{'mae': 0.06541815400123596, 'rmse': 0.08542792499065399}"
train,"{'mae': 0.27890995144844055, 'rmse': 0.2794857323169708}","{'mae': 0.06428064405918121, 'rmse': 0.08402561396360397}"
val,"{'mae': 0.28093940019607544, 'rmse': 0.2814815640449524}","{'mae': 0.0645299032330513, 'rmse': 0.084339439868927}"
train,"{'mae': 0.28269174695014954, 'rmse': 0.28329214453697205}","{'mae': 0.0643773227930069, 'rmse': 0.08417099714279175}"
val,"{'mae': 0.29363009333610535, 'rmse': 0.29418984055519104}","{'mae': 0.06516718119382858, 'rmse': 0.08483210951089859}"
train,"{'mae': 0.2867833077907562, 'rmse': 0.2873713970184326}","{'mae': 0.06429173052310944, 'rmse': 0.08404349535703659}"
val,"{'mae': 0.2912777066230774, 'rmse': 0.29189425706863403}","{'mae': 0.06387747824192047, 'rmse': 0.08351930975914001}"
train,"{'mae': 0.28847044706344604, 'rmse': 0.289051353931427}","{'mae': 0.06437741965055466, 'rmse': 0.08417371660470963}"
val,"{'mae': 0.29308149218559265, 'rmse': 0.29364341497421265}","{'mae': 0.06416647881269455, 'rmse': 0.08381370455026627}"
train,"{'mae': 0.292023628950119, 'rmse': 0.2926352024078369}","{'mae': 0.06413038820028305, 'rmse': 0.08386184275150299}"
val,"{'mae': 0.29708805680274963, 'rmse': 0.2976846694946289}","{'mae': 0.06371492892503738, 'rmse': 0.08330602943897247}"
train,"{'mae': 0.2947539687156677, 'rmse': 0.2953573763370514}","{'mae': 0.06423262506723404, 'rmse': 0.08398448675870895}"
val,"{'mae': 0.2977119982242584, 'rmse': 0.29823359847068787}","{'mae': 0.06373687833547592, 'rmse': 0.08325837552547455}"
train,"{'mae': 0.29930511116981506, 'rmse': 0.2999131679534912}","{'mae': 0.06448467075824738, 'rmse': 0.08434171229600906}"
val,"{'mae': 0.2973017692565918, 'rmse': 0.2978726923465729}","{'mae': 0.0636918768286705, 'rmse': 0.08328409492969513}"
train,"{'mae': 0.2996242940425873, 'rmse': 0.3002450168132782}","{'mae': 0.06388761103153229, 'rmse': 0.08353625982999802}"
val,"{'mae': 0.3039836585521698, 'rmse': 0.30460062623023987}","{'mae': 0.06421473622322083, 'rmse': 0.08384262025356293}"
train,"{'mae': 0.30463629961013794, 'rmse': 0.30528175830841064}","{'mae': 0.06437206268310547, 'rmse': 0.08415620774030685}"
val,"{'mae': 0.3075106143951416, 'rmse': 0.308145135641098}","{'mae': 0.06563854217529297, 'rmse': 0.08558912575244904}"
train,"{'mae': 0.3065745234489441, 'rmse': 0.3071916699409485}","{'mae': 0.06414754688739777, 'rmse': 0.08386766910552979}"
val,"{'mae': 0.31139543652534485, 'rmse': 0.31207677721977234}","{'mae': 0.064585380256176, 'rmse': 0.08428644388914108}"
train,"{'mae': 0.3100111186504364, 'rmse': 0.3106216788291931}","{'mae': 0.06383019685745239, 'rmse': 0.0834294781088829}"
val,"{'mae': 0.31610342860221863, 'rmse': 0.31661611795425415}","{'mae': 0.06376147270202637, 'rmse': 0.08333392441272736}"
train,"{'mae': 0.31188711524009705, 'rmse': 0.3125112056732178}","{'mae': 0.0640619620680809, 'rmse': 0.08378147333860397}"
val,"{'mae': 0.31859090924263, 'rmse': 0.3190649449825287}","{'mae': 0.06345082074403763, 'rmse': 0.08296991884708405}"
train,"{'mae': 0.3162457346916199, 'rmse': 0.3168790340423584}","{'mae': 0.06449297070503235, 'rmse': 0.08434140682220459}"
val,"{'mae': 0.3175252676010132, 'rmse': 0.31808900833129883}","{'mae': 0.06402934342622757, 'rmse': 0.08369792997837067}"
train,"{'mae': 0.3182811141014099, 'rmse': 0.3189200162887573}","{'mae': 0.06384199112653732, 'rmse': 0.08347693830728531}"
val,"{'mae': 0.3223777115345001, 'rmse': 0.3229200541973114}","{'mae': 0.06369177997112274, 'rmse': 0.0832655057311058}"
train,"{'mae': 0.3206668198108673, 'rmse': 0.3213120996952057}","{'mae': 0.06392678618431091, 'rmse': 0.0835827887058258}"
val,"{'mae': 0.32145771384239197, 'rmse': 0.3219641149044037}","{'mae': 0.06440352648496628, 'rmse': 0.08424783498048782}"
train,"{'mae': 0.3231184184551239, 'rmse': 0.323753297328949}","{'mae': 0.06373441964387894, 'rmse': 0.08331892639398575}"
val,"{'mae': 0.32465890049934387, 'rmse': 0.3253379166126251}","{'mae': 0.06407191604375839, 'rmse': 0.08375706523656845}"
train,"{'mae': 0.3248981833457947, 'rmse': 0.32554084062576294}","{'mae': 0.06382477283477783, 'rmse': 0.08344031125307083}"
val,"{'mae': 0.3301856815814972, 'rmse': 0.3306516110897064}","{'mae': 0.06453487277030945, 'rmse': 0.08443458378314972}"
train,"{'mae': 0.3282768726348877, 'rmse': 0.3289242684841156}","{'mae': 0.06341077387332916, 'rmse': 0.08292068541049957}"
val,"{'mae': 0.3367195427417755, 'rmse': 0.33730798959732056}","{'mae': 0.06359105557203293, 'rmse': 0.08313452452421188}"
train,"{'mae': 0.33300015330314636, 'rmse': 0.333650141954422}","{'mae': 0.06376083195209503, 'rmse': 0.08336268365383148}"
val,"{'mae': 0.33455386757850647, 'rmse': 0.33523058891296387}","{'mae': 0.06379739940166473, 'rmse': 0.08338259160518646}"
train,"{'mae': 0.3335212469100952, 'rmse': 0.3341769576072693}","{'mae': 0.06384137272834778, 'rmse': 0.08348245173692703}"
val,"{'mae': 0.3372439444065094, 'rmse': 0.3378002345561981}","{'mae': 0.06343890726566315, 'rmse': 0.08300825208425522}"
train,"{'mae': 0.33644893765449524, 'rmse': 0.33709290623664856}","{'mae': 0.06344104558229446, 'rmse': 0.08295513689517975}"
val,"{'mae': 0.3432847559452057, 'rmse': 0.34390196204185486}","{'mae': 0.06315106153488159, 'rmse': 0.0826195701956749}"
train,"{'mae': 0.33938512206077576, 'rmse': 0.3400479853153229}","{'mae': 0.06368523091077805, 'rmse': 0.08327017724514008}"
val,"{'mae': 0.35053420066833496, 'rmse': 0.35115566849708557}","{'mae': 0.06460250169038773, 'rmse': 0.08425471931695938}"
train,"{'mae': 0.34203851222991943, 'rmse': 0.34269413352012634}","{'mae': 0.06354161351919174, 'rmse': 0.08310907334089279}"
val,"{'mae': 0.3443828225135803, 'rmse': 0.34503477811813354}","{'mae': 0.06315367668867111, 'rmse': 0.08258520066738129}"
train,"{'mae': 0.3446136713027954, 'rmse': 0.34527942538261414}","{'mae': 0.06334588676691055, 'rmse': 0.08282932639122009}"
val,"{'mae': 0.34723642468452454, 'rmse': 0.34792929887771606}","{'mae': 0.06313427537679672, 'rmse': 0.08261958509683609}"
train,"{'mae': 0.3472764194011688, 'rmse': 0.3479410707950592}","{'mae': 0.06361371278762817, 'rmse': 0.08315207809209824}"
val,"{'mae': 0.3399691879749298, 'rmse': 0.3405971825122833}","{'mae': 0.06405461579561234, 'rmse': 0.08388972282409668}"
train,"{'mae': 0.34757623076438904, 'rmse': 0.34825724363327026}","{'mae': 0.06390372663736343, 'rmse': 0.0835455060005188}"
val,"{'mae': 0.35920169949531555, 'rmse': 0.3597998321056366}","{'mae': 0.06345653533935547, 'rmse': 0.08304250985383987}"
train,"{'mae': 0.35360872745513916, 'rmse': 0.35429373383522034}","{'mae': 0.0635925754904747, 'rmse': 0.08316334336996078}"
val,"{'mae': 0.3547932803630829, 'rmse': 0.35541480779647827}","{'mae': 0.06354451179504395, 'rmse': 0.083124540746212}"
train,"{'mae': 0.354995459318161, 'rmse': 0.35567066073417664}","{'mae': 0.06329918652772903, 'rmse': 0.08277908712625504}"
val,"{'mae': 0.3585606813430786, 'rmse': 0.35916969180107117}","{'mae': 0.0631418451666832, 'rmse': 0.08251192420721054}"
train,"{'mae': 0.3568452000617981, 'rmse': 0.35753095149993896}","{'mae': 0.06333953887224197, 'rmse': 0.08279798179864883}"
val,"{'mae': 0.3609415888786316, 'rmse': 0.3615758419036865}","{'mae': 0.06296095997095108, 'rmse': 0.0823136419057846}"
train,"{'mae': 0.359615683555603, 'rmse': 0.36031603813171387}","{'mae': 0.06369265168905258, 'rmse': 0.08331744372844696}"
val,"{'mae': 0.36465156078338623, 'rmse': 0.36527901887893677}","{'mae': 0.06265412271022797, 'rmse': 0.081971675157547}"
train,"{'mae': 0.36210352182388306, 'rmse': 0.3627934455871582}","{'mae': 0.06337988376617432, 'rmse': 0.08288135379552841}"
val,"{'mae': 0.36968323588371277, 'rmse': 0.3701934814453125}","{'mae': 0.06642690300941467, 'rmse': 0.08693920820951462}"
train,"{'mae': 0.3611334562301636, 'rmse': 0.3618437647819519}","{'mae': 0.0635809525847435, 'rmse': 0.083099365234375}"
val,"{'mae': 0.36416494846343994, 'rmse': 0.3648347854614258}","{'mae': 0.063971146941185, 'rmse': 0.08353903144598007}"
train,"{'mae': 0.3648405075073242, 'rmse': 0.36553576588630676}","{'mae': 0.06328048557043076, 'rmse': 0.08275048434734344}"
val,"{'mae': 0.36495423316955566, 'rmse': 0.3656390905380249}","{'mae': 0.06399980187416077, 'rmse': 0.08349582552909851}"
train,"{'mae': 0.3681141138076782, 'rmse': 0.36882323026657104}","{'mae': 0.06319399178028107, 'rmse': 0.08263888955116272}"
val,"{'mae': 0.36795902252197266, 'rmse': 0.3686559498310089}","{'mae': 0.06255272030830383, 'rmse': 0.08189205825328827}"
train,"{'mae': 0.36967551708221436, 'rmse': 0.3704139292240143}","{'mae': 0.06325049698352814, 'rmse': 0.08272422850131989}"
val,"{'mae': 0.3823648989200592, 'rmse': 0.38289904594421387}","{'mae': 0.06433136761188507, 'rmse': 0.0839872807264328}"
train,"{'mae': 0.370731920003891, 'rmse': 0.37145915627479553}","{'mae': 0.06355185061693192, 'rmse': 0.08310317248106003}"
val,"{'mae': 0.3695887625217438, 'rmse': 0.37024936079978943}","{'mae': 0.06355684250593185, 'rmse': 0.08319132775068283}"
train,"{'mae': 0.3743959367275238, 'rmse': 0.37511613965034485}","{'mae': 0.06295735388994217, 'rmse': 0.08233668655157089}"
val,"{'mae': 0.3747800588607788, 'rmse': 0.37558457255363464}","{'mae': 0.06344173103570938, 'rmse': 0.0828690305352211}"
train,"{'mae': 0.3770650327205658, 'rmse': 0.3777920603752136}","{'mae': 0.06307624280452728, 'rmse': 0.08248656243085861}"
val,"{'mae': 0.378941148519516, 'rmse': 0.3795830309391022}","{'mae': 0.06319951266050339, 'rmse': 0.08249258249998093}"
train,"{'mae': 0.3776473104953766, 'rmse': 0.3783956468105316}","{'mae': 0.06322604417800903, 'rmse': 0.08265603333711624}"
val,"{'mae': 0.3852618634700775, 'rmse': 0.3859046995639801}","{'mae': 0.06323403120040894, 'rmse': 0.0827147364616394}"
train,"{'mae': 0.38188931345939636, 'rmse': 0.382617324590683}","{'mae': 0.06327393651008606, 'rmse': 0.0827648863196373}"
val,"{'mae': 0.3844253420829773, 'rmse': 0.38513052463531494}","{'mae': 0.06311735510826111, 'rmse': 0.08252618461847305}"
train,"{'mae': 0.382324755191803, 'rmse': 0.38304904103279114}","{'mae': 0.06269748508930206, 'rmse': 0.08201265335083008}"
val,"{'mae': 0.38620832562446594, 'rmse': 0.3869195878505707}","{'mae': 0.06319782882928848, 'rmse': 0.08265838772058487}"
train,"{'mae': 0.3854030966758728, 'rmse': 0.38614532351493835}","{'mae': 0.06337718665599823, 'rmse': 0.08287060260772705}"
val,"{'mae': 0.39000821113586426, 'rmse': 0.3907400369644165}","{'mae': 0.06281859427690506, 'rmse': 0.08218508213758469}"
train,"{'mae': 0.3874712586402893, 'rmse': 0.3882141709327698}","{'mae': 0.06265666335821152, 'rmse': 0.08195677399635315}"
val,"{'mae': 0.38616859912872314, 'rmse': 0.3869805932044983}","{'mae': 0.0625709667801857, 'rmse': 0.08181621879339218}"
train,"{'mae': 0.3902163803577423, 'rmse': 0.3909865915775299}","{'mae': 0.06327252089977264, 'rmse': 0.08271829783916473}"
val,"{'mae': 0.39889949560165405, 'rmse': 0.3995755612850189}","{'mae': 0.0626375824213028, 'rmse': 0.08189594745635986}"
train,"{'mae': 0.39123812317848206, 'rmse': 0.39198416471481323}","{'mae': 0.06335059553384781, 'rmse': 0.08285635709762573}"
val,"{'mae': 0.3963525593280792, 'rmse': 0.39701780676841736}","{'mae': 0.0627051591873169, 'rmse': 0.08199147880077362}"
train,"{'mae': 0.3948189616203308, 'rmse': 0.39554232358932495}","{'mae': 0.0625816062092781, 'rmse': 0.08185069262981415}"
val,"{'mae': 0.3984217643737793, 'rmse': 0.399064302444458}","{'mae': 0.06361375749111176, 'rmse': 0.08331102877855301}"
train,"{'mae': 0.39632803201675415, 'rmse': 0.3970639109611511}","{'mae': 0.0629582405090332, 'rmse': 0.08233606070280075}"
val,"{'mae': 0.4021432101726532, 'rmse': 0.4027712047100067}","{'mae': 0.06303533166646957, 'rmse': 0.08241362869739532}"
train,"{'mae': 0.39816486835479736, 'rmse': 0.398897647857666}","{'mae': 0.06286464631557465, 'rmse': 0.08224985748529434}"
val,"{'mae': 0.4009583592414856, 'rmse': 0.4016757011413574}","{'mae': 0.06364928930997849, 'rmse': 0.083311066031456}"
train,"{'mae': 0.39847689867019653, 'rmse': 0.39923545718193054}","{'mae': 0.06301891058683395, 'rmse': 0.08240853250026703}"
val,"{'mae': 0.40490955114364624, 'rmse': 0.4055321216583252}","{'mae': 0.06288154423236847, 'rmse': 0.082173652946949}"
train,"{'mae': 0.40344011783599854, 'rmse': 0.4041896164417267}","{'mae': 0.0627647116780281, 'rmse': 0.08209597319364548}"
val,"{'mae': 0.4022642970085144, 'rmse': 0.4030705690383911}","{'mae': 0.06321502476930618, 'rmse': 0.08255773782730103}"
train,"{'mae': 0.4034186601638794, 'rmse': 0.40417149662971497}","{'mae': 0.06266734004020691, 'rmse': 0.08196034282445908}"
val,"{'mae': 0.4048303961753845, 'rmse': 0.40553486347198486}","{'mae': 0.06319794058799744, 'rmse': 0.08269497752189636}"
train,"{'mae': 0.40596362948417664, 'rmse': 0.40672197937965393}","{'mae': 0.06287045776844025, 'rmse': 0.08223088830709457}"
val,"{'mae': 0.4123522937297821, 'rmse': 0.41312113404273987}","{'mae': 0.0629030093550682, 'rmse': 0.0821002721786499}"
train,"{'mae': 0.4084395468235016, 'rmse': 0.40919429063796997}","{'mae': 0.06245281919836998, 'rmse': 0.08166976273059845}"
val,"{'mae': 0.4142446517944336, 'rmse': 0.4148031175136566}","{'mae': 0.06370994448661804, 'rmse': 0.08330980688333511}"
train,"{'mae': 0.4097541570663452, 'rmse': 0.41052019596099854}","{'mae': 0.0627475306391716, 'rmse': 0.08204914629459381}"
val,"{'mae': 0.4163574278354645, 'rmse': 0.4171234667301178}","{'mae': 0.06341010332107544, 'rmse': 0.0829368606209755}"
train,"{'mae': 0.4128672480583191, 'rmse': 0.4136247932910919}","{'mae': 0.06246787682175636, 'rmse': 0.08170092105865479}"
val,"{'mae': 0.40895819664001465, 'rmse': 0.40974634885787964}","{'mae': 0.06270205974578857, 'rmse': 0.08198118954896927}"
train,"{'mae': 0.4130130112171173, 'rmse': 0.41379231214523315}","{'mae': 0.06291010230779648, 'rmse': 0.08227470517158508}"
val,"{'mae': 0.4193347990512848, 'rmse': 0.4201367497444153}","{'mae': 0.06338725984096527, 'rmse': 0.08282122015953064}"
train,"{'mae': 0.4157450199127197, 'rmse': 0.41652917861938477}","{'mae': 0.06246493011713028, 'rmse': 0.08173778653144836}"
val,"{'mae': 0.4220191240310669, 'rmse': 0.42273959517478943}","{'mae': 0.06231669336557388, 'rmse': 0.08153858780860901}"
train,"{'mae': 0.41850581765174866, 'rmse': 0.4192805588245392}","{'mae': 0.06233774870634079, 'rmse': 0.08153234422206879}"
val,"{'mae': 0.4265434145927429, 'rmse': 0.4272940456867218}","{'mae': 0.06256645917892456, 'rmse': 0.08172889053821564}"
train,"{'mae': 0.4214363098144531, 'rmse': 0.4222053289413452}","{'mae': 0.06278852373361588, 'rmse': 0.08210520446300507}"
val,"{'mae': 0.4219456613063812, 'rmse': 0.4229032099246979}","{'mae': 0.06329920887947083, 'rmse': 0.08266686648130417}"
train,"{'mae': 0.42097997665405273, 'rmse': 0.42176201939582825}","{'mae': 0.06283722817897797, 'rmse': 0.0821627825498581}"
val,"{'mae': 0.4246804118156433, 'rmse': 0.4253706932067871}","{'mae': 0.06255540996789932, 'rmse': 0.08174816519021988}"
train,"{'mae': 0.4230023920536041, 'rmse': 0.42377716302871704}","{'mae': 0.06211515888571739, 'rmse': 0.08128052949905396}"
val,"{'mae': 0.4256194531917572, 'rmse': 0.4264673590660095}","{'mae': 0.06231014057993889, 'rmse': 0.08149150758981705}"
train,"{'mae': 0.42645779252052307, 'rmse': 0.42725539207458496}","{'mae': 0.06291970610618591, 'rmse': 0.08231339603662491}"
val,"{'mae': 0.43073394894599915, 'rmse': 0.43149110674858093}","{'mae': 0.06217068061232567, 'rmse': 0.08128400892019272}"
train,"{'mae': 0.42668935656547546, 'rmse': 0.427486777305603}","{'mae': 0.06271093338727951, 'rmse': 0.08199169486761093}"
val,"{'mae': 0.42495307326316833, 'rmse': 0.42586731910705566}","{'mae': 0.06235435605049133, 'rmse': 0.0815051719546318}"
train,"{'mae': 0.4263822138309479, 'rmse': 0.4272076189517975}","{'mae': 0.06234036758542061, 'rmse': 0.08150869607925415}"
val,"{'mae': 0.4302780330181122, 'rmse': 0.43106886744499207}","{'mae': 0.06308487802743912, 'rmse': 0.08235238492488861}"
train,"{'mae': 0.42938005924224854, 'rmse': 0.430181086063385}","{'mae': 0.06225690245628357, 'rmse': 0.08145204186439514}"
val,"{'mae': 0.43950292468070984, 'rmse': 0.44021499156951904}","{'mae': 0.06265463680028915, 'rmse': 0.08181528002023697}"
train,"{'mae': 0.4311690628528595, 'rmse': 0.4319767355918884}","{'mae': 0.06223971024155617, 'rmse': 0.08141733705997467}"
val,"{'mae': 0.43266138434410095, 'rmse': 0.43350133299827576}","{'mae': 0.062082014977931976, 'rmse': 0.0812031552195549}"
train,"{'mae': 0.4341517984867096, 'rmse': 0.4349488615989685}","{'mae': 0.0622166246175766, 'rmse': 0.08137790858745575}"
val,"{'mae': 0.43574464321136475, 'rmse': 0.43646153807640076}","{'mae': 0.06192009523510933, 'rmse': 0.08106696605682373}"
train,"{'mae': 0.435217022895813, 'rmse': 0.4360278844833374}","{'mae': 0.06222887337207794, 'rmse': 0.08137769252061844}"
val,"{'mae': 0.4386618435382843, 'rmse': 0.4394742548465729}","{'mae': 0.0620138980448246, 'rmse': 0.08115831762552261}"
train,"{'mae': 0.43602466583251953, 'rmse': 0.4368385672569275}","{'mae': 0.06257259100675583, 'rmse': 0.08182606846094131}"
val,"{'mae': 0.44584134221076965, 'rmse': 0.4465517997741699}","{'mae': 0.06420106440782547, 'rmse': 0.08385170251131058}"
train,"{'mae': 0.43764781951904297, 'rmse': 0.43845951557159424}","{'mae': 0.06207086518406868, 'rmse': 0.08119295537471771}"
val,"{'mae': 0.4457486569881439, 'rmse': 0.4465985596179962}","{'mae': 0.0639553889632225, 'rmse': 0.08329763263463974}"
train,"{'mae': 0.4410354197025299, 'rmse': 0.4418492615222931}","{'mae': 0.06245138868689537, 'rmse': 0.08167886734008789}"
val,"{'mae': 0.44466912746429443, 'rmse': 0.44539615511894226}","{'mae': 0.06252487748861313, 'rmse': 0.08171293139457703}"
train,"{'mae': 0.44207385182380676, 'rmse': 0.44289910793304443}","{'mae': 0.06226462498307228, 'rmse': 0.08140293508768082}"
val,"{'mae': 0.44932228326797485, 'rmse': 0.45005229115486145}","{'mae': 0.06195288896560669, 'rmse': 0.08105425536632538}"
train,"{'mae': 0.4443815052509308, 'rmse': 0.44520339369773865}","{'mae': 0.062283359467983246, 'rmse': 0.08148956298828125}"
val,"{'mae': 0.44550007581710815, 'rmse': 0.4463192820549011}","{'mae': 0.06196923553943634, 'rmse': 0.08109422028064728}"
train,"{'mae': 0.4464355409145355, 'rmse': 0.44726601243019104}","{'mae': 0.061891552060842514, 'rmse': 0.08096343278884888}"
val,"{'mae': 0.44505083560943604, 'rmse': 0.44577184319496155}","{'mae': 0.062290314584970474, 'rmse': 0.08154945075511932}"
train,"{'mae': 0.44740208983421326, 'rmse': 0.4482249617576599}","{'mae': 0.0620010644197464, 'rmse': 0.08112456649541855}"
val,"{'mae': 0.4545445144176483, 'rmse': 0.45538613200187683}","{'mae': 0.06209414824843407, 'rmse': 0.08114366233348846}"
train,"{'mae': 0.4499536156654358, 'rmse': 0.45077210664749146}","{'mae': 0.06190163642168045, 'rmse': 0.08097785711288452}"
val,"{'mae': 0.458246111869812, 'rmse': 0.4589235186576843}","{'mae': 0.0627368837594986, 'rmse': 0.08195064961910248}"
train,"{'mae': 0.45139235258102417, 'rmse': 0.45222190022468567}","{'mae': 0.06216048076748848, 'rmse': 0.08133836090564728}"
val,"{'mae': 0.46040719747543335, 'rmse': 0.46112456917762756}","{'mae': 0.06271957606077194, 'rmse': 0.08203663676977158}"
train,"{'mae': 0.4539504051208496, 'rmse': 0.4547710716724396}","{'mae': 0.06208954006433487, 'rmse': 0.08120676130056381}"
val,"{'mae': 0.4500924348831177, 'rmse': 0.4510228931903839}","{'mae': 0.06184566393494606, 'rmse': 0.08087757974863052}"
train,"{'mae': 0.4542904794216156, 'rmse': 0.4551251232624054}","{'mae': 0.0619884692132473, 'rmse': 0.08108316361904144}"
val,"{'mae': 0.45503926277160645, 'rmse': 0.45584264397621155}","{'mae': 0.06219133734703064, 'rmse': 0.08122969418764114}"
train,"{'mae': 0.4559308886528015, 'rmse': 0.45676344633102417}","{'mae': 0.06169508025050163, 'rmse': 0.08071545511484146}"
val,"{'mae': 0.46149829030036926, 'rmse': 0.4622802138328552}","{'mae': 0.06213678419589996, 'rmse': 0.08118637651205063}"
train,"{'mae': 0.45802614092826843, 'rmse': 0.45884835720062256}","{'mae': 0.061801936477422714, 'rmse': 0.08083927631378174}"
val,"{'mae': 0.4604993760585785, 'rmse': 0.46124452352523804}","{'mae': 0.06234078109264374, 'rmse': 0.08155661821365356}"
train,"{'mae': 0.4587305784225464, 'rmse': 0.45956897735595703}","{'mae': 0.06201274320483208, 'rmse': 0.08111149817705154}"
val,"{'mae': 0.46576687693595886, 'rmse': 0.4665217995643616}","{'mae': 0.0621647872030735, 'rmse': 0.08134277164936066}"
train,"{'mae': 0.4604262113571167, 'rmse': 0.4612789750099182}","{'mae': 0.062167804688215256, 'rmse': 0.08130268007516861}"
val,"{'mae': 0.4681667685508728, 'rmse': 0.4689050316810608}","{'mae': 0.0623435340821743, 'rmse': 0.08155594021081924}"
train,"{'mae': 0.46173492074012756, 'rmse': 0.46258217096328735}","{'mae': 0.06200242415070534, 'rmse': 0.08111697435379028}"
val,"{'mae': 0.46625787019729614, 'rmse': 0.46700409054756165}","{'mae': 0.06146790459752083, 'rmse': 0.08045163005590439}"
train,"{'mae': 0.4633435308933258, 'rmse': 0.464179128408432}","{'mae': 0.06177547201514244, 'rmse': 0.08080641180276871}"
val,"{'mae': 0.4685257077217102, 'rmse': 0.46931344270706177}","{'mae': 0.06250596791505814, 'rmse': 0.08178569376468658}"
train,"{'mae': 0.4637722373008728, 'rmse': 0.4646250009536743}","{'mae': 0.061690814793109894, 'rmse': 0.0807088315486908}"
val,"{'mae': 0.47532156109809875, 'rmse': 0.4760779142379761}","{'mae': 0.06147513911128044, 'rmse': 0.08044202625751495}"
train,"{'mae': 0.4667630195617676, 'rmse': 0.46760329604148865}","{'mae': 0.062030162662267685, 'rmse': 0.08113735169172287}"
val,"{'mae': 0.4702844023704529, 'rmse': 0.47112399339675903}","{'mae': 0.06262551993131638, 'rmse': 0.08184418827295303}"
train,"{'mae': 0.46792563796043396, 'rmse': 0.46877744793891907}","{'mae': 0.06180817633867264, 'rmse': 0.08087121695280075}"
val,"{'mae': 0.47952961921691895, 'rmse': 0.4803220331668854}","{'mae': 0.062445126473903656, 'rmse': 0.08149336278438568}"
train,"{'mae': 0.4694748818874359, 'rmse': 0.4703267216682434}","{'mae': 0.06173185631632805, 'rmse': 0.0807473361492157}"
val,"{'mae': 0.4759303629398346, 'rmse': 0.4767894446849823}","{'mae': 0.06186836212873459, 'rmse': 0.08094499260187149}"
train,"{'mae': 0.47162002325057983, 'rmse': 0.47248387336730957}","{'mae': 0.061875831335783005, 'rmse': 0.08094653487205505}"
val,"{'mae': 0.47465750575065613, 'rmse': 0.47540283203125}","{'mae': 0.06292400509119034, 'rmse': 0.08223194628953934}"
train,"{'mae': 0.4734172821044922, 'rmse': 0.4742647409439087}","{'mae': 0.061798833310604095, 'rmse': 0.08082911372184753}"
val,"{'mae': 0.4752621650695801, 'rmse': 0.47602951526641846}","{'mae': 0.06197959557175636, 'rmse': 0.08112899959087372}"
train,"{'mae': 0.4742823541164398, 'rmse': 0.4751398265361786}","{'mae': 0.0618116594851017, 'rmse': 0.08084554225206375}"
val,"{'mae': 0.48569703102111816, 'rmse': 0.48649904131889343}","{'mae': 0.06259705126285553, 'rmse': 0.0816555842757225}"
train,"{'mae': 0.4768252670764923, 'rmse': 0.47766801714897156}","{'mae': 0.061823684722185135, 'rmse': 0.08087282627820969}"
val,"{'mae': 0.4802442193031311, 'rmse': 0.4810100495815277}","{'mae': 0.0617416612803936, 'rmse': 0.08078472316265106}"
train,"{'mae': 0.47732824087142944, 'rmse': 0.4781782329082489}","{'mae': 0.06173396483063698, 'rmse': 0.08076485246419907}"
val,"{'mae': 0.48686203360557556, 'rmse': 0.4876146912574768}","{'mae': 0.06141303479671478, 'rmse': 0.08040747791528702}"
train,"{'mae': 0.4780796468257904, 'rmse': 0.47892817854881287}","{'mae': 0.061557114124298096, 'rmse': 0.08055378496646881}"
val,"{'mae': 0.48381656408309937, 'rmse': 0.48465102910995483}","{'mae': 0.06195377930998802, 'rmse': 0.08102834224700928}"
train,"{'mae': 0.48003092408180237, 'rmse': 0.48088550567626953}","{'mae': 0.06160414591431618, 'rmse': 0.08059640973806381}"
val,"{'mae': 0.48433205485343933, 'rmse': 0.48520004749298096}","{'mae': 0.06168508529663086, 'rmse': 0.08065677434206009}"
train,"{'mae': 0.48028022050857544, 'rmse': 0.4811421036720276}","{'mae': 0.061573442071676254, 'rmse': 0.08056417852640152}"
val,"{'mae': 0.4857787489891052, 'rmse': 0.4866143465042114}","{'mae': 0.06117481738328934, 'rmse': 0.0800706222653389}"
train,"{'mae': 0.4834969639778137, 'rmse': 0.48436054587364197}","{'mae': 0.061460092663764954, 'rmse': 0.08041254431009293}"
val,"{'mae': 0.48868080973625183, 'rmse': 0.48949721455574036}","{'mae': 0.06168399006128311, 'rmse': 0.08055253326892853}"
train,"{'mae': 0.48386350274086, 'rmse': 0.48472151160240173}","{'mae': 0.061704862862825394, 'rmse': 0.08071978390216827}"
val,"{'mae': 0.48606061935424805, 'rmse': 0.4869621694087982}","{'mae': 0.06161763146519661, 'rmse': 0.08052153885364532}"
train,"{'mae': 0.48563265800476074, 'rmse': 0.4864848852157593}","{'mae': 0.061453018337488174, 'rmse': 0.08041105419397354}"
val,"{'mae': 0.48969292640686035, 'rmse': 0.49057623744010925}","{'mae': 0.06150564178824425, 'rmse': 0.08055178821086884}"
train,"{'mae': 0.48897212743759155, 'rmse': 0.48982495069503784}","{'mae': 0.061396922916173935, 'rmse': 0.0803336650133133}"
val,"{'mae': 0.49310585856437683, 'rmse': 0.4940015375614166}","{'mae': 0.06112600862979889, 'rmse': 0.0799960121512413}"
train,"{'mae': 0.4902264475822449, 'rmse': 0.491085022687912}","{'mae': 0.061549603939056396, 'rmse': 0.08053028583526611}"
val,"{'mae': 0.4936818778514862, 'rmse': 0.4945126473903656}","{'mae': 0.061430055648088455, 'rmse': 0.08037255704402924}"
train,"{'mae': 0.4909341335296631, 'rmse': 0.4917961061000824}","{'mae': 0.06156187877058983, 'rmse': 0.08052314817905426}"
val,"{'mae': 0.4898203909397125, 'rmse': 0.4906204044818878}","{'mae': 0.06159682944417, 'rmse': 0.08059705048799515}"
train,"{'mae': 0.4900010824203491, 'rmse': 0.4908677637577057}","{'mae': 0.06152631714940071, 'rmse': 0.08049868792295456}"
val,"{'mae': 0.4903784990310669, 'rmse': 0.4912722706794739}","{'mae': 0.06131642684340477, 'rmse': 0.08017273992300034}"
train,"{'mae': 0.4935964047908783, 'rmse': 0.4944576621055603}","{'mae': 0.06142938882112503, 'rmse': 0.08037019520998001}"
val,"{'mae': 0.4972797930240631, 'rmse': 0.49809324741363525}","{'mae': 0.061758507043123245, 'rmse': 0.08078768104314804}"
train,"{'mae': 0.49391552805900574, 'rmse': 0.4947799742221832}","{'mae': 0.06146024912595749, 'rmse': 0.08040349185466766}"
val,"{'mae': 0.4909815192222595, 'rmse': 0.4919167459011078}","{'mae': 0.061315979808568954, 'rmse': 0.08025362342596054}"
train,"{'mae': 0.49574822187423706, 'rmse': 0.4966117739677429}","{'mae': 0.06158909574151039, 'rmse': 0.0805618166923523}"
val,"{'mae': 0.49949073791503906, 'rmse': 0.5003117918968201}","{'mae': 0.06163078546524048, 'rmse': 0.08066818863153458}"
train,"{'mae': 0.4959563910961151, 'rmse': 0.4968264400959015}","{'mae': 0.06120584160089493, 'rmse': 0.08008262515068054}"
val,"{'mae': 0.5044562816619873, 'rmse': 0.5053222179412842}","{'mae': 0.06100869178771973, 'rmse': 0.07987000793218613}"
train,"{'mae': 0.4986323416233063, 'rmse': 0.4994978606700897}","{'mae': 0.06145744025707245, 'rmse': 0.08038635551929474}"
val,"{'mae': 0.4988556504249573, 'rmse': 0.49972495436668396}","{'mae': 0.061418019235134125, 'rmse': 0.08044453710317612}"
train,"{'mae': 0.4980483055114746, 'rmse': 0.4989219307899475}","{'mae': 0.061332818120718, 'rmse': 0.08024309575557709}"
val,"{'mae': 0.5055390000343323, 'rmse': 0.5064148902893066}","{'mae': 0.0615013986825943, 'rmse': 0.08046828210353851}"
train,"{'mae': 0.49949517846107483, 'rmse': 0.5003758072853088}","{'mae': 0.061359576880931854, 'rmse': 0.08027273416519165}"
val,"{'mae': 0.4971057176589966, 'rmse': 0.49806615710258484}","{'mae': 0.061334554105997086, 'rmse': 0.08025706559419632}"
train,"{'mae': 0.5016491413116455, 'rmse': 0.5025213956832886}","{'mae': 0.06129084527492523, 'rmse': 0.08019674569368362}"
val,"{'mae': 0.5066347122192383, 'rmse': 0.5075891017913818}","{'mae': 0.06192748621106148, 'rmse': 0.08091303706169128}"
train,"{'mae': 0.5023236870765686, 'rmse': 0.5031942129135132}","{'mae': 0.06133440136909485, 'rmse': 0.08024682849645615}"
val,"{'mae': 0.5039910078048706, 'rmse': 0.5047877430915833}","{'mae': 0.06129830330610275, 'rmse': 0.08028718084096909}"
train,"{'mae': 0.5035476684570312, 'rmse': 0.5044266581535339}","{'mae': 0.06141981855034828, 'rmse': 0.080361507833004}"
val,"{'mae': 0.5090262293815613, 'rmse': 0.5098083019256592}","{'mae': 0.06143372133374214, 'rmse': 0.08037428557872772}"
train,"{'mae': 0.5054251551628113, 'rmse': 0.5062915682792664}","{'mae': 0.06137111410498619, 'rmse': 0.08031222969293594}"
val,"{'mae': 0.5076144933700562, 'rmse': 0.508486807346344}","{'mae': 0.061164721846580505, 'rmse': 0.08001216500997543}"
train,"{'mae': 0.5066894292831421, 'rmse': 0.5075615644454956}","{'mae': 0.06109622120857239, 'rmse': 0.07996883988380432}"
val,"{'mae': 0.5145445466041565, 'rmse': 0.5153641700744629}","{'mae': 0.06112554669380188, 'rmse': 0.07999695837497711}"
train,"{'mae': 0.5085710287094116, 'rmse': 0.5094363689422607}","{'mae': 0.06107093021273613, 'rmse': 0.07993561029434204}"
val,"{'mae': 0.5035113096237183, 'rmse': 0.5044642686843872}","{'mae': 0.06166360154747963, 'rmse': 0.08067984879016876}"
train,"{'mae': 0.5100077390670776, 'rmse': 0.5108855366706848}","{'mae': 0.06125129386782646, 'rmse': 0.08014501631259918}"
val,"{'mae': 0.5106227397918701, 'rmse': 0.5115890502929688}","{'mae': 0.06250765174627304, 'rmse': 0.08161401748657227}"
train,"{'mae': 0.5123664736747742, 'rmse': 0.5132399201393127}","{'mae': 0.06129404157400131, 'rmse': 0.08020218461751938}"
val,"{'mae': 0.504996657371521, 'rmse': 0.5059940814971924}","{'mae': 0.06151872128248215, 'rmse': 0.08053511381149292}"
train,"{'mae': 0.5132534503936768, 'rmse': 0.5141291618347168}","{'mae': 0.06124470382928848, 'rmse': 0.08014828711748123}"
val,"{'mae': 0.5092113018035889, 'rmse': 0.5101864337921143}","{'mae': 0.06168932467699051, 'rmse': 0.0807899460196495}"
train,"{'mae': 0.5138242244720459, 'rmse': 0.5147076845169067}","{'mae': 0.06115793436765671, 'rmse': 0.08004563301801682}"
val,"{'mae': 0.5182304382324219, 'rmse': 0.5190758109092712}","{'mae': 0.0608828142285347, 'rmse': 0.07976317405700684}"
train,"{'mae': 0.5149804353713989, 'rmse': 0.5158565640449524}","{'mae': 0.06101330369710922, 'rmse': 0.07986326515674591}"
val,"{'mae': 0.5226571559906006, 'rmse': 0.5234736800193787}","{'mae': 0.061054427176713943, 'rmse': 0.07989276945590973}"
train,"{'mae': 0.5161893367767334, 'rmse': 0.5170624852180481}","{'mae': 0.06105782836675644, 'rmse': 0.07990432530641556}"
val,"{'mae': 0.523593008518219, 'rmse': 0.5243650674819946}","{'mae': 0.061246179044246674, 'rmse': 0.08012580126523972}"
train,"{'mae': 0.5187132954597473, 'rmse': 0.519591212272644}","{'mae': 0.06089095026254654, 'rmse': 0.0797041580080986}"
val,"{'mae': 0.5232231616973877, 'rmse': 0.524175763130188}","{'mae': 0.06154223531484604, 'rmse': 0.08039327710866928}"
train,"{'mae': 0.5205218195915222, 'rmse': 0.5213975310325623}","{'mae': 0.06097700446844101, 'rmse': 0.07980310171842575}"
val,"{'mae': 0.5205013751983643, 'rmse': 0.5214031338691711}","{'mae': 0.06093516945838928, 'rmse': 0.07975412160158157}"
train,"{'mae': 0.5207294821739197, 'rmse': 0.5216079354286194}","{'mae': 0.06107190251350403, 'rmse': 0.07991652935743332}"
val,"{'mae': 0.5239620804786682, 'rmse': 0.5247567296028137}","{'mae': 0.06305860728025436, 'rmse': 0.08227717876434326}"
train,"{'mae': 0.5227044224739075, 'rmse': 0.5235848426818848}","{'mae': 0.0610584057867527, 'rmse': 0.07989174872636795}"
val,"{'mae': 0.5192926526069641, 'rmse': 0.5201519727706909}","{'mae': 0.06113068759441376, 'rmse': 0.08006482571363449}"
train,"{'mae': 0.5232028961181641, 'rmse': 0.5240897536277771}","{'mae': 0.061027832329273224, 'rmse': 0.0798824280500412}"
val,"{'mae': 0.5289973616600037, 'rmse': 0.5298591256141663}","{'mae': 0.06086370348930359, 'rmse': 0.07966559380292892}"
train,"{'mae': 0.525574803352356, 'rmse': 0.5264554619789124}","{'mae': 0.06095149368047714, 'rmse': 0.07978826016187668}"
val,"{'mae': 0.5332520008087158, 'rmse': 0.534123420715332}","{'mae': 0.060676459223032, 'rmse': 0.07942947000265121}"
train,"{'mae': 0.5266236066818237, 'rmse': 0.5275053381919861}","{'mae': 0.06090683862566948, 'rmse': 0.07973158359527588}"
val,"{'mae': 0.5308141112327576, 'rmse': 0.5316241383552551}","{'mae': 0.06074443832039833, 'rmse': 0.07948943972587585}"
train,"{'mae': 0.5272279381752014, 'rmse': 0.528120219707489}","{'mae': 0.06104002520442009, 'rmse': 0.07987885177135468}"
val,"{'mae': 0.5307825207710266, 'rmse': 0.5316229462623596}","{'mae': 0.06074325367808342, 'rmse': 0.07954023778438568}"
train,"{'mae': 0.5287041068077087, 'rmse': 0.5295832753181458}","{'mae': 0.06096457317471504, 'rmse': 0.07978219538927078}"
val,"{'mae': 0.5336678624153137, 'rmse': 0.5345484018325806}","{'mae': 0.06085793301463127, 'rmse': 0.07963819801807404}"
train,"{'mae': 0.5294622778892517, 'rmse': 0.5303553938865662}","{'mae': 0.06078948825597763, 'rmse': 0.07956908643245697}"
val,"{'mae': 0.5310406684875488, 'rmse': 0.5318512320518494}","{'mae': 0.06068139895796776, 'rmse': 0.0794127881526947}"
train,"{'mae': 0.5307167768478394, 'rmse': 0.5316088795661926}","{'mae': 0.06101865693926811, 'rmse': 0.07984787970781326}"
val,"{'mae': 0.5397846698760986, 'rmse': 0.5406030416488647}","{'mae': 0.06113647297024727, 'rmse': 0.08003535866737366}"
train,"{'mae': 0.5326346755027771, 'rmse': 0.5335229635238647}","{'mae': 0.060719411820173264, 'rmse': 0.07948417961597443}"
val,"{'mae': 0.5365422368049622, 'rmse': 0.5374402403831482}","{'mae': 0.06078405678272247, 'rmse': 0.07954056560993195}"
train,"{'mae': 0.533109724521637, 'rmse': 0.5339992642402649}","{'mae': 0.061029184609651566, 'rmse': 0.07987627387046814}"
val,"{'mae': 0.5408511757850647, 'rmse': 0.5416532158851624}","{'mae': 0.06143781542778015, 'rmse': 0.08038788288831711}"
train,"{'mae': 0.5340096354484558, 'rmse': 0.5349025726318359}","{'mae': 0.060882024466991425, 'rmse': 0.07969637215137482}"
val,"{'mae': 0.5385766625404358, 'rmse': 0.5394233465194702}","{'mae': 0.06081000342965126, 'rmse': 0.07959374785423279}"
train,"{'mae': 0.5342286825180054, 'rmse': 0.5351294279098511}","{'mae': 0.06098806858062744, 'rmse': 0.07980876415967941}"
val,"{'mae': 0.5375790596008301, 'rmse': 0.5384959578514099}","{'mae': 0.060753386467695236, 'rmse': 0.0794895589351654}"
train,"{'mae': 0.5357656478881836, 'rmse': 0.5366498827934265}","{'mae': 0.06079578027129173, 'rmse': 0.07957164943218231}"
val,"{'mae': 0.5407782793045044, 'rmse': 0.541636049747467}","{'mae': 0.06158370152115822, 'rmse': 0.08065952360630035}"
train,"{'mae': 0.5374282598495483, 'rmse': 0.538313627243042}","{'mae': 0.06088317558169365, 'rmse': 0.07967464625835419}"
val,"{'mae': 0.5440746545791626, 'rmse': 0.5449094772338867}","{'mae': 0.06127753481268883, 'rmse': 0.08018707484006882}"
train,"{'mae': 0.5393064618110657, 'rmse': 0.5401976704597473}","{'mae': 0.0607491098344326, 'rmse': 0.07952407002449036}"
val,"{'mae': 0.538863480091095, 'rmse': 0.5397890210151672}","{'mae': 0.06054138392210007, 'rmse': 0.07931546866893768}"
train,"{'mae': 0.5397770404815674, 'rmse': 0.540673017501831}","{'mae': 0.06081311032176018, 'rmse': 0.07959885150194168}"
val,"{'mae': 0.541110634803772, 'rmse': 0.5420337319374084}","{'mae': 0.060695432126522064, 'rmse': 0.07941347360610962}"
train,"{'mae': 0.5411597490310669, 'rmse': 0.5420533418655396}","{'mae': 0.06089768558740616, 'rmse': 0.0796753466129303}"
val,"{'mae': 0.5522099137306213, 'rmse': 0.5530544519424438}","{'mae': 0.06094783544540405, 'rmse': 0.07974667102098465}"
train,"{'mae': 0.5417977571487427, 'rmse': 0.5426890254020691}","{'mae': 0.06087810546159744, 'rmse': 0.07966873049736023}"
val,"{'mae': 0.5489917397499084, 'rmse': 0.5497706532478333}","{'mae': 0.061195455491542816, 'rmse': 0.0800023302435875}"
train,"{'mae': 0.5426301956176758, 'rmse': 0.5435197353363037}","{'mae': 0.06065817177295685, 'rmse': 0.07940793037414551}"
val,"{'mae': 0.549153208732605, 'rmse': 0.5500852465629578}","{'mae': 0.06079687178134918, 'rmse': 0.07957860082387924}"
train,"{'mae': 0.5438687205314636, 'rmse': 0.5447590947151184}","{'mae': 0.06071058660745621, 'rmse': 0.07945035398006439}"
val,"{'mae': 0.5463956594467163, 'rmse': 0.5472034215927124}","{'mae': 0.06118469685316086, 'rmse': 0.07996369898319244}"
train,"{'mae': 0.5442903637886047, 'rmse': 0.5451775193214417}","{'mae': 0.06067226082086563, 'rmse': 0.07940199971199036}"
val,"{'mae': 0.5473570823669434, 'rmse': 0.5483083128929138}","{'mae': 0.06096501275897026, 'rmse': 0.07970625162124634}"
train,"{'mae': 0.5455881953239441, 'rmse': 0.5464875102043152}","{'mae': 0.06073984503746033, 'rmse': 0.07950253784656525}"
val,"{'mae': 0.5452301502227783, 'rmse': 0.5462513566017151}","{'mae': 0.06122404336929321, 'rmse': 0.07999346405267715}"
train,"{'mae': 0.546393871307373, 'rmse': 0.5472867488861084}","{'mae': 0.060763757675886154, 'rmse': 0.07953442633152008}"
val,"{'mae': 0.5515064001083374, 'rmse': 0.5524119734764099}","{'mae': 0.0605001375079155, 'rmse': 0.07919173687696457}"
train,"{'mae': 0.5481418967247009, 'rmse': 0.5490389466285706}","{'mae': 0.0605437234044075, 'rmse': 0.07927189022302628}"
val,"{'mae': 0.5533992052078247, 'rmse': 0.5542123317718506}","{'mae': 0.06060001999139786, 'rmse': 0.0793137326836586}"
train,"{'mae': 0.5483731627464294, 'rmse': 0.5492746829986572}","{'mae': 0.06084093451499939, 'rmse': 0.07960948348045349}"
val,"{'mae': 0.5589032173156738, 'rmse': 0.5597240328788757}","{'mae': 0.06111517548561096, 'rmse': 0.07986321300268173}"
train,"{'mae': 0.5493595600128174, 'rmse': 0.5502675771713257}","{'mae': 0.060841888189315796, 'rmse': 0.07960323244333267}"
val,"{'mae': 0.5496901273727417, 'rmse': 0.5506007671356201}","{'mae': 0.06091005727648735, 'rmse': 0.07975994050502777}"
train,"{'mae': 0.5497972965240479, 'rmse': 0.5507066249847412}","{'mae': 0.0607149712741375, 'rmse': 0.07948094606399536}"
val,"{'mae': 0.5580543875694275, 'rmse': 0.5589412450790405}","{'mae': 0.06065364554524422, 'rmse': 0.0794290080666542}"
train,"{'mae': 0.5524078011512756, 'rmse': 0.5533015727996826}","{'mae': 0.060458626598119736, 'rmse': 0.07915043830871582}"
val,"{'mae': 0.5526261329650879, 'rmse': 0.5535466074943542}","{'mae': 0.060631655156612396, 'rmse': 0.07939059287309647}"
train,"{'mae': 0.5533855557441711, 'rmse': 0.5542846918106079}","{'mae': 0.060539327561855316, 'rmse': 0.07925699651241302}"
val,"{'mae': 0.5568854212760925, 'rmse': 0.5578440427780151}","{'mae': 0.06060098484158516, 'rmse': 0.07929889112710953}"
train,"{'mae': 0.5555354356765747, 'rmse': 0.5564342141151428}","{'mae': 0.06047101318836212, 'rmse': 0.07917632907629013}"
val,"{'mae': 0.5573804974555969, 'rmse': 0.5582309365272522}","{'mae': 0.06056257709860802, 'rmse': 0.07933203876018524}"
train,"{'mae': 0.5553328990936279, 'rmse': 0.5562422275543213}","{'mae': 0.060475535690784454, 'rmse': 0.0791730210185051}"
val,"{'mae': 0.5606426000595093, 'rmse': 0.5614126324653625}","{'mae': 0.06126049533486366, 'rmse': 0.08025350421667099}"
train,"{'mae': 0.5577913522720337, 'rmse': 0.5586984157562256}","{'mae': 0.06058666855096817, 'rmse': 0.07930909097194672}"
val,"{'mae': 0.5622523427009583, 'rmse': 0.5630645155906677}","{'mae': 0.060780882835388184, 'rmse': 0.07961681485176086}"
train,"{'mae': 0.5578163266181946, 'rmse': 0.5587137937545776}","{'mae': 0.06034157797694206, 'rmse': 0.07901960611343384}"
val,"{'mae': 0.5633463859558105, 'rmse': 0.5642529726028442}","{'mae': 0.060369715094566345, 'rmse': 0.07912305742502213}"
train,"{'mae': 0.5600215196609497, 'rmse': 0.5609254240989685}","{'mae': 0.06041574105620384, 'rmse': 0.07909594476222992}"
val,"{'mae': 0.5586525797843933, 'rmse': 0.5595647096633911}","{'mae': 0.06031009927392006, 'rmse': 0.07908004522323608}"
train,"{'mae': 0.5598855018615723, 'rmse': 0.5607921481132507}","{'mae': 0.060524433851242065, 'rmse': 0.07923438400030136}"
val,"{'mae': 0.5707817673683167, 'rmse': 0.5716517567634583}","{'mae': 0.06038936600089073, 'rmse': 0.07903001457452774}"
train,"{'mae': 0.5610379576683044, 'rmse': 0.5619444251060486}","{'mae': 0.060623012483119965, 'rmse': 0.07934918999671936}"
val,"{'mae': 0.5605940818786621, 'rmse': 0.5615744590759277}","{'mae': 0.06141660735011101, 'rmse': 0.08041214942932129}"
train,"{'mae': 0.5617245435714722, 'rmse': 0.5626340508460999}","{'mae': 0.06038915365934372, 'rmse': 0.0790761187672615}"
val,"{'mae': 0.5676087737083435, 'rmse': 0.5684428811073303}","{'mae': 0.060785215348005295, 'rmse': 0.07955137640237808}"
train,"{'mae': 0.5637375116348267, 'rmse': 0.5646424293518066}","{'mae': 0.06052451580762863, 'rmse': 0.0792374461889267}"
val,"{'mae': 0.5677293539047241, 'rmse': 0.5686125159263611}","{'mae': 0.06018144264817238, 'rmse': 0.07885647565126419}"
train,"{'mae': 0.5637856125831604, 'rmse': 0.5646905303001404}","{'mae': 0.06058575212955475, 'rmse': 0.07930769771337509}"
val,"{'mae': 0.5679253339767456, 'rmse': 0.5687581896781921}","{'mae': 0.060417283326387405, 'rmse': 0.07911036908626556}"
train,"{'mae': 0.5656642913818359, 'rmse': 0.5665658116340637}","{'mae': 0.06046554818749428, 'rmse': 0.07915444672107697}"
val,"{'mae': 0.5665392875671387, 'rmse': 0.5675506591796875}","{'mae': 0.06079515442252159, 'rmse': 0.0794730857014656}"
train,"{'mae': 0.5658503174781799, 'rmse': 0.5667529106140137}","{'mae': 0.0604926235973835, 'rmse': 0.07919792830944061}"
val,"{'mae': 0.5714006423950195, 'rmse': 0.5722531080245972}","{'mae': 0.06054605916142464, 'rmse': 0.07937238365411758}"
train,"{'mae': 0.5677862763404846, 'rmse': 0.5686920881271362}","{'mae': 0.06033121421933174, 'rmse': 0.07900553941726685}"
val,"{'mae': 0.5706382393836975, 'rmse': 0.571503221988678}","{'mae': 0.060448333621025085, 'rmse': 0.07906325906515121}"
train,"{'mae': 0.5690767168998718, 'rmse': 0.5699774026870728}","{'mae': 0.06035040691494942, 'rmse': 0.07901225239038467}"
val,"{'mae': 0.5702593326568604, 'rmse': 0.5712448358535767}","{'mae': 0.060306016355752945, 'rmse': 0.07895047962665558}"
train,"{'mae': 0.5692376494407654, 'rmse': 0.5701414942741394}","{'mae': 0.06039658188819885, 'rmse': 0.07907547056674957}"
val,"{'mae': 0.5738936066627502, 'rmse': 0.5747417211532593}","{'mae': 0.060746125876903534, 'rmse': 0.07948911190032959}"
train,"{'mae': 0.5702764987945557, 'rmse': 0.571180522441864}","{'mae': 0.06036375090479851, 'rmse': 0.07904482632875443}"
val,"{'mae': 0.5735877752304077, 'rmse': 0.5744837522506714}","{'mae': 0.060434143990278244, 'rmse': 0.07920154929161072}"
train,"{'mae': 0.5709716081619263, 'rmse': 0.5718809366226196}","{'mae': 0.06034066900610924, 'rmse': 0.07902039587497711}"
val,"{'mae': 0.5771995782852173, 'rmse': 0.57801353931427}","{'mae': 0.06043287739157677, 'rmse': 0.07913371920585632}"
train,"{'mae': 0.5731106400489807, 'rmse': 0.5740148425102234}","{'mae': 0.060208290815353394, 'rmse': 0.07883620262145996}"
val,"{'mae': 0.5761914253234863, 'rmse': 0.577034592628479}","{'mae': 0.0602383129298687, 'rmse': 0.07885927706956863}"
train,"{'mae': 0.5729094743728638, 'rmse': 0.5738150477409363}","{'mae': 0.06042376905679703, 'rmse': 0.07910723239183426}"
val,"{'mae': 0.5761175751686096, 'rmse': 0.5771682262420654}","{'mae': 0.06173153594136238, 'rmse': 0.08069059252738953}"
train,"{'mae': 0.5736954212188721, 'rmse': 0.5746146440505981}","{'mae': 0.060665931552648544, 'rmse': 0.07940127700567245}"
val,"{'mae': 0.5828872323036194, 'rmse': 0.5836683511734009}","{'mae': 0.06094140186905861, 'rmse': 0.07977219671010971}"
train,"{'mae': 0.5742434859275818, 'rmse': 0.5751583576202393}","{'mae': 0.06021636724472046, 'rmse': 0.07886090129613876}"
val,"{'mae': 0.5829325914382935, 'rmse': 0.5837637186050415}","{'mae': 0.060910288244485855, 'rmse': 0.07969701290130615}"
train,"{'mae': 0.5758413672447205, 'rmse': 0.5767523050308228}","{'mae': 0.06020248308777809, 'rmse': 0.0788412019610405}"
val,"{'mae': 0.581271231174469, 'rmse': 0.5821533799171448}","{'mae': 0.05996929109096527, 'rmse': 0.07856489717960358}"
train,"{'mae': 0.5769166946411133, 'rmse': 0.577832043170929}","{'mae': 0.06024342402815819, 'rmse': 0.07888621836900711}"
val,"{'mae': 0.5798081159591675, 'rmse': 0.5806141495704651}","{'mae': 0.06071256101131439, 'rmse': 0.0794449970126152}"
train,"{'mae': 0.5771114826202393, 'rmse': 0.5780346393585205}","{'mae': 0.06030229851603508, 'rmse': 0.07896896451711655}"
val,"{'mae': 0.5855306386947632, 'rmse': 0.5863845348358154}","{'mae': 0.060015615075826645, 'rmse': 0.07866618782281876}"
train,"{'mae': 0.5797553062438965, 'rmse': 0.5806628465652466}","{'mae': 0.06017459183931351, 'rmse': 0.07881341129541397}"
val,"{'mae': 0.5823092460632324, 'rmse': 0.5832167863845825}","{'mae': 0.06039932742714882, 'rmse': 0.07909776270389557}"
train,"{'mae': 0.5793231725692749, 'rmse': 0.5802417993545532}","{'mae': 0.06026335433125496, 'rmse': 0.0789119154214859}"
val,"{'mae': 0.5804694890975952, 'rmse': 0.5813838839530945}","{'mae': 0.06015952304005623, 'rmse': 0.07885193079710007}"
train,"{'mae': 0.5806236863136292, 'rmse': 0.5815379619598389}","{'mae': 0.060196198523044586, 'rmse': 0.07882603257894516}"
val,"{'mae': 0.5809319019317627, 'rmse': 0.5817925930023193}","{'mae': 0.06067083403468132, 'rmse': 0.079554982483387}"
train,"{'mae': 0.581534206867218, 'rmse': 0.5824431777000427}","{'mae': 0.060187969356775284, 'rmse': 0.07880740612745285}"
val,"{'mae': 0.5870930552482605, 'rmse': 0.5880299210548401}","{'mae': 0.060498058795928955, 'rmse': 0.07914895564317703}"
train,"{'mae': 0.5824640393257141, 'rmse': 0.5833686590194702}","{'mae': 0.06012384220957756, 'rmse': 0.07874568551778793}"
val,"{'mae': 0.5887179970741272, 'rmse': 0.5896949768066406}","{'mae': 0.060426268726587296, 'rmse': 0.07906705141067505}"
train,"{'mae': 0.5838654041290283, 'rmse': 0.5847790241241455}","{'mae': 0.060138240456581116, 'rmse': 0.07874543219804764}"
val,"{'mae': 0.5905649662017822, 'rmse': 0.5914440155029297}","{'mae': 0.060307033360004425, 'rmse': 0.07895660400390625}"
train,"{'mae': 0.5847448706626892, 'rmse': 0.5856529474258423}","{'mae': 0.06024717912077904, 'rmse': 0.0788709819316864}"
val,"{'mae': 0.5896474719047546, 'rmse': 0.5906179547309875}","{'mae': 0.06010090187191963, 'rmse': 0.07876595854759216}"
train,"{'mae': 0.5859324932098389, 'rmse': 0.5868480205535889}","{'mae': 0.06021032854914665, 'rmse': 0.07883957773447037}"
val,"{'mae': 0.5921581387519836, 'rmse': 0.5930255055427551}","{'mae': 0.06026444956660271, 'rmse': 0.07895781844854355}"
train,"{'mae': 0.5862001776695251, 'rmse': 0.5871214866638184}","{'mae': 0.060128103941679, 'rmse': 0.07874637097120285}"
val,"{'mae': 0.5983884334564209, 'rmse': 0.5991635918617249}","{'mae': 0.06071214750409126, 'rmse': 0.07942469418048859}"
train,"{'mae': 0.5867392420768738, 'rmse': 0.5876559019088745}","{'mae': 0.06013229116797447, 'rmse': 0.07875791192054749}"
val,"{'mae': 0.5955386757850647, 'rmse': 0.5964536666870117}","{'mae': 0.06016260385513306, 'rmse': 0.07877384126186371}"
train,"{'mae': 0.588672399520874, 'rmse': 0.5895888805389404}","{'mae': 0.06025782972574234, 'rmse': 0.07888439297676086}"
val,"{'mae': 0.594832181930542, 'rmse': 0.5956794619560242}","{'mae': 0.060093965381383896, 'rmse': 0.07872038334608078}"
train,"{'mae': 0.5893120765686035, 'rmse': 0.5902261137962341}","{'mae': 0.06013953685760498, 'rmse': 0.0787552148103714}"
val,"{'mae': 0.5969821214675903, 'rmse': 0.5978520512580872}","{'mae': 0.06044144183397293, 'rmse': 0.07911096513271332}"
train,"{'mae': 0.5906317234039307, 'rmse': 0.5915356278419495}","{'mae': 0.06005742773413658, 'rmse': 0.07865440100431442}"
val,"{'mae': 0.5970834493637085, 'rmse': 0.5979060530662537}","{'mae': 0.06088712438941002, 'rmse': 0.07971201092004776}"
train,"{'mae': 0.5908708572387695, 'rmse': 0.5917894840240479}","{'mae': 0.05999510735273361, 'rmse': 0.07857394218444824}"
val,"{'mae': 0.5910306572914124, 'rmse': 0.5918642282485962}","{'mae': 0.06033933535218239, 'rmse': 0.0791008323431015}"
train,"{'mae': 0.59293133020401, 'rmse': 0.5938437581062317}","{'mae': 0.05999264493584633, 'rmse': 0.07857189327478409}"
val,"{'mae': 0.595890462398529, 'rmse': 0.5967978239059448}","{'mae': 0.06035785377025604, 'rmse': 0.07906033098697662}"
train,"{'mae': 0.592171311378479, 'rmse': 0.5930942893028259}","{'mae': 0.06026437506079674, 'rmse': 0.07890129089355469}"
val,"{'mae': 0.5933932065963745, 'rmse': 0.5943436026573181}","{'mae': 0.060061171650886536, 'rmse': 0.078700952231884}"
train,"{'mae': 0.5942962765693665, 'rmse': 0.5952078700065613}","{'mae': 0.060048602521419525, 'rmse': 0.078655906021595}"
val,"{'mae': 0.5933777093887329, 'rmse': 0.5942763686180115}","{'mae': 0.060299236327409744, 'rmse': 0.07897767424583435}"
train,"{'mae': 0.594312846660614, 'rmse': 0.5952292680740356}","{'mae': 0.06002993509173393, 'rmse': 0.07862932235002518}"
val,"{'mae': 0.6009851098060608, 'rmse': 0.6017756462097168}","{'mae': 0.060576606541872025, 'rmse': 0.07927293330430984}"
train,"{'mae': 0.59503173828125, 'rmse': 0.5959460139274597}","{'mae': 0.060025252401828766, 'rmse': 0.07862724363803864}"
val,"{'mae': 0.599970281124115, 'rmse': 0.6008457541465759}","{'mae': 0.06021343544125557, 'rmse': 0.07894329726696014}"
train,"{'mae': 0.5965221524238586, 'rmse': 0.5974313616752625}","{'mae': 0.059821031987667084, 'rmse': 0.07836411148309708}"
val,"{'mae': 0.6010591387748718, 'rmse': 0.6019755005836487}","{'mae': 0.05978066474199295, 'rmse': 0.07831275463104248}"
train,"{'mae': 0.596497118473053, 'rmse': 0.5974143147468567}","{'mae': 0.059948865324258804, 'rmse': 0.07852564007043839}"
val,"{'mae': 0.6036384105682373, 'rmse': 0.6044596433639526}","{'mae': 0.060210224241018295, 'rmse': 0.07883024960756302}"
train,"{'mae': 0.5977340340614319, 'rmse': 0.5986530780792236}","{'mae': 0.0600261352956295, 'rmse': 0.07862215489149094}"
val,"{'mae': 0.6040530204772949, 'rmse': 0.604982852935791}","{'mae': 0.06109122559428215, 'rmse': 0.08000511676073074}"
train,"{'mae': 0.5993554592132568, 'rmse': 0.6002742648124695}","{'mae': 0.06001710891723633, 'rmse': 0.07859770208597183}"
val,"{'mae': 0.6026347875595093, 'rmse': 0.6036058664321899}","{'mae': 0.06006495654582977, 'rmse': 0.07864601910114288}"
train,"{'mae': 0.5994828343391418, 'rmse': 0.6004037857055664}","{'mae': 0.05982022359967232, 'rmse': 0.07836846262216568}"
val,"{'mae': 0.6037276983261108, 'rmse': 0.6046277284622192}","{'mae': 0.05979111045598984, 'rmse': 0.07839170098304749}"
train,"{'mae': 0.6002477407455444, 'rmse': 0.6011680364608765}","{'mae': 0.05996384844183922, 'rmse': 0.07853402942419052}"
val,"{'mae': 0.6067384481430054, 'rmse': 0.6076377630233765}","{'mae': 0.05978146567940712, 'rmse': 0.07831660658121109}"
train,"{'mae': 0.6016523241996765, 'rmse': 0.602570652961731}","{'mae': 0.05988357216119766, 'rmse': 0.07843530178070068}"
val,"{'mae': 0.603341817855835, 'rmse': 0.6041988730430603}","{'mae': 0.06004447862505913, 'rmse': 0.07875540107488632}"
train,"{'mae': 0.6027244925498962, 'rmse': 0.6036455035209656}","{'mae': 0.05987672507762909, 'rmse': 0.07843326032161713}"
val,"{'mae': 0.6059964895248413, 'rmse': 0.6068652868270874}","{'mae': 0.060279492288827896, 'rmse': 0.07904697954654694}"
train,"{'mae': 0.6030952334403992, 'rmse': 0.6040249466896057}","{'mae': 0.05996464565396309, 'rmse': 0.07853227108716965}"
val,"{'mae': 0.6087894439697266, 'rmse': 0.6096869707107544}","{'mae': 0.06013860926032066, 'rmse': 0.0788373276591301}"
train,"{'mae': 0.6043632626533508, 'rmse': 0.6052826046943665}","{'mae': 0.05991242825984955, 'rmse': 0.07847114652395248}"
val,"{'mae': 0.6096431016921997, 'rmse': 0.610599160194397}","{'mae': 0.05997392535209656, 'rmse': 0.07855948060750961}"
train,"{'mae': 0.6056845784187317, 'rmse': 0.6066017150878906}","{'mae': 0.059803251177072525, 'rmse': 0.07832920551300049}"
val,"{'mae': 0.6105935573577881, 'rmse': 0.6114447116851807}","{'mae': 0.060067318379879, 'rmse': 0.07867857813835144}"
train,"{'mae': 0.604917049407959, 'rmse': 0.6058429479598999}","{'mae': 0.05996639281511307, 'rmse': 0.0785374864935875}"
val,"{'mae': 0.6120951771736145, 'rmse': 0.6129376888275146}","{'mae': 0.059981897473335266, 'rmse': 0.07857543975114822}"
train,"{'mae': 0.6067473888397217, 'rmse': 0.6076643466949463}","{'mae': 0.05985052138566971, 'rmse': 0.07838890701532364}"
val,"{'mae': 0.6105126142501831, 'rmse': 0.6114714741706848}","{'mae': 0.059867069125175476, 'rmse': 0.07839236408472061}"
train,"{'mae': 0.6078968048095703, 'rmse': 0.6088146567344666}","{'mae': 0.05987248942255974, 'rmse': 0.07843443006277084}"
val,"{'mae': 0.6149360537528992, 'rmse': 0.6158559918403625}","{'mae': 0.0598081573843956, 'rmse': 0.07834725081920624}"
train,"{'mae': 0.6077297329902649, 'rmse': 0.6086540222167969}","{'mae': 0.05978287011384964, 'rmse': 0.07831477373838425}"
val,"{'mae': 0.612354576587677, 'rmse': 0.613229513168335}","{'mae': 0.06001957878470421, 'rmse': 0.07858718931674957}"
train,"{'mae': 0.6098475456237793, 'rmse': 0.6107669472694397}","{'mae': 0.05988228693604469, 'rmse': 0.07842238247394562}"
val,"{'mae': 0.6146349310874939, 'rmse': 0.6154651641845703}","{'mae': 0.0602337010204792, 'rmse': 0.07889323681592941}"
train,"{'mae': 0.6096254587173462, 'rmse': 0.6105427145957947}","{'mae': 0.059769850224256516, 'rmse': 0.07829137146472931}"
val,"{'mae': 0.6125136017799377, 'rmse': 0.6133847236633301}","{'mae': 0.06026800721883774, 'rmse': 0.07897814363241196}"
train,"{'mae': 0.6101675629615784, 'rmse': 0.6110819578170776}","{'mae': 0.05973190441727638, 'rmse': 0.07824274152517319}"
val,"{'mae': 0.6146030426025391, 'rmse': 0.6154330968856812}","{'mae': 0.06000588461756706, 'rmse': 0.07860592752695084}"
train,"{'mae': 0.6116460561752319, 'rmse': 0.6125664114952087}","{'mae': 0.05990580469369888, 'rmse': 0.07845817506313324}"
val,"{'mae': 0.6255841255187988, 'rmse': 0.6264414191246033}","{'mae': 0.05994940549135208, 'rmse': 0.07849747687578201}"
train,"{'mae': 0.6118552684783936, 'rmse': 0.6127828359603882}","{'mae': 0.05988439545035362, 'rmse': 0.07844077050685883}"
val,"{'mae': 0.6163536906242371, 'rmse': 0.6173271536827087}","{'mae': 0.059815242886543274, 'rmse': 0.0783815011382103}"
train,"{'mae': 0.613309919834137, 'rmse': 0.6142286062240601}","{'mae': 0.05965375527739525, 'rmse': 0.07816420495510101}"
val,"{'mae': 0.6208565831184387, 'rmse': 0.6216878294944763}","{'mae': 0.059797611087560654, 'rmse': 0.0783388763666153}"
train,"{'mae': 0.6147541403770447, 'rmse': 0.615669846534729}","{'mae': 0.059703387320041656, 'rmse': 0.07820691168308258}"
val,"{'mae': 0.6219409108161926, 'rmse': 0.6228196620941162}","{'mae': 0.060112230479717255, 'rmse': 0.07869192957878113}"
train,"{'mae': 0.6148827075958252, 'rmse': 0.615799605846405}","{'mae': 0.059741340577602386, 'rmse': 0.07825172692537308}"
val,"{'mae': 0.6229725480079651, 'rmse': 0.623855471611023}","{'mae': 0.05980062857270241, 'rmse': 0.0783003568649292}"
train,"{'mae': 0.6164313554763794, 'rmse': 0.6173431873321533}","{'mae': 0.059781111776828766, 'rmse': 0.07830377668142319}"
val,"{'mae': 0.6220603585243225, 'rmse': 0.6229426860809326}","{'mae': 0.059829168021678925, 'rmse': 0.07836084812879562}"
train,"{'mae': 0.6159072518348694, 'rmse': 0.6168257594108582}","{'mae': 0.0596892349421978, 'rmse': 0.07819698005914688}"
val,"{'mae': 0.6244415640830994, 'rmse': 0.6252686977386475}","{'mae': 0.06033141538500786, 'rmse': 0.07908059656620026}"
train,"{'mae': 0.617743968963623, 'rmse': 0.618662416934967}","{'mae': 0.05965584143996239, 'rmse': 0.07816607505083084}"
val,"{'mae': 0.616572916507721, 'rmse': 0.6174572706222534}","{'mae': 0.05958711728453636, 'rmse': 0.07812214642763138}"
train,"{'mae': 0.6189650893211365, 'rmse': 0.6198843717575073}","{'mae': 0.05969991534948349, 'rmse': 0.07820480316877365}"
val,"{'mae': 0.6232235431671143, 'rmse': 0.6242693662643433}","{'mae': 0.06085541844367981, 'rmse': 0.07954946160316467}"
train,"{'mae': 0.6182554364204407, 'rmse': 0.6191858649253845}","{'mae': 0.05992696434259415, 'rmse': 0.07850856333971024}"
val,"{'mae': 0.6233391165733337, 'rmse': 0.6242574453353882}","{'mae': 0.059714727103710175, 'rmse': 0.07829511165618896}"
train,"{'mae': 0.6203100681304932, 'rmse': 0.621232271194458}","{'mae': 0.05983588099479675, 'rmse': 0.07838058471679688}"
val,"{'mae': 0.6266747117042542, 'rmse': 0.627525269985199}","{'mae': 0.060193490236997604, 'rmse': 0.07886529713869095}"
train,"{'mae': 0.6192491054534912, 'rmse': 0.6201725602149963}","{'mae': 0.05966934934258461, 'rmse': 0.07818493992090225}"
val,"{'mae': 0.6269567012786865, 'rmse': 0.6277866363525391}","{'mae': 0.06004224345088005, 'rmse': 0.07867134362459183}"
train,"{'mae': 0.6222493648529053, 'rmse': 0.6231698393821716}","{'mae': 0.05962921306490898, 'rmse': 0.07812459766864777}"
val,"{'mae': 0.6224780082702637, 'rmse': 0.6234064102172852}","{'mae': 0.05948033928871155, 'rmse': 0.07798520475625992}"
train,"{'mae': 0.6211472153663635, 'rmse': 0.6220778226852417}","{'mae': 0.05973413214087486, 'rmse': 0.07825414091348648}"
val,"{'mae': 0.6255074739456177, 'rmse': 0.62639319896698}","{'mae': 0.059930481016635895, 'rmse': 0.07851749658584595}"
train,"{'mae': 0.6227863430976868, 'rmse': 0.6237088441848755}","{'mae': 0.05956144630908966, 'rmse': 0.07804648578166962}"
val,"{'mae': 0.6284888386726379, 'rmse': 0.6293774843215942}","{'mae': 0.0595485083758831, 'rmse': 0.07803637534379959}"
train,"{'mae': 0.6252122521400452, 'rmse': 0.6261271834373474}","{'mae': 0.05958747863769531, 'rmse': 0.07806333899497986}"
val,"{'mae': 0.6243783235549927, 'rmse': 0.6253814101219177}","{'mae': 0.059854090213775635, 'rmse': 0.07834218442440033}"
train,"{'mae': 0.624038577079773, 'rmse': 0.6249602437019348}","{'mae': 0.05963023006916046, 'rmse': 0.07812952995300293}"
val,"{'mae': 0.6300915479660034, 'rmse': 0.630986750125885}","{'mae': 0.05971265584230423, 'rmse': 0.07818178087472916}"
train,"{'mae': 0.6245066523551941, 'rmse': 0.6254357695579529}","{'mae': 0.05959022417664528, 'rmse': 0.07808909565210342}"
val,"{'mae': 0.6341608762741089, 'rmse': 0.6349929571151733}","{'mae': 0.059988364577293396, 'rmse': 0.07861734926700592}"
train,"{'mae': 0.6261806488037109, 'rmse': 0.6271060705184937}","{'mae': 0.05957069247961044, 'rmse': 0.07805188745260239}"
val,"{'mae': 0.6309117078781128, 'rmse': 0.6318150162696838}","{'mae': 0.0594312809407711, 'rmse': 0.0779106542468071}"
train,"{'mae': 0.6261923909187317, 'rmse': 0.6271200776100159}","{'mae': 0.05961032211780548, 'rmse': 0.07810918241739273}"
val,"{'mae': 0.6277108192443848, 'rmse': 0.6286648511886597}","{'mae': 0.05993705615401268, 'rmse': 0.07853615283966064}"
train,"{'mae': 0.6264768838882446, 'rmse': 0.6274028420448303}","{'mae': 0.059678494930267334, 'rmse': 0.07818860560655594}"
val,"{'mae': 0.6303502321243286, 'rmse': 0.6312131285667419}","{'mae': 0.060129713267087936, 'rmse': 0.07884128391742706}"
train,"{'mae': 0.6277176737785339, 'rmse': 0.6286433339118958}","{'mae': 0.05961951985955238, 'rmse': 0.07811940461397171}"
val,"{'mae': 0.6353033185005188, 'rmse': 0.6361953616142273}","{'mae': 0.059453293681144714, 'rmse': 0.07795987278223038}"
train,"{'mae': 0.6282497048377991, 'rmse': 0.6291753053665161}","{'mae': 0.059515878558158875, 'rmse': 0.07799237966537476}"
val,"{'mae': 0.6313775181770325, 'rmse': 0.6322963237762451}","{'mae': 0.05971558019518852, 'rmse': 0.07822277396917343}"
train,"{'mae': 0.6293313503265381, 'rmse': 0.6302528977394104}","{'mae': 0.0594981387257576, 'rmse': 0.07796524465084076}"
val,"{'mae': 0.6301220059394836, 'rmse': 0.6310880184173584}","{'mae': 0.05990356579422951, 'rmse': 0.0785292461514473}"
train,"{'mae': 0.6296839714050293, 'rmse': 0.6306105852127075}","{'mae': 0.059596266597509384, 'rmse': 0.07809609174728394}"
val,"{'mae': 0.6373192667961121, 'rmse': 0.6381481289863586}","{'mae': 0.05984726548194885, 'rmse': 0.0784221813082695}"
train,"{'mae': 0.6313778162002563, 'rmse': 0.6322972178459167}","{'mae': 0.05946888029575348, 'rmse': 0.07791957259178162}"
val,"{'mae': 0.6329796314239502, 'rmse': 0.6339334845542908}","{'mae': 0.05968904122710228, 'rmse': 0.07826092094182968}"
train,"{'mae': 0.6312506794929504, 'rmse': 0.6321764588356018}","{'mae': 0.059594813734292984, 'rmse': 0.07808680832386017}"
val,"{'mae': 0.6351315379142761, 'rmse': 0.6360542178153992}","{'mae': 0.05953703448176384, 'rmse': 0.07804360240697861}"
train,"{'mae': 0.6322343945503235, 'rmse': 0.6331576704978943}","{'mae': 0.059467826038599014, 'rmse': 0.07792433351278305}"
val,"{'mae': 0.639122486114502, 'rmse': 0.6399516463279724}","{'mae': 0.0599018894135952, 'rmse': 0.07849738746881485}"
train,"{'mae': 0.6331677436828613, 'rmse': 0.6340898871421814}","{'mae': 0.05949237197637558, 'rmse': 0.07796112447977066}"
val,"{'mae': 0.6391307711601257, 'rmse': 0.6399540305137634}","{'mae': 0.06015527993440628, 'rmse': 0.07882903516292572}"
train,"{'mae': 0.6334545016288757, 'rmse': 0.6343764066696167}","{'mae': 0.059533413499593735, 'rmse': 0.07799911499023438}"
val,"{'mae': 0.6354463696479797, 'rmse': 0.6363978981971741}","{'mae': 0.05955785512924194, 'rmse': 0.07806595414876938}"
train,"{'mae': 0.6348732709884644, 'rmse': 0.6357975006103516}","{'mae': 0.05955475568771362, 'rmse': 0.07803136855363846}"
val,"{'mae': 0.6425427794456482, 'rmse': 0.6434420347213745}","{'mae': 0.05943029373884201, 'rmse': 0.07790161669254303}"
train,"{'mae': 0.6351298689842224, 'rmse': 0.636055052280426}","{'mae': 0.05943981558084488, 'rmse': 0.07788858562707901}"
val,"{'mae': 0.6395211219787598, 'rmse': 0.6404023170471191}","{'mae': 0.059368882328271866, 'rmse': 0.07778345793485641}"
train,"{'mae': 0.6352819204330444, 'rmse': 0.636208176612854}","{'mae': 0.05954033508896828, 'rmse': 0.07801032811403275}"
val,"{'mae': 0.6360424160957336, 'rmse': 0.6369149684906006}","{'mae': 0.05937664583325386, 'rmse': 0.07792171090841293}"
train,"{'mae': 0.6358561515808105, 'rmse': 0.6367839574813843}","{'mae': 0.059396106749773026, 'rmse': 0.07783879339694977}"
val,"{'mae': 0.6414321660995483, 'rmse': 0.6422510147094727}","{'mae': 0.05980341136455536, 'rmse': 0.07826358079910278}"
train,"{'mae': 0.6371599435806274, 'rmse': 0.6380847096443176}","{'mae': 0.059390630573034286, 'rmse': 0.07783353328704834}"
val,"{'mae': 0.6384809613227844, 'rmse': 0.639458954334259}","{'mae': 0.05991118773818016, 'rmse': 0.0785134881734848}"
train,"{'mae': 0.638866662979126, 'rmse': 0.6397891044616699}","{'mae': 0.05938616022467613, 'rmse': 0.07782931625843048}"
val,"{'mae': 0.647675096988678, 'rmse': 0.648564875125885}","{'mae': 0.05953811854124069, 'rmse': 0.0780048817396164}"
train,"{'mae': 0.6386012434959412, 'rmse': 0.6395261883735657}","{'mae': 0.05934992805123329, 'rmse': 0.07778607308864594}"
val,"{'mae': 0.651248037815094, 'rmse': 0.6521085500717163}","{'mae': 0.059455979615449905, 'rmse': 0.07782204449176788}"
train,"{'mae': 0.6402539610862732, 'rmse': 0.6411709189414978}","{'mae': 0.0593561977148056, 'rmse': 0.07778336852788925}"
val,"{'mae': 0.6472277045249939, 'rmse': 0.6480540037155151}","{'mae': 0.059818193316459656, 'rmse': 0.078389011323452}"
train,"{'mae': 0.6397634148597717, 'rmse': 0.6406874656677246}","{'mae': 0.05939088761806488, 'rmse': 0.07782675325870514}"
val,"{'mae': 0.6469752788543701, 'rmse': 0.6478748917579651}","{'mae': 0.0591934435069561, 'rmse': 0.07759843021631241}"
train,"{'mae': 0.6413359642028809, 'rmse': 0.6422545909881592}","{'mae': 0.059398043900728226, 'rmse': 0.07783714681863785}"
val,"{'mae': 0.6430152058601379, 'rmse': 0.6438769698143005}","{'mae': 0.05970512703061104, 'rmse': 0.07825706154108047}"
train,"{'mae': 0.6411979794502258, 'rmse': 0.6421176791191101}","{'mae': 0.05934648588299751, 'rmse': 0.0777740553021431}"
val,"{'mae': 0.6418107748031616, 'rmse': 0.6427719593048096}","{'mae': 0.059389472007751465, 'rmse': 0.07786519825458527}"
train,"{'mae': 0.6417301297187805, 'rmse': 0.6426565051078796}","{'mae': 0.059313684701919556, 'rmse': 0.07773090153932571}"
val,"{'mae': 0.6483864188194275, 'rmse': 0.6493167281150818}","{'mae': 0.05935443937778473, 'rmse': 0.07778546959161758}"
train,"{'mae': 0.6430046558380127, 'rmse': 0.643932580947876}","{'mae': 0.05946193262934685, 'rmse': 0.07792146503925323}"
val,"{'mae': 0.6487941145896912, 'rmse': 0.6495909690856934}","{'mae': 0.06021712347865105, 'rmse': 0.07883736491203308}"
train,"{'mae': 0.6429092288017273, 'rmse': 0.6438369750976562}","{'mae': 0.05941449850797653, 'rmse': 0.07786649465560913}"
val,"{'mae': 0.6437037587165833, 'rmse': 0.6445848345756531}","{'mae': 0.05958520993590355, 'rmse': 0.07814390957355499}"
train,"{'mae': 0.6437512040138245, 'rmse': 0.6446751952171326}","{'mae': 0.05933884531259537, 'rmse': 0.07777275145053864}"
val,"{'mae': 0.6480674147605896, 'rmse': 0.6489812731742859}","{'mae': 0.05934067443013191, 'rmse': 0.0778452605009079}"
train,"{'mae': 0.6444190144538879, 'rmse': 0.6453453898429871}","{'mae': 0.05933191254734993, 'rmse': 0.07775337249040604}"
val,"{'mae': 0.6506090760231018, 'rmse': 0.6514962911605835}","{'mae': 0.05938657373189926, 'rmse': 0.0778353214263916}"
train,"{'mae': 0.6446772217750549, 'rmse': 0.6456048488616943}","{'mae': 0.05942825227975845, 'rmse': 0.07786300033330917}"
val,"{'mae': 0.6481010913848877, 'rmse': 0.6490029692649841}","{'mae': 0.05932185426354408, 'rmse': 0.07775963097810745}"
train,"{'mae': 0.6457149386405945, 'rmse': 0.6466397643089294}","{'mae': 0.05929131433367729, 'rmse': 0.07770808786153793}"
val,"{'mae': 0.6515571475028992, 'rmse': 0.6524538397789001}","{'mae': 0.05989030748605728, 'rmse': 0.07836491614580154}"
train,"{'mae': 0.6468982100486755, 'rmse': 0.6478208303451538}","{'mae': 0.05925489217042923, 'rmse': 0.07766565680503845}"
val,"{'mae': 0.6503750085830688, 'rmse': 0.6512930393218994}","{'mae': 0.05917852744460106, 'rmse': 0.07757092267274857}"
train,"{'mae': 0.6470754742622375, 'rmse': 0.6480003595352173}","{'mae': 0.05932009592652321, 'rmse': 0.07775241881608963}"
val,"{'mae': 0.6503064036369324, 'rmse': 0.6512710452079773}","{'mae': 0.05991460382938385, 'rmse': 0.07848557084798813}"
train,"{'mae': 0.6475085020065308, 'rmse': 0.6484319567680359}","{'mae': 0.05925878509879112, 'rmse': 0.07767018675804138}"
val,"{'mae': 0.6529397964477539, 'rmse': 0.653857409954071}","{'mae': 0.059281252324581146, 'rmse': 0.07771722227334976}"
train,"{'mae': 0.6485592722892761, 'rmse': 0.6494873762130737}","{'mae': 0.05933944508433342, 'rmse': 0.07776183634996414}"
val,"{'mae': 0.6516283750534058, 'rmse': 0.6525524258613586}","{'mae': 0.0594390332698822, 'rmse': 0.07791204005479813}"
train,"{'mae': 0.6487476229667664, 'rmse': 0.6496776342391968}","{'mae': 0.05942738801240921, 'rmse': 0.07787121832370758}"
val,"{'mae': 0.6518428325653076, 'rmse': 0.6527384519577026}","{'mae': 0.05958765000104904, 'rmse': 0.07804412394762039}"
train,"{'mae': 0.6488133668899536, 'rmse': 0.6497464179992676}","{'mae': 0.059306565672159195, 'rmse': 0.07771731168031693}"
val,"{'mae': 0.6563604474067688, 'rmse': 0.6572125554084778}","{'mae': 0.060305021703243256, 'rmse': 0.07902904599905014}"
train,"{'mae': 0.6498426795005798, 'rmse': 0.6507734656333923}","{'mae': 0.059321481734514236, 'rmse': 0.07774628698825836}"
val,"{'mae': 0.6532735824584961, 'rmse': 0.6542611122131348}","{'mae': 0.059696439653635025, 'rmse': 0.07816467434167862}"
train,"{'mae': 0.6507138609886169, 'rmse': 0.6516432762145996}","{'mae': 0.059262990951538086, 'rmse': 0.07767661660909653}"
val,"{'mae': 0.6565255522727966, 'rmse': 0.6573366522789001}","{'mae': 0.059911008924245834, 'rmse': 0.07841084152460098}"
train,"{'mae': 0.6437827348709106, 'rmse': 0.6454165577888489}","{'mae': 0.0702362060546875, 'rmse': 0.0953180193901062}"
val,"{'mae': 0.6477360129356384, 'rmse': 0.64859938621521}","{'mae': 0.06358184665441513, 'rmse': 0.08225859701633453}"
train,"{'mae': 0.6410434246063232, 'rmse': 0.642375648021698}","{'mae': 0.07079493999481201, 'rmse': 0.09228073805570602}"
val,"{'mae': 0.7050631046295166, 'rmse': 0.7058895826339722}","{'mae': 0.07132235169410706, 'rmse': 0.09348441660404205}"
train,"{'mae': 0.6805222630500793, 'rmse': 0.681891679763794}","{'mae': 0.07004954665899277, 'rmse': 0.09192642569541931}"
val,"{'mae': 0.7290939092636108, 'rmse': 0.7300173044204712}","{'mae': 0.0665731281042099, 'rmse': 0.08668872714042664}"
train,"{'mae': 0.7366246581077576, 'rmse': 0.7381494641304016}","{'mae': 0.07127546519041061, 'rmse': 0.09362887591123581}"
val,"{'mae': 0.7701022028923035, 'rmse': 0.7706915736198425}","{'mae': 0.06700900942087173, 'rmse': 0.08653512597084045}"
train,"{'mae': 0.8113164305686951, 'rmse': 0.8124077916145325}","{'mae': 0.0684303492307663, 'rmse': 0.08946333825588226}"
val,"{'mae': 0.8476352095603943, 'rmse': 0.8480843305587769}","{'mae': 0.06764817982912064, 'rmse': 0.08839717507362366}"
train,"{'mae': 0.8804673552513123, 'rmse': 0.8813289999961853}","{'mae': 0.06549572944641113, 'rmse': 0.08565978705883026}"
val,"{'mae': 0.9295334815979004, 'rmse': 0.9299317598342896}","{'mae': 0.06891006976366043, 'rmse': 0.08998500555753708}"
train,"{'mae': 0.9278346300125122, 'rmse': 0.9281972050666809}","{'mae': 0.06632257252931595, 'rmse': 0.08690217137336731}"
val,"{'mae': 0.960944652557373, 'rmse': 0.9611881971359253}","{'mae': 0.062019918113946915, 'rmse': 0.08137180656194687}"
train,"{'mae': 0.9580639004707336, 'rmse': 0.9583582282066345}","{'mae': 0.06265503168106079, 'rmse': 0.08227521181106567}"
val,"{'mae': 0.9682953953742981, 'rmse': 0.9684725999832153}","{'mae': 0.06599999964237213, 'rmse': 0.08582162857055664}"
train,"{'mae': 0.9880720376968384, 'rmse': 0.9885792136192322}","{'mae': 0.06446526199579239, 'rmse': 0.0857561007142067}"
val,"{'mae': 0.9652963280677795, 'rmse': 0.9653905034065247}","{'mae': 0.06692016869783401, 'rmse': 0.0876021459698677}"
train,"{'mae': 0.9757975339889526, 'rmse': 0.9761094450950623}","{'mae': 0.06353262066841125, 'rmse': 0.08350100368261337}"
val,"{'mae': 0.9795834422111511, 'rmse': 0.9796428084373474}","{'mae': 0.06357905268669128, 'rmse': 0.08394698053598404}"
train,"{'mae': 0.9801742434501648, 'rmse': 0.9803811311721802}","{'mae': 0.06202409043908119, 'rmse': 0.081604965031147}"
val,"{'mae': 0.9937233328819275, 'rmse': 0.9937294721603394}","{'mae': 0.061779558658599854, 'rmse': 0.08095144480466843}"
train,"{'mae': 0.9580592513084412, 'rmse': 0.9583697319030762}","{'mae': 0.06564480066299438, 'rmse': 0.08751671761274338}"
val,"{'mae': 0.9541211128234863, 'rmse': 0.9541526436805725}","{'mae': 0.05824824795126915, 'rmse': 0.07698196917772293}"
train,"{'mae': 0.9585753083229065, 'rmse': 0.958763599395752}","{'mae': 0.060513369739055634, 'rmse': 0.08051566034555435}"
val,"{'mae': 0.9935734272003174, 'rmse': 0.9935770630836487}","{'mae': 0.06422926485538483, 'rmse': 0.08590424060821533}"
train,"{'mae': 0.9178529977798462, 'rmse': 0.9181787371635437}","{'mae': 0.06109078228473663, 'rmse': 0.08091074228286743}"
val,"{'mae': 0.9248865246772766, 'rmse': 0.9248933792114258}","{'mae': 0.05710602179169655, 'rmse': 0.07512124627828598}"
train,"{'mae': 0.933626115322113, 'rmse': 0.9338220357894897}","{'mae': 0.06121054291725159, 'rmse': 0.08125786483287811}"
val,"{'mae': 0.9468833208084106, 'rmse': 0.9468839764595032}","{'mae': 0.06057976186275482, 'rmse': 0.07982944697141647}"
train,"{'mae': 0.9590924382209778, 'rmse': 0.9592121243476868}","{'mae': 0.05785100907087326, 'rmse': 0.07607243210077286}"
val,"{'mae': 0.9923833608627319, 'rmse': 0.992401659488678}","{'mae': 0.05805619806051254, 'rmse': 0.07649999111890793}"
train,"{'mae': 0.9709903597831726, 'rmse': 0.9710872769355774}","{'mae': 0.058345939964056015, 'rmse': 0.07665705680847168}"
val,"{'mae': 0.9573418498039246, 'rmse': 0.9574073553085327}","{'mae': 0.058381062000989914, 'rmse': 0.07687193900346756}"
train,"{'mae': 0.9771654009819031, 'rmse': 0.9772740602493286}","{'mae': 0.05803348124027252, 'rmse': 0.07660093903541565}"
val,"{'mae': 1.0041067600250244, 'rmse': 1.0041332244873047}","{'mae': 0.05709799379110336, 'rmse': 0.07590005546808243}"
train,"{'mae': 0.9797297120094299, 'rmse': 0.9799209833145142}","{'mae': 0.05715138465166092, 'rmse': 0.07524068653583527}"
val,"{'mae': 0.9711230397224426, 'rmse': 0.9711755514144897}","{'mae': 0.05625088885426521, 'rmse': 0.07419902831315994}"
train,"{'mae': 0.9763248562812805, 'rmse': 0.9764665961265564}","{'mae': 0.056859176605939865, 'rmse': 0.07512293756008148}"
val,"{'mae': 0.9988806843757629, 'rmse': 0.9989259243011475}","{'mae': 0.05644593387842178, 'rmse': 0.07397455722093582}"
train,"{'mae': 0.9823359251022339, 'rmse': 0.98244708776474}","{'mae': 0.05574210733175278, 'rmse': 0.07377606630325317}"
val,"{'mae': 0.9692459106445312, 'rmse': 0.9692941904067993}","{'mae': 0.055006951093673706, 'rmse': 0.0726974681019783}"
train,"{'mae': 0.9873645901679993, 'rmse': 0.9874841570854187}","{'mae': 0.056761033833026886, 'rmse': 0.07511742413043976}"
val,"{'mae': 0.9678780436515808, 'rmse': 0.9679043292999268}","{'mae': 0.05603199824690819, 'rmse': 0.07456730306148529}"
train,"{'mae': 0.9770640134811401, 'rmse': 0.9771615266799927}","{'mae': 0.056165847927331924, 'rmse': 0.074131079018116}"
val,"{'mae': 0.9817115068435669, 'rmse': 0.9817622303962708}","{'mae': 0.05559608340263367, 'rmse': 0.07337519526481628}"
train,"{'mae': 0.9778552651405334, 'rmse': 0.9779806733131409}","{'mae': 0.05446538329124451, 'rmse': 0.07205773144960403}"
val,"{'mae': 0.9784138202667236, 'rmse': 0.978499174118042}","{'mae': 0.05408522114157677, 'rmse': 0.07156790792942047}"
train,"{'mae': 0.9829535484313965, 'rmse': 0.9831154942512512}","{'mae': 0.05458246171474457, 'rmse': 0.07204779982566833}"
val,"{'mae': 0.9742279648780823, 'rmse': 0.9743039608001709}","{'mae': 0.05581538379192352, 'rmse': 0.07323135435581207}"
train,"{'mae': 0.9795973300933838, 'rmse': 0.9797715544700623}","{'mae': 0.0547294095158577, 'rmse': 0.07253839820623398}"
val,"{'mae': 0.9670721888542175, 'rmse': 0.9671853184700012}","{'mae': 0.053057942539453506, 'rmse': 0.07028533518314362}"
train,"{'mae': 0.9845653176307678, 'rmse': 0.9847499132156372}","{'mae': 0.05390864983201027, 'rmse': 0.07118970155715942}"
val,"{'mae': 0.9681642651557922, 'rmse': 0.9682729244232178}","{'mae': 0.053674280643463135, 'rmse': 0.07056524604558945}"
train,"{'mae': 0.9658170938491821, 'rmse': 0.966021716594696}","{'mae': 0.055104903876781464, 'rmse': 0.07292667776346207}"
val,"{'mae': 0.9773945808410645, 'rmse': 0.9775135517120361}","{'mae': 0.052805885672569275, 'rmse': 0.0699959471821785}"
train,"{'mae': 0.9729146957397461, 'rmse': 0.9731287360191345}","{'mae': 0.05375710874795914, 'rmse': 0.07113440334796906}"
val,"{'mae': 0.978021502494812, 'rmse': 0.9782272577285767}","{'mae': 0.05681804567575455, 'rmse': 0.07535420358181}"
train,"{'mae': 0.9781717658042908, 'rmse': 0.9783854484558105}","{'mae': 0.05379265546798706, 'rmse': 0.07120796293020248}"
val,"{'mae': 0.9602528810501099, 'rmse': 0.9603976011276245}","{'mae': 0.05679027736186981, 'rmse': 0.07484938949346542}"
train,"{'mae': 0.9721563458442688, 'rmse': 0.972363293170929}","{'mae': 0.05374360829591751, 'rmse': 0.0710010677576065}"
val,"{'mae': 0.9693758487701416, 'rmse': 0.9695571660995483}","{'mae': 0.0527295246720314, 'rmse': 0.06949771195650101}"
train,"{'mae': 0.9742447137832642, 'rmse': 0.9744442701339722}","{'mae': 0.05347011983394623, 'rmse': 0.07072033733129501}"
val,"{'mae': 0.9668137431144714, 'rmse': 0.9669408202171326}","{'mae': 0.052391692996025085, 'rmse': 0.0692768320441246}"
train,"{'mae': 0.9763417840003967, 'rmse': 0.9765698313713074}","{'mae': 0.05276215448975563, 'rmse': 0.06985428184270859}"
val,"{'mae': 0.9806627035140991, 'rmse': 0.9808517694473267}","{'mae': 0.05240505561232567, 'rmse': 0.06950674206018448}"
train,"{'mae': 0.9713135957717896, 'rmse': 0.9715415835380554}","{'mae': 0.05347456410527229, 'rmse': 0.07072605192661285}"
val,"{'mae': 0.9792963266372681, 'rmse': 0.9794910550117493}","{'mae': 0.05307741463184357, 'rmse': 0.07069220393896103}"
train,"{'mae': 0.9769006371498108, 'rmse': 0.9771617650985718}","{'mae': 0.05324312299489975, 'rmse': 0.070645771920681}"
val,"{'mae': 0.9692348837852478, 'rmse': 0.9695132374763489}","{'mae': 0.05522812530398369, 'rmse': 0.07283247262239456}"
train,"{'mae': 0.9698927998542786, 'rmse': 0.9701666235923767}","{'mae': 0.053467266261577606, 'rmse': 0.07090748846530914}"
val,"{'mae': 0.9435786604881287, 'rmse': 0.9438033699989319}","{'mae': 0.05442465841770172, 'rmse': 0.07254710793495178}"
train,"{'mae': 0.969226598739624, 'rmse': 0.9695551991462708}","{'mae': 0.05284592881798744, 'rmse': 0.07006404548883438}"
val,"{'mae': 0.9794540405273438, 'rmse': 0.979629397392273}","{'mae': 0.058185115456581116, 'rmse': 0.07692186534404755}"
train,"{'mae': 0.9649614095687866, 'rmse': 0.9652506709098816}","{'mae': 0.05474523454904556, 'rmse': 0.07233791053295135}"
val,"{'mae': 0.9648796319961548, 'rmse': 0.965072751045227}","{'mae': 0.052764784544706345, 'rmse': 0.06950262933969498}"
train,"{'mae': 0.9705002307891846, 'rmse': 0.970799446105957}","{'mae': 0.05196637287735939, 'rmse': 0.0688951313495636}"
val,"{'mae': 0.9733389616012573, 'rmse': 0.9735711812973022}","{'mae': 0.05186367407441139, 'rmse': 0.06861533969640732}"
train,"{'mae': 0.9675108790397644, 'rmse': 0.9678181409835815}","{'mae': 0.052040740847587585, 'rmse': 0.0689951702952385}"
val,"{'mae': 0.9711126089096069, 'rmse': 0.9713839292526245}","{'mae': 0.05228332802653313, 'rmse': 0.06921742856502533}"
train,"{'mae': 0.9643564820289612, 'rmse': 0.9647058844566345}","{'mae': 0.052312396466732025, 'rmse': 0.06950785219669342}"
val,"{'mae': 0.9717856645584106, 'rmse': 0.9720462560653687}","{'mae': 0.05215248838067055, 'rmse': 0.0693243145942688}"
train,"{'mae': 0.9612976312637329, 'rmse': 0.9616288542747498}","{'mae': 0.051456648856401443, 'rmse': 0.06823781132698059}"
val,"{'mae': 0.9609472155570984, 'rmse': 0.9612851142883301}","{'mae': 0.05097213760018349, 'rmse': 0.06753650307655334}"
train,"{'mae': 0.958120584487915, 'rmse': 0.9584783911705017}","{'mae': 0.05194665491580963, 'rmse': 0.06881389021873474}"
val,"{'mae': 0.9620324373245239, 'rmse': 0.9623192548751831}","{'mae': 0.051829468458890915, 'rmse': 0.06879652291536331}"
train,"{'mae': 0.9548218250274658, 'rmse': 0.9551918506622314}","{'mae': 0.05231741443276405, 'rmse': 0.06943672150373459}"
val,"{'mae': 0.9351571202278137, 'rmse': 0.9355165362358093}","{'mae': 0.05085054412484169, 'rmse': 0.0673886239528656}"
train,"{'mae': 0.9516133069992065, 'rmse': 0.951988697052002}","{'mae': 0.051049742847681046, 'rmse': 0.06773214787244797}"
val,"{'mae': 0.9455659985542297, 'rmse': 0.9459109902381897}","{'mae': 0.050788745284080505, 'rmse': 0.06787438690662384}"
train,"{'mae': 0.957243800163269, 'rmse': 0.9576547741889954}","{'mae': 0.051208022981882095, 'rmse': 0.06788862496614456}"
val,"{'mae': 0.9651842713356018, 'rmse': 0.9655932188034058}","{'mae': 0.05111875757575035, 'rmse': 0.06780997663736343}"
train,"{'mae': 0.9565334320068359, 'rmse': 0.9569399356842041}","{'mae': 0.05154179781675339, 'rmse': 0.06829366832971573}"
val,"{'mae': 0.9539187550544739, 'rmse': 0.9542822241783142}","{'mae': 0.050310168415308, 'rmse': 0.06690634787082672}"
train,"{'mae': 0.9514443278312683, 'rmse': 0.9518766403198242}","{'mae': 0.05178610235452652, 'rmse': 0.06874071061611176}"
val,"{'mae': 0.9303834438323975, 'rmse': 0.9307215213775635}","{'mae': 0.052976273000240326, 'rmse': 0.07080491632223129}"
train,"{'mae': 0.9415531754493713, 'rmse': 0.9419741630554199}","{'mae': 0.05108467862010002, 'rmse': 0.06791257858276367}"
val,"{'mae': 0.9444352388381958, 'rmse': 0.9448272585868835}","{'mae': 0.05358566716313362, 'rmse': 0.07119505852460861}"
train,"{'mae': 0.9472643136978149, 'rmse': 0.9476993680000305}","{'mae': 0.05181146785616875, 'rmse': 0.0688418298959732}"
val,"{'mae': 0.9405115842819214, 'rmse': 0.9408954381942749}","{'mae': 0.052555184811353683, 'rmse': 0.0693846046924591}"
train,"{'mae': 0.9395400285720825, 'rmse': 0.9400061964988708}","{'mae': 0.05081265792250633, 'rmse': 0.06749459356069565}"
val,"{'mae': 0.9349152445793152, 'rmse': 0.9353678226470947}","{'mae': 0.0513928160071373, 'rmse': 0.0680626630783081}"
train,"{'mae': 0.9453906416893005, 'rmse': 0.9458630681037903}","{'mae': 0.0508028082549572, 'rmse': 0.06738279014825821}"
val,"{'mae': 0.9430435299873352, 'rmse': 0.9434842467308044}","{'mae': 0.051294200122356415, 'rmse': 0.06796567142009735}"
train,"{'mae': 0.9347847104072571, 'rmse': 0.9352650046348572}","{'mae': 0.05163825303316116, 'rmse': 0.06857536733150482}"
val,"{'mae': 0.9403603672981262, 'rmse': 0.9408525824546814}","{'mae': 0.05123256519436836, 'rmse': 0.06796465069055557}"
train,"{'mae': 0.9316129684448242, 'rmse': 0.9320962429046631}","{'mae': 0.050529204308986664, 'rmse': 0.06708405166864395}"
val,"{'mae': 0.9434364438056946, 'rmse': 0.9439365863800049}","{'mae': 0.05076908692717552, 'rmse': 0.06730986386537552}"
train,"{'mae': 0.93073570728302, 'rmse': 0.931241512298584}","{'mae': 0.05128846317529678, 'rmse': 0.06816431879997253}"
val,"{'mae': 0.9126501679420471, 'rmse': 0.9131571054458618}","{'mae': 0.050962239503860474, 'rmse': 0.06764456629753113}"
train,"{'mae': 0.9258363842964172, 'rmse': 0.9263520240783691}","{'mae': 0.050151925534009933, 'rmse': 0.06665883213281631}"
val,"{'mae': 0.9284166097640991, 'rmse': 0.9288718104362488}","{'mae': 0.05076451972126961, 'rmse': 0.06734400242567062}"
train,"{'mae': 0.919360876083374, 'rmse': 0.9199055433273315}","{'mae': 0.051103439182043076, 'rmse': 0.06776479631662369}"
val,"{'mae': 0.9194292426109314, 'rmse': 0.919957160949707}","{'mae': 0.049932386726140976, 'rmse': 0.0666360929608345}"
train,"{'mae': 0.9185234308242798, 'rmse': 0.9190508723258972}","{'mae': 0.05112093314528465, 'rmse': 0.06810350716114044}"
val,"{'mae': 0.9137267470359802, 'rmse': 0.9141941070556641}","{'mae': 0.05019838362932205, 'rmse': 0.06664096564054489}"
train,"{'mae': 0.9178364872932434, 'rmse': 0.9183826446533203}","{'mae': 0.050182364881038666, 'rmse': 0.06668835878372192}"
val,"{'mae': 0.9113524556159973, 'rmse': 0.9118631482124329}","{'mae': 0.05023305118083954, 'rmse': 0.06680130213499069}"
train,"{'mae': 0.9129186272621155, 'rmse': 0.9134727120399475}","{'mae': 0.051104165613651276, 'rmse': 0.0677785649895668}"
val,"{'mae': 0.9047180414199829, 'rmse': 0.905213475227356}","{'mae': 0.05075148865580559, 'rmse': 0.06708701699972153}"
train,"{'mae': 0.9166514873504639, 'rmse': 0.9171973466873169}","{'mae': 0.04967525228857994, 'rmse': 0.06614004820585251}"
val,"{'mae': 0.9329786896705627, 'rmse': 0.9334831237792969}","{'mae': 0.051493946462869644, 'rmse': 0.06829284131526947}"
train,"{'mae': 0.9152930974960327, 'rmse': 0.915867030620575}","{'mae': 0.050042446702718735, 'rmse': 0.06646034121513367}"
val,"{'mae': 0.9021003842353821, 'rmse': 0.9026736617088318}","{'mae': 0.04916512221097946, 'rmse': 0.06548048555850983}"
train,"{'mae': 0.9108947515487671, 'rmse': 0.9115081429481506}","{'mae': 0.04983094334602356, 'rmse': 0.0662500262260437}"
val,"{'mae': 0.9153118133544922, 'rmse': 0.9159175753593445}","{'mae': 0.05043494328856468, 'rmse': 0.06695327907800674}"
train,"{'mae': 0.9104312062263489, 'rmse': 0.9110473990440369}","{'mae': 0.05024881660938263, 'rmse': 0.06681942939758301}"
val,"{'mae': 0.9045091271400452, 'rmse': 0.9050701856613159}","{'mae': 0.04917319491505623, 'rmse': 0.06540846824645996}"
train,"{'mae': 0.9109340310096741, 'rmse': 0.9115646481513977}","{'mae': 0.05008399114012718, 'rmse': 0.06658636033535004}"
val,"{'mae': 0.9023517966270447, 'rmse': 0.9029335379600525}","{'mae': 0.050869639962911606, 'rmse': 0.06720010191202164}"
train,"{'mae': 0.9034183621406555, 'rmse': 0.904050350189209}","{'mae': 0.049432627856731415, 'rmse': 0.06577262282371521}"
val,"{'mae': 0.8996770977973938, 'rmse': 0.9002612829208374}","{'mae': 0.048896729946136475, 'rmse': 0.06513018161058426}"
train,"{'mae': 0.9018804430961609, 'rmse': 0.9025147557258606}","{'mae': 0.05041735619306564, 'rmse': 0.0670422688126564}"
val,"{'mae': 0.8999234437942505, 'rmse': 0.9005056619644165}","{'mae': 0.04985681176185608, 'rmse': 0.06669463217258453}"
train,"{'mae': 0.9019901752471924, 'rmse': 0.9026368856430054}","{'mae': 0.04963139817118645, 'rmse': 0.066073477268219}"
val,"{'mae': 0.9021434783935547, 'rmse': 0.9027189016342163}","{'mae': 0.05218813940882683, 'rmse': 0.0688345655798912}"
train,"{'mae': 0.8989816904067993, 'rmse': 0.8996315002441406}","{'mae': 0.04983658343553543, 'rmse': 0.06627506017684937}"
val,"{'mae': 0.8915014863014221, 'rmse': 0.8921496272087097}","{'mae': 0.04893741011619568, 'rmse': 0.06515014171600342}"
train,"{'mae': 0.8964364528656006, 'rmse': 0.8971229791641235}","{'mae': 0.04920276626944542, 'rmse': 0.06553328782320023}"
val,"{'mae': 0.9015145301818848, 'rmse': 0.9020888805389404}","{'mae': 0.05051049590110779, 'rmse': 0.06698867678642273}"
train,"{'mae': 0.8971261978149414, 'rmse': 0.8978242874145508}","{'mae': 0.04915503039956093, 'rmse': 0.06549208611249924}"
val,"{'mae': 0.8991373777389526, 'rmse': 0.8997957110404968}","{'mae': 0.049556296318769455, 'rmse': 0.06621747463941574}"
train,"{'mae': 0.8997522592544556, 'rmse': 0.9004586338996887}","{'mae': 0.049472544342279434, 'rmse': 0.06579709053039551}"
val,"{'mae': 0.8906516432762146, 'rmse': 0.8913010954856873}","{'mae': 0.049689631909132004, 'rmse': 0.06596483290195465}"
train,"{'mae': 0.8991397619247437, 'rmse': 0.8998467922210693}","{'mae': 0.04905136302113533, 'rmse': 0.06535041332244873}"
val,"{'mae': 0.896835207939148, 'rmse': 0.8975513577461243}","{'mae': 0.04900077357888222, 'rmse': 0.06505560874938965}"
train,"{'mae': 0.8972944021224976, 'rmse': 0.8980101346969604}","{'mae': 0.04887042194604874, 'rmse': 0.06510236859321594}"
val,"{'mae': 0.8881207704544067, 'rmse': 0.8888687491416931}","{'mae': 0.04932728409767151, 'rmse': 0.06586329638957977}"
train,"{'mae': 0.8974123001098633, 'rmse': 0.8981220722198486}","{'mae': 0.04984082654118538, 'rmse': 0.0662214457988739}"
val,"{'mae': 0.8846929669380188, 'rmse': 0.8853211402893066}","{'mae': 0.05049458146095276, 'rmse': 0.06700535118579865}"
train,"{'mae': 0.8904746174812317, 'rmse': 0.8911918997764587}","{'mae': 0.04923345893621445, 'rmse': 0.06548459827899933}"
val,"{'mae': 0.8886153101921082, 'rmse': 0.8893011212348938}","{'mae': 0.04880218580365181, 'rmse': 0.0648326650261879}"
train,"{'mae': 0.8917045593261719, 'rmse': 0.8924350142478943}","{'mae': 0.04914745315909386, 'rmse': 0.06541486829519272}"
val,"{'mae': 0.9046639204025269, 'rmse': 0.9053661823272705}","{'mae': 0.048719219863414764, 'rmse': 0.06490037590265274}"
train,"{'mae': 0.8884903788566589, 'rmse': 0.8892339468002319}","{'mae': 0.04919183626770973, 'rmse': 0.06557204574346542}"
val,"{'mae': 0.895496129989624, 'rmse': 0.8961870670318604}","{'mae': 0.048162903636693954, 'rmse': 0.06431278586387634}"
train,"{'mae': 0.8964813351631165, 'rmse': 0.8972304463386536}","{'mae': 0.04877474159002304, 'rmse': 0.06500087678432465}"
val,"{'mae': 0.8887419700622559, 'rmse': 0.8894966840744019}","{'mae': 0.04812902957201004, 'rmse': 0.06426293402910233}"
train,"{'mae': 0.893054723739624, 'rmse': 0.8937950730323792}","{'mae': 0.048914067447185516, 'rmse': 0.06512222439050674}"
val,"{'mae': 0.8851572871208191, 'rmse': 0.8858955502510071}","{'mae': 0.048046138137578964, 'rmse': 0.0643410012125969}"
train,"{'mae': 0.8955994844436646, 'rmse': 0.8963657021522522}","{'mae': 0.0491621308028698, 'rmse': 0.06548783928155899}"
val,"{'mae': 0.891261637210846, 'rmse': 0.8919895887374878}","{'mae': 0.0485992357134819, 'rmse': 0.06486595422029495}"
train,"{'mae': 0.8966786861419678, 'rmse': 0.897455632686615}","{'mae': 0.048391666263341904, 'rmse': 0.06455305218696594}"
val,"{'mae': 0.8879989981651306, 'rmse': 0.8887906670570374}","{'mae': 0.04807671904563904, 'rmse': 0.06445060670375824}"
train,"{'mae': 0.8904289603233337, 'rmse': 0.8912248611450195}","{'mae': 0.048766445368528366, 'rmse': 0.06503890454769135}"
val,"{'mae': 0.8882412314414978, 'rmse': 0.8890065550804138}","{'mae': 0.048763591796159744, 'rmse': 0.0652899295091629}"
train,"{'mae': 0.8943101763725281, 'rmse': 0.8950981497764587}","{'mae': 0.048472486436367035, 'rmse': 0.06462015956640244}"
val,"{'mae': 0.8788123726844788, 'rmse': 0.8795682787895203}","{'mae': 0.048407893627882004, 'rmse': 0.06459131091833115}"
train,"{'mae': 0.8904584646224976, 'rmse': 0.891248345375061}","{'mae': 0.04867899417877197, 'rmse': 0.06492358446121216}"
val,"{'mae': 0.8898679614067078, 'rmse': 0.8906126618385315}","{'mae': 0.04902005195617676, 'rmse': 0.06501228362321854}"
train,"{'mae': 0.8912522792816162, 'rmse': 0.8920450210571289}","{'mae': 0.04863828793168068, 'rmse': 0.06482519209384918}"
val,"{'mae': 0.8846186399459839, 'rmse': 0.8854058384895325}","{'mae': 0.047449272125959396, 'rmse': 0.06359197199344635}"
train,"{'mae': 0.8919932246208191, 'rmse': 0.8927947878837585}","{'mae': 0.04859355092048645, 'rmse': 0.06475984305143356}"
val,"{'mae': 0.8797223567962646, 'rmse': 0.8804945945739746}","{'mae': 0.04861164465546608, 'rmse': 0.0646066814661026}"
train,"{'mae': 0.8863939046859741, 'rmse': 0.887199878692627}","{'mae': 0.04822701960802078, 'rmse': 0.0643327608704567}"
val,"{'mae': 0.8769344687461853, 'rmse': 0.8777293562889099}","{'mae': 0.05012428015470505, 'rmse': 0.06596457213163376}"
train,"{'mae': 0.8861329555511475, 'rmse': 0.8869575262069702}","{'mae': 0.048424236476421356, 'rmse': 0.06457284092903137}"
val,"{'mae': 0.8859879374504089, 'rmse': 0.8868085741996765}","{'mae': 0.04874885454773903, 'rmse': 0.06468778103590012}"
train,"{'mae': 0.8859096765518188, 'rmse': 0.8867294192314148}","{'mae': 0.04820161685347557, 'rmse': 0.06432060152292252}"
val,"{'mae': 0.8731995224952698, 'rmse': 0.8739072680473328}","{'mae': 0.048769261687994, 'rmse': 0.06573157757520676}"
train,"{'mae': 0.8840020895004272, 'rmse': 0.8848266005516052}","{'mae': 0.04806254059076309, 'rmse': 0.06415241211652756}"
val,"{'mae': 0.8845956325531006, 'rmse': 0.8854057788848877}","{'mae': 0.047979019582271576, 'rmse': 0.06401006877422333}"
train,"{'mae': 0.8876967430114746, 'rmse': 0.8885312080383301}","{'mae': 0.04850790649652481, 'rmse': 0.06466520577669144}"
val,"{'mae': 0.8820021748542786, 'rmse': 0.8827946186065674}","{'mae': 0.047077570110559464, 'rmse': 0.06305696815252304}"
train,"{'mae': 0.8859388828277588, 'rmse': 0.8867682218551636}","{'mae': 0.04807251691818237, 'rmse': 0.0642319843173027}"
val,"{'mae': 0.8935796618461609, 'rmse': 0.8944715857505798}","{'mae': 0.048089105635881424, 'rmse': 0.06474408507347107}"
train,"{'mae': 0.8883841037750244, 'rmse': 0.8892350196838379}","{'mae': 0.048077672719955444, 'rmse': 0.06416825950145721}"
val,"{'mae': 0.8799445629119873, 'rmse': 0.8807709217071533}","{'mae': 0.04800524190068245, 'rmse': 0.06403567641973495}"
train,"{'mae': 0.8900213241577148, 'rmse': 0.890849769115448}","{'mae': 0.04816463589668274, 'rmse': 0.06426230818033218}"
val,"{'mae': 0.8898947238922119, 'rmse': 0.8907632827758789}","{'mae': 0.04997119680047035, 'rmse': 0.06664339452981949}"
train,"{'mae': 0.8905637860298157, 'rmse': 0.8914029002189636}","{'mae': 0.04799206554889679, 'rmse': 0.06408175081014633}"
val,"{'mae': 0.8779552578926086, 'rmse': 0.878762423992157}","{'mae': 0.04706359654664993, 'rmse': 0.0630842000246048}"
train,"{'mae': 0.8872098326683044, 'rmse': 0.8880751132965088}","{'mae': 0.0480993278324604, 'rmse': 0.06419957429170609}"
val,"{'mae': 0.8821023106575012, 'rmse': 0.8829373717308044}","{'mae': 0.048179835081100464, 'rmse': 0.06447301805019379}"
train,"{'mae': 0.8912989497184753, 'rmse': 0.8921685814857483}","{'mae': 0.04795018583536148, 'rmse': 0.06401258707046509}"
val,"{'mae': 0.8885310292243958, 'rmse': 0.8893750309944153}","{'mae': 0.04796982929110527, 'rmse': 0.06399213522672653}"
train,"{'mae': 0.887367844581604, 'rmse': 0.8882359266281128}","{'mae': 0.047994960099458694, 'rmse': 0.06410454213619232}"
val,"{'mae': 0.885196328163147, 'rmse': 0.8861001133918762}","{'mae': 0.04771155118942261, 'rmse': 0.0638190507888794}"
train,"{'mae': 0.8841392397880554, 'rmse': 0.8850083351135254}","{'mae': 0.048070527613162994, 'rmse': 0.06416585296392441}"
val,"{'mae': 0.8740707039833069, 'rmse': 0.8749045133590698}","{'mae': 0.049027007073163986, 'rmse': 0.06523091346025467}"
train,"{'mae': 0.8817713856697083, 'rmse': 0.8826421499252319}","{'mae': 0.0473632775247097, 'rmse': 0.06333068758249283}"
val,"{'mae': 0.871666669845581, 'rmse': 0.8725012540817261}","{'mae': 0.04710719361901283, 'rmse': 0.06300076097249985}"
train,"{'mae': 0.8859972953796387, 'rmse': 0.8868744373321533}","{'mae': 0.04735589399933815, 'rmse': 0.06333298236131668}"
val,"{'mae': 0.8803614974021912, 'rmse': 0.8811938762664795}","{'mae': 0.04928747937083244, 'rmse': 0.06538382172584534}"
train,"{'mae': 0.8831548094749451, 'rmse': 0.8840106725692749}","{'mae': 0.04787462204694748, 'rmse': 0.06387778371572495}"
val,"{'mae': 0.8789043426513672, 'rmse': 0.8797557950019836}","{'mae': 0.04728175327181816, 'rmse': 0.06320283561944962}"
train,"{'mae': 0.882678210735321, 'rmse': 0.883543074131012}","{'mae': 0.04724893718957901, 'rmse': 0.06320223957300186}"
val,"{'mae': 0.8763316869735718, 'rmse': 0.8771581649780273}","{'mae': 0.04719969257712364, 'rmse': 0.06312356889247894}"
train,"{'mae': 0.8825255036354065, 'rmse': 0.8833902478218079}","{'mae': 0.04773901402950287, 'rmse': 0.06379172205924988}"
val,"{'mae': 0.8799965977668762, 'rmse': 0.8808594346046448}","{'mae': 0.04998979717493057, 'rmse': 0.06654849648475647}"
train,"{'mae': 0.8791120052337646, 'rmse': 0.8799784183502197}","{'mae': 0.04757552221417427, 'rmse': 0.06359012424945831}"
val,"{'mae': 0.8767185211181641, 'rmse': 0.8775396347045898}","{'mae': 0.047537662088871, 'rmse': 0.06327394396066666}"
train,"{'mae': 0.8800675272941589, 'rmse': 0.8809424042701721}","{'mae': 0.0472092367708683, 'rmse': 0.06317412108182907}"
val,"{'mae': 0.873357355594635, 'rmse': 0.8741920590400696}","{'mae': 0.04725418984889984, 'rmse': 0.06330730020999908}"
train,"{'mae': 0.8805033564567566, 'rmse': 0.8813787698745728}","{'mae': 0.04755326360464096, 'rmse': 0.0635661780834198}"
val,"{'mae': 0.8793554902076721, 'rmse': 0.8802006840705872}","{'mae': 0.04697725549340248, 'rmse': 0.06287608295679092}"
train,"{'mae': 0.8832286596298218, 'rmse': 0.8840996623039246}","{'mae': 0.0470832921564579, 'rmse': 0.06299711018800735}"
val,"{'mae': 0.8818581700325012, 'rmse': 0.8827323317527771}","{'mae': 0.04869487136602402, 'rmse': 0.06463643908500671}"
train,"{'mae': 0.8829467296600342, 'rmse': 0.8837926983833313}","{'mae': 0.047760721296072006, 'rmse': 0.06375832855701447}"
val,"{'mae': 0.8779021501541138, 'rmse': 0.8787679672241211}","{'mae': 0.047407157719135284, 'rmse': 0.06326588243246078}"
train,"{'mae': 0.8833532929420471, 'rmse': 0.884207010269165}","{'mae': 0.04751227796077728, 'rmse': 0.06355387717485428}"
val,"{'mae': 0.8842667937278748, 'rmse': 0.8851012587547302}","{'mae': 0.04710528999567032, 'rmse': 0.06292776018381119}"
train,"{'mae': 0.8836095929145813, 'rmse': 0.884472131729126}","{'mae': 0.04719482362270355, 'rmse': 0.06309191882610321}"
val,"{'mae': 0.874169111251831, 'rmse': 0.8749849200248718}","{'mae': 0.04719091206789017, 'rmse': 0.06332289427518845}"
train,"{'mae': 0.8827759623527527, 'rmse': 0.8836331963539124}","{'mae': 0.047760870307683945, 'rmse': 0.06377938389778137}"
val,"{'mae': 0.8678672909736633, 'rmse': 0.8686934113502502}","{'mae': 0.04704027622938156, 'rmse': 0.06318341195583344}"
train,"{'mae': 0.8807297348976135, 'rmse': 0.8816032409667969}","{'mae': 0.04712486267089844, 'rmse': 0.06307266652584076}"
val,"{'mae': 0.8719608187675476, 'rmse': 0.8727688789367676}","{'mae': 0.04904613643884659, 'rmse': 0.06548255681991577}"
train,"{'mae': 0.8818919658660889, 'rmse': 0.8827571272850037}","{'mae': 0.047149285674095154, 'rmse': 0.06303489208221436}"
val,"{'mae': 0.8766624331474304, 'rmse': 0.877503514289856}","{'mae': 0.04715145751833916, 'rmse': 0.0629420354962349}"
train,"{'mae': 0.8840492367744446, 'rmse': 0.884910523891449}","{'mae': 0.04699283838272095, 'rmse': 0.06286918371915817}"
val,"{'mae': 0.8867576122283936, 'rmse': 0.8876226544380188}","{'mae': 0.04680853709578514, 'rmse': 0.06259151548147202}"
train,"{'mae': 0.8836131691932678, 'rmse': 0.8844970464706421}","{'mae': 0.047259218990802765, 'rmse': 0.06314343214035034}"
val,"{'mae': 0.8711280822753906, 'rmse': 0.8720177412033081}","{'mae': 0.04818899556994438, 'rmse': 0.06409365683794022}"
train,"{'mae': 0.8839825987815857, 'rmse': 0.8848970532417297}","{'mae': 0.047382503747940063, 'rmse': 0.06333142518997192}"
val,"{'mae': 0.8851525187492371, 'rmse': 0.8860523700714111}","{'mae': 0.047540269792079926, 'rmse': 0.06323572993278503}"
train,"{'mae': 0.8803446292877197, 'rmse': 0.8812278509140015}","{'mae': 0.046951621770858765, 'rmse': 0.06281860172748566}"
val,"{'mae': 0.8716903924942017, 'rmse': 0.8725393414497375}","{'mae': 0.04708593338727951, 'rmse': 0.06300676614046097}"
train,"{'mae': 0.8836011290550232, 'rmse': 0.8845078349113464}","{'mae': 0.04750208184123039, 'rmse': 0.06348583847284317}"
val,"{'mae': 0.8762660622596741, 'rmse': 0.8771365880966187}","{'mae': 0.04752980172634125, 'rmse': 0.0633850172162056}"
train,"{'mae': 0.881885290145874, 'rmse': 0.8827905058860779}","{'mae': 0.046922653913497925, 'rmse': 0.06278616189956665}"
val,"{'mae': 0.886165201663971, 'rmse': 0.8870649933815002}","{'mae': 0.04725814610719681, 'rmse': 0.0631348192691803}"
train,"{'mae': 0.8802117705345154, 'rmse': 0.8811111450195312}","{'mae': 0.046682875603437424, 'rmse': 0.0625373125076294}"
val,"{'mae': 0.8803293704986572, 'rmse': 0.8812134861946106}","{'mae': 0.046466194093227386, 'rmse': 0.06227059289813042}"
train,"{'mae': 0.880984902381897, 'rmse': 0.8818657994270325}","{'mae': 0.04685058817267418, 'rmse': 0.062705859541893}"
val,"{'mae': 0.8753089904785156, 'rmse': 0.8762131929397583}","{'mae': 0.04657233878970146, 'rmse': 0.06231316924095154}"
train,"{'mae': 0.8801167607307434, 'rmse': 0.8810099959373474}","{'mae': 0.04752373322844505, 'rmse': 0.06352046877145767}"
val,"{'mae': 0.87334805727005, 'rmse': 0.8742291331291199}","{'mae': 0.04678437486290932, 'rmse': 0.0628594234585762}"
train,"{'mae': 0.8800582885742188, 'rmse': 0.8809548020362854}","{'mae': 0.04655836522579193, 'rmse': 0.0624147392809391}"
val,"{'mae': 0.872087299823761, 'rmse': 0.8729568123817444}","{'mae': 0.046353161334991455, 'rmse': 0.0621030367910862}"
train,"{'mae': 0.8811829686164856, 'rmse': 0.8820647597312927}","{'mae': 0.04667573794722557, 'rmse': 0.06251369416713715}"
val,"{'mae': 0.880173921585083, 'rmse': 0.8810439109802246}","{'mae': 0.04660635069012642, 'rmse': 0.062248263508081436}"
train,"{'mae': 0.8824350833892822, 'rmse': 0.8833104372024536}","{'mae': 0.04738030210137367, 'rmse': 0.0633118748664856}"
val,"{'mae': 0.8784180283546448, 'rmse': 0.8792716860771179}","{'mae': 0.04759665206074715, 'rmse': 0.06350727379322052}"
train,"{'mae': 0.8810710310935974, 'rmse': 0.8819718956947327}","{'mae': 0.046819306910037994, 'rmse': 0.06268943846225739}"
val,"{'mae': 0.8830245733261108, 'rmse': 0.8839174509048462}","{'mae': 0.04699486494064331, 'rmse': 0.06272672861814499}"
train,"{'mae': 0.8821030855178833, 'rmse': 0.8829894661903381}","{'mae': 0.04666541516780853, 'rmse': 0.06246775761246681}"
val,"{'mae': 0.8791975378990173, 'rmse': 0.8801153302192688}","{'mae': 0.047201260924339294, 'rmse': 0.06289175152778625}"
train,"{'mae': 0.8822682499885559, 'rmse': 0.8831540942192078}","{'mae': 0.046963006258010864, 'rmse': 0.06283579021692276}"
val,"{'mae': 0.8698318004608154, 'rmse': 0.8707514405250549}","{'mae': 0.046616874635219574, 'rmse': 0.06233059987425804}"
train,"{'mae': 0.8789211511611938, 'rmse': 0.8798230886459351}","{'mae': 0.046675801277160645, 'rmse': 0.06249648332595825}"
val,"{'mae': 0.8684515953063965, 'rmse': 0.8693777322769165}","{'mae': 0.04596800357103348, 'rmse': 0.06185082346200943}"
train,"{'mae': 0.8781999945640564, 'rmse': 0.8791078329086304}","{'mae': 0.04629472270607948, 'rmse': 0.06209198758006096}"
val,"{'mae': 0.8758623600006104, 'rmse': 0.8767803907394409}","{'mae': 0.046462737023830414, 'rmse': 0.062447439879179}"
train,"{'mae': 0.8795765042304993, 'rmse': 0.8804746270179749}","{'mae': 0.04682084545493126, 'rmse': 0.06265725195407867}"
val,"{'mae': 0.8666273951530457, 'rmse': 0.8674613237380981}","{'mae': 0.04678712785243988, 'rmse': 0.06258060783147812}"
train,"{'mae': 0.8768763542175293, 'rmse': 0.8777506947517395}","{'mae': 0.046515367925167084, 'rmse': 0.06229361146688461}"
val,"{'mae': 0.8702468276023865, 'rmse': 0.8710615634918213}","{'mae': 0.046162884682416916, 'rmse': 0.061832550913095474}"
train,"{'mae': 0.8767097592353821, 'rmse': 0.8775897026062012}","{'mae': 0.04634055867791176, 'rmse': 0.062125250697135925}"
val,"{'mae': 0.8783825039863586, 'rmse': 0.8793219923973083}","{'mae': 0.04725346341729164, 'rmse': 0.06318919360637665}"
train,"{'mae': 0.8819707036018372, 'rmse': 0.8828489780426025}","{'mae': 0.04625502601265907, 'rmse': 0.06202780082821846}"
val,"{'mae': 0.8751340508460999, 'rmse': 0.8759987950325012}","{'mae': 0.04637087509036064, 'rmse': 0.06220731884241104}"
train,"{'mae': 0.8838759660720825, 'rmse': 0.8847419619560242}","{'mae': 0.04658569023013115, 'rmse': 0.06242111697793007}"
val,"{'mae': 0.8734078407287598, 'rmse': 0.8742451071739197}","{'mae': 0.046507515013217926, 'rmse': 0.0624096654355526}"
train,"{'mae': 0.8804316520690918, 'rmse': 0.8812996745109558}","{'mae': 0.04652032256126404, 'rmse': 0.06231888383626938}"
val,"{'mae': 0.8746183514595032, 'rmse': 0.87547367811203}","{'mae': 0.0465296246111393, 'rmse': 0.062330327928066254}"
train,"{'mae': 0.8796493411064148, 'rmse': 0.8805184960365295}","{'mae': 0.04671143740415573, 'rmse': 0.06252335011959076}"
val,"{'mae': 0.8778600096702576, 'rmse': 0.8787466883659363}","{'mae': 0.047821853309869766, 'rmse': 0.06372039020061493}"
train,"{'mae': 0.8810771703720093, 'rmse': 0.881936252117157}","{'mae': 0.04650408402085304, 'rmse': 0.06228457763791084}"
val,"{'mae': 0.8751795887947083, 'rmse': 0.8759876489639282}","{'mae': 0.046746619045734406, 'rmse': 0.062473099678754807}"
train,"{'mae': 0.8823449015617371, 'rmse': 0.8831967711448669}","{'mae': 0.04613643139600754, 'rmse': 0.06188562139868736}"
val,"{'mae': 0.8787071108818054, 'rmse': 0.8795574307441711}","{'mae': 0.04591009020805359, 'rmse': 0.06164662912487984}"
train,"{'mae': 0.8813676238059998, 'rmse': 0.8822203278541565}","{'mae': 0.046393390744924545, 'rmse': 0.062140654772520065}"
val,"{'mae': 0.8743668794631958, 'rmse': 0.8752426505088806}","{'mae': 0.04650299623608589, 'rmse': 0.06225724145770073}"
train,"{'mae': 0.8807417750358582, 'rmse': 0.8815761804580688}","{'mae': 0.04616228863596916, 'rmse': 0.061885327100753784}"
val,"{'mae': 0.8706408143043518, 'rmse': 0.8714731931686401}","{'mae': 0.04673086106777191, 'rmse': 0.06244196370244026}"
train,"{'mae': 0.8832797408103943, 'rmse': 0.8841103315353394}","{'mae': 0.04630759730935097, 'rmse': 0.062048591673374176}"
val,"{'mae': 0.8831273317337036, 'rmse': 0.8839896321296692}","{'mae': 0.046150390058755875, 'rmse': 0.06182922422885895}"
train,"{'mae': 0.8835362195968628, 'rmse': 0.8843714594841003}","{'mae': 0.04635229334235191, 'rmse': 0.06210478022694588}"
val,"{'mae': 0.8820838332176208, 'rmse': 0.8828808665275574}","{'mae': 0.04707149788737297, 'rmse': 0.06304086744785309}"
train,"{'mae': 0.8845599293708801, 'rmse': 0.8853977918624878}","{'mae': 0.0462447926402092, 'rmse': 0.062002599239349365}"
val,"{'mae': 0.8866804838180542, 'rmse': 0.8875028491020203}","{'mae': 0.04619636759161949, 'rmse': 0.061931949108839035}"
train,"{'mae': 0.8845239877700806, 'rmse': 0.8853674530982971}","{'mae': 0.04589756950736046, 'rmse': 0.061585474759340286}"
val,"{'mae': 0.8872134685516357, 'rmse': 0.8880606293678284}","{'mae': 0.04680706188082695, 'rmse': 0.06254802644252777}"
train,"{'mae': 0.8860207796096802, 'rmse': 0.8868643641471863}","{'mae': 0.046332601457834244, 'rmse': 0.06209580600261688}"
val,"{'mae': 0.8847708702087402, 'rmse': 0.885621964931488}","{'mae': 0.046103570610284805, 'rmse': 0.06179887428879738}"
train,"{'mae': 0.8867040276527405, 'rmse': 0.8875458836555481}","{'mae': 0.046090371906757355, 'rmse': 0.06180445849895477}"
val,"{'mae': 0.8846523761749268, 'rmse': 0.8855255246162415}","{'mae': 0.04611373320221901, 'rmse': 0.061898306012153625}"
train,"{'mae': 0.8857213258743286, 'rmse': 0.886561393737793}","{'mae': 0.045986633747816086, 'rmse': 0.061683304607868195}"
val,"{'mae': 0.8816878795623779, 'rmse': 0.8824731111526489}","{'mae': 0.046416644006967545, 'rmse': 0.06209764629602432}"
train,"{'mae': 0.8863701224327087, 'rmse': 0.8871883153915405}","{'mae': 0.04602012410759926, 'rmse': 0.06171306222677231}"
val,"{'mae': 0.8769032955169678, 'rmse': 0.8777066469192505}","{'mae': 0.0456538125872612, 'rmse': 0.06118489056825638}"
train,"{'mae': 0.8846085667610168, 'rmse': 0.8854225277900696}","{'mae': 0.04589812085032463, 'rmse': 0.06159067898988724}"
val,"{'mae': 0.877769410610199, 'rmse': 0.8785679340362549}","{'mae': 0.04610023647546768, 'rmse': 0.061795491725206375}"
train,"{'mae': 0.8877474069595337, 'rmse': 0.8885584473609924}","{'mae': 0.04597603157162666, 'rmse': 0.061658088117837906}"
val,"{'mae': 0.882982611656189, 'rmse': 0.8837504982948303}","{'mae': 0.04618661850690842, 'rmse': 0.06191103905439377}"
train,"{'mae': 0.8874648809432983, 'rmse': 0.8882625699043274}","{'mae': 0.04609154164791107, 'rmse': 0.06176193431019783}"
val,"{'mae': 0.882754921913147, 'rmse': 0.8835188746452332}","{'mae': 0.04588620364665985, 'rmse': 0.06152306869626045}"
train,"{'mae': 0.886624276638031, 'rmse': 0.8874306678771973}","{'mae': 0.04585384204983711, 'rmse': 0.06153637915849686}"
val,"{'mae': 0.8851127028465271, 'rmse': 0.8858811259269714}","{'mae': 0.04611394181847572, 'rmse': 0.0618506595492363}"
train,"{'mae': 0.891295313835144, 'rmse': 0.892084538936615}","{'mae': 0.04599295184016228, 'rmse': 0.06169607862830162}"
val,"{'mae': 0.8821538686752319, 'rmse': 0.8828884959220886}","{'mae': 0.045581817626953125, 'rmse': 0.061361365020275116}"
train,"{'mae': 0.887417733669281, 'rmse': 0.8881931900978088}","{'mae': 0.0459526926279068, 'rmse': 0.061638861894607544}"
val,"{'mae': 0.8798909783363342, 'rmse': 0.8806546330451965}","{'mae': 0.04589911922812462, 'rmse': 0.061692818999290466}"
train,"{'mae': 0.8910871148109436, 'rmse': 0.8918763995170593}","{'mae': 0.04617230221629143, 'rmse': 0.06188160926103592}"
val,"{'mae': 0.8802943825721741, 'rmse': 0.8810686469078064}","{'mae': 0.046649158000946045, 'rmse': 0.06248953565955162}"
train,"{'mae': 0.8898298740386963, 'rmse': 0.8906252384185791}","{'mae': 0.045767124742269516, 'rmse': 0.06145302578806877}"
val,"{'mae': 0.8844476342201233, 'rmse': 0.885233461856842}","{'mae': 0.04626787081360817, 'rmse': 0.06194757670164108}"
train,"{'mae': 0.8931165337562561, 'rmse': 0.8939088582992554}","{'mae': 0.045793648809194565, 'rmse': 0.06145856902003288}"
val,"{'mae': 0.8856114745140076, 'rmse': 0.8864084482192993}","{'mae': 0.04585268348455429, 'rmse': 0.061492934823036194}"
train,"{'mae': 0.8882855176925659, 'rmse': 0.8890687823295593}","{'mae': 0.04569098725914955, 'rmse': 0.061355482786893845}"
val,"{'mae': 0.8840863704681396, 'rmse': 0.8848756551742554}","{'mae': 0.04723654314875603, 'rmse': 0.06322158873081207}"
train,"{'mae': 0.888941764831543, 'rmse': 0.8897243142127991}","{'mae': 0.04580887034535408, 'rmse': 0.061466656625270844}"
val,"{'mae': 0.8846095204353333, 'rmse': 0.8853533267974854}","{'mae': 0.045714933425188065, 'rmse': 0.061498742550611496}"
train,"{'mae': 0.8891298770904541, 'rmse': 0.8899022936820984}","{'mae': 0.04565213620662689, 'rmse': 0.061319924890995026}"
val,"{'mae': 0.885521411895752, 'rmse': 0.8862593173980713}","{'mae': 0.045669764280319214, 'rmse': 0.061158157885074615}"
train,"{'mae': 0.890281617641449, 'rmse': 0.8910438418388367}","{'mae': 0.04583065211772919, 'rmse': 0.06150031089782715}"
val,"{'mae': 0.8766993880271912, 'rmse': 0.8775191903114319}","{'mae': 0.04627220332622528, 'rmse': 0.062047675251960754}"
train,"{'mae': 0.8923999667167664, 'rmse': 0.893182098865509}","{'mae': 0.045626722276210785, 'rmse': 0.06127476692199707}"
val,"{'mae': 0.8872954249382019, 'rmse': 0.8880642652511597}","{'mae': 0.04548092931509018, 'rmse': 0.0611172579228878}"
train,"{'mae': 0.8916811943054199, 'rmse': 0.892454981803894}","{'mae': 0.0456717349588871, 'rmse': 0.06132916361093521}"
val,"{'mae': 0.893336296081543, 'rmse': 0.894110381603241}","{'mae': 0.04564059153199196, 'rmse': 0.06117596849799156}"
train,"{'mae': 0.8946059346199036, 'rmse': 0.8953825235366821}","{'mae': 0.04538038745522499, 'rmse': 0.061000507324934006}"
val,"{'mae': 0.8925347328186035, 'rmse': 0.8933173418045044}","{'mae': 0.04546903446316719, 'rmse': 0.06099429726600647}"
train,"{'mae': 0.8944840431213379, 'rmse': 0.8952553868293762}","{'mae': 0.045666057616472244, 'rmse': 0.061281949281692505}"
val,"{'mae': 0.8906343579292297, 'rmse': 0.891349196434021}","{'mae': 0.04553695768117905, 'rmse': 0.06116514652967453}"
train,"{'mae': 0.8941985964775085, 'rmse': 0.8949605226516724}","{'mae': 0.04561484232544899, 'rmse': 0.06125687435269356}"
val,"{'mae': 0.8872105479240417, 'rmse': 0.8879609107971191}","{'mae': 0.045388832688331604, 'rmse': 0.06104043498635292}"
train,"{'mae': 0.894325852394104, 'rmse': 0.8950936198234558}","{'mae': 0.04546161741018295, 'rmse': 0.06105584651231766}"
val,"{'mae': 0.8913682103157043, 'rmse': 0.8920881748199463}","{'mae': 0.04553354158997536, 'rmse': 0.06125856190919876}"
train,"{'mae': 0.8964942693710327, 'rmse': 0.8972601890563965}","{'mae': 0.04555424675345421, 'rmse': 0.06116175651550293}"
val,"{'mae': 0.8868677616119385, 'rmse': 0.887586772441864}","{'mae': 0.04520673304796219, 'rmse': 0.060853421688079834}"
train,"{'mae': 0.8952638506889343, 'rmse': 0.8960260152816772}","{'mae': 0.04527687281370163, 'rmse': 0.060874972492456436}"
val,"{'mae': 0.8922817707061768, 'rmse': 0.8930442929267883}","{'mae': 0.04562745615839958, 'rmse': 0.061063796281814575}"
train,"{'mae': 0.8925374746322632, 'rmse': 0.8933011293411255}","{'mae': 0.04552695155143738, 'rmse': 0.0611436665058136}"
val,"{'mae': 0.8866339325904846, 'rmse': 0.8873660564422607}","{'mae': 0.04552752152085304, 'rmse': 0.061154816299676895}"
train,"{'mae': 0.8939637541770935, 'rmse': 0.8947092890739441}","{'mae': 0.04559317231178284, 'rmse': 0.06123001128435135}"
val,"{'mae': 0.8904535174369812, 'rmse': 0.8911996483802795}","{'mae': 0.04545352980494499, 'rmse': 0.061115872114896774}"
train,"{'mae': 0.8954362869262695, 'rmse': 0.8961764574050903}","{'mae': 0.045695960521698, 'rmse': 0.06131546199321747}"
val,"{'mae': 0.8886542320251465, 'rmse': 0.8893936276435852}","{'mae': 0.045092444866895676, 'rmse': 0.060789261013269424}"
train,"{'mae': 0.895779550075531, 'rmse': 0.8965323567390442}","{'mae': 0.04527920484542847, 'rmse': 0.06087480112910271}"
val,"{'mae': 0.8921480178833008, 'rmse': 0.8929316997528076}","{'mae': 0.0452636294066906, 'rmse': 0.06075683981180191}"
train,"{'mae': 0.895956814289093, 'rmse': 0.8966925144195557}","{'mae': 0.04546702653169632, 'rmse': 0.06103286147117615}"
val,"{'mae': 0.8902445435523987, 'rmse': 0.8909549117088318}","{'mae': 0.045029085129499435, 'rmse': 0.06070519611239433}"
train,"{'mae': 0.8962329626083374, 'rmse': 0.8969640135765076}","{'mae': 0.04534798488020897, 'rmse': 0.060949455946683884}"
val,"{'mae': 0.8973921537399292, 'rmse': 0.8981258273124695}","{'mae': 0.04563485458493233, 'rmse': 0.0612478069961071}"
train,"{'mae': 0.8970881104469299, 'rmse': 0.8978203535079956}","{'mae': 0.04543088749051094, 'rmse': 0.06102007254958153}"
val,"{'mae': 0.8981987833976746, 'rmse': 0.8989441990852356}","{'mae': 0.04614188149571419, 'rmse': 0.06187528744339943}"
train,"{'mae': 0.8977231979370117, 'rmse': 0.8984416723251343}","{'mae': 0.045486174523830414, 'rmse': 0.06101509928703308}"
val,"{'mae': 0.8918488025665283, 'rmse': 0.8925935626029968}","{'mae': 0.04651959240436554, 'rmse': 0.06183115765452385}"
train,"{'mae': 0.899488091468811, 'rmse': 0.9002043008804321}","{'mae': 0.04515371099114418, 'rmse': 0.060709599405527115}"
val,"{'mae': 0.8924456834793091, 'rmse': 0.8931065797805786}","{'mae': 0.04526626691222191, 'rmse': 0.060782402753829956}"
train,"{'mae': 0.8980920910835266, 'rmse': 0.8988009691238403}","{'mae': 0.04512166604399681, 'rmse': 0.0606907419860363}"
val,"{'mae': 0.8953542709350586, 'rmse': 0.8960890173912048}","{'mae': 0.04540035128593445, 'rmse': 0.060949381440877914}"
train,"{'mae': 0.9015398025512695, 'rmse': 0.9022536873817444}","{'mae': 0.04524809494614601, 'rmse': 0.060818012803792953}"
val,"{'mae': 0.8945359587669373, 'rmse': 0.8952118158340454}","{'mae': 0.04527892917394638, 'rmse': 0.06079407036304474}"
train,"{'mae': 0.9008968472480774, 'rmse': 0.901594877243042}","{'mae': 0.0453193336725235, 'rmse': 0.060859207063913345}"
val,"{'mae': 0.8961077332496643, 'rmse': 0.8967893719673157}","{'mae': 0.04494798555970192, 'rmse': 0.060517311096191406}"
train,"{'mae': 0.902897834777832, 'rmse': 0.9035915732383728}","{'mae': 0.04509323462843895, 'rmse': 0.06063598021864891}"
val,"{'mae': 0.8966708183288574, 'rmse': 0.8974019289016724}","{'mae': 0.04485786706209183, 'rmse': 0.060435764491558075}"
train,"{'mae': 0.901722252368927, 'rmse': 0.9024236798286438}","{'mae': 0.04520342871546745, 'rmse': 0.06074950844049454}"
val,"{'mae': 0.8925380110740662, 'rmse': 0.8932244777679443}","{'mae': 0.044705767184495926, 'rmse': 0.06030081957578659}"
train,"{'mae': 0.9014485478401184, 'rmse': 0.9021514058113098}","{'mae': 0.04506397992372513, 'rmse': 0.060616634786129}"
val,"{'mae': 0.8994562029838562, 'rmse': 0.900130569934845}","{'mae': 0.045439764857292175, 'rmse': 0.06110331788659096}"
train,"{'mae': 0.9024654030799866, 'rmse': 0.9031656384468079}","{'mae': 0.04514241963624954, 'rmse': 0.060680925846099854}"
val,"{'mae': 0.9020895957946777, 'rmse': 0.9027522802352905}","{'mae': 0.045166533440351486, 'rmse': 0.06069471314549446}"
train,"{'mae': 0.9037911295890808, 'rmse': 0.9044892191886902}","{'mae': 0.04497772082686424, 'rmse': 0.06051640212535858}"
val,"{'mae': 0.9020521640777588, 'rmse': 0.9027590751647949}","{'mae': 0.0451258048415184, 'rmse': 0.060458891093730927}"
train,"{'mae': 0.904481828212738, 'rmse': 0.9051719307899475}","{'mae': 0.045136068016290665, 'rmse': 0.06066242977976799}"
val,"{'mae': 0.8942152857780457, 'rmse': 0.8949081301689148}","{'mae': 0.045288264751434326, 'rmse': 0.060800861567258835}"
train,"{'mae': 0.903265118598938, 'rmse': 0.9039595127105713}","{'mae': 0.04514637961983681, 'rmse': 0.06071627512574196}"
val,"{'mae': 0.9005904197692871, 'rmse': 0.901253879070282}","{'mae': 0.044945649802684784, 'rmse': 0.06058476120233536}"
train,"{'mae': 0.9046995639801025, 'rmse': 0.9053990840911865}","{'mae': 0.04493604972958565, 'rmse': 0.06045663356781006}"
val,"{'mae': 0.9013967514038086, 'rmse': 0.9021221995353699}","{'mae': 0.045290179550647736, 'rmse': 0.060682471841573715}"
train,"{'mae': 0.9055666327476501, 'rmse': 0.9062508940696716}","{'mae': 0.04506229609251022, 'rmse': 0.06060117483139038}"
val,"{'mae': 0.901212751865387, 'rmse': 0.9019147753715515}","{'mae': 0.0453035831451416, 'rmse': 0.06071802228689194}"
train,"{'mae': 0.9050830602645874, 'rmse': 0.905777096748352}","{'mae': 0.04498910903930664, 'rmse': 0.060521308332681656}"
val,"{'mae': 0.9006674289703369, 'rmse': 0.901359498500824}","{'mae': 0.04497172683477402, 'rmse': 0.060563232749700546}"
train,"{'mae': 0.9052289724349976, 'rmse': 0.9059171676635742}","{'mae': 0.04517700895667076, 'rmse': 0.06071557477116585}"
val,"{'mae': 0.906510591506958, 'rmse': 0.9071955680847168}","{'mae': 0.0451970249414444, 'rmse': 0.06055084243416786}"
train,"{'mae': 0.906563401222229, 'rmse': 0.9072374105453491}","{'mae': 0.0448809489607811, 'rmse': 0.0603843629360199}"
val,"{'mae': 0.9020915627479553, 'rmse': 0.9027162194252014}","{'mae': 0.04500269517302513, 'rmse': 0.06057136133313179}"
train,"{'mae': 0.9044797420501709, 'rmse': 0.905134916305542}","{'mae': 0.04512796923518181, 'rmse': 0.06066977232694626}"
val,"{'mae': 0.8942634463310242, 'rmse': 0.8949180245399475}","{'mae': 0.04495469853281975, 'rmse': 0.06044793874025345}"
train,"{'mae': 0.906643807888031, 'rmse': 0.9073072075843811}","{'mae': 0.044919244945049286, 'rmse': 0.06044303625822067}"
val,"{'mae': 0.9112606644630432, 'rmse': 0.9119109511375427}","{'mae': 0.04521916061639786, 'rmse': 0.060811903327703476}"
train,"{'mae': 0.9054554104804993, 'rmse': 0.9061108231544495}","{'mae': 0.04506123811006546, 'rmse': 0.06057759374380112}"
val,"{'mae': 0.9093736410140991, 'rmse': 0.9100112318992615}","{'mae': 0.044603340327739716, 'rmse': 0.06014121696352959}"
train,"{'mae': 0.9083744287490845, 'rmse': 0.9090254902839661}","{'mae': 0.04493840038776398, 'rmse': 0.06045648828148842}"
val,"{'mae': 0.9029772281646729, 'rmse': 0.9036386013031006}","{'mae': 0.04528762027621269, 'rmse': 0.06096482649445534}"
train,"{'mae': 0.9076015949249268, 'rmse': 0.9082605242729187}","{'mae': 0.044751062989234924, 'rmse': 0.06023391708731651}"
val,"{'mae': 0.9008708000183105, 'rmse': 0.9015119671821594}","{'mae': 0.04556035250425339, 'rmse': 0.060974061489105225}"
train,"{'mae': 0.9077832698822021, 'rmse': 0.9084427356719971}","{'mae': 0.044808682054281235, 'rmse': 0.06031470000743866}"
val,"{'mae': 0.9018746018409729, 'rmse': 0.9025352597236633}","{'mae': 0.044675301760435104, 'rmse': 0.060236137360334396}"
train,"{'mae': 0.9097093939781189, 'rmse': 0.910356879234314}","{'mae': 0.04462797939777374, 'rmse': 0.06010705977678299}"
val,"{'mae': 0.9026036858558655, 'rmse': 0.903225839138031}","{'mae': 0.04527750983834267, 'rmse': 0.0607900470495224}"
train,"{'mae': 0.9112982749938965, 'rmse': 0.9119622707366943}","{'mae': 0.04482578858733177, 'rmse': 0.0603153333067894}"
val,"{'mae': 0.9093260765075684, 'rmse': 0.9099794626235962}","{'mae': 0.044667236506938934, 'rmse': 0.06025136634707451}"
train,"{'mae': 0.9123244285583496, 'rmse': 0.9129806756973267}","{'mae': 0.0445677787065506, 'rmse': 0.06002300605177879}"
val,"{'mae': 0.9071236848831177, 'rmse': 0.9077638387680054}","{'mae': 0.04459237679839134, 'rmse': 0.060123197734355927}"
train,"{'mae': 0.914288341999054, 'rmse': 0.9149363040924072}","{'mae': 0.044642720371484756, 'rmse': 0.060107018798589706}"
val,"{'mae': 0.9072065949440002, 'rmse': 0.9078254699707031}","{'mae': 0.04476059600710869, 'rmse': 0.0604671947658062}"
train,"{'mae': 0.9138808846473694, 'rmse': 0.9145193099975586}","{'mae': 0.04479309916496277, 'rmse': 0.06028618663549423}"
val,"{'mae': 0.9052027463912964, 'rmse': 0.905829131603241}","{'mae': 0.044515643268823624, 'rmse': 0.06010300666093826}"
train,"{'mae': 0.9150214791297913, 'rmse': 0.9156630039215088}","{'mae': 0.044734615832567215, 'rmse': 0.0602041594684124}"
val,"{'mae': 0.9098784327507019, 'rmse': 0.9104963541030884}","{'mae': 0.044597238302230835, 'rmse': 0.06002752110362053}"
train,"{'mae': 0.9142242074012756, 'rmse': 0.914849579334259}","{'mae': 0.04482780024409294, 'rmse': 0.06031094491481781}"
val,"{'mae': 0.9103482961654663, 'rmse': 0.9109798669815063}","{'mae': 0.045331843197345734, 'rmse': 0.0607546828687191}"
train,"{'mae': 0.9139441251754761, 'rmse': 0.9145733714103699}","{'mae': 0.04467190057039261, 'rmse': 0.06014059856534004}"
val,"{'mae': 0.906000018119812, 'rmse': 0.9065916538238525}","{'mae': 0.044505082070827484, 'rmse': 0.06017560511827469}"
train,"{'mae': 0.9138117432594299, 'rmse': 0.9144341945648193}","{'mae': 0.044620364904403687, 'rmse': 0.06007886305451393}"
val,"{'mae': 0.9135295152664185, 'rmse': 0.914114773273468}","{'mae': 0.04470636323094368, 'rmse': 0.06021049618721008}"
train,"{'mae': 0.9149095416069031, 'rmse': 0.9155248403549194}","{'mae': 0.044568754732608795, 'rmse': 0.06001240015029907}"
val,"{'mae': 0.9123614430427551, 'rmse': 0.912940502166748}","{'mae': 0.04534337669610977, 'rmse': 0.06089562550187111}"
train,"{'mae': 0.9147975444793701, 'rmse': 0.9154130220413208}","{'mae': 0.04517276957631111, 'rmse': 0.06069314107298851}"
val,"{'mae': 0.9121894836425781, 'rmse': 0.9127839803695679}","{'mae': 0.044529568403959274, 'rmse': 0.06001538038253784}"
train,"{'mae': 0.9167196154594421, 'rmse': 0.917330801486969}","{'mae': 0.044601548463106155, 'rmse': 0.06005619093775749}"
val,"{'mae': 0.914539635181427, 'rmse': 0.9151416420936584}","{'mae': 0.04469231516122818, 'rmse': 0.06004256382584572}"
train,"{'mae': 0.9167543649673462, 'rmse': 0.917364776134491}","{'mae': 0.04463273286819458, 'rmse': 0.06008658558130264}"
val,"{'mae': 0.9154890775680542, 'rmse': 0.9160563349723816}","{'mae': 0.04455263540148735, 'rmse': 0.060115352272987366}"
train,"{'mae': 0.9195802807807922, 'rmse': 0.9201868176460266}","{'mae': 0.04447328671813011, 'rmse': 0.05991143360733986}"
val,"{'mae': 0.9111652374267578, 'rmse': 0.9117258191108704}","{'mae': 0.04519868269562721, 'rmse': 0.060556311160326004}"
train,"{'mae': 0.9179134368896484, 'rmse': 0.9185253381729126}","{'mae': 0.044565360993146896, 'rmse': 0.06001472473144531}"
val,"{'mae': 0.9202626347541809, 'rmse': 0.9208337068557739}","{'mae': 0.04454808309674263, 'rmse': 0.060151971876621246}"
train,"{'mae': 0.9197832345962524, 'rmse': 0.920382559299469}","{'mae': 0.04460304602980614, 'rmse': 0.060043178498744965}"
val,"{'mae': 0.9148288369178772, 'rmse': 0.9153925776481628}","{'mae': 0.04482560232281685, 'rmse': 0.06030712276697159}"
train,"{'mae': 0.9198500514030457, 'rmse': 0.9204460978507996}","{'mae': 0.04474427551031113, 'rmse': 0.06018281728029251}"
val,"{'mae': 0.9162377715110779, 'rmse': 0.9168412089347839}","{'mae': 0.04481220617890358, 'rmse': 0.06033429875969887}"
train,"{'mae': 0.9215840101242065, 'rmse': 0.9221745133399963}","{'mae': 0.04458422213792801, 'rmse': 0.06003378704190254}"
val,"{'mae': 0.9162392616271973, 'rmse': 0.9167932271957397}","{'mae': 0.04468177631497383, 'rmse': 0.06020823493599892}"
train,"{'mae': 0.9219273924827576, 'rmse': 0.9225251078605652}","{'mae': 0.04448937252163887, 'rmse': 0.05993111804127693}"
val,"{'mae': 0.9160863757133484, 'rmse': 0.9166772961616516}","{'mae': 0.04421650245785713, 'rmse': 0.059729646891355515}"
train,"{'mae': 0.9219153523445129, 'rmse': 0.9225150942802429}","{'mae': 0.04428411275148392, 'rmse': 0.05969925597310066}"
val,"{'mae': 0.9215892553329468, 'rmse': 0.9221779704093933}","{'mae': 0.04416032135486603, 'rmse': 0.059525348246097565}"
train,"{'mae': 0.9234813451766968, 'rmse': 0.9240735173225403}","{'mae': 0.04436344653367996, 'rmse': 0.05979641154408455}"
val,"{'mae': 0.9155792593955994, 'rmse': 0.9161550402641296}","{'mae': 0.044636815786361694, 'rmse': 0.060066305100917816}"
train,"{'mae': 0.9245323538780212, 'rmse': 0.9251247644424438}","{'mae': 0.04433184862136841, 'rmse': 0.059761546552181244}"
val,"{'mae': 0.9176897406578064, 'rmse': 0.9182666540145874}","{'mae': 0.04440753534436226, 'rmse': 0.059964243322610855}"
train,"{'mae': 0.9249904751777649, 'rmse': 0.9255803227424622}","{'mae': 0.04445885866880417, 'rmse': 0.05988796427845955}"
val,"{'mae': 0.9182679653167725, 'rmse': 0.9188573360443115}","{'mae': 0.04457791894674301, 'rmse': 0.06000964716076851}"
train,"{'mae': 0.9235240817070007, 'rmse': 0.9241153597831726}","{'mae': 0.04453388601541519, 'rmse': 0.05996711179614067}"
val,"{'mae': 0.9226548075675964, 'rmse': 0.9232176542282104}","{'mae': 0.04457729309797287, 'rmse': 0.060003362596035004}"
train,"{'mae': 0.9269006252288818, 'rmse': 0.9274863600730896}","{'mae': 0.044258616864681244, 'rmse': 0.05966901406645775}"
val,"{'mae': 0.9205566048622131, 'rmse': 0.9211164116859436}","{'mae': 0.04479655623435974, 'rmse': 0.06040498986840248}"
train,"{'mae': 0.9262403249740601, 'rmse': 0.926825761795044}","{'mae': 0.04459856450557709, 'rmse': 0.06000296026468277}"
val,"{'mae': 0.9221181273460388, 'rmse': 0.9227032661437988}","{'mae': 0.04456065222620964, 'rmse': 0.059959519654512405}"
train,"{'mae': 0.9271004796028137, 'rmse': 0.9276853799819946}","{'mae': 0.044319234788417816, 'rmse': 0.05972106382250786}"
val,"{'mae': 0.9243366122245789, 'rmse': 0.9249022603034973}","{'mae': 0.04448093846440315, 'rmse': 0.05987754464149475}"
train,"{'mae': 0.9274435639381409, 'rmse': 0.9280251860618591}","{'mae': 0.04450847953557968, 'rmse': 0.05988410860300064}"
val,"{'mae': 0.9206386208534241, 'rmse': 0.9211862683296204}","{'mae': 0.04449468106031418, 'rmse': 0.05993182212114334}"
train,"{'mae': 0.9266846776008606, 'rmse': 0.9272553324699402}","{'mae': 0.044356588274240494, 'rmse': 0.05974936485290527}"
val,"{'mae': 0.9260217547416687, 'rmse': 0.9265934228897095}","{'mae': 0.04509643092751503, 'rmse': 0.060627929866313934}"
train,"{'mae': 0.9280052185058594, 'rmse': 0.9285826683044434}","{'mae': 0.044214893132448196, 'rmse': 0.059609632939100266}"
val,"{'mae': 0.9269523024559021, 'rmse': 0.9275397062301636}","{'mae': 0.04461885616183281, 'rmse': 0.06017856299877167}"
train,"{'mae': 0.9268506765365601, 'rmse': 0.9274255037307739}","{'mae': 0.0442851223051548, 'rmse': 0.05968231335282326}"
val,"{'mae': 0.9240559339523315, 'rmse': 0.9246192574501038}","{'mae': 0.04428869113326073, 'rmse': 0.05970088019967079}"
train,"{'mae': 0.9296242594718933, 'rmse': 0.9301966428756714}","{'mae': 0.0442335270345211, 'rmse': 0.059616491198539734}"
val,"{'mae': 0.9249210357666016, 'rmse': 0.9255108833312988}","{'mae': 0.044645264744758606, 'rmse': 0.05998995527625084}"
train,"{'mae': 0.929690420627594, 'rmse': 0.9302577376365662}","{'mae': 0.044314321130514145, 'rmse': 0.059720005840063095}"
val,"{'mae': 0.9230161309242249, 'rmse': 0.9235807061195374}","{'mae': 0.04481767863035202, 'rmse': 0.06023208051919937}"
train,"{'mae': 0.9298682808876038, 'rmse': 0.9304330348968506}","{'mae': 0.04433843493461609, 'rmse': 0.05973413214087486}"
val,"{'mae': 0.9227510094642639, 'rmse': 0.9233254790306091}","{'mae': 0.044518034905195236, 'rmse': 0.0598883330821991}"
train,"{'mae': 0.9297528266906738, 'rmse': 0.9303126931190491}","{'mae': 0.04411791265010834, 'rmse': 0.059505924582481384}"
val,"{'mae': 0.9277248978614807, 'rmse': 0.9282500147819519}","{'mae': 0.04409315064549446, 'rmse': 0.05957230553030968}"
train,"{'mae': 0.9312779903411865, 'rmse': 0.9318443536758423}","{'mae': 0.044242940843105316, 'rmse': 0.05961856618523598}"
val,"{'mae': 0.9233660101890564, 'rmse': 0.9239315390586853}","{'mae': 0.04429084062576294, 'rmse': 0.05969216302037239}"
train,"{'mae': 0.9315195679664612, 'rmse': 0.932083249092102}","{'mae': 0.044293057173490524, 'rmse': 0.059678997844457626}"
val,"{'mae': 0.9219797253608704, 'rmse': 0.9225295782089233}","{'mae': 0.04424554854631424, 'rmse': 0.059714846312999725}"
train,"{'mae': 0.9306358695030212, 'rmse': 0.9311972260475159}","{'mae': 0.04415082558989525, 'rmse': 0.05952601879835129}"
val,"{'mae': 0.9273194670677185, 'rmse': 0.9278696775436401}","{'mae': 0.04450327903032303, 'rmse': 0.05991768091917038}"
train,"{'mae': 0.9335234761238098, 'rmse': 0.9340800642967224}","{'mae': 0.04403027147054672, 'rmse': 0.05938946455717087}"
val,"{'mae': 0.9279959201812744, 'rmse': 0.9285479784011841}","{'mae': 0.04408225789666176, 'rmse': 0.059498269110918045}"
train,"{'mae': 0.9337875247001648, 'rmse': 0.9343317747116089}","{'mae': 0.04417642205953598, 'rmse': 0.05954017862677574}"
val,"{'mae': 0.924598217010498, 'rmse': 0.9251518249511719}","{'mae': 0.044572681188583374, 'rmse': 0.05993345007300377}"
train,"{'mae': 0.9356087446212769, 'rmse': 0.9361615777015686}","{'mae': 0.04406878352165222, 'rmse': 0.05940820649266243}"
val,"{'mae': 0.9309856295585632, 'rmse': 0.9315724968910217}","{'mae': 0.044341716915369034, 'rmse': 0.05975824221968651}"
train,"{'mae': 0.9351285099983215, 'rmse': 0.9356761574745178}","{'mae': 0.04400058835744858, 'rmse': 0.05935129523277283}"
val,"{'mae': 0.9297336935997009, 'rmse': 0.9302734136581421}","{'mae': 0.043797630816698074, 'rmse': 0.05930164456367493}"
train,"{'mae': 0.9351179599761963, 'rmse': 0.9356696009635925}","{'mae': 0.044055141508579254, 'rmse': 0.05943340063095093}"
val,"{'mae': 0.9344497323036194, 'rmse': 0.9349659085273743}","{'mae': 0.04420529678463936, 'rmse': 0.05948701500892639}"
train,"{'mae': 0.9365136623382568, 'rmse': 0.9370599389076233}","{'mae': 0.04400411993265152, 'rmse': 0.05934535339474678}"
val,"{'mae': 0.9350584745407104, 'rmse': 0.9356059432029724}","{'mae': 0.04449457302689552, 'rmse': 0.05990622937679291}"
train,"{'mae': 0.9371951222419739, 'rmse': 0.9377334713935852}","{'mae': 0.04404708743095398, 'rmse': 0.05940525233745575}"
val,"{'mae': 0.9322513937950134, 'rmse': 0.9327896237373352}","{'mae': 0.04482647031545639, 'rmse': 0.06012694165110588}"
train,"{'mae': 0.9368232488632202, 'rmse': 0.9373618364334106}","{'mae': 0.04402783513069153, 'rmse': 0.059386514127254486}"
val,"{'mae': 0.9358205199241638, 'rmse': 0.9363590478897095}","{'mae': 0.0441071093082428, 'rmse': 0.05947919562458992}"
train,"{'mae': 0.9392232298851013, 'rmse': 0.93976229429245}","{'mae': 0.04395168274641037, 'rmse': 0.05930817872285843}"
val,"{'mae': 0.9363489151000977, 'rmse': 0.9369001984596252}","{'mae': 0.04397661238908768, 'rmse': 0.05926976725459099}"
train,"{'mae': 0.938666582107544, 'rmse': 0.9392061829566956}","{'mae': 0.044070884585380554, 'rmse': 0.05942930653691292}"
val,"{'mae': 0.9350089430809021, 'rmse': 0.9355232119560242}","{'mae': 0.04393448680639267, 'rmse': 0.05941780284047127}"
train,"{'mae': 0.9387409090995789, 'rmse': 0.9392728209495544}","{'mae': 0.04414026066660881, 'rmse': 0.059501610696315765}"
val,"{'mae': 0.9360094666481018, 'rmse': 0.9365272521972656}","{'mae': 0.04472384229302406, 'rmse': 0.06008022278547287}"
train,"{'mae': 0.9397858381271362, 'rmse': 0.9403188228607178}","{'mae': 0.043927885591983795, 'rmse': 0.05926559865474701}"
val,"{'mae': 0.9339235424995422, 'rmse': 0.9344301819801331}","{'mae': 0.04455592855811119, 'rmse': 0.05989634618163109}"
train,"{'mae': 0.9396632313728333, 'rmse': 0.940193235874176}","{'mae': 0.044015079736709595, 'rmse': 0.05935455113649368}"
val,"{'mae': 0.9387198686599731, 'rmse': 0.9392241835594177}","{'mae': 0.0441238097846508, 'rmse': 0.059439752250909805}"
train,"{'mae': 0.9387763738632202, 'rmse': 0.9393057823181152}","{'mae': 0.04404587671160698, 'rmse': 0.059400856494903564}"
val,"{'mae': 0.9360507130622864, 'rmse': 0.9365707039833069}","{'mae': 0.044216886162757874, 'rmse': 0.05943937227129936}"
train,"{'mae': 0.9389526844024658, 'rmse': 0.9394722580909729}","{'mae': 0.04417738690972328, 'rmse': 0.0595134012401104}"
val,"{'mae': 0.9350883960723877, 'rmse': 0.9355482459068298}","{'mae': 0.04476393759250641, 'rmse': 0.060282472521066666}"
train,"{'mae': 0.9394115805625916, 'rmse': 0.9399256110191345}","{'mae': 0.04384356364607811, 'rmse': 0.0591747872531414}"
val,"{'mae': 0.9353349804878235, 'rmse': 0.9358601570129395}","{'mae': 0.04399821534752846, 'rmse': 0.05932854488492012}"
train,"{'mae': 0.9410868287086487, 'rmse': 0.9416035413742065}","{'mae': 0.04400762915611267, 'rmse': 0.05932982638478279}"
val,"{'mae': 0.9351096153259277, 'rmse': 0.935642659664154}","{'mae': 0.0460679717361927, 'rmse': 0.0616917759180069}"
train,"{'mae': 0.9419559836387634, 'rmse': 0.9424669146537781}","{'mae': 0.04423132911324501, 'rmse': 0.05955620855093002}"
val,"{'mae': 0.9385813474655151, 'rmse': 0.9390928149223328}","{'mae': 0.04376695677638054, 'rmse': 0.059152208268642426}"
train,"{'mae': 0.9414329528808594, 'rmse': 0.9419475793838501}","{'mae': 0.04390367865562439, 'rmse': 0.05924130231142044}"
val,"{'mae': 0.9406256675720215, 'rmse': 0.9411537647247314}","{'mae': 0.04534074291586876, 'rmse': 0.060766205191612244}"
train,"{'mae': 0.9416308403015137, 'rmse': 0.9421363472938538}","{'mae': 0.04407829791307449, 'rmse': 0.059431228786706924}"
val,"{'mae': 0.9370082020759583, 'rmse': 0.9374948740005493}","{'mae': 0.04413134977221489, 'rmse': 0.05938806012272835}"
train,"{'mae': 0.9423142671585083, 'rmse': 0.9428210854530334}","{'mae': 0.04370979964733124, 'rmse': 0.059024691581726074}"
val,"{'mae': 0.9382080435752869, 'rmse': 0.9386996626853943}","{'mae': 0.04406299814581871, 'rmse': 0.0594550259411335}"
train,"{'mae': 0.9438109993934631, 'rmse': 0.9443234801292419}","{'mae': 0.043687768280506134, 'rmse': 0.05901408940553665}"
val,"{'mae': 0.938824474811554, 'rmse': 0.9393398761749268}","{'mae': 0.044110964983701706, 'rmse': 0.05946211889386177}"
train,"{'mae': 0.9446397423744202, 'rmse': 0.9451472163200378}","{'mae': 0.04382928088307381, 'rmse': 0.059151697903871536}"
val,"{'mae': 0.9391146898269653, 'rmse': 0.939628005027771}","{'mae': 0.043877024203538895, 'rmse': 0.059183139353990555}"
train,"{'mae': 0.9459010362625122, 'rmse': 0.9463996291160583}","{'mae': 0.04381107538938522, 'rmse': 0.05911867320537567}"
val,"{'mae': 0.9429746270179749, 'rmse': 0.9434505701065063}","{'mae': 0.043755896389484406, 'rmse': 0.05911152809858322}"
train,"{'mae': 0.9460016489028931, 'rmse': 0.946506679058075}","{'mae': 0.043795567005872726, 'rmse': 0.059100616723299026}"
val,"{'mae': 0.9434774518013, 'rmse': 0.9439916610717773}","{'mae': 0.04405798390507698, 'rmse': 0.05931203067302704}"
train,"{'mae': 0.9467179775238037, 'rmse': 0.9472213983535767}","{'mae': 0.043729085475206375, 'rmse': 0.059045348316431046}"
val,"{'mae': 0.9463257789611816, 'rmse': 0.946808934211731}","{'mae': 0.04389640688896179, 'rmse': 0.05935671180486679}"
train,"{'mae': 0.9475523233413696, 'rmse': 0.9480550289154053}","{'mae': 0.043711453676223755, 'rmse': 0.05902152135968208}"
val,"{'mae': 0.9433038830757141, 'rmse': 0.9438185691833496}","{'mae': 0.04397759586572647, 'rmse': 0.059253573417663574}"
train,"{'mae': 0.9468355178833008, 'rmse': 0.947327196598053}","{'mae': 0.04393034800887108, 'rmse': 0.059229180216789246}"
val,"{'mae': 0.9412540793418884, 'rmse': 0.9417425990104675}","{'mae': 0.04368338733911514, 'rmse': 0.059095095843076706}"
train,"{'mae': 0.9480383992195129, 'rmse': 0.9485265612602234}","{'mae': 0.04372277855873108, 'rmse': 0.05903266370296478}"
val,"{'mae': 0.9470697641372681, 'rmse': 0.9475533366203308}","{'mae': 0.04382025822997093, 'rmse': 0.059089213609695435}"
train,"{'mae': 0.9484263062477112, 'rmse': 0.9489196538925171}","{'mae': 0.04372529685497284, 'rmse': 0.059022292494773865}"
val,"{'mae': 0.9423000812530518, 'rmse': 0.9427676200866699}","{'mae': 0.04378919303417206, 'rmse': 0.05906626582145691}"
train,"{'mae': 0.9480104446411133, 'rmse': 0.9485008716583252}","{'mae': 0.04372559115290642, 'rmse': 0.05901916325092316}"
val,"{'mae': 0.9415723085403442, 'rmse': 0.9420512914657593}","{'mae': 0.04407721757888794, 'rmse': 0.05933893844485283}"
train,"{'mae': 0.9494916796684265, 'rmse': 0.9499831199645996}","{'mae': 0.04366979002952576, 'rmse': 0.05896595120429993}"
val,"{'mae': 0.9415351152420044, 'rmse': 0.9420046806335449}","{'mae': 0.044059108942747116, 'rmse': 0.05955663323402405}"
train,"{'mae': 0.948753833770752, 'rmse': 0.9492365121841431}","{'mae': 0.04361864924430847, 'rmse': 0.0589180514216423}"
val,"{'mae': 0.9466115236282349, 'rmse': 0.9470896124839783}","{'mae': 0.04397065192461014, 'rmse': 0.05925501883029938}"
train,"{'mae': 0.9496043920516968, 'rmse': 0.9500857591629028}","{'mae': 0.04377128556370735, 'rmse': 0.059063564985990524}"
val,"{'mae': 0.9484150409698486, 'rmse': 0.9488962292671204}","{'mae': 0.04425891488790512, 'rmse': 0.059475090354681015}"
train,"{'mae': 0.9512369632720947, 'rmse': 0.9517183899879456}","{'mae': 0.04357995092868805, 'rmse': 0.058878399431705475}"
val,"{'mae': 0.9456014633178711, 'rmse': 0.9460768103599548}","{'mae': 0.044067174196243286, 'rmse': 0.05923530086874962}"
train,"{'mae': 0.9513640403747559, 'rmse': 0.9518418312072754}","{'mae': 0.04372449591755867, 'rmse': 0.05905214697122574}"
val,"{'mae': 0.9512848258018494, 'rmse': 0.9517512321472168}","{'mae': 0.043997399508953094, 'rmse': 0.059288788586854935}"
train,"{'mae': 0.9518924951553345, 'rmse': 0.9523733854293823}","{'mae': 0.04366509988903999, 'rmse': 0.058966394513845444}"
val,"{'mae': 0.9505026936531067, 'rmse': 0.950980007648468}","{'mae': 0.04371830075979233, 'rmse': 0.05892295762896538}"
train,"{'mae': 0.9525933265686035, 'rmse': 0.953074038028717}","{'mae': 0.04367741569876671, 'rmse': 0.058954302221536636}"
val,"{'mae': 0.9502220153808594, 'rmse': 0.9506651163101196}","{'mae': 0.04432469978928566, 'rmse': 0.05959503725171089}"
train,"{'mae': 0.9535642266273499, 'rmse': 0.9540413022041321}","{'mae': 0.04379117861390114, 'rmse': 0.05905891954898834}"
val,"{'mae': 0.9496769309043884, 'rmse': 0.9501575231552124}","{'mae': 0.04396897926926613, 'rmse': 0.05933031812310219}"
train,"{'mae': 0.953495442867279, 'rmse': 0.9539744853973389}","{'mae': 0.04366597160696983, 'rmse': 0.05895167961716652}"
val,"{'mae': 0.946054995059967, 'rmse': 0.9465317130088806}","{'mae': 0.04391583427786827, 'rmse': 0.05924412980675697}"
train,"{'mae': 0.9541348814964294, 'rmse': 0.9546087980270386}","{'mae': 0.04357206076383591, 'rmse': 0.058859195560216904}"
val,"{'mae': 0.949269711971283, 'rmse': 0.9497367143630981}","{'mae': 0.04346398264169693, 'rmse': 0.058873239904642105}"
train,"{'mae': 0.9541698098182678, 'rmse': 0.9546433687210083}","{'mae': 0.043487485498189926, 'rmse': 0.05876050889492035}"
val,"{'mae': 0.9516937732696533, 'rmse': 0.9521592855453491}","{'mae': 0.0438268780708313, 'rmse': 0.05913258343935013}"
train,"{'mae': 0.9555136561393738, 'rmse': 0.955988883972168}","{'mae': 0.043505702167749405, 'rmse': 0.058778006583452225}"
val,"{'mae': 0.9567895531654358, 'rmse': 0.9572423696517944}","{'mae': 0.04377876594662666, 'rmse': 0.05916495621204376}"
train,"{'mae': 0.956041693687439, 'rmse': 0.9565187692642212}","{'mae': 0.04353784769773483, 'rmse': 0.05882040783762932}"
val,"{'mae': 0.9504036903381348, 'rmse': 0.9508500695228577}","{'mae': 0.043542832136154175, 'rmse': 0.05888078361749649}"
train,"{'mae': 0.9563255310058594, 'rmse': 0.9567931890487671}","{'mae': 0.04351263865828514, 'rmse': 0.05878494307398796}"
val,"{'mae': 0.956400990486145, 'rmse': 0.9568657279014587}","{'mae': 0.044071782380342484, 'rmse': 0.059316571801900864}"
train,"{'mae': 0.9573116302490234, 'rmse': 0.957783043384552}","{'mae': 0.043413080275058746, 'rmse': 0.0586848109960556}"
val,"{'mae': 0.9563760161399841, 'rmse': 0.9568285942077637}","{'mae': 0.04344714805483818, 'rmse': 0.05881427973508835}"
train,"{'mae': 0.956301212310791, 'rmse': 0.9567686915397644}","{'mae': 0.0434802882373333, 'rmse': 0.05874215066432953}"
val,"{'mae': 0.955287516117096, 'rmse': 0.9557512402534485}","{'mae': 0.04360951483249664, 'rmse': 0.05893166735768318}"
train,"{'mae': 0.9565731287002563, 'rmse': 0.9570391774177551}","{'mae': 0.04353860765695572, 'rmse': 0.05880776792764664}"
val,"{'mae': 0.951920211315155, 'rmse': 0.9523890018463135}","{'mae': 0.0436573401093483, 'rmse': 0.05898256227374077}"
train,"{'mae': 0.9586394429206848, 'rmse': 0.9591098427772522}","{'mae': 0.04339847341179848, 'rmse': 0.058656372129917145}"
val,"{'mae': 0.9539427757263184, 'rmse': 0.9544104933738708}","{'mae': 0.043590936809778214, 'rmse': 0.058891285210847855}"
train,"{'mae': 0.958649754524231, 'rmse': 0.9591178894042969}","{'mae': 0.043437276035547256, 'rmse': 0.05869506299495697}"
val,"{'mae': 0.9573488831520081, 'rmse': 0.9577895402908325}","{'mae': 0.04351727291941643, 'rmse': 0.0587427094578743}"
train,"{'mae': 0.9591403007507324, 'rmse': 0.9595995545387268}","{'mae': 0.043482378125190735, 'rmse': 0.05874033644795418}"
val,"{'mae': 0.9552283883094788, 'rmse': 0.9556737542152405}","{'mae': 0.04374677315354347, 'rmse': 0.05898413434624672}"
train,"{'mae': 0.9588231444358826, 'rmse': 0.9592879414558411}","{'mae': 0.04343540221452713, 'rmse': 0.058694932609796524}"
val,"{'mae': 0.9603225588798523, 'rmse': 0.9607797861099243}","{'mae': 0.044135261327028275, 'rmse': 0.059320662170648575}"
train,"{'mae': 0.9586706757545471, 'rmse': 0.959136426448822}","{'mae': 0.0433589406311512, 'rmse': 0.058614570647478104}"
val,"{'mae': 0.9564671516418457, 'rmse': 0.9569028615951538}","{'mae': 0.04342055320739746, 'rmse': 0.05876966193318367}"
train,"{'mae': 0.9597231149673462, 'rmse': 0.9601817727088928}","{'mae': 0.04332756623625755, 'rmse': 0.058591101318597794}"
val,"{'mae': 0.9577063918113708, 'rmse': 0.958166241645813}","{'mae': 0.04356435686349869, 'rmse': 0.05889969319105148}"
train,"{'mae': 0.9602652192115784, 'rmse': 0.9607280492782593}","{'mae': 0.043438151478767395, 'rmse': 0.05868036299943924}"
val,"{'mae': 0.9600425958633423, 'rmse': 0.9604852795600891}","{'mae': 0.043684784322977066, 'rmse': 0.05890990421175957}"
train,"{'mae': 0.9605185389518738, 'rmse': 0.9609706997871399}","{'mae': 0.04332214221358299, 'rmse': 0.05857018753886223}"
val,"{'mae': 0.9561302661895752, 'rmse': 0.9565794467926025}","{'mae': 0.04389169067144394, 'rmse': 0.05912260338664055}"
train,"{'mae': 0.961254358291626, 'rmse': 0.9616981148719788}","{'mae': 0.04340730607509613, 'rmse': 0.05864446610212326}"
val,"{'mae': 0.9588096141815186, 'rmse': 0.9592557549476624}","{'mae': 0.04344379901885986, 'rmse': 0.05866040661931038}"
train,"{'mae': 0.9629241824150085, 'rmse': 0.9633767604827881}","{'mae': 0.04347594454884529, 'rmse': 0.05870811641216278}"
val,"{'mae': 0.9617064595222473, 'rmse': 0.9621441960334778}","{'mae': 0.04358585551381111, 'rmse': 0.0587269626557827}"
train,"{'mae': 0.9642942547798157, 'rmse': 0.9647447466850281}","{'mae': 0.04342861846089363, 'rmse': 0.05868567153811455}"
val,"{'mae': 0.9585262537002563, 'rmse': 0.958956241607666}","{'mae': 0.04329158365726471, 'rmse': 0.05858130753040314}"
train,"{'mae': 0.9628044962882996, 'rmse': 0.9632518887519836}","{'mae': 0.04340654984116554, 'rmse': 0.05863809958100319}"
val,"{'mae': 0.962429940700531, 'rmse': 0.9628674387931824}","{'mae': 0.04355405271053314, 'rmse': 0.05887997895479202}"
train,"{'mae': 0.9643615484237671, 'rmse': 0.9648025631904602}","{'mae': 0.043198660016059875, 'rmse': 0.05843731015920639}"
val,"{'mae': 0.9641401171684265, 'rmse': 0.9645793437957764}","{'mae': 0.04477023705840111, 'rmse': 0.060094162821769714}"
train,"{'mae': 0.9639291763305664, 'rmse': 0.9643712639808655}","{'mae': 0.04346625134348869, 'rmse': 0.058738235384225845}"
val,"{'mae': 0.958196222782135, 'rmse': 0.9586407542228699}","{'mae': 0.043547604233026505, 'rmse': 0.058771271258592606}"
train,"{'mae': 0.9642913341522217, 'rmse': 0.9647329449653625}","{'mae': 0.04327322170138359, 'rmse': 0.05850515887141228}"
val,"{'mae': 0.9645982384681702, 'rmse': 0.965020477771759}","{'mae': 0.04342925176024437, 'rmse': 0.05864359065890312}"
train,"{'mae': 0.9653155207633972, 'rmse': 0.9657599329948425}","{'mae': 0.04326670616865158, 'rmse': 0.05850210413336754}"
val,"{'mae': 0.9632462859153748, 'rmse': 0.9636715650558472}","{'mae': 0.04316044598817825, 'rmse': 0.05850265547633171}"
train,"{'mae': 0.9659017324447632, 'rmse': 0.9663419723510742}","{'mae': 0.043329957872629166, 'rmse': 0.0585537813603878}"
val,"{'mae': 0.9612246751785278, 'rmse': 0.9616571664810181}","{'mae': 0.0431181937456131, 'rmse': 0.05839595943689346}"
train,"{'mae': 0.9652267694473267, 'rmse': 0.9656642079353333}","{'mae': 0.043236710131168365, 'rmse': 0.05846667289733887}"
val,"{'mae': 0.9624214172363281, 'rmse': 0.9628766775131226}","{'mae': 0.043699391186237335, 'rmse': 0.05901366472244263}"
train,"{'mae': 0.9652284383773804, 'rmse': 0.9656702876091003}","{'mae': 0.04341315105557442, 'rmse': 0.058636147528886795}"
val,"{'mae': 0.9632317423820496, 'rmse': 0.9636576771736145}","{'mae': 0.043939270079135895, 'rmse': 0.05910699442028999}"
train,"{'mae': 0.9665800929069519, 'rmse': 0.9670130610466003}","{'mae': 0.04320773482322693, 'rmse': 0.05842962861061096}"
val,"{'mae': 0.9660757780075073, 'rmse': 0.9664687514305115}","{'mae': 0.043608587235212326, 'rmse': 0.05900361388921738}"
train,"{'mae': 0.9667422771453857, 'rmse': 0.9671773314476013}","{'mae': 0.043280795216560364, 'rmse': 0.058503516018390656}"
val,"{'mae': 0.9646819233894348, 'rmse': 0.965105414390564}","{'mae': 0.04364471510052681, 'rmse': 0.05887845158576965}"
train,"{'mae': 0.9670506715774536, 'rmse': 0.9674856066703796}","{'mae': 0.04317494109272957, 'rmse': 0.05840655416250229}"
val,"{'mae': 0.969209611415863, 'rmse': 0.9696246385574341}","{'mae': 0.043541233986616135, 'rmse': 0.05876222625374794}"
train,"{'mae': 0.9671304225921631, 'rmse': 0.9675630927085876}","{'mae': 0.04333890229463577, 'rmse': 0.05856984108686447}"
val,"{'mae': 0.9655635952949524, 'rmse': 0.9659890532493591}","{'mae': 0.04345150291919708, 'rmse': 0.05868815630674362}"
train,"{'mae': 0.9689387083053589, 'rmse': 0.9693747162818909}","{'mae': 0.04315997660160065, 'rmse': 0.0583869069814682}"
val,"{'mae': 0.969478189945221, 'rmse': 0.9699215292930603}","{'mae': 0.04372497648000717, 'rmse': 0.05895153060555458}"
train,"{'mae': 0.9692390561103821, 'rmse': 0.9696700572967529}","{'mae': 0.04337453097105026, 'rmse': 0.058606646955013275}"
val,"{'mae': 0.9632350206375122, 'rmse': 0.9636557698249817}","{'mae': 0.043382592499256134, 'rmse': 0.05864986777305603}"
train,"{'mae': 0.9697571992874146, 'rmse': 0.9701859951019287}","{'mae': 0.043066371232271194, 'rmse': 0.0582939013838768}"
val,"{'mae': 0.9672648310661316, 'rmse': 0.9676929116249084}","{'mae': 0.04295880347490311, 'rmse': 0.05821770057082176}"
train,"{'mae': 0.9710589051246643, 'rmse': 0.9714870452880859}","{'mae': 0.04317200556397438, 'rmse': 0.0584048256278038}"
val,"{'mae': 0.9655122756958008, 'rmse': 0.9659430980682373}","{'mae': 0.04344523698091507, 'rmse': 0.05872759968042374}"
train,"{'mae': 0.9699288010597229, 'rmse': 0.9703566431999207}","{'mae': 0.04316440597176552, 'rmse': 0.058377474546432495}"
val,"{'mae': 0.9667717814445496, 'rmse': 0.9671849608421326}","{'mae': 0.043485984206199646, 'rmse': 0.05881800130009651}"
train,"{'mae': 0.970895528793335, 'rmse': 0.9713241457939148}","{'mae': 0.043217968195676804, 'rmse': 0.05843092501163483}"
val,"{'mae': 0.9672619104385376, 'rmse': 0.9677091836929321}","{'mae': 0.04331541433930397, 'rmse': 0.05872540548443794}"
train,"{'mae': 0.9710042476654053, 'rmse': 0.9714332222938538}","{'mae': 0.04331646114587784, 'rmse': 0.058520179241895676}"
val,"{'mae': 0.9684725403785706, 'rmse': 0.9688966274261475}","{'mae': 0.04305266588926315, 'rmse': 0.05830935016274452}"
train,"{'mae': 0.970981776714325, 'rmse': 0.9714058637619019}","{'mae': 0.043066658079624176, 'rmse': 0.05827801674604416}"
val,"{'mae': 0.969641387462616, 'rmse': 0.9700630307197571}","{'mae': 0.043254222720861435, 'rmse': 0.05843012034893036}"
train,"{'mae': 0.973131537437439, 'rmse': 0.9735600352287292}","{'mae': 0.043112631887197495, 'rmse': 0.058307845145463943}"
val,"{'mae': 0.9719510674476624, 'rmse': 0.9723514318466187}","{'mae': 0.043830983340740204, 'rmse': 0.05905287712812424}"
train,"{'mae': 0.9722950458526611, 'rmse': 0.9727242588996887}","{'mae': 0.04301346093416214, 'rmse': 0.0582207553088665}"
val,"{'mae': 0.9703278541564941, 'rmse': 0.970746636390686}","{'mae': 0.04324876144528389, 'rmse': 0.058591101318597794}"
train,"{'mae': 0.9731829762458801, 'rmse': 0.9736077785491943}","{'mae': 0.04302982985973358, 'rmse': 0.05824480950832367}"
val,"{'mae': 0.9718424677848816, 'rmse': 0.9722484350204468}","{'mae': 0.043432995676994324, 'rmse': 0.05863429233431816}"
train,"{'mae': 0.9746875166893005, 'rmse': 0.9751109480857849}","{'mae': 0.04309754818677902, 'rmse': 0.058304425328969955}"
val,"{'mae': 0.97357177734375, 'rmse': 0.9739985466003418}","{'mae': 0.04308154806494713, 'rmse': 0.058344464749097824}"
train,"{'mae': 0.9760513305664062, 'rmse': 0.9764782190322876}","{'mae': 0.04296017810702324, 'rmse': 0.05816146358847618}"
val,"{'mae': 0.9710990190505981, 'rmse': 0.9715116620063782}","{'mae': 0.0433930866420269, 'rmse': 0.0585206113755703}"
train,"{'mae': 0.9758225083351135, 'rmse': 0.9762400984764099}","{'mae': 0.04318852722644806, 'rmse': 0.058389369398355484}"
val,"{'mae': 0.9717598557472229, 'rmse': 0.9721853733062744}","{'mae': 0.04318643733859062, 'rmse': 0.05843544378876686}"
train,"{'mae': 0.9762122631072998, 'rmse': 0.976638674736023}","{'mae': 0.04297904297709465, 'rmse': 0.058169107884168625}"
val,"{'mae': 0.9715538620948792, 'rmse': 0.9719870090484619}","{'mae': 0.04338626563549042, 'rmse': 0.05869833752512932}"
train,"{'mae': 0.9767944812774658, 'rmse': 0.9772109985351562}","{'mae': 0.04306813329458237, 'rmse': 0.058258287608623505}"
val,"{'mae': 0.9742645025253296, 'rmse': 0.974672257900238}","{'mae': 0.043418094515800476, 'rmse': 0.05862663313746452}"
train,"{'mae': 0.9767165780067444, 'rmse': 0.9771305322647095}","{'mae': 0.04305168241262436, 'rmse': 0.05825028941035271}"
val,"{'mae': 0.9737104773521423, 'rmse': 0.9741117358207703}","{'mae': 0.04371937736868858, 'rmse': 0.05896637961268425}"
train,"{'mae': 0.9785130023956299, 'rmse': 0.9789342284202576}","{'mae': 0.043179549276828766, 'rmse': 0.058360565453767776}"
val,"{'mae': 0.9720185995101929, 'rmse': 0.9724180698394775}","{'mae': 0.04359062761068344, 'rmse': 0.058823250234127045}"
train,"{'mae': 0.9782825708389282, 'rmse': 0.9786999225616455}","{'mae': 0.04298332706093788, 'rmse': 0.05818895995616913}"
val,"{'mae': 0.9772721529006958, 'rmse': 0.9776673913002014}","{'mae': 0.04308721423149109, 'rmse': 0.058296699076890945}"
train,"{'mae': 0.9778882265090942, 'rmse': 0.9783081412315369}","{'mae': 0.04294576495885849, 'rmse': 0.058141306042671204}"
val,"{'mae': 0.9760460257530212, 'rmse': 0.976445734500885}","{'mae': 0.043713223189115524, 'rmse': 0.05898305028676987}"
train,"{'mae': 0.9801139235496521, 'rmse': 0.9805309772491455}","{'mae': 0.04301156476140022, 'rmse': 0.05821765959262848}"
val,"{'mae': 0.9761252999305725, 'rmse': 0.9765065908432007}","{'mae': 0.04367244243621826, 'rmse': 0.058846235275268555}"
train,"{'mae': 0.9791532158851624, 'rmse': 0.9795676469802856}","{'mae': 0.04301028326153755, 'rmse': 0.058213237673044205}"
val,"{'mae': 0.9792372584342957, 'rmse': 0.979651689529419}","{'mae': 0.043133217841386795, 'rmse': 0.058330412954092026}"
train,"{'mae': 0.9801536798477173, 'rmse': 0.9805668592453003}","{'mae': 0.04298054426908493, 'rmse': 0.058158911764621735}"
val,"{'mae': 0.9796349406242371, 'rmse': 0.9800407886505127}","{'mae': 0.043204985558986664, 'rmse': 0.05834032595157623}"
train,"{'mae': 0.9797509908676147, 'rmse': 0.9801626801490784}","{'mae': 0.042967043817043304, 'rmse': 0.058145489543676376}"
val,"{'mae': 0.9774742722511292, 'rmse': 0.9778784513473511}","{'mae': 0.043159086257219315, 'rmse': 0.05838347226381302}"
train,"{'mae': 0.9804355502128601, 'rmse': 0.980843186378479}","{'mae': 0.042988359928131104, 'rmse': 0.0581694096326828}"
val,"{'mae': 0.9802106022834778, 'rmse': 0.980592668056488}","{'mae': 0.043313488364219666, 'rmse': 0.05846386030316353}"
train,"{'mae': 0.9806959629058838, 'rmse': 0.9811028242111206}","{'mae': 0.043061744421720505, 'rmse': 0.05824602395296097}"
val,"{'mae': 0.9764203429222107, 'rmse': 0.9768360257148743}","{'mae': 0.04319382831454277, 'rmse': 0.05839814245700836}"
train,"{'mae': 0.9810664057731628, 'rmse': 0.9814772009849548}","{'mae': 0.04287869483232498, 'rmse': 0.05805354192852974}"
val,"{'mae': 0.9774556756019592, 'rmse': 0.9778628945350647}","{'mae': 0.043143585324287415, 'rmse': 0.058411240577697754}"
train,"{'mae': 0.9808534383773804, 'rmse': 0.9812617301940918}","{'mae': 0.04298623278737068, 'rmse': 0.05818568915128708}"
val,"{'mae': 0.9803406000137329, 'rmse': 0.9807597994804382}","{'mae': 0.04327845200896263, 'rmse': 0.05860581994056702}"
train,"{'mae': 0.9820041060447693, 'rmse': 0.9824098348617554}","{'mae': 0.042855557054281235, 'rmse': 0.05802929773926735}"
val,"{'mae': 0.9792426228523254, 'rmse': 0.9796429872512817}","{'mae': 0.04304637387394905, 'rmse': 0.058309588581323624}"
train,"{'mae': 0.9823153614997864, 'rmse': 0.98272305727005}","{'mae': 0.04288315027952194, 'rmse': 0.058048803359270096}"
val,"{'mae': 0.979106605052948, 'rmse': 0.979509711265564}","{'mae': 0.0431387722492218, 'rmse': 0.05838355794548988}"
train,"{'mae': 0.9836322665214539, 'rmse': 0.9840322136878967}","{'mae': 0.04286610335111618, 'rmse': 0.05803617089986801}"
val,"{'mae': 0.9799605011940002, 'rmse': 0.9803462624549866}","{'mae': 0.04311874136328697, 'rmse': 0.05834641680121422}"
train,"{'mae': 0.9834787249565125, 'rmse': 0.9838818311691284}","{'mae': 0.04292888194322586, 'rmse': 0.05810116231441498}"
val,"{'mae': 0.9845683574676514, 'rmse': 0.9849690198898315}","{'mae': 0.04308798536658287, 'rmse': 0.058288950473070145}"
train,"{'mae': 0.984486997127533, 'rmse': 0.9848876595497131}","{'mae': 0.04288993403315544, 'rmse': 0.0580558255314827}"
val,"{'mae': 0.9784691333770752, 'rmse': 0.9788685441017151}","{'mae': 0.043016467243433, 'rmse': 0.058277614414691925}"
train,"{'mae': 0.9845221638679504, 'rmse': 0.9849252104759216}","{'mae': 0.04290080443024635, 'rmse': 0.05807043984532356}"
val,"{'mae': 0.9806889891624451, 'rmse': 0.9810858964920044}","{'mae': 0.043090786784887314, 'rmse': 0.05825350806117058}"
train,"{'mae': 0.9847354888916016, 'rmse': 0.9851361513137817}","{'mae': 0.04290630668401718, 'rmse': 0.05808192491531372}"
val,"{'mae': 0.9783414602279663, 'rmse': 0.9787465929985046}","{'mae': 0.043197620660066605, 'rmse': 0.05847163125872612}"
train,"{'mae': 0.9847734570503235, 'rmse': 0.9851706624031067}","{'mae': 0.042793065309524536, 'rmse': 0.05795334652066231}"
val,"{'mae': 0.9808072447776794, 'rmse': 0.9812080264091492}","{'mae': 0.0429055355489254, 'rmse': 0.0581292025744915}"
train,"{'mae': 0.9852467775344849, 'rmse': 0.9856485724449158}","{'mae': 0.042736805975437164, 'rmse': 0.05791601538658142}"
val,"{'mae': 0.9820793867111206, 'rmse': 0.982486367225647}","{'mae': 0.04291071742773056, 'rmse': 0.05811683088541031}"
train,"{'mae': 0.986029326915741, 'rmse': 0.9864287376403809}","{'mae': 0.04284919425845146, 'rmse': 0.0580073781311512}"
val,"{'mae': 0.9808050990104675, 'rmse': 0.9812028408050537}","{'mae': 0.043028417974710464, 'rmse': 0.058292537927627563}"
train,"{'mae': 0.9861093759536743, 'rmse': 0.9865081310272217}","{'mae': 0.04274981841444969, 'rmse': 0.057914070785045624}"
val,"{'mae': 0.9869518280029297, 'rmse': 0.9873409867286682}","{'mae': 0.04319767653942108, 'rmse': 0.05832574889063835}"
train,"{'mae': 0.9871627688407898, 'rmse': 0.987560510635376}","{'mae': 0.04286131262779236, 'rmse': 0.058020155876874924}"
val,"{'mae': 0.9838242530822754, 'rmse': 0.984209418296814}","{'mae': 0.0432073213160038, 'rmse': 0.05845721438527107}"
train,"{'mae': 0.9871312975883484, 'rmse': 0.9875235557556152}","{'mae': 0.04276299476623535, 'rmse': 0.05794801190495491}"
val,"{'mae': 0.9838399887084961, 'rmse': 0.9842294454574585}","{'mae': 0.04288102686405182, 'rmse': 0.058132391422986984}"
train,"{'mae': 0.9879418611526489, 'rmse': 0.988339364528656}","{'mae': 0.04279894381761551, 'rmse': 0.057959798723459244}"
val,"{'mae': 0.9882863163948059, 'rmse': 0.9886620044708252}","{'mae': 0.04298100993037224, 'rmse': 0.05811157450079918}"
train,"{'mae': 0.9897862672805786, 'rmse': 0.9901778101921082}","{'mae': 0.04278082028031349, 'rmse': 0.05794329196214676}"
val,"{'mae': 0.9853949546813965, 'rmse': 0.9857785105705261}","{'mae': 0.042831599712371826, 'rmse': 0.058049287647008896}"
train,"{'mae': 0.9897654056549072, 'rmse': 0.9901587963104248}","{'mae': 0.04274560883641243, 'rmse': 0.057905327528715134}"
val,"{'mae': 0.9883825182914734, 'rmse': 0.9887745976448059}","{'mae': 0.043064236640930176, 'rmse': 0.05825357884168625}"
train,"{'mae': 0.9908928275108337, 'rmse': 0.9912853240966797}","{'mae': 0.04274692386388779, 'rmse': 0.05790457874536514}"
val,"{'mae': 0.9873596429824829, 'rmse': 0.9877586960792542}","{'mae': 0.043084196746349335, 'rmse': 0.058323100209236145}"
train,"{'mae': 0.9906798005104065, 'rmse': 0.9910732507705688}","{'mae': 0.04276590049266815, 'rmse': 0.05793346092104912}"
val,"{'mae': 0.990153968334198, 'rmse': 0.9905388355255127}","{'mae': 0.04283132031559944, 'rmse': 0.058019548654556274}"
train,"{'mae': 0.9915738105773926, 'rmse': 0.9919667840003967}","{'mae': 0.0426894947886467, 'rmse': 0.05783805251121521}"
val,"{'mae': 0.9846208095550537, 'rmse': 0.9850117564201355}","{'mae': 0.042771920561790466, 'rmse': 0.057993195950984955}"
train,"{'mae': 0.9916788339614868, 'rmse': 0.992067813873291}","{'mae': 0.0427498035132885, 'rmse': 0.05789898335933685}"
val,"{'mae': 0.9955212473869324, 'rmse': 0.99589604139328}","{'mae': 0.04297270625829697, 'rmse': 0.058061130344867706}"
train,"{'mae': 0.9925739169120789, 'rmse': 0.99295973777771}","{'mae': 0.04270732402801514, 'rmse': 0.05785585939884186}"
val,"{'mae': 0.9876827597618103, 'rmse': 0.9880653619766235}","{'mae': 0.04306666553020477, 'rmse': 0.05822599306702614}"
train,"{'mae': 0.9922681450843811, 'rmse': 0.992656409740448}","{'mae': 0.04266856983304024, 'rmse': 0.05780939757823944}"
val,"{'mae': 0.9913825392723083, 'rmse': 0.9917546510696411}","{'mae': 0.04301067069172859, 'rmse': 0.05815774202346802}"
train,"{'mae': 0.993436336517334, 'rmse': 0.9938289523124695}","{'mae': 0.04258304089307785, 'rmse': 0.05773748829960823}"
val,"{'mae': 0.9922415018081665, 'rmse': 0.9926161170005798}","{'mae': 0.04271296411752701, 'rmse': 0.05796489864587784}"
train,"{'mae': 0.9935601353645325, 'rmse': 0.9939482808113098}","{'mae': 0.04273649677634239, 'rmse': 0.057892993092536926}"
val,"{'mae': 0.9896008968353271, 'rmse': 0.9899986386299133}","{'mae': 0.04297264292836189, 'rmse': 0.058116357773542404}"
train,"{'mae': 0.9935874938964844, 'rmse': 0.9939718842506409}","{'mae': 0.04268162325024605, 'rmse': 0.05784236267209053}"
val,"{'mae': 0.9931952357292175, 'rmse': 0.9935874938964844}","{'mae': 0.042858052998781204, 'rmse': 0.057931266725063324}"
train,"{'mae': 0.9945868253707886, 'rmse': 0.9949727654457092}","{'mae': 0.0425495021045208, 'rmse': 0.05769693851470947}"
val,"{'mae': 0.9951609373092651, 'rmse': 0.995548665523529}","{'mae': 0.04283929988741875, 'rmse': 0.05807293578982353}"
train,"{'mae': 0.9956315159797668, 'rmse': 0.996013879776001}","{'mae': 0.04267316311597824, 'rmse': 0.05780560523271561}"
val,"{'mae': 0.9936610460281372, 'rmse': 0.9940466284751892}","{'mae': 0.042958300560712814, 'rmse': 0.05815794691443443}"
train,"{'mae': 0.9968655705451965, 'rmse': 0.9972519874572754}","{'mae': 0.04270671308040619, 'rmse': 0.057848118245601654}"
val,"{'mae': 0.9945084452629089, 'rmse': 0.9948856234550476}","{'mae': 0.04284605383872986, 'rmse': 0.0581483356654644}"
train,"{'mae': 0.9965469837188721, 'rmse': 0.9969322085380554}","{'mae': 0.04262763261795044, 'rmse': 0.05778104439377785}"
val,"{'mae': 0.9921945333480835, 'rmse': 0.992570698261261}","{'mae': 0.04295353963971138, 'rmse': 0.05814552307128906}"
train,"{'mae': 0.9958989024162292, 'rmse': 0.9962825775146484}","{'mae': 0.042555782943964005, 'rmse': 0.05770893394947052}"
val,"{'mae': 0.9901336431503296, 'rmse': 0.9905285239219666}","{'mae': 0.04288473352789879, 'rmse': 0.05804690718650818}"
train,"{'mae': 0.9975179433822632, 'rmse': 0.9979010820388794}","{'mae': 0.04255741462111473, 'rmse': 0.057691995054483414}"
val,"{'mae': 0.9940088391304016, 'rmse': 0.9944124817848206}","{'mae': 0.04301528260111809, 'rmse': 0.05827491357922554}"
train,"{'mae': 0.9979143142700195, 'rmse': 0.9982991218566895}","{'mae': 0.04255515709519386, 'rmse': 0.05768703296780586}"
val,"{'mae': 0.9941504597663879, 'rmse': 0.994502067565918}","{'mae': 0.04280512407422066, 'rmse': 0.05801734700798988}"
train,"{'mae': 0.9980382323265076, 'rmse': 0.9984205365180969}","{'mae': 0.04265516996383667, 'rmse': 0.057795118540525436}"
val,"{'mae': 0.991457998752594, 'rmse': 0.991830050945282}","{'mae': 0.04315837100148201, 'rmse': 0.058301154524087906}"
train,"{'mae': 0.9973640441894531, 'rmse': 0.997746467590332}","{'mae': 0.04264973849058151, 'rmse': 0.057788506150245667}"
val,"{'mae': 0.9993285536766052, 'rmse': 0.9996929168701172}","{'mae': 0.04294393211603165, 'rmse': 0.05810841545462608}"
train,"{'mae': 0.9983630776405334, 'rmse': 0.9987438917160034}","{'mae': 0.04253365099430084, 'rmse': 0.05767824128270149}"
val,"{'mae': 0.992946445941925, 'rmse': 0.993338406085968}","{'mae': 0.04268811643123627, 'rmse': 0.05787329003214836}"
train,"{'mae': 0.9998070597648621, 'rmse': 1.0001909732818604}","{'mae': 0.04249944910407066, 'rmse': 0.05763459578156471}"
val,"{'mae': 0.9941962361335754, 'rmse': 0.9945728778839111}","{'mae': 0.04276794195175171, 'rmse': 0.057969868183135986}"
train,"{'mae': 0.9992471933364868, 'rmse': 0.9996293783187866}","{'mae': 0.04265948385000229, 'rmse': 0.05778970941901207}"
val,"{'mae': 0.9984415173530579, 'rmse': 0.998807966709137}","{'mae': 0.04267213121056557, 'rmse': 0.05778735131025314}"
train,"{'mae': 0.9994854927062988, 'rmse': 0.9998617768287659}","{'mae': 0.04267924651503563, 'rmse': 0.057820338755846024}"
val,"{'mae': 0.9982840418815613, 'rmse': 0.9986578226089478}","{'mae': 0.04283610358834267, 'rmse': 0.05798012763261795}"
train,"{'mae': 1.000744104385376, 'rmse': 1.0011235475540161}","{'mae': 0.04253142699599266, 'rmse': 0.05767400562763214}"
val,"{'mae': 0.9964101910591125, 'rmse': 0.9967762231826782}","{'mae': 0.04250518977642059, 'rmse': 0.05767102912068367}"
train,"{'mae': 1.0003851652145386, 'rmse': 1.0007659196853638}","{'mae': 0.04258633777499199, 'rmse': 0.05772757902741432}"
val,"{'mae': 0.9978553652763367, 'rmse': 0.9982232451438904}","{'mae': 0.04304322972893715, 'rmse': 0.058204248547554016}"
train,"{'mae': 1.0016915798187256, 'rmse': 1.0020694732666016}","{'mae': 0.042591433972120285, 'rmse': 0.05773084983229637}"
val,"{'mae': 0.9975107312202454, 'rmse': 0.9978693723678589}","{'mae': 0.043300334364175797, 'rmse': 0.05847196653485298}"
train,"{'mae': 1.0012283325195312, 'rmse': 1.0016059875488281}","{'mae': 0.04251563549041748, 'rmse': 0.05763754993677139}"
val,"{'mae': 1.00101900100708, 'rmse': 1.001380443572998}","{'mae': 0.04287191107869148, 'rmse': 0.0580279566347599}"
train,"{'mae': 1.0019949674606323, 'rmse': 1.002373218536377}","{'mae': 0.04249579459428787, 'rmse': 0.05763489380478859}"
val,"{'mae': 0.9971456527709961, 'rmse': 0.9975021481513977}","{'mae': 0.0426597036421299, 'rmse': 0.05778753384947777}"
train,"{'mae': 1.002773642539978, 'rmse': 1.0031495094299316}","{'mae': 0.04246502369642258, 'rmse': 0.057596102356910706}"
val,"{'mae': 1.001718521118164, 'rmse': 1.0020835399627686}","{'mae': 0.04267752915620804, 'rmse': 0.05782121419906616}"
train,"{'mae': 1.0030661821365356, 'rmse': 1.0034419298171997}","{'mae': 0.04246989265084267, 'rmse': 0.05759860947728157}"
val,"{'mae': 0.9976486563682556, 'rmse': 0.9980161786079407}","{'mae': 0.042580746114254, 'rmse': 0.05771505460143089}"
train,"{'mae': 1.004366159439087, 'rmse': 1.0047403573989868}","{'mae': 0.042461540549993515, 'rmse': 0.05759827792644501}"
val,"{'mae': 1.0021862983703613, 'rmse': 1.0025603771209717}","{'mae': 0.04290179908275604, 'rmse': 0.05803629755973816}"
train,"{'mae': 1.003766655921936, 'rmse': 1.0041427612304688}","{'mae': 0.042583029717206955, 'rmse': 0.05770724266767502}"
val,"{'mae': 1.0007039308547974, 'rmse': 1.001078724861145}","{'mae': 0.04270583763718605, 'rmse': 0.05788511782884598}"
train,"{'mae': 1.0053472518920898, 'rmse': 1.0057214498519897}","{'mae': 0.0424971766769886, 'rmse': 0.057622894644737244}"
val,"{'mae': 0.9989609718322754, 'rmse': 0.9993396401405334}","{'mae': 0.04288998246192932, 'rmse': 0.05798007920384407}"
train,"{'mae': 1.0042608976364136, 'rmse': 1.0046356916427612}","{'mae': 0.0423828549683094, 'rmse': 0.05750821530818939}"
val,"{'mae': 1.004686951637268, 'rmse': 1.005071759223938}","{'mae': 0.04279600456357002, 'rmse': 0.05791696906089783}"
train,"{'mae': 1.0055737495422363, 'rmse': 1.005948543548584}","{'mae': 0.04247993975877762, 'rmse': 0.05758609250187874}"
val,"{'mae': 1.0016502141952515, 'rmse': 1.002008318901062}","{'mae': 0.042663659900426865, 'rmse': 0.05778363719582558}"
train,"{'mae': 1.0062885284423828, 'rmse': 1.006661295890808}","{'mae': 0.042469993233680725, 'rmse': 0.05758979544043541}"
val,"{'mae': 1.0065441131591797, 'rmse': 1.006917119026184}","{'mae': 0.042795710265636444, 'rmse': 0.05801117792725563}"
train,"{'mae': 1.0065594911575317, 'rmse': 1.0069316625595093}","{'mae': 0.04248872026801109, 'rmse': 0.057617317885160446}"
val,"{'mae': 1.0049203634262085, 'rmse': 1.0052943229675293}","{'mae': 0.04266927018761635, 'rmse': 0.05781376734375954}"
train,"{'mae': 1.0070170164108276, 'rmse': 1.0073895454406738}","{'mae': 0.0424412339925766, 'rmse': 0.05755218490958214}"
val,"{'mae': 1.0028407573699951, 'rmse': 1.0031981468200684}","{'mae': 0.04244113713502884, 'rmse': 0.05761982500553131}"
train,"{'mae': 1.007890224456787, 'rmse': 1.0082597732543945}","{'mae': 0.04242180287837982, 'rmse': 0.057553768157958984}"
val,"{'mae': 1.0023250579833984, 'rmse': 1.0026991367340088}","{'mae': 0.0424584224820137, 'rmse': 0.057675763964653015}"
train,"{'mae': 1.0081963539123535, 'rmse': 1.0085684061050415}","{'mae': 0.042355701327323914, 'rmse': 0.05747520551085472}"
val,"{'mae': 1.0045355558395386, 'rmse': 1.0048911571502686}","{'mae': 0.042578909546136856, 'rmse': 0.057727519422769547}"
train,"{'mae': 1.0088914632797241, 'rmse': 1.0092651844024658}","{'mae': 0.04238785430788994, 'rmse': 0.05751432478427887}"
val,"{'mae': 1.0059890747070312, 'rmse': 1.0063574314117432}","{'mae': 0.04284914210438728, 'rmse': 0.058052901178598404}"
train,"{'mae': 1.0087946653366089, 'rmse': 1.0091612339019775}","{'mae': 0.04250789061188698, 'rmse': 0.0576276071369648}"
val,"{'mae': 1.0077135562896729, 'rmse': 1.0080833435058594}","{'mae': 0.04241255298256874, 'rmse': 0.05760177969932556}"
train,"{'mae': 1.0094138383865356, 'rmse': 1.0097860097885132}","{'mae': 0.04244499281048775, 'rmse': 0.05755968019366264}"
val,"{'mae': 1.0025252103805542, 'rmse': 1.0029046535491943}","{'mae': 0.042641423642635345, 'rmse': 0.05788789689540863}"
train,"{'mae': 1.0084199905395508, 'rmse': 1.0087884664535522}","{'mae': 0.04242968186736107, 'rmse': 0.057539962232112885}"
val,"{'mae': 1.0091403722763062, 'rmse': 1.0094975233078003}","{'mae': 0.04269009456038475, 'rmse': 0.05789857357740402}"
train,"{'mae': 1.010500192642212, 'rmse': 1.0108671188354492}","{'mae': 0.042470283806324005, 'rmse': 0.05758541077375412}"
val,"{'mae': 1.0061640739440918, 'rmse': 1.0065256357192993}","{'mae': 0.042411334812641144, 'rmse': 0.05761202052235603}"
train,"{'mae': 1.009997844696045, 'rmse': 1.010365605354309}","{'mae': 0.04235947132110596, 'rmse': 0.05747334659099579}"
val,"{'mae': 1.0087368488311768, 'rmse': 1.0090914964675903}","{'mae': 0.04251919314265251, 'rmse': 0.05773916840553284}"
train,"{'mae': 1.008917212486267, 'rmse': 1.009277105331421}","{'mae': 0.04288126900792122, 'rmse': 0.057979270815849304}"
val,"{'mae': 1.0077688694000244, 'rmse': 1.0081171989440918}","{'mae': 0.042970750480890274, 'rmse': 0.05802452936768532}"
train,"{'mae': 1.008243203163147, 'rmse': 1.0085948705673218}","{'mae': 0.04345755651593208, 'rmse': 0.05857767164707184}"
val,"{'mae': 1.0002187490463257, 'rmse': 1.000530481338501}","{'mae': 0.04404829815030098, 'rmse': 0.05924369767308235}"
train,"{'mae': 1.0026293992996216, 'rmse': 1.0029734373092651}","{'mae': 0.044316183775663376, 'rmse': 0.05952687934041023}"
val,"{'mae': 0.9951306581497192, 'rmse': 0.9954684972763062}","{'mae': 0.0434814915060997, 'rmse': 0.05873139202594757}"
train,"{'mae': 0.9912159442901611, 'rmse': 0.991548478603363}","{'mae': 0.044670891016721725, 'rmse': 0.05989377945661545}"
val,"{'mae': 0.982883095741272, 'rmse': 0.9831816554069519}","{'mae': 0.04489831253886223, 'rmse': 0.060210488736629486}"
train,"{'mae': 0.9751542806625366, 'rmse': 0.9754694700241089}","{'mae': 0.045768920332193375, 'rmse': 0.06114357337355614}"
val,"{'mae': 0.9662946462631226, 'rmse': 0.9665982723236084}","{'mae': 0.04584091156721115, 'rmse': 0.061066918075084686}"
train,"{'mae': 0.9680130481719971, 'rmse': 0.968302845954895}","{'mae': 0.045228488743305206, 'rmse': 0.060636669397354126}"
val,"{'mae': 0.9569821953773499, 'rmse': 0.957236111164093}","{'mae': 0.04551388695836067, 'rmse': 0.060777075588703156}"
train,"{'mae': 0.956695556640625, 'rmse': 0.9569641947746277}","{'mae': 0.045516353100538254, 'rmse': 0.06114022061228752}"
val,"{'mae': 0.9465818405151367, 'rmse': 0.9468367695808411}","{'mae': 0.04549580439925194, 'rmse': 0.060790158808231354}"
train,"{'mae': 0.949856698513031, 'rmse': 0.9501184821128845}","{'mae': 0.045416198670864105, 'rmse': 0.06085259094834328}"
val,"{'mae': 0.9361052513122559, 'rmse': 0.936302125453949}","{'mae': 0.04518847167491913, 'rmse': 0.06074545159935951}"
train,"{'mae': 0.9380460381507874, 'rmse': 0.9382980465888977}","{'mae': 0.046087026596069336, 'rmse': 0.061727944761514664}"
val,"{'mae': 0.9318456649780273, 'rmse': 0.9321110844612122}","{'mae': 0.04855760559439659, 'rmse': 0.06357593089342117}"
train,"{'mae': 0.9326080679893494, 'rmse': 0.9328819513320923}","{'mae': 0.045139916241168976, 'rmse': 0.06049373745918274}"
val,"{'mae': 0.930047869682312, 'rmse': 0.9302844405174255}","{'mae': 0.0442405641078949, 'rmse': 0.05952564999461174}"
train,"{'mae': 0.9296131730079651, 'rmse': 0.9298734068870544}","{'mae': 0.04512563720345497, 'rmse': 0.06046954169869423}"
val,"{'mae': 0.9100265502929688, 'rmse': 0.9102334380149841}","{'mae': 0.045098621398210526, 'rmse': 0.06079842895269394}"
train,"{'mae': 0.9258294105529785, 'rmse': 0.926074743270874}","{'mae': 0.045280396938323975, 'rmse': 0.060674022883176804}"
val,"{'mae': 0.9209283590316772, 'rmse': 0.9211772680282593}","{'mae': 0.045863665640354156, 'rmse': 0.06122531369328499}"
train,"{'mae': 0.9187923073768616, 'rmse': 0.9190371632575989}","{'mae': 0.04545947164297104, 'rmse': 0.060864757746458054}"
val,"{'mae': 0.9173874855041504, 'rmse': 0.9175790548324585}","{'mae': 0.04448290169239044, 'rmse': 0.05966842919588089}"
train,"{'mae': 0.9126037359237671, 'rmse': 0.9128550291061401}","{'mae': 0.04514896869659424, 'rmse': 0.0604935884475708}"
val,"{'mae': 0.9090116620063782, 'rmse': 0.9092308282852173}","{'mae': 0.04571624845266342, 'rmse': 0.06086074933409691}"
train,"{'mae': 0.9139794111251831, 'rmse': 0.9142305254936218}","{'mae': 0.045507606118917465, 'rmse': 0.06105274334549904}"
val,"{'mae': 0.9081607460975647, 'rmse': 0.9083923101425171}","{'mae': 0.04574582353234291, 'rmse': 0.06103404238820076}"
train,"{'mae': 0.9070602655410767, 'rmse': 0.9073077440261841}","{'mae': 0.045129094272851944, 'rmse': 0.060470566153526306}"
val,"{'mae': 0.8974089622497559, 'rmse': 0.8976696133613586}","{'mae': 0.04567379504442215, 'rmse': 0.0608690083026886}"
train,"{'mae': 0.9012032151222229, 'rmse': 0.9014697074890137}","{'mae': 0.04512874782085419, 'rmse': 0.06047620251774788}"
val,"{'mae': 0.902271032333374, 'rmse': 0.9024893641471863}","{'mae': 0.045424290001392365, 'rmse': 0.0608288049697876}"
train,"{'mae': 0.8931068181991577, 'rmse': 0.8933683037757874}","{'mae': 0.04545000195503235, 'rmse': 0.06086592376232147}"
val,"{'mae': 0.8872477412223816, 'rmse': 0.8874979615211487}","{'mae': 0.04445546865463257, 'rmse': 0.059653908014297485}"
train,"{'mae': 0.8898912072181702, 'rmse': 0.8901446461677551}","{'mae': 0.04462660849094391, 'rmse': 0.059956833720207214}"
val,"{'mae': 0.8861556649208069, 'rmse': 0.8863829374313354}","{'mae': 0.04433915391564369, 'rmse': 0.05963381379842758}"
train,"{'mae': 0.8848699331283569, 'rmse': 0.8851110339164734}","{'mae': 0.04532243311405182, 'rmse': 0.060679443180561066}"
val,"{'mae': 0.8790650963783264, 'rmse': 0.8793284893035889}","{'mae': 0.0449991375207901, 'rmse': 0.060390010476112366}"
train,"{'mae': 0.8818835616111755, 'rmse': 0.8821384906768799}","{'mae': 0.04503680020570755, 'rmse': 0.060387637466192245}"
val,"{'mae': 0.8754821419715881, 'rmse': 0.8757091164588928}","{'mae': 0.044770121574401855, 'rmse': 0.06009972468018532}"
train,"{'mae': 0.877744197845459, 'rmse': 0.8779920935630798}","{'mae': 0.0447368361055851, 'rmse': 0.06009240821003914}"
val,"{'mae': 0.8730434775352478, 'rmse': 0.8732641339302063}","{'mae': 0.0448521189391613, 'rmse': 0.06013713777065277}"
train,"{'mae': 0.8750871419906616, 'rmse': 0.8753400444984436}","{'mae': 0.04499342292547226, 'rmse': 0.060373079031705856}"
val,"{'mae': 0.876985490322113, 'rmse': 0.8772127628326416}","{'mae': 0.044647976756095886, 'rmse': 0.06006556749343872}"
train,"{'mae': 0.8730500936508179, 'rmse': 0.8733086585998535}","{'mae': 0.04432900249958038, 'rmse': 0.05959989130496979}"
val,"{'mae': 0.866836428642273, 'rmse': 0.8670613765716553}","{'mae': 0.04519938677549362, 'rmse': 0.06048139929771423}"
train,"{'mae': 0.8717176914215088, 'rmse': 0.8719698190689087}","{'mae': 0.04489852860569954, 'rmse': 0.06020005792379379}"
val,"{'mae': 0.8754357099533081, 'rmse': 0.8757121562957764}","{'mae': 0.044634878635406494, 'rmse': 0.05995970591902733}"
train,"{'mae': 0.8718822002410889, 'rmse': 0.8721398711204529}","{'mae': 0.04493718966841698, 'rmse': 0.06026351451873779}"
val,"{'mae': 0.873537003993988, 'rmse': 0.8737598657608032}","{'mae': 0.044762227684259415, 'rmse': 0.060102518647909164}"
train,"{'mae': 0.8707108497619629, 'rmse': 0.870951771736145}","{'mae': 0.04471573233604431, 'rmse': 0.06008075550198555}"
val,"{'mae': 0.8638930320739746, 'rmse': 0.8640927672386169}","{'mae': 0.04587802290916443, 'rmse': 0.06103081256151199}"
train,"{'mae': 0.8657758235931396, 'rmse': 0.8660162091255188}","{'mae': 0.045074425637722015, 'rmse': 0.06050024554133415}"
val,"{'mae': 0.8587418794631958, 'rmse': 0.8589718341827393}","{'mae': 0.044556040316820145, 'rmse': 0.059827324002981186}"
train,"{'mae': 0.8630154728889465, 'rmse': 0.8632669448852539}","{'mae': 0.04445119574666023, 'rmse': 0.05975933000445366}"
val,"{'mae': 0.859108567237854, 'rmse': 0.8593561053276062}","{'mae': 0.045267317444086075, 'rmse': 0.06064290180802345}"
train,"{'mae': 0.8636415004730225, 'rmse': 0.8638891577720642}","{'mae': 0.04452337324619293, 'rmse': 0.05981401726603508}"
val,"{'mae': 0.8546990752220154, 'rmse': 0.854974627494812}","{'mae': 0.044826872646808624, 'rmse': 0.060191210359334946}"
train,"{'mae': 0.8620328307151794, 'rmse': 0.8622843027114868}","{'mae': 0.044701557606458664, 'rmse': 0.06004069000482559}"
val,"{'mae': 0.8601238131523132, 'rmse': 0.8603628277778625}","{'mae': 0.04475751146674156, 'rmse': 0.06016124412417412}"
train,"{'mae': 0.8587902784347534, 'rmse': 0.8590459227561951}","{'mae': 0.0444553978741169, 'rmse': 0.05974100902676582}"
val,"{'mae': 0.8603799343109131, 'rmse': 0.8606299161911011}","{'mae': 0.04356827959418297, 'rmse': 0.058893945068120956}"
train,"{'mae': 0.8616762161254883, 'rmse': 0.8619170188903809}","{'mae': 0.04462471604347229, 'rmse': 0.05998785048723221}"
val,"{'mae': 0.8517976403236389, 'rmse': 0.852026641368866}","{'mae': 0.044588521122932434, 'rmse': 0.06004595011472702}"
train,"{'mae': 0.8575383424758911, 'rmse': 0.8577808737754822}","{'mae': 0.04439712315797806, 'rmse': 0.059674423187971115}"
val,"{'mae': 0.8661372661590576, 'rmse': 0.8663919568061829}","{'mae': 0.04426868259906769, 'rmse': 0.05935470759868622}"
train,"{'mae': 0.8578543663024902, 'rmse': 0.8580990433692932}","{'mae': 0.044572845101356506, 'rmse': 0.059805482625961304}"
val,"{'mae': 0.8579618334770203, 'rmse': 0.8581802845001221}","{'mae': 0.04432184621691704, 'rmse': 0.05966624245047569}"
train,"{'mae': 0.8544480204582214, 'rmse': 0.8546897172927856}","{'mae': 0.044416945427656174, 'rmse': 0.059701792895793915}"
val,"{'mae': 0.854846715927124, 'rmse': 0.8551052808761597}","{'mae': 0.04623422771692276, 'rmse': 0.061811406165361404}"
train,"{'mae': 0.8536133766174316, 'rmse': 0.8538647890090942}","{'mae': 0.04440615698695183, 'rmse': 0.05967145040631294}"
val,"{'mae': 0.8480547666549683, 'rmse': 0.8483210206031799}","{'mae': 0.04423926770687103, 'rmse': 0.05951111018657684}"
train,"{'mae': 0.850367546081543, 'rmse': 0.8506090044975281}","{'mae': 0.04435337707400322, 'rmse': 0.059593021869659424}"
val,"{'mae': 0.8456280827522278, 'rmse': 0.845848023891449}","{'mae': 0.046138323843479156, 'rmse': 0.0613463930785656}"
train,"{'mae': 0.8518584966659546, 'rmse': 0.8520873785018921}","{'mae': 0.04467940330505371, 'rmse': 0.05991224944591522}"
val,"{'mae': 0.8447178602218628, 'rmse': 0.8449558615684509}","{'mae': 0.047592855989933014, 'rmse': 0.0629958063364029}"
train,"{'mae': 0.8509271144866943, 'rmse': 0.8511804342269897}","{'mae': 0.045024558901786804, 'rmse': 0.060410596430301666}"
val,"{'mae': 0.8367842435836792, 'rmse': 0.8370403051376343}","{'mae': 0.04428955912590027, 'rmse': 0.05950915440917015}"
train,"{'mae': 0.8443413972854614, 'rmse': 0.8446111679077148}","{'mae': 0.044209811836481094, 'rmse': 0.05950504541397095}"
val,"{'mae': 0.8389620184898376, 'rmse': 0.8392015099525452}","{'mae': 0.04467325657606125, 'rmse': 0.059859324246644974}"
train,"{'mae': 0.8475417494773865, 'rmse': 0.8477953672409058}","{'mae': 0.04429427161812782, 'rmse': 0.059578511863946915}"
val,"{'mae': 0.847350001335144, 'rmse': 0.8475841879844666}","{'mae': 0.04395594447851181, 'rmse': 0.05938711762428284}"
train,"{'mae': 0.8453127145767212, 'rmse': 0.845568060874939}","{'mae': 0.044000376015901566, 'rmse': 0.059277985244989395}"
val,"{'mae': 0.8435983061790466, 'rmse': 0.8438151478767395}","{'mae': 0.044789865612983704, 'rmse': 0.06019776314496994}"
train,"{'mae': 0.8439061641693115, 'rmse': 0.8441509008407593}","{'mae': 0.044197190552949905, 'rmse': 0.05949024856090546}"
val,"{'mae': 0.839667022228241, 'rmse': 0.8399057984352112}","{'mae': 0.04521329700946808, 'rmse': 0.06067658215761185}"
train,"{'mae': 0.8427049517631531, 'rmse': 0.8429622054100037}","{'mae': 0.04434889927506447, 'rmse': 0.05962080508470535}"
val,"{'mae': 0.8396866321563721, 'rmse': 0.8399396538734436}","{'mae': 0.044246841222047806, 'rmse': 0.059730153530836105}"
train,"{'mae': 0.8390060067176819, 'rmse': 0.83925461769104}","{'mae': 0.044391460716724396, 'rmse': 0.05963759496808052}"
val,"{'mae': 0.8352584838867188, 'rmse': 0.8355169892311096}","{'mae': 0.04352276399731636, 'rmse': 0.05890000984072685}"
train,"{'mae': 0.8394272923469543, 'rmse': 0.8396674990653992}","{'mae': 0.04414371773600578, 'rmse': 0.05935181304812431}"
val,"{'mae': 0.8423921465873718, 'rmse': 0.8426405787467957}","{'mae': 0.0439203605055809, 'rmse': 0.059174321591854095}"
train,"{'mae': 0.8427013158798218, 'rmse': 0.8429493308067322}","{'mae': 0.043906524777412415, 'rmse': 0.05914519727230072}"
val,"{'mae': 0.8387124538421631, 'rmse': 0.8389435410499573}","{'mae': 0.043209634721279144, 'rmse': 0.05844634771347046}"
train,"{'mae': 0.8407116532325745, 'rmse': 0.8409407734870911}","{'mae': 0.04424164444208145, 'rmse': 0.059508662670850754}"
val,"{'mae': 0.842543363571167, 'rmse': 0.842774510383606}","{'mae': 0.04386359453201294, 'rmse': 0.059367835521698}"
train,"{'mae': 0.8432995676994324, 'rmse': 0.8435299396514893}","{'mae': 0.04398191720247269, 'rmse': 0.05919713154435158}"
val,"{'mae': 0.8382264971733093, 'rmse': 0.8384537100791931}","{'mae': 0.043767184019088745, 'rmse': 0.05886800214648247}"
train,"{'mae': 0.8396119475364685, 'rmse': 0.8398449420928955}","{'mae': 0.04410207271575928, 'rmse': 0.05936527997255325}"
val,"{'mae': 0.8336831331253052, 'rmse': 0.8338871598243713}","{'mae': 0.04419989883899689, 'rmse': 0.059415221214294434}"
train,"{'mae': 0.8396151065826416, 'rmse': 0.8398526906967163}","{'mae': 0.043874479830265045, 'rmse': 0.05908516049385071}"
val,"{'mae': 0.8387500047683716, 'rmse': 0.8389723300933838}","{'mae': 0.0436258390545845, 'rmse': 0.059057530015707016}"
train,"{'mae': 0.8376318216323853, 'rmse': 0.8378672003746033}","{'mae': 0.04455762729048729, 'rmse': 0.05983397364616394}"
val,"{'mae': 0.8311781287193298, 'rmse': 0.8314158916473389}","{'mae': 0.044737815856933594, 'rmse': 0.06021077558398247}"
train,"{'mae': 0.8380272388458252, 'rmse': 0.838267982006073}","{'mae': 0.044004350900650024, 'rmse': 0.05923888087272644}"
val,"{'mae': 0.8333718776702881, 'rmse': 0.8335903882980347}","{'mae': 0.043448057025671005, 'rmse': 0.058751195669174194}"
train,"{'mae': 0.8382646441459656, 'rmse': 0.8384990096092224}","{'mae': 0.0435761995613575, 'rmse': 0.058768000453710556}"
val,"{'mae': 0.8371394276618958, 'rmse': 0.8373535871505737}","{'mae': 0.04377112165093422, 'rmse': 0.058965593576431274}"
train,"{'mae': 0.8377440571784973, 'rmse': 0.837967574596405}","{'mae': 0.04393494501709938, 'rmse': 0.05915697291493416}"
val,"{'mae': 0.8374576568603516, 'rmse': 0.8376729488372803}","{'mae': 0.04480079188942909, 'rmse': 0.05990173667669296}"
train,"{'mae': 0.8354026079177856, 'rmse': 0.8356107473373413}","{'mae': 0.04419409856200218, 'rmse': 0.059433478862047195}"
val,"{'mae': 0.8346399068832397, 'rmse': 0.8348581790924072}","{'mae': 0.04406461492180824, 'rmse': 0.059333380311727524}"
train,"{'mae': 0.8378111720085144, 'rmse': 0.8380296230316162}","{'mae': 0.043800536543130875, 'rmse': 0.05898182466626167}"
val,"{'mae': 0.8347268104553223, 'rmse': 0.8349424600601196}","{'mae': 0.04503195360302925, 'rmse': 0.060488685965538025}"
train,"{'mae': 0.8351420760154724, 'rmse': 0.835359513759613}","{'mae': 0.043845802545547485, 'rmse': 0.0590304359793663}"
val,"{'mae': 0.8333238959312439, 'rmse': 0.8335233926773071}","{'mae': 0.044061437249183655, 'rmse': 0.0593179389834404}"
train,"{'mae': 0.8351201415061951, 'rmse': 0.8353450298309326}","{'mae': 0.0445629358291626, 'rmse': 0.05983657017350197}"
val,"{'mae': 0.8297540545463562, 'rmse': 0.8299656510353088}","{'mae': 0.04433971643447876, 'rmse': 0.05981889367103577}"
train,"{'mae': 0.8334769010543823, 'rmse': 0.8337162733078003}","{'mae': 0.04364229738712311, 'rmse': 0.05885915085673332}"
val,"{'mae': 0.8298656344413757, 'rmse': 0.830116868019104}","{'mae': 0.04331814870238304, 'rmse': 0.058671846985816956}"
train,"{'mae': 0.8327681422233582, 'rmse': 0.8330070972442627}","{'mae': 0.04347574710845947, 'rmse': 0.058633897453546524}"
val,"{'mae': 0.828136682510376, 'rmse': 0.8283438086509705}","{'mae': 0.043593406677246094, 'rmse': 0.05899931117892265}"
train,"{'mae': 0.8346258997917175, 'rmse': 0.8348584771156311}","{'mae': 0.04355663061141968, 'rmse': 0.05871830880641937}"
val,"{'mae': 0.8343958258628845, 'rmse': 0.8346253633499146}","{'mae': 0.043782006949186325, 'rmse': 0.059092000126838684}"
train,"{'mae': 0.8315433859825134, 'rmse': 0.8317767977714539}","{'mae': 0.043667323887348175, 'rmse': 0.05884857475757599}"
val,"{'mae': 0.8357748985290527, 'rmse': 0.83595210313797}","{'mae': 0.043603405356407166, 'rmse': 0.058872807770967484}"
train,"{'mae': 0.8319386839866638, 'rmse': 0.8321674466133118}","{'mae': 0.04372628033161163, 'rmse': 0.05890955030918121}"
val,"{'mae': 0.8314599990844727, 'rmse': 0.8316811919212341}","{'mae': 0.043128602206707, 'rmse': 0.05827280879020691}"
train,"{'mae': 0.8305840492248535, 'rmse': 0.830809473991394}","{'mae': 0.043316055089235306, 'rmse': 0.058474235236644745}"
val,"{'mae': 0.8273013234138489, 'rmse': 0.8275111317634583}","{'mae': 0.04347924888134003, 'rmse': 0.05873353034257889}"
train,"{'mae': 0.8314372301101685, 'rmse': 0.8316509127616882}","{'mae': 0.0438598208129406, 'rmse': 0.059050220996141434}"
val,"{'mae': 0.8256767988204956, 'rmse': 0.8258333206176758}","{'mae': 0.04353369027376175, 'rmse': 0.05887176841497421}"
train,"{'mae': 0.8300694823265076, 'rmse': 0.8302897214889526}","{'mae': 0.04376518353819847, 'rmse': 0.05896946042776108}"
val,"{'mae': 0.8254883289337158, 'rmse': 0.825693666934967}","{'mae': 0.044533707201480865, 'rmse': 0.0597054697573185}"
train,"{'mae': 0.8304817080497742, 'rmse': 0.8307057023048401}","{'mae': 0.04362564906477928, 'rmse': 0.05876700580120087}"
val,"{'mae': 0.8347236514091492, 'rmse': 0.8348984718322754}","{'mae': 0.0442943349480629, 'rmse': 0.05946939066052437}"
train,"{'mae': 0.8313429951667786, 'rmse': 0.8315538763999939}","{'mae': 0.043711286038160324, 'rmse': 0.05890551209449768}"
val,"{'mae': 0.8335709571838379, 'rmse': 0.8337716460227966}","{'mae': 0.0432213731110096, 'rmse': 0.05843260511755943}"
train,"{'mae': 0.8334155678749084, 'rmse': 0.8336220383644104}","{'mae': 0.04351520910859108, 'rmse': 0.05861011892557144}"
val,"{'mae': 0.8305537700653076, 'rmse': 0.8307671546936035}","{'mae': 0.04322940856218338, 'rmse': 0.058385297656059265}"
train,"{'mae': 0.8315821886062622, 'rmse': 0.8318095803260803}","{'mae': 0.043918073177337646, 'rmse': 0.059138886630535126}"
val,"{'mae': 0.8308514356613159, 'rmse': 0.831086277961731}","{'mae': 0.044009994715452194, 'rmse': 0.05940139293670654}"
train,"{'mae': 0.8329813480377197, 'rmse': 0.833208441734314}","{'mae': 0.04344143718481064, 'rmse': 0.05857525020837784}"
val,"{'mae': 0.8212429881095886, 'rmse': 0.8214232325553894}","{'mae': 0.04400166869163513, 'rmse': 0.05914656072854996}"
train,"{'mae': 0.8281732201576233, 'rmse': 0.8283772468566895}","{'mae': 0.04326909780502319, 'rmse': 0.05842283368110657}"
val,"{'mae': 0.8255714178085327, 'rmse': 0.825778603553772}","{'mae': 0.042933929711580276, 'rmse': 0.05817991495132446}"
train,"{'mae': 0.8261659741401672, 'rmse': 0.826379120349884}","{'mae': 0.044021934270858765, 'rmse': 0.05924387276172638}"
val,"{'mae': 0.8235198855400085, 'rmse': 0.8237327933311462}","{'mae': 0.04387310892343521, 'rmse': 0.05913933739066124}"
train,"{'mae': 0.8268197178840637, 'rmse': 0.8270383477210999}","{'mae': 0.04349216818809509, 'rmse': 0.05869583040475845}"
val,"{'mae': 0.8343437910079956, 'rmse': 0.8345553278923035}","{'mae': 0.04475190490484238, 'rmse': 0.05969860032200813}"
train,"{'mae': 0.8262611031532288, 'rmse': 0.8264727592468262}","{'mae': 0.04346402734518051, 'rmse': 0.058564189821481705}"
val,"{'mae': 0.8186250329017639, 'rmse': 0.8188509345054626}","{'mae': 0.04360273480415344, 'rmse': 0.05875581130385399}"
train,"{'mae': 0.8235458135604858, 'rmse': 0.8237634301185608}","{'mae': 0.04364294558763504, 'rmse': 0.05878746509552002}"
val,"{'mae': 0.822441577911377, 'rmse': 0.8226685523986816}","{'mae': 0.043182145804166794, 'rmse': 0.058222755789756775}"
train,"{'mae': 0.8218320608139038, 'rmse': 0.8220542669296265}","{'mae': 0.043311506509780884, 'rmse': 0.05845022201538086}"
val,"{'mae': 0.8185742497444153, 'rmse': 0.8187589049339294}","{'mae': 0.044079601764678955, 'rmse': 0.05972057208418846}"
train,"{'mae': 0.8225718140602112, 'rmse': 0.822782039642334}","{'mae': 0.043350059539079666, 'rmse': 0.05848698318004608}"
val,"{'mae': 0.8162760734558105, 'rmse': 0.816466748714447}","{'mae': 0.043179601430892944, 'rmse': 0.05820249393582344}"
train,"{'mae': 0.8231722116470337, 'rmse': 0.8233805894851685}","{'mae': 0.04333602264523506, 'rmse': 0.0584539920091629}"
val,"{'mae': 0.822910487651825, 'rmse': 0.8231174945831299}","{'mae': 0.043626319617033005, 'rmse': 0.058735184371471405}"
train,"{'mae': 0.8199616074562073, 'rmse': 0.8201792240142822}","{'mae': 0.04352584481239319, 'rmse': 0.05868164449930191}"
val,"{'mae': 0.8196566700935364, 'rmse': 0.819865882396698}","{'mae': 0.04349721223115921, 'rmse': 0.05856619402766228}"
train,"{'mae': 0.820867657661438, 'rmse': 0.8210878968238831}","{'mae': 0.0431402288377285, 'rmse': 0.05825308337807655}"
val,"{'mae': 0.8164290189743042, 'rmse': 0.8166531324386597}","{'mae': 0.04383188486099243, 'rmse': 0.059044551104307175}"
train,"{'mae': 0.8232836723327637, 'rmse': 0.8235005140304565}","{'mae': 0.04322986304759979, 'rmse': 0.05840137228369713}"
val,"{'mae': 0.8220003247261047, 'rmse': 0.8221954703330994}","{'mae': 0.04276776313781738, 'rmse': 0.05791470408439636}"
train,"{'mae': 0.8210790157318115, 'rmse': 0.8212847113609314}","{'mae': 0.04303501546382904, 'rmse': 0.05818258598446846}"
val,"{'mae': 0.8164897561073303, 'rmse': 0.816692054271698}","{'mae': 0.04331698268651962, 'rmse': 0.05845838785171509}"
train,"{'mae': 0.8231295347213745, 'rmse': 0.8233385682106018}","{'mae': 0.04314000532031059, 'rmse': 0.05823571979999542}"
val,"{'mae': 0.8133992552757263, 'rmse': 0.8136056065559387}","{'mae': 0.042886145412921906, 'rmse': 0.05810078606009483}"
train,"{'mae': 0.8198288083076477, 'rmse': 0.8200428485870361}","{'mae': 0.04312368854880333, 'rmse': 0.058236945420503616}"
val,"{'mae': 0.8207864165306091, 'rmse': 0.8209974765777588}","{'mae': 0.043943893164396286, 'rmse': 0.059257958084344864}"
train,"{'mae': 0.82096928358078, 'rmse': 0.8211740851402283}","{'mae': 0.042897965759038925, 'rmse': 0.05798887833952904}"
val,"{'mae': 0.8166114687919617, 'rmse': 0.8168051242828369}","{'mae': 0.04391924664378166, 'rmse': 0.059062086045742035}"
train,"{'mae': 0.8214744925498962, 'rmse': 0.8216845989227295}","{'mae': 0.043469592928886414, 'rmse': 0.05859590321779251}"
val,"{'mae': 0.8258934617042542, 'rmse': 0.8261070847511292}","{'mae': 0.04348626732826233, 'rmse': 0.058475710451602936}"
train,"{'mae': 0.8209117650985718, 'rmse': 0.8211159110069275}","{'mae': 0.042999543249607086, 'rmse': 0.05811173468828201}"
val,"{'mae': 0.8200345635414124, 'rmse': 0.8202109932899475}","{'mae': 0.04363875091075897, 'rmse': 0.058650970458984375}"
train,"{'mae': 0.8205438852310181, 'rmse': 0.8207423090934753}","{'mae': 0.04291365668177605, 'rmse': 0.05800149217247963}"
val,"{'mae': 0.8259739279747009, 'rmse': 0.8261603713035583}","{'mae': 0.043849021196365356, 'rmse': 0.0590120367705822}"
train,"{'mae': 0.8207052946090698, 'rmse': 0.8209036588668823}","{'mae': 0.043087881058454514, 'rmse': 0.05816623568534851}"
val,"{'mae': 0.8162720203399658, 'rmse': 0.81645268201828}","{'mae': 0.04277445003390312, 'rmse': 0.05794235318899155}"
train,"{'mae': 0.8195973634719849, 'rmse': 0.8197895884513855}","{'mae': 0.04306546598672867, 'rmse': 0.05813029035925865}"
val,"{'mae': 0.8132745027542114, 'rmse': 0.8134677410125732}","{'mae': 0.04387911036610603, 'rmse': 0.05896513909101486}"
train,"{'mae': 0.8187758326530457, 'rmse': 0.8189817667007446}","{'mae': 0.04318956658244133, 'rmse': 0.05830887705087662}"
val,"{'mae': 0.8191713690757751, 'rmse': 0.8193506002426147}","{'mae': 0.04295877739787102, 'rmse': 0.05801299214363098}"
train,"{'mae': 0.8188297152519226, 'rmse': 0.819027304649353}","{'mae': 0.04316489025950432, 'rmse': 0.05824877321720123}"
val,"{'mae': 0.8165954351425171, 'rmse': 0.8167624473571777}","{'mae': 0.043626390397548676, 'rmse': 0.058712705969810486}"
train,"{'mae': 0.8174348473548889, 'rmse': 0.8176296353340149}","{'mae': 0.043144598603248596, 'rmse': 0.058239638805389404}"
val,"{'mae': 0.8124064207077026, 'rmse': 0.8125844597816467}","{'mae': 0.04310721158981323, 'rmse': 0.058397408574819565}"
train,"{'mae': 0.8164870142936707, 'rmse': 0.8166769742965698}","{'mae': 0.04291367530822754, 'rmse': 0.057998109608888626}"
val,"{'mae': 0.8112466335296631, 'rmse': 0.8114272952079773}","{'mae': 0.04280656948685646, 'rmse': 0.0581107996404171}"
train,"{'mae': 0.8165236711502075, 'rmse': 0.8167163133621216}","{'mae': 0.04298052936792374, 'rmse': 0.05804513394832611}"
val,"{'mae': 0.814323365688324, 'rmse': 0.8145109415054321}","{'mae': 0.04402356967329979, 'rmse': 0.05937592312693596}"
train,"{'mae': 0.8160569667816162, 'rmse': 0.8162533640861511}","{'mae': 0.043201301246881485, 'rmse': 0.05829533189535141}"
val,"{'mae': 0.8112351298332214, 'rmse': 0.8114187121391296}","{'mae': 0.04305477440357208, 'rmse': 0.05814158916473389}"
train,"{'mae': 0.8163194060325623, 'rmse': 0.8165152668952942}","{'mae': 0.043037038296461105, 'rmse': 0.0581289641559124}"
val,"{'mae': 0.8066296577453613, 'rmse': 0.8068119883537292}","{'mae': 0.04355974122881889, 'rmse': 0.058448608964681625}"
train,"{'mae': 0.8163500428199768, 'rmse': 0.816543698310852}","{'mae': 0.042574189603328705, 'rmse': 0.05766421556472778}"
val,"{'mae': 0.814862847328186, 'rmse': 0.8150423169136047}","{'mae': 0.042901817709207535, 'rmse': 0.058094337582588196}"
train,"{'mae': 0.8185874819755554, 'rmse': 0.8187845349311829}","{'mae': 0.04287990182638168, 'rmse': 0.057929687201976776}"
val,"{'mae': 0.8246126174926758, 'rmse': 0.8247798681259155}","{'mae': 0.04275503382086754, 'rmse': 0.05788956955075264}"
train,"{'mae': 0.8165487051010132, 'rmse': 0.8167402148246765}","{'mae': 0.0426948145031929, 'rmse': 0.057751115411520004}"
val,"{'mae': 0.8150612115859985, 'rmse': 0.81524658203125}","{'mae': 0.042969584465026855, 'rmse': 0.058150991797447205}"
train,"{'mae': 0.8187175393104553, 'rmse': 0.8189069032669067}","{'mae': 0.042656201869249344, 'rmse': 0.05772578343749046}"
val,"{'mae': 0.816374659538269, 'rmse': 0.8165447115898132}","{'mae': 0.04261895269155502, 'rmse': 0.05778541415929794}"
train,"{'mae': 0.8199244141578674, 'rmse': 0.8201106190681458}","{'mae': 0.04274929687380791, 'rmse': 0.05781105160713196}"
val,"{'mae': 0.8159257173538208, 'rmse': 0.8160833120346069}","{'mae': 0.04274091497063637, 'rmse': 0.057846106588840485}"
train,"{'mae': 0.817249059677124, 'rmse': 0.8174325227737427}","{'mae': 0.04278702288866043, 'rmse': 0.0578400082886219}"
val,"{'mae': 0.8117069602012634, 'rmse': 0.8119000196456909}","{'mae': 0.04286178946495056, 'rmse': 0.05787214636802673}"
train,"{'mae': 0.8194968104362488, 'rmse': 0.8196830153465271}","{'mae': 0.04261348769068718, 'rmse': 0.05767311528325081}"
val,"{'mae': 0.8121854662895203, 'rmse': 0.8123691082000732}","{'mae': 0.045223165303468704, 'rmse': 0.060611698776483536}"
train,"{'mae': 0.8150726556777954, 'rmse': 0.8152557015419006}","{'mae': 0.04294830188155174, 'rmse': 0.05802245810627937}"
val,"{'mae': 0.8146688342094421, 'rmse': 0.8148621320724487}","{'mae': 0.04303755983710289, 'rmse': 0.058357205241918564}"
train,"{'mae': 0.8166148066520691, 'rmse': 0.8168031573295593}","{'mae': 0.04271981120109558, 'rmse': 0.05775982886552811}"
val,"{'mae': 0.8101800680160522, 'rmse': 0.8103735446929932}","{'mae': 0.04470503330230713, 'rmse': 0.060065269470214844}"
train,"{'mae': 0.8160670399665833, 'rmse': 0.8162572383880615}","{'mae': 0.04269704967737198, 'rmse': 0.05776778236031532}"
val,"{'mae': 0.8167229890823364, 'rmse': 0.8169144988059998}","{'mae': 0.04326033592224121, 'rmse': 0.058203376829624176}"
train,"{'mae': 0.8183450698852539, 'rmse': 0.8185282349586487}","{'mae': 0.04258884862065315, 'rmse': 0.05765179172158241}"
val,"{'mae': 0.81097012758255, 'rmse': 0.8111350536346436}","{'mae': 0.04428689926862717, 'rmse': 0.059470035135746}"
train,"{'mae': 0.8164531588554382, 'rmse': 0.8166413307189941}","{'mae': 0.04282967001199722, 'rmse': 0.0578811913728714}"
val,"{'mae': 0.8151960968971252, 'rmse': 0.8153624534606934}","{'mae': 0.04303916171193123, 'rmse': 0.05812821909785271}"
train,"{'mae': 0.8149703145027161, 'rmse': 0.8151547908782959}","{'mae': 0.04293021932244301, 'rmse': 0.05796040967106819}"
val,"{'mae': 0.8123534321784973, 'rmse': 0.8125333786010742}","{'mae': 0.04275834560394287, 'rmse': 0.05773152410984039}"
train,"{'mae': 0.8151508569717407, 'rmse': 0.8153416514396667}","{'mae': 0.04250624403357506, 'rmse': 0.05754455178976059}"
val,"{'mae': 0.8161378502845764, 'rmse': 0.8163231015205383}","{'mae': 0.04332028701901436, 'rmse': 0.05838292837142944}"
train,"{'mae': 0.8168289065361023, 'rmse': 0.817014753818512}","{'mae': 0.042632076889276505, 'rmse': 0.05764545872807503}"
val,"{'mae': 0.8210764527320862, 'rmse': 0.821253776550293}","{'mae': 0.04320751130580902, 'rmse': 0.058172691613435745}"
train,"{'mae': 0.8175378441810608, 'rmse': 0.8177196979522705}","{'mae': 0.04250551760196686, 'rmse': 0.057562753558158875}"
val,"{'mae': 0.8156601786613464, 'rmse': 0.8158429265022278}","{'mae': 0.04277968779206276, 'rmse': 0.057852260768413544}"
train,"{'mae': 0.814850389957428, 'rmse': 0.8150255680084229}","{'mae': 0.04268970713019371, 'rmse': 0.057734277099370956}"
val,"{'mae': 0.8123090267181396, 'rmse': 0.8124617338180542}","{'mae': 0.043690748512744904, 'rmse': 0.05884901061654091}"
train,"{'mae': 0.8157073259353638, 'rmse': 0.8158893585205078}","{'mae': 0.0427868515253067, 'rmse': 0.05781419202685356}"
val,"{'mae': 0.8126311898231506, 'rmse': 0.8127838373184204}","{'mae': 0.04302710294723511, 'rmse': 0.05803936719894409}"
train,"{'mae': 0.8151548504829407, 'rmse': 0.8153293132781982}","{'mae': 0.042688798159360886, 'rmse': 0.05772589147090912}"
val,"{'mae': 0.8066805005073547, 'rmse': 0.8068628907203674}","{'mae': 0.04326995089650154, 'rmse': 0.058392856270074844}"
train,"{'mae': 0.8115310072898865, 'rmse': 0.8117068409919739}","{'mae': 0.04271738603711128, 'rmse': 0.05775533989071846}"
val,"{'mae': 0.8113905787467957, 'rmse': 0.8115482330322266}","{'mae': 0.0425468273460865, 'rmse': 0.057661253958940506}"
train,"{'mae': 0.8126643896102905, 'rmse': 0.8128382563591003}","{'mae': 0.04255557805299759, 'rmse': 0.05757170543074608}"
val,"{'mae': 0.8058465719223022, 'rmse': 0.8060334324836731}","{'mae': 0.04298735409975052, 'rmse': 0.0581694021821022}"
train,"{'mae': 0.8118351697921753, 'rmse': 0.8120155930519104}","{'mae': 0.042445745319128036, 'rmse': 0.0574856661260128}"
val,"{'mae': 0.8123381733894348, 'rmse': 0.8125053644180298}","{'mae': 0.04215555265545845, 'rmse': 0.05725486949086189}"
train,"{'mae': 0.8142436146736145, 'rmse': 0.8144182562828064}","{'mae': 0.042355965822935104, 'rmse': 0.05738000199198723}"
val,"{'mae': 0.8142890930175781, 'rmse': 0.8144543170928955}","{'mae': 0.04270220175385475, 'rmse': 0.05776617303490639}"
train,"{'mae': 0.8127543330192566, 'rmse': 0.812925398349762}","{'mae': 0.0422394722700119, 'rmse': 0.05727210268378258}"
val,"{'mae': 0.8107864260673523, 'rmse': 0.8109581470489502}","{'mae': 0.04237716272473335, 'rmse': 0.057615745812654495}"
train,"{'mae': 0.8144304752349854, 'rmse': 0.814599335193634}","{'mae': 0.04232272878289223, 'rmse': 0.0573321208357811}"
val,"{'mae': 0.8122681379318237, 'rmse': 0.8124427795410156}","{'mae': 0.04225650057196617, 'rmse': 0.05736183375120163}"
train,"{'mae': 0.8147619366645813, 'rmse': 0.8149325847625732}","{'mae': 0.04215731844305992, 'rmse': 0.05715848132967949}"
val,"{'mae': 0.8166287541389465, 'rmse': 0.8167855143547058}","{'mae': 0.04255164414644241, 'rmse': 0.057641539722681046}"
train,"{'mae': 0.8172309398651123, 'rmse': 0.8173934817314148}","{'mae': 0.042292628437280655, 'rmse': 0.05730631947517395}"
val,"{'mae': 0.8142144083976746, 'rmse': 0.814385712146759}","{'mae': 0.04293102025985718, 'rmse': 0.057974644005298615}"
train,"{'mae': 0.8144269585609436, 'rmse': 0.8146016597747803}","{'mae': 0.042583923786878586, 'rmse': 0.057599026709795}"
val,"{'mae': 0.8127231001853943, 'rmse': 0.8128926157951355}","{'mae': 0.041874345391988754, 'rmse': 0.057073935866355896}"
train,"{'mae': 0.8117375373840332, 'rmse': 0.8119080662727356}","{'mae': 0.04230723902583122, 'rmse': 0.0573078915476799}"
val,"{'mae': 0.8082466125488281, 'rmse': 0.8084051012992859}","{'mae': 0.04233388602733612, 'rmse': 0.05728742852807045}"
train,"{'mae': 0.8133010864257812, 'rmse': 0.8134675621986389}","{'mae': 0.04225432500243187, 'rmse': 0.05726010352373123}"
val,"{'mae': 0.815974771976471, 'rmse': 0.8161195516586304}","{'mae': 0.04292212426662445, 'rmse': 0.05808482691645622}"
train,"{'mae': 0.8120685815811157, 'rmse': 0.812235951423645}","{'mae': 0.04263659194111824, 'rmse': 0.057636894285678864}"
val,"{'mae': 0.8137900233268738, 'rmse': 0.8139488697052002}","{'mae': 0.04285001754760742, 'rmse': 0.05799722671508789}"
train,"{'mae': 0.8140009045600891, 'rmse': 0.8141679167747498}","{'mae': 0.04218079894781113, 'rmse': 0.05720068886876106}"
val,"{'mae': 0.8052536845207214, 'rmse': 0.8054093718528748}","{'mae': 0.04223909229040146, 'rmse': 0.05732841044664383}"
train,"{'mae': 0.8122506737709045, 'rmse': 0.8124107718467712}","{'mae': 0.042303409427404404, 'rmse': 0.05729624256491661}"
val,"{'mae': 0.805026113986969, 'rmse': 0.805154025554657}","{'mae': 0.04225296527147293, 'rmse': 0.057241495698690414}"
train,"{'mae': 0.8104140758514404, 'rmse': 0.8105716109275818}","{'mae': 0.042466845363378525, 'rmse': 0.05749139189720154}"
val,"{'mae': 0.8029249906539917, 'rmse': 0.8030826449394226}","{'mae': 0.04295717552304268, 'rmse': 0.05812312290072441}"
train,"{'mae': 0.8098679184913635, 'rmse': 0.8100297451019287}","{'mae': 0.04250284284353256, 'rmse': 0.05753376707434654}"
val,"{'mae': 0.8091353178024292, 'rmse': 0.8092930316925049}","{'mae': 0.04324374347925186, 'rmse': 0.058165743947029114}"
train,"{'mae': 0.8100051879882812, 'rmse': 0.8101701140403748}","{'mae': 0.04234001412987709, 'rmse': 0.05734916031360626}"
val,"{'mae': 0.8060002326965332, 'rmse': 0.8061585426330566}","{'mae': 0.04275573790073395, 'rmse': 0.05763035640120506}"
train,"{'mae': 0.8102763891220093, 'rmse': 0.8104327321052551}","{'mae': 0.042108189314603806, 'rmse': 0.05710989981889725}"
val,"{'mae': 0.8077852129936218, 'rmse': 0.8079283833503723}","{'mae': 0.04238404706120491, 'rmse': 0.057524263858795166}"
train,"{'mae': 0.8105249404907227, 'rmse': 0.8106865286827087}","{'mae': 0.04221856966614723, 'rmse': 0.05722787231206894}"
val,"{'mae': 0.805654764175415, 'rmse': 0.8057912588119507}","{'mae': 0.04238693416118622, 'rmse': 0.057491667568683624}"
train,"{'mae': 0.8127777576446533, 'rmse': 0.8129329085350037}","{'mae': 0.04221133142709732, 'rmse': 0.05719122663140297}"
val,"{'mae': 0.8148770332336426, 'rmse': 0.8150279521942139}","{'mae': 0.04266355186700821, 'rmse': 0.057718370109796524}"
train,"{'mae': 0.8119193911552429, 'rmse': 0.8120798468589783}","{'mae': 0.04251111298799515, 'rmse': 0.05753445625305176}"
val,"{'mae': 0.8006470203399658, 'rmse': 0.8007993102073669}","{'mae': 0.04226348176598549, 'rmse': 0.05735565349459648}"
train,"{'mae': 0.8109047412872314, 'rmse': 0.8110687136650085}","{'mae': 0.042098477482795715, 'rmse': 0.05707380548119545}"
val,"{'mae': 0.8085373044013977, 'rmse': 0.8086991310119629}","{'mae': 0.04221848398447037, 'rmse': 0.057283204048871994}"
train,"{'mae': 0.8136863112449646, 'rmse': 0.813840925693512}","{'mae': 0.042017675936222076, 'rmse': 0.05697546526789665}"
val,"{'mae': 0.8069326281547546, 'rmse': 0.8070873022079468}","{'mae': 0.042288638651371, 'rmse': 0.05737384408712387}"
train,"{'mae': 0.8133485317230225, 'rmse': 0.8135072588920593}","{'mae': 0.042040228843688965, 'rmse': 0.057026538997888565}"
val,"{'mae': 0.8132700324058533, 'rmse': 0.8134196400642395}","{'mae': 0.042356424033641815, 'rmse': 0.057485975325107574}"
train,"{'mae': 0.8147085905075073, 'rmse': 0.8148616552352905}","{'mae': 0.04196980595588684, 'rmse': 0.05693474039435387}"
val,"{'mae': 0.8080185651779175, 'rmse': 0.808143675327301}","{'mae': 0.04259253293275833, 'rmse': 0.057835884392261505}"
train,"{'mae': 0.8150641322135925, 'rmse': 0.8152139186859131}","{'mae': 0.04203607887029648, 'rmse': 0.057024892419576645}"
val,"{'mae': 0.8182442784309387, 'rmse': 0.818394124507904}","{'mae': 0.04175802692770958, 'rmse': 0.05671852454543114}"
train,"{'mae': 0.8142648339271545, 'rmse': 0.8144196271896362}","{'mae': 0.04222610592842102, 'rmse': 0.05719682574272156}"
val,"{'mae': 0.8091562986373901, 'rmse': 0.8093040585517883}","{'mae': 0.04180582985281944, 'rmse': 0.05682918801903725}"
train,"{'mae': 0.8135071396827698, 'rmse': 0.8136562705039978}","{'mae': 0.04208139702677727, 'rmse': 0.05705930292606354}"
val,"{'mae': 0.8098630905151367, 'rmse': 0.8100048303604126}","{'mae': 0.04222109913825989, 'rmse': 0.05745108053088188}"
train,"{'mae': 0.8146085739135742, 'rmse': 0.8147603869438171}","{'mae': 0.041999541223049164, 'rmse': 0.05697951838374138}"
val,"{'mae': 0.8073022961616516, 'rmse': 0.8074526190757751}","{'mae': 0.042223136872053146, 'rmse': 0.057441871613264084}"
train,"{'mae': 0.8126588463783264, 'rmse': 0.8128085136413574}","{'mae': 0.04202498495578766, 'rmse': 0.05700533092021942}"
val,"{'mae': 0.8130842447280884, 'rmse': 0.8132224678993225}","{'mae': 0.04219543933868408, 'rmse': 0.05730406194925308}"
train,"{'mae': 0.8131648898124695, 'rmse': 0.8133112788200378}","{'mae': 0.04215332865715027, 'rmse': 0.057147737592458725}"
val,"{'mae': 0.8053312301635742, 'rmse': 0.8054772615432739}","{'mae': 0.04254797473549843, 'rmse': 0.057878606021404266}"
train,"{'mae': 0.813164234161377, 'rmse': 0.8133121728897095}","{'mae': 0.04180983453989029, 'rmse': 0.05678388848900795}"
val,"{'mae': 0.8085987567901611, 'rmse': 0.8087406754493713}","{'mae': 0.0422617644071579, 'rmse': 0.057322416454553604}"
train,"{'mae': 0.8128311634063721, 'rmse': 0.8129842877388}","{'mae': 0.0421004481613636, 'rmse': 0.05706993490457535}"
val,"{'mae': 0.8095571398735046, 'rmse': 0.8096768260002136}","{'mae': 0.043093569576740265, 'rmse': 0.05812831223011017}"
train,"{'mae': 0.8123341202735901, 'rmse': 0.8124836087226868}","{'mae': 0.04217751696705818, 'rmse': 0.05713222920894623}"
val,"{'mae': 0.8054072856903076, 'rmse': 0.8055500984191895}","{'mae': 0.04263990372419357, 'rmse': 0.05777612701058388}"
train,"{'mae': 0.8106833696365356, 'rmse': 0.8108370900154114}","{'mae': 0.041821543127298355, 'rmse': 0.056783922016620636}"
val,"{'mae': 0.8107619285583496, 'rmse': 0.8109018802642822}","{'mae': 0.04265303909778595, 'rmse': 0.05756056308746338}"
train,"{'mae': 0.812696635723114, 'rmse': 0.8128464221954346}","{'mae': 0.04189281910657883, 'rmse': 0.05684556066989899}"
val,"{'mae': 0.8061320185661316, 'rmse': 0.8062811493873596}","{'mae': 0.04219171032309532, 'rmse': 0.05726749822497368}"
train,"{'mae': 0.8137281537055969, 'rmse': 0.8138805031776428}","{'mae': 0.04197089746594429, 'rmse': 0.05691380798816681}"
val,"{'mae': 0.8142390251159668, 'rmse': 0.8143770694732666}","{'mae': 0.04260164499282837, 'rmse': 0.05742735043168068}"
train,"{'mae': 0.8132622838020325, 'rmse': 0.813410222530365}","{'mae': 0.041958849877119064, 'rmse': 0.05693494901061058}"
val,"{'mae': 0.8124668002128601, 'rmse': 0.8126212954521179}","{'mae': 0.04181737080216408, 'rmse': 0.05679734796285629}"
train,"{'mae': 0.8120730519294739, 'rmse': 0.8122182488441467}","{'mae': 0.0419062003493309, 'rmse': 0.05685592070221901}"
val,"{'mae': 0.8081774115562439, 'rmse': 0.8083067536354065}","{'mae': 0.04264558479189873, 'rmse': 0.057665321975946426}"
train,"{'mae': 0.812818706035614, 'rmse': 0.812960147857666}","{'mae': 0.0419277586042881, 'rmse': 0.05688927695155144}"
val,"{'mae': 0.8047122955322266, 'rmse': 0.8048478364944458}","{'mae': 0.04167020693421364, 'rmse': 0.05679088830947876}"
train,"{'mae': 0.8126604557037354, 'rmse': 0.8128037452697754}","{'mae': 0.041938893496990204, 'rmse': 0.056913893669843674}"
val,"{'mae': 0.8068554401397705, 'rmse': 0.8070043921470642}","{'mae': 0.041910815984010696, 'rmse': 0.05700334906578064}"
train,"{'mae': 0.8119764924049377, 'rmse': 0.812120258808136}","{'mae': 0.04167034476995468, 'rmse': 0.056624457240104675}"
val,"{'mae': 0.8114157915115356, 'rmse': 0.8115642070770264}","{'mae': 0.041999127715826035, 'rmse': 0.05708753317594528}"
train,"{'mae': 0.8129569292068481, 'rmse': 0.8131045699119568}","{'mae': 0.04195321723818779, 'rmse': 0.056920088827610016}"
val,"{'mae': 0.8065322637557983, 'rmse': 0.8066669702529907}","{'mae': 0.04304681345820427, 'rmse': 0.05814211815595627}"
train,"{'mae': 0.8114563822746277, 'rmse': 0.8116039037704468}","{'mae': 0.04184260964393616, 'rmse': 0.056799598038196564}"
val,"{'mae': 0.8096382021903992, 'rmse': 0.8097832202911377}","{'mae': 0.042030323296785355, 'rmse': 0.05708012729883194}"
train,"{'mae': 0.8137763738632202, 'rmse': 0.8139256834983826}","{'mae': 0.041911300271749496, 'rmse': 0.05685175955295563}"
val,"{'mae': 0.8133126497268677, 'rmse': 0.8134384155273438}","{'mae': 0.04198041185736656, 'rmse': 0.05701478198170662}"
train,"{'mae': 0.814002513885498, 'rmse': 0.8141481280326843}","{'mae': 0.04160857945680618, 'rmse': 0.056546811014413834}"
val,"{'mae': 0.8073591589927673, 'rmse': 0.8074941039085388}","{'mae': 0.04244706407189369, 'rmse': 0.05741570144891739}"
train,"{'mae': 0.8151493072509766, 'rmse': 0.8152957558631897}","{'mae': 0.04176350310444832, 'rmse': 0.05669286474585533}"
val,"{'mae': 0.8152160048484802, 'rmse': 0.8153469562530518}","{'mae': 0.042689248919487, 'rmse': 0.05775202810764313}"
train,"{'mae': 0.8138458728790283, 'rmse': 0.8139880895614624}","{'mae': 0.041712261736392975, 'rmse': 0.05666174739599228}"
val,"{'mae': 0.8105770945549011, 'rmse': 0.8107074499130249}","{'mae': 0.04176509752869606, 'rmse': 0.05678011104464531}"
train,"{'mae': 0.8147276639938354, 'rmse': 0.8148667812347412}","{'mae': 0.04165157675743103, 'rmse': 0.056589264422655106}"
val,"{'mae': 0.8110553622245789, 'rmse': 0.8111876845359802}","{'mae': 0.04190833866596222, 'rmse': 0.05691838264465332}"
train,"{'mae': 0.8149427175521851, 'rmse': 0.8150860071182251}","{'mae': 0.041616614907979965, 'rmse': 0.05654670298099518}"
val,"{'mae': 0.8172220587730408, 'rmse': 0.8173428177833557}","{'mae': 0.041784971952438354, 'rmse': 0.056856218725442886}"
train,"{'mae': 0.8161743879318237, 'rmse': 0.8163154125213623}","{'mae': 0.04202283173799515, 'rmse': 0.05694492161273956}"
val,"{'mae': 0.8092697858810425, 'rmse': 0.8094095587730408}","{'mae': 0.04183848947286606, 'rmse': 0.056934744119644165}"
train,"{'mae': 0.8150322437286377, 'rmse': 0.8151677846908569}","{'mae': 0.04192124307155609, 'rmse': 0.05686522647738457}"
val,"{'mae': 0.8100063800811768, 'rmse': 0.8101352453231812}","{'mae': 0.042668312788009644, 'rmse': 0.05789751186966896}"
train,"{'mae': 0.8141934871673584, 'rmse': 0.8143349289894104}","{'mae': 0.041793789714574814, 'rmse': 0.056716348975896835}"
val,"{'mae': 0.8118738532066345, 'rmse': 0.8120090961456299}","{'mae': 0.04221586883068085, 'rmse': 0.057165950536727905}"
train,"{'mae': 0.817168653011322, 'rmse': 0.817310631275177}","{'mae': 0.04159247875213623, 'rmse': 0.05654851719737053}"
val,"{'mae': 0.8152421116828918, 'rmse': 0.8153911232948303}","{'mae': 0.04167608544230461, 'rmse': 0.05672929808497429}"
train,"{'mae': 0.8152196407318115, 'rmse': 0.8153550028800964}","{'mae': 0.04181123152375221, 'rmse': 0.056739695370197296}"
val,"{'mae': 0.8144902586936951, 'rmse': 0.8146291971206665}","{'mae': 0.04163535684347153, 'rmse': 0.05664963647723198}"
train,"{'mae': 0.8169447183609009, 'rmse': 0.8170778155326843}","{'mae': 0.04183420538902283, 'rmse': 0.05677026882767677}"
val,"{'mae': 0.8171696066856384, 'rmse': 0.8172910809516907}","{'mae': 0.04208005592226982, 'rmse': 0.05684443190693855}"
train,"{'mae': 0.8146370053291321, 'rmse': 0.8147614002227783}","{'mae': 0.04173479974269867, 'rmse': 0.05667121708393097}"
val,"{'mae': 0.8099636435508728, 'rmse': 0.8100834488868713}","{'mae': 0.04194413870573044, 'rmse': 0.0570097342133522}"
train,"{'mae': 0.814284086227417, 'rmse': 0.8144164681434631}","{'mae': 0.04170626774430275, 'rmse': 0.05666597560048103}"
val,"{'mae': 0.8192238211631775, 'rmse': 0.8193647265434265}","{'mae': 0.042159732431173325, 'rmse': 0.05720093473792076}"
train,"{'mae': 0.8169475793838501, 'rmse': 0.8170843124389648}","{'mae': 0.041633687913417816, 'rmse': 0.056556642055511475}"
val,"{'mae': 0.8126335740089417, 'rmse': 0.8127688765525818}","{'mae': 0.04189636558294296, 'rmse': 0.05680885538458824}"
train,"{'mae': 0.815272331237793, 'rmse': 0.8154078722000122}","{'mae': 0.041789498180150986, 'rmse': 0.056717947125434875}"
val,"{'mae': 0.8107587695121765, 'rmse': 0.8108986020088196}","{'mae': 0.0419003963470459, 'rmse': 0.05688674375414848}"
train,"{'mae': 0.8139868974685669, 'rmse': 0.8141251802444458}","{'mae': 0.04159378260374069, 'rmse': 0.056518539786338806}"
val,"{'mae': 0.8157356381416321, 'rmse': 0.8158649802207947}","{'mae': 0.042349301278591156, 'rmse': 0.05705830454826355}"
train,"{'mae': 0.8166818022727966, 'rmse': 0.8168189525604248}","{'mae': 0.041456934064626694, 'rmse': 0.05637754127383232}"
val,"{'mae': 0.8171197772026062, 'rmse': 0.8172443509101868}","{'mae': 0.0418829508125782, 'rmse': 0.05677056685090065}"
train,"{'mae': 0.8174401521682739, 'rmse': 0.8175761103630066}","{'mae': 0.04144198074936867, 'rmse': 0.05635663866996765}"
val,"{'mae': 0.811528742313385, 'rmse': 0.8116474747657776}","{'mae': 0.04182235896587372, 'rmse': 0.056677598506212234}"
train,"{'mae': 0.817996084690094, 'rmse': 0.8181281089782715}","{'mae': 0.041565366089344025, 'rmse': 0.05649087578058243}"
val,"{'mae': 0.8163189888000488, 'rmse': 0.8164408802986145}","{'mae': 0.04178721830248833, 'rmse': 0.056710656732320786}"
train,"{'mae': 0.8170254230499268, 'rmse': 0.8171581029891968}","{'mae': 0.04148826748132706, 'rmse': 0.056417036801576614}"
val,"{'mae': 0.8175781965255737, 'rmse': 0.8177140355110168}","{'mae': 0.0418090857565403, 'rmse': 0.05689997225999832}"
train,"{'mae': 0.8175522089004517, 'rmse': 0.8176860809326172}","{'mae': 0.04151831194758415, 'rmse': 0.05645638331770897}"
val,"{'mae': 0.8146730065345764, 'rmse': 0.8148126602172852}","{'mae': 0.04216766729950905, 'rmse': 0.05711718648672104}"
train,"{'mae': 0.8183253407478333, 'rmse': 0.818456768989563}","{'mae': 0.041450388729572296, 'rmse': 0.05636788532137871}"
val,"{'mae': 0.817114531993866, 'rmse': 0.817245602607727}","{'mae': 0.04161730781197548, 'rmse': 0.056710727512836456}"
train,"{'mae': 0.8178408145904541, 'rmse': 0.8179715275764465}","{'mae': 0.04160873219370842, 'rmse': 0.05653858184814453}"
val,"{'mae': 0.8175023794174194, 'rmse': 0.8176294565200806}","{'mae': 0.04163014143705368, 'rmse': 0.05669819563627243}"
train,"{'mae': 0.8201203346252441, 'rmse': 0.8202555775642395}","{'mae': 0.04136572405695915, 'rmse': 0.056305546313524246}"
val,"{'mae': 0.8226273655891418, 'rmse': 0.8227633833885193}","{'mae': 0.041315868496894836, 'rmse': 0.05628622695803642}"
train,"{'mae': 0.8197253346443176, 'rmse': 0.8198567628860474}","{'mae': 0.041491758078336716, 'rmse': 0.056403350085020065}"
val,"{'mae': 0.818199634552002, 'rmse': 0.8183324337005615}","{'mae': 0.041394609957933426, 'rmse': 0.05638892948627472}"
train,"{'mae': 0.8200252056121826, 'rmse': 0.820152759552002}","{'mae': 0.04129696637392044, 'rmse': 0.0562119334936142}"
val,"{'mae': 0.8227460980415344, 'rmse': 0.8228635191917419}","{'mae': 0.04187813773751259, 'rmse': 0.05689799785614014}"
train,"{'mae': 0.8210715651512146, 'rmse': 0.8212019205093384}","{'mae': 0.04139024764299393, 'rmse': 0.05630328506231308}"
val,"{'mae': 0.8221455216407776, 'rmse': 0.8222743272781372}","{'mae': 0.04133231192827225, 'rmse': 0.05624138563871384}"
train,"{'mae': 0.8204755783081055, 'rmse': 0.8206057548522949}","{'mae': 0.04141649231314659, 'rmse': 0.056319594383239746}"
val,"{'mae': 0.8170439600944519, 'rmse': 0.8171631693840027}","{'mae': 0.04147973656654358, 'rmse': 0.05649685487151146}"
train,"{'mae': 0.8205375671386719, 'rmse': 0.8206690549850464}","{'mae': 0.04140375182032585, 'rmse': 0.05631226673722267}"
val,"{'mae': 0.8196487426757812, 'rmse': 0.819776177406311}","{'mae': 0.04178332909941673, 'rmse': 0.05671278387308121}"
train,"{'mae': 0.8189708590507507, 'rmse': 0.8190999031066895}","{'mae': 0.041436485946178436, 'rmse': 0.056338947266340256}"
val,"{'mae': 0.8206055164337158, 'rmse': 0.8207242488861084}","{'mae': 0.04147284850478172, 'rmse': 0.05642358586192131}"
train,"{'mae': 0.8193256258964539, 'rmse': 0.8194544315338135}","{'mae': 0.0415114127099514, 'rmse': 0.056436121463775635}"
val,"{'mae': 0.8167448043823242, 'rmse': 0.8168600797653198}","{'mae': 0.041426800191402435, 'rmse': 0.05637001246213913}"
train,"{'mae': 0.8203434348106384, 'rmse': 0.8204684853553772}","{'mae': 0.0413825660943985, 'rmse': 0.056290823966264725}"
val,"{'mae': 0.8207226991653442, 'rmse': 0.8208538889884949}","{'mae': 0.04133499413728714, 'rmse': 0.056258004158735275}"
train,"{'mae': 0.821336030960083, 'rmse': 0.8214623332023621}","{'mae': 0.041464321315288544, 'rmse': 0.056365109980106354}"
val,"{'mae': 0.8212952017784119, 'rmse': 0.8214256763458252}","{'mae': 0.04141126573085785, 'rmse': 0.05635799840092659}"
train,"{'mae': 0.8210221529006958, 'rmse': 0.8211464881896973}","{'mae': 0.04138370603322983, 'rmse': 0.05628417804837227}"
val,"{'mae': 0.8171124458312988, 'rmse': 0.8172348141670227}","{'mae': 0.0417521633207798, 'rmse': 0.05661552771925926}"
train,"{'mae': 0.8210905194282532, 'rmse': 0.8212221264839172}","{'mae': 0.041600652039051056, 'rmse': 0.056523725390434265}"
val,"{'mae': 0.8216766715049744, 'rmse': 0.8217893242835999}","{'mae': 0.04105334356427193, 'rmse': 0.05612694472074509}"
train,"{'mae': 0.8217699527740479, 'rmse': 0.8218991756439209}","{'mae': 0.04125143215060234, 'rmse': 0.05617021769285202}"
val,"{'mae': 0.8209938406944275, 'rmse': 0.8210974931716919}","{'mae': 0.04158396273851395, 'rmse': 0.05650912970304489}"
train,"{'mae': 0.822147786617279, 'rmse': 0.8222739696502686}","{'mae': 0.04121511057019234, 'rmse': 0.056132130324840546}"
val,"{'mae': 0.8217431902885437, 'rmse': 0.821861743927002}","{'mae': 0.04181436076760292, 'rmse': 0.05672590807080269}"
train,"{'mae': 0.8237214684486389, 'rmse': 0.8238467574119568}","{'mae': 0.04113516956567764, 'rmse': 0.05604555830359459}"
val,"{'mae': 0.8232904672622681, 'rmse': 0.8234085440635681}","{'mae': 0.04127644747495651, 'rmse': 0.05620861425995827}"
train,"{'mae': 0.82411789894104, 'rmse': 0.8242416977882385}","{'mae': 0.041365426033735275, 'rmse': 0.05626668781042099}"
val,"{'mae': 0.8237981796264648, 'rmse': 0.823926568031311}","{'mae': 0.04206140711903572, 'rmse': 0.05683877691626549}"
train,"{'mae': 0.8231409788131714, 'rmse': 0.8232651352882385}","{'mae': 0.041254181414842606, 'rmse': 0.056156013160943985}"
val,"{'mae': 0.8243335485458374, 'rmse': 0.8244462609291077}","{'mae': 0.0415150448679924, 'rmse': 0.05664357915520668}"
train,"{'mae': 0.8234850168228149, 'rmse': 0.8236103653907776}","{'mae': 0.041302405297756195, 'rmse': 0.05621277540922165}"
val,"{'mae': 0.8190516233444214, 'rmse': 0.8191789984703064}","{'mae': 0.041220229119062424, 'rmse': 0.056196779012680054}"
train,"{'mae': 0.8249032497406006, 'rmse': 0.8250297904014587}","{'mae': 0.041182760149240494, 'rmse': 0.05606924742460251}"
val,"{'mae': 0.824186384677887, 'rmse': 0.8242886662483215}","{'mae': 0.042214736342430115, 'rmse': 0.05718221142888069}"
train,"{'mae': 0.8247748613357544, 'rmse': 0.824906587600708}","{'mae': 0.04139016196131706, 'rmse': 0.056272953748703}"
val,"{'mae': 0.8264091610908508, 'rmse': 0.8265327215194702}","{'mae': 0.041626252233982086, 'rmse': 0.05657806992530823}"
train,"{'mae': 0.8253015279769897, 'rmse': 0.8254303336143494}","{'mae': 0.041379716247320175, 'rmse': 0.05628944933414459}"
val,"{'mae': 0.8192961812019348, 'rmse': 0.8194155097007751}","{'mae': 0.04132992774248123, 'rmse': 0.056247107684612274}"
train,"{'mae': 0.8253169059753418, 'rmse': 0.8254420757293701}","{'mae': 0.04122954607009888, 'rmse': 0.05611192435026169}"
val,"{'mae': 0.8200868964195251, 'rmse': 0.820212721824646}","{'mae': 0.041336189955472946, 'rmse': 0.056321971118450165}"
train,"{'mae': 0.825763463973999, 'rmse': 0.8258885741233826}","{'mae': 0.04120136424899101, 'rmse': 0.05609266087412834}"
val,"{'mae': 0.8309499025344849, 'rmse': 0.8310567736625671}","{'mae': 0.041104454547166824, 'rmse': 0.056064195930957794}"
train,"{'mae': 0.825343132019043, 'rmse': 0.8254688382148743}","{'mae': 0.04120058938860893, 'rmse': 0.05609169974923134}"
val,"{'mae': 0.82469642162323, 'rmse': 0.8248178362846375}","{'mae': 0.04142588749527931, 'rmse': 0.05629632622003555}"
train,"{'mae': 0.8249993324279785, 'rmse': 0.825120210647583}","{'mae': 0.041166625916957855, 'rmse': 0.05606091022491455}"
val,"{'mae': 0.8229992389678955, 'rmse': 0.8231207132339478}","{'mae': 0.04147003963589668, 'rmse': 0.05644683912396431}"
train,"{'mae': 0.8255569934844971, 'rmse': 0.8256784081459045}","{'mae': 0.04116298630833626, 'rmse': 0.05606325715780258}"
val,"{'mae': 0.8269702792167664, 'rmse': 0.8270859718322754}","{'mae': 0.04133903980255127, 'rmse': 0.05626760050654411}"
train,"{'mae': 0.8261746168136597, 'rmse': 0.8262913823127747}","{'mae': 0.041175782680511475, 'rmse': 0.05606682971119881}"
val,"{'mae': 0.8243097066879272, 'rmse': 0.824430525302887}","{'mae': 0.04124092310667038, 'rmse': 0.056212808936834335}"
train,"{'mae': 0.8258808255195618, 'rmse': 0.8260026574134827}","{'mae': 0.041246265172958374, 'rmse': 0.05613211914896965}"
val,"{'mae': 0.8209177851676941, 'rmse': 0.8210387825965881}","{'mae': 0.04143276438117027, 'rmse': 0.05634003505110741}"
train,"{'mae': 0.8257068991661072, 'rmse': 0.8258289694786072}","{'mae': 0.04110005125403404, 'rmse': 0.055999722331762314}"
val,"{'mae': 0.8252705335617065, 'rmse': 0.8253809213638306}","{'mae': 0.041156116873025894, 'rmse': 0.05610451474785805}"
train,"{'mae': 0.8269386887550354, 'rmse': 0.8270577192306519}","{'mae': 0.04108776897192001, 'rmse': 0.055980484932661057}"
val,"{'mae': 0.8252950310707092, 'rmse': 0.825398325920105}","{'mae': 0.0413222499191761, 'rmse': 0.05623557046055794}"
train,"{'mae': 0.8266376256942749, 'rmse': 0.8267593383789062}","{'mae': 0.041265182197093964, 'rmse': 0.05613426864147186}"
val,"{'mae': 0.8214638829231262, 'rmse': 0.8215813636779785}","{'mae': 0.04149259254336357, 'rmse': 0.05637535825371742}"
train,"{'mae': 0.8275341391563416, 'rmse': 0.8276544809341431}","{'mae': 0.04107161611318588, 'rmse': 0.05596379563212395}"
val,"{'mae': 0.8250682353973389, 'rmse': 0.8251928091049194}","{'mae': 0.04118522256612778, 'rmse': 0.0562007762491703}"
train,"{'mae': 0.8281150460243225, 'rmse': 0.8282362222671509}","{'mae': 0.04138536378741264, 'rmse': 0.05628373846411705}"
val,"{'mae': 0.8261151313781738, 'rmse': 0.8262212872505188}","{'mae': 0.04168442264199257, 'rmse': 0.05666279047727585}"
train,"{'mae': 0.8290838003158569, 'rmse': 0.8292057514190674}","{'mae': 0.041068241000175476, 'rmse': 0.055945586413145065}"
val,"{'mae': 0.8319050073623657, 'rmse': 0.8320188522338867}","{'mae': 0.041519831866025925, 'rmse': 0.056405242532491684}"
train,"{'mae': 0.8304609656333923, 'rmse': 0.8305841684341431}","{'mae': 0.04091440513730049, 'rmse': 0.05580516904592514}"
val,"{'mae': 0.8300829529762268, 'rmse': 0.8302049040794373}","{'mae': 0.040978360921144485, 'rmse': 0.05591996759176254}"
train,"{'mae': 0.8308451175689697, 'rmse': 0.8309648633003235}","{'mae': 0.04099639505147934, 'rmse': 0.0558851957321167}"
val,"{'mae': 0.8266246914863586, 'rmse': 0.826740562915802}","{'mae': 0.04069929197430611, 'rmse': 0.055750321596860886}"
train,"{'mae': 0.8307194113731384, 'rmse': 0.8308413028717041}","{'mae': 0.04110262170433998, 'rmse': 0.05598941445350647}"
val,"{'mae': 0.8279341459274292, 'rmse': 0.8280411958694458}","{'mae': 0.041523225605487823, 'rmse': 0.056549765169620514}"
train,"{'mae': 0.8300985097885132, 'rmse': 0.8302165865898132}","{'mae': 0.04100204259157181, 'rmse': 0.055887967348098755}"
val,"{'mae': 0.8282999396324158, 'rmse': 0.8284121751785278}","{'mae': 0.041227176785469055, 'rmse': 0.056170638650655746}"
train,"{'mae': 0.8295861482620239, 'rmse': 0.8297068476676941}","{'mae': 0.04112297296524048, 'rmse': 0.05599053204059601}"
val,"{'mae': 0.8234614729881287, 'rmse': 0.8235759139060974}","{'mae': 0.04152636229991913, 'rmse': 0.056478820741176605}"
train,"{'mae': 0.8301791548728943, 'rmse': 0.8302965760231018}","{'mae': 0.04092149809002876, 'rmse': 0.05580184608697891}"
val,"{'mae': 0.829582154750824, 'rmse': 0.8297025561332703}","{'mae': 0.04126070439815521, 'rmse': 0.056311383843421936}"
train,"{'mae': 0.8305830359458923, 'rmse': 0.8307029604911804}","{'mae': 0.0411125123500824, 'rmse': 0.05598336458206177}"
val,"{'mae': 0.8273022770881653, 'rmse': 0.8274099826812744}","{'mae': 0.041832346469163895, 'rmse': 0.05688796564936638}"
train,"{'mae': 0.830534815788269, 'rmse': 0.8306548595428467}","{'mae': 0.04112144559621811, 'rmse': 0.05599958822131157}"
val,"{'mae': 0.8280746340751648, 'rmse': 0.8281862139701843}","{'mae': 0.04108746349811554, 'rmse': 0.05601495876908302}"
train,"{'mae': 0.8309835195541382, 'rmse': 0.8311026692390442}","{'mae': 0.040930017828941345, 'rmse': 0.05580892786383629}"
val,"{'mae': 0.8294125199317932, 'rmse': 0.8295327425003052}","{'mae': 0.041344091296195984, 'rmse': 0.05618971213698387}"
train,"{'mae': 0.831251323223114, 'rmse': 0.8313680291175842}","{'mae': 0.04090536758303642, 'rmse': 0.05578437075018883}"
val,"{'mae': 0.8328672051429749, 'rmse': 0.8329763412475586}","{'mae': 0.04089464992284775, 'rmse': 0.05582023039460182}"
train,"{'mae': 0.8320519924163818, 'rmse': 0.8321712613105774}","{'mae': 0.041093334555625916, 'rmse': 0.055974964052438736}"
val,"{'mae': 0.8298487067222595, 'rmse': 0.8299747705459595}","{'mae': 0.041551630944013596, 'rmse': 0.05648938938975334}"
train,"{'mae': 0.8318221569061279, 'rmse': 0.8319389820098877}","{'mae': 0.0409526526927948, 'rmse': 0.05582130700349808}"
val,"{'mae': 0.8346893787384033, 'rmse': 0.8348078727722168}","{'mae': 0.04255017265677452, 'rmse': 0.05756371095776558}"
train,"{'mae': 0.8320460319519043, 'rmse': 0.8321593999862671}","{'mae': 0.04116977006196976, 'rmse': 0.05605477839708328}"
val,"{'mae': 0.8332732319831848, 'rmse': 0.8333792686462402}","{'mae': 0.041341617703437805, 'rmse': 0.056268204003572464}"
train,"{'mae': 0.8306699395179749, 'rmse': 0.8307856321334839}","{'mae': 0.04097157344222069, 'rmse': 0.055850133299827576}"
val,"{'mae': 0.8309187293052673, 'rmse': 0.8310292363166809}","{'mae': 0.04169527068734169, 'rmse': 0.05653928220272064}"
train,"{'mae': 0.83198082447052, 'rmse': 0.832094669342041}","{'mae': 0.04079379886388779, 'rmse': 0.055659931153059006}"
val,"{'mae': 0.8320364356040955, 'rmse': 0.8321612477302551}","{'mae': 0.04131724312901497, 'rmse': 0.056212976574897766}"
train,"{'mae': 0.8318542838096619, 'rmse': 0.8319728374481201}","{'mae': 0.04107915982604027, 'rmse': 0.05594702064990997}"
val,"{'mae': 0.8333668112754822, 'rmse': 0.8334901332855225}","{'mae': 0.04126792401075363, 'rmse': 0.05635661259293556}"
train,"{'mae': 0.8309380412101746, 'rmse': 0.8310517072677612}","{'mae': 0.04115491360425949, 'rmse': 0.05602145567536354}"
val,"{'mae': 0.8328728675842285, 'rmse': 0.832983672618866}","{'mae': 0.04086833819746971, 'rmse': 0.05584591627120972}"
train,"{'mae': 0.8322153091430664, 'rmse': 0.8323273658752441}","{'mae': 0.0409107469022274, 'rmse': 0.0557909719645977}"
val,"{'mae': 0.8290103673934937, 'rmse': 0.8291259407997131}","{'mae': 0.04082222282886505, 'rmse': 0.05576064810156822}"
train,"{'mae': 0.8349697589874268, 'rmse': 0.835083544254303}","{'mae': 0.04084823280572891, 'rmse': 0.05572178587317467}"
val,"{'mae': 0.8325353264808655, 'rmse': 0.8326550722122192}","{'mae': 0.040824517607688904, 'rmse': 0.055809829384088516}"
train,"{'mae': 0.8349249362945557, 'rmse': 0.8350397944450378}","{'mae': 0.040885329246520996, 'rmse': 0.055747244507074356}"
val,"{'mae': 0.8328533172607422, 'rmse': 0.8329576849937439}","{'mae': 0.04106047749519348, 'rmse': 0.055821556597948074}"
train,"{'mae': 0.8352106213569641, 'rmse': 0.8353263139724731}","{'mae': 0.04081212356686592, 'rmse': 0.055678706616163254}"
val,"{'mae': 0.8310674428939819, 'rmse': 0.8311739563941956}","{'mae': 0.040915947407484055, 'rmse': 0.05582635477185249}"
train,"{'mae': 0.8364315032958984, 'rmse': 0.8365417718887329}","{'mae': 0.04080042988061905, 'rmse': 0.05566602572798729}"
val,"{'mae': 0.8305553197860718, 'rmse': 0.8306646347045898}","{'mae': 0.04135369881987572, 'rmse': 0.05639216676354408}"
train,"{'mae': 0.8359239101409912, 'rmse': 0.8360373973846436}","{'mae': 0.04087008908390999, 'rmse': 0.055737730115652084}"
val,"{'mae': 0.8321792483329773, 'rmse': 0.8322869539260864}","{'mae': 0.041188277304172516, 'rmse': 0.05605049431324005}"
train,"{'mae': 0.8345410227775574, 'rmse': 0.8346534371376038}","{'mae': 0.04094354063272476, 'rmse': 0.05580134317278862}"
val,"{'mae': 0.832385778427124, 'rmse': 0.8325019478797913}","{'mae': 0.041738562285900116, 'rmse': 0.056722331792116165}"
train,"{'mae': 0.8357598781585693, 'rmse': 0.8358714580535889}","{'mae': 0.040884990245103836, 'rmse': 0.05575879290699959}"
val,"{'mae': 0.8315399885177612, 'rmse': 0.8316540718078613}","{'mae': 0.041139405220746994, 'rmse': 0.05597904324531555}"
train,"{'mae': 0.8358856439590454, 'rmse': 0.8360000848770142}","{'mae': 0.04079918563365936, 'rmse': 0.055682823061943054}"
val,"{'mae': 0.83473801612854, 'rmse': 0.8348485231399536}","{'mae': 0.041257593780756, 'rmse': 0.05622752010822296}"
train,"{'mae': 0.8376739025115967, 'rmse': 0.8377878069877625}","{'mae': 0.040831729769706726, 'rmse': 0.05570804327726364}"
val,"{'mae': 0.8340261578559875, 'rmse': 0.8341334462165833}","{'mae': 0.040953170508146286, 'rmse': 0.055852290242910385}"
train,"{'mae': 0.8378209471702576, 'rmse': 0.837935745716095}","{'mae': 0.04101979359984398, 'rmse': 0.05589183047413826}"
val,"{'mae': 0.8381075859069824, 'rmse': 0.838217556476593}","{'mae': 0.04075632616877556, 'rmse': 0.05571683868765831}"
train,"{'mae': 0.8385230898857117, 'rmse': 0.8386379480361938}","{'mae': 0.040786176919937134, 'rmse': 0.055640075355768204}"
val,"{'mae': 0.8348341584205627, 'rmse': 0.8349382877349854}","{'mae': 0.041366033256053925, 'rmse': 0.05622715875506401}"
train,"{'mae': 0.8370972275733948, 'rmse': 0.837207555770874}","{'mae': 0.04094299301505089, 'rmse': 0.05581676587462425}"
val,"{'mae': 0.836861252784729, 'rmse': 0.8369688391685486}","{'mae': 0.04089361056685448, 'rmse': 0.05588831752538681}"
train,"{'mae': 0.8377193212509155, 'rmse': 0.8378323316574097}","{'mae': 0.04094580560922623, 'rmse': 0.055806759744882584}"
val,"{'mae': 0.8350889086723328, 'rmse': 0.8351956009864807}","{'mae': 0.041095223277807236, 'rmse': 0.05606488138437271}"
train,"{'mae': 0.8385964035987854, 'rmse': 0.8387075066566467}","{'mae': 0.04075343906879425, 'rmse': 0.055613406002521515}"
val,"{'mae': 0.8347221612930298, 'rmse': 0.8348362445831299}","{'mae': 0.04064876213669777, 'rmse': 0.05563574284315109}"
train,"{'mae': 0.8384926915168762, 'rmse': 0.8386051654815674}","{'mae': 0.0408085398375988, 'rmse': 0.05565505474805832}"
val,"{'mae': 0.8358904123306274, 'rmse': 0.8360024094581604}","{'mae': 0.040836989879608154, 'rmse': 0.05572699382901192}"
train,"{'mae': 0.8376927971839905, 'rmse': 0.8378044962882996}","{'mae': 0.040714070200920105, 'rmse': 0.05558047071099281}"
val,"{'mae': 0.8364984393119812, 'rmse': 0.8366104960441589}","{'mae': 0.04065270721912384, 'rmse': 0.055550552904605865}"
train,"{'mae': 0.8403735160827637, 'rmse': 0.8404849767684937}","{'mae': 0.04082982987165451, 'rmse': 0.05568626895546913}"
val,"{'mae': 0.8336721658706665, 'rmse': 0.8337826728820801}","{'mae': 0.040714021772146225, 'rmse': 0.05577520281076431}"
train,"{'mae': 0.839107871055603, 'rmse': 0.83921879529953}","{'mae': 0.0408174991607666, 'rmse': 0.05567850545048714}"
val,"{'mae': 0.8374815583229065, 'rmse': 0.8375933766365051}","{'mae': 0.04077045992016792, 'rmse': 0.05568616837263107}"
train,"{'mae': 0.8397517204284668, 'rmse': 0.8398624062538147}","{'mae': 0.040802061557769775, 'rmse': 0.05564992502331734}"
val,"{'mae': 0.8393619656562805, 'rmse': 0.8394742012023926}","{'mae': 0.04076232388615608, 'rmse': 0.055787283927202225}"
train,"{'mae': 0.8417386412620544, 'rmse': 0.8418503403663635}","{'mae': 0.040676187723875046, 'rmse': 0.05553446710109711}"
val,"{'mae': 0.8379865884780884, 'rmse': 0.8380895256996155}","{'mae': 0.040869589895009995, 'rmse': 0.0557812824845314}"
train,"{'mae': 0.8414823412895203, 'rmse': 0.841593861579895}","{'mae': 0.040747687220573425, 'rmse': 0.055591072887182236}"
val,"{'mae': 0.8445779085159302, 'rmse': 0.844692051410675}","{'mae': 0.04143404960632324, 'rmse': 0.056313011795282364}"
train,"{'mae': 0.8423979878425598, 'rmse': 0.8425101637840271}","{'mae': 0.04065335914492607, 'rmse': 0.05551557242870331}"
val,"{'mae': 0.8409491181373596, 'rmse': 0.8410547971725464}","{'mae': 0.04080412909388542, 'rmse': 0.055776700377464294}"
train,"{'mae': 0.8419163227081299, 'rmse': 0.8420249819755554}","{'mae': 0.04070881009101868, 'rmse': 0.05556214973330498}"
val,"{'mae': 0.8369449973106384, 'rmse': 0.8370457887649536}","{'mae': 0.04093892499804497, 'rmse': 0.055888112634420395}"
train,"{'mae': 0.842232882976532, 'rmse': 0.842341959476471}","{'mae': 0.04063475504517555, 'rmse': 0.05549074336886406}"
val,"{'mae': 0.8389672636985779, 'rmse': 0.8390723466873169}","{'mae': 0.040834445506334305, 'rmse': 0.05573403090238571}"
train,"{'mae': 0.842688262462616, 'rmse': 0.8427971601486206}","{'mae': 0.04068112000823021, 'rmse': 0.055519554764032364}"
val,"{'mae': 0.8455264568328857, 'rmse': 0.8456326723098755}","{'mae': 0.0408640131354332, 'rmse': 0.05582042783498764}"
train,"{'mae': 0.8438695669174194, 'rmse': 0.8439808487892151}","{'mae': 0.04066599905490875, 'rmse': 0.055522169917821884}"
val,"{'mae': 0.8421235680580139, 'rmse': 0.8422253131866455}","{'mae': 0.041086114943027496, 'rmse': 0.05596308782696724}"
train,"{'mae': 0.8436869382858276, 'rmse': 0.843795120716095}","{'mae': 0.040573813021183014, 'rmse': 0.05542021989822388}"
val,"{'mae': 0.8457644581794739, 'rmse': 0.8458678722381592}","{'mae': 0.040742792189121246, 'rmse': 0.055598266422748566}"
train,"{'mae': 0.8443785905838013, 'rmse': 0.8444886207580566}","{'mae': 0.040600914508104324, 'rmse': 0.05547254905104637}"
val,"{'mae': 0.8436692357063293, 'rmse': 0.8437630534172058}","{'mae': 0.041311800479888916, 'rmse': 0.056226808577775955}"
train,"{'mae': 0.8457303047180176, 'rmse': 0.845836341381073}","{'mae': 0.04062575101852417, 'rmse': 0.05547238513827324}"
val,"{'mae': 0.8419052958488464, 'rmse': 0.841996967792511}","{'mae': 0.040872972458601, 'rmse': 0.055909164249897}"
train,"{'mae': 0.8447483777999878, 'rmse': 0.8448572158813477}","{'mae': 0.04070105403661728, 'rmse': 0.05555887147784233}"
val,"{'mae': 0.844656229019165, 'rmse': 0.8447487354278564}","{'mae': 0.04108508303761482, 'rmse': 0.056054383516311646}"
train,"{'mae': 0.8459676504135132, 'rmse': 0.8460736274719238}","{'mae': 0.04059480130672455, 'rmse': 0.05545222386717796}"
val,"{'mae': 0.8456633687019348, 'rmse': 0.8457605838775635}","{'mae': 0.04085361585021019, 'rmse': 0.05569278076291084}"
train,"{'mae': 0.8454005122184753, 'rmse': 0.845504879951477}","{'mae': 0.040551505982875824, 'rmse': 0.05540063977241516}"
val,"{'mae': 0.8430465459823608, 'rmse': 0.843151330947876}","{'mae': 0.0408213846385479, 'rmse': 0.05569647625088692}"
train,"{'mae': 0.8452206254005432, 'rmse': 0.8453272581100464}","{'mae': 0.04064531624317169, 'rmse': 0.05550878867506981}"
val,"{'mae': 0.8443098664283752, 'rmse': 0.8444258570671082}","{'mae': 0.041132956743240356, 'rmse': 0.055895768105983734}"
train,"{'mae': 0.8459072113037109, 'rmse': 0.8460148572921753}","{'mae': 0.04072379693388939, 'rmse': 0.0555734783411026}"
val,"{'mae': 0.8480198979377747, 'rmse': 0.8481298685073853}","{'mae': 0.04080037772655487, 'rmse': 0.05582975968718529}"
train,"{'mae': 0.8462961316108704, 'rmse': 0.8463995456695557}","{'mae': 0.040661826729774475, 'rmse': 0.05552547797560692}"
val,"{'mae': 0.847747802734375, 'rmse': 0.847834587097168}","{'mae': 0.04092065617442131, 'rmse': 0.055790022015571594}"
train,"{'mae': 0.846430242061615, 'rmse': 0.8465338945388794}","{'mae': 0.04056717827916145, 'rmse': 0.055397890508174896}"
val,"{'mae': 0.8487948179244995, 'rmse': 0.8488974571228027}","{'mae': 0.04094186797738075, 'rmse': 0.05572539195418358}"
train,"{'mae': 0.8467448949813843, 'rmse': 0.8468494415283203}","{'mae': 0.04060641676187515, 'rmse': 0.05542732775211334}"
val,"{'mae': 0.8473179340362549, 'rmse': 0.8474131226539612}","{'mae': 0.04115285351872444, 'rmse': 0.05602392926812172}"
train,"{'mae': 0.846760094165802, 'rmse': 0.8468628525733948}","{'mae': 0.04056847095489502, 'rmse': 0.05540929362177849}"
val,"{'mae': 0.8442268967628479, 'rmse': 0.8443281650543213}","{'mae': 0.04056429862976074, 'rmse': 0.05547458678483963}"
train,"{'mae': 0.8479994535446167, 'rmse': 0.8481009006500244}","{'mae': 0.04051698371767998, 'rmse': 0.05536632239818573}"
val,"{'mae': 0.8441534638404846, 'rmse': 0.8442545533180237}","{'mae': 0.040903400629758835, 'rmse': 0.05590882897377014}"
train,"{'mae': 0.8490297198295593, 'rmse': 0.8491306304931641}","{'mae': 0.04067480191588402, 'rmse': 0.05551519989967346}"
val,"{'mae': 0.8471269607543945, 'rmse': 0.8472285270690918}","{'mae': 0.04093039035797119, 'rmse': 0.05581570416688919}"
train,"{'mae': 0.8484712839126587, 'rmse': 0.8485749959945679}","{'mae': 0.04059794917702675, 'rmse': 0.055433645844459534}"
val,"{'mae': 0.8474419713020325, 'rmse': 0.8475387096405029}","{'mae': 0.040628910064697266, 'rmse': 0.05547385662794113}"
train,"{'mae': 0.8491615056991577, 'rmse': 0.8492620587348938}","{'mae': 0.040523480623960495, 'rmse': 0.05538294464349747}"
val,"{'mae': 0.8445183634757996, 'rmse': 0.8446193933486938}","{'mae': 0.04047630354762077, 'rmse': 0.05538957938551903}"
train,"{'mae': 0.8491033911705017, 'rmse': 0.8492059111595154}","{'mae': 0.040425099432468414, 'rmse': 0.05526835843920708}"
val,"{'mae': 0.8499192595481873, 'rmse': 0.850014865398407}","{'mae': 0.040571462363004684, 'rmse': 0.055446214973926544}"
train,"{'mae': 0.8508762121200562, 'rmse': 0.850976288318634}","{'mae': 0.04046104475855827, 'rmse': 0.055309876799583435}"
val,"{'mae': 0.8488978743553162, 'rmse': 0.8489983677864075}","{'mae': 0.040698256343603134, 'rmse': 0.055593159049749374}"
train,"{'mae': 0.8504265546798706, 'rmse': 0.8505277037620544}","{'mae': 0.040486086159944534, 'rmse': 0.05531976744532585}"
val,"{'mae': 0.8481495976448059, 'rmse': 0.848236083984375}","{'mae': 0.040410369634628296, 'rmse': 0.0553835853934288}"
train,"{'mae': 0.851382851600647, 'rmse': 0.851482093334198}","{'mae': 0.04046749696135521, 'rmse': 0.055300768464803696}"
val,"{'mae': 0.8475145697593689, 'rmse': 0.8476225733757019}","{'mae': 0.040557872503995895, 'rmse': 0.05553668364882469}"
train,"{'mae': 0.851439356803894, 'rmse': 0.851542592048645}","{'mae': 0.04049139469861984, 'rmse': 0.05532526969909668}"
val,"{'mae': 0.8511571884155273, 'rmse': 0.8512508869171143}","{'mae': 0.04030311852693558, 'rmse': 0.055260978639125824}"
train,"{'mae': 0.8532871007919312, 'rmse': 0.8533874750137329}","{'mae': 0.040425315499305725, 'rmse': 0.05525055155158043}"
val,"{'mae': 0.8498292565345764, 'rmse': 0.8499282002449036}","{'mae': 0.04094809666275978, 'rmse': 0.05579094588756561}"
train,"{'mae': 0.8526244759559631, 'rmse': 0.852724015712738}","{'mae': 0.04058360680937767, 'rmse': 0.05542553961277008}"
val,"{'mae': 0.8516062498092651, 'rmse': 0.8516973853111267}","{'mae': 0.041150402277708054, 'rmse': 0.056104257702827454}"
train,"{'mae': 0.8527917861938477, 'rmse': 0.8528910875320435}","{'mae': 0.04056992754340172, 'rmse': 0.05540015920996666}"
val,"{'mae': 0.8529496192932129, 'rmse': 0.8530500531196594}","{'mae': 0.0405266210436821, 'rmse': 0.0554954931139946}"
train,"{'mae': 0.852803111076355, 'rmse': 0.8529040217399597}","{'mae': 0.040424708276987076, 'rmse': 0.055251263082027435}"
val,"{'mae': 0.8511566519737244, 'rmse': 0.8512590527534485}","{'mae': 0.04061843454837799, 'rmse': 0.05557935684919357}"
train,"{'mae': 0.8534149527549744, 'rmse': 0.8535134196281433}","{'mae': 0.04059277102351189, 'rmse': 0.05541716516017914}"
val,"{'mae': 0.851909339427948, 'rmse': 0.8519985675811768}","{'mae': 0.04096212238073349, 'rmse': 0.05587552860379219}"
train,"{'mae': 0.8520569801330566, 'rmse': 0.8521580696105957}","{'mae': 0.04043900966644287, 'rmse': 0.055286895483732224}"
val,"{'mae': 0.8541679382324219, 'rmse': 0.854257345199585}","{'mae': 0.04092494025826454, 'rmse': 0.055862363427877426}"
train,"{'mae': 0.8540767431259155, 'rmse': 0.8541774153709412}","{'mae': 0.04043743014335632, 'rmse': 0.05526508763432503}"
val,"{'mae': 0.8521072268486023, 'rmse': 0.8522047996520996}","{'mae': 0.04051505774259567, 'rmse': 0.05545981973409653}"
train,"{'mae': 0.8536584377288818, 'rmse': 0.853757917881012}","{'mae': 0.04045746847987175, 'rmse': 0.05529303103685379}"
val,"{'mae': 0.8534812927246094, 'rmse': 0.8535819053649902}","{'mae': 0.04119723662734032, 'rmse': 0.05619577318429947}"
train,"{'mae': 0.8550060987472534, 'rmse': 0.8551047444343567}","{'mae': 0.04050307348370552, 'rmse': 0.05533416196703911}"
val,"{'mae': 0.8510811924934387, 'rmse': 0.8511773347854614}","{'mae': 0.04062064364552498, 'rmse': 0.05552693083882332}"
train,"{'mae': 0.8542917966842651, 'rmse': 0.8543892502784729}","{'mae': 0.04049376770853996, 'rmse': 0.05530900880694389}"
val,"{'mae': 0.8535448312759399, 'rmse': 0.8536409735679626}","{'mae': 0.04039301723241806, 'rmse': 0.05528266727924347}"
train,"{'mae': 0.8553894758224487, 'rmse': 0.8554847836494446}","{'mae': 0.0404626801609993, 'rmse': 0.05529007688164711}"
val,"{'mae': 0.8526551127433777, 'rmse': 0.8527477383613586}","{'mae': 0.040401641279459, 'rmse': 0.05527953431010246}"
train,"{'mae': 0.8557370901107788, 'rmse': 0.8558326959609985}","{'mae': 0.040516167879104614, 'rmse': 0.055349141359329224}"
val,"{'mae': 0.8536878824234009, 'rmse': 0.8537840843200684}","{'mae': 0.0409124493598938, 'rmse': 0.05593149736523628}"
train,"{'mae': 0.855426549911499, 'rmse': 0.8555221557617188}","{'mae': 0.040477197617292404, 'rmse': 0.055304188281297684}"
val,"{'mae': 0.8553930521011353, 'rmse': 0.8554850816726685}","{'mae': 0.040660642087459564, 'rmse': 0.055617064237594604}"
train,"{'mae': 0.8562669157981873, 'rmse': 0.8563665747642517}","{'mae': 0.04034287482500076, 'rmse': 0.05517185479402542}"
val,"{'mae': 0.8552851676940918, 'rmse': 0.8553894758224487}","{'mae': 0.040598250925540924, 'rmse': 0.05560119077563286}"
train,"{'mae': 0.8574888110160828, 'rmse': 0.8575865626335144}","{'mae': 0.04034988582134247, 'rmse': 0.05518606677651405}"
val,"{'mae': 0.8569126129150391, 'rmse': 0.8570135831832886}","{'mae': 0.04073311761021614, 'rmse': 0.055677857249975204}"
train,"{'mae': 0.8582622408866882, 'rmse': 0.85835862159729}","{'mae': 0.040332432836294174, 'rmse': 0.05517517402768135}"
val,"{'mae': 0.8533226251602173, 'rmse': 0.8534144759178162}","{'mae': 0.04051356017589569, 'rmse': 0.05541674420237541}"
train,"{'mae': 0.8590264916419983, 'rmse': 0.8591233491897583}","{'mae': 0.040366318076848984, 'rmse': 0.055186305195093155}"
val,"{'mae': 0.8546556830406189, 'rmse': 0.8547442555427551}","{'mae': 0.040540292859077454, 'rmse': 0.05556018278002739}"
train,"{'mae': 0.8589999079704285, 'rmse': 0.859096884727478}","{'mae': 0.04030713438987732, 'rmse': 0.05513783171772957}"
val,"{'mae': 0.8568481802940369, 'rmse': 0.8569329380989075}","{'mae': 0.04063558205962181, 'rmse': 0.05542472004890442}"
train,"{'mae': 0.8594778180122375, 'rmse': 0.8595724105834961}","{'mae': 0.04037298634648323, 'rmse': 0.0552038811147213}"
val,"{'mae': 0.8560960292816162, 'rmse': 0.8561904430389404}","{'mae': 0.040628328919410706, 'rmse': 0.05543966591358185}"
train,"{'mae': 0.8600687980651855, 'rmse': 0.8601664304733276}","{'mae': 0.040384918451309204, 'rmse': 0.05520998314023018}"
val,"{'mae': 0.8591058254241943, 'rmse': 0.8592017889022827}","{'mae': 0.0404360331594944, 'rmse': 0.05530986189842224}"
train,"{'mae': 0.8605816960334778, 'rmse': 0.8606778383255005}","{'mae': 0.04024810716509819, 'rmse': 0.055085085332393646}"
val,"{'mae': 0.8582760095596313, 'rmse': 0.8583711981773376}","{'mae': 0.040765196084976196, 'rmse': 0.05565009266138077}"
train,"{'mae': 0.8601113557815552, 'rmse': 0.8602077960968018}","{'mae': 0.040365517139434814, 'rmse': 0.05519885569810867}"
val,"{'mae': 0.8587336540222168, 'rmse': 0.8588227033615112}","{'mae': 0.04058750718832016, 'rmse': 0.05555073544383049}"
train,"{'mae': 0.8621242642402649, 'rmse': 0.862219512462616}","{'mae': 0.040283434092998505, 'rmse': 0.055111680179834366}"
val,"{'mae': 0.8604860305786133, 'rmse': 0.8605812788009644}","{'mae': 0.04047997295856476, 'rmse': 0.05545186996459961}"
train,"{'mae': 0.860814094543457, 'rmse': 0.8609119057655334}","{'mae': 0.04035204276442528, 'rmse': 0.05516662448644638}"
val,"{'mae': 0.8615453243255615, 'rmse': 0.8616430759429932}","{'mae': 0.04070131853222847, 'rmse': 0.055613692849874496}"
train,"{'mae': 0.8632122874259949, 'rmse': 0.8633099794387817}","{'mae': 0.04025285318493843, 'rmse': 0.055073332041502}"
val,"{'mae': 0.8565553426742554, 'rmse': 0.8566556572914124}","{'mae': 0.04050968959927559, 'rmse': 0.05550036579370499}"
train,"{'mae': 0.8621904850006104, 'rmse': 0.8622880578041077}","{'mae': 0.04039405658841133, 'rmse': 0.055222779512405396}"
val,"{'mae': 0.8591184616088867, 'rmse': 0.859207034111023}","{'mae': 0.04029524698853493, 'rmse': 0.05524001270532608}"
train,"{'mae': 0.8620935082435608, 'rmse': 0.8621882200241089}","{'mae': 0.040284160524606705, 'rmse': 0.055123504251241684}"
val,"{'mae': 0.8593876957893372, 'rmse': 0.8594726920127869}","{'mae': 0.040421221405267715, 'rmse': 0.05539078637957573}"
train,"{'mae': 0.862104594707489, 'rmse': 0.862197995185852}","{'mae': 0.04032454267144203, 'rmse': 0.05514821782708168}"
val,"{'mae': 0.8562940359115601, 'rmse': 0.8563879728317261}","{'mae': 0.04061812907457352, 'rmse': 0.05541682988405228}"
train,"{'mae': 0.8618552684783936, 'rmse': 0.8619495034217834}","{'mae': 0.04028678685426712, 'rmse': 0.0551200807094574}"
val,"{'mae': 0.8621360063552856, 'rmse': 0.8622293472290039}","{'mae': 0.04045398160815239, 'rmse': 0.05539935827255249}"
train,"{'mae': 0.8635774850845337, 'rmse': 0.8636720776557922}","{'mae': 0.04026974365115166, 'rmse': 0.05508783087134361}"
val,"{'mae': 0.8645138740539551, 'rmse': 0.8646092414855957}","{'mae': 0.04073222354054451, 'rmse': 0.05555402487516403}"
train,"{'mae': 0.8643733859062195, 'rmse': 0.8644678592681885}","{'mae': 0.04029318317770958, 'rmse': 0.05510395020246506}"
val,"{'mae': 0.8631651401519775, 'rmse': 0.8632590770721436}","{'mae': 0.04079814255237579, 'rmse': 0.055646128952503204}"
train,"{'mae': 0.8645555377006531, 'rmse': 0.8646506071090698}","{'mae': 0.0401838980615139, 'rmse': 0.05502534285187721}"
val,"{'mae': 0.8642735481262207, 'rmse': 0.8643637895584106}","{'mae': 0.04117579385638237, 'rmse': 0.05595079064369202}"
train,"{'mae': 0.8649423718452454, 'rmse': 0.86503666639328}","{'mae': 0.04047825559973717, 'rmse': 0.0552978552877903}"
val,"{'mae': 0.8630022406578064, 'rmse': 0.8630952835083008}","{'mae': 0.04066202789545059, 'rmse': 0.05552612617611885}"
train,"{'mae': 0.8648449778556824, 'rmse': 0.8649377822875977}","{'mae': 0.0402931310236454, 'rmse': 0.05511430278420448}"
val,"{'mae': 0.8629347085952759, 'rmse': 0.8630289435386658}","{'mae': 0.040745221078395844, 'rmse': 0.05552447959780693}"
train,"{'mae': 0.8655481934547424, 'rmse': 0.8656424880027771}","{'mae': 0.04019457474350929, 'rmse': 0.055020466446876526}"
val,"{'mae': 0.8647840023040771, 'rmse': 0.8648709058761597}","{'mae': 0.04057332128286362, 'rmse': 0.055388789623975754}"
train,"{'mae': 0.8660444021224976, 'rmse': 0.8661386966705322}","{'mae': 0.04017176851630211, 'rmse': 0.05498545989394188}"
val,"{'mae': 0.862604558467865, 'rmse': 0.8626970648765564}","{'mae': 0.04038570821285248, 'rmse': 0.05527886003255844}"
train,"{'mae': 0.8663135766983032, 'rmse': 0.8664075136184692}","{'mae': 0.040251508355140686, 'rmse': 0.05507704243063927}"
val,"{'mae': 0.869308352470398, 'rmse': 0.8694020509719849}","{'mae': 0.040953077375888824, 'rmse': 0.055786654353141785}"
train,"{'mae': 0.8668667078018188, 'rmse': 0.8669626712799072}","{'mae': 0.04028904065489769, 'rmse': 0.05511133745312691}"
val,"{'mae': 0.864729642868042, 'rmse': 0.8648167848587036}","{'mae': 0.04062202572822571, 'rmse': 0.055435661226511}"
train,"{'mae': 0.8657956719398499, 'rmse': 0.8658881783485413}","{'mae': 0.04024612158536911, 'rmse': 0.055072683840990067}"
val,"{'mae': 0.864105761051178, 'rmse': 0.8641960620880127}","{'mae': 0.040381237864494324, 'rmse': 0.05532977357506752}"
train,"{'mae': 0.867243766784668, 'rmse': 0.8673375248908997}","{'mae': 0.04024796932935715, 'rmse': 0.055062174797058105}"
val,"{'mae': 0.8691327571868896, 'rmse': 0.8692181706428528}","{'mae': 0.0403113029897213, 'rmse': 0.055199190974235535}"
train,"{'mae': 0.8681017160415649, 'rmse': 0.8681944608688354}","{'mae': 0.04013199731707573, 'rmse': 0.05496007949113846}"
val,"{'mae': 0.866201639175415, 'rmse': 0.8662941455841064}","{'mae': 0.04066133871674538, 'rmse': 0.05553361400961876}"
train,"{'mae': 0.8686808943748474, 'rmse': 0.8687750101089478}","{'mae': 0.04017408937215805, 'rmse': 0.0550006665289402}"
val,"{'mae': 0.865405261516571, 'rmse': 0.8654903769493103}","{'mae': 0.04081936180591583, 'rmse': 0.05564519762992859}"
train,"{'mae': 0.8689101934432983, 'rmse': 0.8690023422241211}","{'mae': 0.040174342691898346, 'rmse': 0.05498047545552254}"
val,"{'mae': 0.8672849535942078, 'rmse': 0.8673712015151978}","{'mae': 0.04031546786427498, 'rmse': 0.055275753140449524}"
train,"{'mae': 0.8692540526390076, 'rmse': 0.8693485856056213}","{'mae': 0.040216345340013504, 'rmse': 0.05502749979496002}"
val,"{'mae': 0.8680493235588074, 'rmse': 0.8681392669677734}","{'mae': 0.040693216025829315, 'rmse': 0.05553433299064636}"
train,"{'mae': 0.8700926303863525, 'rmse': 0.8701862096786499}","{'mae': 0.04013668745756149, 'rmse': 0.05496642738580704}"
val,"{'mae': 0.8671589493751526, 'rmse': 0.8672437071800232}","{'mae': 0.04075527563691139, 'rmse': 0.055520735681056976}"
train,"{'mae': 0.8696321845054626, 'rmse': 0.8697243928909302}","{'mae': 0.04011666029691696, 'rmse': 0.054944828152656555}"
val,"{'mae': 0.8674197196960449, 'rmse': 0.8675186634063721}","{'mae': 0.04042188078165054, 'rmse': 0.0553072951734066}"
train,"{'mae': 0.8707412481307983, 'rmse': 0.8708346486091614}","{'mae': 0.0402403362095356, 'rmse': 0.05504985898733139}"
val,"{'mae': 0.870033860206604, 'rmse': 0.8701251149177551}","{'mae': 0.0405244342982769, 'rmse': 0.055486924946308136}"
train,"{'mae': 0.8705538511276245, 'rmse': 0.8706479668617249}","{'mae': 0.04019602760672569, 'rmse': 0.055008597671985626}"
val,"{'mae': 0.8651418685913086, 'rmse': 0.8652359247207642}","{'mae': 0.04030691459774971, 'rmse': 0.05515086650848389}"
train,"{'mae': 0.870940089225769, 'rmse': 0.8710328936576843}","{'mae': 0.04014410078525543, 'rmse': 0.05496403947472572}"
val,"{'mae': 0.8698874115943909, 'rmse': 0.8699780702590942}","{'mae': 0.04041758552193642, 'rmse': 0.05525803193449974}"
train,"{'mae': 0.8711644411087036, 'rmse': 0.8712566494941711}","{'mae': 0.040236037224531174, 'rmse': 0.055043548345565796}"
val,"{'mae': 0.8695740699768066, 'rmse': 0.8696553111076355}","{'mae': 0.04024045914411545, 'rmse': 0.055131178349256516}"
train,"{'mae': 0.8719459772109985, 'rmse': 0.872038722038269}","{'mae': 0.04008866846561432, 'rmse': 0.05491624027490616}"
val,"{'mae': 0.8754313588142395, 'rmse': 0.8755205869674683}","{'mae': 0.0403120294213295, 'rmse': 0.05522314831614494}"
train,"{'mae': 0.8720806837081909, 'rmse': 0.8721737265586853}","{'mae': 0.040129996836185455, 'rmse': 0.054943330585956573}"
val,"{'mae': 0.8753010630607605, 'rmse': 0.8753870725631714}","{'mae': 0.04044604301452637, 'rmse': 0.055300820618867874}"
train,"{'mae': 0.873046875, 'rmse': 0.8731375336647034}","{'mae': 0.04012972488999367, 'rmse': 0.05493734031915665}"
val,"{'mae': 0.8680658340454102, 'rmse': 0.8681493401527405}","{'mae': 0.040279701352119446, 'rmse': 0.05520705506205559}"
train,"{'mae': 0.8727450370788574, 'rmse': 0.8728352189064026}","{'mae': 0.04022711515426636, 'rmse': 0.05503471940755844}"
val,"{'mae': 0.8714573979377747, 'rmse': 0.8715507984161377}","{'mae': 0.04025443643331528, 'rmse': 0.055171504616737366}"
train,"{'mae': 0.8730400204658508, 'rmse': 0.8731321692466736}","{'mae': 0.039945997297763824, 'rmse': 0.054768141359090805}"
val,"{'mae': 0.8719005584716797, 'rmse': 0.8719914555549622}","{'mae': 0.040211644023656845, 'rmse': 0.0550537183880806}"
train,"{'mae': 0.8738090395927429, 'rmse': 0.8739029169082642}","{'mae': 0.04008418694138527, 'rmse': 0.05490611493587494}"
val,"{'mae': 0.8730195760726929, 'rmse': 0.8731106519699097}","{'mae': 0.04032968729734421, 'rmse': 0.055176522582769394}"
train,"{'mae': 0.8749561905860901, 'rmse': 0.8750484585762024}","{'mae': 0.039976734668016434, 'rmse': 0.054794710129499435}"
val,"{'mae': 0.8713849186897278, 'rmse': 0.8714752793312073}","{'mae': 0.04033274948596954, 'rmse': 0.05522626265883446}"
train,"{'mae': 0.8757328391075134, 'rmse': 0.8758229613304138}","{'mae': 0.04009600728750229, 'rmse': 0.05491246283054352}"
val,"{'mae': 0.8770601749420166, 'rmse': 0.8771510720252991}","{'mae': 0.04023478925228119, 'rmse': 0.05507058650255203}"
train,"{'mae': 0.8758668899536133, 'rmse': 0.8759595155715942}","{'mae': 0.04007668420672417, 'rmse': 0.05487897992134094}"
val,"{'mae': 0.8730385899543762, 'rmse': 0.873130738735199}","{'mae': 0.040156565606594086, 'rmse': 0.05501817539334297}"
train,"{'mae': 0.8759236931800842, 'rmse': 0.8760137557983398}","{'mae': 0.04004630446434021, 'rmse': 0.0548599511384964}"
val,"{'mae': 0.8754384517669678, 'rmse': 0.8755260109901428}","{'mae': 0.04039771482348442, 'rmse': 0.05518326535820961}"
train,"{'mae': 0.8761257529258728, 'rmse': 0.8762166500091553}","{'mae': 0.04005921632051468, 'rmse': 0.05487564206123352}"
val,"{'mae': 0.8771849274635315, 'rmse': 0.8772687911987305}","{'mae': 0.040380168706178665, 'rmse': 0.05527949705719948}"
train,"{'mae': 0.8778473138809204, 'rmse': 0.8779366612434387}","{'mae': 0.04007236286997795, 'rmse': 0.05488383397459984}"
val,"{'mae': 0.8757014870643616, 'rmse': 0.8757866024971008}","{'mae': 0.04030369967222214, 'rmse': 0.05517711862921715}"
train,"{'mae': 0.8773640394210815, 'rmse': 0.8774532079696655}","{'mae': 0.04014047607779503, 'rmse': 0.05493267998099327}"
val,"{'mae': 0.8775457739830017, 'rmse': 0.8776304721832275}","{'mae': 0.040229782462120056, 'rmse': 0.0551580935716629}"
train,"{'mae': 0.8776248097419739, 'rmse': 0.8777143955230713}","{'mae': 0.03997954726219177, 'rmse': 0.054790645837783813}"
val,"{'mae': 0.8785181045532227, 'rmse': 0.8786106705665588}","{'mae': 0.04035285487771034, 'rmse': 0.05517549812793732}"
train,"{'mae': 0.8789476156234741, 'rmse': 0.8790379166603088}","{'mae': 0.04002327099442482, 'rmse': 0.054826900362968445}"
val,"{'mae': 0.8759368062019348, 'rmse': 0.8760295510292053}","{'mae': 0.04078768566250801, 'rmse': 0.05566765367984772}"
train,"{'mae': 0.8795750737190247, 'rmse': 0.8796642422676086}","{'mae': 0.04000754654407501, 'rmse': 0.05481772497296333}"
val,"{'mae': 0.8795208930969238, 'rmse': 0.8796069025993347}","{'mae': 0.0401587188243866, 'rmse': 0.05501751974225044}"
train,"{'mae': 0.8800626993179321, 'rmse': 0.8801530003547668}","{'mae': 0.03999722748994827, 'rmse': 0.054805465042591095}"
val,"{'mae': 0.8794065117835999, 'rmse': 0.8794940710067749}","{'mae': 0.040382418781518936, 'rmse': 0.055245138704776764}"
train,"{'mae': 0.8800333738327026, 'rmse': 0.880121648311615}","{'mae': 0.03999338299036026, 'rmse': 0.054801348596811295}"
val,"{'mae': 0.8790802359580994, 'rmse': 0.8791583776473999}","{'mae': 0.04044787213206291, 'rmse': 0.055334433913230896}"
train,"{'mae': 0.8800879716873169, 'rmse': 0.8801781535148621}","{'mae': 0.04001866281032562, 'rmse': 0.05482166260480881}"
val,"{'mae': 0.8818650245666504, 'rmse': 0.8819531202316284}","{'mae': 0.04014553129673004, 'rmse': 0.05502026155591011}"
train,"{'mae': 0.8819792866706848, 'rmse': 0.8820683360099792}","{'mae': 0.040080249309539795, 'rmse': 0.054875072091817856}"
val,"{'mae': 0.8805223703384399, 'rmse': 0.8806042075157166}","{'mae': 0.040338389575481415, 'rmse': 0.055151551961898804}"
train,"{'mae': 0.8798845410346985, 'rmse': 0.8799727559089661}","{'mae': 0.03999701887369156, 'rmse': 0.05480765551328659}"
val,"{'mae': 0.8791933059692383, 'rmse': 0.8792773485183716}","{'mae': 0.0401083268225193, 'rmse': 0.05502494424581528}"
train,"{'mae': 0.8809129595756531, 'rmse': 0.88100266456604}","{'mae': 0.04008020460605621, 'rmse': 0.05487674102187157}"
val,"{'mae': 0.8818156719207764, 'rmse': 0.8819097876548767}","{'mae': 0.04032578319311142, 'rmse': 0.055181834846735}"
train,"{'mae': 0.8808839321136475, 'rmse': 0.8809719085693359}","{'mae': 0.04012808948755264, 'rmse': 0.05493032932281494}"
val,"{'mae': 0.8802083134651184, 'rmse': 0.8803005814552307}","{'mae': 0.040174201130867004, 'rmse': 0.055007148534059525}"
train,"{'mae': 0.881933867931366, 'rmse': 0.8820255398750305}","{'mae': 0.04003068432211876, 'rmse': 0.054840248078107834}"
val,"{'mae': 0.8780663013458252, 'rmse': 0.8781484365463257}","{'mae': 0.040087129920721054, 'rmse': 0.055022839456796646}"
train,"{'mae': 0.8825882077217102, 'rmse': 0.882677435874939}","{'mae': 0.03991583734750748, 'rmse': 0.05472784489393234}"
val,"{'mae': 0.8800595998764038, 'rmse': 0.8801447153091431}","{'mae': 0.040180496871471405, 'rmse': 0.05503604933619499}"
train,"{'mae': 0.8819704055786133, 'rmse': 0.8820589780807495}","{'mae': 0.03993756324052811, 'rmse': 0.05475044995546341}"
val,"{'mae': 0.8814738988876343, 'rmse': 0.8815633654594421}","{'mae': 0.04029981046915054, 'rmse': 0.055333394557237625}"
train,"{'mae': 0.8827639818191528, 'rmse': 0.8828548789024353}","{'mae': 0.04003220424056053, 'rmse': 0.05481628328561783}"
val,"{'mae': 0.8833640813827515, 'rmse': 0.883448600769043}","{'mae': 0.04024835303425789, 'rmse': 0.05507628247141838}"
train,"{'mae': 0.8836227655410767, 'rmse': 0.883711040019989}","{'mae': 0.03993244469165802, 'rmse': 0.05473705381155014}"
val,"{'mae': 0.8791205286979675, 'rmse': 0.8792060017585754}","{'mae': 0.04029146209359169, 'rmse': 0.05521122366189957}"
train,"{'mae': 0.8831927180290222, 'rmse': 0.8832818269729614}","{'mae': 0.03998849168419838, 'rmse': 0.054781489074230194}"
val,"{'mae': 0.8812805414199829, 'rmse': 0.8813714385032654}","{'mae': 0.040130000561475754, 'rmse': 0.054997995495796204}"
train,"{'mae': 0.8842202425003052, 'rmse': 0.8843094110488892}","{'mae': 0.03990384563803673, 'rmse': 0.054708536714315414}"
val,"{'mae': 0.8828650116920471, 'rmse': 0.882952868938446}","{'mae': 0.04009375348687172, 'rmse': 0.05503320321440697}"
train,"{'mae': 0.8850363492965698, 'rmse': 0.8851248621940613}","{'mae': 0.039997268468141556, 'rmse': 0.054783739149570465}"
val,"{'mae': 0.8819586634635925, 'rmse': 0.8820418119430542}","{'mae': 0.03998178988695145, 'rmse': 0.054911937564611435}"
train,"{'mae': 0.884360134601593, 'rmse': 0.8844498991966248}","{'mae': 0.03994850814342499, 'rmse': 0.05474809184670448}"
val,"{'mae': 0.8811742067337036, 'rmse': 0.8812617063522339}","{'mae': 0.040041789412498474, 'rmse': 0.05488070473074913}"
train,"{'mae': 0.8852953910827637, 'rmse': 0.8853859901428223}","{'mae': 0.039940379559993744, 'rmse': 0.05473604053258896}"
val,"{'mae': 0.8858655691146851, 'rmse': 0.8859407901763916}","{'mae': 0.04020938649773598, 'rmse': 0.05508697032928467}"
train,"{'mae': 0.8860862851142883, 'rmse': 0.8861732482910156}","{'mae': 0.03998103737831116, 'rmse': 0.0547766275703907}"
val,"{'mae': 0.8875991702079773, 'rmse': 0.8876834511756897}","{'mae': 0.04073106124997139, 'rmse': 0.05553366243839264}"
train,"{'mae': 0.8862488269805908, 'rmse': 0.8863354325294495}","{'mae': 0.03994419798254967, 'rmse': 0.05474236235022545}"
val,"{'mae': 0.8866932392120361, 'rmse': 0.8867798447608948}","{'mae': 0.04013363644480705, 'rmse': 0.055138520896434784}"
train,"{'mae': 0.8868787288665771, 'rmse': 0.8869674801826477}","{'mae': 0.039888765662908554, 'rmse': 0.05469634756445885}"
val,"{'mae': 0.8872759342193604, 'rmse': 0.887363612651825}","{'mae': 0.04033954069018364, 'rmse': 0.05511413887143135}"
train,"{'mae': 0.8869404792785645, 'rmse': 0.887028157711029}","{'mae': 0.03996026888489723, 'rmse': 0.05475400760769844}"
val,"{'mae': 0.8858309984207153, 'rmse': 0.8859155178070068}","{'mae': 0.04036007449030876, 'rmse': 0.05524585023522377}"
train,"{'mae': 0.8880705237388611, 'rmse': 0.8881568312644958}","{'mae': 0.03991352766752243, 'rmse': 0.05471572279930115}"
val,"{'mae': 0.8840527534484863, 'rmse': 0.8841395378112793}","{'mae': 0.04038725420832634, 'rmse': 0.055298689752817154}"
train,"{'mae': 0.8872227668762207, 'rmse': 0.8873084187507629}","{'mae': 0.03997579962015152, 'rmse': 0.05477425456047058}"
val,"{'mae': 0.8872870206832886, 'rmse': 0.8873671293258667}","{'mae': 0.04030611366033554, 'rmse': 0.05520375445485115}"
train,"{'mae': 0.8882529139518738, 'rmse': 0.8883397579193115}","{'mae': 0.03993959352374077, 'rmse': 0.05472616106271744}"
val,"{'mae': 0.8848676085472107, 'rmse': 0.8849511742591858}","{'mae': 0.04014282301068306, 'rmse': 0.05500217527151108}"
train,"{'mae': 0.8880637288093567, 'rmse': 0.8881499171257019}","{'mae': 0.0399966761469841, 'rmse': 0.05478823930025101}"
val,"{'mae': 0.8865500688552856, 'rmse': 0.8866318464279175}","{'mae': 0.040461186319589615, 'rmse': 0.055276863276958466}"
train,"{'mae': 0.8886222839355469, 'rmse': 0.8887081742286682}","{'mae': 0.039958298206329346, 'rmse': 0.054752226918935776}"
val,"{'mae': 0.8871528506278992, 'rmse': 0.8872405886650085}","{'mae': 0.039989374577999115, 'rmse': 0.05488848313689232}"
train,"{'mae': 0.889033317565918, 'rmse': 0.8891199827194214}","{'mae': 0.03993246704339981, 'rmse': 0.054738808423280716}"
val,"{'mae': 0.8892136812210083, 'rmse': 0.8892952799797058}","{'mae': 0.04054148867726326, 'rmse': 0.05537539720535278}"
train,"{'mae': 0.8893628120422363, 'rmse': 0.8894482851028442}","{'mae': 0.03988643363118172, 'rmse': 0.05468461290001869}"
val,"{'mae': 0.8871402144432068, 'rmse': 0.8872309327125549}","{'mae': 0.040079232305288315, 'rmse': 0.05505314841866493}"
train,"{'mae': 0.8903815150260925, 'rmse': 0.8904691338539124}","{'mae': 0.03983752056956291, 'rmse': 0.05463462695479393}"
val,"{'mae': 0.8876835107803345, 'rmse': 0.8877687454223633}","{'mae': 0.039984747767448425, 'rmse': 0.05487358197569847}"
train,"{'mae': 0.8904779553413391, 'rmse': 0.8905631303787231}","{'mae': 0.03986175358295441, 'rmse': 0.054655224084854126}"
val,"{'mae': 0.8898962736129761, 'rmse': 0.8899737000465393}","{'mae': 0.04025685787200928, 'rmse': 0.05507771298289299}"
train,"{'mae': 0.8908761143684387, 'rmse': 0.890962541103363}","{'mae': 0.03988569229841232, 'rmse': 0.05468813329935074}"
val,"{'mae': 0.891395628452301, 'rmse': 0.8914827704429626}","{'mae': 0.04006357863545418, 'rmse': 0.05493951216340065}"
train,"{'mae': 0.8915960788726807, 'rmse': 0.8916837573051453}","{'mae': 0.039857834577560425, 'rmse': 0.05465829744935036}"
val,"{'mae': 0.8913789391517639, 'rmse': 0.8914662003517151}","{'mae': 0.03996022045612335, 'rmse': 0.05492663383483887}"
train,"{'mae': 0.8920902013778687, 'rmse': 0.8921774625778198}","{'mae': 0.039797306060791016, 'rmse': 0.05460093915462494}"
val,"{'mae': 0.8905041217803955, 'rmse': 0.8905926942825317}","{'mae': 0.040037643164396286, 'rmse': 0.055034127086400986}"
train,"{'mae': 0.892479419708252, 'rmse': 0.8925674557685852}","{'mae': 0.039825689047575, 'rmse': 0.05461246892809868}"
val,"{'mae': 0.892458438873291, 'rmse': 0.8925449848175049}","{'mae': 0.0402691476047039, 'rmse': 0.05510181188583374}"
train,"{'mae': 0.8926806449890137, 'rmse': 0.8927671313285828}","{'mae': 0.039878468960523605, 'rmse': 0.05466930568218231}"
val,"{'mae': 0.8875349760055542, 'rmse': 0.8876160383224487}","{'mae': 0.03989710286259651, 'rmse': 0.054799165576696396}"
train,"{'mae': 0.893129289150238, 'rmse': 0.8932151198387146}","{'mae': 0.03981482610106468, 'rmse': 0.05460792034864426}"
val,"{'mae': 0.8898248672485352, 'rmse': 0.8899109959602356}","{'mae': 0.04008014500141144, 'rmse': 0.05490300431847572}"
train,"{'mae': 0.8933455944061279, 'rmse': 0.8934308886528015}","{'mae': 0.03982926532626152, 'rmse': 0.05461835116147995}"
val,"{'mae': 0.8928377032279968, 'rmse': 0.8929207921028137}","{'mae': 0.04002442583441734, 'rmse': 0.054933175444602966}"
train,"{'mae': 0.8935685753822327, 'rmse': 0.8936554789543152}","{'mae': 0.03990171477198601, 'rmse': 0.054690293967723846}"
val,"{'mae': 0.8931217193603516, 'rmse': 0.8932061195373535}","{'mae': 0.04018289968371391, 'rmse': 0.05502564087510109}"
train,"{'mae': 0.8937588334083557, 'rmse': 0.8938443660736084}","{'mae': 0.03986971452832222, 'rmse': 0.05465171858668327}"
val,"{'mae': 0.8895731568336487, 'rmse': 0.8896533846855164}","{'mae': 0.04021982103586197, 'rmse': 0.055100902915000916}"
train,"{'mae': 0.8933965563774109, 'rmse': 0.8934805989265442}","{'mae': 0.03983454406261444, 'rmse': 0.0546371191740036}"
val,"{'mae': 0.8912990093231201, 'rmse': 0.8913810849189758}","{'mae': 0.04026760905981064, 'rmse': 0.05509944632649422}"
train,"{'mae': 0.8942172527313232, 'rmse': 0.8943021297454834}","{'mae': 0.03983483463525772, 'rmse': 0.05461715906858444}"
val,"{'mae': 0.8905891180038452, 'rmse': 0.8906698822975159}","{'mae': 0.040330853313207626, 'rmse': 0.055170848965644836}"
train,"{'mae': 0.8943620324134827, 'rmse': 0.8944473266601562}","{'mae': 0.03981998562812805, 'rmse': 0.054606903344392776}"
val,"{'mae': 0.894186794757843, 'rmse': 0.8942731618881226}","{'mae': 0.04012547805905342, 'rmse': 0.054947685450315475}"
train,"{'mae': 0.8956206440925598, 'rmse': 0.8957046866416931}","{'mae': 0.039893656969070435, 'rmse': 0.054684657603502274}"
val,"{'mae': 0.8909897208213806, 'rmse': 0.8910800814628601}","{'mae': 0.040494613349437714, 'rmse': 0.0553593784570694}"
train,"{'mae': 0.8959324955940247, 'rmse': 0.8960169553756714}","{'mae': 0.03981327265501022, 'rmse': 0.054612379521131516}"
val,"{'mae': 0.893925130367279, 'rmse': 0.8940039873123169}","{'mae': 0.040256764739751816, 'rmse': 0.05498526990413666}"
train,"{'mae': 0.8962182402610779, 'rmse': 0.8963012099266052}","{'mae': 0.03988206759095192, 'rmse': 0.05465850234031677}"
val,"{'mae': 0.8964313268661499, 'rmse': 0.8965053558349609}","{'mae': 0.040058474987745285, 'rmse': 0.054953593760728836}"
train,"{'mae': 0.8967007994651794, 'rmse': 0.8967829942703247}","{'mae': 0.03977658227086067, 'rmse': 0.05457141622900963}"
val,"{'mae': 0.8949476480484009, 'rmse': 0.8950258493423462}","{'mae': 0.040049679577350616, 'rmse': 0.054887596517801285}"
train,"{'mae': 0.8962008953094482, 'rmse': 0.8962841033935547}","{'mae': 0.03982693701982498, 'rmse': 0.054618898779153824}"
val,"{'mae': 0.8955409526824951, 'rmse': 0.8956220149993896}","{'mae': 0.03993607684969902, 'rmse': 0.05477944761514664}"
train,"{'mae': 0.8971114754676819, 'rmse': 0.8971945643424988}","{'mae': 0.03983039781451225, 'rmse': 0.05462044104933739}"
val,"{'mae': 0.8951692581176758, 'rmse': 0.8952423334121704}","{'mae': 0.04019083455204964, 'rmse': 0.05498944967985153}"
train,"{'mae': 0.8961964249610901, 'rmse': 0.8962796330451965}","{'mae': 0.04013753682374954, 'rmse': 0.05490780249238014}"
val,"{'mae': 0.8943266272544861, 'rmse': 0.8944070935249329}","{'mae': 0.04011677950620651, 'rmse': 0.05500822886824608}"
train,"{'mae': 0.8932331204414368, 'rmse': 0.8933187127113342}","{'mae': 0.04075823724269867, 'rmse': 0.05552123859524727}"
val,"{'mae': 0.8909153342247009, 'rmse': 0.8909894824028015}","{'mae': 0.040848348289728165, 'rmse': 0.055706970393657684}"
train,"{'mae': 0.8858744502067566, 'rmse': 0.8859513998031616}","{'mae': 0.04129231721162796, 'rmse': 0.05604264512658119}"
val,"{'mae': 0.8791892528533936, 'rmse': 0.8792475461959839}","{'mae': 0.041088420897722244, 'rmse': 0.0559268482029438}"
train,"{'mae': 0.8731626272201538, 'rmse': 0.8732395768165588}","{'mae': 0.041787080466747284, 'rmse': 0.056598782539367676}"
val,"{'mae': 0.8725517392158508, 'rmse': 0.8726176023483276}","{'mae': 0.042646024376153946, 'rmse': 0.05755468085408211}"
train,"{'mae': 0.8603837490081787, 'rmse': 0.8604640364646912}","{'mae': 0.04272576421499252, 'rmse': 0.05760808289051056}"
val,"{'mae': 0.8560280203819275, 'rmse': 0.8560767769813538}","{'mae': 0.042545560747385025, 'rmse': 0.05737146735191345}"
train,"{'mae': 0.8481574058532715, 'rmse': 0.8482140898704529}","{'mae': 0.04267463460564613, 'rmse': 0.057652994990348816}"
val,"{'mae': 0.846767246723175, 'rmse': 0.8468003273010254}","{'mae': 0.043232738971710205, 'rmse': 0.05846540257334709}"
train,"{'mae': 0.8365947604179382, 'rmse': 0.8366649150848389}","{'mae': 0.04306967183947563, 'rmse': 0.058072157204151154}"
val,"{'mae': 0.8325579166412354, 'rmse': 0.8326053619384766}","{'mae': 0.04355097934603691, 'rmse': 0.058471228927373886}"
train,"{'mae': 0.8266509175300598, 'rmse': 0.8267073631286621}","{'mae': 0.04233773052692413, 'rmse': 0.05735336244106293}"
val,"{'mae': 0.828691840171814, 'rmse': 0.8287385702133179}","{'mae': 0.042634859681129456, 'rmse': 0.0574248731136322}"
train,"{'mae': 0.8225851655006409, 'rmse': 0.8226436972618103}","{'mae': 0.04238685220479965, 'rmse': 0.05730492249131203}"
val,"{'mae': 0.8163537979125977, 'rmse': 0.8164123892784119}","{'mae': 0.043171510100364685, 'rmse': 0.057862307876348495}"
train,"{'mae': 0.8149352669715881, 'rmse': 0.8150057792663574}","{'mae': 0.042864177376031876, 'rmse': 0.05786857008934021}"
val,"{'mae': 0.8048679232597351, 'rmse': 0.8049098253250122}","{'mae': 0.04203183576464653, 'rmse': 0.05696699395775795}"
train,"{'mae': 0.8062494993209839, 'rmse': 0.8063121438026428}","{'mae': 0.04251597076654434, 'rmse': 0.05740368366241455}"
val,"{'mae': 0.8003120422363281, 'rmse': 0.800361156463623}","{'mae': 0.04188459739089012, 'rmse': 0.05686114355921745}"
train,"{'mae': 0.8008154034614563, 'rmse': 0.80086749792099}","{'mae': 0.04244092479348183, 'rmse': 0.05734832584857941}"
val,"{'mae': 0.7881742119789124, 'rmse': 0.7882107496261597}","{'mae': 0.04261030629277229, 'rmse': 0.05751991644501686}"
train,"{'mae': 0.7938586473464966, 'rmse': 0.7939060926437378}","{'mae': 0.042589325457811356, 'rmse': 0.05751696601510048}"
val,"{'mae': 0.789979875087738, 'rmse': 0.7900220155715942}","{'mae': 0.04167689383029938, 'rmse': 0.0567898154258728}"
train,"{'mae': 0.7874115109443665, 'rmse': 0.7874644994735718}","{'mae': 0.04226385056972504, 'rmse': 0.05716913565993309}"
val,"{'mae': 0.7834439873695374, 'rmse': 0.7834717035293579}","{'mae': 0.04340294003486633, 'rmse': 0.05845069885253906}"
train,"{'mae': 0.7844964265823364, 'rmse': 0.7845504283905029}","{'mae': 0.042437806725502014, 'rmse': 0.0573437362909317}"
val,"{'mae': 0.7857881188392639, 'rmse': 0.7858244180679321}","{'mae': 0.0426303930580616, 'rmse': 0.05771062895655632}"
train,"{'mae': 0.7802962064743042, 'rmse': 0.7803553342819214}","{'mae': 0.042657796293497086, 'rmse': 0.05764899402856827}"
val,"{'mae': 0.7743101119995117, 'rmse': 0.7743381261825562}","{'mae': 0.04371343180537224, 'rmse': 0.05850180238485336}"
train,"{'mae': 0.7738405466079712, 'rmse': 0.7738927602767944}","{'mae': 0.04242885857820511, 'rmse': 0.05733662098646164}"
val,"{'mae': 0.7695790529251099, 'rmse': 0.7696215510368347}","{'mae': 0.04267418012022972, 'rmse': 0.05746845901012421}"
train,"{'mae': 0.7706149220466614, 'rmse': 0.7706680297851562}","{'mae': 0.04235957935452461, 'rmse': 0.05725407972931862}"
val,"{'mae': 0.7620674967765808, 'rmse': 0.7620985507965088}","{'mae': 0.04389302432537079, 'rmse': 0.05860503762960434}"
train,"{'mae': 0.766890287399292, 'rmse': 0.7669376134872437}","{'mae': 0.04255032166838646, 'rmse': 0.05747035890817642}"
val,"{'mae': 0.7642015814781189, 'rmse': 0.7642424702644348}","{'mae': 0.042375598102808, 'rmse': 0.0573672354221344}"
train,"{'mae': 0.7596797347068787, 'rmse': 0.7597277760505676}","{'mae': 0.0425058975815773, 'rmse': 0.057461950927972794}"
val,"{'mae': 0.7558444142341614, 'rmse': 0.7558808326721191}","{'mae': 0.0418221652507782, 'rmse': 0.056673258543014526}"
train,"{'mae': 0.7575905919075012, 'rmse': 0.7576360106468201}","{'mae': 0.04210910201072693, 'rmse': 0.0570017471909523}"
val,"{'mae': 0.7523159384727478, 'rmse': 0.7523476481437683}","{'mae': 0.041485898196697235, 'rmse': 0.05639880895614624}"
train,"{'mae': 0.7560243606567383, 'rmse': 0.756067156791687}","{'mae': 0.0418114997446537, 'rmse': 0.05668505281209946}"
val,"{'mae': 0.7552897334098816, 'rmse': 0.7553170919418335}","{'mae': 0.041905518621206284, 'rmse': 0.05675718933343887}"
train,"{'mae': 0.754226803779602, 'rmse': 0.7542737126350403}","{'mae': 0.04232126474380493, 'rmse': 0.05720487982034683}"
val,"{'mae': 0.7507044076919556, 'rmse': 0.7507457733154297}","{'mae': 0.04271784424781799, 'rmse': 0.057874616235494614}"
train,"{'mae': 0.7494363188743591, 'rmse': 0.7494823336601257}","{'mae': 0.04191071167588234, 'rmse': 0.05679931119084358}"
val,"{'mae': 0.7517738342285156, 'rmse': 0.7518030405044556}","{'mae': 0.043735403567552567, 'rmse': 0.058520857244729996}"
train,"{'mae': 0.7483221292495728, 'rmse': 0.7483747005462646}","{'mae': 0.04205223545432091, 'rmse': 0.05699307844042778}"
val,"{'mae': 0.7415780425071716, 'rmse': 0.7416218519210815}","{'mae': 0.04210197925567627, 'rmse': 0.05734287202358246}"
train,"{'mae': 0.7435472011566162, 'rmse': 0.7435941100120544}","{'mae': 0.042258121073246, 'rmse': 0.057237427681684494}"
val,"{'mae': 0.7438983917236328, 'rmse': 0.7439364194869995}","{'mae': 0.04185441881418228, 'rmse': 0.05650477111339569}"
train,"{'mae': 0.7394581437110901, 'rmse': 0.7395053505897522}","{'mae': 0.04205429553985596, 'rmse': 0.0569462887942791}"
val,"{'mae': 0.740800142288208, 'rmse': 0.7408370971679688}","{'mae': 0.04140843078494072, 'rmse': 0.05653753876686096}"
train,"{'mae': 0.738797128200531, 'rmse': 0.738843560218811}","{'mae': 0.04218582436442375, 'rmse': 0.05712274834513664}"
val,"{'mae': 0.7319537997245789, 'rmse': 0.7320084571838379}","{'mae': 0.041915301233530045, 'rmse': 0.056833796203136444}"
train,"{'mae': 0.7345761060714722, 'rmse': 0.7346250414848328}","{'mae': 0.04201149195432663, 'rmse': 0.056905824691057205}"
val,"{'mae': 0.733365535736084, 'rmse': 0.7334005236625671}","{'mae': 0.04244985058903694, 'rmse': 0.05720922350883484}"
train,"{'mae': 0.7344215512275696, 'rmse': 0.7344653010368347}","{'mae': 0.041911233216524124, 'rmse': 0.05677459388971329}"
val,"{'mae': 0.7360044121742249, 'rmse': 0.7360385060310364}","{'mae': 0.04210422560572624, 'rmse': 0.05697144195437431}"
train,"{'mae': 0.7300429940223694, 'rmse': 0.7300888299942017}","{'mae': 0.04216882959008217, 'rmse': 0.057053182274103165}"
val,"{'mae': 0.7212769985198975, 'rmse': 0.7213079929351807}","{'mae': 0.04167811945080757, 'rmse': 0.056660305708646774}"
train,"{'mae': 0.7263527512550354, 'rmse': 0.7263922095298767}","{'mae': 0.0421719029545784, 'rmse': 0.05710558965802193}"
val,"{'mae': 0.7183278203010559, 'rmse': 0.7183552980422974}","{'mae': 0.04207555949687958, 'rmse': 0.05692054331302643}"
train,"{'mae': 0.7235056757926941, 'rmse': 0.7235469222068787}","{'mae': 0.04202311113476753, 'rmse': 0.056922055780887604}"
val,"{'mae': 0.7213531732559204, 'rmse': 0.7213898301124573}","{'mae': 0.04197803512215614, 'rmse': 0.056973475962877274}"
train,"{'mae': 0.719528317451477, 'rmse': 0.7195615768432617}","{'mae': 0.04205172881484032, 'rmse': 0.05696655437350273}"
val,"{'mae': 0.7239186763763428, 'rmse': 0.7239516973495483}","{'mae': 0.04170521721243858, 'rmse': 0.05672074854373932}"
train,"{'mae': 0.7170491814613342, 'rmse': 0.7170966267585754}","{'mae': 0.0421258844435215, 'rmse': 0.0570259653031826}"
val,"{'mae': 0.7109912037849426, 'rmse': 0.7110084891319275}","{'mae': 0.04242710396647453, 'rmse': 0.05751217529177666}"
train,"{'mae': 0.7163458466529846, 'rmse': 0.7163856625556946}","{'mae': 0.041871681809425354, 'rmse': 0.05679119750857353}"
val,"{'mae': 0.7161765694618225, 'rmse': 0.7161961197853088}","{'mae': 0.04267318546772003, 'rmse': 0.057666417211294174}"
train,"{'mae': 0.71309494972229, 'rmse': 0.7131349444389343}","{'mae': 0.04221537709236145, 'rmse': 0.05706029385328293}"
val,"{'mae': 0.718595027923584, 'rmse': 0.7186214923858643}","{'mae': 0.04173142835497856, 'rmse': 0.05678955838084221}"
train,"{'mae': 0.7111459374427795, 'rmse': 0.7111923694610596}","{'mae': 0.04224558174610138, 'rmse': 0.0571838840842247}"
val,"{'mae': 0.7124373912811279, 'rmse': 0.7124607563018799}","{'mae': 0.043007951229810715, 'rmse': 0.058185555040836334}"
train,"{'mae': 0.7056296467781067, 'rmse': 0.7056706547737122}","{'mae': 0.042199090123176575, 'rmse': 0.05706984922289848}"
val,"{'mae': 0.6994316577911377, 'rmse': 0.6994537711143494}","{'mae': 0.0425892174243927, 'rmse': 0.057659100741147995}"
train,"{'mae': 0.7030906677246094, 'rmse': 0.7031368017196655}","{'mae': 0.041895024478435516, 'rmse': 0.056802425533533096}"
val,"{'mae': 0.7034204602241516, 'rmse': 0.7034507989883423}","{'mae': 0.042197585105895996, 'rmse': 0.057301174849271774}"
train,"{'mae': 0.6977458596229553, 'rmse': 0.6977838277816772}","{'mae': 0.04181961715221405, 'rmse': 0.05670906603336334}"
val,"{'mae': 0.6941303014755249, 'rmse': 0.6941646933555603}","{'mae': 0.041619252413511276, 'rmse': 0.056453559547662735}"
train,"{'mae': 0.6975379586219788, 'rmse': 0.697575032711029}","{'mae': 0.0417703352868557, 'rmse': 0.05663009360432625}"
val,"{'mae': 0.6990082263946533, 'rmse': 0.6990318298339844}","{'mae': 0.040832407772541046, 'rmse': 0.05595116317272186}"
train,"{'mae': 0.698265552520752, 'rmse': 0.6983006596565247}","{'mae': 0.041699767112731934, 'rmse': 0.05656592175364494}"
val,"{'mae': 0.7014596462249756, 'rmse': 0.7014946341514587}","{'mae': 0.04121982678771019, 'rmse': 0.056129176169633865}"
train,"{'mae': 0.6952155232429504, 'rmse': 0.6952563524246216}","{'mae': 0.042214713990688324, 'rmse': 0.05706305429339409}"
val,"{'mae': 0.6957705616950989, 'rmse': 0.6958000063896179}","{'mae': 0.04217911511659622, 'rmse': 0.05702025443315506}"
train,"{'mae': 0.6912341713905334, 'rmse': 0.6912739872932434}","{'mae': 0.04202400520443916, 'rmse': 0.05693311244249344}"
val,"{'mae': 0.6954455971717834, 'rmse': 0.6954780220985413}","{'mae': 0.04217170923948288, 'rmse': 0.056945666670799255}"
train,"{'mae': 0.6927924156188965, 'rmse': 0.6928281784057617}","{'mae': 0.04163310304284096, 'rmse': 0.05649707838892937}"
val,"{'mae': 0.6950907707214355, 'rmse': 0.6951252818107605}","{'mae': 0.04159799963235855, 'rmse': 0.05660642310976982}"
train,"{'mae': 0.6927789449691772, 'rmse': 0.6928157806396484}","{'mae': 0.04175586625933647, 'rmse': 0.05664093792438507}"
val,"{'mae': 0.687261700630188, 'rmse': 0.687282919883728}","{'mae': 0.042041707783937454, 'rmse': 0.05695348605513573}"
train,"{'mae': 0.6922271251678467, 'rmse': 0.6922617554664612}","{'mae': 0.04158151149749756, 'rmse': 0.056425344198942184}"
val,"{'mae': 0.6841898560523987, 'rmse': 0.684215784072876}","{'mae': 0.04163386672735214, 'rmse': 0.056589532643556595}"
train,"{'mae': 0.6878371834754944, 'rmse': 0.6878771185874939}","{'mae': 0.04181361198425293, 'rmse': 0.05670363828539848}"
val,"{'mae': 0.6851130127906799, 'rmse': 0.6851394772529602}","{'mae': 0.04219812899827957, 'rmse': 0.0571838915348053}"
train,"{'mae': 0.6889211535453796, 'rmse': 0.688952624797821}","{'mae': 0.041603680700063705, 'rmse': 0.05644180253148079}"
val,"{'mae': 0.6876989006996155, 'rmse': 0.6877322196960449}","{'mae': 0.04168536514043808, 'rmse': 0.05675382539629936}"
train,"{'mae': 0.6880729794502258, 'rmse': 0.6881111860275269}","{'mae': 0.04168245941400528, 'rmse': 0.056543879210948944}"
val,"{'mae': 0.6849576830863953, 'rmse': 0.684984564781189}","{'mae': 0.04249986261129379, 'rmse': 0.057326674461364746}"
train,"{'mae': 0.684455156326294, 'rmse': 0.6844920516014099}","{'mae': 0.04172477498650551, 'rmse': 0.05658906698226929}"
val,"{'mae': 0.6776790618896484, 'rmse': 0.6777081489562988}","{'mae': 0.04158201441168785, 'rmse': 0.05650610476732254}"
train,"{'mae': 0.6842271685600281, 'rmse': 0.684264063835144}","{'mae': 0.04156474024057388, 'rmse': 0.0564303956925869}"
val,"{'mae': 0.6789493560791016, 'rmse': 0.6789720058441162}","{'mae': 0.042296621948480606, 'rmse': 0.05714016407728195}"
train,"{'mae': 0.6834344267845154, 'rmse': 0.6834658980369568}","{'mae': 0.04137245565652847, 'rmse': 0.05622691661119461}"
val,"{'mae': 0.6890252828598022, 'rmse': 0.6890463829040527}","{'mae': 0.04153601452708244, 'rmse': 0.05633765086531639}"
train,"{'mae': 0.6839077472686768, 'rmse': 0.6839407086372375}","{'mae': 0.04156865179538727, 'rmse': 0.05643841251730919}"
val,"{'mae': 0.6815168261528015, 'rmse': 0.6815372109413147}","{'mae': 0.04201977699995041, 'rmse': 0.05695640295743942}"
train,"{'mae': 0.6794580221176147, 'rmse': 0.6794967651367188}","{'mae': 0.041815388947725296, 'rmse': 0.056694794446229935}"
val,"{'mae': 0.6706857085227966, 'rmse': 0.6707137823104858}","{'mae': 0.04312366992235184, 'rmse': 0.05804867669939995}"
train,"{'mae': 0.6758001446723938, 'rmse': 0.6758303046226501}","{'mae': 0.04180103912949562, 'rmse': 0.05666813999414444}"
val,"{'mae': 0.676096498966217, 'rmse': 0.6761221885681152}","{'mae': 0.041264694184064865, 'rmse': 0.0561804361641407}"
train,"{'mae': 0.6766040921211243, 'rmse': 0.6766361594200134}","{'mae': 0.0414116308093071, 'rmse': 0.0562354251742363}"
val,"{'mae': 0.6687290072441101, 'rmse': 0.6687475442886353}","{'mae': 0.04175310209393501, 'rmse': 0.0567285418510437}"
train,"{'mae': 0.675286591053009, 'rmse': 0.6753286719322205}","{'mae': 0.041552092880010605, 'rmse': 0.05645657703280449}"
val,"{'mae': 0.6761842966079712, 'rmse': 0.6762019991874695}","{'mae': 0.04199548065662384, 'rmse': 0.05678560584783554}"
train,"{'mae': 0.6728257536888123, 'rmse': 0.6728615760803223}","{'mae': 0.041715022176504135, 'rmse': 0.056576717644929886}"
val,"{'mae': 0.6693971157073975, 'rmse': 0.6694175004959106}","{'mae': 0.04249013960361481, 'rmse': 0.0573795810341835}"
train,"{'mae': 0.6706673502922058, 'rmse': 0.6706986427307129}","{'mae': 0.04155903682112694, 'rmse': 0.05641987919807434}"
val,"{'mae': 0.6701406240463257, 'rmse': 0.6701611280441284}","{'mae': 0.04142109304666519, 'rmse': 0.056392472237348557}"
train,"{'mae': 0.6705169081687927, 'rmse': 0.6705480813980103}","{'mae': 0.04126618802547455, 'rmse': 0.056111712008714676}"
val,"{'mae': 0.6696174740791321, 'rmse': 0.6696376204490662}","{'mae': 0.040886424481868744, 'rmse': 0.055669914931058884}"
train,"{'mae': 0.6703020930290222, 'rmse': 0.6703351736068726}","{'mae': 0.04182136058807373, 'rmse': 0.056685082614421844}"
val,"{'mae': 0.6653790473937988, 'rmse': 0.6654196381568909}","{'mae': 0.04138404503464699, 'rmse': 0.056113529950380325}"
train,"{'mae': 0.6709701418876648, 'rmse': 0.671005368232727}","{'mae': 0.04118475317955017, 'rmse': 0.05603593587875366}"
val,"{'mae': 0.6682873964309692, 'rmse': 0.6683080196380615}","{'mae': 0.041526492685079575, 'rmse': 0.0564599446952343}"
train,"{'mae': 0.6703326106071472, 'rmse': 0.6703647375106812}","{'mae': 0.041311558336019516, 'rmse': 0.05614876747131348}"
val,"{'mae': 0.6733710169792175, 'rmse': 0.6733917593955994}","{'mae': 0.04134552180767059, 'rmse': 0.056258562952280045}"
train,"{'mae': 0.6697177886962891, 'rmse': 0.6697483062744141}","{'mae': 0.04146939143538475, 'rmse': 0.056386563926935196}"
val,"{'mae': 0.6669170260429382, 'rmse': 0.6669380068778992}","{'mae': 0.042170748114585876, 'rmse': 0.05698804929852486}"
train,"{'mae': 0.666709303855896, 'rmse': 0.6667408347129822}","{'mae': 0.04123132303357124, 'rmse': 0.05610203742980957}"
val,"{'mae': 0.6657662391662598, 'rmse': 0.6657939553260803}","{'mae': 0.04156102240085602, 'rmse': 0.05653334781527519}"
train,"{'mae': 0.6659319996833801, 'rmse': 0.6659604907035828}","{'mae': 0.0414283312857151, 'rmse': 0.05625245347619057}"
val,"{'mae': 0.6641935110092163, 'rmse': 0.6642066836357117}","{'mae': 0.04160887748003006, 'rmse': 0.056496355682611465}"
train,"{'mae': 0.6650478839874268, 'rmse': 0.6650786399841309}","{'mae': 0.041656676679849625, 'rmse': 0.056503139436244965}"
val,"{'mae': 0.6645107865333557, 'rmse': 0.66453617811203}","{'mae': 0.041294634342193604, 'rmse': 0.05608996003866196}"
train,"{'mae': 0.6650006771087646, 'rmse': 0.6650316715240479}","{'mae': 0.04104427993297577, 'rmse': 0.05586572736501694}"
val,"{'mae': 0.6668979525566101, 'rmse': 0.6669208407402039}","{'mae': 0.04125439003109932, 'rmse': 0.05604489892721176}"
train,"{'mae': 0.6619022488594055, 'rmse': 0.66193026304245}","{'mae': 0.04144003242254257, 'rmse': 0.0562698133289814}"
val,"{'mae': 0.6566091775894165, 'rmse': 0.656625509262085}","{'mae': 0.04182364046573639, 'rmse': 0.056629326194524765}"
train,"{'mae': 0.6594303250312805, 'rmse': 0.6594556570053101}","{'mae': 0.04116954281926155, 'rmse': 0.05599256977438927}"
val,"{'mae': 0.6588494181632996, 'rmse': 0.6588630080223083}","{'mae': 0.04172699898481369, 'rmse': 0.05677560344338417}"
train,"{'mae': 0.6597368717193604, 'rmse': 0.6597633361816406}","{'mae': 0.04123775660991669, 'rmse': 0.056039225310087204}"
val,"{'mae': 0.6613736748695374, 'rmse': 0.6613902449607849}","{'mae': 0.04124946519732475, 'rmse': 0.05618799477815628}"
train,"{'mae': 0.6565796732902527, 'rmse': 0.6566057205200195}","{'mae': 0.041264813393354416, 'rmse': 0.0561065748333931}"
val,"{'mae': 0.6566117405891418, 'rmse': 0.6566270589828491}","{'mae': 0.04114393889904022, 'rmse': 0.056007884442806244}"
train,"{'mae': 0.6553269624710083, 'rmse': 0.6553530693054199}","{'mae': 0.04135816544294357, 'rmse': 0.05618024989962578}"
val,"{'mae': 0.65886390209198, 'rmse': 0.6588824987411499}","{'mae': 0.04133150726556778, 'rmse': 0.05630642548203468}"
train,"{'mae': 0.6534058451652527, 'rmse': 0.6534308195114136}","{'mae': 0.041301727294921875, 'rmse': 0.056122325360774994}"
val,"{'mae': 0.6526646614074707, 'rmse': 0.6526824235916138}","{'mae': 0.041877929121255875, 'rmse': 0.05641498789191246}"
train,"{'mae': 0.6522212624549866, 'rmse': 0.6522451043128967}","{'mae': 0.04146900773048401, 'rmse': 0.056328821927309036}"
val,"{'mae': 0.6461146473884583, 'rmse': 0.6461313962936401}","{'mae': 0.04257533699274063, 'rmse': 0.057227883487939835}"
train,"{'mae': 0.648901104927063, 'rmse': 0.6489284634590149}","{'mae': 0.041279226541519165, 'rmse': 0.056135065853595734}"
val,"{'mae': 0.6511584520339966, 'rmse': 0.6511849761009216}","{'mae': 0.041211508214473724, 'rmse': 0.05609435215592384}"
train,"{'mae': 0.6490323543548584, 'rmse': 0.6490595936775208}","{'mae': 0.04142022505402565, 'rmse': 0.05623306334018707}"
val,"{'mae': 0.6457299590110779, 'rmse': 0.6457504034042358}","{'mae': 0.042318861931562424, 'rmse': 0.05715907737612724}"
train,"{'mae': 0.6498315930366516, 'rmse': 0.6498569846153259}","{'mae': 0.041201405227184296, 'rmse': 0.05605407431721687}"
val,"{'mae': 0.6527780890464783, 'rmse': 0.6527988910675049}","{'mae': 0.042306095361709595, 'rmse': 0.057209089398384094}"
train,"{'mae': 0.6465283036231995, 'rmse': 0.6465591788291931}","{'mae': 0.04129362478852272, 'rmse': 0.05613952875137329}"
val,"{'mae': 0.6457794308662415, 'rmse': 0.6457998752593994}","{'mae': 0.04117784649133682, 'rmse': 0.05613049119710922}"
train,"{'mae': 0.6465712189674377, 'rmse': 0.6465979814529419}","{'mae': 0.040993254631757736, 'rmse': 0.05581456795334816}"
val,"{'mae': 0.64073246717453, 'rmse': 0.6407583355903625}","{'mae': 0.041001155972480774, 'rmse': 0.05583459511399269}"
train,"{'mae': 0.6465269923210144, 'rmse': 0.6465545296669006}","{'mae': 0.04095923900604248, 'rmse': 0.05575210601091385}"
val,"{'mae': 0.6430997848510742, 'rmse': 0.6431132555007935}","{'mae': 0.04091106355190277, 'rmse': 0.05592327192425728}"
train,"{'mae': 0.6470122933387756, 'rmse': 0.6470354795455933}","{'mae': 0.04097096621990204, 'rmse': 0.05577467009425163}"
val,"{'mae': 0.6490117907524109, 'rmse': 0.6490287184715271}","{'mae': 0.04107562080025673, 'rmse': 0.05596516653895378}"
train,"{'mae': 0.6443678736686707, 'rmse': 0.6443923711776733}","{'mae': 0.04103947430849075, 'rmse': 0.055840183049440384}"
val,"{'mae': 0.6372829675674438, 'rmse': 0.6373065114021301}","{'mae': 0.04169918969273567, 'rmse': 0.05644416809082031}"
train,"{'mae': 0.6436994075775146, 'rmse': 0.6437254548072815}","{'mae': 0.04115968570113182, 'rmse': 0.05596967786550522}"
val,"{'mae': 0.6414458155632019, 'rmse': 0.6414653658866882}","{'mae': 0.0412876270711422, 'rmse': 0.056130535900592804}"
train,"{'mae': 0.6417632699012756, 'rmse': 0.6417882442474365}","{'mae': 0.04099346697330475, 'rmse': 0.05580820515751839}"
val,"{'mae': 0.6413260698318481, 'rmse': 0.6413472890853882}","{'mae': 0.041335079818964005, 'rmse': 0.05609295517206192}"
train,"{'mae': 0.6417397856712341, 'rmse': 0.6417645812034607}","{'mae': 0.04106894135475159, 'rmse': 0.055886153131723404}"
val,"{'mae': 0.6417008638381958, 'rmse': 0.6417171359062195}","{'mae': 0.04127713292837143, 'rmse': 0.05619507282972336}"
train,"{'mae': 0.6404246091842651, 'rmse': 0.6404547095298767}","{'mae': 0.041213203221559525, 'rmse': 0.05605633929371834}"
val,"{'mae': 0.6439658403396606, 'rmse': 0.6439891457557678}","{'mae': 0.04119974002242088, 'rmse': 0.05599803477525711}"
train,"{'mae': 0.6381940245628357, 'rmse': 0.6382213830947876}","{'mae': 0.04113662242889404, 'rmse': 0.055949486792087555}"
val,"{'mae': 0.6390489339828491, 'rmse': 0.6390623450279236}","{'mae': 0.04100611433386803, 'rmse': 0.05587061122059822}"
train,"{'mae': 0.6385025978088379, 'rmse': 0.638525664806366}","{'mae': 0.04099440202116966, 'rmse': 0.05582813918590546}"
val,"{'mae': 0.6380642652511597, 'rmse': 0.6380840539932251}","{'mae': 0.0415344275534153, 'rmse': 0.05641965568065643}"
train,"{'mae': 0.637322187423706, 'rmse': 0.637344479560852}","{'mae': 0.04098470136523247, 'rmse': 0.05578717961907387}"
val,"{'mae': 0.638268768787384, 'rmse': 0.6382866501808167}","{'mae': 0.04056554660201073, 'rmse': 0.05554419755935669}"
train,"{'mae': 0.6376611590385437, 'rmse': 0.6376856565475464}","{'mae': 0.04105685278773308, 'rmse': 0.05586543306708336}"
val,"{'mae': 0.6358522176742554, 'rmse': 0.6358755230903625}","{'mae': 0.0414222776889801, 'rmse': 0.05619845539331436}"
train,"{'mae': 0.6369001269340515, 'rmse': 0.6369251012802124}","{'mae': 0.041082680225372314, 'rmse': 0.055888582020998}"
val,"{'mae': 0.6321924328804016, 'rmse': 0.6322061419487}","{'mae': 0.041600462049245834, 'rmse': 0.05628200247883797}"
train,"{'mae': 0.6344462037086487, 'rmse': 0.6344704031944275}","{'mae': 0.041340332478284836, 'rmse': 0.05614880844950676}"
val,"{'mae': 0.6319676637649536, 'rmse': 0.6319808959960938}","{'mae': 0.040427014231681824, 'rmse': 0.05538112670183182}"
train,"{'mae': 0.6351981163024902, 'rmse': 0.6352203488349915}","{'mae': 0.041182566434144974, 'rmse': 0.05601926147937775}"
val,"{'mae': 0.6353220343589783, 'rmse': 0.6353349089622498}","{'mae': 0.04247191175818443, 'rmse': 0.0571027547121048}"
train,"{'mae': 0.631753146648407, 'rmse': 0.6317713856697083}","{'mae': 0.04119647294282913, 'rmse': 0.055998049676418304}"
val,"{'mae': 0.6309868693351746, 'rmse': 0.6310042142868042}","{'mae': 0.041553597897291183, 'rmse': 0.056381139904260635}"
train,"{'mae': 0.6314335465431213, 'rmse': 0.6314557194709778}","{'mae': 0.04116292670369148, 'rmse': 0.05598832666873932}"
val,"{'mae': 0.6300739645957947, 'rmse': 0.6300860643386841}","{'mae': 0.04092222452163696, 'rmse': 0.05585947260260582}"
train,"{'mae': 0.6299618482589722, 'rmse': 0.6299828886985779}","{'mae': 0.04103534668684006, 'rmse': 0.055839553475379944}"
val,"{'mae': 0.6266792416572571, 'rmse': 0.6266940236091614}","{'mae': 0.04121218994259834, 'rmse': 0.05618053302168846}"
train,"{'mae': 0.6295319199562073, 'rmse': 0.6295583248138428}","{'mae': 0.04093172401189804, 'rmse': 0.05573999509215355}"
val,"{'mae': 0.6352111101150513, 'rmse': 0.6352229714393616}","{'mae': 0.04196580499410629, 'rmse': 0.05658486858010292}"
train,"{'mae': 0.6282801628112793, 'rmse': 0.6283020973205566}","{'mae': 0.040911946445703506, 'rmse': 0.05567958950996399}"
val,"{'mae': 0.6277886033058167, 'rmse': 0.6277972459793091}","{'mae': 0.04212389513850212, 'rmse': 0.056861963123083115}"
train,"{'mae': 0.6285450458526611, 'rmse': 0.6285665035247803}","{'mae': 0.04069530591368675, 'rmse': 0.05548403412103653}"
val,"{'mae': 0.6262282729148865, 'rmse': 0.6262390613555908}","{'mae': 0.04143856093287468, 'rmse': 0.056346915662288666}"
train,"{'mae': 0.6280568242073059, 'rmse': 0.6280772089958191}","{'mae': 0.04064979404211044, 'rmse': 0.055424176156520844}"
val,"{'mae': 0.6340495944023132, 'rmse': 0.6340640187263489}","{'mae': 0.04091227427124977, 'rmse': 0.05576306954026222}"
train,"{'mae': 0.6276955604553223, 'rmse': 0.627713143825531}","{'mae': 0.04095124080777168, 'rmse': 0.05578096583485603}"
val,"{'mae': 0.6283230185508728, 'rmse': 0.6283347606658936}","{'mae': 0.04054509475827217, 'rmse': 0.05545252561569214}"
train,"{'mae': 0.6269409656524658, 'rmse': 0.6269588470458984}","{'mae': 0.040865328162908554, 'rmse': 0.0556495375931263}"
val,"{'mae': 0.6241714358329773, 'rmse': 0.6241838932037354}","{'mae': 0.040485914796590805, 'rmse': 0.05539972335100174}"
train,"{'mae': 0.6262606382369995, 'rmse': 0.626283586025238}","{'mae': 0.040639787912368774, 'rmse': 0.055445242673158646}"
val,"{'mae': 0.636078417301178, 'rmse': 0.6360862255096436}","{'mae': 0.04090655967593193, 'rmse': 0.055708933621644974}"
train,"{'mae': 0.6269168853759766, 'rmse': 0.6269361972808838}","{'mae': 0.04087555408477783, 'rmse': 0.055676430463790894}"
val,"{'mae': 0.6233507990837097, 'rmse': 0.6233648657798767}","{'mae': 0.041088007390499115, 'rmse': 0.05589048191905022}"
train,"{'mae': 0.6234457492828369, 'rmse': 0.6234646439552307}","{'mae': 0.04077064245939255, 'rmse': 0.05553743615746498}"
val,"{'mae': 0.6247749328613281, 'rmse': 0.6247921586036682}","{'mae': 0.04057026654481888, 'rmse': 0.0555555522441864}"
train,"{'mae': 0.6274095177650452, 'rmse': 0.6274267435073853}","{'mae': 0.04058306664228439, 'rmse': 0.055388666689395905}"
val,"{'mae': 0.6256452202796936, 'rmse': 0.6256539225578308}","{'mae': 0.040918249636888504, 'rmse': 0.055740825831890106}"
train,"{'mae': 0.6270057559013367, 'rmse': 0.6270235776901245}","{'mae': 0.04071221128106117, 'rmse': 0.055484697222709656}"
val,"{'mae': 0.6264342665672302, 'rmse': 0.626443088054657}","{'mae': 0.04034869745373726, 'rmse': 0.05535697191953659}"
train,"{'mae': 0.6264128684997559, 'rmse': 0.6264294385910034}","{'mae': 0.04076250270009041, 'rmse': 0.05556512251496315}"
val,"{'mae': 0.6209816932678223, 'rmse': 0.6209931969642639}","{'mae': 0.040819477289915085, 'rmse': 0.05573418736457825}"
train,"{'mae': 0.622606098651886, 'rmse': 0.6226251125335693}","{'mae': 0.04107661172747612, 'rmse': 0.05586979538202286}"
val,"{'mae': 0.6212982535362244, 'rmse': 0.6213065385818481}","{'mae': 0.04065108299255371, 'rmse': 0.05540100857615471}"
train,"{'mae': 0.6246005892753601, 'rmse': 0.6246164441108704}","{'mae': 0.04067894443869591, 'rmse': 0.05546525865793228}"
val,"{'mae': 0.6226033568382263, 'rmse': 0.6226155161857605}","{'mae': 0.04091007262468338, 'rmse': 0.05567656457424164}"
train,"{'mae': 0.6233647465705872, 'rmse': 0.6233814358711243}","{'mae': 0.0405549630522728, 'rmse': 0.05533900111913681}"
val,"{'mae': 0.6221510171890259, 'rmse': 0.6221618056297302}","{'mae': 0.04051768407225609, 'rmse': 0.05540822073817253}"
train,"{'mae': 0.6240910291671753, 'rmse': 0.624106228351593}","{'mae': 0.04073004797101021, 'rmse': 0.05549172684550285}"
val,"{'mae': 0.620177149772644, 'rmse': 0.6201844811439514}","{'mae': 0.041579656302928925, 'rmse': 0.05633857846260071}"
train,"{'mae': 0.6213093400001526, 'rmse': 0.6213250160217285}","{'mae': 0.04066507890820503, 'rmse': 0.05545561760663986}"
val,"{'mae': 0.6244499087333679, 'rmse': 0.6244571208953857}","{'mae': 0.04128718003630638, 'rmse': 0.05599984899163246}"
train,"{'mae': 0.6222310066223145, 'rmse': 0.622245728969574}","{'mae': 0.04055875912308693, 'rmse': 0.05534019693732262}"
val,"{'mae': 0.6216742396354675, 'rmse': 0.6216831803321838}","{'mae': 0.04103535786271095, 'rmse': 0.05588778853416443}"
train,"{'mae': 0.6232883930206299, 'rmse': 0.6233052611351013}","{'mae': 0.040565621107816696, 'rmse': 0.0553491972386837}"
val,"{'mae': 0.6252798438072205, 'rmse': 0.6252880096435547}","{'mae': 0.04164593666791916, 'rmse': 0.05636948347091675}"
train,"{'mae': 0.6218851804733276, 'rmse': 0.6219013929367065}","{'mae': 0.04061271250247955, 'rmse': 0.055402226746082306}"
val,"{'mae': 0.6210715770721436, 'rmse': 0.6210840344429016}","{'mae': 0.0410701259970665, 'rmse': 0.05580330267548561}"
train,"{'mae': 0.6218832731246948, 'rmse': 0.6219000816345215}","{'mae': 0.04072592779994011, 'rmse': 0.055498190224170685}"
val,"{'mae': 0.6154718995094299, 'rmse': 0.6154782772064209}","{'mae': 0.040710289031267166, 'rmse': 0.05570525676012039}"
train,"{'mae': 0.6202898025512695, 'rmse': 0.6203048825263977}","{'mae': 0.040594182908535004, 'rmse': 0.05538871884346008}"
val,"{'mae': 0.6207547783851624, 'rmse': 0.6207607984542847}","{'mae': 0.04081306234002113, 'rmse': 0.05563533678650856}"
train,"{'mae': 0.6220479011535645, 'rmse': 0.6220612525939941}","{'mae': 0.04047905281186104, 'rmse': 0.05525766685605049}"
val,"{'mae': 0.6241503953933716, 'rmse': 0.62415611743927}","{'mae': 0.0414174385368824, 'rmse': 0.05622507259249687}"
train,"{'mae': 0.619928777217865, 'rmse': 0.6199408769607544}","{'mae': 0.04054031893610954, 'rmse': 0.05531446263194084}"
val,"{'mae': 0.6166737079620361, 'rmse': 0.6166793704032898}","{'mae': 0.041038867086172104, 'rmse': 0.0557950921356678}"
train,"{'mae': 0.6220843195915222, 'rmse': 0.6220994591712952}","{'mae': 0.04049455374479294, 'rmse': 0.05529208853840828}"
val,"{'mae': 0.6185435056686401, 'rmse': 0.6185479760169983}","{'mae': 0.04063761234283447, 'rmse': 0.055471669882535934}"
train,"{'mae': 0.6207261681556702, 'rmse': 0.6207378506660461}","{'mae': 0.04059752821922302, 'rmse': 0.05535855516791344}"
val,"{'mae': 0.6221891045570374, 'rmse': 0.6221967935562134}","{'mae': 0.04026057571172714, 'rmse': 0.05496744439005852}"
train,"{'mae': 0.6205778121948242, 'rmse': 0.6205952167510986}","{'mae': 0.04047992825508118, 'rmse': 0.05524512752890587}"
val,"{'mae': 0.6206677556037903, 'rmse': 0.6206728219985962}","{'mae': 0.0409063920378685, 'rmse': 0.05565372481942177}"
train,"{'mae': 0.6209221482276917, 'rmse': 0.6209362745285034}","{'mae': 0.04050830751657486, 'rmse': 0.05528228357434273}"
val,"{'mae': 0.6253418922424316, 'rmse': 0.625346302986145}","{'mae': 0.04029284417629242, 'rmse': 0.05515694618225098}"
train,"{'mae': 0.6220731735229492, 'rmse': 0.6220859885215759}","{'mae': 0.04043714329600334, 'rmse': 0.05520566925406456}"
val,"{'mae': 0.6166344285011292, 'rmse': 0.6166432499885559}","{'mae': 0.040662240236997604, 'rmse': 0.05547235161066055}"
train,"{'mae': 0.620268702507019, 'rmse': 0.6202812194824219}","{'mae': 0.04051690176129341, 'rmse': 0.05529750511050224}"
val,"{'mae': 0.6189636588096619, 'rmse': 0.6189720630645752}","{'mae': 0.04038833826780319, 'rmse': 0.05522116646170616}"
train,"{'mae': 0.6178502440452576, 'rmse': 0.6178630590438843}","{'mae': 0.040409523993730545, 'rmse': 0.05517635866999626}"
val,"{'mae': 0.6178876757621765, 'rmse': 0.6178920269012451}","{'mae': 0.0408136211335659, 'rmse': 0.05564401298761368}"
train,"{'mae': 0.617627739906311, 'rmse': 0.617641270160675}","{'mae': 0.04064279794692993, 'rmse': 0.05543244257569313}"
val,"{'mae': 0.6163130402565002, 'rmse': 0.6163203120231628}","{'mae': 0.040232911705970764, 'rmse': 0.05520780757069588}"
train,"{'mae': 0.6181779503822327, 'rmse': 0.6181913018226624}","{'mae': 0.040412142872810364, 'rmse': 0.055157311260700226}"
val,"{'mae': 0.6190970540046692, 'rmse': 0.6190997362136841}","{'mae': 0.04043280705809593, 'rmse': 0.0552314892411232}"
train,"{'mae': 0.6188992857933044, 'rmse': 0.6189109086990356}","{'mae': 0.04048771411180496, 'rmse': 0.055237069725990295}"
val,"{'mae': 0.6242226958274841, 'rmse': 0.6242312788963318}","{'mae': 0.040520694106817245, 'rmse': 0.05550539493560791}"
train,"{'mae': 0.6205451488494873, 'rmse': 0.6205596327781677}","{'mae': 0.040358006954193115, 'rmse': 0.055108487606048584}"
val,"{'mae': 0.6205921769142151, 'rmse': 0.620598554611206}","{'mae': 0.04120787978172302, 'rmse': 0.05592896416783333}"
train,"{'mae': 0.6200098991394043, 'rmse': 0.6200195550918579}","{'mae': 0.04036165401339531, 'rmse': 0.055101461708545685}"
val,"{'mae': 0.6180558800697327, 'rmse': 0.6180615425109863}","{'mae': 0.04162487015128136, 'rmse': 0.05680704489350319}"
train,"{'mae': 0.6158018708229065, 'rmse': 0.6158122420310974}","{'mae': 0.04049139469861984, 'rmse': 0.05523955076932907}"
val,"{'mae': 0.6155344247817993, 'rmse': 0.6155398488044739}","{'mae': 0.040916942059993744, 'rmse': 0.0557977557182312}"
train,"{'mae': 0.6170662641525269, 'rmse': 0.6170769929885864}","{'mae': 0.04038851708173752, 'rmse': 0.055151212960481644}"
val,"{'mae': 0.6179394125938416, 'rmse': 0.61794513463974}","{'mae': 0.040680211037397385, 'rmse': 0.05538071691989899}"
train,"{'mae': 0.6153384447097778, 'rmse': 0.6153519153594971}","{'mae': 0.04042157903313637, 'rmse': 0.05518185347318649}"
val,"{'mae': 0.6131457686424255, 'rmse': 0.6131503582000732}","{'mae': 0.040315184742212296, 'rmse': 0.05508667603135109}"
train,"{'mae': 0.61440509557724, 'rmse': 0.614416241645813}","{'mae': 0.040468160063028336, 'rmse': 0.05523492768406868}"
val,"{'mae': 0.6097307205200195, 'rmse': 0.6097378134727478}","{'mae': 0.04122857004404068, 'rmse': 0.055950768291950226}"
train,"{'mae': 0.6133989095687866, 'rmse': 0.6134107112884521}","{'mae': 0.04036346450448036, 'rmse': 0.05509570240974426}"
val,"{'mae': 0.6183950304985046, 'rmse': 0.6183995604515076}","{'mae': 0.040327854454517365, 'rmse': 0.05521094426512718}"
train,"{'mae': 0.6164013743400574, 'rmse': 0.6164132952690125}","{'mae': 0.040148623287677765, 'rmse': 0.05491555854678154}"
val,"{'mae': 0.612739086151123, 'rmse': 0.6127415895462036}","{'mae': 0.0402015745639801, 'rmse': 0.05504738911986351}"
train,"{'mae': 0.6145773530006409, 'rmse': 0.6145870685577393}","{'mae': 0.04027947783470154, 'rmse': 0.05504320561885834}"
val,"{'mae': 0.6146414875984192, 'rmse': 0.6146467924118042}","{'mae': 0.041181452572345734, 'rmse': 0.05595698207616806}"
train,"{'mae': 0.6156663298606873, 'rmse': 0.6156772971153259}","{'mae': 0.040258437395095825, 'rmse': 0.055019065737724304}"
val,"{'mae': 0.6153711676597595, 'rmse': 0.6153775453567505}","{'mae': 0.040317777544260025, 'rmse': 0.055139537900686264}"
train,"{'mae': 0.6171590685844421, 'rmse': 0.6171676516532898}","{'mae': 0.040225569158792496, 'rmse': 0.054966818541288376}"
val,"{'mae': 0.6163004636764526, 'rmse': 0.616306722164154}","{'mae': 0.04033106938004494, 'rmse': 0.05525229498744011}"
train,"{'mae': 0.6162091493606567, 'rmse': 0.6162208914756775}","{'mae': 0.040197789669036865, 'rmse': 0.0549628809094429}"
val,"{'mae': 0.6177754402160645, 'rmse': 0.6177819967269897}","{'mae': 0.04040694236755371, 'rmse': 0.055261243134737015}"
train,"{'mae': 0.6140758395195007, 'rmse': 0.6140874028205872}","{'mae': 0.04039342328906059, 'rmse': 0.055145230144262314}"
val,"{'mae': 0.6134493947029114, 'rmse': 0.6134524345397949}","{'mae': 0.040432754904031754, 'rmse': 0.05508340150117874}"
train,"{'mae': 0.6144972443580627, 'rmse': 0.6145062446594238}","{'mae': 0.040258459746837616, 'rmse': 0.055018242448568344}"
val,"{'mae': 0.6158534288406372, 'rmse': 0.6158550977706909}","{'mae': 0.040513694286346436, 'rmse': 0.055369678884744644}"
train,"{'mae': 0.6151230335235596, 'rmse': 0.6151321530342102}","{'mae': 0.04026205837726593, 'rmse': 0.05499821901321411}"
val,"{'mae': 0.6155239343643188, 'rmse': 0.6155291795730591}","{'mae': 0.040473438799381256, 'rmse': 0.0552155077457428}"
train,"{'mae': 0.6169502139091492, 'rmse': 0.6169594526290894}","{'mae': 0.0402757003903389, 'rmse': 0.05501575022935867}"
val,"{'mae': 0.6157867908477783, 'rmse': 0.6157903075218201}","{'mae': 0.040590550750494, 'rmse': 0.0554477721452713}"
train,"{'mae': 0.6145796775817871, 'rmse': 0.6145897507667542}","{'mae': 0.04023352637887001, 'rmse': 0.05498989298939705}"
val,"{'mae': 0.6100417971611023, 'rmse': 0.6100472211837769}","{'mae': 0.040394317358732224, 'rmse': 0.05526524782180786}"
train,"{'mae': 0.6135092377662659, 'rmse': 0.6135183572769165}","{'mae': 0.04015855863690376, 'rmse': 0.05490037053823471}"
val,"{'mae': 0.6151077747344971, 'rmse': 0.6151117086410522}","{'mae': 0.04021700471639633, 'rmse': 0.05501256883144379}"
train,"{'mae': 0.6161049604415894, 'rmse': 0.6161128878593445}","{'mae': 0.040192220360040665, 'rmse': 0.05493228882551193}"
val,"{'mae': 0.6127802729606628, 'rmse': 0.6127832531929016}","{'mae': 0.04038439318537712, 'rmse': 0.055218104273080826}"
train,"{'mae': 0.6127763986587524, 'rmse': 0.612784743309021}","{'mae': 0.04034384340047836, 'rmse': 0.05508452653884888}"
val,"{'mae': 0.6135631203651428, 'rmse': 0.6135675311088562}","{'mae': 0.04070587456226349, 'rmse': 0.05545816570520401}"
train,"{'mae': 0.6137450337409973, 'rmse': 0.6137574315071106}","{'mae': 0.04032929241657257, 'rmse': 0.05504767596721649}"
val,"{'mae': 0.6123332977294922, 'rmse': 0.612338662147522}","{'mae': 0.04055580869317055, 'rmse': 0.055352501571178436}"
train,"{'mae': 0.6142958998680115, 'rmse': 0.6143059134483337}","{'mae': 0.04017329961061478, 'rmse': 0.054935019463300705}"
val,"{'mae': 0.6150854825973511, 'rmse': 0.6150881052017212}","{'mae': 0.04161356762051582, 'rmse': 0.056516945362091064}"
train,"{'mae': 0.6125377416610718, 'rmse': 0.6125460267066956}","{'mae': 0.04030558094382286, 'rmse': 0.05505383387207985}"
val,"{'mae': 0.6098428964614868, 'rmse': 0.6098479628562927}","{'mae': 0.03988213837146759, 'rmse': 0.05468379706144333}"
train,"{'mae': 0.612372875213623, 'rmse': 0.6123838424682617}","{'mae': 0.04030700400471687, 'rmse': 0.0550539530813694}"
val,"{'mae': 0.6104533076286316, 'rmse': 0.6104552745819092}","{'mae': 0.04021482542157173, 'rmse': 0.05506196618080139}"
train,"{'mae': 0.6133304834365845, 'rmse': 0.6133401393890381}","{'mae': 0.040079861879348755, 'rmse': 0.05483614280819893}"
val,"{'mae': 0.6104649305343628, 'rmse': 0.610470712184906}","{'mae': 0.04025525227189064, 'rmse': 0.05519336834549904}"
train,"{'mae': 0.6121964454650879, 'rmse': 0.612205445766449}","{'mae': 0.040138669312000275, 'rmse': 0.054906100034713745}"
val,"{'mae': 0.6115797162055969, 'rmse': 0.6115838885307312}","{'mae': 0.040601298213005066, 'rmse': 0.05558173730969429}"
train,"{'mae': 0.610637366771698, 'rmse': 0.6106463670730591}","{'mae': 0.04037891700863838, 'rmse': 0.0551086887717247}"
val,"{'mae': 0.6077761650085449, 'rmse': 0.6077778339385986}","{'mae': 0.03998207300901413, 'rmse': 0.05484148487448692}"
train,"{'mae': 0.6112957000732422, 'rmse': 0.6113017201423645}","{'mae': 0.039936136454343796, 'rmse': 0.05469108745455742}"
val,"{'mae': 0.6152152419090271, 'rmse': 0.6152165532112122}","{'mae': 0.04073589667677879, 'rmse': 0.05548945441842079}"
train,"{'mae': 0.6127887964248657, 'rmse': 0.6127955913543701}","{'mae': 0.039944469928741455, 'rmse': 0.05467444658279419}"
val,"{'mae': 0.6093579530715942, 'rmse': 0.6093606948852539}","{'mae': 0.04027678072452545, 'rmse': 0.05501704290509224}"
train,"{'mae': 0.6115153431892395, 'rmse': 0.6115232706069946}","{'mae': 0.04004836827516556, 'rmse': 0.054802581667900085}"
val,"{'mae': 0.6111053824424744, 'rmse': 0.6111087203025818}","{'mae': 0.0404292494058609, 'rmse': 0.05543747916817665}"
train,"{'mae': 0.612312912940979, 'rmse': 0.6123220920562744}","{'mae': 0.040054623037576675, 'rmse': 0.05479893460869789}"
val,"{'mae': 0.6105572581291199, 'rmse': 0.6105622053146362}","{'mae': 0.04024238884449005, 'rmse': 0.05492663383483887}"
train,"{'mae': 0.6123106479644775, 'rmse': 0.612318217754364}","{'mae': 0.04005732759833336, 'rmse': 0.05477910488843918}"
val,"{'mae': 0.6153873801231384, 'rmse': 0.6153908371925354}","{'mae': 0.040248315781354904, 'rmse': 0.05501127243041992}"
train,"{'mae': 0.6137747168540955, 'rmse': 0.6137830018997192}","{'mae': 0.03995462879538536, 'rmse': 0.05469031259417534}"
val,"{'mae': 0.6108574271202087, 'rmse': 0.6108603477478027}","{'mae': 0.039868779480457306, 'rmse': 0.05462034419178963}"
train,"{'mae': 0.6132048964500427, 'rmse': 0.6132137179374695}","{'mae': 0.04001886770129204, 'rmse': 0.054760318249464035}"
val,"{'mae': 0.6173744201660156, 'rmse': 0.6173776388168335}","{'mae': 0.04013665392994881, 'rmse': 0.054960910230875015}"
train,"{'mae': 0.6149120330810547, 'rmse': 0.6149193048477173}","{'mae': 0.04002085328102112, 'rmse': 0.05476541072130203}"
val,"{'mae': 0.6130352020263672, 'rmse': 0.6130367517471313}","{'mae': 0.04040345922112465, 'rmse': 0.055115826427936554}"
train,"{'mae': 0.612080454826355, 'rmse': 0.6120867133140564}","{'mae': 0.040150973945856094, 'rmse': 0.054866112768650055}"
val,"{'mae': 0.6131318211555481, 'rmse': 0.61313396692276}","{'mae': 0.04035426676273346, 'rmse': 0.05525718629360199}"
train,"{'mae': 0.6131282448768616, 'rmse': 0.6131367683410645}","{'mae': 0.040060464292764664, 'rmse': 0.0548066720366478}"
val,"{'mae': 0.6191856861114502, 'rmse': 0.6191882491111755}","{'mae': 0.03987343981862068, 'rmse': 0.05468561872839928}"
train,"{'mae': 0.6153805255889893, 'rmse': 0.6153883934020996}","{'mae': 0.04002121463418007, 'rmse': 0.054766543209552765}"
val,"{'mae': 0.6143249869346619, 'rmse': 0.6143266558647156}","{'mae': 0.0397886298596859, 'rmse': 0.05461352691054344}"
train,"{'mae': 0.6142064332962036, 'rmse': 0.6142115592956543}","{'mae': 0.0398908294737339, 'rmse': 0.054612066596746445}"
val,"{'mae': 0.613943874835968, 'rmse': 0.6139450669288635}","{'mae': 0.03978021442890167, 'rmse': 0.054629985243082047}"
train,"{'mae': 0.6146401762962341, 'rmse': 0.6146469116210938}","{'mae': 0.04001525044441223, 'rmse': 0.05474746972322464}"
val,"{'mae': 0.6089650988578796, 'rmse': 0.6089689135551453}","{'mae': 0.04027872160077095, 'rmse': 0.055212803184986115}"
train,"{'mae': 0.6125246286392212, 'rmse': 0.6125299334526062}","{'mae': 0.03996855020523071, 'rmse': 0.05469638109207153}"
val,"{'mae': 0.6131708025932312, 'rmse': 0.6131727695465088}","{'mae': 0.040486209094524384, 'rmse': 0.05536050349473953}"
train,"{'mae': 0.6126194000244141, 'rmse': 0.6126253008842468}","{'mae': 0.04005765914916992, 'rmse': 0.054795041680336}"
val,"{'mae': 0.6117783784866333, 'rmse': 0.6117790341377258}","{'mae': 0.04076465964317322, 'rmse': 0.055381760001182556}"
train,"{'mae': 0.6122182011604309, 'rmse': 0.6122240424156189}","{'mae': 0.0399986207485199, 'rmse': 0.054715726524591446}"
val,"{'mae': 0.613191545009613, 'rmse': 0.6131934523582458}","{'mae': 0.039884574711322784, 'rmse': 0.05465719476342201}"
train,"{'mae': 0.6126465201377869, 'rmse': 0.6126527786254883}","{'mae': 0.03991829603910446, 'rmse': 0.05465387552976608}"
val,"{'mae': 0.6124818325042725, 'rmse': 0.6124830842018127}","{'mae': 0.04038987308740616, 'rmse': 0.05510539934039116}"
train,"{'mae': 0.6138244867324829, 'rmse': 0.6138296127319336}","{'mae': 0.040025174617767334, 'rmse': 0.05475502088665962}"
val,"{'mae': 0.6122022867202759, 'rmse': 0.6122042536735535}","{'mae': 0.04002133756875992, 'rmse': 0.054882682859897614}"
train,"{'mae': 0.6126058101654053, 'rmse': 0.6126116514205933}","{'mae': 0.03993922472000122, 'rmse': 0.05464590713381767}"
val,"{'mae': 0.6098642945289612, 'rmse': 0.6098650097846985}","{'mae': 0.04044365510344505, 'rmse': 0.05513978376984596}"
train,"{'mae': 0.6115657687187195, 'rmse': 0.6115702390670776}","{'mae': 0.039921607822179794, 'rmse': 0.05463055148720741}"
val,"{'mae': 0.6169412732124329, 'rmse': 0.6169425845146179}","{'mae': 0.040268633514642715, 'rmse': 0.055175550282001495}"
train,"{'mae': 0.6124551892280579, 'rmse': 0.6124619245529175}","{'mae': 0.03986912593245506, 'rmse': 0.05460540950298309}"
val,"{'mae': 0.6164742112159729, 'rmse': 0.6164759993553162}","{'mae': 0.040836580097675323, 'rmse': 0.05545942112803459}"
train,"{'mae': 0.613917350769043, 'rmse': 0.6139223575592041}","{'mae': 0.039807096123695374, 'rmse': 0.054527342319488525}"
val,"{'mae': 0.6134402751922607, 'rmse': 0.61344313621521}","{'mae': 0.04066445678472519, 'rmse': 0.05533701553940773}"
train,"{'mae': 0.613466739654541, 'rmse': 0.6134726405143738}","{'mae': 0.03981238603591919, 'rmse': 0.054543204605579376}"
val,"{'mae': 0.6142113208770752, 'rmse': 0.614211916923523}","{'mae': 0.040083833038806915, 'rmse': 0.05495434254407883}"
train,"{'mae': 0.6143172979354858, 'rmse': 0.6143239140510559}","{'mae': 0.0398576445877552, 'rmse': 0.05456392839550972}"
val,"{'mae': 0.6177825927734375, 'rmse': 0.6177833676338196}","{'mae': 0.040143921971321106, 'rmse': 0.05481475219130516}"
train,"{'mae': 0.6130546927452087, 'rmse': 0.6130592226982117}","{'mae': 0.03989819809794426, 'rmse': 0.054623205214738846}"
val,"{'mae': 0.6141970753669739, 'rmse': 0.6141990423202515}","{'mae': 0.03963173180818558, 'rmse': 0.054531630128622055}"
train,"{'mae': 0.6140024065971375, 'rmse': 0.6140075325965881}","{'mae': 0.039699312299489975, 'rmse': 0.054415348917245865}"
val,"{'mae': 0.6137694120407104, 'rmse': 0.6137709617614746}","{'mae': 0.039973460137844086, 'rmse': 0.05488671362400055}"
train,"{'mae': 0.6131404638290405, 'rmse': 0.61314457654953}","{'mae': 0.0397942028939724, 'rmse': 0.054506611078977585}"
val,"{'mae': 0.6146202683448792, 'rmse': 0.6146215796470642}","{'mae': 0.03991717845201492, 'rmse': 0.05463933199644089}"
train,"{'mae': 0.6119709014892578, 'rmse': 0.6119780540466309}","{'mae': 0.03982632979750633, 'rmse': 0.05454367399215698}"
val,"{'mae': 0.6139152646064758, 'rmse': 0.6139179468154907}","{'mae': 0.0406198687851429, 'rmse': 0.05531294643878937}"
train,"{'mae': 0.613602340221405, 'rmse': 0.6136072874069214}","{'mae': 0.03980399668216705, 'rmse': 0.05452026054263115}"
val,"{'mae': 0.6133959889411926, 'rmse': 0.6133967041969299}","{'mae': 0.039586275815963745, 'rmse': 0.05445484444499016}"
train,"{'mae': 0.6142589449882507, 'rmse': 0.6142643690109253}","{'mae': 0.03989627957344055, 'rmse': 0.054619982838630676}"
val,"{'mae': 0.6142651438713074, 'rmse': 0.6142655611038208}","{'mae': 0.03980543464422226, 'rmse': 0.054754745215177536}"
train,"{'mae': 0.6144383549690247, 'rmse': 0.6144456267356873}","{'mae': 0.039708640426397324, 'rmse': 0.05443026125431061}"
val,"{'mae': 0.6232210397720337, 'rmse': 0.6232213377952576}","{'mae': 0.04013683646917343, 'rmse': 0.0549645870923996}"
train,"{'mae': 0.6164498925209045, 'rmse': 0.616454541683197}","{'mae': 0.03984976187348366, 'rmse': 0.05457126721739769}"
val,"{'mae': 0.6156843304634094, 'rmse': 0.6156847476959229}","{'mae': 0.04018146172165871, 'rmse': 0.05516115576028824}"
train,"{'mae': 0.6156328916549683, 'rmse': 0.6156367659568787}","{'mae': 0.03989655524492264, 'rmse': 0.0546005517244339}"
val,"{'mae': 0.611920177936554, 'rmse': 0.6119207739830017}","{'mae': 0.03996329754590988, 'rmse': 0.054772600531578064}"
train,"{'mae': 0.6154842972755432, 'rmse': 0.6154887080192566}","{'mae': 0.03966306149959564, 'rmse': 0.054387543350458145}"
val,"{'mae': 0.616272509098053, 'rmse': 0.6162731647491455}","{'mae': 0.04010304808616638, 'rmse': 0.05480622872710228}"
train,"{'mae': 0.6140359044075012, 'rmse': 0.6140408515930176}","{'mae': 0.03998355194926262, 'rmse': 0.054668355733156204}"
val,"{'mae': 0.6149649024009705, 'rmse': 0.6149653196334839}","{'mae': 0.03992457315325737, 'rmse': 0.0548587292432785}"
train,"{'mae': 0.6144587993621826, 'rmse': 0.614463210105896}","{'mae': 0.039768218994140625, 'rmse': 0.05448334291577339}"
val,"{'mae': 0.6179004311561584, 'rmse': 0.6179010272026062}","{'mae': 0.039984285831451416, 'rmse': 0.054704584181308746}"
train,"{'mae': 0.6135026216506958, 'rmse': 0.6135073900222778}","{'mae': 0.03982594609260559, 'rmse': 0.05452427640557289}"
val,"{'mae': 0.6133979558944702, 'rmse': 0.613398551940918}","{'mae': 0.04028202220797539, 'rmse': 0.05498792231082916}"
train,"{'mae': 0.6149002909660339, 'rmse': 0.6149041652679443}","{'mae': 0.039688192307949066, 'rmse': 0.05440375953912735}"
val,"{'mae': 0.6164670586585999, 'rmse': 0.6164674758911133}","{'mae': 0.04042508825659752, 'rmse': 0.05507226660847664}"
train,"{'mae': 0.6143391728401184, 'rmse': 0.61434406042099}","{'mae': 0.03985464200377464, 'rmse': 0.054544609040021896}"
val,"{'mae': 0.617319643497467, 'rmse': 0.6173198223114014}","{'mae': 0.040137629956007004, 'rmse': 0.05497511848807335}"
train,"{'mae': 0.6145036816596985, 'rmse': 0.6145084500312805}","{'mae': 0.03974655643105507, 'rmse': 0.054450925439596176}"
val,"{'mae': 0.6143386363983154, 'rmse': 0.6143391132354736}","{'mae': 0.04140711575746536, 'rmse': 0.055844083428382874}"
train,"{'mae': 0.6147135496139526, 'rmse': 0.6147183179855347}","{'mae': 0.039639245718717575, 'rmse': 0.05435727909207344}"
val,"{'mae': 0.613330602645874, 'rmse': 0.6133311986923218}","{'mae': 0.03987755626440048, 'rmse': 0.05464290827512741}"
train,"{'mae': 0.6156971454620361, 'rmse': 0.6157025098800659}","{'mae': 0.039714425802230835, 'rmse': 0.05443193390965462}"
val,"{'mae': 0.6184134483337402, 'rmse': 0.6184139251708984}","{'mae': 0.04015690088272095, 'rmse': 0.05485134571790695}"
train,"{'mae': 0.6149360537528992, 'rmse': 0.6149394512176514}","{'mae': 0.03961806744337082, 'rmse': 0.05432191863656044}"
val,"{'mae': 0.6134012937545776, 'rmse': 0.6134019494056702}","{'mae': 0.03954637795686722, 'rmse': 0.05433621630072594}"
train,"{'mae': 0.6158844232559204, 'rmse': 0.6158881187438965}","{'mae': 0.03959237039089203, 'rmse': 0.05430556461215019}"
val,"{'mae': 0.6133512854576111, 'rmse': 0.6133524179458618}","{'mae': 0.039885155856609344, 'rmse': 0.05466459318995476}"
train,"{'mae': 0.614461362361908, 'rmse': 0.6144680380821228}","{'mae': 0.03964775428175926, 'rmse': 0.05436180904507637}"
val,"{'mae': 0.6138908863067627, 'rmse': 0.613892674446106}","{'mae': 0.03987984359264374, 'rmse': 0.05463555082678795}"
train,"{'mae': 0.6168467402458191, 'rmse': 0.6168513298034668}","{'mae': 0.03954755887389183, 'rmse': 0.05426904186606407}"
val,"{'mae': 0.6199596524238586, 'rmse': 0.6199605464935303}","{'mae': 0.03961014747619629, 'rmse': 0.05443279817700386}"
train,"{'mae': 0.6159068942070007, 'rmse': 0.6159113645553589}","{'mae': 0.03970537707209587, 'rmse': 0.05441689491271973}"
val,"{'mae': 0.6216684579849243, 'rmse': 0.6216692924499512}","{'mae': 0.04024803265929222, 'rmse': 0.0549028143286705}"
train,"{'mae': 0.6163680553436279, 'rmse': 0.6163725256919861}","{'mae': 0.039602942764759064, 'rmse': 0.05430753901600838}"
val,"{'mae': 0.6172388792037964, 'rmse': 0.6172393560409546}","{'mae': 0.04019061475992203, 'rmse': 0.055002227425575256}"
train,"{'mae': 0.6169792413711548, 'rmse': 0.61698317527771}","{'mae': 0.03971245884895325, 'rmse': 0.05441413074731827}"
val,"{'mae': 0.6168811321258545, 'rmse': 0.6168817281723022}","{'mae': 0.04007543623447418, 'rmse': 0.05477127432823181}"
train,"{'mae': 0.6166669726371765, 'rmse': 0.6166709065437317}","{'mae': 0.03956643491983414, 'rmse': 0.05427241697907448}"
val,"{'mae': 0.6166563034057617, 'rmse': 0.6166567206382751}","{'mae': 0.039739642292261124, 'rmse': 0.05460014194250107}"
train,"{'mae': 0.6175700426101685, 'rmse': 0.6175739169120789}","{'mae': 0.03962074592709541, 'rmse': 0.05433294177055359}"
val,"{'mae': 0.6160438656806946, 'rmse': 0.6160446405410767}","{'mae': 0.03975382819771767, 'rmse': 0.05451919138431549}"
train,"{'mae': 0.6151648759841919, 'rmse': 0.6151694655418396}","{'mae': 0.039618492126464844, 'rmse': 0.054311368614435196}"
val,"{'mae': 0.6183767914772034, 'rmse': 0.6183769702911377}","{'mae': 0.04015793651342392, 'rmse': 0.054783597588539124}"
train,"{'mae': 0.6171497702598572, 'rmse': 0.6171543002128601}","{'mae': 0.03961361199617386, 'rmse': 0.054319191724061966}"
val,"{'mae': 0.6142150163650513, 'rmse': 0.6142160892486572}","{'mae': 0.039615731686353683, 'rmse': 0.05442732945084572}"
train,"{'mae': 0.6157207489013672, 'rmse': 0.615725576877594}","{'mae': 0.039746563881635666, 'rmse': 0.054455820471048355}"
val,"{'mae': 0.6167482137680054, 'rmse': 0.6167482137680054}","{'mae': 0.040051791816949844, 'rmse': 0.054739952087402344}"
train,"{'mae': 0.615737795829773, 'rmse': 0.6157410740852356}","{'mae': 0.03950268402695656, 'rmse': 0.054209765046834946}"
val,"{'mae': 0.615805447101593, 'rmse': 0.6158058047294617}","{'mae': 0.03928074240684509, 'rmse': 0.05409904569387436}"
train,"{'mae': 0.6157101988792419, 'rmse': 0.6157154440879822}","{'mae': 0.039585523307323456, 'rmse': 0.05428176373243332}"
val,"{'mae': 0.6163437962532043, 'rmse': 0.6163440942764282}","{'mae': 0.03978601098060608, 'rmse': 0.05473159998655319}"
train,"{'mae': 0.6159207224845886, 'rmse': 0.6159255504608154}","{'mae': 0.03971828892827034, 'rmse': 0.054409515112638474}"
val,"{'mae': 0.6194449067115784, 'rmse': 0.6194457411766052}","{'mae': 0.039974555373191833, 'rmse': 0.05490454286336899}"
train,"{'mae': 0.617578387260437, 'rmse': 0.6175829768180847}","{'mae': 0.03962155058979988, 'rmse': 0.05431175231933594}"
val,"{'mae': 0.618916928768158, 'rmse': 0.6189171075820923}","{'mae': 0.04006044566631317, 'rmse': 0.05485694482922554}"
train,"{'mae': 0.6161057353019714, 'rmse': 0.6161091327667236}","{'mae': 0.03947428986430168, 'rmse': 0.05417902395129204}"
val,"{'mae': 0.6153971552848816, 'rmse': 0.6153980493545532}","{'mae': 0.03960807994008064, 'rmse': 0.05447554960846901}"
train,"{'mae': 0.6162585616111755, 'rmse': 0.6162629127502441}","{'mae': 0.039670392870903015, 'rmse': 0.0543636716902256}"
val,"{'mae': 0.6114724278450012, 'rmse': 0.6114724278450012}","{'mae': 0.0397045835852623, 'rmse': 0.054538533091545105}"
train,"{'mae': 0.6147826910018921, 'rmse': 0.6147858500480652}","{'mae': 0.03946525603532791, 'rmse': 0.05416058003902435}"
val,"{'mae': 0.6130243539810181, 'rmse': 0.6130244731903076}","{'mae': 0.04045480862259865, 'rmse': 0.05506332963705063}"
train,"{'mae': 0.6158862709999084, 'rmse': 0.6158913373947144}","{'mae': 0.039565544575452805, 'rmse': 0.05426013097167015}"
val,"{'mae': 0.6188286542892456, 'rmse': 0.6188287734985352}","{'mae': 0.039744023233652115, 'rmse': 0.05463804677128792}"
train,"{'mae': 0.6167572140693665, 'rmse': 0.6167617440223694}","{'mae': 0.039507508277893066, 'rmse': 0.05420858412981033}"
val,"{'mae': 0.6145125031471252, 'rmse': 0.6145125031471252}","{'mae': 0.039862826466560364, 'rmse': 0.05456123873591423}"
train,"{'mae': 0.616811990737915, 'rmse': 0.6168156266212463}","{'mae': 0.039338428527116776, 'rmse': 0.05404776334762573}"
val,"{'mae': 0.6176672577857971, 'rmse': 0.6176678538322449}","{'mae': 0.039898909628391266, 'rmse': 0.05459778010845184}"
train,"{'mae': 0.6172537803649902, 'rmse': 0.6172571778297424}","{'mae': 0.03951099142432213, 'rmse': 0.05418790876865387}"
val,"{'mae': 0.6173565983772278, 'rmse': 0.617357611656189}","{'mae': 0.03981708362698555, 'rmse': 0.054515156894922256}"
train,"{'mae': 0.6164267659187317, 'rmse': 0.6164318323135376}","{'mae': 0.03943793848156929, 'rmse': 0.05412522703409195}"
val,"{'mae': 0.6157884001731873, 'rmse': 0.6157888174057007}","{'mae': 0.0397915244102478, 'rmse': 0.05457144230604172}"
train,"{'mae': 0.6171631813049316, 'rmse': 0.6171656847000122}","{'mae': 0.039426300674676895, 'rmse': 0.05412318557500839}"
val,"{'mae': 0.6212740540504456, 'rmse': 0.6212741732597351}","{'mae': 0.03974605351686478, 'rmse': 0.054411835968494415}"
train,"{'mae': 0.6165762543678284, 'rmse': 0.6165801286697388}","{'mae': 0.039474982768297195, 'rmse': 0.05417795851826668}"
val,"{'mae': 0.6175724267959595, 'rmse': 0.6175732016563416}","{'mae': 0.04003942012786865, 'rmse': 0.0548391193151474}"
train,"{'mae': 0.6181121468544006, 'rmse': 0.6181145906448364}","{'mae': 0.039477694779634476, 'rmse': 0.054168086498975754}"
val,"{'mae': 0.6188305020332336, 'rmse': 0.6188305616378784}","{'mae': 0.03979083150625229, 'rmse': 0.0545450784265995}"
train,"{'mae': 0.6175921559333801, 'rmse': 0.6175963282585144}","{'mae': 0.03939630091190338, 'rmse': 0.054098762571811676}"
val,"{'mae': 0.6172491312026978, 'rmse': 0.6172493100166321}","{'mae': 0.039731163531541824, 'rmse': 0.05444730445742607}"
train,"{'mae': 0.6172757148742676, 'rmse': 0.6172789335250854}","{'mae': 0.03953835368156433, 'rmse': 0.05421840772032738}"
val,"{'mae': 0.6165186166763306, 'rmse': 0.6165188550949097}","{'mae': 0.03979656845331192, 'rmse': 0.054593294858932495}"
train,"{'mae': 0.6173574328422546, 'rmse': 0.6173631548881531}","{'mae': 0.03942815214395523, 'rmse': 0.05412252992391586}"
val,"{'mae': 0.6174546480178833, 'rmse': 0.6174546480178833}","{'mae': 0.039617668837308884, 'rmse': 0.05431037023663521}"
train,"{'mae': 0.6182112097740173, 'rmse': 0.6182153224945068}","{'mae': 0.03932318463921547, 'rmse': 0.054008305072784424}"
val,"{'mae': 0.6180122494697571, 'rmse': 0.6180122494697571}","{'mae': 0.039652954787015915, 'rmse': 0.054402463138103485}"
train,"{'mae': 0.6179212331771851, 'rmse': 0.6179251074790955}","{'mae': 0.03945273160934448, 'rmse': 0.05414692685008049}"
val,"{'mae': 0.6177864670753479, 'rmse': 0.6177865862846375}","{'mae': 0.040114875882864, 'rmse': 0.054771538823843}"
train,"{'mae': 0.6172900199890137, 'rmse': 0.6172942519187927}","{'mae': 0.03945355862379074, 'rmse': 0.05414445325732231}"
val,"{'mae': 0.6167415976524353, 'rmse': 0.6167417168617249}","{'mae': 0.03963787481188774, 'rmse': 0.054398730397224426}"
train,"{'mae': 0.6185150742530823, 'rmse': 0.6185188293457031}","{'mae': 0.039498768746852875, 'rmse': 0.054170552641153336}"
val,"{'mae': 0.6213127374649048, 'rmse': 0.6213127374649048}","{'mae': 0.03966546431183815, 'rmse': 0.05436668545007706}"
train,"{'mae': 0.6182716488838196, 'rmse': 0.6182752251625061}","{'mae': 0.0394214391708374, 'rmse': 0.05409621447324753}"
val,"{'mae': 0.6168668866157532, 'rmse': 0.6168670058250427}","{'mae': 0.0396839864552021, 'rmse': 0.0543876476585865}"
train,"{'mae': 0.6184563040733337, 'rmse': 0.618459165096283}","{'mae': 0.03950357809662819, 'rmse': 0.054202862083911896}"
val,"{'mae': 0.616829514503479, 'rmse': 0.616829514503479}","{'mae': 0.039718154817819595, 'rmse': 0.05453147739171982}"
train,"{'mae': 0.6186319589614868, 'rmse': 0.6186347007751465}","{'mae': 0.03937511518597603, 'rmse': 0.05407571792602539}"
val,"{'mae': 0.6163506507873535, 'rmse': 0.6163507103919983}","{'mae': 0.03982643783092499, 'rmse': 0.054510701447725296}"
train,"{'mae': 0.6187691688537598, 'rmse': 0.6187734603881836}","{'mae': 0.039337459951639175, 'rmse': 0.05403117835521698}"
val,"{'mae': 0.6161381006240845, 'rmse': 0.6161381006240845}","{'mae': 0.039551615715026855, 'rmse': 0.054409176111221313}"
train,"{'mae': 0.6196590065956116, 'rmse': 0.6196621656417847}","{'mae': 0.039249878376722336, 'rmse': 0.053941719233989716}"
val,"{'mae': 0.6183082461357117, 'rmse': 0.6183083653450012}","{'mae': 0.03977680206298828, 'rmse': 0.05457489565014839}"
train,"{'mae': 0.6198946237564087, 'rmse': 0.6198976039886475}","{'mae': 0.039366383105516434, 'rmse': 0.054078686982393265}"
val,"{'mae': 0.617867112159729, 'rmse': 0.6178671717643738}","{'mae': 0.0395134799182415, 'rmse': 0.0542370080947876}"
train,"{'mae': 0.6197745203971863, 'rmse': 0.6197783946990967}","{'mae': 0.039340682327747345, 'rmse': 0.054029230028390884}"
val,"{'mae': 0.6214672923088074, 'rmse': 0.6214674115180969}","{'mae': 0.03944864124059677, 'rmse': 0.05417555943131447}"
train,"{'mae': 0.6195131540298462, 'rmse': 0.6195156574249268}","{'mae': 0.03922223672270775, 'rmse': 0.053925201296806335}"
val,"{'mae': 0.623416543006897, 'rmse': 0.623416543006897}","{'mae': 0.03925851359963417, 'rmse': 0.05406723916530609}"
train,"{'mae': 0.6210628747940063, 'rmse': 0.6210654973983765}","{'mae': 0.03930313512682915, 'rmse': 0.05399167537689209}"
val,"{'mae': 0.6200951337814331, 'rmse': 0.6200952529907227}","{'mae': 0.03957739844918251, 'rmse': 0.054265983402729034}"
train,"{'mae': 0.6198907494544983, 'rmse': 0.6198935508728027}","{'mae': 0.03930509462952614, 'rmse': 0.05398477241396904}"
val,"{'mae': 0.6197677254676819, 'rmse': 0.6197679042816162}","{'mae': 0.03937375918030739, 'rmse': 0.0541500486433506}"
train,"{'mae': 0.620151937007904, 'rmse': 0.6201556921005249}","{'mae': 0.03937573730945587, 'rmse': 0.05405552312731743}"
val,"{'mae': 0.6212071180343628, 'rmse': 0.6212073564529419}","{'mae': 0.03931517153978348, 'rmse': 0.05412813276052475}"
train,"{'mae': 0.6218292117118835, 'rmse': 0.621832549571991}","{'mae': 0.03929680585861206, 'rmse': 0.05396933853626251}"
val,"{'mae': 0.6216692328453064, 'rmse': 0.621669590473175}","{'mae': 0.03966083750128746, 'rmse': 0.05440695583820343}"
train,"{'mae': 0.6201676726341248, 'rmse': 0.6201706528663635}","{'mae': 0.039364274591207504, 'rmse': 0.05403556302189827}"
val,"{'mae': 0.6184195280075073, 'rmse': 0.6184195876121521}","{'mae': 0.03950797766447067, 'rmse': 0.054272327572107315}"
train,"{'mae': 0.6204965710639954, 'rmse': 0.6204991936683655}","{'mae': 0.03920132294297218, 'rmse': 0.05389944091439247}"
val,"{'mae': 0.622425377368927, 'rmse': 0.6224254369735718}","{'mae': 0.03950761258602142, 'rmse': 0.05422671139240265}"
train,"{'mae': 0.620805025100708, 'rmse': 0.6208085417747498}","{'mae': 0.039404675364494324, 'rmse': 0.05410457029938698}"
val,"{'mae': 0.6207050085067749, 'rmse': 0.6207050085067749}","{'mae': 0.03934616968035698, 'rmse': 0.054147351533174515}"
train,"{'mae': 0.6204839944839478, 'rmse': 0.6204884648323059}","{'mae': 0.039280444383621216, 'rmse': 0.053958017379045486}"
val,"{'mae': 0.6211188435554504, 'rmse': 0.62111896276474}","{'mae': 0.03974594548344612, 'rmse': 0.0546056367456913}"
train,"{'mae': 0.6208634376525879, 'rmse': 0.6208667159080505}","{'mae': 0.03929109498858452, 'rmse': 0.053971029818058014}"
val,"{'mae': 0.6200276017189026, 'rmse': 0.6200277209281921}","{'mae': 0.03945091739296913, 'rmse': 0.054211653769016266}"
train,"{'mae': 0.6217244863510132, 'rmse': 0.6217278242111206}","{'mae': 0.039401184767484665, 'rmse': 0.05408523976802826}"
val,"{'mae': 0.6192713379859924, 'rmse': 0.6192713975906372}","{'mae': 0.03979692980647087, 'rmse': 0.05449514836072922}"
train,"{'mae': 0.6206613183021545, 'rmse': 0.6206652522087097}","{'mae': 0.03934042155742645, 'rmse': 0.054018761962652206}"
val,"{'mae': 0.620176374912262, 'rmse': 0.6201764941215515}","{'mae': 0.039436038583517075, 'rmse': 0.054155513644218445}"
train,"{'mae': 0.6216152906417847, 'rmse': 0.621618390083313}","{'mae': 0.0391877181828022, 'rmse': 0.053865376859903336}"
val,"{'mae': 0.622937023639679, 'rmse': 0.622937023639679}","{'mae': 0.03983398526906967, 'rmse': 0.05451248586177826}"
train,"{'mae': 0.6215173602104187, 'rmse': 0.6215208768844604}","{'mae': 0.03927895799279213, 'rmse': 0.053939882665872574}"
val,"{'mae': 0.6223003268241882, 'rmse': 0.6223003268241882}","{'mae': 0.039564862847328186, 'rmse': 0.05420101433992386}"
train,"{'mae': 0.6225348114967346, 'rmse': 0.6225371956825256}","{'mae': 0.03929683566093445, 'rmse': 0.05396061763167381}"
val,"{'mae': 0.6228682994842529, 'rmse': 0.6228683590888977}","{'mae': 0.04041634500026703, 'rmse': 0.05514209344983101}"
train,"{'mae': 0.6212852597236633, 'rmse': 0.6212886571884155}","{'mae': 0.0393436998128891, 'rmse': 0.05402189865708351}"
val,"{'mae': 0.6216722130775452, 'rmse': 0.6216722130775452}","{'mae': 0.04015778377652168, 'rmse': 0.05494166910648346}"
train,"{'mae': 0.6221444010734558, 'rmse': 0.6221476793289185}","{'mae': 0.039437614381313324, 'rmse': 0.05410262197256088}"
val,"{'mae': 0.6188838481903076, 'rmse': 0.6188840866088867}","{'mae': 0.040020231157541275, 'rmse': 0.0547059029340744}"
train,"{'mae': 0.6224241256713867, 'rmse': 0.6224268674850464}","{'mae': 0.03927259519696236, 'rmse': 0.053959593176841736}"
val,"{'mae': 0.6218560338020325, 'rmse': 0.6218569874763489}","{'mae': 0.03942440077662468, 'rmse': 0.05421639233827591}"
train,"{'mae': 0.6227833032608032, 'rmse': 0.6227856278419495}","{'mae': 0.03913510590791702, 'rmse': 0.05382705479860306}"
val,"{'mae': 0.62727290391922, 'rmse': 0.6272730231285095}","{'mae': 0.040081936866045, 'rmse': 0.054810862988233566}"
train,"{'mae': 0.6232815980911255, 'rmse': 0.6232842206954956}","{'mae': 0.03919677808880806, 'rmse': 0.0538654588162899}"
val,"{'mae': 0.6253096461296082, 'rmse': 0.6253097057342529}","{'mae': 0.03973476588726044, 'rmse': 0.05439475551247597}"
train,"{'mae': 0.6237649917602539, 'rmse': 0.6237667798995972}","{'mae': 0.03919719532132149, 'rmse': 0.05387703329324722}"
val,"{'mae': 0.6202172040939331, 'rmse': 0.6202172636985779}","{'mae': 0.039621174335479736, 'rmse': 0.05429564416408539}"
train,"{'mae': 0.6232974529266357, 'rmse': 0.623300313949585}","{'mae': 0.03914763405919075, 'rmse': 0.05382859334349632}"
val,"{'mae': 0.6226193308830261, 'rmse': 0.6226193904876709}","{'mae': 0.03942268714308739, 'rmse': 0.054184041917324066}"
train,"{'mae': 0.6235816478729248, 'rmse': 0.623584508895874}","{'mae': 0.03916194662451744, 'rmse': 0.05384095013141632}"
val,"{'mae': 0.6230365037918091, 'rmse': 0.6230365037918091}","{'mae': 0.039382245391607285, 'rmse': 0.05420820415019989}"
train,"{'mae': 0.6247210502624512, 'rmse': 0.624722957611084}","{'mae': 0.03919016942381859, 'rmse': 0.05387275665998459}"
val,"{'mae': 0.6238182783126831, 'rmse': 0.6238182783126831}","{'mae': 0.03973975032567978, 'rmse': 0.05445798486471176}"
train,"{'mae': 0.6235495209693909, 'rmse': 0.623552143573761}","{'mae': 0.0392756424844265, 'rmse': 0.053935933858156204}"
val,"{'mae': 0.6259348392486572, 'rmse': 0.6259348392486572}","{'mae': 0.03967912495136261, 'rmse': 0.05436550825834274}"
train,"{'mae': 0.6240648031234741, 'rmse': 0.6240681409835815}","{'mae': 0.03917954862117767, 'rmse': 0.05385831370949745}"
val,"{'mae': 0.6252559423446655, 'rmse': 0.6252562403678894}","{'mae': 0.03941487893462181, 'rmse': 0.05411408469080925}"
train,"{'mae': 0.6247332692146301, 'rmse': 0.6247376799583435}","{'mae': 0.03914967551827431, 'rmse': 0.0538056343793869}"
val,"{'mae': 0.624724268913269, 'rmse': 0.6247243285179138}","{'mae': 0.03952103480696678, 'rmse': 0.05428454279899597}"
train,"{'mae': 0.6250933408737183, 'rmse': 0.6250963807106018}","{'mae': 0.03908512368798256, 'rmse': 0.05375788360834122}"
val,"{'mae': 0.6234918236732483, 'rmse': 0.6234921216964722}","{'mae': 0.03963230922818184, 'rmse': 0.05426478758454323}"
train,"{'mae': 0.6244814991950989, 'rmse': 0.6244835257530212}","{'mae': 0.03918301686644554, 'rmse': 0.053855959326028824}"
val,"{'mae': 0.6258683204650879, 'rmse': 0.6258684992790222}","{'mae': 0.03946448862552643, 'rmse': 0.05422055721282959}"
train,"{'mae': 0.6248379349708557, 'rmse': 0.6248393058776855}","{'mae': 0.039219651371240616, 'rmse': 0.053878992795944214}"
val,"{'mae': 0.6253624558448792, 'rmse': 0.6253624558448792}","{'mae': 0.04003090038895607, 'rmse': 0.05475830286741257}"
train,"{'mae': 0.6247495412826538, 'rmse': 0.6247515678405762}","{'mae': 0.03919730708003044, 'rmse': 0.05386859551072121}"
val,"{'mae': 0.6270422339439392, 'rmse': 0.6270422339439392}","{'mae': 0.039470016956329346, 'rmse': 0.0542323924601078}"
train,"{'mae': 0.6253610849380493, 'rmse': 0.6253640651702881}","{'mae': 0.03903575986623764, 'rmse': 0.05370039865374565}"
val,"{'mae': 0.6242236495018005, 'rmse': 0.6242237091064453}","{'mae': 0.039218682795763016, 'rmse': 0.05407542362809181}"
train,"{'mae': 0.6260572075843811, 'rmse': 0.6260592341423035}","{'mae': 0.03901953995227814, 'rmse': 0.05369938164949417}"
val,"{'mae': 0.6264488101005554, 'rmse': 0.626448929309845}","{'mae': 0.03950071707367897, 'rmse': 0.054176539182662964}"
train,"{'mae': 0.6254077553749084, 'rmse': 0.6254108548164368}","{'mae': 0.03911357745528221, 'rmse': 0.05377340689301491}"
val,"{'mae': 0.6231606602668762, 'rmse': 0.6231607794761658}","{'mae': 0.039726488292217255, 'rmse': 0.05445772409439087}"
train,"{'mae': 0.626061201095581, 'rmse': 0.6260647177696228}","{'mae': 0.039157141000032425, 'rmse': 0.053826600313186646}"
val,"{'mae': 0.6289153099060059, 'rmse': 0.6289153099060059}","{'mae': 0.03929441049695015, 'rmse': 0.05400684475898743}"
train,"{'mae': 0.6267268061637878, 'rmse': 0.6267306804656982}","{'mae': 0.039092808961868286, 'rmse': 0.05377346649765968}"
val,"{'mae': 0.628694474697113, 'rmse': 0.6286947727203369}","{'mae': 0.03963158652186394, 'rmse': 0.054382216185331345}"
train,"{'mae': 0.6255760788917542, 'rmse': 0.6255788207054138}","{'mae': 0.0392039455473423, 'rmse': 0.05387461557984352}"
val,"{'mae': 0.6254193186759949, 'rmse': 0.6254194974899292}","{'mae': 0.03958078846335411, 'rmse': 0.05434189364314079}"
train,"{'mae': 0.6257200837135315, 'rmse': 0.6257226467132568}","{'mae': 0.03908281400799751, 'rmse': 0.05375511944293976}"
val,"{'mae': 0.6226711869239807, 'rmse': 0.6226711869239807}","{'mae': 0.03930921480059624, 'rmse': 0.05413086712360382}"
train,"{'mae': 0.6261588335037231, 'rmse': 0.6261614561080933}","{'mae': 0.03904786333441734, 'rmse': 0.05372874066233635}"
val,"{'mae': 0.6224316954612732, 'rmse': 0.6224318742752075}","{'mae': 0.03975226730108261, 'rmse': 0.054467957466840744}"
train,"{'mae': 0.6267465949058533, 'rmse': 0.6267484426498413}","{'mae': 0.038978032767772675, 'rmse': 0.05365289747714996}"
val,"{'mae': 0.6264453530311584, 'rmse': 0.6264455318450928}","{'mae': 0.03940112143754959, 'rmse': 0.05410122126340866}"
train,"{'mae': 0.626740038394928, 'rmse': 0.6267431974411011}","{'mae': 0.03913060948252678, 'rmse': 0.0538012832403183}"
val,"{'mae': 0.6271279454231262, 'rmse': 0.6271283626556396}","{'mae': 0.03929118067026138, 'rmse': 0.0540243461728096}"
train,"{'mae': 0.626900851726532, 'rmse': 0.6269041895866394}","{'mae': 0.03897096589207649, 'rmse': 0.0536610409617424}"
val,"{'mae': 0.6274653673171997, 'rmse': 0.6274657845497131}","{'mae': 0.039988018572330475, 'rmse': 0.05455157533288002}"
train,"{'mae': 0.6268545985221863, 'rmse': 0.6268569827079773}","{'mae': 0.03910372406244278, 'rmse': 0.053766630589962006}"
val,"{'mae': 0.6300420165061951, 'rmse': 0.630042314529419}","{'mae': 0.03986732289195061, 'rmse': 0.054462600499391556}"
train,"{'mae': 0.6279364228248596, 'rmse': 0.6279385685920715}","{'mae': 0.038984429091215134, 'rmse': 0.05366476625204086}"
val,"{'mae': 0.6306394338607788, 'rmse': 0.6306399703025818}","{'mae': 0.03948207199573517, 'rmse': 0.0541415736079216}"
train,"{'mae': 0.6275756359100342, 'rmse': 0.6275779008865356}","{'mae': 0.03909575939178467, 'rmse': 0.053748778998851776}"
val,"{'mae': 0.6250284314155579, 'rmse': 0.6250284910202026}","{'mae': 0.039048366248607635, 'rmse': 0.05392935872077942}"
train,"{'mae': 0.6272688508033752, 'rmse': 0.627271831035614}","{'mae': 0.039095282554626465, 'rmse': 0.053756218403577805}"
val,"{'mae': 0.6296180486679077, 'rmse': 0.629618227481842}","{'mae': 0.039193496108055115, 'rmse': 0.05391685664653778}"
train,"{'mae': 0.6288539171218872, 'rmse': 0.6288570761680603}","{'mae': 0.039027947932481766, 'rmse': 0.05370386317372322}"
val,"{'mae': 0.6303103566169739, 'rmse': 0.6303107738494873}","{'mae': 0.039621733129024506, 'rmse': 0.054351646453142166}"
train,"{'mae': 0.628809928894043, 'rmse': 0.6288127303123474}","{'mae': 0.03907307609915733, 'rmse': 0.053732432425022125}"
val,"{'mae': 0.6301928758621216, 'rmse': 0.6301930546760559}","{'mae': 0.03916699066758156, 'rmse': 0.053980980068445206}"
train,"{'mae': 0.6283696889877319, 'rmse': 0.6283714175224304}","{'mae': 0.03910624608397484, 'rmse': 0.05376951023936272}"
val,"{'mae': 0.6262898445129395, 'rmse': 0.6262898445129395}","{'mae': 0.039423614740371704, 'rmse': 0.05413050577044487}"
train,"{'mae': 0.6282587051391602, 'rmse': 0.6282612681388855}","{'mae': 0.038916151970624924, 'rmse': 0.05358678102493286}"
val,"{'mae': 0.628384530544281, 'rmse': 0.6283846497535706}","{'mae': 0.03898881375789642, 'rmse': 0.0538090318441391}"
train,"{'mae': 0.629671037197113, 'rmse': 0.6296734809875488}","{'mae': 0.03895147144794464, 'rmse': 0.053621772676706314}"
val,"{'mae': 0.6287550330162048, 'rmse': 0.6287551522254944}","{'mae': 0.039426859468221664, 'rmse': 0.05407068505883217}"
train,"{'mae': 0.6289904713630676, 'rmse': 0.6289926171302795}","{'mae': 0.03898029029369354, 'rmse': 0.053641945123672485}"
val,"{'mae': 0.628243088722229, 'rmse': 0.628243088722229}","{'mae': 0.03916764259338379, 'rmse': 0.053873468190431595}"
train,"{'mae': 0.6297723650932312, 'rmse': 0.6297747492790222}","{'mae': 0.03904075548052788, 'rmse': 0.05370107293128967}"
val,"{'mae': 0.6321132183074951, 'rmse': 0.6321133971214294}","{'mae': 0.039431024342775345, 'rmse': 0.054109618067741394}"
train,"{'mae': 0.6297675371170044, 'rmse': 0.6297698616981506}","{'mae': 0.03907369449734688, 'rmse': 0.05373614653944969}"
val,"{'mae': 0.6280105113983154, 'rmse': 0.6280107498168945}","{'mae': 0.03899115324020386, 'rmse': 0.05380401015281677}"
train,"{'mae': 0.6300966739654541, 'rmse': 0.6300992369651794}","{'mae': 0.03902459517121315, 'rmse': 0.05368448421359062}"
val,"{'mae': 0.6284500360488892, 'rmse': 0.6284502148628235}","{'mae': 0.039297524839639664, 'rmse': 0.054060086607933044}"
train,"{'mae': 0.6290953755378723, 'rmse': 0.6290975213050842}","{'mae': 0.03899066895246506, 'rmse': 0.05364534631371498}"
val,"{'mae': 0.6266761422157288, 'rmse': 0.6266763806343079}","{'mae': 0.03934502229094505, 'rmse': 0.05398320034146309}"
train,"{'mae': 0.6290217041969299, 'rmse': 0.6290251612663269}","{'mae': 0.0389975868165493, 'rmse': 0.05367308855056763}"
val,"{'mae': 0.6300857067108154, 'rmse': 0.6300860047340393}","{'mae': 0.03927520662546158, 'rmse': 0.05394325777888298}"
train,"{'mae': 0.6292937994003296, 'rmse': 0.6292964220046997}","{'mae': 0.03897115960717201, 'rmse': 0.05362740904092789}"
val,"{'mae': 0.6288067102432251, 'rmse': 0.628807008266449}","{'mae': 0.03925804793834686, 'rmse': 0.05398043245077133}"
train,"{'mae': 0.6302216053009033, 'rmse': 0.6302236914634705}","{'mae': 0.03895679488778114, 'rmse': 0.05361257493495941}"
val,"{'mae': 0.6320614814758301, 'rmse': 0.6320615410804749}","{'mae': 0.039539553225040436, 'rmse': 0.05412650853395462}"
train,"{'mae': 0.629390299320221, 'rmse': 0.6293931603431702}","{'mae': 0.03895674645900726, 'rmse': 0.05361468344926834}"
val,"{'mae': 0.6271712779998779, 'rmse': 0.6271716356277466}","{'mae': 0.039223793894052505, 'rmse': 0.053954727947711945}"
train,"{'mae': 0.6292886734008789, 'rmse': 0.6292909383773804}","{'mae': 0.03890587016940117, 'rmse': 0.05357597768306732}"
val,"{'mae': 0.6300907731056213, 'rmse': 0.6300916075706482}","{'mae': 0.03975698724389076, 'rmse': 0.05451544374227524}"
train,"{'mae': 0.6304274201393127, 'rmse': 0.6304305195808411}","{'mae': 0.038916099816560745, 'rmse': 0.05356501415371895}"
val,"{'mae': 0.6305903196334839, 'rmse': 0.6305903196334839}","{'mae': 0.03908747062087059, 'rmse': 0.053906869143247604}"
train,"{'mae': 0.6309630870819092, 'rmse': 0.6309657692909241}","{'mae': 0.03895052522420883, 'rmse': 0.053596269339323044}"
val,"{'mae': 0.6296545267105103, 'rmse': 0.6296545267105103}","{'mae': 0.0393046997487545, 'rmse': 0.05393768101930618}"
train,"{'mae': 0.6300268769264221, 'rmse': 0.6300291419029236}","{'mae': 0.03896557167172432, 'rmse': 0.05362805351614952}"
val,"{'mae': 0.6323034763336182, 'rmse': 0.6323039531707764}","{'mae': 0.039036642760038376, 'rmse': 0.05385921522974968}"
train,"{'mae': 0.6305086612701416, 'rmse': 0.6305113434791565}","{'mae': 0.038892343640327454, 'rmse': 0.053551286458969116}"
val,"{'mae': 0.6312580704689026, 'rmse': 0.6312587261199951}","{'mae': 0.03908725082874298, 'rmse': 0.05387616902589798}"
train,"{'mae': 0.6314342617988586, 'rmse': 0.6314359307289124}","{'mae': 0.0389176681637764, 'rmse': 0.0535818375647068}"
val,"{'mae': 0.6303364038467407, 'rmse': 0.6303366422653198}","{'mae': 0.039049264043569565, 'rmse': 0.05378631874918938}"
train,"{'mae': 0.6319452524185181, 'rmse': 0.6319477558135986}","{'mae': 0.03891793638467789, 'rmse': 0.053579382598400116}"
val,"{'mae': 0.6315897703170776, 'rmse': 0.6315903067588806}","{'mae': 0.03927190974354744, 'rmse': 0.054059021174907684}"
train,"{'mae': 0.6310843825340271, 'rmse': 0.6310880780220032}","{'mae': 0.03888655826449394, 'rmse': 0.05354387313127518}"
val,"{'mae': 0.6330106854438782, 'rmse': 0.6330111026763916}","{'mae': 0.03952089324593544, 'rmse': 0.054283637553453445}"
train,"{'mae': 0.6323018670082092, 'rmse': 0.6323038339614868}","{'mae': 0.038881294429302216, 'rmse': 0.05355517193675041}"
val,"{'mae': 0.6327297687530518, 'rmse': 0.6327301263809204}","{'mae': 0.0393691211938858, 'rmse': 0.054066337645053864}"
train,"{'mae': 0.6329730749130249, 'rmse': 0.6329752802848816}","{'mae': 0.03880582004785538, 'rmse': 0.053470585495233536}"
val,"{'mae': 0.6336705684661865, 'rmse': 0.6336707472801208}","{'mae': 0.03908447176218033, 'rmse': 0.05382740497589111}"
train,"{'mae': 0.6322855949401855, 'rmse': 0.6322883367538452}","{'mae': 0.03889180347323418, 'rmse': 0.05355267599225044}"
val,"{'mae': 0.6310576796531677, 'rmse': 0.631057858467102}","{'mae': 0.039265505969524384, 'rmse': 0.05395670235157013}"
train,"{'mae': 0.6336970329284668, 'rmse': 0.6336992979049683}","{'mae': 0.038855813443660736, 'rmse': 0.053518593311309814}"
val,"{'mae': 0.6329692006111145, 'rmse': 0.6329692602157593}","{'mae': 0.03945280238986015, 'rmse': 0.05412563309073448}"
train,"{'mae': 0.6336115598678589, 'rmse': 0.6336140036582947}","{'mae': 0.03890271857380867, 'rmse': 0.05356031283736229}"
val,"{'mae': 0.633090615272522, 'rmse': 0.6330919861793518}","{'mae': 0.03921431675553322, 'rmse': 0.05393021181225777}"
train,"{'mae': 0.6330448985099792, 'rmse': 0.633047878742218}","{'mae': 0.03890114650130272, 'rmse': 0.053549833595752716}"
val,"{'mae': 0.6354165077209473, 'rmse': 0.6354165077209473}","{'mae': 0.0391579307615757, 'rmse': 0.05382414907217026}"
train,"{'mae': 0.6338971257209778, 'rmse': 0.6339002847671509}","{'mae': 0.03891540318727493, 'rmse': 0.05356496199965477}"
val,"{'mae': 0.6360045671463013, 'rmse': 0.6360048651695251}","{'mae': 0.03899679705500603, 'rmse': 0.05374898761510849}"
train,"{'mae': 0.6340059638023376, 'rmse': 0.6340080499649048}","{'mae': 0.038903456181287766, 'rmse': 0.05356317758560181}"
val,"{'mae': 0.636833906173706, 'rmse': 0.636834979057312}","{'mae': 0.03915556147694588, 'rmse': 0.053957514464855194}"
train,"{'mae': 0.6340758204460144, 'rmse': 0.6340781450271606}","{'mae': 0.03883424773812294, 'rmse': 0.05350114032626152}"
val,"{'mae': 0.6329798102378845, 'rmse': 0.6329800486564636}","{'mae': 0.038976140320301056, 'rmse': 0.05375771224498749}"
train,"{'mae': 0.6338977813720703, 'rmse': 0.6339015364646912}","{'mae': 0.038889799267053604, 'rmse': 0.053537312895059586}"
val,"{'mae': 0.6315357685089111, 'rmse': 0.6315359473228455}","{'mae': 0.039460692554712296, 'rmse': 0.054217129945755005}"
train,"{'mae': 0.6342521905899048, 'rmse': 0.6342546939849854}","{'mae': 0.03877994418144226, 'rmse': 0.0534370094537735}"
val,"{'mae': 0.6336498260498047, 'rmse': 0.6336498856544495}","{'mae': 0.03945133835077286, 'rmse': 0.054228976368904114}"
train,"{'mae': 0.6339212656021118, 'rmse': 0.6339232325553894}","{'mae': 0.03882573917508125, 'rmse': 0.0534750260412693}"
val,"{'mae': 0.6346136927604675, 'rmse': 0.6346139311790466}","{'mae': 0.03915494307875633, 'rmse': 0.05395685136318207}"
train,"{'mae': 0.634795606136322, 'rmse': 0.6347987651824951}","{'mae': 0.038828250020742416, 'rmse': 0.05348675698041916}"
val,"{'mae': 0.6341592669487, 'rmse': 0.634160041809082}","{'mae': 0.038890473544597626, 'rmse': 0.05362920090556145}"
train,"{'mae': 0.6350364685058594, 'rmse': 0.6350390315055847}","{'mae': 0.038832586258649826, 'rmse': 0.05349254608154297}"
val,"{'mae': 0.637811005115509, 'rmse': 0.6378117203712463}","{'mae': 0.03897487744688988, 'rmse': 0.05378124862909317}"
train,"{'mae': 0.6350571513175964, 'rmse': 0.635059654712677}","{'mae': 0.038792841136455536, 'rmse': 0.05344853550195694}"
val,"{'mae': 0.6354501843452454, 'rmse': 0.6354504823684692}","{'mae': 0.0392770953476429, 'rmse': 0.05394281446933746}"
train,"{'mae': 0.6343434453010559, 'rmse': 0.6343466639518738}","{'mae': 0.03877047449350357, 'rmse': 0.05342315882444382}"
val,"{'mae': 0.6358824968338013, 'rmse': 0.6358827352523804}","{'mae': 0.03904566913843155, 'rmse': 0.05381558835506439}"
train,"{'mae': 0.6355902552604675, 'rmse': 0.6355924010276794}","{'mae': 0.03878964111208916, 'rmse': 0.053431328386068344}"
val,"{'mae': 0.6352024078369141, 'rmse': 0.6352027058601379}","{'mae': 0.039311520755290985, 'rmse': 0.0541466549038887}"
train,"{'mae': 0.6360189914703369, 'rmse': 0.6360216736793518}","{'mae': 0.038771290332078934, 'rmse': 0.05342346802353859}"
val,"{'mae': 0.6385432481765747, 'rmse': 0.638543426990509}","{'mae': 0.03919195011258125, 'rmse': 0.05392959341406822}"
train,"{'mae': 0.636350691318512, 'rmse': 0.6363525986671448}","{'mae': 0.038754917681217194, 'rmse': 0.05340944230556488}"
val,"{'mae': 0.6360481381416321, 'rmse': 0.6360485553741455}","{'mae': 0.03932110220193863, 'rmse': 0.054137539118528366}"
train,"{'mae': 0.6371459364891052, 'rmse': 0.6371482610702515}","{'mae': 0.038806475698947906, 'rmse': 0.053455106914043427}"
val,"{'mae': 0.6382731199264526, 'rmse': 0.6382735967636108}","{'mae': 0.039095498621463776, 'rmse': 0.05380254238843918}"
train,"{'mae': 0.6372784376144409, 'rmse': 0.6372806429862976}","{'mae': 0.03873957321047783, 'rmse': 0.05339263379573822}"
val,"{'mae': 0.6387221217155457, 'rmse': 0.6387225389480591}","{'mae': 0.03907967358827591, 'rmse': 0.05377954617142677}"
train,"{'mae': 0.6360427737236023, 'rmse': 0.6360453963279724}","{'mae': 0.038773324340581894, 'rmse': 0.05341994762420654}"
val,"{'mae': 0.6396377086639404, 'rmse': 0.6396382451057434}","{'mae': 0.0391276590526104, 'rmse': 0.05385243520140648}"
train,"{'mae': 0.6372194290161133, 'rmse': 0.6372219920158386}","{'mae': 0.03885382413864136, 'rmse': 0.05350237339735031}"
val,"{'mae': 0.6342991590499878, 'rmse': 0.6342993378639221}","{'mae': 0.039134807884693146, 'rmse': 0.05379483476281166}"
train,"{'mae': 0.6363043189048767, 'rmse': 0.6363067626953125}","{'mae': 0.0387268140912056, 'rmse': 0.05337841808795929}"
val,"{'mae': 0.6348931789398193, 'rmse': 0.6348934173583984}","{'mae': 0.038819439709186554, 'rmse': 0.05361584201455116}"
train,"{'mae': 0.6371338963508606, 'rmse': 0.6371355652809143}","{'mae': 0.03872969374060631, 'rmse': 0.053385525941848755}"
val,"{'mae': 0.6364237070083618, 'rmse': 0.6364245414733887}","{'mae': 0.03895184397697449, 'rmse': 0.05370111018419266}"
train,"{'mae': 0.637982964515686, 'rmse': 0.6379863023757935}","{'mae': 0.03877999633550644, 'rmse': 0.053431279957294464}"
val,"{'mae': 0.6375882625579834, 'rmse': 0.6375889778137207}","{'mae': 0.03951745107769966, 'rmse': 0.054174818098545074}"
train,"{'mae': 0.6375817656517029, 'rmse': 0.6375839710235596}","{'mae': 0.03883320838212967, 'rmse': 0.053475502878427505}"
val,"{'mae': 0.639001190662384, 'rmse': 0.6390013694763184}","{'mae': 0.03893221542239189, 'rmse': 0.05365721136331558}"
train,"{'mae': 0.6380757689476013, 'rmse': 0.6380783319473267}","{'mae': 0.038827840238809586, 'rmse': 0.053486231714487076}"
val,"{'mae': 0.6385213136672974, 'rmse': 0.6385223269462585}","{'mae': 0.0393373928964138, 'rmse': 0.0540161170065403}"
train,"{'mae': 0.6376761198043823, 'rmse': 0.6376785039901733}","{'mae': 0.038831911981105804, 'rmse': 0.05348174273967743}"
val,"{'mae': 0.6384945511817932, 'rmse': 0.6384952068328857}","{'mae': 0.0388127900660038, 'rmse': 0.05356259271502495}"
train,"{'mae': 0.638506293296814, 'rmse': 0.6385084390640259}","{'mae': 0.038661107420921326, 'rmse': 0.053315259516239166}"
val,"{'mae': 0.6367177367210388, 'rmse': 0.6367185711860657}","{'mae': 0.03890475258231163, 'rmse': 0.05362619832158089}"
train,"{'mae': 0.6385526657104492, 'rmse': 0.6385547518730164}","{'mae': 0.038706567138433456, 'rmse': 0.05336351320147514}"
val,"{'mae': 0.6388125419616699, 'rmse': 0.6388130187988281}","{'mae': 0.038977447897195816, 'rmse': 0.05372930318117142}"
train,"{'mae': 0.6385374665260315, 'rmse': 0.6385403275489807}","{'mae': 0.038709308952093124, 'rmse': 0.05337155610322952}"
val,"{'mae': 0.6386027932167053, 'rmse': 0.638603150844574}","{'mae': 0.038969770073890686, 'rmse': 0.053720079362392426}"
train,"{'mae': 0.6387320756912231, 'rmse': 0.6387338638305664}","{'mae': 0.0386660136282444, 'rmse': 0.053319577127695084}"
val,"{'mae': 0.6385355591773987, 'rmse': 0.6385358572006226}","{'mae': 0.03899358958005905, 'rmse': 0.05369894951581955}"
train,"{'mae': 0.639597475528717, 'rmse': 0.6396000385284424}","{'mae': 0.03870292380452156, 'rmse': 0.05334465205669403}"
val,"{'mae': 0.6413766741752625, 'rmse': 0.6413775086402893}","{'mae': 0.03896595165133476, 'rmse': 0.05365638807415962}"
train,"{'mae': 0.6392629146575928, 'rmse': 0.6392651200294495}","{'mae': 0.0386943593621254, 'rmse': 0.05334056541323662}"
val,"{'mae': 0.639488160610199, 'rmse': 0.6394887566566467}","{'mae': 0.039016205817461014, 'rmse': 0.053749945014715195}"
train,"{'mae': 0.6394901275634766, 'rmse': 0.6394925117492676}","{'mae': 0.03870627284049988, 'rmse': 0.05335346981883049}"
val,"{'mae': 0.6398055553436279, 'rmse': 0.6398059129714966}","{'mae': 0.03902541473507881, 'rmse': 0.053844425827264786}"
train,"{'mae': 0.6396068334579468, 'rmse': 0.6396087408065796}","{'mae': 0.03871747851371765, 'rmse': 0.05336154252290726}"
val,"{'mae': 0.6381096243858337, 'rmse': 0.6381108164787292}","{'mae': 0.038969434797763824, 'rmse': 0.05376390367746353}"
train,"{'mae': 0.6396089196205139, 'rmse': 0.6396111845970154}","{'mae': 0.03871758654713631, 'rmse': 0.05336720123887062}"
val,"{'mae': 0.6411649584770203, 'rmse': 0.6411652565002441}","{'mae': 0.03893475979566574, 'rmse': 0.05370042473077774}"
train,"{'mae': 0.6398508548736572, 'rmse': 0.6398531794548035}","{'mae': 0.038704436272382736, 'rmse': 0.05334535613656044}"
val,"{'mae': 0.6416085362434387, 'rmse': 0.6416088938713074}","{'mae': 0.03889258950948715, 'rmse': 0.05361006036400795}"
train,"{'mae': 0.6403703689575195, 'rmse': 0.640372097492218}","{'mae': 0.03865155205130577, 'rmse': 0.0533071868121624}"
val,"{'mae': 0.6409000158309937, 'rmse': 0.6409003138542175}","{'mae': 0.03902949020266533, 'rmse': 0.0537375882267952}"
train,"{'mae': 0.6400132179260254, 'rmse': 0.6400153040885925}","{'mae': 0.03866221383213997, 'rmse': 0.05330796539783478}"
val,"{'mae': 0.6418969035148621, 'rmse': 0.6418972015380859}","{'mae': 0.03897596150636673, 'rmse': 0.05366423353552818}"
train,"{'mae': 0.6406550407409668, 'rmse': 0.6406573057174683}","{'mae': 0.038713302463293076, 'rmse': 0.05335227772593498}"
val,"{'mae': 0.6418485045433044, 'rmse': 0.6418489813804626}","{'mae': 0.039143241941928864, 'rmse': 0.05383439362049103}"
train,"{'mae': 0.6409801244735718, 'rmse': 0.6409834623336792}","{'mae': 0.038656774908304214, 'rmse': 0.05330536514520645}"
val,"{'mae': 0.6392737030982971, 'rmse': 0.6392743587493896}","{'mae': 0.039037074893713, 'rmse': 0.05375448241829872}"
train,"{'mae': 0.6407333016395569, 'rmse': 0.64073646068573}","{'mae': 0.038746241480112076, 'rmse': 0.05337636172771454}"
val,"{'mae': 0.6440865993499756, 'rmse': 0.6440874338150024}","{'mae': 0.039109792560338974, 'rmse': 0.05381633713841438}"
train,"{'mae': 0.6413984894752502, 'rmse': 0.6414013504981995}","{'mae': 0.038706082850694656, 'rmse': 0.053342554718256}"
val,"{'mae': 0.6378806233406067, 'rmse': 0.6378816366195679}","{'mae': 0.03901483491063118, 'rmse': 0.053772665560245514}"
train,"{'mae': 0.641143798828125, 'rmse': 0.6411463618278503}","{'mae': 0.03871640935540199, 'rmse': 0.05335251986980438}"
val,"{'mae': 0.6421278119087219, 'rmse': 0.6421287655830383}","{'mae': 0.03898988664150238, 'rmse': 0.053719937801361084}"
train,"{'mae': 0.6416839957237244, 'rmse': 0.6416866779327393}","{'mae': 0.038739029318094254, 'rmse': 0.05337724834680557}"
val,"{'mae': 0.6410043835639954, 'rmse': 0.6410046219825745}","{'mae': 0.038880959153175354, 'rmse': 0.053581833839416504}"
train,"{'mae': 0.642043948173523, 'rmse': 0.6420466303825378}","{'mae': 0.038710977882146835, 'rmse': 0.053349871188402176}"
val,"{'mae': 0.6420913338661194, 'rmse': 0.6420924067497253}","{'mae': 0.03876801207661629, 'rmse': 0.05354440212249756}"
train,"{'mae': 0.6419660449028015, 'rmse': 0.641968846321106}","{'mae': 0.038621678948402405, 'rmse': 0.05326812341809273}"
val,"{'mae': 0.6433912515640259, 'rmse': 0.6433924436569214}","{'mae': 0.03922555595636368, 'rmse': 0.05400868505239487}"
train,"{'mae': 0.6421476006507874, 'rmse': 0.6421505212783813}","{'mae': 0.038654860109090805, 'rmse': 0.05330304801464081}"
val,"{'mae': 0.6429980993270874, 'rmse': 0.642998456954956}","{'mae': 0.038727056235075, 'rmse': 0.05346815288066864}"
train,"{'mae': 0.6433911919593811, 'rmse': 0.6433932781219482}","{'mae': 0.03856334835290909, 'rmse': 0.05320001766085625}"
val,"{'mae': 0.6443271040916443, 'rmse': 0.6443278789520264}","{'mae': 0.038793861865997314, 'rmse': 0.053553853183984756}"
train,"{'mae': 0.6440402865409851, 'rmse': 0.6440431475639343}","{'mae': 0.03858612850308418, 'rmse': 0.05322393774986267}"
val,"{'mae': 0.6436978578567505, 'rmse': 0.6436980962753296}","{'mae': 0.03902047500014305, 'rmse': 0.05370526388287544}"
train,"{'mae': 0.6434361934661865, 'rmse': 0.6434387564659119}","{'mae': 0.03871157392859459, 'rmse': 0.05334809422492981}"
val,"{'mae': 0.6421345472335815, 'rmse': 0.642135739326477}","{'mae': 0.03889558091759682, 'rmse': 0.05362020805478096}"
train,"{'mae': 0.6430237293243408, 'rmse': 0.6430261731147766}","{'mae': 0.038595739752054214, 'rmse': 0.05325062572956085}"
val,"{'mae': 0.644352376461029, 'rmse': 0.6443527936935425}","{'mae': 0.038828954100608826, 'rmse': 0.0536670908331871}"
train,"{'mae': 0.6433647274971008, 'rmse': 0.6433668732643127}","{'mae': 0.038645096123218536, 'rmse': 0.053289007395505905}"
val,"{'mae': 0.6433514952659607, 'rmse': 0.6433524489402771}","{'mae': 0.03881893306970596, 'rmse': 0.05357378348708153}"
train,"{'mae': 0.643325686454773, 'rmse': 0.6433285474777222}","{'mae': 0.038626816123723984, 'rmse': 0.053267721086740494}"
val,"{'mae': 0.6451675295829773, 'rmse': 0.6451685428619385}","{'mae': 0.039040353149175644, 'rmse': 0.05375196784734726}"
train,"{'mae': 0.6438867449760437, 'rmse': 0.6438886523246765}","{'mae': 0.038629088550806046, 'rmse': 0.05326639488339424}"
val,"{'mae': 0.6422037482261658, 'rmse': 0.6422045826911926}","{'mae': 0.03913183510303497, 'rmse': 0.053880371153354645}"
train,"{'mae': 0.6441381573677063, 'rmse': 0.6441404819488525}","{'mae': 0.03859333321452141, 'rmse': 0.053230222314596176}"
val,"{'mae': 0.6456631422042847, 'rmse': 0.6456636190414429}","{'mae': 0.03882712498307228, 'rmse': 0.053564753383398056}"
train,"{'mae': 0.6449653506278992, 'rmse': 0.6449678540229797}","{'mae': 0.038675807416439056, 'rmse': 0.05331016331911087}"
val,"{'mae': 0.6429893970489502, 'rmse': 0.6429909467697144}","{'mae': 0.03891930729150772, 'rmse': 0.05359446257352829}"
train,"{'mae': 0.6439014673233032, 'rmse': 0.6439039707183838}","{'mae': 0.03869175538420677, 'rmse': 0.05333544313907623}"
val,"{'mae': 0.6461569666862488, 'rmse': 0.6461575031280518}","{'mae': 0.0391281433403492, 'rmse': 0.05401964858174324}"
train,"{'mae': 0.6442511081695557, 'rmse': 0.6442533135414124}","{'mae': 0.038599561899900436, 'rmse': 0.05323650315403938}"
val,"{'mae': 0.6428987979888916, 'rmse': 0.642899751663208}","{'mae': 0.03881117329001427, 'rmse': 0.05361088737845421}"
train,"{'mae': 0.6443780660629272, 'rmse': 0.6443800330162048}","{'mae': 0.03865282982587814, 'rmse': 0.053279727697372437}"
val,"{'mae': 0.6443763971328735, 'rmse': 0.644376814365387}","{'mae': 0.038920775055885315, 'rmse': 0.053647685796022415}"
train,"{'mae': 0.6445144414901733, 'rmse': 0.6445163488388062}","{'mae': 0.038590628653764725, 'rmse': 0.05323272943496704}"
val,"{'mae': 0.6453720927238464, 'rmse': 0.6453725695610046}","{'mae': 0.03881349414587021, 'rmse': 0.05350711569190025}"
train,"{'mae': 0.6446988582611084, 'rmse': 0.6447016000747681}","{'mae': 0.0386098250746727, 'rmse': 0.05324852466583252}"
val,"{'mae': 0.6458041071891785, 'rmse': 0.6458049416542053}","{'mae': 0.03913359344005585, 'rmse': 0.053787242621183395}"
train,"{'mae': 0.6442033648490906, 'rmse': 0.644205629825592}","{'mae': 0.03865436092019081, 'rmse': 0.05329205095767975}"
val,"{'mae': 0.6431951522827148, 'rmse': 0.6431964635848999}","{'mae': 0.03925742208957672, 'rmse': 0.05405842512845993}"
train,"{'mae': 0.6442687511444092, 'rmse': 0.644271194934845}","{'mae': 0.03860722854733467, 'rmse': 0.05323663726449013}"
val,"{'mae': 0.6440389156341553, 'rmse': 0.6440399289131165}","{'mae': 0.03891954943537712, 'rmse': 0.053667034953832626}"
train,"{'mae': 0.6450657844543457, 'rmse': 0.6450680494308472}","{'mae': 0.03854572772979736, 'rmse': 0.05320200324058533}"
val,"{'mae': 0.6457371711730957, 'rmse': 0.6457376480102539}","{'mae': 0.03870942443609238, 'rmse': 0.0534239336848259}"
train,"{'mae': 0.6453407406806946, 'rmse': 0.6453426480293274}","{'mae': 0.03875152766704559, 'rmse': 0.05337692052125931}"
val,"{'mae': 0.646926760673523, 'rmse': 0.6469276547431946}","{'mae': 0.038772162050008774, 'rmse': 0.05355826020240784}"
train,"{'mae': 0.6462859511375427, 'rmse': 0.6462892889976501}","{'mae': 0.0385308563709259, 'rmse': 0.05317312851548195}"
val,"{'mae': 0.648543119430542, 'rmse': 0.648543655872345}","{'mae': 0.03874260559678078, 'rmse': 0.05346926301717758}"
train,"{'mae': 0.645298421382904, 'rmse': 0.6453020572662354}","{'mae': 0.038582075387239456, 'rmse': 0.053214285522699356}"
val,"{'mae': 0.6468512415885925, 'rmse': 0.6468517780303955}","{'mae': 0.038807302713394165, 'rmse': 0.053575001657009125}"
train,"{'mae': 0.6464641094207764, 'rmse': 0.6464664340019226}","{'mae': 0.03855520486831665, 'rmse': 0.0531945563852787}"
val,"{'mae': 0.6474015116691589, 'rmse': 0.6474027633666992}","{'mae': 0.03897067904472351, 'rmse': 0.0536893792450428}"
train,"{'mae': 0.6461712121963501, 'rmse': 0.6461732387542725}","{'mae': 0.03851912543177605, 'rmse': 0.05315548554062843}"
val,"{'mae': 0.6480889916419983, 'rmse': 0.6480899453163147}","{'mae': 0.03871455043554306, 'rmse': 0.053469810634851456}"
train,"{'mae': 0.6466678380966187, 'rmse': 0.646670937538147}","{'mae': 0.0385403074324131, 'rmse': 0.053183529525995255}"
val,"{'mae': 0.6451153755187988, 'rmse': 0.64511638879776}","{'mae': 0.03916901722550392, 'rmse': 0.05396562069654465}"
train,"{'mae': 0.6468148827552795, 'rmse': 0.6468170881271362}","{'mae': 0.03847722336649895, 'rmse': 0.0531189888715744}"
val,"{'mae': 0.6461898684501648, 'rmse': 0.6461901068687439}","{'mae': 0.03901320695877075, 'rmse': 0.0537775494158268}"
train,"{'mae': 0.6475712060928345, 'rmse': 0.6475733518600464}","{'mae': 0.03850604593753815, 'rmse': 0.05313970893621445}"
val,"{'mae': 0.6465120911598206, 'rmse': 0.6465134024620056}","{'mae': 0.03866538405418396, 'rmse': 0.053405921906232834}"
train,"{'mae': 0.6471315026283264, 'rmse': 0.6471341848373413}","{'mae': 0.038509055972099304, 'rmse': 0.05314355716109276}"
val,"{'mae': 0.6470109224319458, 'rmse': 0.6470118761062622}","{'mae': 0.038780730217695236, 'rmse': 0.053524307906627655}"
train,"{'mae': 0.6477805972099304, 'rmse': 0.6477828025817871}","{'mae': 0.038517676293849945, 'rmse': 0.05315473675727844}"
val,"{'mae': 0.6481123566627502, 'rmse': 0.6481127738952637}","{'mae': 0.03895428404211998, 'rmse': 0.05368001386523247}"
train,"{'mae': 0.6479772925376892, 'rmse': 0.6479800343513489}","{'mae': 0.03855197876691818, 'rmse': 0.05318371579051018}"
val,"{'mae': 0.6481319665908813, 'rmse': 0.6481330394744873}","{'mae': 0.03882685676217079, 'rmse': 0.053576286882162094}"
train,"{'mae': 0.6481112241744995, 'rmse': 0.6481131911277771}","{'mae': 0.03849104791879654, 'rmse': 0.053125228732824326}"
val,"{'mae': 0.6470727324485779, 'rmse': 0.6470733880996704}","{'mae': 0.038738101720809937, 'rmse': 0.0535011887550354}"
train,"{'mae': 0.6484627723693848, 'rmse': 0.6484646201133728}","{'mae': 0.038582008332014084, 'rmse': 0.053210530430078506}"
val,"{'mae': 0.6484941840171814, 'rmse': 0.6484954357147217}","{'mae': 0.038735274225473404, 'rmse': 0.05347788333892822}"
train,"{'mae': 0.6485316753387451, 'rmse': 0.6485336422920227}","{'mae': 0.038489844650030136, 'rmse': 0.05312822386622429}"
val,"{'mae': 0.6490688920021057, 'rmse': 0.6490693688392639}","{'mae': 0.03893503546714783, 'rmse': 0.053656525909900665}"
train,"{'mae': 0.6483919024467468, 'rmse': 0.6483947038650513}","{'mae': 0.03855598717927933, 'rmse': 0.05318630859255791}"
val,"{'mae': 0.6502711772918701, 'rmse': 0.6502721905708313}","{'mae': 0.039106253534555435, 'rmse': 0.053783778101205826}"
train,"{'mae': 0.6484355926513672, 'rmse': 0.648438572883606}","{'mae': 0.03853954002261162, 'rmse': 0.05317169055342674}"
val,"{'mae': 0.6506974101066589, 'rmse': 0.650698184967041}","{'mae': 0.03886042907834053, 'rmse': 0.053630344569683075}"
train,"{'mae': 0.6491882801055908, 'rmse': 0.6491906642913818}","{'mae': 0.03850649669766426, 'rmse': 0.05313703045248985}"
val,"{'mae': 0.6488413214683533, 'rmse': 0.6488429307937622}","{'mae': 0.03888910263776779, 'rmse': 0.0536404587328434}"
train,"{'mae': 0.6493565440177917, 'rmse': 0.6493585705757141}","{'mae': 0.038482435047626495, 'rmse': 0.053114403039216995}"
val,"{'mae': 0.6502581834793091, 'rmse': 0.6502590775489807}","{'mae': 0.038880061358213425, 'rmse': 0.05360429733991623}"
train,"{'mae': 0.6499608755111694, 'rmse': 0.6499623656272888}","{'mae': 0.03850831836462021, 'rmse': 0.05313728377223015}"
val,"{'mae': 0.6496256589889526, 'rmse': 0.6496264934539795}","{'mae': 0.039047736674547195, 'rmse': 0.05375684052705765}"
train,"{'mae': 0.6494213938713074, 'rmse': 0.6494231224060059}","{'mae': 0.038514912128448486, 'rmse': 0.05313846468925476}"
val,"{'mae': 0.6494532823562622, 'rmse': 0.6494536399841309}","{'mae': 0.03884338214993477, 'rmse': 0.05361014977097511}"
train,"{'mae': 0.6500107645988464, 'rmse': 0.650012731552124}","{'mae': 0.03852889686822891, 'rmse': 0.05316756293177605}"
val,"{'mae': 0.6496825218200684, 'rmse': 0.64968341588974}","{'mae': 0.038692817091941833, 'rmse': 0.05341823399066925}"
train,"{'mae': 0.6495832204818726, 'rmse': 0.6495867967605591}","{'mae': 0.03850061446428299, 'rmse': 0.053127702325582504}"
val,"{'mae': 0.6521359086036682, 'rmse': 0.6521361470222473}","{'mae': 0.038854025304317474, 'rmse': 0.053626105189323425}"
train,"{'mae': 0.6497244834899902, 'rmse': 0.6497277617454529}","{'mae': 0.0388384647667408, 'rmse': 0.053455352783203125}"
val,"{'mae': 0.6507840156555176, 'rmse': 0.6507858037948608}","{'mae': 0.03903721272945404, 'rmse': 0.0537065789103508}"
train,"{'mae': 0.646404504776001, 'rmse': 0.646411120891571}","{'mae': 0.03938288614153862, 'rmse': 0.05396154522895813}"
val,"{'mae': 0.6460201144218445, 'rmse': 0.64602130651474}","{'mae': 0.039925191551446915, 'rmse': 0.05453323572874069}"
train,"{'mae': 0.6404480338096619, 'rmse': 0.640464723110199}","{'mae': 0.039986107498407364, 'rmse': 0.05458958446979523}"
val,"{'mae': 0.6386767625808716, 'rmse': 0.6386781930923462}","{'mae': 0.039945393800735474, 'rmse': 0.05461973324418068}"
train,"{'mae': 0.630660891532898, 'rmse': 0.6306780576705933}","{'mae': 0.040689319372177124, 'rmse': 0.05533529445528984}"
val,"{'mae': 0.6250044107437134, 'rmse': 0.6250073313713074}","{'mae': 0.039778705686330795, 'rmse': 0.054534874856472015}"
train,"{'mae': 0.6259533166885376, 'rmse': 0.6259787082672119}","{'mae': 0.040832243859767914, 'rmse': 0.05548249930143356}"
val,"{'mae': 0.6175119876861572, 'rmse': 0.6175148487091064}","{'mae': 0.041227396577596664, 'rmse': 0.05578802898526192}"
train,"{'mae': 0.613583505153656, 'rmse': 0.6136025190353394}","{'mae': 0.04114340990781784, 'rmse': 0.055885493755340576}"
val,"{'mae': 0.6101529598236084, 'rmse': 0.6101585030555725}","{'mae': 0.041148290038108826, 'rmse': 0.05612679570913315}"
train,"{'mae': 0.6071638464927673, 'rmse': 0.6071845889091492}","{'mae': 0.040958669036626816, 'rmse': 0.055664218962192535}"
val,"{'mae': 0.6087231040000916, 'rmse': 0.6087278723716736}","{'mae': 0.04183269664645195, 'rmse': 0.056292977184057236}"
train,"{'mae': 0.6004371643066406, 'rmse': 0.6004504561424255}","{'mae': 0.04097060114145279, 'rmse': 0.055661797523498535}"
val,"{'mae': 0.6012606620788574, 'rmse': 0.6012631058692932}","{'mae': 0.041329409927129745, 'rmse': 0.055984027683734894}"
train,"{'mae': 0.5905935168266296, 'rmse': 0.5906147360801697}","{'mae': 0.041116826236248016, 'rmse': 0.05577429383993149}"
val,"{'mae': 0.5939225554466248, 'rmse': 0.5939292907714844}","{'mae': 0.04224232956767082, 'rmse': 0.05667543038725853}"
train,"{'mae': 0.5848622918128967, 'rmse': 0.5848812460899353}","{'mae': 0.0412212610244751, 'rmse': 0.0558759942650795}"
val,"{'mae': 0.5817594528198242, 'rmse': 0.5817630290985107}","{'mae': 0.041654687374830246, 'rmse': 0.05640007555484772}"
train,"{'mae': 0.581404983997345, 'rmse': 0.5814201831817627}","{'mae': 0.04107600823044777, 'rmse': 0.05575893819332123}"
val,"{'mae': 0.5794204473495483, 'rmse': 0.5794273018836975}","{'mae': 0.041599493473768234, 'rmse': 0.05635645240545273}"
train,"{'mae': 0.5793956518173218, 'rmse': 0.579416036605835}","{'mae': 0.0409085638821125, 'rmse': 0.05560579523444176}"
val,"{'mae': 0.5731799602508545, 'rmse': 0.5731860399246216}","{'mae': 0.042233239859342575, 'rmse': 0.05686414614319801}"
train,"{'mae': 0.5729266405105591, 'rmse': 0.5729482173919678}","{'mae': 0.04121493175625801, 'rmse': 0.055887408554553986}"
val,"{'mae': 0.568014919757843, 'rmse': 0.5680219531059265}","{'mae': 0.04130718484520912, 'rmse': 0.05609599128365517}"
train,"{'mae': 0.5688408017158508, 'rmse': 0.568863034248352}","{'mae': 0.04076927527785301, 'rmse': 0.055471815168857574}"
val,"{'mae': 0.5674706101417542, 'rmse': 0.5674845576286316}","{'mae': 0.042217861860990524, 'rmse': 0.05709634721279144}"
train,"{'mae': 0.5639824867248535, 'rmse': 0.5640013813972473}","{'mae': 0.04115248844027519, 'rmse': 0.055843088775873184}"
val,"{'mae': 0.5597617626190186, 'rmse': 0.5597689747810364}","{'mae': 0.04161263629794121, 'rmse': 0.056453730911016464}"
train,"{'mae': 0.5598356127738953, 'rmse': 0.5598564743995667}","{'mae': 0.04097409173846245, 'rmse': 0.055679935961961746}"
val,"{'mae': 0.5535516142845154, 'rmse': 0.5535542964935303}","{'mae': 0.0408242903649807, 'rmse': 0.05558009818196297}"
train,"{'mae': 0.5546908974647522, 'rmse': 0.5547149181365967}","{'mae': 0.04103013873100281, 'rmse': 0.05575425922870636}"
val,"{'mae': 0.549698531627655, 'rmse': 0.5497034192085266}","{'mae': 0.041782915592193604, 'rmse': 0.05644174665212631}"
train,"{'mae': 0.5477851629257202, 'rmse': 0.5478188991546631}","{'mae': 0.04105934500694275, 'rmse': 0.05576298385858536}"
val,"{'mae': 0.5477180480957031, 'rmse': 0.547725260257721}","{'mae': 0.040828097611665726, 'rmse': 0.05536589026451111}"
train,"{'mae': 0.5462211966514587, 'rmse': 0.5462421178817749}","{'mae': 0.04096068814396858, 'rmse': 0.055659957230091095}"
val,"{'mae': 0.5427812933921814, 'rmse': 0.542787492275238}","{'mae': 0.041316207498311996, 'rmse': 0.05586225911974907}"
train,"{'mae': 0.5420650243759155, 'rmse': 0.5420889258384705}","{'mae': 0.04079839214682579, 'rmse': 0.055483367294073105}"
val,"{'mae': 0.5412209630012512, 'rmse': 0.5412328243255615}","{'mae': 0.04079558700323105, 'rmse': 0.055521972477436066}"
train,"{'mae': 0.5368432402610779, 'rmse': 0.5368686318397522}","{'mae': 0.04100823774933815, 'rmse': 0.05569327250123024}"
val,"{'mae': 0.5442777276039124, 'rmse': 0.5442847013473511}","{'mae': 0.04079694300889969, 'rmse': 0.05568108335137367}"
train,"{'mae': 0.5356955528259277, 'rmse': 0.5357195734977722}","{'mae': 0.04069102555513382, 'rmse': 0.05540553852915764}"
val,"{'mae': 0.5345017313957214, 'rmse': 0.5345165133476257}","{'mae': 0.040612295269966125, 'rmse': 0.05544536933302879}"
train,"{'mae': 0.5344834327697754, 'rmse': 0.5345094203948975}","{'mae': 0.04076651856303215, 'rmse': 0.05545507371425629}"
val,"{'mae': 0.5212757587432861, 'rmse': 0.5212873816490173}","{'mae': 0.04150944575667381, 'rmse': 0.05666900798678398}"
train,"{'mae': 0.5292640328407288, 'rmse': 0.5292887091636658}","{'mae': 0.04066987708210945, 'rmse': 0.0553867481648922}"
val,"{'mae': 0.5341575145721436, 'rmse': 0.5341718792915344}","{'mae': 0.040796056389808655, 'rmse': 0.05568375065922737}"
train,"{'mae': 0.5303727388381958, 'rmse': 0.5303955078125}","{'mae': 0.04079771041870117, 'rmse': 0.05548843368887901}"
val,"{'mae': 0.5225816965103149, 'rmse': 0.522595226764679}","{'mae': 0.04086492210626602, 'rmse': 0.055785879492759705}"
train,"{'mae': 0.5254774689674377, 'rmse': 0.5255010724067688}","{'mae': 0.040913987904787064, 'rmse': 0.05559123307466507}"
val,"{'mae': 0.5207583904266357, 'rmse': 0.5207667350769043}","{'mae': 0.04068146273493767, 'rmse': 0.05538260191679001}"
train,"{'mae': 0.5257341861724854, 'rmse': 0.5257561206817627}","{'mae': 0.0406324565410614, 'rmse': 0.055330682545900345}"
val,"{'mae': 0.523918628692627, 'rmse': 0.5239262580871582}","{'mae': 0.04111960902810097, 'rmse': 0.05567729473114014}"
train,"{'mae': 0.5233224630355835, 'rmse': 0.523343563079834}","{'mae': 0.0405849926173687, 'rmse': 0.0552680604159832}"
val,"{'mae': 0.5219699740409851, 'rmse': 0.5219813585281372}","{'mae': 0.041162747889757156, 'rmse': 0.05570631101727486}"
train,"{'mae': 0.5225614309310913, 'rmse': 0.5225859880447388}","{'mae': 0.04079616442322731, 'rmse': 0.05547300726175308}"
val,"{'mae': 0.5173531174659729, 'rmse': 0.517358660697937}","{'mae': 0.041278690099716187, 'rmse': 0.056063614785671234}"
train,"{'mae': 0.5173938870429993, 'rmse': 0.5174179077148438}","{'mae': 0.04102756455540657, 'rmse': 0.05574027821421623}"
val,"{'mae': 0.5203374028205872, 'rmse': 0.5203502178192139}","{'mae': 0.04081495851278305, 'rmse': 0.055423445999622345}"
train,"{'mae': 0.5166266560554504, 'rmse': 0.5166489481925964}","{'mae': 0.040899284183979034, 'rmse': 0.05559033155441284}"
val,"{'mae': 0.513079047203064, 'rmse': 0.5130907893180847}","{'mae': 0.04162684828042984, 'rmse': 0.05627640709280968}"
train,"{'mae': 0.5105106830596924, 'rmse': 0.5105364918708801}","{'mae': 0.04071957990527153, 'rmse': 0.055412065237760544}"
val,"{'mae': 0.5081552267074585, 'rmse': 0.5081709623336792}","{'mae': 0.04037664458155632, 'rmse': 0.05509306490421295}"
train,"{'mae': 0.5096238255500793, 'rmse': 0.5096462368965149}","{'mae': 0.04046686738729477, 'rmse': 0.05514161288738251}"
val,"{'mae': 0.5132721662521362, 'rmse': 0.5132868885993958}","{'mae': 0.041129980236291885, 'rmse': 0.05590067431330681}"
train,"{'mae': 0.5110675692558289, 'rmse': 0.5110925436019897}","{'mae': 0.04087585583329201, 'rmse': 0.05555916950106621}"
val,"{'mae': 0.50480055809021, 'rmse': 0.5048206448554993}","{'mae': 0.040733594447374344, 'rmse': 0.05547089874744415}"
train,"{'mae': 0.5068079233169556, 'rmse': 0.5068289041519165}","{'mae': 0.04068301245570183, 'rmse': 0.05537362024188042}"
val,"{'mae': 0.5078116059303284, 'rmse': 0.5078223347663879}","{'mae': 0.04212282598018646, 'rmse': 0.05671345442533493}"
train,"{'mae': 0.502277135848999, 'rmse': 0.5023077130317688}","{'mae': 0.04099414870142937, 'rmse': 0.05568338930606842}"
val,"{'mae': 0.497311532497406, 'rmse': 0.49732691049575806}","{'mae': 0.04054589569568634, 'rmse': 0.055184461176395416}"
train,"{'mae': 0.49920713901519775, 'rmse': 0.4992358982563019}","{'mae': 0.040668781846761703, 'rmse': 0.05537964776158333}"
val,"{'mae': 0.49326375126838684, 'rmse': 0.4932730197906494}","{'mae': 0.04064922779798508, 'rmse': 0.05545799806714058}"
train,"{'mae': 0.497903972864151, 'rmse': 0.4979276657104492}","{'mae': 0.040533434599637985, 'rmse': 0.05519707500934601}"
val,"{'mae': 0.5030685067176819, 'rmse': 0.5030843019485474}","{'mae': 0.04096372798085213, 'rmse': 0.05555206164717674}"
train,"{'mae': 0.49719780683517456, 'rmse': 0.4972270727157593}","{'mae': 0.040763966739177704, 'rmse': 0.055470701307058334}"
val,"{'mae': 0.49765631556510925, 'rmse': 0.49766790866851807}","{'mae': 0.04134086146950722, 'rmse': 0.05624549090862274}"
train,"{'mae': 0.4961061179637909, 'rmse': 0.4961322247982025}","{'mae': 0.04061615839600563, 'rmse': 0.055326636880636215}"
val,"{'mae': 0.4947749674320221, 'rmse': 0.4947892725467682}","{'mae': 0.04081134498119354, 'rmse': 0.05563105642795563}"
train,"{'mae': 0.4943081736564636, 'rmse': 0.49433067440986633}","{'mae': 0.040496692061424255, 'rmse': 0.055175941437482834}"
val,"{'mae': 0.49039119482040405, 'rmse': 0.4904022514820099}","{'mae': 0.04024527966976166, 'rmse': 0.05489625781774521}"
train,"{'mae': 0.4940730333328247, 'rmse': 0.4940996766090393}","{'mae': 0.040264468640089035, 'rmse': 0.05493488907814026}"
val,"{'mae': 0.4973278343677521, 'rmse': 0.4973432123661041}","{'mae': 0.041066739708185196, 'rmse': 0.0554720014333725}"
train,"{'mae': 0.4927801787853241, 'rmse': 0.49279966950416565}","{'mae': 0.04057828336954117, 'rmse': 0.055266499519348145}"
val,"{'mae': 0.49390262365341187, 'rmse': 0.49391451478004456}","{'mae': 0.041053980588912964, 'rmse': 0.055634938180446625}"
train,"{'mae': 0.4889870882034302, 'rmse': 0.48901042342185974}","{'mae': 0.04042249172925949, 'rmse': 0.05509478971362114}"
val,"{'mae': 0.49759238958358765, 'rmse': 0.497605562210083}","{'mae': 0.041144419461488724, 'rmse': 0.05559065565466881}"
train,"{'mae': 0.49002429842948914, 'rmse': 0.49004748463630676}","{'mae': 0.04040622338652611, 'rmse': 0.05510459467768669}"
val,"{'mae': 0.48777174949645996, 'rmse': 0.48778605461120605}","{'mae': 0.040283989161252975, 'rmse': 0.0549234077334404}"
train,"{'mae': 0.48653820157051086, 'rmse': 0.48657479882240295}","{'mae': 0.04054613411426544, 'rmse': 0.05517280101776123}"
val,"{'mae': 0.47921016812324524, 'rmse': 0.4792216420173645}","{'mae': 0.04081820324063301, 'rmse': 0.055562280118465424}"
train,"{'mae': 0.48633328080177307, 'rmse': 0.4863591492176056}","{'mae': 0.040300242602825165, 'rmse': 0.054974380880594254}"
val,"{'mae': 0.4882224500179291, 'rmse': 0.48824480175971985}","{'mae': 0.04085493087768555, 'rmse': 0.055599410086870193}"
train,"{'mae': 0.48339980840682983, 'rmse': 0.483425498008728}","{'mae': 0.04075702279806137, 'rmse': 0.05545968562364578}"
val,"{'mae': 0.47509315609931946, 'rmse': 0.4751061201095581}","{'mae': 0.04250805079936981, 'rmse': 0.05693940073251724}"
train,"{'mae': 0.4760894775390625, 'rmse': 0.47612008452415466}","{'mae': 0.04118359833955765, 'rmse': 0.05589372292160988}"
val,"{'mae': 0.48497819900512695, 'rmse': 0.48500198125839233}","{'mae': 0.041273072361946106, 'rmse': 0.05590623989701271}"
train,"{'mae': 0.4802646040916443, 'rmse': 0.4802875816822052}","{'mae': 0.04017915204167366, 'rmse': 0.05484316125512123}"
val,"{'mae': 0.48247596621513367, 'rmse': 0.48249202966690063}","{'mae': 0.04045172408223152, 'rmse': 0.055268794298172}"
train,"{'mae': 0.4806073307991028, 'rmse': 0.4806390702724457}","{'mae': 0.040398210287094116, 'rmse': 0.0550820529460907}"
val,"{'mae': 0.4829539358615875, 'rmse': 0.48297613859176636}","{'mae': 0.04129888862371445, 'rmse': 0.05597671493887901}"
train,"{'mae': 0.4785993993282318, 'rmse': 0.4786296486854553}","{'mae': 0.04046790301799774, 'rmse': 0.05515098571777344}"
val,"{'mae': 0.47925272583961487, 'rmse': 0.47926753759384155}","{'mae': 0.04037008807063103, 'rmse': 0.05519546568393707}"
train,"{'mae': 0.4783766269683838, 'rmse': 0.4784092903137207}","{'mae': 0.040275368839502335, 'rmse': 0.054931387305259705}"
val,"{'mae': 0.4699796438217163, 'rmse': 0.469999223947525}","{'mae': 0.04035472869873047, 'rmse': 0.055176593363285065}"
train,"{'mae': 0.47563108801841736, 'rmse': 0.47565826773643494}","{'mae': 0.04016450047492981, 'rmse': 0.05483309552073479}"
val,"{'mae': 0.4814355671405792, 'rmse': 0.481458455324173}","{'mae': 0.04089529067277908, 'rmse': 0.05569031089544296}"
train,"{'mae': 0.4773552715778351, 'rmse': 0.47738996148109436}","{'mae': 0.04046698659658432, 'rmse': 0.055106036365032196}"
val,"{'mae': 0.4762665331363678, 'rmse': 0.4762779176235199}","{'mae': 0.04092398285865784, 'rmse': 0.05568407103419304}"
train,"{'mae': 0.4740726053714752, 'rmse': 0.47411656379699707}","{'mae': 0.04056152328848839, 'rmse': 0.05525915324687958}"
val,"{'mae': 0.47909560799598694, 'rmse': 0.47911593317985535}","{'mae': 0.04102349653840065, 'rmse': 0.05589260160923004}"
train,"{'mae': 0.47121885418891907, 'rmse': 0.47124671936035156}","{'mae': 0.040455400943756104, 'rmse': 0.05513325333595276}"
val,"{'mae': 0.47349363565444946, 'rmse': 0.47350969910621643}","{'mae': 0.040242116898298264, 'rmse': 0.05488654226064682}"
train,"{'mae': 0.4733583927154541, 'rmse': 0.47338366508483887}","{'mae': 0.040279094129800797, 'rmse': 0.05492217466235161}"
val,"{'mae': 0.47096726298332214, 'rmse': 0.4709934890270233}","{'mae': 0.0402836911380291, 'rmse': 0.05511622130870819}"
train,"{'mae': 0.4699724316596985, 'rmse': 0.4700016975402832}","{'mae': 0.040139999240636826, 'rmse': 0.05480207875370979}"
val,"{'mae': 0.4826555848121643, 'rmse': 0.48267608880996704}","{'mae': 0.04025109112262726, 'rmse': 0.05482029169797897}"
train,"{'mae': 0.4684779644012451, 'rmse': 0.4685156047344208}","{'mae': 0.04050399735569954, 'rmse': 0.055172860622406006}"
val,"{'mae': 0.46047598123550415, 'rmse': 0.4605006277561188}","{'mae': 0.04028437286615372, 'rmse': 0.05515071004629135}"
train,"{'mae': 0.4654669165611267, 'rmse': 0.4654991328716278}","{'mae': 0.040379565209150314, 'rmse': 0.05504419282078743}"
val,"{'mae': 0.4731997847557068, 'rmse': 0.47321081161499023}","{'mae': 0.04103308916091919, 'rmse': 0.055768758058547974}"
train,"{'mae': 0.46778565645217896, 'rmse': 0.46781018376350403}","{'mae': 0.03987043350934982, 'rmse': 0.054530736058950424}"
val,"{'mae': 0.46817782521247864, 'rmse': 0.46820032596588135}","{'mae': 0.04079073294997215, 'rmse': 0.05553508922457695}"
train,"{'mae': 0.4652842879295349, 'rmse': 0.4653231203556061}","{'mae': 0.0400216281414032, 'rmse': 0.05469079688191414}"
val,"{'mae': 0.46750113368034363, 'rmse': 0.4675145745277405}","{'mae': 0.040616508573293686, 'rmse': 0.0552373044192791}"
train,"{'mae': 0.4667641222476959, 'rmse': 0.4667913019657135}","{'mae': 0.04003210738301277, 'rmse': 0.05465962737798691}"
val,"{'mae': 0.46608853340148926, 'rmse': 0.466106116771698}","{'mae': 0.04094553738832474, 'rmse': 0.055806390941143036}"
train,"{'mae': 0.4638954699039459, 'rmse': 0.4639272689819336}","{'mae': 0.0402153879404068, 'rmse': 0.05485612526535988}"
val,"{'mae': 0.4646066427230835, 'rmse': 0.46462690830230713}","{'mae': 0.040204621851444244, 'rmse': 0.055019013583660126}"
