#! FIELDS phi psi file.free der_phi der_psi
#! SET min_phi -pi
#! SET max_phi pi
#! SET nbins_phi  100
#! SET periodic_phi true
#! SET min_psi -pi
#! SET max_psi pi
#! SET nbins_psi  100
#! SET periodic_psi true
   -3.141592654   -3.141592654   23.374008713  -49.476975764   -4.185624071
   -3.078760801   -3.141592654   19.549409124  -41.325382444   -4.220155937
   -3.015928947   -3.141592654   18.371605118  -32.031404356   -5.555627649
   -2.953097094   -3.141592654   16.844485521  -33.662814211   -7.809396263
   -2.890265241   -3.141592654   18.783448919  -43.100782517   -7.235318172
   -2.827433388   -3.141592654   17.397154731  -33.696624482   -8.992044281
   -2.764601535   -3.141592654   15.493633474  -28.232383754  -16.416311727
   -2.701769682   -3.141592654   13.479847054  -19.435079078  -21.310815008
   -2.638937829   -3.141592654   14.090770737   -8.624374951  -23.057680555
   -2.576105976   -3.141592654   14.251690239   -0.427513257  -25.122446689
   -2.513274123   -3.141592654   12.954758122   -0.522265916  -25.881912244
   -2.450442270   -3.141592654   12.891819516    2.177909904  -22.147924061
   -2.387610417   -3.141592654   11.425025929  -11.133753157  -12.529538411
   -2.324778564   -3.141592654   10.998116290   -4.806935459  -12.277921701
   -2.261946711   -3.141592654   12.594559953  -14.330494065  -17.352718244
   -2.199114858   -3.141592654   14.884657390  -15.056462924  -16.843813096
   -2.136283004   -3.141592654   14.848391626  -11.199028910  -14.684143915
   -2.073451151   -3.141592654   16.117877188  -14.142332794  -13.241356474
   -2.010619298   -3.141592654   15.958532806  -15.775434889  -14.230972506
   -1.947787445   -3.141592654   14.288389925  -12.986834881  -14.564224858
   -1.884955592   -3.141592654   13.526262712  -12.833710845  -17.633051976
   -1.822123739   -3.141592654   14.060012910  -17.080169909  -16.359252472
   -1.759291886   -3.141592654   11.945120893  -21.901419278  -21.137815099
   -1.696460033   -3.141592654   11.722687102  -23.026735730  -26.503100716
   -1.633628180   -3.141592654   11.628993684  -18.085932295  -28.627984409
   -1.570796327   -3.141592654   12.556990970  -20.022885999  -29.604400312
   -1.507964474   -3.141592654   11.144893362  -17.129969778  -27.424731069
   -1.445132621   -3.141592654   10.489694306  -15.820398173  -22.456638991
   -1.382300768   -3.141592654   11.191781198  -13.005363228  -14.296827980
   -1.319468915   -3.141592654    9.005684750   -7.393855673   -4.436930891
   -1.256637061   -3.141592654    8.132899040   -1.606978792    1.261328783
   -1.193805208   -3.141592654    9.004722169   12.239527456    5.729738142
   -1.130973355   -3.141592654    9.654148929   16.457876658    4.893208455
   -1.068141502   -3.141592654   11.148561005   20.515419766    4.974402878
   -1.005309649   -3.141592654   12.352247898   19.545002577    3.895700483
   -0.942477796   -3.141592654   13.901220407   20.400847286    6.537336518
   -0.879645943   -3.141592654   16.675190010   23.109602391    7.165096913
   -0.816814090   -3.141592654   19.232732103   32.834436290   11.636922033
   -0.753982237   -3.141592654   21.698255690   42.207476936   16.078220789
   -0.691150384   -3.141592654   25.097822260   49.061559568   18.936411111
   -0.628318531   -3.141592654   26.955369275   51.507476796   22.400419311
   -0.565486678   -3.141592654   31.633080424   51.912995105   22.913479857
   -0.502654825   -3.141592654   34.819844151   58.324583236   24.841681910
   -0.439822972   -3.141592654   39.718260423   57.344081162   25.919864917
   -0.376991118   -3.141592654   43.797141516   59.289606810   24.687782630
   -0.314159265   -3.141592654   49.540697669   55.702789671   23.844800930
   -0.251327412   -3.141592654   52.809797429   52.110703250   21.667476541
   -0.188495559   -3.141592654   55.607839432   43.371429368   18.694644091
   -0.125663706   -3.141592654   56.303366139   33.160664496   17.868568786
   -0.062831853   -3.141592654   57.778381586   20.622124617   12.361442666
    0.000000000   -3.141592654   59.226564902    2.739657766    7.180746986
    0.062831853   -3.141592654   59.068875946  -18.929471065   -3.681511093
    0.125663706   -3.141592654   56.786441181  -37.277100143  -16.388876575
    0.188495559   -3.141592654   54.305856424  -47.808723442  -26.050200909
    0.251327412   -3.141592654   51.634745345  -63.515252659  -31.389044059
    0.314159265   -3.141592654   47.174733890  -73.063861915  -35.674217402
    0.376991118   -3.141592654   40.622221292  -75.292059803  -38.649451222
    0.439822972   -3.141592654   35.425075953  -68.286279353  -38.260265936
    0.502654825   -3.141592654   31.083142622  -57.018813726  -36.244746217
    0.565486678   -3.141592654   27.376093267  -52.665170477  -32.389873785
    0.628318531   -3.141592654   24.646361057  -38.390965288  -27.842351242
    0.691150384   -3.141592654   23.511078283  -34.047860080  -22.313915202
    0.753982237   -3.141592654   21.736915669  -44.199815536  -18.182214731
    0.816814090   -3.141592654   18.603324382  -41.675176037   -9.852088816
    0.879645943   -3.141592654   17.558826510  -23.121648127   -3.563987039
    0.942477796   -3.141592654   20.259967156  -17.752820101   -4.757445037
    1.005309649   -3.141592654   20.037742052   -9.424590967  -10.388214900
    1.068141502   -3.141592654   18.055727779  -10.645567768  -10.301847782
    1.130973355   -3.141592654   17.122061167   -2.200202873   -6.828473686
    1.193805208   -3.141592654   16.819384116   22.612863478   -2.963306020
    1.256637061   -3.141592654   20.736390953   30.973939821   -6.217725219
    1.319468915   -3.141592654   24.939766473   24.213751686   -6.506335072
    1.382300768   -3.141592654   27.376251841   32.360248528   -2.960319562
    1.445132621   -3.141592654   30.372681499   44.364237801   -2.412921095
    1.507964474   -3.141592654   32.248372247   47.518168902   -2.206232116
    1.570796327   -3.141592654   34.775127748   46.262078083   -0.693365332
    1.633628180   -3.141592654   39.184514977   41.296385305   -0.722350076
    1.696460033   -3.141592654   43.113373596   38.667438837    1.852021270
    1.759291886   -3.141592654   46.286872829   33.480189495    1.148058315
    1.822123739   -3.141592654   49.529830548   32.894487467    0.702474875
    1.884955592   -3.141592654   52.539448924   34.185314502   -0.911172770
    1.947787445   -3.141592654   54.308771349   29.121874438    2.335466382
    2.010619298   -3.141592654   56.227836777   26.778212984    1.968730627
    2.073451151   -3.141592654   56.603264050   17.095807187    1.898952756
    2.136283004   -3.141592654   57.252159289    7.653124327   -3.884176423
    2.199114858   -3.141592654   57.544511925    2.031920982   -5.568136612
    2.261946711   -3.141592654   58.180161832   -6.756221299   -6.652115961
    2.324778564   -3.141592654   58.638771114  -24.022723895   -5.716665326
    2.387610417   -3.141592654   56.931753086  -38.928121118   -7.460109775
    2.450442270   -3.141592654   53.619496038  -41.347058702   -4.598597152
    2.513274123   -3.141592654   51.441782467  -35.091061358   -3.173982210
    2.576105976   -3.141592654   49.389583589  -32.037718683    1.414470202
    2.638937829   -3.141592654   47.541439638  -30.275151422    0.920016606
    2.701769682   -3.141592654   45.146472625  -29.999352428   -3.731656261
    2.764601535   -3.141592654   45.140968610  -36.835899045   -4.949079935
    2.827433388   -3.141592654   41.906441440  -31.102642358   -6.496272113
    2.890265241   -3.141592654   39.821458075  -32.143566127   -8.078470494
    2.953097094   -3.141592654   35.965834833  -42.457308222   -4.739542313
    3.015928947   -3.141592654   31.447733716  -47.120504376   -0.179889484
    3.078760801   -3.141592654   26.352677168  -56.391869704   -0.884477544

   -3.141592654   -3.078760801   25.900384351  -53.186802214    2.331186477
   -3.078760801   -3.078760801   21.912001940  -44.534217241    3.268050031
   -3.015928947   -3.078760801   20.486565182  -34.791052505    1.644540752
   -2.953097094   -3.078760801   18.710576851  -35.181066040   -0.209042675
   -2.890265241   -3.078760801   20.615949394  -44.705717990   -0.097170126
   -2.827433388   -3.078760801   19.134626735  -35.253821410   -0.939712528
   -2.764601535   -3.078760801   16.798876852  -30.848181758   -7.366917618
   -2.701769682   -3.078760801   14.559952576  -22.656434613  -10.390451463
   -2.638937829   -3.078760801   15.071340014  -12.718622971  -12.474750594
   -2.576105976   -3.078760801   15.121757218   -3.444701687  -14.016347898
   -2.513274123   -3.078760801   13.719599286   -1.358603285  -16.044945161
   -2.450442270   -3.078760801   13.781985411    2.186977312  -14.483987743
   -2.387610417   -3.078760801   12.827205238   -9.859273788   -6.044592659
   -2.324778564   -3.078760801   12.299409335   -4.190989239   -7.145423615
   -2.261946711   -3.078760801   13.456058797  -13.959615187  -13.911864526
   -2.199114858   -3.078760801   15.673018156  -14.105823179  -14.729587038
   -2.136283004   -3.078760801   15.734048291  -10.023476714  -12.453734096
   -2.073451151   -3.078760801   17.104508385  -13.023950981  -10.261479125
   -2.010619298   -3.078760801   16.919482895  -15.556132580  -10.248584929
   -1.947787445   -3.078760801   15.317335129  -13.363133274   -8.727914298
   -1.884955592   -3.078760801   14.442797297  -14.265494262  -10.655350189
   -1.822123739   -3.078760801   15.116851049  -20.541807475   -8.924648325
   -1.759291886   -3.078760801   12.777617927  -25.829823350  -12.738110055
   -1.696460033   -3.078760801   12.271461709  -26.432426972  -17.638656463
   -1.633628180   -3.078760801   12.074117340  -19.534719757  -20.075714167
   -1.570796327   -3.078760801   12.930347497  -18.655171543  -21.919626533
   -1.507964474   -3.078760801   11.677295356  -13.519836525  -19.860341363
   -1.445132621   -3.078760801   11.367375061  -10.354919646  -14.020560555
   -1.382300768   -3.078760801   12.544509943   -6.473564653   -6.604560969
   -1.319468915   -3.078760801   10.939348474   -1.598249378    3.073304615
   -1.256637061   -3.078760801   10.297237679    1.183556817    7.070742800
   -1.193805208   -3.078760801   11.258233212   11.405186469    9.420128309
   -1.130973355   -3.078760801   11.657399988   12.621561475    7.387829949
   -1.068141502   -3.078760801   12.956138611   15.403317829    7.518563965
   -1.005309649   -3.078760801   13.901798977   16.070503962    7.644577543
   -0.942477796   -3.078760801   15.389507052   19.677889792   10.884626770
   -0.879645943   -3.078760801   17.956033919   24.200613542   11.737608176
   -0.816814090   -3.078760801   20.524972785   33.710286414   16.097846885
   -0.753982237   -3.078760801   23.061081498   43.163943125   21.944087886
   -0.691150384   -3.078760801   26.425449120   49.153057841   25.496123817
   -0.628318531   -3.078760801   28.291192796   50.246698831   29.088246881
   -0.565486678   -3.078760801   32.805807159   50.709694650   29.708419519
   -0.502654825   -3.078760801   35.934686310   55.887499912   31.290863464
   -0.439822972   -3.078760801   40.713035423   54.327505338   31.304240934
   -0.376991118   -3.078760801   44.578464926   57.123822867   29.440352782
   -0.314159265   -3.078760801   50.127400492   54.281135086   26.885653592
   -0.251327412   -3.078760801   53.161843137   51.046472329   23.269676663
   -0.188495559   -3.078760801   55.729170607   41.507012429   19.290911600
   -0.125663706   -3.078760801   56.321541174   29.942915690   16.039677493
   -0.062831853   -3.078760801   57.418788636   14.741733477    7.895672858
    0.000000000   -3.078760801   58.547002254   -5.524998734    0.214040426
    0.062831853   -3.078760801   57.798655389  -28.070814135  -10.722054900
    0.125663706   -3.078760801   54.883318687  -45.272724778  -21.873604915
    0.188495559   -3.078760801   52.003444632  -53.340443409  -29.090196635
    0.251327412   -3.078760801   49.212718123  -65.826797989  -31.382737895
    0.314159265   -3.078760801   44.698000264  -72.780792316  -32.998804998
    0.376991118   -3.078760801   38.173816353  -72.599357052  -32.949551448
    0.439822972   -3.078760801   33.186602132  -64.268627155  -30.529607009
    0.502654825   -3.078760801   29.138805035  -52.075390772  -27.215023570
    0.565486678   -3.078760801   25.826752314  -47.792444779  -22.954499851
    0.628318531   -3.078760801   23.570155949  -33.440488055  -17.492253379
    0.691150384   -3.078760801   22.975436886  -28.269568023  -11.588425528
    0.753982237   -3.078760801   21.651721415  -36.805752427   -7.518860475
    0.816814090   -3.078760801   19.194536610  -34.620585692   -0.824386265
    0.879645943   -3.078760801   18.687033297  -18.289760961    3.170491059
    0.942477796   -3.078760801   21.417625450  -14.482321771   -0.962188440
    1.005309649   -3.078760801   20.973426099   -9.013034204   -8.331920473
    1.068141502   -3.078760801   19.147990198   -8.555620826   -8.894953651
    1.130973355   -3.078760801   18.519560323    2.512859808   -7.181357967
    1.193805208   -3.078760801   18.500970669   26.304650369   -5.268158430
    1.256637061   -3.078760801   22.247136752   33.261244372  -10.065414954
    1.319468915   -3.078760801   26.467858591   25.792392155  -10.656238719
    1.382300768   -3.078760801   29.113904151   32.981741725   -7.882986569
    1.445132621   -3.078760801   32.122665722   43.927709766   -7.532327347
    1.507964474   -3.078760801   33.938799658   46.634525778   -8.160744699
    1.570796327   -3.078760801   36.492592798   45.861711219   -7.153506832
    1.633628180   -3.078760801   40.855802840   41.732924093   -6.651608555
    1.696460033   -3.078760801   44.918715426   39.363770195   -3.452177661
    1.759291886   -3.078760801   48.043335459   34.041014740   -3.091881350
    1.822123739   -3.078760801   51.289630868   33.366654739   -1.942342015
    1.884955592   -3.078760801   54.273444477   34.872642838   -1.636488006
    1.947787445   -3.078760801   56.332662333   30.024813143    2.839058759
    2.010619298   -3.078760801   58.361118005   27.962166194    3.655024336
    2.073451151   -3.078760801   58.899697643   18.233244320    4.393401292
    2.136283004   -3.078760801   59.420235220    9.440798505    0.061344059
    2.199114858   -3.078760801   59.843242773    3.978895345   -1.729832804
    2.261946711   -3.078760801   60.672169260   -3.976953733   -2.770100460
    2.324778564   -3.078760801   61.467678494  -19.667991638   -2.014538295
    2.387610417   -3.078760801   59.939828157  -33.850195143   -3.428614265
    2.450442270   -3.078760801   57.078305376  -35.016219763   -0.097541732
    2.513274123   -3.078760801   55.208272649  -28.358983248    1.437220702
    2.576105976   -3.078760801   53.606016153  -28.393430555    6.353111534
    2.638937829   -3.078760801   51.800373670  -28.978771070    5.933343360
    2.701769682   -3.078760801   49.167987477  -31.616135359    3.339497521
    2.764601535   -3.078760801   48.983199072  -40.449887615    1.762647556
    2.827433388   -3.078760801   45.525378862  -36.578273570    1.627826169
    2.890265241   -3.078760801   43.095664264  -37.012335309   -1.093904595
    2.953097094   -3.078760801   39.160722083  -45.832568019    0.869957308
    3.015928947   -3.078760801   34.643016007  -49.945301278    4.253457461
    3.078760801   -3.078760801   29.292367854  -59.099335361    4.630947068

   -3.141592654   -3.015928947   25.430903236  -52.963352959    0.255516170
   -3.078760801   -3.015928947   21.526143808  -43.241945822    0.926136568
   -3.015928947   -3.015928947   20.085739994  -32.874416689   -0.776687126
   -2.953097094   -3.015928947   18.346605188  -32.571486424   -1.420305467
   -2.890265241   -3.015928947   20.411159363  -41.969715621   -1.394055672
   -2.827433388   -3.015928947   19.100868025  -32.495023322   -0.925976687
   -2.764601535   -3.015928947   16.576296478  -29.637498122   -6.329460700
   -2.701769682   -3.015928947   14.396822960  -22.743054035   -7.019518844
   -2.638937829   -3.015928947   14.928726537  -14.580978615   -8.800174915
   -2.576105976   -3.015928947   15.033983926   -6.411590440   -8.682752208
   -2.513274123   -3.015928947   13.525951565   -3.535160561  -11.365384633
   -2.450442270   -3.015928947   13.620102850    0.385849243  -12.182635066
   -2.387610417   -3.015928947   13.101255006  -10.034653661   -5.648270896
   -2.324778564   -3.015928947   12.396179169   -5.163112179   -8.225866360
   -2.261946711   -3.015928947   12.992917977  -14.303998828  -16.490018584
   -2.199114858   -3.015928947   15.039260818  -13.938960731  -18.501457479
   -2.136283004   -3.015928947   15.149078129   -9.268435989  -16.657427378
   -2.073451151   -3.015928947   16.617738696  -11.566250260  -14.284218757
   -2.010619298   -3.015928947   16.430203455  -14.009478812  -14.111204186
   -1.947787445   -3.015928947   15.017526749  -11.781477949  -10.794681081
   -1.884955592   -3.015928947   14.117105374  -14.326856938  -12.086278304
   -1.822123739   -3.015928947   15.006692921  -22.483912880   -9.821042354
   -1.759291886   -3.015928947   12.539642987  -28.853255446  -12.191868704
   -1.696460033   -3.015928947   11.777302859  -29.897103417  -15.659807190
   -1.633628180   -3.015928947   11.392038042  -22.505703102  -17.128071828
   -1.570796327   -3.015928947   12.003932552  -19.693610428  -18.836128984
   -1.507964474   -3.015928947   10.725163839  -12.967315857  -16.399198094
   -1.445132621   -3.015928947   10.590231481   -8.043514537  -11.037052887
   -1.382300768   -3.015928947   11.997121503   -3.566936250   -6.161796644
   -1.319468915   -3.015928947   10.801756078    0.776005790    1.390166561
   -1.256637061   -3.015928947   10.228024485    1.889404014    3.114232482
   -1.193805208   -3.015928947   11.165972208    9.369118554    3.604184603
   -1.130973355   -3.015928947   11.346408520    9.834490872    1.524070026
   -1.068141502   -3.015928947   12.606667321   13.332353348    2.696141309
   -1.005309649   -3.015928947   13.543781638   16.143636806    4.068039374
   -0.942477796   -3.015928947   15.189659092   22.696338760    7.078304693
   -0.879645943   -3.015928947   17.799859786   29.109243297    7.997396764
   -0.816814090   -3.015928947   20.635520024   39.450020888   11.817809003
   -0.753982237   -3.015928947   23.574683656   48.722232108   17.428817316
   -0.691150384   -3.015928947   27.208324570   53.856024661   20.723449976
   -0.628318531   -3.015928947   29.363702207   53.635583784   24.282557253
   -0.565486678   -3.015928947   33.980407285   53.343678306   24.830547359
   -0.502654825   -3.015928947   37.272602932   56.948022725   26.627286681
   -0.439822972   -3.015928947   42.100013354   53.977602222   26.367695749
   -0.376991118   -3.015928947   45.903824842   56.753756966   24.744160280
   -0.314159265   -3.015928947   51.329494079   54.023353474   21.751890043
   -0.251327412   -3.015928947   54.162329673   49.888817459   17.126790680
   -0.188495559   -3.015928947   56.549507709   38.426203825   13.441645575
   -0.125663706   -3.015928947   56.982052319   25.521641113    9.198332763
   -0.062831853   -3.015928947   57.611874455    7.627294363   -0.443414711
    0.000000000   -3.015928947   58.320237301  -13.431866344   -9.202788732
    0.062831853   -3.015928947   57.026648141  -35.685337237  -18.929154012
    0.125663706   -3.015928947   53.603821714  -50.587242539  -27.434671011
    0.188495559   -3.015928947   50.471938644  -56.010473797  -31.802537655
    0.251327412   -3.015928947   47.715029209  -65.920628079  -31.632127749
    0.314159265   -3.015928947   43.242244679  -71.114036666  -31.677220809
    0.376991118   -3.015928947   36.837453401  -69.402407122  -30.038606306
    0.439822972   -3.015928947   32.094872672  -60.695133201  -26.287077173
    0.502654825   -3.015928947   28.273715536  -48.505632518  -22.617499329
    0.565486678   -3.015928947   25.226984398  -45.062830674  -18.038218766
    0.628318531   -3.015928947   23.275186408  -31.958140504  -11.934012253
    0.691150384   -3.015928947   22.970685547  -27.126500998   -5.864904746
    0.753982237   -3.015928947   21.756570142  -35.754217913   -1.862224596
    0.816814090   -3.015928947   19.527713325  -35.165034603    3.999997693
    0.879645943   -3.015928947   19.026827361  -22.006583606    7.061144416
    0.942477796   -3.015928947   21.233956347  -18.862897573    2.194743035
    1.005309649   -3.015928947   20.101002727  -15.666115181   -4.208261242
    1.068141502   -3.015928947   18.035205964  -12.575436254   -3.330086223
    1.130973355   -3.015928947   17.308299053    1.443149304   -0.927772731
    1.193805208   -3.015928947   17.226542652   25.204530962    1.208720740
    1.256637061   -3.015928947   20.530521423   32.598970737   -3.653099334
    1.319468915   -3.015928947   24.677347036   26.332441769   -3.741760585
    1.382300768   -3.015928947   27.532211622   34.314300026   -0.459574097
    1.445132621   -3.015928947   30.662464682   46.075053730   -0.240839726
    1.507964474   -3.015928947   32.573002777   49.466582668   -2.194189242
    1.570796327   -3.015928947   35.386610837   49.396484493   -2.781630888
    1.633628180   -3.015928947   40.018552855   46.516505383   -3.628311794
    1.696460033   -3.015928947   44.509929372   44.511535683   -2.904697638
    1.759291886   -3.015928947   47.872526250   38.981448088   -4.944720042
    1.822123739   -3.015928947   51.385921496   37.772173985   -5.542930606
    1.884955592   -3.015928947   54.551503149   37.926549899   -6.625086807
    1.947787445   -3.015928947   56.982993248   31.799394259   -3.643993780
    2.010619298   -3.015928947   59.124889886   28.218814156   -2.975193674
    2.073451151   -3.015928947   59.749565513   17.007238811   -1.463449404
    2.136283004   -3.015928947   60.029404815    7.478449479   -3.726635501
    2.199114858   -3.015928947   60.315411202    1.575009765   -4.333906583
    2.261946711   -3.015928947   61.046933027   -5.993627687   -4.095829779
    2.324778564   -3.015928947   61.852110863  -20.225921260   -2.225975726
    2.387610417   -3.015928947   60.222409068  -33.394098663   -1.787536689
    2.450442270   -3.015928947   57.549355225  -33.113833256    2.727524578
    2.513274123   -3.015928947   55.720722172  -25.864112605    4.282709253
    2.576105976   -3.015928947   54.337885537  -27.439440593    8.129193248
    2.638937829   -3.015928947   52.407432350  -29.194505945    6.974875896
    2.701769682   -3.015928947   49.532099637  -33.111246785    4.814800115
    2.764601535   -3.015928947   49.128235715  -42.709866300    2.968372686
    2.827433388   -3.015928947   45.570332566  -40.415478000    4.294323483
    2.890265241   -3.015928947   42.830904394  -41.313594526    1.048646303
    2.953097094   -3.015928947   38.834091646  -48.639834971    1.118011998
    3.015928947   -3.015928947   34.364028056  -51.825879634    2.347066410
    3.078760801   -3.015928947   28.984640617  -58.874259601    2.701001142

   -3.141592654   -2.953097094   28.489067533  -50.990458345   -8.944238916
   -3.078760801   -2.953097094   24.732786339  -41.016708840   -9.855581951
   -3.015928947   -2.953097094   23.251678740  -31.264313092  -12.460286039
   -2.953097094   -2.953097094   21.548037167  -30.959122662  -11.665700623
   -2.890265241   -2.953097094   23.600886272  -41.252847405  -10.911896590
   -2.827433388   -2.953097094   22.302549961  -32.625474866   -8.192711401
   -2.764601535   -2.953097094   19.350195512  -32.141711895  -11.806655794
   -2.701769682   -2.953097094   17.035846047  -26.654578920   -9.883363661
   -2.638937829   -2.953097094   17.300314068  -20.623857568  -10.496170216
   -2.576105976   -2.953097094   17.301556180  -13.480003001   -7.872593479
   -2.513274123   -2.953097094   15.495795179   -9.329567382   -9.522277692
   -2.450442270   -2.953097094   15.392178030   -4.040252719  -11.308648356
   -2.387610417   -2.953097094   15.194707111  -11.119176926   -6.293141076
   -2.324778564   -2.953097094   14.326406308   -5.469153045   -9.815077740
   -2.261946711   -2.953097094   14.490342328  -11.711568001  -18.978512838
   -2.199114858   -2.953097094   16.573808646   -9.276819090  -22.126987658
   -2.136283004   -2.953097094   17.039684067   -3.281866082  -21.081796972
   -2.073451151   -2.953097094   18.947926929   -4.186898408  -19.491130926
   -2.010619298   -2.953097094   19.092591983   -6.247688215  -20.072294771
   -1.947787445   -2.953097094   18.258843727   -4.968502307  -15.814692944
   -1.884955592   -2.953097094   17.628462538  -10.251186019  -15.936650995
   -1.822123739   -2.953097094   18.932877219  -20.778577094  -12.959884401
   -1.759291886   -2.953097094   16.556456248  -29.097694770  -13.473969690
   -1.696460033   -2.953097094   15.725669549  -30.797284780  -14.982025003
   -1.633628180   -2.953097094   15.248258916  -23.935957602  -15.613290258
   -1.570796327   -2.953097094   15.645283665  -20.165460100  -17.373440156
   -1.507964474   -2.953097094   14.318311572  -13.629633194  -15.250179015
   -1.445132621   -2.953097094   14.237117322   -8.848064278  -10.764849885
   -1.382300768   -2.953097094   15.592606392   -4.551786321   -7.915434267
   -1.319468915   -2.953097094   14.535416119   -1.055264870   -1.268606785
   -1.256637061   -2.953097094   13.783633354   -0.915379744    0.394245144
   -1.193805208   -2.953097094   14.529244016    5.485457834    1.794991256
   -1.130973355   -2.953097094   14.453925742    7.080559594    2.283499357
   -1.068141502   -2.953097094   15.719609730   12.003461773    6.231700815
   -1.005309649   -2.953097094   16.703236206   16.489715387   10.002693767
   -0.942477796   -2.953097094   18.461382491   24.973280505   13.572494329
   -0.879645943   -2.953097094   21.098282898   32.527006968   15.701313757
   -0.816814090   -2.953097094   24.088930365   42.905531759   19.019054059
   -0.753982237   -2.953097094   27.287970465   51.613440301   23.892306357
   -0.691150384   -2.953097094   31.020715495   55.864856822   26.331150018
   -0.628318531   -2.953097094   33.275009529   54.156538116   28.756902163
   -0.565486678   -2.953097094   37.823273991   53.115925493   28.858373566
   -0.502654825   -2.953097094   41.115920303   55.571376386   30.138339863
   -0.439822972   -2.953097094   45.808932603   51.215702569   29.150956229
   -0.376991118   -2.953097094   49.389338835   53.301539491   26.696749144
   -0.314159265   -2.953097094   54.478503951   50.207031021   22.071992769
   -0.251327412   -2.953097094   56.860412108   44.368308768   15.371997407
   -0.188495559   -2.953097094   58.894746392   30.898596231   11.007551990
   -0.125663706   -2.953097094   58.898586922   16.023562530    4.911502260
   -0.062831853   -2.953097094   58.793055136   -2.949441898   -5.399656226
    0.000000000   -2.953097094   58.824418647  -23.294844990  -14.955701946
    0.062831853   -2.953097094   56.893192427  -44.200307576  -22.737845340
    0.125663706   -2.953097094   52.962939080  -55.627619564  -28.376842959
    0.188495559   -2.953097094   49.574444009  -58.602691481  -30.733408309
    0.251327412   -2.953097094   46.830238159  -66.371883899  -29.238481930
    0.314159265   -2.953097094   42.348019660  -70.125757693  -28.371617154
    0.376991118   -2.953097094   36.046399037  -67.270101613  -25.717103770
    0.439822972   -2.953097094   31.503332922  -58.012571447  -21.860084072
    0.502654825   -2.953097094   27.834433472  -46.312839025  -18.843451261
    0.565486678   -2.953097094   24.980916911  -42.920945198  -14.837908038
    0.628318531   -2.953097094   23.303666073  -30.924316139   -9.091227611
    0.691150384   -2.953097094   23.220078777  -26.818865071   -4.218596344
    0.753982237   -2.953097094   22.044281257  -36.082940438   -2.080262858
    0.816814090   -2.953097094   19.938540967  -37.065817812    1.633239490
    0.879645943   -2.953097094   19.379900332  -26.212956630    3.300252642
    0.942477796   -2.953097094   21.020094855  -22.759504449   -2.558868238
    1.005309649   -2.953097094   19.286564686  -20.710887046   -7.801053436
    1.068141502   -2.953097094   17.076836421  -15.190453520   -5.663821223
    1.130973355   -2.953097094   16.298764396    0.971817792   -2.379830384
    1.193805208   -2.953097094   16.150370404   23.820671804   -0.080288782
    1.256637061   -2.953097094   18.974325486   31.034336073   -4.422255075
    1.319468915   -2.953097094   23.011939736   25.754938599   -2.929166537
    1.382300768   -2.953097094   26.007821771   33.796754301    1.881173270
    1.445132621   -2.953097094   29.121651901   45.552328575    3.365420338
    1.507964474   -2.953097094   30.892656420   48.715354423    1.521229864
    1.570796327   -2.953097094   33.709501773   48.839075838    1.313380461
    1.633628180   -2.953097094   38.384375150   46.881372829    1.341842025
    1.696460033   -2.953097094   43.031004002   45.331618465    1.461550887
    1.759291886   -2.953097094   46.397016557   40.755393184   -1.659143744
    1.822123739   -2.953097094   50.022748923   40.079524255   -3.448847404
    1.884955592   -2.953097094   53.285125080   40.666707554   -5.725085717
    1.947787445   -2.953097094   56.081702515   34.711199116   -3.595745325
    2.010619298   -2.953097094   58.461152686   31.057794917   -3.208533530
    2.073451151   -2.953097094   59.406980941   19.677186656   -0.633699404
    2.136283004   -2.953097094   59.788482441   10.236276556   -0.964547334
    2.199114858   -2.953097094   60.259266275    4.170860981    0.171543770
    2.261946711   -2.953097094   61.208881981   -2.905384885    1.716548205
    2.324778564   -2.953097094   62.312383340  -15.748626439    4.318922454
    2.387610417   -2.953097094   60.931384243  -28.238938117    6.746040273
    2.450442270   -2.953097094   58.721555840  -27.418697923   11.779722980
    2.513274123   -2.953097094   57.139903539  -20.518911777   12.392704241
    2.576105976   -2.953097094   56.124800723  -24.176620212   13.978583557
    2.638937829   -2.953097094   54.234234042  -26.010873680    9.457898224
    2.701769682   -2.953097094   51.410718059  -29.543926362    5.481143850
    2.764601535   -2.953097094   51.075485244  -38.265242738    1.303034995
    2.827433388   -2.953097094   47.877193139  -37.414353196    2.518711227
    2.890265241   -2.953097094   45.190947662  -39.898318967   -1.473778724
    2.953097094   -2.953097094   41.408710729  -47.712402285   -2.991016430
    3.015928947   -2.953097094   37.198826168  -50.650017345   -4.182986311
    3.078760801   -2.953097094   32.044408131  -56.473370874   -5.144494145

   -3.141592654   -2.890265241   26.734646932  -52.063978058  -11.400367113
   -3.078760801   -2.890265241   22.972325812  -39.602371647  -15.140770381
   -3.015928947   -2.890265241   21.476806308  -27.061431660  -19.780639898
   -2.953097094   -2.890265241   20.093531579  -23.813031872  -18.862134498
   -2.890265241   -2.890265241   22.504203613  -32.613762526  -18.265852629
   -2.827433388   -2.890265241   21.772016137  -23.553557111  -14.409067809
   -2.764601535   -2.890265241   18.997457325  -24.927807967  -17.180277408
   -2.701769682   -2.890265241   17.227732040  -20.391475347  -14.092540720
   -2.638937829   -2.890265241   17.833721219  -16.456094521  -14.282565263
   -2.576105976   -2.890265241   18.391752021  -11.519409954   -9.818506008
   -2.513274123   -2.890265241   16.821084540   -8.386711349   -9.560476692
   -2.450442270   -2.890265241   16.856574491   -4.146280140  -10.748952439
   -2.387610417   -2.890265241   17.154370905  -10.132767911   -5.978560499
   -2.324778564   -2.890265241   16.243660480   -5.585668376   -8.768611954
   -2.261946711   -2.890265241   16.001293718  -10.426477194  -16.948926966
   -2.199114858   -2.890265241   18.010556636   -7.212595726  -20.407996617
   -2.136283004   -2.890265241   18.630812073   -0.770870087  -20.338760351
   -2.073451151   -2.890265241   20.717060555   -1.255600467  -19.565310959
   -2.010619298   -2.890265241   20.860359453   -2.916241399  -21.085534009
   -1.947787445   -2.890265241   20.337291814   -3.286721175  -16.257395488
   -1.884955592   -2.890265241   19.698145036  -10.582076910  -15.027031091
   -1.822123739   -2.890265241   21.130245864  -22.857515721  -10.845245285
   -1.759291886   -2.890265241   18.643989602  -31.568452933   -8.577336652
   -1.696460033   -2.890265241   17.631124510  -33.064035592   -6.879999032
   -1.633628180   -2.890265241   16.965301858  -25.733423315   -5.825421235
   -1.570796327   -2.890265241   17.095351636  -20.621881315   -6.647662992
   -1.507964474   -2.890265241   15.778908728  -12.767116713   -4.106787855
   -1.445132621   -2.890265241   15.836035354   -7.234795522   -1.039292501
   -1.382300768   -2.890265241   17.291446245   -2.179111177    0.403064300
   -1.319468915   -2.890265241   16.639582485    1.593498943    5.909237405
   -1.256637061   -2.890265241   16.036019979    1.870541580    7.119496880
   -1.193805208   -2.890265241   16.970083756    7.796006143    8.741672159
   -1.130973355   -2.890265241   17.064565279   10.810690070    9.748772211
   -1.068141502   -2.890265241   18.727454606   16.195755179   14.411585071
   -1.005309649   -2.890265241   20.092077248   21.096727681   18.742025945
   -0.942477796   -2.890265241   22.160614719   30.247411564   21.473082200
   -0.879645943   -2.890265241   25.012006191   37.370234553   23.418640590
   -0.816814090   -2.890265241   28.184037168   46.183006582   24.757529171
   -0.753982237   -2.890265241   31.625011003   53.593531084   27.701244130
   -0.691150384   -2.890265241   35.401833847   56.571808987   28.310685348
   -0.628318531   -2.890265241   37.654429452   53.242541719   28.836667349
   -0.565486678   -2.890265241   42.057186773   51.443057040   28.457356164
   -0.502654825   -2.890265241   45.249978031   52.366473163   29.248787365
   -0.439822972   -2.890265241   49.679091098   46.374373937   27.581012540
   -0.376991118   -2.890265241   52.905323547   47.444783799   24.980670213
   -0.314159265   -2.890265241   57.500097283   43.443398039   19.881351409
   -0.251327412   -2.890265241   59.243895045   35.670970588   12.290328640
   -0.188495559   -2.890265241   60.824457232   20.465040798    7.499121600
   -0.125663706   -2.890265241   60.258898161    5.217142657    0.580293090
   -0.062831853   -2.890265241   59.382696574  -13.474363867   -9.654719410
    0.000000000   -2.890265241   58.707195076  -31.339612536  -19.135414367
    0.062831853   -2.890265241   56.281846684  -49.855518024  -24.976180269
    0.125663706   -2.890265241   52.023564614  -57.927919636  -28.343534514
    0.188495559   -2.890265241   48.512671237  -58.891513634  -29.490297648
    0.251327412   -2.890265241   45.873022788  -65.141783105  -27.552237375
    0.314159265   -2.890265241   41.456225439  -68.018799631  -26.563261813
    0.376991118   -2.890265241   35.332577838  -64.556937926  -23.622272449
    0.439822972   -2.890265241   31.018595601  -55.482198035  -19.851501893
    0.502654825   -2.890265241   27.489069842  -44.063575626  -17.088099161
    0.565486678   -2.890265241   24.808498410  -41.151144100  -13.313925962
    0.628318531   -2.890265241   23.401647675  -30.114846382   -7.423529581
    0.691150384   -2.890265241   23.471299967  -27.439142174   -3.533928980
    0.753982237   -2.890265241   22.256967828  -37.257896382   -2.105773653
    0.816814090   -2.890265241   20.220089395  -39.055947673    1.434445858
    0.879645943   -2.890265241   19.625754517  -29.295380525    3.913972381
    0.942477796   -2.890265241   20.818992704  -23.327125774    0.240228581
    1.005309649   -2.890265241   18.752645244  -21.371959959   -1.532805140
    1.068141502   -2.890265241   16.694377316  -12.884630054    3.355961039
    1.130973355   -2.890265241   16.148291990    4.917778732    8.413633734
    1.193805208   -2.890265241   16.197043878   27.181700037   11.697889340
    1.256637061   -2.890265241   18.851379624   34.409593316    8.591299531
    1.319468915   -2.890265241   23.094981403   29.970738135   10.850447740
    1.382300768   -2.890265241   26.522884324   37.227719924   16.173235455
    1.445132621   -2.890265241   29.823799868   47.756819126   17.188268805
    1.507964474   -2.890265241   31.568649084   49.611823194   14.849933726
    1.570796327   -2.890265241   34.442753414   48.427161798   13.927048021
    1.633628180   -2.890265241   39.193853553   45.953043296   13.991085771
    1.696460033   -2.890265241   43.837176224   43.321565982   12.536179013
    1.759291886   -2.890265241   46.993509309   38.316601887    8.283203526
    1.822123739   -2.890265241   50.449935124   37.276611632    5.161987089
    1.884955592   -2.890265241   53.499879549   38.118190384    1.364111087
    1.947787445   -2.890265241   56.327897304   32.882923426    1.536469944
    2.010619298   -2.890265241   58.674906203   29.900652517    1.307926123
    2.073451151   -2.890265241   59.746698005   19.106407747    3.861939606
    2.136283004   -2.890265241   60.110125159   10.848358138    4.315950706
    2.199114858   -2.890265241   60.640293019    4.828206274    5.636832362
    2.261946711   -2.890265241   61.687546607   -1.736514622    7.618598329
    2.324778564   -2.890265241   62.928854795  -13.075509848   10.212701057
    2.387610417   -2.890265241   61.709045837  -25.546463436   14.345963799
    2.450442270   -2.890265241   59.754865561  -25.810892214   19.766952681
    2.513274123   -2.890265241   58.110233588  -21.295049529   20.457752408
    2.576105976   -2.890265241   56.999653481  -28.900721659   20.143302432
    2.638937829   -2.890265241   54.580844530  -32.284301729   13.291945628
    2.701769682   -2.890265241   51.265676224  -34.975439574    7.381150042
    2.764601535   -2.890265241   50.422966232  -41.388423863    1.089548093
    2.827433388   -2.890265241   47.131882804  -40.922118106    2.260916615
    2.890265241   -2.890265241   44.067389892  -44.670816635   -1.331315301
    2.953097094   -2.890265241   40.098117483  -52.837961827   -2.533481269
    3.015928947   -2.890265241   35.733342617  -55.806020741   -4.200422592
    3.078760801   -2.890265241   30.508379972  -59.320847305   -5.788690326

   -3.141592654   -2.827433388   28.350591117  -58.205102656   -4.920463258
   -3.078760801   -2.827433388   24.204726380  -44.406712735  -11.164680312
   -3.015928947   -2.827433388   22.288531536  -29.277708999  -17.448300891
   -2.953097094   -2.827433388   20.846925377  -23.288081234  -17.221654927
   -2.890265241   -2.827433388   23.167496660  -30.504573221  -17.412389818
   -2.827433388   -2.827433388   22.555832792  -22.180793396  -13.219394448
   -2.764601535   -2.827433388   19.494084208  -25.952816150  -14.730432161
   -2.701769682   -2.827433388   17.760256270  -22.856326951  -11.512729955
   -2.638937829   -2.827433388   18.178124539  -20.049927105  -12.108580385
   -2.576105976   -2.827433388   18.850432871  -16.130913270   -7.647963262
   -2.513274123   -2.827433388   17.166054384  -13.217280727   -6.014370266
   -2.450442270   -2.827433388   16.989182950   -9.345325701   -5.727393416
   -2.387610417   -2.827433388   17.431577774  -13.816724281   -0.600193458
   -2.324778564   -2.827433388   16.223604684  -10.359376198   -2.187447172
   -2.261946711   -2.827433388   15.378465208  -13.608167801   -8.407186094
   -2.199114858   -2.827433388   17.028791407  -10.110229671  -11.976293566
   -2.136283004   -2.827433388   17.495661886   -2.571933200  -13.335401032
   -2.073451151   -2.827433388   19.502890539   -1.476506405  -13.886529394
   -2.010619298   -2.827433388   19.432676636   -1.756959675  -17.248732902
   -1.947787445   -2.827433388   19.164801294   -1.872239568  -13.174941340
   -1.884955592   -2.827433388   18.593931009   -9.292699356  -12.272390774
   -1.822123739   -2.827433388   20.317213280  -20.387924042   -7.986129175
   -1.759291886   -2.827433388   18.068192269  -27.991316832   -4.036655839
   -1.696460033   -2.827433388   17.295031944  -28.653958371    0.495060540
   -1.633628180   -2.827433388   16.766772723  -22.307250766    2.499569009
   -1.570796327   -2.827433388   16.890565786  -17.231809276    2.347634755
   -1.507964474   -2.827433388   15.752075687  -10.425644966    5.364328972
   -1.445132621   -2.827433388   15.957384736   -5.557219078    7.572821145
   -1.382300768   -2.827433388   17.412027138   -1.523481343    7.953162846
   -1.319468915   -2.827433388   16.997746273    1.039068601   12.716866221
   -1.256637061   -2.827433388   16.338624858    0.878176587   13.517033222
   -1.193805208   -2.827433388   17.236505587    5.926031216   15.421152594
   -1.130973355   -2.827433388   17.245490912   10.008188370   16.612393890
   -1.068141502   -2.827433388   19.045381147   16.212359138   21.104778142
   -1.005309649   -2.827433388   20.531530862   21.586124738   25.309061096
   -0.942477796   -2.827433388   22.617697364   31.560835275   26.921556340
   -0.879645943   -2.827433388   25.487328921   38.356061421   28.466554290
   -0.816814090   -2.827433388   28.627424150   46.599031093   28.098310950
   -0.753982237   -2.827433388   32.167144075   53.855595594   29.479187587
   -0.691150384   -2.827433388   35.931971509   57.177981274   28.629471610
   -0.628318531   -2.827433388   38.193410522   53.638525145   27.895797035
   -0.565486678   -2.827433388   42.575584041   52.144376279   26.716354268
   -0.502654825   -2.827433388   45.831287530   52.003882802   26.824702614
   -0.439822972   -2.827433388   50.161429395   44.641274861   24.751870671
   -0.376991118   -2.827433388   53.272109771   45.025182848   22.681948276
   -0.314159265   -2.827433388   57.574442599   39.421396213   17.524752817
   -0.251327412   -2.827433388   58.847612411   28.774077344    9.238890971
   -0.188495559   -2.827433388   60.154113564   12.261013239    4.320255979
   -0.125663706   -2.827433388   59.195334143   -2.731414168   -2.484852371
   -0.062831853   -2.827433388   57.777093605  -19.977458559  -11.677634903
    0.000000000   -2.827433388   56.622345526  -34.599377215  -20.023481458
    0.062831853   -2.827433388   54.038470001  -50.384750474  -23.243845966
    0.125663706   -2.827433388   49.767217238  -55.681976278  -24.827935345
    0.188495559   -2.827433388   46.360270036  -55.657183910  -25.847160441
    0.251327412   -2.827433388   44.021863488  -60.789565890  -24.398548259
    0.314159265   -2.827433388   39.842817279  -63.314534415  -24.144703525
    0.376991118   -2.827433388   34.081175613  -59.349974003  -21.985001244
    0.439822972   -2.827433388   30.171630485  -50.308570737  -19.137863781
    0.502654825   -2.827433388   26.971290029  -38.535108106  -17.607742574
    0.565486678   -2.827433388   24.652391457  -36.040241477  -15.472087411
    0.628318531   -2.827433388   23.721257659  -26.108591510  -11.746205303
    0.691150384   -2.827433388   24.080240491  -24.912743601  -11.133678769
    0.753982237   -2.827433388   23.019039136  -34.732647064  -11.882951826
    0.816814090   -2.827433388   21.276091025  -36.728349631   -9.851875487
    0.879645943   -2.827433388   20.949746881  -27.102517803   -6.722602679
    0.942477796   -2.827433388   22.007300023  -18.897588846   -9.532901228
    1.005309649   -2.827433388   19.961638905  -17.540529234   -8.730068095
    1.068141502   -2.827433388   18.272408862   -7.764601642   -2.862441165
    1.130973355   -2.827433388   18.084812809   10.012906764    2.909649760
    1.193805208   -2.827433388   18.328490201   30.057341296    5.349950840
    1.256637061   -2.827433388   20.781505134   36.719114437    2.178703670
    1.319468915   -2.827433388   25.138888018   31.968107241    3.547143908
    1.382300768   -2.827433388   28.858538798   37.917779464    8.131185124
    1.445132621   -2.827433388   32.172738815   47.143356496    8.442436823
    1.507964474   -2.827433388   33.701853285   47.426884141    5.768048646
    1.570796327   -2.827433388   36.454206757   45.359888837    5.288372696
    1.633628180   -2.827433388   41.177168673   42.382941209    7.057145610
    1.696460033   -2.827433388   45.643698775   39.278332656    5.673814369
    1.759291886   -2.827433388   48.480465843   34.326602372    2.182971070
    1.822123739   -2.827433388   51.703357856   33.454489475    0.201047043
    1.884955592   -2.827433388   54.499054312   35.163013158   -2.524326912
    1.947787445   -2.827433388   57.320157134   31.585746333   -2.060473238
    2.010619298   -2.827433388   59.688187019   29.943822369   -1.557290448
    2.073451151   -2.827433388   61.000902667   20.146905871    2.171384079
    2.136283004   -2.827433388   61.491878685   13.266165997    3.690729836
    2.199114858   -2.827433388   62.212692537    7.626536419    5.333959954
    2.261946711   -2.827433388   63.497066160    2.013466515    7.167548430
    2.324778564   -2.827433388   65.009980079   -6.926414984    9.101240838
    2.387610417   -2.827433388   64.230235944  -18.920378856   14.429859705
    2.450442270   -2.827433388   62.767888199  -20.025047539   20.144744491
    2.513274123   -2.827433388   61.315370880  -18.449876095   21.445549330
    2.576105976   -2.827433388   60.305972213  -29.936122858   21.122357217
    2.638937829   -2.827433388   57.558788932  -35.541475576   14.468363972
    2.701769682   -2.827433388   53.952772564  -37.668972861    8.513508092
    2.764601535   -2.827433388   52.754066168  -41.458864621    1.639140659
    2.827433388   -2.827433388   49.590832276  -40.614278703    3.030745634
    2.890265241   -2.827433388   46.354758713  -45.718670446    0.981743768
    2.953097094   -2.827433388   42.361745222  -55.370447765    1.809342929
    3.015928947   -2.827433388   37.904449944  -60.913568347    1.560241290
    3.078760801   -2.827433388   32.555023960  -65.059013818    0.931111024

   -3.141592654   -2.764601535   28.862083802  -63.950821621    3.576960584
   -3.078760801   -2.764601535   24.288467691  -50.339974949   -2.116441883
   -3.015928947   -2.764601535   21.894680771  -32.458481933   -8.628739793
   -2.953097094   -2.764601535   20.372887122  -23.448304088   -8.854630920
   -2.890265241   -2.764601535   22.557533565  -27.929107349  -10.329507290
   -2.827433388   -2.764601535   22.116755707  -19.741428672   -6.552695024
   -2.764601535   -2.764601535   18.927316473  -26.220306307   -6.594259210
   -2.701769682   -2.764601535   17.301794338  -24.261700007   -4.265253194
   -2.638937829   -2.764601535   17.605725501  -22.107400335   -5.636081587
   -2.576105976   -2.764601535   18.459911421  -17.980480597   -3.444605060
   -2.513274123   -2.764601535   16.887704420  -14.134012846   -0.996912204
   -2.450442270   -2.764601535   16.763556773  -10.158796597    0.416178673
   -2.387610417   -2.764601535   17.548251141  -13.892213784    5.914684443
   -2.324778564   -2.764601535   16.315208782  -11.477111514    6.034234745
   -2.261946711   -2.764601535   15.178102491  -14.021084351    1.985974571
   -2.199114858   -2.764601535   16.651396139  -11.032732131   -1.298540140
   -2.136283004   -2.764601535   17.029652334   -3.624358239   -3.990392657
   -2.073451151   -2.764601535   18.986816361   -1.422889539   -6.285318689
   -2.010619298   -2.764601535   18.676986678   -0.970945579  -11.726452420
   -1.947787445   -2.764601535   18.640680842   -1.757631922   -9.185645154
   -1.884955592   -2.764601535   18.112430989   -8.251760280   -9.431172176
   -1.822123739   -2.764601535   20.104388318  -17.511353320   -5.195840220
   -1.759291886   -2.764601535   18.129004496  -23.405281986   -0.150326234
   -1.696460033   -2.764601535   17.664608059  -23.661514182    6.027970889
   -1.633628180   -2.764601535   17.230090034  -18.975847212    8.472901912
   -1.570796327   -2.764601535   17.273007423  -15.162401610    8.246540309
   -1.507964474   -2.764601535   16.208593959  -10.286209030   10.411955025
   -1.445132621   -2.764601535   16.366770999   -6.196972344   10.604868147
   -1.382300768   -2.764601535   17.641393575   -3.244687785    8.614110657
   -1.319468915   -2.764601535   17.310415809   -1.332662614   11.341676114
   -1.256637061   -2.764601535   16.520545730   -1.143753806   11.350689157
   -1.193805208   -2.764601535   17.375393005    3.570828222   13.113244331
   -1.130973355   -2.764601535   17.308308714    9.293708182   14.099364054
   -1.068141502   -2.764601535   19.261608002   16.837455367   18.801281988
   -1.005309649   -2.764601535   20.911954429   22.655203467   22.803113993
   -0.942477796   -2.764601535   23.006511332   33.124492507   23.577613763
   -0.879645943   -2.764601535   25.962428777   39.197615274   25.407846197
   -0.816814090   -2.764601535   29.079842655   47.124629705   24.509704446
   -0.753982237   -2.764601535   32.763151256   54.710364398   25.918552840
   -0.691150384   -2.764601535   36.592375882   59.386931107   25.392288027
   -0.628318531   -2.764601535   38.928464740   55.637658788   23.760708842
   -0.565486678   -2.764601535   43.397088491   54.528641597   22.383832704
   -0.502654825   -2.764601535   46.843779435   53.983459521   22.187361500
   -0.439822972   -2.764601535   51.250978513   45.961362293   20.156535155
   -0.376991118   -2.764601535   54.426948220   44.881785394   17.898009828
   -0.314159265   -2.764601535   58.597493488   37.174031282   12.476810492
   -0.251327412   -2.764601535   59.511472249   23.259400918    3.499849992
   -0.188495559   -2.764601535   60.665076115    5.839580297   -2.187658827
   -0.125663706   -2.764601535   59.437581751   -8.282970787   -8.739028670
   -0.062831853   -2.764601535   57.665239965  -23.566666063  -15.942595511
    0.000000000   -2.764601535   56.191478961  -34.716149994  -22.462849719
    0.062831853   -2.764601535   53.626454745  -49.173077852  -23.784268582
    0.125663706   -2.764601535   49.437418938  -52.793302332  -24.378287868
    0.188495559   -2.764601535   46.130347318  -52.485154020  -25.309238219
    0.251327412   -2.764601535   44.042520670  -57.029993980  -23.902631186
    0.314159265   -2.764601535   40.037857235  -59.485363557  -23.575035104
    0.376991118   -2.764601535   34.582194890  -55.444550230  -20.946535007
    0.439822972   -2.764601535   31.001042756  -46.352607181  -17.748009231
    0.502654825   -2.764601535   28.026091041  -35.209315083  -16.431861189
    0.565486678   -2.764601535   25.925476049  -33.493974467  -14.979888566
    0.628318531   -2.764601535   25.286619926  -25.170175960  -12.408407204
    0.691150384   -2.764601535   25.684156915  -25.497112768  -14.236990862
    0.753982237   -2.764601535   24.598568599  -34.407892454  -16.104368448
    0.816814090   -2.764601535   23.032653398  -35.140808175  -14.414088197
    0.879645943   -2.764601535   22.966800527  -24.595661627  -10.586304829
    0.942477796   -2.764601535   23.933824519  -13.750105742  -12.049263551
    1.005309649   -2.764601535   22.016107975  -13.295714105   -9.511581980
    1.068141502   -2.764601535   20.696229006   -2.822574134   -3.275849641
    1.130973355   -2.764601535   20.819173091   13.406553479    2.272903244
    1.193805208   -2.764601535   21.069587072   29.793353283    3.575502783
    1.256637061   -2.764601535   23.125977288   34.921450779   -0.191748547
    1.319468915   -2.764601535   27.292014054   28.973593798    0.112670208
    1.382300768   -2.764601535   31.001977696   33.490548097    4.585844095
    1.445132621   -2.764601535   34.027505547   42.350484221    5.450968821
    1.507964474   -2.764601535   35.111176838   42.060846073    4.094305904
    1.570796327   -2.764601535   37.590737082   40.666901744    5.135065245
    1.633628180   -2.764601535   42.262442072   37.949879128    9.211503750
    1.696460033   -2.764601535   46.465816467   34.967043255    8.073313847
    1.759291886   -2.764601535   48.988040895   30.956422715    5.375280453
    1.822123739   -2.764601535   52.028731687   30.208108289    4.392325212
    1.884955592   -2.764601535   54.607917718   32.380564443    2.491848776
    1.947787445   -2.764601535   57.383034461   29.713475766    2.630704689
    2.010619298   -2.764601535   59.715202064   28.765421349    2.850623744
    2.073451151   -2.764601535   61.190550701   19.057224709    6.143007721
    2.136283004   -2.764601535   61.668924251   12.914399976    5.973938709
    2.199114858   -2.764601535   62.382989817    6.996314963    5.213359357
    2.261946711   -2.764601535   63.688502955    2.526449326    4.324723443
    2.324778564   -2.764601535   65.243073759   -3.724805226    2.951826057
    2.387610417   -2.764601535   64.795730435  -14.095211764    6.567363755
    2.450442270   -2.764601535   63.704556132  -15.477201981   10.288258637
    2.513274123   -2.764601535   62.418191488  -15.701367391   11.714267074
    2.576105976   -2.764601535   61.481415517  -30.705391248   11.843189721
    2.638937829   -2.764601535   58.438548764  -38.353722667    6.589996080
    2.701769682   -2.764601535   54.592547751  -40.324102303    2.321893707
    2.764601535   -2.764601535   53.049271685  -41.281647647   -4.037007793
    2.827433388   -2.764601535   50.055510638  -38.328211515   -2.236351198
    2.890265241   -2.764601535   46.806766934  -42.959610593   -2.667946859
    2.953097094   -2.764601535   43.012820550  -54.046938599    1.258917935
    3.015928947   -2.764601535   38.661545898  -62.456358348    4.097903160
    3.078760801   -2.764601535   33.376691831  -68.927872081    6.852389629

   -3.141592654   -2.701769682   30.420326764  -63.101186544    9.196019371
   -3.078760801   -2.701769682   25.793025038  -51.181511079    5.071612121
   -3.015928947   -2.701769682   23.223558274  -32.328275962   -0.558479813
   -2.953097094   -2.701769682   21.815576674  -21.499145233   -1.823361377
   -2.890265241   -2.701769682   23.952865441  -23.574027851   -5.458604779
   -2.827433388   -2.701769682   23.771641239  -16.047545743   -2.979092320
   -2.764601535   -2.701769682   20.672187453  -25.834901745   -0.729162837
   -2.701769682   -2.701769682   19.151579934  -26.231109326    1.248719438
   -2.638937829   -2.701769682   19.314556923  -24.954990483   -0.460099593
   -2.576105976   -2.701769682   20.184363454  -19.931566375   -0.793482047
   -2.513274123   -2.701769682   18.761129772  -14.685308755    2.245389257
   -2.450442270   -2.701769682   18.744523738   -9.781055271    4.368396625
   -2.387610417   -2.701769682   19.922326714  -12.214235912   10.052262425
   -2.324778564   -2.701769682   18.814258907  -10.711406138   11.236138596
   -2.261946711   -2.701769682   17.591381049  -13.049364272    8.889378019
   -2.199114858   -2.701769682   18.976136618  -11.314789297    4.857438830
   -2.136283004   -2.701769682   19.282139853   -4.241379211    0.259555547
   -2.073451151   -2.701769682   21.162298958   -1.890625452   -4.446098673
   -2.010619298   -2.701769682   20.538473169   -1.174336184  -12.593768736
   -1.947787445   -2.701769682   20.678848537   -3.212204656  -11.871355239
   -1.884955592   -2.701769682   20.122409389   -8.141795365  -13.459157204
   -1.822123739   -2.701769682   22.334891707  -14.708373498   -9.255816982
   -1.759291886   -2.701769682   20.642416579  -18.340790839   -2.714594798
   -1.696460033   -2.701769682   20.525232768  -18.225754891    5.903298697
   -1.633628180   -2.701769682   20.123437245  -15.882632385    9.040701918
   -1.570796327   -2.701769682   20.022630004  -14.275467979    9.638129794
   -1.507964474   -2.701769682   18.961698440  -11.741622481   12.039764848
   -1.445132621   -2.701769682   18.978802416   -8.062661060   11.624253776
   -1.382300768   -2.701769682   19.994967700   -5.468143134    9.014433511
   -1.319468915   -2.701769682   19.732521287   -3.083667435   11.476530725
   -1.256637061   -2.701769682   18.891643871   -1.926524828   12.266084022
   -1.193805208   -2.701769682   19.813252630    2.602494207   15.179799526
   -1.130973355   -2.701769682   19.767464596    9.757546782   17.469612503
   -1.068141502   -2.701769682   21.924859414   17.710316762   22.433137943
   -1.005309649   -2.701769682   23.708146117   22.749965207   26.209878324
   -0.942477796   -2.701769682   25.676992746   32.148689414   25.813128397
   -0.879645943   -2.701769682   28.587353477   36.581427109   28.064133214
   -0.816814090   -2.701769682   31.463526384   44.031919409   27.032113989
   -0.753982237   -2.701769682   35.042387985   51.483074884   28.613064664
   -0.691150384   -2.701769682   38.658039335   56.221524427   28.054238483
   -0.628318531   -2.701769682   40.700829550   51.950493493   26.067100533
   -0.565486678   -2.701769682   44.910572031   51.229683581   24.262762091
   -0.502654825   -2.701769682   48.173197428   50.206875719   23.313091203
   -0.439822972   -2.701769682   52.282253450   41.208197583   20.396940100
   -0.376991118   -2.701769682   55.145505126   38.231453295   17.017420142
   -0.314159265   -2.701769682   58.778793853   28.093805843    9.965532673
   -0.251327412   -2.701769682   58.933081248   11.035424568   -0.211563674
   -0.188495559   -2.701769682   59.497586570   -6.418177278   -7.742698662
   -0.125663706   -2.701769682   57.674512268  -18.554175427  -14.552476243
   -0.062831853   -2.701769682   55.292991348  -31.376250508  -21.033198487
    0.000000000   -2.701769682   53.274080668  -38.815950910  -26.514309203
    0.062831853   -2.701769682   50.491152550  -51.828045062  -27.355398212
    0.125663706   -2.701769682   46.182368595  -53.468073535  -27.370806836
    0.188495559   -2.701769682   42.740876969  -52.371920977  -28.650853101
    0.251327412   -2.701769682   40.719744414  -55.527693959  -27.432147170
    0.314159265   -2.701769682   36.777281427  -56.700480940  -27.026381826
    0.376991118   -2.701769682   31.598599592  -51.891353605  -23.822899709
    0.439822972   -2.701769682   28.351072285  -42.189261234  -20.893985989
    0.502654825   -2.701769682   25.657365688  -30.526229058  -19.721769626
    0.565486678   -2.701769682   23.863918336  -29.458820773  -19.383695777
    0.628318531   -2.701769682   23.617922891  -22.030207328  -18.635328771
    0.691150384   -2.701769682   24.126358326  -23.010025667  -22.929524778
    0.753982237   -2.701769682   23.205710802  -30.422172820  -25.649107298
    0.816814090   -2.701769682   22.058513604  -28.952402191  -23.476594301
    0.879645943   -2.701769682   22.547687519  -17.447844108  -18.462601846
    0.942477796   -2.701769682   23.693275925   -4.920748637  -18.533958216
    1.005309649   -2.701769682   22.195054342   -5.537512947  -13.626645947
    1.068141502   -2.701769682   21.400681203    3.938778076   -7.169230008
    1.130973355   -2.701769682   21.932814234   17.777686727   -1.429138283
    1.193805208   -2.701769682   22.232897734   30.438639513   -1.145761641
    1.256637061   -2.701769682   23.991262974   34.037934286   -4.924231233
    1.319468915   -2.701769682   28.050548505   27.962930785   -5.302586673
    1.382300768   -2.701769682   31.920709395   31.881256845   -0.344275415
    1.445132621   -2.701769682   34.849622553   40.804340255    0.831232043
    1.507964474   -2.701769682   35.734686660   40.478663662    1.055811292
    1.570796327   -2.701769682   38.165960481   39.107888429    3.279053104
    1.633628180   -2.701769682   43.006818419   35.811603396    8.865053945
    1.696460033   -2.701769682   47.023118154   32.388747500    7.573999146
    1.759291886   -2.701769682   49.319984602   28.841158162    5.764764628
    1.822123739   -2.701769682   52.272385603   28.518450931    5.852279760
    1.884955592   -2.701769682   54.753414228   31.508701354    5.721345427
    1.947787445   -2.701769682   57.566238141   29.783607728    7.240717662
    2.010619298   -2.701769682   59.967673396   28.977269152    9.343996669
    2.073451151   -2.701769682   61.697612299   18.681334678   14.004963614
    2.136283004   -2.701769682   62.191492983   12.294607125   14.396248347
    2.199114858   -2.701769682   62.855824532    5.167031423   13.237117077
    2.261946711   -2.701769682   64.057006076    0.734210017   10.935138734
    2.324778564   -2.701769682   65.447759005   -3.599676088    7.302415540
    2.387610417   -2.701769682   65.162686974  -12.723959891    9.150565287
    2.450442270   -2.701769682   64.211044378  -13.603233559   10.112773329
    2.513274123   -2.701769682   62.970350338  -14.382577061   10.583249689
    2.576105976   -2.701769682   62.024883355  -31.443329292   10.454986440
    2.638937829   -2.701769682   58.703256150  -41.095168996    6.615591194
    2.701769682   -2.701769682   54.637951856  -43.161512685    3.517026886
    2.764601535   -2.701769682   52.736556961  -41.515200915   -2.985301836
    2.827433388   -2.701769682   49.895998836  -35.175651769   -2.821356051
    2.890265241   -2.701769682   46.735355497  -37.298377362   -4.372578556
    2.953097094   -2.701769682   43.396469680  -46.943688892   -0.321269576
    3.015928947   -2.701769682   39.523409892  -56.908089641    3.897860871
    3.078760801   -2.701769682   34.759787231  -65.427948287    9.143157621

   -3.141592654   -2.638937829   33.100044797  -63.547999693   16.715563904
   -3.078760801   -2.638937829   28.322382081  -53.805666402   14.291338960
   -3.015928947   -2.638937829   25.494384672  -34.666988688    9.860746210
   -2.953097094   -2.638937829   24.012198027  -23.064388406    6.928469950
   -2.890265241   -2.638937829   25.878794613  -21.869963029   -0.034963960
   -2.827433388   -2.638937829   25.801317016  -13.952847679   -0.954176457
   -2.764601535   -2.638937829   22.927455660  -25.495044045    2.404209899
   -2.701769682   -2.638937829   21.509867329  -27.926312131    2.668554034
   -2.638937829   -2.638937829   21.556485074  -28.135345151    0.075792055
   -2.576105976   -2.638937829   22.245157833  -22.422962398   -4.495732636
   -2.513274123   -2.638937829   20.958880920  -15.679600472   -2.012543354
   -2.450442270   -2.638937829   21.014146172  -10.596952669    0.373993538
   -2.387610417   -2.638937829   22.445439589  -12.038782613    6.225633653
   -2.324778564   -2.638937829   21.352928852  -12.703056047    9.123164408
   -2.261946711   -2.638937829   19.928084738  -16.208353612    9.623269045
   -2.199114858   -2.638937829   20.961684354  -16.373830526    7.410055907
   -2.136283004   -2.638937829   20.855786529  -10.299603206    3.909653818
   -2.073451151   -2.638937829   22.314835209   -7.856477904    0.137822128
   -2.010619298   -2.638937829   21.068086240   -6.219504642   -7.038493868
   -1.947787445   -2.638937829   21.156081887   -7.841115019   -5.617153453
   -1.884955592   -2.638937829   20.422074462   -8.786467947   -6.618379458
   -1.822123739   -2.638937829   22.866882406  -10.336272205   -1.480914822
   -1.759291886   -2.638937829   21.589211394  -10.338333341    6.030381999
   -1.696460033   -2.638937829   22.050580686   -8.788132758   15.191695016
   -1.633628180   -2.638937829   21.861087983   -9.106381906   17.158292864
   -1.570796327   -2.638937829   21.841581757   -9.841656193   16.412791361
   -1.507964474   -2.638937829   20.995366199  -10.032634537   17.123763358
   -1.445132621   -2.638937829   21.067817218   -6.934392221   15.052308039
   -1.382300768   -2.638937829   22.014256341   -4.261524504   10.696494787
   -1.319468915   -2.638937829   21.998668154   -1.739660125   11.320600218
   -1.256637061   -2.638937829   21.336755086    0.739921361   12.150622839
   -1.193805208   -2.638937829   22.553889036    4.874467803   15.206840475
   -1.130973355   -2.638937829   22.749106198   13.129454701   17.838229179
   -1.068141502   -2.638937829   25.245169820   20.401179213   22.223506251
   -1.005309649   -2.638937829   27.255248062   24.387622868   24.967613079
   -0.942477796   -2.638937829   29.150819242   32.731191582   23.414750743
   -0.879645943   -2.638937829   32.180673967   35.541737844   26.046078567
   -0.816814090   -2.638937829   34.913506937   42.549759452   24.692259410
   -0.753982237   -2.638937829   38.502406827   49.202995031   26.198602820
   -0.691150384   -2.638937829   41.960294700   53.681083053   25.462610187
   -0.628318531   -2.638937829   43.705183323   47.808039707   22.496194045
   -0.565486678   -2.638937829   47.593425480   46.361829412   19.583572325
   -0.502654825   -2.638937829   50.562319817   44.391991057   17.059561287
   -0.439822972   -2.638937829   54.234485491   33.887366578   12.506046060
   -0.376991118   -2.638937829   56.637718753   28.825459428    7.409680988
   -0.314159265   -2.638937829   59.614773635   17.128657731   -0.583564720
   -0.251327412   -2.638937829   58.964284268   -1.620077969  -11.082178508
   -0.188495559   -2.638937829   58.926250831  -17.161425695  -19.115621868
   -0.125663706   -2.638937829   56.645723092  -25.790811590  -24.673413652
   -0.062831853   -2.638937829   53.903870437  -35.024151484  -28.805786739
    0.000000000   -2.638937829   51.635781930  -38.787822871  -31.501076545
    0.062831853   -2.638937829   48.920876653  -50.564311466  -30.036788254
    0.125663706   -2.638937829   44.728618774  -51.233175736  -28.511760012
    0.188495559   -2.638937829   41.320463635  -49.709538951  -28.450179420
    0.251327412   -2.638937829   39.466591684  -52.529334751  -26.555981653
    0.314159265   -2.638937829   35.645717833  -53.469828868  -24.881606962
    0.376991118   -2.638937829   30.748386789  -49.168132200  -20.576145369
    0.439822972   -2.638937829   27.727954291  -40.540046547  -17.165297915
    0.502654825   -2.638937829   25.118278085  -30.099181607  -16.028104707
    0.565486678   -2.638937829   23.328106201  -30.958922669  -16.188591161
    0.628318531   -2.638937829   23.080935556  -24.732346246  -16.560819386
    0.691150384   -2.638937829   23.276710713  -25.891742161  -21.592176847
    0.753982237   -2.638937829   22.208369100  -30.269480264  -23.004306582
    0.816814090   -2.638937829   21.227060545  -25.900160978  -19.652307820
    0.879645943   -2.638937829   22.095933499  -12.617290362  -13.053976024
    0.942477796   -2.638937829   23.304320007    1.984287014  -11.700327767
    1.005309649   -2.638937829   22.194916244    0.765470404   -5.322041469
    1.068141502   -2.638937829   21.820456289    9.802213311    0.430805395
    1.130973355   -2.638937829   22.726476126   21.560663999    5.273948251
    1.193805208   -2.638937829   23.050823382   30.985450101    4.508742013
    1.256637061   -2.638937829   24.595949239   34.051459864    0.511185711
    1.319468915   -2.638937829   28.617398425   29.096913089   -0.657474144
    1.382300768   -2.638937829   32.811788165   33.061997477    4.637506893
    1.445132621   -2.638937829   35.821220148   42.217052743    6.088920285
    1.507964474   -2.638937829   36.737089992   41.727917738    7.327796679
    1.570796327   -2.638937829   39.282471267   40.258812434    9.453690455
    1.633628180   -2.638937829   44.433462506   35.272418163   14.304965593
    1.696460033   -2.638937829   48.300735580   31.062303342   11.528455170
    1.759291886   -2.638937829   50.425831929   27.738965062    8.674579924
    1.822123739   -2.638937829   53.351237278   27.950079957    8.332911956
    1.884955592   -2.638937829   55.812086556   31.666389260    8.315147975
    1.947787445   -2.638937829   58.713706546   31.238728705    9.764840903
    2.010619298   -2.638937829   61.268873828   30.511820321   12.685771233
    2.073451151   -2.638937829   63.339027961   19.283149475   18.571195509
    2.136283004   -2.638937829   63.887497757   11.967778392   19.207344129
    2.199114858   -2.638937829   64.506492553    3.609191198   17.943919371
    2.261946711   -2.638937829   65.585863323   -1.310868369   14.879854440
    2.324778564   -2.638937829   66.766062407   -4.237769764   10.021583518
    2.387610417   -2.638937829   66.636191296  -11.809878813   10.646073764
    2.450442270   -2.638937829   65.776155790  -11.463191475    9.553740611
    2.513274123   -2.638937829   64.645753577  -11.994336465    9.386090160
    2.576105976   -2.638937829   63.794205877  -28.929018031    9.229710215
    2.638937829   -2.638937829   60.411334201  -40.491622058    7.801437356
    2.701769682   -2.638937829   56.343655348  -43.847088766    7.771884796
    2.764601535   -2.638937829   54.184091673  -41.486470678    3.368838917
    2.827433388   -2.638937829   51.422238608  -33.621769234    3.198000027
    2.890265241   -2.638937829   48.217230977  -34.007168415    0.943343383
    2.953097094   -2.638937829   45.181305865  -42.168572830    4.077275190
    3.015928947   -2.638937829   41.630626326  -52.645731723    7.886596205
    3.078760801   -2.638937829   37.299239728  -63.254675672   14.206229295

   -3.141592654   -2.576105976   36.673186689  -59.793879411   15.141098104
   -3.078760801   -2.576105976   31.992799227  -53.467666725   15.396926422
   -3.015928947   -2.576105976   29.077013172  -36.408285673   13.957826886
   -2.953097094   -2.576105976   27.458023915  -27.033859057   11.130000401
   -2.890265241   -2.576105976   28.840844054  -23.756657790    2.646432745
   -2.827433388   -2.576105976   28.621198618  -15.221922163    0.163574931
   -2.764601535   -2.576105976   25.982529958  -27.906234947    6.419973322
   -2.701769682   -2.576105976   24.483789710  -31.913301115    6.466950688
   -2.638937829   -2.576105976   24.279994267  -33.586211779    4.307117189
   -2.576105976   -2.576105976   24.486781348  -26.702465935   -3.015361117
   -2.513274123   -2.576105976   23.234919345  -18.452277615   -0.872358442
   -2.450442270   -2.576105976   23.322041334  -11.479528061    1.263097631
   -2.387610417   -2.576105976   24.979594072  -11.709662492    5.679652873
   -2.324778564   -2.576105976   23.962317459  -13.130348324    8.477506939
   -2.261946711   -2.576105976   22.507371967  -17.681182356   10.374394025
   -2.199114858   -2.576105976   23.313213786  -19.687671943    8.972819505
   -2.136283004   -2.576105976   22.887708939  -14.776044906    6.337030118
   -2.073451151   -2.576105976   24.002958371  -12.771603555    3.500549104
   -2.010619298   -2.576105976   22.198901456  -11.066515408   -2.457825233
   -1.947787445   -2.576105976   22.238535926  -12.339159666   -0.355866006
   -1.884955592   -2.576105976   21.297457157  -10.016897730   -0.875610865
   -1.822123739   -2.576105976   23.890795140   -7.570943533    3.994627511
   -1.759291886   -2.576105976   22.910038809   -4.685415323   10.877459634
   -1.696460033   -2.576105976   23.747180151   -3.206184823   18.523044830
   -1.633628180   -2.576105976   23.473398578   -6.768422050   18.144607497
   -1.570796327   -2.576105976   23.228717249  -10.731751416   15.354014462
   -1.507964474   -2.576105976   22.303591737  -12.923961053   14.748608700
   -1.445132621   -2.576105976   22.195207011   -9.520151958   12.239227338
   -1.382300768   -2.576105976   22.870129924   -5.763606531    7.449683349
   -1.319468915   -2.576105976   22.964706190   -1.227642416    8.306348301
   -1.256637061   -2.576105976   22.502751666    3.868482372   10.325017858
   -1.193805208   -2.576105976   24.055679228    8.382810609   13.315400412
   -1.130973355   -2.576105976   24.582141173   17.799469295   16.264253413
   -1.068141502   -2.576105976   27.484262997   24.103796866   19.576893509
   -1.005309649   -2.576105976   29.771949516   27.219496475   21.378511727
   -0.942477796   -2.576105976   31.634331195   34.266374875   18.147641402
   -0.879645943   -2.576105976   34.902643630   35.703882156   20.218351996
   -0.816814090   -2.576105976   37.598922719   42.604477181   18.312405395
   -0.753982237   -2.576105976   41.314827324   48.565102994   18.829918855
   -0.691150384   -2.576105976   44.720634637   52.619646735   16.660087157
   -0.628318531   -2.576105976   46.270881257   45.478752704   12.382960715
   -0.565486678   -2.576105976   49.970756532   43.678311935    7.952896314
   -0.502654825   -2.576105976   52.768097370   40.817369898    3.827763765
   -0.439822972   -2.576105976   56.137577862   28.594479149   -2.354990459
   -0.376991118   -2.576105976   58.244664819   21.994678007   -7.842242289
   -0.314159265   -2.576105976   60.764645741    9.124282621  -15.727954435
   -0.251327412   -2.576105976   59.545837681  -10.458965973  -24.828463530
   -0.188495559   -2.576105976   59.069509910  -23.803614449  -32.334006424
   -0.125663706   -2.576105976   56.570090110  -29.105636912  -35.764990094
   -0.062831853   -2.576105976   53.721922786  -35.293420633  -37.170571024
    0.000000000   -2.576105976   51.436630004  -36.555158747  -37.224888863
    0.062831853   -2.576105976   48.940603355  -47.912049688  -33.801188092
    0.125663706   -2.576105976   44.954119667  -48.079886052  -30.618060217
    0.188495559   -2.576105976   41.626733462  -46.707738528  -29.603845145
    0.251327412   -2.576105976   39.949891712  -49.058068035  -26.963369889
    0.314159265   -2.576105976   36.255409530  -50.454060679  -24.876624751
    0.376991118   -2.576105976   31.617487926  -47.253588913  -20.494211847
    0.439822972   -2.576105976   28.754507130  -40.447239597  -17.607343849
    0.502654825   -2.576105976   26.128844024  -31.857100863  -17.156229236
    0.565486678   -2.576105976   24.230811717  -34.154889844  -17.636902498
    0.628318531   -2.576105976   23.851409954  -28.357584019  -18.277292837
    0.691150384   -2.576105976   23.620768745  -28.851329330  -23.352464117
    0.753982237   -2.576105976   22.402850149  -29.938632584  -23.183827616
    0.816814090   -2.576105976   21.595158161  -22.542997904  -18.317745997
    0.879645943   -2.576105976   22.845080010   -7.766841174  -10.743231515
    0.942477796   -2.576105976   24.105121926    7.779898225   -9.273862052
    1.005309649   -2.576105976   23.384602773    5.823706221   -2.725674618
    1.068141502   -2.576105976   23.331471429   13.963922498    1.357451368
    1.130973355   -2.576105976   24.526074658   23.901774229    4.918412357
    1.193805208   -2.576105976   24.787473691   30.208978867    3.202695873
    1.256637061   -2.576105976   26.095889033   32.885044883   -0.570488762
    1.319468915   -2.576105976   29.989157220   28.948119249   -2.568587227
    1.382300768   -2.576105976   34.438855039   32.869117341    2.530077095
    1.445132621   -2.576105976   37.445294980   42.034335597    4.435937429
    1.507964474   -2.576105976   38.295823907   40.417286795    6.284937082
    1.570796327   -2.576105976   40.771432634   37.733463782    7.863216021
    1.633628180   -2.576105976   45.982477147   30.637090665   11.422670587
    1.696460033   -2.576105976   49.399102103   25.755114529    6.879098392
    1.759291886   -2.576105976   51.085777178   22.364945165    2.802059626
    1.822123739   -2.576105976   53.734098827   23.602419133    1.277405820
    1.884955592   -2.576105976   55.970948519   28.851108427    0.743510360
    1.947787445   -2.576105976   58.762228473   30.339620905    1.830455505
    2.010619298   -2.576105976   61.337548761   30.246746105    5.010061355
    2.073451151   -2.576105976   63.655488300   18.232239519   11.617948878
    2.136283004   -2.576105976   64.140478600   10.183166854   12.878962789
    2.199114858   -2.576105976   64.599983277    0.163594248   11.901164381
    2.261946711   -2.576105976   65.429290395   -4.829819487    8.592910579
    2.324778564   -2.576105976   66.306880935   -6.366243447    3.693894913
    2.387610417   -2.576105976   66.254947265  -12.250744309    3.782165745
    2.450442270   -2.576105976   65.382801389   -9.786492157    0.928576561
    2.513274123   -2.576105976   64.410048331   -8.045035160    0.448791674
    2.576105976   -2.576105976   63.789279112  -23.002322542    0.364055783
    2.638937829   -2.576105976   60.652300205  -34.214645543    0.375139115
    2.701769682   -2.576105976   57.014825463  -37.870912704    3.474219666
    2.764601535   -2.576105976   55.031435930  -35.606669711    1.891912162
    2.827433388   -2.576105976   52.637188681  -27.688780895    2.184269876
    2.890265241   -2.576105976   49.646710049  -27.221732051   -0.306646614
    2.953097094   -2.576105976   47.125402143  -33.734709010    1.755298434
    3.015928947   -2.576105976   44.089587798  -44.485715422    4.235207054
    3.078760801   -2.576105976   40.433457298  -56.829676981   10.634975253

   -3.141592654   -2.513274123   37.926420061  -60.361909944   12.732956441
   -3.078760801   -2.513274123   33.146721141  -55.936757765   15.832283922
   -3.015928947   -2.513274123   30.060875464  -40.029024965   17.520276313
   -2.953097094   -2.513274123   28.162750413  -33.475520881   16.121440995
   -2.890265241   -2.513274123   28.889056530  -27.860347445    7.159367848
   -2.827433388   -2.513274123   28.377065662  -17.654647382    2.878749013
   -2.764601535   -2.513274123   26.129191161  -29.581302442   10.728661101
   -2.701769682   -2.513274123   24.576091396  -35.127602891   10.574272856
   -2.638937829   -2.513274123   24.182726572  -38.276568980    8.749406763
   -2.576105976   -2.513274123   23.796014883  -31.300810550   -0.185411390
   -2.513274123   -2.513274123   22.536574727  -22.307036716    0.935438683
   -2.450442270   -2.513274123   22.564878267  -14.363391277    1.656417525
   -2.387610417   -2.513274123   24.258342964  -13.702628797    3.738683595
   -2.324778564   -2.513274123   23.181946978  -15.237895494    5.095488268
   -2.261946711   -2.513274123   21.670630260  -20.347859011    7.206325340
   -2.199114858   -2.513274123   22.230518007  -22.701064254    6.035060353
   -2.136283004   -2.513274123   21.524404323  -17.792243712    3.756340780
   -2.073451151   -2.513274123   22.419320826  -15.451183028    1.888236779
   -2.010619298   -2.513274123   20.276432794  -12.602362972   -2.538011312
   -1.947787445   -2.513274123   20.509266763  -12.591385648   -0.152723994
   -1.884955592   -2.513274123   19.617055847   -6.479521105   -0.809133684
   -1.822123739   -2.513274123   22.626061810   -0.443825511    2.872664387
   -1.759291886   -2.513274123   22.165720892    4.001602573    7.480032004
   -1.696460033   -2.513274123   23.539411470    4.917747824   11.473467994
   -1.633628180   -2.513274123   23.313686793   -2.202961065    8.323986556
   -1.570796327   -2.513274123   22.964164154   -9.865615356    3.666944621
   -1.507964474   -2.513274123   22.083653001  -14.130351727    2.680190884
   -1.445132621   -2.513274123   21.909356359  -11.371723525    1.226228992
   -1.382300768   -2.513274123   22.341942532   -7.068919464   -1.750725678
   -1.319468915   -2.513274123   22.498627505   -1.778714928    0.941646047
   -1.256637061   -2.513274123   22.161132068    4.510540623    5.317981487
   -1.193805208   -2.513274123   23.816667303    8.423534292    8.437450509
   -1.130973355   -2.513274123   24.431069884   17.668979806   12.012936120
   -1.068141502   -2.513274123   27.449000439   23.606149713   15.430851973
   -1.005309649   -2.513274123   29.764378636   26.746215820   16.678855943
   -0.942477796   -2.513274123   31.397007393   33.844983379   12.993472895
   -0.879645943   -2.513274123   34.876338875   35.733641538   16.254778994
   -0.816814090   -2.513274123   37.568954790   43.571213768   14.497056060
   -0.753982237   -2.513274123   41.494565072   49.386502562   15.069725157
   -0.691150384   -2.513274123   44.966969137   53.606614350   12.291240637
   -0.628318531   -2.513274123   46.492256441   45.690428281    7.639950936
   -0.565486678   -2.513274123   50.165329359   43.612071533    2.395582875
   -0.502654825   -2.513274123   52.960777923   39.858641483   -2.905416943
   -0.439822972   -2.513274123   56.204739028   26.556382622   -9.433080996
   -0.376991118   -2.513274123   58.233672940   18.375301790  -14.636998576
   -0.314159265   -2.513274123   60.515525362    4.506032140  -21.751489213
   -0.251327412   -2.513274123   58.978053298  -16.033978070  -29.269507768
   -0.188495559   -2.513274123   58.225943261  -26.719449960  -35.752015348
   -0.125663706   -2.513274123   55.710751436  -29.275150865  -37.258710549
   -0.062831853   -2.513274123   52.959007984  -33.098662957  -36.524526246
    0.000000000   -2.513274123   50.849027902  -32.002663493  -34.463395362
    0.062831853   -2.513274123   48.709070238  -43.645435561  -29.842285398
    0.125663706   -2.513274123   45.041509685  -43.673366662  -26.091276408
    0.188495559   -2.513274123   41.891648035  -42.396408638  -24.624604511
    0.251327412   -2.513274123   40.451089868  -44.728034543  -22.344557358
    0.314159265   -2.513274123   36.935775410  -46.716747876  -20.844707102
    0.376991118   -2.513274123   32.589515281  -45.289759800  -17.363343601
    0.439822972   -2.513274123   29.870872248  -40.368940384  -15.864210390
    0.502654825   -2.513274123   27.227098011  -33.733563782  -15.952884708
    0.565486678   -2.513274123   25.230326467  -37.125547095  -16.087025303
    0.628318531   -2.513274123   24.721777683  -30.835908208  -16.062780399
    0.691150384   -2.513274123   24.083927316  -30.231702484  -19.475584039
    0.753982237   -2.513274123   22.808587716  -28.357253229  -16.843097294
    0.816814090   -2.513274123   22.196866136  -19.195644955  -10.599463153
    0.879645943   -2.513274123   23.771645165   -4.363697656   -2.988511695
    0.942477796   -2.513274123   24.963009072   10.626223472   -1.981366169
    1.005309649   -2.513274123   24.496072616    7.661532650    3.991714231
    1.068141502   -2.513274123   24.522763240   14.658992909    6.392490618
    1.130973355   -2.513274123   25.780642964   22.782654354    8.751304155
    1.193805208   -2.513274123   25.809936736   26.430276152    6.551508973
    1.256637061   -2.513274123   26.807708025   30.075673542    3.453713978
    1.319468915   -2.513274123   30.473875649   28.053354874    0.889516328
    1.382300768   -2.513274123   35.171265488   33.094347001    6.094944519
    1.445132621   -2.513274123   38.225543694   42.855716137    7.811207123
    1.507964474   -2.513274123   39.126398043   40.628742437    9.273953944
    1.570796327   -2.513274123   41.615702124   37.062320634    9.844639340
    1.633628180   -2.513274123   46.947427261   27.728816624   11.352550443
    1.696460033   -2.513274123   49.987117773   22.183780794    5.466874506
    1.759291886   -2.513274123   51.347224665   18.899008811    0.512826792
    1.822123739   -2.513274123   53.823388682   21.108627292   -2.022725142
    1.884955592   -2.513274123   55.951533740   27.872663999   -3.554463287
    1.947787445   -2.513274123   58.728513733   31.280639270   -3.567542037
    2.010619298   -2.513274123   61.436027089   31.861569427   -0.821860832
    2.073451151   -2.513274123   64.121336579   18.968555777    6.075715963
    2.136283004   -2.513274123   64.630400357    9.463690520    7.671580964
    2.199114858   -2.513274123   64.970751128   -2.357480632    7.036745322
    2.261946711   -2.513274123   65.549806026   -8.309474027    4.015395453
    2.324778564   -2.513274123   66.118981712   -9.281708207   -0.146748264
    2.387610417   -2.513274123   66.080840699  -13.986664021   -0.193648871
    2.450442270   -2.513274123   65.073856355   -9.990313307   -3.858973463
    2.513274123   -2.513274123   64.161167542   -5.837279190   -5.104798674
    2.576105976   -2.513274123   63.681262215  -17.862924996   -5.906976217
    2.638937829   -2.513274123   60.764017173  -27.990349154   -5.605263228
    2.701769682   -2.513274123   57.592488705  -31.874093141   -1.135177082
    2.764601535   -2.513274123   55.783236706  -31.197888537   -0.733853630
    2.827433388   -2.513274123   53.576302365  -25.511953827   -0.073410989
    2.890265241   -2.513274123   50.515935998  -26.629737043   -1.866561881
    2.953097094   -2.513274123   48.072814462  -33.046484409   -0.480368121
    3.015928947   -2.513274123   45.016759748  -44.171187902    0.449505334
    3.078760801   -2.513274123   41.569182993  -56.771027095    6.700732823

   -3.141592654   -2.450442270   39.158641574  -58.475415912    6.945500063
   -3.078760801   -2.450442270   34.474280636  -55.439341587   11.124160012
   -3.015928947   -2.450442270   31.433905567  -41.491814598   14.961374758
   -2.953097094   -2.450442270   29.354891845  -38.706926569   14.227456229
   -2.890265241   -2.450442270   29.470326410  -31.252300034    5.466839197
   -2.827433388   -2.450442270   28.671516025  -18.882644656    0.171509944
   -2.764601535   -2.450442270   27.031276776  -29.181647860    8.772855687
   -2.701769682   -2.450442270   25.594143045  -34.173454556    8.860217949
   -2.638937829   -2.450442270   25.252617698  -38.539965860    7.874295710
   -2.576105976   -2.450442270   24.464251208  -31.949578293   -0.005523467
   -2.513274123   -2.450442270   23.411869789  -23.183149650    1.471014193
   -2.450442270   -2.450442270   23.584325207  -14.660620155    1.776423882
   -2.387610417   -2.450442270   25.434997022  -12.746897587    1.889051055
   -2.324778564   -2.450442270   24.490363953  -13.899396892    2.167057134
   -2.261946711   -2.450442270   23.170433218  -19.529457327    4.334714499
   -2.199114858   -2.450442270   23.708075450  -22.397417931    3.805293087
   -2.136283004   -2.450442270   22.879277742  -18.460736907    2.901731799
   -2.073451151   -2.450442270   23.634254410  -17.664598893    2.626806532
   -2.010619298   -2.450442270   21.154130907  -15.917307443    0.308239644
   -1.947787445   -2.450442270   21.361818525  -17.255179796    2.884854611
   -1.884955592   -2.450442270   20.197067990   -9.420340472    2.011623195
   -1.822123739   -2.450442270   23.104106180   -2.373890129    2.779159527
   -1.759291886   -2.450442270   22.538006032    2.179025342    3.173925004
   -1.696460033   -2.450442270   23.762304974    2.553579090    2.002349506
   -1.633628180   -2.450442270   23.033447260   -5.611689029   -4.241467211
   -1.570796327   -2.450442270   22.197169167  -13.686290669  -10.497326134
   -1.507964474   -2.450442270   21.167324006  -16.898505670  -12.016118787
   -1.445132621   -2.450442270   20.952923232  -11.303357844  -12.136108847
   -1.382300768   -2.450442270   21.345123581   -4.225704285  -13.429261220
   -1.319468915   -2.450442270   21.868463789    3.443096674   -9.508111227
   -1.256637061   -2.450442270   22.046496182   11.143313793   -4.200399045
   -1.193805208   -2.450442270   24.079875646   14.132191229   -2.960020382
   -1.130973355   -2.450442270   25.156355047   22.815761336    0.293863551
   -1.068141502   -2.450442270   28.582310799   27.333448228    2.341630101
   -1.005309649   -2.450442270   31.139041167   29.382672333    2.169811678
   -0.942477796   -2.450442270   32.705914815   35.909907759   -1.890101028
   -0.879645943   -2.450442270   36.509883006   36.364251379    1.090784675
   -0.816814090   -2.450442270   39.170163779   42.892091714   -0.938658834
   -0.753982237   -2.450442270   43.164639863   46.689568953   -0.444679710
   -0.691150384   -2.450442270   46.449780542   49.790053714   -3.231906090
   -0.628318531   -2.450442270   47.647676571   40.226828539   -7.315038399
   -0.565486678   -2.450442270   50.907485609   37.202229397  -12.628192980
   -0.502654825   -2.450442270   53.293268294   32.811277752  -16.936013209
   -0.439822972   -2.450442270   56.053787206   18.950909648  -22.169482929
   -0.376991118   -2.450442270   57.690397447    9.853169817  -25.650436382
   -0.314159265   -2.450442270   59.487134090   -3.557574246  -30.314467004
   -0.251327412   -2.450442270   57.481869794  -23.405922654  -34.719575695
   -0.188495559   -2.450442270   56.324118021  -30.414857917  -38.992562441
   -0.125663706   -2.450442270   53.749165640  -29.821373394  -38.264972108
   -0.062831853   -2.450442270   51.113635793  -30.696448302  -35.277956299
    0.000000000   -2.450442270   49.206389123  -27.941288696  -31.804063378
    0.062831853   -2.450442270   47.413782040  -39.660469443  -26.516265138
    0.125663706   -2.450442270   44.040318937  -39.946760315  -22.616044274
    0.188495559   -2.450442270   41.031507820  -39.219948057  -21.099738575
    0.251327412   -2.450442270   39.736636293  -41.955520684  -19.865598518
    0.314159265   -2.450442270   36.304550253  -44.666803744  -19.264424976
    0.376991118   -2.450442270   32.138310140  -45.157097824  -16.931395510
    0.439822972   -2.450442270   29.449580018  -41.943154366  -16.513058102
    0.502654825   -2.450442270   26.748187367  -35.736226554  -16.171094504
    0.565486678   -2.450442270   24.702507925  -38.364519650  -14.826539910
    0.628318531   -2.450442270   24.154602965  -30.582334963  -12.706147718
    0.691150384   -2.450442270   23.268115635  -28.535752110  -13.320809789
    0.753982237   -2.450442270   22.099312148  -24.598160059   -8.587250216
    0.816814090   -2.450442270   21.768067853  -14.751787604   -1.659034655
    0.879645943   -2.450442270   23.664836950   -1.275462221    4.948217328
    0.942477796   -2.450442270   24.758067136   12.282583755    4.616875857
    1.005309649   -2.450442270   24.528318821    8.562998600    9.461245846
    1.068141502   -2.450442270   24.585394485   15.173674683   10.529979712
    1.130973355   -2.450442270   25.924381433   22.158730122   11.852571795
    1.193805208   -2.450442270   25.848472044   24.351096274   10.391554484
    1.256637061   -2.450442270   26.723803340   29.378840199    7.352643403
    1.319468915   -2.450442270   30.319572623   30.532724203    3.768864530
    1.382300768   -2.450442270   35.461751085   36.492275055    7.451736591
    1.445132621   -2.450442270   38.766066762   46.404817014    7.401879526
    1.507964474   -2.450442270   39.926830421   43.596013155    7.861023204
    1.570796327   -2.450442270   42.567208145   38.536549280    6.749597111
    1.633628180   -2.450442270   48.066115035   26.702182290    6.530219298
    1.696460033   -2.450442270   50.806950263   19.986754627    0.870932110
    1.759291886   -2.450442270   51.896600574   15.805138662   -3.493821576
    1.822123739   -2.450442270   54.201819308   18.665963304   -5.902743097
    1.884955592   -2.450442270   56.207257213   26.587820236   -7.375167460
    1.947787445   -2.450442270   58.930901913   31.964619722   -8.100439294
    2.010619298   -2.450442270   61.769153783   33.855489330   -5.758001465
    2.073451151   -2.450442270   64.852226502   20.587029593    0.918218955
    2.136283004   -2.450442270   65.438649585    9.989971345    2.902924983
    2.199114858   -2.450442270   65.730316560   -3.647966350    3.417928313
    2.261946711   -2.450442270   66.109769051  -10.864719151    1.970696426
    2.324778564   -2.450442270   66.420424771  -12.074658014   -0.111496585
    2.387610417   -2.450442270   66.366480600  -16.727009060    1.046801426
    2.450442270   -2.450442270   65.096943125  -12.538513891   -2.416988906
    2.513274123   -2.450442270   64.086477780   -7.025001418   -3.738230376
    2.576105976   -2.450442270   63.540229881  -15.798911753   -5.558041095
    2.638937829   -2.450442270   60.665072461  -24.436391056   -6.481952862
    2.701769682   -2.450442270   57.851518131  -27.613863206   -2.647204596
    2.764601535   -2.450442270   56.180143043  -27.360319863   -2.190668286
    2.827433388   -2.450442270   54.117661188  -23.504256990   -1.741486965
    2.890265241   -2.450442270   51.044271205  -25.567566100   -3.203221009
    2.953097094   -2.450442270   48.714869789  -32.146354980   -2.739501467
    3.015928947   -2.450442270   45.687497211  -42.397410448   -3.162503463
    3.078760801   -2.450442270   42.534590219  -54.702507448    1.452037062

   -3.141592654   -2.387610417   38.665778164  -55.156081057    2.248267052
   -3.078760801   -2.387610417   34.262523958  -51.642719030    6.101461097
   -3.015928947   -2.387610417   31.546099556  -38.723939317   10.791620451
   -2.953097094   -2.387610417   29.513180159  -40.662758879   10.598631195
   -2.890265241   -2.387610417   29.171900882  -33.324782642    2.531895760
   -2.827433388   -2.387610417   28.056995350  -20.918125778   -4.380374290
   -2.764601535   -2.387610417   26.982602632  -30.310920250    3.186856175
   -2.701769682   -2.387610417   25.541491986  -34.825965800    1.660331486
   -2.638937829   -2.387610417   25.152875540  -39.364151735    0.092564324
   -2.576105976   -2.387610417   23.964636837  -32.709823741   -6.107439033
   -2.513274123   -2.387610417   23.084586107  -24.138835756   -4.306548355
   -2.450442270   -2.387610417   23.394402183  -14.983603068   -3.856664376
   -2.387610417   -2.387610417   25.353796319  -11.723287112   -5.892939550
   -2.324778564   -2.387610417   24.555816235  -11.994735900   -6.927086196
   -2.261946711   -2.387610417   23.523628288  -16.993982403   -5.180476778
   -2.199114858   -2.387610417   24.191784119  -19.294762668   -5.274699568
   -2.136283004   -2.387610417   23.459915202  -15.116976385   -4.967711687
   -2.073451151   -2.387610417   24.355836201  -15.095097488   -3.176804650
   -2.010619298   -2.387610417   21.885917039  -14.048018804   -2.569327788
   -1.947787445   -2.387610417   22.365303939  -16.364842883    1.571486553
   -1.884955592   -2.387610417   21.250388917   -7.931273500    2.159222646
   -1.822123739   -2.387610417   24.245493567   -1.531536822    1.892901997
   -1.759291886   -2.387610417   23.743324958    2.472963705    0.988059784
   -1.696460033   -2.387610417   24.920300412    2.595122248   -2.055641240
   -1.633628180   -2.387610417   23.906302987   -6.245632950   -7.741370257
   -1.570796327   -2.387610417   22.839527480  -14.621084740  -12.294577365
   -1.507964474   -2.387610417   21.854489772  -16.877613913  -11.502561661
   -1.445132621   -2.387610417   21.730796746  -10.207908093   -9.432031700
   -1.382300768   -2.387610417   22.110224024   -1.843783827   -8.290870331
   -1.319468915   -2.387610417   22.868801682    5.498507989   -3.237829569
   -1.256637061   -2.387610417   23.305212267   12.422383362    2.264906437
   -1.193805208   -2.387610417   25.255947191   13.913309081    1.681106403
   -1.130973355   -2.387610417   26.431214630   21.515658463    4.706298330
   -1.068141502   -2.387610417   29.892509410   25.053361233    6.037338810
   -1.005309649   -2.387610417   32.375082603   28.540210778    5.621106824
   -0.942477796   -2.387610417   33.646897553   35.026785789    1.006725916
   -0.879645943   -2.387610417   37.603340576   35.183665554    3.162295372
   -0.816814090   -2.387610417   40.184498080   42.101282075    0.830012041
   -0.753982237   -2.387610417   44.296709022   45.244362688    1.305484066
   -0.691150384   -2.387610417   47.502420470   47.907498347   -2.083963109
   -0.628318531   -2.387610417   48.584818640   37.777131959   -5.780247931
   -0.565486678   -2.387610417   51.655916106   34.977863862  -10.854876583
   -0.502654825   -2.387610417   53.920745125   30.593578648  -15.200467256
   -0.439822972   -2.387610417   56.496193654   16.422360567  -20.326545578
   -0.376991118   -2.387610417   58.075704314    6.904821103  -23.065479823
   -0.314159265   -2.387610417   59.728745393   -6.407810294  -27.218812918
   -0.251327412   -2.387610417   57.624084490  -25.442269953  -30.027359401
   -0.188495559   -2.387610417   56.340306202  -29.784654202  -33.403593605
   -0.125663706   -2.387610417   53.928070753  -27.084066831  -32.427559502
   -0.062831853   -2.387610417   51.571152971  -26.857674179  -29.591605723
    0.000000000   -2.387610417   49.937511574  -23.661641588  -27.148128591
    0.062831853   -2.387610417   48.480028928  -36.418691665  -23.703250795
    0.125663706   -2.387610417   45.334890340  -37.951041913  -21.800777516
    0.188495559   -2.387610417   42.369638230  -38.391826866  -21.987689655
    0.251327412   -2.387610417   41.050490262  -41.873969303  -22.839427932
    0.314159265   -2.387610417   37.505527154  -46.148241778  -24.345120840
    0.376991118   -2.387610417   33.278793665  -48.844660116  -23.957976754
    0.439822972   -2.387610417   30.386509773  -46.603287748  -24.222586258
    0.502654825   -2.387610417   27.459087838  -40.376337037  -22.835246802
    0.565486678   -2.387610417   25.236875212  -40.924914159  -19.275965935
    0.628318531   -2.387610417   24.505070166  -31.544341410  -15.099058778
    0.691150384   -2.387610417   23.231450022  -29.150864434  -13.571419898
    0.753982237   -2.387610417   21.966078536  -24.497155749   -8.155908934
    0.816814090   -2.387610417   21.641438864  -14.921360680   -2.001552164
    0.879645943   -2.387610417   23.530667866   -2.423446939    2.640118820
    0.942477796   -2.387610417   24.293852616   10.387155820    1.316308751
    1.005309649   -2.387610417   24.194222511    8.368376336    6.249888429
    1.068141502   -2.387610417   24.245977963   16.002849268    7.141276216
    1.130973355   -2.387610417   25.724104019   23.226066251    8.793392775
    1.193805208   -2.387610417   25.744420607   24.231678425    9.291852575
    1.256637061   -2.387610417   26.680324000   30.776023252    7.989213319
    1.319468915   -2.387610417   30.290961011   33.698113814    4.838633767
    1.382300768   -2.387610417   35.872556214   39.579981203    7.918442589
    1.445132621   -2.387610417   39.401148874   49.135824270    8.157079390
    1.507964474   -2.387610417   40.766201141   45.406768015    8.642568924
    1.570796327   -2.387610417   43.473015510   39.294073574    7.653375219
    1.633628180   -2.387610417   49.017669164   25.835654594    6.688299258
    1.696460033   -2.387610417   51.506209013   18.849116474    2.960122352
    1.759291886   -2.387610417   52.378026196   13.348196240    0.194089642
    1.822123739   -2.387610417   54.536990779   16.384695955   -1.178070748
    1.884955592   -2.387610417   56.396722350   24.772014418   -2.671491514
    1.947787445   -2.387610417   58.993327768   31.235292024   -3.871934879
    2.010619298   -2.387610417   61.860603884   34.105694777   -2.748486234
    2.073451151   -2.387610417   65.231345965   21.130401199    2.234562695
    2.136283004   -2.387610417   65.835130525    9.989088251    3.140554417
    2.199114858   -2.387610417   66.086709889   -3.795781968    3.307735689
    2.261946711   -2.387610417   66.330886677  -11.583611664    2.042610833
    2.324778564   -2.387610417   66.517713801  -13.181611684    1.353437907
    2.387610417   -2.387610417   66.527688462  -18.181405665    2.817784997
    2.450442270   -2.387610417   65.029017467  -14.756741756   -0.465797526
    2.513274123   -2.387610417   63.913886831   -9.558279835   -1.908893930
    2.576105976   -2.387610417   63.198900690  -16.504225574   -4.324096503
    2.638937829   -2.387610417   60.153650918  -24.888246941   -6.872275316
    2.701769682   -2.387610417   57.470930435  -27.428884823   -4.064725219
    2.764601535   -2.387610417   55.718395752  -27.695917708   -3.697241830
    2.827433388   -2.387610417   53.539437115  -25.111383827   -3.846280538
    2.890265241   -2.387610417   50.297385965  -28.076717643   -3.800209765
    2.953097094   -2.387610417   47.877214298  -33.784426762   -3.565905239
    3.015928947   -2.387610417   44.702554921  -42.468070750   -5.012675968
    3.078760801   -2.387610417   41.740927067  -53.086076929   -2.175962362

   -3.141592654   -2.324778564   38.654811089  -53.581629980    4.154761867
   -3.078760801   -2.324778564   34.447102755  -49.708353209    7.589060741
   -3.015928947   -2.324778564   31.980854762  -37.497745530   11.731028408
   -2.953097094   -2.324778564   29.924726241  -43.410700252   11.680146674
   -2.890265241   -2.324778564   29.091064951  -36.969667721    4.306128937
   -2.827433388   -2.324778564   27.509305125  -24.615540194   -3.532950315
   -2.764601535   -2.324778564   26.851150783  -33.720542083    1.627661111
   -2.701769682   -2.324778564   25.310300986  -36.148709581   -0.886975905
   -2.638937829   -2.324778564   24.848479310  -39.369030394   -2.651474053
   -2.576105976   -2.324778564   23.401126823  -32.293573637   -6.078086493
   -2.513274123   -2.324778564   22.714858926  -24.874635331   -3.290444615
   -2.450442270   -2.324778564   23.127652971  -16.494263847   -2.183384279
   -2.387610417   -2.324778564   24.979503102  -13.152171667   -5.532900420
   -2.324778564   -2.324778564   24.171755203  -12.236142110   -7.286113028
   -2.261946711   -2.324778564   23.296137254  -16.104811035   -7.034822478
   -2.199114858   -2.324778564   24.048540110  -15.882611164   -8.066851910
   -2.136283004   -2.324778564   23.471758935   -9.910739100   -7.723297033
   -2.073451151   -2.324778564   24.650225193   -9.407590556   -5.585987153
   -2.010619298   -2.324778564   22.425916443   -8.547189497   -4.010259811
   -1.947787445   -2.324778564   23.343161583  -12.436856682   -0.060331603
   -1.884955592   -2.324778564   22.454390776   -4.653692177    0.830064633
   -1.822123739   -2.324778564   25.561586942   -0.071315937   -0.770038901
   -1.759291886   -2.324778564   25.113946288    2.216085432   -2.901725390
   -1.696460033   -2.324778564   26.187296585    2.196055959   -7.169876668
   -1.633628180   -2.324778564   24.952280614   -6.625313947  -12.058624822
   -1.570796327   -2.324778564   23.739957324  -14.024893828  -14.937895081
   -1.507964474   -2.324778564   22.908934303  -15.071393575  -13.261935684
   -1.445132621   -2.324778564   22.989714942   -6.715383404  -10.825302722
   -1.382300768   -2.324778564   23.504053791    2.582354195   -9.703689154
   -1.319468915   -2.324778564   24.600331059    9.272802643   -6.018715650
   -1.256637061   -2.324778564   25.391747480   15.143465812   -2.133912797
   -1.193805208   -2.324778564   27.258256335   15.342577470   -6.016565347
   -1.130973355   -2.324778564   28.651701427   21.499595227   -3.533503455
   -1.068141502   -2.324778564   32.214345924   23.982088565   -2.529013769
   -1.005309649   -2.324778564   34.649320565   27.740134439   -3.434515144
   -0.942477796   -2.324778564   35.589246517   33.043167981   -8.089656107
   -0.879645943   -2.324778564   39.587054431   31.847659363   -6.285062827
   -0.816814090   -2.324778564   41.903203883   37.960102023   -7.911117106
   -0.753982237   -2.324778564   45.900815842   39.440657679   -6.277028856
   -0.691150384   -2.324778564   48.750412345   41.184976120   -8.143086706
   -0.628318531   -2.324778564   49.479197180   31.046512592   -8.912814869
   -0.565486678   -2.324778564   52.076106920   28.250095020  -12.405265312
   -0.502654825   -2.324778564   53.936064487   24.107623873  -15.026760056
   -0.439822972   -2.324778564   56.086319059   10.364610956  -18.456231848
   -0.376991118   -2.324778564   57.407559316    0.781959041  -19.386787046
   -0.314159265   -2.324778564   58.747162277  -11.387021355  -21.741429530
   -0.251327412   -2.324778564   56.444662423  -29.018425087  -22.198685706
   -0.188495559   -2.324778564   54.910931229  -31.096804956  -23.987391937
   -0.125663706   -2.324778564   52.498031345  -27.129663531  -22.252761945
   -0.062831853   -2.324778564   50.249251275  -26.365661120  -18.966595709
    0.000000000   -2.324778564   48.658932224  -23.440563175  -17.116551463
    0.062831853   -2.324778564   47.286771221  -36.965070791  -14.814741019
    0.125663706   -2.324778564   44.130556453  -39.375669181  -13.884994431
    0.188495559   -2.324778564   41.048649136  -40.171897901  -14.553427841
    0.251327412   -2.324778564   39.555921761  -43.975910689  -16.576658581
    0.314159265   -2.324778564   35.809467273  -48.421899922  -19.177185727
    0.376991118   -2.324778564   31.534217248  -51.258904080  -19.334849068
    0.439822972   -2.324778564   28.590062988  -47.472845747  -19.197388555
    0.502654825   -2.324778564   25.778560415  -38.616867907  -15.911642211
    0.565486678   -2.324778564   23.807971538  -35.753939520  -10.484029931
    0.628318531   -2.324778564   23.325219720  -25.037843703   -6.132715462
    0.691150384   -2.324778564   22.113174431  -23.668269187   -4.531926715
    0.753982237   -2.324778564   21.096628520  -19.743692676   -0.301406981
    0.816814090   -2.324778564   21.018574330  -11.738679936    4.141513568
    0.879645943   -2.324778564   23.003243895   -1.841693047    5.978582249
    0.942477796   -2.324778564   23.551491419    9.371460994    4.400747959
    1.005309649   -2.324778564   23.620415214    7.596895333    8.939983360
    1.068141502   -2.324778564   23.574349527   14.680693922    9.176256992
    1.130973355   -2.324778564   25.004528664   20.940451688   10.285572310
    1.193805208   -2.324778564   25.002958581   20.144061897   12.718988430
    1.256637061   -2.324778564   25.785255995   27.732113308   11.768859080
    1.319468915   -2.324778564   29.108106320   32.282626119    7.796905334
    1.382300768   -2.324778564   34.821311459   38.403420226    9.770796405
    1.445132621   -2.324778564   38.336283118   48.508337811    9.186315610
    1.507964474   -2.324778564   39.767515677   45.686017009    9.412923763
    1.570796327   -2.324778564   42.463345795   39.954717166    7.953806427
    1.633628180   -2.324778564   48.008956529   27.061044455    6.146630556
    1.696460033   -2.324778564   50.411894549   20.628844170    3.714390237
    1.759291886   -2.324778564   51.276155924   14.419776490    2.200768766
    1.822123739   -2.324778564   53.503320761   17.690367620    1.576031939
    1.884955592   -2.324778564   55.418809245   26.232142992    0.531427756
    1.947787445   -2.324778564   58.054133822   32.953437685   -1.273643222
    2.010619298   -2.324778564   61.101697355   36.277873315   -1.151956839
    2.073451151   -2.324778564   64.842192136   23.477813756    1.509009493
    2.136283004   -2.324778564   65.586797181   12.127356811    0.957917377
    2.199114858   -2.324778564   65.937719731   -1.357074684    0.134171092
    2.261946711   -2.324778564   66.214377757   -9.194088320   -1.209721925
    2.324778564   -2.324778564   66.496277736  -11.405911598   -0.732090462
    2.387610417   -2.324778564   66.695229153  -17.633456215    1.358327985
    2.450442270   -2.324778564   65.091162081  -15.506041227   -0.862250556
    2.513274123   -2.324778564   63.954277938  -11.366841467   -1.312374374
    2.576105976   -2.324778564   63.125425851  -17.347465267   -2.973612139
    2.638937829   -2.324778564   59.894548056  -25.602223568   -6.257894701
    2.701769682   -2.324778564   57.343043313  -27.079228277   -4.231876973
    2.764601535   -2.324778564   55.584616425  -26.764233212   -3.919956812
    2.827433388   -2.324778564   53.364880339  -25.100368908   -3.836265480
    2.890265241   -2.324778564   50.136327335  -28.783237845   -1.757595621
    2.953097094   -2.324778564   47.710374839  -34.613864245   -0.206471333
    3.015928947   -2.324778564   44.415495353  -42.620152851   -0.837712494
    3.078760801   -2.324778564   41.546879846  -52.821235229    0.966651538

   -3.141592654   -2.261946711   40.045545020  -50.438640865    2.908440245
   -3.078760801   -2.261946711   36.159873857  -46.155819651    5.126306595
   -3.015928947   -2.261946711   34.056245038  -34.685312004    8.248133616
   -2.953097094   -2.261946711   32.097939259  -44.316702993    8.486481637
   -2.890265241   -2.261946711   30.904669188  -39.642896060    3.259629550
   -2.827433388   -2.261946711   28.815164373  -29.539554840   -3.765892869
   -2.764601535   -2.261946711   28.379714246  -39.503821168    0.921505581
   -2.701769682   -2.261946711   26.597217991  -39.555806809   -0.709855185
   -2.638937829   -2.261946711   25.953363026  -39.852445417   -1.194724589
   -2.576105976   -2.261946711   24.344228020  -31.540522857   -0.589901752
   -2.513274123   -2.261946711   23.873838271  -24.391956208    4.388612545
   -2.450442270   -2.261946711   24.435503055  -17.415247287    7.799502399
   -2.387610417   -2.261946711   26.114623098  -14.744321632    4.473343807
   -2.324778564   -2.261946711   25.267024315  -13.457584955    2.887428237
   -2.261946711   -2.261946711   24.453224868  -16.699389632    2.065726578
   -2.199114858   -2.261946711   25.219404524  -13.709942216    0.066603120
   -2.136283004   -2.261946711   24.723644781   -5.786125779   -1.454002766
   -2.073451151   -2.261946711   26.108568189   -4.845581212   -1.273394174
   -2.010619298   -2.261946711   24.085596731   -4.110614336   -0.986784638
   -1.947787445   -2.261946711   25.335859831   -9.263036788    0.957381325
   -1.884955592   -2.261946711   24.652186665   -2.274699604    1.782629152
   -1.822123739   -2.261946711   27.783377854    0.467307623   -0.422605427
   -1.759291886   -2.261946711   27.353398910    1.190340590   -2.185792474
   -1.696460033   -2.261946711   28.270112672    1.349940120   -6.358425053
   -1.633628180   -2.261946711   26.874372077   -6.568153476   -9.257249073
   -1.570796327   -2.261946711   25.592906856  -13.768296763   -9.940729728
   -1.507964474   -2.261946711   24.865622434  -14.673474060   -7.821224516
   -1.445132621   -2.261946711   24.997893428   -6.271137940   -6.213702244
   -1.382300768   -2.261946711   25.390669226    2.050212254   -6.733035693
   -1.319468915   -2.261946711   26.446748901    6.605844289   -5.620274882
   -1.256637061   -2.261946711   27.139157024   10.180670879   -4.709006716
   -1.193805208   -2.261946711   28.389409223    9.898547483  -10.873952454
   -1.130973355   -2.261946711   29.611836294   15.222304423   -8.573627659
   -1.068141502   -2.261946711   32.898833973   16.982619754   -7.747337864
   -1.005309649   -2.261946711   34.921664222   21.882511537   -9.250219113
   -0.942477796   -2.261946711   35.239275875   27.010100422  -14.423497403
   -0.879645943   -2.261946711   39.012479106   25.846941659  -13.839338184
   -0.816814090   -2.261946711   40.957297251   32.604229969  -15.856384676
   -0.753982237   -2.261946711   44.827431747   33.925230275  -14.411996224
   -0.691150384   -2.261946711   47.381982699   36.087681573  -16.004840524
   -0.628318531   -2.261946711   47.947512548   26.540668301  -15.765877736
   -0.565486678   -2.261946711   50.215451728   24.018529162  -18.984416151
   -0.502654825   -2.261946711   51.829841005   20.031290797  -21.410727867
   -0.439822972   -2.261946711   53.712624716    7.011166778  -24.233547301
   -0.376991118   -2.261946711   54.942299691   -2.541206975  -24.513121532
   -0.314159265   -2.261946711   56.128200651  -13.471662501  -26.184599392
   -0.251327412   -2.261946711   53.813640418  -30.069382996  -25.512074011
   -0.188495559   -2.261946711   52.179919256  -30.203549314  -26.341932950
   -0.125663706   -2.261946711   49.872026546  -25.727908799  -24.605475746
   -0.062831853   -2.261946711   47.803214760  -25.332695321  -21.955507657
    0.000000000   -2.261946711   46.278189028  -22.984841948  -21.318748390
    0.062831853   -2.261946711   44.985875235  -37.367465887  -20.272248482
    0.125663706   -2.261946711   41.823642655  -40.557227760  -20.308066769
    0.188495559   -2.261946711   38.671274927  -41.784087777  -20.543543253
    0.251327412   -2.261946711   37.014295005  -45.944469703  -22.476528855
    0.314159265   -2.261946711   33.082803298  -50.190626897  -24.289823098
    0.376991118   -2.261946711   28.786095746  -52.505709307  -23.440693841
    0.439822972   -2.261946711   25.886035823  -46.392154203  -20.790450453
    0.502654825   -2.261946711   23.345950166  -34.504182735  -14.470872930
    0.565486678   -2.261946711   21.731919407  -29.029711717   -7.895032345
    0.628318531   -2.261946711   21.495175311  -18.338485221   -3.964073807
    0.691150384   -2.261946711   20.356312411  -18.577881419   -3.032315659
    0.753982237   -2.261946711   19.559438623  -15.104796563   -0.373717884
    0.816814090   -2.261946711   19.749181180   -7.480241327    2.764182753
    0.879645943   -2.261946711   21.849491263    1.179602569    2.515648681
    0.942477796   -2.261946711   22.385921416   11.332134980    0.911132147
    1.005309649   -2.261946711   22.849704242   10.614236279    5.094579409
    1.068141502   -2.261946711   22.961447570   17.855829195    5.591313139
    1.130973355   -2.261946711   24.618872647   23.387071242    6.821848883
    1.193805208   -2.261946711   25.001241602   20.645080178   11.649295267
    1.256637061   -2.261946711   25.918184602   28.100879113   12.032544616
    1.319468915   -2.261946711   29.151892034   33.534035864    8.719535832
    1.382300768   -2.261946711   35.111019868   39.208781280   10.642233119
    1.445132621   -2.261946711   38.704703220   48.850213717   10.591766785
    1.507964474   -2.261946711   40.237110171   46.389856085   11.293899056
    1.570796327   -2.261946711   42.910847927   40.706385782   10.252250742
    1.633628180   -2.261946711   48.384432650   28.226302684    8.464664450
    1.696460033   -2.261946711   50.707940707   22.057125813    7.679453310
    1.759291886   -2.261946711   51.534139046   14.616170858    7.732474764
    1.822123739   -2.261946711   53.783487358   18.092082889    8.887002419
    1.884955592   -2.261946711   55.649616150   26.018469828    8.637782632
    1.947787445   -2.261946711   58.173750606   31.777083571    7.312584696
    2.010619298   -2.261946711   61.195445028   34.937547927    7.041311025
    2.073451151   -2.261946711   65.031965074   22.123845563    8.041430058
    2.136283004   -2.261946711   65.695208241   10.931793541    6.315795679
    2.199114858   -2.261946711   65.971796395   -1.063938744    4.499641602
    2.261946711   -2.261946711   66.170183343   -7.623801662    2.396355344
    2.324778564   -2.261946711   66.536764452   -9.400884693    3.133045832
    2.387610417   -2.261946711   66.941968130  -15.943064700    5.312137542
    2.450442270   -2.261946711   65.295534024  -15.017479387    3.658292375
    2.513274123   -2.261946711   64.239523932  -12.081362809    3.823605814
    2.576105976   -2.261946711   63.415762161  -17.280220605    2.531075408
    2.638937829   -2.261946711   60.038348987  -26.042594474   -1.964075022
    2.701769682   -2.261946711   57.655962171  -26.327691562   -1.625902713
    2.764601535   -2.261946711   55.972123967  -24.753261306   -2.531375774
    2.827433388   -2.261946711   53.793464807  -23.171141836   -4.114586023
    2.890265241   -2.261946711   50.821557433  -26.507832516   -0.710614577
    2.953097094   -2.261946711   48.577578441  -32.277830446    0.927279770
    3.015928947   -2.261946711   45.347078090  -40.260140678    0.814069546
    3.078760801   -2.261946711   42.658938734  -50.355772205    1.340859401

   -3.141592654   -2.199114858   39.199054348  -49.735934910    0.902933252
   -3.078760801   -2.199114858   35.517459572  -44.577099954    2.859760596
   -3.015928947   -2.199114858   33.700011085  -32.213269050    4.985745044
   -2.953097094   -2.199114858   31.947477171  -42.405175029    6.309279028
   -2.890265241   -2.199114858   30.694658995  -38.057430259    3.456874843
   -2.827433388   -2.199114858   28.435582514  -28.377094139   -2.182426077
   -2.764601535   -2.199114858   28.519152512  -38.607983209    1.695548024
   -2.701769682   -2.199114858   26.928359573  -35.903978268    0.280872902
   -2.638937829   -2.199114858   26.551856294  -32.877694901   -0.822109332
   -2.576105976   -2.199114858   25.384159856  -22.501685048    1.122135928
   -2.513274123   -2.199114858   25.611071060  -15.448421064    5.508998744
   -2.450442270   -2.199114858   26.827231358  -10.308110918    9.146560033
   -2.387610417   -2.199114858   28.725500526   -9.308360036    5.138269567
   -2.324778564   -2.199114858   28.240783061   -8.995305322    3.522245465
   -2.261946711   -2.199114858   27.777454708  -12.824100993    1.191328085
   -2.199114858   -2.199114858   28.781016904   -9.425670868   -2.603639905
   -2.136283004   -2.199114858   28.442423015   -1.496419990   -7.170290064
   -2.073451151   -2.199114858   29.968492606   -1.739816133  -10.827650001
   -2.010619298   -2.199114858   28.020523492   -2.314181129  -12.664773606
   -1.947787445   -2.199114858   29.332939550   -9.942994371  -12.180746336
   -1.884955592   -2.199114858   28.583549787   -4.933118946  -10.329948399
   -1.822123739   -2.199114858   31.354541185   -4.665637961  -11.197556941
   -1.759291886   -2.199114858   30.551454924   -6.075764884  -10.029094778
   -1.696460033   -2.199114858   30.920284225   -5.388816802  -10.399177706
   -1.633628180   -2.199114858   29.066792482  -11.612573689   -8.965825188
   -1.570796327   -2.199114858   27.482857018  -17.987374598   -5.146021222
   -1.507964474   -2.199114858   26.603806320  -18.060300614   -0.702821340
   -1.445132621   -2.199114858   26.528822688   -9.094550838    1.200756345
   -1.382300768   -2.199114858   26.597755574   -1.525120746    0.071539561
   -1.319468915   -2.199114858   27.445372625    1.994689041   -0.269507325
   -1.256637061   -2.199114858   27.947709352    5.165612798   -0.721336064
   -1.193805208   -2.199114858   28.602586665    6.083523816   -7.168516448
   -1.130973355   -2.199114858   29.801404802   11.010041689   -4.494759999
   -1.068141502   -2.199114858   32.968456286   12.083882428   -3.429044951
   -1.005309649   -2.199114858   34.689988915   17.652512717   -5.915390723
   -0.942477796   -2.199114858   34.479205176   22.043437849  -12.179436561
   -0.879645943   -2.199114858   38.038851670   20.640023353  -14.447402019
   -0.816814090   -2.199114858   39.635345106   27.502270573  -18.339152432
   -0.753982237   -2.199114858   43.394926340   28.374216300  -18.701056956
   -0.691150384   -2.199114858   45.652457834   30.663342861  -22.197922893
   -0.628318531   -2.199114858   46.089032202   21.784894203  -23.217891398
   -0.565486678   -2.199114858   48.007392103   19.578462106  -28.124399630
   -0.502654825   -2.199114858   49.365166133   16.237994374  -31.504626978
   -0.439822972   -2.199114858   50.996104779    4.208961919  -35.099924605
   -0.376991118   -2.199114858   52.171350214   -5.193109804  -36.080371993
   -0.314159265   -2.199114858   53.241764485  -14.317083062  -37.832907417
   -0.251327412   -2.199114858   51.024750287  -29.037015723  -36.417807146
   -0.188495559   -2.199114858   49.448029747  -27.119618840  -35.864961471
   -0.125663706   -2.199114858   47.352325068  -22.580858060  -34.045054956
   -0.062831853   -2.199114858   45.591567038  -22.298306460  -30.939170906
    0.000000000   -2.199114858   44.269396021  -20.128484856  -29.901998800
    0.062831853   -2.199114858   43.200423724  -34.828490149  -28.661319740
    0.125663706   -2.199114858   40.241723754  -37.969634805  -27.093501800
    0.188495559   -2.199114858   37.268066599  -40.154813056  -25.483551922
    0.251327412   -2.199114858   35.667476185  -44.076380005  -25.284364235
    0.314159265   -2.199114858   31.788055702  -48.115256348  -24.562377201
    0.376991118   -2.199114858   27.716830259  -49.250212650  -20.852660558
    0.439822972   -2.199114858   25.134423877  -40.787692836  -15.265090499
    0.502654825   -2.199114858   23.146328773  -26.990366937   -6.557110061
    0.565486678   -2.199114858   22.005000920  -20.537713234   -1.051407602
    0.628318531   -2.199114858   22.020411511  -11.555658685   -0.499854447
    0.691150384   -2.199114858   21.009312807  -13.599030659   -1.465538229
    0.753982237   -2.199114858   20.427976316  -10.397391156   -1.517383618
    0.816814090   -2.199114858   20.890515758   -3.477510632   -0.264487052
    0.879645943   -2.199114858   22.980331194    3.379177647   -3.694748835
    0.942477796   -2.199114858   23.425642290   10.856601330   -6.362348888
    1.005309649   -2.199114858   24.076759118    9.684533882   -3.286751009
    1.068141502   -2.199114858   24.084996575   16.073448725   -2.791347350
    1.130973355   -2.199114858   25.616586197   20.570843856   -1.278305783
    1.193805208   -2.199114858   26.138939263   15.459219537    6.422841112
    1.256637061   -2.199114858   26.868297062   23.197217520    8.845199848
    1.319468915   -2.199114858   29.698121130   30.463705281    7.271026399
    1.382300768   -2.199114858   35.602555507   36.511344863    9.673465188
    1.445132621   -2.199114858   39.090078293   47.320201211   10.276579450
    1.507964474   -2.199114858   40.619762253   46.135768364   11.203269738
    1.570796327   -2.199114858   43.231411841   41.638794472   10.107145941
    1.633628180   -2.199114858   48.621848273   31.004094513    7.918750539
    1.696460033   -2.199114858   51.009406167   25.774237984    8.405804971
    1.759291886   -2.199114858   51.976545387   17.714213447    9.863489900
    1.822123739   -2.199114858   54.427375994   21.287333276   12.240356582
    1.884955592   -2.199114858   56.398554336   28.458905995   12.587408161
    1.947787445   -2.199114858   58.946314341   32.731796412   11.573398818
    2.010619298   -2.199114858   62.068887992   34.887078559   11.609239336
    2.073451151   -2.199114858   66.030733280   21.846837140   11.333935494
    2.136283004   -2.199114858   66.675118158   10.553236486    9.084027540
    2.199114858   -2.199114858   66.916720024   -0.274403590    6.609027694
    2.261946711   -2.199114858   67.030273575   -6.202977673    3.295268827
    2.324778564   -2.199114858   67.473156396   -8.142858075    3.161027702
    2.387610417   -2.199114858   67.992059337  -15.609473912    4.169781887
    2.450442270   -2.199114858   66.203338547  -16.965667459    2.629909890
    2.513274123   -2.199114858   65.062562013  -16.438211730    3.130623291
    2.576105976   -2.199114858   64.024499361  -22.507414296    2.997494600
    2.638937829   -2.199114858   60.154309581  -32.753307298   -1.354099423
    2.701769682   -2.199114858   57.519671111  -32.428113116   -1.871990648
    2.764601535   -2.199114858   55.509867889  -29.515842180   -3.366239012
    2.827433388   -2.199114858   52.964973345  -26.632926668   -6.067849145
    2.890265241   -2.199114858   50.029928992  -28.113713077   -2.079713583
    2.953097094   -2.199114858   47.744756891  -32.753395488   -0.205633024
    3.015928947   -2.199114858   44.437597340  -39.782105953    0.392964350
    3.078760801   -2.199114858   41.719132608  -50.453773698    0.049542009

   -3.141592654   -2.136283004   40.218406880  -51.164739391   -2.307118630
   -3.078760801   -2.136283004   36.582974023  -46.400534935   -0.895167504
   -3.015928947   -2.136283004   34.809428409  -33.837075988    0.357325654
   -2.953097094   -2.136283004   33.108143383  -43.368130732    2.259821340
   -2.890265241   -2.136283004   31.688255606  -39.580660940    1.256921560
   -2.827433388   -2.136283004   29.064984938  -30.604203172   -3.417193975
   -2.764601535   -2.136283004   29.321805905  -42.177946536   -1.134069908
   -2.701769682   -2.136283004   27.611972222  -37.857367265   -2.805765269
   -2.638937829   -2.136283004   27.110046620  -32.620728023   -5.514472340
   -2.576105976   -2.136283004   26.047861390  -20.423957486   -4.441272831
   -2.513274123   -2.136283004   26.500553181  -13.113401802   -2.415205540
   -2.450442270   -2.136283004   27.940938725   -9.360758985    0.181794016
   -2.387610417   -2.136283004   29.615529160   -9.678099621   -4.250102124
   -2.324778564   -2.136283004   29.133166912  -10.332352551   -3.889621289
   -2.261946711   -2.136283004   28.603602597  -15.326523957   -5.147129296
   -2.199114858   -2.136283004   29.438752576  -11.842740007   -8.039117180
   -2.136283004   -2.136283004   28.845087441   -3.789137273  -12.457939046
   -2.073451151   -2.136283004   30.129336817   -3.104001215  -17.150291478
   -2.010619298   -2.136283004   28.074273513   -2.029168844  -19.142031430
   -1.947787445   -2.136283004   29.414530817   -8.888045327  -18.884091649
   -1.884955592   -2.136283004   28.824109541   -2.527122545  -15.406580159
   -1.822123739   -2.136283004   31.573566171   -2.762926627  -14.813882784
   -1.759291886   -2.136283004   30.924765429   -4.169890984  -10.830724459
   -1.696460033   -2.136283004   31.343581685   -2.547070032   -8.827608788
   -1.633628180   -2.136283004   29.660251051   -7.499402241   -5.040875582
   -1.570796327   -2.136283004   28.428552820  -13.583118387    1.350971516
   -1.507964474   -2.136283004   27.894360675  -14.474806014    6.603027944
   -1.445132621   -2.136283004   27.970254898   -6.297992036    7.862126048
   -1.382300768   -2.136283004   28.009685603   -0.576469417    5.873073433
   -1.319468915   -2.136283004   28.887321101    1.198770276    4.880998701
   -1.256637061   -2.136283004   29.419278792    4.328205878    4.139849763
   -1.193805208   -2.136283004   29.787413729    6.919972637   -0.828390062
   -1.130973355   -2.136283004   31.258106473   11.303097105    2.866300070
   -1.068141502   -2.136283004   34.579716057   10.808085698    4.675134996
   -1.005309649   -2.136283004   36.166887524   15.958633428    1.211796254
   -0.942477796   -2.136283004   35.572712007   18.565176459   -6.048761793
   -0.879645943   -2.136283004   38.934279732   16.610386825  -10.811369992
   -0.816814090   -2.136283004   40.255690013   23.290696034  -16.268943863
   -0.753982237   -2.136283004   43.935484553   23.197584258  -18.332761088
   -0.691150384   -2.136283004   45.906525617   24.958748839  -23.655508485
   -0.628318531   -2.136283004   46.253849037   16.842768592  -24.649510350
   -0.565486678   -2.136283004   47.806419663   14.991469059  -30.274334054
   -0.502654825   -2.136283004   48.898063427   12.199690947  -34.262419949
   -0.439822972   -2.136283004   50.251515964    0.952290786  -38.089424439
   -0.376991118   -2.136283004   51.332495702   -7.854100124  -38.885273102
   -0.314159265   -2.136283004   52.248963405  -15.728961388  -40.735041865
   -0.251327412   -2.136283004   50.097192834  -28.523349253  -38.875796842
   -0.188495559   -2.136283004   48.519514210  -26.121857811  -37.919857529
   -0.125663706   -2.136283004   46.470736022  -22.497825230  -36.358737539
   -0.062831853   -2.136283004   44.821301568  -22.817459221  -33.396530350
    0.000000000   -2.136283004   43.465991849  -21.044544414  -32.519257916
    0.062831853   -2.136283004   42.387840970  -34.925537285  -31.107956497
    0.125663706   -2.136283004   39.455322214  -38.062181441  -28.811709161
    0.188495559   -2.136283004   36.555706554  -39.682099391  -25.362243167
    0.251327412   -2.136283004   34.951590003  -42.929658407  -23.616612701
    0.314159265   -2.136283004   31.103898496  -45.460265857  -21.101266739
    0.376991118   -2.136283004   27.293630028  -45.051547168  -15.483585128
    0.439822972   -2.136283004   25.083176708  -34.694071026   -8.555298999
    0.502654825   -2.136283004   23.616491422  -21.542611275   -0.278509113
    0.565486678   -2.136283004   22.705509239  -16.472642099    1.709419652
    0.628318531   -2.136283004   22.624600145   -9.916210020   -1.582612352
    0.691150384   -2.136283004   21.505262207  -13.442321191   -3.834578966
    0.753982237   -2.136283004   20.859629169   -9.910029913   -5.514690859
    0.816814090   -2.136283004   21.354603226   -2.720356998   -5.324597853
    0.879645943   -2.136283004   23.144937695    2.709695474  -11.194007838
    0.942477796   -2.136283004   23.396097675    8.876612423  -13.712458808
    1.005309649   -2.136283004   24.193320587    9.352201086  -11.066501270
    1.068141502   -2.136283004   24.197733649   16.522853918  -10.008706220
    1.130973355   -2.136283004   25.772514492   21.300700687   -8.251887453
    1.193805208   -2.136283004   26.760548473   14.592171300    1.251340336
    1.256637061   -2.136283004   27.582213878   22.049082836    4.497550265
    1.319468915   -2.136283004   30.229934679   30.039489635    3.538745392
    1.382300768   -2.136283004   36.156042271   35.280809090    5.081106067
    1.445132621   -2.136283004   39.555503725   45.616131608    4.659728572
    1.507964474   -2.136283004   41.030765090   44.821430059    4.737790175
    1.570796327   -2.136283004   43.483251202   41.100719774    2.941151315
    1.633628180   -2.136283004   48.699278998   32.688031935    0.923235700
    1.696460033   -2.136283004   51.130314269   28.935708762    2.037999741
    1.759291886   -2.136283004   52.241660856   21.193410594    4.235027189
    1.822123739   -2.136283004   54.928643162   25.054801822    7.387337189
    1.884955592   -2.136283004   57.012224360   31.477287565    7.945837626
    1.947787445   -2.136283004   59.612408679   34.160535792    7.309221735
    2.010619298   -2.136283004   62.866991836   35.079436327    7.917896713
    2.073451151   -2.136283004   66.905694378   21.769522124    7.290799404
    2.136283004   -2.136283004   67.556609105   10.217901713    6.352215078
    2.199114858   -2.136283004   67.772025014    0.426689581    4.758199827
    2.261946711   -2.136283004   67.775822191   -4.911492169    1.242309468
    2.324778564   -2.136283004   68.306870707   -6.421884580    0.954145027
    2.387610417   -2.136283004   68.950582424  -13.898310419    0.757621571
    2.450442270   -2.136283004   67.151517245  -16.467651475   -0.968015422
    2.513274123   -2.136283004   66.130162095  -17.039566695   -0.422602019
    2.576105976   -2.136283004   65.205054088  -23.345493260    0.978165980
    2.638937829   -2.136283004   61.139482339  -34.740569033   -2.938495628
    2.701769682   -2.136283004   58.518603519  -34.369357306   -3.512560746
    2.764601535   -2.136283004   56.444966705  -31.090984881   -5.092034813
    2.827433388   -2.136283004   53.710599616  -27.474158304   -8.842834531
    2.890265241   -2.136283004   51.050010478  -27.373232180   -4.149034295
    2.953097094   -2.136283004   48.842322766  -31.320927199   -2.946177940
    3.015928947   -2.136283004   45.555365331  -38.454139773   -1.807631346
    3.078760801   -2.136283004   42.744151872  -51.058755168   -2.914059694

   -3.141592654   -2.073451151   42.897386079  -51.621614549   -6.789785727
   -3.078760801   -2.073451151   39.362003260  -47.933643007   -4.982998044
   -3.015928947   -2.073451151   37.625812159  -35.361433679   -4.303151847
   -2.953097094   -2.073451151   36.051981833  -43.629484193   -0.900867506
   -2.890265241   -2.073451151   34.589978354  -39.852804401   -0.247526043
   -2.827433388   -2.073451151   31.714072910  -31.463928940   -3.232421492
   -2.764601535   -2.073451151   32.101606596  -44.715708141   -1.588238388
   -2.701769682   -2.073451151   30.290163010  -40.228414681   -3.456245057
   -2.638937829   -2.073451151   29.600085240  -34.315697715   -7.080140673
   -2.576105976   -2.073451151   28.540771344  -21.903138829   -6.804009509
   -2.513274123   -2.073451151   28.953913918  -14.834528686   -6.583386620
   -2.450442270   -2.073451151   30.342999444  -12.185780773   -5.327055515
   -2.387610417   -2.073451151   31.541053062  -12.710830485   -9.138560577
   -2.324778564   -2.073451151   30.921424923  -13.495454578   -6.626896886
   -2.261946711   -2.073451151   30.176106480  -19.582069526   -5.847611911
   -2.199114858   -2.073451151   30.733531273  -16.565905036   -6.320697359
   -2.136283004   -2.073451151   29.756987418   -8.528831702   -9.531143044
   -2.073451151   -2.073451151   30.629435439   -6.921989791  -14.277355434
   -2.010619298   -2.073451151   28.351625073   -3.484088197  -16.456748083
   -1.947787445   -2.073451151   29.583816173   -8.493783182  -17.415166624
   -1.884955592   -2.073451151   29.133766738   -0.114342015  -14.685063037
   -1.822123739   -2.073451151   31.841082453   -0.006695739  -15.373020062
   -1.759291886   -2.073451151   31.415462157   -1.006680491  -12.049009997
   -1.696460033   -2.073451151   31.983043284    2.027227446  -10.011828619
   -1.633628180   -2.073451151   30.567658045   -1.854695604   -6.770551266
   -1.570796327   -2.073451151   29.817711880   -8.207027649    0.354635928
   -1.507964474   -2.073451151   29.676222379  -10.680218175    5.515694960
   -1.445132621   -2.073451151   29.872750231   -3.579444414    6.197386136
   -1.382300768   -2.073451151   29.856537676    0.171683367    4.242766065
   -1.319468915   -2.073451151   30.742251494    0.787914327    3.365360429
   -1.256637061   -2.073451151   31.337635527    4.500670519    3.458538020
   -1.193805208   -2.073451151   31.554970861    9.140001427    1.003258757
   -1.130973355   -2.073451151   33.394916967   12.779984136    5.504153271
   -1.068141502   -2.073451151   36.937317022    9.783076882    7.099706870
   -1.005309649   -2.073451151   38.377705971   13.775756007    2.434610626
   -0.942477796   -2.073451151   37.390709822   14.615668193   -5.793932559
   -0.879645943   -2.073451151   40.460606057   12.023606073  -12.932218830
   -0.816814090   -2.073451151   41.455586611   18.030835569  -19.919109855
   -0.753982237   -2.073451151   44.992087395   17.064782589  -23.458607278
   -0.691150384   -2.073451151   46.634312410   18.897980984  -29.282770764
   -0.628318531   -2.073451151   46.910813506   11.526243466  -30.367473300
   -0.565486678   -2.073451151   48.049563424    9.558932044  -36.927989565
   -0.502654825   -2.073451151   48.829766441    7.462517224  -41.076395071
   -0.439822972   -2.073451151   49.857147864   -2.708125104  -45.223091153
   -0.376991118   -2.073451151   50.809566465  -10.917659192  -46.048324505
   -0.314159265   -2.073451151   51.524345592  -17.284005608  -48.122883839
   -0.251327412   -2.073451151   49.410276082  -28.269641471  -46.516631638
   -0.188495559   -2.073451151   47.837750916  -25.225275122  -45.359151479
   -0.125663706   -2.073451151   45.834633982  -21.872058165  -44.259502764
   -0.062831853   -2.073451151   44.348819093  -22.317262003  -41.295136133
    0.000000000   -2.073451151   43.036039644  -20.061205094  -40.231880698
    0.062831853   -2.073451151   42.090587979  -32.274790217  -37.960417049
    0.125663706   -2.073451151   39.357558001  -34.764594584  -34.207543833
    0.188495559   -2.073451151   36.760066277  -35.986794602  -28.380255797
    0.251327412   -2.073451151   35.367520541  -38.219638045  -23.548464611
    0.314159265   -2.073451151   31.739018351  -39.716222102  -18.607055911
    0.376991118   -2.073451151   28.332681482  -38.508826036  -11.400815466
    0.439822972   -2.073451151   26.567242248  -28.755356991   -4.235006878
    0.502654825   -2.073451151   25.583784026  -18.182848761    2.876892613
    0.565486678   -2.073451151   24.693449364  -15.430761796    1.792747469
    0.628318531   -2.073451151   24.328265407  -10.475879078   -4.059949003
    0.691150384   -2.073451151   23.065914421  -14.251921085   -6.453341257
    0.753982237   -2.073451151   22.314773556  -10.035357052   -8.407943019
    0.816814090   -2.073451151   22.809617532   -2.590703401   -8.900783340
    0.879645943   -2.073451151   24.170101311    1.577043340  -16.378697184
    0.942477796   -2.073451151   24.248990195    6.719439659  -18.397030420
    1.005309649   -2.073451151   25.164772350    8.860078080  -15.574154941
    1.068141502   -2.073451151   25.178482405   16.670415405  -13.698133966
    1.130973355   -2.073451151   26.738362845   21.486460121  -12.105829474
    1.193805208   -2.073451151   28.183310679   12.779109841   -2.598778969
    1.256637061   -2.073451151   29.043545246   19.692571158    0.665459581
    1.319468915   -2.073451151   31.446123336   28.117370291   -0.096291511
    1.382300768   -2.073451151   37.226970374   32.147143957    0.154503606
    1.445132621   -2.073451151   40.380080225   42.040722945   -0.970136030
    1.507964474   -2.073451151   41.667850734   41.564406139   -1.118893123
    1.570796327   -2.073451151   43.860701769   39.237843203   -2.426098498
    1.633628180   -2.073451151   48.878048439   33.676659954   -2.379648771
    1.696460033   -2.073451151   51.356608750   31.830150776    0.624013251
    1.759291886   -2.073451151   52.607850838   24.302236154    4.336811836
    1.822123739   -2.073451151   55.507125883   28.479620872    7.993749504
    1.884955592   -2.073451151   57.660895036   33.971102048    8.653739579
    1.947787445   -2.073451151   60.291334483   35.263131536    7.982628850
    2.010619298   -2.073451151   63.700809175   35.802532054    9.075945512
    2.073451151   -2.073451151   67.825658424   23.159447126    8.318433887
    2.136283004   -2.073451151   68.603238744   11.724119710    8.222209166
    2.199114858   -2.073451151   68.909337725    2.782947426    7.230764751
    2.261946711   -2.073451151   68.867022882   -2.586776171    3.134199664
    2.324778564   -2.073451151   69.545109567   -4.117624863    1.857835836
    2.387610417   -2.073451151   70.310291527  -11.768468625   -0.291736163
    2.450442270   -2.073451151   68.563558701  -15.133334757   -2.953168690
    2.513274123   -2.073451151   67.750229972  -16.187910252   -2.482665006
    2.576105976   -2.073451151   67.122438097  -22.115325369    0.156043506
    2.638937829   -2.073451151   63.006849516  -34.508628895   -2.839402590
    2.701769682   -2.073451151   60.504966867  -34.625481594   -3.609616996
    2.764601535   -2.073451151   58.490056635  -31.103806571   -5.070906982
    2.827433388   -2.073451151   55.636124942  -26.781100573   -9.834625407
    2.890265241   -2.073451151   53.408095276  -24.991126803   -5.379121323
    2.953097094   -2.073451151   51.364126981  -28.039827881   -5.169292210
    3.015928947   -2.073451151   48.226550294  -35.133327038   -4.608174147
    3.078760801   -2.073451151   45.375703677  -50.126742656   -6.767230148

   -3.141592654   -2.010619298   41.755108407  -53.606354222  -10.065780818
   -3.078760801   -2.010619298   38.245594346  -50.244838125   -7.638431455
   -3.015928947   -2.010619298   36.490003661  -37.226821677   -6.634790167
   -2.953097094   -2.010619298   35.150536393  -42.886036351   -1.328322890
   -2.890265241   -2.010619298   33.765835653  -38.996985320    1.327788610
   -2.827433388   -2.010619298   30.754515082  -31.591766456    0.473536505
   -2.764601535   -2.010619298   31.232894412  -46.427265106    2.223997283
   -2.701769682   -2.010619298   29.313713281  -42.859049155    1.019520439
   -2.638937829   -2.010619298   28.388335587  -36.914792755   -2.153771204
   -2.576105976   -2.010619298   27.329919596  -24.060717472   -1.893770062
   -2.513274123   -2.010619298   27.678115911  -16.281161811   -3.141349214
   -2.450442270   -2.010619298   29.074275492  -12.299144499   -3.577181032
   -2.387610417   -2.010619298   29.986479717  -11.455851137   -8.403622011
   -2.324778564   -2.010619298   29.520767288  -11.477723777   -5.719901795
   -2.261946711   -2.010619298   28.840231772  -18.451490594   -4.154352935
   -2.199114858   -2.010619298   29.439506656  -16.796186614   -2.319671968
   -2.136283004   -2.010619298   28.347964082   -9.671529651   -2.661610907
   -2.073451151   -2.010619298   28.997404692   -7.777249725   -4.829722608
   -2.010619298   -2.010619298   26.681539555   -2.741177049   -3.957857573
   -1.947787445   -2.010619298   27.895990122   -6.561129241   -3.535318617
   -1.884955592   -2.010619298   27.630850550    2.630084335   -0.458573129
   -1.822123739   -2.010619298   30.271986241    2.568194911   -1.794572546
   -1.759291886   -2.010619298   30.041392738    1.449569028    1.274869009
   -1.696460033   -2.010619298   30.697146822    4.939506203    2.640562471
   -1.633628180   -2.010619298   29.425174404    1.397216960    4.463989688
   -1.570796327   -2.010619298   29.078578214   -5.060274223   10.894255130
   -1.507964474   -2.010619298   29.198771528   -8.836729746   14.493164912
   -1.445132621   -2.010619298   29.371712888   -2.413665138   13.457136906
   -1.382300768   -2.010619298   29.197788647   -0.398732598   10.010980057
   -1.319468915   -2.010619298   30.035203136    0.272084017    7.693357443
   -1.256637061   -2.010619298   30.685110548    5.195582477    6.480238932
   -1.193805208   -2.010619298   30.859109764   11.815663271    3.673525563
   -1.130973355   -2.010619298   33.074638961   14.364569035    5.576025814
   -1.068141502   -2.010619298   36.825573774    8.680739693    4.337419549
   -1.005309649   -2.010619298   38.078455491   11.197953013   -3.702578934
   -0.942477796   -2.010619298   36.710993218   10.397566428  -14.427239042
   -0.879645943   -2.010619298   39.442334675    7.523619496  -24.754465074
   -0.816814090   -2.010619298   40.130592850   13.534006912  -33.528703460
   -0.753982237   -2.010619298   43.567922405   11.801601279  -38.523207794
   -0.691150384   -2.010619298   44.955289733   13.956142700  -44.955236713
   -0.628318531   -2.010619298   45.261092119    7.074663197  -46.173266287
   -0.565486678   -2.010619298   46.065573215    5.602786556  -52.264812262
   -0.502654825   -2.010619298   46.624477234    4.120402244  -55.724756305
   -0.439822972   -2.010619298   47.410866179   -5.103430027  -58.856221048
   -0.376991118   -2.010619298   48.286876225  -13.207099754  -58.879045306
   -0.314159265   -2.010619298   48.801797683  -18.834099391  -60.433393567
   -0.251327412   -2.010619298   46.701736593  -28.775797131  -58.202652549
   -0.188495559   -2.010619298   45.094662912  -25.806932213  -56.003262643
   -0.125663706   -2.010619298   43.017635670  -23.089340590  -54.398597323
   -0.062831853   -2.010619298   41.592841276  -23.207131016  -50.445091911
    0.000000000   -2.010619298   40.249334691  -19.861618465  -47.679188624
    0.062831853   -2.010619298   39.370408308  -30.015859755  -43.773269430
    0.125663706   -2.010619298   36.852710581  -30.725856088  -37.331630390
    0.188495559   -2.010619298   34.641156796  -30.625937534  -29.017763190
    0.251327412   -2.010619298   33.589153169  -31.221777370  -21.972349442
    0.314159265   -2.010619298   30.308249841  -32.112376659  -15.984048500
    0.376991118   -2.010619298   27.374185181  -31.201410589   -9.359423391
    0.439822972   -2.010619298   26.056136768  -23.180941626   -3.865282721
    0.502654825   -2.010619298   25.528099255  -15.888249244    1.546337016
    0.565486678   -2.010619298   24.575535901  -14.729767845   -1.437680290
    0.628318531   -2.010619298   23.897049261  -10.743750353   -7.702772637
    0.691150384   -2.010619298   22.637149091  -13.404802359   -8.135864829
    0.753982237   -2.010619298   21.887975028   -8.393600695   -9.424297295
    0.816814090   -2.010619298   22.509367170   -0.249161656   -8.970653614
    0.879645943   -2.010619298   23.542379344    3.398727069  -16.362235953
    0.942477796   -2.010619298   23.697635766    8.276916924  -17.120576645
    1.005309649   -2.010619298   24.959622093   12.573144779  -14.494241534
    1.068141502   -2.010619298   25.267074977   20.852799013  -12.759836490
    1.130973355   -2.010619298   27.041490271   25.487633830  -13.096781212
    1.193805208   -2.010619298   29.148796959   14.184168240   -6.246924452
    1.256637061   -2.010619298   30.272134617   20.778284981   -4.806994042
    1.319468915   -2.010619298   32.651095863   29.249109140   -6.956862566
    1.382300768   -2.010619298   38.410613308   31.994910191   -8.925329998
    1.445132621   -2.010619298   41.436330550   41.072457082  -11.750064353
    1.507964474   -2.010619298   42.696457118   40.836450825  -11.622872120
    1.570796327   -2.010619298   44.798137484   40.071675991  -11.787362795
    1.633628180   -2.010619298   49.869528370   37.378464084   -8.817746384
    1.696460033   -2.010619298   52.571456700   36.605645420   -4.383685423
    1.759291886   -2.010619298   54.086174003   28.831036657    0.414321829
    1.822123739   -2.010619298   57.247222864   32.431911459    4.248041047
    1.884955592   -2.010619298   59.466272136   36.444479250    4.536219798
    1.947787445   -2.010619298   62.120347076   36.282797309    4.009634547
    2.010619298   -2.010619298   65.690618533   36.290892553    6.106577299
    2.073451151   -2.010619298   69.822992954   24.002673119    5.184807790
    2.136283004   -2.010619298   70.702453922   12.495853537    6.676530911
    2.199114858   -2.010619298   71.016366981    3.032211043    6.656205272
    2.261946711   -2.010619298   70.723659350   -3.847375370    2.496057692
    2.324778564   -2.010619298   71.290163133   -6.401429257    0.878185780
    2.387610417   -2.010619298   71.828168789  -14.927637330   -2.343561180
    2.450442270   -2.010619298   69.806471412  -19.499933490   -5.408966011
    2.513274123   -2.010619298   68.869801128  -20.575800526   -5.491808610
    2.576105976   -2.010619298   68.276396421  -26.437537413   -1.642828506
    2.638937829   -2.010619298   63.786506925  -39.865308588   -4.396306654
    2.701769682   -2.010619298   61.008749523  -40.680798506   -5.334047382
    2.764601535   -2.010619298   58.683863070  -37.741561757   -6.303321522
    2.827433388   -2.010619298   55.269597331  -33.029056819  -12.061636719
    2.890265241   -2.010619298   53.078214415  -29.148132145   -8.009414360
    2.953097094   -2.010619298   50.798504401  -30.595790331   -8.827772135
    3.015928947   -2.010619298   47.497754717  -36.607110898   -8.416804591
    3.078760801   -2.010619298   44.348452811  -52.329383156  -10.461751284

   -3.141592654   -1.947787445   41.081903994  -52.067499732  -11.462511526
   -3.078760801   -1.947787445   37.808448774  -49.250264453   -8.926698134
   -3.015928947   -1.947787445   36.184435534  -36.444407010   -7.965044681
   -2.953097094   -1.947787445   35.280949120  -39.722702793   -1.271855837
   -2.890265241   -1.947787445   34.136462875  -36.262423628    2.328022788
   -2.827433388   -1.947787445   31.134082304  -30.281991344    3.193878823
   -2.764601535   -1.947787445   31.708637650  -47.164057093    4.940124688
   -2.701769682   -1.947787445   29.694922376  -44.854930399    4.312506331
   -2.638937829   -1.947787445   28.535754840  -40.146989138    2.003166118
   -2.576105976   -1.947787445   27.439052690  -27.916202304    2.847503261
   -2.513274123   -1.947787445   27.616422159  -20.129128551    1.700284608
   -2.450442270   -1.947787445   28.825625031  -15.305485092   -0.638572526
   -2.387610417   -1.947787445   29.273978834  -12.622509571   -6.893473589
   -2.324778564   -1.947787445   28.819446710  -11.333344394   -5.613061520
   -2.261946711   -1.947787445   28.083842266  -18.570013805   -5.086271793
   -2.199114858   -1.947787445   28.691534602  -17.466564468   -2.512008935
   -2.136283004   -1.947787445   27.507510692  -10.474350277   -0.892469501
   -2.073451151   -1.947787445   27.960378675   -7.883303070   -0.829756107
   -2.010619298   -1.947787445   25.654875802   -1.905515364    2.303469243
   -1.947787445   -1.947787445   26.820415913   -5.288913810    3.675604027
   -1.884955592   -1.947787445   26.678278284    4.471252428    6.632630663
   -1.822123739   -1.947787445   29.152456166    4.246408675    4.045331490
   -1.759291886   -1.947787445   29.086510098    3.469201421    6.353070559
   -1.696460033   -1.947787445   29.839809094    7.988685457    7.189897682
   -1.633628180   -1.947787445   28.725643968    5.326837940    8.536185277
   -1.570796327   -1.947787445   28.855936037   -0.946291546   14.493313362
   -1.507964474   -1.947787445   29.326313374   -5.451760672   18.150173160
   -1.445132621   -1.947787445   29.566708103    0.515571592   16.863385848
   -1.382300768   -1.947787445   29.355943261    0.969798954   14.236011509
   -1.319468915   -1.947787445   30.219491611    1.145371122   11.997860567
   -1.256637061   -1.947787445   30.978673209    6.355455142   11.192264207
   -1.193805208   -1.947787445   31.168187418   13.349468579    9.048189813
   -1.130973355   -1.947787445   33.629511875   13.465225210    9.895921765
   -1.068141502   -1.947787445   37.391093016    4.202412576    7.146604012
   -1.005309649   -1.947787445   38.229991941    4.835066761   -1.505437556
   -0.942477796   -1.947787445   36.269795636    2.220434829  -11.934698479
   -0.879645943   -1.947787445   38.378238906   -0.545969889  -22.476535770
   -0.816814090   -1.947787445   38.557228547    5.775710365  -30.720552969
   -0.753982237   -1.947787445   41.684460469    4.064150450  -35.492865894
   -0.691150384   -1.947787445   42.661140146    6.505325809  -41.372285150
   -0.628318531   -1.947787445   42.889906372    1.280193358  -41.548545967
   -0.565486678   -1.947787445   43.306900044    1.284328947  -46.721055314
   -0.502654825   -1.947787445   43.644892916    1.058833117  -49.118645174
   -0.439822972   -1.947787445   44.217302567   -6.602631227  -51.993913998
   -0.376991118   -1.947787445   45.060251919  -14.237851213  -52.461191334
   -0.314159265   -1.947787445   45.456355148  -18.633117014  -54.829051747
   -0.251327412   -1.947787445   43.465413543  -27.121351391  -53.877518248
   -0.188495559   -1.947787445   41.982031935  -24.212392970  -52.640482997
   -0.125663706   -1.947787445   39.990724099  -21.459688254  -52.243412984
   -0.062831853   -1.947787445   38.828130376  -20.652274958  -48.514656328
    0.000000000   -1.947787445   37.677169699  -16.004729085  -45.724529384
    0.062831853   -1.947787445   37.093345802  -23.558965100  -41.015622299
    0.125663706   -1.947787445   35.012020362  -23.468111072  -33.909006192
    0.188495559   -1.947787445   33.343641713  -23.108697623  -25.215336937
    0.251327412   -1.947787445   32.707062818  -24.027573106  -18.978582741
    0.314159265   -1.947787445   29.721115770  -25.967015844  -15.139520907
    0.376991118   -1.947787445   27.085723180  -27.034568609  -11.511057281
    0.439822972   -1.947787445   25.986154575  -21.222789747   -9.202005816
    0.502654825   -1.947787445   25.735175919  -16.032926165   -5.064505239
    0.565486678   -1.947787445   24.579870851  -15.163454321   -8.283405233
    0.628318531   -1.947787445   23.568952917  -10.464618545  -12.719697580
    0.691150384   -1.947787445   22.407966442  -12.000957578  -10.236228488
    0.753982237   -1.947787445   21.705171551   -6.341111659   -9.013636444
    0.816814090   -1.947787445   22.473856723    2.079147976   -6.879130157
    0.879645943   -1.947787445   23.153510373    5.005125780  -12.567637360
    0.942477796   -1.947787445   23.403141199    9.086027757  -10.960264915
    1.005309649   -1.947787445   24.888842661   14.090142518   -7.867877727
    1.068141502   -1.947787445   25.337253626   21.584001720   -6.149212476
    1.130973355   -1.947787445   27.054105709   25.130759586   -8.086010377
    1.193805208   -1.947787445   29.505076700   11.998952323   -3.753105824
    1.256637061   -1.947787445   30.682118291   18.551632154   -2.771637248
    1.319468915   -1.947787445   32.891381657   28.061178010   -4.933996603
    1.382300768   -1.947787445   38.459596373   30.937207651   -8.059470796
    1.445132621   -1.947787445   41.258076002   40.087565931  -11.557679989
    1.507964474   -1.947787445   42.526558901   40.973811466  -10.813162949
    1.570796327   -1.947787445   44.651651024   42.777094173   -9.947604490
    1.633628180   -1.947787445   49.999259079   42.494829329   -4.348467992
    1.696460033   -1.947787445   53.033361654   42.500564621    0.704714279
    1.759291886   -1.947787445   54.873918836   33.809180061    4.939098321
    1.822123739   -1.947787445   58.289374433   36.319298378    7.535437446
    1.884955592   -1.947787445   60.549514583   38.444379222    6.453164802
    1.947787445   -1.947787445   63.205446354   37.124757687    5.491640312
    2.010619298   -1.947787445   66.954995479   36.896354896    7.627693293
    2.073451151   -1.947787445   71.045279772   24.846284897    6.105647946
    2.136283004   -1.947787445   72.044289274   13.155486622    8.124642222
    2.199114858   -1.947787445   72.337843913    2.692232595    8.113321972
    2.261946711   -1.947787445   71.717551476   -6.259599216    3.415584761
    2.324778564   -1.947787445   72.093350559  -10.151783216    1.623690970
    2.387610417   -1.947787445   72.286140707  -19.350719516   -2.533026967
    2.450442270   -1.947787445   69.955351308  -24.626725467   -5.315229200
    2.513274123   -1.947787445   68.883157951  -24.636469674   -5.550459770
    2.576105976   -1.947787445   68.439518218  -29.649614658   -0.594257888
    2.638937829   -1.947787445   63.679562152  -43.180593821   -2.729640828
    2.701769682   -1.947787445   60.738364016  -44.327506455   -3.764165775
    2.764601535   -1.947787445   58.279714634  -41.934125957   -4.374046293
    2.827433388   -1.947787445   54.444418901  -36.642691692  -10.174066305
    2.890265241   -1.947787445   52.463259232  -30.852954472   -6.953023900
    2.953097094   -1.947787445   50.094530726  -30.638705637   -8.986487637
    3.015928947   -1.947787445   46.823499464  -34.765588630   -9.568472528
    3.078760801   -1.947787445   43.597659520  -51.014107864  -11.722800086

   -3.141592654   -1.884955592   40.704171438  -52.357508461   -7.801925786
   -3.078760801   -1.884955592   37.512017766  -49.962651227   -6.212950447
   -3.015928947   -1.884955592   35.863804640  -37.530786595   -6.400379233
   -2.953097094   -1.884955592   35.299326371  -38.552269337   -0.329938863
   -2.890265241   -1.884955592   34.267119183  -35.427981632    1.683621900
   -2.827433388   -1.884955592   31.248036693  -30.438081053    2.762043199
   -2.764601535   -1.884955592   31.799646546  -48.088856857    2.904738015
   -2.701769682   -1.884955592   29.637604038  -46.961145234    1.500509345
   -2.638937829   -1.884955592   28.247817183  -43.296827485   -0.613531772
   -2.576105976   -1.884955592   27.111550302  -32.042518629    0.534627136
   -2.513274123   -1.884955592   27.124212096  -24.918043567    0.056615266
   -2.450442270   -1.884955592   28.038449673  -19.834176252   -3.404546035
   -2.387610417   -1.884955592   27.942436911  -15.339025643  -10.855968630
   -2.324778564   -1.884955592   27.396428070  -12.218349158  -11.723745004
   -2.261946711   -1.884955592   26.560353726  -18.216595280  -12.356243079
   -2.199114858   -1.884955592   27.258426761  -16.197741082   -9.840184696
   -2.136283004   -1.884955592   26.176090091   -8.246120488   -7.318547371
   -2.073451151   -1.884955592   26.646248352   -4.495132349   -6.652055982
   -2.010619298   -1.884955592   24.595018195    2.052529796   -2.598027228
   -1.947787445   -1.884955592   25.865495899   -2.160960473   -1.597416266
   -1.884955592   -1.884955592   25.897921865    6.489641196    0.394259463
   -1.822123739   -1.884955592   28.143879506    4.630475140   -4.091866923
   -1.759291886   -1.884955592   28.128291934    3.401484532   -2.831522722
   -1.696460033   -1.884955592   28.824045611    7.699859264   -2.415885354
   -1.633628180   -1.884955592   27.622826291    4.472640712   -1.924024287
   -1.570796327   -1.884955592   27.932586446   -1.968451665    3.404225494
   -1.507964474   -1.884955592   28.441086980   -7.210926093    6.889246547
   -1.445132621   -1.884955592   28.406400361   -1.461370821    5.472844145
   -1.382300768   -1.884955592   27.885527598   -2.162004370    3.836925632
   -1.319468915   -1.884955592   28.474385088   -2.527087586    1.605880713
   -1.256637061   -1.884955592   29.091951264    3.399701131    0.931025745
   -1.193805208   -1.884955592   29.099469984   11.036697744   -0.776416710
   -1.130973355   -1.884955592   31.571980729    9.971589493   -0.586998703
   -1.068141502   -1.884955592   35.162800544   -1.505599270   -4.164478731
   -1.005309649   -1.884955592   35.552115022   -1.410934395  -11.688269834
   -0.942477796   -1.884955592   33.112961292   -3.984754784  -19.896847774
   -0.879645943   -1.884955592   34.765398732   -5.014965852  -28.328303307
   -0.816814090   -1.884955592   34.680025396    2.274355884  -34.131164996
   -0.753982237   -1.884955592   37.761431360    1.110623992  -36.976086830
   -0.691150384   -1.884955592   38.679263018    5.056378583  -40.037708899
   -0.628318531   -1.884955592   39.205099197    1.423073639  -37.793701555
   -0.565486678   -1.884955592   39.616385391    2.917558534  -40.254188892
   -0.502654825   -1.884955592   40.107487945    3.255303375  -40.644625067
   -0.439822972   -1.884955592   40.758985188   -3.821730550  -42.667658685
   -0.376991118   -1.884955592   41.785255780  -12.172662999  -43.289549428
   -0.314159265   -1.884955592   42.184262503  -16.928532984  -46.460868149
   -0.251327412   -1.884955592   40.333400548  -25.483668786  -46.905222834
   -0.188495559   -1.884955592   38.960646985  -23.664991226  -46.187015315
   -0.125663706   -1.884955592   36.982607747  -21.253695937  -45.842177401
   -0.062831853   -1.884955592   35.992238379  -19.769833533  -41.505135638
    0.000000000   -1.884955592   34.935545093  -13.674714730  -37.601478825
    0.062831853   -1.884955592   34.527764314  -19.208414699  -31.916009046
    0.125663706   -1.884955592   32.745335629  -18.827092058  -24.548820288
    0.188495559   -1.884955592   31.439579883  -18.716805348  -16.861541837
    0.251327412   -1.884955592   30.999005024  -20.391681643  -12.507101169
    0.314159265   -1.884955592   28.034869984  -24.296538150  -11.482810652
    0.376991118   -1.884955592   25.409081901  -27.232879237  -11.115812681
    0.439822972   -1.884955592   24.268094117  -22.489510849  -10.982577919
    0.502654825   -1.884955592   24.148049539  -17.996291426   -7.297437162
    0.565486678   -1.884955592   22.703278511  -16.072004835   -9.896323227
    0.628318531   -1.884955592   21.362844900  -10.245056647  -12.766531211
    0.691150384   -1.884955592   20.319290956  -10.899439780   -8.951017895
    0.753982237   -1.884955592   19.610143274   -5.752765251   -7.875418234
    0.816814090   -1.884955592   20.422882070    2.564908386   -6.588279621
    0.879645943   -1.884955592   20.718292035    5.786373183  -11.893921333
    0.942477796   -1.884955592   21.046530819    9.184711835  -10.916964537
    1.005309649   -1.884955592   22.661296799   14.452521982  -10.754194142
    1.068141502   -1.884955592   23.241000745   21.890808252  -10.410642597
    1.130973355   -1.884955592   24.868181799   25.390223731  -14.686574835
    1.193805208   -1.884955592   27.653586368   12.147389708  -13.171800852
    1.256637061   -1.884955592   29.073852675   19.787828775  -12.439196703
    1.319468915   -1.884955592   31.399651981   31.242948092  -13.656095488
    1.382300768   -1.884955592   37.006979461   34.898785923  -17.199326195
    1.445132621   -1.884955592   39.832633084   44.312540423  -21.144141150
    1.507964474   -1.884955592   41.450410406   46.144593867  -19.339468710
    1.570796327   -1.884955592   43.924460684   49.950041281  -17.451724129
    1.633628180   -1.884955592   49.928911918   50.821441297  -10.224477576
    1.696460033   -1.884955592   53.481814491   50.052831446   -5.662729549
    1.759291886   -1.884955592   55.756646541   39.856468614   -2.253031115
    1.822123739   -1.884955592   59.438083251   40.004981495   -1.288018758
    1.884955592   -1.884955592   61.714427705   40.087601638   -3.015604601
    1.947787445   -1.884955592   64.385609391   37.878911032   -3.614027314
    2.010619298   -1.884955592   68.320723140   37.144742399   -0.559860517
    2.073451151   -1.884955592   72.288910414   25.203666744   -2.121073757
    2.136283004   -1.884955592   73.370580937   12.886392423    0.491467390
    2.199114858   -1.884955592   73.591663912    1.756878432    1.351394590
    2.261946711   -1.884955592   72.573759959   -9.161095755   -2.850816955
    2.324778564   -1.884955592   72.754987033  -13.780344488   -3.194336426
    2.387610417   -1.884955592   72.593915924  -23.324298602   -6.388679978
    2.450442270   -1.884955592   70.034337212  -28.905069078   -7.226050045
    2.513274123   -1.884955592   68.896031135  -27.252000759   -6.286342130
    2.576105976   -1.884955592   68.751375758  -31.363077973    0.196506423
    2.638937829   -1.884955592   63.856855856  -44.398396284   -0.803516521
    2.701769682   -1.884955592   60.861595022  -45.636000131   -1.022256724
    2.764601535   -1.884955592   58.403096803  -44.121962258   -0.161768775
    2.827433388   -1.884955592   54.242181062  -39.170991487   -4.851105099
    2.890265241   -1.884955592   52.467710779  -32.979445019   -1.769573984
    2.953097094   -1.884955592   49.954327690  -32.079718183   -4.395021887
    3.015928947   -1.884955592   46.619186840  -34.909282482   -5.539830096
    3.078760801   -1.884955592   43.252513012  -51.460248760   -7.408077405

   -3.141592654   -1.822123739   41.554773746  -49.463012641   -8.144522808
   -3.078760801   -1.822123739   38.637543330  -46.811622946   -7.420659889
   -3.015928947   -1.822123739   37.126064061  -35.364214123   -9.344096720
   -2.953097094   -1.822123739   37.092153921  -34.814459017   -5.056791538
   -2.890265241   -1.822123739   36.297053271  -31.920880469   -5.237166274
   -2.827433388   -1.822123739   33.493530285  -28.499999158   -4.264627728
   -2.764601535   -1.822123739   34.118188603  -46.798558693   -5.690785798
   -2.701769682   -1.822123739   31.875246541  -46.901446040   -8.975329844
   -2.638937829   -1.822123739   30.375799801  -44.467250379  -11.195266930
   -2.576105976   -1.822123739   29.310034963  -34.918618070   -9.713639998
   -2.513274123   -1.822123739   29.253996206  -29.778868420   -9.543902150
   -2.450442270   -1.822123739   29.832780621  -24.869182503  -13.552626898
   -2.387610417   -1.822123739   29.150563351  -19.448869496  -21.191991521
   -2.324778564   -1.822123739   28.388596659  -14.776953142  -22.797593470
   -2.261946711   -1.822123739   27.356550234  -19.419308887  -23.797675317
   -2.199114858   -1.822123739   28.068122724  -16.325694760  -21.276353490
   -2.136283004   -1.822123739   27.001456930   -7.777414123  -18.616809798
   -2.073451151   -1.822123739   27.350369693   -3.840384648  -17.888637640
   -2.010619298   -1.822123739   25.345150300    1.400724667  -14.061101406
   -1.947787445   -1.822123739   26.426339121   -4.296340779  -13.790178015
   -1.884955592   -1.822123739   26.282120221    2.968056751  -12.670429100
   -1.822123739   -1.822123739   27.925215265   -0.110502118  -18.468504334
   -1.759291886   -1.822123739   27.692597282   -0.507776256  -17.701644857
   -1.696460033   -1.822123739   28.143831344    5.203592877  -17.912698832
   -1.633628180   -1.822123739   26.799255506    3.537474363  -17.401575427
   -1.570796327   -1.822123739   27.351119398   -0.683344575  -12.276515278
   -1.507964474   -1.822123739   28.121068839   -4.451079209   -7.723532155
   -1.445132621   -1.822123739   28.159903207    2.857854544   -7.227638337
   -1.382300768   -1.822123739   27.794787906    1.658132976   -6.203765261
   -1.319468915   -1.822123739   28.516002483    0.907551256   -7.068696009
   -1.256637061   -1.822123739   29.395853926    6.430537268   -6.184771567
   -1.193805208   -1.822123739   29.601214758   13.647678696   -6.399675838
   -1.130973355   -1.822123739   32.339006796   10.716393358   -5.968253555
   -1.068141502   -1.822123739   35.919518923   -3.305331064   -9.835400851
   -1.005309649   -1.822123739   36.081523865   -4.501327236  -15.522115997
   -0.942477796   -1.822123739   33.376092582   -7.605876136  -20.959984879
   -0.879645943   -1.822123739   34.702486415   -7.926753442  -27.146834621
   -0.816814090   -1.822123739   34.414924925   -0.564964733  -30.912255747
   -0.753982237   -1.822123739   37.451458150   -1.551598908  -32.043403053
   -0.691150384   -1.822123739   38.290799556    2.703005263  -32.685715772
   -0.628318531   -1.822123739   39.037402439    0.334850561  -28.406598832
   -0.565486678   -1.822123739   39.329644644    1.980900166  -29.418266272
   -0.502654825   -1.822123739   39.797025995    1.603388251  -28.546117186
   -0.439822972   -1.822123739   40.237906404   -6.068459478  -31.144934157
   -0.376991118   -1.822123739   41.091151171  -15.751924690  -32.943915967
   -0.314159265   -1.822123739   41.123293535  -20.786536610  -37.651073131
   -0.251327412   -1.822123739   39.067261745  -28.485614067  -39.486927071
   -0.188495559   -1.822123739   37.593430177  -26.094662317  -39.058010740
   -0.125663706   -1.822123739   35.500162585  -21.990431585  -38.681252314
   -0.062831853   -1.822123739   34.671038475  -18.224882107  -33.888889011
    0.000000000   -1.822123739   33.763141076  -10.104824417  -29.641910918
    0.062831853   -1.822123739   33.607891223  -13.743982284  -24.865825663
    0.125663706   -1.822123739   32.176672007  -13.525533433  -19.178900657
    0.188495559   -1.822123739   31.241784501  -14.525348905  -13.974104422
    0.251327412   -1.822123739   30.970126652  -17.502068564  -12.058740262
    0.314159265   -1.822123739   27.971678088  -23.489119514  -13.537470904
    0.376991118   -1.822123739   25.305480464  -27.585419827  -14.656470224
    0.439822972   -1.822123739   24.133245352  -22.887418502  -15.204644147
    0.502654825   -1.822123739   24.257431304  -17.647919904  -10.167018057
    0.565486678   -1.822123739   22.671770755  -14.539759144  -10.753437386
    0.628318531   -1.822123739   21.131648288   -8.894973377  -11.908015131
    0.691150384   -1.822123739   20.250619599  -10.069673488   -7.521670610
    0.753982237   -1.822123739   19.469664260   -7.128976387   -6.926903472
    0.816814090   -1.822123739   20.162187246    0.178882855   -6.686790843
    0.879645943   -1.822123739   19.941328798    2.477283558  -10.992817356
    0.942477796   -1.822123739   20.068026695    3.733274462  -10.786414412
    1.005309649   -1.822123739   21.378624497    8.159317245  -12.517072618
    1.068141502   -1.822123739   21.668723892   14.633883545  -13.221569630
    1.130973355   -1.822123739   22.725552313   18.113197005  -18.784650598
    1.193805208   -1.822123739   25.273301397    5.492131982  -19.659523977
    1.256637061   -1.822123739   26.531656098   14.597047468  -18.383627323
    1.319468915   -1.822123739   28.610334799   28.122877676  -18.954237932
    1.382300768   -1.822123739   33.828140395   33.051421482  -23.311631726
    1.445132621   -1.822123739   36.262789930   42.779074442  -28.297787930
    1.507964474   -1.822123739   37.926098362   45.992383668  -26.730802534
    1.570796327   -1.822123739   40.475421769   52.325640755  -25.275956576
    1.633628180   -1.822123739   46.949873438   54.642055534  -17.585237863
    1.696460033   -1.822123739   50.779184516   53.504205869  -14.105392137
    1.759291886   -1.822123739   53.275387673   42.871567289  -11.784904771
    1.822123739   -1.822123739   57.052282720   42.633363636  -11.669226384
    1.884955592   -1.822123739   59.314693611   42.242551470  -13.175464114
    1.947787445   -1.822123739   62.091235727   40.477841648  -12.776482940
    2.010619298   -1.822123739   66.394184360   40.496589796   -8.487371805
    2.073451151   -1.822123739   70.400818174   29.040449836  -10.314206287
    2.136283004   -1.822123739   71.830315113   17.314430314   -6.860453818
    2.199114858   -1.822123739   72.261610569    5.678371435   -5.814899507
    2.261946711   -1.822123739   71.139036985   -6.662072389   -9.412201525
    2.324778564   -1.822123739   71.484874848  -11.732600107   -8.354086413
    2.387610417   -1.822123739   71.310566904  -21.793564500  -10.009755687
    2.450442270   -1.822123739   68.902817138  -27.978258145   -8.907261584
    2.513274123   -1.822123739   68.003289435  -25.517454023   -6.960896975
    2.576105976   -1.822123739   68.465792904  -29.034994217    0.600670974
    2.638937829   -1.822123739   63.700278080  -41.501831440    0.365461059
    2.701769682   -1.822123739   60.874399240  -42.819476778    0.326047574
    2.764601535   -1.822123739   58.673797195  -42.436495223    1.952075745
    2.827433388   -1.822123739   54.414731443  -38.241727723   -2.219868099
    2.890265241   -1.822123739   52.998090235  -32.388519017    0.046723887
    2.953097094   -1.822123739   50.486145179  -31.488312636   -3.274217895
    3.015928947   -1.822123739   47.239212500  -33.255965079   -5.147923444
    3.078760801   -1.822123739   43.953573323  -48.976353634   -6.972254083

   -3.141592654   -1.759291886   42.202872989  -51.281517293   -3.184097904
   -3.078760801   -1.759291886   39.186030286  -49.501874555   -2.801448661
   -3.015928947   -1.759291886   37.362616130  -39.922371070   -5.703058013
   -2.953097094   -1.759291886   37.369234384  -38.389622365   -2.643904760
   -2.890265241   -1.759291886   36.309526679  -35.508327565   -4.266321961
   -2.827433388   -1.759291886   33.383092956  -33.037793805   -2.443242786
   -2.764601535   -1.759291886   33.673459883  -50.815654756   -5.332119499
   -2.701769682   -1.759291886   31.004891360  -50.728275630   -9.592204784
   -2.638937829   -1.759291886   29.218147946  -47.572762298  -11.725876014
   -2.576105976   -1.759291886   28.129638523  -38.585171034  -10.145961392
   -2.513274123   -1.759291886   28.045274611  -33.937876014   -8.735021963
   -2.450442270   -1.759291886   28.337416163  -28.384481265  -12.845892764
   -2.387610417   -1.759291886   27.224013775  -21.092560850  -19.568604534
   -2.324778564   -1.759291886   26.414862174  -13.955147324  -21.716611292
   -2.261946711   -1.759291886   25.428262898  -16.420712679  -23.343571909
   -2.199114858   -1.759291886   26.440711553  -12.032772815  -21.676889680
   -2.136283004   -1.759291886   25.713448135   -2.230440196  -20.370526471
   -2.073451151   -1.759291886   26.270519472    2.154527285  -21.813549159
   -2.010619298   -1.759291886   24.691158435    6.688412045  -19.660783697
   -1.947787445   -1.759291886   25.987157127    0.156974380  -19.966272128
   -1.884955592   -1.759291886   26.079869979    5.953466652  -19.320941346
   -1.822123739   -1.759291886   27.506181025    1.352149044  -24.885982470
   -1.759291886   -1.759291886   27.418906743    0.581012160  -23.389605106
   -1.696460033   -1.759291886   27.886346748    5.473213692  -23.092384003
   -1.633628180   -1.759291886   26.553600152    3.493626337  -21.725498151
   -1.570796327   -1.759291886   27.319131425   -0.399147474  -16.193143086
   -1.507964474   -1.759291886   28.239422403   -4.347076124  -10.647410772
   -1.445132621   -1.759291886   28.128234769    2.658474172   -9.278452429
   -1.382300768   -1.759291886   27.658620651   -0.288630960   -6.488470433
   -1.319468915   -1.759291886   28.089068948   -2.597344203   -7.476595364
   -1.256637061   -1.759291886   28.802426948    2.372008073   -6.513411395
   -1.193805208   -1.759291886   28.784545899    9.179627132   -6.817635674
   -1.130973355   -1.759291886   31.346927878    5.641626709   -7.537241533
   -1.068141502   -1.759291886   34.482890711   -9.169655066  -13.487074955
   -1.005309649   -1.759291886   34.228024214   -9.926583057  -18.311399209
   -0.942477796   -1.759291886   31.201969172  -11.752102916  -21.947355462
   -0.879645943   -1.759291886   32.214679895  -10.052221354  -26.257292760
   -0.816814090   -1.759291886   31.814571189   -1.385337670  -28.023059483
   -0.753982237   -1.759291886   34.930370472   -1.129772583  -27.482772309
   -0.691150384   -1.759291886   35.935178127    4.521040400  -25.836506229
   -0.628318531   -1.759291886   37.161175896    3.397608560  -20.171978964
   -0.565486678   -1.759291886   37.614363427    5.376069611  -19.755966695
   -0.502654825   -1.759291886   38.332107811    3.238164400  -18.237158943
   -0.439822972   -1.759291886   38.773913040   -4.964044340  -21.065530493
   -0.376991118   -1.759291886   39.631173137  -16.415092150  -23.972273674
   -0.314159265   -1.759291886   39.492761975  -21.255202846  -28.807776719
   -0.251327412   -1.759291886   37.430745248  -28.057450888  -30.737513547
   -0.188495559   -1.759291886   36.113697126  -24.505489411  -28.844893023
   -0.125663706   -1.759291886   34.154970723  -18.896441257  -27.176149795
   -0.062831853   -1.759291886   33.706690565  -13.808901454  -21.754819235
    0.000000000   -1.759291886   33.085636700   -5.425276269  -18.327236059
    0.062831853   -1.759291886   33.213039144   -8.541716232  -15.196084745
    0.125663706   -1.759291886   32.086091505   -9.526702067  -11.856964461
    0.188495559   -1.759291886   31.400369018  -11.847525093   -9.098594153
    0.251327412   -1.759291886   31.176197345  -16.610524473   -9.509685540
    0.314159265   -1.759291886   28.036890772  -24.206669196  -12.053504439
    0.376991118   -1.759291886   25.284776890  -28.072164707  -13.209958349
    0.439822972   -1.759291886   24.090242536  -21.924692911  -12.687360314
    0.502654825   -1.759291886   24.561979036  -14.953393762   -6.010893548
    0.565486678   -1.759291886   22.957574186  -11.364343691   -5.360721849
    0.628318531   -1.759291886   21.345192759   -6.539810037   -6.075326158
    0.691150384   -1.759291886   20.650479663   -8.947026401   -3.658229467
    0.753982237   -1.759291886   19.834943425   -7.744779528   -4.537482868
    0.816814090   -1.759291886   20.476240598   -0.821297567   -5.716095954
    0.879645943   -1.759291886   20.000414796    1.521559933   -8.612985656
    0.942477796   -1.759291886   20.091815422    0.748241219   -9.304345954
    1.005309649   -1.759291886   21.223845893    4.709076582  -12.471356901
    1.068141502   -1.759291886   21.447344442   10.824813136  -13.212486646
    1.130973355   -1.759291886   22.136111273   14.598557118  -18.791751442
    1.193805208   -1.759291886   24.577729446    3.265640602  -20.505458224
    1.256637061   -1.759291886   25.960447357   13.318733457  -17.128640600
    1.319468915   -1.759291886   28.049859878   28.049074728  -15.580005888
    1.382300768   -1.759291886   32.974952686   33.113249866  -19.727131005
    1.445132621   -1.759291886   35.092317063   42.030790474  -23.611531179
    1.507964474   -1.759291886   36.838157559   45.646443006  -21.511493915
    1.570796327   -1.759291886   39.451717675   53.445861234  -19.881847089
    1.633628180   -1.759291886   46.347618179   56.354064820  -12.883305885
    1.696460033   -1.759291886   50.323150962   54.330520126  -10.735703447
    1.759291886   -1.759291886   52.887431478   43.337154523   -9.581365674
    1.822123739   -1.759291886   56.589694765   43.041781437  -10.679387144
    1.884955592   -1.759291886   58.727908190   42.489385468  -12.207214833
    1.947787445   -1.759291886   61.512186781   41.532152977  -11.323301014
    2.010619298   -1.759291886   66.083092275   42.006252741   -6.493170677
    2.073451151   -1.759291886   69.947265824   30.664380208   -8.592599103
    2.136283004   -1.759291886   71.591477766   19.630843041   -4.938557500
    2.199114858   -1.759291886   72.080505812    7.648111590   -4.300501729
    2.261946711   -1.759291886   70.747898724   -5.272134504   -7.915799303
    2.324778564   -1.759291886   71.209789534  -10.198945292   -6.377597198
    2.387610417   -1.759291886   71.005119553  -20.642401489   -7.448947637
    2.450442270   -1.759291886   68.772350778  -27.475246297   -5.253797976
    2.513274123   -1.759291886   68.088852453  -23.873068144   -3.363679481
    2.576105976   -1.759291886   69.131117406  -27.502462728    3.871088876
    2.638937829   -1.759291886   64.472214430  -38.931121365    3.523921986
    2.701769682   -1.759291886   61.762712490  -40.543993183    3.152076877
    2.764601535   -1.759291886   59.788873146  -41.106699996    4.798296645
    2.827433388   -1.759291886   55.410698298  -38.010244330    1.647899843
    2.890265241   -1.759291886   54.199582117  -33.841284186    3.278040293
    2.953097094   -1.759291886   51.519831251  -34.174559296   -0.028388638
    3.015928947   -1.759291886   48.163827207  -35.624554795   -1.703919883
    3.078760801   -1.759291886   44.762641945  -50.892253135   -2.059868489

   -3.141592654   -1.696460033   41.890517512  -51.086875976    2.618351423
   -3.078760801   -1.696460033   38.908758527  -48.809116258    2.661431696
   -3.015928947   -1.696460033   36.944544312  -40.908326607   -0.457884027
   -2.953097094   -1.696460033   37.141078006  -38.733202546    0.546736171
   -2.890265241   -1.696460033   35.997026452  -34.793300499   -3.081143728
   -2.827433388   -1.696460033   33.286285570  -33.882259962   -0.954045196
   -2.764601535   -1.696460033   33.449073107  -50.756449687   -5.031847774
   -2.701769682   -1.696460033   30.558832927  -50.614687514  -10.308764106
   -2.638937829   -1.696460033   28.712929954  -47.427211098  -12.096083958
   -2.576105976   -1.696460033   27.768749305  -39.531235576  -10.161063505
   -2.513274123   -1.696460033   27.827100948  -36.633338389   -7.604289411
   -2.450442270   -1.696460033   27.871396875  -31.409229875  -10.755786721
   -2.387610417   -1.696460033   26.333010315  -24.208186099  -15.602725802
   -2.324778564   -1.696460033   25.304213581  -16.559590807  -17.415191209
   -2.261946711   -1.696460033   24.123839652  -18.752925524  -18.382981655
   -2.199114858   -1.696460033   25.059064172  -14.765421597  -17.863967967
   -2.136283004   -1.696460033   24.185461103   -5.306289113  -18.488881788
   -2.073451151   -1.696460033   24.410321722   -0.723037859  -21.865173201
   -2.010619298   -1.696460033   22.727626747    3.662014984  -21.425978011
   -1.947787445   -1.696460033   23.796669132   -2.059470716  -22.559913525
   -1.884955592   -1.696460033   23.771043880    4.089951085  -22.015833444
   -1.822123739   -1.696460033   24.700580039   -0.470572053  -27.802312282
   -1.759291886   -1.696460033   24.607755235   -0.138304168  -26.324342670
   -1.696460033   -1.696460033   25.033435703    5.632921930  -26.409313038
   -1.633628180   -1.696460033   23.819825742    5.667219162  -24.304247425
   -1.570796327   -1.696460033   24.984814264    4.314800581  -19.179385546
   -1.507964474   -1.696460033   26.393478164    1.873918371  -13.686328874
   -1.445132621   -1.696460033   26.572912922    9.521407804  -11.931395963
   -1.382300768   -1.696460033   26.550396316    5.947981954   -8.368963505
   -1.319468915   -1.696460033   27.183439324    2.102370147   -9.628810440
   -1.256637061   -1.696460033   28.252314267    6.195845518   -8.595269153
   -1.193805208   -1.696460033   28.480202743   11.647277836   -9.660903021
   -1.130973355   -1.696460033   31.245001627    6.624981204  -11.113103697
   -1.068141502   -1.696460033   34.170601860   -9.510738413  -19.217326211
   -1.005309649   -1.696460033   33.834688724  -10.951507403  -22.783016857
   -0.942477796   -1.696460033   30.756736941  -12.822075063  -24.379612553
   -0.879645943   -1.696460033   31.609087612  -10.485082276  -26.958613825
   -0.816814090   -1.696460033   31.136313243   -2.090650319  -27.383416931
   -0.753982237   -1.696460033   34.261596181   -1.907203189  -26.000324320
   -0.691150384   -1.696460033   35.321497112    4.014969640  -23.204183980
   -0.628318531   -1.696460033   36.807710849    2.716304306  -17.515099457
   -0.565486678   -1.696460033   37.173062033    3.994107006  -17.369577575
   -0.502654825   -1.696460033   37.864839786   -0.228913500  -16.250556979
   -0.439822972   -1.696460033   37.985282110   -8.874709501  -20.396098317
   -0.376991118   -1.696460033   38.544475783  -20.891290456  -24.305638051
   -0.314159265   -1.696460033   38.037882706  -24.238496781  -28.596059952
   -0.251327412   -1.696460033   35.837812648  -28.645576674  -29.732720609
   -0.188495559   -1.696460033   34.670550856  -23.118059929  -26.491779217
   -0.125663706   -1.696460033   32.871407786  -15.380682920  -23.754617637
   -0.062831853   -1.696460033   32.803190048   -9.882147670  -18.994655923
    0.000000000   -1.696460033   32.421126541   -1.634435701  -17.524782022
    0.062831853   -1.696460033   32.770478371   -4.512099722  -16.580841101
    0.125663706   -1.696460033   31.880229423   -6.441767438  -14.908698706
    0.188495559   -1.696460033   31.380614142  -10.040689303  -13.729162411
    0.251327412   -1.696460033   31.158976250  -15.982984905  -14.183863513
    0.314159265   -1.696460033   27.906298709  -24.042717118  -14.596267249
    0.376991118   -1.696460033   25.154358923  -26.852516592  -12.448981948
    0.439822972   -1.696460033   24.033322150  -18.790007047   -8.594371322
    0.502654825   -1.696460033   24.959892780  -10.682188842    0.769050341
    0.565486678   -1.696460033   23.385826426   -8.217277735    2.736357196
    0.628318531   -1.696460033   21.675071390   -5.940699480    1.971605355
    0.691150384   -1.696460033   21.008456855  -10.109713811    2.208051273
    0.753982237   -1.696460033   20.027134118  -10.647176505   -0.221717708
    0.816814090   -1.696460033   20.465424543   -4.006287619   -3.546518991
    0.879645943   -1.696460033   19.767161427   -1.195915789   -5.345716911
    0.942477796   -1.696460033   19.718893131   -3.557961334   -7.530114492
    1.005309649   -1.696460033   20.528327096   -0.124170719  -12.807031768
    1.068141502   -1.696460033   20.639091954    6.334283553  -14.351296921
    1.130973355   -1.696460033   20.942563018   11.756445126  -20.487033290
    1.193805208   -1.696460033   23.258495733    3.132552501  -23.183393532
    1.256637061   -1.696460033   24.925140701   14.615825139  -18.629599270
    1.319468915   -1.696460033   27.212139178   30.276271286  -15.673083120
    1.382300768   -1.696460033   31.969525810   35.761028148  -19.283558400
    1.445132621   -1.696460033   33.962890426   43.483398408  -21.512901319
    1.507964474   -1.696460033   35.939062855   46.638021583  -18.439678581
    1.570796327   -1.696460033   38.728574317   55.378627824  -16.718441190
    1.633628180   -1.696460033   46.045466966   57.838850874  -11.980331057
    1.696460033   -1.696460033   50.169758949   54.857259479  -10.688523335
    1.759291886   -1.696460033   52.801186700   43.983785903  -10.632399334
    1.822123739   -1.696460033   56.417919741   43.977492310  -13.053408005
    1.884955592   -1.696460033   58.468448015   43.634151777  -14.990309843
    1.947787445   -1.696460033   61.343857940   43.582647512  -14.007689891
    2.010619298   -1.696460033   66.248804610   44.249659112   -9.102636896
    2.073451151   -1.696460033   69.994270198   33.154567910  -11.869568845
    2.136283004   -1.696460033   71.892339876   22.332531392   -8.417973755
    2.199114858   -1.696460033   72.420074653    9.671417026   -8.547482538
    2.261946711   -1.696460033   70.864600763   -4.294697495  -11.977648770
    2.324778564   -1.696460033   71.424369891   -9.400034818  -10.032490135
    2.387610417   -1.696460033   71.140388288  -20.925136245   -9.991161821
    2.450442270   -1.696460033   69.012064973  -29.137865781   -6.611130365
    2.513274123   -1.696460033   68.375611713  -25.408993176   -3.949548640
    2.576105976   -1.696460033   69.754197835  -29.518268943    2.852333432
    2.638937829   -1.696460033   64.972123862  -40.455806706    3.356831308
    2.701769682   -1.696460033   62.119484869  -41.553244182    3.224437829
    2.764601535   -1.696460033   60.152074075  -42.761996620    5.491096814
    2.827433388   -1.696460033   55.531653578  -39.711341247    4.310818260
    2.890265241   -1.696460033   54.323174206  -37.012988367    5.597706712
    2.953097094   -1.696460033   51.390258381  -38.204199478    3.054628413
    3.015928947   -1.696460033   47.910053650  -38.920767332    2.302287386
    3.078760801   -1.696460033   44.511598911  -51.467131292    3.518885770

   -3.141592654   -1.633628180   42.808901692  -52.791658050   -2.114939024
   -3.078760801   -1.633628180   39.705629857  -50.512114313   -1.398027108
   -3.015928947   -1.633628180   37.404781583  -45.022879160   -4.142625109
   -2.953097094   -1.633628180   37.479361872  -42.878274948   -4.911726082
   -2.890265241   -1.633628180   35.958011825  -37.967613117   -9.877779564
   -2.827433388   -1.633628180   33.309487658  -37.524063172   -7.833693691
   -2.764601535   -1.633628180   33.170582692  -52.454483741  -12.431242744
   -2.701769682   -1.633628180   29.954589069  -51.085469361  -17.789694382
   -2.638937829   -1.633628180   28.055916804  -46.767649929  -18.695331743
   -2.576105976   -1.633628180   27.313067361  -39.084638109  -15.981802111
   -2.513274123   -1.633628180   27.647999182  -36.842186464  -11.920550259
   -2.450442270   -1.633628180   27.629881575  -30.761292156  -13.141119380
   -2.387610417   -1.633628180   25.935825286  -23.615075943  -15.504471804
   -2.324778564   -1.633628180   24.894252601  -15.933923116  -16.466495453
   -2.261946711   -1.633628180   23.725675273  -18.830970737  -16.575779974
   -2.199114858   -1.633628180   24.713966923  -15.688524965  -16.705700390
   -2.136283004   -1.633628180   23.790458558   -7.168876427  -18.571735683
   -2.073451151   -1.633628180   23.764068680   -2.585503646  -23.510054295
   -2.010619298   -1.633628180   22.065565204    2.005834445  -24.336373003
   -1.947787445   -1.633628180   23.030959705   -2.593068651  -26.171562455
   -1.884955592   -1.633628180   22.997531698    3.762044240  -26.171205269
   -1.822123739   -1.633628180   23.506978662   -1.476357643  -32.635483530
   -1.759291886   -1.633628180   23.436175440   -1.226237626  -31.939136394
   -1.696460033   -1.633628180   23.753425943    4.428868917  -32.915242664
   -1.633628180   -1.633628180   22.585552869    5.282340306  -30.738547304
   -1.570796327   -1.633628180   23.917834277    4.902213136  -27.025192089
   -1.507964474   -1.633628180   25.515756802    2.857427185  -22.443249915
   -1.445132621   -1.633628180   25.636839142    9.755222713  -21.336671404
   -1.382300768   -1.633628180   25.678738597    4.992289128  -17.683082637
   -1.319468915   -1.633628180   26.031408815   -0.612469883  -19.506043069
   -1.256637061   -1.633628180   26.962417671    1.670309548  -18.698970504
   -1.193805208   -1.633628180   26.918120587    6.122061122  -19.689028233
   -1.130973355   -1.633628180   29.396816290    1.045933456  -20.914004285
   -1.068141502   -1.633628180   31.621052006  -14.324777128  -29.259525565
   -1.005309649   -1.633628180   30.994081065  -14.331868096  -30.190484548
   -0.942477796   -1.633628180   27.790218666  -14.657424356  -29.038170339
   -0.879645943   -1.633628180   28.496358321  -10.322346740  -29.226655485
   -0.816814090   -1.633628180   28.034362819   -0.856008030  -27.965308647
   -0.753982237   -1.633628180   31.285341758    0.050329557  -26.088796676
   -0.691150384   -1.633628180   32.583403414    6.196523043  -22.672742768
   -0.628318531   -1.633628180   34.454756783    4.427910995  -18.022161155
   -0.565486678   -1.633628180   34.865489148    4.454287061  -18.514875979
   -0.502654825   -1.633628180   35.668508619   -2.482757203  -17.991823701
   -0.439822972   -1.633628180   35.555282660  -11.277895598  -22.738259113
   -0.376991118   -1.633628180   35.914262438  -22.904725366  -26.120607941
   -0.314159265   -1.633628180   35.205442112  -24.771710277  -28.639132225
   -0.251327412   -1.633628180   33.002134236  -27.192240995  -27.761712153
   -0.188495559   -1.633628180   32.101925771  -20.802385083  -22.401929999
   -0.125663706   -1.633628180   30.450809290  -13.360126592  -19.558069360
   -0.062831853   -1.633628180   30.592962633   -9.485198280  -16.147099889
    0.000000000   -1.633628180   30.201125731   -2.277029442  -16.167694543
    0.062831853   -1.633628180   30.492523698   -4.937859765  -16.727518807
    0.125663706   -1.633628180   29.596135829   -6.907685628  -16.338361494
    0.188495559   -1.633628180   29.081952915  -10.456967090  -16.083122958
    0.251327412   -1.633628180   28.792729440  -15.222945262  -15.940470858
    0.314159265   -1.633628180   25.544750784  -21.606335722  -14.023588583
    0.376991118   -1.633628180   23.014390019  -21.108595695   -8.408890850
    0.439822972   -1.633628180   22.191879316  -11.690437741   -2.794169145
    0.502654825   -1.633628180   23.727221154   -3.831545281    6.654023210
    0.565486678   -1.633628180   22.307754625   -4.057863103    8.485904420
    0.628318531   -1.633628180   20.583884080   -5.154008499    7.202852935
    0.691150384   -1.633628180   19.929771775  -10.471635729    5.645434945
    0.753982237   -1.633628180   18.856207135  -12.124758972    2.711661802
    0.816814090   -1.633628180   19.190553422   -4.807368745   -0.671039808
    0.879645943   -1.633628180   18.577318628   -1.510854332   -0.469781450
    0.942477796   -1.633628180   18.530679299   -5.232022345   -3.536097694
    1.005309649   -1.633628180   19.163932266   -1.648546145  -10.054313626
    1.068141502   -1.633628180   19.404801003    6.024120583  -11.417327015
    1.130973355   -1.633628180   19.566949993   12.819741016  -17.490264024
    1.193805208   -1.633628180   21.955022430    7.586287686  -20.511546645
    1.256637061   -1.633628180   24.214849588   20.122336324  -14.538786694
    1.319468915   -1.633628180   26.962320943   35.843788681  -10.648765535
    1.382300768   -1.633628180   31.702135947   40.864270025  -14.062497892
    1.445132621   -1.633628180   33.821588569   46.843548403  -13.423643844
    1.507964474   -1.633628180   36.126050700   47.910395563  -10.010033542
    1.570796327   -1.633628180   39.084219690   55.915146922   -8.399417850
    1.633628180   -1.633628180   46.616815292   57.274854441   -6.766811027
    1.696460033   -1.633628180   50.760098438   52.570289677   -6.102140017
    1.759291886   -1.633628180   53.290191707   41.904004239   -6.856689554
    1.822123739   -1.633628180   56.608245273   41.741816257  -10.468520694
    1.884955592   -1.633628180   58.393509735   41.894699610  -13.045166685
    1.947787445   -1.633628180   61.199682841   43.124239125  -12.304528076
    2.010619298   -1.633628180   66.291748319   44.340767519   -7.770979009
    2.073451151   -1.633628180   69.750650100   33.782036355  -11.108488099
    2.136283004   -1.633628180   71.793219086   23.606236841   -7.794410419
    2.199114858   -1.633628180   72.251408297   10.990158664   -8.561793100
    2.261946711   -1.633628180   70.482288823   -2.999394954  -11.639807188
    2.324778564   -1.633628180   71.185271321   -7.512809287  -10.089696837
    2.387610417   -1.633628180   70.970690232  -19.126468271   -9.950262076
    2.450442270   -1.633628180   69.125757217  -28.049605532   -7.316097688
    2.513274123   -1.633628180   68.737691774  -23.406944917   -5.773249071
    2.576105976   -1.633628180   70.590127575  -27.583436330   -1.716152475
    2.638937829   -1.633628180   65.951109578  -38.117980366   -1.823913847
    2.701769682   -1.633628180   63.162489524  -39.188328271   -3.233165417
    2.764601535   -1.633628180   61.406060296  -40.495448988   -2.001739352
    2.827433388   -1.633628180   56.797157732  -38.300062244   -2.388591592
    2.890265241   -1.633628180   55.650716717  -38.496292459   -2.402304064
    2.953097094   -1.633628180   52.536286175  -41.868653705   -4.757932253
    3.015928947   -1.633628180   48.982266575  -42.701318230   -4.186177579
    3.078760801   -1.633628180   45.609920698  -53.216496416   -1.416930697

   -3.141592654   -1.570796327   43.639727182  -52.259093213   -6.276694129
   -3.078760801   -1.570796327   40.550565060  -49.715084715   -4.879302014
   -3.015928947   -1.570796327   38.057605469  -47.435042055   -6.405256914
   -2.953097094   -1.570796327   37.991362214  -46.362732884   -8.084812362
   -2.890265241   -1.570796327   36.101750430  -40.563060927  -13.224980331
   -2.827433388   -1.570796327   33.558681522  -40.726741696  -11.303087483
   -2.764601535   -1.570796327   33.118513289  -53.023842849  -16.653426083
   -2.701769682   -1.570796327   29.624242212  -50.237850727  -21.722032988
   -2.638937829   -1.570796327   27.795120567  -44.125906085  -21.475673810
   -2.576105976   -1.570796327   27.385064861  -35.855094374  -17.563975843
   -2.513274123   -1.570796327   28.183350771  -33.658460111  -11.700254536
   -2.450442270   -1.570796327   28.309323188  -26.500331407  -11.241279295
   -2.387610417   -1.570796327   26.708061939  -20.135187574  -11.451548996
   -2.324778564   -1.570796327   25.801612172  -13.318188689  -11.329159657
   -2.261946711   -1.570796327   24.782893850  -17.874979788  -10.836576397
   -2.199114858   -1.570796327   25.854768919  -16.651922025  -11.303948513
   -2.136283004   -1.570796327   24.865524148   -9.518909905  -13.729563146
   -2.073451151   -1.570796327   24.555329826   -5.231444006  -18.870139975
   -2.010619298   -1.570796327   22.802341757   -0.506748560  -20.034428354
   -1.947787445   -1.570796327   23.636804047   -3.547299295  -22.188556342
   -1.884955592   -1.570796327   23.580121846    2.902145268  -22.524724459
   -1.822123739   -1.570796327   23.648137033   -2.489899542  -29.646410462
   -1.759291886   -1.570796327   23.622224035   -1.647422997  -29.352524734
   -1.696460033   -1.570796327   23.906370592    4.799884865  -30.733512199
   -1.633628180   -1.570796327   22.966789383    7.517189763  -28.157554446
   -1.570796327   -1.570796327   24.628285336    8.863467265  -25.356518610
   -1.507964474   -1.570796327   26.647419307    7.970744718  -21.884322311
   -1.445132621   -1.570796327   27.023083928   14.819391345  -21.269398279
   -1.382300768   -1.570796327   27.480753063    9.434378955  -18.842865447
   -1.319468915   -1.570796327   27.887146731    2.328425421  -22.243532385
   -1.256637061   -1.570796327   29.063050915    3.419153740  -22.495548317
   -1.193805208   -1.570796327   29.118558751    6.424068623  -24.670410501
   -1.130973355   -1.570796327   31.643191885    0.906968006  -26.760844882
   -1.068141502   -1.570796327   33.411767103  -14.013821729  -36.571424340
   -1.005309649   -1.570796327   32.786196975  -14.283337773  -37.334702205
   -0.942477796   -1.570796327   29.648881128  -14.792564746  -36.251458591
   -0.879645943   -1.570796327   30.266129422  -10.489367090  -36.989464053
   -0.816814090   -1.570796327   29.707366131   -2.228680100  -37.209644268
   -0.753982237   -1.570796327   32.812639050   -2.549650748  -37.813391931
   -0.691150384   -1.570796327   34.010653460    1.997679198  -36.913420894
   -0.628318531   -1.570796327   35.791096956   -1.478496215  -35.607776953
   -0.565486678   -1.570796327   35.799003520   -2.346315202  -38.004480702
   -0.502654825   -1.570796327   36.264010168  -11.682257604  -38.857462038
   -0.439822972   -1.570796327   35.539164309  -18.787289667  -43.170496191
   -0.376991118   -1.570796327   35.437466760  -27.898412603  -44.673905956
   -0.314159265   -1.570796327   34.421654293  -26.272139308  -43.946892361
   -0.251327412   -1.570796327   32.163360666  -26.043636914  -40.200196546
   -0.188495559   -1.570796327   31.529032471  -18.796942728  -32.489048111
   -0.125663706   -1.570796327   30.015865542  -11.706710684  -28.086661995
   -0.062831853   -1.570796327   30.348067763   -8.924172404  -24.035283176
    0.000000000   -1.570796327   29.973469687   -2.257845824  -23.141625187
    0.062831853   -1.570796327   30.279881769   -4.128514113  -22.693292464
    0.125663706   -1.570796327   29.467395152   -5.773024664  -21.365808832
    0.188495559   -1.570796327   29.035055999   -8.617318537  -19.911863270
    0.251327412   -1.570796327   28.833894655  -11.739271819  -18.218097034
    0.314159265   -1.570796327   25.835577345  -15.382532581  -12.569556290
    0.376991118   -1.570796327   23.769474472  -12.486465268   -3.927859835
    0.439822972   -1.570796327   23.323834726   -3.627600305    2.096202224
    0.502654825   -1.570796327   25.425921060    2.396158063   10.323711403
    0.565486678   -1.570796327   24.089930608   -1.988783186   10.763798281
    0.628318531   -1.570796327   22.273447854   -6.242874492    8.791800163
    0.691150384   -1.570796327   21.504767957  -12.147875403    5.759819714
    0.753982237   -1.570796327   20.285051569  -14.407513630    2.582780936
    0.816814090   -1.570796327   20.422896672   -7.188905833   -2.004843614
    0.879645943   -1.570796327   19.896950344   -4.250524667   -1.582159591
    0.942477796   -1.570796327   19.659779363   -9.641494488   -6.770295238
    1.005309649   -1.570796327   19.876695966   -6.404052452  -15.344155213
    1.068141502   -1.570796327   20.059834163    2.394502913  -17.444442015
    1.130973355   -1.570796327   19.848359976   10.345653882  -24.225720112
    1.193805208   -1.570796327   22.064259783    8.740537319  -27.299734222
    1.256637061   -1.570796327   24.693278936   21.411421933  -21.222364815
    1.319468915   -1.570796327   27.667977196   37.383692998  -17.051748414
    1.382300768   -1.570796327   32.136674365   42.110285367  -20.626511936
    1.445132621   -1.570796327   34.295579327   46.936717323  -17.574681068
    1.507964474   -1.570796327   36.730281765   46.051043553  -13.835517330
    1.570796327   -1.570796327   39.693201073   53.269710926  -11.847332704
    1.633628180   -1.570796327   47.127351442   54.731363532  -12.736779279
    1.696460033   -1.570796327   51.201644761   49.141794609  -11.460923341
    1.759291886   -1.570796327   53.574348922   39.193138828  -11.520801597
    1.822123739   -1.570796327   56.554519959   39.335865369  -14.626130319
    1.884955592   -1.570796327   58.082832902   40.210428309  -16.208275549
    1.947787445   -1.570796327   60.832791204   42.522219279  -14.868166337
    2.010619298   -1.570796327   66.105070834   44.383512517  -10.132040220
    2.073451151   -1.570796327   69.262512862   34.595222404  -12.890978286
    2.136283004   -1.570796327   71.442547745   24.957611805   -8.876547188
    2.199114858   -1.570796327   71.793875558   12.038944481   -9.124543100
    2.261946711   -1.570796327   69.817542794   -2.278946765  -11.028991785
    2.324778564   -1.570796327   70.600406053   -6.828443344   -9.330100403
    2.387610417   -1.570796327   70.418933765  -19.038817493   -8.741228222
    2.450442270   -1.570796327   68.790206482  -28.134555611   -6.415471741
    2.513274123   -1.570796327   68.562824334  -22.758124909   -5.521845384
    2.576105976   -1.570796327   70.680901909  -26.690940836   -4.933767313
    2.638937829   -1.570796327   66.146327476  -36.351935253   -5.766832554
    2.701769682   -1.570796327   63.386087913  -37.091787825   -8.070921989
    2.764601535   -1.570796327   61.829826337  -37.546490827   -7.757847848
    2.827433388   -1.570796327   57.343200419  -35.570122624   -7.889182393
    2.890265241   -1.570796327   56.268242144  -38.174443816   -9.108630347
    2.953097094   -1.570796327   53.096781980  -43.508018714  -11.268122645
    3.015928947   -1.570796327   49.655998909  -44.547821734   -9.485033178
    3.078760801   -1.570796327   46.497140047  -52.676882738   -5.841950541

   -3.141592654   -1.507964474   40.601675130  -49.441066460  -14.753705217
   -3.078760801   -1.507964474   37.686176688  -46.369086108  -12.639337485
   -3.015928947   -1.507964474   35.231834500  -46.699113171  -12.026882370
   -2.953097094   -1.507964474   35.122288463  -47.274672795  -13.597975254
   -2.890265241   -1.507964474   32.998210911  -41.149893304  -17.998858340
   -2.827433388   -1.507964474   30.627434175  -42.302016490  -16.861839568
   -2.764601535   -1.507964474   29.929954319  -52.528939150  -22.530888860
   -2.701769682   -1.507964474   26.217761258  -48.298078024  -27.528010275
   -2.638937829   -1.507964474   24.545500778  -40.431333659  -26.687990686
   -2.576105976   -1.507964474   24.523448743  -31.764698136  -22.388799482
   -2.513274123   -1.507964474   25.829815035  -29.133622303  -16.312647338
   -2.450442270   -1.507964474   26.166119165  -21.126281136  -14.832605912
   -2.387610417   -1.507964474   24.744300991  -16.055356378  -13.949877385
   -2.324778564   -1.507964474   24.007052740  -10.356341450  -14.096593695
   -2.261946711   -1.507964474   23.206387550  -16.203642379  -13.238220026
   -2.199114858   -1.507964474   24.433530712  -15.998507054  -14.158680320
   -2.136283004   -1.507964474   23.497827123   -9.463561131  -16.955273152
   -2.073451151   -1.507964474   23.098956733   -4.821241801  -22.196347283
   -2.010619298   -1.507964474   21.491938348    0.176275469  -24.436631115
   -1.947787445   -1.507964474   22.412925642   -1.359195371  -28.290332313
   -1.884955592   -1.507964474   22.536582874    4.394420066  -30.356828982
   -1.822123739   -1.507964474   22.326747691   -1.634812218  -39.119791579
   -1.759291886   -1.507964474   22.448750520   -0.924370523  -39.970438366
   -1.696460033   -1.507964474   22.709712492    4.703051779  -42.080000259
   -1.633628180   -1.507964474   21.952346925    7.404485509  -38.599673278
   -1.570796327   -1.507964474   23.712868940    8.343026981  -35.163798513
   -1.507964474   -1.507964474   25.793607444    6.927366417  -30.989324192
   -1.445132621   -1.507964474   26.017705222   12.143105313  -29.060078989
   -1.382300768   -1.507964474   26.418581396    6.162761302  -25.661269873
   -1.319468915   -1.507964474   26.422845013   -1.506907712  -27.673708851
   -1.256637061   -1.507964474   27.432627799   -0.846539873  -26.732047380
   -1.193805208   -1.507964474   27.269913973    2.751091195  -27.253623715
   -1.130973355   -1.507964474   29.623889336   -1.463163058  -27.907940594
   -1.068141502   -1.507964474   30.793159399  -14.212065635  -36.133278491
   -1.005309649   -1.507964474   30.190074526  -13.445085601  -35.086271354
   -0.942477796   -1.507964474   27.220714488  -13.259397281  -32.720165205
   -0.879645943   -1.507964474   27.868316463   -8.355735689  -33.209228649
   -0.816814090   -1.507964474   27.357632483   -1.202939271  -34.322946741
   -0.753982237   -1.507964474   30.470433118   -2.031854160  -36.818287296
   -0.691150384   -1.507964474   31.781194389    1.477712553  -37.545696410
   -0.628318531   -1.507964474   33.704875099   -2.582214172  -38.067253854
   -0.565486678   -1.507964474   33.656409430   -3.339194001  -41.380931291
   -0.502654825   -1.507964474   34.191162975  -12.979368357  -42.735380936
   -0.439822972   -1.507964474   33.395007939  -16.946017579  -45.161738108
   -0.376991118   -1.507964474   33.423870367  -23.327751534  -44.477365505
   -0.314159265   -1.507964474   32.701113971  -19.011031504  -40.957172823
   -0.251327412   -1.507964474   30.880418937  -17.870146857  -35.666115553
   -0.188495559   -1.507964474   30.882353658  -12.186815206  -27.372428740
   -0.125663706   -1.507964474   29.750252772   -7.151083041  -22.558767597
   -0.062831853   -1.507964474   30.383307124   -7.132866248  -18.857991379
    0.000000000   -1.507964474   30.080811030   -1.890278150  -17.760643422
    0.062831853   -1.507964474   30.387386141   -4.283945104  -17.453727759
    0.125663706   -1.507964474   29.596622854   -5.839741601  -16.428104632
    0.188495559   -1.507964474   29.175006953   -7.591971279  -15.174518460
    0.251327412   -1.507964474   29.036770193   -7.655215516  -12.329572228
    0.314159265   -1.507964474   26.400172532   -8.080283091   -4.528135063
    0.376991118   -1.507964474   24.862132972   -3.462245435    4.706276348
    0.439822972   -1.507964474   24.714935980    3.553949813    8.812867738
    0.502654825   -1.507964474   27.227749167    6.886294607   13.369644938
    0.565486678   -1.507964474   25.878141213   -1.762567576   11.917194231
    0.628318531   -1.507964474   23.940239334   -8.336015509    9.190040508
    0.691150384   -1.507964474   22.985331270  -14.020394300    5.412450637
    0.753982237   -1.507964474   21.612252713  -17.073750823    2.458869182
    0.816814090   -1.507964474   21.451765315  -11.243918906   -3.136277174
    0.879645943   -1.507964474   20.986879219   -9.265187142   -2.472150283
    0.942477796   -1.507964474   20.379604229  -16.033198067   -9.087789682
    1.005309649   -1.507964474   20.037852359  -12.491507523  -18.036587373
    1.068141502   -1.507964474   20.101559571   -2.179196432  -19.210226280
    1.130973355   -1.507964474   19.479846654    7.738439191  -24.762637652
    1.193805208   -1.507964474   21.519483127    9.594522402  -26.301492870
    1.256637061   -1.507964474   24.515758378   22.512883786  -19.454203352
    1.319468915   -1.507964474   27.710995236   38.506433174  -15.083449321
    1.382300768   -1.507964474   31.888276976   43.178427635  -19.023341247
    1.445132621   -1.507964474   34.231146635   47.323695164  -14.023408129
    1.507964474   -1.507964474   36.810113034   44.530014563  -10.421928010
    1.570796327   -1.507964474   39.803979703   50.852347825   -8.280497694
    1.633628180   -1.507964474   46.974025412   52.449387602  -11.614772625
    1.696460033   -1.507964474   51.003207129   45.701295034   -9.964074480
    1.759291886   -1.507964474   53.221623196   36.069468282   -9.816537493
    1.822123739   -1.507964474   55.837546175   36.267541160  -12.830212089
    1.884955592   -1.507964474   57.073816828   37.500614348  -14.710756982
    1.947787445   -1.507964474   59.689954390   40.539915181  -14.155154373
    2.010619298   -1.507964474   65.011604757   42.721460301  -10.654122001
    2.073451151   -1.507964474   67.754492378   33.696346326  -14.177870818
    2.136283004   -1.507964474   69.933702545   24.309321687  -11.143568769
    2.199114858   -1.507964474   70.020400956   10.673010390  -12.156051270
    2.261946711   -1.507964474   67.710920520   -4.624196648  -13.571863248
    2.324778564   -1.507964474   68.347021865  -10.207572984  -12.819040692
    2.387610417   -1.507964474   67.984429336  -23.295955061  -12.294556448
    2.450442270   -1.507964474   66.266006106  -33.336540131  -11.085504420
    2.513274123   -1.507964474   65.883090067  -27.348917165  -11.246583962
    2.576105976   -1.507964474   67.762241879  -31.017482839  -14.550929533
    2.638937829   -1.507964474   63.042586639  -39.324149575  -15.705990804
    2.701769682   -1.507964474   60.032880393  -38.881064824  -18.194447525
    2.764601535   -1.507964474   58.413898448  -37.978846180  -18.590272470
    2.827433388   -1.507964474   53.927139940  -34.850654823  -17.570222225
    2.890265241   -1.507964474   52.754639413  -38.468650386  -19.668352156
    2.953097094   -1.507964474   49.491571305  -45.426104882  -21.525194845
    3.015928947   -1.507964474   46.256809651  -45.718719585  -18.477402481
    3.078760801   -1.507964474   43.422821322  -50.456557428  -14.023742916

   -3.141592654   -1.445132621   38.108636860  -46.755122568  -20.384194019
   -3.078760801   -1.445132621   35.398924068  -42.019332927  -19.183568932
   -3.015928947   -1.445132621   33.190832284  -43.250464253  -16.612538382
   -2.953097094   -1.445132621   33.149003065  -45.003989909  -18.560637670
   -2.890265241   -1.445132621   31.018859717  -38.564163394  -21.696379054
   -2.827433388   -1.445132621   28.933091119  -40.504633217  -21.697448329
   -2.764601535   -1.445132621   28.154335787  -48.656409158  -27.109354040
   -2.701769682   -1.445132621   24.422412267  -43.648934884  -31.406683217
   -2.638937829   -1.445132621   23.081221689  -34.608763303  -30.179439542
   -2.576105976   -1.445132621   23.575211585  -25.306505001  -25.731081952
   -2.513274123   -1.445132621   25.501077403  -22.510362313  -19.443315536
   -2.450442270   -1.445132621   26.137090546  -14.669778225  -17.829327770
   -2.387610417   -1.445132621   24.975380489  -12.038804708  -16.336656222
   -2.324778564   -1.445132621   24.385336776   -7.860004707  -16.328943342
   -2.261946711   -1.445132621   23.774805686  -15.778710318  -15.230757029
   -2.199114858   -1.445132621   25.069033203  -16.699793769  -15.770582389
   -2.136283004   -1.445132621   24.057381866  -11.824255554  -18.578673997
   -2.073451151   -1.445132621   23.412714108   -7.799034335  -23.598637093
   -2.010619298   -1.445132621   21.710499776   -3.854536220  -26.435320822
   -1.947787445   -1.445132621   22.375545838   -5.124474392  -31.566300477
   -1.884955592   -1.445132621   22.308373462   -0.259763572  -34.725746814
   -1.822123739   -1.445132621   21.449996454   -6.912770167  -44.093652064
   -1.759291886   -1.445132621   21.337239662   -6.019189768  -45.604360261
   -1.696460033   -1.445132621   21.223153697   -0.412137529  -48.087825262
   -1.633628180   -1.445132621   20.378078345    2.636710771  -44.187666943
   -1.570796327   -1.445132621   21.870877139    3.687533146  -41.239169102
   -1.507964474   -1.445132621   23.730149058    1.458374203  -38.149251418
   -1.445132621   -1.445132621   23.568337358    5.014589138  -36.639519838
   -1.382300768   -1.445132621   23.623106101   -1.237395073  -34.653438499
   -1.319468915   -1.445132621   22.970030080   -9.596851690  -37.443271975
   -1.256637061   -1.445132621   23.566927799   -8.549238548  -36.721125469
   -1.193805208   -1.445132621   22.963497343   -4.046554446  -37.070758777
   -1.130973355   -1.445132621   24.958650229   -6.239091591  -37.475199436
   -1.068141502   -1.445132621   25.409842378  -15.974469018  -44.528516562
   -1.005309649   -1.445132621   24.761274168  -13.379894527  -42.855644846
   -0.942477796   -1.445132621   21.942205782  -11.979229459  -39.711589348
   -0.879645943   -1.445132621   22.642381954   -5.944104979  -39.933034637
   -0.816814090   -1.445132621   22.215942365    0.895841354  -41.307728001
   -0.753982237   -1.445132621   25.391621707    0.423942267  -44.629698904
   -0.691150384   -1.445132621   26.958057129    3.964011246  -45.623981950
   -0.628318531   -1.445132621   29.211536259    0.112318806  -46.190646172
   -0.565486678   -1.445132621   29.389658945    0.623370121  -47.667382802
   -0.502654825   -1.445132621   30.294059898   -8.036958783  -47.282758358
   -0.439822972   -1.445132621   29.839150948   -8.682062933  -46.548216195
   -0.376991118   -1.445132621   30.395794300  -12.662930862  -42.740993755
   -0.314159265   -1.445132621   30.332337653   -6.942569300  -36.801607475
   -0.251327412   -1.445132621   29.182356562   -6.842299048  -31.204828945
   -0.188495559   -1.445132621   29.974210693   -3.196616718  -23.510971259
   -0.125663706   -1.445132621   29.364776943   -0.782133272  -19.529046120
   -0.062831853   -1.445132621   30.397863443   -3.326203694  -17.108694375
    0.000000000   -1.445132621   30.285587891    0.085709446  -17.176695130
    0.062831853   -1.445132621   30.711634291   -2.475184160  -17.452695515
    0.125663706   -1.445132621   30.067174629   -3.865021295  -16.527754064
    0.188495559   -1.445132621   29.787287543   -3.767183874  -14.734345155
    0.251327412   -1.445132621   29.902605080   -0.786878723  -10.720876833
    0.314159265   -1.445132621   27.846025959    1.268612831   -1.020875371
    0.376991118   -1.445132621   26.930148654    6.073876968    8.223127497
    0.439822972   -1.445132621   26.998252715    9.310169299    9.417194095
    0.502654825   -1.445132621   29.739490990    9.612560200    9.745140084
    0.565486678   -1.445132621   28.328657427   -2.400579171    6.441073404
    0.628318531   -1.445132621   26.330359081   -9.443876784    3.641421430
    0.691150384   -1.445132621   25.270582944  -14.042077646   -0.205006702
    0.753982237   -1.445132621   23.865044123  -18.285859755   -3.039945041
    0.816814090   -1.445132621   23.440181283  -14.438157702  -10.177520544
    0.879645943   -1.445132621   23.113669418  -13.903267159   -9.911596716
    0.942477796   -1.445132621   22.118444148  -21.746852444  -17.493154566
    1.005309649   -1.445132621   21.256447794  -17.632149965  -25.829444702
    1.068141502   -1.445132621   21.246028232   -6.280222350  -25.785181801
    1.130973355   -1.445132621   20.226278359    4.829359099  -29.541593525
    1.193805208   -1.445132621   22.058638190    8.999649852  -29.628419452
    1.256637061   -1.445132621   25.300306665   20.876135126  -22.530142681
    1.319468915   -1.445132621   28.506539279   35.765815315  -18.982992374
    1.382300768   -1.445132621   32.150666567   40.084948602  -23.626275022
    1.445132621   -1.445132621   34.556702318   44.594446346  -18.249004131
    1.507964474   -1.445132621   37.078328201   40.530038966  -15.102034751
    1.570796327   -1.445132621   39.970777311   46.436144407  -12.521360706
    1.633628180   -1.445132621   46.668974458   49.715011284  -16.841574112
    1.696460033   -1.445132621   50.657638409   42.918594095  -13.772113486
    1.759291886   -1.445132621   52.787529651   34.322690653  -11.896183274
    1.822123739   -1.445132621   55.125448091   34.532215149  -13.467474881
    1.884955592   -1.445132621   56.162340529   35.767391451  -14.417403432
    1.947787445   -1.445132621   58.710420361   39.521005983  -13.688998629
    2.010619298   -1.445132621   64.118324938   42.140472565  -11.194881276
    2.073451151   -1.445132621   66.525775142   34.018196816  -14.969550495
    2.136283004   -1.445132621   68.763674702   25.000368253  -12.730636326
    2.199114858   -1.445132621   68.641348357   10.356118615  -14.485478506
    2.261946711   -1.445132621   66.154730242   -5.723680721  -14.989214955
    2.324778564   -1.445132621   66.700154374  -12.754421018  -14.583961735
    2.387610417   -1.445132621   66.252898796  -26.924573073  -13.921979598
    2.450442270   -1.445132621   64.458061342  -37.795948560  -13.804634710
    2.513274123   -1.445132621   63.943255549  -31.788496677  -14.247257952
    2.576105976   -1.445132621   65.411279170  -34.779579697  -20.744707945
    2.638937829   -1.445132621   60.553303547  -41.663441727  -21.272275995
    2.701769682   -1.445132621   57.332094698  -40.268354657  -23.288279589
    2.764601535   -1.445132621   55.639409794  -37.967823377  -23.518421213
    2.827433388   -1.445132621   51.228610512  -33.976631648  -21.087909911
    2.890265241   -1.445132621   49.877611756  -39.057855382  -23.908861911
    2.953097094   -1.445132621   46.503173646  -47.470339455  -25.470030194
    3.015928947   -1.445132621   43.496521037  -47.554340966  -21.764751489
    3.078760801   -1.445132621   40.950533221  -49.059607793  -18.274556575

   -3.141592654   -1.382300768   37.070515962  -46.977732927  -20.154341796
   -3.078760801   -1.382300768   34.401702606  -40.255810029  -19.176706850
   -3.015928947   -1.382300768   32.405837367  -41.502922560  -14.912472533
   -2.953097094   -1.382300768   32.287495047  -44.275220427  -16.616295236
   -2.890265241   -1.382300768   30.081030049  -37.645580707  -18.159757485
   -2.827433388   -1.382300768   28.062487156  -40.114132616  -19.677658100
   -2.764601535   -1.382300768   27.093872921  -45.898993264  -25.271277776
   -2.701769682   -1.382300768   23.286013677  -39.908223002  -29.504715288
   -2.638937829   -1.382300768   22.226425258  -29.745009510  -28.793549084
   -2.576105976   -1.382300768   23.192072624  -19.199847902  -25.745214696
   -2.513274123   -1.382300768   25.698202694  -15.732701050  -21.277264733
   -2.450442270   -1.382300768   26.633691571   -8.134330589  -20.622082952
   -2.387610417   -1.382300768   25.768346638   -8.041061601  -19.048784904
   -2.324778564   -1.382300768   25.336691838   -5.611987560  -19.093005464
   -2.261946711   -1.382300768   24.936805622  -15.232025916  -17.088567650
   -2.199114858   -1.382300768   26.272276570  -17.707702230  -17.273890919
   -2.136283004   -1.382300768   25.128196568  -15.138434301  -18.974147527
   -2.073451151   -1.382300768   24.177092606  -12.552015201  -22.341200041
   -2.010619298   -1.382300768   22.252217834  -10.235472798  -24.111544793
   -1.947787445   -1.382300768   22.509941660  -11.044971207  -28.578359016
   -1.884955592   -1.382300768   22.168971694   -6.589725803  -30.276727881
   -1.822123739   -1.382300768   20.671018502  -12.108401061  -37.243112838
   -1.759291886   -1.382300768   20.370992675   -9.483936090  -37.551570318
   -1.696460033   -1.382300768   20.009904980   -2.782763682  -38.881273429
   -1.633628180   -1.382300768   19.290662580    1.556392275  -34.404455015
   -1.570796327   -1.382300768   20.805459982    2.523284484  -31.772687944
   -1.507964474   -1.382300768   22.627421014   -0.561455409  -30.198076269
   -1.445132621   -1.382300768   22.316972467    1.066170455  -29.351885040
   -1.382300768   -1.382300768   22.177502446   -6.071343996  -29.674367118
   -1.319468915   -1.382300768   21.045655757  -14.990124163  -33.280448199
   -1.256637061   -1.382300768   21.378199085  -13.922210040  -33.410764196
   -1.193805208   -1.382300768   20.456195704   -9.009953844  -34.039489469
   -1.130973355   -1.382300768   22.192197529   -9.707295664  -34.280617898
   -1.068141502   -1.382300768   22.057188945  -16.878619069  -39.791888436
   -1.005309649   -1.382300768   21.396303124  -13.239028879  -37.685497148
   -0.942477796   -1.382300768   18.765636920  -10.573495188  -33.457674038
   -0.879645943   -1.382300768   19.490711470   -4.377628052  -33.673987394
   -0.816814090   -1.382300768   19.080733362    1.731007331  -35.522467657
   -0.753982237   -1.382300768   22.238201140    2.064044069  -39.271394983
   -0.691150384   -1.382300768   24.012139710    6.245267647  -40.542266218
   -0.628318531   -1.382300768   26.590465514    3.896448299  -41.058325475
   -0.565486678   -1.382300768   27.130051827    7.105398623  -41.403149772
   -0.502654825   -1.382300768   28.511744701    0.378421304  -41.467145776
   -0.439822972   -1.382300768   28.637293993    3.162430048  -39.578939600
   -0.376991118   -1.382300768   29.897544771    0.303735701  -36.533854718
   -0.314159265   -1.382300768   30.593368197    5.334981394  -32.553604237
   -0.251327412   -1.382300768   30.050955263    2.453035307  -30.342672084
   -0.188495559   -1.382300768   31.470049144    2.351647988  -26.325669213
   -0.125663706   -1.382300768   31.145969471    1.308486009  -25.137926088
   -0.062831853   -1.382300768   32.256941681   -4.628186090  -24.732673715
    0.000000000   -1.382300768   32.007133230   -3.254044257  -24.816346830
    0.062831853   -1.382300768   32.211628146   -6.238088015  -24.164093607
    0.125663706   -1.382300768   31.380749388   -6.814016808  -21.359809356
    0.188495559   -1.382300768   30.970812265   -4.015839930  -16.786950875
    0.251327412   -1.382300768   31.080532165    1.928716555  -10.541521665
    0.314159265   -1.382300768   29.367115230    5.431728761    0.485549818
    0.376991118   -1.382300768   28.730308278    9.126939912    8.580205446
    0.439822972   -1.382300768   28.536514395    7.831155789    6.487724186
    0.502654825   -1.382300768   30.980961337    5.561069453    2.857816239
    0.565486678   -1.382300768   29.157918175   -8.364632929   -1.688147387
    0.628318531   -1.382300768   26.866892334  -14.554201276   -3.962671175
    0.691150384   -1.382300768   25.480502091  -17.239444720   -6.787163675
    0.753982237   -1.382300768   23.847357250  -22.796983515   -8.385967476
    0.816814090   -1.382300768   22.913404281  -20.531468798  -15.136269238
    0.879645943   -1.382300768   22.581663062  -20.398251998  -14.004331750
    0.942477796   -1.382300768   21.108063712  -26.860824450  -20.533729156
    1.005309649   -1.382300768   19.791864809  -20.723555883  -26.188664002
    1.068141502   -1.382300768   19.870750034   -6.686659490  -23.832907529
    1.130973355   -1.382300768   18.694476151    5.820754309  -25.914798382
    1.193805208   -1.382300768   20.594784848   12.015879786  -25.131712972
    1.256637061   -1.382300768   24.292287212   22.533723574  -19.452056369
    1.319468915   -1.382300768   27.692970175   36.149465970  -18.565802957
    1.382300768   -1.382300768   31.033326589   40.566546960  -24.873451561
    1.445132621   -1.382300768   33.782981018   45.842794815  -21.142458813
    1.507964474   -1.382300768   36.480667681   41.128421962  -19.682100590
    1.570796327   -1.382300768   39.547823341   46.577955026  -17.661973761
    1.633628180   -1.382300768   46.000939429   51.643461783  -22.148199827
    1.696460033   -1.382300768   50.216865678   44.051891634  -18.909544307
    1.759291886   -1.382300768   52.514260357   35.991099177  -16.282751474
    1.822123739   -1.382300768   54.802856734   35.534585798  -17.058662566
    1.884955592   -1.382300768   55.825237302   36.352264327  -17.500202356
    1.947787445   -1.382300768   58.431958174   40.137885831  -17.155822974
    2.010619298   -1.382300768   63.968292342   42.805017961  -16.062804007
    2.073451151   -1.382300768   66.158554893   35.682267436  -19.740316465
    2.136283004   -1.382300768   68.519949534   26.943187678  -18.471413670
    2.199114858   -1.382300768   68.289131991   11.868311075  -20.404638594
    2.261946711   -1.382300768   65.824585630   -4.475678395  -19.339201340
    2.324778564   -1.382300768   66.410408376  -13.031873235  -18.513755446
    2.387610417   -1.382300768   66.032990183  -28.404649678  -16.911548496
    2.450442270   -1.382300768   64.249160332  -40.034771133  -16.459724177
    2.513274123   -1.382300768   63.728869952  -34.362367716  -15.720104244
    2.576105976   -1.382300768   64.713920308  -36.931843354  -23.864856113
    2.638937829   -1.382300768   59.844046517  -42.303035966  -22.906695770
    2.701769682   -1.382300768   56.503801636  -40.674991294  -23.580245609
    2.764601535   -1.382300768   54.764021971  -37.182028013  -23.414842194
    2.827433388   -1.382300768   50.499993806  -33.136903089  -19.412048436
    2.890265241   -1.382300768   48.909584142  -39.958194440  -22.297024271
    2.953097094   -1.382300768   45.362958691  -50.639485636  -24.009396175
    3.015928947   -1.382300768   42.546961199  -51.421665835  -19.457685176
    3.078760801   -1.382300768   40.127160610  -50.491342883  -17.075998450

   -3.141592654   -1.319468915   35.997153681  -46.179778546  -12.955427298
   -3.078760801   -1.319468915   33.448440926  -37.384916610  -12.353624872
   -3.015928947   -1.319468915   31.852035156  -38.160388578   -6.782110513
   -2.953097094   -1.319468915   31.702076478  -42.336098952   -8.758982198
   -2.890265241   -1.319468915   29.511808641  -36.551508707   -9.590561640
   -2.827433388   -1.319468915   27.425137921  -40.521879196  -12.588820093
   -2.764601535   -1.319468915   26.178293452  -45.115981770  -17.995257955
   -2.701769682   -1.319468915   22.145708356  -39.809859143  -22.280510083
   -2.638937829   -1.319468915   21.155633117  -29.056836253  -21.947050479
   -2.576105976   -1.319468915   22.287511256  -17.902097257  -20.371191511
   -2.513274123   -1.319468915   25.032632553  -13.773185324  -17.640036601
   -2.450442270   -1.319468915   25.969970241   -5.684501630  -18.412823148
   -2.387610417   -1.319468915   25.212479344   -7.251392277  -17.228142114
   -2.324778564   -1.319468915   24.802795143   -4.829115506  -17.206502772
   -2.261946711   -1.319468915   24.550769862  -15.041981323  -15.633862391
   -2.199114858   -1.319468915   25.912915574  -17.691089761  -16.251055275
   -2.136283004   -1.319468915   24.723826407  -16.091161385  -18.038335108
   -2.073451151   -1.319468915   23.645404241  -14.878722012  -21.058289496
   -2.010619298   -1.319468915   21.667796031  -13.735449759  -22.774515876
   -1.947787445   -1.319468915   21.699970606  -13.719714618  -27.272142967
   -1.884955592   -1.319468915   21.323822312   -9.543113834  -28.262216543
   -1.822123739   -1.319468915   19.443981408  -14.036722955  -34.103352983
   -1.759291886   -1.319468915   19.146498203  -10.076140362  -34.381343278
   -1.696460033   -1.319468915   18.689169760   -2.781411758  -36.042191713
   -1.633628180   -1.319468915   18.222016064    2.405868104  -32.258839405
   -1.570796327   -1.319468915   19.854454070    2.666962760  -30.533871429
   -1.507964474   -1.319468915   21.694622719   -1.047059307  -30.521681528
   -1.445132621   -1.319468915   21.385991221   -1.110303593  -30.146622838
   -1.382300768   -1.319468915   21.135121869   -8.630378531  -31.611157460
   -1.319468915   -1.319468915   19.722548528  -17.426738619  -35.026451163
   -1.256637061   -1.319468915   19.967388398  -16.284636495  -35.274032909
   -1.193805208   -1.319468915   18.910685198  -11.288262078  -35.900359670
   -1.130973355   -1.319468915   20.527285931  -11.261158551  -36.044583971
   -1.068141502   -1.319468915   19.978491122  -16.698454025  -39.947905531
   -1.005309649   -1.319468915   19.360731506  -12.559227263  -36.933604095
   -0.942477796   -1.319468915   16.902614102  -10.891535613  -31.983015183
   -0.879645943   -1.319468915   17.522200577   -5.564415836  -31.480542097
   -0.816814090   -1.319468915   16.946552939   -0.791034658  -32.012978376
   -0.753982237   -1.319468915   19.817570406   -0.597283759  -34.723384415
   -0.691150384   -1.319468915   21.495596061    3.748350465  -34.439005463
   -0.628318531   -1.319468915   24.063636354    2.337029003  -32.784223882
   -0.565486678   -1.319468915   24.618021697    7.137589459  -30.738605841
   -0.502654825   -1.319468915   25.980270588    2.165346293  -30.413710670
   -0.439822972   -1.319468915   26.216541562    6.403856513  -27.993574155
   -0.376991118   -1.319468915   27.614764825    3.733658916  -26.009422966
   -0.314159265   -1.319468915   28.469426806    7.651025495  -24.382904355
   -0.251327412   -1.319468915   27.943522876    3.243511763  -25.147519390
   -0.188495559   -1.319468915   29.514268125    2.202271684  -23.615260104
   -0.125663706   -1.319468915   29.235349481    1.190362892  -22.793924472
   -0.062831853   -1.319468915   30.370716180   -4.482765474  -22.245627687
    0.000000000   -1.319468915   30.190483574   -1.846667589  -20.047632357
    0.062831853   -1.319468915   30.553897954   -2.944309754  -16.516670489
    0.125663706   -1.319468915   30.040561752   -0.863313884  -10.609342663
    0.188495559   -1.319468915   30.045320737    4.187778491   -3.619561698
    0.251327412   -1.319468915   30.641675459   11.508835963    3.422082375
    0.314159265   -1.319468915   29.662674543   13.781249720   13.240590659
    0.376991118   -1.319468915   29.516468814   14.450660499   18.654161930
    0.439822972   -1.319468915   29.136344618    7.479822549   12.628004862
    0.502654825   -1.319468915   31.285862097    2.688424801    4.925462805
    0.565486678   -1.319468915   29.195911712  -12.372942628   -0.671601562
    0.628318531   -1.319468915   26.838094235  -16.235174247   -2.105609009
    0.691150384   -1.319468915   25.339493531  -17.349188129   -4.071387647
    0.753982237   -1.319468915   23.667827358  -24.645917356   -4.897398010
    0.816814090   -1.319468915   22.342781704  -24.262312283  -11.552810731
    0.879645943   -1.319468915   22.113214103  -24.469528058   -9.931388541
    0.942477796   -1.319468915   20.295210364  -29.040973294  -14.667277322
    1.005309649   -1.319468915   18.709594492  -21.279512073  -17.657089981
    1.068141502   -1.319468915   18.995744831   -5.919329421  -13.707493389
    1.130973355   -1.319468915   17.706676167    6.431072633  -14.920681796
    1.193805208   -1.319468915   19.619614959   12.576936804  -15.001462192
    1.256637061   -1.319468915   23.554399457   20.320715699  -12.601306551
    1.319468915   -1.319468915   26.873991818   32.574117574  -14.925386448
    1.382300768   -1.319468915   29.705352254   37.346395880  -23.542066022
    1.445132621   -1.319468915   32.570296865   44.432754147  -22.315317170
    1.507964474   -1.319468915   35.271666034   39.869201985  -22.035269047
    1.570796327   -1.319468915   38.415733641   45.945814636  -20.348232608
    1.633628180   -1.319468915   44.574687175   52.905012811  -23.918826991
    1.696460033   -1.319468915   48.975824932   45.012102046  -20.641785145
    1.759291886   -1.319468915   51.471978476   37.696186694  -16.864879481
    1.822123739   -1.319468915   53.756856021   36.649886128  -16.685665309
    1.884955592   -1.319468915   54.800930224   37.182332494  -16.588141691
    1.947787445   -1.319468915   57.472650915   40.854784446  -16.369127596
    2.010619298   -1.319468915   63.092430200   43.497723989  -16.578386081
    2.073451151   -1.319468915   65.108779408   37.373365256  -20.194587241
    2.136283004   -1.319468915   67.558150401   28.932509589  -20.333407582
    2.199114858   -1.319468915   67.247264486   13.583034718  -22.065045499
    2.261946711   -1.319468915   64.916539721   -2.581536667  -19.601041446
    2.324778564   -1.319468915   65.560054516  -12.888729656  -18.512151422
    2.387610417   -1.319468915   65.304052426  -28.942774051  -15.672891059
    2.450442270   -1.319468915   63.530279536  -41.192012992  -14.490950667
    2.513274123   -1.319468915   63.060513134  -36.278049686  -11.880573450
    2.576105976   -1.319468915   63.461883881  -37.918072720  -19.975509870
    2.638937829   -1.319468915   58.654328480  -42.107608367  -16.820908466
    2.701769682   -1.319468915   55.258976804  -40.205976084  -15.829114163
    2.764601535   -1.319468915   53.497557912  -35.693735224  -15.034472180
    2.827433388   -1.319468915   49.470081516  -31.376926924  -10.148191458
    2.890265241   -1.319468915   47.672093070  -40.013414885  -13.079305136
    2.953097094   -1.319468915   43.994851191  -52.647790928  -15.189981844
    3.015928947   -1.319468915   41.475947093  -53.975692828  -10.672786778
    3.078760801   -1.319468915   39.212651035  -50.955025557   -9.258289638

   -3.141592654   -1.256637061   34.616678931  -47.403179360  -15.173170832
   -3.078760801   -1.256637061   32.033875704  -37.253291840  -14.782017699
   -3.015928947   -1.256637061   30.731685375  -37.635458478   -9.000667669
   -2.953097094   -1.256637061   30.364338856  -43.358303247  -12.004996711
   -2.890265241   -1.256637061   28.067685415  -37.896263390  -12.908128640
   -2.827433388   -1.256637061   25.716459531  -41.984707484  -17.403131788
   -2.764601535   -1.256637061   24.135121138  -44.830529782  -22.763277061
   -2.701769682   -1.256637061   19.898237014  -39.423743592  -26.011028003
   -2.638937829   -1.256637061   19.008309707  -27.836494729  -25.168540412
   -2.576105976   -1.256637061   20.318241352  -16.081050019  -23.865084071
   -2.513274123   -1.256637061   23.330040374  -10.829220113  -21.454476672
   -2.450442270   -1.256637061   24.324492104   -2.271040054  -22.461369470
   -2.387610417   -1.256637061   23.792050747   -4.996491759  -20.329780314
   -2.324778564   -1.256637061   23.525482490   -2.518936368  -19.626199117
   -2.261946711   -1.256637061   23.507218206  -13.354701547  -17.788107935
   -2.199114858   -1.256637061   24.958614778  -16.168910296  -18.601415873
   -2.136283004   -1.256637061   23.790035646  -16.225379261  -20.521334739
   -2.073451151   -1.256637061   22.668413087  -16.147728941  -22.752599223
   -2.010619298   -1.256637061   20.695186510  -16.408436325  -24.606090939
   -1.947787445   -1.256637061   20.532443360  -15.944913873  -29.674405215
   -1.884955592   -1.256637061   20.207480882  -11.465610559  -30.381621397
   -1.822123739   -1.256637061   18.085885794  -14.777549614  -35.852042826
   -1.759291886   -1.256637061   17.858479485   -9.071188648  -37.478563888
   -1.696460033   -1.256637061   17.400101269   -1.040727580  -40.638978858
   -1.633628180   -1.256637061   17.264450607    4.833530528  -39.018836483
   -1.570796327   -1.256637061   19.111526704    4.603116152  -39.010728624
   -1.507964474   -1.256637061   21.053150733    0.400894050  -40.588100905
   -1.445132621   -1.256637061   20.904563521   -0.884315418  -40.187338299
   -1.382300768   -1.256637061   20.686542476   -8.089634210  -41.954928371
   -1.319468915   -1.256637061   19.230486835  -16.323191030  -43.977397173
   -1.256637061   -1.256637061   19.602478534  -14.952276569  -43.430882322
   -1.193805208   -1.256637061   18.629400958   -9.981674230  -43.079311432
   -1.130973355   -1.256637061   20.324443840  -10.243074791  -42.439208206
   -1.068141502   -1.256637061   19.628270204  -13.819770406  -43.907166130
   -1.005309649   -1.256637061   19.182195135  -10.467755476  -40.581420307
   -0.942477796   -1.256637061   16.976685245  -10.157924391  -34.982779320
   -0.879645943   -1.256637061   17.551699965   -5.989534169  -33.567005427
   -0.816814090   -1.256637061   16.838013473   -3.248672449  -33.129520418
   -0.753982237   -1.256637061   19.436286183   -2.712657346  -34.434092135
   -0.691150384   -1.256637061   21.024731782    1.870106474  -32.681705331
   -0.628318531   -1.256637061   23.574943457    0.635583798  -29.889555570
   -0.565486678   -1.256637061   24.123950458    6.129416824  -27.117215990
   -0.502654825   -1.256637061   25.295873748    1.747234332  -28.195621424
   -0.439822972   -1.256637061   25.458494473    5.908732563  -27.470935554
   -0.376991118   -1.256637061   26.703042315    1.747825025  -28.507493178
   -0.314159265   -1.256637061   27.370007562    4.561391166  -29.847801626
   -0.251327412   -1.256637061   26.531100495   -0.703099161  -32.636364954
   -0.188495559   -1.256637061   27.987035791   -0.941138769  -31.514994089
   -0.125663706   -1.256637061   27.618777195   -0.393079432  -29.225474856
   -0.062831853   -1.256637061   28.714261476   -3.900562549  -25.877728403
    0.000000000   -1.256637061   28.657558599    0.392543639  -20.458125706
    0.062831853   -1.256637061   29.258713401    1.897635520  -13.390343808
    0.125663706   -1.256637061   29.149913518    6.172637847   -4.754619956
    0.188495559   -1.256637061   29.604423109   12.124349063    3.463349174
    0.251327412   -1.256637061   30.612579683   18.536621018    9.548061457
    0.314159265   -1.256637061   30.225615673   19.171482038   18.036173134
    0.376991118   -1.256637061   30.348866059   15.887238311   20.237599209
    0.439822972   -1.256637061   29.536828678    3.813862303   11.473375460
    0.502654825   -1.256637061   31.159240089   -2.145180154    1.344162577
    0.565486678   -1.256637061   28.784778281  -16.447738909   -3.689990969
    0.628318531   -1.256637061   26.422876347  -17.275939830   -3.798573879
    0.691150384   -1.256637061   24.894310364  -16.559667661   -4.352154181
    0.753982237   -1.256637061   23.241766916  -25.699750068   -4.529271475
    0.816814090   -1.256637061   21.558689551  -26.303433719  -10.351104730
    0.879645943   -1.256637061   21.509220785  -25.549830890   -7.735269018
    0.942477796   -1.256637061   19.503603174  -28.072274635  -10.012477259
    1.005309649   -1.256637061   17.841512061  -19.115416829  -10.325863136
    1.068141502   -1.256637061   18.423757441   -4.078941519   -5.536985172
    1.130973355   -1.256637061   17.068284557    6.384999025   -6.870918924
    1.193805208   -1.256637061   18.925476530   10.923594675   -8.571108170
    1.256637061   -1.256637061   22.929561412   15.944563386   -9.021074956
    1.319468915   -1.256637061   26.013295744   27.198902858  -14.004212412
    1.382300768   -1.256637061   28.303244207   33.449639385  -22.942292845
    1.445132621   -1.256637061   31.210867634   43.288829475  -23.553640270
    1.507964474   -1.256637061   33.944819599   40.231860489  -23.516523298
    1.570796327   -1.256637061   37.233592339   46.922943484  -21.548663169
    1.633628180   -1.256637061   43.246725577   55.191027402  -23.446568361
    1.696460033   -1.256637061   47.865544847   46.605790525  -20.023243118
    1.759291886   -1.256637061   50.606494307   38.879043894  -15.172065175
    1.822123739   -1.256637061   52.868128207   36.013061846  -13.859512393
    1.884955592   -1.256637061   53.821677725   35.145275680  -13.262722438
    1.947787445   -1.256637061   56.354665228   37.784673317  -12.984911869
    2.010619298   -1.256637061   61.723561273   39.603990195  -14.993436199
    2.073451151   -1.256637061   63.318946199   33.995604900  -18.544889207
    2.136283004   -1.256637061   65.530923821   26.622038060  -20.180477882
    2.199114858   -1.256637061   64.952553750   12.523991975  -22.321168320
    2.261946711   -1.256637061   62.707365177   -1.716970633  -19.106713245
    2.324778564   -1.256637061   63.388829227  -12.001038248  -18.222304408
    2.387610417   -1.256637061   63.350339350  -26.748179299  -15.053037594
    2.450442270   -1.256637061   61.733468755  -38.317509361  -13.550189471
    2.513274123   -1.256637061   61.571653974  -33.472012599   -9.657516279
    2.576105976   -1.256637061   61.578905120  -34.491570471  -17.559292426
    2.638937829   -1.256637061   57.113340800  -38.062875959  -13.367485275
    2.701769682   -1.256637061   53.888072962  -37.008267667  -11.805317689
    2.764601535   -1.256637061   52.220934660  -32.559107610  -11.881078861
    2.827433388   -1.256637061   48.521204098  -29.359153337   -7.575976602
    2.890265241   -1.256637061   46.516337226  -40.296839093  -11.586605877
    2.953097094   -1.256637061   42.665043742  -55.489764112  -15.026040655
    3.015928947   -1.256637061   40.384921846  -57.909158763  -11.072945086
    3.078760801   -1.256637061   38.123568750  -53.260231672  -11.313800156

   -3.141592654   -1.193805208   34.717552656  -48.521013719  -14.606750062
   -3.078760801   -1.193805208   32.101888626  -37.108092790  -13.733952060
   -3.015928947   -1.193805208   31.128174714  -37.090258563   -7.255652471
   -2.953097094   -1.193805208   30.543353423  -44.251350023   -9.828258073
   -2.890265241   -1.193805208   28.195153476  -39.379771702   -9.720463149
   -2.827433388   -1.193805208   25.549564488  -43.253249472  -14.144644319
   -2.764601535   -1.193805208   23.670381940  -44.031983034  -17.910334282
   -2.701769682   -1.193805208   19.280489676  -38.983618139  -19.234137884
   -2.638937829   -1.193805208   18.480555256  -27.891126211  -16.940226911
   -2.576105976   -1.193805208   19.843202081  -16.091584110  -15.782619247
   -2.513274123   -1.193805208   22.952909998  -10.486533800  -13.838600297
   -2.450442270   -1.193805208   23.814539485   -1.862311650  -15.424459846
   -2.387610417   -1.193805208   23.348084651   -5.694925965  -13.490461500
   -2.324778564   -1.193805208   23.048851848   -3.236861649  -12.922173434
   -2.261946711   -1.193805208   23.068365508  -14.085445098  -11.246288693
   -2.199114858   -1.193805208   24.423403240  -16.906768055  -12.067013286
   -2.136283004   -1.193805208   23.110695589  -18.207653832  -13.125635692
   -2.073451151   -1.193805208   21.866394242  -19.213906118  -13.837306233
   -2.010619298   -1.193805208   19.812513070  -19.880930244  -14.611350531
   -1.947787445   -1.193805208   19.394218550  -18.411086730  -18.802548195
   -1.884955592   -1.193805208   19.138677995  -14.125611540  -18.511588223
   -1.822123739   -1.193805208   16.802332391  -16.376590242  -23.234414614
   -1.759291886   -1.193805208   16.561092141   -9.450115991  -26.781988651
   -1.696460033   -1.193805208   15.973682852   -1.328663989  -32.897275096
   -1.633628180   -1.193805208   16.006247085    5.064694367  -35.475749983
   -1.570796327   -1.193805208   17.928461761    4.615097839  -39.425041291
   -1.507964474   -1.193805208   19.854958548    0.846588545  -44.689130835
   -1.445132621   -1.193805208   19.856532494   -1.132167686  -46.301101947
   -1.382300768   -1.193805208   19.615740667   -8.197475898  -50.430872082
   -1.319468915   -1.193805208   18.118555288  -15.766042878  -53.383355530
   -1.256637061   -1.193805208   18.536208634  -14.878811082  -54.592712810
   -1.193805208   -1.193805208   17.540828811  -10.736049175  -55.880348215
   -1.130973355   -1.193805208   19.165518742  -11.653332025  -56.839723035
   -1.068141502   -1.193805208   18.243767942  -13.987479891  -58.923166017
   -1.005309649   -1.193805208   17.773704747  -11.320679452  -57.329312173
   -0.942477796   -1.193805208   15.686292660  -11.690780751  -52.427482651
   -0.879645943   -1.193805208   16.098138081   -8.117121920  -51.136132085
   -0.816814090   -1.193805208   15.214170919   -5.645525090  -49.241055479
   -0.753982237   -1.193805208   17.564548057   -3.778193029  -47.998316245
   -0.691150384   -1.193805208   19.151339054    2.030603019  -43.468921888
   -0.628318531   -1.193805208   21.781118943    0.846335302  -38.630760414
   -0.565486678   -1.193805208   22.450414992    6.637139483  -33.644030737
   -0.502654825   -1.193805208   23.468132822    2.219509117  -34.561134684
   -0.439822972   -1.193805208   23.591946922    5.322233027  -34.497068326
   -0.376991118   -1.193805208   24.715247845    0.551364089  -35.790109159
   -0.314159265   -1.193805208   25.276018381    3.190189088  -36.635469872
   -0.251327412   -1.193805208   24.292343190   -0.775775014  -37.519008037
   -0.188495559   -1.193805208   25.897005899    1.213922044  -33.885551739
   -0.125663706   -1.193805208   25.816483245    4.522110959  -28.165451830
   -0.062831853   -1.193805208   27.253538834    2.995624530  -22.787648117
    0.000000000   -1.193805208   27.719207284    8.902990913  -15.046761542
    0.062831853   -1.193805208   28.935700772   12.170927924   -7.223440448
    0.125663706   -1.193805208   29.519854439   17.249842775    0.642283780
    0.188495559   -1.193805208   30.628240426   22.113233950    6.560920397
    0.251327412   -1.193805208   32.135209354   26.495998126    9.295688234
    0.314159265   -1.193805208   32.358867070   23.736017432   13.220446054
    0.376991118   -1.193805208   32.737436061   16.943686888   11.689024991
    0.439822972   -1.193805208   31.494345721    0.351566916    0.194060856
    0.502654825   -1.193805208   32.608188631   -5.748742767  -11.790420241
    0.565486678   -1.193805208   30.071591204  -18.878136070  -16.447224684
    0.628318531   -1.193805208   27.837890342  -17.041755181  -15.544315493
    0.691150384   -1.193805208   26.347844808  -16.020745059  -15.365027424
    0.753982237   -1.193805208   24.705445053  -26.955194222  -14.578524758
    0.816814090   -1.193805208   22.653324961  -28.037705915  -18.806703124
    0.879645943   -1.193805208   22.725661764  -26.026329949  -14.662738600
    0.942477796   -1.193805208   20.548644768  -26.893540504  -14.119203347
    1.005309649   -1.193805208   18.816684830  -17.975427581  -11.775018612
    1.068141502   -1.193805208   19.569728894   -4.541178099   -6.928991259
    1.130973355   -1.193805208   17.998496605    3.309489764   -8.270929738
    1.193805208   -1.193805208   19.603630273    6.040042764  -11.010136711
    1.256637061   -1.193805208   23.451242412    9.559420066  -12.613067867
    1.319468915   -1.193805208   26.152452923   20.790696538  -18.115937870
    1.382300768   -1.193805208   27.930961048   29.968577925  -24.974410286
    1.445132621   -1.193805208   30.815613554   42.968694586  -25.919433412
    1.507964474   -1.193805208   33.651042072   42.441248354  -24.707556329
    1.570796327   -1.193805208   37.174191843   50.010858957  -22.253952538
    1.633628180   -1.193805208   43.241268450   59.377800178  -21.792067668
    1.696460033   -1.193805208   48.172422357   50.089664400  -18.582774117
    1.759291886   -1.193805208   51.354569126   42.495937463  -12.501737204
    1.822123739   -1.193805208   53.804217692   38.095217808  -10.377901482
    1.884955592   -1.193805208   54.870068480   35.927039584   -9.509184033
    1.947787445   -1.193805208   57.435681386   37.255745376   -9.663722002
    2.010619298   -1.193805208   62.649259199   37.942693032  -13.189382327
    2.073451151   -1.193805208   64.017984615   32.590883895  -16.606018078
    2.136283004   -1.193805208   66.067249376   25.381294943  -19.338942359
    2.199114858   -1.193805208   65.313624221   11.822699809  -21.609737549
    2.261946711   -1.193805208   63.227266844   -0.961453557  -18.242459597
    2.324778564   -1.193805208   63.911617114  -11.508139324  -17.239300306
    2.387610417   -1.193805208   64.018019452  -25.449364953  -14.080471136
    2.450442270   -1.193805208   62.436326667  -36.221113548  -12.592377619
    2.513274123   -1.193805208   62.508804748  -31.705207561   -7.934206372
    2.576105976   -1.193805208   61.986606078  -32.609143995  -15.577703881
    2.638937829   -1.193805208   57.777682596  -35.596477591  -10.763448254
    2.701769682   -1.193805208   54.627315423  -35.725576240   -9.229210377
    2.764601535   -1.193805208   52.908472694  -31.617422747   -9.890223302
    2.827433388   -1.193805208   49.427826855  -29.557910625   -6.395374007
    2.890265241   -1.193805208   47.117896930  -42.377562516  -10.724034027
    2.953097094   -1.193805208   42.973287559  -59.572971984  -14.833132970
    3.015928947   -1.193805208   40.874517920  -62.692736508  -10.842944510
    3.078760801   -1.193805208   38.507468005  -55.931331514  -11.737473757

   -3.141592654   -1.130973355   31.214086989  -47.317207808  -17.756329490
   -3.078760801   -1.130973355   28.697671198  -34.538736947  -16.128693103
   -3.015928947   -1.130973355   28.187216836  -34.450348382   -9.395210936
   -2.953097094   -1.130973355   27.526926247  -43.236058233  -11.077367331
   -2.890265241   -1.130973355   25.298769121  -38.844861751   -9.634510934
   -2.827433388   -1.130973355   22.523783834  -41.736519703  -12.046194891
   -2.764601535   -1.130973355   20.558808706  -40.323196321  -13.794594019
   -2.701769682   -1.130973355   16.233589280  -35.756788876  -13.062863907
   -2.638937829   -1.130973355   15.697966631  -25.750769352   -9.378639008
   -2.576105976   -1.130973355   17.171188170  -14.769469796   -8.642228633
   -2.513274123   -1.130973355   20.414336058   -9.768736521   -7.640922973
   -2.450442270   -1.130973355   21.124413081   -1.813624888  -11.233780921
   -2.387610417   -1.130973355   20.722283509   -6.845272924  -10.656233100
   -2.324778564   -1.130973355   20.396610695   -3.929767550  -10.949669002
   -2.261946711   -1.130973355   20.419207261  -14.697730449  -10.843763111
   -2.199114858   -1.130973355   21.639038518  -17.248515823  -12.379103852
   -2.136283004   -1.130973355   20.222038904  -19.203769532  -13.062085581
   -2.073451151   -1.130973355   18.955779730  -20.844487332  -12.082319547
   -2.010619298   -1.130973355   16.914555453  -21.703276576  -11.061931662
   -1.947787445   -1.130973355   16.326511606  -19.387441967  -13.846905428
   -1.884955592   -1.130973355   16.267618861  -15.557980578  -11.143479054
   -1.822123739   -1.130973355   13.851177508  -17.484009303  -13.554778932
   -1.759291886   -1.130973355   13.574667066  -10.411620093  -17.262792581
   -1.696460033   -1.130973355   12.798497501   -3.108208016  -23.996783417
   -1.633628180   -1.130973355   12.851274744    3.648721835  -28.470861759
   -1.570796327   -1.130973355   14.756171227    3.657300072  -33.561303188
   -1.507964474   -1.130973355   16.579704478    0.954469799  -40.305876972
   -1.445132621   -1.130973355   16.766571050   -0.654385289  -42.115483768
   -1.382300768   -1.130973355   16.575742290   -6.487023804  -46.269456713
   -1.319468915   -1.130973355   15.208393173  -12.860656992  -48.921516494
   -1.256637061   -1.130973355   15.849428124  -11.394879322  -50.489747138
   -1.193805208   -1.130973355   15.055461975   -7.880468896  -52.365982080
   -1.130973355   -1.130973355   16.843697995   -9.192072666  -54.711802213
   -1.068141502   -1.130973355   16.004969153  -10.341766086  -57.818875736
   -1.005309649   -1.130973355   15.765174593   -7.842453879  -58.261432027
   -0.942477796   -1.130973355   14.061575792   -9.158603505  -55.081371877
   -0.879645943   -1.130973355   14.590329137   -5.722947306  -54.388338442
   -0.816814090   -1.130973355   13.836771816   -3.560024732  -51.773891634
   -0.753982237   -1.130973355   16.206278864   -1.316372215  -49.469075396
   -0.691150384   -1.130973355   17.912029649    3.519063223  -44.681696267
   -0.628318531   -1.130973355   20.609989278   -0.032298246  -40.431222344
   -0.565486678   -1.130973355   21.244263901    2.814650691  -37.101645705
   -0.502654825   -1.130973355   21.793637791   -3.157499168  -40.131720614
   -0.439822972   -1.130973355   21.489565135   -1.561084457  -42.096058509
   -0.376991118   -1.130973355   22.115078927   -6.198458429  -44.247790645
   -0.314159265   -1.130973355   22.310116648   -1.311331171  -43.452835940
   -0.251327412   -1.130973355   21.047462215   -2.193477068  -41.382954082
   -0.188495559   -1.130973355   22.729179495    3.155216598  -34.770162783
   -0.125663706   -1.130973355   22.936965949    9.308177460  -25.888378487
   -0.062831853   -1.130973355   24.687914752    9.948267704  -18.530781876
    0.000000000   -1.130973355   25.667863696   16.840922214   -9.299517039
    0.062831853   -1.130973355   27.430509479   20.711229306   -0.830381320
    0.125663706   -1.130973355   28.559094534   25.169036303    6.328927952
    0.188495559   -1.130973355   30.089216159   28.124402935   10.854117227
    0.251327412   -1.130973355   31.808575559   28.881406592   11.018018693
    0.314159265   -1.130973355   32.297468641   22.922773124   12.038309878
    0.376991118   -1.130973355   32.613802000   13.249017233    8.463182713
    0.439822972   -1.130973355   30.725607510   -6.312333990   -3.454580009
    0.502654825   -1.130973355   31.154817181  -11.199164993  -15.685582160
    0.565486678   -1.130973355   28.411646379  -22.029414138  -19.612303056
    0.628318531   -1.130973355   26.285156852  -17.514476537  -18.631211248
    0.691150384   -1.130973355   24.833313932  -15.430361948  -18.675853775
    0.753982237   -1.130973355   23.270618589  -26.160491193  -17.928402091
    0.816814090   -1.130973355   21.022060841  -25.747304400  -21.091670310
    0.879645943   -1.130973355   21.399280848  -21.736451513  -17.290981228
    0.942477796   -1.130973355   19.363294330  -20.759268321  -15.314805460
    1.005309649   -1.130973355   17.867315114  -13.050392353  -12.720862451
    1.068141502   -1.130973355   18.959900629   -2.420965835   -9.359566239
    1.130973355   -1.130973355   17.358130393    2.259841919  -11.001336645
    1.193805208   -1.130973355   18.840377928    3.473865570  -14.007596094
    1.256637061   -1.130973355   22.627039597    5.451628613  -15.518648972
    1.319468915   -1.130973355   25.032849338   16.533904442  -19.918287256
    1.382300768   -1.130973355   26.452345030   27.383408134  -24.185415170
    1.445132621   -1.130973355   29.256799857   42.535604431  -24.859247360
    1.507964474   -1.130973355   32.141106006   43.205522068  -22.922313872
    1.570796327   -1.130973355   35.726838901   50.709093109  -21.315083955
    1.633628180   -1.130973355   41.771635249   60.398413898  -19.933523878
    1.696460033   -1.130973355   46.779205816   50.426503531  -17.863878314
    1.759291886   -1.130973355   50.239515337   42.278820662  -11.706252811
    1.822123739   -1.130973355   52.721292941   37.122388677   -9.533979027
    1.884955592   -1.130973355   53.718998779   33.822968139   -8.645151066
    1.947787445   -1.130973355   56.134458821   33.708960912   -9.198700919
    2.010619298   -1.130973355   60.948567947   33.563296980  -14.256987215
    2.073451151   -1.130973355   61.990031533   28.613979021  -17.126873162
    2.136283004   -1.130973355   63.707921404   22.057627178  -20.795950205
    2.199114858   -1.130973355   62.696668931    9.340611819  -22.649285240
    2.261946711   -1.130973355   60.723905883   -1.267105025  -18.910506775
    2.324778564   -1.130973355   61.354484403  -11.690080774  -18.214435016
    2.387610417   -1.130973355   61.553369668  -24.362664854  -15.306003997
    2.450442270   -1.130973355   59.949944251  -34.073833408  -14.494430358
    2.513274123   -1.130973355   60.209259867  -30.304366975  -10.326704627
    2.576105976   -1.130973355   59.114809892  -31.442112005  -17.977231708
    2.638937829   -1.130973355   55.096089772  -34.727872702  -13.509910849
    2.701769682   -1.130973355   51.930534133  -36.350587932  -12.555656503
    2.764601535   -1.130973355   50.037294353  -32.762511485  -14.270788820
    2.827433388   -1.130973355   46.653647829  -31.729044229  -11.710874469
    2.890265241   -1.130973355   43.983134159  -45.530812241  -15.824570057
    2.953097094   -1.130973355   39.502395176  -63.468417788  -19.960497904
    3.015928947   -1.130973355   37.608137089  -66.299388374  -15.537611957
    3.078760801   -1.130973355   35.144949540  -56.917551296  -16.455150503

   -3.141592654   -1.068141502   29.308050124  -43.140755332  -14.921706030
   -3.078760801   -1.068141502   27.051561988  -29.189517845  -13.750061991
   -3.015928947   -1.068141502   27.120406806  -29.442263224   -8.446699127
   -2.953097094   -1.068141502   26.538014939  -40.013616977  -10.583835620
   -2.890265241   -1.068141502   24.614455483  -36.252211530   -8.445956643
   -2.827433388   -1.068141502   21.856263430  -39.079527308  -10.098772106
   -2.764601535   -1.068141502   19.879766690  -36.692291575  -11.254738751
   -2.701769682   -1.068141502   15.620374920  -33.798757277  -10.095630924
   -2.638937829   -1.068141502   15.213402611  -26.845360852   -7.007016028
   -2.576105976   -1.068141502   16.525692104  -17.596865114   -8.493766100
   -2.513274123   -1.068141502   19.584769560  -14.196215727  -10.075646431
   -2.450442270   -1.068141502   19.819136408   -6.549840887  -16.303791662
   -2.387610417   -1.068141502   19.252109638  -10.579033964  -17.790682673
   -2.324778564   -1.068141502   18.785246084   -5.798945418  -19.282120170
   -2.261946711   -1.068141502   18.760338240  -14.508215137  -20.352269023
   -2.199114858   -1.068141502   19.888831891  -15.000055179  -22.543378418
   -2.136283004   -1.068141502   18.558255517  -16.586118530  -22.007404486
   -2.073451151   -1.068141502   17.553375570  -18.196526167  -19.089270657
   -2.010619298   -1.068141502   15.800373859  -18.920135400  -16.474454347
   -1.947787445   -1.068141502   15.304284502  -16.182166648  -17.261312203
   -1.884955592   -1.068141502   15.704836387  -14.224501870  -12.206451733
   -1.822123739   -1.068141502   13.391021370  -17.850119272  -12.659747088
   -1.759291886   -1.068141502   13.056810755  -12.358309638  -15.538957343
   -1.696460033   -1.068141502   11.974440678   -7.437951179  -21.586587954
   -1.633628180   -1.068141502   11.818193498   -1.178249632  -25.825535969
   -1.570796327   -1.068141502   13.475161606   -1.095875360  -30.059565307
   -1.507964474   -1.068141502   14.944881360   -2.628959643  -36.161316166
   -1.445132621   -1.068141502   15.120202318   -3.505546045  -36.438429143
   -1.382300768   -1.068141502   14.764562543   -8.477684179  -39.239305326
   -1.319468915   -1.068141502   13.328003985  -13.658202688  -40.023586000
   -1.256637061   -1.068141502   13.903660109  -12.384003795  -41.014959725
   -1.193805208   -1.068141502   13.022170031   -9.776876549  -41.990166737
   -1.130973355   -1.068141502   14.659834925  -11.951313544  -44.816772957
   -1.068141502   -1.068141502   13.630187479  -11.298442111  -48.366921574
   -1.005309649   -1.068141502   13.356948510   -8.150483068  -50.340020181
   -0.942477796   -1.068141502   11.883897680   -7.753865050  -48.133316000
   -0.879645943   -1.068141502   12.548028620   -2.009042788  -47.081062668
   -0.816814090   -1.068141502   12.109586309    2.100051325  -43.191751956
   -0.753982237   -1.068141502   14.762273731    6.021777593  -40.136057026
   -0.691150384   -1.068141502   16.873247964   10.203663720  -35.831620588
   -0.628318531   -1.068141502   19.898703445    3.819010069  -33.240090851
   -0.565486678   -1.068141502   20.792412064    3.707066556  -31.700652575
   -0.502654825   -1.068141502   21.213913937   -3.590200144  -35.470383937
   -0.439822972   -1.068141502   20.848965025   -2.032222097  -37.420378501
   -0.376991118   -1.068141502   21.452989438   -4.593222484  -37.499546013
   -0.314159265   -1.068141502   21.840367891    3.460773154  -33.543533213
   -0.251327412   -1.068141502   20.844339568    4.514132357  -28.228438822
   -0.188495559   -1.068141502   23.041415360   11.571865703  -19.438315127
   -0.125663706   -1.068141502   23.863783705   17.878504854   -9.647307249
   -0.062831853   -1.068141502   26.056373722   18.246926797   -3.039726004
    0.000000000   -1.068141502   27.576015595   24.252005651    5.111867450
    0.062831853   -1.068141502   29.817589770   27.221278994   12.065642873
    0.125663706   -1.068141502   31.304187995   29.554817673   16.961745935
    0.188495559   -1.068141502   33.009695323   29.110466369   18.611497294
    0.251327412   -1.068141502   34.614998602   26.325366643   16.171225832
    0.314159265   -1.068141502   35.064536783   17.714288487   15.131655636
    0.376991118   -1.068141502   35.066981153    5.777274168   10.122475750
    0.439822972   -1.068141502   32.403650642  -15.142454054   -0.831530752
    0.502654825   -1.068141502   32.048200393  -18.009867950  -11.721791163
    0.565486678   -1.068141502   29.038564736  -26.618655500  -14.380839343
    0.628318531   -1.068141502   26.908117371  -20.379192951  -13.269272266
    0.691150384   -1.068141502   25.366508335  -17.451931804  -13.526126019
    0.753982237   -1.068141502   23.756473739  -27.223569956  -13.034995077
    0.816814090   -1.068141502   21.218486192  -25.134097048  -15.861903341
    0.879645943   -1.068141502   21.686971889  -19.402633455  -13.523858755
    0.942477796   -1.068141502   19.634464981  -18.583077285  -12.444051636
    1.005309649   -1.068141502   18.140391628  -12.810846152  -11.119288685
    1.068141502   -1.068141502   19.248572988   -4.768085381   -9.813398947
    1.130973355   -1.068141502   17.416760361   -2.158344197  -11.307499689
    1.193805208   -1.068141502   18.586876741   -1.133735416  -13.607552145
    1.256637061   -1.068141502   22.177899444    1.008022802  -13.632313096
    1.319468915   -1.068141502   24.226412903   12.121624692  -15.637994084
    1.382300768   -1.068141502   25.345257056   24.922303982  -15.949073959
    1.445132621   -1.068141502   27.972423814   41.408821759  -15.726974222
    1.507964474   -1.068141502   30.825630765   42.309439587  -13.237128286
    1.570796327   -1.068141502   34.304440883   49.469884566  -12.841739765
    1.633628180   -1.068141502   40.273186271   59.166778470  -11.516142412
    1.696460033   -1.068141502   45.197900251   49.108099334  -11.609111142
    1.759291886   -1.068141502   48.903345052   41.184423595   -6.172030692
    1.822123739   -1.068141502   51.423986016   35.977756000   -4.522950765
    1.884955592   -1.068141502   52.405919869   32.569302512   -4.489031473
    1.947787445   -1.068141502   54.757404051   31.796651344   -5.812134357
    2.010619298   -1.068141502   59.251384014   31.552124847  -12.294622781
    2.073451151   -1.068141502   60.184786272   27.379227840  -14.749021743
    2.136283004   -1.068141502   61.734286864   21.612651307  -19.132683649
    2.199114858   -1.068141502   60.702375786    9.638210941  -20.636559144
    2.261946711   -1.068141502   59.023928590    0.616518931  -17.409520421
    2.324778564   -1.068141502   59.709859980  -10.008860016  -17.744972997
    2.387610417   -1.068141502   60.075605999  -21.952150139  -15.922757708
    2.450442270   -1.068141502   58.448957328  -31.595323707  -16.435555191
    2.513274123   -1.068141502   58.865870035  -29.233048541  -13.801323318
    2.576105976   -1.068141502   57.203727041  -31.062473591  -21.121745620
    2.638937829   -1.068141502   53.333327259  -34.719618639  -17.284577073
    2.701769682   -1.068141502   50.113786877  -37.650741047  -16.487351267
    2.764601535   -1.068141502   48.007524705  -34.400925544  -18.266339460
    2.827433388   -1.068141502   44.729550252  -33.336781757  -15.086898932
    2.890265241   -1.068141502   41.815299284  -47.263980453  -17.214891865
    2.953097094   -1.068141502   37.121835841  -64.695632451  -19.665452831
    3.015928947   -1.068141502   35.584983211  -66.856034969  -13.938254539
    3.078760801   -1.068141502   33.151147389  -54.807420998  -14.814344551

   -3.141592654   -1.005309649   27.134563406  -43.023374271  -20.437917029
   -3.078760801   -1.005309649   24.837955480  -27.834706536  -22.893353004
   -3.015928947   -1.005309649   25.244124095  -26.340212975  -20.940490235
   -2.953097094   -1.005309649   24.713215924  -35.815430865  -24.212538792
   -2.890265241   -1.005309649   23.277624566  -30.693044172  -20.511754440
   -2.827433388   -1.005309649   20.843541422  -31.594907845  -19.435546623
   -2.764601535   -1.005309649   19.213805394  -27.801239155  -17.720712570
   -2.701769682   -1.005309649   15.379657284  -26.734469242  -13.600187100
   -2.638937829   -1.005309649   15.402792360  -23.712521798   -8.789405187
   -2.576105976   -1.005309649   16.730988185  -17.087295339  -10.048934957
   -2.513274123   -1.005309649   19.748242886  -16.043537760  -11.586993048
   -2.450442270   -1.005309649   19.623757586   -9.521224450  -17.771414613
   -2.387610417   -1.005309649   18.985994064  -12.985515262  -19.543378535
   -2.324778564   -1.005309649   18.471089784   -6.447524502  -20.713043770
   -2.261946711   -1.005309649   18.419321696  -13.415784951  -21.865123483
   -2.199114858   -1.005309649   19.458413753  -12.444543654  -23.836801325
   -2.136283004   -1.005309649   18.221435708  -14.080468112  -22.408245065
   -2.073451151   -1.005309649   17.458446814  -16.367771149  -18.257743831
   -2.010619298   -1.005309649   15.920487106  -17.310707464  -14.653360915
   -1.947787445   -1.005309649   15.415128612  -14.910003459  -14.572212182
   -1.884955592   -1.005309649   16.162823388  -15.479109547   -8.441873163
   -1.822123739   -1.005309649   13.860388042  -20.445090863   -7.385221773
   -1.759291886   -1.005309649   13.339715502  -15.859256672   -9.934022791
   -1.696460033   -1.005309649   11.909412861  -12.247243757  -14.372348530
   -1.633628180   -1.005309649   11.496958431   -5.795896170  -17.868036998
   -1.570796327   -1.005309649   12.909480499   -5.534136498  -21.226295492
   -1.507964474   -1.005309649   14.022911149   -5.674923633  -26.795318687
   -1.445132621   -1.005309649   14.226588976   -5.868698263  -26.680056366
   -1.382300768   -1.005309649   13.770499007   -9.234994631  -28.800820876
   -1.319468915   -1.005309649   12.383371541  -12.783410003  -28.864060087
   -1.256637061   -1.005309649   12.996913180  -11.255721650  -30.192057848
   -1.193805208   -1.005309649   12.184563123   -9.880403731  -31.375906206
   -1.130973355   -1.005309649   13.758554398  -13.192545218  -35.298968726
   -1.068141502   -1.005309649   12.612769728  -12.042824610  -40.439370774
   -1.005309649   -1.005309649   12.314286126   -8.411927794  -43.771317307
   -0.942477796   -1.005309649   11.092106332   -6.197449600  -42.047147741
   -0.879645943   -1.005309649   11.904676731    1.294537747  -41.057204254
   -0.816814090   -1.005309649   11.733342522    6.172834747  -37.047730173
   -0.753982237   -1.005309649   14.537077351    9.956455871  -33.952522635
   -0.691150384   -1.005309649   16.757725408   11.573641509  -31.078342761
   -0.628318531   -1.005309649   19.692283405    0.848029612  -30.539380072
   -0.565486678   -1.005309649   20.430147019   -1.952070132  -29.274447021
   -0.502654825   -1.005309649   20.390888271   -9.362396719  -31.330278623
   -0.439822972   -1.005309649   19.716316896   -5.614540309  -30.327844735
   -0.376991118   -1.005309649   20.188899817   -3.946632796  -26.386859690
   -0.314159265   -1.005309649   20.733397738    7.981009849  -18.439760863
   -0.251327412   -1.005309649   20.019307396   11.358593442  -10.043698982
   -0.188495559   -1.005309649   22.700182477   19.437923021   -0.409954948
   -0.125663706   -1.005309649   24.079162301   25.390325571    8.500552376
   -0.062831853   -1.005309649   26.635831578   25.760545357   13.340202803
    0.000000000   -1.005309649   28.645482008   30.904235525   19.282974659
    0.062831853   -1.005309649   31.313556987   32.832712916   23.665465529
    0.125663706   -1.005309649   33.098924227   32.922996169   25.357135484
    0.188495559   -1.005309649   34.913989842   29.305148614   23.952996375
    0.251327412   -1.005309649   36.397983510   23.597236469   19.334483638
    0.314159265   -1.005309649   36.814869047   13.315548254   16.274597827
    0.376991118   -1.005309649   36.589472101    0.392477774   10.974912445
    0.439822972   -1.005309649   33.388118059  -20.500376373    2.303371750
    0.502654825   -1.005309649   32.484437898  -21.449858090   -6.571628998
    0.565486678   -1.005309649   29.415141020  -28.441298502   -8.102379690
    0.628318531   -1.005309649   27.429125727  -21.397497187   -7.048898723
    0.691150384   -1.005309649   25.936686819  -17.450666522   -7.994128653
    0.753982237   -1.005309649   24.428298236  -25.273038123   -8.795755873
    0.816814090   -1.005309649   21.806945640  -21.533471859  -12.841948454
    0.879645943   -1.005309649   22.465073034  -14.699481596  -14.332214784
    0.942477796   -1.005309649   20.561988928  -14.320430213  -16.336287743
    1.005309649   -1.005309649   19.214484929  -10.448392437  -18.576840489
    1.068141502   -1.005309649   20.439716015   -4.707828320  -20.986232203
    1.130973355   -1.005309649   18.606915590   -3.130885435  -22.851218146
    1.193805208   -1.005309649   19.672165571   -1.775655263  -25.336099875
    1.256637061   -1.005309649   23.243645806    0.319444164  -24.764649252
    1.319468915   -1.005309649   25.108808426   10.636568394  -24.703293221
    1.382300768   -1.005309649   26.109107877   23.733666709  -22.335445976
    1.445132621   -1.005309649   28.514620870   39.384307150  -21.670098321
    1.507964474   -1.005309649   31.243413535   39.274660470  -19.414377109
    1.570796327   -1.005309649   34.431663433   45.960271209  -19.981618687
    1.633628180   -1.005309649   40.210134612   55.027824105  -19.019431044
    1.696460033   -1.005309649   44.856561369   45.807154658  -20.483647289
    1.759291886   -1.005309649   48.726431454   38.508746613  -15.078785320
    1.822123739   -1.005309649   51.230291388   33.901803036  -13.122907233
    1.884955592   -1.005309649   52.141539601   30.386246981  -12.472970941
    1.947787445   -1.005309649   54.381978694   28.915301025  -12.885830312
    2.010619298   -1.005309649   58.462589487   28.721997366  -18.183920055
    2.073451151   -1.005309649   59.285944531   24.911701203  -18.247174896
    2.136283004   -1.005309649   60.571274818   19.594436945  -21.109615688
    2.199114858   -1.005309649   59.446192551    7.902161506  -20.916832936
    2.261946711   -1.005309649   57.933975352   -0.002673951  -17.199091592
    2.324778564   -1.005309649   58.536267542  -10.365097538  -17.100427638
    2.387610417   -1.005309649   58.924405662  -21.195914757  -15.628039082
    2.450442270   -1.005309649   57.163476283  -30.243668523  -16.909461548
    2.513274123   -1.005309649   57.637827598  -28.455235359  -15.391088736
    2.576105976   -1.005309649   55.463559311  -30.725155059  -22.130863813
    2.638937829   -1.005309649   51.763721128  -34.360385530  -18.787645636
    2.701769682   -1.005309649   48.535661071  -38.268192135  -18.177335806
    2.764601535   -1.005309649   46.273668009  -35.210900956  -19.716286426
    2.827433388   -1.005309649   43.137859502  -34.730884361  -16.535700377
    2.890265241   -1.005309649   40.049359507  -49.154617147  -17.482465408
    2.953097094   -1.005309649   35.108407970  -67.090752445  -19.801898227
    3.015928947   -1.005309649   33.782083324  -69.962684889  -15.150667289
    3.078760801   -1.005309649   31.106592920  -56.571969968  -18.477008672

   -3.141592654   -0.942477796   28.199018536  -46.221284499  -15.023866361
   -3.078760801   -0.942477796   25.566164592  -31.620269817  -18.734642284
   -3.015928947   -0.942477796   25.839561130  -30.595848830  -19.053786841
   -2.953097094   -0.942477796   24.893080756  -39.549098335  -22.533228659
   -2.890265241   -0.942477796   23.486236691  -33.675140397  -18.273519809
   -2.827433388   -0.942477796   20.875773845  -33.024720170  -17.480844295
   -2.764601535   -0.942477796   19.102391146  -27.046666740  -16.323155328
   -2.701769682   -0.942477796   15.256366404  -26.621585796  -13.394290555
   -2.638937829   -0.942477796   15.316598990  -26.252696055   -9.904075122
   -2.576105976   -0.942477796   16.296353717  -20.883572650  -13.004322293
   -2.513274123   -0.942477796   18.984196296  -21.646865364  -15.433062955
   -2.450442270   -0.942477796   18.284907168  -15.775552368  -21.717803158
   -2.387610417   -0.942477796   17.358356003  -18.009248738  -23.771424210
   -2.324778564   -0.942477796   16.635128765   -9.603680717  -24.456142775
   -2.261946711   -0.942477796   16.358362397  -14.885065339  -26.033390203
   -2.199114858   -0.942477796   17.137897830  -12.029379104  -27.960930356
   -2.136283004   -0.942477796   15.881411858  -13.149857276  -25.924407056
   -2.073451151   -0.942477796   15.277368319  -15.793694463  -21.506253387
   -2.010619298   -0.942477796   13.873012094  -16.433626048  -18.244065577
   -1.947787445   -0.942477796   13.302893952  -14.429441975  -18.680180093
   -1.884955592   -0.942477796   14.397532615  -16.765136415  -13.217848904
   -1.822123739   -0.942477796   12.206083856  -21.939656425  -11.707526575
   -1.759291886   -0.942477796   11.623771344  -16.150051244  -13.827773216
   -1.696460033   -0.942477796   10.097285813  -12.863148187  -17.013249884
   -1.633628180   -0.942477796    9.675883698   -5.894815147  -20.185066884
   -1.570796327   -0.942477796   11.139806985   -5.223020483  -23.062202477
   -1.507964474   -0.942477796   12.184973870   -4.098149146  -28.602017062
   -1.445132621   -0.942477796   12.708627210   -3.753684988  -28.362444859
   -1.382300768   -0.942477796   12.437227107   -6.076719518  -30.161546911
   -1.319468915   -0.942477796   11.351580607   -8.678568304  -29.808499536
   -1.256637061   -0.942477796   12.143699090   -7.962311771  -31.212094019
   -1.193805208   -0.942477796   11.507677607   -9.307706161  -31.605955713
   -1.130973355   -0.942477796   13.031076899  -14.617366322  -35.242007886
   -1.068141502   -0.942477796   11.728810545  -13.724535479  -39.550144825
   -1.005309649   -0.942477796   11.366969850   -9.094149001  -41.818087687
   -0.942477796   -0.942477796   10.361808663   -4.928348610  -39.513184503
   -0.879645943   -0.942477796   11.333375778    4.732476488  -37.951556802
   -0.816814090   -0.942477796   11.474866428   10.956937971  -34.218053714
   -0.753982237   -0.942477796   14.488389401   14.565397733  -32.655222761
   -0.691150384   -0.942477796   16.866997861   14.610515551  -32.274617889
   -0.628318531   -0.942477796   19.819737472    1.517481418  -33.817491585
   -0.565486678   -0.942477796   20.685143940   -2.033702289  -32.484663804
   -0.502654825   -0.942477796   20.649973635   -7.521856859  -31.512362086
   -0.439822972   -0.942477796   20.182464195   -0.600717879  -27.010463480
   -0.376991118   -0.942477796   21.060826590    4.575233123  -19.115916125
   -0.314159265   -0.942477796   22.195099344   18.234707860   -8.911317245
   -0.251327412   -0.942477796   22.013127025   20.507508544   -0.151969572
   -0.188495559   -0.942477796   25.197453678   26.127659832    7.649292398
   -0.125663706   -0.942477796   26.985701975   29.763942573   14.435445346
   -0.062831853   -0.942477796   29.648414839   28.430552930   16.883143430
    0.000000000   -0.942477796   31.812000023   31.687789067   21.090952492
    0.062831853   -0.942477796   34.498048850   31.214764895   23.177735186
    0.125663706   -0.942477796   36.103730622   28.464141507   22.665280624
    0.188495559   -0.942477796   37.559864409   22.247291401   19.782970460
    0.251327412   -0.942477796   38.499057226   14.655026476   14.485462315
    0.314159265   -0.942477796   38.490641428    3.624518061   11.341950336
    0.376991118   -0.942477796   37.769764145   -8.172856222    7.959876657
    0.439822972   -0.942477796   33.923086867  -28.148906284    2.546420641
    0.502654825   -0.942477796   32.374621198  -26.912788129   -3.085402798
    0.565486678   -0.942477796   29.095653212  -33.115935128   -2.947085246
    0.628318531   -0.942477796   27.053817957  -25.939200423   -1.116102082
    0.691150384   -0.942477796   25.369899306  -21.667638616   -2.316146028
    0.753982237   -0.942477796   23.690650949  -27.468240155   -3.610771004
    0.816814090   -0.942477796   20.725942345  -23.098723837   -8.027592992
    0.879645943   -0.942477796   21.136803939  -16.202960618  -12.572736277
    0.942477796   -0.942477796   19.016364805  -16.925546056  -15.962287288
    1.005309649   -0.942477796   17.458005428  -13.640376411  -19.262807687
    1.068141502   -0.942477796   18.469285305   -8.404616447  -23.068611824
    1.130973355   -0.942477796   16.553372407   -5.273605197  -23.310412616
    1.193805208   -0.942477796   17.495563040   -1.109918714  -24.339038527
    1.256637061   -0.942477796   21.144365031    3.407189609  -22.256969496
    1.319468915   -0.942477796   23.042520200   13.081654805  -20.694119716
    1.382300768   -0.942477796   24.217754204   26.472497150  -16.632568853
    1.445132621   -0.942477796   26.599998295   40.547977149  -16.620708034
    1.507964474   -0.942477796   29.413767954   39.512171047  -14.676535019
    1.570796327   -0.942477796   32.465434428   45.022338198  -16.917623220
    1.633628180   -0.942477796   38.245781085   53.242733232  -16.807614410
    1.696460033   -0.942477796   42.755907192   45.531296677  -19.757073012
    1.759291886   -0.942477796   46.980930020   39.232400690  -15.612950599
    1.822123739   -0.942477796   49.720506462   36.077597694  -14.028027523
    1.884955592   -0.942477796   50.868386205   33.549965841  -13.513517703
    1.947787445   -0.942477796   53.373443236   32.615838507  -13.694375228
    2.010619298   -0.942477796   57.465498067   33.265035508  -18.967421448
    2.073451151   -0.942477796   58.696244691   30.131566710  -18.325179226
    2.136283004   -0.942477796   60.190445442   24.900098954  -21.321967890
    2.199114858   -0.942477796   59.465705570   12.647175531  -20.770625588
    2.261946711   -0.942477796   58.485764902    5.082653012  -17.620304934
    2.324778564   -0.942477796   59.340605619   -5.985481882  -18.006078072
    2.387610417   -0.942477796   59.991827172  -16.810037677  -17.246350311
    2.450442270   -0.942477796   58.248732029  -26.394371929  -19.508535858
    2.513274123   -0.942477796   58.857885872  -25.947329399  -19.500776606
    2.576105976   -0.942477796   56.349643791  -29.069807553  -25.181109666
    2.638937829   -0.942477796   52.885770701  -33.016284475  -22.073021429
    2.701769682   -0.942477796   49.735610925  -37.253543492  -21.035680669
    2.764601535   -0.942477796   47.438918187  -34.301128941  -21.115781983
    2.827433388   -0.942477796   44.554485016  -34.140269349  -16.701190748
    2.890265241   -0.942477796   41.476283981  -48.992486116  -15.235790860
    2.953097094   -0.942477796   36.420140500  -67.619370697  -15.779392955
    3.015928947   -0.942477796   35.360164600  -72.040525556  -10.351385489
    3.078760801   -0.942477796   32.396101745  -59.292082723  -13.611984393

   -3.141592654   -0.879645943   26.025449449  -47.897481054   -6.999668264
   -3.078760801   -0.879645943   23.085792202  -34.157085673  -11.821759484
   -3.015928947   -0.879645943   23.255595885  -32.683647555  -13.469016968
   -2.953097094   -0.879645943   22.036207918  -40.865513275  -17.705906204
   -2.890265241   -0.879645943   20.883525795  -34.336630519  -12.906521477
   -2.827433388   -0.879645943   18.251064560  -32.546132185  -13.718345908
   -2.764601535   -0.879645943   16.463331412  -25.157864558  -14.780522738
   -2.701769682   -0.879645943   12.716351400  -24.998464242  -14.209231590
   -2.638937829   -0.879645943   12.907787576  -27.037329095  -13.142043526
   -2.576105976   -0.879645943   13.623634402  -22.176421787  -17.678586534
   -2.513274123   -0.879645943   16.111791919  -24.893324215  -20.522936896
   -2.450442270   -0.879645943   14.976776879  -20.039769969  -26.226596964
   -2.387610417   -0.879645943   13.823360303  -21.632218913  -28.558114950
   -2.324778564   -0.879645943   12.937437322  -12.573413603  -29.354571684
   -2.261946711   -0.879645943   12.396407325  -16.532931717  -31.687349507
   -2.199114858   -0.879645943   12.880237591  -11.871816330  -34.132613459
   -2.136283004   -0.879645943   11.614980104  -12.442169346  -32.011965861
   -2.073451151   -0.879645943   11.149638578  -15.191919324  -28.285164909
   -2.010619298   -0.879645943    9.845528002  -15.891587924  -26.043327371
   -1.947787445   -0.879645943    9.181593658  -14.398260481  -27.735707028
   -1.884955592   -0.879645943   10.616799042  -17.948889141  -23.084974251
   -1.822123739   -0.879645943    8.603102900  -22.625769319  -21.321934378
   -1.759291886   -0.879645943    8.011751618  -15.489852106  -22.834676416
   -1.696460033   -0.879645943    6.488649114  -12.648122163  -24.253908598
   -1.633628180   -0.879645943    6.070828227   -5.816129401  -26.358797770
   -1.570796327   -0.879645943    7.556498813   -5.708416648  -28.680282494
   -1.507964474   -0.879645943    8.456660275   -4.158177413  -33.583448057
   -1.445132621   -0.879645943    9.189469525   -3.366055414  -32.799460445
   -1.382300768   -0.879645943    9.000802305   -4.531843710  -33.346883754
   -1.319468915   -0.879645943    8.126693590   -6.305262095  -31.570296993
   -1.256637061   -0.879645943    8.975849083   -6.193258952  -32.127969634
   -1.193805208   -0.879645943    8.471482042   -9.506023013  -30.430593017
   -1.130973355   -0.879645943    9.894877270  -16.290004247  -32.192896100
   -1.068141502   -0.879645943    8.444361038  -15.026045415  -34.435321038
   -1.005309649   -0.879645943    8.048122883   -9.581754849  -34.578001783
   -0.942477796   -0.879645943    7.251361701   -3.651928734  -31.422255235
   -0.879645943   -0.879645943    8.365539805    7.410010295  -29.745309778
   -0.816814090   -0.879645943    8.738388137   13.870000311  -27.561586893
   -0.753982237   -0.879645943   11.814812114   16.470287522  -28.411623894
   -0.691150384   -0.879645943   14.171080082   15.399108849  -30.605240129
   -0.628318531   -0.879645943   17.026919036    1.948761021  -32.913142431
   -0.565486678   -0.879645943   18.067062426   -0.286047837  -29.673552437
   -0.502654825   -0.879645943   18.235199919   -2.679583388  -24.610418738
   -0.439822972   -0.879645943   18.188615988    7.585707391  -16.311891839
   -0.376991118   -0.879645943   19.656709915   15.027336832   -5.831879497
   -0.314159265   -0.879645943   21.445935700   28.545698326    4.709285229
   -0.251327412   -0.879645943   21.759163758   28.262527238   11.731600867
   -0.188495559   -0.879645943   25.304531920   30.921135569   16.154053011
   -0.125663706   -0.879645943   27.397026484   32.678697935   20.080638706
   -0.062831853   -0.879645943   30.113910681   31.041007177   20.325330261
    0.000000000   -0.879645943   32.434069335   32.690880756   22.019692321
    0.062831853   -0.879645943   35.169714906   30.345184057   21.965559033
    0.125663706   -0.879645943   36.668020109   25.617435502   19.310924448
    0.188495559   -0.879645943   37.911084767   18.143772918   15.241609765
    0.251327412   -0.879645943   38.540681834   10.034615356   10.043613780
    0.314159265   -0.879645943   38.394028892    0.090654616    7.586591262
    0.376991118   -0.879645943   37.573970996  -10.395851289    6.299855308
    0.439822972   -0.879645943   33.557335187  -28.785741347    4.568916780
    0.502654825   -0.879645943   31.799548154  -26.585534121    1.753293458
    0.565486678   -0.879645943   28.618245668  -33.232994888    2.979178973
    0.628318531   -0.879645943   26.734192528  -27.999999711    4.852196199
    0.691150384   -0.879645943   24.991948857  -24.319221980    3.657279432
    0.753982237   -0.879645943   23.181239517  -29.656434318    1.274116905
    0.816814090   -0.879645943   19.860390682  -26.617374912   -3.831474707
    0.879645943   -0.879645943   19.842016756  -20.401927241  -10.157396319
    0.942477796   -0.879645943   17.354281358  -22.778666071  -14.322077740
    1.005309649   -0.879645943   15.395571920  -20.325731652  -18.787347228
    1.068141502   -0.879645943   15.984410754  -13.991160184  -22.940835666
    1.130973355   -0.879645943   13.964612752   -8.357392330  -21.344938729
    1.193805208   -0.879645943   14.760048396    0.114881118  -21.575325669
    1.256637061   -0.879645943   18.469484757    7.570893346  -19.997102371
    1.319468915   -0.879645943   20.489737211   17.362660623  -18.049974687
    1.382300768   -0.879645943   22.009132955   31.296299079  -13.589040934
    1.445132621   -0.879645943   24.516289667   44.634755579  -13.829452842
    1.507964474   -0.879645943   27.598573531   42.679891343  -12.349733502
    1.570796327   -0.879645943   30.679688169   47.000984524  -15.264167614
    1.633628180   -0.879645943   36.647413316   53.913178081  -15.220376745
    1.696460033   -0.879645943   41.127438271   47.121560252  -18.447643887
    1.759291886   -0.879645943   45.731562823   40.355658663  -15.224141396
    1.822123739   -0.879645943   48.686931684   37.389743691  -13.576655541
    1.884955592   -0.879645943   49.962170383   34.179087982  -12.747020401
    1.947787445   -0.879645943   52.530985170   31.973181229  -12.667466250
    2.010619298   -0.879645943   56.315553628   32.292967737  -17.879525778
    2.073451151   -0.879645943   57.592767113   28.499279530  -17.355082124
    2.136283004   -0.879645943   58.868862901   23.027838940  -20.860935650
    2.199114858   -0.879645943   58.150491779   10.560544855  -20.087694668
    2.261946711   -0.879645943   57.276490598    3.779906304  -18.047492172
    2.324778564   -0.879645943   58.028742047   -6.741497526  -18.705358153
    2.387610417   -0.879645943   58.604205951  -17.162554607  -19.046024981
    2.450442270   -0.879645943   56.595619659  -26.846100872  -22.035275816
    2.513274123   -0.879645943   57.046737092  -26.987453413  -23.188161144
    2.576105976   -0.879645943   54.088980792  -30.519351938  -27.464713282
    2.638937829   -0.879645943   50.703244903  -33.820324624  -23.698267187
    2.701769682   -0.879645943   47.512415831  -37.703535738  -21.637434047
    2.764601535   -0.879645943   45.130063135  -34.138580138  -20.068457025
    2.827433388   -0.879645943   42.448013582  -34.018177646  -14.432334318
    2.890265241   -0.879645943   39.424288708  -48.593610190  -10.906445271
    2.953097094   -0.879645943   34.299277124  -67.429936010  -10.030807721
    3.015928947   -0.879645943   33.529203672  -73.122143089   -3.975457481
    3.078760801   -0.879645943   30.318464815  -60.688904620   -6.876542254

   -3.141592654   -0.816814090   29.035808661  -44.554329640  -14.156325693
   -3.078760801   -0.816814090   25.956252700  -34.547292322  -20.067131293
   -3.015928947   -0.816814090   26.022761309  -35.534601225  -22.717219712
   -2.953097094   -0.816814090   24.402877421  -45.240458507  -26.744197754
   -2.890265241   -0.816814090   23.295418244  -40.782684487  -21.499646054
   -2.827433388   -0.816814090   20.256549088  -39.212086707  -23.055028143
   -2.764601535   -0.816814090   18.029312550  -30.780133499  -24.845424179
   -2.701769682   -0.816814090   13.966265724  -29.955232871  -25.473517313
   -2.638937829   -0.816814090   13.954519103  -31.457978732  -24.722376189
   -2.576105976   -0.816814090   14.234754628  -24.559486099  -28.151228863
   -2.513274123   -0.816814090   16.465404872  -27.707196760  -29.018499995
   -2.450442270   -0.816814090   14.970810189  -22.945445678  -31.831655330
   -2.387610417   -0.816814090   13.637766137  -23.626425655  -32.737077630
   -2.324778564   -0.816814090   12.685495489  -14.040039686  -31.932293760
   -2.261946711   -0.816814090   11.967914953  -16.263458482  -33.470048972
   -2.199114858   -0.816814090   12.276502251   -9.797988832  -35.005796359
   -2.136283004   -0.816814090   11.141228526   -9.654952963  -31.517232434
   -2.073451151   -0.816814090   10.928576878  -13.656182630  -27.906909513
   -2.010619298   -0.816814090    9.724122635  -15.489407274  -26.076520280
   -1.947787445   -0.816814090    8.912146007  -15.619374127  -27.840309045
   -1.884955592   -0.816814090   10.591142774  -21.083690621  -23.563981080
   -1.822123739   -0.816814090    8.676734668  -25.103197717  -20.458254314
   -1.759291886   -0.816814090    7.956194685  -17.131117664  -21.104687123
   -1.696460033   -0.816814090    6.302243916  -15.564814410  -21.385883202
   -1.633628180   -0.816814090    5.640397947  -10.110953770  -23.713495199
   -1.570796327   -0.816814090    6.857645175  -10.884408852  -26.391066189
   -1.507964474   -0.816814090    7.293533607   -9.268549380  -31.970960110
   -1.445132621   -0.816814090    7.917231482   -7.799416855  -32.110435963
   -1.382300768   -0.816814090    7.539896369   -7.249750253  -33.321344724
   -1.319468915   -0.816814090    6.638332580   -7.356767934  -32.545930961
   -1.256637061   -0.816814090    7.342389697   -6.651088061  -33.702249432
   -1.193805208   -0.816814090    6.914361858  -10.505532096  -31.164762800
   -1.130973355   -0.816814090    8.231176780  -17.169237999  -32.074574983
   -1.068141502   -0.816814090    6.699011975  -14.999260398  -33.034480604
   -1.005309649   -0.816814090    6.357072037   -8.673949688  -32.372723838
   -0.942477796   -0.816814090    5.816087150   -2.080016729  -29.580835061
   -0.879645943   -0.816814090    7.064089006    8.633199676  -29.427218087
   -0.816814090   -0.816814090    7.562160055   14.374808577  -29.697021750
   -0.753982237   -0.816814090   10.582766764   16.145553662  -32.621536066
   -0.691150384   -0.816814090   12.816974380   15.654933674  -35.846309765
   -0.628318531   -0.816814090   15.579843873    4.100011172  -37.456758526
   -0.565486678   -0.816814090   16.938503661    4.815097323  -31.206075824
   -0.502654825   -0.816814090   17.552372269    5.629147175  -22.710473224
   -0.439822972   -0.816814090   18.116495363   17.957814401  -11.852210232
   -0.376991118   -0.816814090   20.240194564   25.223515332   -1.329086777
   -0.314159265   -0.816814090   22.589969196   36.232292703    6.863576385
   -0.251327412   -0.816814090   23.196299947   32.128417532   10.922455707
   -0.188495559   -0.816814090   26.850474861   32.225685963   12.509561191
   -0.125663706   -0.816814090   29.030839864   32.741712638   14.634676553
   -0.062831853   -0.816814090   31.641332867   30.826521981   14.429320101
    0.000000000   -0.816814090   33.941874212   30.944933643   15.155745449
    0.062831853   -0.816814090   36.550203298   26.740056832   14.041757302
    0.125663706   -0.816814090   37.798190662   20.777726218   10.883270431
    0.188495559   -0.816814090   38.739241163   13.024522099    6.763289874
    0.251327412   -0.816814090   39.026115857    5.153568554    2.066897780
    0.314159265   -0.816814090   38.746697529   -2.843144183    0.632001593
    0.376991118   -0.816814090   37.886752994  -11.059701306    1.063299917
    0.439822972   -0.816814090   33.831488911  -28.361249888    1.199912779
    0.502654825   -0.816814090   31.947242073  -26.233595036   -0.175036460
    0.565486678   -0.816814090   28.828015302  -34.219582554    0.383826001
    0.628318531   -0.816814090   27.050957784  -30.674019554    1.605825554
    0.691150384   -0.816814090   25.219905038  -27.099184093   -0.195450159
    0.753982237   -0.816814090   23.227947692  -31.914965920   -3.968429476
    0.816814090   -0.816814090   19.629803937  -29.273790282   -8.385716736
    0.879645943   -0.816814090   19.238861041  -23.009986769  -14.961377706
    0.942477796   -0.816814090   16.562188221  -26.015012991  -18.493041241
    1.005309649   -0.816814090   14.430418308  -22.464009404  -21.913288838
    1.068141502   -0.816814090   14.882979668  -14.272381078  -25.360015520
    1.130973355   -0.816814090   13.186206066   -5.825365513  -20.946603963
    1.193805208   -0.816814090   14.120294499    5.629281389  -20.962575600
    1.256637061   -0.816814090   18.057614955   14.692994661  -20.781239945
    1.319468915   -0.816814090   20.373180919   23.368001275  -18.953179521
    1.382300768   -0.816814090   22.330284578   36.756142056  -15.177947895
    1.445132621   -0.816814090   24.978932013   48.190459829  -15.911307094
    1.507964474   -0.816814090   28.267518637   44.490399850  -15.508817129
    1.570796327   -0.816814090   31.297650070   47.643709399  -18.588861865
    1.633628180   -0.816814090   37.367086543   53.289982405  -18.480650086
    1.696460033   -0.816814090   41.727401276   47.720912316  -21.401526580
    1.759291886   -0.816814090   46.554367487   40.447666008  -19.052854005
    1.822123739   -0.816814090   49.648464947   37.715813665  -16.762603167
    1.884955592   -0.816814090   50.992054562   33.778217266  -15.128267974
    1.947787445   -0.816814090   53.555577684   30.379643896  -14.275302701
    2.010619298   -0.816814090   56.982844345   29.995234029  -18.644878606
    2.073451151   -0.816814090   58.259049136   25.749976082  -17.124150876
    2.136283004   -0.816814090   59.265106465   20.114771371  -19.782386668
    2.199114858   -0.816814090   58.565593408    7.554266606  -17.641643270
    2.261946711   -0.816814090   57.646215943    1.924242228  -16.013732163
    2.324778564   -0.816814090   58.268921690   -8.041385282  -16.805377007
    2.387610417   -0.816814090   58.709566846  -17.542135376  -18.250217941
    2.450442270   -0.816814090   56.426331288  -27.196183785  -21.762304164
    2.513274123   -0.816814090   56.710614223  -26.970287492  -24.103315149
    2.576105976   -0.816814090   53.496055117  -29.583132325  -27.436020664
    2.638937829   -0.816814090   50.373588366  -31.139144069  -23.920429258
    2.701769682   -0.816814090   47.394478435  -33.197901999  -22.430570786
    2.764601535   -0.816814090   45.279594445  -28.388293926  -21.313252117
    2.827433388   -0.816814090   43.172265792  -27.072039942  -16.945489716
    2.890265241   -0.816814090   40.698680316  -40.599385385  -14.159323300
    2.953097094   -0.816814090   36.003938445  -59.186357236  -14.417658048
    3.015928947   -0.816814090   36.001630246  -66.018932828  -10.195091227
    3.078760801   -0.816814090   32.996621672  -55.065799894  -14.013470862

   -3.141592654   -0.753982237   30.222968045  -43.221719362  -18.306812855
   -3.078760801   -0.753982237   26.892125580  -34.763079978  -25.216938979
   -3.015928947   -0.753982237   26.875851827  -35.933529007  -28.992878946
   -2.953097094   -0.753982237   25.077472659  -45.525662331  -33.159137226
   -2.890265241   -0.753982237   24.365402233  -42.301778921  -26.935474652
   -2.827433388   -0.753982237   21.216830973  -41.230950934  -28.668220332
   -2.764601535   -0.753982237   18.835930238  -32.795503580  -30.514292507
   -2.701769682   -0.753982237   14.685385161  -31.477958743  -30.061499481
   -2.638937829   -0.753982237   14.652543736  -33.047186699  -28.466179891
   -2.576105976   -0.753982237   14.657136219  -24.157959398  -29.951837447
   -2.513274123   -0.753982237   16.784642795  -27.903199956  -28.638897167
   -2.450442270   -0.753982237   15.101481927  -23.772195894  -28.142646850
   -2.387610417   -0.753982237   13.638129418  -24.428288240  -27.938960340
   -2.324778564   -0.753982237   12.672452281  -14.887152225  -25.939580755
   -2.261946711   -0.753982237   11.787568538  -15.970073221  -27.464635660
   -2.199114858   -0.753982237   11.953964129   -7.451556736  -28.453439820
   -2.136283004   -0.753982237   10.994450842   -6.696816058  -24.990451813
   -2.073451151   -0.753982237   10.905188721  -12.161919974  -23.203337094
   -2.010619298   -0.753982237    9.780805205  -15.004072986  -21.840360258
   -1.947787445   -0.753982237    8.828921971  -16.827320449  -23.976096876
   -1.884955592   -0.753982237   10.760367306  -22.862158233  -19.257798548
   -1.822123739   -0.753982237    9.028091226  -26.611260765  -15.446732199
   -1.759291886   -0.753982237    8.235495640  -18.200069467  -15.363931613
   -1.696460033   -0.753982237    6.539235399  -18.183141682  -14.389844521
   -1.633628180   -0.753982237    5.644626984  -14.358092726  -16.573980295
   -1.570796327   -0.753982237    6.568234655  -16.561222352  -19.184273717
   -1.507964474   -0.753982237    6.527155206  -14.792625750  -24.595936609
   -1.445132621   -0.753982237    6.977134937  -12.897070026  -25.092476065
   -1.382300768   -0.753982237    6.351515563  -11.185054578  -26.489906998
   -1.319468915   -0.753982237    5.340424867   -9.966675418  -25.587101381
   -1.256637061   -0.753982237    5.813656229   -8.271446822  -26.448105265
   -1.193805208   -0.753982237    5.441622726  -12.256934936  -22.430844812
   -1.130973355   -0.753982237    6.604694414  -18.802990797  -22.371273953
   -1.068141502   -0.753982237    4.946168294  -15.962441741  -21.876264734
   -1.005309649   -0.753982237    4.583310419   -9.500182334  -20.881075830
   -0.942477796   -0.753982237    4.128990241   -3.073978320  -19.419509828
   -0.879645943   -0.753982237    5.315526629    6.547939262  -20.918375889
   -0.816814090   -0.753982237    5.733387702   12.204727209  -23.193975627
   -0.753982237   -0.753982237    8.573170406   14.352043631  -26.993030929
   -0.691150384   -0.753982237   10.649859833   16.573301517  -30.110496635
   -0.628318531   -0.753982237   13.412547930    9.073832369  -30.489440652
   -0.565486678   -0.753982237   15.276803624   13.157154587  -22.536609273
   -0.502654825   -0.753982237   16.524990637   16.308896280  -13.053233861
   -0.439822972   -0.753982237   17.797884968   28.527607075   -3.182614975
   -0.376991118   -0.753982237   20.524858375   33.500097769    4.718352994
   -0.314159265   -0.753982237   23.272550043   40.987566475    9.028492534
   -0.251327412   -0.753982237   24.005375277   33.646008502    9.858141602
   -0.188495559   -0.753982237   27.647260650   32.561011703    9.710053515
   -0.125663706   -0.753982237   29.893997976   32.886440525   11.462745431
   -0.062831853   -0.753982237   32.420238009   30.731371695   11.110997934
    0.000000000   -0.753982237   34.684729951   28.992794783   11.346031552
    0.062831853   -0.753982237   37.154192728   23.113588242    9.569781443
    0.125663706   -0.753982237   38.156002646   16.062502209    5.899768962
    0.188495559   -0.753982237   38.833546925    8.776148272    1.945977697
    0.251327412   -0.753982237   38.872897345    2.559940280   -1.680472692
    0.314159265   -0.753982237   38.573389728   -3.247536432   -2.352968693
    0.376991118   -0.753982237   37.829470964   -9.228795830   -1.172195554
    0.439822972   -0.753982237   33.897804807  -25.497340635   -0.368879895
    0.502654825   -0.753982237   32.040572921  -24.498445817   -1.679746536
    0.565486678   -0.753982237   29.044166588  -33.570815908   -1.978609136
    0.628318531   -0.753982237   27.450549593  -31.779422809   -1.126407510
    0.691150384   -0.753982237   25.598058855  -29.127099928   -3.505729586
    0.753982237   -0.753982237   23.471606973  -32.659352079   -7.265980023
    0.816814090   -0.753982237   19.734094199  -30.745769206  -10.093963244
    0.879645943   -0.753982237   19.027089662  -24.835774405  -15.455637937
    0.942477796   -0.753982237   16.227121322  -28.838321676  -16.963952151
    1.005309649   -0.753982237   13.962878037  -24.500553191  -18.676291710
    1.068141502   -0.753982237   14.237014115  -15.107850305  -21.345142475
    1.130973355   -0.753982237   12.890204872   -5.305928938  -14.563069279
    1.193805208   -0.753982237   13.802606139    7.911229733  -15.105139063
    1.256637061   -0.753982237   17.685539632   18.015355655  -17.129248252
    1.319468915   -0.753982237   20.087181220   25.115318091  -16.311823795
    1.382300768   -0.753982237   22.237696174   37.998326427  -14.142478549
    1.445132621   -0.753982237   24.797910471   47.610764247  -15.977085329
    1.507964474   -0.753982237   28.051584479   43.084377750  -16.938057048
    1.570796327   -0.753982237   30.854712331   45.536809579  -19.803505062
    1.633628180   -0.753982237   36.873587416   50.667819002  -19.800298984
    1.696460033   -0.753982237   40.995125561   46.970890166  -22.303966016
    1.759291886   -0.753982237   45.859204626   39.752023117  -21.376947082
    1.822123739   -0.753982237   49.023744693   37.582735795  -19.077849302
    1.884955592   -0.753982237   50.398936026   32.983097294  -17.175121856
    1.947787445   -0.753982237   52.946344440   28.286072263  -15.892923626
    2.010619298   -0.753982237   56.030432669   27.807426093  -19.374512739
    2.073451151   -0.753982237   57.335625986   23.247782927  -16.780339760
    2.136283004   -0.753982237   58.124241617   17.806948963  -18.147446268
    2.199114858   -0.753982237   57.534912503    5.524961026  -14.313003501
    2.261946711   -0.753982237   56.674946230    0.832899749  -12.542382949
    2.324778564   -0.753982237   57.245185082   -8.028701408  -13.023605275
    2.387610417   -0.753982237   57.604935935  -16.173791380  -14.782852506
    2.450442270   -0.753982237   55.189237974  -25.105374480  -17.548954269
    2.513274123   -0.753982237   55.437375420  -24.307810705  -19.857446341
    2.576105976   -0.753982237   52.226506706  -26.126336916  -21.047727752
    2.638937829   -0.753982237   49.497856999  -26.499002955  -17.622501559
    2.701769682   -0.753982237   46.798747131  -28.266771932  -16.926185136
    2.764601535   -0.753982237   44.962188410  -23.451442375  -16.336856201
    2.827433388   -0.753982237   43.303468279  -22.870409531  -13.978514506
    2.890265241   -0.753982237   41.193317749  -36.643622190  -12.958468042
    2.953097094   -0.753982237   36.658836859  -55.540247259  -15.187516182
    3.015928947   -0.753982237   37.076501379  -63.590673872  -13.228367646
    3.078760801   -0.753982237   34.001297824  -53.308879624  -18.262167782

   -3.141592654   -0.691150384   31.427002363  -43.941600227  -23.366982472
   -3.078760801   -0.691150384   27.686234764  -36.848208282  -32.579523660
   -3.015928947   -0.691150384   27.443442897  -37.802998214  -38.394005558
   -2.953097094   -0.691150384   25.397738674  -46.816891224  -43.066140593
   -2.890265241   -0.691150384   25.025647640  -45.689549790  -36.781983281
   -2.827433388   -0.691150384   21.612830875  -45.816987932  -38.062961679
   -2.764601535   -0.691150384   18.928942869  -37.431037954  -37.918393007
   -2.701769682   -0.691150384   14.569966234  -34.868175381  -35.806210134
   -2.638937829   -0.691150384   14.409310656  -35.178663201  -32.681570617
   -2.576105976   -0.691150384   14.128961357  -23.244970581  -32.272558583
   -2.513274123   -0.691150384   16.194239453  -26.835066206  -29.300433603
   -2.450442270   -0.691150384   14.448825970  -23.300153273  -26.823407172
   -2.387610417   -0.691150384   12.887982078  -24.319812153  -26.237439744
   -2.324778564   -0.691150384   11.943199928  -15.909207852  -24.104226189
   -2.261946711   -0.691150384   10.854301816  -16.012323019  -25.980026333
   -2.199114858   -0.691150384   10.854135606   -6.317240537  -27.364888568
   -2.136283004   -0.691150384    9.991092224   -5.490590515  -24.669802183
   -2.073451151   -0.691150384    9.826709292  -12.737299842  -25.749585323
   -2.010619298   -0.691150384    8.653166243  -16.433762233  -25.040348221
   -1.947787445   -0.691150384    7.470132891  -18.828571150  -26.397223615
   -1.884955592   -0.691150384    9.585751736  -24.904934154  -21.365281786
   -1.822123739   -0.691150384    8.004406647  -28.183370810  -16.889407844
   -1.759291886   -0.691150384    7.140154182  -19.365322709  -15.595341637
   -1.696460033   -0.691150384    5.450449706  -20.537215429  -13.072695811
   -1.633628180   -0.691150384    4.355739391  -18.044953645  -14.540628863
   -1.570796327   -0.691150384    5.041145068  -21.042980602  -17.233859791
   -1.507964474   -0.691150384    4.630478303  -18.662920140  -21.760303453
   -1.445132621   -0.691150384    4.996681167  -16.008837952  -22.215033904
   -1.382300768   -0.691150384    4.242231313  -13.012767248  -23.303104632
   -1.319468915   -0.691150384    3.249744040  -10.437168937  -22.024885763
   -1.256637061   -0.691150384    3.634495046   -7.676784253  -22.007097845
   -1.193805208   -0.691150384    3.487830429  -11.778617741  -16.653305727
   -1.130973355   -0.691150384    4.626118762  -18.325295918  -15.753790057
   -1.068141502   -0.691150384    2.957253440  -15.737346907  -14.565129855
   -1.005309649   -0.691150384    2.601088862  -10.516621142  -13.784892552
   -0.942477796   -0.691150384    2.164578725   -5.209298692  -13.362024135
   -0.879645943   -0.691150384    3.213966547    3.281914492  -15.405988273
   -0.816814090   -0.691150384    3.487447491    9.308006321  -17.449881327
   -0.753982237   -0.691150384    6.148967510   12.767313999  -19.458721123
   -0.691150384   -0.691150384    8.111963568   18.417426341  -20.792577351
   -0.628318531   -0.691150384   10.956823146   15.474830607  -19.128509873
   -0.565486678   -0.691150384   13.381272469   22.095322966  -11.073152490
   -0.502654825   -0.691150384   15.234991368   25.900927392   -2.915422849
   -0.439822972   -0.691150384   17.089926890   36.396833870    4.074735215
   -0.376991118   -0.691150384   20.213118961   37.991585404    7.526255516
   -0.314159265   -0.691150384   23.145287446   42.748939855    8.320463103
   -0.251327412   -0.691150384   23.907210629   34.491398642    7.978914659
   -0.188495559   -0.691150384   27.545809681   34.021063381    7.742387511
   -0.125663706   -0.691150384   29.925628254   34.351810447   10.107893252
   -0.062831853   -0.691150384   32.453937304   31.382848160   10.458171472
    0.000000000   -0.691150384   34.711288926   27.240099304   10.329402868
    0.062831853   -0.691150384   37.014026837   18.670839036    7.726401980
    0.125663706   -0.691150384   37.722970737   10.461171481    3.669830568
    0.188495559   -0.691150384   38.082614022    3.709004108    0.036396632
    0.251327412   -0.691150384   37.793276229   -1.878831859   -3.541203411
    0.314159265   -0.691150384   37.328472477   -5.593747945   -4.443657676
    0.376991118   -0.691150384   36.533126753  -10.294309797   -4.064495237
    0.439822972   -0.691150384   32.519091513  -26.134313462   -5.030756397
    0.502654825   -0.691150384   30.506989844  -25.885016880   -7.501051821
    0.565486678   -0.691150384   27.474548826  -34.626505905   -8.989649879
    0.628318531   -0.691150384   26.024366048  -32.713923092   -8.393959254
    0.691150384   -0.691150384   24.212063013  -28.857863281  -10.004268924
    0.753982237   -0.691150384   22.111414564  -29.902398258  -12.782838951
    0.816814090   -0.691150384   18.562056657  -27.317231265  -13.025674776
    0.879645943   -0.691150384   17.915939838  -20.107829204  -15.703477467
    0.942477796   -0.691150384   15.427009230  -25.167471274  -14.760789270
    1.005309649   -0.691150384   13.432370302  -20.586348404  -14.881105420
    1.068141502   -0.691150384   13.856049520  -10.687680395  -16.568667037
    1.130973355   -0.691150384   13.234678771   -1.586829606   -7.501290804
    1.193805208   -0.691150384   14.255590954   11.095393071   -8.035963462
    1.256637061   -0.691150384   18.030985698   19.917170546  -11.334986900
    1.319468915   -0.691150384   20.452397015   24.290968255  -10.295784455
    1.382300768   -0.691150384   22.597840399   35.282701813   -8.798251358
    1.445132621   -0.691150384   24.850865494   42.581376744  -10.168605444
    1.507964474   -0.691150384   27.794715494   37.905296593  -11.186101609
    1.570796327   -0.691150384   30.183559556   40.149141838  -13.302154592
    1.633628180   -0.691150384   35.947005093   45.389284943  -13.704892932
    1.696460033   -0.691150384   39.675598852   43.977172651  -16.624694205
    1.759291886   -0.691150384   44.350292468   37.926121082  -18.037793993
    1.822123739   -0.691150384   47.497613683   36.846328766  -16.942458695
    1.884955592   -0.691150384   48.902839000   32.894843473  -15.582637991
    1.947787445   -0.691150384   51.501532758   28.042097555  -14.280250543
    2.010619298   -0.691150384   54.429416102   28.590073839  -16.478524067
    2.073451151   -0.691150384   56.003038085   24.560409355  -12.910524420
    2.136283004   -0.691150384   56.857699142   19.927720177  -13.166974058
    2.199114858   -0.691150384   56.708832995    7.852618694   -8.025376897
    2.261946711   -0.691150384   56.160426657    3.819384843   -6.077573263
    2.324778564   -0.691150384   56.948669278   -3.793536846   -5.983090933
    2.387610417   -0.691150384   57.434759724  -11.071489679   -8.162363758
    2.450442270   -0.691150384   55.120794594  -20.007926720  -10.452340860
    2.513274123   -0.691150384   55.501721088  -18.791513182  -12.264350152
    2.576105976   -0.691150384   52.509225915  -21.054054549  -12.132358914
    2.638937829   -0.691150384   50.224237640  -21.940818096   -9.073539366
    2.701769682   -0.691150384   47.741908256  -24.451828387   -9.648295451
    2.764601535   -0.691150384   46.087166320  -21.189921770   -9.917872538
    2.827433388   -0.691150384   44.642606055  -22.782284977  -10.019279307
    2.890265241   -0.691150384   42.632254988  -37.316015699  -11.289689452
    2.953097094   -0.691150384   37.970384950  -56.645863192  -15.461320782
    3.015928947   -0.691150384   38.504331828  -64.912312296  -16.001299802
    3.078760801   -0.691150384   35.148197871  -54.607055019  -22.241947028

   -3.141592654   -0.628318531   30.095462500  -45.018311870  -18.460069488
   -3.078760801   -0.628318531   25.903112093  -39.405861646  -26.983162581
   -3.015928947   -0.628318531   25.404017397  -39.285930437  -33.010845918
   -2.953097094   -0.628318531   23.194780601  -46.543388606  -37.320101015
   -2.890265241   -0.628318531   23.320212102  -45.303521544  -31.423379945
   -2.827433388   -0.628318531   19.941617334  -44.486376186  -32.454949637
   -2.764601535   -0.628318531   17.390011300  -35.157844803  -31.990572660
   -2.701769682   -0.628318531   13.275893049  -31.224428109  -30.339073879
   -2.638937829   -0.628318531   13.414999160  -29.995580807  -28.388828549
   -2.576105976   -0.628318531   13.302957037  -15.476731480  -28.655022634
   -2.513274123   -0.628318531   15.698535805  -19.796685323  -27.015868728
   -2.450442270   -0.628318531   14.305334056  -17.236640563  -24.735885836
   -2.387610417   -0.628318531   12.943206442  -19.488178656  -25.856097868
   -2.324778564   -0.628318531   12.331770261  -12.219988610  -24.785683308
   -2.261946711   -0.628318531   11.304119656  -12.278227509  -28.078181991
   -2.199114858   -0.628318531   11.395552142   -2.030490307  -30.839632082
   -2.136283004   -0.628318531   10.813484291   -1.866966957  -30.435313454
   -2.073451151   -0.628318531   10.537574032  -10.841590724  -34.636849192
   -2.010619298   -0.628318531    9.479475794  -14.936835378  -34.686090644
   -1.947787445   -0.628318531    8.242882123  -18.238646879  -36.167655849
   -1.884955592   -0.628318531   10.626470664  -25.127927839  -31.726380862
   -1.822123739   -0.628318531    9.247114767  -28.690957796  -27.537838016
   -1.759291886   -0.628318531    8.353945375  -20.521597504  -25.977303157
   -1.696460033   -0.628318531    6.701931842  -23.528245771  -22.877943194
   -1.633628180   -0.628318531    5.367941440  -22.743455574  -24.139664311
   -1.570796327   -0.628318531    5.745588104  -25.919490093  -26.503922996
   -1.507964474   -0.628318531    4.974386732  -22.606534052  -29.404449337
   -1.445132621   -0.628318531    5.226825158  -18.879111039  -29.137999954
   -1.382300768   -0.628318531    4.359325680  -14.053422609  -28.936464857
   -1.319468915   -0.628318531    3.425335716  -10.089814186  -26.145581598
   -1.256637061   -0.628318531    3.784997088   -6.283301617  -24.466600715
   -1.193805208   -0.628318531    3.942642394  -10.852507563  -17.346138461
   -1.130973355   -0.628318531    5.068025967  -17.751578576  -15.269384588
   -1.068141502   -0.628318531    3.354204573  -17.166854540  -13.687127095
   -1.005309649   -0.628318531    2.869299933  -13.970927323  -13.231510586
   -0.942477796   -0.628318531    2.265320800   -9.928447202  -12.720346591
   -0.879645943   -0.628318531    3.031779981   -2.022422245  -13.123919991
   -0.816814090   -0.628318531    3.058796252    5.195337108  -12.675617752
   -0.753982237   -0.628318531    5.508309368   10.484213835  -11.569792100
   -0.691150384   -0.628318531    7.314248231   19.443440188  -10.079949424
   -0.628318531   -0.628318531   10.182667511   19.964575877   -6.962279803
   -0.565486678   -0.628318531   12.984305472   27.828293579   -0.226119224
   -0.502654825   -0.628318531   15.174851493   30.664195380    4.492719675
   -0.439822972   -0.628318531   17.291566040   38.527913679    7.215805711
   -0.376991118   -0.628318531   20.480194393   38.087369655    7.097817270
   -0.314159265   -0.628318531   23.379250078   42.206895135    6.100866611
   -0.251327412   -0.628318531   24.127426038   35.219965416    6.597649763
   -0.188495559   -0.628318531   27.775524892   36.128090517    7.686044688
   -0.125663706   -0.628318531   30.336767631   36.400543015   11.235937882
   -0.062831853   -0.628318531   32.895817524   31.849550331   12.114356085
    0.000000000   -0.628318531   35.103486192   24.952431088   11.397266971
    0.062831853   -0.628318531   37.194477880   14.107790624    8.606516053
    0.125663706   -0.628318531   37.609345336    5.190585656    4.970393296
    0.188495559   -0.628318531   37.678293144   -1.046827570    2.102882047
    0.251327412   -0.628318531   37.093108321   -5.799610317   -0.764299256
    0.314159265   -0.628318531   36.438205854   -8.734251443   -2.122994114
    0.376991118   -0.628318531   35.496347065  -13.333764228   -2.995557717
    0.439822972   -0.628318531   31.207399021  -29.885319714   -5.877458652
    0.502654825   -0.628318531   28.853091679  -30.992497583   -9.433033427
    0.565486678   -0.628318531   25.522062484  -39.688881937  -12.277363213
    0.628318531   -0.628318531   23.963964262  -37.614540753  -11.783219811
    0.691150384   -0.628318531   21.919741889  -32.623515952  -13.702755391
    0.753982237   -0.628318531   19.546744819  -31.373587757  -16.665883838
    0.816814090   -0.628318531   15.981579181  -27.315367149  -15.265867057
    0.879645943   -0.628318531   15.196071116  -18.767224103  -16.741956509
    0.942477796   -0.628318531   12.796463288  -25.044264105  -15.971940049
    1.005309649   -0.628318531   10.870503462  -19.328828533  -16.117442451
    1.068141502   -0.628318531   11.302815836   -7.593329955  -17.887251561
    1.130973355   -0.628318531   11.431578517    1.326080444   -7.549722991
    1.193805208   -0.628318531   12.554711504   14.589547779   -8.224464418
    1.256637061   -0.628318531   16.248578063   23.345079295  -12.298206707
    1.319468915   -0.628318531   18.879657039   26.319960802  -10.801888916
    1.382300768   -0.628318531   21.224534751   36.294735532   -9.701614254
    1.445132621   -0.628318531   23.494507114   42.233119466  -10.353924623
    1.507964474   -0.628318531   26.426115073   37.525275567  -11.391720469
    1.570796327   -0.628318531   28.733679845   39.148982705  -12.433724453
    1.633628180   -0.628318531   34.448198432   43.331550766  -13.123303261
    1.696460033   -0.628318531   37.956335218   43.111085337  -16.044389877
    1.759291886   -0.628318531   42.421120439   36.940375274  -19.382926951
    1.822123739   -0.628318531   45.540692176   36.326961830  -18.806238330
    1.884955592   -0.628318531   46.950306666   32.196518273  -17.558810097
    1.947787445   -0.628318531   49.559477180   27.285198484  -15.623883590
    2.010619298   -0.628318531   52.335707032   28.680608073  -16.121688735
    2.073451151   -0.628318531   54.125996977   24.605566099  -11.230872249
    2.136283004   -0.628318531   54.968538448   20.222004973  -10.639980520
    2.199114858   -0.628318531   55.152172958    7.668640060   -5.083127871
    2.261946711   -0.628318531   54.836186648    4.036786623   -3.411193878
    2.324778564   -0.628318531   55.683724470   -2.568184661   -3.291692857
    2.387610417   -0.628318531   56.081985101   -8.870310120   -6.338384907
    2.450442270   -0.628318531   53.728825085  -17.320909579   -8.383596934
    2.513274123   -0.628318531   54.088442486  -15.744390089  -10.548171665
    2.576105976   -0.628318531   51.223985182  -18.552872859   -9.974898497
    2.638937829   -0.628318531   49.206032304  -20.214563295   -7.402311997
    2.701769682   -0.628318531   46.746269084  -23.323331766   -8.154312758
    2.764601535   -0.628318531   45.123858344  -21.828418060   -8.173203602
    2.827433388   -0.628318531   43.698165472  -25.362419567   -8.534241220
    2.890265241   -0.628318531   41.655671659  -39.404615264   -9.323953879
    2.953097094   -0.628318531   36.805842176  -58.531346001  -12.645022055
    3.015928947   -0.628318531   37.370669842  -66.518125939  -13.313652180
    3.078760801   -0.628318531   33.748365712  -55.913309583  -18.338166080

   -3.141592654   -0.565486678   29.872639584  -48.656768318  -12.437478972
   -3.078760801   -0.565486678   25.118708305  -44.275719420  -20.375874975
   -3.015928947   -0.565486678   24.213174818  -42.976578218  -26.452084406
   -2.953097094   -0.565486678   21.741814999  -47.574383922  -30.571316226
   -2.890265241   -0.565486678   22.243332182  -45.761521258  -25.630293011
   -2.827433388   -0.565486678   18.842069337  -43.856004492  -26.753377252
   -2.764601535   -0.565486678   16.379181355  -33.924727247  -26.572007984
   -2.701769682   -0.565486678   12.447899214  -29.040668027  -25.567773843
   -2.638937829   -0.565486678   12.773764352  -26.205435288  -25.137711758
   -2.576105976   -0.565486678   12.733244822  -10.043978744  -26.902130818
   -2.513274123   -0.565486678   15.319815219  -14.558430457  -27.325067853
   -2.450442270   -0.565486678   14.233576993  -12.517782412  -25.542490165
   -2.387610417   -0.565486678   12.978313275  -15.572037044  -27.693522275
   -2.324778564   -0.565486678   12.651007016   -9.609606842  -27.416473779
   -2.261946711   -0.565486678   11.626494617   -9.542198386  -32.207365101
   -2.199114858   -0.565486678   11.793361068    1.209751103  -35.709491438
   -2.136283004   -0.565486678   11.464223312    1.576164138  -36.872135729
   -2.073451151   -0.565486678   11.109517323   -7.954751529  -43.717682210
   -2.010619298   -0.565486678   10.285601617  -11.067766241  -43.947073921
   -1.947787445   -0.565486678    9.184123951  -14.410044826  -45.098004830
   -1.884955592   -0.565486678   11.983489835  -21.881526396  -42.040470493
   -1.822123739   -0.565486678   10.953422187  -26.285521881  -39.015251396
   -1.759291886   -0.565486678   10.199625044  -19.590895237  -38.237659955
   -1.696460033   -0.565486678    8.733367883  -24.692942667  -35.139196970
   -1.633628180   -0.565486678    7.264725207  -26.041632771  -36.024298994
   -1.570796327   -0.565486678    7.406365048  -29.684950996  -37.103923571
   -1.507964474   -0.565486678    6.363762521  -25.877736078  -37.443945944
   -1.445132621   -0.565486678    6.483552999  -21.602125336  -35.487539862
   -1.382300768   -0.565486678    5.473791707  -15.647880285  -33.382650951
   -1.319468915   -0.565486678    4.550882529  -10.282594845  -28.401910087
   -1.256637061   -0.565486678    4.887498533   -5.530323860  -24.234056369
   -1.193805208   -0.565486678    5.320641842  -10.391757801  -16.118832814
   -1.130973355   -0.565486678    6.403906460  -17.802106786  -13.745343112
   -1.068141502   -0.565486678    4.644483043  -18.607103896  -11.752120803
   -1.005309649   -0.565486678    4.056896923  -16.074387172  -10.878320679
   -0.942477796   -0.565486678    3.403629799  -11.643181571   -9.082340985
   -0.879645943   -0.565486678    4.119002773   -2.898677364   -6.963775501
   -0.816814090   -0.565486678    4.206301300    6.338780498   -3.081199434
   -0.753982237   -0.565486678    6.757495351   13.003796972    1.021767790
   -0.691150384   -0.565486678    8.667386582   23.447319046    4.014147927
   -0.628318531   -0.565486678   11.693390653   25.032622161    6.844933509
   -0.565486678   -0.565486678   14.803926410   31.605491626   10.424433023
   -0.502654825   -0.565486678   17.133539476   32.215614352   10.597251655
   -0.439822972   -0.565486678   19.295969385   37.457482854    9.554841315
   -0.376991118   -0.565486678   22.376269791   36.225158499    7.121503657
   -0.314159265   -0.565486678   25.199229175   41.908156862    6.558909448
   -0.251327412   -0.565486678   26.011995136   37.211607443    9.107555246
   -0.188495559   -0.565486678   29.738483447   38.897825280   11.399377693
   -0.125663706   -0.565486678   32.461190948   37.726197340   14.715891507
   -0.062831853   -0.565486678   34.999942704   30.625100120   15.203297858
    0.000000000   -0.565486678   37.063114508   21.522871728   13.676026442
    0.062831853   -0.565486678   38.879470560    8.947618856    9.904500528
    0.125663706   -0.565486678   39.011141624    0.599489116    6.767990340
    0.188495559   -0.565486678   38.839206963   -4.903035584    3.683300118
    0.251327412   -0.565486678   38.028977569   -8.689119099    0.300303523
    0.314159265   -0.565486678   37.238092270  -10.948273204   -2.414650183
    0.376991118   -0.565486678   36.188808368  -15.440581961   -5.277852160
    0.439822972   -0.565486678   31.674408346  -32.071054882  -10.548278661
    0.502654825   -0.565486678   29.094467381  -34.632664599  -15.639373385
    0.565486678   -0.565486678   25.611170172  -41.942375358  -19.123179124
    0.628318531   -0.565486678   24.114893805  -40.116231889  -18.972268976
    0.691150384   -0.565486678   21.993780652  -33.790255013  -20.592993583
    0.753982237   -0.565486678   19.455125835  -31.008196060  -23.155154690
    0.816814090   -0.565486678   16.022085288  -26.091957154  -20.337000105
    0.879645943   -0.565486678   15.134213205  -17.923505240  -21.176239286
    0.942477796   -0.565486678   12.735184307  -26.702822289  -20.430239930
    1.005309649   -0.565486678   10.745118890  -20.588994255  -20.507810371
    1.068141502   -0.565486678   10.993949146   -7.434126299  -22.294631998
    1.130973355   -0.565486678   11.736506634    0.831371663  -11.060432587
    1.193805208   -0.565486678   12.760249280   14.332083754  -11.137313605
    1.256637061   -0.565486678   16.125470430   23.183359695  -15.133312393
    1.319468915   -0.565486678   18.793163941   24.845270349  -13.019344135
    1.382300768   -0.565486678   21.105309032   34.051664904  -12.194163928
    1.445132621   -0.565486678   23.251045492   38.766960845  -12.046573185
    1.507964474   -0.565486678   25.973658716   34.553593489  -13.185871549
    1.570796327   -0.565486678   28.081479539   35.381482649  -13.562269672
    1.633628180   -0.565486678   33.544529441   38.579487680  -15.006036927
    1.696460033   -0.565486678   36.677999254   39.669339013  -17.795410774
    1.759291886   -0.565486678   40.697337890   33.928497979  -22.250137458
    1.822123739   -0.565486678   43.639271693   34.135171453  -22.413082433
    1.884955592   -0.565486678   45.000310433   31.452104007  -20.529212769
    1.947787445   -0.565486678   47.640692472   27.506168909  -18.243126233
    2.010619298   -0.565486678   50.391506411   30.387568899  -17.296036767
    2.073451151   -0.565486678   52.532965963   26.682021113  -11.922106561
    2.136283004   -0.565486678   53.526524969   22.805339556  -10.768018876
    2.199114858   -0.565486678   54.222207715   10.562374940   -4.855563554
    2.261946711   -0.565486678   54.222787598    7.525577224   -3.023160755
    2.324778564   -0.565486678   55.339565374    1.779834708   -2.113591097
    2.387610417   -0.565486678   55.793619112   -4.004540472   -5.320640656
    2.450442270   -0.565486678   53.578874504  -12.644402663   -6.837340871
    2.513274123   -0.565486678   54.029820218  -11.309206279   -8.958552730
    2.576105976   -0.565486678   51.425232415  -15.032288236   -7.772329704
    2.638937829   -0.565486678   49.721730267  -17.603859286   -5.135946908
    2.701769682   -0.565486678   47.316101910  -21.674566299   -5.744445996
    2.764601535   -0.565486678   45.773530816  -22.396252767   -4.687294520
    2.827433388   -0.565486678   44.347896111  -28.218219808   -4.272703400
    2.890265241   -0.565486678   42.238413976  -42.268356530   -4.502204385
    2.953097094   -0.565486678   37.141286945  -61.944667966   -7.117487673
    3.015928947   -0.565486678   37.588632419  -69.852083380   -7.905109399
    3.078760801   -0.565486678   33.593483180  -59.532966884  -12.273521033

   -3.141592654   -0.502654825   28.888649527  -48.582960419  -12.939764552
   -3.078760801   -0.502654825   23.863863394  -45.498156720  -18.974836737
   -3.015928947   -0.502654825   22.773247396  -43.786003594  -24.004708857
   -2.953097094   -0.502654825   20.232277240  -46.222039877  -26.748909909
   -2.890265241   -0.502654825   21.128087410  -44.420808475  -23.199331813
   -2.827433388   -0.502654825   17.776078385  -42.572668345  -23.546099601
   -2.764601535   -0.502654825   15.405401836  -33.468883837  -23.251342402
   -2.701769682   -0.502654825   11.601112298  -28.298845421  -22.176953095
   -2.638937829   -0.502654825   11.970949781  -24.830725715  -22.672536862
   -2.576105976   -0.502654825   11.837551381   -7.705872809  -24.764537015
   -2.513274123   -0.502654825   14.420452626  -12.475461471  -25.629057909
   -2.450442270   -0.502654825   13.497105329  -10.932841652  -23.112449156
   -2.387610417   -0.502654825   12.160674403  -14.930451053  -24.673151996
   -2.324778564   -0.502654825   11.926918095  -10.657782224  -23.143616059
   -2.261946711   -0.502654825   10.667392787  -10.789051875  -27.112745772
   -2.199114858   -0.502654825   10.691269934    0.172002548  -29.769214199
   -2.136283004   -0.502654825   10.358085651    1.050365500  -30.228108795
   -2.073451151   -0.502654825    9.642112518   -7.822327262  -36.648201494
   -2.010619298   -0.502654825    8.901405716   -9.386630957  -35.365065508
   -1.947787445   -0.502654825    7.779384322  -13.369157155  -36.248511519
   -1.884955592   -0.502654825   10.747292248  -21.422566570  -34.623193294
   -1.822123739   -0.502654825    9.832353689  -26.546846190  -33.675615282
   -1.759291886   -0.502654825    9.049277405  -21.063491778  -34.027350061
   -1.696460033   -0.502654825    7.680235479  -27.198980736  -31.516816396
   -1.633628180   -0.502654825    6.071316148  -28.731737409  -31.741241747
   -1.570796327   -0.502654825    6.042426116  -31.556452212  -32.292895003
   -1.507964474   -0.502654825    4.906614481  -26.404506564  -30.932356629
   -1.445132621   -0.502654825    5.043888993  -20.558586117  -29.176973997
   -1.382300768   -0.502654825    4.103426361  -12.631355118  -27.118474657
   -1.319468915   -0.502654825    3.475847839   -5.704658842  -22.740712086
   -1.256637061   -0.502654825    4.106777351   -0.346889454  -19.781227491
   -1.193805208   -0.502654825    5.113103529   -5.262054469  -13.708495612
   -1.130973355   -0.502654825    6.473738701  -12.690217739  -13.701697981
   -1.068141502   -0.502654825    5.027049125  -13.970487336  -13.558208515
   -1.005309649   -0.502654825    4.750864287  -11.067204071  -13.907214645
   -0.942477796   -0.502654825    4.514579037   -4.987298968  -11.658937816
   -0.879645943   -0.502654825    5.703457758    4.788088755   -7.962213034
   -0.816814090   -0.502654825    6.343734690   14.732180551   -2.278342234
   -0.753982237   -0.502654825    9.369354185   19.879134503    2.725094934
   -0.691150384   -0.502654825   11.574244719   28.789626630    5.753299978
   -0.628318531   -0.502654825   14.781024844   28.189025545    7.702642037
   -0.565486678   -0.502654825   17.978604425   31.127735961    8.376831849
   -0.502654825   -0.502654825   20.128876348   28.978356556    6.232552473
   -0.439822972   -0.502654825   22.068524053   32.823145786    5.022912414
   -0.376991118   -0.502654825   24.885119282   33.158803087    4.263350395
   -0.314159265   -0.502654825   27.604497643   41.447729320    6.920434505
   -0.251327412   -0.502654825   28.531857923   39.411200867   12.682779731
   -0.188495559   -0.502654825   32.309282699   40.845887777   16.191056008
   -0.125663706   -0.502654825   35.110853619   37.548373604   19.122195167
   -0.062831853   -0.502654825   37.552557232   28.130092840   18.843426583
    0.000000000   -0.502654825   39.384086452   17.277924106   16.522659966
    0.062831853   -0.502654825   40.874951646    3.938791931   13.003792184
    0.125663706   -0.502654825   40.726922617   -4.277700704   10.194041957
    0.188495559   -0.502654825   40.287278743   -9.428677660    7.920203480
    0.251327412   -0.502654825   39.179928089  -13.229511989    4.883860142
    0.314159265   -0.502654825   38.087340575  -15.852230905    1.655181181
    0.376991118   -0.502654825   36.719975984  -20.895307955   -1.655610479
    0.439822972   -0.502654825   31.714092805  -38.508705903   -8.129606362
    0.502654825   -0.502654825   28.697206726  -41.028512444  -12.266433979
    0.565486678   -0.502654825   24.875265236  -47.180984928  -15.100894917
    0.628318531   -0.502654825   23.281664880  -44.389727500  -13.719660711
    0.691150384   -0.502654825   20.928412985  -37.269577316  -15.093435938
    0.753982237   -0.502654825   18.110247209  -32.131138908  -17.108086844
    0.816814090   -0.502654825   14.750018595  -25.979465638  -13.680003969
    0.879645943   -0.502654825   13.698476103  -18.129373629  -14.837502320
    0.942477796   -0.502654825   11.249412439  -28.844941771  -14.497496276
    1.005309649   -0.502654825    9.161579227  -21.966814329  -15.109043779
    1.068141502   -0.502654825    9.236337654   -6.622876734  -17.168616319
    1.130973355   -0.502654825   10.655885782    1.371947476   -6.348617545
    1.193805208   -0.502654825   11.688178064   15.665283385   -5.938183982
    1.256637061   -0.502654825   14.826985707   25.108887555   -9.902473808
    1.319468915   -0.502654825   17.676762081   25.651983020   -8.128722474
    1.382300768   -0.502654825   20.097315934   34.734492128   -8.212885411
    1.445132621   -0.502654825   22.370559119   38.678673631   -7.884927160
    1.507964474   -0.502654825   25.126238446   35.701782378   -9.550314961
    1.570796327   -0.502654825   27.353425407   36.305557645   -9.552266065
    1.633628180   -0.502654825   32.829603592   38.887874091  -11.725243576
    1.696460033   -0.502654825   35.919615532   41.186834618  -13.401104100
    1.759291886   -0.502654825   39.749826462   35.396243597  -17.144111924
    1.822123739   -0.502654825   42.746730110   35.919527648  -16.509733490
    1.884955592   -0.502654825   44.253074893   33.017250563  -13.907576898
    1.947787445   -0.502654825   47.025263961   28.680593867  -11.084420260
    2.010619298   -0.502654825   49.807112094   31.469118698   -9.428696100
    2.073451151   -0.502654825   52.208576839   26.441734975   -4.346698609
    2.136283004   -0.502654825   53.171760717   22.138433735   -3.336924675
    2.199114858   -0.502654825   54.118036398    8.829171953    1.556294435
    2.261946711   -0.502654825   54.119576522    5.638557401    2.825059199
    2.324778564   -0.502654825   55.176276978    0.239663874    3.039479871
    2.387610417   -0.502654825   55.264398297   -5.790367594   -2.289690299
    2.450442270   -0.502654825   52.819424412  -14.511424892   -4.981493727
    2.513274123   -0.502654825   52.988847884  -12.932613939   -8.788052455
    2.576105976   -0.502654825   50.328966939  -16.365136631   -8.703260873
    2.638937829   -0.502654825   48.669901837  -18.606927001   -7.370236066
    2.701769682   -0.502654825   46.137091400  -21.894545186   -8.806935208
    2.764601535   -0.502654825   44.630495200  -23.184159312   -7.653956574
    2.827433388   -0.502654825   43.229916306  -29.679148650   -7.184597424
    2.890265241   -0.502654825   41.166064960  -42.553232169   -6.988735366
    2.953097094   -0.502654825   36.003554274  -61.976564392   -9.173999256
    3.015928947   -0.502654825   36.518817199  -69.195127872  -10.136222779
    3.078760801   -0.502654825   32.433301324  -59.137365010  -13.485424859

   -3.141592654   -0.439822972   26.801211486  -48.740810096  -11.734432665
   -3.078760801   -0.439822972   21.614103843  -45.837676859  -15.308159398
   -3.015928947   -0.439822972   20.410287024  -43.491228884  -19.298754330
   -2.953097094   -0.439822972   17.907216610  -43.559237362  -21.083515237
   -2.890265241   -0.439822972   19.164847016  -41.659386601  -19.078193269
   -2.827433388   -0.439822972   15.967472248  -39.810527242  -19.292567918
   -2.764601535   -0.439822972   13.774532701  -31.666502092  -19.685878501
   -2.701769682   -0.439822972   10.205852226  -26.276364122  -19.015846087
   -2.638937829   -0.439822972   10.708864095  -21.578320635  -20.408502417
   -2.576105976   -0.439822972   10.632778674   -3.284410303  -23.236245131
   -2.513274123   -0.439822972   13.352503385   -7.610026431  -25.340732524
   -2.450442270   -0.439822972   12.835219897   -5.933634564  -23.044081988
   -2.387610417   -0.439822972   11.663360873  -10.514938222  -24.663816021
   -2.324778564   -0.439822972   11.776253185   -8.368677737  -23.317848873
   -2.261946711   -0.439822972   10.486111232   -9.247273560  -27.118409912
   -2.199114858   -0.439822972   10.577546055    1.242271273  -27.960605340
   -2.136283004   -0.439822972   10.351327825    1.621276352  -27.155115851
   -2.073451151   -0.439822972    9.284721694   -7.421198109  -32.507865405
   -2.010619298   -0.439822972    8.600752943   -9.528472723  -30.375762377
   -1.947787445   -0.439822972    7.309118105  -15.332731848  -30.931822622
   -1.884955592   -0.439822972   10.156577437  -24.789728004  -30.618054155
   -1.822123739   -0.439822972    9.040163671  -30.969166132  -31.000136435
   -1.759291886   -0.439822972    8.002899871  -25.609343880  -31.456352721
   -1.696460033   -0.439822972    6.604484474  -30.803069761  -27.943149745
   -1.633628180   -0.439822972    4.833819644  -30.947148723  -26.234450380
   -1.570796327   -0.439822972    4.670855612  -32.398369290  -24.995262208
   -1.507964474   -0.439822972    3.548334922  -25.958702885  -21.797782692
   -1.445132621   -0.439822972    3.703007112  -19.171736210  -20.099439280
   -1.382300768   -0.439822972    2.790995892  -10.431919957  -19.380677009
   -1.319468915   -0.439822972    2.361599031   -3.548102595  -16.588078692
   -1.256637061   -0.439822972    3.145041742    1.492597460  -14.790873966
   -1.193805208   -0.439822972    4.478129076   -4.461558577  -11.164499460
   -1.130973355   -0.439822972    5.811831434  -12.711497020  -13.182275506
   -1.068141502   -0.439822972    4.408698190  -13.799235238  -13.426126206
   -1.005309649   -0.439822972    4.197025149   -8.963817366  -12.887910992
   -0.942477796   -0.439822972    4.210497687   -0.460903551   -9.333240282
   -0.879645943   -0.439822972    5.753289055   10.921446676   -4.145356734
   -0.816814090   -0.439822972    6.870363238   21.740296332    2.720053140
   -0.753982237   -0.439822972   10.265960516   25.389914543    7.174146819
   -0.691150384   -0.439822972   12.688813403   32.702127094    9.344924372
   -0.628318531   -0.439822972   16.011184491   29.875335928    9.884208406
   -0.565486678   -0.439822972   19.193709998   30.224411603    8.261219917
   -0.502654825   -0.439822972   21.166828840   26.952818585    5.122027206
   -0.439822972   -0.439822972   23.027878448   31.484495276    5.194387786
   -0.376991118   -0.439822972   25.834812872   34.585121472    7.432016415
   -0.314159265   -0.439822972   28.718332902   44.647992404   12.368395078
   -0.251327412   -0.439822972   29.940088032   42.749165981   18.783650533
   -0.188495559   -0.439822972   33.798388390   42.114217517   21.154285641
   -0.125663706   -0.439822972   36.588857032   35.601847357   21.478927559
   -0.062831853   -0.439822972   38.838541275   24.153738318   19.503223058
    0.000000000   -0.439822972   40.382251916   12.901301833   16.258936728
    0.062831853   -0.439822972   41.557146715   -0.631561041   12.323382986
    0.125663706   -0.439822972   41.184796971   -7.582328080    9.995966462
    0.188495559   -0.439822972   40.596035465  -12.195491891    7.647017357
    0.251327412   -0.439822972   39.321193034  -15.462652287    4.595022338
    0.314159265   -0.439822972   38.093366471  -17.856874564    0.711409973
    0.376991118   -0.439822972   36.620769373  -22.450901755   -3.137159727
    0.439822972   -0.439822972   31.387978240  -39.218797701   -9.246825479
    0.502654825   -0.439822972   28.320628141  -41.814415541  -13.027830591
    0.565486678   -0.439822972   24.560060597  -45.690111647  -14.947405945
    0.628318531   -0.439822972   23.274807560  -42.803869271  -13.383265731
    0.691150384   -0.439822972   21.043055552  -34.839060617  -14.582717140
    0.753982237   -0.439822972   18.278682639  -28.542688174  -16.621298356
    0.816814090   -0.439822972   15.251947319  -22.824653901  -14.043122667
    0.879645943   -0.439822972   14.196467645  -16.461146779  -16.260741627
    0.942477796   -0.439822972   11.793846551  -29.726171531  -16.777796873
    1.005309649   -0.439822972    9.658793292  -22.824266912  -18.002531246
    1.068141502   -0.439822972    9.570732683   -5.926044818  -20.064280995
    1.130973355   -0.439822972   11.570306119    1.309749136  -10.722610871
    1.193805208   -0.439822972   12.559063679   15.300044497   -9.637764138
    1.256637061   -0.439822972   15.362215337   24.660648890  -12.719405172
    1.319468915   -0.439822972   18.209361694   23.446434198  -10.780497419
    1.382300768   -0.439822972   20.502643651   31.684733745  -10.534136460
    1.445132621   -0.439822972   22.698694068   34.528966296   -9.040759963
    1.507964474   -0.439822972   25.243312871   32.877974218   -9.845382750
    1.570796327   -0.439822972   27.390482391   33.363366568   -7.997724225
    1.633628180   -0.439822972   32.643145941   36.637218068   -8.831961073
    1.696460033   -0.439822972   35.562332594   40.466746607   -8.503591804
    1.759291886   -0.439822972   39.085525811   35.259608863  -10.533890056
    1.822123739   -0.439822972   42.009947361   35.942309040   -9.677574849
    1.884955592   -0.439822972   43.561229331   33.278061463   -7.284112469
    1.947787445   -0.439822972   46.369258602   28.541278360   -5.741628184
    2.010619298   -0.439822972   49.137858338   31.303279614   -4.927826277
    2.073451151   -0.439822972   51.748409663   26.016667512   -1.082000970
    2.136283004   -0.439822972   52.676432584   21.255980705   -1.345674592
    2.199114858   -0.439822972   53.833354249    7.151086193    1.664978726
    2.261946711   -0.439822972   53.848332913    4.195623935    1.560696718
    2.324778564   -0.439822972   54.872105293   -1.629824013    1.010523479
    2.387610417   -0.439822972   54.557933404   -8.253430229   -5.537927555
    2.450442270   -0.439822972   51.881849458  -17.152438515   -8.684535527
    2.513274123   -0.439822972   51.728882461  -15.637625498  -12.762875789
    2.576105976   -0.439822972   48.966446190  -19.282198509  -13.006560214
    2.638937829   -0.439822972   47.255425457  -21.171790138  -11.935979925
    2.701769682   -0.439822972   44.484265277  -23.951497616  -12.889514856
    2.764601535   -0.439822972   42.938472950  -25.658264226  -10.506877321
    2.827433388   -0.439822972   41.452229744  -33.035346822   -9.229750237
    2.890265241   -0.439822972   39.299228319  -44.488263952   -8.476086946
    2.953097094   -0.439822972   33.968906219  -63.582332901   -9.587050410
    3.015928947   -0.439822972   34.409460982  -69.762337566  -10.625051819
    3.078760801   -0.439822972   30.186326765  -59.643090731  -13.009664626

   -3.141592654   -0.376991118   26.592878884  -49.921059330   -5.308786236
   -3.078760801   -0.376991118   21.264132469  -47.502660713   -7.385656061
   -3.015928947   -0.376991118   19.855811857  -45.712779441  -10.523643497
   -2.953097094   -0.376991118   17.228218418  -44.093736156  -12.284429040
   -2.890265241   -0.376991118   18.488513727  -43.041712531  -12.444823573
   -2.827433388   -0.376991118   15.185330811  -41.978222284  -12.473152675
   -2.764601535   -0.376991118   12.815163970  -35.495640254  -13.339717068
   -2.701769682   -0.376991118    9.133280326  -30.450520082  -12.332982906
   -2.638937829   -0.376991118    9.353987716  -24.907457513  -13.745416228
   -2.576105976   -0.376991118    8.917432819   -5.994713205  -16.113324482
   -2.513274123   -0.376991118   11.292556895  -10.087226290  -19.129778143
   -2.450442270   -0.376991118   10.780701419   -7.523707365  -16.049713329
   -2.387610417   -0.376991118    9.392508006  -12.268526510  -17.073357599
   -2.324778564   -0.376991118    9.549908620  -10.528729042  -14.261516992
   -2.261946711   -0.376991118    8.039529485   -9.961262659  -15.564914095
   -2.199114858   -0.376991118    8.171429530    1.901810584  -13.087376634
   -2.136283004   -0.376991118    8.081026292    3.344040843  -10.186300063
   -2.073451151   -0.376991118    6.761132910   -5.166947956  -14.272767573
   -2.010619298   -0.376991118    6.249795724   -7.359609482  -12.736005796
   -1.947787445   -0.376991118    4.946492869  -14.771901662  -14.568405238
   -1.884955592   -0.376991118    7.782559545  -25.193664484  -16.632698691
   -1.822123739   -0.376991118    6.636233679  -31.444969594  -18.775843357
   -1.759291886   -0.376991118    5.605565469  -25.522789509  -19.271942754
   -1.696460033   -0.376991118    4.497438846  -28.712890689  -15.265132286
   -1.633628180   -0.376991118    2.909724311  -27.957154133  -12.986172299
   -1.570796327   -0.376991118    2.907487749  -28.492695576  -11.377793568
   -1.507964474   -0.376991118    2.086890377  -21.899761514   -7.945642369
   -1.445132621   -0.376991118    2.390101877  -15.353864351   -8.204354009
   -1.382300768   -0.376991118    1.562215030   -7.163838283  -10.173555021
   -1.319468915   -0.376991118    1.345286349   -1.109935750  -10.044094588
   -1.256637061   -0.376991118    2.312602792    2.536530251  -10.251444411
   -1.193805208   -0.376991118    3.926798920   -4.243707349   -8.746211726
   -1.130973355   -0.376991118    5.223318812  -12.408774260  -11.454762050
   -1.068141502   -0.376991118    3.932550978  -12.389733908  -10.342750608
   -1.005309649   -0.376991118    3.871717670   -5.294248903   -7.930419219
   -0.942477796   -0.376991118    4.213659752    5.184735973   -2.410308881
   -0.879645943   -0.376991118    6.143610588   17.172047085    3.954065678
   -0.816814090   -0.376991118    7.679290491   27.241978936   11.102587900
   -0.753982237   -0.376991118   11.315445632   28.805407609   15.125933871
   -0.691150384   -0.376991118   13.807334193   33.757566313   16.632015305
   -0.628318531   -0.376991118   17.075335708   28.361915819   16.613589725
   -0.565486678   -0.376991118   20.074988098   27.908975441   15.058265603
   -0.502654825   -0.376991118   21.832868290   25.720474668   13.870748314
   -0.439822972   -0.376991118   23.741694856   33.003612821   17.476141634
   -0.376991118   -0.376991118   26.711648180   38.546844757   22.255052095
   -0.314159265   -0.376991118   29.890212137   48.955204031   27.779310590
   -0.251327412   -0.376991118   31.453344790   46.101463906   32.716600797
   -0.188495559   -0.376991118   35.365451967   42.647118131   32.214100086
   -0.125663706   -0.376991118   38.106668638   33.829239742   29.751582660
   -0.062831853   -0.376991118   40.227251637   21.724367039   26.140720705
    0.000000000   -0.376991118   41.622931921   11.661342040   21.990320803
    0.062831853   -0.376991118   42.664228739   -1.435605158   17.621286631
    0.125663706   -0.376991118   42.291152907   -7.608225820   14.343375604
    0.188495559   -0.376991118   41.741432537  -11.943258181   10.969247825
    0.251327412   -0.376991118   40.464897177  -15.526470651    6.068913107
    0.314159265   -0.376991118   39.205463611  -18.154599187    0.733732101
    0.376991118   -0.376991118   37.677948659  -23.659206507   -4.931657171
    0.439822972   -0.376991118   32.224027174  -40.723240457  -11.863256962
    0.502654825   -0.376991118   29.023807356  -44.309869196  -15.822174354
    0.565486678   -0.376991118   25.178466215  -47.782565720  -17.189293688
    0.628318531   -0.376991118   23.916896468  -46.103763273  -15.471561434
    0.691150384   -0.376991118   21.443724767  -38.523534692  -16.595117631
    0.753982237   -0.376991118   18.326185190  -32.352697196  -18.307397968
    0.816814090   -0.376991118   15.198901487  -26.482587834  -15.629293365
    0.879645943   -0.376991118   13.742288070  -20.983915417  -17.733691042
    0.942477796   -0.376991118   11.087692267  -34.696575175  -17.580876341
    1.005309649   -0.376991118    8.697869332  -25.936434176  -17.974462980
    1.068141502   -0.376991118    8.350535462   -6.193819375  -19.169907077
    1.130973355   -0.376991118   10.756761629    1.412150161  -12.103250481
    1.193805208   -0.376991118   11.782512058   16.550743661   -9.953169334
    1.256637061   -0.376991118   14.367928028   25.780839299  -12.928345577
    1.319468915   -0.376991118   17.340539288   24.077944396  -11.275919943
    1.382300768   -0.376991118   19.670915543   31.983803386  -11.740815941
    1.445132621   -0.376991118   22.040237542   34.477984579   -9.992673506
    1.507964474   -0.376991118   24.670484621   35.070222419   -9.821611028
    1.570796327   -0.376991118   27.125031453   36.680434800   -6.400573112
    1.633628180   -0.376991118   32.509444508   40.765479216   -6.509167888
    1.696460033   -0.376991118   35.683413081   46.259778249   -4.447271496
    1.759291886   -0.376991118   39.291686180   40.385936561   -5.265441238
    1.822123739   -0.376991118   42.432330341   40.128561559   -4.742892316
    1.884955592   -0.376991118   44.257416160   36.467529325   -2.872177956
    1.947787445   -0.376991118   47.245041717   30.659096827   -1.976439183
    2.010619298   -0.376991118   50.137851340   32.658772819   -0.688002289
    2.073451151   -0.376991118   53.003613748   25.867258682    3.121567671
    2.136283004   -0.376991118   53.897627647   19.898540201    3.221933405
    2.199114858   -0.376991118   55.167670473    4.335191625    5.989943392
    2.261946711   -0.376991118   55.095912186    0.790990616    6.500946943
    2.324778564   -0.376991118   56.002455372   -5.161076701    7.045226910
    2.387610417   -0.376991118   55.170991261  -12.527945231    1.006520609
    2.450442270   -0.376991118   52.208401399  -20.784921990   -0.899330862
    2.513274123   -0.376991118   51.708749093  -19.005230729   -4.353540407
    2.576105976   -0.376991118   48.830917940  -21.984152052   -4.447787659
    2.638937829   -0.376991118   47.116924204  -22.459764264   -3.097715393
    2.701769682   -0.376991118   44.220217554  -24.232533601   -4.034450840
    2.764601535   -0.376991118   42.782813830  -26.140333704   -1.715709195
    2.827433388   -0.376991118   41.341719631  -34.041428831   -0.606912721
    2.890265241   -0.376991118   39.221845772  -44.252834908   -0.266715900
    2.953097094   -0.376991118   33.822502733  -63.937785782   -1.874903428
    3.015928947   -0.376991118   34.196555430  -70.075643344   -4.041609980
    3.078760801   -0.376991118   29.861189016  -60.235412269   -6.276547648

   -3.141592654   -0.314159265   25.579869823  -53.981197953   -8.564985426
   -3.078760801   -0.314159265   20.005839715  -51.665640106  -10.006110186
   -3.015928947   -0.314159265   18.280401435  -49.885112514  -12.907792823
   -2.953097094   -0.314159265   15.440050404  -45.587999810  -15.112447451
   -2.890265241   -0.314159265   16.615270009  -43.159944125  -16.470630069
   -2.827433388   -0.314159265   13.387283752  -41.154952087  -15.522015413
   -2.764601535   -0.314159265   11.076282368  -34.362293704  -16.545770939
   -2.701769682   -0.314159265    7.669263289  -28.132156459  -14.322487858
   -2.638937829   -0.314159265    8.035011340  -21.296504357  -15.088604064
   -2.576105976   -0.314159265    7.681682042   -2.748041836  -16.876426070
   -2.513274123   -0.314159265   10.049130410   -7.109699966  -20.184935627
   -2.450442270   -0.314159265    9.879855129   -4.970449680  -16.618356898
   -2.387610417   -0.314159265    8.558711603  -10.299492990  -16.140155710
   -2.324778564   -0.314159265    8.987016526   -9.252395689  -11.199316885
   -2.261946711   -0.314159265    7.470536591   -8.179631548   -9.520729070
   -2.199114858   -0.314159265    7.800079702    3.241000329   -4.174598460
   -2.136283004   -0.314159265    7.879874214    4.383996717    0.001214135
   -2.073451151   -0.314159265    6.238719607   -5.140282142   -4.017475147
   -2.010619298   -0.314159265    5.716771921   -8.483673488   -3.705952842
   -1.947787445   -0.314159265    4.199023775  -17.272961466   -6.510821616
   -1.884955592   -0.314159265    6.806770258  -27.667717930   -9.718970944
   -1.822123739   -0.314159265    5.507621576  -32.954854743  -10.991396368
   -1.759291886   -0.314159265    4.459670207  -25.085293439   -9.923838155
   -1.696460033   -0.314159265    3.645225624  -26.453818871   -4.370889233
   -1.633628180   -0.314159265    2.248966053  -24.907923389   -0.868320361
   -1.570796327   -0.314159265    2.362450952  -25.445660407    0.849890167
   -1.507964474   -0.314159265    1.796709490  -19.608363191    4.426646357
   -1.445132621   -0.314159265    2.064946668  -14.407294920    2.089807545
   -1.382300768   -0.314159265    1.062967760   -7.648021327   -2.977375834
   -1.319468915   -0.314159265    0.814730216   -2.643831194   -5.741153134
   -1.256637061   -0.314159265    1.778893933    0.172316324   -7.228674944
   -1.193805208   -0.314159265    3.507440288   -5.997438097   -6.628122639
   -1.130973355   -0.314159265    4.703396024  -12.181388249   -8.677533487
   -1.068141502   -0.314159265    3.579655466   -9.701380281   -5.789536925
   -1.005309649   -0.314159265    3.772806341    0.004427482   -1.413264988
   -0.942477796   -0.314159265    4.522789381   12.074675510    5.381631979
   -0.879645943   -0.314159265    6.864631068   23.649535821   11.821660245
   -0.816814090   -0.314159265    8.828782782   32.378346820   18.467411807
   -0.753982237   -0.314159265   12.643593069   31.242214746   20.910057503
   -0.691150384   -0.314159265   15.159223592   33.926020608   21.577725363
   -0.628318531   -0.314159265   18.383802249   27.521201498   22.339950592
   -0.565486678   -0.314159265   21.259296363   27.573719344   21.929823398
   -0.502654825   -0.314159265   22.974884886   28.176459366   23.402294574
   -0.439822972   -0.314159265   25.134864214   37.115194436   28.824533116
   -0.376991118   -0.314159265   28.388764976   43.408448634   33.784332846
   -0.314159265   -0.314159265   31.842576738   51.620183983   37.322581095
   -0.251327412   -0.314159265   33.617594773   46.484644280   38.987033718
   -0.188495559   -0.314159265   37.410412709   40.262173536   35.372977497
   -0.125663706   -0.314159265   39.938041212   29.998737134   30.780633016
   -0.062831853   -0.314159265   41.829822669   17.989693179   26.418102075
    0.000000000   -0.314159265   42.969797575    8.588337898   21.893560600
    0.062831853   -0.314159265   43.738803668   -5.149109486   16.794352197
    0.125663706   -0.314159265   43.166140899  -11.056446341   12.967376662
    0.188495559   -0.314159265   42.410070176  -16.286503038    8.561796303
    0.251327412   -0.314159265   40.843267962  -20.017293170    2.649334787
    0.314159265   -0.314159265   39.281992074  -22.342032612   -3.528767213
    0.376991118   -0.314159265   37.485943948  -27.125893809   -9.257479437
    0.439822972   -0.314159265   31.722413992  -42.918349248  -15.517874065
    0.502654825   -0.314159265   28.432140521  -45.318578568  -18.321692677
    0.565486678   -0.314159265   24.670801713  -46.823814045  -18.580655340
    0.628318531   -0.314159265   23.681864620  -44.691754355  -16.049713931
    0.691150384   -0.314159265   21.280421561  -36.562960200  -16.690495753
    0.753982237   -0.314159265   18.199106895  -29.900738536  -17.469355651
    0.816814090   -0.314159265   15.336751081  -24.549407574  -14.916830494
    0.879645943   -0.314159265   13.805712297  -20.926081960  -17.571416744
    0.942477796   -0.314159265   11.256589102  -34.149554374  -16.356196767
    1.005309649   -0.314159265    8.919850319  -24.673951833  -15.866343083
    1.068141502   -0.314159265    8.558243336   -3.271563114  -16.177372537
    1.130973355   -0.314159265   11.352801236    4.173727203  -12.269033966
    1.193805208   -0.314159265   12.559124562   19.105871843  -10.368612429
    1.256637061   -0.314159265   15.004869153   28.093992280  -13.706609912
    1.319468915   -0.314159265   18.096309820   24.873721280  -13.766669948
    1.382300768   -0.314159265   20.459008276   32.317535763  -15.399129795
    1.445132621   -0.314159265   23.031654504   34.853609246  -13.891545778
    1.507964474   -0.314159265   25.792615545   37.295751041  -13.195801074
    1.570796327   -0.314159265   28.567752124   39.256106886   -9.193246928
    1.633628180   -0.314159265   33.987794986   43.616121310   -9.709317201
    1.696460033   -0.314159265   37.293391990   48.961421074   -8.039254481
    1.759291886   -0.314159265   40.802809349   41.023931278   -8.873760872
    1.822123739   -0.314159265   43.837679390   38.858430159   -9.251643718
    1.884955592   -0.314159265   45.590670076   34.206817834   -8.268955879
    1.947787445   -0.314159265   48.405239245   27.894068603   -8.070544902
    2.010619298   -0.314159265   51.124930295   29.468729682   -7.104509586
    2.073451151   -0.314159265   53.987116961   22.591928119   -3.221458661
    2.136283004   -0.314159265   54.669686791   16.489092134   -2.217272498
    2.199114858   -0.314159265   55.897012835    0.619020275    0.957696920
    2.261946711   -0.314159265   55.713407467   -2.425608871    3.429516738
    2.324778564   -0.314159265   56.547888346   -8.115675589    6.371866818
    2.387610417   -0.314159265   55.261333055  -15.754261632    2.628463315
    2.450442270   -0.314159265   52.128799893  -23.297648554    2.800464926
    2.513274123   -0.314159265   51.369371889  -21.245384013    1.021337818
    2.576105976   -0.314159265   48.469196367  -23.608654498    2.038454107
    2.638937829   -0.314159265   46.818404882  -23.127639923    3.570707029
    2.701769682   -0.314159265   43.838364960  -24.320234118    1.911153119
    2.764601535   -0.314159265   42.524788166  -26.491292516    3.292583022
    2.827433388   -0.314159265   41.124272129  -35.317742840    3.001529807
    2.890265241   -0.314159265   38.980071823  -44.958088127    1.756441726
    2.953097094   -0.314159265   33.396169491  -66.098063476   -1.889778859
    3.015928947   -0.314159265   33.523313455  -72.799839524   -5.806912513
    3.078760801   -0.314159265   28.933065608  -63.937529114   -8.712535033

   -3.141592654   -0.251327412   26.936197456  -54.508476126   -7.683025875
   -3.078760801   -0.251327412   21.386605646  -52.173150504   -6.794432261
   -3.015928947   -0.251327412   19.559409749  -51.924646190   -7.558340234
   -2.953097094   -0.251327412   16.619273574  -46.035214773   -8.094452000
   -2.890265241   -0.251327412   17.669694287  -44.092821416   -9.115825211
   -2.827433388   -0.251327412   14.469726124  -42.906290160   -6.538053384
   -2.764601535   -0.251327412   11.961461619  -37.316047167   -8.009744634
   -2.701769682   -0.251327412    8.553922199  -31.314004884   -5.463748292
   -2.638937829   -0.251327412    8.683512144  -24.199267360   -6.699716920
   -2.576105976   -0.251327412    7.994838463   -6.508800104   -9.316130857
   -2.513274123   -0.251327412    9.916581114  -10.191158817  -13.907248928
   -2.450442270   -0.251327412    9.762450987   -7.109850932  -10.963838074
   -2.387610417   -0.251327412    8.308761039  -10.739702091   -9.740067637
   -2.324778564   -0.251327412    8.937218700   -8.303476642   -3.660320420
   -2.261946711   -0.251327412    7.463834761   -5.670793790   -0.794194213
   -2.199114858   -0.251327412    8.080865887    5.294923054    4.985775563
   -2.136283004   -0.251327412    8.362987261    5.518833408    8.153294158
   -2.073451151   -0.251327412    6.466447239   -4.882241711    3.197609929
   -2.010619298   -0.251327412    5.945468430   -8.954095102    1.490908113
   -1.947787445   -0.251327412    4.302248863  -18.152035700   -1.577260998
   -1.884955592   -0.251327412    6.810602141  -26.846505827   -3.730288376
   -1.822123739   -0.251327412    5.567506752  -30.418778542   -2.888321292
   -1.759291886   -0.251327412    4.708961919  -21.676907753   -0.285372643
   -1.696460033   -0.251327412    4.314449046  -22.314087727    6.042207703
   -1.633628180   -0.251327412    3.174295412  -21.511405005    9.793278520
   -1.570796327   -0.251327412    3.377688610  -23.174995707   10.853471696
   -1.507964474   -0.251327412    3.001781228  -19.497840663   13.812588560
   -1.445132621   -0.251327412    3.008609451  -16.834874369    9.231582965
   -1.382300768   -0.251327412    1.550856587  -12.104493870    1.692748027
   -1.319468915   -0.251327412    1.011709804   -7.875074301   -2.520543995
   -1.256637061   -0.251327412    1.805600543   -5.012237590   -3.591684686
   -1.193805208   -0.251327412    3.494514054   -9.425605872   -2.719284325
   -1.130973355   -0.251327412    4.528494560  -12.526383917   -3.075121860
   -1.068141502   -0.251327412    3.569633634   -7.042400944    1.875098589
   -1.005309649   -0.251327412    4.006508829    4.911512795    7.602354068
   -0.942477796   -0.251327412    5.096801669   17.361708332   13.689735024
   -0.879645943   -0.251327412    7.740174304   28.270686225   19.070107715
   -0.816814090   -0.251327412   10.006444692   35.458811433   23.659315161
   -0.753982237   -0.251327412   13.855900756   32.452647283   24.090913557
   -0.691150384   -0.251327412   16.370815305   34.511693085   24.561353238
   -0.628318531   -0.251327412   19.636966576   28.127423272   26.029913026
   -0.565486678   -0.251327412   22.512315152   30.111142622   26.800578412
   -0.502654825   -0.251327412   24.367713000   32.993724735   29.806201862
   -0.439822972   -0.251327412   26.881267213   42.255700746   35.247499207
   -0.376991118   -0.251327412   30.427540514   47.082864439   38.741281592
   -0.314159265   -0.251327412   34.035949768   51.811671175   39.707847182
   -0.251327412   -0.251327412   35.858212710   44.302298538   38.792151391
   -0.188495559   -0.251327412   39.425547005   36.648582590   34.210213488
   -0.125663706   -0.251327412   41.684241052   25.881625806   28.850570341
   -0.062831853   -0.251327412   43.363744087   14.525719197   24.537161961
    0.000000000   -0.251327412   44.277871508    5.885520632   19.845627060
    0.062831853   -0.251327412   44.798571727   -8.357892789   14.746958153
    0.125663706   -0.251327412   44.018800113  -14.655410940   10.143598949
    0.188495559   -0.251327412   43.008287200  -21.547134569    4.484345975
    0.251327412   -0.251327412   41.109301413  -25.272893526   -1.799726935
    0.314159265   -0.251327412   39.186378937  -27.639860791   -8.577150386
    0.376991118   -0.251327412   37.039290124  -31.748080826  -14.498818515
    0.439822972   -0.251327412   30.939855786  -46.043077914  -19.521013052
    0.502654825   -0.251327412   27.505889706  -47.469583377  -21.325130831
    0.565486678   -0.251327412   23.747190063  -47.387653654  -20.892608113
    0.628318531   -0.251327412   22.916251139  -44.847116742  -17.876650785
    0.691150384   -0.251327412   20.475863000  -36.291528331  -17.862437456
    0.753982237   -0.251327412   17.353084461  -29.396807396  -17.949261732
    0.816814090   -0.251327412   14.607365541  -24.911415557  -15.906059431
    0.879645943   -0.251327412   12.888679104  -22.650581935  -18.776108602
    0.942477796   -0.251327412   10.430928038  -33.916067325  -16.674110396
    1.005309649   -0.251327412    8.142941327  -23.092950373  -14.822304417
    1.068141502   -0.251327412    7.771823954   -0.984741346  -14.241486983
    1.130973355   -0.251327412   10.672625070    5.519761917  -13.648245174
    1.193805208   -0.251327412   11.949550371   19.571449022  -12.079457502
    1.256637061   -0.251327412   14.137098046   27.635135573  -15.376005235
    1.319468915   -0.251327412   17.107898711   22.524376087  -17.042471426
    1.382300768   -0.251327412   19.286649739   29.800506175  -18.988549013
    1.445132621   -0.251327412   21.886754050   32.852544165  -17.283577151
    1.507964474   -0.251327412   24.662208688   37.698374598  -15.711659423
    1.570796327   -0.251327412   27.666332940   40.397831309  -11.496578454
    1.633628180   -0.251327412   33.009878574   45.539229411  -13.603622499
    1.696460033   -0.251327412   36.438571874   51.899006958  -12.950801402
    1.759291886   -0.251327412   39.964991582   43.312845916  -14.529527134
    1.822123739   -0.251327412   43.069529451   41.205853025  -16.137160281
    1.884955592   -0.251327412   45.034020780   37.349275205  -15.896766012
    1.947787445   -0.251327412   48.045330400   31.982025928  -16.338884935
    2.010619298   -0.251327412   51.047332425   34.173426380  -15.514157382
    2.073451151   -0.251327412   54.383107493   27.655222799  -11.577954346
    2.136283004   -0.251327412   55.386440118   21.519599127   -9.406190641
    2.199114858   -0.251327412   57.038085126    5.371830048   -5.513016888
    2.261946711   -0.251327412   57.259563730    2.133493393   -0.934027768
    2.324778564   -0.251327412   58.519029196   -4.198977114    4.929107430
    2.387610417   -0.251327412   57.173604548  -13.950247608    3.178475819
    2.450442270   -0.251327412   54.177145452  -22.113533109    5.043931520
    2.513274123   -0.251327412   53.357517036  -21.369432449    4.251155153
    2.576105976   -0.251327412   50.509202301  -24.934150597    5.076726927
    2.638937829   -0.251327412   48.893472169  -25.226448494    5.711601551
    2.701769682   -0.251327412   45.738013606  -26.675204452    3.081949038
    2.764601535   -0.251327412   44.423774633  -28.934956099    2.931608334
    2.827433388   -0.251327412   42.941108078  -37.785632311    1.356761976
    2.890265241   -0.251327412   40.706642394  -45.912807271   -0.454504188
    2.953097094   -0.251327412   34.900779954  -67.630483157   -4.694351116
    3.015928947   -0.251327412   34.833651945  -73.357590722   -8.330807589
    3.078760801   -0.251327412   30.172859054  -64.353097465   -9.383239670

   -3.141592654   -0.188495559   27.398747922  -58.297149275  -11.698672162
   -3.078760801   -0.188495559   21.716035873  -54.968362409   -8.816388499
   -3.015928947   -0.188495559   19.684169622  -55.582960712   -6.962612103
   -2.953097094   -0.188495559   16.541272610  -47.612795611   -5.934424806
   -2.890265241   -0.188495559   17.397909361  -45.356858927   -5.194018307
   -2.827433388   -0.188495559   14.275406277  -44.716103626   -0.355953876
   -2.764601535   -0.188495559   11.554387866  -39.669951382   -1.672854310
   -2.701769682   -0.188495559    8.216986161  -33.390464222    1.375327837
   -2.638937829   -0.188495559    8.176699367  -26.264881273    0.169239850
   -2.576105976   -0.188495559    7.230443345   -9.372458539   -2.898138430
   -2.513274123   -0.188495559    8.752325080  -12.324561690   -8.512391251
   -2.450442270   -0.188495559    8.700872994   -7.661646702   -5.786824421
   -2.387610417   -0.188495559    7.272000746   -9.006363814   -4.325781960
   -2.324778564   -0.188495559    8.223398446   -5.840948024    0.989443016
   -2.261946711   -0.188495559    6.890475985   -2.664856737    2.937324634
   -2.199114858   -0.188495559    7.824960225    6.488468239    6.403503981
   -2.136283004   -0.188495559    8.266647648    5.109932209    6.289998482
   -2.073451151   -0.188495559    6.075583573   -5.738313109   -1.125185609
   -2.010619298   -0.188495559    5.494931837   -9.235906276   -5.445054393
   -1.947787445   -0.188495559    3.829942748  -16.553825909   -8.581488190
   -1.884955592   -0.188495559    6.407666569  -22.330387512  -10.431639058
   -1.822123739   -0.188495559    5.465925276  -23.997717315   -9.154852398
   -1.759291886   -0.188495559    4.999751982  -14.910941095   -7.278067180
   -1.696460033   -0.188495559    5.203118229  -15.174883192   -2.725449336
   -1.633628180   -0.188495559    4.495905439  -15.360986219   -0.489531752
   -1.570796327   -0.188495559    4.935303320  -18.536914327   -1.007239966
   -1.507964474   -0.188495559    4.892509679  -17.646402781    0.677425130
   -1.445132621   -0.188495559    4.696859219  -18.316628487   -5.174614427
   -1.382300768   -0.188495559    2.831429396  -15.536062200  -12.502247257
   -1.319468915   -0.188495559    2.048363086  -12.125807424  -15.486231171
   -1.256637061   -0.188495559    2.784753245   -9.574725826  -13.074992151
   -1.193805208   -0.188495559    4.458459411  -12.025098383   -8.955649034
   -1.130973355   -0.188495559    5.353173746  -12.778555124   -5.766846505
   -1.068141502   -0.188495559    4.530179061   -5.831096374    2.100762291
   -1.005309649   -0.188495559    5.065778088    6.594267983    9.282544305
   -0.942477796   -0.188495559    6.217624583   18.071785381   14.800594974
   -0.879645943   -0.188495559    8.838750279   27.481707832   18.694896485
   -0.816814090   -0.188495559   11.057430979   32.986912469   21.569974272
   -0.753982237   -0.188495559   14.624231128   29.417264968   20.082424602
   -0.691150384   -0.188495559   16.923004514   32.102542026   19.499959023
   -0.628318531   -0.188495559   20.091662173   26.966941842   20.351980953
   -0.565486678   -0.188495559   22.846101004   31.182444621   20.129514055
   -0.502654825   -0.188495559   24.760998856   35.918249412   22.214435923
   -0.439822972   -0.188495559   27.476841501   44.450719965   25.299287018
   -0.376991118   -0.188495559   31.130470777   47.512224615   26.353522039
   -0.314159265   -0.188495559   34.702195061   49.371163932   24.598934886
   -0.251327412   -0.188495559   36.451946171   41.116504186   22.216698372
   -0.188495559   -0.188495559   39.772011147   32.761804732   16.923414212
   -0.125663706   -0.188495559   41.786043451   22.590400754   11.362353483
   -0.062831853   -0.188495559   43.323923937   12.384653078    7.408182861
    0.000000000   -0.188495559   44.099921539    4.746777170    3.274337675
    0.062831853   -0.188495559   44.464417894  -10.289965799   -1.123154468
    0.125663706   -0.188495559   43.533380682  -17.631087436   -5.862456285
    0.188495559   -0.188495559   42.315745390  -25.496627822  -11.092250091
    0.251327412   -0.188495559   40.156632819  -29.588108307  -17.001143096
    0.314159265   -0.188495559   37.925616803  -31.490467397  -22.896171388
    0.376991118   -0.188495559   35.517940048  -35.181106309  -27.461809327
    0.439822972   -0.188495559   29.202577822  -48.006536964  -30.284195984
    0.502654825   -0.188495559   25.687843417  -49.329489963  -30.803586450
    0.565486678   -0.188495559   22.001819730  -47.191660775  -28.151191498
    0.628318531   -0.188495559   21.346005547  -44.405337425  -24.274883174
    0.691150384   -0.188495559   18.872950910  -35.855217302  -23.133512730
    0.753982237   -0.188495559   15.710610889  -29.608786871  -22.019555221
    0.816814090   -0.188495559   13.003540742  -26.574051607  -20.461647567
    0.879645943   -0.188495559   11.039344375  -25.336643680  -23.143814297
    0.942477796   -0.188495559    8.702808491  -32.694660179  -19.765919122
    1.005309649   -0.188495559    6.538052460  -20.454515681  -16.369093386
    1.068141502   -0.188495559    6.229664675    1.981067515  -14.195516793
    1.130973355   -0.188495559    9.113842095    8.081039865  -15.502446228
    1.193805208   -0.188495559   10.535826146   21.539707978  -13.627770652
    1.256637061   -0.188495559   12.571213121   28.681661529  -16.847203467
    1.319468915   -0.188495559   15.496058549   22.639546062  -19.025229144
    1.382300768   -0.188495559   17.661096311   30.359256681  -20.557064491
    1.445132621   -0.188495559   20.496260740   34.683076656  -17.802169752
    1.507964474   -0.188495559   23.544410821   41.002951703  -14.510403206
    1.570796327   -0.188495559   26.909081446   42.850799557  -10.506295456
    1.633628180   -0.188495559   32.182058402   47.424508125  -13.757008029
    1.696460033   -0.188495559   35.707444986   53.305611238  -14.402877194
    1.759291886   -0.188495559   39.210323450   43.589223143  -15.741543006
    1.822123739   -0.188495559   42.291259799   41.383642582  -17.283419317
    1.884955592   -0.188495559   44.339854253   38.175771868  -17.050058187
    1.947787445   -0.188495559   47.389559577   33.864407005  -17.724840250
    2.010619298   -0.188495559   50.505516827   36.674313684  -17.376309765
    2.073451151   -0.188495559   54.171115452   31.456899032  -13.559648159
    2.136283004   -0.188495559   55.448464612   26.084297118  -10.401608053
    2.199114858   -0.188495559   57.483004879   11.021078041   -6.090175707
    2.261946711   -0.188495559   58.186988136    8.628929980   -0.004358953
    2.324778564   -0.188495559   60.036113734    2.102795171    7.526852633
    2.387610417   -0.188495559   58.823510585   -9.242855834    7.755744756
    2.450442270   -0.188495559   56.173072564  -17.679936272   10.747793305
    2.513274123   -0.188495559   55.486810225  -18.728140500    9.994807798
    2.576105976   -0.188495559   52.832714615  -24.596782063    9.948343617
    2.638937829   -0.188495559   51.352215132  -26.510248193    9.481421913
    2.701769682   -0.188495559   48.063609327  -29.427498301    5.303190457
    2.764601535   -0.188495559   46.668370366  -33.070024137    2.339355672
    2.827433388   -0.188495559   44.978927314  -42.231966368   -1.590163839
    2.890265241   -0.188495559   42.481272567  -49.640817443   -4.956850395
    2.953097094   -0.188495559   36.196804775  -72.377378755  -10.669060940
    3.015928947   -0.188495559   35.680934598  -77.408770468  -14.526666736
    3.078760801   -0.188495559   30.751856441  -68.128383390  -14.461382348

   -3.141592654   -0.125663706   30.236284005  -54.436528929  -18.033675581
   -3.078760801   -0.125663706   24.869494554  -51.015981904  -14.436358684
   -3.015928947   -0.125663706   23.015236347  -54.335031183  -11.761316380
   -2.953097094   -0.125663706   19.910759106  -46.243263904  -10.175407208
   -2.890265241   -0.125663706   20.701403973  -45.784391012   -8.371359276
   -2.827433388   -0.125663706   17.683878216  -48.427026140   -1.876262261
   -2.764601535   -0.125663706   14.511106058  -46.215444798   -3.641577454
   -2.701769682   -0.125663706   10.939646275  -41.279566210   -0.218099436
   -2.638937829   -0.125663706   10.332694479  -35.138908700   -1.553160260
   -2.576105976   -0.125663706    8.689306558  -19.755150270   -4.538477939
   -2.513274123   -0.125663706    9.360319998  -21.071800506   -9.983078834
   -2.450442270   -0.125663706    9.003895748  -14.376150058   -7.564535435
   -2.387610417   -0.125663706    7.245731697  -13.379659527   -6.447436890
   -2.324778564   -0.125663706    8.119328322   -9.564835197   -3.097688825
   -2.261946711   -0.125663706    6.564517642   -6.539762323   -3.043119767
   -2.199114858   -0.125663706    7.416528675    0.921495180   -2.474449930
   -2.136283004   -0.125663706    7.668299674   -0.731628328   -4.528113275
   -2.073451151   -0.125663706    4.995602334   -9.174914029  -11.958986845
   -2.010619298   -0.125663706    4.275415095   -9.077808557  -15.347749210
   -1.947787445   -0.125663706    2.716687048  -12.147108091  -15.611294367
   -1.884955592   -0.125663706    5.550391154  -14.602415884  -14.972192040
   -1.822123739   -0.125663706    5.080621828  -15.458778562  -11.977671165
   -1.759291886   -0.125663706    5.095293186   -6.899120950   -9.317784200
   -1.696460033   -0.125663706    5.893570321   -8.411326788   -4.772062159
   -1.633628180   -0.125663706    5.581242289  -10.106519182   -2.424143624
   -1.570796327   -0.125663706    6.171973736  -15.360606725   -2.934688781
   -1.507964474   -0.125663706    6.368458050  -17.293720630   -0.658162780
   -1.445132621   -0.125663706    5.875113294  -20.006814795   -5.644163423
   -1.382300768   -0.125663706    3.595674038  -18.269033275  -10.997895845
   -1.319468915   -0.125663706    2.634510125  -14.085444095  -11.823422044
   -1.256637061   -0.125663706    3.529474548  -10.650604241   -6.120932914
   -1.193805208   -0.125663706    5.392185960  -10.557079874   -0.274740461
   -1.130973355   -0.125663706    6.394376736   -9.414089817    4.358526834
   -1.068141502   -0.125663706    5.919703712   -1.617992380   12.335537541
   -1.005309649   -0.125663706    6.749235156   10.359846591   18.956894093
   -0.942477796   -0.125663706    8.070363577   20.477726257   22.463096579
   -0.879645943   -0.125663706   10.772036020   27.997056872   24.186257520
   -0.816814090   -0.125663706   13.031308561   32.107539229   25.159018142
   -0.753982237   -0.125663706   16.395738123   28.091095682   21.876795618
   -0.691150384   -0.125663706   18.592500344   31.389818525   20.231496121
   -0.628318531   -0.125663706   21.775028442   27.248578516   20.383054549
   -0.565486678   -0.125663706   24.483610079   33.442788700   19.346309162
   -0.502654825   -0.125663706   26.517380998   38.735427057   20.542514638
   -0.439822972   -0.125663706   29.407513713   46.386609413   22.004875659
   -0.376991118   -0.125663706   33.165510224   47.488898977   22.327324749
   -0.314159265   -0.125663706   36.698857153   47.399677083   19.665487732
   -0.251327412   -0.125663706   38.395316579   38.421628831   16.184653840
   -0.188495559   -0.125663706   41.541771234   30.300018438   11.193607011
   -0.125663706   -0.125663706   43.405059434   20.866987627    6.265613575
   -0.062831853   -0.125663706   44.887923862   11.449165814    2.697718536
    0.000000000   -0.125663706   45.572937534    3.925767590   -1.458067685
    0.062831853   -0.125663706   45.813830344  -12.584583978   -5.702840870
    0.125663706   -0.125663706   44.690415233  -21.022585133  -10.685668983
    0.188495559   -0.125663706   43.229417119  -30.405103519  -15.839300586
    0.251327412   -0.125663706   40.751556100  -34.731481117  -21.322434214
    0.314159265   -0.125663706   38.163150752  -36.151392089  -26.650343523
    0.376991118   -0.125663706   35.447141205  -39.190596638  -30.198656458
    0.439822972   -0.125663706   28.939465987  -50.624674934  -31.330722406
    0.502654825   -0.125663706   25.329529514  -50.941096609  -30.216572549
    0.565486678   -0.125663706   21.735140045  -46.972088811  -26.352607997
    0.628318531   -0.125663706   21.200435833  -43.904044599  -22.084991266
    0.691150384   -0.125663706   18.684336465  -35.824122138  -20.564854373
    0.753982237   -0.125663706   15.468501015  -30.956770354  -19.434469563
    0.816814090   -0.125663706   12.699861315  -29.722133458  -19.252679821
    0.879645943   -0.125663706   10.444759596  -28.832998767  -22.316908881
    0.942477796   -0.125663706    8.238783236  -31.165153577  -18.315000932
    1.005309649   -0.125663706    6.236424514  -17.407701433  -13.460972662
    1.068141502   -0.125663706    5.994510639    4.016560829  -10.527852259
    1.130973355   -0.125663706    8.648293751    8.967279992  -13.345669088
    1.193805208   -0.125663706   10.065245604   20.931913623  -12.309673483
    1.256637061   -0.125663706   11.774348409   26.353372425  -15.990081145
    1.319468915   -0.125663706   14.403892583   19.359087074  -18.806194170
    1.382300768   -0.125663706   16.339256228   27.734109383  -19.611345139
    1.445132621   -0.125663706   19.163052747   32.571103014  -17.001903781
    1.507964474   -0.125663706   22.196858072   38.555579919  -13.963799086
    1.570796327   -0.125663706   25.515255875   38.559771886  -11.616839942
    1.633628180   -0.125663706   30.244768802   41.989771222  -17.299759352
    1.696460033   -0.125663706   33.412678775   47.955995441  -19.629750987
    1.759291886   -0.125663706   36.556899131   38.159979958  -21.861903823
    1.822123739   -0.125663706   39.325240765   37.141539478  -23.960541465
    1.884955592   -0.125663706   41.213561840   35.960025419  -24.924479142
    1.947787445   -0.125663706   44.128096671   33.801486439  -26.456210045
    2.010619298   -0.125663706   47.240110355   38.888181608  -27.414016165
    2.073451151   -0.125663706   51.226920045   36.226540224  -24.175181029
    2.136283004   -0.125663706   52.882496668   32.829494264  -20.439356359
    2.199114858   -0.125663706   55.430476858   19.978654427  -15.650748547
    2.261946711   -0.125663706   56.837463032   19.140682642   -8.375349096
    2.324778564   -0.125663706   59.521984590   12.035652310    0.706196030
    2.387610417   -0.125663706   58.710843890   -0.927094945    2.326069411
    2.450442270   -0.125663706   56.652692160   -9.510619895    6.398415511
    2.513274123   -0.125663706   56.316973363  -12.646099215    5.903146736
    2.576105976   -0.125663706   54.073983621  -20.402293013    5.989045851
    2.638937829   -0.125663706   52.981511453  -23.890333285    5.479352731
    2.701769682   -0.125663706   49.854658885  -28.348496043    1.289455083
    2.764601535   -0.125663706   48.655969318  -31.995803624   -2.783418002
    2.827433388   -0.125663706   47.082286076  -40.476306236   -7.828488870
    2.890265241   -0.125663706   44.734639797  -46.280608092  -11.446959452
    2.953097094   -0.125663706   38.391434477  -69.312289044  -18.041009727
    3.015928947   -0.125663706   37.898434041  -73.265974579  -22.164282782
    3.078760801   -0.125663706   33.232081013  -63.790990116  -21.177768257

   -3.141592654   -0.062831853   26.755955355  -56.146945646  -23.266073330
   -3.078760801   -0.062831853   21.412031060  -50.507367989  -20.312894210
   -3.015928947   -0.062831853   19.579714749  -54.314343389  -18.413686870
   -2.953097094   -0.062831853   16.516280396  -43.089926899  -17.484747949
   -2.890265241   -0.062831853   17.476209300  -40.982968847  -15.483019185
   -2.827433388   -0.062831853   14.996886287  -44.572324082   -9.402250979
   -2.764601535   -0.062831853   11.911002928  -42.164392599  -11.593471012
   -2.701769682   -0.062831853    8.825280856  -36.892572601   -8.222614450
   -2.638937829   -0.062831853    8.456308206  -31.035768053   -9.485769921
   -2.576105976   -0.062831853    6.978411660  -16.149440674  -11.647585661
   -2.513274123   -0.062831853    7.659966066  -17.035077964  -15.984614033
   -2.450442270   -0.062831853    7.755349276  -10.078219107  -13.582009921
   -2.387610417   -0.062831853    6.333488537   -8.568688149  -12.180113778
   -2.324778564   -0.062831853    7.584203024   -7.181583588  -10.086592566
   -2.261946711   -0.062831853    6.152317509   -6.768314053  -10.432773604
   -2.199114858   -0.062831853    7.101000570   -3.024979271  -10.044505917
   -2.136283004   -0.062831853    7.290786908   -5.879504968  -10.469638307
   -2.073451151   -0.062831853    4.209395870  -12.780844612  -15.090621066
   -2.010619298   -0.062831853    3.302568240  -10.213383590  -16.081975973
   -1.947787445   -0.062831853    1.724695606  -11.046781946  -14.303164202
   -1.884955592   -0.062831853    4.540869493  -12.109070684  -12.932347404
   -1.822123739   -0.062831853    4.156583171  -13.379134426  -10.143010747
   -1.759291886   -0.062831853    4.201826983   -5.874637940   -8.636682437
   -1.696460033   -0.062831853    5.151611397   -7.936322676   -5.491890391
   -1.633628180   -0.062831853    4.902561672   -9.446545250   -3.360507523
   -1.570796327   -0.062831853    5.399401940  -14.744655203   -4.062803098
   -1.507964474   -0.062831853    5.742873939  -17.146358026   -0.796133467
   -1.445132621   -0.062831853    5.005308394  -19.892390552   -3.733514862
   -1.382300768   -0.062831853    2.545552448  -16.723987877   -5.362635556
   -1.319468915   -0.062831853    1.691763986  -10.711289589   -3.157800646
   -1.256637061   -0.062831853    3.152394382   -5.642477405    6.562928573
   -1.193805208   -0.062831853    5.507482924   -3.665782822   13.440086947
   -1.130973355   -0.062831853    6.926891941   -1.673576405   19.452439737
   -1.068141502   -0.062831853    7.035694939    5.625476639   27.322882863
   -1.005309649   -0.062831853    8.317327884   15.748535755   32.889656349
   -0.942477796   -0.062831853    9.852324360   23.349849252   34.192514331
   -0.879645943   -0.062831853   12.648051235   28.691139389   34.135171040
   -0.816814090   -0.062831853   14.952268373   30.853315227   33.260366131
   -0.753982237   -0.062831853   18.079794952   26.416502951   28.177562512
   -0.691150384   -0.062831853   20.168486964   30.665204040   25.494256326
   -0.628318531   -0.062831853   23.364786161   27.494255807   25.019220741
   -0.565486678   -0.062831853   25.990889021   34.604521274   22.951474527
   -0.502654825   -0.062831853   28.110862584   40.416673801   23.926716652
   -0.439822972   -0.062831853   31.090557665   46.659362327   24.588255541
   -0.376991118   -0.062831853   34.878385014   45.643394639   24.500196285
   -0.314159265   -0.062831853   38.237483667   43.183142759   20.887890976
   -0.251327412   -0.062831853   39.735742694   33.970484574   17.121513552
   -0.188495559   -0.062831853   42.610634712   25.966061010   12.141979426
   -0.125663706   -0.062831853   44.206129821   17.266150692    7.332980455
   -0.062831853   -0.062831853   45.501698604    8.421937831    3.543327275
    0.000000000   -0.062831853   45.977380682    1.307102851   -0.507700876
    0.062831853   -0.062831853   46.008282322  -16.296803700   -4.629602510
    0.125663706   -0.062831853   44.641321741  -24.761033967   -9.227614646
    0.188495559   -0.062831853   42.920791364  -35.029890839  -14.199232504
    0.251327412   -0.062831853   40.193002069  -38.298711442  -18.466690214
    0.314159265   -0.062831853   37.370716577  -38.340765737  -22.345202279
    0.376991118   -0.062831853   34.524148542  -40.453112314  -24.478398422
    0.439822972   -0.062831853   28.061036192  -50.079749237  -23.478543438
    0.502654825   -0.062831853   24.588098908  -49.379985893  -21.135767437
    0.565486678   -0.062831853   21.275892992  -44.052375918  -16.725237371
    0.628318531   -0.062831853   20.988814692  -40.909793293  -13.111396532
    0.691150384   -0.062831853   18.534734065  -34.729942410  -12.261993953
    0.753982237   -0.062831853   15.307648444  -32.684457743  -12.524011002
    0.816814090   -0.062831853   12.423217108  -33.415544989  -14.532175145
    0.879645943   -0.062831853    9.883010297  -31.974668451  -18.212426117
    0.942477796   -0.062831853    7.849749888  -28.570839519  -14.237419411
    1.005309649   -0.062831853    6.083736350  -13.685654200   -8.781187812
    1.068141502   -0.062831853    5.950034814    5.926098652   -5.806918527
    1.130973355   -0.062831853    8.306835302    9.757857891  -10.004009177
    1.193805208   -0.062831853    9.679213848   20.545680403  -10.259910775
    1.256637061   -0.062831853   11.095630119   24.984703961  -14.251887909
    1.319468915   -0.062831853   13.497788567   18.377726251  -17.324898851
    1.382300768   -0.062831853   15.357386355   27.576960491  -17.934919685
    1.445132621   -0.062831853   18.311363790   33.172695633  -15.509403216
    1.507964474   -0.062831853   21.523452107   38.725543012  -12.283778061
    1.570796327   -0.062831853   24.943800090   36.845446104  -10.623865917
    1.633628180   -0.062831853   29.287750825   39.328920017  -16.661622423
    1.696460033   -0.062831853   32.276146940   45.099920292  -19.176595106
    1.759291886   -0.062831853   35.297210495   35.327021199  -20.284257830
    1.822123739   -0.062831853   37.936934391   34.694818779  -21.525297231
    1.884955592   -0.062831853   39.747178159   34.510418734  -22.290242112
    1.947787445   -0.062831853   42.538992452   33.528883075  -23.696459910
    2.010619298   -0.062831853   45.556233832   39.546467422  -25.092383845
    2.073451151   -0.062831853   49.697434182   38.740507385  -22.555976207
    2.136283004   -0.062831853   51.592772193   36.456288034  -18.357307194
    2.199114858   -0.062831853   54.411265378   25.226292598  -14.038536662
    2.261946711   -0.062831853   56.237835794   24.644031703   -7.529877888
    2.324778564   -0.062831853   59.440463317   15.853212417    0.486992282
    2.387610417   -0.062831853   58.638903155   -0.066536209    0.724012768
    2.450442270   -0.062831853   56.668143706  -10.232732944    2.432742868
    2.513274123   -0.062831853   56.106507726  -15.856208576   -0.213256189
    2.576105976   -0.062831853   53.662251543  -26.104225166   -1.814886328
    2.638937829   -0.062831853   52.356995838  -31.072630579   -3.309776162
    2.701769682   -0.062831853   48.827711182  -36.297429645   -6.770921585
    2.764601535   -0.062831853   47.233439024  -39.801617365  -10.711625245
    2.827433388   -0.062831853   45.208830095  -46.689341580  -15.355037240
    2.890265241   -0.062831853   42.510614371  -50.350454380  -17.644822621
    2.953097094   -0.062831853   35.577345356  -73.606947217  -23.564120172
    3.015928947   -0.062831853   34.627953011  -75.881587486  -27.104452278
    3.078760801   -0.062831853   29.809504959  -66.118436180  -25.609122216

   -3.141592654    0.000000000   25.740993259  -54.243411244  -13.847084021
   -3.078760801    0.000000000   20.602038030  -47.258084520  -11.310959594
   -3.015928947    0.000000000   18.908080595  -52.493967838  -10.614476252
   -2.953097094    0.000000000   15.934440109  -39.436127626  -10.472836481
   -2.890265241    0.000000000   17.044659326  -37.366591029   -9.503899870
   -2.827433388    0.000000000   14.998876735  -42.986929695   -3.935082595
   -2.764601535    0.000000000   11.806479183  -41.526063423   -6.964738872
   -2.701769682    0.000000000    8.967318324  -36.566484358   -4.059213117
   -2.638937829    0.000000000    8.581338666  -30.807262721   -4.630439603
   -2.576105976    0.000000000    7.031944430  -16.721543668   -6.122626940
   -2.513274123    0.000000000    7.524682785  -17.156856115   -8.831703278
   -2.450442270    0.000000000    7.797007519   -9.896141798   -6.890994790
   -2.387610417    0.000000000    6.482633979   -7.709464735   -5.825819322
   -2.324778564    0.000000000    7.853898435   -7.780560136   -4.807510623
   -2.261946711    0.000000000    6.446010234   -8.839184787   -4.366363984
   -2.199114858    0.000000000    7.475818145   -6.409343422   -2.671432920
   -2.136283004    0.000000000    7.747322065   -8.933482752    0.215700096
   -2.073451151    0.000000000    4.473047158  -13.253169697   -1.422820063
   -2.010619298    0.000000000    3.544636113   -8.805973601   -0.797195656
   -1.947787445    0.000000000    2.100283641   -8.377161937    1.890629404
   -1.884955592    0.000000000    4.960687482   -9.222626911    2.652879496
   -1.822123739    0.000000000    4.699276113  -11.007054252    4.564489876
   -1.759291886    0.000000000    4.759049953   -4.850691050    4.699387357
   -1.696460033    0.000000000    5.844413207   -7.040942996    6.394692109
   -1.633628180    0.000000000    5.693934472   -8.327681912    7.814621792
   -1.570796327    0.000000000    6.127407348  -13.082105539    6.513452884
   -1.507964474    0.000000000    6.685560754  -15.169317036    9.503500051
   -1.445132621    0.000000000    5.837943547  -17.212257777    7.843638210
   -1.382300768    0.000000000    3.393967364  -12.692113560    8.387410095
   -1.319468915    0.000000000    2.771795010   -4.812803158   11.762766821
   -1.256637061    0.000000000    4.939287701    0.478346409   22.288414179
   -1.193805208    0.000000000    7.742813081    3.460236535   27.259364628
   -1.130973355    0.000000000    9.552332723    4.937275745   31.560269233
   -1.068141502    0.000000000   10.135609960   10.599957400   36.836284837
   -1.005309649    0.000000000   11.763911611   18.992381886   40.706880408
   -0.942477796    0.000000000   13.351746193   24.216025682   39.457443155
   -0.879645943    0.000000000   16.155067976   28.071302331   37.786897851
   -0.816814090    0.000000000   18.425014398   28.693660216   35.312869025
   -0.753982237    0.000000000   21.275906087   24.665894969   29.328722825
   -0.691150384    0.000000000   23.273393450   30.364319203   26.363834654
   -0.628318531    0.000000000   26.525473037   28.417698973   25.852644034
   -0.565486678    0.000000000   29.109812009   36.465331093   24.225424315
   -0.502654825    0.000000000   31.373436599   41.922310002   25.944240384
   -0.439822972    0.000000000   34.394841916   45.898268666   25.750133054
   -0.376991118    0.000000000   38.148464131   41.816755870   25.526490526
   -0.314159265    0.000000000   41.206461651   37.002468559   21.474866499
   -0.251327412    0.000000000   42.357800085   27.140464816   17.280161643
   -0.188495559    0.000000000   44.813107128   19.126521645   12.817483394
   -0.125663706    0.000000000   45.974372627   10.596789679    8.295311763
   -0.062831853    0.000000000   46.898689210    2.528782903    4.969384154
    0.000000000    0.000000000   46.960343159   -5.114094476    0.626505445
    0.062831853    0.000000000   46.579681843  -23.218470157   -3.379719817
    0.125663706    0.000000000   44.758571439  -31.858776604   -7.613576956
    0.188495559    0.000000000   42.531555790  -42.661251975  -12.280610714
    0.251327412    0.000000000   39.368644724  -44.874274921  -14.892760040
    0.314159265    0.000000000   36.105117548  -44.033681409  -17.496758117
    0.376991118    0.000000000   32.915184641  -45.285666000  -18.296805506
    0.439822972    0.000000000   26.327430838  -52.834617265  -15.698544440
    0.502654825    0.000000000   22.801548172  -51.298633819  -12.525769273
    0.565486678    0.000000000   19.598136060  -43.479968793   -7.930836674
    0.628318531    0.000000000   19.362658475  -39.989392899   -5.961766367
    0.691150384    0.000000000   16.848129419  -35.518913695   -6.859204197
    0.753982237    0.000000000   13.539269606  -35.390261967   -9.120200801
    0.816814090    0.000000000   10.515229888  -36.447605442  -12.991793313
    0.879645943    0.000000000    7.831231640  -31.918399726  -16.420781686
    0.942477796    0.000000000    6.152501202  -22.577116255  -13.064482780
    1.005309649    0.000000000    4.863416104   -6.810521568   -7.682149952
    1.068141502    0.000000000    5.028057972   10.017450986   -5.742912418
    1.130973355    0.000000000    7.233272108   12.740732561  -10.708637467
    1.193805208    0.000000000    8.670134592   22.420627808  -12.383450302
    1.256637061    0.000000000    9.956190568   26.206482961  -16.176825353
    1.319468915    0.000000000   12.265096307   19.783801871  -19.327073096
    1.382300768    0.000000000   14.196458898   29.673564668  -19.355394784
    1.445132621    0.000000000   17.402130519   35.758766621  -16.723134540
    1.507964474    0.000000000   20.948376348   40.897953670  -12.653320377
    1.570796327    0.000000000   24.569159989   37.313942048  -11.133048419
    1.633628180    0.000000000   28.652890093   38.820168046  -16.754798274
    1.696460033    0.000000000   31.619583183   44.832009153  -18.747912829
    1.759291886    0.000000000   34.732158052   35.547618008  -18.799055940
    1.822123739    0.000000000   37.447436027   35.134005259  -19.129838912
    1.884955592    0.000000000   39.331356436   35.378444903  -19.636135643
    1.947787445    0.000000000   42.146425842   35.525582436  -20.693764369
    2.010619298    0.000000000   45.157253592   41.627154287  -21.796968375
    2.073451151    0.000000000   49.504010845   42.352181110  -19.248399390
    2.136283004    0.000000000   51.705472314   40.401753812  -14.292339452
    2.199114858    0.000000000   54.777085734   30.056963016  -10.035238392
    2.261946711    0.000000000   56.935675715   28.580239813   -4.761141997
    2.324778564    0.000000000   60.518354617   17.302319554    1.540167581
    2.387610417    0.000000000   59.613964059   -1.424929485    0.568257902
    2.450442270    0.000000000   57.600256379  -12.538039634    0.686352871
    2.513274123    0.000000000   56.736799504  -19.760474871   -2.830072654
    2.576105976    0.000000000   54.075093657  -31.183519071   -4.653980804
    2.638937829    0.000000000   52.622076192  -36.705279171   -4.642805375
    2.701769682    0.000000000   48.865574531  -42.176575034   -5.219522493
    2.764601535    0.000000000   46.986552450  -44.941083854   -7.560690938
    2.827433388    0.000000000   44.652948780  -49.757811782  -10.519877082
    2.890265241    0.000000000   41.803738212  -51.174020810  -11.211858270
    2.953097094    0.000000000   34.505015700  -73.571932924  -15.539118289
    3.015928947    0.000000000   33.337287884  -74.225862253  -18.174469665
    3.078760801    0.000000000   28.641575214  -64.313045145  -15.751865308

   -3.141592654    0.062831853   24.720686718  -54.553360608   -4.773664361
   -3.078760801    0.062831853   19.604643267  -46.998573185   -3.573643182
   -3.015928947    0.062831853   17.790320728  -53.898941918   -5.457190864
   -2.953097094    0.062831853   14.687057663  -39.365446885   -7.181492701
   -2.890265241    0.062831853   15.770646972  -36.198728358   -7.534239822
   -2.827433388    0.062831853   13.955195653  -43.675664078   -5.089386347
   -2.764601535    0.062831853   10.553592167  -41.921974499   -9.071509525
   -2.701769682    0.062831853    7.901784597  -36.351992932   -7.149741049
   -2.638937829    0.062831853    7.548666573  -29.715132065   -7.941476226
   -2.576105976    0.062831853    6.014922268  -15.667160924   -9.318489880
   -2.513274123    0.062831853    6.516015010  -15.506410556  -11.024258439
   -2.450442270    0.062831853    7.058791358   -7.916003915  -10.590720108
   -2.387610417    0.062831853    5.992450551   -4.414628650  -11.154981276
   -2.324778564    0.062831853    7.629603784   -4.938402352  -12.183541300
   -2.261946711    0.062831853    6.530222530   -6.512071440  -11.346096304
   -2.199114858    0.062831853    7.937050385   -4.975923538   -8.841830757
   -2.136283004    0.062831853    8.635069641   -7.821043650   -3.926004050
   -2.073451151    0.062831853    5.402647591  -11.655226727   -3.828973391
   -2.010619298    0.062831853    4.508768530   -7.824650973   -2.553066632
   -1.947787445    0.062831853    3.110945126   -8.316526475    0.553391752
   -1.884955592    0.062831853    5.808713503   -9.906867852    1.719620233
   -1.822123739    0.062831853    5.411837807  -12.822449340    4.008114699
   -1.759291886    0.062831853    5.218241866   -7.609483280    4.453797164
   -1.696460033    0.062831853    6.174785090   -9.828188573    6.109203470
   -1.633628180    0.062831853    5.927320898  -10.113901394    7.832320791
   -1.570796327    0.062831853    6.148018038  -13.265031040    6.655695294
   -1.507964474    0.062831853    6.822978166  -13.829510719   10.328270915
   -1.445132621    0.062831853    5.860498622  -15.101476045   10.392286438
   -1.382300768    0.062831853    3.490516492   -8.712328267   13.784349760
   -1.319468915    0.062831853    3.047007856    0.025446471   17.562401073
   -1.256637061    0.062831853    5.838935796    4.466208704   28.157535123
   -1.193805208    0.062831853    8.799764267    6.965615503   29.897583148
   -1.130973355    0.062831853   10.749801935    7.326412202   32.263581214
   -1.068141502    0.062831853   11.544483580   11.810982528   35.905947902
   -1.005309649    0.062831853   13.325716551   18.659471732   38.992663738
   -0.942477796    0.062831853   14.728308862   21.772372356   36.660431359
   -0.879645943    0.062831853   17.374605175   24.571178704   35.455175903
   -0.816814090    0.062831853   19.451120390   24.579886556   33.737574555
   -0.753982237    0.062831853   21.893963255   21.180683486   28.395554180
   -0.691150384    0.062831853   23.701643413   28.845662527   27.257967051
   -0.628318531    0.062831853   26.923531279   28.052101023   28.313293565
   -0.565486678    0.062831853   29.400295979   36.741778440   27.734643027
   -0.502654825    0.062831853   31.734338990   41.370496980   29.699283825
   -0.439822972    0.062831853   34.676067382   43.699893007   28.496472237
   -0.376991118    0.062831853   38.350289276   37.304402810   27.064518642
   -0.314159265    0.062831853   41.082459957   31.111324200   21.431312560
   -0.251327412    0.062831853   41.937054597   21.785684224   16.490432917
   -0.188495559    0.062831853   44.118738191   14.815726044   12.254497764
   -0.125663706    0.062831853   45.052674808    7.263257150    8.156524877
   -0.062831853    0.062831853   45.801679968   -0.620220759    4.251110254
    0.000000000    0.062831853   45.657704480   -7.853470688   -0.403770904
    0.062831853    0.062831853   45.162115344  -25.201846539   -3.759356730
    0.125663706    0.062831853   43.233643987  -32.795405414   -6.808304177
    0.188495559    0.062831853   40.931933027  -42.636051611   -9.543846408
    0.251327412    0.062831853   37.853100653  -42.999611770   -9.879718905
    0.314159265    0.062831853   34.678678460  -41.124926127  -10.503264054
    0.376991118    0.062831853   31.709335852  -41.811297671   -9.480395192
    0.439822972    0.062831853   25.541711404  -47.931363469   -5.641510046
    0.502654825    0.062831853   22.461836724  -46.161163825   -1.189007386
    0.565486678    0.062831853   19.758595383  -37.669271024    3.207352821
    0.628318531    0.062831853   19.772622686  -35.890983664    2.857432700
    0.691150384    0.062831853   17.321444902  -35.367572698   -0.213053441
    0.753982237    0.062831853   13.983333529  -37.794091143   -4.170510537
    0.816814090    0.062831853   10.858542279  -38.297545654   -8.336507777
    0.879645943    0.062831853    8.124832835  -30.742836064  -10.934262388
    0.942477796    0.062831853    6.778602331  -16.988406702   -8.139586058
    1.005309649    0.062831853    5.922468501   -2.122519147   -3.912819098
    1.068141502    0.062831853    6.278981138   12.116867789   -3.239424973
    1.130973355    0.062831853    8.266734237   14.120673199   -8.333721944
    1.193805208    0.062831853    9.658249811   23.735837090  -10.902633066
    1.256637061    0.062831853   10.779422143   26.654573779  -14.524452235
    1.319468915    0.062831853   12.958689534   21.190595091  -17.046093966
    1.382300768    0.062831853   14.952596121   31.463809067  -16.336368076
    1.445132621    0.062831853   18.354179193   37.654256097  -13.462588544
    1.507964474    0.062831853   22.155131990   41.230569511   -9.250206859
    1.570796327    0.062831853   25.860937081   36.345646736   -6.922712275
    1.633628180    0.062831853   29.581297140   36.282494424  -11.339793352
    1.696460033    0.062831853   32.377677707   41.839539546  -12.354293378
    1.759291886    0.062831853   35.448840232   33.045858252  -10.895689023
    1.822123739    0.062831853   38.078131184   32.604410273   -9.826165829
    1.884955592    0.062831853   39.838358303   33.429787051   -9.549595388
    1.947787445    0.062831853   42.497627206   34.690929780   -9.250187009
    2.010619298    0.062831853   45.331491983   41.693406543   -9.390804331
    2.073451151    0.062831853   49.704753321   43.926945543   -6.881521038
    2.136283004    0.062831853   52.118861146   42.303297185   -1.229570117
    2.199114858    0.062831853   55.307081587   32.329345681    2.097735020
    2.261946711    0.062831853   57.616509742   29.940894244    5.053544610
    2.324778564    0.062831853   61.403117562   16.191914740    8.668101973
    2.387610417    0.062831853   60.262255364   -4.878692620    5.378788899
    2.450442270    0.062831853   58.103973622  -16.139863809    3.442811158
    2.513274123    0.062831853   56.901561695  -23.440550658   -0.780465273
    2.576105976    0.062831853   54.063874963  -34.921242596   -2.050206756
    2.638937829    0.062831853   52.595984934  -39.568669296   -0.334168853
    2.701769682    0.062831853   48.827316629  -45.478927152    1.869482581
    2.764601535    0.062831853   46.791824622  -47.810272140    1.235486255
    2.827433388    0.062831853   44.247126927  -50.859464774   -0.731963243
    2.890265241    0.062831853   41.317743061  -51.251803573   -0.615635083
    2.953097094    0.062831853   33.698611983  -73.484523362   -3.976083461
    3.015928947    0.062831853   32.273991631  -73.292970020   -7.414895056
    3.078760801    0.062831853   27.626572036  -64.306423503   -5.551431317

   -3.141592654    0.125663706   25.843050449  -51.683846877   -1.595353174
   -3.078760801    0.125663706   20.892416771  -44.915399516    0.562031736
   -3.015928947    0.125663706   18.976081103  -54.127257759   -1.303927746
   -2.953097094    0.125663706   15.757285112  -39.619604625   -2.268336319
   -2.890265241    0.125663706   16.747379576  -36.656320721   -2.493638965
   -2.827433388    0.125663706   14.914226820  -47.178580118   -2.465627814
   -2.764601535    0.125663706   11.134974817  -45.491668586   -6.370446790
   -2.701769682    0.125663706    8.457526685  -39.187195953   -4.717919370
   -2.638937829    0.125663706    7.930049132  -32.162379113   -4.625972402
   -2.576105976    0.125663706    6.191103419  -18.481332454   -4.842584956
   -2.513274123    0.125663706    6.501699366  -19.590741521   -4.457281286
   -2.450442270    0.125663706    6.922127020  -12.289886612   -4.699490122
   -2.387610417    0.125663706    5.699885705   -7.694611075   -5.687565729
   -2.324778564    0.125663706    7.179040666   -7.875487458   -6.716343904
   -2.261946711    0.125663706    6.111162203   -8.627350566   -4.302137150
   -2.199114858    0.125663706    7.661444927   -6.745000586   -0.362963715
   -2.136283004    0.125663706    8.678621912   -8.856187155    6.378024646
   -2.073451151    0.125663706    5.413963064  -11.052349359    6.943870687
   -2.010619298    0.125663706    4.514040349   -7.076195089    7.445228769
   -1.947787445    0.125663706    3.206365516   -7.041636537    9.777397022
   -1.884955592    0.125663706    5.837481381   -8.930738445    9.623389848
   -1.822123739    0.125663706    5.429067099  -12.768034282   10.892181470
   -1.759291886    0.125663706    5.055744703   -9.648394531    9.276370329
   -1.696460033    0.125663706    5.885095993  -12.543408514    8.949183576
   -1.633628180    0.125663706    5.508414411  -12.799676702    9.096842764
   -1.570796327    0.125663706    5.420107444  -14.906889463    6.826467750
   -1.507964474    0.125663706    6.081772942  -14.036208769    9.503809534
   -1.445132621    0.125663706    4.953955677  -14.318924438   10.051012082
   -1.382300768    0.125663706    2.648759349   -6.377861516   13.680721059
   -1.319468915    0.125663706    2.255916532    2.849873853   14.921074265
   -1.256637061    0.125663706    5.533535710    6.533781364   21.677221679
   -1.193805208    0.125663706    8.441639824    9.415254569   18.029658326
   -1.130973355    0.125663706   10.520894575   10.405379323   17.583896819
   -1.068141502    0.125663706   11.634197581   15.733914964   19.456840951
   -1.005309649    0.125663706   13.824347881   23.081150677   22.624397959
   -0.942477796    0.125663706   15.389202433   25.981134334   21.106606023
   -0.879645943    0.125663706   18.361038051   29.296314364   22.035353981
   -0.816814090    0.125663706   20.770456959   29.030292367   22.198978052
   -0.753982237    0.125663706   23.375902270   27.326000291   19.728064330
   -0.691150384    0.125663706   25.612632758   36.833226441   20.979235966
   -0.628318531    0.125663706   29.378949261   36.375431221   23.695858929
   -0.565486678    0.125663706   32.240853420   43.844544713   24.035973369
   -0.502654825    0.125663706   35.060662543   45.932056346   25.750501588
   -0.439822972    0.125663706   38.196111934   45.235830658   22.788407238
   -0.376991118    0.125663706   42.010202562   35.573450913   20.103625909
   -0.314159265    0.125663706   44.583152354   28.050481296   13.600088091
   -0.251327412    0.125663706   45.279036179   18.719437050    8.765484943
   -0.188495559    0.125663706   47.316530087   11.609235280    4.967640479
   -0.125663706    0.125663706   48.047743425    3.219565440    1.153100270
   -0.062831853    0.125663706   48.513630336   -5.771811054   -3.516232325
    0.000000000    0.125663706   48.022277844  -13.514299638   -8.099173200
    0.062831853    0.125663706   47.227104041  -30.132032302  -10.788959508
    0.125663706    0.125663706   45.029001350  -36.008104830  -11.442110684
    0.188495559    0.125663706   42.437856526  -45.824508072  -12.283861089
    0.251327412    0.125663706   39.223998652  -44.945940275  -10.147711313
    0.314159265    0.125663706   35.850074900  -43.390158457   -9.466598293
    0.376991118    0.125663706   32.778236330  -44.120721989   -7.377481123
    0.439822972    0.125663706   26.665518797  -48.890254707   -3.014553950
    0.502654825    0.125663706   23.716883454  -47.213015154    2.546109182
    0.565486678    0.125663706   21.104220903  -38.571047288    6.291757348
    0.628318531    0.125663706   20.877317283  -38.610029399    3.769218587
    0.691150384    0.125663706   18.057685494  -41.622107179   -1.090289167
    0.753982237    0.125663706   14.362527663  -44.392280652   -5.130269413
    0.816814090    0.125663706   10.944665772  -42.459288763   -8.025453233
    0.879645943    0.125663706    8.058291447  -31.200035940   -8.877934737
    0.942477796    0.125663706    6.856269445  -14.621320833   -6.327738194
    1.005309649    0.125663706    6.247869310   -0.616597939   -2.384774233
    1.068141502    0.125663706    6.630146795   11.589448184   -1.758268272
    1.130973355    0.125663706    8.344020692   13.806703099   -5.280864855
    1.193805208    0.125663706    9.593173223   24.184652124   -6.764529297
    1.256637061    0.125663706   10.507803493   26.682517971   -8.992608406
    1.319468915    0.125663706   12.520256447   21.808492751  -10.412785836
    1.382300768    0.125663706   14.520820985   32.241054082   -9.111690344
    1.445132621    0.125663706   18.039734366   38.125534262   -6.231416454
    1.507964474    0.125663706   22.035167288   41.207209451   -1.407949852
    1.570796327    0.125663706   25.814372560   35.552675542    1.623380029
    1.633628180    0.125663706   29.198662569   34.274024070   -1.368153226
    1.696460033    0.125663706   31.867617379   39.743533160   -1.170837247
    1.759291886    0.125663706   34.965562781   31.933512647    1.286593278
    1.822123739    0.125663706   37.591381928   31.329148560    3.275777814
    1.884955592    0.125663706   39.279816589   32.479314141    3.776278696
    1.947787445    0.125663706   41.860296571   34.797820919    4.421154769
    2.010619298    0.125663706   44.564910128   42.052919366    4.249617515
    2.073451151    0.125663706   48.923648137   45.154515299    4.989794226
    2.136283004    0.125663706   51.524339361   42.790200165    8.963019675
    2.199114858    0.125663706   54.750806377   32.844625111    9.849234996
    2.261946711    0.125663706   57.068392159   29.553726955    8.825577832
    2.324778564    0.125663706   60.944394545   14.045539415    8.008306429
    2.387610417    0.125663706   59.550482726   -8.012356365    1.434348899
    2.450442270    0.125663706   57.289808148  -18.445391896   -2.914107101
    2.513274123    0.125663706   55.895174786  -24.334379581   -8.729312804
    2.576105976    0.125663706   53.109366104  -34.045603071  -10.476804886
    2.638937829    0.125663706   51.914914354  -37.006633616   -9.049359736
    2.701769682    0.125663706   48.559858012  -42.360743381   -4.649034959
    2.764601535    0.125663706   46.747465514  -43.617923045   -4.474711706
    2.827433388    0.125663706   44.395224529  -45.224767752   -4.863322680
    2.890265241    0.125663706   41.784121368  -44.979685439   -3.364160648
    2.953097094    0.125663706   34.293246989  -67.784489297   -3.837879104
    3.015928947    0.125663706   32.895278617  -67.987154936   -6.313258313
    3.078760801    0.125663706   28.566354137  -60.317426659   -3.238207550

   -3.141592654    0.188495559   26.006800876  -53.459333085   -4.682499343
   -3.078760801    0.188495559   20.965777717  -45.860953620   -1.028125235
   -3.015928947    0.188495559   18.731535124  -55.446306229   -2.180587363
   -2.953097094    0.188495559   15.346240090  -40.231732059   -1.402945551
   -2.890265241    0.188495559   16.252991757  -36.539113788   -0.981533236
   -2.827433388    0.188495559   14.323241331  -48.904011033   -3.590407351
   -2.764601535    0.188495559   10.350645767  -45.862571901   -6.990030537
   -2.701769682    0.188495559    7.852151111  -37.597827663   -5.583633899
   -2.638937829    0.188495559    7.479538081  -29.015395034   -4.250065492
   -2.576105976    0.188495559    5.879541682  -15.888605747   -3.393064274
   -2.513274123    0.188495559    6.414152010  -19.626931335   -0.967509252
   -2.450442270    0.188495559    6.918787795  -13.182491723   -1.620877309
   -2.387610417    0.188495559    5.777723122   -7.292916366   -1.863799547
   -2.324778564    0.188495559    7.290084896   -7.231283711   -2.880115030
   -2.261946711    0.188495559    6.504387768   -7.269942848    0.848002394
   -2.199114858    0.188495559    8.385344717   -5.508030824    5.214240382
   -2.136283004    0.188495559    9.888574865   -8.725487523   12.321007094
   -2.073451151    0.188495559    6.652047656  -10.280062554   11.987183217
   -2.010619298    0.188495559    5.746023634   -6.255050905   11.449565695
   -1.947787445    0.188495559    4.530390034   -6.125211714   12.592235454
   -1.884955592    0.188495559    7.055909968   -8.444590267   11.050309016
   -1.822123739    0.188495559    6.606255704  -13.569213183   10.639439300
   -1.759291886    0.188495559    6.008816735  -11.831271085    8.055649878
   -1.696460033    0.188495559    6.662674225  -15.569375628    6.538355733
   -1.633628180    0.188495559    6.171748806  -15.091439835    7.071077647
   -1.570796327    0.188495559    5.823758383  -15.482767814    5.652009509
   -1.507964474    0.188495559    6.502156130  -13.568115397    8.414492805
   -1.445132621    0.188495559    5.281725144  -14.501437098    9.598048697
   -1.382300768    0.188495559    3.023778091   -6.614246789   12.455060331
   -1.319468915    0.188495559    2.423994000    0.771330606    9.656475628
   -1.256637061    0.188495559    5.808633046    2.437054038   11.301131501
   -1.193805208    0.188495559    8.153675482    5.304938846    2.223673629
   -1.130973355    0.188495559    9.973241713    7.189247670   -0.456467176
   -1.068141502    0.188495559   11.033477215   14.100745654    0.674172596
   -1.005309649    0.188495559   13.349711073   22.739729511    4.805733215
   -0.942477796    0.188495559   14.778319319   25.744574446    4.505221407
   -0.879645943    0.188495559   17.830132612   29.732178296    7.008832767
   -0.816814090    0.188495559   20.298731285   29.880859968    8.171295608
   -0.753982237    0.188495559   22.848499721   30.190345175    6.859358439
   -0.691150384    0.188495559   25.296865326   41.434718304    8.906159830
   -0.628318531    0.188495559   29.368415070   40.838263007   11.573832945
   -0.565486678    0.188495559   32.375306564   46.149261894   11.395607739
   -0.502654825    0.188495559   35.401997890   45.509768512   11.804161074
   -0.439822972    0.188495559   38.430197740   42.433085870    7.648682777
   -0.376991118    0.188495559   42.159272717   30.661045894    4.564717605
   -0.314159265    0.188495559   44.390017276   22.893564311   -1.242091499
   -0.251327412    0.188495559   44.829437056   14.125322662   -4.663963174
   -0.188495559    0.188495559   46.616081090    6.577908337   -7.477425448
   -0.125663706    0.188495559   47.035478221   -3.251651074  -10.881240277
   -0.062831853    0.188495559   47.078284077  -12.752233274  -15.520933389
    0.000000000    0.188495559   46.165874963  -19.952376749  -19.062102206
    0.062831853    0.188495559   45.075299087  -33.906795620  -19.740971708
    0.125663706    0.188495559   42.723902957  -37.519228147  -17.985354359
    0.188495559    0.188495559   39.918148147  -47.206592046  -17.438544283
    0.251327412    0.188495559   36.673141952  -45.869888732  -14.533560593
    0.314159265    0.188495559   33.149247157  -44.996602730  -14.118702729
    0.376991118    0.188495559   30.049672553  -45.730921674  -11.935657890
    0.439822972    0.188495559   24.063348094  -48.529899051   -7.666838626
    0.502654825    0.188495559   21.391623707  -46.765824123   -1.092249986
    0.565486678    0.188495559   18.914315429  -38.772449169    1.652828068
    0.628318531    0.188495559   18.437804088  -40.886289753   -2.718195311
    0.691150384    0.188495559   15.310610722  -45.878954061   -8.068643522
    0.753982237    0.188495559   11.464718481  -46.872679617  -10.687997393
    0.816814090    0.188495559    8.074139734  -41.100845055  -10.357409819
    0.879645943    0.188495559    5.360347242  -26.572965338   -8.878810423
    0.942477796    0.188495559    4.529908094   -8.586557457   -5.784348633
    1.005309649    0.188495559    4.433669629    4.999383906   -0.780762991
    1.068141502    0.188495559    5.171367604   16.518991593    1.631069257
    1.130973355    0.188495559    7.085903322   20.477654026    1.655526031
    1.193805208    0.188495559    8.614972945   32.103318089    1.262283568
    1.256637061    0.188495559    9.783620838   33.946519705   -0.357694489
    1.319468915    0.188495559   12.098837474   29.609206392   -2.566957894
    1.382300768    0.188495559   14.553130899   40.013492568   -3.372192147
    1.445132621    0.188495559   18.645319436   46.627230807   -2.785079529
    1.507964474    0.188495559   23.350922632   49.665571375    0.028890930
    1.570796327    0.188495559   27.742314713   43.512311262    1.581597098
    1.633628180    0.188495559   31.351232497   40.717673297   -2.345159783
    1.696460033    0.188495559   34.393622672   44.944826781   -3.068167415
    1.759291886    0.188495559   37.919849660   36.775709212   -1.913736537
    1.822123739    0.188495559   40.862538501   34.398737420   -0.863863268
    1.884955592    0.188495559   42.673980134   34.345776734   -1.122993237
    1.947787445    0.188495559   45.304302469   36.207333143   -0.632488005
    2.010619298    0.188495559   47.941705699   42.472993928   -0.501534738
    2.073451151    0.188495559   52.181603566   44.879159741   -0.674894089
    2.136283004    0.188495559   54.870933737   40.585438011    3.535995249
    2.199114858    0.188495559   57.958917157   29.409931102    4.666205478
    2.261946711    0.188495559   59.998073757   24.481453417    2.949400517
    2.324778564    0.188495559   63.603156213    6.801490524    0.939628743
    2.387610417    0.188495559   61.626833967  -15.901680569   -6.224806489
    2.450442270    0.188495559   58.967755813  -25.051758642  -10.286019934
    2.513274123    0.188495559   57.143370023  -29.021620131  -15.051414575
    2.576105976    0.188495559   54.191345270  -36.771441811  -16.539139676
    2.638937829    0.188495559   53.012836647  -38.234419476  -15.866604095
    2.701769682    0.188495559   49.899321623  -43.246388082  -10.877924955
    2.764601535    0.188495559   47.975041626  -44.314722471  -11.901366997
    2.827433388    0.188495559   45.469499195  -45.343106962  -12.668416533
    2.890265241    0.188495559   42.782653042  -45.664845217  -11.173320560
    2.953097094    0.188495559   35.095517572  -68.737783440   -9.455699186
    3.015928947    0.188495559   33.288427100  -69.499917917  -11.379069860
    3.078760801    0.188495559   28.897822174  -62.206014302   -7.126719271

   -3.141592654    0.251327412   26.592337980  -49.901044090   -3.384171479
   -3.078760801    0.251327412   21.798375180  -41.158709223    0.748091080
   -3.015928947    0.251327412   19.567285838  -50.350215222   -0.424007240
   -2.953097094    0.251327412   16.383613448  -35.683057164    1.065157997
   -2.890265241    0.251327412   17.498155874  -32.186934660    1.539952791
   -2.827433388    0.251327412   15.514952127  -47.915791569   -4.512152157
   -2.764601535    0.251327412   11.562296698  -43.390602646   -8.263553220
   -2.701769682    0.251327412    9.394039733  -32.900973021   -8.215297523
   -2.638937829    0.251327412    9.401359827  -22.537973866   -7.193054355
   -2.576105976    0.251327412    8.150018696  -10.141795505   -7.278176955
   -2.513274123    0.251327412    9.132816633  -17.953751015   -5.366193811
   -2.450442270    0.251327412    9.808117640  -12.542912128   -8.221598463
   -2.387610417    0.251327412    8.832101122   -5.796883747  -10.291945126
   -2.324778564    0.251327412   10.408843810   -5.880088980  -12.785886826
   -2.261946711    0.251327412    9.924017808   -6.423590541  -10.039056128
   -2.199114858    0.251327412   12.051321097   -5.967526005   -7.390280951
   -2.136283004    0.251327412   13.885587157  -11.760228502   -2.011441978
   -2.073451151    0.251327412   10.470063703  -13.328713607   -3.361774682
   -2.010619298    0.251327412    9.313856516   -9.643582277   -5.030155724
   -1.947787445    0.251327412    7.930737374   -9.484523900   -4.503181173
   -1.884955592    0.251327412   10.090428319  -11.974505546   -6.821532455
   -1.822123739    0.251327412    9.381339535  -17.317527635   -6.678577201
   -1.759291886    0.251327412    8.400990399  -15.989782891   -8.357302254
   -1.696460033    0.251327412    8.781888298  -18.545895247   -7.988732593
   -1.633628180    0.251327412    8.198508656  -16.543102131   -4.328878659
   -1.570796327    0.251327412    7.643232472  -15.169003499   -2.930648946
   -1.507964474    0.251327412    8.349129547  -12.723447686    0.929712626
   -1.445132621    0.251327412    7.085367312  -15.863982864    3.475894802
   -1.382300768    0.251327412    4.842585315   -9.092077020    5.992011577
   -1.319468915    0.251327412    3.888380354   -3.775203751    1.061814791
   -1.256637061    0.251327412    7.189249789   -2.915745035   -0.090082458
   -1.193805208    0.251327412    8.870598497    2.155102306  -10.202016788
   -1.130973355    0.251327412   10.558613511    6.896411370  -11.360267656
   -1.068141502    0.251327412   11.791405619   16.562369960   -8.175003572
   -1.005309649    0.251327412   14.522619536   26.647447472   -1.737008551
   -0.942477796    0.251327412   16.070618846   29.195166939   -0.755774454
   -0.879645943    0.251327412   19.444168956   33.065340316    2.662332684
   -0.816814090    0.251327412   22.124600779   32.881885973    3.606751148
   -0.753982237    0.251327412   24.717504161   34.269755255    1.858932565
   -0.691150384    0.251327412   27.420430503   45.865382080    3.324041512
   -0.628318531    0.251327412   31.713503664   43.505670531    3.692293167
   -0.565486678    0.251327412   34.759018473   45.778541379    2.085554761
   -0.502654825    0.251327412   37.854795362   42.538747355    1.304626345
   -0.439822972    0.251327412   40.623961588   37.499359542   -3.993606463
   -0.376991118    0.251327412   44.142355090   24.591442640   -6.986773387
   -0.314159265    0.251327412   45.987882670   17.254356121  -11.812940660
   -0.251327412    0.251327412   46.121161368    8.501819263  -14.215450191
   -0.188495559    0.251327412   47.579275129   -0.704381354  -17.028477502
   -0.125663706    0.251327412   47.546808391  -11.929756029  -20.341484283
   -0.062831853    0.251327412   47.026703515  -21.567530863  -24.562266011
    0.000000000    0.251327412   45.608924209  -27.526868563  -26.433181924
    0.062831853    0.251327412   44.144386713  -38.927788719  -25.765450884
    0.125663706    0.251327412   41.533795533  -40.932893643  -22.575621184
    0.188495559    0.251327412   38.311812805  -52.205309368  -22.490730595
    0.251327412    0.251327412   34.747334169  -52.214140949  -20.994889460
    0.314159265    0.251327412   30.707626363  -52.669757766  -22.339062588
    0.376991118    0.251327412   27.231269233  -53.180802922  -21.002825558
    0.439822972    0.251327412   21.005363543  -53.728920388  -17.811349086
    0.502654825    0.251327412   18.294343153  -52.446448794  -11.429016352
    0.565486678    0.251327412   15.536178414  -45.448677246  -10.594115220
    0.628318531    0.251327412   14.381688697  -48.641467380  -17.069112155
    0.691150384    0.251327412   10.679956508  -53.142085461  -22.205986351
    0.753982237    0.251327412    6.606479800  -49.375548321  -22.349321835
    0.816814090    0.251327412    3.292582747  -38.804644327  -18.847483063
    0.879645943    0.251327412    0.808499165  -20.748315915  -15.077656971
    0.942477796    0.251327412    0.379897042   -1.337683072  -10.523023800
    1.005309649    0.251327412    0.917315763   12.872680151   -3.088305663
    1.068141502    0.251327412    2.220922608   25.171915634    2.711210315
    1.130973355    0.251327412    4.619182834   30.065649427    6.676720942
    1.193805208    0.251327412    6.571077945   41.529370877    8.417026658
    1.256637061    0.251327412    8.032493196   40.351017315    7.288811183
    1.319468915    0.251327412   10.566154751   34.871146052    4.982464711
    1.382300768    0.251327412   13.246392714   43.591016238    2.842587593
    1.445132621    0.251327412   17.626582403   50.253291512    2.846335556
    1.507964474    0.251327412   22.698903593   52.238468779    5.095865435
    1.570796327    0.251327412   27.354162639   45.682410570    7.034346406
    1.633628180    0.251327412   30.835515957   41.305356284    3.792891433
    1.696460033    0.251327412   33.892218851   44.824302092    3.661037291
    1.759291886    0.251327412   37.474392411   36.899056717    4.465957810
    1.822123739    0.251327412   40.430593848   33.356363496    5.283221373
    1.884955592    0.251327412   42.102742698   32.971561406    3.673467119
    1.947787445    0.251327412   44.637484365   35.226309766    2.993406509
    2.010619298    0.251327412   47.155927011   41.851427685    2.049657535
    2.073451151    0.251327412   51.211287549   44.930792561   -1.422353278
    2.136283004    0.251327412   54.075273813   40.246696029    0.670030710
    2.199114858    0.251327412   57.227173309   29.055919711    0.188416329
    2.261946711    0.251327412   59.203956135   24.110086689   -3.755790134
    2.324778564    0.251327412   62.831816629    6.141721395   -8.011447828
    2.387610417    0.251327412   60.682642091  -15.890866136  -16.188912751
    2.450442270    0.251327412   58.165812291  -22.697440070  -20.039997367
    2.513274123    0.251327412   56.523657545  -24.702693534  -23.757407882
    2.576105976    0.251327412   53.945511421  -31.441568287  -24.552640012
    2.638937829    0.251327412   53.173337296  -33.378071493  -24.440138201
    2.701769682    0.251327412   50.651333020  -40.923578825  -18.746636461
    2.764601535    0.251327412   48.736765493  -43.555285573  -20.322840339
    2.827433388    0.251327412   46.136323872  -44.755112146  -20.594540763
    2.890265241    0.251327412   43.393077583  -46.045139007  -18.147700044
    2.953097094    0.251327412   35.713987850  -68.229947221  -12.238061102
    3.015928947    0.251327412   33.623599339  -68.213936103  -12.253965357
    3.078760801    0.251327412   29.384713428  -60.323455893   -6.612644507

   -3.141592654    0.314159265   27.693411069  -44.058226965   -2.986423162
   -3.078760801    0.314159265   23.216663246  -36.229205981    0.697277563
   -3.015928947    0.314159265   20.941998779  -45.414894691   -0.733172932
   -2.953097094    0.314159265   17.886722574  -32.962636964    1.525320083
   -2.890265241    0.314159265   19.040923565  -31.345218452    3.231354861
   -2.827433388    0.314159265   16.596159670  -51.248884055   -3.419556977
   -2.764601535    0.314159265   12.422882559  -45.942832553   -4.212414525
   -2.701769682    0.314159265   10.203486680  -33.780038365   -2.868892945
   -2.638937829    0.314159265   10.231526434  -22.520559874   -0.003881594
   -2.576105976    0.314159265    8.898982350  -11.202202210    0.954820009
   -2.513274123    0.314159265    9.889396260  -23.754663787    2.459307018
   -2.450442270    0.314159265   10.254857888  -18.933649581   -0.890032188
   -2.387610417    0.314159265    9.034746981   -9.959534207   -2.982241575
   -2.324778564    0.314159265   10.343995910   -8.922087782   -5.675128441
   -2.261946711    0.314159265    9.914923038   -8.601709777   -3.524304138
   -2.199114858    0.314159265   12.103985632   -8.237810014   -1.321583606
   -2.136283004    0.314159265   14.166463319  -15.262382466    3.260982416
   -2.073451151    0.314159265   10.608626892  -15.314844367    2.290193294
   -2.010619298    0.314159265    9.307959346  -10.971812467    1.291667633
   -1.947787445    0.314159265    7.921921720   -9.797668462    2.281526199
   -1.884955592    0.314159265    9.908779180  -12.031492112    0.287849701
   -1.822123739    0.314159265    9.200751318  -16.578847360    1.204461895
   -1.759291886    0.314159265    8.152426365  -14.804485198    1.208204085
   -1.696460033    0.314159265    8.578080748  -15.750554185    2.786008042
   -1.633628180    0.314159265    8.254788165  -12.560496164    7.366683894
   -1.570796327    0.314159265    7.782766183  -11.343007468    8.668200692
   -1.507964474    0.314159265    8.645231330  -10.392748643   10.096521568
   -1.445132621    0.314159265    7.496587467  -17.110720257   11.530445073
   -1.382300768    0.314159265    5.289078057  -12.722896989   11.432600043
   -1.319468915    0.314159265    3.899724255   -9.629557162    4.212203639
   -1.256637061    0.314159265    6.983263105   -8.713868461    0.568203744
   -1.193805208    0.314159265    7.941321412   -0.989533580   -9.465606871
   -1.130973355    0.314159265    9.528042888    6.719914660   -8.832356484
   -1.068141502    0.314159265   10.910361232   18.283898548   -4.605473321
   -1.005309649    0.314159265   13.969549463   28.492397173    1.973564063
   -0.942477796    0.314159265   15.500841328   29.431207448    2.677828783
   -0.879645943    0.314159265   19.010363708   32.932614418    5.395278665
   -0.816814090    0.314159265   21.677300534   32.934989506    5.087784140
   -0.753982237    0.314159265   24.134716955   35.586952921    2.815712908
   -0.691150384    0.314159265   26.902273486   47.159672346    3.333090979
   -0.628318531    0.314159265   31.210561933   43.284337956    2.500644107
   -0.565486678    0.314159265   34.191538322   43.260649507    1.035766688
   -0.502654825    0.314159265   37.250252134   38.115063080   -0.275304851
   -0.439822972    0.314159265   39.736821698   33.333179725   -4.777285531
   -0.376991118    0.314159265   43.096421526   20.556555555   -7.499731409
   -0.314159265    0.314159265   44.694970684   14.272912619  -11.143467050
   -0.251327412    0.314159265   44.689723859    5.359289214  -13.531695014
   -0.188495559    0.314159265   45.990014573   -4.375580180  -16.039223690
   -0.125663706    0.314159265   45.776064923  -15.771985617  -18.998813253
   -0.062831853    0.314159265   45.047908793  -23.494542352  -22.037069226
    0.000000000    0.314159265   43.604638229  -27.259513855  -22.013506457
    0.062831853    0.314159265   42.273102546  -35.285550485  -19.898870913
    0.125663706    0.314159265   39.936611341  -36.540049317  -16.132925257
    0.188495559    0.314159265   36.750946873  -50.378120374  -16.790575097
    0.251327412    0.314159265   33.297889338  -51.509974376  -16.295208268
    0.314159265    0.314159265   29.199680020  -52.808551998  -18.468239954
    0.376991118    0.314159265   25.855480174  -52.415568236  -16.991576262
    0.439822972    0.314159265   19.875936734  -51.040447060  -14.007707641
    0.502654825    0.314159265   17.597803997  -52.053264871   -8.146415995
    0.565486678    0.314159265   14.887241976  -47.269541559   -8.795085189
    0.628318531    0.314159265   13.360564082  -50.923403349  -15.498957523
    0.691150384    0.314159265    9.418996411  -54.600856052  -19.529054287
    0.753982237    0.314159265    5.457775867  -46.887307448  -17.364084421
    0.816814090    0.314159265    2.491229479  -33.470070301  -11.813457587
    0.879645943    0.314159265    0.323628517  -14.650719174   -7.857459188
    0.942477796    0.314159265    0.244819924    4.648647396   -3.476115635
    1.005309649    0.314159265    1.337295283   18.918707541    4.700091489
    1.068141502    0.314159265    3.125487897   31.404640771   11.692212771
    1.130973355    0.314159265    5.874347278   35.830742488   16.375515915
    1.193805208    0.314159265    7.949858557   45.410740849   16.620000804
    1.256637061    0.314159265    9.322371298   40.011140319   13.461421037
    1.319468915    0.314159265   11.685433513   33.436125856    9.336037944
    1.382300768    0.314159265   14.199215087   41.674279932    5.903525514
    1.445132621    0.314159265   18.555683970   49.679899311    5.059318415
    1.507964474    0.314159265   23.742070703   51.762026231    6.565742722
    1.570796327    0.314159265   28.513149774   45.920728004    9.103888476
    1.633628180    0.314159265   31.787395373   40.860101151    6.397248831
    1.696460033    0.314159265   34.806512735   44.274764693    6.571405426
    1.759291886    0.314159265   38.385757882   37.305604316    7.181961574
    1.822123739    0.314159265   41.343791446   32.175988194    8.262423267
    1.884955592    0.314159265   42.840313579   31.139602931    6.363922197
    1.947787445    0.314159265   45.259356201   33.581586787    5.756866696
    2.010619298    0.314159265   47.643261971   39.639501455    5.009389058
    2.073451151    0.314159265   51.360056692   42.785148302    0.346385403
    2.136283004    0.314159265   54.250376969   37.292108161    2.012027534
    2.199114858    0.314159265   57.301938559   25.284439517    1.776774014
    2.261946711    0.314159265   58.963622171   19.318797708   -2.100266487
    2.324778564    0.314159265   62.256506940    0.806013052   -6.619357919
    2.387610417    0.314159265   59.581940650  -20.931210763  -14.025735756
    2.450442270    0.314159265   56.859122662  -26.155304423  -16.461212956
    2.513274123    0.314159265   55.075606635  -25.991894258  -18.119483670
    2.576105976    0.314159265   52.555722524  -31.102807036  -17.447697751
    2.638937829    0.314159265   51.875462771  -32.083864690  -17.851592496
    2.701769682    0.314159265   49.839383215  -39.821792047  -12.246508721
    2.764601535    0.314159265   47.911331942  -41.077260905  -16.160633198
    2.827433388    0.314159265   45.421825300  -39.832687562  -18.168712515
    2.890265241    0.314159265   42.972695442  -40.140016079  -17.510544724
    2.953097094    0.314159265   35.872132066  -60.362503657  -10.653340150
    3.015928947    0.314159265   33.930656405  -60.988919990  -11.124572837
    3.078760801    0.314159265   30.189688782  -53.923953502   -5.572978230

   -3.141592654    0.376991118   27.810417014  -37.742528122   -0.323541268
   -3.078760801    0.376991118   23.714879587  -29.653250686   -0.051352361
   -3.015928947    0.376991118   21.587405291  -36.389323354   -3.714509885
   -2.953097094    0.376991118   18.959020335  -24.779545103   -3.177585142
   -2.890265241    0.376991118   20.546587992  -23.597515045   -1.772411325
   -2.827433388    0.376991118   17.998099936  -46.687516116   -8.208909698
   -2.764601535    0.376991118   14.144652500  -40.925338463   -5.918292080
   -2.701769682    0.376991118   12.269563598  -28.329320203   -3.127027629
   -2.638937829    0.376991118   12.714761055  -16.995159859    1.988389338
   -2.576105976    0.376991118   11.557895545   -9.000024959    3.024612667
   -2.513274123    0.376991118   12.638656514  -27.255656218    2.397716026
   -2.450442270    0.376991118   12.809841724  -23.328737894   -0.878911137
   -2.387610417    0.376991118   11.439569764  -12.965653071   -2.973337723
   -2.324778564    0.376991118   12.537012118  -11.076704238   -5.992116616
   -2.261946711    0.376991118   12.170893181  -10.089081331   -5.037720906
   -2.199114858    0.376991118   14.421446218  -10.027794564   -3.695290837
   -2.136283004    0.376991118   16.647316544  -18.533415273   -1.322349923
   -2.073451151    0.376991118   12.962571171  -17.766135261   -2.169299558
   -2.010619298    0.376991118   11.496942873  -13.002032067   -3.042120136
   -1.947787445    0.376991118   10.049515472  -11.661411614   -2.320600617
   -1.884955592    0.376991118   11.743979779  -13.887234040   -4.879547539
   -1.822123739    0.376991118   10.926830607  -17.788772332   -4.281071883
   -1.759291886    0.376991118    9.709244585  -14.941183253   -4.177074363
   -1.696460033    0.376991118   10.040587947  -15.065772479   -3.421982568
   -1.633628180    0.376991118    9.804595211  -11.507610176    0.319533727
   -1.570796327    0.376991118    9.218425986  -11.161017793    0.110190555
   -1.507964474    0.376991118    9.959932012  -12.011083803   -0.749859255
   -1.445132621    0.376991118    8.822810741  -21.130953649    1.556473938
   -1.382300768    0.376991118    6.538527567  -17.813195005    2.153180634
   -1.319468915    0.376991118    4.748806014  -14.442875756   -2.132049051
   -1.256637061    0.376991118    7.657588822  -11.099587792   -3.268984332
   -1.193805208    0.376991118    8.132139395    0.044193621   -9.220117677
   -1.130973355    0.376991118    9.880643113   10.386724054   -5.823681772
   -1.068141502    0.376991118   11.610584794   22.448733507   -0.606426959
   -1.005309649    0.376991118   15.093604207   31.242524060    5.121774224
   -0.942477796    0.376991118   16.654955970   29.421215417    5.064161350
   -0.879645943    0.376991118   20.298983214   32.064031599    7.399804387
   -0.816814090    0.376991118   22.885439280   31.914349562    6.474965457
   -0.753982237    0.376991118   25.113839023   34.952894442    3.740021317
   -0.691150384    0.376991118   27.794334256   45.478835480    3.411445823
   -0.628318531    0.376991118   31.917326318   40.075897631    1.468054474
   -0.565486678    0.376991118   34.691311074   37.605010369    0.144722890
   -0.502654825    0.376991118   37.566860180   32.002112954   -0.693714426
   -0.439822972    0.376991118   39.686667055   27.901311142   -4.348301283
   -0.376991118    0.376991118   42.780867307   15.789178833   -7.099325919
   -0.314159265    0.376991118   44.063855911   10.013523458  -10.559843092
   -0.251327412    0.376991118   43.831750489    0.814313891  -12.889450375
   -0.188495559    0.376991118   44.904239207   -9.485854674  -15.677125708
   -0.125663706    0.376991118   44.459886752  -19.572979231  -17.804360297
   -0.062831853    0.376991118   43.545537817  -24.928959335  -19.212351321
    0.000000000    0.376991118   42.133028355  -25.833633671  -17.173433004
    0.062831853    0.376991118   40.931858540  -31.744760180  -14.320214135
    0.125663706    0.376991118   38.832905805  -33.133216425  -10.439005373
    0.188495559    0.376991118   35.593404701  -49.979155236  -11.675467763
    0.251327412    0.376991118   32.170334671  -51.843829250  -11.999244121
    0.314159265    0.376991118   27.973115513  -53.245261059  -14.319371920
    0.376991118    0.376991118   24.810709610  -50.839544415  -11.983276966
    0.439822972    0.376991118   19.094412099  -47.843714564   -9.335846229
    0.502654825    0.376991118   17.258687631  -51.440335671   -4.423650285
    0.565486678    0.376991118   14.595083417  -48.188356922   -5.383050969
    0.628318531    0.376991118   12.803450779  -50.921844120  -10.461422585
    0.691150384    0.376991118    8.796985894  -52.932308820  -12.299756703
    0.753982237    0.376991118    5.141744015  -41.889173025   -8.274496251
    0.816814090    0.376991118    2.668153288  -27.073610071   -1.490892221
    0.879645943    0.376991118    0.811569225   -8.556906153    1.793665994
    0.942477796    0.376991118    1.063605522   10.647591506    6.207819519
    1.005309649    0.376991118    2.702297346   24.400130739   14.545443193
    1.068141502    0.376991118    4.922621022   35.961546609   21.601704716
    1.130973355    0.376991118    7.894378018   38.233950160   25.345109388
    1.193805208    0.376991118    9.852289525   44.655950408   24.043510727
    1.256637061    0.376991118   10.876409193   35.510707732   20.164388687
    1.319468915    0.376991118   12.877100774   28.970958261   17.193731983
    1.382300768    0.376991118   15.041847443   37.305970901   14.098869612
    1.445132621    0.376991118   19.251149368   47.222494076   14.085185926
    1.507964474    0.376991118   24.442498313   50.235796726   15.564809005
    1.570796327    0.376991118   29.306618460   45.839411482   17.803161794
    1.633628180    0.376991118   32.393597269   41.105581604   14.972716482
    1.696460033    0.376991118   35.447668573   45.380830449   15.274509108
    1.759291886    0.376991118   39.077140572   39.740201547   14.896651347
    1.822123739    0.376991118   42.146149992   33.170254925   15.636130984
    1.884955592    0.376991118   43.552080671   31.131649911   12.954418644
    1.947787445    0.376991118   45.961751860   32.605109629   12.195285675
    2.010619298    0.376991118   48.326058577   38.385322289   11.852535516
    2.073451151    0.376991118   51.709892816   41.228274001    6.348851199
    2.136283004    0.376991118   54.654117443   34.760940457    7.117115060
    2.199114858    0.376991118   57.668157687   22.532824637    7.189124638
    2.261946711    0.376991118   59.062323981   16.057816386    3.551810257
    2.324778564    0.376991118   62.048951612   -2.825521507   -0.693576109
    2.387610417    0.376991118   58.908746740  -24.680594912   -6.913389285
    2.450442270    0.376991118   56.060437842  -28.609620705   -7.710110905
    2.513274123    0.376991118   54.203723265  -27.302080465   -7.911889626
    2.576105976    0.376991118   51.737146746  -31.683175782   -6.233556609
    2.638937829    0.376991118   50.993637812  -33.168175135   -7.049273090
    2.701769682    0.376991118   49.287740844  -42.825248071   -1.170062400
    2.764601535    0.376991118   47.054306209  -43.184647237   -5.799115331
    2.827433388    0.376991118   44.391495420  -39.939853445   -8.426152876
    2.890265241    0.376991118   41.925440911  -38.714678874   -9.235391845
    2.953097094    0.376991118   35.285928007  -55.752924191   -2.338199241
    3.015928947    0.376991118   33.350015901  -55.829095641   -3.943503227
    3.078760801    0.376991118   30.032748777  -48.448093396   -0.188585630

   -3.141592654    0.439822972   27.775878699  -40.232431433    7.159876456
   -3.078760801    0.439822972   23.473320329  -32.978219242    4.675319652
   -3.015928947    0.439822972   20.921872118  -36.449629622   -1.297486035
   -2.953097094    0.439822972   18.173999998  -24.566573537   -3.050814029
   -2.890265241    0.439822972   19.723799006  -22.408539781   -3.574251751
   -2.827433388    0.439822972   16.743638857  -45.854346305   -9.569617559
   -2.764601535    0.439822972   13.090210017  -37.743337056   -5.296072166
   -2.701769682    0.439822972   11.419221102  -24.001017859   -2.398659228
   -2.638937829    0.439822972   12.235199424  -13.084874327    2.931810654
   -2.576105976    0.439822972   11.155778512   -7.921155069    2.932816831
   -2.513274123    0.439822972   12.134953308  -30.415452250   -1.283056195
   -2.450442270    0.439822972   12.154298462  -26.608267789   -3.983036166
   -2.387610417    0.439822972   10.683835954  -15.345142024   -5.584802171
   -2.324778564    0.439822972   11.594838186  -12.997257800   -8.204180677
   -2.261946711    0.439822972   11.258409157  -11.380502907   -7.261049834
   -2.199114858    0.439822972   13.540855210  -11.776833955   -6.019107240
   -2.136283004    0.439822972   15.843158984  -21.023791901   -4.560847265
   -2.073451151    0.439822972   12.086118816  -19.072510311   -4.079784179
   -2.010619298    0.439822972   10.559286506  -13.587127293   -3.743919411
   -1.947787445    0.439822972    9.170397167  -11.488250019   -2.476048449
   -1.884955592    0.439822972   10.721425815  -12.903564572   -5.023812985
   -1.822123739    0.439822972   10.019485061  -14.842294590   -4.209144630
   -1.759291886    0.439822972    8.919915921  -10.307131981   -4.376735561
   -1.696460033    0.439822972    9.444534791   -9.045141705   -4.876951806
   -1.633628180    0.439822972    9.607284710   -5.586605622   -3.420046255
   -1.570796327    0.439822972    9.239337347   -5.859467226   -5.644084739
   -1.507964474    0.439822972   10.195128253   -7.316864508   -8.676581277
   -1.445132621    0.439822972    9.614458907  -17.561019133   -4.938164544
   -1.382300768    0.439822972    7.788123266  -13.628966563   -3.096602064
   -1.319468915    0.439822972    6.221295340   -9.691148310   -3.890861760
   -1.256637061    0.439822972    9.429097669   -5.457587537   -4.310275756
   -1.193805208    0.439822972    9.890221335    6.542042680   -7.953922520
   -1.130973355    0.439822972   12.033976397   15.773388456   -5.165888245
   -1.068141502    0.439822972   14.109713658   25.166410839   -2.114829108
   -1.005309649    0.439822972   17.831983271   30.425503161    0.819116869
   -0.942477796    0.439822972   19.256258622   26.013728131    1.275513301
   -0.879645943    0.439822972   22.828575049   27.374828512    4.088947389
   -0.816814090    0.439822972   25.076250867   27.099466106    3.962014724
   -0.753982237    0.439822972   26.801760362   29.670774424    1.605439959
   -0.691150384    0.439822972   29.127202372   39.515116608    1.685792455
   -0.628318531    0.439822972   32.770558306   32.731775006   -0.908344763
   -0.565486678    0.439822972   35.196317270   29.414547136   -0.760417975
   -0.502654825    0.439822972   37.773293430   24.480653910   -0.961958288
   -0.439822972    0.439822972   39.461771292   21.477935214   -3.957058765
   -0.376991118    0.439822972   42.140633019    9.976665014   -8.318119921
   -0.314159265    0.439822972   43.032198027    4.227584009  -12.893906524
   -0.251327412    0.439822972   42.491661728   -4.824482928  -16.643173351
   -0.188495559    0.439822972   43.292021616  -14.209504638  -19.728220528
   -0.125663706    0.439822972   42.696207210  -21.214476752  -20.878715029
   -0.062831853    0.439822972   41.733611407  -23.619533853  -20.878770587
    0.000000000    0.439822972   40.529606117  -21.684243353  -17.203527806
    0.062831853    0.439822972   39.582187863  -26.158041173  -14.674968986
    0.125663706    0.439822972   37.811717965  -28.685265017  -12.277705557
    0.188495559    0.439822972   34.626060047  -48.039656203  -14.694575945
    0.251327412    0.439822972   31.338230771  -50.171683660  -16.387326400
    0.314159265    0.439822972   27.199323628  -50.767648580  -19.297210598
    0.376991118    0.439822972   24.423511032  -46.907835743  -16.917750343
    0.439822972    0.439822972   19.054726930  -43.731891165  -15.551975151
    0.502654825    0.439822972   17.677536591  -49.957092414  -11.954382701
    0.565486678    0.439822972   15.092592828  -48.246343799  -12.714233508
    0.628318531    0.439822972   13.099020578  -50.435227348  -16.229689349
    0.691150384    0.439822972    9.020211064  -52.166014250  -16.395756369
    0.753982237    0.439822972    5.546073382  -39.978838594  -11.879009037
    0.816814090    0.439822972    3.301600044  -26.138400886   -5.510871193
    0.879645943    0.439822972    1.396838422   -7.982759312   -2.741121333
    0.942477796    0.439822972    1.644245215   11.309677465    1.703625345
    1.005309649    0.439822972    3.472136145   24.366543320    9.304737870
    1.068141502    0.439822972    5.805156279   34.701701274   15.751686756
    1.130973355    0.439822972    8.694616924   35.854526736   19.055238992
    1.193805208    0.439822972   10.307240018   41.283960148   18.363993880
    1.256637061    0.439822972   10.933771385   30.776454617   16.797426644
    1.319468915    0.439822972   12.677883274   26.043217829   17.257107728
    1.382300768    0.439822972   14.603366315   35.039965110   16.442422334
    1.445132621    0.439822972   18.792093008   46.806541116   17.535086976
    1.507964474    0.439822972   24.078432197   50.154687237   19.147389051
    1.570796327    0.439822972   29.149545306   47.494283404   22.196885679
    1.633628180    0.439822972   32.176817782   43.406769383   20.041721883
    1.696460033    0.439822972   35.405738056   48.964206142   20.884492137
    1.759291886    0.439822972   39.164707366   44.590657292   19.584802314
    1.822123739    0.439822972   42.492615520   36.832466992   19.789364255
    1.884955592    0.439822972   44.006923193   34.840995492   16.953313214
    1.947787445    0.439822972   46.687988494   36.294140928   16.243903596
    2.010619298    0.439822972   49.394029625   42.021370680   15.933210990
    2.073451151    0.439822972   52.780021923   45.007187289    9.081549161
    2.136283004    0.439822972   56.087878465   37.790272451    8.119504227
    2.199114858    0.439822972   59.412992955   24.558805684    7.488957304
    2.261946711    0.439822972   60.805112117   16.800718149    3.462267331
    2.324778564    0.439822972   63.644564904   -3.184869925   -1.037432661
    2.387610417    0.439822972   60.211271165  -26.556757769   -5.037716971
    2.450442270    0.439822972   57.286339005  -31.226236362   -4.477492363
    2.513274123    0.439822972   55.349508896  -29.578298860   -3.590384019
    2.576105976    0.439822972   52.876174526  -33.820785357   -1.400576861
    2.638937829    0.439822972   51.939338310  -35.781826786   -2.575071045
    2.701769682    0.439822972   50.466481416  -47.242121120    3.475614735
    2.764601535    0.439822972   47.793215984  -47.374860156   -0.366004070
    2.827433388    0.439822972   44.824385010  -42.915854350   -0.958585909
    2.890265241    0.439822972   42.125294614  -41.691313064   -0.653145088
    2.953097094    0.439822972   35.742335120  -55.830893448    7.484068025
    3.015928947    0.439822972   33.510967066  -56.341416033    6.347371942
    3.078760801    0.439822972   30.223201524  -50.130581527    9.324586110

   -3.141592654    0.502654825   26.339995436  -46.308169319    2.127227683
   -3.078760801    0.502654825   21.611638270  -39.979370414   -2.263528948
   -3.015928947    0.502654825   18.495109926  -39.508057020   -8.773801152
   -2.953097094    0.502654825   15.456474784  -26.305124346  -12.444372081
   -2.890265241    0.502654825   16.875553066  -21.623321145  -14.098962839
   -2.827433388    0.502654825   13.588627953  -42.956966984  -17.564607511
   -2.764601535    0.502654825   10.329912967  -32.294168453  -10.968582689
   -2.701769682    0.502654825    8.959776482  -17.798826268   -7.568426341
   -2.638937829    0.502654825   10.279715030   -7.623521979   -1.543223658
   -2.576105976    0.502654825    9.369672791   -4.929977345   -2.031830070
   -2.513274123    0.502654825   10.231653419  -29.288149940   -8.955061392
   -2.450442270    0.502654825   10.382871387  -25.091599134  -10.181697599
   -2.387610417    0.502654825    9.136152723  -12.375379986  -10.722500146
   -2.324778564    0.502654825   10.213361469   -9.137726706  -12.371623445
   -2.261946711    0.502654825   10.199805604   -7.008340956  -12.261215742
   -2.199114858    0.502654825   12.827757714   -7.707855604  -11.138400248
   -2.136283004    0.502654825   15.396744322  -18.563629478  -11.713169037
   -2.073451151    0.502654825   11.878456921  -16.259288678  -10.482349972
   -2.010619298    0.502654825   10.518146338  -11.878949819   -9.803972169
   -1.947787445    0.502654825    9.296250343  -10.122021632   -7.998332293
   -1.884955592    0.502654825   10.714124011  -11.948065259  -10.437120431
   -1.822123739    0.502654825   10.081262851  -13.285248460   -9.117297738
   -1.759291886    0.502654825    8.975191824   -8.681710186   -8.960143866
   -1.696460033    0.502654825    9.449468388   -7.470887961   -9.865550444
   -1.633628180    0.502654825    9.689559774   -4.948043819   -9.238881957
   -1.570796327    0.502654825    9.232705685   -5.714739813  -11.302378636
   -1.507964474    0.502654825   10.067606506   -7.120110974  -14.394902026
   -1.445132621    0.502654825    9.942071017  -16.183200554   -7.113296807
   -1.382300768    0.502654825    8.460209670  -10.534866576   -2.771100160
   -1.319468915    0.502654825    7.107097085   -5.869595571   -0.743677576
   -1.256637061    0.502654825   10.466655690   -1.014293215   -1.703431209
   -1.193805208    0.502654825   10.889037797   11.106247009   -5.407214329
   -1.130973355    0.502654825   13.294911552   18.926377453   -5.707447133
   -1.068141502    0.502654825   15.591569536   26.684531157   -5.960463690
   -1.005309649    0.502654825   19.511398067   31.070668156   -5.373325193
   -0.942477796    0.502654825   21.003996421   25.434158279   -4.394263343
   -0.879645943    0.502654825   24.718046969   26.447430570   -0.803833252
   -0.816814090    0.502654825   26.824095937   25.102611850   -0.502733965
   -0.753982237    0.502654825   28.177407495   26.021983412   -2.775399437
   -0.691150384    0.502654825   30.218348896   33.767263305   -2.744854238
   -0.628318531    0.502654825   33.367766248   25.488116595   -5.864283286
   -0.565486678    0.502654825   35.525185439   21.605505909   -4.104138613
   -0.502654825    0.502654825   37.826962018   17.553535705   -3.794470557
   -0.439822972    0.502654825   39.114808497   15.253157098   -6.468728254
   -0.376991118    0.502654825   41.312219845    4.116634171  -13.125574509
   -0.314159265    0.502654825   41.806003407   -1.021813148  -18.929598769
   -0.251327412    0.502654825   41.033414543   -8.335398097  -22.425623235
   -0.188495559    0.502654825   41.765126800  -14.811030411  -23.626364005
   -0.125663706    0.502654825   41.280700678  -18.557933433  -22.474089075
   -0.062831853    0.502654825   40.543783473  -17.930965405  -19.624853774
    0.000000000    0.502654825   39.738480151  -15.900144575  -15.214309137
    0.062831853    0.502654825   39.023704050  -22.033584230  -14.425050893
    0.125663706    0.502654825   37.418692582  -27.644655128  -14.923502992
    0.188495559    0.502654825   34.079894772  -50.339305141  -19.308426012
    0.251327412    0.502654825   30.663189014  -52.792613579  -22.467496829
    0.314159265    0.502654825   26.336344893  -52.220750357  -25.359436876
    0.376991118    0.502654825   23.721394872  -47.209213635  -22.305948814
    0.439822972    0.502654825   18.417691313  -43.486312469  -20.991847830
    0.502654825    0.502654825   17.222706223  -50.931485774  -18.272591625
    0.565486678    0.502654825   14.609384718  -48.838274525  -17.892107540
    0.628318531    0.502654825   12.470101972  -48.662975227  -19.121671919
    0.691150384    0.502654825    8.419351384  -49.606010839  -18.506377212
    0.753982237    0.502654825    5.228330625  -36.135545610  -14.280623353
    0.816814090    0.502654825    3.394435086  -21.868101847   -7.933632878
    0.879645943    0.502654825    1.643092284   -3.459022176   -5.707024409
    0.942477796    0.502654825    2.124874710   15.877509650   -2.216127332
    1.005309649    0.502654825    4.362266429   27.721129911    4.167071771
    1.068141502    0.502654825    7.019059732   36.620374280   10.104508399
    1.130973355    0.502654825   10.028703460   36.567152846   13.320846032
    1.193805208    0.502654825   11.527709798   41.168881181   13.713239117
    1.256637061    0.502654825   11.996706688   29.225129524   14.161079222
    1.319468915    0.502654825   13.685882267   24.263406511   15.998294734
    1.382300768    0.502654825   15.396974248   32.175091062   14.214745245
    1.445132621    0.502654825   19.471757365   44.265672534   14.333211502
    1.507964474    0.502654825   24.696018067   47.614336829   15.377525068
    1.570796327    0.502654825   29.798068895   45.918845362   17.940404456
    1.633628180    0.502654825   32.566993084   42.290701252   15.342929514
    1.696460033    0.502654825   35.734132923   48.703714397   15.271629582
    1.759291886    0.502654825   39.302572111   45.224079749   12.131822608
    1.822123739    0.502654825   42.614759437   36.284686639   11.416211012
    1.884955592    0.502654825   43.966846298   34.618621194    7.900352775
    1.947787445    0.502654825   46.670325622   35.166187788    6.966732617
    2.010619298    0.502654825   49.480510210   40.916587043    7.173987535
    2.073451151    0.502654825   52.558434444   43.504425844    0.468335065
    2.136283004    0.502654825   55.894473338   36.409465749   -1.476570377
    2.199114858    0.502654825   59.297001791   23.966030776   -2.158220047
    2.261946711    0.502654825   60.567186472   17.029539505   -5.338996768
    2.324778564    0.502654825   63.241310015   -1.613493848   -8.660283124
    2.387610417    0.502654825   59.737001902  -24.710067876   -8.797147994
    2.450442270    0.502654825   56.953265565  -30.444881055   -6.035645092
    2.513274123    0.502654825   55.136051266  -29.522849554   -3.346780754
    2.576105976    0.502654825   52.798848311  -34.880322520   -0.429108888
    2.638937829    0.502654825   51.689041895  -37.729569066   -2.576285405
    2.701769682    0.502654825   50.463498878  -50.695258937    2.240041524
    2.764601535    0.502654825   47.419152914  -50.272641002   -1.101563485
    2.827433388    0.502654825   44.245315597  -45.476497050   -1.112805244
    2.890265241    0.502654825   41.348134523  -44.852535500   -0.647204908
    2.953097094    0.502654825   35.211049330  -57.108538212    6.696327995
    3.015928947    0.502654825   32.625179137  -59.182015836    4.808658994
    3.078760801    0.502654825   29.214087023  -54.722598470    6.091294333

   -3.141592654    0.565486678   25.698975105  -50.070939231    1.903224811
   -3.078760801    0.565486678   20.707446063  -44.611589820   -2.308569320
   -3.015928947    0.565486678   17.226862366  -41.015025482   -7.444148409
   -2.953097094    0.565486678   13.950936340  -27.277838731  -11.435986393
   -2.890265241    0.565486678   15.244237362  -20.791140185  -13.696371514
   -2.827433388    0.565486678   11.816928742  -39.680024880  -14.195534962
   -2.764601535    0.565486678    8.993623830  -27.657182494   -6.066738842
   -2.701769682    0.565486678    7.812145408  -13.965839580   -2.516814712
   -2.638937829    0.565486678    9.457160693   -6.228321833    3.525924835
   -2.576105976    0.565486678    8.452083231   -6.411212947    2.843089834
   -2.513274123    0.565486678    8.739058074  -31.378307193   -5.999400732
   -2.450442270    0.565486678    8.809665139  -27.286368497   -5.085033264
   -2.387610417    0.565486678    7.502225882  -14.226892155   -4.076893638
   -2.324778564    0.565486678    8.414370822  -11.039794490   -4.488116372
   -2.261946711    0.565486678    8.320769419   -8.394579484   -4.150167086
   -2.199114858    0.565486678   10.881193535   -9.837017969   -3.968703011
   -2.136283004    0.565486678   13.230547965  -20.919881939   -6.727423254
   -2.073451151    0.565486678    9.646253199  -18.440993077   -6.053504849
   -2.010619298    0.565486678    8.192584952  -13.895082466   -5.794820661
   -1.947787445    0.565486678    6.970611502  -11.216956408   -4.254712542
   -1.884955592    0.565486678    8.151363515  -11.847248223   -7.063367351
   -1.822123739    0.565486678    7.571018890  -11.370439017   -6.025319021
   -1.759291886    0.565486678    6.526803168   -5.549498413   -5.427348258
   -1.696460033    0.565486678    7.046953689   -4.187854806   -6.265436712
   -1.633628180    0.565486678    7.457646945   -2.688839281   -6.271669519
   -1.570796327    0.565486678    7.084581041   -3.136021561   -7.682181429
   -1.507964474    0.565486678    7.964385253   -3.504005634  -10.305476528
   -1.445132621    0.565486678    8.615707704  -10.768881919   -0.545259766
   -1.382300768    0.565486678    7.651146497   -4.854955445    4.046885596
   -1.319468915    0.565486678    6.687718272   -1.090394233    6.908593617
   -1.256637061    0.565486678   10.114347065    2.139364956    3.147037600
   -1.193805208    0.565486678   10.451087404   12.503344834   -1.999558214
   -1.130973355    0.565486678   12.921997543   19.076996907   -5.239125666
   -1.068141502    0.565486678   15.273253601   26.688407531   -7.788435020
   -1.005309649    0.565486678   19.314258732   32.224349014   -8.221915466
   -0.942477796    0.565486678   21.053015883   27.906052716   -4.712266702
   -0.879645943    0.565486678   25.100675816   29.294111196   -0.349530499
   -0.816814090    0.565486678   27.309368701   27.623900179    0.421222582
   -0.753982237    0.565486678   28.572042241   27.106798443   -2.170799545
   -0.691150384    0.565486678   30.648133431   32.964299209   -2.331774589
   -0.628318531    0.565486678   33.617337741   24.069271600   -5.990831869
   -0.565486678    0.565486678   35.946094482   19.471395777   -3.296829259
   -0.502654825    0.565486678   38.275418866   14.886276387   -3.722806012
   -0.439822972    0.565486678   39.379243391   11.014594556   -7.714897298
   -0.376991118    0.565486678   41.066345263   -1.577409015  -17.225971831
   -0.314159265    0.565486678   41.191642875   -5.957470698  -22.611356426
   -0.251327412    0.565486678   40.247518000  -10.583388002  -23.806223415
   -0.188495559    0.565486678   40.982176829  -14.170367941  -21.434331390
   -0.125663706    0.565486678   40.654738331  -14.858622256  -16.698101362
   -0.062831853    0.565486678   40.135330437  -13.804956237  -12.472575492
    0.000000000    0.565486678   39.546901781  -14.065412166   -9.723749223
    0.062831853    0.565486678   38.770366299  -22.783336820  -12.499225075
    0.125663706    0.565486678   37.037646933  -30.500657473  -15.929624895
    0.188495559    0.565486678   33.435246336  -53.722375837  -20.622877060
    0.251327412    0.565486678   29.886228547  -53.884242448  -22.860491699
    0.314159265    0.565486678   25.515278233  -51.079314754  -23.585961325
    0.376991118    0.565486678   23.271714220  -44.603250854  -17.694552916
    0.439822972    0.565486678   18.193966668  -40.471796101  -15.236979798
    0.502654825    0.565486678   17.245796209  -48.736365674  -13.568053514
    0.565486678    0.565486678   14.789638756  -46.448703712  -12.275000072
    0.628318531    0.565486678   12.668980150  -45.644914416  -12.636939345
    0.691150384    0.565486678    8.679802976  -47.322826603  -11.707875236
    0.753982237    0.565486678    5.690364929  -34.116317197   -8.066880717
    0.816814090    0.565486678    4.114786918  -20.507362502   -2.274785926
    0.879645943    0.565486678    2.267873981   -3.444066082   -1.132918790
    0.942477796    0.565486678    2.692430075   15.625774281    1.949579688
    1.005309649    0.565486678    4.989162503   25.759586413    7.238630511
    1.068141502    0.565486678    7.722321185   34.856534253   13.783653013
    1.130973355    0.565486678   10.667168361   35.394413508   17.281883646
    1.193805208    0.565486678   11.990144987   40.374467199   18.074363376
    1.256637061    0.565486678   12.335080039   27.762721275   18.328057442
    1.319468915    0.565486678   14.058651801   23.141360330   20.021190269
    1.382300768    0.565486678   15.646683250   31.377665095   18.375961022
    1.445132621    0.565486678   19.797085582   45.561937907   19.333202518
    1.507964474    0.565486678   25.199914111   49.089554745   21.412135212
    1.570796327    0.565486678   30.562443337   47.802426798   24.493886030
    1.633628180    0.565486678   33.271160080   43.422889090   22.471753889
    1.696460033    0.565486678   36.469667826   49.282784260   21.883568634
    1.759291886    0.565486678   39.825371133   45.455602660   17.287514201
    1.822123739    0.565486678   43.080288170   34.769204474   15.841627428
    1.884955592    0.565486678   44.198436741   32.767724960   11.989820662
    1.947787445    0.565486678   46.834619950   32.033162234   10.829092911
    2.010619298    0.565486678   49.648001751   37.483826880   10.666835364
    2.073451151    0.565486678   52.315207344   39.480178395    4.050756028
    2.136283004    0.565486678   55.479242346   33.088905336    0.166994570
    2.199114858    0.565486678   58.815409705   21.935513773   -1.978669410
    2.261946711    0.565486678   59.874798205   16.482622783   -5.737668892
    2.324778564    0.565486678   62.343162738    0.429501670   -9.271039438
    2.387610417    0.565486678   58.898842310  -22.058124757   -6.974174750
    2.450442270    0.565486678   56.294980760  -28.682091008   -3.437372042
    2.513274123    0.565486678   54.617851807  -29.636785275   -0.661879173
    2.576105976    0.565486678   52.412647123  -36.851985260    2.354346747
    2.638937829    0.565486678   51.083743363  -39.964625189   -0.469399754
    2.701769682    0.565486678   50.042978362  -52.780361001    2.435982455
    2.764601535    0.565486678   46.737646654  -51.166101434   -0.470523375
    2.827433388    0.565486678   43.543473391  -45.140369843    0.431988884
    2.890265241    0.565486678   40.654891826  -45.347755921    1.426428342
    2.953097094    0.565486678   34.933206105  -55.700667533    8.141295269
    3.015928947    0.565486678   32.208160911  -59.482045992    6.134017521
    3.078760801    0.565486678   28.840181031  -57.021876713    6.290164689

   -3.141592654    0.628318531   26.145956531  -51.563059357   -5.432445542
   -3.078760801    0.628318531   21.047426040  -46.982258675   -8.625029025
   -3.015928947    0.628318531   17.408713859  -40.863540998  -11.250527843
   -2.953097094    0.628318531   13.934520571  -27.623210283  -14.875435512
   -2.890265241    0.628318531   15.082977981  -20.161233090  -17.368593198
   -2.827433388    0.628318531   11.692756050  -35.934445837  -14.395294606
   -2.764601535    0.628318531    9.366421741  -23.202203374   -4.937622433
   -2.701769682    0.628318531    8.332952170  -10.798406646   -1.859905120
   -2.638937829    0.628318531   10.288267909   -5.349665159    4.005967034
   -2.576105976    0.628318531    9.188043672   -7.655640377    3.447120125
   -2.513274123    0.628318531    8.845694427  -30.884862479   -6.279467028
   -2.450442270    0.628318531    9.026655902  -26.741801426   -3.108145662
   -2.387610417    0.628318531    7.814565300  -13.503112932   -0.859973508
   -2.324778564    0.628318531    8.748639653  -10.385304909   -0.239996413
   -2.261946711    0.628318531    8.656032042   -7.767774292   -0.726837142
   -2.199114858    0.628318531   11.221454534  -10.165880098   -1.382097217
   -2.136283004    0.628318531   13.322311803  -21.689578104   -6.708905593
   -2.073451151    0.628318531    9.764131506  -19.340125979   -6.365111006
   -2.010619298    0.628318531    8.302761557  -14.775111752   -6.332452762
   -1.947787445    0.628318531    7.143009228  -11.487657190   -4.567588580
   -1.884955592    0.628318531    8.100440833  -11.808062123   -7.064149939
   -1.822123739    0.628318531    7.524716999  -10.573565749   -5.589047710
   -1.759291886    0.628318531    6.444856639   -4.774080740   -4.506417449
   -1.696460033    0.628318531    6.822122606   -5.069151933   -5.644248303
   -1.633628180    0.628318531    7.116023303   -4.864058953   -6.618781527
   -1.570796327    0.628318531    6.581123525   -5.149778756   -8.282083731
   -1.507964474    0.628318531    7.225764727   -3.897947451  -12.180340617
   -1.445132621    0.628318531    8.485753732   -8.502343609   -2.866069252
   -1.382300768    0.628318531    7.801787427   -2.069502545   -0.710935599
   -1.319468915    0.628318531    7.066901513    0.481300423    0.344384076
   -1.256637061    0.628318531   10.318839580    1.999794106   -6.476118398
   -1.193805208    0.628318531   10.501095238   11.471386798  -12.002368998
   -1.130973355    0.628318531   12.910256744   18.123723694  -16.584371784
   -1.068141502    0.628318531   15.322184471   27.689397274  -18.250670322
   -1.005309649    0.628318531   19.527232610   35.488858339  -18.048616032
   -0.942477796    0.628318531   21.689758171   31.886188134  -12.094458060
   -0.879645943    0.628318531   26.107204662   32.806481703   -7.242613616
   -0.816814090    0.628318531   28.386527995   29.121065857   -6.359863507
   -0.753982237    0.628318531   29.444295652   26.239679364   -8.845716381
   -0.691150384    0.628318531   31.446710900   30.084065267   -8.152493357
   -0.628318531    0.628318531   34.077010058   20.374197266  -11.367379426
   -0.565486678    0.628318531   36.460731501   14.289264183   -7.576120287
   -0.502654825    0.628318531   38.605930003    8.849911556   -8.041905227
   -0.439822972    0.628318531   39.310135566    3.202711377  -11.871792322
   -0.376991118    0.628318531   40.281461017   -7.989991763  -20.245818000
   -0.314159265    0.628318531   40.079845395   -8.862011207  -21.267896357
   -0.251327412    0.628318531   39.140422311   -9.255282336  -17.342021619
   -0.188495559    0.628318531   40.108786354   -9.996177892  -11.195143499
   -0.125663706    0.628318531   40.111941365   -9.537730002   -5.723549030
   -0.062831853    0.628318531   39.819984250  -10.793895846   -4.189268452
    0.000000000    0.628318531   39.300472101  -14.933489429   -6.615754835
    0.062831853    0.628318531   38.277692486  -25.626808428  -13.726323496
    0.125663706    0.628318531   36.321901550  -33.927428328  -19.715447521
    0.188495559    0.628318531   32.539626999  -55.192260068  -23.230266031
    0.251327412    0.628318531   29.012818834  -52.261153414  -23.038894039
    0.314159265    0.628318531   24.753825836  -47.936727206  -21.458537046
    0.376991118    0.628318531   22.996947932  -41.771648760  -13.933219422
    0.439822972    0.628318531   18.098869527  -38.936893503  -11.993982852
    0.502654825    0.628318531   17.186408372  -47.947636548  -12.781639816
    0.565486678    0.628318531   14.764304617  -45.922872899  -11.718164643
    0.628318531    0.628318531   12.584656361  -44.094828720  -11.088202999
    0.691150384    0.628318531    8.573283465  -46.802368328   -9.754406532
    0.753982237    0.628318531    5.707279569  -32.629909987   -5.277151197
    0.816814090    0.628318531    4.400568771  -18.459923284    1.801360613
    0.879645943    0.628318531    2.503230054   -1.648048850    4.033151554
    0.942477796    0.628318531    3.012477828   17.907853905    8.764225983
    1.005309649    0.628318531    5.527019505   27.336162893   15.365248259
    1.068141502    0.628318531    8.546342843   35.753568045   22.512278993
    1.130973355    0.628318531   11.517204119   34.954376033   24.121633941
    1.193805208    0.628318531   12.682201827   38.420038994   22.456179466
    1.256637061    0.628318531   12.846991351   24.293844869   21.009166357
    1.319468915    0.628318531   14.555060154   20.223550597   22.872417257
    1.382300768    0.628318531   15.935708224   29.459241641   21.831991693
    1.445132621    0.628318531   20.081557119   45.642538646   23.710081914
    1.507964474    0.628318531   25.578731258   49.259312433   26.685321185
    1.570796327    0.628318531   31.075455158   47.832062438   29.345588105
    1.633628180    0.628318531   33.629094856   43.036879491   27.153804977
    1.696460033    0.628318531   36.758075653   48.622115757   25.899652088
    1.759291886    0.628318531   39.801381538   44.837777277   20.399230617
    1.822123739    0.628318531   42.974593549   33.293905846   19.029129794
    1.884955592    0.628318531   43.881551448   31.058506676   15.731552015
    1.947787445    0.628318531   46.469851246   28.749950514   15.028419148
    2.010619298    0.628318531   49.282740021   33.483233777   14.874497461
    2.073451151    0.628318531   51.539174883   34.081204313    8.825274928
    2.136283004    0.628318531   54.370903640   27.563051842    2.875123918
    2.199114858    0.628318531   57.478492479   18.221733415   -1.281367298
    2.261946711    0.628318531   58.211887412   14.437904566   -6.568458219
    2.324778564    0.628318531   60.385164505    1.827330125  -11.407844779
    2.387610417    0.628318531   57.090034125  -19.042751991   -8.342442688
    2.450442270    0.628318531   54.679504471  -26.273662148   -6.245896907
    2.513274123    0.628318531   53.198748333  -28.066564558   -4.407428873
    2.576105976    0.628318531   51.272481769  -36.906046797   -1.230998367
    2.638937829    0.628318531   49.894419609  -39.340728646   -4.022898239
    2.701769682    0.628318531   49.136127505  -50.568812831   -2.995437819
    2.764601535    0.628318531   45.875125130  -47.304945524   -4.777214299
    2.827433388    0.628318531   42.984938270  -40.576870922   -3.020135879
    2.890265241    0.628318531   40.391562776  -41.929914255   -1.762696739
    2.953097094    0.628318531   35.270787149  -51.611383472    3.430149579
    3.015928947    0.628318531   32.612915579  -57.763616574    0.598326681
    3.078760801    0.628318531   29.405226852  -57.334615080   -0.826417940

   -3.141592654    0.691150384   27.562486664  -52.387442494  -13.677189103
   -3.078760801    0.691150384   22.453266607  -47.803490905  -14.897898910
   -3.015928947    0.691150384   18.800879480  -39.959231345  -14.349108977
   -2.953097094    0.691150384   15.102448419  -28.449267718  -16.796934834
   -2.890265241    0.691150384   16.005542325  -21.042372539  -18.796699466
   -2.827433388    0.691150384   12.725656861  -33.815989131  -13.179047507
   -2.764601535    0.691150384   10.798139087  -22.034568964   -3.593801830
   -2.701769682    0.691150384    9.709892240  -10.868262876   -1.624891354
   -2.638937829    0.691150384   11.764645275   -7.860719136    2.403723161
   -2.576105976    0.691150384   10.427596199  -11.007409500    1.217257695
   -2.513274123    0.691150384    9.331209963  -30.147659570   -8.669811752
   -2.450442270    0.691150384    9.679712773  -25.266864773   -4.680168427
   -2.387610417    0.691150384    8.616781871  -11.660824263   -2.630468323
   -2.324778564    0.691150384    9.673989141   -8.502892094   -1.873815563
   -2.261946711    0.691150384    9.660417105   -5.354593248   -3.341705784
   -2.199114858    0.691150384   12.323148042   -8.309275817   -5.317393794
   -2.136283004    0.691150384   14.264003541  -18.776599055  -11.647457057
   -2.073451151    0.691150384   10.948875994  -16.849841143  -10.864843463
   -2.010619298    0.691150384    9.695134945  -12.076992178  -10.264144638
   -1.947787445    0.691150384    8.860056622   -7.818854136   -6.833558397
   -1.884955592    0.691150384    9.830171056   -7.985167116   -7.779197537
   -1.822123739    0.691150384    9.464466314   -6.729074039   -5.021237524
   -1.759291886    0.691150384    8.531474915   -2.202707722   -2.741740624
   -1.696460033    0.691150384    8.885874496   -4.632071282   -2.378500073
   -1.633628180    0.691150384    9.075518620   -7.300722864   -3.579509278
   -1.570796327    0.691150384    8.382559166   -8.219593964   -4.966119959
   -1.507964474    0.691150384    8.673039330   -6.660863243   -9.409290934
   -1.445132621    0.691150384   10.389810367   -9.978362729   -0.452006479
   -1.382300768    0.691150384    9.638509046   -5.015805290   -0.275783602
   -1.319468915    0.691150384    8.794029536   -4.635731798    0.188266180
   -1.256637061    0.691150384   11.425397423   -4.884364872   -6.856789975
   -1.193805208    0.691150384   11.146327214    4.353799811   -9.946327747
   -1.130973355    0.691150384   13.156249985   12.920305544  -12.494500225
   -1.068141502    0.691150384   15.355158476   24.639038078  -12.166587367
   -1.005309649    0.691150384   19.421844659   34.918339243  -11.723732648
   -0.942477796    0.691150384   21.818030292   32.183888104   -5.726077624
   -0.879645943    0.691150384   26.299355496   32.720563474   -3.313337561
   -0.816814090    0.691150384   28.429712740   27.691222774   -3.932542685
   -0.753982237    0.691150384   29.101146168   22.966428786   -8.332883372
   -0.691150384    0.691150384   30.928792338   25.394266357   -8.988110363
   -0.628318531    0.691150384   33.108813524   15.375756386  -13.798168667
   -0.565486678    0.691150384   35.514688230    8.111430755  -10.656833703
   -0.502654825    0.691150384   37.378149500    1.465748588  -12.262899109
   -0.439822972    0.691150384   37.676479135   -3.740490630  -14.435364103
   -0.376991118    0.691150384   38.011845253  -11.364392714  -19.797273666
   -0.314159265    0.691150384   37.713445032   -8.219780704  -16.560974104
   -0.251327412    0.691150384   36.963707222   -5.958363069  -10.587439785
   -0.188495559    0.691150384   38.180769378   -6.912869858   -6.036396007
   -0.125663706    0.691150384   38.305359954   -9.035694323   -5.852235491
   -0.062831853    0.691150384   37.853236953  -14.707991456  -11.336281295
    0.000000000    0.691150384   36.967028063  -21.682478391  -19.798324544
    0.062831853    0.691150384   35.406621178  -32.000136274  -29.842734073
    0.125663706    0.691150384   33.088154375  -37.937294358  -35.906271778
    0.188495559    0.691150384   29.177007677  -55.593854799  -37.450428644
    0.251327412    0.691150384   25.731069935  -50.014893947  -36.008415864
    0.314159265    0.691150384   21.593671830  -45.364191297  -34.231089693
    0.376991118    0.691150384   20.309304240  -40.238856904  -26.822477818
    0.439822972    0.691150384   15.509235211  -38.206002335  -25.802196191
    0.502654825    0.691150384   14.524051785  -46.269697613  -28.135978273
    0.565486678    0.691150384   12.281714217  -41.952216507  -25.893776418
    0.628318531    0.691150384   10.317230954  -38.127479797  -23.319091392
    0.691150384    0.691150384    6.660209241  -39.213960671  -18.504248536
    0.753982237    0.691150384    4.366411964  -23.527786993  -10.933590657
    0.816814090    0.691150384    3.801473501   -8.517137768   -0.678636470
    0.879645943    0.691150384    2.320959076    7.544778581    4.280382667
    0.942477796    0.691150384    3.350798983   26.771384872   11.132858300
    1.005309649    0.691150384    6.388853212   32.965460137   16.923377244
    1.068141502    0.691150384    9.862637536   37.621823886   21.377645741
    1.130973355    0.691150384   12.825871264   33.978996545   18.163888681
    1.193805208    0.691150384   13.802898107   35.840299771   13.413833944
    1.256637061    0.691150384   13.859172624   22.090410566   10.951120462
    1.319468915    0.691150384   15.743983834   19.845498016   14.113375619
    1.382300768    0.691150384   17.134645234   31.064636299   14.035518606
    1.445132621    0.691150384   21.476928996   48.772668204   15.961168120
    1.507964474    0.691150384   27.226878022   51.693302293   18.060030999
    1.570796327    0.691150384   32.941244253   49.498650632   18.634072703
    1.633628180    0.691150384   35.448253801   44.278797563   15.525501072
    1.696460033    0.691150384   38.603628819   49.683574431   13.434277297
    1.759291886    0.691150384   41.438201828   46.021842997    8.046847728
    1.822123739    0.691150384   44.671780672   33.910037286    7.400900222
    1.884955592    0.691150384   45.555337098   31.890886876    6.132084160
    1.947787445    0.691150384   48.257279626   27.641638615    7.286718290
    2.010619298    0.691150384   51.175109391   31.162527661    8.222215713
    2.073451151    0.691150384   53.180477785   29.649432710    4.500196537
    2.136283004    0.691150384   55.664127520   22.763594110   -1.172722180
    2.199114858    0.691150384   58.510149218   14.438342730   -4.892549846
    2.261946711    0.691150384   58.870722677   11.466317957   -9.644006002
    2.324778564    0.691150384   60.680538588    1.285919005  -13.852705233
    2.387610417    0.691150384   57.528130362  -17.951428544   -9.053617022
    2.450442270    0.691150384   55.129779442  -26.447458073   -7.258936465
    2.513274123    0.691150384   53.667676770  -28.889344862   -5.183139038
    2.576105976    0.691150384   51.880218482  -39.579438258   -1.522165944
    2.638937829    0.691150384   50.309542548  -41.179486142   -3.717723727
    2.701769682    0.691150384   49.565394376  -49.882190276   -4.895138767
    2.764601535    0.691150384   46.273962636  -44.882165147   -6.727602751
    2.827433388    0.691150384   43.604475556  -37.649720152   -6.066818540
    2.890265241    0.691150384   41.255944523  -39.931591000   -6.134165309
    2.953097094    0.691150384   36.611402583  -48.681793643   -3.694370427
    3.015928947    0.691150384   33.996867412  -57.200967251   -7.289292111
    3.078760801    0.691150384   30.892797503  -57.707983429   -9.854080030

   -3.141592654    0.753982237   26.240442215  -51.911278051  -12.715711449
   -3.078760801    0.753982237   21.280875794  -45.069938096  -11.709846467
   -3.015928947    0.753982237   17.931431498  -34.371763019   -8.185809240
   -2.953097094    0.753982237   14.269454592  -24.132371573  -10.182551514
   -2.890265241    0.753982237   15.207366327  -17.122207890  -11.923322586
   -2.827433388    0.753982237   12.453595679  -27.406415463   -4.962518485
   -2.764601535    0.753982237   11.216913304  -17.459630810    4.188838098
   -2.701769682    0.753982237   10.278331155   -8.319361971    4.673133538
   -2.638937829    0.753982237   12.564618917   -8.254390455    6.829145901
   -2.576105976    0.753982237   11.180233110  -11.977761148    6.028481793
   -2.513274123    0.753982237    9.488104988  -27.524169038   -2.825174222
   -2.450442270    0.753982237   10.107645943  -23.408262234    2.129816308
   -2.387610417    0.753982237    9.160785265  -11.083599749    4.129412016
   -2.324778564    0.753982237   10.262180780   -9.011281573    5.508312813
   -2.261946711    0.753982237   10.099603764   -6.651800391    3.572521471
   -2.199114858    0.753982237   12.602236040  -10.182264859    1.303208542
   -2.136283004    0.753982237   14.086355550  -19.407259039   -5.757361070
   -2.073451151    0.753982237   10.804630220  -17.322138434   -4.362474505
   -2.010619298    0.753982237    9.573951513  -11.728250740   -3.287842072
   -1.947787445    0.753982237    8.954586263   -5.651312781    0.946482991
   -1.884955592    0.753982237    9.857068645   -5.114095252    0.275985152
   -1.822123739    0.753982237    9.659078748   -3.293298594    2.973322360
   -1.759291886    0.753982237    8.874452693    0.418298884    5.259429297
   -1.696460033    0.753982237    9.255321819   -3.764694210    5.601548845
   -1.633628180    0.753982237    9.351865708   -9.128199638    2.859431327
   -1.570796327    0.753982237    8.583073745  -10.491812022    0.925435132
   -1.507964474    0.753982237    8.584524772   -8.201405920   -4.873048904
   -1.445132621    0.753982237   10.870660922   -9.783389473    2.765956781
   -1.382300768    0.753982237   10.099596381   -6.026745981    0.581594682
   -1.319468915    0.753982237    9.318359843   -6.745788778    0.746373877
   -1.256637061    0.753982237   11.573118703   -7.415121675   -5.274580777
   -1.193805208    0.753982237   11.252665907    2.893791570   -4.756852047
   -1.130973355    0.753982237   13.188057661   12.640701474   -5.815015273
   -1.068141502    0.753982237   15.464315571   25.636031141   -4.881574123
   -1.005309649    0.753982237   19.539361246   36.527006826   -6.091263859
   -0.942477796    0.753982237   22.294104053   33.559629196   -1.907720068
   -0.879645943    0.753982237   26.845247517   33.876454683   -3.086525229
   -0.816814090    0.753982237   28.887973069   27.519067780   -6.118314607
   -0.753982237    0.753982237   29.238592842   21.146207896  -12.342821518
   -0.691150384    0.753982237   31.025965447   22.896824997  -13.312884211
   -0.628318531    0.753982237   32.876641973   12.517775522  -18.956745336
   -0.565486678    0.753982237   35.462948564    4.439382418  -15.321341667
   -0.502654825    0.753982237   37.260230462   -1.167069378  -14.438885002
   -0.439822972    0.753982237   37.497446018   -4.955573505  -12.452584301
   -0.376991118    0.753982237   37.543460978   -9.459091488  -14.099745497
   -0.314159265    0.753982237   37.424599635   -4.950087090   -9.472031584
   -0.251327412    0.753982237   36.893713571   -4.313844048   -5.775943402
   -0.188495559    0.753982237   38.121637235   -9.329627333   -6.570561343
   -0.125663706    0.753982237   37.945760134  -15.885579965  -12.788083921
   -0.062831853    0.753982237   36.904568505  -24.775096729  -22.389026244
    0.000000000    0.753982237   35.354250824  -31.634828056  -31.670227638
    0.062831853    0.753982237   33.160727642  -38.212969214  -39.243354193
    0.125663706    0.753982237   30.545375274  -40.096309783  -41.253252773
    0.188495559    0.753982237   26.651610104  -53.859512950  -38.871907262
    0.251327412    0.753982237   23.373432155  -46.585068724  -34.776661103
    0.314159265    0.753982237   19.417003786  -42.251158463  -31.254671496
    0.376991118    0.753982237   18.676573326  -38.369463296  -22.067384399
    0.439822972    0.753982237   14.006340054  -36.794572915  -19.726948827
    0.502654825    0.753982237   12.949776004  -42.784584704  -21.331450383
    0.565486678    0.753982237   10.969996855  -36.887490374  -17.410032539
    0.628318531    0.753982237    9.336178556  -30.418855364  -12.891095892
    0.691150384    0.753982237    6.171984344  -29.841662831   -6.072509930
    0.753982237    0.753982237    4.551127503  -12.670427319    2.165209235
    0.816814090    0.753982237    4.805172683    3.273604374   12.114594746
    0.879645943    0.753982237    3.820050450   18.017889008   16.010079275
    0.942477796    0.753982237    5.427870987   35.511031486   20.264177263
    1.005309649    0.753982237    8.864710892   36.654699733   20.592301054
    1.068141502    0.753982237   12.644352576   36.927210246   20.732459055
    1.130973355    0.753982237   15.383133188   30.522371828   13.487607375
    1.193805208    0.753982237   16.089038421   31.945957815    8.314275831
    1.256637061    0.753982237   16.033035788   19.503677505    7.510720333
    1.319468915    0.753982237   18.132422860   18.299712770   13.424028630
    1.382300768    0.753982237   19.427171807   29.623127063   14.341072102
    1.445132621    0.753982237   23.710244821   47.040717880   16.088030938
    1.507964474    0.753982237   29.373272938   48.396814902   17.594805179
    1.570796327    0.753982237   34.883784230   45.007715963   16.970138467
    1.633628180    0.753982237   37.003800721   39.729634931   14.035694645
    1.696460033    0.753982237   39.855835245   45.845328284   12.283230465
    1.759291886    0.753982237   42.257527585   43.549981806    8.823848412
    1.822123739    0.753982237   45.380907106   32.325642142   10.081158611
    1.884955592    0.753982237   46.165931466   31.419144591   11.493314997
    1.947787445    0.753982237   48.926810076   25.903300912   14.723901993
    2.010619298    0.753982237   51.881299394   28.369919950   16.783260334
    2.073451151    0.753982237   53.694893548   25.720602743   15.661754856
    2.136283004    0.753982237   55.807131785   18.541964137   10.312249193
    2.199114858    0.753982237   58.393856220   11.750978962    6.351270717
    2.261946711    0.753982237   58.437648226    9.408665409    1.613502806
    2.324778564    0.753982237   59.978845039    1.835585357   -2.170535928
    2.387610417    0.753982237   57.131705583  -15.872978384    2.955152522
    2.450442270    0.753982237   54.781927195  -25.363771755    3.643712050
    2.513274123    0.753982237   53.387521498  -28.887240238    4.896996071
    2.576105976    0.753982237   51.753949818  -42.645208120    8.095636122
    2.638937829    0.753982237   49.978167887  -44.255868596    5.988957214
    2.701769682    0.753982237   48.975769230  -51.698226124    1.951201761
    2.764601535    0.753982237   45.457882355  -47.158408442   -0.716920448
    2.827433388    0.753982237   42.702214142  -40.659413833   -1.847469065
    2.890265241    0.753982237   40.240330573  -44.081738891   -3.508777304
    2.953097094    0.753982237   35.662803286  -51.277101093   -3.371624142
    3.015928947    0.753982237   32.832656706  -60.820397411   -7.615248084
    3.078760801    0.753982237   29.645265520  -59.548045922  -10.173076597

   -3.141592654    0.816814090   27.420659650  -52.084178120  -17.350640958
   -3.078760801    0.816814090   22.627702845  -42.025897299  -14.336560953
   -3.015928947    0.816814090   19.611829016  -29.426664949   -9.622249347
   -2.953097094    0.816814090   15.882360412  -21.209105953  -12.247726422
   -2.890265241    0.816814090   16.745829296  -14.759314823  -15.373127122
   -2.827433388    0.816814090   14.444240601  -23.819795284   -9.702664414
   -2.764601535    0.816814090   13.728673250  -16.740849138   -2.482931759
   -2.701769682    0.816814090   12.697964742   -9.951433283   -4.195502061
   -2.638937829    0.816814090   14.939303960  -12.691255423   -4.262588123
   -2.576105976    0.816814090   13.338303728  -16.233549357   -4.692729905
   -2.513274123    0.816814090   10.942510813  -28.131340793  -11.275366723
   -2.450442270    0.816814090   11.651642418  -24.837821849   -5.267544627
   -2.387610417    0.816814090   10.589649122  -14.053455314   -2.166071601
   -2.324778564    0.816814090   11.582337770  -12.718870945    1.843377001
   -2.261946711    0.816814090   11.083736369  -10.522923360    1.914826660
   -2.199114858    0.816814090   13.250171253  -14.217211889    1.376717968
   -2.136283004    0.816814090   14.137093358  -21.151122132   -3.421040239
   -2.073451151    0.816814090   10.819437711  -18.894743241   -0.084019925
   -2.010619298    0.816814090    9.556514132  -11.626526903    2.751764183
   -1.947787445    0.816814090    9.127521411   -4.279357724    8.593661400
   -1.884955592    0.816814090    9.911637238   -3.200995627    8.479708424
   -1.822123739    0.816814090    9.789797678   -1.423714809   10.692179419
   -1.759291886    0.816814090    9.070064697    1.209971982   12.624435109
   -1.696460033    0.816814090    9.386529880   -5.691609254   12.118962402
   -1.633628180    0.816814090    9.178437660  -13.763285771    7.603940040
   -1.570796327    0.816814090    8.180747675  -15.764463645    4.538013359
   -1.507964474    0.816814090    7.702875113  -13.254409016   -2.602645440
   -1.445132621    0.816814090   10.311880392  -13.421290031    2.881305361
   -1.382300768    0.816814090    9.235868724  -10.540662525   -2.192415833
   -1.319468915    0.816814090    8.356991065  -10.823657191   -2.948880770
   -1.256637061    0.816814090   10.167759931  -10.405222351   -8.680566580
   -1.193805208    0.816814090    9.889558375    1.588048997   -6.459661519
   -1.130973355    0.816814090   11.714452467   11.857759663   -8.195963155
   -1.068141502    0.816814090   14.019675274   25.002202994   -8.086741407
   -1.005309649    0.816814090   17.926633091   35.459782401  -12.772236484
   -0.942477796    0.816814090   20.906195596   32.710863723  -10.955957313
   -0.879645943    0.816814090   25.350318604   33.822317658  -14.272919991
   -0.816814090    0.816814090   27.242694682   27.081115181  -17.334730229
   -0.753982237    0.816814090   27.277484719   20.313150824  -22.092241597
   -0.691150384    0.816814090   29.119514345   21.590445804  -20.570188821
   -0.628318531    0.816814090   30.726774320   12.010442208  -23.420956763
   -0.565486678    0.816814090   33.706955738    5.183129286  -15.700287944
   -0.502654825    0.816814090   35.736285771    1.482945630  -10.768494280
   -0.439822972    0.816814090   36.274691776   -0.691557776   -5.627479111
   -0.376991118    0.816814090   36.329804106   -3.966369893   -6.836175687
   -0.314159265    0.816814090   36.541046003   -0.815277197   -4.951760106
   -0.251327412    0.816814090   36.208800598   -3.711014283   -7.057209978
   -0.188495559    0.816814090   37.363989872  -12.876069526  -13.543020790
   -0.125663706    0.816814090   36.865567044  -21.531423513  -23.344154304
   -0.062831853    0.816814090   35.425068250  -30.011223481  -33.048651744
    0.000000000    0.816814090   33.586654465  -33.928700794  -39.978592874
    0.062831853    0.816814090   31.276157122  -35.971747526  -43.888638132
    0.125663706    0.816814090   28.871368254  -34.429040810  -42.892901804
    0.188495559    0.816814090   25.405458353  -46.169727404  -38.918608322
    0.251327412    0.816814090   22.571830176  -39.556061221  -34.863995011
    0.314159265    0.816814090   18.995193091  -36.556966035  -30.973459748
    0.376991118    0.816814090   18.951244806  -34.647705972  -21.178937613
    0.439822972    0.816814090   14.487089823  -34.613072143  -18.314708100
    0.502654825    0.816814090   13.318033330  -39.978949194  -19.692133865
    0.565486678    0.816814090   11.533870241  -33.659147831  -15.423658244
    0.628318531    0.816814090   10.093419007  -25.930530046  -10.287063599
    0.691150384    0.816814090    7.191980628  -25.564146174   -3.778111317
    0.753982237    0.816814090    5.847057955   -8.696119541    3.039828544
    0.816814090    0.816814090    6.421409567    6.369854534   10.125198508
    0.879645943    0.816814090    5.326883924   17.993071144   10.643104655
    0.942477796    0.816814090    6.808154905   32.342706818   10.821158520
    1.005309649    0.816814090    9.889585856   29.785828248    7.579843358
    1.068141502    0.816814090   13.372461181   28.168061069    6.273828935
    1.130973355    0.816814090   15.453688541   22.752961366   -0.747733063
    1.193805208    0.816814090   15.728802916   26.627875032   -3.689459954
    1.256637061    0.816814090   15.594765340   17.913536477   -1.707644692
    1.319468915    0.816814090   18.059239797   18.525785178    6.548268352
    1.382300768    0.816814090   19.417423420   30.862354397    8.237348940
    1.445132621    0.816814090   23.810855519   48.233216597    9.447897466
    1.507964474    0.816814090   29.594779462   48.835828113    9.818297436
    1.570796327    0.816814090   35.119858874   45.228078994    7.981557771
    1.633628180    0.816814090   37.215315182   40.976056775    5.612520705
    1.696460033    0.816814090   40.140683551   48.785905438    4.564814076
    1.759291886    0.816814090   42.582861543   47.758634746    2.948500444
    1.822123739    0.816814090   46.041693551   37.830795911    5.291060540
    1.884955592    0.816814090   47.226671432   38.022974518    8.450894692
    1.947787445    0.816814090   50.483209566   30.933699528   11.959097493
    2.010619298    0.816814090   53.855837759   32.462513524   13.713571052
    2.073451151    0.816814090   55.933077707   27.870882011   13.131679787
    2.136283004    0.816814090   57.990740390   19.912711270    6.701158565
    2.199114858    0.816814090   60.587163967   14.007921999    1.094668151
    2.261946711    0.816814090   60.617260018   11.402802693   -4.212098245
    2.324778564    0.816814090   62.158944356    5.198906764   -8.795969142
    2.387610417    0.816814090   59.840802689  -11.119627800   -4.305663211
    2.450442270    0.816814090   57.665293711  -22.224483330   -4.858908746
    2.513274123    0.816814090   56.429535253  -27.440711359   -4.081063853
    2.576105976    0.816814090   55.034627095  -44.542708103   -0.972859360
    2.638937829    0.816814090   53.121881153  -47.200441650   -2.171494674
    2.701769682    0.816814090   51.740343055  -54.129181132   -7.281735852
    2.764601535    0.816814090   47.928983156  -51.503399796   -9.478812753
    2.827433388    0.816814090   44.925035588  -46.320928297  -10.895937994
    2.890265241    0.816814090   42.190044248  -50.920576587  -12.626378093
    2.953097094    0.816814090   37.464304061  -56.500770168  -12.551913230
    3.015928947    0.816814090   34.298953185  -66.269609350  -15.481803509
    3.078760801    0.816814090   30.933868382  -62.634205972  -16.556939998

   -3.141592654    0.879645943   27.413434099  -53.848515074  -22.500729526
   -3.078760801    0.879645943   22.656271463  -42.152770876  -18.017432782
   -3.015928947    0.879645943   19.752440455  -29.451046871  -11.980466152
   -2.953097094    0.879645943   15.589823309  -24.087066544  -14.926085430
   -2.890265241    0.879645943   15.979600906  -18.873564420  -18.426922787
   -2.827433388    0.879645943   13.725476374  -26.960373531  -13.940097667
   -2.764601535    0.879645943   13.148697498  -22.225950388   -7.913403791
   -2.701769682    0.879645943   11.732483328  -15.351804960  -10.912708892
   -2.638937829    0.879645943   13.732865562  -17.713210870  -12.714106436
   -2.576105976    0.879645943   12.020579639  -18.186529722  -12.624261120
   -2.513274123    0.879645943    9.258841067  -24.421927449  -17.321303322
   -2.450442270    0.879645943   10.424895434  -19.871296301  -10.896774408
   -2.387610417    0.879645943    9.691964914   -8.826690109   -7.203705332
   -2.324778564    0.879645943   11.154091691   -7.591358645   -1.034889443
   -2.261946711    0.879645943   10.875110658   -5.839678659    0.753904553
   -2.199114858    0.879645943   13.240653370   -9.530175671    1.743143762
   -2.136283004    0.879645943   14.075647715  -14.578197132   -1.376520016
   -2.073451151    0.879645943   11.209520246  -12.624423732    2.976653701
   -2.010619298    0.879645943   10.366691373   -4.587766047    6.351471917
   -1.947787445    0.879645943   10.515097883    2.629986056   11.643376488
   -1.884955592    0.879645943   11.470971137    2.316855596   11.012452027
   -1.822123739    0.879645943   11.612536417    2.916812946   12.112192314
   -1.759291886    0.879645943   11.077011298    2.616138013   12.582284199
   -1.696460033    0.879645943   11.401403684   -7.103929684   11.941552007
   -1.633628180    0.879645943   10.876048912  -18.709816064    6.573520840
   -1.570796327    0.879645943    9.651350637  -21.405183731    4.030303297
   -1.507964474    0.879645943    8.651739462  -19.408552296   -2.733559582
   -1.445132621    0.879645943   11.480942634  -18.446684914    2.190578152
   -1.382300768    0.879645943    9.949093774  -16.250268355   -3.140391918
   -1.319468915    0.879645943    8.906914363  -15.668980574   -3.371590645
   -1.256637061    0.879645943   10.265443402  -13.725999278   -7.595204640
   -1.193805208    0.879645943   10.024054669   -1.560262648   -4.127987876
   -1.130973355    0.879645943   11.577601603    8.196872918   -6.453039114
   -1.068141502    0.879645943   13.717076683   19.630208019   -7.692391179
   -1.005309649    0.879645943   17.151548331   30.313309891  -14.582807591
   -0.942477796    0.879645943   20.112040401   29.089083495  -14.290722280
   -0.879645943    0.879645943   24.298571722   33.142713659  -17.977082899
   -0.816814090    0.879645943   26.044472477   28.028540130  -19.846495253
   -0.753982237    0.879645943   25.904919046   22.235936322  -22.452347175
   -0.691150384    0.879645943   28.031881357   24.501006554  -18.535106002
   -0.628318531    0.879645943   29.699062625   16.851573966  -19.070644731
   -0.565486678    0.879645943   33.403902752   11.482453575  -10.275896122
   -0.502654825    0.879645943   35.968908859    8.451033317   -5.433700929
   -0.439822972    0.879645943   37.019042984    5.142505244   -2.206154842
   -0.376991118    0.879645943   37.122890888    0.072298970   -7.070857881
   -0.314159265    0.879645943   37.520486677   -0.577203332  -10.201335804
   -0.251327412    0.879645943   37.114094409   -7.440519588  -16.581457868
   -0.188495559    0.879645943   37.957528486  -19.445133656  -25.223463996
   -0.125663706    0.879645943   36.998931319  -28.242270702  -34.293522013
   -0.062831853    0.879645943   35.155251138  -34.866951485  -40.846752971
    0.000000000    0.879645943   33.065093467  -35.623844972  -44.118329485
    0.062831853    0.879645943   30.675016192  -33.911937867  -44.332973853
    0.125663706    0.879645943   28.424716622  -30.446067930  -41.003453546
    0.188495559    0.879645943   25.206521763  -41.721125973  -36.827754335
    0.251327412    0.879645943   22.600221145  -35.684251186  -33.020808447
    0.314159265    0.879645943   19.240999324  -33.043890270  -28.682504866
    0.376991118    0.879645943   19.781212255  -32.353603344  -18.945625202
    0.439822972    0.879645943   15.507119601  -32.339517511  -14.779198648
    0.502654825    0.879645943   14.271151283  -35.980319395  -14.897578715
    0.565486678    0.879645943   12.764149780  -28.759598041   -9.978560555
    0.628318531    0.879645943   11.622786714  -20.037397409   -5.317557786
    0.691150384    0.879645943    9.086061423  -19.825270958   -0.073003279
    0.753982237    0.879645943    8.082448401   -3.963601043    4.157879149
    0.816814090    0.879645943    8.978779594    9.910515337    8.012381973
    0.879645943    0.879645943    7.789798440   18.091173679    5.774827037
    0.942477796    0.879645943    9.194676949   30.677771599    4.945173474
    1.005309649    0.879645943   12.020873407   26.027261893    1.940102782
    1.068141502    0.879645943   15.430615633   23.809227849    2.490541487
    1.130973355    0.879645943   17.086616658   19.610573960   -2.554745529
    1.193805208    0.879645943   17.246935863   25.569073117   -2.610829048
    1.256637061    0.879645943   17.290348695   19.250695741    1.784269958
    1.319468915    0.879645943   20.310187707   20.015445848   11.653124432
    1.382300768    0.879645943   21.787435223   31.702697042   14.206195888
    1.445132621    0.879645943   26.229703649   47.874471239   15.155308736
    1.507964474    0.879645943   31.987769087   47.026106466   14.612752909
    1.570796327    0.879645943   37.317813938   42.625129304   11.444877005
    1.633628180    0.879645943   39.256521226   39.654569905   10.250907821
    1.696460033    0.879645943   42.064905987   48.162246898    9.242608434
    1.759291886    0.879645943   44.387193397   48.020223632    8.913143955
    1.822123739    0.879645943   47.934648191   38.996367396   11.395151653
    1.884955592    0.879645943   49.282909220   39.435551450   15.032762300
    1.947787445    0.879645943   52.696369987   30.874774323   18.151051041
    2.010619298    0.879645943   56.105664631   30.998025868   18.593585840
    2.073451151    0.879645943   58.119540955   24.835274483   17.727934777
    2.136283004    0.879645943   59.764833699   16.352450545   10.867933087
    2.199114858    0.879645943   62.015028982   11.219845542    4.677906592
    2.261946711    0.879645943   61.750367885    8.687967986   -0.576400563
    2.324778564    0.879645943   63.077056287    4.468720529   -4.999959844
    2.387610417    0.879645943   61.072569298   -9.415730727   -1.810358043
    2.450442270    0.879645943   58.898415478  -20.774132767   -3.772668833
    2.513274123    0.879645943   57.762793330  -26.047158744   -4.117980040
    2.576105976    0.879645943   56.581444889  -45.547481724   -2.637107035
    2.638937829    0.879645943   54.634381566  -48.766625804   -4.579810200
    2.701769682    0.879645943   52.912146896  -54.948231873  -11.406393902
    2.764601535    0.879645943   48.943220742  -54.305724136  -14.914444112
    2.827433388    0.879645943   45.779278343  -50.547566981  -18.225501299
    2.890265241    0.879645943   42.854909004  -55.995768022  -21.295636947
    2.953097094    0.879645943   38.049507018  -60.433819966  -21.498776498
    3.015928947    0.879645943   34.624482155  -70.964459996  -23.599226353
    3.078760801    0.879645943   31.087125919  -65.953701935  -23.542943683

   -3.141592654    0.942477796   26.953594901  -51.118362727   -7.020189562
   -3.078760801    0.942477796   22.506540133  -38.101615254   -1.670560560
   -3.015928947    0.942477796   19.976499091  -26.143587971    4.835606561
   -2.953097094    0.942477796   15.570842192  -23.993552010    1.456808739
   -2.890265241    0.942477796   15.682046113  -19.618342746   -2.589269228
   -2.827433388    0.942477796   13.617843101  -27.326252603    0.154416715
   -2.764601535    0.942477796   13.340792469  -25.246674961    4.662031209
   -2.701769682    0.942477796   11.701353319  -18.677490555    0.839118589
   -2.638937829    0.942477796   13.518875891  -21.255023074   -3.196878096
   -2.576105976    0.942477796   11.812117618  -19.595446740   -3.718844020
   -2.513274123    0.942477796    8.787420796  -21.964266298   -8.418155276
   -2.450442270    0.942477796   10.331567780  -16.593081123   -4.170526644
   -2.387610417    0.942477796    9.820190113   -5.172022054   -2.682136554
   -2.324778564    0.942477796   11.715974464   -3.404038213    2.710975261
   -2.261946711    0.942477796   11.610855019   -1.792870789    3.811218885
   -2.199114858    0.942477796   14.134252846   -5.128587764    4.726599809
   -2.136283004    0.942477796   14.900603827   -8.388991946    1.899100081
   -2.073451151    0.942477796   12.433700716   -7.477962377    5.898718136
   -2.010619298    0.942477796   11.915156353    0.581372138    8.261074348
   -1.947787445    0.942477796   12.526022360    7.774276643   12.100460440
   -1.884955592    0.942477796   13.571153005    6.648551389    9.728904708
   -1.822123739    0.942477796   13.896239154    5.850523617    8.984160950
   -1.759291886    0.942477796   13.525293795    4.088581440    8.112226648
   -1.696460033    0.942477796   13.958971349   -7.201741380    6.846095992
   -1.633628180    0.942477796   13.220762962  -20.884527017    1.093043073
   -1.570796327    0.942477796   11.962922992  -24.054081635   -0.710232949
   -1.507964474    0.942477796   10.637726217  -22.665301387   -5.985871835
   -1.445132621    0.942477796   13.790197868  -21.104475446   -0.566723366
   -1.382300768    0.942477796   11.904028140  -20.294171925   -4.714390169
   -1.319468915    0.942477796   10.769347046  -19.214171617   -3.682232549
   -1.256637061    0.942477796   11.743751652  -16.414975497   -6.057844841
   -1.193805208    0.942477796   11.581327503   -5.239431780   -1.012894246
   -1.130973355    0.942477796   12.752615623    2.486694639   -3.993634813
   -1.068141502    0.942477796   14.624883691   12.222524007   -4.921960294
   -1.005309649    0.942477796   17.461341623   23.606250992  -11.719941801
   -0.942477796    0.942477796   20.332790064   25.754600439  -11.053660848
   -0.879645943    0.942477796   24.282387064   33.576045775  -13.184907438
   -0.816814090    0.942477796   25.984901199   30.764039332  -13.441502737
   -0.753982237    0.942477796   25.784630118   25.435513950  -14.847352788
   -0.691150384    0.942477796   28.277911279   28.039776306  -10.352688928
   -0.628318531    0.942477796   29.995526559   20.757472623  -11.800185113
   -0.565486678    0.942477796   34.253521882   14.453140245   -6.003080820
   -0.502654825    0.942477796   37.056019186    9.497063000   -4.925869933
   -0.439822972    0.942477796   38.163255378    2.765799826   -5.815522008
   -0.376991118    0.942477796   37.798335752   -5.358567057  -13.437422087
   -0.314159265    0.942477796   37.800577735   -9.272053759  -18.676184459
   -0.251327412    0.942477796   36.815729674  -17.962768834  -25.156803822
   -0.188495559    0.942477796   36.994076138  -30.341569983  -31.834650545
   -0.125663706    0.942477796   35.382013532  -36.534007225  -37.257013755
   -0.062831853    0.942477796   33.100215543  -39.672107822  -39.200900461
    0.000000000    0.942477796   30.798124530  -36.158705111  -38.138755400
    0.062831853    0.942477796   28.374661363  -31.413158821  -35.573575098
    0.125663706    0.942477796   26.287166531  -26.745052401  -31.171999884
    0.188495559    0.942477796   23.294369073  -37.316454301  -26.844179358
    0.251327412    0.942477796   20.910177732  -31.290662847  -23.099663513
    0.314159265    0.942477796   17.835452713  -28.489411687  -18.686495956
    0.376991118    0.942477796   19.012113222  -28.020538704   -9.384268199
    0.439822972    0.942477796   15.059596740  -27.990016029   -4.712426974
    0.502654825    0.942477796   13.887621660  -30.653163386   -4.232448653
    0.565486678    0.942477796   12.740448978  -23.227711946    0.332519791
    0.628318531    0.942477796   11.904699702  -14.759470882    3.267231231
    0.691150384    0.942477796    9.696460985  -15.326707415    6.350923665
    0.753982237    0.942477796    8.928789331   -0.638829338    7.781655385
    0.816814090    0.942477796   10.030849638   12.265949701    8.966190619
    0.879645943    0.942477796    8.748189817   18.770678308    7.032470241
    0.942477796    0.942477796   10.166015399   30.891493881    7.423403870
    1.005309649    0.942477796   12.876249715   25.351375486    6.101384884
    1.068141502    0.942477796   16.389770858   22.836367529    8.721151160
    1.130973355    0.942477796   17.746146648   18.811921384    4.651538517
    1.193805208    0.942477796   17.906195882   25.673972554    6.272280524
    1.256637061    0.942477796   18.185269327   20.700986689   12.086305590
    1.319468915    0.942477796   21.751192665   20.160002092   22.932766162
    1.382300768    0.942477796   23.236496651   29.895045333   25.468004246
    1.445132621    0.942477796   27.525288454   43.445751839   25.374396400
    1.507964474    0.942477796   32.987126072   41.202178337   23.097828076
    1.570796327    0.942477796   37.836603941   36.598542756   18.182479337
    1.633628180    0.942477796   39.465240197   35.199540856   16.550539083
    1.696460033    0.942477796   41.973316259   44.853907263   13.805485881
    1.759291886    0.942477796   44.124480761   46.823262307   13.157788496
    1.822123739    0.942477796   47.708974878   39.945527516   13.712535080
    1.884955592    0.942477796   49.296170448   42.067622112   16.595860303
    1.947787445    0.942477796   52.964719788   33.239811745   18.230204071
    2.010619298    0.942477796   56.524165510   32.593358965   17.445301007
    2.073451151    0.942477796   58.686300161   25.463592569   16.802613376
    2.136283004    0.942477796   60.098406365   15.759686751   10.341624852
    2.199114858    0.942477796   62.128233356   10.461121817    4.745148589
    2.261946711    0.942477796   61.698088435    6.758252226    1.146698447
    2.324778564    0.942477796   62.851163478    3.049127010   -2.080300125
    2.387610417    0.942477796   61.079562228   -9.210910449    0.897081326
    2.450442270    0.942477796   58.802542705  -20.725275441   -1.095621808
    2.513274123    0.942477796   57.670510235  -25.841285746   -0.883792793
    2.576105976    0.942477796   56.574246496  -46.974353706    0.067721428
    2.638937829    0.942477796   54.568749687  -50.662280717   -0.461049325
    2.701769682    0.942477796   52.474562100  -56.079548042   -6.037011539
    2.764601535    0.942477796   48.371413626  -56.715989533   -7.854342736
    2.827433388    0.942477796   45.074165953  -53.391874946  -10.332937239
    2.890265241    0.942477796   42.047978314  -58.103995764  -12.520861617
    2.953097094    0.942477796   37.346075078  -60.574941762  -11.113272074
    3.015928947    0.942477796   33.905513687  -71.137028593  -11.509168191
    3.078760801    0.942477796   30.482533270  -64.534201097   -9.647539873

   -3.141592654    1.005309649   28.132438361  -46.738874965    0.704370961
   -3.078760801    1.005309649   24.106244437  -32.859465653    6.753821426
   -3.015928947    1.005309649   22.073185952  -21.755455934   13.859805761
   -2.953097094    1.005309649   17.533662289  -22.763294290   11.281068617
   -2.890265241    1.005309649   17.458885054  -19.192949159    7.800432267
   -2.827433388    1.005309649   15.548110446  -27.751460362    9.498011219
   -2.764601535    1.005309649   15.509889927  -28.803275717   13.029775405
   -2.701769682    1.005309649   13.594471364  -23.446502588    9.696555119
   -2.638937829    1.005309649   15.039391190  -27.313379958    4.368208698
   -2.576105976    1.005309649   13.177778269  -24.668643202    3.589029297
   -2.513274123    1.005309649    9.704605458  -25.137119138   -1.254730346
   -2.450442270    1.005309649   11.266601291  -19.602545628    0.489288922
   -2.387610417    1.005309649   10.569965199   -7.929698047   -1.174923849
   -2.324778564    1.005309649   12.540826532   -5.214188888    1.685081167
   -2.261946711    1.005309649   12.260598657   -2.853903869    0.584818715
   -2.199114858    1.005309649   14.655844420   -4.891401696    0.460547121
   -2.136283004    1.005309649   15.133876739   -6.126916651   -2.001739116
   -2.073451151    1.005309649   12.834090999   -6.004519691    2.080106715
   -2.010619298    1.005309649   12.416167091    2.102448132    4.275113550
   -1.947787445    1.005309649   13.226665579    8.851037648    7.384300300
   -1.884955592    1.005309649   14.103884582    6.530399763    4.439821653
   -1.822123739    1.005309649   14.355470269    4.675450617    2.972670513
   -1.759291886    1.005309649   13.902562174    1.176325687    1.618088557
   -1.696460033    1.005309649   14.239376468  -10.600544534    0.695308069
   -1.633628180    1.005309649   13.099949713  -25.405563652   -4.944356721
   -1.570796327    1.005309649   11.694199671  -27.955046619   -5.805619715
   -1.507964474    1.005309649   10.029227103  -25.847751276   -8.956611260
   -1.445132621    1.005309649   13.454820098  -22.475964033   -3.363088842
   -1.382300768    1.005309649   11.287583373  -21.948642073   -5.581888997
   -1.319468915    1.005309649   10.199687696  -19.669108226   -3.401603263
   -1.256637061    1.005309649   11.011420228  -15.464386613   -4.680944403
   -1.193805208    1.005309649   11.164343810   -5.677842873    1.033622831
   -1.130973355    1.005309649   12.149064712    0.160894544   -1.463152350
   -1.068141502    1.005309649   14.034649354    8.844294067   -0.423704993
   -1.005309649    1.005309649   16.536271821   21.139428623   -5.264219316
   -0.942477796    1.005309649   19.565596453   26.649097979   -3.080761099
   -0.879645943    1.005309649   23.496436953   36.916720065   -4.282426748
   -0.816814090    1.005309649   25.288667840   34.927112406   -4.687314657
   -0.753982237    1.005309649   25.089729143   28.801438583   -7.333499011
   -0.691150384    1.005309649   27.908438249   30.232321178   -6.126474608
   -0.628318531    1.005309649   29.569048928   22.467709156  -11.525822859
   -0.565486678    1.005309649   34.187839770   15.384120343  -11.311853633
   -0.502654825    1.005309649   37.110149210    9.388034599  -14.167026976
   -0.439822972    1.005309649   38.282725657    1.076810320  -18.009008369
   -0.376991118    1.005309649   37.635475485   -7.459054023  -26.472508985
   -0.314159265    1.005309649   37.550861509  -11.949348029  -31.738199747
   -0.251327412    1.005309649   36.437563908  -20.183959643  -37.044252639
   -0.188495559    1.005309649   36.551746794  -30.854815854  -40.620726591
   -0.125663706    1.005309649   34.928879704  -34.465762868  -43.086701680
   -0.062831853    1.005309649   32.852680138  -34.837247991  -41.851268777
    0.000000000    1.005309649   30.884395934  -29.214549111  -38.807264108
    0.062831853    1.005309649   28.849776610  -23.494303749  -34.848630165
    0.125663706    1.005309649   27.211777563  -19.227808926  -30.410977052
    0.188495559    1.005309649   24.636951302  -30.291418850  -26.763985771
    0.251327412    1.005309649   22.604220114  -25.030029417  -24.247692034
    0.314159265    1.005309649   19.905380495  -22.889019912  -20.975415722
    0.376991118    1.005309649   21.688034960  -23.363954820  -14.602997271
    0.439822972    1.005309649   18.048649621  -24.704231319  -10.552753563
    0.502654825    1.005309649   16.865608871  -28.145355569  -10.302477721
    0.565486678    1.005309649   15.833633007  -22.815354622   -6.472511719
    0.628318531    1.005309649   14.921279193  -16.234453935   -4.916115673
    0.691150384    1.005309649   12.578586426  -18.482725519   -2.802994866
    0.753982237    1.005309649   11.544996033   -5.005616119   -1.843407875
    0.816814090    1.005309649   12.409336847    9.053309610    0.173378819
    0.879645943    1.005309649   10.783137113   15.787182067    1.041715155
    0.942477796    1.005309649   12.066773757   29.070460321    4.177865346
    1.005309649    1.005309649   14.561530861   23.975043094    4.520521389
    1.068141502    1.005309649   18.116140707   21.658723977    7.506266792
    1.130973355    1.005309649   19.175623802   18.998046335    4.460784472
    1.193805208    1.005309649   19.433756639   27.590857346    7.350156674
    1.256637061    1.005309649   20.117106320   24.714493024   14.153597054
    1.319468915    1.005309649   24.376018633   22.803341918   24.844378348
    1.382300768    1.005309649   26.086669338   31.031144539   27.994969726
    1.445132621    1.005309649   30.409569389   42.203931859   27.926469049
    1.507964474    1.005309649   35.748592963   38.925554941   24.876485098
    1.570796327    1.005309649   40.313249169   34.210355663   19.574959998
    1.633628180    1.005309649   41.879720000   33.654475723   18.642543562
    1.696460033    1.005309649   44.215672544   43.109714656   15.748750550
    1.759291886    1.005309649   46.313345928   45.205430569   14.967007257
    1.822123739    1.005309649   49.867069587   39.240170653   13.859838622
    1.884955592    1.005309649   51.584407600   41.687121286   15.771401836
    1.947787445    1.005309649   55.266977830   32.092351025   15.414810489
    2.010619298    1.005309649   58.718853538   30.796503158   13.350351599
    2.073451151    1.005309649   60.784369750   22.820032072   11.659823315
    2.136283004    1.005309649   61.787477918   12.962906750    5.570161604
    2.199114858    1.005309649   63.463549061    8.312255100    0.055496004
    2.261946711    1.005309649   62.863886708    3.824711546   -2.234814823
    2.324778564    1.005309649   63.850146295    1.303740396   -4.899831769
    2.387610417    1.005309649   62.274585981   -9.098831950   -2.828461967
    2.450442270    1.005309649   59.895653681  -20.261820305   -4.797351852
    2.513274123    1.005309649   58.797643829  -25.181778676   -4.946129013
    2.576105976    1.005309649   57.742346954  -47.351808138   -5.412749668
    2.638937829    1.005309649   55.741288253  -51.695124381   -5.045048858
    2.701769682    1.005309649   53.348668626  -56.724149011   -8.793371330
    2.764601535    1.005309649   49.183205252  -58.850583234   -8.618826836
    2.827433388    1.005309649   45.740077591  -55.957243635   -9.891951313
    2.890265241    1.005309649   42.605055846  -59.402836530  -10.731100030
    2.953097094    1.005309649   38.038564074  -59.670142397   -7.556844809
    3.015928947    1.005309649   34.624343261  -69.911255226   -6.703612944
    3.078760801    1.005309649   31.400086960  -61.623996804   -3.407812673

   -3.141592654    1.068141502   29.559871686  -42.710020900    1.223066507
   -3.078760801    1.068141502   25.935588578  -28.382856397    6.234715545
   -3.015928947    1.068141502   24.391315312  -18.081997136   13.094174829
   -2.953097094    1.068141502   19.777074020  -21.029950746   11.436367296
   -2.890265241    1.068141502   19.580402209  -17.228927441    8.718689403
   -2.827433388    1.068141502   17.836233888  -26.398214460    9.290892103
   -2.764601535    1.068141502   18.096023404  -29.988940400   11.801035332
   -2.701769682    1.068141502   16.095350611  -25.387809123    9.152907266
   -2.638937829    1.068141502   17.276219640  -30.407583193    2.994253376
   -2.576105976    1.068141502   15.445766512  -27.180705316    2.199432931
   -2.513274123    1.068141502   11.728924372  -27.358305276   -2.435497985
   -2.450442270    1.068141502   13.375767773  -22.364812792   -2.299596281
   -2.387610417    1.068141502   12.483782029  -10.904251352   -6.646125734
   -2.324778564    1.068141502   14.528940861   -7.363743549   -6.439215139
   -2.261946711    1.068141502   14.063025175   -3.704514290  -10.024195851
   -2.199114858    1.068141502   16.376725259   -3.416170463  -11.099485859
   -2.136283004    1.068141502   16.670732817   -2.731925784  -12.563596782
   -2.073451151    1.068141502   14.597443318   -3.899774298   -7.587273359
   -2.010619298    1.068141502   14.287144929    3.421200084   -4.202376941
   -1.947787445    1.068141502   15.253812983    8.780679281   -0.290544741
   -1.884955592    1.068141502   15.901524514    4.956146503   -2.159540802
   -1.822123739    1.068141502   15.990688294    1.935112140   -3.289430908
   -1.759291886    1.068141502   15.382047054   -3.085158673   -4.066324005
   -1.696460033    1.068141502   15.578108271  -15.408554669   -4.247273682
   -1.633628180    1.068141502   13.998342768  -30.109213386   -8.766984962
   -1.570796327    1.068141502   12.452671391  -31.287674905   -8.596876081
   -1.507964474    1.068141502   10.502203117  -28.146610155  -10.086171410
   -1.445132621    1.068141502   14.160744368  -22.499970315   -4.339232833
   -1.382300768    1.068141502   11.766333391  -23.075461422   -5.202130384
   -1.319468915    1.068141502   10.677655432  -20.466459470   -3.149771731
   -1.256637061    1.068141502   11.284093911  -15.351835726   -4.296092476
   -1.193805208    1.068141502   11.691509342   -7.034104152    2.214129939
   -1.130973355    1.068141502   12.450461617   -2.483953579    1.382429834
   -1.068141502    1.068141502   14.361958897    5.145921858    4.844443632
   -1.005309649    1.068141502   16.544235661   18.318304391    2.680666967
   -0.942477796    1.068141502   19.637243253   26.405676805    5.233097696
   -0.879645943    1.068141502   23.438046824   37.437104878    3.940584281
   -0.816814090    1.068141502   25.099451909   34.903984434    1.449913811
   -0.753982237    1.068141502   24.642646088   26.935197749   -3.925926016
   -0.691150384    1.068141502   27.439187813   26.920049080   -6.395678673
   -0.628318531    1.068141502   28.719971186   19.140018490  -14.392227190
   -0.565486678    1.068141502   33.362569950   12.546932462  -16.763100014
   -0.502654825    1.068141502   36.172613186    6.321360115  -21.389496609
   -0.439822972    1.068141502   37.243145351   -2.368372372  -25.371933931
   -0.376991118    1.068141502   36.288662352  -10.332243379  -32.056102008
   -0.314159265    1.068141502   36.099269856  -14.116515437  -35.792093667
   -0.251327412    1.068141502   34.900622068  -21.213628563  -39.023323078
   -0.188495559    1.068141502   35.031111895  -30.117941224  -40.225034222
   -0.125663706    1.068141502   33.469658063  -31.410028958  -40.549450266
   -0.062831853    1.068141502   31.660031505  -29.635923627  -37.415637926
    0.000000000    1.068141502   30.026176968  -22.718845955  -33.210211560
    0.062831853    1.068141502   28.326615493  -17.358574272  -28.960781645
    0.125663706    1.068141502   27.020650045  -14.579626927  -24.697607464
    0.188495559    1.068141502   24.696430979  -26.118519780  -21.320262950
    0.251327412    1.068141502   22.811486542  -22.227347146  -20.102416602
    0.314159265    1.068141502   20.282914805  -20.705485512  -18.230877170
    0.376991118    1.068141502   22.353036950  -21.374448421  -15.429039267
    0.439822972    1.068141502   18.881208660  -23.260851645  -12.855985268
    0.502654825    1.068141502   17.667552345  -26.295047747  -12.554644332
    0.565486678    1.068141502   16.726705743  -22.758217003  -10.082738512
    0.628318531    1.068141502   15.732813458  -17.055775972   -9.500641533
    0.691150384    1.068141502   13.347984442  -19.364275289   -7.438922490
    0.753982237    1.068141502   12.206376853   -5.890576562   -5.511190930
    0.816814090    1.068141502   13.064888422   10.022911308   -1.406250147
    0.879645943    1.068141502   11.416064350   17.129462159    2.221426057
    0.942477796    1.068141502   12.830229099   30.765532984    7.128480189
    1.005309649    1.068141502   15.307687775   25.311615502    8.506042078
    1.068141502    1.068141502   19.031765326   23.160868263   11.435098251
    1.130973355    1.068141502   19.961685708   21.962871020    9.234035454
    1.193805208    1.068141502   20.489240147   32.176482709   12.586057533
    1.256637061    1.068141502   21.722650782   30.793924589   19.619415136
    1.319468915    1.068141502   26.765687514   27.212293807   29.235474217
    1.382300768    1.068141502   28.829389147   33.528101274   32.596061232
    1.445132621    1.068141502   33.288259184   42.142476638   31.904862735
    1.507964474    1.068141502   38.551111190   38.209214466   27.663287161
    1.570796327    1.068141502   42.892442300   33.248747861   21.656245289
    1.633628180    1.068141502   44.516438965   33.312482855   21.013290960
    1.696460033    1.068141502   46.707520771   41.220207267   17.018522854
    1.759291886    1.068141502   48.792298851   42.710993110   16.186693569
    1.822123739    1.068141502   52.217307124   37.033007532   13.530988791
    1.884955592    1.068141502   53.976475601   38.953276682   14.357786939
    1.947787445    1.068141502   57.510220921   29.095785967   12.518472438
    2.010619298    1.068141502   60.707414887   27.100615992   10.001688510
    2.073451151    1.068141502   62.548831174   18.771859551    8.177168515
    2.136283004    1.068141502   63.068781971    9.068756360    2.853720146
    2.199114858    1.068141502   64.299487820    4.549729119   -2.407768471
    2.261946711    1.068141502   63.505521500   -0.117980591   -3.044127578
    2.324778564    1.068141502   64.261482737   -1.936460614   -5.450588728
    2.387610417    1.068141502   62.751625395   -9.922132742   -3.684836120
    2.450442270    1.068141502   60.241358344  -20.232612820   -5.099717790
    2.513274123    1.068141502   59.136965833  -24.495004322   -5.297680057
    2.576105976    1.068141502   58.033525473  -46.565068199   -7.228701141
    2.638937829    1.068141502   56.125588324  -50.686117119   -6.147647814
    2.701769682    1.068141502   53.622475783  -54.944365771   -8.218194863
    2.764601535    1.068141502   49.606395616  -57.718436437   -6.280068671
    2.827433388    1.068141502   46.201878045  -55.038157058   -6.769665953
    2.890265241    1.068141502   43.113605353  -57.660814177   -7.306358400
    2.953097094    1.068141502   38.827621039  -56.654767875   -4.405177474
    3.015928947    1.068141502   35.515490225  -67.123815282   -4.509501677
    3.078760801    1.068141502   32.544621875  -58.121092462   -1.977579246

   -3.141592654    1.130973355   28.186965349  -42.377550396   -3.721543111
   -3.078760801    1.130973355   24.754459561  -26.997483962    0.716128497
   -3.015928947    1.130973355   23.568650663  -17.067954325    7.885560090
   -2.953097094    1.130973355   18.874287623  -20.445340732    8.619800220
   -2.890265241    1.130973355   18.546421515  -15.586814194    6.953398896
   -2.827433388    1.130973355   16.876061283  -24.362217339    6.665400397
   -2.764601535    1.130973355   17.398867715  -29.455923165    8.311209851
   -2.701769682    1.130973355   15.466778845  -24.677267389    7.150500892
   -2.638937829    1.130973355   16.516038496  -29.862491871    1.374577320
   -2.576105976    1.130973355   14.945136515  -26.008984333    1.629821425
   -2.513274123    1.130973355   11.281098588  -25.994535269   -1.105044041
   -2.450442270    1.130973355   13.231947822  -22.293554831    0.074118075
   -2.387610417    1.130973355   12.292284881  -12.415051325   -4.614829209
   -2.324778564    1.130973355   14.482782022   -8.854070242   -6.162778326
   -2.261946711    1.130973355   13.861968885   -4.113671082  -11.844653714
   -2.199114858    1.130973355   16.132364441   -1.027494676  -14.656331283
   -2.136283004    1.130973355   16.358383063    1.749030245  -16.401320788
   -2.073451151    1.130973355   14.575030384   -0.767518162  -11.612079698
   -2.010619298    1.130973355   14.446925696    5.896295576   -8.078946219
   -1.947787445    1.130973355   15.614979905    9.521365301   -4.596534163
   -1.884955592    1.130973355   16.105782463    4.338684589   -6.835052191
   -1.822123739    1.130973355   16.111805798    0.569742964   -8.629354745
   -1.759291886    1.130973355   15.476048996   -5.178459803  -10.431414392
   -1.696460033    1.130973355   15.722248233  -16.815779874  -11.395326194
   -1.633628180    1.130973355   13.983759206  -30.246111987  -15.792081912
   -1.570796327    1.130973355   12.606942431  -29.128731617  -15.533521762
   -1.507964474    1.130973355   10.762408247  -24.090966449  -16.007522876
   -1.445132621    1.130973355   14.889901104  -17.033511545  -12.353555830
   -1.382300768    1.130973355   12.615501271  -19.300727698  -12.863480361
   -1.319468915    1.130973355   11.738388438  -17.644688663  -12.962109771
   -1.256637061    1.130973355   12.350960884  -11.522606812  -14.499099978
   -1.193805208    1.130973355   13.233336485   -4.851722291   -7.801802598
   -1.130973355    1.130973355   14.016886027   -1.751478300   -6.648283503
   -1.068141502    1.130973355   16.153617308    4.161557341   -1.676249436
   -1.005309649    1.130973355   18.175465019   16.338192495   -1.645035035
   -0.942477796    1.130973355   21.254279204   24.794003662    0.346138408
   -0.879645943    1.130973355   24.741624778   33.728080018   -1.818907539
   -0.816814090    1.130973355   25.954565096   28.738804826   -5.978868838
   -0.753982237    1.130973355   24.902561437   18.754876250  -11.013872950
   -0.691150384    1.130973355   27.289209734   17.900456291  -13.436984718
   -0.628318531    1.130973355   27.892341507   10.989813232  -20.072204834
   -0.565486678    1.130973355   32.190070556    4.792177841  -22.686686715
   -0.502654825    1.130973355   34.597941820   -0.770675788  -26.291118582
   -0.439822972    1.130973355   35.372496990   -8.478634462  -28.706230587
   -0.376991118    1.130973355   34.043568242  -14.923663636  -32.598376521
   -0.314159265    1.130973355   33.654916569  -17.282505745  -35.057078619
   -0.251327412    1.130973355   32.340672161  -22.226992940  -36.427647006
   -0.188495559    1.130973355   32.499145796  -29.207931032  -36.042758660
   -0.125663706    1.130973355   31.016531228  -27.808126920  -35.080991372
   -0.062831853    1.130973355   29.501078134  -24.290553465  -30.921814556
    0.000000000    1.130973355   28.206011425  -16.480421452  -26.127621974
    0.062831853    1.130973355   26.816957282  -12.174223016  -22.083171372
    0.125663706    1.130973355   25.779303002  -10.970975772  -18.612897503
    0.188495559    1.130973355   23.664684288  -23.629781677  -15.237967999
    0.251327412    1.130973355   21.830335297  -20.902343020  -14.503360099
    0.314159265    1.130973355   19.356370101  -20.390218744  -13.258896909
    0.376991118    1.130973355   21.460376761  -21.163989041  -13.173371805
    0.439822972    1.130973355   18.081792382  -22.718389193  -10.943728090
    0.502654825    1.130973355   16.825966638  -25.319901381  -10.213447970
    0.565486678    1.130973355   15.962099383  -22.269605806   -7.823290371
    0.628318531    1.130973355   14.944273167  -16.189243330   -7.300337130
    0.691150384    1.130973355   12.661274167  -17.218968913   -4.577490857
    0.753982237    1.130973355   11.642859581   -2.204619184   -1.646119749
    0.816814090    1.130973355   12.763042688   15.239013906    2.633811378
    0.879645943    1.130973355   11.390313490   21.868368798    6.926363744
    0.942477796    1.130973355   13.135829401   34.701468870   11.005943048
    1.005309649    1.130973355   15.750809701   28.529208993   11.626559281
    1.068141502    1.130973355   19.710479697   26.505587407   12.924268775
    1.130973355    1.130973355   20.607785482   26.075970185   10.582015500
    1.193805208    1.130973355   21.452237369   37.334872230   13.280875067
    1.256637061    1.130973355   23.236258124   36.672235330   19.572124354
    1.319468915    1.130973355   28.959775692   30.934638341   27.235823377
    1.382300768    1.130973355   31.349892601   34.777469898   30.326908585
    1.445132621    1.130973355   35.843448541   40.264767122   28.751001749
    1.507964474    1.130973355   40.893814445   35.988044242   23.423150351
    1.570796327    1.130973355   44.909430849   31.188669638   16.991090272
    1.633628180    1.130973355   46.560633117   31.650669081   16.994803565
    1.696460033    1.130973355   48.526666920   38.198813094   13.206854571
    1.759291886    1.130973355   50.582118947   39.098244138   13.188800587
    1.822123739    1.130973355   53.795165582   33.843357580    9.774941618
    1.884955592    1.130973355   55.570518023   35.764698844   10.543165503
    1.947787445    1.130973355   58.913679223   26.635594709    8.033621384
    2.010619298    1.130973355   61.902905253   24.384993803    5.662955860
    2.073451151    1.130973355   63.553462503   15.926306588    3.640694918
    2.136283004    1.130973355   63.672720386    5.715111955   -1.213692884
    2.199114858    1.130973355   64.480227167    0.830651787   -6.223101558
    2.261946711    1.130973355   63.538121414   -4.648973743   -6.483670862
    2.324778564    1.130973355   64.017894502   -6.143660944   -8.746631789
    2.387610417    1.130973355   62.447406445  -12.786738902   -7.935702544
    2.450442270    1.130973355   59.688897512  -22.333491079   -9.283958764
    2.513274123    1.130973355   58.407866045  -26.553081180   -9.710335701
    2.576105976    1.130973355   56.968663949  -47.774241508  -13.715352101
    2.638937829    1.130973355   55.001372527  -51.645232286  -12.600519500
    2.701769682    1.130973355   52.299846899  -55.294502703  -13.335869251
    2.764601535    1.130973355   48.366508580  -57.951190001   -9.559371155
    2.827433388    1.130973355   44.864714783  -55.959002438   -9.433956878
    2.890265241    1.130973355   41.673699361  -58.221275458   -9.827438311
    2.953097094    1.130973355   37.473287744  -56.777677391   -7.157972797
    3.015928947    1.130973355   34.032706215  -67.571172994   -8.213487636
    3.078760801    1.130973355   31.089618023  -58.175488567   -6.528088041

   -3.141592654    1.193805208   28.307080437  -41.575873037   -6.281210213
   -3.078760801    1.193805208   25.118478005  -24.914528675   -2.918756278
   -3.015928947    1.193805208   24.388486315  -15.234420475    4.092107676
   -2.953097094    1.193805208   19.794626749  -18.787120415    5.939997206
   -2.890265241    1.193805208   19.416379367  -13.333940214    4.485550522
   -2.827433388    1.193805208   17.728817404  -22.323314991    2.335106947
   -2.764601535    1.193805208   18.357025139  -29.566594230    1.887538963
   -2.701769682    1.193805208   16.451449001  -25.179755971    1.633683893
   -2.638937829    1.193805208   17.181738615  -31.219546655   -4.254065099
   -2.576105976    1.193805208   15.700790658  -27.483879496   -1.987012629
   -2.513274123    1.193805208   11.936783737  -28.004127069   -1.249204507
   -2.450442270    1.193805208   13.983197278  -26.162222173    3.090681395
   -2.387610417    1.193805208   12.716323536  -18.751936835    0.662318764
   -2.324778564    1.193805208   14.725914662  -15.419866716   -0.386475653
   -2.261946711    1.193805208   13.633481674   -9.041837882   -6.780473352
   -2.199114858    1.193805208   15.620101288   -1.975099784  -10.938314920
   -2.136283004    1.193805208   15.673667781    4.570544487  -13.266287349
   -2.073451151    1.193805208   14.146960885    2.318991673   -9.213831912
   -2.010619298    1.193805208   14.211571949    8.720291847   -6.073566579
   -1.947787445    1.193805208   15.591142128   10.553030405   -2.894950292
   -1.884955592    1.193805208   15.946221130    3.439437866   -5.129719478
   -1.822123739    1.193805208   15.843134459   -1.822437642   -7.246372711
   -1.759291886    1.193805208   15.101999867   -8.884469324   -9.195792386
   -1.696460033    1.193805208   15.305297300  -20.127966695   -9.821951079
   -1.633628180    1.193805208   13.361887030  -31.537937099  -12.202959642
   -1.570796327    1.193805208   12.047246799  -28.557189444  -10.396384125
   -1.507964474    1.193805208   10.211859033  -22.178678297   -9.409330414
   -1.445132621    1.193805208   14.486853675  -14.828759620   -7.770259203
   -1.382300768    1.193805208   12.164703990  -19.295875883   -7.596728764
   -1.319468915    1.193805208   11.183124601  -18.106451627   -9.179175965
   -1.256637061    1.193805208   11.646110454   -9.750301525  -10.756587110
   -1.193805208    1.193805208   12.890671892   -3.418295589   -4.290469595
   -1.130973355    1.193805208   13.702706991   -0.866608386   -2.809983898
   -1.068141502    1.193805208   16.052568275    3.877999803    0.386524233
   -1.005309649    1.193805208   18.000803088   15.012104028   -0.290869482
   -0.942477796    1.193805208   21.051985321   23.723713063   -1.556398907
   -0.879645943    1.193805208   24.276977563   30.650469652   -6.224901462
   -0.816814090    1.193805208   25.130397710   24.771853867  -11.712432459
   -0.753982237    1.193805208   23.707173082   13.383079504  -16.814090360
   -0.691150384    1.193805208   25.865931684   11.889467046  -19.389696662
   -0.628318531    1.193805208   26.014440061    5.381502813  -25.104372160
   -0.565486678    1.193805208   30.034100940   -1.054044710  -28.539208696
   -0.502654825    1.193805208   32.113562950   -6.574071005  -32.350607160
   -0.439822972    1.193805208   32.639734388  -14.060927446  -34.031918132
   -0.376991118    1.193805208   30.987456486  -20.079087371  -36.309642008
   -0.314159265    1.193805208   30.310216396  -21.397577885  -38.395952253
   -0.251327412    1.193805208   28.784236105  -25.135689142  -38.737744203
   -0.188495559    1.193805208   28.839837684  -30.590281394  -37.263111006
   -0.125663706    1.193805208   27.281165859  -26.927698149  -34.958819819
   -0.062831853    1.193805208   25.887322951  -21.910805516  -29.868315751
    0.000000000    1.193805208   24.722089069  -14.163260454  -25.131168363
    0.062831853    1.193805208   23.422806619  -10.621310302  -20.947242127
    0.125663706    1.193805208   22.454789160  -10.396697410  -17.474921001
    0.188495559    1.193805208   20.448330022  -22.986662634  -13.488303018
    0.251327412    1.193805208   18.569629216  -21.090043483  -12.032842743
    0.314159265    1.193805208   16.115034795  -20.431447895  -10.521720977
    0.376991118    1.193805208   18.126114988  -20.141822343  -12.157236527
    0.439822972    1.193805208   14.895637324  -20.911966664   -9.792325642
    0.502654825    1.193805208   13.736939830  -22.335395672   -8.559113585
    0.565486678    1.193805208   13.086884146  -19.487377383   -6.179850832
    0.628318531    1.193805208   12.196806907  -12.414412548   -5.454636233
    0.691150384    1.193805208   10.191173433  -11.752377372   -2.293710809
    0.753982237    1.193805208    9.464553375    3.767020487    0.736106794
    0.816814090    1.193805208   10.917419458   20.876895184    3.829506017
    0.879645943    1.193805208    9.876121430   25.964690173    7.220190797
    0.942477796    1.193805208   11.873038347   36.496107187    9.495283837
    1.005309649    1.193805208   14.502998769   29.311267620    8.516198692
    1.068141502    1.193805208   18.482069880   26.860038183    7.410239468
    1.130973355    1.193805208   19.215185103   27.578029638    4.429361633
    1.193805208    1.193805208   20.183349025   39.624862789    5.543219164
    1.256637061    1.193805208   22.333956821   39.681104732   10.520887417
    1.319468915    1.193805208   28.454801084   32.109477663   14.761299936
    1.382300768    1.193805208   31.090521148   34.269795636   18.093485177
    1.445132621    1.193805208   35.529749604   37.407001776   16.071973288
    1.507964474    1.193805208   40.299421154   33.767283152   10.099835413
    1.570796327    1.193805208   44.009325572   30.285093805    3.632571789
    1.633628180    1.193805208   45.837693378   32.714460309    5.097010449
    1.696460033    1.193805208   47.766557291   38.600083087    2.422375146
    1.759291886    1.193805208   50.057203088   38.928877347    3.855913262
    1.822123739    1.193805208   53.274462333   34.744002735    0.804178064
    1.884955592    1.193805208   55.354570764   37.004688167    2.433691917
    1.947787445    1.193805208   58.758844891   28.926188812   -0.234309675
    2.010619298    1.193805208   61.853262504   26.332109778   -1.621054698
    2.073451151    1.193805208   63.577520060   17.382603275   -3.654231937
    2.136283004    1.193805208   63.609058007    6.752758523   -7.337378506
    2.199114858    1.193805208   64.259165530    0.644487451  -11.871927439
    2.261946711    1.193805208   63.455200490   -5.442313744  -10.633693888
    2.324778564    1.193805208   63.864866472   -7.280244241  -12.614747729
    2.387610417    1.193805208   62.376522800  -12.635708242  -11.656736069
    2.450442270    1.193805208   59.593329960  -21.295385432  -11.413349546
    2.513274123    1.193805208   58.295226711  -25.942323486  -11.272368962
    2.576105976    1.193805208   56.563770906  -46.463030978  -16.011683265
    2.638937829    1.193805208   54.660649087  -50.208882135  -14.081206316
    2.701769682    1.193805208   51.949067440  -53.067822308  -13.038390512
    2.764601535    1.193805208   48.300825979  -55.712139343   -7.480725908
    2.827433388    1.193805208   44.819899039  -54.892907463   -6.591835393
    2.890265241    1.193805208   41.603448076  -57.577593786   -6.842032077
    2.953097094    1.193805208   37.530767238  -56.344378113   -5.344396272
    3.015928947    1.193805208   33.966929787  -67.165296360   -7.860169381
    3.078760801    1.193805208   31.073190868  -57.848790014   -7.795500536

   -3.141592654    1.256637061   27.450887499  -40.908910117   -6.740078355
   -3.078760801    1.256637061   24.514619506  -23.164903218   -3.998761710
   -3.015928947    1.256637061   24.270438103  -13.889937635    2.662267145
   -2.953097094    1.256637061   19.884780775  -17.391981291    5.933689888
   -2.890265241    1.256637061   19.462473399  -11.511430386    4.711492392
   -2.827433388    1.256637061   17.620115691  -21.035073241    0.896697266
   -2.764601535    1.256637061   18.193345492  -29.962671940   -1.235057976
   -2.701769682    1.256637061   16.328915861  -25.429841008   -0.589877646
   -2.638937829    1.256637061   16.717514105  -30.915145997   -6.209309983
   -2.576105976    1.256637061   15.443414731  -25.957739690   -2.774206654
   -2.513274123    1.256637061   11.836196356  -26.089114210    0.640216993
   -2.450442270    1.256637061   14.250019030  -26.396436778    7.339997835
   -2.387610417    1.256637061   12.899294032  -21.662731314    6.932359185
   -2.324778564    1.256637061   14.863179622  -20.248282306    6.885307151
   -2.261946711    1.256637061   13.325540016  -14.380866636    0.040930497
   -2.199114858    1.256637061   14.976866811   -4.472441789   -4.840486646
   -2.136283004    1.256637061   14.799139088    5.099917662   -7.777345127
   -2.073451151    1.256637061   13.414328151    3.384841262   -4.899018302
   -2.010619298    1.256637061   13.548306525    9.615641113   -3.085494167
   -1.947787445    1.256637061   15.007616251    9.539259691   -1.079612650
   -1.884955592    1.256637061   15.111661092    0.434102911   -3.844465107
   -1.822123739    1.256637061   14.765091630   -5.801505273   -6.498930486
   -1.759291886    1.256637061   13.833534248  -13.547867640   -8.209521529
   -1.696460033    1.256637061   13.966196443  -23.386056595   -7.876898125
   -1.633628180    1.256637061   11.882945839  -31.770683557   -7.951835341
   -1.570796327    1.256637061   10.673488651  -27.145403474   -5.213077379
   -1.507964474    1.256637061    8.863116663  -20.701009359   -4.018074562
   -1.445132621    1.256637061   13.086117258  -13.966108124   -5.887217504
   -1.382300768    1.256637061   10.729859122  -20.279423808   -5.834741265
   -1.319468915    1.256637061    9.526803498  -19.152599622  -10.251105744
   -1.256637061    1.256637061    9.820403084   -7.974975170  -13.338908139
   -1.193805208    1.256637061   11.389827530   -2.021608892   -9.812372669
   -1.130973355    1.256637061   12.291841805    0.293929552   -9.427582449
   -1.068141502    1.256637061   14.804966300    4.386771430   -9.386055202
   -1.005309649    1.256637061   16.793288372   14.748015521  -10.163662929
   -0.942477796    1.256637061   19.823574375   24.069678008  -12.843338033
   -0.879645943    1.256637061   22.871022177   29.254038462  -17.427240824
   -0.816814090    1.256637061   23.505754583   23.047771156  -21.956573994
   -0.753982237    1.256637061   21.956864807   11.209670837  -24.201240359
   -0.691150384    1.256637061   24.078612210    9.076095923  -25.890525908
   -0.628318531    1.256637061   24.000737893    2.975739667  -29.987007016
   -0.565486678    1.256637061   27.889345420   -3.582451814  -33.459586013
   -0.502654825    1.256637061   29.848399859   -8.203435522  -36.497219344
   -0.439822972    1.256637061   30.400838392  -15.231079413  -37.226917737
   -0.376991118    1.256637061   28.773528308  -20.156177494  -37.811751059
   -0.314159265    1.256637061   28.100037852  -20.437263788  -39.306480906
   -0.251327412    1.256637061   26.683421773  -22.725147876  -38.775624372
   -0.188495559    1.256637061   26.972553088  -26.560277572  -36.127985506
   -0.125663706    1.256637061   25.664543582  -21.358825364  -33.091801298
   -0.062831853    1.256637061   24.650638118  -16.082264476  -27.770356029
    0.000000000    1.256637061   23.825193842   -8.710841128  -23.166872774
    0.062831853    1.256637061   22.804424697   -6.725655000  -19.248638197
    0.125663706    1.256637061   22.073980282   -7.477650944  -15.862278468
    0.188495559    1.256637061   20.373965984  -19.355683505  -10.672455406
    0.251327412    1.256637061   18.640284501  -18.870128552   -8.370622796
    0.314159265    1.256637061   16.332145677  -18.579857375   -5.866604735
    0.376991118    1.256637061   18.245305990  -17.798687303   -8.321966620
    0.439822972    1.256637061   15.209883839  -18.617640790   -5.462000674
    0.502654825    1.256637061   14.189236524  -19.574649107   -3.183985020
    0.565486678    1.256637061   13.713792226  -17.422729440   -0.132619098
    0.628318531    1.256637061   12.849761167  -10.280541562    0.968367791
    0.691150384    1.256637061   10.996695857   -9.054869275    4.171813715
    0.753982237    1.256637061   10.348240053    5.669277708    6.753452192
    0.816814090    1.256637061   11.839897025   21.711342339    8.692648776
    0.879645943    1.256637061   10.868959351   24.890465684   11.945697675
    0.942477796    1.256637061   12.839543798   33.875521017   13.485092224
    1.005309649    1.256637061   15.270286565   26.162011241   12.475743265
    1.068141502    1.256637061   18.999105824   24.366566049    9.870518063
    1.130973355    1.256637061   19.463097236   26.394188475    7.508513102
    1.193805208    1.256637061   20.369225804   39.536545232    7.378132008
    1.256637061    1.256637061   22.729629193   40.225956481   11.291347545
    1.319468915    1.256637061   28.958864643   31.454418608   12.073937198
    1.382300768    1.256637061   31.766011063   31.952402962   15.180813073
    1.445132621    1.256637061   36.034796526   32.746012539   12.104905834
    1.507964474    1.256637061   40.388020197   30.060933914    4.947788213
    1.570796327    1.256637061   43.695118416   28.125269739   -2.443448283
    1.633628180    1.256637061   45.608912764   31.589527012   -2.151100737
    1.696460033    1.256637061   47.348588707   36.033017521   -6.012904146
    1.759291886    1.256637061   49.704354113   35.038859992   -4.707714490
    1.822123739    1.256637061   52.625563709   30.889068564   -8.664258300
    1.884955592    1.256637061   54.663830672   32.345894475   -6.967239989
    1.947787445    1.256637061   57.706796653   25.211867299   -9.560299505
    2.010619298    1.256637061   60.552270998   22.109262958   -9.047589605
    2.073451151    1.256637061   61.964194422   13.378643513  -10.305876861
    2.136283004    1.256637061   61.658174836    3.758277882  -11.677750923
    2.199114858    1.256637061   61.970104440   -1.884565942  -14.176969456
    2.261946711    1.256637061   61.248525895   -7.019940548  -10.640952949
    2.324778564    1.256637061   61.569109476   -7.730311713  -11.388868952
    2.387610417    1.256637061   60.203922525  -11.048554775   -9.627173725
    2.450442270    1.256637061   57.536935462  -18.174517138   -7.873127931
    2.513274123    1.256637061   56.330260827  -22.915033569   -7.514349746
    2.576105976    1.256637061   54.374880822  -42.550982354  -12.660608299
    2.638937829    1.256637061   52.684579496  -45.946459430  -10.690926396
    2.701769682    1.256637061   50.159980124  -48.391578800   -8.809767858
    2.764601535    1.256637061   46.974787923  -51.218442503   -3.010885446
    2.827433388    1.256637061   43.640982706  -52.144606574   -2.571438605
    2.890265241    1.256637061   40.492928833  -55.938882479   -3.627032275
    2.953097094    1.256637061   36.567521033  -55.483279612   -3.308994554
    3.015928947    1.256637061   32.906130363  -66.383725077   -6.778617286
    3.078760801    1.256637061   30.061249986  -57.640134349   -7.845579616

   -3.141592654    1.319468915   29.334448675  -42.664843969   -5.638293744
   -3.078760801    1.319468915   26.493305016  -24.369440001   -3.642029373
   -3.015928947    1.319468915   26.556715236  -16.230637058    2.442395831
   -2.953097094    1.319468915   22.280726801  -19.182738375    6.214632520
   -2.890265241    1.319468915   21.628430635  -13.268871510    4.632519233
   -2.827433388    1.319468915   19.339472610  -23.061010770   -0.858340092
   -2.764601535    1.319468915   19.539967608  -33.238206812   -4.601535901
   -2.701769682    1.319468915   17.549745142  -28.219923572   -3.213509399
   -2.638937829    1.319468915   17.360919926  -33.071428158   -9.209910276
   -2.576105976    1.319468915   16.127240451  -26.225026142   -4.979770507
   -2.513274123    1.319468915   12.613743978  -25.639521986   -0.317501325
   -2.450442270    1.319468915   15.357150771  -26.434760357    7.729001115
   -2.387610417    1.319468915   13.961422865  -23.444291124    8.756249609
   -2.324778564    1.319468915   15.939992106  -23.386326571    9.128866675
   -2.261946711    1.319468915   14.099551404  -17.060577980    3.991841089
   -2.199114858    1.319468915   15.600531220   -4.185510128    0.062145514
   -2.136283004    1.319468915   15.425266911    8.363878953   -2.431766005
   -2.073451151    1.319468915   14.378688184    7.268907033   -0.460964748
   -2.010619298    1.319468915   14.776535563   13.584052561   -0.064036581
   -1.947787445    1.319468915   16.507043670   11.807976620    0.629063531
   -1.884955592    1.319468915   16.599129230    0.925289202   -2.826062065
   -1.822123739    1.319468915   16.244835571   -5.891953118   -5.838117743
   -1.759291886    1.319468915   15.399016587  -13.331747757   -6.986854573
   -1.696460033    1.319468915   15.747406020  -21.673522929   -5.906954097
   -1.633628180    1.319468915   13.882177631  -27.518922264   -4.401405212
   -1.570796327    1.319468915   13.009388256  -22.463658746   -1.680025569
   -1.507964474    1.319468915   11.396737723  -17.358698225   -1.134065785
   -1.445132621    1.319468915   15.533942909  -12.474759466   -5.544365254
   -1.382300768    1.319468915   13.292091039  -20.591208593   -4.780804445
   -1.319468915    1.319468915   11.809649564  -20.515690355  -11.078830495
   -1.256637061    1.319468915   11.896444495   -8.002989499  -15.327998184
   -1.193805208    1.319468915   13.608014795   -2.973092284  -13.994672358
   -1.130973355    1.319468915   14.463954585   -2.165243566  -14.554893492
   -1.068141502    1.319468915   16.819781572    1.545083017  -17.169841541
   -1.005309649    1.319468915   18.692792188   11.026320846  -17.038556127
   -0.942477796    1.319468915   21.418645410   21.114342327  -20.572370546
   -0.879645943    1.319468915   24.083809833   25.152387441  -24.547935685
   -0.816814090    1.319468915   24.371421625   19.391341225  -27.629396418
   -0.753982237    1.319468915   22.641495179    7.031247932  -27.936000110
   -0.691150384    1.319468915   24.597494747    4.248672760  -28.794311701
   -0.628318531    1.319468915   24.235019685   -0.954949159  -30.991784432
   -0.565486678    1.319468915   27.872977160   -6.974770508  -33.358676601
   -0.502654825    1.319468915   29.640713127  -10.813199223  -35.310565868
   -0.439822972    1.319468915   30.168084705  -17.016262006  -34.203468993
   -0.376991118    1.319468915   28.552162484  -21.188132508  -33.062623667
   -0.314159265    1.319468915   27.786729565  -20.299761971  -34.287160340
   -0.251327412    1.319468915   26.449258044  -20.721082787  -32.554750867
   -0.188495559    1.319468915   26.925675591  -23.231128009  -29.527589779
   -0.125663706    1.319468915   25.818682588  -16.776848518  -26.392417814
   -0.062831853    1.319468915   25.106559288  -11.623973297  -21.742200066
    0.000000000    1.319468915   24.527958050   -5.046866098  -17.916524140
    0.062831853    1.319468915   23.697564328   -4.248749062  -14.526655399
    0.125663706    1.319468915   23.114819241   -5.826321636  -11.200099815
    0.188495559    1.319468915   21.671613814  -17.241189552   -5.495431637
    0.251327412    1.319468915   20.038324816  -17.380462010   -1.435140467
    0.314159265    1.319468915   17.827931244  -17.843878009    2.812604562
    0.376991118    1.319468915   19.474768455  -16.907790454    0.871316553
    0.439822972    1.319468915   16.544758639  -17.379908269    5.237090915
    0.502654825    1.319468915   15.620037658  -17.635941942    9.299942750
    0.565486678    1.319468915   15.260519118  -16.149143739   12.702618708
    0.628318531    1.319468915   14.386597729   -8.447989509   13.670297438
    0.691150384    1.319468915   12.653390954   -6.475454310   16.019613969
    0.753982237    1.319468915   12.073585299    7.408561884   17.352111563
    0.816814090    1.319468915   13.593800002   22.496955402   17.473965246
    0.879645943    1.319468915   12.765262133   24.584257230   20.061250044
    0.942477796    1.319468915   14.759126713   31.702001853   20.343971670
    1.005309649    1.319468915   17.071631124   23.399980568   18.771966430
    1.068141502    1.319468915   20.543208065   21.969927558   14.322353430
    1.130973355    1.319468915   20.816706523   25.046883876   12.112681325
    1.193805208    1.319468915   21.607340169   38.591122850    9.950380542
    1.256637061    1.319468915   24.097159082   39.404266791   11.839345841
    1.319468915    1.319468915   30.171180953   29.192334820    8.222593599
    1.382300768    1.319468915   33.091967605   28.246643067   10.858697645
    1.445132621    1.319468915   37.093092691   26.970853751    7.884400604
    1.507964474    1.319468915   40.930597677   24.944584859    1.027716230
    1.570796327    1.319468915   43.726235848   24.251340020   -5.681028316
    1.633628180    1.319468915   45.637509527   29.215319649   -4.746200743
    1.696460033    1.319468915   47.137458753   33.305262699   -7.635866817
    1.759291886    1.319468915   49.626351040   32.185849498   -4.812436176
    1.822123739    1.319468915   52.357287356   29.924974627   -7.625618659
    1.884955592    1.319468915   54.575680939   31.874020533   -4.795707333
    1.947787445    1.319468915   57.508333486   26.369770195   -7.135767501
    2.010619298    1.319468915   60.454325366   22.896948642   -5.731668062
    2.073451151    1.319468915   61.836871799   13.621131020   -6.945012113
    2.136283004    1.319468915   61.497411596    4.198846321   -7.673554428
    2.199114858    1.319468915   61.677608067   -1.638707016  -10.098107896
    2.261946711    1.319468915   61.211389411   -6.628688688   -6.270597170
    2.324778564    1.319468915   61.512826888   -6.826672370   -7.076117120
    2.387610417    1.319468915   60.307079221   -8.436714352   -5.406964539
    2.450442270    1.319468915   57.842291837  -13.748285330   -2.860386761
    2.513274123    1.319468915   56.775441858  -18.814945722   -2.309302085
    2.576105976    1.319468915   54.633740114  -36.781095274   -7.491959437
    2.638937829    1.319468915   53.258653809  -39.481149524   -5.634454800
    2.701769682    1.319468915   51.076710527  -41.616974632   -3.645961009
    2.764601535    1.319468915   48.483993738  -45.162559170    1.637290099
    2.827433388    1.319468915   45.381981555  -48.487867364    1.290280160
    2.890265241    1.319468915   42.341138108  -54.193238699   -0.777589909
    2.953097094    1.319468915   38.549960208  -54.829328447   -1.883344895
    3.015928947    1.319468915   34.757403030  -66.242118868   -5.697995084
    3.078760801    1.319468915   31.890750593  -59.033129579   -6.635722692

   -3.141592654    1.382300768   30.040944281  -44.268914523   -3.610308873
   -3.078760801    1.382300768   27.318961022  -25.273129798   -2.714054852
   -3.015928947    1.382300768   27.743607325  -17.635371120    1.375640524
   -2.953097094    1.382300768   23.746869942  -19.290103054    4.580558348
   -2.890265241    1.382300768   23.025037426  -12.768461921    1.874836858
   -2.827433388    1.382300768   20.399806226  -21.626589949   -4.909146381
   -2.764601535    1.382300768   20.386507382  -32.239434870   -9.592753078
   -2.701769682    1.382300768   18.547938745  -26.450905716   -7.450649403
   -2.638937829    1.382300768   18.001654405  -30.647106823  -13.709732966
   -2.576105976    1.382300768   17.036500484  -23.098334926   -9.548900932
   -2.513274123    1.382300768   13.812823509  -22.449560925   -4.343473183
   -2.450442270    1.382300768   17.028762907  -25.106226311    4.364889388
   -2.387610417    1.382300768   15.632357731  -25.216222007    6.181232222
   -2.324778564    1.382300768   17.558231747  -27.136479032    7.816765119
   -2.261946711    1.382300768   15.298765210  -22.957616301    4.662422849
   -2.199114858    1.382300768   16.403512256   -9.893670277    2.273174628
   -2.136283004    1.382300768   15.862871740    3.628236275    0.692460697
   -2.073451151    1.382300768   14.655589614    2.341358596    1.983877501
   -2.010619298    1.382300768   14.759474081    8.231078383    1.479695663
   -1.947787445    1.382300768   16.179566640    5.018831758    0.848144311
   -1.884955592    1.382300768   15.750286195   -6.309385989   -2.303054798
   -1.822123739    1.382300768   14.913567407  -12.830269695   -4.583466652
   -1.759291886    1.382300768   13.760477268  -18.920133606   -3.929785616
   -1.696460033    1.382300768   13.946640463  -25.222453235   -1.866890556
   -1.633628180    1.382300768   12.002978706  -28.039474990    0.650461124
   -1.570796327    1.382300768   11.120633797  -22.781943157    2.456376096
   -1.507964474    1.382300768    9.422788490  -17.972743706    2.131714501
   -1.445132621    1.382300768   13.192701472  -13.477828158   -4.462134012
   -1.382300768    1.382300768   11.068330500  -21.649151119   -3.112067638
   -1.319468915    1.382300768    9.263625203  -21.059750597  -10.576425761
   -1.256637061    1.382300768    9.236233796   -6.271672453  -15.198384115
   -1.193805208    1.382300768   11.174383885   -1.359826627  -15.919073121
   -1.130973355    1.382300768   12.221691640   -0.811200068  -16.593057356
   -1.068141502    1.382300768   14.621349884    4.288992822  -20.550564576
   -1.005309649    1.382300768   16.804107419   13.472259489  -18.969578769
   -0.942477796    1.382300768   19.557211306   24.571765197  -22.526544555
   -0.879645943    1.382300768   22.237830913   27.711803246  -25.931444200
   -0.816814090    1.382300768   22.580675108   21.451791844  -28.373653869
   -0.753982237    1.382300768   21.097291049    8.410075402  -26.991623478
   -0.691150384    1.382300768   23.224670550    5.032358631  -26.580342257
   -0.628318531    1.382300768   22.972135135    0.981493662  -26.382585888
   -0.565486678    1.382300768   26.645978414   -5.738152466  -27.612595421
   -0.502654825    1.382300768   28.473182297   -8.977145246  -27.776954765
   -0.439822972    1.382300768   29.244603819  -15.362939470  -24.723323781
   -0.376991118    1.382300768   27.841554609  -19.741280669  -22.156930479
   -0.314159265    1.382300768   27.092506909  -18.057545680  -22.878604623
   -0.251327412    1.382300768   25.929667734  -17.501720399  -21.116558727
   -0.188495559    1.382300768   26.644270536  -19.251467213  -18.298355789
   -0.125663706    1.382300768   25.774750180  -12.050252951  -15.787076158
   -0.062831853    1.382300768   25.353906239   -7.413556397  -12.853542572
    0.000000000    1.382300768   25.015492779   -1.422793554  -10.839548348
    0.062831853    1.382300768   24.420680904   -1.066727243   -8.629337729
    0.125663706    1.382300768   24.068541901   -2.511396691   -6.384994696
    0.188495559    1.382300768   23.046311278  -11.824346228   -0.694513119
    0.251327412    1.382300768   21.752480102  -12.310175947    4.289417393
    0.314159265    1.382300768   19.871476375  -13.159939719    9.079671403
    0.376991118    1.382300768   21.473587925  -11.695015327    8.462137584
    0.439822972    1.382300768   18.874932084  -12.781678357   13.400749100
    0.502654825    1.382300768   18.227123510  -13.593707618   17.190426908
    0.565486678    1.382300768   18.085262111  -13.294580246   19.705508999
    0.628318531    1.382300768   17.246302953   -6.337608332   18.897241770
    0.691150384    1.382300768   15.645077817   -4.056083768   19.491056114
    0.753982237    1.382300768   15.121299050    9.022420363   18.663710066
    0.816814090    1.382300768   16.634042098   23.039136651   16.500500586
    0.879645943    1.382300768   15.990052566   24.790376897   17.687292663
    0.942477796    1.382300768   18.063888790   30.417571859   16.793294503
    1.005309649    1.382300768   20.355161016   21.770788501   14.417377478
    1.068141502    1.382300768   23.607913275   20.719023795    8.558931479
    1.130973355    1.382300768   23.838973395   24.267077275    6.235576377
    1.193805208    1.382300768   24.515205661   37.734912191    1.963343438
    1.256637061    1.382300768   27.128305712   38.180520424    1.847880698
    1.319468915    1.382300768   32.874464054   27.074181903   -6.190687200
    1.382300768    1.382300768   35.959159729   25.291060924   -3.583779911
    1.445132621    1.382300768   39.730042085   22.085401059   -6.888006140
    1.507964474    1.382300768   43.092991927   20.596664130  -12.510832445
    1.570796327    1.382300768   45.410520572   20.427819875  -17.806203424
    1.633628180    1.382300768   47.290494710   26.210923214  -15.781370822
    1.696460033    1.382300768   48.500276620   29.451112856  -17.621117665
    1.759291886    1.382300768   51.080625830   28.056595951  -13.271109825
    1.822123739    1.382300768   53.514194410   27.407895141  -15.792095178
    1.884955592    1.382300768   55.796738679   29.707631857  -12.790588160
    1.947787445    1.382300768   58.486818533   25.976097516  -14.870236114
    2.010619298    1.382300768   61.472582868   21.841904486  -12.331526147
    2.073451151    1.382300768   62.703737377   12.137934315  -13.405193929
    2.136283004    1.382300768   62.289935044    3.223355463  -13.144509390
    2.199114858    1.382300768   62.287315262   -2.616318687  -15.046161727
    2.261946711    1.382300768   62.026691976   -6.953505423  -10.959675562
    2.324778564    1.382300768   62.245691167   -6.727498187  -11.629551602
    2.387610417    1.382300768   61.110296155   -6.821041247  -10.056944121
    2.450442270    1.382300768   58.805181812  -10.559372783   -6.379463953
    2.513274123    1.382300768   57.768326812  -16.474955699   -5.255120281
    2.576105976    1.382300768   55.319988281  -33.297789719   -8.684303904
    2.638937829    1.382300768   54.070433139  -36.285140226   -5.542394629
    2.701769682    1.382300768   52.008357273  -39.061805836   -2.642910505
    2.764601535    1.382300768   49.718778171  -43.748370952    2.684357826
    2.827433388    1.382300768   46.579255345  -49.551469528    2.957541250
    2.890265241    1.382300768   43.367184955  -56.671235240    0.716981746
    2.953097094    1.382300768   39.474036961  -56.892145218   -0.637269661
    3.015928947    1.382300768   35.442838677  -66.804818992   -3.794774906
    3.078760801    1.382300768   32.529356175  -60.600092943   -4.449956042

   -3.141592654    1.445132621   30.063410568  -47.042428126    2.677620334
   -3.078760801    1.445132621   27.365980906  -28.312748209    3.026777682
   -3.015928947    1.445132621   27.983553718  -21.908929637    5.651581864
   -2.953097094    1.445132621   24.130791940  -21.992349342    7.652985802
   -2.890265241    1.445132621   23.232229827  -13.888208547    4.921883991
   -2.827433388    1.445132621   20.182070000  -20.895338562   -1.673705309
   -2.764601535    1.445132621   19.894937005  -30.883088213   -6.189532315
   -2.701769682    1.445132621   18.238525054  -24.157557954   -3.700556609
   -2.638937829    1.445132621   17.321718872  -27.380433374  -10.581991964
   -2.576105976    1.445132621   16.676147799  -18.575516435   -6.833548508
   -2.513274123    1.445132621   13.865349785  -17.423190267   -1.939168392
   -2.450442270    1.445132621   17.719515524  -20.397036894    6.205658065
   -2.387610417    1.445132621   16.576262843  -22.047800046    7.958534518
   -2.324778564    1.445132621   18.760467619  -24.536538593    9.456047690
   -2.261946711    1.445132621   16.509893711  -21.837717344    7.096755691
   -2.199114858    1.445132621   17.687871263   -8.727647406    5.075611439
   -2.136283004    1.445132621   17.255697510    4.990167491    3.213493869
   -2.073451151    1.445132621   16.286792008    3.286040922    2.573062808
   -2.010619298    1.445132621   16.477495047    8.701331348   -0.298786830
   -1.947787445    1.445132621   17.959847221    4.309167317   -2.689773893
   -1.884955592    1.445132621   17.427308437   -7.068217666   -6.389091697
   -1.822123739    1.445132621   16.512362864  -13.040876550   -8.361028610
   -1.759291886    1.445132621   15.426740814  -18.945119903   -6.795501319
   -1.696460033    1.445132621   15.708576643  -25.162642807   -4.353083303
   -1.633628180    1.445132621   13.854027744  -27.168639046   -1.533314533
   -1.570796327    1.445132621   12.964635732  -23.486359445   -0.730915276
   -1.507964474    1.445132621   11.133599172  -19.882979967   -1.824710635
   -1.445132621    1.445132621   14.398390634  -16.446029196   -9.637190235
   -1.382300768    1.445132621   12.345174761  -24.475015393   -8.106256171
   -1.319468915    1.445132621   10.045315247  -24.385396329  -16.160310208
   -1.256637061    1.445132621    9.734489105   -8.475097976  -20.528276617
   -1.193805208    1.445132621   11.550747712   -4.804236327  -22.849697688
   -1.130973355    1.445132621   12.492284970   -4.864716666  -23.328101538
   -1.068141502    1.445132621   14.509532018    1.275978306  -27.653886600
   -1.005309649    1.445132621   16.669306943    9.736926110  -24.617886725
   -0.942477796    1.445132621   18.986298296   21.323941353  -28.826830236
   -0.879645943    1.445132621   21.236009499   23.323878588  -32.535462791
   -0.816814090    1.445132621   21.229570978   17.316931368  -34.604551518
   -0.753982237    1.445132621   19.693678457    4.759046825  -31.733680954
   -0.691150384    1.445132621   21.715166665    1.971763062  -30.329170906
   -0.628318531    1.445132621   21.391668338   -0.261264373  -28.619434727
   -0.565486678    1.445132621   24.919012994   -6.445732820  -28.454310008
   -0.502654825    1.445132621   26.665464746   -8.725381938  -27.736947740
   -0.439822972    1.445132621   27.570799988  -15.613162300  -23.881714101
   -0.376991118    1.445132621   26.278365701  -20.060076346  -20.670460379
   -0.314159265    1.445132621   25.425305194  -17.705040833  -21.301525112
   -0.251327412    1.445132621   24.303907142  -16.466487144  -19.738650901
   -0.188495559    1.445132621   25.115536979  -17.566530437  -17.796302728
   -0.125663706    1.445132621   24.320718113  -10.363992477  -16.395307640
   -0.062831853    1.445132621   23.990734384   -6.141258852  -15.043828645
    0.000000000    1.445132621   23.709266530   -0.575797133  -14.320194037
    0.062831853    1.445132621   23.206872605   -0.068145678  -12.857999093
    0.125663706    1.445132621   22.978993181   -0.480414110  -10.894600777
    0.188495559    1.445132621   22.324451429   -6.748715303   -5.146405609
    0.251327412    1.445132621   21.385584277   -6.956621634    0.635660055
    0.314159265    1.445132621   19.889635179   -7.089292853    7.084993010
    0.376991118    1.445132621   21.528172133   -5.332473768    7.750338464
    0.439822972    1.445132621   19.293336278   -7.925287677   12.665794943
    0.502654825    1.445132621   18.923584449   -9.580498288   16.080717599
    0.565486678    1.445132621   18.956211857  -11.235357513   17.266692683
    0.628318531    1.445132621   18.069930846   -5.350936792   14.793604236
    0.691150384    1.445132621   16.508953255   -3.347743702   14.027140449
    0.753982237    1.445132621   15.950556795    8.789146933   12.556958764
    0.816814090    1.445132621   17.330258387   21.869649949    9.768639136
    0.879645943    1.445132621   16.784168311   23.090753254   11.228031978
    0.942477796    1.445132621   18.812813906   26.896326342   10.971709593
    1.005309649    1.445132621   20.988233948   17.724550205   10.008783700
    1.068141502    1.445132621   23.850776754   16.772685268    4.679485252
    1.130973355    1.445132621   23.951523809   20.559545308    4.019211672
    1.193805208    1.445132621   24.297312067   33.486187419   -0.824749308
    1.256637061    1.445132621   26.837747553   34.149554660   -1.488768467
    1.319468915    1.445132621   31.955939198   23.698701870  -12.104511259
    1.382300768    1.445132621   35.198629042   22.497062061   -9.028320647
    1.445132621    1.445132621   38.783072554   19.847063426  -11.232373942
    1.507964474    1.445132621   41.872886613   19.729142487  -14.562657199
    1.570796327    1.445132621   43.969034375   20.967421715  -17.441952869
    1.633628180    1.445132621   46.078266755   27.744080119  -13.828336230
    1.696460033    1.445132621   47.300361849   30.214431877  -13.797935367
    1.759291886    1.445132621   50.267127763   28.054144776   -8.080505574
    1.822123739    1.445132621   52.635556875   28.580249033  -10.134242719
    1.884955592    1.445132621   55.172302820   30.886638245   -7.569177093
    1.947787445    1.445132621   57.789597397   28.313056814  -10.118465587
    2.010619298    1.445132621   61.005498094   22.871616371   -7.411604576
    2.073451151    1.445132621   62.205003804   12.188137652   -8.624848694
    2.136283004    1.445132621   61.854492794    3.485551171   -7.796695429
    2.199114858    1.445132621   61.752237151   -3.024606138   -9.483500953
    2.261946711    1.445132621   61.722499742   -6.915057456   -6.176620757
    2.324778564    1.445132621   61.871154165   -6.396088691   -7.692501675
    2.387610417    1.445132621   60.773884338   -5.397455279   -7.437563602
    2.450442270    1.445132621   58.648762302   -7.272963704   -4.863657076
    2.513274123    1.445132621   57.634603686  -13.468039454   -4.650902682
    2.576105976    1.445132621   54.975808466  -28.966412207   -7.167100845
    2.638937829    1.445132621   53.900138840  -31.992018959   -4.047971651
    2.701769682    1.445132621   52.043636705  -35.634601914    0.071182354
    2.764601535    1.445132621   50.074002020  -41.554486405    5.377187337
    2.827433388    1.445132621   46.984852363  -49.848789662    6.825905453
    2.890265241    1.445132621   43.639896672  -58.410026862    5.157543818
    2.953097094    1.445132621   39.667136007  -58.357679508    4.233490610
    3.015928947    1.445132621   35.449593403  -66.617649041    1.698707969
    3.078760801    1.445132621   32.512892546  -62.322644506    1.871052328

   -3.141592654    1.507964474   30.382804928  -49.892128026    6.149775609
   -3.078760801    1.507964474   27.689676912  -31.747830936    7.086834334
   -3.015928947    1.507964474   28.426329209  -26.879182537    8.784919707
   -2.953097094    1.507964474   24.723092214  -24.494993387   11.271086397
   -2.890265241    1.507964474   23.708007032  -14.178109658    9.265630766
   -2.827433388    1.507964474   20.346758097  -18.360699605    3.418069854
   -2.764601535    1.507964474   19.903620122  -27.299591082   -0.898571122
   -2.701769682    1.507964474   18.563079396  -19.163744676    1.088346194
   -2.638937829    1.507964474   17.395247417  -21.931433288   -6.976471267
   -2.576105976    1.507964474   17.181787355  -12.282275467   -5.168881839
   -2.513274123    1.507964474   14.902976601  -10.647053342   -1.584577454
   -2.450442270    1.507964474   19.499312354  -13.825598817    5.070570920
   -2.387610417    1.507964474   18.678232737  -17.543971354    5.996658407
   -2.324778564    1.507964474   21.111002835  -21.920346053    6.636419003
   -2.261946711    1.507964474   18.852121912  -22.038959090    5.196637634
   -2.199114858    1.507964474   19.969671262  -11.434205496    3.774233281
   -2.136283004    1.507964474   19.420960449    1.002220174    2.466150396
   -2.073451151    1.507964474   18.330022907   -2.247927138    1.579473565
   -2.010619298    1.507964474   18.239971934    3.416108990   -1.186233703
   -1.947787445    1.507964474   19.463705736   -1.042219871   -3.594995021
   -1.884955592    1.507964474   18.623705039  -10.495341770   -6.562541712
   -1.822123739    1.507964474   17.514000308  -14.027007321   -8.265444889
   -1.759291886    1.507964474   16.483920431  -18.263469528   -6.080429100
   -1.696460033    1.507964474   16.867409970  -24.302052233   -4.404921581
   -1.633628180    1.507964474   15.140454156  -25.802974339   -2.478186128
   -1.570796327    1.507964474   14.264941356  -23.465364509   -2.836367622
   -1.507964474    1.507964474   12.351247661  -21.213771396   -4.595269581
   -1.445132621    1.507964474   15.135788222  -19.043216054  -12.569560100
   -1.382300768    1.507964474   13.238437499  -26.615956772  -10.190041116
   -1.319468915    1.507964474   10.507103430  -26.492212334  -16.807814076
   -1.256637061    1.507964474   10.011260244   -9.807365793  -19.462560991
   -1.193805208    1.507964474   11.722992694   -6.182683297  -21.185060463
   -1.130973355    1.507964474   12.707306201   -6.125040953  -20.060080450
   -1.068141502    1.507964474   14.491240263    1.833061686  -23.473462153
   -1.005309649    1.507964474   16.859719689    8.868677462  -20.209873026
   -0.942477796    1.507964474   18.872065009   20.345564232  -25.558485496
   -0.879645943    1.507964474   20.826161533   21.262256382  -30.539086247
   -0.816814090    1.507964474   20.649483877   15.403240401  -33.106207685
   -0.753982237    1.507964474   19.259189187    3.529287516  -29.874152596
   -0.691150384    1.507964474   21.304135317    0.685930967  -28.808131657
   -0.628318531    1.507964474   21.029855430    0.008952431  -26.695444981
   -0.565486678    1.507964474   24.460100545   -6.529614535  -27.084509688
   -0.502654825    1.507964474   26.114471672   -8.879729263  -27.228857376
   -0.439822972    1.507964474   27.092717224  -16.985886859  -24.874279664
   -0.376991118    1.507964474   25.832105571  -21.682965180  -22.542084930
   -0.314159265    1.507964474   24.771985284  -19.178817384  -23.744780950
   -0.251327412    1.507964474   23.585254617  -17.322507517  -22.792027541
   -0.188495559    1.507964474   24.339028893  -18.247995660  -21.773683380
   -0.125663706    1.507964474   23.496818985  -10.759869160  -20.429214060
   -0.062831853    1.507964474   23.115846361   -6.956520571  -19.502437839
    0.000000000    1.507964474   22.789919718   -1.113096948  -18.398987193
    0.062831853    1.507964474   22.347312863    0.510491989  -15.454831960
    0.125663706    1.507964474   22.237185877    1.910198889  -12.151413641
    0.188495559    1.507964474   21.952133176   -1.149617987   -5.584655797
    0.251327412    1.507964474   21.424792912   -0.014466309    1.561360797
    0.314159265    1.507964474   20.399502404    0.105276083    8.816432150
    0.376991118    1.507964474   22.150368596    1.273902883    9.729273145
    0.439822972    1.507964474   20.279913855   -3.034599642   13.556783872
    0.502654825    1.507964474   20.156753859   -6.358561593   15.006687994
    0.565486678    1.507964474   20.300329717   -9.955597460   14.305951819
    0.628318531    1.507964474   19.320468937   -4.837415243   10.540202343
    0.691150384    1.507964474   17.801388403   -2.301483940    9.274593548
    0.753982237    1.507964474   17.255073446    9.335723668    7.947981370
    0.816814090    1.507964474   18.548777799   21.710013203    5.114404124
    0.879645943    1.507964474   18.204746591   23.130918821    7.258842295
    0.942477796    1.507964474   20.312088496   25.397681290    7.613285395
    1.005309649    1.507964474   22.525243603   15.707776099    7.966037610
    1.068141502    1.507964474   25.106799652   14.376215605    2.957256451
    1.130973355    1.507964474   25.234043459   18.072561328    3.227495230
    1.193805208    1.507964474   25.285695248   29.907253835   -2.101178174
    1.256637061    1.507964474   27.796498172   30.642869067   -3.321496463
    1.319468915    1.507964474   32.194721236   21.267456303  -16.120509342
    1.382300768    1.507964474   35.674567839   21.409136522  -12.720147611
    1.445132621    1.507964474   39.160169178   19.569963569  -14.250879922
    1.507964474    1.507964474   42.111195216   20.693345962  -16.071611880
    1.570796327    1.507964474   44.071353471   22.448538715  -17.457571192
    1.633628180    1.507964474   46.401029052   29.173253401  -13.158186961
    1.696460033    1.507964474   47.623261370   30.236731480  -11.256471958
    1.759291886    1.507964474   50.903421810   26.163578518   -4.122145308
    1.822123739    1.507964474   53.055881855   27.082574994   -5.356488770
    1.884955592    1.507964474   55.611288056   28.730843264   -3.539954796
    1.947787445    1.507964474   57.922117111   27.099136705   -6.805429200
    2.010619298    1.507964474   61.202995108   20.963435685   -4.036155492
    2.073451151    1.507964474   62.229408904   10.051609383   -5.391108867
    2.136283004    1.507964474   61.863948210    2.085281567   -4.214493258
    2.199114858    1.507964474   61.588656350   -4.777123350   -5.822998356
    2.261946711    1.507964474   61.657645339   -8.975222625   -3.624010274
    2.324778564    1.507964474   61.618017159   -7.834515549   -6.145796387
    2.387610417    1.507964474   60.421662527   -5.847316544   -8.086584598
    2.450442270    1.507964474   58.381626818   -5.392172571   -7.359805707
    2.513274123    1.507964474   57.321245055  -11.342319585   -9.250389834
    2.576105976    1.507964474   54.513929004  -24.472516560  -11.963717618
    2.638937829    1.507964474   53.641240091  -26.725434655   -9.799958622
    2.701769682    1.507964474   52.075301000  -30.898001792   -5.470406921
    2.764601535    1.507964474   50.461970397  -38.376852112   -0.187146923
    2.827433388    1.507964474   47.518973498  -49.155830114    3.154896329
    2.890265241    1.507964474   44.092450149  -59.462606250    2.942337392
    2.953097094    1.507964474   40.072484393  -58.942091316    3.455942706
    3.015928947    1.507964474   35.702127508  -66.014709618    2.511441743
    3.078760801    1.507964474   32.790032782  -63.962909125    4.420992408

   -3.141592654    1.570796327   31.184703497  -51.695518382    4.467867604
   -3.078760801    1.570796327   28.508866799  -35.390978606    4.354190184
   -3.015928947    1.570796327   29.268882231  -32.405136635    4.937234873
   -2.953097094    1.570796327   25.631571444  -28.670235219    7.075148839
   -2.890265241    1.570796327   24.405476148  -17.155491021    5.642003005
   -2.827433388    1.570796327   20.576631276  -19.693311765    0.553353414
   -2.764601535    1.570796327   19.737847352  -28.290972428   -3.356364340
   -2.701769682    1.570796327   18.364403326  -20.333081820   -2.212834827
   -2.638937829    1.570796327   16.524595740  -23.426605929  -10.966264463
   -2.576105976    1.570796327   16.274325558  -13.974547724   -9.851662650
   -2.513274123    1.570796327   14.084290433  -11.016906491   -6.599203427
   -2.450442270    1.570796327   18.936433271  -14.442220288   -1.095865394
   -2.387610417    1.570796327   17.983512270  -19.382649517   -1.290992538
   -2.324778564    1.570796327   20.267651369  -24.302022913   -1.343783576
   -2.261946711    1.570796327   17.729508794  -26.877179361   -2.881468079
   -2.199114858    1.570796327   18.535064843  -18.038531798   -5.125680173
   -2.136283004    1.570796327   17.685043846   -6.238931435   -7.205232452
   -2.073451151    1.570796327   16.351858863   -8.850045727   -8.511039925
   -2.010619298    1.570796327   15.976874174   -1.737629050  -11.166891038
   -1.947787445    1.570796327   17.000656804   -4.687600390  -13.723749270
   -1.884955592    1.570796327   16.034473442  -10.966876262  -16.244804799
   -1.822123739    1.570796327   14.925430376  -11.259379504  -18.497316891
   -1.759291886    1.570796327   14.201785745  -13.749611888  -17.090576555
   -1.696460033    1.570796327   14.889683110  -19.165845654  -16.294177231
   -1.633628180    1.570796327   13.527326367  -20.452263688  -13.978998758
   -1.570796327    1.570796327   12.867944743  -20.075793528  -13.471126911
   -1.507964474    1.570796327   11.074436666  -19.628142867  -13.343035712
   -1.445132621    1.570796327   13.587487379  -18.599062759  -18.168670982
   -1.382300768    1.570796327   12.023112411  -26.167518684  -13.154923951
   -1.319468915    1.570796327    9.073727863  -26.167965064  -15.685068460
   -1.256637061    1.570796327    8.571072428   -8.810231206  -14.537877946
   -1.193805208    1.570796327   10.261922279   -5.256808767  -14.313212834
   -1.130973355    1.570796327   11.419140162   -5.254912358  -11.261524210
   -1.068141502    1.570796327   13.042673140    3.019678905  -14.041840713
   -1.005309649    1.570796327   15.660289630    8.557053414  -11.074634267
   -0.942477796    1.570796327   17.359721959   19.321234965  -17.729832231
   -0.879645943    1.570796327   19.030223563   19.788297208  -23.848739908
   -0.816814090    1.570796327   18.740899222   14.688922431  -26.784087104
   -0.753982237    1.570796327   17.631138092    3.874012684  -23.513924328
   -0.691150384    1.570796327   19.802106641    1.201623800  -23.083400035
   -0.628318531    1.570796327   19.698840372    1.884663191  -21.938099711
   -0.565486678    1.570796327   23.100556140   -5.312904829  -24.136517109
   -0.502654825    1.570796327   24.706694681   -8.045608244  -26.663116911
   -0.439822972    1.570796327   25.777706770  -17.064710143  -26.498332703
   -0.376991118    1.570796327   24.614452942  -21.999147689  -25.306285965
   -0.314159265    1.570796327   23.439855991  -19.325045908  -26.732831828
   -0.251327412    1.570796327   22.262702608  -17.142326878  -25.535002076
   -0.188495559    1.570796327   23.018632090  -17.904545467  -24.023892283
   -0.125663706    1.570796327   22.184631163  -10.631506610  -21.733966938
   -0.062831853    1.570796327   21.785178684   -6.914673560  -19.420266830
    0.000000000    1.570796327   21.462379367   -1.147787432  -16.373474879
    0.062831853    1.570796327   21.113614913    0.868372563  -11.826827507
    0.125663706    1.570796327   21.093135783    3.363094082   -7.550318497
    0.188495559    1.570796327   21.075241856    2.792142392   -1.225912648
    0.251327412    1.570796327   20.821342390    4.192534610    4.456767797
    0.314159265    1.570796327   20.051847075    3.390215762    8.891304427
    0.376991118    1.570796327   21.688879146    3.177345625    7.556379708
    0.439822972    1.570796327   19.879261393   -2.743781795    8.131584188
    0.502654825    1.570796327   19.722790225   -7.014469137    6.857314511
    0.565486678    1.570796327   19.751826863  -11.356760912    4.172664586
    0.628318531    1.570796327   18.544799113   -5.633372851    0.075076545
    0.691150384    1.570796327   17.025859102   -1.727001970   -0.696501510
    0.753982237    1.570796327   16.536448438   10.734034086   -0.501194833
    0.816814090    1.570796327   17.787692718   22.681721093   -3.095800506
    0.879645943    1.570796327   17.734754055   24.852084418   -0.415669390
    0.942477796    1.570796327   20.050600549   26.157592116    1.110558478
    1.005309649    1.570796327   22.479939987   15.741773434    2.449661178
    1.068141502    1.570796327   24.929780778   14.436849477   -1.543856283
    1.130973355    1.570796327   25.268567016   17.759833490   -0.108719905
    1.193805208    1.570796327   25.145532395   28.030165010   -4.676231178
    1.256637061    1.570796327   27.760448022   28.945217389   -4.432709377
    1.319468915    1.570796327   31.478731486   21.216973955  -16.851632048
    1.382300768    1.570796327   35.335246601   22.844762117  -11.481447913
    1.445132621    1.570796327   38.852419247   21.854125453  -11.910082673
    1.507964474    1.570796327   41.811766776   23.496923691  -12.238749299
    1.570796327    1.570796327   43.753435756   25.331944259  -13.633846929
    1.633628180    1.570796327   46.387892126   32.760430600   -9.917413623
    1.696460033    1.570796327   47.795447035   32.946533881   -7.579258083
    1.759291886    1.570796327   51.570322218   27.548845361   -0.563179629
    1.822123739    1.570796327   53.686919097   28.147605311   -1.726899032
    1.884955592    1.570796327   56.373919030   28.820123199   -0.690253467
    1.947787445    1.570796327   58.501935853   27.784980259   -4.351531872
    2.010619298    1.570796327   61.990729939   20.921331118   -1.483174322
    2.073451151    1.570796327   62.968553001    9.427147610   -2.240661099
    2.136283004    1.570796327   62.714166166    1.880860205    0.324394677
    2.199114858    1.570796327   62.363429655   -5.525759913    0.388042886
    2.261946711    1.570796327   62.552938029  -10.817029959    3.585407277
    2.324778564    1.570796327   62.306781524  -10.657800762    1.777802213
    2.387610417    1.570796327   60.856818030   -9.267875176   -1.706750185
    2.450442270    1.570796327   58.681557596   -7.799000626   -3.366193193
    2.513274123    1.570796327   57.314207748  -13.510353348   -8.103344168
    2.576105976    1.570796327   54.208606555  -23.906656748  -11.921085873
    2.638937829    1.570796327   53.322364421  -24.383879142  -12.095316468
    2.701769682    1.570796327   51.946614994  -27.394339154   -8.604674449
    2.764601535    1.570796327   50.608941585  -34.510746790   -4.327437517
    2.827433388    1.570796327   47.927169793  -46.396024313    0.599348700
    2.890265241    1.570796327   44.559736629  -57.992815535    1.908526208
    2.953097094    1.570796327   40.625737281  -57.305235108    2.953266008
    3.015928947    1.570796327   36.243242055  -63.023048688    1.964229882
    3.078760801    1.570796327   33.486766080  -64.018517709    3.508436006

   -3.141592654    1.633628180   32.449627524  -52.163336917    4.160890712
   -3.078760801    1.633628180   29.872117160  -36.979247190    3.634054967
   -3.015928947    1.633628180   30.714379191  -35.548778884    3.179542892
   -2.953097094    1.633628180   27.267631188  -30.490424495    5.334113846
   -2.890265241    1.633628180   25.984621031  -18.656727934    4.410508202
   -2.827433388    1.633628180   21.853642524  -19.808459959    0.197401956
   -2.764601535    1.633628180   20.738827510  -28.404354407   -3.585768098
   -2.701769682    1.633628180   19.354606046  -21.032446021   -3.722939709
   -2.638937829    1.633628180   16.899555749  -24.553105199  -12.541836021
   -2.576105976    1.633628180   16.670981151  -14.293505964  -12.029979035
   -2.513274123    1.633628180   14.648995510  -10.381152027   -8.964460757
   -2.450442270    1.633628180   19.805810441  -12.749716695   -4.980609903
   -2.387610417    1.633628180   18.824049512  -18.259195044   -6.177583320
   -2.324778564    1.633628180   21.126774371  -23.194921254   -6.950581270
   -2.261946711    1.633628180   18.573134673  -28.129361471   -7.641557791
   -2.199114858    1.633628180   19.316549144  -20.827003193   -9.513064720
   -2.136283004    1.633628180   18.443336796   -9.027820654  -10.403282309
   -2.073451151    1.633628180   17.133341000  -11.714181129  -10.635884912
   -2.010619298    1.633628180   16.715353727   -3.792585431  -11.367139620
   -1.947787445    1.633628180   17.660543429   -7.360037857  -12.795917498
   -1.884955592    1.633628180   16.587017530  -12.896227827  -14.780810338
   -1.822123739    1.633628180   15.296998652  -12.472180025  -18.835444023
   -1.759291886    1.633628180   14.581928374  -14.169239209  -19.922841349
   -1.696460033    1.633628180   15.209429765  -19.092066701  -21.929308951
   -1.633628180    1.633628180   13.907534746  -19.359189981  -20.769285020
   -1.570796327    1.633628180   13.239233011  -19.430240318  -19.298248112
   -1.507964474    1.633628180   11.453993876  -18.966256478  -16.335838817
   -1.445132621    1.633628180   13.690882301  -18.591789097  -17.420868569
   -1.382300768    1.633628180   12.454202020  -25.023475894   -9.180607915
   -1.319468915    1.633628180    9.420539993  -24.072807867   -6.700239465
   -1.256637061    1.633628180    9.035367191   -6.780443590   -1.894144532
   -1.193805208    1.633628180   10.706859488   -3.715369977   -0.570768153
   -1.130973355    1.633628180   11.976993356   -5.473256574    2.014025184
   -1.068141502    1.633628180   13.309198679    1.357715870   -1.902970134
   -1.005309649    1.633628180   15.952524395    4.291649455   -1.406536970
   -0.942477796    1.633628180   17.077221624   14.221105476  -10.047900060
   -0.879645943    1.633628180   18.238311547   14.765354281  -17.887014657
   -0.816814090    1.633628180   17.683138823   11.336674617  -21.706356159
   -0.753982237    1.633628180   16.713896800    1.930705983  -19.910172258
   -0.691150384    1.633628180   18.879112725   -0.146462960  -21.188154698
   -0.628318531    1.633628180   18.832167354    1.993773133  -22.116325974
   -0.565486678    1.633628180   22.104303968   -5.270050571  -26.361796825
   -0.502654825    1.633628180   23.597160239   -7.357781389  -29.804750418
   -0.439822972    1.633628180   24.741969345  -15.988971744  -30.317613949
   -0.376991118    1.633628180   23.762446367  -20.213680715  -28.108021181
   -0.314159265    1.633628180   22.641603674  -16.767852577  -27.052466561
   -0.251327412    1.633628180   21.676879326  -13.448122875  -23.143293074
   -0.188495559    1.633628180   22.656623624  -13.605511007  -18.977425255
   -0.125663706    1.633628180   22.083468671   -6.368984648  -14.130191808
   -0.062831853    1.633628180   21.928039392   -2.381355053   -9.533743827
    0.000000000    1.633628180   21.858263071    2.528145772   -4.783772779
    0.062831853    1.633628180   21.840320030    4.288947631    1.299305185
    0.125663706    1.633628180   22.071584457    6.747411685    5.698934295
    0.188495559    1.633628180   22.349985262    6.636923197    9.909005140
    0.251327412    1.633628180   22.290635326    6.461236246   12.184447510
    0.314159265    1.633628180   21.625220025    3.899327702   13.088348264
    0.376991118    1.633628180   23.006561555    1.650469898    9.296620517
    0.439822972    1.633628180   21.077970392   -5.429344248    7.969404398
    0.502654825    1.633628180   20.696505954  -10.008954343    5.439995762
    0.565486678    1.633628180   20.492794179  -13.989879468    3.520019037
    0.628318531    1.633628180   18.991461116   -7.384914930    0.904759879
    0.691150384    1.633628180   17.419362889   -2.013117114    1.710045039
    0.753982237    1.633628180   16.938598476   10.510321865    2.908840785
    0.816814090    1.633628180   18.020462874   21.727721752    0.190993158
    0.879645943    1.633628180   18.154218405   25.300644532    2.540636640
    0.942477796    1.633628180   20.598231657   25.289916252    3.330940935
    1.005309649    1.633628180   23.162481510   14.482952751    4.186462249
    1.068141502    1.633628180   25.402738877   12.984750305   -0.343929851
    1.130973355    1.633628180   25.872673830   16.271588370    1.092046842
    1.193805208    1.633628180   25.479642853   24.711112626   -3.409622740
    1.256637061    1.633628180   28.108411410   25.693792365   -1.888916214
    1.319468915    1.633628180   31.020873091   19.829058293  -12.623324107
    1.382300768    1.633628180   35.141383629   21.986990385   -6.516539577
    1.445132621    1.633628180   38.496418407   21.307638746   -6.988733906
    1.507964474    1.633628180   41.283503500   22.174927051   -7.301220442
    1.570796327    1.633628180   42.946312895   24.126178042  -10.016382153
    1.633628180    1.633628180   45.584615828   32.217044237   -8.066693370
    1.696460033    1.633628180   46.958839665   32.120078858   -6.309859791
    1.759291886    1.633628180   50.994650142   26.061224020   -0.327316049
    1.822123739    1.633628180   52.917878354   26.919723873   -0.965169795
    1.884955592    1.633628180   55.545113304   26.884885051   -0.618349038
    1.947787445    1.633628180   57.377512099   26.712483685   -4.151032815
    2.010619298    1.633628180   61.001224677   19.858030975   -1.653348253
    2.073451151    1.633628180   61.945429057    9.276736882   -2.056959051
    2.136283004    1.633628180   61.899650528    3.776932025    1.057838377
    2.199114858    1.633628180   61.646284792   -3.214143318    2.435989620
    2.261946711    1.633628180   62.133354598   -9.224831899    6.661588811
    2.324778564    1.633628180   61.901718579  -10.669439561    6.796578039
    2.387610417    1.633628180   60.322868127  -11.137764690    3.790643836
    2.450442270    1.633628180   58.098022712   -9.665955479    1.532270100
    2.513274123    1.633628180   56.471440432  -15.332098030   -4.700970641
    2.576105976    1.633628180   53.200787310  -23.035515365   -9.327178287
    2.638937829    1.633628180   52.335518703  -20.998704079  -12.085143715
    2.701769682    1.633628180   51.283300651  -21.952524608   -9.359085469
    2.764601535    1.633628180   50.306916759  -28.033682465   -6.881861872
    2.827433388    1.633628180   48.125657503  -39.556536004   -0.930861179
    2.890265241    1.633628180   45.057525642  -52.751975484    1.875914940
    2.953097094    1.633628180   41.384954425  -52.861012185    3.922780153
    3.015928947    1.633628180   37.116854124  -58.537330942    3.320012820
    3.078760801    1.633628180   34.594268375  -63.074654976    4.353911862

   -3.141592654    1.696460033   29.470195838  -50.478001381   -4.317176441
   -3.078760801    1.696460033   27.128201046  -34.508525888   -4.043524008
   -3.015928947    1.696460033   28.253871281  -32.877626981   -4.333825197
   -2.953097094    1.696460033   25.342418280  -25.940800658   -0.653188549
   -2.890265241    1.696460033   24.426699885  -14.220836106    0.473373164
   -2.827433388    1.696460033   20.440719237  -14.598918346   -1.546440128
   -2.764601535    1.696460033   19.439740036  -23.788229989   -4.006467573
   -2.701769682    1.696460033   18.319711458  -17.273709368   -4.386460408
   -2.638937829    1.696460033   15.590281311  -21.964338481  -11.500987385
   -2.576105976    1.696460033   15.601360542  -11.939584443  -10.512892072
   -2.513274123    1.696460033   13.912584041   -8.031089303   -7.687780988
   -2.450442270    1.696460033   19.383787970   -9.997395795   -5.816204687
   -2.387610417    1.696460033   18.367115059  -16.718504462   -9.049379265
   -2.324778564    1.696460033   20.681841784  -21.514490667  -10.969429160
   -2.261946711    1.696460033   18.205054804  -28.473955887  -11.203794350
   -2.199114858    1.696460033   18.920660753  -22.462515176  -13.666197333
   -2.136283004    1.696460033   18.155656234   -9.910831010  -13.791650254
   -2.073451151    1.696460033   17.034754408  -11.342886165  -12.774298922
   -2.010619298    1.696460033   16.804646397   -2.211057251  -11.965764496
   -1.947787445    1.696460033   17.861561689   -6.826393697  -13.075829895
   -1.884955592    1.696460033   16.858721041  -13.382452945  -14.710273793
   -1.822123739    1.696460033   15.418831999  -14.195806443  -20.280805764
   -1.759291886    1.696460033   14.659317056  -15.633170657  -24.362287864
   -1.696460033    1.696460033   15.130820782  -19.448600841  -29.752667194
   -1.633628180    1.696460033   13.872020426  -17.412694211  -30.462968035
   -1.570796327    1.696460033   13.291962980  -16.269447495  -28.784622013
   -1.507964474    1.696460033   11.710208348  -15.259155236  -23.517894495
   -1.445132621    1.696460033   13.906363931  -15.038177685  -21.221898384
   -1.382300768    1.696460033   13.147840701  -21.115419009  -11.179472372
   -1.319468915    1.696460033   10.271945146  -20.106074214   -5.246823563
   -1.256637061    1.696460033   10.107678643   -4.183639388    0.550486511
   -1.193805208    1.696460033   11.724337193   -3.133168531    0.537134101
   -1.130973355    1.696460033   12.958153471   -7.827611077    0.363024694
   -1.068141502    1.696460033   13.897671351   -2.161157794   -5.096887487
   -1.005309649    1.696460033   16.423066450   -1.503229191   -7.159905812
   -0.942477796    1.696460033   16.910840374    7.715347411  -16.633455400
   -0.879645943    1.696460033   17.535335418    9.338035758  -24.656034315
   -0.816814090    1.696460033   16.692294409    6.946346092  -29.215875965
   -0.753982237    1.696460033   15.815883390   -0.951767190  -28.286781958
   -0.691150384    1.696460033   17.877477385   -2.968215015  -31.063464818
   -0.628318531    1.696460033   17.792866695    0.713375488  -32.734863079
   -0.565486678    1.696460033   20.868216853   -5.168780036  -36.820429319
   -0.502654825    1.696460033   22.248257134   -5.885014957  -39.197161214
   -0.439822972    1.696460033   23.483444517  -12.938505231  -38.566603945
   -0.376991118    1.696460033   22.817355605  -15.593600251  -33.766362693
   -0.314159265    1.696460033   21.954437374  -11.146579552  -29.524759128
   -0.251327412    1.696460033   21.394753215   -7.087398007  -23.296614279
   -0.188495559    1.696460033   22.743339603   -7.348420449  -17.846987973
   -0.125663706    1.696460033   22.541297096   -0.775625266  -12.376562447
   -0.062831853    1.696460033   22.668229843    2.563193978   -8.234165995
    0.000000000    1.696460033   22.874876668    6.355591259   -3.492522200
    0.062831853    1.696460033   23.179209257    6.754298495    1.963868060
    0.125663706    1.696460033   23.557708162    7.971528755    4.444681551
    0.188495559    1.696460033   23.916696743    6.753739607    5.312981239
    0.251327412    1.696460033   23.803748437    5.166559680    4.429796867
    0.314159265    1.696460033   23.021774666    1.320212049    3.047212537
    0.376991118    1.696460033   24.065685116   -1.502995110   -0.728365337
    0.439822972    1.696460033   21.987556787   -8.087788291   -1.062595356
    0.502654825    1.696460033   21.401011045  -11.525461451   -1.920214041
    0.565486678    1.696460033   21.071728142  -14.446773385   -1.222699775
    0.628318531    1.696460033   19.406803913   -7.148845903   -1.071909728
    0.691150384    1.696460033   17.853926473   -1.775034428    1.469389614
    0.753982237    1.696460033   17.398231094    9.567313464    3.545120371
    0.816814090    1.696460033   18.214936734   19.274898872    0.429951802
    0.879645943    1.696460033   18.390387461   23.126486810    1.607966323
    0.942477796    1.696460033   20.815332776   21.897219432    1.920854811
    1.005309649    1.696460033   23.408127982   11.141469378    2.835837118
    1.068141502    1.696460033   25.370328413   10.885670059   -1.446125559
    1.130973355    1.696460033   25.955446981   15.694015622   -0.290802875
    1.193805208    1.696460033   25.348712902   23.430190820   -4.744855888
    1.256637061    1.696460033   28.214413005   26.367334405   -1.975529089
    1.319468915    1.696460033   30.602980323   22.958571523  -11.666052037
    1.382300768    1.696460033   35.234905411   25.287307589   -6.301251385
    1.445132621    1.696460033   38.648290776   24.313783595   -8.402444256
    1.507964474    1.696460033   41.497683828   23.286445843   -9.769945804
    1.570796327    1.696460033   43.044252436   25.123452647  -13.508649861
    1.633628180    1.696460033   45.792235961   33.487543474  -13.438847468
    1.696460033    1.696460033   47.264945331   33.097484824  -11.980449851
    1.759291886    1.696460033   51.586508813   25.785765083   -7.301981898
    1.822123739    1.696460033   53.373621727   26.108363020   -7.756436647
    1.884955592    1.696460033   55.867243892   23.686761036   -7.697667045
    1.947787445    1.696460033   57.290657423   22.777190385  -11.108919346
    2.010619298    1.696460033   60.818627709   14.585589031   -9.536369293
    2.073451151    1.696460033   61.472143716    4.340910602  -10.572282693
    2.136283004    1.696460033   61.324643495    0.635702688   -8.803917001
    2.199114858    1.696460033   60.878001829   -5.322676883   -8.334114514
    2.261946711    1.696460033   61.361656117  -11.643271148   -4.668711573
    2.324778564    1.696460033   60.938329574  -14.514295446   -3.321749346
    2.387610417    1.696460033   58.966795547  -17.633111878   -5.596843318
    2.450442270    1.696460033   56.383522646  -17.480569745   -7.473782352
    2.513274123    1.696460033   54.110073783  -24.544950540  -14.412692499
    2.576105976    1.696460033   50.302899448  -29.859520795  -19.136180668
    2.638937829    1.696460033   48.950107201  -25.809972497  -24.153441776
    2.701769682    1.696460033   47.771233510  -24.237568640  -22.721204087
    2.764601535    1.696460033   46.646260208  -27.686698713  -22.490554753
    2.827433388    1.696460033   44.630148630  -37.417830411  -16.563181069
    2.890265241    1.696460033   41.611784338  -50.352883123  -12.652268914
    2.953097094    1.696460033   38.031184838  -50.459804840   -8.922837480
    3.015928947    1.696460033   33.770273694  -55.437216867   -7.525137447
    3.078760801    1.696460033   31.427186944  -62.447648699   -5.078164958

   -3.141592654    1.759291886   29.213500191  -55.061734343   -6.831911005
   -3.078760801    1.759291886   26.637689664  -39.176067726   -7.762794607
   -3.015928947    1.759291886   27.475777921  -37.371498012   -9.854848626
   -2.953097094    1.759291886   24.594554431  -28.934364131   -6.751000601
   -2.890265241    1.759291886   23.637102601  -16.883005880   -5.027602096
   -2.827433388    1.759291886   19.468434557  -15.403200913   -6.039991153
   -2.764601535    1.759291886   18.331795916  -23.480560073   -7.266333303
   -2.701769682    1.759291886   17.239586223  -16.031308792   -7.436630252
   -2.638937829    1.759291886   14.255776456  -19.740761106  -11.904703484
   -2.576105976    1.759291886   14.515003646   -9.429414824  -10.064438138
   -2.513274123    1.759291886   13.205835380   -5.191267184   -7.098234823
   -2.450442270    1.759291886   18.931048394   -6.918246525   -7.668529725
   -2.387610417    1.759291886   17.867904556  -14.505932594  -12.618676029
   -2.324778564    1.759291886   20.223471917  -19.017378776  -15.373438710
   -2.261946711    1.759291886   17.946193507  -27.767865965  -13.792003981
   -2.199114858    1.759291886   18.641590928  -23.543551733  -15.573702318
   -2.136283004    1.759291886   17.996839113  -11.160807001  -13.661113256
   -2.073451151    1.759291886   17.010459659  -12.487599972  -10.913959707
   -2.010619298    1.759291886   16.848435988   -3.105447748   -8.409062328
   -1.947787445    1.759291886   17.776082570  -10.179818666   -9.210383894
   -1.884955592    1.759291886   16.586823402  -19.030447994   -9.807247207
   -1.822123739    1.759291886   14.637807751  -22.500738917  -15.531603671
   -1.759291886    1.759291886   13.395220990  -24.318849831  -21.293420979
   -1.696460033    1.759291886   13.257565911  -25.990391637  -29.213166674
   -1.633628180    1.759291886   11.696384304  -19.917475921  -32.197271269
   -1.570796327    1.759291886   11.010883044  -14.789956811  -31.748924803
   -1.507964474    1.759291886    9.604280079  -11.105720286  -26.799976789
   -1.445132621    1.759291886   11.845334624  -10.419402246  -23.986142540
   -1.382300768    1.759291886   11.608760532  -15.659277205  -14.835877057
   -1.319468915    1.759291886    9.094477278  -14.383565858   -7.915595532
   -1.256637061    1.759291886    9.242297775   -0.808509622   -3.442570081
   -1.193805208    1.759291886   10.807485485   -2.177193520   -5.719511560
   -1.130973355    1.759291886   11.988157011   -9.181121369   -8.432928168
   -1.068141502    1.759291886   12.602653777   -5.309718017  -14.522411867
   -1.005309649    1.759291886   15.009445844   -6.270288713  -17.854485536
   -0.942477796    1.759291886   14.968666168    2.796783482  -25.968546100
   -0.879645943    1.759291886   15.190624209    4.885885948  -31.851703756
   -0.816814090    1.759291886   14.146763644    3.384078748  -34.409751462
   -0.753982237    1.759291886   13.404570092   -3.359349254  -31.870700165
   -0.691150384    1.759291886   15.402932876   -4.483718254  -32.480874510
   -0.628318531    1.759291886   15.364658476    1.595995999  -31.530261057
   -0.565486678    1.759291886   18.368384918   -2.175801031  -33.074738943
   -0.502654825    1.759291886   19.827021414   -0.837561314  -32.544980509
   -0.439822972    1.759291886   21.345959854   -5.470609927  -29.700044052
   -0.376991118    1.759291886   21.254169632   -6.660295464  -22.763819012
   -0.314159265    1.759291886   20.914542343   -1.838460572  -17.169161037
   -0.251327412    1.759291886   20.975671663    2.200860967  -10.797822432
   -0.188495559    1.759291886   22.866737072    1.465411790   -6.153291256
   -0.125663706    1.759291886   23.174205580    7.151936538   -2.039085276
   -0.062831853    1.759291886   23.692923586    9.855587348    0.125706081
    0.000000000    1.759291886   24.305954978   11.877845128    2.915811124
    0.062831853    1.759291886   25.023866861    9.936207522    6.026392157
    0.125663706    1.759291886   25.563181067    8.887050287    5.275513583
    0.188495559    1.759291886   25.949314142    6.238876202    3.147931344
    0.251327412    1.759291886   25.740336968    3.358927564    0.066649407
    0.314159265    1.759291886   24.831979590   -0.861160006   -2.322289474
    0.376991118    1.759291886   25.636926309   -3.850413049   -4.912834845
    0.439822972    1.759291886   23.529144421   -8.952134869   -3.452522327
    0.502654825    1.759291886   22.850176020  -10.697732644   -2.551493065
    0.565486678    1.759291886   22.544085121  -12.758439933    0.256791381
    0.628318531    1.759291886   20.823699239   -5.637776731    1.553325391
    0.691150384    1.759291886   19.332891249   -1.480251863    3.755469806
    0.753982237    1.759291886   18.907700459    8.059456179    5.669404424
    0.816814090    1.759291886   19.389017462   15.592373836    1.109948255
    0.879645943    1.759291886   19.506134306   19.757467197    0.763965404
    0.942477796    1.759291886   21.844326102   17.162172272    0.709828927
    1.005309649    1.759291886   24.416880830    6.554593288    2.224509646
    1.068141502    1.759291886   26.008844336    6.837598830   -1.975576784
    1.130973355    1.759291886   26.545848198   12.893763357   -0.964330565
    1.193805208    1.759291886   25.532090656   19.276455095   -5.385605481
    1.256637061    1.759291886   28.432856036   22.690499006   -2.318702027
    1.319468915    1.759291886   30.048652630   20.830378876  -11.848720328
    1.382300768    1.759291886   34.789626576   22.214458757   -8.246492376
    1.445132621    1.759291886   37.830544037   20.944366611  -11.986060404
    1.507964474    1.759291886   40.411938274   19.040734674  -13.423701850
    1.570796327    1.759291886   41.538322622   21.598920796  -17.687235953
    1.633628180    1.759291886   44.150713304   31.760427334  -17.681302345
    1.696460033    1.759291886   45.626656186   32.940068148  -15.985372777
    1.759291886    1.759291886   50.137865107   26.556170425  -12.978236060
    1.822123739    1.759291886   51.911611257   27.865339676  -13.120640009
    1.884955592    1.759291886   54.420466816   24.332915923  -14.211692726
    1.947787445    1.759291886   55.726721846   23.236877614  -17.393472518
    2.010619298    1.759291886   59.438344970   14.110058831  -17.008438405
    2.073451151    1.759291886   60.119555598    4.185507077  -19.158780341
    2.136283004    1.759291886   60.178070132    2.415767873  -19.077946727
    2.199114858    1.759291886   59.878757799   -1.424224604  -19.248464198
    2.261946711    1.759291886   60.713256558   -7.645566371  -16.306347579
    2.324778564    1.759291886   60.527986526  -11.594578231  -13.981891996
    2.387610417    1.759291886   58.603342446  -17.275726564  -14.451802738
    2.450442270    1.759291886   56.084621810  -19.390896489  -14.419499621
    2.513274123    1.759291886   53.549648196  -28.192311196  -19.471484527
    2.576105976    1.759291886   49.612624042  -32.455922839  -22.133539184
    2.638937829    1.759291886   48.023043901  -26.781944929  -27.480941099
    2.701769682    1.759291886   46.997922418  -23.079793016  -26.059801816
    2.764601535    1.759291886   45.873639930  -24.580835378  -27.564117337
    2.827433388    1.759291886   44.196625079  -32.267153138  -22.409480061
    2.890265241    1.759291886   41.390505529  -45.743650992  -18.145946510
    2.953097094    1.759291886   37.967055829  -47.631990234  -13.577357942
    3.015928947    1.759291886   33.687764937  -54.027359241  -10.890747326
    3.078760801    1.759291886   31.337102712  -66.080959516   -7.644435650

   -3.141592654    1.822123739   29.076560375  -57.788504183   -9.898954945
   -3.078760801    1.822123739   26.293784020  -42.427903843  -11.251183074
   -3.015928947    1.822123739   26.826498361  -40.253657964  -15.285510184
   -2.953097094    1.822123739   24.053457794  -29.971427352  -12.713607313
   -2.890265241    1.822123739   23.176325073  -18.586344563  -10.273794897
   -2.827433388    1.822123739   18.950308674  -15.846208464   -9.963542513
   -2.764601535    1.822123739   17.779866841  -23.097910720   -9.438916842
   -2.701769682    1.822123739   16.679398190  -15.770691558   -9.243320485
   -2.638937829    1.822123739   13.491371173  -19.342453571  -11.143033098
   -2.576105976    1.822123739   13.861383951  -10.067213779   -8.750180592
   -2.513274123    1.822123739   12.688026912   -7.169206645   -6.373753927
   -2.450442270    1.822123739   18.224289719   -9.520684592  -10.264220466
   -2.387610417    1.822123739   16.709007939  -18.023819982  -17.169556759
   -2.324778564    1.822123739   18.752550069  -21.212189991  -21.366171869
   -2.261946711    1.822123739   16.499155888  -30.357239768  -18.903281187
   -2.199114858    1.822123739   16.964233538  -25.886535441  -20.948274855
   -2.136283004    1.822123739   16.374827210  -12.909513976  -17.514947673
   -2.073451151    1.822123739   15.503777528  -13.461826351  -13.184054248
   -2.010619298    1.822123739   15.446253543   -3.056326888   -9.689140712
   -1.947787445    1.822123739   16.256028619  -11.456535981  -10.664486575
   -1.884955592    1.822123739   15.046849185  -21.744755633   -9.400211842
   -1.822123739    1.822123739   12.783263913  -27.769145311  -13.183216130
   -1.759291886    1.822123739   11.249379400  -30.160871499  -16.997520556
   -1.696460033    1.822123739   10.681777068  -29.391106539  -23.811224875
   -1.633628180    1.822123739    9.003896512  -19.361955200  -26.503687826
   -1.570796327    1.822123739    8.422531119  -10.002192926  -26.596318806
   -1.507964474    1.822123739    7.391575210   -3.735058569  -23.079866558
   -1.445132621    1.822123739    9.880259449   -3.061312658  -22.075384511
   -1.382300768    1.822123739   10.246678165   -8.671609576  -16.015609079
   -1.319468915    1.822123739    8.243465044   -8.385834476  -10.620422342
   -1.256637061    1.822123739    8.689854056    1.658998154   -9.638021402
   -1.193805208    1.822123739   10.137465680   -2.246894178  -14.546576100
   -1.130973355    1.822123739   11.179693019  -10.892974098  -19.668498599
   -1.068141502    1.822123739   11.510771226   -7.814092442  -25.577566929
   -1.005309649    1.822123739   13.809758734   -8.978226702  -28.426187580
   -0.942477796    1.822123739   13.427695847    0.078920830  -33.345637764
   -0.879645943    1.822123739   13.466345257    3.290464589  -34.646727702
   -0.816814090    1.822123739   12.420052637    2.617950263  -32.949833391
   -0.753982237    1.822123739   11.969883357   -3.118726189  -26.787134491
   -0.691150384    1.822123739   14.028857305   -3.978704169  -24.164906068
   -0.628318531    1.822123739   14.125523051    3.252210709  -20.830629137
   -0.565486678    1.822123739   17.020932150    0.617187707  -21.686946590
   -0.502654825    1.822123739   18.475301409    2.195127814  -20.805733772
   -0.439822972    1.822123739   20.070008545   -1.531217436  -19.123088931
   -0.376991118    1.822123739   20.289277581   -2.538908053  -13.551048331
   -0.314159265    1.822123739   20.149315028    1.374174554   -9.361398219
   -0.251327412    1.822123739   20.454109022    4.926609010   -4.255106488
   -0.188495559    1.822123739   22.460275680    3.588405546   -0.886591450
   -0.125663706    1.822123739   22.866331325    8.334178954    2.035566950
   -0.062831853    1.822123739   23.358733436   11.201890942    3.133605855
    0.000000000    1.822123739   24.009786442   11.660452257    5.109808235
    0.062831853    1.822123739   24.796568904    7.914540768    7.394656674
    0.125663706    1.822123739   25.197267454    5.909614667    5.967902632
    0.188495559    1.822123739   25.387566724    3.190701764    3.740766684
    0.251327412    1.822123739   24.989263974    1.076331985    1.686114995
    0.314159265    1.822123739   23.990858370   -1.440192664    0.807243655
    0.376991118    1.822123739   24.757780183   -3.301701234    0.957861854
    0.439822972    1.822123739   22.901548921   -5.318656160    5.122506842
    0.502654825    1.822123739   22.414661431   -5.196450259    7.316222807
    0.565486678    1.822123739   22.397321031   -7.221043420   10.022698962
    0.628318531    1.822123739   20.836541271   -1.485804423   10.356080522
    0.691150384    1.822123739   19.535988064    0.675483931   10.613562571
    0.753982237    1.822123739   19.259486507    7.964284495   10.585575293
    0.816814090    1.822123739   19.459821796   12.951841565    3.893183446
    0.879645943    1.822123739   19.554738439   17.443623976    1.946631669
    0.942477796    1.822123739   21.912096946   13.929801290    1.645680579
    1.005309649    1.822123739   24.589254122    3.069304436    3.460464278
    1.068141502    1.822123739   25.921889676    4.471867311   -0.466415821
    1.130973355    1.822123739   26.478012824   12.357050457   -0.019474868
    1.193805208    1.822123739   25.098296583   16.050051814   -6.406704339
    1.256637061    1.822123739   28.105180861   19.591076835   -4.850432716
    1.319468915    1.822123739   29.074148950   19.130164572  -14.844752559
    1.382300768    1.822123739   33.924839344   19.704751228  -14.301844405
    1.445132621    1.822123739   36.670424544   19.683660359  -19.631274722
    1.507964474    1.822123739   39.199963888   17.775688707  -19.892129541
    1.570796327    1.822123739   40.138344704   22.036716418  -22.551933869
    1.633628180    1.822123739   42.846587915   33.423380031  -20.811627120
    1.696460033    1.822123739   44.532440183   35.066286475  -17.676418229
    1.759291886    1.822123739   49.277168711   29.272871557  -15.351926976
    1.822123739    1.822123739   51.135484977   30.250911641  -14.624970119
    1.884955592    1.822123739   53.651081332   25.190082834  -15.098108192
    1.947787445    1.822123739   54.838560877   22.539266939  -17.392078500
    2.010619298    1.822123739   58.596624954   11.208516332  -17.551431197
    2.073451151    1.822123739   59.168663372    1.328373197  -19.409206439
    2.136283004    1.822123739   59.249252683    1.489567645  -19.699440268
    2.199114858    1.822123739   58.920044920   -0.222286805  -20.842225796
    2.261946711    1.822123739   59.918387466   -5.673918961  -19.135204818
    2.324778564    1.822123739   59.916144487   -9.802469886  -16.819797440
    2.387610417    1.822123739   58.014260615  -17.179486347  -16.823574338
    2.450442270    1.822123739   55.597028373  -20.876702883  -15.542391947
    2.513274123    1.822123739   52.861564220  -31.596709112  -19.197979033
    2.576105976    1.822123739   48.882784008  -34.847170405  -20.588897949
    2.638937829    1.822123739   47.039496527  -28.504421287  -26.598232198
    2.701769682    1.822123739   46.176439557  -22.843872596  -25.847712558
    2.764601535    1.822123739   44.934942929  -22.599186172  -30.286864583
    2.827433388    1.822123739   43.522523427  -27.772655420  -27.871987002
    2.890265241    1.822123739   40.925018611  -40.599540856  -24.964525987
    2.953097094    1.822123739   37.696694999  -43.526929463  -20.836593570
    3.015928947    1.822123739   33.518063735  -50.813474476  -16.549861110
    3.078760801    1.822123739   31.259313139  -67.724090800  -12.162620452

   -3.141592654    1.884955592   30.829421969  -60.379139850   -5.574312639
   -3.078760801    1.884955592   27.694954041  -48.085704191   -6.871435932
   -3.015928947    1.884955592   27.614022269  -46.625098971  -12.452127282
   -2.953097094    1.884955592   24.653832022  -35.599847995  -10.594823742
   -2.890265241    1.884955592   23.619683682  -24.471353640   -7.808319986
   -2.827433388    1.884955592   19.171084678  -19.767458909   -5.960786332
   -2.764601535    1.884955592   17.852794933  -25.566140052   -3.571028141
   -2.701769682    1.884955592   16.602159656  -17.402443166   -2.347078551
   -2.638937829    1.884955592   13.270599394  -19.600286640   -1.019782383
   -2.576105976    1.884955592   13.741615084  -10.805131682    1.667237717
   -2.513274123    1.884955592   12.708542712   -9.095001933    3.271802740
   -2.450442270    1.884955592   17.967312513  -11.251864732   -3.458612617
   -2.387610417    1.884955592   16.087926700  -19.242803855  -12.082122103
   -2.324778564    1.884955592   17.993623999  -19.850548052  -18.424992159
   -2.261946711    1.884955592   16.101143650  -27.246406491  -16.397105387
   -2.199114858    1.884955592   16.664579480  -21.411726687  -19.841449139
   -2.136283004    1.884955592   16.550990507   -8.098238683  -16.616145840
   -2.073451151    1.884955592   16.185142793   -8.932594113  -12.207589210
   -2.010619298    1.884955592   16.508503716    0.435184604   -9.167744814
   -1.947787445    1.884955592   17.299121554  -10.285394892  -11.368477589
   -1.884955592    1.884955592   16.191743867  -23.426802867   -8.914332400
   -1.822123739    1.884955592   13.700350624  -32.762242711   -9.314298904
   -1.759291886    1.884955592   11.873350835  -36.458956439   -9.556201400
   -1.696460033    1.884955592   10.788562936  -35.160044185  -13.007645374
   -1.633628180    1.884955592    8.800342205  -23.087248486  -13.700109164
   -1.570796327    1.884955592    8.021797507  -10.843581781  -14.214085179
   -1.507964474    1.884955592    7.016747425   -2.492822895  -12.993470043
   -1.445132621    1.884955592    9.379465982   -1.651161748  -15.094901067
   -1.382300768    1.884955592    9.932429502   -7.486927103  -13.594603683
   -1.319468915    1.884955592    8.154432851   -8.477548642  -10.914650419
   -1.256637061    1.884955592    8.527743018   -1.020116723  -13.226474057
   -1.193805208    1.884955592    9.560138352   -6.671868695  -20.567909368
   -1.130973355    1.884955592   10.216689211  -15.190921399  -26.913387082
   -1.068141502    1.884955592   10.189216377  -10.983569382  -31.080689293
   -1.005309649    1.884955592   12.344527415  -10.468236450  -32.146116875
   -0.942477796    1.884955592   11.770889103   -0.049602415  -32.499582458
   -0.879645943    1.884955592   11.893164130    4.996088093  -28.551836261
   -0.816814090    1.884955592   11.090248016    5.042004285  -23.129292775
   -0.753982237    1.884955592   11.105452573    0.049237602  -15.184498989
   -0.691150384    1.884955592   13.350530603   -1.568205240  -12.675266086
   -0.628318531    1.884955592   13.610380637    5.207214223  -11.159453553
   -0.565486678    1.884955592   16.341414734    2.800419103  -15.026896659
   -0.502654825    1.884955592   17.696557155    3.255902685  -17.267397921
   -0.439822972    1.884955592   19.220500435    0.201014001  -18.246983589
   -0.376991118    1.884955592   19.615305855   -0.501472820  -14.561117579
   -0.314159265    1.884955592   19.581156479    3.318082200  -11.255562840
   -0.251327412    1.884955592   20.079213339    7.060313298   -5.975296292
   -0.188495559    1.884955592   22.176743580    5.435678268   -2.538013983
   -0.125663706    1.884955592   22.676389059   10.164590558    0.956381384
   -0.062831853    1.884955592   23.138493079   12.905311011    1.651899866
    0.000000000    1.884955592   23.842641119   11.735335456    3.485090808
    0.062831853    1.884955592   24.734037940    6.646190123    6.169711518
    0.125663706    1.884955592   25.058260368    4.277732273    5.917562545
    0.188495559    1.884955592   25.143574279    1.924808663    5.154080114
    0.251327412    1.884955592   24.698121645    1.103950825    5.803298135
    0.314159265    1.884955592   23.744631477   -0.002605415    7.637113578
    0.376991118    1.884955592   24.622978031   -1.387159843   10.413694427
    0.439822972    1.884955592   23.115721432   -1.054014684   16.116717033
    0.502654825    1.884955592   22.773073960   -1.439637216   17.381884191
    0.565486678    1.884955592   22.914937388   -4.346388569   18.544395431
    0.628318531    1.884955592   21.320312097   -0.758374025   16.349886389
    0.691150384    1.884955592   19.996151585   -0.633597480   14.422883555
    0.753982237    1.884955592   19.684971013    5.155797348   12.448851152
    0.816814090    1.884955592   19.440578008    8.700729732    3.984378471
    0.879645943    1.884955592   19.425945403   15.040467945    0.950938663
    0.942477796    1.884955592   21.857119882   11.610374171    1.233528903
    1.005309649    1.884955592   24.769643452    1.728020679    3.677611011
    1.068141502    1.884955592   25.989591741    4.708280136    0.178367068
    1.130973355    1.884955592   26.670112735   14.045554247   -0.913301215
    1.193805208    1.884955592   24.992845071   14.781636161   -9.463830960
    1.256637061    1.884955592   28.222068476   17.555961957  -10.061767361
    1.319468915    1.884955592   28.733394409   18.460236571  -20.832802024
    1.382300768    1.884955592   33.713775415   18.585823227  -23.137420305
    1.445132621    1.884955592   36.280114608   20.807022264  -28.253301484
    1.507964474    1.884955592   38.943571779   18.961764200  -26.775708553
    1.570796327    1.884955592   39.839023212   23.844644403  -26.486860196
    1.633628180    1.884955592   42.676156336   34.510594661  -22.301961553
    1.696460033    1.884955592   44.523412141   35.559955634  -16.689821800
    1.759291886    1.884955592   49.259442696   29.426672124  -14.366642617
    1.822123739    1.884955592   51.047808155   30.442802623  -11.828315741
    1.884955592    1.884955592   53.395923184   23.684983633  -11.243488825
    1.947787445    1.884955592   54.359173730   19.736722458  -11.542020431
    2.010619298    1.884955592   58.015086376    6.990081860  -10.848489195
    2.073451151    1.884955592   58.405664258   -2.831427352  -11.834866326
    2.136283004    1.884955592   58.418890176   -0.877036661  -11.987446887
    2.199114858    1.884955592   57.974690219    0.057770216  -14.194164087
    2.261946711    1.884955592   59.059384468   -4.036385862  -14.490809986
    2.324778564    1.884955592   59.257208807   -7.513219084  -13.130549945
    2.387610417    1.884955592   57.474862934  -15.142682027  -13.446757512
    2.450442270    1.884955592   55.334421631  -19.330356472  -11.717776081
    2.513274123    1.884955592   52.649631177  -31.115530490  -13.868219106
    2.576105976    1.884955592   48.907802257  -33.762718097  -13.578570228
    2.638937829    1.884955592   46.981219139  -27.487009537  -19.376096456
    2.701769682    1.884955592   46.462518681  -20.819551516  -18.828154536
    2.764601535    1.884955592   45.183328027  -19.447302458  -24.787189687
    2.827433388    1.884955592   44.094178862  -21.884832839  -24.740706302
    2.890265241    1.884955592   41.816703249  -33.404032596  -23.303079042
    2.953097094    1.884955592   38.924546113  -37.035208016  -19.850552305
    3.015928947    1.884955592   35.052447083  -44.868514921  -14.703744766
    3.078760801    1.884955592   33.011573612  -67.382560137   -9.243211854

   -3.141592654    1.947787445   30.021024643  -59.951272674   -7.411519843
   -3.078760801    1.947787445   26.675687447  -50.508484751   -9.607470937
   -3.015928947    1.947787445   26.111597066  -49.786895045  -16.623043380
   -2.953097094    1.947787445   23.150776786  -37.692143604  -15.914246749
   -2.890265241    1.947787445   22.219698840  -26.602188265  -13.518158383
   -2.827433388    1.947787445   17.853850090  -19.651128846  -11.324451815
   -2.764601535    1.947787445   16.706093019  -24.004116565   -7.235283989
   -2.701769682    1.947787445   15.539153254  -15.687534517   -5.107382552
   -2.638937829    1.947787445   12.380655159  -17.619348175   -1.068624625
   -2.576105976    1.947787445   13.068302419  -10.573430420    2.392728312
   -2.513274123    1.947787445   12.182835195  -11.112686556    4.509744538
   -2.450442270    1.947787445   17.008405168  -13.977704489   -3.647985526
   -2.387610417    1.947787445   14.667057671  -22.831691448  -11.612540963
   -2.324778564    1.947787445   16.255306937  -21.691700532  -17.398912716
   -2.261946711    1.947787445   14.586561753  -27.275932870  -14.449473789
   -2.199114858    1.947787445   14.999842743  -19.954809526  -18.029469801
   -2.136283004    1.947787445   15.149556171   -5.632195540  -15.092368345
   -2.073451151    1.947787445   15.131152817   -6.994072791  -10.861122644
   -2.010619298    1.947787445   15.688385949    2.417754538   -8.619558258
   -1.947787445    1.947787445   16.327022077   -8.478051813  -13.020065314
   -1.884955592    1.947787445   15.431432079  -22.006534984  -10.649360069
   -1.822123739    1.947787445   12.990405976  -32.909719519   -9.720960045
   -1.759291886    1.947787445   11.205614474  -37.128630448   -8.393939574
   -1.696460033    1.947787445    9.960837571  -35.977509633   -9.787388476
   -1.633628180    1.947787445    7.908996025  -24.666607644  -10.054063270
   -1.570796327    1.947787445    6.984429692  -12.730386288  -12.118138189
   -1.507964474    1.947787445    5.883663085   -3.727686197  -13.734606677
   -1.445132621    1.947787445    7.936466593   -3.770739129  -18.704023737
   -1.382300768    1.947787445    8.393413620   -9.864574798  -20.310760422
   -1.319468915    1.947787445    6.701030116  -10.853203803  -17.912010242
   -1.256637061    1.947787445    6.866455131   -5.415035644  -20.652125971
   -1.193805208    1.947787445    7.476814077  -10.453012914  -26.185869325
   -1.130973355    1.947787445    7.842795291  -16.386368080  -29.377964724
   -1.068141502    1.947787445    7.746218250   -9.272593660  -28.941788244
   -1.005309649    1.947787445   10.028641621   -6.148287341  -26.162696882
   -0.942477796    1.947787445    9.692503862    5.682896029  -21.267004527
   -0.879645943    1.947787445   10.283994638   10.924197490  -13.839552446
   -0.816814090    1.947787445    9.987407173   10.570729472   -7.134525933
   -0.753982237    1.947787445   10.569565474    4.213849782   -1.160595613
   -0.691150384    1.947787445   12.995917770    0.521591084   -1.894425933
   -0.628318531    1.947787445   13.366339131    6.312186383   -3.903837489
   -0.565486678    1.947787445   15.850090932    4.484360356  -11.645009363
   -0.502654825    1.947787445   17.100076510    5.054678690  -16.813031309
   -0.439822972    1.947787445   18.625385966    3.483262262  -19.574742085
   -0.376991118    1.947787445   19.329045368    3.899769550  -16.639046737
   -0.314159265    1.947787445   19.583070247    8.232244644  -13.694552524
   -0.251327412    1.947787445   20.467416587   11.812732661   -8.805386906
   -0.188495559    1.947787445   22.815579066    9.683147639   -5.773036089
   -0.125663706    1.947787445   23.518344118   13.205726144   -3.345105216
   -0.062831853    1.947787445   23.983348125   15.125288591   -3.676253852
    0.000000000    1.947787445   24.780495891   12.544405317   -2.192091241
    0.062831853    1.947787445   25.806653389    6.111120408    0.421096587
    0.125663706    1.947787445   26.094798617    3.607083924    1.372185587
    0.188495559    1.947787445   26.159100370    2.392282860    2.919751171
    0.251327412    1.947787445   25.796581553    2.904271118    6.376313118
    0.314159265    1.947787445   24.978089170    2.545244501   10.063832757
    0.376991118    1.947787445   26.040981050    0.497214176   14.009777042
    0.439822972    1.947787445   24.868614921    1.777412568   19.134719432
    0.502654825    1.947787445   24.535669400    0.254038120   18.070363009
    0.565486678    1.947787445   24.690641220   -4.011383129   16.804974151
    0.628318531    1.947787445   22.937859329   -2.078450574   12.613242913
    0.691150384    1.947787445   21.486501199   -3.223963119    9.069552681
    0.753982237    1.947787445   21.099863237    1.977881306    6.714545928
    0.816814090    1.947787445   20.391257761    5.073299836   -1.821294530
    0.879645943    1.947787445   20.289881951   13.743908491   -4.698185237
    0.942477796    1.947787445   22.881582125   10.277862482   -3.476970127
    1.005309649    1.947787445   26.124420276    1.818159656    0.546668722
    1.068141502    1.947787445   27.302908274    5.553543132   -2.177529059
    1.130973355    1.947787445   28.061801232   15.416364239   -4.122330532
    1.193805208    1.947787445   25.993506471   11.739764360  -13.498608164
    1.256637061    1.947787445   29.330311688   13.365414229  -15.462237110
    1.319468915    1.947787445   29.370668674   15.849130238  -25.215420300
    1.382300768    1.947787445   34.332051003   17.147381078  -28.608036808
    1.445132621    1.947787445   36.756395455   23.351712129  -32.068794826
    1.507964474    1.947787445   39.671967018   22.409367643  -29.021021469
    1.570796327    1.947787445   40.678574078   27.720542840  -27.794849202
    1.633628180    1.947787445   43.805231075   37.670142525  -23.701556160
    1.696460033    1.947787445   45.973593234   38.088860721  -18.993552396
    1.759291886    1.947787445   50.735323161   31.691877625  -19.106520819
    1.822123739    1.947787445   52.606307402   32.358511383  -17.173028053
    1.884955592    1.947787445   54.902306453   23.969919984  -16.833019344
    1.947787445    1.947787445   55.761062113   18.172942829  -16.409025182
    2.010619298    1.947787445   59.340328931    3.785656430  -15.686206649
    2.073451151    1.947787445   59.552614666   -7.233389066  -15.859360309
    2.136283004    1.947787445   59.398292707   -5.610084035  -15.357045544
    2.199114858    1.947787445   58.614658790   -3.927522375  -17.823017002
    2.261946711    1.947787445   59.439904914   -8.055513724  -19.301647167
    2.324778564    1.947787445   59.493830835  -11.017904382  -18.580174364
    2.387610417    1.947787445   57.519329075  -18.335489515  -18.078449816
    2.450442270    1.947787445   55.352252899  -22.844583495  -14.658506730
    2.513274123    1.947787445   52.437357271  -35.627743508  -14.365842042
    2.576105976    1.947787445   48.642141253  -38.003132102  -11.600817569
    2.638937829    1.947787445   46.260399990  -32.887355941  -16.451993697
    2.701769682    1.947787445   45.686635665  -26.085191833  -15.034868984
    2.764601535    1.947787445   43.896928032  -23.724839631  -21.809540250
    2.827433388    1.947787445   42.662468339  -22.793805913  -23.289946594
    2.890265241    1.947787445   40.333031208  -31.430054031  -23.296341901
    2.953097094    1.947787445   37.521075457  -33.918607990  -21.059636426
    3.015928947    1.947787445   33.854586651  -39.678064953  -16.468896909
    3.078760801    1.947787445   32.044311920  -64.844844548  -11.788342469

   -3.141592654    2.010619298   30.716708443  -57.013128168  -14.114499478
   -3.078760801    2.010619298   27.262809674  -50.278254278  -17.210543771
   -3.015928947    2.010619298   26.298851820  -50.829652291  -24.790371984
   -2.953097094    2.010619298   23.412926154  -38.546816523  -24.368641857
   -2.890265241    2.010619298   22.665813879  -27.976982779  -22.142474859
   -2.827433388    2.010619298   18.459829494  -18.910233717  -19.198803900
   -2.764601535    2.010619298   17.579875043  -22.089149730  -13.929184798
   -2.701769682    2.010619298   16.499773782  -14.679498907  -10.894315017
   -2.638937829    2.010619298   13.546275123  -16.996237029   -4.602807217
   -2.576105976    2.010619298   14.332816837  -12.995882530    0.071749753
   -2.513274123    2.010619298   13.383294756  -16.651147295    1.759216771
   -2.450442270    2.010619298   17.450121093  -20.440650516   -7.500304627
   -2.387610417    2.010619298   14.471906361  -29.414218920  -13.732812293
   -2.324778564    2.010619298   15.563431109  -26.448374312  -18.348016275
   -2.261946711    2.010619298   14.005544006  -29.405037907  -13.609915872
   -2.199114858    2.010619298   14.122407558  -19.589788484  -16.479570094
   -2.136283004    2.010619298   14.394777153   -5.339486597  -13.819741170
   -2.073451151    2.010619298   14.593339500   -7.244087131   -9.822085580
   -2.010619298    2.010619298   15.227933991    2.354838199   -8.159862659
   -1.947787445    2.010619298   15.513957589   -8.032205757  -13.244729686
   -1.884955592    2.010619298   14.728691619  -21.556411750  -10.222439124
   -1.822123739    2.010619298   12.353462524  -32.765030020   -6.855267906
   -1.759291886    2.010619298   10.648209911  -36.683666043   -4.089337927
   -1.696460033    2.010619298    9.339801027  -35.727936317   -3.859828819
   -1.633628180    2.010619298    7.277817798  -26.029515050   -4.057788824
   -1.570796327    2.010619298    6.233077714  -14.419088461   -6.959534075
   -1.507964474    2.010619298    5.034016402   -5.016758845  -10.173005102
   -1.445132621    2.010619298    6.809150846   -4.741076653  -16.327933454
   -1.382300768    2.010619298    7.216056351  -10.485224582  -18.837500010
   -1.319468915    2.010619298    5.741246621  -11.553636996  -16.284310006
   -1.256637061    2.010619298    5.811947026   -7.594174975  -18.078466632
   -1.193805208    2.010619298    6.167291841  -12.018995201  -21.470888174
   -1.130973355    2.010619298    6.397987132  -15.450829794  -22.876508407
   -1.068141502    2.010619298    6.366030246   -6.003852351  -21.015353190
   -1.005309649    2.010619298    8.792114198   -0.814933456  -19.045182663
   -0.942477796    2.010619298    8.695902014    9.855183025  -15.719593515
   -0.879645943    2.010619298    9.654134022   13.745173225  -10.498237551
   -0.816814090    2.010619298    9.643412014   11.419355876   -6.979484100
   -0.753982237    2.010619298   10.443878184    3.398222365   -5.092189540
   -0.691150384    2.010619298   12.703727527   -2.119806764   -8.699150616
   -0.628318531    2.010619298   12.884947769    3.242905640  -12.077538984
   -0.565486678    2.010619298   14.896250251    3.423264791  -18.922624587
   -0.502654825    2.010619298   15.907144044    5.318021810  -21.903749785
   -0.439822972    2.010619298   17.390470177    6.374526073  -22.065457130
   -0.376991118    2.010619298   18.420812928    8.666885023  -16.849611894
   -0.314159265    2.010619298   19.016776743   13.969012143  -12.385248185
   -0.251327412    2.010619298   20.371808407   17.852070688   -6.898448310
   -0.188495559    2.010619298   23.063831163   15.662972141   -4.662298011
   -0.125663706    2.010619298   24.109757986   19.054477501   -3.269191989
   -0.062831853    2.010619298   24.780929042   21.015791269   -4.586443520
    0.000000000    2.010619298   25.933980796   17.992804828   -3.720054287
    0.062831853    2.010619298   27.413613896   11.674547139   -1.323868965
    0.125663706    2.010619298   28.075321401    9.972658764    0.129988424
    0.188495559    2.010619298   28.553635195    9.661833094    2.549456162
    0.251327412    2.010619298   28.672153139   10.116731022    6.320937851
    0.314159265    2.010619298   28.270568463    8.544488467    9.488775031
    0.376991118    2.010619298   29.677361579    3.330898248   11.680731769
    0.439822972    2.010619298   28.807757351    2.871537606   14.077126767
    0.502654825    2.010619298   28.327189950   -1.346802259   10.314632124
    0.565486678    2.010619298   28.267476047   -7.963021520    6.902581377
    0.628318531    2.010619298   26.076830154   -8.487806482    1.560241990
    0.691150384    2.010619298   24.222228634  -10.523270808   -1.343804991
    0.753982237    2.010619298   23.482051854   -5.707955104   -2.775450423
    0.816814090    2.010619298   21.969144471   -3.776342363  -11.429601775
    0.879645943    2.010619298   21.397109714    6.438131762  -14.159094328
    0.942477796    2.010619298   23.817284063    3.473892829  -11.093278895
    1.005309649    2.010619298   27.054912463   -3.900511173   -5.902925073
    1.068141502    2.010619298   27.802451904    0.163477037   -7.507677390
    1.130973355    2.010619298   28.183157166    9.993586579   -9.293964190
    1.193805208    2.010619298   25.313436399    2.017382686  -18.099413530
    1.256637061    2.010619298   28.357158662    3.296557593  -19.597446951
    1.319468915    2.010619298   27.739884063    9.318635034  -26.268726623
    1.382300768    2.010619298   32.418763501   13.993842119  -29.448428691
    1.445132621    2.010619298   34.669109806   25.527274307  -30.830771836
    1.507964474    2.010619298   37.791892198   26.041571223  -28.340640535
    1.570796327    2.010619298   38.924371681   31.626675216  -27.850499204
    1.633628180    2.010619298   42.358206802   40.846568623  -24.820984044
    1.696460033    2.010619298   44.888801954   41.018606254  -21.418853861
    1.759291886    2.010619298   49.692646766   35.954399695  -23.418328291
    1.822123739    2.010619298   51.807332562   37.011177665  -21.515068383
    1.884955592    2.010619298   54.253927387   27.611443775  -20.784907726
    1.947787445    2.010619298   55.286795565   20.841517291  -19.160198516
    2.010619298    2.010619298   59.012154496    5.017896199  -18.237370778
    2.073451151    2.010619298   59.320051703   -6.984751482  -17.677903953
    2.136283004    2.010619298   59.274931706   -6.199345072  -16.592003025
    2.199114858    2.010619298   58.370790394   -4.593089424  -19.254249268
    2.261946711    2.010619298   59.087375258   -9.274897848  -22.000429572
    2.324778564    2.010619298   59.170260243  -11.935157166  -22.176924776
    2.387610417    2.010619298   57.240735076  -17.716555080  -21.358089506
    2.450442270    2.010619298   55.315854377  -21.791817941  -17.354694692
    2.513274123    2.010619298   52.484331591  -35.460567345  -15.280734852
    2.576105976    2.010619298   48.921602246  -38.055016236  -11.250609974
    2.638937829    2.010619298   46.280768370  -35.293556675  -15.529504350
    2.701769682    2.010619298   45.827410616  -29.024796916  -14.327925000
    2.764601535    2.010619298   43.643538953  -26.531692319  -21.259330255
    2.827433388    2.010619298   42.314103546  -22.960768067  -24.018643050
    2.890265241    2.010619298   39.997455945  -28.524855012  -24.789504348
    2.953097094    2.010619298   37.335010562  -30.294591379  -23.595299027
    3.015928947    2.010619298   33.962795515  -33.371849890  -20.455499938
    3.078760801    2.010619298   32.430743078  -60.173282678  -17.822779731

   -3.141592654    2.073451151   29.057913673  -55.642681403   -9.271903406
   -3.078760801    2.073451151   25.371092166  -51.522687462  -13.155619418
   -3.015928947    2.073451151   23.909442396  -52.662029786  -20.872803201
   -2.953097094    2.073451151   21.033327410  -40.524242489  -20.691267482
   -2.890265241    2.073451151   20.409594677  -30.266740077  -18.755893002
   -2.827433388    2.073451151   16.375784324  -18.160768562  -16.287703327
   -2.764601535    2.073451151   15.824325157  -19.211539348  -11.443188511
   -2.701769682    2.073451151   14.924636057  -11.991883087   -9.031190233
   -2.638937829    2.073451151   12.392446270  -13.705026598   -2.255011859
   -2.576105976    2.073451151   13.453393718  -12.785847651    1.361460458
   -2.513274123    2.073451151   12.565129777  -19.181520503    1.687892736
   -2.450442270    2.073451151   15.992061837  -23.245491842   -9.147839509
   -2.387610417    2.073451151   12.651835225  -32.169441440  -13.806494903
   -2.324778564    2.073451151   13.499819605  -27.712170243  -16.090083411
   -2.261946711    2.073451151   12.273552998  -28.886269538   -9.436827242
   -2.199114858    2.073451151   12.216476713  -18.558884111  -10.843968062
   -2.136283004    2.073451151   12.568168119   -5.517423129  -10.083211339
   -2.073451151    2.073451151   12.933697767   -8.405743298   -7.893336100
   -2.010619298    2.073451151   13.572163134    1.561393637   -8.445132252
   -1.947787445    2.073451151   13.436370114   -7.227901149  -15.387077707
   -1.884955592    2.073451151   12.790440296  -19.916473612  -12.897502551
   -1.822123739    2.073451151   10.584575466  -31.735248655   -9.159266235
   -1.759291886    2.073451151    8.979490067  -36.317866087   -6.798054921
   -1.696460033    2.073451151    7.588297473  -37.288236866   -7.199388366
   -1.633628180    2.073451151    5.401493436  -30.148424920   -8.301032890
   -1.570796327    2.073451151    4.059505136  -19.634565913  -12.088230682
   -1.507964474    2.073451151    2.568055344   -9.175421337  -15.866170417
   -1.445132621    2.073451151    3.932105549   -7.535274619  -21.534949747
   -1.382300768    2.073451151    4.186316586  -11.006020883  -23.531980949
   -1.319468915    2.073451151    2.993542389  -10.279979589  -18.818445671
   -1.256637061    2.073451151    3.139255434   -6.137564485  -17.851011519
   -1.193805208    2.073451151    3.514222430   -9.190681475  -18.785404455
   -1.130973355    2.073451151    3.901388546  -10.213047877  -19.128960946
   -1.068141502    2.073451151    4.194632317    0.528770100  -18.577132738
   -1.005309649    2.073451151    6.897067945    6.406765829  -20.224315894
   -0.942477796    2.073451151    7.178868173   15.666923094  -20.009409354
   -0.879645943    2.073451151    8.635565306   17.912106179  -17.471552258
   -0.816814090    2.073451151    9.003532533   13.334401202  -16.203801836
   -0.753982237    2.073451151   10.073921596    4.307172028  -15.556456744
   -0.691150384    2.073451151   12.296294745   -1.785453629  -18.353016814
   -0.628318531    2.073451151   12.485966936    4.155119079  -18.834557113
   -0.565486678    2.073451151   14.312288920    6.555033519  -21.090499378
   -0.502654825    2.073451151   15.354981897    9.541436531  -19.982805568
   -0.439822972    2.073451151   17.026912789   12.291824212  -16.392323565
   -0.376991118    2.073451151   18.543368261   14.866660480   -8.619367982
   -0.314159265    2.073451151   19.537588590   19.525581416   -2.777274640
   -0.251327412    2.073451151   21.297037545   22.016210797    2.720709516
   -0.188495559    2.073451151   24.164072331   18.628145940    4.243101761
   -0.125663706    2.073451151   25.310333502   20.687461557    4.808702465
   -0.062831853    2.073451151   25.908047072   22.129645394    3.398969020
    0.000000000    2.073451151   27.129200226   18.829170762    4.437302595
    0.062831853    2.073451151   28.738019440   12.376951684    6.424034528
    0.125663706    2.073451151   29.466884035   11.654284585    7.998288949
    0.188495559    2.073451151   30.068275580   12.133980221   10.433768361
    0.251327412    2.073451151   30.378024686   12.414113096   13.926879955
    0.314159265    2.073451151   30.084783349    9.452661682   15.495947206
    0.376991118    2.073451151   31.521241429    1.666079959   15.845992411
    0.439822972    2.073451151   30.701540356    0.518224621   16.277906810
    0.502654825    2.073451151   29.898093996   -5.114145404   11.154382306
    0.565486678    2.073451151   29.583089814  -11.674845217    7.575894078
    0.628318531    2.073451151   27.057241244  -12.315306316    2.933082848
    0.691150384    2.073451151   25.051814723  -13.756852478    1.475671468
    0.753982237    2.073451151   24.243128690   -8.541895350    0.610405562
    0.816814090    2.073451151   22.174295748   -7.710469979   -8.266553554
    0.879645943    2.073451151   21.423257947    4.798551302  -11.409161095
    0.942477796    2.073451151   24.047220422    2.180249349   -8.117492600
    1.005309649    2.073451151   27.629319682   -3.703323777   -2.465643552
    1.068141502    2.073451151   28.285931161   -0.187619857   -3.774982744
    1.130973355    2.073451151   28.501946633    8.070750516   -6.906048653
    1.193805208    2.073451151   25.116157414   -3.995969719  -13.700585327
    1.256637061    2.073451151   28.048684425   -3.647544901  -14.298408583
    1.319468915    2.073451151   27.086252869    5.300844835  -17.165334600
    1.382300768    2.073451151   31.458618874   11.888131274  -21.422490682
    1.445132621    2.073451151   33.533407597   26.013121295  -22.714783480
    1.507964474    2.073451151   36.583540410   25.511970188  -23.824126942
    1.570796327    2.073451151   37.536633125   29.879206185  -25.411359292
    1.633628180    2.073451151   40.938923214   37.899518302  -24.435298175
    1.696460033    2.073451151   43.477236777   38.549320914  -22.017173363
    1.759291886    2.073451151   47.940555531   34.957448162  -25.473273215
    1.822123739    2.073451151   50.022843579   37.209590917  -23.581420194
    1.884955592    2.073451151   52.421786760   28.315429190  -22.039394641
    1.947787445    2.073451151   53.489908435   21.408226661  -19.514167908
    2.010619298    2.073451151   57.215416836    5.394066026  -18.734667022
    2.073451151    2.073451151   57.544848113   -6.775306909  -17.691501243
    2.136283004    2.073451151   57.591082999   -6.880320726  -15.782352583
    2.199114858    2.073451151   56.543231151   -5.727496191  -17.970589989
    2.261946711    2.073451151   57.089131889  -10.929308988  -21.061358588
    2.324778564    2.073451151   57.187068135  -12.977310271  -21.174245719
    2.387610417    2.073451151   55.351015642  -16.884449982  -19.361770086
    2.450442270    2.073451151   53.695377538  -20.272000670  -14.945295483
    2.513274123    2.073451151   51.022633222  -34.524676025  -11.512055396
    2.576105976    2.073451151   47.713522406  -37.892164479   -6.649840919
    2.638937829    2.073451151   44.780383030  -38.246662166  -10.569044670
    2.701769682    2.073451151   44.361682375  -33.551890973   -9.195559997
    2.764601535    2.073451151   41.728090921  -30.808924254  -14.995355492
    2.827433388    2.073451151   40.202190311  -24.574656406  -17.281807179
    2.890265241    2.073451151   37.830775366  -27.120202521  -17.418762039
    2.953097094    2.073451151   35.240818481  -29.067706694  -15.513634697
    3.015928947    2.073451151   32.027101188  -29.869034870  -12.977575957
    3.078760801    2.073451151   30.576894312  -57.572675577  -12.227657392

   -3.141592654    2.136283004   28.241586584  -56.011059567  -11.591839314
   -3.078760801    2.136283004   24.214612563  -53.973500724  -16.972873625
   -3.015928947    2.136283004   22.190118960  -55.376914600  -25.456543835
   -2.953097094    2.136283004   19.252063285  -43.420545574  -25.986092985
   -2.890265241    2.136283004   18.682778827  -33.927465385  -24.690996555
   -2.827433388    2.136283004   14.728763384  -19.692923991  -23.063783182
   -2.764601535    2.136283004   14.380612248  -18.638749398  -20.051061403
   -2.701769682    2.136283004   13.547122581  -10.978853662  -19.160593649
   -2.638937829    2.136283004   11.359635830  -12.382599696  -14.151543518
   -2.576105976    2.136283004   12.584744246  -13.984405864  -11.888067037
   -2.513274123    2.136283004   11.646336737  -22.306820125  -14.065899578
   -2.450442270    2.136283004   14.384237396  -24.915890488  -25.878089385
   -2.387610417    2.136283004   10.896638496  -30.727524091  -27.581000948
   -2.324778564    2.136283004   11.827011007  -23.516106601  -25.822187885
   -2.261946711    2.136283004   11.285667689  -22.662741881  -15.657604019
   -2.199114858    2.136283004   11.380539777  -13.571361873  -15.367929575
   -2.136283004    2.136283004   11.963947193   -3.083615137  -15.889661284
   -2.073451151    2.136283004   12.655579315   -7.024182769  -15.233485775
   -2.010619298    2.136283004   13.426606823    3.250685058  -18.200407142
   -1.947787445    2.136283004   13.056704745   -2.517215151  -26.218567037
   -1.884955592    2.136283004   12.726829245  -14.881270108  -25.311769091
   -1.822123739    2.136283004   10.933797900  -27.266711454  -21.718480676
   -1.759291886    2.136283004    9.573663153  -33.835940646  -20.212310216
   -1.696460033    2.136283004    8.288775385  -36.667022642  -19.493862264
   -1.633628180    2.136283004    6.100861817  -32.703790633  -19.798315984
   -1.570796327    2.136283004    4.593513951  -23.136870823  -21.256073044
   -1.507964474    2.136283004    2.926648044  -11.359007802  -22.567514720
   -1.445132621    2.136283004    4.009874971   -8.164899302  -25.045238142
   -1.382300768    2.136283004    4.210758472   -9.390006236  -24.475595711
   -1.319468915    2.136283004    3.375492991   -7.210471440  -17.495953003
   -1.256637061    2.136283004    3.645251656   -4.724620521  -14.911511201
   -1.193805208    2.136283004    3.992385584   -8.946377745  -15.216982561
   -1.130973355    2.136283004    4.328840512   -9.897889625  -16.432806784
   -1.068141502    2.136283004    4.578687224    0.494528618  -18.356889287
   -1.005309649    2.136283004    7.062441569    6.234254427  -23.736366271
   -0.942477796    2.136283004    7.282214460   14.509629796  -26.187273825
   -0.879645943    2.136283004    8.858168997   16.176443736  -25.463861858
   -0.816814090    2.136283004    9.316393603   11.536355569  -25.180476552
   -0.753982237    2.136283004   10.457533043    3.885095715  -24.788842303
   -0.691150384    2.136283004   12.618566544   -0.301251386  -25.945412222
   -0.628318531    2.136283004   12.904020646    7.201065420  -24.507515946
   -0.565486678    2.136283004   14.752657295   12.272535389  -23.719833055
   -0.502654825    2.136283004   15.987064714   16.020713215  -20.470736505
   -0.439822972    2.136283004   17.972902043   19.435481876  -15.879300956
   -0.376991118    2.136283004   20.016623889   21.031729571   -8.080830234
   -0.314159265    2.136283004   21.391486864   23.974945806   -2.646256591
   -0.251327412    2.136283004   23.473938070   24.727800402    1.909041901
   -0.188495559    2.136283004   26.418228888   20.127987144    2.596290854
   -0.125663706    2.136283004   27.577062633   21.270718765    2.679194585
   -0.062831853    2.136283004   28.093995398   23.007385544    1.954363066
    0.000000000    2.136283004   29.376193229   19.519008703    3.209385063
    0.062831853    2.136283004   31.072378104   13.266544676    5.073534579
    0.125663706    2.136283004   31.862277078   13.029902303    6.812128671
    0.188495559    2.136283004   32.556599874   13.817325332    9.185312349
    0.251327412    2.136283004   32.969365767   12.740350666   11.956235723
    0.314159265    2.136283004   32.642760300    7.830386254   12.753271135
    0.376991118    2.136283004   33.909665914   -2.969504769   11.711096609
    0.439822972    2.136283004   32.936136184   -4.750139062   11.603749659
    0.502654825    2.136283004   31.657862024  -10.814678201    7.327006290
    0.565486678    2.136283004   30.965127207  -17.282723276    4.792911886
    0.628318531    2.136283004   28.018089730  -18.086868620    1.720767947
    0.691150384    2.136283004   25.802612235  -18.645961720    2.041553365
    0.753982237    2.136283004   24.814924632  -13.495123750    1.784372314
    0.816814090    2.136283004   22.020462387  -13.758306007   -7.905095417
    0.879645943    2.136283004   20.932085931    0.850265367  -11.876863235
    0.942477796    2.136283004   23.661555052   -0.037286645   -8.746772264
    1.005309649    2.136283004   27.560274350   -3.246203427   -2.784456413
    1.068141502    2.136283004   28.107169061   -0.376749788   -4.024831200
    1.130973355    2.136283004   28.078982585    6.146421095   -8.697033108
    1.193805208    2.136283004   24.397253670   -7.405893267  -11.954171014
    1.256637061    2.136283004   27.407331903   -6.561474449  -10.362859176
    1.319468915    2.136283004   26.485865241    4.918670851   -8.062652980
    1.382300768    2.136283004   30.621477159   12.828073442  -13.183227417
    1.445132621    2.136283004   32.679838094   27.765981823  -14.318660838
    1.507964474    2.136283004   35.604651027   25.934146025  -18.576340584
    1.570796327    2.136283004   36.455791311   29.228457926  -20.805872849
    1.633628180    2.136283004   39.918964595   36.603291463  -20.130495202
    1.696460033    2.136283004   42.606155429   38.071489827  -17.750088318
    1.759291886    2.136283004   46.859774404   36.161749352  -20.933028585
    1.822123739    2.136283004   49.053887969   39.219662461  -18.818197031
    1.884955592    2.136283004   51.558550881   30.659850399  -16.707976072
    1.947787445    2.136283004   52.771868741   23.131478587  -14.200164641
    2.010619298    2.136283004   56.511579241    6.970110820  -14.049872525
    2.073451151    2.136283004   56.900086512   -5.515133775  -12.793939525
    2.136283004    2.136283004   57.099571218   -6.788448056   -9.333181440
    2.199114858    2.136283004   55.933117285   -6.653266959  -10.456579187
    2.261946711    2.136283004   56.278313469  -12.781452110  -12.851626651
    2.324778564    2.136283004   56.378690634  -14.149530534  -12.375921918
    2.387610417    2.136283004   54.672743435  -16.116183477   -9.772837651
    2.450442270    2.136283004   53.276373245  -18.484367323   -5.938386222
    2.513274123    2.136283004   50.828627747  -32.908287892   -2.012446691
    2.576105976    2.136283004   47.787378776  -36.996622977    1.879815270
    2.638937829    2.136283004   44.577640945  -40.845386248   -2.346185727
    2.701769682    2.136283004   44.187073984  -37.389764040   -2.233133939
    2.764601535    2.136283004   41.155659478  -34.775331856   -8.029389213
    2.827433388    2.136283004   39.408189517  -26.653044845  -11.285049892
    2.890265241    2.136283004   36.954981391  -26.722984257  -12.326732584
    2.953097094    2.136283004   34.396434590  -29.344601467  -11.675507108
    3.015928947    2.136283004   31.231926197  -28.694245385  -10.839794139
    3.078760801    2.136283004   29.686097542  -56.956343836  -12.691689319

   -3.141592654    2.199114858   28.066233758  -54.321843847  -19.027675643
   -3.078760801    2.199114858   23.883056970  -52.541510031  -24.424704787
   -3.015928947    2.199114858   21.596560527  -53.003217567  -31.861613985
   -2.953097094    2.199114858   18.933196343  -41.003427120  -31.003401532
   -2.890265241    2.199114858   18.709943887  -33.328404923  -29.111742308
   -2.827433388    2.199114858   15.083192391  -18.964295487  -26.421819839
   -2.764601535    2.199114858   15.012490264  -18.043435212  -23.939963606
   -2.701769682    2.199114858   14.205329216  -11.996826178  -24.142033871
   -2.638937829    2.199114858   12.189883211  -14.431076504  -20.795043699
   -2.576105976    2.199114858   13.322969626  -19.728609613  -20.609898802
   -2.513274123    2.199114858   11.989178604  -29.474694612  -23.916781296
   -2.450442270    2.199114858   13.786168467  -28.597634089  -33.998197847
   -2.387610417    2.199114858   10.126357746  -29.441220357  -30.559752207
   -2.324778564    2.199114858   11.133468751  -20.382819651  -24.331385651
   -2.261946711    2.199114858   11.140099118  -19.539156434  -12.363163287
   -2.199114858    2.199114858   11.195488615  -13.388962453  -10.032555922
   -2.136283004    2.199114858   11.637855897   -6.293115921  -10.465503476
   -2.073451151    2.199114858   12.273058576  -12.239401637  -10.204119889
   -2.010619298    2.199114858   12.752048866   -0.848835864  -14.370073720
   -1.947787445    2.199114858   11.839694044   -2.948878340  -22.842916851
   -1.884955592    2.199114858   11.500582305  -13.294301635  -24.751479825
   -1.822123739    2.199114858    9.993879086  -24.317306656  -22.040467636
   -1.759291886    2.199114858    8.844535457  -30.367049914  -21.229749015
   -1.696460033    2.199114858    7.845539693  -33.344002974  -19.460541902
   -1.633628180    2.199114858    5.936312638  -29.355284284  -18.586897424
   -1.570796327    2.199114858    4.697051358  -19.583420133  -18.313120429
   -1.507964474    2.199114858    3.324741559   -6.122228735  -18.395973762
   -1.445132621    2.199114858    4.593366936   -2.093489554  -20.665325750
   -1.382300768    2.199114858    5.117804370   -2.221867902  -20.407032225
   -1.319468915    2.199114858    4.858398302   -1.135226355  -15.307593862
   -1.256637061    2.199114858    5.329179162   -2.960169482  -13.842709886
   -1.193805208    2.199114858    5.588620243  -11.054359969  -14.408624047
   -1.130973355    2.199114858    5.692941889  -14.129262551  -15.417334672
   -1.068141502    2.199114858    5.575022208   -5.641394599  -17.716216303
   -1.005309649    2.199114858    7.461730753    0.228426998  -23.021257781
   -0.942477796    2.199114858    7.270971591    7.593564980  -25.228381584
   -0.879645943    2.199114858    8.624266696    8.799232969  -24.376002367
   -0.816814090    2.199114858    8.860443380    5.115313953  -23.450459874
   -0.753982237    2.199114858    9.765518343   -0.279929673  -22.851531592
   -0.691150384    2.199114858   11.630192396   -2.066672070  -22.815989776
   -0.628318531    2.199114858   11.785915325    7.115821293  -20.559228788
   -0.565486678    2.199114858   13.513446754   14.586820410  -17.922637222
   -0.502654825    2.199114858   14.748424104   19.340424214  -14.335421094
   -0.439822972    2.199114858   16.840166644   23.144988878  -10.161283188
   -0.376991118    2.199114858   19.184244019   23.826088768   -3.943325697
   -0.314159265    2.199114858   20.775505292   25.874100021    0.446036380
   -0.251327412    2.199114858   23.043036764   25.735479068    3.662402516
   -0.188495559    2.199114858   25.987992501   21.115826865    3.876140757
   -0.125663706    2.199114858   27.152487163   22.427170830    4.039753431
   -0.062831853    2.199114858   27.676380119   24.692956386    4.746682596
    0.000000000    2.199114858   29.078339253   21.005082312    7.001863689
    0.062831853    2.199114858   30.901791210   15.290144589    8.925149402
    0.125663706    2.199114858   31.817274279   15.462893163   11.455720708
    0.188495559    2.199114858   32.658735641   16.109626474   14.137613452
    0.251327412    2.199114858   33.219474733   13.883578281   16.651242155
    0.314159265    2.199114858   32.925502929    7.235261577   17.457562221
    0.376991118    2.199114858   34.092846790   -5.168123863   15.782330378
    0.439822972    2.199114858   33.109136471   -6.931413913   15.913136667
    0.502654825    2.199114858   31.604118585  -12.883077735   13.203125153
    0.565486678    2.199114858   30.773541576  -19.095466564   12.035191808
    0.628318531    2.199114858   27.662711209  -20.621293569   10.400259497
    0.691150384    2.199114858   25.451506509  -21.263962136   11.332123997
    0.753982237    2.199114858   24.381704391  -17.421604637   10.725346848
    0.816814090    2.199114858   20.852413469  -20.342178620   -0.407501003
    0.879645943    2.199114858   19.353277521   -4.125066273   -5.768558518
    0.942477796    2.199114858   22.127120508   -3.706886124   -3.441549506
    1.005309649    2.199114858   26.189772369   -5.358539522    0.472247575
    1.068141502    2.199114858   26.411372762   -4.228811167   -3.232515563
    1.130973355    2.199114858   25.790898436    0.024517596  -11.610081320
    1.193805208    2.199114858   21.789447212  -12.718495839  -12.520117802
    1.256637061    2.199114858   24.733846170  -10.501480466  -10.291863285
    1.319468915    2.199114858   23.920105133    2.718679878   -3.964932824
    1.382300768    2.199114858   27.529517540   10.987315615  -10.756489946
    1.445132621    2.199114858   29.375618740   25.704558579  -12.117452364
    1.507964474    2.199114858   31.847486221   23.713959423  -18.895905405
    1.570796327    2.199114858   32.475228900   26.862660918  -21.336765939
    1.633628180    2.199114858   35.948187521   34.712280378  -20.933180563
    1.696460033    2.199114858   38.784772528   38.148572965  -18.884632559
    1.759291886    2.199114858   42.868543997   38.064750383  -22.853845819
    1.822123739    2.199114858   45.272848251   42.535077451  -21.563044716
    1.884955592    2.199114858   48.039414285   35.272783159  -20.033331380
    1.947787445    2.199114858   49.566355097   28.052514595  -18.930919925
    2.010619298    2.199114858   53.507605235   13.013954532  -20.446206812
    2.073451151    2.199114858   54.242799776    1.808584294  -19.747465456
    2.136283004    2.199114858   55.002279359    0.147009216  -15.563632592
    2.199114858    2.199114858   54.152404697   -0.964719641  -14.916898517
    2.261946711    2.199114858   54.713849639   -8.270906438  -16.141805646
    2.324778564    2.199114858   55.175902043  -10.350240709  -15.030506682
    2.387610417    2.199114858   53.922624449  -11.502360833  -11.792532573
    2.450442270    2.199114858   52.965689179  -13.673144214   -8.917535279
    2.513274123    2.199114858   50.937616317  -29.277168504   -4.699451517
    2.576105976    2.199114858   48.255139081  -34.370695559   -0.911235207
    2.638937829    2.199114858   44.884064787  -42.105911902   -4.074943041
    2.701769682    2.199114858   44.531369097  -40.206236718   -3.835375991
    2.764601535    2.199114858   41.187363972  -38.111109249   -8.530732471
    2.827433388    2.199114858   39.224813227  -28.696847572  -12.344729779
    2.890265241    2.199114858   36.697517823  -26.868984147  -13.927883749
    2.953097094    2.199114858   34.133895057  -30.263709710  -14.941470932
    3.015928947    2.199114858   30.987562217  -27.858134069  -16.133329968
    3.078760801    2.199114858   29.352520143  -55.356358896  -19.335045431

   -3.141592654    2.261946711   27.041176191  -53.505320351  -14.193957214
   -3.078760801    2.261946711   22.651978179  -52.547304245  -18.046640003
   -3.015928947    2.261946711   20.080563431  -51.545481196  -23.247492024
   -2.953097094    2.261946711   17.620038446  -39.643910526  -21.615775676
   -2.890265241    2.261946711   17.651672747  -33.740824179  -19.153623576
   -2.827433388    2.261946711   14.305377175  -19.227732118  -16.637761167
   -2.764601535    2.261946711   14.424244403  -18.639253156  -16.469412847
   -2.701769682    2.261946711   13.578638504  -13.939280448  -19.484594046
   -2.638937829    2.261946711   11.680368054  -16.985654106  -20.257878078
   -2.576105976    2.261946711   12.723232287  -24.205075158  -23.052693142
   -2.513274123    2.261946711   11.107470097  -32.465868738  -26.643344662
   -2.450442270    2.261946711   12.305980968  -25.751059248  -32.774955344
   -2.387610417    2.261946711    8.871362172  -23.449782993  -25.950442126
   -2.324778564    2.261946711   10.139600334  -15.525615862  -19.886007600
   -2.261946711    2.261946711   10.688920896  -16.853168217   -9.405376074
   -2.199114858    2.261946711   10.718132988  -14.495660221   -6.469275273
   -2.136283004    2.261946711   10.916252049  -11.175163130   -7.060378705
   -2.073451151    2.261946711   11.357924751  -19.681422054   -6.560224989
   -2.010619298    2.261946711   11.338401553   -8.881025695  -10.925192777
   -1.947787445    2.261946711    9.663828239   -8.476968629  -18.884134612
   -1.884955592    2.261946711    8.906604925  -17.618959713  -22.413490350
   -1.822123739    2.261946711    7.328730643  -26.950428513  -19.536231183
   -1.759291886    2.261946711    5.987390386  -33.014242631  -18.565143994
   -1.696460033    2.261946711    4.941540909  -35.925713134  -13.827425514
   -1.633628180    2.261946711    2.916971393  -32.574585991  -10.577492904
   -1.570796327    2.261946711    1.557634335  -23.094129012   -7.409322989
   -1.507964474    2.261946711    0.000000000   -9.003015233   -6.164704383
   -1.445132621    2.261946711    0.949813347   -4.277428907   -7.963432583
   -1.382300768    2.261946711    1.266591246   -3.169835868   -9.241229306
   -1.319468915    2.261946711    1.046885257   -1.440885527   -8.385016797
   -1.256637061    2.261946711    1.428426464   -4.211497893   -9.483526398
   -1.193805208    2.261946711    1.535532111  -12.573931207  -11.909819404
   -1.130973355    2.261946711    1.546237720  -14.897520480  -13.141387611
   -1.068141502    2.261946711    1.330000988   -6.162327833  -15.259570106
   -1.005309649    2.261946711    2.996680347    0.671662262  -20.049921532
   -0.942477796    2.261946711    2.826961032    7.844764536  -21.981130014
   -0.879645943    2.261946711    4.440427242    9.302408693  -20.580152802
   -0.816814090    2.261946711    4.962817322    7.177903608  -19.495872758
   -0.753982237    2.261946711    6.127419855    4.274071968  -19.283721871
   -0.691150384    2.261946711    8.224585401    4.503135574  -19.167492873
   -0.628318531    2.261946711    8.745068362   14.978305046  -16.724191884
   -0.565486678    2.261946711   10.868805136   23.128711323  -13.258682254
   -0.502654825    2.261946711   12.464761991   27.274986431  -10.800321845
   -0.439822972    2.261946711   14.905994155   29.914132047   -8.683091699
   -0.376991118    2.261946711   17.710861765   28.761116198   -4.989686067
   -0.314159265    2.261946711   19.677306177   30.022576712   -2.053133022
   -0.251327412    2.261946711   22.260645798   29.259237539   -0.547597658
   -0.188495559    2.261946711   25.392852400   25.623069205   -0.774832510
   -0.125663706    2.261946711   26.789733860   27.708822526   -0.564157506
   -0.062831853    2.261946711   27.648965928   30.888741597    1.379255094
    0.000000000    2.261946711   29.479697985   27.394262605    4.489178061
    0.062831853    2.261946711   31.699629314   22.229293514    6.995004454
    0.125663706    2.261946711   33.032739708   22.010577700   10.234666835
    0.188495559    2.261946711   34.252733026   21.355633678   13.248386633
    0.251327412    2.261946711   35.110104891   16.835534310   15.789940007
    0.314159265    2.261946711   34.944452148    7.609709229   16.312934460
    0.376991118    2.261946711   36.029031166   -6.118173694   14.186403808
    0.439822972    2.261946711   35.097209220   -7.510522557   15.276153873
    0.502654825    2.261946711   33.480657816  -13.185847781   14.613772463
    0.565486678    2.261946711   32.603601192  -19.774859465   14.360297728
    0.628318531    2.261946711   29.415073437  -22.349380480   14.106813561
    0.691150384    2.261946711   27.283341455  -23.284341967   15.999996787
    0.753982237    2.261946711   26.143866623  -21.174568692   14.935501361
    0.816814090    2.261946711   21.936948771  -25.754591903    4.782999786
    0.879645943    2.261946711   20.110501922   -7.491111706   -0.412685370
    0.942477796    2.261946711   23.033830118   -5.535689258    1.112108259
    1.005309649    2.261946711   27.313725955   -5.826569077    2.278077406
    1.068141502    2.261946711   27.282283771   -6.557620827   -3.780383573
    1.130973355    2.261946711   26.095136316   -3.596805172  -15.697733929
    1.193805208    2.261946711   22.195192088  -12.675848921  -14.356036966
    1.256637061    2.261946711   25.392862249   -8.030836924  -10.864709782
    1.319468915    2.261946711   25.184505042    4.959344881   -0.250814799
    1.382300768    2.261946711   28.400122510   12.297000080   -7.510417783
    1.445132621    2.261946711   30.226369669   25.811743063   -7.910729463
    1.507964474    2.261946711   32.276047271   23.559816884  -14.859719592
    1.570796327    2.261946711   32.774588233   25.202509403  -16.317997127
    1.633628180    2.261946711   36.267155609   32.223708395  -15.434073883
    1.696460033    2.261946711   39.170956498   36.088227697  -14.102993590
    1.759291886    2.261946711   42.951009242   36.597396963  -17.998686251
    1.822123739    2.261946711   45.349791484   41.518488917  -17.058179522
    1.884955592    2.261946711   48.137723588   35.056407803  -15.527560795
    1.947787445    2.261946711   49.652877816   27.639045098  -14.589125885
    2.010619298    2.261946711   53.412656914   13.988883231  -16.526740632
    2.073451151    2.261946711   54.146650379    4.486435222  -15.402619865
    2.136283004    2.261946711   55.178830931    2.488777131   -9.648853064
    2.199114858    2.261946711   54.392017996    0.814653377   -7.522727784
    2.261946711    2.261946711   54.902646379   -8.085436161   -7.857174250
    2.324778564    2.261946711   55.425967986  -11.320161614   -7.136109273
    2.387610417    2.261946711   54.332205725  -12.160024638   -4.969363840
    2.450442270    2.261946711   53.449688158  -14.082616567   -4.781526504
    2.513274123    2.261946711   51.583723297  -29.655507312   -1.982270805
    2.576105976    2.261946711   48.994935180  -35.044538508    0.275660743
    2.638937829    2.261946711   45.346890930  -45.305306659   -1.267334246
    2.701769682    2.261946711   44.857028781  -44.826598110   -0.707852566
    2.764601535    2.261946711   41.110382563  -43.630594961   -3.761407245
    2.827433388    2.261946711   38.774210266  -33.304557950   -7.133338117
    2.890265241    2.261946711   36.027786256  -29.510744772   -8.740334076
    2.953097094    2.261946711   33.286401521  -33.277404651  -10.907463511
    3.015928947    2.261946711   30.027542714  -28.766967582  -12.585430971
    3.078760801    2.261946711   28.233695044  -54.822360882  -14.987816777

   -3.141592654    2.324778564   27.431899619  -52.480360608   -6.462870539
   -3.078760801    2.324778564   22.879190605  -52.215780399   -7.749418505
   -3.015928947    2.324778564   20.083043373  -50.236221397   -9.602948148
   -2.953097094    2.324778564   17.781314925  -39.251647926   -5.829398314
   -2.890265241    2.324778564   17.984296423  -35.841318056   -2.199733477
   -2.827433388    2.324778564   14.776772485  -22.911752666    0.939367560
   -2.764601535    2.324778564   14.810180218  -23.747730869   -0.482376515
   -2.701769682    2.324778564   13.617200945  -21.235363522   -6.355048479
   -2.638937829    2.324778564   11.498107253  -23.538105746   -9.549726839
   -2.576105976    2.324778564   12.270387456  -28.882565716  -11.546767203
   -2.513274123    2.324778564   10.447596102  -31.785927988  -10.876198572
   -2.450442270    2.324778564   11.284860914  -20.056344875  -13.135353172
   -2.387610417    2.324778564    8.175843776  -17.411531462   -7.022288047
   -2.324778564    2.324778564    9.648592511  -11.699646835   -4.115639670
   -2.261946711    2.324778564   10.671237888  -13.799064488    3.022508543
   -2.199114858    2.324778564   10.815330331  -13.770034058    5.658940970
   -2.136283004    2.324778564   10.929906150  -12.585199589    4.703961181
   -2.073451151    2.324778564   11.395128036  -22.920958989    5.428742686
   -2.010619298    2.324778564   11.120681162  -12.589798597    1.920913938
   -1.947787445    2.324778564    9.020330233  -10.128286795   -3.672523114
   -1.884955592    2.324778564    8.061037973  -17.563862921   -7.426321863
   -1.822123739    2.324778564    6.697933623  -24.537043302   -4.525735330
   -1.759291886    2.324778564    5.474344078  -30.135985232   -3.183792926
   -1.696460033    2.324778564    4.798187332  -32.873239826    2.926466210
   -1.633628180    2.324778564    3.026648713  -29.821331247    6.812918406
   -1.570796327    2.324778564    1.912972775  -21.892171693   11.150707800
   -1.507964474    2.324778564    0.436808982   -8.395779631   11.865971360
   -1.445132621    2.324778564    1.232404576   -5.165279783    7.929684704
   -1.382300768    2.324778564    1.396903728   -4.040633479    3.768915633
   -1.319468915    2.324778564    1.120907964   -1.940941370    0.193963517
   -1.256637061    2.324778564    1.352161562   -6.035121401   -4.438350754
   -1.193805208    2.324778564    1.290069297  -14.008340454   -8.513319823
   -1.130973355    2.324778564    1.232035943  -16.018727770  -10.150591814
   -1.068141502    2.324778564    0.899407781   -7.398174938  -12.421968622
   -1.005309649    2.324778564    2.267813709   -0.924806296  -17.212617499
   -0.942477796    2.324778564    1.978892650    5.433295493  -19.395632430
   -0.879645943    2.324778564    3.663314070    6.402294852  -18.721800668
   -0.816814090    2.324778564    4.247040182    5.683300491  -18.148337421
   -0.753982237    2.324778564    5.429056061    5.553742206  -18.436719025
   -0.691150384    2.324778564    7.563554715    8.290917466  -17.992814081
   -0.628318531    2.324778564    8.235505653   19.541960124  -16.072171403
   -0.565486678    2.324778564   10.601030026   27.592683333  -11.960119389
   -0.502654825    2.324778564   12.297028734   30.308459305  -10.352268272
   -0.439822972    2.324778564   14.763654995   31.216797204   -9.501368704
   -0.376991118    2.324778564   17.641944052   28.061255005   -7.344279798
   -0.314159265    2.324778564   19.639480995   27.945987731   -4.307031396
   -0.251327412    2.324778564   22.147265065   27.055036785   -2.189972742
   -0.188495559    2.324778564   25.089262708   24.112533796   -0.919740100
   -0.125663706    2.324778564   26.316635793   26.469060797    0.932447363
   -0.062831853    2.324778564   27.145923032   30.538869975    5.761101493
    0.000000000    2.324778564   28.997730432   27.474391729   10.849068417
    0.062831853    2.324778564   31.190085737   22.948561844   14.224266454
    0.125663706    2.324778564   32.555153779   22.623755165   17.819506604
    0.188495559    2.324778564   33.804602282   21.655227733   20.765235420
    0.251327412    2.324778564   34.679070404   15.949678263   22.705146034
    0.314159265    2.324778564   34.459595161    5.857903733   22.981634892
    0.376991118    2.324778564   35.330263358   -7.171452187   19.608866332
    0.439822972    2.324778564   34.432976669   -7.605585877   19.680797112
    0.502654825    2.324778564   32.800109725  -12.589310682   18.517139592
    0.565486678    2.324778564   31.929430736  -19.078534289   17.158063359
    0.628318531    2.324778564   28.792665526  -22.731564148   16.118349698
    0.691150384    2.324778564   26.841799850  -23.922805574   16.749878018
    0.753982237    2.324778564   25.754602613  -22.586586825   15.746142442
    0.816814090    2.324778564   21.116560280  -28.173087211    8.310049409
    0.879645943    2.324778564   19.139233588   -8.717621433    4.827378730
    0.942477796    2.324778564   22.286912413   -6.768450219    6.353554882
    1.005309649    2.324778564   26.695677680   -6.404089419    5.045649148
    1.068141502    2.324778564   26.353099120   -9.493950159   -2.443530182
    1.130973355    2.324778564   24.465525681   -7.733991262  -16.243318610
    1.193805208    2.324778564   20.830161830  -10.749673502  -12.562007695
    1.256637061    2.324778564   24.366566327   -3.386955761   -8.152426365
    1.319468915    2.324778564   25.024991328    8.561811534    6.092342555
    1.382300768    2.324778564   27.863213706   15.012301711   -0.452666327
    1.445132621    2.324778564   29.759622123   26.978139149    0.387190480
    1.507964474    2.324778564   31.402234204   24.506535851   -6.745185435
    1.570796327    2.324778564   31.869659633   24.687444442   -7.700656636
    1.633628180    2.324778564   35.433718916   30.260590864   -7.590205799
    1.696460033    2.324778564   38.408058775   34.349452457   -7.669961517
    1.759291886    2.324778564   41.952948423   35.813940035  -12.302079166
    1.822123739    2.324778564   44.418467774   41.453831063  -12.166505530
    1.884955592    2.324778564   47.361218990   36.696106339  -10.698679700
    1.947787445    2.324778564   48.976522100   29.688209656  -10.400249390
    2.010619298    2.324778564   52.700819192   18.173612749  -12.427226075
    2.073451151    2.324778564   53.622375401   10.601354758  -10.922606637
    2.136283004    2.324778564   55.167847543    8.609923697   -4.111312876
    2.199114858    2.324778564   54.683252885    5.244933893   -1.015518729
    2.261946711    2.324778564   55.301976505   -5.784622659   -0.933882103
    2.324778564    2.324778564   55.971275362  -11.445795059   -0.775919234
    2.387610417    2.324778564   55.065779402  -13.151138446    0.101878640
    2.450442270    2.324778564   54.182334706  -14.993909571   -2.444647851
    2.513274123    2.324778564   52.502962071  -29.541941351   -0.904945241
    2.576105976    2.324778564   50.044505316  -33.786152472    0.026636309
    2.638937829    2.324778564   46.375401529  -45.020039977    0.621936461
    2.701769682    2.324778564   45.929903475  -45.194814101    1.549731738
    2.764601535    2.324778564   42.052673989  -45.289337246    0.459531614
    2.827433388    2.324778564   39.522601449  -35.435046610   -1.964611189
    2.890265241    2.324778564   36.685563168  -30.919170366   -2.909686298
    2.953097094    2.324778564   33.771173289  -34.998506695   -6.148912342
    3.015928947    2.324778564   30.436229572  -29.043018132   -7.342012133
    3.078760801    2.324778564   28.533146491  -54.006537666   -8.353665480

   -3.141592654    2.387610417   25.671955421  -51.648685267   -4.873390702
   -3.078760801    2.387610417   21.027027622  -50.797380372   -3.555270339
   -3.015928947    2.387610417   18.164985161  -46.986599631   -2.332224676
   -2.953097094    2.387610417   16.149162902  -36.386793567    2.908762540
   -2.890265241    2.387610417   16.627377331  -36.096413036    7.236565552
   -2.827433388    2.387610417   13.668979475  -25.796526998   10.408218097
   -2.764601535    2.387610417   13.569860928  -29.683756089    6.410514670
   -2.701769682    2.387610417   11.982252950  -28.633455753   -0.630583823
   -2.638937829    2.387610417    9.725567771  -26.339313626   -1.741274084
   -2.576105976    2.387610417   10.550042897  -25.610847416    1.911222566
   -2.513274123    2.387610417    8.959666101  -24.543380914    6.918513853
   -2.450442270    2.387610417    9.717474186  -12.784194694    4.229391150
   -2.387610417    2.387610417    6.957753188  -11.933298716    6.214245261
   -2.324778564    2.387610417    8.588311203   -7.592800602    4.586923605
   -2.261946711    2.387610417   10.111653204   -9.015894126    8.025808126
   -2.199114858    2.387610417   10.573995695  -10.225204125    9.009713073
   -2.136283004    2.387610417   10.814006614  -10.313818431    6.722448681
   -2.073451151    2.387610417   11.569447418  -21.081559350    7.365901553
   -2.010619298    2.387610417   11.355686344  -11.333520366    5.289295070
   -1.947787445    2.387610417    9.232594063   -7.200719474    2.556952985
   -1.884955592    2.387610417    8.275877627  -14.288246537   -0.899547850
   -1.822123739    2.387610417    7.282574705  -19.415397304    1.165533485
   -1.759291886    2.387610417    6.309551486  -24.668675540    1.215080801
   -1.696460033    2.387610417    6.182708441  -27.337023883    6.469512628
   -1.633628180    2.387610417    4.813170846  -24.594764052    9.163158472
   -1.570796327    2.387610417    4.101548186  -19.003786462   11.831190157
   -1.507964474    2.387610417    2.771140644   -7.622277645   10.367890799
   -1.445132621    2.387610417    3.406128326   -6.879641707    4.386478362
   -1.382300768    2.387610417    3.368709085   -6.452112288   -1.914629530
   -1.319468915    2.387610417    2.842626615   -4.720029195   -9.027048176
   -1.256637061    2.387610417    2.798088123   -9.159396653  -14.588632711
   -1.193805208    2.387610417    2.503622898  -16.239538920  -18.146274726
   -1.130973355    2.387610417    2.333924850  -17.548332385  -18.279443513
   -1.068141502    2.387610417    1.821202633  -10.024758817  -18.398166358
   -1.005309649    2.387610417    2.804109365   -4.544130747  -21.024218246
   -0.942477796    2.387610417    2.253172385    0.294324345  -21.002884566
   -0.879645943    2.387610417    3.823662187    0.524284408  -18.078689044
   -0.816814090    2.387610417    4.258765213    0.934638118  -15.593734840
   -0.753982237    2.387610417    5.213376125    3.453330627  -14.249217229
   -0.691150384    2.387610417    7.164440130    8.193486559  -12.280978796
   -0.628318531    2.387610417    7.719559244   19.937246101   -9.893271268
   -0.565486678    2.387610417   10.094016987   26.912928259   -5.875761866
   -0.502654825    2.387610417   11.616170446   28.883892999   -5.160479415
   -0.439822972    2.387610417   13.851691131   28.737357507   -5.381426672
   -0.376991118    2.387610417   16.593626451   25.149516300   -4.109873569
   -0.314159265    2.387610417   18.560547195   25.270681959   -0.227868607
   -0.251327412    2.387610417   20.965221497   25.265699051    2.522907399
   -0.188495559    2.387610417   23.798563789   24.307922848    5.436225979
   -0.125663706    2.387610417   24.956726585   27.325015572    8.688235026
   -0.062831853    2.387610417   25.944633968   32.304462368   15.358261540
    0.000000000    2.387610417   27.952354950   29.228038802   20.636866479
    0.062831853    2.387610417   30.197525529   24.801941175   22.941398877
    0.125663706    2.387610417   31.665444768   24.101841970   25.100241256
    0.188495559    2.387610417   33.015319503   22.927838841   26.039610259
    0.251327412    2.387610417   33.975464550   15.999475472   25.714547303
    0.314159265    2.387610417   33.788995983    5.236051861   23.813794237
    0.376991118    2.387610417   34.480280329   -7.032222863   17.619610067
    0.439822972    2.387610417   33.645213339   -7.271449536   14.947460855
    0.502654825    2.387610417   32.024560153  -12.127999240   11.514002047
    0.565486678    2.387610417   31.116451713  -19.481776937    6.711719688
    0.628318531    2.387610417   27.986466297  -24.193029782    3.605762622
    0.691150384    2.387610417   26.172527732  -24.480336241    3.541112663
    0.753982237    2.387610417   25.162104500  -22.943447020    3.445969974
    0.816814090    2.387610417   20.328431166  -28.223709735    1.090743600
    0.879645943    2.387610417   18.347705383   -8.542792346    0.341894646
    0.942477796    2.387610417   21.751620542   -7.212853558    2.183361847
    1.005309649    2.387610417   26.178350383   -6.603961648   -1.643788332
    1.068141502    2.387610417   25.567475786  -10.833798604   -9.580710567
    1.130973355    2.387610417   23.042777390   -9.529443832  -23.704071123
    1.193805208    2.387610417   19.940572356   -4.829792790  -19.410713519
    1.256637061    2.387610417   24.030142053    5.739475149  -15.598641704
    1.319468915    2.387610417   25.930516680   16.047649230   -0.001028038
    1.382300768    2.387610417   28.657540873   21.637801727   -6.018127994
    1.445132621    2.387610417   30.863406604   31.182316828   -5.355876060
    1.507964474    2.387610417   32.294169345   28.212407026  -11.970819465
    1.570796327    2.387610417   32.888763185   25.847436058  -12.686912232
    1.633628180    2.387610417   36.571992582   28.733057813  -13.219001308
    1.696460033    2.387610417   39.607376448   32.394069520  -13.795450319
    1.759291886    2.387610417   42.934887735   34.419312530  -17.407708034
    1.822123739    2.387610417   45.445497806   40.417975755  -16.006344920
    1.884955592    2.387610417   48.478052792   36.778030460  -12.897914802
    1.947787445    2.387610417   50.057895971   29.861229125  -11.733735793
    2.010619298    2.387610417   53.580802971   20.165478149  -12.625728844
    2.073451151    2.387610417   54.508645226   13.825923464   -9.837320737
    2.136283004    2.387610417   56.378077224   10.654095248   -2.111269298
    2.199114858    2.387610417   55.958992382    5.667665196    1.587907523
    2.261946711    2.387610417   56.434801415   -7.943100141    1.598065201
    2.324778564    2.387610417   56.937952331  -16.579872804    0.757625704
    2.387610417    2.387610417   55.891957660  -19.246333885    0.031635000
    2.450442270    2.387610417   54.648343847  -20.700209378   -4.844435117
    2.513274123    2.387610417   52.878009639  -33.450807035   -5.213106238
    2.576105976    2.387610417   50.286814082  -35.889106992   -6.465745855
    2.638937829    2.387610417   46.544833473  -46.538057738   -4.729895237
    2.701769682    2.387610417   45.974022795  -47.119160529   -4.498800993
    2.764601535    2.387610417   41.868666593  -49.149168529   -4.237092966
    2.827433388    2.387610417   38.980465142  -40.397627447   -5.785471630
    2.890265241    2.387610417   35.867234194  -35.784953837   -5.503371989
    2.953097094    2.387610417   32.493409001  -39.579117715   -8.653155903
    3.015928947    2.387610417   28.871565165  -32.102415641   -8.720936764
    3.078760801    2.387610417   26.770568686  -55.056673530   -7.825286082

   -3.141592654    2.450442270   25.674278621  -47.597866968   -1.044471702
   -3.078760801    2.450442270   21.141778612  -47.707489705    0.855644114
   -3.015928947    2.450442270   18.334943321  -44.133937249    3.274461280
   -2.953097094    2.450442270   16.483554856  -36.486374437    7.493344898
   -2.890265241    2.450442270   16.987640253  -40.714066769    9.949988263
   -2.827433388    2.450442270   13.928679543  -34.889435459   10.824160750
   -2.764601535    2.450442270   13.274823458  -40.956879508    5.334256966
   -2.701769682    2.450442270   11.096406773  -36.344499053    1.924301970
   -2.638937829    2.450442270    8.831127842  -24.675779020    8.911900844
   -2.576105976    2.450442270    9.940271328  -18.371549054   17.847901042
   -2.513274123    2.450442270    8.642789810  -18.970136840   23.718835172
   -2.450442270    2.450442270    9.140254980  -10.328141032   19.058307999
   -2.387610417    2.450442270    6.411100821  -11.536191565   18.439549465
   -2.324778564    2.450442270    7.869186985   -8.216397570   14.438712615
   -2.261946711    2.450442270    9.532609868   -9.750633191   14.803762669
   -2.199114858    2.450442270   10.009342264  -12.340452519   13.808659592
   -2.136283004    2.450442270   10.077782712  -12.271261232   10.178494173
   -2.073451151    2.450442270   10.860353400  -22.056160255    9.892170061
   -2.010619298    2.450442270   10.569767880  -11.792584982    8.381730719
   -1.947787445    2.450442270    8.411841738   -5.927080500    7.698375627
   -1.884955592    2.450442270    7.363095370  -12.517670255    4.668572807
   -1.822123739    2.450442270    6.639999414  -15.082904583    5.959859194
   -1.759291886    2.450442270    5.849514300  -19.593842158    4.991323062
   -1.696460033    2.450442270    6.289304052  -21.253171193    9.284658779
   -1.633628180    2.450442270    5.369359318  -18.482271499   11.525610246
   -1.570796327    2.450442270    5.136763948  -15.196874693   14.186423932
   -1.507964474    2.450442270    3.993612391   -6.153869919   11.982122510
   -1.445132621    2.450442270    4.526823812   -7.816768697    5.798283076
   -1.382300768    2.450442270    4.359131351   -8.190957358   -0.030385375
   -1.319468915    2.450442270    3.571055419   -6.317300731   -7.605936225
   -1.256637061    2.450442270    3.357645752   -9.926878406  -12.643173370
   -1.193805208    2.450442270    3.010129499  -14.903715665  -14.831426032
   -1.130973355    2.450442270    2.949136058  -15.370246648  -13.828563422
   -1.068141502    2.450442270    2.513348125   -8.407152066  -13.007850651
   -1.005309649    2.450442270    3.390551122   -3.764292710  -14.307059657
   -0.942477796    2.450442270    2.875226430    0.085051077  -13.000266470
   -0.879645943    2.450442270    4.631396074   -0.530124140   -9.253681545
   -0.816814090    2.450442270    5.195264027    1.165990546   -6.094272291
   -0.753982237    2.450442270    6.190983950    5.626741575   -4.683143833
   -0.691150384    2.450442270    8.202450383   11.399100101   -2.992929739
   -0.628318531    2.450442270    8.797320796   22.505733405   -2.793624599
   -0.565486678    2.450442270   11.342914001   27.911842442   -0.546765820
   -0.502654825    2.450442270   12.826133458   29.659560120   -1.602645674
   -0.439822972    2.450442270   15.029017626   29.697949587   -2.560509417
   -0.376991118    2.450442270   17.855798173   26.900893204   -1.783541178
   -0.314159265    2.450442270   20.148123841   28.255610332    3.799880076
   -0.251327412    2.450442270   22.816179255   30.111579781    8.418510483
   -0.188495559    2.450442270   25.950247787   30.852759188   14.086221991
   -0.125663706    2.450442270   27.396087625   33.621826235   19.184488776
   -0.062831853    2.450442270   28.867299644   37.866037568   27.471405643
    0.000000000    2.450442270   31.208303323   32.713727054   32.597311814
    0.062831853    2.450442270   33.545596062   26.787985869   33.837852557
    0.125663706    2.450442270   35.062021405   23.897315498   34.120263343
    0.188495559    2.450442270   36.354270056   21.023626848   32.532037341
    0.251327412    2.450442270   37.163172863   12.099672418   29.675133557
    0.314159265    2.450442270   36.728693967   -0.528199573   25.143681983
    0.376991118    2.450442270   36.846690592  -12.827602980   15.642078341
    0.439822972    2.450442270   35.658245524  -13.751452651    9.849631026
    0.502654825    2.450442270   33.630778570  -18.901642175    3.775069718
    0.565486678    2.450442270   32.208782472  -26.791702379   -3.581769377
    0.628318531    2.450442270   28.757028898  -29.994374831   -6.194331856
    0.691150384    2.450442270   26.829898823  -27.456061724   -5.017968060
    0.753982237    2.450442270   25.780745997  -24.141997313   -1.943497173
    0.816814090    2.450442270   20.884554501  -28.332373962    1.690726252
    0.879645943    2.450442270   18.871901717   -9.982579588    3.994300196
    0.942477796    2.450442270   22.325242197  -10.999737979    6.213064323
    1.005309649    2.450442270   26.364209422  -10.940637464    0.067413278
    1.068141502    2.450442270   25.188650653  -16.973278552   -7.190420573
    1.130973355    2.450442270   21.741860096  -16.696818605  -19.469138085
    1.193805208    2.450442270   18.796164519   -5.424528740  -16.005150695
    1.256637061    2.450442270   22.970114717    7.890566696  -13.867560138
    1.319468915    2.450442270   25.698733856   16.273397146   -0.000764354
    1.382300768    2.450442270   27.919120133   21.108044259   -6.973501157
    1.445132621    2.450442270   30.045911457   29.924381896   -7.289424067
    1.507964474    2.450442270   31.001733233   27.400767268  -13.478452926
    1.570796327    2.450442270   31.505082402   24.037680072  -13.928413127
    1.633628180    2.450442270   35.156644313   26.018312240  -13.930058950
    1.696460033    2.450442270   38.177019263   30.506867767  -13.745907426
    1.759291886    2.450442270   41.366310027   34.133213453  -14.598319185
    1.822123739    2.450442270   44.039040628   41.413171667  -11.276076062
    1.884955592    2.450442270   47.337874608   39.916456586   -6.096573538
    1.947787445    2.450442270   49.028025303   33.009687337   -3.878627279
    2.010619298    2.450442270   52.509999082   24.561687535   -3.900085789
    2.073451151    2.450442270   53.581847259   18.898703632   -1.087073782
    2.136283004    2.450442270   55.880767754   13.804278546    6.041222976
    2.199114858    2.450442270   55.612204732    6.440997109    8.938710448
    2.261946711    2.450442270   56.001508195   -9.265223022    8.035812381
    2.324778564    2.450442270   56.364094933  -20.930150653    6.191366880
    2.387610417    2.450442270   55.213167081  -24.672461789    5.040128685
    2.450442270    2.450442270   53.590717443  -26.046900429   -0.646411884
    2.513274123    2.450442270   51.768354806  -36.538858741   -1.255329276
    2.576105976    2.450442270   49.092297112  -36.646096292   -2.999481374
    2.638937829    2.450442270   45.534416976  -44.773711673   -0.080792962
    2.701769682    2.450442270   45.035493285  -44.085937850   -0.525022736
    2.764601535    2.450442270   41.075517841  -46.955887919    0.275870709
    2.827433388    2.450442270   38.234305369  -37.996049291   -1.387085966
    2.890265241    2.450442270   35.317494112  -33.003316446   -0.557181257
    2.953097094    2.450442270   31.912023596  -36.080839258   -3.958099152
    3.015928947    2.450442270   28.441749404  -28.498108490   -4.158633448
    3.078760801    2.450442270   26.535866455  -51.243482434   -3.049162820

   -3.141592654    2.513274123   25.011662234  -44.713183327   -2.137124151
   -3.078760801    2.513274123   20.576749461  -45.505860718    0.906568320
   -3.015928947    2.513274123   17.826186059  -42.551847723    4.062990217
   -2.953097094    2.513274123   16.051832213  -38.220727740    6.749875805
   -2.890265241    2.513274123   16.429245835  -47.420184167    5.750289960
   -2.827433388    2.513274123   13.169295759  -44.407505487    4.185393722
   -2.764601535    2.513274123   12.038430543  -47.171238917    0.284781350
   -2.701769682    2.513274123    9.752921040  -34.037351916    4.166070503
   -2.638937829    2.513274123    8.052799147  -15.361024067   16.331269854
   -2.576105976    2.513274123    9.645041133   -9.871550942   22.739199989
   -2.513274123    2.513274123    8.574170614  -15.260117647   24.574718970
   -2.450442270    2.513274123    8.736546027   -9.496514135   18.982326011
   -2.387610417    2.513274123    5.936202140  -12.867809693   17.358605586
   -2.324778564    2.513274123    7.096654980  -10.703437597   11.590448013
   -2.261946711    2.513274123    8.748810336  -12.405245844   10.082387314
   -2.199114858    2.513274123    9.213562276  -14.705400672    8.708973808
   -2.136283004    2.513274123    9.170112114  -12.530720118    5.267558230
   -2.073451151    2.513274123   10.125977113  -19.708095438    5.604875231
   -2.010619298    2.513274123   10.005023025   -8.395151418    5.788813871
   -1.947787445    2.513274123    8.096810668   -1.872848988    6.931565791
   -1.884955592    2.513274123    7.130286408   -9.189298519    5.525219378
   -1.822123739    2.513274123    6.690631109  -11.114030861    6.762534701
   -1.759291886    2.513274123    6.005169028  -16.141232167    6.052782190
   -1.696460033    2.513274123    6.808399948  -18.408240622    9.898069322
   -1.633628180    2.513274123    6.095614356  -16.744669573   12.327692013
   -1.570796327    2.513274123    6.051375213  -16.839240829   15.090597198
   -1.507964474    2.513274123    4.758489257  -10.152935859   13.201857565
   -1.445132621    2.513274123    4.895635711  -13.307360627    8.155853500
   -1.382300768    2.513274123    4.370627630  -13.428392690    4.453710541
   -1.319468915    2.513274123    3.072039007  -10.571490710   -2.529644022
   -1.256637061    2.513274123    2.548167120  -12.245372495   -6.273730282
   -1.193805208    2.513274123    2.085577246  -14.080360864   -7.683470490
   -1.130973355    2.513274123    2.096205660  -13.229264292   -7.153468944
   -1.068141502    2.513274123    1.768304701   -5.607086986   -6.357589858
   -1.005309649    2.513274123    2.655919818   -0.824118869   -7.575952520
   -0.942477796    2.513274123    2.344882660    2.949349305   -5.842287398
   -0.879645943    2.513274123    4.489119228    2.625606035   -1.559452969
   -0.816814090    2.513274123    5.415839269    5.375108775    1.984834075
   -0.753982237    2.513274123    6.668949966   11.208973076    3.208786745
   -0.691150384    2.513274123    8.927487818   16.816088675    3.698241974
   -0.628318531    2.513274123    9.658440913   26.360997974    2.421535571
   -0.565486678    2.513274123   12.496106605   30.073030727    4.030671699
   -0.502654825    2.513274123   14.061354100   32.064811736    2.711076271
   -0.439822972    2.513274123   16.381793436   32.837687399    2.632017992
   -0.376991118    2.513274123   19.417647754   31.284163785    4.277718303
   -0.314159265    2.513274123   22.239500661   34.430070313   12.122357440
   -0.251327412    2.513274123   25.329393154   37.967955590   18.441886960
   -0.188495559    2.513274123   28.931642208   39.399501855   25.303126928
   -0.125663706    2.513274123   30.746857245   40.755635643   30.289185402
   -0.062831853    2.513274123   32.746986933   42.962889269   37.709971479
    0.000000000    2.513274123   35.346656503   34.790413177   40.378707072
    0.062831853    2.513274123   37.685454544   26.588955740   39.115157318
    0.125663706    2.513274123   39.114916985   21.226866650   36.572852583
    0.188495559    2.513274123   40.193447045   16.679290452   32.064870670
    0.251327412    2.513274123   40.701652363    5.466137164   26.306660058
    0.314159265    2.513274123   39.864125003   -8.423014622   19.243079485
    0.376991118    2.513274123   39.245023786  -20.589229715    7.203822903
    0.439822972    2.513274123   37.551115844  -22.362423197   -0.889941361
    0.502654825    2.513274123   35.028977604  -27.134110927   -7.908529320
    0.565486678    2.513274123   33.035340958  -33.786670251  -15.343413742
    0.628318531    2.513274123   29.365841478  -33.804555883  -16.157528344
    0.691150384    2.513274123   27.462189226  -27.327887856  -12.951121236
    0.753982237    2.513274123   26.549044426  -22.972890552   -8.491577830
    0.816814090    2.513274123   21.865814450  -27.134545795   -2.323165142
    0.879645943    2.513274123   19.897268797  -11.547649295    0.049516830
    0.942477796    2.513274123   23.330222575  -15.145453421    0.579411949
    1.005309649    2.513274123   26.805068826  -14.788551914   -7.360357353
    1.068141502    2.513274123   25.111450242  -21.979668099  -12.772483301
    1.130973355    2.513274123   20.890779273  -23.689368575  -20.969514483
    1.193805208    2.513274123   18.026540279   -6.819835526  -17.946978068
    1.256637061    2.513274123   22.162672586    8.111071656  -17.156359784
    1.319468915    2.513274123   25.536379815   13.663058011   -6.837789627
    1.382300768    2.513274123   27.201582153   18.866073917  -13.237077351
    1.445132621    2.513274123   29.171658912   27.442616677  -13.854457805
    1.507964474    2.513274123   29.678748754   25.973155187  -17.744454453
    1.570796327    2.513274123   30.080524277   21.994323903  -16.398201593
    1.633628180    2.513274123   33.667414617   23.335861321  -13.948611844
    1.696460033    2.513274123   36.628904002   28.484673597  -11.428718179
    1.759291886    2.513274123   39.688664084   33.129817810   -9.516566004
    1.822123739    2.513274123   42.467626746   41.052168055   -4.193324298
    1.884955592    2.513274123   45.917040988   40.933177807    1.232484055
    1.947787445    2.513274123   47.521858940   33.535283991    2.463491401
    2.010619298    2.513274123   50.762663188   25.734708893    1.158187478
    2.073451151    2.513274123   51.742244983   19.798580508    1.445698693
    2.136283004    2.513274123   54.212287513   12.666550752    5.129700101
    2.199114858    2.513274123   53.892563531    3.914099454    5.492080202
    2.261946711    2.513274123   54.058263747  -12.472568925    2.898371328
    2.324778564    2.513274123   54.193512870  -25.479351821    0.169572870
    2.387610417    2.513274123   52.945868508  -28.991905223   -1.048133194
    2.450442270    2.513274123   51.008828734  -29.312191007   -6.201927398
    2.513274123    2.513274123   49.245551204  -37.200310340   -6.346007879
    2.576105976    2.513274123   46.608433167  -35.068392789   -7.622500924
    2.638937829    2.513274123   43.463879076  -40.369133263   -3.561110279
    2.701769682    2.513274123   43.145167352  -38.870003749   -4.916635036
    2.764601535    2.513274123   39.508821591  -42.878016543   -3.631081569
    2.827433388    2.513274123   36.811758026  -33.839372163   -5.371862800
    2.890265241    2.513274123   34.202624099  -28.843010016   -4.158220420
    2.953097094    2.513274123   30.802717518  -31.681191699   -6.600053797
    3.015928947    2.513274123   27.481891997  -25.154499000   -6.147920042
    3.078760801    2.513274123   25.745896306  -48.475355669   -4.309795912

   -3.141592654    2.576105976   25.062956390  -42.218440506   -1.000926140
   -3.078760801    2.576105976   20.713338335  -44.307309428    2.055632344
   -3.015928947    2.576105976   18.010025760  -42.723417733    4.950790300
   -2.953097094    2.576105976   16.135523820  -43.017363951    5.030748068
   -2.890265241    2.576105976   16.176426588  -56.218064976    2.534211835
   -2.827433388    2.576105976   12.700183276  -51.070413426    4.236246500
   -2.764601535    2.576105976   11.390233009  -45.690139215    7.747807366
   -2.701769682    2.576105976    9.427136930  -26.229738968   16.547016929
   -2.638937829    2.576105976    8.433625303   -7.195832964   27.309606948
   -2.576105976    2.576105976   10.273957263   -4.241664115   28.621242448
   -2.513274123    2.576105976    9.337143666  -11.600597814   29.341622926
   -2.450442270    2.576105976    9.295804061   -6.817266254   25.245508424
   -2.387610417    2.576105976    6.539180656  -12.456464570   23.697652268
   -2.324778564    2.576105976    7.472620947  -11.735793322   17.371060477
   -2.261946711    2.576105976    9.191672280  -13.607371011   16.149097371
   -2.199114858    2.576105976    9.767673073  -15.801747423   16.184161818
   -2.136283004    2.576105976    9.689614535  -11.829757601   13.885375976
   -2.073451151    2.576105976   10.817703822  -17.210131590   14.215153924
   -2.010619298    2.576105976   10.843746934   -6.168832250   14.293892256
   -1.947787445    2.576105976    9.135675473    0.215002702   15.315474696
   -1.884955592    2.576105976    8.207854838   -7.486142926   14.529034057
   -1.822123739    2.576105976    7.907266855   -8.780707371   15.066774476
   -1.759291886    2.576105976    7.201146315  -14.774191677   13.616740808
   -1.696460033    2.576105976    8.191342796  -17.426554649   15.472186641
   -1.633628180    2.576105976    7.560024276  -17.137915338   17.109523860
   -1.570796327    2.576105976    7.580195526  -20.165798855   18.763697171
   -1.507964474    2.576105976    6.067700622  -14.459203764   16.750910745
   -1.445132621    2.576105976    5.845762302  -17.630456698   12.758854554
   -1.382300768    2.576105976    5.127457669  -16.435632705   10.819176725
   -1.319468915    2.576105976    3.466365017  -11.748328854    4.672188646
   -1.256637061    2.576105976    2.828124126  -11.538820725    1.082353412
   -1.193805208    2.576105976    2.435016991  -10.766488863   -0.489347079
   -1.130973355    2.576105976    2.620993179   -9.651332240   -0.739943978
   -1.068141502    2.576105976    2.427726741   -2.674077009    0.015800689
   -1.005309649    2.576105976    3.302824276    1.135839076   -0.715228397
   -0.942477796    2.576105976    3.105840396    3.582292153    2.004110602
   -0.879645943    2.576105976    5.467078976    2.163771686    7.070204746
   -0.816814090    2.576105976    6.452813753    4.621838983   10.976650302
   -0.753982237    2.576105976    7.578947002   10.023805994   12.104556902
   -0.691150384    2.576105976    9.647117881   15.084985626   12.569537669
   -0.628318531    2.576105976   10.086903134   23.978506596   11.207751676
   -0.565486678    2.576105976   12.887544704   27.254773047   13.770012480
   -0.502654825    2.576105976   14.294019294   31.204699801   14.005039475
   -0.439822972    2.576105976   16.591104162   33.897262785   15.734670700
   -0.376991118    2.576105976   19.754943571   35.735221387   18.609204603
   -0.314159265    2.576105976   23.148827299   41.299097516   27.615595969
   -0.251327412    2.576105976   26.708716286   46.674552147   33.205381367
   -0.188495559    2.576105976   30.823256619   48.481039578   38.363682648
   -0.125663706    2.576105976   33.003401015   47.885927891   40.134437925
   -0.062831853    2.576105976   35.502443045   47.129207131   43.375383832
    0.000000000    2.576105976   38.292793901   36.042999903   41.896007073
    0.062831853    2.576105976   40.575821672   25.215025434   37.672440206
    0.125663706    2.576105976   41.821212204   16.660461716   31.824402523
    0.188495559    2.576105976   42.552196327    9.696439589   24.606489448
    0.251327412    2.576105976   42.581519534   -4.201024678   17.020981396
    0.314159265    2.576105976   41.161606875  -19.429765307    9.358925684
    0.376991118    2.576105976   39.577807871  -31.900077462   -3.149517216
    0.439822972    2.576105976   37.152736588  -34.058527644  -10.491825324
    0.502654825    2.576105976   33.975297416  -37.716058522  -15.356256714
    0.565486678    2.576105976   31.297353721  -41.889333467  -20.074461867
    0.628318531    2.576105976   27.396123660  -37.572044579  -17.127947098
    0.691150384    2.576105976   25.503748378  -27.393271757  -11.973392005
    0.753982237    2.576105976   24.661004965  -23.131616888   -7.569474833
    0.816814090    2.576105976   20.216111923  -27.252942292   -1.659425068
    0.879645943    2.576105976   18.264636521  -13.438010910   -0.430042826
    0.942477796    2.576105976   21.674896885  -17.130437335   -1.002111822
    1.005309649    2.576105976   24.674524983  -14.095778259   -9.070793155
    1.068141502    2.576105976   22.822874921  -20.739632367  -11.488635844
    1.130973355    2.576105976   18.411982631  -24.158523509  -13.211784249
    1.193805208    2.576105976   15.906703533   -3.510756812   -9.375214245
    1.256637061    2.576105976   20.239294796   11.808730508   -8.741500753
    1.319468915    2.576105976   24.298575640   14.438774760   -2.112718054
    1.382300768    2.576105976   25.734457579   20.020492367   -7.424203128
    1.445132621    2.576105976   27.799517583   29.342616681   -8.137341885
    1.507964474    2.576105976   28.243828999   29.148333054   -9.941104403
    1.570796327    2.576105976   28.899447157   26.101819600   -6.606240947
    1.633628180    2.576105976   32.792455195   26.960320008   -2.550298759
    1.696460033    2.576105976   36.034902446   32.105424941    1.030815103
    1.759291886    2.576105976   39.329721859   36.835728739    4.073506324
    1.822123739    2.576105976   42.485908410   44.411626669    8.882790904
    1.884955592    2.576105976   46.250093238   44.147550364   12.128079722
    1.947787445    2.576105976   47.824868889   34.736986207   10.346490053
    2.010619298    2.576105976   50.841442877   26.142073000    5.992338671
    2.073451151    2.576105976   51.639493126   18.604061497    3.183006022
    2.136283004    2.576105976   54.120091527    9.001945817    3.501154481
    2.199114858    2.576105976   53.642112487   -0.564055012    2.380117131
    2.261946711    2.576105976   53.511087593  -16.553907023   -0.270720872
    2.324778564    2.576105976   53.374910104  -29.633147333   -2.725927648
    2.387610417    2.576105976   52.004641684  -32.998707490   -2.970239150
    2.450442270    2.576105976   49.744275779  -32.347553664   -7.015174435
    2.513274123    2.576105976   48.026556192  -37.636367205   -5.645011462
    2.576105976    2.576105976   45.420154875  -33.803324616   -5.197458459
    2.638937829    2.576105976   42.678732199  -36.926018074    0.427542682
    2.701769682    2.576105976   42.401436004  -35.813184596   -1.220049457
    2.764601535    2.576105976   39.028748997  -40.593147705    1.080229244
    2.827433388    2.576105976   36.356654837  -31.228821335   -1.878517410
    2.890265241    2.576105976   33.963918896  -25.760685115   -1.498662488
    2.953097094    2.576105976   30.537518630  -27.734295585   -4.024030365
    3.015928947    2.576105976   27.326812642  -22.287003293   -3.821197728
    3.078760801    2.576105976   25.721565336  -45.865968510   -2.523955153

   -3.141592654    2.638937829   24.792899966  -43.836799287  -15.587610449
   -3.078760801    2.638937829   20.299787744  -47.990916204  -14.086873759
   -3.015928947    2.638937829   17.357088573  -48.757979163  -12.617031056
   -2.953097094    2.638937829   15.024247709  -52.774739464  -13.273989927
   -2.890265241    2.638937829   14.549731401  -64.813864563  -11.715300204
   -2.827433388    2.638937829   11.009859624  -52.874293560   -1.637960976
   -2.764601535    2.638937829    9.736357916  -41.989712637    7.036703493
   -2.701769682    2.638937829    8.004305417  -22.990916337   14.054169723
   -2.638937829    2.638937829    7.300844245   -5.856818536   19.696649722
   -2.576105976    2.638937829    8.971927349   -2.533066379   17.864282793
   -2.513274123    2.638937829    8.030885507   -9.256614284   18.753771538
   -2.450442270    2.638937829    7.757633697   -5.741551641   15.127341582
   -2.387610417    2.638937829    4.949553364  -13.621638106   12.679075026
   -2.324778564    2.638937829    5.621304049  -12.075511818    6.907772558
   -2.261946711    2.638937829    7.465715548  -13.202794897    7.205847063
   -2.199114858    2.638937829    8.333797377  -14.029582783    9.669346654
   -2.136283004    2.638937829    8.406117447   -8.469510414    8.782737955
   -2.073451151    2.638937829    9.846101965  -11.953899595    9.628166934
   -2.010619298    2.638937829   10.190098735   -1.547149440   10.436415108
   -1.947787445    2.638937829    8.869355774    5.070296336   12.101839422
   -1.884955592    2.638937829    8.261746258   -2.090703880   13.243911769
   -1.822123739    2.638937829    8.319740732   -2.744064804   14.020798744
   -1.759291886    2.638937829    7.839648846   -8.961161663   12.688683200
   -1.696460033    2.638937829    9.204083502  -12.134738709   13.317510524
   -1.633628180    2.638937829    8.948569187  -13.080293228   14.784077680
   -1.570796327    2.638937829    9.334321925  -18.241614784   17.222502301
   -1.507964474    2.638937829    7.919964637  -13.887982298   16.472444812
   -1.445132621    2.638937829    7.638979734  -17.907459967   14.546033889
   -1.382300768    2.638937829    6.968058239  -16.990644378   15.703543826
   -1.319468915    2.638937829    4.984907696  -13.368276163   11.196586453
   -1.256637061    2.638937829    4.131691908  -13.448339136    8.820838345
   -1.193805208    2.638937829    3.622782457  -11.078560516    8.434419372
   -1.130973355    2.638937829    3.731420102   -9.107021893    8.390383442
   -1.068141502    2.638937829    3.561122198   -1.320854238   10.258530220
   -1.005309649    2.638937829    4.388074508    3.174603494   11.024691911
   -0.942477796    2.638937829    4.391279517    6.424215680   15.692936544
   -0.879645943    2.638937829    7.056186906    4.603993774   20.994786899
   -0.816814090    2.638937829    8.259014195    6.524842832   24.235500625
   -0.753982237    2.638937829    9.414303009   11.527544259   24.486432352
   -0.691150384    2.638937829   11.482832715   16.308647251   24.854528903
   -0.628318531    2.638937829   11.829730618   24.769222791   24.416013403
   -0.565486678    2.638937829   14.802801595   27.487076150   28.374686388
   -0.502654825    2.638937829   16.221228501   32.234507242   30.056826474
   -0.439822972    2.638937829   18.630714748   35.889936201   33.586802071
   -0.376991118    2.638937829   21.913331394   39.302983341   36.668014787
   -0.314159265    2.638937829   25.782267183   45.280785561   44.993240947
   -0.251327412    2.638937829   29.557967305   50.812259016   48.495795553
   -0.188495559    2.638937829   33.811901552   50.881852102   50.077793180
   -0.125663706    2.638937829   35.891233505   47.166008836   47.730175067
   -0.062831853    2.638937829   38.410133608   43.968031311   47.281227148
    0.000000000    2.638937829   40.956009963   31.347621238   43.075838427
    0.062831853    2.638937829   42.870983331   19.060886048   37.089552970
    0.125663706    2.638937829   43.675393520    9.007492027   30.376483362
    0.188495559    2.638937829   43.941368077    2.068740742   23.840790641
    0.251327412    2.638937829   43.540064147  -12.080846208   17.917803945
    0.314159265    2.638937829   41.716978544  -26.749311837   12.790275112
    0.376991118    2.638937829   39.461015020  -37.383689368    3.312243125
    0.439822972    2.638937829   36.681855004  -39.007740570   -1.295107653
    0.502654825    2.638937829   33.331910980  -40.216052656   -2.734427381
    0.565486678    2.638937829   30.468319026  -42.104534579   -4.638883781
    0.628318531    2.638937829   26.832916555  -34.258304068    0.344145609
    0.691150384    2.638937829   25.268581022  -23.704190071    5.119304865
    0.753982237    2.638937829   24.586837538  -23.259254150    5.957951182
    0.816814090    2.638937829   20.398380803  -28.769802697    8.850217547
    0.879645943    2.638937829   18.406794112  -16.963089389    7.423188668
    0.942477796    2.638937829   21.673011139  -20.113689459    4.645200480
    1.005309649    2.638937829   24.101944893  -13.576023741   -4.249779499
    1.068141502    2.638937829   22.090997837  -19.853009173   -6.137456164
    1.130973355    2.638937829   17.686730435  -24.981238821   -3.366773326
    1.193805208    2.638937829   15.381293686   -2.391300849   -0.370189857
    1.256637061    2.638937829   19.693771443   12.111179082   -0.890196233
    1.319468915    2.638937829   24.026127463   11.875369781    1.184024655
    1.382300768    2.638937829   25.150557139   18.367597930   -3.526085568
    1.445132621    2.638937829   27.172706888   29.658792747   -4.769878732
    1.507964474    2.638937829   27.591841528   32.143130837   -4.885244597
    1.570796327    2.638937829   28.529106165   30.807345459   -0.744575977
    1.633628180    2.638937829   32.761184239   31.977654646    4.020319154
    1.696460033    2.638937829   36.333682622   37.021726994    8.177822946
    1.759291886    2.638937829   39.935413722   41.235509031   11.752333943
    1.822123739    2.638937829   43.468762842   47.420602922   15.651617281
    1.884955592    2.638937829   47.493664207   46.697341005   16.535622036
    1.947787445    2.638937829   49.013148426   35.716881146   12.078185583
    2.010619298    2.638937829   51.819171588   26.858279991    5.214451577
    2.073451151    2.638937829   52.497894865   18.561215790   -0.134210204
    2.136283004    2.638937829   55.053853765    7.667502085   -2.508550457
    2.199114858    2.638937829   54.610214333   -1.592486860   -4.017606484
    2.261946711    2.638937829   54.441160161  -16.691643892   -5.920561528
    2.324778564    2.638937829   54.247455990  -30.204836827   -7.738123045
    2.387610417    2.638937829   52.929572184  -34.233980084   -7.645341723
    2.450442270    2.638937829   50.462253205  -33.728967866  -10.771163531
    2.513274123    2.638937829   48.823200782  -37.272935074   -9.174443298
    2.576105976    2.638937829   46.250587044  -33.184138062   -7.165814873
    2.638937829    2.638937829   43.812795919  -36.270450230   -0.921085280
    2.701769682    2.638937829   43.328389771  -36.435993732   -2.671100064
    2.764601535    2.638937829   40.036755902  -43.616723940    0.959377501
    2.827433388    2.638937829   37.028872427  -34.385401581   -3.743776262
    2.890265241    2.638937829   34.498839179  -28.368674474   -5.660479891
    2.953097094    2.638937829   30.771692130  -28.395755126  -10.333372402
    3.015928947    2.638937829   27.395381015  -23.357903107  -12.907325478
    3.078760801    2.638937829   25.635509430  -46.586573091  -14.680205340

   -3.141592654    2.701769682   22.828502236  -44.813490139  -20.198524122
   -3.078760801    2.701769682   18.274158268  -50.027096489  -22.042671232
   -3.015928947    2.701769682   15.304692347  -50.973530380  -22.511167556
   -2.953097094    2.701769682   12.904456450  -52.995827723  -22.033715207
   -2.890265241    2.701769682   12.669081837  -59.003662798  -15.081691207
   -2.827433388    2.701769682    9.876819684  -43.194745990   -2.123042843
   -2.764601535    2.701769682    9.071893129  -34.447134989    2.508415354
   -2.701769682    2.701769682    7.624227290  -19.965115469    3.550033568
   -2.638937829    2.701769682    7.218524822   -3.837114270    6.101650286
   -2.576105976    2.701769682    8.778853387    0.850881249    2.149352062
   -2.513274123    2.701769682    7.902561503   -6.921281043    0.601093032
   -2.450442270    2.701769682    7.418672662   -6.143596671   -4.631872432
   -2.387610417    2.701769682    4.478810306  -15.842899606   -7.596805358
   -2.324778564    2.701769682    4.827903839  -13.502685991  -12.435875841
   -2.261946711    2.701769682    6.729329168  -14.415839756  -10.627211834
   -2.199114858    2.701769682    7.761917881  -15.564735863   -6.329662987
   -2.136283004    2.701769682    7.738482376   -9.669430487   -5.863097694
   -2.073451151    2.701769682    9.140303638  -12.531466452   -4.393481843
   -2.010619298    2.701769682    9.437406256   -3.222402359   -2.370152269
   -1.947787445    2.701769682    8.109625037    3.378535107    0.464000270
   -1.884955592    2.701769682    7.478632330   -3.179908084    3.523188108
   -1.822123739    2.701769682    7.490904194   -3.204579106    5.567538386
   -1.759291886    2.701769682    6.842918671   -9.093129019    4.797897179
   -1.696460033    2.701769682    8.163937411  -11.778053584    4.556120845
   -1.633628180    2.701769682    8.017810237  -12.308887215    7.117458014
   -1.570796327    2.701769682    8.631130772  -17.390810677   10.726178060
   -1.507964474    2.701769682    7.310861698  -12.577260732   12.019290040
   -1.445132621    2.701769682    7.084175590  -15.570252385   12.472465824
   -1.382300768    2.701769682    6.666513367  -14.923372510   15.933342056
   -1.319468915    2.701769682    4.535786505  -12.502392757   12.968020256
   -1.256637061    2.701769682    3.602980993  -13.478509364   10.832189618
   -1.193805208    2.701769682    3.086770773  -10.530688123   10.706171963
   -1.130973355    2.701769682    3.144397908   -8.315616581   10.033592993
   -1.068141502    2.701769682    3.025038024    0.192115923   12.212736512
   -1.005309649    2.701769682    3.805305172    5.029065947   13.223533304
   -0.942477796    2.701769682    3.958896139    7.576671491   17.598165992
   -0.879645943    2.701769682    6.716067121    3.929661507   20.185226659
   -0.816814090    2.701769682    7.880081879    4.792189058   21.029760783
   -0.753982237    2.701769682    8.838667127    9.932429866   19.790604284
   -0.691150384    2.701769682   10.759770398   16.050634808   19.873508292
   -0.628318531    2.701769682   10.992263525   25.522449995   20.709353446
   -0.565486678    2.701769682   14.134542859   28.022158933   25.117956153
   -0.502654825    2.701769682   15.636970323   34.609160495   28.087033689
   -0.439822972    2.701769682   18.294531662   39.182876882   32.735701350
   -0.376991118    2.701769682   21.774370521   44.301678802   35.808327784
   -0.314159265    2.701769682   26.195470015   50.198749791   43.356290728
   -0.251327412    2.701769682   30.183245038   54.342503093   44.717440208
   -0.188495559    2.701769682   34.524945988   52.654234486   43.673388615
   -0.125663706    2.701769682   36.474341561   46.398029747   39.395251105
   -0.062831853    2.701769682   38.993064228   41.139554792   37.557496964
    0.000000000    2.701769682   41.352088418   28.089956187   33.117881391
    0.062831853    2.701769682   43.037755073   15.464405205   28.700974225
    0.125663706    2.701769682   43.620918225    5.910819933   24.493863758
    0.188495559    2.701769682   43.735681169   -0.168239100   21.122337101
    0.251327412    2.701769682   43.290780831  -13.572676940   19.087934443
    0.314159265    2.701769682   41.502989265  -26.745998180   17.008184090
    0.376991118    2.701769682   39.011538509  -36.398213278    9.729372079
    0.439822972    2.701769682   36.283660960  -37.446604156    6.688586986
    0.502654825    2.701769682   33.146628025  -37.272962234    6.661505534
    0.565486678    2.701769682   30.403756471  -38.472888086    6.034085474
    0.628318531    2.701769682   27.216493403  -29.625988744   10.828639614
    0.691150384    2.701769682   25.940416694  -21.868024440   13.211624250
    0.753982237    2.701769682   25.232806536  -26.425907475   11.021623681
    0.816814090    2.701769682   21.122554271  -33.541241200   11.072346056
    0.879645943    2.701769682   18.978405048  -22.097786023    8.753654367
    0.942477796    2.701769682   22.006793483  -23.351887071    5.157095017
    1.005309649    2.701769682   23.858359850  -13.118273246   -2.974528320
    1.068141502    2.701769682   21.729306705  -18.445511410   -4.140153201
    1.130973355    2.701769682   17.596317622  -24.528006770    2.401448785
    1.193805208    2.701769682   15.493076494   -0.604355263    6.130895789
    1.256637061    2.701769682   19.794744835   12.566694504    6.464582718
    1.319468915    2.701769682   24.221615587   10.062192178    7.144226463
    1.382300768    2.701769682   25.164275260   17.364694841    5.417939467
    1.445132621    2.701769682   27.177310527   30.346463015    5.634325218
    1.507964474    2.701769682   27.678209757   35.094930856    7.497790140
    1.570796327    2.701769682   28.929320468   36.011266686   12.539270460
    1.633628180    2.701769682   33.478457965   36.998877532   17.119494391
    1.696460033    2.701769682   37.315811150   40.759186914   20.996022558
    1.759291886    2.701769682   41.128013879   43.370925588   24.319430298
    1.822123739    2.701769682   44.844697034   46.719703176   26.842334326
    1.884955592    2.701769682   48.830206290   44.334215607   25.857995800
    1.947787445    2.701769682   50.006428445   31.547817536   20.748743038
    2.010619298    2.701769682   52.320563582   22.527415816   13.415925589
    2.073451151    2.701769682   52.606296734   14.179376182    7.858500440
    2.136283004    2.701769682   54.914932310    3.064899478    3.958227855
    2.199114858    2.701769682   54.354438374   -4.689820186    3.336574050
    2.261946711    2.701769682   54.079814783  -17.701205476    2.844772712
    2.324778564    2.701769682   53.763606915  -31.393230031    2.184321245
    2.387610417    2.701769682   52.415150906  -36.029191513    2.358484418
    2.450442270    2.701769682   49.713288057  -35.179404744   -0.828111916
    2.513274123    2.701769682   48.118706196  -36.343191999   -0.002309642
    2.576105976    2.701769682   45.641561299  -31.302377667    2.055489891
    2.638937829    2.701769682   43.543689335  -33.872250248    7.743688085
    2.701769682    2.701769682   42.910836232  -36.296515622    5.932954270
    2.764601535    2.701769682   39.867156807  -46.095791327   11.506043088
    2.827433388    2.701769682   36.509131691  -38.274290148    6.653038545
    2.890265241    2.701769682   33.754630842  -33.130190862    2.873652298
    2.953097094    2.701769682   29.634205310  -31.883548275   -3.386530004
    3.015928947    2.701769682   25.949865532  -26.480987030   -9.039627860
    3.078760801    2.701769682   23.882841900  -47.752270204  -15.505042190

   -3.141592654    2.764601535   21.109406372  -48.590068345  -17.385872481
   -3.078760801    2.764601535   16.386894617  -53.476468617  -19.091554943
   -3.015928947    2.764601535   13.438540903  -51.173815323  -16.298143493
   -2.953097094    2.764601535   11.190692512  -48.323474562  -10.489415092
   -2.890265241    2.764601535   11.492908442  -50.638931311   -0.152947436
   -2.827433388    2.764601535    9.358669333  -37.934174902    8.976893596
   -2.764601535    2.764601535    8.591023303  -33.607145365    8.371918367
   -2.701769682    2.764601535    7.037711462  -21.226190918    7.351709641
   -2.638937829    2.764601535    6.708557526   -4.862496825    9.690602464
   -2.576105976    2.764601535    7.938572065    0.281123696    4.087072482
   -2.513274123    2.764601535    6.909405735   -7.835209582    0.529810223
   -2.450442270    2.764601535    6.178038661   -6.407872250   -3.663441433
   -2.387610417    2.764601535    3.202488594  -15.705113577   -4.787147269
   -2.324778564    2.764601535    3.443671263  -10.913596796   -7.213869838
   -2.261946711    2.764601535    5.622561757  -12.413944883   -3.726197647
   -2.199114858    2.764601535    7.060778786  -13.725897337    2.242145487
   -2.136283004    2.764601535    7.122473696   -8.504693506    3.882628552
   -2.073451151    2.764601535    8.591152295  -11.249291799    5.864050082
   -2.010619298    2.764601535    8.930631868   -3.824432624    8.365286758
   -1.947787445    2.764601535    7.632142717    1.553470198   11.440725392
   -1.884955592    2.764601535    7.030457276   -4.603099391   15.270979724
   -1.822123739    2.764601535    6.957977719   -5.215277512   17.242140755
   -1.759291886    2.764601535    6.010178659  -11.994842912   15.084643570
   -1.696460033    2.764601535    7.045287715  -14.232014804   12.166406491
   -1.633628180    2.764601535    6.861904110  -13.763170736   12.549379690
   -1.570796327    2.764601535    7.567485292  -17.995419619   13.550052197
   -1.507964474    2.764601535    6.276433331  -11.660586105   12.743308736
   -1.445132621    2.764601535    6.094324016  -13.293432586   10.823653371
   -1.382300768    2.764601535    5.961400990  -12.604070171   12.370294218
   -1.319468915    2.764601535    3.730413780  -11.383345898    7.649628306
   -1.256637061    2.764601535    2.769468075  -12.718678142    4.489585453
   -1.193805208    2.764601535    2.359335863   -7.819441323    4.299433095
   -1.130973355    2.764601535    2.513431470   -4.004356932    4.464385705
   -1.068141502    2.764601535    2.679427424    5.777831284    7.972588863
   -1.005309649    2.764601535    3.667332266   10.631620458   10.101423181
   -0.942477796    2.764601535    4.185270256   11.464940119   14.287069105
   -0.879645943    2.764601535    7.127106089    5.488583014   14.981276181
   -0.816814090    2.764601535    8.380399746    5.399327140   15.108953060
   -0.753982237    2.764601535    9.317709756   11.826510627   14.913475481
   -0.691150384    2.764601535   11.338319776   19.812570529   17.259859268
   -0.628318531    2.764601535   11.702825475   29.403339915   20.322797826
   -0.565486678    2.764601535   15.175926638   31.342009798   25.886802267
   -0.502654825    2.764601535   16.909462729   38.304087643   29.740234023
   -0.439822972    2.764601535   19.917674238   43.247743478   35.459906762
   -0.376991118    2.764601535   23.618551609   49.087917020   38.575916584
   -0.314159265    2.764601535   28.510531513   53.260990565   44.573346042
   -0.251327412    2.764601535   32.547872576   55.374719531   43.526496335
   -0.188495559    2.764601535   36.798772443   51.642877937   40.154791583
   -0.125663706    2.764601535   38.460137842   43.210905399   34.147983743
   -0.062831853    2.764601535   40.834343092   36.969605253   30.827408314
    0.000000000    2.764601535   42.936965732   24.296001134   26.829466609
    0.062831853    2.764601535   44.406328590   12.265878575   24.429703765
    0.125663706    2.764601535   44.756713866    2.431880037   22.138678162
    0.188495559    2.764601535   44.696399445   -3.471846186   21.443231770
    0.251327412    2.764601535   44.103883908  -17.795411999   21.221832801
    0.314159265    2.764601535   42.108079702  -31.617832576   19.896682046
    0.376991118    2.764601535   39.028318328  -41.676769256   12.496325697
    0.439822972    2.764601535   35.922513013  -42.693814796    8.407475893
    0.502654825    2.764601535   32.580413344  -41.008048259    6.958605134
    0.565486678    2.764601535   29.569343952  -41.178995081    4.329963224
    0.628318531    2.764601535   26.428891611  -31.449196859    6.160879259
    0.691150384    2.764601535   25.038872427  -25.981189027    5.160414742
    0.753982237    2.764601535   23.943414264  -34.169463798   -0.060116262
    0.816814090    2.764601535   19.651737765  -41.141073648   -1.908280624
    0.879645943    2.764601535   17.255935276  -28.218899547   -3.752607599
    0.942477796    2.764601535   20.006711626  -26.332839752   -6.698541024
    1.005309649    2.764601535   21.334352320  -12.659871024  -13.626261471
    1.068141502    2.764601535   19.144654620  -16.308697733  -13.997497878
    1.130973355    2.764601535   15.539128362  -21.637628992   -5.389622319
    1.193805208    2.764601535   13.763672951    4.079227406   -1.632922868
    1.256637061    2.764601535   18.220347257   16.834681864   -1.472536699
    1.319468915    2.764601535   22.817792076   12.887899370   -2.159518681
    1.382300768    2.764601535   23.965460991   21.278386777   -0.992130948
    1.445132621    2.764601535   26.270506726   35.487832949    0.699919789
    1.507964474    2.764601535   27.184910416   42.150643265    4.007667214
    1.570796327    2.764601535   28.994365572   44.208074920    8.688997221
    1.633628180    2.764601535   34.014419768   44.849758861   11.678321678
    1.696460033    2.764601535   38.274523485   47.411432820   14.399160816
    1.759291886    2.764601535   42.463438678   47.976207355   17.329023723
    1.822123739    2.764601535   46.487907807   48.321847688   19.917996968
    1.884955592    2.764601535   50.533034508   43.828455001   19.247369841
    1.947787445    2.764601535   51.545615453   29.270896462   16.694348395
    2.010619298    2.764601535   53.527359136   20.207165352   11.807686977
    2.073451151    2.764601535   53.565907723   11.698655691    8.562341207
    2.136283004    2.764601535   55.665303827    0.976646906    5.253825371
    2.199114858    2.764601535   55.130657793   -5.757190210    6.670730359
    2.261946711    2.764601535   54.875073349  -17.106860938    8.168948388
    2.324778564    2.764601535   54.536063662  -31.267120000    8.538479158
    2.387610417    2.764601535   53.158596362  -37.575567548    8.417534146
    2.450442270    2.764601535   50.222555148  -37.184061135    5.048004288
    2.513274123    2.764601535   48.579925734  -36.248727547    4.240789403
    2.576105976    2.764601535   46.147988964  -30.370338064    5.520364986
    2.638937829    2.764601535   44.296108681  -32.194354719    9.675310375
    2.701769682    2.764601535   43.451902578  -36.205156809    7.760816484
    2.764601535    2.764601535   40.750169900  -48.451637097   16.181158142
    2.827433388    2.764601535   37.019670067  -43.330749233   13.043516546
    2.890265241    2.764601535   33.951461927  -39.529520524   10.507474355
    2.953097094    2.764601535   29.361318811  -38.331708903    4.950336702
    3.015928947    2.764601535   25.184304337  -32.808118123   -2.072245340
    3.078760801    2.764601535   22.555149277  -51.289870761  -11.238992557

   -3.141592654    2.827433388   20.357864394  -49.047250558  -16.377174497
   -3.078760801    2.827433388   15.776809450  -50.495864799  -16.493553731
   -3.015928947    2.827433388   13.373430648  -42.410225165  -10.239724240
   -2.953097094    2.827433388   11.802347285  -36.352897210   -4.587289089
   -2.890265241    2.827433388   12.950860655  -40.177011724    1.049266866
   -2.827433388    2.827433388   11.508778437  -31.165680496    3.020930334
   -2.764601535    2.827433388   10.951812699  -27.443471971   -0.980409972
   -2.701769682    2.827433388    9.685752089  -15.238892375   -3.066890397
   -2.638937829    2.827433388    9.851832829   -0.352795522   -2.371732227
   -2.576105976    2.827433388   11.026656528    3.330646439  -10.430077312
   -2.513274123    2.827433388   10.068686106   -4.773552167  -15.367212638
   -2.450442270    2.827433388    9.398147632   -3.308997951  -19.029647651
   -2.387610417    2.827433388    6.613512959  -13.043090173  -19.443624929
   -2.324778564    2.827433388    6.867606435   -7.561306864  -21.735190169
   -2.261946711    2.827433388    9.288955189  -11.285198952  -19.091413064
   -2.199114858    2.827433388   11.043941892  -14.085907911  -12.915651542
   -2.136283004    2.827433388   11.039480918   -9.808461272  -10.715896671
   -2.073451151    2.827433388   12.391722477  -13.095905169   -7.486227612
   -2.010619298    2.827433388   12.560785401   -7.820275309   -3.207087686
   -1.947787445    2.827433388   11.078295207   -3.433131657    1.711581735
   -1.884955592    2.827433388   10.331907938   -9.176445397    8.124950903
   -1.822123739    2.827433388   10.016596803  -10.714312460   13.203860815
   -1.759291886    2.827433388    8.554789465  -18.304014792   13.353410917
   -1.696460033    2.827433388    9.034390770  -20.781404767   11.677963642
   -1.633628180    2.827433388    8.541860010  -19.923245454   12.997656437
   -1.570796327    2.827433388    9.022065665  -23.659650690   14.067753062
   -1.507964474    2.827433388    7.425805380  -16.794149184   12.461816205
   -1.445132621    2.827433388    6.909319522  -17.098663248    9.032308206
   -1.382300768    2.827433388    6.714022851  -15.909461502    8.801717894
   -1.319468915    2.827433388    4.121067401  -14.158826280    3.322422521
   -1.256637061    2.827433388    2.946419203  -13.896843070   -0.461699210
   -1.193805208    2.827433388    2.609885219   -5.165912662    0.371075808
   -1.130973355    2.827433388    2.880292553    1.066898306    1.103926845
   -1.068141502    2.827433388    3.408262830   12.193725473    5.815491066
   -1.005309649    2.827433388    4.634644806   15.939933796    7.993282107
   -0.942477796    2.827433388    5.465376795   13.880359382   11.252740804
   -0.879645943    2.827433388    8.442310118    5.882118949   10.175794658
   -0.816814090    2.827433388    9.733863788    6.356866044   10.791538230
   -0.753982237    2.827433388   10.695758235   14.485237814   12.475287085
   -0.691150384    2.827433388   12.852242192   23.920729072   16.413169066
   -0.628318531    2.827433388   13.374937483   32.710735003   20.730154006
   -0.565486678    2.827433388   17.083941109   33.438842676   25.728160290
   -0.502654825    2.827433388   18.972713163   40.795382489   30.128358138
   -0.439822972    2.827433388   22.275364148   45.987150389   36.785115193
   -0.376991118    2.827433388   26.074775567   51.528698245   39.436573253
   -0.314159265    2.827433388   31.248166014   53.666900989   44.458570098
   -0.251327412    2.827433388   35.173165011   54.089613043   43.027763565
   -0.188495559    2.827433388   39.180833147   48.946717777   38.877583127
   -0.125663706    2.827433388   40.509784542   40.120779310   34.132283975
   -0.062831853    2.827433388   42.760038866   34.295654506   32.394952707
    0.000000000    2.827433388   44.754054951   23.519890764   31.249335766
    0.062831853    2.827433388   46.235801454   12.775378791   31.770245693
    0.125663706    2.827433388   46.594914361    3.281987285   31.687820823
    0.188495559    2.827433388   46.608286830   -3.174787192   32.069514172
    0.251327412    2.827433388   46.093461844  -19.092210502   32.271364044
    0.314159265    2.827433388   44.036551725  -34.470111906   29.854739290
    0.376991118    2.827433388   40.499909400  -45.066576129   21.501864898
    0.439822972    2.827433388   37.123152628  -46.461089814   16.048017783
    0.502654825    2.827433388   33.641940245  -43.781160545   13.221865701
    0.565486678    2.827433388   30.414768005  -43.851667239    9.529133232
    0.628318531    2.827433388   27.279505374  -34.019586757    9.159746301
    0.691150384    2.827433388   25.720960389  -30.829133107    6.581686926
    0.753982237    2.827433388   24.186616117  -42.256767843    0.248703734
    0.816814090    2.827433388   19.715056941  -47.878781673   -1.603468964
    0.879645943    2.827433388   17.149207865  -33.214938129   -2.744096155
    0.942477796    2.827433388   19.652365377  -28.906802840   -5.150755588
    1.005309649    2.827433388   20.506967184  -12.890216792  -10.965676370
    1.068141502    2.827433388   18.205429788  -16.302198620  -12.101862451
    1.130973355    2.827433388   15.058506830  -20.951422509   -4.116301234
    1.193805208    2.827433388   13.393820098    4.957378257   -1.832440408
    1.256637061    2.827433388   17.713382026   16.703218941   -3.541169031
    1.319468915    2.827433388   22.077829094   11.336209345   -6.598325232
    1.382300768    2.827433388   23.175127480   19.775832576   -4.949369402
    1.445132621    2.827433388   25.390142761   34.111969268   -3.952501877
    1.507964474    2.827433388   26.284871588   40.592905045   -2.002448251
    1.570796327    2.827433388   28.085347683   43.680718240   -0.854612875
    1.633628180    2.827433388   33.011829396   44.771906554   -2.698082450
    1.696460033    2.827433388   37.288943782   49.248021030   -3.701099160
    1.759291886    2.827433388   41.631032498   50.649102217   -4.151543146
    1.822123739    2.827433388   45.935033654   51.457956143   -3.432557624
    1.884955592    2.827433388   50.204217006   47.857450846   -3.985659743
    1.947787445    2.827433388   51.500084262   33.679937251   -2.661569154
    2.010619298    2.827433388   53.654205782   25.618070870   -3.356664514
    2.073451151    2.827433388   53.936576595   16.381770608   -2.638899147
    2.136283004    2.827433388   56.138686225    5.144991488   -4.523001253
    2.199114858    2.827433388   55.971816337   -1.777986779   -0.176412549
    2.261946711    2.827433388   55.993823218  -13.701596119    3.802894732
    2.324778564    2.827433388   55.748181188  -30.196134464    5.913398104
    2.387610417    2.827433388   54.306742675  -39.905844082    5.781596947
    2.450442270    2.827433388   51.051901209  -41.191967455    2.656116360
    2.513274123    2.827433388   49.180795433  -38.911786298    0.776944611
    2.576105976    2.827433388   46.632199349  -31.985815203    0.805998143
    2.638937829    2.827433388   44.842428546  -31.969804546    3.242653504
    2.701769682    2.827433388   43.746638587  -35.254905877    1.183473384
    2.764601535    2.827433388   41.575662723  -47.891956834   12.229749861
    2.827433388    2.827433388   37.714230471  -44.367729476   12.721662423
    2.890265241    2.827433388   34.575047633  -42.610518520   13.329733745
    2.953097094    2.827433388   29.747079802  -42.791885730    9.958322132
    3.015928947    2.827433388   25.209542953  -37.500485047    2.836584512
    3.078760801    2.827433388   22.069314824  -52.649664402   -8.517002392

   -3.141592654    2.890265241   17.962370870  -52.727002426  -13.292449691
   -3.078760801    2.890265241   13.421252903  -48.465949197  -11.516056814
   -3.015928947    2.890265241   11.469172829  -36.547673349   -5.363838606
   -2.953097094    2.890265241   10.201572182  -32.534340831   -4.680522056
   -2.890265241    2.890265241   11.654920350  -39.110710792   -4.516074772
   -2.827433388    2.890265241   10.358537023  -30.256717929   -6.559289730
   -2.764601535    2.890265241    9.703646988  -24.650096051  -11.407533425
   -2.701769682    2.890265241    8.470300440  -13.406426920  -14.077474334
   -2.638937829    2.890265241    8.829875277   -1.412185610  -13.169735398
   -2.576105976    2.890265241    9.669714301    1.845319016  -18.825445841
   -2.513274123    2.890265241    8.538546276   -5.259291762  -21.144305907
   -2.450442270    2.890265241    7.818328719   -2.685288959  -20.420997349
   -2.387610417    2.890265241    5.044381042  -12.655816411  -17.150561470
   -2.324778564    2.890265241    5.201273581   -5.408207577  -17.715012048
   -2.261946711    2.890265241    7.779588455   -9.699759645  -15.378818837
   -2.199114858    2.890265241    9.929555200  -11.653540138   -9.696029830
   -2.136283004    2.890265241   10.111677204   -6.115721099   -7.549441425
   -2.073451151    2.890265241   11.726567485   -7.874652198   -5.211857782
   -2.010619298    2.890265241   12.225908584   -3.172750761   -2.876984026
   -1.947787445    2.890265241   11.130065088    1.163534274   -0.159876361
   -1.884955592    2.890265241   10.871313344   -3.267106073    3.952873775
   -1.822123739    2.890265241   11.008375452   -6.469439815    8.454054150
   -1.759291886    2.890265241    9.657800892  -15.430742056    7.559087410
   -1.696460033    2.890265241   10.106523319  -19.730440731    5.282862558
   -1.633628180    2.890265241    9.734947380  -20.167401118    6.020789299
   -1.570796327    2.890265241   10.270942577  -25.585019307    6.389295597
   -1.507964474    2.890265241    8.516365230  -20.512130633    4.398176988
   -1.445132621    2.890265241    7.684981657  -21.276047509    0.427212483
   -1.382300768    2.890265241    7.366290889  -20.745755877    0.228785719
   -1.319468915    2.890265241    4.383828487  -18.130368969   -2.887354007
   -1.256637061    2.890265241    2.947149104  -15.524878718   -4.067947406
   -1.193805208    2.890265241    2.684644881   -2.917596487   -0.094963077
   -1.130973355    2.890265241    3.033250003    5.821766837    3.556876945
   -1.068141502    2.890265241    3.900748004   17.334878685   10.151091052
   -1.005309649    2.890265241    5.283647840   19.693810583   12.605143312
   -0.942477796    2.890265241    6.360559531   15.613341670   15.735014622
   -0.879645943    2.890265241    9.318346802    7.480842262   14.199109813
   -0.816814090    2.890265241   10.775763659   10.444327071   16.133560690
   -0.753982237    2.890265241   12.002635017   21.286601956   19.343418503
   -0.691150384    2.890265241   14.538274421   31.606959696   23.081009945
   -0.628318531    2.890265241   15.436380883   38.909814724   26.379854410
   -0.565486678    2.890265241   19.539704775   39.113041480   29.520377045
   -0.502654825    2.890265241   21.820418791   47.171626922   33.303255937
   -0.439822972    2.890265241   25.667755612   51.824673646   39.361092509
   -0.376991118    2.890265241   29.740985847   56.560967971   41.243080566
   -0.314159265    2.890265241   35.313752548   56.363175844   45.049036286
   -0.251327412    2.890265241   39.239413545   54.879799432   43.347616985
   -0.188495559    2.890265241   43.095093283   48.304625748   39.657809699
   -0.125663706    2.890265241   44.266647973   39.457762039   37.093322801
   -0.062831853    2.890265241   46.522161215   34.108214416   37.079209226
    0.000000000    2.890265241   48.585806205   24.925006252   38.465804673
    0.062831853    2.890265241   50.178306767   14.188600425   39.520545397
    0.125663706    2.890265241   50.534404218    3.261247454   37.890159840
    0.188495559    2.890265241   50.533342869   -4.876548124   35.916369050
    0.251327412    2.890265241   49.951392918  -23.363451151   32.800857097
    0.314159265    2.890265241   47.634735387  -40.193166813   26.996480584
    0.376991118    2.890265241   43.480807611  -51.527031888   16.379687045
    0.439822972    2.890265241   39.649626564  -52.514204139    8.844546531
    0.502654825    2.890265241   35.882129259  -48.954257324    4.329516962
    0.565486678    2.890265241   32.303686171  -49.441359007   -0.379205024
    0.628318531    2.890265241   29.007136315  -39.086581476   -1.769989677
    0.691150384    2.890265241   27.166211599  -37.386552324   -4.306447964
    0.753982237    2.890265241   25.124745090  -50.748550205   -9.612704237
    0.816814090    2.890265241   20.422418864  -55.061736190  -10.000342697
    0.879645943    2.890265241   17.694734464  -38.056632708   -9.060252361
    0.942477796    2.890265241   19.922306650  -31.754337266  -10.373009359
    1.005309649    2.890265241   20.286843146  -15.129954673  -15.291253013
    1.068141502    2.890265241   17.793668624  -18.153746721  -15.930114712
    1.130973355    2.890265241   15.019155918  -20.898400467   -8.687508651
    1.193805208    2.890265241   13.415343856    5.266256070   -6.579031226
    1.256637061    2.890265241   17.549551600   17.046450902   -9.053544849
    1.319468915    2.890265241   21.706262040   11.916437371  -12.143941387
    1.382300768    2.890265241   22.943514848   21.183673143   -9.562493955
    1.445132621    2.890265241   25.261002712   35.358289249   -8.027645879
    1.507964474    2.890265241   26.325481031   40.967146522   -5.212265822
    1.570796327    2.890265241   28.202992355   43.086166934   -4.102911287
    1.633628180    2.890265241   32.976474042   43.690225472   -7.233598115
    1.696460033    2.890265241   37.139606065   47.860681934  -10.063375568
    1.759291886    2.890265241   41.381619525   49.512870396  -13.310106863
    1.822123739    2.890265241   45.687826799   50.595231082  -14.829377004
    1.884955592    2.890265241   49.924814153   48.398912271  -16.269510993
    1.947787445    2.890265241   51.415859623   35.744817147  -12.600647839
    2.010619298    2.890265241   53.629444710   28.552778888  -10.589494341
    2.073451151    2.890265241   54.053233196   19.295980178   -7.088551887
    2.136283004    2.890265241   56.149516259    8.077511908   -8.358059167
    2.199114858    2.890265241   56.269010084    1.358549149   -2.883203659
    2.261946711    2.890265241   56.537564206  -10.712421922    2.349499500
    2.324778564    2.890265241   56.413072462  -29.185741764    6.227346640
    2.387610417    2.890265241   54.891089303  -41.798239442    6.590036976
    2.450442270    2.890265241   51.365319184  -44.926072900    4.748608225
    2.513274123    2.890265241   49.221344446  -42.089923076    2.207206889
    2.576105976    2.890265241   46.525574423  -34.677488519    1.869585557
    2.638937829    2.890265241   44.661105675  -33.141008471    2.047665567
    2.701769682    2.890265241   43.224844201  -35.088719708   -1.545133125
    2.764601535    2.890265241   41.587089895  -47.124535686    9.241616668
    2.827433388    2.890265241   37.647244640  -44.792765053   11.380816468
    2.890265241    2.890265241   34.465598796  -46.217631051   14.524265155
    2.953097094    2.890265241   29.340746082  -50.185293857   13.271421778
    3.015928947    2.890265241   24.239304148  -47.045031696    6.915763044
    3.078760801    2.890265241   20.226152263  -59.357291214   -5.814842283

   -3.141592654    2.953097094   21.396720211  -52.177774831   -6.856169930
   -3.078760801    2.953097094   17.081985916  -45.365334449   -4.062786931
   -3.015928947    2.953097094   15.468230446  -35.080748436   -0.449383158
   -2.953097094    2.953097094   14.101693026  -35.537022841   -3.256849855
   -2.890265241    2.953097094   15.473659400  -43.831130964   -4.090471502
   -2.827433388    2.953097094   13.995027415  -33.484944564   -6.102028607
   -2.764601535    2.953097094   12.958148253  -26.332827369  -11.769854096
   -2.701769682    2.953097094   11.459020503  -16.040859657  -15.664989934
   -2.638937829    2.953097094   11.810868361   -4.546699702  -14.806096689
   -2.576105976    2.953097094   12.290220546   -0.097799535  -18.943952288
   -2.513274123    2.953097094   11.017002506   -5.017627668  -19.603466739
   -2.450442270    2.953097094   10.353983687   -1.627360719  -17.147181260
   -2.387610417    2.953097094    7.768467650  -12.605882574  -13.162708992
   -2.324778564    2.953097094    7.788497104   -4.682322925  -14.820544400
   -2.261946711    2.953097094   10.328169146  -10.475310504  -15.574652577
   -2.199114858    2.953097094   12.643335426  -12.640769484  -12.186329900
   -2.136283004    2.953097094   12.749392676   -7.377037404  -11.732059626
   -2.073451151    2.953097094   14.272210729   -8.877899654  -11.550519609
   -2.010619298    2.953097094   14.684550154   -5.083594614  -11.924125147
   -1.947787445    2.953097094   13.563726635    0.040455641  -12.314719071
   -1.884955592    2.953097094   13.465483822   -1.194944408  -11.481682841
   -1.822123739    2.953097094   13.972228934   -2.875588506   -8.391205860
   -1.759291886    2.953097094   12.811042139   -9.809236047   -9.928613683
   -1.696460033    2.953097094   13.519876508  -13.067510343  -11.369820693
   -1.633628180    2.953097094   13.684281361  -13.027203407   -9.371391284
   -1.570796327    2.953097094   14.726785789  -19.708210127   -7.371158257
   -1.507964474    2.953097094   13.260053006  -18.048550162   -6.937475747
   -1.445132621    2.953097094   12.439643230  -21.680645139   -8.196268194
   -1.382300768    2.953097094   12.182197317  -23.745796183   -5.593626683
   -1.319468915    2.953097094    8.910052869  -22.697016499   -4.834017558
   -1.256637061    2.953097094    7.123702414  -19.735832173   -2.448454372
   -1.193805208    2.953097094    6.686846147   -5.813252305    4.071552517
   -1.130973355    2.953097094    6.725684899    2.936797142    8.756793310
   -1.068141502    2.953097094    7.387711407   13.050359794   14.849411820
   -1.005309649    2.953097094    8.321409273   13.245173366   16.299849209
   -0.942477796    2.953097094    9.054167042    8.829553064   18.668174057
   -0.879645943    2.953097094   11.486994860    3.121186028   17.088249818
   -0.816814090    2.953097094   12.777591269    9.975669841   20.424476574
   -0.753982237    2.953097094   13.980988911   22.858296648   24.043308015
   -0.691150384    2.953097094   16.541465821   33.603687487   26.594878360
   -0.628318531    2.953097094   17.514798832   40.230097372   29.252411099
   -0.565486678    2.953097094   21.705160381   41.091124365   31.002948883
   -0.502654825    2.953097094   24.176565346   50.196727073   34.515005707
   -0.439822972    2.953097094   28.363252427   54.194873108   39.960045972
   -0.376991118    2.953097094   32.506717176   58.451169991   41.302753041
   -0.314159265    2.953097094   38.238360991   56.427109884   43.936709986
   -0.251327412    2.953097094   42.013813422   53.753161792   42.636044172
   -0.188495559    2.953097094   45.603960138   46.998359527   39.676193419
   -0.125663706    2.953097094   46.631477062   38.942996870   39.607657720
   -0.062831853    2.953097094   48.860207624   33.861488425   40.410201559
    0.000000000    2.953097094   50.996917587   25.020811435   42.319984824
    0.062831853    2.953097094   52.586351588   13.311448025   41.198545818
    0.125663706    2.953097094   52.768626513    0.465532071   35.972562074
    0.188495559    2.953097094   52.585496357   -9.276434634   29.774955104
    0.251327412    2.953097094   51.814752455  -28.813767778   23.011789524
    0.314159265    2.953097094   49.220645526  -45.203317032   14.542545246
    0.376991118    2.953097094   44.574103750  -55.428691055    2.752115074
    0.439822972    2.953097094   40.508380129  -54.772980152   -5.291692108
    0.502654825    2.953097094   36.712405367  -49.626736069  -10.672048225
    0.565486678    2.953097094   33.146571456  -49.198955783  -14.702895147
    0.628318531    2.953097094   30.066739985  -37.782403957  -15.526016866
    0.691150384    2.953097094   28.390104245  -36.707424788  -16.463745336
    0.753982237    2.953097094   26.325228777  -51.072434868  -19.586401894
    0.816814090    2.953097094   21.876212655  -54.255171178  -17.484504446
    0.879645943    2.953097094   19.450218907  -36.113887478  -13.935339148
    0.942477796    2.953097094   21.751934029  -29.573378186  -13.625593126
    1.005309649    2.953097094   21.920639403  -14.220944860  -16.991971286
    1.068141502    2.953097094   19.439482664  -18.059919587  -16.187031469
    1.130973355    2.953097094   17.089903857  -19.522600223   -8.590235360
    1.193805208    2.953097094   15.599310582    6.055889662   -4.680702052
    1.256637061    2.953097094   19.482199403   16.495421774   -6.256281422
    1.319468915    2.953097094   23.352814782   11.092445874   -7.380395645
    1.382300768    2.953097094   24.635473945   20.451789868   -3.012999006
    1.445132621    2.953097094   26.907079596   34.220907203   -0.300103769
    1.507964474    2.953097094   27.988140368   38.899221818    3.252787830
    1.570796327    2.953097094   29.791570131   39.982288874    5.487940501
    1.633628180    2.953097094   34.211990251   39.059470869    2.596477400
    1.696460033    2.953097094   38.046054817   42.504681111   -0.305159899
    1.759291886    2.953097094   41.908656109   44.121632410   -5.289283392
    1.822123739    2.953097094   45.955023230   46.622629150   -9.041727886
    1.884955592    2.953097094   49.988701058   47.095322355  -12.373645554
    1.947787445    2.953097094   51.679761011   37.563559695   -8.538639280
    2.010619298    2.953097094   54.031397027   32.737692771   -6.172711583
    2.073451151    2.953097094   54.697701187   23.621882156   -2.537572936
    2.136283004    2.953097094   56.737234580   12.925277754   -4.384884176
    2.199114858    2.953097094   57.239568586    6.566304649    0.632485009
    2.261946711    2.953097094   57.912603979   -4.990335587    5.527845221
    2.324778564    2.953097094   58.139522245  -24.472470609    9.792415032
    2.387610417    2.953097094   56.765257020  -39.239166753   10.118930980
    2.450442270    2.953097094   53.298436282  -43.887979742    9.407781516
    2.513274123    2.953097094   51.167020598  -40.195326253    6.991233966
    2.576105976    2.953097094   48.639426834  -32.868952980    6.486226021
    2.638937829    2.953097094   46.949507035  -29.858250824    4.427904975
    2.701769682    2.953097094   45.471823927  -29.484092804   -1.747455025
    2.764601535    2.953097094   44.707489553  -39.213369301    5.689541847
    2.827433388    2.953097094   41.207054308  -36.630425707    7.479247124
    2.890265241    2.953097094   38.534827900  -40.883306457   10.794942209
    2.953097094    2.953097094   33.695896195  -49.576694673   12.197033299
    3.015928947    2.953097094   28.510271419  -50.631206049    8.603873528
    3.078760801    2.953097094   23.936703159  -61.409925598   -1.487241657

   -3.141592654    3.015928947   21.464872842  -48.250617249   -4.303445786
   -3.078760801    3.015928947   17.541256107  -40.639412002   -3.164855531
   -3.015928947    3.015928947   16.303466259  -32.043484097   -2.411859563
   -2.953097094    3.015928947   14.963721891  -34.666483553   -5.421337078
   -2.890265241    3.015928947   16.561276856  -43.317795665   -4.211027837
   -2.827433388    3.015928947   15.173493194  -32.547784079   -5.429695685
   -2.764601535    3.015928947   13.953796315  -25.130027697  -11.487674373
   -2.701769682    3.015928947   12.378652899  -15.120892242  -15.531109146
   -2.638937829    3.015928947   12.960908437   -3.620499369  -14.424881120
   -2.576105976    3.015928947   13.404028751    2.224388291  -16.940128861
   -2.513274123    3.015928947   12.248268102   -1.009432205  -17.031575345
   -2.450442270    3.015928947   11.898989527    1.823661026  -14.010447855
   -2.387610417    3.015928947    9.706796002  -10.657182985   -8.894674659
   -2.324778564    3.015928947    9.670193845   -3.144136959  -11.228680774
   -2.261946711    3.015928947   12.085449098  -10.950928169  -15.592910600
   -2.199114858    3.015928947   14.517272472  -13.197973115  -15.374099813
   -2.136283004    3.015928947   14.559481408   -9.088435157  -16.905617790
   -2.073451151    3.015928947   15.952107652  -11.271688317  -18.956445281
   -2.010619298    3.015928947   16.122432231   -9.869388161  -22.542422250
   -1.947787445    3.015928947   14.739614426   -5.804454339  -26.338450016
   -1.884955592    3.015928947   14.398698913   -5.949231450  -29.887979423
   -1.822123739    3.015928947   14.834603938   -8.132168380  -29.670471258
   -1.759291886    3.015928947   13.293708954  -14.391179427  -34.099958084
   -1.696460033    3.015928947   13.629355683  -17.165437016  -37.790445791
   -1.633628180    3.015928947   13.637543988  -16.604876613  -37.505717724
   -1.570796327    3.015928947   14.533354712  -22.663800077  -36.373122509
   -1.507964474    3.015928947   12.873551910  -21.756702323  -35.067862953
   -1.445132621    3.015928947   11.797725043  -24.471773793  -34.151993338
   -1.382300768    3.015928947   11.560985934  -25.171939727  -28.852312793
   -1.319468915    3.015928947    8.303099850  -21.603468163  -23.694463998
   -1.256637061    3.015928947    6.628198756  -15.666711064  -18.496785484
   -1.193805208    3.015928947    6.612592171    1.272630356  -10.790119958
   -1.130973355    3.015928947    6.971246186   10.445884744   -6.598874651
   -1.068141502    3.015928947    8.104682129   19.196712729   -1.653264040
   -1.005309649    3.015928947    9.318953612   18.556341204   -0.972567606
   -0.942477796    3.015928947   10.490700588   14.926784789    1.770724658
   -0.879645943    3.015928947   13.202357915   12.231806831    1.392994888
   -0.816814090    3.015928947   15.118215713   21.174163818    5.930140480
   -0.753982237    3.015928947   16.965818452   33.553737581   10.388957130
   -0.691150384    3.015928947   20.060671278   42.472626725   12.805830019
   -0.628318531    3.015928947   21.519179041   46.905844935   15.357324668
   -0.565486678    3.015928947   26.065044634   47.395857706   16.818172653
   -0.502654825    3.015928947   28.933355260   55.345298655   20.638106328
   -0.439822972    3.015928947   33.505628056   56.920295113   25.521289914
   -0.376991118    3.015928947   37.687344526   59.103544736   26.908560311
   -0.314159265    3.015928947   43.448193441   55.096731577   29.677271482
   -0.251327412    3.015928947   46.977918045   51.491588446   30.060386474
   -0.188495559    3.015928947   50.192807837   44.286872678   29.634468352
   -0.125663706    3.015928947   50.996545683   36.433991920   32.200302337
   -0.062831853    3.015928947   53.004874376   30.403654528   33.923279607
    0.000000000    3.015928947   54.996286559   20.009205725   36.137914467
    0.062831853    3.015928947   56.205764163    5.686049063   32.759891558
    0.125663706    3.015928947   55.767957206   -9.183009353   24.670687963
    0.188495559    3.015928947   54.974737036  -20.192376007   16.247515499
    0.251327412    3.015928947   53.648251438  -39.697841333    8.669346509
    0.314159265    3.015928947   50.462304055  -54.609984479    0.402585650
    0.376991118    3.015928947   45.112930860  -62.875632440   -9.425882154
    0.439822972    3.015928947   40.597544291  -60.363282893  -15.087576358
    0.502654825    3.015928947   36.544964828  -53.356438020  -18.324245330
    0.565486678    3.015928947   32.836591622  -51.616689082  -19.849159217
    0.628318531    3.015928947   29.811121171  -39.051711342  -18.850310465
    0.691150384    3.015928947   28.189123218  -37.715856077  -17.803008250
    0.753982237    3.015928947   26.056453549  -51.546162091  -18.525890349
    0.816814090    3.015928947   21.879840301  -52.585450612  -14.356472514
    0.879645943    3.015928947   19.801424566  -33.341160924   -9.394071737
    0.942477796    3.015928947   22.210322226  -26.329493252   -9.126810935
    1.005309649    3.015928947   22.245526984  -12.490761432  -13.055668528
    1.068141502    3.015928947   19.902859017  -15.669563723  -13.022747255
    1.130973355    3.015928947   18.073222210  -14.426532883   -7.716824201
    1.193805208    3.015928947   16.934010640   10.835152911   -4.229883141
    1.256637061    3.015928947   20.824467321   20.689422401   -6.503297113
    1.319468915    3.015928947   24.727089507   14.733524093   -7.775639038
    1.382300768    3.015928947   26.354862121   23.981754317   -3.922431993
    1.445132621    3.015928947   28.840774424   37.076855196   -2.147142987
    1.507964474    3.015928947   30.162156374   40.477162428    0.442258909
    1.570796327    3.015928947   32.113596609   40.026327692    2.772798018
    1.633628180    3.015928947   36.349736028   36.752150170    0.859442308
    1.696460033    3.015928947   39.971800969   37.630485591   -0.521505989
    1.759291886    3.015928947   43.398949910   37.248104914   -5.254989445
    1.822123739    3.015928947   47.009216315   39.443697154   -9.482443614
    1.884955592    3.015928947   50.577528744   41.334920721  -13.650600916
    1.947787445    3.015928947   52.221110742   34.186999363  -10.561625713
    2.010619298    3.015928947   54.386347688   30.589189117   -9.011054258
    2.073451151    3.015928947   54.918841087   21.271486937   -6.279920438
    2.136283004    3.015928947   56.442270547   10.799179992   -9.517719006
    2.199114858    3.015928947   56.855361061    4.341111067   -6.044838192
    2.261946711    3.015928947   57.463318652   -6.482726118   -2.203124309
    2.324778564    3.015928947   57.652475947  -26.168119895    2.403794152
    2.387610417    3.015928947   56.033831030  -41.990379011    2.795464789
    2.450442270    3.015928947   52.383109021  -46.390576529    4.080221831
    2.513274123    3.015928947   50.037038423  -41.654823432    3.850299179
    2.576105976    3.015928947   47.480760387  -34.757468941    4.972596523
    2.638937829    3.015928947   45.681844645  -30.513437869    2.714866248
    2.701769682    3.015928947   43.905217399  -28.241537538   -4.074073361
    2.764601535    3.015928947   43.668929464  -34.967828923   -0.246769663
    2.827433388    3.015928947   40.465685396  -30.863550194   -0.047652002
    2.890265241    3.015928947   38.235686929  -34.901642906    2.299083511
    2.953097094    3.015928947   33.828909045  -46.309737925    5.432956608
    3.015928947    3.015928947   28.832420920  -49.746391290    6.002621956
    3.078760801    3.015928947   24.030756457  -58.756418422   -0.182791898

   -3.141592654    3.078760801   22.826199431  -49.616393308   -3.495341128
   -3.078760801    3.078760801   18.904496914  -42.055642572   -3.050662949
   -3.015928947    3.078760801   17.649789912  -33.476284432   -3.135123975
   -2.953097094    3.078760801   16.143053309  -35.421184702   -5.470868984
   -2.890265241    3.078760801   17.864301170  -44.104547315   -3.882429474
   -2.827433388    3.078760801   16.427550819  -33.941670066   -5.723422685
   -2.764601535    3.078760801   14.829707713  -27.347746224  -13.190487297
   -2.701769682    3.078760801   12.978286129  -17.970692687  -18.467495203
   -2.638937829    3.078760801   13.534253411   -6.975857270  -19.097693113
   -2.576105976    3.078760801   13.727858435   -0.300145711  -21.293093186
   -2.513274123    3.078760801   12.396671564   -2.443495705  -20.995702090
   -2.450442270    3.078760801   12.064359222    0.164092320  -16.325761940
   -2.387610417    3.078760801   10.077623826  -12.709147168   -7.509104412
   -2.324778564    3.078760801    9.759097147   -4.884950881   -7.673731059
   -2.261946711    3.078760801   11.790523013  -12.856128101  -11.648121781
   -2.199114858    3.078760801   14.215359891  -13.444055671  -10.788524356
   -2.136283004    3.078760801   14.277318014   -8.843024986  -10.401289825
   -2.073451151    3.078760801   15.700287206  -10.940673922  -11.408056812
   -2.010619298    3.078760801   15.834462588  -10.902601094  -14.888721864
   -1.947787445    3.078760801   14.419942596   -7.545064828  -18.559509908
   -1.884955592    3.078760801   14.012724884   -7.438830550  -23.783557126
   -1.822123739    3.078760801   14.615479386  -10.585413657  -24.807430961
   -1.759291886    3.078760801   12.902196967  -16.180328986  -31.209394534
   -1.696460033    3.078760801   13.061164505  -18.504019946  -37.183048142
   -1.633628180    3.078760801   13.109425054  -16.422286477  -39.164203252
   -1.570796327    3.078760801   14.069341198  -21.313765041  -39.730284549
   -1.507964474    3.078760801   12.511046054  -20.333388122  -38.257994097
   -1.445132621    3.078760801   11.554407179  -21.683340436  -35.434042569
   -1.382300768    3.078760801   11.700805594  -20.646229870  -28.044284032
   -1.319468915    3.078760801    8.863736887  -15.599264873  -19.373780095
   -1.256637061    3.078760801    7.538315580   -8.922569142  -12.900311712
   -1.193805208    3.078760801    7.990834808    7.624201797   -5.890798208
   -1.130973355    3.078760801    8.559895305   14.951973498   -3.413480899
   -1.068141502    3.078760801    9.954488350   21.299865371   -0.852918989
   -1.005309649    3.078760801   11.207271288   19.786180749   -1.136311439
   -0.942477796    3.078760801   12.589640616   17.744222428    1.611490548
   -0.879645943    3.078760801   15.339518357   17.852749769    1.928729529
   -0.816814090    3.078760801   17.604319265   27.470209771    7.005258019
   -0.753982237    3.078760801   19.790418541   38.702795626   11.819079879
   -0.691150384    3.078760801   23.060766477   45.946011352   13.759317681
   -0.628318531    3.078760801   24.722480871   49.500980080   16.846883540
   -0.565486678    3.078760801   29.377023189   50.418664184   17.744260648
   -0.502654825    3.078760801   32.455995492   57.799992939   20.242760325
   -0.439822972    3.078760801   37.277997873   58.225972766   23.141548226
   -0.376991118    3.078760801   41.471037840   60.224446949   22.779602861
   -0.314159265    3.078760801   47.305061155   56.421014271   23.509647149
   -0.251327412    3.078760801   50.770899654   52.821509727   22.716714061
   -0.188495559    3.078760801   53.852118559   45.375912980   20.953961653
   -0.125663706    3.078760801   54.696625605   36.983718103   22.296555236
   -0.062831853    3.078760801   56.601291199   28.207388181   20.498556878
    0.000000000    3.078760801   58.489993409   14.321423393   18.912668589
    0.062831853    3.078760801   59.197069447   -4.103092440   10.925572511
    0.125663706    3.078760801   57.979504897  -21.496526982   -0.634058766
    0.188495559    3.078760801   56.430708090  -33.069527705  -10.736205798
    0.251327412    3.078760801   54.467202560  -51.469780573  -18.060208895
    0.314159265    3.078760801   50.643165671  -64.106970867  -24.620551458
    0.376991118    3.078760801   44.641822263  -69.545602775  -30.768126918
    0.439822972    3.078760801   39.734989581  -65.266850098  -33.156857822
    0.502654825    3.078760801   35.486818383  -56.025395093  -32.701742587
    0.565486678    3.078760801   31.708282478  -53.275379650  -30.728447076
    0.628318531    3.078760801   28.763438326  -39.778373149  -27.043129449
    0.691150384    3.078760801   27.292103068  -37.419392823  -22.556796018
    0.753982237    3.078760801   25.220254397  -49.852708271  -19.739024364
    0.816814090    3.078760801   21.442491052  -49.042473688  -11.848923370
    0.879645943    3.078760801   19.786995701  -29.533206693   -4.722501200
    0.942477796    3.078760801   22.291474483  -23.141442153   -4.132467959
    1.005309649    3.078760801   22.141584553  -11.959939025   -8.247766909
    1.068141502    3.078760801   19.891913634  -14.676754222   -8.112164489
    1.130973355    3.078760801   18.447955972  -10.004799834   -3.642224640
    1.193805208    3.078760801   17.625132895   15.108070779    0.074676933
    1.256637061    3.078760801   21.444433253   24.200523513   -2.542961280
    1.319468915    3.078760801   25.369696124   17.745375422   -2.968078081
    1.382300768    3.078760801   27.283392285   26.419088629    0.515671901
    1.445132621    3.078760801   29.900067947   38.601461772    1.757486560
    1.507964474    3.078760801   31.374073608   41.494526212    3.629383283
    1.570796327    3.078760801   33.443007531   40.045386835    5.957742574
    1.633628180    3.078760801   37.557503875   35.777026613    5.754487247
    1.696460033    3.078760801   41.105069162   34.880198915    7.158473940
    1.759291886    3.078760801   44.213089466   32.584279676    4.613499049
    1.822123739    3.078760801   47.498542030   34.357553632    1.705510332
    1.884955592    3.078760801   50.718760231   37.370269564   -2.237847372
    1.947787445    3.078760801   52.449786774   32.750252787   -0.320188215
    2.010619298    3.078760801   54.590981394   30.933014612   -1.231608869
    2.073451151    3.078760801   55.184824020   21.795875760   -1.426046607
    2.136283004    3.078760801   56.413553799   12.059337562   -7.739307855
    2.199114858    3.078760801   56.952435616    5.948533564   -8.230277061
    2.261946711    3.078760801   57.744989042   -3.925654865   -7.818693848
    2.324778564    3.078760801   58.216399465  -22.814862495   -5.964748176
    2.387610417    3.078760801   56.675722443  -38.976926261   -7.095138305
    2.450442270    3.078760801   53.240942636  -43.071942383   -4.972958438
    2.513274123    3.078760801   51.026072576  -37.844190227   -4.452986032
    2.576105976    3.078760801   48.744826744  -33.078073094   -1.156824864
    2.638937829    3.078760801   46.965557356  -29.873906723   -2.385346553
    2.701769682    3.078760801   44.911680729  -28.049565376   -8.199591115
    2.764601535    3.078760801   44.935869635  -34.388136076   -6.988602345
    2.827433388    3.078760801   41.787981496  -29.502628774   -7.870712615
    2.890265241    3.078760801   39.717194516  -32.739575014   -6.851059003
    2.953097094    3.078760801   35.580766266  -44.922127295   -2.295718571
    3.015928947    3.078760801   30.741779350  -49.796051311    1.866346237
    3.078760801    3.078760801   25.666255675  -58.800347475   -0.019669294
