#! FIELDS phi psi file.free der_phi der_psi
#! SET min_phi -pi
#! SET max_phi pi
#! SET nbins_phi  100
#! SET periodic_phi true
#! SET min_psi -pi
#! SET max_psi pi
#! SET nbins_psi  100
#! SET periodic_psi true
   -3.141592654   -3.141592654   20.281623913  -11.212908642   24.295632193
   -3.078760801   -3.141592654   19.829369171  -11.702096815    6.904305122
   -3.015928947   -3.141592654   19.805778245   -6.742683353  -18.886747731
   -2.953097094   -3.141592654   19.720153638   -2.644313627  -18.308780750
   -2.890265241   -3.141592654   20.178089036   -9.419642373  -12.444992873
   -2.827433388   -3.141592654   19.519979161  -14.422000449   -9.482803715
   -2.764601535   -3.141592654   18.770374684  -16.393555710  -12.846365357
   -2.701769682   -3.141592654   18.757503428    3.344734760  -13.473658476
   -2.638937829   -3.141592654   19.594527317   19.809346283  -11.221733806
   -2.576105976   -3.141592654   22.696541857   11.765487096   -7.517002483
   -2.513274123   -3.141592654   24.024051229    4.940790005  -18.376818414
   -2.450442270   -3.141592654   25.355590071   11.079195350  -30.374046477
   -2.387610417   -3.141592654   25.824733386    2.575655485  -34.151934123
   -2.324778564   -3.141592654   24.334859657  -20.508359494  -27.348903563
   -2.261946711   -3.141592654   22.319046558  -27.811359587  -20.007906699
   -2.199114858   -3.141592654   21.133186606   -6.345891316  -22.428848649
   -2.136283004   -3.141592654   22.767067037   11.646211493  -36.250593442
   -2.073451151   -3.141592654   23.876197845   17.512635381  -54.482604648
   -2.010619298   -3.141592654   23.743316448   -1.483679823  -57.640348967
   -1.947787445   -3.141592654   23.149648630  -13.712958393  -50.338350818
   -1.884955592   -3.141592654   22.419655961   -8.361772805  -35.263121483
   -1.822123739   -3.141592654   21.591569462   -6.090000254  -16.322220110
   -1.759291886   -3.141592654   21.628354493    0.942358821   -8.838399180
   -1.696460033   -3.141592654   23.160434027   -6.394201536  -17.599405195
   -1.633628180   -3.141592654   23.261138548   12.580286802  -22.961700678
   -1.570796327   -3.141592654   24.767471071   31.385076647  -23.124425010
   -1.507964474   -3.141592654   27.090621447   30.281811295   -7.697166526
   -1.445132621   -3.141592654   29.276242713   12.842309392    1.678476740
   -1.382300768   -3.141592654   30.591120409    1.482784434    1.505560844
   -1.319468915   -3.141592654   30.482890876   -4.551766081   -9.991019321
   -1.256637061   -3.141592654   30.142074077   -6.444261981  -28.837893963
   -1.193805208   -3.141592654   29.692493470   -6.456832467  -43.838629921
   -1.130973355   -3.141592654   29.587345261   -2.394828429  -50.661400199
   -1.068141502   -3.141592654   29.726188614    0.023304726  -49.244161953
   -1.005309649   -3.141592654   29.856856988    1.849450499  -48.679552417
   -0.942477796   -3.141592654   30.330865404   14.959342349  -40.793175989
   -0.879645943   -3.141592654   31.943984766   37.771403992  -22.784819831
   -0.816814090   -3.141592654   35.320144856   58.514588637    2.529436783
   -0.753982237   -3.141592654   39.477192487   71.957160789   20.921765733
   -0.691150384   -3.141592654   44.230381966   77.866276152   37.329065546
   -0.628318531   -3.141592654   49.154645712   78.453280135   44.619308942
   -0.565486678   -3.141592654   54.075969194   77.105046535   41.693419150
   -0.502654825   -3.141592654   58.823166176   63.288993389   31.022300026
   -0.439822972   -3.141592654   62.245203393   42.161694553   17.370819340
   -0.376991118   -3.141592654   64.230086282   22.004606735    5.090147434
   -0.314159265   -3.141592654   65.203422365    9.683519797   -1.674597135
   -0.251327412   -3.141592654   65.527906795    3.370980449   -4.029121033
   -0.188495559   -3.141592654   65.646991910    0.663589827   -3.948470384
   -0.125663706   -3.141592654   65.647079926   -0.562548286   -2.895165587
   -0.062831853   -3.141592654   65.570526836   -1.758354029   -1.682912727
    0.000000000   -3.141592654   65.408090341   -3.343517764   -1.258454149
    0.062831853   -3.141592654   65.124401566   -5.572291528   -2.235735698
    0.125663706   -3.141592654   64.697351894   -8.152139944   -3.924058000
    0.188495559   -3.141592654   64.072393805  -12.163037357   -5.690868668
    0.251327412   -3.141592654   63.109881429  -18.682697333   -6.363424665
    0.314159265   -3.141592654   61.347283190  -32.820887478   -6.297415099
    0.376991118   -3.141592654   58.796932414  -48.398432593   -6.007072188
    0.439822972   -3.141592654   55.235639114  -64.586306637   -7.304384028
    0.502654825   -3.141592654   50.762118278  -76.977253170  -10.196750580
    0.565486678   -3.141592654   45.707047349  -82.529006539  -14.572661839
    0.628318531   -3.141592654   40.587424390  -78.767596703  -18.332641039
    0.691150384   -3.141592654   35.985971127  -66.742836135  -22.873785616
    0.753982237   -3.141592654   32.878818479  -60.590471640  -31.371451873
    0.816814090   -3.141592654   29.594263546  -44.496641538  -40.268153399
    0.879645943   -3.141592654   26.196237224  -38.448440955  -40.596020192
    0.942477796   -3.141592654   22.814859424  -36.955329821  -37.712585259
    1.005309649   -3.141592654   20.796721686  -26.364930222  -21.692148285
    1.068141502   -3.141592654   20.083951012  -18.245285987   -5.987410149
    1.130973355   -3.141592654   19.261670086   -2.935247305    6.010895773
    1.193805208   -3.141592654   18.073173638    3.136723605   -5.478630224
    1.256637061   -3.141592654   19.881586544   14.285025693  -21.504456563
    1.319468915   -3.141592654   20.223918880   11.442955899  -32.862056987
    1.382300768   -3.141592654   21.812068270    7.824832915  -36.159485257
    1.445132621   -3.141592654   22.644073492   19.365354980  -36.340889651
    1.507964474   -3.141592654   26.252882725    9.893507948  -30.058269168
    1.570796327   -3.141592654   26.984650547   12.832893650  -23.846344811
    1.633628180   -3.141592654   27.988763111   19.652724703  -19.881665639
    1.696460033   -3.141592654   30.006793844   23.236323451  -13.666901973
    1.759291886   -3.141592654   31.600596737   26.457366660  -15.189231821
    1.822123739   -3.141592654   33.343078983   31.281622058  -17.196037375
    1.884955592   -3.141592654   34.785831857   25.845481604  -14.807762728
    1.947787445   -3.141592654   36.142702322   15.975964259   -9.309812754
    2.010619298   -3.141592654   36.925044981   12.059481941   -4.217482691
    2.073451151   -3.141592654   38.219144223   27.522756949   -6.307972826
    2.136283004   -3.141592654   40.433954721   37.947812847   -8.134830171
    2.199114858   -3.141592654   41.716145678   -1.023406664  -13.770561387
    2.261946711   -3.141592654   40.844546798  -24.902682186  -11.825325350
    2.324778564   -3.141592654   39.096904325  -36.466040374  -11.507614854
    2.387610417   -3.141592654   38.242631017  -36.931922721   -2.488280589
    2.450442270   -3.141592654   36.057516155  -33.028170325    8.302208748
    2.513274123   -3.141592654   33.729373376  -40.438913556   24.234553757
    2.576105976   -3.141592654   31.044227454  -42.970269946   30.868906941
    2.638937829   -3.141592654   28.650097667  -34.839427387   24.046247268
    2.701769682   -3.141592654   26.786349607  -24.444343406   10.975202212
    2.764601535   -3.141592654   25.456524839  -17.237658196    2.556354734
    2.827433388   -3.141592654   24.594490508   -9.248796171    6.668455097
    2.890265241   -3.141592654   23.643628369  -14.026732795   22.559887575
    2.953097094   -3.141592654   22.944865055   -7.667195872   33.287916303
    3.015928947   -3.141592654   22.394552980   -2.825320333   30.397786477
    3.078760801   -3.141592654   20.985190089  -10.915871537   28.500036112

   -3.141592654   -3.078760801   21.458039196  -13.923592379   25.763459440
   -3.078760801   -3.078760801   20.415488389  -25.013625721   15.363913122
   -3.015928947   -3.078760801   19.140151061  -14.026481758   -3.811055372
   -2.953097094   -3.078760801   19.063717387    2.726751267   -8.997481814
   -2.890265241   -3.078760801   20.030072855   -6.668533955   -3.152123041
   -2.827433388   -3.078760801   19.600137113  -15.579757878   -0.754718343
   -2.764601535   -3.078760801   18.424185180  -18.072752307  -12.134078985
   -2.701769682   -3.078760801   18.114936415    1.473624245  -22.222810347
   -2.638937829   -3.078760801   18.856089651   18.752452438  -27.335784282
   -2.576105976   -3.078760801   22.163299874    7.176991418  -22.374192687
   -2.513274123   -3.078760801   22.831956941   -3.929512511  -26.198126450
   -2.450442270   -3.078760801   23.308804495    0.684615511  -32.666670228
   -2.387610417   -3.078760801   23.317774164   -0.033614448  -35.365934204
   -2.324778564   -3.078760801   22.190829756  -13.136131943  -24.783070926
   -2.261946711   -3.078760801   20.842997128  -19.364785350   -8.794876647
   -2.199114858   -3.078760801   19.859115763  -10.229358074    0.583492972
   -2.136283004   -3.078760801   20.767039259   -3.273209281   -8.197559680
   -2.073451151   -3.078760801   20.753302697    5.564935707  -26.548198854
   -2.010619298   -3.078760801   20.392761773   -0.192058354  -35.061658529
   -1.947787445   -3.078760801   20.191203555   -2.092027235  -36.765928386
   -1.884955592   -3.078760801   20.459152977   10.328675209  -27.014984203
   -1.822123739   -3.078760801   21.026699920   11.966761886   -8.029090086
   -1.759291886   -3.078760801   21.892594368   10.329983382    6.575653250
   -1.696460033   -3.078760801   23.306632374   -6.294545263    8.448044439
   -1.633628180   -3.078760801   23.369369848    8.561052014    9.621073493
   -1.570796327   -3.078760801   24.880075013   37.036081543    3.633158648
   -1.507964474   -3.078760801   28.057717196   45.460602762    6.111134821
   -1.445132621   -3.078760801   30.824537205   23.599217917    4.916628330
   -1.382300768   -3.078760801   32.063941093   -4.725373552   -4.682359296
   -1.319468915   -3.078760801   31.192808003  -22.970966584  -20.532659811
   -1.256637061   -3.078760801   29.663386805  -24.301443590  -37.631039357
   -1.193805208   -3.078760801   28.365858302  -14.331045446  -44.568991890
   -1.130973355   -3.078760801   27.952071719   -3.546827950  -41.134748020
   -1.068141502   -3.078760801   28.150660584   -0.535903344  -33.029375424
   -1.005309649   -3.078760801   28.230664422    2.895485289  -26.248864161
   -0.942477796   -3.078760801   29.101200932   25.740900495  -15.233175219
   -0.879645943   -3.078760801   31.573765590   52.809636922   -1.461672975
   -0.816814090   -3.078760801   36.211944543   71.362590038   17.390914687
   -0.753982237   -3.078760801   41.171403867   84.218732306   26.975113463
   -0.691150384   -3.078760801   46.495396167   82.222236857   29.896711562
   -0.628318531   -3.078760801   51.433149291   74.463986367   24.735425492
   -0.565486678   -3.078760801   55.924612269   67.092824942   15.662757774
   -0.502654825   -3.078760801   59.896521828   50.240579417    3.590257490
   -0.439822972   -3.078760801   62.519256542   30.006849285   -6.909532917
   -0.376991118   -3.078760801   63.925255430   15.948344360  -12.369178080
   -0.314159265   -3.078760801   64.672161507    8.629317085  -12.393382996
   -0.251327412   -3.078760801   65.020705244    4.555254497   -9.946692484
   -0.188495559   -3.078760801   65.259929893    3.107600908   -6.616147578
   -0.125663706   -3.078760801   65.419452576    1.901122954   -3.200128862
   -0.062831853   -3.078760801   65.471320985   -0.349844114   -0.840819026
    0.000000000   -3.078760801   65.356763841   -3.497670467   -0.301899615
    0.062831853   -3.078760801   65.024177124   -6.922369698   -1.362600417
    0.125663706   -3.078760801   64.494409876   -9.961581683   -3.491817367
    0.188495559   -3.078760801   63.769357332  -13.397728683   -5.681109915
    0.251327412   -3.078760801   62.784494592  -18.125876862   -6.515697268
    0.314159265   -3.078760801   61.058931892  -31.692327835   -6.427253465
    0.376991118   -3.078760801   58.559491482  -47.975908559   -5.761275928
    0.439822972   -3.078760801   54.960184990  -66.380713622   -6.650411556
    0.502654825   -3.078760801   50.269267991  -81.733205738  -11.022010290
    0.565486678   -3.078760801   44.888136327  -87.773147233  -17.247027891
    0.628318531   -3.078760801   39.443028458  -83.725310967  -23.747548545
    0.691150384   -3.078760801   34.522241363  -72.002531706  -27.880262595
    0.753982237   -3.078760801   30.966826131  -64.479819230  -31.823709948
    0.816814090   -3.078760801   27.529872625  -44.572825544  -28.829852703
    0.879645943   -3.078760801   24.612582173  -29.282226941  -19.999620252
    0.942477796   -3.078760801   22.064141172  -17.162282956  -11.894563647
    1.005309649   -3.078760801   21.578451430    1.495793615   -2.271290564
    1.068141502   -3.078760801   22.359720711    7.729256094    2.470912149
    1.130973355   -3.078760801   22.541018090    6.403702812   -1.099212011
    1.193805208   -3.078760801   20.784568221   -9.936085110  -17.485367148
    1.256637061   -3.078760801   21.487489810   -6.523375570  -29.026247295
    1.319468915   -3.078760801   21.120570905   -5.754237830  -18.228429224
    1.382300768   -3.078760801   22.074256454   -4.979055680   -7.826875756
    1.445132621   -3.078760801   22.274594771   12.169988883   -2.358493227
    1.507964474   -3.078760801   25.355160012    3.497531832   -7.173219346
    1.570796327   -3.078760801   25.917818523   10.305260226   -6.930885889
    1.633628180   -3.078760801   26.918226508   21.955604635   -4.715365657
    1.696460033   -3.078760801   29.430465464   24.731210358    9.232117473
    1.759291886   -3.078760801   31.041456696   22.734025383   15.952710650
    1.822123739   -3.078760801   32.431402747   23.484083221   11.010205068
    1.884955592   -3.078760801   33.550341903   22.780081490    0.216157509
    1.947787445   -3.078760801   34.977724044   21.487267644   -6.483666926
    2.010619298   -3.078760801   36.246156353   19.345014026   -1.274189816
    2.073451151   -3.078760801   37.799245336   30.872501785    4.943018990
    2.136283004   -3.078760801   40.146895437   39.048677650    9.221297513
    2.199114858   -3.078760801   41.161051001    3.297351226    5.711814769
    2.261946711   -3.078760801   40.539418628  -22.855885099   10.379287401
    2.324778564   -3.078760801   38.910637488  -36.744658629   12.038159510
    2.387610417   -3.078760801   38.456398939  -34.819033742   15.173924129
    2.450442270   -3.078760801   36.586489035  -23.330485055   13.871605008
    2.513274123   -3.078760801   35.065370911  -29.115269011   21.838761200
    2.576105976   -3.078760801   32.870693958  -40.606765502   31.072900265
    2.638937829   -3.078760801   30.243639572  -45.251157223   34.499887676
    2.701769682   -3.078760801   27.558270518  -38.902032497   28.646599615
    2.764601535   -3.078760801   25.455419152  -26.712351270   19.546056661
    2.827433388   -3.078760801   24.359346043   -6.316823549   12.951466987
    2.890265241   -3.078760801   24.019715385    0.448888678   16.413586967
    2.953097094   -3.078760801   24.131459796    0.811789756   27.863879032
    3.015928947   -3.078760801   23.815566383   -8.771672755   34.922914667
    3.078760801   -3.078760801   22.383980065  -15.947633564   34.425613810

   -3.141592654   -3.015928947   22.291109971  -23.823706283   11.646501589
   -3.078760801   -3.015928947   20.549664599  -36.033369730    7.439654476
   -3.015928947   -3.015928947   18.333235380  -22.193604672   -1.646086211
   -2.953097094   -3.015928947   17.998396707    4.079969761   -5.645495552
   -2.890265241   -3.015928947   19.435493979    0.425924642   -1.198847471
   -2.827433388   -3.015928947   19.507345193  -14.176382750    6.396276485
   -2.764601535   -3.015928947   17.878607618  -22.123913317   -1.653065872
   -2.701769682   -3.015928947   17.087188537   -4.825500233  -13.883683911
   -2.638937829   -3.015928947   17.620691820   18.834204024  -29.411429152
   -2.576105976   -3.015928947   21.548191153   16.470126404  -34.954289007
   -2.513274123   -3.015928947   22.652989241    6.547692004  -37.440115052
   -2.450442270   -3.015928947   23.272850412    1.044046849  -37.494109586
   -2.387610417   -3.015928947   23.130514186   -3.661082732  -37.086076736
   -2.324778564   -3.015928947   22.155794176  -12.019165445  -28.952530436
   -2.261946711   -3.015928947   21.083618510  -15.223653999  -16.782157649
   -2.199114858   -3.015928947   20.247338586  -10.837267988   -4.805991394
   -2.136283004   -3.015928947   20.627351660  -11.987062820   -3.618613196
   -2.073451151   -3.015928947   19.817746783   -4.646067293   -6.994331780
   -2.010619298   -3.015928947   19.230448465   -1.607920124   -8.606836830
   -1.947787445   -3.015928947   19.057447638    4.101889946  -12.316721359
   -1.884955592   -3.015928947   19.948804831   23.438212687  -10.459960058
   -1.822123739   -3.015928947   21.651456280   29.336224349   -0.994226939
   -1.759291886   -3.015928947   23.537720640   25.340868130   10.034184597
   -1.696460033   -3.015928947   25.347865149    2.722522419   16.495666487
   -1.633628180   -3.015928947   25.711836531    3.176886118   23.106718530
   -1.570796327   -3.015928947   26.692189849   27.281924754   11.758068770
   -1.507964474   -3.015928947   29.548297855   40.786662289   -0.662855996
   -1.445132621   -3.015928947   31.852310718   19.563525370  -13.956396183
   -1.382300768   -3.015928947   32.442076832  -15.195358750  -26.535014647
   -1.319468915   -3.015928947   30.780293185  -36.794487265  -37.211025139
   -1.256637061   -3.015928947   28.557053717  -30.988336684  -45.330849701
   -1.193805208   -3.015928947   27.036306146  -12.554663843  -47.500193643
   -1.130973355   -3.015928947   26.894897703    1.865824158  -41.838938641
   -1.068141502   -3.015928947   27.507332879    4.609672543  -33.466546889
   -1.005309649   -3.015928947   27.893717645    7.615136110  -23.777210151
   -0.942477796   -3.015928947   29.163530117   32.594956056  -14.976435291
   -0.879645943   -3.015928947   32.057150469   59.346406738   -5.075762737
   -0.816814090   -3.015928947   37.656247614   76.644448768   14.814704158
   -0.753982237   -3.015928947   42.781975715   83.000396744   16.092988205
   -0.691150384   -3.015928947   47.756116245   72.848644722    6.822995824
   -0.628318531   -3.015928947   52.079402402   64.553733327   -3.918614753
   -0.565486678   -3.015928947   55.954324487   57.391738869  -12.405153203
   -0.502654825   -3.015928947   59.249654341   41.216133833  -20.922498003
   -0.439822972   -3.015928947   61.457538753   25.835735419  -23.468418326
   -0.376991118   -3.015928947   62.802824968   17.587691606  -20.927122260
   -0.314159265   -3.015928947   63.733007654   12.488462273  -15.958282064
   -0.251327412   -3.015928947   64.346917917    9.115329947  -10.657830627
   -0.188495559   -3.015928947   64.865970558    7.506150581   -5.391098327
   -0.125663706   -3.015928947   65.269724874    5.129057874   -1.503008379
   -0.062831853   -3.015928947   65.466449947    1.130692200    0.801254063
    0.000000000   -3.015928947   65.388708865   -3.552083464    1.380532089
    0.062831853   -3.015928947   65.016687047   -8.144943460    0.201649372
    0.125663706   -3.015928947   64.398878696  -11.461548798   -2.543304721
    0.188495559   -3.015928947   63.594372862  -14.226909948   -7.721242018
    0.251327412   -3.015928947   62.575399181  -18.361838385  -15.044995944
    0.314159265   -3.015928947   60.880639498  -31.277198497  -23.649870177
    0.376991118   -3.015928947   58.331030951  -50.360083344  -34.251091766
    0.439822972   -3.015928947   54.430677635  -74.159060852  -45.846204401
    0.502654825   -3.015928947   49.085031046  -94.675475937  -57.065763384
    0.565486678   -3.015928947   42.773974802 -103.476987456  -66.907053200
    0.628318531   -3.015928947   36.410820187  -96.336147624  -71.774743806
    0.691150384   -3.015928947   30.927915326  -76.808181825  -68.156006436
    0.753982237   -3.015928947   27.198086674  -58.652114279  -58.536638053
    0.816814090   -3.015928947   24.283889321  -34.190855728  -42.236508541
    0.879645943   -3.015928947   22.148939523  -18.076529327  -32.408597020
    0.942477796   -3.015928947   20.333227546   -5.251117272  -30.231673530
    1.005309649   -3.015928947   20.627324865   14.392767146  -32.772496238
    1.068141502   -3.015928947   22.039138340   17.424788657  -36.968614959
    1.130973355   -3.015928947   22.419974433    8.909144548  -44.894174221
    1.193805208   -3.015928947   20.418711475  -11.833007356  -51.068499247
    1.256637061   -3.015928947   21.106270977   -2.212407854  -52.044796231
    1.319468915   -3.015928947   22.107161105    7.490590124  -29.600036060
    1.382300768   -3.015928947   23.850828719    4.623742242  -20.177659632
    1.445132621   -3.015928947   24.383906319   12.887397130  -15.251589492
    1.507964474   -3.015928947   26.743668030   -4.111659982  -27.235987524
    1.570796327   -3.015928947   27.093285163    4.313330238  -24.848966741
    1.633628180   -3.015928947   27.973362519   24.386473893  -19.333209361
    1.696460033   -3.015928947   31.215353361   31.679651379   -0.063611474
    1.759291886   -3.015928947   33.279006628   23.826163723   16.214815795
    1.822123739   -3.015928947   34.436802662   11.726476193   22.932245613
    1.884955592   -3.015928947   34.722890059    6.634650032   17.373109190
    1.947787445   -3.015928947   35.270649987   12.716976660    4.655792163
    2.010619298   -3.015928947   36.419706185   23.075060074   -0.992998189
    2.073451151   -3.015928947   38.286802090   38.866924892    1.485874490
    2.136283004   -3.015928947   41.146441961   44.605731377   11.362808297
    2.199114858   -3.015928947   42.293313271   11.325316189   17.470284803
    2.261946711   -3.015928947   42.256266270  -15.748430267   29.419544595
    2.324778564   -3.015928947   41.002464056  -33.693233585   35.722338234
    2.387610417   -3.015928947   40.809114176  -35.477946511   34.521923967
    2.450442270   -3.015928947   38.725689112  -24.055798488   20.947420305
    2.513274123   -3.015928947   37.466466911  -24.326525669   12.868869208
    2.576105976   -3.015928947   35.687218095  -33.383915446   10.815950220
    2.638937829   -3.015928947   33.373187666  -44.283836551   15.642625663
    2.701769682   -3.015928947   30.566310310  -43.940171894   19.764500898
    2.764601535   -3.015928947   27.997371629  -36.681821365   19.298101981
    2.827433388   -3.015928947   26.197826087  -18.496903872   12.006749348
    2.890265241   -3.015928947   25.302572744   -5.030595246    0.073499686
    2.953097094   -3.015928947   25.363529725    2.891987538   -5.983170985
    3.015928947   -3.015928947   25.260300130  -11.061735688    0.076872990
    3.078760801   -3.015928947   23.816687690  -23.376499856   10.017083464

   -3.141592654   -2.953097094   23.922312468  -16.835084305    6.323832111
   -3.078760801   -2.953097094   22.389193772  -34.046788197   10.758692083
   -3.015928947   -2.953097094   20.077740040  -22.042072131    7.512528687
   -2.953097094   -2.953097094   19.778755511    6.947134608    1.147090982
   -2.890265241   -2.953097094   21.669569976    9.418465846   -0.203705470
   -2.827433388   -2.953097094   22.494978039   -6.755839265    7.203527216
   -2.764601535   -2.953097094   20.783801959  -22.169101780    6.963582753
   -2.701769682   -2.953097094   19.554650946  -16.831670895    3.118521680
   -2.638937829   -2.953097094   19.130047421    0.769554823  -11.460097769
   -2.576105976   -2.953097094   22.351375752    6.864399753  -29.134431807
   -2.513274123   -2.953097094   23.167308248   11.390738479  -41.561895662
   -2.450442270   -2.953097094   24.100508301    9.639197877  -40.687150856
   -2.387610417   -2.953097094   24.473424694    4.264162666  -33.499686071
   -2.324778564   -2.953097094   24.284765418   -1.694075895  -24.865613616
   -2.261946711   -2.953097094   23.964385445   -4.897919298  -20.716283255
   -2.199114858   -2.953097094   23.716806135   -2.516244566  -18.987961835
   -2.136283004   -2.953097094   24.170154746   -7.783102859  -18.502323390
   -2.073451151   -2.953097094   23.342271460   -6.469065109  -10.545553859
   -2.010619298   -2.953097094   22.649730083   -6.829695463   -0.854880111
   -1.947787445   -2.953097094   21.770669276   -6.818350710   -1.942771236
   -1.884955592   -2.953097094   21.864979786   10.035656418   -6.712553958
   -1.822123739   -2.953097094   22.954311120   21.650941433  -10.759195641
   -1.759291886   -2.953097094   24.545379174   25.008586261   -8.351757104
   -1.696460033   -2.953097094   26.276049909    9.160052820   -2.403466124
   -1.633628180   -2.953097094   27.075574544    1.025452805   10.915241233
   -1.570796327   -2.953097094   27.594682615   14.487219579    6.845707307
   -1.507964474   -2.953097094   29.686681846   27.024907576   -8.696324670
   -1.445132621   -2.953097094   31.173071886   11.931725163  -25.903117704
   -1.382300768   -2.953097094   31.211000033  -20.877262444  -36.593699356
   -1.319468915   -2.953097094   29.196060536  -41.959959378  -40.663769724
   -1.256637061   -2.953097094   26.715252870  -32.725772069  -41.681767881
   -1.193805208   -2.953097094   24.981656006  -12.664533079  -43.190645141
   -1.130973355   -2.953097094   25.029513273    3.623532208  -38.519515927
   -1.068141502   -2.953097094   25.899859724   11.149748496  -35.780268166
   -1.005309649   -2.953097094   26.840943436   14.698306899  -28.283505713
   -0.942477796   -2.953097094   28.664004263   42.934764923  -22.549915689
   -0.879645943   -2.953097094   32.336572286   72.977351406   -8.733020747
   -0.816814090   -2.953097094   39.201097729   80.303871487   13.186900190
   -0.753982237   -2.953097094   44.074740478   72.114804322   12.132090103
   -0.691150384   -2.953097094   48.212554360   59.042242240    4.892747716
   -0.628318531   -2.953097094   51.813443938   54.995413173   -1.110304825
   -0.565486678   -2.953097094   55.133152160   49.038061805   -8.037352265
   -0.502654825   -2.953097094   57.959708310   37.354744780  -15.065536764
   -0.439822972   -2.953097094   60.072949499   27.224433914  -17.064507742
   -0.376991118   -2.953097094   61.606504552   21.778829536  -15.032864423
   -0.314159265   -2.953097094   62.836013648   17.361946320  -11.491473902
   -0.251327412   -2.953097094   63.788229288   14.463983750   -6.365098654
   -0.188495559   -2.953097094   64.622650937   11.852570178   -1.729778658
   -0.125663706   -2.953097094   65.249534577    7.763613312    1.271012463
   -0.062831853   -2.953097094   65.547737737    1.859584037    2.281018800
    0.000000000   -2.953097094   65.463439899   -4.597709527    1.550544378
    0.062831853   -2.953097094   64.976297564  -10.756699182   -0.550532273
    0.125663706   -2.953097094   64.108855545  -16.742894611   -5.290661599
    0.188495559   -2.953097094   62.854734354  -23.282143361  -14.023913572
    0.251327412   -2.953097094   61.173432347  -30.630819153  -26.614322529
    0.314159265   -2.953097094   58.717947796  -44.115579737  -40.292860509
    0.376991118   -2.953097094   55.383576629  -62.107676309  -52.722237910
    0.439822972   -2.953097094   50.824641633  -83.313589367  -61.226530204
    0.502654825   -2.953097094   44.974239871 -101.812742990  -66.090928409
    0.565486678   -2.953097094   38.308018635 -107.315792237  -68.716457092
    0.628318531   -2.953097094   31.901056119  -93.348535541  -66.454813845
    0.691150384   -2.953097094   26.883759739  -64.698881584  -55.960291798
    0.753982237   -2.953097094   23.926186124  -40.565967900  -41.497523955
    0.816814090   -2.953097094   22.005535592  -21.836901747  -24.588650546
    0.879645943   -2.953097094   20.262860518  -16.791189639  -17.269394401
    0.942477796   -2.953097094   18.408320473  -10.485667737  -14.050127880
    1.005309649   -2.953097094   18.273689665    7.050378227  -17.548458603
    1.068141502   -2.953097094   19.244308126    9.498592399  -21.288803779
    1.130973355   -2.953097094   18.994263123    1.711552868  -28.938955037
    1.193805208   -2.953097094   16.747234429  -14.373446939  -28.564130379
    1.256637061   -2.953097094   17.371555467    1.698449795  -27.436623724
    1.319468915   -2.953097094   19.617681041   18.206755630   -9.880341344
    1.382300768   -2.953097094   21.566215909   12.190232650  -10.540644046
    1.445132621   -2.953097094   22.354890736   12.666313230   -5.157579812
    1.507964474   -2.953097094   24.022417475   -6.872946718  -14.553236627
    1.570796327   -2.953097094   24.810467601    7.975867188   -6.178233274
    1.633628180   -2.953097094   26.233106587   37.501988962   -0.959592346
    1.696460033   -2.953097094   30.814830838   46.676045420   12.263606038
    1.759291886   -2.953097094   33.930184811   34.731151489   18.169329271
    1.822123739   -2.953097094   35.701951533   16.289622991   20.630593740
    1.884955592   -2.953097094   36.169940277    4.662478821   24.828896195
    1.947787445   -2.953097094   36.352429630    5.819819672   23.907838537
    2.010619298   -2.953097094   37.168647162   20.523473183   19.206591413
    2.073451151   -2.953097094   38.957520562   43.393034387   10.656611701
    2.136283004   -2.953097094   42.417042537   53.372660133   12.309780645
    2.199114858   -2.953097094   44.163778129   25.994622870   13.855057918
    2.261946711   -2.953097094   45.240039373   -1.429590974   24.522986331
    2.324778564   -2.953097094   44.733131348  -26.017367787   29.364187530
    2.387610417   -2.953097094   44.726820256  -39.483361402   28.051888750
    2.450442270   -2.953097094   41.800463032  -38.694663917   11.968134699
    2.513274123   -2.953097094   39.859802667  -36.681523969   -0.526032952
    2.576105976   -2.953097094   37.640911692  -35.595143478   -8.441257893
    2.638937829   -2.953097094   35.460198071  -41.305884110   -5.518538050
    2.701769682   -2.953097094   32.863304930  -40.563813041    0.083431750
    2.764601535   -2.953097094   30.402752626  -37.021469871    6.573542491
    2.827433388   -2.953097094   28.309297231  -29.090107031    9.430154212
    2.890265241   -2.953097094   26.588364034  -21.131631628    2.073266293
    2.953097094   -2.953097094   25.786575077   -5.498177571  -12.149300648
    3.015928947   -2.953097094   25.659160781   -7.955938913  -15.567467475
    3.078760801   -2.953097094   24.875139367  -13.102311002   -6.158020727

   -3.141592654   -2.890265241   24.752392640   -2.226453962    3.089043026
   -3.078760801   -2.890265241   23.924628403  -25.105017381   15.735905001
   -3.015928947   -2.890265241   21.858597956  -21.860319749   20.432240490
   -2.953097094   -2.890265241   21.413182781    3.552911710   13.824562289
   -2.890265241   -2.890265241   23.240881066   11.622112407    2.619196770
   -2.827433388   -2.890265241   24.575369138    1.496124553    0.116408277
   -2.764601535   -2.890265241   23.198078017  -12.816562226   -0.480070609
   -2.701769682   -2.890265241   22.276612392  -15.439586322    2.311418613
   -2.638937829   -2.890265241   21.624492608  -10.468523108    0.934521668
   -2.576105976   -2.890265241   24.144557979   -5.359880375  -10.669465577
   -2.513274123   -2.890265241   24.315186397    8.469517121  -23.753145071
   -2.450442270   -2.890265241   25.234052554   14.835482204  -30.098223873
   -2.387610417   -2.890265241   26.039573939   10.190264963  -28.186538924
   -2.324778564   -2.890265241   26.322348267    0.090114673  -21.681535765
   -2.261946711   -2.890265241   25.987147174   -8.380384286  -17.840018321
   -2.199114858   -2.890265241   25.436725480   -7.620993589  -16.823812851
   -2.136283004   -2.890265241   25.347232820   -7.806603590  -20.644915612
   -2.073451151   -2.890265241   24.514448715   -6.178955524  -16.849831992
   -2.010619298   -2.890265241   23.828751562   -9.386337661  -12.362767891
   -1.947787445   -2.890265241   22.441608032  -14.073699056  -13.945890596
   -1.884955592   -2.890265241   22.087027061    4.525468733  -13.926433558
   -1.822123739   -2.890265241   23.025702248   22.270020609  -10.539469074
   -1.759291886   -2.890265241   24.802638862   29.955608418   -2.816691627
   -1.696460033   -2.890265241   26.800240371   16.995256860    3.355560271
   -1.633628180   -2.890265241   28.074315869   -1.516906588    9.272907455
   -1.570796327   -2.890265241   28.017610830   -3.182513291   -1.019147372
   -1.507964474   -2.890265241   28.797699379    5.023034804  -24.027640087
   -1.445132621   -2.890265241   29.098468044    0.651751773  -46.024530373
   -1.382300768   -2.890265241   28.792087945  -19.289264895  -52.633554949
   -1.319468915   -2.890265241   27.161177861  -33.194895164  -43.704384484
   -1.256637061   -2.890265241   25.240981679  -21.841497911  -29.142321138
   -1.193805208   -2.890265241   23.785111168   -6.607133629  -20.142455996
   -1.130973355   -2.890265241   24.290433507    4.660950415  -10.291583741
   -1.068141502   -2.890265241   25.212656540   14.691046803   -9.763042179
   -1.005309649   -2.890265241   26.654892220   17.964440537    2.013873104
   -0.942477796   -2.890265241   28.920284446   53.872902915   13.586526053
   -0.879645943   -2.890265241   33.459325376   87.015350070   29.630520889
   -0.816814090   -2.890265241   41.262668669   80.367873254   39.764600197
   -0.753982237   -2.890265241   45.823023457   64.201688054   35.499642803
   -0.691150384   -2.890265241   49.511803412   52.824305791   31.700968346
   -0.628318531   -2.890265241   52.700369071   47.397335377   26.272589461
   -0.565486678   -2.890265241   55.460624090   39.633133964   16.794237168
   -0.502654825   -2.890265241   57.734558994   31.287145612    6.948190690
   -0.439822972   -2.890265241   59.560648693   25.282877189    0.494320645
   -0.376991118   -2.890265241   61.066197598   22.503469136   -2.405057069
   -0.314159265   -2.890265241   62.417913397   20.613020316   -1.757034861
   -0.251327412   -2.890265241   63.612370018   18.459617450    0.954160054
   -0.188495559   -2.890265241   64.666666963   14.650486461    3.121770494
   -0.125663706   -2.890265241   65.397718424    8.288301766    3.385763257
   -0.062831853   -2.890265241   65.655095052    0.237558349    1.413456794
    0.000000000   -2.890265241   65.426659467   -7.608070845   -1.840770132
    0.062831853   -2.890265241   64.661615164  -16.506097372   -7.133098987
    0.125663706   -2.890265241   63.313805288  -26.496777103  -15.388063420
    0.188495559   -2.890265241   61.326472146  -36.603441054  -26.281762150
    0.251327412   -2.890265241   58.714387878  -46.264863390  -38.353229096
    0.314159265   -2.890265241   55.377717033  -57.196340812  -47.952332759
    0.376991118   -2.890265241   51.354243518  -70.287895786  -53.748439049
    0.439822972   -2.890265241   46.422844918  -87.338943045  -55.459082000
    0.502654825   -2.890265241   40.397321518 -103.900297166  -53.905836796
    0.565486678   -2.890265241   33.649998265 -107.722360224  -50.170939113
    0.628318531   -2.890265241   27.349140569  -89.102859431  -42.740950241
    0.691150384   -2.890265241   22.693184017  -57.003322095  -33.898130140
    0.753982237   -2.890265241   20.151433660  -30.501865799  -28.117166451
    0.816814090   -2.890265241   18.807251300  -13.464471709  -20.730050809
    0.879645943   -2.890265241   17.313544257  -12.607386970  -17.469078893
    0.942477796   -2.890265241   15.841736638   -7.436498012   -8.432719809
    1.005309649   -2.890265241   15.782010120    7.102389798   -5.066183591
    1.068141502   -2.890265241   16.763612152    4.541788430   -5.668273998
    1.130973355   -2.890265241   16.182670934   -3.152299991  -13.332820073
    1.193805208   -2.890265241   14.193812677  -10.257994735  -12.379716772
    1.256637061   -2.890265241   15.204559124   10.246059869  -10.345787574
    1.319468915   -2.890265241   18.593474204   31.259029148   -4.084518617
    1.382300768   -2.890265241   20.595540302   25.769506449  -16.185755394
    1.445132621   -2.890265241   22.220177179   23.126974498  -12.049946467
    1.507964474   -2.890265241   24.031604175    1.710060911  -15.252250014
    1.570796327   -2.890265241   26.024942890   18.073914876   -1.536917955
    1.633628180   -2.890265241   28.118994831   47.832883745    0.830957965
    1.696460033   -2.890265241   33.457955093   46.963712656    1.364346413
    1.759291886   -2.890265241   36.535558395   26.779172249   -9.921616850
    1.822123739   -2.890265241   37.980246320   11.838110679  -21.245305365
    1.884955592   -2.890265241   38.556087767    9.255418162  -16.452888327
    1.947787445   -2.890265241   38.807815307    4.751291805   -2.315665404
    2.010619298   -2.890265241   39.253070664    9.024354995    9.354878234
    2.073451151   -2.890265241   39.795375192   23.746161717    2.552979842
    2.136283004   -2.890265241   42.316895833   33.888138656   -4.684963003
    2.199114858   -2.890265241   43.102286266   17.131877116  -19.224235317
    2.261946711   -2.890265241   44.264415466   -0.909101131  -18.647452298
    2.324778564   -2.890265241   43.984782922  -18.153548740  -18.021237725
    2.387610417   -2.890265241   44.499029229  -31.686718537  -10.966210324
    2.450442270   -2.890265241   41.462301443  -40.179277091  -14.049588774
    2.513274123   -2.890265241   39.604229540  -38.950892810  -15.005456267
    2.576105976   -2.890265241   37.483374352  -30.467714656  -17.702220181
    2.638937829   -2.890265241   35.851600836  -33.840603503  -12.987794419
    2.701769682   -2.890265241   33.674240114  -33.949439618  -10.873288238
    2.764601535   -2.890265241   31.617632521  -30.879176054   -5.785467849
    2.827433388   -2.890265241   29.743488483  -30.523438586    1.026840065
    2.890265241   -2.890265241   27.726781067  -33.567328411    4.153633938
    2.953097094   -2.890265241   25.976893783  -20.764353881   -4.276004801
    3.015928947   -2.890265241   25.291611600  -12.597322236  -12.504839679
    3.078760801   -2.890265241   24.822279245   -2.237356541  -10.476681832

   -3.141592654   -2.827433388   24.304552853    7.965594571  -20.460638144
   -3.078760801   -2.827433388   24.155095394  -13.701060806   -7.281851309
   -3.015928947   -2.827433388   22.527348590  -21.205291143    5.940165348
   -2.953097094   -2.827433388   21.764169145   -6.695996140    7.894819450
   -2.890265241   -2.827433388   22.779350358    0.974721390   -1.770169226
   -2.827433388   -2.827433388   23.770501498   -0.850732799  -10.106752633
   -2.764601535   -2.827433388   22.427763830   -6.209630532  -12.154909441
   -2.701769682   -2.827433388   22.017881525   -6.300871925   -8.767490124
   -2.638937829   -2.827433388   21.920795295   -6.798564924   -6.639401790
   -2.576105976   -2.827433388   24.484234208   -4.677149614  -17.006165619
   -2.513274123   -2.827433388   24.641272010    8.620820807  -27.895832471
   -2.450442270   -2.827433388   25.558956019   15.913563899  -39.885737559
   -2.387610417   -2.827433388   26.458491220   11.422798429  -51.695699729
   -2.324778564   -2.827433388   27.005501915    3.260068142  -59.064893678
   -2.261946711   -2.827433388   27.028161609   -1.829840830  -59.292114785
   -2.199114858   -2.827433388   26.876413642   -2.620570927  -52.042611999
   -2.136283004   -2.827433388   26.659846636   -6.061500569  -50.385124949
   -2.073451151   -2.827433388   25.849873237   -7.280814316  -46.825316844
   -2.010619298   -2.827433388   25.057417183  -12.222059764  -42.340657086
   -1.947787445   -2.827433388   23.258347586  -19.304574458  -36.689423331
   -1.884955592   -2.827433388   22.553582379   -0.037509551  -29.966374441
   -1.822123739   -2.827433388   23.259936003   20.291347304  -23.054838078
   -1.759291886   -2.827433388   24.967256889   28.150801667  -17.312475973
   -1.696460033   -2.827433388   26.814936826   14.744282410  -14.727138854
   -1.633628180   -2.827433388   28.076141285   -7.777240368  -11.017170309
   -1.570796327   -2.827433388   27.452574244  -18.002466620  -14.264234680
   -1.507964474   -2.827433388   27.070804399  -14.163981983  -28.581693479
   -1.445132621   -2.827433388   26.261328851  -12.135137035  -46.732963961
   -1.382300768   -2.827433388   25.601268236  -17.072804143  -58.283402974
   -1.319468915   -2.827433388   24.679001475  -14.523486072  -50.778760192
   -1.256637061   -2.827433388   24.126452220    3.503077552  -25.862414903
   -1.193805208   -2.827433388   23.775002076   10.467352407   -2.538796940
   -1.130973355   -2.827433388   25.347569275   10.889513219   17.055600124
   -1.068141502   -2.827433388   26.578833894   23.505806292   20.013076119
   -1.005309649   -2.827433388   29.114405715   30.580726252   33.557818282
   -0.942477796   -2.827433388   32.348108627   70.499220410   42.994309466
   -0.879645943   -2.827433388   37.738752469   94.985243123   46.223153656
   -0.816814090   -2.827433388   45.634282552   75.960273118   36.332086311
   -0.753982237   -2.827433388   49.881054054   59.501890666   30.425679172
   -0.691150384   -2.827433388   53.237922200   46.606924810   26.219574354
   -0.628318531   -2.827433388   55.871221671   35.928022421   20.786306506
   -0.565486678   -2.827433388   57.845883901   26.405720374   14.766766464
   -0.502654825   -2.827433388   59.314342819   20.435993457    9.580773644
   -0.439822972   -2.827433388   60.530514436   17.480064451    6.006296005
   -0.376991118   -2.827433388   61.646318716   18.264914891    4.690067831
   -0.314159265   -2.827433388   62.829479887   19.351187633    4.987099206
   -0.251327412   -2.827433388   63.993816946   17.974931061    5.542325259
   -0.188495559   -2.827433388   64.984185204   12.807402982    4.341177486
   -0.125663706   -2.827433388   65.536178602    4.566722522    0.559965403
   -0.062831853   -2.827433388   65.510451032   -5.038178483   -4.775247017
    0.000000000   -2.827433388   64.901115565  -14.590237261  -11.735472664
    0.062831853   -2.827433388   63.603501279  -26.150094672  -20.774044774
    0.125663706   -2.827433388   61.597533996  -37.575914810  -30.383219692
    0.188495559   -2.827433388   58.903150398  -47.587930438  -39.253691073
    0.251327412   -2.827433388   55.665396625  -54.918423357  -46.146921503
    0.314159265   -2.827433388   51.996324777  -60.281378568  -49.946469463
    0.376991118   -2.827433388   47.957140621  -67.758134548  -51.291136934
    0.439822972   -2.827433388   43.372275814  -78.697217963  -49.683246255
    0.502654825   -2.827433388   38.061500249  -90.110665173  -43.626636018
    0.565486678   -2.827433388   32.363783588  -88.604578524  -32.587798990
    0.628318531   -2.827433388   27.277832264  -70.875458293  -21.562411116
    0.691150384   -2.827433388   23.489500543  -47.296754293  -20.368265809
    0.753982237   -2.827433388   21.234999394  -28.011159387  -29.426972975
    0.816814090   -2.827433388   19.921740644  -13.955419552  -40.406469734
    0.879645943   -2.827433388   18.154725231  -13.501123016  -49.973887020
    0.942477796   -2.827433388   16.914228644   -5.581086546  -46.784864985
    1.005309649   -2.827433388   16.896169024    7.534729406  -43.939279816
    1.068141502   -2.827433388   17.845052049   -2.203573818  -42.719396357
    1.130973355   -2.827433388   17.095245948   -8.105092182  -42.951288709
    1.193805208   -2.827433388   15.558111167   -4.089788312  -34.661073743
    1.256637061   -2.827433388   17.110283495   15.073926924  -24.602155600
    1.319468915   -2.827433388   20.717722941   31.620249285  -25.540665048
    1.382300768   -2.827433388   21.745947208   24.168923854  -42.232671704
    1.445132621   -2.827433388   23.459688040   22.369643028  -38.589780377
    1.507964474   -2.827433388   25.090790224    4.608236290  -33.382075786
    1.570796327   -2.827433388   27.873717772   17.753431029  -12.610460549
    1.633628180   -2.827433388   29.786710157   41.182512949   -9.829120856
    1.696460033   -2.827433388   34.629037543   28.843709256  -15.026666916
    1.759291886   -2.827433388   36.579272657    4.382857833  -28.546158862
    1.822123739   -2.827433388   36.996438461    2.975382578  -38.793142095
    1.884955592   -2.827433388   37.690262563   19.921641184  -31.777109830
    1.947787445   -2.827433388   38.709981912   19.744442701  -17.046314532
    2.010619298   -2.827433388   39.955993786   17.315015040   -1.504277722
    2.073451151   -2.827433388   40.195626209   16.074933407   -1.704994727
    2.136283004   -2.827433388   42.311046280   13.831749965   -2.958456056
    2.199114858   -2.827433388   41.854182957    0.857633488  -23.760292451
    2.261946711   -2.827433388   42.711911588   -8.929803486  -31.560368731
    2.324778564   -2.827433388   42.218018182  -14.523222258  -37.844848726
    2.387610417   -2.827433388   43.280415998  -21.484130343  -27.659952370
    2.450442270   -2.827433388   40.388550301  -36.183728770  -20.048049673
    2.513274123   -2.827433388   38.898315379  -37.718483995   -7.344781927
    2.576105976   -2.827433388   36.970066970  -25.830054250    2.959539808
    2.638937829   -2.827433388   35.836186334  -31.303368778   13.924640776
    2.701769682   -2.827433388   33.669202538  -33.720500019   10.635227844
    2.764601535   -2.827433388   31.664847334  -28.513775560    3.623452728
    2.827433388   -2.827433388   30.040963021  -27.480471612   -0.518594518
    2.890265241   -2.827433388   28.285397117  -36.188710121    0.600697468
    2.953097094   -2.827433388   26.071706165  -31.942053493   -6.068676985
    3.015928947   -2.827433388   24.690041368  -22.950690059  -17.719414685
    3.078760801   -2.827433388   23.942066712   -1.135869649  -24.661285189

   -3.141592654   -2.764601535   23.083699017   14.343905774  -23.267547628
   -3.078760801   -2.764601535   23.707089614    4.611225786  -15.556317364
   -3.015928947   -2.764601535   23.213478574   -6.341701541    0.553651340
   -2.953097094   -2.764601535   23.071968418   -3.617758405   11.052286366
   -2.890265241   -2.764601535   23.932506646   -1.156368176    8.465089626
   -2.827433388   -2.764601535   24.656144356   -4.976870102    2.441882693
   -2.764601535   -2.764601535   23.213634680   -4.987329705   -3.161940135
   -2.701769682   -2.764601535   22.955954706   -2.779885124   -4.143636047
   -2.638937829   -2.764601535   22.998997785  -10.473431441   -0.916632761
   -2.576105976   -2.764601535   24.927239014  -13.314291115   -7.256831581
   -2.513274123   -2.764601535   24.418945840   -2.326074841  -13.497075716
   -2.450442270   -2.764601535   24.619832289    4.488878919  -21.337816736
   -2.387610417   -2.764601535   24.782109548   -0.606846210  -27.392693573
   -2.324778564   -2.764601535   24.820658259   -4.017487229  -27.667871594
   -2.261946711   -2.764601535   24.722826124    1.058065652  -24.787409491
   -2.199114858   -2.764601535   25.026527477    5.384463354  -16.036000555
   -2.136283004   -2.764601535   25.037385516   -0.433548402  -12.389518086
   -2.073451151   -2.764601535   24.588747211   -2.343700957   -9.431585711
   -2.010619298   -2.764601535   24.307147482   -0.741596373   -9.285603155
   -1.947787445   -2.764601535   23.276334069   -5.362317743   -9.872735840
   -1.884955592   -2.764601535   23.313572107   10.695276597  -17.874580009
   -1.822123739   -2.764601535   24.466053724   24.638665048  -34.963808969
   -1.759291886   -2.764601535   26.374792155   27.205742265  -52.849286905
   -1.696460033   -2.764601535   28.185297849   12.723706338  -63.597442570
   -1.633628180   -2.764601535   29.564702389   -7.440724279  -59.175985955
   -1.570796327   -2.764601535   29.044903730  -17.369239106  -42.884442010
   -1.507964474   -2.764601535   28.345112726  -21.408944449  -33.258021851
   -1.445132621   -2.764601535   26.752440402  -28.610016914  -39.471242454
   -1.382300768   -2.764601535   25.148460238  -28.486515615  -57.399636555
   -1.319468915   -2.764601535   24.200268370   -5.318365754  -60.533529575
   -1.256637061   -2.764601535   24.680512185   25.813610404  -41.634847538
   -1.193805208   -2.764601535   25.359432043   23.637038417  -18.199101488
   -1.130973355   -2.764601535   27.656426887    9.678011022    0.682396379
   -1.068141502   -2.764601535   28.702590454   24.318560347    5.564202335
   -1.005309649   -2.764601535   31.858442593   38.319758744   19.528116247
   -0.942477796   -2.764601535   35.565022761   75.642665066   28.150352468
   -0.879645943   -2.764601535   40.961791437   89.218575488   24.653890724
   -0.816814090   -2.764601535   47.972307978   68.454368717    6.321565555
   -0.753982237   -2.764601535   51.795883165   53.468396296   -1.456814620
   -0.691150384   -2.764601535   54.772003355   40.849418698   -6.600960916
   -0.628318531   -2.764601535   57.061219585   31.076923450   -7.252403537
   -0.565486678   -2.764601535   58.789731154   22.916391759   -4.126033867
   -0.502654825   -2.764601535   60.079363123   18.190282061   -0.507962244
   -0.439822972   -2.764601535   61.162989857   16.083809444    2.687702622
   -0.376991118   -2.764601535   62.218121789   17.550070460    5.377651437
   -0.314159265   -2.764601535   63.371479451   18.928089811    6.797249882
   -0.251327412   -2.764601535   64.477599486   15.970336696    6.131529094
   -0.188495559   -2.764601535   65.250212164    8.116752197    2.101896789
   -0.125663706   -2.764601535   65.461474941   -1.530995507   -3.695360682
   -0.062831853   -2.764601535   65.030302495  -11.976811716  -10.287455373
    0.000000000   -2.764601535   63.943866577  -22.728049986  -17.200935028
    0.062831853   -2.764601535   62.102414920  -34.507144022  -23.811994654
    0.125663706   -2.764601535   59.597855347  -44.957651757  -28.497664399
    0.188495559   -2.764601535   56.459664824  -53.700537548  -32.024023136
    0.251327412   -2.764601535   52.889148953  -59.368435495  -33.902215554
    0.314159265   -2.764601535   49.011612794  -63.244745689  -33.720623454
    0.376991118   -2.764601535   44.851982459  -68.616219005  -32.299371815
    0.439822972   -2.764601535   40.313586860  -75.877791791  -28.730241334
    0.502654825   -2.764601535   35.367270536  -81.156863729  -20.769147798
    0.565486678   -2.764601535   30.376537837  -76.311759804   -9.317360751
    0.628318531   -2.764601535   25.931938476  -64.504420684   -2.521104459
    0.691150384   -2.764601535   22.090514992  -53.476814544   -9.727939418
    0.753982237   -2.764601535   19.223133893  -39.458657087  -25.669881877
    0.816814090   -2.764601535   17.284416859  -20.862623747  -41.118482594
    0.879645943   -2.764601535   15.064437264  -14.460215183  -52.234011406
    0.942477796   -2.764601535   14.208832264    0.836311532  -48.143290638
    1.005309649   -2.764601535   14.552949876   14.317704580  -41.761808474
    1.068141502   -2.764601535   15.737967662   -5.155967825  -35.443787084
    1.130973355   -2.764601535   15.158665649  -11.298559210  -28.540408109
    1.193805208   -2.764601535   14.204366870    4.353742074  -17.551551433
    1.256637061   -2.764601535   16.486333120   20.821184597   -6.852949395
    1.319468915   -2.764601535   20.047953064   30.318711859  -12.903941833
    1.382300768   -2.764601535   20.306140615   24.350403255  -31.042077019
    1.445132621   -2.764601535   22.500665933   30.370954730  -34.067258333
    1.507964474   -2.764601535   24.790266052   20.517975081  -32.713368618
    1.570796327   -2.764601535   28.851744815   24.605760773  -20.580717971
    1.633628180   -2.764601535   30.695246931   33.148540487  -22.451038408
    1.696460033   -2.764601535   34.739135228    9.389175259  -31.318957186
    1.759291886   -2.764601535   35.617850836  -11.162102350  -36.662628131
    1.822123739   -2.764601535   35.461695029    2.750627772  -30.698385409
    1.884955592   -2.764601535   36.534061016   30.475004714  -15.738721755
    1.947787445   -2.764601535   38.083087989   29.137364352   -7.528669079
    2.010619298   -2.764601535   39.826249372   22.881063795   -5.177805614
    2.073451151   -2.764601535   39.833842011   13.962099913  -11.501868890
    2.136283004   -2.764601535   42.082760617   -1.273050467   -5.170771650
    2.199114858   -2.764601535   40.523451923  -16.823395522  -15.871006842
    2.261946711   -2.764601535   40.877808105  -23.368511053  -18.900049238
    2.324778564   -2.764601535   39.747059850  -16.206049221  -27.984205826
    2.387610417   -2.764601535   41.165199906  -13.439292852  -22.446238143
    2.450442270   -2.764601535   38.581255775  -27.304815522  -14.536201191
    2.513274123   -2.764601535   37.761945310  -27.822617837   -1.391654554
    2.576105976   -2.764601535   36.545624569  -13.583499410   14.180950029
    2.638937829   -2.764601535   36.256960721  -26.634266875   30.218370114
    2.701769682   -2.764601535   33.956537901  -39.523296418   27.070331145
    2.764601535   -2.764601535   31.469210357  -36.675971641   12.935666675
    2.827433388   -2.764601535   29.480230253  -30.947392968   -2.850332128
    2.890265241   -2.764601535   27.946569003  -35.724769272   -5.531338246
    2.953097094   -2.764601535   25.659553087  -35.938380624   -7.221785440
    3.015928947   -2.764601535   23.829304045  -33.212401366  -11.741889996
    3.078760801   -2.764601535   22.593505118   -5.559363362  -21.284428147

   -3.141592654   -2.701769682   25.037226260   12.779805246  -13.346485723
   -3.078760801   -2.701769682   25.854156020   13.020445565  -17.846858628
   -3.015928947   -2.701769682   25.968422553    2.135552745   -8.762536435
   -2.953097094   -2.701769682   26.165107187   -4.231820990    3.791987748
   -2.890265241   -2.701769682   26.670123283   -5.552728010    9.927297751
   -2.827433388   -2.701769682   26.901040592  -12.294087082   15.510386566
   -2.764601535   -2.701769682   24.983238149  -15.739811309   21.178581209
   -2.701769682   -2.701769682   24.091765668  -11.164226269   16.170567088
   -2.638937829   -2.701769682   23.615785359  -20.157024303    9.035574550
   -2.576105976   -2.701769682   24.489241273  -26.185423914   -2.193551782
   -2.513274123   -2.701769682   22.904422990  -22.378796771  -10.403757107
   -2.450442270   -2.701769682   21.901834519  -13.150791545  -21.743293273
   -2.387610417   -2.701769682   21.281969198   -6.718314637  -29.170321682
   -2.324778564   -2.701769682   21.452070637    0.417780955  -22.388770888
   -2.261946711   -2.701769682   21.891857564   12.131917634  -13.409290116
   -2.199114858   -2.701769682   23.017155671   16.561118109   -4.880868946
   -2.136283004   -2.701769682   23.653349495   10.790089588   -2.113000780
   -2.073451151   -2.701769682   24.031809820   10.606560674    1.245310522
   -2.010619298   -2.701769682   24.592314316   12.712327833    0.608974906
   -1.947787445   -2.701769682   24.154681592   -2.470648984   -4.571435017
   -1.884955592   -2.701769682   23.601708692   -8.129455884  -17.342707772
   -1.822123739   -2.701769682   23.013710534   -8.356013902  -36.339669962
   -1.759291886   -2.701769682   23.049921589   -3.355594843  -56.474606429
   -1.696460033   -2.701769682   23.612630630   -1.268823761  -75.028788035
   -1.633628180   -2.701769682   24.900451712    1.782605944  -85.583491746
   -1.570796327   -2.701769682   25.526833254    7.153735739  -80.440260536
   -1.507964474   -2.701769682   26.074126225   -3.005899815  -70.752001310
   -1.445132621   -2.701769682   25.042307182  -28.859225103  -61.159138578
   -1.382300768   -2.701769682   23.192828378  -32.780093734  -50.959028902
   -1.319468915   -2.701769682   22.511359746    2.417184646  -29.684187237
   -1.256637061   -2.701769682   23.750663748   38.667473859  -14.164543882
   -1.193805208   -2.701769682   25.112728846   29.698101476   -8.405474768
   -1.130973355   -2.701769682   27.835977860    8.498890044   -7.107386539
   -1.068141502   -2.701769682   28.946756325   30.498512208   -3.213223086
   -1.005309649   -2.701769682   32.790557382   50.039177939    8.461600656
   -0.942477796   -2.701769682   36.943085485   77.016503702   16.538866709
   -0.879645943   -2.701769682   42.032503064   79.461115777   10.831294430
   -0.816814090   -2.701769682   47.735646041   58.988089544  -11.698215768
   -0.753982237   -2.701769682   51.057786655   47.618895872  -21.326561192
   -0.691150384   -2.701769682   53.863462660   42.119440320  -23.308655212
   -0.628318531   -2.701769682   56.397364250   37.487132623  -18.449839984
   -0.565486678   -2.701769682   58.580650408   29.944616715  -11.444632309
   -0.502654825   -2.701769682   60.253616538   23.420807489   -5.600453132
   -0.439822972   -2.701769682   61.601154299   19.308830392   -0.827808022
   -0.376991118   -2.701769682   62.818104110   19.103297336    3.529830418
   -0.314159265   -2.701769682   63.995100841   17.878747462    5.132973422
   -0.251327412   -2.701769682   64.931082103   11.558467327    3.517368682
   -0.188495559   -2.701769682   65.365801375    1.932000301   -1.113139242
   -0.125663706   -2.701769682   65.171554668   -7.981021647   -6.152437509
   -0.062831853   -2.701769682   64.338335760  -18.241220170  -10.779395329
    0.000000000   -2.701769682   62.893087115  -27.774529936  -13.585421247
    0.062831853   -2.701769682   60.787973238  -37.910916535  -14.284820936
    0.125663706   -2.701769682   58.100537310  -47.523329644  -14.116010857
    0.188495559   -2.701769682   54.799547060  -55.641337171  -14.437370819
    0.251327412   -2.701769682   51.151879306  -59.594603710  -14.270224389
    0.314159265   -2.701769682   47.352087931  -61.295257377  -13.562414447
    0.376991118   -2.701769682   43.405180098  -64.080191395  -13.707407382
    0.439822972   -2.701769682   39.294283618  -66.243812381  -13.113619877
    0.502654825   -2.701769682   35.145335914  -65.705705487   -9.167626839
    0.565486678   -2.701769682   31.187838648  -60.484778160   -3.957765288
    0.628318531   -2.701769682   27.507029436  -56.959045852   -2.984925251
    0.691150384   -2.701769682   23.704966522  -56.381939600   -9.674226241
    0.753982237   -2.701769682   20.504360220  -46.531817774  -17.346937357
    0.816814090   -2.701769682   18.173238673  -25.516889654  -23.662346889
    0.879645943   -2.701769682   15.627112630  -16.127704090  -26.131102708
    0.942477796   -2.701769682   14.968785399    3.650475469  -21.891803624
    1.005309649   -2.701769682   15.324161100   15.054500048  -21.798334312
    1.068141502   -2.701769682   16.422942301  -11.201005677  -21.977030209
    1.130973355   -2.701769682   15.901024498  -16.877036947  -18.283891611
    1.193805208   -2.701769682   15.353627733    9.225509695   -8.841322113
    1.256637061   -2.701769682   17.980028217   22.561537102   -4.708863923
    1.319468915   -2.701769682   21.034914714   19.792127311  -11.314208533
    1.382300768   -2.701769682   20.221674688   11.222297780  -22.585680044
    1.445132621   -2.701769682   21.923691798   20.605135033  -28.694679471
    1.507964474   -2.701769682   23.813513307   19.633654477  -33.582877345
    1.570796327   -2.701769682   27.925886139   20.265131127  -33.345537230
    1.633628180   -2.701769682   29.111048110   18.924889114  -40.428444110
    1.696460033   -2.701769682   32.103126776   -4.766120727  -53.398420214
    1.759291886   -2.701769682   32.510204583   -9.929365260  -54.564186525
    1.822123739   -2.701769682   32.892136383   18.555816292  -39.443799621
    1.884955592   -2.701769682   35.018025330   45.564347677  -21.130421922
    1.947787445   -2.701769682   37.159453957   33.869631107  -15.323189694
    2.010619298   -2.701769682   39.186795464   28.009540942  -21.957109774
    2.073451151   -2.701769682   39.335934142   24.362177279  -35.046938611
    2.136283004   -2.701769682   42.898123651    8.471884899  -30.868933018
    2.199114858   -2.701769682   41.938256836  -10.292804685  -28.531569504
    2.261946711   -2.701769682   42.925389326  -26.563387364  -20.472393383
    2.324778564   -2.701769682   41.330811824  -23.462643415  -24.650717820
    2.387610417   -2.701769682   42.294120641  -20.109431311  -28.399031008
    2.450442270   -2.701769682   39.301215105  -31.728070818  -23.111236811
    2.513274123   -2.701769682   38.276300211  -26.346456139  -14.654227745
    2.576105976   -2.701769682   37.315480479   -6.843715994    1.768095675
    2.638937829   -2.701769682   37.651903568  -20.438662470   19.942312963
    2.701769682   -2.701769682   35.318720026  -42.603786702   27.084226995
    2.764601535   -2.701769682   32.390129649  -47.292829460   23.940870538
    2.827433388   -2.701769682   29.786244905  -37.485401251    8.950486172
    2.890265241   -2.701769682   28.565345082  -29.280974468    2.136466090
    2.953097094   -2.701769682   26.948491532  -23.032230313    0.832231430
    3.015928947   -2.701769682   25.804390755  -28.088552315    4.040920801
    3.078760801   -2.701769682   24.624054867   -8.372169575   -2.340234096

   -3.141592654   -2.638937829   28.472741905    7.059542080   14.396773322
   -3.078760801   -2.638937829   29.126131229   14.221701631   -3.683437443
   -3.015928947   -2.638937829   29.514244687    6.725754705  -14.967674536
   -2.953097094   -2.638937829   29.967933763   -3.969467633  -22.198165729
   -2.890265241   -2.638937829   30.328659631   -3.566023955  -30.013899184
   -2.827433388   -2.638937829   30.640610602   -5.813288029  -28.162294456
   -2.764601535   -2.638937829   29.269002292  -12.035825848  -13.890564884
   -2.701769682   -2.638937829   28.438413152  -12.025170049   -8.505103894
   -2.638937829   -2.638937829   27.787452058  -20.740370386  -15.761790175
   -2.576105976   -2.638937829   28.349356615  -21.851403331  -26.929164772
   -2.513274123   -2.638937829   26.886338629  -22.593928345  -25.239845568
   -2.450442270   -2.638937829   25.705784767  -20.040645433  -19.010952762
   -2.387610417   -2.638937829   24.530779891  -13.184303743  -18.750919772
   -2.324778564   -2.638937829   24.586700022   -4.743047192  -13.879439676
   -2.261946711   -2.638937829   24.701286515    6.070985975  -13.055169892
   -2.199114858   -2.638937829   25.418715125    3.595078518  -10.024348334
   -2.136283004   -2.638937829   25.249496591   -1.637862019  -11.850962251
   -2.073451151   -2.638937829   25.033542589    0.431945970   -9.696242999
   -2.010619298   -2.638937829   24.924284764    0.552774328   -9.411875097
   -1.947787445   -2.638937829   23.646934084  -17.599519398  -14.180370859
   -1.884955592   -2.638937829   21.918055641  -25.049709838  -26.272922772
   -1.822123739   -2.638937829   20.178721117  -26.379881048  -36.233192613
   -1.759291886   -2.638937829   19.407941611  -20.372481775  -40.165110294
   -1.696460033   -2.638937829   19.271386877  -13.418647357  -48.517413492
   -1.633628180   -2.638937829   20.087328509    2.141876533  -63.705780958
   -1.570796327   -2.638937829   21.101570060   20.819336770  -71.435176817
   -1.507964474   -2.638937829   22.439143623   15.306155973  -74.121499023
   -1.445132621   -2.638937829   22.684780272   -6.127981465  -61.899751461
   -1.382300768   -2.638937829   22.454733308   -4.180645018  -38.818748426
   -1.319468915   -2.638937829   23.627269254   19.132473887  -14.065091320
   -1.256637061   -2.638937829   25.284909960   33.020863028  -17.006009377
   -1.193805208   -2.638937829   26.188329749   15.805607424  -26.352775220
   -1.130973355   -2.638937829   28.350231215    1.347261902  -31.844713947
   -1.068141502   -2.638937829   29.413253862   34.930290573  -26.946920989
   -1.005309649   -2.638937829   33.460789612   57.757736600  -26.312492702
   -0.942477796   -2.638937829   37.691709691   71.212005979  -29.026246401
   -0.879645943   -2.638937829   42.057426400   63.070926739  -41.198202401
   -0.816814090   -2.638937829   46.168006910   45.591695085  -59.568581875
   -0.753982237   -2.638937829   48.901471615   43.011747950  -57.254117017
   -0.691150384   -2.638937829   51.707426287   46.357825258  -44.227339103
   -0.628318531   -2.638937829   54.658316228   45.340942974  -28.485589106
   -0.565486678   -2.638937829   57.319339104   36.606224373  -16.822833866
   -0.502654825   -2.638937829   59.375625528   28.974684767   -9.318396483
   -0.439822972   -2.638937829   61.064147374   24.577961209   -3.696650677
   -0.376991118   -2.638937829   62.582545670   22.192459803    0.294155548
   -0.314159265   -2.638937829   63.844611740   17.055618352    0.507822057
   -0.251327412   -2.638937829   64.606876525    6.726091740   -3.209732075
   -0.188495559   -2.638937829   64.665652576   -4.671337923   -8.827539539
   -0.125663706   -2.638937829   64.034123628  -15.000820105  -14.496252767
   -0.062831853   -2.638937829   62.797468629  -23.890663923  -18.708504490
    0.000000000   -2.638937829   61.063962404  -31.060931629  -20.975240595
    0.062831853   -2.638937829   58.813684506  -39.524147579  -22.023565538
    0.125663706   -2.638937829   56.072726829  -47.399835631  -22.845141250
    0.188495559   -2.638937829   52.739179321  -55.345062069  -24.673548175
    0.251327412   -2.638937829   49.156384595  -58.232459406  -26.223804565
    0.314159265   -2.638937829   45.411187897  -61.298928278  -29.762487634
    0.376991118   -2.638937829   41.409889287  -65.128528658  -35.862191670
    0.439822972   -2.638937829   37.291669631  -64.137969979  -40.184055942
    0.502654825   -2.638937829   33.396281966  -59.787471611  -39.226594186
    0.565486678   -2.638937829   29.858468590  -53.497058806  -33.547024282
    0.628318531   -2.638937829   26.571053987  -51.499363287  -26.486615344
    0.691150384   -2.638937829   22.981960972  -52.064197794  -21.132749864
    0.753982237   -2.638937829   20.136520995  -40.862124906  -15.257114482
    0.816814090   -2.638937829   18.251902745  -17.280059056  -12.939043210
    0.879645943   -2.638937829   16.214698298   -8.303741973  -12.849936968
    0.942477796   -2.638937829   16.050950562    7.862867873  -15.897526757
    1.005309649   -2.638937829   16.284998999   11.563777584  -27.021159107
    1.068141502   -2.638937829   17.167476318  -17.078642483  -33.623392715
    1.130973355   -2.638937829   16.655703499  -20.945985043  -31.202267103
    1.193805208   -2.638937829   16.427235380    8.798995824  -22.854585221
    1.256637061   -2.638937829   18.625053280   18.398165376  -33.729535827
    1.319468915   -2.638937829   20.906186289    9.323419640  -45.435669214
    1.382300768   -2.638937829   19.471728639    0.499379971  -46.572723670
    1.445132621   -2.638937829   20.718824665   11.199312958  -45.208235178
    1.507964474   -2.638937829   22.168553051   16.798454678  -42.569068956
    1.570796327   -2.638937829   25.974872184   16.083766110  -39.763603087
    1.633628180   -2.638937829   26.573601008    9.333395871  -39.246773069
    1.696460033   -2.638937829   28.740498769  -10.361412083  -42.799388834
    1.759291886   -2.638937829   29.199325773   -0.821887983  -34.595435616
    1.822123739   -2.638937829   30.530297857   38.148517936  -20.942289657
    1.884955592   -2.638937829   33.708735038   57.708817553   -9.448943089
    1.947787445   -2.638937829   36.413476308   34.391558351   -1.446079430
    2.010619298   -2.638937829   38.317970132   24.641522987   -2.116168252
    2.073451151   -2.638937829   37.943572449   20.048302543   -7.946995215
    2.136283004   -2.638937829   41.659770567    6.764978399   -9.711285888
    2.199114858   -2.638937829   41.001025804   -6.226046496   -4.921559763
    2.261946711   -2.638937829   42.551687524  -26.587701050    4.022376311
    2.324778564   -2.638937829   40.762561199  -27.525064046    2.190377370
    2.387610417   -2.638937829   41.102714405  -23.019055716  -11.760496073
    2.450442270   -2.638937829   38.326901499  -27.234542043   -9.400237631
    2.513274123   -2.638937829   37.630619983  -13.472441397   -6.881463412
    2.576105976   -2.638937829   37.566144802    8.484593680    4.643518623
    2.638937829   -2.638937829   38.908271532   -3.154875146   17.317802294
    2.701769682   -2.638937829   37.210318894  -33.221909936   27.994152880
    2.764601535   -2.638937829   34.612828290  -48.382900487   37.824742076
    2.827433388   -2.638937829   31.602606542  -47.119517431   35.537229624
    2.890265241   -2.638937829   30.189331217  -33.431211918   27.985754374
    2.953097094   -2.638937829   28.781953664  -12.323319938   18.440496498
    3.015928947   -2.638937829   28.671420279  -14.157035604   24.803299529
    3.078760801   -2.638937829   28.065625359   -4.912777351   25.707923124

   -3.141592654   -2.576105976   30.335341748   -8.281236159   34.708710719
   -3.078760801   -2.576105976   29.949231685   -1.723133162   26.094424700
   -3.015928947   -2.576105976   29.560504563   -5.714218444   16.521839267
   -2.953097094   -2.576105976   29.343873452  -15.480552917    4.739829351
   -2.890265241   -2.576105976   28.949694215   -8.950010918  -12.035002838
   -2.827433388   -2.576105976   29.114925955    2.193351833  -23.439256166
   -2.764601535   -2.576105976   28.711862934    1.869482121  -16.104868849
   -2.701769682   -2.576105976   28.595961058   -4.835637669   -8.284959680
   -2.638937829   -2.576105976   27.775331884  -24.511232560  -11.933212248
   -2.576105976   -2.576105976   27.631463367  -23.650280997  -24.957686232
   -2.513274123   -2.576105976   26.186104182  -18.067711199  -25.411132762
   -2.450442270   -2.576105976   25.481043818  -14.062578620  -12.904267562
   -2.387610417   -2.576105976   24.392632800  -11.295731474   -4.271219939
   -2.324778564   -2.576105976   24.641182858   -9.410617329    4.137795816
   -2.261946711   -2.576105976   24.547847784    4.313032787    2.060298943
   -2.199114858   -2.576105976   25.337560048   -1.775863901    4.585358204
   -2.136283004   -2.576105976   24.917033640   -5.560752566    1.004299668
   -2.073451151   -2.576105976   24.648675934    0.633715070   -0.283154241
   -2.010619298   -2.576105976   24.559577663   -0.192625526   -0.075449944
   -1.947787445   -2.576105976   23.116014778  -22.385782616   -0.216445466
   -1.884955592   -2.576105976   20.781055578  -31.959558530   -7.033077009
   -1.822123739   -2.576105976   18.627471237  -31.667568519  -10.713259003
   -1.759291886   -2.576105976   17.916633735  -28.152849060   -8.227122200
   -1.696460033   -2.576105976   17.469011163  -25.498728513  -12.414905088
   -1.633628180   -2.576105976   17.370938727   -7.812560834  -28.605306963
   -1.570796327   -2.576105976   17.874281535   17.708976236  -39.642006621
   -1.507964474   -2.576105976   19.097673829   23.589426985  -47.040046595
   -1.445132621   -2.576105976   20.436537896   17.615983145  -38.893569492
   -1.382300768   -2.576105976   21.889237051   23.855292745  -28.900489525
   -1.319468915   -2.576105976   24.696166701   26.341142858  -19.636627380
   -1.256637061   -2.576105976   26.249615784   23.131528654  -28.355473002
   -1.193805208   -2.576105976   26.858067119    7.500771350  -25.998722348
   -1.130973355   -2.576105976   28.669716001   -1.994667840  -20.199531346
   -1.068141502   -2.576105976   29.494195134   27.670932755  -14.985116894
   -1.005309649   -2.576105976   32.554921844   45.858668816  -26.866787958
   -0.942477796   -2.576105976   35.770261212   52.336915559  -40.965672229
   -0.879645943   -2.576105976   38.934702883   45.913434551  -57.194486014
   -0.816814090   -2.576105976   42.081436281   45.325661764  -64.203933736
   -0.753982237   -2.576105976   45.284223372   57.216415119  -50.646751367
   -0.691150384   -2.576105976   49.176442413   64.567351389  -31.368652324
   -0.628318531   -2.576105976   53.133509173   58.352732362  -17.632171502
   -0.565486678   -2.576105976   56.417415986   44.218573693  -11.057584027
   -0.502654825   -2.576105976   58.872352629   34.370636909   -6.382248447
   -0.439822972   -2.576105976   60.877354061   29.109496286   -2.245350696
   -0.376991118   -2.576105976   62.598823499   23.265323787    0.097069500
   -0.314159265   -2.576105976   63.809399819   14.331627681   -1.635604980
   -0.251327412   -2.576105976   64.340005317    2.172592344   -5.454489337
   -0.188495559   -2.576105976   64.107733227   -9.221599049  -10.157193488
   -0.125663706   -2.576105976   63.254844371  -17.747917249  -13.159081325
   -0.062831853   -2.576105976   61.921152545  -24.365533548  -15.045058534
    0.000000000   -2.576105976   60.188961136  -31.001870828  -17.815026332
    0.062831853   -2.576105976   57.924738158  -40.278714726  -22.655573328
    0.125663706   -2.576105976   55.100551125  -49.125923217  -29.250621275
    0.188495559   -2.576105976   51.587528783  -57.857798197  -36.252803332
    0.251327412   -2.576105976   47.795485353  -63.196080134  -41.644251678
    0.314159265   -2.576105976   43.623301197  -69.962365046  -47.682142794
    0.376991118   -2.576105976   39.059651479  -73.914087458  -53.427649386
    0.439822972   -2.576105976   34.573441684  -66.328510187  -53.360576038
    0.502654825   -2.576105976   30.774817141  -54.190229999  -44.656500852
    0.565486678   -2.576105976   27.728121842  -44.312032947  -31.147646518
    0.628318531   -2.576105976   25.030237738  -42.220509463  -18.627230285
    0.691150384   -2.576105976   21.908920563  -45.033528842  -11.925491597
    0.753982237   -2.576105976   19.383708470  -38.917905207  -12.560355950
    0.816814090   -2.576105976   17.480365607  -19.289676317  -20.499838292
    0.879645943   -2.576105976   15.400158282  -11.371996722  -27.743344188
    0.942477796   -2.576105976   14.997694683    1.863390943  -37.791392419
    1.005309649   -2.576105976   14.591480424    2.189651718  -53.327607946
    1.068141502   -2.576105976   15.242558134  -16.179324722  -61.316813881
    1.130973355   -2.576105976   15.155874129  -13.962890449  -57.699490567
    1.193805208   -2.576105976   15.700067068   10.213836730  -46.614167001
    1.256637061   -2.576105976   17.074772496   12.705594925  -61.963523636
    1.319468915   -2.576105976   18.607299053    5.777797588  -70.527242170
    1.382300768   -2.576105976   17.360220513    0.706376073  -57.240231187
    1.445132621   -2.576105976   18.666364515   10.136818252  -45.779947548
    1.507964474   -2.576105976   20.061867798   18.062898463  -36.723893024
    1.570796327   -2.576105976   23.705680000   16.598223163  -31.712838672
    1.633628180   -2.576105976   24.151140356   10.511061775  -27.276463237
    1.696460033   -2.576105976   26.176736935   -2.299538995  -20.690325555
    1.759291886   -2.576105976   27.358451613    8.846051382   -1.720066942
    1.822123739   -2.576105976   29.205117836   44.764879774    2.928920481
    1.884955592   -2.576105976   32.650090668   60.345326485   -2.191990874
    1.947787445   -2.576105976   36.032084109   41.162118902    4.923680536
    2.010619298   -2.576105976   38.392428983   33.035362877   13.157132581
    2.073451151   -2.576105976   38.204033867   22.261479671   20.562899668
    2.136283004   -2.576105976   41.824075201    5.594005333   16.631459416
    2.199114858   -2.576105976   41.571351707   -2.374131843   21.323591120
    2.261946711   -2.576105976   43.651426967  -23.826347357   24.838013374
    2.324778564   -2.576105976   41.920500648  -28.087010493   21.077268296
    2.387610417   -2.576105976   41.542527398  -24.456104651    2.336947079
    2.450442270   -2.576105976   39.220803729  -20.605982487   -0.455081946
    2.513274123   -2.576105976   38.933923943    0.775445412   -7.094853098
    2.576105976   -2.576105976   39.771216774   23.316472441   -7.184058730
    2.638937829   -2.576105976   41.936749233   14.636732999   -5.792117982
    2.701769682   -2.576105976   40.924038134  -21.265789733    0.663920147
    2.764601535   -2.576105976   39.003465241  -41.981469951   16.275574311
    2.827433388   -2.576105976   36.001826059  -54.283586466   30.974382079
    2.890265241   -2.576105976   33.972361721  -53.592569381   37.388906744
    2.953097094   -2.576105976   31.320548396  -27.343104625   25.922950044
    3.015928947   -2.576105976   30.979113058  -15.151042682   24.667656259
    3.078760801   -2.576105976   30.361080169   -7.125877164   30.540592175

   -3.141592654   -2.513274123   32.354767851   -8.842085388    4.309175147
   -3.078760801   -2.513274123   31.789813425   -7.060695940    6.354522711
   -3.015928947   -2.513274123   31.210752413  -12.603701497    8.675681347
   -2.953097094   -2.513274123   30.615375815  -22.332381731    4.126254582
   -2.890265241   -2.513274123   29.622540563  -16.181400763   -6.902806367
   -2.827433388   -2.513274123   29.344941984    3.018967336  -24.561008097
   -2.764601535   -2.513274123   29.597817322   15.007305032  -33.173661089
   -2.701769682   -2.513274123   30.519062377   12.173432049  -34.844803727
   -2.638937829   -2.513274123   30.285753288  -16.359792961  -36.054916245
   -2.576105976   -2.513274123   29.956224568  -22.466165557  -45.069335136
   -2.513274123   -2.513274123   28.527838293  -14.430199819  -51.526318535
   -2.450442270   -2.513274123   28.357940640   -3.438888541  -48.435230241
   -2.387610417   -2.513274123   27.672378977   -3.670493437  -39.455508335
   -2.324778564   -2.513274123   28.327321251  -12.962295631  -23.229160449
   -2.261946711   -2.513274123   27.847125840   -4.226453950  -16.540396756
   -2.199114858   -2.513274123   28.282030296  -15.876173194   -9.645765362
   -2.136283004   -2.513274123   27.020559841  -19.755930146   -9.505308947
   -2.073451151   -2.513274123   26.041145065   -7.964335545   -8.373102220
   -2.010619298   -2.513274123   25.617946826   -1.993722531   -5.992571464
   -1.947787445   -2.513274123   24.221689374  -18.729257829   -4.652427764
   -1.884955592   -2.513274123   21.890385789  -28.415941590  -10.055492585
   -1.822123739   -2.513274123   19.959741770  -27.947889085  -17.122920048
   -1.759291886   -2.513274123   19.812203632  -28.645149760  -20.164064132
   -1.696460033   -2.513274123   19.608566082  -30.380983705  -21.496736785
   -1.633628180   -2.513274123   18.886649543  -14.251680803  -30.475371524
   -1.570796327   -2.513274123   18.914183508   10.153363878  -29.983990471
   -1.507964474   -2.513274123   19.479009442   16.658924403  -30.651967372
   -1.445132621   -2.513274123   20.598102615   12.770779042  -24.620791362
   -1.382300768   -2.513274123   21.672924103   17.858648586  -21.602209590
   -1.319468915   -2.513274123   24.315084932   13.358595651  -11.596705051
   -1.256637061   -2.513274123   25.208388705   15.790067822   -8.180112985
   -1.193805208   -2.513274123   26.003684682   10.210820572    2.051124624
   -1.130973355   -2.513274123   27.926942670    0.824062254    3.505513721
   -1.068141502   -2.513274123   28.675282886   19.893869335    0.813075904
   -1.005309649   -2.513274123   30.724188519   32.379935244  -14.440043592
   -0.942477796   -2.513274123   32.943256220   36.423561530  -28.496854669
   -0.879645943   -2.513274123   35.394586995   41.779946285  -34.484697166
   -0.816814090   -2.513274123   38.712298661   59.039911355  -25.868318978
   -0.753982237   -2.513274123   43.059330740   77.366865708   -9.657166667
   -0.691150384   -2.513274123   48.034221589   77.691010176   -1.091671917
   -0.628318531   -2.513274123   52.517759839   62.861764294   -1.894997769
   -0.565486678   -2.513274123   55.978733700   46.633929564   -4.517911114
   -0.502654825   -2.513274123   58.627504946   38.136896765   -3.976207597
   -0.439822972   -2.513274123   60.848937817   31.977924291   -2.486089813
   -0.376991118   -2.513274123   62.675176418   22.820999960   -3.306831094
   -0.314159265   -2.513274123   63.775208413   11.660332563   -7.313224472
   -0.251327412   -2.513274123   64.138717404   -0.502550585  -11.076904187
   -0.188495559   -2.513274123   63.812633858   -9.477956978  -12.997822783
   -0.125663706   -2.513274123   63.010884479  -15.817805066  -13.140895448
   -0.062831853   -2.513274123   61.811310854  -22.609195360  -14.119749068
    0.000000000   -2.513274123   60.111793811  -32.227025358  -19.235179121
    0.062831853   -2.513274123   57.659352317  -45.182936538  -30.046731945
    0.125663706   -2.513274123   54.469253210  -55.187058804  -42.335081851
    0.188495559   -2.513274123   50.522078267  -64.362435429  -52.091611968
    0.251327412   -2.513274123   46.269405098  -71.439845418  -56.922484826
    0.314159265   -2.513274123   41.494308931  -80.630781811  -59.044019257
    0.376991118   -2.513274123   36.322987842  -81.546384999  -57.786937432
    0.439822972   -2.513274123   31.642730312  -64.655481556  -49.613022104
    0.502654825   -2.513274123   28.199305754  -44.838452215  -35.985210894
    0.565486678   -2.513274123   25.775405737  -34.168654345  -22.664892091
    0.628318531   -2.513274123   23.598788377  -36.459201638  -14.265611551
    0.691150384   -2.513274123   20.618430667  -46.614463683  -12.964277695
    0.753982237   -2.513274123   17.751957121  -47.753831178  -20.605203289
    0.816814090   -2.513274123   15.186683221  -30.184269093  -32.560488557
    0.879645943   -2.513274123   12.767864105  -17.625332878  -40.179393147
    0.942477796   -2.513274123   12.082196740   -2.080686895  -49.153430031
    1.005309649   -2.513274123   11.305204831   -2.891385650  -60.517738276
    1.068141502   -2.513274123   11.988451972   -7.886355304  -68.117715003
    1.130973355   -2.513274123   12.574326208   -0.265622788  -63.262594191
    1.193805208   -2.513274123   14.134871355   14.053903210  -45.985446675
    1.256637061   -2.513274123   14.830257688    9.865265618  -47.578232327
    1.319468915   -2.513274123   15.987219778   11.242044616  -43.007414051
    1.382300768   -2.513274123   15.696209986   13.633459159  -21.065467441
    1.445132621   -2.513274123   17.684751210   20.220567603  -10.040521057
    1.507964474   -2.513274123   19.563611570   25.311414509   -6.455460462
    1.570796327   -2.513274123   23.392893470   21.782379600  -10.023140373
    1.633628180   -2.513274123   23.988058176   18.936961804  -13.318362973
    1.696460033   -2.513274123   26.379145166   15.259808655  -10.145816951
    1.759291886   -2.513274123   28.698787576   15.179772035    6.158583047
    1.822123739   -2.513274123   30.444693865   35.837950134    1.236944203
    1.884955592   -2.513274123   33.178697619   49.607137302  -14.216876225
    1.947787445   -2.513274123   36.880550573   46.707018419  -12.938479816
    2.010619298   -2.513274123   39.769342592   46.739630781   -6.415836960
    2.073451151   -2.513274123   40.122857330   26.411828207    6.967857734
    2.136283004   -2.513274123   43.217320140    0.412333725    6.288341234
    2.199114858   -2.513274123   43.035474947   -6.613737810   17.612724838
    2.261946711   -2.513274123   45.120946700  -25.903333088   23.660031570
    2.324778564   -2.513274123   43.312066657  -28.955412743   24.318926334
    2.387610417   -2.513274123   42.243190503  -25.905427757   11.771238590
    2.450442270   -2.513274123   40.219853968  -19.828129954    7.770879511
    2.513274123   -2.513274123   39.838846410    2.886808120   -6.377794328
    2.576105976   -2.513274123   40.750832930   25.288026339  -19.978641822
    2.638937829   -2.513274123   42.963651060   22.810058372  -29.661902526
    2.701769682   -2.513274123   42.270256128  -12.796383755  -28.656162578
    2.764601535   -2.513274123   41.108960645  -27.805876976  -16.745913880
    2.827433388   -2.513274123   39.031105052  -40.412938140    4.737341415
    2.890265241   -2.513274123   37.613129229  -56.407149706   27.794751937
    2.953097094   -2.513274123   34.197223130  -46.108492895   28.052481727
    3.015928947   -2.513274123   33.042858580  -25.926666528   13.843394602
    3.078760801   -2.513274123   32.171958892   -5.301901485    2.339976292

   -3.141592654   -2.450442270   31.986074761   -9.986159288  -21.810629642
   -3.078760801   -2.450442270   31.568562674   -3.105733680  -29.383800691
   -3.015928947   -2.450442270   31.563146779   -8.781753683  -25.964603592
   -2.953097094   -2.450442270   31.228213277  -16.776426554  -27.193761180
   -2.890265241   -2.450442270   30.341676723  -16.222045402  -27.430390126
   -2.827433388   -2.450442270   29.608854791   -5.868515120  -34.680670223
   -2.764601535   -2.450442270   29.411999056    5.531332808  -44.201092013
   -2.701769682   -2.450442270   29.920783750    8.852737490  -52.997045324
   -2.638937829   -2.450442270   29.363631194  -19.311718632  -53.231006378
   -2.576105976   -2.450442270   28.298837972  -31.915687677  -52.320986704
   -2.513274123   -2.450442270   26.090113552  -26.558293760  -50.023557314
   -2.450442270   -2.450442270   25.465915992   -4.322988880  -46.681128348
   -2.387610417   -2.450442270   24.820190490    6.047928433  -37.407192554
   -2.324778564   -2.450442270   26.254881586   -2.706724992  -18.245676131
   -2.261946711   -2.450442270   26.324117006    2.993993499   -2.047588366
   -2.199114858   -2.450442270   27.391203321  -11.763075790    8.330165149
   -2.136283004   -2.450442270   26.593976312  -10.179164889   11.668702987
   -2.073451151   -2.450442270   26.301115268    2.698599522   16.331555994
   -2.010619298   -2.450442270   26.440037841    3.793168562   15.141979584
   -1.947787445   -2.450442270   25.219600382  -18.428676173    5.467970641
   -1.884955592   -2.450442270   22.446057193  -36.631985001  -11.469057515
   -1.822123739   -2.450442270   19.910488885  -38.561589139  -23.274146381
   -1.759291886   -2.450442270   19.506786967  -36.529213665  -21.180856283
   -1.696460033   -2.450442270   19.493792720  -32.979905905   -2.967693611
   -1.633628180   -2.450442270   18.433883554  -13.362759776    4.937262008
   -1.570796327   -2.450442270   18.510773190    8.656485568   12.743248284
   -1.507964474   -2.450442270   18.765288319   12.077094480    8.637906133
   -1.445132621   -2.450442270   19.762793500    8.794064164    3.538670890
   -1.382300768   -2.450442270   20.749361189   20.116550057   -0.991076138
   -1.319468915   -2.450442270   23.936803785   17.124272847    0.969994790
   -1.256637061   -2.450442270   25.190452715   23.017758097   -4.082114067
   -1.193805208   -2.450442270   26.662428109   17.630594093   -9.248105518
   -1.130973355   -2.450442270   28.821975066    6.539833804  -18.996448312
   -1.068141502   -2.450442270   29.784142103   17.059351221  -21.145519427
   -1.005309649   -2.450442270   31.256649410   23.370493108  -26.318107859
   -0.942477796   -2.450442270   32.875909693   28.749270552  -24.871093431
   -0.879645943   -2.450442270   35.181139461   46.057957369  -13.212983092
   -0.816814090   -2.450442270   39.081135584   69.847098186    5.597618297
   -0.753982237   -2.450442270   43.911391303   80.397036060   13.229839637
   -0.691150384   -2.450442270   48.736303610   70.753725916    8.174005297
   -0.628318531   -2.450442270   52.676043575   54.634951231   -1.755572321
   -0.565486678   -2.450442270   55.759755572   43.402615588   -7.312306801
   -0.502654825   -2.450442270   58.320300884   37.995052037   -8.805602182
   -0.439822972   -2.450442270   60.512244439   30.821316300  -10.379280088
   -0.376991118   -2.450442270   62.169255725   19.068943563  -14.043072200
   -0.314159265   -2.450442270   63.015137818    7.792932336  -17.968353656
   -0.251327412   -2.450442270   63.207324784   -1.804642097  -19.559226496
   -0.188495559   -2.450442270   62.889590563   -8.376594741  -18.002122304
   -0.125663706   -2.450442270   62.188417732  -14.261457836  -15.266289410
   -0.062831853   -2.450442270   61.009039094  -24.521249144  -15.118270910
    0.000000000   -2.450442270   59.001194136  -40.073326412  -20.480643092
    0.062831853   -2.450442270   55.958006635  -55.499572364  -29.201513674
    0.125663706   -2.450442270   52.206230877  -62.123629991  -36.579218998
    0.188495559   -2.450442270   48.021407576  -64.700607301  -38.666509007
    0.251327412   -2.450442270   43.934949019  -66.551236730  -36.718344649
    0.314159265   -2.450442270   39.551659518  -72.732079922  -34.767038558
    0.376991118   -2.450442270   35.024046221  -68.448830701  -32.611726697
    0.439822972   -2.450442270   31.332791630  -46.736038957  -28.974229476
    0.502654825   -2.450442270   29.005678823  -27.491512517  -26.702016738
    0.565486678   -2.450442270   27.437591203  -23.927572207  -28.334187588
    0.628318531   -2.450442270   25.673780618  -33.859244616  -31.946811100
    0.691150384   -2.450442270   22.632214233  -52.655961686  -35.327370909
    0.753982237   -2.450442270   19.096348593  -60.867074895  -40.876892588
    0.816814090   -2.450442270   15.534203982  -46.991551478  -46.478341823
    0.879645943   -2.450442270   12.392902224  -31.071960462  -44.895130076
    0.942477796   -2.450442270   10.902455201  -14.267603857  -43.133049206
    1.005309649   -2.450442270    9.381651131  -15.428217777  -38.910654724
    1.068141502   -2.450442270    9.372459928  -10.932295778  -39.357647193
    1.130973355   -2.450442270    9.797902978    4.291625411  -37.827362063
    1.193805208   -2.450442270   11.936253752   16.729264753  -29.334877490
    1.256637061   -2.450442270   12.345213393   11.726403742  -31.506160613
    1.319468915   -2.450442270   13.629425746   21.417958225  -30.520370929
    1.382300768   -2.450442270   14.505193856   28.924308656  -19.895547948
    1.445132621   -2.450442270   17.108318192   28.077737574  -18.569886354
    1.507964474   -2.450442270   19.260641040   27.102831646  -20.618073967
    1.570796327   -2.450442270   22.998074586   21.031783684  -24.790876070
    1.633628180   -2.450442270   23.365568642   21.023172847  -29.468817260
    1.696460033   -2.450442270   25.770658879   26.474665861  -32.783583693
    1.759291886   -2.450442270   28.745516502   17.453191504  -29.265544679
    1.822123739   -2.450442270   30.210367214   25.583200738  -31.090176965
    1.884955592   -2.450442270   32.239330198   38.487363204  -34.210905959
    1.947787445   -2.450442270   36.098675153   49.305455485  -25.998926049
    2.010619298   -2.450442270   39.212880885   58.053794215  -21.104568505
    2.073451151   -2.450442270   40.262073429   35.530395713   -7.489634515
    2.136283004   -2.450442270   43.274592255    7.544588794   -3.776378629
    2.199114858   -2.450442270   43.853470188   -2.269797985   14.839913572
    2.261946711   -2.450442270   46.307623940  -24.292295669   25.599067310
    2.324778564   -2.450442270   44.564914382  -29.207121297   30.477911526
    2.387610417   -2.450442270   42.959017390  -29.816483594   27.500728231
    2.450442270   -2.450442270   40.770571421  -28.348616232   25.935578495
    2.513274123   -2.450442270   39.499153398  -12.568333497   10.972373647
    2.576105976   -2.450442270   39.289129916    8.360461102  -13.313998613
    2.638937829   -2.450442270   40.625410809   18.155247885  -34.707810609
    2.701769682   -2.450442270   39.851160139   -8.918702446  -42.024057566
    2.764601535   -2.450442270   39.260538658  -14.001111034  -38.376522579
    2.827433388   -2.450442270   38.420523209  -14.336297594  -23.656455009
    2.890265241   -2.450442270   38.768518779  -32.889067192    4.429919658
    2.953097094   -2.450442270   36.103197256  -47.547968980   27.257917150
    3.015928947   -2.450442270   34.313031303  -44.956625479   23.913813329
    3.078760801   -2.450442270   32.248528001  -20.440281214   -0.382476913

   -3.141592654   -2.387610417   30.685670654  -30.321006492  -18.105875368
   -3.078760801   -2.387610417   29.388463377  -10.881217730  -38.415189283
   -3.015928947   -2.387610417   29.476803744  -11.398017966  -40.989049129
   -2.953097094   -2.387610417   29.065237679  -13.131581062  -43.370997918
   -2.890265241   -2.387610417   28.410116951  -11.221926694  -36.828240638
   -2.827433388   -2.387610417   27.636487649   -8.995627205  -31.670306672
   -2.764601535   -2.387610417   27.124115989   -4.281046976  -30.541099837
   -2.701769682   -2.387610417   27.130161280    4.233816061  -36.265546615
   -2.638937829   -2.387610417   26.610509271  -11.904924067  -35.056914170
   -2.576105976   -2.387610417   25.923550298  -20.427733635  -25.775454721
   -2.513274123   -2.387610417   24.341102717  -19.687987531   -9.718599002
   -2.450442270   -2.387610417   24.093760219    3.897473050   -1.839064589
   -2.387610417   -2.387610417   23.852316730   18.705817911    2.070152023
   -2.324778564   -2.387610417   26.119508115   12.897958592    8.199360327
   -2.261946711   -2.387610417   27.073332195   14.022834768   18.446304184
   -2.199114858   -2.387610417   28.664758630  -10.200972338   22.423937335
   -2.136283004   -2.387610417   27.936168436   -8.843146147   21.466637829
   -2.073451151   -2.387610417   27.650426752    0.133667616   19.733999114
   -2.010619298   -2.387610417   27.299477836  -12.791503269   12.033966739
   -1.947787445   -2.387610417   24.899102526  -38.999148640   -4.918111192
   -1.884955592   -2.387610417   20.783948430  -53.173477231  -23.328265396
   -1.822123739   -2.387610417   17.859431149  -37.044566079  -28.300256940
   -1.759291886   -2.387610417   18.382345930  -14.722568816  -22.219549510
   -1.696460033   -2.387610417   20.567177190   -6.620915683   -2.254036451
   -1.633628180   -2.387610417   20.579694815    1.681963170   -3.805265506
   -1.570796327   -2.387610417   20.999872522    2.397280353   -8.816202829
   -1.507964474   -2.387610417   20.396340281   -7.853609350  -16.942854712
   -1.445132621   -2.387610417   20.177535418  -12.838652028  -20.174762176
   -1.382300768   -2.387610417   19.957440788    2.827071142  -20.963690289
   -1.319468915   -2.387610417   22.210663511    0.283579105  -25.635899823
   -1.256637061   -2.387610417   22.418548209    8.502987047  -35.524536996
   -1.193805208   -2.387610417   23.265531760   10.059501969  -40.829549167
   -1.130973355   -2.387610417   25.037181023    8.828071739  -41.429175817
   -1.068141502   -2.387610417   26.439567037   22.761254886  -29.142934606
   -1.005309649   -2.387610417   28.304808288   32.548423571  -20.125012747
   -0.942477796   -2.387610417   30.717728499   46.032502346   -7.542208500
   -0.879645943   -2.387610417   34.322457288   69.213924228    9.272038128
   -0.816814090   -2.387610417   39.609437719   83.104928393   23.736196748
   -0.753982237   -2.387610417   44.743215092   76.890000794   17.824966746
   -0.691150384   -2.387610417   49.002120727   58.670194046    1.264058754
   -0.628318531   -2.387610417   52.242899443   45.633225629  -12.881943146
   -0.565486678   -2.387610417   54.919137925   39.497131077  -20.439190034
   -0.502654825   -2.387610417   57.304310964   35.477530896  -23.719908565
   -0.439822972   -2.387610417   59.298301821   26.854368881  -26.915001602
   -0.376991118   -2.387610417   60.655028838   14.355199835  -30.485157451
   -0.314159265   -2.387610417   61.243512655    4.824563368  -32.025835692
   -0.251327412   -2.387610417   61.334018452   -2.050936112  -30.840569411
   -0.188495559   -2.387610417   61.066201500   -7.043941471  -27.651865847
   -0.125663706   -2.387610417   60.390128181  -15.371424581  -26.507440131
   -0.062831853   -2.387610417   58.994028397  -30.138966433  -28.867322803
    0.000000000   -2.387610417   56.507151783  -48.935707074  -33.280569542
    0.062831853   -2.387610417   52.946126024  -62.651619585  -35.487475512
    0.125663706   -2.387610417   48.916638760  -63.305050914  -31.958677374
    0.188495559   -2.387610417   44.831043992  -61.099839382  -23.890383749
    0.251327412   -2.387610417   40.998299525  -62.544323517  -17.045030768
    0.314159265   -2.387610417   36.815419192  -69.852107698  -13.627669662
    0.376991118   -2.387610417   32.510118320  -63.918157309  -10.649610750
    0.439822972   -2.387610417   29.080062286  -44.223865519   -9.411755058
    0.502654825   -2.387610417   26.790989559  -28.446652330  -13.484503546
    0.565486678   -2.387610417   25.069215943  -27.156360856  -19.989489251
    0.628318531   -2.387610417   23.174407132  -34.989068507  -23.909286268
    0.691150384   -2.387610417   20.189229646  -51.705298503  -23.108746439
    0.753982237   -2.387610417   16.689430541  -59.012070701  -20.880082137
    0.816814090   -2.387610417   13.201745993  -44.918514080  -17.062585286
    0.879645943   -2.387610417   10.538464330  -24.869836457   -7.873230601
    0.942477796   -2.387610417    9.543830840   -5.174397748    0.961375962
    1.005309649   -2.387610417    8.750362145   -6.229379627   14.228941705
    1.068141502   -2.387610417    9.024507940   -3.412407134   19.525637487
    1.130973355   -2.387610417    9.555087597    7.838929215   18.759905297
    1.193805208   -2.387610417   11.917381803   15.814502067   16.337186949
    1.256637061   -2.387610417   12.122702129    9.355988230   12.621443142
    1.319468915   -2.387610417   13.240918487   19.063633736    9.662319850
    1.382300768   -2.387610417   14.301427106   27.649590588   10.636049835
    1.445132621   -2.387610417   16.516477023   22.245435370    5.992955975
    1.507964474   -2.387610417   18.154191327   18.164101642    2.348753798
    1.570796327   -2.387610417   21.269392502   12.698741147   -3.107413095
    1.633628180   -2.387610417   20.977521748   12.841196298  -10.182757149
    1.696460033   -2.387610417   22.580854026   20.211467080  -25.514170147
    1.759291886   -2.387610417   24.987497138   12.795731704  -42.829375603
    1.822123739   -2.387610417   26.214467732   23.826049060  -48.879397763
    1.884955592   -2.387610417   28.387738892   43.457543369  -46.145984577
    1.947787445   -2.387610417   33.101341352   61.764539730  -34.955756059
    2.010619298   -2.387610417   36.701339093   71.954405889  -31.546539475
    2.073451151   -2.387610417   38.702247986   49.099140917  -20.708420197
    2.136283004   -2.387610417   42.065637184   21.731313072  -15.422440587
    2.199114858   -2.387610417   43.822386062    6.557368545    5.670875914
    2.261946711   -2.387610417   46.877059985  -18.279015621   17.320000284
    2.324778564   -2.387610417   45.573511179  -21.461683428   26.142767681
    2.387610417   -2.387610417   44.314036592  -21.032260268   34.717998332
    2.450442270   -2.387610417   42.586561676  -26.143557274   43.317501137
    2.513274123   -2.387610417   40.932980701  -26.039542442   40.560900693
    2.576105976   -2.387610417   39.337662892  -17.302572639   19.689380999
    2.638937829   -2.387610417   39.127376898   -2.549672601   -6.994194546
    2.701769682   -2.387610417   37.518394613  -16.423036121  -25.694547511
    2.764601535   -2.387610417   36.765985936  -12.586644101  -34.221266050
    2.827433388   -2.387610417   36.340940749   -1.213243703  -35.942250430
    2.890265241   -2.387610417   37.911601802   -6.145578834  -28.004611983
    2.953097094   -2.387610417   36.888571340  -27.304902672   -4.345979257
    3.015928947   -2.387610417   35.586459383  -49.156432508   11.847690994
    3.078760801   -2.387610417   32.519523084  -45.898878770    6.643957639

   -3.141592654   -2.324778564   30.133681315  -47.185399588   -7.658910906
   -3.078760801   -2.324778564   27.770896179  -25.129286402  -22.594763618
   -3.015928947   -2.324778564   27.622326949  -16.857817318  -33.644716394
   -2.953097094   -2.324778564   27.091439248   -7.445044701  -45.428461482
   -2.890265241   -2.324778564   27.039989855    2.737576315  -45.538433240
   -2.827433388   -2.324778564   26.931112546    1.923725521  -42.046330401
   -2.764601535   -2.324778564   26.900856296   -3.755725615  -36.612967307
   -2.701769682   -2.324778564   26.763782516    1.748850784  -37.412673220
   -2.638937829   -2.324778564   26.312245836   -6.462435268  -33.774364961
   -2.576105976   -2.324778564   26.077540784   -6.006389744  -26.124184652
   -2.513274123   -2.324778564   25.608517680   -7.035211416  -11.917755449
   -2.450442270   -2.324778564   26.099044405   15.705369824  -10.647528632
   -2.387610417   -2.324778564   26.432259521   29.674501114  -18.004526493
   -2.324778564   -2.324778564   29.196655676   23.424855658  -26.593557157
   -2.261946711   -2.324778564   30.580939655   15.253589920  -26.350394553
   -2.199114858   -2.324778564   31.758856821  -22.330426651  -28.199888652
   -2.136283004   -2.324778564   30.156241384  -21.669823278  -32.794133633
   -2.073451151   -2.324778564   29.049134705  -13.498070703  -37.494467768
   -2.010619298   -2.324778564   27.691963785  -36.784407660  -43.923896037
   -1.947787445   -2.324778564   23.969596343  -59.951378114  -49.121397525
   -1.884955592   -2.324778564   18.779722348  -64.604095547  -46.642733177
   -1.822123739   -2.324778564   15.861839201  -33.149606918  -31.637355440
   -1.759291886   -2.324778564   16.978227593    0.846981101  -22.085049693
   -1.696460033   -2.324778564   20.657879927    5.238110538   -9.786326791
   -1.633628180   -2.324778564   20.805933101    2.294393684  -21.598063553
   -1.570796327   -2.324778564   20.950743889   -8.259246243  -33.658428243
   -1.507964474   -2.324778564   19.748965453  -19.011645114  -36.912528206
   -1.445132621   -2.324778564   19.025457155  -19.167406955  -30.483657134
   -1.382300768   -2.324778564   18.547231055   -1.006414782  -20.110037153
   -1.319468915   -2.324778564   20.425497893   -3.570359679  -18.696124085
   -1.256637061   -2.324778564   20.360321707    7.233364076  -19.476666892
   -1.193805208   -2.324778564   21.350818852   16.113374089  -19.673113540
   -1.130973355   -2.324778564   23.542354651   22.320264497  -18.329232900
   -1.068141502   -2.324778564   26.021101288   34.798289171   -9.171214858
   -1.005309649   -2.324778564   28.598406125   43.869039102   -5.325988772
   -0.942477796   -2.324778564   31.863700965   61.693190155    3.158103497
   -0.879645943   -2.324778564   36.442116977   82.070128211   12.759808745
   -0.816814090   -2.324778564   42.231176284   76.733287926   13.562038547
   -0.753982237   -2.324778564   46.461060682   56.449653872   -6.323239700
   -0.691150384   -2.324778564   49.387730543   38.232876452  -27.958849016
   -0.628318531   -2.324778564   51.548260887   32.431336987  -42.042635682
   -0.565486678   -2.324778564   53.630655766   33.222536286  -46.236077720
   -0.502654825   -2.324778564   55.701498508   31.042164518  -46.387549017
   -0.439822972   -2.324778564   57.430611178   22.769047320  -45.764128558
   -0.376991118   -2.324778564   58.562886504   12.416855381  -44.460251718
   -0.314159265   -2.324778564   59.103967798    5.294642819  -41.906028833
   -0.251327412   -2.324778564   59.288278872    0.401961641  -39.056829285
   -0.188495559   -2.324778564   59.127974116   -6.196470243  -38.805701876
   -0.125663706   -2.324778564   58.423237485  -17.320371257  -42.148906488
   -0.062831853   -2.324778564   56.879644545  -32.303080950  -45.867309995
    0.000000000   -2.324778564   54.359408771  -47.597516710  -45.712460922
    0.062831853   -2.324778564   51.068909136  -55.443819031  -39.831732055
    0.125663706   -2.324778564   47.617658792  -52.681706045  -30.479717735
    0.188495559   -2.324778564   44.237697419  -51.957296418  -22.247361534
    0.251327412   -2.324778564   40.798742603  -59.031289753  -19.889524427
    0.314159265   -2.324778564   36.778111899  -66.986217132  -18.657356058
    0.376991118   -2.324778564   32.690111640  -60.265639689  -13.122002333
    0.439822972   -2.324778564   29.381697362  -45.352593498   -7.055128647
    0.502654825   -2.324778564   26.870665717  -33.345001560   -6.638575773
    0.565486678   -2.324778564   24.871651152  -31.933924748   -6.681512097
    0.628318531   -2.324778564   22.837801049  -35.761165514   -6.093373496
    0.691150384   -2.324778564   19.993229611  -48.201023255   -1.753166697
    0.753982237   -2.324778564   16.814727544  -51.784127013    7.984004418
    0.816814090   -2.324778564   13.723054498  -38.618756666   19.923899123
    0.879645943   -2.324778564   11.609564185  -19.341781982   32.187478176
    0.942477796   -2.324778564   10.943301822   -0.501303351   39.256539114
    1.005309649   -2.324778564   10.639379509   -1.317957094   47.737233138
    1.068141502   -2.324778564   10.904096543   -2.045955822   48.865536902
    1.130973355   -2.324778564   11.112325467    2.309428125   45.360562472
    1.193805208   -2.324778564   13.028478537    9.792957535   34.826175672
    1.256637061   -2.324778564   13.081171268    7.683143750   28.409298146
    1.319468915   -2.324778564   14.200217361   17.740096466   22.231809481
    1.382300768   -2.324778564   15.409676471   27.187289690   17.623178436
    1.445132621   -2.324778564   17.477808024   23.176873252   10.754583807
    1.507964474   -2.324778564   19.169791350   19.691525249    9.976348137
    1.570796327   -2.324778564   22.282281559   14.878513004    8.843262512
    1.633628180   -2.324778564   21.941304429    9.229474257    9.262977995
    1.696460033   -2.324778564   22.866607733    9.868402061    0.254030846
    1.759291886   -2.324778564   24.167663375    4.373030178  -16.364275062
    1.822123739   -2.324778564   25.001381708   20.989933029  -22.159128058
    1.884955592   -2.324778564   27.282963276   48.080784687  -22.514726655
    1.947787445   -2.324778564   32.497624646   70.837279686  -21.273136967
    2.010619298   -2.324778564   36.198688191   77.505367497  -27.587471439
    2.073451151   -2.324778564   38.744824515   56.560469258  -28.597651810
    2.136283004   -2.324778564   42.374967910   35.529703339  -32.889507073
    2.199114858   -2.324778564   45.352950934   15.934101213  -18.233762986
    2.261946711   -2.324778564   48.841756680  -14.177521116  -11.227769190
    2.324778564   -2.324778564   47.775673508  -17.210332123   -1.315999466
    2.387610417   -2.324778564   46.769970572  -14.072782502   11.731041985
    2.450442270   -2.324778564   45.410328613  -20.359444589   27.046883807
    2.513274123   -2.324778564   43.837850588  -30.136811867   40.509373466
    2.576105976   -2.324778564   41.380564693  -37.441238255   39.589331950
    2.638937829   -2.324778564   39.854453402  -28.237655996   28.532888872
    2.701769682   -2.324778564   37.136710112  -32.318774871   14.436479550
    2.764601535   -2.324778564   35.710592857  -20.941364984    3.300307669
    2.827433388   -2.324778564   34.840726174   -6.963786003   -6.993809060
    2.890265241   -2.324778564   36.114086956   -1.884790182  -22.753863321
    2.953097094   -2.324778564   35.828160068  -10.644323207  -25.817161880
    3.015928947   -2.324778564   35.478458679  -32.998345916  -17.583621138
    3.078760801   -2.324778564   32.857095420  -51.558535689   -3.145300927

   -3.141592654   -2.261946711   28.483025603  -43.405819687  -12.627062262
   -3.078760801   -2.261946711   25.976742888  -31.112675926   -7.452368537
   -3.015928947   -2.261946711   25.609807822  -25.519779955   -8.863113789
   -2.953097094   -2.261946711   24.597038086   -9.445728031  -18.961459655
   -2.890265241   -2.261946711   24.668982900   10.194381628  -23.982271652
   -2.827433388   -2.261946711   24.961143936   12.566910185  -26.129864842
   -2.764601535   -2.261946711   25.672293465    5.676214923  -21.757449254
   -2.701769682   -2.261946711   26.118299981   12.856204009  -20.883227348
   -2.638937829   -2.261946711   26.523792839   10.214492095  -19.098861643
   -2.576105976   -2.261946711   27.308638970   13.007286860  -17.801943261
   -2.513274123   -2.261946711   28.147524549    1.477989448  -12.887708036
   -2.450442270   -2.261946711   28.911485669   15.230891071  -22.215217012
   -2.387610417   -2.261946711   28.908992641   22.555541569  -38.241345472
   -2.324778564   -2.261946711   31.072592270   17.458986696  -55.125142139
   -2.261946711   -2.261946711   32.105807702    8.670063724  -64.476951746
   -2.199114858   -2.261946711   32.485316593  -37.664529598  -69.606452226
   -2.136283004   -2.261946711   29.611084045  -41.991551654  -71.563992426
   -2.073451151   -2.261946711   27.245741192  -31.720352576  -64.598448272
   -2.010619298   -2.261946711   24.887464713  -51.398571088  -53.136928054
   -1.947787445   -2.261946711   21.031772981  -57.959266100  -34.719157994
   -1.884955592   -2.261946711   16.454441733  -51.354618702  -17.768449448
   -1.822123739   -2.261946711   14.882414296  -17.467307657    1.095489987
   -1.759291886   -2.261946711   16.571718434   10.207212253    0.068560291
   -1.696460033   -2.261946711   20.876128843    1.163902410   -0.487946620
   -1.633628180   -2.261946711   20.197440293  -11.887352706  -20.527617215
   -1.570796327   -2.261946711   19.453998586  -21.930906216  -38.570356468
   -1.507964474   -2.261946711   17.963567368  -19.617633739  -42.289230847
   -1.445132621   -2.261946711   17.645309968   -8.200141754  -31.196637777
   -1.382300768   -2.261946711   17.980412183   10.976306335  -12.614288691
   -1.319468915   -2.261946711   20.239332657    6.575700185   -2.935144413
   -1.256637061   -2.261946711   20.514869210   12.508637342    5.155898652
   -1.193805208   -2.261946711   21.807330964   22.363948945   10.691631742
   -1.130973355   -2.261946711   24.177163272   26.764165207   13.078383458
   -1.068141502   -2.261946711   27.132601707   34.909880430   19.309186208
   -1.005309649   -2.261946711   29.792379516   45.801532519   20.525749205
   -0.942477796   -2.261946711   33.277339250   66.090962492   21.668889588
   -0.879645943   -2.261946711   37.908317546   76.990648958   16.746836129
   -0.816814090   -2.261946711   43.097270203   53.478316428    1.351991068
   -0.753982237   -2.261946711   45.695386304   30.139501497  -24.860314441
   -0.691150384   -2.261946711   47.205262514   20.428895868  -43.095096958
   -0.628318531   -2.261946711   48.638524315   26.557460384  -48.851055604
   -0.565486678   -2.261946711   50.581433054   33.202517182  -47.371237914
   -0.502654825   -2.261946711   52.694673062   31.812391959  -45.765940875
   -0.439822972   -2.261946711   54.456365637   23.344340404  -45.271637780
   -0.376991118   -2.261946711   55.631746128   13.831980184  -44.980744398
   -0.314159265   -2.261946711   56.286656675    7.007959428  -44.288151843
   -0.251327412   -2.261946711   56.507985094   -0.355262142  -46.400453411
   -0.188495559   -2.261946711   56.202434250   -9.549044441  -50.975249526
   -0.125663706   -2.261946711   55.324153259  -19.044651299  -53.361423576
   -0.062831853   -2.261946711   53.828741136  -28.588593609  -51.037115447
    0.000000000   -2.261946711   51.745668192  -37.294264103  -43.966940391
    0.062831853   -2.261946711   49.259083029  -41.011989948  -35.350816149
    0.125663706   -2.261946711   46.582765126  -42.380650407  -32.686411156
    0.188495559   -2.261946711   43.701973520  -48.318290585  -36.550432985
    0.251327412   -2.261946711   40.360238228  -58.087641896  -44.079970097
    0.314159265   -2.261946711   36.531054017  -60.187610995  -43.741011110
    0.376991118   -2.261946711   33.046315188  -49.263689692  -33.137688000
    0.439822972   -2.261946711   30.382696388  -38.997930662  -20.032879358
    0.502654825   -2.261946711   28.172693015  -30.177566913  -13.084137764
    0.565486678   -2.261946711   26.473643267  -30.592575460   -7.835380004
    0.628318531   -2.261946711   24.654111505  -32.081010534   -6.714539749
    0.691150384   -2.261946711   22.249728457  -37.918816432   -4.700851319
    0.753982237   -2.261946711   19.989196346  -33.935696402    5.354429468
    0.816814090   -2.261946711   17.966723664  -22.484916406   16.410392636
    0.879645943   -2.261946711   16.821730944   -8.817047657   24.898754729
    0.942477796   -2.261946711   16.609045823    3.226081426   25.939702935
    1.005309649   -2.261946711   16.652524331    0.455495184   27.565145144
    1.068141502   -2.261946711   16.790144965   -2.639534915   26.288732219
    1.130973355   -2.261946711   16.727914399   -4.516166225   28.417572847
    1.193805208   -2.261946711   17.838846872   -1.778186161   22.451587971
    1.256637061   -2.261946711   17.279928050   -3.820810698   19.292700736
    1.319468915   -2.261946711   17.618082143    3.420560437   11.298248290
    1.382300768   -2.261946711   17.965193246   10.584339173   -0.525581557
    1.445132621   -2.261946711   18.980644051   11.580518975  -18.547099055
    1.507964474   -2.261946711   20.131783505   14.430470371  -29.468597406
    1.570796327   -2.261946711   22.872859929   14.758058758  -37.304318690
    1.633628180   -2.261946711   22.672165890    9.426863086  -30.543026649
    1.696460033   -2.261946711   23.406179387    7.537526607  -24.061115865
    1.759291886   -2.261946711   24.195970268    4.117909971  -20.088566737
    1.822123739   -2.261946711   25.003890367   20.967031173  -12.741282406
    1.884955592   -2.261946711   27.343575240   48.273092940   -6.423283909
    1.947787445   -2.261946711   32.370249821   68.589721614   -5.244834044
    2.010619298   -2.261946711   35.413870693   66.933551331  -10.708784069
    2.073451151   -2.261946711   37.521648337   46.055169255  -17.437780442
    2.136283004   -2.261946711   40.527328127   36.013451093  -31.398824955
    2.199114858   -2.261946711   44.082361865   22.113415938  -28.434368042
    2.261946711   -2.261946711   47.811351776   -3.951523450  -29.235241031
    2.324778564   -2.261946711   47.448593103   -5.163471261  -15.750024733
    2.387610417   -2.261946711   47.162882623    0.294112400   -4.129175707
    2.450442270   -2.261946711   46.585470114   -5.218441729    7.691562946
    2.513274123   -2.261946711   45.891704300  -18.879421806   24.567611822
    2.576105976   -2.261946711   43.717430020  -40.696329367   37.531942618
    2.638937829   -2.261946711   41.914499802  -43.986820700   43.380636128
    2.701769682   -2.261946711   38.570863566  -45.889556853   41.905010175
    2.764601535   -2.261946711   36.498652182  -31.238780701   36.668634677
    2.827433388   -2.261946711   34.941730144  -20.022915365   30.747296571
    2.890265241   -2.261946711   34.870654220  -21.780724566   12.658947572
    2.953097094   -2.261946711   33.470556829  -24.059965766  -10.222283104
    3.015928947   -2.261946711   32.675210952  -25.732821670  -29.250476676
    3.078760801   -2.261946711   30.870196519  -41.058581971  -21.753785354

   -3.141592654   -2.199114858   27.684518014  -30.552345801  -13.807109390
   -3.078760801   -2.199114858   25.762863166  -25.344672040   -4.132996875
   -3.015928947   -2.199114858   25.616078216  -27.564961624    1.204694763
   -2.953097094   -2.199114858   24.284678388  -16.209581526    1.266514880
   -2.890265241   -2.199114858   24.000314586    7.383666324   -4.096367944
   -2.827433388   -2.199114858   24.012222641   12.511613526  -10.176416889
   -2.764601535   -2.199114858   24.887425297    7.607027267   -8.971930163
   -2.701769682   -2.199114858   25.428076339   16.347570081   -6.859419690
   -2.638937829   -2.199114858   25.954137491   14.881981444   -4.509173268
   -2.576105976   -2.199114858   26.903797626   16.508866895   -0.049702819
   -2.513274123   -2.199114858   28.140501838   -5.914676562    8.745388241
   -2.450442270   -2.199114858   28.377320647    1.439525690    3.356752276
   -2.387610417   -2.199114858   27.469832408    6.483580181   -8.748770958
   -2.324778564   -2.199114858   28.683686977    4.654531837  -21.924078451
   -2.261946711   -2.199114858   29.179849363    3.624192175  -32.027976403
   -2.199114858   -2.199114858   29.459301991  -33.883381495  -36.119953443
   -2.136283004   -2.199114858   26.830055053  -32.084529713  -37.098472285
   -2.073451151   -2.199114858   25.361965538  -12.756095938  -30.869028375
   -2.010619298   -2.199114858   24.127130836  -32.537679985  -24.423621424
   -1.947787445   -2.199114858   21.804632102  -41.180723929  -10.815419852
   -1.884955592   -2.199114858   18.286979366  -39.879420924   -6.525998805
   -1.822123739   -2.199114858   17.598759961  -15.739209566   -2.872229871
   -1.759291886   -2.199114858   18.797109090    4.660485033  -15.568368531
   -1.696460033   -2.199114858   22.680585869  -13.701417625  -22.463877727
   -1.633628180   -2.199114858   20.798748841  -29.144733835  -34.199606975
   -1.570796327   -2.199114858   19.112730022  -33.355373323  -43.293531608
   -1.507964474   -2.199114858   17.570940119  -15.026434424  -42.450404950
   -1.445132621   -2.199114858   18.130411514    7.397622338  -31.999267013
   -1.382300768   -2.199114858   19.469938453   25.021009581  -26.043424013
   -1.319468915   -2.199114858   22.184313507   19.579718828  -27.047168258
   -1.256637061   -2.199114858   22.976140327   21.767733049  -20.997382966
   -1.193805208   -2.199114858   24.833820690   32.067670491   -9.774983743
   -1.130973355   -2.199114858   27.531004540   30.173163733   -0.586735829
   -1.068141502   -2.199114858   30.929879031   32.969143153   11.541014835
   -1.005309649   -2.199114858   33.399114928   39.844650559   13.715356685
   -0.942477796   -2.199114858   36.364011263   53.889161973    9.825692684
   -0.879645943   -2.199114858   39.868022147   52.961972565   -2.901922826
   -0.816814090   -2.199114858   43.521242683   22.539841967  -17.912274134
   -0.753982237   -2.199114858   44.392046449    7.983664344  -31.711460810
   -0.691150384   -2.199114858   44.976256283   12.471459949  -34.029374051
   -0.628318531   -2.199114858   46.206551634   26.687417179  -31.274084490
   -0.565486678   -2.199114858   48.199353339   33.125541763  -31.212016651
   -0.502654825   -2.199114858   50.233921081   30.106291299  -35.866943520
   -0.439822972   -2.199114858   51.880680159   22.014075160  -40.940927519
   -0.376991118   -2.199114858   53.002492980   13.593022034  -45.749008023
   -0.314159265   -2.199114858   53.594977982    5.014321841  -51.986415969
   -0.251327412   -2.199114858   53.636653051   -3.077980687  -58.950802435
   -0.188495559   -2.199114858   53.249329057   -8.158326017  -61.609083033
   -0.125663706   -2.199114858   52.661053213  -11.557367257  -56.219326429
   -0.062831853   -2.199114858   51.775120077  -17.292509808  -49.311457206
    0.000000000   -2.199114858   50.413449116  -26.113885898  -45.798352455
    0.062831853   -2.199114858   48.541288575  -33.692671384  -47.448860631
    0.125663706   -2.199114858   45.968532266  -43.341002655  -58.168428641
    0.188495559   -2.199114858   42.912972707  -52.320858304  -69.024582860
    0.251327412   -2.199114858   39.518032750  -53.756348427  -72.321297170
    0.314159265   -2.199114858   36.243534701  -44.960165651  -64.359996809
    0.376991118   -2.199114858   33.877160870  -30.069562058  -47.909372172
    0.439822972   -2.199114858   32.358072906  -27.298295072  -30.361635052
    0.502654825   -2.199114858   30.714247528  -24.271725890  -20.039169859
    0.565486678   -2.199114858   29.365874625  -32.394233398  -10.641892293
    0.628318531   -2.199114858   27.490777086  -36.963945434   -6.950160029
    0.691150384   -2.199114858   24.884604891  -38.061310845   -8.470157165
    0.753982237   -2.199114858   22.877095550  -28.381331687   -4.695654514
    0.816814090   -2.199114858   21.257422872  -16.210201324   -0.536778262
    0.879645943   -2.199114858   20.478459647   -6.689327551    2.300382050
    0.942477796   -2.199114858   20.295477857    1.331498391    0.246548069
    1.005309649   -2.199114858   20.421718064   -0.345033514    0.182825759
    1.068141502   -2.199114858   20.458102497   -0.944649825    0.063928066
    1.130973355   -2.199114858   20.477559705   -5.922512774    6.980317671
    1.193805208   -2.199114858   21.036197550   -9.100207799    6.424421812
    1.256637061   -2.199114858   19.966535832  -14.755817137    7.089862778
    1.319468915   -2.199114858   19.400943262  -12.437768715    1.350603091
    1.382300768   -2.199114858   18.674125531   -9.731722178   -6.122055318
    1.445132621   -2.199114858   18.381759672   -4.940486997  -16.453541870
    1.507964474   -2.199114858   18.724756864    4.476652381  -21.527910386
    1.570796327   -2.199114858   20.884237343   16.112911724  -27.035214724
    1.633628180   -2.199114858   21.345727056   22.150083280  -13.835119724
    1.696460033   -2.199114858   23.014764020   25.710731714    0.607735240
    1.759291886   -2.199114858   24.756193599   22.928699868   12.635341905
    1.822123739   -2.199114858   26.548599692   33.404607807   19.518787509
    1.884955592   -2.199114858   29.478844055   53.563066301   20.107985338
    1.947787445   -2.199114858   34.338372022   65.665712736   12.678336833
    2.010619298   -2.199114858   36.744695085   51.910812080    7.571053512
    2.073451151   -2.199114858   38.168404974   30.173326925    3.175467246
    2.136283004   -2.199114858   40.252060111   31.249432225  -11.177992860
    2.199114858   -2.199114858   44.064342946   30.540733152  -18.922766464
    2.261946711   -2.199114858   47.967808607   15.226867984  -30.464030337
    2.324778564   -2.199114858   48.748318280   10.233500601  -15.581139141
    2.387610417   -2.199114858   48.843960952    4.105332374   -4.860052699
    2.450442270   -2.199114858   48.137908940   -4.454707061    1.465214596
    2.513274123   -2.199114858   47.636701929  -13.374814705   13.241155377
    2.576105976   -2.199114858   45.901605486  -38.558958065   28.939839713
    2.638937829   -2.199114858   44.425471438  -49.407776969   40.147736601
    2.701769682   -2.199114858   41.089470648  -51.585123036   43.702594996
    2.764601535   -2.199114858   38.814396899  -36.452853862   41.303747956
    2.827433388   -2.199114858   36.999133277  -24.151645730   35.861100361
    2.890265241   -2.199114858   36.198848007  -32.463479145   26.983410327
    2.953097094   -2.199114858   33.759182561  -45.195041418   18.210488260
    3.015928947   -2.199114858   31.529661113  -38.590345823   -4.017096890
    3.078760801   -2.199114858   29.630323186  -36.347705643  -14.204803305

   -3.141592654   -2.136283004   26.976990040  -25.088146040   -9.503157246
   -3.078760801   -2.136283004   25.515148854  -18.843332184   -7.465155554
   -3.015928947   -2.136283004   25.676101155  -22.157571852   -7.670863275
   -2.953097094   -2.136283004   24.661305833  -16.469954184   -2.327646096
   -2.890265241   -2.136283004   24.237442836    4.334002712   -5.467725298
   -2.827433388   -2.136283004   23.962102502   10.765169580  -12.534339693
   -2.764601535   -2.136283004   24.969675309   10.007097190  -14.534307201
   -2.701769682   -2.136283004   25.734337065   23.872942117  -15.263877762
   -2.638937829   -2.136283004   26.445379193   23.002967701  -16.953956472
   -2.576105976   -2.136283004   27.844688104   24.850565089  -12.199660384
   -2.513274123   -2.136283004   29.911205909   -4.304478611    0.794284051
   -2.450442270   -2.136283004   30.312199843   -4.514074026    6.136212579
   -2.387610417   -2.136283004   29.109014053   -1.421310576    1.958007281
   -2.324778564   -2.136283004   29.928709455   -3.647449628   -7.584339336
   -2.261946711   -2.136283004   30.093659423    1.403662255  -21.876298234
   -2.199114858   -2.136283004   30.636198756  -24.679601147  -28.292663926
   -2.136283004   -2.136283004   28.502592209  -20.318812081  -31.776006456
   -2.073451151   -2.136283004   27.843031613    1.307107950  -30.750514433
   -2.010619298   -2.136283004   27.187612315  -21.522257181  -30.191166384
   -1.947787445   -2.136283004   25.759430965  -39.323565221  -19.365533895
   -1.884955592   -2.136283004   22.253248329  -46.757835559  -19.743786618
   -1.822123739   -2.136283004   21.266030946  -30.097266733  -23.668235008
   -1.759291886   -2.136283004   21.163814350  -10.173500652  -36.871125513
   -1.696460033   -2.136283004   24.072989863  -27.595020878  -39.887771755
   -1.633628180   -2.136283004   21.276141598  -41.178851238  -32.074848011
   -1.570796327   -2.136283004   18.907948463  -41.519220814  -20.709136389
   -1.507964474   -2.136283004   17.189739669  -16.338906057  -10.906165850
   -1.445132621   -2.136283004   18.093174443    5.103662457   -4.297203964
   -1.382300768   -2.136283004   19.303391561   23.047614577  -16.312990633
   -1.319468915   -2.136283004   21.737563015   25.673747025  -31.811903537
   -1.256637061   -2.136283004   22.813379477   30.307241462  -36.601618784
   -1.193805208   -2.136283004   25.213346793   40.939283059  -35.706792114
   -1.130973355   -2.136283004   28.230460254   32.776895544  -35.459043650
   -1.068141502   -2.136283004   32.070415577   30.980016881  -31.221935954
   -1.005309649   -2.136283004   34.390493634   34.395145741  -32.449686476
   -0.942477796   -2.136283004   36.869741692   43.613859698  -34.260631104
   -0.879645943   -2.136283004   39.580420596   38.662001523  -36.250840973
   -0.816814090   -2.136283004   42.549240656   10.905570281  -34.060545357
   -0.753982237   -2.136283004   42.982065500    5.463959487  -29.086175308
   -0.691150384   -2.136283004   43.600081937   13.972246444  -22.832512807
   -0.628318531   -2.136283004   44.837767102   24.598818229  -22.716818356
   -0.565486678   -2.136283004   46.555858492   26.167957119  -28.646873570
   -0.502654825   -2.136283004   48.099162618   22.094063187  -37.111328161
   -0.439822972   -2.136283004   49.288738946   15.173359187  -44.831815100
   -0.376991118   -2.136283004   49.962570514    5.836266380  -53.901035522
   -0.314159265   -2.136283004   50.024061905   -3.050531821  -62.481267433
   -0.251327412   -2.136283004   49.728529637   -4.784627335  -63.560405914
   -0.188495559   -2.136283004   49.542449343   -1.049119465  -54.248594030
   -0.125663706   -2.136283004   49.470348925   -4.418131337  -44.909930267
   -0.062831853   -2.136283004   48.867701973  -16.356495545  -43.948429909
    0.000000000   -2.136283004   47.338338157  -32.275643954  -51.646258579
    0.062831853   -2.136283004   44.938923203  -44.125359989  -61.913118570
    0.125663706   -2.136283004   41.449713202  -56.464134038  -72.919208775
    0.188495559   -2.136283004   37.810996827  -57.408073767  -73.437000197
    0.251327412   -2.136283004   34.476561801  -46.745059843  -63.112402484
    0.314159265   -2.136283004   31.742965803  -31.756619786  -49.073738214
    0.376991118   -2.136283004   30.223897032  -16.367033918  -33.456500975
    0.439822972   -2.136283004   29.576142608  -20.450237836  -18.974671085
    0.502654825   -2.136283004   28.368111498  -18.322621492  -11.808280383
    0.565486678   -2.136283004   27.471780358  -31.912873681   -6.156518307
    0.628318531   -2.136283004   25.840775796  -40.124234607   -3.583577211
    0.691150384   -2.136283004   23.127695310  -36.893850398   -8.584960521
    0.753982237   -2.136283004   21.489381223  -21.742908428   -5.678235603
    0.816814090   -2.136283004   20.443248619   -6.584868543    2.278397636
    0.879645943   -2.136283004   20.286867834    0.573486796   12.729166687
    0.942477796   -2.136283004   20.442508602    4.663759538   18.892016329
    1.005309649   -2.136283004   20.910449312    2.856329758   22.944265504
    1.068141502   -2.136283004   21.106155855    4.491519484   21.779186647
    1.130973355   -2.136283004   21.592897511    0.022940219   22.765759493
    1.193805208   -2.136283004   22.113838999   -6.580416925   14.577660934
    1.256637061   -2.136283004   21.141094621  -14.888515214    8.370855812
    1.319468915   -2.136283004   20.454242035  -13.298841045   -0.117421916
    1.382300768   -2.136283004   19.714840926  -10.357275091   -3.681719012
    1.445132621   -2.136283004   19.374561444   -3.478681668   -3.315250156
    1.507964474   -2.136283004   19.826697059    4.314282685    1.348769973
    1.570796327   -2.136283004   21.691896260   17.761614273   -1.237832244
    1.633628180   -2.136283004   22.607519231   26.914335361    6.318720416
    1.696460033   -2.136283004   24.569392384   31.045022524   11.230646057
    1.759291886   -2.136283004   26.441694478   25.172079515   16.276281426
    1.822123739   -2.136283004   28.136638800   28.490218517   19.126004484
    1.884955592   -2.136283004   30.601889982   44.307493660   15.889453349
    1.947787445   -2.136283004   34.598274231   57.548852773    4.277996927
    2.010619298   -2.136283004   36.748630045   46.407374604    2.504066850
    2.073451151   -2.136283004   38.322228988   28.699509601    5.677190455
    2.136283004   -2.136283004   40.200248002   30.590523072    1.470096321
    2.199114858   -2.136283004   43.950323994   34.223380466   -8.196631093
    2.261946711   -2.136283004   47.475548341   32.530433783  -24.628703118
    2.324778564   -2.136283004   49.536141147   31.690610298  -11.392102296
    2.387610417   -2.136283004   50.372660310   13.612621267   -2.074884003
    2.450442270   -2.136283004   49.763454055   -2.608481824    1.149930225
    2.513274123   -2.136283004   49.472573062   -8.870677850    7.683928444
    2.576105976   -2.136283004   48.265939312  -37.719689776   21.340381804
    2.638937829   -2.136283004   47.087864495  -53.478478331   30.634844478
    2.701769682   -2.136283004   43.774788901  -58.654510672   35.373117672
    2.764601535   -2.136283004   41.115955161  -47.641470011   30.342861763
    2.827433388   -2.136283004   38.669784811  -31.558583966   17.599662413
    2.890265241   -2.136283004   37.254944963  -33.934465982    5.325552380
    2.953097094   -2.136283004   34.734852549  -47.845480678    8.141902627
    3.015928947   -2.136283004   31.854630529  -50.972973749    9.633845431
    3.078760801   -2.136283004   29.332253757  -44.894701575    3.937280963

   -3.141592654   -2.073451151   26.595707315  -31.694089618    0.508712328
   -3.078760801   -2.073451151   25.000020702  -22.624791657   -3.102552925
   -3.015928947   -2.073451151   24.832742453  -21.975512363  -11.310812910
   -2.953097094   -2.073451151   24.101977250  -18.427125860   -6.292833308
   -2.890265241   -2.073451151   23.465519792   -0.340081708   -8.140764245
   -2.827433388   -2.073451151   22.875830794    3.943762275   -9.622108379
   -2.764601535   -2.073451151   23.680228688    7.442382782  -11.803413983
   -2.701769682   -2.073451151   24.306317187   25.384532425  -14.059260089
   -2.638937829   -2.073451151   24.655481827   24.252928644  -22.344040324
   -2.576105976   -2.073451151   26.161323889   29.097209279  -22.932206942
   -2.513274123   -2.073451151   28.901575121    0.314535685  -14.136632216
   -2.450442270   -2.073451151   29.877246104   -5.868785362   -2.649724585
   -2.387610417   -2.073451151   28.722743137   -5.526816049   -0.211576728
   -2.324778564   -2.073451151   29.348989922  -12.376418443   -3.377466175
   -2.261946711   -2.073451151   28.961972288   -6.481102364  -14.802152307
   -2.199114858   -2.073451151   29.364139312  -21.944247876  -23.307335446
   -2.136283004   -2.073451151   27.269438657  -18.675890742  -28.071075990
   -2.073451151   -2.073451151   26.653534558    2.533482988  -34.977397042
   -2.010619298   -2.073451151   25.956699783  -18.352001666  -39.679930724
   -1.947787445   -2.073451151   25.132979435  -39.658619179  -29.333599160
   -1.884955592   -2.073451151   21.669044531  -51.368564757  -21.199482259
   -1.822123739   -2.073451151   20.378678692  -39.199144717  -19.172003627
   -1.759291886   -2.073451151   19.531852158  -13.404237503  -22.181892517
   -1.696460033   -2.073451151   22.216322611  -18.395358101  -22.380808640
   -1.633628180   -2.073451151   20.183428921  -25.145291837   -5.475287904
   -1.570796327   -2.073451151   18.715774804  -28.607749124    9.839566416
   -1.507964474   -2.073451151   17.587896361  -13.159123378   16.913899586
   -1.445132621   -2.073451151   18.858358210   -6.145713503   20.793623023
   -1.382300768   -2.073451151   19.197748628    8.440837253    4.196956333
   -1.319468915   -2.073451151   20.687184481   21.037273912  -14.094509872
   -1.256637061   -2.073451151   21.471265272   30.048241164  -25.530160754
   -1.193805208   -2.073451151   23.908728214   42.343551145  -36.394295956
   -1.130973355   -2.073451151   26.913072767   31.713767129  -47.561001175
   -1.068141502   -2.073451151   30.981946508   29.181422387  -50.526944267
   -1.005309649   -2.073451151   33.252672501   32.572221103  -47.901697946
   -0.942477796   -2.073451151   35.610857068   41.139741326  -39.798121910
   -0.879645943   -2.073451151   38.212479305   36.638165502  -30.386585707
   -0.816814090   -2.073451151   41.115805658   10.942257353  -25.945005314
   -0.753982237   -2.073451151   41.621712362    6.797221104  -23.542368178
   -0.691150384   -2.073451151   42.250411297   11.979700298  -24.929460567
   -0.628318531   -2.073451151   43.215790860   17.536535025  -30.657410006
   -0.565486678   -2.073451151   44.358889368   15.549376200  -40.372559030
   -0.502654825   -2.073451151   45.195569837   10.392102958  -51.683344052
   -0.439822972   -2.073451151   45.576388680    1.121705477  -64.058711017
   -0.376991118   -2.073451151   45.326388038   -8.649165006  -74.733751993
   -0.314159265   -2.073451151   44.685735442   -9.534038491  -76.624685351
   -0.251327412   -2.073451151   44.347524995   -0.179326255  -66.904188272
   -0.188495559   -2.073451151   44.556411425    4.748520853  -57.009386279
   -0.125663706   -2.073451151   44.687121136   -5.046116092  -55.592170284
   -0.062831853   -2.073451151   43.847290791  -22.822518185  -63.330500453
    0.000000000   -2.073451151   41.908310751  -37.570416454  -72.139919880
    0.062831853   -2.073451151   39.381038573  -42.178209658  -74.742892542
    0.125663706   -2.073451151   36.125423476  -46.236225131  -70.377630131
    0.188495559   -2.073451151   33.407538095  -38.772914482  -56.068378443
    0.251327412   -2.073451151   31.419520696  -23.105066958  -36.497244715
    0.314159265   -2.073451151   29.955657959  -10.732330406  -19.303285587
    0.376991118   -2.073451151   29.545510292    0.157424057   -5.230326862
    0.439822972   -2.073451151   29.744230795  -13.675099824    2.258820343
    0.502654825   -2.073451151   28.863079875  -15.201399453    2.397680529
    0.565486678   -2.073451151   28.057714098  -35.994511390    0.064592597
    0.628318531   -2.073451151   26.451021840  -50.034520230    3.793399691
    0.691150384   -2.073451151   23.227545010  -43.506618628    3.940599543
    0.753982237   -2.073451151   21.579098998  -20.845447501   14.048712812
    0.816814090   -2.073451151   20.864310133   -0.084031113   29.405666180
    0.879645943   -2.073451151   21.165061755    5.091221690   43.078755510
    0.942477796   -2.073451151   21.458486782    4.196622131   48.322210538
    1.005309649   -2.073451151   21.894707883   -0.086353246   46.409446152
    1.068141502   -2.073451151   21.777237177    0.568507426   37.905568965
    1.130973355   -2.073451151   22.179412619   -3.058980093   29.800772972
    1.193805208   -2.073451151   22.317012313   -6.762890657   15.724317894
    1.256637061   -2.073451151   21.510691347   -9.571310648    8.570394592
    1.319468915   -2.073451151   21.340997465   -0.133664316    5.000823378
    1.382300768   -2.073451151   21.746585908   12.365822164    8.052072658
    1.445132621   -2.073451151   22.998351772   24.747882554   14.736316772
    1.507964474   -2.073451151   25.149585377   26.598935636   21.322948013
    1.570796327   -2.073451151   27.783995509   29.775645309   14.813038628
    1.633628180   -2.073451151   29.327022826   26.832326053    9.447141294
    1.696460033   -2.073451151   30.939500596   21.648962920   -4.192213436
    1.759291886   -2.073451151   32.045321275   12.565569539  -13.266349525
    1.822123739   -2.073451151   32.833534319   12.585247989  -11.739817264
    1.884955592   -2.073451151   34.171734018   24.327648948   -6.649923769
    1.947787445   -2.073451151   36.674887535   39.088228823   -7.313167469
    2.010619298   -2.073451151   38.175302343   35.139708171    1.960380904
    2.073451151   -2.073451151   39.517144189   22.858123290   12.062882630
    2.136283004   -2.073451151   40.861750886   20.529885264   15.254166998
    2.199114858   -2.073451151   43.548889919   21.608049829    5.188965915
    2.261946711   -2.073451151   45.603127361   30.906906991  -11.729183660
    2.324778564   -2.073451151   47.864755578   39.584187657   -7.814754753
    2.387610417   -2.073451151   48.926548492   16.545228716   -1.583485642
    2.450442270   -2.073451151   48.280477001   -1.141827684   -0.676668207
    2.513274123   -2.073451151   48.279199302   -1.681575253    3.007759441
    2.576105976   -2.073451151   47.889604340  -29.118438489   10.588238877
    2.638937829   -2.073451151   47.444331582  -45.823316833   16.912703577
    2.701769682   -2.073451151   44.736999235  -55.991384839   22.982913474
    2.764601535   -2.073451151   42.133761874  -54.943957757   22.345162247
    2.827433388   -2.073451151   39.069811090  -42.485039192   11.028070928
    2.890265241   -2.073451151   36.802201168  -37.809484977   -6.877034147
    2.953097094   -2.073451151   34.436263820  -38.755333615   -9.578038998
    3.015928947   -2.073451151   32.103642955  -43.134989121    0.229803485
    3.078760801   -2.073451151   29.787944026  -48.198724984   10.299936399

   -3.141592654   -2.010619298   27.063401823  -35.685248357   12.828490292
   -3.078760801   -2.010619298   25.369941383  -30.703294714   13.878214339
   -3.015928947   -2.010619298   24.636654356  -23.258673399    3.891354328
   -2.953097094   -2.010619298   24.213748957  -19.991467639    7.634359367
   -2.890265241   -2.010619298   23.495178814   -1.757120339    5.454359605
   -2.827433388   -2.010619298   23.024674289    0.596591348    9.589862242
   -2.764601535   -2.010619298   23.706202573    4.029305029    7.926592434
   -2.701769682   -2.010619298   24.014392843   22.516412889    0.759259234
   -2.638937829   -2.010619298   23.573199659   19.086416086  -15.078889257
   -2.576105976   -2.010619298   24.751091552   26.624736775  -23.508046533
   -2.513274123   -2.010619298   27.725833214    3.526196610  -23.680825272
   -2.450442270   -2.010619298   29.391886413   -6.548630527  -13.488194313
   -2.387610417   -2.010619298   28.422694284   -7.562555224   -9.943534634
   -2.324778564   -2.010619298   28.882960621  -20.211349515   -9.688615793
   -2.261946711   -2.010619298   27.854829778  -17.757646760  -11.698436703
   -2.199114858   -2.010619298   27.574771691  -27.499951871  -13.713233867
   -2.136283004   -2.010619298   25.058542870  -27.424728443  -10.109593825
   -2.073451151   -2.010619298   23.628378404   -8.906936829  -19.482709482
   -2.010619298   -2.010619298   22.552816178  -20.188151999  -24.112952622
   -1.947787445   -2.010619298   22.453778012  -29.856068519  -17.751936178
   -1.884955592   -2.010619298   20.048889422  -37.404439835   -4.465105962
   -1.822123739   -2.010619298   19.396431578  -29.402313208   -3.772044918
   -1.759291886   -2.010619298   18.904754365   -4.433859864   -8.099520049
   -1.696460033   -2.010619298   21.740458287   -0.600870611  -21.360728769
   -1.633628180   -2.010619298   20.769684115   -8.870065724  -18.454379498
   -1.570796327   -2.010619298   20.026318223  -20.873533658  -19.180327828
   -1.507964474   -2.010619298   19.137321984  -13.635648919  -24.427809932
   -1.445132621   -2.010619298   20.700878647  -15.177870242  -27.028306234
   -1.382300768   -2.010619298   20.512988283    1.672810280  -38.550556175
   -1.319468915   -2.010619298   21.565758116   20.539995167  -45.540500168
   -1.256637061   -2.010619298   22.111700987   24.546283108  -44.462397952
   -1.193805208   -2.010619298   23.941014441   28.782452516  -42.563675629
   -1.130973355   -2.010619298   25.932264748   15.667058879  -41.449882086
   -1.068141502   -2.010619298   29.293865783   19.469028610  -36.385195442
   -1.005309649   -2.010619298   31.272354945   30.413273378  -29.358694040
   -0.942477796   -2.010619298   33.589565691   40.970621448  -25.460752064
   -0.879645943   -2.010619298   36.116262444   32.709462954  -28.769506459
   -0.816814090   -2.010619298   38.591150430    6.544927717  -40.643766746
   -0.753982237   -2.010619298   38.873123154    3.621215789  -45.559750584
   -0.691150384   -2.010619298   39.309724841    8.184393171  -48.512441850
   -0.628318531   -2.010619298   39.957042036   10.464580913  -54.436271311
   -0.565486678   -2.010619298   40.601836613    6.714570265  -63.499282210
   -0.502654825   -2.010619298   40.894977162    1.828715258  -71.528929160
   -0.439822972   -2.010619298   40.792575210   -5.165567771  -76.018851530
   -0.376991118   -2.010619298   40.323001748   -7.723339550  -74.579742186
   -0.314159265   -2.010619298   40.063817665    1.038910908  -65.279135606
   -0.251327412   -2.010619298   40.479376845   10.790750389  -54.992519294
   -0.188495559   -2.010619298   41.145641898    7.242962083  -51.258673559
   -0.125663706   -2.010619298   41.224072471   -9.900082016  -52.327802385
   -0.062831853   -2.010619298   40.017212231  -28.591078735  -54.927162872
    0.000000000   -2.010619298   37.845251399  -38.464368767  -53.453929187
    0.062831853   -2.010619298   35.555023412  -34.077817371  -46.152453836
    0.125663706   -2.010619298   32.952484436  -31.357354553  -34.941594227
    0.188495559   -2.010619298   31.354898591  -18.364115982  -20.308744657
    0.251327412   -2.010619298   30.734364337   -0.739646240   -4.363702434
    0.314159265   -2.010619298   30.487999048    8.289304231    8.762960782
    0.376991118   -2.010619298   30.907357092   10.303008986   12.660412316
    0.439822972   -2.010619298   31.178968843  -16.373997638    2.327715313
    0.502654825   -2.010619298   29.985038164  -21.222959286   -5.845010916
    0.565486678   -2.010619298   28.728565074  -40.725249060   -9.503460060
    0.628318531   -2.010619298   27.394125777  -52.348865349    6.450541808
    0.691150384   -2.010619298   24.310403221  -39.737073900   22.451413750
    0.753982237   -2.010619298   23.243223900  -12.453137391   39.699970310
    0.816814090   -2.010619298   23.196987807    8.883208758   50.776648839
    0.879645943   -2.010619298   23.984148140    8.203965116   54.063450870
    0.942477796   -2.010619298   24.267020628    0.417601367   46.138292185
    1.005309649   -2.010619298   24.343372754   -7.712081412   32.649913222
    1.068141502   -2.010619298   23.579918723  -10.469413059   17.977932834
    1.130973355   -2.010619298   23.300674924  -17.344497640    6.597060396
    1.193805208   -2.010619298   22.342988629  -20.836280994   -4.158647255
    1.256637061   -2.010619298   20.777646754  -20.251466211   -3.338657230
    1.319468915   -2.010619298   20.097113183   -5.466543261    4.644195389
    1.382300768   -2.010619298   20.437612392   15.502855010   14.280241964
    1.445132621   -2.010619298   22.055137339   33.586044240   22.471508944
    1.507964474   -2.010619298   24.793532483   34.627682033   26.767145778
    1.570796327   -2.010619298   27.563299235   33.108625298   23.432212579
    1.633628180   -2.010619298   29.250148772   21.952048378   20.671327385
    1.696460033   -2.010619298   30.366659735   12.706992025   10.608612318
    1.759291886   -2.010619298   31.044082348   10.437809998    0.136953428
    1.822123739   -2.010619298   31.993565316   19.336074798   -1.934032649
    1.884955592   -2.010619298   33.804958623   31.635320127    1.836209465
    1.947787445   -2.010619298   36.501119167   44.298750145    3.861299907
    2.010619298   -2.010619298   38.747120576   43.507346212   13.648020505
    2.073451151   -2.010619298   40.814149256   31.980552913   22.182029755
    2.136283004   -2.010619298   42.510009829   23.123660108   24.574779082
    2.199114858   -2.010619298   44.765404140   17.472159183   13.349773699
    2.261946711   -2.010619298   45.965067089   29.310419278   -5.033014957
    2.324778564   -2.010619298   48.229567452   43.072431044  -14.843997979
    2.387610417   -2.010619298   49.626297373   17.997264921   -9.984602129
    2.450442270   -2.010619298   49.015096301   -1.780014465   -3.544003856
    2.513274123   -2.010619298   49.096159047   -1.486166171    5.088501362
    2.576105976   -2.010619298   48.793979264  -26.755069799    8.104801267
    2.638937829   -2.010619298   48.466470158  -43.066724384   10.806822180
    2.701769682   -2.010619298   46.015702209  -54.131884144   15.443223162
    2.764601535   -2.010619298   43.471871260  -59.103152961   18.466386225
    2.827433388   -2.010619298   39.972684905  -51.829732023   16.779835321
    2.890265241   -2.010619298   36.803596962  -46.797301293    8.070058443
    2.953097094   -2.010619298   34.118779994  -37.862537530    3.745481484
    3.015928947   -2.010619298   32.186418255  -32.577347053    5.931481476
    3.078760801   -2.010619298   30.548390413  -38.767778167   14.208591762

   -3.141592654   -1.947787445   29.363090791  -36.934282977   18.937367298
   -3.078760801   -1.947787445   27.772683082  -39.487894853   23.444069825
   -3.015928947   -1.947787445   26.340184346  -26.697792317   17.417531306
   -2.953097094   -1.947787445   25.958064430  -24.181920580   21.558239590
   -2.890265241   -1.947787445   24.967152738   -5.075596717   22.054849719
   -2.827433388   -1.947787445   24.759179343   -0.142217521   30.890742202
   -2.764601535   -1.947787445   25.399709407    0.368278992   36.107588953
   -2.701769682   -1.947787445   25.216662077   13.993526173   32.206044845
   -2.638937829   -1.947787445   23.693998600    9.049399172   15.551197881
   -2.576105976   -1.947787445   24.253793910   20.127750751    2.110285535
   -2.513274123   -1.947787445   27.156777091    6.861190355   -8.425057740
   -2.450442270   -1.947787445   29.644943227   -4.513252764   -9.758015474
   -2.387610417   -1.947787445   29.261282110    0.257583429  -18.676487541
   -2.324778564   -1.947787445   30.295796273   -8.762190441  -27.130525820
   -2.261946711   -1.947787445   29.924868692   -8.423597179  -23.246486632
   -2.199114858   -1.947787445   29.926837835  -19.703588247  -14.373572219
   -2.136283004   -1.947787445   27.725383860  -31.132527714    7.317209052
   -2.073451151   -1.947787445   25.198319466  -28.284872242    7.118766506
   -2.010619298   -1.947787445   23.243355925  -38.178722583    7.015469066
   -1.947787445   -1.947787445   22.855926318  -33.126925859    5.134071789
   -1.884955592   -1.947787445   20.859329641  -36.253918157    9.348219379
   -1.822123739   -1.947787445   19.869854047  -32.348324707   -1.421004570
   -1.759291886   -1.947787445   18.962255648  -13.603874446  -11.278535743
   -1.696460033   -1.947787445   20.569502995   -4.051286180  -35.750704803
   -1.633628180   -1.947787445   19.326793845  -13.595918104  -45.750211714
   -1.570796327   -1.947787445   18.137582053  -28.052357185  -58.245161282
   -1.507964474   -1.947787445   16.803264031  -20.089203819  -66.438907267
   -1.445132621   -1.947787445   18.322607857  -19.392798981  -65.372449398
   -1.382300768   -1.947787445   18.006123536    3.193015673  -57.242001499
   -1.319468915   -1.947787445   19.255635388   28.969049075  -42.873994594
   -1.256637061   -1.947787445   20.339215647   32.596146448  -26.358190199
   -1.193805208   -1.947787445   22.489933192   31.408799345  -17.855840487
   -1.130973355   -1.947787445   24.536635018   17.360195115  -15.688344022
   -1.068141502   -1.947787445   27.941487712   21.289362096  -17.656018142
   -1.005309649   -1.947787445   30.008076685   29.880291846  -19.669170726
   -0.942477796   -1.947787445   32.083357361   32.666215618  -28.740638661
   -0.879645943   -1.947787445   33.963300300   19.418763087  -42.006437359
   -0.816814090   -1.947787445   35.519602564    0.205082936  -55.695917287
   -0.753982237   -1.947787445   35.590752645    1.948794526  -55.461361351
   -0.691150384   -1.947787445   35.910352872    4.661009645  -55.239121495
   -0.628318531   -1.947787445   36.284016057    4.809482473  -55.754533516
   -0.565486678   -1.947787445   36.609278452    3.310336533  -54.970976774
   -0.502654825   -1.947787445   36.744475953    0.496828868  -53.082350735
   -0.439822972   -1.947787445   36.621980115   -3.908589359  -51.607964829
   -0.376991118   -1.947787445   36.379275964   -1.379977701  -48.759983417
   -0.314159265   -1.947787445   36.627756933    9.500361144  -43.450395596
   -0.251327412   -1.947787445   37.466291768   15.877479611  -38.815161045
   -0.188495559   -1.947787445   38.374742788    9.336822177  -33.404823930
   -0.125663706   -1.947787445   38.622313726   -8.866729867  -26.752812389
   -0.062831853   -1.947787445   37.565109418  -24.909089994  -21.332846790
    0.000000000   -1.947787445   35.719428356  -31.271253175  -15.302899499
    0.062831853   -1.947787445   33.991897623  -23.663488139   -8.234313875
    0.125663706   -1.947787445   32.223806784  -16.744455125    1.954066562
    0.188495559   -1.947787445   31.655913387   -0.278051970   13.323446519
    0.251327412   -1.947787445   32.210165593   17.612440219   23.145516293
    0.314159265   -1.947787445   32.982798332   21.118179194   27.083995057
    0.376991118   -1.947787445   33.669267097   10.997436234   15.017093531
    0.439822972   -1.947787445   33.171719169  -23.059392839  -13.168159108
    0.502654825   -1.947787445   31.641216345  -24.131447950  -26.163327071
    0.565486678   -1.947787445   30.184804193  -35.209308365  -31.358312782
    0.628318531   -1.947787445   29.647914165  -44.522887235  -15.571088316
    0.691150384   -1.947787445   27.128275723  -35.498917718    2.525668985
    0.753982237   -1.947787445   26.367605749  -12.778520000   16.321587425
    0.816814090   -1.947787445   26.169921226    2.613069478   21.767905481
    0.879645943   -1.947787445   26.516221758   -3.966972656   22.172967018
    0.942477796   -1.947787445   25.982549152  -13.322185860   16.736724623
    1.005309649   -1.947787445   25.246385634  -18.052743466   11.415191395
    1.068141502   -1.947787445   23.855506127  -19.177765027    8.664759376
    1.130973355   -1.947787445   23.203620956  -23.408351061    7.640972546
    1.193805208   -1.947787445   21.874151180  -22.214752954    6.314688685
    1.256637061   -1.947787445   20.467744935  -15.638781042   12.385656900
    1.319468915   -1.947787445   20.170872373   -0.568155657   19.899428416
    1.382300768   -1.947787445   20.710622522   18.435398232   20.987058426
    1.445132621   -1.947787445   22.382205710   33.344632970   16.588693348
    1.507964474   -1.947787445   25.001612398   33.490388436    8.328849734
    1.570796327   -1.947787445   27.619457441   33.741854793    2.578431081
    1.633628180   -1.947787445   29.487384260   23.361233871    3.011742933
    1.696460033   -1.947787445   30.660499598   13.180759269    5.209587685
    1.759291886   -1.947787445   31.390638637   12.550383655    7.331775779
    1.822123739   -1.947787445   32.590459782   25.816212091    8.775119579
    1.884955592   -1.947787445   34.780753056   37.644423092    9.361161281
    1.947787445   -1.947787445   37.688157839   48.517817508    8.772391304
    2.010619298   -1.947787445   40.487789922   49.339335312   14.158923898
    2.073451151   -1.947787445   42.995731023   37.487493227   18.965183589
    2.136283004   -1.947787445   44.896418508   24.296270830   23.244538298
    2.199114858   -1.947787445   46.676530256   10.389315404   20.562663442
    2.261946711   -1.947787445   46.927421727   15.271827212   11.222193170
    2.324778564   -1.947787445   48.219911005   31.537547145   -7.460819253
    2.387610417   -1.947787445   49.724443760   17.262204141   -8.260588204
    2.450442270   -1.947787445   49.499010675    4.203705863   -1.150909013
    2.513274123   -1.947787445   50.126031016    3.331306507    9.183439561
    2.576105976   -1.947787445   49.769824552  -21.773976095    7.679708897
    2.638937829   -1.947787445   49.434161464  -39.262034639    5.624694518
    2.701769682   -1.947787445   47.190217952  -50.194182973    5.265436852
    2.764601535   -1.947787445   44.913577611  -55.251691615    5.712610417
    2.827433388   -1.947787445   41.674098859  -47.177126297    8.097345420
    2.890265241   -1.947787445   38.525128958  -44.002219621   10.262609980
    2.953097094   -1.947787445   36.010002242  -35.013968706   14.792877799
    3.015928947   -1.947787445   34.303688038  -28.711575426   18.538153619
    3.078760801   -1.947787445   32.974601908  -31.039160343   20.233494771

   -3.141592654   -1.884955592   31.126258088  -38.788606092   36.195677739
   -3.078760801   -1.884955592   29.638405436  -45.588632082   35.365935011
   -3.015928947   -1.884955592   27.757941854  -26.427566667   25.292382089
   -2.953097094   -1.884955592   27.472055251  -20.952064848   22.963082929
   -2.890265241   -1.884955592   26.514081602   -6.595740232   22.450398417
   -2.827433388   -1.884955592   26.652143273    0.497507349   23.327807417
   -2.764601535   -1.884955592   27.487180621    3.725434940   22.135999006
   -2.701769682   -1.884955592   27.225818234    8.837133734   22.996456281
   -2.638937829   -1.884955592   24.898223607    0.697610120   16.543128427
   -2.576105976   -1.884955592   24.848568916   11.616849121   12.856423948
   -2.513274123   -1.884955592   27.217278058    0.382400746    9.438714885
   -2.450442270   -1.884955592   29.619345559  -20.413008343   12.108445216
   -2.387610417   -1.884955592   28.471964792  -14.363420377    3.444052257
   -2.324778564   -1.884955592   28.661621017  -11.768066145   -6.710353637
   -2.261946711   -1.884955592   28.376401322   -1.512546617   -1.179351443
   -2.199114858   -1.884955592   28.834012314   -2.633042385    7.564901438
   -2.136283004   -1.884955592   27.975030306  -15.365297929   26.370765535
   -2.073451151   -1.884955592   25.536092881  -27.948315103   22.901439418
   -2.010619298   -1.884955592   23.873104067  -44.362078932   21.897374584
   -1.947787445   -1.884955592   23.457409085  -34.957527129   10.896907021
   -1.884955592   -1.884955592   21.800143661  -38.626309400    3.985882036
   -1.822123739   -1.884955592   20.246340474  -37.219452364  -13.315071690
   -1.759291886   -1.884955592   19.013741263  -24.532229037  -21.864493398
   -1.696460033   -1.884955592   19.250727537  -13.040727881  -44.047642241
   -1.633628180   -1.884955592   17.460943493  -23.757229619  -49.367768675
   -1.570796327   -1.884955592   15.581867236  -37.064864303  -52.123997461
   -1.507964474   -1.884955592   13.883480747  -21.639556099  -45.825550473
   -1.445132621   -1.884955592   15.469329096  -10.950756924  -36.689263967
   -1.382300768   -1.884955592   15.804225765   16.269248818  -19.116643781
   -1.319468915   -1.884955592   17.781829385   40.168681243   -8.339662204
   -1.256637061   -1.884955592   19.491786420   37.843646157   -4.180455132
   -1.193805208   -1.884955592   21.676478565   29.265772199   -9.560362630
   -1.130973355   -1.884955592   23.582944302   16.008995072  -14.192233539
   -1.068141502   -1.884955592   26.605860874   18.582725885  -22.411513442
   -1.005309649   -1.884955592   28.350129796   21.703605111  -30.061586273
   -0.942477796   -1.884955592   29.710442466   19.252155570  -41.390310743
   -0.879645943   -1.884955592   30.899538705   10.041603499  -47.115747463
   -0.816814090   -1.884955592   31.982410679    3.624656659  -47.947760199
   -0.753982237   -1.884955592   32.420806668    8.051799265  -36.316011678
   -0.691150384   -1.884955592   33.085050079    9.681074118  -26.417011615
   -0.628318531   -1.884955592   33.825952033   10.174668020  -17.918676706
   -0.565486678   -1.884955592   34.427655444    7.423106775  -15.762710834
   -0.502654825   -1.884955592   34.721249761    1.294069215  -19.171451275
   -0.439822972   -1.884955592   34.674802295   -1.468580954  -23.836581338
   -0.376991118   -1.884955592   34.669714371    5.136243015  -26.979542870
   -0.314159265   -1.884955592   35.435374932   19.071096431  -25.562547571
   -0.251327412   -1.884955592   36.960605928   27.338776842  -21.970434272
   -0.188495559   -1.884955592   38.628674178   19.340885219  -17.704782998
   -0.125663706   -1.884955592   39.456260512   -4.408627597  -16.332494833
   -0.062831853   -1.884955592   38.501731914  -26.262400041  -19.144804860
    0.000000000   -1.884955592   36.435673828  -36.954314326  -21.092882393
    0.062831853   -1.884955592   34.249720699  -32.040047196  -19.540910137
    0.125663706   -1.884955592   32.220762535  -20.350895793   -9.859536661
    0.188495559   -1.884955592   31.563930333    0.065102571    2.017441526
    0.251327412   -1.884955592   32.140922647   17.261234108   10.606325290
    0.314159265   -1.884955592   32.936009527   18.301029554   15.559635367
    0.376991118   -1.884955592   33.137105063    3.794892729   11.328271681
    0.439822972   -1.884955592   31.529646356  -25.980719986   -4.811631018
    0.502654825   -1.884955592   30.080299163  -17.926668005   -7.306643266
    0.565486678   -1.884955592   29.015650713  -17.448301710  -12.110335679
    0.628318531   -1.884955592   29.922039186  -21.075902270   -4.360095496
    0.691150384   -1.884955592   29.050942591  -15.151967790    8.679436091
    0.753982237   -1.884955592   29.426738711   -1.604171569   15.510896406
    0.816814090   -1.884955592   29.656071433    3.777196681   17.180619430
    0.879645943   -1.884955592   29.945217993  -11.442634388   17.939596158
    0.942477796   -1.884955592   28.877429703  -22.469423082   16.084214797
    1.005309649   -1.884955592   27.586955525  -23.367961546   14.726401885
    1.068141502   -1.884955592   25.985282115  -21.139342568   17.506708192
    1.130973355   -1.884955592   25.364662210  -21.666613679   20.009263580
    1.193805208   -1.884955592   24.219637542  -16.015284466   23.587263820
    1.256637061   -1.884955592   23.322721149   -8.239823454   29.333485537
    1.319468915   -1.884955592   23.389080455    0.630088773   32.419399244
    1.382300768   -1.884955592   23.548485786    9.885589426   23.413077519
    1.445132621   -1.884955592   24.487421591   19.662999705   13.504667633
    1.507964474   -1.884955592   26.226879842   23.425612569    4.905345203
    1.570796327   -1.884955592   28.349127285   27.111733461    4.319742340
    1.633628180   -1.884955592   30.071857053   24.013110562    5.012586396
    1.696460033   -1.884955592   31.475889802   18.222143779   12.433337586
    1.759291886   -1.884955592   32.551666904   17.501093448   22.639832117
    1.822123739   -1.884955592   33.934408955   26.985388130   28.166975883
    1.884955592   -1.884955592   35.986995870   36.371883247   23.813769891
    1.947787445   -1.884955592   38.724148622   47.153148697   18.665548477
    2.010619298   -1.884955592   41.696709494   51.115567532   17.593879012
    2.073451151   -1.884955592   44.458683169   41.066863529   19.037020117
    2.136283004   -1.884955592   46.621070883   30.211368337   19.442566933
    2.199114858   -1.884955592   48.495202878   11.690992985   22.656525181
    2.261946711   -1.884955592   48.437337631    2.905607068   22.218058343
    2.324778564   -1.884955592   48.381133121    9.463193956    0.123485181
    2.387610417   -1.884955592   49.417770491    7.706169710  -14.710272876
    2.450442270   -1.884955592   49.472253196   10.194559663  -19.081689282
    2.513274123   -1.884955592   50.930619235   12.835630918  -11.763015931
    2.576105976   -1.884955592   50.738656634  -11.853528230  -10.855944230
    2.638937829   -1.884955592   50.445009900  -34.497079633  -10.309327636
    2.701769682   -1.884955592   48.201112028  -50.439864467   -7.294678752
    2.764601535   -1.884955592   45.758942966  -56.639164786   -5.822701563
    2.827433388   -1.884955592   42.495677954  -45.695107662   -1.392897072
    2.890265241   -1.884955592   39.439864093  -38.443112392    5.710284051
    2.953097094   -1.884955592   37.308453321  -29.449443668   17.480449714
    3.015928947   -1.884955592   35.952085706  -25.536585779   27.517454367
    3.078760801   -1.884955592   34.732787902  -26.353709135   31.979315305

   -3.141592654   -1.822123739   32.662856057  -35.404344624   29.150534855
   -3.078760801   -1.822123739   31.265813665  -51.661905643   32.582985354
   -3.015928947   -1.822123739   28.795170748  -31.453792570   22.310543462
   -2.953097094   -1.822123739   28.259581109  -15.689381312   11.757433037
   -2.890265241   -1.822123739   27.519326875   -6.395234383   15.208929612
   -2.827433388   -1.822123739   27.762690894   -6.260118421   16.165884238
   -2.764601535   -1.822123739   28.306733647    1.174726377    6.694966925
   -2.701769682   -1.822123739   28.055866315   10.007885727    2.331407583
   -2.638937829   -1.822123739   25.624111434    3.903953780    2.552408781
   -2.576105976   -1.822123739   25.725451825   14.831364828    8.366744934
   -2.513274123   -1.822123739   28.216490215    5.655134670   14.190686420
   -2.450442270   -1.822123739   31.130141371  -25.227251801   26.856538209
   -2.387610417   -1.822123739   29.760475652  -20.743366253   25.842661082
   -2.324778564   -1.822123739   29.568870316   -5.515898021   17.932105592
   -2.261946711   -1.822123739   29.834179296   11.464723835   17.662260712
   -2.199114858   -1.822123739   30.977758537   13.756449631   14.373764146
   -2.136283004   -1.822123739   31.316216592   -4.396459075   18.543247813
   -2.073451151   -1.822123739   28.894944888  -29.367056576   15.265778736
   -2.010619298   -1.822123739   27.239694923  -56.382782236   19.040343683
   -1.947787445   -1.822123739   25.945645327  -51.702966678   14.318964697
   -1.884955592   -1.822123739   23.362738354  -57.266155727    6.775875419
   -1.822123739   -1.822123739   20.482908210  -51.357524225   -5.811350305
   -1.759291886   -1.822123739   18.681465280  -38.109268819  -11.157290367
   -1.696460033   -1.822123739   17.748358968  -18.925576649  -26.806533036
   -1.633628180   -1.822123739   16.023397168  -20.374629768  -24.593311949
   -1.570796327   -1.822123739   14.520354864  -26.346935086  -15.704446817
   -1.507964474   -1.822123739   13.677769906   -5.294843407    0.874684184
   -1.445132621   -1.822123739   15.773798997    5.697247849    6.051957550
   -1.382300768   -1.822123739   16.811287581   23.113951415   13.112866400
   -1.319468915   -1.822123739   18.791597150   34.697698398    7.723952875
   -1.256637061   -1.822123739   20.154316252   29.261693162   -0.150757971
   -1.193805208   -1.822123739   21.702042466   21.028982034  -10.263919065
   -1.130973355   -1.822123739   23.302871234   12.519218359  -14.099338088
   -1.068141502   -1.822123739   25.673333218   11.945232381  -25.664135602
   -1.005309649   -1.822123739   26.796626856   10.675691136  -35.326796780
   -0.942477796   -1.822123739   27.526978392   12.156404627  -39.180967455
   -0.879645943   -1.822123739   28.717551804   13.550011056  -28.956370973
   -0.816814090   -1.822123739   30.126610058   17.558021219  -15.681974584
   -0.753982237   -1.822123739   31.417164809   19.618607270    0.243144154
   -0.691150384   -1.822123739   32.700924371   16.986233810    8.573738817
   -0.628318531   -1.822123739   33.759401598   10.624316029    9.169008266
   -0.565486678   -1.822123739   34.179667607    2.792214521    2.817154915
   -0.502654825   -1.822123739   34.113911072   -4.483160968   -2.736211528
   -0.439822972   -1.822123739   33.786619423   -4.154065289   -4.634204335
   -0.376991118   -1.822123739   33.643350308    6.084522157   -4.132896807
   -0.314159265   -1.822123739   34.531690863   21.705366552   -0.550050792
   -0.251327412   -1.822123739   36.158819864   27.356717437   -0.116423482
   -0.188495559   -1.822123739   37.802217954   14.225326290   -3.442514448
   -0.125663706   -1.822123739   38.341509242  -12.935392895  -11.074072844
   -0.062831853   -1.822123739   36.947479446  -31.935376991  -18.525933279
    0.000000000   -1.822123739   34.723558709  -36.206386293  -19.367733294
    0.062831853   -1.822123739   32.767548008  -25.289253826  -14.220262778
    0.125663706   -1.822123739   31.552195375   -6.846131702   -2.686261934
    0.188495559   -1.822123739   31.739816510   12.369551144    5.616584216
    0.251327412   -1.822123739   32.922472460   24.285676196    9.127493102
    0.314159265   -1.822123739   34.258594706   24.384855099   15.412202675
    0.376991118   -1.822123739   34.669943582    7.198117129   20.389381015
    0.439822972   -1.822123739   32.459489530  -25.290149679   11.305989973
    0.502654825   -1.822123739   30.958322566  -19.574782197    7.777832010
    0.565486678   -1.822123739   29.561911406  -14.444461147   -0.235831915
    0.628318531   -1.822123739   30.955377791  -10.297502901    4.547631732
    0.691150384   -1.822123739   30.980804251   -4.791252605   14.343779579
    0.753982237   -1.822123739   31.910455704    4.402167170   17.991623952
    0.816814090   -1.822123739   32.332293795    4.487116658   16.957792680
    0.879645943   -1.822123739   32.736516960  -14.650506448   16.765218698
    0.942477796   -1.822123739   31.459194743  -27.047693649   12.633793344
    1.005309649   -1.822123739   29.820995010  -27.483054386    8.144397160
    1.068141502   -1.822123739   28.094669501  -23.570930327    9.540486799
    1.130973355   -1.822123739   27.376972457  -21.039124882   12.341267682
    1.193805208   -1.822123739   26.355994082  -11.698555485   17.720768797
    1.256637061   -1.822123739   25.825853002   -2.668042036   22.739978442
    1.319468915   -1.822123739   26.184407512    1.670718121   22.793708211
    1.382300768   -1.822123739   25.887880323    3.910221689   10.389085791
    1.445132621   -1.822123739   26.406927863   13.052792420    5.094363621
    1.507964474   -1.822123739   27.677848081   18.693278248    3.607401100
    1.570796327   -1.822123739   29.674697104   19.112097207    9.659334636
    1.633628180   -1.822123739   31.013958596   21.308604634    5.098064911
    1.696460033   -1.822123739   32.551043335   23.909134379    4.934026533
    1.759291886   -1.822123739   34.126760228   25.844490396    8.511865431
    1.822123739   -1.822123739   35.885745533   30.326321005   11.179800502
    1.884955592   -1.822123739   37.719036966   35.035450853    2.418517370
    1.947787445   -1.822123739   40.397566837   48.071809217   -4.595527006
    2.010619298   -1.822123739   43.603696098   54.582033454   -7.174583894
    2.073451151   -1.822123739   46.707853026   40.481980286   -5.192566973
    2.136283004   -1.822123739   48.753280105   31.611439028  -11.146208287
    2.199114858   -1.822123739   50.783938587   15.710682768   -6.363194821
    2.261946711   -1.822123739   50.896051684   -2.020636477    6.614077784
    2.324778564   -1.822123739   49.698336732  -14.036194119    4.227207547
    2.387610417   -1.822123739   49.567881839  -17.267160099   -4.948631051
    2.450442270   -1.822123739   48.870061974   -1.545595307  -15.053550626
    2.513274123   -1.822123739   50.397093194   13.073249661  -16.770502205
    2.576105976   -1.822123739   50.191926725   -3.525319860  -17.926695424
    2.638937829   -1.822123739   49.980766021  -27.291411192  -17.307993720
    2.701769682   -1.822123739   47.964285322  -45.095187900  -13.976217665
    2.764601535   -1.822123739   45.650855203  -53.882030753  -10.912908860
    2.827433388   -1.822123739   42.524465532  -43.297949340   -6.732161422
    2.890265241   -1.822123739   39.641992739  -33.994505690   -1.213697952
    2.953097094   -1.822123739   37.860691609  -23.454626029    5.998678531
    3.015928947   -1.822123739   36.855327118  -22.331935337   13.455087188
    3.078760801   -1.822123739   35.775144853  -20.474325436   17.453977364

   -3.141592654   -1.759291886   33.709188463  -31.322613967   18.140182347
   -3.078760801   -1.759291886   32.379467091  -52.885282070   22.626670142
   -3.015928947   -1.759291886   29.354151691  -43.457637576   22.025555235
   -2.953097094   -1.759291886   27.869810497  -18.754473354    6.337354621
   -2.890265241   -1.759291886   27.264140554   -0.044274241    3.061144813
   -2.827433388   -1.759291886   28.003080166   -7.856120660   10.593558480
   -2.764601535   -1.759291886   28.249284452   -7.402679352    5.553290275
   -2.701769682   -1.759291886   27.681397073    7.822520891   -6.390631677
   -2.638937829   -1.759291886   25.348192761   11.357598836  -10.716622020
   -2.576105976   -1.759291886   25.976902897   23.938739821   -5.260176703
   -2.513274123   -1.759291886   28.907618369   17.935238162    0.383512241
   -2.450442270   -1.759291886   32.674169007  -21.346407456   15.042799723
   -2.387610417   -1.759291886   31.273714184  -26.549625870   18.155532401
   -2.324778564   -1.759291886   30.363001257  -12.257477970    9.333570559
   -2.261946711   -1.759291886   30.016631620    1.030809468   -2.504235285
   -2.199114858   -1.759291886   30.285080333    3.488535828  -19.108614681
   -2.136283004   -1.759291886   30.311148678  -10.910134489  -26.488523943
   -2.073451151   -1.759291886   27.897649928  -25.668313262  -19.955464436
   -2.010619298   -1.759291886   26.887954938  -47.383835283   -4.641807832
   -1.947787445   -1.759291886   25.961129681  -46.887834517    7.447650936
   -1.884955592   -1.759291886   23.433173101  -55.932949967   12.038292871
   -1.822123739   -1.759291886   20.382674951  -52.461988236   13.580699886
   -1.759291886   -1.759291886   18.721207081  -41.947227591   18.741953064
   -1.696460033   -1.759291886   17.313095102  -19.274085138   16.088178353
   -1.633628180   -1.759291886   16.089360149   -9.745397356   27.190043962
   -1.570796327   -1.759291886   15.340554963  -10.245794240   39.293518548
   -1.507964474   -1.759291886   15.416851090    7.021746247   49.676487337
   -1.445132621   -1.759291886   17.371973444   11.224858677   39.925688523
   -1.382300768   -1.759291886   18.330527766   16.950167036   31.473385697
   -1.319468915   -1.759291886   19.671506369   21.684880310   18.016354432
   -1.256637061   -1.759291886   20.460807401   19.436401229    8.622387618
   -1.193805208   -1.759291886   21.379329193   13.246511004   -1.686884467
   -1.130973355   -1.759291886   22.579552137    3.329232032   -9.622914349
   -1.068141502   -1.759291886   23.889952442   -1.937552905  -26.579648268
   -1.005309649   -1.759291886   24.110493625   -0.048161189  -36.590736116
   -0.942477796   -1.759291886   24.547652061   14.063640664  -32.095201927
   -0.879645943   -1.759291886   26.259711090   23.149165888  -17.830323172
   -0.816814090   -1.759291886   28.197687037   29.272880233   -9.252876371
   -0.753982237   -1.759291886   30.072292613   26.080526555   -4.387044695
   -0.691150384   -1.759291886   31.616207239   18.098512620   -5.277191314
   -0.628318531   -1.759291886   32.654057529    8.385301619   -9.354367753
   -0.565486678   -1.759291886   32.879780546    1.080989790  -14.702884604
   -0.502654825   -1.759291886   32.853280825   -2.021317290  -13.968170353
   -0.439822972   -1.759291886   32.832156210    2.936364280   -8.864818129
   -0.376991118   -1.759291886   33.035831315   13.832842882   -4.351671815
   -0.314159265   -1.759291886   34.312115504   25.171552834   -1.169238780
   -0.251327412   -1.759291886   35.904045842   22.581054341   -6.109269051
   -0.188495559   -1.759291886   37.307256086    4.641944399  -10.299874363
   -0.125663706   -1.759291886   37.434677724  -20.857669758  -13.839600369
   -0.062831853   -1.759291886   35.768325801  -32.998288980  -13.050374610
    0.000000000   -1.759291886   33.684255028  -31.166742152   -5.442687947
    0.062831853   -1.759291886   32.120771498  -18.508347824    3.554858609
    0.125663706   -1.759291886   31.427069023   -1.154137482   11.559072152
    0.188495559   -1.759291886   31.855109949   14.147997525   14.840173404
    0.251327412   -1.759291886   33.140529586   25.952837928   16.832352469
    0.314159265   -1.759291886   34.801863036   28.992261418   20.643071391
    0.376991118   -1.759291886   35.503568387   10.718178229   23.179900085
    0.439822972   -1.759291886   32.791473091  -25.835799884   13.801115525
    0.502654825   -1.759291886   31.231073082  -19.594626096   12.872624517
    0.565486678   -1.759291886   29.861822297   -5.998043815   14.574717608
    0.628318531   -1.759291886   32.119284229    3.397453614   25.726011928
    0.691150384   -1.759291886   33.016274016    5.222849398   32.036240451
    0.753982237   -1.759291886   34.196202387    5.334896808   30.868982568
    0.816814090   -1.759291886   34.439487893   -1.168321311   28.305930741
    0.879645943   -1.759291886   34.476962490  -26.226896620   25.410635079
    0.942477796   -1.759291886   32.475825550  -39.258410231   17.794579754
    1.005309649   -1.759291886   30.134040139  -35.430469165    9.481855958
    1.068141502   -1.759291886   28.232152762  -25.253403725    7.556164799
    1.130973355   -1.759291886   27.504374501  -17.251719348    4.584743669
    1.193805208   -1.759291886   26.783274017   -6.855657691    4.365615775
    1.256637061   -1.759291886   26.545507286   -0.289516418    1.931918206
    1.319468915   -1.759291886   27.007955131    0.994121169   -3.468217768
    1.382300768   -1.759291886   26.166494169    1.525895883  -18.874588190
    1.445132621   -1.759291886   26.700917711   15.924638947  -23.932466544
    1.507964474   -1.759291886   28.196178041   25.550850831  -24.820995020
    1.570796327   -1.759291886   30.915626345   19.515678318  -14.227203962
    1.633628180   -1.759291886   32.159831437   20.156466184  -13.766999433
    1.696460033   -1.759291886   33.782097743   24.929522917   -8.874693693
    1.759291886   -1.759291886   35.550123113   30.058014657   -2.642968144
    1.822123739   -1.759291886   37.471770209   30.725717783    4.524143264
    1.884955592   -1.759291886   38.710846318   27.897053010    0.256065359
    1.947787445   -1.759291886   40.878175233   40.864635298   -1.386255471
    2.010619298   -1.759291886   43.740718935   48.916246680   -1.902492884
    2.073451151   -1.759291886   46.788570781   30.314336531    2.373462935
    2.136283004   -1.759291886   47.989620256   22.446772262  -11.592717540
    2.199114858   -1.759291886   49.868399107   18.011091280  -17.230475929
    2.261946711   -1.759291886   50.642132108   10.764159338   -9.860402786
    2.324778564   -1.759291886   49.716747883  -11.370424230   -1.050207934
    2.387610417   -1.759291886   49.511075898  -28.546426128    5.585555457
    2.450442270   -1.759291886   48.377622524  -16.771778646    3.105390412
    2.513274123   -1.759291886   49.595927224    5.293717907   -5.623801394
    2.576105976   -1.759291886   49.174816314    0.076394428  -14.832126917
    2.638937829   -1.759291886   49.029990930  -19.166374317  -18.922902997
    2.701769682   -1.759291886   47.399808858  -36.627357825  -15.738829380
    2.764601535   -1.759291886   45.505422480  -45.970910775  -10.034454158
    2.827433388   -1.759291886   42.783437658  -38.524674929   -2.930992276
    2.890265241   -1.759291886   40.212936745  -30.449730662    3.977287199
    2.953097094   -1.759291886   38.598586971  -21.525790995    8.403056723
    3.015928947   -1.759291886   37.660929153  -23.709001667   11.052056619
    3.078760801   -1.759291886   36.404124502  -19.938161500   10.053413021

   -3.141592654   -1.696460033   34.353226683  -26.240987936   14.030439179
   -3.078760801   -1.696460033   33.285714435  -41.245689885   14.240644304
   -3.015928947   -1.696460033   30.777493569  -39.594140652   24.212536561
   -2.953097094   -1.696460033   28.906118843  -24.228263329   23.345214495
   -2.890265241   -1.696460033   28.046940034    2.032533988   14.176072197
   -2.827433388   -1.696460033   29.357321539   -0.183827447   16.601148072
   -2.764601535   -1.696460033   29.786196155  -13.676233996   21.905216589
   -2.701769682   -1.696460033   28.665136794   -4.222560745   15.509905792
   -2.638937829   -1.696460033   25.899101417    8.078291029    5.274996069
   -2.576105976   -1.696460033   26.619806678   26.849180212    0.297380017
   -2.513274123   -1.696460033   29.665154204   28.012244640   -5.776034151
   -2.450442270   -1.696460033   34.204917454  -11.363632354   -2.185364762
   -2.387610417   -1.696460033   33.078302387  -25.805606408   -4.767381799
   -2.324778564   -1.696460033   31.761780374  -18.979078487  -16.761446662
   -2.261946711   -1.696460033   30.618316483  -13.436553928  -35.561137972
   -2.199114858   -1.696460033   29.796218213  -11.422398046  -56.179199807
   -2.136283004   -1.696460033   29.272108977  -16.963189324  -65.740225359
   -2.073451151   -1.696460033   27.474510698  -15.405504796  -49.943080064
   -2.010619298   -1.696460033   27.348405523  -29.049550999  -31.803127675
   -1.947787445   -1.696460033   27.109581814  -37.587116913  -12.388480613
   -1.884955592   -1.696460033   24.682977154  -54.712164822   -0.350451546
   -1.822123739   -1.696460033   21.473780770  -54.334789828    7.267247719
   -1.759291886   -1.696460033   19.788129216  -44.440502449   15.521520904
   -1.696460033   -1.696460033   18.225006727  -17.261576244   23.041298005
   -1.633628180   -1.696460033   17.627984112    2.610852255   34.715284937
   -1.570796327   -1.696460033   17.504774805    1.373355540   38.347661464
   -1.507964474   -1.696460033   18.025604861   10.162230539   35.341791655
   -1.445132621   -1.696460033   19.319272842    7.401823564   16.363440676
   -1.382300768   -1.696460033   19.805312941    7.857185018    3.235492463
   -1.319468915   -1.696460033   20.558694300   11.829974330   -7.300402340
   -1.256637061   -1.696460033   21.029324255   13.594452749  -12.642944065
   -1.193805208   -1.696460033   21.421015065    4.981675355  -22.420212753
   -1.130973355   -1.696460033   22.117557128   -8.617717607  -30.832596470
   -1.068141502   -1.696460033   22.475773112  -12.512136730  -40.286692392
   -1.005309649   -1.696460033   22.303340523    1.110377963  -37.110888686
   -0.942477796   -1.696460033   23.084539057   22.149565132  -24.072671031
   -0.879645943   -1.696460033   25.320457180   26.498465966  -12.711529302
   -0.816814090   -1.696460033   27.167961318   26.943026621  -11.707620520
   -0.753982237   -1.696460033   28.744454760   19.208745858  -13.857732598
   -0.691150384   -1.696460033   29.795411622    9.482060663  -19.127689798
   -0.628318531   -1.696460033   30.371895360    1.932758317  -25.622611293
   -0.565486678   -1.696460033   30.367913215    2.295268036  -27.847927168
   -0.502654825   -1.696460033   30.667499155    6.381153208  -22.281588242
   -0.439822972   -1.696460033   31.360904507   15.993096768  -13.015452797
   -0.376991118   -1.696460033   32.038251601   21.796716665  -11.515701468
   -0.314159265   -1.696460033   33.539870332   24.521779841  -14.678221883
   -0.251327412   -1.696460033   34.917192777   17.905514202  -21.187339145
   -0.188495559   -1.696460033   36.475993947    4.071533866  -15.587421082
   -0.125663706   -1.696460033   36.886662432  -14.744415776   -8.586844716
   -0.062831853   -1.696460033   35.875672998  -19.373753283    1.702991370
    0.000000000   -1.696460033   34.753883447  -14.981636648   11.980669938
    0.062831853   -1.696460033   34.130863065   -4.710508007   18.924547238
    0.125663706   -1.696460033   34.238328531    8.513601342   23.815067901
    0.188495559   -1.696460033   35.145723236   20.057255501   25.641389771
    0.251327412   -1.696460033   36.682964923   28.065192677   25.169438102
    0.314159265   -1.696460033   38.425424577   27.362303641   22.093507977
    0.376991118   -1.696460033   39.058137482    7.982624070   20.619994460
    0.439822972   -1.696460033   35.755758984  -27.256947390   18.395752387
    0.502654825   -1.696460033   34.271831701  -16.193771698   29.024513041
    0.565486678   -1.696460033   33.070445099   -1.319873437   38.564905691
    0.628318531   -1.696460033   35.789162438    3.895955824   47.469500824
    0.691150384   -1.696460033   36.540268094    2.853114383   42.370904807
    0.753982237   -1.696460033   37.260566783    0.654196297   32.362135245
    0.816814090   -1.696460033   37.190825908   -5.936365324   22.522072928
    0.879645943   -1.696460033   37.074123505  -30.363595912   10.164268970
    0.942477796   -1.696460033   34.914671032  -41.031523678   -4.699778031
    1.005309649   -1.696460033   32.513516827  -34.846314921  -18.353820662
    1.068141502   -1.696460033   30.874768939  -24.782588626  -22.990550387
    1.130973355   -1.696460033   29.982593583  -19.513902703  -28.473274653
    1.193805208   -1.696460033   28.927263607  -14.916753654  -28.550156561
    1.256637061   -1.696460033   28.049871686  -12.324755039  -27.198282854
    1.319468915   -1.696460033   27.770892805  -10.408464586  -25.559480896
    1.382300768   -1.696460033   25.834483693   -7.621517121  -28.897765755
    1.445132621   -1.696460033   26.017116658   13.447753897  -26.418226436
    1.507964474   -1.696460033   27.487063530   29.099877640  -23.120592921
    1.570796327   -1.696460033   30.935774641   23.094938829  -10.590818311
    1.633628180   -1.696460033   32.385283003   25.021691489   -3.615577138
    1.696460033   -1.696460033   34.443678119   28.930495309    7.538676259
    1.759291886   -1.696460033   36.469854854   33.946763105   13.584685265
    1.822123739   -1.696460033   38.588217490   32.906930254   16.709710185
    1.884955592   -1.696460033   39.386789397   24.249955529    9.982018917
    1.947787445   -1.696460033   41.311410422   37.915112014    6.389774368
    2.010619298   -1.696460033   44.099642324   48.847002289    5.594841875
    2.073451151   -1.696460033   47.508572777   24.632344112   11.829646104
    2.136283004   -1.696460033   47.894557870   10.743251441   -1.639191241
    2.199114858   -1.696460033   49.381089266   12.023388433  -14.175379540
    2.261946711   -1.696460033   50.444075682   23.105806453  -23.373289593
    2.324778564   -1.696460033   50.299844291    7.800758541  -22.163634226
    2.387610417   -1.696460033   51.092967000  -18.273105434  -10.239756508
    2.450442270   -1.696460033   50.381926807  -26.726978792    1.123928593
    2.513274123   -1.696460033   51.056810821  -13.675081954   -1.871090786
    2.576105976   -1.696460033   49.615526939  -12.921732012  -13.077837513
    2.638937829   -1.696460033   48.715060378  -23.521431200  -19.627468400
    2.701769682   -1.696460033   46.921089248  -35.034027316  -16.286896079
    2.764601535   -1.696460033   45.224491525  -42.051320382   -7.566054900
    2.827433388   -1.696460033   42.796208757  -34.499168669   -0.274001716
    2.890265241   -1.696460033   40.554472633  -27.572091373    6.899624360
    2.953097094   -1.696460033   39.061599497  -20.381838582   10.713178542
    3.015928947   -1.696460033   38.119518679  -24.783906834   12.240951418
    3.078760801   -1.696460033   36.686730985  -20.695650485   10.467969113

   -3.141592654   -1.633628180   35.180612018  -24.415815815   15.643242247
   -3.078760801   -1.633628180   34.041029789  -33.901042496   12.797948583
   -3.015928947   -1.633628180   32.115051132  -28.431234257   18.368806374
   -2.953097094   -1.633628180   30.614694348  -20.909239086   25.498792150
   -2.890265241   -1.633628180   29.449366795   -5.720805508   22.941208339
   -2.827433388   -1.633628180   30.644848701    4.119803149   13.726854159
   -2.764601535   -1.633628180   31.552720144   -6.702220715   15.211455527
   -2.701769682   -1.633628180   30.672328457   -8.125380036   21.628107514
   -2.638937829   -1.633628180   27.745874054    0.161302541   19.568811430
   -2.576105976   -1.633628180   28.232436560   21.080391007    8.132350420
   -2.513274123   -1.633628180   30.914249911   31.636890468   -8.418859359
   -2.450442270   -1.633628180   35.776237469   -4.124016650  -12.244250745
   -2.387610417   -1.633628180   34.698155669  -25.666074049  -15.784304964
   -2.324778564   -1.633628180   32.967381434  -28.561362073  -21.435101253
   -2.261946711   -1.633628180   30.795128979  -31.179319953  -34.800002150
   -2.199114858   -1.633628180   28.755872424  -28.457171429  -48.513435169
   -2.136283004   -1.633628180   27.468164534  -23.513936130  -56.244043289
   -2.073451151   -1.633628180   26.479668600   -8.610645853  -38.093714624
   -2.010619298   -1.633628180   26.878389664  -12.763119098  -30.035019411
   -1.947787445   -1.633628180   27.221618627  -28.452161695  -21.691547561
   -1.884955592   -1.633628180   25.102161284  -52.485016209  -14.064469650
   -1.822123739   -1.633628180   21.983371259  -50.526606831   -9.295110116
   -1.759291886   -1.633628180   20.582804283  -36.559956569   -1.305685704
   -1.696460033   -1.633628180   19.519144430   -9.590000229   10.401267833
   -1.633628180   -1.633628180   19.512784173   10.077910520   18.022674179
   -1.570796327   -1.633628180   19.518749775    3.338296083   16.804453209
   -1.507964474   -1.633628180   19.814748113    2.633013532    8.874316149
   -1.445132621   -1.633628180   20.105797826   -3.648672520   -9.367327901
   -1.382300768   -1.633628180   19.893941045   -2.052153284  -22.511420534
   -1.319468915   -1.633628180   20.111693933    3.595856263  -30.955078950
   -1.256637061   -1.633628180   20.235072269    6.674005519  -35.490887422
   -1.193805208   -1.633628180   19.924702883   -5.812994514  -42.757420459
   -1.130973355   -1.633628180   20.172906556  -15.665989232  -40.826152150
   -1.068141502   -1.633628180   20.347483163   -9.357100794  -30.787501620
   -1.005309649   -1.633628180   20.628358595   13.190909449  -15.312539566
   -0.942477796   -1.633628180   22.121304443   30.753389335   -2.457100586
   -0.879645943   -1.633628180   24.694027296   24.957322140    0.879362141
   -0.816814090   -1.633628180   26.199298227   20.756525016   -6.309792568
   -0.753982237   -1.633628180   27.310705004   10.524236059  -13.514875439
   -0.691150384   -1.633628180   27.786930143    0.146625010  -21.374478647
   -0.628318531   -1.633628180   27.913607325   -2.074086824  -26.026125344
   -0.565486678   -1.633628180   27.806628023    4.865013877  -25.163466826
   -0.502654825   -1.633628180   28.464091739   13.003730698  -19.528440173
   -0.439822972   -1.633628180   29.518786346   19.890953194  -19.153124694
   -0.376991118   -1.633628180   29.863924713   16.820952666  -30.876196631
   -0.314159265   -1.633628180   30.990888159   19.245196548  -38.751994704
   -0.251327412   -1.633628180   32.277119805   21.369370239  -36.846345920
   -0.188495559   -1.633628180   34.735272373   14.903216585  -20.485891594
   -0.125663706   -1.633628180   35.952673423   -1.199238639   -9.933665242
   -0.062831853   -1.633628180   35.780373212   -6.999371483   -0.753111758
    0.000000000   -1.633628180   35.372837207   -5.155846536    6.666653209
    0.062831853   -1.633628180   35.273008359    2.474823296   13.144668840
    0.125663706   -1.633628180   35.758732504   12.948343577   17.779550536
    0.188495559   -1.633628180   36.877903395   21.999545016   20.445534718
    0.251327412   -1.633628180   38.414054900   25.661589233   18.322714469
    0.314159265   -1.633628180   39.968503384   23.761795837   15.148391958
    0.376991118   -1.633628180   40.731458561   12.650466008   21.660518281
    0.439822972   -1.633628180   37.731917207  -14.251104958   32.536791406
    0.502654825   -1.633628180   37.149297039   -2.259816125   47.902303114
    0.565486678   -1.633628180   36.639704810    6.280094510   54.545275459
    0.628318531   -1.633628180   39.994377249    4.985043420   56.228587778
    0.691150384   -1.633628180   40.723861421    6.775697368   44.940318316
    0.753982237   -1.633628180   41.252116967    1.173143147   26.224369473
    0.816814090   -1.633628180   41.059289080  -10.213589271    7.695558399
    0.879645943   -1.633628180   40.605492111  -38.271036896  -12.488973560
    0.942477796   -1.633628180   37.907812621  -50.240643909  -28.205191329
    1.005309649   -1.633628180   34.883807331  -44.470326289  -37.987346965
    1.068141502   -1.633628180   32.967166909  -33.810668796  -35.818034489
    1.130973355   -1.633628180   31.468679385  -25.259246901  -38.429134238
    1.193805208   -1.633628180   30.115606374  -18.784780032  -38.388746193
    1.256637061   -1.633628180   29.069049954  -14.016008384  -38.879714050
    1.319468915   -1.633628180   28.757454925   -9.232246641  -37.422994954
    1.382300768   -1.633628180   26.641924941   -7.835285509  -33.426428318
    1.445132621   -1.633628180   26.773333876   12.431727684  -28.029068073
    1.507964474   -1.633628180   28.156585307   29.707554397  -21.945163798
    1.570796327   -1.633628180   31.934429936   26.550239457  -12.543585576
    1.633628180   -1.633628180   33.622878205   31.007359862   -2.392817854
    1.696460033   -1.633628180   36.179565551   31.422748026   10.257799618
    1.759291886   -1.633628180   38.266879805   33.478441883   12.698692267
    1.822123739   -1.633628180   40.269001029   30.187115894   11.821042846
    1.884955592   -1.633628180   40.415021686   17.480099349    2.956064750
    1.947787445   -1.633628180   41.944601165   32.808162852   -2.043443909
    2.010619298   -1.633628180   44.586785359   48.884783803   -2.899493258
    2.073451151   -1.633628180   48.429930804   24.109998552    6.374469153
    2.136283004   -1.633628180   48.254549499    0.136036247    4.894434850
    2.199114858   -1.633628180   49.137989667   -6.620265766    0.549411335
    2.261946711   -1.633628180   49.324218062   13.796557066  -14.922818327
    2.324778564   -1.633628180   48.852048289   13.672549677  -25.228309159
    2.387610417   -1.633628180   50.205597228   -4.537562662  -19.652662322
    2.450442270   -1.633628180   50.371859690  -24.325828480   -4.042723549
    2.513274123   -1.633628180   51.098820022  -24.687431755    1.367455829
    2.576105976   -1.633628180   49.031811416  -23.872571932   -5.472169556
    2.638937829   -1.633628180   47.610950476  -25.087623314  -14.228654227
    2.701769682   -1.633628180   45.900566778  -30.120300680  -14.365054721
    2.764601535   -1.633628180   44.640294235  -37.762029011   -8.975621229
    2.827433388   -1.633628180   42.479031817  -30.957356203   -7.887130663
    2.890265241   -1.633628180   40.525857688  -24.913019364   -6.491652490
    2.953097094   -1.633628180   39.237202623  -16.496880089   -4.168712343
    3.015928947   -1.633628180   38.529980200  -20.403421197    1.860281403
    3.078760801   -1.633628180   37.230606645  -19.034210361    8.965614674

   -3.141592654   -1.570796327   36.051907805  -19.424088763   11.461728487
   -3.078760801   -1.570796327   34.849585169  -30.651515900   12.774841934
   -3.015928947   -1.570796327   33.073441996  -25.440581055   13.967739166
   -2.953097094   -1.570796327   31.824899256  -15.253263821   15.093149316
   -2.890265241   -1.570796327   30.613814435  -13.005858616   16.984833629
   -2.827433388   -1.570796327   31.034160906   -7.387405309    7.506383483
   -2.764601535   -1.570796327   31.486843528   -4.861063721   -5.490776221
   -2.701769682   -1.570796327   31.038608550   -4.308473701    0.662613047
   -2.638937829   -1.570796327   28.393815207   -8.117610761    9.273047799
   -2.576105976   -1.570796327   28.365992769    5.467533614    1.133694502
   -2.513274123   -1.570796327   30.052448547   25.864739142  -20.156117798
   -2.450442270   -1.570796327   34.863546869    5.009617924  -28.749954762
   -2.387610417   -1.570796327   34.226646138  -12.017433905  -29.228743294
   -2.324778564   -1.570796327   33.281801718  -15.996422917  -23.383071039
   -2.261946711   -1.570796327   31.513941118  -24.928827949  -23.723530190
   -2.199114858   -1.570796327   29.674974867  -26.560305407  -24.842267394
   -2.136283004   -1.570796327   28.363347149  -22.538216505  -27.547728019
   -2.073451151   -1.570796327   28.352818930  -11.122629065   -9.698685043
   -2.010619298   -1.570796327   28.315363101  -15.639688241  -15.142704337
   -1.947787445   -1.570796327   27.989826816  -37.341731261  -21.185277420
   -1.884955592   -1.570796327   25.402910815  -62.760998180  -19.587694417
   -1.822123739   -1.570796327   21.900797958  -51.337025486  -17.220878598
   -1.759291886   -1.570796327   20.423607182  -30.346259080  -14.738540309
   -1.696460033   -1.570796327   19.776413197   -5.263491193   -6.526985972
   -1.633628180   -1.570796327   20.052169326   13.255066141   -2.000902080
   -1.570796327   -1.570796327   19.986337876    1.894884073   -2.821547943
   -1.507964474   -1.570796327   19.891862603   -6.711281577   -9.681876709
   -1.445132621   -1.570796327   19.347834963  -13.805498117  -19.944790722
   -1.382300768   -1.570796327   18.567474819   -9.549442202  -26.585942029
   -1.319468915   -1.570796327   18.386241651   -2.825311675  -31.404188676
   -1.256637061   -1.570796327   18.221764497    2.137200619  -34.854275281
   -1.193805208   -1.570796327   17.572635233   -6.708210994  -36.505628273
   -1.130973355   -1.570796327   18.268648131   -5.770595943  -24.950403039
   -1.068141502   -1.570796327   19.342795318    6.435899624   -9.111336712
   -1.005309649   -1.570796327   20.532446805   26.514910236    0.223960296
   -0.942477796   -1.570796327   22.518330231   33.301171242   -0.844670598
   -0.879645943   -1.570796327   25.059123100   19.647522160   -8.843618795
   -0.816814090   -1.570796327   26.306898991   19.059584496  -14.345582722
   -0.753982237   -1.570796327   27.305700808    8.508488164  -15.471734556
   -0.691150384   -1.570796327   27.699917204   -0.402277811  -12.495254525
   -0.628318531   -1.570796327   27.906130700    1.434644738   -3.991798528
   -0.565486678   -1.570796327   27.994762185    7.683005584    5.069656374
   -0.502654825   -1.570796327   28.641142968    7.142386051    4.831749181
   -0.439822972   -1.570796327   29.092112676    7.419479170   -4.280080355
   -0.376991118   -1.570796327   28.346902300    5.398186894  -14.947184850
   -0.314159265   -1.570796327   29.058572842   18.011025014  -12.026840711
   -0.251327412   -1.570796327   30.558537945   28.023644057   -3.885026937
   -0.188495559   -1.570796327   33.902142056   22.195804913    8.657801721
   -0.125663706   -1.570796327   35.461089364    4.147936721    9.529539554
   -0.062831853   -1.570796327   35.546803707   -3.479303955   10.093648102
    0.000000000   -1.570796327   35.342586908   -2.448667517   10.945915479
    0.062831853   -1.570796327   35.391967029    3.947082178   12.013312717
    0.125663706   -1.570796327   35.912036177   12.351610638   10.274807212
    0.188495559   -1.570796327   36.889234507   18.470059196    4.340723465
    0.251327412   -1.570796327   38.207292748   23.478497820   -2.087118768
    0.314159265   -1.570796327   39.876320737   30.230575991   -2.437545576
    0.376991118   -1.570796327   41.616676168   32.318500569    9.362633731
    0.439822972   -1.570796327   39.907865360    8.790817077   23.175582223
    0.502654825   -1.570796327   40.527724512   11.606331298   32.525201941
    0.565486678   -1.570796327   40.597824804    9.176688350   37.134062565
    0.628318531   -1.570796327   44.196244539   -1.033608647   40.116007469
    0.691150384   -1.570796327   44.287479398   -2.883540553   31.065363764
    0.753982237   -1.570796327   43.491752420  -16.429031978    9.675125803
    0.816814090   -1.570796327   42.091198669  -29.342127483   -8.139601005
    0.879645943   -1.570796327   40.566075871  -50.025895772  -21.982555787
    0.942477796   -1.570796327   37.370624948  -53.415352441  -24.678982932
    1.005309649   -1.570796327   34.343390257  -41.417346972  -20.019915531
    1.068141502   -1.570796327   33.073135687  -31.239523575   -8.377698935
    1.130973355   -1.570796327   31.571061828  -24.166626273  -12.293178294
    1.193805208   -1.570796327   30.207333020  -19.929535882  -18.117422047
    1.256637061   -1.570796327   29.109109704  -14.078759527  -24.393589799
    1.319468915   -1.570796327   28.857972168   -5.964092447  -28.972120212
    1.382300768   -1.570796327   27.121810710   -2.010728060  -24.634601695
    1.445132621   -1.570796327   27.598193830   17.186018230  -21.248592745
    1.507964474   -1.570796327   29.276328860   35.439167833  -16.397344767
    1.570796327   -1.570796327   33.269853637   34.521480155  -13.531834572
    1.633628180   -1.570796327   35.299339020   35.558485644   -4.204068410
    1.696460033   -1.570796327   38.128484112   25.879417695    5.503477233
    1.759291886   -1.570796327   39.607563395   20.293069849    3.260023764
    1.822123739   -1.570796327   40.663631638   14.169856623   -2.846833048
    1.884955592   -1.570796327   39.552720223    0.432917853  -12.475983497
    1.947787445   -1.570796327   40.195730875   22.367311869  -20.594327915
    2.010619298   -1.570796327   42.525436334   50.184295337  -23.512242167
    2.073451151   -1.570796327   46.988327408   36.717138857  -15.668071713
    2.136283004   -1.570796327   47.366796406    8.653087605   -4.387871526
    2.199114858   -1.570796327   48.743361777  -14.015847944    6.145980129
    2.261946711   -1.570796327   48.320762561    2.008339823   -4.331495771
    2.324778564   -1.570796327   47.188559330   10.551717600  -19.874534975
    2.387610417   -1.570796327   48.622094406    6.601817751  -26.634601039
    2.450442270   -1.570796327   49.621791054  -14.879101717  -19.551482151
    2.513274123   -1.570796327   50.789602959  -25.527784703  -13.248891589
    2.576105976   -1.570796327   48.615527990  -30.859490391  -10.059648485
    2.638937829   -1.570796327   46.791227195  -27.588268858  -13.441279840
    2.701769682   -1.570796327   45.092968013  -27.268325767  -12.004948568
    2.764601535   -1.570796327   44.134023334  -38.547112907   -6.929976589
    2.827433388   -1.570796327   41.892394136  -34.337508320   -8.872588051
    2.890265241   -1.570796327   39.774586944  -28.693774813  -14.800812175
    2.953097094   -1.570796327   38.415395329  -14.115319338  -20.029676890
    3.015928947   -1.570796327   38.099104896   -9.534013059  -15.139819572
    3.078760801   -1.570796327   37.471693107   -9.154089708   -1.958873992

   -3.141592654   -1.507964474   37.366282034   -8.306292392   -6.892338053
   -3.078760801   -1.507964474   36.408398705  -27.506370335   -2.841866389
   -3.015928947   -1.507964474   34.586872776  -29.539889203   -1.975645529
   -2.953097094   -1.507964474   33.053612791  -17.964993248   -4.349485431
   -2.890265241   -1.507964474   31.672302626  -15.464152925   -4.090504534
   -2.827433388   -1.507964474   31.581597582  -17.569404013   -3.387650595
   -2.764601535   -1.507964474   31.123460934  -11.683351074  -10.268829574
   -2.701769682   -1.507964474   30.916723498    3.545856791   -5.681668163
   -2.638937829   -1.507964474   29.195765343   -5.267659257   14.297886503
   -2.576105976   -1.507964474   29.170027823   -8.248607397   21.155074936
   -2.513274123   -1.507964474   29.757918582   13.119934090    5.689838208
   -2.450442270   -1.507964474   33.984689415    5.731031472   -8.488617141
   -2.387610417   -1.507964474   33.300316678   -3.819876883  -16.338379057
   -2.324778564   -1.507964474   32.948108286   -5.063537657  -10.302312811
   -2.261946711   -1.507964474   31.508627534  -18.892322649   -5.647380632
   -2.199114858   -1.507964474   29.924486776  -24.732173366    1.976683742
   -2.136283004   -1.507964474   28.477939905  -23.228807236    2.572206062
   -2.073451151   -1.507964474   29.336554506  -21.091374985   17.816873311
   -2.010619298   -1.507964474   28.442660201  -25.593615837    4.801668291
   -1.947787445   -1.507964474   27.366623437  -43.636299304   -4.895388744
   -1.884955592   -1.507964474   24.817309309  -64.001042932   -2.315746836
   -1.822123739   -1.507964474   21.478862783  -45.731761372   -2.333186869
   -1.759291886   -1.507964474   20.175511621  -19.452981983   -7.659202018
   -1.696460033   -1.507964474   20.288965362    5.780326046   -2.932178227
   -1.633628180   -1.507964474   21.223467376   21.811121084    1.341000420
   -1.570796327   -1.507964474   21.339760864    1.625864163   -0.527886990
   -1.507964474   -1.507964474   20.964763992  -13.498996152   -4.946552209
   -1.445132621   -1.507964474   19.939126941  -21.600472114   -6.930315330
   -1.382300768   -1.507964474   18.693805213  -16.993063499   -7.474364084
   -1.319468915   -1.507964474   18.019363335  -11.109828670   -9.039050023
   -1.256637061   -1.507964474   17.374223985   -3.917677138  -11.987421269
   -1.193805208   -1.507964474   16.436618461   -5.669438056  -13.366889358
   -1.130973355   -1.507964474   17.672792593    3.185882231   -4.577192097
   -1.068141502   -1.507964474   19.454357574   14.569850106    2.503430410
   -1.005309649   -1.507964474   20.861045014   25.778541968   -1.708321775
   -0.942477796   -1.507964474   22.477502919   23.705948322  -15.966727170
   -0.879645943   -1.507964474   24.633922049   15.625005782  -25.529626160
   -0.816814090   -1.507964474   25.890583982   21.396247342  -28.329094088
   -0.753982237   -1.507964474   27.026304314   11.734795674  -30.132004176
   -0.691150384   -1.507964474   27.781578759    7.242081355  -24.760594240
   -0.628318531   -1.507964474   28.452414219    8.123728821  -17.278306288
   -0.565486678   -1.507964474   28.617232466    2.916678146  -16.257602254
   -0.502654825   -1.507964474   28.703736030   -5.302440864  -19.474972455
   -0.439822972   -1.507964474   28.498754264    0.643388026  -15.575855306
   -0.376991118   -1.507964474   27.452349385    7.752612363   -5.632504207
   -0.314159265   -1.507964474   28.462037999   23.699669347    3.051648651
   -0.251327412   -1.507964474   30.291920930   32.206902782    5.441571438
   -0.188495559   -1.507964474   34.047162280   22.269710761    5.236971186
   -0.125663706   -1.507964474   35.438178370    4.055284701   -0.433022024
   -0.062831853   -1.507964474   35.573921228   -1.743925892    0.936393700
    0.000000000   -1.507964474   35.486084464   -0.915127838    4.415913780
    0.062831853   -1.507964474   35.559625288    1.692864449    6.218932493
    0.125663706   -1.507964474   35.775799089    5.068415400    3.483951071
    0.188495559   -1.507964474   36.240089435   10.231124903    0.181037439
    0.251327412   -1.507964474   37.196889966   20.869984904    1.244036007
    0.314159265   -1.507964474   38.989144157   36.329822752    7.871928830
    0.376991118   -1.507964474   41.420716831   43.425371083   17.227791358
    0.439822972   -1.507964474   40.404605770   17.724381421   23.334115230
    0.502654825   -1.507964474   41.361316044   14.013792067   22.398120322
    0.565486678   -1.507964474   41.565539011    7.029382576   19.893582337
    0.628318531   -1.507964474   45.048734167  -10.544820929   14.027724037
    0.691150384   -1.507964474   44.231535863  -18.500897869   -1.353559262
    0.753982237   -1.507964474   41.695238336  -37.776087365  -27.147454523
    0.816814090   -1.507964474   39.140521297  -42.903807713  -39.547512692
    0.879645943   -1.507964474   37.074509343  -48.290358814  -42.948241734
    0.942477796   -1.507964474   34.362043631  -39.604998664  -31.763876072
    1.005309649   -1.507964474   32.341616690  -24.757272958  -16.397452828
    1.068141502   -1.507964474   32.429296308  -23.392548603    1.649415712
    1.130973355   -1.507964474   31.080364314  -24.049673925   -1.860253600
    1.193805208   -1.507964474   29.558454493  -24.144142099   -9.989974836
    1.256637061   -1.507964474   28.173342406  -18.698193458  -17.566216240
    1.319468915   -1.507964474   27.590855887  -10.000234691  -23.941009258
    1.382300768   -1.507964474   25.940503027   -4.582651534  -21.817477880
    1.445132621   -1.507964474   26.199091417   13.687005663  -24.156494340
    1.507964474   -1.507964474   27.661296405   32.510266495  -26.690902677
    1.570796327   -1.507964474   31.125080782   37.209676863  -35.141972568
    1.633628180   -1.507964474   33.231907818   37.210475653  -31.955878038
    1.696460033   -1.507964474   36.335117478   23.347544011  -25.764978632
    1.759291886   -1.507964474   37.577225023   15.726277088  -29.754763948
    1.822123739   -1.507964474   38.352867447   10.350002184  -37.350423136
    1.884955592   -1.507964474   36.920297744   -4.274319565  -43.321492261
    1.947787445   -1.507964474   37.242107023   17.732502353  -46.464826710
    2.010619298   -1.507964474   39.443673924   51.785537201  -45.208287003
    2.073451151   -1.507964474   44.302939256   52.098297597  -39.134746432
    2.136283004   -1.507964474   45.625502898   24.698520531  -20.398306048
    2.199114858   -1.507964474   47.929012533  -15.290386703   -0.906777784
    2.261946711   -1.507964474   46.983008299  -13.956144003   -2.526265232
    2.324778564   -1.507964474   44.820440132   -4.330071548  -16.591600479
    2.387610417   -1.507964474   45.551697023    6.763207113  -32.861535371
    2.450442270   -1.507964474   46.792164631   -5.502825303  -38.578239116
    2.513274123   -1.507964474   48.512306458  -16.219856531  -36.389007350
    2.576105976   -1.507964474   47.050414562  -25.552268322  -25.717061298
    2.638937829   -1.507964474   45.430781494  -22.435658614  -22.732345147
    2.701769682   -1.507964474   44.110694943  -20.229868894  -17.398549101
    2.764601535   -1.507964474   43.649012077  -36.394774503  -10.219845619
    2.827433388   -1.507964474   41.533358001  -36.988340974   -6.789754061
    2.890265241   -1.507964474   39.149029349  -35.046065194  -12.352630564
    2.953097094   -1.507964474   37.464633825  -15.960094636  -22.845211068
    3.015928947   -1.507964474   37.436784338    2.190891371  -27.043902290
    3.078760801   -1.507964474   37.755060077    7.025836196  -19.589368107

   -3.141592654   -1.445132621   36.822275169    3.305861474  -21.078304612
   -3.078760801   -1.445132621   36.423395774  -18.632808200  -22.563953321
   -3.015928947   -1.445132621   35.003072296  -25.591195603  -23.607333907
   -2.953097094   -1.445132621   33.614680149  -17.379509696  -23.546583240
   -2.890265241   -1.445132621   32.165933150  -15.671889006  -24.716725048
   -2.827433388   -1.445132621   31.963347009  -16.811706094  -21.866255854
   -2.764601535   -1.445132621   31.069701665  -17.944745683  -15.602724495
   -2.701769682   -1.445132621   30.709902760    3.077421607   -8.106091229
   -2.638937829   -1.445132621   29.636842902    0.572948796    4.752863605
   -2.576105976   -1.445132621   29.862534303  -18.461087673   15.820640623
   -2.513274123   -1.445132621   29.369768209   -7.123463143    8.460388449
   -2.450442270   -1.445132621   32.213809424  -11.605763920   -7.419431006
   -2.387610417   -1.445132621   30.261766049  -13.963059599  -23.233603867
   -2.324778564   -1.445132621   29.584803216   -4.793938798  -22.616089123
   -2.261946711   -1.445132621   28.056117469  -13.428825483  -18.594503333
   -2.199114858   -1.445132621   27.064806131  -15.261364815   -6.730149654
   -2.136283004   -1.445132621   26.101304225  -12.828385643   -4.358564510
   -2.073451151   -1.445132621   28.546413546  -19.567561799    9.316176774
   -2.010619298   -1.445132621   27.674440592  -21.291409652   -1.367665072
   -1.947787445   -1.445132621   26.930559984  -32.613024391   -5.815181069
   -1.884955592   -1.445132621   25.318941263  -53.455212307   -2.162800052
   -1.822123739   -1.445132621   22.568767798  -39.381536534   -1.530466910
   -1.759291886   -1.445132621   21.425784462  -10.198881961   -3.512793546
   -1.696460033   -1.445132621   22.126062429   12.859866444    2.350293904
   -1.633628180   -1.445132621   23.233892323   19.250824571    1.472143306
   -1.570796327   -1.445132621   22.915991058   -6.890856813   -4.078359327
   -1.507964474   -1.445132621   22.041042929  -19.601990247   -5.198604257
   -1.445132621   -1.445132621   20.783898159  -25.265006442   -0.434892013
   -1.382300768   -1.445132621   19.346099597  -20.536420840    2.398470246
   -1.319468915   -1.445132621   18.411316509  -16.309536748    0.349198578
   -1.256637061   -1.445132621   17.434430622   -7.363642998   -4.344600401
   -1.193805208   -1.445132621   16.342689081   -4.076577502   -7.117499474
   -1.130973355   -1.445132621   18.032620124    8.737751704   -1.457239787
   -1.068141502   -1.445132621   20.192527704   14.625230476   -1.924527675
   -1.005309649   -1.445132621   21.271220796   15.926270106  -17.443231968
   -0.942477796   -1.445132621   22.173333972   15.133248517  -38.250122155
   -0.879645943   -1.445132621   24.397439243   20.004875386  -43.218744144
   -0.816814090   -1.445132621   25.922763437   24.740242763  -50.128417516
   -0.753982237   -1.445132621   27.367667214   19.565852745  -55.036093480
   -0.691150384   -1.445132621   28.698100033   16.499908405  -56.309304706
   -0.628318531   -1.445132621   29.689897278    9.488168979  -62.481224890
   -0.565486678   -1.445132621   29.779016232    1.132101853  -64.599769992
   -0.502654825   -1.445132621   29.999220445   -0.018638117  -53.249013895
   -0.439822972   -1.445132621   30.326695238   10.501947085  -38.536868501
   -0.376991118   -1.445132621   29.688372333   11.102837998  -32.129518390
   -0.314159265   -1.445132621   30.658393704   19.601555777  -36.418170876
   -0.251327412   -1.445132621   32.085931334   24.071373804  -45.780695134
   -0.188495559   -1.445132621   35.406565370   15.966764429  -56.277457877
   -0.125663706   -1.445132621   36.489355358    6.084265754  -61.971152648
   -0.062831853   -1.445132621   36.909623223    4.635164820  -59.318787973
    0.000000000   -1.445132621   37.254911465    5.386334566  -53.940103937
    0.062831853   -1.445132621   37.683536814    5.309904980  -44.927095778
    0.125663706   -1.445132621   38.055843591    7.181169116  -32.700338065
    0.188495559   -1.445132621   38.692690971   14.005802835  -13.735861906
    0.251327412   -1.445132621   39.950859614   26.599681163    8.113229120
    0.314159265   -1.445132621   42.050407726   39.507600996   25.911546998
    0.376991118   -1.445132621   44.601161784   41.272703713   35.548905367
    0.439822972   -1.445132621   43.493023843   12.209795295   41.381698034
    0.502654825   -1.445132621   43.947996654    4.761750523   38.016887533
    0.565486678   -1.445132621   43.650217659   -3.803267853   32.588438167
    0.628318531   -1.445132621   46.405684899  -24.397734538   21.843662726
    0.691150384   -1.445132621   44.630635815  -31.821062080   11.500204722
    0.753982237   -1.445132621   40.729274165  -49.050072360   -2.495018753
    0.816814090   -1.445132621   37.761247888  -44.353496681   -1.678209409
    0.879645943   -1.445132621   35.774867519  -38.563000374    3.885630496
    0.942477796   -1.445132621   33.824045029  -26.037794991   17.389296624
    1.005309649   -1.445132621   32.549333287  -15.947240988   28.421527522
    1.068141502   -1.445132621   33.323099839  -29.130154318   36.970779869
    1.130973355   -1.445132621   31.319894106  -35.709111043   25.149492162
    1.193805208   -1.445132621   29.101208357  -33.295437860   13.585955743
    1.256637061   -1.445132621   27.351455044  -20.966699646    6.725711451
    1.319468915   -1.445132621   26.728026439   -7.737849485    2.704148740
    1.382300768   -1.445132621   25.596190092   -0.555516224    4.478334695
    1.445132621   -1.445132621   25.948871601   12.307922086   -1.782981437
    1.507964474   -1.445132621   27.119329788   24.652286814  -15.303673887
    1.570796327   -1.445132621   29.548590998   30.502839788  -38.768495726
    1.633628180   -1.445132621   31.153470971   30.322498883  -50.352782804
    1.696460033   -1.445132621   34.117830881   17.498846023  -50.476068225
    1.759291886   -1.445132621   35.060726832   12.425947231  -48.547663330
    1.822123739   -1.445132621   35.761833640   11.093378965  -42.378258869
    1.884955592   -1.445132621   34.544046220   -1.272013187  -31.860212749
    1.947787445   -1.445132621   34.994123536   19.523148130  -26.994688012
    2.010619298   -1.445132621   37.277515637   52.956176920  -26.435508799
    2.073451151   -1.445132621   42.147348573   63.669163089  -31.736146381
    2.136283004   -1.445132621   44.412673555   41.757386803  -20.445763955
    2.199114858   -1.445132621   47.820192163   -7.099334273   -4.312585567
    2.261946711   -1.445132621   46.983199743  -22.801564446    3.425922111
    2.324778564   -1.445132621   44.030490574  -23.708614215   -2.147997542
    2.387610417   -1.445132621   43.416796382   -8.309047716  -21.752015449
    2.450442270   -1.445132621   43.803661608   -8.625519935  -39.084856400
    2.513274123   -1.445132621   45.376998261   -9.400252852  -46.165375465
    2.576105976   -1.445132621   44.773832939  -15.533922637  -34.097511470
    2.638937829   -1.445132621   43.552239126  -15.441538873  -29.825938171
    2.701769682   -1.445132621   42.688880510  -12.851899158  -25.455046903
    2.764601535   -1.445132621   42.634328060  -32.456647685  -21.869839153
    2.827433388   -1.445132621   40.940704688  -36.604824274  -11.510920872
    2.890265241   -1.445132621   38.373197351  -41.231334515   -9.027356414
    2.953097094   -1.445132621   36.132661447  -26.717724189  -12.897400698
    3.015928947   -1.445132621   35.683868101    1.396389435  -21.391020323
    3.078760801   -1.445132621   36.345844105   16.904456394  -24.181728330

   -3.141592654   -1.382300768   37.060352400    2.074770555  -28.411236427
   -3.078760801   -1.382300768   36.439604485  -23.391306912  -32.579037623
   -3.015928947   -1.382300768   34.800962125  -27.037881432  -31.389790949
   -2.953097094   -1.382300768   33.415632471  -17.165925076  -22.331759145
   -2.890265241   -1.382300768   31.881287975  -16.288837869  -18.180925179
   -2.827433388   -1.382300768   31.735654742   -8.112001354  -19.166194312
   -2.764601535   -1.382300768   31.420755585   -5.017688662  -14.297170356
   -2.701769682   -1.382300768   31.795763976    8.726429170   -6.632174038
   -2.638937829   -1.382300768   31.271685687    5.546901195   -7.106628619
   -2.576105976   -1.382300768   31.880463701  -20.865633207   -7.512317065
   -2.513274123   -1.382300768   30.947486514  -22.101464233   -8.915029012
   -2.450442270   -1.382300768   32.629006327  -28.383130238  -18.551080133
   -2.387610417   -1.382300768   29.392541912  -23.940918214  -30.139879690
   -2.324778564   -1.382300768   28.496459051   -2.535107119  -27.173668782
   -2.261946711   -1.382300768   27.021080215   -8.017688896  -23.562843077
   -2.199114858   -1.382300768   26.584180086  -13.157543206  -15.277813866
   -2.136283004   -1.382300768   25.459020637  -15.555768785  -22.806830056
   -2.073451151   -1.382300768   28.404508743  -30.669381054  -23.307104188
   -2.010619298   -1.382300768   27.032791818  -23.305895381  -35.445424265
   -1.947787445   -1.382300768   26.518487901  -22.087145784  -36.466435094
   -1.884955592   -1.382300768   25.762722121  -38.860710868  -28.215689742
   -1.822123739   -1.382300768   24.018864871  -24.942265835  -11.593016416
   -1.759291886   -1.382300768   23.601079526    3.442428813   -1.480595946
   -1.696460033   -1.382300768   24.783237687   13.704326621   -1.363023445
   -1.633628180   -1.382300768   25.575878185    9.991068328  -10.832224268
   -1.570796327   -1.382300768   24.671281784  -13.985099135  -16.458718432
   -1.507964474   -1.382300768   23.515261451  -21.704857238  -12.397673992
   -1.445132621   -1.382300768   22.237986616  -28.068372867   -5.170152010
   -1.382300768   -1.382300768   20.542883888  -26.536617358   -2.117190222
   -1.319468915   -1.382300768   19.154401199  -22.951189596   -1.295115942
   -1.256637061   -1.382300768   17.782559577  -10.634386429    1.748581943
   -1.193805208   -1.382300768   16.598987747   -2.674176315    7.612596828
   -1.130973355   -1.382300768   18.541573105    6.035773715   11.462520534
   -1.068141502   -1.382300768   20.326141753    0.270300016    1.722780834
   -1.005309649   -1.382300768   20.165181010   -6.088654599  -18.618931892
   -0.942477796   -1.382300768   20.048284456    8.379737854  -26.445984226
   -0.879645943   -1.382300768   22.306746932   17.476157415  -18.565840780
   -0.816814090   -1.382300768   23.501025650   18.318754792  -21.593041284
   -0.753982237   -1.382300768   24.636374936   14.768949140  -28.101677956
   -0.691150384   -1.382300768   25.522403846    7.440680989  -40.477257157
   -0.628318531   -1.382300768   26.008722891    6.308093282  -45.602073170
   -0.565486678   -1.382300768   26.411453688   12.047138530  -33.909064149
   -0.502654825   -1.382300768   27.501856971   12.701055584  -22.551297494
   -0.439822972   -1.382300768   28.306403290   12.001512540  -25.656540154
   -0.376991118   -1.382300768   27.610708045    4.488088723  -34.093710058
   -0.314159265   -1.382300768   28.058241878    9.978622341  -46.594526883
   -0.251327412   -1.382300768   28.871834574   14.719400798  -60.041940524
   -0.188495559   -1.382300768   31.584871614   13.155257663  -74.002611909
   -0.125663706   -1.382300768   32.648943138   13.084085279  -77.125899550
   -0.062831853   -1.382300768   33.712637012   17.820002852  -70.739339158
    0.000000000   -1.382300768   35.073348860   24.759670330  -58.214124271
    0.062831853   -1.382300768   36.966891634   30.479758960  -37.884138124
    0.125663706   -1.382300768   39.107694339   37.604540279  -13.762444489
    0.188495559   -1.382300768   41.686477088   43.980493821   10.213110965
    0.251327412   -1.382300768   44.582252770   47.347143130   25.754386251
    0.314159265   -1.382300768   47.583177994   47.273738449   31.537286603
    0.376991118   -1.382300768   50.356200215   39.502983140   30.786623062
    0.439822972   -1.382300768   49.269656882    6.153433203   31.211210228
    0.502654825   -1.382300768   49.035378610   -8.413560508   20.525331753
    0.565486678   -1.382300768   47.948715950  -18.431554217    9.957946928
    0.628318531   -1.382300768   49.722218863  -35.199387699   -2.395429370
    0.691150384   -1.382300768   47.483241569  -34.453373175   -2.915269824
    0.753982237   -1.382300768   43.074548306  -46.721295378   -5.192278719
    0.816814090   -1.382300768   40.424436644  -36.850281740    1.360957052
    0.879645943   -1.382300768   38.842635051  -26.868952430    6.578859879
    0.942477796   -1.382300768   37.638128318  -16.131887383   16.602069039
    1.005309649   -1.382300768   36.781351387  -13.224881213   20.666149137
    1.068141502   -1.382300768   37.817612065  -38.489213086   23.110549995
    1.130973355   -1.382300768   35.141116646  -45.232845168   14.629987567
    1.193805208   -1.382300768   32.480493499  -36.900176341   10.295347059
    1.256637061   -1.382300768   30.704141573  -19.150200421   10.578917249
    1.319468915   -1.382300768   30.207997852   -4.627413126   12.836997511
    1.382300768   -1.382300768   29.325954144   -1.898191804   16.083874710
    1.445132621   -1.382300768   29.223571945   -0.192094480   10.953668862
    1.507964474   -1.382300768   29.268155198    2.544867550   -2.668623111
    1.570796327   -1.382300768   29.939044434   10.354721277  -22.825392127
    1.633628180   -1.382300768   30.499523482   18.955138817  -33.541813079
    1.696460033   -1.382300768   33.280153288   15.653506119  -33.084514403
    1.759291886   -1.382300768   34.385702290   18.785847202  -27.857068488
    1.822123739   -1.382300768   35.640062448   21.597650805  -17.353895240
    1.884955592   -1.382300768   35.324698002    8.765167755   -2.192141120
    1.947787445   -1.382300768   36.053491232   20.389836273    0.119298607
    2.010619298   -1.382300768   38.040734924   42.158254025   -7.960399251
    2.073451151   -1.382300768   41.821752873   54.485715816  -28.728219831
    2.136283004   -1.382300768   43.834089427   41.269813437  -35.767043493
    2.199114858   -1.382300768   47.372956026   -1.999976038  -33.300481193
    2.261946711   -1.382300768   46.850006787  -24.629163498  -17.348231560
    2.324778564   -1.382300768   43.752099275  -35.039809908   -5.529204097
    2.387610417   -1.382300768   42.127864228  -22.020292305   -9.610130862
    2.450442270   -1.382300768   41.489521341  -14.908351599  -20.270308668
    2.513274123   -1.382300768   42.587142105   -4.454405700  -28.291631496
    2.576105976   -1.382300768   42.778429189   -6.028621753  -18.051239939
    2.638937829   -1.382300768   41.773166420  -10.691170550  -19.001899234
    2.701769682   -1.382300768   41.118131563  -10.327693231  -19.997137761
    2.764601535   -1.382300768   41.096880986  -28.367745916  -25.814808520
    2.827433388   -1.382300768   40.176061405  -29.653340342  -17.469559819
    2.890265241   -1.382300768   38.052592584  -33.188442675  -15.333471847
    2.953097094   -1.382300768   36.214566747  -25.330254916  -11.391467941
    3.015928947   -1.382300768   35.740542001    0.043779600  -16.774264084
    3.078760801   -1.382300768   36.427475175   17.377753868  -24.354976675

   -3.141592654   -1.319468915   35.420078559   -3.717735478  -22.676069567
   -3.078760801   -1.319468915   34.539402074  -25.819713211  -24.384062286
   -3.015928947   -1.319468915   33.002568958  -20.745829267  -20.978263498
   -2.953097094   -1.319468915   32.258236020   -7.323810689   -9.359873911
   -2.890265241   -1.319468915   31.059630586  -14.134593374   -3.002860033
   -2.827433388   -1.319468915   30.770561462   -9.300471539   -4.430761025
   -2.764601535   -1.319468915   30.507025678   -0.236825203   -5.361729683
   -2.701769682   -1.319468915   31.148519827    7.738008954   -2.963081031
   -2.638937829   -1.319468915   30.222484241   -5.276207130   -8.248482093
   -2.576105976   -1.319468915   30.250240565  -30.296594811  -18.076786605
   -2.513274123   -1.319468915   29.125611071  -29.640788969  -17.612180578
   -2.450442270   -1.319468915   30.348919699  -33.390814619  -19.989688280
   -2.387610417   -1.319468915   26.594116334  -22.949364188  -25.625917419
   -2.324778564   -1.319468915   26.119998647    8.038852962  -19.411555957
   -2.261946711   -1.319468915   25.077403821   -1.328810308  -15.763333246
   -2.199114858   -1.319468915   25.282989160  -16.832395173   -8.191796382
   -2.136283004   -1.319468915   23.518363674  -28.548575046  -21.999888016
   -2.073451151   -1.319468915   25.995526627  -50.157218676  -33.129591899
   -2.010619298   -1.319468915   23.571245404  -36.209319409  -46.617865777
   -1.947787445   -1.319468915   22.621306303  -22.456965595  -49.583224296
   -1.884955592   -1.319468915   22.103293447  -24.648180782  -41.376232291
   -1.822123739   -1.319468915   21.516592149   -8.854977013  -18.719043820
   -1.759291886   -1.319468915   21.736101020    9.422191703  -11.089325117
   -1.696460033   -1.319468915   22.793904267    7.404644598  -18.059750485
   -1.633628180   -1.319468915   23.184845262    4.669716111  -25.270158106
   -1.570796327   -1.319468915   22.127412052  -12.344482184  -28.636135440
   -1.507964474   -1.319468915   21.168553087  -18.458747157  -28.410447863
   -1.445132621   -1.319468915   20.084525013  -27.632242222  -27.338004614
   -1.382300768   -1.319468915   18.424513521  -24.738021568  -23.022884635
   -1.319468915   -1.319468915   17.274583781  -15.184184184  -12.122657302
   -1.256637061   -1.319468915   16.477104903    0.566190155   -0.928964498
   -1.193805208   -1.319468915   15.872014721    3.480471848   -0.083955206
   -1.130973355   -1.319468915   18.105485242    2.662821677   -8.812169992
   -1.068141502   -1.319468915   19.686255004   -7.693096687  -21.399269861
   -1.005309649   -1.319468915   19.217881638   -3.980293694  -27.834262173
   -0.942477796   -1.319468915   19.919410539   28.624189969  -13.945730470
   -0.879645943   -1.319468915   23.223673591   21.791629228   -7.435687360
   -0.816814090   -1.319468915   24.306563258   12.098596960  -20.153360915
   -0.753982237   -1.319468915   24.789932375    1.535859743  -37.839331879
   -0.691150384   -1.319468915   25.010867253    3.038225792  -43.481948265
   -0.628318531   -1.319468915   25.750180249   17.716659994  -30.909986743
   -0.565486678   -1.319468915   26.938902720   20.932656548  -20.573907157
   -0.502654825   -1.319468915   28.079154671    5.030685995  -27.612408138
   -0.439822972   -1.319468915   28.101367009   -4.034214034  -40.954522359
   -0.376991118   -1.319468915   26.637273526  -11.448504326  -47.561042155
   -0.314159265   -1.319468915   26.006066393   -7.912546032  -57.844346065
   -0.251327412   -1.319468915   25.740771987   -0.521026464  -66.289391823
   -0.188495559   -1.319468915   27.395279599    7.284125656  -74.167579461
   -0.125663706   -1.319468915   28.357712871   19.227436386  -66.880741483
   -0.062831853   -1.319468915   30.198313123   34.188436665  -50.322980563
    0.000000000   -1.319468915   32.877461744   50.075419508  -31.892584050
    0.062831853   -1.319468915   36.621725903   60.677416819  -11.319617501
    0.125663706   -1.319468915   40.668986147   66.730441756    4.611991183
    0.188495559   -1.319468915   44.820467773   63.508254634   13.049654749
    0.251327412   -1.319468915   48.555089180   55.405435022   13.796707410
    0.314159265   -1.319468915   51.781949874   47.080646674   11.735497621
    0.376991118   -1.319468915   54.411708214   34.032489622    7.939522954
    0.439822972   -1.319468915   53.242316383   -2.008501118    5.645328756
    0.502654825   -1.319468915   52.212993314  -20.361576899   -7.850911227
    0.565486678   -1.319468915   50.614650598  -24.635580793  -16.442286912
    0.628318531   -1.319468915   52.024315111  -29.676922138  -24.237255937
    0.691150384   -1.319468915   50.411056339  -21.059623540  -19.029447802
    0.753982237   -1.319468915   46.502171313  -34.094205432  -16.668687157
    0.816814090   -1.319468915   44.570692055  -27.004899282  -12.064343974
    0.879645943   -1.319468915   43.307516477  -20.763347137  -10.610741143
    0.942477796   -1.319468915   42.356506125  -17.844706585   -5.406023525
    1.005309649   -1.319468915   41.139788586  -22.830380757   -5.382212673
    1.068141502   -1.319468915   41.609905201  -54.054267994   -3.624896461
    1.130973355   -1.319468915   38.010561804  -57.844834401    0.634021369
    1.193805208   -1.319468915   34.668911061  -46.052234953    8.930392283
    1.256637061   -1.319468915   32.346069454  -27.754572287   15.902123089
    1.319468915   -1.319468915   31.241483976  -14.180292279   17.086548095
    1.382300768   -1.319468915   29.720726879  -13.250867428   12.657561356
    1.445132621   -1.319468915   28.800559047  -13.452053852    4.688101358
    1.507964474   -1.319468915   28.082792574   -7.658195029   -1.472495112
    1.570796327   -1.319468915   28.206286533    9.212741445   -3.828516022
    1.633628180   -1.319468915   28.998231779   26.829129219   -0.601865538
    1.696460033   -1.319468915   32.611988716   30.218103390    3.728312833
    1.759291886   -1.319468915   34.765438178   37.142579285    6.451169509
    1.822123739   -1.319468915   37.188094766   39.393622450   10.831695495
    1.884955592   -1.319468915   38.149700427   20.728895956   22.527568945
    1.947787445   -1.319468915   38.980932297   15.037201648   21.229411390
    2.010619298   -1.319468915   40.123664298   19.501076501    9.585964889
    2.073451151   -1.319468915   42.034140807   30.448667539  -19.675428149
    2.136283004   -1.319468915   43.005137791   30.988708029  -43.515773696
    2.199114858   -1.319468915   46.316322429   11.449382862  -60.253076077
    2.261946711   -1.319468915   47.186552123   -3.291594265  -44.320211550
    2.324778564   -1.319468915   45.567190182  -21.083003639  -17.201601468
    2.387610417   -1.319468915   44.246353452  -22.137285275   -0.444012890
    2.450442270   -1.319468915   42.998404578  -22.409204948    4.096143249
    2.513274123   -1.319468915   43.096323913  -12.564146038   -1.008516671
    2.576105976   -1.319468915   43.127502596  -11.587616494    1.166743042
    2.638937829   -1.319468915   41.345811759  -18.707495517   -9.182563146
    2.701769682   -1.319468915   40.235639386  -16.372208047  -14.179468305
    2.764601535   -1.319468915   39.638104484  -30.587858488  -20.892876405
    2.827433388   -1.319468915   39.137358792  -30.641754037  -13.573786479
    2.890265241   -1.319468915   36.953152060  -30.201023431  -17.433443428
    2.953097094   -1.319468915   35.406828295  -24.562627427  -14.242934180
    3.015928947   -1.319468915   34.774985307   -6.028610357  -15.320440470
    3.078760801   -1.319468915   35.061710541    9.095809757  -19.577815986

   -3.141592654   -1.256637061   33.824667766   -5.169387119  -24.364292874
   -3.078760801   -1.256637061   33.076757169  -21.803026279  -20.047446214
   -3.015928947   -1.256637061   31.973567450   -9.817965812  -11.474314230
   -2.953097094   -1.256637061   32.050548498    3.101191440    2.509901244
   -2.890265241   -1.256637061   31.226861136  -10.809423823    8.296153963
   -2.827433388   -1.256637061   30.909320398  -13.222218445    9.709937069
   -2.764601535   -1.256637061   30.470015864   -2.810343064    6.915928912
   -2.701769682   -1.256637061   30.880495119    5.154969101   -1.626904053
   -2.638937829   -1.256637061   29.507010427  -11.945853929   -9.271369900
   -2.576105976   -1.256637061   28.964929068  -38.460106000  -15.879000930
   -2.513274123   -1.256637061   28.085821881  -31.361326011  -11.498405087
   -2.450442270   -1.256637061   29.465158189  -27.975716639  -14.916695777
   -2.387610417   -1.256637061   25.787260185  -14.550927197  -24.988913607
   -2.324778564   -1.256637061   26.061376871   20.455058286  -30.134831532
   -2.261946711   -1.256637061   25.571879437    3.404226079  -35.965544887
   -2.199114858   -1.256637061   26.380745537  -26.891980229  -32.520546063
   -2.136283004   -1.256637061   23.628194402  -46.497639157  -42.518525490
   -2.073451151   -1.256637061   25.052061214  -69.803062279  -46.103294543
   -2.010619298   -1.256637061   21.646563562  -49.174603591  -42.176158592
   -1.947787445   -1.256637061   20.266732838  -22.596943278  -34.244707763
   -1.884955592   -1.256637061   19.862220661  -11.209053813  -25.875367612
   -1.822123739   -1.256637061   20.148903925   -1.991669880  -12.641896968
   -1.759291886   -1.256637061   20.385201898    4.755800405  -11.758132413
   -1.696460033   -1.256637061   20.912365829   -0.947605768  -15.581564515
   -1.633628180   -1.256637061   20.802215511   -2.983085249  -19.111314061
   -1.570796327   -1.256637061   19.286715569  -17.753495152  -26.674065637
   -1.507964474   -1.256637061   18.101494343  -19.077031441  -30.678114236
   -1.445132621   -1.256637061   17.254095221  -18.353768340  -25.785142505
   -1.382300768   -1.256637061   16.604940993   -3.227137495   -7.113066607
   -1.319468915   -1.256637061   16.797451084    5.625646581    9.652404926
   -1.256637061   -1.256637061   16.751283490    4.844328673    9.930524341
   -1.193805208   -1.256637061   15.954046758   -5.548885076   -1.593411438
   -1.130973355   -1.256637061   17.761272436   -6.980054783   -9.559415114
   -1.068141502   -1.256637061   18.953541982  -13.191448990  -16.577135703
   -1.005309649   -1.256637061   18.774397915   11.256070638  -12.210267564
   -0.942477796   -1.256637061   20.410870384   35.255275345   -9.652996207
   -0.879645943   -1.256637061   23.470731193    3.692804144  -27.410495521
   -0.816814090   -1.256637061   23.140717981  -13.041975787  -50.035835195
   -0.753982237   -1.256637061   22.265449666  -13.993303108  -57.238120092
   -0.691150384   -1.256637061   22.080208174    4.625450331  -46.948056318
   -0.628318531   -1.256637061   22.992611141   18.662944963  -38.463476049
   -0.565486678   -1.256637061   23.962980178   11.768242418  -42.966248477
   -0.502654825   -1.256637061   24.410696204   -4.513540934  -53.213227921
   -0.439822972   -1.256637061   24.064426181   -6.509707412  -56.403477104
   -0.376991118   -1.256637061   22.861121015  -10.248115451  -51.331814858
   -0.314159265   -1.256637061   22.318082684   -6.072834215  -46.400723427
   -0.251327412   -1.256637061   22.277313569    5.320669162  -36.294983956
   -0.188495559   -1.256637061   24.083640111   19.382553919  -26.684012849
   -0.125663706   -1.256637061   25.871171502   35.035705683  -10.539241269
   -0.062831853   -1.256637061   28.764142246   48.310053653    3.832180580
    0.000000000   -1.256637061   32.289880405   62.598316157   11.389863730
    0.062831853   -1.256637061   36.836109829   69.577314865   15.941086188
    0.125663706   -1.256637061   41.252882030   69.447860583   12.619916162
    0.188495559   -1.256637061   45.390331375   61.337569974    6.561334166
    0.251327412   -1.256637061   48.944469466   53.116332573    2.476160942
    0.314159265   -1.256637061   52.047027706   44.723558192    0.985963097
    0.376991118   -1.256637061   54.395366737   26.572514173   -4.617503320
    0.439822972   -1.256637061   53.081986443  -10.571450440   -7.530507124
    0.502654825   -1.256637061   51.343121365  -28.486361233  -15.906883473
    0.565486678   -1.256637061   49.528541590  -25.084094196  -14.052202452
    0.628318531   -1.256637061   50.705735710  -23.038295387  -14.650618600
    0.691150384   -1.256637061   49.541784607  -13.998198086   -6.870910910
    0.753982237   -1.256637061   45.888427734  -28.698781733   -2.012170877
    0.816814090   -1.256637061   44.243589694  -23.098356928    0.342688469
    0.879645943   -1.256637061   43.099483420  -16.100184534   -2.017972801
    0.942477796   -1.256637061   42.548138685  -14.631353574   -3.248645986
    1.005309649   -1.256637061   41.631809625  -16.181542228   -8.324765152
    1.068141502   -1.256637061   42.665047010  -41.574760958  -10.017615485
    1.130973355   -1.256637061   39.965430829  -42.745174805   -0.156342675
    1.193805208   -1.256637061   37.374743018  -38.615083250   11.513827968
    1.256637061   -1.256637061   35.150480453  -32.524242680   18.299744331
    1.319468915   -1.256637061   33.430907051  -27.748229805   17.180041648
    1.382300768   -1.256637061   30.920219706  -28.236338384   11.009985605
    1.445132621   -1.256637061   29.199725349  -21.241069882    7.666445439
    1.507964474   -1.256637061   28.361701316   -2.918877301   11.121282908
    1.570796327   -1.256637061   29.033995505   21.484007494   19.084587382
    1.633628180   -1.256637061   30.652296089   37.249832982   22.005545637
    1.696460033   -1.256637061   34.658897478   31.057626706   13.486259601
    1.759291886   -1.256637061   36.602795124   30.717456531    2.559211663
    1.822123739   -1.256637061   38.575902330   32.050211276   -2.511634486
    1.884955592   -1.256637061   39.528243519   16.725518803    5.733365432
    1.947787445   -1.256637061   39.770091174    4.385764336    6.484764868
    2.010619298   -1.256637061   39.966250948   -4.106582079    2.436896319
    2.073451151   -1.256637061   39.972888830    0.551825480  -15.985435765
    2.136283004   -1.256637061   39.252404419    5.745790385  -35.038966268
    2.199114858   -1.256637061   41.105326286    9.039871310  -57.391960288
    2.261946711   -1.256637061   42.750081787   14.883670260  -49.615637635
    2.324778564   -1.256637061   42.997394636    8.417590369  -25.044351294
    2.387610417   -1.256637061   43.296879385    1.542179654   -1.129953354
    2.450442270   -1.256637061   42.944934438   -9.742324700   13.645723682
    2.513274123   -1.256637061   43.091290489   -9.918860546   13.220169689
    2.576105976   -1.256637061   43.283500138  -14.745445348   11.962721537
    2.638937829   -1.256637061   40.797574439  -25.407749679   -3.015033921
    2.701769682   -1.256637061   39.438036915  -17.251068144   -9.537207797
    2.764601535   -1.256637061   38.672020620  -24.709532650   -9.769470460
    2.827433388   -1.256637061   38.772117061  -30.935975850    0.993963026
    2.890265241   -1.256637061   36.219292896  -35.175436153   -4.659456365
    2.953097094   -1.256637061   34.563667944  -29.507861057   -9.666661383
    3.015928947   -1.256637061   33.600964161  -12.579931502  -18.169934674
    3.078760801   -1.256637061   33.600747257    1.349600721  -22.865169568

   -3.141592654   -1.193805208   32.442284494   -8.351969920  -13.944368680
   -3.078760801   -1.193805208   31.721219107  -19.799259238  -15.964449970
   -3.015928947   -1.193805208   30.775757493   -4.789686760  -16.131583691
   -2.953097094   -1.193805208   31.280823818    5.418773527  -10.572862559
   -2.890265241   -1.193805208   30.405821743  -12.111080847  -10.399562048
   -2.827433388   -1.193805208   30.008934320  -19.214764463   -7.892500716
   -2.764601535   -1.193805208   29.319558314  -10.212723920   -9.535535319
   -2.701769682   -1.193805208   28.956769812   -2.703717515  -23.861915703
   -2.638937829   -1.193805208   27.067481444  -10.767292029  -31.552733297
   -2.576105976   -1.193805208   26.513489580  -37.239610388  -25.580365807
   -2.513274123   -1.193805208   26.247603196  -35.902172001   -8.331454459
   -2.450442270   -1.193805208   27.422639424  -31.126370418   -9.949511524
   -2.387610417   -1.193805208   23.167170660  -21.057890402  -18.891054090
   -2.324778564   -1.193805208   23.058415000   14.343078205  -31.339927591
   -2.261946711   -1.193805208   22.353761128   -1.315969269  -45.288596121
   -2.199114858   -1.193805208   23.787490509  -29.673899086  -51.353117877
   -2.136283004   -1.193805208   21.120163289  -40.287870930  -64.063655331
   -2.073451151   -1.193805208   22.895813807  -59.969622722  -67.437068206
   -2.010619298   -1.193805208   20.073740964  -45.322840516  -55.423641213
   -1.947787445   -1.193805208   18.723772669  -24.733320776  -46.295431905
   -1.884955592   -1.193805208   17.791229428  -14.872730194  -43.450408705
   -1.822123739   -1.193805208   17.765396329  -10.294819350  -37.923802515
   -1.759291886   -1.193805208   17.537582293   -0.154866771  -34.293399755
   -1.696460033   -1.193805208   17.882356618    0.240235768  -30.210778333
   -1.633628180   -1.193805208   17.919412839   -1.122120612  -28.151846665
   -1.570796327   -1.193805208   16.553174436  -11.778214171  -27.333938698
   -1.507964474   -1.193805208   15.994734626   -3.814764418  -17.519938991
   -1.445132621   -1.193805208   16.393104377    7.270982816    1.814638371
   -1.382300768   -1.193805208   17.344008253   18.223919991   20.405382615
   -1.319468915   -1.193805208   18.188196999    7.278420763   19.034029808
   -1.256637061   -1.193805208   17.706394837   -7.052111208    8.265527461
   -1.193805208   -1.193805208   16.188586989  -16.135417504    0.310027860
   -1.130973355   -1.193805208   17.554768825  -17.816682984   -5.585396001
   -1.068141502   -1.193805208   18.167961326  -19.018729295  -15.885819562
   -1.005309649   -1.193805208   18.154666193   13.850626540  -15.510530801
   -0.942477796   -1.193805208   19.221161781   15.122444700  -32.417283027
   -0.879645943   -1.193805208   20.988792094  -18.593868638  -50.975232886
   -0.816814090   -1.193805208   19.647448571  -21.584657999  -59.449531092
   -0.753982237   -1.193805208   18.826600292   -6.111743578  -55.068699826
   -0.691150384   -1.193805208   19.222232327   12.311891616  -50.460879939
   -0.628318531   -1.193805208   20.224737045   13.683654930  -56.821487225
   -0.565486678   -1.193805208   20.747144503    3.756376759  -65.463040147
   -0.502654825   -1.193805208   20.857393436   -4.211945657  -66.527436209
   -0.439822972   -1.193805208   20.811791311    0.158320403  -55.946875681
   -0.376991118   -1.193805208   20.391601759    0.805161374  -39.102911442
   -0.314159265   -1.193805208   20.621211659    7.787149328  -22.910851079
   -0.251327412   -1.193805208   21.552464205   21.840919574   -4.884698328
   -0.188495559   -1.193805208   24.013521096   33.905742954    4.306141024
   -0.125663706   -1.193805208   26.522724272   44.180076696   12.214844509
   -0.062831853   -1.193805208   29.968180212   51.661963930   18.378134874
    0.000000000   -1.193805208   33.603057979   62.452175475   17.164287643
    0.062831853   -1.193805208   38.092591827   63.897055823   13.547445587
    0.125663706   -1.193805208   42.059329198   61.279479793    5.623334097
    0.188495559   -1.193805208   45.755478913   56.301882534    1.658051090
    0.251327412   -1.193805208   49.137317358   51.664289759    1.836755548
    0.314159265   -1.193805208   52.055844694   39.027840277   -1.991900621
    0.376991118   -1.193805208   53.862163623   15.656700552  -12.680010976
    0.439822972   -1.193805208   52.406948222  -14.693549959  -12.436916597
    0.502654825   -1.193805208   50.521322434  -24.628004806   -7.594883802
    0.565486678   -1.193805208   49.189226757  -16.155298813    5.385250328
    0.628318531   -1.193805208   50.462181802  -13.939420432    7.889421659
    0.691150384   -1.193805208   49.722991374   -9.613517923   12.760440318
    0.753982237   -1.193805208   46.314339228  -27.399020861   15.739135330
    0.816814090   -1.193805208   44.639969622  -25.629198075   14.446532376
    0.879645943   -1.193805208   43.057021480  -23.491337818    8.298930961
    0.942477796   -1.193805208   42.022899490  -27.104382067    2.750717283
    1.005309649   -1.193805208   40.415728962  -24.246076435   -4.107406410
    1.068141502   -1.193805208   40.990394035  -37.474051868   -9.093592990
    1.130973355   -1.193805208   38.831447017  -30.409799647   -0.952317522
    1.193805208   -1.193805208   37.014486917  -26.613153058    5.926170936
    1.256637061   -1.193805208   35.405597526  -26.163512909    8.059340736
    1.319468915   -1.193805208   33.925640338  -26.336147698    5.947398750
    1.382300768   -1.193805208   31.452921401  -26.411373437    2.541547067
    1.445132621   -1.193805208   29.964958460  -14.219666089    4.020839334
    1.507964474   -1.193805208   29.761418301    9.672711365    9.059126287
    1.570796327   -1.193805208   31.100634227   26.482548244   11.891180954
    1.633628180   -1.193805208   32.721000850   29.262591729    3.052338379
    1.696460033   -1.193805208   35.722684974   12.359136023  -20.693606483
    1.759291886   -1.193805208   36.453760640   12.917270570  -42.431127396
    1.822123739   -1.193805208   37.545178100   21.739187662  -55.484025404
    1.884955592   -1.193805208   38.469069605   16.338583470  -52.809653340
    1.947787445   -1.193805208   38.520896662    3.784203866  -47.333358462
    2.010619298   -1.193805208   38.667945892   -9.334319940  -34.572753940
    2.073451151   -1.193805208   38.142988961   -7.906535174  -25.942525132
    2.136283004   -1.193805208   36.915122624   -5.553769651  -18.982109449
    2.199114858   -1.193805208   37.715598041    4.403740265  -27.031753786
    2.261946711   -1.193805208   39.534257002   17.996792563  -27.495654419
    2.324778564   -1.193805208   40.573438328   22.629632319  -25.659367081
    2.387610417   -1.193805208   41.752216233   17.229594564  -21.673192267
    2.450442270   -1.193805208   42.149226203    2.543960559  -14.157920024
    2.513274123   -1.193805208   42.566437230   -4.027390815   -8.047636009
    2.576105976   -1.193805208   43.161854028  -14.318907672    1.168340469
    2.638937829   -1.193805208   40.293704493  -29.131574850   -1.414303224
    2.701769682   -1.193805208   38.865454512  -14.378880469   -3.116663161
    2.764601535   -1.193805208   38.354337866  -10.464311620    0.322829721
    2.827433388   -1.193805208   39.261730516  -22.153946765   11.998760802
    2.890265241   -1.193805208   36.627085312  -40.406337287   15.671764535
    2.953097094   -1.193805208   34.637062612  -41.411305402   12.664320135
    3.015928947   -1.193805208   32.944162380  -24.856914155    0.738726767
    3.078760801   -1.193805208   32.492567353   -9.330290517   -7.463851003

   -3.141592654   -1.130973355   32.255084291  -19.889129192   -2.433831926
   -3.078760801   -1.130973355   31.010769047  -25.878345051   -8.722323419
   -3.015928947   -1.130973355   29.675082249   -6.957582282  -16.363792943
   -2.953097094   -1.130973355   30.407511122    6.352546785  -15.639310191
   -2.890265241   -1.130973355   29.739438528   -6.706742162  -14.538762494
   -2.827433388   -1.130973355   29.948445549  -16.256332477   -5.136245364
   -2.764601535   -1.130973355   29.525583624  -11.128862820   -3.792964093
   -2.701769682   -1.130973355   28.541360196   -8.717977225  -19.384499681
   -2.638937829   -1.130973355   26.418129287   -2.798703152  -30.356801774
   -2.576105976   -1.130973355   26.528485433  -20.013378590  -29.076378469
   -2.513274123   -1.130973355   27.658693934  -30.607691091  -13.191110206
   -2.450442270   -1.130973355   28.823928205  -32.897549965  -17.354125849
   -2.387610417   -1.130973355   24.112300406  -29.953931063  -22.449806029
   -2.324778564   -1.130973355   23.190448827   -1.858830488  -31.185758772
   -2.261946711   -1.130973355   21.591676758  -20.854644002  -37.419102686
   -2.199114858   -1.130973355   22.532844386  -46.216415525  -39.846661433
   -2.136283004   -1.130973355   19.293020136  -41.619019672  -40.716229637
   -2.073451151   -1.130973355   21.008416701  -48.466185670  -40.609669338
   -2.010619298   -1.130973355   19.117598081  -33.263037168  -31.995201304
   -1.947787445   -1.130973355   18.369220179  -15.533152986  -35.512897936
   -1.884955592   -1.130973355   17.752205164   -7.108538963  -40.720512228
   -1.822123739   -1.130973355   18.169575818   -5.014248389  -38.560555896
   -1.759291886   -1.130973355   18.190131363    3.047192457  -32.536347041
   -1.696460033   -1.130973355   18.601975226   -0.307730266  -25.620389106
   -1.633628180   -1.130973355   18.580204272   -2.091157896  -17.991337333
   -1.570796327   -1.130973355   17.355515396   -3.619065129   -6.742382550
   -1.507964474   -1.130973355   17.707784102   15.880373185   11.810339195
   -1.445132621   -1.130973355   19.262000854   25.006976831   22.701209023
   -1.382300768   -1.130973355   20.823372202   18.744189494   20.611788512
   -1.319468915   -1.130973355   21.017916146   -5.208275698    5.009468393
   -1.256637061   -1.130973355   19.658552631  -21.721725788   -5.033716371
   -1.193805208   -1.130973355   17.241208472  -32.418983402  -13.732176427
   -1.130973355   -1.130973355   17.464827741  -42.093899452  -25.942181612
   -1.068141502   -1.130973355   16.802831706  -30.563558505  -33.916750024
   -1.005309649   -1.130973355   16.171391420   -4.250388825  -35.372029847
   -0.942477796   -1.130973355   15.726205926   -8.579691194  -50.523020344
   -0.879645943   -1.130973355   16.470400480  -29.375365067  -57.751711243
   -0.816814090   -1.130973355   14.980201975  -16.509731240  -53.761798985
   -0.753982237   -1.130973355   14.740099326    4.219024740  -43.717099719
   -0.691150384   -1.130973355   15.611619005   15.043432053  -38.884913409
   -0.628318531   -1.130973355   16.550841905   11.190624643  -40.634552608
   -0.565486678   -1.130973355   17.137702756    9.328956233  -36.184412516
   -0.502654825   -1.130973355   17.846015989   11.156513409  -24.931283091
   -0.439822972   -1.130973355   18.880426955   16.903063460  -10.767787994
   -0.376991118   -1.130973355   19.643904337   18.307737290    0.974389728
   -0.314159265   -1.130973355   20.989025030   25.507775101    8.797877075
   -0.251327412   -1.130973355   22.952201688   36.372712345   13.765181670
   -0.188495559   -1.130973355   25.911211505   42.704080345   11.709694492
   -0.125663706   -1.130973355   28.796661807   48.446395210   10.911126631
   -0.062831853   -1.130973355   32.578949456   50.276753662   14.547664893
    0.000000000   -1.130973355   36.023256260   56.619686962   13.645502287
    0.062831853   -1.130973355   40.080293232   53.539984747   11.187515700
    0.125663706   -1.130973355   43.427113200   52.800561110    8.763915733
    0.188495559   -1.130973355   46.725385853   51.547317056    7.547970828
    0.251327412   -1.130973355   49.728331753   43.515805334    1.463128200
    0.314159265   -1.130973355   51.939384524   25.637091513  -10.124748213
    0.376991118   -1.130973355   52.976943670    7.228285597  -17.015811834
    0.439822972   -1.130973355   51.858644504   -6.814523676   -2.653952061
    0.502654825   -1.130973355   50.690261136   -9.724002741   16.098326476
    0.565486678   -1.130973355   50.228155004   -6.020077156   30.525538140
    0.628318531   -1.130973355   51.402795982  -12.027788914   26.084733373
    0.691150384   -1.130973355   50.515656034  -15.542252525   20.968804205
    0.753982237   -1.130973355   46.939441639  -33.981009472   19.265601216
    0.816814090   -1.130973355   44.805820295  -33.366625291   15.076866760
    0.879645943   -1.130973355   42.582396399  -32.977891152    8.636048270
    0.942477796   -1.130973355   41.089113161  -35.195835391    5.169299930
    1.005309649   -1.130973355   39.200307342  -24.338087039    3.132212348
    1.068141502   -1.130973355   39.629097992  -26.761097564   -3.263003750
    1.130973355   -1.130973355   38.217139381  -17.864533196   -0.199730699
    1.193805208   -1.130973355   37.085148172  -17.095117367   -0.500967402
    1.256637061   -1.130973355   36.009592926  -19.504894960   -0.938456970
    1.319468915   -1.130973355   34.931145044  -21.130333410   -0.617756573
    1.382300768   -1.130973355   32.864070568  -18.989464008    3.660875747
    1.445132621   -1.130973355   31.855384193   -7.212911190    9.381766981
    1.507964474   -1.130973355   31.913055916   11.254351182   11.252036073
    1.570796327   -1.130973355   33.076876044   15.255802752    9.000212257
    1.633628180   -1.130973355   33.744374032    7.453891087   -0.454707314
    1.696460033   -1.130973355   35.059775742  -10.805179112  -16.690922345
    1.759291886   -1.130973355   34.470494459   -4.975134490  -25.413576566
    1.822123739   -1.130973355   34.749111331   12.924192193  -31.168823000
    1.884955592   -1.130973355   35.693609716   19.777190425  -30.015910316
    1.947787445   -1.130973355   36.073005157   14.960368669  -25.817731582
    2.010619298   -1.130973355   37.111558126    4.495412070  -13.784598394
    2.073451151   -1.130973355   37.376577736    3.602204809   -3.147473981
    2.136283004   -1.130973355   36.783623765   -0.861161719    5.154676706
    2.199114858   -1.130973355   37.305538610    3.333120651    1.782999141
    2.261946711   -1.130973355   39.003630306   10.130462599   -0.199191582
    2.324778564   -1.130973355   39.765756361   18.349568622   -6.858985054
    2.387610417   -1.130973355   40.656600378   17.438998181  -18.559277784
    2.450442270   -1.130973355   41.176520490    8.709605162  -24.937675759
    2.513274123   -1.130973355   41.909404066    5.602642214  -26.072661996
    2.576105976   -1.130973355   43.348173242   -6.530811014  -12.992100743
    2.638937829   -1.130973355   40.742998955  -27.296386174   -2.246493701
    2.701769682   -1.130973355   39.370826885  -13.174747784    4.067501435
    2.764601535   -1.130973355   39.013651607    0.545441581    6.817505668
    2.827433388   -1.130973355   40.316428030   -7.774164225    5.038682142
    2.890265241   -1.130973355   38.122417410  -36.419017681    9.800314100
    2.953097094   -1.130973355   36.257706164  -47.752611090   12.144963702
    3.015928947   -1.130973355   34.050471823  -37.622428074    8.767981569
    3.078760801   -1.130973355   33.017415962  -25.414242863    4.612962983

   -3.141592654   -1.068141502   32.199669597  -28.707129814    9.837209507
   -3.078760801   -1.068141502   30.440290090  -33.203165725    3.822854498
   -3.015928947   -1.068141502   28.367867598  -17.269772453   -7.585898221
   -2.953097094   -1.068141502   28.831736408   -2.408183684  -12.970016324
   -2.890265241   -1.068141502   28.012644445   -5.388217155  -17.444697954
   -2.827433388   -1.068141502   28.838132791  -13.504783409   -9.029202571
   -2.764601535   -1.068141502   28.611364883  -13.315753838   -8.401571117
   -2.701769682   -1.068141502   26.944870219  -17.382034694  -21.027392080
   -2.638937829   -1.068141502   24.527782597   -1.643110380  -29.092222789
   -2.576105976   -1.068141502   24.847786665   -6.847716123  -34.423539628
   -2.513274123   -1.068141502   27.016074762  -22.770422754  -28.769876232
   -2.450442270   -1.068141502   28.106489942  -32.245668210  -34.898260096
   -2.387610417   -1.068141502   23.538941562  -31.295996178  -31.379290807
   -2.324778564   -1.068141502   22.340931011   -7.606744812  -35.922603104
   -2.261946711   -1.068141502   20.681661628  -27.447364531  -33.512220599
   -2.199114858   -1.068141502   21.673052997  -45.005847752  -29.294997027
   -2.136283004   -1.068141502   18.801684768  -32.714016565  -13.347244649
   -2.073451151   -1.068141502   20.613415504  -39.559853329   -4.661335015
   -2.010619298   -1.068141502   19.012695791  -37.224229899    4.831278700
   -1.947787445   -1.068141502   17.636776423  -25.863730846   -1.396775471
   -1.884955592   -1.068141502   16.419384830  -12.378288493   -5.243088272
   -1.822123739   -1.068141502   16.686737011   -3.697017211   -3.994539920
   -1.759291886   -1.068141502   16.920085319    8.199012756    2.510309305
   -1.696460033   -1.068141502   17.714772949    6.208999463    8.777456376
   -1.633628180   -1.068141502   18.210237900    7.881184875   13.561589825
   -1.570796327   -1.068141502   17.833609321   12.479871944   19.620095797
   -1.507964474   -1.068141502   19.116487969   26.813113246   21.561017191
   -1.445132621   -1.068141502   20.775114053   21.128866265   11.921988275
   -1.382300768   -1.068141502   21.824874072    6.635394921    1.299740137
   -1.319468915   -1.068141502   20.873293233  -18.161236374  -16.191447797
   -1.256637061   -1.068141502   18.861402875  -31.570352586  -24.683658122
   -1.193805208   -1.068141502   15.865731102  -43.894584517  -31.893864002
   -1.130973355   -1.068141502   15.540002350  -48.833048479  -33.598612068
   -1.068141502   -1.068141502   14.823586698  -25.301828363  -27.488319925
   -1.005309649   -1.068141502   14.138236380  -15.639967002  -30.148197990
   -0.942477796   -1.068141502   12.938514867  -17.429553731  -41.598652100
   -0.879645943   -1.068141502   13.509209622  -25.934807785  -45.041352326
   -0.816814090   -1.068141502   12.607479488   -3.214117404  -36.937183068
   -0.753982237   -1.068141502   13.236008147   15.351116658  -29.819755236
   -0.691150384   -1.068141502   14.640754758   19.916609342  -27.889315535
   -0.628318531   -1.068141502   15.906431125   18.378790329  -26.604483714
   -0.565486678   -1.068141502   17.205876341   23.414544008  -17.905525945
   -0.502654825   -1.068141502   18.775579410   25.795236786   -7.364073526
   -0.439822972   -1.068141502   20.567641392   25.366266252    2.621690135
   -0.376991118   -1.068141502   21.711901930   21.691999439    8.831964832
   -0.314159265   -1.068141502   23.160124471   25.761088723   13.593496382
   -0.251327412   -1.068141502   25.019831534   33.083957806   16.391135166
   -0.188495559   -1.068141502   27.590356187   38.443922954   17.007722369
   -0.125663706   -1.068141502   30.252164751   46.291330193   19.571412239
   -0.062831853   -1.068141502   34.195271231   47.794313731   27.087994459
    0.000000000   -1.068141502   37.506214593   52.492969542   27.962081704
    0.062831853   -1.068141502   41.359624895   49.188223375   26.185385253
    0.125663706   -1.068141502   44.446877086   48.377467775   20.194301669
    0.188495559   -1.068141502   47.358893573   43.300108027    9.503559694
    0.251327412   -1.068141502   49.685723037   31.426705490   -3.409166782
    0.314159265   -1.068141502   51.283846266   20.294618525   -8.039260842
    0.376991118   -1.068141502   52.435315715   16.813504881    1.749616735
    0.439822972   -1.068141502   52.647420015   14.180193779   25.418926369
    0.502654825   -1.068141502   52.777693570    7.037235611   40.444477125
    0.565486678   -1.068141502   52.980282126   -1.953991173   39.796628586
    0.628318531   -1.068141502   53.687556892  -15.569261562   23.488981572
    0.691150384   -1.068141502   52.521471809  -19.891840918   13.520980367
    0.753982237   -1.068141502   49.142498352  -33.430028615   12.335075396
    0.816814090   -1.068141502   47.077164974  -32.190757556    8.812083360
    0.879645943   -1.068141502   44.828411808  -31.911992743    5.751771028
    0.942477796   -1.068141502   43.417103327  -33.632447025    5.632149160
    1.005309649   -1.068141502   41.620999815  -23.277442999    8.535509397
    1.068141502   -1.068141502   41.583983146  -25.662537121    2.130233912
    1.130973355   -1.068141502   40.002592702  -23.082829236    0.867827704
    1.193805208   -1.068141502   38.405047181  -25.053667103   -3.400810916
    1.256637061   -1.068141502   36.943437543  -25.146066729   -3.907611697
    1.319468915   -1.068141502   35.731016493  -21.576997663    0.630351575
    1.382300768   -1.068141502   33.869503068  -15.485139098    9.867763782
    1.445132621   -1.068141502   33.091236963   -5.500831393   17.373025655
    1.507964474   -1.068141502   32.996173364    6.970954383   15.674184414
    1.570796327   -1.068141502   33.787257336    4.527460328   10.585161367
    1.633628180   -1.068141502   33.945819523   -0.342263656    7.863998248
    1.696460033   -1.068141502   34.671240304  -11.899135982    5.547554924
    1.759291886   -1.068141502   34.130400227   -3.158808521   13.129697775
    1.822123739   -1.068141502   34.592982732   14.916271786   18.810156431
    1.884955592   -1.068141502   35.884144782   26.294304711   17.892870222
    1.947787445   -1.068141502   36.697730238   25.062218241   11.549042580
    2.010619298   -1.068141502   38.502165663   16.632955806    2.899211234
    2.073451151   -1.068141502   39.468112293   13.256252388   -7.740980096
    2.136283004   -1.068141502   39.520443304    5.910734667  -15.552407025
    2.199114858   -1.068141502   40.201102937    8.289778740  -21.618538105
    2.261946711   -1.068141502   42.146388522    9.321785605  -17.754837353
    2.324778564   -1.068141502   42.799905655   12.916556204   -9.731676888
    2.387610417   -1.068141502   42.934539488    5.270570845   -7.052964721
    2.450442270   -1.068141502   42.627667617   -3.404044450   -5.367778554
    2.513274123   -1.068141502   42.610429632   -1.798611504   -6.841791942
    2.576105976   -1.068141502   44.151582208   -8.021692917   -0.905406657
    2.638937829   -1.068141502   41.757776336  -24.200170619    3.869048256
    2.701769682   -1.068141502   40.522110156  -12.596760542    6.851128267
    2.764601535   -1.068141502   40.125229035    1.989026733    6.482043755
    2.827433388   -1.068141502   40.769060813   -5.777303349   -6.118516608
    2.890265241   -1.068141502   38.534994240  -36.839879167   -6.960755308
    2.953097094   -1.068141502   36.719616358  -49.883538949   -3.159949234
    3.015928947   -1.068141502   34.534979785  -41.404875951    5.789951515
    3.078760801   -1.068141502   33.423099727  -34.085551105   12.305563403

   -3.141592654   -1.005309649   32.731803963  -27.551802119   14.816393524
   -3.078760801   -1.005309649   30.984992830  -31.992679093   14.940014563
   -3.015928947   -1.005309649   28.654214207  -21.222290286    8.736623492
   -2.953097094   -1.005309649   29.244553726   -8.162957042    5.465561705
   -2.890265241   -1.005309649   28.513768235   -2.488497776   -2.047905107
   -2.827433388   -1.005309649   30.114138289   -8.044270690   -0.555690278
   -2.764601535   -1.005309649   30.144253011  -13.671589803   -4.191781821
   -2.701769682   -1.005309649   27.999646441  -26.995931584  -12.721475190
   -2.638937829   -1.005309649   25.269811724   -9.345310848  -17.044343621
   -2.576105976   -1.005309649   25.065573850   -6.546617812  -28.115473291
   -2.513274123   -1.005309649   27.163523464  -19.815362868  -35.065670727
   -2.450442270   -1.005309649   27.814576762  -31.521025665  -41.694390888
   -2.387610417   -1.005309649   23.625613222  -33.613575785  -31.047758274
   -2.324778564   -1.005309649   22.002004691  -15.393677924  -35.268524733
   -2.261946711   -1.005309649   20.199703699  -32.800880382  -36.912992172
   -2.199114858   -1.005309649   20.990090440  -36.226143358  -41.820729136
   -2.136283004   -1.005309649   18.996260227  -16.081473882  -28.568893572
   -2.073451151   -1.005309649   21.383392179  -22.766023844  -22.873619451
   -2.010619298   -1.005309649   20.581936577  -30.695859745  -15.353457973
   -1.947787445   -1.005309649   19.230097556  -24.744396678  -17.658292232
   -1.884955592   -1.005309649   18.150100257   -9.426896108  -16.813707210
   -1.822123739   -1.005309649   18.648760487    2.999513301  -14.132180267
   -1.759291886   -1.005309649   19.324351145   15.051159641   -6.277747095
   -1.696460033   -1.005309649   20.503308429    9.663823484    3.128352670
   -1.633628180   -1.005309649   21.169959804    8.257714415    9.329615453
   -1.570796327   -1.005309649   20.739833699    7.325815498    9.942383485
   -1.507964474   -1.005309649   21.344599538   10.006933016   -0.211491908
   -1.445132621   -1.005309649   21.627174935   -1.579408796  -17.973795127
   -1.382300768   -1.005309649   21.319067514  -15.427709740  -34.159104051
   -1.319468915   -1.005309649   18.653795702  -35.364483248  -56.314668837
   -1.256637061   -1.005309649   15.926756741  -39.714145475  -62.192778543
   -1.193805208   -1.005309649   12.714232089  -43.149752217  -59.282802615
   -1.130973355   -1.005309649   13.043777798  -32.982637148  -40.967449385
   -1.068141502   -1.005309649   12.892427751  -21.824979030  -35.798217193
   -1.005309649   -1.005309649   12.066571249  -25.423428933  -39.351775287
   -0.942477796   -1.005309649   10.502198476  -17.718353778  -41.311203479
   -0.879645943   -1.005309649   11.298551603  -15.361270256  -39.069541910
   -0.816814090   -1.005309649   11.184220140    8.533239179  -35.356229338
   -0.753982237   -1.005309649   12.412090523   21.186122468  -38.670997072
   -0.691150384   -1.005309649   14.195762844   24.437577919  -43.208027243
   -0.628318531   -1.005309649   15.944967906   29.330197058  -42.188733695
   -0.565486678   -1.005309649   18.102699124   37.279809463  -34.126972400
   -0.502654825   -1.005309649   20.373673469   35.848165852  -26.601862860
   -0.439822972   -1.005309649   22.618438195   29.523281763  -20.554161521
   -0.376991118   -1.005309649   23.867013093   23.058561008  -15.396468437
   -0.314159265   -1.005309649   25.302985036   25.072227420   -8.141041775
   -0.251327412   -1.005309649   27.089579708   31.818391426    0.717298497
   -0.188495559   -1.005309649   29.541587773   37.707739704   10.002206593
   -0.125663706   -1.005309649   32.251246537   47.819191868   20.581432697
   -0.062831853   -1.005309649   36.493006908   46.919827221   31.321023152
    0.000000000   -1.005309649   39.766583084   48.448474939   34.682436877
    0.062831853   -1.005309649   43.259188779   40.981439686   28.345783402
    0.125663706   -1.005309649   45.691621327   36.036480364   16.559462439
    0.188495559   -1.005309649   47.801819062   31.292642789    5.815020874
    0.251327412   -1.005309649   49.627201045   28.928256228    5.922835640
    0.314159265   -1.005309649   51.515789074   31.777459018   19.070519240
    0.376991118   -1.005309649   53.607796275   33.602837861   34.216445778
    0.439822972   -1.005309649   54.959464613   23.400089933   42.749375221
    0.502654825   -1.005309649   55.407089039    4.236234729   39.112347162
    0.565486678   -1.005309649   55.154950902  -12.228280052   29.558703415
    0.628318531   -1.005309649   54.847050706  -24.741298722   18.159818190
    0.691150384   -1.005309649   53.136710699  -27.969556142   13.711069460
    0.753982237   -1.005309649   49.686410161  -37.871182646   13.923846462
    0.816814090   -1.005309649   47.428292437  -33.387312419   10.434729333
    0.879645943   -1.005309649   45.166582367  -28.049141291    7.555979925
    0.942477796   -1.005309649   44.126843590  -23.388566709    6.411125270
    1.005309649   -1.005309649   43.006112715  -13.760935826    6.048758967
    1.068141502   -1.005309649   42.988848058  -19.152450644   -4.291161505
    1.130973355   -1.005309649   41.499884800  -24.714728509  -10.046524151
    1.193805208   -1.005309649   39.675486420  -28.547403061  -15.590329314
    1.256637061   -1.005309649   38.200620865  -24.117914602  -18.006217347
    1.319468915   -1.005309649   37.322245771  -14.418022980  -18.949168444
    1.382300768   -1.005309649   36.217445760   -5.011928338  -15.324385466
    1.445132621   -1.005309649   36.039301134   -0.091134625  -11.017556605
    1.507964474   -1.005309649   35.892900586    4.093153881  -10.590512641
    1.570796327   -1.005309649   36.488237452   -0.077404589   -6.505802531
    1.633628180   -1.005309649   36.655430187    1.298349809    2.974286365
    1.696460033   -1.005309649   37.391256301   -3.117381742    9.974827524
    1.759291886   -1.005309649   37.403804773    3.613399595   23.792513172
    1.822123739   -1.005309649   38.134526608   12.109115305   31.593546307
    1.884955592   -1.005309649   38.969651059   14.604325906   24.388395730
    1.947787445   -1.005309649   38.820587067    6.829111059    8.523985263
    2.010619298   -1.005309649   39.395386187   -3.512740551  -12.193971180
    2.073451151   -1.005309649   39.144698800   -5.126649414  -30.482815995
    2.136283004   -1.005309649   38.430248128   -4.604310301  -39.477995702
    2.199114858   -1.005309649   38.690788782    7.179577216  -43.507644659
    2.261946711   -1.005309649   40.863099134   17.300332756  -43.318872349
    2.324778564   -1.005309649   42.307605116   28.311409250  -35.666637329
    2.387610417   -1.005309649   43.262999954   19.595031525  -25.390881899
    2.450442270   -1.005309649   43.790241712    6.798850034  -12.279779036
    2.513274123   -1.005309649   44.048383771   -1.596175701   -2.597216930
    2.576105976   -1.005309649   45.612605094  -18.044852702    3.687158760
    2.638937829   -1.005309649   42.724113722  -35.300574841    2.866176213
    2.701769682   -1.005309649   40.840091610  -21.993359062   -1.398549812
    2.764601535   -1.005309649   39.892772708   -5.059603084   -4.797816940
    2.827433388   -1.005309649   39.389241463   -9.981735959  -20.072879067
    2.890265241   -1.005309649   36.982396499  -37.776878627  -21.935875105
    2.953097094   -1.005309649   35.360113658  -42.656667774  -19.782319388
    3.015928947   -1.005309649   34.042701069  -30.416993001   -4.036722468
    3.078760801   -1.005309649   33.697582608  -26.422136185    9.158195006

   -3.141592654   -0.942477796   32.516393941  -21.853834811    7.107156822
   -3.078760801   -0.942477796   30.929668407  -30.469670357   11.172893041
   -3.015928947   -0.942477796   28.339992297  -27.566565119   10.356757204
   -2.953097094   -0.942477796   28.809625762  -19.136048803    9.602418147
   -2.890265241   -0.942477796   27.764872842   -9.379372532    3.767318674
   -2.827433388   -0.942477796   29.522876134   -7.981600373   -1.648617830
   -2.764601535   -0.942477796   29.568443902  -14.085223439   -9.657609589
   -2.701769682   -0.942477796   27.347161056  -30.256503004  -16.269432932
   -2.638937829   -0.942477796   24.736814906  -15.688791147  -19.186252807
   -2.576105976   -0.942477796   23.941360608   -9.763543657  -32.197857467
   -2.513274123   -0.942477796   25.455948331  -15.984414389  -46.217931001
   -2.450442270   -0.942477796   25.844861286  -23.952827440  -49.375008442
   -2.387610417   -0.942477796   22.647891273  -27.000143610  -30.090775332
   -2.324778564   -0.942477796   21.050686488  -17.996253615  -26.730488870
   -2.261946711   -0.942477796   19.281230313  -34.381577800  -28.044299250
   -2.199114858   -0.942477796   19.752866841  -25.311430247  -40.081162850
   -2.136283004   -0.942477796   18.631150473   -1.427269376  -37.300024853
   -2.073451151   -0.942477796   21.435561616   -8.926183967  -43.478574894
   -2.010619298   -0.942477796   21.308621774  -22.689397023  -42.669409909
   -1.947787445   -0.942477796   20.132325040  -21.012461738  -41.591453381
   -1.884955592   -0.942477796   19.288914258   -7.713282545  -32.329718867
   -1.822123739   -0.942477796   19.728590666    3.235130481  -23.111877993
   -1.759291886   -0.942477796   20.312658180   11.615865222  -13.761096439
   -1.696460033   -0.942477796   21.252334862    2.295895824   -9.620932455
   -1.633628180   -0.942477796   21.372854282   -3.012415056  -13.709910637
   -1.570796327   -0.942477796   20.279142565   -6.900162529  -20.630851474
   -1.507964474   -0.942477796   19.874419808   -7.031799812  -33.831162151
   -1.445132621   -0.942477796   19.120344531  -15.735213292  -46.251876840
   -1.382300768   -0.942477796   18.176285994  -25.416514370  -52.475203001
   -1.319468915   -0.942477796   14.578076433  -39.668358915  -63.375542777
   -1.256637061   -0.942477796   11.932878317  -36.222732677  -58.894606734
   -1.193805208   -0.942477796    9.352588154  -28.042017410  -44.835942670
   -1.130973355   -0.942477796   10.721148227  -22.787248789  -31.463160392
   -1.068141502   -0.942477796   10.315828533  -29.215346098  -39.489236416
   -1.005309649   -0.942477796    9.194791744  -30.210488666  -38.199644047
   -0.942477796   -0.942477796    7.674122500  -13.731093819  -32.832077645
   -0.879645943   -0.942477796    8.563534702  -11.832102621  -34.123087649
   -0.816814090   -0.942477796    8.504051291    5.794731926  -39.581922181
   -0.753982237   -0.942477796    9.514897103   16.694252463  -47.746065459
   -0.691150384   -0.942477796   11.350880705   27.548836429  -46.166916476
   -0.628318531   -0.942477796   13.547765856   39.526153519  -37.483746265
   -0.565486678   -0.942477796   16.361383162   45.940227569  -27.977439867
   -0.502654825   -0.942477796   18.976115045   40.588709180  -23.600817302
   -0.439822972   -0.942477796   21.478525613   34.308976155  -19.075671629
   -0.376991118   -0.942477796   23.049913972   30.825624630  -11.385526956
   -0.314159265   -0.942477796   25.003124455   34.914935949   -0.799767107
   -0.251327412   -0.942477796   27.465448131   43.411317621   12.570218881
   -0.188495559   -0.942477796   30.625910320   49.333050288   25.377405826
   -0.125663706   -0.942477796   34.028508931   56.718677387   36.023595900
   -0.062831853   -0.942477796   38.786715904   49.330175557   40.671928561
    0.000000000   -0.942477796   42.127621339   42.147305905   38.538147826
    0.062831853   -0.942477796   44.968691453   29.168931980   25.239985372
    0.125663706   -0.942477796   46.687876212   26.630347917   16.380325018
    0.188495559   -0.942477796   48.503204326   32.733276666   18.809135012
    0.251327412   -0.942477796   50.815477732   41.544456562   31.446570179
    0.314159265   -0.942477796   53.553812136   43.744780951   40.297540045
    0.376991118   -0.942477796   56.050829716   33.774113864   35.372697935
    0.439822972   -0.942477796   57.276351225   14.666264914   25.108541382
    0.502654825   -0.942477796   57.351645324   -2.481981211   19.625913085
    0.565486678   -0.942477796   56.829544041  -13.875699784   18.911631135
    0.628318531   -0.942477796   56.229244746  -24.068041662   14.652151535
    0.691150384   -0.942477796   54.486555935  -29.522665869    9.329187029
    0.753982237   -0.942477796   51.245192321  -37.378714583    7.243178967
    0.816814090   -0.942477796   49.056591927  -30.733353721    3.931856823
    0.879645943   -0.942477796   46.912195743  -25.135635910    1.471030599
    0.942477796   -0.942477796   45.839589687  -23.092310945   -3.973736224
    1.005309649   -0.942477796   44.530676786  -20.637998320   -8.909258845
    1.068141502   -0.942477796   43.636549780  -27.284345806  -19.483105395
    1.130973355   -0.942477796   41.575289909  -32.626902757  -21.129756962
    1.193805208   -0.942477796   39.337569831  -32.857889126  -19.292092199
    1.256637061   -0.942477796   37.818653443  -25.285363924  -14.186538324
    1.319468915   -0.942477796   36.959898675  -14.397037926  -14.098376821
    1.382300768   -0.942477796   36.160861033   -2.278612707  -13.457649334
    1.445132621   -0.942477796   36.265961197    3.834087656  -14.997274317
    1.507964474   -0.942477796   36.145090056    7.249089950  -18.884171798
    1.570796327   -0.942477796   36.935660739    4.283262012  -17.657473055
    1.633628180   -0.942477796   37.634233920    8.575001839   -7.674884550
    1.696460033   -0.942477796   38.646355989    7.346030024   -1.769052711
    1.759291886   -0.942477796   39.319392735   10.856869638    8.927959696
    1.822123739   -0.942477796   40.389465261    8.678471112   13.845633542
    1.884955592   -0.942477796   40.691365475    1.774758107    5.110184939
    1.947787445   -0.942477796   39.646665420  -10.421884466   -7.471416467
    2.010619298   -0.942477796   39.116038461  -18.642897004  -21.746357254
    2.073451151   -0.942477796   38.007669349  -16.896537850  -30.706502791
    2.136283004   -0.942477796   36.954334862   -9.253185238  -31.327669397
    2.199114858   -0.942477796   37.018726775    3.158018667  -31.600921346
    2.261946711   -0.942477796   38.839561848   14.695284709  -39.585742001
    2.324778564   -0.942477796   40.283016724   30.630975815  -44.742995334
    2.387610417   -0.942477796   41.582009121   26.746091142  -41.883883943
    2.450442270   -0.942477796   42.771287243   17.605604946  -33.179738753
    2.513274123   -0.942477796   43.528686873    2.677194276  -22.701599335
    2.576105976   -0.942477796   45.068743709  -25.875335350  -18.680483915
    2.638937829   -0.942477796   41.653912867  -49.405261500  -17.112870172
    2.701769682   -0.942477796   38.887354940  -35.187490074  -21.213749314
    2.764601535   -0.942477796   37.298437848  -12.901443259  -22.506057482
    2.827433388   -0.942477796   35.847119887  -13.475832326  -28.909521063
    2.890265241   -0.942477796   33.543592456  -34.422705440  -24.616617666
    2.953097094   -0.942477796   32.326671898  -29.416362239  -21.724676001
    3.015928947   -0.942477796   32.305552921  -12.299381477   -7.642579780
    3.078760801   -0.942477796   32.953812217  -12.156044785    0.972403165

   -3.141592654   -0.879645943   34.501590306  -11.976002985   -1.101277734
   -3.078760801   -0.879645943   33.542611422  -19.304825864   -6.474743078
   -3.015928947   -0.879645943   31.506294452  -22.049349778  -10.309612165
   -2.953097094   -0.879645943   32.351397395  -19.821752459  -17.226380636
   -2.890265241   -0.879645943   31.331767925  -17.901055157  -23.354209727
   -2.827433388   -0.879645943   32.601097799  -18.945075976  -35.908526572
   -2.764601535   -0.879645943   31.882283634  -27.685148333  -45.354301446
   -2.701769682   -0.879645943   28.958423779  -43.918336131  -46.118492232
   -2.638937829   -0.879645943   25.734450862  -34.179613824  -41.809475484
   -2.576105976   -0.879645943   23.669387633  -26.675356426  -45.656193284
   -2.513274123   -0.879645943   23.706518377  -21.306885082  -55.886206842
   -2.450442270   -0.879645943   23.534827213  -19.588717077  -53.680016202
   -2.387610417   -0.879645943   21.201869870  -20.278060567  -34.225330440
   -2.324778564   -0.879645943   19.662758100  -21.675915880  -27.521652884
   -2.261946711   -0.879645943   17.570387128  -41.984092869  -29.201072334
   -2.199114858   -0.879645943   17.022737614  -28.351036433  -42.924542147
   -2.136283004   -0.879645943   15.690634138   -6.584894794  -46.534530611
   -2.073451151   -0.879645943   17.791814341  -11.486463887  -57.593977874
   -2.010619298   -0.879645943   17.546407599  -20.408880841  -57.852245957
   -1.947787445   -0.879645943   16.552181288  -12.483715225  -51.901324612
   -1.884955592   -0.879645943   16.419483091    4.337811253  -39.863557683
   -1.822123739   -0.879645943   17.490037783   14.545621712  -32.418802145
   -1.759291886   -0.879645943   18.612557638   16.404161525  -28.516723077
   -1.696460033   -0.879645943   19.638782614   -1.624611632  -31.546464732
   -1.633628180   -0.879645943   19.376995486  -11.445498824  -39.249700426
   -1.570796327   -0.879645943   17.836058659  -17.708854699  -44.559438589
   -1.507964474   -0.879645943   16.780339091  -15.892469753  -47.707927978
   -1.445132621   -0.879645943   15.622694905  -19.538541283  -44.792691109
   -1.382300768   -0.879645943   14.764241773  -25.521294947  -35.480822617
   -1.319468915   -0.879645943   10.868031579  -36.161985836  -35.495717328
   -1.256637061   -0.879645943    8.756789856  -25.099568556  -26.062518412
   -1.193805208   -0.879645943    7.082969492  -14.354125056  -16.119729515
   -1.130973355   -0.879645943    8.840761537  -25.039233073  -19.026390723
   -1.068141502   -0.879645943    7.911103150  -31.924848782  -28.293256667
   -1.005309649   -0.879645943    7.036705093  -26.849404662  -23.025006044
   -0.942477796   -0.879645943    5.854828459  -10.783385236  -18.640692638
   -0.879645943   -0.879645943    6.369472641  -16.768420773  -26.714190562
   -0.816814090   -0.879645943    5.850586136   -3.010249652  -31.651515285
   -0.753982237   -0.879645943    6.508856089   13.895543201  -30.949431219
   -0.691150384   -0.879645943    8.714854897   34.606581545  -19.955572256
   -0.628318531   -0.879645943   11.456227337   48.043049737  -12.688755556
   -0.565486678   -0.879645943   14.660866953   49.446348872  -10.802529397
   -0.502654825   -0.879645943   17.451650818   44.027576332  -10.039960926
   -0.439822972   -0.879645943   20.298362058   42.921004648   -5.794888545
   -0.376991118   -0.879645943   22.509676185   43.360712554    2.735530283
   -0.314159265   -0.879645943   25.214911466   49.250392315   12.215130562
   -0.251327412   -0.879645943   28.586457932   57.469668612   24.399796770
   -0.188495559   -0.879645943   32.558924939   60.567694261   35.210476676
   -0.125663706   -0.879645943   36.539002000   60.916150300   41.754600141
   -0.062831853   -0.879645943   41.282708398   45.382563974   36.973232307
    0.000000000   -0.879645943   44.357780108   30.405123499   31.597671624
    0.062831853   -0.879645943   46.408621247   20.356053263   20.602380677
    0.125663706   -0.879645943   47.879559084   28.478361125   21.195146522
    0.188495559   -0.879645943   50.144541895   43.337108980   29.721372361
    0.251327412   -0.879645943   53.066580512   47.813812626   33.928337168
    0.314159265   -0.879645943   55.775969005   36.311035121   24.980966407
    0.376991118   -0.879645943   57.553638682   20.785999486   12.281103986
    0.439822972   -0.879645943   58.279018900    8.629359299   10.487633053
    0.502654825   -0.879645943   58.386463074   -0.716977717   15.941152365
    0.565486678   -0.879645943   57.946874886  -14.048039525   16.093716479
    0.628318531   -0.879645943   56.979382116  -28.898517137    7.557245056
    0.691150384   -0.879645943   54.835756868  -35.854423938    1.045060839
    0.753982237   -0.879645943   51.521443783  -39.263789105    2.866744315
    0.816814090   -0.879645943   49.228817544  -31.936812506    3.155925440
    0.879645943   -0.879645943   46.847382986  -30.104165164   -1.378384889
    0.942477796   -0.879645943   45.203137081  -30.846270340  -11.952128104
    1.005309649   -0.879645943   43.381610657  -29.809715702  -20.063983899
    1.068141502   -0.879645943   41.808874528  -30.104854384  -27.797779211
    1.130973355   -0.879645943   39.729955880  -29.507955318  -24.035483617
    1.193805208   -0.879645943   37.751237134  -26.592470445  -16.663319899
    1.256637061   -0.879645943   36.712351539  -21.913522691   -5.527361606
    1.319468915   -0.879645943   35.843620579  -18.218522869   -4.151876860
    1.382300768   -0.879645943   34.959332360   -9.638255912   -3.903190246
    1.445132621   -0.879645943   34.689957656   -1.739845475   -9.457317973
    1.507964474   -0.879645943   34.033303606    3.908068065  -18.533625871
    1.570796327   -0.879645943   34.646551562    7.217777492  -22.974188511
    1.633628180   -0.879645943   35.917922004   15.844440334  -15.776138779
    1.696460033   -0.879645943   37.238157081   15.525610057  -14.809273348
    1.759291886   -0.879645943   38.447967604   14.452688645  -11.275019565
    1.822123739   -0.879645943   39.732726472    4.391876330  -11.716477087
    1.884955592   -0.879645943   39.608394186   -6.798555472  -18.342322254
    1.947787445   -0.879645943   38.160394625  -17.580580460  -22.244716285
    2.010619298   -0.879645943   37.275103308  -20.008975021  -23.861765286
    2.073451151   -0.879645943   36.133980869  -15.660813562  -20.801972893
    2.136283004   -0.879645943   35.471170890   -5.357696896  -11.188095085
    2.199114858   -0.879645943   35.761098578    1.494917425   -2.927465663
    2.261946711   -0.879645943   37.047727283    5.998995340   -7.854814109
    2.324778564   -0.879645943   37.799377902   18.057550070  -18.832118452
    2.387610417   -0.879645943   38.686470302   17.129699317  -29.948932595
    2.450442270   -0.879645943   39.638031192   17.101760846  -44.086350503
    2.513274123   -0.879645943   40.579360468    8.478307834  -50.385937185
    2.576105976   -0.879645943   42.227675637  -19.214772096  -53.443735400
    2.638937829   -0.879645943   39.331494985  -45.054545992  -40.523107921
    2.701769682   -0.879645943   36.814367267  -31.127992300  -30.193690758
    2.764601535   -0.879645943   35.674614884   -4.067889230  -19.844698079
    2.827433388   -0.879645943   34.575796486   -1.815115119  -10.604413001
    2.890265241   -0.879645943   33.207576946  -21.068726508    5.723266468
    2.953097094   -0.879645943   32.576522432  -17.365853745   12.565920756
    3.015928947   -0.879645943   33.464396617   -2.672116117   17.631664183
    3.078760801   -0.879645943   34.500934843   -2.767987034    8.752420264

   -3.141592654   -0.816814090   36.023694566  -21.776084550   -5.948730397
   -3.078760801   -0.816814090   34.513433717  -29.093695515  -11.850144082
   -3.015928947   -0.816814090   31.989040771  -34.181258960  -10.797892888
   -2.953097094   -0.816814090   31.997056761  -29.968612476  -14.300337316
   -2.890265241   -0.816814090   30.505621179  -33.152150708   -9.499364713
   -2.827433388   -0.816814090   30.699500318  -33.478709917  -20.428523789
   -2.764601535   -0.816814090   29.177425899  -39.960216524  -29.475227136
   -2.701769682   -0.816814090   25.925209321  -48.700442628  -33.563371025
   -2.638937829   -0.816814090   22.655065780  -40.728882878  -33.879774842
   -2.576105976   -0.816814090   20.203211693  -32.655217483  -35.608729447
   -2.513274123   -0.816814090   19.492657946  -17.466076018  -43.951633740
   -2.450442270   -0.816814090   19.415991861   -8.735327338  -43.413141817
   -2.387610417   -0.816814090   18.229247890   -5.733864011  -33.683816925
   -2.324778564   -0.816814090   17.467115511  -11.336508843  -31.680186770
   -2.261946711   -0.816814090   15.992637947  -31.593558809  -32.364881764
   -2.199114858   -0.816814090   15.528432540  -18.115788502  -39.520621798
   -2.136283004   -0.816814090   14.669167245   -2.720799330  -38.818050698
   -2.073451151   -0.816814090   16.513521331   -8.334583851  -43.711980476
   -2.010619298   -0.816814090   16.447135013  -13.232591362  -37.972902641
   -1.947787445   -0.816814090   15.938371997   -0.940577607  -28.649407115
   -1.884955592   -0.816814090   16.587530011   15.903049438  -21.613363863
   -1.822123739   -0.816814090   18.150616564   21.311573008  -24.247385909
   -1.759291886   -0.816814090   19.447421222   14.440623178  -30.971140544
   -1.696460033   -0.816814090   20.097696839  -11.443739874  -40.904585706
   -1.633628180   -0.816814090   19.112149538  -23.283602150  -49.224020861
   -1.570796327   -0.816814090   17.085209558  -24.719883580  -48.590084458
   -1.507964474   -0.816814090   15.816719021  -15.694699878  -44.497281043
   -1.445132621   -0.816814090   14.858214420  -15.192945175  -40.415132279
   -1.382300768   -0.816814090   14.606645917  -19.780387444  -32.706825484
   -1.319468915   -0.816814090   10.952936599  -27.791703268  -30.057190504
   -1.256637061   -0.816814090    9.481724176  -16.048222581  -23.985792117
   -1.193805208   -0.816814090    8.242807565  -13.445534597  -21.438197210
   -1.130973355   -0.816814090    9.651705144  -30.865930109  -29.315901921
   -1.068141502   -0.816814090    8.376283564  -29.654065699  -35.939367037
   -1.005309649   -0.816814090    7.914377866  -22.903435878  -35.424790768
   -0.942477796   -0.816814090    7.033595453  -10.077255863  -35.791922643
   -0.879645943   -0.816814090    7.043981468  -20.554547718  -42.568184756
   -0.816814090   -0.816814090    6.300041536   -5.302489184  -34.535646367
   -0.753982237   -0.816814090    7.068894704   16.585225451  -19.869988769
   -0.691150384   -0.816814090    9.703083753   36.967265397   -3.824340876
   -0.628318531   -0.816814090   12.434577567   45.960969083    2.096313912
   -0.565486678   -0.816814090   15.434289941   45.874273784    4.429181504
   -0.502654825   -0.816814090   18.110950189   44.141564968    8.362072717
   -0.439822972   -0.816814090   21.045924879   46.379262601   12.245290306
   -0.376991118   -0.816814090   23.587466500   50.115499836   18.978373334
   -0.314159265   -0.816814090   26.690362035   58.469846975   26.101252782
   -0.251327412   -0.816814090   30.682049114   67.655218994   36.699856680
   -0.188495559   -0.816814090   35.147941305   65.879513497   42.610511051
   -0.125663706   -0.816814090   39.292054761   56.955871521   42.330933984
   -0.062831853   -0.816814090   43.399407986   36.329028102   28.275695631
    0.000000000   -0.816814090   46.056744730   18.616595000   20.628894510
    0.062831853   -0.816814090   47.502153055   17.665201091   12.498779244
    0.125663706   -0.816814090   49.122679378   34.626096900   15.735745660
    0.188495559   -0.816814090   51.781840176   47.437241549   20.081963753
    0.251327412   -0.816814090   54.632777099   40.749119100   16.095542989
    0.314159265   -0.816814090   56.740279188   26.696395286    9.945063466
    0.376991118   -0.816814090   58.145238901   19.585987839   11.320312767
    0.439822972   -0.816814090   59.088860263   12.242792583   16.169980243
    0.502654825   -0.816814090   59.390650234   -1.974642876   13.445524699
    0.565486678   -0.816814090   58.645631282  -21.494283835    2.515687477
    0.628318531   -0.816814090   57.087905507  -33.638572725   -6.870949959
    0.691150384   -0.816814090   54.827251731  -33.757052224   -6.417561105
    0.753982237   -0.816814090   51.939146077  -33.289369249   -0.112640313
    0.816814090   -0.816814090   49.856599915  -30.126784733   -2.419741866
    0.879645943   -0.816814090   47.329058254  -34.595119678  -13.189137571
    0.942477796   -0.816814090   45.235076812  -35.552451053  -28.301905353
    1.005309649   -0.816814090   43.304834060  -31.406745515  -36.250483187
    1.068141502   -0.816814090   41.690915429  -24.560836293  -41.310937341
    1.130973355   -0.816814090   40.069442728  -21.046754772  -37.485283218
    1.193805208   -0.816814090   38.414852063  -21.150201385  -34.303378715
    1.256637061   -0.816814090   37.627648502  -25.423373648  -29.308508377
    1.319468915   -0.816814090   36.157237358  -31.369200077  -34.854980022
    1.382300768   -0.816814090   34.726476474  -24.645311901  -34.325283220
    1.445132621   -0.816814090   33.709337299  -10.336629911  -35.800143456
    1.507964474   -0.816814090   32.412454036    0.869331383  -35.231435001
    1.570796327   -0.816814090   32.801080408   11.169760494  -34.000605943
    1.633628180   -0.816814090   34.700452491   21.164305306  -24.801910442
    1.696460033   -0.816814090   36.242837057   18.459530738  -25.223322380
    1.759291886   -0.816814090   37.713802029   12.376766752  -25.601320889
    1.822123739   -0.816814090   39.049865653   -0.688773755  -28.207115289
    1.884955592   -0.816814090   38.680263915  -11.907513049  -31.699161596
    1.947787445   -0.816814090   37.110352674  -18.889155666  -33.423151113
    2.010619298   -0.816814090   36.205431552  -15.762993276  -32.019147343
    2.073451151   -0.816814090   35.289072365   -9.670027137  -26.888643754
    2.136283004   -0.816814090   35.318636686    3.320930372  -12.003337996
    2.199114858   -0.816814090   36.259317412    6.684484964    1.181829151
    2.261946711   -0.816814090   37.480444860    5.017978558    4.661736187
    2.324778564   -0.816814090   37.831502862    4.523045490    4.266290294
    2.387610417   -0.816814090   38.097293386   -4.738191714   -1.573838017
    2.450442270   -0.816814090   37.873363681   -0.141693835  -21.037340828
    2.513274123   -0.816814090   38.045557361    2.609930456  -37.081491587
    2.576105976   -0.816814090   39.205606886  -10.277456180  -47.811440910
    2.638937829   -0.816814090   37.218684034  -30.750869902  -32.934909397
    2.701769682   -0.816814090   35.609898607  -18.821397698  -14.105527313
    2.764601535   -0.816814090   35.247412686    6.445742014    0.499562952
    2.827433388   -0.816814090   34.808636981   11.256446157    9.701796227
    2.890265241   -0.816814090   34.538935541   -2.960719933   19.104113255
    2.953097094   -0.816814090   34.637027443   -5.476520596   22.825343489
    3.015928947   -0.816814090   36.081752924   -1.130983556   22.593252868
    3.078760801   -0.816814090   36.682399472   -9.611608279    8.220106546

   -3.141592654   -0.753982237   33.898146434  -38.815065970  -18.019560172
   -3.078760801   -0.753982237   31.741800591  -39.254620890  -18.229310435
   -3.015928947   -0.753982237   29.205125054  -34.422475262  -15.234766892
   -2.953097094   -0.753982237   29.124377622  -18.232915058  -18.779032810
   -2.890265241   -0.753982237   28.502661394  -26.765166528   -9.044300634
   -2.827433388   -0.753982237   28.561260095  -32.943403584  -18.066700889
   -2.764601535   -0.753982237   27.027888261  -42.905270992  -25.935157637
   -2.701769682   -0.753982237   23.954865549  -45.837306539  -29.848395262
   -2.638937829   -0.753982237   21.119608425  -36.586977954  -27.194547472
   -2.576105976   -0.753982237   19.143748518  -28.039000784  -18.826376518
   -2.513274123   -0.753982237   18.406212050   -9.105288111  -17.753019210
   -2.450442270   -0.753982237   18.476666674   -4.477737268  -17.516147456
   -2.387610417   -0.753982237   17.605607362   -6.779763488  -18.088971733
   -2.324778564   -0.753982237   16.645367381  -16.660970200  -24.811614091
   -2.261946711   -0.753982237   14.798715387  -36.141188496  -30.829935180
   -2.199114858   -0.753982237   13.610242530  -22.190679395  -38.946382097
   -2.136283004   -0.753982237   12.517349840   -6.911961525  -38.579129994
   -2.073451151   -0.753982237   13.931076554   -3.982668668  -39.644903473
   -2.010619298   -0.753982237   14.268417236   -1.209075372  -29.437730041
   -1.947787445   -0.753982237   14.497684052   11.535555112  -17.001153964
   -1.884955592   -0.753982237   15.768338431   21.937883974  -10.849312150
   -1.822123739   -0.753982237   17.410377579   21.169478008  -13.597459504
   -1.759291886   -0.753982237   18.634838798   11.680493230  -17.376357386
   -1.696460033   -0.753982237   19.006737048  -14.882065062  -22.442752591
   -1.633628180   -0.753982237   17.813328952  -24.221930953  -23.684199476
   -1.570796327   -0.753982237   15.966249417  -23.787183406  -19.674955266
   -1.507964474   -0.753982237   14.597155228  -20.308518486  -25.435408191
   -1.445132621   -0.753982237   13.232931012  -22.220865286  -35.443659306
   -1.382300768   -0.753982237   13.024809491  -21.498848116  -33.337951900
   -1.319468915   -0.753982237    9.515176964  -24.458413970  -25.876152266
   -1.256637061   -0.753982237    8.315277373  -12.465956435  -21.456543738
   -1.193805208   -0.753982237    7.225938852  -15.007046616  -21.356984743
   -1.130973355   -0.753982237    8.229314277  -33.428103068  -31.201254732
   -1.068141502   -0.753982237    6.691680363  -30.893149510  -38.366338784
   -1.005309649   -0.753982237    6.298801490  -24.519895770  -39.411149718
   -0.942477796   -0.753982237    5.561022775   -9.076420449  -35.354218203
   -0.879645943   -0.753982237    5.427271456  -11.663711143  -32.631860376
   -0.816814090   -0.753982237    5.417615922    8.489723009  -17.532490550
   -0.753982237   -0.753982237    7.132355524   29.157889958   -2.251922455
   -0.691150384   -0.753982237   10.580367547   42.536175332    9.483565028
   -0.628318531   -0.753982237   13.473442784   46.979023451   12.074386810
   -0.565486678   -0.753982237   16.532475858   46.853049200   14.340664724
   -0.502654825   -0.753982237   19.313034375   45.259559165   15.775922911
   -0.439822972   -0.753982237   22.279215942   48.741915282   14.889089981
   -0.376991118   -0.753982237   25.258479388   59.450312383   20.893914937
   -0.314159265   -0.753982237   28.920479951   70.080991258   26.461830590
   -0.251327412   -0.753982237   33.617554360   76.205941050   31.429421344
   -0.188495559   -0.753982237   38.325741341   65.676321552   29.500942313
   -0.125663706   -0.753982237   42.188276111   44.272299580   21.364417727
   -0.062831853   -0.753982237   45.087030073   21.299002953    2.697033200
    0.000000000   -0.753982237   47.077920176    6.278884512   -2.953965149
    0.062831853   -0.753982237   48.043980244   18.272252527   -1.829590111
    0.125663706   -0.753982237   49.930310351   40.744623647    8.618098510
    0.188495559   -0.753982237   52.818619981   47.681551880   15.160209290
    0.251327412   -0.753982237   55.542825916   37.828154409   17.143094304
    0.314159265   -0.753982237   57.593246994   28.657443534   19.620487695
    0.376991118   -0.753982237   59.197510402   22.008894297   20.269520365
    0.439822972   -0.753982237   60.088608450    6.208370801   12.423516453
    0.502654825   -0.753982237   59.804976825  -14.664010177   -1.269848787
    0.565486678   -0.753982237   58.359403394  -29.401241286   -9.625617976
    0.628318531   -0.753982237   56.546107869  -31.049382787   -8.126139404
    0.691150384   -0.753982237   54.580577626  -27.163375423   -0.695398927
    0.753982237   -0.753982237   52.107430963  -30.892996013    4.586797591
    0.816814090   -0.753982237   49.763421199  -37.529299143   -2.808858178
    0.879645943   -0.753982237   46.523793815  -47.246750618  -15.709283592
    0.942477796   -0.753982237   43.602965328  -45.254070059  -27.917089499
    1.005309649   -0.753982237   41.415928731  -35.447710043  -29.814356873
    1.068141502   -0.753982237   39.670140306  -22.304001414  -31.496145466
    1.130973355   -0.753982237   38.288032688  -16.493965376  -29.907123706
    1.193805208   -0.753982237   36.573531879  -21.168747731  -35.812594257
    1.256637061   -0.753982237   35.729258158  -32.122899797  -41.057234030
    1.319468915   -0.753982237   33.578877947  -40.398846874  -52.475189944
    1.382300768   -0.753982237   32.250458881  -27.511522452  -44.919661206
    1.445132621   -0.753982237   31.335758966   -3.973531498  -37.219980210
    1.507964474   -0.753982237   30.221474346    6.690176641  -29.643763993
    1.570796327   -0.753982237   30.493333668   11.877418025  -31.424762147
    1.633628180   -0.753982237   32.661962982   17.361469578  -28.623478589
    1.696460033   -0.753982237   33.951532385   13.532769222  -32.903760429
    1.759291886   -0.753982237   35.565392976   10.695620441  -28.145236360
    1.822123739   -0.753982237   37.115930613   -0.608342463  -21.093105029
    1.884955592   -0.753982237   36.928595723  -14.125880667  -15.504387157
    1.947787445   -0.753982237   35.215990662  -20.388740309  -22.114545511
    2.010619298   -0.753982237   34.277149594  -12.197754422  -27.676032185
    2.073451151   -0.753982237   33.573321944   -1.695230116  -27.872331140
    2.136283004   -0.753982237   34.484616161   13.884133424  -17.118096487
    2.199114858   -0.753982237   36.255199422   15.488266465   -6.971839425
    2.261946711   -0.753982237   37.788682167   13.054140678   -3.234362610
    2.324778564   -0.753982237   38.466064687    4.188020246    5.742135483
    2.387610417   -0.753982237   38.908194039  -15.309071613   15.798787340
    2.450442270   -0.753982237   37.899278040  -15.629710318   10.296059678
    2.513274123   -0.753982237   37.166501748   -7.243853350   -4.150684769
    2.576105976   -0.753982237   37.588801482   -4.712138830  -23.540250125
    2.638937829   -0.753982237   36.346448461  -15.153311229  -25.444887470
    2.701769682   -0.753982237   35.905840643   -2.285751152  -18.658991073
    2.764601535   -0.753982237   36.570029503   16.626182581   -8.407584474
    2.827433388   -0.753982237   36.703366989   15.054998408    1.925627894
    2.890265241   -0.753982237   36.513037064   -3.415966102    5.590851287
    2.953097094   -0.753982237   36.159842363  -14.372376596    4.594192056
    3.015928947   -0.753982237   36.793194153  -18.313223365   -0.134275098
    3.078760801   -0.753982237   35.948803356  -33.516798600   -8.577350928

   -3.141592654   -0.691150384   33.473738788  -34.658106369  -38.668859050
   -3.078760801   -0.691150384   31.897919758  -39.090993198  -24.950387418
   -3.015928947   -0.691150384   29.699725486  -31.976501177  -12.285529215
   -2.953097094   -0.691150384   29.354138839  -11.479598088   -6.048350407
   -2.890265241   -0.691150384   29.081692168  -28.192547726    6.750354992
   -2.827433388   -0.691150384   28.331596689  -42.236130893   -0.575981311
   -2.764601535   -0.691150384   26.110311417  -54.475359730   -7.611506603
   -2.701769682   -0.691150384   22.768029127  -47.487337675   -9.108118376
   -2.638937829   -0.691150384   20.270213755  -28.617254030   -0.282339387
   -2.576105976   -0.691150384   19.199048715  -17.660879947   17.666310927
   -2.513274123   -0.691150384   18.840568883    0.400645558   24.999923960
   -2.450442270   -0.691150384   19.058799839   -3.020967543   25.374638604
   -2.387610417   -0.691150384   18.188943794  -11.355744765   21.736213371
   -2.324778564   -0.691150384   16.909138567  -22.545259238   12.903104892
   -2.261946711   -0.691150384   14.816780092  -38.089348919    3.785878071
   -2.199114858   -0.691150384   13.294138385  -20.878226070   -8.579388035
   -2.136283004   -0.691150384   12.457711223   -0.104338396  -13.530699439
   -2.073451151   -0.691150384   14.191037932   11.706461610  -18.936354190
   -2.010619298   -0.691150384   15.530850230   18.150145569  -13.996171833
   -1.947787445   -0.691150384   16.701431790   22.328181902   -9.701698010
   -1.884955592   -0.691150384   18.293263836   21.192518199  -11.920838216
   -1.822123739   -0.691150384   19.607515561   14.599391404  -19.607748101
   -1.759291886   -0.691150384   20.433981402    5.258160807  -23.162087115
   -1.696460033   -0.691150384   20.329492580  -17.639247168  -23.345177338
   -1.633628180   -0.691150384   18.940908977  -26.016482279  -17.784236357
   -1.570796327   -0.691150384   16.868491990  -34.472969714  -15.878518201
   -1.507964474   -0.691150384   14.518622934  -39.055146335  -26.446050751
   -1.445132621   -0.691150384   12.187135074  -32.045686497  -31.829613371
   -1.382300768   -0.691150384   12.038267877  -20.967103821  -22.606612781
   -1.319468915   -0.691150384    8.946763458  -23.726137192  -12.364494305
   -1.256637061   -0.691150384    7.694862213  -16.059745554  -16.205456896
   -1.193805208   -0.691150384    6.298293729  -22.775650118  -26.075968721
   -1.130973355   -0.691150384    6.412436870  -41.537016970  -44.778556181
   -1.068141502   -0.691150384    4.429718781  -33.649143347  -50.368980689
   -1.005309649   -0.691150384    4.179547657  -20.450742321  -43.131758557
   -0.942477796   -0.691150384    4.142311180    2.627585967  -25.895529087
   -0.879645943   -0.691150384    4.512353702    5.867029912  -14.799856753
   -0.816814090   -0.691150384    5.615653222   25.806564646    1.141148832
   -0.753982237   -0.691150384    8.278017092   39.696233877   10.370856733
   -0.691150384   -0.691150384   12.393765518   47.221088833   13.862610099
   -0.628318531   -0.691150384   15.535425892   50.892526002   11.739690036
   -0.565486678   -0.691150384   18.764215922   48.475693248    7.816286216
   -0.502654825   -0.691150384   21.613962533   44.980546655    5.055965162
   -0.439822972   -0.691150384   24.614608511   51.478219346    6.698125830
   -0.376991118   -0.691150384   27.979551451   64.723793460   14.374090083
   -0.314159265   -0.691150384   31.796456998   72.081511188   18.704068515
   -0.251327412   -0.691150384   36.413127088   71.469189527   19.398861422
   -0.188495559   -0.691150384   40.539090338   53.098345217   12.480376895
   -0.125663706   -0.691150384   43.470034592   25.265753809    1.078092724
   -0.062831853   -0.691150384   45.071941061   10.186627696  -11.485219225
    0.000000000   -0.691150384   46.888079418    7.592068401   -4.835519767
    0.062831853   -0.691150384   48.225474197   30.448030205    8.772743087
    0.125663706   -0.691150384   50.879317817   50.859383598   22.917997739
    0.188495559   -0.691150384   54.161466431   50.345224978   27.830136944
    0.251327412   -0.691150384   56.985752808   37.802528014   26.988087785
    0.314159265   -0.691150384   58.998648254   26.502146106   21.536944708
    0.376991118   -0.691150384   60.260532207   12.526900275   11.003628686
    0.439822972   -0.691150384   60.394079954   -8.100779469   -2.456097292
    0.502654825   -0.691150384   59.369861421  -23.088535582  -10.388964050
    0.565486678   -0.691150384   57.736808443  -26.617361397   -8.064087147
    0.628318531   -0.691150384   56.293637200  -21.584023779    0.823796494
    0.691150384   -0.691150384   54.818009643  -21.135923139    8.187570533
    0.753982237   -0.691150384   52.565394496  -32.983397374    9.864641429
    0.816814090   -0.691150384   49.619279566  -48.290932437   -0.328634231
    0.879645943   -0.691150384   45.609364406  -59.149417544  -10.026825715
    0.942477796   -0.691150384   42.000880716  -52.918800133  -16.889114392
    1.005309649   -0.691150384   39.725687444  -40.307038111  -14.469241932
    1.068141502   -0.691150384   37.682807926  -26.004449448  -17.664667322
    1.130973355   -0.691150384   36.087285686  -21.132183366  -20.812394077
    1.193805208   -0.691150384   33.617182028  -30.136079049  -31.984024977
    1.256637061   -0.691150384   32.290242852  -40.231987158  -34.944103719
    1.319468915   -0.691150384   29.660565318  -40.156180327  -33.497876556
    1.382300768   -0.691150384   29.268771288  -18.487512781  -11.279807912
    1.445132621   -0.691150384   28.941049619    6.489938626   -4.413512944
    1.507964474   -0.691150384   28.158413139    9.483686982   -7.156551987
    1.570796327   -0.691150384   27.938439563    4.723347328  -24.280830628
    1.633628180   -0.691150384   29.974335574    7.725592660  -31.441007636
    1.696460033   -0.691150384   30.894495104   10.439717889  -36.017485076
    1.759291886   -0.691150384   32.946352658   16.454396459  -24.824263424
    1.822123739   -0.691150384   35.029621485    4.514829630  -13.438707654
    1.884955592   -0.691150384   35.331654946  -18.602742132   -3.019224535
    1.947787445   -0.691150384   33.129607779  -26.058360036  -13.215691249
    2.010619298   -0.691150384   31.950429157  -11.322106658  -19.754604487
    2.073451151   -0.691150384   31.461502777    5.523167253  -19.745326166
    2.136283004   -0.691150384   33.259616653   21.657248842  -10.179958031
    2.199114858   -0.691150384   35.692414677   21.393220599   -6.332748688
    2.261946711   -0.691150384   37.453607944   21.244646950   -9.053714940
    2.324778564   -0.691150384   38.708643500   12.802513466   -6.078485927
    2.387610417   -0.691150384   39.914865770   -9.029491378    1.977375430
    2.450442270   -0.691150384   39.018999472  -20.272523090    6.715569409
    2.513274123   -0.691150384   37.622816694  -20.521086614   -0.282244726
    2.576105976   -0.691150384   36.843125954  -16.716775845  -14.826379434
    2.638937829   -0.691150384   34.885642955  -23.538668834  -27.620750894
    2.701769682   -0.691150384   34.220931264   -7.800959394  -32.800469046
    2.764601535   -0.691150384   34.873338786   15.659298235  -36.131432404
    2.827433388   -0.691150384   35.417127063   19.589612869  -29.221091896
    2.890265241   -0.691150384   35.456215670    1.695730645  -26.641843525
    2.953097094   -0.691150384   35.264250081  -12.345685751  -28.004796827
    3.015928947   -0.691150384   35.941894968  -14.936785965  -36.951839416
    3.078760801   -0.691150384   35.352191031  -31.909586985  -39.071844217

   -3.141592654   -0.628318531   30.848612183  -32.066334813  -44.100783456
   -3.078760801   -0.628318531   30.152970342  -33.007907697  -33.822254297
   -3.015928947   -0.628318531   28.677574551  -18.363157452  -29.818693792
   -2.953097094   -0.628318531   28.744070046    1.497544441  -27.806197182
   -2.890265241   -0.628318531   29.034746502  -24.838650738  -22.593687142
   -2.827433388   -0.628318531   27.732912144  -47.241446299  -26.799442843
   -2.764601535   -0.628318531   25.043448266  -60.091783507  -26.615234574
   -2.701769682   -0.628318531   21.726776514  -44.497238685  -19.529685476
   -2.638937829   -0.628318531   19.802420806  -17.398561971   -9.681204956
   -2.576105976   -0.628318531   19.726796988   -9.558193848    2.114745741
   -2.513274123   -0.628318531   19.545818791    2.101025929    0.272274011
   -2.450442270   -0.628318531   19.494015169   -6.667451158   -4.842491310
   -2.387610417   -0.628318531   18.407913496  -16.759483246   -4.930461263
   -2.324778564   -0.628318531   16.857613053  -26.963578974   -2.880775028
   -2.261946711   -0.628318531   14.666372148  -39.950509829    3.726385592
   -2.199114858   -0.628318531   12.808015649  -23.916286880    7.103433501
   -2.136283004   -0.628318531   11.855092272   -2.807402292   11.902799524
   -2.073451151   -0.628318531   13.186511977   12.698876455   10.105537796
   -2.010619298   -0.628318531   14.500092562   19.164924125    9.732665382
   -1.947787445   -0.628318531   15.532294903   17.694211559    5.614855257
   -1.884955592   -0.628318531   16.733556993   12.605934281   -3.728080141
   -1.822123739   -0.628318531   17.576041625    9.920000057  -16.148182805
   -1.759291886   -0.628318531   18.429139861   10.420229816  -21.731730604
   -1.696460033   -0.628318531   18.722374590   -3.751098370  -22.131231473
   -1.633628180   -0.628318531   17.934935316  -18.597339851  -21.724720188
   -1.570796327   -0.628318531   16.040028989  -38.644976603  -25.338266744
   -1.507964474   -0.628318531   13.339037650  -42.525886629  -28.996051892
   -1.445132621   -0.628318531   11.100227746  -25.805826424  -23.732611891
   -1.382300768   -0.628318531   11.595132845  -16.357640129  -16.427335237
   -1.319468915   -0.628318531    9.004320511  -28.770016792  -14.178263972
   -1.256637061   -0.628318531    7.135691970  -29.519745692  -31.570523148
   -1.193805208   -0.628318531    4.917762525  -36.643061110  -48.191905275
   -1.130973355   -0.628318531    3.933489080  -45.426853571  -61.902793815
   -1.068141502   -0.628318531    2.037647145  -25.244847136  -50.762287709
   -1.005309649   -0.628318531    2.736253870   -4.213255054  -26.205759549
   -0.942477796   -0.628318531    4.085468880   20.703667371    0.876818864
   -0.879645943   -0.628318531    5.155016946   21.971768130   12.908145825
   -0.816814090   -0.628318531    6.995628020   33.239375587   21.430491183
   -0.753982237   -0.628318531    9.869838795   38.993608901   21.974287218
   -0.691150384   -0.628318531   13.929008668   43.200131582   19.835053996
   -0.628318531   -0.628318531   16.785878840   45.910743214   14.842359559
   -0.565486678   -0.628318531   19.687688639   44.415475759   10.914855230
   -0.502654825   -0.628318531   22.490466836   46.544715487   13.736162484
   -0.439822972   -0.628318531   25.701608228   55.945004046   19.388504047
   -0.376991118   -0.628318531   29.477969574   69.204874783   24.538057345
   -0.314159265   -0.628318531   33.408333719   72.444021128   24.507320478
   -0.251327412   -0.628318531   37.861136259   65.711867395   20.350666288
   -0.188495559   -0.628318531   41.376326561   41.760543925   10.536319204
   -0.125663706   -0.628318531   43.660852534   16.622170932    4.455776669
   -0.062831853   -0.628318531   44.890991431   15.670421342    6.984859516
    0.000000000   -0.628318531   47.378869999   21.574843267   19.981269622
    0.062831853   -0.628318531   49.576833530   44.246221607   31.138838820
    0.125663706   -0.628318531   52.809427423   55.039171747   34.744069501
    0.188495559   -0.628318531   56.065262878   46.159521909   28.892937515
    0.251327412   -0.628318531   58.537224911   30.182033895   20.125033803
    0.314159265   -0.628318531   60.008555758   16.431680245   10.130188423
    0.376991118   -0.628318531   60.547345342    0.118080769   -0.742393960
    0.439822972   -0.628318531   60.006483292  -15.858491572   -8.255589587
    0.502654825   -0.628318531   58.777262353  -21.343998898   -7.405135173
    0.565486678   -0.628318531   57.533289482  -17.046068582    1.198839269
    0.628318531   -0.628318531   56.703144201  -11.701251364   10.672747991
    0.691150384   -0.628318531   55.589481265  -18.410673342   13.987072883
    0.753982237   -0.628318531   53.349125676  -37.037827303   12.182650507
    0.816814090   -0.628318531   49.791743914  -56.069227888    1.262994619
    0.879645943   -0.628318531   45.354047860  -64.074135811   -6.324335582
    0.942477796   -0.628318531   41.542666647  -53.147931276  -12.001210974
    1.005309649   -0.628318531   39.736413459  -38.090065180   -9.818195365
    1.068141502   -0.628318531   37.871124720  -22.202630918  -16.472712128
    1.130973355   -0.628318531   36.623915694  -14.492614528  -22.701043190
    1.193805208   -0.628318531   34.259671327  -21.814769208  -31.410899187
    1.256637061   -0.628318531   33.737356308  -24.200502424  -25.990226149
    1.319468915   -0.628318531   32.037838072  -21.325317561  -16.069576624
    1.382300768   -0.628318531   33.147718131  -12.618251218    0.010072062
    1.445132621   -0.628318531   32.521743333   -6.612442333  -12.153780930
    1.507964474   -0.628318531   30.559867027  -14.295371623  -28.146459946
    1.570796327   -0.628318531   28.461501159  -20.537983615  -43.096152729
    1.633628180   -0.628318531   29.655484612   -6.679594522  -35.275277553
    1.696460033   -0.628318531   30.070532573    9.213439115  -27.437055182
    1.759291886   -0.628318531   32.578592193   23.705289482  -15.194507941
    1.822123739   -0.628318531   35.050805581    8.865191619  -10.985542149
    1.884955592   -0.628318531   35.950764735  -24.190886855    0.392504007
    1.947787445   -0.628318531   33.108227082  -32.939677304   -6.367645287
    2.010619298   -0.628318531   31.558698780  -15.394484456   -7.476182350
    2.073451151   -0.628318531   31.006089159    4.115882868   -4.591930291
    2.136283004   -0.628318531   33.051629187   14.650375823    2.074511485
    2.199114858   -0.628318531   35.106789620    9.566813764   -3.429688656
    2.261946711   -0.628318531   35.969144627   10.401387583  -17.908523591
    2.324778564   -0.628318531   36.713951107    8.597444534  -29.424841287
    2.387610417   -0.628318531   37.981763743   -0.837851749  -35.465060593
    2.450442270   -0.628318531   37.705234471  -10.082666914  -29.654138045
    2.513274123   -0.628318531   36.726379959  -14.032116468  -23.508059953
    2.576105976   -0.628318531   36.160183504  -12.695378852  -17.209944795
    2.638937829   -0.628318531   34.197079299  -21.446356984  -17.675850823
    2.701769682   -0.628318531   33.786943050  -12.087105497  -13.735178313
    2.764601535   -0.628318531   34.260561041    8.818742761  -20.135291015
    2.827433388   -0.628318531   34.964493561   18.330558972  -21.092401171
    2.890265241   -0.628318531   34.766826897   -2.613070789  -25.005964439
    2.953097094   -0.628318531   34.126215978  -25.567327045  -27.654074843
    3.015928947   -0.628318531   33.775744402  -27.714881829  -40.063801876
    3.078760801   -0.628318531   32.828661330  -39.176374326  -42.315129039

   -3.141592654   -0.565486678   30.217906020  -29.300967329  -21.543225837
   -3.078760801   -0.565486678   30.408557924  -26.504145528  -17.954020980
   -3.015928947   -0.565486678   29.454575252   -6.207950241  -24.243818453
   -2.953097094   -0.565486678   29.955247503   10.063167631  -34.392040995
   -2.890265241   -0.565486678   30.671183065  -18.901678619  -44.499629581
   -2.827433388   -0.565486678   29.242167354  -44.623731643  -53.268099038
   -2.764601535   -0.565486678   26.375007591  -62.608808822  -50.136864535
   -2.701769682   -0.565486678   22.779813918  -53.086477596  -38.443262796
   -2.638937829   -0.565486678   20.344047371  -26.964007845  -29.213352720
   -2.576105976   -0.565486678   19.953931837  -19.699733903  -24.096480011
   -2.513274123   -0.565486678   19.251568017   -1.854375743  -28.670948163
   -2.450442270   -0.565486678   19.085021368   -2.388024046  -32.857773002
   -2.387610417   -0.565486678   18.473553809   -8.248517133  -30.356927296
   -2.324778564   -0.565486678   17.563780139  -16.598117257  -24.401943208
   -2.261946711   -0.565486678   16.218337539  -29.112916914  -12.305514580
   -2.199114858   -0.565486678   14.875420375  -15.921177542   -3.430879322
   -2.136283004   -0.565486678   14.336318800    0.977837096    4.242007834
   -2.073451151   -0.565486678   15.422937001   11.582292510    0.627852716
   -2.010619298   -0.565486678   16.366032832   12.822331330   -4.635514441
   -1.947787445   -0.565486678   16.776643957    5.350406340  -11.255250626
   -1.884955592   -0.565486678   17.199605638   -2.412823685  -16.482783753
   -1.822123739   -0.565486678   17.202422265   -0.409787789  -20.272398864
   -1.759291886   -0.565486678   17.669346300    8.812811301  -19.349223893
   -1.696460033   -0.565486678   17.800486401   -2.080724417  -20.723400394
   -1.633628180   -0.565486678   16.808138185  -23.659858348  -27.682563211
   -1.570796327   -0.565486678   14.629712637  -43.312280466  -35.314346985
   -1.507964474   -0.565486678   11.872155857  -38.786836710  -37.567113528
   -1.445132621   -0.565486678   10.022996969  -19.871320953  -34.983775314
   -1.382300768   -0.565486678   10.638118232  -20.089033982  -38.902421685
   -1.319468915   -0.565486678    7.912560246  -44.717479408  -42.448557971
   -1.256637061   -0.565486678    4.968567194  -46.103629559  -53.415208757
   -1.193805208   -0.565486678    2.088199243  -41.075709076  -52.723869243
   -1.130973355   -0.565486678    0.892949344  -31.011689898  -44.102300423
   -1.068141502   -0.565486678    0.314389174    0.513752404  -16.172601127
   -1.005309649   -0.565486678    2.666141933   17.712961602    6.861617416
   -0.942477796   -0.565486678    5.357951327   32.490189569   20.160176353
   -0.879645943   -0.565486678    6.669296880   26.413298177   16.606058632
   -0.816814090   -0.565486678    8.532848904   30.864509253   12.214237428
   -0.753982237   -0.565486678   11.122074791   34.171501469    6.157692642
   -0.691150384   -0.565486678   14.911095491   38.787634563    1.238140179
   -0.628318531   -0.565486678   17.565096100   44.548638222   -0.629466258
   -0.565486678   -0.565486678   20.604032923   51.025694931    5.634476673
   -0.502654825   -0.565486678   23.997211180   55.735250111   14.901926002
   -0.439822972   -0.565486678   27.648535712   60.414961572   18.548072017
   -0.376991118   -0.565486678   31.668054060   70.142550655   20.971956346
   -0.314159265   -0.565486678   35.537640252   68.847743203   22.444439165
   -0.251327412   -0.565486678   39.576487653   56.659935074   19.731196222
   -0.188495559   -0.565486678   42.534932907   36.056873912   18.417571042
   -0.125663706   -0.565486678   44.676163746   20.123772729   23.086566884
   -0.062831853   -0.565486678   46.232675960   25.893405756   29.977343511
    0.000000000   -0.565486678   49.212162086   29.998523633   32.351140468
    0.062831853   -0.565486678   51.709170884   46.575335824   31.828150481
    0.125663706   -0.565486678   54.809920937   48.941809512   26.371820742
    0.188495559   -0.565486678   57.536248918   36.768829121   18.103433790
    0.251327412   -0.565486678   59.497723576   21.229198792   11.564805834
    0.314159265   -0.565486678   60.403247973    7.217562270    4.054025020
    0.376991118   -0.565486678   60.390729840   -7.422145465   -2.511925361
    0.439822972   -0.565486678   59.597227403  -15.995680639   -3.663776769
    0.502654825   -0.565486678   58.621897285  -13.684311082    2.915376044
    0.565486678   -0.565486678   57.980023719   -6.978009527   12.225476342
    0.628318531   -0.565486678   57.637377547   -6.400712789   17.095800783
    0.691150384   -0.565486678   56.579092625  -20.600939705   14.548912608
    0.753982237   -0.565486678   54.135354604  -43.050236800    8.589595288
    0.816814090   -0.565486678   49.880059963  -63.651844212   -3.402722970
    0.879645943   -0.565486678   45.078168409  -67.970174005   -8.349716781
    0.942477796   -0.565486678   41.066474515  -54.204192797  -10.649329514
    1.005309649   -0.565486678   39.634758768  -40.091774474   -4.698637259
    1.068141502   -0.565486678   37.617751006  -24.254461324   -8.110243092
    1.130973355   -0.565486678   36.358542713  -12.949100169  -11.422426448
    1.193805208   -0.565486678   34.057662723  -12.158415918  -14.747260410
    1.256637061   -0.565486678   34.414721840   -4.858768993  -13.388652911
    1.319468915   -0.565486678   33.708212440   -5.596897584  -17.005493237
    1.382300768   -0.565486678   35.758893523  -16.118834204  -23.228773097
    1.445132621   -0.565486678   34.334509600  -23.569144296  -43.573471425
    1.507964474   -0.565486678   31.754776489  -21.123796104  -48.648880531
    1.570796327   -0.565486678   29.542366144  -13.414644715  -43.695997111
    1.633628180   -0.565486678   31.811842295    4.856839507  -27.500110540
    1.696460033   -0.565486678   32.381650685    7.323668822  -26.261383341
    1.759291886   -0.565486678   34.230563071    6.131352585  -29.878636897
    1.822123739   -0.565486678   35.255066975  -10.917825202  -34.344549407
    1.884955592   -0.565486678   35.814374374  -37.007998542  -19.355025391
    1.947787445   -0.565486678   32.258572446  -34.831776272  -15.630257088
    2.010619298   -0.565486678   30.762848995  -13.135817866   -8.072745300
    2.073451151   -0.565486678   30.592405872    6.839646744    0.775973354
    2.136283004   -0.565486678   33.137228143    8.942703958    9.308409271
    2.199114858   -0.565486678   34.806714516   -1.630994212    2.842897610
    2.261946711   -0.565486678   34.756262298   -2.633168769  -12.976231417
    2.324778564   -0.565486678   34.730702384   -1.281476815  -30.438465921
    2.387610417   -0.565486678   35.544404903    3.966189437  -47.974128480
    2.450442270   -0.565486678   35.768456578    3.163922495  -52.669830495
    2.513274123   -0.565486678   35.571660709    1.123328684  -50.792822977
    2.576105976   -0.565486678   36.048089897    1.114693561  -39.016855388
    2.638937829   -0.565486678   34.557766764  -10.884659105  -32.155071269
    2.701769682   -0.565486678   34.892965083  -11.293216617  -15.627905236
    2.764601535   -0.565486678   35.257448581    1.853220020   -9.648756157
    2.827433388   -0.565486678   35.879954444   12.108538618   -4.218928961
    2.890265241   -0.565486678   35.269820878   -9.575185028   -4.836742579
    2.953097094   -0.565486678   34.289793951  -36.917643449   -5.971909760
    3.015928947   -0.565486678   33.099462992  -37.213705477  -16.582912967
    3.078760801   -0.565486678   32.066054860  -42.768524911  -19.394450606

   -3.141592654   -0.502654825   30.135056282  -37.094130045   -0.521147314
   -3.078760801   -0.502654825   30.329796682  -31.867813895    0.409609731
   -3.015928947   -0.502654825   28.888979174  -12.811363908   -4.249314245
   -2.953097094   -0.502654825   28.693544493   -3.491482325  -13.612284047
   -2.890265241   -0.502654825   28.668442968  -27.196259739  -26.271932996
   -2.827433388   -0.502654825   26.760181528  -41.501966135  -34.657131528
   -2.764601535   -0.502654825   24.176441213  -51.326235940  -31.808046704
   -2.701769682   -0.502654825   21.348788168  -43.661778865  -21.752290693
   -2.638937829   -0.502654825   19.342246738  -25.318466026  -17.093094554
   -2.576105976   -0.502654825   18.989249044  -26.133213311  -18.884893908
   -2.513274123   -0.502654825   17.825657746   -8.438582547  -26.379028461
   -2.450442270   -0.502654825   17.291699543   -5.033931662  -31.889365614
   -2.387610417   -0.502654825   16.694387424   -6.204070757  -32.977865234
   -2.324778564   -0.502654825   16.154414069   -7.726071833  -30.189446157
   -2.261946711   -0.502654825   15.840176244  -13.848787187  -19.681636588
   -2.199114858   -0.502654825   15.400095382   -3.127763122  -12.454157512
   -2.136283004   -0.502654825   15.393294871    3.006084653   -9.719056625
   -2.073451151   -0.502654825   15.896313346    1.572057479  -19.051286473
   -2.010619298   -0.502654825   15.915737822   -1.535967715  -27.351268246
   -1.947787445   -0.502654825   15.517806186   -4.731304058  -31.118773541
   -1.884955592   -0.502654825   15.730755337   -4.365669933  -25.645550627
   -1.822123739   -0.502654825   15.845272279    4.987334876  -20.132665418
   -1.759291886   -0.502654825   16.707952273   15.154561464  -17.732602813
   -1.696460033   -0.502654825   16.931368968   -1.140363302  -24.366645477
   -1.633628180   -0.502654825   15.701493355  -29.152223827  -36.180518358
   -1.570796327   -0.502654825   13.364989799  -43.761406116  -43.310424835
   -1.507964474   -0.502654825   10.783723026  -33.893107783  -42.864615472
   -1.445132621   -0.502654825    9.183716406  -18.831260085  -39.708932893
   -1.382300768   -0.502654825    9.472320784  -26.184519877  -43.218705883
   -1.319468915   -0.502654825    6.638160073  -53.197723124  -37.264173343
   -1.256637061   -0.502654825    3.342170178  -47.636682300  -31.012902277
   -1.193805208   -0.502654825    0.864987571  -27.939221100  -14.091957210
   -1.130973355   -0.502654825    0.391901635   -6.603070130    1.652379362
   -1.068141502   -0.502654825    1.225278042   18.064600077   18.190051174
   -1.005309649   -0.502654825    4.288417802   21.655340354   19.822450295
   -0.942477796   -0.502654825    7.191541696   27.114393925   16.720882349
   -0.879645943   -0.502654825    7.937514791   19.863825927    7.113148193
   -0.816814090   -0.502654825    9.355343815   24.688480799    2.206960244
   -0.753982237   -0.502654825   11.589208870   30.285082305    0.522450404
   -0.691150384   -0.502654825   15.123060830   38.565015691    0.886704791
   -0.628318531   -0.502654825   17.997892526   52.938672512   12.299416846
   -0.565486678   -0.502654825   21.670064639   60.589247573   24.089873630
   -0.502654825   -0.502654825   25.447308321   57.895394294   26.344178999
   -0.439822972   -0.502654825   29.137952792   60.505761371   25.604017420
   -0.376991118   -0.502654825   33.284622183   71.452027421   28.474850015
   -0.314159265   -0.502654825   37.247731940   67.825214934   30.766318160
   -0.251327412   -0.502654825   41.170380461   55.470854168   30.552741870
   -0.188495559   -0.502654825   44.201744952   40.331586966   33.543083163
   -0.125663706   -0.502654825   46.593908481   25.878155469   34.098323217
   -0.062831853   -0.502654825   48.258840849   26.572220204   29.754312675
    0.000000000   -0.502654825   51.000396879   29.105435082   22.571994904
    0.062831853   -0.502654825   53.367763736   43.696843315   21.357815467
    0.125663706   -0.502654825   56.182375868   43.023352125   19.106423880
    0.188495559   -0.502654825   58.538065685   31.172603908   15.792766548
    0.251327412   -0.502654825   60.210349003   14.909312811   12.162438329
    0.314159265   -0.502654825   60.692871521    0.729271620    5.950481094
    0.376991118   -0.502654825   60.381511751   -9.573116355    3.293000933
    0.439822972   -0.502654825   59.691031659  -10.654420188    7.250148139
    0.502654825   -0.502654825   59.193603800   -4.859946498   15.266575831
    0.565486678   -0.502654825   59.029188331   -1.632271822   20.458531072
    0.628318531   -0.502654825   58.803543899   -7.868303277   18.498742236
    0.691150384   -0.502654825   57.403615029  -28.178673053    9.501588959
    0.753982237   -0.502654825   54.548486103  -49.830940229    1.293538593
    0.816814090   -0.502654825   49.706245144  -67.595081749   -7.423569844
    0.879645943   -0.502654825   44.885053612  -65.644654256   -6.806806928
    0.942477796   -0.502654825   41.032217500  -50.331633918   -5.373521875
    1.005309649   -0.502654825   40.213314389  -39.094245196    0.802755661
    1.068141502   -0.502654825   38.171225358  -25.627335461   -3.748758334
    1.130973355   -0.502654825   36.901709247  -12.738177726   -8.394692072
    1.193805208   -0.502654825   34.605713898   -9.835857685  -11.416222192
    1.256637061   -0.502654825   34.898575341   -5.581709585  -18.199596112
    1.319468915   -0.502654825   33.721379083  -15.607296152  -27.750032414
    1.382300768   -0.502654825   35.129308099  -33.247641735  -36.139827456
    1.445132621   -0.502654825   32.695907934  -35.723052686  -40.880253105
    1.507964474   -0.502654825   30.230244003  -15.638652155  -29.438982824
    1.570796327   -0.502654825   28.688934627   -0.214611311  -15.084466766
    1.633628180   -0.502654825   31.958765557   14.570933919   -4.520098882
    1.696460033   -0.502654825   32.524485496    8.784111698  -13.103399032
    1.759291886   -0.502654825   34.133466055    6.391873175  -25.055151880
    1.822123739   -0.502654825   35.037883985   -5.036703057  -31.552645411
    1.884955592   -0.502654825   36.545748815  -28.967399771  -19.674183838
    1.947787445   -0.502654825   33.181356368  -29.240987688  -11.905033606
    2.010619298   -0.502654825   31.848436148  -14.201943665   -2.259325095
    2.073451151   -0.502654825   31.705236408    2.046907868    4.738337328
    2.136283004   -0.502654825   34.293437832   -2.467996205   11.540405963
    2.199114858   -0.502654825   35.255150134  -14.838713887    6.786864590
    2.261946711   -0.502654825   34.188731982  -19.332012905   -1.976256411
    2.324778564   -0.502654825   33.095725465  -18.525855748  -13.685797356
    2.387610417   -0.502654825   32.799513274   -4.467153391  -29.347830854
    2.450442270   -0.502654825   32.621347470    2.930489229  -39.155452039
    2.513274123   -0.502654825   32.457771351    6.919953736  -44.925205158
    2.576105976   -0.502654825   33.616212261    8.397917778  -41.387951585
    2.638937829   -0.502654825   32.512129091    0.737648403  -40.711733665
    2.701769682   -0.502654825   33.807759659   -1.230406861  -30.656088170
    2.764601535   -0.502654825   34.661860714   10.357244578  -24.579829316
    2.827433388   -0.502654825   35.848967379   16.988565657  -15.519826446
    2.890265241   -0.502654825   35.599556083   -8.401027685   -6.700598594
    2.953097094   -0.502654825   34.877521069  -39.707229545    0.026230461
    3.015928947   -0.502654825   33.310444280  -44.384586406   -1.909429184
    3.078760801   -0.502654825   32.100705146  -49.648997360   -2.861892545

   -3.141592654   -0.439822972   32.910135587  -28.492842634   -8.047459463
   -3.078760801   -0.439822972   33.917116767  -19.297601800  -19.550785046
   -3.015928947   -0.439822972   32.946523595   -9.241117862  -27.495100881
   -2.953097094   -0.439822972   32.635446330  -14.635884792  -32.290539559
   -2.890265241   -0.439822972   31.823545151  -39.971682398  -40.653083933
   -2.827433388   -0.439822972   29.151661555  -45.979831720  -46.404520667
   -2.764601535   -0.439822972   26.439714121  -46.680900441  -45.533203763
   -2.701769682   -0.439822972   24.046152873  -37.409908676  -39.341279377
   -2.638937829   -0.439822972   22.343550732  -23.878198296  -36.199617337
   -2.576105976   -0.439822972   21.940336901  -30.720172491  -40.170664598
   -2.513274123   -0.439822972   20.443795718  -14.527817950  -46.040057821
   -2.450442270   -0.439822972   19.495135080  -12.397370180  -50.723890907
   -2.387610417   -0.439822972   18.495200349  -13.196792041  -52.013841992
   -2.324778564   -0.439822972   17.624848750  -12.124538367  -46.997661849
   -2.261946711   -0.439822972   17.223965022  -19.308953737  -37.532180348
   -2.199114858   -0.439822972   16.350140011  -11.452251931  -35.172998016
   -2.136283004   -0.439822972   15.740076088   -7.801456019  -38.577000233
   -2.073451151   -0.439822972   15.301902161   -6.572030630  -47.693750772
   -2.010619298   -0.439822972   14.983189056   -1.205107928  -46.405104689
   -1.947787445   -0.439822972   14.877256593    3.932384375  -35.120149040
   -1.884955592   -0.439822972   15.959895747    5.032119758  -16.395306615
   -1.822123739   -0.439822972   16.468072852    6.980743484  -11.875915350
   -1.759291886   -0.439822972   17.012816405    3.917470875  -21.105511064
   -1.696460033   -0.439822972   16.213448104  -19.032968394  -37.067486942
   -1.633628180   -0.439822972   13.956913096  -44.493050355  -45.904583629
   -1.570796327   -0.439822972   11.069967685  -46.405528666  -45.584100803
   -1.507964474   -0.439822972    8.625817047  -28.455890857  -34.171810295
   -1.445132621   -0.439822972    7.410887825  -13.031312228  -21.712894061
   -1.382300768   -0.439822972    7.748878971  -20.316925168  -17.442216094
   -1.319468915   -0.439822972    5.532621663  -45.321690642   -6.183565581
   -1.256637061   -0.439822972    2.898566553  -35.226693096    5.018543810
   -1.193805208   -0.439822972    1.416391692  -10.384177553   18.132243999
   -1.130973355   -0.439822972    1.450877283    4.808088937   18.499869946
   -1.068141502   -0.439822972    2.563914698   15.596452144   15.010892300
   -1.005309649   -0.439822972    5.208098532   13.120427945    5.364926252
   -0.942477796   -0.439822972    7.807776122   17.690435073    1.493739455
   -0.879645943   -0.439822972    8.111331714   16.547893604   -1.786199947
   -0.816814090   -0.439822972    9.473718944   26.440219210    1.358933040
   -0.753982237   -0.439822972   11.832242473   35.511361526    7.111648692
   -0.691150384   -0.439822972   15.774835534   52.231365183   18.475421404
   -0.628318531   -0.439822972   19.560845273   65.954680481   32.371510711
   -0.565486678   -0.439822972   23.616585240   60.369194174   31.371055905
   -0.502654825   -0.439822972   27.180088494   53.709167534   24.817261882
   -0.439822972   -0.439822972   30.875782972   62.956119319   28.480266323
   -0.376991118   -0.439822972   35.305045960   74.277826227   35.778294566
   -0.314159265   -0.439822972   39.481883555   68.266938964   40.402835176
   -0.251327412   -0.439822972   43.440847862   56.477816406   40.380182755
   -0.188495559   -0.439822972   46.473453628   38.766681586   35.521214872
   -0.125663706   -0.439822972   48.490420311   20.134731783   23.951665776
   -0.062831853   -0.439822972   49.727007473   21.922157920   17.601040931
    0.000000000   -0.439822972   52.152322293   31.623035989   16.920495379
    0.062831853   -0.439822972   54.668899376   45.521299876   22.588606700
    0.125663706   -0.439822972   57.482309181   41.469786282   23.608790039
    0.188495559   -0.439822972   59.667108620   27.082121534   19.985561010
    0.251327412   -0.439822972   61.077211282    8.611803342   15.707317520
    0.314159265   -0.439822972   61.229863404   -2.780243918   11.455132338
    0.376991118   -0.439822972   60.899677290   -6.731996546   13.112270229
    0.439822972   -0.439822972   60.569079559   -3.048042976   19.409814628
    0.502654825   -0.439822972   60.512618262    0.744608409   23.678290163
    0.565486678   -0.439822972   60.502087568   -2.698795407   21.320470473
    0.628318531   -0.439822972   59.957702799  -15.984288843   11.905708082
    0.691150384   -0.439822972   57.955749866  -37.823269750    0.217191545
    0.753982237   -0.439822972   54.709552657  -54.036207784   -5.376966239
    0.816814090   -0.439822972   49.600053002  -66.869877089   -7.045862725
    0.879645943   -0.439822972   44.968762263  -62.576383381   -2.952565720
    0.942477796   -0.439822972   41.131943361  -51.300718378   -3.577508016
    1.005309649   -0.439822972   40.361440172  -47.090237467   -5.198193163
    1.068141502   -0.439822972   37.663288497  -37.743198109  -15.303850509
    1.130973355   -0.439822972   35.724854383  -24.043433737  -23.799818848
    1.193805208   -0.439822972   32.931379361  -18.012621811  -28.422701456
    1.256637061   -0.439822972   32.469193845  -13.632967355  -38.673715761
    1.319468915   -0.439822972   30.826865935  -20.278648457  -42.932381599
    1.382300768   -0.439822972   32.061931305  -30.684446141  -47.160693289
    1.445132621   -0.439822972   30.043008910  -26.806869917  -44.820864331
    1.507964474   -0.439822972   28.702558071   -0.336158441  -37.571791592
    1.570796327   -0.439822972   28.361648823   13.783048480  -25.900943165
    1.633628180   -0.439822972   32.227720441   17.758736972  -20.190277589
    1.696460033   -0.439822972   32.332363594    2.414522859  -20.135486484
    1.759291886   -0.439822972   33.189215178    1.195469662  -21.278747758
    1.822123739   -0.439822972   33.677560377   -3.436600284  -17.865810325
    1.884955592   -0.439822972   35.612934648  -19.180614870   -9.815354824
    1.947787445   -0.439822972   32.728725783  -18.201570806   -0.156189220
    2.010619298   -0.439822972   32.007026657   -6.285382919    6.464571377
    2.073451151   -0.439822972   32.312361456    5.996640046    5.370274706
    2.136283004   -0.439822972   35.440629196   -1.793130884    1.918694146
    2.199114858   -0.439822972   36.514190681  -11.722436940   -7.019923527
    2.261946711   -0.439822972   35.541994036  -19.663297134  -11.934957287
    2.324778564   -0.439822972   34.325492379  -24.517301442  -15.745993268
    2.387610417   -0.439822972   33.434040092  -12.243377637  -22.335663641
    2.450442270   -0.439822972   32.603278853   -5.508844199  -29.239348093
    2.513274123   -0.439822972   31.851279993    0.713175782  -36.451944618
    2.576105976   -0.439822972   32.941085922    2.941290101  -37.400066380
    2.638937829   -0.439822972   31.673874563    0.700027603  -36.572535557
    2.701769682   -0.439822972   33.033896027   -0.457079842  -34.842822235
    2.764601535   -0.439822972   33.784263104   16.411094554  -31.679193075
    2.827433388   -0.439822972   35.145555605   22.188533234  -25.277355703
    2.890265241   -0.439822972   35.510734906   -4.366858399  -10.800046152
    2.953097094   -0.439822972   35.434741390  -34.369993446   -2.378117011
    3.015928947   -0.439822972   34.318414721  -38.170715026   -2.286907333
    3.078760801   -0.439822972   33.733919002  -39.602743625   -6.868962181

   -3.141592654   -0.376991118   31.992459113  -46.351068849   -8.480017949
   -3.078760801   -0.376991118   31.853376142  -31.472523016  -25.223900479
   -3.015928947   -0.376991118   30.274808010  -14.662375700  -39.816135991
   -2.953097094   -0.376991118   30.114791965  -14.452335052  -44.377054581
   -2.890265241   -0.376991118   29.474958788  -33.751074180  -51.502296575
   -2.827433388   -0.376991118   27.188608414  -36.694300285  -54.275581382
   -2.764601535   -0.376991118   25.053484138  -36.116823399  -52.828157231
   -2.701769682   -0.376991118   23.273939291  -30.985778437  -46.725719036
   -2.638937829   -0.376991118   21.743010761  -26.146239590  -41.795873168
   -2.576105976   -0.376991118   20.815513061  -40.415678362  -42.526343205
   -2.513274123   -0.376991118   18.596853335  -27.721520526  -41.955839788
   -2.450442270   -0.376991118   16.973126294  -23.385088670  -38.936359647
   -2.387610417   -0.376991118   15.586273435  -15.621348987  -31.687176052
   -2.324778564   -0.376991118   14.748267265  -10.744814934  -21.532738114
   -2.261946711   -0.376991118   14.465755472  -22.655736758  -17.803181698
   -2.199114858   -0.376991118   13.251062464  -18.781344779  -24.007590856
   -2.136283004   -0.376991118   12.189043157  -12.761578097  -30.820394442
   -2.073451151   -0.376991118   11.312245805   -3.428216071  -33.794301650
   -2.010619298   -0.376991118   11.470884968   12.618560856  -20.887741175
   -1.947787445   -0.376991118   12.434718658   21.495210688   -2.432064575
   -1.884955592   -0.376991118   14.645280567   10.995063081   10.136209631
   -1.822123739   -0.376991118   14.939661805   -4.355726879   -3.164235600
   -1.759291886   -0.376991118   14.368131371  -16.575319141  -28.352126039
   -1.696460033   -0.376991118   12.422646065  -33.421846776  -47.026529463
   -1.633628180   -0.376991118    9.869430556  -46.336341251  -45.319309211
   -1.570796327   -0.376991118    7.329729854  -35.005941628  -32.657178576
   -1.507964474   -0.376991118    5.716708606  -15.689985544  -15.143914495
   -1.445132621   -0.376991118    5.169967913   -4.841188345   -3.168895457
   -1.382300768   -0.376991118    5.542615138  -15.292879110   -3.517630410
   -1.319468915   -0.376991118    3.694801562  -38.979235691   -0.059199343
   -1.256637061   -0.376991118    1.531332436  -27.645135065    5.688554111
   -1.193805208   -0.376991118    0.551220588   -4.513967984    8.924716933
   -1.130973355   -0.376991118    0.400544076    5.069119520    1.596083963
   -1.068141502   -0.376991118    1.427082306   13.024965937   -2.916222255
   -1.005309649   -0.376991118    3.886564193   13.519157910  -11.063505087
   -0.942477796   -0.376991118    6.845978204   21.882577771   -8.650442660
   -0.879645943   -0.376991118    7.780236040   29.697851420    0.362376534
   -0.816814090   -0.376991118   10.046596517   41.448499785   12.813681795
   -0.753982237   -0.376991118   13.351534926   54.050771487   26.609576549
   -0.691150384   -0.376991118   18.210202110   67.630795192   36.207232985
   -0.628318531   -0.376991118   22.419456567   63.026693133   33.789021649
   -0.565486678   -0.376991118   25.912207360   49.664830066   23.380699872
   -0.502654825   -0.376991118   29.181138686   56.066958003   27.424980391
   -0.439822972   -0.376991118   33.344853847   71.705055688   43.095079521
   -0.376991118   -0.376991118   38.234636452   77.087290809   52.421306061
   -0.314159265   -0.376991118   42.501766997   65.126200586   50.990921907
   -0.251327412   -0.376991118   46.087126705   47.429591224   39.356778973
   -0.188495559   -0.376991118   48.388707436   25.694298720   23.820851358
   -0.125663706   -0.376991118   49.637610243   13.901988101   14.900984850
   -0.062831853   -0.376991118   50.806340988   26.535449243   20.328314699
    0.000000000   -0.376991118   53.478199714   40.767716923   27.371793920
    0.062831853   -0.376991118   56.379182237   48.248183899   32.143242670
    0.125663706   -0.376991118   59.157021659   37.986091375   28.841065259
    0.188495559   -0.376991118   61.024455600   21.455784258   22.449487515
    0.251327412   -0.376991118   62.158568436    3.449698278   18.476003737
    0.314159265   -0.376991118   62.167191233   -1.823682197   18.376362319
    0.376991118   -0.376991118   62.035946402   -1.581456112   22.153867913
    0.439822972   -0.376991118   62.023756742    1.037923473   25.513077483
    0.502654825   -0.376991118   62.058553152   -1.082017483   23.708594055
    0.565486678   -0.376991118   61.704693341  -11.521317328   15.620723616
    0.628318531   -0.376991118   60.491223761  -27.419105507    4.568892485
    0.691150384   -0.376991118   57.861417647  -45.613063256   -3.570736826
    0.753982237   -0.376991118   54.427780755  -54.479201140   -4.748804525
    0.816814090   -0.376991118   49.360226981  -64.537902146   -3.629930698
    0.879645943   -0.376991118   44.912078954  -62.007277255   -3.205747065
    0.942477796   -0.376991118   40.821150453  -57.376853780  -11.150846962
    1.005309649   -0.376991118   39.595629628  -58.178702635  -23.069603060
    1.068141502   -0.376991118   36.173754641  -48.973446004  -34.493955300
    1.130973355   -0.376991118   33.723823779  -32.600687514  -39.962449332
    1.193805208   -0.376991118   30.806425625  -21.152152277  -37.549078488
    1.256637061   -0.376991118   29.916168230  -14.778096989  -40.472885767
    1.319468915   -0.376991118   28.362382719  -17.957662723  -35.957006299
    1.382300768   -0.376991118   29.470045667  -27.384910410  -39.783988334
    1.445132621   -0.376991118   27.684491868  -26.171554775  -36.964402703
    1.507964474   -0.376991118   26.702824891    2.087366654  -32.329415809
    1.570796327   -0.376991118   27.052212412   22.021054777  -21.912265033
    1.633628180   -0.376991118   31.305013973   27.242682042  -18.890652183
    1.696460033   -0.376991118   31.859236918   13.412748867  -12.455992941
    1.759291886   -0.376991118   33.190481784   15.708227902   -7.800961283
    1.822123739   -0.376991118   34.352522758    9.714247899   -1.877075014
    1.884955592   -0.376991118   36.771529845   -5.983745709   -1.096338846
    1.947787445   -0.376991118   34.417582956  -12.429014120    7.609796970
    2.010619298   -0.376991118   33.772307572   -9.650406769   12.423032797
    2.073451151   -0.376991118   33.456437464   -6.305779539    6.979989643
    2.136283004   -0.376991118   35.799539889  -17.833372614   -1.019584713
    2.199114858   -0.376991118   35.951868120  -23.257243325  -10.334446123
    2.261946711   -0.376991118   34.421536091  -29.078250911  -14.360921864
    2.324778564   -0.376991118   32.832647173  -30.102819259  -17.454225417
    2.387610417   -0.376991118   31.647958901  -14.955286859  -19.280114255
    2.450442270   -0.376991118   30.578524017   -6.954884629  -21.741209886
    2.513274123   -0.376991118   29.741808554    1.001583608  -22.273306800
    2.576105976   -0.376991118   31.120717064    4.586624731  -18.123284066
    2.638937829   -0.376991118   30.450958144    7.476375341   -6.574963139
    2.701769682   -0.376991118   31.954458798    4.059323329   -8.287416057
    2.764601535   -0.376991118   32.692978855   23.058839363  -14.869587685
    2.827433388   -0.376991118   33.950697598   27.098555668  -26.951923187
    2.890265241   -0.376991118   34.908318504   -3.421091824  -24.204072098
    2.953097094   -0.376991118   35.096196063  -36.589469960  -23.012172684
    3.015928947   -0.376991118   33.935551232  -42.785113811  -19.406723982
    3.078760801   -0.376991118   33.008092651  -45.605075839  -15.482881794

   -3.141592654   -0.314159265   31.804434044  -56.125148469    6.583613290
   -3.078760801   -0.314159265   30.305358911  -52.330401224   -8.871703707
   -3.015928947   -0.314159265   27.329902265  -35.442428928  -27.104636023
   -2.953097094   -0.314159265   26.484766767  -28.172382563  -35.251797318
   -2.890265241   -0.314159265   25.067176683  -39.459492308  -46.109941864
   -2.827433388   -0.314159265   22.521604613  -38.006140875  -46.190862564
   -2.764601535   -0.314159265   20.417690933  -33.914913240  -43.296756615
   -2.701769682   -0.314159265   18.899707416  -27.029811931  -39.783956525
   -2.638937829   -0.314159265   17.622324407  -21.989523533  -38.667262015
   -2.576105976   -0.314159265   16.684565570  -35.308263852  -42.903561719
   -2.513274123   -0.314159265   14.818591382  -22.021525254  -41.129714639
   -2.450442270   -0.314159265   13.900986499  -11.488913155  -32.995056128
   -2.387610417   -0.314159265   13.575528712    3.020480984  -21.877516843
   -2.324778564   -0.314159265   13.873129801    2.625454029  -13.294983264
   -2.261946711   -0.314159265   14.079161244  -21.187245045  -16.990884987
   -2.199114858   -0.314159265   12.833082084  -20.269204175  -23.948959697
   -2.136283004   -0.314159265   11.848251466   -6.380387939  -23.418559400
   -2.073451151   -0.314159265   11.306825593   11.247660460  -15.579283026
   -2.010619298   -0.314159265   12.498378235   30.377576728    2.684510857
   -1.947787445   -0.314159265   14.333285181   28.487774820   14.599451140
   -1.884955592   -0.314159265   16.623518576   -3.691053716   13.305636563
   -1.822123739   -0.314159265   15.415208418  -34.634756625   -8.340341316
   -1.759291886   -0.314159265   12.967076767  -42.691982558  -30.041196311
   -1.696460033   -0.314159265   10.033936030  -39.787971363  -34.493603793
   -1.633628180   -0.314159265    8.010902162  -35.454838931  -16.770089808
   -1.570796327   -0.314159265    6.447511719  -17.210592529    0.266037712
   -1.507964474   -0.314159265    5.820717865   -4.064698113   11.983520365
   -1.445132621   -0.314159265    5.708060320   -2.322481161   12.168835043
   -1.382300768   -0.314159265    5.721512312  -16.863953957    2.711849127
   -1.319468915   -0.314159265    3.854543192  -36.047540384    1.130569431
   -1.256637061   -0.314159265    1.984906036  -23.163730614    8.209280199
   -1.193805208   -0.314159265    1.227805199   -2.949317769   14.795654857
   -1.130973355   -0.314159265    0.775797255    2.970210922   12.940959917
   -1.068141502   -0.314159265    1.561280496    8.066552583    9.465477346
   -1.005309649   -0.314159265    3.620729759   14.268425637    5.656029396
   -0.942477796   -0.314159265    7.024053482   30.044796923   17.295844663
   -0.879645943   -0.314159265    8.818694360   42.963829839   33.492771905
   -0.816814090   -0.314159265   11.853051692   53.506037489   43.345652314
   -0.753982237   -0.314159265   15.819422836   64.195680228   47.479859195
   -0.691150384   -0.314159265   20.707801980   64.388842814   37.938648687
   -0.628318531   -0.314159265   24.309593743   51.113781136   25.034290587
   -0.565486678   -0.314159265   27.499603741   54.760721417   29.361329959
   -0.502654825   -0.314159265   31.598934059   74.992243927   49.657282540
   -0.439822972   -0.314159265   36.866750616   82.867365803   64.810358248
   -0.376991118   -0.314159265   42.021403179   71.875880484   60.719213855
   -0.314159265   -0.314159265   45.733117054   50.623799486   44.384438837
   -0.251327412   -0.314159265   48.316979882   31.077989484   27.557642425
   -0.188495559   -0.314159265   49.803452252   17.624880187   20.007895173
   -0.125663706   -0.314159265   50.905827664   19.478021406   25.159294628
   -0.062831853   -0.314159265   52.655176334   37.163617914   36.544367093
    0.000000000   -0.314159265   55.651934641   46.089844694   38.789847003
    0.062831853   -0.314159265   58.575248025   44.049114249   34.741845808
    0.125663706   -0.314159265   60.946119958   30.560139630   26.760258509
    0.188495559   -0.314159265   62.399290341   16.168270766   20.936831392
    0.251327412   -0.314159265   63.379602495    2.157030145   20.031446378
    0.314159265   -0.314159265   63.449030150    0.329401847   21.244823256
    0.376991118   -0.314159265   63.499401181    1.109791654   22.854229994
    0.439822972   -0.314159265   63.540795838   -0.633177276   21.191811974
    0.502654825   -0.314159265   63.295243294   -8.385434962   14.451296260
    0.565486678   -0.314159265   62.361219979  -22.038955886    5.007721117
    0.628318531   -0.314159265   60.501337916  -36.703755538   -4.253898638
    0.691150384   -0.314159265   57.457536535  -50.321279849  -10.626493972
    0.753982237   -0.314159265   53.891663253  -56.287547944  -14.613744436
    0.816814090   -0.314159265   48.797796895  -67.155258396  -18.176819301
    0.879645943   -0.314159265   44.155163236  -68.483424805  -25.509559457
    0.942477796   -0.314159265   39.406326773  -68.509380873  -38.177822049
    1.005309649   -0.314159265   37.373555237  -67.130982751  -50.683713802
    1.068141502   -0.314159265   33.556804153  -52.339968464  -51.046204178
    1.130973355   -0.314159265   31.216988751  -31.843009420  -41.879674775
    1.193805208   -0.314159265   28.808355356  -15.596240825  -28.992001317
    1.256637061   -0.314159265   27.938938253  -10.745153803  -26.046988681
    1.319468915   -0.314159265   26.763434947  -14.193874307  -19.392612166
    1.382300768   -0.314159265   27.652359455  -23.494738450  -22.699053699
    1.445132621   -0.314159265   26.241853166  -22.939332029  -13.794460656
    1.507964474   -0.314159265   25.696330979    6.230451483   -6.022822821
    1.570796327   -0.314159265   26.751819675   28.743636579    2.594489767
    1.633628180   -0.314159265   31.065293359   34.072094440   -0.451495377
    1.696460033   -0.314159265   32.146010041   22.413195470    7.298490075
    1.759291886   -0.314159265   33.866040538   25.909105648   13.085821073
    1.822123739   -0.314159265   35.425715382   15.707225861   19.388590830
    1.884955592   -0.314159265   37.689251510    0.235522832   15.305779346
    1.947787445   -0.314159265   35.645722978  -10.473304135   18.346233200
    2.010619298   -0.314159265   34.964117005  -12.243057502   15.407634329
    2.073451151   -0.314159265   34.018803818  -14.790393823    4.552276761
    2.136283004   -0.314159265   35.628347827  -27.298563437   -6.937394627
    2.199114858   -0.314159265   35.215306265  -31.181885577  -11.949330837
    2.261946711   -0.314159265   33.378935995  -38.564596173  -13.543069530
    2.324778564   -0.314159265   31.399535246  -35.171709671  -18.784472159
    2.387610417   -0.314159265   29.983528784  -18.809725799  -20.415188782
    2.450442270   -0.314159265   28.715554999   -7.583859535  -22.175535990
    2.513274123   -0.314159265   28.015172985    4.797673839  -18.293197465
    2.576105976   -0.314159265   29.867942138   13.071319094  -13.401104811
    2.638937829   -0.314159265   30.410121801   21.105865525    2.820340494
    2.701769682   -0.314159265   32.173923503    8.903130191    2.253483916
    2.764601535   -0.314159265   32.801363852   18.505585212   -2.089875440
    2.827433388   -0.314159265   33.099532213   19.105795311  -23.047367177
    2.890265241   -0.314159265   33.933999391   -9.340522132  -28.989511304
    2.953097094   -0.314159265   33.969576853  -38.863655052  -29.740823814
    3.015928947   -0.314159265   33.076757797  -38.510252525  -17.867707668
    3.078760801   -0.314159265   32.474884502  -37.312650670   -4.774984638

   -3.141592654   -0.251327412   31.692075727  -55.755937330  -14.271240337
   -3.078760801   -0.251327412   29.447788029  -61.452433649  -22.951585036
   -3.015928947   -0.251327412   25.815870437  -45.598234305  -25.979062880
   -2.953097094   -0.251327412   24.874196124  -33.640541070  -22.382413684
   -2.890265241   -0.251327412   23.065942177  -36.745220311  -27.210055847
   -2.827433388   -0.251327412   20.813943007  -32.280230376  -23.776261565
   -2.764601535   -0.251327412   19.028162850  -30.261497577  -23.470723995
   -2.701769682   -0.251327412   17.721578147  -25.859097745  -27.628174031
   -2.638937829   -0.251327412   16.482479911  -20.530805102  -34.821607707
   -2.576105976   -0.251327412   15.271599342  -32.230921824  -43.074868163
   -2.513274123   -0.251327412   13.633265399  -18.896635309  -38.514483385
   -2.450442270   -0.251327412   13.247707203   -5.147952999  -27.937277825
   -2.387610417   -0.251327412   13.445225679   10.254146505  -19.059104274
   -2.324778564   -0.251327412   14.062351816    2.521851133  -15.331682681
   -2.261946711   -0.251327412   14.016257185  -25.802800272  -19.095127690
   -2.199114858   -0.251327412   12.628567723  -19.079963081  -18.460951970
   -2.136283004   -0.251327412   11.920082504    2.954723292  -12.144543673
   -2.073451151   -0.251327412   11.700094596   20.735329007   -8.186131572
   -2.010619298   -0.251327412   13.316933741   33.361228377   -5.010701474
   -1.947787445   -0.251327412   15.014479454   20.008583606   -9.148270117
   -1.884955592   -0.251327412   16.622113233  -22.661744349  -19.315559827
   -1.822123739   -0.251327412   14.190797400  -53.618316097  -30.434830028
   -1.759291886   -0.251327412   10.896671643  -49.604962763  -33.342622679
   -1.696460033   -0.251327412    8.139696944  -31.439318489  -21.060664915
   -1.633628180   -0.251327412    7.251689302  -23.171189146    1.988009363
   -1.570796327   -0.251327412    6.298876945  -10.538725935   11.123345620
   -1.507964474   -0.251327412    5.781240419   -7.138743788    8.830276988
   -1.445132621   -0.251327412    5.256145013  -10.070240036   -0.426596517
   -1.382300768   -0.251327412    4.566490721  -21.279527836  -11.534408828
   -1.319468915   -0.251327412    2.818726251  -26.843174289   -6.690893969
   -1.256637061   -0.251327412    1.739159792  -11.313664792    7.581403278
   -1.193805208   -0.251327412    1.561131423    2.637910090   14.227915438
   -1.130973355   -0.251327412    1.083647639    2.558032742   12.210450545
   -1.068141502   -0.251327412    1.862766132   10.334231819   14.747954383
   -1.005309649   -0.251327412    4.162176286   28.464933604   24.839611366
   -0.942477796   -0.251327412    8.672939194   46.948838781   43.808301120
   -0.879645943   -0.251327412   11.465999202   51.631468579   53.799507975
   -0.816814090   -0.251327412   14.821671631   55.303540753   51.011214589
   -0.753982237   -0.251327412   18.600013552   58.408815029   41.171343091
   -0.691150384   -0.251327412   22.659014989   53.317240207   28.101920088
   -0.628318531   -0.251327412   25.988575819   56.004239128   33.722797424
   -0.565486678   -0.251327412   30.105048865   76.737287214   55.622015788
   -0.502654825   -0.251327412   35.513366384   91.103747917   71.561075362
   -0.439822972   -0.251327412   41.195216352   77.657142817   67.858502881
   -0.376991118   -0.251327412   45.597273158   53.374656277   50.516114726
   -0.314159265   -0.251327412   48.243813068   35.272646943   37.531372528
   -0.251327412   -0.251327412   50.175816738   25.084191906   35.276978655
   -0.188495559   -0.251327412   51.628073200   22.156800070   39.902808027
   -0.125663706   -0.251327412   53.191287808   28.729011741   45.899251057
   -0.062831853   -0.251327412   55.370514738   39.981440469   46.560883732
    0.000000000   -0.251327412   58.141231406   41.198932220   37.743381146
    0.062831853   -0.251327412   60.584262828   35.102538390   28.042753302
    0.125663706   -0.251327412   62.451903486   24.124035015   21.037851303
    0.188495559   -0.251327412   63.632998385   13.810998210   17.948060508
    0.251327412   -0.251327412   64.597266145    2.402075796   17.831527647
    0.314159265   -0.251327412   64.701815007    1.177789425   17.552939631
    0.376991118   -0.251327412   64.731938640   -0.685216598   15.425815778
    0.439822972   -0.251327412   64.541900556   -6.324975021   10.223343290
    0.502654825   -0.251327412   63.842411494  -16.783587116    2.570419575
    0.565486678   -0.251327412   62.355482011  -30.920315411   -6.394144333
    0.628318531   -0.251327412   59.975464183  -44.435634470  -16.056099297
    0.691150384   -0.251327412   56.522514219  -56.692940079  -25.391728322
    0.753982237   -0.251327412   52.598646477  -63.218753142  -35.696232420
    0.816814090   -0.251327412   47.238313377  -74.965774407  -43.597496355
    0.879645943   -0.251327412   42.182401472  -76.016118831  -51.731708007
    0.942477796   -0.251327412   36.985114349  -71.902248629  -57.060598211
    1.005309649   -0.251327412   34.691199475  -60.049317421  -58.680103289
    1.068141502   -0.251327412   31.632329585  -35.978463025  -43.750969630
    1.130973355   -0.251327412   30.555307499  -15.813032565  -24.582981145
    1.193805208   -0.251327412   29.317127221   -2.802664028  -11.778797745
    1.256637061   -0.251327412   28.745610016   -5.979569004  -13.083572764
    1.319468915   -0.251327412   27.916839806  -11.957474307  -11.216842790
    1.382300768   -0.251327412   28.535417865  -19.518887588  -14.398112535
    1.445132621   -0.251327412   27.593018254  -19.213185786   -2.670884436
    1.507964474   -0.251327412   27.335269251    5.674847729    6.983982361
    1.570796327   -0.251327412   28.546644694   25.773514011   12.856518332
    1.633628180   -0.251327412   32.230725487   31.657466634    4.114773336
    1.696460033   -0.251327412   33.505100387   26.488488574    8.404505336
    1.759291886   -0.251327412   35.502614046   33.941593010   13.184707871
    1.822123739   -0.251327412   37.536462412   22.634210800   20.059646856
    1.884955592   -0.251327412   39.631373842    4.511298919   14.379466007
    1.947787445   -0.251327412   37.843475922  -11.763042698   13.878063933
    2.010619298   -0.251327412   36.947351934  -16.319545690    5.473465521
    2.073451151   -0.251327412   35.313242854  -20.259662327   -7.820817105
    2.136283004   -0.251327412   36.229953334  -29.463598970  -18.018975146
    2.199114858   -0.251327412   35.746483859  -33.917152676  -13.490755813
    2.261946711   -0.251327412   33.977892409  -45.585563448   -6.594809447
    2.324778564   -0.251327412   31.673233638  -39.230484506   -7.141893271
    2.387610417   -0.251327412   30.143743664  -21.791058937   -3.665305346
    2.450442270   -0.251327412   28.698784700   -8.217933666   -0.950666780
    2.513274123   -0.251327412   28.142527444    6.815333498    5.844556086
    2.576105976   -0.251327412   30.012300965   14.899938480    6.661339958
    2.638937829   -0.251327412   31.249332596   26.365754254   15.418352621
    2.701769682   -0.251327412   32.920478334    8.515706296   15.251525886
    2.764601535   -0.251327412   33.481134176    5.591318154   19.519253499
    2.827433388   -0.251327412   32.425340077    2.538163377   -0.371361981
    2.890265241   -0.251327412   32.571390163  -15.651751414  -14.839749127
    2.953097094   -0.251327412   32.312533736  -35.921848480  -23.002509506
    3.015928947   -0.251327412   31.995539065  -28.829736035  -17.726132384
    3.078760801   -0.251327412   31.959522201  -25.693784868  -13.859266559

   -3.141592654   -0.188495559   30.473013715  -54.644173914  -53.738457661
   -3.078760801   -0.188495559   27.865265034  -60.692809997  -61.391173949
   -3.015928947   -0.188495559   24.258344936  -45.977460618  -54.539191543
   -2.953097094   -0.188495559   23.490915285  -36.347970272  -42.387846585
   -2.890265241   -0.188495559   21.203750321  -37.707019638  -38.747780323
   -2.827433388   -0.188495559   18.919466621  -33.750263928  -32.146223547
   -2.764601535   -0.188495559   16.936477731  -34.800872765  -33.384316530
   -2.701769682   -0.188495559   15.416601487  -29.582859424  -37.930575573
   -2.638937829   -0.188495559   14.120530993  -16.639599868  -42.664069877
   -2.576105976   -0.188495559   13.042059565  -18.943212698  -46.310096498
   -2.513274123   -0.188495559   12.400992536   -3.136840124  -38.271979325
   -2.450442270   -0.188495559   13.151845592    7.384735057  -31.888238909
   -2.387610417   -0.188495559   14.003208920   16.163282974  -33.321344013
   -2.324778564   -0.188495559   14.873432060    2.480005696  -37.273371480
   -2.261946711   -0.188495559   14.877214936  -21.484109703  -37.061869810
   -2.199114858   -0.188495559   14.020211018   -7.367397192  -28.209508989
   -2.136283004   -0.188495559   13.909676753   11.913566902  -23.498963299
   -2.073451151   -0.188495559   13.830276873   22.355690842  -30.065753629
   -2.010619298   -0.188495559   15.357020137   28.607041735  -39.851549435
   -1.947787445   -0.188495559   16.535047261    8.332259636  -51.849424480
   -1.884955592   -0.188495559   17.416900656  -33.517734553  -61.975231775
   -1.822123739   -0.188495559   14.547661797  -59.788801413  -59.297021963
   -1.759291886   -0.188495559   11.275133141  -44.319486983  -48.408775792
   -1.696460033   -0.188495559    9.233976179  -18.865987437  -29.722347021
   -1.633628180   -0.188495559    9.410811905  -17.941343179  -10.291824522
   -1.570796327   -0.188495559    8.426768033  -16.327802779   -9.940500669
   -1.507964474   -0.188495559    7.307335528  -19.832752119  -16.775713237
   -1.445132621   -0.188495559    5.883081219  -23.208562613  -25.704206653
   -1.382300768   -0.188495559    4.505236352  -23.672571244  -29.100522545
   -1.319468915   -0.188495559    3.115957749  -15.699311229  -22.535457271
   -1.256637061   -0.188495559    2.790834588   -3.007617959  -18.109088264
   -1.193805208   -0.188495559    3.019359975    7.740869126  -18.422341405
   -1.130973355   -0.188495559    2.886791325   11.456596722  -12.733945912
   -1.068141502   -0.188495559    4.407164101   26.658182384    2.100412669
   -1.005309649   -0.188495559    7.611050064   46.817850935   19.770438157
   -0.942477796   -0.188495559   12.723081351   47.898077962   26.586046516
   -0.879645943   -0.188495559   15.190983880   38.353847326   21.439456554
   -0.816814090   -0.188495559   17.580285545   40.278434100   12.788497625
   -0.753982237   -0.188495559   20.495986053   49.227279995   12.875083698
   -0.691150384   -0.188495559   24.220605473   59.462354042   23.806255312
   -0.628318531   -0.188495559   28.498214240   77.451422251   46.707942102
   -0.565486678   -0.188495559   33.922020810   93.155364889   62.140912148
   -0.502654825   -0.188495559   39.756112076   87.727743517   59.027652055
   -0.439822972   -0.188495559   44.822616616   62.334783593   46.744642294
   -0.376991118   -0.188495559   48.453418504   43.534061635   42.880296223
   -0.314159265   -0.188495559   50.871376164   36.139698544   48.265923821
   -0.251327412   -0.188495559   53.022018558   28.650658981   53.924775337
   -0.188495559   -0.188495559   54.666800541   24.352228979   53.011453509
   -0.125663706   -0.188495559   56.249663504   26.875433683   47.510039356
   -0.062831853   -0.188495559   58.101786072   31.804571554   38.183774557
    0.000000000   -0.188495559   60.191400970   31.621627574   27.238260603
    0.062831853   -0.188495559   62.077733436   27.634472338   19.877960483
    0.125663706   -0.188495559   63.594268109   20.415290916   15.756662351
    0.188495559   -0.188495559   64.621081734   12.584967146   13.642424463
    0.251327412   -0.188495559   65.516026333    0.927039456   11.505114710
    0.314159265   -0.188495559   65.512714582   -1.315398449    9.115914275
    0.376991118   -0.188495559   65.306720813   -5.735629802    4.848121305
    0.439822972   -0.188495559   64.707111811  -13.995020807   -1.359576544
    0.502654825   -0.188495559   63.452489341  -26.574610961   -9.327675422
    0.565486678   -0.188495559   61.297927551  -42.369834774  -19.415194812
    0.628318531   -0.188495559   58.173914278  -56.519010381  -30.102005128
    0.691150384   -0.188495559   53.964816641  -69.436656288  -40.648864305
    0.753982237   -0.188495559   49.280650466  -75.747252713  -49.834732403
    0.816814090   -0.188495559   43.493384964  -83.538126442  -51.907084626
    0.879645943   -0.188495559   38.166895162  -78.102290041  -50.122353416
    0.942477796   -0.188495559   33.060505454  -65.026778286  -41.881847039
    1.005309649   -0.188495559   31.053980438  -42.855454923  -33.340664183
    1.068141502   -0.188495559   29.221612709  -15.906882795  -14.080868962
    1.130973355   -0.188495559   29.406041066   -3.368165693    1.865934784
    1.193805208   -0.188495559   28.786316595    0.739025557    5.351547306
    1.256637061   -0.188495559   28.110007035   -7.088156851    0.093298822
    1.319468915   -0.188495559   27.421801321   -9.850444446   -0.812517913
    1.382300768   -0.188495559   27.985965837  -11.244878602   -3.693254658
    1.445132621   -0.188495559   27.850433719  -10.100471243    6.031670197
    1.507964474   -0.188495559   28.188775945    8.742581781   13.159310852
    1.570796327   -0.188495559   29.628909942   22.943956864   14.259763370
    1.633628180   -0.188495559   32.692558131   29.198020519    2.525872281
    1.696460033   -0.188495559   34.223379495   31.356729102    4.736508205
    1.759291886   -0.188495559   36.574271792   42.087202353    9.188128014
    1.822123739   -0.188495559   39.108921160   28.740034534   16.441991730
    1.884955592   -0.188495559   40.936177784    3.776913835   12.252660395
    1.947787445   -0.188495559   39.131056002  -19.009640341   12.824219625
    2.010619298   -0.188495559   37.691662186  -24.335333023    5.677109466
    2.073451151   -0.188495559   35.284749089  -23.755416163   -3.138269215
    2.136283004   -0.188495559   35.643295745  -24.390096748   -9.098793084
    2.199114858   -0.188495559   35.655370941  -28.211303505    2.994368067
    2.261946711   -0.188495559   34.538575492  -44.555505378   17.210260044
    2.324778564   -0.188495559   32.314647744  -36.982341872   21.601422999
    2.387610417   -0.188495559   31.029493737  -19.903064246   27.789361262
    2.450442270   -0.188495559   29.639918994   -6.965373406   30.177919765
    2.513274123   -0.188495559   29.203824660    6.205465586   32.548605617
    2.576105976   -0.188495559   30.560439392    7.812047139   22.876958957
    2.638937829   -0.188495559   31.655251246   21.236663179   17.280391901
    2.701769682   -0.188495559   32.987097712    5.141812336   12.936471962
    2.764601535   -0.188495559   33.810679496   -6.772320356   20.421644949
    2.827433388   -0.188495559   31.704571629  -12.673796661    7.195876753
    2.890265241   -0.188495559   30.978349011  -20.344030950  -10.053982582
    2.953097094   -0.188495559   30.387068975  -30.179425485  -23.315447648
    3.015928947   -0.188495559   30.561493459  -21.964596130  -29.399233711
    3.078760801   -0.188495559   30.854105501  -22.575273045  -39.207623157

   -3.141592654   -0.125663706   26.833367228  -55.904355682  -58.094139991
   -3.078760801   -0.125663706   24.185621499  -49.793726527  -64.117362789
   -3.015928947   -0.125663706   21.506768355  -29.066438615  -58.529258504
   -2.953097094   -0.125663706   21.922619001  -18.473789517  -52.095912139
   -2.890265241   -0.125663706   20.379442895  -23.390014278  -47.988474545
   -2.827433388   -0.125663706   18.711575337  -29.785790583  -44.043270361
   -2.764601535   -0.125663706   16.632860533  -40.044600272  -46.084573912
   -2.701769682   -0.125663706   14.721825923  -37.790970702  -46.379745684
   -2.638937829   -0.125663706   13.016577292  -19.662762287  -45.029334238
   -2.576105976   -0.125663706   11.626927926  -14.971047051  -44.485798519
   -2.513274123   -0.125663706   11.285450706   -1.929936489  -40.806276693
   -2.450442270   -0.125663706   12.006257959    0.363672508  -46.226912418
   -2.387610417   -0.125663706   12.240781656    3.344257143  -59.499758295
   -2.324778564   -0.125663706   12.523988444   -4.934398180  -67.676406362
   -2.261946711   -0.125663706   12.518213032  -15.524053131  -62.374013111
   -2.199114858   -0.125663706   12.177317990    1.769898926  -50.904540255
   -2.136283004   -0.125663706   12.235339133    9.330366701  -46.270701629
   -2.073451151   -0.125663706   11.680559759   13.168406728  -49.196296033
   -2.010619298   -0.125663706   12.634659151   18.480281479  -51.993980584
   -1.947787445   -0.125663706   13.176108805   -1.127675834  -55.875460745
   -1.884955592   -0.125663706   13.577985784  -32.769523811  -60.351461341
   -1.822123739   -0.125663706   11.140212338  -51.226522580  -51.752004684
   -1.759291886   -0.125663706    8.751906295  -28.470920477  -38.336120179
   -1.696460033   -0.125663706    7.890894158   -2.716874713  -23.570349879
   -1.633628180   -0.125663706    9.110873343  -14.363559951  -12.957762878
   -1.570796327   -0.125663706    8.070243625  -20.249024543  -16.832804857
   -1.507964474   -0.125663706    6.659835945  -24.543969992  -21.575728440
   -1.445132621   -0.125663706    4.998358740  -24.046256153  -24.885757972
   -1.382300768   -0.125663706    3.640953539  -20.303993720  -27.938896031
   -1.319468915   -0.125663706    2.518383735  -13.531114448  -31.358123891
   -1.256637061   -0.125663706    2.299622273   -3.297693955  -31.628355382
   -1.193805208   -0.125663706    2.661843944   12.069916777  -25.179003380
   -1.130973355   -0.125663706    3.036050339   23.189547858  -11.967755755
   -1.068141502   -0.125663706    5.418312489   43.364494877    5.678711774
   -1.005309649   -0.125663706    9.240381813   52.863044581   13.215284125
   -0.942477796   -0.125663706   13.888429383   35.366002742    0.139536287
   -0.879645943   -0.125663706   15.630203748   26.925310045   -7.070675207
   -0.816814090   -0.125663706   17.744771417   43.385224234   -0.371268578
   -0.753982237   -0.125663706   21.204076522   63.787953647   17.136142456
   -0.691150384   -0.125663706   25.935083141   79.644217509   33.998086476
   -0.628318531   -0.125663706   31.383497694   91.215052207   45.203096548
   -0.565486678   -0.125663706   37.223898653   91.860953879   43.653352632
   -0.502654825   -0.125663706   42.641138553   78.963434189   37.203433217
   -0.439822972   -0.125663706   47.385382789   61.910479615   40.110616395
   -0.376991118   -0.125663706   51.398992597   51.826014097   52.438469809
   -0.314159265   -0.125663706   54.319039416   41.528068746   58.806801251
   -0.251327412   -0.125663706   56.551560165   24.757973452   54.242592915
   -0.188495559   -0.125663706   57.794056301   16.190489480   43.402657742
   -0.125663706   -0.125663706   58.826183048   17.619722434   33.779092634
   -0.062831853   -0.125663706   60.091146727   22.617422923   25.757614119
    0.000000000   -0.125663706   61.618179035   24.669761672   19.021324125
    0.062831853   -0.125663706   63.143269282   23.142577412   14.493039904
    0.125663706   -0.125663706   64.437409298   17.721497834   11.351031948
    0.188495559   -0.125663706   65.330336080   10.603165642    8.908946982
    0.251327412   -0.125663706   66.052642338   -1.145995100    5.708071763
    0.314159265   -0.125663706   65.873918246   -4.810180457    2.859935475
    0.376991118   -0.125663706   65.401949125  -10.845367321   -1.176614971
    0.439822972   -0.125663706   64.428496593  -20.987207522   -6.942589315
    0.502654825   -0.125663706   62.671528329  -35.671676243  -14.768158817
    0.565486678   -0.125663706   59.899514002  -52.531706500  -23.860225238
    0.628318531   -0.125663706   56.139219684  -65.979552980  -31.911452826
    0.691150384   -0.125663706   51.390992071  -77.272342126  -37.013834425
    0.753982237   -0.125663706   46.334480645  -80.718780534  -38.854254167
    0.816814090   -0.125663706   40.650839688  -82.340013490  -33.026366789
    0.879645943   -0.125663706   35.659313321  -70.645607305  -24.043352299
    0.942477796   -0.125663706   31.184521885  -52.355246489  -12.525133686
    1.005309649   -0.125663706   29.547735460  -28.675671507   -8.411186807
    1.068141502   -0.125663706   28.497427123   -6.118068262    0.216755333
    1.130973355   -0.125663706   29.071060340   -4.733850427    2.789773374
    1.193805208   -0.125663706   28.078037455   -8.500269403   -2.932010197
    1.256637061   -0.125663706   26.703659172  -17.352176990   -8.745510253
    1.319468915   -0.125663706   25.595045073  -15.630666725   -9.876026942
    1.382300768   -0.125663706   25.674904377  -11.388969552  -12.720981916
    1.445132621   -0.125663706   25.811839852   -8.266855260   -7.222237347
    1.507964474   -0.125663706   26.417588121    7.029745144   -3.416993490
    1.570796327   -0.125663706   27.836314010   17.834230203   -5.261608804
    1.633628180   -0.125663706   30.263320258   25.674901684  -15.055741207
    1.696460033   -0.125663706   31.916916409   33.048543346  -13.251984889
    1.759291886   -0.125663706   34.357496891   43.126845590  -12.904953862
    1.822123739   -0.125663706   36.922896667   27.726600977  -14.245932752
    1.884955592   -0.125663706   38.148427372   -0.947830493  -23.479221026
    1.947787445   -0.125663706   36.286147872  -23.830880705  -22.643457545
    2.010619298   -0.125663706   34.635664397  -25.437875255  -23.090000245
    2.073451151   -0.125663706   32.148504633  -16.592923899  -20.804191511
    2.136283004   -0.125663706   32.590233147   -8.400661735  -18.379499806
    2.199114858   -0.125663706   33.738715967  -12.243890055   -2.715752166
    2.261946711   -0.125663706   33.871618427  -32.988911642   13.995413332
    2.324778564   -0.125663706   32.288755456  -26.393409981   20.636238402
    2.387610417   -0.125663706   31.716071737  -11.099795539   26.804009550
    2.450442270   -0.125663706   30.774711196   -0.760941662   29.424526825
    2.513274123   -0.125663706   30.657317650    8.363065502   29.453053648
    2.576105976   -0.125663706   31.530658957    0.936561828   19.735902055
    2.638937829   -0.125663706   32.211264407   14.149798187   10.348706240
    2.701769682   -0.125663706   33.360326070    2.604135673    7.598912333
    2.764601535   -0.125663706   34.715739704  -15.197247375   16.088028604
    2.827433388   -0.125663706   31.991355292  -23.544862355   10.507219659
    2.890265241   -0.125663706   30.230282901  -28.538023354   -2.846402464
    2.953097094   -0.125663706   28.772534375  -37.420822014  -15.345768893
    3.015928947   -0.125663706   28.349341258  -33.452981007  -28.350746346
    3.078760801   -0.125663706   27.964502363  -35.435549250  -42.268581211

   -3.141592654   -0.062831853   24.947261069  -58.379903799  -44.824154130
   -3.078760801   -0.062831853   22.079079536  -46.576827197  -47.170038129
   -3.015928947   -0.062831853   19.620747815  -27.051662866  -43.470186938
   -2.953097094   -0.062831853   20.005183975  -15.828487271  -46.253580768
   -2.890265241   -0.062831853   18.397535889  -22.067887971  -46.491089622
   -2.827433388   -0.062831853   16.720288493  -31.683183821  -43.185688714
   -2.764601535   -0.062831853   14.475053140  -41.715754575  -38.634191077
   -2.701769682   -0.062831853   12.566438117  -37.994519073  -30.382536461
   -2.638937829   -0.062831853   10.962763413  -16.683346040  -23.391358448
   -2.576105976   -0.062831853    9.521789119  -13.822672671  -21.815972203
   -2.513274123   -0.062831853    9.151033205   -8.056414579  -23.370619941
   -2.450442270   -0.062831853    9.281243479  -12.949724911  -33.522668373
   -2.387610417   -0.062831853    8.674514428   -9.488711388  -43.641539396
   -2.324778564   -0.062831853    8.550629157   -6.460838970  -46.738971069
   -2.261946711   -0.062831853    8.993423403   -5.769187283  -38.981210701
   -2.199114858   -0.062831853    9.235721748   10.221180900  -34.697403385
   -2.136283004   -0.062831853    9.566438976   10.150130278  -35.713348619
   -2.073451151   -0.062831853    9.234832310   18.482984604  -35.577217298
   -2.010619298   -0.062831853   10.599562251   23.840629144  -32.817689006
   -1.947787445   -0.062831853   11.327134903   -0.205127434  -33.427257533
   -1.884955592   -0.062831853   11.474766906  -29.749860947  -37.720970944
   -1.822123739   -0.062831853    9.249575492  -48.418501387  -31.217698590
   -1.759291886   -0.062831853    7.248853248  -23.752183168  -19.718757777
   -1.696460033   -0.062831853    6.837361064    1.856794611   -8.950326416
   -1.633628180   -0.062831853    8.387668000  -18.459031845   -3.282634825
   -1.570796327   -0.062831853    7.047897631  -24.824907651   -5.544256541
   -1.507964474   -0.062831853    5.377438253  -28.415383659   -6.612461043
   -1.445132621   -0.062831853    3.423160799  -30.066652706   -8.783993090
   -1.382300768   -0.062831853    1.576433341  -29.427878347  -14.646618906
   -1.319468915   -0.062831853    0.081286219  -16.878789201  -15.697521150
   -1.256637061   -0.062831853    0.000000000    1.184445168  -10.465904416
   -1.193805208   -0.062831853    0.870232822   20.989142685   -5.228361332
   -1.130973355   -0.062831853    2.133006610   40.019290523    3.795318642
   -1.068141502   -0.062831853    5.490758656   57.595347372   11.387926724
   -1.005309649   -0.062831853    9.517073787   48.661436317    6.173597900
   -0.942477796   -0.062831853   13.412342632   29.262038733   -4.832848499
   -0.879645943   -0.062831853   15.393376712   36.756221447    7.552420722
   -0.816814090   -0.062831853   18.507427475   62.440627000   26.820410266
   -0.753982237   -0.062831853   23.061864282   79.429545955   39.914124120
   -0.691150384   -0.062831853   28.423431737   87.318283024   42.712641477
   -0.628318531   -0.062831853   34.084599710   90.055575034   41.151982078
   -0.565486678   -0.062831853   39.687695706   87.188308550   37.837782854
   -0.502654825   -0.062831853   44.986420778   81.835391136   40.478116421
   -0.439822972   -0.062831853   50.196362961   72.722324311   48.751261180
   -0.376991118   -0.062831853   54.885018461   57.885723009   54.832458859
   -0.314159265   -0.062831853   57.789067397   35.567193242   48.285402917
   -0.251327412   -0.062831853   59.435060109   12.863083449   36.279067265
   -0.188495559   -0.062831853   59.999948593    7.291715539   27.480846533
   -0.125663706   -0.062831853   60.561159283   11.292573224   22.755663666
   -0.062831853   -0.062831853   61.467424558   17.367520355   19.063211928
    0.000000000   -0.062831853   62.668635880   20.288356142   14.757609365
    0.062831853   -0.062831853   63.945822806   19.666586446   10.900121861
    0.125663706   -0.062831853   65.056578249   15.030389536    7.675810636
    0.188495559   -0.062831853   65.782392154    7.904151197    4.693039240
    0.251327412   -0.062831853   66.293046966   -3.373741869    1.253521543
    0.314159265   -0.062831853   65.947247274   -7.913426519   -1.053805631
    0.376991118   -0.062831853   65.230574595  -15.556876337   -4.487240395
    0.439822972   -0.062831853   63.903477025  -27.499371518   -9.496851265
    0.502654825   -0.062831853   61.693097683  -43.277419732  -15.391048967
    0.565486678   -0.062831853   58.474178464  -58.782766731  -19.785901761
    0.628318531   -0.062831853   54.416850596  -69.129294619  -21.203157157
    0.691150384   -0.062831853   49.566515398  -77.404675588  -19.634471297
    0.753982237   -0.062831853   44.597678838  -78.366162590  -15.808530751
    0.816814090   -0.062831853   39.422383637  -75.127725446   -6.686887187
    0.879645943   -0.062831853   35.004292269  -61.612369193    1.248581143
    0.942477796   -0.062831853   31.117221057  -44.041549509    7.955507223
    1.005309649   -0.062831853   29.481061283  -23.308359161    4.102699940
    1.068141502   -0.062831853   28.637349821   -4.774920033    3.004392609
    1.130973355   -0.062831853   29.137184015   -7.152125943   -0.575628984
    1.193805208   -0.062831853   27.760209132  -13.899919046   -6.612925432
    1.256637061   -0.062831853   26.185781879  -19.624071430   -7.617527335
    1.319468915   -0.062831853   25.117421376  -14.059311235   -5.985658542
    1.382300768   -0.062831853   25.147266204   -7.076330096   -6.501699262
    1.445132621   -0.062831853   25.637881041   -5.040764293   -3.300788035
    1.507964474   -0.062831853   26.606796339    5.762134077    1.258697894
    1.570796327   -0.062831853   28.066821991   14.774400862    1.287048366
    1.633628180   -0.062831853   30.111080671   23.623273746   -3.324345415
    1.696460033   -0.062831853   31.781944570   30.642779645   -2.564776775
    1.759291886   -0.062831853   33.834820839   33.753794289   -8.514980793
    1.822123739   -0.062831853   35.775610954   18.469181851  -17.735410694
    1.884955592   -0.062831853   36.216000594   -5.283661312  -28.621777986
    1.947787445   -0.062831853   34.605851328  -19.573451626  -23.413532260
    2.010619298   -0.062831853   33.403731594  -15.990376105  -15.493514119
    2.073451151   -0.062831853   31.551369041   -4.269855099   -5.832038094
    2.136283004   -0.062831853   32.295246425    7.124749430   -5.511691941
    2.199114858   -0.062831853   34.352386930    2.871143848   -1.382548757
    2.261946711   -0.062831853   35.522494675  -22.291584817    4.064255253
    2.324778564   -0.062831853   34.432411616  -19.008636768    0.838660580
    2.387610417   -0.062831853   34.243424247   -7.281444807   -5.237341493
    2.450442270   -0.062831853   33.501676645    0.354694893   -9.402059823
    2.513274123   -0.062831853   33.313985987    6.726049922  -12.656267899
    2.576105976   -0.062831853   33.626322228   -7.711443102  -14.019404785
    2.638937829   -0.062831853   33.661032846    4.586321393  -12.728258768
    2.701769682   -0.062831853   34.614758258   -2.250854659   -3.718141540
    2.764601535   -0.062831853   36.285818152  -19.995741093    6.811628942
    2.827433388   -0.062831853   33.338443961  -28.522312685    8.883105107
    2.890265241   -0.062831853   30.919491348  -32.698626137    1.096182241
    2.953097094   -0.062831853   28.879605626  -44.296091237   -9.057500826
    3.015928947   -0.062831853   27.789704406  -45.062424410  -22.327776990
    3.078760801   -0.062831853   26.762599555  -47.744468322  -34.081716599

   -3.141592654    0.000000000   25.352385667  -52.079330134  -30.553769457
   -3.078760801    0.000000000   22.874770992  -35.797048307  -28.150512718
   -3.015928947    0.000000000   20.961368273  -24.371421360  -23.787484479
   -2.953097094    0.000000000   20.995753900  -18.784490246  -37.200153548
   -2.890265241    0.000000000   18.980819599  -27.419368555  -50.156486248
   -2.827433388    0.000000000   17.059880586  -33.431825591  -57.895399748
   -2.764601535    0.000000000   14.841824171  -36.897721351  -55.474269134
   -2.701769682    0.000000000   13.317375565  -33.508256948  -45.354410450
   -2.638937829    0.000000000   11.976201254  -15.287842781  -38.410121771
   -2.576105976    0.000000000   10.435672527  -18.102332501  -36.763216304
   -2.513274123    0.000000000    9.800301514  -17.218973704  -35.285881520
   -2.450442270    0.000000000    9.310958274  -21.210934360  -35.523831386
   -2.387610417    0.000000000    8.360663389  -13.020519767  -28.129856651
   -2.324778564    0.000000000    8.284619536   -2.798460980  -17.716120419
   -2.261946711    0.000000000    9.254584968   -0.914780499   -5.936281144
   -2.199114858    0.000000000    9.528143161    7.017679458   -6.649624679
   -2.136283004    0.000000000    9.582347811    4.149460703   -9.700288672
   -2.073451151    0.000000000    9.228318187   19.503421087   -4.786575115
   -2.010619298    0.000000000   10.624450676   22.054535934   -0.283693727
   -1.947787445    0.000000000   11.139199301   -3.744044254   -0.724352484
   -1.884955592    0.000000000   10.810655026  -26.798556408   -6.326945168
   -1.822123739    0.000000000    8.707591271  -42.360405527   -6.365938896
   -1.759291886    0.000000000    7.342374206  -16.308612051    2.466378293
   -1.696460033    0.000000000    7.594549820    7.988459871    9.237655629
   -1.633628180    0.000000000    9.603166001  -17.412136240   10.984184498
   -1.570796327    0.000000000    8.369933390  -22.183224478    5.494258567
   -1.507964474    0.000000000    6.879027798  -25.188862024    0.086682468
   -1.445132621    0.000000000    5.098487538  -29.543880979   -1.031941547
   -1.382300768    0.000000000    3.280108957  -28.403016103    1.249073485
   -1.319468915    0.000000000    1.996667958  -14.050479092    8.582839050
   -1.256637061    0.000000000    1.990175394   -2.505778241   11.510415280
   -1.193805208    0.000000000    2.578923203   14.768185861   11.007336684
   -1.130973355    0.000000000    3.786215748   40.767047336   17.593389983
   -1.068141502    0.000000000    6.969498587   52.294180784   19.552072442
   -1.005309649    0.000000000   10.314115446   39.366472931   15.895211262
   -0.942477796    0.000000000   13.783936698   36.247455712   18.694772599
   -0.879645943    0.000000000   16.802246002   54.274346383   38.463575274
   -0.816814090    0.000000000   20.874287162   73.445648020   48.127596814
   -0.753982237    0.000000000   25.777402318   81.140874003   48.145295244
   -0.691150384    0.000000000   31.078984022   86.162648159   46.362238111
   -0.628318531    0.000000000   36.653413353   88.066059474   46.061357150
   -0.565486678    0.000000000   42.200301780   87.892846606   45.911681693
   -0.502654825    0.000000000   47.706365424   87.323330675   46.892328068
   -0.439822972    0.000000000   53.202375024   76.732979402   45.755806145
   -0.376991118    0.000000000   57.890227598   52.296339429   40.388303147
   -0.314159265    0.000000000   60.193931994   24.310360816   29.225682016
   -0.251327412    0.000000000   61.193387891    4.902380905   21.570913183
   -0.188495559    0.000000000   61.428093541    4.289772224   19.624319216
   -0.125663706    0.000000000   61.843815059    9.151929327   18.902891753
   -0.062831853    0.000000000   62.562348339   13.516374047   16.101939675
    0.000000000    0.000000000   63.516185401   16.410355039   12.390503127
    0.062831853    0.000000000   64.562969981   16.265922083    8.763519552
    0.125663706    0.000000000   65.465843192   11.952168517    5.486031932
    0.188495559    0.000000000   66.016920743    5.423978109    2.858517758
    0.251327412    0.000000000   66.311126340   -5.199889874   -0.555138246
    0.314159265    0.000000000   65.841082437  -10.388237398   -2.385194302
    0.376991118    0.000000000   64.931470473  -19.242540908   -5.084890707
    0.439822972    0.000000000   63.349641594  -31.803655277   -8.160084638
    0.502654825    0.000000000   60.904144904  -46.137098256   -9.958333027
    0.565486678    0.000000000   57.585504520  -58.876000020   -9.554296263
    0.628318531    0.000000000   53.601547404  -66.715861913   -7.377368732
    0.691150384    0.000000000   48.948140319  -73.546204193   -3.673548114
    0.753982237    0.000000000   44.294954588  -72.877061152    1.333159540
    0.816814090    0.000000000   39.655724848  -68.621025124    8.284044948
    0.879645943    0.000000000   35.614836006  -57.258559405   11.951228608
    0.942477796    0.000000000   31.962254395  -43.234994787   13.255505697
    1.005309649    0.000000000   29.949738008  -25.325961427    6.647952787
    1.068141502    0.000000000   28.956404553   -7.124293651    3.957668633
    1.130973355    0.000000000   29.162168854   -8.640005158   -1.567701957
    1.193805208    0.000000000   27.446772642  -16.933459775   -6.991031601
    1.256637061    0.000000000   25.896267743  -18.705458866   -5.714718124
    1.319468915    0.000000000   25.008246127  -10.220772228   -1.922655002
    1.382300768    0.000000000   25.113348858   -2.185027915    1.801623342
    1.445132621    0.000000000   25.872922015   -0.965089493    8.659662311
    1.507964474    0.000000000   27.353027974    6.919530634   21.608303858
    1.570796327    0.000000000   29.005090776   14.983962634   28.222291313
    1.633628180    0.000000000   30.930245414   23.180747669   28.474299262
    1.696460033    0.000000000   32.604132100   27.730488922   26.903295608
    1.759291886    0.000000000   34.240145635   24.773442557   17.867856290
    1.822123739    0.000000000   35.587986731   11.511900245    5.819718019
    1.884955592    0.000000000   35.538353747   -5.300070910   -3.683740860
    1.947787445    0.000000000   34.476873704   -9.780062535    2.472519287
    2.010619298    0.000000000   33.937422583   -6.722901403    9.752813637
    2.073451151    0.000000000   32.756578804    1.183085769   17.659071173
    2.136283004    0.000000000   33.286179378    8.646996801   10.356102365
    2.199114858    0.000000000   35.205860137    5.404034461    2.807717495
    2.261946711    0.000000000   36.523616645  -21.042922874    2.471007860
    2.324778564    0.000000000   35.266036823  -22.734892995    0.288617023
    2.387610417    0.000000000   34.619675498  -14.953517821   -9.380636083
    2.450442270    0.000000000   33.575493056   -4.615001230  -17.271028624
    2.513274123    0.000000000   33.128082356    7.494975047  -26.460671468
    2.576105976    0.000000000   33.546952750   -2.863337154  -26.840286344
    2.638937829    0.000000000   33.861705085   10.625571320  -23.794014496
    2.701769682    0.000000000   35.516938281    3.496776500  -13.841159288
    2.764601535    0.000000000   37.692529764  -15.558701212  -10.883871678
    2.827433388    0.000000000   34.953110887  -28.464599989   -8.252808820
    2.890265241    0.000000000   32.286412235  -34.547916012  -11.268510237
    2.953097094    0.000000000   29.951650399  -48.420998544  -15.297316673
    3.015928947    0.000000000   28.527928238  -50.266444728  -19.025308986
    3.078760801    0.000000000   27.243359775  -50.783408371  -26.163507254

   -3.141592654    0.062831853   23.360367695  -53.805079021   -7.997702613
   -3.078760801    0.062831853   20.952721901  -29.209937219   -2.708163751
   -3.015928947    0.062831853   19.437166143  -26.183049663    6.599146682
   -2.953097094    0.062831853   18.748550981  -28.977833600   -6.626435989
   -2.890265241    0.062831853   16.032069784  -37.753024765  -23.019465755
   -2.827433388    0.062831853   13.770318710  -32.932808524  -36.569987635
   -2.764601535    0.062831853   11.872767252  -24.142512600  -39.205323774
   -2.701769682    0.062831853   11.159680903  -23.342148712  -31.712783590
   -2.638937829    0.062831853   10.330037591  -12.827389057  -26.647673324
   -2.576105976    0.062831853    8.968376352  -20.015383755  -21.466011035
   -2.513274123    0.062831853    8.438070258  -18.229517297  -13.407429286
   -2.450442270    0.062831853    7.986331015  -15.244953199   -3.663433145
   -2.387610417    0.062831853    7.549776497   -3.896130286   13.848436873
   -2.324778564    0.062831853    8.048128890    6.958717408   27.846291207
   -2.261946711    0.062831853    9.660259017    3.921472146   37.742310085
   -2.199114858    0.062831853    9.991130800    5.937826111   36.546329820
   -2.136283004    0.062831853   10.284448486   10.268263866   36.337799264
   -2.073451151    0.062831853   10.609703057   29.341946422   38.723559374
   -2.010619298    0.062831853   12.356139336   22.540965199   32.417089903
   -1.947787445    0.062831853   12.718788822   -7.253744057   23.025226700
   -1.884955592    0.062831853   11.809847273  -28.475555184   14.635863273
   -1.822123739    0.062831853    9.242367727  -43.245177502   11.084830507
   -1.759291886    0.062831853    7.993979709  -19.875575513   18.441312371
   -1.696460033    0.062831853    8.256074975    2.980012846   20.867067346
   -1.633628180    0.062831853   10.008154035  -27.375585227   13.621415946
   -1.570796327    0.062831853    8.227394090  -28.765777532   -0.959840352
   -1.507964474    0.062831853    6.545513885  -24.412936983   -8.237124125
   -1.445132621    0.062831853    5.211434610  -22.429386773   -2.232352427
   -1.382300768    0.062831853    4.023591949  -17.520457531    6.020791228
   -1.319468915    0.062831853    3.314856094   -8.922139545   11.283439073
   -1.256637061    0.062831853    3.334128468   -5.858693253    9.742634337
   -1.193805208    0.062831853    3.983831543   17.843136837   17.107037056
   -1.130973355    0.062831853    5.728261585   48.733122128   31.753088908
   -1.068141502    0.062831853    9.031437474   52.928331900   37.593440433
   -1.005309649    0.062831853   12.421349232   44.809976327   43.622361955
   -0.942477796    0.062831853   16.283210491   50.195680085   51.857750491
   -0.879645943    0.062831853   20.240388695   62.168123280   62.162523184
   -0.816814090    0.062831853   24.504952977   72.420948674   61.145627195
   -0.753982237    0.062831853   29.272860196   79.299589269   59.484092740
   -0.691150384    0.062831853   34.504029377   85.778834984   59.709612666
   -0.628318531    0.062831853   40.019897861   85.980105910   57.941430492
   -0.565486678    0.062831853   45.373287910   84.391302570   52.538825216
   -0.502654825    0.062831853   50.684574870   84.165425304   46.887304879
   -0.439822972    0.062831853   55.833137599   70.547077579   38.037460211
   -0.376991118    0.062831853   59.982532891   41.686746794   27.400202722
   -0.314159265    0.062831853   61.657076484   16.533453046   19.098396460
   -0.251327412    0.062831853   62.351374191    3.668916482   16.619688259
   -0.188495559    0.062831853   62.590912729    4.646256225   17.769257763
   -0.125663706    0.062831853   62.964073770    7.101670900   16.633771897
   -0.062831853    0.062831853   63.493066031    9.844029170   13.218490921
    0.000000000    0.062831853   64.213424770   12.740927199    9.692409402
    0.062831853    0.062831853   65.039483860   12.926083104    6.439655473
    0.125663706    0.062831853   65.752957591    9.137870510    3.571712531
    0.188495559    0.062831853   66.143472751    2.864151527    1.280756592
    0.251327412    0.062831853   66.236708951   -6.527371313   -1.571198681
    0.314159265    0.062831853   65.655181950  -12.574466603   -2.981462662
    0.376991118    0.062831853   64.594833697  -21.778557866   -4.727870496
    0.439822972    0.062831853   62.845005876  -34.180194067   -6.546625270
    0.502654825    0.062831853   60.271777809  -47.819095418   -7.887920149
    0.565486678    0.062831853   56.862668395  -60.335414803   -9.027222614
    0.628318531    0.062831853   52.807475741  -67.464437286   -9.516351849
    0.691150384    0.062831853   48.135099079  -73.689106770   -8.593866812
    0.753982237    0.062831853   43.524463136  -72.125701084   -6.728772372
    0.816814090    0.062831853   39.037141714  -67.380993337   -4.208901125
    0.879645943    0.062831853   35.050401961  -57.066940836   -3.708518316
    0.942477796    0.062831853   31.512134004  -42.728323042   -1.900489728
    1.005309649    0.062831853   29.353376567  -23.954467603   -3.283496778
    1.068141502    0.062831853   28.445675051   -5.751974846   -4.776488701
    1.130973355    0.062831853   28.481309346   -6.440203043  -13.172773224
    1.193805208    0.062831853   26.716395592  -14.629477169  -19.008365177
    1.256637061    0.062831853   25.640709020   -9.458650444  -16.245191954
    1.319468915    0.062831853   25.490937733    3.630053354  -10.538873068
    1.382300768    0.062831853   26.394926599   14.273206351   -3.375425168
    1.445132621    0.062831853   28.134134965   17.188207169    7.443895256
    1.507964474    0.062831853   30.867264441   18.356780995   24.155192840
    1.570796327    0.062831853   33.157630257   19.350540868   32.125801374
    1.633628180    0.062831853   35.047536746   20.263991072   28.913494243
    1.696460033    0.062831853   36.469096488   20.364727616   21.671786472
    1.759291886    0.062831853   37.493451914   13.749886279    8.504206895
    1.822123739    0.062831853   38.113816902    2.471617777   -5.947668532
    1.884955592    0.062831853   37.498849912   -8.606269063  -16.375478082
    1.947787445    0.062831853   36.575020903   -8.310151623  -13.046390165
    2.010619298    0.062831853   36.078488088   -9.247320000   -5.815131339
    2.073451151    0.062831853   34.924255631   -7.316224820    4.956264935
    2.136283004    0.062831853   34.546971188   -3.317420752    1.758033734
    2.199114858    0.062831853   35.565865017    1.636435849   -4.095333725
    2.261946711    0.062831853   36.756647321  -18.292143908    1.430861835
    2.324778564    0.062831853   35.535080418  -22.819432643    9.705821826
    2.387610417    0.062831853   34.450319623  -22.815311417    7.951003169
    2.450442270    0.062831853   33.061923711  -13.216826820    5.322331333
    2.513274123    0.062831853   32.001224215    3.317199057   -5.855319745
    2.576105976    0.062831853   32.489190850    1.551756575   -5.611358489
    2.638937829    0.062831853   33.088734945   16.150594424   -1.151557070
    2.701769682    0.062831853   35.399407716    6.712666521    8.751609039
    2.764601535    0.062831853   37.499746186  -11.158896236    4.408062845
    2.827433388    0.062831853   34.864530588  -30.698886770    5.627611902
    2.890265241    0.062831853   32.020024057  -38.243537033    4.235276120
    2.953097094    0.062831853   29.398866935  -52.436385778    1.644824179
    3.015928947    0.062831853   27.736681104  -56.407627431    3.001428833
    3.078760801    0.062831853   25.734373902  -59.808283215   -5.227462985

   -3.141592654    0.125663706   21.059099676  -47.032298547   -0.763001103
   -3.078760801    0.125663706   19.398947429  -11.838266773    4.223723335
   -3.015928947    0.125663706   18.983901977  -19.579253783   12.874604501
   -2.953097094    0.125663706   18.125574805  -33.900045121    2.568062275
   -2.890265241    0.125663706   15.019953654  -48.338330859   -9.510826160
   -2.827433388    0.125663706   12.268921472  -37.439890785  -23.786738567
   -2.764601535    0.125663706   10.323583411  -17.349849830  -30.444812481
   -2.701769682    0.125663706   10.129815246  -16.802561950  -23.221388757
   -2.638937829    0.125663706    9.688772471  -10.476097815  -13.458558849
   -2.576105976    0.125663706    8.844727396  -16.291396929    1.909407411
   -2.513274123    0.125663706    8.975379753  -10.187414298   18.540425749
   -2.450442270    0.125663706    9.159983227    0.123480971   30.483530044
   -2.387610417    0.125663706    9.722422932    9.687879449   43.625590158
   -2.324778564    0.125663706   10.895231330   17.467466662   48.712303573
   -2.261946711    0.125663706   13.000633417    8.950998328   49.835925852
   -2.199114858    0.125663706   13.494228561    8.023951261   48.677618942
   -2.136283004    0.125663706   14.205794051   17.982239346   49.806106554
   -2.073451151    0.125663706   14.914258894   29.033266002   44.289810432
   -2.010619298    0.125663706   16.352609255   15.301191749   25.875797667
   -1.947787445    0.125663706   16.446273399   -7.642251929   14.950760223
   -1.884955592    0.125663706   15.482623786  -21.465402340   16.755056112
   -1.822123739    0.125663706   12.911008292  -36.632980881   24.067498584
   -1.759291886    0.125663706   11.999303629  -25.465332738   37.860326254
   -1.696460033    0.125663706   11.836937332  -14.974383836   38.874207645
   -1.633628180    0.125663706   12.258724824  -54.859211939   24.712377741
   -1.570796327    0.125663706    8.887793428  -49.553631341   10.321631712
   -1.507964474    0.125663706    6.297570964  -32.577640174    5.121007355
   -1.445132621    0.125663706    4.953255671  -24.647961818    7.810936003
   -1.382300768    0.125663706    3.725035332  -17.852638608    3.865950288
   -1.319468915    0.125663706    2.897117071  -11.903302175   -0.885725868
   -1.256637061    0.125663706    2.899869514    0.353347507    2.897502184
   -1.193805208    0.125663706    4.498936962   35.122335043   21.986414614
   -1.130973355    0.125663706    7.412658065   63.378707315   36.765317399
   -1.068141502    0.125663706   11.343404996   63.601205195   39.451812334
   -1.005309649    0.125663706   15.431401166   58.138251286   41.910646963
   -0.942477796    0.125663706   19.943165561   61.041282254   43.518944230
   -0.879645943    0.125663706   24.495371626   64.077512319   45.515175720
   -0.816814090    0.125663706   28.769538526   72.109746254   46.401571487
   -0.753982237    0.125663706   33.563057719   80.470805975   51.905404850
   -0.691150384    0.125663706   38.793020974   83.985508017   56.976635289
   -0.628318531    0.125663706   44.010900475   78.809554586   56.108719914
   -0.565486678    0.125663706   48.873919435   76.364741942   51.382781396
   -0.502654825    0.125663706   53.661487076   74.782351961   43.853480422
   -0.439822972    0.125663706   58.089679048   59.223903254   32.465703242
   -0.376991118    0.125663706   61.515674139   32.183469255   21.319923819
   -0.314159265    0.125663706   62.762061846   13.058349800   16.058190938
   -0.251327412    0.125663706   63.371511926    4.966371360   15.449278456
   -0.188495559    0.125663706   63.646766088    3.611265405   14.637735976
   -0.125663706    0.125663706   63.882584703    4.022907337   12.121945970
   -0.062831853    0.125663706   64.202630311    6.461517119    8.869248083
    0.000000000    0.125663706   64.713859102    9.657055093    6.123854058
    0.062831853    0.125663706   65.366728422   10.412857978    3.929637225
    0.125663706    0.125663706   65.932927413    7.094906585    1.890958493
    0.188495559    0.125663706   66.199685409    1.264018721    0.248636887
    0.251327412    0.125663706   66.161289739   -7.123220501   -1.993053932
    0.314159265    0.125663706   65.533956155  -13.303622814   -3.009348959
    0.376991118    0.125663706   64.426985895  -22.809848901   -4.677206697
    0.439822972    0.125663706   62.634818468  -34.778420295   -7.214793017
    0.502654825    0.125663706   60.027957471  -48.332755174  -10.843461121
    0.565486678    0.125663706   56.616187805  -59.586735391  -13.856536028
    0.628318531    0.125663706   52.667023927  -64.853711621  -15.253458203
    0.691150384    0.125663706   48.231382842  -69.604443065  -15.055435570
    0.753982237    0.125663706   43.875976099  -68.359379318  -14.982621320
    0.816814090    0.125663706   39.657897485  -63.996775710  -14.190079905
    0.879645943    0.125663706   35.869478009  -54.165118900  -12.122422707
    0.942477796    0.125663706   32.646176098  -39.828847649   -6.569582144
    1.005309649    0.125663706   30.487223844  -24.527128791   -5.501462161
    1.068141502    0.125663706   29.362490927  -11.917815588   -7.877566146
    1.130973355    0.125663706   28.634133415  -13.862838201  -17.321237070
    1.193805208    0.125663706   26.365206578  -20.034389811  -18.965645996
    1.256637061    0.125663706   25.255295822   -8.993231972  -13.579264523
    1.319468915    0.125663706   25.247352604    7.714049517   -6.839187955
    1.382300768    0.125663706   26.423040033   22.501927151    0.773713660
    1.445132621    0.125663706   28.601270721   28.330738074    8.387007270
    1.507964474    0.125663706   32.096914509   24.098228732   18.060408830
    1.570796327    0.125663706   34.519208194   14.935091532   17.299220384
    1.633628180    0.125663706   35.803055227    8.767731415    7.181940501
    1.696460033    0.125663706   36.478314114    5.936264599   -1.441276121
    1.759291886    0.125663706   36.478939526   -2.665105889  -12.305565646
    1.822123739    0.125663706   36.025487767  -11.392259085  -24.111413527
    1.884955592    0.125663706   34.657110265  -13.584391706  -32.289302090
    1.947787445    0.125663706   33.963074580    0.025348533  -28.114734818
    2.010619298    0.125663706   34.255205655    3.704634949  -15.317617274
    2.073451151    0.125663706   34.349610667    2.991774155    4.248126025
    2.136283004    0.125663706   34.351100684    2.219974217    9.782968585
    2.199114858    0.125663706   35.382845730   10.588068233    7.672567656
    2.261946711    0.125663706   37.074913551   -5.413583503   12.343614210
    2.324778564    0.125663706   36.564034426  -12.433171485   23.090673856
    2.387610417    0.125663706   35.633504779  -21.875252280   28.406171941
    2.450442270    0.125663706   34.318908993  -19.405066411   33.281950020
    2.513274123    0.125663706   32.542075955   -4.546004004   22.206293962
    2.576105976    0.125663706   32.900018542    3.168370610   18.439965536
    2.638937829    0.125663706   33.661555694   19.562189502   20.556610383
    2.701769682    0.125663706   36.402254077    5.018862215   27.887723399
    2.764601535    0.125663706   37.778575872  -12.855351864   17.579665784
    2.827433388    0.125663706   34.697629128  -43.327882325   14.953049549
    2.890265241    0.125663706   31.163147190  -51.409817121   10.126531437
    2.953097094    0.125663706   27.849750486  -60.698244026    6.276568724
    3.015928947    0.125663706   26.030664793  -61.112316612    9.882660800
    3.078760801    0.125663706   23.380981809  -62.560184935    0.253731817

   -3.141592654    0.188495559   20.996117973  -42.077477676    6.147760586
   -3.078760801    0.188495559   19.699288770   -4.106688974    2.411393032
   -3.015928947    0.188495559   19.847088632  -20.714516706   -0.136898309
   -2.953097094    0.188495559   18.740704280  -38.647225589   -9.804079406
   -2.890265241    0.188495559   15.550651424  -55.681311432  -13.367568741
   -2.827433388    0.188495559   12.504666953  -42.145220282  -19.202180899
   -2.764601535    0.188495559   10.389846124  -11.752799061  -27.402697198
   -2.701769682    0.188495559   10.658294570  -10.502807039  -26.504502461
   -2.638937829    0.188495559   10.709024339   -5.463055995  -23.817471825
   -2.576105976    0.188495559   10.705557133   -9.467747549  -11.532071344
   -2.513274123    0.188495559   11.603610192   -5.322626960    1.861653591
   -2.450442270    0.188495559   11.950713987    2.328125681    7.149690557
   -2.387610417    0.188495559   12.446313659    3.042681107    8.242292009
   -2.324778564    0.188495559   12.959001275    7.207044496    3.471970258
   -2.261946711    0.188495559   14.360137751    1.248286203   -0.173770023
   -2.199114858    0.188495559   14.471768266    5.083664845    4.747456929
   -2.136283004    0.188495559   15.203604298   17.684572533   12.064888298
   -2.073451151    0.188495559   15.497571411   14.194317777    7.993810025
   -2.010619298    0.188495559   15.913774520    1.512016532   -4.464617497
   -1.947787445    0.188495559   15.716353760   -2.731623251   -2.363336255
   -1.884955592    0.188495559   15.305101784   -5.584214950   11.406967005
   -1.822123739    0.188495559   13.539288288  -19.932133381   25.624435469
   -1.759291886    0.188495559   13.544784765  -22.042943067   34.946066653
   -1.696460033    0.188495559   13.599236124  -21.134971019   32.083715039
   -1.633628180    0.188495559   13.620356719  -58.005725814   20.932112340
   -1.570796327    0.188495559   10.346384513  -43.561483142   21.246392002
   -1.507964474    0.188495559    8.209856078  -26.282721956   22.954715778
   -1.445132621    0.188495559    7.367753428  -26.591567625   25.359764946
   -1.382300768    0.188495559    5.884221272  -22.605052892   22.192869493
   -1.319468915    0.188495559    4.874369936  -10.509251754   29.264586291
   -1.256637061    0.188495559    5.160561812   11.931516631   44.333519797
   -1.193805208    0.188495559    7.604955834   42.716135857   59.808866055
   -1.130973355    0.188495559   10.746706260   60.522514216   58.920259235
   -1.068141502    0.188495559   14.302034868   59.711073816   49.299649616
   -1.005309649    0.188495559   18.218573518   57.872134254   44.384288907
   -0.942477796    0.188495559   22.646257067   59.452356459   42.015600317
   -0.879645943    0.188495559   27.286778469   64.594852476   43.789566977
   -0.816814090    0.188495559   31.751873472   78.251310704   49.318141863
   -0.753982237    0.188495559   37.012844268   87.830251668   58.167336533
   -0.691150384    0.188495559   42.514526804   85.075460687   61.471718751
   -0.628318531    0.188495559   47.605935115   74.677980864   58.530192582
   -0.565486678    0.188495559   52.124630469   69.395033096   52.180565991
   -0.502654825    0.188495559   56.345589932   63.871638588   41.668722888
   -0.439822972    0.188495559   59.970551211   46.783045402   27.817616878
   -0.376991118    0.188495559   62.704948140   24.737049549   17.323619343
   -0.314159265    0.188495559   63.671825278   11.302860977   13.316876959
   -0.251327412    0.188495559   64.186452167    4.222892045   10.730540508
   -0.188495559    0.188495559   64.350927285    1.132445303    8.200838635
   -0.125663706    0.188495559   64.388956425    0.700102433    4.996349910
   -0.062831853    0.188495559   64.514611031    3.801536106    2.651662521
    0.000000000    0.188495559   64.878579788    7.458445623    1.114524147
    0.062831853    0.188495559   65.392183665    8.208216016   -0.351621680
    0.125663706    0.188495559   65.816777135    4.709070147   -2.320040166
    0.188495559    0.188495559   65.941661039   -1.168321519   -4.734638881
    0.251327412    0.188495559   65.716905664   -8.793634099   -7.921310396
    0.314159265    0.188495559   64.956013626  -15.895417748  -11.157001272
    0.376991118    0.188495559   63.655368380  -26.269429605  -15.925847256
    0.439822972    0.188495559   61.597490374  -39.218584333  -22.183777549
    0.502654825    0.188495559   58.724719775  -51.892009469  -27.411588127
    0.565486678    0.188495559   55.157412249  -60.995558388  -30.084223983
    0.628318531    0.188495559   51.177213459  -64.770883585  -30.874716008
    0.691150384    0.188495559   46.807788367  -68.755904055  -30.209806566
    0.753982237    0.188495559   42.527958222  -66.696250642  -28.380170238
    0.816814090    0.188495559   38.516400150  -59.789487703  -23.174043819
    0.879645943    0.188495559   35.023461289  -49.131983414  -17.444464017
    0.942477796    0.188495559   32.172619495  -37.365153643  -12.634297823
    1.005309649    0.188495559   30.019953885  -26.450267339  -14.283498660
    1.068141502    0.188495559   28.664912183  -17.319608431  -18.600603383
    1.130973355    0.188495559   27.389659091  -16.039068979  -24.948769545
    1.193805208    0.188495559   25.196630757  -17.155160332  -20.253263881
    1.256637061    0.188495559   24.496022919   -1.993436235  -11.235580997
    1.319468915    0.188495559   24.980581625   16.550943232   -1.903952668
    1.382300768    0.188495559   26.638364049   31.576685663    4.339080236
    1.445132621    0.188495559   29.204167364   36.934577261    6.137218318
    1.507964474    0.188495559   33.055904766   26.108603209    4.015638542
    1.570796327    0.188495559   35.437536835   11.173197278   -1.056710347
    1.633628180    0.188495559   36.308986182    4.685269937   -9.566569186
    1.696460033    0.188495559   36.835989339    1.220398871  -14.040490155
    1.759291886    0.188495559   36.501002518   -8.000771951  -21.605163698
    1.822123739    0.188495559   35.608621795  -16.425593601  -28.009527942
    1.884955592    0.188495559   33.904208792  -14.539902860  -30.373058320
    1.947787445    0.188495559   33.537649550    8.780625393  -20.970297817
    2.010619298    0.188495559   34.623296785   15.696611046   -4.065412830
    2.073451151    0.188495559   35.923717907   11.783227507   17.134370724
    2.136283004    0.188495559   36.230717062    4.361656213   20.988338956
    2.199114858    0.188495559   37.032128628   12.817325174   13.940416677
    2.261946711    0.188495559   38.844019728    2.666741137   11.148266084
    2.324778564    0.188495559   38.973933522   -0.411663903   19.718569062
    2.387610417    0.188495559   38.443742929  -16.130484619   29.354005985
    2.450442270    0.188495559   37.416207385  -25.755852380   40.699859100
    2.513274123    0.188495559   34.722857250  -19.384863808   34.672904378
    2.576105976    0.188495559   34.322225421   -5.236676279   28.071266537
    2.638937829    0.188495559   34.688843128   14.464933852   25.876656051
    2.701769682    0.188495559   37.369004349   -0.300054165   26.213004405
    2.764601535    0.188495559   37.767426473  -15.620875731   12.904136384
    2.827433388    0.188495559   34.390686054  -51.100163403    9.831494258
    2.890265241    0.188495559   30.659153405  -54.395348223    9.106184517
    2.953097094    0.188495559   27.405722942  -59.548440635   11.665714461
    3.015928947    0.188495559   26.141625339  -57.707574709   18.880657998
    3.078760801    0.188495559   23.175788375  -60.531868011   10.592329544

   -3.141592654    0.251327412   22.969221788  -47.135098088    2.180774863
   -3.078760801    0.251327412   21.172878088  -13.106792830   -9.083612630
   -3.015928947    0.251327412   20.688645080  -35.533095036  -24.708046079
   -2.953097094    0.251327412   18.837014864  -48.276386027  -34.809296958
   -2.890265241    0.251327412   15.551784078  -61.908298530  -27.776847034
   -2.827433388    0.251327412   12.403212735  -47.379138428  -17.230643094
   -2.764601535    0.251327412    9.822840450  -13.521989030  -17.154449717
   -2.701769682    0.251327412    9.906916568  -16.124164059  -20.817572890
   -2.638937829    0.251327412    9.804058897   -7.231925592  -29.943954652
   -2.576105976    0.251327412   10.470963194   -2.667374094  -25.881921295
   -2.513274123    0.251327412   12.345568839    3.681030711  -15.629873322
   -2.450442270    0.251327412   13.249412166    7.475642036  -11.510552086
   -2.387610417    0.251327412   14.005697464    1.317398321  -13.171559285
   -2.324778564    0.251327412   14.396257484    6.637023463  -18.650220193
   -2.261946711    0.251327412   15.707546171    5.590133780  -22.590642892
   -2.199114858    0.251327412   16.131765574   10.613766474  -18.561383394
   -2.136283004    0.251327412   17.124353482   17.888992744  -13.060350731
   -2.073451151    0.251327412   16.937785074   -0.375034869  -13.660050217
   -2.010619298    0.251327412   16.573914280   -5.702404697  -13.034922049
   -1.947787445    0.251327412   16.468675172    5.251425246    0.200158239
   -1.884955592    0.251327412   16.582985511    1.980661389   13.077792383
   -1.822123739    0.251327412   15.234944816  -16.341558329   19.977520300
   -1.759291886    0.251327412   15.312232476  -28.835305973   17.955333358
   -1.696460033    0.251327412   15.137199753  -28.438259854   14.352212497
   -1.633628180    0.251327412   14.783537072  -52.446037185    9.624866349
   -1.570796327    0.251327412   12.013778309  -34.867129102   18.260261389
   -1.507964474    0.251327412   10.295136496  -22.333955719   23.268138649
   -1.445132621    0.251327412    9.999361393  -23.925145334   33.042680344
   -1.382300768    0.251327412    8.943435280  -10.127827373   42.410314346
   -1.319468915    0.251327412    8.968544048   10.283198894   57.194706890
   -1.256637061    0.251327412   10.394502696   29.293757152   66.444300731
   -1.193805208    0.251327412   13.404607257   38.809495696   61.977113389
   -1.130973355    0.251327412   15.986970938   45.609092042   47.876645516
   -1.068141502    0.251327412   18.531699009   46.239552931   36.353572152
   -1.005309649    0.251327412   21.757354761   49.488726196   34.308822613
   -0.942477796    0.251327412   25.726586567   54.225313227   35.808502073
   -0.879645943    0.251327412   30.340665255   66.749084247   44.143267820
   -0.816814090    0.251327412   35.176940287   86.647090208   55.805183799
   -0.753982237    0.251327412   40.880023845   92.013789072   62.087296406
   -0.691150384    0.251327412   46.406395640   82.350716580   60.260762236
   -0.628318531    0.251327412   51.191217521   68.229078337   53.632125690
   -0.565486678    0.251327412   55.219577619   59.682237799   44.562973917
   -0.502654825    0.251327412   58.709159206   50.382258174   32.502587334
   -0.439822972    0.251327412   61.496614716   35.005340371   20.121505309
   -0.376991118    0.251327412   63.618633718   18.624468769   11.306407816
   -0.314159265    0.251327412   64.329368204    8.279295875    7.222920895
   -0.251327412    0.251327412   64.653426417    1.676330172    3.724844830
   -0.188495559    0.251327412   64.627876478   -1.950350173    0.624426568
   -0.125663706    0.251327412   64.500415188   -1.252529945   -1.023014823
   -0.062831853    0.251327412   64.550706204    3.125663786   -0.936980837
    0.000000000    0.251327412   64.884951396    6.858106824   -0.251518413
    0.062831853    0.251327412   65.341028448    6.747787813   -0.388268674
    0.125663706    0.251327412   65.646761100    2.306280995   -1.760730011
    0.188495559    0.251327412   65.585498740   -4.478759742   -4.372110558
    0.251327412    0.251327412   65.091670032  -13.008479978   -8.750835014
    0.314159265    0.251327412   63.989995966  -22.435240807  -14.698379922
    0.376991118    0.251327412   62.208417664  -34.900681080  -22.865954494
    0.439822972    0.251327412   59.624875547  -47.260536844  -30.791489594
    0.502654825    0.251327412   56.319915525  -57.440872535  -36.497466616
    0.565486678    0.251327412   52.486522569  -64.123838623  -39.626822500
    0.628318531    0.251327412   48.357908366  -66.435312913  -41.084619619
    0.691150384    0.251327412   44.005641029  -66.971622742  -38.701588331
    0.753982237    0.251327412   39.995671991  -59.920220131  -30.772925232
    0.816814090    0.251327412   36.490848176  -51.413861630  -21.298765494
    0.879645943    0.251327412   33.416624365  -44.356960672  -16.586837083
    0.942477796    0.251327412   30.821404369  -38.062513683  -16.850029996
    1.005309649    0.251327412   28.564072895  -29.625370462  -22.110448679
    1.068141502    0.251327412   27.004115242  -19.700836246  -27.401943948
    1.130973355    0.251327412   25.524741687  -13.200513759  -30.660671385
    1.193805208    0.251327412   23.884279634   -7.684253736  -19.810506952
    1.256637061    0.251327412   23.906291508    8.608885143   -7.289990576
    1.319468915    0.251327412   24.935454758   22.315917714    0.319440825
    1.382300768    0.251327412   26.684464006   30.259667754   -1.155080153
    1.445132621    0.251327412   28.850595235   30.291512848   -9.325696602
    1.507964474    0.251327412   31.977454265   16.959065754  -18.983485126
    1.570796327    0.251327412   33.764223396    1.392424353  -20.941660820
    1.633628180    0.251327412   33.853231980   -4.191170991  -26.687948730
    1.696460033    0.251327412   33.998253047   -6.160270829  -29.658178629
    1.759291886    0.251327412   33.408629586   -7.364863978  -34.167813888
    1.822123739    0.251327412   32.761903251   -6.682423214  -31.411436649
    1.884955592    0.251327412   31.727654140    1.410399862  -21.334615507
    1.947787445    0.251327412   32.614634707   30.536704555   -3.793049499
    2.010619298    0.251327412   35.194577467   35.819185411   13.523394941
    2.073451151    0.251327412   38.077200234   24.048580511   28.232791093
    2.136283004    0.251327412   38.854432772    7.598075415   26.183342247
    2.199114858    0.251327412   39.413696565   11.904035045   18.390412175
    2.261946711    0.251327412   41.133661474    5.780034491   16.050667611
    2.324778564    0.251327412   41.626492958    8.090769750   20.775276571
    2.387610417    0.251327412   41.511967267   -8.325807107   28.326909140
    2.450442270    0.251327412   41.040931302  -26.375178299   40.629844723
    2.513274123    0.251327412   37.969768777  -28.187874932   40.749583980
    2.576105976    0.251327412   36.981369106  -12.335543196   33.131365813
    2.638937829    0.251327412   36.980691544    8.009536824   24.812556945
    2.701769682    0.251327412   39.342702720   -3.348604015   11.407436279
    2.764601535    0.251327412   38.924911418  -16.067438223   -6.218030951
    2.827433388    0.251327412   35.556380782  -50.464484426   -9.752538596
    2.890265241    0.251327412   32.170512412  -48.353737351   -4.308651234
    2.953097094    0.251327412   29.505494319  -55.771027128    6.317573120
    3.015928947    0.251327412   28.892242500  -54.903013506   16.132496849
    3.078760801    0.251327412   25.515144416  -62.233514479   10.142635351

   -3.141592654    0.314159265   25.695388429  -56.274457194   -2.481491176
   -3.078760801    0.314159265   22.966417521  -32.347714214   -5.582949049
   -3.015928947    0.314159265   20.863859361  -58.197728046  -22.559909847
   -2.953097094    0.314159265   17.988470704  -58.043712854  -28.637648795
   -2.890265241    0.314159265   14.945518141  -58.694818378  -17.551719664
   -2.827433388    0.314159265   12.581060950  -40.515006781    1.401608420
   -2.764601535    0.314159265    9.973801038  -13.238137246    2.114754592
   -2.701769682    0.314159265    9.500831360  -31.724888743   -9.421487728
   -2.638937829    0.314159265    8.354716306  -24.781719044  -28.673275241
   -2.576105976    0.314159265    8.859461312   -6.133592698  -31.187510121
   -2.513274123    0.314159265   11.218640005    7.204116124  -20.767286303
   -2.450442270    0.314159265   12.491467402    7.803083102   -9.938629116
   -2.387610417    0.314159265   13.346937351   -2.037183921   -4.235939820
   -2.324778564    0.314159265   13.677287326    4.238577238   -0.359418419
   -2.261946711    0.314159265   14.758428719    6.330957246   -4.275732925
   -2.199114858    0.314159265   15.233496330   12.353176236   -5.391429633
   -2.136283004    0.314159265   16.269736350   17.666833139   -5.658188056
   -2.073451151    0.314159265   15.850263702   -4.391253602   -6.584347070
   -2.010619298    0.314159265   15.485746373   -1.184007307   -1.047517316
   -1.947787445    0.314159265   15.882729985   13.884685310    7.929962458
   -1.884955592    0.314159265   16.411592715    1.610701899   12.266612425
   -1.822123739    0.314159265   15.422487070  -14.718767622   13.290191052
   -1.759291886    0.314159265   15.696978169  -25.493660130    8.942821499
   -1.696460033    0.314159265   16.041650165  -19.445375131    6.322630966
   -1.633628180    0.314159265   16.284005774  -32.066420568    1.761582664
   -1.570796327    0.314159265   14.728720124  -17.277870487    2.605646547
   -1.507964474    0.314159265   14.023659586   -6.872855893    4.295600764
   -1.445132621    0.314159265   15.011769326   -7.545871385   14.276371224
   -1.382300768    0.314159265   15.052026390    9.048145206   25.389591719
   -1.319468915    0.314159265   16.076068215   24.076148478   36.074715198
   -1.256637061    0.314159265   17.786190200   26.787267855   39.612910842
   -1.193805208    0.314159265   20.173559915   21.629811637   37.097288166
   -1.130973355    0.314159265   21.766337946   28.202164410   37.369360510
   -1.068141502    0.314159265   23.329910856   34.059929669   36.462463462
   -1.005309649    0.314159265   25.895644621   41.899733228   36.618916082
   -0.942477796    0.314159265   29.447558561   53.519699548   39.415374070
   -0.879645943    0.314159265   34.211779264   72.046343180   49.538245969
   -0.816814090    0.314159265   39.331183120   88.970160512   56.876009643
   -0.753982237    0.314159265   44.950809319   87.132725511   54.826013344
   -0.691150384    0.314159265   50.029830528   73.581933640   47.251147058
   -0.628318531    0.314159265   54.242631480   59.125474811   39.070047817
   -0.565486678    0.314159265   57.649771902   48.668062139   30.329054497
   -0.502654825    0.314159265   60.389605583   38.124965267   19.859132653
   -0.439822972    0.314159265   62.473769196   25.991935918   10.875557588
   -0.376991118    0.314159265   64.095906107   13.500162804    3.748518542
   -0.314159265    0.314159265   64.555430549    4.762637054    0.017893184
   -0.251327412    0.314159265   64.657498167   -1.351926254   -3.136448271
   -0.188495559    0.314159265   64.478815191   -3.505235372   -4.718488757
   -0.125663706    0.314159265   64.325155519   -0.595967784   -4.052986952
   -0.062831853    0.314159265   64.460141396    4.765018924   -1.654504420
    0.000000000    0.314159265   64.895037147    7.942934485    0.605418306
    0.062831853    0.314159265   65.372885701    6.324704790    1.260990638
    0.125663706    0.314159265   65.601985057    0.460726500    0.272331438
    0.188495559    0.314159265   65.383194623   -7.744396754   -2.217838209
    0.251327412    0.314159265   64.605014060  -18.241151994   -6.927003710
    0.314159265    0.314159265   63.096619849  -30.154069811  -13.779357387
    0.376991118    0.314159265   60.791686739  -43.178861384  -21.931263387
    0.439822972    0.314159265   57.722322195  -53.906623253  -29.186037540
    0.502654825    0.314159265   54.065100662  -61.999118176  -34.654468047
    0.565486678    0.314159265   49.985081979  -67.339892545  -38.789259521
    0.628318531    0.314159265   45.743888252  -66.326278296  -39.224902891
    0.691150384    0.314159265   41.641933912  -59.703902425  -31.977941331
    0.753982237    0.314159265   38.207822353  -50.278104459  -20.000866154
    0.816814090    0.314159265   35.170754643  -47.417236345  -13.802588247
    0.879645943    0.314159265   32.083174202  -48.743292161  -17.292199923
    0.942477796    0.314159265   29.119077573  -48.078115587  -27.074315342
    1.005309649    0.314159265   26.280661839  -38.327533076  -38.378830124
    1.068141502    0.314159265   24.362094631  -22.188850706  -43.628297310
    1.130973355    0.314159265   22.872033843   -6.744956928  -42.355338773
    1.193805208    0.314159265   22.120232414    5.867834915  -29.183484556
    1.256637061    0.314159265   22.953423379   18.296403888  -21.755562589
    1.319468915    0.314159265   24.267719898   22.231937017  -23.117822183
    1.382300768    0.314159265   25.735708032   24.031538553  -28.077514722
    1.445132621    0.314159265   27.531967756   27.907463576  -26.837644148
    1.507964474    0.314159265   30.338250065   21.427145653  -26.191726907
    1.570796327    0.314159265   32.405662274    6.178767041  -20.059537646
    1.633628180    0.314159265   32.506105288   -1.974867957  -23.494962760
    1.696460033    0.314159265   32.955759814   -4.381711462  -23.478546540
    1.759291886    0.314159265   32.737337609    3.228550402  -21.847879584
    1.822123739    0.314159265   32.971628119   11.728787033   -9.558896336
    1.884955592    0.314159265   32.931834515   17.767926925    5.565544031
    1.947787445    0.314159265   34.666214163   39.357347809   19.039832229
    2.010619298    0.314159265   37.521526031   30.702839153   25.085336832
    2.073451151    0.314159265   40.290837963    8.903454847   29.665979003
    2.136283004    0.314159265   40.088955903   -6.006005027   25.611686258
    2.199114858    0.314159265   39.672710709    1.719664467   20.476390487
    2.261946711    0.314159265   40.934196611    2.571292979   15.812081536
    2.324778564    0.314159265   41.505772651   14.105114928   10.389523473
    2.387610417    0.314159265   42.077158051    7.826793626   13.066917550
    2.450442270    0.314159265   42.913852688  -12.209674208   26.051580936
    2.513274123    0.314159265   40.609573470  -22.514331605   35.020560820
    2.576105976    0.314159265   39.619292224  -15.900435474   30.581020243
    2.638937829    0.314159265   39.264557702   -3.283835380   19.788161197
    2.701769682    0.314159265   40.686264770  -10.568526916   -3.818991468
    2.764601535    0.314159265   39.416522242  -17.349750953  -21.691866881
    2.827433388    0.314159265   36.203977144  -42.154716652  -25.971737525
    2.890265241    0.314159265   33.652317014  -33.101112761  -20.112122244
    2.953097094    0.314159265   32.071146069  -45.891202238  -11.504127284
    3.015928947    0.314159265   32.301262677  -48.839738191   -3.311762903
    3.078760801    0.314159265   28.794134270  -62.787115432   -1.877320296

   -3.141592654    0.376991118   26.013711060  -50.097768425  -16.112279458
   -3.078760801    0.376991118   23.484223198  -32.871528982  -15.178809821
   -3.015928947    0.376991118   20.601423011  -61.238327157  -29.689865324
   -2.953097094    0.376991118   17.763040558  -53.638775225  -27.932504037
   -2.890265241    0.376991118   15.632835706  -46.267759465  -13.460916325
   -2.827433388    0.376991118   14.576431398  -28.897141543    7.286789709
   -2.764601535    0.376991118   11.957953360  -15.834487473    7.028331927
   -2.701769682    0.376991118   10.578440199  -52.069483896   -4.065434282
   -2.638937829    0.376991118    8.089928854  -47.419106751  -15.212714363
   -2.576105976    0.376991118    8.147310691  -14.066674095  -11.987262623
   -2.513274123    0.376991118   10.602245169    8.226427952   -5.510240311
   -2.450442270    0.376991118   12.136252254    7.111066882    0.699496098
   -2.387610417    0.376991118   13.142264599   -0.332167049    1.872689800
   -2.324778564    0.376991118   13.900371069    4.646763182    4.905003594
   -2.261946711    0.376991118   14.885192743    6.991228666   -4.639807530
   -2.199114858    0.376991118   15.386204024   13.420869913  -12.583548702
   -2.136283004    0.376991118   16.462342404   19.178310209  -17.064460057
   -2.073451151    0.376991118   16.029225418   -0.872376668  -19.899926415
   -2.010619298    0.376991118   16.138926393    9.214894662  -14.757832581
   -1.947787445    0.376991118   17.215294700   22.429078009  -10.671309250
   -1.884955592    0.376991118   18.336232103    1.851727495   -6.026740577
   -1.822123739    0.376991118   17.804896252  -14.971626497   -0.571626718
   -1.759291886    0.376991118   17.889637243  -30.107397353   -3.429928509
   -1.696460033    0.376991118   17.726565591  -29.990344482   -8.085230060
   -1.633628180    0.376991118   17.112230931  -43.023599704  -13.466095420
   -1.570796327    0.376991118   14.868944429  -26.210603651  -16.939101372
   -1.507964474    0.376991118   13.933122590   -5.081134342  -12.444206048
   -1.445132621    0.376991118   15.484261957    4.436921457   -1.255204781
   -1.382300768    0.376991118   16.467775933   26.518810866   13.377525220
   -1.319468915    0.376991118   18.360314425   35.772557034   23.432710171
   -1.256637061    0.376991118   20.561652729   32.258233845   32.149782875
   -1.193805208    0.376991118   23.158587598   23.279662645   41.143723140
   -1.130973355    0.376991118   25.037935628   26.655369367   53.311981700
   -1.068141502    0.376991118   26.317523114   27.378905511   52.240872867
   -1.005309649    0.376991118   28.461820066   37.105749005   49.491399212
   -0.942477796    0.376991118   31.740938586   56.486774723   49.738069840
   -0.879645943    0.376991118   36.540743500   72.259646302   50.440007160
   -0.816814090    0.376991118   41.417644684   80.963482774   44.797316380
   -0.753982237    0.376991118   46.403031938   75.997386353   33.440734769
   -0.691150384    0.376991118   50.872444834   66.021238902   23.933861902
   -0.628318531    0.376991118   54.726786623   55.103201656   17.796341731
   -0.565486678    0.376991118   57.888029925   44.777262612   11.687862269
   -0.502654825    0.376991118   60.392434180   34.817581542    5.635384786
   -0.439822972    0.376991118   62.295732176   24.167739772    0.437442774
   -0.376991118    0.376991118   63.771674807   12.643427707   -3.900838645
   -0.314159265    0.376991118   64.192781833    3.759667261   -5.827456921
   -0.251327412    0.376991118   64.237202824   -1.981161061   -7.203684854
   -0.188495559    0.376991118   64.071658857   -2.252184977   -6.484764945
   -0.125663706    0.376991118   64.060973835    2.436976242   -3.725216684
   -0.062831853    0.376991118   64.394506074    7.868401769   -0.384615204
    0.000000000    0.376991118   64.970704904    9.247572327    1.551542771
    0.062831853    0.376991118   65.473134054    5.900120961    1.399433010
    0.125663706    0.376991118   65.630583896   -1.335906158   -0.389806242
    0.188495559    0.376991118   65.254197898  -11.031279132   -3.839383666
    0.251327412    0.376991118   64.180462824  -23.859587165   -9.441780011
    0.314159265    0.376991118   62.255249826  -37.494493174  -17.453375235
    0.376991118    0.376991118   59.454495025  -50.700264991  -26.822387532
    0.439822972    0.376991118   55.955224540  -60.071558146  -35.798881689
    0.502654825    0.376991118   51.963342513  -66.623815888  -43.858466168
    0.565486678    0.376991118   47.669234915  -68.420033345  -48.717561692
    0.628318531    0.376991118   43.602722575  -58.914809461  -44.366987315
    0.691150384    0.376991118   40.231806609  -45.562725872  -31.574303559
    0.753982237    0.376991118   37.570477539  -41.344015695  -21.688594275
    0.816814090    0.376991118   34.735330781  -50.175242642  -23.070267586
    0.879645943    0.376991118   31.168727566  -60.091880307  -34.364012403
    0.942477796    0.376991118   27.562832051  -58.990645554  -42.321062902
    1.005309649    0.376991118   24.356659514  -40.012325303  -40.639455375
    1.068141502    0.376991118   22.693316045  -13.945547376  -27.322238800
    1.130973355    0.376991118   21.802327191    5.199793208  -14.892651300
    1.193805208    0.376991118   21.932897646   13.463425107   -8.246758364
    1.256637061    0.376991118   22.919637273   15.671427020  -17.427340115
    1.319468915    0.376991118   23.960017272   17.785337649  -26.064672176
    1.382300768    0.376991118   25.344994792   27.138033575  -22.313169614
    1.445132621    0.376991118   27.574847330   36.455898466   -7.993591495
    1.507964474    0.376991118   30.428969287   29.239567672   -4.308825213
    1.570796327    0.376991118   32.692937926    6.968581530   -2.213276215
    1.633628180    0.376991118   32.534318941   -3.940581949   -7.475449637
    1.696460033    0.376991118   33.277622572   -2.037971420   -4.088307989
    1.759291886    0.376991118   33.571661158   16.751039539   -0.858411117
    1.822123739    0.376991118   34.862401809   30.493680251    7.808858098
    1.884955592    0.376991118   35.705175975   28.501107344   14.685098727
    1.947787445    0.376991118   37.687809381   36.518630800   15.150412896
    2.010619298    0.376991118   40.133406302   17.825973526   13.148027873
    2.073451151    0.376991118   42.599953675   -4.882968894   20.582749919
    2.136283004    0.376991118   41.762547096  -12.341094019   23.145233372
    2.199114858    0.376991118   40.673602459   -8.138821417   20.058884823
    2.261946711    0.376991118   41.281959431   -9.290930875   12.449814097
    2.324778564    0.376991118   41.288526832    9.554349680    3.823028318
    2.387610417    0.376991118   42.030514860   16.450806652    5.848526919
    2.450442270    0.376991118   43.809170738   -0.297287471   17.662225686
    2.513274123    0.376991118   42.433272051  -15.635929966   31.011321865
    2.576105976    0.376991118   41.506100870  -20.727816669   30.439477644
    2.638937829    0.376991118   40.670145821  -18.885847588   20.138799439
    2.701769682    0.376991118   40.675685919  -22.040073902   -4.910573392
    2.764601535    0.376991118   38.576176435  -22.843171583  -15.814867078
    2.827433388    0.376991118   35.218276367  -38.779346769  -17.815812524
    2.890265241    0.376991118   32.947145929  -28.578701807  -16.058928305
    2.953097094    0.376991118   31.589694179  -43.095529034  -18.955034056
    3.015928947    0.376991118   32.126510399  -43.739542640  -19.186007106
    3.078760801    0.376991118   28.899786489  -54.714545250  -16.575291663

   -3.141592654    0.439822972   24.043729596  -44.643197553  -28.128648907
   -3.078760801    0.439822972   21.832158622  -30.418784606  -20.167121325
   -3.015928947    0.439822972   18.422041720  -54.549910429  -23.857258221
   -2.953097094    0.439822972   16.092081593  -40.863402855  -12.996324618
   -2.890265241    0.439822972   15.110293087  -31.389721331    3.839793995
   -2.827433388    0.439822972   15.451965551  -18.310666233   21.562357192
   -2.764601535    0.439822972   12.833367565  -17.091969658   15.791719932
   -2.701769682    0.439822972   10.963581625  -57.518995026    5.483298596
   -2.638937829    0.439822972    8.236562466  -52.587958767    4.932703907
   -2.576105976    0.439822972    8.775331698  -11.966333108   14.472153199
   -2.513274123    0.439822972   11.398558477   10.709070942   13.483081797
   -2.450442270    0.439822972   13.019669747    5.433254853   10.699481145
   -2.387610417    0.439822972   13.930332177   -0.861526590    7.516260673
   -2.324778564    0.439822972   14.923290428   -1.566113283   13.460402113
   -2.261946711    0.439822972   15.421560340   -0.361298645    8.449178055
   -2.199114858    0.439822972   15.545310087   10.168112959    2.562584640
   -2.136283004    0.439822972   16.470948332   19.653864412   -4.294452773
   -2.073451151    0.439822972   16.003282800    5.282010551  -13.560744553
   -2.010619298    0.439822972   16.614630361   17.093750079  -14.329404145
   -1.947787445    0.439822972   18.070255409   25.535440515  -15.111423631
   -1.884955592    0.439822972   19.712242911    0.075008668   -6.723903821
   -1.822123739    0.439822972   19.475612725  -19.202236485    1.550785239
   -1.759291886    0.439822972   19.060792792  -36.965506116    0.591593065
   -1.696460033    0.439822972   18.092385323  -41.808493948   -4.192551112
   -1.633628180    0.439822972   16.790234975  -53.989357116   -4.479218933
   -1.570796327    0.439822972   14.065929668  -28.268189908   -2.536213305
   -1.507964474    0.439822972   13.349011057    2.940691676    9.713816636
   -1.445132621    0.439822972   15.537167233   19.200703179   24.287081717
   -1.382300768    0.439822972   17.461970786   40.840011745   40.426923557
   -1.319468915    0.439822972   19.890062849   43.400832840   45.125345127
   -1.256637061    0.439822972   22.635110062   41.493290791   47.046020061
   -1.193805208    0.439822972   25.788836752   32.500052521   46.382659374
   -1.130973355    0.439822972   28.452069447   29.032676624   51.790192123
   -1.068141502    0.439822972   29.772033418   27.076246741   48.258788327
   -1.005309649    0.439822972   32.006426516   41.899061848   49.319215520
   -0.942477796    0.439822972   35.457812603   61.828985866   50.075355548
   -0.879645943    0.439822972   40.144992040   67.983673983   43.529905851
   -0.816814090    0.439822972   44.498467416   69.616145428   33.929836521
   -0.753982237    0.439822972   48.763111335   65.680469692   25.229569391
   -0.691150384    0.439822972   52.695928898   58.958856814   20.168231424
   -0.628318531    0.439822972   56.117309315   48.111209150   14.966015665
   -0.565486678    0.439822972   58.818775523   37.380010901    8.999683653
   -0.502654825    0.439822972   60.863224950   28.090129290    2.980952006
   -0.439822972    0.439822972   62.388809030   19.517319623   -1.769443590
   -0.376991118    0.439822972   63.561142968    9.405258692   -5.492284089
   -0.314159265    0.439822972   63.839729071    1.791908913   -6.597223166
   -0.251327412    0.439822972   63.824863666   -2.077703983   -6.431901404
   -0.188495559    0.439822972   63.732997324    0.017166697   -4.419490477
   -0.125663706    0.439822972   63.905413265    5.650431777   -1.392160221
   -0.062831853    0.439822972   64.414365330    9.876577716    0.493425877
    0.000000000    0.439822972   65.043794894    8.947825413    0.167213480
    0.062831853    0.439822972   65.473043202    3.949688880   -2.032839150
    0.125663706    0.439822972   65.473693177   -4.396800374   -4.957352931
    0.188495559    0.439822972   64.851123481  -16.134017515   -9.586372966
    0.251327412    0.439822972   63.371243441  -31.454731830  -16.892544866
    0.314159265    0.439822972   60.890180064  -47.279144348  -26.979093860
    0.376991118    0.439822972   57.410138009  -61.483539215  -38.975095626
    0.439822972    0.439822972   53.248586275  -70.233219286  -50.726804589
    0.502654825    0.439822972   48.684214785  -73.914118024  -59.510303556
    0.565486678    0.439822972   44.171487412  -67.229317651  -59.975276121
    0.628318531    0.439822972   40.484272262  -48.967987778  -51.123664590
    0.691150384    0.439822972   37.784454010  -36.379876496  -40.595614110
    0.753982237    0.439822972   35.321400538  -44.198939085  -41.070902814
    0.816814090    0.439822972   31.953706379  -62.862229736  -50.187452771
    0.879645943    0.439822972   27.609047786  -69.290500075  -55.288701191
    0.942477796    0.439822972   23.961745025  -53.515804569  -42.378321851
    1.005309649    0.439822972   21.596538026  -20.673273824  -18.083472363
    1.068141502    0.439822972   21.305440871    5.892334610    4.937695520
    1.130973355    0.439822972   21.255793189   11.637012945    7.997292202
    1.193805208    0.439822972   21.552435039    7.137352063   -2.931091800
    1.256637061    0.439822972   22.041594945   10.081330442  -18.339226837
    1.319468915    0.439822972   23.155384920   26.986072474  -19.474980836
    1.382300768    0.439822972   25.490781429   46.883870008   -9.254041277
    1.445132621    0.439822972   28.997398099   52.566049509   -0.634134272
    1.507964474    0.439822972   32.064650020   36.170838452  -13.754680980
    1.570796327    0.439822972   34.385691494    7.645973207  -24.890706346
    1.633628180    0.439822972   34.122923104   -2.122422318  -27.615052741
    1.696460033    0.439822972   35.439605296    0.356614454  -12.601015548
    1.759291886    0.439822972   35.916164616   18.829139767   -6.415037502
    1.822123739    0.439822972   37.270875152   30.170290212   -6.459319921
    1.884955592    0.439822972   37.907684704   22.095516127  -10.222252579
    1.947787445    0.439822972   39.339856275   27.416607702  -17.168329498
    2.010619298    0.439822972   41.394617985   12.830608476  -17.307702115
    2.073451151    0.439822972   44.288039303   -7.164953574   -1.548004961
    2.136283004    0.439822972   43.432167995  -12.620950752    4.808621941
    2.199114858    0.439822972   41.987649609  -15.790690270    6.352630590
    2.261946711    0.439822972   42.170791893  -18.309741668    9.246491883
    2.324778564    0.439822972   41.784562443    7.027530131   10.966073513
    2.387610417    0.439822972   42.718623034   22.479263335   17.198822181
    2.450442270    0.439822972   45.102184795    8.251932467   25.083463832
    2.513274123    0.439822972   44.501784119  -10.711840466   35.736466774
    2.576105976    0.439822972   43.555486381  -27.987054207   35.157590777
    2.638937829    0.439822972   42.093848434  -36.259216398   26.033517731
    2.701769682    0.439822972   40.627844780  -33.581951021    6.099891392
    2.764601535    0.439822972   38.072649350  -27.172618953    3.887072767
    2.827433388    0.439822972   34.544179941  -40.651409691    2.506508722
    2.890265241    0.439822972   31.974766017  -36.449046838   -6.104935008
    2.953097094    0.439822972   29.845050626  -47.756621255  -23.797149188
    3.015928947    0.439822972   29.906422937  -43.865779052  -35.578044293
    3.078760801    0.439822972   26.770022192  -49.505550025  -33.438546841

   -3.141592654    0.502654825   23.662917858  -34.299225286  -34.045721851
   -3.078760801    0.502654825   22.121000874  -22.432308372  -22.581209753
   -3.015928947    0.502654825   18.644415342  -43.411146335  -21.826021778
   -2.953097094    0.502654825   16.900015828  -28.384396353  -15.432413221
   -2.890265241    0.502654825   16.816536545  -19.803406251   -5.947110267
   -2.827433388    0.502654825   18.240138127  -13.572470523    7.318463027
   -2.764601535    0.502654825   15.476163954  -20.066465635    4.287451306
   -2.701769682    0.502654825   13.427479368  -51.197266189    3.436832459
   -2.638937829    0.502654825   11.289174100  -44.960504787   16.879462275
   -2.576105976    0.502654825   12.779553273   -8.262589192   32.869400554
   -2.513274123    0.502654825   15.123061404    6.506842720   21.066735018
   -2.450442270    0.502654825   16.307638678   -1.384220917    5.136592004
   -2.387610417    0.502654825   16.859112756   -0.007923924   -8.095054693
   -2.324778564    0.502654825   18.188696732   -2.692918325   -5.300273337
   -2.261946711    0.502654825   18.498859526   -6.043123923   -0.642633525
   -2.199114858    0.502654825   18.147138539    0.580570249    3.118618242
   -2.136283004    0.502654825   18.257144000    6.240559372    1.471477511
   -2.073451151    0.502654825   16.795021234   -3.587675993   -3.991757949
   -2.010619298    0.502654825   17.046226219   12.818390885   -3.433515082
   -1.947787445    0.502654825   18.292029978   22.718017379   -5.644159333
   -1.884955592    0.502654825   20.526115778    1.446818928    1.301411330
   -1.822123739    0.502654825   20.795649694  -18.200121351    5.306677620
   -1.759291886    0.502654825   20.206754323  -36.819226046    0.675111423
   -1.696460033    0.502654825   18.810730230  -45.108242249   -4.913730419
   -1.633628180    0.502654825   17.489629848  -53.959412947   -0.204385156
   -1.570796327    0.502654825   15.047122885  -17.417209347    9.915073511
   -1.507964474    0.502654825   15.351629180   22.472155856   28.075823065
   -1.445132621    0.502654825   18.617614188   40.907622470   40.984153444
   -1.382300768    0.502654825   21.679754649   54.144935837   52.542735538
   -1.319468915    0.502654825   24.311433438   42.556813327   48.163142753
   -1.256637061    0.502654825   26.866440726   36.595927552   38.846502072
   -1.193805208    0.502654825   29.597411597   26.844632920   29.280608090
   -1.130973355    0.502654825   32.366034409   22.198592138   35.515684773
   -1.068141502    0.502654825   33.437031471   25.639101196   40.389850774
   -1.005309649    0.502654825   35.662361676   41.858562069   46.310338346
   -0.942477796    0.502654825   38.870844495   56.488037430   45.166423423
   -0.879645943    0.502654825   42.873453734   58.404410233   37.226234575
   -0.816814090    0.502654825   46.634954331   61.344749643   33.252892423
   -0.753982237    0.502654825   50.508504342   61.037521832   31.589697752
   -0.691150384    0.502654825   54.155613015   53.698899326   27.720567295
   -0.628318531    0.502654825   57.155688465   40.754010332   19.398103870
   -0.565486678    0.502654825   59.359249822   29.711154772    9.838560121
   -0.502654825    0.502654825   60.990403309   22.608497736    2.892751776
   -0.439822972    0.502654825   62.220325819   15.801088186   -1.952269303
   -0.376991118    0.502654825   63.121072471    6.665435005   -6.109812211
   -0.314159265    0.502654825   63.280905933    0.352525190   -7.491869146
   -0.251327412    0.502654825   63.229474678   -2.154002489   -7.478982251
   -0.188495559    0.502654825   63.187464632    1.554401143   -6.788639240
   -0.125663706    0.502654825   63.460593420    6.987319636   -6.178685856
   -0.062831853    0.502654825   63.998627688    9.644087402   -7.249034028
    0.000000000    0.502654825   64.561277244    7.394194236   -9.974144316
    0.062831853    0.502654825   64.869223998    1.712436555  -12.938011741
    0.125663706    0.502654825   64.700129655   -7.880750127  -16.658070802
    0.188495559    0.502654825   63.774306269  -22.574078055  -22.775947863
    0.251327412    0.502654825   61.776903464  -41.256271161  -32.006049048
    0.314159265    0.502654825   58.586773337  -59.407494421  -44.604561934
    0.376991118    0.502654825   54.305436102  -73.849486631  -58.397716818
    0.439822972    0.502654825   49.444593020  -79.511431147  -70.062292513
    0.502654825    0.502654825   44.529975656  -74.916984656  -75.788385264
    0.565486678    0.502654825   40.301186021  -57.581930514  -72.890958199
    0.628318531    0.502654825   37.411035343  -35.100342422  -65.599064309
    0.691150384    0.502654825   35.389270188  -30.316983130  -63.446969384
    0.753982237    0.502654825   32.935648876  -47.162543592  -68.273405566
    0.816814090    0.502654825   29.417670037  -62.152864366  -65.970275575
    0.879645943    0.502654825   25.593311302  -52.660097280  -46.592316671
    0.942477796    0.502654825   23.440932345  -27.329371894  -16.624203795
    1.005309649    0.502654825   22.684376861    1.067644648    5.489679693
    1.068141502    0.502654825   23.407027354   10.594420744   12.943138776
    1.130973355    0.502654825   23.115238562    0.690891424    4.165462228
    1.193805208    0.502654825   22.742575796   -5.193499582   -3.275627647
    1.256637061    0.502654825   22.793424640   10.130684239   -1.893362125
    1.319468915    0.502654825   24.304550437   37.590491670    8.759165027
    1.382300768    0.502654825   27.184563737   52.184209863   12.870514041
    1.445132621    0.502654825   30.666200108   42.570935467    4.245540010
    1.507964474    0.502654825   32.388917006   21.393974966  -18.726979391
    1.570796327    0.502654825   33.869634735    3.770004075  -23.493654477
    1.633628180    0.502654825   33.705018932    5.804040104   -9.390961339
    1.696460033    0.502654825   35.913720757    2.124655794    8.250695332
    1.759291886    0.502654825   36.159753955    9.902167775    0.731320690
    1.822123739    0.502654825   36.844941011   18.302736746  -11.339023553
    1.884955592    0.502654825   36.825624491   10.447850425  -18.345123839
    1.947787445    0.502654825   37.595037405   20.294343901  -25.112351673
    2.010619298    0.502654825   39.497500286   15.288160967  -28.213413068
    2.073451151    0.502654825   43.300751009   -2.251099654  -21.210852690
    2.136283004    0.502654825   42.947766381   -2.811645185  -23.494301912
    2.199114858    0.502654825   42.178448840   -3.498986793  -18.730060852
    2.261946711    0.502654825   43.356289871   -5.168194150   -4.110803660
    2.324778564    0.502654825   43.714764137   16.900309577   10.173171983
    2.387610417    0.502654825   45.226253038   28.986512671   22.328772240
    2.450442270    0.502654825   47.902899636   12.702196623   27.360738209
    2.513274123    0.502654825   47.754224983   -9.662997248   33.411758962
    2.576105976    0.502654825   46.719388981  -34.916320623   30.317728424
    2.638937829    0.502654825   44.752164910  -47.451723599   19.742759759
    2.701769682    0.502654825   42.406082930  -38.263416768    6.406807139
    2.764601535    0.502654825   39.952294519  -28.290714047    6.613753950
    2.827433388    0.502654825   36.365130934  -47.035558359    3.395058396
    2.890265241    0.502654825   33.063506387  -52.182254283  -11.134571978
    2.953097094    0.502654825   29.673354949  -56.529495949  -31.063798542
    3.015928947    0.502654825   28.851850419  -44.491533840  -46.088750057
    3.078760801    0.502654825   25.901885905  -41.758954651  -42.706046368

   -3.141592654    0.565486678   22.637276563  -20.406319755   -6.703936165
   -3.078760801    0.565486678   21.998028249  -11.130055395    3.711660205
   -3.015928947    0.565486678   18.827723124  -33.708424363    4.855969908
   -2.953097094    0.565486678   17.343319873  -22.651081469    1.026539001
   -2.890265241    0.565486678   17.491714576  -17.266532612   -2.853270887
   -2.827433388    0.565486678   19.365259162  -17.101992728    0.884988711
   -2.764601535    0.565486678   16.233853270  -26.792337446   -1.238541278
   -2.701769682    0.565486678   14.144425524  -39.119161034    2.862349495
   -2.638937829    0.565486678   12.899650293  -28.334442563   16.907848247
   -2.576105976    0.565486678   15.574056064   -3.725926025   33.172946639
   -2.513274123    0.565486678   17.313182749   -2.785630938   18.644693918
   -2.450442270    0.565486678   17.715963848  -14.946345547    1.802638039
   -2.387610417    0.565486678   17.550570975   -1.297082639  -15.349509494
   -2.324778564    0.565486678   19.052899029    3.652302792  -18.380961442
   -2.261946711    0.565486678   19.885329344    0.851420393   -8.726946650
   -2.199114858    0.565486678   19.870080291    3.943427925   -0.764038065
   -2.136283004    0.565486678   19.920780147    4.870306381    0.560966777
   -2.073451151    0.565486678   18.245104144   -2.344043236    0.508006021
   -2.010619298    0.565486678   18.579787255   12.664683022    3.626047430
   -1.947787445    0.565486678   19.708789131   19.174724053    2.868885235
   -1.884955592    0.565486678   22.352218063   -0.136829885    7.958620717
   -1.822123739    0.565486678   22.896827073  -17.930585525    7.400137926
   -1.759291886    0.565486678   22.239337642  -32.814193561    0.612489292
   -1.696460033    0.565486678   20.847107306  -37.522135937   -2.945922318
   -1.633628180    0.565486678   20.205906612  -41.714715598    6.284528079
   -1.570796327    0.565486678   18.506833359   -5.583428060   19.339288883
   -1.507964474    0.565486678   19.377857594   25.853826388   30.161902472
   -1.445132621    0.565486678   22.231780453   34.984943980   28.333247168
   -1.382300768    0.565486678   24.591107007   37.327777601   26.318963338
   -1.319468915    0.565486678   25.811906330   20.141605913   16.829385483
   -1.256637061    0.565486678   27.156969505   22.199895505    7.818528401
   -1.193805208    0.565486678   29.334197872   27.960400278    4.978455175
   -1.130973355    0.565486678   33.040787772   34.898287357   18.895716203
   -1.068141502    0.565486678   35.180971275   43.710933126   28.578275014
   -1.005309649    0.565486678   38.445554147   56.052663937   32.615949438
   -0.942477796    0.565486678   42.303448624   64.675454134   30.464765998
   -0.879645943    0.565486678   46.652297594   66.623809543   26.981892752
   -0.816814090    0.565486678   50.934171116   68.661708889   28.213816925
   -0.753982237    0.565486678   55.067541690   60.796749344   26.359305295
   -0.691150384    0.565486678   58.352689616   42.734972196   17.858979585
   -0.628318531    0.565486678   60.455883060   24.375927726    7.244946697
   -0.565486678    0.565486678   61.624350082   13.923098081   -0.610860395
   -0.502654825    0.565486678   62.349510786    9.633218078   -4.810616179
   -0.439822972    0.565486678   62.851533928    5.743729144   -7.561595220
   -0.376991118    0.565486678   63.154535372   -0.253715640  -10.081071370
   -0.314159265    0.565486678   62.993079112   -3.534745755  -11.153674807
   -0.251327412    0.565486678   62.781814216   -4.043908292  -11.466458029
   -0.188495559    0.565486678   62.669664540    0.707239032  -12.489237518
   -0.125663706    0.565486678   62.865160297    5.195269831  -14.665364081
   -0.062831853    0.565486678   63.266360011    6.899892118  -18.009486172
    0.000000000    0.565486678   63.665224282    4.922519934  -21.738670773
    0.062831853    0.565486678   63.838099203   -0.433882432  -25.134352388
    0.125663706    0.565486678   63.506519198  -11.054431484  -29.564367265
    0.188495559    0.565486678   62.295676854  -28.333789007  -36.480879569
    0.251327412    0.565486678   59.842189820  -49.932786940  -45.777377190
    0.314159265    0.565486678   56.062990594  -69.276000328  -56.577754274
    0.376991118    0.565486678   51.125185874  -83.698215781  -68.063294920
    0.439822972    0.565486678   45.759110384  -85.281296971  -75.504877493
    0.502654825    0.565486678   40.709570449  -72.943160502  -74.897608706
    0.565486678    0.565486678   36.811572652  -50.382162065  -66.572927389
    0.628318531    0.565486678   34.297292964  -32.000124391  -58.879799734
    0.691150384    0.565486678   32.271736006  -32.918032856  -55.435647900
    0.753982237    0.565486678   29.547983091  -47.297495612  -53.242371970
    0.816814090    0.565486678   26.447044978  -47.970505899  -39.240780013
    0.879645943    0.565486678   23.806688000  -30.793627740  -20.024418730
    0.942477796    0.565486678   22.911658217  -13.080117953   -8.212706209
    1.005309649    0.565486678   22.670894773    2.881043531   -7.524119611
    1.068141502    0.565486678   23.395879598    3.213557405   -8.257485313
    1.130973355    0.565486678   22.631256997   -5.810655631  -11.207541676
    1.193805208    0.565486678   22.262849579   -1.048865307   -5.144614793
    1.256637061    0.565486678   22.899256543   23.282611174    7.715707250
    1.319468915    0.565486678   25.175271397   46.062492704   15.725422833
    1.382300768    0.565486678   28.079283090   46.192497633    8.900559150
    1.445132621    0.565486678   31.143483330   32.005547732    1.100406522
    1.507964474    0.565486678   32.242544835   26.372000858   -3.312401941
    1.570796327    0.565486678   34.344977227   23.462636654    4.560959171
    1.633628180    0.565486678   35.299396594   19.158006659    8.905112723
    1.696460033    0.565486678   38.175492706   -4.992911595    5.056583108
    1.759291886    0.565486678   37.637587885   -4.265586409   -8.692038630
    1.822123739    0.565486678   37.646230934   10.151186080  -11.214963416
    1.884955592    0.565486678   37.371284940    3.839319331   -5.192130884
    1.947787445    0.565486678   37.683975124   12.576349787   -5.588995578
    2.010619298    0.565486678   39.058120221    8.314856186  -12.647339896
    2.073451151    0.565486678   42.862805627  -11.708894563  -13.020089926
    2.136283004    0.565486678   42.163707183   -4.776477433  -15.757740197
    2.199114858    0.565486678   41.760360756    6.844257658   -5.678078635
    2.261946711    0.565486678   43.911942011   10.878782504    9.850602865
    2.324778564    0.565486678   45.220319110   30.085913004   24.741559736
    2.387610417    0.565486678   47.390298472   35.213679180   32.801632162
    2.450442270    0.565486678   50.150585696   15.707665867   29.977096734
    2.513274123    0.565486678   50.187401864  -11.658620506   30.024759102
    2.576105976    0.565486678   48.931085853  -43.131562064   26.368106754
    2.638937829    0.565486678   46.445013133  -54.628817963   19.978629290
    2.701769682    0.565486678   43.572253537  -41.143856907   15.467036665
    2.764601535    0.565486678   41.110831559  -35.273219750   14.013337712
    2.827433388    0.565486678   37.191066303  -59.666822168    7.372319545
    2.890265241    0.565486678   32.914975588  -69.043887606   -5.143227577
    2.953097094    0.565486678   28.475680206  -63.280103707  -14.498167527
    3.015928947    0.565486678   26.766087201  -42.685917791  -24.173101761
    3.078760801    0.565486678   24.145756923  -31.737477776  -17.472389907

   -3.141592654    0.628318531   23.382205883  -10.734987258   26.921598187
   -3.078760801    0.628318531   23.278262290   -6.475043179   25.711941547
   -3.015928947    0.628318531   20.230397797  -33.987313231   22.060848915
   -2.953097094    0.628318531   18.246237763  -30.218893462   10.907359424
   -2.890265241    0.628318531   17.655827855  -27.075005414    2.214232982
   -2.827433388    0.628318531   19.095372189  -27.967092909    1.054205667
   -2.764601535    0.628318531   15.523918161  -36.081269889    4.225122665
   -2.701769682    0.628318531   13.435599132  -27.810707955    6.521139110
   -2.638937829    0.628318531   12.761858209  -10.502031540    7.246642405
   -2.576105976    0.628318531   16.429006171    0.545209733   12.619987401
   -2.513274123    0.628318531   17.565971591  -10.384095260   -1.062439978
   -2.450442270    0.628318531   17.362356808  -30.417867256   -7.762317116
   -2.387610417    0.628318531   16.230075133   -9.762004240  -21.288110641
   -2.324778564    0.628318531   17.285931327    8.064572803  -30.573285953
   -2.261946711    0.628318531   18.661085703    9.947740493  -23.813286331
   -2.199114858    0.628318531   19.223349024   11.780225270  -15.531152935
   -2.136283004    0.628318531   19.587240859   10.269062827   -8.848006361
   -2.073451151    0.628318531   18.275778916    5.188454195    1.666965764
   -2.010619298    0.628318531   19.055249820   17.916168886   10.453408971
   -1.947787445    0.628318531   20.323913834   18.625539039   12.743951789
   -1.884955592    0.628318531   23.292370378   -0.679544693   14.165132578
   -1.822123739    0.628318531   23.898963580  -19.330536219   12.008657074
   -1.759291886    0.628318531   23.114691317  -29.565873904   10.278744792
   -1.696460033    0.628318531   21.862753343  -26.237634164   12.725459580
   -1.633628180    0.628318531   22.008748983  -24.515365682   21.919598025
   -1.570796327    0.628318531   21.154258790    5.036205295   28.365972287
   -1.507964474    0.628318531   22.400203475   25.876894083   23.104027561
   -1.445132621    0.628318531   24.765757549   30.402153345    4.360677425
   -1.382300768    0.628318531   26.679307672   27.755529996   -9.992083401
   -1.319468915    0.628318531   27.223707275    7.760208136  -18.894556192
   -1.256637061    0.628318531   27.948093966   15.674350562  -21.779177245
   -1.193805208    0.628318531   29.850006727   30.061197823  -18.481456568
   -1.130973355    0.628318531   33.982331969   37.159146684   -8.095820195
   -1.068141502    0.628318531   36.223986762   42.382953265   -0.363577379
   -1.005309649    0.628318531   39.296972050   50.333420009    4.102108415
   -0.942477796    0.628318531   42.826063615   60.792408298    6.750236720
   -0.879645943    0.628318531   47.036694715   68.947338445   10.185780215
   -0.816814090    0.628318531   51.498658588   70.746364197   13.016237421
   -0.753982237    0.628318531   55.618366615   57.791819798    9.853307574
   -0.691150384    0.628318531   58.578488918   36.341055039    2.146053855
   -0.628318531    0.628318531   60.296127930   19.392412919   -4.638347774
   -0.565486678    0.628318531   61.226399772   11.380212172   -8.360186259
   -0.502654825    0.628318531   61.827693064    7.975996009  -10.893530570
   -0.439822972    0.628318531   62.195401236    3.724546521  -13.381375280
   -0.376991118    0.628318531   62.331388153   -2.025691456  -16.459565487
   -0.314159265    0.628318531   62.100961205   -4.326580112  -17.825616666
   -0.251327412    0.628318531   61.835540907   -5.776272416  -19.274893367
   -0.188495559    0.628318531   61.596827724   -1.849433909  -22.151822380
   -0.125663706    0.628318531   61.602327530    1.774890279  -25.389804946
   -0.062831853    0.628318531   61.772786812    3.130077143  -28.986736663
    0.000000000    0.628318531   61.949815112    1.757545999  -32.041257183
    0.062831853    0.628318531   61.934036832   -3.907589644  -34.522957277
    0.125663706    0.628318531   61.349436484  -15.923814986  -37.898512047
    0.188495559    0.628318531   59.803259925  -34.250150633  -41.476459129
    0.251327412    0.628318531   56.901720639  -57.793651077  -46.382344590
    0.314159265    0.628318531   52.605958070  -77.602447972  -51.577026378
    0.376991118    0.628318531   47.190688128  -89.245026247  -54.475931252
    0.439822972    0.628318531   41.715735973  -82.708875993  -48.604892519
    0.502654825    0.628318531   37.131899953  -61.598231825  -33.596483309
    0.565486678    0.628318531   34.018074008  -38.821416472  -17.862228432
    0.628318531    0.628318531   32.015748934  -27.406104748  -11.258789256
    0.691150384    0.628318531   30.169515068  -30.515383233  -11.958247890
    0.753982237    0.628318531   27.543430762  -40.706335224  -16.762230570
    0.816814090    0.628318531   25.077468005  -35.712244549  -17.027283475
    0.879645943    0.628318531   23.043102801  -24.189824831  -20.919562101
    0.942477796    0.628318531   22.329446917  -14.170105368  -27.460323901
    1.005309649    0.628318531   21.951739675   -0.536438758  -30.694300317
    1.068141502    0.628318531   22.699088637   -1.408921507  -27.677924153
    1.130973355    0.628318531   21.736533040   -6.985792122  -26.917738778
    1.193805208    0.628318531   21.577909829    4.873924876  -18.881936058
    1.256637061    0.628318531   22.557897858   26.987808098   -9.521283654
    1.319468915    0.628318531   24.738379618   39.260106385   -7.021320064
    1.382300768    0.628318531   26.980878050   37.137037958   -8.849915453
    1.445132621    0.628318531   30.025775943   35.300069284   -0.592036271
    1.507964474    0.628318531   31.516602682   41.944360028    1.754850378
    1.570796327    0.628318531   34.313557385   35.433037740   -5.782718810
    1.633628180    0.628318531   35.752145220   21.849794709  -13.950534905
    1.696460033    0.628318531   38.906755316   -6.594194727  -15.140131654
    1.759291886    0.628318531   38.240026195   -3.048337662  -13.090906338
    1.822123739    0.628318531   38.488786844   13.989013608   -3.488157224
    1.884955592    0.628318531   38.575273561    2.336983745    8.728031363
    1.947787445    0.628318531   38.645304654    3.291657873   12.522951760
    2.010619298    0.628318531   39.279116122   -0.779471058    7.748586705
    2.073451151    0.628318531   42.794194573  -18.047873046    6.766285370
    2.136283004    0.628318531   42.025498456   -1.380866199   11.249019021
    2.199114858    0.628318531   42.296306841   18.532366708   22.984891027
    2.261946711    0.628318531   45.189794282   24.312828523   29.821203251
    2.324778564    0.628318531   47.176720816   37.420451911   35.126261706
    2.387610417    0.628318531   49.603319943   34.895677582   34.797300416
    2.450442270    0.628318531   52.001858807   14.084768224   26.658222074
    2.513274123    0.628318531   51.969615447  -13.994248377   25.999438015
    2.576105976    0.628318531   50.673816539  -45.614461964   29.550755243
    2.638937829    0.628318531   48.042103961  -52.443220944   31.765691173
    2.701769682    0.628318531   45.126517202  -42.340798600   34.009239774
    2.764601535    0.628318531   42.445407900  -47.197561089   28.318580575
    2.827433388    0.628318531   38.046836614  -71.557618082   20.194135294
    2.890265241    0.628318531   33.201003800  -75.157369073   15.599591506
    2.953097094    0.628318531   28.593090010  -60.700659195   19.953775397
    3.015928947    0.628318531   26.521228192  -36.622302005   18.510747752
    3.078760801    0.628318531   24.332700908  -23.379741983   24.141521869

   -3.141592654    0.691150384   25.719362535  -10.388602753   32.709794311
   -3.078760801    0.691150384   25.476941687  -10.573014072   25.760082856
   -3.015928947    0.691150384   22.427758353  -38.186232841   29.145697425
   -2.953097094    0.691150384   19.879765075  -35.136380585   25.586042791
   -2.890265241    0.691150384   18.829672009  -28.557513962   23.857247032
   -2.827433388    0.691150384   20.146372440  -27.509935075   24.119938950
   -2.764601535    0.691150384   16.938370561  -37.770414567   34.645332310
   -2.701769682    0.691150384   14.943810144  -23.587776890   36.374803671
   -2.638937829    0.691150384   13.939590212   -7.140241973   26.674787932
   -2.576105976    0.691150384   17.584636940   -3.258703962   21.335501432
   -2.513274123    0.691150384   18.063004644  -13.261498510   13.444214977
   -2.450442270    0.691150384   17.782891298  -39.684541584   15.913881314
   -2.387610417    0.691150384   15.909823484  -20.543625308    3.271532932
   -2.324778564    0.691150384   16.184478545    7.270108081  -16.113516934
   -2.261946711    0.691150384   17.863473950   17.796603300  -21.210735201
   -2.199114858    0.691150384   19.142596472   26.066077952  -19.236216558
   -2.136283004    0.691150384   20.510633416   28.527021414  -11.503916636
   -2.073451151    0.691150384   20.603681229   24.721201500    1.421799775
   -2.010619298    0.691150384   22.435848290   31.006809474    5.512779333
   -1.947787445    0.691150384   24.199853769   22.218628600    2.977779132
   -1.884955592    0.691150384   27.267374359   -1.604923952   -2.365019294
   -1.822123739    0.691150384   27.803685157  -20.150423809   -0.832937847
   -1.759291886    0.691150384   26.976601193  -28.649274695    6.178765247
   -1.696460033    0.691150384   25.682277386  -22.041402390   10.720699712
   -1.633628180    0.691150384   25.805340458  -20.818887400   11.876566689
   -1.570796327    0.691150384   24.782342078   -2.754166332   12.730645892
   -1.507964474    0.691150384   25.324146045    9.466030741    9.952752439
   -1.445132621    0.691150384   26.383106817   13.998672978    1.772821540
   -1.382300768    0.691150384   27.322265055   12.999828170   -1.935246152
   -1.319468915    0.691150384   27.356279104   -1.714025961    0.854654459
   -1.256637061    0.691150384   27.724252362   13.726407229    0.789831009
   -1.193805208    0.691150384   29.524301650   33.476761261   -0.532612355
   -1.130973355    0.691150384   33.809747404   41.226684820   -2.171408038
   -1.068141502    0.691150384   36.358778168   46.163725006    2.779214147
   -1.005309649    0.691150384   39.725982419   53.180885189    8.718090949
   -0.942477796    0.691150384   43.445238507   64.330674571   12.061934038
   -0.879645943    0.691150384   47.837551564   71.941543661   14.532220267
   -0.816814090    0.691150384   52.347777666   68.920783124   14.425418091
   -0.753982237    0.691150384   56.189779487   50.422722345    9.472090402
   -0.691150384    0.691150384   58.665367652   28.859973748    2.006924498
   -0.628318531    0.691150384   59.973962213   14.100865863   -4.786503147
   -0.565486678    0.691150384   60.620856001    7.346597624  -10.713836535
   -0.502654825    0.691150384   60.968557990    3.896041736  -16.454455281
   -0.439822972    0.691150384   61.103498064    0.326862547  -21.225164333
   -0.376991118    0.691150384   61.029434095   -4.104257864  -24.710861917
   -0.314159265    0.691150384   60.709770824   -5.523910950  -26.159773170
   -0.251327412    0.691150384   60.339752096   -8.082024294  -27.662158580
   -0.188495559    0.691150384   59.940071147   -4.450533062  -29.711274502
   -0.125663706    0.691150384   59.765910425   -1.249509681  -32.063970078
   -0.062831853    0.691150384   59.753699519    0.669558777  -34.005251391
    0.000000000    0.691150384   59.779773030   -0.393295500  -35.799745629
    0.062831853    0.691150384   59.633625708   -6.459177935  -37.473513991
    0.125663706    0.691150384   58.907780927  -17.766330732  -38.669632719
    0.188495559    0.691150384   57.238064951  -36.606012857  -39.768495562
    0.251327412    0.691150384   54.175624468  -60.138032899  -40.270923115
    0.314159265    0.691150384   49.797545731  -77.317240273  -37.971745417
    0.376991118    0.691150384   44.624340346  -80.228785991  -26.956194110
    0.439822972    0.691150384   40.091439064  -64.115658190   -4.927924968
    0.502654825    0.691150384   36.771312728  -42.291698718   16.170599412
    0.565486678    0.691150384   34.547692646  -31.213049081   24.863979938
    0.628318531    0.691150384   32.625894592  -31.566877041   18.377945263
    0.691150384    0.691150384   30.375918254  -37.766515986    5.867634814
    0.753982237    0.691150384   27.121305882  -46.974109866   -7.202727103
    0.816814090    0.691150384   24.337854826  -40.271078879  -13.379010972
    0.879645943    0.691150384   21.959081172  -28.420146153  -15.968004925
    0.942477796    0.691150384   20.997890977  -15.729400892  -14.778641051
    1.005309649    0.691150384   20.623642976   -0.618047502  -11.494176425
    1.068141502    0.691150384   21.613385063   -2.996780873   -7.735757347
    1.130973355    0.691150384   20.752189231   -2.259950554   -5.247020267
    1.193805208    0.691150384   21.117524436   14.673186678    3.423049744
    1.256637061    0.691150384   22.647128198   32.965166933   10.981908879
    1.319468915    0.691150384   25.042425784   41.743046196   15.137334617
    1.382300768    0.691150384   27.429394834   41.578581414   18.348244024
    1.445132621    0.691150384   30.893151239   35.927317957   20.833711457
    1.507964474    0.691150384   32.015284950   34.140821031    9.382224740
    1.570796327    0.691150384   34.000632627   25.609056723   -2.620872770
    1.633628180    0.691150384   35.125032277   19.903605524   -2.629284152
    1.696460033    0.691150384   38.459187854    0.073934966   -1.044664898
    1.759291886    0.691150384   38.195524456    8.323417920    0.636654094
    1.822123739    0.691150384   39.295342325   27.814596184    5.729710317
    1.884955592    0.691150384   40.501686771   14.151287046   13.164884566
    1.947787445    0.691150384   41.415093840    8.862558480   17.979109344
    2.010619298    0.691150384   42.241638338    4.368433789   11.823001470
    2.073451151    0.691150384   45.855276305  -11.732452770    4.341958864
    2.136283004    0.691150384   45.495374863    3.773685042    9.078808510
    2.199114858    0.691150384   46.118972456   18.513938135   14.574577629
    2.261946711    0.691150384   48.599812809   18.853195985    9.935085736
    2.324778564    0.691150384   50.032119098   25.786064655    7.230690701
    2.387610417    0.691150384   51.663716170   20.369934679    3.737241083
    2.450442270    0.691150384   53.068525854    6.309826138   -0.653117835
    2.513274123    0.691150384   52.776758186  -15.021021861    6.922767653
    2.576105976    0.691150384   51.710003440  -41.862579418   21.048000624
    2.638937829    0.691150384   49.262612528  -45.903124872   30.805396343
    2.701769682    0.691150384   46.427365275  -46.060250429   33.893776614
    2.764601535    0.691150384   43.208302612  -61.529335652   23.571701948
    2.827433388    0.691150384   38.376561106  -76.984508118   16.158527580
    2.890265241    0.691150384   33.631360301  -67.583770907   18.368819963
    2.953097094    0.691150384   29.814186184  -46.244273097   29.981626586
    3.015928947    0.691150384   28.102444877  -25.080903472   33.538633955
    3.078760801    0.691150384   26.495258746  -17.802780469   36.977959568

   -3.141592654    0.753982237   28.783104111  -21.929406391   17.581609643
   -3.078760801    0.753982237   27.776220624  -19.717255451   12.124701215
   -3.015928947    0.753982237   24.966511125  -37.144797778   24.605459466
   -2.953097094    0.753982237   22.326913446  -30.613302696   28.100616761
   -2.890265241    0.753982237   21.397951476  -19.861652969   29.024164906
   -2.827433388    0.753982237   22.872579869  -17.592338976   24.079188872
   -2.764601535    0.753982237   20.674423770  -33.924314572   35.364138633
   -2.701769682    0.753982237   18.851594022  -24.776349347   36.180918319
   -2.638937829    0.753982237   17.023560820  -14.750332905   26.506517082
   -2.576105976    0.753982237   19.850801221  -11.349737845   18.790378175
   -2.513274123    0.753982237   19.689337822  -13.862960741   18.503198175
   -2.450442270    0.753982237   19.545252394  -46.677967430   28.624744009
   -2.387610417    0.753982237   16.894320836  -37.299136246   23.385628873
   -2.324778564    0.753982237   15.881110783   -6.657039046    8.726051504
   -2.261946711    0.753982237   16.978097529   11.460351935    1.579073134
   -2.199114858    0.753982237   18.018096535   24.720067350   -1.700916467
   -2.136283004    0.753982237   19.418307249   28.527291615   -0.593214890
   -2.073451151    0.753982237   19.795973484   21.991188757    4.843334715
   -2.010619298    0.753982237   21.311990854   24.592934989    0.937441338
   -1.947787445    0.753982237   22.718459540   19.010329973   -1.325708574
   -1.884955592    0.753982237   25.667998646    7.340786378   -1.936342545
   -1.822123739    0.753982237   26.954292806   -2.043312797    7.822597245
   -1.759291886    0.753982237   27.311396654  -12.335347629   17.779371151
   -1.696460033    0.753982237   26.780981066   -9.285330444   14.583346888
   -1.633628180    0.753982237   27.264837373   -9.868354571    2.865816742
   -1.570796327    0.753982237   26.764049346    4.455579976   -2.610325453
   -1.507964474    0.753982237   27.833940139   16.198113541   -4.990340415
   -1.445132621    0.753982237   29.203855892   21.754053493   -8.292092994
   -1.382300768    0.753982237   30.590343041   18.299020934   -7.590585319
   -1.319468915    0.753982237   31.298531884    0.089206464    0.726390970
   -1.256637061    0.753982237   31.646665358   10.600220644    1.205742786
   -1.193805208    0.753982237   32.919563549   26.652671840   -1.617217890
   -1.130973355    0.753982237   36.354552475   33.953614174   -6.392223762
   -1.068141502    0.753982237   38.534566991   39.731105614   -0.752343868
   -1.005309649    0.753982237   41.649372522   46.996464009    6.699196814
   -0.942477796    0.753982237   45.064817736   60.923917799   10.832624298
   -0.879645943    0.753982237   49.261950598   69.465803487   15.039092867
   -0.816814090    0.753982237   53.516636648   62.674336532   14.786373439
   -0.753982237    0.753982237   56.885995136   41.208162350    9.328696392
   -0.691150384    0.753982237   58.772161820   19.527975566    0.339537854
   -0.628318531    0.753982237   59.511171431    5.483291449   -9.902923566
   -0.565486678    0.753982237   59.642655512   -0.452482514  -19.247320148
   -0.502654825    0.753982237   59.561916776   -1.932342969  -26.273482223
   -0.439822972    0.753982237   59.410754241   -2.949764496  -30.140897910
   -0.376991118    0.753982237   59.187807108   -4.968533448  -31.669856823
   -0.314159265    0.753982237   58.848217862   -5.630441090  -31.312455428
   -0.251327412    0.753982237   58.424446040   -9.216126394  -32.042242105
   -0.188495559    0.753982237   57.945958360   -5.754598071  -32.792719824
   -0.125663706    0.753982237   57.694215058   -2.383223191  -33.401846072
   -0.062831853    0.753982237   57.620039680   -0.507292568  -34.121237274
    0.000000000    0.753982237   57.558353271   -2.054181974  -36.055573655
    0.062831853    0.753982237   57.335900141   -7.774794241  -37.540099289
    0.125663706    0.753982237   56.560283120  -18.378837132  -39.168272644
    0.188495559    0.753982237   54.866539670  -36.569086355  -40.468308086
    0.251327412    0.753982237   51.876520804  -57.093705593  -39.324766854
    0.314159265    0.753982237   47.904655341  -66.019110213  -30.723119135
    0.376991118    0.753982237   43.789834441  -58.733664510  -13.117325447
    0.439822972    0.753982237   40.715968345  -43.299440168    4.533945415
    0.502654825    0.753982237   38.384741919  -33.474630280    9.202687775
    0.565486678    0.753982237   36.244319765  -37.426604859   -0.262048707
    0.628318531    0.753982237   33.687489583  -43.778253580  -15.563768600
    0.691150384    0.753982237   30.801971049  -45.027148548  -25.414500531
    0.753982237    0.753982237   27.127561324  -48.116638520  -28.284463597
    0.816814090    0.753982237   24.479399378  -35.181779468  -20.796043649
    0.879645943    0.753982237   22.417119318  -22.934351172  -13.230350709
    0.942477796    0.753982237   21.628946633  -13.942389414  -11.562109763
    1.005309649    0.753982237   21.185784205   -6.357710927  -13.684919419
    1.068141502    0.753982237   21.903759733  -10.863219274  -15.056254708
    1.130973355    0.753982237   20.706521992   -4.906286953  -12.244777198
    1.193805208    0.753982237   21.009490809   14.462396244   -5.863278627
    1.256637061    0.753982237   22.493913912   32.266158828    0.077484911
    1.319468915    0.753982237   24.947283429   44.311400282    5.374119290
    1.382300768    0.753982237   27.514578978   44.485040764    8.598546651
    1.445132621    0.753982237   31.178274255   32.992969227   10.391397411
    1.507964474    0.753982237   32.060023321   31.232150915    9.552512882
    1.570796327    0.753982237   33.871132763   26.924034276    9.273656646
    1.633628180    0.753982237   35.182961750   19.996569820    8.353560143
    1.696460033    0.753982237   38.299909852    1.723766853   -1.902693077
    1.759291886    0.753982237   37.887730867    9.848334624   -6.760994450
    1.822123739    0.753982237   39.100356393   28.168296530   -5.783762357
    1.884955592    0.753982237   40.591371590   13.394557306   -0.108084203
    1.947787445    0.753982237   41.726101655    3.080313983    8.909886868
    2.010619298    0.753982237   42.092451537    0.112304307    8.648908998
    2.073451151    0.753982237   44.896389667  -11.208935470   -1.711705724
    2.136283004    0.753982237   44.595267283    3.356682747    1.673406366
    2.199114858    0.753982237   45.218211919   14.952227772    0.990586079
    2.261946711    0.753982237   47.183701422   15.300839812   -7.101689595
    2.324778564    0.753982237   48.343254296   21.404561246  -12.260916939
    2.387610417    0.753982237   49.907071382   19.892568322  -12.454901351
    2.450442270    0.753982237   51.412541476   16.283568222   -9.414852050
    2.513274123    0.753982237   52.001437006    2.392244280    4.140078067
    2.576105976    0.753982237   52.222431923  -23.459497106   22.076917521
    2.638937829    0.753982237   50.657673554  -32.407313510   30.896165520
    2.701769682    0.753982237   48.177358566  -47.188422451   29.292808677
    2.764601535    0.753982237   44.627512299  -68.543204323   17.971597659
    2.827433388    0.753982237   39.826138025  -72.530853278   12.388332748
    2.890265241    0.753982237   35.717207430  -53.148812917   14.172677555
    2.953097094    0.753982237   32.952350127  -31.046807004   20.856727433
    3.015928947    0.753982237   31.645215767  -18.959482009   21.426002212
    3.078760801    0.753982237   30.138522607  -23.802793089   22.461785533

   -3.141592654    0.816814090   29.046954817  -25.837122639   -2.094295582
   -3.078760801    0.816814090   27.892147435  -15.418797283   -8.921879768
   -3.015928947    0.816814090   26.369102062  -19.751082735    1.492390409
   -2.953097094    0.816814090   24.675344240  -11.323116826    2.926373684
   -2.890265241    0.816814090   24.563413589   -3.850572999    0.709577148
   -2.827433388    0.816814090   26.239922121   -6.200876617   -9.736604204
   -2.764601535    0.816814090   25.079062180  -31.794136404   -1.057066130
   -2.701769682    0.816814090   23.309887750  -28.822122312   -1.308822441
   -2.638937829    0.816814090   20.806593638  -21.647782677   -5.182113894
   -2.576105976    0.816814090   22.891653041  -13.112108390   -9.042966210
   -2.513274123    0.816814090   22.600390991   -9.112171954   -0.891010668
   -2.450442270    0.816814090   22.916773127  -47.388749356   16.293001931
   -2.387610417    0.816814090   19.940240181  -48.640791274   24.296663595
   -2.324778564    0.816814090   18.057924016  -19.485389805   23.798533040
   -2.261946711    0.816814090   18.433471846    0.073390895   20.111081075
   -2.199114858    0.816814090   18.677084361   11.802548981   11.271853603
   -2.136283004    0.816814090   19.319183432   12.981597782    2.694243917
   -2.073451151    0.816814090   19.111108055    4.540434494    0.261961153
   -2.010619298    0.816814090   19.609429720   11.559605891   -4.546218273
   -1.947787445    0.816814090   20.521389197   16.748594580   -1.126013972
   -1.884955592    0.816814090   23.311973997   18.902868071    1.609196193
   -1.822123739    0.816814090   25.362508321   13.940600625   11.894724824
   -1.759291886    0.816814090   26.619615236   -5.150438930   20.395459419
   -1.696460033    0.816814090   26.244424018   -8.274244801   16.173824623
   -1.633628180    0.816814090   26.441307591   -7.165715980    5.668676736
   -1.570796327    0.816814090   26.047904629    5.988802840    1.603392096
   -1.507964474    0.816814090   27.341898988   18.086733038   -0.943888032
   -1.445132621    0.816814090   28.819465300   25.570332547   -3.170521757
   -1.382300768    0.816814090   30.466288998   22.003540994   -1.819625687
   -1.319468915    0.816814090   31.889827998    4.723275403    6.701468287
   -1.256637061    0.816814090   32.582396969   16.368276435   11.294472886
   -1.193805208    0.816814090   34.022492913   33.454260727   10.884805667
   -1.130973355    0.816814090   37.456372081   42.812119661    5.802286347
   -1.068141502    0.816814090   40.221357302   47.644064975    8.330619755
   -1.005309649    0.816814090   43.998516476   52.774388332   14.221838862
   -0.942477796    0.816814090   47.736711478   65.414079274   16.548547036
   -0.879645943    0.816814090   51.999416198   67.057990040   16.284204182
   -0.816814090    0.816814090   55.808049117   51.338777939    9.759324312
   -0.753982237    0.816814090   58.313093252   24.449273220   -1.367668292
   -0.691150384    0.816814090   59.127302650    2.287971398  -14.265895731
   -0.628318531    0.816814090   58.865010259   -8.828449337  -24.939151999
   -0.565486678    0.816814090   58.220293557  -10.406618870  -32.470713052
   -0.502654825    0.816814090   57.668819099   -7.001514985  -35.604937438
   -0.439822972    0.816814090   57.338620764   -3.952506943  -34.748237646
   -0.376991118    0.816814090   57.126961068   -3.959534827  -32.737431400
   -0.314159265    0.816814090   56.835251082   -5.139591145  -31.701639273
   -0.251327412    0.816814090   56.390221751   -9.270318266  -31.948995536
   -0.188495559    0.816814090   55.924191691   -5.639258915  -31.317234964
   -0.125663706    0.816814090   55.682315968   -2.313900108  -30.385805921
   -0.062831853    0.816814090   55.575296940   -1.661978334  -30.613058558
    0.000000000    0.816814090   55.424218668   -3.667166524  -31.811879871
    0.062831853    0.816814090   55.121561068   -9.571871629  -33.147201495
    0.125663706    0.816814090   54.207740977  -20.661247682  -36.351241169
    0.188495559    0.816814090   52.390011199  -37.895983796  -39.622816771
    0.251327412    0.816814090   49.472095111  -52.639244054  -38.842115049
    0.314159265    0.816814090   46.060805952  -53.397613931  -31.397727246
    0.376991118    0.816814090   42.845497672  -45.102443176  -21.978012453
    0.439822972    0.816814090   40.417019567  -39.966858973  -19.638913639
    0.502654825    0.816814090   37.892242343  -42.181163503  -28.635623031
    0.565486678    0.816814090   35.073954263  -49.430572245  -37.570794753
    0.628318531    0.816814090   31.908765149  -49.820875159  -39.316600671
    0.691150384    0.816814090   28.989077737  -40.273977669  -30.102158256
    0.753982237    0.816814090   25.768378545  -36.777039574  -14.985495101
    0.816814090    0.816814090   23.847218595  -25.011489391   -3.663684783
    0.879645943    0.816814090   22.185975346  -20.113402122   -0.792761654
    0.942477796    0.816814090   21.307144957  -15.975947532   -6.166758732
    1.005309649    0.816814090   20.776532423   -7.913325371   -8.844720945
    1.068141502    0.816814090   21.641501541   -5.471052394   -8.666655322
    1.130973355    0.816814090   20.963626183    5.850382899   -4.902175860
    1.193805208    0.816814090   22.014383707   26.739042100   -0.634552075
    1.256637061    0.816814090   24.228182739   43.280299069    1.444504594
    1.319468915    0.816814090   27.309065806   52.988103376    1.103982055
    1.382300768    0.816814090   30.355914646   49.809759983   -0.206040187
    1.445132621    0.816814090   34.330925840   33.647636146   -1.128751765
    1.507964474    0.816814090   35.199291879   28.007283917   -2.238842611
    1.570796327    0.816814090   36.496832469   14.905011034   -8.023988704
    1.633628180    0.816814090   37.000691168    2.834439027  -12.265673366
    1.696460033    0.816814090   38.848932828   -7.434536169  -20.500111811
    1.759291886    0.816814090   37.742067898    3.806632492  -20.723593195
    1.822123739    0.816814090   38.648853822   23.852820872  -20.490501792
    1.884955592    0.816814090   40.258504523   15.563332414  -16.598944841
    1.947787445    0.816814090   42.040848387    6.662704019   -3.183050061
    2.010619298    0.816814090   42.558025118    4.253041462    2.691615013
    2.073451151    0.816814090   44.724726726   -6.521283092   -6.727688004
    2.136283004    0.816814090   44.618324424    3.966378261   -3.845497177
    2.199114858    0.816814090   45.126981359   11.173383729   -6.353444029
    2.261946711    0.816814090   46.684385966   11.695190838  -10.042012745
    2.324778564    0.816814090   47.608551741   18.219526517  -11.750373277
    2.387610417    0.816814090   49.331851047   21.728847781   -6.340343215
    2.450442270    0.816814090   51.148577267   27.349525221   -0.854553817
    2.513274123    0.816814090   52.568471694   17.499083494    9.025043640
    2.576105976    0.816814090   53.791317281  -11.521540224   19.336724523
    2.638937829    0.816814090   52.618504473  -29.210513803   19.459167781
    2.701769682    0.816814090   49.954258274  -54.841877357   12.540460224
    2.764601535    0.816814090   45.858323716  -76.190796832    5.265267601
    2.827433388    0.816814090   40.858221345  -73.981714162    5.201724675
    2.890265241    0.816814090   36.746138089  -52.869146413    6.897273523
    2.953097094    0.816814090   34.024460360  -32.465574526    7.289795398
    3.015928947    0.816814090   32.395128862  -23.070269276    2.983062921
    3.078760801    0.816814090   30.732336137  -30.057446574    1.986622061

   -3.141592654    0.879645943   29.886282324  -30.397043777    6.938409227
   -3.078760801    0.879645943   28.223755914  -20.777851381   -2.075849636
   -3.015928947    0.879645943   27.096893711  -19.046303073    0.953148017
   -2.953097094    0.879645943   25.293231532   -9.886802209   -2.054208151
   -2.890265241    0.879645943   24.933020088   -3.479270704   -4.634717630
   -2.827433388    0.879645943   25.969396429   -5.272427647  -10.683305081
   -2.764601535    0.879645943   25.393429010  -32.515765850    1.118234619
   -2.701769682    0.879645943   23.805471070  -28.439821046    4.317778260
   -2.638937829    0.879645943   21.319110030  -17.544647435    1.432448704
   -2.576105976    0.879645943   23.377770235   -1.347374730   -4.884255456
   -2.513274123    0.879645943   23.804230628    6.194247883    0.956928533
   -2.450442270    0.879645943   25.250994407  -35.311055468   14.372618375
   -2.387610417    0.879645943   22.878098260  -45.248827861   24.353041257
   -2.324778564    0.879645943   20.998994038  -23.868413922   27.658026146
   -2.261946711    0.879645943   20.905392563  -11.173513175   23.102937105
   -2.199114858    0.879645943   20.147701208   -5.620977658   10.638115428
   -2.136283004    0.879645943   19.797845520   -4.933620508    1.232682948
   -2.073451151    0.879645943   19.026857810   -8.290805658    1.149388023
   -2.010619298    0.879645943   18.960793564    6.804860775    2.926903782
   -1.947787445    0.879645943   19.818584845   19.156899145    8.819415297
   -1.884955592    0.879645943   22.543374406   29.867183569    8.947808955
   -1.822123739    0.879645943   25.174608879   26.170931706   15.010394284
   -1.759291886    0.879645943   27.207896624    0.723185362   23.219360726
   -1.696460033    0.879645943   27.051241466   -5.645055186   23.212240271
   -1.633628180    0.879645943   27.080906527   -5.341240372   16.698937557
   -1.570796327    0.879645943   26.752341929    5.432116137   13.204415647
   -1.507964474    0.879645943   28.044214899   16.935072873    8.940548740
   -1.445132621    0.879645943   29.452923511   25.952135332    4.089001138
   -1.382300768    0.879645943   31.148348908   23.110727184    1.441120155
   -1.319468915    0.879645943   33.027346030    9.211712433    5.727806846
   -1.256637061    0.879645943   34.053766104   21.098414323   12.446689524
   -1.193805208    0.879645943   35.425973834   35.084574763   12.913769686
   -1.130973355    0.879645943   38.443653642   42.481056445    9.159924607
   -1.068141502    0.879645943   41.186075095   46.711899463   10.708193376
   -1.005309649    0.879645943   45.235269911   52.327709633   17.913346854
   -0.942477796    0.879645943   48.904227362   63.228705320   16.149412223
   -0.879645943    0.879645943   52.809226788   58.201591433    7.197001448
   -0.816814090    0.879645943   55.867141874   37.208351278   -7.897099973
   -0.753982237    0.879645943   57.480124850    9.550323763  -23.080314876
   -0.691150384    0.879645943   57.467675229   -8.974728406  -35.060886484
   -0.628318531    0.879645943   56.622851277  -15.911975063  -41.849998524
   -0.565486678    0.879645943   55.688307587  -12.341438806  -42.931441998
   -0.502654825    0.879645943   55.152232468   -4.668566342  -39.249306003
   -0.439822972    0.879645943   55.012690248   -0.937775748  -34.817209060
   -0.376991118    0.879645943   54.930723167   -2.664039295  -32.846086454
   -0.314159265    0.879645943   54.676837395   -4.896840331  -32.816050793
   -0.251327412    0.879645943   54.236818127   -7.973455219  -32.681034220
   -0.188495559    0.879645943   53.883097139   -3.328144880  -29.902991669
   -0.125663706    0.879645943   53.770826565   -0.898787051  -27.632289220
   -0.062831853    0.879645943   53.720269529   -1.266175628  -26.705018502
    0.000000000    0.879645943   53.579453112   -4.029571871  -27.007819873
    0.062831853    0.879645943   53.208179090  -11.993603433  -29.031133394
    0.125663706    0.879645943   52.067863446  -25.372339513  -35.274593949
    0.188495559    0.879645943   49.969779869  -41.370788632  -42.857051136
    0.251327412    0.879645943   46.979022024  -51.114949622  -47.545614031
    0.314159265    0.879645943   43.764251850  -49.628578869  -48.472210385
    0.376991118    0.879645943   40.646142378  -47.336125377  -51.207953447
    0.439822972    0.879645943   37.832754689  -51.998508577  -57.143235252
    0.502654825    0.879645943   34.506135889  -53.848176668  -63.099457852
    0.565486678    0.879645943   31.214553781  -52.729644608  -59.928099692
    0.628318531    0.879645943   28.235316580  -40.667126810  -47.703256339
    0.691150384    0.879645943   26.209141545  -22.957815284  -31.276148111
    0.753982237    0.879645943   24.084367798  -21.626145479  -17.981028363
    0.816814090    0.879645943   22.879983627  -17.788682048  -12.905276743
    0.879645943    0.879645943   21.410792573  -19.826135052  -12.513700809
    0.942477796    0.879645943   20.420179127  -15.845931731  -13.156928288
    1.005309649    0.879645943   19.976394047   -6.201967690  -10.353941803
    1.068141502    0.879645943   20.901641728   -0.755794793   -9.532780120
    1.130973355    0.879645943   20.543256975   11.229084708   -3.572230872
    1.193805208    0.879645943   21.848433793   29.454605440    1.316345821
    1.256637061    0.879645943   24.160410923   43.227024313    2.593292335
    1.319468915    0.879645943   27.166698290   50.763524171    1.059795913
    1.382300768    0.879645943   30.118470662   47.118194226   -1.060029598
    1.445132621    0.879645943   33.910850018   29.387989331   -6.723560618
    1.507964474    0.879645943   34.600613582   21.908267640  -10.288788787
    1.570796327    0.879645943   35.538577833    9.054151136  -13.885279335
    1.633628180    0.879645943   35.885779858   -0.893945573  -12.234641077
    1.696460033    0.879645943   37.192359478   -8.179544912  -16.667942392
    1.759291886    0.879645943   35.731083271   -3.391090104  -19.334905099
    1.822123739    0.879645943   36.082633972   14.136731565  -27.951650273
    1.884955592    0.879645943   37.480010788   17.829604917  -32.025505596
    1.947787445    0.879645943   39.974765060   16.344706740  -23.008329820
    2.010619298    0.879645943   41.154877054   16.911682156  -13.993211027
    2.073451151    0.879645943   43.248734495    5.352917314  -16.736775482
    2.136283004    0.879645943   43.778811964   11.634553368   -9.522548458
    2.199114858    0.879645943   44.492571257   15.166390799   -8.870894712
    2.261946711    0.879645943   46.292286305   14.702914383   -3.453864606
    2.324778564    0.879645943   47.375895951   20.710700710   -0.362955831
    2.387610417    0.879645943   49.630245651   24.297060411    8.297379806
    2.450442270    0.879645943   51.736830445   34.287390955   10.147647593
    2.513274123    0.879645943   53.539909963   23.625933585   11.662674026
    2.576105976    0.879645943   55.172905894   -9.744557012   13.670244717
    2.638937829    0.879645943   53.853728184  -33.380146060    9.366863477
    2.701769682    0.879645943   50.852209446  -59.546075273    5.176547071
    2.764601535    0.879645943   46.674332872  -72.557727040    8.644832264
    2.827433388    0.879645943   42.075544352  -67.964663260   19.803664326
    2.890265241    0.879645943   38.263057240  -51.048537601   25.876721948
    2.953097094    0.879645943   35.538415370  -36.279265445   23.385841650
    3.015928947    0.879645943   33.520251641  -27.900757756   13.349001981
    3.078760801    0.879645943   31.760054661  -34.038501057    9.306070304

   -3.141592654    0.942477796   30.723553483  -34.654610098   22.003786188
   -3.078760801    0.942477796   28.481872352  -27.534522032   14.025115210
   -3.015928947    0.942477796   27.394002277  -22.665038486   13.193171364
   -2.953097094    0.942477796   25.388227892   -8.760790665    9.938895803
   -2.890265241    0.942477796   24.930279016    0.943538193    6.864875550
   -2.827433388    0.942477796   25.822532905    2.090518192    5.752607080
   -2.764601535    0.942477796   26.161167487  -27.048022422   21.789346195
   -2.701769682    0.942477796   25.052933454  -28.992253317   34.430370990
   -2.638937829    0.942477796   22.406606538  -20.172618852   33.532892462
   -2.576105976    0.942477796   23.897611713    0.300968038   23.692864695
   -2.513274123    0.942477796   24.430555599   11.190138945   23.068290658
   -2.450442270    0.942477796   26.457854037  -27.422200373   29.515125259
   -2.387610417    0.942477796   24.653324696  -40.027545640   37.593995401
   -2.324778564    0.942477796   23.015151890  -25.194035182   40.677036585
   -2.261946711    0.942477796   22.691907059  -17.011683084   34.756441006
   -2.199114858    0.942477796   21.385416107  -12.943170947   23.977679852
   -2.136283004    0.942477796   20.842330596   -7.428624256   17.300470793
   -2.073451151    0.942477796   20.528153303   -2.345230431   18.635108616
   -2.010619298    0.942477796   20.989513665   15.867936514   20.584097816
   -1.947787445    0.942477796   22.298661594   22.675252336   22.271456374
   -1.884955592    0.942477796   24.715743294   29.433657785   16.365955898
   -1.822123739    0.942477796   27.073205943   22.060073939   14.903400546
   -1.759291886    0.942477796   28.876615748   -7.232613580   16.265434578
   -1.696460033    0.942477796   28.173493036  -13.907562178   13.569148696
   -1.633628180    0.942477796   27.569626739  -10.489700044    9.447673154
   -1.570796327    0.942477796   26.999851274    1.739424125   10.779983328
   -1.507964474    0.942477796   28.108187725   13.746826703   11.156802820
   -1.445132621    0.942477796   29.260890027   23.048908931    9.349397309
   -1.382300768    0.942477796   30.828403928   22.685222051    8.129894909
   -1.319468915    0.942477796   32.941233146   16.404352453    9.514022359
   -1.256637061    0.942477796   34.496917091   28.428507094   15.106140440
   -1.193805208    0.942477796   35.870143659   37.755365696   10.163152864
   -1.130973355    0.942477796   38.690721262   43.290270491    3.886335997
   -1.068141502    0.942477796   41.543435664   48.945233145    3.398161993
   -1.005309649    0.942477796   46.064400108   51.220506774    9.310529871
   -0.942477796    0.942477796   49.453850946   54.863626128    1.049974927
   -0.879645943    0.942477796   52.577427936   42.731684629  -14.328177879
   -0.816814090    0.942477796   54.607753050   21.038690556  -30.992697708
   -0.753982237    0.942477796   55.349353775   -2.825980540  -42.930444439
   -0.691150384    0.942477796   54.761169498  -15.395295107  -49.297803001
   -0.628318531    0.942477796   53.702110255  -15.959256000  -48.954140290
   -0.565486678    0.942477796   52.956211274   -6.873497656  -42.187400963
   -0.502654825    0.942477796   52.813079920    1.268890024  -34.261721916
   -0.439822972    0.942477796   52.966324546    1.649670000  -30.116265128
   -0.376991118    0.942477796   52.929097197   -3.187622970  -30.850425238
   -0.314159265    0.942477796   52.652712719   -4.627588773  -31.212619711
   -0.251327412    0.942477796   52.292354518   -4.686699707  -29.009418431
   -0.188495559    0.942477796   52.149520388   -0.382266288  -25.966994311
   -0.125663706    0.942477796   52.175987434    0.626569734  -24.771963373
   -0.062831853    0.942477796   52.184209458   -0.403202861  -24.168488830
    0.000000000    0.942477796   52.050007253   -4.917314462  -24.380045949
    0.062831853    0.942477796   51.482607161  -18.253568000  -29.628546475
    0.125663706    0.942477796   49.815323715  -35.486977085  -40.801725575
    0.188495559    0.942477796   47.116449436  -49.615389248  -52.093867847
    0.251327412    0.942477796   43.797809417  -53.469454580  -57.370844775
    0.314159265    0.942477796   40.517914831  -50.114485271  -57.660889545
    0.376991118    0.942477796   37.370045749  -48.670413269  -55.485173251
    0.439822972    0.942477796   34.547561870  -53.088432789  -51.385659418
    0.502654825    0.942477796   31.332345098  -48.752887616  -45.395532894
    0.565486678    0.942477796   28.580805736  -41.872410915  -37.052738400
    0.628318531    0.942477796   26.357984264  -28.395540241  -30.726457033
    0.691150384    0.942477796   25.006399767  -14.648809685  -29.890796410
    0.753982237    0.942477796   23.458586931  -15.365624569  -28.796421625
    0.816814090    0.942477796   22.636442243  -11.709785201  -26.860151506
    0.879645943    0.942477796   21.625622861  -11.971500331  -23.026708924
    0.942477796    0.942477796   21.114715133   -6.516745717  -21.520193621
    1.005309649    0.942477796   21.264218120    3.453975893  -20.429362158
    1.068141502    0.942477796   22.675269272   13.743390945  -20.424940848
    1.130973355    0.942477796   23.095415163   21.549833490  -15.284798104
    1.193805208    0.942477796   24.788370165   31.071532576  -15.448520877
    1.256637061    0.942477796   26.949478306   37.306196374  -19.276774564
    1.319468915    0.942477796   29.409036496   39.297960975  -23.289597850
    1.382300768    0.942477796   31.622435235   33.408506051  -25.517145788
    1.445132621    0.942477796   34.525520629   17.351866210  -28.085131572
    1.507964474    0.942477796   34.726616747   13.345064397  -24.947670710
    1.570796327    0.942477796   35.511343222    9.095108221  -20.606019383
    1.633628180    0.942477796   36.228994708    4.964893009  -13.051014449
    1.696460033    0.942477796   37.639025990   -0.700919075  -12.874717159
    1.759291886    0.942477796   36.421324498   -4.145602626  -11.362414970
    1.822123739    0.942477796   36.500278662    8.172926457  -18.339177766
    1.884955592    0.942477796   37.705970261   20.013131671  -24.531639828
    1.947787445    0.942477796   40.559805994   23.913910548  -23.791823918
    2.010619298    0.942477796   42.225325890   25.851321190  -18.051359312
    2.073451151    0.942477796   44.170436123   12.078433313  -19.198363602
    2.136283004    0.942477796   45.125549029   17.693169453  -12.168887515
    2.199114858    0.942477796   45.883864452   20.007844486  -10.110740704
    2.261946711    0.942477796   48.172094267   18.237088870    1.358585286
    2.324778564    0.942477796   49.396698766   21.113199181    5.518889753
    2.387610417    0.942477796   52.044477422   19.894632799   13.736067480
    2.450442270    0.942477796   53.902009781   29.625657971   10.976563177
    2.513274123    0.942477796   55.356698649   18.361146920    6.209222735
    2.576105976    0.942477796   56.708468805  -17.670212915    3.561624687
    2.638937829    0.942477796   54.814621926  -41.981498015   -1.994080664
    2.701769682    0.942477796   51.471793729  -60.205860332   -2.044892654
    2.764601535    0.942477796   47.633776993  -60.441429287    9.763612293
    2.827433388    0.942477796   43.892183228  -57.550566676   29.186623456
    2.890265241    0.942477796   40.538293659  -48.477469165   39.975389234
    2.953097094    0.942477796   37.652039656  -45.344934944   39.994273771
    3.015928947    0.942477796   34.896445833  -39.210599067   29.134693518
    3.078760801    0.942477796   32.743706782  -39.508193576   22.665240784

   -3.141592654    1.005309649   33.395879414  -40.034710721   -1.331957989
   -3.078760801    1.005309649   30.508730209  -35.946732975   -6.162301062
   -3.015928947    1.005309649   29.085984363  -30.658422543   -4.427690036
   -2.953097094    1.005309649   26.715772968  -12.747395073   -1.439671897
   -2.890265241    1.005309649   25.756262858   -1.412265012   -5.275058918
   -2.827433388    1.005309649   26.447469832    8.412655372   -6.412650725
   -2.764601535    1.005309649   27.700651047  -15.539678321    7.874681446
   -2.701769682    1.005309649   27.654048077  -25.144161874   29.499681294
   -2.638937829    1.005309649   24.987731210  -23.846494008   31.914317400
   -2.576105976    1.005309649   25.679883459   -5.943190852   20.453193482
   -2.513274123    1.005309649   25.793527184    7.418656307   12.981532214
   -2.450442270    1.005309649   27.928060618  -23.091938733   13.966989448
   -2.387610417    1.005309649   26.590412272  -33.796052755   22.080663889
   -2.324778564    1.005309649   25.397248596  -24.176047288   31.334533671
   -2.261946711    1.005309649   25.034096563  -17.746705631   31.656397505
   -2.199114858    1.005309649   23.542441008  -14.231744826   28.761021560
   -2.136283004    1.005309649   23.070802220   -6.062566976   27.001708746
   -2.073451151    1.005309649   23.180258748    3.187321529   26.975896395
   -2.010619298    1.005309649   24.047113654   20.713103112   27.136874527
   -1.947787445    1.005309649   25.543397857   20.668415469   26.532097140
   -1.884955592    1.005309649   27.382708650   23.097928186   18.411240254
   -1.822123739    1.005309649   29.058225327   10.860118668    9.843504713
   -1.759291886    1.005309649   30.156738551  -20.969937558    1.540763894
   -1.696460033    1.005309649   28.610187206  -26.026714759   -4.260972233
   -1.633628180    1.005309649   27.283021676  -17.999005125   -4.675209573
   -1.570796327    1.005309649   26.413168235   -2.756711067    1.810985621
   -1.507964474    1.005309649   27.233312291   10.004694214    7.146304649
   -1.445132621    1.005309649   28.030423844   18.656001014    9.657906960
   -1.382300768    1.005309649   29.408903688   21.632172113   11.817904589
   -1.319468915    1.005309649   31.475465364   21.183109220   10.782567768
   -1.256637061    1.005309649   33.338380234   31.178716774   11.174305749
   -1.193805208    1.005309649   34.406735937   36.943330980   -0.691298419
   -1.130973355    1.005309649   37.105467189   45.746873277   -7.450177207
   -1.068141502    1.005309649   40.231576699   53.827534478   -8.890561614
   -1.005309649    1.005309649   45.355003903   48.888589993   -5.700541121
   -0.942477796    1.005309649   48.319731712   44.503838680  -17.797857164
   -0.879645943    1.005309649   50.671420279   29.556133157  -31.749817237
   -0.816814090    1.005309649   51.934051193   10.430058413  -43.458400975
   -0.753982237    1.005309649   52.185870565   -8.268971025  -49.919698145
   -0.691150384    1.005309649   51.476382682  -14.334108483  -49.257655993
   -0.628318531    1.005309649   50.726315582   -7.776686906  -41.706803331
   -0.565486678    1.005309649   50.585949198    2.895709821  -30.980172562
   -0.502654825    1.005309649   50.958488024    6.520838526  -23.980434460
   -0.439822972    1.005309649   51.268126609    1.333680084  -23.162213805
   -0.376991118    1.005309649   51.163605415   -3.868120703  -24.078091790
   -0.314159265    1.005309649   50.933919517   -2.425952937  -22.108318240
   -0.251327412    1.005309649   50.727820047   -1.878800320  -20.207721977
   -0.188495559    1.005309649   50.694347588    0.263476313  -19.873606615
   -0.125663706    1.005309649   50.735020149    0.988511265  -19.846004090
   -0.062831853    1.005309649   50.804054301    0.428603899  -18.445460999
    0.000000000    1.005309649   50.603053240   -8.882344428  -21.520598811
    0.062831853    1.005309649   49.497683989  -30.224664740  -34.304959077
    0.125663706    1.005309649   46.966096958  -49.113099290  -50.171187024
    0.188495559    1.005309649   43.618292842  -55.623324629  -57.624979884
    0.251327412    1.005309649   40.243151587  -49.919005418  -53.510733254
    0.314159265    1.005309649   37.344907023  -42.102506718  -41.911803163
    0.376991118    1.005309649   34.795007473  -38.623550603  -27.727168931
    0.439822972    1.005309649   32.627857781  -44.140023275  -16.234878965
    0.502654825    1.005309649   29.952515831  -41.119566546   -9.510988812
    0.565486678    1.005309649   27.561729036  -39.111564351   -9.797504136
    0.628318531    1.005309649   25.293896212  -32.217973198  -17.110615026
    0.691150384    1.005309649   23.606664602  -20.435652027  -25.364415696
    0.753982237    1.005309649   22.043570111  -14.733481416  -23.584037068
    0.816814090    1.005309649   21.380370288   -7.864226513  -17.901839751
    0.879645943    1.005309649   20.615059729   -9.501165465  -12.209479242
    0.942477796    1.005309649   20.118662021   -6.220223596   -9.872243593
    1.005309649    1.005309649   20.333565437    5.804508255   -4.449418746
    1.068141502    1.005309649   21.655739340   17.886166135   -3.594327005
    1.130973355    1.005309649   22.073840687   17.396570908   -5.891435384
    1.193805208    1.005309649   23.296512232   21.768081084  -16.260208375
    1.256637061    1.005309649   24.876044331   29.287795286  -27.361725885
    1.319468915    1.005309649   26.937194675   34.840175285  -34.489958167
    1.382300768    1.005309649   29.081488578   34.135039571  -36.237977916
    1.445132621    1.005309649   32.051711281   22.184984353  -34.593603785
    1.507964474    1.005309649   32.840681343   19.333522062  -24.020432794
    1.570796327    1.005309649   34.258598658   18.446215631  -12.094604135
    1.633628180    1.005309649   35.736729805   14.951892001    0.002927238
    1.696460033    1.005309649   37.395606504    5.954724342    3.029249294
    1.759291886    1.005309649   36.537409954   -4.446057877    9.730858903
    1.822123739    1.005309649   36.445217248    4.610275565    9.334762179
    1.884955592    1.005309649   37.414127510   20.317587576    7.169485399
    1.947787445    1.005309649   40.161307882   27.571997460    1.853532916
    2.010619298    1.005309649   42.042887592   30.802735239    0.476488328
    2.073451151    1.005309649   43.900512166   16.465224587   -3.789189204
    2.136283004    1.005309649   45.218021564   24.948006692   -1.904430631
    2.199114858    1.005309649   46.075597028   27.233584385   -3.332626857
    2.261946711    1.005309649   49.084010306   21.959356283    5.217179085
    2.324778564    1.005309649   50.462859286   20.918564651    4.543286493
    2.387610417    1.005309649   53.454861612   13.256800995    6.720152967
    2.450442270    1.005309649   54.912292361   21.300163392   -1.298697714
    2.513274123    1.005309649   55.783699561   10.255640699  -11.052806133
    2.576105976    1.005309649   56.684352663  -26.762330020  -18.329655074
    2.638937829    1.005309649   54.293367676  -47.668447015  -24.385631393
    2.701769682    1.005309649   50.968434498  -52.826676404  -23.742723784
    2.764601535    1.005309649   48.032143907  -38.917063639  -13.324616960
    2.827433388    1.005309649   45.757187988  -38.760033851    1.478998901
    2.890265241    1.005309649   43.446217474  -36.114337575    9.322526211
    2.953097094    1.005309649   41.063780820  -45.216637250   12.092396272
    3.015928947    1.005309649   38.021030959  -46.308528659    5.523033485
    3.078760801    1.005309649   35.524041046  -45.035545904   -1.604926181

   -3.141592654    1.068141502   33.426383586  -38.077600704  -29.680665377
   -3.078760801    1.068141502   30.575206556  -30.518984373  -34.897289196
   -3.015928947    1.068141502   29.617123290  -23.308507651  -29.692509210
   -2.953097094    1.068141502   27.775958572   -7.431939237  -18.894672361
   -2.890265241    1.068141502   26.580418434   -3.349336031  -21.808881135
   -2.827433388    1.068141502   27.071499380   10.631830497  -25.055332506
   -2.764601535    1.068141502   28.922516442   -3.052343006  -17.957810714
   -2.701769682    1.068141502   30.274915272  -18.091985009    8.198356363
   -2.638937829    1.068141502   27.797304688  -24.902759872   19.068062631
   -2.576105976    1.068141502   27.849904248  -13.837188899   21.337160026
   -2.513274123    1.068141502   27.340524605   -0.439024416   21.277136891
   -2.450442270    1.068141502   29.228137653  -23.109060372   22.893720066
   -2.387610417    1.068141502   27.989373319  -33.227936382   27.192265534
   -2.324778564    1.068141502   26.805294365  -32.965138467   29.781973202
   -2.261946711    1.068141502   25.689074209  -30.762642770   20.466672512
   -2.199114858    1.068141502   23.315490697  -26.665843192   11.800764785
   -2.136283004    1.068141502   22.314171728  -11.045981221    6.565567275
   -2.073451151    1.068141502   22.614993782   12.183850112    5.412963657
   -2.010619298    1.068141502   24.451817212   38.976341415    7.929157128
   -1.947787445    1.068141502   27.244840109   37.449634427    9.466650986
   -1.884955592    1.068141502   29.747284655   31.677249519   -0.961958158
   -1.822123739    1.068141502   31.493512563    7.194607833  -14.413965128
   -1.759291886    1.068141502   32.161220714  -28.792396851  -23.697669995
   -1.696460033    1.068141502   30.123260781  -32.986834352  -21.209000988
   -1.633628180    1.068141502   28.439673948  -21.430505809  -11.686716940
   -1.570796327    1.068141502   27.551583595   -2.497575315    0.812705887
   -1.507964474    1.068141502   28.394806770   13.220912070    9.790986506
   -1.445132621    1.068141502   29.265366800   21.475587558   15.295153558
   -1.382300768    1.068141502   30.790129816   23.736816664   18.255731466
   -1.319468915    1.068141502   32.715525218   22.219171664   13.409186913
   -1.256637061    1.068141502   34.479895937   25.699372795    9.073613551
   -1.193805208    1.068141502   34.763309424   29.997877409   -2.937301105
   -1.130973355    1.068141502   37.057452895   41.720795159   -6.814060459
   -1.068141502    1.068141502   39.957645801   49.639437919   -8.493289036
   -1.005309649    1.068141502   45.136733416   37.648655399   -4.937924301
   -0.942477796    1.068141502   47.301620264   30.803654500  -14.837291832
   -0.879645943    1.068141502   48.832304595   17.534644114  -24.714317155
   -0.816814090    1.068141502   49.457360178    2.517613807  -32.970600215
   -0.753982237    1.068141502   49.370791321  -10.401322196  -37.288729450
   -0.691150384    1.068141502   48.857753813   -7.779216226  -31.898940850
   -0.628318531    1.068141502   48.714537876    3.742813719  -21.626104973
   -0.565486678    1.068141502   49.235785595   11.549996010  -13.403321938
   -0.502654825    1.068141502   49.987580230    8.813596140  -10.941988796
   -0.439822972    1.068141502   50.392768136    2.229969835  -11.563142711
   -0.376991118    1.068141502   50.430081537   -0.123584353  -11.583030390
   -0.314159265    1.068141502   50.460121022    1.325165705  -11.833553470
   -0.251327412    1.068141502   50.393282365   -1.096719059  -15.589446208
   -0.188495559    1.068141502   50.338958600   -0.553870002  -19.309509621
   -0.125663706    1.068141502   50.352931443    0.866806992  -20.077261951
   -0.062831853    1.068141502   50.296633156   -4.708608220  -23.367388330
    0.000000000    1.068141502   49.429994264  -24.710963780  -36.186691901
    0.062831853    1.068141502   47.145114382  -49.118225834  -52.925935650
    0.125663706    1.068141502   43.674670902  -58.245880728  -58.971179362
    0.188495559    1.068141502   40.225622537  -50.030196683  -49.766226691
    0.251327412    1.068141502   37.567773147  -34.650779968  -30.807021998
    0.314159265    1.068141502   35.666576913  -25.885020116  -12.502703259
    0.376991118    1.068141502   34.055279069  -26.542243653    1.071762213
    0.439822972    1.068141502   32.515508071  -37.947006234    7.999826378
    0.502654825    1.068141502   30.008775498  -42.357527420    7.189398141
    0.565486678    1.068141502   27.275519930  -47.668884290    0.273799476
    0.628318531    1.068141502   24.387938474  -42.178528863   -6.283845778
    0.691150384    1.068141502   22.240022055  -25.118437388   -7.764704228
    0.753982237    1.068141502   20.793126773  -11.959655495   -2.607364562
    0.816814090    1.068141502   20.313887777   -5.579119756   -1.190785970
    0.879645943    1.068141502   19.724028063   -7.039232559   -0.214614639
    0.942477796    1.068141502   19.479690449    0.757566672    3.350599574
    1.005309649    1.068141502   20.206852232   14.157291226    8.445187643
    1.068141502    1.068141502   21.598266548   19.902719240    1.024815585
    1.130973355    1.068141502   21.734355618    8.734328965  -11.847788058
    1.193805208    1.068141502   22.303479241   10.517320701  -26.205731731
    1.256637061    1.068141502   23.231796826   19.680518412  -37.966246099
    1.319468915    1.068141502   24.790556342   29.067772603  -44.820169525
    1.382300768    1.068141502   26.815331351   35.768574715  -42.576296177
    1.445132621    1.068141502   29.989155452   31.933132743  -33.510918234
    1.507964474    1.068141502   31.714235494   31.725575395  -13.908527292
    1.570796327    1.068141502   34.160641817   33.076565527    2.084594318
    1.633628180    1.068141502   36.604187831   27.073807487    8.127869077
    1.696460033    1.068141502   38.680816394   15.558259301    1.257181780
    1.759291886    1.068141502   38.646076356    5.004530019    3.001642227
    1.822123739    1.068141502   39.017036094   10.815642083    6.286948467
    1.884955592    1.068141502   40.123947511   21.467910092   10.878344114
    1.947787445    1.068141502   42.291629567   21.654856023    6.774053564
    2.010619298    1.068141502   43.568633483   21.868165932    3.893697366
    2.073451151    1.068141502   44.680473163    8.385825920   -0.403286922
    2.136283004    1.068141502   45.668681884   22.559743375   -0.141399331
    2.199114858    1.068141502   46.168847776   26.381265146   -1.255173295
    2.261946711    1.068141502   49.432315836   18.054910353    3.225749579
    2.324778564    1.068141502   50.563276277   14.443376655   -1.094726558
    2.387610417    1.068141502   53.418151094    3.319735385   -5.891642056
    2.450442270    1.068141502   54.317319393   11.075926559  -14.914818159
    2.513274123    1.068141502   54.531492859    1.781393340  -25.409545420
    2.576105976    1.068141502   55.017100872  -31.361921340  -30.957849839
    2.638937829    1.068141502   52.498248842  -47.654681443  -28.585607190
    2.701769682    1.068141502   49.403542702  -45.451208259  -21.623448902
    2.764601535    1.068141502   47.044161226  -28.052891520  -14.133082595
    2.827433388    1.068141502   45.344729557  -35.760659245  -11.781908789
    2.890265241    1.068141502   43.199795981  -33.703810430  -17.090496522
    2.953097094    1.068141502   41.025119102  -45.226034879  -18.295797073
    3.015928947    1.068141502   37.890612864  -49.349103777  -21.535103971
    3.078760801    1.068141502   35.234158080  -45.925570864  -28.643497809

   -3.141592654    1.130973355   32.322128337  -38.204823263  -50.495749426
   -3.078760801    1.130973355   29.500437729  -24.002386115  -55.158692105
   -3.015928947    1.130973355   29.142092511  -10.298351426  -49.193896866
   -2.953097094    1.130973355   28.278890983    3.364723589  -30.778288450
   -2.890265241    1.130973355   26.944813957   -7.285641775  -26.965212182
   -2.827433388    1.130973355   26.964090132    4.395193903  -27.823893563
   -2.764601535    1.130973355   28.631812339   -0.754259482  -27.824941415
   -2.701769682    1.130973355   30.930083615  -16.505360905   -9.827101430
   -2.638937829    1.130973355   28.484240693  -26.037050892   -1.867151844
   -2.576105976    1.130973355   28.151337934  -19.773786655    4.480382928
   -2.513274123    1.130973355   27.070573152   -7.855350142    7.104003884
   -2.450442270    1.130973355   28.561760537  -23.949032425    9.932667840
   -2.387610417    1.130973355   27.295296134  -32.654257054   13.530963960
   -2.324778564    1.130973355   26.222673706  -38.493375635   15.241534993
   -2.261946711    1.130973355   24.752714945  -33.959920329    7.053967206
   -2.199114858    1.130973355   22.374115785  -24.752938874    3.547292100
   -2.136283004    1.130973355   21.680544717   -3.657828644    2.322823482
   -2.073451151    1.130973355   22.492886155   21.405897108    1.240565513
   -2.010619298    1.130973355   24.930257099   45.088335416   -3.194584003
   -1.947787445    1.130973355   28.158611750   37.256832454  -13.038068303
   -1.884955592    1.130973355   30.399927131   27.715565036  -33.345859186
   -1.822123739    1.130973355   31.843111814    4.341995114  -49.351146184
   -1.759291886    1.130973355   32.488308823  -21.996529105  -53.696146560
   -1.696460033    1.130973355   31.014968886  -22.646920507  -40.020549563
   -1.633628180    1.130973355   29.936646819  -14.256443634  -19.144465115
   -1.570796327    1.130973355   29.469231491    1.267978862    1.085513950
   -1.507964474    1.130973355   30.407575927   15.752778752   14.439349406
   -1.445132621    1.130973355   31.142750319   19.792312379   19.765222047
   -1.382300768    1.130973355   32.447289983   18.743353960   19.629806814
   -1.319468915    1.130973355   33.776445408   15.680884974   12.166763666
   -1.256637061    1.130973355   35.135398273   18.126311545    7.870179536
   -1.193805208    1.130973355   34.737529639   25.799359331    0.490338088
   -1.130973355    1.130973355   36.872986069   40.869540738    1.063584242
   -1.068141502    1.130973355   39.725581605   48.153396726    2.148932738
   -1.005309649    1.130973355   45.172899201   30.081563452    7.872117329
   -0.942477796    1.130973355   46.832992320   22.196413334    1.237593194
   -0.879645943    1.130973355   47.808719692    8.449988008   -7.918392342
   -0.816814090    1.130973355   47.945946920   -3.245189413  -15.564109122
   -0.753982237    1.130973355   47.666195662   -8.033566019  -17.020719796
   -0.691150384    1.130973355   47.610667791    1.457489658   -7.986179549
   -0.628318531    1.130973355   48.088063427   12.862099561    1.566089693
   -0.565486678    1.130973355   49.025445133   14.946993861    6.292568256
   -0.502654825    1.130973355   49.884536229    8.159727966    8.137720988
   -0.439822972    1.130973355   50.321496349    2.332273424    9.915333652
   -0.376991118    1.130973355   50.374955521   -0.682580881    9.487425075
   -0.314159265    1.130973355   50.232644500   -3.697515900    3.809639141
   -0.251327412    1.130973355   49.777906596   -7.424640534   -4.474559602
   -0.188495559    1.130973355   49.377438191   -5.086457719  -11.826701598
   -0.125663706    1.130973355   49.081809356   -6.013613855  -20.804987687
   -0.062831853    1.130973355   48.321336407  -20.705321541  -36.883286294
    0.000000000    1.130973355   46.280168616  -43.903794271  -54.856076007
    0.062831853    1.130973355   43.048196261  -57.129290812  -60.957138699
    0.125663706    1.130973355   39.576282975  -50.659697301  -50.257379400
    0.188495559    1.130973355   36.917817484  -33.819948505  -32.351134461
    0.251327412    1.130973355   35.279061386  -19.613637206  -17.595012205
    0.314159265    1.130973355   34.113369559  -16.771786667  -10.419468977
    0.376991118    1.130973355   32.910765218  -23.548130276   -9.103813789
    0.439822972    1.130973355   31.384007095  -39.646501544  -12.698039904
    0.502654825    1.130973355   28.646286889  -47.032680021  -14.849655068
    0.565486678    1.130973355   25.669385138  -49.312493860  -11.605230760
    0.628318531    1.130973355   22.847303597  -38.739220678   -0.804982883
    0.691150384    1.130973355   20.938507216  -21.996200101    7.456031792
    0.753982237    1.130973355   19.720129133  -12.867221710    7.624561146
    0.816814090    1.130973355   19.047329623   -9.326649402   -0.813677875
    0.879645943    1.130973355   18.430929641   -4.500828420   -3.659006914
    0.942477796    1.130973355   18.535289909    8.175195678   -0.443247830
    1.005309649    1.130973355   19.582052462   15.618127955   -0.749350800
    1.068141502    1.130973355   20.556878112   13.449838931  -11.485130736
    1.130973355    1.130973355   20.159966812   -0.096672468  -20.513883863
    1.193805208    1.130973355   20.204987152    2.919511181  -27.262706812
    1.256637061    1.130973355   20.664335496   13.030125488  -32.926899822
    1.319468915    1.130973355   21.920925117   27.628023759  -33.705759933
    1.382300768    1.130973355   24.133522779   42.353526981  -25.610663165
    1.445132621    1.130973355   27.774388676   45.299504763  -12.926627646
    1.507964474    1.130973355   30.471276954   42.867270819    3.908345196
    1.570796327    1.130973355   33.575875415   38.304904643   11.432138944
    1.633628180    1.130973355   36.200007702   26.669686488    9.671568432
    1.696460033    1.130973355   38.072926257   17.517011305    5.276100588
    1.759291886    1.130973355   38.682412335   15.781977191   16.241431469
    1.822123739    1.130973355   39.793884759   23.592819751   28.115804736
    1.884955592    1.130973355   41.396105170   27.002551576   34.149256871
    1.947787445    1.130973355   43.113033051   17.037938294   23.508074188
    2.010619298    1.130973355   43.719824055   10.533566377    8.652156719
    2.073451151    1.130973355   44.059071790   -1.835850194   -6.664132419
    2.136283004    1.130973355   44.564410963   17.439859282  -16.614617970
    2.199114858    1.130973355   44.847486287   24.008154668  -18.212261683
    2.261946711    1.130973355   48.241892157   13.413662099  -16.312910324
    2.324778564    1.130973355   49.125780674    7.205835883  -19.664583425
    2.387610417    1.130973355   51.572741724   -4.798984436  -29.473655634
    2.450442270    1.130973355   52.073256608    3.671151188  -36.744000375
    2.513274123    1.130973355   51.883197577   -1.691028868  -44.090398254
    2.576105976    1.130973355   52.306875086  -26.842884096  -45.594938526
    2.638937829    1.130973355   50.370964772  -37.526461714  -34.364820405
    2.701769682    1.130973355   48.028261582  -32.995231851  -21.067263316
    2.764601535    1.130973355   46.246381429  -22.582227305  -11.926717687
    2.827433388    1.130973355   44.491041460  -44.033081468  -16.818992349
    2.890265241    1.130973355   41.789044421  -41.285688869  -32.223684627
    2.953097094    1.130973355   39.496548464  -46.477393722  -41.894315886
    3.015928947    1.130973355   36.425638767  -47.754435284  -46.854596394
    3.078760801    1.130973355   33.780024961  -45.178743191  -50.825657729

   -3.141592654    1.193805208   30.295955221  -42.706184608  -32.420084811
   -3.078760801    1.193805208   27.304901656  -21.485455338  -42.457674796
   -3.015928947    1.193805208   27.293724640    1.957428881  -46.977803289
   -2.953097094    1.193805208   27.550055689   18.120367903  -35.261706613
   -2.890265241    1.193805208   26.351465403   -7.120045374  -31.941005446
   -2.827433388    1.193805208   26.082512058   -2.275831249  -29.526752366
   -2.764601535    1.193805208   27.181611486   -3.803669025  -31.334593464
   -2.701769682    1.193805208   29.971566915  -15.510674377  -19.952311215
   -2.638937829    1.193805208   27.811771679  -18.242633073  -11.957648658
   -2.576105976    1.193805208   28.109085272  -10.076607118   -2.527296431
   -2.513274123    1.193805208   27.577108225    4.449373753   -0.966208820
   -2.450442270    1.193805208   29.709398561   -9.489171101    0.792814681
   -2.387610417    1.193805208   29.091504894  -23.891811947    6.258725888
   -2.324778564    1.193805208   28.434012945  -41.378661413   12.624851519
   -2.261946711    1.193805208   26.703619177  -38.004458798   12.765558215
   -2.199114858    1.193805208   24.333011490  -26.066653273   17.499905295
   -2.136283004    1.193805208   23.585415436   -2.599978156   17.066972328
   -2.073451151    1.193805208   24.294477640   18.303792092   13.906630931
   -2.010619298    1.193805208   26.340727714   31.251133624    6.296360580
   -1.947787445    1.193805208   28.798919540   16.030287083   -3.160381054
   -1.884955592    1.193805208   29.713762342    9.854166933  -19.318340270
   -1.822123739    1.193805208   30.333397144   -2.924870012  -27.161582086
   -1.759291886    1.193805208   30.931520937  -10.896926263  -29.795387241
   -1.696460033    1.193805208   30.482688532   -2.056769203  -23.195953663
   -1.633628180    1.193805208   30.847796206    7.860877016  -13.504105848
   -1.570796327    1.193805208   31.766036848   20.222986004   -4.512408279
   -1.507964474    1.193805208   33.537213916   27.034169503   -2.262315489
   -1.445132621    1.193805208   34.422710893   18.552401577   -7.721226458
   -1.382300768    1.193805208   35.340955935    9.210760919  -17.274137566
   -1.319468915    1.193805208   35.825144047    4.063501019  -27.425046672
   -1.256637061    1.193805208   36.491858426    6.637255082  -29.480529342
   -1.193805208    1.193805208   35.288802129   18.521384397  -27.910700244
   -1.130973355    1.193805208   37.038100977   35.848825332  -19.493307005
   -1.068141502    1.193805208   39.571003216   42.482878928  -11.559977313
   -1.005309649    1.193805208   44.953383449   19.064279241   -5.419277308
   -0.942477796    1.193805208   45.871819799    9.849974214  -13.080543282
   -0.879645943    1.193805208   46.126521110   -1.229791649  -21.925474270
   -0.816814090    1.193805208   45.909057858   -3.725101391  -23.240456373
   -0.753982237    1.193805208   45.810087076    1.360252546  -17.345286296
   -0.691150384    1.193805208   46.558354518   13.535492510   -3.289284833
   -0.628318531    1.193805208   47.723242405   21.674976755    6.830251609
   -0.565486678    1.193805208   49.068142895   19.722816142   12.514326711
   -0.502654825    1.193805208   50.271638181   11.731195246   17.475311036
   -0.439822972    1.193805208   50.988849183    3.994067997   19.414238880
   -0.376991118    1.193805208   50.984027390   -4.888817326   13.243608571
   -0.314159265    1.193805208   50.406271752  -12.815689300    0.836946708
   -0.251327412    1.193805208   49.365957869  -16.361419565  -12.849645031
   -0.188495559    1.193805208   48.412951368  -14.298146381  -24.675026361
   -0.125663706    1.193805208   47.403383388  -20.136461047  -38.897033729
   -0.062831853    1.193805208   45.671788292  -35.568600015  -51.991906392
    0.000000000    1.193805208   43.029499437  -46.397632649  -53.376853693
    0.062831853    1.193805208   40.147525388  -43.809269242  -40.020191148
    0.125663706    1.193805208   37.763876117  -31.647104932  -22.068800590
    0.188495559    1.193805208   36.198579904  -18.951347340   -8.879842530
    0.251327412    1.193805208   35.283588517  -11.387746870   -1.338664488
    0.314159265    1.193805208   34.401055459  -15.161162640   -0.601047792
    0.376991118    1.193805208   33.194077122  -24.789469368   -3.733791419
    0.439822972    1.193805208   31.652700041  -36.247351555   -6.069657811
    0.502654825    1.193805208   29.420829592  -34.290289076    0.394842807
    0.565486678    1.193805208   27.507617007  -28.532903434   13.605392889
    0.628318531    1.193805208   25.901215836  -23.729734098   24.363536226
    0.691150384    1.193805208   24.369872139  -26.100103243   20.561567924
    0.753982237    1.193805208   22.460450368  -31.123692246    6.858242474
    0.816814090    1.193805208   20.607174871  -25.607797051   -3.790823061
    0.879645943    1.193805208   19.347289485  -10.862062464   -3.346432415
    0.942477796    1.193805208   19.123577864    2.577573829   -1.751518726
    1.005309649    1.193805208   19.658746897    5.143635849   -5.508780100
    1.068141502    1.193805208   19.800910458    3.132890263  -13.556707192
    1.130973355    1.193805208   18.926850834   -5.843305815  -15.334818606
    1.193805208    1.193805208   18.665741487   -1.191702040  -15.975204469
    1.256637061    1.193805208   18.903947851   10.990300425  -15.311503299
    1.319468915    1.193805208   20.232151373   32.199743469   -9.899839252
    1.382300768    1.193805208   22.918337746   52.132514113   -0.003190106
    1.445132621    1.193805208   26.912516573   52.240600904    4.061217913
    1.507964474    1.193805208   29.786899989   38.418495178    3.229875630
    1.570796327    1.193805208   32.302100397   24.427723455   -5.262031718
    1.633628180    1.193805208   33.999178290   13.450770334  -10.116195381
    1.696460033    1.193805208   35.164973015   14.044134793   -7.627177669
    1.759291886    1.193805208   36.076802780   22.222586785    5.095870215
    1.822123739    1.193805208   37.650159261   31.667501775   12.792781148
    1.884955592    1.193805208   39.579576787   31.628966475   13.136201235
    1.947787445    1.193805208   41.037730476   16.422758166    3.066197356
    2.010619298    1.193805208   41.242740888    5.265553751  -12.295819526
    2.073451151    1.193805208   41.259891139   -5.505622567  -26.765240972
    2.136283004    1.193805208   41.715255043   19.234109102  -36.224595449
    2.199114858    1.193805208   42.625159171   30.791736711  -28.911131715
    2.261946711    1.193805208   46.587547291   17.669409538  -23.722629374
    2.324778564    1.193805208   47.682279859    4.799210820  -21.912425677
    2.387610417    1.193805208   49.642893648   -7.564417625  -34.627797534
    2.450442270    1.193805208   50.016704895    0.752067419  -40.099857525
    2.513274123    1.193805208   49.749540278   -0.195767379  -45.655020046
    2.576105976    1.193805208   50.363890930  -17.284428618  -49.920385072
    2.638937829    1.193805208   49.343781155  -25.005355816  -43.603514426
    2.701769682    1.193805208   47.864072925  -19.469407454  -36.935611483
    2.764601535    1.193805208   46.684342538  -17.583196997  -27.193016479
    2.827433388    1.193805208   44.615880146  -55.305371543  -24.470652887
    2.890265241    1.193805208   40.941556057  -58.686863082  -26.859204187
    2.953097094    1.193805208   37.832559478  -58.081347877  -30.840261837
    3.015928947    1.193805208   34.356780908  -50.382437521  -32.049462484
    3.078760801    1.193805208   31.533716600  -46.183136693  -33.118177535

   -3.141592654    1.256637061   29.353579429  -49.896398719    5.080001029
   -3.078760801    1.256637061   25.782182459  -31.987014342   -9.579951035
   -3.015928947    1.256637061   25.162802687   -1.684164103  -25.868568893
   -2.953097094    1.256637061   25.666584464   22.204425863  -27.825356195
   -2.890265241    1.256637061   24.326013092   -6.755113757  -30.869530475
   -2.827433388    1.256637061   24.029355804   -2.852103608  -29.598233145
   -2.764601535    1.256637061   24.840320488   -0.881513270  -33.450534963
   -2.701769682    1.256637061   28.185212992   -6.725526539  -26.299780907
   -2.638937829    1.256637061   26.787026786   -5.180273015  -12.593722224
   -2.576105976    1.256637061   28.089397703   -1.367221841    4.048965935
   -2.513274123    1.256637061   27.896809080   13.133214497    3.794512450
   -2.450442270    1.256637061   30.432794295    4.777377276   -0.685991671
   -2.387610417    1.256637061   30.725531860   -4.986483290    0.595722132
   -2.324778564    1.256637061   31.421357544  -22.442730117    5.723825280
   -2.261946711    1.256637061   31.012556391  -18.364109881    9.487570452
   -2.199114858    1.256637061   30.073704023  -11.015085457   12.641135929
   -2.136283004    1.256637061   29.801440685    1.897663923    3.583291197
   -2.073451151    1.256637061   30.329973737    9.861056888   -1.182534769
   -2.010619298    1.256637061   31.523682800    8.314806607   -0.924917461
   -1.947787445    1.256637061   32.831211002  -14.194330171    4.099395347
   -1.884955592    1.256637061   31.969332263  -14.375323359   -2.945548420
   -1.822123739    1.256637061   31.333450997  -19.285971145   -7.276553526
   -1.759291886    1.256637061   30.929702294  -20.132462501  -14.552047977
   -1.696460033    1.256637061   30.039949532   -6.869807646  -19.539608525
   -1.633628180    1.256637061   30.310114337    7.473431868  -22.587306036
   -1.570796327    1.256637061   31.313706555   20.781477507  -24.986069581
   -1.507964474    1.256637061   32.867435839   22.215770488  -31.856496433
   -1.445132621    1.256637061   33.066752908    4.867489905  -43.032127445
   -1.382300768    1.256637061   32.975920332   -7.766483799  -55.940589110
   -1.319468915    1.256637061   32.444783943   -7.593727932  -65.195809284
   -1.256637061    1.256637061   32.728960563    5.078557393  -63.422893881
   -1.193805208    1.256637061   31.712809667   27.758016968  -52.708880502
   -1.130973355    1.256637061   34.229852898   49.191823139  -38.816555788
   -1.068141502    1.256637061   37.450956118   49.129171197  -33.245070225
   -1.005309649    1.256637061   43.145707178   14.483598245  -39.014090930
   -0.942477796    1.256637061   43.650778642    2.548894296  -50.915401292
   -0.879645943    1.256637061   43.637499755   -1.386888503  -54.110470958
   -0.816814090    1.256637061   43.756296077    6.996164420  -43.982069014
   -0.753982237    1.256637061   44.398444333   17.681367616  -27.860463967
   -0.691150384    1.256637061   46.205285393   27.121776471   -8.933113750
   -0.628318531    1.256637061   48.051575966   29.721407866    2.243184346
   -0.565486678    1.256637061   49.789504812   24.193846646    7.983107600
   -0.502654825    1.256637061   51.249242416   11.378388991    9.659126492
   -0.439822972    1.256637061   51.848189653   -4.110000508    3.026959496
   -0.376991118    1.256637061   51.125600998  -19.841264721  -13.167224148
   -0.314159265    1.256637061   49.548557078  -28.321142207  -28.811385759
   -0.251327412    1.256637061   47.688465651  -27.765045902  -37.621378454
   -0.188495559    1.256637061   46.010790219  -26.841289617  -44.569377220
   -0.125663706    1.256637061   44.178602349  -33.254080194  -50.992654334
   -0.062831853    1.256637061   41.848690805  -40.076774269  -51.114942101
    0.000000000    1.256637061   39.305286106  -39.899453773  -41.634010427
    0.062831853    1.256637061   36.948996063  -34.969624684  -31.379487311
    0.125663706    1.256637061   35.003534809  -26.801267428  -23.839882825
    0.188495559    1.256637061   33.638547622  -16.490916284  -16.745217760
    0.251327412    1.256637061   32.811752745  -11.402020522  -10.186130422
    0.314159265    1.256637061   31.829479323  -16.730084319   -5.800502364
    0.376991118    1.256637061   30.649840596  -21.795983477    1.330328959
    0.439822972    1.256637061   29.525429371  -23.156730505   12.710375978
    0.502654825    1.256637061   28.322057350  -15.293578943   27.993400822
    0.565486678    1.256637061   27.538441434  -12.532494442   37.743607611
    0.628318531    1.256637061   26.533072243  -21.719958369   35.490043816
    0.691150384    1.256637061   24.691240585  -36.342466604   23.032940410
    0.753982237    1.256637061   22.188117188  -39.238292669   13.325854398
    0.816814090    1.256637061   20.139996927  -23.828582924   12.348441962
    0.879645943    1.256637061   19.162054969   -6.747274770   14.272572290
    0.942477796    1.256637061   19.027145664    0.607250717   10.107894816
    1.005309649    1.256637061   19.274329682   -0.040549174    2.233313276
    1.068141502    1.256637061   19.101439633    1.559846514   -1.484833895
    1.130973355    1.256637061   18.334855275   -3.983919957    0.273370543
    1.193805208    1.256637061   18.184461192    1.159844717    2.291243538
    1.256637061    1.256637061   18.658958998   17.152416483    8.782006455
    1.319468915    1.256637061   20.495797850   41.342401067   18.799361880
    1.382300768    1.256637061   23.676409427   57.063773706   25.210140274
    1.445132621    1.256637061   27.515433544   48.180923414   18.022141825
    1.507964474    1.256637061   29.931836747   28.941766815    8.604144603
    1.570796327    1.256637061   31.865377846   18.675567797    3.875651429
    1.633628180    1.256637061   33.369717589   13.960063986    7.588274637
    1.696460033    1.256637061   34.532252503   14.983816233   11.519314885
    1.759291886    1.256637061   35.530923489   20.353185154   11.115631268
    1.822123739    1.256637061   37.015995056   31.377150073    6.488356807
    1.884955592    1.256637061   38.991961969   35.039648998    3.191403688
    1.947787445    1.256637061   40.385624552   17.846579734    0.475989632
    2.010619298    1.256637061   40.147594754   -3.138282347   -7.647774982
    2.073451151    1.256637061   39.563538814  -14.712362210  -17.162051414
    2.136283004    1.256637061   39.590203293   15.053645807  -24.207511130
    2.199114858    1.256637061   41.128659537   34.811483597  -13.857903899
    2.261946711    1.256637061   45.388071015   21.890081548  -10.667475224
    2.324778564    1.256637061   46.640012090    0.226605735   -7.547121336
    2.387610417    1.256637061   47.733157142  -13.555401923  -20.621920498
    2.450442270    1.256637061   47.748019631   -5.670480302  -24.621630504
    2.513274123    1.256637061   47.123349187   -4.783465347  -27.450979876
    2.576105976    1.256637061   47.322682257  -20.768074774  -31.777449898
    2.638937829    1.256637061   46.224236303  -31.761232287  -34.495180961
    2.701769682    1.256637061   44.500744511  -20.109017271  -41.999339171
    2.764601535    1.256637061   43.424200202  -11.825485526  -43.506810703
    2.827433388    1.256637061   41.548048932  -46.666045961  -38.543325677
    2.890265241    1.256637061   38.317514855  -52.838704087  -23.253072124
    2.953097094    1.256637061   35.647168618  -52.178818871   -9.831401390
    3.015928947    1.256637061   32.697898608  -42.034344072    0.557182437
    3.078760801    1.256637061   30.268703509  -40.819401017    4.796050243

   -3.141592654    1.319468915   30.480465732  -55.605484573   25.809256222
   -3.078760801    1.319468915   26.376471274  -45.739284882   13.390709915
   -3.015928947    1.319468915   24.798487539  -13.370628502   -8.976216165
   -2.953097094    1.319468915   25.005500747   18.169117939  -23.802092921
   -2.890265241    1.319468915   23.361846419   -7.537556878  -35.640543802
   -2.827433388    1.319468915   23.094931918   -1.971668603  -39.523850436
   -2.764601535    1.319468915   23.531012674    2.365164702  -49.581483299
   -2.701769682    1.319468915   27.189444731    6.970891159  -49.405259627
   -2.638937829    1.319468915   26.932941000   13.282831106  -33.554777910
   -2.576105976    1.319468915   29.770488906    8.357564288  -11.479040051
   -2.513274123    1.319468915   29.880547035   19.064062339  -15.682425415
   -2.450442270    1.319468915   32.393012265   11.270573049  -30.095513878
   -2.387610417    1.319468915   33.138938940    5.975758889  -36.909377193
   -2.324778564    1.319468915   34.660734426  -10.301724080  -35.297710402
   -2.261946711    1.319468915   35.031381288  -15.177722951  -27.441124259
   -2.199114858    1.319468915   34.273811239  -20.692072077  -24.661743246
   -2.136283004    1.319468915   32.774966768  -16.426032325  -39.884148464
   -2.073451151    1.319468915   32.149704227   -5.823746689  -47.058426124
   -2.010619298    1.319468915   32.627345777   -5.081193797  -42.936706206
   -1.947787445    1.319468915   33.827745476  -29.517327017  -28.307386529
   -1.884955592    1.319468915   32.149861978  -24.291972068  -30.563366289
   -1.822123739    1.319468915   31.050989336  -25.586139127  -30.111272735
   -1.759291886    1.319468915   30.138918205  -24.187563511  -29.811609935
   -1.696460033    1.319468915   28.952249252  -11.543815762  -26.696439507
   -1.633628180    1.319468915   28.981628979    3.473043865  -25.363862574
   -1.570796327    1.319468915   29.784000479   16.669433040  -27.633978515
   -1.507964474    1.319468915   30.873868584   14.977477385  -35.583110238
   -1.445132621    1.319468915   30.481113948   -5.701110353  -44.003477237
   -1.382300768    1.319468915   29.770959184  -15.518780059  -50.593636473
   -1.319468915    1.319468915   28.965159850   -6.858744664  -50.881941892
   -1.256637061    1.319468915   29.600520634   14.714449094  -43.248658005
   -1.193805208    1.319468915   29.470671080   42.272195558  -30.376243079
   -1.130973355    1.319468915   32.691032140   54.976345195  -28.380980916
   -1.068141502    1.319468915   35.849338342   40.055620796  -40.413986154
   -1.005309649    1.319468915   40.760627948    1.089532914  -61.279325700
   -0.942477796    1.319468915   40.586450957   -3.405864650  -70.833120578
   -0.879645943    1.319468915   40.607181251    5.730077360  -64.037723854
   -0.816814090    1.319468915   41.517144207   23.748971365  -45.297729782
   -0.753982237    1.319468915   43.096164368   34.121272724  -27.519883929
   -0.691150384    1.319468915   45.793160799   36.070364715  -13.812740284
   -0.628318531    1.319468915   48.014136433   32.851038292  -10.232544172
   -0.565486678    1.319468915   49.776230669   21.900699184  -13.642518101
   -0.502654825    1.319468915   50.953749558    1.114100802  -23.404853408
   -0.439822972    1.319468915   50.844213501  -20.512973982  -37.138596564
   -0.376991118    1.319468915   49.190089347  -32.090340444  -47.006317702
   -0.314159265    1.319468915   47.187847990  -30.366153619  -45.542522420
   -0.251327412    1.319468915   45.349676511  -26.894436029  -42.258292754
   -0.188495559    1.319468915   43.661698910  -28.208668464  -44.697663760
   -0.125663706    1.319468915   41.819918455  -31.484568652  -48.102778803
   -0.062831853    1.319468915   39.806021449  -32.069322120  -49.090937544
    0.000000000    1.319468915   37.811310047  -32.510478409  -49.720496663
    0.062831853    1.319468915   35.798318536  -30.687089304  -50.947214447
    0.125663706    1.319468915   34.102662576  -21.851722612  -46.573332157
    0.188495559    1.319468915   33.089740665  -11.120244347  -36.801312688
    0.251327412    1.319468915   32.536722124   -8.183426342  -28.327619686
    0.314159265    1.319468915   31.774289846  -11.658409985  -21.316061539
    0.376991118    1.319468915   31.085962065  -11.146181746  -13.625287195
    0.439822972    1.319468915   30.748599636   -6.948389197   -6.755531849
    0.502654825    1.319468915   30.578309837    0.559599542    1.777272105
    0.565486678    1.319468915   30.592177681   -3.335549538    7.231882935
    0.628318531    1.319468915   29.871229322  -21.381833298    7.545055391
    0.691150384    1.319468915   27.929007745  -38.138255656    4.894633218
    0.753982237    1.319468915   25.438081090  -36.898760965    5.454563077
    0.816814090    1.319468915   23.578089213  -22.266440827    6.005502155
    0.879645943    1.319468915   22.519920300  -12.279526812    1.398748616
    0.942477796    1.319468915   21.880566937   -8.718281898   -3.825360183
    1.005309649    1.319468915   21.625926992   -5.376807408   -5.470837429
    1.068141502    1.319468915   21.168775985   -1.992418469   -4.559123345
    1.130973355    1.319468915   20.362051499   -5.662887637   -1.930164010
    1.193805208    1.319468915   20.200578183    3.635075106    3.233903222
    1.256637061    1.319468915   20.992595392   24.160222988   14.571444123
    1.319468915    1.319468915   23.255325924   46.137993226   25.156380436
    1.382300768    1.319468915   26.425437412   51.502502150   25.445739677
    1.445132621    1.319468915   29.576744037   38.340891892   17.300687760
    1.507964474    1.319468915   31.471353923   24.968432440   15.774042308
    1.570796327    1.319468915   33.237420309   19.955596284   19.625742680
    1.633628180    1.319468915   34.659371410   11.933954912   21.406469078
    1.696460033    1.319468915   35.396299097    4.468343470   17.495029000
    1.759291886    1.319468915   35.639430582    6.266541706    9.707365993
    1.822123739    1.319468915   36.347276821   21.038218958    1.187759008
    1.884955592    1.319468915   37.844390276   31.863569922   -4.013595949
    1.947787445    1.319468915   39.075535264   19.087833700   -5.837214478
    2.010619298    1.319468915   38.567302086   -6.285202607   -8.935302897
    2.073451151    1.319468915   37.828937251  -15.816739395   -9.602633722
    2.136283004    1.319468915   37.822447236   15.500657301   -9.304635337
    2.199114858    1.319468915   40.321629209   40.663146343    3.644322582
    2.261946711    1.319468915   44.835292611   29.064221008    2.463573346
    2.324778564    1.319468915   46.457913872   -0.583893523    6.313788407
    2.387610417    1.319468915   46.868847158  -16.851515736   -4.613097921
    2.450442270    1.319468915   46.644952470  -10.976291952  -10.682801958
    2.513274123    1.319468915   45.863139091   -5.325294883  -14.781963109
    2.576105976    1.319468915   45.879627820  -22.692136016  -15.231663831
    2.638937829    1.319468915   44.507853590  -43.132650921  -16.389382669
    2.701769682    1.319468915   41.979453232  -33.007063406  -26.047309185
    2.764601535    1.319468915   40.205361237  -16.703790378  -37.953734119
    2.827433388    1.319468915   38.128221039  -35.611279701  -42.531541871
    2.890265241    1.319468915   35.832495476  -35.201337953  -26.250114793
    2.953097094    1.319468915   34.316688029  -33.702441247   -6.512720748
    3.015928947    1.319468915   32.590967654  -25.389257389   13.868205647
    3.078760801    1.319468915   30.956530808  -30.872652025   23.807678035

   -3.141592654    1.382300768   30.066743823  -58.948755979    9.746366808
   -3.078760801    1.382300768   25.645136679  -58.781440118    6.390914922
   -3.015928947    1.382300768   23.026160991  -30.894730113   -9.340315570
   -2.953097094    1.382300768   22.371869267    4.679562773  -25.519859787
   -2.890265241    1.382300768   20.147996780  -11.240750216  -37.558091469
   -2.827433388    1.382300768   19.950509450    0.099820930  -39.508201165
   -2.764601535    1.382300768   19.999821654    7.133702493  -52.376791636
   -2.701769682    1.382300768   23.856088557   21.380452905  -59.218681760
   -2.638937829    1.382300768   24.752980557   31.065512678  -50.736857767
   -2.576105976    1.382300768   29.112652678    9.999440583  -30.380093397
   -2.513274123    1.382300768   28.842586133    8.815938136  -34.919657099
   -2.450442270    1.382300768   30.090226573   -4.508109319  -51.803693386
   -2.387610417    1.382300768   30.015575264   -1.055138147  -62.312718336
   -2.324778564    1.382300768   31.412487785   -6.740067254  -64.100539825
   -2.261946711    1.382300768   32.404354134  -13.390960348  -52.856808026
   -2.199114858    1.382300768   31.981248599  -24.619402240  -45.821555442
   -2.136283004    1.382300768   29.770445909  -23.123822493  -52.926021498
   -2.073451151    1.382300768   28.919857379   -5.485073434  -55.229106006
   -2.010619298    1.382300768   29.762362437   -0.831554781  -52.072801937
   -1.947787445    1.382300768   31.823223809  -32.211994341  -44.320661345
   -1.884955592    1.382300768   29.927390843  -27.514773497  -50.612781211
   -1.822123739    1.382300768   28.766074409  -23.967273750  -53.517920709
   -1.759291886    1.382300768   27.956051738  -17.145360828  -50.153781422
   -1.696460033    1.382300768   27.154814644   -6.703034918  -38.775355045
   -1.633628180    1.382300768   27.272023129    0.572125778  -31.973908354
   -1.570796327    1.382300768   27.658368030    7.368195760  -34.992412072
   -1.507964474    1.382300768   28.008410172    4.893084699  -42.632106984
   -1.445132621    1.382300768   27.153663174  -10.690445665  -43.005633999
   -1.382300768    1.382300768   26.352901542  -13.138406561  -36.909453700
   -1.319468915    1.382300768   25.891745008    1.917676067  -26.304727612
   -1.256637061    1.382300768   27.226733594   25.849052256  -15.533728893
   -1.193805208    1.382300768   27.841053095   46.339237540  -10.678065847
   -1.130973355    1.382300768   30.843633804   44.329416482  -23.297203241
   -1.068141502    1.382300768   33.083923878   20.883526741  -41.587885552
   -1.005309649    1.382300768   36.758708305   -7.983928522  -60.852679093
   -0.942477796    1.382300768   36.377583172    1.365149472  -59.596426832
   -0.879645943    1.382300768   37.083899284   22.050614823  -46.415254253
   -0.816814090    1.382300768   39.143975420   42.448368388  -29.368665240
   -0.753982237    1.382300768   41.556339963   44.055861547  -20.064980091
   -0.691150384    1.382300768   44.598222134   35.144525555  -20.071595528
   -0.628318531    1.382300768   46.499314583   23.960025306  -28.219083939
   -0.565486678    1.382300768   47.479692589    6.523226878  -41.415688277
   -0.502654825    1.382300768   47.617141873  -16.972853056  -52.987498687
   -0.439822972    1.382300768   46.811581143  -28.970046145  -50.536598209
   -0.376991118    1.382300768   45.137785277  -26.694256235  -40.345042022
   -0.314159265    1.382300768   43.634471441  -22.415081296  -34.669897681
   -0.251327412    1.382300768   42.143504095  -24.290133544  -38.973422285
   -0.188495559    1.382300768   40.522441284  -28.116026854  -47.101102684
   -0.125663706    1.382300768   38.786435222  -30.072849832  -52.483421590
   -0.062831853    1.382300768   36.866410336  -31.362188523  -56.693746534
    0.000000000    1.382300768   34.920762824  -32.565895241  -55.830113495
    0.062831853    1.382300768   33.079331718  -23.987559343  -46.323572934
    0.125663706    1.382300768   32.035057721   -9.327781757  -28.710289174
    0.188495559    1.382300768   31.746149386   -1.653875297  -15.340231388
    0.251327412    1.382300768   31.640651562   -2.773618312   -9.550003917
    0.314159265    1.382300768   31.140571685   -8.706640829  -10.215421796
    0.376991118    1.382300768   30.625843682   -7.976193979  -12.800656692
    0.439822972    1.382300768   30.513833265    0.133272800  -11.146924556
    0.502654825    1.382300768   30.876248083    8.894980849   -3.775497896
    0.565486678    1.382300768   31.257084829   -0.673024977   -2.035901486
    0.628318531    1.382300768   30.472188391  -25.164685823  -10.064847229
    0.691150384    1.382300768   28.309403629  -40.627499562  -18.430898292
    0.753982237    1.382300768   25.762908986  -37.278598877  -22.549441591
    0.816814090    1.382300768   23.839312719  -24.518292468  -22.874702493
    0.879645943    1.382300768   22.626205508  -14.318257324  -18.723514348
    0.942477796    1.382300768   21.958974167   -7.599654217   -8.525718460
    1.005309649    1.382300768   21.713405003   -5.684657921    0.794891487
    1.068141502    1.382300768   21.094026414   -7.265343285    6.361534345
    1.130973355    1.382300768   20.148547569   -7.861402147   12.993828509
    1.193805208    1.382300768   20.047046508    8.451772696   22.318727103
    1.256637061    1.382300768   21.307769335   32.687134766   33.813983473
    1.319468915    1.382300768   23.953240206   49.243041131   37.758688156
    1.382300768    1.382300768   27.175350477   51.327094898   35.507734231
    1.445132621    1.382300768   30.384598317   45.255200690   33.609411554
    1.507964474    1.382300768   32.869402585   37.438236577   32.555186496
    1.570796327    1.382300768   35.220361187   29.036345886   22.311992822
    1.633628180    1.382300768   36.896360949   13.851850315    3.441077049
    1.696460033    1.382300768   37.661984318    2.504596453  -13.016979049
    1.759291886    1.382300768   37.779776226    3.538860722  -25.501836398
    1.822123739    1.382300768   38.345173157   18.088978960  -29.869587695
    1.884955592    1.382300768   39.630417775   28.546859868  -27.904860314
    1.947787445    1.382300768   40.616121116   15.750894775  -20.819069456
    2.010619298    1.382300768   39.619366063  -12.883879078  -15.383571512
    2.073451151    1.382300768   38.546674201  -18.461913193   -7.409208449
    2.136283004    1.382300768   38.321192997   11.057920286   -0.219009296
    2.199114858    1.382300768   41.306433195   38.580540782   12.961291857
    2.261946711    1.382300768   45.443218934   30.042472778    9.413328078
    2.324778564    1.382300768   47.235675795   -1.676196402   14.549581316
    2.387610417    1.382300768   47.031854778  -22.693035579    7.914237203
    2.450442270    1.382300768   46.270500803  -23.465578988   -1.511792167
    2.513274123    1.382300768   44.962180289   -8.972569694  -14.167565881
    2.576105976    1.382300768   44.965551446  -17.082090513  -15.346237746
    2.638937829    1.382300768   43.805725813  -41.419591202   -8.733829608
    2.701769682    1.382300768   41.033718623  -41.318985885   -5.808867979
    2.764601535    1.382300768   38.543520128  -26.127650823  -14.790009331
    2.827433388    1.382300768   35.833468165  -33.180937617  -25.376114871
    2.890265241    1.382300768   33.903920246  -26.594629481  -19.774574075
    2.953097094    1.382300768   32.811910807  -25.477688698  -11.263109313
    3.015928947    1.382300768   31.692471552  -19.998257518    1.795664739
    3.078760801    1.382300768   30.336235997  -26.413357811    7.275872977

   -3.141592654    1.445132621   30.110979718  -59.247814154  -21.818542734
   -3.078760801    1.445132621   25.909394812  -59.767171690  -16.187651765
   -3.015928947    1.445132621   23.147313664  -36.560287192  -14.715055307
   -2.953097094    1.445132621   22.197988593   -1.722027688  -18.518747888
   -2.890265241    1.445132621   19.863600143  -10.005331945  -20.325033452
   -2.827433388    1.445132621   19.988937744    2.993461367  -14.841822470
   -2.764601535    1.445132621   19.398160855    3.067956936  -21.786228027
   -2.701769682    1.445132621   22.605396433   17.758994942  -28.387589346
   -2.638937829    1.445132621   23.423790845   30.463085262  -27.775522164
   -2.576105976    1.445132621   28.473106941    2.599416683  -14.828558482
   -2.513274123    1.445132621   27.565539019   -3.643918086  -18.990721981
   -2.450442270    1.445132621   27.466908605  -22.742386906  -35.476514321
   -2.387610417    1.445132621   26.368817335  -14.323107818  -49.374158487
   -2.324778564    1.445132621   27.197092820   -8.775363300  -57.852059520
   -2.261946711    1.445132621   28.448864770  -15.574861384  -51.794284300
   -2.199114858    1.445132621   28.212773349  -26.469229965  -40.813898416
   -2.136283004    1.445132621   25.851744812  -22.241484074  -28.196662129
   -2.073451151    1.445132621   25.251664109    0.220358090  -14.537256284
   -2.010619298    1.445132621   26.606207235    3.868035912   -7.308773785
   -1.947787445    1.445132621   29.197010904  -31.862266792   -9.369598887
   -1.884955592    1.445132621   27.177198635  -30.695643577  -15.386905346
   -1.822123739    1.445132621   25.862831540  -23.196896283  -21.956521189
   -1.759291886    1.445132621   25.264029496   -6.128643914  -20.385146404
   -1.696460033    1.445132621   25.155025316    3.520978145  -10.551312472
   -1.633628180    1.445132621   25.588407033    0.128997483   -7.451610648
   -1.570796327    1.445132621   25.654144099    0.681552541  -16.134683678
   -1.507964474    1.445132621   25.668956355    5.024243138  -25.777803164
   -1.445132621    1.445132621   25.270946593    1.747027126  -25.202941728
   -1.382300768    1.445132621   25.489687070    5.357786304  -17.544150001
   -1.319468915    1.445132621   26.119946414   16.314116114  -10.690224577
   -1.256637061    1.445132621   27.988191128   25.282880696  -12.151327380
   -1.193805208    1.445132621   28.353196112   29.667475332  -20.505612795
   -1.130973355    1.445132621   29.879139853   17.150911610  -40.186656430
   -1.068141502    1.445132621   30.608827393   -2.662033194  -51.262131904
   -1.005309649    1.445132621   32.873676437  -13.290798847  -59.981092707
   -0.942477796    1.445132621   32.389179151    6.258896250  -50.814218382
   -0.879645943    1.445132621   33.613958761   31.815792807  -35.799045050
   -0.816814090    1.445132621   36.217729753   48.153497844  -24.656572574
   -0.753982237    1.445132621   38.621845474   38.095045548  -23.731310623
   -0.691150384    1.445132621   41.059966677   22.378223965  -33.995073222
   -0.628318531    1.445132621   42.114133732   10.807040463  -45.609304942
   -0.565486678    1.445132621   42.438366840    0.484406464  -48.576252685
   -0.502654825    1.445132621   42.635696347   -8.047893648  -38.558646998
   -0.439822972    1.445132621   42.873771087  -13.529051300  -22.196371122
   -0.376991118    1.445132621   42.077364900  -18.263124106  -20.311842196
   -0.314159265    1.445132621   40.753294646  -24.692447102  -30.121425554
   -0.251327412    1.445132621   38.941125717  -31.126832871  -42.504073499
   -0.188495559    1.445132621   36.967923980  -33.038118353  -50.451997603
   -0.125663706    1.445132621   35.083132000  -32.261931882  -54.036169638
   -0.062831853    1.445132621   33.165153329  -28.411244617  -54.492553997
    0.000000000    1.445132621   31.771219699  -20.503127818  -46.048555863
    0.062831853    1.445132621   31.003816610   -3.433217601  -34.413269663
    0.125663706    1.445132621   31.220548522    8.394275286  -25.565819679
    0.188495559    1.445132621   31.829864136    9.356700213  -21.111066068
    0.251327412    1.445132621   32.248871575    2.738560662  -17.075464002
    0.314159265    1.445132621   32.000924151   -5.780938157  -11.684351098
    0.376991118    1.445132621   31.712834882   -2.392868672   -1.060457728
    0.439822972    1.445132621   31.984344141    7.625911618   10.871271271
    0.502654825    1.445132621   32.536537227    6.090317377   12.450714841
    0.565486678    1.445132621   32.287096688  -16.440421262   -0.427923069
    0.628318531    1.445132621   30.447998353  -41.008920279  -13.608547079
    0.691150384    1.445132621   27.543057003  -47.874276259  -15.546759762
    0.753982237    1.445132621   24.782146829  -37.523070341   -9.137055275
    0.816814090    1.445132621   22.996588933  -20.176711700    0.415312699
    0.879645943    1.445132621   22.216419041   -5.458173936   10.099516112
    0.942477796    1.445132621   22.124825733    0.913191347   17.368825455
    1.005309649    1.445132621   22.209328016   -2.560147903   18.951717377
    1.068141502    1.445132621   21.730693394   -5.995644453   21.921048619
    1.130973355    1.445132621   21.174741679   -1.039440469   31.285667248
    1.193805208    1.445132621   21.572573301   16.751538313   39.994450065
    1.256637061    1.445132621   23.212240702   35.082783701   42.377182561
    1.319468915    1.445132621   25.806112674   45.845529652   38.366416999
    1.382300768    1.445132621   28.852630597   50.107043056   35.662576238
    1.445132621    1.445132621   31.998084645   45.393145531   32.394093126
    1.507964474    1.445132621   34.140901922   28.995523409   21.007919915
    1.570796327    1.445132621   35.519833231   10.992408885    1.418127367
    1.633628180    1.445132621   35.929008817   -3.607412933  -18.753188018
    1.696460033    1.445132621   35.874239265  -10.426116198  -31.596790136
    1.759291886    1.445132621   35.367047234   -3.379144111  -45.270258029
    1.822123739    1.445132621   35.672568819   15.406068422  -51.856275705
    1.884955592    1.445132621   36.937436202   30.912843748  -49.084098437
    1.947787445    1.445132621   38.299324886   24.419963824  -38.256854708
    2.010619298    1.445132621   37.864044889   -0.088255333  -28.786652494
    2.073451151    1.445132621   37.730728354   -0.891913174  -19.982235155
    2.136283004    1.445132621   38.397704878   21.729212121  -14.749796171
    2.199114858    1.445132621   42.400573443   43.489575266   -7.312640749
    2.261946711    1.445132621   46.400574860   33.616445327   -9.945783126
    2.324778564    1.445132621   48.561976156    0.978525705    1.448236228
    2.387610417    1.445132621   48.106348826  -25.508330490    6.631062483
    2.450442270    1.445132621   46.883840835  -38.451283267    5.424672274
    2.513274123    1.445132621   44.744883890  -18.172061467  -11.089171222
    2.576105976    1.445132621   44.717988027   -5.522161544  -21.467784467
    2.638937829    1.445132621   44.431874304  -20.871782309  -15.888498441
    2.701769682    1.445132621   42.567908357  -34.004912805   -5.078396760
    2.764601535    1.445132621   39.972346765  -31.484330185   -9.036738100
    2.827433388    1.445132621   36.610002443  -36.235736986  -20.130968339
    2.890265241    1.445132621   34.561696188  -26.171451800  -21.478132663
    2.953097094    1.445132621   33.245365338  -25.805698720  -22.271319018
    3.015928947    1.445132621   32.180570825  -25.889489468  -16.680102280
    3.078760801    1.445132621   30.469260420  -30.092922160  -20.357944173

   -3.141592654    1.507964474   29.126437169  -61.454290634  -50.084579893
   -3.078760801    1.507964474   25.236220850  -56.182042252  -38.292972055
   -3.015928947    1.507964474   22.871709044  -35.743016239  -19.464892299
   -2.953097094    1.507964474   21.891997744   -6.559219260   -7.548591874
   -2.890265241    1.507964474   19.408197613  -14.206177964    1.425995669
   -2.827433388    1.507964474   19.448150374   -0.667395995    5.743435238
   -2.764601535    1.507964474   18.031975988   -2.991224593   -3.748622475
   -2.701769682    1.507964474   20.563922143   11.905182711  -12.534184874
   -2.638937829    1.507964474   21.179219520   28.810666655  -17.604170991
   -2.576105976    1.507964474   26.845854418    2.707186660  -14.286545722
   -2.513274123    1.507964474   25.970767824   -5.490367744  -15.072664205
   -2.450442270    1.507964474   25.265272534  -32.193219947  -23.106238909
   -2.387610417    1.507964474   23.668493882  -22.429447329  -28.798410939
   -2.324778564    1.507964474   24.221472227   -6.021590745  -32.737506010
   -2.261946711    1.507964474   26.022002787   -4.821934883  -28.019793741
   -2.199114858    1.507964474   26.958527411   -7.074326690  -11.775054782
   -2.136283004    1.507964474   26.242479519    3.168469434   12.128587181
   -2.073451151    1.507964474   27.085293577   16.354856010   28.110250232
   -2.010619298    1.507964474   29.053621473    4.811550348   28.333708248
   -1.947787445    1.507964474   31.292805342  -34.827761599   17.058495245
   -1.884955592    1.507964474   28.936539403  -38.358487820   18.817633278
   -1.822123739    1.507964474   27.062339622  -29.920161121   20.969771008
   -1.759291886    1.507964474   26.108580159   -6.110304805   23.515609488
   -1.696460033    1.507964474   25.895531422    2.131870958   23.197302870
   -1.633628180    1.507964474   26.008250798   -8.323603859   17.903248484
   -1.570796327    1.507964474   25.419631627   -8.795850190    9.969364777
   -1.507964474    1.507964474   24.952819538    1.587435376    4.582918360
   -1.445132621    1.507964474   24.641642121    5.826836771    5.002191220
   -1.382300768    1.507964474   25.180903105    9.660332046    4.979419104
   -1.319468915    1.507964474   25.886261077   13.445973257   -1.712592236
   -1.256637061    1.507964474   27.358541254   11.667212468  -14.290537866
   -1.193805208    1.507964474   27.047032035   12.187179123  -29.432409116
   -1.130973355    1.507964474   27.520551728    4.041440431  -46.810801335
   -1.068141502    1.507964474   27.874978009   -7.416327431  -49.978921804
   -1.005309649    1.507964474   29.694528441   -5.076365069  -51.925329580
   -0.942477796    1.507964474   29.563950293   14.269325511  -39.760149974
   -0.879645943    1.507964474   31.158808974   33.909103318  -27.974870502
   -0.816814090    1.507964474   33.577400111   40.121683184  -26.341341627
   -0.753982237    1.507964474   35.258025883   19.566493305  -31.407678434
   -0.691150384    1.507964474   36.573021840    6.769854186  -41.846944254
   -0.628318531    1.507964474   37.029004869    8.594352460  -39.722145185
   -0.565486678    1.507964474   37.631032449   10.971985245  -28.013180380
   -0.502654825    1.507964474   38.537524344    3.772904406  -22.467879824
   -0.439822972    1.507964474   39.338548925  -13.780684787  -26.565111449
   -0.376991118    1.507964474   38.327013284  -25.738172875  -39.853869121
   -0.314159265    1.507964474   36.574387918  -30.229744086  -50.693074232
   -0.251327412    1.507964474   34.585977142  -30.320337708  -53.409250646
   -0.188495559    1.507964474   32.884894834  -27.294863871  -46.335806477
   -0.125663706    1.507964474   31.585713872  -23.374810588  -33.552386398
   -0.062831853    1.507964474   30.327777947  -16.122878257  -21.638500112
    0.000000000    1.507964474   29.939501467   -7.957394568  -10.772237731
    0.062831853    1.507964474   29.880138264    6.166377745  -10.408683551
    0.125663706    1.507964474   30.645113185   16.764326538  -10.720871324
    0.188495559    1.507964474   31.893404331   20.487687951   -6.355361146
    0.251327412    1.507964474   33.047794968   15.096834029    0.108592223
    0.314159265    1.507964474   33.689389671    9.594924615   10.999324575
    0.376991118    1.507964474   34.318751570   10.144504682   21.174911326
    0.439822972    1.507964474   34.883608340    4.503961557   19.573161095
    0.502654825    1.507964474   34.686349498  -13.025833663    8.636580524
    0.565486678    1.507964474   33.137841090  -35.993778232    1.025737911
    0.628318531    1.507964474   30.415732542  -49.510284461    5.534173294
    0.691150384    1.507964474   27.284661611  -47.725572109   14.969242237
    0.753982237    1.507964474   24.612981084  -35.500426430   20.393218545
    0.816814090    1.507964474   22.981176737  -18.011220193   20.092438274
    0.879645943    1.507964474   22.357410490   -3.049917927   16.108008996
    0.942477796    1.507964474   22.421858663    3.617644178   13.331571392
    1.005309649    1.507964474   22.714879295    3.574498748   16.665616891
    1.068141502    1.507964474   22.841640347    5.051291806   28.763238083
    1.130973355    1.507964474   23.132196650    9.744267539   41.352331888
    1.193805208    1.507964474   23.921288362   17.491604890   43.601359067
    1.256637061    1.507964474   25.282923945   25.813855789   36.739324720
    1.319468915    1.507964474   27.150053947   33.415983854   26.397424395
    1.382300768    1.507964474   29.377389159   36.094872569   12.904721160
    1.445132621    1.507964474   31.498428107   28.333226864   -7.091985091
    1.507964474    1.507964474   32.394317210   11.585071668  -31.124780558
    1.570796327    1.507964474   32.920097630    4.034180749  -44.501351210
    1.633628180    1.507964474   33.216578568    1.559336792  -44.327993978
    1.696460033    1.507964474   33.891364196   -1.892877622  -30.407959342
    1.759291886    1.507964474   33.812193231    2.801768540  -25.918497772
    1.822123739    1.507964474   34.468265442   20.309275321  -30.153440458
    1.884955592    1.507964474   36.165008922   38.979165296  -38.633389049
    1.947787445    1.507964474   38.288210361   36.752198082  -41.065173033
    2.010619298    1.507964474   38.658593648   12.632035451  -35.231151635
    2.073451151    1.507964474   39.216189187    9.159405531  -22.754927193
    2.136283004    1.507964474   39.983222778   16.633140852  -15.441148686
    2.199114858    1.507964474   43.653420100   31.196014866  -16.866789401
    2.261946711    1.507964474   46.616835303   25.681935236  -27.056295430
    2.324778564    1.507964474   48.744057992    2.516774193  -20.714372763
    2.387610417    1.507964474   48.344757653  -21.430731074   -9.232834602
    2.450442270    1.507964474   47.228737944  -46.365614316    5.179394421
    2.513274123    1.507964474   44.325949772  -33.667724352    2.170506247
    2.576105976    1.507964474   43.601975171   -5.759672742  -11.753558843
    2.638937829    1.507964474   43.737773393   -2.093509610  -14.006401276
    2.701769682    1.507964474   42.948492493  -20.552537912   -5.891856482
    2.764601535    1.507964474   40.625680347  -31.893245630   -9.495380759
    2.827433388    1.507964474   36.893880284  -38.975070216  -24.993010477
    2.890265241    1.507964474   34.707455063  -25.205909446  -38.761064608
    2.953097094    1.507964474   33.125198305  -24.343807101  -49.063194800
    3.015928947    1.507964474   32.157705204  -33.266496875  -46.447869022
    3.078760801    1.507964474   29.890529424  -39.299469589  -49.355712341

   -3.141592654    1.570796327   28.427622417  -57.379084349  -67.422886277
   -3.078760801    1.570796327   25.248422615  -42.448457436  -52.633419840
   -3.015928947    1.570796327   24.275438717  -20.348556485  -26.273219187
   -2.953097094    1.570796327   24.224099286    4.205407695  -10.364573481
   -2.890265241    1.570796327   22.422814367  -11.671657153    3.230119774
   -2.827433388    1.570796327   22.406151492   -9.826721049    3.090385100
   -2.764601535    1.570796327   19.978389236  -16.189530733  -11.268056482
   -2.701769682    1.570796327   21.493896711   -1.145213251  -27.342993609
   -2.638937829    1.570796327   21.501779308   19.992071654  -36.145079108
   -2.576105976    1.570796327   27.029334329    1.981965215  -42.725361156
   -2.513274123    1.570796327   26.248221309   -4.122693848  -41.954028233
   -2.450442270    1.570796327   25.437213911  -32.424303278  -41.569135525
   -2.387610417    1.570796327   23.954800507  -23.928537354  -34.386150480
   -2.324778564    1.570796327   24.552866441   -3.367642555  -27.679867398
   -2.261946711    1.570796327   26.400449079    3.997886204  -25.979095795
   -2.199114858    1.570796327   28.184966650    5.840815208   -8.718063653
   -2.136283004    1.570796327   28.574392532   14.455143244    9.860881772
   -2.073451151    1.570796327   29.789208043   12.142706854   14.935655654
   -2.010619298    1.570796327   31.210832927   -7.192451182    7.114334394
   -1.947787445    1.570796327   32.470182713  -34.915632930   -3.698517946
   -1.884955592    1.570796327   30.377892390  -31.827262123    7.583352139
   -1.822123739    1.570796327   28.890260918  -23.069922268   16.498337607
   -1.759291886    1.570796327   28.123837629   -4.325151713   13.265036638
   -1.696460033    1.570796327   27.630801708   -2.849323418   -6.104098070
   -1.633628180    1.570796327   27.426351284  -12.060328854  -23.035160284
   -1.570796327    1.570796327   26.655809574   -9.542343203  -27.483848701
   -1.507964474    1.570796327   26.114940876   -0.253454421  -22.031914325
   -1.445132621    1.570796327   25.581968325   -0.731663112  -15.985564265
   -1.382300768    1.570796327   25.569711987   -2.510322821  -16.181089139
   -1.319468915    1.570796327   25.414026090   -1.239835510  -23.653142821
   -1.256637061    1.570796327   26.120371922   -4.173544697  -31.749291673
   -1.193805208    1.570796327   25.294711030    2.178384678  -39.527973502
   -1.130973355    1.570796327   25.325819509    3.177227271  -47.120498421
   -1.068141502    1.570796327   26.112478950    0.506708015  -39.713879642
   -1.005309649    1.570796327   28.209877062   13.273923366  -32.153696754
   -0.942477796    1.570796327   28.776937498   23.823164847  -20.202931195
   -0.879645943    1.570796327   30.611611517   30.676193977  -17.323483237
   -0.816814090    1.570796327   32.505045697   28.071934276  -25.054905132
   -0.753982237    1.570796327   33.548810887    4.442590234  -30.088239767
   -0.691150384    1.570796327   34.253659224    4.687440428  -33.722740000
   -0.628318531    1.570796327   34.974644283   17.699790314  -29.370670757
   -0.565486678    1.570796327   36.085811939   16.260343739  -31.717394335
   -0.502654825    1.570796327   36.956182822    0.725540115  -45.734593456
   -0.439822972    1.570796327   37.434645224  -23.710657769  -61.177017085
   -0.376991118    1.570796327   35.901154766  -33.576175912  -74.881472068
   -0.314159265    1.570796327   33.849313577  -31.277441670  -79.703037695
   -0.251327412    1.570796327   32.040115029  -22.640231202  -71.051550978
   -0.188495559    1.570796327   31.090013729  -14.964508449  -50.398321366
   -0.125663706    1.570796327   30.660547319  -13.362563099  -29.144022982
   -0.062831853    1.570796327   29.906088859  -11.742392835  -19.442330765
    0.000000000    1.570796327   29.752304711  -11.927843606  -16.316644153
    0.062831853    1.570796327   29.502058899    5.536615018  -14.501028041
    0.125663706    1.570796327   30.485017640   22.084773271   -5.349856471
    0.188495559    1.570796327   32.078125950   25.162688252    0.447414908
    0.251327412    1.570796327   33.551845096   21.075434679    3.275476916
    0.314159265    1.570796327   34.669239777   16.835728259    8.562999852
    0.376991118    1.570796327   35.576135056   10.484888060   12.128516982
    0.439822972    1.570796327   35.886221509   -1.500740419   13.643360848
    0.502654825    1.570796327   35.348410878  -15.880898968   19.351802500
    0.565486678    1.570796327   33.914911693  -29.821035831   29.916553957
    0.628318531    1.570796327   31.718115415  -41.499660770   38.402154060
    0.691150384    1.570796327   28.917196230  -46.358098483   36.327933398
    0.753982237    1.570796327   26.106315045  -40.651707545   26.446214789
    0.816814090    1.570796327   24.102197364  -24.317422797   16.795686878
    0.879645943    1.570796327   23.211278177   -4.159663383   12.588391258
    0.942477796    1.570796327   23.506732026   12.413936049   17.397122383
    1.005309649    1.570796327   24.655533701   21.915272078   27.893305333
    1.068141502    1.570796327   26.049219407   23.907275019   36.260871330
    1.130973355    1.570796327   27.403834358   21.134414937   36.037702831
    1.193805208    1.570796327   28.580199887   18.835154013   27.699446802
    1.256637061    1.570796327   29.829048763   21.661227640   18.251607286
    1.319468915    1.570796327   31.223813130   21.721798997    6.589157348
    1.382300768    1.570796327   32.390004336   13.874098049  -10.212206650
    1.445132621    1.570796327   32.894702828    1.718615180  -28.806619673
    1.507964474    1.570796327   32.122714078   -7.671385837  -42.472601853
    1.570796327    1.570796327   31.933124461    1.545687512  -41.139630664
    1.633628180    1.570796327   32.524619240   13.866525587  -29.201874835
    1.696460033    1.570796327   34.419417651   10.986997639   -6.254819046
    1.759291886    1.570796327   34.683437173    2.322410670   -0.513683603
    1.822123739    1.570796327   34.812517406    4.517678477   -5.908295230
    1.884955592    1.570796327   35.398040409   20.352085625  -17.490582130
    1.947787445    1.570796327   36.817715576   26.385996584  -21.029002029
    2.010619298    1.570796327   37.158279717   19.163301712  -16.338240690
    2.073451151    1.570796327   38.331480726   23.467374696   -5.263546329
    2.136283004    1.570796327   39.558579419   18.717073849    0.789716949
    2.199114858    1.570796327   43.009537484   23.941344379   -7.619017772
    2.261946711    1.570796327   45.311251397   20.089305918  -23.142876412
    2.324778564    1.570796327   47.687465852    9.678960668  -27.111415828
    2.387610417    1.570796327   48.003673760   -3.897475183  -20.967840098
    2.450442270    1.570796327   48.081694015  -33.978035854    0.487284790
    2.513274123    1.570796327   45.429052852  -40.742680190   14.531420705
    2.576105976    1.570796327   43.807221427  -19.554585698    6.687236283
    2.638937829    1.570796327   43.373173694   -0.577387911   -4.662708106
    2.701769682    1.570796327   42.871487285  -14.557991507   -4.906124995
    2.764601535    1.570796327   40.550748513  -36.139657177   -6.146696574
    2.827433388    1.570796327   36.279009230  -48.377015826  -17.688371191
    2.890265241    1.570796327   33.511096178  -28.147650002  -41.055747746
    2.953097094    1.570796327   31.585266483  -18.441212427  -66.176843824
    3.015928947    1.570796327   31.168674649  -28.207570818  -73.550187667
    3.078760801    1.570796327   29.128320138  -38.559096282  -72.676423459

   -3.141592654    1.633628180   25.413324703  -48.757647910  -36.948963301
   -3.078760801    1.633628180   22.943101662  -29.679535086  -26.104980566
   -3.015928947    1.633628180   23.369740628   -8.976397325   -5.932247836
   -2.953097094    1.633628180   24.002053456   12.514646484    0.596214302
   -2.890265241    1.633628180   22.912298152   -8.770196795   10.759914642
   -2.827433388    1.633628180   22.845157654  -19.168951572   11.082315963
   -2.764601535    1.633628180   19.625013479  -31.514086942    3.182315131
   -2.701769682    1.633628180   20.027553320  -15.141821620  -14.583683785
   -2.638937829    1.633628180   19.480890820   11.669876368  -23.550771467
   -2.576105976    1.633628180   24.432065806    2.941403568  -35.149181705
   -2.513274123    1.633628180   23.679484827   -2.941615832  -34.998397749
   -2.450442270    1.633628180   22.984841955  -26.028832186  -32.064208961
   -2.387610417    1.633628180   22.092802782  -18.371103658  -19.940929983
   -2.324778564    1.633628180   23.221574715    0.680195574   -9.946078407
   -2.261946711    1.633628180   24.873250015   13.529910591  -19.482011170
   -2.199114858    1.633628180   27.413890469   16.976369702  -17.524927944
   -2.136283004    1.633628180   28.485045603   17.228414174  -16.617556641
   -2.073451151    1.633628180   29.483790713   -0.927216562  -22.604731859
   -2.010619298    1.633628180   29.953248057  -20.863466419  -32.495532802
   -1.947787445    1.633628180   30.373789618  -30.008891326  -38.769540901
   -1.884955592    1.633628180   28.975080189  -17.801735157  -27.180574409
   -1.822123739    1.633628180   28.274505639  -11.596117972  -20.258243377
   -1.759291886    1.633628180   27.743316655   -6.780487915  -25.134570387
   -1.696460033    1.633628180   26.543266002  -13.537898283  -45.454979975
   -1.633628180    1.633628180   25.882019546  -14.108646960  -60.401683822
   -1.570796327    1.633628180   25.235338460   -2.521993380  -63.514046201
   -1.507964474    1.633628180   25.141549549    5.912322449  -56.233670406
   -1.445132621    1.633628180   24.874230274   -0.163688291  -45.407074041
   -1.382300768    1.633628180   24.787423840   -7.221149774  -36.512091239
   -1.319468915    1.633628180   24.313035936   -6.291590873  -32.325041525
   -1.256637061    1.633628180   24.864112360  -10.772492593  -31.059937216
   -1.193805208    1.633628180   24.029728540    0.759034043  -32.509952649
   -1.130973355    1.633628180   24.127342514   11.987043431  -34.750925024
   -1.068141502    1.633628180   25.950007841   19.555419686  -24.138304089
   -1.005309649    1.633628180   28.956068947   36.420460967  -19.517635779
   -0.942477796    1.633628180   30.413206666   33.050387688  -18.954203384
   -0.879645943    1.633628180   32.442348527   27.713186139  -30.027409402
   -0.816814090    1.633628180   34.044063604   23.734005632  -44.192952180
   -0.753982237    1.633628180   35.178304508    2.540443966  -48.159466527
   -0.691150384    1.633628180   35.904516099    6.879746354  -52.620116507
   -0.628318531    1.633628180   36.577517772   11.892518592  -58.622651478
   -0.565486678    1.633628180   36.856180484   -3.832096543  -71.962619149
   -0.502654825    1.633628180   36.135571124  -25.497307458  -88.835351723
   -0.439822972    1.633628180   34.959570551  -50.987668699 -101.119470561
   -0.376991118    1.633628180   31.992962264  -52.460657035 -106.690117359
   -0.314159265    1.633628180   29.245199204  -34.270309015 -101.094614204
   -0.251327412    1.633628180   27.652266053  -11.754378631  -88.241945848
   -0.188495559    1.633628180   27.657186180   -0.020247139  -72.843709360
   -0.125663706    1.633628180   28.152205879   -4.969786920  -65.876439359
   -0.062831853    1.633628180   27.753073067   -8.228412408  -66.580421386
    0.000000000    1.633628180   28.236233024   -2.233646758  -55.206033647
    0.062831853    1.633628180   28.935879644   24.074183089  -37.721860184
    0.125663706    1.633628180   30.983214905   33.111196650  -26.171426582
    0.188495559    1.633628180   33.000266691   27.493298039  -24.605045995
    0.251327412    1.633628180   34.592859846   23.479481530  -22.280534919
    0.314159265    1.633628180   35.991686575   22.422413730  -10.680964044
    0.376991118    1.633628180   37.272504107   17.359199625    7.898037989
    0.439822972    1.633628180   38.018575220    7.138822954   27.860368395
    0.502654825    1.633628180   38.059538950   -6.566693443   44.818383353
    0.565486678    1.633628180   37.077009433  -25.723231638   51.018616166
    0.628318531    1.633628180   34.921322732  -45.674140990   48.685643935
    0.691150384    1.633628180   31.682130039  -54.718873681   42.764230774
    0.753982237    1.633628180   28.425981966  -45.657692455   42.632289929
    0.816814090    1.633628180   26.337036470  -23.099884658   48.949611473
    0.879645943    1.633628180   25.729658416    2.994734063   55.227172578
    0.942477796    1.633628180   26.536899808   20.444859336   55.836954015
    1.005309649    1.633628180   28.032359138   24.495546487   46.635291435
    1.068141502    1.633628180   29.366064934   17.740164288   30.914024882
    1.130973355    1.633628180   30.233222969   11.097420881   14.311135369
    1.193805208    1.633628180   30.768459107    9.132365112    1.748841204
    1.256637061    1.633628180   31.443664718   12.299161161   -7.579562061
    1.319468915    1.633628180   32.138077010    8.824463462  -17.995397349
    1.382300768    1.633628180   32.435567766    0.461156285  -27.614786917
    1.445132621    1.633628180   32.321557602   -2.923514363  -28.479667166
    1.507964474    1.633628180   31.383259411   -3.097118159  -23.289496952
    1.570796327    1.633628180   31.752522432   13.328912841  -11.903020887
    1.633628180    1.633628180   33.183842053   29.349370032   -4.469606064
    1.696460033    1.633628180   36.337124496   22.043052677    5.404736653
    1.759291886    1.633628180   36.719922103    0.748453460   -1.698957594
    1.822123739    1.633628180   36.440986936   -6.288316373   -9.385267863
    1.884955592    1.633628180   36.374148259    8.720876776  -11.363625755
    1.947787445    1.633628180   37.613119370   16.719058035   -0.160684405
    2.010619298    1.633628180   37.843701495   20.146950046    7.578141162
    2.073451151    1.633628180   39.044957924   27.517343864    9.814277794
    2.136283004    1.633628180   40.169161782   14.913404215    6.943918091
    2.199114858    1.633628180   42.930670086   14.417330926   -5.484071115
    2.261946711    1.633628180   44.599720169    9.290622461  -12.588886038
    2.324778564    1.633628180   46.856863649    8.489200078  -17.103703232
    2.387610417    1.633628180   47.535464673   10.827750114  -18.284467086
    2.450442270    1.633628180   48.951719338  -11.142581741   -5.470499557
    2.513274123    1.633628180   47.508095299  -30.711709545   12.330548479
    2.576105976    1.633628180   45.716756589  -30.619979073   11.625259557
    2.638937829    1.633628180   44.370295395  -11.958649228   -4.441399175
    2.701769682    1.633628180   43.458438703  -15.010893909  -15.042433929
    2.764601535    1.633628180   41.053176273  -38.753790681  -13.330506791
    2.827433388    1.633628180   36.460273097  -61.437536020   -7.500834941
    2.890265241    1.633628180   32.353475091  -48.975235064  -20.346564165
    2.953097094    1.633628180   28.741087614  -34.648119414  -43.127345272
    3.015928947    1.633628180   27.607979858  -32.511283310  -54.329777514
    3.078760801    1.633628180   25.697402296  -35.136437208  -47.862606004

   -3.141592654    1.696460033   23.401874042  -41.509502601   -4.111613668
   -3.078760801    1.696460033   21.049758897  -31.779613151   -2.945664033
   -3.015928947    1.696460033   21.702193689  -20.785506317   -0.044266840
   -2.953097094    1.696460033   21.502514467   -1.713304810  -12.992790435
   -2.890265241    1.696460033   20.031262848  -19.172382880  -16.436797727
   -2.827433388    1.696460033   19.494098457  -28.353185803  -20.253099119
   -2.764601535    1.696460033   16.065091866  -38.166808208  -18.587053554
   -2.701769682    1.696460033   15.817236763  -22.309593337  -30.121718682
   -2.638937829    1.696460033   15.202938591   11.736016528  -37.525858379
   -2.576105976    1.696460033   19.835694366   13.483103997  -50.339805364
   -2.513274123    1.696460033   19.515306199    4.644646767  -48.202122287
   -2.450442270    1.696460033   19.323490786  -12.994406714  -42.883520656
   -2.387610417    1.696460033   19.405187467   -6.806307295  -28.128828909
   -2.324778564    1.696460033   21.375305450    1.240381546  -11.922831136
   -2.261946711    1.696460033   22.290703440   10.984779316  -21.191340044
   -2.199114858    1.696460033   24.536134854   10.734585565  -26.169152026
   -2.136283004    1.696460033   25.230897078    8.484776134  -29.516378339
   -2.073451151    1.696460033   25.665008045  -12.469045354  -30.949982312
   -2.010619298    1.696460033   25.542479201  -27.239899251  -31.173163918
   -1.947787445    1.696460033   25.540567642  -24.275975000  -34.605650057
   -1.884955592    1.696460033   24.726732732   -8.500515432  -31.348716908
   -1.822123739    1.696460033   24.571135524   -2.601701208  -31.887009767
   -1.759291886    1.696460033   24.416587142   -3.644900066  -29.763257387
   -1.696460033    1.696460033   23.101192451  -14.207728760  -28.983252302
   -1.633628180    1.696460033   22.520387942   -9.986765425  -26.193452410
   -1.570796327    1.696460033   22.181379419    6.050369019  -25.025512542
   -1.507964474    1.696460033   22.663045661   15.363481984  -23.130128185
   -1.445132621    1.696460033   23.077438622    8.523196499  -16.967415598
   -1.382300768    1.696460033   23.528464407   -2.703862157   -9.297815261
   -1.319468915    1.696460033   23.202172336   -8.088628700   -6.469471695
   -1.256637061    1.696460033   23.517228687  -20.822342660  -10.224810643
   -1.193805208    1.696460033   22.283149475   -6.313067306  -13.738255162
   -1.130973355    1.696460033   21.916391561   11.332824580  -19.668003527
   -1.068141502    1.696460033   23.938752703   23.062000355  -19.812931613
   -1.005309649    1.696460033   26.761164854   38.830733074  -29.943025682
   -0.942477796    1.696460033   28.099942589   27.277620154  -41.177376438
   -0.879645943    1.696460033   29.791824307   23.276309987  -56.482162293
   -0.816814090    1.696460033   31.384272089   28.146704163  -66.349968575
   -0.753982237    1.696460033   33.159147386    9.669308555  -66.359343825
   -0.691150384    1.696460033   34.174563683    8.725183116  -69.743899509
   -0.628318531    1.696460033   34.631007566    3.113133362  -77.332880103
   -0.565486678    1.696460033   34.064374135  -20.024608165  -89.373722230
   -0.502654825    1.696460033   32.301832049  -39.151262460  -98.859834879
   -0.439822972    1.696460033   30.502351218  -56.868354085  -97.727330303
   -0.376991118    1.696460033   27.511917267  -48.543343200  -86.005065571
   -0.314159265    1.696460033   25.296380881  -23.568587303  -69.718401023
   -0.251327412    1.696460033   24.216675535   -4.090344862  -61.922657793
   -0.188495559    1.696460033   24.492434176   -1.755020476  -62.149733657
   -0.125663706    1.696460033   24.870611414  -10.107340473  -63.296211146
   -0.062831853    1.696460033   24.552319846   -0.105521005  -52.136983988
    0.000000000    1.696460033   26.186016661   17.671282548  -25.846161694
    0.062831853    1.696460033   28.024716639   36.963820866  -10.954412832
    0.125663706    1.696460033   30.520304419   34.142490716  -11.586279878
    0.188495559    1.696460033   32.666316406   30.784791945  -12.763700589
    0.251327412    1.696460033   34.851879928   39.181003640   -3.308871183
    0.314159265    1.696460033   37.575076954   47.023090030   15.337381720
    0.376991118    1.696460033   40.493414315   43.246707512   32.282809665
    0.439822972    1.696460033   42.597813383   25.858761869   36.998389466
    0.502654825    1.696460033   43.522635688    2.356255235   32.343581955
    0.565486678    1.696460033   42.859456172  -22.763273834   24.080816466
    0.628318531    1.696460033   40.991770814  -40.729798442   25.203471603
    0.691150384    1.696460033   38.273973783  -42.980725197   37.509339516
    0.753982237    1.696460033   35.832540298  -33.138207823   55.202716684
    0.816814090    1.696460033   34.330016725  -19.878898590   67.129070791
    0.879645943    1.696460033   33.468209858   -9.025817642   63.172197526
    0.942477796    1.696460033   33.056866844   -5.676203460   46.777524502
    1.005309649    1.696460033   32.616860227   -9.041010999   24.860239131
    1.068141502    1.696460033   31.924956686  -14.001393935    6.447602821
    1.130973355    1.696460033   31.062045894  -12.572457202   -5.374260155
    1.193805208    1.696460033   30.348637595   -7.919097080  -13.478612995
    1.256637061    1.696460033   30.068094296   -1.928853438  -22.841572239
    1.319468915    1.696460033   29.998091777   -0.331636166  -32.360523234
    1.382300768    1.696460033   30.057756906    3.182411269  -34.664922640
    1.445132621    1.696460033   30.505350522   12.115282658  -26.799378618
    1.507964474    1.696460033   30.461550599   12.427818153  -18.045871461
    1.570796327    1.696460033   31.668026000   22.149411103  -11.677550044
    1.633628180    1.696460033   33.435463025   31.895164408  -10.428860475
    1.696460033    1.696460033   36.865198195   18.163465188   -5.801652705
    1.759291886    1.696460033   36.537570633   -8.802584326  -11.678405212
    1.822123739    1.696460033   35.777736507  -10.910127299  -10.436691670
    1.884955592    1.696460033   35.821595193   12.993904083   -1.160552441
    1.947787445    1.696460033   38.094962679   21.028469778   19.518360561
    2.010619298    1.696460033   38.867172607   25.810155351   26.217440282
    2.073451151    1.696460033   39.989563922   26.433073601   20.093451061
    2.136283004    1.696460033   40.700133983    7.747022494   10.462063923
    2.199114858    1.696460033   42.650970782    7.786114767   -1.729901835
    2.261946711    1.696460033   44.162824118    0.666272560    0.876208922
    2.324778564    1.696460033   46.185865030    1.485918421   -1.408608950
    2.387610417    1.696460033   46.609815345   11.614740937   -7.219230897
    2.450442270    1.696460033   48.381793055    0.319822183   -6.549194531
    2.513274123    1.696460033   47.690200122  -22.696741333    3.958095628
    2.576105976    1.696460033   45.694822544  -43.716270871    7.094838318
    2.638937829    1.696460033   42.970220744  -37.233556602   -6.381118939
    2.701769682    1.696460033   40.738446734  -26.865216846  -23.722567515
    2.764601535    1.696460033   38.137917248  -34.603324863  -25.680405771
    2.827433388    1.696460033   34.342097515  -53.044166613   -8.048353560
    2.890265241    1.696460033   30.165446737  -50.583238005   -5.225381682
    2.953097094    1.696460033   25.857821546  -40.075866967  -13.720197819
    3.015928947    1.696460033   24.366503419  -29.167112913  -21.676608826
    3.078760801    1.696460033   23.068481822  -27.059474277  -13.394677960

   -3.141592654    1.759291886   25.955286983  -42.923234428    2.860559621
   -3.078760801    1.759291886   22.899584811  -47.196561980   -7.954146991
   -3.015928947    1.759291886   22.817321744  -47.395726815  -14.549695232
   -2.953097094    1.759291886   20.992684598  -24.922344062  -34.963134330
   -2.890265241    1.759291886   18.939454413  -28.409368568  -40.702927001
   -2.827433388    1.759291886   18.356570001  -24.747432243  -42.319401476
   -2.764601535    1.759291886   15.840891909  -27.495143990  -29.812038255
   -2.701769682    1.759291886   15.741917248  -20.537740341  -29.987546457
   -2.638937829    1.759291886   15.133478153    7.684494572  -32.950861473
   -2.576105976    1.759291886   19.017451535   17.963234795  -46.436245811
   -2.513274123    1.759291886   18.682819026    6.295572883  -44.792517320
   -2.450442270    1.759291886   18.640564745   -5.381359823  -38.464965739
   -2.387610417    1.759291886   19.430959120    4.475521316  -25.858142387
   -2.324778564    1.759291886   22.445757354    3.906967132   -7.760500951
   -2.261946711    1.759291886   23.071550209   10.716299738   -9.957794712
   -2.199114858    1.759291886   25.034151778    7.445864278  -18.294064823
   -2.136283004    1.759291886   25.649136850    8.040922009  -22.319762399
   -2.073451151    1.759291886   26.225832361   -9.397356040  -20.359968141
   -2.010619298    1.759291886   26.387469259  -24.586245353  -10.818428694
   -1.947787445    1.759291886   26.070427799  -26.211013876  -12.718595164
   -1.884955592    1.759291886   24.940978978  -19.268906998  -16.165998756
   -1.822123739    1.759291886   24.052687036  -12.562885545  -25.159582087
   -1.759291886    1.759291886   23.430656421   -9.012627128  -27.185060403
   -1.696460033    1.759291886   21.811594914  -16.417809755  -22.948598177
   -1.633628180    1.759291886   21.103519469  -11.575355865  -14.758425314
   -1.570796327    1.759291886   20.409133619    0.949970180  -11.951755423
   -1.507964474    1.759291886   20.546697730   10.476873002  -10.216563297
   -1.445132621    1.759291886   20.834401492    6.040430648   -7.279767554
   -1.382300768    1.759291886   21.323236681   -5.519693759   -3.707623182
   -1.319468915    1.759291886   20.732386095  -16.248689427   -6.084994881
   -1.256637061    1.759291886   20.426550132  -32.144940172  -14.093876530
   -1.193805208    1.759291886   18.678936175  -14.785999192  -20.523301085
   -1.130973355    1.759291886   17.594517802    5.430835880  -34.089951763
   -1.068141502    1.759291886   19.243333794   16.241331020  -45.149413374
   -1.005309649    1.759291886   21.310168733   29.827273256  -60.109706172
   -0.942477796    1.759291886   22.338985944   17.706220084  -64.469549817
   -0.879645943    1.759291886   23.557144237   18.518197955  -72.051940520
   -0.816814090    1.759291886   25.113747212   31.062651371  -73.671347201
   -0.753982237    1.759291886   27.170024754   13.159981401  -73.419585093
   -0.691150384    1.759291886   28.240924213    7.252847856  -74.864156339
   -0.628318531    1.759291886   28.447424423   -2.646277151  -78.664477544
   -0.565486678    1.759291886   27.491829809  -24.334362883  -80.715342312
   -0.502654825    1.759291886   25.752220613  -32.292271478  -73.390606271
   -0.439822972    1.759291886   24.704524980  -38.787877065  -56.322753901
   -0.376991118    1.759291886   23.011064396  -26.740274769  -34.962286392
   -0.314159265    1.759291886   22.041343325   -9.160009042  -19.367501958
   -0.251327412    1.759291886   21.317076919   -2.917428516  -19.810325547
   -0.188495559    1.759291886   21.488823681   -5.219003486  -24.134472668
   -0.125663706    1.759291886   22.121927905   -1.229398348  -17.598280392
   -0.062831853    1.759291886   22.935824758   23.087584967   -0.132881328
    0.000000000    1.759291886   25.965766967   33.758851771    9.624215191
    0.062831853    1.759291886   28.276367265   37.306342628    3.971841018
    0.125663706    1.759291886   30.772387760   34.600643846   -2.913777766
    0.188495559    1.759291886   33.453531480   43.628437012    3.454042704
    0.251327412    1.759291886   36.699919731   57.700523591   18.453167061
    0.314159265    1.759291886   40.404292676   57.198621399   30.142806279
    0.376991118    1.759291886   43.521311384   39.349628640   28.846587207
    0.439822972    1.759291886   44.998383502   13.304938959   16.852948356
    0.502654825    1.759291886   45.133563377   -8.824450726    6.759476635
    0.565486678    1.759291886   44.074572178  -22.760530845    6.460053927
    0.628318531    1.759291886   42.755250575  -27.549945363   20.491743411
    0.691150384    1.759291886   41.093018133  -24.800356442   35.721193939
    0.753982237    1.759291886   39.638144406  -21.791353357   43.100685415
    0.816814090    1.759291886   38.488783422  -22.509415339   38.548696263
    0.879645943    1.759291886   37.127774719  -21.582527827   22.688928702
    0.942477796    1.759291886   35.819624848  -20.311719789    5.211663066
    1.005309649    1.759291886   34.573510137  -19.094008213   -8.443165340
    1.068141502    1.759291886   33.553876403  -16.915525497  -13.589835268
    1.130973355    1.759291886   32.668357825  -12.121542822  -16.485246755
    1.193805208    1.759291886   31.887058961  -11.590957632  -20.927773579
    1.256637061    1.759291886   31.210106813   -9.854413450  -27.493146474
    1.319468915    1.759291886   30.689499116   -5.458942872  -28.684214658
    1.382300768    1.759291886   30.645669600    4.547990529  -23.196686049
    1.445132621    1.759291886   31.158965561   13.284181859  -19.940766363
    1.507964474    1.759291886   30.936829648    7.397120549  -22.368941664
    1.570796327    1.759291886   31.700257094   12.150958216  -29.434679419
    1.633628180    1.759291886   32.854382338   23.169563093  -37.135589413
    1.696460033    1.759291886   36.103750172   14.670371561  -37.327030796
    1.759291886    1.759291886   35.410744496   -8.537346452  -38.719968038
    1.822123739    1.759291886   34.932320705   -2.417293513  -35.345725599
    1.884955592    1.759291886   35.896884001   26.904392864  -25.781884146
    1.947787445    1.759291886   39.624125688   26.848566532  -10.168897258
    2.010619298    1.759291886   40.754405189   25.258243871   -6.846771348
    2.073451151    1.759291886   41.161302898   12.311538394  -13.173452498
    2.136283004    1.759291886   40.785479791   -8.608749324  -19.328266680
    2.199114858    1.759291886   41.558660473   -1.439382579  -24.172195069
    2.261946711    1.759291886   43.001109666   -6.551158101  -12.280962710
    2.324778564    1.759291886   44.647863233   -7.430266984  -11.271431709
    2.387610417    1.759291886   44.577441124    6.549050099  -17.448114135
    2.450442270    1.759291886   46.216051090    7.363681265  -24.725632190
    2.513274123    1.759291886   46.255892953   -8.426903838  -18.508022892
    2.576105976    1.759291886   44.944201357  -37.670048401   -9.069199127
    2.638937829    1.759291886   42.058679711  -46.082847954   -9.072492089
    2.701769682    1.759291886   39.191342273  -32.768442198  -19.775879972
    2.764601535    1.759291886   36.741803272  -23.629629575  -23.186483597
    2.827433388    1.759291886   34.527228609  -29.100909738   -6.163049310
    2.890265241    1.759291886   31.297567521  -34.499824389    2.328826903
    2.953097094    1.759291886   27.408495749  -32.925036250    4.089589462
    3.015928947    1.759291886   26.016215927  -21.053488990   -0.994519612
    3.078760801    1.759291886   25.419759964  -23.499425526    3.828896371

   -3.141592654    1.822123739   25.425812158  -49.119739034    5.093060776
   -3.078760801    1.822123739   21.564239903  -58.891064870  -11.372388253
   -3.015928947    1.822123739   21.159426825  -62.622006624  -19.539749490
   -2.953097094    1.822123739   18.431564097  -36.666594810  -34.850069297
   -2.890265241    1.822123739   16.403498206  -30.941152021  -37.697924605
   -2.827433388    1.822123739   16.053737761  -17.525816116  -41.198505874
   -2.764601535    1.822123739   14.658005470  -13.233755186  -33.427033091
   -2.701769682    1.822123739   14.853004545  -14.360468624  -37.327714328
   -2.638937829    1.822123739   14.246588081    2.493616818  -41.008737751
   -2.576105976    1.822123739   17.243867285   18.015005864  -52.840510124
   -2.513274123    1.822123739   16.830304782    8.270302662  -47.661506108
   -2.450442270    1.822123739   16.939307680    1.007453178  -38.129615281
   -2.387610417    1.822123739   18.278058408   13.995519746  -23.998910249
   -2.324778564    1.822123739   22.263369645    6.281927427   -6.793721350
   -2.261946711    1.822123739   22.994108322    9.410644550    1.374583301
   -2.199114858    1.822123739   24.467595169    2.233242414   -3.821299644
   -2.136283004    1.822123739   24.875035726    5.048861371   -3.976979804
   -2.073451151    1.822123739   25.456293817   -4.427992649   -3.176752213
   -2.010619298    1.822123739   26.144055549  -21.879898832    7.785714699
   -1.947787445    1.822123739   25.460912236  -30.708752327    2.021301661
   -1.884955592    1.822123739   23.892905053  -31.595908828   -8.336452746
   -1.822123739    1.822123739   22.339861523  -19.151988181  -27.438141423
   -1.759291886    1.822123739   21.657002228   -6.224169743  -41.428760209
   -1.696460033    1.822123739   20.495805426   -6.940011900  -44.724393470
   -1.633628180    1.822123739   20.365859113   -2.674983579  -39.267652528
   -1.570796327    1.822123739   19.836195129    3.154634923  -31.705687861
   -1.507964474    1.822123739   19.977834673    9.294820583  -23.100385022
   -1.445132621    1.822123739   20.315981729    4.345352602  -17.076914826
   -1.382300768    1.822123739   20.832110981  -10.109495930  -16.344246962
   -1.319468915    1.822123739   19.913514767  -23.546350701  -23.782570212
   -1.256637061    1.822123739   19.057182141  -37.123050249  -33.521364875
   -1.193805208    1.822123739   17.034862383  -20.152193281  -36.313404233
   -1.130973355    1.822123739   15.200208214   -2.346729003  -45.735228664
   -1.068141502    1.822123739   16.333563904    8.107135800  -50.799486771
   -1.005309649    1.822123739   17.783877353   22.281775353  -56.424675061
   -0.942477796    1.822123739   18.981922857   13.553010122  -49.824252589
   -0.879645943    1.822123739   19.997261977   17.837191689  -52.382477256
   -0.816814090    1.822123739   21.589340139   31.939563375  -52.857498932
   -0.753982237    1.822123739   23.588366782   14.668226302  -55.390558887
   -0.691150384    1.822123739   24.651044253    6.853833223  -55.064584868
   -0.628318531    1.822123739   24.886387116    0.035277971  -54.474333911
   -0.565486678    1.822123739   24.285485928  -14.002140836  -51.332647170
   -0.502654825    1.822123739   23.512483850  -12.566828662  -42.630939803
   -0.439822972    1.822123739   23.717018358  -16.328270930  -31.686613825
   -0.376991118    1.822123739   23.203906477  -11.740797964  -16.924811507
   -0.314159265    1.822123739   22.915291700   -6.477785538   -1.359636943
   -0.251327412    1.822123739   21.904507570   -9.186699277    5.369608721
   -0.188495559    1.822123739   21.762617546   -6.706716600   12.034108340
   -0.125663706    1.822123739   22.704722968    6.670686543   20.692189366
   -0.062831853    1.822123739   24.083692735   28.565736040   23.885343568
    0.000000000    1.822123739   27.041480138   30.045534166   16.330478400
    0.062831853    1.822123739   29.031350248   32.591588861   14.467908255
    0.125663706    1.822123739   31.610404101   40.625450866   21.175457382
    0.188495559    1.822123739   35.086714934   55.924735105   31.336252835
    0.251327412    1.822123739   38.990951567   63.747595267   28.310754907
    0.314159265    1.822123739   42.668195901   50.248936654   12.526131578
    0.376991118    1.822123739   45.068623609   25.406139378   -5.784013744
    0.439822972    1.822123739   45.512772276    0.161128976  -20.537917867
    0.502654825    1.822123739   45.129899116  -12.064520093  -22.497634201
    0.565486678    1.822123739   44.297769363  -12.753355217  -14.173371407
    0.628318531    1.822123739   43.907011020  -14.716247629   -1.233311980
    0.691150384    1.822123739   42.886656851  -18.594246261    2.767190688
    0.753982237    1.822123739   41.494753062  -25.998012173   -0.066879818
    0.816814090    1.822123739   39.969934232  -33.606427483   -2.936129344
    0.879645943    1.822123739   37.843962070  -33.581459774   -6.965722178
    0.942477796    1.822123739   35.878871018  -28.428101084   -6.122459543
    1.005309649    1.822123739   34.311760372  -21.513000667   -0.105050780
    1.068141502    1.822123739   33.296174621  -18.453836328    7.426876610
    1.130973355    1.822123739   32.258285056  -16.768401474    7.526469313
    1.193805208    1.822123739   31.052730942  -19.521751574    2.245624781
    1.256637061    1.822123739   29.974495697  -13.525753592   -1.055045755
    1.319468915    1.822123739   29.420514801   -2.932870096    0.077805400
    1.382300768    1.822123739   29.598501439    8.019566933    1.468720451
    1.445132621    1.822123739   30.053192320   10.910213365   -4.492224252
    1.507964474    1.822123739   29.574170567    1.310672110  -11.168689378
    1.570796327    1.822123739   29.978610801    5.981633004  -17.889788334
    1.633628180    1.822123739   30.857997032   20.723288908  -22.099412330
    1.696460033    1.822123739   34.111576342   15.849266358  -21.338319945
    1.759291886    1.822123739   33.372658942   -9.269115233  -14.830039564
    1.822123739    1.822123739   32.852195062   -2.797052020  -10.631886321
    1.884955592    1.822123739   34.003442080   25.864536357   -5.798974995
    1.947787445    1.822123739   38.179379505   24.660351133   -3.952564686
    2.010619298    1.822123739   39.359665131   25.213048872   -6.057741630
    2.073451151    1.822123739   39.511336338    7.917947282  -12.336798293
    2.136283004    1.822123739   39.015998218   -8.617602748  -18.924613459
    2.199114858    1.822123739   39.846058733    8.742893140  -25.995428275
    2.261946711    1.822123739   42.358133032    7.086981843  -21.472244398
    2.324778564    1.822123739   44.534348463   -1.430297093  -23.535935887
    2.387610417    1.822123739   44.489054379    3.355138653  -31.126768449
    2.450442270    1.822123739   45.714058356    6.779117838  -46.148924045
    2.513274123    1.822123739   45.950934403   -1.560979329  -47.195964956
    2.576105976    1.822123739   45.118998083  -31.565675111  -34.259291860
    2.638937829    1.822123739   42.272998523  -51.881571044  -19.957802954
    2.701769682    1.822123739   38.715313797  -45.404557607  -14.866501185
    2.764601535    1.822123739   35.729783875  -27.667708796  -13.339178634
    2.827433388    1.822123739   34.110506554  -17.897567653   -0.944776519
    2.890265241    1.822123739   31.163852803  -26.676351874    7.075841775
    2.953097094    1.822123739   27.432492708  -32.324508954   15.763916347
    3.015928947    1.822123739   25.735541929  -21.715259578   15.206976132
    3.078760801    1.822123739   25.226669849  -30.858469903   15.163710656

   -3.141592654    1.884955592   26.382548818  -57.761268700    2.326900263
   -3.078760801    1.884955592   21.796550976  -64.784435110  -10.963365690
   -3.015928947    1.884955592   21.488392832  -66.384181251  -14.726211920
   -2.953097094    1.884955592   18.589931140  -37.278390659  -25.324829889
   -2.890265241    1.884955592   17.048279301  -29.446758888  -30.378934783
   -2.827433388    1.884955592   16.868916553  -13.259364326  -39.536947652
   -2.764601535    1.884955592   16.110242456   -7.831137850  -34.216399497
   -2.701769682    1.884955592   15.986923684  -14.940369385  -34.019713952
   -2.638937829    1.884955592   14.909664286   -8.646985525  -29.713618354
   -2.576105976    1.884955592   16.770363721   12.267841162  -35.661117905
   -2.513274123    1.884955592   16.232497259    8.928147979  -27.351493631
   -2.450442270    1.884955592   16.330211132    4.090685224  -22.914262604
   -2.387610417    1.884955592   17.842544123   15.739009516  -18.779562440
   -2.324778564    1.884955592   22.030399768    1.089907300  -19.663373244
   -2.261946711    1.884955592   22.843611955    4.365765442  -17.574515265
   -2.199114858    1.884955592   23.633323456   -2.168219694  -29.225640066
   -2.136283004    1.884955592   24.051884560    4.985370970  -29.404873969
   -2.073451151    1.884955592   24.927851840    8.760419246  -30.233120531
   -2.010619298    1.884955592   27.013358430   -6.776487344  -15.157367213
   -1.947787445    1.884955592   26.833819924  -22.603778169  -15.826723409
   -1.884955592    1.884955592   25.365328689  -39.693547095  -20.936244508
   -1.822123739    1.884955592   22.967261318  -36.427711151  -36.489703338
   -1.759291886    1.884955592   21.215559297  -24.038639433  -50.856006409
   -1.696460033    1.884955592   19.278775995  -17.507214680  -56.142256907
   -1.633628180    1.884955592   18.679043804   -5.898518186  -54.720668773
   -1.570796327    1.884955592   17.834996991    2.350091104  -51.055759836
   -1.507964474    1.884955592   17.968761255    9.721984178  -40.856681502
   -1.445132621    1.884955592   18.466334202    4.146522193  -29.996508957
   -1.382300768    1.884955592   19.197474015   -9.687326358  -22.643206715
   -1.319468915    1.884955592   18.405512239  -19.760615089  -22.622133046
   -1.256637061    1.884955592   17.790085372  -25.859819283  -25.220913485
   -1.193805208    1.884955592   16.469347272   -9.129465443  -23.379897907
   -1.130973355    1.884955592   14.879197314    5.458525697  -29.510741354
   -1.068141502    1.884955592   16.427957089   13.654511984  -33.371914158
   -1.005309649    1.884955592   18.094355429   24.177193841  -38.539674498
   -0.942477796    1.884955592   20.067810136   14.475146155  -32.102645180
   -0.879645943    1.884955592   20.922675081   14.189415548  -35.794846979
   -0.816814090    1.884955592   22.097314413   21.650581973  -40.323496616
   -0.753982237    1.884955592   23.168676007    3.731905542  -49.092296540
   -0.691150384    1.884955592   23.424497628   -5.950620221  -53.528500071
   -0.628318531    1.884955592   22.902361866  -10.268834582  -56.163863668
   -0.565486678    1.884955592   21.732808525  -20.087409010  -56.768213396
   -0.502654825    1.884955592   20.826162043  -11.052022992  -52.201909207
   -0.439822972    1.884955592   21.254646334   -5.020147275  -43.139824596
   -0.376991118    1.884955592   21.587977135    5.246415904  -25.105916888
   -0.314159265    1.884955592   22.518888061    8.983602380   -2.695238003
   -0.251327412    1.884955592   22.240941098    1.790732203    9.007026139
   -0.188495559    1.884955592   22.663528060    1.623325902   15.615131271
   -0.125663706    1.884955592   24.031601694   10.654762509   19.130024299
   -0.062831853    1.884955592   25.506689362   27.108320147   20.408777373
    0.000000000    1.884955592   28.165238351   31.572911100   18.499286690
    0.062831853    1.884955592   30.439954594   39.604818437   24.556366053
    0.125663706    1.884955592   33.574469850   48.568692829   28.694048207
    0.188495559    1.884955592   37.440702357   53.115342651   25.331949757
    0.251327412    1.884955592   40.801538555   49.635121893   11.186111209
    0.314159265    1.884955592   43.460674928   33.661903703   -2.674003664
    0.376991118    1.884955592   44.996391496   14.756985330   -8.601839987
    0.439822972    1.884955592   44.859786793   -2.186894244   -9.154550968
    0.502654825    1.884955592   44.640730396   -5.532566465   -0.267558940
    0.565486678    1.884955592   44.373489687   -2.769291008    9.790729545
    0.628318531    1.884955592   44.598082182  -11.350829400   17.022510127
    0.691150384    1.884955592   43.592322884  -20.973845810   14.967247585
    0.753982237    1.884955592   41.991308727  -29.401007778   12.572353148
    0.816814090    1.884955592   40.477871555  -35.788114281   16.701245430
    0.879645943    1.884955592   38.375806625  -30.607291859   21.278953599
    0.942477796    1.884955592   36.775419390  -20.337973701   29.765880961
    1.005309649    1.884955592   35.738330506  -13.476762753   36.177523339
    1.068141502    1.884955592   35.124687233  -16.992629898   35.542639993
    1.130973355    1.884955592   34.025169201  -20.000064310   26.266939216
    1.193805208    1.884955592   32.665983318  -19.939081352   15.898271400
    1.256637061    1.884955592   31.727266469   -8.918458211    7.911135811
    1.319468915    1.884955592   31.559746378    3.453570973    0.718954076
    1.382300768    1.884955592   32.077212624   12.216840010   -6.161655537
    1.445132621    1.884955592   32.458129443   10.490379332  -13.314695191
    1.507964474    1.884955592   32.042757209    0.739793545   -9.065124460
    1.570796327    1.884955592   32.371962117    3.439039160   -1.666051595
    1.633628180    1.884955592   33.067883497   17.537639684    4.481192545
    1.696460033    1.884955592   36.079061285   15.892616636    3.390627976
    1.759291886    1.884955592   35.652082886   -8.505295842    9.809171018
    1.822123739    1.884955592   35.133784731   -4.460251241    7.734349169
    1.884955592    1.884955592   36.213183960   16.821995274    7.614325443
    1.947787445    1.884955592   39.765250302   13.501308021    1.156868305
    2.010619298    1.884955592   40.319436702   15.703586284    2.099896404
    2.073451151    1.884955592   39.883348914   -3.259334171    6.717197810
    2.136283004    1.884955592   38.873356889  -18.731567995    7.626916311
    2.199114858    1.884955592   39.049290384    2.585155069   -0.337602950
    2.261946711    1.884955592   41.369270730    8.341681222  -10.024588100
    2.324778564    1.884955592   43.305371624   -0.695955269  -18.231919996
    2.387610417    1.884955592   42.950151734   -5.248293527  -25.880107119
    2.450442270    1.884955592   43.361540865    0.799603457  -44.580889715
    2.513274123    1.884955592   43.589165537    5.671574949  -55.348410205
    2.576105976    1.884955592   43.786999696  -10.675349486  -50.237539636
    2.638937829    1.884955592   42.325670243  -31.413615604  -35.914630150
    2.701769682    1.884955592   39.684374051  -36.305988835  -22.692533416
    2.764601535    1.884955592   37.048566627  -26.351536764  -15.741222506
    2.827433388    1.884955592   35.888967300  -11.193398283   -7.907353331
    2.890265241    1.884955592   33.035758977  -21.068238728   -1.649092397
    2.953097094    1.884955592   29.611549060  -31.057209486   12.328161835
    3.015928947    1.884955592   27.680837483  -24.604764083   17.002092069
    3.078760801    1.884955592   26.897781033  -44.343127813   14.865873884

   -3.141592654    1.947787445   26.947282476  -60.609305165    5.429081970
   -3.078760801    1.947787445   22.175682862  -60.198191745   -2.254694806
   -3.015928947    1.947787445   22.342930707  -60.170644341   -6.836663187
   -2.953097094    1.947787445   19.643180234  -37.564692448  -13.184060278
   -2.890265241    1.947787445   18.181369387  -39.170166998  -22.745155372
   -2.827433388    1.947787445   17.296249738  -22.107919305  -39.957381866
   -2.764601535    1.947787445   16.430688567   -8.429399433  -41.236144993
   -2.701769682    1.947787445   15.979159781   -9.720171743  -37.066033459
   -2.638937829    1.947787445   14.990497617   -7.884258993  -22.561558074
   -2.576105976    1.947787445   16.376507377   12.357410565  -18.882141533
   -2.513274123    1.947787445   16.254669366   14.127643549   -3.908182770
   -2.450442270    1.947787445   16.383877741    6.410778057    1.281312910
   -2.387610417    1.947787445   17.851814374   11.475947826    3.534949728
   -2.324778564    1.947787445   21.373908492  -12.895248934  -10.736511250
   -2.261946711    1.947787445   21.951035268   -7.219269775  -18.419582365
   -2.199114858    1.947787445   21.804547624   -6.121319231  -39.902819323
   -2.136283004    1.947787445   22.358298710    4.583006083  -44.784300925
   -2.073451151    1.947787445   23.417539704   19.785873726  -52.439619578
   -2.010619298    1.947787445   26.853498552    3.868956063  -41.726539917
   -1.947787445    1.947787445   27.013292395  -16.605938513  -44.320179970
   -1.884955592    1.947787445   25.610274392  -45.746277259  -44.250380176
   -1.822123739    1.947787445   22.568383448  -49.223229770  -48.745716459
   -1.759291886    1.947787445   20.135199158  -34.469894199  -52.657874129
   -1.696460033    1.947787445   18.114416829  -15.647088123  -50.083937642
   -1.633628180    1.947787445   17.856190944    4.006175354  -46.328618862
   -1.570796327    1.947787445   17.524534343   14.623106569  -46.439189622
   -1.507964474    1.947787445   18.477960778   22.448970345  -46.821762655
   -1.445132621    1.947787445   19.889044327   15.107970552  -45.529194208
   -1.382300768    1.947787445   21.326802286   -2.994747074  -41.696623017
   -1.319468915    1.947787445   20.848728971  -14.643795865  -38.567256847
   -1.256637061    1.947787445   20.304903781  -19.151374967  -36.133364179
   -1.193805208    1.947787445   19.227518071   -6.583978077  -30.401115829
   -1.130973355    1.947787445   17.311365509    2.388084581  -30.095535144
   -1.068141502    1.947787445   18.471745692    5.489195711  -28.329323445
   -1.005309649    1.947787445   19.557556702   11.729170083  -25.817732613
   -0.942477796    1.947787445   21.486102917    4.816166216  -16.407551667
   -0.879645943    1.947787445   21.591410175    3.459296231  -19.717637523
   -0.816814090    1.947787445   22.023589380    8.650843805  -26.368005779
   -0.753982237    1.947787445   22.201151251   -4.165010071  -36.019707429
   -0.691150384    1.947787445   21.987318596  -11.191150021  -39.566852031
   -0.628318531    1.947787445   21.179477132  -14.107413351  -41.309789807
   -0.565486678    1.947787445   19.849371411  -19.992563762  -42.130932975
   -0.502654825    1.947787445   19.153848039   -4.375656436  -38.243166684
   -0.439822972    1.947787445   20.030253633    9.426944960  -33.217850625
   -0.376991118    1.947787445   21.348231948   23.136763943  -22.359913108
   -0.314159265    1.947787445   23.470965326   21.088700913  -10.721963541
   -0.251327412    1.947787445   23.781904816    9.515966697   -7.090582746
   -0.188495559    1.947787445   24.588503925    8.769261211   -3.455874201
   -0.125663706    1.947787445   26.313959024   16.695350462    4.120078533
   -0.062831853    1.947787445   28.106016735   30.953013483   13.070178527
    0.000000000    1.947787445   30.687640156   33.864941679   13.432211157
    0.062831853    1.947787445   32.972713885   36.445163816   11.336729674
    0.125663706    1.947787445   35.746103396   39.582412914    4.952048605
    0.188495559    1.947787445   39.025028524   39.944689826    1.273658385
    0.251327412    1.947787445   41.636060103   39.507224747    1.787353366
    0.314159265    1.947787445   43.886921199   31.041945024    8.562161342
    0.376991118    1.947787445   45.506025118   19.439176213   20.350774622
    0.439822972    1.947787445   45.599994287    6.228367841   29.733158832
    0.502654825    1.947787445   45.973464326    2.866459879   39.426038396
    0.565486678    1.947787445   46.127352252    1.613479733   42.844059962
    0.628318531    1.947787445   46.528018190  -14.948487677   41.308149613
    0.691150384    1.947787445   45.252181228  -25.120798707   33.960087179
    0.753982237    1.947787445   43.481555252  -30.147256573   29.156339690
    0.816814090    1.947787445   42.308418175  -32.991113275   33.263257611
    0.879645943    1.947787445   40.488552520  -24.640071402   34.138857587
    0.942477796    1.947787445   39.234877745  -15.998448629   33.911878258
    1.005309649    1.947787445   38.256178884  -16.202405572   28.762850681
    1.068141502    1.947787445   37.289654187  -27.624042676   18.545280393
    1.130973355    1.947787445   35.532121517  -30.978951782    6.246811886
    1.193805208    1.947787445   33.576067499  -27.626458005   -6.402834641
    1.256637061    1.947787445   32.222766639  -14.899089947  -19.067278479
    1.319468915    1.947787445   31.722111817   -0.883668556  -30.154121356
    1.382300768    1.947787445   32.119560317   13.456934460  -33.753562837
    1.445132621    1.947787445   32.440261101   15.105079646  -35.117490075
    1.507964474    1.947787445   32.729494096   12.640354800  -23.097469931
    1.570796327    1.947787445   33.856318392   16.354991887  -12.616050404
    1.633628180    1.947787445   35.228110986   25.350709728   -6.517273662
    1.696460033    1.947787445   38.295435024   16.363516463  -13.419596964
    1.759291886    1.947787445   38.291490786  -15.336100556  -10.434963333
    1.822123739    1.947787445   37.162223194  -17.039177521  -19.299388675
    1.884955592    1.947787445   37.508322332   -0.628016897  -21.987544441
    1.947787445    1.947787445   39.854575935    6.868735893  -29.249047688
    2.010619298    1.947787445   40.259265078   19.208952095  -18.491565310
    2.073451151    1.947787445   40.439433703    4.712112829    2.435417045
    2.136283004    1.947787445   40.005305279  -16.319875141   20.599469315
    2.199114858    1.947787445   40.018406274   -4.994075393   25.000842046
    2.261946711    1.947787445   41.522019190    3.303787065   11.167261977
    2.324778564    1.947787445   42.789526778   -2.597970050   -0.218965054
    2.387610417    1.947787445   41.929649070  -16.766206275   -7.628708986
    2.450442270    1.947787445   41.189723160  -15.912776415  -24.120161412
    2.513274123    1.947787445   40.542845895   -3.430566075  -39.665888934
    2.576105976    1.947787445   40.841828314   -5.294675901  -41.082585670
    2.638937829    1.947787445   40.103450029  -16.334678612  -33.017499229
    2.701769682    1.947787445   38.326802581  -24.948572296  -19.014976828
    2.764601535    1.947787445   36.222004984  -23.045167413   -8.809008716
    2.827433388    1.947787445   35.383442698   -5.902336894   -5.316168218
    2.890265241    1.947787445   32.778938119  -12.270644006   -4.114914241
    2.953097094    1.947787445   30.242684628  -20.112488697    8.802594676
    3.015928947    1.947787445   28.757861484  -19.524176747   16.708444819
    3.078760801    1.947787445   27.977710574  -53.690315174   16.644696184

   -3.141592654    2.010619298   29.351187362  -63.461432360   -4.063989183
   -3.078760801    2.010619298   24.228344263  -62.893258368   -6.716766184
   -3.015928947    2.010619298   23.688437990  -64.582914629  -17.858609572
   -2.953097094    2.010619298   20.526611365  -49.119386596  -17.335632678
   -2.890265241    2.010619298   18.363103133  -59.243143598  -20.538603844
   -2.827433388    2.010619298   16.248059095  -38.445383433  -34.317076301
   -2.764601535    2.010619298   14.886855505  -10.428988036  -42.892522602
   -2.701769682    2.010619298   14.352374627    2.317409859  -44.300852086
   -2.638937829    2.010619298   14.044175652    1.935233049  -30.324509078
   -2.576105976    2.010619298   15.451501270   16.312858061  -24.177734481
   -2.513274123    2.010619298   16.096721243   21.304475156   -6.418985557
   -2.450442270    2.010619298   16.412203482   12.725617026    2.074163956
   -2.387610417    2.010619298   18.066128699    9.986690896   11.285442580
   -2.324778564    2.010619298   20.666763771  -26.801459242    0.717547560
   -2.261946711    2.010619298   20.764711346  -24.677209922   -4.670601245
   -2.199114858    2.010619298   19.298189820  -15.371652556  -24.795543229
   -2.136283004    2.010619298   19.664664014   -1.516633480  -30.250197839
   -2.073451151    2.010619298   20.446477007   20.929840881  -39.630778866
   -2.010619298    2.010619298   24.678890316    6.213415071  -39.361188181
   -1.947787445    2.010619298   24.959733926   -9.426132496  -53.591555103
   -1.884955592    2.010619298   24.018088800  -38.578847932  -59.274789387
   -1.822123739    2.010619298   21.235699269  -48.294209292  -58.148611726
   -1.759291886    2.010619298   18.760799331  -39.224322065  -51.892198668
   -1.696460033    2.010619298   16.669336565  -18.422046331  -42.053552554
   -1.633628180    2.010619298   16.209840938    1.422821408  -35.684026596
   -1.570796327    2.010619298   15.513345678    9.213259339  -36.324576068
   -1.507964474    2.010619298   16.171321525   18.141319934  -43.264517850
   -1.445132621    2.010619298   17.603811258   16.690088526  -53.075601819
   -1.382300768    2.010619298   19.435130848    4.899803947  -62.459658853
   -1.319468915    2.010619298   19.509212230   -3.365706404  -67.560273476
   -1.256637061    2.010619298   19.496592503   -6.475503264  -66.434373277
   -1.193805208    2.010619298   18.890030240   -0.798354523  -58.299707004
   -1.130973355    2.010619298   16.924263539    1.844527001  -47.604535547
   -1.068141502    2.010619298   17.893136926    2.009295899  -35.838395054
   -1.005309649    2.010619298   18.817774847    5.722732384  -23.816914636
   -0.942477796    2.010619298   20.885357093    0.156998738  -12.766044114
   -0.879645943    2.010619298   20.434476776   -5.389105637  -15.529796451
   -0.816814090    2.010619298   20.298171914   -1.045226179  -20.022560297
   -0.753982237    2.010619298   19.944460983   -6.521122050  -23.782362042
   -0.691150384    2.010619298   19.575788921  -11.831023427  -23.935997652
   -0.628318531    2.010619298   18.710921781  -14.694117520  -23.830278467
   -0.565486678    2.010619298   17.357461751  -18.484820677  -23.363856928
   -0.502654825    2.010619298   16.856779631    0.373880872  -20.107641707
   -0.439822972    2.010619298   17.898286320   17.458650609  -17.296161416
   -0.376991118    2.010619298   19.619074522   29.201599222  -12.822823227
   -0.314159265    2.010619298   22.146436890   20.738609282  -10.193876969
   -0.251327412    2.010619298   22.480325970   10.956709954  -12.127246653
   -0.188495559    2.010619298   23.520763625   17.689767140   -9.290756662
   -0.125663706    2.010619298   25.828291310   28.750498800   -1.466369628
   -0.062831853    2.010619298   28.165277045   36.486233911    1.973311613
    0.000000000    2.010619298   30.631608744   32.528483687   -6.548646899
    0.062831853    2.010619298   32.719279873   32.657366387  -14.569469823
    0.125663706    2.010619298   35.359186137   40.974035241  -16.414405748
    0.188495559    2.010619298   39.059961292   48.950956577   -6.561270674
    0.251327412    2.010619298   42.441939864   53.934558026    7.637077870
    0.314159265    2.010619298   45.688624250   47.681987777   22.149884537
    0.376991118    2.010619298   48.388017907   36.368094599   36.953279246
    0.439822972    2.010619298   49.222006497   17.864352002   44.841635567
    0.502654825    2.010619298   50.098721647    6.620634437   48.241811796
    0.565486678    2.010619298   50.247689583   -1.896865421   44.756771110
    0.628318531    2.010619298   50.289910384  -26.288458270   36.963946777
    0.691150384    2.010619298   48.307444940  -35.507591939   25.889630685
    0.753982237    2.010619298   45.993479003  -36.736189351   17.619601945
    0.816814090    2.010619298   44.818931320  -37.833995560   18.404721047
    0.879645943    2.010619298   42.728683021  -28.524620947   14.539958260
    0.942477796    2.010619298   41.206212223  -21.289105757   11.962144410
    1.005309649    2.010619298   39.806955969  -24.739561452    8.306748577
    1.068141502    2.010619298   38.255153491  -38.708626408    2.303111385
    1.130973355    2.010619298   35.868458997  -42.348773396   -5.675277664
    1.193805208    2.010619298   33.218885520  -38.259585044  -15.735117444
    1.256637061    2.010619298   31.234320765  -23.240111277  -24.173775759
    1.319468915    2.010619298   30.398719718   -2.767678855  -25.369854322
    1.382300768    2.010619298   30.889468350   17.886967821  -20.393536245
    1.445132621    2.010619298   31.224963781   19.492798074  -19.755604084
    1.507964474    2.010619298   32.057340397   19.812090206  -13.299962201
    1.570796327    2.010619298   33.598642908   22.889380585   -8.589768012
    1.633628180    2.010619298   35.278015170   27.999364718   -3.933157909
    1.696460033    2.010619298   38.082052058   13.817369472   -6.228522678
    1.759291886    2.010619298   38.643835519  -19.649335218    4.921859103
    1.822123739    2.010619298   37.296406707  -19.047161695    1.061995032
    1.884955592    2.010619298   37.716547684    0.080767927   -1.284232289
    1.947787445    2.010619298   39.799639609   18.733093077   -9.077444671
    2.010619298    2.010619298   40.889091755   32.729327287   -2.895071444
    2.073451151    2.010619298   42.193811627   18.544498298   10.793817147
    2.136283004    2.010619298   42.650035214   -7.317458184   25.150680681
    2.199114858    2.010619298   42.910951521  -10.748494401   35.770199874
    2.261946711    2.010619298   43.360335297   -5.610124445   26.037008186
    2.324778564    2.010619298   43.703277811   -8.652232908   16.158748440
    2.387610417    2.010619298   42.135242847  -27.906446342    6.628607432
    2.450442270    2.010619298   40.342925587  -33.286377107   -7.229929536
    2.513274123    2.010619298   38.602869211  -18.633207355  -24.049767764
    2.576105976    2.010619298   38.603535844   -8.969145127  -30.750771103
    2.638937829    2.010619298   38.157841751   -5.796397951  -28.777602525
    2.701769682    2.010619298   37.244006561  -10.701077903  -15.826458784
    2.764601535    2.010619298   35.853723662  -17.055703326   -4.968378638
    2.827433388    2.010619298   35.266106734   -5.532001529   -4.448368630
    2.890265241    2.010619298   32.781041326   -6.669416945  -10.256925746
    2.953097094    2.010619298   31.249175405   -4.485004581   -7.246995768
    3.015928947    2.010619298   30.749060745   -5.361253267   -4.185788361
    3.078760801    2.010619298   30.641689621  -52.832669635    0.637572291

   -3.141592654    2.073451151   29.479708832  -61.155456955   -9.035790778
   -3.078760801    2.073451151   24.445304757  -59.747471109  -12.307572393
   -3.015928947    2.073451151   23.106686723  -57.363599980  -33.464519534
   -2.953097094    2.073451151   20.390976022  -45.903033486  -25.947604704
   -2.890265241    2.073451151   18.457622641  -64.145121058  -15.823036162
   -2.827433388    2.073451151   15.843571393  -54.040418886  -10.644179896
   -2.764601535    2.073451151   13.524743824  -26.036445972  -18.214565756
   -2.701769682    2.073451151   11.984057535   -2.941621929  -30.410026748
   -2.638937829    2.073451151   11.513010143    0.688476003  -31.704396703
   -2.576105976    2.073451151   12.470456194   15.127046410  -37.580623538
   -2.513274123    2.073451151   13.804690132   28.557267534  -28.263432628
   -2.450442270    2.073451151   14.617482732   27.320172037  -22.571444970
   -2.387610417    2.073451151   17.212315658   24.436958268  -10.181809868
   -2.324778564    2.073451151   19.848229107  -19.411018116  -11.575316094
   -2.261946711    2.073451151   20.519279393  -22.910430371   -7.471906254
   -2.199114858    2.073451151   18.870727088   -8.869495421  -18.886504217
   -2.136283004    2.073451151   19.825301729    6.762492782  -22.923029278
   -2.073451151    2.073451151   20.898398087   23.480276167  -27.584031742
   -2.010619298    2.073451151   25.513000025   -3.120487436  -29.604296308
   -1.947787445    2.073451151   25.114086365  -16.608643670  -42.031210811
   -1.884955592    2.073451151   23.864175751  -37.886774602  -45.091152088
   -1.822123739    2.073451151   21.276223489  -42.952307064  -36.814132996
   -1.759291886    2.073451151   19.166099607  -36.423528367  -29.048745877
   -1.696460033    2.073451151   17.289546255  -18.898656324  -29.482122241
   -1.633628180    2.073451151   16.575476592   -4.989690428  -37.833850799
   -1.570796327    2.073451151   15.254283481   -3.626719780  -43.904929393
   -1.507964474    2.073451151   15.036017815    1.751894395  -46.334425603
   -1.445132621    2.073451151   15.501439525    1.403498755  -47.750336123
   -1.382300768    2.073451151   16.505215694   -4.006839692  -50.523343428
   -1.319468915    2.073451151   16.255679361   -2.694792197  -49.505019276
   -1.256637061    2.073451151   16.421997201    2.978135497  -44.683622579
   -1.193805208    2.073451151   16.326744265   10.312143756  -38.320652236
   -1.130973355    2.073451151   14.955522312   10.446734384  -28.945249350
   -1.068141502    2.073451151   16.305601647    8.399986125  -22.358252522
   -1.005309649    2.073451151   17.644901417    5.895612099  -12.679565864
   -0.942477796    2.073451151   19.794119029   -4.018424417  -12.549005179
   -0.879645943    2.073451151   18.895421514  -10.756163556  -18.883380526
   -0.816814090    2.073451151   18.558888490   -3.482579358  -22.062694397
   -0.753982237    2.073451151   18.208607993   -3.513289433  -25.279682966
   -0.691150384    2.073451151   17.916379580  -10.475362022  -29.495775696
   -0.628318531    2.073451151   17.079092880  -14.608372674  -31.256785762
   -0.565486678    2.073451151   15.775174276  -15.549338610  -26.852725783
   -0.502654825    2.073451151   15.573308689    7.389773383  -13.767294985
   -0.439822972    2.073451151   16.859543967   24.449831687   -2.858357237
   -0.376991118    2.073451151   18.786628807   29.521708791    3.080801207
   -0.314159265    2.073451151   21.297104830   14.382081646    1.715731196
   -0.251327412    2.073451151   21.529167465   12.058133902    0.975687823
   -0.188495559    2.073451151   22.868148392   27.279186746    5.435262875
   -0.125663706    2.073451151   25.599628342   35.735609560    8.520180520
   -0.062831853    2.073451151   27.995218266   33.233473593    4.846327470
    0.000000000    2.073451151   29.961887828   26.673626145   -2.868723931
    0.062831853    2.073451151   31.886052812   34.695283957   -0.502122376
    0.125663706    2.073451151   34.950666515   53.528196557   10.950448564
    0.188495559    2.073451151   39.554170201   63.997646235   23.815877126
    0.251327412    2.073451151   43.821973716   66.518388285   32.757964941
    0.314159265    2.073451151   47.804769754   59.354169537   37.855884919
    0.376991118    2.073451151   51.196885034   46.764146566   42.278023953
    0.439822972    2.073451151   52.321234429   22.012769896   42.049266736
    0.502654825    2.073451151   53.261431185    4.613125924   39.172378096
    0.565486678    2.073451151   53.123748226   -8.123520276   32.785484945
    0.628318531    2.073451151   52.682534187  -37.553998161   23.393871892
    0.691150384    2.073451151   50.009925606  -46.075515367   10.162360116
    0.753982237    2.073451151   47.132351255  -43.754095258   -1.630470777
    0.816814090    2.073451151   45.966474974  -42.386019080   -3.724053019
    0.879645943    2.073451151   43.747788835  -29.069824986   -5.087353670
    0.942477796    2.073451151   42.261563276  -20.278658092   -2.145846421
    1.005309649    2.073451151   40.867362090  -26.128088499    1.103649411
    1.068141502    2.073451151   39.119310475  -43.760037979    1.293139189
    1.130973355    2.073451151   36.371258778  -50.557607449   -0.281931409
    1.193805208    2.073451151   33.250411126  -44.033080766   -0.664858661
    1.256637061    2.073451151   31.031393280  -23.587224582    4.151021580
    1.319468915    2.073451151   30.363116601    1.880203871   13.667970540
    1.382300768    2.073451151   31.108075140   20.132104640   17.812371730
    1.445132621    2.073451151   31.117764433   14.061533961    8.703301421
    1.507964474    2.073451151   31.793064329   16.276820010   -0.801155464
    1.570796327    2.073451151   33.178708317   23.476944231   -9.006825431
    1.633628180    2.073451151   34.999298348   32.014790476   -9.032802035
    1.696460033    2.073451151   37.856545660   19.744479369   -4.304990267
    1.759291886    2.073451151   39.525201814  -14.618888205   20.192063380
    1.822123739    2.073451151   38.376709559  -17.957110627   32.107350463
    1.884955592    2.073451151   38.736960657   -1.934845386   33.216485521
    1.947787445    2.073451151   40.275641703   23.099030488   20.755642181
    2.010619298    2.073451151   41.414496024   35.357430124    9.270584620
    2.073451151    2.073451151   43.213337280   26.280436705    1.662030357
    2.136283004    2.073451151   44.382684663    6.266561472   -3.541084679
    2.199114858    2.073451151   45.584978262   -1.368686896   -1.247056757
    2.261946711    2.073451151   46.034384363   -0.389483281   -9.494557890
    2.324778564    2.073451151   46.319201467   -4.679308585  -15.147456363
    2.387610417    2.073451151   44.454636612  -32.544855174  -20.732692471
    2.450442270    2.073451151   42.035917489  -46.826314595  -23.717827616
    2.513274123    2.073451151   39.201930377  -38.105589113  -30.964539975
    2.576105976    2.073451151   38.482907264  -24.368631826  -31.766510115
    2.638937829    2.073451151   37.687681706   -5.540546658  -29.367727753
    2.701769682    2.073451151   37.170848874   -2.307211061  -16.332019433
    2.764601535    2.073451151   36.136104438  -15.636026127   -6.044452220
    2.827433388    2.073451151   35.334593493  -15.298587184   -5.464025350
    2.890265241    2.073451151   32.279323761  -18.712854357  -12.526467425
    2.953097094    2.073451151   30.644630870   -6.571344315  -16.956575871
    3.015928947    2.073451151   30.220946323   -0.461179367  -19.104426632
    3.078760801    2.073451151   30.695148807  -47.702454224   -9.535672928

   -3.141592654    2.136283004   28.791264672  -57.804956542  -17.337063077
   -3.078760801    2.136283004   23.848980200  -60.035349937  -14.835692252
   -3.015928947    2.136283004   21.269528084  -50.905841039  -37.993267982
   -2.953097094    2.136283004   19.241371838  -35.976370307  -32.887503934
   -2.890265241    2.136283004   18.148025701  -51.974330479  -24.584064725
   -2.827433388    2.136283004   16.257645634  -54.626703933  -10.153870606
   -2.764601535    2.136283004   13.464458666  -40.944625793  -12.045509247
   -2.701769682    2.136283004   10.698746949  -19.188678972  -26.332255613
   -2.638937829    2.136283004    9.405492021  -10.832313766  -36.715766654
   -2.576105976    2.136283004    9.449882181    6.668610011  -47.881364985
   -2.513274123    2.136283004   10.951992713   28.985603864  -45.598912671
   -2.450442270    2.136283004   11.988296826   38.368707079  -44.786765427
   -2.387610417    2.136283004   15.461354058   40.549026691  -36.310567064
   -2.324778564    2.136283004   18.469190894   -4.209327895  -32.336103575
   -2.261946711    2.136283004   19.839109517  -18.301964280  -19.487987884
   -2.199114858    2.136283004   17.873382418  -11.611590867  -19.156545754
   -2.136283004    2.136283004   18.521001311    5.232790767  -23.019777701
   -2.073451151    2.136283004   19.392467143   19.944092092  -23.993453722
   -2.010619298    2.136283004   23.943170746  -11.799476810  -26.182646235
   -1.947787445    2.136283004   23.086167983  -18.091838337  -34.108719477
   -1.884955592    2.136283004   22.052544872  -25.129519444  -33.112976107
   -1.822123739    2.136283004   20.482812215  -25.961484922  -18.179379325
   -1.759291886    2.136283004   19.202778708  -30.860072079   -1.979945693
   -1.696460033    2.136283004   17.315287756  -27.269554551    4.007756902
   -1.633628180    2.136283004   15.831299412  -18.427375691   -1.117611890
   -1.570796327    2.136283004   13.949985996  -10.497106625   -3.724575232
   -1.507964474    2.136283004   13.615589488    2.799961069   -4.146419020
   -1.445132621    2.136283004   14.292310287    6.723770819   -5.150778735
   -1.382300768    2.136283004   15.555908037    3.347221677  -12.339342881
   -1.319468915    2.136283004   15.801592245    6.089934507  -18.458187966
   -1.256637061    2.136283004   16.475232478   12.649238148  -22.736023970
   -1.193805208    2.136283004   16.653395841   15.784700830  -23.882729423
   -1.130973355    2.136283004   15.693864949   14.228654196  -12.029084561
   -1.068141502    2.136283004   17.130323525   10.857815445   -2.696963160
   -1.005309649    2.136283004   18.662295039    0.431995822    6.014475565
   -0.942477796    2.136283004   20.256785493  -13.261339326   -1.299848305
   -0.879645943    2.136283004   18.707682952  -18.714618698   -7.967690615
   -0.816814090    2.136283004   17.974498349  -11.444336135  -11.378468084
   -0.753982237    2.136283004   17.176761582  -10.538314219  -16.789694074
   -0.691150384    2.136283004   16.427070348  -15.107474424  -21.073704594
   -0.628318531    2.136283004   15.485595140  -11.829007232  -16.591872740
   -0.565486678    2.136283004   14.720343689   -1.531143212   -1.849035547
   -0.502654825    2.136283004   15.518384302   23.870884482   16.284464944
   -0.439822972    2.136283004   17.451585056   32.973642039   24.190964919
   -0.376991118    2.136283004   19.498323725   26.386515261   21.674216434
   -0.314159265    2.136283004   21.763118332    7.966294799   15.287685953
   -0.251327412    2.136283004   21.987491863   14.179131412   16.264261493
   -0.188495559    2.136283004   23.555501751   32.217564766   19.431290865
   -0.125663706    2.136283004   26.267725281   35.123761065   18.907368042
   -0.062831853    2.136283004   28.395596127   28.475910790   19.210660200
    0.000000000    2.136283004   30.163451626   28.736156368   26.125163489
    0.062831853    2.136283004   32.468389761   44.597016508   40.303899424
    0.125663706    2.136283004   36.143339076   63.175329720   51.150260985
    0.188495559    2.136283004   41.052119759   67.072141384   49.881654400
    0.251327412    2.136283004   45.337538876   65.098679645   40.681017780
    0.314159265    2.136283004   49.315970966   60.964123927   30.270008052
    0.376991118    2.136283004   52.917760648   51.764702962   23.021592084
    0.439822972    2.136283004   54.179119497   25.020959619   16.517745711
    0.502654825    2.136283004   55.190920716    4.414033893   10.997189628
    0.565486678    2.136283004   54.944010193  -11.795317614    6.239363414
    0.628318531    2.136283004   54.060705918  -48.505198666   -0.672208091
    0.691150384    2.136283004   50.583973143  -59.971005124  -10.684939030
    0.753982237    2.136283004   46.874941319  -54.952210313  -19.155923558
    0.816814090    2.136283004   45.547763793  -46.487738930  -17.062809545
    0.879645943    2.136283004   43.371602690  -25.560896762  -11.796785614
    0.942477796    2.136283004   42.245971172  -13.088043964   -5.651941210
    1.005309649    2.136283004   41.324312757  -19.400462362   -1.763872587
    1.068141502    2.136283004   39.912331661  -37.651987880   -2.526984705
    1.130973355    2.136283004   37.626813618  -43.311453918   -1.069793736
    1.193805208    2.136283004   35.107893938  -31.673387885    4.029768465
    1.256637061    2.136283004   33.723891960   -9.745927099   11.435559137
    1.319468915    2.136283004   33.711885571    7.143922567   15.119041387
    1.382300768    2.136283004   34.315986432   10.356475200    8.628916494
    1.445132621    2.136283004   33.254281853   -6.767146325   -4.850783148
    1.507964474    2.136283004   32.697453664   -3.916958124  -17.753719203
    1.570796327    2.136283004   33.009332405   12.208622122  -26.678607534
    1.633628180    2.136283004   34.531153264   34.632246502  -24.677061476
    1.696460033    2.136283004   37.776232358   37.323721234  -15.381272375
    1.759291886    2.136283004   41.299505274   10.683540356   10.479210488
    1.822123739    2.136283004   41.618835813    1.430954135   28.656424839
    1.884955592    2.136283004   42.604154845    2.198900584   28.775677744
    1.947787445    2.136283004   43.590735008   16.308870695   11.607029257
    2.010619298    2.136283004   43.727936898   17.699255527   -7.207032153
    2.073451151    2.136283004   44.454707731    8.378462189  -16.976038413
    2.136283004    2.136283004   44.619248474   -5.082323149  -21.694607732
    2.199114858    2.136283004   45.378319264  -10.761585158  -19.461410664
    2.261946711    2.136283004   44.957016882   -9.439239787  -26.847333823
    2.324778564    2.136283004   44.608791195   -9.733119800  -33.941874343
    2.387610417    2.136283004   42.166464637  -35.643433844  -40.943646746
    2.450442270    2.136283004   39.604512088  -48.974281208  -36.613884249
    2.513274123    2.136283004   36.472831693  -43.104622481  -33.026926093
    2.576105976    2.136283004   35.791734902  -30.660841662  -27.254327614
    2.638937829    2.136283004   35.063460399   -2.168718514  -26.297749589
    2.701769682    2.136283004   35.256110779   10.308542850  -20.546385195
    2.764601535    2.136283004   34.819721274   -7.749695073  -17.406774898
    2.827433388    2.136283004   34.246749085  -18.022243280  -16.171027725
    2.890265241    2.136283004   31.067312036  -29.900305184  -17.243554675
    2.953097094    2.136283004   29.117532614  -14.950766729  -25.278252397
    3.015928947    2.136283004   28.453564809    3.033052954  -34.767804196
    3.078760801    2.136283004   29.632199672  -34.889359659  -25.060290779

   -3.141592654    2.199114858   26.310451901  -49.140524667  -27.905360524
   -3.078760801    2.199114858   21.934671817  -55.084583397  -15.067722726
   -3.015928947    2.199114858   18.507356405  -46.908199738  -23.585520249
   -2.953097094    2.199114858   16.967271709  -31.667538463  -20.212063408
   -2.890265241    2.199114858   16.359936018  -39.165136521  -20.957737254
   -2.827433388    2.199114858   15.495829134  -44.846063881   -9.168773335
   -2.764601535    2.199114858   13.021275277  -42.578104481   -1.470748434
   -2.701769682    2.199114858    9.807328311  -28.233333153   -2.350302549
   -2.638937829    2.199114858    8.048711758  -18.801367020   -6.733894118
   -2.576105976    2.199114858    7.509388394    2.732903380  -14.799091286
   -2.513274123    2.199114858    9.155030183   28.966967074  -14.643271762
   -2.450442270    2.199114858   10.271687802   42.988186433  -17.120243443
   -2.387610417    2.199114858   14.162442681   49.777759240  -18.198960125
   -2.324778564    2.199114858   17.510605855   13.268450364  -20.293718482
   -2.261946711    2.199114858   19.898213954   -3.868760826   -8.863741157
   -2.199114858    2.199114858   18.252389231   -8.647143817   -2.505332188
   -2.136283004    2.199114858   18.590278210    2.530437827   -6.200361389
   -2.073451151    2.199114858   19.043244561   10.450557313  -10.895980844
   -2.010619298    2.199114858   22.832888185  -26.117451145  -22.087581831
   -1.947787445    2.199114858   21.193227179  -24.980403166  -32.508420329
   -1.884955592    2.199114858   20.119299774  -15.122327275  -37.032706203
   -1.822123739    2.199114858   19.517515637   -7.894957456  -30.451349531
   -1.759291886    2.199114858   19.263736988  -19.093010299  -20.612134163
   -1.696460033    2.199114858   17.838814825  -26.740989536  -12.957369092
   -1.633628180    2.199114858   16.167362883  -23.086574180  -12.154737996
   -1.570796327    2.199114858   14.272286577  -11.461885369  -10.427097206
   -1.507964474    2.199114858   14.053992335    5.857644309  -11.987984860
   -1.445132621    2.199114858   15.022506706   12.313240934  -12.310667489
   -1.382300768    2.199114858   16.404173310    7.967970518  -16.967074751
   -1.319468915    2.199114858   16.896701255    9.647611560  -18.775638714
   -1.256637061    2.199114858   17.824523793   19.295190272  -20.828698362
   -1.193805208    2.199114858   18.335682475   27.245893812  -21.494968201
   -1.130973355    2.199114858   18.500352053   28.594116779   -7.817503986
   -1.068141502    2.199114858   20.550435518   18.806221882   -3.749512467
   -1.005309649    2.199114858   22.433861820   -4.573046127   -0.963080007
   -0.942477796    2.199114858   23.334346340  -20.818289154  -10.201444275
   -0.879645943    2.199114858   21.300236471  -25.826807325  -12.089595829
   -0.816814090    2.199114858   20.150486833  -21.924514163  -14.147374583
   -0.753982237    2.199114858   18.791959893  -18.371306605  -19.478907306
   -0.691150384    2.199114858   17.742520486  -14.949269401  -19.508147733
   -0.628318531    2.199114858   17.149333753   -1.369429302  -10.021621253
   -0.565486678    2.199114858   17.289513916   14.596306228    5.789885988
   -0.502654825    2.199114858   18.889202221   32.266589950   16.515288643
   -0.439822972    2.199114858   20.841023819   29.304050114   15.878189756
   -0.376991118    2.199114858   22.390347613   16.773575960   10.998804816
   -0.314159265    2.199114858   24.150922749    3.161790137    7.485563546
   -0.251327412    2.199114858   24.468123845   16.972062034   13.195963646
   -0.188495559    2.199114858   26.243337274   36.421226147   19.825478241
   -0.125663706    2.199114858   29.048334037   39.591732500   26.286924554
   -0.062831853    2.199114858   31.513635873   37.750838879   39.547548976
    0.000000000    2.199114858   34.014023351   43.540582026   58.697274507
    0.062831853    2.199114858   37.189849276   56.489807276   76.182265125
    0.125663706    2.199114858   41.176381099   62.120282403   80.920957809
    0.188495559    2.199114858   45.459620260   54.521068980   70.375662911
    0.251327412    2.199114858   48.785902056   49.151969135   56.220322091
    0.314159265    2.199114858   51.862111728   48.534274828   43.378724102
    0.376991118    2.199114858   54.812018292   43.474630343   32.966068973
    0.439822972    2.199114858   55.548712241   18.249270234   24.173901114
    0.502654825    2.199114858   56.141854151   -0.827896581   16.657708310
    0.565486678    2.199114858   55.556281825  -16.689154315   10.535553820
    0.628318531    2.199114858   54.227065249  -56.613019119    3.530070275
    0.691150384    2.199114858   50.197840276  -68.177670125   -2.884132449
    0.753982237    2.199114858   46.113085275  -58.067018895   -5.293502907
    0.816814090    2.199114858   44.973480899  -43.865034689   -1.120421172
    0.879645943    2.199114858   43.141010306  -21.458682039    3.959178661
    0.942477796    2.199114858   42.204035697  -11.671518009    2.369168552
    1.005309649    2.199114858   41.299614882  -21.118230834   -1.758912271
    1.068141502    2.199114858   39.742583056  -37.178004256   -6.148551973
    1.130973355    2.199114858   37.611125331  -39.660875884   -3.927547263
    1.193805208    2.199114858   35.409463177  -25.275332913    0.326679759
    1.256637061    2.199114858   34.279371770   -8.237227570    1.667881272
    1.319468915    2.199114858   34.115767761    0.588627381   -3.006319687
    1.382300768    2.199114858   34.085078301   -2.926889446  -11.950678936
    1.445132621    2.199114858   32.278710703  -19.985652811  -17.108502387
    1.507964474    2.199114858   31.056568147  -13.771070857  -21.270571916
    1.570796327    2.199114858   30.915198243    8.888842630  -24.346054690
    1.633628180    2.199114858   32.437206323   38.361373372  -25.337848735
    1.696460033    2.199114858   35.928129574   48.517222124  -28.508947498
    1.759291886    2.199114858   40.387662636   25.507057859  -26.094458675
    1.822123739    2.199114858   41.460870211    8.425635026  -20.410986162
    1.884955592    2.199114858   42.249819612   -5.537544835  -23.155562364
    1.947787445    2.199114858   42.250192896    2.810213521  -32.063925885
    2.010619298    2.199114858   41.472155922    9.840805735  -40.127883789
    2.073451151    2.199114858   42.153413244   12.561287942  -36.454991234
    2.136283004    2.199114858   42.599889389    3.183363686  -29.558208466
    2.199114858    2.199114858   43.854471671   -9.234982739  -22.354733562
    2.261946711    2.199114858   43.132200380  -14.813959713  -27.547244829
    2.324778564    2.199114858   42.334363498  -15.777708989  -35.165853986
    2.387610417    2.199114858   39.404155081  -35.246916198  -43.700681167
    2.450442270    2.199114858   37.233512459  -37.955599857  -36.344387768
    2.513274123    2.199114858   34.655878084  -32.950288261  -24.113498347
    2.576105976    2.199114858   34.583698892  -31.166915904  -11.730633562
    2.638937829    2.199114858   33.885968143   -8.422328196  -11.279541760
    2.701769682    2.199114858   34.098065085    7.962755974  -14.705209415
    2.764601535    2.199114858   33.432463021   -8.079929760  -23.820974360
    2.827433388    2.199114858   32.820102704  -20.491744292  -24.191738964
    2.890265241    2.199114858   29.661149098  -41.122410432  -17.353961956
    2.953097094    2.199114858   27.058282191  -35.765742644  -21.614767462
    3.015928947    2.199114858   25.282598241   -3.794165164  -38.754066429
    3.078760801    2.199114858   26.611284850  -23.215201563  -37.880920492

   -3.141592654    2.261946711   25.898669107  -39.486881846  -37.214990381
   -3.078760801    2.261946711   22.279388374  -48.634745280  -26.122830575
   -3.015928947    2.261946711   18.554813910  -46.565686042  -22.930292321
   -2.953097094    2.261946711   17.020752037  -38.580315050  -17.144908739
   -2.890265241    2.261946711   15.952515417  -38.424420197  -18.916943304
   -2.827433388    2.261946711   15.294214556  -38.758012789  -14.938580103
   -2.764601535    2.261946711   13.212428334  -37.236607568   -7.768398550
   -2.701769682    2.261946711   10.220344794  -27.007993215   -5.148783607
   -2.638937829    2.261946711    8.589339037  -18.954509066   -7.015546494
   -2.576105976    2.261946711    7.913754291    1.924348455  -12.669150096
   -2.513274123    2.261946711    9.585065392   28.205873548  -14.030213410
   -2.450442270    2.261946711   10.571750878   41.696147455  -12.935575019
   -2.387610417    2.261946711   14.409604042   49.398676779  -13.066599668
   -2.324778564    2.261946711   17.712695313   23.646132758  -19.260920570
   -2.261946711    2.261946711   20.972784259   13.182598644  -16.580566999
   -2.199114858    2.261946711   20.127615960    2.195792338  -11.184579477
   -2.136283004    2.261946711   20.617431120    4.755989111  -10.130822212
   -2.073451151    2.261946711   20.882424169    3.483470374  -10.462444345
   -2.010619298    2.261946711   23.792688056  -38.687593059  -19.662993001
   -1.947787445    2.261946711   21.317874089  -36.997494155  -25.659982806
   -1.884955592    2.261946711   19.600368101  -20.543421584  -31.205417013
   -1.822123739    2.261946711   18.871274167   -7.175597529  -32.257244723
   -1.759291886    2.261946711   18.837354867  -13.774044383  -27.749068041
   -1.696460033    2.261946711   17.946352914  -19.069929520  -15.068483917
   -1.633628180    2.261946711   16.700418826  -16.969989842   -4.342634254
   -1.570796327    2.261946711   15.327117816   -7.414632293    3.977970948
   -1.507964474    2.261946711   15.319949959    8.538322026    2.971355839
   -1.445132621    2.261946711   16.488657263   14.360228898    1.597171162
   -1.382300768    2.261946711   17.770020845    8.963593393   -0.690656797
   -1.319468915    2.261946711   18.184178777    5.809559564    2.491190602
   -1.256637061    2.261946711   18.760207536   13.578042877    1.500228547
   -1.193805208    2.261946711   18.739784906   23.408021224   -6.397551227
   -1.130973355    2.261946711   19.055848464   25.549780298   -9.000347327
   -1.068141502    2.261946711   20.681980173   12.944992614  -21.098225337
   -1.005309649    2.261946711   22.396226107  -10.938579285  -25.163551335
   -0.942477796    2.261946711   22.767751130  -20.427682673  -32.021536865
   -0.879645943    2.261946711   20.886601299  -23.922951197  -26.900418563
   -0.816814090    2.261946711   19.882409262  -23.796218214  -22.796156004
   -0.753982237    2.261946711   18.528240718  -16.874478488  -19.024413101
   -0.691150384    2.261946711   17.779093092   -6.281194069  -10.877812699
   -0.628318531    2.261946711   17.882980055   11.233006640    0.879421171
   -0.565486678    2.261946711   18.821135123   24.572820049   10.769418409
   -0.502654825    2.261946711   20.723808922   32.767657822   13.555304415
   -0.439822972    2.261946711   22.428655876   23.816552313   11.089135193
   -0.376991118    2.261946711   23.635651706   12.613968197   10.127635639
   -0.314159265    2.261946711   25.226491268    6.162664460   13.016376376
   -0.251327412    2.261946711   26.041742001   25.632668291   27.369302130
   -0.188495559    2.261946711   28.374854294   46.114871647   41.923387906
   -0.125663706    2.261946711   31.752737547   52.305086240   54.467496699
   -0.062831853    2.261946711   35.105085621   54.118049774   67.699128474
    0.000000000    2.261946711   38.654005971   59.684819072   79.613094108
    0.062831853    2.261946711   42.596716100   64.075499822   85.263674239
    0.125663706    2.261946711   46.597202600   57.101074885   80.489491180
    0.188495559    2.261946711   50.151050697   43.171590621   66.949501331
    0.251327412    2.261946711   52.709305798   37.442034797   54.965778250
    0.314159265    2.261946711   55.083976808   38.275868261   43.301693285
    0.376991118    2.261946711   57.411431526   34.069479666   31.100246110
    0.439822972    2.261946711   57.606800671    9.536769835   20.335337874
    0.502654825    2.261946711   57.704730043   -7.348970707   10.232556958
    0.565486678    2.261946711   56.670530266  -23.540006631    1.323625600
    0.628318531    2.261946711   54.888815866  -62.665049071   -5.555257675
    0.691150384    2.261946711   50.562108650  -71.307818563   -7.006249912
    0.753982237    2.261946711   46.423273395  -56.955082022   -3.080310026
    0.816814090    2.261946711   45.375388280  -42.925528175    0.929526439
    0.879645943    2.261946711   43.512230563  -29.350449803    2.517788303
    0.942477796    2.261946711   41.853709838  -25.553016813   -9.553041223
    1.005309649    2.261946711   40.134027294  -34.596748042  -23.359598180
    1.068141502    2.261946711   37.869359332  -43.052323890  -34.631665708
    1.130973355    2.261946711   35.509966685  -41.778653774  -39.765386419
    1.193805208    2.261946711   33.100661212  -29.235213533  -44.402687207
    1.256637061    2.261946711   31.548250425  -16.341146736  -49.054155848
    1.319468915    2.261946711   30.825648161   -8.284581203  -49.894287059
    1.382300768    2.261946711   30.366493241   -7.885679175  -46.080342081
    1.445132621    2.261946711   28.756549759  -16.200667187  -33.827346805
    1.507964474    2.261946711   27.988936064   -5.020949726  -23.441706626
    1.570796327    2.261946711   28.399864196   18.054920764  -17.874427114
    1.633628180    2.261946711   30.343599469   42.503778290  -21.029560221
    1.696460033    2.261946711   33.767447014   49.531148012  -34.951965256
    1.759291886    2.261946711   38.116800166   28.750642129  -49.661570777
    1.822123739    2.261946711   39.459651219   12.986619504  -51.015076076
    1.884955592    2.261946711   40.301297663   -4.238686963  -47.384580345
    1.947787445    2.261946711   40.134568765    0.419873278  -42.273476229
    2.010619298    2.261946711   39.096172549    9.421394413  -39.567027285
    2.073451151    2.261946711   40.003218015   19.166372457  -33.250906496
    2.136283004    2.261946711   40.683647831   10.107652739  -29.923476658
    2.199114858    2.261946711   42.238332827   -9.246862228  -25.107287070
    2.261946711    2.261946711   41.253925161  -20.798524213  -26.857569120
    2.324778564    2.261946711   40.146318821  -23.147848900  -28.176935784
    2.387610417    2.261946711   36.833455496  -34.064075721  -31.913021936
    2.450442270    2.261946711   35.204075030  -22.512123977  -24.807049539
    2.513274123    2.261946711   33.445579310  -14.978112077  -16.156246376
    2.576105976    2.261946711   34.194151712  -26.152867832   -7.481662080
    2.638937829    2.261946711   33.564024776  -17.687825175   -8.711625070
    2.701769682    2.261946711   33.677288242   -0.861988686  -10.686149821
    2.764601535    2.261946711   32.363990113  -12.091502030  -26.155917312
    2.827433388    2.261946711   31.755358339  -15.413395245  -32.731307278
    2.890265241    2.261946711   29.421831463  -34.495831412  -22.815464326
    2.953097094    2.261946711   27.236823179  -44.920572284  -12.725192350
    3.015928947    2.261946711   24.672750393  -12.284102859  -25.366488176
    3.078760801    2.261946711   25.847755580  -15.290762693  -35.537502227

   -3.141592654    2.324778564   24.392651560  -40.124713960  -30.051184741
   -3.078760801    2.324778564   21.100750864  -46.263316672  -34.397842143
   -3.015928947    2.324778564   17.583283307  -40.886198125  -36.940641739
   -2.953097094    2.324778564   16.476442743  -31.804877283  -35.302016808
   -2.890265241    2.324778564   15.767288821  -22.490794930  -30.508626060
   -2.827433388    2.324778564   15.883375385  -20.356727818  -22.186761262
   -2.764601535    2.324778564   14.815210163  -23.721355572  -15.279793822
   -2.701769682    2.324778564   12.532158447  -20.350565973  -15.815057253
   -2.638937829    2.324778564   11.213967488  -18.216642559  -18.648544484
   -2.576105976    2.324778564   10.394584703   -2.657374163  -18.515524260
   -2.513274123    2.324778564   11.595879261   20.866442181  -18.314303308
   -2.450442270    2.324778564   11.970142324   30.805102673  -15.929871076
   -2.387610417    2.324778564   14.980546700   32.503931993  -15.914990638
   -2.324778564    2.324778564   17.059245050    9.384220016  -24.396357660
   -2.261946711    2.324778564   19.715106463    8.504959091  -27.852086873
   -2.199114858    2.324778564   18.856356810    6.691286481  -24.940021622
   -2.136283004    2.324778564   19.601528684   11.405304830  -15.444766984
   -2.073451151    2.324778564   20.143616668    6.112694812   -5.278678558
   -2.010619298    2.324778564   22.723303790  -38.020414503   -5.194191104
   -1.947787445    2.324778564   20.219875900  -37.974763393   -0.190089619
   -1.884955592    2.324778564   18.371220202  -21.772007813    0.763155203
   -1.822123739    2.324778564   17.649627685   -5.781622895    0.026959832
   -1.759291886    2.324778564   17.966579679   -4.816528803    1.022596218
   -1.696460033    2.324778564   17.994741141   -4.927706131    8.276145007
   -1.633628180    2.324778564   17.528823382   -6.344250054    9.173178549
   -1.570796327    2.324778564   16.774411285   -4.174520486    6.565912950
   -1.507964474    2.324778564   16.741982475    5.054993372   -5.578095598
   -1.445132621    2.324778564   17.804979436   10.869909580  -16.787446741
   -1.382300768    2.324778564   18.820965655    9.808079392  -28.086965752
   -1.319468915    2.324778564   19.270773359    5.287213060  -30.051784999
   -1.256637061    2.324778564   19.641535814    7.977380764  -30.274406693
   -1.193805208    2.324778564   18.902892475   12.796181779  -35.228751417
   -1.130973355    2.324778564   18.875612694   14.032747895  -32.757751873
   -1.068141502    2.324778564   19.742573636    5.084150920  -34.551174174
   -1.005309649    2.324778564   21.373766031  -11.945813013  -27.381482126
   -0.942477796    2.324778564   21.493813623  -15.898558426  -26.627607163
   -0.879645943    2.324778564   19.990098594  -19.527779843  -19.192922460
   -0.816814090    2.324778564   19.324844101  -21.080534502  -12.557694482
   -0.753982237    2.324778564   18.261205728  -11.094087206   -5.145598947
   -0.691150384    2.324778564   17.955145079    1.202790983    3.411223763
   -0.628318531    2.324778564   18.477695483   16.098299991   10.195413865
   -0.565486678    2.324778564   19.662443523   25.536543545   15.320086927
   -0.502654825    2.324778564   21.455291478   29.079377312   16.412256372
   -0.439822972    2.324778564   22.887484419   20.481775960   17.016442757
   -0.376991118    2.324778564   24.047673006   15.285506423   21.933191932
   -0.314159265    2.324778564   25.926445589   19.643591391   32.903845791
   -0.251327412    2.324778564   27.863682139   44.183225068   54.267561463
   -0.188495559    2.324778564   31.319708220   63.100943857   69.835732652
   -0.125663706    2.324778564   35.577868785   66.862451006   75.479512207
   -0.062831853    2.324778564   39.778995692   67.259636976   75.561469529
    0.000000000    2.324778564   44.107260270   70.639305652   73.042094598
    0.062831853    2.324778564   48.524917673   68.100992658   66.310588281
    0.125663706    2.324778564   52.489222963   54.191069342   55.081972716
    0.188495559    2.324778564   55.620475899   37.982024507   43.071037151
    0.251327412    2.324778564   57.730407835   28.953513829   34.872896669
    0.314159265    2.324778564   59.441925333   25.166005834   27.384926558
    0.376991118    2.324778564   60.799084205   17.322783901   18.883736221
    0.439822972    2.324778564   60.062668547   -6.030555349   14.314075296
    0.502654825    2.324778564   59.238096829  -20.036986587    9.963357226
    0.565486678    2.324778564   57.421520031  -33.893433561    6.203819376
    0.628318531    2.324778564   55.111867416  -66.614250463    4.205600858
    0.691150384    2.324778564   50.694540903  -69.907559717    6.233306789
    0.753982237    2.324778564   46.800096229  -51.158465461   11.446529924
    0.816814090    2.324778564   45.906527078  -39.008685642   12.339762406
    0.879645943    2.324778564   44.096691675  -38.256076996   13.439294216
    0.942477796    2.324778564   41.634629018  -41.225440898    1.897828872
    1.005309649    2.324778564   39.057940993  -48.771649402   -9.809548694
    1.068141502    2.324778564   36.013053074  -50.979624061  -22.902296452
    1.130973355    2.324778564   33.228380776  -46.730431231  -32.192179933
    1.193805208    2.324778564   30.506360229  -31.971841339  -37.524432577
    1.256637061    2.324778564   28.908521643  -14.175168725  -35.121033398
    1.319468915    2.324778564   28.481844723   -1.620076064  -27.542004494
    1.382300768    2.324778564   28.533566789   -0.524874318  -19.789813778
    1.445132621    2.324778564   27.766655612   -5.859523875   -9.472277932
    1.507964474    2.324778564   27.629022554    3.241664728   -2.748521592
    1.570796327    2.324778564   28.328301530   18.382875410   -0.701340956
    1.633628180    2.324778564   29.932607174   32.112925568   -7.047146219
    1.696460033    2.324778564   32.396042532   35.504037127  -20.486694226
    1.759291886    2.324778564   35.750173741   23.367370163  -33.366513749
    1.822123739    2.324778564   37.091194730   18.185866414  -30.628717673
    1.884955592    2.324778564   38.348354002    5.445307723  -21.659104333
    1.947787445    2.324778564   38.677691890    6.778309505  -12.957898343
    2.010619298    2.324778564   37.795551341   10.578414122  -11.573238080
    2.073451151    2.324778564   38.789343489   21.676643737  -14.599560907
    2.136283004    2.324778564   39.280024673   11.296780788  -23.277160789
    2.199114858    2.324778564   40.874819398   -9.325380205  -25.424943294
    2.261946711    2.324778564   39.849909923  -21.283427670  -23.150038289
    2.324778564    2.324778564   38.962954351  -25.801711017  -12.721731398
    2.387610417    2.324778564   35.725894329  -31.276024242   -4.825805734
    2.450442270    2.324778564   34.524175722  -11.080728035    2.250767747
    2.513274123    2.324778564   32.988978348   -3.730138026   -0.992246107
    2.576105976    2.324778564   33.987182508  -22.712246897   -5.193828642
    2.638937829    2.324778564   33.363017975  -24.613803730   -8.616985354
    2.701769682    2.324778564   33.763863329   -9.537824889   -1.956512257
    2.764601535    2.324778564   31.593039241  -23.174234619  -18.128318954
    2.827433388    2.324778564   30.449280887  -18.524077289  -31.690446654
    2.890265241    2.324778564   28.662489497  -24.585871025  -25.798803295
    2.953097094    2.324778564   27.513863064  -42.751135628   -2.559895529
    3.015928947    2.324778564   24.577087608  -24.572540353    1.298113755
    3.078760801    2.324778564   24.936650242  -23.672095496  -12.257770226

   -3.141592654    2.387610417   23.509892826  -47.283228026  -25.602788960
   -3.078760801    2.387610417   19.940302801  -56.267779274  -32.263741049
   -3.015928947    2.387610417   16.058078338  -46.744689232  -37.356832058
   -2.953097094    2.387610417   14.700333588  -28.312688366  -40.440828168
   -2.890265241    2.387610417   14.208452333   -6.596783354  -31.543118130
   -2.827433388    2.387610417   14.941094816   -3.480578129  -14.596115900
   -2.764601535    2.387610417   14.444282133  -21.203049781    0.683288046
   -2.701769682    2.387610417   12.126096966  -27.876902986    2.416589628
   -2.638937829    2.387610417   10.531725792  -20.119816845   -5.871838055
   -2.576105976    2.387610417    9.843377072    1.334811214   -7.155198740
   -2.513274123    2.387610417   11.218183192   26.313031008   -8.972021004
   -2.450442270    2.387610417   11.841263388   32.966118576  -11.701638500
   -2.387610417    2.387610417   14.865577550   28.687777071  -19.745472375
   -2.324778564    2.387610417   16.413557509    2.008348623  -33.266585680
   -2.261946711    2.387610417   18.648805852    2.440080889  -42.167540518
   -2.199114858    2.387610417   17.619724325    8.128365305  -44.032952543
   -2.136283004    2.387610417   18.737943469   21.854889792  -36.537872240
   -2.073451151    2.387610417   20.132821981   21.639049007  -21.614240150
   -2.010619298    2.387610417   23.253614401  -21.812895059  -12.691323544
   -1.947787445    2.387610417   21.495908896  -32.115326701    2.922860298
   -1.884955592    2.387610417   19.545515659  -29.914607368   12.930581596
   -1.822123739    2.387610417   18.093877033  -18.627121765   17.702845353
   -1.759291886    2.387610417   17.812770824  -10.119421490   19.331813310
   -1.696460033    2.387610417   18.023888063   -2.263763434   23.633105111
   -1.633628180    2.387610417   17.695614545   -3.029768289   18.899528907
   -1.570796327    2.387610417   17.112970565   -6.894047056   15.131213513
   -1.507964474    2.387610417   16.640799529   -6.202950866    6.067916807
   -1.445132621    2.387610417   17.051339601   -6.493945712   -2.156524836
   -1.382300768    2.387610417   16.939497027   -3.536841164  -16.036082277
   -1.319468915    2.387610417   16.708074750   -2.413229761  -22.125738853
   -1.256637061    2.387610417   16.731747422    5.343563646  -22.053855959
   -1.193805208    2.387610417   15.856598359   15.006043950  -19.219982246
   -1.130973355    2.387610417   16.505026276   22.969584036   -5.809309150
   -1.068141502    2.387610417   18.059526935   19.769258239    4.723408844
   -1.005309649    2.387610417   20.694711081    0.409864225   13.091230839
   -0.942477796    2.387610417   21.078728816   -9.308741496    7.936103128
   -0.879645943    2.387610417   19.951938020  -16.865273470    5.359624945
   -0.816814090    2.387610417   19.432163333  -19.579669046    2.560825443
   -0.753982237    2.387610417   18.549079648   -7.410070239    5.345251401
   -0.691150384    2.387610417   18.546251118    6.645677267   11.462967216
   -0.628318531    2.387610417   19.432372551   21.909995331   19.073751939
   -0.565486678    2.387610417   21.019324879   30.886773899   28.069646203
   -0.502654825    2.387610417   23.080111966   32.819077876   35.597219166
   -0.439822972    2.387610417   24.814153230   26.629101229   43.922947435
   -0.376991118    2.387610417   26.590893754   29.426218749   58.457444496
   -0.314159265    2.387610417   29.399962969   41.199577186   76.445177122
   -0.251327412    2.387610417   32.629701691   60.564489376   94.576872610
   -0.188495559    2.387610417   36.723648045   67.347837896   98.182625166
   -0.125663706    2.387610417   40.919093919   63.571881578   91.493763093
   -0.062831853    2.387610417   44.821172331   61.778273017   83.372806541
    0.000000000    2.387610417   48.743898587   62.563029929   73.989191505
    0.062831853    2.387610417   52.524612028   56.237769321   61.001170093
    0.125663706    2.387610417   55.692159876   42.581447408   46.691617400
    0.188495559    2.387610417   58.078239300   29.671674192   34.457316544
    0.251327412    2.387610417   59.708494064   22.316296446   26.607418999
    0.314159265    2.387610417   60.969713250   17.768769598   19.946092678
    0.376991118    2.387610417   61.879716924   10.548352631   13.886028258
    0.439822972    2.387610417   60.969294095   -9.613247058   13.155808150
    0.502654825    2.387610417   60.018218063  -20.383063521   13.540776251
    0.565486678    2.387610417   58.062004157  -35.999352781   12.727443169
    0.628318531    2.387610417   55.644921136  -65.893213024   10.751954615
    0.691150384    2.387610417   51.297587729  -67.932249206   11.121921342
    0.753982237    2.387610417   47.587168972  -47.779389987   11.839905786
    0.816814090    2.387610417   46.547421671  -36.344476407    6.536314202
    0.879645943    2.387610417   44.813581308  -43.636850718    7.997855269
    0.942477796    2.387610417   41.935220120  -48.785428010    6.362693980
    1.005309649    2.387610417   38.931109393  -59.474568307    3.770312375
    1.068141502    2.387610417   35.136862739  -61.348949574   -7.297134200
    1.130973355    2.387610417   31.801639004  -50.997912052  -16.361072394
    1.193805208    2.387610417   29.085059423  -25.330241026  -14.734255654
    1.256637061    2.387610417   28.194835752    0.438448854   -3.156233952
    1.319468915    2.387610417   28.649504166   10.814439722    4.502688076
    1.382300768    2.387610417   29.361877701    5.927515195    3.673328857
    1.445132621    2.387610417   29.228280715    0.452380647    1.036317696
    1.507964474    2.387610417   29.417233166    6.310235305   -1.778575824
    1.570796327    2.387610417   30.078389680   14.235570421   -4.290113165
    1.633628180    2.387610417   31.200621990   21.597392645   -7.840196160
    1.696460033    2.387610417   32.928947299   26.817099290  -13.899540767
    1.759291886    2.387610417   35.721743917   25.062740031  -23.391041217
    1.822123739    2.387610417   37.453551151   28.687024717  -26.278329850
    1.884955592    2.387610417   39.450408026   17.893586329  -27.923186974
    1.947787445    2.387610417   40.383261177   12.283595938  -27.303647093
    2.010619298    2.387610417   39.522709808    5.162904757  -25.315895587
    2.073451151    2.387610417   39.994572688   11.636285174  -23.460725147
    2.136283004    2.387610417   39.428523150    0.466076731  -28.350159100
    2.199114858    2.387610417   40.456942404  -13.960393890  -27.933040684
    2.261946711    2.387610417   39.387532262  -18.303483691  -21.582741346
    2.324778564    2.387610417   39.170260127  -22.963983988   -3.950447823
    2.387610417    2.387610417   36.491006553  -25.089622938   11.941740231
    2.450442270    2.387610417   35.612554980   -6.191735407   21.647747204
    2.513274123    2.387610417   33.363490507   -6.961658438    9.200389410
    2.576105976    2.387610417   33.544554267  -29.367216568   -4.521826660
    2.638937829    2.387610417   32.365653749  -33.297105487  -10.577410369
    2.701769682    2.387610417   33.194891877  -21.769546550    5.575020959
    2.764601535    2.387610417   29.774358588  -45.476057264   -9.916010598
    2.827433388    2.387610417   27.413956493  -30.693933026  -32.147334768
    2.890265241    2.387610417   25.839373355  -11.478764135  -36.768115831
    2.953097094    2.387610417   26.492369844  -20.237272454  -17.066351254
    3.015928947    2.387610417   24.673067840  -18.846741342   -3.124598855
    3.078760801    2.387610417   24.923156594  -33.813685912   -7.482526048

   -3.141592654    2.450442270   22.077073060  -52.729046811   -7.322391553
   -3.078760801    2.450442270   18.404756810  -61.653228269   -4.325411701
   -3.015928947    2.450442270   14.447078152  -49.430549334   -1.808632379
   -2.953097094    2.450442270   12.868317828  -21.928642194   -6.052256477
   -2.890265241    2.450442270   12.681854915   10.155907536   -8.602087518
   -2.827433388    2.450442270   14.325197702   21.207251935   -5.559540162
   -2.764601535    2.450442270   15.057280605   -7.266664177    5.641739886
   -2.701769682    2.450442270   13.486316987  -29.407530929   12.230719714
   -2.638937829    2.450442270   11.763909862  -21.664381351   -0.325457334
   -2.576105976    2.450442270   11.269128127    4.612674205   -8.225456989
   -2.513274123    2.450442270   12.664210707   27.444628220  -14.910758258
   -2.450442270    2.450442270   13.209782505   25.977051905  -16.772891582
   -2.387610417    2.450442270   15.705563765   19.308359640  -24.724982418
   -2.324778564    2.450442270   16.581755207   -4.169700820  -33.298876641
   -2.261946711    2.450442270   18.522582572    1.762641281  -36.973747652
   -2.199114858    2.450442270   17.622695160   12.275543579  -35.788381538
   -2.136283004    2.450442270   19.236073080   32.376656879  -31.668965070
   -2.073451151    2.450442270   21.509384052   37.213895979  -20.602233983
   -2.010619298    2.450442270   25.246853992   -4.914877880   -8.945814243
   -1.947787445    2.450442270   24.396718740  -20.817650653    9.293153579
   -1.884955592    2.450442270   22.970010973  -24.846852394   23.291672709
   -1.822123739    2.450442270   21.742229863  -16.923950019   33.384369232
   -1.759291886    2.450442270   21.497320177   -9.837922045   39.293177621
   -1.696460033    2.450442270   21.923169513   -5.559437102   44.516150518
   -1.633628180    2.450442270   21.094365199  -10.584993363   32.793264552
   -1.570796327    2.450442270   20.066361705  -16.594364105   20.996745451
   -1.507964474    2.450442270   18.836790735  -21.030047294    7.709639689
   -1.445132621    2.450442270   18.547397725  -25.329797886    0.837344162
   -1.382300768    2.450442270   17.293105020  -17.335805343  -10.233650324
   -1.319468915    2.450442270   16.393937672   -7.734132481  -14.993499435
   -1.256637061    2.450442270   16.350343544    8.391803050  -13.122891112
   -1.193805208    2.450442270   15.829226598   24.155722469  -10.194134645
   -1.130973355    2.450442270   17.486286331   35.550350147   -6.473138041
   -1.068141502    2.450442270   19.683192178   28.474689110  -14.480303216
   -1.005309649    2.450442270   22.575621492   -0.025405898  -25.988449749
   -0.942477796    2.450442270   22.386913880  -17.116300194  -35.538764850
   -0.879645943    2.450442270   20.824057572  -24.355203965  -30.843427839
   -0.816814090    2.450442270   19.902816417  -21.144862519  -19.838266917
   -0.753982237    2.450442270   19.142188684   -2.686721396   -1.996915246
   -0.691150384    2.450442270   19.594653181   16.019338070   17.765747519
   -0.628318531    2.450442270   21.181511789   33.783289430   37.782776168
   -0.565486678    2.450442270   23.561127414   42.030564499   55.001088812
   -0.502654825    2.450442270   26.217607557   41.414051440   65.692618169
   -0.439822972    2.450442270   28.651066209   40.304442766   78.591555894
   -0.376991118    2.450442270   31.512579963   49.410700745   96.408505929
   -0.314159265    2.450442270   35.340869967   58.255121895  107.791617523
   -0.251327412    2.450442270   39.212871522   63.068330266  109.474879098
   -0.188495559    2.450442270   43.114768866   60.068927402  101.644156327
   -0.125663706    2.450442270   46.751862492   55.110255800   92.387782291
   -0.062831853    2.450442270   50.120378561   52.924631401   84.002065605
    0.000000000    2.450442270   53.370075733   49.702460619   72.279189367
    0.062831853    2.450442270   56.244074410   40.964824579   56.634020839
    0.125663706    2.450442270   58.468974146   29.267882567   41.033641540
    0.188495559    2.450442270   60.092050925   20.942206840   28.665307698
    0.251327412    2.450442270   61.223920500   15.608443113   20.308754749
    0.314159265    2.450442270   62.099608402   11.968865447   13.890589698
    0.376991118    2.450442270   62.693421302    6.585136297    9.265674738
    0.439822972    2.450442270   61.854686108   -8.903477125   11.004019721
    0.502654825    2.450442270   61.016496132  -17.774530829   12.310132926
    0.565486678    2.450442270   59.049473203  -36.763102915    9.851783448
    0.628318531    2.450442270   56.567479312  -64.092273043    5.555653983
    0.691150384    2.450442270   52.352792450  -65.428543281    3.326662167
    0.753982237    2.450442270   48.810008490  -45.310365104   -0.060073899
    0.816814090    2.450442270   47.552358009  -32.728110010  -11.051303906
    0.879645943    2.450442270   46.092798726  -40.729604207  -14.843236582
    0.942477796    2.450442270   43.413684061  -46.337135041  -16.328775722
    1.005309649    2.450442270   40.452552057  -65.529466749  -18.079677422
    1.068141502    2.450442270   36.054492922  -71.376340668  -25.486704449
    1.130973355    2.450442270   32.222594207  -52.594543657  -29.034592853
    1.193805208    2.450442270   29.718039707  -15.716941711  -24.357152538
    1.256637061    2.450442270   29.595869691   11.805230378  -18.382134956
    1.319468915    2.450442270   30.512373670   13.793134048  -22.108804219
    1.382300768    2.450442270   31.329925526    2.786683132  -30.118881890
    1.445132621    2.450442270   31.175772047   -1.211642852  -36.904011341
    1.507964474    2.450442270   31.240790284    3.563089305  -40.752800933
    1.570796327    2.450442270   31.598623987    7.634797637  -40.823803126
    1.633628180    2.450442270   32.200058341   11.726918025  -36.683076529
    1.696460033    2.450442270   33.223623664   15.938719124  -28.283914774
    1.759291886    2.450442270   35.117539268   16.153939839  -21.367232088
    1.822123739    2.450442270   36.410716323   23.513969656  -12.089136638
    1.884955592    2.450442270   38.249828664   18.435854433   -4.445401439
    1.947787445    2.450442270   39.371395799   17.165110947    4.333667070
    2.010619298    2.450442270   38.986933760   11.572884816   15.867932452
    2.073451151    2.450442270   39.803775368   16.088767320   22.498325295
    2.136283004    2.450442270   38.948216676   -0.770863088   16.074085652
    2.199114858    2.450442270   39.788311054  -14.685236418    8.300373502
    2.261946711    2.450442270   38.794965995  -14.640232961    4.480694913
    2.324778564    2.450442270   39.317139556  -19.516672878   10.825541424
    2.387610417    2.450442270   37.321070823  -18.170132284   19.055726653
    2.450442270    2.450442270   36.722793593   -3.815480934   23.112445445
    2.513274123    2.450442270   33.326297316  -16.714898885    6.114546700
    2.576105976    2.450442270   32.349463483  -36.781955571   -8.490313874
    2.638937829    2.450442270   30.732556955  -33.023767367   -9.526708866
    2.701769682    2.450442270   32.771959951  -25.543298634   16.594890086
    2.764601535    2.450442270   28.587089471  -65.211110770    9.776238987
    2.827433388    2.450442270   24.925801873  -49.168947115  -10.014180807
    2.890265241    2.450442270   22.878985048  -10.711604938  -24.504714692
    2.953097094    2.450442270   24.485131594   -6.654839381  -21.195675034
    3.015928947    2.450442270   23.661062875  -10.451317738  -11.617735626
    3.078760801    2.450442270   24.179099474  -42.007724884   -2.629191052

   -3.141592654    2.513274123   21.879148412  -47.089999001    2.417052952
   -3.078760801    2.513274123   18.815231436  -55.150300831   19.503253910
   -3.015928947    2.513274123   15.348751109  -44.363225089   33.218144780
   -2.953097094    2.513274123   13.780184649  -16.754375051   38.317235078
   -2.890265241    2.513274123   13.311631242    8.887269694   32.809484366
   -2.827433388    2.513274123   14.716236780   26.953187649   19.597790375
   -2.764601535    2.513274123   15.954093498    3.568659916   17.430843617
   -2.701769682    2.513274123   15.391679976  -30.201433302   34.226962745
   -2.638937829    2.513274123   13.362737604  -29.776799865   31.475738289
   -2.576105976    2.513274123   12.527531288   -3.578985737   25.114584345
   -2.513274123    2.513274123   13.339826168   20.273624526   12.889088191
   -2.450442270    2.513274123   13.598470410   16.039750414    6.979064982
   -2.387610417    2.513274123   15.374767726   10.327731900   -6.584818890
   -2.324778564    2.513274123   15.714624808   -5.352232250  -16.694399469
   -2.261946711    2.513274123   17.602417848    7.130806910  -20.732855585
   -2.199114858    2.513274123   17.003985002   16.038813836  -19.727326962
   -2.136283004    2.513274123   18.826594648   34.279262412  -22.056285389
   -2.073451151    2.513274123   21.376803498   42.158215138  -23.805969072
   -2.010619298    2.513274123   25.290559786    3.931574596  -23.849941197
   -1.947787445    2.513274123   24.953863047  -13.063398176  -15.536646713
   -1.884955592    2.513274123   23.952967581  -18.883816063   -4.670244016
   -1.822123739    2.513274123   23.105073839  -10.609907132    4.284825837
   -1.759291886    2.513274123   23.239922965   -3.022073548    9.455884172
   -1.696460033    2.513274123   24.181435058   -5.749819061   10.284873968
   -1.633628180    2.513274123   22.876299466  -17.122456732  -10.679336363
   -1.570796327    2.513274123   21.535334128  -20.947604005  -31.168406336
   -1.507964474    2.513274123   20.120712799  -23.305291343  -44.398461857
   -1.445132621    2.513274123   20.117596266  -29.263107186  -41.079561258
   -1.382300768    2.513274123   18.577352812  -21.470453650  -40.173426389
   -1.319468915    2.513274123   17.308089805  -12.163755213  -35.383987994
   -1.256637061    2.513274123   16.940240559    2.702022464  -26.166168973
   -1.193805208    2.513274123   16.031729307   15.326545466  -17.237581063
   -1.130973355    2.513274123   17.251917432   21.237281959  -13.108513120
   -1.068141502    2.513274123   18.430936410   12.359537932  -20.183622621
   -1.005309649    2.513274123   20.369482672   -9.623263333  -28.815282779
   -0.942477796    2.513274123   19.723350749  -15.990699344  -29.727923985
   -0.879645943    2.513274123   18.643636748  -11.805364676  -18.327063768
   -0.816814090    2.513274123   18.627498170   -0.188264207   -1.761229659
   -0.753982237    2.513274123   19.303998241   21.579768466   23.115023404
   -0.691150384    2.513274123   21.299079464   40.768110404   48.497926112
   -0.628318531    2.513274123   24.322366357   53.413663494   68.735607407
   -0.565486678    2.513274123   27.706837951   53.531093272   79.252010292
   -0.502654825    2.513274123   30.996101378   51.880903044   85.545884637
   -0.439822972    2.513274123   34.288819316   56.135189120   96.917986841
   -0.376991118    2.513274123   38.097152989   61.857704261  105.934779305
   -0.314159265    2.513274123   42.190409114   59.612108098  102.448551083
   -0.251327412    2.513274123   45.820055508   55.857563594   95.256676599
   -0.188495559    2.513274123   49.206488726   51.966331076   88.775574741
   -0.125663706    2.513274123   52.360046732   47.830900519   83.110638414
   -0.062831853    2.513274123   55.215487277   42.913544147   75.210064660
    0.000000000    2.513274123   57.674246540   34.788950540   62.393359338
    0.062831853    2.513274123   59.564805903   25.072120161   47.811862734
    0.125663706    2.513274123   60.860031917   16.394810864   34.442108167
    0.188495559    2.513274123   61.757438426   11.722878988   23.941881309
    0.251327412    2.513274123   62.375674432    8.924022313   16.412033194
    0.314159265    2.513274123   62.877699621    6.835509743   10.826215303
    0.376991118    2.513274123   63.211431711    3.437623217    7.382496018
    0.439822972    2.513274123   62.486975319   -8.458429683    9.150013398
    0.502654825    2.513274123   61.663351680  -18.235867526    8.571835215
    0.565486678    2.513274123   59.453426371  -41.633033003    4.261877502
    0.628318531    2.513274123   56.606213928  -66.727858051   -2.273451643
    0.691150384    2.513274123   52.231873786  -67.718839079   -4.316935759
    0.753982237    2.513274123   48.494869229  -49.391810047   -5.841730205
    0.816814090    2.513274123   46.616908705  -36.029292528  -13.007611275
    0.879645943    2.513274123   44.794378444  -45.370970337  -19.859584363
    0.942477796    2.513274123   41.795756749  -52.339198778  -27.452847131
    1.005309649    2.513274123   38.488571748  -72.554741387  -33.568842135
    1.068141502    2.513274123   33.713523377  -74.783546210  -32.679396011
    1.130973355    2.513274123   29.888515947  -47.609579266  -21.683404139
    1.193805208    2.513274123   27.676338438  -12.257416525  -10.249245312
    1.256637061    2.513274123   27.531041054    6.010505297  -10.456365998
    1.319468915    2.513274123   27.821406165    1.769508825  -20.565008733
    1.382300768    2.513274123   28.108246658   -7.148920244  -24.556685197
    1.445132621    2.513274123   27.630126458   -4.999293522  -25.500704012
    1.507964474    2.513274123   27.538269593    2.357795044  -25.122220369
    1.570796327    2.513274123   27.920296017   10.204499797  -24.679883194
    1.633628180    2.513274123   28.833252761   19.050829838  -20.700699933
    1.696460033    2.513274123   30.406684162   26.168848693  -13.814415996
    1.759291886    2.513274123   32.761777170   26.410608327   -7.843839557
    1.822123739    2.513274123   34.576812482   30.407963985   -0.900272497
    1.884955592    2.513274123   36.817367243   26.154501552    2.964287998
    1.947787445    2.513274123   38.531728035   28.514392825    8.977495441
    2.010619298    2.513274123   39.141342503   25.426063901   19.418906003
    2.073451151    2.513274123   40.757580961   26.117977047   26.275515072
    2.136283004    2.513274123   39.975389392   -0.029380433   24.626819918
    2.199114858    2.513274123   40.592742595  -17.257556379   18.541238419
    2.261946711    2.513274123   39.432985434  -17.105447548   13.967198098
    2.324778564    2.513274123   40.137730043  -22.402553974   12.832436083
    2.387610417    2.513274123   38.447476469  -15.480874284   13.937685148
    2.450442270    2.513274123   37.944230199   -3.141561921   12.027865332
    2.513274123    2.513274123   33.467068777  -23.803514258   -6.305711918
    2.576105976    2.513274123   31.733196274  -36.125823524  -17.688770166
    2.638937829    2.513274123   30.334226912  -20.409756561  -11.681275459
    2.701769682    2.513274123   34.220462550  -18.320070890   19.768821369
    2.764601535    2.513274123   30.074146782  -75.678119808   29.657843410
    2.827433388    2.513274123   25.501800136  -68.469720911   24.546225556
    2.890265241    2.513274123   22.386946477  -26.071688712    9.543058368
    2.953097094    2.513274123   23.517959465  -12.873606158   -6.187562353
    3.015928947    2.513274123   22.752271579   -6.944047789  -13.343158066
    3.078760801    2.513274123   23.833386863  -38.761475019   -6.554742608

   -3.141592654    2.576105976   21.945993847  -31.790656172  -17.366714446
   -3.078760801    2.576105976   20.201140272  -37.006021358    3.621673669
   -3.015928947    2.576105976   17.854659519  -30.127352041   22.063715803
   -2.953097094    2.576105976   16.858192594   -5.793186576   33.272006761
   -2.890265241    2.576105976   16.269288615    2.494747555   37.178167608
   -2.827433388    2.576105976   16.782588490   14.106315765   28.865726137
   -2.764601535    2.576105976   17.451729389    1.796947510   20.412453740
   -2.701769682    2.576105976   17.792423574  -29.342075990   36.454704618
   -2.638937829    2.576105976   15.648857821  -36.088951584   40.027035663
   -2.576105976    2.576105976   14.443212937  -18.030952746   38.875774643
   -2.513274123    2.576105976   14.318812995    8.839993796   22.607267636
   -2.450442270    2.576105976   14.260992289    6.282568637   13.715248580
   -2.387610417    2.576105976   15.426149401    6.484822228   -1.809452689
   -2.324778564    2.576105976   15.583259416    0.277137851  -13.852869192
   -2.261946711    2.576105976   17.687822807   19.361368927  -24.524812796
   -2.199114858    2.576105976   17.674763427   22.047749683  -29.705026719
   -2.136283004    2.576105976   19.599584123   30.048042888  -37.410243281
   -2.073451151    2.576105976   21.826532382   33.194547472  -44.515169190
   -2.010619298    2.576105976   25.253006401    2.504277882  -50.608827764
   -1.947787445    2.576105976   25.090578790   -3.562110553  -49.117644482
   -1.884955592    2.576105976   24.965014425   -1.902339478  -40.906951522
   -1.822123739    2.576105976   25.258261852    7.618369471  -32.127561700
   -1.759291886    2.576105976   26.214567509    6.664689244  -25.489436340
   -1.696460033    2.576105976   27.413472316  -14.148569503  -18.335353494
   -1.633628180    2.576105976   24.822735816  -39.073628241  -26.087835276
   -1.570796327    2.576105976   22.288209306  -35.913339669  -32.847913376
   -1.507964474    2.576105976   20.376694847  -24.453986492  -35.026112344
   -1.445132621    2.576105976   21.028032700  -23.882066317  -26.906198648
   -1.382300768    2.576105976   19.970107677  -12.178979243  -26.089740236
   -1.319468915    2.576105976   19.122087128   -3.201621931  -27.587425629
   -1.256637061    2.576105976   19.217800989    7.037675235  -23.015109367
   -1.193805208    2.576105976   18.428330764   10.202643495  -15.492964311
   -1.130973355    2.576105976   19.299690145    6.523116909   -9.457164838
   -1.068141502    2.576105976   19.458667488   -2.993284797  -11.676582254
   -1.005309649    2.576105976   20.491393323  -15.713692045  -14.238180934
   -0.942477796    2.576105976   19.723863613  -10.645092739   -7.052656270
   -0.879645943    2.576105976   19.394042621    4.495618775    8.588120654
   -0.816814090    2.576105976   20.502859160   23.786461731   26.332861707
   -0.753982237    2.576105976   22.714687798   45.995534542   47.101548109
   -0.691150384    2.576105976   26.099441730   59.833875059   62.978142051
   -0.628318531    2.576105976   29.962168181   61.005943226   70.468376993
   -0.565486678    2.576105976   33.615592137   55.587435256   72.288268082
   -0.502654825    2.576105976   37.126419407   57.577691119   76.996911882
   -0.439822972    2.576105976   40.857260327   61.792085431   83.144840024
   -0.376991118    2.576105976   44.751917877   58.520082480   82.271569773
   -0.314159265    2.576105976   48.358694306   52.459701411   76.848557046
   -0.251327412    2.576105976   51.555519327   50.046251522   75.157868045
   -0.188495559    2.576105976   54.609245953   46.775407656   73.763403993
   -0.125663706    2.576105976   57.352695049   40.103550935   68.280040713
   -0.062831853    2.576105976   59.584842191   30.735517868   58.364403310
    0.000000000    2.576105976   61.200354178   20.671901788   46.216293634
    0.062831853    2.576105976   62.210940202   11.895896857   34.571160292
    0.125663706    2.576105976   62.757060667    6.141538831   24.778125500
    0.188495559    2.576105976   63.070281052    4.004884314   17.201892677
    0.251327412    2.576105976   63.264866697    3.297002908   11.853430410
    0.314159265    2.576105976   63.469147749    3.003586604    8.013381129
    0.376991118    2.576105976   63.596803519    0.718633182    5.378947140
    0.439822972    2.576105976   62.904238561  -10.636160122    5.375762319
    0.502654825    2.576105976   61.861966985  -23.342672382    1.535224134
    0.565486678    2.576105976   59.146697444  -51.719570742   -5.503629485
    0.628318531    2.576105976   55.557701254  -75.418650968  -15.031306109
    0.691150384    2.576105976   50.686770106  -75.111151815  -19.001648601
    0.753982237    2.576105976   46.533813906  -55.629862248  -19.724161736
    0.816814090    2.576105976   43.988282520  -42.198864547  -24.699689038
    0.879645943    2.576105976   41.345910429  -56.004649664  -36.770815475
    0.942477796    2.576105976   37.579494509  -64.631724426  -47.958244500
    1.005309649    2.576105976   33.716459138  -75.768087012  -54.322303721
    1.068141502    2.576105976   29.319476895  -61.618814553  -41.992677107
    1.130973355    2.576105976   26.604799024  -26.820060919  -20.989116703
    1.193805208    2.576105976   25.420177272   -2.646430911   -6.379279474
    1.256637061    2.576105976   25.492884440    3.611643375   -7.575620093
    1.319468915    2.576105976   25.622665332    1.911461718  -12.688050321
    1.382300768    2.576105976   26.359330221   -0.431911647   -6.202106613
    1.445132621    2.576105976   26.451915477    3.772204275    4.203556524
    1.507964474    2.576105976   26.789788195    6.781235333   12.961602675
    1.570796327    2.576105976   27.339657161   11.737407467   17.846473350
    1.633628180    2.576105976   28.352878521   21.076582209   18.545427393
    1.696460033    2.576105976   30.093173096   30.377474473   17.671170666
    1.759291886    2.576105976   32.620163124   32.761255837   14.967079284
    1.822123739    2.576105976   34.821888796   35.982998386   15.035546191
    1.884955592    2.576105976   37.339254124   31.992418067   13.461478666
    1.947787445    2.576105976   39.452502721   34.746378640   13.101882224
    2.010619298    2.576105976   40.641332145   31.154082720   16.327434601
    2.073451151    2.576105976   42.480587777   26.646182519   15.203019849
    2.136283004    2.576105976   41.510514927   -4.580669045   11.843640404
    2.199114858    2.576105976   41.628196322  -22.177202146    3.895829944
    2.261946711    2.576105976   40.161846923  -21.838387475   -0.578002709
    2.324778564    2.576105976   40.696304732  -25.589337252   -6.384402801
    2.387610417    2.576105976   39.171129576  -14.431988241   -6.333692884
    2.450442270    2.576105976   38.634303080   -5.010160095  -12.022394884
    2.513274123    2.576105976   33.324135920  -30.643640275  -27.551636554
    2.576105976    2.576105976   31.126223091  -32.397649970  -38.817561463
    2.638937829    2.576105976   30.199868582   -3.735704901  -34.733372020
    2.701769682    2.576105976   35.812639100   -3.481740513  -14.141879919
    2.764601535    2.576105976   32.632787255  -67.891123657    8.700548837
    2.827433388    2.576105976   28.259208982  -73.752688768   25.441716803
    2.890265241    2.576105976   24.434598187  -44.101235478   26.116960877
    2.953097094    2.576105976   24.201457005  -33.571836524    7.968443153
    3.015928947    2.576105976   22.387137119  -17.963407486  -11.441276389
    3.078760801    2.576105976   23.331118076  -35.088462588  -22.102266962

   -3.141592654    2.638937829   20.935575838  -26.976955951  -18.243112057
   -3.078760801    2.638937829   20.106991098  -22.683477727  -10.447832371
   -3.015928947    2.638937829   18.760646095  -18.540411426    1.353307719
   -2.953097094    2.638937829   18.331852429    4.663340752    6.193890885
   -2.890265241    2.638937829   18.056539338    5.916020876   10.658180604
   -2.827433388    2.638937829   18.387471849    7.880413900   13.770935383
   -2.764601535    2.638937829   18.560106744   -3.213311395   10.954742177
   -2.701769682    2.638937829   19.599893169  -26.200418096   20.781218834
   -2.638937829    2.638937829   17.727390484  -33.433951865   28.105470484
   -2.576105976    2.638937829   16.728403767  -26.556047425   37.014646172
   -2.513274123    2.638937829   15.884715397   -2.658094859   27.071927825
   -2.450442270    2.638937829   15.652624463   -0.480654687   20.702405438
   -2.387610417    2.638937829   16.343123077    4.283627843    5.722444932
   -2.324778564    2.638937829   16.193700236   -0.622292163   -7.883104664
   -2.261946711    2.638937829   17.634141959   13.102648120  -25.506598697
   -2.199114858    2.638937829   16.953119373    7.471624813  -34.537305403
   -2.136283004    2.638937829   17.911483328   13.470833715  -40.479614095
   -2.073451151    2.638937829   19.292625356   17.468700226  -40.479349165
   -2.010619298    2.638937829   22.025705413   -3.256920388  -41.046799323
   -1.947787445    2.638937829   21.737713013    2.033897612  -38.208995908
   -1.884955592    2.638937829   22.228861989   10.816170815  -27.085065142
   -1.822123739    2.638937829   23.338116114   21.641915554  -17.022739299
   -1.759291886    2.638937829   25.094294037   21.041953423  -10.066167829
   -1.696460033    2.638937829   27.214821124   -2.803824248   -1.963796695
   -1.633628180    2.638937829   24.905970433  -34.841290557   -0.376228165
   -1.570796327    2.638937829   22.653461612  -31.270574460    1.987767418
   -1.507964474    2.638937829   21.044824545  -20.601635673    4.828649838
   -1.445132621    2.638937829   22.227363581  -24.996463297   10.653580994
   -1.382300768    2.638937829   21.045105795  -16.216024035    8.517612699
   -1.319468915    2.638937829   19.714684686   -6.615685874    0.433835311
   -1.256637061    2.638937829   19.724791958    7.063823429   -0.559490705
   -1.193805208    2.638937829   19.099639468    9.556940224    2.780555696
   -1.130973355    2.638937829   20.127547912    1.968363025    5.962318767
   -1.068141502    2.638937829   20.010915700   -6.131208438    3.083779017
   -1.005309649    2.638937829   20.830166958  -10.764212046    2.116757567
   -0.942477796    2.638937829   20.560327161    0.785863352   13.152946206
   -0.879645943    2.638937829   21.128325071   20.218139324   28.559390424
   -0.816814090    2.638937829   23.125275777   39.992129968   41.016183179
   -0.753982237    2.638937829   26.234991839   57.915411059   50.242026814
   -0.691150384    2.638937829   30.156398442   65.160886384   52.482291901
   -0.628318531    2.638937829   34.193685274   62.401673256   50.110354659
   -0.565486678    2.638937829   38.026764167   60.938994755   49.373395623
   -0.502654825    2.638937829   42.020205393   66.236114577   52.173595432
   -0.439822972    2.638937829   46.177672723   65.080652548   53.106205971
   -0.376991118    2.638937829   50.095384047   57.689572737   51.706358987
   -0.314159265    2.638937829   53.608238263   52.799179726   53.002550692
   -0.251327412    2.638937829   56.757099029   47.964673368   54.348349114
   -0.188495559    2.638937829   59.521068950   39.497477338   50.188037670
   -0.125663706    2.638937829   61.669256317   28.712127394   41.460132845
   -0.062831853    2.638937829   63.135809540   18.344278349   31.520698924
    0.000000000    2.638937829   63.981287986    9.067404264   21.584174397
    0.062831853    2.638937829   64.319846242    2.228414066   13.686649649
    0.125663706    2.638937829   64.330574027   -1.286896516    8.322110400
    0.188495559    2.638937829   64.226983036   -1.623956368    5.391263845
    0.251327412    2.638937829   64.099324564   -1.078529292    4.060221996
    0.314159265    2.638937829   64.053569475   -0.485809032    3.207579339
    0.376991118    2.638937829   63.961740232   -2.999974066    1.664719352
    0.439822972    2.638937829   63.164469161  -14.551875469    0.528518422
    0.502654825    2.638937829   61.786851607  -30.410192765   -5.445472274
    0.565486678    2.638937829   58.545597152  -60.620625690  -14.120681564
    0.628318531    2.638937829   54.360445570  -80.128985796  -22.425726517
    0.691150384    2.638937829   49.342426889  -75.474681492  -23.264379775
    0.753982237    2.638937829   45.219678596  -55.261263458  -22.819867432
    0.816814090    2.638937829   42.401404763  -45.022400197  -30.147744496
    0.879645943    2.638937829   39.023636601  -61.390150823  -45.772206553
    0.942477796    2.638937829   35.004573305  -64.883678138  -49.067328131
    1.005309649    2.638937829   31.534269389  -59.122489804  -40.260281797
    1.068141502    2.638937829   28.798327280  -33.687614293  -15.309935648
    1.130973355    2.638937829   27.737573258   -4.370450879   -1.397329377
    1.193805208    2.638937829   27.377550867    0.051673780   -3.238403731
    1.256637061    2.638937829   27.243035380   -4.300728748  -12.929177852
    1.319468915    2.638937829   26.932471392   -1.660427697  -17.912247853
    1.382300768    2.638937829   27.854889137    3.571887095  -11.367376150
    1.445132621    2.638937829   28.386325171   12.417289572   -1.225176068
    1.507964474    2.638937829   29.286740915   15.381596865    9.796568591
    1.570796327    2.638937829   30.269110170   16.386195553   15.405255785
    1.633628180    2.638937829   31.398928944   20.323638298   12.241225711
    1.696460033    2.638937829   32.893792148   24.447431140    0.863795058
    1.759291886    2.638937829   34.795133642   23.922883197  -13.144828759
    1.822123739    2.638937829   36.421777317   26.744307412  -20.344368803
    1.884955592    2.638937829   38.344183182   26.284392284  -20.818450846
    1.947787445    2.638937829   40.187887775   32.305399305  -13.220013245
    2.010619298    2.638937829   41.520300857   30.518088828    0.041726276
    2.073451151    2.638937829   43.244419805   22.744928447    5.993154428
    2.136283004    2.638937829   42.117784409  -10.531061458    8.688573861
    2.199114858    2.638937829   41.658928509  -27.984154986   -0.594985987
    2.261946711    2.638937829   39.851555181  -26.628231142   -8.602814563
    2.324778564    2.638937829   39.946179511  -27.315536336  -21.214428804
    2.387610417    2.638937829   38.564092568  -13.419207621  -22.621948449
    2.450442270    2.638937829   38.021812253   -6.688614879  -25.616913820
    2.513274123    2.638937829   32.478719177  -35.220850057  -24.818165744
    2.576105976    2.638937829   30.089614655  -29.905443593  -28.485082807
    2.638937829    2.638937829   29.460796688    5.968969885  -31.375584596
    2.701769682    2.638937829   35.680211156    9.535646989  -38.608419848
    2.764601535    2.638937829   33.902316392  -46.199833394  -19.928390935
    2.827433388    2.638937829   30.812539264  -59.404340070    7.050601874
    2.890265241    2.638937829   27.358727101  -48.509158683   25.560165787
    2.953097094    2.638937829   26.083671548  -49.946932264   21.630801365
    3.015928947    2.638937829   22.947005652  -37.744842400   10.550295533
    3.078760801    2.638937829   22.600349758  -45.254183791   -9.698166480

   -3.141592654    2.701769682   20.498009930  -32.608674054  -15.648897142
   -3.078760801    2.701769682   19.749030303  -23.080774768  -12.922143584
   -3.015928947    2.701769682   18.797500636  -18.188573400  -10.310879787
   -2.953097094    2.701769682   18.364487104    6.627109440  -18.703396958
   -2.890265241    2.701769682   18.399839386   14.113302460  -19.770961562
   -2.827433388    2.701769682   19.296628701   17.648253317  -10.836031151
   -2.764601535    2.701769682   19.807798935   -1.660077888    0.984501548
   -2.701769682    2.701769682   21.372635935  -20.807358777   11.064608099
   -2.638937829    2.701769682   20.003792215  -24.678673689   25.377635683
   -2.576105976    2.701769682   19.730450312  -27.934692561   43.994212766
   -2.513274123    2.701769682   18.441729339  -14.031600266   43.930848110
   -2.450442270    2.701769682   17.803384982  -13.066862500   39.259891939
   -2.387610417    2.701769682   17.625624383   -4.621484581   26.484152429
   -2.324778564    2.701769682   16.739561394   -8.617531865   17.203997408
   -2.261946711    2.701769682   17.035802513    1.187455381    0.773176659
   -2.199114858    2.701769682   15.669605079   -3.957853281   -9.774564597
   -2.136283004    2.701769682   16.191407478    8.678733430  -16.727844647
   -2.073451151    2.701769682   17.659928468   16.402815589  -15.265059277
   -2.010619298    2.701769682   20.463749189    1.715368051  -15.848102650
   -1.947787445    2.701769682   20.523425566   12.846683042  -12.797343456
   -1.884955592    2.701769682   21.777485721   22.998923250   -5.954954677
   -1.822123739    2.701769682   23.421869432   29.259382599   -5.189457092
   -1.759291886    2.701769682   25.444711857   25.403856097  -10.950775468
   -1.696460033    2.701769682   27.877279668    2.052449125  -18.287964845
   -1.633628180    2.701769682   25.804413292  -29.564551419  -23.977679692
   -1.570796327    2.701769682   23.959144242  -24.455151346  -23.682501755
   -1.507964474    2.701769682   22.792825577  -14.051544321  -17.080505712
   -1.445132621    2.701769682   24.519929829  -23.898161835   -4.913236932
   -1.382300768    2.701769682   23.331881767  -21.304331241    4.339295717
   -1.319468915    2.701769682   21.344979475  -15.082082740    3.965769099
   -1.256637061    2.701769682   20.844299236   -1.225134241    5.310621827
   -1.193805208    2.701769682   19.905317314    1.306402914    9.321426345
   -1.130973355    2.701769682   20.717874216   -6.183170233   12.629015512
   -1.068141502    2.701769682   20.302379401   -7.160767013   11.896033160
   -1.005309649    2.701769682   21.141512257   -0.680661333   10.617075380
   -0.942477796    2.701769682   21.681080400   14.933424933   16.464179745
   -0.879645943    2.701769682   23.132668095   31.838887179   20.674624227
   -0.816814090    2.701769682   25.601534665   44.842947713   19.928565313
   -0.753982237    2.701769682   28.781667955   55.496874895   19.280999491
   -0.691150384    2.701769682   32.340203334   57.337775720   19.312413477
   -0.628318531    2.701769682   35.890847577   56.282131792   21.747714573
   -0.565486678    2.701769682   39.586661054   62.612008943   30.909562637
   -0.502654825    2.701769682   43.779779827   69.645542170   40.998575529
   -0.439822972    2.701769682   48.131225896   68.203839778   46.596982987
   -0.376991118    2.701769682   52.299729212   63.011496663   49.420614935
   -0.314159265    2.701769682   56.117633039   57.202757375   48.870688843
   -0.251327412    2.701769682   59.358398093   46.233478313   42.609045493
   -0.188495559    2.701769682   61.870860848   33.681940775   33.947516063
   -0.125663706    2.701769682   63.587518258   21.182446149   25.225406981
   -0.062831853    2.701769682   64.573895506   10.538590871   17.649536120
    0.000000000    2.701769682   64.966567229    2.412521618   11.300459384
    0.062831853    2.701769682   64.951279042   -2.262688832    7.113166172
    0.125663706    2.701769682   64.744047082   -3.788142683    4.680975362
    0.188495559    2.701769682   64.535037233   -2.725044769    3.635236040
    0.251327412    2.701769682   64.357664561   -1.814100067    3.060546704
    0.314159265    2.701769682   64.257460792   -1.717116098    2.087917783
    0.376991118    2.701769682   64.024970316   -6.262597324   -0.854224141
    0.439822972    2.701769682   63.049223829  -20.509096405   -5.383002946
    0.502654825    2.701769682   61.160181390  -40.370046475  -14.514777478
    0.565486678    2.701769682   57.338664051  -69.726116481  -22.590973043
    0.628318531    2.701769682   52.666597824  -82.478222954  -26.087426997
    0.691150384    2.701769682   47.565388391  -76.736240875  -24.702779716
    0.753982237    2.701769682   43.196864565  -63.062228642  -29.003629753
    0.816814090    2.701769682   39.619302329  -56.045992898  -41.216839723
    0.879645943    2.701769682   35.230650720  -63.598605636  -52.699931333
    0.942477796    2.701769682   31.538887073  -50.642685301  -38.103611234
    1.005309649    2.701769682   29.345553358  -30.318603004   -9.434542458
    1.068141502    2.701769682   28.531846314  -14.680863584   20.667863968
    1.130973355    2.701769682   27.976242613   -6.943990509   17.954685704
    1.193805208    2.701769682   27.077424706  -12.943587473   -0.706676335
    1.256637061    2.701769682   26.340014752  -10.562693329  -16.206171668
    1.319468915    2.701769682   26.022231008    3.801104453  -22.649920851
    1.382300768    2.701769682   27.578061937   15.183387781  -24.207700008
    1.445132621    2.701769682   28.949123600   26.485491621  -22.959693559
    1.507964474    2.701769682   30.648593896   25.229061984  -19.473357758
    1.570796327    2.701769682   31.945025522   15.991473187  -15.556670947
    1.633628180    2.701769682   32.676957812    7.859796077  -14.170876477
    1.696460033    2.701769682   33.127787213    5.668170477  -18.014329857
    1.759291886    2.701769682   33.820519153    9.747236994  -27.140833723
    1.822123739    2.701769682   34.863001502   23.024790330  -34.500184235
    1.884955592    2.701769682   36.820094362   34.480245020  -41.094859019
    1.947787445    2.701769682   39.336114673   43.746789704  -41.345334947
    2.010619298    2.701769682   41.486964542   38.155476943  -33.903501875
    2.073451151    2.701769682   43.383851304   19.819282803  -24.208480043
    2.136283004    2.701769682   42.226029080  -18.561366057   -6.670094871
    2.199114858    2.701769682   41.024933532  -37.233030200   -0.827589162
    2.261946711    2.701769682   38.678062545  -34.867920917   -0.585566042
    2.324778564    2.701769682   37.915535124  -31.651019235  -15.811906747
    2.387610417    2.701769682   36.438890130  -14.575781462  -24.751178067
    2.450442270    2.701769682   35.908212658   -4.999381343  -30.478305397
    2.513274123    2.701769682   31.140984489  -30.162902996  -15.515623657
    2.576105976    2.701769682   29.100883387  -26.470095863   -8.579656192
    2.638937829    2.701769682   28.402589182    2.522890184  -14.526165914
    2.701769682    2.701769682   33.517827243    7.568005138  -48.789390222
    2.764601535    2.701769682   32.527086134  -25.867853781  -52.820992728
    2.827433388    2.701769682   31.036295152  -30.864027810  -38.724461027
    2.890265241    2.701769682   29.101027372  -31.512455104  -14.652013553
    2.953097094    2.701769682   27.964564687  -46.402848481   -4.289435838
    3.015928947    2.701769682   24.429424372  -46.133271792   -1.252774831
    3.078760801    2.701769682   22.767167285  -54.447003508  -14.840034270

   -3.141592654    2.764601535   20.245189173  -18.704354480  -10.256664435
   -3.078760801    2.764601535   20.366758726  -18.037834412   10.121549064
   -3.015928947    2.764601535   19.864355701  -26.675507455   21.619158799
   -2.953097094    2.764601535   18.595392534   -9.142665926    3.788262402
   -2.890265241    2.764601535   18.088596658   10.066691732  -13.503974629
   -2.827433388    2.764601535   19.158472015   27.713972145  -21.569257711
   -2.764601535    2.764601535   20.443375869    9.916800651  -17.860954923
   -2.701769682    2.764601535   22.853366589   -1.808786320  -17.065031995
   -2.638937829    2.764601535   23.038047355    3.570413571   -6.287957730
   -2.576105976    2.764601535   24.723579967   -7.931716076   11.806132815
   -2.513274123    2.764601535   24.080420117  -15.506966748   17.339329968
   -2.450442270    2.764601535   23.230447761  -26.322459869   16.456138368
   -2.387610417    2.764601535   22.001908060  -18.317035373    9.968894170
   -2.324778564    2.764601535   20.184703137  -18.831182066   10.022767857
   -2.261946711    2.764601535   19.211049821  -14.951273860    6.595841006
   -2.199114858    2.764601535   16.990468133  -19.877098725    6.710125657
   -2.136283004    2.764601535   16.872841228    0.683311450    3.046408928
   -2.073451151    2.764601535   18.297553914   14.118761917    3.390781840
   -2.010619298    2.764601535   20.892775835    5.441880342   -3.479635936
   -1.947787445    2.764601535   21.065806427   17.324397805   -4.696795762
   -1.884955592    2.764601535   22.535651126   25.352675626   -5.230977337
   -1.822123739    2.764601535   23.965225119   24.106729143  -11.280907997
   -1.759291886    2.764601535   25.520848725   17.589712244  -17.241833107
   -1.696460033    2.764601535   27.581338014   -2.884680117  -19.602409500
   -1.633628180    2.764601535   25.502338869  -26.481399783  -16.068127138
   -1.570796327    2.764601535   24.166143010  -12.425223143   -8.594618315
   -1.507964474    2.764601535   23.946302889    3.131020896    1.050404932
   -1.445132621    2.764601535   26.855196682   -7.338365926   11.222188343
   -1.382300768    2.764601535   26.645685023  -12.647453495   21.446749023
   -1.319468915    2.764601535   24.747950123  -15.620333994   20.233183713
   -1.256637061    2.764601535   24.065494036   -5.702979342   15.377544077
   -1.193805208    2.764601535   23.070645296   -2.753558037   14.669495673
   -1.130973355    2.764601535   23.848208073   -9.257613038   16.074156667
   -1.068141502    2.764601535   23.341159764   -7.380139591   19.274828724
   -1.005309649    2.764601535   23.969722393    0.862240028   18.813502195
   -0.942477796    2.764601535   24.528164235   13.061435231   18.790911307
   -0.879645943    2.764601535   25.756663421   25.986010089   13.565087621
   -0.816814090    2.764601535   27.853050581   40.629599088    9.950023568
   -0.753982237    2.764601535   30.878929997   54.375806075   12.247414431
   -0.691150384    2.764601535   34.468393764   59.837636722   18.347504082
   -0.628318531    2.764601535   38.345490125   64.186645149   27.910842293
   -0.565486678    2.764601535   42.659709648   73.011226550   40.185294400
   -0.502654825    2.764601535   47.362604162   74.098286144   46.789602895
   -0.439822972    2.764601535   51.821287368   67.228552331   45.993568846
   -0.376991118    2.764601535   55.785493103   57.989847034   40.178154022
   -0.314159265    2.764601535   59.124584500   47.809925442   32.160356246
   -0.251327412    2.764601535   61.719448210   35.888063774   24.411518023
   -0.188495559    2.764601535   63.616948760   24.596341429   18.156787853
   -0.125663706    2.764601535   64.817893241   13.748707294   12.788411639
   -0.062831853    2.764601535   65.382856928    4.495017447    8.044948567
    0.000000000    2.764601535   65.459049558   -1.500015752    4.930747300
    0.062831853    2.764601535   65.260857804   -4.400948229    3.286672954
    0.125663706    2.764601535   64.972623152   -4.531622008    2.832610782
    0.188495559    2.764601535   64.725631475   -3.201295442    2.598740316
    0.251327412    2.764601535   64.520946607   -2.702814274    1.991562039
    0.314159265    2.764601535   64.312354783   -4.639551714   -0.364828159
    0.376991118    2.764601535   63.800606522  -12.592700722   -5.971035108
    0.439822972    2.764601535   62.396967874  -29.944166987  -13.732370729
    0.502654825    2.764601535   59.852883627  -50.944236564  -23.246974344
    0.565486678    2.764601535   55.637082552  -72.935621873  -25.434394399
    0.628318531    2.764601535   50.873963986  -80.662134333  -23.123833270
    0.691150384    2.764601535   45.818446703  -79.147945270  -22.328116939
    0.753982237    2.764601535   41.098463182  -72.587685877  -28.045787035
    0.816814090    2.764601535   36.951811893  -59.738248615  -34.722696660
    0.879645943    2.764601535   32.395106726  -48.144812219  -33.430147709
    0.942477796    2.764601535   30.238633906  -17.225281426   -9.594723062
    1.005309649    2.764601535   30.145688427    2.788137099   14.576080653
    1.068141502    2.764601535   31.008559257   -9.143709140   25.576185802
    1.130973355    2.764601535   29.961664372  -24.412057062    5.661150984
    1.193805208    2.764601535   27.877265806  -31.666059430  -17.987571051
    1.256637061    2.764601535   26.346647396  -19.382235162  -29.678633160
    1.319468915    2.764601535   25.671539453    0.132856470  -32.211801617
    1.382300768    2.764601535   26.901803601   10.041334721  -32.945132007
    1.445132621    2.764601535   27.818225366   17.685382904  -35.481117265
    1.507964474    2.764601535   29.006160779   17.400995482  -38.835280919
    1.570796327    2.764601535   29.949100184   12.298355950  -37.932298651
    1.633628180    2.764601535   30.552821949    6.994068231  -28.980814250
    1.696460033    2.764601535   30.922748210    4.291521952  -15.714589005
    1.759291886    2.764601535   31.419653991    8.334290591   -3.557398761
    1.822123739    2.764601535   32.366100607   21.260873516    7.077392753
    1.884955592    2.764601535   34.042416022   32.003796125    8.686311442
    1.947787445    2.764601535   36.385678056   41.737414267    3.555509805
    2.010619298    2.764601535   38.723465812   41.754773782   -3.318815031
    2.073451151    2.764601535   41.093480426   31.027803117   -6.378389372
    2.136283004    2.764601535   41.342687929    1.525503909    8.599227330
    2.199114858    2.764601535   41.217780407  -21.835723307   26.278678204
    2.261946711    2.764601535   39.454264970  -32.950345021   36.890137160
    2.324778564    2.764601535   37.933956365  -41.072384291   24.691952976
    2.387610417    2.764601535   35.715128072  -27.723544294    8.971772455
    2.450442270    2.764601535   34.506780223  -12.342483461   -7.517713155
    2.513274123    2.764601535   30.552356231  -26.387767260    1.512743101
    2.576105976    2.764601535   28.849356172  -25.239065349    7.635732167
    2.638937829    2.764601535   27.762644253  -10.637386646    9.004998431
    2.701769682    2.764601535   30.395930579  -14.462469783  -21.278751286
    2.764601535    2.764601535   28.568488171  -32.922523194  -31.483998389
    2.827433388    2.764601535   27.164959459  -18.134370594  -40.320647212
    2.890265241    2.764601535   26.476027009   -6.665729227  -35.077090306
    2.953097094    2.764601535   26.497966906  -22.508989484  -24.620751505
    3.015928947    2.764601535   23.817006603  -35.027401544  -14.320123587
    3.078760801    2.764601535   21.786092411  -42.766392016  -24.297514411

   -3.141592654    2.827433388   19.310396234    3.170420731  -15.084581951
   -3.078760801    2.827433388   21.034516404    4.112873580    8.435286803
   -3.015928947    2.827433388   21.992299926  -24.949015099   38.063998151
   -2.953097094    2.827433388   20.148241641  -28.042327405   37.052319719
   -2.890265241    2.827433388   18.639649993   -7.678837475   22.642508481
   -2.827433388    2.827433388   18.844752396   19.918630062    1.503962730
   -2.764601535    2.827433388   19.929582712    5.982393054   -9.352120790
   -2.701769682    2.827433388   21.923605518   -1.652963452  -21.570292581
   -2.638937829    2.827433388   22.284132488    8.999254613  -21.174668654
   -2.576105976    2.827433388   24.482395016   -4.578763207  -13.252237967
   -2.513274123    2.827433388   23.787444316  -25.005436438   -6.643161837
   -2.450442270    2.827433388   22.417992736  -39.384164717   -6.129320736
   -2.387610417    2.827433388   20.425622128  -24.746681425  -10.341447364
   -2.324778564    2.827433388   18.359097278  -15.736803127  -10.270828720
   -2.261946711    2.827433388   17.205602569  -13.593306227   -9.361000278
   -2.199114858    2.827433388   15.243121158  -21.304936188   -2.215067272
   -2.136283004    2.827433388   15.154232050   -1.905520787   -1.212516680
   -2.073451151    2.827433388   16.683827032   14.266288993   -5.058053809
   -2.010619298    2.827433388   18.890150483    9.651505744  -19.167428391
   -1.947787445    2.827433388   19.202748529   20.576952779  -23.614320646
   -1.884955592    2.827433388   20.783534540   27.189642891  -30.192863040
   -1.822123739    2.827433388   22.125883855   24.990245437  -38.574612982
   -1.759291886    2.827433388   23.829594806   21.531892823  -40.002767815
   -1.696460033    2.827433388   26.412951693    5.220651596  -32.438086545
   -1.633628180    2.827433388   25.232471884  -12.936933494  -17.627779854
   -1.570796327    2.827433388   24.769922927    0.114776062   -3.540914476
   -1.507964474    2.827433388   25.232751566   12.179744940    5.269549771
   -1.445132621    2.827433388   28.508550120   -1.457129093    6.482092812
   -1.382300768    2.827433388   28.710643265  -12.963902239   12.880072992
   -1.319468915    2.827433388   26.567487775  -22.774244771   13.700136735
   -1.256637061    2.827433388   25.372370179  -13.509505671   10.056365275
   -1.193805208    2.827433388   24.278006861   -3.791533151   10.883388196
   -1.130973355    2.827433388   25.336497515   -0.841643682   14.563890280
   -1.068141502    2.827433388   25.526506070    4.623961741   24.765472428
   -1.005309649    2.827433388   26.568665309    8.277412623   30.961402762
   -0.942477796    2.827433388   27.259371704   10.376404700   33.971537628
   -0.879645943    2.827433388   28.182750689   20.630686021   34.061666721
   -0.816814090    2.827433388   30.036131567   39.292516054   36.967471528
   -0.753982237    2.827433388   33.080555562   56.176713106   41.361085234
   -0.691150384    2.827433388   36.858479124   64.216395009   45.558529825
   -0.628318531    2.827433388   41.132426844   71.517457687   50.503756440
   -0.565486678    2.827433388   45.784555305   74.966110301   49.782583513
   -0.502654825    2.827433388   50.360644675   67.982854053   40.996418277
   -0.439822972    2.827433388   54.337351366   58.425555271   29.333499213
   -0.376991118    2.827433388   57.741093132   49.608291394   20.690258609
   -0.314159265    2.827433388   60.622274884   41.618650677   16.314218274
   -0.251327412    2.827433388   62.895324482   31.280275667   13.195686688
   -0.188495559    2.827433388   64.518500805   20.193798466    9.167493851
   -0.125663706    2.827433388   65.443425254    9.531489228    4.524172683
   -0.062831853    2.827433388   65.781596830    1.738956160    1.366282998
    0.000000000    2.827433388   65.730087994   -2.819732775    0.032738815
    0.062831853    2.827433388   65.478357569   -4.768105455    0.060234152
    0.125663706    2.827433388   65.176020779   -4.763625703    0.739488676
    0.188495559    2.827433388   64.903614134   -3.898644675    0.996604014
    0.251327412    2.827433388   64.620670845   -4.868962024   -0.210460671
    0.314159265    2.827433388   64.188391197   -9.567592729   -4.076228656
    0.376991118    2.827433388   63.269546183  -20.815335007  -10.878408935
    0.439822972    2.827433388   61.356042954  -38.788338250  -18.211076029
    0.502654825    2.827433388   58.370737420  -55.166164113  -21.870289096
    0.565486678    2.827433388   54.244111818  -69.217502375  -17.330073626
    0.628318531    2.827433388   49.696339039  -77.026900867  -12.414968077
    0.691150384    2.827433388   44.687798559  -81.867588665  -10.403141026
    0.753982237    2.827433388   39.764992656  -77.760371901   -7.900683606
    0.816814090    2.827433388   35.513241365  -55.447152887   -2.924183108
    0.879645943    2.827433388   31.328818061  -29.340109923    6.507990486
    0.942477796    2.827433388   30.434293416    4.142625209   18.308775099
    1.005309649    2.827433388   31.196503631    9.636601165   16.609295594
    1.068141502    2.827433388   32.177283660  -23.138830921    5.909183347
    1.130973355    2.827433388   29.900501435  -46.379694699  -15.061329364
    1.193805208    2.827433388   26.659914264  -46.666277250  -28.417684809
    1.256637061    2.827433388   24.602329471  -25.150486774  -28.770367808
    1.319468915    2.827433388   23.652940729   -3.212883910  -25.133533988
    1.382300768    2.827433388   24.391291501    2.062056589  -27.884106258
    1.445132621    2.827433388   24.590979982    4.397759798  -37.590750595
    1.507964474    2.827433388   25.177406246    9.795111023  -48.302533435
    1.570796327    2.827433388   26.114927390   20.509961132  -51.463607779
    1.633628180    2.827433388   27.617846178   26.433762583  -38.817133015
    1.696460033    2.827433388   29.325468497   26.206321313  -17.351379024
    1.759291886    2.827433388   31.025272236   26.493457779    2.304545843
    1.822123739    2.827433388   32.867214254   31.906432147   19.190775853
    1.884955592    2.827433388   34.641827514   28.764144514   28.070225445
    1.947787445    2.827433388   36.346489300   25.501229288   26.560258280
    2.010619298    2.827433388   37.703116619   25.444906333   16.293041133
    2.073451151    2.827433388   39.444385440   28.236557252    5.549697063
    2.136283004    2.827433388   40.536909720   20.237218853    8.731165780
    2.199114858    2.827433388   41.885722364    2.170830353   17.468024262
    2.261946711    2.827433388   41.438740016  -18.064315250   26.611011896
    2.324778564    2.827433388   39.959271918  -42.069804605   28.232173994
    2.387610417    2.827433388   37.204459059  -44.047711982   25.413561445
    2.450442270    2.827433388   34.797420264  -31.641829979    9.009775438
    2.513274123    2.827433388   30.970068164  -31.644731546    7.130792259
    2.576105976    2.827433388   29.307094503  -21.708181871    3.970368106
    2.638937829    2.827433388   28.488614935   -6.147384521    7.135746256
    2.701769682    2.827433388   29.961549479  -14.679356064   -3.937200951
    2.764601535    2.827433388   28.143165756  -36.857203536    5.497929163
    2.827433388    2.827433388   26.189532183  -26.090165845    2.147642447
    2.890265241    2.827433388   25.103328765   -8.299260996   -7.889736654
    2.953097094    2.827433388   25.091338085  -12.330480826  -16.683376368
    3.015928947    2.827433388   22.813739218  -28.972538273  -13.912760745
    3.078760801    2.827433388   20.027427799  -34.614344280  -25.211081789

   -3.141592654    2.890265241   18.300786675   10.834397706  -15.263257724
   -3.078760801    2.890265241   20.635371570   18.206994428  -17.076300624
   -3.015928947    2.890265241   22.895399891  -15.340261436   -5.267965714
   -2.953097094    2.890265241   21.190690026  -35.135506108    5.927234499
   -2.890265241    2.890265241   18.998027719  -28.551741538    8.917078966
   -2.827433388    2.890265241   17.647884644   -4.773254673   -7.068640424
   -2.764601535    2.890265241   17.578191616  -12.004939435  -22.021607972
   -2.701769682    2.890265241   18.417291039  -11.544911218  -35.799305254
   -2.638937829    2.890265241   18.367589097    6.129469968  -37.609113578
   -2.576105976    2.890265241   20.605748534   -0.710586068  -31.803012748
   -2.513274123    2.890265241   20.337756830  -23.398333088  -14.128657353
   -2.450442270    2.890265241   19.312086943  -35.443681214    2.565965613
   -2.387610417    2.890265241   17.604092552  -17.267000604   12.084012669
   -2.324778564    2.890265241   16.046939849   -2.209584306   14.607012933
   -2.261946711    2.890265241   15.625842573    2.276010548   14.747882585
   -2.199114858    2.890265241   15.006911392   -3.862879462   24.820892556
   -2.136283004    2.890265241   15.975196689    7.131580636   34.107922115
   -2.073451151    2.890265241   17.895572579   17.517671033   30.365178683
   -2.010619298    2.890265241   19.497310099   10.269560462    9.494743508
   -1.947787445    2.890265241   19.647817251   15.093520438   -3.645047795
   -1.884955592    2.890265241   20.762470697   19.984162069  -21.130082629
   -1.822123739    2.890265241   21.538222790   20.900358481  -37.909317435
   -1.759291886    2.890265241   23.270041056   26.067861548  -43.312487116
   -1.696460033    2.890265241   26.580773989   15.664830328  -35.494014532
   -1.633628180    2.890265241   26.512295323    3.539317813  -20.053410673
   -1.570796327    2.890265241   26.917401613    9.342437946   -7.830025616
   -1.507964474    2.890265241   27.643091770   12.071866331   -4.650598960
   -1.445132621    2.890265241   30.551244539   -2.986901180  -11.569845173
   -1.382300768    2.890265241   30.956721452  -12.367124380   -5.578839581
   -1.319468915    2.890265241   29.051614544  -21.221708554    5.695807025
   -1.256637061    2.890265241   27.883115222  -13.926712823   13.492936176
   -1.193805208    2.890265241   26.961232378   -2.833400448   21.333215107
   -1.130973355    2.890265241   28.088916755    4.503386268   24.270162700
   -1.068141502    2.890265241   28.668596991   10.864406431   32.816953446
   -1.005309649    2.890265241   29.784217391    9.482090761   37.352914567
   -0.942477796    2.890265241   30.359587434    7.335423933   40.756613958
   -0.879645943    2.890265241   31.093534613   18.013370263   43.291162637
   -0.816814090    2.890265241   32.823362408   37.547584018   42.636396919
   -0.753982237    2.890265241   35.756913831   54.315570220   38.867889939
   -0.691150384    2.890265241   39.482455370   64.300334007   34.711581601
   -0.628318531    2.890265241   43.690768748   68.534651935   28.164535515
   -0.565486678    2.890265241   47.935293034   65.335273939   18.251463917
   -0.502654825    2.890265241   51.904828144   57.754363622   10.568899856
   -0.439822972    2.890265241   55.408388355   53.970684571    9.885589906
   -0.376991118    2.890265241   58.667069484   49.229961491   13.614259167
   -0.314159265    2.890265241   61.544276429   40.460930670   15.486744774
   -0.251327412    2.890265241   63.657652474   27.456211517   11.669711280
   -0.188495559    2.890265241   64.981831052   14.973660488    5.622462636
   -0.125663706    2.890265241   65.617811338    5.899162052    1.400510370
   -0.062831853    2.890265241   65.795437974    0.021750030   -0.686998652
    0.000000000    2.890265241   65.697387341   -2.827387495   -0.670392680
    0.062831853    2.890265241   65.480084613   -3.983828309    0.104738722
    0.125663706    2.890265241   65.218685364   -4.298200802    0.767017325
    0.188495559    2.890265241   64.942358965   -4.714087934    0.500211100
    0.251327412    2.890265241   64.541992708   -7.770212417   -1.356097419
    0.314159265    2.890265241   63.829657195  -15.258553785   -5.988374885
    0.376991118    2.890265241   62.491870182  -27.708694551  -12.201405404
    0.439822972    2.890265241   60.251455558  -42.214995673  -16.305325533
    0.502654825    2.890265241   57.251698020  -52.160869853  -16.860013141
    0.565486678    2.890265241   53.554576044  -61.748755827  -14.417964843
    0.628318531    2.890265241   49.416257275  -70.763057212  -14.683112619
    0.691150384    2.890265241   44.770878689  -75.545801538  -13.564343618
    0.753982237    2.890265241   40.447067348  -69.680301504   -5.548897476
    0.816814090    2.890265241   36.797161262  -44.254587362    3.439919355
    0.879645943    2.890265241   33.141516506  -20.521909270   10.137019359
    0.942477796    2.890265241   32.278542767   -1.131001862    3.143944728
    1.005309649    2.890265241   32.217297756   -7.487439910  -14.044268617
    1.068141502    2.890265241   32.263288888  -41.540075731  -28.899203611
    1.130973355    2.890265241   29.038812328  -57.251474270  -37.512732106
    1.193805208    2.890265241   25.504679532  -45.680913027  -34.891873056
    1.256637061    2.890265241   23.979881860  -16.207846815  -20.578783245
    1.319468915    2.890265241   23.508666960    3.616171186  -12.777657074
    1.382300768    2.890265241   24.220687635   -0.627262670  -14.517869992
    1.445132621    2.890265241   23.994425729   -5.205613868  -24.570010999
    1.507964474    2.890265241   24.296380567    3.551228864  -33.716738958
    1.570796327    2.890265241   25.305591274   29.506649237  -43.499830806
    1.633628180    2.890265241   27.733283116   45.414280097  -42.035045395
    1.696460033    2.890265241   30.618247318   41.857053602  -34.380555025
    1.759291886    2.890265241   33.023083967   34.821150355  -30.711099939
    1.822123739    2.890265241   35.251197167   37.824938540  -27.724812484
    1.884955592    2.890265241   37.203016512   32.151135391  -22.449772187
    1.947787445    2.890265241   38.910134518   21.750636025  -15.237981519
    2.010619298    2.890265241   39.991172881   19.041680116  -13.268504100
    2.073451151    2.890265241   41.490379464   25.896247356  -13.059726686
    2.136283004    2.890265241   42.901420964   24.418737644   -8.804380336
    2.199114858    2.890265241   44.483592930    1.148353239   -7.756528885
    2.261946711    2.890265241   44.000839246  -17.761548509   -9.856986095
    2.324778564    2.890265241   42.387764752  -39.545762175   -5.011616498
    2.387610417    2.890265241   39.632845950  -51.522896836    9.080483069
    2.450442270    2.890265241   36.380242474  -49.637172718    9.614608096
    2.513274123    2.890265241   32.319836975  -42.296529053   10.564185872
    2.576105976    2.890265241   30.364632077  -21.485402451    3.469736239
    2.638937829    2.890265241   29.720085614   -0.723677203    1.917663922
    2.701769682    2.890265241   30.647430033   -5.634147723   -6.168491409
    2.764601535    2.890265241   29.491288461  -28.866655281    6.799270177
    2.827433388    2.890265241   27.531679922  -31.827713034   14.755565637
    2.890265241    2.890265241   25.755230394  -20.827592469   11.788829002
    2.953097094    2.890265241   24.899847996  -18.281284540    3.372270147
    3.015928947    2.890265241   22.393226824  -30.166507996   -1.115011263
    3.078760801    2.890265241   18.781001190  -32.159349236  -14.380294720

   -3.141592654    2.953097094   16.725545745    8.723877592   -9.994463119
   -3.078760801    2.953097094   18.606586003   13.222483419  -18.830952780
   -3.015928947    2.953097094   20.860475698  -10.355422582  -29.106925477
   -2.953097094    2.953097094   19.900088117  -20.346723870  -24.722207745
   -2.890265241    2.953097094   18.677440990  -22.051550657  -12.642372700
   -2.827433388    2.953097094   17.298862234  -10.980192109  -15.538120346
   -2.764601535    2.953097094   17.055373635  -14.518154228  -24.508973258
   -2.701769682    2.953097094   17.643534307   -8.667389408  -32.530353499
   -2.638937829    2.953097094   17.749890979    9.037680422  -30.377856981
   -2.576105976    2.953097094   20.186994117    7.531386674  -25.689053781
   -2.513274123    2.953097094   20.817283837  -11.192904294   -7.173918928
   -2.450442270    2.953097094   20.716888834  -23.105704661   15.038971447
   -2.387610417    2.953097094   19.437224548  -15.813876449   29.337614174
   -2.324778564    2.953097094   17.564682740  -10.031128852   27.535824155
   -2.261946711    2.953097094   16.562626635   -3.831206357   18.475203901
   -2.199114858    2.953097094   16.154520652    1.701836233   21.319219391
   -2.136283004    2.953097094   17.685990377   11.012863534   34.280212418
   -2.073451151    2.953097094   19.446093371   13.328814339   36.400060644
   -2.010619298    2.953097094   19.857596973   -1.142442042   22.810658718
   -1.947787445    2.953097094   19.181839310   -2.548303517   10.909263701
   -1.884955592    2.953097094   19.194519763    4.634513400   -7.732355494
   -1.822123739    2.953097094   19.106092198   13.123294472  -22.657931158
   -1.759291886    2.953097094   20.736518562   29.706876321  -27.529626380
   -1.696460033    2.953097094   24.694029415   25.672053727  -22.851217256
   -1.633628180    2.953097094   25.687107944   19.004516662  -12.055276745
   -1.570796327    2.953097094   26.845785209   15.652710741   -4.709894091
   -1.507964474    2.953097094   27.625004838    7.919012890   -6.531943579
   -1.445132621    2.953097094   29.788081216   -8.236035367  -20.092867715
   -1.382300768    2.953097094   30.195498810  -12.541987356  -19.682322253
   -1.319468915    2.953097094   28.676684745  -17.167296947   -9.509991134
   -1.256637061    2.953097094   27.717442478  -11.830295638   -0.871005091
   -1.193805208    2.953097094   27.038328770   -1.058354435    5.737924861
   -1.130973355    2.953097094   28.187828722   11.700672902    3.634367811
   -1.068141502    2.953097094   29.323752773   20.891839553    6.224939908
   -1.005309649    2.953097094   30.930351202   19.397302140    7.655367344
   -0.942477796    2.953097094   32.030039021   15.173987301   11.995650356
   -0.879645943    2.953097094   33.101758145   20.680276733   14.630314991
   -0.816814090    2.953097094   34.788121758   33.780637713   11.909832589
   -0.753982237    2.953097094   37.411453326   48.393801750    5.818892287
   -0.691150384    2.953097094   40.755330873   57.350158797   -0.482498418
   -0.628318531    2.953097094   44.461129444   59.937608601   -6.534881139
   -0.565486678    2.953097094   48.269613214   60.993228068   -6.598191216
   -0.502654825    2.953097094   52.275125784   61.493404838    4.204867825
   -0.439822972    2.953097094   56.180912744   61.370118112   16.543458431
   -0.376991118    2.953097094   59.797044026   52.009403217   22.022558287
   -0.314159265    2.953097094   62.625913193   35.920965803   18.049368471
   -0.251327412    2.953097094   64.333081228   20.207017115    9.821341941
   -0.188495559    2.953097094   65.252424789    9.754507354    3.566530559
   -0.125663706    2.953097094   65.650629607    3.497945219    0.529754851
   -0.062831853    2.953097094   65.739854842   -0.316753541   -0.629848238
    0.000000000    2.953097094   65.655408463   -2.030507636   -0.461563547
    0.062831853    2.953097094   65.491288057   -3.174919050   -0.091881270
    0.125663706    2.953097094   65.267854596   -4.134302832   -0.011486867
    0.188495559    2.953097094   64.948721662   -6.347401783   -1.018243987
    0.251327412    2.953097094   64.386887313  -11.611084264   -4.016128824
    0.314159265    2.953097094   63.317524023  -21.766962391   -9.944012023
    0.376991118    2.953097094   61.545497139  -34.475121304  -16.430052006
    0.439822972    2.953097094   58.996120669  -45.714527349  -22.053657251
    0.502654825    2.953097094   55.876399598  -53.038713669  -27.540720767
    0.565486678    2.953097094   52.223468727  -61.222943489  -33.383503285
    0.628318531    2.953097094   48.172216707  -67.420839883  -38.927747870
    0.691150384    2.953097094   43.909951556  -66.310037124  -39.562768370
    0.753982237    2.953097094   40.501961288  -57.360115209  -32.291251248
    0.816814090    2.953097094   37.654408113  -32.709514984  -28.053882306
    0.879645943    2.953097094   34.454535292  -20.323520707  -27.797201361
    0.942477796    2.953097094   32.900305638  -17.285127258  -43.927339636
    1.005309649    2.953097094   31.579503140  -27.868796033  -62.550163001
    1.068141502    2.953097094   30.601001456  -53.326159582  -73.113959362
    1.130973355    2.953097094   27.074667075  -54.506973563  -64.858853638
    1.193805208    2.953097094   23.989454690  -33.156315583  -44.374734722
    1.256637061    2.953097094   23.548347414   -2.827973925  -16.326858674
    1.319468915    2.953097094   23.481440453    7.779234698   -5.401540759
    1.382300768    2.953097094   24.114407868   -3.255355198   -2.159112450
    1.445132621    2.953097094   23.567054473  -12.180312526   -1.438768453
    1.507964474    2.953097094   23.870657904   -4.603657511    4.865967330
    1.570796327    2.953097094   24.527712183   27.481611595   -4.290552098
    1.633628180    2.953097094   27.070850567   50.938646167  -14.852308797
    1.696460033    2.953097094   30.432704981   48.766867360  -23.649676783
    1.759291886    2.953097094   33.137822750   38.060688461  -35.550236604
    1.822123739    2.953097094   35.562656434   42.670733032  -50.384018211
    1.884955592    2.953097094   37.827635417   40.355239923  -62.804446178
    1.947787445    2.953097094   40.035088205   28.239989292  -63.873263277
    2.010619298    2.953097094   41.379808507   19.784525947  -56.549799549
    2.073451151    2.953097094   42.880737000   23.387441002  -43.427290485
    2.136283004    2.953097094   44.270573349   21.195473144  -26.685777863
    2.199114858    2.953097094   45.468619027  -11.194808882  -14.471474048
    2.261946711    2.953097094   44.239256125  -27.742708591  -10.402271095
    2.324778564    2.953097094   42.174507441  -40.470515937   -8.874112039
    2.387610417    2.953097094   39.684379214  -50.373927764   -1.997367224
    2.450442270    2.953097094   36.305420292  -55.715419789    1.284263598
    2.513274123    2.953097094   32.284514644  -49.818773853    7.067580565
    2.576105976    2.953097094   29.849314218  -26.767570540    2.387768011
    2.638937829    2.953097094   29.003051535   -1.997351101   -4.385657802
    2.701769682    2.953097094   29.468131527    0.516483339  -17.403457689
    2.764601535    2.953097094   28.937533779  -17.709043114  -16.134119232
    2.827433388    2.953097094   27.359284738  -30.417523128  -14.834500626
    2.890265241    2.953097094   25.318061170  -27.087101376  -19.054316251
    2.953097094    2.953097094   24.061197948  -19.710476526  -18.826779611
    3.015928947    2.953097094   21.581030271  -32.333879106   -6.967596918
    3.078760801    2.953097094   17.370638094  -34.175442518   -6.878559439

   -3.141592654    3.015928947   17.542100574    4.012911314   -4.033244538
   -3.078760801    3.015928947   18.847189813    7.164381868  -14.975781586
   -3.015928947    3.015928947   20.268979335  -18.100903798  -24.225732540
   -2.953097094    3.015928947   19.123322022  -19.442923791  -23.027644165
   -2.890265241    3.015928947   18.235863678  -22.328526369  -13.087411375
   -2.827433388    3.015928947   16.583175533  -22.298628475   -7.759758051
   -2.764601535    3.015928947   15.722446660  -22.691079062   -8.696481066
   -2.701769682    3.015928947   15.859161846   -5.124968026  -10.419791407
   -2.638937829    3.015928947   16.342861847   17.346947595   -4.004068327
   -2.576105976    3.015928947   19.393097490   21.805900153   -0.708752070
   -2.513274123    3.015928947   21.446020514   13.153652178    4.926170278
   -2.450442270    3.015928947   23.130311401    6.136861871   13.198772252
   -2.387610417    3.015928947   23.272026954   -1.295868488   17.689716896
   -2.324778564    3.015928947   21.690813364  -12.942713397    7.669398402
   -2.261946711    3.015928947   20.333858437   -9.926440003  -10.174971139
   -2.199114858    3.015928947   20.105905951    9.083185364  -17.588262275
   -2.136283004    3.015928947   22.419041397   20.900324321   -9.985680378
   -2.073451151    3.015928947   24.345471703   16.447451922   -2.972232728
   -2.010619298    3.015928947   24.069607623  -10.902927156    1.600276375
   -1.947787445    3.015928947   22.600973696  -22.576721278    6.297507229
   -1.884955592    3.015928947   21.353785921  -13.534520715    1.395590312
   -1.822123739    3.015928947   20.276447638    1.340688425   -6.509461764
   -1.759291886    3.015928947   21.422323366   26.068202440  -18.126638514
   -1.696460033    3.015928947   25.380031378   27.518115794  -32.043358837
   -1.633628180    3.015928947   26.957554173   29.916141204  -37.920294357
   -1.570796327    3.015928947   28.757414276   23.570070505  -38.442231072
   -1.507964474    3.015928947   29.843684320    8.866178389  -36.399100733
   -1.445132621    3.015928947   31.553976559   -7.489524719  -42.815952139
   -1.382300768    3.015928947   32.214085189   -6.866489997  -38.171275753
   -1.319468915    3.015928947   31.525176972   -5.443484760  -25.265872402
   -1.256637061    3.015928947   31.232731294   -4.010175689  -14.440754466
   -1.193805208    3.015928947   30.891648690   -2.112648245   -6.884173702
   -1.130973355    3.015928947   31.480583503    4.148287139   -9.948536630
   -1.068141502    3.015928947   32.046958636   10.444901086  -11.871619881
   -1.005309649    3.015928947   32.961277936   11.998555700  -14.483371211
   -0.942477796    3.015928947   33.718021629   11.837909300  -14.003030272
   -0.879645943    3.015928947   34.576683641   17.065723396  -13.426703061
   -0.816814090    3.015928947   36.088162750   30.935869491  -10.959668817
   -0.753982237    3.015928947   38.563024366   46.042082162   -8.815941108
   -0.691150384    3.015928947   41.761832888   55.238215297   -7.781716324
   -0.628318531    3.015928947   45.448992548   62.368729698   -3.936471176
   -0.565486678    3.015928947   49.672074426   71.274159532    6.902356233
   -0.502654825    3.015928947   54.468864874   72.624287458   19.942133582
   -0.439822972    3.015928947   58.856777664   63.910727968   25.049344458
   -0.376991118    3.015928947   62.268590126   43.541436583   19.853759780
   -0.314159265    3.015928947   64.389061474   23.183782803   11.273482273
   -0.251327412    3.015928947   65.355954030   10.214352148    4.612825833
   -0.188495559    3.015928947   65.765392972    3.421304504    1.140923706
   -0.125663706    3.015928947   65.858924988   -0.121530584   -0.511482938
   -0.062831853    3.015928947   65.779176862   -2.048477380   -1.139300323
    0.000000000    3.015928947   65.622900709   -3.005829640   -1.310333092
    0.062831853    3.015928947   65.412248890   -3.739782322   -1.441382669
    0.125663706    3.015928947   65.137004083   -5.259202237   -2.193853719
    0.188495559    3.015928947   64.713624669   -8.570681105   -3.727655090
    0.251327412    3.015928947   63.976660590  -15.233255737   -6.492303529
    0.314159265    3.015928947   62.574214154  -27.299628615  -11.716764126
    0.376991118    3.015928947   60.441512200  -40.228300063  -18.046440432
    0.439822972    3.015928947   57.525813486  -52.065890160  -25.658807529
    0.502654825    3.015928947   53.955196023  -61.349902007  -35.612509758
    0.565486678    3.015928947   49.808884299  -69.253802829  -46.023307185
    0.628318531    3.015928947   45.336843724  -71.827415032  -53.741907119
    0.691150384    3.015928947   40.972525970  -65.090256154  -56.395832597
    0.753982237    3.015928947   37.933089323  -54.741856535  -52.755380722
    0.816814090    3.015928947   35.169897647  -33.689201711  -54.068313856
    0.879645943    3.015928947   31.859848686  -29.743810275  -56.379553360
    0.942477796    3.015928947   29.190017915  -35.901112767  -71.989557927
    1.005309649    3.015928947   26.699527056  -43.703576086  -84.988572724
    1.068141502    3.015928947   25.015290050  -51.931245034  -90.059689854
    1.130973355    3.015928947   22.192690585  -33.482594487  -74.924919214
    1.193805208    3.015928947   20.606243722   -2.841155386  -54.205885921
    1.256637061    3.015928947   22.246754405   24.076577492  -29.354437160
    1.319468915    3.015928947   23.334984594   24.625572471  -20.854725501
    1.382300768    3.015928947   24.916946366   10.035317381  -13.712633370
    1.445132621    3.015928947   25.206038483    0.823205644   -6.431848784
    1.507964474    3.015928947   26.696071013   -3.443804389   11.316764928
    1.570796327    3.015928947   26.995517214   15.299980773    6.655140620
    1.633628180    3.015928947   28.592138816   34.862457644   -8.020448640
    1.696460033    3.015928947   31.162896268   36.815569412  -20.047021299
    1.759291886    3.015928947   33.254432439   30.119293877  -28.646648233
    1.822123739    3.015928947   35.170118861   35.589608923  -37.668479485
    1.884955592    3.015928947   37.046336860   37.871676149  -52.033323527
    1.947787445    3.015928947   39.318615633   32.171637783  -65.941504443
    2.010619298    3.015928947   41.069773166   26.568385667  -71.393128883
    2.073451151    3.015928947   43.000634904   28.376466366  -66.385541440
    2.136283004    3.015928947   44.673975945   22.247404740  -51.071490381
    2.199114858    3.015928947   45.560422246  -19.183837814  -38.105808905
    2.261946711    3.015928947   43.764923958  -37.057060463  -25.730446283
    2.324778564    3.015928947   41.150433658  -48.515442885  -16.082381468
    2.387610417    3.015928947   38.531648369  -55.298656044   -6.170448844
    2.450442270    3.015928947   35.027097979  -55.475789919   -2.891359896
    2.513274123    3.015928947   31.332866481  -49.975331356    3.155642801
    2.576105976    3.015928947   28.780202159  -30.075337384    0.813683880
    2.638937829    3.015928947   27.613898541   -8.751169423   -6.156612435
    2.701769682    3.015928947   27.434826736   -2.822792900  -17.989732831
    2.764601535    3.015928947   26.935477416  -13.836729136  -22.729513222
    2.827433388    3.015928947   25.616250256  -26.105045322  -23.015998990
    2.890265241    3.015928947   23.642019915  -26.190230317  -26.417977096
    2.953097094    3.015928947   22.725018477   -6.290243928  -31.022366708
    3.015928947    3.015928947   21.618619092  -11.995157714  -16.237050390
    3.078760801    3.015928947   18.320833234  -29.055467775    1.355505874

   -3.141592654    3.078760801   18.600959508   -5.647842792   18.176758227
   -3.078760801    3.078760801   19.138078173    4.180636164   -3.220778415
   -3.015928947    3.078760801   20.247222424   -8.680835475  -20.565801090
   -2.953097094    3.078760801   19.796042082   -8.001913481  -18.073949753
   -2.890265241    3.078760801   19.883905017   -9.511275848  -15.268413373
   -2.827433388    3.078760801   19.063428081  -13.879206057  -13.189419339
   -2.764601535    3.078760801   18.538629408  -16.779535493  -14.983988928
   -2.701769682    3.078760801   18.752340032    2.341254704  -16.655416993
   -2.638937829    3.078760801   19.581403897   20.771125343  -12.582895279
   -2.576105976    3.078760801   22.704677533   19.204540385  -11.096615037
   -2.513274123    3.078760801   24.642286448   12.049357711  -18.656396441
   -2.450442270    3.078760801   26.359308171   10.125182160  -24.598886487
   -2.387610417    3.078760801   26.537800830   -5.643054421  -24.268179463
   -2.324778564    3.078760801   24.297210582  -30.641276093  -23.516190274
   -2.261946711    3.078760801   21.711669432  -31.937089195  -25.873254292
   -2.199114858    3.078760801   20.448890756   -3.114546898  -28.859917869
   -2.136283004    3.078760801   22.465368963   19.720330815  -27.167884360
   -2.073451151    3.078760801   24.254475073   22.419029611  -25.192062168
   -2.010619298    3.078760801   24.206737426   -3.806941825  -14.934181788
   -1.947787445    3.078760801   23.266871817  -18.990870458    0.832537016
   -1.884955592    3.078760801   22.160705705  -13.602442225   10.627274111
   -1.822123739    3.078760801   21.011050128   -4.485466968   14.759373780
   -1.759291886    3.078760801   21.527372009   12.971735838    3.795978131
   -1.696460033    3.078760801   24.378037007   11.425696203  -20.494156455
   -1.633628180    3.078760801   25.329235924   23.347568976  -37.459431177
   -1.570796327    3.078760801   27.021959772   25.873862477  -42.207213556
   -1.507964474    3.078760801   28.450268093   13.770332250  -32.539362977
   -1.445132621    3.078760801   30.003169182   -2.508816372  -27.114217466
   -1.382300768    3.078760801   30.872164636   -2.667214056  -20.050614173
   -1.319468915    3.078760801   30.672203427   -0.290387352  -14.331312743
   -1.256637061    3.078760801   30.699961774    0.442332699  -15.319082993
   -1.193805208    3.078760801   30.662997565    0.563453682  -18.140991447
   -1.130973355    3.078760801   31.140616589    5.313170388  -26.317765104
   -1.068141502    3.078760801   31.827045708   12.233531989  -30.337046551
   -1.005309649    3.078760801   32.836531353   15.216099627  -34.717798298
   -0.942477796    3.078760801   33.867131693   17.277877093  -34.169290145
   -0.879645943    3.078760801   35.130099796   24.765100950  -25.411644657
   -0.816814090    3.078760801   37.224867404   38.496116043   -8.028050808
   -0.753982237    3.078760801   40.043178537   49.545234235    6.460269284
   -0.691150384    3.078760801   43.396303562   57.530929485   19.909290399
   -0.628318531    3.078760801   47.302133773   66.967837181   31.745102656
   -0.565486678    3.078760801   51.830376938   75.881975818   38.740657492
   -0.502654825    3.078760801   56.804388662   71.404983459   38.394659328
   -0.439822972    3.078760801   60.869496270   54.679469132   29.489226636
   -0.376991118    3.078760801   63.586840918   32.017030598   17.248162447
   -0.314159265    3.078760801   65.050125684   14.666285821    7.652314271
   -0.251327412    3.078760801   65.604893664    5.602368380    2.298167193
   -0.188495559    3.078760801   65.802673855    1.154829027   -0.489822332
   -0.125663706    3.078760801   65.799890970   -1.100368485   -1.502486851
   -0.062831853    3.078760801   65.689471877   -2.261566346   -1.750665273
    0.000000000    3.078760801   65.516602498   -3.110203500   -1.904129170
    0.062831853    3.078760801   65.284097660   -4.480409114   -2.550197879
    0.125663706    3.078760801   64.947656763   -6.542965596   -3.668598456
    0.188495559    3.078760801   64.425838216  -10.630561221   -5.322700437
    0.251327412    3.078760801   63.545076573  -17.775918875   -7.039081708
    0.314159265    3.078760801   61.867781875  -31.882671408  -10.247819521
    0.376991118    3.078760801   59.416053651  -46.175116441  -13.817129402
    0.439822972    3.078760801   56.073889055  -59.848131259  -19.080837186
    0.502654825    3.078760801   51.932035600  -71.065317369  -27.062881994
    0.565486678    3.078760801   47.232935966  -77.126239250  -34.475494301
    0.628318531    3.078760801   42.384295946  -75.639586495  -39.840996016
    0.691150384    3.078760801   37.942577781  -64.028832097  -41.230812268
    0.753982237    3.078760801   35.080233330  -55.565298148  -41.666309398
    0.816814090    3.078760801   32.155232486  -38.839598906  -46.310385368
    0.879645943    3.078760801   28.657953743  -39.187289775  -47.857403986
    0.942477796    3.078760801   25.095204089  -47.716445989  -54.480010740
    1.005309649    3.078760801   22.062270906  -47.563832584  -50.223883078
    1.068141502    3.078760801   20.236100282  -41.967162896  -40.997961603
    1.130973355    3.078760801   18.308621038  -15.096096274  -22.310627669
    1.193805208    3.078760801   17.463149455   11.942672133  -17.588045800
    1.256637061    3.078760801   20.062146554   33.191539531  -15.302876854
    1.319468915    3.078760801   21.458095341   29.212929083  -22.432123505
    1.382300768    3.078760801   23.612686790   18.121269606  -24.597297589
    1.445132621    3.078760801   24.711853387   18.004402517  -23.775504468
    1.507964474    3.078760801   27.833553342    8.116472089   -9.561828557
    1.570796327    3.078760801   28.480595315   14.056278300   -9.467134458
    1.633628180    3.078760801   29.645996293   23.546461161  -17.575749556
    1.696460033    3.078760801   31.649303969   26.104585873  -26.389470349
    1.759291886    3.078760801   33.234816923   23.845088244  -31.383384266
    1.822123739    3.078760801   34.665845355   25.371828677  -29.241295353
    1.884955592    3.078760801   35.708067165   22.006958107  -26.955352917
    1.947787445    3.078760801   36.946397893   16.788796515  -29.804249066
    2.010619298    3.078760801   37.939120044   18.436088330  -36.212407215
    2.073451151    3.078760801   39.702539703   32.426898842  -41.115676746
    2.136283004    3.078760801   41.987985352   35.439752332  -36.435444994
    2.199114858    3.078760801   43.417458123   -7.211780866  -33.391084493
    2.261946711    3.078760801   42.288443529  -27.097123286  -26.492208938
    2.324778564    3.078760801   40.311199221  -39.846231178  -19.442289103
    2.387610417    3.078760801   38.609739244  -47.175819143   -4.189927706
    2.450442270    3.078760801   35.612418641  -47.645166294    7.468239039
    2.513274123    3.078760801   32.395045741  -48.723525360   17.393038586
    2.576105976    3.078760801   29.629566192  -37.279165120   14.197990977
    2.638937829    3.078760801   27.859765513  -20.653392876    3.982655791
    2.701769682    3.078760801   26.869886924  -12.642601882   -8.411322539
    2.764601535    3.078760801   26.000320805  -15.371659312  -13.560355208
    2.827433388    3.078760801   24.815491516  -21.164896351   -7.502870320
    2.890265241    3.078760801   23.013740114  -26.389663103    1.789143671
    2.953097094    3.078760801   21.951057916   -6.708106067    2.606821059
    3.015928947    3.078760801   21.453386692    1.377763772    3.827671353
    3.078760801    3.078760801   19.449667172  -18.160749982   19.874548578
