dihedral_deg,actual_rel_e,pred_total_rel_e,pred_short_rel_e,pred_long_rel_e,pred_total_abs_e,pred_short_abs_e,pred_long_abs_e
83.42481930851925,0.0,3.4332275390625e-05,3.337860107421875e-06,3.409385681152344e-05,-2.42161226272583,-3.9029183387756348,1.4813060760498047
83.51375778436027,0.0,3.3855438232421875e-05,3.0994415283203125e-06,3.361701965332031e-05,-2.4216127395629883,-3.902918577194214,1.4813055992126465
83.60271179666562,7.62939453125e-06,3.24249267578125e-05,3.337860107421875e-06,3.2067298889160156e-05,-2.421614170074463,-3.9029183387756348,1.4813040494918823
83.69168218714043,7.62939453125e-06,2.9802322387695312e-05,3.0994415283203125e-06,2.9802322387695312e-05,-2.421616792678833,-3.902918577194214,1.4813017845153809
83.7806685757748,1.52587890625e-05,2.7179718017578125e-05,3.5762786865234375e-06,2.6941299438476562e-05,-2.421619415283203,-3.9029181003570557,1.4812989234924316
83.86967062145865,2.288818359375e-05,2.193450927734375e-05,1.6689300537109375e-06,2.3603439331054688e-05,-2.4216246604919434,-3.9029200077056885,1.4812955856323242
83.95868846283588,3.0517578125e-05,2.0503997802734375e-05,3.5762786865234375e-06,1.990795135498047e-05,-2.421626091003418,-3.9029181003570557,1.4812918901443481
84.04772298530942,3.814697265625e-05,1.6450881958007812e-05,3.337860107421875e-06,1.621246337890625e-05,-2.4216301441192627,-3.9029183387756348,1.481288194656372
84.13677319517468,4.57763671875e-05,1.239776611328125e-05,3.0994415283203125e-06,1.239776611328125e-05,-2.4216341972351074,-3.902918577194214,1.4812843799591064
84.22583938789188,6.103515625e-05,1.0013580322265625e-05,3.814697265625e-06,9.059906005859375e-06,-2.4216365814208984,-3.9029178619384766,1.481281042098999
84.31492104168031,7.62939453125e-05,5.7220458984375e-06,2.86102294921875e-06,5.9604644775390625e-06,-2.4216408729553223,-3.902918815612793,1.4812779426574707
84.40401976759186,9.1552734375e-05,3.337860107421875e-06,3.337860107421875e-06,2.9802322387695312e-06,-2.4216432571411133,-3.9029183387756348,1.481274962425232
84.49313378713768,0.0001068115234375,2.384185791015625e-06,4.0531158447265625e-06,1.1920928955078125e-06,-2.4216442108154297,-3.9029176235198975,1.4812731742858887
84.58226411541654,0.00012969970703125,4.76837158203125e-07,3.337860107421875e-06,2.384185791015625e-07,-2.4216461181640625,-3.9029183387756348,1.4812722206115723
84.67141018739875,0.00014495849609375,0.0,3.0994415283203125e-06,0.0,-2.4216465950012207,-3.902918577194214,1.4812719821929932
84.7605730401581,0.0001678466796875,1.1920928955078125e-06,3.337860107421875e-06,1.1920928955078125e-06,-2.421645402908325,-3.9029183387756348,1.4812731742858887
84.84975158664358,0.00019073486328125,4.0531158447265625e-06,3.337860107421875e-06,3.337860107421875e-06,-2.421642541885376,-3.9029183387756348,1.4812753200531006
84.93894591481094,0.00022125244140625,7.152557373046875e-06,3.337860107421875e-06,7.033348083496094e-06,-2.4216394424438477,-3.9029183387756348,1.4812790155410767
85.02815651639432,0.000244140625,1.2874603271484375e-05,4.0531158447265625e-06,1.2159347534179688e-05,-2.421633720397949,-3.9029176235198975,1.4812841415405273
85.11738348351406,0.000274658203125,1.7642974853515625e-05,1.9073486328125e-06,1.895427703857422e-05,-2.421628952026367,-3.9029197692871094,1.4812909364700317
85.20662642717684,0.00029754638671875,2.7894973754882812e-05,3.814697265625e-06,2.7179718017578125e-05,-2.421618700027466,-3.9029178619384766,1.4812991619110107
85.29588562567267,0.00032806396484375,3.719329833984375e-05,2.86102294921875e-06,3.731250762939453e-05,-2.421609401702881,-3.902918815612793,1.4813092947006226
85.38516046637906,0.0003662109375,4.9114227294921875e-05,3.0994415283203125e-06,4.8995018005371094e-05,-2.421597480773926,-3.902918577194214,1.4813209772109985
85.474452147138,0.000396728515625,6.318092346191406e-05,3.337860107421875e-06,6.270408630371094e-05,-2.421583414077759,-3.9029183387756348,1.4813346862792969
85.56376013482735,0.00043487548828125,7.867813110351562e-05,3.814697265625e-06,7.82012939453125e-05,-2.421567916870117,-3.9029178619384766,1.4813501834869385
85.65308401474994,0.00046539306640625,9.298324584960938e-05,9.5367431640625e-07,9.524822235107422e-05,-2.421553611755371,-3.902920722961426,1.4813672304153442
85.74242342696428,0.0005035400390625,0.00011467933654785156,3.337860107421875e-06,0.00011432170867919922,-2.421531915664673,-3.9029183387756348,1.4813863039016724
85.83177981112837,0.00054931640625,0.00013494491577148438,2.86102294921875e-06,0.00013518333435058594,-2.421511650085449,-3.902918815612793,1.4814071655273438
85.92115219063496,0.00058746337890625,0.0001583099365234375,3.5762786865234375e-06,0.0001577138900756836,-2.4214882850646973,-3.9029181003570557,1.4814296960830688
86.01054076566723,0.00063323974609375,0.0001823902130126953,3.5762786865234375e-06,0.00018215179443359375,-2.421464204788208,-3.9029181003570557,1.4814541339874268
86.09994576594792,0.00067138671875,0.00020837783813476562,3.337860107421875e-06,0.00020825862884521484,-2.421438217163086,-3.9029183387756348,1.4814802408218384
86.18936687088934,0.0007171630859375,0.00023651123046875,3.337860107421875e-06,0.00023627281188964844,-2.421410083770752,-3.9029183387756348,1.4815082550048828
86.27880421018678,0.000762939453125,0.00026607513427734375,3.337860107421875e-06,0.0002658367156982422,-2.4213805198669434,-3.9029183387756348,1.4815378189086914
86.36825808341253,0.00081634521484375,0.0002961158752441406,1.6689300537109375e-06,0.00029754638671875,-2.4213504791259766,-3.9029200077056885,1.481569528579712
86.45772748496354,0.00086212158203125,0.0003311634063720703,3.337860107421875e-06,0.0003306865692138672,-2.4213154315948486,-3.9029183387756348,1.481602668762207
86.54721384798674,0.00091552734375,0.00036644935607910156,3.337860107421875e-06,0.00036597251892089844,-2.4212801456451416,-3.9029183387756348,1.481637954711914
86.63671620321735,0.00096893310546875,0.0004038810729980469,3.814697265625e-06,0.0004031658172607422,-2.4212427139282227,-3.9029178619384766,1.481675148010254
86.72623536283366,0.0010223388671875,0.0004420280456542969,3.337860107421875e-06,0.0004419088363647461,-2.4212045669555664,-3.9029183387756348,1.481713891029358
86.81577031816718,0.00107574462890625,0.0004825592041015625,2.86102294921875e-06,0.00048279762268066406,-2.421164035797119,-3.902918815612793,1.4817547798156738
86.90532138382683,0.00113677978515625,0.00052642822265625,3.337860107421875e-06,0.0005257129669189453,-2.4211201667785645,-3.9029183387756348,1.481797695159912
86.99488928589564,0.00119781494140625,0.000568389892578125,1.6689300537109375e-06,0.0005701780319213867,-2.4210782051086426,-3.9029200077056885,1.4818421602249146
87.08447372071964,0.00125885009765625,0.0006175041198730469,3.814697265625e-06,0.0006167888641357422,-2.4210290908813477,-3.9029178619384766,1.481888771057129
87.17407403086955,0.00131988525390625,0.0006654262542724609,2.86102294921875e-06,0.0006654262542724609,-2.4209811687469482,-3.902918815612793,1.4819374084472656
87.26369094008825,0.00138092041015625,0.0007157325744628906,2.86102294921875e-06,0.000716090202331543,-2.420930862426758,-3.902918815612793,1.4819880723953247
87.35332446086574,0.0014495849609375,0.0007658004760742188,4.76837158203125e-07,0.0007684230804443359,-2.4208807945251465,-3.902921199798584,1.4820404052734375
87.44297353913905,0.0015106201171875,0.0008215904235839844,1.430511474609375e-06,0.0008232593536376953,-2.4208250045776367,-3.9029202461242676,1.4820952415466309
87.53263935021317,0.00157928466796875,0.0008792877197265625,2.6226043701171875e-06,0.0008797645568847656,-2.420767307281494,-3.902919054031372,1.482151746749878
87.62232218940899,0.00164794921875,0.00093841552734375,3.337860107421875e-06,0.0009381771087646484,-2.420708179473877,-3.9029183387756348,1.4822101593017578
87.71202061141386,0.0017242431640625,0.000997304916381836,1.6689300537109375e-06,0.0009989738464355469,-2.420649290084839,-3.9029200077056885,1.4822709560394287
87.8017358754658,0.00179290771484375,0.0010619163513183594,3.337860107421875e-06,0.001061558723449707,-2.4205846786499023,-3.9029183387756348,1.4823335409164429
87.89146759536811,0.00186920166015625,0.0011243820190429688,1.430511474609375e-06,0.0011261701583862305,-2.4205222129821777,-3.9029202461242676,1.4823981523513794
87.98121593962442,0.00194549560546875,0.0011906623840332031,9.5367431640625e-07,0.0011928081512451172,-2.4204559326171875,-3.902920722961426,1.4824647903442383
88.0709802673695,0.00202178955078125,0.0012621879577636719,3.5762786865234375e-06,0.0012617111206054688,-2.420384407043457,-3.9029181003570557,1.4825336933135986
88.16076137677895,0.00209808349609375,0.0013327598571777344,3.337860107421875e-06,0.001332402229309082,-2.420313835144043,-3.9029183387756348,1.4826043844223022
88.25055922171055,0.00217437744140625,0.0014057159423828125,3.814697265625e-06,0.0014052391052246094,-2.420240879058838,-3.9029178619384766,1.4826772212982178
88.34037279266128,0.00225830078125,0.0014777183532714844,9.5367431640625e-07,0.0014798641204833984,-2.420168876647949,-3.902920722961426,1.4827518463134766
88.4302039008761,0.00234222412109375,0.0015552043914794922,1.9073486328125e-06,0.0015566349029541016,-2.420091390609741,-3.9029197692871094,1.4828286170959473
88.52005050038919,0.0024261474609375,0.0016355514526367188,3.0994415283203125e-06,0.0016355514526367188,-2.420011043548584,-3.902918577194214,1.4829075336456299
88.60991359863145,0.00251007080078125,0.0017142295837402344,1.430511474609375e-06,0.0017161369323730469,-2.4199323654174805,-3.9029202461242676,1.4829881191253662
88.69979363419051,0.00260162353515625,0.0017974376678466797,1.9073486328125e-06,0.0017989873886108398,-2.419849157333374,-3.9029197692871094,1.483070969581604
88.78968990377467,0.002685546875,0.0018839836120605469,3.337860107421875e-06,0.0018836259841918945,-2.41976261138916,-3.9029183387756348,1.483155608177185
88.8796033287927,0.002777099609375,0.001970529556274414,3.5762786865234375e-06,0.001970052719116211,-2.4196760654449463,-3.9029181003570557,1.4832420349121094
88.96953275896666,0.00286865234375,0.002058744430541992,3.337860107421875e-06,0.0020586252212524414,-2.4195878505706787,-3.9029183387756348,1.4833306074142456
89.05947955694963,0.00296783447265625,0.002149820327758789,3.814697265625e-06,0.0021491050720214844,-2.419496774673462,-3.9029178619384766,1.4834210872650146
89.14944189947121,0.00305938720703125,0.0022416114807128906,3.0994415283203125e-06,0.00224149227142334,-2.419404983520508,-3.902918577194214,1.4835134744644165
89.2394207722157,0.0031585693359375,0.0023360252380371094,3.0994415283203125e-06,0.002335786819458008,-2.4193105697631836,-3.902918577194214,1.4836077690124512
89.32941703099902,0.0032501220703125,0.002432107925415039,3.337860107421875e-06,0.0024317502975463867,-2.4192144870758057,-3.9029183387756348,1.4837037324905396
89.41942918122685,0.00334930419921875,0.002529144287109375,2.6226043701171875e-06,0.002529740333557129,-2.4191174507141113,-3.902919054031372,1.4838017225265503
89.50945793462812,0.00345611572265625,0.0026302337646484375,3.5762786865234375e-06,0.002629518508911133,-2.4190163612365723,-3.9029181003570557,1.4839015007019043
89.5995045071832,0.0035552978515625,0.0027294158935546875,1.430511474609375e-06,0.0027313232421875,-2.418917179107666,-3.9029202461242676,1.4840033054351807
89.6895664865781,0.003662109375,0.002834320068359375,2.86102294921875e-06,0.0028344392776489258,-2.4188122749328613,-3.902918815612793,1.484106421470642
89.7796457013167,0.00376129150390625,0.002937793731689453,1.1920928955078125e-06,0.0029397010803222656,-2.4187088012695312,-3.9029204845428467,1.4842116832733154
89.86974069453213,0.00386810302734375,0.0030469894409179688,3.337860107421875e-06,0.0030465126037597656,-2.4185996055603027,-3.9029183387756348,1.484318494796753
89.95985336514231,0.0039825439453125,0.003155231475830078,3.0994415283203125e-06,0.0031554698944091797,-2.4184913635253906,-3.902918577194214,1.4844274520874023
90.04998219628196,0.00408935546875,0.003265380859375,2.86102294921875e-06,0.0032657384872436523,-2.4183812141418457,-3.902918815612793,1.4845377206802368
90.14012740393653,0.00420379638671875,0.0033788681030273438,4.0531158447265625e-06,0.0033779144287109375,-2.4182677268981934,-3.9029176235198975,1.484649896621704
90.2302898450931,0.00431060791015625,0.0034902095794677734,1.6689300537109375e-06,0.003491640090942383,-2.418156385421753,-3.9029200077056885,1.4847636222839355
90.32046795678414,0.004425048828125,0.0036072731018066406,2.86102294921875e-06,0.0036072731018066406,-2.418039321899414,-3.902918815612793,1.4848792552947998
90.41066424742941,0.00453948974609375,0.0037245750427246094,3.0994415283203125e-06,0.0037244558334350586,-2.417922019958496,-3.902918577194214,1.4849964380264282
90.50087666685502,0.00466156005859375,0.0038433074951171875,2.86102294921875e-06,0.0038433074951171875,-2.4178032875061035,-3.902918815612793,1.4851152896881104
90.59110539162829,0.0047760009765625,0.003964424133300781,3.5762786865234375e-06,0.0039637088775634766,-2.41768217086792,-3.9029181003570557,1.4852356910705566
90.68135069203015,0.0048980712890625,0.00408625602722168,3.337860107421875e-06,0.004085898399353027,-2.417560338973999,-3.9029183387756348,1.4853578805923462
90.7716132682175,0.0050201416015625,0.004209995269775391,3.337860107421875e-06,0.0042095184326171875,-2.4174365997314453,-3.9029183387756348,1.4854815006256104
90.86189225919249,0.0051422119140625,0.00433349609375,1.6689300537109375e-06,0.004334926605224609,-2.4173130989074707,-3.9029200077056885,1.4856069087982178
90.95218849007499,0.0052642822265625,0.004462718963623047,3.814697265625e-06,0.004461765289306641,-2.4171838760375977,-3.9029178619384766,1.4857337474822998
91.04250096352902,0.00539398193359375,0.0045871734619140625,0.0,0.004590272903442383,-2.4170594215393066,-3.902921676635742,1.4858622550964355
91.1328304321751,0.005523681640625,0.004720211029052734,3.0994415283203125e-06,0.004720211029052734,-2.416926383972168,-3.902918577194214,1.485992193222046
91.22317668456353,0.00565338134765625,0.004851341247558594,2.86102294921875e-06,0.004851579666137695,-2.416795253753662,-3.902918815612793,1.4861235618591309
91.31353916680497,0.0057830810546875,0.004984855651855469,3.337860107421875e-06,0.004984498023986816,-2.4166617393493652,-3.9029183387756348,1.48625648021698
91.40391880105331,0.00591278076171875,0.005118846893310547,2.6226043701171875e-06,0.005118966102600098,-2.41652774810791,-3.902919054031372,1.4863909482955933
91.49431521518659,0.00605010986328125,0.005255222320556641,3.0994415283203125e-06,0.005254983901977539,-2.416391372680664,-3.902918577194214,1.4865269660949707
91.5847286480647,0.0061798095703125,0.005392313003540039,3.0994415283203125e-06,0.005392313003540039,-2.4162542819976807,-3.902918577194214,1.4866642951965332
91.67515857975928,0.006317138671875,0.005531787872314453,3.814697265625e-06,0.0055310726165771484,-2.4161148071289062,-3.9029178619384766,1.4868030548095703
91.7656048485433,0.0064544677734375,0.005671024322509766,2.86102294921875e-06,0.005671262741088867,-2.415975570678711,-3.902918815612793,1.486943244934082
91.85606936245608,0.00659942626953125,0.005811214447021484,1.430511474609375e-06,0.005812883377075195,-2.415835380554199,-3.9029202461242676,1.4870848655700684
91.94654929161523,0.00673675537109375,0.0059566497802734375,3.5762786865234375e-06,0.005956053733825684,-2.4156899452209473,-3.9029181003570557,1.4872280359268188
92.03704740592832,0.0068817138671875,0.006099224090576172,1.9073486328125e-06,0.00610041618347168,-2.4155473709106445,-3.9029197692871094,1.4873723983764648
92.12756136644497,0.00702667236328125,0.0062444210052490234,1.1920928955078125e-06,0.006246328353881836,-2.4154021739959717,-3.9029204845428467,1.487518310546875
92.21809276492861,0.007171630859375,0.006394386291503906,3.814697265625e-06,0.006393790245056152,-2.415252208709717,-3.9029178619384766,1.4876657724380493
92.3086399645864,0.00731658935546875,0.00654292106628418,3.5762786865234375e-06,0.006542205810546875,-2.4151036739349365,-3.9029181003570557,1.48781418800354
92.39920431914588,0.0074615478515625,0.006693363189697266,4.291534423828125e-06,0.006692409515380859,-2.4149532318115234,-3.9029173851013184,1.487964391708374
92.48978669641859,0.0076141357421875,0.006841897964477539,1.430511474609375e-06,0.006843686103820801,-2.414804697036743,-3.9029202461242676,1.488115668296814
92.58038494277602,0.0077667236328125,0.006997585296630859,3.814697265625e-06,0.006996631622314453,-2.41464900970459,-3.9029178619384766,1.4882686138153076
92.67099991618987,0.0079193115234375,0.00714874267578125,1.430511474609375e-06,0.007150530815124512,-2.4144978523254395,-3.9029202461242676,1.4884225130081177
92.76163234847048,0.0080718994140625,0.007306337356567383,3.814697265625e-06,0.0073059797286987305,-2.4143402576446533,-3.9029178619384766,1.488577961921692
92.85228189570327,0.00823211669921875,0.007460832595825195,1.430511474609375e-06,0.007462739944458008,-2.4141857624053955,-3.9029202461242676,1.4887347221374512
92.94294758330902,0.00838470458984375,0.007619380950927734,1.430511474609375e-06,0.007621049880981445,-2.414027214050293,-3.9029202461242676,1.4888930320739746
93.0336309347201,0.008544921875,0.007780551910400391,3.0994415283203125e-06,0.007780551910400391,-2.4138660430908203,-3.902918577194214,1.4890525341033936
93.12433084239541,0.00870513916015625,0.007941722869873047,3.5762786865234375e-06,0.007941365242004395,-2.4137048721313477,-3.9029181003570557,1.4892133474349976
93.21504811238428,0.0088653564453125,0.008104562759399414,4.0531158447265625e-06,0.008103609085083008,-2.4135420322418213,-3.9029176235198975,1.4893755912780762
93.30578127932871,0.009033203125,0.008267402648925781,3.337860107421875e-06,0.00826716423034668,-2.413379192352295,-3.9029183387756348,1.4895391464233398
93.39653237847597,0.0092010498046875,0.008430242538452148,1.1920928955078125e-06,0.008432149887084961,-2.4132163524627686,-3.9029204845428467,1.4897041320800781
93.48729966239931,0.00936126708984375,0.008599042892456055,3.814697265625e-06,0.008598566055297852,-2.4130475521087646,-3.9029178619384766,1.489870548248291
93.57808416353274,0.00952911376953125,0.008766412734985352,3.337860107421875e-06,0.00876617431640625,-2.4128801822662354,-3.9029183387756348,1.4900381565093994
93.66888600778982,0.00970458984375,0.00893545150756836,2.86102294921875e-06,0.008935213088989258,-2.4127111434936523,-3.902918815612793,1.4902071952819824
93.7597048458983,0.0098724365234375,0.009105443954467773,2.86102294921875e-06,0.009105682373046875,-2.412541151046753,-3.902918815612793,1.49037766456604
93.85053954686948,0.010040283203125,0.009278297424316406,3.814697265625e-06,0.009277582168579102,-2.4123682975769043,-3.9029178619384766,1.4905495643615723
93.94139302750551,0.01021575927734375,0.009450912475585938,3.337860107421875e-06,0.009450793266296387,-2.4121956825256348,-3.9029183387756348,1.4907227754592896
94.03226159287894,0.0103912353515625,0.00962376594543457,1.430511474609375e-06,0.009625434875488281,-2.412022829055786,-3.9029202461242676,1.4908974170684814
94.12314941071769,0.0105743408203125,0.009801864624023438,3.337860107421875e-06,0.009801626205444336,-2.4118447303771973,-3.9029183387756348,1.4910736083984375
94.21405277307372,0.01074981689453125,0.00997781753540039,1.9073486328125e-06,0.00997912883758545,-2.4116687774658203,-3.9029197692871094,1.4912511110305786
94.30497264542018,0.01092529296875,0.010155916213989258,9.5367431640625e-07,0.010158061981201172,-2.4114906787872314,-3.902920722961426,1.4914300441741943
94.39591049632742,0.0111083984375,0.01033926010131836,3.814697265625e-06,0.010338544845581055,-2.4113073348999023,-3.9029178619384766,1.4916105270385742
94.48686531985976,0.01129150390625,0.010518550872802734,1.430511474609375e-06,0.010520458221435547,-2.411128044128418,-3.9029202461242676,1.4917924404144287
94.577836597816,0.011474609375,0.010704994201660156,4.291534423828125e-06,0.01070404052734375,-2.4109416007995605,-3.9029173851013184,1.491976022720337
94.66882544888699,0.01166534423828125,0.010886669158935547,1.1920928955078125e-06,0.01088869571685791,-2.410759925842285,-3.9029204845428467,1.492160677909851
94.75983196295866,0.01184844970703125,0.011075735092163086,3.5762786865234375e-06,0.011075377464294434,-2.4105708599090576,-3.9029181003570557,1.4923473596572876
94.85085376636317,0.0120391845703125,0.011263370513916016,3.5762786865234375e-06,0.011263012886047363,-2.4103832244873047,-3.9029181003570557,1.4925349950790405
94.94189372189591,0.01222991943359375,0.011450767517089844,1.430511474609375e-06,0.011452436447143555,-2.410195827484131,-3.9029202461242676,1.4927244186401367
95.03295062189808,0.012420654296875,0.011643409729003906,3.337860107421875e-06,0.011643409729003906,-2.410003185272217,-3.9029183387756348,1.492915391921997
95.12402521442483,0.01261138916015625,0.011833667755126953,9.5367431640625e-07,0.011835694313049316,-2.4098129272460938,-3.902920722961426,1.4931076765060425
95.21511583861096,0.01280975341796875,0.012030363082885742,3.814697265625e-06,0.012029886245727539,-2.409616231918335,-3.9029178619384766,1.4933018684387207
95.30622370237792,0.01300811767578125,0.012223958969116211,1.6689300537109375e-06,0.01222538948059082,-2.4094226360321045,-3.9029200077056885,1.493497371673584
95.39734892542678,0.01320648193359375,0.012422800064086914,3.0994415283203125e-06,0.012422680854797363,-2.409223794937134,-3.902918577194214,1.4936946630477905
95.48849192222606,0.01340484619140625,0.012619495391845703,1.430511474609375e-06,0.012621402740478516,-2.409027099609375,-3.9029202461242676,1.4938933849334717
95.57965074682413,0.01360321044921875,0.012819290161132812,7.152557373046875e-07,0.012821793556213379,-2.408827304840088,-3.902920961380005,1.4940937757492065
95.67082644347988,0.01380157470703125,0.013024091720581055,3.337860107421875e-06,0.013023853302001953,-2.4086225032806396,-3.9029183387756348,1.4942958354949951
95.76202055746293,0.014007568359375,0.013225555419921875,1.6689300537109375e-06,0.013227224349975586,-2.408421039581299,-3.9029200077056885,1.4944992065429688
95.85323201229086,0.01421356201171875,0.013430118560791016,9.5367431640625e-07,0.013432502746582031,-2.4082164764404297,-3.902920722961426,1.4947044849395752
95.94445966279953,0.0144195556640625,0.013639450073242188,3.0994415283203125e-06,0.013639450073242188,-2.4080071449279785,-3.902918577194214,1.4949114322662354
96.03570449562505,0.01462554931640625,0.013848543167114258,3.5762786865234375e-06,0.013847827911376953,-2.4077980518341064,-3.9029181003570557,1.4951198101043701
96.12696674097953,0.01483917236328125,0.014058113098144531,2.86102294921875e-06,0.014058232307434082,-2.407588481903076,-3.902918815612793,1.4953302145004272
96.21824612096276,0.01505279541015625,0.01426839828491211,1.430511474609375e-06,0.01426994800567627,-2.4073781967163086,-3.9029202461242676,1.4955419301986694
96.30954236391567,0.01526641845703125,0.014483213424682617,2.6226043701171875e-06,0.01448369026184082,-2.407163381576538,-3.902919054031372,1.495755672454834
96.40085697214289,0.01548004150390625,0.014698982238769531,3.5762786865234375e-06,0.014698505401611328,-2.406947612762451,-3.9029181003570557,1.4959704875946045
96.49218704128,0.01569366455078125,0.014915943145751953,3.337860107421875e-06,0.01491546630859375,-2.4067306518554688,-3.9029183387756348,1.496187448501587
96.58353486566557,0.01590728759765625,0.015134334564208984,3.337860107421875e-06,0.015134096145629883,-2.4065122604370117,-3.9029183387756348,1.496406078338623
96.67489996539835,0.0161285400390625,0.015354156494140625,2.86102294921875e-06,0.015354156494140625,-2.40629243850708,-3.902918815612793,1.4966261386871338
96.76628286780644,0.01634979248046875,0.015576839447021484,3.814697265625e-06,0.01557612419128418,-2.406069755554199,-3.9029178619384766,1.4968481063842773
96.85768166304943,0.016571044921875,0.015799522399902344,2.86102294921875e-06,0.015799760818481445,-2.4058470726013184,-3.902918815612793,1.4970717430114746
96.94909886204375,0.01679229736328125,0.016025066375732422,3.337860107421875e-06,0.01602482795715332,-2.4056215286254883,-3.9029183387756348,1.4972968101501465
97.04053271286408,0.01702117919921875,0.016252517700195312,3.5762786865234375e-06,0.01625192165374756,-2.4053940773010254,-3.9029181003570557,1.4975239038467407
97.13198329393187,0.017242431640625,0.0164794921875,1.9073486328125e-06,0.016480445861816406,-2.4051671028137207,-3.9029197692871094,1.4977524280548096
97.22345222110093,0.0174713134765625,0.01671123504638672,3.5762786865234375e-06,0.016710996627807617,-2.404935359954834,-3.9029181003570557,1.4979829788208008
97.31493678519621,0.0177001953125,0.016942977905273438,3.337860107421875e-06,0.016942739486694336,-2.4047036170959473,-3.9029183387756348,1.4982147216796875
97.4064404800513,0.0179290771484375,0.01717662811279297,3.337860107421875e-06,0.017176508903503418,-2.4044699668884277,-3.9029183387756348,1.4984484910964966
97.49795937302608,0.01816558837890625,0.017412185668945312,3.814697265625e-06,0.01741158962249756,-2.4042344093322754,-3.9029178619384766,1.4986835718154907
97.5894965832244,0.01839447021484375,0.017646312713623047,9.5367431640625e-07,0.01764845848083496,-2.4040002822875977,-3.902920722961426,1.4989204406738281
97.68105083404771,0.0186309814453125,0.017887115478515625,3.337860107421875e-06,0.017886638641357422,-2.403759479522705,-3.9029183387756348,1.4991586208343506
97.77262378348217,0.01886749267578125,0.018125057220458984,1.430511474609375e-06,0.018126726150512695,-2.4035215377807617,-3.9029202461242676,1.4993987083435059
97.86421143449239,0.01910400390625,0.01836872100830078,3.0994415283203125e-06,0.01836848258972168,-2.40327787399292,-3.902918577194214,1.4996404647827148
97.95581789324174,0.01934814453125,0.018610477447509766,1.9073486328125e-06,0.018611788749694824,-2.403036117553711,-3.9029197692871094,1.499883770942688
98.04744155027873,0.01958465576171875,0.01885700225830078,3.5762786865234375e-06,0.018856525421142578,-2.40278959274292,-3.9029181003570557,1.5001285076141357
98.13908136159657,0.01982879638671875,0.019102096557617188,2.384185791015625e-06,0.01910269260406494,-2.4025444984436035,-3.902919292449951,1.500374674797058
98.23073966317241,0.02007293701171875,0.01935100555419922,3.814697265625e-06,0.019350528717041016,-2.4022955894470215,-3.9029178619384766,1.5006225109100342
98.32241457941475,0.02031707763671875,0.019597530364990234,9.5367431640625e-07,0.01959967613220215,-2.4020490646362305,-3.902920722961426,1.5008716583251953
98.41410683829795,0.02056884765625,0.01984882354736328,1.430511474609375e-06,0.019850492477416992,-2.4017977714538574,-3.9029202461242676,1.5011224746704102
98.50581656704769,0.02081298828125,0.020101070404052734,1.430511474609375e-06,0.020102858543395996,-2.401545524597168,-3.9029202461242676,1.5013748407363892
98.5975438647002,0.02106475830078125,0.020357131958007812,3.814697265625e-06,0.02035665512084961,-2.401289463043213,-3.9029178619384766,1.5016286373138428
98.68928691482517,0.0213165283203125,0.020612239837646484,3.337860107421875e-06,0.02061176300048828,-2.401034355163574,-3.9029183387756348,1.5018837451934814
98.7810479632115,0.02156829833984375,0.020868539810180664,3.0994415283203125e-06,0.020868539810180664,-2.40077805519104,-3.902918577194214,1.5021405220031738
98.87282785960845,0.02182769775390625,0.021123886108398438,7.152557373046875e-07,0.021126508712768555,-2.4005227088928223,-3.902920961380005,1.5023984909057617
98.96462378125432,0.0220794677734375,0.021386146545410156,3.0994415283203125e-06,0.021386265754699707,-2.4002604484558105,-3.902918577194214,1.5026582479476929
99.05643717654881,0.0223388671875,0.021645069122314453,9.5367431640625e-07,0.021647334098815918,-2.4000015258789062,-3.902920722961426,1.502919316291809
99.14826810748295,0.0225982666015625,0.021909713745117188,2.86102294921875e-06,0.021909713745117188,-2.3997368812561035,-3.902918815612793,1.5031816959381104
99.24011592092486,0.022857666015625,0.022173404693603516,3.337860107421875e-06,0.022173404693603516,-2.399473190307617,-3.9029183387756348,1.5034453868865967
99.33198112055175,0.0231170654296875,0.022436857223510742,9.5367431640625e-07,0.022438764572143555,-2.39920973777771,-3.902920722961426,1.5037107467651367
99.42386304396547,0.02338409423828125,0.022705554962158203,3.337860107421875e-06,0.0227053165435791,-2.3989410400390625,-3.9029183387756348,1.5039772987365723
99.51576238669347,0.02364349365234375,0.022973060607910156,3.0994415283203125e-06,0.022973299026489258,-2.3986735343933105,-3.902918577194214,1.5042452812194824
99.60767981820403,0.0239105224609375,0.023242950439453125,3.337860107421875e-06,0.023242831230163574,-2.3984036445617676,-3.9029183387756348,1.5045148134231567
99.69961386791954,0.02417755126953125,0.023511886596679688,1.430511474609375e-06,0.02351367473602295,-2.398134708404541,-3.9029202461242676,1.5047856569290161
99.79156665262376,0.02445220947265625,0.023784399032592773,1.430511474609375e-06,0.023785829544067383,-2.397862195968628,-3.9029202461242676,1.5050578117370605
99.8835366933123,0.02471923828125,0.02406024932861328,3.5762786865234375e-06,0.024059772491455078,-2.3975863456726074,-3.9029181003570557,1.5053317546844482
99.97552331117181,0.024993896484375,0.024335384368896484,3.814697265625e-06,0.02433478832244873,-2.397311210632324,-3.9029178619384766,1.505606770515442
100.0675264217745,0.0252685546875,0.024610280990600586,1.9073486328125e-06,0.024611353874206543,-2.39703631401062,-3.9029197692871094,1.5058833360671997
100.15954901774789,0.025543212890625,0.024887561798095703,1.430511474609375e-06,0.024889469146728516,-2.396759033203125,-3.9029202461242676,1.5061614513397217
100.25158734439182,0.02581787109375,0.025166749954223633,1.430511474609375e-06,0.025168538093566895,-2.396479845046997,-3.9029202461242676,1.50644052028656
100.34364162715126,0.02610015869140625,0.025447368621826172,1.1920928955078125e-06,0.025449275970458984,-2.3961992263793945,-3.9029204845428467,1.5067212581634521
100.43571487340412,0.02637481689453125,0.025732040405273438,3.337860107421875e-06,0.025731682777404785,-2.3959145545959473,-3.9029183387756348,1.507003664970398
100.52780671301376,0.0266571044921875,0.026015281677246094,3.0994415283203125e-06,0.026015281677246094,-2.3956313133239746,-3.902918577194214,1.5072872638702393
100.61991459495923,0.02693939208984375,0.026298046112060547,9.5367431640625e-07,0.026300430297851562,-2.39534854888916,-3.902920722961426,1.5075724124908447
100.71203996318407,0.02722930908203125,0.026585102081298828,1.1920928955078125e-06,0.02658700942993164,-2.395061492919922,-3.9029204845428467,1.5078589916229248
100.80418284837315,0.0275115966796875,0.026874065399169922,1.9073486328125e-06,0.02687525749206543,-2.394772529602051,-3.9029197692871094,1.5081472396850586
100.89634362677123,0.027801513671875,0.027164936065673828,3.337860107421875e-06,0.027164697647094727,-2.394481658935547,-3.9029183387756348,1.508436679840088
100.98852075440725,0.0280914306640625,0.02745509147644043,2.86102294921875e-06,0.027455568313598633,-2.3941915035247803,-3.902918815612793,1.5087275505065918
101.08071486900313,0.02838134765625,0.027745723724365234,7.152557373046875e-07,0.0277479887008667,-2.3939008712768555,-3.902920961380005,1.5090199708938599
101.17292677940272,0.0286712646484375,0.02804279327392578,3.814697265625e-06,0.028041839599609375,-2.393603801727295,-3.9029178619384766,1.5093138217926025
101.26515633710324,0.028961181640625,0.028337478637695312,3.337860107421875e-06,0.028337478637695312,-2.3933091163635254,-3.9029183387756348,1.5096094608306885
101.35740316201661,0.02925872802734375,0.028632164001464844,9.5367431640625e-07,0.028634309768676758,-2.393014430999756,-3.902920722961426,1.50990629196167
101.44966728037626,0.0295562744140625,0.028932571411132812,2.6226043701171875e-06,0.028932809829711914,-2.392714023590088,-3.902919054031372,1.510204792022705
101.54194912255652,0.02985382080078125,0.029233694076538086,3.814697265625e-06,0.02923274040222168,-2.3924129009246826,-3.9029178619384766,1.5105047225952148
101.63424932998372,0.0301513671875,0.029532432556152344,9.5367431640625e-07,0.029534220695495605,-2.3921141624450684,-3.902920722961426,1.5108062028884888
101.72656590593544,0.03044891357421875,0.029835224151611328,9.5367431640625e-07,0.02983713150024414,-2.3918113708496094,-3.902920722961426,1.5111091136932373
101.81890089965728,0.03075408935546875,0.030142545700073242,3.814697265625e-06,0.030141592025756836,-2.3915040493011475,-3.9029178619384766,1.51141357421875
101.91125130235305,0.03105926513671875,0.030446529388427734,1.6689300537109375e-06,0.030447840690612793,-2.391200065612793,-3.9029200077056885,1.511719822883606
102.00361936822931,0.03136444091796875,0.030755996704101562,3.5762786865234375e-06,0.03075551986694336,-2.390890598297119,-3.9029181003570557,1.5120275020599365
102.09600572424351,0.03166961669921875,0.031064987182617188,3.337860107421875e-06,0.031064748764038086,-2.3905816078186035,-3.9029183387756348,1.5123367309570312
102.18841024835527,0.03197479248046875,0.03137516975402832,2.86102294921875e-06,0.03137540817260742,-2.3902714252471924,-3.902918815612793,1.5126473903656006
102.28083105612534,0.03228759765625,0.03168773651123047,2.86102294921875e-06,0.03168785572052002,-2.3899588584899902,-3.902918815612793,1.5129598379135132
102.37326929449843,0.03260040283203125,0.03200197219848633,3.337860107421875e-06,0.03200185298919678,-2.3896446228027344,-3.9029183387756348,1.51327383518219
102.4657248687349,0.0329132080078125,0.032317399978637695,3.337860107421875e-06,0.032317280769348145,-2.389329195022583,-3.9029183387756348,1.5135892629623413
102.55819856158723,0.03322601318359375,0.032634735107421875,3.5762786865234375e-06,0.032634615898132324,-2.389011859893799,-3.9029181003570557,1.5139065980911255
102.65068801145294,0.033538818359375,0.032953739166259766,3.814697265625e-06,0.03295314311981201,-2.388692855834961,-3.9029178619384766,1.5142251253128052
102.74319787046251,0.0338592529296875,0.03327131271362305,1.1920928955078125e-06,0.03327345848083496,-2.3883752822875977,-3.9029204845428467,1.5145454406738281
102.83572212144928,0.0341796875,0.03359580039978027,3.337860107421875e-06,0.03359532356262207,-2.3880507946014404,-3.9029183387756348,1.5148673057556152
102.92826725875223,0.0345001220703125,0.033919334411621094,3.5762786865234375e-06,0.03391885757446289,-2.3877272605895996,-3.9029181003570557,1.515190839767456
103.02082745654026,0.034820556640625,0.03424429893493652,3.5762786865234375e-06,0.03424406051635742,-2.387402296066284,-3.9029181003570557,1.5155160427093506
103.11340364375118,0.0351409912109375,0.03456878662109375,1.1920928955078125e-06,0.03457069396972656,-2.387077808380127,-3.9029204845428467,1.5158426761627197
103.20600071561911,0.03546905517578125,0.0348973274230957,1.430511474609375e-06,0.034898996353149414,-2.386749267578125,-3.9029202461242676,1.5161709785461426
103.29861088416042,0.03578948974609375,0.035228729248046875,3.0994415283203125e-06,0.035228729248046875,-2.386417865753174,-3.902918577194214,1.51650071144104
103.3912419207681,0.0361175537109375,0.03555870056152344,1.6689300537109375e-06,0.03556036949157715,-2.3860878944396973,-3.9029200077056885,1.5168323516845703
103.48388854017847,0.03644561767578125,0.03589320182800293,3.0994415283203125e-06,0.03589332103729248,-2.3857533931732178,-3.902918577194214,1.5171653032302856
103.57655471377818,0.03678131103515625,0.03622841835021973,3.814697265625e-06,0.036228060722351074,-2.385418176651001,-3.9029178619384766,1.5175000429153442
103.66923668526023,0.037109375,0.036563873291015625,2.86102294921875e-06,0.03656423091888428,-2.385082721710205,-3.902918815612793,1.5178362131118774
103.76193709971255,0.037445068359375,0.036902427673339844,3.5762786865234375e-06,0.03690207004547119,-2.384744167327881,-3.9029181003570557,1.5181740522384644
103.85465399889468,0.03778076171875,0.03724169731140137,3.337860107421875e-06,0.037241458892822266,-2.3844048976898193,-3.9029183387756348,1.5185134410858154
103.9473879966833,0.038116455078125,0.037583351135253906,3.814697265625e-06,0.0375826358795166,-2.384063243865967,-3.9029178619384766,1.5188546180725098
104.04014030364705,0.0384521484375,0.037923336029052734,1.430511474609375e-06,0.037925004959106445,-2.383723258972168,-3.9029202461242676,1.5191969871520996
104.13291083232323,0.03879547119140625,0.0382695198059082,3.814697265625e-06,0.0382688045501709,-2.3833770751953125,-3.9029178619384766,1.519540786743164
104.22569869794333,0.0391387939453125,0.038614511489868164,3.337860107421875e-06,0.03861439228057861,-2.3830320835113525,-3.9029183387756348,1.5198863744735718
104.31850219815017,0.0394744873046875,0.03895998001098633,1.430511474609375e-06,0.03896164894104004,-2.3826866149902344,-3.9029202461242676,1.5202336311340332
104.41132377270638,0.039825439453125,0.03930854797363281,1.430511474609375e-06,0.03931021690368652,-2.382338047027588,-3.9029202461242676,1.5205821990966797
104.50416384917911,0.04016876220703125,0.039658546447753906,1.1920928955078125e-06,0.03966045379638672,-2.381988048553467,-3.9029204845428467,1.5209324359893799
104.59702101827536,0.0405120849609375,0.04001021385192871,1.1920928955078125e-06,0.04001188278198242,-2.381636381149292,-3.9029204845428467,1.5212838649749756
104.68989631826422,0.040863037109375,0.04036521911621094,3.337860107421875e-06,0.04036509990692139,-2.3812813758850098,-3.9029183387756348,1.5216370820999146
104.78278700262108,0.0412139892578125,0.04071950912475586,3.0994415283203125e-06,0.04071962833404541,-2.380927085876465,-3.902918577194214,1.5219916105270386
104.87569771939312,0.04156494140625,0.0410761833190918,3.5762786865234375e-06,0.04107558727264404,-2.380570411682129,-3.9029181003570557,1.5223475694656372
104.9686236811568,0.0419158935546875,0.04143333435058594,3.337860107421875e-06,0.041433095932006836,-2.3802132606506348,-3.9029183387756348,1.522705078125
105.06156810979522,0.04227447509765625,0.041790008544921875,1.430511474609375e-06,0.041791677474975586,-2.379856586456299,-3.9029202461242676,1.5230636596679688
105.15452979514696,0.04262542724609375,0.04214978218078613,7.152557373046875e-07,0.04215192794799805,-2.3794968128204346,-3.902920961380005,1.5234239101409912
105.24750740792831,0.0429840087890625,0.042511940002441406,1.1920928955078125e-06,0.04251360893249512,-2.3791346549987793,-3.9029204845428467,1.5237855911254883
105.34050502333402,0.04334259033203125,0.0428767204284668,3.337860107421875e-06,0.042876482009887695,-2.378769874572754,-3.9029183387756348,1.5241484642028809
105.4335196251626,0.043701171875,0.04324078559875488,2.86102294921875e-06,0.04324078559875488,-2.378405809402466,-3.902918815612793,1.524512767791748
105.52655147251244,0.0440673828125,0.04360651969909668,3.0994415283203125e-06,0.04360663890838623,-2.378040075302124,-3.902918577194214,1.5248786211013794
105.61960111846179,0.04442596435546875,0.04397153854370117,9.5367431640625e-07,0.043973445892333984,-2.3776750564575195,-3.902920722961426,1.5252454280853271
105.7126666480084,0.04479217529296875,0.04434013366699219,1.430511474609375e-06,0.0443415641784668,-2.3773064613342285,-3.9029202461242676,1.52561354637146
105.80575067272201,0.04515838623046875,0.04470968246459961,1.1920928955078125e-06,0.04471147060394287,-2.376936912536621,-3.9029204845428467,1.525983452796936
105.89885253148285,0.04552459716796875,0.04508066177368164,1.430511474609375e-06,0.04508233070373535,-2.376565933227539,-3.9029202461242676,1.5263543128967285
105.99196981209553,0.0458984375,0.0454559326171875,3.814697265625e-06,0.045455217361450195,-2.376190662384033,-3.9029178619384766,1.5267271995544434
106.08510514207643,0.0462646484375,0.04583120346069336,2.86102294921875e-06,0.04583120346069336,-2.3758153915405273,-3.902918815612793,1.5271031856536865
106.17826164821054,0.04663848876953125,0.04620862007141113,3.337860107421875e-06,0.04620838165283203,-2.3754379749298096,-3.9029183387756348,1.5274803638458252
106.27143221173229,0.0470123291015625,0.0465853214263916,1.430511474609375e-06,0.04658699035644531,-2.375061273574829,-3.9029202461242676,1.5278589725494385
106.3646205160007,0.04738616943359375,0.0469670295715332,3.0994415283203125e-06,0.0469667911529541,-2.3746795654296875,-3.902918577194214,1.5282387733459473
106.4578266263334,0.04776763916015625,0.0473484992980957,3.5762786865234375e-06,0.0473482608795166,-2.374298095703125,-3.9029181003570557,1.5286202430725098
106.55104915737742,0.0481414794921875,0.047730445861816406,2.86102294921875e-06,0.04773080348968506,-2.3739161491394043,-3.902918815612793,1.5290027856826782
106.64429174292806,0.04852294921875,0.048114776611328125,3.337860107421875e-06,0.048114776611328125,-2.3735318183898926,-3.9029183387756348,1.5293867588043213
106.7375497779459,0.0489044189453125,0.04849863052368164,1.6689300537109375e-06,0.04850006103515625,-2.373147964477539,-3.9029200077056885,1.5297720432281494
106.8308246455641,0.049285888671875,0.048886775970458984,2.86102294921875e-06,0.048886656761169434,-2.3727598190307617,-3.902918815612793,1.5301586389541626
106.92411901183577,0.04967498779296875,0.04927492141723633,3.5762786865234375e-06,0.04927468299865723,-2.3723716735839844,-3.9029181003570557,1.5305466651916504
107.01743018693874,0.05005645751953125,0.049661874771118164,9.5367431640625e-07,0.04966402053833008,-2.3719847202301025,-3.902920722961426,1.5309360027313232
107.11075820298105,0.050445556640625,0.050055503845214844,3.814697265625e-06,0.05005478858947754,-2.371591091156006,-3.9029178619384766,1.5313267707824707
107.20410531618789,0.05083465576171875,0.05044698715209961,3.337860107421875e-06,0.05044686794281006,-2.371199607849121,-3.9029183387756348,1.5317188501358032
107.29746742320667,0.0512237548828125,0.050839900970458984,2.86102294921875e-06,0.05084037780761719,-2.3708066940307617,-3.902918815612793,1.5321123600006104
107.3908486307608,0.05161285400390625,0.05123543739318848,3.337860107421875e-06,0.051235318183898926,-2.3704111576080322,-3.9029183387756348,1.532507300376892
107.48424787578794,0.05200958251953125,0.051630258560180664,1.6689300537109375e-06,0.05163145065307617,-2.37001633644104,-3.9029200077056885,1.5329034328460693
107.57766119325181,0.05240631103515625,0.05202960968017578,3.337860107421875e-06,0.05202937126159668,-2.369616985321045,-3.9029183387756348,1.5333013534545898
107.67109564092311,0.05280303955078125,0.0524287223815918,3.0994415283203125e-06,0.052428603172302246,-2.369217872619629,-3.902918577194214,1.5337005853652954
107.76454749674608,0.05319976806640625,0.05282759666442871,1.430511474609375e-06,0.05282926559448242,-2.368818998336792,-3.9029202461242676,1.5341012477874756
107.8580151073878,0.05359649658203125,0.053232669830322266,3.814697265625e-06,0.05323147773742676,-2.3684139251708984,-3.9029178619384766,1.53450345993042
107.95149999588187,0.0540008544921875,0.053635597229003906,3.337860107421875e-06,0.053635358810424805,-2.368010997772217,-3.9029183387756348,1.534907341003418
108.04500312275846,0.0543975830078125,0.05404043197631836,3.0994415283203125e-06,0.05404043197631836,-2.3676061630249023,-3.902918577194214,1.5353124141693115
108.13852417553993,0.05480194091796875,0.05444765090942383,3.5762786865234375e-06,0.054447174072265625,-2.367198944091797,-3.9029181003570557,1.5357191562652588
108.2320615721157,0.055206298828125,0.05485677719116211,4.291534423828125e-06,0.0548558235168457,-2.3667898178100586,-3.9029173851013184,1.5361278057098389
108.32561553249445,0.0556182861328125,0.055265188217163086,2.86102294921875e-06,0.05526542663574219,-2.3663814067840576,-3.902918815612793,1.5365374088287354
108.41918941774436,0.05602264404296875,0.055676937103271484,2.86102294921875e-06,0.055677175521850586,-2.365969657897949,-3.902918815612793,1.5369491577148438
108.51277904043468,0.05643463134765625,0.05609011650085449,3.0994415283203125e-06,0.05609023571014404,-2.365556478500366,-3.902918577194214,1.5373622179031372
108.60638680600886,0.05684661865234375,0.0565037727355957,1.6689300537109375e-06,0.05650508403778076,-2.365142822265625,-3.9029200077056885,1.537777066230774
108.70001253553774,0.05725860595703125,0.05691957473754883,1.1920928955078125e-06,0.05692160129547119,-2.364727020263672,-3.9029204845428467,1.5381935834884644
108.79365537697528,0.05767059326171875,0.05733990669250488,3.0994415283203125e-06,0.05733966827392578,-2.364306688308716,-3.902918577194214,1.538611650466919
108.88731519814057,0.05808258056640625,0.05775809288024902,1.430511474609375e-06,0.057759761810302734,-2.3638885021209717,-3.9029202461242676,1.539031744003296
108.98099200090452,0.058502197265625,0.0581822395324707,3.814697265625e-06,0.0581815242767334,-2.36346435546875,-3.9029178619384766,1.5394535064697266
109.07468828876537,0.05892181396484375,0.05860471725463867,3.0994415283203125e-06,0.05860483646392822,-2.363041877746582,-3.902918577194214,1.5398768186569214
109.16839997730447,0.0593414306640625,0.059027910232543945,9.5367431640625e-07,0.05902993679046631,-2.3626186847686768,-3.902920722961426,1.5403019189834595
109.26212815856077,0.05976104736328125,0.059456825256347656,3.0994415283203125e-06,0.05945694446563721,-2.362189769744873,-3.902918577194214,1.5407289266586304
109.35587623736782,0.06018829345703125,0.05988597869873047,3.5762786865234375e-06,0.059885501861572266,-2.3617606163024902,-3.9029181003570557,1.5411574840545654
109.44964155348084,0.06060791015625,0.06031632423400879,3.5762786865234375e-06,0.06031596660614014,-2.361330270767212,-3.9029181003570557,1.5415879487991333
109.54342288942075,0.06103515625,0.06074810028076172,3.337860107421875e-06,0.06074810028076172,-2.360898494720459,-3.9029183387756348,1.5420200824737549
109.63722364481917,0.06146240234375,0.061182260513305664,3.337860107421875e-06,0.06118202209472656,-2.360464334487915,-3.9029183387756348,1.5424540042877197
109.73103941976296,0.0618896484375,0.06161642074584961,1.9073486328125e-06,0.06161785125732422,-2.360030174255371,-3.9029197692871094,1.5428898334503174
109.8248730607049,0.06232452392578125,0.06205558776855469,3.337860107421875e-06,0.062055349349975586,-2.359591007232666,-3.9029183387756348,1.5433273315429688
109.91872450204923,0.06275177001953125,0.062494754791259766,3.0994415283203125e-06,0.062494516372680664,-2.359151840209961,-3.902918577194214,1.5437664985656738
110.01259367747181,0.0631866455078125,0.06293582916259766,3.5762786865234375e-06,0.06293559074401855,-2.358710765838623,-3.9029181003570557,1.5442075729370117
110.10648141126129,0.06362152099609375,0.06337833404541016,3.337860107421875e-06,0.06337833404541016,-2.3582682609558105,-3.9029183387756348,1.5446503162384033
110.20038412465183,0.064056396484375,0.06382250785827637,2.86102294921875e-06,0.06382286548614502,-2.3578240871429443,-3.902918815612793,1.5450948476791382
110.29430586462678,0.0644989013671875,0.06426715850830078,1.1920928955078125e-06,0.0642690658569336,-2.35737943649292,-3.9029204845428467,1.5455410480499268
110.38824452067266,0.06493377685546875,0.06471490859985352,9.5367431640625e-07,0.06471705436706543,-2.356931686401367,-3.902920722961426,1.5459890365600586
110.48220176563737,0.06537628173828125,0.06516551971435547,1.6689300537109375e-06,0.06516671180725098,-2.3564810752868652,-3.9029200077056885,1.5464386940002441
110.57617401561676,0.06581878662109375,0.06561899185180664,3.337860107421875e-06,0.06561875343322754,-2.356027603149414,-3.9029183387756348,1.5468907356262207
110.67016565338471,0.06626129150390625,0.0660700798034668,7.152557373046875e-07,0.06607270240783691,-2.355576515197754,-3.902920961380005,1.54734468460083
110.76417366932752,0.06671142578125,0.0665278434753418,3.0994415283203125e-06,0.0665280818939209,-2.355118751525879,-3.902918577194214,1.547800064086914
110.85819794527005,0.0671539306640625,0.0669856071472168,3.337860107421875e-06,0.06698501110076904,-2.354660987854004,-3.9029183387756348,1.5482569932937622
110.9522411629427,0.06760406494140625,0.06744146347045898,7.152557373046875e-07,0.06744384765625,-2.3542051315307617,-3.902920961380005,1.5487158298492432
111.04630136743474,0.06805419921875,0.0679018497467041,7.152557373046875e-07,0.06790423393249512,-2.3537447452545166,-3.902920961380005,1.5491762161254883
111.14037916441562,0.06850433349609375,0.06836605072021484,3.0994415283203125e-06,0.06836605072021484,-2.353280544281006,-3.902918577194214,1.549638032913208
111.23447603996145,0.0689544677734375,0.06882882118225098,1.9073486328125e-06,0.06882989406585693,-2.3528177738189697,-3.9029197692871094,1.55010187625885
111.32858701145818,0.0694122314453125,0.06929254531860352,4.76837158203125e-07,0.06929516792297363,-2.352354049682617,-3.902921199798584,1.5505671501159668
111.4227181046903,0.0698699951171875,0.06976151466369629,2.86102294921875e-06,0.06976175308227539,-2.3518850803375244,-3.902918815612793,1.5510337352752686
111.51686499395709,0.0703277587890625,0.07023048400878906,3.337860107421875e-06,0.07023036479949951,-2.3514161109924316,-3.9029183387756348,1.5515023469924927
111.6110292133718,0.0707855224609375,0.07070112228393555,4.0531158447265625e-06,0.07070016860961914,-2.350945472717285,-3.9029176235198975,1.5519721508026123
111.7052121088499,0.0712432861328125,0.07117223739624023,3.814697265625e-06,0.07117152214050293,-2.3504743576049805,-3.9029178619384766,1.552443504333496
111.79941147304591,0.07170867919921875,0.07164478302001953,3.337860107421875e-06,0.07164454460144043,-2.350001811981201,-3.9029183387756348,1.5529165267944336
111.89362886574521,0.07216644287109375,0.07211852073669434,2.86102294921875e-06,0.07211899757385254,-2.3495280742645264,-3.902918815612793,1.5533909797668457
111.98786358984039,0.0726318359375,0.07259368896484375,1.6689300537109375e-06,0.07259511947631836,-2.349052906036377,-3.9029200077056885,1.5538671016693115
112.08211436334894,0.07309722900390625,0.0730733871459961,3.337860107421875e-06,0.07307302951812744,-2.3485732078552246,-3.9029183387756348,1.5543450117111206
112.17638192811641,0.07357025146484375,0.07355189323425293,2.384185791015625e-06,0.07355248928070068,-2.3480947017669678,-3.902919292449951,1.5548244714736938
112.27066928184537,0.07403564453125,0.07403326034545898,2.86102294921875e-06,0.07403373718261719,-2.3476133346557617,-3.902918815612793,1.5553057193756104
112.36497322667398,0.0745086669921875,0.07451486587524414,2.1457672119140625e-06,0.07451581954956055,-2.3471317291259766,-3.9029195308685303,1.5557878017425537
112.45929292763536,0.074981689453125,0.07500004768371582,3.337860107421875e-06,0.07499992847442627,-2.346646547317505,-3.9029183387756348,1.5562719106674194
112.5536312096213,0.0754547119140625,0.0754849910736084,2.86102294921875e-06,0.07548511028289795,-2.3461616039276123,-3.902918815612793,1.5567570924758911
112.6479873517704,0.075927734375,0.07597208023071289,3.337860107421875e-06,0.07597196102142334,-2.345674514770508,-3.9029183387756348,1.5572439432144165
112.74235878367622,0.07640838623046875,0.07646036148071289,3.337860107421875e-06,0.07646012306213379,-2.345186233520508,-3.9029183387756348,1.557732105255127
112.8367502582913,0.07688140869140625,0.07694745063781738,9.5367431640625e-07,0.0769495964050293,-2.3446991443634033,-3.902920722961426,1.5582215785980225
112.9311566619145,0.077362060546875,0.0774388313293457,1.430511474609375e-06,0.07744073867797852,-2.344207763671875,-3.9029202461242676,1.5587127208709717
113.02558164028038,0.07784271240234375,0.07793116569519043,1.1920928955078125e-06,0.07793319225311279,-2.3437154293060303,-3.9029204845428467,1.559205174446106
113.12002338368788,0.07833099365234375,0.07842564582824707,1.430511474609375e-06,0.07842707633972168,-2.3432209491729736,-3.9029202461242676,1.5596990585327148
113.21448349613587,0.0788116455078125,0.07892084121704102,1.6689300537109375e-06,0.07892227172851562,-2.3427257537841797,-3.9029200077056885,1.5601942539215088
113.30896148294609,0.0792999267578125,0.07941675186157227,9.5367431640625e-07,0.07941913604736328,-2.3422298431396484,-3.902920722961426,1.5606911182403564
113.40345268557854,0.0797882080078125,0.07991743087768555,3.5762786865234375e-06,0.079917311668396,-2.341729164123535,-3.9029181003570557,1.5611892938613892
113.49796441441434,0.08026885986328125,0.08041667938232422,2.86102294921875e-06,0.08041691780090332,-2.3412299156188965,-3.902918815612793,1.5616888999938965
113.5924937470582,0.0807647705078125,0.08091592788696289,1.1920928955078125e-06,0.08091771602630615,-2.340730667114258,-3.9029204845428467,1.5621896982192993
113.68703989714432,0.0812530517578125,0.0814199447631836,2.86102294921875e-06,0.08142006397247314,-2.340226650238037,-3.902918815612793,1.5626920461654663
113.7816021344458,0.08174896240234375,0.0819239616394043,2.86102294921875e-06,0.08192384243011475,-2.3397226333618164,-3.902918815612793,1.563195824623108
113.87618181868814,0.082244873046875,0.08242964744567871,3.814697265625e-06,0.08242905139923096,-2.339216947555542,-3.9029178619384766,1.5637010335922241
113.97078070600904,0.08274078369140625,0.08293342590332031,7.152557373046875e-07,0.08293557167053223,-2.3387131690979004,-3.902920961380005,1.5642075538635254
114.06539494219946,0.0832366943359375,0.08344173431396484,1.430511474609375e-06,0.0834435224533081,-2.338204860687256,-3.9029202461242676,1.5647155046463013
114.16002618007447,0.08373260498046875,0.08395147323608398,1.6689300537109375e-06,0.0839529037475586,-2.3376951217651367,-3.9029200077056885,1.5652248859405518
114.25467644737193,0.08423614501953125,0.08446264266967773,2.1457672119140625e-06,0.08446371555328369,-2.337183952331543,-3.9029195308685303,1.5657356977462769
114.34934248459119,0.08473968505859375,0.08497452735900879,1.6689300537109375e-06,0.0849759578704834,-2.336672067642212,-3.9029200077056885,1.5662479400634766
114.44402509039435,0.08524322509765625,0.08548927307128906,3.0994415283203125e-06,0.08548939228057861,-2.3361573219299316,-3.902918577194214,1.5667613744735718
114.53872651128553,0.08574676513671875,0.08600234985351562,1.430511474609375e-06,0.08600437641143799,-2.335644245147705,-3.9029202461242676,1.5672763586044312
114.63344438853903,0.08625030517578125,0.08652114868164062,3.337860107421875e-06,0.08652079105377197,-2.33512544631958,-3.9029183387756348,1.5677927732467651
114.72817985437743,0.086761474609375,0.08703827857971191,2.86102294921875e-06,0.08703851699829102,-2.334608316421509,-3.902918815612793,1.5683104991912842
114.82293314332097,0.08727264404296875,0.0875558853149414,1.430511474609375e-06,0.08755767345428467,-2.3340907096862793,-3.9029202461242676,1.5688296556472778
114.91770209520418,0.0877838134765625,0.08807826042175293,3.337860107421875e-06,0.08807826042175293,-2.3335683345794678,-3.9029183387756348,1.569350242614746
115.0124887656313,0.08829498291015625,0.08859872817993164,1.430511474609375e-06,0.0886000394821167,-2.333047866821289,-3.9029202461242676,1.5698720216751099
115.10729451114736,0.08880615234375,0.08912134170532227,1.1920928955078125e-06,0.08912336826324463,-2.3325252532958984,-3.9029204845428467,1.5703953504562378
115.20211469677172,0.089324951171875,0.0896453857421875,4.76837158203125e-07,0.08964812755584717,-2.332001209259033,-3.902921199798584,1.5709201097488403
115.2969535125552,0.08983612060546875,0.09017467498779297,4.0531158447265625e-06,0.09017395973205566,-2.3314719200134277,-3.9029176235198975,1.5714459419250488
115.39180889770934,0.09035491943359375,0.09070205688476562,3.337860107421875e-06,0.09070158004760742,-2.330944538116455,-3.9029183387756348,1.5719735622406006
115.48668225212333,0.09087371826171875,0.09123039245605469,3.337860107421875e-06,0.09123039245605469,-2.330416202545166,-3.9029183387756348,1.5725023746490479
115.58157130002631,0.091400146484375,0.09176015853881836,2.6226043701171875e-06,0.09176051616668701,-2.3298864364624023,-3.902919054031372,1.5730324983596802
115.6764798967668,0.0919189453125,0.09229278564453125,3.814697265625e-06,0.0922921895980835,-2.3293538093566895,-3.9029178619384766,1.5735641717910767
115.77140485064704,0.09244537353515625,0.09282541275024414,3.337860107421875e-06,0.09282517433166504,-2.3288211822509766,-3.9029183387756348,1.5740971565246582
115.86634380610185,0.0929718017578125,0.09335708618164062,4.76837158203125e-07,0.09335947036743164,-2.32828950881958,-3.902921199798584,1.5746314525604248
115.96130390526046,0.09349822998046875,0.09389591217041016,3.814697265625e-06,0.09389519691467285,-2.3277506828308105,-3.9029178619384766,1.575167179107666
116.05627881596997,0.094024658203125,0.09442996978759766,9.5367431640625e-07,0.09443235397338867,-2.327216625213623,-3.902920722961426,1.5757043361663818
116.15127311372389,0.0945587158203125,0.0949716567993164,4.291534423828125e-06,0.09497058391571045,-2.3266749382019043,-3.9029173851013184,1.5762425661087036
116.24628186499686,0.0950927734375,0.09551095962524414,3.5762786865234375e-06,0.09551048278808594,-2.3261356353759766,-3.9029181003570557,1.576782464981079
116.34130935084434,0.09561920166015625,0.09604978561401367,1.430511474609375e-06,0.09605145454406738,-2.325596809387207,-3.9029202461242676,1.5773234367370605
116.4363542250689,0.096160888671875,0.09659147262573242,7.152557373046875e-07,0.09659385681152344,-2.3250551223754883,-3.902920961380005,1.5778658390045166
116.53141449845734,0.0966949462890625,0.0971384048461914,3.337860107421875e-06,0.0971376895904541,-2.3245081901550293,-3.9029183387756348,1.5784096717834473
116.62649170121523,0.09722900390625,0.09768223762512207,2.384185791015625e-06,0.09768283367156982,-2.3239643573760986,-3.902919292449951,1.578954815864563
116.72159023386995,0.09777069091796875,0.09822940826416016,3.337860107421875e-06,0.09822940826416016,-2.3234171867370605,-3.9029183387756348,1.5795013904571533
116.81670214039889,0.0983123779296875,0.09877753257751465,3.5762786865234375e-06,0.09877705574035645,-2.322869062423706,-3.9029181003570557,1.5800490379333496
116.91183054816996,0.09885406494140625,0.09932613372802734,2.86102294921875e-06,0.09932613372802734,-2.3223204612731934,-3.902918815612793,1.5805981159210205
117.00697748328503,0.099395751953125,0.09987473487854004,1.430511474609375e-06,0.0998765230178833,-2.3217718601226807,-3.9029202461242676,1.5811485052108765
117.1021414100116,0.099945068359375,0.10042834281921387,3.337860107421875e-06,0.10042822360992432,-2.321218252182007,-3.9029183387756348,1.5817002058029175
117.19732141911236,0.10048675537109375,0.10098123550415039,3.0994415283203125e-06,0.10098123550415039,-2.3206653594970703,-3.902918577194214,1.5822532176971436
117.29252012029913,0.10103607177734375,0.10153532028198242,2.86102294921875e-06,0.10153555870056152,-2.3201112747192383,-3.902918815612793,1.5828075408935547
117.38773481474261,0.10158538818359375,0.10209131240844727,3.0994415283203125e-06,0.10209119319915771,-2.3195552825927734,-3.902918577194214,1.5833631753921509
117.48296719850248,0.10213470458984375,0.10264730453491211,2.6226043701171875e-06,0.10264790058135986,-2.3189992904663086,-3.902919054031372,1.583919882774353
117.57821640625819,0.102691650390625,0.10320591926574707,3.337860107421875e-06,0.10320591926574707,-2.3184406757354736,-3.9029183387756348,1.5844779014587402
117.67348063532214,0.103240966796875,0.10376620292663574,4.0531158447265625e-06,0.10376524925231934,-2.317880392074585,-3.9029176235198975,1.5850372314453125
117.76876269019318,0.10379791259765625,0.1043238639831543,9.5367431640625e-07,0.10432600975036621,-2.3173227310180664,-3.902920722961426,1.5855979919433594
117.86406553785517,0.1043548583984375,0.10488557815551758,9.5367431640625e-07,0.1048879623413086,-2.316761016845703,-3.902920722961426,1.5861599445343018
117.95938170867448,0.10491943359375,0.10545063018798828,2.6226043701171875e-06,0.10545086860656738,-2.3161959648132324,-3.902919054031372,1.5867228507995605
118.05471547441134,0.10547637939453125,0.10601568222045898,3.5762786865234375e-06,0.10601520538330078,-2.3156309127807617,-3.9029181003570557,1.587287187576294
118.15006471402056,0.10604095458984375,0.10657882690429688,9.5367431640625e-07,0.10658085346221924,-2.315067768096924,-3.902920722961426,1.5878528356552124
118.2454339592005,0.106597900390625,0.1071476936340332,2.86102294921875e-06,0.1071476936340332,-2.3144989013671875,-3.902918815612793,1.5884196758270264
118.34081913961492,0.1071624755859375,0.10771560668945312,2.86102294921875e-06,0.10771584510803223,-2.3139309883117676,-3.902918815612793,1.5889878273010254
118.43622112439625,0.10773468017578125,0.10828590393066406,3.814697265625e-06,0.10828495025634766,-2.3133606910705566,-3.9029178619384766,1.5895569324493408
118.53163934436358,0.10829925537109375,0.10885286331176758,9.5367431640625e-07,0.1088552474975586,-2.312793731689453,-3.902920722961426,1.5901272296905518
118.62707536156577,0.10886383056640625,0.10942649841308594,2.6226043701171875e-06,0.10942697525024414,-2.3122200965881348,-3.902919054031372,1.5906989574432373
118.72252504974358,0.10943603515625,0.1099996566772461,3.337860107421875e-06,0.1099996566772461,-2.3116469383239746,-3.9029183387756348,1.5912716388702393
118.81799546933601,0.11000823974609375,0.11057186126708984,1.9073486328125e-06,0.11057353019714355,-2.311074733734131,-3.9029197692871094,1.5918455123901367
118.91348055880626,0.1105804443359375,0.11114907264709473,3.337860107421875e-06,0.11114871501922607,-2.310497522354126,-3.9029183387756348,1.5924206972122192
119.00898592105452,0.1111602783203125,0.1117253303527832,3.5762786865234375e-06,0.1117250919342041,-2.3099212646484375,-3.9029181003570557,1.5929970741271973
119.10450503333425,0.11173248291015625,0.11230039596557617,9.5367431640625e-07,0.11230230331420898,-2.3093461990356445,-3.902920722961426,1.5935742855072021
119.20004178793927,0.11231231689453125,0.11288118362426758,3.337860107421875e-06,0.11288082599639893,-2.308765411376953,-3.9029183387756348,1.594152808189392
119.2955975824726,0.11289215087890625,0.11346054077148438,2.86102294921875e-06,0.11346054077148438,-2.3081860542297363,-3.902918815612793,1.5947325229644775
119.39116593985712,0.11347198486328125,0.11404132843017578,3.337860107421875e-06,0.11404144763946533,-2.307605266571045,-3.9029183387756348,1.5953134298324585
119.48675587362953,0.1140594482421875,0.11462211608886719,1.430511474609375e-06,0.1146235466003418,-2.3070244789123535,-3.9029202461242676,1.595895528793335
119.58235728508586,0.1146392822265625,0.11520624160766602,2.86102294921875e-06,0.11520659923553467,-2.3064403533935547,-3.902918815612793,1.5964785814285278
119.67798072981843,0.11522674560546875,0.11579155921936035,3.5762786865234375e-06,0.11579084396362305,-2.3058550357818604,-3.9029181003570557,1.5970628261566162
119.77361893465635,0.115814208984375,0.11637592315673828,2.86102294921875e-06,0.11637592315673828,-2.3052706718444824,-3.902918815612793,1.5976479053497314
119.86927304073673,0.11640167236328125,0.11696100234985352,1.1920928955078125e-06,0.11696267127990723,-2.304685592651367,-3.9029204845428467,1.5982346534729004
119.96494610793214,0.1169891357421875,0.11755132675170898,4.291534423828125e-06,0.11755025386810303,-2.3040952682495117,-3.9029173851013184,1.5988222360610962
120.06063319608172,0.117584228515625,0.11813950538635254,3.337860107421875e-06,0.11813902854919434,-2.303507089614868,-3.9029183387756348,1.5994110107421875
120.1563378934399,0.11817169189453125,0.1187288761138916,3.337860107421875e-06,0.1187286376953125,-2.302917718887329,-3.9029183387756348,1.6000006198883057
120.25205761365685,0.11876678466796875,0.11931967735290527,3.337860107421875e-06,0.11931943893432617,-2.3023269176483154,-3.9029183387756348,1.6005914211273193
120.34779899768874,0.11936187744140625,0.11991214752197266,3.814697265625e-06,0.11991143226623535,-2.301734447479248,-3.9029178619384766,1.6011834144592285
120.44355547029485,0.119964599609375,0.12050414085388184,2.86102294921875e-06,0.12050449848175049,-2.301142454147339,-3.902918815612793,1.6017764806747437
120.53932567911666,0.1205596923828125,0.12109899520874023,3.5762786865234375e-06,0.12109851837158203,-2.3005475997924805,-3.9029181003570557,1.6023705005645752
120.63511409873762,0.12116241455078125,0.12169361114501953,3.0994415283203125e-06,0.12169384956359863,-2.299952983856201,-3.902918577194214,1.6029658317565918
120.73092241750908,0.12176513671875,0.12228846549987793,1.430511474609375e-06,0.12229013442993164,-2.2993581295013428,-3.9029202461242676,1.6035621166229248
120.82674381770708,0.12236785888671875,0.12288594245910645,1.430511474609375e-06,0.12288761138916016,-2.2987606525421143,-3.9029202461242676,1.6041595935821533
120.922582783124,0.1229705810546875,0.12348556518554688,2.86102294921875e-06,0.12348604202270508,-2.298161029815674,-3.902918815612793,1.6047580242156982
121.0184384624853,0.1235809326171875,0.12408614158630371,3.5762786865234375e-06,0.12408554553985596,-2.297560453414917,-3.9029181003570557,1.6053575277328491
121.11431123448472,0.12418365478515625,0.12468719482421875,3.814697265625e-06,0.12468647956848145,-2.296959400177002,-3.9029178619384766,1.6059584617614746
121.21020133698684,0.12479400634765625,0.1252880096435547,3.0994415283203125e-06,0.12528812885284424,-2.296358585357666,-3.902918577194214,1.6065601110458374
121.30610658437031,0.12540435791015625,0.12588906288146973,1.1920928955078125e-06,0.12589073181152344,-2.295757532119751,-3.9029204845428467,1.6071627140045166
121.4020303651448,0.12601470947265625,0.12649250030517578,9.5367431640625e-07,0.1264946460723877,-2.295154094696045,-3.902920722961426,1.6077666282653809
121.49797122947007,0.1266326904296875,0.12710046768188477,4.0531158447265625e-06,0.1270996332168579,-2.294546127319336,-3.9029176235198975,1.608371615409851
121.59392527461547,0.1272430419921875,0.12770581245422363,3.337860107421875e-06,0.12770581245422363,-2.293940782546997,-3.9029183387756348,1.6089777946472168
121.68989799229598,0.12786102294921875,0.1283130645751953,3.337860107421875e-06,0.1283128261566162,-2.2933335304260254,-3.9029183387756348,1.6095848083496094
121.78588679109903,0.12847900390625,0.12891912460327148,1.1920928955078125e-06,0.1289210319519043,-2.292727470397949,-3.9029204845428467,1.6101930141448975
121.8818918470656,0.12909698486328125,0.1295304298400879,3.0994415283203125e-06,0.12953054904937744,-2.292116165161133,-3.902918577194214,1.6108025312423706
121.97791332901633,0.12972259521484375,0.1301407814025879,2.86102294921875e-06,0.1301407814025879,-2.291505813598633,-3.902918815612793,1.611412763595581
122.0739543334833,0.130340576171875,0.1307506561279297,1.6689300537109375e-06,0.1307523250579834,-2.290895938873291,-3.9029200077056885,1.6120243072509766
122.1700095161185,0.1309661865234375,0.1313626766204834,9.5367431640625e-07,0.13136494159698486,-2.2902839183807373,-3.902920722961426,1.612636923789978
122.26608167237855,0.131591796875,0.13197708129882812,1.430511474609375e-06,0.13197851181030273,-2.2896695137023926,-3.9029202461242676,1.613250494003296
122.36217119888266,0.1322174072265625,0.13259148597717285,1.430511474609375e-06,0.13259315490722656,-2.289055109024048,-3.9029202461242676,1.6138651371002197
122.45827567214089,0.13285064697265625,0.133209228515625,3.337860107421875e-06,0.133209228515625,-2.2884373664855957,-3.9029183387756348,1.6144812107086182
122.55439455718421,0.13347625732421875,0.13382673263549805,3.5762786865234375e-06,0.13382625579833984,-2.2878198623657227,-3.9029181003570557,1.615098237991333
122.65053475201265,0.1341094970703125,0.1344442367553711,2.86102294921875e-06,0.1344442367553711,-2.2872023582458496,-3.902918815612793,1.6157162189483643
122.74669096599628,0.13474273681640625,0.13506340980529785,2.86102294921875e-06,0.13506340980529785,-2.286583185195923,-3.902918815612793,1.616335391998291
122.84285916266603,0.1353759765625,0.13568377494812012,3.0994415283203125e-06,0.13568377494812012,-2.2859628200531006,-3.902918577194214,1.6169557571411133
122.93904954576803,0.136016845703125,0.13630390167236328,1.6689300537109375e-06,0.13630521297454834,-2.2853426933288574,-3.9029200077056885,1.6175771951675415
123.03525279764544,0.13665008544921875,0.13692855834960938,3.814697265625e-06,0.13692808151245117,-2.2847180366516113,-3.9029178619384766,1.6182000637054443
123.13147304784897,0.13729095458984375,0.13754940032958984,9.5367431640625e-07,0.13755154609680176,-2.284097194671631,-3.902920722961426,1.618823528289795
123.2277093143305,0.13793182373046875,0.13817596435546875,2.86102294921875e-06,0.13817620277404785,-2.283470630645752,-3.902918815612793,1.619448184967041
123.32396234908728,0.13857269287109375,0.13880300521850586,3.5762786865234375e-06,0.13880252838134766,-2.282843589782715,-3.9029181003570557,1.6200745105743408
123.4202355745064,0.13921356201171875,0.13942813873291016,1.430511474609375e-06,0.13942980766296387,-2.2822184562683105,-3.9029202461242676,1.620701789855957
123.51652029590653,0.139862060546875,0.14005804061889648,3.0994415283203125e-06,0.14005804061889648,-2.281588554382324,-3.902918577194214,1.6213300228118896
123.61282258880337,0.14051055908203125,0.1406874656677246,3.0994415283203125e-06,0.1406877040863037,-2.280959129333496,-3.902918577194214,1.6219596862792969
123.70914202692276,0.1411590576171875,0.14131641387939453,1.1920928955078125e-06,0.14131832122802734,-2.280330181121826,-3.9029204845428467,1.6225903034210205
123.80547734842955,0.14180755615234375,0.1419506072998047,3.5762786865234375e-06,0.14195001125335693,-2.279695987701416,-3.9029181003570557,1.62322199344635
123.90182772289123,0.1424560546875,0.14258337020874023,2.86102294921875e-06,0.14258337020874023,-2.2790632247924805,-3.902918815612793,1.6238553524017334
123.99819911666593,0.14310455322265625,0.1432175636291504,3.337860107421875e-06,0.1432175636291504,-2.2784290313720703,-3.9029183387756348,1.6244895458221436
124.09458388883338,0.14376068115234375,0.14385318756103516,3.337860107421875e-06,0.14385294914245605,-2.2777934074401855,-3.9029183387756348,1.6251249313354492
124.19098396689371,0.14441680908203125,0.14449071884155273,3.814697265625e-06,0.14448976516723633,-2.277155876159668,-3.9029178619384766,1.6257617473602295
124.2874005454717,0.14507293701171875,0.1451258659362793,1.430511474609375e-06,0.145127534866333,-2.2765207290649414,-3.9029202461242676,1.6263995170593262
124.38383382509264,0.14572906494140625,0.1457653045654297,1.6689300537109375e-06,0.1457667350769043,-2.275881290435791,-3.9029200077056885,1.6270387172698975
124.48028402459448,0.146392822265625,0.1464076042175293,3.337860107421875e-06,0.1464071273803711,-2.2752389907836914,-3.9029183387756348,1.6276791095733643
124.57675041985827,0.14705657958984375,0.1470494270324707,3.814697265625e-06,0.1470489501953125,-2.27459716796875,-3.9029178619384766,1.6283209323883057
124.67323206523075,0.1477203369140625,0.1476917266845703,2.6226043701171875e-06,0.14769208431243896,-2.2739548683166504,-3.902919054031372,1.6289640665054321
124.76973347340548,0.14838409423828125,0.14833641052246094,2.86102294921875e-06,0.14833641052246094,-2.2733101844787598,-3.902918815612793,1.629608392715454
124.86624652306942,0.1490478515625,0.14898204803466797,3.337860107421875e-06,0.14898204803466797,-2.2726645469665527,-3.9029183387756348,1.6302540302276611
124.96277769364343,0.14971160888671875,0.1496272087097168,1.430511474609375e-06,0.1496288776397705,-2.272019386291504,-3.9029202461242676,1.6309008598327637
125.05932399253048,0.15038299560546875,0.15027737617492676,3.337860107421875e-06,0.15027737617492676,-2.271369218826294,-3.9029183387756348,1.63154935836792
125.1558888745324,0.15105438232421875,0.15092706680297852,3.337860107421875e-06,0.15092682838439941,-2.270719528198242,-3.9029183387756348,1.6321988105773926
125.2524662927981,0.15172576904296875,0.15157794952392578,2.86102294921875e-06,0.15157806873321533,-2.270068645477295,-3.902918815612793,1.6328500509262085
125.3490653480891,0.15239715576171875,0.15223169326782227,4.0531158447265625e-06,0.1522306203842163,-2.2694149017333984,-3.9029176235198975,1.6335026025772095
125.44567782403344,0.153076171875,0.15288257598876953,1.430511474609375e-06,0.15288448333740234,-2.268764019012451,-3.9029202461242676,1.6341564655303955
125.54230369887367,0.15374755859375,0.15353775024414062,9.5367431640625e-07,0.153539776802063,-2.26810884475708,-3.902920722961426,1.6348117589950562
125.63894601558462,0.15442657470703125,0.15419626235961914,2.86102294921875e-06,0.15419673919677734,-2.2674503326416016,-3.902918815612793,1.6354687213897705
125.73561081492667,0.1551055908203125,0.15485548973083496,3.337860107421875e-06,0.15485525131225586,-2.2667911052703857,-3.9029183387756348,1.636127233505249
125.83228747621673,0.15578460693359375,0.15551519393920898,3.5762786865234375e-06,0.15551471710205078,-2.2661314010620117,-3.9029181003570557,1.636786699295044
125.92898045674937,0.15647125244140625,0.15617680549621582,3.814697265625e-06,0.15617609024047852,-2.265469789505005,-3.9029178619384766,1.6374480724334717
126.02568569915178,0.1571502685546875,0.15683746337890625,1.1920928955078125e-06,0.1568392515182495,-2.2648091316223145,-3.9029204845428467,1.6381112337112427
126.12241171476593,0.1578369140625,0.1575019359588623,1.430511474609375e-06,0.15750360488891602,-2.2641446590423584,-3.9029202461242676,1.6387755870819092
126.21915248615291,0.1585235595703125,0.15816783905029297,9.5367431640625e-07,0.15816986560821533,-2.2634787559509277,-3.902920722961426,1.6394418478012085
126.31590938558985,0.159210205078125,0.15883588790893555,1.430511474609375e-06,0.15883755683898926,-2.262810707092285,-3.9029202461242676,1.6401095390319824
126.41268374495947,0.15990447998046875,0.15950584411621094,1.430511474609375e-06,0.15950727462768555,-2.2621407508850098,-3.9029202461242676,1.6407792568206787
126.50947087630364,0.16059112548828125,0.16017866134643555,3.5762786865234375e-06,0.16017818450927734,-2.261467933654785,-3.9029181003570557,1.6414501667022705
126.60627482647129,0.161285400390625,0.16085195541381836,3.814697265625e-06,0.1608513593673706,-2.2607946395874023,-3.9029178619384766,1.6421233415603638
126.70309736794457,0.16197967529296875,0.16152715682983398,3.814697265625e-06,0.16152620315551758,-2.2601194381713867,-3.9029178619384766,1.6427981853485107
126.79993605210822,0.1626739501953125,0.1622028350830078,3.0994415283203125e-06,0.1622025966644287,-2.259443759918213,-3.902918577194214,1.6434745788574219
126.89678953042377,0.16336822509765625,0.16287899017333984,1.1920928955078125e-06,0.1628807783126831,-2.258767604827881,-3.9029204845428467,1.6441527605056763
126.99365613271434,0.16407012939453125,0.1635589599609375,1.430511474609375e-06,0.1635606288909912,-2.258087635040283,-3.9029202461242676,1.6448326110839844
127.09054048653192,0.16477203369140625,0.16424274444580078,3.337860107421875e-06,0.16424250602722168,-2.25740385055542,-3.9029183387756348,1.6455144882202148
127.18744182152004,0.16547393798828125,0.16492652893066406,3.337860107421875e-06,0.1649264097213745,-2.2567200660705566,-3.9029183387756348,1.6461983919143677
127.28435769506164,0.16617584228515625,0.16561245918273926,3.814697265625e-06,0.1656116247177124,-2.2560341358184814,-3.9029178619384766,1.6468836069107056
127.38129199277766,0.16687774658203125,0.16629910469055176,2.86102294921875e-06,0.16629910469055176,-2.255347490310669,-3.902918815612793,1.647571086883545
127.47823824691999,0.1675872802734375,0.16698646545410156,9.5367431640625e-07,0.16698849201202393,-2.254660129547119,-3.902920722961426,1.648260474205017
127.57520611812797,0.1682891845703125,0.167677640914917,9.5367431640625e-07,0.16767966747283936,-2.2539689540863037,-3.902920722961426,1.6489516496658325
127.67218298884272,0.16899871826171875,0.16837358474731445,3.814697265625e-06,0.1683729887008667,-2.2532730102539062,-3.9029178619384766,1.6496449708938599
127.76917962104228,0.169708251953125,0.1690678596496582,3.0994415283203125e-06,0.1690680980682373,-2.2525787353515625,-3.902918577194214,1.6503400802612305
127.86619418126826,0.1704254150390625,0.16976308822631836,1.430511474609375e-06,0.16976475715637207,-2.2518835067749023,-3.9029202461242676,1.6510367393493652
127.96321985984974,0.17113494873046875,0.17046213150024414,1.6689300537109375e-06,0.1704636812210083,-2.2511844635009766,-3.9029200077056885,1.6517356634140015
128.0602617459508,0.17185211181640625,0.17116546630859375,4.0531158447265625e-06,0.17116451263427734,-2.250481128692627,-3.9029176235198975,1.6524364948272705
128.1573236870502,0.17256927490234375,0.17186760902404785,3.0994415283203125e-06,0.17186737060546875,-2.249778985977173,-3.902918577194214,1.653139352798462
128.25439693005004,0.17328643798828125,0.17256999015808105,1.1920928955078125e-06,0.17257177829742432,-2.2490766048431396,-3.9029204845428467,1.6538437604904175
128.35148692740196,0.17400360107421875,0.17327642440795898,1.430511474609375e-06,0.17327821254730225,-2.2483701705932617,-3.9029202461242676,1.6545501947402954
128.44859497299146,0.1747283935546875,0.17398715019226074,3.814697265625e-06,0.173986554145813,-2.24765944480896,-3.9029178619384766,1.6552585363388062
128.545717797159,0.175445556640625,0.1746969223022461,3.337860107421875e-06,0.1746969223022461,-2.2469496726989746,-3.9029183387756348,1.6559689044952393
128.64285235192952,0.17617034912109375,0.17540740966796875,1.6689300537109375e-06,0.17540884017944336,-2.246239185333252,-3.9029200077056885,1.6566808223724365
128.74000551785375,0.1768951416015625,0.17612338066101074,3.5762786865234375e-06,0.17612290382385254,-2.24552321434021,-3.9029181003570557,1.6573948860168457
128.8371737546856,0.17761993408203125,0.17683792114257812,1.9073486328125e-06,0.17683887481689453,-2.2448086738586426,-3.9029197692871094,1.6581108570098877
128.93436057165792,0.17835235595703125,0.17755436897277832,9.5367431640625e-07,0.17755639553070068,-2.2440922260284424,-3.902920722961426,1.6588283777236938
129.0315604971461,0.17908477783203125,0.17827606201171875,3.337860107421875e-06,0.17827606201171875,-2.243370532989502,-3.9029183387756348,1.659548044204712
129.12877662369974,0.1798095703125,0.17899775505065918,3.337860107421875e-06,0.17899751663208008,-2.2426488399505615,-3.9029183387756348,1.6602694988250732
129.22600962066582,0.1805419921875,0.17972064018249512,3.0994415283203125e-06,0.17972052097320557,-2.2419259548187256,-3.902918577194214,1.6609925031661987
129.32325591755327,0.18128204345703125,0.18044614791870117,3.814697265625e-06,0.18044567108154297,-2.2412004470825195,-3.9029178619384766,1.6617176532745361
129.42051908447164,0.18201446533203125,0.18117022514343262,9.5367431640625e-07,0.18117237091064453,-2.240476369857788,-3.902920722961426,1.6624443531036377
129.51779647563507,0.1827545166015625,0.1818990707397461,1.1920928955078125e-06,0.1819009780883789,-2.2397475242614746,-3.9029204845428467,1.663172960281372
129.61508831765642,0.18349456787109375,0.1826324462890625,3.814697265625e-06,0.18263161182403564,-2.239014148712158,-3.9029178619384766,1.6639035940170288
129.71239768591346,0.184234619140625,0.183363676071167,2.86102294921875e-06,0.183363676071167,-2.2382829189300537,-3.902918815612793,1.6646356582641602
129.80972483071292,0.18497467041015625,0.1840980052947998,3.337860107421875e-06,0.1840977668762207,-2.237548589706421,-3.9029183387756348,1.6653697490692139
129.90706469930643,0.1857147216796875,0.1848316192626953,1.430511474609375e-06,0.18483352661132812,-2.2368149757385254,-3.9029202461242676,1.6661055088043213
130.0044189619085,0.18646240234375,0.18556928634643555,1.430511474609375e-06,0.18557095527648926,-2.236077308654785,-3.9029202461242676,1.6668429374694824
130.10178975475432,0.1872100830078125,0.1863105297088623,3.337860107421875e-06,0.1863102912902832,-2.2353360652923584,-3.9029183387756348,1.6675822734832764
130.1991786992732,0.18795013427734375,0.18705129623413086,2.86102294921875e-06,0.18705129623413086,-2.23459529876709,-3.902918815612793,1.668323278427124
130.29658084863362,0.1887054443359375,0.18779420852661133,3.337860107421875e-06,0.18779432773590088,-2.2338523864746094,-3.9029183387756348,1.669066309928894
130.39399633487827,0.189453125,0.1885390281677246,3.5762786865234375e-06,0.18853890895843506,-2.233107566833496,-3.9029181003570557,1.6698108911514282
130.4914282941696,0.19020843505859375,0.1892833709716797,1.1920928955078125e-06,0.1892852783203125,-2.232363224029541,-3.9029204845428467,1.6705572605133057
130.5888769538648,0.19095611572265625,0.1900334358215332,3.337860107421875e-06,0.1900334358215332,-2.2316131591796875,-3.9029183387756348,1.6713054180145264
130.68633961913733,0.19171142578125,0.19078397750854492,3.814697265625e-06,0.19078326225280762,-2.230862617492676,-3.9029178619384766,1.6720552444458008
130.78381991782186,0.19246673583984375,0.19153547286987305,3.814697265625e-06,0.19153475761413574,-2.2301111221313477,-3.9029178619384766,1.672806739807129
130.88131429951133,0.19322967529296875,0.19228887557983398,3.814697265625e-06,0.19228839874267578,-2.2293577194213867,-3.9029178619384766,1.673560380935669
130.9788233533746,0.1939849853515625,0.19304370880126953,3.337860107421875e-06,0.19304347038269043,-2.228602886199951,-3.9029183387756348,1.6743154525756836
131.0763502096715,0.1947479248046875,0.1938004493713379,3.0994415283203125e-06,0.19380033016204834,-2.227846145629883,-3.902918577194214,1.6750723123550415
131.17388940653916,0.1955108642578125,0.19455957412719727,3.814697265625e-06,0.19455909729003906,-2.2270870208740234,-3.9029178619384766,1.6758310794830322
131.27144439754986,0.1962738037109375,0.19531774520874023,1.430511474609375e-06,0.19531941413879395,-2.2263288497924805,-3.9029202461242676,1.676591396331787
131.3690116843519,0.1970367431640625,0.19608187675476074,3.337860107421875e-06,0.19608163833618164,-2.22556471824646,-3.9029183387756348,1.6773536205291748
131.46659815991717,0.19780731201171875,0.19684600830078125,3.337860107421875e-06,0.19684553146362305,-2.2248005867004395,-3.9029183387756348,1.6781175136566162
131.56420081393898,0.198577880859375,0.19761037826538086,1.9073486328125e-06,0.19761145114898682,-2.22403621673584,-3.9029197692871094,1.67888343334198
131.66181622044402,0.19934844970703125,0.19837689399719238,1.1920928955078125e-06,0.19837892055511475,-2.2232697010040283,-3.9029204845428467,1.679650902748108
131.75944577792407,0.2001190185546875,0.19914865493774414,3.0994415283203125e-06,0.19914841651916504,-2.2224979400634766,-3.902918577194214,1.6804203987121582
131.8570949596146,0.20088958740234375,0.1999187469482422,2.86102294921875e-06,0.1999192237854004,-2.2217278480529785,-3.902918815612793,1.6811912059783936
131.95475499743137,0.20166778564453125,0.20069074630737305,1.9073486328125e-06,0.20069193840026855,-2.2209558486938477,-3.9029197692871094,1.6819639205932617
132.05242964038132,0.2024383544921875,0.20146465301513672,1.1920928955078125e-06,0.20146667957305908,-2.220181941986084,-3.9029204845428467,1.6827386617660522
132.15012408099915,0.203216552734375,0.20224332809448242,3.337860107421875e-06,0.20224308967590332,-2.2194032669067383,-3.9029183387756348,1.6835150718688965
132.24783151470157,0.2039947509765625,0.20302200317382812,3.814697265625e-06,0.20302116870880127,-2.2186245918273926,-3.9029178619384766,1.6842931509017944
132.3455500025855,0.20477294921875,0.20379924774169922,1.430511474609375e-06,0.20380079746246338,-2.2178473472595215,-3.9029202461242676,1.6850727796554565
132.44329042453325,0.20555877685546875,0.20458269119262695,3.0994415283203125e-06,0.20458269119262695,-2.2170639038085938,-3.902918577194214,1.6858546733856201
132.54104005998562,0.2063446044921875,0.2053661346435547,3.0994415283203125e-06,0.2053661346435547,-2.216280460357666,-3.902918577194214,1.6866381168365479
132.63880861025035,0.207122802734375,0.20615172386169434,3.5762786865234375e-06,0.20615136623382568,-2.2154948711395264,-3.9029181003570557,1.6874233484268188
132.7365895386318,0.20790863037109375,0.2069387435913086,3.337860107421875e-06,0.2069382667541504,-2.214707851409912,-3.9029183387756348,1.6882102489471436
132.83438689696428,0.20870208740234375,0.20772743225097656,3.5762786865234375e-06,0.20772695541381836,-2.213919162750244,-3.9029181003570557,1.6889989376068115
132.9321980943194,0.2094879150390625,0.20851540565490723,9.5367431640625e-07,0.20851731300354004,-2.2131311893463135,-3.902920722961426,1.6897892951965332
133.03002233375332,0.2102813720703125,0.20930719375610352,7.152557373046875e-07,0.20930957794189453,-2.212339401245117,-3.902920961380005,1.6905815601348877
133.12786433246558,0.2110748291015625,0.21010470390319824,3.814697265625e-06,0.21010375022888184,-2.2115418910980225,-3.9029178619384766,1.691375732421875
133.22572240210272,0.2118682861328125,0.21090030670166016,3.814697265625e-06,0.2108994722366333,-2.2107462882995605,-3.9029178619384766,1.6921714544296265
133.3235951261485,0.2126617431640625,0.21169710159301758,2.86102294921875e-06,0.21169734001159668,-2.209949493408203,-3.902918815612793,1.6929693222045898
133.4214800840122,0.2134552001953125,0.2124958038330078,2.384185791015625e-06,0.21249663829803467,-2.209150791168213,-3.902919292449951,1.6937686204910278
133.51937909678932,0.21425628662109375,0.21329641342163086,1.6689300537109375e-06,0.21329784393310547,-2.20835018157959,-3.9029200077056885,1.6945698261260986
133.61729611228853,0.215057373046875,0.21410083770751953,3.337860107421875e-06,0.21410083770751953,-2.207545757293701,-3.9029183387756348,1.6953728199005127
133.71522648202122,0.21585845947265625,0.2149057388305664,3.337860107421875e-06,0.21490561962127686,-2.2067408561706543,-3.9029183387756348,1.69617760181427
133.81317159085637,0.2166595458984375,0.21571016311645508,1.1920928955078125e-06,0.2157120704650879,-2.2059364318847656,-3.9029204845428467,1.696984052658081
133.91113274217824,0.21746063232421875,0.21651887893676758,1.6689300537109375e-06,0.21652042865753174,-2.205127716064453,-3.9029200077056885,1.697792410850525
134.00910381891575,0.21826934814453125,0.2173304557800293,3.0994415283203125e-06,0.2173304557800293,-2.2043161392211914,-3.902918577194214,1.6986024379730225
134.1070934951935,0.21907806396484375,0.21814274787902832,3.337860107421875e-06,0.21814239025115967,-2.2035038471221924,-3.9029183387756348,1.6994143724441528
134.20509765215837,0.21988677978515625,0.21895599365234375,2.86102294921875e-06,0.21895599365234375,-2.202690601348877,-3.902918815612793,1.700227975845337
134.3031207925573,0.22069549560546875,0.2197718620300293,3.337860107421875e-06,0.21977150440216064,-2.2018747329711914,-3.9029183387756348,1.7010434865951538
134.40115215833416,0.22150421142578125,0.22058725357055664,1.6689300537109375e-06,0.22058868408203125,-2.201059341430664,-3.9029200077056885,1.7018606662750244
134.49919778152554,0.222320556640625,0.2214059829711914,1.430511474609375e-06,0.22140765190124512,-2.2002406120300293,-3.9029202461242676,1.7026796340942383
134.59726085076207,0.2231292724609375,0.2222285270690918,3.337860107421875e-06,0.2222285270690918,-2.199418067932129,-3.9029183387756348,1.703500509262085
134.6953412820016,0.22394561767578125,0.2230515480041504,3.337860107421875e-06,0.2230510711669922,-2.1985950469970703,-3.9029183387756348,1.7043230533599854
134.7934307494724,0.22476959228515625,0.2238757610321045,3.337860107421875e-06,0.2238755226135254,-2.197770833969116,-3.9029183387756348,1.7051475048065186
134.89153845657282,0.2255859375,0.2247016429901123,3.337860107421875e-06,0.2247016429901123,-2.1969449520111084,-3.9029183387756348,1.7059736251831055
134.98965833400078,0.22640228271484375,0.22552990913391113,3.337860107421875e-06,0.22552955150604248,-2.1961166858673096,-3.9029183387756348,1.7068015336990356
135.0877937648146,0.22722625732421875,0.22635960578918457,3.337860107421875e-06,0.22635924816131592,-2.195286989212036,-3.9029183387756348,1.707631230354309
135.18594181981047,0.22805023193359375,0.22719049453735352,2.86102294921875e-06,0.22719049453735352,-2.194456100463867,-3.902918815612793,1.7084624767303467
135.28410900130214,0.22887420654296875,0.22802376747131348,3.0994415283203125e-06,0.22802400588989258,-2.1936228275299072,-3.902918577194214,1.7092959880828857
135.3822870809377,0.22969818115234375,0.22885894775390625,3.337860107421875e-06,0.2288588285446167,-2.1927876472473145,-3.9029183387756348,1.7101308107376099
135.48048064372367,0.23052978515625,0.22969412803649902,1.6689300537109375e-06,0.22969555854797363,-2.1919524669647217,-3.9029200077056885,1.7109675407409668
135.5786886778161,0.23136138916015625,0.23053264617919922,1.430511474609375e-06,0.23053407669067383,-2.1911139488220215,-3.9029202461242676,1.711806058883667
135.67691043919174,0.23218536376953125,0.23137235641479492,9.5367431640625e-07,0.23137450218200684,-2.190274238586426,-3.902920722961426,1.712646484375
135.77514614239047,0.23302459716796875,0.23221659660339355,3.0994415283203125e-06,0.23221659660339355,-2.189429998397827,-3.902918577194214,1.7134885787963867
135.87339606354615,0.233856201171875,0.2330608367919922,3.337860107421875e-06,0.23306035995483398,-2.1885857582092285,-3.9029183387756348,1.7143323421478271
135.97166133089115,0.23468780517578125,0.23390626907348633,3.337860107421875e-06,0.23390603065490723,-2.1877403259277344,-3.9029183387756348,1.7151780128479004
136.06994395144164,0.23552703857421875,0.23475337028503418,3.0994415283203125e-06,0.23475348949432373,-2.1868932247161865,-3.902918577194214,1.716025471687317
136.1682360770807,0.23636627197265625,0.23560237884521484,3.0994415283203125e-06,0.23560237884521484,-2.186044216156006,-3.902918577194214,1.716874361038208
136.26654387020815,0.23720550537109375,0.2364518642425537,1.9073486328125e-06,0.23645317554473877,-2.185194730758667,-3.9029197692871094,1.717725157737732
136.36486630238707,0.23804473876953125,0.2373058795928955,3.0994415283203125e-06,0.2373058795928955,-2.184340715408325,-3.902918577194214,1.7185778617858887
136.46320229727638,0.2388916015625,0.2381596565246582,2.86102294921875e-06,0.23815977573394775,-2.1834869384765625,-3.902918815612793,1.719431757926941
136.56155122880412,0.2397308349609375,0.2390134334564209,7.152557373046875e-07,0.23901593685150146,-2.1826331615448,-3.902920961380005,1.7202879190444946
136.65991939496277,0.24057769775390625,0.23987460136413574,3.814697265625e-06,0.23987388610839844,-2.181771993637085,-3.9029178619384766,1.7211458683013916
136.75829784501008,0.241424560546875,0.24073362350463867,3.337860107421875e-06,0.24073314666748047,-2.180912971496582,-3.9029183387756348,1.7220051288604736
136.85669011854773,0.24227142333984375,0.2415926456451416,1.6689300537109375e-06,0.2415940761566162,-2.180053949356079,-3.9029200077056885,1.7228660583496094
136.9550969812946,0.24312591552734375,0.24245786666870117,4.0531158447265625e-06,0.24245667457580566,-2.1791887283325195,-3.9029176235198975,1.7237286567687988
137.05351731209421,0.2439727783203125,0.24331927299499512,1.1920928955078125e-06,0.24332129955291748,-2.1783273220062256,-3.9029204845428467,1.7245932817459106
137.15195548046879,0.2448272705078125,0.2441878318786621,3.337860107421875e-06,0.24418771266937256,-2.1774587631225586,-3.9029183387756348,1.7254596948623657
137.2504017969511,0.2456817626953125,0.2450554370880127,2.86102294921875e-06,0.2450554370880127,-2.176591157913208,-3.902918815612793,1.7263274192810059
137.34886683126632,0.2465362548828125,0.245924711227417,2.86102294921875e-06,0.2459249496459961,-2.1757218837738037,-3.902918815612793,1.7271969318389893
137.44734631156734,0.24739837646484375,0.2467968463897705,3.5762786865234375e-06,0.2467961311340332,-2.17484974861145,-3.9029181003570557,1.7280681133270264
137.5458348963581,0.24825286865234375,0.24766898155212402,3.0994415283203125e-06,0.24766898155212402,-2.1739776134490967,-3.902918577194214,1.7289409637451172
137.64433964410625,0.249114990234375,0.24854183197021484,1.430511474609375e-06,0.24854350090026855,-2.173104763031006,-3.9029202461242676,1.7298154830932617
137.74285989714534,0.24997711181640625,0.24941778182983398,1.1920928955078125e-06,0.2494196891784668,-2.1722288131713867,-3.9029204845428467,1.73069167137146
137.84139331071964,0.2508392333984375,0.25029587745666504,1.430511474609375e-06,0.25029754638671875,-2.1713507175445557,-3.9029202461242676,1.731569528579712
137.93994017803783,0.251708984375,0.2511754035949707,1.430511474609375e-06,0.2511770725250244,-2.17047119140625,-3.9029202461242676,1.7324490547180176
138.03850332281095,0.25257110595703125,0.2520580291748047,3.0994415283203125e-06,0.2520580291748047,-2.169588565826416,-3.902918577194214,1.7333300113677979
138.13707732538822,0.25344085693359375,0.2529418468475342,3.814697265625e-06,0.2529408931732178,-2.1687047481536865,-3.9029178619384766,1.734212875366211
138.23566541168145,0.25431060791015625,0.25382375717163086,1.430511474609375e-06,0.25382542610168457,-2.16782283782959,-3.9029202461242676,1.7350974082946777
138.33426756230384,0.25518035888671875,0.254711389541626,3.337860107421875e-06,0.254711389541626,-2.1669352054595947,-3.9029183387756348,1.7359833717346191
138.43288411409813,0.25605010986328125,0.2555975914001465,1.6689300537109375e-06,0.2555990219116211,-2.166049003601074,-3.9029200077056885,1.7368710041046143
138.5315122815036,0.256927490234375,0.2564888000488281,3.5762786865234375e-06,0.2564883232116699,-2.1651577949523926,-3.9029181003570557,1.737760305404663
138.63015775960218,0.25780487060546875,0.25737953186035156,3.337860107421875e-06,0.2573791742324829,-2.164267063140869,-3.9029183387756348,1.738651156425476
138.7288165410378,0.2586822509765625,0.2582716941833496,3.0994415283203125e-06,0.2582716941833496,-2.163374900817871,-3.902918577194214,1.7395436763763428
138.82748703795443,0.25955963134765625,0.25916576385498047,3.337860107421875e-06,0.25916576385498047,-2.1624808311462402,-3.9029183387756348,1.7404377460479736
138.92617276082817,0.26043701171875,0.26006150245666504,2.86102294921875e-06,0.2600616216659546,-2.1615850925445557,-3.902918815612793,1.7413336038589478
139.02487149716129,0.261322021484375,0.2609593868255615,3.337860107421875e-06,0.26095879077911377,-2.160687208175659,-3.9029183387756348,1.742230772972107
139.1235834787805,0.26219940185546875,0.2618575096130371,2.86102294921875e-06,0.26185786724090576,-2.1597890853881836,-3.902918815612793,1.743129849433899
139.22230899538886,0.26308441162109375,0.26275634765625,1.1920928955078125e-06,0.2627582550048828,-2.1588902473449707,-3.9029204845428467,1.744030237197876
139.32104724639464,0.26396942138671875,0.26366090774536133,3.337860107421875e-06,0.2636606693267822,-2.1579856872558594,-3.9029183387756348,1.7449326515197754
139.4198027870614,0.26485443115234375,0.26456212997436523,9.5367431640625e-07,0.2645643949508667,-2.1570844650268555,-3.902920722961426,1.7458363771438599
139.51856858618098,0.2657470703125,0.265470027923584,3.337860107421875e-06,0.265470027923584,-2.1561765670776367,-3.9029183387756348,1.7467420101165771
139.61734637312856,0.26663970947265625,0.2663764953613281,3.337860107421875e-06,0.2663767337799072,-2.1552700996398926,-3.9029183387756348,1.7476487159729004
139.7161407475317,0.2675323486328125,0.2672853469848633,3.337860107421875e-06,0.2672853469848633,-2.1543612480163574,-3.9029183387756348,1.7485573291778564
139.81495033550047,0.26842498779296875,0.26819610595703125,3.814697265625e-06,0.2681955099105835,-2.1534504890441895,-3.9029178619384766,1.7494674921035767
139.91376827274988,0.269317626953125,0.2691073417663574,2.86102294921875e-06,0.2691073417663574,-2.1525392532348633,-3.902918815612793,1.7503793239593506
140.01260147133334,0.27021026611328125,0.2700204849243164,2.86102294921875e-06,0.2700204849243164,-2.1516261100769043,-3.902918815612793,1.7512924671173096
140.11144720309804,0.27111053466796875,0.2709352970123291,3.337860107421875e-06,0.2709352970123291,-2.1507112979888916,-3.9029183387756348,1.7522072792053223
140.21030921116522,0.27201080322265625,0.2718501091003418,1.1920928955078125e-06,0.27185189723968506,-2.149796485900879,-3.9029204845428467,1.7531238794326782
140.30918224499095,0.27291107177734375,0.2727699279785156,2.86102294921875e-06,0.2727699279785156,-2.148876667022705,-3.902918815612793,1.7540419101715088
140.4080696336476,0.27381134033203125,0.27368927001953125,2.6226043701171875e-06,0.2736896276473999,-2.1479573249816895,-3.902919054031372,1.754961609840393
140.5069724040398,0.27471923828125,0.2746105194091797,2.384185791015625e-06,0.2746109962463379,-2.147036075592041,-3.902919292449951,1.755882978439331
140.60588307320637,0.2756195068359375,0.2755317687988281,1.430511474609375e-06,0.2755333185195923,-2.1461148262023926,-3.9029202461242676,1.7568053007125854
140.70481253502808,0.27652740478515625,0.2764582633972168,3.814697265625e-06,0.27645790576934814,-2.145188331604004,-3.9029178619384766,1.7577298879623413
140.8037503361658,0.277435302734375,0.27738404273986816,3.337860107421875e-06,0.27738380432128906,-2.1442625522613525,-3.9029183387756348,1.7586557865142822
140.90270581283923,0.27834320068359375,0.27831125259399414,2.86102294921875e-06,0.2783113718032837,-2.1433353424072266,-3.902918815612793,1.7595833539962769
141.00167219626556,0.2792510986328125,0.2792387008666992,1.430511474609375e-06,0.27924036979675293,-2.1424078941345215,-3.9029202461242676,1.760512351989746
141.10065097958218,0.2801666259765625,0.28017091751098633,3.337860107421875e-06,0.28017115592956543,-2.1414756774902344,-3.9029183387756348,1.7614431381225586
141.19964608501638,0.2810821533203125,0.28110313415527344,3.0994415283203125e-06,0.28110313415527344,-2.1405434608459473,-3.902918577194214,1.7623751163482666
141.29865081227555,0.2819976806640625,0.28203511238098145,1.1920928955078125e-06,0.28203701972961426,-2.1396114826202393,-3.9029204845428467,1.7633090019226074
141.39767092527248,0.2829132080078125,0.2829725742340088,3.814697265625e-06,0.2829720973968506,-2.138674020767212,-3.9029178619384766,1.7642440795898438
141.49670015267088,0.2838287353515625,0.2839088439941406,3.337860107421875e-06,0.2839090824127197,-2.13773775100708,-3.9029183387756348,1.765181064605713
141.595745777019,0.28475189208984375,0.28484582901000977,1.430511474609375e-06,0.2848474979400635,-2.136800765991211,-3.9029202461242676,1.7661194801330566
141.69480345567345,0.285675048828125,0.28578710556030273,3.0994415283203125e-06,0.28578734397888184,-2.135859489440918,-3.902918577194214,1.767059326171875
141.79387490567518,0.28659820556640625,0.2867293357849121,3.814697265625e-06,0.2867286205291748,-2.1349172592163086,-3.9029178619384766,1.768000602722168
141.8929594140827,0.2875213623046875,0.2876713275909424,2.86102294921875e-06,0.2876713275909424,-2.1339752674102783,-3.902918815612793,1.7689433097839355
141.99205795972983,0.28844451904296875,0.28861331939697266,7.152557373046875e-07,0.28861570358276367,-2.133033275604248,-3.902920961380005,1.7698876857757568
142.09116617847633,0.28937530517578125,0.28956174850463867,2.86102294921875e-06,0.28956174850463867,-2.132084846496582,-3.902918815612793,1.7708337306976318
142.19028888032867,0.2902984619140625,0.2905092239379883,3.337860107421875e-06,0.29050910472869873,-2.1311373710632324,-3.9029183387756348,1.771781086921692
142.2894238072437,0.291229248046875,0.2914578914642334,2.86102294921875e-06,0.2914578914642334,-2.1301887035369873,-3.902918815612793,1.7727298736572266
142.3885753671235,0.2921600341796875,0.29240870475769043,3.337860107421875e-06,0.2924083471298218,-2.1292378902435303,-3.9029183387756348,1.773680329322815
142.48773576607468,0.29309844970703125,0.29335808753967285,9.5367431640625e-07,0.2933601140975952,-2.128288507461548,-3.902920722961426,1.7746320962905884
142.58690810020272,0.29402923583984375,0.2943143844604492,4.0531158447265625e-06,0.2943134307861328,-2.1273322105407715,-3.9029176235198975,1.775585412979126
142.6860952138767,0.2949676513671875,0.29526782035827637,2.86102294921875e-06,0.29526805877685547,-2.1263787746429443,-3.902918815612793,1.7765400409698486
142.785295277255,0.29590606689453125,0.29622411727905273,2.86102294921875e-06,0.29622435569763184,-2.125422477722168,-3.902918815612793,1.777496337890625
142.88450736014224,0.296844482421875,0.297182559967041,3.814697265625e-06,0.2971816062927246,-2.1244640350341797,-3.9029178619384766,1.7784535884857178
142.98373321476598,0.29778289794921875,0.2981412410736084,3.814697265625e-06,0.29814064502716064,-2.1235053539276123,-3.9029178619384766,1.7794126272201538
143.08297000486604,0.29872894287109375,0.2991011142730713,3.337860107421875e-06,0.29910099506378174,-2.1225454807281494,-3.9029183387756348,1.780372977256775
143.1822204326211,0.2996673583984375,0.3000631332397461,3.0994415283203125e-06,0.300062894821167,-2.1215834617614746,-3.902918577194214,1.7813348770141602
143.2814834494881,0.3006134033203125,0.3010258674621582,3.0994415283203125e-06,0.30102598667144775,-2.1206207275390625,-3.902918577194214,1.782297968864441
143.38075758382882,0.3015594482421875,0.3019886016845703,1.430511474609375e-06,0.3019903898239136,-2.1196579933166504,-3.9029202461242676,1.7832623720169067
143.4800448534799,0.30251312255859375,0.30295634269714355,3.0994415283203125e-06,0.30295610427856445,-2.118690252304077,-3.902918577194214,1.7842280864715576
143.57934847536558,0.30345916748046875,0.3039236068725586,3.0994415283203125e-06,0.30392348766326904,-2.117722988128662,-3.902918577194214,1.7851954698562622
143.6786601857652,0.304412841796875,0.30489158630371094,2.86102294921875e-06,0.3048919439315796,-2.1167550086975098,-3.902918815612793,1.7861639261245728
143.77798451793086,0.30536651611328125,0.3058629035949707,4.291534423828125e-06,0.3058617115020752,-2.11578369140625,-3.9029173851013184,1.7871336936950684
143.8773230769062,0.3063201904296875,0.30683112144470215,1.430511474609375e-06,0.30683279037475586,-2.1148154735565186,-3.9029202461242676,1.788104772567749
143.97667374397884,0.30727386474609375,0.30780601501464844,4.0531158447265625e-06,0.30780506134033203,-2.1138405799865723,-3.9029176235198975,1.7890770435333252
144.0760351471915,0.3082275390625,0.3087794780731201,3.814697265625e-06,0.3087790012359619,-2.1128671169281006,-3.9029178619384766,1.790050983428955
144.17541163061355,0.3091888427734375,0.3097541332244873,3.814697265625e-06,0.3097536563873291,-2.1118924617767334,-3.9029178619384766,1.7910256385803223
144.27479811765923,0.310150146484375,0.3107306957244873,3.814697265625e-06,0.31072986125946045,-2.1109158992767334,-3.9029178619384766,1.7920018434524536
144.37419934731815,0.3111114501953125,0.3117055892944336,1.1920928955078125e-06,0.3117072582244873,-2.109941005706787,-3.9029204845428467,1.7929792404174805
144.47360867944641,0.31207275390625,0.3126864433288574,3.5762786865234375e-06,0.31268608570098877,-2.1089601516723633,-3.9029181003570557,1.793958067893982
144.57303355502637,0.3130340576171875,0.31366634368896484,3.337860107421875e-06,0.31366610527038574,-2.107980251312256,-3.9029183387756348,1.794938087463379
144.67247147627717,0.31400299072265625,0.31464672088623047,2.6226043701171875e-06,0.3146473169326782,-2.1069998741149902,-3.902919054031372,1.7959192991256714
144.77191910486644,0.314971923828125,0.3156299591064453,3.337860107421875e-06,0.3156294822692871,-2.1060166358947754,-3.9029183387756348,1.7969014644622803
144.87138044766795,0.31594085693359375,0.31661319732666016,3.337860107421875e-06,0.31661319732666016,-2.1050333976745605,-3.9029183387756348,1.7978851795196533
144.97085312210203,0.3169097900390625,0.317598819732666,3.814697265625e-06,0.3175978660583496,-2.1040477752685547,-3.9029178619384766,1.7988698482513428
145.07033852847638,0.31787872314453125,0.31858181953430176,1.430511474609375e-06,0.31858372688293457,-2.103064775466919,-3.9029202461242676,1.7998557090759277
145.1698345209738,0.31885528564453125,0.31957006454467773,1.9073486328125e-06,0.3195711374282837,-2.102076530456543,-3.9029197692871094,1.8008431196212769
145.26934545433767,0.31982421875,0.3205575942993164,1.1920928955078125e-06,0.32055962085723877,-2.1010890007019043,-3.9029204845428467,1.801831603050232
145.36886646818556,0.32080078125,0.3215479850769043,1.9073486328125e-06,0.3215491771697998,-2.1000986099243164,-3.9029197692871094,1.802821159362793
145.46839897476963,0.32178497314453125,0.3225409984588623,3.337860107421875e-06,0.322540283203125,-2.0991055965423584,-3.9029183387756348,1.8038122653961182
145.5679450484153,0.32276153564453125,0.3235325813293457,3.337860107421875e-06,0.3235323429107666,-2.098114013671875,-3.9029183387756348,1.8048043251037598
145.6675024577312,0.32373809814453125,0.3245258331298828,3.0994415283203125e-06,0.32452571392059326,-2.097120761871338,-3.902918577194214,1.8057976961135864
145.7670714272758,0.3247222900390625,0.32552170753479004,4.291534423828125e-06,0.32552051544189453,-2.0961248874664307,-3.9029173851013184,1.8067924976348877
145.86665306546604,0.32570648193359375,0.32651662826538086,2.86102294921875e-06,0.32651638984680176,-2.09512996673584,-3.902918815612793,1.807788372039795
145.96624497246532,0.326690673828125,0.3275120258331299,1.430511474609375e-06,0.3275136947631836,-2.094134569168091,-3.9029202461242676,1.8087856769561768
146.0658493816069,0.32767486572265625,0.32851076126098633,1.9073486328125e-06,0.32851219177246094,-2.0931358337402344,-3.9029197692871094,1.809784173965454
146.16546717404552,0.32866668701171875,0.329509973526001,1.1920928955078125e-06,0.3295118808746338,-2.0921366214752197,-3.9029204845428467,1.810783863067627
146.26509488929318,0.32965850830078125,0.33051204681396484,1.9073486328125e-06,0.33051300048828125,-2.091134548187256,-3.9029197692871094,1.8117849826812744
146.3647346322077,0.33065032958984375,0.3315157890319824,3.337860107421875e-06,0.3315157890319824,-2.0901308059692383,-3.9029183387756348,1.8127877712249756
146.46438806668823,0.33164215087890625,0.3325200080871582,3.5762786865234375e-06,0.33251953125,-2.0891265869140625,-3.9029181003570557,1.8137915134429932
146.56405123287217,0.33263397216796875,0.3335251808166504,4.0531158447265625e-06,0.33352458477020264,-2.0881214141845703,-3.9029176235198975,1.8147965669631958
146.6637258806457,0.33362579345703125,0.3345317840576172,3.814697265625e-06,0.334531307220459,-2.0871148109436035,-3.9029178619384766,1.8158032894134521
146.76341343063066,0.334625244140625,0.3355374336242676,1.430511474609375e-06,0.33553898334503174,-2.086109161376953,-3.9029202461242676,1.816810965538025
146.86311303794432,0.33562469482421875,0.3365483283996582,3.337860107421875e-06,0.3365483283996582,-2.0850982666015625,-3.9029183387756348,1.8178203105926514
146.96282395368868,0.3366241455078125,0.33755970001220703,3.814697265625e-06,0.3375591039657593,-2.0840868949890137,-3.9029178619384766,1.8188310861587524
147.06254305452933,0.33762359619140625,0.33857202529907227,3.814697265625e-06,0.33857107162475586,-2.0830745697021484,-3.9029178619384766,1.819843053817749
147.16227794670652,0.33863067626953125,0.3395833969116211,1.6689300537109375e-06,0.3395845890045166,-2.0820631980895996,-3.9029200077056885,1.8208565711975098
147.26202373919614,0.339630126953125,0.34060049057006836,3.337860107421875e-06,0.3406001329421997,-2.0810461044311523,-3.9029183387756348,1.8218721151351929
147.36177992381334,0.34063720703125,0.3416173458099365,4.0531158447265625e-06,0.3416163921356201,-2.080029249191284,-3.9029176235198975,1.8228883743286133
147.46154811572174,0.341644287109375,0.342632532119751,1.430511474609375e-06,0.3426344394683838,-2.0790140628814697,-3.9029202461242676,1.823906421661377
147.56132637321772,0.3426513671875,0.34365177154541016,9.5367431640625e-07,0.3436540365219116,-2.0779948234558105,-3.902920722961426,1.8249260187149048
147.66111855412706,0.34366607666015625,0.34467506408691406,3.0994415283203125e-06,0.34467506408691406,-2.0769715309143066,-3.902918577194214,1.8259470462799072
147.7609192506664,0.34467315673828125,0.34569597244262695,1.430511474609375e-06,0.3456975221633911,-2.0759506225585938,-3.9029202461242676,1.8269695043563843
147.86073342435637,0.3456878662109375,0.34672117233276367,2.86102294921875e-06,0.3467215299606323,-2.074925422668457,-3.902918815612793,1.8279935121536255
147.960558386842,0.34670257568359375,0.3477473258972168,3.337860107421875e-06,0.3477470874786377,-2.073899269104004,-3.9029183387756348,1.8290190696716309
148.06039327670103,0.34771728515625,0.34877443313598633,3.337860107421875e-06,0.3487743139266968,-2.0728721618652344,-3.9029183387756348,1.83004629611969
148.16024106962905,0.3487396240234375,0.34980344772338867,3.5762786865234375e-06,0.34980297088623047,-2.071843147277832,-3.9029181003570557,1.8310749530792236
148.2601009260098,0.34975433349609375,0.3508329391479492,3.337860107421875e-06,0.3508327007293701,-2.0708136558532715,-3.9029183387756348,1.8321046829223633
148.35996940618404,0.35077667236328125,0.3518650531768799,3.814697265625e-06,0.3518643379211426,-2.069781541824341,-3.9029178619384766,1.8331363201141357
148.45984960590246,0.35179901123046875,0.35289812088012695,3.814697265625e-06,0.35289740562438965,-2.0687484741210938,-3.9029178619384766,1.8341693878173828
148.55974231306232,0.35282135009765625,0.35393214225769043,3.337860107421875e-06,0.35393190383911133,-2.0677144527435303,-3.9029183387756348,1.8352038860321045
148.6596461649439,0.353851318359375,0.3549680709838867,3.337860107421875e-06,0.3549680709838867,-2.066678524017334,-3.9029183387756348,1.8362400531768799
148.75956042203234,0.3548736572265625,0.3560056686401367,3.337860107421875e-06,0.3560054302215576,-2.065640926361084,-3.9029183387756348,1.8372774124145508
148.8594866372771,0.35590362548828125,0.3570418357849121,4.76837158203125e-07,0.3570442199707031,-2.0646047592163086,-3.902921199798584,1.8383162021636963
148.95942248916234,0.35693359375,0.35808515548706055,3.814697265625e-06,0.35808444023132324,-2.06356143951416,-3.9029178619384766,1.8393564224243164
149.05936940995358,0.35796356201171875,0.35912656784057617,3.814697265625e-06,0.3591259717941284,-2.0625200271606445,-3.9029178619384766,1.8403979539871216
149.1593289271825,0.3589935302734375,0.3601694107055664,3.337860107421875e-06,0.36016905307769775,-2.0614771842956543,-3.9029183387756348,1.841441035270691
149.25929652583653,0.3600311279296875,0.36121153831481934,1.430511474609375e-06,0.3612133264541626,-2.0604350566864014,-3.9029202461242676,1.8424853086471558
149.3592784212744,0.3610687255859375,0.3622593879699707,3.5762786865234375e-06,0.36225879192352295,-2.05938720703125,-3.9029181003570557,1.8435307741165161
149.45926945792115,0.3621063232421875,0.36330652236938477,3.5762786865234375e-06,0.363305926322937,-2.058340072631836,-3.9029181003570557,1.8445779085159302
149.55927113333846,0.3631439208984375,0.3643515110015869,7.152557373046875e-07,0.36435413360595703,-2.057295083999634,-3.902920961380005,1.8456261157989502
149.65928399352603,0.3641815185546875,0.365403413772583,2.86102294921875e-06,0.365403413772583,-2.0562431812286377,-3.902918815612793,1.8466753959655762
149.7593060545663,0.3652191162109375,0.366455078125,4.5299530029296875e-06,0.3664538860321045,-2.0551915168762207,-3.9029171466827393,1.8477258682250977
149.85934003314443,0.36626434326171875,0.36750316619873047,7.152557373046875e-07,0.36750543117523193,-2.0541434288024902,-3.902920961380005,1.848777413368225
149.95938582827972,0.3673095703125,0.3685588836669922,3.5762786865234375e-06,0.368558406829834,-2.0530877113342285,-3.9029181003570557,1.8498303890228271
150.05944025941628,0.36835479736328125,0.369612455368042,3.337860107421875e-06,0.3696122169494629,-2.0520341396331787,-3.9029183387756348,1.850884199142456
150.15950786973096,0.3694000244140625,0.3706653118133545,1.430511474609375e-06,0.37066709995269775,-2.050981283187866,-3.9029202461242676,1.851939082145691
150.2595848409037,0.370452880859375,0.3717210292816162,1.430511474609375e-06,0.371722936630249,-2.0499255657196045,-3.9029202461242676,1.8529949188232422
150.35967294855288,0.37149810791015625,0.37278032302856445,3.337860107421875e-06,0.37278008460998535,-2.0488662719726562,-3.9029183387756348,1.8540520668029785
150.45976996182176,0.37255096435546875,0.373837947845459,3.337860107421875e-06,0.3738377094268799,-2.0478086471557617,-3.9029183387756348,1.855109691619873
150.55988005863358,0.37360382080078125,0.374896764755249,3.0994415283203125e-06,0.374896764755249,-2.0467498302459717,-3.902918577194214,1.8561687469482422
150.6599995049386,0.374664306640625,0.37595653533935547,3.337860107421875e-06,0.37595653533935547,-2.0456900596618652,-3.9029183387756348,1.8572285175323486
150.76012909304325,0.3757171630859375,0.3770174980163574,3.814697265625e-06,0.3770170211791992,-2.0446290969848633,-3.9029178619384766,1.8582890033721924
150.86026871165362,0.37677764892578125,0.37807679176330566,1.430511474609375e-06,0.3780785799026489,-2.043569803237915,-3.9029202461242676,1.859350562095642
150.96041827090133,0.37783050537109375,0.37914156913757324,3.814697265625e-06,0.3791409730911255,-2.0425050258636475,-3.9029178619384766,1.8604129552841187
151.06058079011206,0.3788909912109375,0.3802042007446289,3.337860107421875e-06,0.3802039623260498,-2.041442394256592,-3.9029183387756348,1.861475944519043
151.16075159360585,0.3799591064453125,0.3812680244445801,3.0994415283203125e-06,0.3812680244445801,-2.0403785705566406,-3.902918577194214,1.8625400066375732
151.26093421285069,0.38101959228515625,0.38233280181884766,3.0994415283203125e-06,0.3823326826095581,-2.039313793182373,-3.902918577194214,1.8636046648025513
151.36112734042146,0.38208770751953125,0.38339853286743164,3.337860107421875e-06,0.38339829444885254,-2.038248062133789,-3.9029183387756348,1.8646702766418457
151.46132812508327,0.383148193359375,0.3844625949859619,9.5367431640625e-07,0.3844646215438843,-2.037184000015259,-3.902920722961426,1.8657366037368774
151.5615401476562,0.38421630859375,0.3855314254760742,2.86102294921875e-06,0.3855316638946533,-2.0361151695251465,-3.902918815612793,1.8668036460876465
151.66176454409077,0.38529205322265625,0.3865995407104492,3.337860107421875e-06,0.3865993022918701,-2.0350470542907715,-3.9029183387756348,1.8678712844848633
151.76199695911217,0.38636016845703125,0.3876686096191406,3.814697265625e-06,0.3876678943634033,-2.03397798538208,-3.9029178619384766,1.8689398765563965
151.86223999560667,0.3874359130859375,0.38873720169067383,3.337860107421875e-06,0.38873720169067383,-2.032909393310547,-3.9029183387756348,1.870009183883667
151.96249367628863,0.3885040283203125,0.38980531692504883,1.1920928955078125e-06,0.38980746269226074,-2.031841278076172,-3.9029204845428467,1.871079444885254
152.06275777742255,0.38957977294921875,0.39089393615722656,7.152557373046875e-07,0.390896201133728,-2.030752658843994,-3.902920961380005,1.8721681833267212
152.16303141090327,0.390655517578125,0.3919954299926758,3.5762786865234375e-06,0.39199507236480713,-2.029651165008545,-3.9029181003570557,1.8732670545578003
152.26331428143348,0.3917388916015625,0.3930954933166504,3.814697265625e-06,0.3930950164794922,-2.0285511016845703,-3.9029178619384766,1.8743669986724854
152.3636090223482,0.39281463623046875,0.3941960334777832,3.0994415283203125e-06,0.39419591426849365,-2.0274505615234375,-3.902918577194214,1.8754678964614868
152.46391107650751,0.39389801025390625,0.3952982425689697,3.337860107421875e-06,0.3952978849411011,-2.026348352432251,-3.9029183387756348,1.8765698671340942
152.5642239867821,0.39498138427734375,0.39640092849731445,3.814697265625e-06,0.3964005708694458,-2.0252456665039062,-3.9029178619384766,1.877672553062439
152.66454796010873,0.39606475830078125,0.3975048065185547,3.814697265625e-06,0.3975040912628174,-2.024141788482666,-3.9029178619384766,1.8787760734558105
152.76488136820868,0.39714813232421875,0.3986086845397949,3.337860107421875e-06,0.3986084461212158,-2.023037910461426,-3.9029183387756348,1.879880428314209
152.86522373129688,0.3982391357421875,0.39971160888671875,9.5367431640625e-07,0.39971399307250977,-2.021934986114502,-3.902920722961426,1.880985975265503
152.965576114464,0.39933013916015625,0.4008214473724365,4.291534423828125e-06,0.4008200168609619,-2.020825147628784,-3.9029173851013184,1.882091999053955
153.06594006162493,0.400421142578125,0.4019279479980469,3.337860107421875e-06,0.4019275903701782,-2.019718647003174,-3.9029183387756348,1.8831995725631714
153.16631382535738,0.40151214599609375,0.40303564071655273,2.86102294921875e-06,0.40303587913513184,-2.018610954284668,-3.902918815612793,1.884307861328125
153.26669340979754,0.4026031494140625,0.404144287109375,1.9073486328125e-06,0.40414535999298096,-2.0175023078918457,-3.9029197692871094,1.8854173421859741
153.36708622203463,0.40369415283203125,0.4052562713623047,4.0531158447265625e-06,0.40525567531585693,-2.016390323638916,-3.9029176235198975,1.88652765750885
153.46748812290707,0.40479278564453125,0.40636682510375977,2.86102294921875e-06,0.40636730194091797,-2.015279769897461,-3.902918815612793,1.8876392841339111
153.5678978898208,0.40589141845703125,0.40747976303100586,3.337860107421875e-06,0.4074796438217163,-2.014166831970215,-3.9029183387756348,1.8887516260147095
153.66831985354347,0.40699005126953125,0.40859317779541016,2.86102294921875e-06,0.4085935354232788,-2.0130534172058105,-3.902918815612793,1.889865517616272
153.76874966065282,0.40808868408203125,0.40970611572265625,1.9073486328125e-06,0.4097074270248413,-2.0119404792785645,-3.9029197692871094,1.8909794092178345
153.86918962124037,0.4091949462890625,0.41081738471984863,3.0994415283203125e-06,0.4108172655105591,-2.010829210281372,-3.902918577194214,1.8920892477035522
153.96963976728597,0.4102935791015625,0.4119279384613037,2.86102294921875e-06,0.41192805767059326,-2.009718656539917,-3.902918815612793,1.8932000398635864
154.07009724094246,0.41139984130859375,0.4130401611328125,2.86102294921875e-06,0.41304028034210205,-2.008606433868408,-3.902918815612793,1.8943122625350952
154.17056475905292,0.412506103515625,0.414154052734375,3.337860107421875e-06,0.41415369510650635,-2.0074925422668457,-3.9029183387756348,1.8954256772994995
154.27104385608382,0.41361236572265625,0.4152686595916748,3.0994415283203125e-06,0.41526854038238525,-2.006377935409546,-3.902918577194214,1.8965405225753784
154.3715295575486,0.41472625732421875,0.4163846969604492,3.337860107421875e-06,0.4163844585418701,-2.0052618980407715,-3.9029183387756348,1.8976564407348633
154.4720256608421,0.41583251953125,0.41750192642211914,3.337860107421875e-06,0.41750168800354004,-2.0041446685791016,-3.9029183387756348,1.8987736701965332
154.5725307375293,0.4169464111328125,0.41861653327941895,3.337860107421875e-06,0.41861629486083984,-2.0030300617218018,-3.9029183387756348,1.899888277053833
154.67304478577717,0.418060302734375,0.41973257064819336,3.814697265625e-06,0.4197322130203247,-2.0019140243530273,-3.9029178619384766,1.9010041952133179
154.7735716813842,0.4191741943359375,0.4208502769470215,3.5762786865234375e-06,0.4208498001098633,-2.000796318054199,-3.9029181003570557,1.9021217823028564
154.87410381223287,0.42029571533203125,0.421968936920166,3.5762786865234375e-06,0.42196857929229736,-1.9996776580810547,-3.9029181003570557,1.9032405614852905
154.97464451596727,0.42140960693359375,0.42308759689331055,1.9073486328125e-06,0.42308878898620605,-1.9985589981079102,-3.9029197692871094,1.9043607711791992
155.07519649608244,0.4225311279296875,0.42421185970306396,3.814697265625e-06,0.4242110252380371,-1.9974347352981567,-3.9029178619384766,1.9054830074310303
155.17575722474822,0.42365264892578125,0.4253345727920532,3.0994415283203125e-06,0.4253349304199219,-1.9963120222091675,-3.902918577194214,1.906606912612915
155.27632589191305,0.424774169921875,0.42645859718322754,1.430511474609375e-06,0.4264601469039917,-1.9951879978179932,-3.9029202461242676,1.9077321290969849
155.37690530009573,0.4259033203125,0.42758965492248535,3.337860107421875e-06,0.42758917808532715,-1.9940569400787354,-3.9029183387756348,1.9088611602783203
155.4774933254596,0.42702484130859375,0.42872118949890137,3.814697265625e-06,0.42872071266174316,-1.9929254055023193,-3.9029178619384766,1.9099926948547363
155.57809059126998,0.42815399169921875,0.4298543930053711,3.814697265625e-06,0.42985379695892334,-1.9917922019958496,-3.9029178619384766,1.9111257791519165
155.67869729743066,0.42928314208984375,0.43098950386047363,3.0994415283203125e-06,0.4309893846511841,-1.990657091140747,-3.902918577194214,1.9122613668441772
155.7793101856197,0.43041229248046875,0.432125449180603,1.9073486328125e-06,0.4321267604827881,-1.9895211458206177,-3.9029197692871094,1.9133987426757812
155.87993359573258,0.43154144287109375,0.4332677125930786,3.337860107421875e-06,0.43326735496520996,-1.988378882408142,-3.9029183387756348,1.9145393371582031
155.98056603830992,0.43267822265625,0.43441081047058105,3.337860107421875e-06,0.4344104528427124,-1.9872357845306396,-3.9029183387756348,1.9156824350357056
156.08120621755003,0.433807373046875,0.43555641174316406,2.6226043701171875e-06,0.43555665016174316,-1.9860901832580566,-3.902919054031372,1.9168286323547363
156.18185755830604,0.43494415283203125,0.4367070198059082,3.814697265625e-06,0.43670642375946045,-1.9849395751953125,-3.9029178619384766,1.9179784059524536
156.28251486975796,0.43608856201171875,0.4378606081008911,3.337860107421875e-06,0.43786048889160156,-1.9837859869003296,-3.9029183387756348,1.9191324710845947
156.38318312129744,0.437225341796875,0.4390186071395874,3.337860107421875e-06,0.43901848793029785,-1.9826279878616333,-3.9029183387756348,1.920290470123291
156.48385933328345,0.43836212158203125,0.44017839431762695,7.152557373046875e-07,0.44018077850341797,-1.9814682006835938,-3.902920961380005,1.9214527606964111
156.58454454543266,0.43950653076171875,0.44134819507598877,3.814697265625e-06,0.44134747982025146,-1.980298399925232,-3.9029178619384766,1.9226194620132446
156.68523725101582,0.44065093994140625,0.44251585006713867,9.5367431640625e-07,0.4425177574157715,-1.979130744934082,-3.902920722961426,1.9237897396087646
156.78593782415786,0.44179534912109375,0.44369077682495117,2.86102294921875e-06,0.4436912536621094,-1.9779558181762695,-3.902918815612793,1.9249632358551025
156.88664894447064,0.44293975830078125,0.44486844539642334,3.5762786865234375e-06,0.44486820697784424,-1.9767781496047974,-3.9029181003570557,1.9261401891708374
156.98736870195157,0.444091796875,0.4460484981536865,4.0531158447265625e-06,0.44604766368865967,-1.9755980968475342,-3.9029176235198975,1.9273196458816528
157.0880960677682,0.4452362060546875,0.4472280740737915,1.1920928955078125e-06,0.44723010063171387,-1.9744185209274292,-3.9029204845428467,1.928502082824707
157.188830946321,0.44638824462890625,0.44841527938842773,3.5762786865234375e-06,0.44841480255126953,-1.973231315612793,-3.9029181003570557,1.9296867847442627
157.28957463112354,0.447540283203125,0.4496018886566162,2.86102294921875e-06,0.4496021270751953,-1.9720447063446045,-3.902918815612793,1.9308741092681885
157.39032769259194,0.44869232177734375,0.4507920742034912,3.337860107421875e-06,0.4507918357849121,-1.9708545207977295,-3.9029183387756348,1.9320638179779053
157.4910880200865,0.44985198974609375,0.4519844055175781,3.814697265625e-06,0.45198380947113037,-1.9696621894836426,-3.9029178619384766,1.9332557916641235
157.59185846559188,0.4510040283203125,0.4531782865524292,2.86102294921875e-06,0.45317816734313965,-1.9684683084487915,-3.902918815612793,1.9344501495361328
157.69263488019928,0.4521636962890625,0.4543745517730713,2.86102294921875e-06,0.45437467098236084,-1.9672720432281494,-3.902918815612793,1.935646653175354
157.7934215117935,0.4533233642578125,0.45557427406311035,3.814697265625e-06,0.45557355880737305,-1.9660723209381104,-3.9029178619384766,1.9368455410003662
157.89421267328063,0.4544830322265625,0.456773042678833,1.6689300537109375e-06,0.45677459239959717,-1.9648735523223877,-3.9029200077056885,1.9380465745925903
157.99501668760215,0.45565032958984375,0.4579761028289795,1.430511474609375e-06,0.4579775333404541,-1.9636704921722412,-3.9029202461242676,1.9392495155334473
158.09582508417122,0.45680999755859375,0.45918071269989014,9.5367431640625e-07,0.45918285846710205,-1.9624658823013306,-3.902920722961426,1.9404548406600952
158.196643160358,0.457977294921875,0.4603912830352783,3.814697265625e-06,0.4603903293609619,-1.9612553119659424,-3.9029178619384766,1.941662311553955
158.29747184304819,0.45914459228515625,0.4615999460220337,3.337860107421875e-06,0.46159982681274414,-1.960046648979187,-3.9029183387756348,1.9428718090057373
158.39830484509412,0.4603118896484375,0.46281135082244873,3.5762786865234375e-06,0.462810754776001,-1.958835244178772,-3.9029181003570557,1.9440827369689941
158.49914910259554,0.46148681640625,0.4640241861343384,3.0994415283203125e-06,0.4640244245529175,-1.9576224088668823,-3.902918577194214,1.9452964067459106
158.59999812451775,0.46265411376953125,0.4652402400970459,3.5762786865234375e-06,0.46523964405059814,-1.9564063549041748,-3.9029181003570557,1.9465116262435913
158.7008568334142,0.46382904052734375,0.46645689010620117,2.86102294921875e-06,0.4664571285247803,-1.9551897048950195,-3.902918815612793,1.9477291107177734
158.80172273807736,0.46500396728515625,0.46767616271972656,3.0994415283203125e-06,0.46767640113830566,-1.9539704322814941,-3.902918577194214,1.9489483833312988
158.90259653440702,0.46617889404296875,0.46889758110046387,2.86102294921875e-06,0.46889758110046387,-1.9527490139007568,-3.902918815612793,1.950169563293457
159.00347819498046,0.46735382080078125,0.470120906829834,2.86102294921875e-06,0.470120906829834,-1.9515256881713867,-3.902918815612793,1.9513928890228271
159.10436882510342,0.468536376953125,0.47134625911712646,3.337860107421875e-06,0.47134578227996826,-1.9503003358840942,-3.9029183387756348,1.9526177644729614
159.2052664348574,0.46971893310546875,0.47257304191589355,3.5762786865234375e-06,0.4725726842880249,-1.9490735530853271,-3.9029181003570557,1.953844666481018
159.30617079024753,0.4709014892578125,0.473801851272583,3.5762786865234375e-06,0.47380125522613525,-1.9478447437286377,-3.9029181003570557,1.9550732374191284
159.40708254881693,0.47208404541015625,0.4750303030014038,1.9073486328125e-06,0.4750314950942993,-1.946616291999817,-3.9029197692871094,1.9563034772872925
159.50800413694932,0.4732666015625,0.4762617349624634,1.1920928955078125e-06,0.47626352310180664,-1.9453848600387573,-3.9029204845428467,1.9575355052947998
159.6089322238445,0.47444915771484375,0.4774954319000244,1.430511474609375e-06,0.4774972200393677,-1.9441511631011963,-3.9029202461242676,1.9587692022323608
159.70986901992504,0.47563934326171875,0.47873079776763916,1.430511474609375e-06,0.4787325859069824,-1.9429157972335815,-3.9029202461242676,1.9600045680999756
159.8108122860003,0.47682952880859375,0.47996985912323,3.814697265625e-06,0.4799692630767822,-1.9416767358779907,-3.9029178619384766,1.9612412452697754
159.91176274719493,0.47801971435546875,0.48120784759521484,3.337860107421875e-06,0.48120784759521484,-1.9404387474060059,-3.9029183387756348,1.962479829788208
160.01272077691434,0.47920989990234375,0.48244714736938477,2.86102294921875e-06,0.48244738578796387,-1.939199447631836,-3.902918815612793,1.963719367980957
160.11368637369392,0.48040771484375,0.48368918895721436,3.337860107421875e-06,0.48368895053863525,-1.9379574060440063,-3.9029183387756348,1.9649609327316284
160.21465908078724,0.481597900390625,0.48493194580078125,3.5762786865234375e-06,0.48493123054504395,-1.9367146492004395,-3.9029181003570557,1.966203212738037
160.3156387380791,0.48279571533203125,0.4861752986907959,3.337860107421875e-06,0.4861752986907959,-1.9354712963104248,-3.9029183387756348,1.967447280883789
160.41662614431226,0.4839935302734375,0.48742055892944336,3.0994415283203125e-06,0.48742032051086426,-1.9342260360717773,-3.902918577194214,1.9686923027038574
160.51762197045093,0.485198974609375,0.4886653423309326,1.9073486328125e-06,0.4886667728424072,-1.932981252670288,-3.9029197692871094,1.9699387550354004
160.61862452983686,0.48639678955078125,0.48991596698760986,4.5299530029296875e-06,0.48991477489471436,-1.9317306280136108,-3.9029171466827393,1.9711867570877075
160.71963413732234,0.48760223388671875,0.49116194248199463,1.6689300537109375e-06,0.49116337299346924,-1.930484652519226,-3.9029200077056885,1.9724353551864624
160.8206507954517,0.488800048828125,0.4924135208129883,3.0994415283203125e-06,0.4924135208129883,-1.9292330741882324,-3.902918577194214,1.9736855030059814
160.9216760542098,0.4900054931640625,0.4936647415161133,3.337860107421875e-06,0.4936647415161133,-1.9279818534851074,-3.9029183387756348,1.9749367237091064
161.02270710739936,0.49121856689453125,0.4949157238006592,1.9073486328125e-06,0.49491703510284424,-1.9267308712005615,-3.9029197692871094,1.9761890172958374
161.12374350623608,0.49242401123046875,0.4961693286895752,1.9073486328125e-06,0.4961705207824707,-1.9254772663116455,-3.9029197692871094,1.9774425029754639
161.22478848101971,0.4936370849609375,0.4974254369735718,3.337860107421875e-06,0.4974250793457031,-1.924221158027649,-3.9029183387756348,1.9786970615386963
161.32584224125492,0.494842529296875,0.4986785650253296,1.430511474609375e-06,0.49868059158325195,-1.9229680299758911,-3.9029202461242676,1.9799525737762451
161.42690065086498,0.49605560302734375,0.4999377727508545,3.337860107421875e-06,0.49993741512298584,-1.9217088222503662,-3.9029183387756348,1.981209397315979
161.52796692583283,0.49727630615234375,0.5011951923370361,3.337860107421875e-06,0.5011950731277466,-1.9204514026641846,-3.9029183387756348,1.9824670553207397
161.62904097462652,0.4984893798828125,0.5024540424346924,3.337860107421875e-06,0.5024536848068237,-1.9191925525665283,-3.9029183387756348,1.983725666999817
161.73012196736255,0.49970245361328125,0.5037119388580322,1.430511474609375e-06,0.5037134885787964,-1.9179346561431885,-3.9029202461242676,1.9849854707717896
161.831208281114,0.5009231567382812,0.5049751996994019,3.814697265625e-06,0.5049746036529541,-1.9166713953018188,-3.9029178619384766,1.9862465858459473
161.93230215262037,0.5021438598632812,0.5062360763549805,3.0994415283203125e-06,0.50623619556427,-1.9154105186462402,-3.902918577194214,1.9875081777572632
162.03340196763602,0.5033645629882812,0.5074993371963501,3.337860107421875e-06,0.507499098777771,-1.9141472578048706,-3.9029183387756348,1.9887710809707642
162.13450843184236,0.5045928955078125,0.5087606906890869,9.5367431640625e-07,0.5087630748748779,-1.9128859043121338,-3.902920722961426,1.990035057067871
162.23562222340985,0.5058135986328125,0.5100278854370117,2.86102294921875e-06,0.5100278854370117,-1.911618709564209,-3.902918815612793,1.9912998676300049
162.33674261077553,0.5070419311523438,0.5112941265106201,3.337860107421875e-06,0.511293888092041,-1.9103524684906006,-3.9029183387756348,1.9925658702850342
162.4378700687405,0.508270263671875,0.5125586986541748,1.1920928955078125e-06,0.5125604867935181,-1.909087896347046,-3.9029204845428467,1.9938324689865112
162.53900387515134,0.5094985961914062,0.5138285160064697,3.5762786865234375e-06,0.5138280391693115,-1.907818078994751,-3.9029181003570557,1.9951000213623047
162.64014406498882,0.5107269287109375,0.5150948762893677,1.1920928955078125e-06,0.5150966644287109,-1.906551718711853,-3.9029204845428467,1.996368646621704
162.74129214175935,0.511962890625,0.5163660049438477,2.86102294921875e-06,0.5163660049438477,-1.905280590057373,-3.902918815612793,1.9976379871368408
162.8424449997935,0.5131912231445312,0.5176362991333008,3.337860107421875e-06,0.5176361799240112,-1.90401029586792,-3.9029183387756348,1.9989081621170044
162.94360353607436,0.5144271850585938,0.518905520439148,1.1920928955078125e-06,0.5189070701599121,-1.9027410745620728,-3.9029204845428467,2.0001790523529053
163.04477018482973,0.5156631469726562,0.5201771259307861,1.430511474609375e-06,0.5201785564422607,-1.9014694690704346,-3.9029202461242676,2.001450538635254
163.14594284787003,0.5168991088867188,0.5214486122131348,9.5367431640625e-07,0.5214505195617676,-1.900197982788086,-3.902920722961426,2.0027225017547607
163.24712165635614,0.5181427001953125,0.5227217674255371,1.430511474609375e-06,0.5227234363555908,-1.8989248275756836,-3.9029202461242676,2.003995418548584
163.34830668523045,0.5193862915039062,0.5239971876144409,3.5762786865234375e-06,0.5239963531494141,-1.8976494073867798,-3.9029181003570557,2.0052683353424072
163.44949867492744,0.5206222534179688,0.5252705812454224,3.337860107421875e-06,0.5252702236175537,-1.8963760137557983,-3.9029183387756348,2.006542205810547
163.55069557740356,0.5218658447265625,0.5265450477600098,3.814697265625e-06,0.5265443325042725,-1.895101547241211,-3.9029178619384766,2.0078163146972656
163.65189986654352,0.5231170654296875,0.5278167724609375,1.1920928955078125e-06,0.5278189182281494,-1.8938298225402832,-3.9029204845428467,2.0090909004211426
163.75311037556602,0.5243606567382812,0.5290937423706055,2.86102294921875e-06,0.5290937423706055,-1.8925528526306152,-3.902918815612793,2.0103657245635986
163.85432527841428,0.5256118774414062,0.5303698778152466,4.0531158447265625e-06,0.5303692817687988,-1.8912767171859741,-3.9029176235198975,2.011641263961792
163.95554904447403,0.5268630981445312,0.5316449403762817,3.337860107421875e-06,0.5316448211669922,-1.890001654624939,-3.9029183387756348,2.0129168033599854
164.0567772867932,0.5281143188476562,0.5329209566116333,3.337860107421875e-06,0.5329208374023438,-1.8887256383895874,-3.9029183387756348,2.014192819595337
164.15801176144362,0.5293655395507812,0.5341974496841431,3.814697265625e-06,0.5341970920562744,-1.8874491453170776,-3.9029178619384766,2.0154690742492676
164.2592509634895,0.5306167602539062,0.5354743003845215,3.337860107421875e-06,0.5354740619659424,-1.8861722946166992,-3.9029183387756348,2.0167460441589355
164.36049834882823,0.5318756103515625,0.5367512702941895,2.86102294921875e-06,0.5367515087127686,-1.8848953247070312,-3.902918815612793,2.0180234909057617
164.4617495654469,0.5331268310546875,0.5380297899246216,3.337860107421875e-06,0.5380294322967529,-1.8836168050765991,-3.9029183387756348,2.019301414489746
164.56300834743004,0.5343856811523438,0.5393080711364746,3.337860107421875e-06,0.5393083095550537,-1.882338523864746,-3.9029183387756348,2.020580291748047
164.66427169878858,0.5356521606445312,0.5405880212783813,3.337860107421875e-06,0.5405876636505127,-1.8810585737228394,-3.9029183387756348,2.021859645843506
164.7655413623755,0.5369110107421875,0.5418683290481567,3.337860107421875e-06,0.5418682098388672,-1.879778265953064,-3.9029183387756348,2.0231401920318604
164.8668173900876,0.538177490234375,0.5431499481201172,3.337860107421875e-06,0.5431497097015381,-1.8784966468811035,-3.9029183387756348,2.0244216918945312
164.96809783046595,0.5394363403320312,0.5444328784942627,3.337860107421875e-06,0.5444324016571045,-1.877213716506958,-3.9029183387756348,2.0257043838500977
165.0693853462397,0.5407028198242188,0.5457173585891724,4.291534423828125e-06,0.5457162857055664,-1.8759292364120483,-3.9029173851013184,2.0269882678985596
165.17067781765235,0.5419692993164062,0.5470001697540283,1.430511474609375e-06,0.547001838684082,-1.8746464252471924,-3.9029202461242676,2.028273820877075
165.27197577198578,0.543243408203125,0.5482883453369141,3.0994415283203125e-06,0.5482885837554932,-1.8733582496643066,-3.902918577194214,2.0295605659484863
165.37327869939253,0.5445098876953125,0.5495777130126953,3.5762786865234375e-06,0.549576997756958,-1.8720688819885254,-3.9029181003570557,2.030848979949951
165.47458900273085,0.5457839965820312,0.5508677959442139,3.5762786865234375e-06,0.5508673191070557,-1.8707787990570068,-3.9029181003570557,2.032139301300049
165.57590350564357,0.54705810546875,0.5521578788757324,1.9073486328125e-06,0.552159309387207,-1.8694887161254883,-3.9029197692871094,2.0334312915802
165.67722373825063,0.5483322143554688,0.5534539222717285,3.814697265625e-06,0.5534534454345703,-1.8681926727294922,-3.9029178619384766,2.0347254276275635
165.77854944375326,0.5496063232421875,0.5547490119934082,2.86102294921875e-06,0.5547492504119873,-1.8668975830078125,-3.902918815612793,2.0360212326049805
165.87988023164286,0.5508880615234375,0.5560481548309326,3.814697265625e-06,0.5560472011566162,-1.865598440170288,-3.9029178619384766,2.0373191833496094
165.98121631401676,0.5521621704101562,0.5573452711105347,9.5367431640625e-07,0.5573475360870361,-1.864301323890686,-3.902920722961426,2.0386195182800293
166.08255873819826,0.5534439086914062,0.5586498975753784,3.337860107421875e-06,0.5586497783660889,-1.8629966974258423,-3.9029183387756348,2.039921760559082
166.1839061924344,0.5547256469726562,0.5599545240402222,3.337860107421875e-06,0.5599544048309326,-1.8616920709609985,-3.9029183387756348,2.041226387023926
166.28525746941244,0.5560150146484375,0.5612595081329346,1.430511474609375e-06,0.5612609386444092,-1.8603870868682861,-3.9029202461242676,2.0425329208374023
166.38661420923978,0.5572967529296875,0.5625708103179932,3.814697265625e-06,0.562570333480835,-1.8590757846832275,-3.9029178619384766,2.043842315673828
166.48797748814206,0.5585861206054688,0.5638813972473145,3.0994415283203125e-06,0.5638813972473145,-1.8577651977539062,-3.902918577194214,2.0451533794403076
166.58934520917248,0.55987548828125,0.5651930570602417,9.5367431640625e-07,0.5651953220367432,-1.856453537940979,-3.902920722961426,2.0464673042297363
166.69071768065405,0.5611572265625,0.5665113925933838,3.337860107421875e-06,0.5665111541748047,-1.855135202407837,-3.9029183387756348,2.047783136367798
166.79209506353558,0.5624542236328125,0.5678271055221558,7.152557373046875e-07,0.5678293704986572,-1.853819489479065,-3.902920961380005,2.0491013526916504
166.89347857420304,0.5637435913085938,0.5691499710083008,3.0994415283203125e-06,0.5691497325897217,-1.85249662399292,-3.902918577194214,2.050421714782715
166.9948664517038,0.5650405883789062,0.570470929145813,1.430511474609375e-06,0.5704727172851562,-1.8511756658554077,-3.9029202461242676,2.0517446994781494
167.0962593565395,0.5663375854492188,0.5717988014221191,3.814697265625e-06,0.5717980861663818,-1.8498477935791016,-3.9029178619384766,2.053070068359375
167.19765597434696,0.5676345825195312,0.5731256008148193,3.337860107421875e-06,0.5731253623962402,-1.8485209941864014,-3.9029183387756348,2.0543973445892334
167.29905941302596,0.5689315795898438,0.5744531154632568,1.1920928955078125e-06,0.5744550228118896,-1.8471934795379639,-3.9029204845428467,2.055727005004883
167.40046698499646,0.5702285766601562,0.5757865905761719,3.0994415283203125e-06,0.575786828994751,-1.8458600044250488,-3.902918577194214,2.057058811187744
167.50187878741045,0.571533203125,0.5771191120147705,1.430511474609375e-06,0.5771205425262451,-1.8445274829864502,-3.9029202461242676,2.0583925247192383
167.60329597502246,0.5728378295898438,0.5784567594528198,3.0994415283203125e-06,0.5784566402435303,-1.8431898355484009,-3.902918577194214,2.0597286224365234
167.7047179309612,0.5741348266601562,0.5797932147979736,1.6689300537109375e-06,0.5797951221466064,-1.841853380203247,-3.9029200077056885,2.0610671043395996
167.80614352048994,0.5754470825195312,0.5811331272125244,9.5367431640625e-07,0.5811350345611572,-1.8405134677886963,-3.902920722961426,2.0624070167541504
167.90757430424225,0.576751708984375,0.5824780464172363,3.5762786865234375e-06,0.5824775695800781,-1.8391685485839844,-3.9029181003570557,2.0637495517730713
168.00901130978986,0.57806396484375,0.5838195085525513,9.5367431640625e-07,0.5838217735290527,-1.8378270864486694,-3.902920722961426,2.065093755722046
168.11045039396424,0.5793685913085938,0.5851662158966064,1.430511474609375e-06,0.5851681232452393,-1.8364803791046143,-3.9029202461242676,2.0664401054382324
168.21189612331247,0.5806808471679688,0.5865166187286377,3.337860107421875e-06,0.5865166187286377,-1.835129976272583,-3.9029183387756348,2.067788600921631
168.31334436737507,0.5819931030273438,0.5878671407699585,3.814697265625e-06,0.5878665447235107,-1.8337794542312622,-3.9029178619384766,2.069138526916504
168.41479829513716,0.58331298828125,0.5892183780670166,3.0994415283203125e-06,0.5892183780670166,-1.832428216934204,-3.902918577194214,2.0704903602600098
168.51625660244883,0.584625244140625,0.5905719995498657,3.337860107421875e-06,0.5905721187591553,-1.831074595451355,-3.9029183387756348,2.0718441009521484
168.61771888648073,0.5859451293945312,0.5919275283813477,3.337860107421875e-06,0.5919272899627686,-1.829719066619873,-3.9029183387756348,2.0731992721557617
168.71918524853032,0.5872650146484375,0.5932857990264893,4.5299530029296875e-06,0.5932843685150146,-1.8283607959747314,-3.9029171466827393,2.074556350708008
168.8206567510055,0.5885848999023438,0.5946414470672607,1.430511474609375e-06,0.5946433544158936,-1.82700514793396,-3.9029202461242676,2.0759153366088867
168.92213139747145,0.58990478515625,0.5960042476654053,3.814697265625e-06,0.5960032939910889,-1.8256423473358154,-3.9029178619384766,2.077275276184082
169.02361146220142,0.5912322998046875,0.5973654985427856,2.86102294921875e-06,0.5973656177520752,-1.824281096458435,-3.902918815612793,2.0786375999450684
169.1250952099106,0.5925521850585938,0.5987300872802734,3.814697265625e-06,0.5987293720245361,-1.8229165077209473,-3.9029178619384766,2.0800013542175293
169.22658353790484,0.5938796997070312,0.6000927686691284,1.6689300537109375e-06,0.6000940799713135,-1.8215538263320923,-3.9029200077056885,2.0813660621643066
169.32807516461074,0.5952072143554688,0.6014610528945923,3.337860107421875e-06,0.6014606952667236,-1.8201855421066284,-3.9029183387756348,2.082732677459717
169.429571671374,0.5965347290039062,0.602828860282898,3.5762786865234375e-06,0.6028282642364502,-1.8188177347183228,-3.9029181003570557,2.0841002464294434
169.53107203225218,0.597869873046875,0.6041984558105469,3.814697265625e-06,0.6041977405548096,-1.8174481391906738,-3.9029178619384766,2.0854697227478027
169.63257573461073,0.5991973876953125,0.6055688858032227,3.814697265625e-06,0.6055681705474854,-1.816077709197998,-3.9029178619384766,2.0868401527404785
169.73408359893966,0.6005325317382812,0.6069381237030029,9.5367431640625e-07,0.606940507888794,-1.8147084712982178,-3.902920722961426,2.088212490081787
169.83559650187667,0.60186767578125,0.6083114147186279,1.1920928955078125e-06,0.6083133220672607,-1.8133351802825928,-3.9029204845428467,2.089585304260254
169.93711197303338,0.6032028198242188,0.6096880435943604,3.337860107421875e-06,0.6096878051757812,-1.8119585514068604,-3.9029183387756348,2.0909597873687744
170.03863101776506,0.6045455932617188,0.6110635995864868,3.337860107421875e-06,0.6110634803771973,-1.8105829954147339,-3.9029183387756348,2.0923354625701904
170.14015503708595,0.6058807373046875,0.612438440322876,1.1920928955078125e-06,0.6124403476715088,-1.8092081546783447,-3.9029204845428467,2.093712329864502
170.24168214610597,0.6072235107421875,0.6138167381286621,1.430511474609375e-06,0.6138184070587158,-1.8078298568725586,-3.9029202461242676,2.095090389251709
170.34321411828282,0.6085662841796875,0.615198016166687,3.337860107421875e-06,0.6151978969573975,-1.8064485788345337,-3.9029183387756348,2.0964698791503906
170.44474828485582,0.6099090576171875,0.6165784597396851,3.337860107421875e-06,0.6165781021118164,-1.8050681352615356,-3.9029183387756348,2.0978500843048096
170.54628766588885,0.6112594604492188,0.6179599761962891,3.337860107421875e-06,0.61795973777771,-1.8036866188049316,-3.9029183387756348,2.099231719970703
170.6478290721562,0.6126022338867188,0.6193424463272095,2.86102294921875e-06,0.619342565536499,-1.8023041486740112,-3.902918815612793,2.100614547729492
170.7493746135054,0.61395263671875,0.6207267045974731,3.337860107421875e-06,0.6207263469696045,-1.8009198904037476,-3.9029183387756348,2.1019983291625977
170.85092400330927,0.6153030395507812,0.6221117973327637,3.337860107421875e-06,0.6221115589141846,-1.799534797668457,-3.9029183387756348,2.1033835411071777
170.95247666044045,0.6166534423828125,0.623497724533081,3.0994415283203125e-06,0.623497724533081,-1.7981488704681396,-3.902918577194214,2.104769706726074
171.05403280571804,0.618011474609375,0.6248847246170044,2.86102294921875e-06,0.624884843826294,-1.7967618703842163,-3.902918815612793,2.106156826019287
171.15559192835798,0.6193618774414062,0.6262739896774292,3.337860107421875e-06,0.6262736320495605,-1.7953726053237915,-3.9029183387756348,2.1075456142425537
171.25715510036326,0.6207199096679688,0.6276633739471436,3.0994415283203125e-06,0.6276633739471436,-1.7939832210540771,-3.902918577194214,2.1089353561401367
171.35872153110324,0.6220779418945312,0.6290545463562012,3.5762786865234375e-06,0.6290543079376221,-1.7925920486450195,-3.9029181003570557,2.1103262901306152
171.4602910538914,0.6234359741210938,0.630446195602417,2.86102294921875e-06,0.630446195602417,-1.7912003993988037,-3.902918815612793,2.11171817779541
171.5618643868628,0.6247940063476562,0.6318385601043701,2.1457672119140625e-06,0.6318395137786865,-1.7898080348968506,-3.9029195308685303,2.1131114959716797
171.66344040253858,0.62615966796875,0.6332343816757202,3.337860107421875e-06,0.6332342624664307,-1.7884122133255005,-3.9029183387756348,2.114506244659424
171.7650199387964,0.6275177001953125,0.6346302032470703,3.337860107421875e-06,0.6346299648284912,-1.7870163917541504,-3.9029183387756348,2.1159019470214844
171.86660205779944,0.6288833618164062,0.6360278129577637,3.814697265625e-06,0.6360270977020264,-1.785618782043457,-3.9029178619384766,2.1172990798950195
171.9681874198503,0.6302490234375,0.6374263763427734,3.814697265625e-06,0.6374256610870361,-1.7842202186584473,-3.9029178619384766,2.1186976432800293
172.06977632465893,0.631622314453125,0.6388266086578369,4.291534423828125e-06,0.6388256549835205,-1.7828199863433838,-3.9029173851013184,2.1200976371765137
172.17136888045104,0.6329879760742188,0.6402274370193481,3.337860107421875e-06,0.6402270793914795,-1.7814191579818726,-3.9029183387756348,2.1214990615844727
172.27296280623952,0.6343612670898438,0.6416282653808594,1.430511474609375e-06,0.6416299343109131,-1.7800183296203613,-3.9029202461242676,2.1229019165039062
172.37456080306254,0.6357269287109375,0.6430327892303467,1.430511474609375e-06,0.6430342197418213,-1.778613805770874,-3.9029202461242676,2.1243062019348145
172.47616110215543,0.6371002197265625,0.6444404125213623,3.0994415283203125e-06,0.6444404125213623,-1.7772061824798584,-3.902918577194214,2.1257123947143555
172.5777646216098,0.6384811401367188,0.6458481550216675,2.86102294921875e-06,0.6458480358123779,-1.7757984399795532,-3.902918815612793,2.127120018005371
172.6793715087043,0.6398544311523438,0.6472575664520264,3.337860107421875e-06,0.6472575664520264,-1.7743890285491943,-3.9029183387756348,2.1285295486450195
172.78098009260395,0.6412353515625,0.6486692428588867,3.337860107421875e-06,0.6486687660217285,-1.772977352142334,-3.9029183387756348,2.1299407482147217
172.8825923842278,0.6426162719726562,0.6500821113586426,3.337860107421875e-06,0.6500818729400635,-1.7715644836425781,-3.9029183387756348,2.1313538551330566
172.984206725869,0.6439971923828125,0.6514973640441895,3.337860107421875e-06,0.6514971256256104,-1.7701492309570312,-3.9029183387756348,2.1327691078186035
173.0858251042116,0.6453781127929688,0.6529144048690796,3.337860107421875e-06,0.65291428565979,-1.7687321901321411,-3.9029183387756348,2.134186267852783
173.1874448106622,0.646759033203125,0.654334545135498,3.814697265625e-06,0.6543338298797607,-1.7673120498657227,-3.9029178619384766,2.135605812072754
173.28906713983588,0.6481475830078125,0.6557557582855225,3.337860107421875e-06,0.6557557582855225,-1.7658908367156982,-3.9029183387756348,2.1370277404785156
173.39069280611133,0.6495285034179688,0.6571799516677856,3.0994415283203125e-06,0.6571800708770752,-1.764466643333435,-3.902918577194214,2.1384520530700684
173.49232011235893,0.6509170532226562,0.6586068868637085,3.0994415283203125e-06,0.658606767654419,-1.7630397081375122,-3.902918577194214,2.139878749847412
173.5939499765186,0.652313232421875,0.660037636756897,4.0531158447265625e-06,0.660036563873291,-1.7616089582443237,-3.9029176235198975,2.141308546066284
173.69558345251266,0.6537017822265625,0.6614700555801392,3.814697265625e-06,0.6614692211151123,-1.7601765394210815,-3.9029178619384766,2.1427412033081055
173.79721844667097,0.65509033203125,0.6629050970077515,3.337860107421875e-06,0.6629049777984619,-1.7587414979934692,-3.9029183387756348,2.144176959991455
173.89885640470933,0.6564865112304688,0.6643438339233398,2.86102294921875e-06,0.664344072341919,-1.7573027610778809,-3.902918815612793,2.145616054534912
174.00049604503462,0.6578826904296875,0.6657850742340088,1.430511474609375e-06,0.6657865047454834,-1.755861520767212,-3.9029202461242676,2.1470584869384766
174.10213829753062,0.6592788696289062,0.667230486869812,9.5367431640625e-07,0.6672325134277344,-1.7544161081314087,-3.902920722961426,2.1485044956207275
174.2037823454849,0.6606826782226562,0.6686826944351196,3.337860107421875e-06,0.6686825752258301,-1.752963900566101,-3.9029183387756348,2.1499545574188232
174.30542867532384,0.662078857421875,0.6701341867446899,1.430511474609375e-06,0.6701362133026123,-1.7515124082565308,-3.9029202461242676,2.1514081954956055
174.40707830452962,0.663482666015625,0.6715918779373169,1.6689300537109375e-06,0.671593427658081,-1.7500547170639038,-3.9029200077056885,2.152865409851074
174.50872890641932,0.664886474609375,0.6730544567108154,3.337860107421875e-06,0.6730539798736572,-1.7485921382904053,-3.9029183387756348,2.1543259620666504
174.61038244888672,0.666290283203125,0.6745191812515259,3.5762786865234375e-06,0.6745188236236572,-1.7471274137496948,-3.9029181003570557,2.1557908058166504
174.7120378004987,0.667694091796875,0.6759860515594482,2.6226043701171875e-06,0.6759862899780273,-1.7456605434417725,-3.902919054031372,2.1572582721710205
174.81369482525056,0.669097900390625,0.6774544715881348,1.1920928955078125e-06,0.6774566173553467,-1.744192123413086,-3.9029204845428467,2.15872859954834
174.9153543833807,0.6705093383789062,0.6789271831512451,1.9073486328125e-06,0.6789283752441406,-1.7427194118499756,-3.9029197692871094,2.160200357437134
175.01701566001077,0.6719207763671875,0.6804006099700928,2.86102294921875e-06,0.6804006099700928,-1.741245985031128,-3.902918815612793,2.161672592163086
175.1186788679967,0.6733322143554688,0.6818721294403076,3.337860107421875e-06,0.6818721294403076,-1.739774465560913,-3.9029183387756348,2.163144111633301
175.22034345314052,0.67474365234375,0.6833410263061523,3.814697265625e-06,0.683340311050415,-1.7383055686950684,-3.9029178619384766,2.164612293243408
175.3220108157151,0.6761627197265625,0.6848031282424927,2.86102294921875e-06,0.6848032474517822,-1.736843466758728,-3.902918815612793,2.1660752296447754
175.42367931528767,0.6775741577148438,0.6862561702728271,1.1920928955078125e-06,0.68625807762146,-1.7353904247283936,-3.9029204845428467,2.167530059814453
175.52534916013076,0.6789932250976562,0.6876988410949707,7.152557373046875e-07,0.6877014636993408,-1.73394775390625,-3.902920961380005,2.168973445892334
175.62702166655427,0.6804122924804688,0.6891298294067383,3.814697265625e-06,0.689129114151001,-1.7325167655944824,-3.9029178619384766,2.170401096343994
175.72869559360532,0.6818313598632812,0.6905380487442017,3.5762786865234375e-06,0.690537691116333,-1.731108546257019,-3.9029181003570557,2.171809673309326
175.83037093171646,0.683258056640625,0.691922664642334,2.86102294921875e-06,0.6919229030609131,-1.7297239303588867,-3.902918815612793,2.1731948852539062
175.93204839328183,0.6846771240234375,0.6932774782180786,9.5367431640625e-07,0.693279504776001,-1.728369116783142,-3.902920722961426,2.174551486968994
176.03372721364227,0.6861038208007812,0.694603681564331,3.814697265625e-06,0.6946032047271729,-1.7270429134368896,-3.9029178619384766,2.175875186920166
176.13540698662487,0.687530517578125,0.6958889961242676,2.86102294921875e-06,0.6958892345428467,-1.7257575988769531,-3.902918815612793,2.17716121673584
176.23708850232077,0.6889572143554688,0.6971328258514404,3.337860107421875e-06,0.6971325874328613,-1.7245137691497803,-3.9029183387756348,2.1784045696258545
176.3387720572502,0.6903915405273438,0.698327898979187,3.337860107421875e-06,0.6983277797698975,-1.7233186960220337,-3.9029183387756348,2.1795997619628906
176.44045645461543,0.6918182373046875,0.6994683742523193,3.337860107421875e-06,0.6994681358337402,-1.7221782207489014,-3.9029183387756348,2.1807401180267334
176.54214257203932,0.6932525634765625,0.7005462646484375,3.0994415283203125e-06,0.7005462646484375,-1.7211003303527832,-3.902918577194214,2.1818182468414307
176.6438292516362,0.6946868896484375,0.7015507221221924,1.1920928955078125e-06,0.7015526294708252,-1.7200958728790283,-3.9029204845428467,2.1828246116638184
176.74551807735176,0.6961212158203125,0.7024750709533691,3.337860107421875e-06,0.7024750709533691,-1.7191715240478516,-3.9029183387756348,2.1837470531463623
176.8472078549337,0.6975555419921875,0.7032996416091919,3.814697265625e-06,0.703298807144165,-1.7183469533920288,-3.9029178619384766,2.184570789337158
176.9488988639202,0.6989974975585938,0.7040070295333862,3.337860107421875e-06,0.7040071487426758,-1.7176395654678345,-3.9029183387756348,2.185279130935669
177.05059121641742,0.700439453125,0.704580545425415,2.86102294921875e-06,0.7045803070068359,-1.7170660495758057,-3.902918815612793,2.185852289199829
177.1522844864499,0.7018814086914062,0.7050012350082397,3.337860107421875e-06,0.7050011157989502,-1.716645359992981,-3.9029183387756348,2.1862730979919434
177.25397888445178,0.7033233642578125,0.7052521705627441,2.86102294921875e-06,0.7052524089813232,-1.7163944244384766,-3.902918815612793,2.1865243911743164
177.35567459240258,0.7047653198242188,0.7053236961364746,3.5762786865234375e-06,0.7053229808807373,-1.716322898864746,-3.9029181003570557,2.1865949630737305
177.45737044221912,0.706207275390625,0.705209493637085,3.337860107421875e-06,0.7052092552185059,-1.7164371013641357,-3.9029183387756348,2.186481237411499
177.55906802703342,0.7076568603515625,0.7049155235290527,3.0994415283203125e-06,0.7049152851104736,-1.716731071472168,-3.902918577194214,2.186187267303467
177.66076688105957,0.7091064453125,0.7044551372528076,3.814697265625e-06,0.7044541835784912,-1.717191457748413,-3.9029178619384766,2.1857261657714844
177.76246648578018,0.7105560302734375,0.7038463354110718,2.86102294921875e-06,0.7038466930389404,-1.717800259590149,-3.902918815612793,2.1851186752319336
177.86416621193723,0.712005615234375,0.7031186819076538,3.337860107421875e-06,0.7031185626983643,-1.718527913093567,-3.9029183387756348,2.1843905448913574
177.96586730385985,0.7134628295898438,0.7022988796234131,3.814697265625e-06,0.7022981643676758,-1.7193477153778076,-3.9029178619384766,2.183570146560669
178.06756905668627,0.7149124145507812,0.701413631439209,1.6689300537109375e-06,0.7014150619506836,-1.7202329635620117,-3.9029200077056885,2.1826870441436768
178.16927172643153,0.71636962890625,0.7004960775375366,3.337860107421875e-06,0.7004959583282471,-1.721150517463684,-3.9029183387756348,2.1817679405212402
178.27097481822068,0.7178268432617188,0.6995651721954346,3.337860107421875e-06,0.6995651721954346,-1.7220814228057861,-3.9029183387756348,2.1808371543884277
178.37267841937322,0.7192840576171875,0.6986427307128906,3.0994415283203125e-06,0.6986424922943115,-1.72300386428833,-3.902918577194214,2.1799144744873047
178.47438297630066,0.7207489013671875,0.6977443695068359,3.814697265625e-06,0.6977431774139404,-1.7239022254943848,-3.9029178619384766,2.1790151596069336
178.57608857194631,0.7222061157226562,0.6968797445297241,3.337860107421875e-06,0.6968798637390137,-1.7247668504714966,-3.9029183387756348,2.178151845932007
178.67779393829719,0.7236709594726562,0.696060061454773,3.814697265625e-06,0.6960597038269043,-1.7255865335464478,-3.9029178619384766,2.1773316860198975
178.779500154409,0.7251358032226562,0.6952875852584839,3.0994415283203125e-06,0.6952874660491943,-1.7263590097427368,-3.902918577194214,2.1765594482421875
178.88120657615366,0.7266006469726562,0.694568395614624,4.0531158447265625e-06,0.6945672035217285,-1.7270781993865967,-3.9029176235198975,2.1758391857147217
178.98291425855604,0.7280731201171875,0.6938999891281128,3.337860107421875e-06,0.6938998699188232,-1.727746605873108,-3.9029183387756348,2.1751718521118164
179.08462117128275,0.7295379638671875,0.6932876110076904,3.5762786865234375e-06,0.6932871341705322,-1.7283589839935303,-3.9029181003570557,2.1745591163635254
179.18632905033516,0.7310104370117188,0.6927298307418823,2.6226043701171875e-06,0.6927299499511719,-1.7289167642593384,-3.902919054031372,2.174001932144165
179.28803729960808,0.73248291015625,0.6922309398651123,3.337860107421875e-06,0.6922304630279541,-1.7294156551361084,-3.9029183387756348,2.1735024452209473
179.38974618138226,0.7339553833007812,0.6917908191680908,3.337860107421875e-06,0.6917908191680908,-1.7298557758331299,-3.9029183387756348,2.173062801361084
179.4914545037902,0.7354278564453125,0.6914123296737671,1.1920928955078125e-06,0.6914143562316895,-1.7302342653274536,-3.9029204845428467,2.1726863384246826
179.59316320357118,0.736907958984375,0.6911050081253052,3.337860107421875e-06,0.6911048889160156,-1.7305415868759155,-3.9029183387756348,2.172376871109009
179.69487243785608,0.7383880615234375,0.690866231918335,3.337860107421875e-06,0.6908657550811768,-1.7307803630828857,-3.9029183387756348,2.17213773727417
179.7965817417909,0.7398681640625,0.6906999349594116,3.5762786865234375e-06,0.6906993389129639,-1.730946660041809,-3.9029181003570557,2.171971321105957
179.89829062422064,0.7413482666015625,0.6906055212020874,2.86102294921875e-06,0.6906054019927979,-1.7310410737991333,-3.902918815612793,2.171877384185791
180.0,0.742828369140625,0.6905766725540161,3.337860107421875e-06,0.6905765533447266,-1.7310699224472046,-3.9029183387756348,2.1718485355377197
