step,epoch_est,q0_mean,q0_std,q1_norm_mean,q2_norm_mean,sr_energy_sum,lr_energy_sum
4005,2.0025,0.05836285965958461,0.14353119444706736,1.558348874180783e-05,3.0004795642807263e-05,-4.140512228007,4.28595712781
8010,4.005,-0.12167884137192307,0.09676723079876715,0.0011521412328080378,0.0017834770298350892,-4.060873076301,3.09354668856
12015,6.0075,0.10588547931307693,0.5357802881519292,0.005339055094518496,0.007820478240488806,-3.477333441385,2.53561149538
16020,8.01,0.0751729080323077,0.8981063114243993,0.005239954971346871,0.008831547796029033,-3.0078105926659,2.48686037959
20025,10.0125,0.29014027704270773,0.3804405220501917,0.006645047748171814,0.011976759615950166,-2.7415455728750002,2.45574802158
24030,12.015,-0.0081436294132,0.014342669862411785,0.007511610627149627,0.01630911312597901,-2.973080843684,2.28461542726
28035,14.0175,0.0632610504538461,1.9774801020861035,0.022006911773981633,0.08094201924633453,-1.865204799927,2.18178254366
32040,16.02,0.45349025038384616,1.3156914097457546,0.04633465713632577,0.165124486170286,-1.925517380243,1.915972650057
36045,18.0225,0.6749952479173693,1.1612191704650658,0.05342523538295011,0.16705893640602182,-1.185298223065,1.510868214065
40050,20.025,0.7860242208620769,0.9925782378083754,0.0634109827714788,0.2054015546947619,-0.8995780497770001,1.152209460736
44055,22.0275,0.5636086824954616,1.1707318324676739,0.06613911645820558,0.24487449641659503,-1.0508780777527,1.208971649403
48060,24.03,0.37068719589076926,0.9875885671640142,0.06878174359311927,0.27046256312587713,-0.667587980619,1.227615199975
52065,26.0325,0.33482034046000003,1.0866785276794164,0.06781369085951175,0.27210520578106245,-1.226491793997,1.274200595914
56070,28.035,0.4498154978067692,0.9080520695908764,0.08851268674032377,0.34010648421345907,-0.868669085209,1.002557221799
60075,30.0375,0.5387151769240385,0.9300192175678762,0.07092585445362268,0.395221173027272,-0.9390426501693,0.758227752522
64080,32.04,0.49047283369307687,1.024843764266134,0.08696107283941708,0.4210364830581653,-0.6737627834134,0.8255325779330001
68085,34.0425,0.5343411083407692,1.1818727621989258,0.07136446765594091,0.45202814751309656,-0.68134353683,0.8968268148599999
72090,36.045,0.4849424270499231,0.8544004755084195,0.06435909001427678,0.36961174805820135,-0.473776416846,0.566840238869
76095,38.0475,0.31569426105461534,1.1441050615085948,0.07072970432405816,0.5233619474065274,-0.7820768505417,0.586546355858
80100,40.05,0.45336155693746155,0.8266246196496648,0.09873045591802368,0.526215682071455,-0.6320506632367,0.7869467549020001
84105,42.0525,0.403548576511,0.5548617151472535,0.07977694738227561,0.4376873044326287,-0.4765084087909,0.596185114234
88110,44.055,0.2817153357569231,0.8996754393754378,0.09439477780147904,0.5042169459418846,-0.5128636956298,0.632358978502
92115,46.0575,0.43492128300023075,0.8551838308233229,0.11881941533526344,0.6279176475375945,-0.7022425085370001,0.623150676488
96120,48.06,0.5397534073870769,0.5186999468071931,0.11121722841322994,0.7099937032035905,-0.47063341736310005,0.614814905449
100125,50.0625,0.33529054545153847,1.0655040393476234,0.10152812692637475,0.5602384445351049,-0.5067849680841001,0.689902529123
104130,52.065,0.3585216903068539,1.318360988740625,0.10568097092595238,0.5822836487249637,-0.202624440197,0.3382782731203
108135,54.0675,0.5472941074816154,0.9881535316561272,0.15047418631178205,0.8470751155059558,-0.2823833078193,0.4883916238326
112140,56.07,0.4751511984169231,1.0766199246326111,0.09694036189247393,0.7292662900003856,-0.2870968729395001,0.527434037066
116145,58.0725,0.43454521435923077,1.0067105662802802,0.13263123777713484,0.824123908781362,-0.21223630010800007,0.387792668305
120150,60.075,0.4740063685707692,1.187986045430417,0.1285211443075124,0.9231166646135123,-0.20767780392360002,0.3659727182233408
124155,62.0775,0.4653314369237692,1.4089203623549857,0.1487987281851926,0.762157603008728,-0.18648373336460006,0.44973235321199
128160,64.08,0.3490710304353846,0.946547395877496,0.11675196836487753,0.7366784834127519,-0.3440646752665,0.48904613289068
132165,66.0825,0.3465537873023077,1.2497496689374143,0.18748494120060735,0.8394640189060765,-0.3134617060321,0.3133959129914
136170,68.085,0.44128342430923073,1.03397005314071,0.16274425361738587,1.1941046985702133,-0.3072230294308,0.4071771271998
140175,70.0875,0.5139045603563847,1.2577903354673354,0.22826249203435262,1.0149798193101396,-0.13824906946299997,0.37871748162450003
144180,72.09,0.3864532571584615,1.6533359633555802,0.16743036220730254,0.7810893518921987,-0.29176492988299996,0.485441872852
148185,74.0925,0.36084268299153843,1.3803159104647134,0.11298673694320774,0.6814941618474772,-0.3689731582978,0.463198548182
152190,76.095,0.5530151908169231,2.195430218759861,0.1460605502159752,0.7756395395681179,-0.3572098910828,0.5026266612129
156195,78.0975,0.5769564325992308,2.1570286185509997,0.17348557334559964,0.7724473153997204,-0.3842816948794,0.528604992667
160200,80.1,0.5689379572915384,2.17377462110146,0.175745810759482,0.9125259023533853,-0.45827532559517004,0.589806591161
164205,82.1025,0.7229911753876923,2.381795167954138,0.21762655992763946,1.0023115610679232,-0.14546958355499995,0.4699077196402
168210,84.105,0.5520039613384615,2.848419970349321,0.14721618502064843,0.8184994668591238,-0.4479190185755,0.4251543421999
172215,86.1075,0.6585427247476923,2.7715631184641514,0.1462776283580796,0.8990166015382527,0.06392461061300003,0.32549661811363
176220,88.11,0.6212728115230769,3.2848823308907433,0.19280580370750597,1.0639070896504286,-0.358425699156,0.37320017145359
180225,90.1125,0.699719461113077,2.880637137972314,0.2001628113836841,0.8747120116444779,-0.487917140124,0.517294318414
184230,92.115,0.8556985121692307,3.5880493128835775,0.21485231156117648,0.9773644544950956,-0.4763251990014,0.39775826147534
188235,94.1175,0.8396021036076923,3.3786041413559222,0.18946068729431892,0.9313732423592102,-0.26031133532860007,0.4282439667723
192240,96.12,0.8362168440461539,3.329543725468352,0.16693427674961628,0.7481160395985345,-0.2870561331269,0.4412737996304
196245,98.1225,0.6337489256538462,2.938195328539633,0.18194192010960838,0.8608993308357764,-0.43865321577969996,0.3897398291156
200250,100.125,0.6647671736153846,3.4332190773839626,0.16983448000554124,0.8731370759368606,-0.041342690579999966,0.495112466859
204255,102.1275,0.8542657448769231,3.4961354383748047,0.19977439495179009,0.9123601903441632,-0.33207614719499995,0.43849084246799996
208260,104.13,0.6794872375769232,3.044952163646869,0.20881479578465195,1.0833864112900806,-0.51557514072,0.4136458439746
212265,106.1325,0.6149271451384615,3.4855660536900954,0.15204842251385037,0.8463657268207483,-0.2546155080215,0.32764366775570003
216270,108.135,0.7592690816307693,3.5674683606777036,0.15772491600574143,0.7480638535062512,-0.267348147933,0.4409442791956
220275,110.1375,0.6157066822076923,3.3456252337402694,0.20415877673019456,0.9857449543524331,-0.49132303893330004,0.4771445849907
224280,112.14,0.8930938152153846,3.6905681315550445,0.2097911309226371,1.0356154768656838,-0.016191855071999994,0.455215441411
228285,114.1425,0.7021816143538462,3.4809369938267576,0.20232937267227252,0.9724556246394024,-0.018240615727999995,0.4689056049099
232290,116.145,0.6318361025538463,3.1134215143570083,0.1995888685611999,1.01537140547282,0.008772060282299973,0.4638784467254
236295,118.1475,0.7247266219307692,3.1478699978117137,0.246061010828158,1.1203151218248832,-0.3681475371105,0.536282228306
240300,120.15,0.5313459909769229,2.982079904649827,0.253138817401675,1.1889875729562858,-0.3342047780709,0.4055027929142
244305,122.1525,0.5112022620000001,2.6322522719734796,0.1680672612351707,0.7516934144981094,-0.2473178803919,0.4827152700165
248310,124.155,0.4359129483846155,2.9882723125516573,0.2286185369451618,1.0387065992815645,-0.21255940198569995,0.4089112506477
252315,126.1575,0.5709403203076923,3.3042526994269203,0.20684234064626966,0.9563034141906323,-0.37754802405629995,0.49663860624393
256320,128.16,0.5652189529923077,2.91413934004735,0.23246179747595802,1.1755921697187663,-0.5070226490531,0.5399431735268
260325,130.1625,0.5842901926923078,3.2382336919701142,0.22448539551253546,1.1096315723704617,-0.38800279795590004,0.700441127643
264330,132.165,0.5676510517384616,3.2720487637788915,0.2157115883750369,1.1145792263331717,-0.661123991006,0.7050816528495
268335,134.1675,0.4365743031923077,3.0468015898501606,0.19494250685245468,0.8890099884029751,-0.3084359764962,0.5864352388310999
272340,136.17,0.5960697761,3.621073839916326,0.21894786591783458,1.1793611747436126,-0.20172090828080003,0.4077704134396
276345,138.1725,0.42640348580769233,3.042900880760211,0.1837462817040797,1.0105706147971238,-0.2343484982832,0.4844625650442
280350,140.175,0.6718299755615385,3.309538203854118,0.18126466092915644,0.906712494554941,-0.12357826530800001,0.47347595309949997
284355,142.1775,0.7978755602615385,3.7244084518432743,0.19714872423223614,0.8041657355789573,-0.2614361345734,0.3186546326617
288360,144.18,0.5417065803846154,3.169414500930833,0.21032351150835876,1.1817484006060188,-0.165641829366086,0.3730235369858
292365,146.1825,0.6154868786076924,3.530584729382793,0.23959135065359616,1.0015168448943657,-0.2518025040763,0.4147377507777
296370,148.185,1.010967960723077,4.79588317730342,0.2931378700548667,1.222352357304695,-0.18535049259609998,0.3634094987074
300375,150.1875,0.6430007127461538,3.6253894328095284,0.3085831818334987,1.4880448911373736,-0.3806616664027,0.3998399917044
304380,152.19,0.7046322272307693,3.8472035741619135,0.2041075948662874,0.8967126773560524,0.005701698358700019,0.43377711228113003
308385,154.1925,0.6757882925230768,3.465786593579173,0.28931974034880875,1.2372894599289594,-0.23527784645050004,0.4739029742769
312390,156.195,0.48741074709230775,3.1788645421413935,0.22975190631625575,0.9909311132795122,-0.08204975723710003,0.40292002580726
316395,158.1975,0.503458270676923,3.3846736547383816,0.28937809188069175,1.123553072603657,-0.28743508457898004,0.5183614427237
320400,160.2,0.7384125361153846,4.199812786164865,0.2765722228869897,1.0970338203507801,-0.3293417245156,0.545437751338
324405,162.2025,0.4972365544538462,3.439317249831487,0.2546528995358614,1.4386830060604547,-0.521170422442,0.5734310820685999
328410,164.205,0.3609905151307693,2.869619495542233,0.2346137257592504,1.0794638828492622,-0.14304871857200002,0.5575020406391
332415,166.2075,0.652758965123077,3.6320976409140364,0.21452207033060616,1.0705780875892115,-0.552221268424,0.5979412021109
336420,168.21,0.7295110133923076,4.230980728227236,0.26729161620099295,1.1325808057472675,-0.461188167338,0.5979866497217
340425,170.2125,0.6150813010923076,3.727490824454283,0.26598507515017694,1.0366040393826321,-0.655579283836,0.628397854977
344430,172.215,0.5905209229615385,3.696218548289083,0.23661853156306498,1.0210244429451256,-0.47267287969500005,0.671167020219
348435,174.2175,0.629361152646154,3.804448648497416,0.2105096927594815,0.885251391506135,-0.5488307923109,0.6805245233707
352440,176.22,0.29181836199999994,3.3520225840689593,0.11988912719764397,0.4634470866260879,-0.556513521818953,0.6679392736406999
356445,178.2225,0.5567179368076924,3.6707311522511317,0.29625107224345143,1.1717672066220939,-0.5255271494324,0.64568629523205
360450,180.225,0.5838168951307693,3.990346473300797,0.22708493182324258,0.8962032484826169,-0.553052186972,0.6476025786243
364455,182.2275,0.617559634723077,4.301751878007444,0.25452987102887537,1.0713581217737498,-0.52967152,0.6730239526355
368460,184.23,0.6309059949923075,4.397518261917459,0.2189508424785965,0.9240591690596142,-0.4623034298493,0.6249945372101
372465,186.2325,0.8398604393,4.839287755801354,0.2506204564415183,1.0566165788137054,-0.61851020158059,0.6581252751629
376470,188.235,0.6590160956692307,4.3104053061047845,0.25288773251788393,1.0282584238634023,-0.6050444096352,0.63797826378319
380475,190.2375,0.5874095880076923,4.306070661876306,0.28300506397014774,1.1147987588274988,-0.3983918577454,0.5722343579396
384480,192.24,0.5608510604230769,4.412264520536254,0.23996312775411516,1.036473153397831,-0.5390833914196,0.6539921145895
388485,194.2425,0.6975978888000001,4.7318748468120635,0.250672725284117,1.0283442674519756,-0.611664563419,0.7721502715735
392490,196.245,0.7400261255384616,4.67228378945428,0.23437631779448884,0.9507127839219349,-0.6278520673575,0.7378645632424999
396495,198.2475,0.7998116383230769,4.855987736859419,0.2823541102154073,1.0097709530559733,-0.55664408207,0.6823945441283
400500,200.25,0.5164661407538461,4.213032547996681,0.3517415907450844,1.4198902839814331,-0.765593856576,0.776536355726
404505,202.2525,0.6488332931769232,4.656019114291869,0.2821752399851006,1.0929902720240634,-0.5635064989229001,0.8065304961063
408510,204.255,0.8816118790538461,5.06362282430311,0.24981045352332537,1.0879421055421485,-0.674202039837,0.695059836842
412515,206.2575,0.5824647866923077,4.410909723817388,0.24143361260441146,1.0734436827795493,-0.42500506341199995,0.7288726074613
416520,208.26,0.8128525660384617,5.002899125883861,0.23733800844881353,0.8117940870697206,-0.559989411386,0.7510572960597
420525,210.2625,0.6878028833,4.010114781615286,0.21667477577252264,0.9013448427646306,-0.5885582566296,0.8083430286489
424530,212.265,0.8781074743769228,5.192019832688805,0.442009266312376,2.4091174806787627,-0.5847842991309999,0.7917680270035999
428535,214.2675,0.6506582773769232,4.362963804566862,0.2692832637016181,1.0706560153841538,-0.4532332867471,0.7656570132819
432540,216.27,0.8121045369307692,4.774173723720327,0.250869283014643,1.004712292999444,-0.6734150126597,0.74603127979363
436545,218.2725,0.8125127829153848,4.63027395232103,0.23829387115914694,1.0836646692422685,-0.6830280274118999,0.67326362198071
440550,220.275,0.594151671123077,4.068557238024729,0.27685989064394967,1.0164834235978113,-0.719790056352,0.7275994569045
444555,222.2775,0.8774219843076925,4.966384827022977,0.2533760746054279,1.0986573425496615,-0.5213754028076,0.6948729152797
448560,224.28,0.816258173723077,5.005374314371998,0.2085745436754709,0.9450317164031455,-0.522105619306,0.7335690953756
452565,226.2825,0.8944060618923076,4.9587951831349075,0.24403122797559884,1.0588338591207986,-0.5969532281137,0.6969860387032
456570,228.285,0.6545275174461539,4.63903370080566,0.2357426396403297,1.0817805681950772,-0.433943510054,0.762236732989
460575,230.2875,0.6818601168153846,4.298398417272736,0.27279371801297725,1.24372865200811,-0.5484263896929,0.7021786491401
464580,232.29,0.6647049647153846,4.325595468135999,0.2633663254583717,0.917866518084361,-0.4213854148948,0.7443024197124
468585,234.2925,0.8613537458153846,4.989821581424481,0.2639856083563318,0.8811353053128964,-0.5387888774192,0.6602515256959001
472590,236.295,0.6154004793846154,4.530180893776331,0.3199159288469433,1.3298765588484092,-0.5395999252833,0.591448883527
476595,238.2975,0.9421503543846155,5.158860709224698,0.2058623395111938,0.9545474424801086,-0.36421138048569995,0.73645553365377
480600,240.3,0.776033878323077,4.732568194438999,0.23644586496941014,0.9250238147371478,-0.433494448658,0.671065439469
484605,242.3025,0.6621415615076922,4.376974618488131,0.18255621047956544,0.753814723745448,-0.5543168410644,0.7588512022043999
488610,244.305,0.5961121412384615,3.8837425730750263,0.24408702976303034,0.8411821779106379,-0.44896689057396,0.8446201141917
492615,246.3075,0.6921144999000001,4.434164401157603,0.3064356205527415,1.0216023632556939,-0.5597240477855,0.807155259885
496620,248.31,0.7460472583692308,4.436782103901667,0.21376115012175295,0.7906422671127878,-0.40688432753295994,0.7237632218748999
500625,250.3125,0.8990980662,5.214296258219475,0.3242797043293401,0.9924087221059354,-0.38669262826699996,0.6941217319113
504630,252.315,0.6454289143,4.4067330899932475,0.2974487631245949,1.2660974504407132,-0.7049871608598001,0.7633096911030001
508635,254.3175,0.8385355472538462,4.862715625329311,0.3115825425378627,1.5829647497221662,-0.7516952902070001,0.8000473389406
512640,256.32,0.7778129760923077,4.677018187089543,0.27090660391635873,1.1589763602249212,-0.86649222672,0.7710856539177
516645,258.3225,0.5978848842461538,4.159285899741819,0.23559476091708842,1.0899668147220518,-0.570462793105,0.7470787118653
520650,260.325,0.6090282109923076,4.263203927600999,0.2589232386180171,1.054393891016919,-0.6753183752267,0.8553633019331
524655,262.3275,0.6060553789076925,4.05330478819559,0.3780617577461117,1.3061195234950072,-0.7670759782249,0.9059035647677
528660,264.33,0.5244713654846154,3.9390467810129226,0.18763035157506566,0.8852431906348079,-0.6596325114393,0.8359105613773
532665,266.3325,0.7294062651,4.207609424846031,0.23651162481573554,1.0601817933109872,-0.6579879000741,0.8743378641063
536670,268.335,1.1091299607153848,5.665300754549609,0.35416954703694936,1.2988200702791535,-0.6769644170983,0.8134768926534
540675,270.3375,0.6354974049846154,4.305713111483427,0.3165486831458923,1.0277854187268438,-0.74939231574079,0.8587314109319
544680,272.34,0.5743144108615384,4.269972332621472,0.2644698636517514,1.0835092728344713,-0.5034512430359,0.8648096644348
548685,274.3425,0.7185321037615384,4.548307722960591,0.2888231821509083,1.053714885188637,-0.604980908333,0.78323811339241
552690,276.345,0.6717305,4.119101930949979,0.23306468499199523,0.9593624962868659,-0.6343497186865,0.8950806655976999
556695,278.3475,0.7659659018923077,4.43431899302104,0.2307677920516726,0.9668329909692227,-0.7413072138981001,0.8795775868966
560700,280.35,0.620359173176923,3.95521239267928,0.2829346580977315,1.200389845233477,-0.957766413694,0.9518506377934001
564705,282.3525,0.9672945095999999,4.435020096070236,0.2602027882955962,1.075841508456693,-0.743640698486,0.936183906165
568710,284.355,0.7398475500307693,3.9965556818124606,0.2226082910952661,1.0769851541758955,-0.570714749397,0.9559773164745
572715,286.3575,0.7624569306076924,4.040798836654362,0.2713054794052407,1.0801502447962628,-0.76766395568487,0.9046634891994
576720,288.36,0.7787074217538461,4.211136721311829,0.280620565585293,1.10573098453881,-0.6047376617881,0.8648269416309
580725,290.3625,0.7450110820615384,4.265210373502764,0.21244406930595094,1.0356835290110888,-0.5065863877535,0.8892371039864
584730,292.365,0.7061416369153846,4.386437374848406,0.2246409162791201,1.079137653551849,-0.7486763521993001,0.9192276436333
588735,294.3675,0.7819190942384615,4.3070525621178914,0.24157489214889455,0.9791005878356194,-0.779242590073,0.978756675499
592740,296.37,0.7959359242461539,4.517517206884602,0.258277016149817,0.9668003392478961,-0.5573199987376001,0.86148705368352
596745,298.3725,0.7105545997615385,4.540920888284986,0.3105050294233769,1.2806574595856797,-0.8749658390912001,0.8766029202391
600750,300.375,0.7352118125307693,4.787296249831428,0.271243658608955,1.076904251741485,-0.5863015428171,0.9089616937569
604755,302.3775,0.8041990720153845,5.0756610286649355,0.20846667543823222,0.8723295681791358,-0.80409827827555,1.001325062479
608760,304.38,0.7607963085153846,4.771784366721913,0.2394786739604345,0.9138532422556371,-0.7453030049710999,0.9406748630606729
612765,306.3825,0.7582251658692307,4.767838510849933,0.2479331855144563,1.1535002533026912,-0.6442181691616,0.986960130746
616770,308.385,0.8364596733846154,4.807901466237665,0.2503507482737912,1.0267295226327995,-0.7902941405749999,0.9632274070679
620775,310.3875,0.7408843040384615,4.637880897913964,0.2615519437879195,1.1800190973546243,-0.800961881881,0.9856872670406
624780,312.39,0.8862985280846154,5.048062721382284,0.24252200426314488,1.0217510486853014,-0.90883103759,1.0083241998102
628785,314.3925,0.7586416097615386,4.426597590797628,0.3036088807168804,1.302101799891421,-0.671105816965,0.9463958705362
632790,316.395,0.6453149318769231,4.313170287110599,0.25203921521665557,1.2239655806120615,-0.8092239871720001,0.8776240022848
636795,318.3975,0.5830690677153846,4.136719277452275,0.23105916096210083,1.0019820684577057,-0.7286590039773,0.926435226575
640800,320.4,0.6165249531153846,4.361754477354447,0.23508400309064326,1.124553517052827,-0.8067679628665,0.999444040467
644805,322.4025,0.7348905618384615,4.22276920696259,0.30477670113307026,1.1021917976476308,-0.7176699042283999,0.9346323781643
648810,324.405,0.5437967135230769,3.664070453242224,0.23850251087958482,1.0816125300382065,-0.759307749562,1.0286333523557
652815,326.4075,0.7100105835846153,4.070550635367057,0.23732589978977656,0.9739389528055746,-0.879429571335,1.021266726777
656820,328.41,0.6952250279,4.213536726710706,0.1742676654209954,0.8661804120735476,-0.8196296542879999,0.994971279056
660825,330.4125,0.7807632226307691,4.71187068002082,0.17821976656051183,0.9497143991262439,-0.881707482029,0.956314338376
664830,332.415,0.7928903103,4.7903305131534015,0.24707432021110948,1.243851415370781,-0.983493499454,1.05698739271
668835,334.4175,0.9292995929846153,4.962621348939756,0.23818497956098594,1.1458985417232794,-0.831177636989,0.9399873930993
672840,336.42,0.4889514813076924,3.1637822372319713,0.2639166498053123,1.014490182996819,-0.5726665854505001,0.9393732099595
676845,338.4225,0.6658813678230768,3.919139765693625,0.191690459659091,0.9861160553758476,-0.985331885515,1.192271739237
680850,340.425,0.7741827964769231,4.439701837480306,0.24419845644362,0.9409595625156103,-0.8674645498339,1.011793315876
684855,342.4275,0.7492390504307693,4.148886886734109,0.25649703604275653,0.9961129924991148,-0.784872435029,1.1060482147125
688860,344.43,0.7620466947384615,4.351628346155468,0.19585465269082203,1.0029413841038488,-0.825506024064,1.047242948312
692865,346.4325,0.9701832166153845,4.6477727435811955,0.26896419596945,1.2251753471765487,-0.77459952236,1.0199485616772
696870,348.435,0.5663541372,3.37339628259088,0.18720962830295074,0.9630420513937475,-0.800348937508,0.9704630679835999
700875,350.4375,0.7241903451846153,3.988133538739568,0.2066498278887409,1.0016187634553124,-0.9271578043643901,1.0146503453105
704880,352.44,0.5723921794153846,3.695470509671761,0.24588685319185874,1.0387470571398563,-0.8794944882366,0.9255448160693001
708885,354.4425,0.7098837815769231,3.8764969770561892,0.286412731133721,1.1633666171643198,-0.9617587029870001,0.9769944271572
712890,356.445,0.7305695735538463,3.873737204513252,0.2436544023871407,1.0316356340863189,-0.6778591573232,1.0446266607649
716895,358.4475,0.7406104436307691,4.024103286370366,0.2353592692348162,1.0317614826297121,-0.6846848800752,1.019434405033
720900,360.45,0.7163379834230769,4.165585576188414,0.21340731363531062,1.0478146654434641,-0.8945284783883,1.0398246314102
724905,362.4525,0.748382981,4.336737023961913,0.29181070401273607,1.2276610096704592,-0.8065805435164,0.973663531242
728910,364.455,0.7942030613153848,4.418024115684411,0.22506282131400546,0.9774707954891974,-1.0463218018382001,1.0681428019843
732915,366.4575,0.7428804177538461,4.492790891831385,0.25554341032558103,1.1487335122066775,-0.7555513158464999,0.9992043226982
736920,368.46,0.7885669836461537,4.386747984039001,0.20999290527777775,1.001014017821218,-0.9198497608295,1.0430450481375
740925,370.4625,0.6614083877000001,3.738628731306414,0.21822584403678927,0.8154654479321976,-0.8671574220139,1.0570487566298
744930,372.465,0.7051670001076924,4.177044453031694,0.18717762282457098,0.8676227824156473,-0.675339527431,1.0514826802672
748935,374.4675,0.8069001619461538,4.398237335669546,0.24418051021040735,1.0826085213771444,-0.9215269908204,1.05006847275151
752940,376.47,0.7840244770000001,4.072931430968831,0.2370679296198316,1.0315981560445904,-1.0304422676566,1.0847596703212
756945,378.4725,0.856912667923077,4.291386025165737,0.2609551661856434,1.1992914895051336,-0.99417307227067,1.1643197992828
760950,380.475,1.0044549428615386,4.992711256927297,0.2164181866510006,0.9932989462243427,-0.8755473494602,1.1852949974205
764955,382.4775,0.7554108087692307,4.24594683687453,0.2333927752136917,1.0836856820715723,-0.628197357056,1.1422634836208
768960,384.48,0.7959868357692308,4.335740005969504,0.35136561413024264,1.578509004624591,-1.0598323196182,1.1004707738777
772965,386.4825,0.7681914751307691,3.9857377553022904,0.2617511521666395,1.0500281884643414,-0.9579848870607001,1.1328128889431
776970,388.485,0.7123241607923075,3.8566312999422605,0.21284914844748146,0.9785173113393414,-0.9294947609342,1.1653787521573
780975,390.4875,0.7043391007615383,3.9178102890961775,0.2176652926496413,1.042736454140092,-0.9189672246582,1.194052970037
784980,392.49,0.7614462467307692,3.950236409669315,0.2241005634787307,1.002187118344106,-0.943125911063,1.223657753318
788985,394.4925,0.6352269007615384,3.8918128499133173,0.2353060264281326,1.198027655497659,-1.1002304553969,1.1222405741063999
792990,396.495,0.7478224314307693,4.170128723345716,0.1799599886642039,1.001543584952784,-1.134072013203,1.276030350486
796995,398.4975,0.8604063254153845,4.718296437256723,0.20201692386679695,1.2092550989320068,-0.9134522676422,1.0985470376878
801000,400.5,0.6965921842153846,4.342922019373653,0.1835358256614715,1.0275764889663017,-1.036343835301,1.2036317372733
805005,402.5025,0.6375892620769229,4.213651413324337,0.16702813426581906,0.996369927411675,-1.011668913071,1.210225566743
809010,404.505,0.722392063876923,4.374752837583731,0.17100775455277037,0.8512300789622347,-1.0175006240584,1.21668247134
813015,406.5075,0.6710377381538462,4.040707478392262,0.15603482130008012,0.8053765916117468,-1.033436246216,1.2115972917678
817020,408.51,0.8199499203615386,4.572039450729252,0.20841616756899384,1.0804731233398512,-1.0216649770827,1.1999652665227
821025,410.5125,0.7847654452692308,4.248239485464968,0.168534465825152,0.9298621785690065,-1.056720715018,1.2009448073742
825030,412.515,0.8098847774307691,4.21679672420406,0.14883790093283855,0.7985793736897621,-1.1116403788309999,1.2545724464602
829035,414.5175,0.8546896072615385,4.328992719808501,0.18940331946507172,0.9743511695706217,-0.9559877812941,1.2138466280864
833040,416.52,0.7755673573461539,4.177777349122058,0.18635310120269258,0.9758556979062674,-0.9476703777819999,1.1274521187934
837045,418.5225,0.8242318721769231,4.297230173840006,0.19824370910330186,0.996564126160309,-1.240023702386,1.24197962216238
841050,420.525,0.7590679755692308,4.04131591882253,0.17896623834838324,0.9577289079425262,-0.997628387065,1.2788618076559999
845055,422.5275,0.8503613655538461,4.437028179999261,0.20162047531250013,1.181009872031932,-1.104112833738,1.2150231776793
849060,424.53,0.8117894484461539,4.209084886728909,0.1619605930654015,0.9611482891625668,-1.235234566029,1.288195783269
853065,426.5325,1.2343525703230769,5.353285024932086,0.1571393485441826,0.8085367586352075,-1.005699373783,1.223019127736
857070,428.535,0.8657142382384616,4.611991290133646,0.20748947548645363,1.0879672942641134,-1.139282681052,1.314392155035
861075,430.5375,0.9396614478153846,4.866589046503883,0.16273911867033464,0.8797208513923758,-1.1384647488619999,1.263623415496
865080,432.54,1.0282919223538463,4.832746059861681,0.22573560828052847,1.0303269070750825,-1.150606818499,1.286522288789
869085,434.5425,0.7024512749384615,3.6436431745795494,0.19498541500422326,0.8473341470854974,-1.240328431132,1.3322191089424
873090,436.545,0.606619238853846,3.6618921055409808,0.188777424933169,0.979542933582761,-1.119855530558,1.26614329963
877095,438.5475,0.43819742936153844,3.304794659484996,0.15295131381905389,0.6158620776716041,-1.06137795001,1.238253051416
881100,440.55,0.7071131101076922,3.878962740717253,0.1973641230664298,1.0518192808278617,-1.246891126041,1.2588320134798
885105,442.5525,0.7844287799,4.165076564287417,0.20325320604610247,0.9096341856834165,-1.025671754033,1.2561017051315
889110,444.555,0.5424778736538461,3.3732709859232837,0.1819654643313037,0.9462668225687236,-0.980263262989,1.287300717093
893115,446.5575,0.7494885187923077,3.953011132743748,0.20326973202276613,0.9343291535945378,-0.880013294514,1.206638320352
897120,448.56,0.7920226408923077,4.230699012852955,0.19245132351371852,0.9166176895725093,-1.09043426066,1.295197647046
901125,450.5625,0.7988090606846154,4.2568619212724474,0.19396560891557513,0.993578287736889,-0.959525257346,1.193206052306
905130,452.565,0.6654990177923078,3.7237942336145307,0.20471913346326104,0.9268793235647814,-0.989670924848,1.159799243317
909135,454.5675,0.783603191376923,4.062701795323153,0.20288257473879717,1.1227620277179677,-0.9788508713259999,1.2064889352800001
913140,456.57,0.9591874159230769,4.194554183058633,0.20437438367244334,0.9778419126564846,-0.977741979062,1.204830722888
917145,458.5725,0.5455665038153845,3.121231722503518,0.21820352710043592,1.05646058884432,-1.022988282148,1.1368890921535
921150,460.575,0.7647198988769232,3.997234498383438,0.20954061869248905,1.092889328171712,-1.1146742850529998,1.219483839355
925155,462.5775,0.49263251744615383,3.3140075609799933,0.19803405717413386,0.89980017515866,-1.029661886401,1.1650335125097
929160,464.58,0.735362988253846,4.229074168658193,0.19753308049418694,0.941677150982519,-1.146168947216,1.2018486820172
933165,466.5825,0.7529453864384615,4.137605489300111,0.17424404611000163,0.7876775445407473,-1.047533929348,1.204848129294
937170,468.585,0.5898640522461538,3.371479806056697,0.1904151995167448,0.8837091965328027,-1.068505700677,1.1751671428754
941175,470.5875,0.7054642163846153,3.7457589537937,0.2079234138963186,0.9891472135328908,-1.166631169624,1.232903790665
945180,472.59,0.7090563865692308,3.6439103855983954,0.19200674102775575,0.938608066355797,-1.146687589586,1.3068746514504
949185,474.5925,0.8072637594769231,4.199952812848341,0.22656573944310934,1.0823993267029857,-1.1117836907536,1.2098690327216
953190,476.595,0.9619640111846154,4.201952773163426,0.23132996078437776,1.1216448340610454,-1.134771831334,1.27158365399
957195,478.5975,0.9476909912538461,4.321068597996652,0.2263671946156211,1.0013062810546682,-0.986839991066,1.2560709398254
961200,480.6,0.7658308836153846,3.6986120258504025,0.19473068053715809,0.9015749085317389,-1.0916602686049999,1.2563081540782
965205,482.6025,0.6890976612307693,3.4806097963465845,0.24619096142843158,1.132504944727204,-1.041101068256,1.257351195441
969210,484.605,0.5758880652076924,3.2823156573081844,0.1972681586401313,0.9352680513916505,-1.10016272962,1.2131082303744
973215,486.6075,0.7061576934923076,3.5979064784785484,0.18584768232403054,0.684675380828693,-1.207713581627,1.356857551269
977220,488.61,0.7505713242692308,3.8939164586019817,0.18671932047333417,0.855233807170911,-1.0216481275859999,1.31784573918434
981225,490.6125,0.8288582746923077,4.251132683298418,0.20565850159357482,1.0178968207366685,-1.070689965038,1.2271159666189
985230,492.615,0.7888499131538462,4.064092408726749,0.2613098995737102,1.0177138629199234,-1.167983740564,1.2586542409904
989235,494.6175,0.8755206603230768,4.309644943197079,0.22808732760232558,1.0692225908466395,-1.096723273394,1.2596201235324
993240,496.62,1.0271178759153847,4.553344082434105,0.21972708241918873,1.027600494641817,-1.190689533948,1.2978266687168
997245,498.6225,0.6408933401076923,3.5377722051570006,0.22533978338485336,1.0561578165585694,-1.0015084669,1.2455908693416
1001250,500.625,0.6536592428461538,3.396240693583401,0.176312507834144,0.8592318258610471,-1.0247681736945,1.26013174933
1005255,502.6275,0.6719502852615385,3.095836884727041,0.18472445875799778,0.9152041530116969,-1.14185008406398,1.34042087755
1009260,504.63,0.7674648119923076,3.3613353417740908,0.22054467262050859,0.9662096480111954,-1.1346584781901,1.2709417897329
1013265,506.6325,0.7023592086846155,3.254476436080545,0.17342932801896876,0.8243795077756212,-1.3098080828836,1.2867551026883
1017270,508.635,0.7167232128307692,3.2880919558259425,0.1988953451186626,0.9691498972437826,-1.137309923768,1.2472098683865
1021275,510.6375,0.6845159072153847,3.1620897390520124,0.2268924468846983,1.022654123931192,-1.0778433755009,1.24366630542728
1025280,512.64,0.7578087586538461,3.5556197841736172,0.1906890451095492,0.9889137661489205,-1.092122308902,1.30191625620559
1029285,514.6425,0.7895266367769231,3.555358335728567,0.2379987347819722,1.1262687290185343,-1.0522390454987,1.2704130541499
1033290,516.645,0.7093426631,3.4588708105167774,0.19793337642775033,0.9761340612731859,-1.327222466469,1.393951507277
1037295,518.6475,0.696054669523077,3.3952154455311003,0.18511608705626945,0.9426659513026038,-1.327233426265,1.4012094028148
1041300,520.65,0.6392493614923077,3.533216687784398,0.23314478823294152,1.1725906222833409,-1.235571816559,1.322572875764
1045305,522.6525,0.6736399210384616,3.133579229154146,0.1665788009685385,0.8132904951294759,-1.188664562995,1.3715662681427
1049310,524.655,0.6494467166769231,2.915509089855747,0.19792451185369242,0.8351170799786664,-1.228248588735,1.3077677285854
1053315,526.6575,0.7687871272692307,3.24512105168666,0.18783673197992484,0.8151618521318477,-1.0715833231754,1.379920486347
1057320,528.66,0.6676276922307692,3.2294365784830483,0.1903886531209544,0.980314639471753,-1.324522435679,1.425196418535
1061325,530.6625,0.7155410693153846,3.354350981050299,0.2034613697821387,0.9854522606118271,-1.303225271414,1.441127018993
1065330,532.665,0.8400381986846154,3.5395918708384224,0.23528780497810223,1.0463942673878537,-1.2592981755700001,1.4610154852279
1069335,534.6675,0.8986451167307692,3.6231012291602034,0.23361119442587341,1.0934040945368375,-1.1004021763847,1.2577313734363
1073340,536.67,0.9658449521538461,4.020063135197182,0.17139442622308648,0.9337532838112245,-1.2747747004,1.3269223659315
1077345,538.6725,0.6775496647846155,3.4497186256995325,0.20186562330321436,1.1156127162302245,-1.122515976426,1.3076693422566
1081350,540.675,0.7908107225615384,3.5805495739899813,0.18847489871934156,0.9720661330261471,-1.137878775595,1.4002293473990999
1085355,542.6775,0.6193455641000001,3.1579823637012,0.17265127572386307,0.79706796548211,-1.271069385113,1.5092504210789999
1089360,544.68,0.8085765471846155,3.3347866781357607,0.1921888715279392,0.974626096502932,-1.199016436944,1.3910822875387001
1093365,546.6825,0.7604886201769231,3.2264445734812144,0.19117002157344712,0.8828714715003838,-1.188959233468,1.4023470552738
1097370,548.685,0.6986934680384617,3.3058780055159795,0.19270337567295598,1.0163898814798857,-1.2808493971844,1.4201546055316001
1101375,550.6875,0.8104738088692307,3.3818554298013495,0.1963114997755078,0.9278011059470722,-1.13981517404,1.3851832170045
1105380,552.69,0.5336969907461538,2.8822168663718775,0.16452578242330612,0.6685988727174005,-1.3501801043754,1.3810482770049999
1109385,554.6925,0.7353356985076923,3.694430874074406,0.18866959299613142,0.9862852044006902,-1.24833115935,1.374714283274
1113390,556.695,0.6194287079923076,3.1790809051023405,0.17582929591621885,1.0176491208162246,-1.1691154465062,1.470121853065
1117395,558.6975,0.6010839297153846,2.827609273915073,0.19374276118516873,0.958488881124479,-1.3094160035209998,1.3922792645192
1121400,560.7,0.7933700176307692,3.6576156137987814,0.17745612336815153,1.03221525655248,-1.214093126361,1.401886017989
1125405,562.7025,0.7314424423153846,3.244209593916499,0.18824579297815383,0.9642316196781151,-1.240232296282,1.39184760117344
1129410,564.705,0.6243211489538462,3.0102922843805358,0.16658193986917988,0.797259396982818,-1.261295061561,1.469310371208
1133415,566.7075,0.8524878300307692,3.6807800236843318,0.18342501644868506,0.95120440591476,-1.215110197665,1.422824450765
1137420,568.71,0.7189435592153847,3.0291550425870306,0.17504733961520338,0.9285365147844705,-1.110004089765,1.37560798005558
1141425,570.7125,0.6748992663076923,3.1889873126290498,0.16496117246464623,0.8766519380784137,-1.226570300762,1.474198605855
1145430,572.715,0.7260145315692307,3.058950172171338,0.1723526650292803,0.9441693435168118,-1.226055487986,1.4355019405477
1149435,574.7175,0.7879816477076923,3.1216505170376547,0.20960200197727002,0.9968087777909749,-1.067928489292,1.4869979485023
1153440,576.72,0.7128641238384615,3.1652324689566798,0.21532505459389653,1.0143171028514855,-1.22298563272,1.4960569608929999
1157445,578.7225,0.8703559545384615,3.496751064904289,0.20189226512023953,0.9522776386263747,-1.206376727674,1.431321617215
1161450,580.725,0.7601824448769231,3.242666623946035,0.19864053462931847,1.0206027118796255,-1.274830877775,1.438708027832
1165455,582.7275,0.5658103594307692,3.1057451537764798,0.1992964633849333,0.8577769678314963,-1.263351053006,1.40377762355
1169460,584.73,0.48830164396153847,2.5730205566840496,0.1798499667630748,0.9209544052800264,-1.177660845225,1.439018864184
1173465,586.7325,0.7047370763846155,3.426491760893159,0.20022982384068938,0.9723210061823454,-1.292358405893,1.4186493791600001
1177470,588.735,1.3328962784307694,4.1302792520241915,0.12650954659748834,0.4607901230196829,-1.4326137900359999,1.6164555382043
1181475,590.7375,1.3038775645753846,3.4943514809138363,0.1643858525534614,0.9412876691642228,-1.263753108679,1.579437490549
1185480,592.74,1.4798566767776922,3.507341248923893,0.18543502754763355,0.8467663313282816,-1.2661115974200001,1.4994007628350001
1189485,594.7425,1.1718141069707693,3.197362760791899,0.1578134642055631,0.8667460595760068,-1.202887162568,1.55760804191
1193490,596.745,1.182620089790769,3.4087822338764897,0.16276560043250668,0.8351328709948365,-1.437984779481,1.588381698352
1197495,598.7475,1.2099443169715385,3.3720588537512155,0.18638546626769945,0.7849086829669519,-1.329119443899,1.548982707783
1201500,600.75,1.2904131733392308,3.071142348513734,0.1817940519437413,0.928314201277958,-1.2435699999331,1.641119237993
1205505,602.7525,1.5713487863493847,3.089301298699327,0.18749819774990273,1.024430328858206,-1.385672383013,1.639203242945
1209510,604.755,1.2069007387484616,3.0354040207526567,0.16678790838705326,0.7931653847075061,-1.367138676352,1.5927393874222
1213515,606.7575,1.09620854029,2.6706628503787555,0.187682882178898,0.881415323711927,-1.412778459488,1.5336175412070001
1217520,608.76,1.193454980846923,3.022060757982295,0.181115051411108,0.9802662532167035,-1.263165928401,1.5370561918357
1221525,610.7625,1.3503156281446154,3.097606731666418,0.16436984480672612,0.9566798321136152,-1.304779678579,1.5110050728589
1225530,612.765,1.1574337940876922,2.9832313383393347,0.15920406339529916,0.7584479317915558,-1.2634535580950002,1.575813159331
1229535,614.7675,1.1559450443038461,3.108684119527771,0.15278828655778676,0.7500510185472586,-1.638871178028,1.588693716555
1233540,616.77,1.1204183754979231,2.3463845647837505,0.17259801078428946,0.7801400832701574,-1.2012877538928999,1.452462821511
1237545,618.7725,1.062797275866923,2.7343026289924013,0.1739222124994076,0.8726390675870079,-1.646994657827,1.708237329499
1241550,620.775,1.0579206622584616,2.7581129744125144,0.15757045828045518,0.9037321632695995,-1.443223580712,1.728081183505
1245555,622.7775,1.0005468955469232,2.672452422802829,0.1402917988661784,0.8792930341904532,-1.434621311736,1.697372537096
1249560,624.78,1.0665856141307692,2.9846359067005936,0.16195798575846432,0.8986105433219276,-1.531527765091,1.6556144747925
1253565,626.7825,1.0870837477623079,2.7034870450322015,0.18077842668670205,1.043087479327021,-1.547383166852,1.638689050453
1257570,628.785,0.9390611808961538,2.2127913381364093,0.18183068012028386,0.7265891356553879,-1.4026726931302,1.5889107151914001
1261575,630.7875,0.9905700133376923,2.4498219984074407,0.14930843293249493,0.7618874375108641,-1.4440525025096,1.644653124737
1265580,632.79,0.9707223314561537,2.794111264856578,0.17033869245418753,0.8886539209101548,-1.375584162768,1.6997945383170001
1269585,634.7925,0.8984348177900002,2.577272847634474,0.1520468904619065,0.7760704137632679,-1.313296765077,1.6635697912348
1273590,636.795,1.1706622517976923,3.013626170006715,0.1802784658566159,0.9675832696486375,-1.512950003141,1.70634224825
1277595,638.7975,1.0479921973676922,2.9581155758435105,0.17629545711243613,0.8130558350553081,-1.3911980390629999,1.5666273692680999
1281600,640.8,0.9188427695830769,2.4753356362403607,0.16365370964340606,0.9100419654526475,-1.344835288814,1.516531676075
1285605,642.8025,0.9859568201546154,2.5080673310070667,0.17991466449536822,0.8539720090532821,-1.392136767505,1.6048661311894001
1289610,644.805,0.9774160981130768,2.7917784169348754,0.15675504622679032,0.8052544202261623,-1.297372542331,1.623788660413
1293615,646.8075,0.9258051101976924,2.634942523046637,0.15393949006012925,0.8304633338498609,-1.571086555708,1.721159916382
1297620,648.81,0.8838669886992309,2.6432201587000823,0.17796443833184175,0.7915677266077507,-1.475499242543,1.7158230822459999
1301625,650.8125,1.1409595929576923,2.957205314573554,0.17669327310164373,0.8897263368085004,-1.466338366267,1.718313038343
1305630,652.815,0.9453747134961539,2.764282721591733,0.17887448895413702,0.8361448535681361,-1.618668913833,1.659871662034
1309635,654.8175,0.8495310407353848,2.558216123731116,0.1590536411257363,0.8194130009235294,-1.421451635653,1.603269718593
1313640,656.82,0.808936375843846,2.455635742507884,0.14930145172469364,0.708380432085144,-1.455419473352,1.6593038269811
1317645,658.8225,0.8836262134438461,2.5274511061271783,0.14898713241366265,0.781056596883595,-1.626430846758,1.7023158939612
1321650,660.825,0.8904402806169232,2.4216355713207074,0.16102470476329916,0.8580262503261712,-1.442698858688,1.696691784994
1325655,662.8275,0.8776498161876922,2.5850568852294016,0.16318083386536203,0.8693145464421129,-1.601187951871,1.801603129131
1329660,664.83,0.8095611517246154,2.4443652263121276,0.13752668807080834,0.7094365296562349,-1.581208575508,1.716582458453
1333665,666.8325,1.0420024991023078,2.7293303117675687,0.18914327010144558,0.9648384695852321,-1.511165812607,1.77022355422
1337670,668.835,0.9043097541838462,2.7711457485519753,0.19802829514494408,0.7421797221676141,-1.490426450967,1.722255952648
1341675,670.8375,0.8976405262923077,2.6241999647999257,0.14677129661728452,0.753667026150192,-1.474878966802,1.755589352924
1345680,672.84,0.8376417801946154,2.483020651462159,0.157167045198707,0.8415133599989828,-1.435905069106,1.724905475977
1349685,674.8425,0.8753927991915383,2.30968335392291,0.14980277362447078,0.68039042276464,-1.650148078801,1.6371391191984
1353690,676.845,0.9526272782915386,2.6198210046585064,0.1786788973614032,0.8566941314597596,-1.659632191062,1.675927156581
1357695,678.8475,1.0637986201515384,2.8832463906052417,0.16811846943794884,0.8114677480725384,-1.4919838085750001,1.69677968323
1361700,680.85,0.9024614416623076,2.6405947745593887,0.1917495327721286,0.9086905257853906,-1.467458419502,1.715734917684
1365705,682.8525,0.6590930636123076,2.1498637848951976,0.1613640414213406,0.7448798113108155,-1.450214736163,1.6643417067919999
1369710,684.855,0.8561215171415384,2.5391327363082405,0.15436178218263397,0.8142156977735987,-1.502920411533,1.681025438014
1373715,686.8575,0.8396670680830769,2.5245091991929023,0.19960944275903575,0.819444647591493,-1.508366599672,1.683400351565
1377720,688.86,0.8287446888623078,2.169494285521042,0.18440740081036747,0.814916471841879,-1.4733003377951,1.598720164975
1381725,690.8625,0.76494376018,2.4767959193543,0.15536414378518057,0.7458986519257434,-1.514663532369,1.6117114443279998
1385730,692.865,0.7229248422807693,2.145566818651375,0.13041543132555247,0.747133838802158,-1.46914190055,1.65709081572
1389735,694.8675,0.8014294550869232,2.3078535329988408,0.1976264289131982,0.9652836614566616,-1.633948758255,1.706748265786
1393740,696.87,0.7865509757607693,2.2245722026376837,0.16463483156001468,0.8173380288266563,-1.487022027386,1.659752575695
1397745,698.8725,0.8164758132038462,2.381456730727251,0.17015324621921474,0.7027531777852479,-1.476950831715,1.661860107457
1401750,700.875,0.8752208856438461,2.4549242731084626,0.19097847119583566,0.7935687588535285,-1.433044105762,1.7101977560600001
1405755,702.8775,0.7952632628953846,2.1187648633121086,0.17877169505526797,0.8308417520876746,-1.31311067938,1.69406139478
1409760,704.88,0.7011670172184616,1.871976632157738,0.15886211019246457,0.7978724311952379,-1.5646178051800002,1.687419990066
1413765,706.8825,0.8908268946884615,2.4050240139301886,0.17964751322250935,0.8589451390671929,-1.525777481487,1.652058423498
1417770,708.885,0.8478153164515384,2.370512135152477,0.15803357972469032,0.7134403771662728,-1.462311912337,1.651049319639
1421775,710.8875,0.8020963760446154,2.321827104669163,0.1577541242007609,0.7714107767703704,-1.457948334506,1.674145849418
1425780,712.89,0.7977106341923077,2.116163739618613,0.16101650735457385,0.7623834514730845,-1.549249395733,1.6565145710599
1429785,714.8925,0.9876443835438462,2.5500275096476615,0.171560226756153,0.7841447752984319,-1.476535856728,1.6489720684534
1433790,716.895,0.7983614848246153,2.0904651467268462,0.17162358232984534,0.7418449592193419,-1.512087240815,1.671313511212
1437795,718.8975,0.9333154192346154,2.2776907121127765,0.15391222409385624,0.8487531511739198,-1.551053300499,1.660309575491
1441800,720.9,0.8373411939661538,2.0475729128286106,0.14676779539960616,0.7429609299706358,-1.523956291366,1.6936969682660001
1445805,722.9025,0.9556308984815385,2.110348814259953,0.1763703889739765,0.8449352343580178,-1.489822320665,1.630056319753
1449810,724.905,0.9172076537069231,2.0910413456559156,0.15968847049356713,0.8564445379814997,-1.4022511914320002,1.5743370037431998
1453815,726.9075,0.7930410320923076,2.0359453408212045,0.1990379924994799,0.8996130621710764,-1.395014610136,1.522320294741
1457820,728.91,0.916776304056923,2.29331157030567,0.14555028155457844,0.7525520524272576,-1.515496358262,1.635278701781
1461825,730.9125,0.9809340467815386,2.2157660100278216,0.14722591710358698,0.7860523400635159,-1.386158201843,1.597815011637
1465830,732.915,0.7310134951892308,2.012040023156704,0.13847515997750948,0.6772253186959213,-1.2378283031348,1.4525931999023
1469835,734.9175,0.989145643436154,2.176266360390829,0.18876584465418195,0.9205785458502996,-1.296181131147,1.476189463385
1473840,736.92,0.9184993322069231,2.043991440874198,0.16378743346249414,0.836202612396838,-1.337768107641,1.5338864363695
1477845,738.9225,0.6809968123084615,1.931126375108933,0.18258710939794626,0.8414059020398419,-1.389470860365,1.5176803716284
1481850,740.925,0.8053142359553846,1.9524444038513629,0.1679004731050278,0.7551979165479221,-1.329708442088,1.556737231079
1485855,742.9275,0.7485544452323077,1.8051791518943252,0.16683838457244793,0.764129825068549,-1.334479004141,1.5400573573993
1489860,744.93,0.9552216484015384,1.8243334441866939,0.1633047945327929,0.8339835299970271,-1.405476637186,1.599269853898
1493865,746.9325,0.7503730219115384,1.6585290656203973,0.15645132022000238,0.7700619189014326,-1.434554442764,1.656036701042
1497870,748.935,0.8044774715776922,2.111430448708895,0.1692551605312676,0.784210848473648,-1.465796709051,1.695538240494
1501875,750.9375,0.8191572060907693,2.0194147109885376,0.13353585428705544,0.6701588505309073,-1.4670366197840001,1.661801103515
1505880,752.94,0.7554762638569231,1.8572929872390147,0.13682948319048663,0.7264166451004163,-1.463700465863,1.5908023889542
1509885,754.9425,0.65127369762,1.713213422584362,0.14351676257746485,0.736628566204456,-1.39137969539,1.627498406923
1513890,756.945,0.708503376976923,1.7761767585078048,0.13178091366625766,0.6664955060507244,-1.458826854826,1.630049337645
1517895,758.9475,0.80631689154,1.6785201881037464,0.15112979449263073,0.8410932029832892,-1.440825201559,1.6207025821774
1521900,760.95,0.8203936677738461,1.9405386674020193,0.1371383709366153,0.7253637700711641,-1.425793323666,1.6285661663981
1525905,762.9525,0.6362981062630768,1.8668755090522833,0.1357053662259255,0.7042791432838702,-1.410185050221,1.6038487786399
1529910,764.955,0.8009174615107693,1.6127186092977381,0.13011953629151227,0.6649511496562805,-1.4135109148981,1.633977682331
1533915,766.9575,0.7056980259146154,1.4628191796963403,0.1663058470170863,0.8275536285875553,-1.5380832031390002,1.6480782609428
1537920,768.96,0.735015261636923,1.651705082065293,0.13726541607310494,0.7231240994376491,-1.472022332256,1.745378516603
1541925,770.9625,0.7763890956453847,1.578763417083479,0.1779479992280038,0.8944913825896774,-1.49900726229,1.705625209948
1545930,772.965,0.9110700820453845,1.637043562693993,0.15820015069840035,0.7908499558220348,-1.6610251516030001,1.723241341312
1549935,774.9675,0.6624976900846153,1.6195012393408155,0.14081145167219355,0.6100766412093978,-1.614689879105,1.707254275666
1553940,776.97,0.7641406907515385,1.7025560197228817,0.1310187877741707,0.6918620950608633,-1.4292872287340002,1.634272079912
1557945,778.9725,0.7916179207646153,1.6829008114336905,0.14455383101010605,0.6794535619857515,-1.462913691993,1.6431631278180001
1561950,780.975,0.7776119846646155,1.7493012343666912,0.15081032881108078,0.7079913628164215,-1.520044729109,1.5887294579178
1565955,782.9775,0.7221446885584615,1.6825420163908025,0.13945043504419707,0.740973661453632,-1.446130804705,1.6293036500183
1569960,784.98,0.8072247665638461,1.560823801640053,0.15569000024608212,0.7272780410006553,-1.495777014645,1.699202401562
1573965,786.9825,0.7012006434130769,1.6667681152543097,0.15480602376040364,0.7866407005603746,-1.515703335413,1.674876222371
1577970,788.985,0.6832825174661538,1.6173023634710626,0.15151978199843977,0.7551647173458302,-1.556906938541,1.743622243395
1581975,790.9875,0.6962714905884616,1.581796429709788,0.1514290224840843,0.7907188865698167,-1.454816512766,1.676338366226
1585980,792.99,0.6286468437038462,1.55762350210436,0.13904787082696554,0.7060401466765681,-1.4122741110521,1.658763075239
1589985,794.9925,0.630145650643077,1.6625146775071604,0.12441861083070437,0.6416588591489073,-1.552002578968,1.726620366809
1593990,796.995,0.7841000258923077,1.7462106963344364,0.12853046966661233,0.7143453065751764,-1.55279590935,1.715250145643
1597995,798.9975,0.8017974679261537,1.8058218169473927,0.132786111683095,0.733840122742295,-1.4641622491151,1.616669591516
1602000,801.0,0.5927777198638461,1.5786942692384867,0.13042482454635496,0.726255798626454,-1.384142532942,1.643742350864
1606005,803.0025,0.6941366860430769,1.713475894840982,0.13762039572222073,0.7289229266324949,-1.488812662655,1.6411757478520999
1610010,805.005,0.6575589638423077,1.5413134705424656,0.12837823231797732,0.7022389371376813,-1.581044882541,1.6460289098282
1614015,807.0075,0.6684217636423077,1.6155141507895445,0.12260027695861313,0.6557092438175667,-1.536194063727,1.70823965129
1618020,809.01,0.6239765148861539,1.5918072004434884,0.1442555039146261,0.7311254039365965,-1.649531297386,1.671996422114
1622025,811.0125,0.7574043686607692,1.6690869212240411,0.12868688809451917,0.7209179090841515,-1.583408094957,1.738548725829
1626030,813.015,0.635986059906923,1.6974646699691474,0.14232735116167425,0.7406294595146914,-1.4739043116634,1.6528010843332
1630035,815.0175,0.5992125754230769,1.5099515664980585,0.1400763377365099,0.6967274145280111,-1.419238589708,1.617898783661
1634040,817.02,0.64470752157,1.5678573912931129,0.13173571189249025,0.7104710176905662,-1.493640013034,1.6269051861150001
1638045,819.0225,0.6660331074961537,1.3935930324688013,0.1278044984000399,0.7124234533156831,-1.41824107618,1.6125493053084
1642050,821.025,0.6489489605769231,1.4722091564963704,0.1413680923720069,0.7809183583294206,-1.331329721968,1.633556879135
1646055,823.0275,0.5414272959430769,1.4321865961433455,0.12062824196395984,0.6832876488044619,-1.492015644906,1.6440842868671
1650060,825.03,0.6960027974330768,1.6894154901767258,0.16372052424171152,0.7703858972453197,-1.483269311491,1.627127785236
1654065,827.0325,0.6600265571615385,1.5981778967233395,0.1406986183265394,0.7364960893828347,-1.418384317309,1.6638564786528
1658070,829.035,0.7814636150276922,1.461189604842275,0.14802112643686233,0.7722993952628959,-1.525969818253,1.60576889895297
1662075,831.0375,0.6466990548876923,1.529504139540148,0.14227389744727598,0.6847382167697914,-1.41968952864,1.632953055209
1666080,833.04,0.5841579368446154,1.4898103393762632,0.122523396107904,0.62683999670033,-1.475958950826,1.626873511825
1670085,835.0425,0.6170063293992308,1.4153558268686428,0.14297790830840126,0.7311499758425397,-1.4450947046287,1.60328122043
1674090,837.045,0.6093675196215385,1.5956688030992,0.139508271167407,0.686848810340643,-1.524295017133,1.6752195050816
1678095,839.0475,0.662877321246923,1.5292361147121407,0.1361481862787515,0.6639207862501906,-1.4348166696640001,1.684405320335
1682100,841.05,0.5950435033153846,1.389902883229936,0.15254952723145104,0.7260233160281183,-1.543083369735,1.711792683236
1686105,843.0525,0.5933904854176922,1.4933793260443469,0.13316081323619477,0.663905381301207,-1.341796357176,1.676682156481
1690110,845.055,0.7296281823715384,1.4954915010465417,0.15639735470289817,0.8179227383031391,-1.437694076466,1.690617291255
1694115,847.0575,0.5885658539330769,1.532016345158238,0.1250083462083524,0.662884341115144,-1.654797047368,1.721010811639
1698120,849.06,0.5660161192615385,1.4465557618704719,0.12350396633108035,0.7100274476728037,-1.6267324462419999,1.69832154735
1702125,851.0625,0.6047387100153846,1.4396193654110916,0.13654304075798376,0.7565479820723285,-1.3820292241935002,1.6818744573003
1706130,853.065,0.5969397952992308,1.486723801351136,0.12531217245083923,0.616942736907541,-1.486186441044,1.731167050063
1710135,855.0675,0.5753044119338461,1.4954024858148294,0.1252458713320306,0.6964086635754163,-1.474386434998,1.694290669637
1714140,857.07,0.6424931723307693,1.4919833333383874,0.1714843031997235,0.7749413528050053,-1.4701922386922002,1.68831298873
1718145,859.0725,0.5933674252938462,1.4716136943673017,0.14267044172260887,0.6594307443578569,-1.543383140101,1.71606574581
1722150,861.075,0.763631159296923,1.5191198802628831,0.1256459583205645,0.6626159434028349,-1.5431873425809999,1.669182464488
1726155,863.0775,0.557946555886923,1.4297121714205878,0.14116551584938958,0.7246181257753845,-1.541389308874,1.6222177445914001
1730160,865.08,0.7649854112942538,1.2514505750545672,0.14852054418174748,0.7457527922171051,-6.20360320807,1.749429427086
1734165,867.0825,0.7404152914324615,1.661702050098092,0.13356230491438692,0.7027234660417522,-1.7669565603169999,1.95577709749
1738170,869.085,0.6626827120784615,1.8286943317296325,0.1103613471337537,0.6578172551695306,-1.8464284650919,1.951254095888
1742175,871.0875,0.6132091054476924,1.8573934475908775,0.11619020765629995,0.6441117214603594,-1.72122104839596,1.950066825375
1746180,873.09,0.6398587685361539,1.7982569020413153,0.11938159029802699,0.6861347169076697,-1.8202556855981,1.954496690999
1750185,875.0925,0.6849033786738462,1.84575327140087,0.12799009965385572,0.6820861819770856,-1.742356449363,1.90789077617
1754190,877.095,0.6081623412184616,1.7180604173984775,0.12564556849661587,0.6492437133822501,-1.8089378550669,1.922307282694
1758195,879.0975,0.6024697904392308,1.7001452564961606,0.12319712072112578,0.630390589525509,-1.728058569158,1.9568735733759999
1762200,881.1,0.5669575356423077,1.7133605385462014,0.11639184831219024,0.6028577158712815,-1.7709054760582201,1.927864708011
1766205,883.1025,0.5318655394584615,1.6836374515880845,0.13148752123314572,0.6475523432169391,-1.655631359666,1.903474897138
1770210,885.105,0.5860243233292308,1.739074360853119,0.13194940707051758,0.6409051979902753,-1.7511416524724002,1.965293651434
1774215,887.1075,0.5904141939523077,1.7465386370871043,0.12935336263165886,0.6501932259481932,-1.7645694837022,1.9596143756
1778220,889.11,0.5666595032592308,1.6964300854010619,0.120989932654342,0.6159225030072034,-1.8736715093278,2.001701828092
1782225,891.1125,0.6176593533,1.7962014496911731,0.12250094495887713,0.6415954881069321,-1.6794086582999,1.965871479359
1786230,893.115,0.7039514573807691,1.7465897743113663,0.11580802450015831,0.6273782792055727,-1.7577953376058,1.924941333008
1790235,895.1175,0.5713947507038462,1.7803898238184697,0.12199246477759339,0.6264435102505093,-1.7094008997067,1.9106847196880001
1794240,897.12,0.5693770692946154,1.7931283203885484,0.13209295227139653,0.6354004954706529,-1.6870355308017,1.861037291581
1798245,899.1225,0.5810641463015385,1.8549810134391593,0.12161018517031974,0.633551752846713,-1.7268230691671,1.833954091176
1802250,901.125,0.6265861185684615,1.8192352147212945,0.12476419718660202,0.6383135053320169,-1.7548046559015,1.8606215766598
1806255,903.1275,0.5940232001823078,1.8565022425458524,0.1214702237405003,0.6343554416437734,-1.7088790610473,1.8582354541882
1810260,905.13,0.6403912030761538,1.9101713922173151,0.13104441566932634,0.6109848421886105,-1.752580910911,1.892019767327
1814265,907.1325,0.5748540392307693,1.9451656311004986,0.13241468102359827,0.6976763599173842,-1.707988269626,1.880845905288
1818270,909.135,0.7028570152284617,1.884405292089141,0.1240225092606784,0.6554625613541283,-1.634319841859,1.906982978823
1822275,911.1375,0.6511054428738461,1.846704966920792,0.12298283116408705,0.6432307556340879,-1.725100189449,1.893429272802
1826280,913.14,0.55066428276,1.9067469009166036,0.1310766374718974,0.6784150023771776,-1.737310856585,1.892387956376
1830285,915.1425,0.6933549803053847,1.8857258720562269,0.12228246554988303,0.6374739495879768,-1.7114623487,1.896569030339
1834290,917.145,0.6461873788184616,1.965613863381497,0.1192648281544886,0.591180084500579,-1.679177843044,1.865722779185
1838295,919.1475,0.6201701760353846,1.9889513693004583,0.1448307013490218,0.6287100272922514,-1.681228309869,1.8730189921209999
1842300,921.15,0.7204361855976923,1.9107783802503613,0.11659192556518216,0.6210487279171204,-1.550657361742,1.695959392935
1846305,923.1525,0.6456651733530769,1.88835529179789,0.12999057112012935,0.6680761305521923,-1.586159408094,1.740824889377
1850310,925.155,0.6708452243015385,1.8992217552864923,0.12651475409917692,0.6424756789643395,-1.573380336161,1.7758569326192
1854315,927.1575,0.5811098722338461,1.8897198048896895,0.12297817776935999,0.6091898607847962,-1.6325368508759999,1.824908046059
1858320,929.16,0.6400402876053846,1.9279810805647504,0.13154692323961736,0.6571206542704117,-1.71450998635,1.8751647975293
1862325,931.1625,0.5339935513746153,1.9296360140354512,0.14496669886228905,0.6351001390098852,-1.620583094653,1.790166852073
1866330,933.165,0.5779483685123077,2.028343019160468,0.11971124671129638,0.6445592771424299,-1.598991476007,1.822581712148
1870335,935.1675,0.625254342196154,2.0432406397140377,0.11782557551069886,0.6232900793751882,-1.627405427394,1.7704521510840001
1874340,937.17,0.5976088276230769,1.983059730309822,0.11580147552836004,0.6356963794857647,-1.6137627288749998,1.8147958629
1878345,939.1725,0.5516452926792308,1.9493303324816367,0.11292275657827865,0.5716059939033198,-1.607494622468,1.788050323731
1882350,941.175,0.5173085836284615,1.87856130113361,0.11422938981579288,0.5747216126609895,-1.5848481431580002,1.812313542701
1886355,943.1775,0.5584316345292307,2.093851152885234,0.12636896396761957,0.617322109757091,-1.627455919988,1.81109573321
1890360,945.18,0.6311965905723077,2.094841407045712,0.11748339795700667,0.6201016162217854,-1.596545480197,1.766897886064
1894365,947.1825,0.6448729405123077,2.1179449052217225,0.12813234341398336,0.644115976208682,-1.583461724238,1.717475279233
1898370,949.185,0.6434478255361539,2.1307345251107637,0.13321406977547948,0.6209351129821244,-1.457637868815,1.765714383688
1902375,951.1875,0.5871960658361538,1.9529197878252313,0.1269481760306683,0.645410452219044,-1.695385038848,1.71645727567
1906380,953.19,0.6249193732576923,1.9799957412221392,0.11913636624461336,0.5725099984437535,-1.552762970328,1.783072084184
1910385,955.1925,0.7440074728007692,2.0887335540977188,0.1108570885092241,0.5566995137499895,-1.3901993930229999,1.574996961282
1914390,957.195,0.6780058145538461,2.195588047798211,0.11178612984640336,0.5749603378582558,-1.432908788324,1.5953043308119998
1918395,959.1975,0.6790335315961538,2.211517129373756,0.11952037420713656,0.6092967020051475,-1.507254615426,1.60386013054
1922400,961.2,0.6669349487084616,2.2846986506675795,0.15047126024320162,0.6918112631301672,-1.500966236002,1.679411082528
1926405,963.2025,0.6437170643023078,2.144633195721153,0.12847003626189393,0.6591821907120827,-1.51443747432,1.743839326321
1930410,965.205,0.5550034275430769,2.1142070190878073,0.11513330484398178,0.5709088288325022,-1.579343214633,1.710630096478
1934415,967.2075,0.6641754691430768,2.212004295611663,0.13801821514770837,0.6512691710689416,-1.461250446739,1.759521178894
1938420,969.21,0.6769624306661538,2.315619463608979,0.12415290720294771,0.6561792384125279,-1.513405583805,1.793295721522
1942425,971.2125,0.6349255717707691,2.2884195714900764,0.12519587262732632,0.5987125462236167,-1.614060223091,1.823572240772
1946430,973.215,0.5971986559761538,2.080102486410719,0.1186169062746126,0.6108307730939316,-1.523438863453,1.7024947758668
1950435,975.2175,0.6394854967446155,2.1753296140598173,0.11701425744079617,0.5923891407160086,-1.545655310153,1.7489259364096
1954440,977.22,0.7098933504238462,2.218368022902516,0.13054135228136748,0.674714928748007,-1.2746445834566,1.6466269716559
1958445,979.2225,0.707512910546154,2.196201075383194,0.12078333584562623,0.5771387154231719,-1.452744096515,1.686403572568
1962450,981.225,0.6355649645584616,2.050270157410167,0.12233357254946887,0.6042279157800163,-1.624598164118,1.797110371301
1966455,983.2275,0.6439194312438462,2.252541885810583,0.11174643235290117,0.5834100113403927,-1.4279900416666,1.6462208419106
1970460,985.23,0.6438081493684614,2.24770286019949,0.12642922144040042,0.6678590066063218,-1.551900930692,1.6952773751674
1974465,987.2325,0.6640467551999999,2.3411714916649484,0.11899216088870707,0.5857801677694074,-1.560012608762,1.7391442092982001
1978470,989.235,0.6909148142892308,2.2918495693863714,0.11849987425749166,0.5984880264202812,-1.618185110386,1.6942246286155
1982475,991.2375,0.7052354629184615,2.282546817889006,0.13838599538991708,0.6752827662698014,-1.691950269032,1.753498863432
1986480,993.24,0.6703143990938462,2.2334399601164967,0.11729274307661683,0.5924126296937796,-1.578085780136,1.6817280622171
1990485,995.2425,0.6472668922946153,2.160642798728951,0.12055332458529479,0.584894314739799,-1.632149122643,1.715236346248
1994490,997.245,0.6485623258823077,2.1986592017672537,0.11666520476486143,0.5961221871638821,-1.436552260073,1.708398801267
1998495,999.2475,0.6340866593230768,2.1637342942725826,0.13931736540880058,0.6419389539953985,-1.550615951421,1.685221374053
2002500,1001.25,0.6713749537123077,2.28182326694666,0.11816174817627458,0.6050856427067376,-1.581006083627,1.700524378548
2006505,1003.2525,0.6299388133561539,2.169400506826586,0.11694157541187693,0.6297383768561762,-1.3419952094648,1.681842068204
2010510,1005.255,0.61106326488,2.074653199727063,0.10462928153303716,0.5270802481464094,-1.546923153104,1.734352007518
2014515,1007.2575,0.6748412022269231,2.227391192139171,0.12513501965577697,0.6638753066652716,-1.26463154704251,1.641046313576
2018520,1009.26,0.6591098354338462,2.2074434488996304,0.12614583022179612,0.6482939901814652,-1.3837249875293,1.649286337201
2022525,1011.2625,0.6615867752269231,2.2358856569896592,0.12233029158114135,0.6051451391534796,-1.465438090277,1.641035513005
2026530,1013.265,0.6751362864769231,2.3589817300435185,0.1305128432252854,0.6798502382555276,-1.580382287501,1.702230561526
2030535,1015.2675,0.6433202257499999,2.2881631216580813,0.11027013646965392,0.5733047242136596,-1.472193703065,1.71006969734
2034540,1017.27,0.6239147874,2.258916253754448,0.10796298029008154,0.5267170160197437,-1.6161559298769999,1.7000873535932
2038545,1019.2725,0.6355440479061538,2.28309031335171,0.11273876184189341,0.5920294766598582,-1.3379622101837,1.699385271419
2042550,1021.275,0.6160741677607693,2.184471553940887,0.11229451608866134,0.6132830404636764,-1.655856393291,1.6680880831657001
2046555,1023.2775,0.6858785656692308,2.3536696631273744,0.11222025263025226,0.572139532515332,-1.61156494171,1.68144623097
2050560,1025.28,0.6409972539330769,2.2155522226238773,0.1113394046207632,0.5902313564245377,-1.490372836587,1.695986559605
2054565,1027.2825,0.6413298616092308,2.2382526406563694,0.11907991022549852,0.5544932888606804,-1.565174587057,1.7017310317630001
2058570,1029.285,0.6455733180015385,2.1817412937566765,0.13845443598948348,0.61304280661251,-1.567206539216,1.6219765169272
2062575,1031.2875,0.6656860021515385,2.2385614000458727,0.1101162897307273,0.5951533909622981,-1.490811176598,1.6607177110647
2066580,1033.29,0.6818539958723077,2.2563687075572885,0.11430558933595161,0.5506794361181729,-1.635183207689,1.780657034372
2070585,1035.2925,0.6830767347284615,2.262874353381557,0.12233277675101822,0.6082488842477332,-1.735040515664,1.734252763904
2074590,1037.295,0.6661490477138461,2.226186412510666,0.1291254052595256,0.5626448068319853,-1.601813875146,1.7512391656569999
2078595,1039.2975,0.6585640173723076,2.236296991444941,0.11242133560571464,0.5203789352804556,-1.510291703035,1.792526006687
2082600,1041.3,0.5911444746569231,2.2054062483785137,0.11151089668375745,0.5295777971259077,-1.751520045093,1.7786374240968
2086605,1043.3025,0.7335561147084615,2.449323725100727,0.1213726746278628,0.593617774684743,-1.601309686905,1.797118419784
2090610,1045.305,0.6582160546253846,2.262763112707294,0.1164615302452834,0.5391961458659356,-1.630819693214,1.8004433307730001
2094615,1047.3075,0.6366793008961538,2.2688428066450452,0.10782860325520208,0.5457801380284052,-1.691451080161,1.7873759772539999
2098620,1049.31,0.6880460335653845,2.312830628110762,0.11551692539532545,0.5993601248179254,-1.678913570951,1.782057201503
2102625,1051.3125,0.6662795085230768,2.281292923443613,0.1130211887301711,0.5545040424127918,-1.6475960761350001,1.801383942367
2106630,1053.315,0.5942687483923077,2.198234381431681,0.09614363494524412,0.5151407492603932,-1.593754403289,1.777049425053
2110635,1055.3175,0.7075888697930768,2.3160099015040028,0.13643021733456726,0.5828208327609534,-1.537554308785,1.80236133001
2114640,1057.32,0.6970632534800002,2.3027401886499637,0.10977514703382506,0.5807054722652134,-1.573555812236,1.785266013836
2118645,1059.3225,0.6499590736138461,2.2440056574668303,0.11913174891874392,0.5864724779862717,-1.496634811165,1.6549585852657
2122650,1061.325,0.6573985127307692,2.360839773815247,0.116718022487805,0.6144778959680436,-1.4692175015778999,1.7002117903768
2126655,1063.3275,0.6703188419392307,2.294901245742945,0.10527523753817462,0.5100155719289053,-1.632576402273,1.780388273317
2130660,1065.33,0.7032122978784616,2.407963694643333,0.1189710408820594,0.549393782977834,-1.6632618457150001,1.7128538554646
2134665,1067.3325,0.7105142932638462,2.471449519083085,0.11124392516699352,0.643497849249914,-1.5068754255880001,1.771015793086
2138670,1069.335,0.6854543640123076,2.3752059230033624,0.09779394345668666,0.4904854778694735,-1.6699173971999999,1.7656963160266002
2142675,1071.3375,0.6279346438500001,2.2644941787677837,0.12673116572164203,0.5655773488490838,-1.5475998073864,1.751617887049
2146680,1073.34,0.6911324262592308,2.3732153698219753,0.13173539467719814,0.5776741611669836,-1.4836746603271,1.788918504498
2150685,1075.3425,0.6964565561399999,2.3801826891828886,0.11290515200316867,0.6160274985163071,-1.714967362591,1.752674764951
2154690,1077.345,0.6383784092323078,2.3029149962725457,0.11385509205122421,0.5637817684826968,-1.636852450674,1.82491755301
2158695,1079.3475,0.7301253447207692,2.404447187590238,0.11348768650545941,0.5887866617306202,-1.452373582882,1.724744280798
2162700,1081.35,0.6822533561653845,2.3664525845073463,0.11045344156007662,0.5360215687452553,-1.644482303407,1.782925000417
2166705,1083.3525,0.6491856345753846,2.340230604706998,0.10387324614512142,0.5206499631468675,-1.548411611455,1.755600242873
2170710,1085.355,0.6559688494753846,2.26395625354615,0.10307129301403013,0.548064866110378,-1.591941241175,1.777826503846
2174715,1087.3575,0.6512329028130769,2.119355403674992,0.12613398555370686,0.6733603611424405,-1.616583116346,1.809026502065
2178720,1089.36,0.6924729301407692,2.2179998297765207,0.11807461719460967,0.5500625117250115,-1.525386303677,1.73496226409
2182725,1091.3625,0.6868797173869231,2.198043247246364,0.11260915178334362,0.5822544044017104,-1.5038676262,1.748133679847
2186730,1093.365,0.6418085786015385,2.163993833528401,0.11796977070431976,0.5748044945004797,-1.526932246988,1.737351482723
2190735,1095.3675,0.618040919306923,2.1439859489139788,0.1133800959250649,0.5517266552116241,-1.595002859824,1.772405423218
2194740,1097.37,0.6299095428876923,2.1715370240261427,0.11308622162215173,0.5800712359888052,-1.591398656372,1.800869394089
2198745,1099.3725,0.66299369243,2.205035791592933,0.13981418986807342,0.6195571425742352,-1.657004170124,1.787202741961
2202750,1101.375,0.6419926331623077,2.1951289812807357,0.11022009242056253,0.5709016617361388,-1.606684163202,1.8058679439129999
2206755,1103.3775,0.7008171494207692,2.284075624955872,0.10858581987301985,0.5912870389980427,-1.574633304025,1.774447374042
2210760,1105.38,0.6523448962438461,2.228490046118195,0.11547567778209926,0.6486378735384274,-1.631322328004,1.785521231587
2214765,1107.3825,0.6658293008761539,2.2366074457294287,0.11547670378978328,0.6024687952256146,-1.70101890714,1.802134284758
2218770,1109.385,0.616802541113077,2.175143583121507,0.11474075415010948,0.5729680255281872,-1.588662028299,1.823603967218
2222775,1111.3875,0.6680657955261539,2.2753224066321622,0.10369033244545597,0.5481705417091843,-1.653585311011,1.791928524152
2226780,1113.39,0.6668818317907692,2.293814057978911,0.10958872297374561,0.54145729402542,-1.7255582064439998,1.781597070405
2230785,1115.3925,0.6131300284307692,2.134725232344691,0.10853812662018675,0.5502307794058414,-1.749996498227,1.830489587033
2234790,1117.395,0.6174945647923077,2.175412996726693,0.10486376027217036,0.5272699666862651,-1.56383573636,1.830414002761
2238795,1119.3975,0.7769417350100001,2.2786437395703256,0.1065421944503093,0.5144533417929553,-1.6861621141410001,1.8731842972450001
2242800,1121.4,0.6318423335423076,2.248022113776354,0.08755998041577993,0.5106494996136555,-1.721726424993,1.86078041326
2246805,1123.4025,0.6233572363884616,2.242810762404777,0.09990367158666152,0.5446050095688219,-1.66966627538,1.855369009093
2250810,1125.405,0.6306476730553846,2.220979967181974,0.11743600757183317,0.5664941790605293,-1.632822543376,1.832523996008
2254815,1127.4075,0.6724773003507694,2.1522276859235228,0.11594412481209354,0.5509014048079972,-1.4345156326836999,1.649434164164
2258820,1129.41,0.6630183412492308,2.186444782278734,0.10573633753734278,0.5471955683850027,-1.4488872885616,1.663560444499
2262825,1131.4125,0.7368471897576924,2.3259738426015493,0.11284832898578548,0.5599967716977691,-1.5628944337343,1.704575583354
2266830,1133.415,0.6652105267261538,2.3269816330128674,0.11247590711884124,0.511109217289758,-1.579081181428,1.736094438447
2270835,1135.4175,0.6620987607869231,2.2869169994806544,0.11301842078973026,0.598177928186835,-1.5355937853605999,1.736070390805
2274840,1137.42,0.6984067925953846,2.344044689239386,0.10305967413321274,0.5212179765419008,-1.396697789412,1.6276352563860002
2278845,1139.4225,0.6322269668846153,2.1846133272263897,0.0981510705512725,0.5284009019070716,-1.4764502346428,1.617737609906
2282850,1141.425,0.6730910264607692,2.327496897111633,0.1025255448626424,0.49709342086514224,-1.5336377844395,1.634528480461
2286855,1143.4275,0.7454440043523077,2.4873534070285968,0.09370653692673078,0.5046496292562199,-1.42561282962484,1.6294734152019998
2290860,1145.43,0.6621890847484616,2.319688456440883,0.10257409894475972,0.5449948874939629,-1.4288745075452,1.667517486957
2294865,1147.4325,0.7193400951523077,2.41277566777653,0.08997010454308313,0.5542155774873572,-1.5320600047777,1.697548577574
2298870,1149.435,0.7124551259546155,2.4173825298699816,0.10789736568519537,0.5661136724699539,-1.5490544587427,1.685370308343
2302875,1151.4375,0.6757565049015384,2.4179231581211145,0.1056393466473032,0.5492738982483616,-1.4904354661728,1.721762521204
2306880,1153.44,0.5477864925692307,2.150588146487957,0.109441054697858,0.5560375937467193,-1.511925615375,1.6230743876545
2310885,1155.4425,0.6425465207792307,2.2778348383551847,0.09674734379083742,0.522262867535956,-1.45050322265678,1.6800562264403
2314890,1157.445,0.6724917154992309,2.377516415479654,0.09712181603850936,0.5216368163583539,-1.5193413644977,1.7079653283587999
2318895,1159.4475,0.83876324617,2.5908207612507743,0.10822857070389105,0.5143860924871309,-1.4955151155575,1.7595156580290001
2322900,1161.45,0.7095486154892308,2.448193480311643,0.09033109353238308,0.5128223222871949,-1.5892240703187,1.70748832079
2326905,1163.4525,0.7676999477207692,2.543487514868832,0.1132453398846314,0.6019498057948978,-1.5107864812047,1.722353374583
2330910,1165.455,0.73098566441,2.495517561490446,0.10433037577864729,0.5429086478489602,-1.5378819778681,1.712507661436
2334915,1167.4575,0.7147508997146156,2.4643187082308526,0.11746630245208206,0.59860147981216,-1.4860839545806,1.7091446593250001
2338920,1169.46,0.740617004716923,2.5912395621170354,0.11936896329751812,0.5931506890631907,-1.55567026883585,1.698425503435
2342925,1171.4625,0.7418594543761539,2.55579432950479,0.10745039770653077,0.5507793547390543,-1.5835393890659,1.7219879832
2346930,1173.465,0.7179118165646153,2.5320991121355054,0.10259584567978118,0.5136311832590047,-1.510606773196,1.739024300125
2350935,1175.4675,0.6846992969615384,2.4611027111560255,0.10569733332848037,0.5451098191374026,-1.569751717143,1.713639633724
2354940,1177.47,0.6876249130038462,2.4309960987604877,0.09987168661997246,0.5227650985346715,-1.534183420238,1.75042883307
2358945,1179.4725,0.7344571443684615,2.5772634693519607,0.09487223210192236,0.49714089332443984,-1.5002304837106,1.6855955812980001
2362950,1181.475,0.8041867705446155,2.6799748363758376,0.1101656734211802,0.5636496221364721,-1.45924688132,1.687513675567
2366955,1183.4775,0.7333420010669232,2.565632611237332,0.09789900749900433,0.5698746701573646,-1.41413130611868,1.649625765173
2370960,1185.48,0.6807370506823077,2.4358627023841377,0.11249028889827094,0.5789081779735692,-1.4583150148532,1.609461309388
2374965,1187.4825,0.7022571701207692,2.442075872868987,0.0970584739237561,0.5355155231977607,-1.541627898814,1.626410000036
2378970,1189.485,0.7013199558615384,2.3901313656668117,0.09767120150404557,0.5448696764776592,-1.431758463378,1.640849339787
2382975,1191.4875,0.7238437716746154,2.489908277899578,0.09622885990573586,0.5224201717956978,-1.4164865165967,1.586439862833
2386980,1193.49,0.6869666209576922,2.4505512031776555,0.09712548258128065,0.5496702470588972,-1.51036706564864,1.6167562687819999
2390985,1195.4925,0.6906535167007691,2.4877027405163203,0.10090059531755458,0.4864024172855452,-1.5213925317,1.625676352543
2394990,1197.495,0.6624600566346154,2.3962739966264985,0.10522720789042453,0.5492698997482965,-1.4208540394906,1.594548396772
2398995,1199.4975,0.6649793844976923,2.367179100618222,0.10130678108733797,0.5237708153624232,-1.467943154264,1.612431614681
2403000,1201.5,0.6946274867392307,2.4319120454713308,0.09933878170858312,0.5575709135021325,-1.469024807208,1.598097739744
2407005,1203.5025,0.7382651888423077,2.4880361879133908,0.10053924469981514,0.5159912455029008,-1.4525621607903,1.58239040337
2411010,1205.505,0.6810383659084617,2.395604028767509,0.09248232969873055,0.5567368985175066,-1.4192572906667,1.616246838109
2415015,1207.5075,0.6301568058853846,2.3147580453653602,0.10430339964646618,0.5291722343774194,-1.3649696782348,1.6450355500009999
2419020,1209.51,0.6814925899907691,2.405108126827496,0.09519487533204292,0.5016571250386754,-1.47832718491773,1.5891599767044
2423025,1211.5125,0.6628854549800001,2.3565249263544032,0.10287600393584297,0.5134202429341408,-1.3634830117331,1.5796348834411
2427030,1213.515,0.6905459761576924,2.4332690724957473,0.10215158056079508,0.5415185529251942,-1.43681717661928,1.660759152851
2431035,1215.5175,0.6970026813992309,2.392602997984615,0.10570740910939094,0.5527897287895555,-1.495285496121,1.619967449448
2435040,1217.52,0.7096608051761539,2.4463632801201616,0.09544698519994846,0.4842071838928952,-1.44468554109,1.616717807949
2439045,1219.5225,0.71785800732,2.439508048970924,0.10955782673027298,0.5106713118208983,-1.4294002056276,1.622838931155
2443050,1221.525,0.6984647145553846,2.4028028748522074,0.10255808702362874,0.5245437505277135,-1.40845306963133,1.607926731925
2447055,1223.5275,0.7001606730338461,2.444742706643814,0.09896141076312721,0.5273445652073253,-1.4605833068616,1.615695703795
2451060,1225.53,0.5864253365084615,2.2202770321167,0.09416015319332872,0.4724392387210065,-1.3696732670146,1.640281807633
2455065,1227.5325,0.6521027179792308,2.353497082972934,0.09879708223496961,0.5223392286258859,-1.4850121438374,1.633678872138
2459070,1229.535,0.6480693542084615,2.3123237095896014,0.11247063861518851,0.5275921557992063,-1.532226897775,1.629445292065
2463075,1231.5375,0.6519586214630769,2.343013040962447,0.11984991746128551,0.5570985481412896,-1.3958088532001,1.630276389419
2467080,1233.54,0.6083393280307692,2.335619212991299,0.116402234805777,0.562386082681745,-1.464151151476,1.619467129931
2471085,1235.5425,0.6802141253699999,2.397499413391967,0.10349326821906207,0.5131070249719775,-1.4996534883938,1.586642383594
2475090,1237.545,0.7065457380730769,2.3914211351842334,0.1038371457668749,0.5422659466305694,-1.4915646836218,1.605506752617
2479095,1239.5475,0.6848579461723077,2.4103726383172965,0.10275172894024451,0.535010885052764,-1.323735564942,1.6132475901230001
2483100,1241.55,0.67668017057,2.3703085931484678,0.10958357781432874,0.5552276007618377,-1.447241447877,1.634359963232
2487105,1243.5525,0.6960514829715384,2.3910895839193675,0.1043671624450335,0.5360775053517367,-1.35825563222892,1.603098280724
2491110,1245.555,0.6607116094007692,2.3108205077840616,0.10350354832056256,0.5035676281648385,-1.383712656802,1.601163763563
2495115,1247.5575,0.6595353438284616,2.3162215660019636,0.09887620905314623,0.47472892428211205,-1.402857363221,1.5875211581574
2499120,1249.56,0.6320804953623077,2.299976727191145,0.09943719279241842,0.5099232234142496,-1.466614969084,1.598082751025
2503125,1251.5625,0.6410678487538461,2.2950696884335255,0.10623150658991992,0.49450362434086564,-1.3546071425099,1.5952069275
2507130,1253.565,0.6776054272261539,2.368863189364975,0.1082027989567343,0.5343661651250862,-1.46744742246,1.631109457486
2511135,1255.5675,0.7375519779992309,2.4863631452904276,0.10992445544527052,0.5477354873926994,-1.474432349211,1.657263252887
2515140,1257.57,0.6593257555584616,2.354823523938638,0.09595498672942492,0.4834416247047481,-1.461828164751,1.602637460457
2519145,1259.5725,0.7194578876869231,2.4729712672622757,0.10735550439543703,0.5471724737784559,-1.521661691369,1.595249550417
2523150,1261.575,0.7064992006053845,2.4551195809206248,0.1097934628499039,0.5648158182664843,-1.4181020557981001,1.599818695335
2527155,1263.5775,0.6456140646592308,2.3095154418533426,0.10397083822497162,0.5301398637524459,-1.44843681903,1.62904439493
2531160,1265.58,0.7026317211353846,2.4629539646882033,0.1011153274347557,0.5261168314622979,-1.37333423643931,1.602343536936
2535165,1267.5825,0.6721906799515385,2.3964851662849456,0.10444897820230771,0.4872681421661898,-1.477903544897,1.609333543113
2539170,1269.585,0.6155809851792308,2.352741415329666,0.10343636250748604,0.5504416615116136,-1.452023930833,1.6479468811490001
2543175,1271.5875,0.6334007153138461,2.3505569371379194,0.09948510631419885,0.4488997072270137,-1.458159901211,1.693269893537
2547180,1273.59,0.6594732678869231,2.409122012802009,0.10541933800110075,0.496515270618944,-1.4932107068509999,1.687463063737
2551185,1275.5925,0.7508246119199999,2.573289110008211,0.10101589492105917,0.5048331301552532,-1.553539700795,1.618209833275
2555190,1277.595,0.6365761115030769,2.3241629550454466,0.09692160950228487,0.5064298201762911,-1.544378437097,1.617466889324
2559195,1279.5975,0.6407768313723076,2.2957573579356385,0.10622591066740485,0.5047115252592762,-1.469824790979,1.652920916671
2563200,1281.6,0.621552068453846,2.272166306022713,0.09907243631580655,0.483227774600745,-1.522300511602,1.646213196215
2567205,1283.6025,0.6513764720630768,2.394848484081524,0.09560410276673156,0.47557518558000045,-1.512731395667,1.635894991446
2571210,1285.605,0.6330670072469231,2.349127418710659,0.0960007362790738,0.4697912861577945,-1.5670075416659999,1.653025442737
2575215,1287.6075,0.6604470702261538,2.363052498869774,0.105143299170942,0.5210485892845884,-1.388694263993,1.670318298051
2579220,1289.61,0.6531638457276923,2.363525808417747,0.10044115042738884,0.49017293240567184,-1.434068877263,1.6111025232760001
2583225,1291.6125,0.7288481088784615,2.4856270359590518,0.1105308569661268,0.532843428249545,-1.458561800412,1.671434005737
2587230,1293.615,0.72025192701,2.447512647144021,0.10709207125331581,0.5321032794456655,-1.478163044894,1.648645361899
2591235,1295.6175,0.6805144410853846,2.446476084172094,0.10370173159484215,0.5060208591036306,-1.460130840544,1.652580047033
2595240,1297.62,0.693249097233077,2.3886538266281274,0.10215581189896662,0.5001743136331703,-1.581601422281,1.672873735419
2599245,1299.6225,0.6698467043730769,2.3159662572778226,0.10568844635223594,0.5118936474377151,-1.434274919327,1.648795433336
2603250,1301.625,0.6713931010330769,2.3956288402272206,0.10146915831426084,0.48260879022704056,-1.452475845801,1.671525419678
2607255,1303.6275,0.7053160621607693,2.4201186040531115,0.10884782460197803,0.5057291572727863,-1.504360582691,1.684269251298
2611260,1305.63,0.734129153766154,2.5227023226017526,0.10769456742151559,0.5206488023965166,-1.543552864334,1.684107171368
2615265,1307.6325,0.7085134341123077,2.439944766290993,0.10960358019136554,0.5224429788346956,-1.522472474719,1.67974172904
2619270,1309.635,0.7756046285892307,2.537788331450601,0.11398645160165413,0.5562541951129606,-1.592860717308,1.687162760653
2623275,1311.6375,0.674198164386923,2.3787766630963554,0.10176407743700144,0.4609261263065826,-1.449631597838,1.719268912442
2627280,1313.64,0.6782190662184616,2.4269795527283198,0.09635492893113067,0.4725788346008966,-1.492184601729,1.692519482239
2631285,1315.6425,0.7071277086615384,2.452201096281878,0.10221412256177508,0.497813502022477,-1.4550358653,1.712458541595
2635290,1317.645,0.6859544653115385,2.378024905303368,0.10283435548157284,0.5074885489260057,-1.52233592794,1.7139326427119999
2639295,1319.6475,0.6545899327007694,2.363622215850443,0.09320683749098523,0.4796499005912461,-1.5497230403220001,1.6873045712699999
2643300,1321.65,0.6939229735953847,2.509549150827316,0.09827976691862439,0.5035370165229899,-1.500743802642,1.705273596563
2647305,1323.6525,0.6880434568076924,2.451216113823458,0.09911228341082366,0.49794916979666426,-1.523334559051,1.746250890212
2651310,1325.655,0.6950886111923077,2.433275686771742,0.09870157342119391,0.5008409324643072,-1.545699168002,1.7301378548150002
2655315,1327.6575,0.6189275888315385,2.2633831089584433,0.09174701933461325,0.47547927976539567,-1.534314941629,1.732651682573
2659320,1329.66,0.7073994462307692,2.442210543400362,0.10089486795559456,0.5240482529992362,-1.5737912096089999,1.750488834449
2663325,1331.6625,0.6719826643330771,2.431446111232819,0.10061573486567542,0.5040717851111579,-1.490404751159,1.71163401195
2667330,1333.665,0.7430983002292307,2.5376158398412465,0.10534086145175103,0.5029085046255175,-1.694449879234,1.748158389718
2671335,1335.6675,0.7052858196792307,2.4536394527699055,0.09946726568143559,0.5155663327510619,-1.52677483855,1.731527816515
2675340,1337.67,0.650363367336923,2.362647305067576,0.09579586027712193,0.4693112454523027,-1.483710207046,1.712584199377
2679345,1339.6725,0.6762201694238462,2.36818142950041,0.09370081433046538,0.47302952170307955,-1.504953637715,1.746330257498
2683350,1341.675,0.7311186102784616,2.4946817327003163,0.09917899498999273,0.4664877350691897,-1.574368409814,1.763855926687
2687355,1343.6775,0.7134516055715385,2.5047671586722466,0.10528773639454851,0.4921481875575989,-1.60162413865,1.725213576097
2691360,1345.68,0.6442622863330769,2.328230334576175,0.09161802623774315,0.4906219506446487,-1.518144302064,1.734478939333
2695365,1347.6825,0.7057532943192307,2.454563655604931,0.10328831244532438,0.4918656066323698,-1.573358692223,1.739222701639
2699370,1349.685,0.673828037893846,2.3638168905276995,0.09856207353998216,0.4806932047376973,-1.613595750188,1.699003897605
2703375,1351.6875,0.7105652735784616,2.481263521773245,0.10040264066348979,0.48511888410941795,-1.538143791259,1.717849353335
2707380,1353.69,0.7404963190738462,2.524150914496981,0.10889283780403879,0.5029731847717609,-1.55057969316,1.740488395095
2711385,1355.6925,0.7269324889476922,2.5000006529234686,0.09433683697395358,0.4665955837963886,-1.565923936672,1.716799324383
2715390,1357.695,0.677688759113077,2.440733066735525,0.09755801278237713,0.4783114397787234,-1.536263320584,1.703625388429
2719395,1359.6975,0.6916594596984614,2.467997726668296,0.10042025337178247,0.4903081742038452,-1.544184640052,1.717708859586
2723400,1361.7,0.6695816470976923,2.4161637297110516,0.1068993139827358,0.49587353068142603,-1.572765976199,1.709865374497
2727405,1363.7025,0.673387146906154,2.3574204895705972,0.10281386810243645,0.4778141036325303,-1.607127346097,1.741622835383
2731410,1365.705,0.7100892617107692,2.488156513068433,0.09751988968979493,0.4572034241299067,-1.470233425511,1.72324497626
2735415,1367.7075,0.6637393419638461,2.375379612923501,0.10557766573974567,0.4954974477745088,-1.53329416737,1.737930638724
2739420,1369.71,0.7039798727438461,2.416828885983943,0.10482634529464713,0.47998642337617164,-1.584602609282,1.749667566271
2743425,1371.7125,0.6793582256030769,2.4431198171782147,0.09758252116073975,0.4873968861451598,-1.559299919756,1.754998356134
2747430,1373.715,0.6650860080392308,2.424417292510415,0.09145619234163062,0.46173689927658834,-1.579954843967,1.72673294695
2751435,1375.7175,0.6988870730784615,2.5114498267122705,0.09575426230962221,0.4751460721542961,-1.560207966713,1.753742072721
2755440,1377.72,0.6688942909253845,2.418089424182616,0.09800431947775821,0.48209027577220415,-1.600656408803,1.743241710588
2759445,1379.7225,0.6629254130192308,2.4320051729553267,0.09669894571454057,0.47682483031625805,-1.5136635079929999,1.7197934444860001
2763450,1381.725,0.69229068206,2.5213261468816337,0.09949251917633163,0.46636332105336237,-1.551325395691,1.707719849406
2767455,1383.7275,0.68324593397,2.4864999578409552,0.10152946365099626,0.46832630489010624,-1.544728189722,1.704242451111
2771460,1385.73,0.6909497517838462,2.4634482495628327,0.10465423690592424,0.4982936146389312,-1.506050709642,1.731462806464
2775465,1387.7325,0.6253648125146154,2.287544961917354,0.09873892846044316,0.47877739054234514,-1.580589167769,1.726258145628
2779470,1389.735,0.6368927084476923,2.327750944087225,0.09519168451619589,0.48365227511897313,-1.576246816663,1.683855740354
2783475,1391.7375,0.7082016238830768,2.504897423404559,0.09943516102831224,0.5003808236268089,-1.605528194464,1.751422023385
2787480,1393.74,0.6934417577930769,2.446638190391381,0.10233855156655815,0.5030952584573567,-1.5964968018199999,1.714534831239
2791485,1395.7425,0.692416369913077,2.488946488840571,0.0973274596847493,0.47171776663641507,-1.5598816089479999,1.700717825452
2795490,1397.745,0.6480864928307692,2.3236677580856755,0.09451736170583594,0.46363670370235305,-1.6225528307269999,1.718974571661
2799495,1399.7475,0.6468803928492307,2.2540354680268546,0.09414831157209279,0.4589179586590053,-1.5654690898999999,1.7337267789920001
2803500,1401.75,0.6698444027123078,2.3163464635346287,0.09433794452974366,0.4564939063710401,-1.549350790663,1.73551554978
2807505,1403.7525,0.69428729552,2.42519341317376,0.10280568169442383,0.5031471165338212,-1.4958561956979999,1.716378185897
2811510,1405.755,0.6761524631476923,2.415304376280801,0.09807539335049563,0.4670575306648696,-1.567942079157,1.704325838011
2815515,1407.7575,0.6736416083153846,2.387467001902896,0.09917857061613358,0.4850695584364927,-1.475181236862,1.7152368500869999
2819520,1409.76,0.7005296395369232,2.4406524429182417,0.09275667225942187,0.45464817832269844,-1.514109086242,1.741426022726
2823525,1411.7625,0.6869650758261537,2.371114355382608,0.09408001518728679,0.4560421657802022,-1.475727919483,1.730117000645
2827530,1413.765,0.7144935360361538,2.4513183457094083,0.09861428715230937,0.49435805021210044,-1.548508506262,1.749708514678
2831535,1415.7675,0.6362942365453844,2.355069360546792,0.0929909730232987,0.48018751357478073,-1.5827240943910001,1.700174927705
2835540,1417.77,0.6323069104776923,2.2686634947264723,0.09922453435670417,0.48748715105636997,-1.544668734077,1.692013924936
2839545,1419.7725,0.7151992183507692,2.4685791673450606,0.10041373502069623,0.5251322973652981,-1.541585188365,1.706399939951
2843550,1421.775,0.7416130350192307,2.5240357085961773,0.10207363922700602,0.5069163037976744,-1.515010453753,1.728736467662
2847555,1423.7775,0.6686681829961538,2.384629247981195,0.10274059308607882,0.4716657529432847,-1.5400755144759999,1.711822576821
2851560,1425.78,0.6787084753684615,2.386654351917448,0.08921346206706979,0.4442352296130418,-1.673440091316,1.776635471738
2855565,1427.7825,0.6772499084461538,2.3680780225493265,0.09584635135070285,0.46967475903957656,-1.625789239992,1.7417098432609999
2859570,1429.785,0.6367905690161538,2.324308952828091,0.0938283358116308,0.4574094209003781,-1.638615500178,1.743126347639
2863575,1431.7875,0.7007808777123077,2.5014730697046703,0.09634323997588706,0.47674143830871496,-1.566619083285,1.752957217391
2867580,1433.79,0.6904754317684616,2.3874583143228585,0.10562563587521435,0.43925060692563267,-1.6284224726229999,1.794855207209
2871585,1435.7925,0.7362398230115386,2.459621175926138,0.09358475534611621,0.48893857683425396,-1.585430122916,1.742518886944
2875590,1437.795,0.6941348039176923,2.407268192096823,0.09215106630961825,0.46597634436473495,-1.549113865937,1.728825692093
2879595,1439.7975,0.7409405891761538,2.541526275206398,0.10802074684000133,0.506174075740898,-1.52148899436,1.734166126686
2883600,1441.8,0.7421689491999999,2.5199694020562053,0.0983567410113961,0.47274837466869524,-1.566857680686,1.710600517687
2887605,1443.8025,0.7570646588607691,2.554981049664231,0.09707344578212582,0.46269966106239185,-1.57115549594,1.716702787199
2891610,1445.805,0.7305697936330768,2.513506754991196,0.09209287429659865,0.45907932814162855,-1.587583087396,1.76219732128
2895615,1447.8075,0.6857630106084616,2.415298536860485,0.09747684974001426,0.4851840913939689,-1.558350909499,1.740530511384
2899620,1449.81,0.6896693660638462,2.3801624324881665,0.10642485777713476,0.49940848143356625,-1.544864110664,1.7611870057949999
2903625,1451.8125,0.7343425338084616,2.4989550289017632,0.0966694193957544,0.47799331273978407,-1.600851912054,1.763076266284
2907630,1453.815,0.7233041020476924,2.458750892358851,0.09237089367903081,0.4553226190831235,-1.600317683064,1.801809668552
2911635,1455.8175,0.7525225235853846,2.5912173905603284,0.09639986183400778,0.4791984445802801,-1.565490897746,1.765836305905
2915640,1457.82,0.7047482728946155,2.4772734001804113,0.09654266915743848,0.48045282316081406,-1.5833574458839998,1.785215446727
2919645,1459.8225,0.7592717592623076,2.585679937097162,0.09232701368704911,0.4568548744991273,-1.691827483493,1.763898251575
2923650,1461.825,0.7091868198846154,2.4893203025946224,0.09424440646061229,0.4764951121479771,-1.572485752409,1.775351982563
2927655,1463.8275,0.6799224019069231,2.4484745748679844,0.09711887643663991,0.4755965744000244,-1.612736158063,1.808021198969
2931660,1465.83,0.7462458977323077,2.5239879449306266,0.09393155281976387,0.4752013922905603,-1.660744104528,1.80881153234
2935665,1467.8325,0.6982377309107691,2.4558493100650405,0.0992745061068824,0.4784338134551444,-1.62729321419,1.774562964233
2939670,1469.835,0.7244840401807693,2.4842853813888435,0.09373495854287378,0.4720788957158732,-1.6288651116219999,1.785976596179
2943675,1471.8375,0.7286061461238462,2.5307704945102523,0.09792884502632705,0.45823711004449347,-1.600821446621,1.796773541717
2947680,1473.84,0.744547784323077,2.5332190116741,0.10116696271717639,0.5041856971668213,-1.633353032172,1.802031218994
2951685,1475.8425,0.768364768766154,2.626280642900348,0.09571338866582203,0.47602856741409333,-1.590127073219,1.800791136915
2955690,1477.845,0.7473488587507693,2.5358532920014585,0.09248767326748618,0.4646555864340066,-1.5851402580660001,1.790003962805
2959695,1479.8475,0.700005980643077,2.440009508751357,0.09933617714463056,0.47260220057278335,-1.6446177810340001,1.758365644154
2963700,1481.85,0.7162242852730768,2.4588638678954284,0.09590471682120216,0.49113453760468845,-1.57164015994,1.767429204655
2967705,1483.8525,0.6723131170646154,2.411433747544703,0.09079066145126657,0.45436558951283107,-1.61151579768,1.772364074369
2971710,1485.855,0.6777676298023076,2.412417687895877,0.09111483916262789,0.4678071178211696,-1.611429356039,1.788536943505
2975715,1487.8575,0.6774740494207693,2.4211632529985065,0.09300244381261698,0.4694872924051878,-1.572976756839,1.7682322487270001
2979720,1489.86,0.7105048252976923,2.4972916428222183,0.10081720025759087,0.4955597675756324,-1.639537617553,1.774740438904
2983725,1491.8625,0.7174127376961538,2.5127318146129465,0.10051965394593514,0.4733851518501388,-1.697665363548,1.768801458192
2987730,1493.865,0.7136199932815385,2.475509639436973,0.09914333169294921,0.44227462619994456,-1.683414407061,1.777929451328
2991735,1495.8675,0.7036074812669231,2.445685621594652,0.09723635906029048,0.4640632927083994,-1.6684351637950001,1.775725772604
2995740,1497.87,0.6985842768907692,2.4574342118833616,0.09766093511323712,0.43293752592870227,-1.580405522138,1.788818728179
2999745,1499.8725,0.7394115237053847,2.58149144880895,0.09299402034446416,0.45093533273030223,-1.675091736014,1.786481278001
3003750,1501.875,0.7124148423838462,2.522518793317665,0.09705597596257007,0.47412685665266535,-1.619513515387,1.786111608156
3007755,1503.8775,0.7047848013684616,2.476676825809166,0.09651077109085092,0.459908390589975,-1.597410243003,1.80393700674
3011760,1505.88,0.7253282941192308,2.53891672650154,0.09805748179781254,0.4714587113404563,-1.6725579276740001,1.804974066088
3015765,1507.8825,0.7105591526384616,2.4723163220542137,0.0974553784775252,0.4631004998011614,-1.631202958522,1.787893686454
3019770,1509.885,0.7225932799815384,2.5638291895099856,0.1018093659853536,0.47740651248072746,-1.594600927074,1.787558481105
3023775,1511.8875,0.6943477759,2.482653894591776,0.09116681169572755,0.4416527927383379,-1.615547485647,1.797749137495
3027780,1513.89,0.7125161519461537,2.5077560239780725,0.08789604189092509,0.4463951677085967,-1.6657368279959999,1.7889733984879999
3031785,1515.8925,0.7216354241699998,2.5745296752637348,0.09082579143430491,0.43985154492851886,-1.6602274775449999,1.798910073944
3035790,1517.895,0.7113033441423078,2.540368577403886,0.08850742821318917,0.4203560631980946,-1.589169334626,1.763484437031
3039795,1519.8975,0.713017546213077,2.478320652938896,0.09938387760623894,0.47720383216916346,-1.559900071464,1.7955661285689999
3043800,1521.9,0.6974439391723077,2.481826454360528,0.09414675916970247,0.44758064698788896,-1.626630108806,1.821300992735
3047805,1523.9025,0.7207461733115387,2.5078844165511875,0.09601163131961638,0.45906623119489676,-1.705865010631,1.8079943768939999
3051810,1525.905,0.6812216226876923,2.419786102554554,0.08699388941073326,0.42674001048975774,-1.661389578136,1.809761310009
3055815,1527.9075,0.6756366812215385,2.462864474616446,0.09313262212316602,0.43330876018181513,-1.636762328455,1.808361887928
3059820,1529.91,0.7032687847446154,2.513987310667174,0.09702502937918175,0.46737211125714,-1.61651838571,1.841228798033
3063825,1531.9125,0.7529013569553845,2.589456256193088,0.09862604095960374,0.4692988180060872,-1.603059697901,1.834321286525
3067830,1533.915,0.7110892671807693,2.508939722292853,0.09287372586275301,0.4521786742110843,-1.653037153191,1.827101446688
3071835,1535.9175,0.7225212546499999,2.5136866830774265,0.0964158722218604,0.4635084286258341,-1.595878530286,1.787500260395
3075840,1537.92,0.7246203560030768,2.544398063098972,0.09540706206656095,0.460560006285349,-1.605846025055,1.802106128987
3079845,1539.9225,0.7574643859515384,2.6069250543319535,0.09228886726904159,0.4591035833062477,-1.653845146306,1.804692368937
3083850,1541.925,0.7288342026553847,2.557302159117821,0.09399671439096689,0.4593615924120395,-1.653339434407,1.802199404682
3087855,1543.9275,0.7345743729515385,2.5483621205133486,0.09288513266277754,0.44736630952580786,-1.6373141408,1.808832716203
3091860,1545.93,0.6951053555284616,2.490243944278652,0.093190287794235,0.4280429445922807,-1.622847124931,1.813075792057
3095865,1547.9325,0.7062766918761538,2.5219690965203503,0.09989373069575525,0.4769664731639037,-1.6518819667379998,1.799393676227
3099870,1549.935,0.7524066017215384,2.6197853738499393,0.10456254390320772,0.4873675458308068,-1.6226143427220001,1.82189587504
3103875,1551.9375,0.7386973500230771,2.533506800388949,0.0976833349063043,0.47739383677694364,-1.61480016634,1.816045833769
3107880,1553.94,0.719821164236923,2.53110850198193,0.08868301027070917,0.43715205362741594,-1.685762412849,1.776913987472
3111885,1555.9425,0.7423694729823076,2.57729032690362,0.09950833991128988,0.46335666445960644,-1.63364581018,1.806808328261
3115890,1557.945,0.7277736297015385,2.531509636429946,0.0913900836642201,0.4414427138537448,-1.66518373416,1.807465184488
3119895,1559.9475,0.7257103186353846,2.5172478254714656,0.09546405395014598,0.4688373878601825,-1.567132227114,1.795382184907
3123900,1561.95,0.7137062962253846,2.5220349829021225,0.09528250938440341,0.460110929772407,-1.594424448908,1.788088187577
3127905,1563.9525,0.70314587539,2.5018477656685065,0.09529663610556753,0.4459176924911846,-1.575332053001,1.785911822699
3131910,1565.955,0.7245107247307693,2.5424286009829933,0.09391319546470218,0.4517789397234584,-1.564185921097,1.788280200224
3135915,1567.9575,0.7917351997776922,2.639191115405604,0.10345861444759206,0.48024923100713285,-1.676844827814,1.792189974343
3139920,1569.96,0.7276007716453846,2.5343562672014346,0.0961756352234074,0.4584240444606946,-1.565736517319,1.790252648293
3143925,1571.9625,0.7213712838946154,2.5327456685493717,0.1011714913111456,0.47765364218474793,-1.575124006724,1.77446220629
3147930,1573.965,0.753985239913846,2.604374858773505,0.0952702997803192,0.4704911634118919,-1.653155028824,1.7704703528499999
3151935,1575.9675,0.7532677604615384,2.5829688671135376,0.1055533440750622,0.48472053344534677,-1.643077831731,1.795689914373
3155940,1577.97,0.7402258928007692,2.5682275620149935,0.09068748862356538,0.4434267326731604,-1.598103228955,1.7732774689720001
3159945,1579.9725,0.73005365408,2.55882710977593,0.09478737003437268,0.4543967981391185,-1.623749677088,1.779926050458
3163950,1581.975,0.7141464352630769,2.5133462745505253,0.0893158421251192,0.44930728095467043,-1.668131724004,1.758204102522
3167955,1583.9775,0.7786049338484614,2.6390052646458506,0.09568082556184153,0.45310810002017343,-1.62575264276,1.782001562414
3171960,1585.98,0.7484314579261538,2.5438457941645507,0.09299071421928327,0.4483433338986621,-1.606621950858,1.786843931308
3175965,1587.9825,0.7314389577215386,2.525157842624259,0.09553688801706978,0.4405442895659102,-1.598726551997,1.782379169016
3179970,1589.985,0.7261762298038463,2.5229440382253796,0.09480648220030366,0.4469996931581897,-1.596487592893,1.770306132731
3183975,1591.9875,0.7316312377276923,2.5550734676026448,0.10046605979400149,0.47426453251332423,-1.596641775229,1.747249668479
3187980,1593.99,0.7411844592807693,2.604372568502095,0.0949993780939249,0.44905777682753956,-1.5861797482009998,1.765934538092
3191985,1595.9925,0.7372124653615384,2.569679992960812,0.09725657663648159,0.46497877297111934,-1.589097440252,1.760671211403
3195990,1597.995,0.7595545420253846,2.631858270079697,0.09435356085902685,0.4535598696543265,-1.596753779791,1.78912482038
3199995,1599.9975,0.7667728570784615,2.595551112784047,0.0987259726679203,0.4681182990276972,-1.590796090665,1.771854188311
3204000,1602.0,0.7573847403884616,2.5905493531284223,0.09796906983906918,0.46777681875115906,-1.62240052223,1.793522261078
3208005,1604.0025,0.7430503093153846,2.60903994874238,0.09593100462979585,0.44898609091666536,-1.683166295305,1.800265409049
3212010,1606.005,0.8019412939392307,2.657532765569459,0.09968606283379694,0.4805046103655807,-1.628055967388,1.790403587741
3216015,1608.0075,0.76319930645,2.619534004358797,0.10124742744134048,0.4684985462781987,-1.616856832059,1.7835604250450001
3220020,1610.01,0.7270457653015385,2.5667348939453953,0.0933503321551376,0.4671475838681777,-1.615168504404,1.796073898663
3224025,1612.0125,0.7488242708646153,2.6366437058087446,0.09356779859578886,0.4615591111404669,-1.605242829769,1.785221487292
3228030,1614.015,0.7583472132715385,2.6349204444330905,0.09000487616666031,0.4463238652986246,-1.572393141669,1.795888319601
3232035,1616.0175,0.7721795347969231,2.653368013698421,0.09847132654514963,0.4495764657711891,-1.6381369829249999,1.799040004627
3236040,1618.02,0.7577026578146154,2.5911319114398506,0.08800554770280006,0.44351020042384887,-1.596081949782,1.773221686471
3240045,1620.0225,0.7801907887846153,2.6398982449362975,0.0983553785299099,0.46378142798812605,-1.553426664334,1.810290701675
3244050,1622.025,0.7466203295161539,2.580308004642896,0.09826229685999459,0.4736188397435895,-1.603218220167,1.7920264080150001
3248055,1624.0275,0.7563407375276923,2.6062618656653993,0.09930542308592792,0.4635332387127609,-1.626834247255,1.800468355405
3252060,1626.03,0.7433581352238462,2.612371998250631,0.09579783253242655,0.45232845343714423,-1.647517755622,1.7961675077580002
3256065,1628.0325,0.7660105870261538,2.610987766128745,0.09699686480899544,0.4537141542923402,-1.642478171729,1.810194086274
3260070,1630.035,0.7610185192192307,2.6271909109328457,0.09747021222009908,0.4518947196062712,-1.6259424351160001,1.799136884499
3264075,1632.0375,0.7589790591823077,2.6075283088848176,0.09747966065467348,0.4590508150488094,-1.667511753733,1.79850168525
3268080,1634.04,0.7965857340715383,2.7243813326632216,0.10039203532579342,0.4758518544585337,-1.642156250774,1.779730100179
3272085,1636.0425,0.7595543586269231,2.6616229536727296,0.09748218522005714,0.4718542181768837,-1.640830546623,1.782178746543
3276090,1638.045,0.7637251065353847,2.6230075675451068,0.09944703391625707,0.4612438968999971,-1.66476915775,1.777573373166
3280095,1640.0475,0.7853381450315386,2.6739873804960443,0.10046441894746991,0.474760519634495,-1.60270152986,1.770561482751
3284100,1642.05,0.7777871168630769,2.6754953632152754,0.09238586171816815,0.4462278453490876,-1.565584272153,1.782011460524
3288105,1644.0525,0.7368533565484614,2.5913077842154495,0.09519636343990007,0.44871636582787683,-1.631912548097,1.773151550459
3292110,1646.055,0.7738278737461537,2.675762255725083,0.09500029370110255,0.45381961780167546,-1.634009491661,1.788334917263
3296115,1648.0575,0.7758226257069231,2.635708320980543,0.09892492068837283,0.45998192857042236,-1.604313869029,1.778754279003
3300120,1650.06,0.7918532307361539,2.66637917626926,0.09702301904716704,0.45627913237850415,-1.612719457602,1.805142853423
3304125,1652.0625,0.8001983624284615,2.6870932690368754,0.09540631381097626,0.4619464514272693,-1.590830419203,1.810627311473
3308130,1654.065,0.7657070435076924,2.6286364503510744,0.09838865547313087,0.47145784621772885,-1.610331058498,1.774999080225
3312135,1656.0675,0.806091299416923,2.7415680080352156,0.09172284095120896,0.4430058261588179,-1.640481650826,1.805935131372
3316140,1658.07,0.7700897959623076,2.6470089233408114,0.0966306961831099,0.46832393861652,-1.602504461999,1.805929288269
3320145,1660.0725,0.7468246634215384,2.597540569605579,0.08818569996290965,0.4354214195099199,-1.627703055724,1.808129370211
3324150,1662.075,0.7669297181653847,2.57352141652354,0.09175431494532083,0.4271305384409431,-1.655291639289,1.8114270269969999
3328155,1664.0775,0.7582954305892307,2.618088680793727,0.0956772667132908,0.45652486731044867,-1.604218069469,1.8031667545449999
3332160,1666.08,0.7657618476830769,2.6386820109473517,0.09673729005447952,0.46253255234320156,-1.619683314126,1.7994963154249999
3336165,1668.0825,0.7617160219392307,2.664162638131533,0.10373251108387094,0.47296611484409967,-1.663821421556,1.795068271458
3340170,1670.085,0.7769972636138461,2.6798906472756054,0.09713731359878304,0.4638476554537198,-1.630681857461,1.801830343906
3344175,1672.0875,0.7620358558830769,2.6390792914434402,0.09732873887437507,0.4659473916652367,-1.611562628311,1.785641554764
3348180,1674.09,0.7480057019546156,2.6299825662589917,0.09353250068259064,0.464879817198519,-1.558334380391,1.809092398743
3352185,1676.0925,0.7338157938069231,2.6230755951419327,0.09771770139987189,0.45205435795224774,-1.64553684741,1.79660313948
3356190,1678.095,0.7481064842299999,2.6324973562581064,0.09705225116447005,0.4685156306635736,-1.586712837214,1.801071997709
3360195,1680.0975,0.7388704373246153,2.6146394260985564,0.09336543244667485,0.44631656479154674,-1.648091942086,1.787483824408
3364200,1682.1,0.777608587193077,2.683498056760799,0.09900754885169119,0.46649651289821564,-1.625700790432,1.80425822736
3368205,1684.1025,0.7605247910284614,2.642398780706527,0.09567294024759788,0.452138903935935,-1.6209815740570002,1.800444334749
3372210,1686.105,0.7587294991176923,2.6206762777183523,0.09702411555779815,0.46373585878044027,-1.594631947574,1.775966510198
3376215,1688.1075,0.7845091636353847,2.688774182928456,0.09698087556837008,0.462907018315614,-1.6145009919920001,1.769614603374
3380220,1690.11,0.7729018468146156,2.6976091902054833,0.08996088030241085,0.43314827313948867,-1.5825430341020001,1.762364024307
3384225,1692.1125,0.7947135200861537,2.7389619849163593,0.0994855072879589,0.47126089480449246,-1.624741598955,1.751792334014
3388230,1694.115,0.7983087668123077,2.7326389177305406,0.0959214703170078,0.455877576384992,-1.597561083732,1.761251725263
3392235,1696.1175,0.7973779852530769,2.7560039075850424,0.09804621008677405,0.4581343015240301,-1.585468530665,1.772685527779
3396240,1698.12,0.7853454534807691,2.705058221693341,0.09807241877940912,0.45838253435937093,-1.589249875404,1.763235084702
3400245,1700.1225,0.7785967680138461,2.6669989763796593,0.09689406959565662,0.4566047324778536,-1.579919464888,1.78455008567
3404250,1702.125,0.7719730780623076,2.6781682871349113,0.09657135326965692,0.4644960182959365,-1.608126584446,1.778647594144
3408255,1704.1275,0.77336733157,2.66073086307322,0.09506795633405464,0.45068850995443316,-1.605040214969,1.768345683795
3412260,1706.13,0.7878772249646153,2.6876091925162733,0.09693692219572118,0.46690391703892825,-1.561071783309,1.78518531844
3416265,1708.1325,0.7853304973015385,2.710420324379529,0.09958674453755084,0.4720604904828996,-1.6361291334030001,1.780192729075
3420270,1710.135,0.7980022430384615,2.706045655552075,0.09603211527096898,0.4562081637923513,-1.60563201457,1.7804798074000001
3424275,1712.1375,0.7609131382015384,2.6185907388968492,0.09651113200034514,0.46457647173870253,-1.620788566773,1.773142270733
3428280,1714.14,0.7859243613046154,2.6699893059493878,0.09506608885440943,0.44898869196217495,-1.589700758457,1.790941458202
3432285,1716.1425,0.779177445623846,2.6747132459569296,0.09391271702926098,0.45800349356955616,-1.626421008264,1.780012674632
3436290,1718.145,0.7931106319784615,2.6926479720271517,0.09869899641909104,0.46243692667525094,-1.656148865838,1.805075559773
3440295,1720.1475,0.7921853799130769,2.6800930954419337,0.09689258593614494,0.45806987206742167,-1.643833842124,1.79579805955
3444300,1722.15,0.8335111783184617,2.7906627562898705,0.09919547447063379,0.46704596006569216,-1.617887277165,1.805815033619
3448305,1724.1525,0.8365677824446153,2.746212166896637,0.0969322659045116,0.4420229900028342,-1.66254292429,1.814169768233
3452310,1726.155,0.7843177410307693,2.6599156682231118,0.09615638103124341,0.45272638886960015,-1.586744409056,1.804745048277
3456315,1728.1575,0.7760188029415385,2.6659649990372407,0.10576039352921869,0.4952250940577686,-1.678170166921,1.782925829292
3460320,1730.16,0.8071822340684616,2.7330155888081014,0.09744386745708179,0.4572027895022749,-1.6671035289710001,1.813434608274
3464325,1732.1625,0.819314521086923,2.723772762643082,0.09968138092135237,0.46944311701597,-1.63651777059,1.811873577534
3468330,1734.165,0.8141998556884615,2.7072219921822764,0.09792752501104883,0.46130228593848055,-1.677464425565,1.800407402228
3472335,1736.1675,0.7886372529500001,2.6471546342465233,0.09504642578617116,0.45243979586798005,-1.641584165397,1.808438740681
3476340,1738.17,0.7933785961207693,2.710250639286515,0.09489982831244922,0.4579445865172604,-1.605068851277,1.790509533145
3480345,1740.1725,0.818652006293077,2.6988377834752963,0.09995701325962401,0.46969500311513285,-1.61474169046,1.796343483019
3484350,1742.175,0.8236381044700001,2.7420562906177257,0.09847931641028448,0.4619779783265836,-1.6145137362020001,1.806789170954
3488355,1744.1775,0.8203096481446154,2.7569972532142795,0.09759758299987491,0.47131210292120745,-1.696689717464,1.790931530293
3492360,1746.18,0.81049673832,2.7249299512562133,0.09652481685580727,0.45752206592716915,-1.605325348672,1.780456442388
3496365,1748.1825,0.8353531360630769,2.7569615325194152,0.10379777410371764,0.4818849829292781,-1.667174339301,1.789615951472
3500370,1750.185,0.8269100280892308,2.763978619259558,0.09142622104141279,0.44938515224008546,-1.615512005989,1.786035906529
3504375,1752.1875,0.8133502510876922,2.7451271844098275,0.0965268048913892,0.4481639206758852,-1.6630039960060001,1.793784953641
3508380,1754.19,0.8261010325838462,2.7482366804133807,0.09740225653205871,0.4652398179235186,-1.697200842196,1.80739155039
3512385,1756.1925,0.8347848103646154,2.7876617485722814,0.09637572663259383,0.45857519822432685,-1.666396833978,1.827441386879
3516390,1758.195,0.8303025548261539,2.7763104280567212,0.094964749286042,0.4429367651491568,-1.630072262146,1.816628538072
3520395,1760.1975,0.8119453512707693,2.7271403280306776,0.095700223574094,0.4518069688554294,-1.671614155164,1.797687068584
3524400,1762.2,0.8247231382607692,2.7808652506267575,0.09672069200744482,0.46541391524936426,-1.633265361177,1.798833228644
3528405,1764.2025,0.8361751895638462,2.809417432227882,0.09716553598462369,0.45820118382699804,-1.6784858703530001,1.804670199745
3532410,1766.205,0.8126942148623078,2.765161182296614,0.09481511379263245,0.446895650138423,-1.62403870373,1.8065453320759999
3536415,1768.2075,0.7937095302853846,2.7244740452709655,0.09565898420111688,0.45053139565650935,-1.649492196742,1.817480653519
3540420,1770.21,0.7977509682030769,2.687184889971228,0.09653580756625185,0.45400434240285176,-1.664251126351,1.805163674035
3544425,1772.2125,0.8250529903638462,2.744297174257072,0.09705751562161397,0.4640238835000086,-1.6115106120709999,1.792243681844
3548430,1774.215,0.80697204516,2.725733213381082,0.09612435984084952,0.4615351529176607,-1.639517173181,1.79844921827
3552435,1776.2175,0.8123442393038461,2.744888520312939,0.09624685171193917,0.44778676170458753,-1.640120938417,1.796462759389
3556440,1778.22,0.8224395605161539,2.7685947519872274,0.09788125910730577,0.45482779322331185,-1.63404277712,1.789836209265
3560445,1780.2225,0.8213476447015384,2.775170933417622,0.09619677646455517,0.4594582506660999,-1.610556550329,1.790530560526
3564450,1782.225,0.8240098403030769,2.7802782577665086,0.09664831648149812,0.4578232266801864,-1.65743361415,1.797240767637
3568455,1784.2275,0.8167862066876922,2.7665263503179225,0.10027174745492307,0.4616651940126051,-1.6141406074109999,1.779598459604
3572460,1786.23,0.8001984999815384,2.757577505892335,0.10061689491270759,0.4700188677014528,-1.613990638397,1.78226365148
3576465,1788.2325,0.8011871392961538,2.707298034876893,0.09755360130992156,0.4553716001378624,-1.651353612529,1.7693118732370001
3580470,1790.235,0.8266620315038461,2.7650278329258478,0.10179284043380075,0.454549213614192,-1.598040059217,1.786888968198
3584475,1792.2375,0.8072767945438462,2.747679604063812,0.09755386364724333,0.4569169207386598,-1.610991723833,1.772727102034
3588480,1794.24,0.8265212911876922,2.788258114689197,0.0968485761929351,0.45868836108222827,-1.629265181717,1.781317058955
3592485,1796.2425,0.806633334896154,2.7574513916298296,0.09792785114729613,0.45795505753807164,-1.601615950466,1.788404203959
3596490,1798.245,0.815107680286923,2.769023144865408,0.10031943810940427,0.46730893672781576,-1.582803241913,1.796608373516
3600495,1800.2475,0.8105526383130768,2.754007760360067,0.09987724623764983,0.4646428617741579,-1.5964329019030001,1.795476015644
3604500,1802.25,0.8158511198530769,2.7749945064201134,0.10009137070329775,0.46423711437142406,-1.611128825691,1.791720502086
3608505,1804.2525,0.8418282728923077,2.8350159070480325,0.0991980356651547,0.4706462443619225,-1.612153809503,1.782564397887
3612510,1806.255,0.8361457815538462,2.791252120590414,0.09625174371026725,0.45091865120986746,-1.641782008102,1.789044946437
3616515,1808.2575,0.8255027761792307,2.783887047735423,0.09513640738640532,0.46080334005392465,-1.599680766458,1.778876807543
3620520,1810.26,0.8279825999161539,2.773596641983102,0.09538883281501656,0.4581569682393936,-1.624961785959,1.786788865924
3624525,1812.2625,0.8329548422999999,2.794388928575789,0.09878099033882651,0.46493586874677884,-1.597522724431,1.793351840212
3628530,1814.265,0.8102924732076923,2.769182581272414,0.09499747866573502,0.4549587678679374,-1.613216891877,1.774450540545
3632535,1816.2675,0.8173148769546154,2.746908644831356,0.09727709246096522,0.4624565952441436,-1.654046811162,1.780426442616
3636540,1818.27,0.8357124741138461,2.803474709481941,0.09583525017594784,0.45484268507228137,-1.5984542965989998,1.773781575255
3640545,1820.2725,0.8294971356069231,2.7778493388227505,0.09660944304108027,0.4596439490445197,-1.604173064233,1.774969499573
3644550,1822.275,0.8474912689384616,2.8152631029648125,0.09714082069855737,0.46114810616473895,-1.618094705063,1.780358009031
3648555,1824.2775,0.8313247057207692,2.8035310385144134,0.0977545862576062,0.46311680965938035,-1.613773591807,1.780699282869
3652560,1826.28,0.8669093297115384,2.8720836675315655,0.09669298817363461,0.45541426695109427,-1.606948178275,1.781154457479
3656565,1828.2825,0.8440066530123077,2.8333559177746936,0.09941134026292436,0.4645139333446432,-1.597286492589,1.777956951395
3660570,1830.285,0.8537672758115386,2.8444747484414896,0.09900859288798113,0.464356867927335,-1.598767600951,1.769846428185
3664575,1832.2875,0.8436884100653845,2.819510225262421,0.09948900225538668,0.4734846483671332,-1.619948230687,1.775741636769
3668580,1834.29,0.8272031041238462,2.7686160463835767,0.09943794281517926,0.46390239832860397,-1.607260525241,1.776967331784
3672585,1836.2925,0.8383503647938462,2.792614168658967,0.09889795086082416,0.4595642573924757,-1.588150020679,1.7812548391460001
3676590,1838.295,0.8524147088646153,2.845280637896525,0.10000343679993819,0.46546544246319776,-1.61645689234,1.780888132753
3680595,1840.2975,0.8565635818692308,2.8568429403172604,0.09876235194535564,0.46196043569450346,-1.651672333475,1.794384408737
3684600,1842.3,0.8448832585284615,2.8256226079658093,0.10024318483262055,0.46003147438101616,-1.642921946942,1.793441962432
3688605,1844.3025,0.83120039794,2.8037355327690467,0.10093041748730425,0.4667133024857678,-1.61949343608,1.789242930717
3692610,1846.305,0.8279838241130769,2.797326310866266,0.09500639795086831,0.45455356617262554,-1.583625465637,1.789995774623
3696615,1848.3075,0.8416548325523079,2.8217223403732867,0.09933720876606134,0.4669154332126934,-1.622683092948,1.7688500769289999
3700620,1850.31,0.834617729356923,2.8122867953365835,0.09932910646647965,0.46253109577283297,-1.611882768568,1.783919721842
3704625,1852.3125,0.8520589791792308,2.821803088172821,0.09942302295426216,0.46131437813348974,-1.596442736678,1.777546603239
3708630,1854.315,0.8648981773023079,2.8473237835047622,0.09877826020448933,0.4711096402750678,-1.59599620475,1.79088713975
3712635,1856.3175,0.8676301745207693,2.874855173552308,0.09912692630087455,0.45915706344333374,-1.608023379001,1.784201502813
3716640,1858.32,0.8677108104538461,2.869710317308144,0.09924014211472694,0.4688714453812767,-1.58998430522,1.783912416547
3720645,1860.3225,0.8697254015884616,2.876843477809649,0.10147990664760166,0.4696107648767636,-1.624089978639,1.790305066859
3724650,1862.325,0.8483909139346154,2.8278110113889685,0.09801531945123793,0.4606542257243022,-1.603159956632,1.775849379612
3728655,1864.3275,0.8604528353853846,2.8409576537329233,0.10062960479332113,0.469185490090289,-1.590205051017,1.771906413147
3732660,1866.33,0.8691684374430769,2.8627903840259985,0.10015051502116773,0.47406717292802547,-1.607054211197,1.76618349737
3736665,1868.3325,0.8621197251053847,2.8562374814191833,0.09882861280050574,0.4683870667981726,-1.618079394117,1.786770213393
3740670,1870.335,0.8608626356446153,2.8588753553708166,0.10004215086483657,0.4652075962024902,-1.601713061349,1.776576817031
3744675,1872.3375,0.8750760005069231,2.8816484369019717,0.10130942910800743,0.4677626669167045,-1.59574678542,1.783192217359
3748680,1874.34,0.8724013567053847,2.879833321611919,0.09779749923748705,0.4637024174264217,-1.637349031871,1.792084574698
3752685,1876.3425,0.8721149105369229,2.860099078170186,0.09996905735262199,0.4704572920030937,-1.608718931668,1.789723068482
3756690,1878.345,0.8687618833246155,2.870747547824972,0.09998725390254444,0.4733813855999826,-1.619908958674,1.781314741821
3760695,1880.3475,0.8726448233261539,2.8817205158144845,0.09964487977165312,0.46242417673468117,-1.596309676752,1.788874581473
3764700,1882.35,0.8849451083323076,2.8892330501403887,0.10059581189595071,0.4694418974919792,-1.610005810844,1.790351595737
3768705,1884.3525,0.880661813106154,2.8728961190673536,0.09958041383488817,0.4655865174278926,-1.636117331697,1.791337311267
3772710,1886.355,0.874696117173846,2.861257532407803,0.09933444207910427,0.46831963172333396,-1.619073726226,1.784556545324
3776715,1888.3575,0.8769855178353845,2.8672687647913935,0.09839072623438203,0.4716154907018819,-1.596458960315,1.77973062173
3780720,1890.36,0.8799784458661539,2.88692240043225,0.10024592994443579,0.4720051769698324,-1.577092204228,1.7688337042789999
3784725,1892.3625,0.8749810182123077,2.882983103100211,0.09814145723501341,0.46486159778778396,-1.614361003043,1.781713411223
3788730,1894.365,0.8890930872615385,2.902229245317594,0.09984554436171832,0.4736134307737495,-1.608804501608,1.775230910643
3792735,1896.3675,0.8861951186146153,2.895259104041644,0.10239407862139882,0.47646265495534856,-1.621815145008,1.772186517708
3796740,1898.37,0.8948592910438461,2.9117557154833085,0.10085907385214268,0.4764303712788252,-1.651357546448,1.772122498616
3800745,1900.3725,0.8921196185684616,2.9053457172541948,0.10147599940986189,0.47341457197572867,-1.623119577771,1.767848961047
3804750,1902.375,0.8864441743261539,2.8909503725998116,0.10218190359376964,0.4720563656844047,-1.614409908647,1.775232169757
3808755,1904.3775,0.8860033750561538,2.8938981792789744,0.10004886892154063,0.47204095073002167,-1.586121324471,1.769823923699
3812760,1906.38,0.8813882561823075,2.894616687649722,0.09854390465127973,0.4646335723284992,-1.641605339932,1.780049201106
3816765,1908.3825,0.8913539372915384,2.9102048227903166,0.09753417847345365,0.4549408818206259,-1.591493938116,1.782795689993
3820770,1910.385,0.884364348186154,2.9053967011471546,0.10251759745642237,0.4750153044738916,-1.5894870497309999,1.769957147523
3824775,1912.3875,0.8945609560292307,2.9336977905555788,0.09938248840901673,0.4692238514975516,-1.618977107113,1.771247714757
3828780,1914.39,0.8863057585899999,2.917922808514906,0.10112735988367921,0.47640262078746176,-1.613381005815,1.773728027952
3832785,1916.3925,0.8842406731384617,2.8969076100010094,0.09971027245711425,0.47082381341165497,-1.599900998177,1.776419643322
3836790,1918.395,0.8955208659084615,2.9255316810622487,0.10058244606151012,0.46840250436430314,-1.589596770693,1.776116773482
3840795,1920.3975,0.8883742598307692,2.9054714245528106,0.10145253609663095,0.47436439326901153,-1.61939718575,1.782700125129
3844800,1922.4,0.8944898477023078,2.9270322713474117,0.09930035696123313,0.46688002070945483,-1.61854203789,1.779151443401
3848805,1924.4025,0.8999285193530769,2.938311580093355,0.10094017019031204,0.4739742984020019,-1.5843247584970002,1.778054218736
3852810,1926.405,0.8981012931315385,2.937916506985322,0.09987221248942284,0.4705193090754155,-1.578259114173,1.774975165716
3856815,1928.4075,0.9069787630746153,2.9587125235780847,0.10262060434114693,0.4749394341122191,-1.599348858009,1.778821248564
3860820,1930.41,0.9013237861507692,2.945997250203717,0.10094235063796321,0.4744599464494572,-1.60780916361,1.775997396558
3864825,1932.4125,0.8974175820038461,2.933238294853444,0.10199690767791347,0.48140422313913567,-1.600184187286,1.779836878163
3868830,1934.415,0.8978420495992309,2.927863574974547,0.10018590162386162,0.47357739613285676,-1.5910842269810002,1.77084049583
3872835,1936.4175,0.8969722069223075,2.940050140505639,0.10097390261011278,0.4743071585272943,-1.626301012937,1.77934660015
3876840,1938.42,0.9067143018376923,2.9480684641292356,0.09943551509141585,0.4720124271699207,-1.60729364678,1.772312287244
3880845,1940.4225,0.90910681395,2.9579217809371223,0.1018865757172721,0.477460566128176,-1.606132887304,1.7684967517799999
3884850,1942.425,0.9060619290123076,2.9527454206206007,0.10083058223899001,0.4774816459712858,-1.584734641036,1.767849698666
3888855,1944.4275,0.9032469300115384,2.954458119072163,0.10176709727230734,0.4777571340237858,-1.615221574905,1.771837458009
3892860,1946.43,0.9008933214099998,2.9519540919609253,0.1012384942478851,0.47676913483403094,-1.584946736707,1.760643482204
3896865,1948.4325,0.9100184853200001,2.96296729547782,0.10106982657553264,0.4747214072764999,-1.611392367642,1.768009793
3900870,1950.435,0.9017143616284616,2.951911562127235,0.1019917485774625,0.47432506439674615,-1.592115994553,1.7635310515690001
3904875,1952.4375,0.9017484921676923,2.951306378424018,0.10271904133801503,0.47683228856812226,-1.597457692037,1.766471009699
3908880,1954.44,0.9120350434169231,2.9723494699865833,0.10169578324148347,0.4798485639330388,-1.595402386045,1.760727103796
3912885,1956.4425,0.9147954032984615,2.978587196690939,0.10194033456025083,0.47323375871285883,-1.597813583914,1.759118627761
3916890,1958.445,0.914869505633077,2.9726316087833284,0.10113101992553021,0.47438425886618973,-1.598027255381,1.761813782143
3920895,1960.4475,0.9168638357715385,2.971071127242916,0.101075825414813,0.47389314160329793,-1.601151451467,1.76571892947
3924900,1962.45,0.9176133641853846,2.9717365498990866,0.10096110713764786,0.4718517598777136,-1.6029320024,1.759908840057
3928905,1964.4525,0.9122734207492307,2.966406698194381,0.10244171856201098,0.4803622275018719,-1.598935797807,1.76246528326
3932910,1966.455,0.9129154177853847,2.967797165096463,0.10178016267924571,0.4786749572227639,-1.593860283495,1.7582208439590001
3936915,1968.4575,0.9170441673276923,2.9807270780325656,0.10179110201436489,0.47636115847679855,-1.586811594673,1.7619499266229999
3940920,1970.46,0.922131093653846,2.9816840833796734,0.10068061980488002,0.47617574794373557,-1.589128483086,1.765380699184
3944925,1972.4625,0.9199214761115384,2.981476425445132,0.10178011174547871,0.4779231792233566,-1.58837971837,1.762515127665
3948930,1974.465,0.9177461174953846,2.972679743355506,0.10251439290687155,0.481398531856139,-1.573542978614,1.759200461216
3952935,1976.4675,0.9158951089930768,2.97163919583911,0.10145983755281335,0.4773523551818295,-1.573793128131,1.762002851803
3956940,1978.47,0.9181163769530769,2.978435727383429,0.10184831388130205,0.4768651687923907,-1.595219776026,1.760155197241
3960945,1980.4725,0.9165864770253846,2.97852027369676,0.10124626628727171,0.475639759417661,-1.584158044307,1.761702381085
3964950,1982.475,0.9221348028784616,2.9838180926954974,0.10256744748084713,0.4797842470175293,-1.596457052981,1.758097514513
3968955,1984.4775,0.9201315091330768,2.985207138396534,0.1014778021789697,0.4768454921516093,-1.572649165992,1.757772550003
3972960,1986.48,0.9196885778253846,2.982127355966839,0.10193076286063568,0.47840562980379403,-1.587320916351,1.757167089742
3976965,1988.4825,0.9200454996207694,2.978824875391253,0.10269019492576924,0.48040482247725336,-1.595159295946,1.7556916400690001
3980970,1990.485,0.9167656806853847,2.973298515289846,0.1026274981366802,0.4818808509449778,-1.588113885379,1.754975005987
3984975,1992.4875,0.9195938843915386,2.9793915290285566,0.10203895401964647,0.479087312099684,-1.576108548785,1.753371626139
3988980,1994.49,0.9222587071930769,2.9880656091312385,0.10218867095894593,0.4786379612921235,-1.557012777764,1.7518987283
3992985,1996.4925,0.9208593368584617,2.9877314690138563,0.10225623187357587,0.4812742972402464,-1.579820819197,1.75112523882
3996990,1998.495,0.9221704739815385,2.9897198591554117,0.10227900929224683,0.4808328994228874,-1.583376273519,1.750262152413
