dihedral_deg,actual_rel_e,pred_total_rel_e,pred_short_rel_e,pred_long_rel_e,pred_total_abs_e,pred_short_abs_e,pred_long_abs_e
83.42481930851925,0.0,0.0,2.6226043701171875e-06,0.0,-2.418306350708008,-2.7265193462371826,0.3082129657268524
83.51375778436027,0.0,2.384185791015625e-07,2.384185791015625e-06,6.258487701416016e-07,-2.4183061122894287,-2.7265195846557617,0.30821359157562256
83.60271179666562,7.62939453125e-06,1.9073486328125e-06,2.384185791015625e-06,2.3543834686279297e-06,-2.418304443359375,-2.7265195846557617,0.30821532011032104
83.69168218714043,7.62939453125e-06,4.76837158203125e-06,2.6226043701171875e-06,5.155801773071289e-06,-2.418301582336426,-2.7265193462371826,0.3082181215286255
83.7806685757748,1.52587890625e-05,9.059906005859375e-06,2.86102294921875e-06,9.149312973022461e-06,-2.418297290802002,-2.7265191078186035,0.30822211503982544
83.86967062145865,2.288818359375e-05,1.2159347534179688e-05,4.76837158203125e-07,1.4275312423706055e-05,-2.4182941913604736,-2.7265214920043945,0.3082272410392761
83.95868846283588,3.0517578125e-05,2.0503997802734375e-05,2.384185791015625e-06,2.0742416381835938e-05,-2.418285846710205,-2.7265195846557617,0.30823370814323425
84.04772298530942,3.814697265625e-05,2.765655517578125e-05,2.1457672119140625e-06,2.822279930114746e-05,-2.418278694152832,-2.726519823074341,0.30824118852615356
84.13677319517468,4.57763671875e-05,3.6716461181640625e-05,2.384185791015625e-06,3.7044286727905273e-05,-2.418269634246826,-2.7265195846557617,0.3082500100135803
84.22583938789188,6.103515625e-05,4.744529724121094e-05,2.86102294921875e-06,4.7087669372558594e-05,-2.4182589054107666,-2.7265191078186035,0.308260053396225
84.31492104168031,7.62939453125e-05,5.793571472167969e-05,2.1457672119140625e-06,5.838274955749512e-05,-2.418248414993286,-2.726519823074341,0.3082713484764099
84.40401976759186,9.1552734375e-05,7.104873657226562e-05,2.86102294921875e-06,7.101893424987793e-05,-2.4182353019714355,-2.7265191078186035,0.3082839846611023
84.49313378713768,0.0001068115234375,8.440017700195312e-05,2.384185791015625e-06,8.484721183776855e-05,-2.418221950531006,-2.7265195846557617,0.3082978129386902
84.58226411541654,0.00012969970703125,9.989738464355469e-05,2.6226043701171875e-06,9.992718696594238e-05,-2.4182064533233643,-2.7265193462371826,0.30831289291381836
84.67141018739875,0.00014495849609375,0.00011539459228515625,1.9073486328125e-06,0.0001163780689239502,-2.4181909561157227,-2.72652006149292,0.30832934379577637
84.7605730401581,0.0001678466796875,0.00013446807861328125,2.6226043701171875e-06,0.00013434886932373047,-2.4181718826293945,-2.7265193462371826,0.30834731459617615
84.84975158664358,0.00019073486328125,0.00015306472778320312,2.384185791015625e-06,0.00015345215797424316,-2.4181532859802246,-2.7265195846557617,0.30836641788482666
84.93894591481094,0.00022125244140625,0.00017404556274414062,2.384185791015625e-06,0.0001742541790008545,-2.4181323051452637,-2.7265195846557617,0.30838721990585327
85.02815651639432,0.000244140625,0.00019621849060058594,2.384185791015625e-06,0.00019630789756774902,-2.4181101322174072,-2.7265195846557617,0.30840927362442017
85.11738348351406,0.000274658203125,0.00021791458129882812,9.5367431640625e-07,0.00021979212760925293,-2.418088436126709,-2.7265210151672363,0.30843275785446167
85.20662642717684,0.00029754638671875,0.0002446174621582031,2.384185791015625e-06,0.000244826078414917,-2.4180617332458496,-2.7265195846557617,0.30845779180526733
85.29588562567267,0.00032806396484375,0.00027108192443847656,2.384185791015625e-06,0.0002714693546295166,-2.4180352687835693,-2.7265195846557617,0.30848443508148193
85.38516046637906,0.0003662109375,0.00029850006103515625,2.384185791015625e-06,0.00029912590980529785,-2.4180078506469727,-2.7265195846557617,0.3085120916366577
85.474452147138,0.000396728515625,0.00032830238342285156,2.384185791015625e-06,0.0003285706043243408,-2.417978048324585,-2.7265195846557617,0.30854153633117676
85.56376013482735,0.00043487548828125,0.00035881996154785156,1.9073486328125e-06,0.00035944581031799316,-2.41794753074646,-2.72652006149292,0.3085724115371704
85.65308401474994,0.00046539306640625,0.0003898143768310547,4.76837158203125e-07,0.00039193034172058105,-2.4179165363311768,-2.7265214920043945,0.308604896068573
85.74242342696428,0.0005035400390625,0.0004253387451171875,1.9073486328125e-06,0.0004259049892425537,-2.4178810119628906,-2.72652006149292,0.30863887071609497
85.83177981112837,0.00054931640625,0.0004608631134033203,1.9073486328125e-06,0.00046133995056152344,-2.4178454875946045,-2.72652006149292,0.30867430567741394
85.92115219063496,0.00058746337890625,0.0004980564117431641,2.1457672119140625e-06,0.0004984736442565918,-2.4178082942962646,-2.726519823074341,0.308711439371109
86.01054076566723,0.00063323974609375,0.0005369186401367188,2.86102294921875e-06,0.0005368292331695557,-2.417769432067871,-2.7265191078186035,0.308749794960022
86.09994576594792,0.00067138671875,0.0005769729614257812,2.384185791015625e-06,0.0005770027637481689,-2.417729377746582,-2.7265195846557617,0.3087899684906006
86.18936687088934,0.0007171630859375,0.0006184577941894531,2.6226043701171875e-06,0.0006186068058013916,-2.4176878929138184,-2.7265193462371826,0.3088315725326538
86.27880421018678,0.000762939453125,0.0006616115570068359,2.384185791015625e-06,0.0006618797779083252,-2.417644739151001,-2.7265195846557617,0.30887484550476074
86.36825808341253,0.00081634521484375,0.0007047653198242188,9.5367431640625e-07,0.0007065832614898682,-2.4176015853881836,-2.7265210151672363,0.3089195489883423
86.45772748496354,0.00086212158203125,0.0007529258728027344,2.6226043701171875e-06,0.0007528364658355713,-2.417553424835205,-2.7265193462371826,0.308965802192688
86.54721384798674,0.00091552734375,0.0008001327514648438,2.384185791015625e-06,0.0008005499839782715,-2.417506217956543,-2.7265195846557617,0.3090135157108307
86.63671620321735,0.00096893310546875,0.0008502006530761719,2.6226043701171875e-06,0.0008502304553985596,-2.4174561500549316,-2.7265193462371826,0.309063196182251
86.72623536283366,0.0010223388671875,0.0009007453918457031,2.384185791015625e-06,0.0009010732173919678,-2.417405605316162,-2.7265195846557617,0.3091140389442444
86.81577031816718,0.00107574462890625,0.0009529590606689453,1.9073486328125e-06,0.0009537935256958008,-2.417353391647339,-2.72652006149292,0.3091667592525482
86.90532138382683,0.00113677978515625,0.0010075569152832031,2.384185791015625e-06,0.0010078251361846924,-2.4172987937927246,-2.7265195846557617,0.3092207908630371
86.99488928589564,0.00119781494140625,0.0010616779327392578,4.76837158203125e-07,0.0010637640953063965,-2.4172446727752686,-2.7265214920043945,0.3092767298221588
87.08447372071964,0.00125885009765625,0.0011208057403564453,2.384185791015625e-06,0.0011212527751922607,-2.4171855449676514,-2.7265195846557617,0.3093342185020447
87.17407403086955,0.00131988525390625,0.0011801719665527344,2.86102294921875e-06,0.0011803209781646729,-2.417126178741455,-2.7265191078186035,0.3093932867050171
87.26369094008825,0.00138092041015625,0.0012407302856445312,2.86102294921875e-06,0.0012408792972564697,-2.4170656204223633,-2.7265191078186035,0.3094538450241089
87.35332446086574,0.0014495849609375,0.0013012886047363281,9.5367431640625e-07,0.001303166151046753,-2.4170050621032715,-2.7265210151672363,0.30951613187789917
87.44297353913905,0.0015106201171875,0.0013647079467773438,2.384185791015625e-07,0.0013668239116668701,-2.4169416427612305,-2.7265217304229736,0.3095797896385193
87.53263935021317,0.00157928466796875,0.0014324188232421875,2.86102294921875e-06,0.0014324188232421875,-2.4168739318847656,-2.7265191078186035,0.3096453845500946
87.62232218940899,0.00164794921875,0.001499176025390625,2.384185791015625e-06,0.0014994144439697266,-2.416807174682617,-2.7265195846557617,0.30971238017082214
87.71202061141386,0.0017242431640625,0.001566171646118164,9.5367431640625e-07,0.0015679001808166504,-2.4167401790618896,-2.7265210151672363,0.30978086590766907
87.8017358754658,0.00179290771484375,0.0016379356384277344,2.384185791015625e-06,0.0016382038593292236,-2.41666841506958,-2.7265195846557617,0.30985116958618164
87.89146759536811,0.00186920166015625,0.0017077922821044922,4.76837158203125e-07,0.0017099082469940186,-2.4165985584259033,-2.7265214920043945,0.30992287397384644
87.98121593962442,0.00194549560546875,0.001781463623046875,9.5367431640625e-07,0.0017832517623901367,-2.416524887084961,-2.7265210151672363,0.30999621748924255
88.0709802673695,0.00202178955078125,0.0018582344055175781,2.384185791015625e-06,0.0018583834171295166,-2.4164481163024902,-2.7265195846557617,0.31007134914398193
88.16076137677895,0.00209808349609375,0.0019345283508300781,2.86102294921875e-06,0.0019347071647644043,-2.4163718223571777,-2.7265191078186035,0.3101476728916168
88.25055922171055,0.00217437744140625,0.0020127296447753906,2.6226043701171875e-06,0.0020128190517425537,-2.4162936210632324,-2.7265193462371826,0.31022578477859497
88.34037279266128,0.00225830078125,0.0020904541015625,9.5367431640625e-07,0.002092123031616211,-2.4162158966064453,-2.7265210151672363,0.31030508875846863
88.4302039008761,0.00234222412109375,0.0021712779998779297,4.76837158203125e-07,0.0021732747554779053,-2.41613507270813,-2.7265214920043945,0.3103862404823303
88.52005050038919,0.0024261474609375,0.0022554397583007812,2.1457672119140625e-06,0.0022557079792022705,-2.416050910949707,-2.726519823074341,0.3104686737060547
88.60991359863145,0.00251007080078125,0.002337932586669922,9.5367431640625e-07,0.002339869737625122,-2.415968418121338,-2.7265210151672363,0.31055283546447754
88.69979363419051,0.00260162353515625,0.0024232864379882812,4.76837158203125e-07,0.0024255216121673584,-2.4158830642700195,-2.7265214920043945,0.3106384873390198
88.78968990377467,0.002685546875,0.0025115013122558594,2.384185791015625e-06,0.0025122463703155518,-2.415794849395752,-2.7265195846557617,0.31072521209716797
88.8796033287927,0.002777099609375,0.002600431442260742,2.384185791015625e-06,0.002600640058517456,-2.415705919265747,-2.7265195846557617,0.3108136057853699
88.96953275896666,0.00286865234375,0.0026903152465820312,2.6226043701171875e-06,0.002690345048904419,-2.415616035461426,-2.7265193462371826,0.31090331077575684
89.05947955694963,0.00296783447265625,0.0027816295623779297,2.6226043701171875e-06,0.002781689167022705,-2.41552472114563,-2.7265193462371826,0.3109946548938751
89.14944189947121,0.00305938720703125,0.002873659133911133,2.1457672119140625e-06,0.0028741955757141113,-2.4154326915740967,-2.726519823074341,0.31108716130256653
89.2394207722157,0.0031585693359375,0.002968311309814453,2.6226043701171875e-06,0.002968341112136841,-2.4153380393981934,-2.7265193462371826,0.31118130683898926
89.32941703099902,0.0032501220703125,0.003063678741455078,2.6226043701171875e-06,0.003063768148422241,-2.4152426719665527,-2.7265193462371826,0.31127673387527466
89.41942918122685,0.00334930419921875,0.0031599998474121094,2.1457672119140625e-06,0.0031605958938598633,-2.4151463508605957,-2.726519823074341,0.3113735616207123
89.50945793462812,0.00345611572265625,0.003258228302001953,2.384185791015625e-06,0.0032587647438049316,-2.415048122406006,-2.7265195846557617,0.31147173047065735
89.5995045071832,0.0035552978515625,0.003356456756591797,7.152557373046875e-07,0.003358393907546997,-2.414949893951416,-2.7265212535858154,0.3115713596343994
89.6895664865781,0.003662109375,0.0034592151641845703,2.384185791015625e-06,0.003459423780441284,-2.4148471355438232,-2.7265195846557617,0.3116723895072937
89.7796457013167,0.00376129150390625,0.0035598278045654297,4.76837158203125e-07,0.0035618841648101807,-2.4147465229034424,-2.7265214920043945,0.3117748498916626
89.86974069453213,0.00386810302734375,0.003665447235107422,2.384185791015625e-06,0.0036658048629760742,-2.4146409034729004,-2.7265195846557617,0.3118787705898285
89.95985336514231,0.0039825439453125,0.0037708282470703125,2.6226043701171875e-06,0.0037708580493927,-2.4145355224609375,-2.7265193462371826,0.3119838237762451
90.04998219628196,0.00408935546875,0.0038771629333496094,2.384185791015625e-06,0.003877311944961548,-2.414429187774658,-2.7265195846557617,0.31209027767181396
90.14012740393653,0.00420379638671875,0.003985166549682617,2.384185791015625e-06,0.003985404968261719,-2.414321184158325,-2.7265195846557617,0.31219837069511414
90.2302898450931,0.00431060791015625,0.0040929317474365234,9.5367431640625e-07,0.004094600677490234,-2.4142134189605713,-2.7265210151672363,0.31230756640434265
90.32046795678414,0.004425048828125,0.004204750061035156,2.384185791015625e-06,0.004205137491226196,-2.4141016006469727,-2.7265195846557617,0.3124181032180786
90.41066424742941,0.00453948974609375,0.004316806793212891,2.384185791015625e-06,0.00431707501411438,-2.413989543914795,-2.7265195846557617,0.3125300407409668
90.50087666685502,0.00466156005859375,0.004429817199707031,2.384185791015625e-06,0.00443035364151001,-2.413876533508301,-2.7265195846557617,0.3126433193683624
90.59110539162829,0.0047760009765625,0.004544734954833984,2.1457672119140625e-06,0.004545152187347412,-2.413761615753174,-2.726519823074341,0.31275811791419983
90.68135069203015,0.0048980712890625,0.004660844802856445,2.384185791015625e-06,0.004661083221435547,-2.4136455059051514,-2.7265195846557617,0.31287404894828796
90.7716132682175,0.0050201416015625,0.0047779083251953125,2.6226043701171875e-06,0.004778116941452026,-2.4135284423828125,-2.7265193462371826,0.31299108266830444
90.86189225919249,0.0051422119140625,0.004894733428955078,9.5367431640625e-07,0.004896730184555054,-2.4134116172790527,-2.7265210151672363,0.31310969591140747
90.95218849007499,0.0052642822265625,0.0050165653228759766,2.86102294921875e-06,0.0050164759159088135,-2.413289785385132,-2.7265191078186035,0.31322944164276123
91.04250096352902,0.00539398193359375,0.005135536193847656,4.76837158203125e-07,0.0051375627517700195,-2.41317081451416,-2.7265214920043945,0.31335052847862244
91.1328304321751,0.005523681640625,0.005259513854980469,2.384185791015625e-06,0.005259811878204346,-2.4130468368530273,-2.7265195846557617,0.31347277760505676
91.22317668456353,0.00565338134765625,0.005383014678955078,2.384185791015625e-06,0.0053834617137908936,-2.4129233360290527,-2.7265195846557617,0.3135964274406433
91.31353916680497,0.0057830810546875,0.005507946014404297,2.384185791015625e-06,0.005508095026016235,-2.4127984046936035,-2.7265195846557617,0.31372106075286865
91.40391880105331,0.00591278076171875,0.0056340694427490234,2.384185791015625e-06,0.005634218454360962,-2.412672281265259,-2.7265195846557617,0.3138471841812134
91.49431521518659,0.00605010986328125,0.005761146545410156,2.6226043701171875e-06,0.005761474370956421,-2.4125452041625977,-2.7265193462371826,0.31397444009780884
91.5847286480647,0.0061798095703125,0.005889892578125,2.384185791015625e-06,0.005889922380447388,-2.412416458129883,-2.7265195846557617,0.3141028881072998
91.67515857975928,0.006317138671875,0.0060193538665771484,2.384185791015625e-06,0.006019651889801025,-2.4122869968414307,-2.7265195846557617,0.31423261761665344
91.7656048485433,0.0064544677734375,0.006150007247924805,2.384185791015625e-06,0.006150573492050171,-2.412156343460083,-2.7265195846557617,0.3143635392189026
91.85606936245608,0.00659942626953125,0.0062808990478515625,7.152557373046875e-07,0.006282895803451538,-2.4120254516601562,-2.7265212535858154,0.31449586153030396
91.94654929161523,0.00673675537109375,0.00641632080078125,2.6226043701171875e-06,0.006416410207748413,-2.4118900299072266,-2.7265193462371826,0.31462937593460083
92.03704740592832,0.0068817138671875,0.006549358367919922,1.1920928955078125e-06,0.006551086902618408,-2.411756992340088,-2.7265207767486572,0.3147640526294708
92.12756136644497,0.00702667236328125,0.0066852569580078125,7.152557373046875e-07,0.00668710470199585,-2.41162109375,-2.7265212535858154,0.31490007042884827
92.21809276492861,0.007171630859375,0.006824493408203125,2.384185791015625e-06,0.0068245530128479,-2.4114818572998047,-2.7265195846557617,0.3150375187397003
92.3086399645864,0.00731658935546875,0.006962776184082031,2.384185791015625e-06,0.006963014602661133,-2.411343574523926,-2.7265195846557617,0.31517598032951355
92.39920431914588,0.0074615478515625,0.0071027278900146484,2.384185791015625e-06,0.0071027278900146484,-2.411203622817993,-2.7265195846557617,0.31531569361686707
92.48978669641859,0.0076141357421875,0.0072422027587890625,9.5367431640625e-07,0.007244020700454712,-2.4110641479492188,-2.7265210151672363,0.31545698642730713
92.58038494277602,0.0077667236328125,0.007386684417724609,2.384185791015625e-06,0.0073867738246917725,-2.410919666290283,-2.7265195846557617,0.3155997395515442
92.67099991618987,0.0079193115234375,0.007528781890869141,9.5367431640625e-07,0.007530540227890015,-2.4107775688171387,-2.7265210151672363,0.31574350595474243
92.76163234847048,0.0080718994140625,0.007675647735595703,2.384185791015625e-06,0.007675886154174805,-2.410630702972412,-2.7265195846557617,0.3158888518810272
92.85228189570327,0.00823211669921875,0.007821083068847656,9.5367431640625e-07,0.00782284140586853,-2.41048526763916,-2.7265210151672363,0.31603580713272095
92.94294758330902,0.00838470458984375,0.007969141006469727,9.5367431640625e-07,0.0079708993434906,-2.410337209701538,-2.7265210151672363,0.316183865070343
93.0336309347201,0.008544921875,0.008120059967041016,1.9073486328125e-06,0.00812065601348877,-2.410186290740967,-2.72652006149292,0.3163336217403412
93.12433084239541,0.00870513916015625,0.00827169418334961,2.384185791015625e-06,0.00827181339263916,-2.410034656524658,-2.7265195846557617,0.3164847791194916
93.21504811238428,0.0088653564453125,0.00842428207397461,2.384185791015625e-06,0.008424490690231323,-2.409882068634033,-2.7265195846557617,0.31663745641708374
93.30578127932871,0.009033203125,0.008578777313232422,2.86102294921875e-06,0.008578628301620483,-2.4097275733947754,-2.7265191078186035,0.3167915940284729
93.39653237847597,0.0092010498046875,0.008732318878173828,4.76837158203125e-07,0.008734434843063354,-2.409574031829834,-2.7265214920043945,0.31694740056991577
93.48729966239931,0.00936126708984375,0.008891582489013672,2.384185791015625e-06,0.00889173150062561,-2.409414768218994,-2.7265195846557617,0.317104697227478
93.57808416353274,0.00952911376953125,0.009050369262695312,2.384185791015625e-06,0.009050577878952026,-2.4092559814453125,-2.7265195846557617,0.31726354360580444
93.66888600778982,0.00970458984375,0.009211063385009766,2.86102294921875e-06,0.009210973978042603,-2.409095287322998,-2.7265191078186035,0.317423939704895
93.7597048458983,0.0098724365234375,0.009372711181640625,2.384185791015625e-06,0.009373068809509277,-2.408933639526367,-2.7265195846557617,0.3175860345363617
93.85053954686948,0.010040283203125,0.009536027908325195,2.1457672119140625e-06,0.00953662395477295,-2.4087703227996826,-2.726519823074341,0.31774958968162537
93.94139302750551,0.01021575927734375,0.009701728820800781,2.384185791015625e-06,0.009701937437057495,-2.408604621887207,-2.7265195846557617,0.3179149031639099
94.03226159287894,0.0103912353515625,0.00986623764038086,4.76837158203125e-07,0.009868592023849487,-2.408440113067627,-2.7265214920043945,0.3180815577507019
94.12314941071769,0.0105743408203125,0.010036468505859375,2.1457672119140625e-06,0.010037153959274292,-2.4082698822021484,-2.726519823074341,0.3182501196861267
94.21405277307372,0.01074981689453125,0.010204792022705078,2.384185791015625e-07,0.010207146406173706,-2.4081015586853027,-2.7265217304229736,0.3184201121330261
94.30497264542018,0.01092529296875,0.010376691818237305,9.5367431640625e-07,0.01037856936454773,-2.4079296588897705,-2.7265210151672363,0.31859153509140015
94.39591049632742,0.0111083984375,0.01055145263671875,2.384185791015625e-06,0.010551780462265015,-2.407754898071289,-2.7265195846557617,0.31876474618911743
94.48686531985976,0.01129150390625,0.010724306106567383,4.76837158203125e-07,0.010726600885391235,-2.4075820446014404,-2.7265214920043945,0.31893956661224365
94.577836597816,0.011474609375,0.010902881622314453,2.6226043701171875e-06,0.01090279221534729,-2.4074034690856934,-2.7265193462371826,0.3191157579421997
94.66882544888699,0.01166534423828125,0.011078834533691406,9.5367431640625e-07,0.011080831289291382,-2.4072275161743164,-2.7265210151672363,0.3192937970161438
94.75983196295866,0.01184844970703125,0.01125955581665039,2.384185791015625e-06,0.011260122060775757,-2.4070467948913574,-2.7265195846557617,0.3194730877876282
94.85085376636317,0.0120391845703125,0.01144099235534668,2.6226043701171875e-06,0.01144099235534668,-2.406865358352661,-2.7265193462371826,0.3196539580821991
94.94189372189591,0.01222991943359375,0.011621475219726562,4.76837158203125e-07,0.011623352766036987,-2.4066848754882812,-2.7265214920043945,0.3198363184928894
95.03295062189808,0.012420654296875,0.011807441711425781,2.86102294921875e-06,0.011807233095169067,-2.406498908996582,-2.7265191078186035,0.3200201988220215
95.12402521442483,0.01261138916015625,0.011991024017333984,1.1920928955078125e-06,0.011992543935775757,-2.406315326690674,-2.7265207767486572,0.3202055096626282
95.21511583861096,0.01280975341796875,0.012179374694824219,2.6226043701171875e-06,0.012179404497146606,-2.4061269760131836,-2.7265193462371826,0.320392370223999
95.30622370237792,0.01300811767578125,0.01236581802368164,7.152557373046875e-07,0.012367814779281616,-2.405940532684326,-2.7265212535858154,0.32058078050613403
95.39734892542678,0.01320648193359375,0.012557744979858398,2.6226043701171875e-06,0.012557685375213623,-2.4057486057281494,-2.7265193462371826,0.32077065110206604
95.48849192222606,0.01340484619140625,0.012747049331665039,7.152557373046875e-07,0.012748897075653076,-2.4055593013763428,-2.7265212535858154,0.3209618628025055
95.57965074682413,0.01360321044921875,0.012939453125,4.76837158203125e-07,0.012941628694534302,-2.405366897583008,-2.7265214920043945,0.3211545944213867
95.67082644347988,0.01380157470703125,0.013134956359863281,1.9073486328125e-06,0.013135761022567749,-2.4051713943481445,-2.72652006149292,0.32134872674942017
95.76202055746293,0.014007568359375,0.013329505920410156,4.76837158203125e-07,0.01333153247833252,-2.4049768447875977,-2.7265214920043945,0.32154449820518494
95.85323201229086,0.01421356201171875,0.013526201248168945,4.76837158203125e-07,0.01352846622467041,-2.404780149459839,-2.7265214920043945,0.3217414319515228
95.94445966279953,0.0144195556640625,0.01372671127319336,2.384185791015625e-06,0.013726919889450073,-2.4045796394348145,-2.7265195846557617,0.3219398856163025
96.03570449562505,0.01462554931640625,0.013926267623901367,2.1457672119140625e-06,0.013926833868026733,-2.4043800830841064,-2.726519823074341,0.32213979959487915
96.12696674097953,0.01483917236328125,0.014127731323242188,2.384185791015625e-06,0.014128327369689941,-2.4041786193847656,-2.7265195846557617,0.32234129309654236
96.21824612096276,0.01505279541015625,0.014328956604003906,4.76837158203125e-07,0.014331012964248657,-2.403977394104004,-2.7265214920043945,0.3225439786911011
96.30954236391567,0.01526641845703125,0.01453542709350586,2.86102294921875e-06,0.014535248279571533,-2.403770923614502,-2.7265191078186035,0.32274821400642395
96.40085697214289,0.01548004150390625,0.014740467071533203,2.384185791015625e-06,0.014740794897079468,-2.4035658836364746,-2.7265195846557617,0.3229537606239319
96.49218704128,0.01569366455078125,0.014947891235351562,2.384185791015625e-06,0.014947891235351562,-2.4033584594726562,-2.7265195846557617,0.323160856962204
96.58353486566557,0.01590728759765625,0.015156269073486328,2.86102294921875e-06,0.015156328678131104,-2.4031500816345215,-2.7265191078186035,0.3233692944049835
96.67489996539835,0.0161285400390625,0.015366077423095703,2.384185791015625e-06,0.015366435050964355,-2.402940273284912,-2.7265195846557617,0.3235794007778168
96.76628286780644,0.01634979248046875,0.01557779312133789,2.86102294921875e-06,0.015577763319015503,-2.40272855758667,-2.7265191078186035,0.3237907290458679
96.85768166304943,0.016571044921875,0.015790939331054688,2.86102294921875e-06,0.015790492296218872,-2.402515411376953,-2.7265191078186035,0.3240034580230713
96.94909886204375,0.01679229736328125,0.01600503921508789,2.86102294921875e-06,0.016004830598831177,-2.40230131149292,-2.7265191078186035,0.3242177963256836
97.04053271286408,0.01702117919921875,0.016220569610595703,2.384185791015625e-06,0.01622059941291809,-2.402085781097412,-2.7265195846557617,0.3244335651397705
97.13198329393187,0.017242431640625,0.016435623168945312,4.76837158203125e-07,0.016437917947769165,-2.4018707275390625,-2.7265214920043945,0.3246508836746216
97.22345222110093,0.0174713134765625,0.016656875610351562,3.0994415283203125e-06,0.016656577587127686,-2.4016494750976562,-2.7265188694000244,0.3248695433139801
97.31493678519621,0.0177001953125,0.016876220703125,2.384185791015625e-06,0.016876667737960815,-2.401430130004883,-2.7265195846557617,0.32508963346481323
97.4064404800513,0.0179290771484375,0.017098426818847656,2.384185791015625e-06,0.01709836721420288,-2.40120792388916,-2.7265195846557617,0.3253113329410553
97.49795937302608,0.01816558837890625,0.017322063446044922,3.337860107421875e-06,0.017321497201919556,-2.400984287261963,-2.7265186309814453,0.325534462928772
97.5894965832244,0.01839447021484375,0.017543792724609375,4.76837158203125e-07,0.017546027898788452,-2.4007625579833984,-2.7265214920043945,0.32575899362564087
97.68105083404771,0.0186309814453125,0.017772197723388672,2.384185791015625e-06,0.01777273416519165,-2.400534152984619,-2.7265195846557617,0.32598569989204407
97.77262378348217,0.01886749267578125,0.017999887466430664,9.5367431640625e-07,0.018001675605773926,-2.400306463241577,-2.7265210151672363,0.32621464133262634
97.86421143449239,0.01910400390625,0.018232107162475586,2.86102294921875e-06,0.01823204755783081,-2.4000742435455322,-2.7265191078186035,0.3264450132846832
97.95581789324174,0.01934814453125,0.018462181091308594,9.5367431640625e-07,0.018463939428329468,-2.399844169616699,-2.7265210151672363,0.3266769051551819
98.04744155027873,0.01958465576171875,0.018697500228881836,2.86102294921875e-06,0.018697291612625122,-2.399608850479126,-2.7265191078186035,0.32691025733947754
98.13908136159657,0.01982879638671875,0.01893162727355957,2.1457672119140625e-06,0.0189322829246521,-2.3993747234344482,-2.726519823074341,0.3271452486515045
98.23073966317241,0.02007293701171875,0.019168376922607422,2.384185791015625e-06,0.019168764352798462,-2.3991379737854004,-2.7265195846557617,0.3273817300796509
98.32241457941475,0.02031707763671875,0.01940441131591797,4.76837158203125e-07,0.01940658688545227,-2.39890193939209,-2.7265214920043945,0.3276195526123047
98.41410683829795,0.02056884765625,0.01964402198791504,7.152557373046875e-07,0.019646048545837402,-2.3986623287200928,-2.7265212535858154,0.3278590142726898
98.50581656704769,0.02081298828125,0.01988506317138672,9.5367431640625e-07,0.019886821508407593,-2.398421287536621,-2.7265210151672363,0.32809978723526
98.5975438647002,0.02106475830078125,0.02012920379638672,2.384185791015625e-06,0.020129412412643433,-2.398177146911621,-2.7265195846557617,0.32834237813949585
98.68928691482517,0.0213165283203125,0.02037334442138672,2.384185791015625e-06,0.020373404026031494,-2.397933006286621,-2.7265195846557617,0.3285863697528839
98.7810479632115,0.02156829833984375,0.020618915557861328,2.384185791015625e-06,0.020618826150894165,-2.3976874351501465,-2.7265195846557617,0.3288317918777466
98.87282785960845,0.02182769775390625,0.02086353302001953,7.152557373046875e-07,0.020865708589553833,-2.3974428176879883,-2.7265212535858154,0.32907867431640625
98.96462378125432,0.0220794677734375,0.021114110946655273,2.384185791015625e-06,0.021114259958267212,-2.3971922397613525,-2.7265195846557617,0.32932722568511963
99.05643717654881,0.0223388671875,0.021361827850341797,4.76837158203125e-07,0.021364182233810425,-2.396944522857666,-2.7265214920043945,0.32957714796066284
99.14826810748295,0.0225982666015625,0.021615028381347656,2.384185791015625e-06,0.021615654230117798,-2.39669132232666,-2.7265195846557617,0.3298286199569702
99.24011592092486,0.022857666015625,0.021868228912353516,2.384185791015625e-06,0.02186855673789978,-2.3964381217956543,-2.7265195846557617,0.3300815224647522
99.33198112055175,0.0231170654296875,0.02212071418762207,4.76837158203125e-07,0.02212303876876831,-2.3961856365203857,-2.7265214920043945,0.3303360044956207
99.42386304396547,0.02338409423828125,0.02237844467163086,2.1457672119140625e-06,0.02237895131111145,-2.395927906036377,-2.726519823074341,0.33059191703796387
99.51576238669347,0.02364349365234375,0.022635936737060547,2.384185791015625e-06,0.0226362943649292,-2.3956704139709473,-2.7265195846557617,0.3308492600917816
99.60767981820403,0.0239105224609375,0.022895097732543945,2.6226043701171875e-06,0.022895127534866333,-2.395411252975464,-2.7265193462371826,0.33110809326171875
99.69961386791954,0.02417755126953125,0.02315354347229004,7.152557373046875e-07,0.023155540227890015,-2.3951528072357178,-2.7265212535858154,0.33136850595474243
99.79156665262376,0.02445220947265625,0.023415088653564453,4.76837158203125e-07,0.023417264223098755,-2.3948912620544434,-2.7265214920043945,0.33163022994995117
99.8835366933123,0.02471923828125,0.02368021011352539,2.384185791015625e-06,0.023680418729782104,-2.3946261405944824,-2.7265195846557617,0.3318933844566345
99.97552331117181,0.024993896484375,0.023945331573486328,2.86102294921875e-06,0.02394503355026245,-2.3943610191345215,-2.7265191078186035,0.33215799927711487
100.0675264217745,0.0252685546875,0.024208545684814453,4.76837158203125e-07,0.02421104907989502,-2.3940978050231934,-2.7265214920043945,0.33242401480674744
100.15954901774789,0.025543212890625,0.024477005004882812,9.5367431640625e-07,0.02447870373725891,-2.393829345703125,-2.7265210151672363,0.33269166946411133
100.25158734439182,0.02581787109375,0.024745702743530273,7.152557373046875e-07,0.02474769949913025,-2.3935606479644775,-2.7265212535858154,0.33296066522598267
100.34364162715126,0.02610015869140625,0.025016307830810547,4.76837158203125e-07,0.025018244981765747,-2.3932900428771973,-2.7265214920043945,0.33323121070861816
100.43571487340412,0.02637481689453125,0.025289535522460938,2.384185791015625e-06,0.02528989315032959,-2.393016815185547,-2.7265195846557617,0.333502858877182
100.52780671301376,0.0266571044921875,0.02556300163269043,2.384185791015625e-06,0.025563210248947144,-2.3927433490753174,-2.7265195846557617,0.33377617597579956
100.61991459495923,0.02693939208984375,0.025835514068603516,4.76837158203125e-07,0.02583777904510498,-2.3924708366394043,-2.7265214920043945,0.3340507447719574
100.71203996318407,0.02722930908203125,0.026111841201782227,9.5367431640625e-07,0.02611371874809265,-2.3921945095062256,-2.7265210151672363,0.33432668447494507
100.80418284837315,0.0275115966796875,0.026389122009277344,4.76837158203125e-07,0.02639111876487732,-2.3919172286987305,-2.7265214920043945,0.33460408449172974
100.89634362677123,0.027801513671875,0.026669979095458984,2.384185791015625e-06,0.02667015790939331,-2.391636371612549,-2.7265195846557617,0.3348831236362457
100.98852075440725,0.0280914306640625,0.026949644088745117,1.9073486328125e-06,0.026950329542160034,-2.3913567066192627,-2.72652006149292,0.33516329526901245
101.08071486900313,0.02838134765625,0.02722930908203125,2.384185791015625e-07,0.02723175287246704,-2.3910770416259766,-2.7265217304229736,0.33544471859931946
101.17292677940272,0.0286712646484375,0.027514934539794922,2.86102294921875e-06,0.02751481533050537,-2.390791416168213,-2.7265191078186035,0.3357277810573578
101.26515633710324,0.028961181640625,0.027799129486083984,2.384185791015625e-06,0.027799218893051147,-2.390507221221924,-2.7265195846557617,0.33601218461990356
101.35740316201661,0.02925872802734375,0.028082847595214844,7.152557373046875e-07,0.028084933757781982,-2.390223503112793,-2.7265212535858154,0.3362978994846344
101.44966728037626,0.0295562744140625,0.028371334075927734,2.1457672119140625e-06,0.028371870517730713,-2.38993501663208,-2.726519823074341,0.33658483624458313
101.54194912255652,0.02985382080078125,0.028660297393798828,2.6226043701171875e-06,0.028660446405410767,-2.389646053314209,-2.7265193462371826,0.3368734121322632
101.63424932998372,0.0301513671875,0.02894878387451172,9.5367431640625e-07,0.02895045280456543,-2.389357566833496,-2.7265210151672363,0.33716341853141785
101.72656590593544,0.03044891357421875,0.029240131378173828,9.5367431640625e-07,0.029241591691970825,-2.389066219329834,-2.7265210151672363,0.33745455741882324
101.81890089965728,0.03075408935546875,0.029534101486206055,2.384185791015625e-06,0.02953428030014038,-2.3887722492218018,-2.7265195846557617,0.3377472460269928
101.91125130235305,0.03105926513671875,0.029826641082763672,4.76837158203125e-07,0.029828429222106934,-2.388479709625244,-2.7265214920043945,0.33804139494895935
102.00361936822931,0.03136444091796875,0.03012371063232422,2.384185791015625e-06,0.03012394905090332,-2.3881826400756836,-2.7265195846557617,0.33833691477775574
102.09600572424351,0.03166961669921875,0.030420541763305664,2.384185791015625e-06,0.030420750379562378,-2.387885808944702,-2.7265195846557617,0.3386337161064148
102.18841024835527,0.03197479248046875,0.03071904182434082,2.384185791015625e-06,0.03071919083595276,-2.387587308883667,-2.7265195846557617,0.3389321565628052
102.28083105612534,0.03228759765625,0.031018733978271484,2.6226043701171875e-06,0.03101891279220581,-2.3872876167297363,-2.7265193462371826,0.3392318785190582
102.37326929449843,0.03260040283203125,0.03131985664367676,2.384185791015625e-06,0.03132012486457825,-2.386986494064331,-2.7265195846557617,0.33953309059143066
102.4657248687349,0.0329132080078125,0.031623125076293945,2.86102294921875e-06,0.031622856855392456,-2.386683225631714,-2.7265191078186035,0.3398358225822449
102.55819856158723,0.03322601318359375,0.031926870346069336,2.384185791015625e-06,0.03192704916000366,-2.3863794803619385,-2.7265195846557617,0.3401400148868561
102.65068801145294,0.033538818359375,0.03223228454589844,2.1457672119140625e-06,0.032232850790023804,-2.3860740661621094,-2.726519823074341,0.3404458165168762
102.74319787046251,0.0338592529296875,0.032538414001464844,1.430511474609375e-06,0.03253987431526184,-2.385767936706543,-2.726520538330078,0.34075284004211426
102.83572212144928,0.0341796875,0.032848358154296875,2.384185791015625e-06,0.03284880518913269,-2.385457992553711,-2.7265195846557617,0.3410617709159851
102.92826725875223,0.0345001220703125,0.03315877914428711,2.384185791015625e-06,0.03315916657447815,-2.3851475715637207,-2.7265195846557617,0.34137213230133057
103.02082745654026,0.034820556640625,0.033470869064331055,2.384185791015625e-06,0.03347095847129822,-2.3848354816436768,-2.7265195846557617,0.34168392419815063
103.11340364375118,0.0351409912109375,0.0337827205657959,7.152557373046875e-07,0.03378450870513916,-2.384523630142212,-2.7265212535858154,0.3419974744319916
103.20600071561911,0.03546905517578125,0.03409767150878906,4.76837158203125e-07,0.03409960865974426,-2.3842086791992188,-2.7265214920043945,0.3423125743865967
103.29861088416042,0.03578948974609375,0.03441596031188965,2.384185791015625e-06,0.034416407346725464,-2.383890390396118,-2.7265195846557617,0.3426293730735779
103.3912419207681,0.0361175537109375,0.034732818603515625,7.152557373046875e-07,0.03473493456840515,-2.383573532104492,-2.7265212535858154,0.34294790029525757
103.48388854017847,0.03644561767578125,0.035054922103881836,2.384185791015625e-06,0.035055190324783325,-2.383251428604126,-2.7265195846557617,0.34326815605163574
103.57655471377818,0.03678131103515625,0.03537631034851074,1.9073486328125e-06,0.03537702560424805,-2.382930040359497,-2.72652006149292,0.34358999133110046
103.66923668526023,0.037109375,0.035700082778930664,2.384185791015625e-06,0.03570052981376648,-2.382606267929077,-2.7265195846557617,0.3439134955406189
103.76193709971255,0.037445068359375,0.0360260009765625,2.384185791015625e-06,0.03602609038352966,-2.3822803497314453,-2.7265195846557617,0.3442390561103821
103.85465399889468,0.03778076171875,0.036353349685668945,2.384185791015625e-06,0.03635343909263611,-2.381953001022339,-2.7265195846557617,0.3445664048194885
103.9473879966833,0.038116455078125,0.0366818904876709,2.384185791015625e-06,0.03668221831321716,-2.381624460220337,-2.7265195846557617,0.3448951840400696
104.04014030364705,0.0384521484375,0.037011146545410156,9.5367431640625e-07,0.03701299428939819,-2.3812952041625977,-2.7265210151672363,0.3452259600162506
104.13291083232323,0.03879547119140625,0.03734540939331055,2.384185791015625e-06,0.037345677614212036,-2.3809609413146973,-2.7265195846557617,0.34555864334106445
104.22569869794333,0.0391387939453125,0.03767967224121094,1.9073486328125e-06,0.03768011927604675,-2.380626678466797,-2.72652006149292,0.34589308500289917
104.31850219815017,0.0394744873046875,0.03801441192626953,4.76837158203125e-07,0.03801640868186951,-2.3802919387817383,-2.7265214920043945,0.3462293744087219
104.41132377270638,0.039825439453125,0.038352251052856445,4.76837158203125e-07,0.03835448622703552,-2.3799540996551514,-2.7265214920043945,0.34656745195388794
104.50416384917911,0.04016876220703125,0.038692474365234375,9.5367431640625e-07,0.038694411516189575,-2.3796138763427734,-2.7265210151672363,0.346907377243042
104.59702101827536,0.0405120849609375,0.039034128189086914,4.76837158203125e-07,0.03903624415397644,-2.379272222518921,-2.7265214920043945,0.34724920988082886
104.68989631826422,0.040863037109375,0.03937959671020508,2.384185791015625e-06,0.03937974572181702,-2.3789267539978027,-2.7265195846557617,0.34759271144866943
104.78278700262108,0.0412139892578125,0.039725542068481445,2.86102294921875e-06,0.03972551226615906,-2.3785808086395264,-2.7265191078186035,0.3479384779930115
104.87569771939312,0.04156494140625,0.04007291793823242,2.1457672119140625e-06,0.040073126554489136,-2.3782334327697754,-2.726519823074341,0.34828609228134155
104.9686236811568,0.0419158935546875,0.04042243957519531,2.384185791015625e-06,0.04042258858680725,-2.3778839111328125,-2.7265195846557617,0.34863555431365967
105.06156810979522,0.04227447509765625,0.0407712459564209,4.76837158203125e-07,0.040773361921310425,-2.377535104751587,-2.7265214920043945,0.34898632764816284
105.15452979514696,0.04262542724609375,0.04112434387207031,4.76837158203125e-07,0.041126400232315063,-2.3771820068359375,-2.7265214920043945,0.3493393659591675
105.24750740792831,0.0429840087890625,0.041478872299194336,4.76837158203125e-07,0.04148092865943909,-2.3768274784088135,-2.7265214920043945,0.3496938943862915
105.34050502333402,0.04334259033203125,0.041837215423583984,2.384185791015625e-06,0.04183736443519592,-2.376469135284424,-2.7265195846557617,0.35005033016204834
105.4335196251626,0.043701171875,0.04219508171081543,2.384185791015625e-06,0.04219517111778259,-2.3761112689971924,-2.7265195846557617,0.350408136844635
105.52655147251244,0.0440673828125,0.04255485534667969,2.384185791015625e-06,0.042555004358291626,-2.375751495361328,-2.7265195846557617,0.35076797008514404
105.61960111846179,0.04442596435546875,0.04291415214538574,7.152557373046875e-07,0.04291614890098572,-2.375392198562622,-2.7265212535858154,0.35112911462783813
105.7126666480084,0.04479217529296875,0.04327726364135742,9.5367431640625e-07,0.04327896237373352,-2.3750290870666504,-2.7265210151672363,0.35149192810058594
105.80575067272201,0.04515838623046875,0.04364156723022461,9.5367431640625e-07,0.04364326596260071,-2.374664783477783,-2.7265210151672363,0.3518562316894531
105.89885253148285,0.04552459716796875,0.044007062911987305,4.76837158203125e-07,0.04400917887687683,-2.3742992877960205,-2.7265214920043945,0.35222214460372925
105.99196981209553,0.0458984375,0.044376373291015625,1.9073486328125e-06,0.04437682032585144,-2.373929977416992,-2.72652006149292,0.35258978605270386
106.08510514207643,0.0462646484375,0.044747352600097656,2.384185791015625e-06,0.044747620820999146,-2.37355899810791,-2.7265195846557617,0.35296058654785156
106.17826164821054,0.04663848876953125,0.0451197624206543,2.1457672119140625e-06,0.045120030641555786,-2.3731865882873535,-2.726519823074341,0.3533329963684082
106.27143221173229,0.0470123291015625,0.04549121856689453,4.76837158203125e-07,0.045493483543395996,-2.3728151321411133,-2.7265214920043945,0.3537064492702484
106.3646205160007,0.04738616943359375,0.0458683967590332,2.384185791015625e-06,0.045868635177612305,-2.3724379539489746,-2.7265195846557617,0.3540816009044647
106.4578266263334,0.04776763916015625,0.04624438285827637,2.1457672119140625e-06,0.04624488949775696,-2.3720619678497314,-2.726519823074341,0.3544578552246094
106.55104915737742,0.0481414794921875,0.046622276306152344,2.384185791015625e-06,0.046622782945632935,-2.3716840744018555,-2.7265195846557617,0.35483574867248535
106.64429174292806,0.04852294921875,0.04700136184692383,2.384185791015625e-06,0.047001808881759644,-2.371304988861084,-2.7265195846557617,0.35521477460861206
106.7375497779459,0.0489044189453125,0.04737997055053711,4.76837158203125e-07,0.047381967306137085,-2.3709263801574707,-2.7265214920043945,0.3555949330329895
106.8308246455641,0.049285888671875,0.04776334762573242,2.6226043701171875e-06,0.0477636456489563,-2.3705430030822754,-2.7265193462371826,0.3559766113758087
106.92411901183577,0.04967498779296875,0.04814577102661133,1.9073486328125e-06,0.048146456480026245,-2.3701605796813965,-2.72652006149292,0.35635942220687866
107.01743018693874,0.05005645751953125,0.048528194427490234,7.152557373046875e-07,0.04853019118309021,-2.3697781562805176,-2.7265212535858154,0.3567431569099426
107.11075820298105,0.050445556640625,0.04891538619995117,2.384185791015625e-06,0.048915714025497437,-2.3693909645080566,-2.7265195846557617,0.35712867975234985
107.20410531618789,0.05083465576171875,0.0493016242980957,2.384185791015625e-06,0.04930195212364197,-2.369004726409912,-2.7265195846557617,0.3575149178504944
107.29746742320667,0.0512237548828125,0.049689292907714844,2.384185791015625e-06,0.04968938231468201,-2.368617057800293,-2.7265195846557617,0.3579023480415344
107.3908486307608,0.05161285400390625,0.05007791519165039,2.384185791015625e-06,0.05007830262184143,-2.3682284355163574,-2.7265195846557617,0.35829126834869385
107.48424787578794,0.05200958251953125,0.050466060638427734,7.152557373046875e-07,0.0504680871963501,-2.36784029006958,-2.7265212535858154,0.3586810529232025
107.57766119325181,0.05240631103515625,0.05085873603820801,2.384185791015625e-06,0.050858885049819946,-2.3674476146698,-2.7265195846557617,0.35907185077667236
107.67109564092311,0.05280303955078125,0.05125069618225098,1.9073486328125e-06,0.051251113414764404,-2.367055654525757,-2.72652006149292,0.3594640791416168
107.76454749674608,0.05319976806640625,0.051642656326293945,9.5367431640625e-07,0.051644355058670044,-2.366663694381714,-2.7265210151672363,0.35985732078552246
107.8580151073878,0.05359649658203125,0.05203890800476074,2.86102294921875e-06,0.052038609981536865,-2.366267442703247,-2.7265191078186035,0.3602515757083893
107.95149999588187,0.0540008544921875,0.05243372917175293,2.384185791015625e-06,0.052433937788009644,-2.365872621536255,-2.7265195846557617,0.36064690351486206
108.04500312275846,0.0543975830078125,0.05283021926879883,2.384185791015625e-06,0.05283042788505554,-2.365476131439209,-2.7265195846557617,0.36104339361190796
108.13852417553993,0.05480194091796875,0.05322766304016113,2.6226043701171875e-06,0.053227901458740234,-2.3650786876678467,-2.7265193462371826,0.36144086718559265
108.2320615721157,0.055206298828125,0.053626060485839844,2.384185791015625e-06,0.05362650752067566,-2.364680290222168,-2.7265195846557617,0.3618394732475281
108.32561553249445,0.0556182861328125,0.05402565002441406,2.1457672119140625e-06,0.05402615666389465,-2.3642807006835938,-2.726519823074341,0.36223912239074707
108.41918941774436,0.05602264404296875,0.05442619323730469,2.384185791015625e-06,0.054426729679107666,-2.363880157470703,-2.7265195846557617,0.3626396954059601
108.51277904043468,0.05643463134765625,0.054828643798828125,2.6226043701171875e-06,0.05482861399650574,-2.3634777069091797,-2.7265193462371826,0.36304157972335815
108.60638680600886,0.05684661865234375,0.05522942543029785,7.152557373046875e-07,0.05523139238357544,-2.36307692527771,-2.7265212535858154,0.36344435811042786
108.70001253553774,0.05725860595703125,0.0556330680847168,2.384185791015625e-07,0.0556352436542511,-2.362673282623291,-2.7265217304229736,0.3638482093811035
108.79365537697528,0.05767059326171875,0.056040048599243164,2.6226043701171875e-06,0.0560401976108551,-2.3622663021087646,-2.7265193462371826,0.3642531633377075
108.88731519814057,0.05808258056640625,0.056444406509399414,9.5367431640625e-07,0.0564461350440979,-2.3618619441986084,-2.7265210151672363,0.3646591007709503
108.98099200090452,0.058502197265625,0.05685281753540039,2.384185791015625e-06,0.056853264570236206,-2.3614535331726074,-2.7265195846557617,0.3650662302970886
109.07468828876537,0.05892181396484375,0.05726122856140137,2.384185791015625e-06,0.057261377573013306,-2.3610451221466064,-2.7265195846557617,0.3654743432998657
109.16839997730447,0.0593414306640625,0.057668209075927734,4.76837158203125e-07,0.057670265436172485,-2.36063814163208,-2.7265214920043945,0.3658832311630249
109.26212815856077,0.05976104736328125,0.058080434799194336,2.384185791015625e-06,0.05808079242706299,-2.3602259159088135,-2.7265195846557617,0.3662937581539154
109.35587623736782,0.06018829345703125,0.05849170684814453,2.6226043701171875e-06,0.05849188566207886,-2.3598146438598633,-2.7265193462371826,0.3667048513889313
109.44964155348084,0.06060791015625,0.05890393257141113,2.384185791015625e-06,0.05890437960624695,-2.3594024181365967,-2.7265195846557617,0.36711734533309937
109.54342288942075,0.06103515625,0.05931687355041504,2.1457672119140625e-06,0.059317559003829956,-2.3589894771575928,-2.726519823074341,0.3675305247306824
109.63722364481917,0.06146240234375,0.05973172187805176,2.384185791015625e-06,0.05973196029663086,-2.358574628829956,-2.7265195846557617,0.3679449260234833
109.73103941976296,0.0618896484375,0.06014585494995117,1.1920928955078125e-06,0.06014755368232727,-2.3581604957580566,-2.7265207767486572,0.3683605194091797
109.8248730607049,0.06232452392578125,0.06056380271911621,2.384185791015625e-06,0.06056419014930725,-2.3577425479888916,-2.7265195846557617,0.36877715587615967
109.91872450204923,0.06275177001953125,0.06098175048828125,2.384185791015625e-06,0.06098183989524841,-2.3573246002197266,-2.7265195846557617,0.36919480562210083
110.01259367747181,0.0631866455078125,0.06140017509460449,2.384185791015625e-06,0.06140050292015076,-2.3569061756134033,-2.7265195846557617,0.3696134686470032
110.10648141126129,0.06362152099609375,0.061820030212402344,2.384185791015625e-06,0.061820387840270996,-2.3564863204956055,-2.7265195846557617,0.3700333535671234
110.20038412465183,0.064056396484375,0.062241315841674805,2.1457672119140625e-06,0.06224167346954346,-2.356065034866333,-2.726519823074341,0.3704546391963959
110.29430586462678,0.0644989013671875,0.06266164779663086,7.152557373046875e-07,0.06266364455223083,-2.355644702911377,-2.7265212535858154,0.37087661027908325
110.38824452067266,0.06493377685546875,0.06308484077453613,4.76837158203125e-07,0.06308692693710327,-2.3552215099334717,-2.7265214920043945,0.3712998926639557
110.48220176563737,0.06537628173828125,0.06350946426391602,9.5367431640625e-07,0.06351122260093689,-2.354796886444092,-2.7265210151672363,0.3717241883277893
110.57617401561676,0.06581878662109375,0.06393694877624512,2.384185791015625e-06,0.06393703818321228,-2.3543694019317627,-2.7265195846557617,0.3721500039100647
110.67016565338471,0.06626129150390625,0.0643620491027832,7.152557373046875e-07,0.06436386704444885,-2.3539443016052246,-2.7265212535858154,0.37257683277130127
110.76417366932752,0.06671142578125,0.06479167938232422,2.384185791015625e-06,0.06479194760322571,-2.3535146713256836,-2.7265195846557617,0.3730049133300781
110.85819794527005,0.0671539306640625,0.06522083282470703,2.384185791015625e-06,0.06522110104560852,-2.353085517883301,-2.7265195846557617,0.37343406677246094
110.9522411629427,0.06760406494140625,0.06564950942993164,4.76837158203125e-07,0.06565171480178833,-2.352656841278076,-2.7265214920043945,0.37386468052864075
111.04630136743474,0.06805419921875,0.06608128547668457,2.384185791015625e-07,0.06608366966247559,-2.3522250652313232,-2.7265217304229736,0.374296635389328
111.14037916441562,0.06850433349609375,0.06651639938354492,2.384185791015625e-06,0.06651666760444641,-2.351789951324463,-2.7265195846557617,0.37472963333129883
111.23447603996145,0.0689544677734375,0.06694912910461426,9.5367431640625e-07,0.06695085763931274,-2.3513572216033936,-2.7265210151672363,0.37516382336616516
111.32858701145818,0.0694122314453125,0.06738471984863281,7.152557373046875e-07,0.06738647818565369,-2.350921630859375,-2.7265212535858154,0.3755994439125061
111.4227181046903,0.0698699951171875,0.06782364845275879,2.384185791015625e-06,0.0678236186504364,-2.350482702255249,-2.7265195846557617,0.3760365843772888
111.51686499395709,0.0703277587890625,0.06826162338256836,2.384185791015625e-06,0.06826213002204895,-2.3500447273254395,-2.7265195846557617,0.37647509574890137
111.6110292133718,0.0707855224609375,0.06870174407958984,2.384185791015625e-06,0.06870189309120178,-2.349604606628418,-2.7265195846557617,0.3769148588180542
111.7052121088499,0.0712432861328125,0.06914281845092773,2.384185791015625e-06,0.06914326548576355,-2.34916353225708,-2.7265195846557617,0.37735623121261597
111.79941147304591,0.07170867919921875,0.06958580017089844,2.384185791015625e-06,0.06958606839179993,-2.3487205505371094,-2.7265195846557617,0.37779903411865234
111.89362886574521,0.07216644287109375,0.07003021240234375,2.6226043701171875e-06,0.07003018260002136,-2.348276138305664,-2.7265193462371826,0.3782431483268738
111.98786358984039,0.0726318359375,0.07047319412231445,4.76837158203125e-07,0.0704757571220398,-2.3478331565856934,-2.7265214920043945,0.3786887228488922
112.08211436334894,0.07309722900390625,0.0709228515625,2.384185791015625e-06,0.07092317938804626,-2.347383499145508,-2.7265195846557617,0.3791361451148987
112.17638192811641,0.07357025146484375,0.07137155532836914,2.384185791015625e-06,0.07137191295623779,-2.3469347953796387,-2.7265195846557617,0.3795848786830902
112.27066928184537,0.07403564453125,0.07182192802429199,2.1457672119140625e-06,0.07182243466377258,-2.346484422683716,-2.726519823074341,0.380035400390625
112.36497322667398,0.0745086669921875,0.07227230072021484,4.76837158203125e-07,0.07227456569671631,-2.346034049987793,-2.7265214920043945,0.3804875314235687
112.45929292763536,0.074981689453125,0.07272815704345703,2.6226043701171875e-06,0.07272818684577942,-2.345578193664551,-2.7265193462371826,0.38094115257263184
112.5536312096213,0.0754547119140625,0.07318305969238281,2.1457672119140625e-06,0.0731835663318634,-2.345123291015625,-2.726519823074341,0.3813965320587158
112.6479873517704,0.075927734375,0.07364034652709961,2.384185791015625e-06,0.07364073395729065,-2.344666004180908,-2.7265195846557617,0.38185369968414307
112.74235878367622,0.07640838623046875,0.07409858703613281,1.9073486328125e-06,0.0740995705127716,-2.344207763671875,-2.72652006149292,0.382312536239624
112.8367502582913,0.07688140869140625,0.07455825805664062,9.5367431640625e-07,0.0745602548122406,-2.343748092651367,-2.7265210151672363,0.382773220539093
112.9311566619145,0.077362060546875,0.07502031326293945,7.152557373046875e-07,0.07502254843711853,-2.3432860374450684,-2.7265212535858154,0.38323551416397095
113.02558164028038,0.07784271240234375,0.0754847526550293,7.152557373046875e-07,0.07548680901527405,-2.3428215980529785,-2.7265212535858154,0.38369977474212646
113.12002338368788,0.07833099365234375,0.07595014572143555,2.384185791015625e-07,0.07595264911651611,-2.3423562049865723,-2.7265217304229736,0.38416561484336853
113.21448349613587,0.0788116455078125,0.07641839981079102,4.76837158203125e-07,0.07642039656639099,-2.341887950897217,-2.7265214920043945,0.3846333622932434
113.30896148294609,0.0792999267578125,0.0768883228302002,7.152557373046875e-07,0.07689014077186584,-2.3414180278778076,-2.7265212535858154,0.38510310649871826
113.40345268557854,0.0797882080078125,0.0773611068725586,2.6226043701171875e-06,0.07736137509346008,-2.340945243835449,-2.7265193462371826,0.3855743408203125
113.49796441441434,0.08026885986328125,0.0778348445892334,2.6226043701171875e-06,0.07783493399620056,-2.3404715061187744,-2.7265193462371826,0.386047899723053
113.5924937470582,0.0807647705078125,0.0783076286315918,4.76837158203125e-07,0.07830989360809326,-2.339998722076416,-2.7265214920043945,0.3865228593349457
113.68703989714432,0.0812530517578125,0.07878708839416504,2.86102294921875e-06,0.07878711819648743,-2.3395192623138428,-2.7265191078186035,0.38700008392333984
113.7816021344458,0.08174896240234375,0.07926583290100098,2.384185791015625e-06,0.07926616072654724,-2.339040517807007,-2.7265195846557617,0.38747912645339966
113.87618181868814,0.082244873046875,0.07974648475646973,2.384185791015625e-06,0.07974684238433838,-2.338559865951538,-2.7265195846557617,0.3879598081111908
113.97078070600904,0.08274078369140625,0.08022761344909668,7.152557373046875e-07,0.08022966980934143,-2.338078737258911,-2.7265212535858154,0.38844263553619385
114.06539494219946,0.0832366943359375,0.08071231842041016,7.152557373046875e-07,0.08071422576904297,-2.3375940322875977,-2.7265212535858154,0.3889271914958954
114.16002618007447,0.08373260498046875,0.08119869232177734,4.76837158203125e-07,0.08120077848434448,-2.3371076583862305,-2.7265214920043945,0.3894137442111969
114.25467644737193,0.08423614501953125,0.08168697357177734,4.76837158203125e-07,0.08168911933898926,-2.3366193771362305,-2.7265214920043945,0.3899020850658417
114.34934248459119,0.08473968505859375,0.08217763900756836,7.152557373046875e-07,0.08217933773994446,-2.3361287117004395,-2.7265212535858154,0.3903923034667969
114.44402509039435,0.08524322509765625,0.0826711654663086,2.384185791015625e-06,0.08267152309417725,-2.335635185241699,-2.7265195846557617,0.39088448882102966
114.53872651128553,0.08574676513671875,0.08316326141357422,4.76837158203125e-07,0.08316531777381897,-2.3351430892944336,-2.7265214920043945,0.3913782835006714
114.63344438853903,0.08625030517578125,0.08366107940673828,2.6226043701171875e-06,0.08366110920906067,-2.3346452713012695,-2.7265193462371826,0.3918740749359131
114.72817985437743,0.086761474609375,0.08415842056274414,2.384185791015625e-06,0.08415862917900085,-2.3341479301452637,-2.7265195846557617,0.39237159490585327
114.82293314332097,0.08727264404296875,0.0846560001373291,9.5367431640625e-07,0.0846579372882843,-2.3336503505706787,-2.7265210151672363,0.3928709030151367
114.91770209520418,0.0877838134765625,0.0851588249206543,1.9073486328125e-06,0.08515927195549011,-2.3331475257873535,-2.72652006149292,0.39337223768234253
115.0124887656313,0.08829498291015625,0.08565974235534668,2.384185791015625e-07,0.08566215634346008,-2.332646608352661,-2.7265217304229736,0.3938751220703125
115.10729451114736,0.08880615234375,0.08616518974304199,9.5367431640625e-07,0.08616682887077332,-2.332141160964966,-2.7265210151672363,0.39437979459762573
115.20211469677172,0.089324951171875,0.08667135238647461,9.5367431640625e-07,0.08667322993278503,-2.331634998321533,-2.7265210151672363,0.39488619565963745
115.2969535125552,0.08983612060546875,0.08718109130859375,2.384185791015625e-06,0.08718135952949524,-2.331125259399414,-2.7265195846557617,0.39539432525634766
115.39180889770934,0.09035491943359375,0.0876913070678711,2.86102294921875e-06,0.0876910388469696,-2.3306150436401367,-2.7265191078186035,0.395904004573822
115.48668225212333,0.09087371826171875,0.08820295333862305,2.86102294921875e-06,0.08820265531539917,-2.3301033973693848,-2.7265191078186035,0.3964156210422516
115.58157130002631,0.091400146484375,0.0887155532836914,2.384185791015625e-06,0.08871579170227051,-2.3295907974243164,-2.7265195846557617,0.3969287574291229
115.6764798967668,0.0919189453125,0.08923053741455078,2.6226043701171875e-06,0.08923062682151794,-2.329075813293457,-2.7265193462371826,0.39744359254837036
115.77140485064704,0.09244537353515625,0.08974647521972656,2.384185791015625e-06,0.08974692225456238,-2.3285598754882812,-2.7265195846557617,0.3979598879814148
115.86634380610185,0.0929718017578125,0.09026288986206055,4.76837158203125e-07,0.09026509523391724,-2.3280434608459473,-2.7265214920043945,0.39847806096076965
115.96130390526046,0.09349822998046875,0.09078431129455566,2.384185791015625e-06,0.09078475832939148,-2.327522039413452,-2.7265195846557617,0.3989977240562439
116.05627881596997,0.094024658203125,0.09130430221557617,9.5367431640625e-07,0.0913057029247284,-2.3270020484924316,-2.7265210151672363,0.3995186686515808
116.15127311372389,0.0945587158203125,0.09182882308959961,2.86102294921875e-06,0.09182858467102051,-2.326477527618408,-2.7265191078186035,0.4000415503978729
116.24628186499686,0.0950927734375,0.09235239028930664,2.384185791015625e-06,0.09235265851020813,-2.325953960418701,-2.7265195846557617,0.40056562423706055
116.34130935084434,0.09561920166015625,0.09287595748901367,2.384185791015625e-07,0.09287846088409424,-2.325430393218994,-2.7265217304229736,0.40109142661094666
116.4363542250689,0.096160888671875,0.09340357780456543,4.76837158203125e-07,0.09340566396713257,-2.3249027729034424,-2.7265214920043945,0.401618629693985
116.53141449845734,0.0966949462890625,0.09393429756164551,2.384185791015625e-06,0.09393462538719177,-2.3243720531463623,-2.7265195846557617,0.4021475911140442
116.62649170121523,0.09722900390625,0.09446430206298828,2.384185791015625e-06,0.09446460008621216,-2.3238420486450195,-2.7265195846557617,0.4026775658130646
116.72159023386995,0.09777069091796875,0.09499597549438477,2.384185791015625e-06,0.09499621391296387,-2.323310375213623,-2.7265195846557617,0.4032091796398163
116.81670214039889,0.0983123779296875,0.09552931785583496,2.6226043701171875e-06,0.09552928805351257,-2.322777032852173,-2.7265193462371826,0.403742253780365
116.91183054816996,0.09885406494140625,0.09606337547302246,2.384185791015625e-06,0.09606370329856873,-2.3222429752349854,-2.7265195846557617,0.40427666902542114
117.00697748328503,0.099395751953125,0.09659743309020996,4.76837158203125e-07,0.09659948945045471,-2.321708917617798,-2.7265214920043945,0.40481245517730713
117.1021414100116,0.099945068359375,0.0971364974975586,2.384185791015625e-06,0.09713676571846008,-2.321169853210449,-2.7265195846557617,0.4053497314453125
117.19732141911236,0.10048675537109375,0.09767508506774902,2.384185791015625e-06,0.0976753830909729,-2.320631265640259,-2.7265195846557617,0.4058883488178253
117.29252012029913,0.10103607177734375,0.09821534156799316,2.384185791015625e-06,0.09821543097496033,-2.3200910091400146,-2.7265195846557617,0.40642839670181274
117.38773481474261,0.10158538818359375,0.09875631332397461,2.1457672119140625e-06,0.09875667095184326,-2.319550037384033,-2.726519823074341,0.4069696366786957
117.48296719850248,0.10213470458984375,0.09929895401000977,2.1457672119140625e-06,0.09929949045181274,-2.319007396697998,-2.726519823074341,0.40751245617866516
117.57821640625819,0.102691650390625,0.09984397888183594,2.86102294921875e-06,0.0998435914516449,-2.318462371826172,-2.7265191078186035,0.4080565571784973
117.67348063532214,0.103240966796875,0.10038900375366211,2.6226043701171875e-06,0.10038897395133972,-2.3179173469543457,-2.7265193462371826,0.40860193967819214
117.76876269019318,0.10379791259765625,0.10093355178833008,4.76837158203125e-07,0.10093569755554199,-2.3173727989196777,-2.7265214920043945,0.4091486632823944
117.86406553785517,0.1043548583984375,0.10148143768310547,4.76837158203125e-07,0.10148373246192932,-2.3168249130249023,-2.7265214920043945,0.40969669818878174
117.95938170867448,0.10491943359375,0.10203242301940918,2.1457672119140625e-06,0.10203304886817932,-2.3162739276885986,-2.726519823074341,0.41024601459503174
118.05471547441134,0.10547637939453125,0.10258340835571289,1.9073486328125e-06,0.10258403420448303,-2.315722942352295,-2.72652006149292,0.41079699993133545
118.15006471402056,0.10604095458984375,0.1031336784362793,4.76837158203125e-07,0.1031358540058136,-2.3151726722717285,-2.7265214920043945,0.411348819732666
118.2454339592005,0.106597900390625,0.10368919372558594,2.86102294921875e-06,0.10368934273719788,-2.314617156982422,-2.7265191078186035,0.4119023084640503
118.34081913961492,0.1071624755859375,0.10424375534057617,2.384185791015625e-06,0.10424408316612244,-2.3140625953674316,-2.7265195846557617,0.41245704889297485
118.43622112439625,0.10773468017578125,0.10479974746704102,2.384185791015625e-06,0.10480013489723206,-2.313506603240967,-2.7265195846557617,0.4130131006240845
118.53163934436358,0.10829925537109375,0.10535526275634766,4.76837158203125e-07,0.10535743832588196,-2.31295108795166,-2.7265214920043945,0.4135704040527344
118.62707536156577,0.10886383056640625,0.10591578483581543,1.9073486328125e-06,0.10591629147529602,-2.3123905658721924,-2.72652006149292,0.41412925720214844
118.72252504974358,0.10943603515625,0.1064760684967041,2.384185791015625e-06,0.10647651553153992,-2.3118302822113037,-2.7265195846557617,0.41468948125839233
118.81799546933601,0.11000823974609375,0.10703635215759277,9.5367431640625e-07,0.10703793168067932,-2.311269998550415,-2.7265210151672363,0.41525089740753174
118.91348055880626,0.1105804443359375,0.10760045051574707,2.384185791015625e-06,0.10760053992271423,-2.3107059001922607,-2.7265195846557617,0.41581350564956665
119.00898592105452,0.1111602783203125,0.10816478729248047,2.384185791015625e-06,0.10816493630409241,-2.3101415634155273,-2.7265195846557617,0.4163779020309448
119.10450503333425,0.11173248291015625,0.10872840881347656,9.5367431640625e-07,0.10873016715049744,-2.3095779418945312,-2.7265210151672363,0.41694313287734985
119.20004178793927,0.11231231689453125,0.10929679870605469,2.384185791015625e-06,0.1092972457408905,-2.309009552001953,-2.7265195846557617,0.4175102114677429
119.2955975824726,0.11289215087890625,0.10986542701721191,2.6226043701171875e-06,0.10986539721488953,-2.308440923690796,-2.7265193462371826,0.41807836294174194
119.39116593985712,0.11347198486328125,0.11043500900268555,2.384185791015625e-06,0.11043503880500793,-2.3078713417053223,-2.7265195846557617,0.41864800453186035
119.48675587362953,0.1140594482421875,0.11100411415100098,4.76837158203125e-07,0.11100620031356812,-2.307302236557007,-2.7265214920043945,0.41921916604042053
119.58235728508586,0.1146392822265625,0.11157846450805664,2.86102294921875e-06,0.11157861351966858,-2.306727886199951,-2.7265191078186035,0.419791579246521
119.67798072981843,0.11522674560546875,0.112152099609375,2.384185791015625e-06,0.1121523380279541,-2.306154251098633,-2.7265195846557617,0.4203653037548065
119.77361893465635,0.115814208984375,0.11272716522216797,2.384185791015625e-06,0.11272743344306946,-2.30557918548584,-2.7265195846557617,0.4209403991699219
119.86927304073673,0.11640167236328125,0.11330223083496094,7.152557373046875e-07,0.11330431699752808,-2.305004119873047,-2.7265212535858154,0.4215172827243805
119.96494610793214,0.1169891357421875,0.11388254165649414,2.86102294921875e-06,0.11388251185417175,-2.3044238090515137,-2.7265191078186035,0.42209547758102417
120.06063319608172,0.117584228515625,0.11446142196655273,1.9073486328125e-06,0.1144619882106781,-2.303844928741455,-2.72652006149292,0.4226749539375305
120.1563378934399,0.11817169189453125,0.11504244804382324,2.384185791015625e-06,0.11504286527633667,-2.3032639026641846,-2.7265195846557617,0.4232558310031891
120.25205761365685,0.11876678466796875,0.11562490463256836,2.384185791015625e-06,0.11562535166740417,-2.3026814460754395,-2.7265195846557617,0.4238383173942566
120.34779899768874,0.11936187744140625,0.11620950698852539,2.86102294921875e-06,0.11620911955833435,-2.3020968437194824,-2.7265191078186035,0.42442208528518677
120.44355547029485,0.119964599609375,0.11679410934448242,2.384185791015625e-06,0.11679443717002869,-2.3015122413635254,-2.7265195846557617,0.4250074028968811
120.53932567911666,0.1205596923828125,0.11738085746765137,2.384185791015625e-06,0.11738106608390808,-2.3009254932403564,-2.7265195846557617,0.4255940318107605
120.63511409873762,0.12116241455078125,0.11796903610229492,2.1457672119140625e-06,0.11796927452087402,-2.300337314605713,-2.726519823074341,0.42618224024772644
120.73092241750908,0.12176513671875,0.11855649948120117,4.76837158203125e-07,0.1185588538646698,-2.2997498512268066,-2.7265214920043945,0.4267718195915222
120.82674381770708,0.12236785888671875,0.11914801597595215,4.76837158203125e-07,0.11915010213851929,-2.2991583347320557,-2.7265214920043945,0.4273630678653717
120.922582783124,0.1229705810546875,0.11974215507507324,2.1457672119140625e-06,0.119742751121521,-2.2985641956329346,-2.726519823074341,0.4279557168483734
121.0184384624853,0.1235809326171875,0.12033653259277344,2.384185791015625e-06,0.12033680081367493,-2.2979698181152344,-2.7265195846557617,0.42854976654052734
121.11431123448472,0.12418365478515625,0.12093162536621094,1.9073486328125e-06,0.12093237042427063,-2.297374725341797,-2.72652006149292,0.42914533615112305
121.21020133698684,0.12479400634765625,0.12152910232543945,2.384185791015625e-06,0.1215294897556305,-2.2967772483825684,-2.7265195846557617,0.4297424554824829
121.30610658437031,0.12540435791015625,0.12212610244750977,9.5367431640625e-07,0.12212809920310974,-2.296180248260498,-2.7265210151672363,0.43034106492996216
121.4020303651448,0.12601470947265625,0.1227259635925293,4.76837158203125e-07,0.12272807955741882,-2.2955803871154785,-2.7265214920043945,0.43094104528427124
121.49797122947007,0.1266326904296875,0.12332963943481445,2.384185791015625e-06,0.12332987785339355,-2.2949767112731934,-2.7265195846557617,0.43154284358024597
121.59392527461547,0.1272430419921875,0.1239328384399414,2.384185791015625e-06,0.12393301725387573,-2.2943735122680664,-2.7265195846557617,0.43214598298072815
121.68989799229598,0.12786102294921875,0.12453722953796387,2.384185791015625e-06,0.12453752756118774,-2.293769121170044,-2.7265195846557617,0.43275049328804016
121.78588679109903,0.12847900390625,0.12514162063598633,7.152557373046875e-07,0.12514373660087585,-2.2931647300720215,-2.7265212535858154,0.43335670232772827
121.8818918470656,0.12909698486328125,0.12575125694274902,2.1457672119140625e-06,0.12575164437294006,-2.292555093765259,-2.726519823074341,0.4339646100997925
121.97791332901633,0.12972259521484375,0.12636065483093262,2.384185791015625e-06,0.12636098265647888,-2.291945695877075,-2.7265195846557617,0.4345739483833313
122.0739543334833,0.130340576171875,0.1269698143005371,9.5367431640625e-07,0.12697169184684753,-2.2913365364074707,-2.7265210151672363,0.43518465757369995
122.1700095161185,0.1309661865234375,0.12758255004882812,1.1920928955078125e-06,0.1275840699672699,-2.2907238006591797,-2.7265207767486572,0.4357970356941223
122.26608167237855,0.131591796875,0.12819576263427734,4.76837158203125e-07,0.12819811701774597,-2.2901105880737305,-2.7265214920043945,0.4364110827445984
122.36217119888266,0.1322174072265625,0.12881183624267578,7.152557373046875e-07,0.1288137435913086,-2.289494514465332,-2.7265212535858154,0.437026709318161
122.45827567214089,0.13285064697265625,0.12943124771118164,2.86102294921875e-06,0.12943118810653687,-2.288875102996826,-2.7265191078186035,0.4376441538333893
122.55439455718421,0.13347625732421875,0.1300497055053711,2.86102294921875e-06,0.13004973530769348,-2.2882566452026367,-2.7265191078186035,0.4382627010345459
122.65053475201265,0.1341094970703125,0.13066959381103516,2.1457672119140625e-06,0.13067016005516052,-2.2876367568969727,-2.726519823074341,0.43888312578201294
122.74669096599628,0.13474273681640625,0.13129186630249023,2.1457672119140625e-06,0.13129225373268127,-2.2870144844055176,-2.726519823074341,0.4395052194595337
122.84285916266603,0.1353759765625,0.13191533088684082,2.384185791015625e-06,0.13191580772399902,-2.286391019821167,-2.7265195846557617,0.44012877345085144
122.93904954576803,0.136016845703125,0.1325390338897705,4.76837158203125e-07,0.1325412094593048,-2.2857673168182373,-2.7265214920043945,0.4407541751861572
123.03525279764544,0.13665008544921875,0.13316822052001953,2.86102294921875e-06,0.13316822052001953,-2.2851381301879883,-2.7265191078186035,0.44138118624687195
123.13147304784897,0.13729095458984375,0.13379502296447754,9.5367431640625e-07,0.13379666209220886,-2.2845113277435303,-2.7265210151672363,0.4420096278190613
123.2277093143305,0.13793182373046875,0.13442707061767578,2.86102294921875e-06,0.1344268023967743,-2.283879280090332,-2.7265191078186035,0.4426397681236267
123.32396234908728,0.13857269287109375,0.13505864143371582,2.6226043701171875e-06,0.13505879044532776,-2.283247709274292,-2.7265193462371826,0.4432717561721802
123.4202355745064,0.13921356201171875,0.13568997383117676,4.76837158203125e-07,0.13569214940071106,-2.282616376876831,-2.7265214920043945,0.4439051151275635
123.51652029590653,0.139862060546875,0.13632702827453613,2.384185791015625e-06,0.13632720708847046,-2.2819793224334717,-2.7265195846557617,0.4445401728153229
123.61282258880337,0.14051055908203125,0.1369638442993164,2.384185791015625e-06,0.1369640827178955,-2.2813425064086914,-2.7265195846557617,0.4451770484447479
123.70914202692276,0.1411590576171875,0.13760042190551758,7.152557373046875e-07,0.13760247826576233,-2.2807059288024902,-2.7265212535858154,0.44581544399261475
123.80547734842955,0.14180755615234375,0.13824224472045898,2.384185791015625e-06,0.13824257254600525,-2.280064105987549,-2.7265195846557617,0.44645553827285767
123.90182772289123,0.1424560546875,0.1388835906982422,2.384185791015625e-06,0.13888397812843323,-2.2794227600097656,-2.7265195846557617,0.44709694385528564
123.99819911666593,0.14310455322265625,0.1395268440246582,2.384185791015625e-06,0.13952723145484924,-2.2787795066833496,-2.7265195846557617,0.44774019718170166
124.09458388883338,0.14376068115234375,0.14017200469970703,2.384185791015625e-06,0.14017224311828613,-2.278134346008301,-2.7265195846557617,0.44838520884513855
124.19098396689371,0.14441680908203125,0.14081859588623047,2.6226043701171875e-06,0.14081862568855286,-2.2774877548217773,-2.7265193462371826,0.4490315914154053
124.2874005454717,0.14507293701171875,0.1414644718170166,4.76837158203125e-07,0.14146658778190613,-2.276841878890991,-2.7265214920043945,0.44967955350875854
124.38383382509264,0.14572906494140625,0.14211440086364746,9.5367431640625e-07,0.14211603999137878,-2.2761919498443604,-2.7265210151672363,0.4503290057182312
124.48028402459448,0.146392822265625,0.14276695251464844,2.6226043701171875e-06,0.14276722073554993,-2.2755393981933594,-2.7265193462371826,0.45098018646240234
124.57675041985827,0.14705657958984375,0.14341974258422852,2.384185791015625e-06,0.14341998100280762,-2.2748866081237793,-2.7265195846557617,0.45163294672966003
124.67323206523075,0.1477203369140625,0.1440732479095459,1.9073486328125e-06,0.14407387375831604,-2.274233102798462,-2.72652006149292,0.45228683948516846
124.76973347340548,0.14838409423828125,0.1447291374206543,2.384185791015625e-06,0.1447296142578125,-2.2735772132873535,-2.7265195846557617,0.4529425799846649
124.86624652306942,0.1490478515625,0.1453866958618164,2.384185791015625e-06,0.1453867256641388,-2.2729196548461914,-2.7265195846557617,0.4535996913909912
124.96277769364343,0.14971160888671875,0.146043062210083,4.76837158203125e-07,0.14604514837265015,-2.272263288497925,-2.7265214920043945,0.45425811409950256
125.05932399253048,0.15038299560546875,0.14670491218566895,2.384185791015625e-06,0.14670512080192566,-2.271601438522339,-2.7265195846557617,0.4549180865287781
125.1558888745324,0.15105438232421875,0.14736652374267578,2.384185791015625e-06,0.1473664939403534,-2.270939826965332,-2.7265195846557617,0.4555794596672058
125.2524662927981,0.15172576904296875,0.14802932739257812,2.384185791015625e-06,0.14802947640419006,-2.2702770233154297,-2.7265195846557617,0.4562424421310425
125.3490653480891,0.15239715576171875,0.14869356155395508,2.384185791015625e-06,0.14869371056556702,-2.2696127891540527,-2.7265195846557617,0.45690667629241943
125.44567782403344,0.153076171875,0.14935684204101562,4.76837158203125e-07,0.14935901761054993,-2.268949508666992,-2.7265214920043945,0.45757198333740234
125.54230369887367,0.15374755859375,0.1500239372253418,4.76837158203125e-07,0.1500261127948761,-2.268282413482666,-2.7265214920043945,0.4582390785217285
125.63894601558462,0.15442657470703125,0.1506938934326172,1.9073486328125e-06,0.15069451928138733,-2.2676124572753906,-2.72652006149292,0.45890748500823975
125.73561081492667,0.1551055908203125,0.15136337280273438,2.1457672119140625e-06,0.15136396884918213,-2.2669429779052734,-2.726519823074341,0.45957693457603455
125.83228747621673,0.15578460693359375,0.15203475952148438,2.384185791015625e-06,0.15203502774238586,-2.2662715911865234,-2.7265195846557617,0.4602479934692383
125.92898045674937,0.15647125244140625,0.15270709991455078,2.6226043701171875e-06,0.1527072787284851,-2.265599250793457,-2.7265193462371826,0.4609202444553375
126.02568569915178,0.1571502685546875,0.15337872505187988,7.152557373046875e-07,0.1533806025981903,-2.264927625656128,-2.7265212535858154,0.4615935683250427
126.12241171476593,0.1578369140625,0.1540532112121582,2.384185791015625e-07,0.1540556252002716,-2.2642531394958496,-2.7265217304229736,0.462268590927124
126.21915248615291,0.1585235595703125,0.15472888946533203,2.384185791015625e-07,0.15473148226737976,-2.263577461242676,-2.7265217304229736,0.4629444479942322
126.31590938558985,0.159210205078125,0.15540671348571777,4.76837158203125e-07,0.15540897846221924,-2.26289963722229,-2.7265214920043945,0.46362194418907166
126.41268374495947,0.15990447998046875,0.15608596801757812,1.430511474609375e-06,0.15608757734298706,-2.2622203826904297,-2.726520538330078,0.4643005430698395
126.50947087630364,0.16059112548828125,0.1567668914794922,2.1457672119140625e-06,0.15676745772361755,-2.2615394592285156,-2.726519823074341,0.46498042345046997
126.60627482647129,0.161285400390625,0.15744829177856445,2.384185791015625e-06,0.15744855999946594,-2.2608580589294434,-2.7265195846557617,0.46566152572631836
126.70309736794457,0.16197967529296875,0.15813064575195312,2.384185791015625e-06,0.15813100337982178,-2.2601757049560547,-2.7265195846557617,0.4663439691066742
126.79993605210822,0.1626739501953125,0.1588141918182373,2.1457672119140625e-06,0.1588146686553955,-2.2594921588897705,-2.726519823074341,0.4670276343822479
126.89678953042377,0.16336822509765625,0.15949726104736328,7.152557373046875e-07,0.15949928760528564,-2.2588090896606445,-2.7265212535858154,0.46771225333213806
126.99365613271434,0.16407012939453125,0.16018295288085938,4.76837158203125e-07,0.16018524765968323,-2.2581233978271484,-2.7265214920043945,0.46839821338653564
127.09054048653192,0.16477203369140625,0.1608729362487793,2.86102294921875e-06,0.16087260842323303,-2.2574334144592285,-2.7265191078186035,0.46908557415008545
127.18744182152004,0.16547393798828125,0.1615610122680664,2.384185791015625e-06,0.16156116127967834,-2.2567453384399414,-2.7265195846557617,0.46977412700653076
127.28435769506164,0.16617584228515625,0.16225075721740723,2.384185791015625e-06,0.16225087642669678,-2.2560555934906006,-2.7265195846557617,0.4704638421535492
127.38129199277766,0.16687774658203125,0.16294217109680176,2.6226043701171875e-06,0.1629420518875122,-2.255364179611206,-2.7265193462371826,0.4711550176143646
127.47823824691999,0.1675872802734375,0.16363239288330078,7.152557373046875e-07,0.16363433003425598,-2.254673957824707,-2.7265212535858154,0.4718472957611084
127.57520611812797,0.1682891845703125,0.16432571411132812,4.76837158203125e-07,0.1643279790878296,-2.2539806365966797,-2.7265214920043945,0.472540944814682
127.67218298884272,0.16899871826171875,0.1650228500366211,2.6226043701171875e-06,0.1650228202342987,-2.2532835006713867,-2.7265193462371826,0.4732357859611511
127.76917962104228,0.169708251953125,0.16571831703186035,2.384185791015625e-06,0.1657187044620514,-2.2525880336761475,-2.7265195846557617,0.4739316701889038
127.86619418126826,0.1704254150390625,0.1664137840270996,4.76837158203125e-07,0.16641613841056824,-2.251892566680908,-2.7265214920043945,0.47462910413742065
127.96321985984974,0.17113494873046875,0.1671128273010254,4.76837158203125e-07,0.16711503267288208,-2.2511935234069824,-2.7265214920043945,0.4753279983997345
128.0602617459508,0.17185211181640625,0.1678142547607422,1.9073486328125e-06,0.16781488060951233,-2.2504920959472656,-2.72652006149292,0.47602784633636475
128.1573236870502,0.17256927490234375,0.1685163974761963,2.86102294921875e-06,0.16851627826690674,-2.2497899532318115,-2.7265191078186035,0.47672924399375916
128.25439693005004,0.17328643798828125,0.16921663284301758,4.76837158203125e-07,0.1692187786102295,-2.2490897178649902,-2.7265214920043945,0.4774317443370819
128.35148692740196,0.17400360107421875,0.1699206829071045,9.5367431640625e-07,0.1699223816394806,-2.2483856678009033,-2.7265210151672363,0.478135347366333
128.44859497299146,0.1747283935546875,0.17062783241271973,2.6226043701171875e-06,0.17062774300575256,-2.247678518295288,-2.7265193462371826,0.478840708732605
128.545717797159,0.175445556640625,0.17133378982543945,2.384185791015625e-06,0.1713341772556305,-2.2469725608825684,-2.7265195846557617,0.4795471429824829
128.64285235192952,0.17617034912109375,0.17203974723815918,4.76837158203125e-07,0.17204198241233826,-2.2462666034698486,-2.7265214920043945,0.4802549481391907
128.74000551785375,0.1768951416015625,0.17275118827819824,2.6226043701171875e-06,0.17275115847587585,-2.2455551624298096,-2.7265193462371826,0.48096412420272827
128.8371737546856,0.17761993408203125,0.17345976829528809,4.76837158203125e-07,0.17346179485321045,-2.2448465824127197,-2.7265214920043945,0.48167476058006287
128.93436057165792,0.17835235595703125,0.17417144775390625,4.76837158203125e-07,0.1741735339164734,-2.2441349029541016,-2.7265214920043945,0.4823864996433258
129.0315604971461,0.17908477783203125,0.17488598823547363,2.384185791015625e-06,0.1748865246772766,-2.243420362472534,-2.7265195846557617,0.48309949040412903
129.12877662369974,0.1798095703125,0.17560148239135742,2.6226043701171875e-06,0.17560139298439026,-2.2427048683166504,-2.7265193462371826,0.4838143587112427
129.22600962066582,0.1805419921875,0.1763172149658203,2.384185791015625e-06,0.17631736397743225,-2.2419891357421875,-2.7265195846557617,0.48453032970428467
129.32325591755327,0.18128204345703125,0.17703485488891602,2.86102294921875e-06,0.1770346760749817,-2.241271495819092,-2.7265191078186035,0.4852476418018341
129.42051908447164,0.18201446533203125,0.1777510643005371,4.76837158203125e-07,0.17775344848632812,-2.2405552864074707,-2.7265214920043945,0.48596641421318054
129.51779647563507,0.1827545166015625,0.17847156524658203,4.76837158203125e-07,0.17847347259521484,-2.239834785461426,-2.7265214920043945,0.48668643832206726
129.61508831765642,0.18349456787109375,0.17919492721557617,2.6226043701171875e-06,0.17919501662254333,-2.2391114234924316,-2.7265193462371826,0.48740798234939575
129.71239768591346,0.184234619140625,0.1799178123474121,2.6226043701171875e-06,0.17991790175437927,-2.2383885383605957,-2.7265193462371826,0.4881308674812317
129.80972483071292,0.18497467041015625,0.18064212799072266,2.384185791015625e-06,0.18064233660697937,-2.237664222717285,-2.7265195846557617,0.4888553023338318
129.90706469930643,0.1857147216796875,0.181365966796875,4.76837158203125e-07,0.18136826157569885,-2.236940383911133,-2.7265214920043945,0.48958122730255127
130.0044189619085,0.18646240234375,0.18209362030029297,4.76837158203125e-07,0.18209555745124817,-2.236212730407715,-2.7265214920043945,0.4903085231781006
130.10178975475432,0.1872100830078125,0.18282461166381836,2.86102294921875e-06,0.18282437324523926,-2.2354817390441895,-2.7265191078186035,0.4910373389720917
130.1991786992732,0.18795013427734375,0.18355417251586914,2.384185791015625e-06,0.1835545003414154,-2.2347521781921387,-2.7265195846557617,0.4917674660682678
130.29658084863362,0.1887054443359375,0.18428611755371094,2.384185791015625e-06,0.1842862069606781,-2.234020233154297,-2.7265195846557617,0.4924991726875305
130.39399633487827,0.189453125,0.18501949310302734,2.384185791015625e-06,0.18501964211463928,-2.2332868576049805,-2.7265195846557617,0.4932326078414917
130.4914282941696,0.19020843505859375,0.18575239181518555,7.152557373046875e-07,0.18575429916381836,-2.2325539588928223,-2.7265212535858154,0.4939672648906708
130.5888769538648,0.19095611572265625,0.18649005889892578,2.384185791015625e-06,0.18649056553840637,-2.231816291809082,-2.7265195846557617,0.4947035312652588
130.68633961913733,0.19171142578125,0.18722820281982422,2.6226043701171875e-06,0.18722835183143616,-2.2310781478881836,-2.7265193462371826,0.4954413175582886
130.78381991782186,0.19246673583984375,0.18796777725219727,2.6226043701171875e-06,0.18796786665916443,-2.2303385734558105,-2.7265193462371826,0.49618083238601685
130.88131429951133,0.19322967529296875,0.18870830535888672,2.384185791015625e-06,0.18870866298675537,-2.229598045349121,-2.7265195846557617,0.4969216287136078
130.9788233533746,0.1939849853515625,0.18945074081420898,2.384185791015625e-06,0.1894511580467224,-2.228855609893799,-2.7265195846557617,0.49766412377357483
131.0763502096715,0.1947479248046875,0.19019484519958496,2.384185791015625e-06,0.19019508361816406,-2.228111505508423,-2.7265195846557617,0.4984080493450165
131.17388940653916,0.1955108642578125,0.19094085693359375,2.86102294921875e-06,0.1909407079219818,-2.227365493774414,-2.7265191078186035,0.49915367364883423
131.27144439754986,0.1962738037109375,0.19168615341186523,7.152557373046875e-07,0.19168797135353088,-2.2266201972961426,-2.7265212535858154,0.4999009370803833
131.3690116843519,0.1970367431640625,0.19243645668029785,2.384185791015625e-06,0.1924368441104889,-2.22586989402771,-2.7265195846557617,0.5006498098373413
131.46659815991717,0.19780731201171875,0.19318723678588867,2.86102294921875e-06,0.19318726658821106,-2.225119113922119,-2.7265191078186035,0.5014002323150635
131.56420081393898,0.198577880859375,0.1939377784729004,9.5367431640625e-07,0.1939397156238556,-2.2243685722351074,-2.7265210151672363,0.502152681350708
131.66181622044402,0.19934844970703125,0.19469165802001953,4.76837158203125e-07,0.19469371438026428,-2.2236146926879883,-2.7265214920043945,0.5029066801071167
131.75944577792407,0.2001190185546875,0.1954491138458252,2.384185791015625e-06,0.19544938206672668,-2.2228572368621826,-2.7265195846557617,0.5036623477935791
131.8570949596146,0.20088958740234375,0.19620609283447266,2.384185791015625e-06,0.1962064802646637,-2.222100257873535,-2.7265195846557617,0.5044194459915161
131.95475499743137,0.20166778564453125,0.19696331024169922,4.76837158203125e-07,0.19696548581123352,-2.2213430404663086,-2.7265214920043945,0.5051784515380859
132.05242964038132,0.2024383544921875,0.1977241039276123,4.76837158203125e-07,0.19772610068321228,-2.2205822467803955,-2.7265214920043945,0.5059390664100647
132.15012408099915,0.203216552734375,0.19848895072937012,3.0994415283203125e-06,0.1984885036945343,-2.2198173999786377,-2.7265188694000244,0.5067014694213867
132.24783151470157,0.2039947509765625,0.19925212860107422,1.9073486328125e-06,0.19925275444984436,-2.2190542221069336,-2.72652006149292,0.5074657201766968
132.3455500025855,0.20477294921875,0.20001697540283203,4.76837158203125e-07,0.20001891255378723,-2.218289375305176,-2.7265214920043945,0.5082318782806396
132.44329042453325,0.20555877685546875,0.20078706741333008,3.0994415283203125e-06,0.2007865011692047,-2.2175192832946777,-2.7265188694000244,0.5089994668960571
132.54104005998562,0.2063446044921875,0.20155572891235352,2.384185791015625e-06,0.20155611634254456,-2.2167506217956543,-2.7265195846557617,0.509769082069397
132.63880861025035,0.207122802734375,0.20232677459716797,2.384185791015625e-06,0.20232722163200378,-2.21597957611084,-2.7265195846557617,0.5105401873588562
132.7365895386318,0.20790863037109375,0.20309948921203613,1.6689300537109375e-06,0.2031002938747406,-2.2152068614959717,-2.726520299911499,0.511313259601593
132.83438689696428,0.20870208740234375,0.20387506484985352,2.6226043701171875e-06,0.203875333070755,-2.2144312858581543,-2.7265193462371826,0.5120882987976074
132.9321980943194,0.2094879150390625,0.2046499252319336,4.76837158203125e-07,0.20465204119682312,-2.213656425476074,-2.7265214920043945,0.5128650069236755
133.03002233375332,0.2102813720703125,0.2054286003112793,9.5367431640625e-07,0.2054305374622345,-2.2128777503967285,-2.7265210151672363,0.5136435031890869
133.12786433246558,0.2110748291015625,0.20621061325073242,2.384185791015625e-06,0.20621100068092346,-2.2120957374572754,-2.7265195846557617,0.5144239664077759
133.22572240210272,0.2118682861328125,0.20699310302734375,2.384185791015625e-06,0.2069932520389557,-2.211313247680664,-2.7265195846557617,0.5152062177658081
133.3235951261485,0.2126617431640625,0.20777654647827148,2.384185791015625e-06,0.20777711272239685,-2.2105298042297363,-2.7265195846557617,0.5159900784492493
133.4214800840122,0.2134552001953125,0.20856261253356934,2.384185791015625e-06,0.20856323838233948,-2.2097437381744385,-2.7265195846557617,0.5167762041091919
133.51937909678932,0.21425628662109375,0.2093491554260254,7.152557373046875e-07,0.20935097336769104,-2.2089571952819824,-2.7265212535858154,0.5175639390945435
133.61729611228853,0.215057373046875,0.21014022827148438,2.384185791015625e-06,0.2101406753063202,-2.2081661224365234,-2.7265195846557617,0.5183536410331726
133.71522648202122,0.21585845947265625,0.21093225479125977,2.384185791015625e-06,0.2109324038028717,-2.207374095916748,-2.7265195846557617,0.5191453695297241
133.81317159085637,0.2166595458984375,0.21172380447387695,7.152557373046875e-07,0.21172580122947693,-2.206582546234131,-2.7265212535858154,0.5199387669563293
133.91113274217824,0.21746063232421875,0.21251893043518066,2.384185791015625e-07,0.21252116560935974,-2.205787420272827,-2.7265217304229736,0.5207341313362122
134.00910381891575,0.21826934814453125,0.2133185863494873,2.86102294921875e-06,0.2133183777332306,-2.2049877643585205,-2.7265191078186035,0.521531343460083
134.1070934951935,0.21907806396484375,0.21411728858947754,2.384185791015625e-06,0.21411749720573425,-2.2041890621185303,-2.7265195846557617,0.5223304629325867
134.20509765215837,0.21988677978515625,0.2149181365966797,2.1457672119140625e-06,0.21491864323616028,-2.203388214111328,-2.726519823074341,0.5231316089630127
134.3031207925573,0.22069549560546875,0.21572113037109375,2.384185791015625e-06,0.21572163701057434,-2.202585220336914,-2.7265195846557617,0.5239346027374268
134.40115215833416,0.22150421142578125,0.21652460098266602,7.152557373046875e-07,0.216526597738266,-2.201781749725342,-2.7265212535858154,0.5247395634651184
134.49919778152554,0.222320556640625,0.2173311710357666,4.76837158203125e-07,0.21733322739601135,-2.200975179672241,-2.7265214920043945,0.5255461931228638
134.59726085076207,0.2231292724609375,0.21814179420471191,2.6226043701171875e-06,0.21814200282096863,-2.200164556503296,-2.7265193462371826,0.526354968547821
134.6953412820016,0.22394561767578125,0.21895217895507812,1.9073486328125e-06,0.21895292401313782,-2.1993541717529297,-2.72652006149292,0.5271658897399902
134.7934307494724,0.22476959228515625,0.21976494789123535,2.384185791015625e-06,0.21976521611213684,-2.1985414028167725,-2.7265195846557617,0.5279781818389893
134.89153845657282,0.2255859375,0.2205793857574463,2.384185791015625e-06,0.22057977318763733,-2.1977269649505615,-2.7265195846557617,0.5287927389144897
134.98965833400078,0.22640228271484375,0.22139596939086914,2.384185791015625e-06,0.22139623761177063,-2.1969103813171387,-2.7265195846557617,0.529609203338623
135.0877937648146,0.22722625732421875,0.2222144603729248,2.384185791015625e-06,0.22221466898918152,-2.196091890335083,-2.7265195846557617,0.5304276347160339
135.18594181981047,0.22805023193359375,0.22303485870361328,2.384185791015625e-06,0.22303500771522522,-2.1952714920043945,-2.7265195846557617,0.5312479734420776
135.28410900130214,0.22887420654296875,0.22385692596435547,2.384185791015625e-06,0.22385719418525696,-2.1944494247436523,-2.7265195846557617,0.5320701599121094
135.3822870809377,0.22969818115234375,0.22468137741088867,2.384185791015625e-06,0.22468146681785583,-2.193624973297119,-2.7265195846557617,0.5328944325447083
135.48048064372367,0.23052978515625,0.22550559043884277,4.76837158203125e-07,0.2255077064037323,-2.192800760269165,-2.7265214920043945,0.5337206721305847
135.5786886778161,0.23136138916015625,0.2263336181640625,4.76837158203125e-07,0.22633585333824158,-2.1919727325439453,-2.7265214920043945,0.534548819065094
135.67691043919174,0.23218536376953125,0.22716403007507324,7.152557373046875e-07,0.2271658480167389,-2.1911423206329346,-2.7265212535858154,0.5353788137435913
135.77514614239047,0.23302459716796875,0.2279975414276123,2.1457672119140625e-06,0.2279978096485138,-2.1903088092803955,-2.726519823074341,0.5362107753753662
135.87339606354615,0.233856201171875,0.22883224487304688,2.86102294921875e-06,0.2288321554660797,-2.189474105834961,-2.7265191078186035,0.5370451211929321
135.97166133089115,0.23468780517578125,0.22966766357421875,2.384185791015625e-06,0.22966799139976501,-2.188638687133789,-2.7265195846557617,0.5378809571266174
136.06994395144164,0.23552703857421875,0.23050618171691895,2.384185791015625e-06,0.23050656914710999,-2.187800168991089,-2.7265195846557617,0.5387195348739624
136.1682360770807,0.23636627197265625,0.23134660720825195,2.384185791015625e-06,0.231346994638443,-2.186959743499756,-2.7265195846557617,0.5395599603652954
136.26654387020815,0.23720550537109375,0.23218774795532227,9.5367431640625e-07,0.23218950629234314,-2.1861186027526855,-2.7265210151672363,0.5404024720191956
136.36486630238707,0.23804473876953125,0.2330338954925537,2.6226043701171875e-06,0.23303404450416565,-2.185272455215454,-2.7265193462371826,0.5412470102310181
136.46320229727638,0.2388916015625,0.23388028144836426,2.384185791015625e-06,0.23388054966926575,-2.1844260692596436,-2.7265195846557617,0.5420935153961182
136.56155122880412,0.2397308349609375,0.2347266674041748,4.76837158203125e-07,0.23472890257835388,-2.183579683303833,-2.7265214920043945,0.5429418683052063
136.65991939496277,0.24057769775390625,0.2355790138244629,1.9073486328125e-06,0.23557940125465393,-2.182727336883545,-2.72652006149292,0.5437923669815063
136.75829784501008,0.241424560546875,0.23643159866333008,2.384185791015625e-06,0.23643186688423157,-2.1818747520446777,-2.7265195846557617,0.544644832611084
136.85669011854773,0.24227142333984375,0.23728442192077637,9.5367431640625e-07,0.2372862994670868,-2.1810219287872314,-2.7265210151672363,0.5454992651939392
136.9550969812946,0.24312591552734375,0.238142728805542,2.384185791015625e-06,0.23814287781715393,-2.180163621902466,-2.7265195846557617,0.5463558435440063
137.05351731209421,0.2439727783203125,0.2389993667602539,4.76837158203125e-07,0.23900136351585388,-2.179306983947754,-2.7265214920043945,0.5472143292427063
137.15195548046879,0.2448272705078125,0.23986196517944336,2.384185791015625e-06,0.23986205458641052,-2.1784443855285645,-2.7265195846557617,0.5480750203132629
137.2504017969511,0.2456817626953125,0.2407240867614746,2.384185791015625e-06,0.2407243549823761,-2.177582263946533,-2.7265195846557617,0.5489373207092285
137.34886683126632,0.2465362548828125,0.24158859252929688,1.9073486328125e-06,0.24158909916877747,-2.176717758178711,-2.72652006149292,0.5498020648956299
137.44734631156734,0.24739837646484375,0.24245548248291016,2.384185791015625e-06,0.24245569109916687,-2.1758508682250977,-2.7265195846557617,0.5506686568260193
137.5458348963581,0.24825286865234375,0.24332404136657715,2.384185791015625e-06,0.24332424998283386,-2.1749823093414307,-2.7265195846557617,0.5515372157096863
137.64433964410625,0.249114990234375,0.24419283866882324,4.76837158203125e-07,0.24419477581977844,-2.1741135120391846,-2.7265214920043945,0.5524077415466309
137.74285989714534,0.24997711181640625,0.24506497383117676,0.0,0.24506738781929016,-2.173241376876831,-2.7265219688415527,0.5532803535461426
137.84139331071964,0.2508392333984375,0.2459404468536377,9.5367431640625e-07,0.24594226479530334,-2.17236590385437,-2.7265210151672363,0.5541552305221558
137.93994017803783,0.251708984375,0.24681663513183594,4.76837158203125e-07,0.24681875109672546,-2.171489715576172,-2.7265214920043945,0.5550317168235779
138.03850332281095,0.25257110595703125,0.247697114944458,2.384185791015625e-06,0.2476973831653595,-2.17060923576355,-2.7265195846557617,0.5559103488922119
138.13707732538822,0.25344085693359375,0.24857831001281738,2.6226043701171875e-06,0.24857845902442932,-2.1697280406951904,-2.7265193462371826,0.5567914247512817
138.23566541168145,0.25431060791015625,0.24945926666259766,7.152557373046875e-07,0.24946120381355286,-2.16884708404541,-2.7265212535858154,0.5576741695404053
138.33426756230384,0.25518035888671875,0.25034570693969727,2.384185791015625e-06,0.25034579634666443,-2.1679606437683105,-2.7265195846557617,0.5585587620735168
138.43288411409813,0.25605010986328125,0.25123023986816406,4.76837158203125e-07,0.25123241543769836,-2.1670761108398438,-2.7265214920043945,0.5594453811645508
138.5315122815036,0.256927490234375,0.2521209716796875,2.384185791015625e-06,0.252121239900589,-2.1661853790283203,-2.7265195846557617,0.5603342056274414
138.63015775960218,0.25780487060546875,0.25301170349121094,2.384185791015625e-06,0.2530120313167572,-2.165294647216797,-2.7265195846557617,0.5612249970436096
138.7288165410378,0.2586822509765625,0.2539045810699463,2.384185791015625e-06,0.2539048492908478,-2.1644017696380615,-2.7265195846557617,0.5621178150177002
138.82748703795443,0.25955963134765625,0.25479936599731445,2.1457672119140625e-06,0.2547997534275055,-2.1635069847106934,-2.726519823074341,0.5630127191543579
138.92617276082817,0.26043701171875,0.25569653511047363,2.384185791015625e-06,0.2556966245174408,-2.162609815597534,-2.7265195846557617,0.5639095902442932
139.02487149716129,0.261322021484375,0.2565951347351074,1.9073486328125e-06,0.25659576058387756,-2.1617112159729004,-2.72652006149292,0.56480872631073
139.1235834787805,0.26219940185546875,0.25749707221984863,3.0994415283203125e-06,0.2574966251850128,-2.160809278488159,-2.7265188694000244,0.5657095909118652
139.22230899538886,0.26308441162109375,0.25839757919311523,4.76837158203125e-07,0.2583998739719391,-2.1599087715148926,-2.7265214920043945,0.5666128396987915
139.32104724639464,0.26396942138671875,0.2593050003051758,2.384185791015625e-06,0.2593051493167877,-2.159001350402832,-2.7265195846557617,0.5675181150436401
139.4198027870614,0.26485443115234375,0.2602100372314453,7.152557373046875e-07,0.2602122128009796,-2.1580963134765625,-2.7265212535858154,0.568425178527832
139.51856858618098,0.2657470703125,0.2611212730407715,2.384185791015625e-06,0.2611217796802521,-2.1571850776672363,-2.7265195846557617,0.5693347454071045
139.61734637312856,0.26663970947265625,0.26203250885009766,2.384185791015625e-06,0.2620331346988678,-2.15627384185791,-2.7265195846557617,0.5702461004257202
139.7161407475317,0.2675323486328125,0.26294612884521484,2.384185791015625e-06,0.26294639706611633,-2.155360221862793,-2.7265195846557617,0.5711593627929688
139.81495033550047,0.26842498779296875,0.26386165618896484,2.1457672119140625e-06,0.2638620436191559,-2.154444694519043,-2.726519823074341,0.5720750093460083
139.91376827274988,0.269317626953125,0.26478004455566406,2.86102294921875e-06,0.2647797167301178,-2.1535263061523438,-2.7265191078186035,0.5729926824569702
140.01260147133334,0.27021026611328125,0.2656989097595215,2.384185791015625e-06,0.2656994163990021,-2.1526074409484863,-2.7265195846557617,0.5739123821258545
140.11144720309804,0.27111053466796875,0.2666206359863281,2.384185791015625e-06,0.2666209042072296,-2.1516857147216797,-2.7265195846557617,0.574833869934082
140.21030921116522,0.27201080322265625,0.26754236221313477,4.76837158203125e-07,0.2675447165966034,-2.150763988494873,-2.7265214920043945,0.5757576823234558
140.30918224499095,0.27291107177734375,0.26847004890441895,2.384185791015625e-06,0.26847049593925476,-2.149836301803589,-2.7265195846557617,0.5766834616661072
140.4080696336476,0.27381134033203125,0.2693977355957031,2.1457672119140625e-06,0.26939818263053894,-2.1489086151123047,-2.726519823074341,0.5776111483573914
140.5069724040398,0.27471923828125,0.2703278064727783,2.384185791015625e-06,0.27032819390296936,-2.1479785442352295,-2.7265195846557617,0.5785411596298218
140.60588307320637,0.2756195068359375,0.2712576389312744,4.76837158203125e-07,0.2712598741054535,-2.1470487117767334,-2.7265214920043945,0.5794728398323059
140.70481253502808,0.27652740478515625,0.27219343185424805,2.384185791015625e-06,0.27219370007514954,-2.1461129188537598,-2.7265195846557617,0.580406665802002
140.8037503361658,0.277435302734375,0.2731289863586426,2.384185791015625e-06,0.27312949299812317,-2.1451773643493652,-2.7265195846557617,0.5813424587249756
140.90270581283923,0.27834320068359375,0.2740671634674072,2.384185791015625e-06,0.27406755089759827,-2.1442391872406006,-2.7265195846557617,0.5822805166244507
141.00167219626556,0.2792510986328125,0.27500486373901367,2.384185791015625e-07,0.2750072777271271,-2.143301486968994,-2.7265217304229736,0.5832202434539795
141.10065097958218,0.2801666259765625,0.27594923973083496,2.384185791015625e-06,0.27594926953315735,-2.142357110977173,-2.7265195846557617,0.5841622352600098
141.19964608501638,0.2810821533203125,0.27689313888549805,2.6226043701171875e-06,0.2768930494785309,-2.1414132118225098,-2.7265193462371826,0.5851060152053833
141.29865081227555,0.2819976806640625,0.27783703804016113,4.76837158203125e-07,0.2778390944004059,-2.1404693126678467,-2.7265214920043945,0.5860520601272583
141.39767092527248,0.2829132080078125,0.27878665924072266,2.384185791015625e-06,0.2787870466709137,-2.139519691467285,-2.7265195846557617,0.5870000123977661
141.49670015267088,0.2838287353515625,0.2797362804412842,2.384185791015625e-06,0.2797369062900543,-2.1385700702667236,-2.7265195846557617,0.5879498720169067
141.595745777019,0.28475189208984375,0.2806868553161621,7.152557373046875e-07,0.28068867325782776,-2.1376194953918457,-2.7265212535858154,0.5889016389846802
141.69480345567345,0.285675048828125,0.28164196014404297,2.1457672119140625e-06,0.2816424071788788,-2.136664390563965,-2.726519823074341,0.5898553729057312
141.79387490567518,0.28659820556640625,0.28259849548339844,2.384185791015625e-06,0.2825985252857208,-2.1357078552246094,-2.7265195846557617,0.5908114910125732
141.8929594140827,0.2875213623046875,0.2835557460784912,1.9073486328125e-06,0.2835562527179718,-2.1347506046295166,-2.72652006149292,0.5917692184448242
141.99205795972983,0.28844451904296875,0.2845141887664795,7.152557373046875e-07,0.28451624512672424,-2.1337921619415283,-2.7265212535858154,0.5927292108535767
142.09116617847633,0.28937530517578125,0.2854771614074707,1.9073486328125e-06,0.28547802567481995,-2.132829189300537,-2.72652006149292,0.5936909914016724
142.19028888032867,0.2902984619140625,0.2864413261413574,2.384185791015625e-06,0.2864415943622589,-2.1318650245666504,-2.7265195846557617,0.5946545600891113
142.2894238072437,0.291229248046875,0.28740739822387695,2.384185791015625e-06,0.28740736842155457,-2.130898952484131,-2.7265195846557617,0.595620334148407
142.3885753671235,0.2921600341796875,0.288374662399292,2.384185791015625e-06,0.28837481141090393,-2.129931688308716,-2.7265195846557617,0.5965877771377563
142.48773576607468,0.29309844970703125,0.28934216499328613,4.76837158203125e-07,0.2893441617488861,-2.1289641857147217,-2.7265214920043945,0.5975571274757385
142.58690810020272,0.29402923583984375,0.290316104888916,2.86102294921875e-06,0.2903156578540802,-2.127990245819092,-2.7265191078186035,0.5985286235809326
142.6860952138767,0.2949676513671875,0.2912883758544922,2.384185791015625e-06,0.2912887632846832,-2.1270179748535156,-2.7265195846557617,0.5995017290115356
142.785295277255,0.29590606689453125,0.2922635078430176,2.6226043701171875e-06,0.29226377606391907,-2.1260428428649902,-2.7265193462371826,0.6004767417907715
142.88450736014224,0.296844482421875,0.293241024017334,2.384185791015625e-06,0.2932415306568146,-2.125065326690674,-2.7265195846557617,0.601454496383667
142.98373321476598,0.29778289794921875,0.2942209243774414,2.384185791015625e-06,0.294221431016922,-2.1240854263305664,-2.7265195846557617,0.6024343967437744
143.08297000486604,0.29872894287109375,0.29520463943481445,2.384185791015625e-06,0.29520466923713684,-2.1231017112731934,-2.7265195846557617,0.6034176349639893
143.1822204326211,0.2996673583984375,0.296189546585083,2.384185791015625e-06,0.2961900532245636,-2.122116804122925,-2.7265195846557617,0.604403018951416
143.2814834494881,0.3006134033203125,0.2971775531768799,2.1457672119140625e-06,0.2971780002117157,-2.121128797531128,-2.726519823074341,0.6053909659385681
143.38075758382882,0.3015594482421875,0.29816675186157227,9.5367431640625e-07,0.29816845059394836,-2.1201395988464355,-2.7265210151672363,0.6063814163208008
143.4800448534799,0.30251312255859375,0.2991604804992676,2.384185791015625e-06,0.2991606295108795,-2.1191458702087402,-2.7265195846557617,0.6073735952377319
143.57934847536558,0.30345916748046875,0.3001546859741211,2.1457672119140625e-06,0.30015531182289124,-2.1181516647338867,-2.726519823074341,0.6083682775497437
143.6786601857652,0.304412841796875,0.30115199089050293,2.6226043701171875e-06,0.30115190148353577,-2.117154359817505,-2.7265193462371826,0.6093648672103882
143.77798451793086,0.30536651611328125,0.30215024948120117,2.384185791015625e-06,0.3021506369113922,-2.1161561012268066,-2.7265195846557617,0.6103636026382446
143.8773230769062,0.3063201904296875,0.30313563346862793,9.5367431640625e-07,0.30313733220100403,-2.11517071723938,-2.7265210151672363,0.6113502979278564
143.97667374397884,0.30727386474609375,0.3041095733642578,2.384185791015625e-06,0.3041099011898041,-2.11419677734375,-2.7265195846557617,0.6123228669166565
144.0760351471915,0.3082275390625,0.3050837516784668,2.86102294921875e-06,0.3050839602947235,-2.113222599029541,-2.7265191078186035,0.6132969260215759
144.17541163061355,0.3091888427734375,0.3060603141784668,2.6226043701171875e-06,0.30606022477149963,-2.112246036529541,-2.7265193462371826,0.614273190498352
144.27479811765923,0.310150146484375,0.3070375919342041,2.384185791015625e-06,0.3070380985736847,-2.1112687587738037,-2.7265195846557617,0.6152510643005371
144.37419934731815,0.3111114501953125,0.3080158233642578,4.76837158203125e-07,0.30801787972450256,-2.11029052734375,-2.7265214920043945,0.616230845451355
144.47360867944641,0.31207275390625,0.30899906158447266,2.384185791015625e-06,0.3089992105960846,-2.109307289123535,-2.7265195846557617,0.617212176322937
144.57303355502637,0.3130340576171875,0.3099818229675293,1.9073486328125e-06,0.309982568025589,-2.1083245277404785,-2.72652006149292,0.6181955337524414
144.67247147627717,0.31400299072265625,0.31096792221069336,2.384185791015625e-06,0.31096789240837097,-2.1073384284973145,-2.7265195846557617,0.6191808581352234
144.77191910486644,0.314971923828125,0.31195497512817383,2.86102294921875e-06,0.31195464730262756,-2.106351375579834,-2.7265191078186035,0.62016761302948
144.87138044766795,0.31594085693359375,0.3129439353942871,2.86102294921875e-06,0.3129436671733856,-2.1053624153137207,-2.7265191078186035,0.621156632900238
144.97085312210203,0.3169097900390625,0.313934326171875,2.384185791015625e-06,0.3139345943927765,-2.104372024536133,-2.7265195846557617,0.6221475601196289
145.07033852847638,0.31787872314453125,0.3149247169494629,2.384185791015625e-07,0.3149270713329315,-2.103381633758545,-2.7265217304229736,0.6231400370597839
145.1698345209738,0.31885528564453125,0.3159196376800537,7.152557373046875e-07,0.3159216344356537,-2.102386713027954,-2.7265212535858154,0.6241346001625061
145.26934545433767,0.31982421875,0.31691575050354004,4.76837158203125e-07,0.31691816449165344,-2.1013906002044678,-2.7265214920043945,0.6251311302185059
145.36886646818556,0.32080078125,0.3179149627685547,9.5367431640625e-07,0.3179166615009308,-2.100391387939453,-2.7265210151672363,0.6261296272277832
145.46839897476963,0.32178497314453125,0.31891727447509766,2.86102294921875e-06,0.31891700625419617,-2.09938907623291,-2.7265191078186035,0.6271299719810486
145.5679450484153,0.32276153564453125,0.3199191093444824,2.384185791015625e-06,0.3199193775653839,-2.0983872413635254,-2.7265195846557617,0.6281323432922363
145.6675024577312,0.32373809814453125,0.3209235668182373,2.6226043701171875e-06,0.3209235966205597,-2.0973827838897705,-2.7265193462371826,0.6291365623474121
145.7670714272758,0.3247222900390625,0.321929931640625,2.86102294921875e-06,0.3219297230243683,-2.096376419067383,-2.7265191078186035,0.6301426887512207
145.86665306546604,0.32570648193359375,0.3229377269744873,2.384185791015625e-06,0.32293811440467834,-2.0953686237335205,-2.7265195846557617,0.6311510801315308
145.96624497246532,0.326690673828125,0.3239467144012451,9.5367431640625e-07,0.32394853234291077,-2.0943596363067627,-2.7265210151672363,0.6321614980697632
146.0658493816069,0.32767486572265625,0.32495880126953125,4.76837158203125e-07,0.32496073842048645,-2.0933475494384766,-2.7265214920043945,0.6331737041473389
146.16546717404552,0.32866668701171875,0.3259730339050293,4.76837158203125e-07,0.3259749710559845,-2.0923333168029785,-2.7265214920043945,0.6341879367828369
146.26509488929318,0.32965850830078125,0.32698941230773926,7.152557373046875e-07,0.32699140906333923,-2.0913169384002686,-2.7265212535858154,0.6352043747901917
146.3647346322077,0.33065032958984375,0.32801008224487305,2.86102294921875e-06,0.32800987362861633,-2.0902962684631348,-2.7265191078186035,0.6362228393554688
146.46438806668823,0.33164215087890625,0.32902979850769043,2.384185791015625e-06,0.32903024554252625,-2.0892765522003174,-2.7265195846557617,0.6372432112693787
146.56405123287217,0.33263397216796875,0.33005189895629883,1.9073486328125e-06,0.33005252480506897,-2.088254451751709,-2.72652006149292,0.6382654905319214
146.6637258806457,0.33362579345703125,0.33107733726501465,2.384185791015625e-06,0.3310772478580475,-2.087229013442993,-2.7265195846557617,0.6392902135848999
146.76341343063066,0.334625244140625,0.33210229873657227,9.5367431640625e-07,0.33210399746894836,-2.0862040519714355,-2.7265210151672363,0.6403169631958008
146.86311303794432,0.33562469482421875,0.3331320285797119,1.9073486328125e-06,0.33313265442848206,-2.085174322128296,-2.72652006149292,0.6413456201553345
146.96282395368868,0.3366241455078125,0.33416318893432617,2.384185791015625e-06,0.33416321873664856,-2.0841431617736816,-2.7265195846557617,0.642376184463501
147.06254305452933,0.33762359619140625,0.33519577980041504,2.384185791015625e-06,0.335195928812027,-2.0831105709075928,-2.7265195846557617,0.6434088945388794
147.16227794670652,0.33863067626953125,0.3362288475036621,9.5367431640625e-07,0.33623072504997253,-2.0820775032043457,-2.7265210151672363,0.644443690776825
147.26202373919614,0.339630126953125,0.3372676372528076,2.384185791015625e-06,0.33726778626441956,-2.0810387134552,-2.7265195846557617,0.645480751991272
147.36177992381334,0.34063720703125,0.3383064270019531,2.384185791015625e-06,0.3383066952228546,-2.0799999237060547,-2.7265195846557617,0.646519660949707
147.46154811572174,0.341644287109375,0.33934521675109863,4.76837158203125e-07,0.33934757113456726,-2.078961133956909,-2.7265214920043945,0.6475605368614197
147.56132637321772,0.3426513671875,0.34038853645324707,4.76837158203125e-07,0.34039071202278137,-2.0779178142547607,-2.7265214920043945,0.6486036777496338
147.66111855412706,0.34366607666015625,0.34143590927124023,2.384185791015625e-06,0.3414359390735626,-2.0768704414367676,-2.7265195846557617,0.649648904800415
147.7609192506664,0.34467315673828125,0.3424808979034424,9.5367431640625e-07,0.3424828350543976,-2.0758254528045654,-2.7265210151672363,0.65069580078125
147.86073342435637,0.3456878662109375,0.34353160858154297,1.9073486328125e-06,0.3435322344303131,-2.074774742126465,-2.72652006149292,0.6517452001571655
147.960558386842,0.34670257568359375,0.34458255767822266,1.9073486328125e-06,0.3445834219455719,-2.073723793029785,-2.72652006149292,0.6527963876724243
148.06039327670103,0.34771728515625,0.34563612937927246,2.384185791015625e-06,0.34563639760017395,-2.0726702213287354,-2.7265195846557617,0.6538493633270264
148.16024106962905,0.3487396240234375,0.346691370010376,2.384185791015625e-06,0.3466915786266327,-2.071614980697632,-2.7265195846557617,0.6549045443534851
148.2601009260098,0.34975433349609375,0.3477485179901123,2.384185791015625e-06,0.34774866700172424,-2.0705578327178955,-2.7265195846557617,0.6559616327285767
148.35996940618404,0.35077667236328125,0.34880709648132324,2.1457672119140625e-06,0.34880760312080383,-2.0694992542266846,-2.726519823074341,0.6570205688476562
148.45984960590246,0.35179901123046875,0.3498685359954834,2.384185791015625e-06,0.34986868500709534,-2.0684378147125244,-2.7265195846557617,0.6580816507339478
148.55974231306232,0.35282135009765625,0.35093116760253906,2.384185791015625e-06,0.35093167424201965,-2.0673751831054688,-2.7265195846557617,0.6591446399688721
148.6596461649439,0.353851318359375,0.35199689865112305,2.86102294921875e-06,0.3519965708255768,-2.0663094520568848,-2.7265191078186035,0.6602095365524292
148.75956042203234,0.3548736572265625,0.35306310653686523,2.1457672119140625e-06,0.3530634343624115,-2.0652432441711426,-2.726519823074341,0.6612764000892639
148.8594866372771,0.35590362548828125,0.3541297912597656,4.76837158203125e-07,0.3541320860385895,-2.064176559448242,-2.7265214920043945,0.6623450517654419
148.95942248916234,0.35693359375,0.35520219802856445,2.384185791015625e-06,0.3552027642726898,-2.0631041526794434,-2.7265195846557617,0.6634157299995422
149.05936940995358,0.35796356201171875,0.3562750816345215,2.6226043701171875e-06,0.35627511143684387,-2.0620312690734863,-2.7265193462371826,0.6644880771636963
149.1593289271825,0.3589935302734375,0.3573489189147949,2.1457672119140625e-06,0.3573494851589203,-2.060957431793213,-2.726519823074341,0.6655624508857727
149.25929652583653,0.3600311279296875,0.35842323303222656,4.76837158203125e-07,0.3584255278110504,-2.0598831176757812,-2.7265214920043945,0.6666384935379028
149.3592784212744,0.3610687255859375,0.35950350761413574,2.384185791015625e-06,0.3595036566257477,-2.058802843093872,-2.7265195846557617,0.6677166223526001
149.45926945792115,0.3621063232421875,0.3605833053588867,2.6226043701171875e-06,0.3605833351612091,-2.057723045349121,-2.7265193462371826,0.6687963008880615
149.55927113333846,0.3631439208984375,0.3616628646850586,4.76837158203125e-07,0.36166492104530334,-2.056643486022949,-2.7265214920043945,0.6698778867721558
149.65928399352603,0.3641815185546875,0.3627481460571289,2.384185791015625e-06,0.3627484142780304,-2.055558204650879,-2.7265195846557617,0.6709613800048828
149.7593060545663,0.3652191162109375,0.363832950592041,2.384185791015625e-06,0.36383333802223206,-2.054473400115967,-2.7265195846557617,0.6720463037490845
149.85934003314443,0.36626434326171875,0.3649177551269531,7.152557373046875e-07,0.36491987109184265,-2.0533885955810547,-2.7265212535858154,0.6731328368186951
149.95938582827972,0.3673095703125,0.36600828170776367,2.384185791015625e-06,0.36600854992866516,-2.052298069000244,-2.7265195846557617,0.6742215156555176
150.05944025941628,0.36835479736328125,0.367098331451416,2.1457672119140625e-06,0.36709848046302795,-2.051208019256592,-2.726519823074341,0.6753114461898804
150.15950786973096,0.3694000244140625,0.36818814277648926,4.76837158203125e-07,0.36819037795066833,-2.0501182079315186,-2.7265214920043945,0.6764033436775208
150.2595848409037,0.370452880859375,0.3692817687988281,7.152557373046875e-07,0.3692837059497833,-2.0490245819091797,-2.7265212535858154,0.6774966716766357
150.35967294855288,0.37149810791015625,0.3703787326812744,2.384185791015625e-06,0.3703790009021759,-2.0479276180267334,-2.7265195846557617,0.6785919666290283
150.45976996182176,0.37255096435546875,0.3714754581451416,2.384185791015625e-06,0.371475487947464,-2.046830892562866,-2.7265195846557617,0.6796884536743164
150.55988005863358,0.37360382080078125,0.3725731372833252,2.1457672119140625e-06,0.3725738227367401,-2.0457332134246826,-2.726519823074341,0.6807867884635925
150.6599995049386,0.374664306640625,0.373673677444458,2.86102294921875e-06,0.3736734688282013,-2.04463267326355,-2.7265191078186035,0.6818864345550537
150.76012909304325,0.3757171630859375,0.3747744560241699,2.384185791015625e-06,0.37477460503578186,-2.043531894683838,-2.7265195846557617,0.6829875707626343
150.86026871165362,0.37677764892578125,0.37587499618530273,4.76837158203125e-07,0.37587717175483704,-2.042431354522705,-2.7265214920043945,0.6840901374816895
150.96041827090133,0.37783050537109375,0.376981258392334,2.384185791015625e-06,0.376981645822525,-2.041325092315674,-2.7265195846557617,0.6851946115493774
151.06058079011206,0.3788909912109375,0.37808656692504883,2.384185791015625e-06,0.3780870735645294,-2.040219783782959,-2.7265195846557617,0.6863000392913818
151.16075159360585,0.3799591064453125,0.3791940212249756,2.384185791015625e-06,0.379194051027298,-2.0391123294830322,-2.7265195846557617,0.6874070167541504
151.26093421285069,0.38101959228515625,0.38030242919921875,2.384185791015625e-06,0.3803023397922516,-2.038003921508789,-2.7265195846557617,0.688515305519104
151.36112734042146,0.38208770751953125,0.3814120292663574,2.6226043701171875e-06,0.38141193985939026,-2.0368943214416504,-2.7265193462371826,0.6896249055862427
151.46132812508327,0.383148193359375,0.3825209140777588,4.76837158203125e-07,0.38252297043800354,-2.035785436630249,-2.7265214920043945,0.690735936164856
151.5615401476562,0.38421630859375,0.3836348056793213,2.384185791015625e-06,0.3836349546909332,-2.0346715450286865,-2.7265195846557617,0.6918479204177856
151.66176454409077,0.38529205322265625,0.3847484588623047,2.6226043701171875e-06,0.3847483694553375,-2.033557891845703,-2.7265193462371826,0.6929613351821899
151.76199695911217,0.38636016845703125,0.3858628273010254,2.384185791015625e-06,0.385862797498703,-2.0324435234069824,-2.7265195846557617,0.6940757632255554
151.86223999560667,0.3874359130859375,0.3869786262512207,2.86102294921875e-06,0.386978417634964,-2.031327724456787,-2.7265191078186035,0.6951913833618164
151.96249367628863,0.3885040283203125,0.3880925178527832,2.384185791015625e-07,0.38809481263160706,-2.0302138328552246,-2.7265217304229736,0.6963077783584595
152.06275777742255,0.38957977294921875,0.38921046257019043,4.76837158203125e-07,0.3892127573490143,-2.0290958881378174,-2.7265214920043945,0.6974257230758667
152.16303141090327,0.390655517578125,0.3903312683105469,2.6226043701171875e-06,0.39033129811286926,-2.027975082397461,-2.7265193462371826,0.6985442638397217
152.26331428143348,0.3917388916015625,0.3914508819580078,2.6226043701171875e-06,0.3914509117603302,-2.02685546875,-2.7265193462371826,0.6996638774871826
152.3636090223482,0.39281463623046875,0.39257097244262695,2.384185791015625e-06,0.392571359872818,-2.025735378265381,-2.7265195846557617,0.7007843255996704
152.46391107650751,0.39389801025390625,0.393693208694458,2.86102294921875e-06,0.39369288086891174,-2.02461314201355,-2.7265191078186035,0.7019058465957642
152.5642239867821,0.39498138427734375,0.39481472969055176,2.384185791015625e-06,0.39481493830680847,-2.023491621017456,-2.7265195846557617,0.7030279040336609
152.66454796010873,0.39606475830078125,0.3959379196166992,2.384185791015625e-06,0.39593783020973206,-2.0223684310913086,-2.7265195846557617,0.7041507959365845
152.76488136820868,0.39714813232421875,0.3970615863800049,2.384185791015625e-06,0.3970617353916168,-2.021244764328003,-2.7265195846557617,0.7052747011184692
152.86522373129688,0.3982391357421875,0.39818406105041504,4.76837158203125e-07,0.3981863558292389,-2.0201222896575928,-2.7265214920043945,0.7063993215560913
152.965576114464,0.39933013916015625,0.3993110656738281,2.384185791015625e-06,0.39931145310401917,-2.0189952850341797,-2.7265195846557617,0.7075244188308716
153.06594006162493,0.400421142578125,0.400437593460083,2.6226043701171875e-06,0.4004376232624054,-2.017868757247925,-2.7265193462371826,0.7086505889892578
153.16631382535738,0.40151214599609375,0.4015638828277588,2.384185791015625e-06,0.4015643894672394,-2.016742467880249,-2.7265195846557617,0.7097773551940918
153.26669340979754,0.4026031494140625,0.40268993377685547,7.152557373046875e-07,0.402691513299942,-2.0156164169311523,-2.7265212535858154,0.7109044790267944
153.36708622203463,0.40369415283203125,0.40381956100463867,2.6226043701171875e-06,0.4038197100162506,-2.014486789703369,-2.7265193462371826,0.712032675743103
153.46748812290707,0.40479278564453125,0.40494775772094727,1.9073486328125e-06,0.40494850277900696,-2.0133585929870605,-2.72652006149292,0.7131614685058594
153.5678978898208,0.40589141845703125,0.40607595443725586,2.384185791015625e-06,0.40607622265815735,-2.012230396270752,-2.7265195846557617,0.7142891883850098
153.66831985354347,0.40699005126953125,0.40720415115356445,2.384185791015625e-06,0.4072044789791107,-2.0111021995544434,-2.7265195846557617,0.7154174447059631
153.76874966065282,0.40808868408203125,0.40833139419555664,4.76837158203125e-07,0.40833351016044617,-2.009974956512451,-2.7265214920043945,0.7165464758872986
153.86918962124037,0.4091949462890625,0.40946340560913086,2.384185791015625e-06,0.40946337580680847,-2.008842945098877,-2.7265195846557617,0.7176763415336609
153.96963976728597,0.4102935791015625,0.41059350967407227,2.384185791015625e-06,0.4105939567089081,-2.0077128410339355,-2.7265195846557617,0.7188069224357605
154.07009724094246,0.41139984130859375,0.4117255210876465,2.86102294921875e-06,0.4117251932621002,-2.0065808296203613,-2.7265191078186035,0.7199381589889526
154.17056475905292,0.412506103515625,0.4128575325012207,2.86102294921875e-06,0.41285744309425354,-2.005448818206787,-2.7265191078186035,0.721070408821106
154.27104385608382,0.41361236572265625,0.4139900207519531,2.1457672119140625e-06,0.4139907658100128,-2.0043163299560547,-2.726519823074341,0.7222037315368652
154.3715295575486,0.41472625732421875,0.41512489318847656,2.384185791015625e-06,0.41512492299079895,-2.0031814575195312,-2.7265195846557617,0.7233378887176514
154.4720256608421,0.41583251953125,0.4162595272064209,2.384185791015625e-06,0.4162599742412567,-2.002046823501587,-2.7265195846557617,0.7244729399681091
154.5725307375293,0.4169464111328125,0.41739583015441895,2.384185791015625e-06,0.41739621758461,-2.000910520553589,-2.7265195846557617,0.7256091833114624
154.67304478577717,0.418060302734375,0.4185333251953125,2.384185791015625e-06,0.41853347420692444,-1.9997730255126953,-2.7265195846557617,0.7267464399337769
154.7735716813842,0.4191741943359375,0.4196714162826538,2.384185791015625e-06,0.41967180371284485,-1.998634934425354,-2.7265195846557617,0.7278847694396973
154.87410381223287,0.42029571533203125,0.4208110570907593,2.384185791015625e-06,0.42081132531166077,-1.9974952936172485,-2.7265195846557617,0.7290242910385132
154.97464451596727,0.42140960693359375,0.4219498634338379,9.5367431640625e-07,0.4219518005847931,-1.99635648727417,-2.7265210151672363,0.7301647663116455
155.07519649608244,0.4225311279296875,0.4230930805206299,2.1457672119140625e-06,0.4230934679508209,-1.995213270187378,-2.726519823074341,0.7313064336776733
155.17575722474822,0.42365264892578125,0.4242370128631592,2.86102294921875e-06,0.42423686385154724,-1.9940693378448486,-2.7265191078186035,0.7324498295783997
155.27632589191305,0.424774169921875,0.42537903785705566,4.76837158203125e-07,0.42538121342658997,-1.9929273128509521,-2.7265214920043945,0.7335941791534424
155.37690530009573,0.4259033203125,0.4265267848968506,2.384185791015625e-06,0.4265270531177521,-1.9917795658111572,-2.7265195846557617,0.7347400188446045
155.4774933254596,0.42702484130859375,0.4276740550994873,2.384185791015625e-06,0.427674263715744,-1.9906322956085205,-2.7265195846557617,0.7358872294425964
155.57809059126998,0.42815399169921875,0.42882275581359863,2.86102294921875e-06,0.428822785615921,-1.9894835948944092,-2.7265191078186035,0.7370357513427734
155.67869729743066,0.42928314208984375,0.42997264862060547,2.384185791015625e-06,0.4299727976322174,-1.9883337020874023,-2.7265195846557617,0.7381857633590698
155.7793101856197,0.43041229248046875,0.4311220645904541,7.152557373046875e-07,0.43112412095069885,-1.9871842861175537,-2.7265212535858154,0.7393370866775513
155.87993359573258,0.43154144287109375,0.43227720260620117,2.86102294921875e-06,0.43227723240852356,-1.9860291481018066,-2.7265191078186035,0.740490198135376
155.98056603830992,0.43267822265625,0.43343114852905273,2.1457672119140625e-06,0.4334315359592438,-1.984875202178955,-2.726519823074341,0.7416445016860962
156.08120621755003,0.433807373046875,0.434586763381958,2.384185791015625e-06,0.4345873296260834,-1.9837195873260498,-2.7265195846557617,0.7428002953529358
156.18185755830604,0.43494415283203125,0.4357445240020752,2.384185791015625e-06,0.4357447922229767,-1.9825618267059326,-2.7265195846557617,0.7439577579498291
156.28251486975796,0.43608856201171875,0.43690359592437744,2.6226043701171875e-06,0.4369036853313446,-1.9814027547836304,-2.7265193462371826,0.745116651058197
156.38318312129744,0.437225341796875,0.4380643367767334,2.384185791015625e-06,0.4380646049976349,-1.9802420139312744,-2.7265195846557617,0.7462775707244873
156.48385933328345,0.43836212158203125,0.43922436237335205,4.76837158203125e-07,0.43922677636146545,-1.9790819883346558,-2.7265214920043945,0.7474397420883179
156.58454454543266,0.43950653076171875,0.44039058685302734,2.6226043701171875e-06,0.4403907358646393,-1.9779157638549805,-2.7265193462371826,0.7486037015914917
156.68523725101582,0.44065093994140625,0.44155406951904297,4.76837158203125e-07,0.44155624508857727,-1.9767522811889648,-2.7265214920043945,0.7497692108154297
156.78593782415786,0.44179534912109375,0.4427226781845093,1.9073486328125e-06,0.44272342324256897,-1.9755836725234985,-2.72652006149292,0.7509363889694214
156.88664894447064,0.44293975830078125,0.44389188289642334,2.1457672119140625e-06,0.44389238953590393,-1.9744144678115845,-2.726519823074341,0.7521053552627563
156.98736870195157,0.444091796875,0.4450629949569702,2.86102294921875e-06,0.44506290555000305,-1.9732433557510376,-2.7265191078186035,0.7532758712768555
157.0880960677682,0.4452362060546875,0.4462331533432007,4.76837158203125e-07,0.446235328912735,-1.9720731973648071,-2.7265214920043945,0.7544482946395874
157.188830946321,0.44638824462890625,0.44740915298461914,2.6226043701171875e-06,0.44740936160087585,-1.9708971977233887,-2.7265193462371826,0.7556223273277283
157.28957463112354,0.447540283203125,0.44858527183532715,2.86102294921875e-06,0.44858518242836,-1.9697210788726807,-2.7265191078186035,0.7567981481552124
157.39032769259194,0.44869232177734375,0.4497624635696411,2.384185791015625e-06,0.44976291060447693,-1.9685438871383667,-2.7265195846557617,0.7579758763313293
157.4910880200865,0.44985198974609375,0.4509427547454834,3.0994415283203125e-06,0.4509423077106476,-1.9673635959625244,-2.7265188694000244,0.7591552734375
157.59185846559188,0.4510040283203125,0.4521232843399048,2.384185791015625e-06,0.4521235525608063,-1.966183066368103,-2.7265195846557617,0.7603365182876587
157.69263488019928,0.4521636962890625,0.4533064365386963,2.384185791015625e-06,0.45330676436424255,-1.9649999141693115,-2.7265195846557617,0.761519730091095
157.7934215117935,0.4533233642578125,0.45449137687683105,1.9073486328125e-06,0.45449206233024597,-1.9638149738311768,-2.72652006149292,0.7627050280570984
157.89421267328063,0.4544830322265625,0.4556765556335449,4.76837158203125e-07,0.4556787312030792,-1.962629795074463,-2.7265214920043945,0.7638916969299316
157.99501668760215,0.45565032958984375,0.4568660259246826,7.152557373046875e-07,0.45686790347099304,-1.9614403247833252,-2.7265212535858154,0.7650808691978455
158.09582508417122,0.45680999755859375,0.45805680751800537,4.76837158203125e-07,0.4580589830875397,-1.9602495431900024,-2.7265214920043945,0.7662719488143921
158.196643160358,0.457977294921875,0.45925140380859375,2.384185791015625e-06,0.45925191044807434,-1.959054946899414,-2.7265195846557617,0.7674648761749268
158.29747184304819,0.45914459228515625,0.46044647693634033,2.384185791015625e-06,0.46044686436653137,-1.9578598737716675,-2.7265195846557617,0.7686598300933838
158.39830484509412,0.4603118896484375,0.4616432189941406,2.384185791015625e-06,0.4616437256336212,-1.9566631317138672,-2.7265195846557617,0.7698566913604736
158.49914910259554,0.46148681640625,0.46284329891204834,2.6226043701171875e-06,0.4628434479236603,-1.9554630517959595,-2.7265193462371826,0.7710564136505127
158.59999812451775,0.46265411376953125,0.46404457092285156,2.86102294921875e-06,0.46404460072517395,-1.9542617797851562,-2.7265191078186035,0.7722575664520264
158.7008568334142,0.46382904052734375,0.4652482271194458,2.86102294921875e-06,0.4652480185031891,-1.953058123588562,-2.7265191078186035,0.7734609842300415
158.80172273807736,0.46500396728515625,0.4664531946182251,2.384185791015625e-06,0.46645358204841614,-1.9518531560897827,-2.7265195846557617,0.7746665477752686
158.90259653440702,0.46617889404296875,0.46766090393066406,2.384185791015625e-06,0.46766141057014465,-1.9506454467773438,-2.7265195846557617,0.7758743762969971
159.00347819498046,0.46735382080078125,0.4688711166381836,2.6226043701171875e-06,0.468871146440506,-1.9494352340698242,-2.7265193462371826,0.7770841121673584
159.10436882510342,0.468536376953125,0.4700833559036255,2.86102294921875e-06,0.4700833857059479,-1.9482229948043823,-2.7265191078186035,0.7782963514328003
159.2052664348574,0.46971893310546875,0.4712979793548584,2.6226043701171875e-06,0.4712980091571808,-1.9470083713531494,-2.7265193462371826,0.7795109748840332
159.30617079024753,0.4709014892578125,0.47251439094543457,2.86102294921875e-06,0.4725143015384674,-1.9457919597625732,-2.7265191078186035,0.7807272672653198
159.40708254881693,0.47208404541015625,0.47373104095458984,4.76837158203125e-07,0.4737330973148346,-1.944575309753418,-2.7265214920043945,0.781946063041687
159.50800413694932,0.4732666015625,0.47495222091674805,4.76837158203125e-07,0.4749542772769928,-1.9433541297912598,-2.7265214920043945,0.7831672430038452
159.6089322238445,0.47444915771484375,0.47617530822753906,7.152557373046875e-07,0.4761774241924286,-1.9421310424804688,-2.7265212535858154,0.784390389919281
159.70986901992504,0.47563934326171875,0.4774010181427002,4.76837158203125e-07,0.4774029552936554,-1.9409053325653076,-2.7265214920043945,0.7856159210205078
159.8108122860003,0.47682952880859375,0.47863054275512695,2.384185791015625e-06,0.4786306917667389,-1.9396758079528809,-2.7265195846557617,0.7868436574935913
159.91176274719493,0.47801971435546875,0.47986042499542236,2.6226043701171875e-06,0.4798605144023895,-1.9384459257125854,-2.7265193462371826,0.7880734801292419
160.01272077691434,0.47920989990234375,0.4810922145843506,2.6226043701171875e-06,0.48109230399131775,-1.9372141361236572,-2.7265193462371826,0.7893052697181702
160.11368637369392,0.48040771484375,0.4823259115219116,2.384185791015625e-06,0.48232635855674744,-1.9359804391860962,-2.7265195846557617,0.7905393242835999
160.21465908078724,0.481597900390625,0.48356199264526367,2.384185791015625e-06,0.48356226086616516,-1.9347443580627441,-2.7265195846557617,0.7917752265930176
160.3156387380791,0.48279571533203125,0.48479998111724854,2.384185791015625e-06,0.48480018973350525,-1.9335063695907593,-2.7265195846557617,0.7930131554603577
160.41662614431226,0.4839935302734375,0.4860398769378662,2.384185791015625e-06,0.48604026436805725,-1.9322664737701416,-2.7265195846557617,0.7942532300949097
160.51762197045093,0.485198974609375,0.48727965354919434,4.76837158203125e-07,0.4872818887233734,-1.9310266971588135,-2.7265214920043945,0.7954948544502258
160.61862452983686,0.48639678955078125,0.48852527141571045,2.384185791015625e-06,0.4885256588459015,-1.9297810792922974,-2.7265195846557617,0.7967386245727539
160.71963413732234,0.48760223388671875,0.48976922035217285,4.76837158203125e-07,0.4897710382938385,-1.928537130355835,-2.7265214920043945,0.7979840040206909
160.8206507954517,0.488800048828125,0.49101781845092773,2.1457672119140625e-06,0.4910184442996979,-1.92728853225708,-2.726519823074341,0.7992314100265503
160.9216760542098,0.4900054931640625,0.4922672510147095,2.384185791015625e-06,0.4922674000263214,-1.9260390996932983,-2.7265195846557617,0.8004803657531738
161.02270710739936,0.49121856689453125,0.49351584911346436,4.76837158203125e-07,0.4935181438922882,-1.9247905015945435,-2.7265214920043945,0.8017311096191406
161.12374350623608,0.49242401123046875,0.49476850032806396,9.5367431640625e-07,0.4947703182697296,-1.9235378503799438,-2.7265210151672363,0.802983283996582
161.22478848101971,0.4936370849609375,0.4960247278213501,2.86102294921875e-06,0.49602463841438293,-1.9222816228866577,-2.7265191078186035,0.8042376041412354
161.32584224125492,0.494842529296875,0.49727845191955566,9.5367431640625e-07,0.4972800314426422,-1.9210278987884521,-2.7265210151672363,0.8054929971694946
161.42690065086498,0.49605560302734375,0.49853694438934326,1.9073486328125e-06,0.49853751063346863,-1.9197694063186646,-2.72652006149292,0.806750476360321
161.52796692583283,0.49727630615234375,0.4997965097427368,2.6226043701171875e-06,0.4997965395450592,-1.918509840965271,-2.7265193462371826,0.8080095052719116
161.62904097462652,0.4984893798828125,0.5010573863983154,2.6226043701171875e-06,0.5010572969913483,-1.9172489643096924,-2.7265193462371826,0.8092702627182007
161.73012196736255,0.49970245361328125,0.5023177862167358,4.76837158203125e-07,0.502319723367691,-1.915988564491272,-2.7265214920043945,0.8105326890945435
161.831208281114,0.5009231567382812,0.5035845041275024,3.337860107421875e-06,0.503584235906601,-1.9147218465805054,-2.7265186309814453,0.8117972016334534
161.93230215262037,0.5021438598632812,0.5048503875732422,2.384185791015625e-06,0.5048507153987885,-1.9134559631347656,-2.7265195846557617,0.8130636811256409
162.03340196763602,0.5033645629882812,0.506118655204773,2.384185791015625e-06,0.506119042634964,-1.9121876955032349,-2.7265195846557617,0.8143320083618164
162.13450843184236,0.5045928955078125,0.5073872804641724,4.76837158203125e-07,0.507389634847641,-1.9109190702438354,-2.7265214920043945,0.8156026005744934
162.23562222340985,0.5058135986328125,0.5086619853973389,2.384185791015625e-06,0.5086623728275299,-1.909644365310669,-2.7265195846557617,0.8168753385543823
162.33674261077553,0.5070419311523438,0.5099374055862427,2.384185791015625e-06,0.5099375545978546,-1.9083689451217651,-2.7265195846557617,0.818150520324707
162.4378700687405,0.508270263671875,0.5112128257751465,4.76837158203125e-07,0.5112151205539703,-1.9070935249328613,-2.7265214920043945,0.8194280862808228
162.53900387515134,0.5094985961914062,0.5124950408935547,2.384185791015625e-06,0.5124952495098114,-1.9058113098144531,-2.7265195846557617,0.8207082152366638
162.64014406498882,0.5107269287109375,0.5137760639190674,4.76837158203125e-07,0.5137780010700226,-1.9045302867889404,-2.7265214920043945,0.821990966796875
162.74129214175935,0.511962890625,0.5150635242462158,2.384185791015625e-06,0.5150636732578278,-1.903242826461792,-2.7265195846557617,0.8232766389846802
162.8424449997935,0.5131912231445312,0.5163519382476807,2.384185791015625e-06,0.5163520872592926,-1.9019544124603271,-2.7265195846557617,0.824565052986145
162.94360353607436,0.5144271850585938,0.5176414251327515,7.152557373046875e-07,0.5176433622837067,-1.9006649255752563,-2.7265212535858154,0.8258563280105591
163.04477018482973,0.5156631469726562,0.5189357995986938,4.76837158203125e-07,0.5189378559589386,-1.899370551109314,-2.7265214920043945,0.827150821685791
163.14594284787003,0.5168991088867188,0.5202326774597168,4.76837158203125e-07,0.5202350914478302,-1.898073673248291,-2.7265214920043945,0.8284480571746826
163.24712165635614,0.5181427001953125,0.5215332508087158,7.152557373046875e-07,0.5215354263782501,-1.896773099899292,-2.7265212535858154,0.8297483921051025
163.34830668523045,0.5193862915039062,0.5228391885757446,2.86102294921875e-06,0.5228389799594879,-1.8954671621322632,-2.7265191078186035,0.8310519456863403
163.44949867492744,0.5206222534179688,0.5241450071334839,2.384185791015625e-06,0.5241454541683197,-1.894161343574524,-2.7265195846557617,0.8323584198951721
163.55069557740356,0.5218658447265625,0.5254552364349365,2.86102294921875e-06,0.5254550278186798,-1.8928511142730713,-2.7265191078186035,0.8336679935455322
163.65189986654352,0.5231170654296875,0.5267660617828369,9.5367431640625e-07,0.5267678797245026,-1.891540288925171,-2.7265210151672363,0.834980845451355
163.75311037556602,0.5243606567382812,0.5280839204788208,2.86102294921875e-06,0.5280837714672089,-1.890222430229187,-2.7265191078186035,0.8362967371940613
163.85432527841428,0.5256118774414062,0.529402494430542,2.384185791015625e-06,0.5294030010700226,-1.8889038562774658,-2.7265195846557617,0.837615966796875
163.95554904447403,0.5268630981445312,0.530724287033081,1.9073486328125e-06,0.5307249128818512,-1.8875820636749268,-2.72652006149292,0.8389378786087036
164.0567772867932,0.5281143188476562,0.5320501327514648,2.384185791015625e-06,0.5320504009723663,-1.886256217956543,-2.7265195846557617,0.8402633666992188
164.15801176144362,0.5293655395507812,0.5333788394927979,3.337860107421875e-06,0.5333782732486725,-1.88492751121521,-2.7265186309814453,0.8415912389755249
164.2592509634895,0.5306167602539062,0.534709095954895,2.1457672119140625e-06,0.5347096025943756,-1.8835972547531128,-2.726519823074341,0.842922568321228
164.36049834882823,0.5318756103515625,0.536043643951416,2.384185791015625e-06,0.5360440313816071,-1.8822627067565918,-2.7265195846557617,0.8442569971084595
164.4617495654469,0.5331268310546875,0.5373809337615967,2.384185791015625e-06,0.5373812019824982,-1.8809254169464111,-2.7265195846557617,0.8455941677093506
164.56300834743004,0.5343856811523438,0.5387208461761475,2.384185791015625e-06,0.5387212932109833,-1.8795855045318604,-2.7265195846557617,0.8469342589378357
164.66427169878858,0.5356521606445312,0.5400640964508057,2.86102294921875e-06,0.5400642454624176,-1.8782422542572021,-2.7265191078186035,0.84827721118927
164.7655413623755,0.5369110107421875,0.5414100885391235,2.86102294921875e-06,0.5414101183414459,-1.8768962621688843,-2.7265191078186035,0.8496230840682983
164.8668173900876,0.538177490234375,0.5427584648132324,2.384185791015625e-06,0.5427588522434235,-1.8755478858947754,-2.7265195846557617,0.8509718179702759
164.96809783046595,0.5394363403320312,0.5441104173660278,2.86102294921875e-06,0.5441100895404816,-1.87419593334198,-2.7265191078186035,0.852323055267334
165.0693853462397,0.5407028198242188,0.545464277267456,2.86102294921875e-06,0.5454639494419098,-1.8728420734405518,-2.7265191078186035,0.8536769151687622
165.17067781765235,0.5419692993164062,0.5468189716339111,1.1920928955078125e-06,0.5468206703662872,-1.8714873790740967,-2.7265207767486572,0.8550336360931396
165.27197577198578,0.543243408203125,0.5481796264648438,2.384185791015625e-06,0.5481801927089691,-1.870126724243164,-2.7265195846557617,0.8563931584358215
165.37327869939253,0.5445098876953125,0.549541711807251,2.384185791015625e-06,0.5495418608188629,-1.8687646389007568,-2.7265195846557617,0.8577548265457153
165.47458900273085,0.5457839965820312,0.5509061813354492,2.384185791015625e-06,0.5509065091609955,-1.8674001693725586,-2.7265195846557617,0.8591194748878479
165.57590350564357,0.54705810546875,0.5522710084915161,4.76837158203125e-07,0.5522731244564056,-1.8660353422164917,-2.7265214920043945,0.8604860901832581
165.67722373825063,0.5483322143554688,0.5536422729492188,2.384185791015625e-06,0.553642600774765,-1.864664077758789,-2.7265195846557617,0.8618555665016174
165.77854944375326,0.5496063232421875,0.55501389503479,2.384185791015625e-06,0.5550141036510468,-1.8632924556732178,-2.7265195846557617,0.8632270693778992
165.87988023164286,0.5508880615234375,0.5563877820968628,2.384185791015625e-06,0.5563881099224091,-1.861918568611145,-2.7265195846557617,0.8646010756492615
165.98121631401676,0.5521621704101562,0.5577621459960938,4.76837158203125e-07,0.5577643811702728,-1.860544204711914,-2.7265214920043945,0.8659773468971252
166.08255873819826,0.5534439086914062,0.5591427087783813,2.384185791015625e-06,0.5591427981853485,-1.8591636419296265,-2.7265195846557617,0.8673557639122009
166.1839061924344,0.5547256469726562,0.5605227947235107,2.1457672119140625e-06,0.5605234205722809,-1.857783555984497,-2.726519823074341,0.8687363862991333
166.28525746941244,0.5560150146484375,0.5619039535522461,4.76837158203125e-07,0.5619060099124908,-1.8564023971557617,-2.7265214920043945,0.8701189756393433
166.38661420923978,0.5572967529296875,0.5632905960083008,2.6226043701171875e-06,0.5632906258106232,-1.855015754699707,-2.7265193462371826,0.8715035915374756
166.48797748814206,0.5585861206054688,0.5646768808364868,2.384185791015625e-06,0.5646773874759674,-1.853629469871521,-2.7265195846557617,0.8728903532028198
166.58934520917248,0.55987548828125,0.5660635232925415,7.152557373046875e-07,0.5660655796527863,-1.8522428274154663,-2.7265212535858154,0.8742785453796387
166.69071768065405,0.5611572265625,0.5674554109573364,2.384185791015625e-06,0.5674557983875275,-1.8508509397506714,-2.7265195846557617,0.8756687641143799
166.79209506353558,0.5624542236328125,0.5688458681106567,9.5367431640625e-07,0.5688476264476776,-1.849460482597351,-2.7265210151672363,0.87706059217453
166.89347857420304,0.5637435913085938,0.5702407360076904,2.86102294921875e-06,0.5702408850193024,-1.8480656147003174,-2.7265191078186035,0.8784538507461548
166.9948664517038,0.5650405883789062,0.5716334581375122,4.76837158203125e-07,0.5716355741024017,-1.8466728925704956,-2.7265214920043945,0.8798485398292542
167.0962593565395,0.5663375854492188,0.5730313062667847,2.86102294921875e-06,0.5730312168598175,-1.8452750444412231,-2.7265191078186035,0.8812441825866699
167.19765597434696,0.5676345825195312,0.574428915977478,3.337860107421875e-06,0.5744283497333527,-1.8438774347305298,-2.7265186309814453,0.8826413154602051
167.29905941302596,0.5689315795898438,0.5758249759674072,1.1920928955078125e-06,0.5758263766765594,-1.8424813747406006,-2.7265207767486572,0.8840393424034119
167.40046698499646,0.5702285766601562,0.5772249698638916,2.384185791015625e-06,0.5772251188755035,-1.8410813808441162,-2.7265195846557617,0.885438084602356
167.50187878741045,0.571533203125,0.5786222219467163,4.76837158203125e-07,0.5786244571208954,-1.8396841287612915,-2.7265214920043945,0.8868374228477478
167.60329597502246,0.5728378295898438,0.5800241231918335,2.384185791015625e-06,0.5800241529941559,-1.8382822275161743,-2.7265195846557617,0.8882371187210083
167.7047179309612,0.5741348266601562,0.5814224481582642,9.5367431640625e-07,0.5814243853092194,-1.8368839025497437,-2.7265210151672363,0.8896373510360718
167.80614352048994,0.5754470825195312,0.582822322845459,4.76837158203125e-07,0.5828244984149933,-1.8354840278625488,-2.7265214920043945,0.8910374641418457
167.90757430424225,0.576751708984375,0.5842244625091553,2.384185791015625e-06,0.5842248499393463,-1.8340818881988525,-2.7265195846557617,0.8924378156661987
168.00901130978986,0.57806396484375,0.5856229066848755,9.5367431640625e-07,0.585624486207962,-1.8326834440231323,-2.7265210151672363,0.8938374519348145
168.11045039396424,0.5793685913085938,0.5870219469070435,4.76837158203125e-07,0.5870238840579987,-1.8312844038009644,-2.7265214920043945,0.8952368497848511
168.21189612331247,0.5806808471679688,0.5884221792221069,2.6226043701171875e-06,0.5884224474430084,-1.8298841714859009,-2.7265193462371826,0.8966354131698608
168.31334436737507,0.5819931030273438,0.589820146560669,2.384185791015625e-06,0.5898206532001495,-1.8284862041473389,-2.7265195846557617,0.898033618927002
168.41479829513716,0.58331298828125,0.5912177562713623,2.384185791015625e-06,0.5912177264690399,-1.8270885944366455,-2.7265195846557617,0.8994306921958923
168.51625660244883,0.584625244140625,0.592613697052002,2.6226043701171875e-06,0.5926138460636139,-1.8256926536560059,-2.7265193462371826,0.9008268117904663
168.61771888648073,0.5859451293945312,0.5940084457397461,2.384185791015625e-06,0.5940088331699371,-1.8242979049682617,-2.7265195846557617,0.9022217988967896
168.71918524853032,0.5872650146484375,0.5954022407531738,2.384185791015625e-06,0.5954026281833649,-1.822904109954834,-2.7265195846557617,0.9036155939102173
168.8206567510055,0.5885848999023438,0.5967934131622314,9.5367431640625e-07,0.5967951118946075,-1.8215129375457764,-2.7265210151672363,0.90500807762146
168.92213139747145,0.58990478515625,0.5981862545013428,2.384185791015625e-06,0.5981864035129547,-1.820120096206665,-2.7265195846557617,0.9063993692398071
169.02361146220142,0.5912322998046875,0.5995768308639526,2.6226043701171875e-06,0.599576860666275,-1.8187295198440552,-2.7265193462371826,0.9077898263931274
169.1250952099106,0.5925521850585938,0.6009656190872192,2.6226043701171875e-06,0.6009655296802521,-1.8173407316207886,-2.7265193462371826,0.9091784954071045
169.22658353790484,0.5938796997070312,0.6023516654968262,4.76837158203125e-07,0.6023537218570709,-1.8159546852111816,-2.7265214920043945,0.9105666875839233
169.32807516461074,0.5952072143554688,0.6037399768829346,2.1457672119140625e-06,0.6037406623363495,-1.8145663738250732,-2.726519823074341,0.9119536280632019
169.429571671374,0.5965347290039062,0.605126142501831,2.1457672119140625e-06,0.6051267087459564,-1.8131802082061768,-2.726519823074341,0.9133396744728088
169.53107203225218,0.597869873046875,0.6065117120742798,2.384185791015625e-06,0.6065119802951813,-1.811794638633728,-2.7265195846557617,0.9147249460220337
169.63257573461073,0.5991973876953125,0.6078965663909912,2.384185791015625e-06,0.6078967154026031,-1.8104097843170166,-2.7265195846557617,0.9161096811294556
169.73408359893966,0.6005325317382812,0.6092784404754639,7.152557373046875e-07,0.6092804372310638,-1.809027910232544,-2.7265212535858154,0.9174934029579163
169.83559650187667,0.60186767578125,0.6106621026992798,4.76837158203125e-07,0.6106642782688141,-1.807644248008728,-2.7265214920043945,0.9188772439956665
169.93711197303338,0.6032028198242188,0.612047553062439,2.384185791015625e-06,0.6120477616786957,-1.8062587976455688,-2.7265195846557617,0.9202607274055481
170.03863101776506,0.6045455932617188,0.6134306192398071,2.384185791015625e-06,0.6134311258792877,-1.8048757314682007,-2.7265195846557617,0.9216440916061401
170.14015503708595,0.6058807373046875,0.6148126125335693,9.5367431640625e-07,0.6148144900798798,-1.8034937381744385,-2.7265210151672363,0.9230274558067322
170.24168214610597,0.6072235107421875,0.6161960363388062,4.76837158203125e-07,0.61619833111763,-1.8021103143692017,-2.7265214920043945,0.9244112968444824
170.34321411828282,0.6085662841796875,0.617581844329834,2.1457672119140625e-06,0.6175824701786041,-1.8007245063781738,-2.726519823074341,0.9257954359054565
170.44474828485582,0.6099090576171875,0.6189669370651245,2.1457672119140625e-06,0.6189674437046051,-1.7993394136428833,-2.726519823074341,0.9271804094314575
170.54628766588885,0.6112594604492188,0.6203529834747314,2.6226043701171875e-06,0.6203531324863434,-1.7979533672332764,-2.7265193462371826,0.9285660982131958
170.6478290721562,0.6126022338867188,0.6217396259307861,2.384185791015625e-06,0.6217398941516876,-1.7965667247772217,-2.7265195846557617,0.92995285987854
170.7493746135054,0.61395263671875,0.6231269836425781,2.384185791015625e-06,0.6231275498867035,-1.7951793670654297,-2.7265195846557617,0.9313405156135559
170.85092400330927,0.6153030395507812,0.6245167255401611,2.86102294921875e-06,0.6245166957378387,-1.7937896251678467,-2.7265191078186035,0.9327296614646912
170.95247666044045,0.6166534423828125,0.625907301902771,2.384185791015625e-06,0.625907689332962,-1.7923990488052368,-2.7265195846557617,0.9341206550598145
171.05403280571804,0.618011474609375,0.6272999048233032,2.384185791015625e-06,0.6272999346256256,-1.7910064458847046,-2.7265195846557617,0.935512900352478
171.15559192835798,0.6193618774414062,0.6286941766738892,2.6226043701171875e-06,0.628694087266922,-1.7896121740341187,-2.7265193462371826,0.9369070529937744
171.25715510036326,0.6207199096679688,0.6300904750823975,2.86102294921875e-06,0.630090206861496,-1.7882158756256104,-2.7265191078186035,0.9383031725883484
171.35872153110324,0.6220779418945312,0.6314883232116699,2.86102294921875e-06,0.6314883530139923,-1.786818027496338,-2.7265191078186035,0.9397013187408447
171.4602910538914,0.6234359741210938,0.6328884363174438,2.384185791015625e-06,0.6328887641429901,-1.785417914390564,-2.7265195846557617,0.9411017298698425
171.5618643868628,0.6247940063476562,0.6342895030975342,7.152557373046875e-07,0.6342913210391998,-1.7840168476104736,-2.7265212535858154,0.9425042867660522
171.66344040253858,0.62615966796875,0.6356958150863647,2.1457672119140625e-06,0.6356963813304901,-1.782610535621643,-2.726519823074341,0.9439093470573425
171.7650199387964,0.6275177001953125,0.6371039152145386,2.384185791015625e-06,0.6371040642261505,-1.7812024354934692,-2.7265195846557617,0.9453170299530029
171.86660205779944,0.6288833618164062,0.6385143995285034,2.6226043701171875e-06,0.6385144293308258,-1.7797919511795044,-2.7265193462371826,0.9467273950576782
171.9681874198503,0.6302490234375,0.6399271488189697,2.6226043701171875e-06,0.6399272978305817,-1.778379201889038,-2.7265193462371826,0.9481402635574341
172.06977632465893,0.631622314453125,0.6413426399230957,2.384185791015625e-06,0.6413428485393524,-1.776963710784912,-2.7265195846557617,0.9495558142662048
172.17136888045104,0.6329879760742188,0.6427609920501709,2.384185791015625e-06,0.6427613794803619,-1.775545358657837,-2.7265195846557617,0.9509743452072144
172.27296280623952,0.6343612670898438,0.644180417060852,9.5367431640625e-07,0.6441821157932281,-1.7741259336471558,-2.7265210151672363,0.9523950815200806
172.37456080306254,0.6357269287109375,0.6456037759780884,7.152557373046875e-07,0.6456057131290436,-1.7727025747299194,-2.7265212535858154,0.953818678855896
172.47616110215543,0.6371002197265625,0.6470314264297485,2.384185791015625e-06,0.6470319330692291,-1.7712749242782593,-2.7265195846557617,0.9552448987960815
172.5777646216098,0.6384811401367188,0.6484603881835938,2.384185791015625e-06,0.6484607756137848,-1.769845962524414,-2.7265195846557617,0.9566737413406372
172.6793715087043,0.6398544311523438,0.6498916149139404,2.6226043701171875e-06,0.6498916447162628,-1.7684147357940674,-2.7265193462371826,0.9581046104431152
172.78098009260395,0.6412353515625,0.6513242721557617,2.384185791015625e-06,0.6513244211673737,-1.766982078552246,-2.7265195846557617,0.9595373868942261
172.8825923842278,0.6426162719726562,0.6527588367462158,2.384185791015625e-06,0.6527590453624725,-1.765547513961792,-2.7265195846557617,0.960972011089325
172.984206725869,0.6439971923828125,0.6541943550109863,2.6226043701171875e-06,0.6541944444179535,-1.7641119956970215,-2.7265193462371826,0.9624074101448059
173.0858251042116,0.6453781127929688,0.6556301116943359,2.384185791015625e-06,0.6556303799152374,-1.7626762390136719,-2.7265195846557617,0.9638433456420898
173.1874448106622,0.646759033203125,0.6570656299591064,2.384185791015625e-06,0.6570662558078766,-1.7612407207489014,-2.7265195846557617,0.965279221534729
173.28906713983588,0.6481475830078125,0.6585012674331665,2.6226043701171875e-06,0.6585010588169098,-1.7598050832748413,-2.7265193462371826,0.9667140245437622
173.39069280611133,0.6495285034179688,0.6599340438842773,2.86102294921875e-06,0.6599335968494415,-1.7583723068237305,-2.7265191078186035,0.968146562576294
173.49232011235893,0.6509170532226562,0.6613631248474121,2.86102294921875e-06,0.6613629162311554,-1.7569432258605957,-2.7265191078186035,0.9695758819580078
173.5939499765186,0.652313232421875,0.6627874374389648,2.86102294921875e-06,0.6627874672412872,-1.755518913269043,-2.7265191078186035,0.9710004329681396
173.69558345251266,0.6537017822265625,0.6642055511474609,2.86102294921875e-06,0.6642054617404938,-1.7541007995605469,-2.7265191078186035,0.9724184274673462
173.79721844667097,0.65509033203125,0.6656149625778198,2.1457672119140625e-06,0.6656154096126556,-1.752691388130188,-2.726519823074341,0.9738283753395081
173.89885640470933,0.6564865112304688,0.6670150756835938,2.86102294921875e-06,0.6670149862766266,-1.751291275024414,-2.7265191078186035,0.975227952003479
174.00049604503462,0.6578826904296875,0.6684000492095947,7.152557373046875e-07,0.6684018671512604,-1.749906301498413,-2.7265212535858154,0.9766148328781128
174.10213829753062,0.6592788696289062,0.669771671295166,4.76837158203125e-07,0.6697737276554108,-1.7485346794128418,-2.7265214920043945,0.9779866933822632
174.2037823454849,0.6606826782226562,0.6711279153823853,2.384185791015625e-06,0.6711281836032867,-1.7471784353256226,-2.7265195846557617,0.9793411493301392
174.30542867532384,0.662078857421875,0.6724599599838257,4.76837158203125e-07,0.6724618971347809,-1.7458463907241821,-2.7265214920043945,0.9806748628616333
174.40707830452962,0.663482666015625,0.6737704277038574,7.152557373046875e-07,0.6737727224826813,-1.7445359230041504,-2.7265212535858154,0.9819856882095337
174.50872890641932,0.664886474609375,0.6750574111938477,2.384185791015625e-06,0.6750576198101044,-1.7432489395141602,-2.7265195846557617,0.9832705855369568
174.61038244888672,0.666290283203125,0.6763137578964233,2.384185791015625e-06,0.6763139069080353,-1.7419925928115845,-2.7265195846557617,0.9845268726348877
174.7120378004987,0.667694091796875,0.6775391101837158,2.384185791015625e-06,0.6775393784046173,-1.740767240524292,-2.7265195846557617,0.9857523441314697
174.81369482525056,0.669097900390625,0.6787295341491699,9.5367431640625e-07,0.6787314713001251,-1.739576816558838,-2.7265210151672363,0.9869444370269775
174.9153543833807,0.6705093383789062,0.6798863410949707,4.76837158203125e-07,0.6798884570598602,-1.738420009613037,-2.7265214920043945,0.9881014227867126
175.01701566001077,0.6719207763671875,0.6810078620910645,2.384185791015625e-06,0.6810080707073212,-1.7372984886169434,-2.7265195846557617,0.9892210364341736
175.1186788679967,0.6733322143554688,0.6820893287658691,2.86102294921875e-06,0.6820891201496124,-1.7362170219421387,-2.7265191078186035,0.9903020858764648
175.22034345314052,0.67474365234375,0.6831302642822266,2.86102294921875e-06,0.6831300556659698,-1.7351760864257812,-2.7265191078186035,0.9913430213928223
175.3220108157151,0.6761627197265625,0.684128999710083,2.384185791015625e-06,0.6841292679309845,-1.7341773509979248,-2.7265195846557617,0.9923422336578369
175.42367931528767,0.6775741577148438,0.6850841045379639,7.152557373046875e-07,0.6850860416889191,-1.733222246170044,-2.7265212535858154,0.9932990074157715
175.52534916013076,0.6789932250976562,0.6859961748123169,4.76837158203125e-07,0.6859983503818512,-1.732310175895691,-2.7265214920043945,0.9942113161087036
175.62702166655427,0.6804122924804688,0.6868643760681152,2.6226043701171875e-06,0.686864584684372,-1.7314419746398926,-2.7265193462371826,0.9950775504112244
175.72869559360532,0.6818313598632812,0.6876826286315918,2.384185791015625e-06,0.687682718038559,-1.730623722076416,-2.7265195846557617,0.9958956837654114
175.83037093171646,0.683258056640625,0.6884493827819824,2.384185791015625e-06,0.6884496510028839,-1.7298569679260254,-2.7265195846557617,0.9966626167297363
175.93204839328183,0.6846771240234375,0.6891605854034424,4.76837158203125e-07,0.6891630589962006,-1.7291457653045654,-2.7265214920043945,0.997376024723053
176.03372721364227,0.6861038208007812,0.6898187398910522,2.384185791015625e-06,0.6898191273212433,-1.7284876108169556,-2.7265195846557617,0.9980320930480957
176.13540698662487,0.687530517578125,0.6904141902923584,2.384185791015625e-06,0.6904143989086151,-1.7278921604156494,-2.7265195846557617,0.9986273646354675
176.23708850232077,0.6889572143554688,0.6909455060958862,2.86102294921875e-06,0.6909455358982086,-1.7273608446121216,-2.7265191078186035,0.999158501625061
176.3387720572502,0.6903915405273438,0.6914091110229492,2.384185791015625e-06,0.6914094388484955,-1.7268972396850586,-2.7265195846557617,0.9996224045753479
176.44045645461543,0.6918182373046875,0.6918025016784668,2.384185791015625e-06,0.6918026506900787,-1.726503849029541,-2.7265195846557617,1.0000156164169312
176.54214257203932,0.6932525634765625,0.692123532295227,2.86102294921875e-06,0.6921232044696808,-1.7261828184127808,-2.7265191078186035,1.0003361701965332
176.6438292516362,0.6946868896484375,0.6923677921295166,7.152557373046875e-07,0.6923696100711823,-1.7259385585784912,-2.7265212535858154,1.0005825757980347
176.74551807735176,0.6961212158203125,0.6925398111343384,2.384185791015625e-06,0.6925400793552399,-1.7257665395736694,-2.7265195846557617,1.0007530450820923
176.8472078549337,0.6975555419921875,0.6926332712173462,2.384185791015625e-06,0.6926334202289581,-1.7256730794906616,-2.7265195846557617,1.0008463859558105
176.9488988639202,0.6989974975585938,0.6926485300064087,2.384185791015625e-06,0.6926486790180206,-1.7256578207015991,-2.7265195846557617,1.000861644744873
177.05059121641742,0.700439453125,0.6925849914550781,2.6226043701171875e-06,0.6925852596759796,-1.7257213592529297,-2.7265193462371826,1.000798225402832
177.1522844864499,0.7018814086914062,0.6924428939819336,2.86102294921875e-06,0.6924428045749664,-1.7258634567260742,-2.7265191078186035,1.0006557703018188
177.25397888445178,0.7033233642578125,0.6922204494476318,2.384185791015625e-06,0.6922207176685333,-1.726085901260376,-2.7265195846557617,1.0004336833953857
177.35567459240258,0.7047653198242188,0.6919195652008057,2.86102294921875e-06,0.691919595003128,-1.7263867855072021,-2.7265191078186035,1.0001325607299805
177.45737044221912,0.706207275390625,0.691540002822876,2.86102294921875e-06,0.6915397942066193,-1.7267663478851318,-2.7265191078186035,0.9997527599334717
177.55906802703342,0.7076568603515625,0.6910827159881592,2.384185791015625e-06,0.6910830438137054,-1.7272236347198486,-2.7265195846557617,0.9992960095405579
177.66076688105957,0.7091064453125,0.6905523538589478,2.384185791015625e-06,0.6905524432659149,-1.72775399684906,-2.7265195846557617,0.9987654089927673
177.76246648578018,0.7105560302734375,0.6899518966674805,2.384185791015625e-06,0.689952164888382,-1.7283544540405273,-2.7265195846557617,0.9981651306152344
177.86416621193723,0.712005615234375,0.6892874240875244,2.6226043701171875e-06,0.6892873346805573,-1.7290189266204834,-2.7265193462371826,0.9975003004074097
177.96586730385985,0.7134628295898438,0.6885645389556885,2.1457672119140625e-06,0.6885651648044586,-1.7297418117523193,-2.726519823074341,0.996778130531311
178.06756905668627,0.7149124145507812,0.6877913475036621,2.384185791015625e-07,0.6877935826778412,-1.7305150032043457,-2.7265217304229736,0.9960065484046936
178.16927172643153,0.71636962890625,0.6869808435440063,2.6226043701171875e-06,0.6869808733463287,-1.7313255071640015,-2.7265193462371826,0.9951938390731812
178.27097481822068,0.7178268432617188,0.6861367225646973,2.1457672119140625e-06,0.6861371099948883,-1.7321696281433105,-2.726519823074341,0.9943500757217407
178.37267841937322,0.7192840576171875,0.6852715015411377,2.384185791015625e-06,0.6852718889713287,-1.7330348491668701,-2.7265195846557617,0.9934848546981812
178.47438297630066,0.7207489013671875,0.6843959093093872,3.0994415283203125e-06,0.6843955218791962,-1.7339104413986206,-2.7265188694000244,0.9926084876060486
178.57608857194631,0.7222061157226562,0.683517575263977,2.384185791015625e-06,0.683517724275589,-1.7347887754440308,-2.7265195846557617,0.9917306900024414
178.67779393829719,0.7236709594726562,0.6826485395431519,2.384185791015625e-06,0.6826489269733429,-1.735657811164856,-2.7265195846557617,0.9908618927001953
178.779500154409,0.7251358032226562,0.6817978620529175,2.384185791015625e-06,0.6817981898784637,-1.7365084886550903,-2.7265195846557617,0.9900111556053162
178.88120657615366,0.7266006469726562,0.6809747219085693,2.86102294921875e-06,0.6809748709201813,-1.7373316287994385,-2.7265191078186035,0.9891878366470337
178.98291425855604,0.7280731201171875,0.6801885366439819,2.86102294921875e-06,0.6801882088184357,-1.7381178140640259,-2.7265191078186035,0.9884011745452881
179.08462117128275,0.7295379638671875,0.6794462203979492,2.86102294921875e-06,0.6794461309909821,-1.7388601303100586,-2.7265191078186035,0.9876590967178345
179.18632905033516,0.7310104370117188,0.6787563562393188,2.384185791015625e-06,0.6787566244602203,-1.739549994468689,-2.7265195846557617,0.9869695901870728
179.28803729960808,0.73248291015625,0.6781277656555176,2.384185791015625e-06,0.6781280934810638,-1.7401785850524902,-2.7265195846557617,0.9863410592079163
179.38974618138226,0.7339553833007812,0.6775662899017334,2.384185791015625e-06,0.6775665581226349,-1.7407400608062744,-2.7265195846557617,0.9857795238494873
179.4914545037902,0.7354278564453125,0.6770776510238647,7.152557373046875e-07,0.6770794689655304,-1.741228699684143,-2.7265212535858154,0.9852924346923828
179.59316320357118,0.736907958984375,0.6766718626022339,2.384185791015625e-06,0.6766721308231354,-1.741634488105774,-2.7265195846557617,0.9848850965499878
179.69487243785608,0.7383880615234375,0.6763496398925781,2.6226043701171875e-06,0.6763496696949005,-1.7419567108154297,-2.7265193462371826,0.9845626354217529
179.7965817417909,0.7398681640625,0.6761162281036377,2.384185791015625e-06,0.6761163175106049,-1.7421901226043701,-2.7265195846557617,0.9843292832374573
179.89829062422064,0.7413482666015625,0.6759747266769409,2.6226043701171875e-06,0.6759749352931976,-1.742331624031067,-2.7265193462371826,0.98418790102005
180.0,0.742828369140625,0.6759271621704102,2.384185791015625e-06,0.6759276688098907,-1.7423791885375977,-2.7265195846557617,0.9841406345367432
