struct_id,dihedral_deg,n_atoms,e_total,e_short_eff,e_long_eff,e_long_raw,f_long_over_f_total,q0_mean,q0_abs_mean,q0_std,q1_norm_mean,q1_norm_max,q2_norm_mean,q2_norm_max,q_abs_mean_all_channels
0,83.42481930851925,13,-2.1654512882232666,-2.3245811462402344e-06,-2.1654489636421204,-0.21654489636421204,0.9999993443489075,-1.1379718780517578,1.1379718780517578,1.6531353708160168e-07,2.039201498031616,3.9827377796173096,8.98644733428955,14.524322509765625,2.2761261463165283
1,83.51375778436027,13,-2.1654722690582275,-3.5762786865234375e-07,-2.165471911430359,-0.2165471911430359,0.9999991655349731,-1.1379718780517578,1.1379718780517578,1.322508325074523e-07,2.0393288135528564,3.984221935272217,8.98664665222168,14.524322509765625,2.2761924266815186
2,83.60271179666562,13,-2.1655006408691406,2.2649765014648438e-06,-2.165502905845642,-0.2165502905845642,0.9999992847442627,-1.1379718780517578,1.1379718780517578,1.7179887379370484e-07,2.0394551753997803,3.985701560974121,8.98684310913086,14.524322509765625,2.276258945465088
3,83.69168218714043,13,-2.16552734375,-2.682209014892578e-06,-2.165524661540985,-0.2165524661540985,0.9999995231628418,-1.1379718780517578,1.1379718780517578,9.91881279333029e-08,2.039581060409546,3.9871768951416016,8.987043380737305,14.524324417114258,2.2763254642486572
4,83.7806685757748,13,-2.1655502319335938,-1.1324882507324219e-06,-2.165549099445343,-0.2165549099445343,1.0000004768371582,-1.1379718780517578,1.1379718780517578,1.322508325074523e-07,2.039706230163574,3.988649845123291,8.98724365234375,14.524322509765625,2.2763917446136475
5,83.86967062145865,13,-2.1655704975128174,-8.344650268554688e-07,-2.1655696630477905,-0.21655696630477905,1.0000020265579224,-1.1379718780517578,1.1379718780517578,1.55077842123319e-07,2.0398309230804443,3.9901156425476074,8.987446784973145,14.524324417114258,2.276458263397217
6,83.95868846283588,13,-2.1655898094177246,3.6954879760742188e-06,-2.1655935049057007,-0.21655935049057007,1.0000008344650269,-1.1379719972610474,1.1379719972610474,2.0111259857458208e-07,2.039954900741577,3.9915778636932373,8.987652778625488,14.524322509765625,2.276524066925049
7,84.04772298530942,13,-2.165609359741211,2.6226043701171875e-06,-2.165611982345581,-0.2165611982345581,1.0000009536743164,-1.1379719972610474,1.1379719972610474,2.038122204339743e-07,2.040078639984131,3.9930367469787598,8.987858772277832,14.524322509765625,2.276590347290039
8,84.13677319517468,13,-2.165620803833008,4.887580871582031e-06,-2.1656256914138794,-0.21656256914138794,1.0000004768371582,-1.1379718780517578,1.1379718780517578,1.55077842123319e-07,2.04020094871521,3.9944891929626465,8.988065719604492,14.524322509765625,2.27665638923645
9,84.22583938789188,13,-2.1656394004821777,1.1920928955078125e-06,-2.1656405925750732,-0.21656405925750732,0.9999980330467224,-1.1379718780517578,1.1379718780517578,1.5151236709698424e-07,2.0403239727020264,3.995939016342163,8.988274574279785,14.524324417114258,2.2767221927642822
10,84.31492104168031,13,-2.165658473968506,-2.086162567138672e-06,-2.1656563878059387,-0.21656563878059387,1.0000009536743164,-1.1379718780517578,1.1379718780517578,1.6858739115832577e-07,2.040445566177368,3.997384548187256,8.988485336303711,14.524322509765625,2.2767882347106934
11,84.40401976759186,13,-2.165665626525879,-5.960464477539062e-07,-2.165665030479431,-0.21656650304794312,0.9999998807907104,-1.1379718780517578,1.1379718780517578,1.0455346455273684e-07,2.0405662059783936,3.9988245964050293,8.98869514465332,14.524322509765625,2.276853322982788
12,84.49313378713768,13,-2.1656742095947266,6.616115570068359e-06,-2.1656808257102966,-0.21656808257102966,0.9999997019767761,-1.1379718780517578,1.1379718780517578,1.6858739115832577e-07,2.040687084197998,4.000259876251221,8.988911628723145,14.524323463439941,2.2769196033477783
13,84.58226411541654,13,-2.1656882762908936,1.1920928955078125e-06,-2.165689468383789,-0.2165689468383789,0.9999990463256836,-1.1379718780517578,1.1379718780517578,1.5151236709698424e-07,2.040807008743286,4.0016913414001465,8.989126205444336,14.524325370788574,2.2769851684570312
14,84.67141018739875,13,-2.1656992435455322,-4.410743713378906e-06,-2.165694832801819,-0.21656948328018188,1.0000005960464478,-1.1379718780517578,1.1379718780517578,1.6197353147617832e-07,2.040925979614258,4.003118991851807,8.98934268951416,14.524323463439941,2.277050018310547
15,84.7605730401581,13,-2.1657047271728516,-6.556510925292969e-07,-2.165704071521759,-0.2165704071521759,0.9999997615814209,-1.1379718780517578,1.1379718780517578,1.8109190591530933e-07,2.0410449504852295,4.004540920257568,8.989561080932617,14.524323463439941,2.277115821838379
16,84.84975158664358,13,-2.165705919265747,3.814697265625e-06,-2.1657097339630127,-0.21657097339630127,1.0000005960464478,-1.1379718780517578,1.1379718780517578,9.91881279333029e-08,2.0411627292633057,4.005960941314697,8.989778518676758,14.524321556091309,2.2771806716918945
17,84.93894591481094,13,-2.1657137870788574,-4.649162292480469e-06,-2.165709137916565,-0.2165709137916565,0.9999997019767761,-1.1379718780517578,1.1379718780517578,1.2370932722660655e-07,2.0412800312042236,4.00737190246582,8.989998817443848,14.524323463439941,2.27724552154541
18,85.02815651639432,13,-2.165717601776123,-6.377696990966797e-06,-2.165711224079132,-0.2165711224079132,1.0000019073486328,-1.1379718780517578,1.1379718780517578,1.5151236709698424e-07,2.0413970947265625,4.008780479431152,8.990221977233887,14.524324417114258,2.277311325073242
19,85.11738348351406,13,-2.1657168865203857,-2.682209014892578e-06,-2.165714204311371,-0.21657142043113708,1.0000004768371582,-1.1379719972610474,1.1379719972610474,1.6531353708160168e-07,2.041513681411743,4.010187149047852,8.990447044372559,14.524324417114258,2.277376174926758
20,85.20662642717684,13,-2.165710926055908,2.980232238769531e-07,-2.165711224079132,-0.2165711224079132,0.9999997019767761,-1.1379717588424683,1.1379717588424683,1.7804812557642435e-07,2.0416293144226074,4.011587142944336,8.990673065185547,14.524325370788574,2.2774412631988525
21,85.29588562567267,13,-2.165708303451538,-9.5367431640625e-07,-2.1657073497772217,-0.21657073497772217,0.9999983906745911,-1.1379718780517578,1.1379718780517578,1.9560161490517203e-07,2.041743755340576,4.012980937957764,8.990899085998535,14.524322509765625,2.27750563621521
22,85.38516046637906,13,-2.165705919265747,8.344650268554688e-07,-2.165706753730774,-0.2165706753730774,1.0000005960464478,-1.1379718780517578,1.1379718780517578,1.6531353708160168e-07,2.041858196258545,4.0143723487854,8.99112606048584,14.524322509765625,2.2775704860687256
23,85.474452147138,13,-2.1656999588012695,5.364418029785156e-07,-2.1657004952430725,-0.21657004952430725,1.0000004768371582,-1.1379718780517578,1.1379718780517578,1.3632103446070687e-07,2.0419721603393555,4.015759468078613,8.99135684967041,14.524322509765625,2.277635335922241
24,85.56376013482735,13,-2.1656906604766846,2.980232238769531e-07,-2.1656909584999084,-0.21656909584999084,0.9999988675117493,-1.1379718780517578,1.1379718780517578,1.5856318213991472e-07,2.0420851707458496,4.017141819000244,8.991588592529297,14.524324417114258,2.2776997089385986
25,85.65308401474994,13,-2.1656813621520996,-1.7285346984863281e-06,-2.165679633617401,-0.2165679633617401,1.0000005960464478,-1.1379718780517578,1.1379718780517578,1.7179887379370484e-07,2.0421979427337646,4.018517971038818,8.991820335388184,14.524324417114258,2.277763605117798
26,85.74242342696428,13,-2.165670394897461,8.940696716308594e-07,-2.1656712889671326,-0.21656712889671326,1.000000238418579,-1.1379718780517578,1.1379718780517578,1.7804812557642435e-07,2.042309284210205,4.019891262054443,8.992053985595703,14.524322509765625,2.277827501296997
27,85.83177981112837,13,-2.1656594276428223,8.344650268554688e-07,-2.165660262107849,-0.2165660262107849,1.0000009536743164,-1.1379718780517578,1.1379718780517578,1.7179887379370484e-07,2.0424208641052246,4.021259784698486,8.992289543151855,14.52432632446289,2.2778923511505127
28,85.92115219063496,13,-2.1656441688537598,3.2782554626464844e-06,-2.1656474471092224,-0.21656474471092224,1.000000238418579,-1.1379718780517578,1.1379718780517578,1.55077842123319e-07,2.0425314903259277,4.022623062133789,8.992526054382324,14.524322509765625,2.277956008911133
29,86.01054076566723,13,-2.1656293869018555,-4.172325134277344e-07,-2.165628969669342,-0.2165628969669342,1.0000011920928955,-1.1379718780517578,1.1379718780517578,1.8703092052874126e-07,2.0426416397094727,4.023982524871826,8.992765426635742,14.524325370788574,2.278020143508911
30,86.09994576594792,13,-2.1656150817871094,4.76837158203125e-07,-2.1656155586242676,-0.21656155586242676,0.9999986290931702,-1.1379718780517578,1.1379718780517578,1.7495140980372526e-07,2.0427510738372803,4.0253376960754395,8.993005752563477,14.524324417114258,2.2780845165252686
31,86.18936687088934,13,-2.1655962467193604,-1.2516975402832031e-06,-2.16559499502182,-0.216559499502182,0.9999990463256836,-1.1379718780517578,1.1379718780517578,1.4786093061047723e-07,2.0428600311279297,4.026689052581787,8.993247032165527,14.524324417114258,2.2781481742858887
32,86.27880421018678,13,-2.1655755043029785,1.0132789611816406e-06,-2.1655765175819397,-0.21655765175819397,0.9999994039535522,-1.1379718780517578,1.1379718780517578,1.899308017527801e-07,2.0429677963256836,4.028034687042236,8.993488311767578,14.524324417114258,2.278211832046509
33,86.36825808341253,13,-2.165555953979492,4.76837158203125e-06,-2.165560722351074,-0.21655607223510742,1.000001311302185,-1.1379718780517578,1.1379718780517578,1.7495140980372526e-07,2.0430757999420166,4.02937650680542,8.993733406066895,14.524324417114258,2.2782747745513916
34,86.45772748496354,13,-2.165532112121582,5.960464477539062e-07,-2.16553270816803,-0.21655327081680298,0.9999989867210388,-1.1379718780517578,1.1379718780517578,1.5151236709698424e-07,2.043182134628296,4.030710697174072,8.993979454040527,14.524321556091309,2.2783379554748535
35,86.54721384798674,13,-2.1655054092407227,1.0728836059570312e-06,-2.1655064821243286,-0.21655064821243286,0.9999983310699463,-1.1379719972610474,1.1379719972610474,2.1427084107017436e-07,2.0432887077331543,4.032043933868408,8.994226455688477,14.524322509765625,2.2784013748168945
36,86.63671620321735,13,-2.1654770374298096,6.198883056640625e-06,-2.165483236312866,-0.21654832363128662,1.0000015497207642,-1.1379718780517578,1.1379718780517578,1.1920928955078125e-07,2.0433945655822754,4.033371448516846,8.994475364685059,14.524324417114258,2.2784650325775146
37,86.72623536283366,13,-2.1654555797576904,-9.5367431640625e-07,-2.165454626083374,-0.2165454626083374,0.9999988079071045,-1.1379718780517578,1.1379718780517578,1.8408536561764777e-07,2.04349946975708,4.034695148468018,8.994725227355957,14.524325370788574,2.2785279750823975
38,86.81577031816718,13,-2.1654253005981445,1.3113021850585938e-06,-2.1654266119003296,-0.21654266119003296,1.000000238418579,-1.1379718780517578,1.1379718780517578,1.4786093061047723e-07,2.0436036586761475,4.036012649536133,8.994975090026855,14.524324417114258,2.278590679168701
39,86.90532138382683,13,-2.165395975112915,1.1324882507324219e-06,-2.1653971076011658,-0.21653971076011658,1.0000005960464478,-1.1379718780517578,1.1379718780517578,1.8408536561764777e-07,2.0437076091766357,4.037327289581299,8.99522876739502,14.524324417114258,2.278653621673584
40,86.99488928589564,13,-2.1653640270233154,8.940696716308594e-07,-2.165364921092987,-0.2165364921092987,0.9999977946281433,-1.1379718780517578,1.1379718780517578,1.55077842123319e-07,2.0438108444213867,4.038636684417725,8.995484352111816,14.524322509765625,2.278716802597046
41,87.08447372071964,13,-2.165329933166504,1.1920928955078125e-07,-2.1653300523757935,-0.21653300523757935,1.0000004768371582,-1.1379718780517578,1.1379718780517578,1.7495140980372526e-07,2.0439131259918213,4.03994083404541,8.995738983154297,14.524322509765625,2.2787790298461914
42,87.17407403086955,13,-2.1652915477752686,3.5762786865234375e-07,-2.165291905403137,-0.21652919054031372,1.0000001192092896,-1.1379718780517578,1.1379718780517578,1.3632103446070687e-07,2.0440151691436768,4.041240215301514,8.995993614196777,14.524322509765625,2.278841733932495
43,87.26369094008825,13,-2.1652579307556152,-3.2782554626464844e-06,-2.1652546525001526,-0.21652546525001526,0.9999995827674866,-1.1379719972610474,1.1379719972610474,2.2906516505827312e-07,2.044116497039795,4.042536735534668,8.996254920959473,14.524324417114258,2.278904676437378
44,87.35332446086574,13,-2.165219783782959,1.4901161193847656e-06,-2.1652212738990784,-0.21652212738990784,1.0000033378601074,-1.1379719972610474,1.1379719972610474,2.038122204339743e-07,2.044217109680176,4.043827056884766,8.996515274047852,14.524324417114258,2.2789666652679443
45,87.44297353913905,13,-2.1651787757873535,-1.0132789611816406e-06,-2.1651777625083923,-0.21651777625083923,0.9999992251396179,-1.1379718780517578,1.1379718780517578,1.7179887379370484e-07,2.0443174839019775,4.045113563537598,8.99677562713623,14.524323463439941,2.27902889251709
46,87.53263935021317,13,-2.165139675140381,-2.1457672119140625e-06,-2.165137529373169,-0.2165137529373169,0.9999985694885254,-1.1379718780517578,1.1379718780517578,1.4027318684384227e-07,2.044416666030884,4.0463972091674805,8.997038841247559,14.524321556091309,2.2790913581848145
47,87.62232218940899,13,-2.1650962829589844,2.5033950805664062e-06,-2.165098786354065,-0.2165098786354065,1.0000026226043701,-1.1379718780517578,1.1379718780517578,1.9278705565284326e-07,2.0445151329040527,4.047672271728516,8.997303009033203,14.524323463439941,2.2791531085968018
48,87.71202061141386,13,-2.165052652359009,-6.556510925292969e-07,-2.1650519967079163,-0.21650519967079163,0.9999985098838806,-1.1379719972610474,1.1379719972610474,1.9560161490517203e-07,2.044613838195801,4.048944473266602,8.997570037841797,14.524325370788574,2.2792155742645264
49,87.8017358754658,13,-2.1650078296661377,-8.344650268554688e-07,-2.165006995201111,-0.21650069952011108,1.0000019073486328,-1.1379718780517578,1.1379718780517578,1.9278705565284326e-07,2.044710874557495,4.050212383270264,8.997836112976074,14.524324417114258,2.2792766094207764
50,87.89146759536811,13,-2.1649580001831055,-7.748603820800781e-07,-2.1649572253227234,-0.21649572253227234,1.0000019073486328,-1.1379718780517578,1.1379718780517578,1.5856318213991472e-07,2.0448079109191895,4.051475524902344,8.998104095458984,14.524324417114258,2.2793383598327637
51,87.98121593962442,13,-2.164905548095703,4.291534423828125e-06,-2.164909839630127,-0.2164909839630127,1.0000001192092896,-1.1379718780517578,1.1379718780517578,1.6531353708160168e-07,2.0449044704437256,4.052735805511475,8.998373985290527,14.524324417114258,2.279400110244751
52,88.0709802673695,13,-2.16485857963562,2.384185791015625e-06,-2.164860963821411,-0.2164860963821411,1.0000015497207642,-1.1379719972610474,1.1379719972610474,1.8109190591530933e-07,2.044999837875366,4.053989887237549,8.998645782470703,14.524324417114258,2.27946138381958
53,88.16076137677895,13,-2.164808511734009,8.940696716308594e-07,-2.1648094058036804,-0.21648094058036804,1.0000003576278687,-1.1379719972610474,1.1379719972610474,2.193131933836412e-07,2.0450944900512695,4.055238246917725,8.998918533325195,14.524324417114258,2.279522657394409
54,88.25055922171055,13,-2.1647560596466064,2.9802322387695312e-06,-2.164759039878845,-0.21647590398788452,1.0000017881393433,-1.1379719972610474,1.1379719972610474,2.2666650068003946e-07,2.045189380645752,4.056484699249268,8.99919319152832,14.524324417114258,2.2795846462249756
55,88.34037279266128,13,-2.1646978855133057,3.039836883544922e-06,-2.164700925350189,-0.21647009253501892,0.9999985098838806,-1.1379718780517578,1.1379718780517578,1.4786093061047723e-07,2.0452828407287598,4.057724952697754,8.999467849731445,14.524322509765625,2.2796454429626465
56,88.4302039008761,13,-2.164641857147217,6.556510925292969e-07,-2.1646425127983093,-0.21646425127983093,0.9999985098838806,-1.1379718780517578,1.1379718780517578,1.8703092052874126e-07,2.0453758239746094,4.058958530426025,8.99974536895752,14.524323463439941,2.279705762863159
57,88.52005050038919,13,-2.1645853519439697,2.384185791015625e-07,-2.164585590362549,-0.21645855903625488,0.9999995827674866,-1.1379718780517578,1.1379718780517578,1.6531353708160168e-07,2.045468330383301,4.060190677642822,9.00002384185791,14.524324417114258,2.2797677516937256
58,88.60991359863145,13,-2.1645264625549316,-1.7881393432617188e-07,-2.1645262837409973,-0.21645262837409973,0.9999996423721313,-1.1379718780517578,1.1379718780517578,1.6858739115832577e-07,2.045560359954834,4.061418056488037,9.000304222106934,14.524324417114258,2.2798283100128174
59,88.69979363419051,13,-2.164463996887207,-5.960464477539062e-07,-2.1644634008407593,-0.21644634008407593,1.0,-1.1379718780517578,1.1379718780517578,1.55077842123319e-07,2.0456509590148926,4.062638282775879,9.000584602355957,14.524322509765625,2.27988862991333
60,88.78968990377467,13,-2.164401054382324,-5.364418029785156e-07,-2.1644005179405212,-0.21644005179405212,1.0000004768371582,-1.1379718780517578,1.1379718780517578,1.6858739115832577e-07,2.0457417964935303,4.063856601715088,9.00086784362793,14.524324417114258,2.27994966506958
61,88.8796033287927,13,-2.1643364429473877,0.0,-2.1643364429473877,-0.21643364429473877,1.0000009536743164,-1.1379718780517578,1.1379718780517578,1.6197353147617832e-07,2.0458316802978516,4.065069198608398,9.001152038574219,14.524323463439941,2.280010223388672
62,88.96953275896666,13,-2.1642708778381348,1.7881393432617188e-06,-2.164272665977478,-0.2164272665977478,0.9999992251396179,-1.1379718780517578,1.1379718780517578,1.899308017527801e-07,2.0459208488464355,4.066276550292969,9.00143814086914,14.524322509765625,2.2800705432891846
63,89.05947955694963,13,-2.1642043590545654,-1.7285346984863281e-06,-2.164202630519867,-0.2164202630519867,1.0000014305114746,-1.1379718780517578,1.1379718780517578,1.4786093061047723e-07,2.0460093021392822,4.067478179931641,9.001725196838379,14.524324417114258,2.28013014793396
64,89.14944189947121,13,-2.1641335487365723,1.1324882507324219e-06,-2.164134681224823,-0.2164134681224823,0.9999996423721313,-1.1379718780517578,1.1379718780517578,1.6197353147617832e-07,2.0460972785949707,4.0686774253845215,9.002012252807617,14.524322509765625,2.2801904678344727
65,89.2394207722157,13,-2.1640658378601074,1.1920928955078125e-06,-2.164067029953003,-0.2164067029953003,1.000000238418579,-1.1379719972610474,1.1379719972610474,1.6531353708160168e-07,2.046184539794922,4.06987190246582,9.002302169799805,14.524324417114258,2.2802505493164062
66,89.32941703099902,13,-2.163996696472168,-4.470348358154297e-06,-2.16399222612381,-0.21639922261238098,1.0000005960464478,-1.1379718780517578,1.1379718780517578,1.2370932722660655e-07,2.046271324157715,4.071062088012695,9.002593040466309,14.524320602416992,2.2803103923797607
67,89.41942918122685,13,-2.163923740386963,-1.5497207641601562e-06,-2.1639221906661987,-0.21639221906661987,1.0000011920928955,-1.1379718780517578,1.1379718780517578,1.8408536561764777e-07,2.0463573932647705,4.072244644165039,9.002886772155762,14.524324417114258,2.2803704738616943
68,89.50945793462812,13,-2.1638412475585938,1.6689300537109375e-06,-2.1638429164886475,-0.21638429164886475,0.9999995827674866,-1.1379718780517578,1.1379718780517578,1.7495140980372526e-07,2.046442747116089,4.073425769805908,9.003180503845215,14.524324417114258,2.280430316925049
69,89.5995045071832,13,-2.163760185241699,-1.1920928955078125e-07,-2.1637600660324097,-0.21637600660324097,1.0000005960464478,-1.1379718780517578,1.1379718780517578,1.3632103446070687e-07,2.0465269088745117,4.074598789215088,9.003475189208984,14.524325370788574,2.280489683151245
70,89.6895664865781,13,-2.1636784076690674,2.980232238769531e-07,-2.1636787056922913,-0.21636787056922913,1.0000001192092896,-1.1379718780517578,1.1379718780517578,9.91881279333029e-08,2.0466108322143555,4.075769901275635,9.003769874572754,14.524322509765625,2.2805488109588623
71,89.7796457013167,13,-2.163597583770752,-5.364418029785156e-07,-2.163597047328949,-0.2163597047328949,1.0000004768371582,-1.1379718780517578,1.1379718780517578,1.55077842123319e-07,2.04669451713562,4.076935291290283,9.004069328308105,14.524324417114258,2.2806079387664795
72,89.86974069453213,13,-2.16351056098938,-2.0265579223632812e-06,-2.1635085344314575,-0.21635085344314575,0.9999996423721313,-1.1379718780517578,1.1379718780517578,1.3632103446070687e-07,2.0467770099639893,4.078096389770508,9.004365921020508,14.524322509765625,2.2806670665740967
73,89.95985336514231,13,-2.1634225845336914,7.152557373046875e-07,-2.1634232997894287,-0.21634232997894287,1.0000008344650269,-1.1379718780517578,1.1379718780517578,1.899308017527801e-07,2.0468599796295166,4.079254627227783,9.004670143127441,14.524325370788574,2.280726432800293
74,90.04998219628196,13,-2.1633365154266357,4.231929779052734e-06,-2.163340747356415,-0.21633407473564148,1.000000238418579,-1.1379718780517578,1.1379718780517578,1.7495140980372526e-07,2.046940803527832,4.080404281616211,9.004972457885742,14.524324417114258,2.2807857990264893
75,90.14012740393653,13,-2.16324520111084,-7.152557373046875e-07,-2.1632444858551025,-0.21632444858551025,1.000001311302185,-1.1379718780517578,1.1379718780517578,1.322508325074523e-07,2.0470216274261475,4.081552505493164,9.005274772644043,14.524322509765625,2.280844211578369
76,90.2302898450931,13,-2.163156032562256,8.344650268554688e-07,-2.1631568670272827,-0.21631568670272827,1.0000009536743164,-1.1379718780517578,1.1379718780517578,1.322508325074523e-07,2.0471017360687256,4.0826945304870605,9.00558090209961,14.524323463439941,2.2809033393859863
77,90.32046795678414,13,-2.1630618572235107,-5.960464477539063e-08,-2.163061797618866,-0.2163061797618866,0.9999988675117493,-1.1379718780517578,1.1379718780517578,1.2805131177628937e-07,2.0471813678741455,4.083832740783691,9.005885124206543,14.524322509765625,2.280961513519287
78,90.41066424742941,13,-2.162968158721924,2.1457672119140625e-06,-2.1629703044891357,-0.21629703044891357,1.000000238418579,-1.1379718780517578,1.1379718780517578,1.55077842123319e-07,2.0472605228424072,4.084964275360107,9.006195068359375,14.524323463439941,2.281020402908325
79,90.50087666685502,13,-2.1628739833831787,-4.112720489501953e-06,-2.162869870662689,-0.21628698706626892,0.9999998807907104,-1.1379718780517578,1.1379718780517578,1.4411699567062897e-07,2.0473384857177734,4.086093425750732,9.006503105163574,14.524323463439941,2.281078338623047
80,90.59110539162829,13,-2.16277813911438,-6.556510925292969e-07,-2.1627774834632874,-0.21627774834632874,0.9999995827674866,-1.1379718780517578,1.1379718780517578,1.5151236709698424e-07,2.0474164485931396,4.087216377258301,9.006814002990723,14.524323463439941,2.2811365127563477
81,90.68135069203015,13,-2.1626834869384766,3.3974647521972656e-06,-2.1626868844032288,-0.21626868844032288,1.000001311302185,-1.1379718780517578,1.1379718780517578,1.6197353147617832e-07,2.0474932193756104,4.088335990905762,9.007126808166504,14.524324417114258,2.2811949253082275
82,90.7716132682175,13,-2.162588596343994,8.344650268554688e-07,-2.162589430809021,-0.2162589430809021,0.9999988675117493,-1.1379718780517578,1.1379718780517578,1.55077842123319e-07,2.0475692749023438,4.089450359344482,9.007440567016602,14.524324417114258,2.281252861022949
83,90.86189225919249,13,-2.162490129470825,5.960464477539063e-08,-2.16249018907547,-0.216249018907547,1.0,-1.1379718780517578,1.1379718780517578,1.6531353708160168e-07,2.047645330429077,4.090560436248779,9.007756233215332,14.524324417114258,2.28131103515625
84,90.95218849007499,13,-2.1623873710632324,4.76837158203125e-06,-2.1623921394348145,-0.21623921394348145,1.0000008344650269,-1.1379719972610474,1.1379719972610474,1.7179887379370484e-07,2.047720193862915,4.091664791107178,9.008070945739746,14.524324417114258,2.2813684940338135
85,91.04250096352902,13,-2.162288188934326,5.364418029785156e-07,-2.162288725376129,-0.21622887253761292,1.000000238418579,-1.1379718780517578,1.1379718780517578,1.4027318684384227e-07,2.0477941036224365,4.092764854431152,9.008387565612793,14.524324417114258,2.281425952911377
86,91.1328304321751,13,-2.1621813774108887,-1.7285346984863281e-06,-2.16217964887619,-0.21621796488761902,1.000001072883606,-1.1379718780517578,1.1379718780517578,1.2805131177628937e-07,2.047868251800537,4.093861103057861,9.008707046508789,14.524324417114258,2.2814834117889404
87,91.22317668456353,13,-2.1620755195617676,1.6093254089355469e-06,-2.1620771288871765,-0.21620771288871765,0.9999991059303284,-1.1379718780517578,1.1379718780517578,1.6197353147617832e-07,2.047940731048584,4.094950199127197,9.009027481079102,14.524324417114258,2.281541109085083
88,91.31353916680497,13,-2.1619691848754883,6.556510925292969e-07,-2.161969840526581,-0.21619698405265808,1.0000005960464478,-1.1379718780517578,1.1379718780517578,1.3632103446070687e-07,2.0480127334594727,4.096035480499268,9.00934886932373,14.524322509765625,2.2815985679626465
89,91.40391880105331,13,-2.1618614196777344,2.0265579223632812e-06,-2.1618634462356567,-0.21618634462356567,0.9999999403953552,-1.1379718780517578,1.1379718780517578,1.0455346455273684e-07,2.0480847358703613,4.0971174240112305,9.009672164916992,14.524322509765625,2.281655788421631
90,91.49431521518659,13,-2.1617493629455566,-6.556510925292969e-07,-2.161748707294464,-0.2161748707294464,0.999998927116394,-1.1379718780517578,1.1379718780517578,1.7179887379370484e-07,2.0481553077697754,4.098193168640137,9.009995460510254,14.524325370788574,2.281712055206299
91,91.5847286480647,13,-2.16164231300354,0.0,-2.16164231300354,-0.216164231300354,1.0000005960464478,-1.1379718780517578,1.1379718780517578,1.2805131177628937e-07,2.0482261180877686,4.099264621734619,9.010321617126465,14.524322509765625,2.281769037246704
92,91.67515857975928,13,-2.1615309715270996,-2.5033950805664062e-06,-2.161528468132019,-0.2161528468132019,1.0000014305114746,-1.1379718780517578,1.1379718780517578,1.7179887379370484e-07,2.0482962131500244,4.100333213806152,9.010650634765625,14.524322509765625,2.2818262577056885
93,91.7656048485433,13,-2.16141676902771,-3.039836883544922e-06,-2.1614137291908264,-0.21614137291908264,0.9999991059303284,-1.1379718780517578,1.1379718780517578,1.322508325074523e-07,2.048365354537964,4.101396083831787,9.010979652404785,14.524324417114258,2.2818827629089355
94,91.85606936245608,13,-2.1613011360168457,8.344650268554688e-07,-2.1613019704818726,-0.21613019704818726,1.000000238418579,-1.1379719972610474,1.1379719972610474,1.9560161490517203e-07,2.048433542251587,4.102453231811523,9.011309623718262,14.524324417114258,2.2819392681121826
95,91.94654929161523,13,-2.161184549331665,-3.874301910400391e-06,-2.1611806750297546,-0.21611806750297546,0.9999999403953552,-1.1379718780517578,1.1379718780517578,1.1920928955078125e-07,2.0485010147094727,4.103504180908203,9.011639595031738,14.524323463439941,2.2819952964782715
96,92.03704740592832,13,-2.1610608100891113,-1.430511474609375e-06,-2.1610593795776367,-0.21610593795776367,0.9999993443489075,-1.1379718780517578,1.1379718780517578,1.8109190591530933e-07,2.048567771911621,4.104551792144775,9.011972427368164,14.524323463439941,2.2820515632629395
97,92.12756136644497,13,-2.160942792892456,-2.3245811462402344e-06,-2.16094046831131,-0.21609404683113098,0.9999995827674866,-1.1379718780517578,1.1379718780517578,1.4411699567062897e-07,2.0486345291137695,4.105595588684082,9.012307167053223,14.524322509765625,2.2821078300476074
98,92.21809276492861,13,-2.1608211994171143,-3.516674041748047e-06,-2.1608176827430725,-0.21608176827430725,1.0000005960464478,-1.1379718780517578,1.1379718780517578,1.6531353708160168e-07,2.0487000942230225,4.106634140014648,9.012642860412598,14.524324417114258,2.2821638584136963
99,92.3086399645864,13,-2.1606996059417725,-3.2186508178710938e-06,-2.1606963872909546,-0.21606963872909546,1.000000238418579,-1.1379718780517578,1.1379718780517578,1.6197353147617832e-07,2.048764944076538,4.107667922973633,9.012978553771973,14.524324417114258,2.2822201251983643
100,92.39920431914588,13,-2.1605725288391113,-1.9073486328125e-06,-2.1605706214904785,-0.21605706214904785,0.9999979138374329,-1.1379718780517578,1.1379718780517578,9.91881279333029e-08,2.0488290786743164,4.108696460723877,9.013317108154297,14.524322509765625,2.2822749614715576
101,92.48978669641859,13,-2.1604509353637695,-5.185604095458984e-06,-2.160445749759674,-0.2160445749759674,1.0000005960464478,-1.1379718780517578,1.1379718780517578,1.2370932722660655e-07,2.048893928527832,4.109723091125488,9.013657569885254,14.524323463439941,2.2823314666748047
102,92.58038494277602,13,-2.16031551361084,2.086162567138672e-06,-2.160317599773407,-0.2160317599773407,1.0000004768371582,-1.1379718780517578,1.1379718780517578,1.3632103446070687e-07,2.0489566326141357,4.110740661621094,9.013998985290527,14.524324417114258,2.282386541366577
103,92.67099991618987,13,-2.160191774368286,-2.0265579223632812e-06,-2.1601897478103638,-0.21601897478103638,0.9999991059303284,-1.1379718780517578,1.1379718780517578,1.5151236709698424e-07,2.0490188598632812,4.111755847930908,9.014341354370117,14.524323463439941,2.282442092895508
104,92.76163234847048,13,-2.160059928894043,2.86102294921875e-06,-2.160062789916992,-0.21600627899169922,1.0000005960464478,-1.1379719972610474,1.1379719972610474,1.8408536561764777e-07,2.0490808486938477,4.112766265869141,9.01468563079834,14.524322509765625,2.2824974060058594
105,92.85228189570327,13,-2.1599223613739014,6.020069122314453e-06,-2.1599283814430237,-0.21599283814430237,1.0000008344650269,-1.1379718780517578,1.1379718780517578,1.8408536561764777e-07,2.0491418838500977,4.113771915435791,9.015030860900879,14.524323463439941,2.2825522422790527
106,92.94294758330902,13,-2.159794569015503,0.0,-2.159794569015503,-0.2159794569015503,1.000000238418579,-1.1379718780517578,1.1379718780517578,1.8408536561764777e-07,2.0492022037506104,4.114771366119385,9.01537799835205,14.524323463439941,2.2826075553894043
107,93.0336309347201,13,-2.1596550941467285,0.0,-2.1596550941467285,-0.21596550941467285,1.0000004768371582,-1.1379719972610474,1.1379719972610474,1.899308017527801e-07,2.0492615699768066,4.1157660484313965,9.015726089477539,14.524322509765625,2.2826621532440186
108,93.12433084239541,13,-2.159520149230957,-2.4437904357910156e-06,-2.1595177054405212,-0.21595177054405212,0.9999995827674866,-1.1379718780517578,1.1379718780517578,1.9560161490517203e-07,2.049320936203003,4.116756916046143,9.016075134277344,14.524324417114258,2.282716751098633
109,93.21504811238428,13,-2.159379720687866,1.7881393432617188e-06,-2.1593815088272095,-0.21593815088272095,0.9999997615814209,-1.1379719972610474,1.1379719972610474,1.9560161490517203e-07,2.049379587173462,4.117744445800781,9.016427040100098,14.524324417114258,2.282771348953247
110,93.30578127932871,13,-2.15923810005188,2.4437904357910156e-06,-2.1592405438423157,-0.21592405438423157,0.9999980926513672,-1.1379718780517578,1.1379718780517578,1.5856318213991472e-07,2.0494372844696045,4.1187238693237305,9.016777992248535,14.524323463439941,2.2828259468078613
111,93.39653237847597,13,-2.1590981483459473,-1.5497207641601562e-06,-2.159096598625183,-0.2159096598625183,0.9999989867210388,-1.1379718780517578,1.1379718780517578,1.4411699567062897e-07,2.0494940280914307,4.1197004318237305,9.017131805419922,14.524324417114258,2.2828803062438965
112,93.48729966239931,13,-2.1589550971984863,2.6226043701171875e-06,-2.1589577198028564,-0.21589577198028564,1.0000015497207642,-1.1379718780517578,1.1379718780517578,1.4411699567062897e-07,2.049550771713257,4.120672702789307,9.017485618591309,14.524324417114258,2.2829337120056152
113,93.57808416353274,13,-2.1588120460510254,-3.933906555175781e-06,-2.15880811214447,-0.21588081121444702,0.9999999403953552,-1.1379718780517578,1.1379718780517578,9.91881279333029e-08,2.0496060848236084,4.121639728546143,9.017842292785645,14.524322509765625,2.282987594604492
114,93.66888600778982,13,-2.158668279647827,-2.0265579223632812e-06,-2.158666253089905,-0.21586662530899048,1.0000007152557373,-1.1379718780517578,1.1379718780517578,1.55077842123319e-07,2.04966139793396,4.122602939605713,9.01820182800293,14.524324417114258,2.2830424308776855
115,93.7597048458983,13,-2.1585211753845215,-2.1457672119140625e-06,-2.1585190296173096,-0.21585190296173096,0.9999997615814209,-1.1379718780517578,1.1379718780517578,1.7179887379370484e-07,2.049715995788574,4.12355899810791,9.018561363220215,14.524324417114258,2.2830960750579834
116,93.85053954686948,13,-2.1583714485168457,-1.1324882507324219e-06,-2.158370316028595,-0.2158370316028595,0.9999995827674866,-1.1379719972610474,1.1379719972610474,1.9278705565284326e-07,2.049769878387451,4.124513626098633,9.018921852111816,14.524322509765625,2.2831499576568604
117,93.94139302750551,13,-2.158217668533325,1.2516975402832031e-06,-2.1582189202308655,-0.21582189202308655,1.0000028610229492,-1.1379719972610474,1.1379719972610474,1.983762558666058e-07,2.0498228073120117,4.125460624694824,9.01928424835205,14.524323463439941,2.283202648162842
118,94.03226159287894,13,-2.1580684185028076,1.1920928955078125e-06,-2.158069610595703,-0.2158069610595703,0.9999997019767761,-1.1379718780517578,1.1379718780517578,1.2370932722660655e-07,2.049875497817993,4.126404285430908,9.019647598266602,14.524322509765625,2.2832565307617188
119,94.12314941071769,13,-2.1579155921936035,-1.2516975402832031e-06,-2.1579143404960632,-0.21579143404960632,0.999999463558197,-1.1379719972610474,1.1379719972610474,1.9278705565284326e-07,2.049926996231079,4.12734317779541,9.020012855529785,14.524324417114258,2.2833094596862793
120,94.21405277307372,13,-2.157759428024292,-3.337860107421875e-06,-2.1577560901641846,-0.21577560901641846,0.9999980926513672,-1.1379718780517578,1.1379718780517578,1.3632103446070687e-07,2.049978017807007,4.1282758712768555,9.020377159118652,14.524323463439941,2.28336238861084
121,94.30497264542018,13,-2.157602071762085,2.6226043701171875e-06,-2.157604694366455,-0.2157604694366455,0.9999993443489075,-1.1379719972610474,1.1379719972610474,2.0647654253025394e-07,2.0500283241271973,4.1292033195495605,9.020745277404785,14.524322509765625,2.2834157943725586
122,94.39591049632742,13,-2.15744686126709,4.76837158203125e-07,-2.157447338104248,-0.2157447338104248,0.9999997019767761,-1.1379718780517578,1.1379718780517578,1.6197353147617832e-07,2.0500781536102295,4.130127429962158,9.02111530303955,14.524324417114258,2.283468246459961
123,94.48686531985976,13,-2.1572864055633545,4.470348358154297e-06,-2.1572908759117126,-0.21572908759117126,1.0000003576278687,-1.1379718780517578,1.1379718780517578,1.7495140980372526e-07,2.0501275062561035,4.131049156188965,9.021486282348633,14.524324417114258,2.2835216522216797
124,94.577836597816,13,-2.157127618789673,8.344650268554688e-07,-2.1571284532546997,-0.21571284532546997,0.9999993443489075,-1.1379718780517578,1.1379718780517578,1.9560161490517203e-07,2.050175666809082,4.131961345672607,9.021857261657715,14.524324417114258,2.283573865890503
125,94.66882544888699,13,-2.156965494155884,-1.5497207641601562e-06,-2.1569639444351196,-0.21569639444351196,0.9999997615814209,-1.1379718780517578,1.1379718780517578,1.6197353147617832e-07,2.050222873687744,4.132870197296143,9.02223014831543,14.524324417114258,2.283625841140747
126,94.75983196295866,13,-2.156799077987671,-2.384185791015625e-07,-2.156798839569092,-0.21567988395690918,0.9999984502792358,-1.1379719972610474,1.1379719972610474,2.0111259857458208e-07,2.0502703189849854,4.1337761878967285,9.022604942321777,14.524324417114258,2.2836785316467285
127,94.85085376636317,13,-2.1566379070281982,-2.086162567138672e-06,-2.156635820865631,-0.2156635820865631,0.9999988079071045,-1.1379718780517578,1.1379718780517578,1.7804812557642435e-07,2.05031681060791,4.134675979614258,9.022981643676758,14.524323463439941,2.2837307453155518
128,94.94189372189591,13,-2.156468629837036,-1.4901161193847656e-06,-2.1564671397209167,-0.21564671397209167,0.9999995827674866,-1.1379717588424683,1.1379717588424683,1.6531353708160168e-07,2.0503621101379395,4.135570526123047,9.023358345031738,14.524324417114258,2.2837822437286377
129,95.03295062189808,13,-2.1562976837158203,1.9669532775878906e-06,-2.156299650669098,-0.2156299650669098,1.0000017881393433,-1.1379719972610474,1.1379719972610474,1.7495140980372526e-07,2.050407648086548,4.13646125793457,9.023737907409668,14.524322509765625,2.28383469581604
130,95.12402521442483,13,-2.1561312675476074,-2.086162567138672e-06,-2.1561291813850403,-0.21561291813850403,1.0000014305114746,-1.1379718780517578,1.1379718780517578,1.4786093061047723e-07,2.0504515171051025,4.137345790863037,9.024117469787598,14.524323463439941,2.2838857173919678
131,95.21511583861096,13,-2.1559596061706543,0.0,-2.1559596061706543,-0.21559596061706543,0.9999993443489075,-1.1379719972610474,1.1379719972610474,2.2906516505827312e-07,2.0504958629608154,4.138228416442871,9.024499893188477,14.524324417114258,2.283937692642212
132,95.30622370237792,13,-2.155787706375122,-3.039836883544922e-06,-2.1557846665382385,-0.21557846665382385,1.0000019073486328,-1.1379718780517578,1.1379718780517578,1.6531353708160168e-07,2.0505385398864746,4.139103412628174,9.024882316589355,14.524324417114258,2.2839889526367188
133,95.39734892542678,13,-2.1556100845336914,3.516674041748047e-06,-2.155613601207733,-0.21556136012077332,1.0000001192092896,-1.1379718780517578,1.1379718780517578,1.983762558666058e-07,2.050581216812134,4.139975070953369,9.0252685546875,14.524324417114258,2.284040927886963
134,95.48849192222606,13,-2.1554348468780518,-3.5762786865234375e-07,-2.155434489250183,-0.2155434489250183,1.0000009536743164,-1.1379718780517578,1.1379718780517578,1.9560161490517203e-07,2.0506231784820557,4.140842914581299,9.025653839111328,14.524324417114258,2.2840914726257324
135,95.57965074682413,13,-2.1552581787109375,5.245208740234375e-06,-2.1552634239196777,-0.21552634239196777,0.9999997615814209,-1.1379718780517578,1.1379718780517578,1.899308017527801e-07,2.050663471221924,4.141703128814697,9.026041030883789,14.524325370788574,2.2841432094573975
136,95.67082644347988,13,-2.155076265335083,2.682209014892578e-06,-2.155078947544098,-0.2155078947544098,1.0000008344650269,-1.1379718780517578,1.1379718780517578,1.6197353147617832e-07,2.050703763961792,4.142559051513672,9.026429176330566,14.524323463439941,2.284193515777588
137,95.76202055746293,13,-2.1548991203308105,-1.6689300537109375e-06,-2.154897451400757,-0.21548974514007568,0.9999997019767761,-1.1379719972610474,1.1379719972610474,2.5822799898378435e-07,2.050743341445923,4.143411636352539,9.026819229125977,14.524324417114258,2.2842440605163574
138,95.85323201229086,13,-2.154719829559326,1.7881393432617188e-06,-2.1547216176986694,-0.21547216176986694,0.9999991059303284,-1.1379718780517578,1.1379718780517578,1.55077842123319e-07,2.0507826805114746,4.144259452819824,9.027212142944336,14.524322509765625,2.284294605255127
139,95.94445966279953,13,-2.1545376777648926,9.5367431640625e-07,-2.154538631439209,-0.2154538631439209,1.0000009536743164,-1.1379719972610474,1.1379719972610474,1.8703092052874126e-07,2.050820827484131,4.145101547241211,9.027604103088379,14.524322509765625,2.2843449115753174
140,96.03570449562505,13,-2.154350519180298,-1.430511474609375e-06,-2.1543490886688232,-0.21543490886688232,1.0000007152557373,-1.1379718780517578,1.1379718780517578,1.6197353147617832e-07,2.050858497619629,4.145937442779541,9.027997970581055,14.524323463439941,2.284395456314087
141,96.12696674097953,13,-2.1541616916656494,2.384185791015625e-07,-2.1541619300842285,-0.21541619300842285,1.0000014305114746,-1.1379718780517578,1.1379718780517578,1.5856318213991472e-07,2.0508954524993896,4.146770477294922,9.02839469909668,14.524324417114258,2.284445285797119
142,96.21824612096276,13,-2.15397572517395,2.6226043701171875e-06,-2.1539783477783203,-0.21539783477783203,0.9999997615814209,-1.1379718780517578,1.1379718780517578,1.7495140980372526e-07,2.050931692123413,4.147598743438721,9.028792381286621,14.524325370788574,2.2844960689544678
143,96.30954236391567,13,-2.15378737449646,1.430511474609375e-06,-2.1537888050079346,-0.21537888050079346,0.9999994039535522,-1.1379718780517578,1.1379718780517578,1.3632103446070687e-07,2.050967216491699,4.148421764373779,9.029191017150879,14.524324417114258,2.284545421600342
144,96.40085697214289,13,-2.153599262237549,-1.1920928955078125e-06,-2.1535980701446533,-0.21535980701446533,0.9999990463256836,-1.1379718780517578,1.1379718780517578,1.5151236709698424e-07,2.051001787185669,4.149239540100098,9.029590606689453,14.524324417114258,2.284595489501953
145,96.49218704128,13,-2.1534035205841064,-3.5762786865234375e-07,-2.153403162956238,-0.21534031629562378,0.9999980926513672,-1.1379718780517578,1.1379718780517578,1.4027318684384227e-07,2.0510363578796387,4.150052547454834,9.02999210357666,14.524322509765625,2.284644842147827
146,96.58353486566557,13,-2.1532087326049805,5.4836273193359375e-06,-2.1532142162323,-0.21532142162322998,0.9999984502792358,-1.1379718780517578,1.1379718780517578,1.3632103446070687e-07,2.051069498062134,4.1508612632751465,9.030394554138184,14.524322509765625,2.284693956375122
147,96.67489996539835,13,-2.153015613555908,-1.7881393432617188e-07,-2.153015434741974,-0.2153015434741974,1.0000014305114746,-1.1379718780517578,1.1379718780517578,1.9560161490517203e-07,2.051102638244629,4.151664733886719,9.03079891204834,14.524324417114258,2.2847437858581543
148,96.76628286780644,13,-2.1528186798095703,4.231929779052734e-06,-2.1528229117393494,-0.21528229117393494,0.9999997019767761,-1.1379718780517578,1.1379718780517578,1.899308017527801e-07,2.0511345863342285,4.152463436126709,9.031205177307129,14.524324417114258,2.284792423248291
149,96.85768166304943,13,-2.152618885040283,1.7881393432617188e-07,-2.1526190638542175,-0.21526190638542175,1.000001311302185,-1.1379718780517578,1.1379718780517578,1.4411699567062897e-07,2.05116605758667,4.153256893157959,9.031611442565918,14.524324417114258,2.284841775894165
150,96.94909886204375,13,-2.152421474456787,1.7881393432617188e-06,-2.1524232625961304,-0.21524232625961304,1.0000007152557373,-1.1379718780517578,1.1379718780517578,1.6197353147617832e-07,2.051196813583374,4.154047012329102,9.032020568847656,14.524323463439941,2.2848904132843018
151,97.04053271286408,13,-2.1522200107574463,2.682209014892578e-06,-2.152222692966461,-0.21522226929664612,1.0000008344650269,-1.1379718780517578,1.1379718780517578,1.5151236709698424e-07,2.051227331161499,4.154832363128662,9.032430648803711,14.524322509765625,2.2849390506744385
152,97.13198329393187,13,-2.152017593383789,1.8477439880371094e-06,-2.152019441127777,-0.2152019441127777,0.9999999403953552,-1.1379719972610474,1.1379719972610474,1.7804812557642435e-07,2.0512566566467285,4.155611038208008,9.032842636108398,14.524323463439941,2.284987688064575
153,97.22345222110093,13,-2.1518173217773438,-3.516674041748047e-06,-2.151813805103302,-0.2151813805103302,1.0000003576278687,-1.1379719972610474,1.1379719972610474,1.5856318213991472e-07,2.0512850284576416,4.156384468078613,9.033254623413086,14.524324417114258,2.285036087036133
154,97.31493678519621,13,-2.151613235473633,1.7881393432617188e-06,-2.151615023612976,-0.2151615023612976,1.0000008344650269,-1.1379718780517578,1.1379718780517578,1.55077842123319e-07,2.051313638687134,4.157155513763428,9.033669471740723,14.524324417114258,2.2850844860076904
155,97.4064404800513,13,-2.1514055728912354,5.364418029785156e-07,-2.1514061093330383,-0.21514061093330383,1.0000015497207642,-1.1379718780517578,1.1379718780517578,1.8703092052874126e-07,2.0513405799865723,4.15792179107666,9.034086227416992,14.524324417114258,2.2851500511169434
156,97.49795937302608,13,-2.1511974334716797,-3.2186508178710938e-06,-2.151194214820862,-0.21511942148208618,0.9999994039535522,-1.1379718780517578,1.1379718780517578,1.2370932722660655e-07,2.0513670444488525,4.158679962158203,9.034501075744629,14.524324417114258,2.2852423191070557
157,97.5894965832244,13,-2.150988817214966,-3.516674041748047e-06,-2.150985300540924,-0.2150985300540924,0.9999999403953552,-1.1379718780517578,1.1379718780517578,1.5856318213991472e-07,2.051393508911133,4.159435749053955,9.034920692443848,14.524324417114258,2.2853355407714844
158,97.68105083404771,13,-2.150770664215088,4.231929779052734e-06,-2.150774896144867,-0.2150774896144867,1.000001072883606,-1.1379718780517578,1.1379718780517578,1.1920928955078125e-07,2.051419258117676,4.160187244415283,9.035341262817383,14.524324417114258,2.2854278087615967
159,97.77262378348217,13,-2.1505608558654785,1.2516975402832031e-06,-2.150562107563019,-0.21505621075630188,0.9999997019767761,-1.1379718780517578,1.1379718780517578,1.4027318684384227e-07,2.051443576812744,4.160932540893555,9.035762786865234,14.524324417114258,2.285520315170288
160,97.86421143449239,13,-2.1503448486328125,-5.960464477539062e-07,-2.1503442525863647,-0.21503442525863647,0.9999980330467224,-1.1379718780517578,1.1379718780517578,1.7495140980372526e-07,2.0514678955078125,4.161673545837402,9.036187171936035,14.524322509765625,2.2856128215789795
161,97.95581789324174,13,-2.150132179260254,2.2649765014648438e-06,-2.1501344442367554,-0.21501344442367554,1.0000005960464478,-1.1379718780517578,1.1379718780517578,1.5856318213991472e-07,2.0514917373657227,4.162411212921143,9.036611557006836,14.524325370788574,2.28570556640625
162,98.04744155027873,13,-2.1499183177948,-5.364418029785156e-07,-2.149917781352997,-0.21499177813529968,0.9999990463256836,-1.1379718780517578,1.1379718780517578,1.7179887379370484e-07,2.051513910293579,4.163141250610352,9.037035942077637,14.524324417114258,2.285797357559204
163,98.13908136159657,13,-2.14969539642334,-2.384185791015625e-07,-2.1496951580047607,-0.21496951580047607,1.0000007152557373,-1.1379718780517578,1.1379718780517578,1.5151236709698424e-07,2.0515353679656982,4.163866996765137,9.03746223449707,14.524324417114258,2.285888671875
164,98.23073966317241,13,-2.1494758129119873,5.9604644775390625e-06,-2.149481773376465,-0.21494817733764648,1.0000005960464478,-1.1379718780517578,1.1379718780517578,1.1453258252913656e-07,2.0515570640563965,4.164588451385498,9.03789234161377,14.524324417114258,2.2859809398651123
165,98.32241457941475,13,-2.149258613586426,-4.5299530029296875e-06,-2.149254083633423,-0.21492540836334229,1.0000001192092896,-1.1379718780517578,1.1379718780517578,1.4786093061047723e-07,2.05157732963562,4.165304660797119,9.038322448730469,14.524324417114258,2.286072254180908
166,98.41410683829795,13,-2.1490297317504883,2.3245811462402344e-06,-2.1490320563316345,-0.21490320563316345,0.9999988675117493,-1.1379718780517578,1.1379718780517578,1.55077842123319e-07,2.0515973567962646,4.166016101837158,9.0387544631958,14.524323463439941,2.286163330078125
167,98.50581656704769,13,-2.1488099098205566,-4.947185516357422e-06,-2.1488049626350403,-0.21488049626350403,0.9999995827674866,-1.1379718780517578,1.1379718780517578,1.3632103446070687e-07,2.0516164302825928,4.166723728179932,9.039186477661133,14.524324417114258,2.2862541675567627
168,98.5975438647002,13,-2.1485867500305176,-2.3245811462402344e-06,-2.1485844254493713,-0.21485844254493713,0.9999998807907104,-1.1379718780517578,1.1379718780517578,1.0455346455273684e-07,2.051635265350342,4.167426109313965,9.039621353149414,14.524321556091309,2.286345958709717
169,98.68928691482517,13,-2.1483569145202637,1.0132789611816406e-06,-2.148357927799225,-0.21483579277992249,1.0000007152557373,-1.1379719972610474,1.1379719972610474,2.038122204339743e-07,2.0516531467437744,4.168123245239258,9.040058135986328,14.524324417114258,2.2864367961883545
170,98.7810479632115,13,-2.148129940032959,0.0,-2.148129940032959,-0.2148129940032959,1.000000238418579,-1.1379718780517578,1.1379718780517578,1.7495140980372526e-07,2.051670551300049,4.168817043304443,9.040495872497559,14.524324417114258,2.286526918411255
171,98.87282785960845,13,-2.147900104522705,5.960464477539063e-08,-2.14790016412735,-0.21479001641273499,0.9999985694885254,-1.1379718780517578,1.1379718780517578,1.6531353708160168e-07,2.0516867637634277,4.169503211975098,9.040934562683105,14.524325370788574,2.2866177558898926
172,98.96462378125432,13,-2.1476712226867676,-3.516674041748047e-06,-2.147667706012726,-0.21476677060127258,1.0000016689300537,-1.1379719972610474,1.1379719972610474,1.7179887379370484e-07,2.0517027378082275,4.170186519622803,9.041375160217285,14.524325370788574,2.286707878112793
173,99.05643717654881,13,-2.147432565689087,3.874301910400391e-06,-2.1474364399909973,-0.21474364399909973,1.000001072883606,-1.1379718780517578,1.1379718780517578,1.2805131177628937e-07,2.051717519760132,4.170865535736084,9.041817665100098,14.524325370788574,2.2867977619171143
174,99.14826810748295,13,-2.1472043991088867,1.9669532775878906e-06,-2.1472063660621643,-0.21472063660621643,1.0000008344650269,-1.1379719972610474,1.1379719972610474,1.2805131177628937e-07,2.051732063293457,4.171537399291992,9.04226016998291,14.524322509765625,2.2868874073028564
175,99.24011592092486,13,-2.1469664573669434,-3.5762786865234375e-06,-2.146962881088257,-0.21469628810882568,0.9999986886978149,-1.1379718780517578,1.1379718780517578,1.4411699567062897e-07,2.0517454147338867,4.172204971313477,9.042704582214355,14.524323463439941,2.2869768142700195
176,99.33198112055175,13,-2.1467247009277344,5.7220458984375e-06,-2.146730422973633,-0.21467304229736328,0.9999987483024597,-1.1379718780517578,1.1379718780517578,1.322508325074523e-07,2.0517590045928955,4.17287015914917,9.04315185546875,14.524321556091309,2.28706693649292
177,99.42386304396547,13,-2.146491527557373,1.9669532775878906e-06,-2.1464934945106506,-0.21464934945106506,0.9999993443489075,-1.1379719972610474,1.1379719972610474,1.8703092052874126e-07,2.051771402359009,4.173529148101807,9.043600082397461,14.524323463439941,2.287156581878662
178,99.51576238669347,13,-2.1462466716766357,4.231929779052734e-06,-2.146250903606415,-0.21462509036064148,0.999999463558197,-1.1379718780517578,1.1379718780517578,1.2805131177628937e-07,2.0517830848693848,4.174181938171387,9.044050216674805,14.52432632446289,2.287245512008667
179,99.60767981820403,13,-2.146010398864746,-5.960464477539062e-07,-2.1460098028182983,-0.21460098028182983,0.9999987483024597,-1.1379718780517578,1.1379718780517578,1.322508325074523e-07,2.0517940521240234,4.174832344055176,9.044500350952148,14.524324417114258,2.287334680557251
180,99.69961386791954,13,-2.145768404006958,0.0,-2.145768404006958,-0.2145768404006958,1.0000008344650269,-1.1379718780517578,1.1379718780517578,1.4027318684384227e-07,2.051804542541504,4.175475597381592,9.044950485229492,14.524322509765625,2.2874233722686768
181,99.79156665262376,13,-2.145526885986328,1.9073486328125e-06,-2.145528793334961,-0.2145528793334961,0.9999992847442627,-1.1379718780517578,1.1379718780517578,1.6858739115832577e-07,2.051814079284668,4.176113605499268,9.045405387878418,14.524324417114258,2.2875118255615234
182,99.8835366933123,13,-2.1452810764312744,-1.430511474609375e-06,-2.1452796459198,-0.21452796459197998,0.9999996423721313,-1.1379718780517578,1.1379718780517578,1.2370932722660655e-07,2.0518229007720947,4.176748752593994,9.045859336853027,14.524324417114258,2.28760027885437
183,99.97552331117181,13,-2.145029306411743,-2.086162567138672e-06,-2.145027220249176,-0.2145027220249176,1.0000008344650269,-1.1379718780517578,1.1379718780517578,1.2370932722660655e-07,2.0518312454223633,4.177377700805664,9.046316146850586,14.524323463439941,2.2876884937286377
184,100.0675264217745,13,-2.144784927368164,-2.980232238769531e-07,-2.14478462934494,-0.21447846293449402,0.9999987483024597,-1.1379718780517578,1.1379718780517578,1.9278705565284326e-07,2.0518391132354736,4.178003787994385,9.046774864196777,14.524324417114258,2.287776470184326
185,100.15954901774789,13,-2.144533634185791,6.556510925292969e-07,-2.1445342898368835,-0.21445342898368835,0.9999979734420776,-1.1379718780517578,1.1379718780517578,1.55077842123319e-07,2.0518455505371094,4.178622245788574,9.047234535217285,14.524323463439941,2.2878639698028564
186,100.25158734439182,13,-2.1442880630493164,-3.814697265625e-06,-2.144284248352051,-0.21442842483520508,1.000001072883606,-1.1379718780517578,1.1379718780517578,1.7495140980372526e-07,2.0518527030944824,4.179238796234131,9.047696113586426,14.524324417114258,2.287952184677124
187,100.34364162715126,13,-2.1440343856811523,-6.139278411865234e-06,-2.1440282464027405,-0.21440282464027405,1.0,-1.1379718780517578,1.1379718780517578,1.322508325074523e-07,2.0518574714660645,4.179848670959473,9.048157691955566,14.524322509765625,2.2880396842956543
188,100.43571487340412,13,-2.1437790393829346,-2.384185791015625e-07,-2.1437788009643555,-0.21437788009643555,1.0000009536743164,-1.1379718780517578,1.1379718780517578,1.4027318684384227e-07,2.0518622398376465,4.180454254150391,9.048622131347656,14.524323463439941,2.2881267070770264
189,100.52780671301376,13,-2.1435210704803467,5.364418029785156e-07,-2.1435216069221497,-0.21435216069221497,1.0000001192092896,-1.1379718780517578,1.1379718780517578,1.5151236709698424e-07,2.0518667697906494,4.181055068969727,9.049087524414062,14.524323463439941,2.2882139682769775
190,100.61991459495923,13,-2.1432642936706543,1.0132789611816406e-06,-2.1432653069496155,-0.21432653069496155,1.0000004768371582,-1.1379718780517578,1.1379718780517578,9.351546026437063e-08,2.0518698692321777,4.181649684906006,9.049553871154785,14.524322509765625,2.2883007526397705
191,100.71203996318407,13,-2.143007278442383,1.1324882507324219e-06,-2.1430084109306335,-0.21430084109306335,1.0000005960464478,-1.1379719972610474,1.1379719972610474,1.983762558666058e-07,2.051872730255127,4.1822404861450195,9.050023078918457,14.524322509765625,2.2883872985839844
192,100.80418284837315,13,-2.142747402191162,-5.960464477539063e-08,-2.1427473425865173,-0.21427473425865173,1.0,-1.1379718780517578,1.1379718780517578,1.322508325074523e-07,2.051875114440918,4.182826995849609,9.050493240356445,14.524324417114258,2.2884740829467773
193,100.89634362677123,13,-2.142482042312622,1.2516975402832031e-06,-2.1424832940101624,-0.21424832940101624,0.9999992847442627,-1.1379718780517578,1.1379718780517578,1.1920928955078125e-07,2.0518763065338135,4.183408737182617,9.050965309143066,14.524325370788574,2.288560628890991
194,100.98852075440725,13,-2.142223834991455,1.6689300537109375e-06,-2.142225503921509,-0.21422255039215088,0.9999984502792358,-1.1379719972610474,1.1379719972610474,1.8109190591530933e-07,2.051877498626709,4.183985233306885,9.051438331604004,14.524324417114258,2.288646936416626
195,101.08071486900313,13,-2.1419575214385986,1.8477439880371094e-06,-2.1419593691825867,-0.21419593691825867,1.0000004768371582,-1.1379718780517578,1.1379718780517578,1.6531353708160168e-07,2.051877021789551,4.184555530548096,9.051912307739258,14.524323463439941,2.2887325286865234
196,101.17292677940272,13,-2.141692638397217,5.066394805908203e-06,-2.1416977047920227,-0.21416977047920227,0.9999997615814209,-1.1379718780517578,1.1379718780517578,1.8703092052874126e-07,2.0518767833709717,4.185122013092041,9.052388191223145,14.524324417114258,2.288818359375
197,101.26515633710324,13,-2.141418218612671,1.1324882507324219e-06,-2.1414193511009216,-0.21414193511009216,0.9999989867210388,-1.1379718780517578,1.1379718780517578,1.1920928955078125e-07,2.051875591278076,4.185685157775879,9.052865982055664,14.524323463439941,2.2889041900634766
198,101.35740316201661,13,-2.141146421432495,2.384185791015625e-07,-2.141146659851074,-0.21411466598510742,0.999999463558197,-1.1379718780517578,1.1379718780517578,1.4786093061047723e-07,2.051872730255127,4.186240196228027,9.053343772888184,14.524323463439941,2.288989305496216
199,101.44966728037626,13,-2.1408698558807373,-6.556510925292969e-07,-2.1408692002296448,-0.21408692002296448,1.000000238418579,-1.1379718780517578,1.1379718780517578,1.2370932722660655e-07,2.051870584487915,4.186792850494385,9.053824424743652,14.524322509765625,2.289074420928955
200,101.54194912255652,13,-2.140584945678711,1.1324882507324219e-06,-2.1405860781669617,-0.21405860781669617,1.0000004768371582,-1.1379718780517578,1.1379718780517578,1.8703092052874126e-07,2.0518672466278076,4.187340259552002,9.05430793762207,14.524324417114258,2.2891597747802734
201,101.63424932998372,13,-2.1403048038482666,-9.5367431640625e-07,-2.14030385017395,-0.21403038501739502,1.0000004768371582,-1.1379718780517578,1.1379718780517578,1.3632103446070687e-07,2.051863193511963,4.187882423400879,9.054789543151855,14.524322509765625,2.2892439365386963
202,101.72656590593544,13,-2.1400251388549805,-1.1324882507324219e-06,-2.1400240063667297,-0.21400240063667297,0.9999997615814209,-1.1379718780517578,1.1379718780517578,1.3632103446070687e-07,2.051858425140381,4.18842077255249,9.055275917053223,14.524324417114258,2.2893292903900146
203,101.81890089965728,13,-2.139742612838745,5.960464477539063e-08,-2.13974267244339,-0.213974267244339,0.9999997615814209,-1.1379718780517578,1.1379718780517578,1.5151236709698424e-07,2.0518534183502197,4.188955783843994,9.055763244628906,14.524324417114258,2.2894136905670166
204,101.91125130235305,13,-2.139451265335083,1.7285346984863281e-06,-2.1394529938697815,-0.21394529938697815,1.0000019073486328,-1.1379717588424683,1.1379717588424683,1.9560161490517203e-07,2.051846981048584,4.189481735229492,9.056249618530273,14.524324417114258,2.2894973754882812
205,102.00361936822931,13,-2.1391584873199463,3.933906555175781e-06,-2.1391624212265015,-0.21391624212265015,0.9999997019767761,-1.1379719972610474,1.1379719972610474,1.7495140980372526e-07,2.05184006690979,4.190003871917725,9.056740760803223,14.524324417114258,2.289581537246704
206,102.09600572424351,13,-2.1388635635375977,-1.2516975402832031e-06,-2.1388623118400574,-0.21388623118400574,0.9999980330467224,-1.1379718780517578,1.1379718780517578,1.3632103446070687e-07,2.0518321990966797,4.190522193908691,9.057229995727539,14.524322509765625,2.2896652221679688
207,102.18841024835527,13,-2.1385679244995117,-9.5367431640625e-07,-2.1385669708251953,-0.21385669708251953,1.0000022649765015,-1.1379718780517578,1.1379718780517578,1.4027318684384227e-07,2.0518240928649902,4.191035270690918,9.057723999023438,14.524324417114258,2.2897486686706543
208,102.28083105612534,13,-2.138275146484375,5.424022674560547e-06,-2.1382805705070496,-0.21382805705070496,1.0,-1.1379719972610474,1.1379719972610474,1.983762558666058e-07,2.0518152713775635,4.1915435791015625,9.05821704864502,14.524324417114258,2.2898318767547607
209,102.37326929449843,13,-2.1379752159118652,-1.1920928955078125e-07,-2.1379750967025757,-0.21379750967025757,1.0000019073486328,-1.1379718780517578,1.1379718780517578,1.6197353147617832e-07,2.0518054962158203,4.192048072814941,9.058712005615234,14.524322509765625,2.289915084838867
210,102.4657248687349,13,-2.1376776695251465,-2.980232238769531e-07,-2.1376773715019226,-0.21376773715019226,0.9999995827674866,-1.1379718780517578,1.1379718780517578,1.5151236709698424e-07,2.051795721054077,4.19254732131958,9.059210777282715,14.524324417114258,2.28999924659729
211,102.55819856158723,13,-2.1373727321624756,2.4437904357910156e-06,-2.1373751759529114,-0.21373751759529114,1.0000016689300537,-1.1379718780517578,1.1379718780517578,1.2805131177628937e-07,2.0517847537994385,4.193040370941162,9.059709548950195,14.524324417114258,2.29008150100708
212,102.65068801145294,13,-2.137068510055542,2.384185791015625e-06,-2.137070894241333,-0.2137070894241333,0.999998152256012,-1.1379718780517578,1.1379718780517578,1.7495140980372526e-07,2.0517728328704834,4.19352912902832,9.06020736694336,14.524319648742676,2.290163516998291
213,102.74319787046251,13,-2.136765718460083,3.5762786865234375e-06,-2.1367692947387695,-0.21367692947387695,1.0000020265579224,-1.1379718780517578,1.1379718780517578,1.8408536561764777e-07,2.0517611503601074,4.194015979766846,9.060710906982422,14.524322509765625,2.2902464866638184
214,102.83572212144928,13,-2.1364614963531494,1.430511474609375e-06,-2.136462926864624,-0.2136462926864624,1.000002145767212,-1.1379719972610474,1.1379719972610474,1.9278705565284326e-07,2.051748037338257,4.194494724273682,9.061214447021484,14.524324417114258,2.29032826423645
215,102.92826725875223,13,-2.1361563205718994,-3.5762786865234375e-07,-2.1361559629440308,-0.21361559629440308,1.0000001192092896,-1.1379718780517578,1.1379718780517578,1.4411699567062897e-07,2.051734447479248,4.194969177246094,9.06171989440918,14.524325370788574,2.2904105186462402
216,103.02082745654026,13,-2.1358489990234375,-4.76837158203125e-06,-2.1358442306518555,-0.21358442306518555,0.9999996423721313,-1.1379718780517578,1.1379718780517578,1.55077842123319e-07,2.0517196655273438,4.195438861846924,9.062225341796875,14.524324417114258,2.290492057800293
217,103.11340364375118,13,-2.1355364322662354,-9.5367431640625e-07,-2.135535478591919,-0.2135535478591919,0.9999987483024597,-1.1379718780517578,1.1379718780517578,1.55077842123319e-07,2.0517046451568604,4.195903301239014,9.06273365020752,14.524322509765625,2.290573835372925
218,103.20600071561911,13,-2.1352288722991943,-9.5367431640625e-07,-2.135227918624878,-0.2135227918624878,1.0000007152557373,-1.1379718780517578,1.1379718780517578,1.899308017527801e-07,2.051689386367798,4.1963653564453125,9.063243865966797,14.524322509765625,2.2906553745269775
219,103.29861088416042,13,-2.1349165439605713,2.3245811462402344e-06,-2.1349188685417175,-0.21349188685417175,0.999998152256012,-1.1379718780517578,1.1379718780517578,1.7179887379370484e-07,2.0516726970672607,4.196820259094238,9.063754081726074,14.524324417114258,2.290736198425293
220,103.3912419207681,13,-2.1346006393432617,8.344650268554688e-07,-2.1346014738082886,-0.21346014738082886,0.9999975562095642,-1.1379719972610474,1.1379719972610474,1.7495140980372526e-07,2.0516557693481445,4.197270393371582,9.064266204833984,14.524325370788574,2.2908170223236084
221,103.48388854017847,13,-2.134288787841797,-3.2186508178710938e-06,-2.134285569190979,-0.2134285569190979,1.000000238418579,-1.1379718780517578,1.1379718780517578,1.7179887379370484e-07,2.051637887954712,4.197715759277344,9.064780235290527,14.524324417114258,2.290898084640503
222,103.57655471377818,13,-2.1339666843414307,-1.4901161193847656e-06,-2.1339651942253113,-0.21339651942253113,0.9999997019767761,-1.1379718780517578,1.1379718780517578,1.4027318684384227e-07,2.051619052886963,4.198156833648682,9.065296173095703,14.524322509765625,2.290977954864502
223,103.66923668526023,13,-2.1336541175842285,8.344650268554688e-07,-2.1336549520492554,-0.21336549520492554,1.000000238418579,-1.1379719972610474,1.1379719972610474,1.7804812557642435e-07,2.0515997409820557,4.1985931396484375,9.065813064575195,14.524324417114258,2.291058301925659
224,103.76193709971255,13,-2.1333351135253906,-8.344650268554688e-07,-2.1333342790603638,-0.21333342790603638,0.9999989867210388,-1.1379718780517578,1.1379718780517578,1.4786093061047723e-07,2.0515804290771484,4.1990251541137695,9.066332817077637,14.524323463439941,2.2911393642425537
225,103.85465399889468,13,-2.1330103874206543,1.1324882507324219e-06,-2.133011519908905,-0.2133011519908905,0.9999992847442627,-1.1379717588424683,1.1379717588424683,1.5151236709698424e-07,2.0515594482421875,4.19944953918457,9.066849708557129,14.524324417114258,2.2912185192108154
226,103.9473879966833,13,-2.1326897144317627,-5.960464477539063e-08,-2.132689654827118,-0.2132689654827118,1.000000238418579,-1.1379719972610474,1.1379719972610474,1.7495140980372526e-07,2.0515387058258057,4.199872016906738,9.067373275756836,14.524322509765625,2.2912981510162354
227,104.04014030364705,13,-2.132366180419922,-1.7881393432617188e-07,-2.1323660016059875,-0.21323660016059875,1.0000001192092896,-1.1379718780517578,1.1379718780517578,1.6197353147617832e-07,2.051516532897949,4.200288772583008,9.067896842956543,14.524322509765625,2.291377544403076
228,104.13291083232323,13,-2.1320393085479736,-5.364418029785156e-07,-2.1320387721061707,-0.21320387721061707,0.999999463558197,-1.1379718780517578,1.1379718780517578,9.91881279333029e-08,2.0514934062957764,4.200699806213379,9.068419456481934,14.524323463439941,2.291456699371338
229,104.22569869794333,13,-2.131714344024658,-1.1920928955078125e-07,-2.1317142248153687,-0.21317142248153687,0.9999995827674866,-1.1379719972610474,1.1379719972610474,1.7179887379370484e-07,2.0514707565307617,4.201109409332275,9.068948745727539,14.524324417114258,2.2915360927581787
230,104.31850219815017,13,-2.1313846111297607,2.9802322387695312e-06,-2.1313875913619995,-0.21313875913619995,1.0000009536743164,-1.1379718780517578,1.1379718780517578,1.3632103446070687e-07,2.0514466762542725,4.201509952545166,9.069476127624512,14.524324417114258,2.2916147708892822
231,104.41132377270638,13,-2.1310596466064453,-2.2649765014648438e-06,-2.131057381629944,-0.21310573816299438,1.0000007152557373,-1.1379718780517578,1.1379718780517578,1.7179887379370484e-07,2.051422119140625,4.201908588409424,9.070006370544434,14.524323463439941,2.2916934490203857
232,104.50416384917911,13,-2.1307268142700195,3.039836883544922e-06,-2.130729854106903,-0.2130729854106903,1.0000009536743164,-1.1379718780517578,1.1379718780517578,1.4786093061047723e-07,2.051396608352661,4.202300548553467,9.070537567138672,14.524322509765625,2.29177188873291
233,104.59702101827536,13,-2.1303999423980713,-8.940696716308594e-07,-2.1303990483283997,-0.21303990483283997,1.0000007152557373,-1.1379719972610474,1.1379719972610474,1.6197353147617832e-07,2.051370859146118,4.202688694000244,9.071069717407227,14.524323463439941,2.2918500900268555
234,104.68989631826422,13,-2.130067825317383,-1.0728836059570312e-06,-2.130066752433777,-0.21300667524337769,1.000000238418579,-1.1379718780517578,1.1379718780517578,1.5856318213991472e-07,2.051344394683838,4.203073501586914,9.071605682373047,14.524325370788574,2.291928291320801
235,104.78278700262108,13,-2.1297314167022705,-2.0265579223632812e-06,-2.129729390144348,-0.21297293901443481,1.0000001192092896,-1.1379718780517578,1.1379718780517578,1.4411699567062897e-07,2.051316499710083,4.203449249267578,9.072138786315918,14.524322509765625,2.2920053005218506
236,104.87569771939312,13,-2.129394054412842,5.125999450683594e-06,-2.1293991804122925,-0.21293991804122925,1.0000016689300537,-1.1379718780517578,1.1379718780517578,1.9560161490517203e-07,2.051288366317749,4.203824043273926,9.072676658630371,14.524324417114258,2.292083263397217
237,104.9686236811568,13,-2.129061460494995,2.7418136596679688e-06,-2.129064202308655,-0.21290642023086548,1.0,-1.1379718780517578,1.1379718780517578,1.4411699567062897e-07,2.051259756088257,4.204192161560059,9.073217391967773,14.524324417114258,2.292160987854004
238,105.06156810979522,13,-2.1287217140197754,1.2516975402832031e-06,-2.1287229657173157,-0.21287229657173157,0.9999985098838806,-1.1379719972610474,1.1379719972610474,1.6197353147617832e-07,2.0512311458587646,4.204558372497559,9.07375717163086,14.524322509765625,2.2922375202178955
239,105.15452979514696,13,-2.128385305404663,3.874301910400391e-06,-2.1283891797065735,-0.21283891797065735,1.0,-1.1379719972610474,1.1379719972610474,1.899308017527801e-07,2.0512006282806396,4.204915523529053,9.074299812316895,14.524324417114258,2.2923147678375244
240,105.24750740792831,13,-2.1280460357666016,-7.748603820800781e-07,-2.1280452609062195,-0.21280452609062195,0.9999997615814209,-1.1379718780517578,1.1379718780517578,1.4411699567062897e-07,2.0511693954467773,4.205268859863281,9.074843406677246,14.524323463439941,2.292391300201416
241,105.34050502333402,13,-2.127701759338379,-1.3113021850585938e-06,-2.127700448036194,-0.21277004480361938,0.9999997615814209,-1.1379718780517578,1.1379718780517578,1.6531353708160168e-07,2.051138162612915,4.205619812011719,9.075387001037598,14.524323463439941,2.2924675941467285
242,105.4335196251626,13,-2.1273632049560547,4.76837158203125e-07,-2.127363681793213,-0.2127363681793213,0.9999997615814209,-1.1379719972610474,1.1379719972610474,2.2179139591571584e-07,2.0511064529418945,4.205965518951416,9.075936317443848,14.524324417114258,2.29254412651062
243,105.52655147251244,13,-2.1270134449005127,2.4437904357910156e-06,-2.1270158886909485,-0.21270158886909485,1.0000016689300537,-1.1379719972610474,1.1379719972610474,2.1427084107017436e-07,2.051072835922241,4.206302642822266,9.076482772827148,14.524323463439941,2.2926197052001953
244,105.61960111846179,13,-2.126662492752075,1.7285346984863281e-06,-2.1266642212867737,-0.21266642212867737,0.9999999403953552,-1.1379718780517578,1.1379718780517578,1.4411699567062897e-07,2.051039457321167,4.206638336181641,9.077033042907715,14.524324417114258,2.2926950454711914
245,105.7126666480084,13,-2.126322031021118,-1.430511474609375e-06,-2.1263206005096436,-0.21263206005096436,1.000000238418579,-1.1379718780517578,1.1379718780517578,1.4411699567062897e-07,2.0510048866271973,4.206968307495117,9.077585220336914,14.524324417114258,2.292771339416504
246,105.80575067272201,13,-2.1259732246398926,7.748603820800781e-07,-2.1259739995002747,-0.21259739995002747,1.0000017881393433,-1.1379718780517578,1.1379718780517578,1.8408536561764777e-07,2.0509705543518066,4.207296848297119,9.078139305114746,14.524327278137207,2.2928466796875
247,105.89885253148285,13,-2.1256253719329834,-9.5367431640625e-07,-2.125624418258667,-0.2125624418258667,1.0000027418136597,-1.1379719972610474,1.1379719972610474,2.1170463071484846e-07,2.0509350299835205,4.207614421844482,9.078693389892578,14.524324417114258,2.292921543121338
248,105.99196981209553,13,-2.125270366668701,5.960464477539062e-07,-2.125270962715149,-0.2125270962715149,0.9999987483024597,-1.1379719972610474,1.1379719972610474,1.55077842123319e-07,2.050899028778076,4.207931041717529,9.079248428344727,14.524322509765625,2.292996406555176
249,106.08510514207643,13,-2.1249196529388428,-3.635883331298828e-06,-2.1249160170555115,-0.21249160170555115,0.9999988079071045,-1.1379718780517578,1.1379718780517578,1.4027318684384227e-07,2.050861358642578,4.2082414627075195,9.079806327819824,14.524324417114258,2.2930707931518555
250,106.17826164821054,13,-2.1245670318603516,-8.940696716308594e-07,-2.12456613779068,-0.212456613779068,0.9999999403953552,-1.1379717588424683,1.1379717588424683,1.4027318684384227e-07,2.0508246421813965,4.208550453186035,9.080368995666504,14.524324417114258,2.2931458950042725
251,106.27143221173229,13,-2.124213695526123,-7.152557373046875e-07,-2.1242129802703857,-0.21242129802703857,0.9999999403953552,-1.1379719972610474,1.1379719972610474,1.8408536561764777e-07,2.050786018371582,4.208850383758545,9.080927848815918,14.524323463439941,2.293219566345215
252,106.3646205160007,13,-2.1238555908203125,3.5762786865234375e-07,-2.123855948448181,-0.21238559484481812,0.9999997019767761,-1.1379718780517578,1.1379718780517578,1.55077842123319e-07,2.0507466793060303,4.2091474533081055,9.081491470336914,14.524324417114258,2.2932934761047363
253,106.4578266263334,13,-2.1234986782073975,-9.5367431640625e-07,-2.123497724533081,-0.2123497724533081,1.0000007152557373,-1.1379718780517578,1.1379718780517578,1.9560161490517203e-07,2.0507071018218994,4.209439277648926,9.08205509185791,14.524323463439941,2.293367385864258
254,106.55104915737742,13,-2.1231398582458496,-5.960464477539063e-08,-2.123139798641205,-0.21231397986412048,0.9999971985816956,-1.1379718780517578,1.1379718780517578,1.7804812557642435e-07,2.050666570663452,4.209726810455322,9.082620620727539,14.524324417114258,2.293440818786621
255,106.64429174292806,13,-2.12277889251709,5.960464477539062e-07,-2.1227794885635376,-0.21227794885635376,1.0000014305114746,-1.1379718780517578,1.1379718780517578,1.6197353147617832e-07,2.050625801086426,4.21000862121582,9.083187103271484,14.524324417114258,2.2935142517089844
256,106.7375497779459,13,-2.122420310974121,-2.6226043701171875e-06,-2.122417688369751,-0.2122417688369751,1.0000011920928955,-1.1379718780517578,1.1379718780517578,1.6531353708160168e-07,2.050583839416504,4.210286617279053,9.083756446838379,14.524322509765625,2.2935867309570312
257,106.8308246455641,13,-2.1220543384552,3.039836883544922e-06,-2.1220573782920837,-0.21220573782920837,1.0000007152557373,-1.1379718780517578,1.1379718780517578,1.6197353147617832e-07,2.050541639328003,4.210559844970703,9.084329605102539,14.524324417114258,2.2936601638793945
258,106.92411901183577,13,-2.1216912269592285,2.562999725341797e-06,-2.121693789958954,-0.21216937899589539,1.0000007152557373,-1.1379719972610474,1.1379719972610474,1.8408536561764777e-07,2.0504984855651855,4.210827350616455,9.084900856018066,14.524322509765625,2.2937326431274414
259,107.01743018693874,13,-2.1213278770446777,8.344650268554688e-07,-2.1213287115097046,-0.21213287115097046,0.9999989867210388,-1.1379719972610474,1.1379719972610474,1.8703092052874126e-07,2.05045485496521,4.211089611053467,9.085474014282227,14.524325370788574,2.29380464553833
260,107.11075820298105,13,-2.1209633350372314,-2.980232238769531e-07,-2.1209630370140076,-0.21209630370140076,1.0000005960464478,-1.1379718780517578,1.1379718780517578,1.4411699567062897e-07,2.050410509109497,4.211349964141846,9.086050033569336,14.524322509765625,2.293876886367798
261,107.20410531618789,13,-2.1205978393554688,4.172325134277344e-07,-2.120598256587982,-0.21205982565879822,0.9999990463256836,-1.1379718780517578,1.1379718780517578,1.6531353708160168e-07,2.050365686416626,4.211604118347168,9.086627006530762,14.524324417114258,2.2939491271972656
262,107.29746742320667,13,-2.120230197906494,8.940696716308594e-07,-2.1202310919761658,-0.21202310919761658,1.0000007152557373,-1.1379718780517578,1.1379718780517578,1.4786093061047723e-07,2.0503194332122803,4.211852550506592,9.08720588684082,14.524324417114258,2.294020652770996
263,107.3908486307608,13,-2.1198570728302,8.940696716308594e-07,-2.119857966899872,-0.21198579668998718,1.0000019073486328,-1.1379718780517578,1.1379718780517578,1.3632103446070687e-07,2.0502729415893555,4.212096214294434,9.087786674499512,14.524324417114258,2.2940926551818848
264,107.48424787578794,13,-2.1194889545440674,-8.344650268554688e-07,-2.1194881200790405,-0.21194881200790405,0.9999982714653015,-1.1379719972610474,1.1379719972610474,1.7804812557642435e-07,2.0502254962921143,4.21233606338501,9.08836841583252,14.524323463439941,2.294163227081299
265,107.57766119325181,13,-2.1191179752349854,-3.2782554626464844e-06,-2.1191146969795227,-0.21191146969795227,1.0000001192092896,-1.1379718780517578,1.1379718780517578,1.6531353708160168e-07,2.0501787662506104,4.212571620941162,9.08895206451416,14.524324417114258,2.294234037399292
266,107.67109564092311,13,-2.1187400817871094,2.9802322387695312e-06,-2.118743062019348,-0.21187430620193481,1.0,-1.1379718780517578,1.1379718780517578,1.4411699567062897e-07,2.0501298904418945,4.212800025939941,9.089536666870117,14.524324417114258,2.2943050861358643
267,107.76454749674608,13,-2.11837100982666,-7.748603820800781e-07,-2.118370234966278,-0.2118370234966278,0.999999463558197,-1.1379718780517578,1.1379718780517578,1.55077842123319e-07,2.0500800609588623,4.213025093078613,9.090123176574707,14.524324417114258,2.294375419616699
268,107.8580151073878,13,-2.1179962158203125,-3.874301910400391e-06,-2.117992341518402,-0.2117992341518402,0.9999980330467224,-1.1379718780517578,1.1379718780517578,1.4411699567062897e-07,2.0500311851501465,4.213248252868652,9.090712547302246,14.524324417114258,2.2944464683532715
269,107.95149999588187,13,-2.117619514465332,-2.682209014892578e-06,-2.117616832256317,-0.2117616832256317,0.9999995231628418,-1.1379718780517578,1.1379718780517578,1.1920928955078125e-07,2.049980401992798,4.21346378326416,9.091301918029785,14.524324417114258,2.294516086578369
270,108.04500312275846,13,-2.1172385215759277,-4.76837158203125e-07,-2.1172380447387695,-0.21172380447387695,1.0000007152557373,-1.1379718780517578,1.1379718780517578,1.322508325074523e-07,2.049928903579712,4.213672637939453,9.091894149780273,14.524324417114258,2.2945854663848877
271,108.13852417553993,13,-2.116854429244995,6.556510925292969e-07,-2.1168550848960876,-0.21168550848960876,1.0000011920928955,-1.1379718780517578,1.1379718780517578,1.3632103446070687e-07,2.0498769283294678,4.213878631591797,9.092485427856445,14.524324417114258,2.2946550846099854
272,108.2320615721157,13,-2.1164779663085938,-2.86102294921875e-06,-2.1164751052856445,-0.21164751052856445,1.0000003576278687,-1.1379718780517578,1.1379718780517578,1.4786093061047723e-07,2.049823760986328,4.214078426361084,9.093080520629883,14.524324417114258,2.294724225997925
273,108.32561553249445,13,-2.1160941123962402,7.152557373046875e-07,-2.1160948276519775,-0.21160948276519775,0.9999976754188538,-1.1379719972610474,1.1379719972610474,1.7179887379370484e-07,2.0497708320617676,4.214277744293213,9.093676567077637,14.524322509765625,2.2947933673858643
274,108.41918941774436,13,-2.1157124042510986,3.5762786865234375e-07,-2.1157127618789673,-0.21157127618789673,1.0000009536743164,-1.1379718780517578,1.1379718780517578,1.2805131177628937e-07,2.0497171878814697,4.2144694328308105,9.09427547454834,14.524322509765625,2.2948620319366455
275,108.51277904043468,13,-2.11533260345459,2.86102294921875e-06,-2.115335464477539,-0.2115335464477539,0.9999997019767761,-1.1379719972610474,1.1379719972610474,1.7179887379370484e-07,2.049661874771118,4.21465539932251,9.09487533569336,14.524322509765625,2.2949306964874268
276,108.60638680600886,13,-2.1149442195892334,-3.039836883544922e-06,-2.11494117975235,-0.21149411797523499,1.0009430646896362,-1.1379718780517578,1.1379718780517578,1.6197353147617832e-07,2.049607038497925,4.21483850479126,9.095476150512695,14.524322509765625,2.294999122619629
277,108.70001253553774,13,-2.114563226699829,4.231929779052734e-06,-2.114567458629608,-0.21145674586296082,0.9999997019767761,-1.1379718780517578,1.1379718780517578,1.5856318213991472e-07,2.049551486968994,4.215016841888428,9.09607982635498,14.524324417114258,2.295067310333252
278,108.79365537697528,13,-2.1141843795776367,1.1920928955078125e-07,-2.1141844987869263,-0.21141844987869263,1.0000011920928955,-1.1379718780517578,1.1379718780517578,1.4027318684384227e-07,2.049495220184326,4.215191841125488,9.096684455871582,14.524324417114258,2.295135498046875
279,108.88731519814057,13,-2.113800048828125,1.4901161193847656e-06,-2.1138015389442444,-0.21138015389442444,1.0000032186508179,-1.1379718780517578,1.1379718780517578,1.5151236709698424e-07,2.0494372844696045,4.215357303619385,9.097290992736816,14.524324417114258,2.2952029705047607
280,108.98099200090452,13,-2.113412857055664,-8.344650268554688e-07,-2.113412022590637,-0.21134120225906372,0.9999989867210388,-1.1379718780517578,1.1379718780517578,1.3632103446070687e-07,2.0493788719177246,4.215521812438965,9.097898483276367,14.524322509765625,2.2952702045440674
281,109.07468828876537,13,-2.113027334213257,-5.960464477539063e-08,-2.113027274608612,-0.2113027274608612,0.9999996423721313,-1.1379718780517578,1.1379718780517578,1.6531353708160168e-07,2.0493202209472656,4.21567964553833,9.098506927490234,14.524324417114258,2.295336961746216
282,109.16839997730447,13,-2.112637996673584,1.2516975402832031e-06,-2.1126392483711243,-0.21126392483711243,1.0000004768371582,-1.1379718780517578,1.1379718780517578,1.4786093061047723e-07,2.0492613315582275,4.215834617614746,9.09911823272705,14.524323463439941,2.2954041957855225
283,109.26212815856077,13,-2.1122522354125977,-2.205371856689453e-06,-2.112250030040741,-0.2112250030040741,1.000001311302185,-1.1379719972610474,1.1379719972610474,2.1170463071484846e-07,2.049201250076294,4.215983867645264,9.099730491638184,14.524324417114258,2.295470714569092
284,109.35587623736782,13,-2.1118452548980713,1.2516975402832031e-06,-2.1118465065956116,-0.21118465065956116,1.0000005960464478,-1.1379719972610474,1.1379719972610474,1.6858739115832577e-07,2.049140453338623,4.216127872467041,9.10034465789795,14.524322509765625,2.295537233352661
285,109.44964155348084,13,-2.1114518642425537,6.556510925292969e-07,-2.1114525198936462,-0.21114525198936462,0.999998927116394,-1.1379718780517578,1.1379718780517578,1.6531353708160168e-07,2.049078941345215,4.216268062591553,9.100959777832031,14.524322509765625,2.295602798461914
286,109.54342288942075,13,-2.111060380935669,1.1324882507324219e-06,-2.1110615134239197,-0.21110615134239197,1.0000001192092896,-1.1379717588424683,1.1379717588424683,1.7179887379370484e-07,2.0490174293518066,4.216403484344482,9.101579666137695,14.524324417114258,2.2956693172454834
287,109.63722364481917,13,-2.1106603145599365,9.5367431640625e-07,-2.110661268234253,-0.2110661268234253,1.0000004768371582,-1.1379719972610474,1.1379719972610474,1.8703092052874126e-07,2.048954486846924,4.216533184051514,9.102195739746094,14.524322509765625,2.2957346439361572
288,109.73103941976296,13,-2.1102609634399414,1.2516975402832031e-06,-2.1102622151374817,-0.21102622151374817,0.9999982714653015,-1.1379718780517578,1.1379718780517578,1.4027318684384227e-07,2.0488908290863037,4.2166595458984375,9.10281753540039,14.524323463439941,2.295799732208252
289,109.8248730607049,13,-2.1098639965057373,-3.814697265625e-06,-2.1098601818084717,-0.21098601818084717,1.0000001192092896,-1.1379718780517578,1.1379718780517578,1.322508325074523e-07,2.0488269329071045,4.216780662536621,9.103440284729004,14.524322509765625,2.2958648204803467
290,109.91872450204923,13,-2.1094627380371094,-1.3113021850585938e-06,-2.1094614267349243,-0.21094614267349243,0.9999991655349731,-1.1379719972610474,1.1379719972610474,1.8703092052874126e-07,2.048762321472168,4.216897010803223,9.104065895080566,14.524324417114258,2.2959306240081787
291,110.01259367747181,13,-2.1090641021728516,-2.384185791015625e-07,-2.1090638637542725,-0.21090638637542725,1.0000016689300537,-1.1379719972610474,1.1379719972610474,1.8703092052874126e-07,2.048696994781494,4.217008590698242,9.104689598083496,14.524324417114258,2.295994758605957
292,110.10648141126129,13,-2.108659505844116,3.516674041748047e-06,-2.108663022518158,-0.2108663022518158,0.999997615814209,-1.1379718780517578,1.1379718780517578,1.7495140980372526e-07,2.048631191253662,4.217115879058838,9.105318069458008,14.524325370788574,2.2960593700408936
293,110.20038412465183,13,-2.108254909515381,2.5033950805664062e-06,-2.1082574129104614,-0.21082574129104614,1.0000003576278687,-1.1379718780517578,1.1379718780517578,1.2805131177628937e-07,2.0485644340515137,4.217217922210693,9.10594654083252,14.524320602416992,2.296123504638672
294,110.29430586462678,13,-2.107848644256592,1.3709068298339844e-06,-2.1078500151634216,-0.21078500151634216,1.0000019073486328,-1.1379718780517578,1.1379718780517578,2.0910692910547368e-07,2.048497200012207,4.2173171043396,9.10657787322998,14.524324417114258,2.296187400817871
295,110.38824452067266,13,-2.1074435710906982,4.112720489501953e-06,-2.1074476838111877,-0.21074476838111877,1.000000238418579,-1.1379719972610474,1.1379719972610474,1.8703092052874126e-07,2.048429012298584,4.217408657073975,9.107209205627441,14.524322509765625,2.296251058578491
296,110.48220176563737,13,-2.107039451599121,-1.2516975402832031e-06,-2.107038199901581,-0.21070381999015808,0.9999995231628418,-1.1379719972610474,1.1379719972610474,1.5856318213991472e-07,2.0483601093292236,4.2174973487854,9.107842445373535,14.524322509765625,2.2963144779205322
297,110.57617401561676,13,-2.106631278991699,-1.0728836059570312e-06,-2.1066302061080933,-0.21066302061080933,0.9999997019767761,-1.1379718780517578,1.1379718780517578,1.6531353708160168e-07,2.048290491104126,4.217580318450928,9.108477592468262,14.524324417114258,2.296377182006836
298,110.67016565338471,13,-2.106218099594116,2.3245811462402344e-06,-2.1062204241752625,-0.21062204241752625,1.0000009536743164,-1.1379718780517578,1.1379718780517578,1.7804812557642435e-07,2.048220634460449,4.217658996582031,9.109114646911621,14.524327278137207,2.2964401245117188
299,110.76417366932752,13,-2.1058108806610107,3.039836883544922e-06,-2.1058139204978943,-0.21058139204978943,1.0000019073486328,-1.1379719972610474,1.1379719972610474,1.899308017527801e-07,2.048150062561035,4.2177348136901855,9.109755516052246,14.524324417114258,2.2965035438537598
300,110.85819794527005,13,-2.1053991317749023,-1.2516975402832031e-06,-2.105397880077362,-0.2105397880077362,0.9999987483024597,-1.1379719972610474,1.1379719972610474,1.6858739115832577e-07,2.0480782985687256,4.217803001403809,9.110395431518555,14.524322509765625,2.296565294265747
301,110.9522411629427,13,-2.104990005493164,-3.993511199951172e-06,-2.104986011981964,-0.2104986011981964,1.0000027418136597,-1.1379718780517578,1.1379718780517578,1.7495140980372526e-07,2.048006772994995,4.217868328094482,9.111037254333496,14.524324417114258,2.296627998352051
302,111.04630136743474,13,-2.1045758724212646,5.960464477539063e-08,-2.1045759320259094,-0.21045759320259094,1.0000001192092896,-1.1379718780517578,1.1379718780517578,1.4027318684384227e-07,2.047934055328369,4.217929363250732,9.11168098449707,14.524324417114258,2.296689987182617
303,111.14037916441562,13,-2.104163646697998,-4.947185516357422e-06,-2.1041586995124817,-0.21041586995124817,1.0,-1.1379718780517578,1.1379718780517578,1.096565966918206e-07,2.047860622406006,4.217984676361084,9.112326622009277,14.524324417114258,2.296751022338867
304,111.23447603996145,13,-2.1037940979003906,1.3113021850585938e-06,-2.1037954092025757,-0.21037954092025757,0.9999980330467224,-1.1379718780517578,1.1379718780517578,1.55077842123319e-07,2.0477864742279053,4.21803617477417,9.112972259521484,14.524322509765625,2.2968122959136963
305,111.32858701145818,13,-2.103562593460083,5.7220458984375e-06,-2.1035683155059814,-0.21035683155059814,0.9999998807907104,-1.1379718780517578,1.1379718780517578,1.7804812557642435e-07,2.0477118492126465,4.218080997467041,9.113622665405273,14.524324417114258,2.2968738079071045
306,111.4227181046903,13,-2.1033313274383545,1.8477439880371094e-06,-2.1033331751823425,-0.21033331751823425,1.0000005960464478,-1.1379718780517578,1.1379718780517578,1.55077842123319e-07,2.0476365089416504,4.2181220054626465,9.11427116394043,14.52432632446289,2.296934127807617
307,111.51686499395709,13,-2.103099822998047,-2.980232238769531e-07,-2.103099524974823,-0.2103099524974823,1.000000238418579,-1.1379718780517578,1.1379718780517578,1.5856318213991472e-07,2.047560214996338,4.2181596755981445,9.114923477172852,14.524324417114258,2.296994924545288
308,111.6110292133718,13,-2.102867603302002,1.2516975402832031e-06,-2.1028688549995422,-0.21028688549995422,1.0,-1.1379719972610474,1.1379719972610474,2.361149569196641e-07,2.0474836826324463,4.218191623687744,9.11557674407959,14.524324417114258,2.297055721282959
309,111.7052121088499,13,-2.102631092071533,8.344650268554688e-07,-2.10263192653656,-0.210263192653656,0.9999996423721313,-1.1379718780517578,1.1379718780517578,1.8109190591530933e-07,2.0474061965942383,4.2182183265686035,9.116231918334961,14.524324417114258,2.2971160411834717
310,111.79941147304591,13,-2.1023941040039062,0.0,-2.1023941040039062,-0.21023941040039062,1.0000001192092896,-1.1379718780517578,1.1379718780517578,1.5856318213991472e-07,2.047327995300293,4.218242645263672,9.116888999938965,14.524324417114258,2.297175168991089
311,111.89362886574521,13,-2.102161407470703,-1.5497207641601562e-06,-2.102159857749939,-0.2102159857749939,0.9999994039535522,-1.1379718780517578,1.1379718780517578,1.7495140980372526e-07,2.0472497940063477,4.218261241912842,9.117547988891602,14.524324417114258,2.2972352504730225
312,111.98786358984039,13,-2.1019229888916016,8.344650268554688e-07,-2.1019238233566284,-0.21019238233566284,1.0000017881393433,-1.1379718780517578,1.1379718780517578,1.899308017527801e-07,2.0471699237823486,4.218272686004639,9.118206977844238,14.524324417114258,2.2972946166992188
313,112.08211436334894,13,-2.101685047149658,-8.344650268554688e-07,-2.1016842126846313,-0.21016842126846313,0.9999996423721313,-1.1379718780517578,1.1379718780517578,1.7179887379370484e-07,2.0470898151397705,4.218282699584961,9.118867874145508,14.524324417114258,2.2973527908325195
314,112.17638192811641,13,-2.1014509201049805,-5.125999450683594e-06,-2.10144579410553,-0.21014457941055298,0.9999998807907104,-1.1379718780517578,1.1379718780517578,1.5151236709698424e-07,2.047008991241455,4.218287467956543,9.119531631469727,14.524323463439941,2.297412157058716
315,112.27066928184537,13,-2.1012091636657715,3.5762786865234375e-06,-2.101212739944458,-0.2101212739944458,1.000000238418579,-1.1379718780517578,1.1379718780517578,1.5856318213991472e-07,2.0469276905059814,4.218287467956543,9.120194435119629,14.524323463439941,2.2974703311920166
316,112.36497322667398,13,-2.1009750366210938,-4.172325134277344e-07,-2.1009746193885803,-0.21009746193885803,0.9999982714653015,-1.1379719972610474,1.1379719972610474,1.9560161490517203e-07,2.0468459129333496,4.218282222747803,9.120864868164062,14.524324417114258,2.2975287437438965
317,112.45929292763536,13,-2.1007332801818848,4.112720489501953e-06,-2.1007373929023743,-0.21007373929023743,0.9999991655349731,-1.1379718780517578,1.1379718780517578,1.6197353147617832e-07,2.0467634201049805,4.218272686004639,9.121530532836914,14.524324417114258,2.297586441040039
318,112.5536312096213,13,-2.100496768951416,-1.0728836059570312e-06,-2.10049569606781,-0.210049569606781,0.9999995231628418,-1.1379719972610474,1.1379719972610474,1.8703092052874126e-07,2.046679973602295,4.218258380889893,9.122200965881348,14.524324417114258,2.2976441383361816
319,112.6479873517704,13,-2.100259304046631,-8.344650268554688e-07,-2.100258469581604,-0.2100258469581604,0.9999998211860657,-1.1379718780517578,1.1379718780517578,1.4411699567062897e-07,2.046595811843872,4.218240261077881,9.122873306274414,14.524322509765625,2.297701835632324
320,112.74235878367622,13,-2.100013256072998,-3.5762786865234375e-07,-2.1000128984451294,-0.21000128984451294,0.9999988675117493,-1.1379718780517578,1.1379718780517578,1.5151236709698424e-07,2.046511173248291,4.218217372894287,9.123544692993164,14.524324417114258,2.2977588176727295
321,112.8367502582913,13,-2.099778175354004,-1.6093254089355469e-06,-2.099776566028595,-0.2099776566028595,1.000000238418579,-1.1379718780517578,1.1379718780517578,1.4411699567062897e-07,2.0464258193969727,4.2181878089904785,9.12421989440918,14.524322509765625,2.2978157997131348
322,112.9311566619145,13,-2.0995311737060547,2.5033950805664062e-06,-2.0995336771011353,-0.20995336771011353,1.0000015497207642,-1.1379718780517578,1.1379718780517578,1.4027318684384227e-07,2.046339750289917,4.218155860900879,9.124896049499512,14.524323463439941,2.29787278175354
323,113.02558164028038,13,-2.099292755126953,-2.562999725341797e-06,-2.099290192127228,-0.20992901921272278,1.000000238418579,-1.1379718780517578,1.1379718780517578,1.7179887379370484e-07,2.046253204345703,4.218118667602539,9.125574111938477,14.524324417114258,2.297929048538208
324,113.12002338368788,13,-2.099047899246216,2.980232238769531e-07,-2.0990481972694397,-0.20990481972694397,0.9999996423721313,-1.1379719972610474,1.1379719972610474,2.1427084107017436e-07,2.046165943145752,4.218077659606934,9.126254081726074,14.524324417114258,2.297985315322876
325,113.21448349613587,13,-2.0988056659698486,-3.039836883544922e-06,-2.098802626132965,-0.2098802626132965,1.0000017881393433,-1.1379718780517578,1.1379718780517578,1.7804812557642435e-07,2.0460782051086426,4.21803092956543,9.126934051513672,14.524323463439941,2.2980408668518066
326,113.30896148294609,13,-2.0985617637634277,1.5497207641601562e-06,-2.098563313484192,-0.2098563313484192,0.9999994039535522,-1.1379718780517578,1.1379718780517578,1.4027318684384227e-07,2.045989513397217,4.217979431152344,9.127617835998535,14.524321556091309,2.2980966567993164
327,113.40345268557854,13,-2.098318338394165,0.0,-2.098318338394165,-0.2098318338394165,1.0000005960464478,-1.1379719972610474,1.1379719972610474,2.0647654253025394e-07,2.045900821685791,4.217923641204834,9.128302574157715,14.524324417114258,2.298151969909668
328,113.49796441441434,13,-2.098073720932007,-3.5762786865234375e-07,-2.098073363304138,-0.20980733633041382,1.000000238418579,-1.1379719972610474,1.1379719972610474,2.2666650068003946e-07,2.0458106994628906,4.217865467071533,9.128989219665527,14.524324417114258,2.2982068061828613
329,113.5924937470582,13,-2.09782338142395,-5.960464477539063e-08,-2.0978233218193054,-0.20978233218193054,1.0000009536743164,-1.1379718780517578,1.1379718780517578,1.2805131177628937e-07,2.045720100402832,4.217799663543701,9.12967586517334,14.524324417114258,2.2982616424560547
330,113.68703989714432,13,-2.0975801944732666,3.516674041748047e-06,-2.0975837111473083,-0.20975837111473083,1.0000016689300537,-1.1379718780517578,1.1379718780517578,1.8109190591530933e-07,2.0456292629241943,4.217731952667236,9.130366325378418,14.524324417114258,2.29831600189209
331,113.7816021344458,13,-2.097334861755371,-3.874301910400391e-06,-2.0973309874534607,-0.20973309874534607,0.9999976754188538,-1.1379718780517578,1.1379718780517578,1.5856318213991472e-07,2.045536994934082,4.217656135559082,9.13105583190918,14.524322509765625,2.298370361328125
332,113.87618181868814,13,-2.09708571434021,-2.682209014892578e-06,-2.097083032131195,-0.2097083032131195,0.9999980926513672,-1.1379718780517578,1.1379718780517578,1.6197353147617832e-07,2.0454444885253906,4.217578411102295,9.131749153137207,14.524324417114258,2.29842472076416
333,113.97078070600904,13,-2.0968401432037354,-5.960464477539062e-07,-2.0968395471572876,-0.20968395471572876,0.9999996423721313,-1.1379718780517578,1.1379718780517578,1.7179887379370484e-07,2.045351505279541,4.217495441436768,9.13244342803955,14.524325370788574,2.298478364944458
334,114.06539494219946,13,-2.0965888500213623,-2.384185791015625e-07,-2.096588611602783,-0.20965886116027832,0.999998927116394,-1.1379718780517578,1.1379718780517578,1.4411699567062897e-07,2.045257329940796,4.217406272888184,9.133138656616211,14.524324417114258,2.2985315322875977
335,114.16002618007447,13,-2.0963425636291504,-1.6093254089355469e-06,-2.0963409543037415,-0.20963409543037415,1.000002145767212,-1.1379719972610474,1.1379719972610474,1.7179887379370484e-07,2.0451626777648926,4.217314720153809,9.133835792541504,14.524322509765625,2.298584461212158
336,114.25467644737193,13,-2.0960946083068848,-2.5033950805664062e-06,-2.096092104911804,-0.20960921049118042,0.9999982714653015,-1.1379718780517578,1.1379718780517578,1.7179887379370484e-07,2.0450680255889893,4.217219829559326,9.13453483581543,14.524324417114258,2.2986369132995605
337,114.34934248459119,13,-2.095841884613037,-1.6093254089355469e-06,-2.095840275287628,-0.20958402752876282,0.9999983906745911,-1.1379718780517578,1.1379718780517578,1.1920928955078125e-07,2.0449726581573486,4.2171196937561035,9.135236740112305,14.524322509765625,2.298689842224121
338,114.44402509039435,13,-2.0955944061279297,2.980232238769531e-07,-2.0955947041511536,-0.20955947041511536,0.9999998807907104,-1.1379718780517578,1.1379718780517578,1.7804812557642435e-07,2.0448756217956543,4.217010974884033,9.13593864440918,14.524324417114258,2.2987425327301025
339,114.53872651128553,13,-2.0953431129455566,-1.7285346984863281e-06,-2.095341384410858,-0.20953413844108582,0.9999998211860657,-1.1379719972610474,1.1379719972610474,2.1427084107017436e-07,2.044778823852539,4.2169013023376465,9.136641502380371,14.524323463439941,2.2987942695617676
340,114.63344438853903,13,-2.0950889587402344,-5.960464477539062e-07,-2.0950883626937866,-0.20950883626937866,1.0000005960464478,-1.1379718780517578,1.1379718780517578,1.8109190591530933e-07,2.0446810722351074,4.216785907745361,9.137347221374512,14.524325370788574,2.2988455295562744
341,114.72817985437743,13,-2.0948383808135986,-3.5762786865234375e-07,-2.09483802318573,-0.209483802318573,1.0000011920928955,-1.1379718780517578,1.1379718780517578,1.8408536561764777e-07,2.0445830821990967,4.216667652130127,9.138055801391602,14.524324417114258,2.298898220062256
342,114.82293314332097,13,-2.0945868492126465,-2.1457672119140625e-06,-2.0945847034454346,-0.20945847034454346,1.0000017881393433,-1.1379718780517578,1.1379718780517578,1.4411699567062897e-07,2.044483184814453,4.216542720794678,9.138761520385742,14.524322509765625,2.2989485263824463
343,114.91770209520418,13,-2.0943374633789062,-3.3974647521972656e-06,-2.094334065914154,-0.2094334065914154,1.0,-1.1379718780517578,1.1379718780517578,1.6197353147617832e-07,2.044384241104126,4.216414451599121,9.139473915100098,14.524324417114258,2.298999786376953
344,115.0124887656313,13,-2.0940778255462646,4.112720489501953e-06,-2.094081938266754,-0.20940819382667542,1.000001072883606,-1.1379719972610474,1.1379719972610474,1.9278705565284326e-07,2.044283866882324,4.216281414031982,9.140185356140137,14.524323463439941,2.2990500926971436
345,115.10729451114736,13,-2.093825340270996,-1.4901161193847656e-06,-2.0938238501548767,-0.20938238501548767,1.0000022649765015,-1.1379718780517578,1.1379718780517578,1.1453258252913656e-07,2.0441830158233643,4.2161455154418945,9.140898704528809,14.524323463439941,2.299100399017334
346,115.20211469677172,13,-2.0935678482055664,2.384185791015625e-06,-2.0935702323913574,-0.20935702323913574,0.9999998211860657,-1.1379719972610474,1.1379719972610474,1.8109190591530933e-07,2.044081449508667,4.216002464294434,9.14161491394043,14.524324417114258,2.2991504669189453
347,115.2969535125552,13,-2.0933115482330322,1.7881393432617188e-06,-2.0933133363723755,-0.20933133363723755,0.9999995231628418,-1.1379719972610474,1.1379719972610474,1.7495140980372526e-07,2.0439791679382324,4.215856075286865,9.142330169677734,14.524323463439941,2.2992002964019775
348,115.39180889770934,13,-2.0930564403533936,2.9802322387695312e-06,-2.0930594205856323,-0.20930594205856323,0.9999992251396179,-1.1379718780517578,1.1379718780517578,1.55077842123319e-07,2.0438764095306396,4.215704917907715,9.143050193786621,14.524322509765625,2.2992498874664307
349,115.48668225212333,13,-2.0928030014038086,3.3974647521972656e-06,-2.092806398868561,-0.20928063988685608,0.9999991059303284,-1.1379718780517578,1.1379718780517578,1.9278705565284326e-07,2.0437729358673096,4.215550422668457,9.143770217895508,14.524324417114258,2.2992992401123047
350,115.58157130002631,13,-2.0925424098968506,5.364418029785156e-07,-2.0925429463386536,-0.20925429463386536,0.9999984502792358,-1.1379718780517578,1.1379718780517578,1.2805131177628937e-07,2.043668508529663,4.215388774871826,9.144490242004395,14.524322509765625,2.2993481159210205
351,115.6764798967668,13,-2.092289924621582,2.086162567138672e-06,-2.092292010784149,-0.20922920107841492,0.9999997019767761,-1.1379718780517578,1.1379718780517578,1.2805131177628937e-07,2.0435640811920166,4.2152252197265625,9.14521312713623,14.524322509765625,2.2993967533111572
352,115.77140485064704,13,-2.092028856277466,5.364418029785156e-06,-2.0920342206954956,-0.20920342206954956,1.0000009536743164,-1.1379718780517578,1.1379718780517578,1.4027318684384227e-07,2.0434584617614746,4.215056896209717,9.145938873291016,14.524323463439941,2.2994449138641357
353,115.86634380610185,13,-2.0917744636535645,4.76837158203125e-07,-2.0917749404907227,-0.20917749404907227,1.0000014305114746,-1.1379718780517578,1.1379718780517578,1.8408536561764777e-07,2.0433523654937744,4.214882850646973,9.1466646194458,14.524324417114258,2.2994930744171143
354,115.96130390526046,13,-2.091515302658081,-8.344650268554688e-07,-2.091514468193054,-0.20915144681930542,0.999998152256012,-1.1379719972610474,1.1379719972610474,1.6531353708160168e-07,2.043245553970337,4.214703559875488,9.147392272949219,14.524322509765625,2.2995409965515137
355,116.05627881596997,13,-2.0912587642669678,-1.4901161193847656e-06,-2.0912572741508484,-0.20912572741508484,0.9999993443489075,-1.1379718780517578,1.1379718780517578,1.5856318213991472e-07,2.0431387424468994,4.214521884918213,9.148122787475586,14.524324417114258,2.299588680267334
356,116.15127311372389,13,-2.091005325317383,-4.947185516357422e-06,-2.0910003781318665,-0.20910003781318665,0.9999997019767761,-1.1379718780517578,1.1379718780517578,1.8109190591530933e-07,2.0430307388305664,4.214334487915039,9.148853302001953,14.524324417114258,2.299635648727417
357,116.24628186499686,13,-2.090747833251953,-1.3709068298339844e-06,-2.0907464623451233,-0.20907464623451233,0.9999991059303284,-1.1379719972610474,1.1379719972610474,1.8408536561764777e-07,2.042921781539917,4.2141432762146,9.14958667755127,14.524323463439941,2.299682855606079
358,116.34130935084434,13,-2.0904979705810547,5.364418029785156e-07,-2.0904985070228577,-0.20904985070228577,0.9999994039535522,-1.1379718780517578,1.1379718780517578,1.6531353708160168e-07,2.0428125858306885,4.213947772979736,9.150321006774902,14.524323463439941,2.299729347229004
359,116.4363542250689,13,-2.0902419090270996,1.1920928955078125e-06,-2.090243101119995,-0.2090243101119995,0.9999998807907104,-1.1379718780517578,1.1379718780517578,1.6197353147617832e-07,2.0427029132843018,4.213747501373291,9.151056289672852,14.524324417114258,2.299776077270508
360,116.53141449845734,13,-2.0899832248687744,-8.940696716308594e-07,-2.089982330799103,-0.20899823307991028,1.0000011920928955,-1.1379718780517578,1.1379718780517578,1.9560161490517203e-07,2.0425920486450195,4.213541030883789,9.15179443359375,14.524324417114258,2.2998218536376953
361,116.62649170121523,13,-2.0897247791290283,-2.0265579223632812e-06,-2.089722752571106,-0.2089722752571106,1.0000016689300537,-1.1379718780517578,1.1379718780517578,1.7179887379370484e-07,2.0424814224243164,4.213333606719971,9.152533531188965,14.524324417114258,2.299868106842041
362,116.72159023386995,13,-2.0894598960876465,-8.940696716308594e-07,-2.089459002017975,-0.20894590020179749,1.0000014305114746,-1.1379718780517578,1.1379718780517578,1.5151236709698424e-07,2.0423696041107178,4.213119983673096,9.153273582458496,14.524325370788574,2.2999136447906494
363,116.81670214039889,13,-2.089200258255005,6.556510925292969e-07,-2.0892009139060974,-0.20892009139060974,0.9999997019767761,-1.1379718780517578,1.1379718780517578,1.9278705565284326e-07,2.04225754737854,4.212901592254639,9.15401554107666,14.524324417114258,2.2999589443206787
364,116.91183054816996,13,-2.0889387130737305,-2.4437904357910156e-06,-2.0889362692832947,-0.20889362692832947,0.9999995231628418,-1.1379719972610474,1.1379719972610474,2.1427084107017436e-07,2.0421440601348877,4.212679386138916,9.154760360717773,14.524322509765625,2.30000376701355
365,117.00697748328503,13,-2.088670492172241,1.430511474609375e-06,-2.088671922683716,-0.20886719226837158,1.0000005960464478,-1.1379718780517578,1.1379718780517578,1.899308017527801e-07,2.0420305728912354,4.212451457977295,9.155505180358887,14.524324417114258,2.300048351287842
366,117.1021414100116,13,-2.0884084701538086,-1.7881393432617188e-06,-2.0884066820144653,-0.20884066820144653,0.9999995827674866,-1.1379719972610474,1.1379719972610474,1.9278705565284326e-07,2.0419161319732666,4.212220668792725,9.156250953674316,14.524324417114258,2.300093173980713
367,117.19732141911236,13,-2.0881412029266357,1.7285346984863281e-06,-2.0881429314613342,-0.20881429314613342,1.0000026226043701,-1.1379718780517578,1.1379718780517578,1.5856318213991472e-07,2.0418012142181396,4.211984634399414,9.157001495361328,14.524324417114258,2.3001370429992676
368,117.29252012029913,13,-2.087874174118042,1.1324882507324219e-06,-2.0878753066062927,-0.20878753066062927,1.0000007152557373,-1.1379718780517578,1.1379718780517578,1.8703092052874126e-07,2.0416855812072754,4.211743354797363,9.157750129699707,14.524324417114258,2.300180196762085
369,117.38773481474261,13,-2.0876123905181885,1.8477439880371094e-06,-2.0876142382621765,-0.20876142382621765,0.9999991059303284,-1.1379718780517578,1.1379718780517578,1.4786093061047723e-07,2.041569471359253,4.211499214172363,9.158500671386719,14.524323463439941,2.3002240657806396
370,117.48296719850248,13,-2.0873446464538574,-4.172325134277344e-07,-2.087344229221344,-0.2087344229221344,0.9999990463256836,-1.1379718780517578,1.1379718780517578,1.322508325074523e-07,2.0414528846740723,4.211250305175781,9.159255027770996,14.524324417114258,2.300267219543457
371,117.57821640625819,13,-2.0870823860168457,4.76837158203125e-07,-2.087082862854004,-0.2087082862854004,0.9999993443489075,-1.1379719972610474,1.1379719972610474,2.0111259857458208e-07,2.041335105895996,4.210997104644775,9.16001033782959,14.524325370788574,2.3003103733062744
372,117.67348063532214,13,-2.0868172645568848,-1.7285346984863281e-06,-2.0868155360221863,-0.20868155360221863,0.9999995827674866,-1.1379718780517578,1.1379718780517578,1.1453258252913656e-07,2.04121732711792,4.210738658905029,9.160765647888184,14.524324417114258,2.3003530502319336
373,117.76876269019318,13,-2.086550712585449,1.7881393432617188e-07,-2.0865508913993835,-0.20865508913993835,0.9999988079071045,-1.1379718780517578,1.1379718780517578,1.8408536561764777e-07,2.0410985946655273,4.210475921630859,9.16152286529541,14.524324417114258,2.3003952503204346
374,117.86406553785517,13,-2.0862820148468018,4.231929779052734e-06,-2.086286246776581,-0.20862862467765808,1.000002384185791,-1.1379719972610474,1.1379719972610474,1.8408536561764777e-07,2.0409796237945557,4.210210800170898,9.162283897399902,14.524324417114258,2.3004372119903564
375,117.95938170867448,13,-2.086021661758423,-5.125999450683594e-06,-2.086016535758972,-0.20860165357589722,0.9999998211860657,-1.1379718780517578,1.1379718780517578,1.9560161490517203e-07,2.0408592224121094,4.209939479827881,9.163044929504395,14.524324417114258,2.3004791736602783
376,118.05471547441134,13,-2.0857489109039307,-2.980232238769531e-07,-2.085748612880707,-0.20857486128807068,1.0000019073486328,-1.1379718780517578,1.1379718780517578,1.6531353708160168e-07,2.040738582611084,4.209663391113281,9.163806915283203,14.524324417114258,2.300520658493042
377,118.15006471402056,13,-2.0854828357696533,-2.7418136596679688e-06,-2.0854800939559937,-0.20854800939559937,1.000000238418579,-1.1379718780517578,1.1379718780517578,1.55077842123319e-07,2.0406172275543213,4.209382057189941,9.164569854736328,14.524324417114258,2.3005616664886475
378,118.2454339592005,13,-2.0852150917053223,2.7418136596679688e-06,-2.085217833518982,-0.2085217833518982,1.000000238418579,-1.1379719972610474,1.1379719972610474,2.1170463071484846e-07,2.0404958724975586,4.209099292755127,9.165335655212402,14.524324417114258,2.300602436065674
379,118.34081913961492,13,-2.084946393966675,-1.2516975402832031e-06,-2.0849451422691345,-0.20849451422691345,0.9999995231628418,-1.1379719972610474,1.1379719972610474,2.407001318260882e-07,2.0403735637664795,4.208811283111572,9.16610336303711,14.524324417114258,2.300642967224121
380,118.43622112439625,13,-2.084674835205078,-2.980232238769531e-07,-2.0846745371818542,-0.20846745371818542,1.000000238418579,-1.1379718780517578,1.1379718780517578,1.6197353147617832e-07,2.040249824523926,4.208517074584961,9.166871070861816,14.524323463439941,2.300682544708252
381,118.53163934436358,13,-2.0844082832336426,-6.139278411865234e-06,-2.0844021439552307,-0.20844021439552307,0.9999983310699463,-1.1379718780517578,1.1379718780517578,1.0455346455273684e-07,2.0401265621185303,4.208218574523926,9.167641639709473,14.524322509765625,2.300723075866699
382,118.62707536156577,13,-2.0841386318206787,-1.7285346984863281e-06,-2.0841369032859802,-0.20841369032859802,0.9999997019767761,-1.1379718780517578,1.1379718780517578,1.7179887379370484e-07,2.0400023460388184,4.2079176902771,9.168413162231445,14.524324417114258,2.30076265335083
383,118.72252504974358,13,-2.083871603012085,2.1457672119140625e-06,-2.083873748779297,-0.2083873748779297,1.0000027418136597,-1.1379718780517578,1.1379718780517578,1.7804812557642435e-07,2.0398776531219482,4.207612991333008,9.169187545776367,14.524324417114258,2.30080246925354
384,118.81799546933601,13,-2.08359956741333,2.980232238769531e-07,-2.083599865436554,-0.2083599865436554,1.000001311302185,-1.1379718780517578,1.1379718780517578,1.4786093061047723e-07,2.03975248336792,4.207303047180176,9.169961929321289,14.524325370788574,2.3008415699005127
385,118.91348055880626,13,-2.0833210945129395,1.0132789611816406e-06,-2.0833221077919006,-0.20833221077919006,1.0000020265579224,-1.1379718780517578,1.1379718780517578,1.7804812557642435e-07,2.039625644683838,4.2069854736328125,9.170737266540527,14.524324417114258,2.300879955291748
386,119.00898592105452,13,-2.0830373764038086,-1.0728836059570312e-06,-2.0830363035202026,-0.20830363035202026,0.9999998807907104,-1.1379718780517578,1.1379718780517578,1.2805131177628937e-07,2.039499044418335,4.206669330596924,9.171515464782715,14.524322509765625,2.3009183406829834
387,119.10450503333425,13,-2.082759141921997,2.682209014892578e-06,-2.082761824131012,-0.2082761824131012,1.000002145767212,-1.1379718780517578,1.1379718780517578,1.8703092052874126e-07,2.039371967315674,4.206345081329346,9.172294616699219,14.524324417114258,2.300956964492798
388,119.20004178793927,13,-2.082477569580078,2.3245811462402344e-06,-2.0824798941612244,-0.20824798941612244,0.9999990463256836,-1.1379718780517578,1.1379718780517578,1.899308017527801e-07,2.0392441749572754,4.20601749420166,9.173074722290039,14.524324417114258,2.300994873046875
389,119.2955975824726,13,-2.0821964740753174,2.086162567138672e-06,-2.0821985602378845,-0.20821985602378845,1.000002145767212,-1.1379718780517578,1.1379718780517578,1.6858739115832577e-07,2.0391149520874023,4.205683708190918,9.173856735229492,14.524322509765625,2.3010315895080566
390,119.39116593985712,13,-2.081911087036133,1.3709068298339844e-06,-2.0819124579429626,-0.20819124579429626,1.0000004768371582,-1.1379718780517578,1.1379718780517578,1.4027318684384227e-07,2.03898549079895,4.205347537994385,9.174638748168945,14.524323463439941,2.3010690212249756
391,119.48675587362953,13,-2.0816378593444824,-1.7881393432617188e-07,-2.081637680530548,-0.2081637680530548,0.9999987483024597,-1.1379718780517578,1.1379718780517578,1.5856318213991472e-07,2.0388565063476562,4.205007553100586,9.175426483154297,14.524324417114258,2.3011064529418945
392,119.58235728508586,13,-2.081353187561035,-2.8014183044433594e-06,-2.0813503861427307,-0.20813503861427307,0.9999979138374329,-1.1379718780517578,1.1379718780517578,1.7495140980372526e-07,2.0387258529663086,4.204662799835205,9.176212310791016,14.524322509765625,2.301143169403076
393,119.67798072981843,13,-2.08107328414917,-4.827976226806641e-06,-2.081068456172943,-0.2081068456172943,0.9999998807907104,-1.1379718780517578,1.1379718780517578,1.4411699567062897e-07,2.0385944843292236,4.204312324523926,9.177000045776367,14.524323463439941,2.3011791706085205
394,119.77361893465635,13,-2.0807900428771973,-5.900859832763672e-06,-2.0807841420173645,-0.20807841420173645,0.9999979138374329,-1.1379718780517578,1.1379718780517578,1.322508325074523e-07,2.0384631156921387,4.203958034515381,9.177789688110352,14.524324417114258,2.3012149333953857
395,119.86927304073673,13,-2.0805060863494873,5.960464477539062e-07,-2.080506682395935,-0.2080506682395935,1.0000007152557373,-1.1379718780517578,1.1379718780517578,1.096565966918206e-07,2.038330316543579,4.2036004066467285,9.178580284118652,14.524323463439941,2.301250696182251
396,119.96494610793214,13,-2.080221176147461,5.960464477539062e-07,-2.0802217721939087,-0.20802217721939087,0.9999994039535522,-1.1379718780517578,1.1379718780517578,1.55077842123319e-07,2.0381979942321777,4.203239440917969,9.179372787475586,14.524324417114258,2.3012866973876953
397,120.06063319608172,13,-2.0799503326416016,-1.2516975402832031e-06,-2.0799490809440613,-0.20799490809440613,0.9999993443489075,-1.1379718780517578,1.1379718780517578,1.7179887379370484e-07,2.03806471824646,4.202872276306152,9.180168151855469,14.524324417114258,2.3013219833374023
398,120.1563378934399,13,-2.07966685295105,3.874301910400391e-06,-2.07967072725296,-0.20796707272529602,1.0000007152557373,-1.1379718780517578,1.1379718780517578,1.3632103446070687e-07,2.0379300117492676,4.202500820159912,9.180961608886719,14.524324417114258,2.301356315612793
399,120.25205761365685,13,-2.0793936252593994,-2.4437904357910156e-06,-2.0793911814689636,-0.20793911814689636,1.000000238418579,-1.1379718780517578,1.1379718780517578,1.5151236709698424e-07,2.0377955436706543,4.202126502990723,9.181760787963867,14.524324417114258,2.301391124725342
400,120.34779899768874,13,-2.079113721847534,-2.086162567138672e-06,-2.079111635684967,-0.2079111635684967,1.000000238418579,-1.1379718780517578,1.1379718780517578,1.4411699567062897e-07,2.03766131401062,4.201749801635742,9.182559967041016,14.524324417114258,2.3014256954193115
401,120.44355547029485,13,-2.078834056854248,1.6093254089355469e-06,-2.078835666179657,-0.2078835666179657,1.000001311302185,-1.1379718780517578,1.1379718780517578,1.9560161490517203e-07,2.037524938583374,4.201364517211914,9.183359146118164,14.524324417114258,2.301459312438965
402,120.53932567911666,13,-2.0785584449768066,-4.410743713378906e-06,-2.0785540342330933,-0.20785540342330933,0.9999995231628418,-1.1379718780517578,1.1379718780517578,1.4411699567062897e-07,2.0373880863189697,4.200976848602295,9.184158325195312,14.524319648742676,2.3014931678771973
403,120.63511409873762,13,-2.078279495239258,4.231929779052734e-06,-2.078283727169037,-0.2078283727169037,1.0000008344650269,-1.1379718780517578,1.1379718780517578,1.1920928955078125e-07,2.0372517108917236,4.200585842132568,9.18496322631836,14.524324417114258,2.3015265464782715
404,120.73092241750908,13,-2.078001022338867,7.748603820800781e-07,-2.0780017971992493,-0.20780017971992493,0.9999994039535522,-1.1379719972610474,1.1379719972610474,2.1680666861811915e-07,2.037113666534424,4.200188636779785,9.185768127441406,14.524324417114258,2.3015592098236084
405,120.82674381770708,13,-2.0777204036712646,6.556510925292969e-07,-2.077721059322357,-0.20777210593223572,1.000002384185791,-1.1379718780517578,1.1379718780517578,1.3632103446070687e-07,2.036975145339966,4.199787139892578,9.18657112121582,14.524324417114258,2.301591396331787
406,120.922582783124,13,-2.077439785003662,-3.5762786865234375e-07,-2.0774394273757935,-0.20774394273757935,1.0000011920928955,-1.1379718780517578,1.1379718780517578,1.7495140980372526e-07,2.0368361473083496,4.1993818283081055,9.187378883361816,14.524324417114258,2.301624298095703
407,121.0184384624853,13,-2.077162504196167,1.5497207641601562e-06,-2.077164053916931,-0.20771640539169312,1.0000015497207642,-1.1379718780517578,1.1379718780517578,1.55077842123319e-07,2.0366969108581543,4.198973655700684,9.188188552856445,14.524324417114258,2.3016562461853027
408,121.11431123448472,13,-2.076878309249878,3.814697265625e-06,-2.0768821239471436,-0.20768821239471436,1.0000001192092896,-1.1379718780517578,1.1379718780517578,1.1920928955078125e-07,2.0365560054779053,4.198558807373047,9.188994407653809,14.524322509765625,2.301687479019165
409,121.21020133698684,13,-2.0766079425811768,-3.5762786865234375e-06,-2.0766043663024902,-0.20766043663024902,0.9999992251396179,-1.1379719972610474,1.1379719972610474,1.9560161490517203e-07,2.036416530609131,4.19814395904541,9.189809799194336,14.524324417114258,2.3017194271087646
410,121.30610658437031,13,-2.0763232707977295,1.8477439880371094e-06,-2.0763251185417175,-0.20763251185417175,1.000002384185791,-1.1379718780517578,1.1379718780517578,1.6197353147617832e-07,2.0362749099731445,4.197721481323242,9.190622329711914,14.524324417114258,2.301750421524048
411,121.4020303651448,13,-2.076046943664551,-1.9669532775878906e-06,-2.076044976711273,-0.20760449767112732,1.0000028610229492,-1.1379718780517578,1.1379718780517578,1.6858739115832577e-07,2.0361328125,4.19729471206665,9.191435813903809,14.524324417114258,2.30178165435791
412,121.49797122947007,13,-2.0757639408111572,-5.066394805908203e-06,-2.0757588744163513,-0.20757588744163513,0.999998152256012,-1.1379718780517578,1.1379718780517578,1.322508325074523e-07,2.0359902381896973,4.196865558624268,9.192251205444336,14.524322509765625,2.301811695098877
413,121.59392527461547,13,-2.0754828453063965,3.337860107421875e-06,-2.075486183166504,-0.2075486183166504,1.0000020265579224,-1.1379718780517578,1.1379718780517578,1.5151236709698424e-07,2.0358476638793945,4.196430206298828,9.193068504333496,14.524324417114258,2.301841974258423
414,121.68989799229598,13,-2.0752036571502686,3.5762786865234375e-06,-2.075207233428955,-0.2075207233428955,1.0000001192092896,-1.1379718780517578,1.1379718780517578,1.9560161490517203e-07,2.0357041358947754,4.195992469787598,9.193887710571289,14.524324417114258,2.3018720149993896
415,121.78588679109903,13,-2.074923276901245,8.344650268554688e-07,-2.074924111366272,-0.2074924111366272,0.9999974370002747,-1.1379718780517578,1.1379718780517578,1.4786093061047723e-07,2.0355591773986816,4.195549011230469,9.194705963134766,14.524323463439941,2.3019015789031982
416,121.8818918470656,13,-2.074638843536377,2.4437904357910156e-06,-2.0746412873268127,-0.20746412873268127,0.9999984502792358,-1.1379717588424683,1.1379717588424683,1.8109190591530933e-07,2.035414695739746,4.195102214813232,9.195528030395508,14.524324417114258,2.3019306659698486
417,121.97791332901633,13,-2.0743627548217773,-4.172325134277344e-07,-2.074362337589264,-0.2074362337589264,1.0000011920928955,-1.1379718780517578,1.1379718780517578,1.6531353708160168e-07,2.035269260406494,4.1946516036987305,9.196351051330566,14.524324417114258,2.301959753036499
418,122.0739543334833,13,-2.074083089828491,-2.086162567138672e-06,-2.074081003665924,-0.2074081003665924,0.9999994039535522,-1.1379719972610474,1.1379719972610474,2.2906516505827312e-07,2.035123586654663,4.194197654724121,9.197175025939941,14.524324417114258,2.301988363265991
419,122.1700095161185,13,-2.073796272277832,-2.86102294921875e-06,-2.073793411254883,-0.20737934112548828,1.000000238418579,-1.1379718780517578,1.1379718780517578,1.6197353147617832e-07,2.0349764823913574,4.193737506866455,9.197999000549316,14.524323463439941,2.302016258239746
420,122.26608167237855,13,-2.0735182762145996,-5.304813385009766e-06,-2.0735129714012146,-0.20735129714012146,0.9999998807907104,-1.1379718780517578,1.1379718780517578,1.5151236709698424e-07,2.03482985496521,4.193275451660156,9.19882583618164,14.524321556091309,2.30204439163208
421,122.36217119888266,13,-2.0732369422912598,-6.198883056640625e-06,-2.073230743408203,-0.2073230743408203,1.0000004768371582,-1.1379718780517578,1.1379718780517578,1.4411699567062897e-07,2.034682035446167,4.192806243896484,9.199654579162598,14.524324417114258,2.302072048187256
422,122.45827567214089,13,-2.072953701019287,1.7881393432617188e-07,-2.0729538798332214,-0.20729538798332214,0.9999985098838806,-1.1379718780517578,1.1379718780517578,1.4027318684384227e-07,2.0345335006713867,4.1923346519470215,9.200483322143555,14.524322509765625,2.3020994663238525
423,122.55439455718421,13,-2.0726661682128906,1.3113021850585938e-06,-2.0726674795150757,-0.20726674795150757,1.0000027418136597,-1.1379717588424683,1.1379717588424683,1.7179887379370484e-07,2.0343847274780273,4.191859245300293,9.201313972473145,14.524324417114258,2.302126884460449
424,122.65053475201265,13,-2.072385311126709,1.430511474609375e-06,-2.0723867416381836,-0.20723867416381836,0.9999992847442627,-1.1379719972610474,1.1379719972610474,2.0910692910547368e-07,2.0342350006103516,4.191378593444824,9.202146530151367,14.524324417114258,2.3021533489227295
425,122.74669096599628,13,-2.072101593017578,4.112720489501953e-06,-2.0721057057380676,-0.20721057057380676,0.9999994039535522,-1.1379718780517578,1.1379718780517578,1.7179887379370484e-07,2.0340850353240967,4.19089412689209,9.20297908782959,14.524322509765625,2.3021798133850098
426,122.84285916266603,13,-2.071824550628662,-1.0728836059570312e-06,-2.071823477745056,-0.20718234777450562,0.9999977350234985,-1.1379718780517578,1.1379718780517578,1.4027318684384227e-07,2.0339345932006836,4.190407752990723,9.203813552856445,14.524323463439941,2.302206039428711
427,122.93904954576803,13,-2.0715417861938477,-2.6226043701171875e-06,-2.0715391635894775,-0.20715391635894775,0.9999991059303284,-1.1379718780517578,1.1379718780517578,1.4027318684384227e-07,2.033783197402954,4.189913749694824,9.204648971557617,14.524324417114258,2.302231788635254
428,123.03525279764544,13,-2.071258068084717,1.8477439880371094e-06,-2.071259915828705,-0.20712599158287048,1.0000003576278687,-1.1379718780517578,1.1379718780517578,1.8703092052874126e-07,2.0336313247680664,4.189417839050293,9.205487251281738,14.524324417114258,2.3022570610046387
429,123.13147304784897,13,-2.070978879928589,-2.9802322387695312e-06,-2.07097589969635,-0.207097589969635,0.999997615814209,-1.1379718780517578,1.1379718780517578,1.3632103446070687e-07,2.0334794521331787,4.188918590545654,9.20632553100586,14.524324417114258,2.3022820949554443
430,123.2277093143305,13,-2.0706984996795654,-5.125999450683594e-06,-2.0706933736801147,-0.20706933736801147,0.9999994039535522,-1.1379718780517578,1.1379718780517578,1.55077842123319e-07,2.0333263874053955,4.188412666320801,9.207165718078613,14.524323463439941,2.30230712890625
431,123.32396234908728,13,-2.070405960083008,6.67572021484375e-06,-2.0704126358032227,-0.20704126358032227,1.0000005960464478,-1.1379719972610474,1.1379719972610474,1.9278705565284326e-07,2.033172607421875,4.187903881072998,9.2080078125,14.524322509765625,2.3023312091827393
432,123.4202355745064,13,-2.070129156112671,-5.364418029785156e-07,-2.070128619670868,-0.2070128619670868,0.9999989867210388,-1.1379718780517578,1.1379718780517578,1.4411699567062897e-07,2.0330185890197754,4.187391757965088,9.208850860595703,14.524324417114258,2.3023552894592285
433,123.51652029590653,13,-2.069849729537964,-3.635883331298828e-06,-2.0698460936546326,-0.20698460936546326,0.9999978542327881,-1.1379718780517578,1.1379718780517578,1.4027318684384227e-07,2.0328638553619385,4.186874866485596,9.20969295501709,14.524322509765625,2.3023788928985596
434,123.61282258880337,13,-2.0695629119873047,5.960464477539063e-08,-2.0695629715919495,-0.20695629715919495,0.9999998211860657,-1.1379718780517578,1.1379718780517578,2.1170463071484846e-07,2.0327088832855225,4.186354637145996,9.210538864135742,14.524324417114258,2.302403211593628
435,123.70914202692276,13,-2.0692803859710693,-1.1324882507324219e-06,-2.0692792534828186,-0.20692792534828186,1.0000014305114746,-1.1379718780517578,1.1379718780517578,1.6858739115832577e-07,2.032553195953369,4.185831069946289,9.211385726928711,14.524324417114258,2.3024260997772217
436,123.80547734842955,13,-2.0689940452575684,2.384185791015625e-06,-2.0689964294433594,-0.20689964294433594,1.0000003576278687,-1.1379718780517578,1.1379718780517578,1.7495140980372526e-07,2.032396078109741,4.185299396514893,9.212230682373047,14.524323463439941,2.3024485111236572
437,123.90182772289123,13,-2.0687122344970703,-1.6093254089355469e-06,-2.0687106251716614,-0.20687106251716614,1.0,-1.1379718780517578,1.1379718780517578,1.4411699567062897e-07,2.0322394371032715,4.18476676940918,9.213082313537598,14.524324417114258,2.302471160888672
438,123.99819911666593,13,-2.068432331085205,-3.635883331298828e-06,-2.068428695201874,-0.20684286952018738,0.9999991059303284,-1.1379718780517578,1.1379718780517578,1.1453258252913656e-07,2.0320818424224854,4.184229850769043,9.213932037353516,14.524322509765625,2.3024938106536865
439,124.09458388883338,13,-2.068150043487549,-1.7881393432617188e-06,-2.0681482553482056,-0.20681482553482056,0.9999986290931702,-1.1379718780517578,1.1379718780517578,1.55077842123319e-07,2.031923770904541,4.183688163757324,9.214783668518066,14.524322509765625,2.3025155067443848
440,124.19098396689371,13,-2.0678653717041016,-2.3245811462402344e-06,-2.0678630471229553,-0.20678630471229553,0.9999998807907104,-1.1379718780517578,1.1379718780517578,1.9278705565284326e-07,2.0317654609680176,4.18314266204834,9.21563720703125,14.524325370788574,2.302536964416504
441,124.2874005454717,13,-2.067587375640869,-5.364418029785156e-06,-2.0675820112228394,-0.20675820112228394,1.000000238418579,-1.1379718780517578,1.1379718780517578,1.8703092052874126e-07,2.0316061973571777,4.182594299316406,9.21649169921875,14.524324417114258,2.3025588989257812
442,124.38383382509264,13,-2.0672965049743652,3.874301910400391e-06,-2.0673003792762756,-0.20673003792762756,1.000000238418579,-1.1379719972610474,1.1379719972610474,1.8408536561764777e-07,2.0314462184906006,4.182039260864258,9.217345237731934,14.524324417114258,2.302579164505005
443,124.48028402459448,13,-2.067017078399658,-2.205371856689453e-06,-2.0670148730278015,-0.20670148730278015,0.9999989867210388,-1.1379718780517578,1.1379718780517578,1.9560161490517203e-07,2.0312857627868652,4.181482791900635,9.218202590942383,14.524324417114258,2.302600145339966
444,124.57675041985827,13,-2.0667333602905273,4.76837158203125e-07,-2.0667338371276855,-0.20667338371276855,1.0000008344650269,-1.1379718780517578,1.1379718780517578,1.5151236709698424e-07,2.0311248302459717,4.18092155456543,9.219059944152832,14.524323463439941,2.3026199340820312
445,124.67323206523075,13,-2.0664515495300293,-5.364418029785156e-07,-2.0664510130882263,-0.20664510130882263,1.0000014305114746,-1.1379718780517578,1.1379718780517578,1.7495140980372526e-07,2.030963659286499,4.180356025695801,9.219919204711914,14.524324417114258,2.302640438079834
446,124.76973347340548,13,-2.066166639328003,-1.430511474609375e-06,-2.0661652088165283,-0.20661652088165283,1.0000001192092896,-1.1379718780517578,1.1379718780517578,1.8109190591530933e-07,2.03080153465271,4.1797871589660645,9.220780372619629,14.524324417114258,2.3026599884033203
447,124.86624652306942,13,-2.065885543823242,-1.3709068298339844e-06,-2.0658841729164124,-0.20658841729164124,1.0000003576278687,-1.1379718780517578,1.1379718780517578,1.55077842123319e-07,2.030639410018921,4.179214954376221,9.22164249420166,14.524324417114258,2.3026790618896484
448,124.96277769364343,13,-2.065603256225586,1.7881393432617188e-07,-2.0656034350395203,-0.20656034350395203,0.9999992847442627,-1.1379718780517578,1.1379718780517578,1.6858739115832577e-07,2.030475378036499,4.178635597229004,9.222502708435059,14.524324417114258,2.3026978969573975
449,125.05932399253048,13,-2.065316677093506,-2.384185791015625e-07,-2.0653164386749268,-0.20653164386749268,0.9999994039535522,-1.1379718780517578,1.1379718780517578,9.351546026437063e-08,2.0303115844726562,4.178055286407471,9.223365783691406,14.524322509765625,2.30271577835083
450,125.1558888745324,13,-2.0650360584259033,-1.8477439880371094e-06,-2.0650342106819153,-0.20650342106819153,0.9999974966049194,-1.1379718780517578,1.1379718780517578,1.4786093061047723e-07,2.0301477909088135,4.1774702072143555,9.224230766296387,14.524322509765625,2.302734613418579
451,125.2524662927981,13,-2.0647573471069336,-2.086162567138672e-06,-2.0647552609443665,-0.20647552609443665,1.0000003576278687,-1.1379718780517578,1.1379718780517578,1.4786093061047723e-07,2.0299832820892334,4.176882266998291,9.225098609924316,14.524324417114258,2.302752733230591
452,125.3490653480891,13,-2.0644679069519043,2.1457672119140625e-06,-2.064470052719116,-0.20644700527191162,0.9999998211860657,-1.1379718780517578,1.1379718780517578,1.55077842123319e-07,2.029817819595337,4.17628812789917,9.22596549987793,14.524324417114258,2.3027703762054443
453,125.44567782403344,13,-2.0641863346099854,2.086162567138672e-06,-2.0641884207725525,-0.20641884207725525,0.9999980926513672,-1.1379719972610474,1.1379719972610474,1.8703092052874126e-07,2.029651165008545,4.175690174102783,9.226832389831543,14.524322509765625,2.3027873039245605
454,125.54230369887367,13,-2.063904047012329,-2.384185791015625e-07,-2.06390380859375,-0.206390380859375,1.0,-1.1379718780517578,1.1379718780517578,1.5151236709698424e-07,2.0294852256774902,4.175088882446289,9.227703094482422,14.524324417114258,2.302804708480835
455,125.63894601558462,13,-2.063621997833252,-1.6093254089355469e-06,-2.063620388507843,-0.2063620388507843,1.0000007152557373,-1.1379719972610474,1.1379719972610474,2.0111259857458208e-07,2.029318332672119,4.174485206604004,9.228574752807617,14.524324417114258,2.302821159362793
456,125.73561081492667,13,-2.063336133956909,3.516674041748047e-06,-2.063339650630951,-0.2063339650630951,0.9999977946281433,-1.1379718780517578,1.1379718780517578,2.0111259857458208e-07,2.02915096282959,4.173876762390137,9.229446411132812,14.524324417114258,2.30283784866333
457,125.83228747621673,13,-2.063052177429199,3.4570693969726562e-06,-2.063055634498596,-0.20630556344985962,0.9999979138374329,-1.1379718780517578,1.1379718780517578,1.55077842123319e-07,2.028982639312744,4.173263072967529,9.230318069458008,14.524322509765625,2.302853584289551
458,125.92898045674937,13,-2.0627477169036865,2.4437904357910156e-06,-2.0627501606941223,-0.20627501606941223,1.0000020265579224,-1.1379718780517578,1.1379718780517578,1.3632103446070687e-07,2.0288138389587402,4.1726460456848145,9.231192588806152,14.524324417114258,2.3028693199157715
459,126.02568569915178,13,-2.0624470710754395,4.172325134277344e-06,-2.0624512434005737,-0.20624512434005737,0.9999997019767761,-1.1379718780517578,1.1379718780517578,1.6858739115832577e-07,2.0286448001861572,4.17202615737915,9.23206901550293,14.524323463439941,2.302884817123413
460,126.12241171476593,13,-2.0621471405029297,-1.0728836059570312e-06,-2.0621460676193237,-0.20621460676193237,1.0000020265579224,-1.1379718780517578,1.1379718780517578,1.8109190591530933e-07,2.028474807739258,4.17140007019043,9.23294448852539,14.524324417114258,2.3028995990753174
461,126.21915248615291,13,-2.061844825744629,-2.4437904357910156e-06,-2.061842381954193,-0.2061842381954193,0.9999964237213135,-1.1379718780517578,1.1379718780517578,1.1920928955078125e-07,2.0283045768737793,4.170772075653076,9.233821868896484,14.524324417114258,2.3029141426086426
462,126.31590938558985,13,-2.061539888381958,2.086162567138672e-06,-2.061541974544525,-0.20615419745445251,0.9999968409538269,-1.1379718780517578,1.1379718780517578,1.1920928955078125e-07,2.028134346008301,4.17014217376709,9.234701156616211,14.524322509765625,2.3029346466064453
463,126.41268374495947,13,-2.0612285137176514,5.602836608886719e-06,-2.0612341165542603,-0.20612341165542603,0.9999997019767761,-1.1379718780517578,1.1379718780517578,1.55077842123319e-07,2.0279626846313477,4.169503211975098,9.235581398010254,14.524323463439941,2.302978754043579
464,126.50947087630364,13,-2.060926914215088,8.344650268554688e-07,-2.0609277486801147,-0.20609277486801147,1.0000019073486328,-1.1379717588424683,1.1379717588424683,1.6858739115832577e-07,2.0277907848358154,4.168863773345947,9.236461639404297,14.524324417114258,2.303023099899292
465,126.60627482647129,13,-2.060624122619629,-6.020069122314453e-06,-2.0606181025505066,-0.20606181025505066,1.0000022649765015,-1.1379718780517578,1.1379718780517578,1.55077842123319e-07,2.027618169784546,4.168220043182373,9.237343788146973,14.524322509765625,2.3030664920806885
466,126.70309736794457,13,-2.060319423675537,-5.364418029785156e-07,-2.060318887233734,-0.2060318887233734,0.999998927116394,-1.1379718780517578,1.1379718780517578,1.6197353147617832e-07,2.0274455547332764,4.167572498321533,9.238226890563965,14.524324417114258,2.303109645843506
467,126.79993605210822,13,-2.060011625289917,1.7881393432617188e-06,-2.0600134134292603,-0.20600134134292603,0.9999989867210388,-1.1379718780517578,1.1379718780517578,1.4411699567062897e-07,2.0272722244262695,4.1669206619262695,9.239109992980957,14.524324417114258,2.3031530380249023
468,126.89678953042377,13,-2.0597081184387207,-2.2649765014648438e-06,-2.0597058534622192,-0.20597058534622192,1.000001072883606,-1.1379718780517578,1.1379718780517578,1.6197353147617832e-07,2.0270979404449463,4.166265487670898,9.239995956420898,14.524325370788574,2.303196430206299
469,126.99365613271434,13,-2.0593998432159424,2.9206275939941406e-06,-2.0594027638435364,-0.20594027638435364,1.000000238418579,-1.1379718780517578,1.1379718780517578,1.55077842123319e-07,2.026923418045044,4.165605545043945,9.24088191986084,14.524325370788574,2.3032383918762207
470,127.09054048653192,13,-2.0590970516204834,1.1324882507324219e-06,-2.059098184108734,-0.2059098184108734,1.000001311302185,-1.1379718780517578,1.1379718780517578,1.4786093061047723e-07,2.0267484188079834,4.164943218231201,9.241768836975098,14.524324417114258,2.3032803535461426
471,127.18744182152004,13,-2.0587925910949707,-4.76837158203125e-07,-2.0587921142578125,-0.20587921142578125,0.9999989867210388,-1.1379719972610474,1.1379719972610474,2.0111259857458208e-07,2.0265727043151855,4.164276599884033,9.242657661437988,14.524322509765625,2.3033225536346436
472,127.28435769506164,13,-2.058483123779297,1.7285346984863281e-06,-2.0584848523139954,-0.20584848523139954,1.0000001192092896,-1.1379718780517578,1.1379718780517578,1.6531353708160168e-07,2.0263965129852295,4.163605213165283,9.243546485900879,14.524323463439941,2.3033640384674072
473,127.38129199277766,13,-2.0581820011138916,3.039836883544922e-06,-2.058185040950775,-0.20581850409507751,1.0000015497207642,-1.1379718780517578,1.1379718780517578,1.6197353147617832e-07,2.0262207984924316,4.162932395935059,9.244438171386719,14.524324417114258,2.30340576171875
474,127.47823824691999,13,-2.0578765869140625,-2.086162567138672e-06,-2.0578745007514954,-0.20578745007514954,0.9999991059303284,-1.1379718780517578,1.1379718780517578,1.4027318684384227e-07,2.026042938232422,4.162254810333252,9.245327949523926,14.524323463439941,2.3034467697143555
475,127.57520611812797,13,-2.05757474899292,-9.5367431640625e-07,-2.0575737953186035,-0.20575737953186035,1.0000011920928955,-1.1379719972610474,1.1379719972610474,1.8408536561764777e-07,2.025865077972412,4.161571025848389,9.246220588684082,14.524324417114258,2.303487777709961
476,127.67218298884272,13,-2.0572638511657715,1.4901161193847656e-06,-2.057265341281891,-0.2057265341281891,0.9999991059303284,-1.1379719972610474,1.1379719972610474,2.384185791015625e-07,2.025686740875244,4.160884380340576,9.247114181518555,14.524322509765625,2.303528070449829
477,127.76917962104228,13,-2.056964635848999,1.7881393432617188e-06,-2.0569664239883423,-0.20569664239883423,1.000000238418579,-1.1379719972610474,1.1379719972610474,1.899308017527801e-07,2.025507926940918,4.160193920135498,9.248007774353027,14.524324417114258,2.3035688400268555
478,127.86619418126826,13,-2.056661605834961,-3.635883331298828e-06,-2.0566579699516296,-0.20566579699516296,1.0000001192092896,-1.1379719972610474,1.1379719972610474,2.1170463071484846e-07,2.0253281593322754,4.1595001220703125,9.248903274536133,14.524324417114258,2.3036086559295654
479,127.96321985984974,13,-2.056358814239502,-2.4437904357910156e-06,-2.056356370449066,-0.20563563704490662,1.0000003576278687,-1.1379718780517578,1.1379718780517578,1.9278705565284326e-07,2.025148630142212,4.1588029861450195,9.249798774719238,14.524323463439941,2.303647994995117
480,128.0602617459508,13,-2.0560507774353027,-1.9669532775878906e-06,-2.056048810482025,-0.20560488104820251,0.9999977350234985,-1.1379718780517578,1.1379718780517578,1.5856318213991472e-07,2.024968385696411,4.158102035522461,9.25069808959961,14.524324417114258,2.303687810897827
481,128.1573236870502,13,-2.0557501316070557,-2.6226043701171875e-06,-2.0557475090026855,-0.20557475090026855,0.9999988079071045,-1.1379718780517578,1.1379718780517578,1.55077842123319e-07,2.024787664413452,4.157397270202637,9.251596450805664,14.524324417114258,2.3037269115448
482,128.25439693005004,13,-2.0554466247558594,-1.1920928955078125e-07,-2.05544650554657,-0.20554465055465698,1.0000005960464478,-1.1379718780517578,1.1379718780517578,1.8109190591530933e-07,2.024606227874756,4.156689167022705,9.252494812011719,14.524324417114258,2.3037655353546143
483,128.35148692740196,13,-2.0551366806030273,-1.1920928955078125e-07,-2.055136561393738,-0.20551365613937378,0.9999971389770508,-1.1379718780517578,1.1379718780517578,1.6197353147617832e-07,2.024423837661743,4.155975818634033,9.253393173217773,14.524324417114258,2.3038041591644287
484,128.44859497299146,13,-2.0548410415649414,-3.993511199951172e-06,-2.0548370480537415,-0.20548370480537415,0.9999992251396179,-1.1379718780517578,1.1379718780517578,1.3632103446070687e-07,2.0242419242858887,4.1552605628967285,9.254295349121094,14.524324417114258,2.303842544555664
485,128.545717797159,13,-2.0545341968536377,-1.430511474609375e-06,-2.054532766342163,-0.2054532766342163,1.000001072883606,-1.1379719972610474,1.1379719972610474,2.038122204339743e-07,2.024059295654297,4.154542446136475,9.255197525024414,14.524323463439941,2.3038806915283203
486,128.64285235192952,13,-2.0542314052581787,2.7418136596679688e-06,-2.0542341470718384,-0.20542341470718384,1.0000008344650269,-1.1379719972610474,1.1379719972610474,2.0111259857458208e-07,2.0238752365112305,4.153816223144531,9.256099700927734,14.524324417114258,2.3039183616638184
487,128.74000551785375,13,-2.0539307594299316,-3.5762786865234375e-06,-2.053927183151245,-0.2053927183151245,0.9999992847442627,-1.1379718780517578,1.1379718780517578,1.5151236709698424e-07,2.023691415786743,4.153087615966797,9.257003784179688,14.524323463439941,2.3039557933807373
488,128.8371737546856,13,-2.0536279678344727,-1.4901161193847656e-06,-2.0536264777183533,-0.20536264777183533,0.9999998211860657,-1.1379718780517578,1.1379718780517578,1.322508325074523e-07,2.0235068798065186,4.1523590087890625,9.257908821105957,14.524322509765625,2.303992748260498
489,128.93436057165792,13,-2.053323268890381,2.205371856689453e-06,-2.0533254742622375,-0.20533254742622375,0.9999998807907104,-1.1379718780517578,1.1379718780517578,1.6531353708160168e-07,2.023322343826294,4.151626110076904,9.258813858032227,14.524324417114258,2.3040294647216797
490,129.0315604971461,13,-2.0530223846435547,-2.384185791015625e-06,-2.0530200004577637,-0.20530200004577637,0.9999998211860657,-1.1379718780517578,1.1379718780517578,1.7179887379370484e-07,2.023136615753174,4.150886058807373,9.259720802307129,14.524324417114258,2.3040661811828613
491,129.12877662369974,13,-2.0527215003967285,-2.5033950805664062e-06,-2.052718997001648,-0.2052718997001648,0.9999982118606567,-1.1379718780517578,1.1379718780517578,1.6531353708160168e-07,2.0229504108428955,4.150143146514893,9.260626792907715,14.524325370788574,2.3041017055511475
492,129.22600962066582,13,-2.052422046661377,-2.2649765014648438e-06,-2.0524197816848755,-0.20524197816848755,1.0000014305114746,-1.1379718780517578,1.1379718780517578,1.5856318213991472e-07,2.0227644443511963,4.149398326873779,9.261536598205566,14.524324417114258,2.30413818359375
493,129.32325591755327,13,-2.0521240234375,-3.4570693969726562e-06,-2.052120566368103,-0.2052120566368103,1.0000005960464478,-1.1379718780517578,1.1379718780517578,1.3632103446070687e-07,2.0225768089294434,4.148647785186768,9.262443542480469,14.524322509765625,2.304173231124878
494,129.42051908447164,13,-2.0518219470977783,-2.682209014892578e-06,-2.0518192648887634,-0.20518192648887634,1.0000011920928955,-1.1379718780517578,1.1379718780517578,1.9278705565284326e-07,2.0223896503448486,4.147895336151123,9.26335334777832,14.524324417114258,2.304208517074585
495,129.51779647563507,13,-2.0515189170837402,3.814697265625e-06,-2.051522731781006,-0.20515227317810059,1.0000014305114746,-1.1379718780517578,1.1379718780517578,1.9278705565284326e-07,2.0222017765045166,4.147139072418213,9.264265060424805,14.524324417114258,2.304244041442871
496,129.61508831765642,13,-2.0512208938598633,-3.5762786865234375e-07,-2.0512205362319946,-0.20512205362319946,0.9999995231628418,-1.1379718780517578,1.1379718780517578,1.6197353147617832e-07,2.022012948989868,4.1463775634765625,9.265176773071289,14.524324417114258,2.304278612136841
497,129.71239768591346,13,-2.0509138107299805,2.1457672119140625e-06,-2.0509159564971924,-0.20509159564971924,1.0000015497207642,-1.1379718780517578,1.1379718780517578,1.4411699567062897e-07,2.0218241214752197,4.145615577697754,9.266088485717773,14.524322509765625,2.3043129444122314
498,129.80972483071292,13,-2.05061936378479,-2.384185791015625e-07,-2.050619125366211,-0.2050619125366211,0.9999997019767761,-1.1379718780517578,1.1379718780517578,1.9278705565284326e-07,2.021634817123413,4.1448469161987305,9.26700210571289,14.524324417114258,2.304347276687622
499,129.90706469930643,13,-2.050318479537964,1.1324882507324219e-06,-2.0503196120262146,-0.20503196120262146,1.0000015497207642,-1.1379718780517578,1.1379718780517578,1.5856318213991472e-07,2.0214452743530273,4.144079685211182,9.267915725708008,14.524323463439941,2.3043813705444336
500,130.0044189619085,13,-2.050020456314087,1.1324882507324219e-06,-2.0500215888023376,-0.20500215888023376,1.000000238418579,-1.1379718780517578,1.1379718780517578,1.7495140980372526e-07,2.021254301071167,4.143301486968994,9.268830299377441,14.524325370788574,2.304414987564087
501,130.10178975475432,13,-2.049722194671631,-4.172325134277344e-07,-2.0497217774391174,-0.20497217774391174,0.9999991059303284,-1.1379718780517578,1.1379718780517578,1.5856318213991472e-07,2.0210633277893066,4.142522811889648,9.269743919372559,14.524324417114258,2.304447650909424
502,130.1991786992732,13,-2.049427032470703,-1.7881393432617188e-06,-2.04942524433136,-0.204942524433136,1.0000009536743164,-1.1379718780517578,1.1379718780517578,1.5856318213991472e-07,2.020871639251709,4.141739368438721,9.270662307739258,14.524324417114258,2.304481029510498
503,130.29658084863362,13,-2.0491254329681396,2.086162567138672e-06,-2.049127519130707,-0.20491275191307068,0.9999973773956299,-1.1379718780517578,1.1379718780517578,1.4411699567062897e-07,2.020679473876953,4.140955448150635,9.27157974243164,14.524324417114258,2.304513454437256
504,130.39399633487827,13,-2.0488295555114746,-2.4437904357910156e-06,-2.048827111721039,-0.20488271117210388,0.9999973773956299,-1.1379718780517578,1.1379718780517578,1.899308017527801e-07,2.0204875469207764,4.140166282653809,9.272497177124023,14.524324417114258,2.3045461177825928
505,130.4914282941696,13,-2.0485270023345947,2.682209014892578e-06,-2.0485296845436096,-0.20485296845436096,1.0000001192092896,-1.1379718780517578,1.1379718780517578,1.8109190591530933e-07,2.020294427871704,4.139373302459717,9.273414611816406,14.524323463439941,2.304577589035034
506,130.5888769538648,13,-2.0482327938079834,3.5762786865234375e-07,-2.048233151435852,-0.2048233151435852,1.000000238418579,-1.1379718780517578,1.1379718780517578,1.2805131177628937e-07,2.0201010704040527,4.138576984405518,9.274332046508789,14.524323463439941,2.304609537124634
507,130.68633961913733,13,-2.047935962677002,5.125999450683594e-06,-2.0479410886764526,-0.20479410886764526,0.9999983906745911,-1.1379719972610474,1.1379719972610474,2.361149569196641e-07,2.0199074745178223,4.137778282165527,9.27525520324707,14.524322509765625,2.3046412467956543
508,130.78381991782186,13,-2.047637939453125,-3.814697265625e-06,-2.0476341247558594,-0.20476341247558594,0.9999994039535522,-1.1379718780517578,1.1379718780517578,1.1920928955078125e-07,2.0197129249572754,4.136973857879639,9.276174545288086,14.524322509765625,2.3046724796295166
509,130.88131429951133,13,-2.0473384857177734,2.384185791015625e-06,-2.0473408699035645,-0.20473408699035645,1.0,-1.1379718780517578,1.1379718780517578,1.5151236709698424e-07,2.0195183753967285,4.136167526245117,9.277097702026367,14.524324417114258,2.3047034740448
510,130.9788233533746,13,-2.047044038772583,8.940696716308594e-07,-2.0470449328422546,-0.20470449328422546,0.9999997019767761,-1.1379718780517578,1.1379718780517578,1.1920928955078125e-07,2.019322395324707,4.135355472564697,9.2780179977417,14.524322509765625,2.3047337532043457
511,131.0763502096715,13,-2.0467545986175537,-1.7285346984863281e-06,-2.0467528700828552,-0.20467528700828552,1.0000009536743164,-1.1379718780517578,1.1379718780517578,1.899308017527801e-07,2.019127368927002,4.1345438957214355,9.278942108154297,14.524324417114258,2.30476450920105
512,131.17388940653916,13,-2.0464577674865723,-2.3245811462402344e-06,-2.046455442905426,-0.2046455442905426,1.0000001192092896,-1.1379718780517578,1.1379718780517578,1.1920928955078125e-07,2.018930435180664,4.133724212646484,9.279865264892578,14.524324417114258,2.3047945499420166
513,131.27144439754986,13,-2.0461583137512207,2.086162567138672e-06,-2.046160399913788,-0.20461603999137878,1.0000004768371582,-1.1379718780517578,1.1379718780517578,1.9278705565284326e-07,2.0187337398529053,4.132903575897217,9.28078842163086,14.524324417114258,2.304823637008667
514,131.3690116843519,13,-2.0458688735961914,-2.0265579223632812e-06,-2.045866847038269,-0.2045866847038269,0.9999988675117493,-1.1379718780517578,1.1379718780517578,1.8703092052874126e-07,2.0185368061065674,4.132081031799316,9.281713485717773,14.524324417114258,2.3048534393310547
515,131.46659815991717,13,-2.04557204246521,-2.0265579223632812e-06,-2.0455700159072876,-0.20455700159072876,0.9999972581863403,-1.1379718780517578,1.1379718780517578,1.6531353708160168e-07,2.018339157104492,4.131251335144043,9.282639503479004,14.524324417114258,2.304882049560547
516,131.56420081393898,13,-2.0452749729156494,2.086162567138672e-06,-2.0452770590782166,-0.20452770590782166,1.0000003576278687,-1.1379718780517578,1.1379718780517578,1.55077842123319e-07,2.0181405544281006,4.1304192543029785,9.283565521240234,14.524324417114258,2.304910659790039
517,131.66181622044402,13,-2.0449790954589844,3.516674041748047e-06,-2.044982612133026,-0.2044982612133026,0.9999961256980896,-1.1379718780517578,1.1379718780517578,1.322508325074523e-07,2.017942190170288,4.129586219787598,9.284491539001465,14.524322509765625,2.3049397468566895
518,131.75944577792407,13,-2.0446906089782715,-1.2516975402832031e-06,-2.044689357280731,-0.20446893572807312,1.0000004768371582,-1.1379719972610474,1.1379719972610474,1.8703092052874126e-07,2.0177431106567383,4.128746509552002,9.285418510437012,14.524322509765625,2.3049676418304443
519,131.8570949596146,13,-2.0443689823150635,5.960464477539062e-07,-2.0443695783615112,-0.20443695783615112,1.0000009536743164,-1.1379719972610474,1.1379719972610474,2.2179139591571584e-07,2.0175435543060303,4.127904891967773,9.286348342895508,14.524324417114258,2.304995536804199
520,131.95475499743137,13,-2.04404616355896,9.5367431640625e-07,-2.0440471172332764,-0.20440471172332764,1.0000008344650269,-1.1379718780517578,1.1379718780517578,1.0455346455273684e-07,2.017343282699585,4.127059459686279,9.287275314331055,14.524324417114258,2.305023193359375
521,132.05242964038132,13,-2.043732166290283,-9.5367431640625e-07,-2.043731212615967,-0.20437312126159668,1.0000009536743164,-1.1379718780517578,1.1379718780517578,1.7495140980372526e-07,2.017143487930298,4.126211643218994,9.28820514678955,14.524325370788574,2.3050503730773926
522,132.15012408099915,13,-2.043405771255493,2.086162567138672e-06,-2.0434078574180603,-0.20434078574180603,1.0000014305114746,-1.1379718780517578,1.1379718780517578,1.55077842123319e-07,2.016941547393799,4.1253581047058105,9.289133071899414,14.524324417114258,2.3050765991210938
523,132.24783151470157,13,-2.0430870056152344,-1.3113021850585938e-06,-2.0430856943130493,-0.20430856943130493,1.0000003576278687,-1.1379718780517578,1.1379718780517578,1.6858739115832577e-07,2.016740560531616,4.124502182006836,9.290063858032227,14.524324417114258,2.3051037788391113
524,132.3455500025855,13,-2.042771339416504,1.1324882507324219e-06,-2.0427724719047546,-0.20427724719047546,1.000001311302185,-1.1379719972610474,1.1379719972610474,1.9278705565284326e-07,2.0165388584136963,4.123643398284912,9.290995597839355,14.524324417114258,2.3051297664642334
525,132.44329042453325,13,-2.0424537658691406,1.0132789611816406e-06,-2.042454779148102,-0.20424547791481018,0.9999973773956299,-1.1379718780517578,1.1379718780517578,1.4027318684384227e-07,2.016335964202881,4.1227803230285645,9.291926383972168,14.524325370788574,2.3051557540893555
526,132.54104005998562,13,-2.0421366691589355,-4.947185516357422e-06,-2.042131721973419,-0.20421317219734192,1.0000008344650269,-1.1379718780517578,1.1379718780517578,1.6197353147617832e-07,2.0161333084106445,4.121914386749268,9.292858123779297,14.524322509765625,2.3051815032958984
527,132.63880861025035,13,-2.0418169498443604,1.2516975402832031e-06,-2.0418182015419006,-0.20418182015419006,1.000002145767212,-1.1379718780517578,1.1379718780517578,1.8408536561764777e-07,2.015930414199829,4.1210455894470215,9.293790817260742,14.524324417114258,2.3052072525024414
528,132.7365895386318,13,-2.0414998531341553,3.5762786865234375e-07,-2.041500210762024,-0.2041500210762024,0.9999998807907104,-1.1379718780517578,1.1379718780517578,1.9560161490517203e-07,2.0157268047332764,4.120173931121826,9.294724464416504,14.524324417114258,2.305232286453247
529,132.83438689696428,13,-2.0411815643310547,-1.7285346984863281e-06,-2.041179835796356,-0.20411798357963562,0.9999995231628418,-1.1379718780517578,1.1379718780517578,1.6531353708160168e-07,2.0155222415924072,4.119296073913574,9.29565715789795,14.524325370788574,2.3052568435668945
530,132.9321980943194,13,-2.040867328643799,-1.6093254089355469e-06,-2.04086571931839,-0.204086571931839,0.9999976754188538,-1.1379718780517578,1.1379718780517578,1.322508325074523e-07,2.015317440032959,4.1184163093566895,9.296590805053711,14.524322509765625,2.305281400680542
531,133.03002233375332,13,-2.040546178817749,6.556510925292969e-07,-2.0405468344688416,-0.20405468344688416,1.000000238418579,-1.1379718780517578,1.1379718780517578,1.5856318213991472e-07,2.0151124000549316,4.117534637451172,9.297524452209473,14.524324417114258,2.3053054809570312
532,133.12786433246558,13,-2.0402348041534424,-1.1920928955078125e-06,-2.040233612060547,-0.2040233612060547,1.000003457069397,-1.1379718780517578,1.1379718780517578,1.6197353147617832e-07,2.0149073600769043,4.1166486740112305,9.298460006713867,14.524324417114258,2.3053295612335205
533,133.22572240210272,13,-2.039919137954712,-2.3245811462402344e-06,-2.0399168133735657,-0.20399168133735657,0.9999995231628418,-1.1379719972610474,1.1379719972610474,1.899308017527801e-07,2.0147013664245605,4.11575984954834,9.299394607543945,14.524324417114258,2.3053531646728516
534,133.3235951261485,13,-2.039607048034668,3.993511199951172e-06,-2.039611041545868,-0.2039611041545868,1.0,-1.1379718780517578,1.1379718780517578,1.4411699567062897e-07,2.0144946575164795,4.114865779876709,9.300332069396973,14.524324417114258,2.3053765296936035
535,133.4214800840122,13,-2.039290428161621,2.0265579223632812e-06,-2.0392924547195435,-0.20392924547195435,1.0000003576278687,-1.1379718780517578,1.1379718780517578,1.55077842123319e-07,2.0142877101898193,4.113969802856445,9.301267623901367,14.524323463439941,2.3053994178771973
536,133.51937909678932,13,-2.0389745235443115,-1.8477439880371094e-06,-2.0389726758003235,-0.20389726758003235,0.9999992847442627,-1.1379718780517578,1.1379718780517578,1.322508325074523e-07,2.014080286026001,4.113070011138916,9.302202224731445,14.524322509765625,2.305422306060791
537,133.61729611228853,13,-2.0386605262756348,1.6093254089355469e-06,-2.0386621356010437,-0.20386621356010437,0.9999991059303284,-1.1379718780517578,1.1379718780517578,1.5151236709698424e-07,2.0138726234436035,4.1121673583984375,9.303141593933105,14.524323463439941,2.3054444789886475
538,133.71522648202122,13,-2.0383474826812744,5.0067901611328125e-06,-2.0383524894714355,-0.20383524894714355,1.0000016689300537,-1.1379718780517578,1.1379718780517578,1.5856318213991472e-07,2.013664722442627,4.111263275146484,9.304079055786133,14.524324417114258,2.305466651916504
539,133.81317159085637,13,-2.0380358695983887,-7.748603820800781e-07,-2.0380350947380066,-0.20380350947380066,1.000001072883606,-1.1379718780517578,1.1379718780517578,1.7495140980372526e-07,2.013456106185913,4.110352516174316,9.305015563964844,14.524324417114258,2.305493116378784
540,133.91113274217824,13,-2.0377249717712402,2.2649765014648438e-06,-2.0377272367477417,-0.20377272367477417,1.0000016689300537,-1.1379719972610474,1.1379719972610474,2.038122204339743e-07,2.01324725151062,4.109440803527832,9.305954933166504,14.524324417114258,2.305663585662842
541,134.00910381891575,13,-2.037412643432617,-1.1920928955078125e-07,-2.0374125242233276,-0.20374125242233276,0.9999978542327881,-1.1379718780517578,1.1379718780517578,1.6531353708160168e-07,2.0130374431610107,4.108524322509766,9.306893348693848,14.524324417114258,2.305833578109741
542,134.1070934951935,13,-2.037102699279785,4.76837158203125e-07,-2.0371031761169434,-0.20371031761169434,1.0000014305114746,-1.1379718780517578,1.1379718780517578,1.5151236709698424e-07,2.0128276348114014,4.107605457305908,9.307832717895508,14.524322509765625,2.3060030937194824
543,134.20509765215837,13,-2.036790370941162,4.76837158203125e-07,-2.0367908477783203,-0.20367908477783203,0.9999997019767761,-1.1379718780517578,1.1379718780517578,1.7179887379370484e-07,2.012617349624634,4.106682777404785,9.308772087097168,14.524324417114258,2.3061723709106445
544,134.3031207925573,13,-2.0364813804626465,1.9073486328125e-06,-2.0364832878112793,-0.20364832878112793,1.0000015497207642,-1.1379719972610474,1.1379719972610474,2.0111259857458208e-07,2.01240611076355,4.10575532913208,9.309711456298828,14.524322509765625,2.3063406944274902
545,134.40115215833416,13,-2.0361695289611816,-6.556510925292969e-07,-2.036168873310089,-0.2036168873310089,0.9999987483024597,-1.1379718780517578,1.1379718780517578,1.322508325074523e-07,2.012195110321045,4.104827404022217,9.310651779174805,14.524322509765625,2.3065097332000732
546,134.49919778152554,13,-2.035860061645508,-8.344650268554688e-07,-2.035859227180481,-0.2035859227180481,0.9999998807907104,-1.1379718780517578,1.1379718780517578,1.4027318684384227e-07,2.0119833946228027,4.103893756866455,9.311591148376465,14.524322509765625,2.3066775798797607
547,134.59726085076207,13,-2.035551071166992,8.940696716308594e-07,-2.035551965236664,-0.20355519652366638,1.0000004768371582,-1.1379718780517578,1.1379718780517578,1.322508325074523e-07,2.0117716789245605,4.102960109710693,9.312531471252441,14.524322509765625,2.3068454265594482
548,134.6953412820016,13,-2.035250186920166,-4.291534423828125e-06,-2.035245895385742,-0.20352458953857422,1.0000003576278687,-1.1379719972610474,1.1379719972610474,1.9278705565284326e-07,2.011559009552002,4.10202169418335,9.313474655151367,14.524322509765625,2.307029962539673
549,134.7934307494724,13,-2.034935474395752,1.7881393432617188e-07,-2.0349356532096863,-0.20349356532096863,0.9999973177909851,-1.1379718780517578,1.1379718780517578,1.55077842123319e-07,2.0113461017608643,4.101078033447266,9.314414978027344,14.524324417114258,2.3072474002838135
550,134.89153845657282,13,-2.0346245765686035,2.0265579223632812e-06,-2.034626603126526,-0.2034626603126526,1.0000008344650269,-1.1379718780517578,1.1379718780517578,1.1453258252913656e-07,2.0111334323883057,4.10013484954834,9.315357208251953,14.524324417114258,2.307464361190796
551,134.98965833400078,13,-2.0343189239501953,2.205371856689453e-06,-2.034321129322052,-0.2034321129322052,0.9999972581863403,-1.1379719972610474,1.1379719972610474,1.7179887379370484e-07,2.0109190940856934,4.099185466766357,9.316298484802246,14.524324417114258,2.307680368423462
552,135.0877937648146,13,-2.0340144634246826,5.9604644775390625e-06,-2.03402042388916,-0.20340204238891602,0.999998152256012,-1.1379719972610474,1.1379719972610474,1.7179887379370484e-07,2.010704755783081,4.098233699798584,9.317241668701172,14.524323463439941,2.3078973293304443
553,135.18594181981047,13,-2.0337042808532715,6.198883056640625e-06,-2.033710479736328,-0.2033710479736328,0.9999995827674866,-1.1379718780517578,1.1379718780517578,1.6858739115832577e-07,2.0104904174804688,4.0972795486450195,9.318182945251465,14.524325370788574,2.308112144470215
554,135.28410900130214,13,-2.033402681350708,-1.5497207641601562e-06,-2.033401131629944,-0.20334011316299438,0.9999988675117493,-1.1379719972610474,1.1379719972610474,1.9278705565284326e-07,2.01027512550354,4.096321105957031,9.319125175476074,14.524323463439941,2.3083276748657227
555,135.3822870809377,13,-2.033097982406616,3.5762786865234375e-07,-2.033098340034485,-0.2033098340034485,0.9999989867210388,-1.1379718780517578,1.1379718780517578,1.1920928955078125e-07,2.0100595951080322,4.095360279083252,9.320067405700684,14.524322509765625,2.3085429668426514
556,135.48048064372367,13,-2.032790422439575,1.5497207641601562e-06,-2.0327919721603394,-0.20327919721603394,1.0000003576278687,-1.1379718780517578,1.1379718780517578,1.6858739115832577e-07,2.0098447799682617,4.09439754486084,9.321012496948242,14.524324417114258,2.308757781982422
557,135.5786886778161,13,-2.032484769821167,1.1324882507324219e-06,-2.0324859023094177,-0.20324859023094177,1.0000004768371582,-1.1379718780517578,1.1379718780517578,1.55077842123319e-07,2.0096278190612793,4.093428611755371,9.321953773498535,14.524323463439941,2.3089711666107178
558,135.67691043919174,13,-2.03218674659729,8.344650268554688e-07,-2.032187581062317,-0.2032187581062317,0.9999989867210388,-1.1379719972610474,1.1379719972610474,1.899308017527801e-07,2.009411096572876,4.092458724975586,9.322897911071777,14.524323463439941,2.309185028076172
559,135.77514614239047,13,-2.0318756103515625,6.496906280517578e-06,-2.031882107257843,-0.2031882107257843,0.9999991655349731,-1.1379719972610474,1.1379719972610474,1.6531353708160168e-07,2.0091943740844727,4.091487407684326,9.323841094970703,14.524322509765625,2.309398651123047
560,135.87339606354615,13,-2.0315799713134766,2.384185791015625e-07,-2.0315802097320557,-0.20315802097320557,1.0000003576278687,-1.1379718780517578,1.1379718780517578,1.55077842123319e-07,2.008976936340332,4.090509414672852,9.324785232543945,14.524324417114258,2.3096117973327637
561,135.97166133089115,13,-2.0312764644622803,2.1457672119140625e-06,-2.031278610229492,-0.20312786102294922,0.9999987483024597,-1.1379718780517578,1.1379718780517578,2.1170463071484846e-07,2.0087592601776123,4.0895304679870605,9.325728416442871,14.524322509765625,2.309823989868164
562,136.06994395144164,13,-2.030973196029663,-1.8477439880371094e-06,-2.030971348285675,-0.2030971348285675,1.0000008344650269,-1.1379718780517578,1.1379718780517578,1.4786093061047723e-07,2.008540630340576,4.0885467529296875,9.326671600341797,14.524322509765625,2.3100364208221436
563,136.1682360770807,13,-2.0306715965270996,4.708766937255859e-06,-2.030676305294037,-0.2030676305294037,1.0000005960464478,-1.1379718780517578,1.1379718780517578,1.6531353708160168e-07,2.0083224773406982,4.08756160736084,9.327617645263672,14.524324417114258,2.310248374938965
564,136.26654387020815,13,-2.0303711891174316,-9.5367431640625e-07,-2.0303702354431152,-0.20303702354431152,0.9999983310699463,-1.1379718780517578,1.1379718780517578,1.4411699567062897e-07,2.008103370666504,4.086571216583252,9.328561782836914,14.524324417114258,2.3104591369628906
565,136.36486630238707,13,-2.0300724506378174,6.556510925292969e-07,-2.03007310628891,-0.203007310628891,1.0000014305114746,-1.1379718780517578,1.1379718780517578,1.322508325074523e-07,2.0078840255737305,4.085580825805664,9.329505920410156,14.524324417114258,2.310671091079712
566,136.46320229727638,13,-2.0297691822052,-6.556510925292969e-07,-2.0297685265541077,-0.20297685265541077,0.9999990463256836,-1.1379718780517578,1.1379718780517578,1.2370932722660655e-07,2.007664203643799,4.084584712982178,9.330450057983398,14.524325370788574,2.310880661010742
567,136.56155122880412,13,-2.0294694900512695,2.8014183044433594e-06,-2.029472291469574,-0.2029472291469574,1.000000238418579,-1.1379718780517578,1.1379718780517578,1.7495140980372526e-07,2.007443904876709,4.083587646484375,9.331395149230957,14.524325370788574,2.311091423034668
568,136.65991939496277,13,-2.029172897338867,1.6689300537109375e-06,-2.029174566268921,-0.2029174566268921,0.9999982118606567,-1.1379719972610474,1.1379719972610474,2.1170463071484846e-07,2.00722336769104,4.08258581161499,9.332338333129883,14.524323463439941,2.3113009929656982
569,136.75829784501008,13,-2.028876781463623,-1.7285346984863281e-06,-2.0288750529289246,-0.20288750529289246,0.9999987483024597,-1.1379718780517578,1.1379718780517578,1.322508325074523e-07,2.007002115249634,4.081583023071289,9.333283424377441,14.524322509765625,2.3115100860595703
570,136.85669011854773,13,-2.0285770893096924,-1.2516975402832031e-06,-2.028575837612152,-0.2028575837612152,1.0000003576278687,-1.1379718780517578,1.1379718780517578,1.6197353147617832e-07,2.0067806243896484,4.080574989318848,9.334226608276367,14.524323463439941,2.3117191791534424
571,136.9550969812946,13,-2.028278112411499,-5.960464477539062e-07,-2.0282775163650513,-0.20282775163650513,1.0000011920928955,-1.1379717588424683,1.1379717588424683,1.8109190591530933e-07,2.006559133529663,4.079564571380615,9.335172653198242,14.524324417114258,2.311927556991577
572,137.05351731209421,13,-2.027987003326416,2.6226043701171875e-06,-2.027989625930786,-0.2027989625930786,0.9999988675117493,-1.1379718780517578,1.1379718780517578,1.983762558666058e-07,2.0063371658325195,4.078551769256592,9.336118698120117,14.524324417114258,2.312135696411133
573,137.15195548046879,13,-2.027686595916748,2.0265579223632812e-06,-2.0276886224746704,-0.20276886224746704,1.0000007152557373,-1.1379718780517578,1.1379718780517578,1.5151236709698424e-07,2.0061144828796387,4.0775346755981445,9.337061882019043,14.524322509765625,2.312342882156372
574,137.2504017969511,13,-2.027390480041504,3.6954879760742188e-06,-2.02739417552948,-0.202739417552948,1.0000014305114746,-1.1379718780517578,1.1379718780517578,1.1920928955078125e-07,2.0058913230895996,4.076515197753906,9.338006973266602,14.524325370788574,2.3125503063201904
575,137.34886683126632,13,-2.027099609375,4.887580871582031e-06,-2.0271044969558716,-0.20271044969558716,1.000000238418579,-1.1379718780517578,1.1379718780517578,1.55077842123319e-07,2.0056681632995605,4.075494289398193,9.33895206451416,14.524324417114258,2.3127574920654297
576,137.44734631156734,13,-2.0268049240112305,3.5762786865234375e-07,-2.026805281639099,-0.2026805281639099,1.0000016689300537,-1.1379718780517578,1.1379718780517578,1.899308017527801e-07,2.005444288253784,4.074469089508057,9.339896202087402,14.524323463439941,2.3129632472991943
577,137.5458348963581,13,-2.0265097618103027,2.562999725341797e-06,-2.026512324810028,-0.2026512324810028,0.9999987483024597,-1.1379718780517578,1.1379718780517578,1.6197353147617832e-07,2.0052201747894287,4.0734405517578125,9.340841293334961,14.524324417114258,2.313169479370117
578,137.64433964410625,13,-2.026216506958008,-1.9073486328125e-06,-2.026214599609375,-0.2026214599609375,1.0000004768371582,-1.1379719972610474,1.1379719972610474,1.6197353147617832e-07,2.0049962997436523,4.0724101066589355,9.34178638458252,14.524324417114258,2.3133747577667236
579,137.74285989714534,13,-2.0259275436401367,-2.384185791015625e-07,-2.0259273052215576,-0.20259273052215576,1.000000238418579,-1.1379718780517578,1.1379718780517578,1.55077842123319e-07,2.0047717094421387,4.071376800537109,9.342731475830078,14.524324417114258,2.313580274581909
580,137.84139331071964,13,-2.0256316661834717,5.960464477539062e-07,-2.0256322622299194,-0.20256322622299194,1.0000025033950806,-1.1379718780517578,1.1379718780517578,1.5151236709698424e-07,2.0045461654663086,4.070338726043701,9.343674659729004,14.524325370788574,2.31378436088562
581,137.93994017803783,13,-2.025341033935547,-2.3245811462402344e-06,-2.0253387093544006,-0.20253387093544006,1.000001072883606,-1.1379718780517578,1.1379718780517578,1.55077842123319e-07,2.0043206214904785,4.069300651550293,9.344618797302246,14.524324417114258,2.313988208770752
582,138.03850332281095,13,-2.0250532627105713,-1.5497207641601562e-06,-2.025051712989807,-0.2025051712989807,1.0000007152557373,-1.1379718780517578,1.1379718780517578,1.2370932722660655e-07,2.0040946006774902,4.068258285522461,9.345563888549805,14.524322509765625,2.3141918182373047
583,138.13707732538822,13,-2.0247602462768555,1.4901161193847656e-06,-2.024761736392975,-0.20247617363929749,0.9999995827674866,-1.1379718780517578,1.1379718780517578,1.4027318684384227e-07,2.003868579864502,4.0672125816345215,9.346508026123047,14.524324417114258,2.3143951892852783
584,138.23566541168145,13,-2.0244691371917725,8.344650268554688e-07,-2.0244699716567993,-0.20244699716567993,0.9999988675117493,-1.1379718780517578,1.1379718780517578,1.5151236709698424e-07,2.0036418437957764,4.066163063049316,9.347451210021973,14.524323463439941,2.3145978450775146
585,138.33426756230384,13,-2.024184226989746,-9.5367431640625e-07,-2.0241832733154297,-0.20241832733154297,1.000000238418579,-1.1379719972610474,1.1379719972610474,1.899308017527801e-07,2.00341534614563,4.065112590789795,9.348396301269531,14.524324417114258,2.314800500869751
586,138.43288411409813,13,-2.0238945484161377,-2.7418136596679688e-06,-2.023891806602478,-0.2023891806602478,1.0000004768371582,-1.1379718780517578,1.1379718780517578,1.6858739115832577e-07,2.003187417984009,4.064058303833008,9.349340438842773,14.524324417114258,2.315002202987671
587,138.5315122815036,13,-2.0236082077026367,-2.205371856689453e-06,-2.02360600233078,-0.202360600233078,0.9999990463256836,-1.1379718780517578,1.1379718780517578,1.322508325074523e-07,2.002959728240967,4.06300163269043,9.350282669067383,14.524322509765625,2.315203905105591
588,138.63015775960218,13,-2.023322820663452,6.556510925292969e-07,-2.0233234763145447,-0.20233234763145447,1.000002145767212,-1.1379718780517578,1.1379718780517578,1.5151236709698424e-07,2.0027315616607666,4.061940670013428,9.351226806640625,14.524324417114258,2.3154046535491943
589,138.7288165410378,13,-2.023029327392578,-8.940696716308594e-07,-2.0230284333229065,-0.20230284333229065,0.9999995827674866,-1.1379718780517578,1.1379718780517578,1.3632103446070687e-07,2.0025033950805664,4.060877799987793,9.352170944213867,14.524324417114258,2.3156051635742188
590,138.82748703795443,13,-2.0227465629577637,-5.960464477539063e-08,-2.022746503353119,-0.2022746503353119,1.000000238418579,-1.1379718780517578,1.1379718780517578,1.899308017527801e-07,2.002274751663208,4.059812545776367,9.353113174438477,14.524324417114258,2.315805435180664
591,138.92617276082817,13,-2.0224609375,-1.430511474609375e-06,-2.0224595069885254,-0.20224595069885254,0.9999998807907104,-1.1379718780517578,1.1379718780517578,1.2370932722660655e-07,2.0020458698272705,4.058745384216309,9.354057312011719,14.524324417114258,2.316004991531372
592,139.02487149716129,13,-2.0221757888793945,2.384185791015625e-06,-2.0221781730651855,-0.20221781730651855,1.000000238418579,-1.1379718780517578,1.1379718780517578,1.8109190591530933e-07,2.0018162727355957,4.057674407958984,9.354999542236328,14.524324417114258,2.3162038326263428
593,139.1235834787805,13,-2.0218870639801025,1.430511474609375e-06,-2.021888494491577,-0.20218884944915771,0.9999942779541016,-1.1379719972610474,1.1379719972610474,1.7804812557642435e-07,2.001586437225342,4.056600570678711,9.355940818786621,14.524322509765625,2.3164029121398926
594,139.22230899538886,13,-2.0216078758239746,-1.9073486328125e-06,-2.021605968475342,-0.20216059684753418,1.0000007152557373,-1.1379718780517578,1.1379718780517578,1.6531353708160168e-07,2.0013558864593506,4.055522918701172,9.356884002685547,14.524324417114258,2.316601037979126
595,139.32104724639464,13,-2.02131724357605,3.516674041748047e-06,-2.0213207602500916,-0.20213207602500916,0.9999992847442627,-1.1379718780517578,1.1379718780517578,1.7495140980372526e-07,2.0011258125305176,4.054444313049316,9.35782527923584,14.524324417114258,2.316798210144043
596,139.4198027870614,13,-2.0210390090942383,2.205371856689453e-06,-2.021041214466095,-0.2021041214466095,1.0000019073486328,-1.1379718780517578,1.1379718780517578,1.7804812557642435e-07,2.000894784927368,4.0533623695373535,9.358766555786133,14.524323463439941,2.316995143890381
597,139.51856858618098,13,-2.0207629203796387,-2.1457672119140625e-06,-2.0207607746124268,-0.20207607746124268,0.9999974370002747,-1.1379718780517578,1.1379718780517578,1.3632103446070687e-07,2.0006635189056396,4.052277565002441,9.359708786010742,14.524320602416992,2.317192554473877
598,139.61734637312856,13,-2.020474672317505,2.086162567138672e-06,-2.020476758480072,-0.2020476758480072,1.0000009536743164,-1.1379718780517578,1.1379718780517578,1.1920928955078125e-07,2.000431776046753,4.051188945770264,9.360648155212402,14.524321556091309,2.3173887729644775
599,139.7161407475317,13,-2.0201971530914307,2.1457672119140625e-06,-2.0201992988586426,-0.20201992988586426,1.0000004768371582,-1.1379718780517578,1.1379718780517578,1.4411699567062897e-07,2.0002005100250244,4.050100326538086,9.361590385437012,14.524322509765625,2.317584276199341
600,139.81495033550047,13,-2.0199203491210938,-1.1920928955078125e-06,-2.0199191570281982,-0.20199191570281982,1.0000005960464478,-1.1379718780517578,1.1379718780517578,1.55077842123319e-07,1.9999682903289795,4.049005031585693,9.362530708312988,14.524325370788574,2.317779541015625
601,139.91376827274988,13,-2.019641160964966,1.430511474609375e-06,-2.0196425914764404,-0.20196425914764404,1.000001072883606,-1.1379717588424683,1.1379717588424683,1.3632103446070687e-07,1.9997361898422241,4.047910690307617,9.363471984863281,14.52432632446289,2.317974805831909
602,140.01260147133334,13,-2.019343137741089,1.430511474609375e-06,-2.0193445682525635,-0.20193445682525635,0.9999977946281433,-1.1379719972610474,1.1379719972610474,2.0111259857458208e-07,1.9995027780532837,4.046810626983643,9.364411354064941,14.524324417114258,2.318168878555298
603,140.11144720309804,13,-2.019035577774048,3.2186508178710938e-06,-2.0190387964248657,-0.20190387964248657,1.000002384185791,-1.1379719972610474,1.1379719972610474,1.9560161490517203e-07,1.9992696046829224,4.045709609985352,9.365349769592285,14.524324417114258,2.3183629512786865
604,140.21030921116522,13,-2.018733263015747,-2.3245811462402344e-06,-2.018730938434601,-0.20187309384346008,1.0000009536743164,-1.1379718780517578,1.1379718780517578,1.55077842123319e-07,1.9990360736846924,4.044605255126953,9.366288185119629,14.524322509765625,2.3185558319091797
605,140.30918224499095,13,-2.018425941467285,4.172325134277344e-07,-2.0184263586997986,-0.20184263586997986,1.000002384185791,-1.1379718780517578,1.1379718780517578,1.096565966918206e-07,1.9988024234771729,4.043498992919922,9.367227554321289,14.524324417114258,2.318748712539673
606,140.4080696336476,13,-2.018123149871826,-7.748603820800781e-07,-2.018122375011444,-0.2018122375011444,0.9999991655349731,-1.1379718780517578,1.1379718780517578,2.1680666861811915e-07,1.998568058013916,4.042388916015625,9.368165016174316,14.524323463439941,2.318941116333008
607,140.5069724040398,13,-2.017817974090576,-1.9669532775878906e-06,-2.0178160071372986,-0.20178160071372986,1.000002145767212,-1.1379718780517578,1.1379718780517578,2.2179139591571584e-07,1.9983341693878174,4.041277885437012,9.36910343170166,14.524324417114258,2.3191330432891846
608,140.60588307320637,13,-2.017516851425171,8.344650268554688e-07,-2.0175176858901978,-0.20175176858901978,0.9999987483024597,-1.1379718780517578,1.1379718780517578,1.5151236709698424e-07,1.998099446296692,4.040163993835449,9.370041847229004,14.524324417114258,2.319324254989624
609,140.70481253502808,13,-2.017214775085449,-7.748603820800781e-07,-2.017214000225067,-0.2017214000225067,1.000000238418579,-1.1379718780517578,1.1379718780517578,1.5856318213991472e-07,1.9978642463684082,4.039046764373779,9.370978355407715,14.524324417114258,2.3195154666900635
610,140.8037503361658,13,-2.016911268234253,-3.337860107421875e-06,-2.0169079303741455,-0.20169079303741455,1.0000009536743164,-1.1379718780517578,1.1379718780517578,1.4786093061047723e-07,1.9976284503936768,4.0379252433776855,9.37191390991211,14.524323463439941,2.3197052478790283
611,140.90270581283923,13,-2.016613245010376,-4.5299530029296875e-06,-2.016608715057373,-0.2016608715057373,1.0,-1.1379718780517578,1.1379718780517578,1.1920928955078125e-07,1.9973928928375244,4.03680419921875,9.37285041809082,14.524325370788574,2.3198955059051514
612,141.00167219626556,13,-2.016308307647705,0.0,-2.016308307647705,-0.2016308307647705,1.0000022649765015,-1.1379718780517578,1.1379718780517578,1.7495140980372526e-07,1.9971568584442139,4.035678386688232,9.373785972595215,14.524324417114258,2.3200843334198
613,141.10065097958218,13,-2.0160093307495117,-1.430511474609375e-06,-2.016007900238037,-0.2016007900238037,1.0000014305114746,-1.1379718780517578,1.1379718780517578,1.8109190591530933e-07,1.9969203472137451,4.034549713134766,9.374719619750977,14.524323463439941,2.320272922515869
614,141.19964608501638,13,-2.015711784362793,-7.152557373046875e-07,-2.0157110691070557,-0.20157110691070557,0.9999997019767761,-1.1379718780517578,1.1379718780517578,1.55077842123319e-07,1.9966838359832764,4.033420085906982,9.375655174255371,14.524324417114258,2.3204612731933594
615,141.29865081227555,13,-2.0154097080230713,-2.0265579223632812e-06,-2.015407681465149,-0.2015407681465149,1.0000011920928955,-1.1379718780517578,1.1379718780517578,1.8703092052874126e-07,1.996447205543518,4.032288074493408,9.376590728759766,14.524323463439941,2.3206493854522705
616,141.39767092527248,13,-2.0151126384735107,-2.9802322387695312e-06,-2.015109658241272,-0.2015109658241272,1.0000009536743164,-1.1379718780517578,1.1379718780517578,1.4786093061047723e-07,1.996209979057312,4.031153678894043,9.377523422241211,14.524324417114258,2.320836305618286
617,141.49670015267088,13,-2.014814615249634,1.1920928955078125e-06,-2.0148158073425293,-0.20148158073425293,0.9999995827674866,-1.1379719972610474,1.1379719972610474,2.2424219991989958e-07,1.995971918106079,4.030013561248779,9.37845516204834,14.524324417114258,2.3210232257843018
618,141.595745777019,13,-2.0145177841186523,-1.7881393432617188e-06,-2.014515995979309,-0.2014515995979309,0.9999991655349731,-1.1379718780517578,1.1379718780517578,1.322508325074523e-07,1.9957339763641357,4.028872489929199,9.379387855529785,14.524325370788574,2.321208953857422
619,141.69480345567345,13,-2.0142226219177246,7.152557373046875e-07,-2.014223337173462,-0.2014223337173462,0.9999987483024597,-1.1379718780517578,1.1379718780517578,1.6197353147617832e-07,1.9954956769943237,4.027729034423828,9.380319595336914,14.524323463439941,2.321394681930542
620,141.79387490567518,13,-2.0139236450195312,3.159046173095703e-06,-2.0139268040657043,-0.20139268040657043,1.000002145767212,-1.1379718780517578,1.1379718780517578,1.1920928955078125e-07,1.995258092880249,4.026586055755615,9.381251335144043,14.524324417114258,2.321579933166504
621,141.8929594140827,13,-2.013636589050293,-2.1457672119140625e-06,-2.013634443283081,-0.2013634443283081,1.0000019073486328,-1.1379718780517578,1.1379718780517578,1.5856318213991472e-07,1.9950191974639893,4.0254364013671875,9.382183074951172,14.524324417114258,2.3217644691467285
622,141.99205795972983,13,-2.0133373737335205,1.1324882507324219e-06,-2.0133385062217712,-0.20133385062217712,1.0000001192092896,-1.1379718780517578,1.1379718780517578,1.5151236709698424e-07,1.9947797060012817,4.024284362792969,9.383111953735352,14.524322509765625,2.321948289871216
623,142.09116617847633,13,-2.0130510330200195,-1.0132789611816406e-06,-2.0130500197410583,-0.20130500197410583,1.0000025033950806,-1.1379718780517578,1.1379718780517578,1.8703092052874126e-07,1.994541049003601,4.023133277893066,9.384042739868164,14.524324417114258,2.3221323490142822
624,142.19028888032867,13,-2.0127549171447754,-1.1324882507324219e-06,-2.0127537846565247,-0.20127537846565247,1.000001311302185,-1.1379718780517578,1.1379718780517578,1.7495140980372526e-07,1.9943010807037354,4.02197790145874,9.384970664978027,14.524323463439941,2.322315216064453
625,142.2894238072437,13,-2.0124623775482178,-2.1457672119140625e-06,-2.012460231781006,-0.20124602317810059,1.0000011920928955,-1.1379718780517578,1.1379718780517578,1.096565966918206e-07,1.9940611124038696,4.020819187164307,9.38589859008789,14.524324417114258,2.322497844696045
626,142.3885753671235,13,-2.0121688842773438,2.2649765014648438e-06,-2.012171149253845,-0.20121711492538452,1.000001311302185,-1.1379718780517578,1.1379718780517578,1.6531353708160168e-07,1.9938210248947144,4.019658088684082,9.386826515197754,14.524324417114258,2.3226795196533203
627,142.48773576607468,13,-2.0118796825408936,-2.9802322387695312e-06,-2.011876702308655,-0.20118767023086548,0.9999973177909851,-1.1379718780517578,1.1379718780517578,1.55077842123319e-07,1.9935803413391113,4.018495082855225,9.3877534866333,14.524322509765625,2.3228609561920166
628,142.58690810020272,13,-2.011587381362915,-1.5497207641601562e-06,-2.011585831642151,-0.2011585831642151,1.0000003576278687,-1.1379718780517578,1.1379718780517578,9.351546026437063e-08,1.9933394193649292,4.01732873916626,9.388677597045898,14.524322509765625,2.3230416774749756
629,142.6860952138767,13,-2.011298179626465,1.8477439880371094e-06,-2.011300027370453,-0.2011300027370453,0.9999987483024597,-1.1379718780517578,1.1379718780517578,1.096565966918206e-07,1.9930986166000366,4.016162872314453,9.389604568481445,14.524321556091309,2.3232219219207764
630,142.785295277255,13,-2.011013984680176,-3.635883331298828e-06,-2.0110103487968445,-0.20110103487968445,1.0000003576278687,-1.1379718780517578,1.1379718780517578,1.2370932722660655e-07,1.9928574562072754,4.014991760253906,9.390528678894043,14.524324417114258,2.323402166366577
631,142.88450736014224,13,-2.0107243061065674,2.0265579223632812e-06,-2.0107263326644897,-0.20107263326644897,1.0000027418136597,-1.1379718780517578,1.1379718780517578,1.6197353147617832e-07,1.992615818977356,4.013819694519043,9.391453742980957,14.524322509765625,2.3235812187194824
632,142.98373321476598,13,-2.0104386806488037,-5.364418029785156e-07,-2.0104381442070007,-0.20104381442070007,0.9999971985816956,-1.1379719972610474,1.1379719972610474,2.2179139591571584e-07,1.9923741817474365,4.0126447677612305,9.392375946044922,14.524322509765625,2.3237593173980713
633,143.08297000486604,13,-2.010152816772461,-1.3709068298339844e-06,-2.010151445865631,-0.2010151445865631,0.9999997019767761,-1.1379719972610474,1.1379719972610474,2.1427084107017436e-07,1.9921320676803589,4.011466979980469,9.393299102783203,14.524322509765625,2.32393741607666
634,143.1822204326211,13,-2.0098676681518555,1.2516975402832031e-06,-2.0098689198493958,-0.20098689198493958,0.9999986886978149,-1.1379717588424683,1.1379717588424683,1.4786093061047723e-07,1.9918897151947021,4.010285377502441,9.394221305847168,14.524324417114258,2.324115037918091
635,143.2814834494881,13,-2.0095839500427246,3.5762786865234375e-07,-2.0095843076705933,-0.20095843076705933,0.999998927116394,-1.1379718780517578,1.1379718780517578,2.0647654253025394e-07,1.9916471242904663,4.0091047286987305,9.395142555236816,14.524324417114258,2.3242924213409424
636,143.38075758382882,13,-2.009298324584961,-1.6093254089355469e-06,-2.009296715259552,-0.2009296715259552,1.0000004768371582,-1.1379718780517578,1.1379718780517578,1.55077842123319e-07,1.9914040565490723,4.007920265197754,9.396062850952148,14.524324417114258,2.3244683742523193
637,143.4800448534799,13,-2.0090129375457764,5.960464477539063e-08,-2.009012997150421,-0.20090129971504211,1.000000238418579,-1.1379719972610474,1.1379719972610474,2.0647654253025394e-07,1.9911608695983887,4.0067338943481445,9.396982192993164,14.524322509765625,2.324644088745117
638,143.57934847536558,13,-2.0087289810180664,2.086162567138672e-06,-2.0087310671806335,-0.20087310671806335,1.0000004768371582,-1.1379718780517578,1.1379718780517578,1.4786093061047723e-07,1.9909173250198364,4.0055437088012695,9.39790153503418,14.524324417114258,2.324819803237915
639,143.6786601857652,13,-2.0084452629089355,1.7881393432617188e-06,-2.008447051048279,-0.20084470510482788,0.9999958276748657,-1.1379718780517578,1.1379718780517578,1.6858739115832577e-07,1.9906736612319946,4.004351615905762,9.398818016052246,14.524323463439941,2.324993848800659
640,143.77798451793086,13,-2.008162498474121,2.9206275939941406e-06,-2.008165419101715,-0.2008165419101715,1.0000009536743164,-1.1379718780517578,1.1379718780517578,1.2805131177628937e-07,1.9904295206069946,4.003157138824463,9.399734497070312,14.524322509765625,2.3251678943634033
641,143.8773230769062,13,-2.0078885555267334,-1.1920928955078125e-06,-2.007887363433838,-0.2007887363433838,0.9999986886978149,-1.1379718780517578,1.1379718780517578,2.038122204339743e-07,1.9901856184005737,4.001961708068848,9.400651931762695,14.524324417114258,2.3253421783447266
642,143.97667374397884,13,-2.0076074600219727,1.2516975402832031e-06,-2.007608711719513,-0.2007608711719513,0.999998927116394,-1.1379718780517578,1.1379718780517578,1.6531353708160168e-07,1.989941120147705,4.000763416290283,9.401567459106445,14.524324417114258,2.325514793395996
643,144.0760351471915,13,-2.0073294639587402,1.7881393432617188e-06,-2.0073312520980835,-0.20073312520980835,0.9999970197677612,-1.1379718780517578,1.1379718780517578,1.6531353708160168e-07,1.9896965026855469,3.9995627403259277,9.402480125427246,14.524325370788574,2.3256871700286865
644,144.17541163061355,13,-2.007051706314087,-2.980232238769531e-07,-2.007051408290863,-0.2007051408290863,0.9999979734420776,-1.1379718780517578,1.1379718780517578,1.6197353147617832e-07,1.9894516468048096,3.9983599185943604,9.403395652770996,14.524322509765625,2.3258588314056396
645,144.27479811765923,13,-2.0067741870880127,1.8477439880371094e-06,-2.0067760348320007,-0.20067760348320007,1.0000003576278687,-1.1379718780517578,1.1379718780517578,9.91881279333029e-08,1.9892061948776245,3.997152805328369,9.404306411743164,14.524323463439941,2.3260304927825928
646,144.37419934731815,13,-2.0064971446990967,5.364418029785156e-07,-2.0064976811408997,-0.20064976811408997,1.0000005960464478,-1.1379718780517578,1.1379718780517578,1.4027318684384227e-07,1.9889609813690186,3.9959468841552734,9.405218124389648,14.524322509765625,2.3262012004852295
647,144.47360867944641,13,-2.006223440170288,-4.410743713378906e-06,-2.0062190294265747,-0.20062190294265747,1.000002145767212,-1.1379718780517578,1.1379718780517578,1.7495140980372526e-07,1.988715648651123,3.994737386703491,9.406129837036133,14.524324417114258,2.326371431350708
648,144.57303355502637,13,-2.0059430599212646,1.4901161193847656e-06,-2.005944550037384,-0.2005944550037384,0.9999978542327881,-1.1379719972610474,1.1379719972610474,2.1427084107017436e-07,1.9884693622589111,3.9935245513916016,9.407038688659668,14.524323463439941,2.326540470123291
649,144.67247147627717,13,-2.005669593811035,-7.152557373046875e-07,-2.005668878555298,-0.20056688785552979,1.000001311302185,-1.1379718780517578,1.1379718780517578,1.6197353147617832e-07,1.9882234334945679,3.9923107624053955,9.407947540283203,14.524325370788574,2.326709270477295
650,144.77191910486644,13,-2.005392551422119,2.4437904357910156e-06,-2.005394995212555,-0.2005394995212555,0.9999986886978149,-1.1379718780517578,1.1379718780517578,1.4027318684384227e-07,1.9879766702651978,3.9910948276519775,9.408856391906738,14.524322509765625,2.326878309249878
651,144.87138044766795,13,-2.005122661590576,2.384185791015625e-07,-2.0051229000091553,-0.20051229000091553,1.0000004768371582,-1.1379718780517578,1.1379718780517578,1.4411699567062897e-07,1.9877302646636963,3.989874839782715,9.409762382507324,14.524324417114258,2.327045440673828
652,144.97085312210203,13,-2.004849672317505,1.430511474609375e-06,-2.0048511028289795,-0.20048511028289795,1.0,-1.1379718780517578,1.1379718780517578,1.1453258252913656e-07,1.9874833822250366,3.988654613494873,9.410667419433594,14.524324417114258,2.327212333679199
653,145.07033852847638,13,-2.004578113555908,-1.4901161193847656e-06,-2.004576623439789,-0.20045766234397888,0.9999992251396179,-1.1379718780517578,1.1379718780517578,1.4411699567062897e-07,1.9872362613677979,3.987431764602661,9.411572456359863,14.524322509765625,2.327378749847412
654,145.1698345209738,13,-2.0043041706085205,-5.364418029785156e-07,-2.0043036341667175,-0.20043036341667175,1.0000030994415283,-1.1379718780517578,1.1379718780517578,1.899308017527801e-07,1.9869892597198486,3.9862077236175537,9.412476539611816,14.524324417114258,2.327545166015625
655,145.26934545433767,13,-2.0040371417999268,-2.3245811462402344e-06,-2.0040348172187805,-0.20040348172187805,0.9999988079071045,-1.1379718780517578,1.1379718780517578,1.1920928955078125e-07,1.9867414236068726,3.9849798679351807,9.413378715515137,14.524322509765625,2.327709913253784
656,145.36886646818556,13,-2.003769874572754,-4.470348358154297e-06,-2.0037654042243958,-0.20037654042243958,0.9999998211860657,-1.1379718780517578,1.1379718780517578,1.4027318684384227e-07,1.9864939451217651,3.983750104904175,9.414280891418457,14.524324417114258,2.3278748989105225
657,145.46839897476963,13,-2.003488063812256,4.76837158203125e-07,-2.003488540649414,-0.2003488540649414,1.0000020265579224,-1.1379718780517578,1.1379718780517578,1.55077842123319e-07,1.9862456321716309,3.982517719268799,9.415180206298828,14.524324417114258,2.3280389308929443
658,145.5679450484153,13,-2.003209352493286,-5.960464477539063e-08,-2.0032092928886414,-0.20032092928886414,1.0,-1.1379718780517578,1.1379718780517578,1.4027318684384227e-07,1.9859979152679443,3.981285572052002,9.416082382202148,14.524324417114258,2.328202962875366
659,145.6675024577312,13,-2.002933979034424,-1.8477439880371094e-06,-2.002932131290436,-0.20029321312904358,1.0000003576278687,-1.1379718780517578,1.1379718780517578,1.7179887379370484e-07,1.9857490062713623,3.980048656463623,9.41697883605957,14.524323463439941,2.3283658027648926
660,145.7670714272758,13,-2.0026609897613525,8.344650268554688e-07,-2.0026618242263794,-0.20026618242263794,1.0000020265579224,-1.1379719972610474,1.1379719972610474,1.7495140980372526e-07,1.9855005741119385,3.978811502456665,9.417876243591309,14.524324417114258,2.3285281658172607
661,145.86665306546604,13,-2.002385139465332,2.5033950805664062e-06,-2.0023876428604126,-0.20023876428604126,0.9999998807907104,-1.1379718780517578,1.1379718780517578,1.2370932722660655e-07,1.9852523803710938,3.977572441101074,9.418773651123047,14.524322509765625,2.3286900520324707
662,145.96624497246532,13,-2.0021109580993652,2.205371856689453e-06,-2.002113163471222,-0.2002113163471222,1.000002145767212,-1.1379718780517578,1.1379718780517578,1.983762558666058e-07,1.985003113746643,3.9763293266296387,9.419668197631836,14.524324417114258,2.3288509845733643
663,146.0658493816069,13,-2.001842975616455,-6.377696990966797e-06,-2.001836597919464,-0.2001836597919464,0.9999998211860657,-1.1379718780517578,1.1379718780517578,1.5856318213991472e-07,1.9847538471221924,3.9750866889953613,9.420560836791992,14.524322509765625,2.3290116786956787
664,146.16546717404552,13,-2.001568078994751,3.874301910400391e-06,-2.0015719532966614,-0.20015719532966614,1.0000009536743164,-1.1379718780517578,1.1379718780517578,1.8408536561764777e-07,1.9845045804977417,3.973839282989502,9.421454429626465,14.524324417114258,2.3291711807250977
665,146.26509488929318,13,-2.0012974739074707,-2.980232238769531e-07,-2.001297175884247,-0.20012971758842468,1.0000017881393433,-1.1379718780517578,1.1379718780517578,1.4027318684384227e-07,1.9842547178268433,3.9725911617279053,9.422345161437988,14.524324417114258,2.3293306827545166
666,146.3647346322077,13,-2.0010268688201904,-2.384185791015625e-06,-2.0010244846343994,-0.20010244846343994,0.9999970197677612,-1.1379718780517578,1.1379718780517578,1.5856318213991472e-07,1.9840049743652344,3.971341371536255,9.423234939575195,14.524322509765625,2.329489231109619
667,146.46438806668823,13,-2.0007526874542236,5.9604644775390625e-06,-2.000758647918701,-0.20007586479187012,1.0000009536743164,-1.1379719972610474,1.1379719972610474,2.1170463071484846e-07,1.9837548732757568,3.9700887203216553,9.424125671386719,14.524324417114258,2.3296475410461426
668,146.56405123287217,13,-2.000485897064209,-1.1324882507324219e-06,-2.0004847645759583,-0.20004847645759583,1.0000008344650269,-1.1379718780517578,1.1379718780517578,1.4411699567062897e-07,1.9835050106048584,3.9688353538513184,9.425012588500977,14.524322509765625,2.3298044204711914
669,146.6637258806457,13,-2.0002200603485107,-5.0067901611328125e-06,-2.0002150535583496,-0.20002150535583496,0.9999982714653015,-1.1379719972610474,1.1379719972610474,2.361149569196641e-07,1.983254313468933,3.967578649520874,9.425898551940918,14.524322509765625,2.3299612998962402
670,146.76341343063066,13,-1.9999504089355469,-8.940696716308594e-07,-1.9999495148658752,-0.19999495148658752,0.9999997019767761,-1.1379718780517578,1.1379718780517578,1.2805131177628937e-07,1.9830036163330078,3.9663197994232178,9.42678451538086,14.524324417114258,2.3301172256469727
671,146.86311303794432,13,-1.9996815919876099,5.066394805908203e-06,-1.9996866583824158,-0.19996866583824158,0.9999979138374329,-1.1379718780517578,1.1379718780517578,1.2805131177628937e-07,1.9827531576156616,3.9650607109069824,9.4276704788208,14.524324417114258,2.330273151397705
672,146.96282395368868,13,-1.999420166015625,-2.6226043701171875e-06,-1.9994175434112549,-0.1999417543411255,1.0000003576278687,-1.1379718780517578,1.1379718780517578,1.55077842123319e-07,1.9825019836425781,3.9637978076934814,9.428552627563477,14.524325370788574,2.330427885055542
673,147.06254305452933,13,-1.9991517066955566,-5.960464477539062e-07,-1.9991511106491089,-0.1999151110649109,0.9999992847442627,-1.1379718780517578,1.1379718780517578,1.3632103446070687e-07,1.9822509288787842,3.9625332355499268,9.429433822631836,14.524323463439941,2.3305821418762207
674,147.16227794670652,13,-1.9988840818405151,2.384185791015625e-06,-1.9988864660263062,-0.19988864660263062,1.0000008344650269,-1.1379718780517578,1.1379718780517578,1.5856318213991472e-07,1.9819992780685425,3.9612672328948975,9.430315017700195,14.524324417114258,2.330735683441162
675,147.26202373919614,13,-1.9986226558685303,-8.344650268554688e-07,-1.9986218214035034,-0.19986218214035034,0.9999986886978149,-1.1379718780517578,1.1379718780517578,8.747570490186263e-08,1.9817479848861694,3.9600000381469727,9.431191444396973,14.524322509765625,2.330888509750366
676,147.36177992381334,13,-1.9983587265014648,-2.1457672119140625e-06,-1.998356580734253,-0.1998356580734253,0.9999988079071045,-1.1379718780517578,1.1379718780517578,1.0455346455273684e-07,1.9814956188201904,3.9587292671203613,9.432068824768066,14.524322509765625,2.331040382385254
677,147.46154811572174,13,-1.9980931282043457,2.980232238769531e-07,-1.9980934262275696,-0.19980934262275696,1.0000008344650269,-1.1379718780517578,1.1379718780517578,1.7495140980372526e-07,1.9812445640563965,3.9574575424194336,9.432947158813477,14.524325370788574,2.3311924934387207
678,147.56132637321772,13,-1.997835397720337,2.0265579223632812e-06,-1.9978374242782593,-0.19978374242782593,1.0000003576278687,-1.1379718780517578,1.1379718780517578,1.55077842123319e-07,1.9809921979904175,3.9561846256256104,9.433821678161621,14.524324417114258,2.33134388923645
679,147.66111855412706,13,-1.9975727796554565,-8.940696716308594e-07,-1.997571885585785,-0.1997571885585785,0.9999997019767761,-1.1379718780517578,1.1379718780517578,1.3632103446070687e-07,1.9807401895523071,3.9549102783203125,9.434696197509766,14.524322509765625,2.331494092941284
680,147.7609192506664,13,-1.9973134994506836,-1.1920928955078125e-06,-1.997312307357788,-0.1997312307357788,0.9999985694885254,-1.1379718780517578,1.1379718780517578,1.5856318213991472e-07,1.9804878234863281,3.9536325931549072,9.435567855834961,14.524323463439941,2.331644058227539
681,147.86073342435637,13,-1.9970533847808838,2.0265579223632812e-06,-1.9970554113388062,-0.19970554113388062,0.9999988079071045,-1.1379718780517578,1.1379718780517578,1.4411699567062897e-07,1.98023521900177,3.9523537158966064,9.436437606811523,14.524322509765625,2.3317925930023193
682,147.960558386842,13,-1.9967937469482422,1.7881393432617188e-06,-1.9967955350875854,-0.19967955350875854,1.0000008344650269,-1.1379717588424683,1.1379717588424683,1.899308017527801e-07,1.9799824953079224,3.9510719776153564,9.437309265136719,14.524324417114258,2.331941843032837
683,148.06039327670103,13,-1.996537685394287,-5.364418029785156e-07,-1.9965371489524841,-0.1996537148952484,1.0,-1.1379718780517578,1.1379718780517578,1.6531353708160168e-07,1.9797298908233643,3.949789524078369,9.438176155090332,14.524324417114258,2.3320891857147217
684,148.16024106962905,13,-1.9962809085845947,-2.7418136596679688e-06,-1.996278166770935,-0.1996278166770935,0.9999982118606567,-1.1379718780517578,1.1379718780517578,1.4027318684384227e-07,1.9794766902923584,3.9485042095184326,9.439043045043945,14.524324417114258,2.3322362899780273
685,148.2601009260098,13,-1.996024250984192,-2.384185791015625e-06,-1.9960218667984009,-0.1996021866798401,0.9999986886978149,-1.1379718780517578,1.1379718780517578,1.2370932722660655e-07,1.9792231321334839,3.947216749191284,9.43990707397461,14.524322509765625,2.332382917404175
686,148.35996940618404,13,-1.9957667589187622,2.086162567138672e-06,-1.9957688450813293,-0.19957688450813293,1.0,-1.1379718780517578,1.1379718780517578,1.6531353708160168e-07,1.9789704084396362,3.945929527282715,9.44077205657959,14.524324417114258,2.332528591156006
687,148.45984960590246,13,-1.9955124855041504,5.960464477539063e-08,-1.9955125451087952,-0.19955125451087952,1.000001072883606,-1.1379718780517578,1.1379718780517578,1.4027318684384227e-07,1.978716492652893,3.944638967514038,9.441633224487305,14.524324417114258,2.332674026489258
688,148.55974231306232,13,-1.9952607154846191,-1.7881393432617188e-06,-1.9952589273452759,-0.1995258927345276,1.0000019073486328,-1.1379718780517578,1.1379718780517578,2.0111259857458208e-07,1.978463053703308,3.9433481693267822,9.442495346069336,14.524322509765625,2.3328187465667725
689,148.6596461649439,13,-1.994999647140503,8.940696716308594e-07,-1.9950005412101746,-0.19950005412101746,1.0000025033950806,-1.1379718780517578,1.1379718780517578,1.6531353708160168e-07,1.9782092571258545,3.94205379486084,9.443353652954102,14.524322509765625,2.33296275138855
690,148.75956042203234,13,-1.9947493076324463,5.960464477539062e-07,-1.994749903678894,-0.1994749903678894,0.9999991655349731,-1.1379718780517578,1.1379718780517578,1.096565966918206e-07,1.9779551029205322,3.940758466720581,9.44421100616455,14.524322509765625,2.3331055641174316
691,148.8594866372771,13,-1.9944980144500732,-2.384185791015625e-07,-1.9944977760314941,-0.19944977760314941,0.9999978542327881,-1.1379718780517578,1.1379718780517578,1.6197353147617832e-07,1.9777014255523682,3.9394614696502686,9.445068359375,14.524323463439941,2.3332483768463135
692,148.95942248916234,13,-1.9942480325698853,1.7881393432617188e-06,-1.9942498207092285,-0.19942498207092285,1.0000015497207642,-1.1379718780517578,1.1379718780517578,1.6197353147617832e-07,1.9774469137191772,3.938162326812744,9.445923805236816,14.524322509765625,2.3333897590637207
693,149.05936940995358,13,-1.9939956665039062,5.364418029785156e-07,-1.9939962029457092,-0.19939962029457092,0.9999991655349731,-1.1379719972610474,1.1379719972610474,2.1680666861811915e-07,1.977192997932434,3.9368622303009033,9.446776390075684,14.524324417114258,2.333530902862549
694,149.1593289271825,13,-1.9937477111816406,-3.5762786865234375e-07,-1.993747353553772,-0.1993747353553772,0.9999997019767761,-1.1379719972610474,1.1379719972610474,1.8109190591530933e-07,1.9769383668899536,3.9355599880218506,9.447628021240234,14.524322509765625,2.333671808242798
695,149.25929652583653,13,-1.993502140045166,2.384185791015625e-07,-1.9935023784637451,-0.1993502378463745,0.9999991059303284,-1.1379718780517578,1.1379718780517578,1.3632103446070687e-07,1.9766833782196045,3.934256076812744,9.448476791381836,14.524324417114258,2.3338115215301514
696,149.3592784212744,13,-1.9932582378387451,-1.1324882507324219e-06,-1.9932571053504944,-0.19932571053504944,1.0000003576278687,-1.1379718780517578,1.1379718780517578,1.2805131177628937e-07,1.976428508758545,3.932950019836426,9.449324607849121,14.524322509765625,2.3339502811431885
697,149.45926945792115,13,-1.9930195808410645,2.086162567138672e-06,-1.9930216670036316,-0.19930216670036316,0.9999998211860657,-1.1379718780517578,1.1379718780517578,1.6531353708160168e-07,1.976174235343933,3.9316444396972656,9.450173377990723,14.524323463439941,2.334089517593384
698,149.55927113333846,13,-1.9927773475646973,1.430511474609375e-06,-1.9927787780761719,-0.1992778778076172,1.0000003576278687,-1.1379718780517578,1.1379718780517578,1.8408536561764777e-07,1.9759190082550049,3.9303345680236816,9.451017379760742,14.524324417114258,2.3342273235321045
699,149.65928399352603,13,-1.992538571357727,3.874301910400391e-06,-1.9925424456596375,-0.19925424456596375,1.0000009536743164,-1.1379718780517578,1.1379718780517578,1.4786093061047723e-07,1.975663661956787,3.9290237426757812,9.451862335205078,14.524324417114258,2.334364414215088
700,149.7593060545663,13,-1.9922926425933838,3.039836883544922e-06,-1.9922956824302673,-0.19922956824302673,1.0000015497207642,-1.1379718780517578,1.1379718780517578,1.4786093061047723e-07,1.975408673286438,3.9277119636535645,9.452703475952148,14.524325370788574,2.334500551223755
701,149.85934003314443,13,-1.992037296295166,-1.7881393432617188e-06,-1.9920355081558228,-0.19920355081558228,0.9999985098838806,-1.1379718780517578,1.1379718780517578,1.7179887379370484e-07,1.9751530885696411,3.9263980388641357,9.453542709350586,14.524324417114258,2.3346364498138428
702,149.95938582827972,13,-1.9917752742767334,3.933906555175781e-06,-1.9917792081832886,-0.19917792081832886,0.9999988079071045,-1.1379719972610474,1.1379719972610474,1.983762558666058e-07,1.9748975038528442,3.925081968307495,9.454381942749023,14.524322509765625,2.3347713947296143
703,150.05944025941628,13,-1.9915213584899902,4.231929779052734e-06,-1.9915255904197693,-0.19915255904197693,0.9999976754188538,-1.1379718780517578,1.1379718780517578,1.5151236709698424e-07,1.9746423959732056,3.9237656593322754,9.455217361450195,14.524324417114258,2.3349058628082275
704,150.15950786973096,13,-1.991267442703247,-2.9206275939941406e-06,-1.991264522075653,-0.1991264522075653,0.9999971985816956,-1.1379718780517578,1.1379718780517578,1.4411699567062897e-07,1.9743863344192505,3.9224462509155273,9.456053733825684,14.524322509765625,2.3350396156311035
705,150.2595848409037,13,-1.991017460823059,-3.2782554626464844e-06,-1.9910141825675964,-0.19910141825675964,1.0000025033950806,-1.1379718780517578,1.1379718780517578,1.899308017527801e-07,1.974130630493164,3.9211273193359375,9.456887245178223,14.524324417114258,2.335172653198242
706,150.35967294855288,13,-1.9907569885253906,1.7881393432617188e-06,-1.9907587766647339,-0.1990758776664734,0.9999995827674866,-1.1379718780517578,1.1379718780517578,1.4027318684384227e-07,1.9738749265670776,3.9198062419891357,9.457718849182129,14.524322509765625,2.3353052139282227
707,150.45976996182176,13,-1.9905054569244385,-8.940696716308594e-07,-1.9905045628547668,-0.19905045628547668,0.9999995231628418,-1.1379718780517578,1.1379718780517578,1.5856318213991472e-07,1.9736183881759644,3.9184820652008057,9.458548545837402,14.524322509765625,2.3354365825653076
708,150.55988005863358,13,-1.9902539253234863,2.980232238769531e-07,-1.9902542233467102,-0.19902542233467102,1.0000026226043701,-1.1379718780517578,1.1379718780517578,1.6197353147617832e-07,1.9733624458312988,3.917156934738159,9.45937728881836,14.52432632446289,2.3355677127838135
709,150.6599995049386,13,-1.9900050163269043,3.5762786865234375e-07,-1.990005373954773,-0.1990005373954773,0.9999997019767761,-1.1379718780517578,1.1379718780517578,1.3632103446070687e-07,1.9731063842773438,3.9158308506011963,9.460204124450684,14.524324417114258,2.335697889328003
710,150.76012909304325,13,-1.9897546768188477,-2.3245811462402344e-06,-1.9897523522377014,-0.19897523522377014,1.0000001192092896,-1.1379718780517578,1.1379718780517578,1.3632103446070687e-07,1.97284996509552,3.9145021438598633,9.461028099060059,14.524322509765625,2.335827112197876
711,150.86026871165362,13,-1.9894999265670776,2.9802322387695312e-06,-1.9895029067993164,-0.19895029067993164,1.000001311302185,-1.1379719972610474,1.1379719972610474,1.8703092052874126e-07,1.9725935459136963,3.9131734371185303,9.461851119995117,14.524324417114258,2.335956335067749
712,150.96041827090133,13,-1.989251971244812,3.5762786865234375e-06,-1.9892555475234985,-0.19892555475234985,0.9999980926513672,-1.1379718780517578,1.1379718780517578,1.9560161490517203e-07,1.972337007522583,3.9118425846099854,9.46267318725586,14.524322509765625,2.3360846042633057
713,151.06058079011206,13,-1.9890034198760986,2.682209014892578e-06,-1.9890061020851135,-0.19890061020851135,1.0000003576278687,-1.1379718780517578,1.1379718780517578,1.3632103446070687e-07,1.9720808267593384,3.910510778427124,9.463491439819336,14.524322509765625,2.336211919784546
714,151.16075159360585,13,-1.9887504577636719,4.112720489501953e-06,-1.9887545704841614,-0.19887545704841614,1.0000042915344238,-1.1379718780517578,1.1379718780517578,1.4027318684384227e-07,1.9718239307403564,3.9091763496398926,9.464308738708496,14.524324417114258,2.336338758468628
715,151.26093421285069,13,-1.9885116815567017,2.384185791015625e-06,-1.9885140657424927,-0.19885140657424927,0.9999994039535522,-1.1379718780517578,1.1379718780517578,1.2370932722660655e-07,1.9715670347213745,3.907841682434082,9.46512508392334,14.524322509765625,2.3364646434783936
716,151.36112734042146,13,-1.9882664680480957,2.384185791015625e-07,-1.9882667064666748,-0.19882667064666748,1.000000238418579,-1.1379719972610474,1.1379719972610474,2.2179139591571584e-07,1.9713104963302612,3.906505823135376,9.465940475463867,14.524324417114258,2.33659029006958
717,151.46132812508327,13,-1.988024115562439,-2.980232238769531e-07,-1.988023817539215,-0.1988023817539215,1.0000009536743164,-1.1379718780517578,1.1379718780517578,1.1453258252913656e-07,1.971052885055542,3.9051663875579834,9.466750144958496,14.524324417114258,2.336714506149292
718,151.5615401476562,13,-1.9877824783325195,-9.5367431640625e-07,-1.9877815246582031,-0.1987781524658203,1.0000005960464478,-1.1379718780517578,1.1379718780517578,1.2805131177628937e-07,1.9707963466644287,3.903827667236328,9.467560768127441,14.524325370788574,2.336838483810425
719,151.66176454409077,13,-1.9875401258468628,-5.960464477539062e-07,-1.987539529800415,-0.1987539529800415,1.0000019073486328,-1.1379718780517578,1.1379718780517578,1.4786093061047723e-07,1.9705393314361572,3.902486801147461,9.468369483947754,14.524324417114258,2.3369617462158203
720,151.76199695911217,13,-1.9872941970825195,-2.384185791015625e-07,-1.9872939586639404,-0.19872939586639404,0.9999998211860657,-1.1379718780517578,1.1379718780517578,1.7495140980372526e-07,1.9702820777893066,3.9011435508728027,9.469175338745117,14.524324417114258,2.3370842933654785
721,151.86223999560667,13,-1.9870543479919434,-4.172325134277344e-06,-1.987050175666809,-0.1987050175666809,0.999997079372406,-1.1379718780517578,1.1379718780517578,9.91881279333029e-08,1.9700249433517456,3.8998022079467773,9.469980239868164,14.524320602416992,2.3372058868408203
722,151.96249367628863,13,-1.9868144989013672,8.344650268554688e-07,-1.986815333366394,-0.1986815333366394,1.0000004768371582,-1.1379718780517578,1.1379718780517578,1.4411699567062897e-07,1.969767689704895,3.8984556198120117,9.470781326293945,14.524324417114258,2.337326765060425
723,152.06275777742255,13,-1.9865769147872925,-3.874301910400391e-06,-1.986573040485382,-0.1986573040485382,1.0000007152557373,-1.1379718780517578,1.1379718780517578,1.4027318684384227e-07,1.9695103168487549,3.897109270095825,9.47158145904541,14.524324417114258,2.33744740486145
724,152.16303141090327,13,-1.9863390922546387,-3.2782554626464844e-06,-1.986335813999176,-0.1986335813999176,0.9999977946281433,-1.1379718780517578,1.1379718780517578,1.4411699567062897e-07,1.969252347946167,3.895761013031006,9.472379684448242,14.524322509765625,2.337566614151001
725,152.26331428143348,13,-1.9860758781433105,1.2516975402832031e-06,-1.9860771298408508,-0.19860771298408508,1.0000009536743164,-1.1379718780517578,1.1379718780517578,1.5856318213991472e-07,1.968995213508606,3.8944122791290283,9.473177909851074,14.524324417114258,2.3376858234405518
726,152.3636090223482,13,-1.9858050346374512,0.0,-1.9858050346374512,-0.19858050346374512,0.9999979138374329,-1.1379718780517578,1.1379718780517578,1.6858739115832577e-07,1.9687373638153076,3.893061399459839,9.473971366882324,14.524324417114258,2.337804079055786
727,152.46391107650751,13,-1.985536813735962,2.980232238769531e-07,-1.9855371117591858,-0.19855371117591858,1.0000014305114746,-1.1379719972610474,1.1379719972610474,1.899308017527801e-07,1.9684802293777466,3.891709804534912,9.474762916564941,14.524324417114258,2.337921380996704
728,152.5642239867821,13,-1.9852676391601562,9.5367431640625e-07,-1.9852685928344727,-0.19852685928344727,0.9999998807907104,-1.1379718780517578,1.1379718780517578,1.4786093061047723e-07,1.9682221412658691,3.8903565406799316,9.475553512573242,14.524324417114258,2.3380377292633057
729,152.66454796010873,13,-1.985006332397461,-5.960464477539062e-07,-1.9850057363510132,-0.19850057363510132,0.9999995827674866,-1.1379718780517578,1.1379718780517578,1.5856318213991472e-07,1.9679646492004395,3.8890035152435303,9.476343154907227,14.524323463439941,2.3381543159484863
730,152.76488136820868,13,-1.9847416877746582,5.960464477539062e-07,-1.984742283821106,-0.1984742283821106,1.0000014305114746,-1.1379719972610474,1.1379719972610474,2.0647654253025394e-07,1.9677071571350098,3.887648105621338,9.477129936218262,14.524324417114258,2.3382697105407715
731,152.86522373129688,13,-1.9844740629196167,1.1920928955078125e-06,-1.9844752550125122,-0.19844752550125122,1.0000038146972656,-1.1379719972610474,1.1379719972610474,2.1170463071484846e-07,1.967449426651001,3.886291742324829,9.477913856506348,14.524324417114258,2.338383674621582
732,152.965576114464,13,-1.9841843843460083,-8.940696716308594e-07,-1.9841834902763367,-0.19841834902763367,0.9999971985816956,-1.1379718780517578,1.1379718780517578,1.7495140980372526e-07,1.967191219329834,3.88493275642395,9.478696823120117,14.524323463439941,2.338498115539551
733,153.06594006162493,13,-1.9838964939117432,5.960464477539062e-07,-1.983897089958191,-0.1983897089958191,0.9999983906745911,-1.1379718780517578,1.1379718780517578,1.2370932722660655e-07,1.9669339656829834,3.883574962615967,9.479477882385254,14.524324417114258,2.338610887527466
734,153.16631382535738,13,-1.9836070537567139,1.2516975402832031e-06,-1.9836083054542542,-0.19836083054542542,0.9999986886978149,-1.1379719972610474,1.1379719972610474,2.038122204339743e-07,1.9666756391525269,3.882214307785034,9.480254173278809,14.524323463439941,2.3387231826782227
735,153.26669340979754,13,-1.9833192825317383,5.364418029785156e-07,-1.9833198189735413,-0.19833198189735413,1.0000026226043701,-1.1379719972610474,1.1379719972610474,2.0111259857458208e-07,1.9664177894592285,3.880851984024048,9.481030464172363,14.524324417114258,2.338834524154663
736,153.36708622203463,13,-1.983029842376709,8.940696716308594e-07,-1.9830307364463806,-0.19830307364463806,0.999998927116394,-1.1379718780517578,1.1379718780517578,1.3632103446070687e-07,1.9661600589752197,3.8794901371002197,9.481805801391602,14.524324417114258,2.3389453887939453
737,153.46748812290707,13,-1.9827479124069214,1.4901161193847656e-06,-1.9827494025230408,-0.19827494025230408,0.9999986886978149,-1.1379718780517578,1.1379718780517578,1.4786093061047723e-07,1.9659017324447632,3.8781256675720215,9.482575416564941,14.524322509765625,2.3390555381774902
738,153.5678978898208,13,-1.982460618019104,-3.2782554626464844e-06,-1.9824573397636414,-0.19824573397636414,0.9999971985816956,-1.1379718780517578,1.1379718780517578,1.4027318684384227e-07,1.9656437635421753,3.876760244369507,9.483345985412598,14.524324417114258,2.339164972305298
739,153.66831985354347,13,-1.9821745157241821,2.086162567138672e-06,-1.9821766018867493,-0.19821766018867493,0.9999995231628418,-1.1379718780517578,1.1379718780517578,1.5856318213991472e-07,1.965385913848877,3.875394821166992,9.484113693237305,14.524322509765625,2.33927321434021
740,153.76874966065282,13,-1.981893539428711,-1.2516975402832031e-06,-1.9818922877311707,-0.19818922877311707,1.000000238418579,-1.1379718780517578,1.1379718780517578,1.3632103446070687e-07,1.9651274681091309,3.874025583267212,9.484877586364746,14.524322509765625,2.339380979537964
741,153.86918962124037,13,-1.9816070795059204,2.980232238769531e-07,-1.9816073775291443,-0.19816073775291443,1.000002145767212,-1.1379718780517578,1.1379718780517578,1.4411699567062897e-07,1.9648696184158325,3.8726584911346436,9.485642433166504,14.524324417114258,2.3394887447357178
742,153.96963976728597,13,-1.981326937675476,-1.7881393432617188e-06,-1.9813251495361328,-0.19813251495361328,0.9999988079071045,-1.1379718780517578,1.1379718780517578,1.5151236709698424e-07,1.964611291885376,3.8712880611419678,9.486404418945312,14.524324417114258,2.339594841003418
743,154.07009724094246,13,-1.9810452461242676,3.5762786865234375e-07,-1.9810456037521362,-0.19810456037521362,1.0000026226043701,-1.1379719972610474,1.1379719972610474,1.55077842123319e-07,1.964353084564209,3.869917154312134,9.487161636352539,14.524322509765625,2.339700222015381
744,154.17056475905292,13,-1.980765461921692,8.940696716308594e-07,-1.9807663559913635,-0.19807663559913635,0.9999986290931702,-1.1379718780517578,1.1379718780517578,1.322508325074523e-07,1.9640952348709106,3.868544578552246,9.487916946411133,14.524322509765625,2.3398053646087646
745,154.27104385608382,13,-1.9804880619049072,2.3245811462402344e-06,-1.9804903864860535,-0.19804903864860535,0.9999980926513672,-1.1379718780517578,1.1379718780517578,1.8703092052874126e-07,1.9638373851776123,3.8671741485595703,9.488672256469727,14.524324417114258,2.339909553527832
746,154.3715295575486,13,-1.9802111387252808,-2.384185791015625e-06,-1.9802087545394897,-0.19802087545394897,1.0000015497207642,-1.1379719972610474,1.1379719972610474,1.9560161490517203e-07,1.9635790586471558,3.8657991886138916,9.489425659179688,14.524323463439941,2.340013027191162
747,154.4720256608421,13,-1.9799292087554932,1.4901161193847656e-06,-1.9799306988716125,-0.19799306988716125,1.0000017881393433,-1.1379719972610474,1.1379719972610474,1.8703092052874126e-07,1.9633210897445679,3.864423990249634,9.490175247192383,14.524324417114258,2.340115785598755
748,154.5725307375293,13,-1.9796643257141113,-4.827976226806641e-06,-1.9796594977378845,-0.19796594977378845,0.9999997019767761,-1.1379718780517578,1.1379718780517578,1.3632103446070687e-07,1.9630628824234009,3.8630475997924805,9.490922927856445,14.524322509765625,2.340217351913452
749,154.67304478577717,13,-1.979379415512085,2.384185791015625e-07,-1.979379653930664,-0.1979379653930664,1.0000027418136597,-1.1379718780517578,1.1379718780517578,1.5856318213991472e-07,1.9628046751022339,3.86167049407959,9.491668701171875,14.524324417114258,2.340318202972412
750,154.7735716813842,13,-1.9791004657745361,2.9206275939941406e-06,-1.9791033864021301,-0.197910338640213,1.0000011920928955,-1.1379718780517578,1.1379718780517578,1.5856318213991472e-07,1.9625462293624878,3.8602914810180664,9.492410659790039,14.524324417114258,2.340419054031372
751,154.87410381223287,13,-1.978830337524414,1.2516975402832031e-06,-1.9788315892219543,-0.19788315892219543,0.9999988079071045,-1.1379718780517578,1.1379718780517578,1.6858739115832577e-07,1.962288498878479,3.858912944793701,9.493152618408203,14.524324417114258,2.3405187129974365
752,154.97464451596727,13,-1.978558897972107,2.384185791015625e-06,-1.978561282157898,-0.1978561282157898,0.9999992847442627,-1.1379718780517578,1.1379718780517578,1.6531353708160168e-07,1.9620298147201538,3.8575327396392822,9.493888854980469,14.524324417114258,2.3406169414520264
753,155.07519649608244,13,-1.978268027305603,8.940696716308594e-07,-1.9782689213752747,-0.19782689213752747,1.0000027418136597,-1.1379718780517578,1.1379718780517578,1.7495140980372526e-07,1.961772084236145,3.856151580810547,9.494626998901367,14.524324417114258,2.3407154083251953
754,155.17575722474822,13,-1.9779831171035767,-2.9802322387695312e-06,-1.977980136871338,-0.1977980136871338,0.9999989867210388,-1.1379718780517578,1.1379718780517578,1.322508325074523e-07,1.961513638496399,3.8547685146331787,9.495359420776367,14.524323463439941,2.3408122062683105
755,155.27632589191305,13,-1.9776883125305176,3.039836883544922e-06,-1.9776913523674011,-0.1977691352367401,1.000001311302185,-1.1379718780517578,1.1379718780517578,1.4411699567062897e-07,1.9612557888031006,3.853386402130127,9.496089935302734,14.524324417114258,2.340909242630005
756,155.37690530009573,13,-1.9774055480957031,-3.5762786865234375e-06,-1.9774019718170166,-0.19774019718170166,0.9999983310699463,-1.1379718780517578,1.1379718780517578,1.55077842123319e-07,1.960997462272644,3.852001190185547,9.496820449829102,14.524325370788574,2.3410043716430664
757,155.4774933254596,13,-1.9771196842193604,3.5762786865234375e-07,-1.977120041847229,-0.1977120041847229,1.0000015497207642,-1.1379719972610474,1.1379719972610474,2.0910692910547368e-07,1.9607396125793457,3.8506171703338623,9.497546195983887,14.524324417114258,2.341099977493286
758,155.57809059126998,13,-1.976829171180725,-8.940696716308594e-07,-1.9768282771110535,-0.19768282771110535,1.0000020265579224,-1.1379718780517578,1.1379718780517578,1.4027318684384227e-07,1.9604814052581787,3.849231719970703,9.498270034790039,14.524323463439941,2.341193914413452
759,155.67869729743066,13,-1.976545810699463,1.1324882507324219e-06,-1.9765469431877136,-0.19765469431877136,0.9999997019767761,-1.1379718780517578,1.1379718780517578,1.6531353708160168e-07,1.960223913192749,3.8478450775146484,9.498992919921875,14.524325370788574,2.341287136077881
760,155.7793101856197,13,-1.976262092590332,5.364418029785156e-07,-1.976262629032135,-0.1976262629032135,1.0000015497207642,-1.1379718780517578,1.1379718780517578,1.55077842123319e-07,1.9599659442901611,3.8464581966400146,9.499711990356445,14.524324417114258,2.3413803577423096
761,155.87993359573258,13,-1.9759736061096191,5.364418029785156e-07,-1.9759741425514221,-0.1975974142551422,1.0000007152557373,-1.1379718780517578,1.1379718780517578,1.6531353708160168e-07,1.959707498550415,3.8450686931610107,9.500429153442383,14.524323463439941,2.3414719104766846
762,155.98056603830992,13,-1.9756948947906494,0.0,-1.9756948947906494,-0.19756948947906494,1.0000008344650269,-1.1379718780517578,1.1379718780517578,1.6197353147617832e-07,1.9594498872756958,3.8436789512634277,9.501143455505371,14.524325370788574,2.3415632247924805
763,156.08120621755003,13,-1.9754137992858887,3.5762786865234375e-07,-1.9754141569137573,-0.19754141569137573,0.9999986290931702,-1.1379718780517578,1.1379718780517578,1.4411699567062897e-07,1.959192156791687,3.8422889709472656,9.50185489654541,14.524325370788574,2.341653347015381
764,156.18185755830604,13,-1.9751324653625488,1.8477439880371094e-06,-1.9751343131065369,-0.1975134313106537,0.9999992251396179,-1.1379718780517578,1.1379718780517578,1.4411699567062897e-07,1.9589341878890991,3.8408987522125244,9.502565383911133,14.524322509765625,2.341743230819702
765,156.28251486975796,13,-1.9748562574386597,1.7881393432617188e-06,-1.974858045578003,-0.1974858045578003,1.0,-1.1379719972610474,1.1379719972610474,2.0910692910547368e-07,1.9586762189865112,3.8395063877105713,9.503273010253906,14.524324417114258,2.341831684112549
766,156.38318312129744,13,-1.9745776653289795,-3.5762786865234375e-07,-1.9745773077011108,-0.19745773077011108,1.0000032186508179,-1.1379718780517578,1.1379718780517578,1.899308017527801e-07,1.9584189653396606,3.8381130695343018,9.50397777557373,14.524324417114258,2.3419198989868164
767,156.48385933328345,13,-1.974298357963562,-2.682209014892578e-06,-1.9742956757545471,-0.1974295675754547,1.0000033378601074,-1.1379718780517578,1.1379718780517578,1.5856318213991472e-07,1.9581609964370728,3.836719512939453,9.504678726196289,14.524322509765625,2.3420066833496094
768,156.58454454543266,13,-1.97401762008667,1.4901161193847656e-06,-1.9740191102027893,-0.19740191102027893,1.0000022649765015,-1.1379718780517578,1.1379718780517578,1.2805131177628937e-07,1.9579031467437744,3.835325241088867,9.505379676818848,14.524322509765625,2.342092752456665
769,156.68523725101582,13,-1.9737440347671509,2.9802322387695312e-06,-1.9737470149993896,-0.19737470149993896,1.0000008344650269,-1.1379719972610474,1.1379719972610474,1.6531353708160168e-07,1.9576460123062134,3.8339312076568604,9.50607681274414,14.524322509765625,2.3421790599823
770,156.78593782415786,13,-1.9734746217727661,-4.76837158203125e-06,-1.973469853401184,-0.1973469853401184,1.0000016689300537,-1.1379718780517578,1.1379718780517578,1.4027318684384227e-07,1.9573886394500732,3.8325352668762207,9.506771087646484,14.524324417114258,2.3422634601593018
771,156.88664894447064,13,-1.9731920957565308,0.0,-1.9731920957565308,-0.19731920957565308,0.9999997019767761,-1.1379718780517578,1.1379718780517578,1.4027318684384227e-07,1.957131028175354,3.8311378955841064,9.507462501525879,14.524322509765625,2.3423473834991455
772,156.98736870195157,13,-1.9729238748550415,1.7881393432617188e-06,-1.9729256629943848,-0.19729256629943848,1.0000009536743164,-1.1379718780517578,1.1379718780517578,1.4411699567062897e-07,1.9568736553192139,3.829740524291992,9.508152961730957,14.524324417114258,2.342430591583252
773,157.0880960677682,13,-1.9726526737213135,-1.4901161193847656e-06,-1.972651183605194,-0.1972651183605194,0.9999985098838806,-1.1379719972610474,1.1379719972610474,2.0647654253025394e-07,1.9566168785095215,3.8283438682556152,9.508841514587402,14.524324417114258,2.342513084411621
774,157.188830946321,13,-1.9723814725875854,1.1920928955078125e-06,-1.972382664680481,-0.1972382664680481,0.9999998807907104,-1.1379718780517578,1.1379718780517578,1.6531353708160168e-07,1.9563592672348022,3.8269448280334473,9.50952434539795,14.524324417114258,2.342595100402832
775,157.28957463112354,13,-1.9721132516860962,-2.086162567138672e-06,-1.972111165523529,-0.1972111165523529,0.9999997019767761,-1.1379718780517578,1.1379718780517578,1.5151236709698424e-07,1.9561024904251099,3.8255455493927,9.510207176208496,14.524324417114258,2.3426761627197266
776,157.39032769259194,13,-1.9718399047851562,-2.384185791015625e-07,-1.9718396663665771,-0.19718396663665771,1.000000238418579,-1.1379718780517578,1.1379718780517578,1.6858739115832577e-07,1.9558451175689697,3.824146032333374,9.510886192321777,14.524324417114258,2.3427562713623047
777,157.4910880200865,13,-1.971569299697876,9.5367431640625e-07,-1.9715702533721924,-0.19715702533721924,1.0000004768371582,-1.1379718780517578,1.1379718780517578,1.2805131177628937e-07,1.9555881023406982,3.822744607925415,9.51156234741211,14.524324417114258,2.3428351879119873
778,157.59185846559188,13,-1.9713053703308105,3.2186508178710938e-06,-1.9713085889816284,-0.19713085889816284,1.0000015497207642,-1.1379718780517578,1.1379718780517578,1.322508325074523e-07,1.9553310871124268,3.8213436603546143,9.512236595153809,14.524325370788574,2.342913866043091
779,157.69263488019928,13,-1.9710361957550049,1.4901161193847656e-06,-1.9710376858711243,-0.19710376858711243,0.9999995231628418,-1.1379718780517578,1.1379718780517578,1.4027318684384227e-07,1.9550741910934448,3.819941520690918,9.512907981872559,14.524324417114258,2.342991590499878
780,157.7934215117935,13,-1.970771312713623,2.384185791015625e-07,-1.9707715511322021,-0.19707715511322021,0.9999997019767761,-1.1379718780517578,1.1379718780517578,1.55077842123319e-07,1.954817533493042,3.8185384273529053,9.513574600219727,14.524324417114258,2.3430683612823486
781,157.89421267328063,13,-1.9705086946487427,-8.940696716308594e-07,-1.970507800579071,-0.1970507800579071,1.0000016689300537,-1.1379718780517578,1.1379718780517578,1.55077842123319e-07,1.9545609951019287,3.8171353340148926,9.514242172241211,14.524324417114258,2.343144416809082
782,157.99501668760215,13,-1.970245599746704,1.7285346984863281e-06,-1.9702473282814026,-0.19702473282814026,1.0000008344650269,-1.1379718780517578,1.1379718780517578,1.4786093061047723e-07,1.9543043375015259,3.8157315254211426,9.514904975891113,14.524324417114258,2.343219757080078
783,158.09582508417122,13,-1.9699814319610596,-1.430511474609375e-06,-1.969980001449585,-0.1969980001449585,1.0000030994415283,-1.1379718780517578,1.1379718780517578,1.4786093061047723e-07,1.9540480375289917,3.8143270015716553,9.515564918518066,14.524324417114258,2.3432939052581787
784,158.196643160358,13,-1.9697171449661255,2.9802322387695312e-06,-1.9697201251983643,-0.19697201251983643,0.9999985098838806,-1.1379718780517578,1.1379718780517578,1.5151236709698424e-07,1.9537911415100098,3.8129210472106934,9.516223907470703,14.524324417114258,2.343367576599121
785,158.29747184304819,13,-1.9694578647613525,3.5762786865234375e-06,-1.969461441040039,-0.1969461441040039,0.9999988079071045,-1.1379718780517578,1.1379718780517578,1.8703092052874126e-07,1.9535350799560547,3.811516761779785,9.51688003540039,14.524322509765625,2.343440055847168
786,158.39830484509412,13,-1.9691994190216064,-1.1324882507324219e-06,-1.9691982865333557,-0.19691982865333557,1.0000026226043701,-1.1379718780517578,1.1379718780517578,1.6531353708160168e-07,1.9532790184020996,3.810110330581665,9.517531394958496,14.524323463439941,2.343512535095215
787,158.49914910259554,13,-1.9689395427703857,-3.516674041748047e-06,-1.968936026096344,-0.1968936026096344,0.9999988079071045,-1.1379718780517578,1.1379718780517578,1.4411699567062897e-07,1.9530231952667236,3.8087034225463867,9.518181800842285,14.524324417114258,2.343583822250366
788,158.59999812451775,13,-1.968679428100586,8.940696716308594e-07,-1.9686803221702576,-0.19686803221702576,0.9999979138374329,-1.1379718780517578,1.1379718780517578,1.0455346455273684e-07,1.952767014503479,3.8072969913482666,9.518828392028809,14.524322509765625,2.343653678894043
789,158.7008568334142,13,-1.968424916267395,-1.1920928955078125e-06,-1.9684237241744995,-0.19684237241744995,0.9999992847442627,-1.1379718780517578,1.1379718780517578,1.1453258252913656e-07,1.9525114297866821,3.8058888912200928,9.5194730758667,14.524323463439941,2.343723773956299
790,158.80172273807736,13,-1.9681665897369385,-2.1457672119140625e-06,-1.9681644439697266,-0.19681644439697266,1.0000009536743164,-1.1379718780517578,1.1379718780517578,1.5151236709698424e-07,1.9522554874420166,3.8044800758361816,9.52011489868164,14.524324417114258,2.34379243850708
791,158.90259653440702,13,-1.9679126739501953,2.3245811462402344e-06,-1.9679149985313416,-0.19679149985313416,0.9999983906745911,-1.1379718780517578,1.1379718780517578,1.3632103446070687e-07,1.9519999027252197,3.8030712604522705,9.520752906799316,14.524322509765625,2.343860626220703
792,159.00347819498046,13,-1.9676554203033447,-5.960464477539062e-07,-1.967654824256897,-0.1967654824256897,0.9999980330467224,-1.1379718780517578,1.1379718780517578,1.6197353147617832e-07,1.9517441987991333,3.8016622066497803,9.52138900756836,14.524324417114258,2.3439278602600098
793,159.10436882510342,13,-1.9674068689346313,-1.7881393432617188e-06,-1.967405080795288,-0.1967405080795288,1.000001311302185,-1.1379718780517578,1.1379718780517578,1.322508325074523e-07,1.951488733291626,3.8002524375915527,9.522021293640137,14.524322509765625,2.343993663787842
794,159.2052664348574,13,-1.967153787612915,9.5367431640625e-07,-1.9671547412872314,-0.19671547412872314,1.0000027418136597,-1.1379719972610474,1.1379719972610474,1.9560161490517203e-07,1.9512337446212769,3.7988431453704834,9.522651672363281,14.524324417114258,2.344060182571411
795,159.30617079024753,13,-1.9669044017791748,-4.76837158203125e-06,-1.9668996334075928,-0.19668996334075928,0.9999992847442627,-1.1379718780517578,1.1379718780517578,1.9278705565284326e-07,1.9509785175323486,3.7974324226379395,9.523279190063477,14.524324417114258,2.3441245555877686
796,159.40708254881693,13,-1.9666481018066406,1.7881393432617188e-06,-1.9666498899459839,-0.1966649889945984,1.000002384185791,-1.1379718780517578,1.1379718780517578,1.8109190591530933e-07,1.9507237672805786,3.796022891998291,9.523904800415039,14.524324417114258,2.344188690185547
797,159.50800413694932,13,-1.966397762298584,-5.960464477539062e-07,-1.9663971662521362,-0.19663971662521362,0.999998927116394,-1.1379719972610474,1.1379719972610474,1.899308017527801e-07,1.95046865940094,3.7946112155914307,9.524527549743652,14.524323463439941,2.344251871109009
798,159.6089322238445,13,-1.9661543369293213,-5.125999450683594e-06,-1.9661492109298706,-0.19661492109298706,1.000002145767212,-1.1379718780517578,1.1379718780517578,1.55077842123319e-07,1.9502137899398804,3.7931976318359375,9.525145530700684,14.524325370788574,2.344313621520996
799,159.70986901992504,13,-1.9659024477005005,3.874301910400391e-06,-1.9659063220024109,-0.1965906322002411,0.9999995827674866,-1.1379718780517578,1.1379718780517578,1.1453258252913656e-07,1.949959397315979,3.7917864322662354,9.525761604309082,14.524322509765625,2.3443751335144043
800,159.8108122860003,13,-1.9656568765640259,-5.960464477539062e-07,-1.9656562805175781,-0.1965656280517578,1.0,-1.1379718780517578,1.1379718780517578,1.1920928955078125e-07,1.949704885482788,3.7903735637664795,9.526375770568848,14.524322509765625,2.344435691833496
801,159.91176274719493,13,-1.9654085636138916,2.7418136596679688e-06,-1.9654113054275513,-0.19654113054275513,0.999997615814209,-1.1379718780517578,1.1379718780517578,1.5856318213991472e-07,1.9494506120681763,3.788961172103882,9.526986122131348,14.524322509765625,2.3444957733154297
802,160.01272077691434,13,-1.9651720523834229,-3.635883331298828e-06,-1.9651684165000916,-0.19651684165000916,1.0000008344650269,-1.1379719972610474,1.1379719972610474,1.4411699567062897e-07,1.9491961002349854,3.7875475883483887,9.527591705322266,14.524322509765625,2.3445544242858887
803,160.11368637369392,13,-1.9649243354797363,2.980232238769531e-07,-1.9649246335029602,-0.19649246335029602,1.0000015497207642,-1.1379718780517578,1.1379718780517578,1.4027318684384227e-07,1.9489424228668213,3.7861359119415283,9.528197288513184,14.524322509765625,2.3446130752563477
804,160.21465908078724,13,-1.9646790027618408,6.556510925292969e-07,-1.9646796584129333,-0.19646796584129333,1.000002145767212,-1.1379718780517578,1.1379718780517578,1.4411699567062897e-07,1.9486891031265259,3.7847213745117188,9.528800964355469,14.524324417114258,2.344670534133911
805,160.3156387380791,13,-1.964440941810608,3.2782554626464844e-06,-1.9644442200660706,-0.19644442200660706,0.9999971985816956,-1.1379718780517578,1.1379718780517578,1.9560161490517203e-07,1.9484353065490723,3.7833075523376465,9.529398918151855,14.524322509765625,2.344727039337158
806,160.41662614431226,13,-1.9641989469528198,-5.960464477539062e-07,-1.964198350906372,-0.1964198350906372,0.9999998211860657,-1.1379718780517578,1.1379718780517578,1.5856318213991472e-07,1.9481816291809082,3.781893491744995,9.529993057250977,14.524324417114258,2.3447821140289307
807,160.51762197045093,13,-1.9639573097229004,-3.039836883544922e-06,-1.9639542698860168,-0.19639542698860168,0.999998927116394,-1.1379718780517578,1.1379718780517578,1.1920928955078125e-07,1.9479280710220337,3.7804770469665527,9.530585289001465,14.524325370788574,2.344837188720703
808,160.61862452983686,13,-1.9637185335159302,4.76837158203125e-06,-1.9637233018875122,-0.19637233018875122,0.9999992251396179,-1.1379719972610474,1.1379719972610474,2.1680666861811915e-07,1.9476749897003174,3.7790629863739014,9.531176567077637,14.524324417114258,2.34489107131958
809,160.71963413732234,13,-1.9634830951690674,2.384185791015625e-06,-1.9634854793548584,-0.19634854793548584,1.000000238418579,-1.1379719972610474,1.1379719972610474,1.7804812557642435e-07,1.9474217891693115,3.7776477336883545,9.53176212310791,14.524323463439941,2.344944477081299
810,160.8206507954517,13,-1.9632444381713867,-3.635883331298828e-06,-1.9632408022880554,-0.19632408022880554,1.000002145767212,-1.1379717588424683,1.1379717588424683,1.6858739115832577e-07,1.9471689462661743,3.7762322425842285,9.532347679138184,14.524324417114258,2.344996690750122
811,160.9216760542098,13,-1.9630131721496582,-1.2516975402832031e-06,-1.963011920452118,-0.1963011920452118,0.9999982118606567,-1.1379718780517578,1.1379718780517578,1.55077842123319e-07,1.9469163417816162,3.7748186588287354,9.532929420471191,14.524324417114258,2.345048189163208
812,161.02270710739936,13,-1.9627755880355835,1.4901161193847656e-06,-1.9627770781517029,-0.1962777078151703,0.9999973177909851,-1.1379718780517578,1.1379718780517578,1.55077842123319e-07,1.9466639757156372,3.773401975631714,9.533507347106934,14.524324417114258,2.3450992107391357
813,161.12374350623608,13,-1.9625407457351685,1.4901161193847656e-06,-1.9625422358512878,-0.19625422358512878,1.000001072883606,-1.1379718780517578,1.1379718780517578,1.3632103446070687e-07,1.9464117288589478,3.771986484527588,9.534082412719727,14.524324417114258,2.345149040222168
814,161.22478848101971,13,-1.9623079299926758,-8.344650268554688e-07,-1.962307095527649,-0.1962307095527649,0.9999997019767761,-1.1379718780517578,1.1379718780517578,1.322508325074523e-07,1.9461593627929688,3.7705678939819336,9.534653663635254,14.524324417114258,2.345197916030884
815,161.32584224125492,13,-1.962077021598816,0.0,-1.962077021598816,-0.1962077021598816,1.0,-1.1379718780517578,1.1379718780517578,1.8109190591530933e-07,1.9459075927734375,3.7691524028778076,9.535223007202148,14.524324417114258,2.345245599746704
816,161.42690065086498,13,-1.9618442058563232,1.2516975402832031e-06,-1.9618454575538635,-0.19618454575538635,1.000002384185791,-1.1379717588424683,1.1379717588424683,1.6531353708160168e-07,1.9456558227539062,3.7677371501922607,9.535788536071777,14.524324417114258,2.3452932834625244
817,161.52796692583283,13,-1.9616189002990723,-5.364418029785156e-07,-1.9616183638572693,-0.19616183638572693,0.9999989867210388,-1.1379719972610474,1.1379719972610474,1.8703092052874126e-07,1.945404291152954,3.7663207054138184,9.536352157592773,14.524324417114258,2.34533953666687
818,161.62904097462652,13,-1.9613888263702393,-1.430511474609375e-06,-1.9613873958587646,-0.19613873958587646,0.9999997019767761,-1.1379718780517578,1.1379718780517578,1.2805131177628937e-07,1.945152759552002,3.764902114868164,9.536910057067871,14.524324417114258,2.3453853130340576
819,161.73012196736255,13,-1.9611611366271973,3.039836883544922e-06,-1.9611641764640808,-0.19611641764640808,0.9999980926513672,-1.1379718780517578,1.1379718780517578,1.4411699567062897e-07,1.9449015855789185,3.763486862182617,9.537466049194336,14.524324417114258,2.3454301357269287
820,161.831208281114,13,-1.9609379768371582,-4.172325134277344e-06,-1.960933804512024,-0.1960933804512024,1.0000009536743164,-1.1379718780517578,1.1379718780517578,1.55077842123319e-07,1.944650650024414,3.7620699405670166,9.538021087646484,14.524323463439941,2.3454740047454834
821,161.93230215262037,13,-1.9607124328613281,2.6226043701171875e-06,-1.9607150554656982,-0.19607150554656982,0.9999992251396179,-1.1379718780517578,1.1379718780517578,1.322508325074523e-07,1.9443999528884888,3.760652780532837,9.53857135772705,14.524324417114258,2.3455169200897217
822,162.03340196763602,13,-1.960487961769104,-2.980232238769531e-07,-1.9604876637458801,-0.196048766374588,0.9999989867210388,-1.1379718780517578,1.1379718780517578,1.5151236709698424e-07,1.944149136543274,3.7592356204986572,9.539118766784668,14.524323463439941,2.3455593585968018
823,162.13450843184236,13,-1.9602634906768799,-2.9206275939941406e-06,-1.9602605700492859,-0.1960260570049286,0.9999986290931702,-1.1379718780517578,1.1379718780517578,1.0455346455273684e-07,1.9438990354537964,3.7578177452087402,9.53966236114502,14.524322509765625,2.3456006050109863
824,162.23562222340985,13,-1.9600427150726318,-3.874301910400391e-06,-1.9600388407707214,-0.19600388407707214,0.9999992251396179,-1.1379718780517578,1.1379718780517578,1.6531353708160168e-07,1.9436488151550293,3.756401300430298,9.540204048156738,14.524324417114258,2.3456413745880127
825,162.33674261077553,13,-1.9598197937011719,-8.940696716308594e-07,-1.9598188996315002,-0.19598188996315002,1.0000004768371582,-1.1379719972610474,1.1379719972610474,1.4411699567062897e-07,1.9433988332748413,3.7549846172332764,9.540742874145508,14.524322509765625,2.3456807136535645
826,162.4378700687405,13,-1.9595983028411865,6.556510925292969e-07,-1.959598958492279,-0.1959598958492279,1.000000238418579,-1.1379718780517578,1.1379718780517578,1.7179887379370484e-07,1.9431489706039429,3.7535669803619385,9.541275978088379,14.524322509765625,2.345719575881958
827,162.53900387515134,13,-1.9593784809112549,8.344650268554688e-07,-1.9593793153762817,-0.19593793153762817,0.9999982118606567,-1.1379719972610474,1.1379719972610474,1.6531353708160168e-07,1.9428995847702026,3.7521495819091797,9.541808128356934,14.524323463439941,2.3457577228546143
828,162.64014406498882,13,-1.9591584205627441,3.337860107421875e-06,-1.9591617584228516,-0.19591617584228516,1.0000033378601074,-1.1379718780517578,1.1379718780517578,1.7179887379370484e-07,1.9426504373550415,3.750732183456421,9.542337417602539,14.524324417114258,2.345794916152954
829,162.74129214175935,13,-1.958940029144287,5.364418029785156e-06,-1.958945393562317,-0.1958945393562317,0.9999986886978149,-1.1379718780517578,1.1379718780517578,1.0455346455273684e-07,1.9424012899398804,3.7493152618408203,9.542860984802246,14.524322509765625,2.3458309173583984
830,162.8424449997935,13,-1.9587242603302002,3.2782554626464844e-06,-1.9587275385856628,-0.19587275385856628,1.0000009536743164,-1.1379719972610474,1.1379719972610474,1.7179887379370484e-07,1.942152500152588,3.7478983402252197,9.543384552001953,14.524325370788574,2.345867156982422
831,162.94360353607436,13,-1.9585111141204834,3.337860107421875e-06,-1.9585144519805908,-0.19585144519805908,1.0000017881393433,-1.1379718780517578,1.1379718780517578,1.5151236709698424e-07,1.9419039487838745,3.7464804649353027,9.543903350830078,14.524323463439941,2.3459010124206543
832,163.04477018482973,13,-1.9582953453063965,-3.516674041748047e-06,-1.9582918286323547,-0.19582918286323547,1.0,-1.1379718780517578,1.1379718780517578,1.6531353708160168e-07,1.9416553974151611,3.7450625896453857,9.544419288635254,14.524324417114258,2.345935106277466
833,163.14594284787003,13,-1.9580870866775513,-5.364418029785156e-06,-1.9580817222595215,-0.19580817222595215,0.9999998807907104,-1.1379718780517578,1.1379718780517578,1.4786093061047723e-07,1.9414074420928955,3.7436470985412598,9.544931411743164,14.524324417114258,2.3459675312042236
834,163.24712165635614,13,-1.9578728675842285,-6.556510925292969e-07,-1.957872211933136,-0.1957872211933136,1.000001072883606,-1.1379718780517578,1.1379718780517578,1.5151236709698424e-07,1.9411593675613403,3.7422289848327637,9.545440673828125,14.524325370788574,2.3459997177124023
835,163.34830668523045,13,-1.9576627016067505,-1.7881393432617188e-06,-1.9576609134674072,-0.19576609134674072,0.9999991059303284,-1.1379718780517578,1.1379718780517578,1.2805131177628937e-07,1.940912127494812,3.7408134937286377,9.54594612121582,14.524322509765625,2.3460311889648438
836,163.44949867492744,13,-1.9574511051177979,2.682209014892578e-06,-1.9574537873268127,-0.19574537873268127,0.9999992847442627,-1.1379718780517578,1.1379718780517578,1.322508325074523e-07,1.9406647682189941,3.7393975257873535,9.546451568603516,14.524324417114258,2.3460614681243896
837,163.55069557740356,13,-1.957242488861084,4.470348358154297e-06,-1.9572469592094421,-0.1957246959209442,1.0000020265579224,-1.1379719972610474,1.1379719972610474,2.038122204339743e-07,1.9404175281524658,3.7379813194274902,9.54694938659668,14.524322509765625,2.346090793609619
838,163.65189986654352,13,-1.9570356607437134,1.1920928955078125e-06,-1.9570368528366089,-0.1957036852836609,0.9999980926513672,-1.1379718780517578,1.1379718780517578,1.5151236709698424e-07,1.9401708841323853,3.7365639209747314,9.547446250915527,14.524324417114258,2.3461194038391113
839,163.75311037556602,13,-1.9568290710449219,-2.9206275939941406e-06,-1.9568261504173279,-0.1956826150417328,1.0000003576278687,-1.1379718780517578,1.1379718780517578,1.6531353708160168e-07,1.9399240016937256,3.735147476196289,9.54793930053711,14.524324417114258,2.346147060394287
840,163.85432527841428,13,-1.9566214084625244,2.682209014892578e-06,-1.9566240906715393,-0.19566240906715393,0.9999973177909851,-1.1379718780517578,1.1379718780517578,1.4786093061047723e-07,1.939677357673645,3.733731746673584,9.54842758178711,14.524320602416992,2.3461737632751465
841,163.95554904447403,13,-1.9564173221588135,1.7285346984863281e-06,-1.956419050693512,-0.1956419050693512,1.0000005960464478,-1.1379718780517578,1.1379718780517578,1.2805131177628937e-07,1.9394313097000122,3.7323145866394043,9.548913955688477,14.524324417114258,2.3461999893188477
842,164.0567772867932,13,-1.9562194347381592,-7.808208465576172e-06,-1.9562116265296936,-0.19562116265296936,0.9999980926513672,-1.1379718780517578,1.1379718780517578,1.3632103446070687e-07,1.9391855001449585,3.730900526046753,9.549397468566895,14.524320602416992,2.346224784851074
843,164.15801176144362,13,-1.9560136795043945,-2.6226043701171875e-06,-1.9560110569000244,-0.19560110569000244,0.9999982714653015,-1.1379718780517578,1.1379718780517578,1.322508325074523e-07,1.9389399290084839,3.7294840812683105,9.54987621307373,14.524322509765625,2.3462493419647217
844,164.2592509634895,13,-1.9558125734329224,0.0,-1.9558125734329224,-0.19558125734329224,0.9999983906745911,-1.1379718780517578,1.1379718780517578,1.6197353147617832e-07,1.9386950731277466,3.7280712127685547,9.550354957580566,14.524323463439941,2.3462729454040527
845,164.36049834882823,13,-1.9556102752685547,2.0265579223632812e-06,-1.955612301826477,-0.1955612301826477,0.9999969005584717,-1.1379718780517578,1.1379718780517578,1.6858739115832577e-07,1.9384498596191406,3.7266547679901123,9.550827980041504,14.524324417114258,2.3462955951690674
846,164.4617495654469,13,-1.9554123878479004,-5.960464477539063e-08,-1.9554123282432556,-0.19554123282432556,1.000002145767212,-1.1379719972610474,1.1379719972610474,1.7179887379370484e-07,1.9382051229476929,3.72524094581604,9.551298141479492,14.524322509765625,2.3463168144226074
847,164.56300834743004,13,-1.9552102088928223,4.231929779052734e-06,-1.9552144408226013,-0.19552144408226013,0.9999992847442627,-1.1379718780517578,1.1379718780517578,1.4027318684384227e-07,1.9379605054855347,3.723825216293335,9.551764488220215,14.524324417114258,2.3463377952575684
848,164.66427169878858,13,-1.9550158977508545,-1.7285346984863281e-06,-1.955014169216156,-0.1955014169216156,0.9999998211860657,-1.1379719972610474,1.1379719972610474,1.7804812557642435e-07,1.9377166032791138,3.722412586212158,9.552228927612305,14.524323463439941,2.346357822418213
849,164.7655413623755,13,-1.9548189640045166,1.7881393432617188e-06,-1.9548207521438599,-0.195482075214386,0.9999976754188538,-1.1379719972610474,1.1379719972610474,1.7804812557642435e-07,1.9374727010726929,3.7209978103637695,9.552687644958496,14.524323463439941,2.346376419067383
850,164.8668173900876,13,-1.9546252489089966,1.7881393432617188e-06,-1.9546270370483398,-0.19546270370483398,1.0000016689300537,-1.1379718780517578,1.1379718780517578,1.4027318684384227e-07,1.9372293949127197,3.719585657119751,9.553144454956055,14.524324417114258,2.3463947772979736
851,164.96809783046595,13,-1.954430103302002,3.814697265625e-06,-1.9544339179992676,-0.19544339179992676,1.0000001192092896,-1.1379718780517578,1.1379718780517578,1.7179887379370484e-07,1.9369858503341675,3.7181718349456787,9.553596496582031,14.524324417114258,2.346412181854248
852,165.0693853462397,13,-1.9542396068572998,-8.940696716308594e-07,-1.9542387127876282,-0.19542387127876282,0.9999989867210388,-1.1379718780517578,1.1379718780517578,1.6531353708160168e-07,1.9367426633834839,3.7167577743530273,9.554047584533691,14.524324417114258,2.346428871154785
853,165.17067781765235,13,-1.9540464878082275,3.2782554626464844e-06,-1.9540497660636902,-0.19540497660636902,1.0,-1.1379718780517578,1.1379718780517578,1.6858739115832577e-07,1.9364999532699585,3.715345859527588,9.55449390411377,14.524324417114258,2.3464441299438477
854,165.27197577198578,13,-1.953856348991394,1.4901161193847656e-06,-1.9538578391075134,-0.19538578391075134,1.0000016689300537,-1.1379718780517578,1.1379718780517578,1.6197353147617832e-07,1.9362576007843018,3.7139337062835693,9.554935455322266,14.524322509765625,2.346458911895752
855,165.37327869939253,13,-1.9536676406860352,-1.7285346984863281e-06,-1.9536659121513367,-0.19536659121513367,1.0000001192092896,-1.1379718780517578,1.1379718780517578,1.4027318684384227e-07,1.936015248298645,3.7125213146209717,9.555376052856445,14.524323463439941,2.34647274017334
856,165.47458900273085,13,-1.9534800052642822,5.364418029785156e-07,-1.9534805417060852,-0.19534805417060852,1.0000061988830566,-1.1379718780517578,1.1379718780517578,1.2805131177628937e-07,1.9357737302780151,3.711110830307007,9.55581283569336,14.524325370788574,2.3464858531951904
857,165.57590350564357,13,-1.9532933235168457,-8.344650268554688e-07,-1.9532924890518188,-0.19532924890518188,0.9999974966049194,-1.1379718780517578,1.1379718780517578,1.7804812557642435e-07,1.9355322122573853,3.709699869155884,9.556244850158691,14.524324417114258,2.3464975357055664
858,165.67722373825063,13,-1.9531104564666748,-3.337860107421875e-06,-1.9531071186065674,-0.19531071186065674,1.000000238418579,-1.1379719972610474,1.1379719972610474,1.6531353708160168e-07,1.935291051864624,3.7082905769348145,9.556673049926758,14.524322509765625,2.346508741378784
859,165.77854944375326,13,-1.9529229402542114,2.384185791015625e-06,-1.9529253244400024,-0.19529253244400024,1.0000022649765015,-1.1379718780517578,1.1379718780517578,1.3632103446070687e-07,1.935050129890442,3.706878423690796,9.557099342346191,14.524324417114258,2.3465194702148438
860,165.87988023164286,13,-1.9527363777160645,0.0,-1.9527363777160645,-0.19527363777160645,0.9999967813491821,-1.1379718780517578,1.1379718780517578,1.3632103446070687e-07,1.9348095655441284,3.705470561981201,9.55752182006836,14.524322509765625,2.3465287685394287
861,165.98121631401676,13,-1.9525569677352905,5.960464477539062e-07,-1.9525575637817383,-0.19525575637817383,1.0000007152557373,-1.1379719972610474,1.1379719972610474,1.6531353708160168e-07,1.934569239616394,3.7040605545043945,9.557940483093262,14.524322509765625,2.3465375900268555
862,166.08255873819826,13,-1.9523757696151733,-8.940696716308594e-07,-1.9523748755455017,-0.19523748755455017,1.0000008344650269,-1.1379719972610474,1.1379719972610474,2.4519960106772487e-07,1.9343293905258179,3.7026515007019043,9.558356285095215,14.524324417114258,2.346545457839966
863,166.1839061924344,13,-1.9521933794021606,-2.086162567138672e-06,-1.9521912932395935,-0.19521912932395935,1.0000035762786865,-1.1379718780517578,1.1379718780517578,1.7179887379370484e-07,1.9340897798538208,3.7012441158294678,9.558768272399902,14.524322509765625,2.3465521335601807
864,166.28525746941244,13,-1.9520153999328613,9.5367431640625e-07,-1.9520163536071777,-0.19520163536071777,0.9999989867210388,-1.1379718780517578,1.1379718780517578,1.983762558666058e-07,1.9338510036468506,3.699835777282715,9.55917739868164,14.524324417114258,2.346557855606079
865,166.38661420923978,13,-1.9518342018127441,2.1457672119140625e-06,-1.951836347579956,-0.1951836347579956,1.0,-1.1379718780517578,1.1379718780517578,1.983762558666058e-07,1.933611512184143,3.69842791557312,9.55958080291748,14.524324417114258,2.3465628623962402
866,166.48797748814206,13,-1.9516589641571045,1.8477439880371094e-06,-1.9516608119010925,-0.19516608119010925,0.9999982118606567,-1.1379719972610474,1.1379719972610474,2.496179831723566e-07,1.9333733320236206,3.6970221996307373,9.559983253479004,14.524323463439941,2.346567153930664
867,166.58934520917248,13,-1.9514822959899902,2.682209014892578e-06,-1.9514849781990051,-0.1951484978199005,0.9999983906745911,-1.1379718780517578,1.1379718780517578,1.322508325074523e-07,1.9331347942352295,3.6956145763397217,9.560379981994629,14.524324417114258,2.346569776535034
868,166.69071768065405,13,-1.9513088464736938,-2.086162567138672e-06,-1.9513067603111267,-0.19513067603111267,0.9999998211860657,-1.1379718780517578,1.1379718780517578,1.7495140980372526e-07,1.9328973293304443,3.694211006164551,9.560775756835938,14.524323463439941,2.3465731143951416
869,166.79209506353558,13,-1.9511353969573975,2.682209014892578e-06,-1.9511380791664124,-0.19511380791664124,1.0000008344650269,-1.1379718780517578,1.1379718780517578,1.4411699567062897e-07,1.9326597452163696,3.6928036212921143,9.561165809631348,14.524324417114258,2.346574306488037
870,166.89347857420304,13,-1.950961947441101,2.384185791015625e-06,-1.950964331626892,-0.1950964331626892,1.0000003576278687,-1.1379719972610474,1.1379719972610474,2.0111259857458208e-07,1.9324225187301636,3.6914007663726807,9.561554908752441,14.524322509765625,2.3465752601623535
871,166.9948664517038,13,-1.9507896900177002,2.682209014892578e-06,-1.950792372226715,-0.1950792372226715,0.9999991059303284,-1.1379718780517578,1.1379718780517578,1.6531353708160168e-07,1.9321852922439575,3.689995050430298,9.561936378479004,14.524324417114258,2.3465747833251953
872,167.0962593565395,13,-1.9506257772445679,-5.066394805908203e-06,-1.950620710849762,-0.1950620710849762,0.9999988675117493,-1.1379718780517578,1.1379718780517578,1.4786093061047723e-07,1.9319489002227783,3.6885929107666016,9.56231689453125,14.524322509765625,2.346573829650879
873,167.19765597434696,13,-1.950455904006958,1.1920928955078125e-06,-1.9504570960998535,-0.19504570960998535,0.9999998211860657,-1.1379718780517578,1.1379718780517578,1.6531353708160168e-07,1.9317131042480469,3.6871914863586426,9.56269359588623,14.524324417114258,2.346571683883667
874,167.29905941302596,13,-1.9502842426300049,2.980232238769531e-07,-1.9502845406532288,-0.19502845406532288,0.9999986886978149,-1.1379718780517578,1.1379718780517578,1.4027318684384227e-07,1.9314770698547363,3.6857874393463135,9.563066482543945,14.524324417114258,2.3465685844421387
875,167.40046698499646,13,-1.9501206874847412,-1.2516975402832031e-06,-1.950119435787201,-0.1950119435787201,0.9999980926513672,-1.1379718780517578,1.1379718780517578,1.6531353708160168e-07,1.9312421083450317,3.6843864917755127,9.563437461853027,14.524324417114258,2.346565008163452
876,167.50187878741045,13,-1.9499542713165283,2.1457672119140625e-06,-1.9499564170837402,-0.19499564170837402,0.9999998807907104,-1.1379719972610474,1.1379719972610474,1.9278705565284326e-07,1.9310071468353271,3.6829872131347656,9.563803672790527,14.524324417114258,2.3465607166290283
877,167.60329597502246,13,-1.9497889280319214,-2.384185791015625e-06,-1.9497865438461304,-0.19497865438461304,0.9999982714653015,-1.1379718780517578,1.1379718780517578,1.5151236709698424e-07,1.9307721853256226,3.6815850734710693,9.564164161682129,14.524324417114258,2.346554756164551
878,167.7047179309612,13,-1.94962477684021,1.1324882507324219e-06,-1.9496259093284607,-0.19496259093284607,1.0000042915344238,-1.1379718780517578,1.1379718780517578,1.9278705565284326e-07,1.9305381774902344,3.6801865100860596,9.564523696899414,14.524324417114258,2.346548557281494
879,167.80614352048994,13,-1.9494619369506836,2.7418136596679688e-06,-1.9494646787643433,-0.19494646787643433,1.000001311302185,-1.1379718780517578,1.1379718780517578,1.6531353708160168e-07,1.9303040504455566,3.6787896156311035,9.564879417419434,14.524324417114258,2.346541166305542
880,167.90757430424225,13,-1.9493019580841064,-8.940696716308594e-07,-1.9493010640144348,-0.19493010640144348,0.9999988079071045,-1.1379718780517578,1.1379718780517578,1.6858739115832577e-07,1.9300706386566162,3.6773910522460938,9.565229415893555,14.524324417114258,2.3465330600738525
881,168.00901130978986,13,-1.949146032333374,-5.0067901611328125e-06,-1.949141025543213,-0.1949141025543213,0.9999988079071045,-1.1379719972610474,1.1379719972610474,1.7495140980372526e-07,1.929837703704834,3.6759941577911377,9.56557846069336,14.524322509765625,2.3465240001678467
882,168.11045039396424,13,-1.9489827156066895,1.5497207641601562e-06,-1.9489842653274536,-0.19489842653274536,1.0000014305114746,-1.1379718780517578,1.1379718780517578,1.4786093061047723e-07,1.9296050071716309,3.674598217010498,9.565923690795898,14.524325370788574,2.346513509750366
883,168.21189612331247,13,-1.948828935623169,1.5497207641601562e-06,-1.948830485343933,-0.1948830485343933,0.9999988079071045,-1.1379718780517578,1.1379718780517578,1.322508325074523e-07,1.9293723106384277,3.673201084136963,9.566263198852539,14.524322509765625,2.3465030193328857
884,168.31334436737507,13,-1.9486713409423828,-3.2782554626464844e-06,-1.9486680626869202,-0.19486680626869202,0.9999997019767761,-1.1379718780517578,1.1379718780517578,1.5151236709698424e-07,1.929140567779541,3.6718080043792725,9.566600799560547,14.524324417114258,2.3464913368225098
885,168.41479829513716,13,-1.9485127925872803,2.384185791015625e-06,-1.9485151767730713,-0.19485151767730713,0.9999966621398926,-1.1379718780517578,1.1379718780517578,1.6858739115832577e-07,1.9289090633392334,3.6704134941101074,9.566933631896973,14.524325370788574,2.3464787006378174
886,168.51625660244883,13,-1.948360800743103,-2.980232238769531e-07,-1.9483605027198792,-0.19483605027198792,0.9999992847442627,-1.1379718780517578,1.1379718780517578,1.7179887379370484e-07,1.9286774396896362,3.6690194606781006,9.567264556884766,14.524325370788574,2.3464653491973877
887,168.61771888648073,13,-1.9482064247131348,-1.4901161193847656e-06,-1.9482049345970154,-0.19482049345970154,1.0000007152557373,-1.1379718780517578,1.1379718780517578,1.6197353147617832e-07,1.9284471273422241,3.6676270961761475,9.56759262084961,14.524324417114258,2.3464503288269043
888,168.71918524853032,13,-1.948055624961853,8.940696716308594e-07,-1.9480565190315247,-0.19480565190315247,1.0000008344650269,-1.1379718780517578,1.1379718780517578,1.5856318213991472e-07,1.9282164573669434,3.6662352085113525,9.567913055419922,14.524324417114258,2.346435308456421
889,168.8206567510055,13,-1.9479066133499146,-4.172325134277344e-06,-1.9479024410247803,-0.19479024410247803,1.0000016689300537,-1.1379718780517578,1.1379718780517578,1.55077842123319e-07,1.9279863834381104,3.664843797683716,9.568231582641602,14.524324417114258,2.346419095993042
890,168.92213139747145,13,-1.947756052017212,6.556510925292969e-07,-1.9477567076683044,-0.19477567076683044,1.0,-1.1379718780517578,1.1379718780517578,1.5856318213991472e-07,1.9277571439743042,3.6634552478790283,9.568546295166016,14.524324417114258,2.346402168273926
891,169.02361146220142,13,-1.9476079940795898,5.960464477539062e-07,-1.9476085901260376,-0.19476085901260376,1.000001072883606,-1.1379718780517578,1.1379718780517578,1.5151236709698424e-07,1.9275281429290771,3.6620655059814453,9.56885814666748,14.524325370788574,2.346383810043335
892,169.1250952099106,13,-1.9474619626998901,1.4901161193847656e-06,-1.9474634528160095,-0.19474634528160095,1.000001311302185,-1.1379718780517578,1.1379718780517578,1.4411699567062897e-07,1.9272992610931396,3.660677671432495,9.56916618347168,14.524324417114258,2.346365451812744
893,169.22658353790484,13,-1.947295904159546,3.933906555175781e-06,-1.947299838066101,-0.1947299838066101,1.0000007152557373,-1.1379718780517578,1.1379718780517578,1.7179887379370484e-07,1.9270708560943604,3.659290075302124,9.569472312927246,14.524324417114258,2.3463449478149414
894,169.32807516461074,13,-1.947129726409912,-1.5497207641601562e-06,-1.947128176689148,-0.1947128176689148,0.9999996423721313,-1.1379718780517578,1.1379718780517578,1.096565966918206e-07,1.9268430471420288,3.6579034328460693,9.569769859313965,14.524322509765625,2.3463242053985596
895,169.429571671374,13,-1.9469585418701172,9.5367431640625e-07,-1.9469594955444336,-0.19469594955444336,1.0000007152557373,-1.1379718780517578,1.1379718780517578,1.6858739115832577e-07,1.926615595817566,3.6565189361572266,9.570067405700684,14.524324417114258,2.3463027477264404
896,169.53107203225218,13,-1.9467931985855103,-2.9802322387695312e-06,-1.9467902183532715,-0.19467902183532715,0.9999998807907104,-1.1379718780517578,1.1379718780517578,9.91881279333029e-08,1.9263883829116821,3.6551339626312256,9.570359230041504,14.524322509765625,2.3462798595428467
897,169.63257573461073,13,-1.9466314315795898,-3.933906555175781e-06,-1.9466274976730347,-0.19466274976730347,0.9999959468841553,-1.1379718780517578,1.1379718780517578,1.1453258252913656e-07,1.9261621236801147,3.653750419616699,9.570649147033691,14.524322509765625,2.346257209777832
898,169.73408359893966,13,-1.9464621543884277,-9.5367431640625e-07,-1.9464612007141113,-0.19464612007141113,0.9999998211860657,-1.1379718780517578,1.1379718780517578,1.5151236709698424e-07,1.925935983657837,3.6523683071136475,9.57093620300293,14.524322509765625,2.3462328910827637
899,169.83559650187667,13,-1.9462921619415283,-1.430511474609375e-06,-1.9462907314300537,-0.19462907314300537,1.0000008344650269,-1.1379718780517578,1.1379718780517578,1.5151236709698424e-07,1.9257102012634277,3.6509861946105957,9.571215629577637,14.524324417114258,2.346207618713379
900,169.93711197303338,13,-1.9461345672607422,1.1920928955078125e-06,-1.9461357593536377,-0.19461357593536377,0.9999988079071045,-1.1379719972610474,1.1379719972610474,2.1170463071484846e-07,1.9254848957061768,3.6496047973632812,9.571494102478027,14.524325370788574,2.3461813926696777
901,170.03863101776506,13,-1.9459762573242188,-3.516674041748047e-06,-1.945972740650177,-0.1945972740650177,1.0,-1.1379718780517578,1.1379718780517578,1.5856318213991472e-07,1.9252598285675049,3.6482248306274414,9.571767807006836,14.524322509765625,2.346153736114502
902,170.14015503708595,13,-1.9458180665969849,2.980232238769531e-07,-1.9458183646202087,-0.19458183646202087,1.000000238418579,-1.1379719972610474,1.1379719972610474,2.038122204339743e-07,1.9250359535217285,3.64684796333313,9.572038650512695,14.524324417114258,2.3461272716522217
903,170.24168214610597,13,-1.9456541538238525,2.086162567138672e-06,-1.9456562399864197,-0.19456562399864197,1.0000033378601074,-1.1379718780517578,1.1379718780517578,1.6197353147617832e-07,1.9248117208480835,3.6454691886901855,9.572305679321289,14.524325370788574,2.346097946166992
904,170.34321411828282,13,-1.945502519607544,5.364418029785156e-07,-1.945503056049347,-0.1945503056049347,0.9999991655349731,-1.1379719972610474,1.1379719972610474,1.9560161490517203e-07,1.9245883226394653,3.6440935134887695,9.572568893432617,14.524323463439941,2.3460686206817627
905,170.44474828485582,13,-1.945345401763916,-5.960464477539062e-07,-1.9453448057174683,-0.19453448057174683,1.000001311302185,-1.1379718780517578,1.1379718780517578,2.038122204339743e-07,1.9243651628494263,3.6427183151245117,9.57282829284668,14.524323463439941,2.3460376262664795
906,170.54628766588885,13,-1.9451886415481567,8.940696716308594e-07,-1.9451895356178284,-0.19451895356178284,0.9999971985816956,-1.1379718780517578,1.1379718780517578,1.9560161490517203e-07,1.9241429567337036,3.6413440704345703,9.573083877563477,14.524324417114258,2.346005916595459
907,170.6478290721562,13,-1.9450396299362183,-2.980232238769531e-07,-1.9450393319129944,-0.19450393319129944,1.000000238418579,-1.1379718780517578,1.1379718780517578,1.6197353147617832e-07,1.9239208698272705,3.639970541000366,9.573334693908691,14.524324417114258,2.3459815979003906
908,170.7493746135054,13,-1.944889783859253,-6.556510925292969e-07,-1.9448891282081604,-0.19448891282081604,1.0000022649765015,-1.1379718780517578,1.1379718780517578,1.4027318684384227e-07,1.9236986637115479,3.638596534729004,9.573582649230957,14.524324417114258,2.345963954925537
909,170.85092400330927,13,-1.944735050201416,3.2782554626464844e-06,-1.9447383284568787,-0.19447383284568787,0.9999988675117493,-1.1379719972610474,1.1379719972610474,1.8109190591530933e-07,1.9234777688980103,3.6372265815734863,9.573827743530273,14.524324417114258,2.345945119857788
910,170.95247666044045,13,-1.9445884227752686,2.086162567138672e-06,-1.9445905089378357,-0.19445905089378357,0.9999976754188538,-1.1379718780517578,1.1379718780517578,1.096565966918206e-07,1.9232571125030518,3.6358566284179688,9.574065208435059,14.524322509765625,2.3459255695343018
911,171.05403280571804,13,-1.944437026977539,3.5762786865234375e-06,-1.9444406032562256,-0.19444406032562256,0.9999972581863403,-1.1379719972610474,1.1379719972610474,1.9278705565284326e-07,1.923037052154541,3.634488105773926,9.574302673339844,14.524323463439941,2.3459057807922363
912,171.15559192835798,13,-1.9442987442016602,0.0,-1.9442987442016602,-0.19442987442016602,0.9999983906745911,-1.1379718780517578,1.1379718780517578,1.2805131177628937e-07,1.9228169918060303,3.633120059967041,9.574535369873047,14.524324417114258,2.3458845615386963
913,171.25715510036326,13,-1.9441535472869873,5.960464477539063e-08,-1.944153606891632,-0.1944153606891632,1.0000019073486328,-1.1379718780517578,1.1379718780517578,1.2805131177628937e-07,1.922597885131836,3.631753921508789,9.574764251708984,14.524324417114258,2.34586238861084
914,171.35872153110324,13,-1.944008469581604,-1.7881393432617188e-06,-1.9440066814422607,-0.19440066814422607,0.9999992251396179,-1.1379718780517578,1.1379718780517578,9.91881279333029e-08,1.9223787784576416,3.630388021469116,9.574987411499023,14.524322509765625,2.345838785171509
915,171.4602910538914,13,-1.9438666105270386,-8.940696716308594e-07,-1.943865716457367,-0.1943865716457367,1.000000238418579,-1.1379718780517578,1.1379718780517578,1.5151236709698424e-07,1.9221606254577637,3.629025459289551,9.575209617614746,14.524327278137207,2.3458151817321777
916,171.5618643868628,13,-1.9437265396118164,-4.76837158203125e-06,-1.9437217712402344,-0.19437217712402344,0.9999983310699463,-1.1379718780517578,1.1379718780517578,1.6858739115832577e-07,1.9219430685043335,3.627662181854248,9.575428009033203,14.524325370788574,2.3457908630371094
917,171.66344040253858,13,-1.9435856342315674,-3.337860107421875e-06,-1.94358229637146,-0.194358229637146,0.9999995231628418,-1.1379719972610474,1.1379719972610474,1.8109190591530933e-07,1.9217253923416138,3.6262998580932617,9.575640678405762,14.524323463439941,2.345764398574829
918,171.7650199387964,13,-1.9434502124786377,-4.708766937255859e-06,-1.9434455037117004,-0.19434455037117004,1.000000238418579,-1.1379718780517578,1.1379718780517578,1.4411699567062897e-07,1.9215086698532104,3.624939203262329,9.575850486755371,14.524324417114258,2.3457374572753906
919,171.86660205779944,13,-1.9433119297027588,-1.1324882507324219e-06,-1.943310797214508,-0.1943310797214508,0.999999463558197,-1.1379719972610474,1.1379719972610474,2.1170463071484846e-07,1.9212925434112549,3.6235806941986084,9.576056480407715,14.524322509765625,2.345710515975952
920,171.9681874198503,13,-1.9431719779968262,3.516674041748047e-06,-1.943175494670868,-0.1943175494670868,1.0000020265579224,-1.1379719972610474,1.1379719972610474,1.9560161490517203e-07,1.9210765361785889,3.622220754623413,9.576257705688477,14.524325370788574,2.34568190574646
921,172.06977632465893,13,-1.9430413246154785,-1.430511474609375e-06,-1.943039894104004,-0.1943039894104004,1.0000007152557373,-1.1379719972610474,1.1379719972610474,1.9560161490517203e-07,1.9208611249923706,3.6208648681640625,9.576456069946289,14.524323463439941,2.3456521034240723
922,172.17136888045104,13,-1.9429066181182861,3.5762786865234375e-07,-1.9429069757461548,-0.19429069757461548,1.000001072883606,-1.1379718780517578,1.1379718780517578,1.983762558666058e-07,1.9206467866897583,3.6195101737976074,9.576650619506836,14.524324417114258,2.3456223011016846
923,172.27296280623952,13,-1.9427707195281982,7.808208465576172e-06,-1.9427785277366638,-0.19427785277366638,0.9999980926513672,-1.1379718780517578,1.1379718780517578,1.7804812557642435e-07,1.920432209968567,3.6181557178497314,9.576839447021484,14.524324417114258,2.345590591430664
924,172.37456080306254,13,-1.94264554977417,-5.364418029785156e-07,-1.942645013332367,-0.1942645013332367,1.0000007152557373,-1.1379718780517578,1.1379718780517578,1.1920928955078125e-07,1.9202182292938232,3.616802215576172,9.577025413513184,14.524324417114258,2.3455581665039062
925,172.47616110215543,13,-1.9425179958343506,-5.364418029785156e-07,-1.9425174593925476,-0.19425174593925476,0.9999956488609314,-1.1379718780517578,1.1379718780517578,1.4027318684384227e-07,1.920005202293396,3.6154520511627197,9.577210426330566,14.524324417114258,2.3455252647399902
926,172.5777646216098,13,-1.9423866271972656,-2.980232238769531e-07,-1.9423863291740417,-0.19423863291740417,1.0000020265579224,-1.1379718780517578,1.1379718780517578,1.4027318684384227e-07,1.9197922945022583,3.614100933074951,9.577386856079102,14.524322509765625,2.3454911708831787
927,172.6793715087043,13,-1.9422581195831299,1.8477439880371094e-06,-1.942259967327118,-0.1942259967327118,0.9999980330467224,-1.1379719972610474,1.1379719972610474,1.9560161490517203e-07,1.9195799827575684,3.6127524375915527,9.57756233215332,14.524322509765625,2.345456123352051
928,172.78098009260395,13,-1.9421368837356567,-5.960464477539062e-07,-1.942136287689209,-0.1942136287689209,1.0000007152557373,-1.1379718780517578,1.1379718780517578,1.4786093061047723e-07,1.9193682670593262,3.6114041805267334,9.577733039855957,14.524324417114258,2.3454198837280273
929,172.8825923842278,13,-1.942010521888733,1.1920928955078125e-06,-1.9420117139816284,-0.19420117139816284,0.9999992251396179,-1.1379718780517578,1.1379718780517578,1.1920928955078125e-07,1.9191571474075317,3.6100590229034424,9.577899932861328,14.524323463439941,2.345383405685425
930,172.984206725869,13,-1.9418909549713135,-2.3245811462402344e-06,-1.9418886303901672,-0.19418886303901672,0.9999976754188538,-1.1379719972610474,1.1379719972610474,1.4411699567062897e-07,1.9189465045928955,3.6087148189544678,9.578063011169434,14.524320602416992,2.3453457355499268
931,173.0858251042116,13,-1.9417697191238403,-8.940696716308594e-07,-1.9417688250541687,-0.19417688250541687,1.0000003576278687,-1.1379718780517578,1.1379718780517578,1.5151236709698424e-07,1.9187366962432861,3.6073718070983887,9.57822322845459,14.524324417114258,2.3453071117401123
932,173.1874448106622,13,-1.9416532516479492,-6.556510925292969e-07,-1.9416525959968567,-0.19416525959968567,0.9999991655349731,-1.1379718780517578,1.1379718780517578,1.4027318684384227e-07,1.918527364730835,3.6060307025909424,9.578378677368164,14.524324417114258,2.3452675342559814
933,173.28906713983588,13,-1.9415333271026611,-1.7285346984863281e-06,-1.9415315985679626,-0.19415315985679626,1.0000014305114746,-1.1379718780517578,1.1379718780517578,1.6197353147617832e-07,1.9183180332183838,3.6046905517578125,9.578530311584473,14.524324417114258,2.345226764678955
934,173.39069280611133,13,-1.9414196014404297,-3.5762786865234375e-07,-1.941419243812561,-0.1941419243812561,0.999999463558197,-1.1379718780517578,1.1379718780517578,1.4411699567062897e-07,1.9181092977523804,3.6033504009246826,9.578676223754883,14.524322509765625,2.3451852798461914
935,173.49232011235893,13,-1.94130539894104,-2.086162567138672e-06,-1.941303312778473,-0.1941303312778473,1.0000003576278687,-1.1379718780517578,1.1379718780517578,1.6858739115832577e-07,1.917901873588562,3.6020140647888184,9.57882022857666,14.524324417114258,2.3451435565948486
936,173.5939499765186,13,-1.9411855936050415,0.0,-1.9411855936050415,-0.19411855936050415,0.9999977350234985,-1.1379718780517578,1.1379718780517578,1.55077842123319e-07,1.917694091796875,3.600677013397217,9.578959465026855,14.524323463439941,2.345099449157715
937,173.69558345251266,13,-1.9410747289657593,8.940696716308594e-07,-1.941075623035431,-0.1941075623035431,1.000001072883606,-1.1379718780517578,1.1379718780517578,1.4027318684384227e-07,1.9174872636795044,3.5993411540985107,9.579094886779785,14.524324417114258,2.345055103302002
938,173.79721844667097,13,-1.940964698791504,-8.344650268554688e-07,-1.940963864326477,-0.1940963864326477,1.000001072883606,-1.1379718780517578,1.1379718780517578,1.6858739115832577e-07,1.917280912399292,3.598011016845703,9.579227447509766,14.524323463439941,2.345010280609131
939,173.89885640470933,13,-1.9408526420593262,3.5762786865234375e-07,-1.9408529996871948,-0.19408529996871948,0.9999991655349731,-1.1379718780517578,1.1379718780517578,1.096565966918206e-07,1.9170749187469482,3.5966784954071045,9.579352378845215,14.524322509765625,2.3449642658233643
940,174.00049604503462,13,-1.9407439231872559,-1.1920928955078125e-06,-1.9407427310943604,-0.19407427310943604,1.0000005960464478,-1.1379718780517578,1.1379718780517578,1.0455346455273684e-07,1.9168696403503418,3.5953471660614014,9.579477310180664,14.524322509765625,2.344917058944702
941,174.10213829753062,13,-1.9406399726867676,-1.2516975402832031e-06,-1.9406387209892273,-0.19406387209892273,1.0000004768371582,-1.1379718780517578,1.1379718780517578,1.3632103446070687e-07,1.9166653156280518,3.5940210819244385,9.579598426818848,14.524322509765625,2.3448691368103027
942,174.2037823454849,13,-1.9405338764190674,-4.5299530029296875e-06,-1.9405293464660645,-0.19405293464660645,1.0000011920928955,-1.1379719972610474,1.1379719972610474,1.4786093061047723e-07,1.91646146774292,3.5926945209503174,9.579713821411133,14.524322509765625,2.344820499420166
943,174.30542867532384,13,-1.9404277801513672,5.364418029785156e-07,-1.9404283165931702,-0.19404283165931702,1.0000004768371582,-1.1379719972610474,1.1379719972610474,2.0910692910547368e-07,1.9162580966949463,3.5913681983947754,9.579825401306152,14.524324417114258,2.344770669937134
944,174.40707830452962,13,-1.9403245449066162,1.8477439880371094e-06,-1.9403263926506042,-0.19403263926506042,0.9999986886978149,-1.1379718780517578,1.1379718780517578,1.983762558666058e-07,1.9160549640655518,3.5900442600250244,9.579934120178223,14.524323463439941,2.344719886779785
945,174.50872890641932,13,-1.9402194023132324,1.4901161193847656e-06,-1.9402208924293518,-0.19402208924293518,0.9999991655349731,-1.1379718780517578,1.1379718780517578,1.4027318684384227e-07,1.9158527851104736,3.5887229442596436,9.580039024353027,14.524325370788574,2.344668388366699
946,174.61038244888672,13,-1.940116286277771,3.5762786865234375e-06,-1.9401198625564575,-0.19401198625564575,1.0,-1.1379718780517578,1.1379718780517578,1.8109190591530933e-07,1.9156512022018433,3.5874035358428955,9.580138206481934,14.52433967590332,2.344616174697876
947,174.7120378004987,13,-1.9400229454040527,-4.708766937255859e-06,-1.9400182366371155,-0.19400182366371155,0.9999991655349731,-1.1379718780517578,1.1379718780517578,1.3632103446070687e-07,1.915449857711792,3.58608341217041,9.580233573913574,14.525032043457031,2.344562292098999
948,174.81369482525056,13,-1.9399315118789673,-2.9802322387695312e-06,-1.9399285316467285,-0.19399285316467285,1.0000029802322388,-1.1379718780517578,1.1379718780517578,1.55077842123319e-07,1.9152495861053467,3.584768056869507,9.580326080322266,14.525699615478516,2.344507932662964
949,174.9153543833807,13,-1.9398269653320312,-5.960464477539063e-08,-1.9398269057273865,-0.19398269057273865,1.0000008344650269,-1.1379718780517578,1.1379718780517578,1.7179887379370484e-07,1.9150493144989014,3.583451509475708,9.580412864685059,14.526334762573242,2.344452381134033
950,175.01701566001077,13,-1.9397387504577637,-6.616115570068359e-06,-1.9397321343421936,-0.19397321343421936,1.0,-1.1379718780517578,1.1379718780517578,1.2805131177628937e-07,1.9148496389389038,3.5821359157562256,9.580497741699219,14.52695083618164,2.3443961143493652
951,175.1186788679967,13,-1.939640998840332,2.9206275939941406e-06,-1.939643919467926,-0.1939643919467926,0.9999983906745911,-1.1379718780517578,1.1379718780517578,1.7179887379370484e-07,1.9146511554718018,3.580824375152588,9.580577850341797,14.527541160583496,2.34433913230896
952,175.22034345314052,13,-1.9395503997802734,-6.556510925292969e-07,-1.939549744129181,-0.1939549744129181,0.9999988675117493,-1.1379718780517578,1.1379718780517578,1.9278705565284326e-07,1.9144530296325684,3.579514980316162,9.58065414428711,14.528101921081543,2.3442816734313965
953,175.3220108157151,13,-1.9394594430923462,5.960464477539062e-07,-1.939460039138794,-0.1939460039138794,1.000001311302185,-1.1379718780517578,1.1379718780517578,2.0647654253025394e-07,1.9142553806304932,3.5782060623168945,9.580727577209473,14.528642654418945,2.344222068786621
954,175.42367931528767,13,-1.9393664598464966,2.682209014892578e-06,-1.9393691420555115,-0.19393691420555115,0.999999463558197,-1.1379718780517578,1.1379718780517578,1.5151236709698424e-07,1.9140580892562866,3.5768988132476807,9.580795288085938,14.529147148132324,2.3441624641418457
955,175.52534916013076,13,-1.9392786026000977,2.384185791015625e-07,-1.9392788410186768,-0.19392788410186768,0.9999993443489075,-1.1379718780517578,1.1379718780517578,1.8109190591530933e-07,1.9138619899749756,3.5755932331085205,9.58085823059082,14.529626846313477,2.3441007137298584
956,175.62702166655427,13,-1.9391930103302002,4.76837158203125e-06,-1.9391977787017822,-0.19391977787017822,1.0000008344650269,-1.1379718780517578,1.1379718780517578,2.1170463071484846e-07,1.9136658906936646,3.574289560317993,9.58091926574707,14.530085563659668,2.3440396785736084
957,175.72869559360532,13,-1.9391095638275146,2.086162567138672e-06,-1.9391116499900818,-0.19391116499900818,0.9999996423721313,-1.1379718780517578,1.1379718780517578,1.7804812557642435e-07,1.9134712219238281,3.572988271713257,9.580976486206055,14.530515670776367,2.3439769744873047
958,175.83037093171646,13,-1.9390251636505127,-1.7285346984863281e-06,-1.9390234351158142,-0.19390234351158142,1.0000001192092896,-1.1379718780517578,1.1379718780517578,1.5151236709698424e-07,1.9132760763168335,3.571687698364258,9.58102798461914,14.530919075012207,2.3439130783081055
959,175.93204839328183,13,-1.938943862915039,-8.940696716308594e-07,-1.9389429688453674,-0.19389429688453674,0.9999997019767761,-1.1379718780517578,1.1379718780517578,1.7804812557642435e-07,1.9130823612213135,3.5703907012939453,9.581075668334961,14.531294822692871,2.34384822845459
960,176.03372721364227,13,-1.9388628005981445,-1.4901161193847656e-06,-1.9388613104820251,-0.19388613104820251,1.000001072883606,-1.1379718780517578,1.1379718780517578,1.6858739115832577e-07,1.9128893613815308,3.569094181060791,9.581121444702148,14.531645774841309,2.343782901763916
961,176.13540698662487,13,-1.9387835264205933,-2.086162567138672e-06,-1.9387814402580261,-0.1938781440258026,1.0000005960464478,-1.1379718780517578,1.1379718780517578,1.5856318213991472e-07,1.9126965999603271,3.5677995681762695,9.581159591674805,14.531966209411621,2.343716621398926
962,176.23708850232077,13,-1.9387028217315674,1.1324882507324219e-06,-1.9387039542198181,-0.1938703954219818,1.000001311302185,-1.1379718780517578,1.1379718780517578,1.8703092052874126e-07,1.9125043153762817,3.5665059089660645,9.581196784973145,14.53226375579834,2.343649387359619
963,176.3387720572502,13,-1.9386229515075684,8.344650268554688e-07,-1.9386237859725952,-0.19386237859725952,0.999997079372406,-1.1379718780517578,1.1379718780517578,1.7179887379370484e-07,1.9123133420944214,3.565215587615967,9.581229209899902,14.532535552978516,2.343580484390259
964,176.44045645461543,13,-1.9385528564453125,1.1920928955078125e-06,-1.938554048538208,-0.1938554048538208,0.9999980330467224,-1.1379718780517578,1.1379718780517578,1.8408536561764777e-07,1.9121218919754028,3.5639257431030273,9.581256866455078,14.532777786254883,2.3435115814208984
965,176.54214257203932,13,-1.9384735822677612,5.364418029785156e-06,-1.938478946685791,-0.1938478946685791,1.0000019073486328,-1.1379718780517578,1.1379718780517578,1.3632103446070687e-07,1.9119317531585693,3.5626378059387207,9.581279754638672,14.53299331665039,2.343441963195801
966,176.6438292516362,13,-1.938408374786377,-5.960464477539063e-08,-1.9384083151817322,-0.19384083151817322,0.9999997019767761,-1.1379718780517578,1.1379718780517578,1.6197353147617832e-07,1.9117425680160522,3.5613536834716797,9.58130168914795,14.533185958862305,2.3433706760406494
967,176.74551807735176,13,-1.9383341073989868,-2.980232238769531e-07,-1.938333809375763,-0.1938333809375763,1.000001072883606,-1.1379718780517578,1.1379718780517578,1.5856318213991472e-07,1.9115532636642456,3.5600690841674805,9.581316947937012,14.533344268798828,2.3432984352111816
968,176.8472078549337,13,-1.9382646083831787,1.5497207641601562e-06,-1.9382661581039429,-0.1938266158103943,1.0000015497207642,-1.1379719972610474,1.1379719972610474,1.899308017527801e-07,1.911365270614624,3.5587880611419678,9.581328392028809,14.53348445892334,2.3432257175445557
969,176.9488988639202,13,-1.9381978511810303,-1.430511474609375e-06,-1.9381964206695557,-0.19381964206695557,1.0000004768371582,-1.1379718780517578,1.1379718780517578,1.322508325074523e-07,1.911177396774292,3.5575077533721924,9.58133602142334,14.533591270446777,2.343151569366455
970,177.05059121641742,13,-1.9381272792816162,1.7881393432617188e-06,-1.9381290674209595,-0.19381290674209595,0.9999982118606567,-1.1379719972610474,1.1379719972610474,2.5179807039421576e-07,1.9109904766082764,3.5562305450439453,9.581340789794922,14.533671379089355,2.343076705932617
971,177.1522844864499,13,-1.9380652904510498,2.980232238769531e-07,-1.9380655884742737,-0.19380655884742737,0.9999987483024597,-1.1379718780517578,1.1379718780517578,1.6197353147617832e-07,1.9108039140701294,3.554953098297119,9.581339836120605,14.533722877502441,2.343001365661621
972,177.25397888445178,13,-1.9380006790161133,-3.635883331298828e-06,-1.937997043132782,-0.1937997043132782,0.9999993443489075,-1.1379718780517578,1.1379718780517578,1.7495140980372526e-07,1.9106190204620361,3.5536813735961914,9.581337928771973,14.533758163452148,2.3429250717163086
973,177.35567459240258,13,-1.9379371404647827,-5.960464477539062e-07,-1.937936544418335,-0.1937936544418335,0.9999983310699463,-1.1379718780517578,1.1379718780517578,1.8408536561764777e-07,1.9104335308074951,3.552408456802368,9.581328392028809,14.533757209777832,2.3428471088409424
974,177.45737044221912,13,-1.937875509262085,-5.960464477539063e-08,-1.9378754496574402,-0.19378754496574402,0.9999991655349731,-1.1379718780517578,1.1379718780517578,1.6197353147617832e-07,1.9102486371994019,3.551138401031494,9.581315994262695,14.533732414245605,2.342768669128418
975,177.55906802703342,13,-1.9378161430358887,8.940696716308594e-07,-1.9378170371055603,-0.19378170371055603,0.9999987483024597,-1.1379719972610474,1.1379719972610474,2.3143896044075518e-07,1.9100652933120728,3.549870014190674,9.581299781799316,14.53368091583252,2.3426895141601562
976,177.66076688105957,13,-1.9377562999725342,6.198883056640625e-06,-1.9377624988555908,-0.19377624988555908,1.0000008344650269,-1.1379718780517578,1.1379718780517578,1.2370932722660655e-07,1.9098823070526123,3.548604965209961,9.581279754638672,14.533605575561523,2.342609167098999
977,177.76246648578018,13,-1.9376959800720215,1.2516975402832031e-06,-1.9376972317695618,-0.19376972317695618,1.0000020265579224,-1.1379719972610474,1.1379719972610474,1.8109190591530933e-07,1.9097002744674683,3.5473406314849854,9.581254959106445,14.533496856689453,2.3425281047821045
978,177.86416621193723,13,-1.9376426935195923,0.0,-1.9376426935195923,-0.19376426935195923,0.9999995231628418,-1.1379718780517578,1.1379718780517578,1.7495140980372526e-07,1.9095180034637451,3.5460777282714844,9.58122730255127,14.53335952758789,2.3424458503723145
979,177.96586730385985,13,-1.937589406967163,2.6226043701171875e-06,-1.9375920295715332,-0.19375920295715332,0.9999958276748657,-1.1379719972610474,1.1379719972610474,1.8408536561764777e-07,1.9093371629714966,3.544818878173828,9.581193923950195,14.53320598602295,2.342362642288208
980,178.06756905668627,13,-1.937544584274292,-5.364418029785156e-07,-1.937544047832489,-0.1937544047832489,1.0000019073486328,-1.1379718780517578,1.1379718780517578,1.55077842123319e-07,1.9091567993164062,3.54356050491333,9.581159591674805,14.533016204833984,2.3422789573669434
981,178.16927172643153,13,-1.9375016689300537,5.960464477539063e-08,-1.9375017285346985,-0.19375017285346985,0.9999982118606567,-1.1379718780517578,1.1379718780517578,1.4786093061047723e-07,1.9089770317077637,3.542304277420044,9.5811185836792,14.532804489135742,2.342193841934204
982,178.27097481822068,13,-1.9374579191207886,0.0,-1.9374579191207886,-0.19374579191207886,1.0000026226043701,-1.1379718780517578,1.1379718780517578,1.322508325074523e-07,1.9087979793548584,3.541050434112549,9.581072807312012,14.532564163208008,2.3421072959899902
983,178.37267841937322,13,-1.937415599822998,2.086162567138672e-06,-1.9374176859855652,-0.19374176859855652,0.9999985098838806,-1.1379718780517578,1.1379718780517578,1.6197353147617832e-07,1.9086196422576904,3.539799451828003,9.581025123596191,14.532293319702148,2.3420209884643555
984,178.47438297630066,13,-1.9373807907104492,-2.1457672119140625e-06,-1.9373786449432373,-0.19373786449432373,1.0000029802322388,-1.1379718780517578,1.1379718780517578,1.096565966918206e-07,1.9084417819976807,3.5385494232177734,9.58096981048584,14.531996726989746,2.341932773590088
985,178.57608857194631,13,-1.9373419284820557,-1.7285346984863281e-06,-1.9373401999473572,-0.19373401999473572,0.9999980926513672,-1.1379719972610474,1.1379719972610474,2.1427084107017436e-07,1.9082653522491455,3.5373024940490723,9.580915451049805,14.531679153442383,2.3418447971343994
986,178.67779393829719,13,-1.9373035430908203,2.682209014892578e-06,-1.9373062252998352,-0.19373062252998352,1.0000019073486328,-1.1379718780517578,1.1379718780517578,1.55077842123319e-07,1.9080886840820312,3.5360565185546875,9.580854415893555,14.531325340270996,2.341754913330078
987,178.779500154409,13,-1.937269926071167,-4.5299530029296875e-06,-1.937265396118164,-0.1937265396118164,0.9999985098838806,-1.1379718780517578,1.1379718780517578,1.322508325074523e-07,1.9079132080078125,3.5348141193389893,9.580789566040039,14.530948638916016,2.3416645526885986
988,178.88120657615366,13,-1.9372334480285645,-1.7285346984863281e-06,-1.937231719493866,-0.1937231719493866,1.0000003576278687,-1.1379718780517578,1.1379718780517578,1.3632103446070687e-07,1.9077385663986206,3.5335724353790283,9.580719947814941,14.530545234680176,2.3415729999542236
989,178.98291425855604,13,-1.9372010231018066,6.854534149169922e-06,-1.9372078776359558,-0.19372078776359558,0.9999998807907104,-1.1379719972610474,1.1379719972610474,2.038122204339743e-07,1.9075640439987183,3.532334089279175,9.580646514892578,14.530115127563477,2.3414807319641113
990,179.08462117128275,13,-1.9371697902679443,4.112720489501953e-06,-1.9371739029884338,-0.19371739029884338,1.0000008344650269,-1.1379718780517578,1.1379718780517578,1.899308017527801e-07,1.907390832901001,3.531097412109375,9.580570220947266,14.529658317565918,2.3413872718811035
991,179.18632905033516,13,-1.9371426105499268,-2.682209014892578e-06,-1.9371399283409119,-0.1937139928340912,0.9999986886978149,-1.1379718780517578,1.1379718780517578,1.096565966918206e-07,1.9072177410125732,3.529862880706787,9.580488204956055,14.5291748046875,2.3412928581237793
992,179.28803729960808,13,-1.9371142387390137,-1.7285346984863281e-06,-1.9371125102043152,-0.19371125102043152,1.000001072883606,-1.1379718780517578,1.1379718780517578,1.9560161490517203e-07,1.9070460796356201,3.5286312103271484,9.580404281616211,14.52866268157959,2.341197967529297
993,179.38974618138226,13,-1.9370871782302856,-1.4901161193847656e-06,-1.9370856881141663,-0.19370856881141663,0.9999982118606567,-1.1379718780517578,1.1379718780517578,1.55077842123319e-07,1.9068747758865356,3.527400255203247,9.580313682556152,14.528124809265137,2.3411014080047607
994,179.4914545037902,13,-1.9370582103729248,2.4437904357910156e-06,-1.9370606541633606,-0.19370606541633606,0.9999997019767761,-1.1379718780517578,1.1379718780517578,1.5856318213991472e-07,1.9067037105560303,3.5261716842651367,9.580220222473145,14.527557373046875,2.3410050868988037
995,179.59316320357118,13,-1.9370355606079102,-8.344650268554688e-07,-1.9370347261428833,-0.19370347261428833,1.0000015497207642,-1.1379718780517578,1.1379718780517578,1.4027318684384227e-07,1.906534194946289,3.524946928024292,9.580124855041504,14.526969909667969,2.340907096862793
996,179.69487243785608,13,-1.9370129108428955,6.556510925292969e-07,-1.937013566493988,-0.1937013566493988,0.9999993443489075,-1.1379718780517578,1.1379718780517578,1.5151236709698424e-07,1.906364917755127,3.523724317550659,9.580022811889648,14.526346206665039,2.340808629989624
997,179.7965817417909,13,-1.9369938373565674,1.5497207641601562e-06,-1.9369953870773315,-0.19369953870773315,0.9999985694885254,-1.1379718780517578,1.1379718780517578,1.6197353147617832e-07,1.9061963558197021,3.5225014686584473,9.579917907714844,14.525700569152832,2.3407087326049805
998,179.89829062422064,13,-1.9369730949401855,2.384185791015625e-07,-1.9369733333587646,-0.19369733333587646,1.000000238418579,-1.1379718780517578,1.1379718780517578,1.7179887379370484e-07,1.9060286283493042,3.521284580230713,9.579808235168457,14.525023460388184,2.3406083583831787
999,180.0,13,-1.9369521141052246,2.1457672119140625e-06,-1.9369542598724365,-0.19369542598724365,0.9999971389770508,-1.1379719972610474,1.1379719972610474,1.7804812557642435e-07,1.905861496925354,3.5200676918029785,9.579694747924805,14.524324417114258,2.3405067920684814
