struct_id,dihedral_deg,n_atoms,e_total,e_short_eff,e_long_eff,e_long_raw,f_long_over_f_total,q0_mean,q0_abs_mean,q0_std,q1_norm_mean,q1_norm_max,q2_norm_mean,q2_norm_max,q_abs_mean_all_channels
0,83.42481930851925,13,-2.284956216812134,1.2516975402832031e-06,-2.284957468509674,-0.2284957468509674,0.9999998211860657,-1.2169010639190674,1.2169010639190674,1.322508325074523e-07,3.222135305404663,13.063531875610352,7.194922924041748,13.7957763671875,2.184945821762085
1,83.51375778436027,13,-2.2854397296905518,3.516674041748047e-06,-2.2854432463645935,-0.22854432463645935,1.0000017881393433,-1.216901183128357,1.216901183128357,1.1453258252913656e-07,3.2226412296295166,13.068093299865723,7.195326805114746,13.799773216247559,2.184981346130371
2,83.60271179666562,13,-2.285935401916504,1.7881393432617188e-07,-2.2859355807304382,-0.22859355807304382,0.9999992847442627,-1.2169010639190674,1.2169010639190674,1.55077842123319e-07,3.2231459617614746,13.072639465332031,7.195728778839111,13.803753852844238,2.1850154399871826
3,83.69168218714043,13,-2.286432981491089,-1.7881393432617188e-06,-2.2864311933517456,-0.22864311933517456,1.0000005960464478,-1.2169010639190674,1.2169010639190674,1.7495140980372526e-07,3.223649263381958,13.077170372009277,7.196127891540527,13.80771255493164,2.1850485801696777
4,83.7806685757748,13,-2.286931276321411,-1.1920928955078125e-06,-2.2869300842285156,-0.22869300842285156,0.9999996423721313,-1.2169010639190674,1.2169010639190674,1.5856318213991472e-07,3.224151611328125,13.081686973571777,7.196524620056152,13.811652183532715,2.1850810050964355
5,83.86967062145865,13,-2.2874367237091064,-1.7881393432617188e-06,-2.287434935569763,-0.22874349355697632,0.9999996423721313,-1.2169010639190674,1.2169010639190674,1.7804812557642435e-07,3.22465181350708,13.086183547973633,7.196917533874512,13.81556510925293,2.1851119995117188
6,83.95868846283588,13,-2.287935972213745,-6.556510925292969e-07,-2.2879353165626526,-0.22879353165626526,1.000001072883606,-1.2169010639190674,1.2169010639190674,1.3632103446070687e-07,3.2251510620117188,13.090664863586426,7.197308540344238,13.819458961486816,2.1851425170898438
7,84.04772298530942,13,-2.2884418964385986,5.125999450683594e-06,-2.2884470224380493,-0.22884470224380493,0.9999995231628418,-1.2169010639190674,1.2169010639190674,1.6197353147617832e-07,3.22564959526062,13.095134735107422,7.197698593139648,13.82333755493164,2.1851718425750732
8,84.13677319517468,13,-2.288943290710449,-1.2516975402832031e-06,-2.288942039012909,-0.2288942039012909,0.9999993443489075,-1.2169010639190674,1.2169010639190674,1.6531353708160168e-07,3.2261462211608887,13.099584579467773,7.198083877563477,13.827188491821289,2.185199737548828
9,84.22583938789188,13,-2.289452314376831,-4.5299530029296875e-06,-2.289447784423828,-0.2289447784423828,1.0,-1.2169010639190674,1.2169010639190674,1.6531353708160168e-07,3.2266414165496826,13.104019165039062,7.198468208312988,13.831022262573242,2.1852269172668457
10,84.31492104168031,13,-2.289956569671631,5.364418029785156e-07,-2.289957106113434,-0.22899571061134338,0.9999998807907104,-1.2169009447097778,1.2169009447097778,2.1680666861811915e-07,3.22713565826416,13.108440399169922,7.198849201202393,13.834837913513184,2.185253381729126
11,84.40401976759186,13,-2.290468692779541,-3.7550926208496094e-06,-2.29046493768692,-0.22904649376869202,0.9999997019767761,-1.2169009447097778,1.2169009447097778,2.1680666861811915e-07,3.227628231048584,13.11284351348877,7.199228286743164,13.838626861572266,2.1852784156799316
12,84.49313378713768,13,-2.29097580909729,1.7285346984863281e-06,-2.2909775376319885,-0.22909775376319885,1.0000005960464478,-1.2169010639190674,1.2169010639190674,1.7495140980372526e-07,3.2281198501586914,13.117231369018555,7.199604511260986,13.842399597167969,2.185302972793579
13,84.58226411541654,13,-2.2914865016937256,9.5367431640625e-07,-2.291487455368042,-0.2291487455368042,0.9999998807907104,-1.216901183128357,1.216901183128357,1.096565966918206e-07,3.228609800338745,13.121602058410645,7.199976921081543,13.846148490905762,2.185325860977173
14,84.67141018739875,13,-2.2919955253601074,1.2516975402832031e-06,-2.2919967770576477,-0.22919967770576477,0.9999991655349731,-1.2169010639190674,1.2169010639190674,1.2805131177628937e-07,3.229098320007324,13.125956535339355,7.200346946716309,13.849872589111328,2.18534779548645
15,84.7605730401581,13,-2.292506217956543,-1.0132789611816406e-06,-2.292505204677582,-0.22925052046775818,0.9999985098838806,-1.216901183128357,1.216901183128357,9.91881279333029e-08,3.229585886001587,13.13029670715332,7.200716018676758,13.8535795211792,2.1853690147399902
16,84.84975158664358,13,-2.2929916381835938,-1.2516975402832031e-06,-2.2929903864860535,-0.22929903864860535,1.0000015497207642,-1.216901183128357,1.216901183128357,1.1453258252913656e-07,3.230071783065796,13.134621620178223,7.201082706451416,13.857268333435059,2.185389280319214
17,84.93894591481094,13,-2.2934257984161377,0.0,-2.2934257984161377,-0.22934257984161377,0.999998927116394,-1.2169010639190674,1.2169010639190674,1.7495140980372526e-07,3.230556011199951,13.13892650604248,7.201444625854492,13.860928535461426,2.185408115386963
18,85.02815651639432,13,-2.2938644886016846,-2.980232238769531e-07,-2.2938641905784607,-0.22938641905784607,0.9999977946281433,-1.2169010639190674,1.2169010639190674,1.7495140980372526e-07,3.2310397624969482,13.143219947814941,7.201805591583252,13.864577293395996,2.185426712036133
19,85.11738348351406,13,-2.2943055629730225,-2.086162567138672e-06,-2.2943034768104553,-0.22943034768104553,1.0000001192092896,-1.2169013023376465,1.2169013023376465,1.3632103446070687e-07,3.2315213680267334,13.147499084472656,7.202164173126221,13.868203163146973,2.185443639755249
20,85.20662642717684,13,-2.294741630554199,-1.2516975402832031e-06,-2.294740378856659,-0.2294740378856659,1.0000009536743164,-1.2169010639190674,1.2169010639190674,1.6531353708160168e-07,3.232002019882202,13.151758193969727,7.202518939971924,13.871807098388672,2.185459852218628
21,85.29588562567267,13,-2.2951812744140625,-4.172325134277344e-07,-2.295180857181549,-0.2295180857181549,1.0000011920928955,-1.2169013023376465,1.2169013023376465,1.1453258252913656e-07,3.232480525970459,13.155996322631836,7.202870845794678,13.875382423400879,2.1854748725891113
22,85.38516046637906,13,-2.2956228256225586,1.4901161193847656e-06,-2.295624315738678,-0.2295624315738678,1.0000025033950806,-1.2169010639190674,1.2169010639190674,1.6858739115832577e-07,3.2329585552215576,13.160224914550781,7.203221321105957,13.878946304321289,2.1854889392852783
23,85.474452147138,13,-2.296065092086792,-2.980232238769531e-07,-2.296064794063568,-0.2296064794063568,0.9999982118606567,-1.2169010639190674,1.2169010639190674,1.4027318684384227e-07,3.2334351539611816,13.164437294006348,7.2035698890686035,13.882490158081055,2.185502290725708
24,85.56376013482735,13,-2.2965047359466553,2.0265579223632812e-06,-2.2965067625045776,-0.22965067625045776,0.999998927116394,-1.2169010639190674,1.2169010639190674,1.6858739115832577e-07,3.2339093685150146,13.168630599975586,7.203913688659668,13.886006355285645,2.185513973236084
25,85.65308401474994,13,-2.2969493865966797,2.9206275939941406e-06,-2.2969523072242737,-0.22969523072242737,1.0000011920928955,-1.2169013023376465,1.2169013023376465,1.4411699567062897e-07,3.2343828678131104,13.172810554504395,7.204255104064941,13.889505386352539,2.1855251789093018
26,85.74242342696428,13,-2.2973976135253906,-1.8477439880371094e-06,-2.2973957657814026,-0.22973957657814026,0.9999997019767761,-1.2169010639190674,1.2169010639190674,1.5151236709698424e-07,3.2348546981811523,13.176971435546875,7.20459508895874,13.892980575561523,2.185534954071045
27,85.83177981112837,13,-2.297840118408203,-2.980232238769531e-07,-2.2978398203849792,-0.22978398203849792,1.000001311302185,-1.216901183128357,1.216901183128357,1.0455346455273684e-07,3.235325336456299,13.181117057800293,7.20493221282959,13.896435737609863,2.1855437755584717
28,85.92115219063496,13,-2.2983036041259766,-3.5762786865234375e-07,-2.298303246498108,-0.2298303246498108,0.9999991655349731,-1.216901183128357,1.216901183128357,8.098676573808916e-08,3.2357943058013916,13.185248374938965,7.20526647567749,13.899870872497559,2.185551881790161
29,86.01054076566723,13,-2.2987723350524902,1.4901161193847656e-06,-2.2987738251686096,-0.22987738251686096,0.9999971985816956,-1.2169013023376465,1.2169013023376465,1.7495140980372526e-07,3.236262083053589,13.189364433288574,7.205596923828125,13.903285026550293,2.185559034347534
30,86.09994576594792,13,-2.299239158630371,1.0728836059570312e-06,-2.299240231513977,-0.2299240231513977,1.0000029802322388,-1.2169009447097778,1.2169009447097778,2.384185791015625e-07,3.2367284297943115,13.193459510803223,7.205925941467285,13.906678199768066,2.1855649948120117
31,86.18936687088934,13,-2.2997074127197266,1.0132789611816406e-06,-2.2997084259986877,-0.22997084259986877,0.9999991655349731,-1.2169010639190674,1.2169010639190674,1.7179887379370484e-07,3.2371935844421387,13.19754409790039,7.206252574920654,13.910055160522461,2.185570240020752
32,86.27880421018678,13,-2.3001763820648193,-5.960464477539063e-08,-2.3001763224601746,-0.23001763224601746,0.9999998211860657,-1.216901183128357,1.216901183128357,9.91881279333029e-08,3.237656593322754,13.201606750488281,7.206576347351074,13.913403511047363,2.1855742931365967
33,86.36825808341253,13,-2.3006486892700195,-2.384185791015625e-06,-2.3006463050842285,-0.23006463050842285,0.9999983310699463,-1.2169010639190674,1.2169010639190674,1.3632103446070687e-07,3.2381186485290527,13.205658912658691,7.206897258758545,13.91673755645752,2.185577154159546
34,86.45772748496354,13,-2.3011155128479004,7.748603820800781e-07,-2.3011162877082825,-0.23011162877082825,0.9999997019767761,-1.2169010639190674,1.2169010639190674,1.6858739115832577e-07,3.238579034805298,13.20969009399414,7.207214832305908,13.92004680633545,2.1855788230895996
35,86.54721384798674,13,-2.3015925884246826,-5.960464477539063e-08,-2.301592528820038,-0.23015925288200378,1.0000007152557373,-1.216901183128357,1.216901183128357,8.098676573808916e-08,3.2390379905700684,13.21370792388916,7.207530498504639,13.92333698272705,2.185579776763916
36,86.63671620321735,13,-2.302065849304199,-3.5762786865234375e-07,-2.3020654916763306,-0.23020654916763306,1.000000238418579,-1.2169010639190674,1.2169010639190674,1.4411699567062897e-07,3.2394955158233643,13.217705726623535,7.20784330368042,13.926603317260742,2.185579776763916
37,86.72623536283366,13,-2.3025383949279785,1.5497207641601562e-06,-2.3025399446487427,-0.23025399446487427,0.9999992251396179,-1.216901183128357,1.216901183128357,1.0455346455273684e-07,3.2399518489837646,13.22169303894043,7.208153247833252,13.929848670959473,2.185593605041504
38,86.81577031816718,13,-2.3030142784118652,-4.76837158203125e-07,-2.303013801574707,-0.2303013801574707,0.9999998807907104,-1.2169010639190674,1.2169010639190674,1.3632103446070687e-07,3.2404062747955322,13.225659370422363,7.208460330963135,13.933074951171875,2.1857218742370605
39,86.90532138382683,13,-2.3034894466400146,0.0,-2.3034894466400146,-0.23034894466400146,1.0000015497207642,-1.2169010639190674,1.2169010639190674,1.5151236709698424e-07,3.2408597469329834,13.229612350463867,7.208765983581543,13.93628215789795,2.18584942817688
40,86.99488928589564,13,-2.303966999053955,-1.1920928955078125e-07,-2.3039668798446655,-0.23039668798446655,1.000001311302185,-1.2169010639190674,1.2169010639190674,1.1920928955078125e-07,3.2413110733032227,13.23354721069336,7.2090678215026855,13.939467430114746,2.1859753131866455
41,87.08447372071964,13,-2.3044464588165283,5.364418029785156e-07,-2.3044469952583313,-0.23044469952583313,1.0000009536743164,-1.216901183128357,1.216901183128357,1.096565966918206e-07,3.241760492324829,13.237462997436523,7.209366321563721,13.942628860473633,2.1861000061035156
42,87.17407403086955,13,-2.3049240112304688,1.0132789611816406e-06,-2.30492502450943,-0.230492502450943,0.9999990463256836,-1.2169013023376465,1.2169013023376465,1.0455346455273684e-07,3.2422091960906982,13.241362571716309,7.209662437438965,13.945770263671875,2.1862235069274902
43,87.26369094008825,13,-2.3054072856903076,-1.2516975402832031e-06,-2.3054060339927673,-0.23054060339927673,1.0,-1.2169010639190674,1.2169010639190674,1.4411699567062897e-07,3.242656707763672,13.24525260925293,7.209958076477051,13.94890022277832,2.1863465309143066
44,87.35332446086574,13,-2.3058905601501465,-2.3245811462402344e-06,-2.3058882355690002,-0.23058882355690002,1.0000011920928955,-1.2169010639190674,1.2169010639190674,1.3632103446070687e-07,3.2431020736694336,13.249122619628906,7.2102484703063965,13.952000617980957,2.1864681243896484
45,87.44297353913905,13,-2.306360960006714,-1.5497207641601562e-06,-2.3063594102859497,-0.23063594102859497,1.000000238418579,-1.216901183128357,1.216901183128357,9.91881279333029e-08,3.2435460090637207,13.252974510192871,7.210536003112793,13.955078125,2.186588764190674
46,87.53263935021317,13,-2.3067831993103027,1.4901161193847656e-06,-2.306784689426422,-0.2306784689426422,0.9999980330467224,-1.2169013023376465,1.2169013023376465,1.2805131177628937e-07,3.243988513946533,13.25681209564209,7.210822105407715,13.958141326904297,2.1867082118988037
47,87.62232218940899,13,-2.3072054386138916,3.039836883544922e-06,-2.307208478450775,-0.23072084784507751,1.0000026226043701,-1.2169010639190674,1.2169010639190674,1.7804812557642435e-07,3.244429588317871,13.260631561279297,7.211105823516846,13.961181640625,2.18682599067688
48,87.71202061141386,13,-2.3076388835906982,5.364418029785156e-07,-2.307639420032501,-0.23076394200325012,0.9999996423721313,-1.216901183128357,1.216901183128357,1.4027318684384227e-07,3.2448692321777344,13.264436721801758,7.211386680603027,13.964200019836426,2.1869430541992188
49,87.8017358754658,13,-2.308072566986084,-1.9073486328125e-06,-2.308070659637451,-0.23080706596374512,1.000001311302185,-1.216901183128357,1.216901183128357,9.351546026437063e-08,3.245307683944702,13.26822566986084,7.211663246154785,13.967198371887207,2.187059164047241
50,87.89146759536811,13,-2.3085098266601562,-3.159046173095703e-06,-2.308506667613983,-0.23085066676139832,1.000001072883606,-1.2169010639190674,1.2169010639190674,1.7179887379370484e-07,3.2457432746887207,13.27199649810791,7.21193790435791,13.970175743103027,2.187180519104004
51,87.98121593962442,13,-2.3089406490325928,-9.5367431640625e-07,-2.3089396953582764,-0.23089396953582764,1.0000005960464478,-1.2169010639190674,1.2169010639190674,1.9560161490517203e-07,3.24617862701416,13.275752067565918,7.212210655212402,13.973133087158203,2.1873250007629395
52,88.0709802673695,13,-2.309380054473877,-2.562999725341797e-06,-2.3093774914741516,-0.23093774914741516,0.9999988675117493,-1.2169010639190674,1.2169010639190674,1.8408536561764777e-07,3.2466115951538086,13.279488563537598,7.212480545043945,13.97607421875,2.1874678134918213
53,88.16076137677895,13,-2.309814929962158,3.5762786865234375e-07,-2.309815287590027,-0.23098152875900269,0.9999998211860657,-1.2169010639190674,1.2169010639190674,1.7495140980372526e-07,3.2470438480377197,13.283211708068848,7.212747573852539,13.978989601135254,2.1876096725463867
54,88.25055922171055,13,-2.3102517127990723,1.0728836059570312e-06,-2.3102527856826782,-0.23102527856826782,1.0000015497207642,-1.216901183128357,1.216901183128357,7.393046530523861e-08,3.247474193572998,13.286919593811035,7.2130126953125,13.981884002685547,2.1877493858337402
55,88.34037279266128,13,-2.3106932640075684,-2.9802322387695312e-06,-2.3106902837753296,-0.23106902837753296,1.0000017881393433,-1.2169010639190674,1.2169010639190674,1.4027318684384227e-07,3.2479021549224854,13.290604591369629,7.213272571563721,13.984756469726562,2.18788743019104
56,88.4302039008761,13,-2.3111319541931152,8.940696716308594e-07,-2.311132848262787,-0.2311132848262787,1.0000004768371582,-1.2169010639190674,1.2169010639190674,1.8703092052874126e-07,3.2483294010162354,13.294278144836426,7.213531017303467,13.987611770629883,2.1880240440368652
57,88.52005050038919,13,-2.3115758895874023,-1.0728836059570312e-06,-2.3115748167037964,-0.23115748167037964,0.9999997019767761,-1.2169013023376465,1.2169013023376465,1.3632103446070687e-07,3.24875545501709,13.297934532165527,7.21378755569458,13.990447044372559,2.188159942626953
58,88.60991359863145,13,-2.312018394470215,-1.6093254089355469e-06,-2.312016785144806,-0.2312016785144806,0.9999996423721313,-1.2169010639190674,1.2169010639190674,2.038122204339743e-07,3.2491798400878906,13.301575660705566,7.214041709899902,13.99325942993164,2.188293933868408
59,88.69979363419051,13,-2.31246018409729,-2.0265579223632812e-06,-2.3124581575393677,-0.23124581575393677,1.0,-1.2169013023376465,1.2169013023376465,1.322508325074523e-07,3.2496016025543213,13.305193901062012,7.214291095733643,13.996050834655762,2.1884257793426514
60,88.78968990377467,13,-2.3129048347473145,2.1457672119140625e-06,-2.3129069805145264,-0.23129069805145264,1.0,-1.2169010639190674,1.2169010639190674,1.5151236709698424e-07,3.2500228881835938,13.308804512023926,7.214539051055908,13.998826026916504,2.188556671142578
61,88.8796033287927,13,-2.313349485397339,-2.384185791015625e-07,-2.3133492469787598,-0.23133492469787598,0.9999993443489075,-1.216901183128357,1.216901183128357,1.5151236709698424e-07,3.2504422664642334,13.312393188476562,7.214783191680908,14.00157356262207,2.188685417175293
62,88.96953275896666,13,-2.3137929439544678,3.5762786865234375e-07,-2.3137933015823364,-0.23137933015823364,1.000000238418579,-1.2169013023376465,1.2169013023376465,1.322508325074523e-07,3.250859260559082,13.315964698791504,7.215025901794434,14.00430679321289,2.1888132095336914
63,89.05947955694963,13,-2.314239501953125,5.364418029785156e-07,-2.314240038394928,-0.2314240038394928,0.9999986886978149,-1.2169010639190674,1.2169010639190674,1.8703092052874126e-07,3.2512753009796143,13.3195219039917,7.215265274047852,14.007019996643066,2.1889395713806152
64,89.14944189947121,13,-2.314685583114624,1.4901161193847656e-06,-2.3146870732307434,-0.23146870732307434,1.000000238418579,-1.2169013023376465,1.2169013023376465,1.1453258252913656e-07,3.251689910888672,13.323062896728516,7.2155022621154785,14.009710311889648,2.1890642642974854
65,89.2394207722157,13,-2.3150923252105713,1.8477439880371094e-06,-2.3150941729545593,-0.23150941729545593,0.9999998211860657,-1.2169013023376465,1.2169013023376465,1.2370932722660655e-07,3.252102851867676,13.326584815979004,7.215736389160156,14.012377738952637,2.189187526702881
66,89.32941703099902,13,-2.315478801727295,4.172325134277344e-07,-2.3154792189598083,-0.23154792189598083,1.0000022649765015,-1.2169010639190674,1.2169010639190674,1.7179887379370484e-07,3.252514123916626,13.330092430114746,7.215968132019043,14.01502799987793,2.1893091201782227
67,89.41942918122685,13,-2.3158679008483887,-1.2516975402832031e-06,-2.3158666491508484,-0.23158666491508484,1.0000019073486328,-1.2169010639190674,1.2169010639190674,1.6531353708160168e-07,3.2529242038726807,13.333582878112793,7.2161970138549805,14.017659187316895,2.18942928314209
68,89.50945793462812,13,-2.316256046295166,-3.159046173095703e-06,-2.316252887248993,-0.2316252887248993,1.000001072883606,-1.2169013023376465,1.2169013023376465,1.322508325074523e-07,3.2533316612243652,13.337055206298828,7.2164225578308105,14.020267486572266,2.1895477771759033
69,89.5995045071832,13,-2.3166468143463135,-3.2186508178710938e-06,-2.3166435956954956,-0.23166435956954956,1.000000238418579,-1.216901421546936,1.216901421546936,1.6531353708160168e-07,3.2537384033203125,13.340511322021484,7.216646671295166,14.022857666015625,2.189664840698242
70,89.6895664865781,13,-2.3170366287231445,3.337860107421875e-06,-2.317039966583252,-0.2317039966583252,1.0000020265579224,-1.2169013023376465,1.2169013023376465,1.322508325074523e-07,3.254142999649048,13.343950271606445,7.216865062713623,14.025423049926758,2.1897804737091064
71,89.7796457013167,13,-2.317434549331665,3.5762786865234375e-06,-2.3174381256103516,-0.23174381256103516,1.000001311302185,-1.2169013023376465,1.2169013023376465,1.1920928955078125e-07,3.2545459270477295,13.347373008728027,7.217083930969238,14.027969360351562,2.189894676208496
72,89.86974069453213,13,-2.317822217941284,2.4437904357910156e-06,-2.31782466173172,-0.231782466173172,1.0000032186508179,-1.2169013023376465,1.2169013023376465,1.4027318684384227e-07,3.2549474239349365,13.35077953338623,7.21729850769043,14.030499458312988,2.190006971359253
73,89.95985336514231,13,-2.3182125091552734,-2.5033950805664062e-06,-2.318210005760193,-0.2318210005760193,1.0000011920928955,-1.2169009447097778,1.2169009447097778,2.0910692910547368e-07,3.25534725189209,13.354174613952637,7.21751070022583,14.033012390136719,2.1901183128356934
74,90.04998219628196,13,-2.318601131439209,7.748603820800781e-07,-2.318601906299591,-0.2318601906299591,1.000001311302185,-1.2169013023376465,1.2169013023376465,1.2370932722660655e-07,3.2557458877563477,13.357545852661133,7.217721939086914,14.03549861907959,2.19022798538208
75,90.14012740393653,13,-2.31898832321167,2.205371856689453e-06,-2.3189905285835266,-0.23189905285835266,0.9999995231628418,-1.2169010639190674,1.2169010639190674,1.7179887379370484e-07,3.2561428546905518,13.360901832580566,7.217928409576416,14.037968635559082,2.190335988998413
76,90.2302898450931,13,-2.319380044937134,8.940696716308594e-07,-2.3193809390068054,-0.23193809390068054,1.0000005960464478,-1.2169010639190674,1.2169010639190674,1.5856318213991472e-07,3.2565371990203857,13.364237785339355,7.2181315422058105,14.040412902832031,2.1904423236846924
77,90.32046795678414,13,-2.319772243499756,-3.2782554626464844e-06,-2.319768965244293,-0.23197689652442932,1.0000017881393433,-1.2169010639190674,1.2169010639190674,1.8408536561764777e-07,3.2569308280944824,13.367563247680664,7.218331336975098,14.042837142944336,2.190546989440918
78,90.41066424742941,13,-2.3201582431793213,2.0265579223632812e-06,-2.3201602697372437,-0.23201602697372437,0.9999996423721313,-1.2169010639190674,1.2169010639190674,1.55077842123319e-07,3.2573225498199463,13.370871543884277,7.218532085418701,14.045248985290527,2.1906509399414062
79,90.50087666685502,13,-2.3205533027648926,-2.0265579223632812e-06,-2.32055127620697,-0.23205512762069702,1.0000001192092896,-1.2169010639190674,1.2169010639190674,1.6531353708160168e-07,3.2577123641967773,13.37415885925293,7.2187275886535645,14.047637939453125,2.1907527446746826
80,90.59110539162829,13,-2.3209457397460938,1.1920928955078125e-07,-2.3209458589553833,-0.23209458589553833,0.9999983906745911,-1.216901183128357,1.216901183128357,9.91881279333029e-08,3.258100986480713,13.377435684204102,7.218921184539795,14.050009727478027,2.1908533573150635
81,90.68135069203015,13,-2.321336507797241,1.5497207641601562e-06,-2.3213380575180054,-0.23213380575180054,1.0000003576278687,-1.2169013023376465,1.2169013023376465,1.1920928955078125e-07,3.2584877014160156,13.38068962097168,7.21911096572876,14.052351951599121,2.1909523010253906
82,90.7716132682175,13,-2.3217334747314453,-8.344650268554688e-07,-2.3217326402664185,-0.23217326402664185,1.000000238418579,-1.216901421546936,1.216901421546936,1.9560161490517203e-07,3.2588727474212646,13.383928298950195,7.219298839569092,14.054680824279785,2.191049575805664
83,90.86189225919249,13,-2.3221278190612793,-1.1920928955078125e-06,-2.322126626968384,-0.23221266269683838,0.9999988675117493,-1.2169013023376465,1.2169013023376465,1.2805131177628937e-07,3.2592556476593018,13.387149810791016,7.219484329223633,14.056991577148438,2.191145658493042
84,90.95218849007499,13,-2.322525978088379,-2.980232238769531e-07,-2.322525680065155,-0.2322525680065155,1.0000007152557373,-1.2169010639190674,1.2169010639190674,1.7495140980372526e-07,3.2596373558044434,13.390357971191406,7.219666481018066,14.05927848815918,2.191239833831787
85,91.04250096352902,13,-2.3229191303253174,5.364418029785156e-07,-2.3229196667671204,-0.23229196667671204,0.9999993443489075,-1.2169013023376465,1.2169013023376465,1.3632103446070687e-07,3.2600173950195312,13.39354419708252,7.219846248626709,14.061546325683594,2.1913325786590576
86,91.1328304321751,13,-2.3233165740966797,1.5497207641601562e-06,-2.323318123817444,-0.23233181238174438,0.9999997019767761,-1.2169013023376465,1.2169013023376465,1.2805131177628937e-07,3.2603955268859863,13.396718978881836,7.2200236320495605,14.063794136047363,2.1914236545562744
87,91.22317668456353,13,-2.3237171173095703,3.5762786865234375e-07,-2.323717474937439,-0.2323717474937439,0.9999985694885254,-1.216901183128357,1.216901183128357,1.1920928955078125e-07,3.260772466659546,13.399870872497559,7.2201972007751465,14.066025733947754,2.191514015197754
88,91.31353916680497,13,-2.3241162300109863,5.960464477539062e-07,-2.324116826057434,-0.2324116826057434,1.0000001192092896,-1.2169013023376465,1.2169013023376465,1.322508325074523e-07,3.2611467838287354,13.403011322021484,7.220368385314941,14.06823444366455,2.1916022300720215
89,91.40391880105331,13,-2.3245129585266113,1.430511474609375e-06,-2.324514389038086,-0.2324514389038086,1.0000007152557373,-1.2169013023376465,1.2169013023376465,1.5151236709698424e-07,3.2615206241607666,13.406133651733398,7.220537185668945,14.070420265197754,2.1916887760162354
90,91.49431521518659,13,-2.3249130249023438,4.172325134277344e-07,-2.324913442134857,-0.23249134421348572,1.0,-1.216901183128357,1.216901183128357,1.4027318684384227e-07,3.2618916034698486,13.409233093261719,7.220702171325684,14.072587966918945,2.1917741298675537
91,91.5847286480647,13,-2.3253164291381836,-1.8477439880371094e-06,-2.3253145813941956,-0.23253145813941956,0.9999992251396179,-1.2169013023376465,1.2169013023376465,1.096565966918206e-07,3.2622616291046143,13.412321090698242,7.220866680145264,14.07474136352539,2.1918582916259766
92,91.67515857975928,13,-2.325718402862549,-2.384185791015625e-06,-2.325716018676758,-0.23257160186767578,1.0000011920928955,-1.2169013023376465,1.2169013023376465,1.2805131177628937e-07,3.262629985809326,13.415395736694336,7.2210283279418945,14.076872825622559,2.1919405460357666
93,91.7656048485433,13,-2.3261184692382812,2.562999725341797e-06,-2.3261210322380066,-0.23261210322380066,1.0000007152557373,-1.2169010639190674,1.2169010639190674,1.7495140980372526e-07,3.2629966735839844,13.418449401855469,7.221186637878418,14.078985214233398,2.192021131515503
94,91.85606936245608,13,-2.3265209197998047,2.1457672119140625e-06,-2.3265230655670166,-0.23265230655670166,0.9999990463256836,-1.2169013023376465,1.2169013023376465,1.4786093061047723e-07,3.2633605003356934,13.42148494720459,7.221340656280518,14.081073760986328,2.1921002864837646
95,91.94654929161523,13,-2.3269269466400146,-2.4437904357910156e-06,-2.326924502849579,-0.23269245028495789,1.000000238418579,-1.2169013023376465,1.2169013023376465,1.2370932722660655e-07,3.2637240886688232,13.424508094787598,7.221493721008301,14.083148002624512,2.1921780109405518
96,92.03704740592832,13,-2.3273327350616455,-1.430511474609375e-06,-2.327331304550171,-0.2327331304550171,1.0000009536743164,-1.216901183128357,1.216901183128357,1.1453258252913656e-07,3.264084815979004,13.427507400512695,7.221643924713135,14.085198402404785,2.1922543048858643
97,92.12756136644497,13,-2.3277359008789062,7.152557373046875e-07,-2.3277366161346436,-0.23277366161346436,1.000001311302185,-1.2169013023376465,1.2169013023376465,1.1453258252913656e-07,3.264444589614868,13.43049430847168,7.2217912673950195,14.08723258972168,2.192329168319702
98,92.21809276492861,13,-2.328145980834961,1.3113021850585938e-06,-2.328147292137146,-0.2328147292137146,1.0000009536743164,-1.2169013023376465,1.2169013023376465,1.1920928955078125e-07,3.2648024559020996,13.433465003967285,7.221936225891113,14.089245796203613,2.1924021244049072
99,92.3086399645864,13,-2.328549861907959,6.556510925292969e-07,-2.3285505175590515,-0.23285505175590515,1.000000238418579,-1.216901183128357,1.216901183128357,1.4411699567062897e-07,3.265158176422119,13.43641471862793,7.222076416015625,14.091236114501953,2.192473888397217
100,92.39920431914588,13,-2.328960418701172,-1.0132789611816406e-06,-2.3289594054222107,-0.23289594054222107,0.9999985098838806,-1.2169010639190674,1.2169010639190674,1.5856318213991472e-07,3.265511989593506,13.439348220825195,7.2222161293029785,14.09321403503418,2.1925437450408936
101,92.48978669641859,13,-2.3293704986572266,-3.3974647521972656e-06,-2.3293671011924744,-0.23293671011924744,0.9999982118606567,-1.216901183128357,1.216901183128357,1.1920928955078125e-07,3.2658653259277344,13.442270278930664,7.222352981567383,14.095171928405762,2.192612886428833
102,92.58038494277602,13,-2.329775094985962,8.940696716308594e-07,-2.3297759890556335,-0.23297759890556335,0.9999993443489075,-1.2169013023376465,1.2169013023376465,1.1453258252913656e-07,3.2662158012390137,13.445169448852539,7.222487449645996,14.097105979919434,2.1926798820495605
103,92.67099991618987,13,-2.330181837081909,1.8477439880371094e-06,-2.330183684825897,-0.23301836848258972,0.9999994039535522,-1.2169013023376465,1.2169013023376465,1.2805131177628937e-07,3.2665648460388184,13.448052406311035,7.222618579864502,14.09902572631836,2.1927456855773926
104,92.76163234847048,13,-2.330596923828125,1.3113021850585938e-06,-2.33059823513031,-0.233059823513031,1.0000003576278687,-1.2169013023376465,1.2169013023376465,1.2370932722660655e-07,3.2669119834899902,13.450921058654785,7.222746849060059,14.100918769836426,2.1928093433380127
105,92.85228189570327,13,-2.3310065269470215,8.940696716308594e-07,-2.331007421016693,-0.2331007421016693,0.9999996423721313,-1.2169013023376465,1.2169013023376465,1.1453258252913656e-07,3.2672579288482666,13.45377254486084,7.222873210906982,14.102803230285645,2.1928722858428955
106,92.94294758330902,13,-2.331421375274658,-2.086162567138672e-06,-2.331419289112091,-0.2331419289112091,0.9999996423721313,-1.2169013023376465,1.2169013023376465,1.2370932722660655e-07,3.267601490020752,13.456605911254883,7.222995281219482,14.104660987854004,2.1929333209991455
107,93.0336309347201,13,-2.331833600997925,2.0265579223632812e-06,-2.331835627555847,-0.23318356275558472,1.000001072883606,-1.216901183128357,1.216901183128357,1.0455346455273684e-07,3.267944097518921,13.459421157836914,7.223116397857666,14.106500625610352,2.192992925643921
108,93.12433084239541,13,-2.3322439193725586,1.1920928955078125e-06,-2.332245111465454,-0.2332245111465454,0.9999989867210388,-1.216901183128357,1.216901183128357,1.6197353147617832e-07,3.2682840824127197,13.462220191955566,7.223235130310059,14.108325958251953,2.1930510997772217
109,93.21504811238428,13,-2.3326613903045654,-1.7285346984863281e-06,-2.332659661769867,-0.2332659661769867,0.9999996423721313,-1.2169013023376465,1.2169013023376465,1.2805131177628937e-07,3.268622875213623,13.465003967285156,7.223350524902344,14.110128402709961,2.1931076049804688
110,93.30578127932871,13,-2.33307147026062,3.039836883544922e-06,-2.3330745100975037,-0.23330745100975037,0.9999985694885254,-1.2169013023376465,1.2169013023376465,1.2370932722660655e-07,3.2689590454101562,13.467765808105469,7.223462104797363,14.111907958984375,2.193162679672241
111,93.39653237847597,13,-2.333487033843994,8.344650268554688e-07,-2.333487868309021,-0.2333487868309021,0.9999989867210388,-1.2169013023376465,1.2169013023376465,1.1920928955078125e-07,3.269293785095215,13.470513343811035,7.223571300506592,14.11367416381836,2.19321608543396
112,93.48729966239931,13,-2.333906888961792,-2.980232238769531e-07,-2.333906590938568,-0.2333906590938568,1.0000007152557373,-1.2169013023376465,1.2169013023376465,1.1920928955078125e-07,3.269627094268799,13.473244667053223,7.223679065704346,14.115418434143066,2.193268060684204
113,93.57808416353274,13,-2.334320306777954,-5.960464477539063e-08,-2.3343202471733093,-0.23343202471733093,0.9999951124191284,-1.2169013023376465,1.2169013023376465,1.4411699567062897e-07,3.269958257675171,13.475956916809082,7.223782539367676,14.117142677307129,2.1933183670043945
114,93.66888600778982,13,-2.3347413539886475,-3.874301910400391e-06,-2.334737479686737,-0.2334737479686737,1.0,-1.2169013023376465,1.2169013023376465,1.4027318684384227e-07,3.2702882289886475,13.478656768798828,7.223886489868164,14.118855476379395,2.1933677196502686
115,93.7597048458983,13,-2.3351569175720215,-2.5033950805664062e-06,-2.335154414176941,-0.2335154414176941,1.0000035762786865,-1.2169013023376465,1.2169013023376465,1.4786093061047723e-07,3.270616292953491,13.481337547302246,7.2239861488342285,14.1205472946167,2.193415641784668
116,93.85053954686948,13,-2.335501194000244,3.6954879760742188e-06,-2.33550488948822,-0.23355048894882202,1.0,-1.2169013023376465,1.2169013023376465,1.4411699567062897e-07,3.270942449569702,13.484000205993652,7.224082946777344,14.122218132019043,2.1934614181518555
117,93.94139302750551,13,-2.3357462882995605,4.470348358154297e-06,-2.3357507586479187,-0.23357507586479187,0.9999996423721313,-1.2169013023376465,1.2169013023376465,1.4786093061047723e-07,3.2712666988372803,13.486644744873047,7.224177360534668,14.123868942260742,2.1935057640075684
118,94.03226159287894,13,-2.3360016345977783,3.5762786865234375e-07,-2.336001992225647,-0.2336001992225647,0.9999991059303284,-1.2169013023376465,1.2169013023376465,1.322508325074523e-07,3.271589517593384,13.489273071289062,7.224270343780518,14.125506401062012,2.193549156188965
119,94.12314941071769,13,-2.3362209796905518,-1.430511474609375e-06,-2.336219549179077,-0.23362195491790771,0.9999994039535522,-1.2169013023376465,1.2169013023376465,1.6858739115832577e-07,3.2719099521636963,13.49188232421875,7.224359512329102,14.127119064331055,2.1935904026031494
120,94.21405277307372,13,-2.336383819580078,-2.7418136596679688e-06,-2.3363810777664185,-0.23363810777664185,0.9999993443489075,-1.2169013023376465,1.2169013023376465,1.2805131177628937e-07,3.272228240966797,13.494477272033691,7.224445819854736,14.128719329833984,2.1936306953430176
121,94.30497264542018,13,-2.336543083190918,-1.6689300537109375e-06,-2.3365414142608643,-0.23365414142608643,1.0000011920928955,-1.2169015407562256,1.2169015407562256,2.645016650149046e-07,3.272545337677002,13.497052192687988,7.22452974319458,14.130291938781738,2.193669080734253
122,94.39591049632742,13,-2.33670973777771,3.5762786865234375e-07,-2.3367100954055786,-0.23367100954055786,1.000000238418579,-1.2169013023376465,1.2169013023376465,1.4786093061047723e-07,3.2728610038757324,13.49960994720459,7.224609851837158,14.131853103637695,2.1937060356140137
123,94.48686531985976,13,-2.3368706703186035,1.2516975402832031e-06,-2.336871922016144,-0.23368719220161438,0.9999990463256836,-1.2169013023376465,1.2169013023376465,1.55077842123319e-07,3.27317476272583,13.502159118652344,7.224690914154053,14.133399963378906,2.193741798400879
124,94.577836597816,13,-2.337035655975342,7.748603820800781e-07,-2.337036430835724,-0.2337036430835724,1.000000238418579,-1.2169013023376465,1.2169013023376465,1.1453258252913656e-07,3.2734861373901367,13.504683494567871,7.224767208099365,14.134921073913574,2.1937756538391113
125,94.66882544888699,13,-2.337202548980713,-1.0132789611816406e-06,-2.3372015357017517,-0.23372015357017517,0.9999998211860657,-1.2169010639190674,1.2169010639190674,1.983762558666058e-07,3.2737956047058105,13.507186889648438,7.224839210510254,14.136423110961914,2.193808078765869
126,94.75983196295866,13,-2.337369680404663,2.6226043701171875e-06,-2.337372303009033,-0.23373723030090332,0.9999987483024597,-1.216901183128357,1.216901183128357,1.4786093061047723e-07,3.274104595184326,13.509679794311523,7.224912166595459,14.13791275024414,2.193897008895874
127,94.85085376636317,13,-2.337510585784912,-5.364418029785156e-06,-2.3375052213668823,-0.23375052213668823,0.9999986290931702,-1.2169013023376465,1.2169013023376465,1.3632103446070687e-07,3.2744102478027344,13.512152671813965,7.224980354309082,14.139381408691406,2.194096088409424
128,94.94189372189591,13,-2.337639808654785,-4.76837158203125e-07,-2.337639331817627,-0.2337639331817627,1.000001072883606,-1.2169013023376465,1.2169013023376465,1.55077842123319e-07,3.274714946746826,13.514612197875977,7.225046634674072,14.14083194732666,2.194293260574341
129,95.03295062189808,13,-2.3377718925476074,2.4437904357910156e-06,-2.337774336338043,-0.23377743363380432,0.9999998211860657,-1.2169013023376465,1.2169013023376465,1.1453258252913656e-07,3.275017023086548,13.517049789428711,7.225110054016113,14.142265319824219,2.1944892406463623
130,95.12402521442483,13,-2.337904453277588,4.172325134277344e-07,-2.3379048705101013,-0.23379048705101013,0.9999997019767761,-1.2169013023376465,1.2169013023376465,1.4411699567062897e-07,3.275317668914795,13.519471168518066,7.225171089172363,14.143678665161133,2.19468355178833
131,95.21511583861096,13,-2.3380401134490967,6.556510925292969e-07,-2.338040769100189,-0.23380407691001892,0.9999987483024597,-1.216901183128357,1.216901183128357,1.096565966918206e-07,3.2756168842315674,13.521880149841309,7.2252302169799805,14.145078659057617,2.1948771476745605
132,95.30622370237792,13,-2.3381738662719727,4.291534423828125e-06,-2.3381781578063965,-0.23381781578063965,1.0000005960464478,-1.216901421546936,1.216901421546936,1.899308017527801e-07,3.2759134769439697,13.524261474609375,7.225286483764648,14.146450996398926,2.1950690746307373
133,95.39734892542678,13,-2.338311195373535,-1.3113021850585938e-06,-2.33830988407135,-0.233830988407135,0.9999985098838806,-1.2169013023376465,1.2169013023376465,1.2805131177628937e-07,3.2762093544006348,13.52663803100586,7.225341320037842,14.147819519042969,2.1952600479125977
134,95.48849192222606,13,-2.338444232940674,-2.3245811462402344e-06,-2.3384419083595276,-0.23384419083595276,0.9999980330467224,-1.2169013023376465,1.2169013023376465,1.1920928955078125e-07,3.2765023708343506,13.5289888381958,7.225390911102295,14.149157524108887,2.1954495906829834
135,95.57965074682413,13,-2.3385839462280273,-1.0728836059570312e-06,-2.3385828733444214,-0.23385828733444214,0.9999986290931702,-1.2169013023376465,1.2169013023376465,1.4411699567062897e-07,3.2767934799194336,13.531323432922363,7.225439071655273,14.150482177734375,2.1956377029418945
136,95.67082644347988,13,-2.33872127532959,-4.172325134277344e-07,-2.3387208580970764,-0.23387208580970764,0.9999997019767761,-1.2169010639190674,1.2169010639190674,1.983762558666058e-07,3.277083396911621,13.533641815185547,7.2254862785339355,14.151789665222168,2.195823907852173
137,95.76202055746293,13,-2.338859796524048,2.0265579223632812e-06,-2.33886182308197,-0.23388618230819702,0.9999995827674866,-1.216901183128357,1.216901183128357,1.1453258252913656e-07,3.277371406555176,13.535944938659668,7.22553014755249,14.153080940246582,2.196010112762451
138,95.85323201229086,13,-2.339003086090088,1.1920928955078125e-06,-2.3390042781829834,-0.23390042781829834,1.000000238418579,-1.2169013023376465,1.2169013023376465,1.3632103446070687e-07,3.2776577472686768,13.538230895996094,7.225571155548096,14.154354095458984,2.1961939334869385
139,95.94445966279953,13,-2.339144229888916,-1.7881393432617188e-07,-2.3391440510749817,-0.23391440510749817,1.000001072883606,-1.216901183128357,1.216901183128357,1.096565966918206e-07,3.2779417037963867,13.540496826171875,7.225611209869385,14.155610084533691,2.1963768005371094
140,96.03570449562505,13,-2.3392879962921143,-5.960464477539062e-07,-2.3392874002456665,-0.23392874002456665,1.000000238418579,-1.216901183128357,1.216901183128357,9.351546026437063e-08,3.278223752975464,13.542744636535645,7.225646018981934,14.156843185424805,2.1965582370758057
141,96.12696674097953,13,-2.3394253253936768,1.8477439880371094e-06,-2.339427173137665,-0.23394271731376648,1.000003457069397,-1.216901183128357,1.216901183128357,9.91881279333029e-08,3.278503894805908,13.544974327087402,7.225679874420166,14.158061981201172,2.1967384815216064
142,96.21824612096276,13,-2.3395707607269287,-5.364418029785156e-07,-2.3395702242851257,-0.23395702242851257,0.9999995231628418,-1.2169010639190674,1.2169010639190674,1.3632103446070687e-07,3.278782844543457,13.547189712524414,7.225711345672607,14.159265518188477,2.1969172954559326
143,96.30954236391567,13,-2.3397183418273926,-1.4901161193847656e-06,-2.339716851711273,-0.23397168517112732,1.0000007152557373,-1.216901183128357,1.216901183128357,7.393046530523861e-08,3.279059410095215,13.549388885498047,7.225740909576416,14.160449981689453,2.1971139907836914
144,96.40085697214289,13,-2.33986234664917,-1.2516975402832031e-06,-2.3398610949516296,-0.23398610949516296,1.000000238418579,-1.216901183128357,1.216901183128357,1.322508325074523e-07,3.279334545135498,13.551568031311035,7.225767135620117,14.161615371704102,2.1973235607147217
145,96.49218704128,13,-2.340005874633789,2.4437904357910156e-06,-2.340008318424225,-0.23400083184242249,0.9999998807907104,-1.2169010639190674,1.2169010639190674,1.9560161490517203e-07,3.279607057571411,13.553731918334961,7.22579288482666,14.162771224975586,2.1975317001342773
146,96.58353486566557,13,-2.340155839920044,-1.1920928955078125e-06,-2.3401546478271484,-0.23401546478271484,0.9999998211860657,-1.216901183128357,1.216901183128357,9.91881279333029e-08,3.2798783779144287,13.555877685546875,7.225814342498779,14.163899421691895,2.1977384090423584
147,96.67489996539835,13,-2.340301990509033,1.7881393432617188e-07,-2.3403021693229675,-0.23403021693229675,1.0000005960464478,-1.216901183128357,1.216901183128357,1.0455346455273684e-07,3.2801475524902344,13.55800724029541,7.225832462310791,14.16501522064209,2.1979434490203857
148,96.76628286780644,13,-2.340447425842285,1.7881393432617188e-07,-2.3404476046562195,-0.23404476046562195,0.9999994039535522,-1.2169010639190674,1.2169010639190674,1.4411699567062897e-07,3.280414581298828,13.560117721557617,7.2258501052856445,14.166112899780273,2.198148250579834
149,96.85768166304943,13,-2.340594530105591,2.980232238769531e-07,-2.3405948281288147,-0.23405948281288147,1.0000003576278687,-1.216901183128357,1.216901183128357,9.91881279333029e-08,3.280679941177368,13.562206268310547,7.225864887237549,14.167191505432129,2.198350667953491
150,96.94909886204375,13,-2.3407435417175293,-5.960464477539062e-07,-2.3407429456710815,-0.23407429456710815,1.0,-1.2169010639190674,1.2169010639190674,1.4786093061047723e-07,3.2809436321258545,13.564285278320312,7.22587776184082,14.168259620666504,2.198552131652832
151,97.04053271286408,13,-2.340893507003784,5.364418029785156e-07,-2.340894043445587,-0.23408940434455872,1.0000008344650269,-1.2169010639190674,1.2169010639190674,1.8703092052874126e-07,3.281205654144287,13.566347122192383,7.225888252258301,14.169307708740234,2.1987526416778564
152,97.13198329393187,13,-2.3410425186157227,1.430511474609375e-06,-2.3410439491271973,-0.23410439491271973,0.9999997019767761,-1.216901183128357,1.216901183128357,1.0455346455273684e-07,3.2814650535583496,13.568385124206543,7.22589635848999,14.17033863067627,2.198951482772827
153,97.22345222110093,13,-2.341193675994873,4.76837158203125e-07,-2.3411941528320312,-0.23411941528320312,0.9999995827674866,-1.216901183128357,1.216901183128357,1.2370932722660655e-07,3.2817230224609375,13.570408821105957,7.225901126861572,14.17135238647461,2.1991488933563232
154,97.31493678519621,13,-2.3413429260253906,2.384185791015625e-07,-2.3413431644439697,-0.23413431644439697,1.000001072883606,-1.2169010639190674,1.2169010639190674,1.5856318213991472e-07,3.2819790840148926,13.572417259216309,7.2259039878845215,14.17234992980957,2.199345350265503
155,97.4064404800513,13,-2.341492176055908,1.4901161193847656e-06,-2.3414936661720276,-0.23414936661720276,0.9999995231628418,-1.216901183128357,1.216901183128357,1.096565966918206e-07,3.282233953475952,13.574407577514648,7.225905895233154,14.173331260681152,2.199540138244629
156,97.49795937302608,13,-2.3416457176208496,-9.5367431640625e-07,-2.341644763946533,-0.23416447639465332,1.0000001192092896,-1.216901183128357,1.216901183128357,9.351546026437063e-08,3.2824857234954834,13.576375961303711,7.2259039878845215,14.174291610717773,2.199733257293701
157,97.5894965832244,13,-2.3417959213256836,5.364418029785156e-07,-2.3417964577674866,-0.23417964577674866,1.0000014305114746,-1.2169010639190674,1.2169010639190674,1.7495140980372526e-07,3.28273606300354,13.578333854675293,7.225899696350098,14.175238609313965,2.199925661087036
158,97.68105083404771,13,-2.341947555541992,1.7881393432617188e-06,-2.3419493436813354,-0.23419493436813354,1.0000011920928955,-1.2169013023376465,1.2169013023376465,1.4027318684384227e-07,3.282984495162964,13.580268859863281,7.225893974304199,14.176172256469727,2.2001166343688965
159,97.77262378348217,13,-2.3421037197113037,-8.940696716308594e-07,-2.342102825641632,-0.2342102825641632,1.0000009536743164,-1.216901183128357,1.216901183128357,9.91881279333029e-08,3.283230781555176,13.582189559936523,7.225885391235352,14.177084922790527,2.200305938720703
160,97.86421143449239,13,-2.342256546020508,1.5497207641601562e-06,-2.342258095741272,-0.2342258095741272,1.0000003576278687,-1.2169013023376465,1.2169013023376465,1.3632103446070687e-07,3.283475399017334,13.584088325500488,7.225873947143555,14.17798137664795,2.200493812561035
161,97.95581789324174,13,-2.3424158096313477,-5.960464477539063e-08,-2.342415750026703,-0.2342415750026703,0.9999992251396179,-1.2169013023376465,1.2169013023376465,1.4786093061047723e-07,3.2837183475494385,13.585977554321289,7.225861072540283,14.178864479064941,2.20068097114563
162,98.04744155027873,13,-2.3425698280334473,2.086162567138672e-06,-2.3425719141960144,-0.23425719141960144,0.9999974370002747,-1.2169013023376465,1.2169013023376465,1.096565966918206e-07,3.283958911895752,13.58784294128418,7.225845813751221,14.179728507995605,2.200866937637329
163,98.13908136159657,13,-2.3427250385284424,-2.3245811462402344e-06,-2.342722713947296,-0.23427227139472961,0.9999997019767761,-1.2169013023376465,1.2169013023376465,1.1453258252913656e-07,3.2841975688934326,13.589688301086426,7.225827217102051,14.18056869506836,2.2010505199432373
164,98.23073966317241,13,-2.3428831100463867,-3.5762786865234375e-07,-2.342882752418518,-0.2342882752418518,1.000000238418579,-1.2169013023376465,1.2169013023376465,1.3632103446070687e-07,3.2844347953796387,13.591520309448242,7.225808143615723,14.181406021118164,2.2012336254119873
165,98.32241457941475,13,-2.3430464267730713,-9.5367431640625e-07,-2.343045473098755,-0.2343045473098755,1.0000009536743164,-1.216901183128357,1.216901183128357,1.2805131177628937e-07,3.284670114517212,13.593338012695312,7.2257866859436035,14.182221412658691,2.2014150619506836
166,98.41410683829795,13,-2.3432087898254395,0.0,-2.3432087898254395,-0.23432087898254395,1.0000005960464478,-1.2169013023376465,1.2169013023376465,1.096565966918206e-07,3.284903049468994,13.595136642456055,7.22576379776001,14.183025360107422,2.2015953063964844
167,98.50581656704769,13,-2.3433709144592285,2.682209014892578e-06,-2.3433735966682434,-0.23433735966682434,0.9999995827674866,-1.216901421546936,1.216901421546936,2.038122204339743e-07,3.2851345539093018,13.596917152404785,7.225736618041992,14.183810234069824,2.2017741203308105
168,98.5975438647002,13,-2.3435356616973877,-2.384185791015625e-07,-2.3435354232788086,-0.23435354232788086,0.9999997019767761,-1.2169013023376465,1.2169013023376465,1.4027318684384227e-07,3.2853636741638184,13.59868049621582,7.225709915161133,14.184578895568848,2.2019519805908203
169,98.68928691482517,13,-2.3436989784240723,5.960464477539063e-08,-2.343699038028717,-0.2343699038028717,0.9999998211860657,-1.216901183128357,1.216901183128357,1.4786093061047723e-07,3.2855911254882812,13.600422859191895,7.225677967071533,14.185328483581543,2.2021284103393555
170,98.7810479632115,13,-2.3438639640808105,1.0728836059570312e-06,-2.3438650369644165,-0.23438650369644165,1.000001072883606,-1.2169013023376465,1.2169013023376465,1.4786093061047723e-07,3.2858166694641113,13.602149963378906,7.225645065307617,14.186063766479492,2.2023026943206787
171,98.87282785960845,13,-2.3440322875976562,8.344650268554688e-07,-2.344033122062683,-0.2344033122062683,1.0000009536743164,-1.216901183128357,1.216901183128357,1.096565966918206e-07,3.2860400676727295,13.603861808776855,7.225611686706543,14.186786651611328,2.2024762630462646
172,98.96462378125432,13,-2.3441996574401855,6.556510925292969e-07,-2.344200313091278,-0.2344200313091278,0.9999986290931702,-1.216901183128357,1.216901183128357,8.098676573808916e-08,3.286261558532715,13.605554580688477,7.225574016571045,14.187493324279785,2.202648162841797
173,99.05643717654881,13,-2.344367265701294,8.344650268554688e-07,-2.344368100166321,-0.23443681001663208,1.000002384185791,-1.2169013023376465,1.2169013023376465,1.2370932722660655e-07,3.2864813804626465,13.60722827911377,7.225534439086914,14.188178062438965,2.2028191089630127
174,99.14826810748295,13,-2.3445355892181396,1.1920928955078125e-06,-2.344536781311035,-0.23445367813110352,0.9999994039535522,-1.2169013023376465,1.2169013023376465,1.4786093061047723e-07,3.286699056625366,13.608885765075684,7.225493907928467,14.188854217529297,2.202988386154175
175,99.24011592092486,13,-2.344707489013672,-5.364418029785156e-07,-2.344706952571869,-0.2344706952571869,0.9999990463256836,-1.2169013023376465,1.2169013023376465,1.4027318684384227e-07,3.286914587020874,13.61052417755127,7.225449085235596,14.189506530761719,2.2031562328338623
176,99.33198112055175,13,-2.3448777198791504,-2.384185791015625e-06,-2.3448753356933594,-0.23448753356933594,1.0000014305114746,-1.2169013023376465,1.2169013023376465,1.2805131177628937e-07,3.2871286869049072,13.612149238586426,7.225405693054199,14.190155982971191,2.2033236026763916
177,99.42386304396547,13,-2.3450489044189453,-2.205371856689453e-06,-2.3450466990470886,-0.23450466990470886,1.0000001192092896,-1.216901183128357,1.216901183128357,1.4027318684384227e-07,3.2873408794403076,13.613753318786621,7.225357532501221,14.19078254699707,2.203488826751709
178,99.51576238669347,13,-2.3452205657958984,-1.3113021850585938e-06,-2.3452192544937134,-0.23452192544937134,0.9999983310699463,-1.2169013023376465,1.2169013023376465,1.1920928955078125e-07,3.287550926208496,13.615342140197754,7.225308895111084,14.19139575958252,2.203652858734131
179,99.60767981820403,13,-2.3453938961029053,0.0,-2.3453938961029053,-0.23453938961029053,1.000001072883606,-1.216901183128357,1.216901183128357,1.2805131177628937e-07,3.287759304046631,13.616913795471191,7.225257873535156,14.191994667053223,2.2038159370422363
180,99.69961386791954,13,-2.345569133758545,8.940696716308594e-07,-2.3455700278282166,-0.23455700278282166,0.9999985098838806,-1.216901183128357,1.216901183128357,1.1920928955078125e-07,3.2879650592803955,13.618463516235352,7.225203990936279,14.192572593688965,2.20397686958313
181,99.79156665262376,13,-2.34574031829834,4.76837158203125e-07,-2.345740795135498,-0.2345740795135498,1.0000001192092896,-1.216901183128357,1.216901183128357,7.393046530523861e-08,3.2881689071655273,13.6199951171875,7.2251482009887695,14.193137168884277,2.204136610031128
182,99.8835366933123,13,-2.345895767211914,-8.940696716308594e-07,-2.3458948731422424,-0.23458948731422424,1.0000004768371582,-1.2169010639190674,1.2169010639190674,1.7495140980372526e-07,3.2883710861206055,13.621514320373535,7.2250895500183105,14.193689346313477,2.2042956352233887
183,99.97552331117181,13,-2.3460440635681152,-7.748603820800781e-07,-2.346043288707733,-0.23460432887077332,0.9999998211860657,-1.216901183128357,1.216901183128357,1.4786093061047723e-07,3.288571357727051,13.623011589050293,7.225029468536377,14.194223403930664,2.2044529914855957
184,100.0675264217745,13,-2.346200466156006,-4.291534423828125e-06,-2.346196174621582,-0.2346196174621582,1.0000003576278687,-1.2169013023376465,1.2169013023376465,1.2805131177628937e-07,3.2887699604034424,13.624496459960938,7.224968910217285,14.194746971130371,2.204608917236328
185,100.15954901774789,13,-2.3463525772094727,-2.3245811462402344e-06,-2.3463502526283264,-0.23463502526283264,0.9999982714653015,-1.216901183128357,1.216901183128357,8.098676573808916e-08,3.288966655731201,13.625962257385254,7.224905967712402,14.19525146484375,2.204763889312744
186,100.25158734439182,13,-2.3465051651000977,9.5367431640625e-07,-2.346506118774414,-0.2346506118774414,1.000001072883606,-1.2169010639190674,1.2169010639190674,1.7804812557642435e-07,3.289161205291748,13.627411842346191,7.2248406410217285,14.195747375488281,2.2049171924591064
187,100.34364162715126,13,-2.3466601371765137,-2.384185791015625e-07,-2.3466598987579346,-0.23466598987579346,0.9999997019767761,-1.216901421546936,1.216901421546936,1.899308017527801e-07,3.289353609085083,13.628838539123535,7.2247724533081055,14.196221351623535,2.2050693035125732
188,100.43571487340412,13,-2.3468151092529297,1.2516975402832031e-06,-2.34681636095047,-0.234681636095047,1.0000003576278687,-1.2169013023376465,1.2169013023376465,1.3632103446070687e-07,3.2895445823669434,13.630252838134766,7.224703788757324,14.196684837341309,2.2052199840545654
189,100.52780671301376,13,-2.346970796585083,1.1324882507324219e-06,-2.3469719290733337,-0.23469719290733337,1.0000011920928955,-1.2169013023376465,1.2169013023376465,1.2805131177628937e-07,3.2897324562072754,13.631645202636719,7.224632740020752,14.19713306427002,2.205368995666504
190,100.61991459495923,13,-2.3471288681030273,7.152557373046875e-07,-2.3471295833587646,-0.23471295833587646,1.0000005960464478,-1.216901183128357,1.216901183128357,1.1920928955078125e-07,3.2899186611175537,13.63301944732666,7.224558353424072,14.197562217712402,2.2055165767669678
191,100.71203996318407,13,-2.347287178039551,-2.9206275939941406e-06,-2.347284257411957,-0.23472842574119568,0.9999996423721313,-1.216901183128357,1.216901183128357,1.5856318213991472e-07,3.2901036739349365,13.634377479553223,7.224483966827393,14.197979927062988,2.205662965774536
192,100.80418284837315,13,-2.347449779510498,-3.3974647521972656e-06,-2.347446382045746,-0.23474463820457458,0.9999998211860657,-1.2169010639190674,1.2169010639190674,1.4786093061047723e-07,3.290286064147949,13.635720252990723,7.224406719207764,14.198386192321777,2.205808401107788
193,100.89634362677123,13,-2.3476104736328125,-2.2649765014648438e-06,-2.347608208656311,-0.2347608208656311,0.9999993443489075,-1.216901421546936,1.216901421546936,2.0647654253025394e-07,3.290466785430908,13.637044906616211,7.224327564239502,14.198776245117188,2.2059521675109863
194,100.98852075440725,13,-2.3477697372436523,2.9802322387695312e-06,-2.347772717475891,-0.2347772717475891,0.9999997019767761,-1.2169010639190674,1.2169010639190674,1.3632103446070687e-07,3.2906460762023926,13.63835334777832,7.224247932434082,14.199149131774902,2.206094741821289
195,101.08071486900313,13,-2.3479390144348145,2.9802322387695312e-06,-2.3479419946670532,-0.23479419946670532,0.9999991059303284,-1.2169013023376465,1.2169013023376465,1.322508325074523e-07,3.290823221206665,13.639643669128418,7.224166393280029,14.199514389038086,2.206235885620117
196,101.17292677940272,13,-2.348106861114502,1.1324882507324219e-06,-2.3481079936027527,-0.23481079936027527,1.0,-1.216901421546936,1.216901421546936,1.983762558666058e-07,3.29099702835083,13.640911102294922,7.224081993103027,14.199859619140625,2.2063755989074707
197,101.26515633710324,13,-2.348271369934082,2.0265579223632812e-06,-2.3482733964920044,-0.23482733964920044,1.0,-1.216901421546936,1.216901421546936,2.038122204339743e-07,3.291170358657837,13.642165184020996,7.223995685577393,14.200193405151367,2.206514358520508
198,101.35740316201661,13,-2.348439931869507,2.4437904357910156e-06,-2.3484423756599426,-0.23484423756599426,1.0000011920928955,-1.2169013023376465,1.2169013023376465,1.4786093061047723e-07,3.2913403511047363,13.643396377563477,7.223906517028809,14.200508117675781,2.206650733947754
199,101.44966728037626,13,-2.348611354827881,-2.9802322387695312e-06,-2.348608374595642,-0.2348608374595642,0.9999990463256836,-1.2169010639190674,1.2169010639190674,1.7804812557642435e-07,3.2915093898773193,13.644618034362793,7.223816394805908,14.200811386108398,2.2067863941192627
200,101.54194912255652,13,-2.3487770557403564,3.2782554626464844e-06,-2.348780333995819,-0.2348780333995819,0.9999993443489075,-1.2169013023376465,1.2169013023376465,1.1920928955078125e-07,3.2916767597198486,13.645817756652832,7.223725318908691,14.201104164123535,2.206920862197876
201,101.63424932998372,13,-2.348893880844116,8.940696716308594e-07,-2.348894774913788,-0.23488947749137878,0.9999973773956299,-1.2169013023376465,1.2169013023376465,1.3632103446070687e-07,3.291841745376587,13.647001266479492,7.2236328125,14.20137882232666,2.207054376602173
202,101.72656590593544,13,-2.3490097522735596,6.556510925292969e-07,-2.349010407924652,-0.2349010407924652,1.000000238418579,-1.2169013023376465,1.2169013023376465,1.3632103446070687e-07,3.2920050621032715,13.648167610168457,7.223537921905518,14.201644897460938,2.207185983657837
203,101.81890089965728,13,-2.3491382598876953,-5.960464477539062e-07,-2.3491376638412476,-0.23491376638412476,0.9999993443489075,-1.2169013023376465,1.2169013023376465,1.1453258252913656e-07,3.292165517807007,13.649314880371094,7.223441123962402,14.201889038085938,2.2073159217834473
204,101.91125130235305,13,-2.3492627143859863,-7.748603820800781e-07,-2.3492619395256042,-0.23492619395256042,1.0000004768371582,-1.2169013023376465,1.2169013023376465,1.322508325074523e-07,3.2923245429992676,13.650444030761719,7.2233428955078125,14.202126502990723,2.207444906234741
205,102.00361936822931,13,-2.3493683338165283,0.0,-2.3493683338165283,-0.23493683338165283,1.000000238418579,-1.2169013023376465,1.2169013023376465,1.4027318684384227e-07,3.2924818992614746,13.651556015014648,7.223243713378906,14.202350616455078,2.2075726985931396
206,102.09600572424351,13,-2.3494691848754883,1.0728836059570312e-06,-2.3494702577590942,-0.23494702577590942,1.0000015497207642,-1.2169013023376465,1.2169013023376465,1.322508325074523e-07,3.2926368713378906,13.652652740478516,7.223141670227051,14.202557563781738,2.2076988220214844
207,102.18841024835527,13,-2.3495724201202393,-5.364418029785156e-07,-2.3495718836784363,-0.23495718836784363,0.9999997019767761,-1.216901421546936,1.216901421546936,1.9278705565284326e-07,3.2927894592285156,13.653726577758789,7.223038196563721,14.202754974365234,2.2078237533569336
208,102.28083105612534,13,-2.3496761322021484,6.556510925292969e-07,-2.349676787853241,-0.2349676787853241,1.0000026226043701,-1.2169013023376465,1.2169013023376465,1.2805131177628937e-07,3.292940855026245,13.654787063598633,7.222933292388916,14.202934265136719,2.207947015762329
209,102.37326929449843,13,-2.3497774600982666,-1.7285346984863281e-06,-2.349775731563568,-0.2349775731563568,0.9999979138374329,-1.216901421546936,1.216901421546936,2.0111259857458208e-07,3.2930893898010254,13.655828475952148,7.2228264808654785,14.203104019165039,2.2080776691436768
210,102.4657248687349,13,-2.3498849868774414,7.152557373046875e-07,-2.3498857021331787,-0.23498857021331787,1.0000003576278687,-1.2169010639190674,1.2169010639190674,1.5856318213991472e-07,3.2932372093200684,13.656852722167969,7.222719192504883,14.20326042175293,2.208228588104248
211,102.55819856158723,13,-2.3499932289123535,-1.1324882507324219e-06,-2.349992096424103,-0.23499920964241028,0.9999991059303284,-1.2169013023376465,1.2169013023376465,1.2370932722660655e-07,3.293382167816162,13.657859802246094,7.22260856628418,14.203399658203125,2.208378553390503
212,102.65068801145294,13,-2.3500993251800537,-1.430511474609375e-06,-2.350097894668579,-0.2350097894668579,1.0000008344650269,-1.2169013023376465,1.2169013023376465,1.096565966918206e-07,3.293524742126465,13.658843994140625,7.222496509552002,14.20352554321289,2.208527088165283
213,102.74319787046251,13,-2.350209951400757,-4.172325134277344e-06,-2.3502057790756226,-0.23502057790756226,1.0000008344650269,-1.2169013023376465,1.2169013023376465,1.1453258252913656e-07,3.293666362762451,13.659818649291992,7.222384452819824,14.203645706176758,2.2086753845214844
214,102.83572212144928,13,-2.350313425064087,3.516674041748047e-06,-2.3503169417381287,-0.23503169417381287,0.9999995231628418,-1.2169013023376465,1.2169013023376465,1.4027318684384227e-07,3.2938055992126465,13.660772323608398,7.222270488739014,14.203751564025879,2.208822250366211
215,102.92826725875223,13,-2.350414752960205,-6.556510925292969e-07,-2.3504140973091125,-0.23504140973091125,1.000001072883606,-1.2169010639190674,1.2169010639190674,1.3632103446070687e-07,3.29394268989563,13.661709785461426,7.2221550941467285,14.203842163085938,2.208967685699463
216,103.02082745654026,13,-2.3505213260650635,-3.2186508178710938e-06,-2.3505181074142456,-0.23505181074142456,1.0000001192092896,-1.2169013023376465,1.2169013023376465,1.322508325074523e-07,3.2940776348114014,13.662625312805176,7.222036361694336,14.2039155960083,2.2091124057769775
217,103.11340364375118,13,-2.3506240844726562,-1.3709068298339844e-06,-2.3506227135658264,-0.23506227135658264,1.0000001192092896,-1.2169010639190674,1.2169010639190674,1.55077842123319e-07,3.294210910797119,13.66352653503418,7.221918106079102,14.20398235321045,2.209256649017334
218,103.20600071561911,13,-2.3507308959960938,-2.384185791015625e-06,-2.3507285118103027,-0.23507285118103027,1.0000003576278687,-1.216901421546936,1.216901421546936,2.2424219991989958e-07,3.294342041015625,13.664407730102539,7.221798419952393,14.204034805297852,2.2093989849090576
219,103.29861088416042,13,-2.3508362770080566,-1.0728836059570312e-06,-2.3508352041244507,-0.23508352041244507,1.0000015497207642,-1.216901183128357,1.216901183128357,7.393046530523861e-08,3.29447078704834,13.665271759033203,7.221676349639893,14.204072952270508,2.209540843963623
220,103.3912419207681,13,-2.350942611694336,4.76837158203125e-07,-2.350943088531494,-0.23509430885314941,0.9999995827674866,-1.2169013023376465,1.2169013023376465,1.096565966918206e-07,3.2945988178253174,13.666120529174805,7.221553325653076,14.204100608825684,2.209681510925293
221,103.48388854017847,13,-2.351052761077881,5.960464477539062e-07,-2.3510533571243286,-0.23510533571243286,1.0000035762786865,-1.216901421546936,1.216901421546936,1.8109190591530933e-07,3.2947232723236084,13.666947364807129,7.221428871154785,14.204113960266113,2.2098214626312256
222,103.57655471377818,13,-2.351163625717163,-8.940696716308594e-07,-2.3511627316474915,-0.23511627316474915,0.9999986290931702,-1.2169013023376465,1.2169013023376465,1.1453258252913656e-07,3.294846773147583,13.667759895324707,7.221302509307861,14.204117774963379,2.2099599838256836
223,103.66923668526023,13,-2.3512766361236572,-5.960464477539063e-08,-2.3512765765190125,-0.23512765765190125,1.000001072883606,-1.2169013023376465,1.2169013023376465,1.2805131177628937e-07,3.2949676513671875,13.668553352355957,7.2211761474609375,14.204107284545898,2.2100977897644043
224,103.76193709971255,13,-2.351386070251465,-7.152557373046875e-07,-2.3513853549957275,-0.23513853549957275,1.000000238418579,-1.216901183128357,1.216901183128357,9.91881279333029e-08,3.2950870990753174,13.669334411621094,7.221045970916748,14.204087257385254,2.2102346420288086
225,103.85465399889468,13,-2.351501941680908,-6.556510925292969e-07,-2.3515012860298157,-0.23515012860298157,1.000000238418579,-1.2169013023376465,1.2169013023376465,1.2370932722660655e-07,3.295203924179077,13.670086860656738,7.220914840698242,14.204045295715332,2.210369825363159
226,103.9473879966833,13,-2.3516156673431396,-3.2186508178710938e-06,-2.3516124486923218,-0.23516124486923218,0.9999987483024597,-1.2169010639190674,1.2169010639190674,1.7804812557642435e-07,3.295319080352783,13.670829772949219,7.220784664154053,14.204002380371094,2.2105050086975098
227,104.04014030364705,13,-2.351731061935425,1.7881393432617188e-06,-2.351732850074768,-0.2351732850074768,0.9999995231628418,-1.2169013023376465,1.2169013023376465,1.3632103446070687e-07,3.2954318523406982,13.671549797058105,7.2206501960754395,14.203943252563477,2.2106380462646484
228,104.13291083232323,13,-2.351846218109131,-1.6093254089355469e-06,-2.351844608783722,-0.2351844608783722,0.9999995827674866,-1.2169013023376465,1.2169013023376465,1.3632103446070687e-07,3.2955434322357178,13.67225456237793,7.220516681671143,14.203868865966797,2.210770845413208
229,104.22569869794333,13,-2.351942539215088,4.172325134277344e-07,-2.3519429564476013,-0.23519429564476013,1.0000003576278687,-1.2169010639190674,1.2169010639190674,1.6858739115832577e-07,3.2956528663635254,13.672945976257324,7.220382213592529,14.203790664672852,2.210901975631714
230,104.31850219815017,13,-2.3520400524139404,9.5367431640625e-07,-2.352041006088257,-0.23520410060882568,1.0,-1.2169013023376465,1.2169013023376465,1.2370932722660655e-07,3.295759677886963,13.673614501953125,7.220246315002441,14.203697204589844,2.2110328674316406
231,104.41132377270638,13,-2.352141857147217,-1.3113021850585938e-06,-2.3521405458450317,-0.23521405458450317,1.0000001192092896,-1.2169013023376465,1.2169013023376465,1.4027318684384227e-07,3.2958645820617676,13.674266815185547,7.2201080322265625,14.203592300415039,2.211162567138672
232,104.50416384917911,13,-2.3522446155548096,-6.556510925292969e-07,-2.352243959903717,-0.2352243959903717,0.9999992847442627,-1.2169010639190674,1.2169010639190674,1.7804812557642435e-07,3.2959673404693604,13.67490005493164,7.219967842102051,14.203471183776855,2.2112908363342285
233,104.59702101827536,13,-2.3523406982421875,1.6093254089355469e-06,-2.3523423075675964,-0.23523423075675964,1.0000003576278687,-1.2169013023376465,1.2169013023376465,9.91881279333029e-08,3.2960689067840576,13.675518035888672,7.2198286056518555,14.203344345092773,2.211418390274048
234,104.68989631826422,13,-2.3524460792541504,-6.556510925292969e-07,-2.352445423603058,-0.2352445423603058,0.9999992251396179,-1.2169013023376465,1.2169013023376465,1.1453258252913656e-07,3.2961678504943848,13.676117897033691,7.2196879386901855,14.203206062316895,2.211544990539551
235,104.78278700262108,13,-2.3525471687316895,1.0728836059570312e-06,-2.3525482416152954,-0.23525482416152954,0.9999987483024597,-1.2169013023376465,1.2169013023376465,1.1920928955078125e-07,3.296265125274658,13.676697731018066,7.219543933868408,14.203051567077637,2.211669921875
236,104.87569771939312,13,-2.3526511192321777,8.344650268554688e-07,-2.3526519536972046,-0.23526519536972046,0.9999995827674866,-1.2169010639190674,1.2169010639190674,1.4411699567062897e-07,3.2963602542877197,13.677262306213379,7.219400882720947,14.202889442443848,2.21179461479187
237,104.9686236811568,13,-2.35275936126709,2.2649765014648438e-06,-2.3527616262435913,-0.23527616262435913,0.9999995231628418,-1.2169013023376465,1.2169013023376465,1.1453258252913656e-07,3.2964532375335693,13.677809715270996,7.219255447387695,14.202712059020996,2.2119178771972656
238,105.06156810979522,13,-2.3528647422790527,-5.960464477539062e-07,-2.352864146232605,-0.2352864146232605,0.9999988079071045,-1.216901183128357,1.216901183128357,1.2370932722660655e-07,3.296544075012207,13.67833423614502,7.219109535217285,14.202527046203613,2.2120399475097656
239,105.15452979514696,13,-2.3529720306396484,-1.7881393432617188e-06,-2.352970242500305,-0.23529702425003052,0.9999992847442627,-1.216901183128357,1.216901183128357,1.0455346455273684e-07,3.29663348197937,13.67884635925293,7.218961715698242,14.202332496643066,2.2121613025665283
240,105.24750740792831,13,-2.3530802726745605,1.7285346984863281e-06,-2.353082001209259,-0.2353082001209259,1.0000020265579224,-1.216901183128357,1.216901183128357,1.3632103446070687e-07,3.296719789505005,13.67933464050293,7.218813419342041,14.202120780944824,2.2122814655303955
241,105.34050502333402,13,-2.3532166481018066,5.960464477539063e-08,-2.3532167077064514,-0.23532167077064514,1.0000008344650269,-1.2169010639190674,1.2169010639190674,1.4786093061047723e-07,3.2968051433563232,13.679813385009766,7.21866512298584,14.201904296875,2.2124011516571045
242,105.4335196251626,13,-2.3533577919006348,1.3709068298339844e-06,-2.3533591628074646,-0.23533591628074646,0.9999979138374329,-1.216901183128357,1.216901183128357,1.1453258252913656e-07,3.296888589859009,13.680272102355957,7.218515396118164,14.201675415039062,2.2125191688537598
243,105.52655147251244,13,-2.353503942489624,1.2516975402832031e-06,-2.3535051941871643,-0.23535051941871643,0.9999998211860657,-1.2169010639190674,1.2169010639190674,1.5856318213991472e-07,3.296969175338745,13.680706024169922,7.2183637619018555,14.201431274414062,2.2126364707946777
244,105.61960111846179,13,-2.3536503314971924,8.940696716308594e-07,-2.353651225566864,-0.2353651225566864,1.0000005960464478,-1.2169010639190674,1.2169010639190674,1.7179887379370484e-07,3.2970480918884277,13.681129455566406,7.2182111740112305,14.201180458068848,2.2127525806427
245,105.7126666480084,13,-2.353787422180176,2.682209014892578e-06,-2.3537901043891907,-0.23537901043891907,1.0000026226043701,-1.2169013023376465,1.2169013023376465,1.1453258252913656e-07,3.2971251010894775,13.681532859802246,7.218058109283447,14.200921058654785,2.2128677368164062
246,105.80575067272201,13,-2.3539364337921143,-2.086162567138672e-06,-2.353934347629547,-0.2353934347629547,1.0000004768371582,-1.2169013023376465,1.2169013023376465,1.1920928955078125e-07,3.2972002029418945,13.681922912597656,7.217905044555664,14.200652122497559,2.212981939315796
247,105.89885253148285,13,-2.354079484939575,-2.980232238769531e-07,-2.3540791869163513,-0.23540791869163513,0.9999978542327881,-1.2169010639190674,1.2169010639190674,1.5856318213991472e-07,3.2972731590270996,13.682287216186523,7.217748641967773,14.200366973876953,2.213095188140869
248,105.99196981209553,13,-2.354224920272827,2.980232238769531e-07,-2.354225218296051,-0.2354225218296051,0.9999995827674866,-1.2169013023376465,1.2169013023376465,1.322508325074523e-07,3.2973437309265137,13.682637214660645,7.217592239379883,14.2000732421875,2.2132065296173096
249,106.08510514207643,13,-2.3543758392333984,-7.152557373046875e-07,-2.354375123977661,-0.2354375123977661,0.9999991059303284,-1.2169010639190674,1.2169010639190674,1.8703092052874126e-07,3.297412395477295,13.682967185974121,7.217434883117676,14.199760437011719,2.2133171558380127
250,106.17826164821054,13,-2.3545243740081787,-2.6226043701171875e-06,-2.3545217514038086,-0.23545217514038086,0.999998927116394,-1.2169013023376465,1.2169013023376465,1.096565966918206e-07,3.2974793910980225,13.683287620544434,7.217278480529785,14.199454307556152,2.213428020477295
251,106.27143221173229,13,-2.354673385620117,6.556510925292969e-07,-2.3546740412712097,-0.23546740412712097,0.9999995231628418,-1.2169010639190674,1.2169010639190674,1.3632103446070687e-07,3.297544240951538,13.683582305908203,7.2171196937561035,14.19913101196289,2.2135369777679443
252,106.3646205160007,13,-2.3548240661621094,1.7881393432617188e-07,-2.3548242449760437,-0.23548242449760437,0.9999995231628418,-1.2169010639190674,1.2169010639190674,1.55077842123319e-07,3.297606945037842,13.683860778808594,7.216958999633789,14.1987943649292,2.21364426612854
253,106.4578266263334,13,-2.354977607727051,-7.748603820800781e-07,-2.3549768328666687,-0.23549768328666687,0.999997079372406,-1.216901421546936,1.216901421546936,1.9560161490517203e-07,3.2976675033569336,13.684122085571289,7.216799736022949,14.198451042175293,2.2137508392333984
254,106.55104915737742,13,-2.355130672454834,2.384185791015625e-07,-2.355130910873413,-0.2355130910873413,1.0000008344650269,-1.2169010639190674,1.2169010639190674,1.322508325074523e-07,3.297726631164551,13.684367179870605,7.216638565063477,14.19809627532959,2.2138566970825195
255,106.64429174292806,13,-2.355283737182617,-5.364418029785156e-07,-2.355283200740814,-0.23552832007408142,1.0000027418136597,-1.2169010639190674,1.2169010639190674,1.6531353708160168e-07,3.297783136367798,13.684590339660645,7.216475486755371,14.197724342346191,2.213961362838745
256,106.7375497779459,13,-2.3554434776306152,9.5367431640625e-07,-2.3554444313049316,-0.23554444313049316,0.9999991059303284,-1.2169010639190674,1.2169010639190674,1.8703092052874126e-07,3.297837734222412,13.68480110168457,7.216313362121582,14.197357177734375,2.2140657901763916
257,106.8308246455641,13,-2.3556079864501953,-8.344650268554688e-07,-2.3556071519851685,-0.23556071519851685,1.0000003576278687,-1.2169010639190674,1.2169010639190674,1.7804812557642435e-07,3.2978906631469727,13.684991836547852,7.216150760650635,14.196974754333496,2.214168071746826
258,106.92411901183577,13,-2.3557851314544678,-3.5762786865234375e-07,-2.355784773826599,-0.2355784773826599,1.0000004768371582,-1.216901183128357,1.216901183128357,9.351546026437063e-08,3.2979414463043213,13.685164451599121,7.215986251831055,14.196578979492188,2.2142696380615234
259,107.01743018693874,13,-2.3559579849243164,-1.5497207641601562e-06,-2.3559564352035522,-0.23559564352035522,0.9999998211860657,-1.2169010639190674,1.2169010639190674,2.1427084107017436e-07,3.297989845275879,13.68531608581543,7.2158203125,14.19616985321045,2.214370012283325
260,107.11075820298105,13,-2.356135368347168,7.748603820800781e-07,-2.35613614320755,-0.235613614320755,1.0000011920928955,-1.216901183128357,1.216901183128357,1.1453258252913656e-07,3.2980360984802246,13.685453414916992,7.21565580368042,14.195761680603027,2.2144694328308105
261,107.20410531618789,13,-2.3563156127929688,-2.1457672119140625e-06,-2.356313467025757,-0.23563134670257568,1.0000014305114746,-1.2169010639190674,1.2169010639190674,1.55077842123319e-07,3.2980809211730957,13.68557357788086,7.215489864349365,14.19533920288086,2.2145681381225586
262,107.29746742320667,13,-2.3564863204956055,1.7881393432617188e-06,-2.3564881086349487,-0.23564881086349487,0.9999985098838806,-1.2169013023376465,1.2169013023376465,1.0455346455273684e-07,3.298123598098755,13.685674667358398,7.215323448181152,14.194907188415527,2.2146658897399902
263,107.3908486307608,13,-2.3566672801971436,2.3245811462402344e-06,-2.35666960477829,-0.23566696047782898,0.9999998211860657,-1.216901183128357,1.216901183128357,1.322508325074523e-07,3.298164129257202,13.685757637023926,7.215155601501465,14.194466590881348,2.214761734008789
264,107.48424787578794,13,-2.3568451404571533,2.682209014892578e-06,-2.356847822666168,-0.23568478226661682,1.000002145767212,-1.2169010639190674,1.2169010639190674,1.4786093061047723e-07,3.2982027530670166,13.68582534790039,7.214987754821777,14.194013595581055,2.214857339859009
265,107.57766119325181,13,-2.3570308685302734,-1.5497207641601562e-06,-2.3570293188095093,-0.23570293188095093,1.0000001192092896,-1.2169010639190674,1.2169010639190674,1.4786093061047723e-07,3.29823899269104,13.685872077941895,7.214818477630615,14.193557739257812,2.214951515197754
266,107.67109564092311,13,-2.3572072982788086,2.384185791015625e-07,-2.3572075366973877,-0.23572075366973877,1.0000015497207642,-1.2169013023376465,1.2169013023376465,1.1453258252913656e-07,3.2982735633850098,13.68590259552002,7.2146501541137695,14.193089485168457,2.2150447368621826
267,107.76454749674608,13,-2.3573713302612305,-1.3709068298339844e-06,-2.3573699593544006,-0.23573699593544006,1.0000001192092896,-1.2169010639190674,1.2169010639190674,1.55077842123319e-07,3.2983059883117676,13.685914039611816,7.214479446411133,14.192606925964355,2.215136766433716
268,107.8580151073878,13,-2.357541561126709,6.556510925292969e-07,-2.3575422167778015,-0.23575422167778015,0.9999997019767761,-1.216901183128357,1.216901183128357,1.0455346455273684e-07,3.2983365058898926,13.685911178588867,7.2143096923828125,14.19212532043457,2.21522855758667
269,107.95149999588187,13,-2.3577117919921875,1.1920928955078125e-06,-2.357712984085083,-0.2357712984085083,1.0000003576278687,-1.216901183128357,1.216901183128357,9.351546026437063e-08,3.298365354537964,13.685890197753906,7.214139461517334,14.191627502441406,2.215318441390991
270,108.04500312275846,13,-2.357884645462036,5.960464477539062e-07,-2.357885241508484,-0.2357885241508484,0.9999998211860657,-1.216901421546936,1.216901421546936,1.9278705565284326e-07,3.298391580581665,13.685848236083984,7.213968276977539,14.19112491607666,2.215407133102417
271,108.13852417553993,13,-2.3580563068389893,1.1920928955078125e-06,-2.3580574989318848,-0.23580574989318848,0.9999998211860657,-1.2169013023376465,1.2169013023376465,1.5151236709698424e-07,3.2984156608581543,13.685784339904785,7.213797569274902,14.190610885620117,2.2154951095581055
272,108.2320615721157,13,-2.3582162857055664,-5.364418029785156e-07,-2.3582157492637634,-0.23582157492637634,0.9999989867210388,-1.2169010639190674,1.2169010639190674,1.4411699567062897e-07,3.2984375953674316,13.685708045959473,7.213623046875,14.19008731842041,2.2155818939208984
273,108.32561553249445,13,-2.3583579063415527,-1.1920928955078125e-06,-2.3583567142486572,-0.23583567142486572,0.9999985098838806,-1.216901183128357,1.216901183128357,9.351546026437063e-08,3.2984580993652344,13.685613632202148,7.213450908660889,14.189556121826172,2.215667963027954
274,108.41918941774436,13,-2.3584976196289062,3.337860107421875e-06,-2.3585009574890137,-0.23585009574890137,0.9999983906745911,-1.216901183128357,1.216901183128357,9.91881279333029e-08,3.2984769344329834,13.685505867004395,7.213279724121094,14.189021110534668,2.2157535552978516
275,108.51277904043468,13,-2.3586459159851074,-7.152557373046875e-07,-2.35864520072937,-0.235864520072937,0.999997615814209,-1.2169010639190674,1.2169010639190674,1.983762558666058e-07,3.298492908477783,13.68537425994873,7.213105201721191,14.188474655151367,2.215837001800537
276,108.60638680600886,13,-2.3587894439697266,0.0,-2.3587894439697266,-0.23587894439697266,0.9999983906745911,-1.2169010639190674,1.2169010639190674,1.7495140980372526e-07,3.298506736755371,13.685224533081055,7.212932109832764,14.187918663024902,2.215919256210327
277,108.70001253553774,13,-2.3589351177215576,-2.0265579223632812e-06,-2.3589330911636353,-0.23589330911636353,0.9999994039535522,-1.2169010639190674,1.2169010639190674,1.9560161490517203e-07,3.2985191345214844,13.68505859375,7.212758541107178,14.187353134155273,2.216001272201538
278,108.79365537697528,13,-2.3590824604034424,3.2186508178710938e-06,-2.3590856790542603,-0.23590856790542603,1.0000009536743164,-1.216901183128357,1.216901183128357,1.0455346455273684e-07,3.298530340194702,13.684881210327148,7.212585926055908,14.186788558959961,2.2160820960998535
279,108.88731519814057,13,-2.3592307567596436,-1.7285346984863281e-06,-2.359229028224945,-0.2359229028224945,0.9999986290931702,-1.2169013023376465,1.2169013023376465,1.4411699567062897e-07,3.2985377311706543,13.684676170349121,7.2124104499816895,14.186203002929688,2.2161614894866943
280,108.98099200090452,13,-2.3593807220458984,-2.980232238769531e-07,-2.3593804240226746,-0.23593804240226746,1.000000238418579,-1.2169013023376465,1.2169013023376465,1.322508325074523e-07,3.298543691635132,13.684457778930664,7.212235450744629,14.185617446899414,2.2162396907806396
281,109.07468828876537,13,-2.3594961166381836,5.364418029785156e-07,-2.3594966530799866,-0.23594966530799866,0.9999985098838806,-1.2169010639190674,1.2169010639190674,1.4786093061047723e-07,3.2985482215881348,13.684221267700195,7.212060928344727,14.185022354125977,2.2163171768188477
282,109.16839997730447,13,-2.359609842300415,-2.9206275939941406e-06,-2.359606921672821,-0.2359606921672821,1.000000238418579,-1.2169010639190674,1.2169010639190674,1.8703092052874126e-07,3.2985496520996094,13.68396282196045,7.211885452270508,14.184415817260742,2.2163939476013184
283,109.26212815856077,13,-2.3597214221954346,3.2186508178710938e-06,-2.3597246408462524,-0.23597246408462524,0.9999998211860657,-1.2169010639190674,1.2169010639190674,1.2805131177628937e-07,3.2985498905181885,13.68369197845459,7.211709976196289,14.183808326721191,2.2164692878723145
284,109.35587623736782,13,-2.3598389625549316,-4.351139068603516e-06,-2.359834611415863,-0.2359834611415863,0.9999995827674866,-1.2169010639190674,1.2169010639190674,1.5151236709698424e-07,3.2985482215881348,13.683403968811035,7.2115349769592285,14.183187484741211,2.216543674468994
285,109.44964155348084,13,-2.3599562644958496,-6.556510925292969e-07,-2.359955608844757,-0.2359955608844757,0.9999985098838806,-1.2169013023376465,1.2169013023376465,1.1453258252913656e-07,3.298544406890869,13.683095932006836,7.211357593536377,14.1825590133667,2.216616630554199
286,109.54342288942075,13,-2.360074996948242,1.0132789611816406e-06,-2.3600760102272034,-0.23600760102272034,0.999997079372406,-1.2169013023376465,1.2169013023376465,1.1453258252913656e-07,3.2985382080078125,13.682771682739258,7.211184024810791,14.181927680969238,2.216688871383667
287,109.63722364481917,13,-2.3601908683776855,-1.1920928955078125e-07,-2.360190749168396,-0.2360190749168396,0.9999998807907104,-1.216901183128357,1.216901183128357,1.2805131177628937e-07,3.298530101776123,13.682426452636719,7.211008071899414,14.18128776550293,2.2167601585388184
288,109.73103941976296,13,-2.3603110313415527,-1.9669532775878906e-06,-2.360309064388275,-0.23603090643882751,1.0000003576278687,-1.216901183128357,1.216901183128357,1.1920928955078125e-07,3.298520088195801,13.682064056396484,7.210831165313721,14.180635452270508,2.216830015182495
289,109.8248730607049,13,-2.3604323863983154,6.556510925292969e-07,-2.360433042049408,-0.2360433042049408,0.9999976754188538,-1.2169010639190674,1.2169010639190674,1.6858739115832577e-07,3.2985079288482666,13.681685447692871,7.210654258728027,14.179978370666504,2.2168991565704346
290,109.91872450204923,13,-2.3605551719665527,5.960464477539063e-08,-2.3605552315711975,-0.23605552315711975,0.999997615814209,-1.216901183128357,1.216901183128357,1.0455346455273684e-07,3.2984938621520996,13.681290626525879,7.210479259490967,14.179317474365234,2.2169668674468994
291,110.01259367747181,13,-2.3606765270233154,4.172325134277344e-06,-2.3606806993484497,-0.23606806993484497,1.000001311302185,-1.2169010639190674,1.2169010639190674,1.7804812557642435e-07,3.298478126525879,13.680876731872559,7.21030330657959,14.178650856018066,2.217033863067627
292,110.10648141126129,13,-2.3608059883117676,-7.152557373046875e-07,-2.3608052730560303,-0.23608052730560303,1.0000035762786865,-1.2169013023376465,1.2169013023376465,1.096565966918206e-07,3.298459529876709,13.68044376373291,7.210126876831055,14.177969932556152,2.217099905014038
293,110.20038412465183,13,-2.360931873321533,-2.3245811462402344e-06,-2.360929548740387,-0.2360929548740387,0.9999995827674866,-1.2169010639190674,1.2169010639190674,1.6858739115832577e-07,3.2984399795532227,13.679994583129883,7.209951400756836,14.177288055419922,2.217164993286133
294,110.29430586462678,13,-2.361056327819824,3.4570693969726562e-06,-2.361059784889221,-0.23610597848892212,0.9999989867210388,-1.2169013023376465,1.2169013023376465,1.4786093061047723e-07,3.298417568206787,13.679526329040527,7.209775447845459,14.176594734191895,2.217228412628174
295,110.38824452067266,13,-2.3611865043640137,-1.8477439880371094e-06,-2.3611846566200256,-0.23611846566200256,1.0000011920928955,-1.2169010639190674,1.2169010639190674,1.6531353708160168e-07,3.2983930110931396,13.679038047790527,7.209599494934082,14.175893783569336,2.2172908782958984
296,110.48220176563737,13,-2.36128568649292,4.470348358154297e-06,-2.361290156841278,-0.2361290156841278,0.9999993443489075,-1.2169013023376465,1.2169013023376465,1.1920928955078125e-07,3.2983667850494385,13.678534507751465,7.209422588348389,14.175189018249512,2.2173523902893066
297,110.57617401561676,13,-2.3613321781158447,-2.980232238769531e-07,-2.361331880092621,-0.23613318800926208,1.0000004768371582,-1.216901183128357,1.216901183128357,8.747570490186263e-08,3.2983384132385254,13.678011894226074,7.209246635437012,14.174474716186523,2.2174129486083984
298,110.67016565338471,13,-2.3613815307617188,4.172325134277344e-07,-2.361381947994232,-0.23613819479942322,1.0000014305114746,-1.216901421546936,1.216901421546936,1.9278705565284326e-07,3.2983083724975586,13.677474021911621,7.209070682525635,14.173754692077637,2.217472553253174
299,110.76417366932752,13,-2.3614325523376465,6.556510925292969e-07,-2.361433207988739,-0.2361433207988739,1.0000016689300537,-1.2169013023376465,1.2169013023376465,1.2370932722660655e-07,3.298276662826538,13.676918983459473,7.208897113800049,14.17303466796875,2.217531204223633
300,110.85819794527005,13,-2.361483335494995,-2.7418136596679688e-06,-2.3614805936813354,-0.23614805936813354,0.9999993443489075,-1.216901421546936,1.216901421546936,1.983762558666058e-07,3.2982420921325684,13.676342010498047,7.2087202072143555,14.17230224609375,2.217587947845459
301,110.9522411629427,13,-2.361534833908081,0.0,-2.361534833908081,-0.2361534833908081,1.0000022649765015,-1.2169013023376465,1.2169013023376465,1.322508325074523e-07,3.2982053756713867,13.675749778747559,7.208544731140137,14.171562194824219,2.217644214630127
302,111.04630136743474,13,-2.3615872859954834,-1.7881393432617188e-06,-2.36158549785614,-0.236158549785614,0.9999968409538269,-1.216901421546936,1.216901421546936,1.7495140980372526e-07,3.2981677055358887,13.675141334533691,7.208370685577393,14.170822143554688,2.217700242996216
303,111.14037916441562,13,-2.3616409301757812,-2.980232238769531e-07,-2.3616406321525574,-0.23616406321525574,0.9999998807907104,-1.2169013023376465,1.2169013023376465,1.096565966918206e-07,3.2981274127960205,13.674513816833496,7.208195686340332,14.170073509216309,2.2177538871765137
304,111.23447603996145,13,-2.361694812774658,3.039836883544922e-06,-2.3616978526115417,-0.23616978526115417,0.9999995231628418,-1.2169013023376465,1.2169013023376465,1.55077842123319e-07,3.2980852127075195,13.673869132995605,7.20802116394043,14.16931438446045,2.2178072929382324
305,111.32858701145818,13,-2.36175274848938,2.384185791015625e-07,-2.361752986907959,-0.2361752986907959,1.0000008344650269,-1.216901421546936,1.216901421546936,1.9278705565284326e-07,3.2980401515960693,13.673202514648438,7.2078471183776855,14.16855239868164,2.2178590297698975
306,111.4227181046903,13,-2.3618087768554688,2.0265579223632812e-06,-2.361810803413391,-0.2361810803413391,0.9999982714653015,-1.2169013023376465,1.2169013023376465,1.096565966918206e-07,3.2979938983917236,13.67252254486084,7.207671642303467,14.167781829833984,2.217909812927246
307,111.51686499395709,13,-2.3618674278259277,-1.4901161193847656e-06,-2.3618659377098083,-0.23618659377098083,0.9999992251396179,-1.216901421546936,1.216901421546936,1.8408536561764777e-07,3.297945976257324,13.671826362609863,7.207499027252197,14.167010307312012,2.2179601192474365
308,111.6110292133718,13,-2.3619275093078613,1.1920928955078125e-07,-2.361927628517151,-0.2361927628517151,1.000000238418579,-1.216901421546936,1.216901421546936,1.6531353708160168e-07,3.2978951930999756,13.671106338500977,7.207325458526611,14.166227340698242,2.2180089950561523
309,111.7052121088499,13,-2.3619894981384277,-2.562999725341797e-06,-2.3619869351387024,-0.23619869351387024,0.9999998211860657,-1.2169013023376465,1.2169013023376465,1.096565966918206e-07,3.2978429794311523,13.670372009277344,7.207152366638184,14.165441513061523,2.2180566787719727
310,111.79941147304591,13,-2.3620471954345703,-1.8477439880371094e-06,-2.3620453476905823,-0.23620453476905823,0.9999992251396179,-1.2169013023376465,1.2169013023376465,1.1920928955078125e-07,3.297788381576538,13.6696195602417,7.206979751586914,14.164651870727539,2.2181031703948975
311,111.89362886574521,13,-2.3620948791503906,2.3245811462402344e-06,-2.362097203731537,-0.2362097203731537,1.0000003576278687,-1.2169013023376465,1.2169013023376465,1.322508325074523e-07,3.297732353210449,13.668851852416992,7.206807613372803,14.163854598999023,2.218148946762085
312,111.98786358984039,13,-2.3621411323547363,-1.6093254089355469e-06,-2.3621395230293274,-0.23621395230293274,1.000001311302185,-1.2169013023376465,1.2169013023376465,1.0455346455273684e-07,3.297673463821411,13.668060302734375,7.206635475158691,14.163047790527344,2.218193531036377
313,112.08211436334894,13,-2.362187385559082,-1.9669532775878906e-06,-2.3621854186058044,-0.23621854186058044,1.000000238418579,-1.2169010639190674,1.2169010639190674,1.6197353147617832e-07,3.2976133823394775,13.667257308959961,7.206462383270264,14.162240982055664,2.2182369232177734
314,112.17638192811641,13,-2.3622336387634277,-5.364418029785156e-07,-2.3622331023216248,-0.23622331023216248,0.9999978542327881,-1.2169010639190674,1.2169010639190674,1.7179887379370484e-07,3.297551155090332,13.66643238067627,7.206292152404785,14.161426544189453,2.2182796001434326
315,112.27066928184537,13,-2.36228084564209,-2.4437904357910156e-06,-2.362278401851654,-0.2362278401851654,0.9999995231628418,-1.2169010639190674,1.2169010639190674,1.4786093061047723e-07,3.2974865436553955,13.6655912399292,7.206122398376465,14.160603523254395,2.218320846557617
316,112.36497322667398,13,-2.3623299598693848,2.682209014892578e-06,-2.3623326420783997,-0.23623326420783997,1.0000015497207642,-1.2169010639190674,1.2169010639190674,1.5151236709698424e-07,3.2974202632904053,13.664732933044434,7.205952167510986,14.159782409667969,2.2183613777160645
317,112.45929292763536,13,-2.362377882003784,9.5367431640625e-07,-2.3623788356781006,-0.23623788356781006,1.0000007152557373,-1.2169013023376465,1.2169013023376465,1.1453258252913656e-07,3.297351598739624,13.66385555267334,7.205782413482666,14.158954620361328,2.218400478363037
318,112.5536312096213,13,-2.3624300956726074,1.4901161193847656e-06,-2.362431585788727,-0.23624315857887268,1.0000005960464478,-1.2169013023376465,1.2169013023376465,1.1920928955078125e-07,3.29728102684021,13.66296100616455,7.205613136291504,14.158119201660156,2.2184386253356934
319,112.6479873517704,13,-2.3624868392944336,-7.152557373046875e-07,-2.3624861240386963,-0.23624861240386963,1.000000238418579,-1.216901183128357,1.216901183128357,9.91881279333029e-08,3.297208547592163,13.662050247192383,7.205444812774658,14.157279968261719,2.218475580215454
320,112.74235878367622,13,-2.3625364303588867,3.5762786865234375e-07,-2.3625367879867554,-0.23625367879867554,0.9999982118606567,-1.2169010639190674,1.2169010639190674,1.6197353147617832e-07,3.2971341609954834,13.661118507385254,7.205276012420654,14.15643310546875,2.2185115814208984
321,112.8367502582913,13,-2.3625879287719727,1.6093254089355469e-06,-2.3625895380973816,-0.23625895380973816,1.0000001192092896,-1.2169010639190674,1.2169010639190674,1.4786093061047723e-07,3.297057867050171,13.660172462463379,7.205110549926758,14.155586242675781,2.2185468673706055
322,112.9311566619145,13,-2.362642765045166,4.172325134277344e-07,-2.3626431822776794,-0.23626431822776794,1.0000019073486328,-1.2169010639190674,1.2169010639190674,1.7804812557642435e-07,3.29697847366333,13.659202575683594,7.204941272735596,14.154726028442383,2.218580484390259
323,113.02558164028038,13,-2.362701416015625,-1.0132789611816406e-06,-2.362700402736664,-0.23627004027366638,0.9999998211860657,-1.2169010639190674,1.2169010639190674,1.9560161490517203e-07,3.29689884185791,13.658222198486328,7.204776287078857,14.153871536254883,2.218613624572754
324,113.12002338368788,13,-2.362762451171875,-2.4437904357910156e-06,-2.362760007381439,-0.23627600073814392,1.000001072883606,-1.2169013023376465,1.2169013023376465,1.4786093061047723e-07,3.296816110610962,13.657221794128418,7.204610347747803,14.153009414672852,2.2186450958251953
325,113.21448349613587,13,-2.3627612590789795,5.364418029785156e-07,-2.3627617955207825,-0.23627617955207825,0.9999982714653015,-1.216901183128357,1.216901183128357,1.1453258252913656e-07,3.29673171043396,13.656203269958496,7.2044453620910645,14.152140617370605,2.2186756134033203
326,113.30896148294609,13,-2.3627612590789795,2.384185791015625e-07,-2.3627614974975586,-0.23627614974975586,0.999998152256012,-1.2169010639190674,1.2169010639190674,1.6858739115832577e-07,3.296644926071167,13.655166625976562,7.204281330108643,14.151267051696777,2.218705177307129
327,113.40345268557854,13,-2.362760066986084,-6.556510925292969e-07,-2.3627594113349915,-0.23627594113349915,1.0000005960464478,-1.2169013023376465,1.2169013023376465,1.322508325074523e-07,3.2965569496154785,13.654114723205566,7.204117774963379,14.150392532348633,2.2187340259552
328,113.49796441441434,13,-2.3627593517303467,5.960464477539063e-08,-2.3627594113349915,-0.23627594113349915,1.0000004768371582,-1.2169013023376465,1.2169013023376465,1.2370932722660655e-07,3.296466588973999,13.653040885925293,7.203956127166748,14.149510383605957,2.218761682510376
329,113.5924937470582,13,-2.3627572059631348,7.152557373046875e-07,-2.362757921218872,-0.2362757921218872,0.999999463558197,-1.2169013023376465,1.2169013023376465,1.2805131177628937e-07,3.2963740825653076,13.651951789855957,7.203793048858643,14.148624420166016,2.2187881469726562
330,113.68703989714432,13,-2.362760305404663,2.9802322387695312e-06,-2.362763285636902,-0.23627632856369019,1.0000003576278687,-1.2169010639190674,1.2169010639190674,2.0910692910547368e-07,3.2962794303894043,13.650845527648926,7.20363187789917,14.14773178100586,2.218813419342041
331,113.7816021344458,13,-2.3627636432647705,2.6226043701171875e-06,-2.3627662658691406,-0.23627662658691406,1.000001311302185,-1.2169013023376465,1.2169013023376465,1.096565966918206e-07,3.2961833477020264,13.649718284606934,7.2034711837768555,14.14684009552002,2.2188377380371094
332,113.87618181868814,13,-2.362767457962036,-1.1920928955078125e-06,-2.3627662658691406,-0.23627662658691406,0.9999998807907104,-1.2169013023376465,1.2169013023376465,1.322508325074523e-07,3.2960851192474365,13.648576736450195,7.203310966491699,14.145942687988281,2.2188608646392822
333,113.97078070600904,13,-2.3627758026123047,-2.9802322387695312e-06,-2.362772822380066,-0.2362772822380066,1.000001311302185,-1.2169013023376465,1.2169013023376465,1.3632103446070687e-07,3.2959837913513184,13.64741325378418,7.203150749206543,14.145033836364746,2.2188827991485596
334,114.06539494219946,13,-2.362757682800293,-3.039836883544922e-06,-2.3627546429634094,-0.23627546429634094,0.9999991059303284,-1.216901183128357,1.216901183128357,1.2370932722660655e-07,3.295881986618042,13.646238327026367,7.202993392944336,14.144133567810059,2.2189037799835205
335,114.16002618007447,13,-2.3627076148986816,5.364418029785156e-07,-2.3627081513404846,-0.23627081513404846,0.9999997019767761,-1.2169010639190674,1.2169010639190674,1.7179887379370484e-07,3.2957775592803955,13.645042419433594,7.202835559844971,14.143221855163574,2.218923807144165
336,114.25467644737193,13,-2.362659215927124,1.2516975402832031e-06,-2.3626604676246643,-0.23626604676246643,0.9999989867210388,-1.2169013023376465,1.2169013023376465,1.1453258252913656e-07,3.295670986175537,13.643829345703125,7.202679634094238,14.14231014251709,2.218942642211914
337,114.34934248459119,13,-2.362603187561035,4.231929779052734e-06,-2.362607419490814,-0.23626074194908142,1.0000009536743164,-1.2169010639190674,1.2169010639190674,1.7495140980372526e-07,3.295563220977783,13.642601013183594,7.202524185180664,14.14139461517334,2.218961000442505
338,114.44402509039435,13,-2.362548828125,4.0531158447265625e-06,-2.3625528812408447,-0.23625528812408447,1.0000009536743164,-1.216901183128357,1.216901183128357,9.351546026437063e-08,3.29545259475708,13.641349792480469,7.202369213104248,14.140472412109375,2.218977689743042
339,114.53872651128553,13,-2.362496852874756,8.940696716308594e-07,-2.3624977469444275,-0.23624977469444275,1.0000001192092896,-1.216901183128357,1.216901183128357,1.096565966918206e-07,3.2953402996063232,13.640083312988281,7.202214241027832,14.139545440673828,2.2189931869506836
340,114.63344438853903,13,-2.3624444007873535,0.0,-2.3624444007873535,-0.23624444007873535,0.9999996423721313,-1.2169013023376465,1.2169013023376465,1.1920928955078125e-07,3.2952258586883545,13.638795852661133,7.202061653137207,14.138616561889648,2.219007730484009
341,114.72817985437743,13,-2.3623898029327393,-5.364418029785156e-07,-2.3623892664909363,-0.23623892664909363,1.0000005960464478,-1.2169013023376465,1.2169013023376465,1.1453258252913656e-07,3.295109987258911,13.637496948242188,7.20190954208374,14.137687683105469,2.2190213203430176
342,114.82293314332097,13,-2.3623404502868652,-2.7418136596679688e-06,-2.3623377084732056,-0.23623377084732056,0.9999998807907104,-1.2169013023376465,1.2169013023376465,1.3632103446070687e-07,3.2949910163879395,13.6361722946167,7.20175838470459,14.136749267578125,2.219033718109131
343,114.91770209520418,13,-2.3622894287109375,5.960464477539062e-07,-2.3622900247573853,-0.23622900247573853,0.9999979734420776,-1.2169010639190674,1.2169010639190674,1.5151236709698424e-07,3.2948710918426514,13.634836196899414,7.2016072273254395,14.135811805725098,2.2190451622009277
344,115.0124887656313,13,-2.362238883972168,7.748603820800781e-07,-2.36223965883255,-0.236223965883255,0.9999995231628418,-1.2169013023376465,1.2169013023376465,1.1453258252913656e-07,3.2947490215301514,13.633481979370117,7.20145845413208,14.134871482849121,2.219055652618408
345,115.10729451114736,13,-2.362187385559082,3.993511199951172e-06,-2.362191379070282,-0.2362191379070282,1.0000015497207642,-1.2169013023376465,1.2169013023376465,1.096565966918206e-07,3.2946248054504395,13.632113456726074,7.2013092041015625,14.133929252624512,2.219064712524414
346,115.20211469677172,13,-2.3621394634246826,1.8477439880371094e-06,-2.3621413111686707,-0.23621413111686707,0.9999993443489075,-1.216901183128357,1.216901183128357,1.4786093061047723e-07,3.294498920440674,13.630719184875488,7.201162338256836,14.13298225402832,2.2190730571746826
347,115.2969535125552,13,-2.362093687057495,-1.2516975402832031e-06,-2.362092435359955,-0.23620924353599548,1.0,-1.216901183128357,1.216901183128357,1.4786093061047723e-07,3.294370174407959,13.629308700561523,7.201014995574951,14.132027626037598,2.2190794944763184
348,115.39180889770934,13,-2.362051486968994,-1.3709068298339844e-06,-2.3620501160621643,-0.23620501160621643,0.9999998807907104,-1.216901183128357,1.216901183128357,9.91881279333029e-08,3.2942402362823486,13.627884864807129,7.200870037078857,14.13107967376709,2.219086170196533
349,115.48668225212333,13,-2.362010955810547,-7.748603820800781e-07,-2.362010180950165,-0.23620101809501648,0.9999979138374329,-1.2169013023376465,1.2169013023376465,1.1920928955078125e-07,3.2941081523895264,13.626441955566406,7.20072603225708,14.130121231079102,2.2190911769866943
350,115.58157130002631,13,-2.3619654178619385,1.8477439880371094e-06,-2.3619672656059265,-0.23619672656059265,0.9999991059303284,-1.2169013023376465,1.2169013023376465,1.2805131177628937e-07,3.2939743995666504,13.624982833862305,7.200583457946777,14.129162788391113,2.219094753265381
351,115.6764798967668,13,-2.3619272708892822,5.960464477539063e-08,-2.361927330493927,-0.2361927330493927,1.0000005960464478,-1.2169013023376465,1.2169013023376465,1.322508325074523e-07,3.2938387393951416,13.623502731323242,7.200440406799316,14.128202438354492,2.219097375869751
352,115.77140485064704,13,-2.3618898391723633,-3.039836883544922e-06,-2.3618867993354797,-0.23618867993354797,1.0000007152557373,-1.2169013023376465,1.2169013023376465,1.2370932722660655e-07,3.2937002182006836,13.6220064163208,7.2002997398376465,14.127239227294922,2.219099760055542
353,115.86634380610185,13,-2.361851692199707,-6.556510925292969e-07,-2.3618510365486145,-0.23618510365486145,1.0000003576278687,-1.2169015407562256,1.2169015407562256,2.844161599568906e-07,3.29356050491333,13.620491981506348,7.200160026550293,14.126274108886719,2.2191004753112793
354,115.96130390526046,13,-2.3618111610412598,1.430511474609375e-06,-2.3618125915527344,-0.23618125915527344,1.0000005960464478,-1.216901183128357,1.216901183128357,1.1453258252913656e-07,3.2934186458587646,13.618959426879883,7.200020790100098,14.125301361083984,2.219099283218384
355,116.05627881596997,13,-2.361776828765869,-3.2782554626464844e-06,-2.3617735505104065,-0.23617735505104065,0.9999993443489075,-1.2169013023376465,1.2169013023376465,1.1920928955078125e-07,3.2932748794555664,13.617412567138672,7.199883460998535,14.1243314743042,2.219097852706909
356,116.15127311372389,13,-2.361738920211792,1.2516975402832031e-06,-2.3617401719093323,-0.23617401719093323,0.9999993443489075,-1.2169010639190674,1.2169010639190674,1.983762558666058e-07,3.2931289672851562,13.6158447265625,7.1997456550598145,14.123355865478516,2.2190959453582764
357,116.24628186499686,13,-2.3617031574249268,3.5762786865234375e-07,-2.3617035150527954,-0.23617035150527954,0.9999995231628418,-1.2169013023376465,1.2169013023376465,1.2370932722660655e-07,3.2929813861846924,13.614259719848633,7.199612140655518,14.122383117675781,2.21909236907959
358,116.34130935084434,13,-2.3616671562194824,-5.960464477539062e-07,-2.3616665601730347,-0.23616665601730347,0.9999998211860657,-1.2169013023376465,1.2169013023376465,1.4786093061047723e-07,3.2928316593170166,13.612655639648438,7.19947624206543,14.1214017868042,2.2190868854522705
359,116.4363542250689,13,-2.3616342544555664,-3.4570693969726562e-06,-2.3616307973861694,-0.23616307973861694,0.9999998211860657,-1.216901183128357,1.216901183128357,1.1453258252913656e-07,3.292680025100708,13.611035346984863,7.199343204498291,14.12042236328125,2.2190818786621094
360,116.53141449845734,13,-2.3615944385528564,2.980232238769531e-07,-2.3615947365760803,-0.23615947365760803,0.999999463558197,-1.2169013023376465,1.2169013023376465,1.1453258252913656e-07,3.2925260066986084,13.609396934509277,7.1992106437683105,14.119439125061035,2.2190744876861572
361,116.62649170121523,13,-2.3615620136260986,-1.5497207641601562e-06,-2.3615604639053345,-0.23615604639053345,1.000000238418579,-1.2169010639190674,1.2169010639190674,1.55077842123319e-07,3.292370319366455,13.607743263244629,7.199080944061279,14.11845588684082,2.219066858291626
362,116.72159023386995,13,-2.3615283966064453,1.6689300537109375e-06,-2.361530065536499,-0.2361530065536499,0.9999992847442627,-1.2169010639190674,1.2169010639190674,1.7495140980372526e-07,3.2922134399414062,13.606072425842285,7.198951244354248,14.117471694946289,2.21905779838562
363,116.81670214039889,13,-2.361496686935425,0.0,-2.361496686935425,-0.23614966869354248,0.9999995231628418,-1.2169010639190674,1.2169010639190674,1.6197353147617832e-07,3.292053461074829,13.604379653930664,7.198822498321533,14.11648178100586,2.219047784805298
364,116.91183054816996,13,-2.3614659309387207,5.960464477539063e-08,-2.3614659905433655,-0.23614659905433655,1.0000011920928955,-1.216901183128357,1.216901183128357,1.2805131177628937e-07,3.2918925285339355,13.60267162322998,7.198695182800293,14.115492820739746,2.2190372943878174
365,117.00697748328503,13,-2.361436367034912,-3.159046173095703e-06,-2.361433207988739,-0.2361433207988739,1.0000009536743164,-1.216901421546936,1.216901421546936,1.9278705565284326e-07,3.291728973388672,13.600946426391602,7.198569297790527,14.114500045776367,2.219024419784546
366,117.1021414100116,13,-2.3613991737365723,6.556510925292969e-07,-2.361399829387665,-0.23613998293876648,0.9999973177909851,-1.2169013023376465,1.2169013023376465,1.1920928955078125e-07,3.2915637493133545,13.599205017089844,7.198445796966553,14.113508224487305,2.2190113067626953
367,117.19732141911236,13,-2.3611950874328613,-2.980232238769531e-07,-2.3611947894096375,-0.23611947894096375,0.9999992251396179,-1.2169013023376465,1.2169013023376465,1.322508325074523e-07,3.291396141052246,13.597442626953125,7.198321342468262,14.11251163482666,2.21899676322937
368,117.29252012029913,13,-2.360881805419922,3.039836883544922e-06,-2.3608848452568054,-0.23608848452568054,1.0000007152557373,-1.2169013023376465,1.2169013023376465,1.4027318684384227e-07,3.291226863861084,13.595661163330078,7.198198318481445,14.11151123046875,2.2189810276031494
369,117.38773481474261,13,-2.360574245452881,2.1457672119140625e-06,-2.3605763912200928,-0.23605763912200928,0.9999991059303284,-1.216901183128357,1.216901183128357,1.55077842123319e-07,3.2910561561584473,13.59386920928955,7.19807767868042,14.110518455505371,2.2189648151397705
370,117.48296719850248,13,-2.360269784927368,-9.5367431640625e-07,-2.3602688312530518,-0.23602688312530518,1.0000001192092896,-1.216901183128357,1.216901183128357,9.91881279333029e-08,3.2908833026885986,13.59205436706543,7.197958946228027,14.109519004821777,2.218947410583496
371,117.57821640625819,13,-2.359959125518799,3.5762786865234375e-07,-2.3599594831466675,-0.23599594831466675,1.0000005960464478,-1.216901183128357,1.216901183128357,9.91881279333029e-08,3.290708303451538,13.590224266052246,7.197840690612793,14.108519554138184,2.218928813934326
372,117.67348063532214,13,-2.359647512435913,5.364418029785156e-07,-2.359648048877716,-0.2359648048877716,0.9999995827674866,-1.2169010639190674,1.2169010639190674,1.6531353708160168e-07,3.2905311584472656,13.588374137878418,7.197724342346191,14.107513427734375,2.2189090251922607
373,117.76876269019318,13,-2.359340190887451,2.384185791015625e-06,-2.359342575073242,-0.23593425750732422,1.0000016689300537,-1.216901183128357,1.216901183128357,8.747570490186263e-08,3.2903521060943604,13.586507797241211,7.197608470916748,14.106510162353516,2.2188880443573
374,117.86406553785517,13,-2.359035015106201,-8.940696716308594e-07,-2.3590341210365295,-0.23590341210365295,0.9999995827674866,-1.2169010639190674,1.2169010639190674,1.4786093061047723e-07,3.2901721000671387,13.584625244140625,7.197495460510254,14.105511665344238,2.2188665866851807
375,117.95938170867448,13,-2.358726978302002,-4.172325134277344e-07,-2.3587265610694885,-0.23587265610694885,1.000001072883606,-1.216901183128357,1.216901183128357,7.393046530523861e-08,3.2899889945983887,13.582723617553711,7.197380542755127,14.104501724243164,2.218843698501587
376,118.05471547441134,13,-2.3584237098693848,1.2516975402832031e-06,-2.358424961566925,-0.2358424961566925,0.9999999403953552,-1.216901183128357,1.216901183128357,1.096565966918206e-07,3.2898049354553223,13.580806732177734,7.197270393371582,14.103499412536621,2.2188193798065186
377,118.15006471402056,13,-2.358114242553711,1.6689300537109375e-06,-2.3581159114837646,-0.23581159114837646,0.9999996423721313,-1.216901183128357,1.216901183128357,9.91881279333029e-08,3.2896177768707275,13.578866958618164,7.1971588134765625,14.102486610412598,2.2187938690185547
378,118.2454339592005,13,-2.357809543609619,1.1920928955078125e-06,-2.3578107357025146,-0.23578107357025146,0.9999995827674866,-1.2169010639190674,1.2169010639190674,1.4786093061047723e-07,3.2894299030303955,13.57691764831543,7.197051525115967,14.101484298706055,2.218768358230591
379,118.34081913961492,13,-2.3575279712677,-6.556510925292969e-07,-2.3575273156166077,-0.23575273156166077,1.0000015497207642,-1.2169010639190674,1.2169010639190674,1.4411699567062897e-07,3.2892391681671143,13.574944496154785,7.1969428062438965,14.100472450256348,2.2187411785125732
380,118.43622112439625,13,-2.3572440147399902,-7.152557373046875e-07,-2.357243299484253,-0.2357243299484253,1.0000007152557373,-1.2169013023376465,1.2169013023376465,1.096565966918206e-07,3.2890467643737793,13.572953224182129,7.196836471557617,14.099459648132324,2.218712329864502
381,118.53163934436358,13,-2.3569562435150146,2.1457672119140625e-06,-2.3569583892822266,-0.23569583892822266,0.999998152256012,-1.2169010639190674,1.2169010639190674,1.8703092052874126e-07,3.2888526916503906,13.570947647094727,7.1967315673828125,14.098453521728516,2.2186834812164307
382,118.62707536156577,13,-2.3566670417785645,2.562999725341797e-06,-2.35666960477829,-0.23566696047782898,0.9999988079071045,-1.2169010639190674,1.2169010639190674,1.7495140980372526e-07,3.28865647315979,13.568922996520996,7.196628093719482,14.097441673278809,2.2186527252197266
383,118.72252504974358,13,-2.3563828468322754,-4.112720489501953e-06,-2.356378734111786,-0.2356378734111786,1.0000007152557373,-1.2169010639190674,1.2169010639190674,1.4027318684384227e-07,3.288458824157715,13.566883087158203,7.196527481079102,14.096430778503418,2.2186214923858643
384,118.81799546933601,13,-2.3560914993286133,2.6226043701171875e-06,-2.3560941219329834,-0.23560941219329834,0.9999988079071045,-1.2169013023376465,1.2169013023376465,1.096565966918206e-07,3.288259267807007,13.564825057983398,7.1964263916015625,14.09542179107666,2.2185890674591064
385,118.91348055880626,13,-2.3558056354522705,5.960464477539062e-07,-2.3558062314987183,-0.23558062314987183,1.0000019073486328,-1.2169013023376465,1.2169013023376465,1.2370932722660655e-07,3.2880568504333496,13.562746047973633,7.196327209472656,14.094407081604004,2.218555212020874
386,119.00898592105452,13,-2.355515718460083,8.344650268554688e-07,-2.35551655292511,-0.235551655292511,0.9999995231628418,-1.2169010639190674,1.2169010639190674,1.6197353147617832e-07,3.287853479385376,13.560652732849121,7.196230411529541,14.09339427947998,2.218520164489746
387,119.10450503333425,13,-2.355207920074463,1.7881393432617188e-07,-2.355208098888397,-0.23552080988883972,1.0000014305114746,-1.2169010639190674,1.2169010639190674,1.4027318684384227e-07,3.2876482009887695,13.55854320526123,7.196134090423584,14.092381477355957,2.218484401702881
388,119.20004178793927,13,-2.3548927307128906,9.5367431640625e-07,-2.354893684387207,-0.2354893684387207,0.9999999403953552,-1.2169013023376465,1.2169013023376465,1.096565966918206e-07,3.287440776824951,13.556414604187012,7.19603967666626,14.09136962890625,2.21844744682312
389,119.2955975824726,13,-2.3545799255371094,1.7285346984863281e-06,-2.354581654071808,-0.2354581654071808,0.9999997615814209,-1.216901183128357,1.216901183128357,9.91881279333029e-08,3.2872304916381836,13.554264068603516,7.195945739746094,14.09035587310791,2.218409538269043
390,119.39116593985712,13,-2.3542675971984863,2.6226043701171875e-06,-2.3542702198028564,-0.23542702198028564,0.9999991059303284,-1.216901183128357,1.216901183128357,1.0455346455273684e-07,3.2870194911956787,13.552098274230957,7.195853233337402,14.089339256286621,2.2183704376220703
391,119.48675587362953,13,-2.353957176208496,7.152557373046875e-07,-2.3539578914642334,-0.23539578914642334,1.0000004768371582,-1.2169013023376465,1.2169013023376465,1.1920928955078125e-07,3.286806583404541,13.549920082092285,7.195762634277344,14.08832836151123,2.2183306217193604
392,119.58235728508586,13,-2.353644847869873,-1.7881393432617188e-07,-2.3536446690559387,-0.23536446690559387,0.9999999403953552,-1.2169010639190674,1.2169010639190674,1.6858739115832577e-07,3.2865915298461914,13.547721862792969,7.195673942565918,14.087311744689941,2.218289613723755
393,119.67798072981843,13,-2.3533310890197754,5.960464477539063e-08,-2.35333114862442,-0.23533311486244202,0.9999989867210388,-1.2169010639190674,1.2169010639190674,1.8703092052874126e-07,3.28637433052063,13.545506477355957,7.195586681365967,14.086301803588867,2.2182469367980957
394,119.77361893465635,13,-2.353020668029785,1.430511474609375e-06,-2.3530220985412598,-0.23530220985412598,1.0000007152557373,-1.216901183128357,1.216901183128357,9.351546026437063e-08,3.2861557006835938,13.5432710647583,7.195500373840332,14.085289001464844,2.2182037830352783
395,119.86927304073673,13,-2.3527116775512695,-2.8014183044433594e-06,-2.352708876132965,-0.2352708876132965,0.9999996423721313,-1.2169010639190674,1.2169010639190674,1.8408536561764777e-07,3.2859349250793457,13.54101848602295,7.19541597366333,14.084271430969238,2.2181596755981445
396,119.96494610793214,13,-2.352431058883667,1.8477439880371094e-06,-2.352432906627655,-0.2352432906627655,0.9999992847442627,-1.216901183128357,1.216901183128357,1.322508325074523e-07,3.2857120037078857,13.538747787475586,7.195333003997803,14.083255767822266,2.218113660812378
397,120.06063319608172,13,-2.3523929119110107,-1.7285346984863281e-06,-2.3523911833763123,-0.23523911833763123,0.9999987483024597,-1.216901421546936,1.216901421546936,2.0111259857458208e-07,3.2854878902435303,13.536465644836426,7.195251941680908,14.082250595092773,2.2180674076080322
398,120.1563378934399,13,-2.352348566055298,-8.940696716308594e-07,-2.352347671985626,-0.23523476719856262,0.9999989867210388,-1.2169010639190674,1.2169010639190674,1.8109190591530933e-07,3.2852609157562256,13.534158706665039,7.195169925689697,14.081231117248535,2.218019723892212
399,120.25205761365685,13,-2.352294921875,1.1920928955078125e-06,-2.3522961139678955,-0.23522961139678955,0.9999991059303284,-1.2169010639190674,1.2169010639190674,2.038122204339743e-07,3.2850329875946045,13.531840324401855,7.19509220123291,14.08022403717041,2.217971086502075
400,120.34779899768874,13,-2.3522324562072754,3.159046173095703e-06,-2.3522356152534485,-0.23522356152534485,0.999998927116394,-1.216901183128357,1.216901183128357,1.0455346455273684e-07,3.2848031520843506,13.529505729675293,7.195015907287598,14.079218864440918,2.217921495437622
401,120.44355547029485,13,-2.3521711826324463,3.337860107421875e-06,-2.3521745204925537,-0.23521745204925537,1.0000001192092896,-1.216901421546936,1.216901421546936,1.983762558666058e-07,3.2845711708068848,13.527148246765137,7.194939613342285,14.078202247619629,2.2178707122802734
402,120.53932567911666,13,-2.35211181640625,-2.86102294921875e-06,-2.352108955383301,-0.23521089553833008,1.000001311302185,-1.2169010639190674,1.2169010639190674,2.0910692910547368e-07,3.284337282180786,13.524773597717285,7.19486665725708,14.077189445495605,2.2178187370300293
403,120.63511409873762,13,-2.3520209789276123,9.5367431640625e-07,-2.3520219326019287,-0.23520219326019287,1.0,-1.216901183128357,1.216901183128357,9.351546026437063e-08,3.284101963043213,13.522384643554688,7.194794178009033,14.076184272766113,2.217766046524048
404,120.73092241750908,13,-2.3519229888916016,5.960464477539062e-07,-2.3519235849380493,-0.23519235849380493,1.0000004768371582,-1.216901183128357,1.216901183128357,8.098676573808916e-08,3.2838642597198486,13.519974708557129,7.1947221755981445,14.075175285339355,2.2177116870880127
405,120.82674381770708,13,-2.351827383041382,8.344650268554688e-07,-2.3518282175064087,-0.23518282175064087,0.999999463558197,-1.2169010639190674,1.2169010639190674,1.899308017527801e-07,3.2836248874664307,13.517549514770508,7.1946539878845215,14.074164390563965,2.2176566123962402
406,120.922582783124,13,-2.3517346382141113,-5.364418029785156e-06,-2.3517292737960815,-0.23517292737960815,0.9999995827674866,-1.2169013023376465,1.2169013023376465,1.1453258252913656e-07,3.28338360786438,13.515107154846191,7.194584846496582,14.073159217834473,2.2176008224487305
407,121.0184384624853,13,-2.351637840270996,-6.556510925292969e-07,-2.3516371846199036,-0.23516371846199036,0.9999988675117493,-1.2169010639190674,1.2169010639190674,1.8109190591530933e-07,3.2831406593322754,13.51264762878418,7.194518566131592,14.072151184082031,2.217543601989746
408,121.11431123448472,13,-2.3515396118164062,7.152557373046875e-07,-2.3515403270721436,-0.23515403270721436,0.9999992847442627,-1.216901183128357,1.216901183128357,1.322508325074523e-07,3.282895088195801,13.510167121887207,7.19445276260376,14.071141242980957,2.217484712600708
409,121.21020133698684,13,-2.3514366149902344,0.0,-2.3514366149902344,-0.23514366149902344,1.0000001192092896,-1.2169013023376465,1.2169013023376465,1.2370932722660655e-07,3.282648801803589,13.507676124572754,7.194391250610352,14.070143699645996,2.2174265384674072
410,121.30610658437031,13,-2.351325750350952,2.384185791015625e-06,-2.351328134536743,-0.23513281345367432,1.0,-1.216901183128357,1.216901183128357,8.098676573808916e-08,3.282399892807007,13.505162239074707,7.194328308105469,14.069137573242188,2.2173657417297363
411,121.4020303651448,13,-2.351221799850464,-9.5367431640625e-07,-2.3512208461761475,-0.23512208461761475,0.9999998211860657,-1.2169010639190674,1.2169010639190674,1.9278705565284326e-07,3.282149314880371,13.502632141113281,7.194268226623535,14.068135261535645,2.217303991317749
412,121.49797122947007,13,-2.3511133193969727,-6.556510925292969e-07,-2.35111266374588,-0.235111266374588,0.9999979734420776,-1.2169010639190674,1.2169010639190674,1.4027318684384227e-07,3.2818973064422607,13.500086784362793,7.194209575653076,14.067133903503418,2.2172417640686035
413,121.59392527461547,13,-2.3510096073150635,-1.5497207641601562e-06,-2.3510080575942993,-0.23510080575942993,1.0000004768371582,-1.2169010639190674,1.2169010639190674,1.9278705565284326e-07,3.2816429138183594,13.49752140045166,7.194152355194092,14.066131591796875,2.217177391052246
414,121.68989799229598,13,-2.3509044647216797,-1.1920928955078125e-07,-2.35090434551239,-0.235090434551239,1.0000019073486328,-1.216901421546936,1.216901421546936,2.0111259857458208e-07,3.2813868522644043,13.494940757751465,7.194097518920898,14.065136909484863,2.217113494873047
415,121.78588679109903,13,-2.3507981300354004,1.6093254089355469e-06,-2.3507997393608093,-0.23507997393608093,1.000000238418579,-1.216901183128357,1.216901183128357,1.2370932722660655e-07,3.2811288833618164,13.492341995239258,7.194042682647705,14.064135551452637,2.217047691345215
416,121.8818918470656,13,-2.3506951332092285,-1.7881393432617188e-06,-2.3506933450698853,-0.23506933450698853,0.999999463558197,-1.2169013023376465,1.2169013023376465,1.6531353708160168e-07,3.280869483947754,13.489725112915039,7.193990707397461,14.063139915466309,2.216980457305908
417,121.97791332901633,13,-2.3505935668945312,-2.1457672119140625e-06,-2.3505914211273193,-0.23505914211273193,0.9999992847442627,-1.2169013023376465,1.2169013023376465,1.096565966918206e-07,3.2806079387664795,13.487092971801758,7.193939685821533,14.06214714050293,2.2169132232666016
418,122.0739543334833,13,-2.3504929542541504,1.0132789611816406e-06,-2.3504939675331116,-0.23504939675331116,1.0000008344650269,-1.2169010639190674,1.2169010639190674,1.8408536561764777e-07,3.2803449630737305,13.484443664550781,7.193890571594238,14.06115436553955,2.216844081878662
419,122.1700095161185,13,-2.350390911102295,-1.8477439880371094e-06,-2.350389063358307,-0.2350389063358307,0.9999985098838806,-1.2169010639190674,1.2169010639190674,1.5151236709698424e-07,3.2800791263580322,13.481770515441895,7.193841934204102,14.060158729553223,2.216773748397827
420,122.26608167237855,13,-2.350292682647705,-1.7881393432617188e-07,-2.3502925038337708,-0.23502925038337708,1.0000007152557373,-1.216901421546936,1.216901421546936,1.8408536561764777e-07,3.279813051223755,13.479090690612793,7.193796157836914,14.059174537658691,2.216737985610962
421,122.36217119888266,13,-2.3501906394958496,-5.960464477539063e-08,-2.350190579891205,-0.23501905798912048,0.9999985694885254,-1.2169013023376465,1.2169013023376465,1.0455346455273684e-07,3.279543876647949,13.476386070251465,7.193750381469727,14.058181762695312,2.2167341709136963
422,122.45827567214089,13,-2.3500964641571045,-2.4437904357910156e-06,-2.3500940203666687,-0.23500940203666687,0.999998927116394,-1.216901183128357,1.216901183128357,8.747570490186263e-08,3.279273509979248,13.473666191101074,7.1937079429626465,14.057195663452148,2.2167303562164307
423,122.55439455718421,13,-2.3499956130981445,1.8477439880371094e-06,-2.3499974608421326,-0.23499974608421326,0.9999995827674866,-1.2169013023376465,1.2169013023376465,1.1920928955078125e-07,3.279000997543335,13.470929145812988,7.193667411804199,14.056212425231934,2.2167248725891113
424,122.65053475201265,13,-2.3499021530151367,-3.5762786865234375e-07,-2.349901795387268,-0.2349901795387268,0.9999994039535522,-1.216901183128357,1.216901183128357,1.4411699567062897e-07,3.2787270545959473,13.468175888061523,7.193626880645752,14.05522632598877,2.2167186737060547
425,122.74669096599628,13,-2.349808692932129,-2.562999725341797e-06,-2.3498061299324036,-0.23498061299324036,1.0000008344650269,-1.216901183128357,1.216901183128357,1.096565966918206e-07,3.2784509658813477,13.465404510498047,7.193587779998779,14.054245948791504,2.2167110443115234
426,122.84285916266603,13,-2.3497142791748047,-2.0265579223632812e-06,-2.3497122526168823,-0.23497122526168823,0.9999988675117493,-1.2169010639190674,1.2169010639190674,1.5856318213991472e-07,3.2781729698181152,13.462613105773926,7.1935505867004395,14.053262710571289,2.216702938079834
427,122.93904954576803,13,-2.349621295928955,-1.1324882507324219e-06,-2.3496201634407043,-0.23496201634407043,1.0,-1.2169013023376465,1.2169013023376465,1.3632103446070687e-07,3.27789306640625,13.459806442260742,7.193515300750732,14.052286148071289,2.2166941165924072
428,123.03525279764544,13,-2.34952712059021,5.125999450683594e-06,-2.3495322465896606,-0.23495322465896606,1.0000029802322388,-1.216901421546936,1.216901421546936,1.983762558666058e-07,3.2776119709014893,13.456985473632812,7.193480968475342,14.051309585571289,2.2166836261749268
429,123.13147304784897,13,-2.3494372367858887,-2.1457672119140625e-06,-2.3494350910186768,-0.23494350910186768,0.9999992251396179,-1.216901421546936,1.216901421546936,1.8703092052874126e-07,3.2773287296295166,13.454145431518555,7.193449020385742,14.050335884094238,2.216671943664551
430,123.2277093143305,13,-2.3493399620056152,3.5762786865234375e-07,-2.349340319633484,-0.2349340319633484,0.9999990463256836,-1.2169010639190674,1.2169010639190674,1.7495140980372526e-07,3.277043581008911,13.451288223266602,7.193418025970459,14.049363136291504,2.2166593074798584
431,123.32396234908728,13,-2.3492276668548584,0.0,-2.3492276668548584,-0.23492276668548584,0.9999987483024597,-1.2169010639190674,1.2169010639190674,1.6531353708160168e-07,3.27675724029541,13.448413848876953,7.193389415740967,14.048394203186035,2.216646194458008
432,123.4202355745064,13,-2.3491146564483643,5.960464477539063e-08,-2.349114716053009,-0.2349114716053009,1.0000022649765015,-1.216901183128357,1.216901183128357,1.4786093061047723e-07,3.2764687538146973,13.445521354675293,7.193361282348633,14.04742431640625,2.2166316509246826
433,123.51652029590653,13,-2.348996162414551,-6.556510925292969e-07,-2.3489955067634583,-0.23489955067634583,1.0000028610229492,-1.216901183128357,1.216901183128357,1.2370932722660655e-07,3.2761785984039307,13.442611694335938,7.193336009979248,14.046462059020996,2.216616630554199
434,123.61282258880337,13,-2.3488380908966064,-2.0265579223632812e-06,-2.348836064338684,-0.2348836064338684,1.000000238418579,-1.2169010639190674,1.2169010639190674,1.6197353147617832e-07,3.275885581970215,13.439687728881836,7.193310737609863,14.045498847961426,2.216600179672241
435,123.70914202692276,13,-2.3486831188201904,2.7418136596679688e-06,-2.34868586063385,-0.234868586063385,0.9999985694885254,-1.216901183128357,1.216901183128357,7.393046530523861e-08,3.27559232711792,13.436744689941406,7.193288326263428,14.044539451599121,2.216582775115967
436,123.80547734842955,13,-2.3485312461853027,-3.635883331298828e-06,-2.3485276103019714,-0.23485276103019714,0.9999998211860657,-1.2169010639190674,1.2169010639190674,1.4027318684384227e-07,3.275296211242676,13.433778762817383,7.193265438079834,14.043571472167969,2.2165637016296387
437,123.90182772289123,13,-2.3483691215515137,-1.8477439880371094e-06,-2.3483672738075256,-0.23483672738075256,0.9999995827674866,-1.2169013023376465,1.2169013023376465,1.55077842123319e-07,3.2749993801116943,13.430804252624512,7.193247318267822,14.042621612548828,2.2165451049804688
438,123.99819911666593,13,-2.348203420639038,-5.960464477539063e-08,-2.3482033610343933,-0.23482033610343933,0.9999987483024597,-1.2169010639190674,1.2169010639190674,1.8408536561764777e-07,3.274700164794922,13.427812576293945,7.1932291984558105,14.041668891906738,2.216524600982666
439,124.09458388883338,13,-2.3480448722839355,-2.4437904357910156e-06,-2.3480424284934998,-0.23480424284934998,1.0000004768371582,-1.2169010639190674,1.2169010639190674,1.7804812557642435e-07,3.2743990421295166,13.424795150756836,7.193211078643799,14.0407133102417,2.216503143310547
440,124.19098396689371,13,-2.3478987216949463,6.556510925292969e-07,-2.347899377346039,-0.23478993773460388,1.0000008344650269,-1.2169013023376465,1.2169013023376465,1.096565966918206e-07,3.274096965789795,13.421769142150879,7.193197250366211,14.039765357971191,2.2164809703826904
441,124.2874005454717,13,-2.34775447845459,-1.430511474609375e-06,-2.3477530479431152,-0.23477530479431152,1.0000001192092896,-1.2169013023376465,1.2169013023376465,1.2805131177628937e-07,3.2737925052642822,13.418726921081543,7.193183898925781,14.038824081420898,2.2164578437805176
442,124.38383382509264,13,-2.3476085662841797,-1.8477439880371094e-06,-2.3476067185401917,-0.23476067185401917,0.9999978542327881,-1.2169013023376465,1.2169013023376465,1.322508325074523e-07,3.2734858989715576,13.415657997131348,7.193170547485352,14.037872314453125,2.216432809829712
443,124.48028402459448,13,-2.3474631309509277,-5.960464477539063e-08,-2.347463071346283,-0.2347463071346283,1.000001072883606,-1.2169013023376465,1.2169013023376465,1.4411699567062897e-07,3.2731783390045166,13.412579536437988,7.193160533905029,14.036933898925781,2.21640682220459
444,124.57675041985827,13,-2.3473165035247803,1.1324882507324219e-06,-2.347317636013031,-0.2347317636013031,0.9999989867210388,-1.216901183128357,1.216901183128357,1.1453258252913656e-07,3.2728679180145264,13.409480094909668,7.193151473999023,14.035996437072754,2.2163808345794678
445,124.67323206523075,13,-2.347175121307373,-1.430511474609375e-06,-2.3471736907958984,-0.23471736907958984,0.999998927116394,-1.2169010639190674,1.2169010639190674,1.8703092052874126e-07,3.272556781768799,13.406365394592285,7.193143367767334,14.035058975219727,2.216353178024292
446,124.76973347340548,13,-2.347033977508545,-3.039836883544922e-06,-2.3470309376716614,-0.23470309376716614,1.0000001192092896,-1.2169013023376465,1.2169013023376465,1.4027318684384227e-07,3.2722437381744385,13.40323543548584,7.193138122558594,14.034126281738281,2.216325044631958
447,124.86624652306942,13,-2.3468713760375977,2.5033950805664062e-06,-2.3468738794326782,-0.23468738794326782,0.9999980330467224,-1.216901183128357,1.216901183128357,1.096565966918206e-07,3.2719290256500244,13.40008544921875,7.193133354187012,14.033198356628418,2.2162954807281494
448,124.96277769364343,13,-2.346707344055176,5.364418029785156e-07,-2.3467078804969788,-0.23467078804969788,0.9999991655349731,-1.2169010639190674,1.2169010639190674,1.983762558666058e-07,3.2716119289398193,13.396918296813965,7.1931304931640625,14.032267570495605,2.216264486312866
449,125.05932399253048,13,-2.346548557281494,2.2649765014648438e-06,-2.3465508222579956,-0.23465508222579956,0.9999985694885254,-1.2169010639190674,1.2169010639190674,1.8703092052874126e-07,3.271293878555298,13.393736839294434,7.19312858581543,14.031340599060059,2.216233015060425
450,125.1558888745324,13,-2.3463902473449707,-2.4437904357910156e-06,-2.346387803554535,-0.2346387803554535,1.0000005960464478,-1.2169010639190674,1.2169010639190674,1.5856318213991472e-07,3.2709741592407227,13.390539169311523,7.193130016326904,14.030424118041992,2.216200590133667
451,125.2524662927981,13,-2.3462321758270264,-2.384185791015625e-07,-2.3462319374084473,-0.23462319374084473,1.0,-1.2169013023376465,1.2169013023376465,1.096565966918206e-07,3.2706518173217773,13.387321472167969,7.193132400512695,14.029504776000977,2.2161669731140137
452,125.3490653480891,13,-2.346071720123291,-1.3113021850585938e-06,-2.346070408821106,-0.2346070408821106,1.0000015497207642,-1.2169010639190674,1.2169010639190674,1.7804812557642435e-07,3.2703285217285156,13.384087562561035,7.1931352615356445,14.028586387634277,2.216132164001465
453,125.44567782403344,13,-2.345912456512451,2.682209014892578e-06,-2.345915138721466,-0.2345915138721466,0.9999995231628418,-1.2169010639190674,1.2169010639190674,1.4786093061047723e-07,3.270002841949463,13.38083267211914,7.19313907623291,14.027673721313477,2.2160966396331787
454,125.54230369887367,13,-2.345757484436035,5.960464477539062e-07,-2.345758080482483,-0.2345758080482483,0.9999999403953552,-1.2169013023376465,1.2169013023376465,1.4411699567062897e-07,3.269676446914673,13.377568244934082,7.193145751953125,14.026762962341309,2.216060161590576
455,125.63894601558462,13,-2.345597505569458,-5.960464477539063e-08,-2.3455974459648132,-0.23455974459648132,0.9999997019767761,-1.2169010639190674,1.2169010639190674,1.8109190591530933e-07,3.269347667694092,13.374281883239746,7.193155288696289,14.025854110717773,2.216022491455078
456,125.73561081492667,13,-2.345442295074463,1.9669532775878906e-06,-2.3454442620277405,-0.23454442620277405,1.0000014305114746,-1.216901183128357,1.216901183128357,7.393046530523861e-08,3.269017457962036,13.370981216430664,7.193163871765137,14.02495288848877,2.2159838676452637
457,125.83228747621673,13,-2.345290184020996,-2.980232238769531e-07,-2.345289885997772,-0.23452898859977722,1.0000003576278687,-1.216901183128357,1.216901183128357,1.096565966918206e-07,3.2686855792999268,13.367663383483887,7.193175792694092,14.024053573608398,2.215944290161133
458,125.92898045674937,13,-2.345130443572998,5.960464477539062e-07,-2.345131039619446,-0.23451310396194458,0.9999992847442627,-1.2169013023376465,1.2169013023376465,1.1453258252913656e-07,3.2683515548706055,13.364326477050781,7.1931867599487305,14.023155212402344,2.2159035205841064
459,126.02568569915178,13,-2.344980001449585,-5.960464477539063e-08,-2.34497994184494,-0.23449799418449402,1.000001072883606,-1.2169010639190674,1.2169010639190674,1.8109190591530933e-07,3.2680165767669678,13.360976219177246,7.193201541900635,14.022262573242188,2.2158620357513428
460,126.12241171476593,13,-2.3448081016540527,-4.172325134277344e-07,-2.3448076844215393,-0.23448076844215393,0.9999991059303284,-1.2169010639190674,1.2169010639190674,1.5151236709698424e-07,3.267678737640381,13.357603073120117,7.193216800689697,14.021367073059082,2.2158193588256836
461,126.21915248615291,13,-2.3445937633514404,2.384185791015625e-07,-2.3445940017700195,-0.23445940017700195,0.9999997615814209,-1.2169010639190674,1.2169010639190674,2.038122204339743e-07,3.2673404216766357,13.354217529296875,7.193233966827393,14.020476341247559,2.2157750129699707
462,126.31590938558985,13,-2.344360589981079,-2.384185791015625e-07,-2.3443603515625,-0.23443603515625,1.0000001192092896,-1.2169013023376465,1.2169013023376465,1.322508325074523e-07,3.267000436782837,13.350817680358887,7.193253040313721,14.01960277557373,2.215731143951416
463,126.41268374495947,13,-2.3441340923309326,-3.2186508178710938e-06,-2.3441308736801147,-0.23441308736801147,0.9999992251396179,-1.2169010639190674,1.2169010639190674,1.9278705565284326e-07,3.266657829284668,13.347393035888672,7.193272590637207,14.01871395111084,2.2156848907470703
464,126.50947087630364,13,-2.343907117843628,1.7285346984863281e-06,-2.3439088463783264,-0.23439088463783264,1.000001311302185,-1.2169010639190674,1.2169010639190674,1.8109190591530933e-07,3.2663137912750244,13.343955993652344,7.193294048309326,14.017839431762695,2.215637683868408
465,126.60627482647129,13,-2.3436851501464844,2.2649765014648438e-06,-2.343687415122986,-0.23436874151229858,1.0000003576278687,-1.216901421546936,1.216901421546936,2.0111259857458208e-07,3.2659685611724854,13.340502738952637,7.1933183670043945,14.016966819763184,2.215590715408325
466,126.70309736794457,13,-2.343463897705078,5.960464477539062e-07,-2.343464493751526,-0.2343464493751526,0.9999997615814209,-1.2169010639190674,1.2169010639190674,1.8703092052874126e-07,3.2656211853027344,13.337032318115234,7.1933417320251465,14.016095161437988,2.215541362762451
467,126.79993605210822,13,-2.34323787689209,-4.76837158203125e-07,-2.3432374000549316,-0.23432374000549316,1.0000009536743164,-1.2169013023376465,1.2169013023376465,9.351546026437063e-08,3.2652719020843506,13.33354377746582,7.1933674812316895,14.015230178833008,2.21549129486084
468,126.89678953042377,13,-2.343010902404785,5.960464477539062e-07,-2.343011498451233,-0.2343011498451233,1.0000004768371582,-1.2169010639190674,1.2169010639190674,1.7804812557642435e-07,3.2649216651916504,13.330035209655762,7.193394660949707,14.014362335205078,2.215440511703491
469,126.99365613271434,13,-2.342794895172119,1.1324882507324219e-06,-2.34279602766037,-0.234279602766037,0.9999978542327881,-1.216901183128357,1.216901183128357,1.096565966918206e-07,3.2645697593688965,13.326518058776855,7.193423748016357,14.013504028320312,2.215388774871826
470,127.09054048653192,13,-2.342569589614868,-3.5762786865234375e-07,-2.3425692319869995,-0.23425692319869995,1.0000001192092896,-1.2169013023376465,1.2169013023376465,1.4027318684384227e-07,3.264216184616089,13.322978019714355,7.193455696105957,14.012648582458496,2.215336561203003
471,127.18744182152004,13,-2.3423469066619873,8.940696716308594e-07,-2.342347800731659,-0.2342347800731659,0.9999996423721313,-1.2169013023376465,1.2169013023376465,1.0455346455273684e-07,3.2638609409332275,13.319422721862793,7.193487167358398,14.011796951293945,2.2152822017669678
472,127.28435769506164,13,-2.3421263694763184,1.1920928955078125e-06,-2.342127561569214,-0.2342127561569214,1.0000003576278687,-1.216901183128357,1.216901183128357,1.4411699567062897e-07,3.2635037899017334,13.315850257873535,7.193521499633789,14.010951042175293,2.2152273654937744
473,127.38129199277766,13,-2.3419089317321777,-1.3113021850585938e-06,-2.3419076204299927,-0.23419076204299927,0.9999995231628418,-1.2169010639190674,1.2169010639190674,1.4786093061047723e-07,3.2631452083587646,13.312263488769531,7.19355583190918,14.010103225708008,2.2151713371276855
474,127.47823824691999,13,-2.341688871383667,-2.682209014892578e-06,-2.341686189174652,-0.2341686189174652,1.0000003576278687,-1.2169013023376465,1.2169013023376465,1.1453258252913656e-07,3.262784242630005,13.30865478515625,7.193591117858887,14.009258270263672,2.215114116668701
475,127.57520611812797,13,-2.341465711593628,-6.556510925292969e-07,-2.3414650559425354,-0.23414650559425354,1.0000004768371582,-1.2169010639190674,1.2169010639190674,1.983762558666058e-07,3.2624223232269287,13.305033683776855,7.193629264831543,14.00841999053955,2.2150564193725586
476,127.67218298884272,13,-2.341247081756592,7.152557373046875e-07,-2.341247797012329,-0.2341247797012329,1.0000016689300537,-1.2169010639190674,1.2169010639190674,1.5856318213991472e-07,3.2620584964752197,13.301392555236816,7.193669319152832,14.007586479187012,2.2149972915649414
477,127.76917962104228,13,-2.341031074523926,-5.364418029785156e-07,-2.341030538082123,-0.23410305380821228,0.9999988675117493,-1.2169010639190674,1.2169010639190674,1.6858739115832577e-07,3.2616934776306152,13.297738075256348,7.1937103271484375,14.006755828857422,2.214937448501587
478,127.86619418126826,13,-2.3408098220825195,-1.1920928955078125e-07,-2.34080970287323,-0.234080970287323,1.0000005960464478,-1.2169010639190674,1.2169010639190674,1.8703092052874126e-07,3.261327028274536,13.29406452178955,7.193751811981201,14.005928993225098,2.214876651763916
479,127.96321985984974,13,-2.3405909538269043,-3.5762786865234375e-06,-2.3405873775482178,-0.23405873775482178,1.0000003576278687,-1.2169010639190674,1.2169010639190674,1.5151236709698424e-07,3.260957956314087,13.290373802185059,7.193796157836914,14.005107879638672,2.2148141860961914
480,128.0602617459508,13,-2.3403730392456055,9.5367431640625e-07,-2.340373992919922,-0.2340373992919922,1.0000007152557373,-1.2169010639190674,1.2169010639190674,1.899308017527801e-07,3.2605879306793213,13.286666870117188,7.193840980529785,14.004288673400879,2.2147512435913086
481,128.1573236870502,13,-2.340153217315674,2.384185791015625e-07,-2.340153455734253,-0.2340153455734253,0.9999997019767761,-1.2169010639190674,1.2169010639190674,1.8109190591530933e-07,3.260216236114502,13.282946586608887,7.193886756896973,14.003473281860352,2.2146873474121094
482,128.25439693005004,13,-2.339937686920166,-1.1920928955078125e-06,-2.3399364948272705,-0.23399364948272705,0.9999999403953552,-1.2169010639190674,1.2169010639190674,1.7179887379370484e-07,3.259842872619629,13.279204368591309,7.193935871124268,14.00266170501709,2.2146224975585938
483,128.35148692740196,13,-2.339721202850342,1.1920928955078125e-07,-2.3397213220596313,-0.23397213220596313,0.9999997019767761,-1.2169010639190674,1.2169010639190674,1.8109190591530933e-07,3.2594680786132812,13.275445938110352,7.193984508514404,14.001853942871094,2.2145559787750244
484,128.44859497299146,13,-2.339509963989258,-5.364418029785156e-07,-2.339509427547455,-0.23395094275474548,1.0,-1.2169010639190674,1.2169010639190674,1.7804812557642435e-07,3.25909161567688,13.271674156188965,7.194035530090332,14.00104808807373,2.214489221572876
485,128.545717797159,13,-2.3393001556396484,-8.344650268554688e-07,-2.3392993211746216,-0.23392993211746216,1.0,-1.2169010639190674,1.2169010639190674,1.6197353147617832e-07,3.2587132453918457,13.267885208129883,7.194087505340576,14.000250816345215,2.214420795440674
486,128.64285235192952,13,-2.3390908241271973,-1.1920928955078125e-07,-2.3390907049179077,-0.23390907049179077,0.9999983906745911,-1.2169010639190674,1.2169010639190674,2.0111259857458208e-07,3.258333683013916,13.264077186584473,7.194140911102295,13.999454498291016,2.2143518924713135
487,128.74000551785375,13,-2.338878631591797,1.6689300537109375e-06,-2.3388803005218506,-0.23388803005218506,0.9999993443489075,-1.2169013023376465,1.2169013023376465,1.1920928955078125e-07,3.2579524517059326,13.260254859924316,7.194196701049805,13.998662948608398,2.2142817974090576
488,128.8371737546856,13,-2.338646650314331,0.0,-2.338646650314331,-0.2338646650314331,1.0000004768371582,-1.2169010639190674,1.2169010639190674,1.5856318213991472e-07,3.2575697898864746,13.256415367126465,7.194253921508789,13.997876167297363,2.2142107486724854
489,128.93436057165792,13,-2.33841872215271,-2.7418136596679688e-06,-2.3384159803390503,-0.23384159803390503,1.000002145767212,-1.2169010639190674,1.2169010639190674,1.7495140980372526e-07,3.2571847438812256,13.252558708190918,7.194311141967773,13.997096061706543,2.2141382694244385
490,129.0315604971461,13,-2.338184356689453,-2.384185791015625e-07,-2.338184118270874,-0.2338184118270874,1.0000001192092896,-1.2169013023376465,1.2169013023376465,1.1453258252913656e-07,3.2567992210388184,13.248685836791992,7.194369792938232,13.99631404876709,2.2140650749206543
491,129.12877662369974,13,-2.3379552364349365,-5.960464477539062e-07,-2.3379546403884888,-0.23379546403884888,0.9999991059303284,-1.2169010639190674,1.2169010639190674,1.8703092052874126e-07,3.25641131401062,13.244792938232422,7.194430828094482,13.995535850524902,2.213991165161133
492,129.22600962066582,13,-2.3377232551574707,4.172325134277344e-07,-2.337723672389984,-0.2337723672389984,0.9999993443489075,-1.2169010639190674,1.2169010639190674,1.3632103446070687e-07,3.2560229301452637,13.240887641906738,7.194493293762207,13.994766235351562,2.2139155864715576
493,129.32325591755327,13,-2.3374929428100586,-1.430511474609375e-06,-2.337491512298584,-0.2337491512298584,0.9999994039535522,-1.2169013023376465,1.2169013023376465,1.1920928955078125e-07,3.255631923675537,13.236966133117676,7.194556713104248,13.994001388549805,2.213839054107666
494,129.42051908447164,13,-2.3372573852539062,-7.152557373046875e-07,-2.337256669998169,-0.2337256669998169,1.000000238418579,-1.2169010639190674,1.2169010639190674,1.5856318213991472e-07,3.255239725112915,13.233025550842285,7.1946210861206055,13.99323844909668,2.2137622833251953
495,129.51779647563507,13,-2.3370230197906494,-2.980232238769531e-07,-2.3370227217674255,-0.23370227217674255,1.0000001192092896,-1.2169010639190674,1.2169010639190674,1.5151236709698424e-07,3.2548458576202393,13.229068756103516,7.194687366485596,13.992480278015137,2.213683843612671
496,129.61508831765642,13,-2.3367905616760254,2.9802322387695312e-06,-2.336793541908264,-0.23367935419082642,1.0000009536743164,-1.2169013023376465,1.2169013023376465,1.096565966918206e-07,3.2544503211975098,13.225093841552734,7.194756031036377,13.991722106933594,2.213604211807251
497,129.71239768591346,13,-2.336561679840088,-3.2782554626464844e-06,-2.3365584015846252,-0.23365584015846252,0.999998927116394,-1.216901183128357,1.216901183128357,1.096565966918206e-07,3.2540533542633057,13.221104621887207,7.19482421875,13.990974426269531,2.2135238647460938
498,129.80972483071292,13,-2.336324453353882,4.172325134277344e-06,-2.336328625679016,-0.2336328625679016,0.9999971389770508,-1.2169010639190674,1.2169010639190674,1.6531353708160168e-07,3.253654956817627,13.2170991897583,7.1948957443237305,13.990230560302734,2.213442802429199
499,129.90706469930643,13,-2.336094856262207,-4.76837158203125e-07,-2.336094379425049,-0.23360943794250488,0.9999997615814209,-1.2169013023376465,1.2169013023376465,1.1453258252913656e-07,3.2532551288604736,13.213078498840332,7.194967269897461,13.989489555358887,2.213360548019409
500,130.0044189619085,13,-2.3358712196350098,8.344650268554688e-07,-2.3358720541000366,-0.23358720541000366,1.000001311302185,-1.2169013023376465,1.2169013023376465,1.2370932722660655e-07,3.252854347229004,13.209040641784668,7.195040702819824,13.988751411437988,2.2132773399353027
501,130.10178975475432,13,-2.3356428146362305,2.1457672119140625e-06,-2.3356449604034424,-0.23356449604034424,1.0000003576278687,-1.2169010639190674,1.2169010639190674,1.8703092052874126e-07,3.252451181411743,13.20498275756836,7.195115089416504,13.988018989562988,2.213192939758301
502,130.1991786992732,13,-2.3354194164276123,-6.556510925292969e-07,-2.3354187607765198,-0.23354187607765198,1.000001311302185,-1.2169010639190674,1.2169010639190674,1.8408536561764777e-07,3.2520458698272705,13.200908660888672,7.1951904296875,13.987288475036621,2.2131073474884033
503,130.29658084863362,13,-2.3351926803588867,4.0531158447265625e-06,-2.3351967334747314,-0.23351967334747314,0.9999992251396179,-1.2169010639190674,1.2169010639190674,2.1427084107017436e-07,3.2516400814056396,13.196821212768555,7.1952667236328125,13.986560821533203,2.2130208015441895
504,130.39399633487827,13,-2.3349668979644775,6.556510925292969e-07,-2.33496755361557,-0.233496755361557,0.9999986290931702,-1.216901183128357,1.216901183128357,1.1453258252913656e-07,3.251232385635376,13.19271469116211,7.195346355438232,13.985845565795898,2.212933301925659
505,130.4914282941696,13,-2.3347461223602295,-2.086162567138672e-06,-2.3347440361976624,-0.23347440361976624,1.0000011920928955,-1.2169010639190674,1.2169010639190674,1.7495140980372526e-07,3.250823736190796,13.18859577178955,7.1954264640808105,13.985128402709961,2.2128453254699707
506,130.5888769538648,13,-2.334519386291504,-5.960464477539063e-08,-2.334519326686859,-0.2334519326686859,1.0000016689300537,-1.2169013023376465,1.2169013023376465,1.096565966918206e-07,3.250412940979004,13.184456825256348,7.195508003234863,13.984416961669922,2.2127554416656494
507,130.68633961913733,13,-2.3342981338500977,-1.7285346984863281e-06,-2.334296405315399,-0.23342964053153992,0.9999998211860657,-1.2169010639190674,1.2169010639190674,1.7179887379370484e-07,3.2500011920928955,13.180301666259766,7.195590496063232,13.983708381652832,2.212665319442749
508,130.78381991782186,13,-2.3340749740600586,2.980232238769531e-07,-2.3340752720832825,-0.23340752720832825,1.0000003576278687,-1.216901421546936,1.216901421546936,1.7495140980372526e-07,3.2495877742767334,13.176131248474121,7.195673942565918,13.983006477355957,2.212573528289795
509,130.88131429951133,13,-2.3338513374328613,1.3113021850585938e-06,-2.3338526487350464,-0.23338526487350464,0.9999990463256836,-1.2169013023376465,1.2169013023376465,1.1920928955078125e-07,3.2491726875305176,13.171945571899414,7.1957597732543945,13.982309341430664,2.212481737136841
510,130.9788233533746,13,-2.3336269855499268,3.039836883544922e-06,-2.3336300253868103,-0.23336300253868103,0.9999980330467224,-1.2169010639190674,1.2169010639190674,2.0910692910547368e-07,3.248756170272827,13.167739868164062,7.195846080780029,13.981616020202637,2.212388038635254
511,131.0763502096715,13,-2.333406925201416,7.748603820800781e-07,-2.333407700061798,-0.2333407700061798,0.9999985098838806,-1.2169013023376465,1.2169013023376465,1.4411699567062897e-07,3.248337745666504,13.163518905639648,7.1959333419799805,13.980925559997559,2.212292432785034
512,131.17388940653916,13,-2.3331844806671143,0.0,-2.3331844806671143,-0.23331844806671143,1.0000004768371582,-1.2169010639190674,1.2169010639190674,1.6197353147617832e-07,3.2479183673858643,13.159280776977539,7.196022033691406,13.980237007141113,2.2121973037719727
513,131.27144439754986,13,-2.3329617977142334,3.5762786865234375e-07,-2.332962155342102,-0.2332962155342102,0.9999997019767761,-1.2169010639190674,1.2169010639190674,1.7804812557642435e-07,3.24749755859375,13.155029296875,7.196113109588623,13.979560852050781,2.2121009826660156
514,131.3690116843519,13,-2.3327419757843018,-2.1457672119140625e-06,-2.33273983001709,-0.23327398300170898,1.0000009536743164,-1.216901183128357,1.216901183128357,1.096565966918206e-07,3.247075319290161,13.150761604309082,7.196204662322998,13.97888469696045,2.212003231048584
515,131.46659815991717,13,-2.332521915435791,-2.384185791015625e-07,-2.332521677017212,-0.2332521677017212,0.9999994039535522,-1.2169013023376465,1.2169013023376465,1.096565966918206e-07,3.2466516494750977,13.146474838256836,7.196297645568848,13.978212356567383,2.211905002593994
516,131.56420081393898,13,-2.332298755645752,3.2782554626464844e-06,-2.3323020339012146,-0.23323020339012146,1.0000007152557373,-1.2169010639190674,1.2169010639190674,1.4411699567062897e-07,3.2462263107299805,13.142173767089844,7.196391582489014,13.977545738220215,2.211805820465088
517,131.66181622044402,13,-2.332080602645874,1.1920928955078125e-06,-2.3320817947387695,-0.23320817947387695,0.9999997019767761,-1.2169013023376465,1.2169013023376465,1.4027318684384227e-07,3.2457990646362305,13.13785457611084,7.196487903594971,13.976880073547363,2.211704730987549
518,131.75944577792407,13,-2.3318610191345215,-1.5497207641601562e-06,-2.3318594694137573,-0.23318594694137573,0.9999993443489075,-1.2169010639190674,1.2169010639190674,1.8109190591530933e-07,3.245371103286743,13.133519172668457,7.196584701538086,13.976225852966309,2.2116031646728516
519,131.8570949596146,13,-2.331638813018799,3.993511199951172e-06,-2.331642806529999,-0.23316428065299988,0.9999985098838806,-1.2169013023376465,1.2169013023376465,1.096565966918206e-07,3.244941473007202,13.129168510437012,7.196682929992676,13.975568771362305,2.2115001678466797
520,131.95475499743137,13,-2.331418991088867,1.1920928955078125e-06,-2.3314201831817627,-0.23314201831817627,0.999998927116394,-1.2169010639190674,1.2169010639190674,1.6197353147617832e-07,3.2445101737976074,13.124801635742188,7.196781635284424,13.974919319152832,2.2113962173461914
521,132.05242964038132,13,-2.3312010765075684,-1.7285346984863281e-06,-2.33119934797287,-0.233119934797287,0.9999986886978149,-1.216901183128357,1.216901183128357,1.4027318684384227e-07,3.2440781593322754,13.1204195022583,7.196882247924805,13.974275588989258,2.211292028427124
522,132.15012408099915,13,-2.330983877182007,0.0,-2.330983877182007,-0.23309838771820068,1.0,-1.2169010639190674,1.2169010639190674,2.1170463071484846e-07,3.2436437606811523,13.116016387939453,7.1969828605651855,13.973630905151367,2.211186170578003
523,132.24783151470157,13,-2.33076548576355,-5.960464477539063e-08,-2.330765426158905,-0.2330765426158905,1.0000003576278687,-1.2169010639190674,1.2169010639190674,1.2805131177628937e-07,3.243208885192871,13.111602783203125,7.197087287902832,13.972997665405273,2.2110795974731445
524,132.3455500025855,13,-2.3305485248565674,-1.2516975402832031e-06,-2.330547273159027,-0.2330547273159027,1.000002384185791,-1.2169013023376465,1.2169013023376465,1.322508325074523e-07,3.2427713871002197,13.107170104980469,7.19719123840332,13.97236442565918,2.2109718322753906
525,132.44329042453325,13,-2.330326557159424,3.159046173095703e-06,-2.330329716205597,-0.2330329716205597,0.9999995231628418,-1.2169010639190674,1.2169010639190674,1.7495140980372526e-07,3.24233341217041,13.1027193069458,7.197296142578125,13.971736907958984,2.210862874984741
526,132.54104005998562,13,-2.3301146030426025,1.430511474609375e-06,-2.330116033554077,-0.23301160335540771,0.999999463558197,-1.2169013023376465,1.2169013023376465,9.351546026437063e-08,3.241894006729126,13.09825611114502,7.1974029541015625,13.97111701965332,2.210753917694092
527,132.63880861025035,13,-2.3298933506011963,-5.364418029785156e-07,-2.3298928141593933,-0.23298928141593933,1.0000015497207642,-1.2169010639190674,1.2169010639190674,1.55077842123319e-07,3.241452932357788,13.09377670288086,7.197512149810791,13.970500946044922,2.2106430530548096
528,132.7365895386318,13,-2.3296799659729004,9.5367431640625e-07,-2.329680919647217,-0.23296809196472168,1.000001311302185,-1.2169010639190674,1.2169010639190674,1.6197353147617832e-07,3.2410104274749756,13.089279174804688,7.1976213455200195,13.969887733459473,2.21053147315979
529,132.83438689696428,13,-2.329464912414551,-5.960464477539063e-08,-2.329464852809906,-0.2329464852809906,0.9999997019767761,-1.2169010639190674,1.2169010639190674,1.5856318213991472e-07,3.2405667304992676,13.08476448059082,7.1977314949035645,13.969277381896973,2.210418224334717
530,132.9321980943194,13,-2.3292484283447266,-1.430511474609375e-06,-2.329246997833252,-0.2329246997833252,1.0000011920928955,-1.2169010639190674,1.2169010639190674,1.6197353147617832e-07,3.240121364593506,13.08023452758789,7.197843551635742,13.968669891357422,2.2103047370910645
531,133.03002233375332,13,-2.329033613204956,2.980232238769531e-07,-2.32903391122818,-0.232903391122818,1.0000007152557373,-1.216901183128357,1.216901183128357,7.393046530523861e-08,3.2396748065948486,13.075689315795898,7.197955131530762,13.968072891235352,2.2101895809173584
532,133.12786433246558,13,-2.3288166522979736,1.4901161193847656e-06,-2.328818142414093,-0.2328818142414093,1.0000009536743164,-1.216901183128357,1.216901183128357,1.1920928955078125e-07,3.239227056503296,13.071125984191895,7.198069095611572,13.96747875213623,2.2100741863250732
533,133.22572240210272,13,-2.3286054134368896,1.1324882507324219e-06,-2.3286065459251404,-0.23286065459251404,0.9999998211860657,-1.216901183128357,1.216901183128357,8.098676573808916e-08,3.2387781143188477,13.066551208496094,7.198185443878174,13.966885566711426,2.2099573612213135
534,133.3235951261485,13,-2.3283867835998535,2.205371856689453e-06,-2.32838898897171,-0.23283889889717102,0.9999994039535522,-1.2169013023376465,1.2169013023376465,1.1920928955078125e-07,3.2383272647857666,13.061956405639648,7.198302268981934,13.966300010681152,2.209839344024658
535,133.4214800840122,13,-2.328174352645874,1.2516975402832031e-06,-2.3281756043434143,-0.23281756043434143,0.9999993443489075,-1.216901183128357,1.216901183128357,1.096565966918206e-07,3.23787522315979,13.05734634399414,7.198419570922852,13.965720176696777,2.2097206115722656
536,133.51937909678932,13,-2.3279645442962646,-1.430511474609375e-06,-2.32796311378479,-0.232796311378479,0.9999997019767761,-1.216901183128357,1.216901183128357,1.1920928955078125e-07,3.237421751022339,13.05272102355957,7.198538780212402,13.965139389038086,2.2096006870269775
537,133.61729611228853,13,-2.327747344970703,-5.960464477539062e-07,-2.3277467489242554,-0.23277467489242554,0.9999986290931702,-1.2169013023376465,1.2169013023376465,1.322508325074523e-07,3.236966848373413,13.048078536987305,7.198657512664795,13.964568138122559,2.209479808807373
538,133.71522648202122,13,-2.3275375366210938,-5.960464477539062e-07,-2.327536940574646,-0.2327536940574646,1.0000019073486328,-1.2169010639190674,1.2169010639190674,1.899308017527801e-07,3.23651123046875,13.043423652648926,7.1987786293029785,13.964001655578613,2.2093584537506104
539,133.81317159085637,13,-2.327322483062744,4.76837158203125e-07,-2.3273229598999023,-0.23273229598999023,0.9999988675117493,-1.216901183128357,1.216901183128357,8.747570490186263e-08,3.236053466796875,13.038742065429688,7.1989006996154785,13.963432312011719,2.2092349529266357
540,133.91113274217824,13,-2.327115058898926,-2.8014183044433594e-06,-2.3271122574806213,-0.23271122574806213,1.0000003576278687,-1.2169013023376465,1.2169013023376465,1.096565966918206e-07,3.2355947494506836,13.034055709838867,7.1990251541137695,13.962878227233887,2.2091116905212402
541,134.00910381891575,13,-2.3268990516662598,1.3113021850585938e-06,-2.326900362968445,-0.23269003629684448,1.0000008344650269,-1.2169013023376465,1.2169013023376465,1.1453258252913656e-07,3.2351346015930176,13.029348373413086,7.199149131774902,13.962321281433105,2.208986282348633
542,134.1070934951935,13,-2.3266897201538086,2.384185791015625e-07,-2.3266899585723877,-0.23266899585723877,0.9999993443489075,-1.2169013023376465,1.2169013023376465,1.4411699567062897e-07,3.2346737384796143,13.024625778198242,7.19927453994751,13.961771011352539,2.2088606357574463
543,134.20509765215837,13,-2.3264803886413574,-2.0265579223632812e-06,-2.326478362083435,-0.2326478362083435,0.9999990463256836,-1.216901183128357,1.216901183128357,1.096565966918206e-07,3.234210729598999,13.01988697052002,7.199401378631592,13.961226463317871,2.2087337970733643
544,134.3031207925573,13,-2.3262717723846436,-5.364418029785156e-07,-2.3262712359428406,-0.23262712359428406,1.0000004768371582,-1.2169013023376465,1.2169013023376465,1.1920928955078125e-07,3.2337467670440674,13.015132904052734,7.199529647827148,13.96068286895752,2.2086052894592285
545,134.40115215833416,13,-2.326061487197876,2.9206275939941406e-06,-2.32606440782547,-0.232606440782547,1.0000008344650269,-1.2169010639190674,1.2169010639190674,1.9278705565284326e-07,3.233281373977661,13.010361671447754,7.199658393859863,13.960145950317383,2.2084767818450928
546,134.49919778152554,13,-2.3258490562438965,-7.152557373046875e-07,-2.325848340988159,-0.23258483409881592,1.0000009536743164,-1.2169010639190674,1.2169010639190674,1.9278705565284326e-07,3.2328147888183594,13.005576133728027,7.199787616729736,13.959611892700195,2.2083468437194824
547,134.59726085076207,13,-2.325636863708496,1.9669532775878906e-06,-2.3256388306617737,-0.23256388306617737,0.9999994039535522,-1.2169013023376465,1.2169013023376465,1.1920928955078125e-07,3.232346773147583,13.000773429870605,7.199920177459717,13.959085464477539,2.2082161903381348
548,134.6953412820016,13,-2.3254287242889404,2.384185791015625e-06,-2.3254311084747314,-0.23254311084747314,0.999997615814209,-1.216901183128357,1.216901183128357,1.0455346455273684e-07,3.231877565383911,12.995957374572754,7.200052261352539,13.958561897277832,2.2080843448638916
549,134.7934307494724,13,-2.3252224922180176,-5.960464477539062e-07,-2.32522189617157,-0.23252218961715698,1.0000003576278687,-1.2169010639190674,1.2169010639190674,1.4027318684384227e-07,3.2314071655273438,12.991120338439941,7.200186729431152,13.958043098449707,2.207951307296753
550,134.89153845657282,13,-2.3250114917755127,1.1920928955078125e-06,-2.325012683868408,-0.23250126838684082,0.9999980330467224,-1.2169013023376465,1.2169013023376465,1.096565966918206e-07,3.2309353351593018,12.986272811889648,7.200319766998291,13.957529067993164,2.207817316055298
551,134.98965833400078,13,-2.3248050212860107,-1.2516975402832031e-06,-2.3248037695884705,-0.23248037695884705,1.0000007152557373,-1.2169010639190674,1.2169010639190674,1.8703092052874126e-07,3.230462074279785,12.981404304504395,7.200455665588379,13.957013130187988,2.2076823711395264
552,135.0877937648146,13,-2.3245956897735596,-8.344650268554688e-07,-2.3245948553085327,-0.23245948553085327,1.0000001192092896,-1.216901183128357,1.216901183128357,9.91881279333029e-08,3.2299883365631104,12.976526260375977,7.200592517852783,13.956511497497559,2.2075467109680176
553,135.18594181981047,13,-2.324389934539795,-1.1920928955078125e-07,-2.3243898153305054,-0.23243898153305054,0.9999993443489075,-1.2169013023376465,1.2169013023376465,1.2805131177628937e-07,3.2295124530792236,12.971626281738281,7.200729846954346,13.956011772155762,2.207409620285034
554,135.28410900130214,13,-2.3241806030273438,1.1920928955078125e-06,-2.3241817951202393,-0.23241817951202393,0.9999999403953552,-1.2169010639190674,1.2169010639190674,1.8703092052874126e-07,3.2290353775024414,12.966712951660156,7.200869083404541,13.955510139465332,2.2072715759277344
555,135.3822870809377,13,-2.3239753246307373,2.6226043701171875e-06,-2.3239779472351074,-0.23239779472351074,1.0000020265579224,-1.216901183128357,1.216901183128357,1.1920928955078125e-07,3.228557586669922,12.961783409118652,7.2010087966918945,13.9550199508667,2.207132339477539
556,135.48048064372367,13,-2.323768377304077,-4.112720489501953e-06,-2.3237642645835876,-0.23237642645835876,0.9999994039535522,-1.2169010639190674,1.2169010639190674,1.5856318213991472e-07,3.2280778884887695,12.956839561462402,7.2011494636535645,13.9545316696167,2.2069923877716064
557,135.5786886778161,13,-2.3235630989074707,5.960464477539062e-07,-2.3235636949539185,-0.23235636949539185,1.0000001192092896,-1.2169010639190674,1.2169010639190674,1.55077842123319e-07,3.227597236633301,12.95187759399414,7.201291084289551,13.954046249389648,2.2068517208099365
558,135.67691043919174,13,-2.3233559131622314,-1.430511474609375e-06,-2.323354482650757,-0.23233544826507568,0.9999999403953552,-1.2169013023376465,1.2169013023376465,1.322508325074523e-07,3.2271156311035156,12.946901321411133,7.2014336585998535,13.953566551208496,2.206709623336792
559,135.77514614239047,13,-2.323150873184204,1.2516975402832031e-06,-2.3231521248817444,-0.23231521248817444,1.0000005960464478,-1.216901183128357,1.216901183128357,1.1920928955078125e-07,3.2266321182250977,12.941909790039062,7.201578140258789,13.953089714050293,2.20656681060791
560,135.87339606354615,13,-2.3229451179504395,-1.3113021850585938e-06,-2.3229438066482544,-0.23229438066482544,0.9999998211860657,-1.2169013023376465,1.2169013023376465,1.096565966918206e-07,3.2261481285095215,12.936901092529297,7.201724052429199,13.952620506286621,2.206422805786133
561,135.97166133089115,13,-2.3227391242980957,-5.960464477539063e-08,-2.322739064693451,-0.2322739064693451,0.9999988079071045,-1.216901183128357,1.216901183128357,1.2370932722660655e-07,3.2256627082824707,12.931877136230469,7.201869487762451,13.952154159545898,2.2062783241271973
562,136.06994395144164,13,-2.322533369064331,2.1457672119140625e-06,-2.322535514831543,-0.2322535514831543,1.000001072883606,-1.216901183128357,1.216901183128357,1.096565966918206e-07,3.2251760959625244,12.926836013793945,7.202016830444336,13.951691627502441,2.2061829566955566
563,136.1682360770807,13,-2.3223283290863037,-1.1324882507324219e-06,-2.322327196598053,-0.2322327196598053,1.000001072883606,-1.2169013023376465,1.2169013023376465,1.1453258252913656e-07,3.2246878147125244,12.921781539916992,7.202164649963379,13.951231956481934,2.20625376701355
564,136.26654387020815,13,-2.322122573852539,4.0531158447265625e-06,-2.322126626968384,-0.23221266269683838,1.0000003576278687,-1.2169013023376465,1.2169013023376465,1.1453258252913656e-07,3.224198579788208,12.916709899902344,7.202314376831055,13.95077896118164,2.2063233852386475
565,136.36486630238707,13,-2.321929931640625,-1.7881393432617188e-06,-2.3219281435012817,-0.23219281435012817,0.9999997019767761,-1.216901183128357,1.216901183128357,9.351546026437063e-08,3.2237086296081543,12.91162395477295,7.2024641036987305,13.950328826904297,2.206392526626587
566,136.46320229727638,13,-2.321728467941284,2.086162567138672e-06,-2.3217305541038513,-0.23217305541038513,0.9999988675117493,-1.2169013023376465,1.2169013023376465,1.2370932722660655e-07,3.2232165336608887,12.906521797180176,7.202613830566406,13.949881553649902,2.2064602375030518
567,136.56155122880412,13,-2.3215272426605225,1.2516975402832031e-06,-2.3215284943580627,-0.23215284943580627,1.0000003576278687,-1.2169013023376465,1.2169013023376465,1.1453258252913656e-07,3.2227237224578857,12.901402473449707,7.202766418457031,13.949441909790039,2.2065272331237793
568,136.65991939496277,13,-2.3213329315185547,-5.364418029785156e-07,-2.3213323950767517,-0.23213323950767517,1.000002145767212,-1.2169013023376465,1.2169013023376465,1.2805131177628937e-07,3.2222304344177246,12.896269798278809,7.2029194831848145,13.94900131225586,2.2065935134887695
569,136.75829784501008,13,-2.3211333751678467,2.0265579223632812e-06,-2.321135401725769,-0.2321135401725769,0.999999463558197,-1.216901183128357,1.216901183128357,8.747570490186263e-08,3.2217347621917725,12.891121864318848,7.203073978424072,13.948573112487793,2.2066588401794434
570,136.85669011854773,13,-2.320936918258667,2.086162567138672e-06,-2.320939004421234,-0.2320939004421234,1.0000001192092896,-1.216901421546936,1.216901421546936,1.8703092052874126e-07,3.221238851547241,12.885955810546875,7.203228950500488,13.948141098022461,2.2067229747772217
571,136.9550969812946,13,-2.3207380771636963,-5.364418029785156e-07,-2.3207375407218933,-0.23207375407218933,1.0000001192092896,-1.2169015407562256,1.2169015407562256,3.119129701190104e-07,3.2207412719726562,12.880776405334473,7.203383922576904,13.947715759277344,2.2067859172821045
572,137.05351731209421,13,-2.3205435276031494,2.980232238769531e-07,-2.3205438256263733,-0.23205438256263733,0.9999988079071045,-1.216901183128357,1.216901183128357,1.096565966918206e-07,3.220242738723755,12.875577926635742,7.203541278839111,13.947295188903809,2.2068474292755127
573,137.15195548046879,13,-2.3203487396240234,7.748603820800781e-07,-2.3203495144844055,-0.23203495144844055,1.000000238418579,-1.2169010639190674,1.2169010639190674,1.4786093061047723e-07,3.219743013381958,12.870366096496582,7.203699111938477,13.946878433227539,2.206908702850342
574,137.2504017969511,13,-2.320150852203369,4.76837158203125e-07,-2.3201513290405273,-0.23201513290405273,1.0000007152557373,-1.2169013023376465,1.2169013023376465,1.322508325074523e-07,3.2192420959472656,12.865139961242676,7.203856945037842,13.946466445922852,2.2069690227508545
575,137.34886683126632,13,-2.3199570178985596,0.0,-2.3199570178985596,-0.23199570178985596,0.9999987483024597,-1.2169010639190674,1.2169010639190674,1.983762558666058e-07,3.2187397480010986,12.859896659851074,7.20401668548584,13.946057319641113,2.2070279121398926
576,137.44734631156734,13,-2.319767475128174,2.384185791015625e-06,-2.319769859313965,-0.23197698593139648,1.000000238418579,-1.2169010639190674,1.2169010639190674,1.8703092052874126e-07,3.2182371616363525,12.85463809967041,7.2041778564453125,13.945652961730957,2.2070860862731934
577,137.5458348963581,13,-2.3195698261260986,-2.384185791015625e-07,-2.3195695877075195,-0.23195695877075195,1.0000007152557373,-1.2169010639190674,1.2169010639190674,1.55077842123319e-07,3.2177329063415527,12.849364280700684,7.204338550567627,13.945252418518066,2.2071428298950195
578,137.64433964410625,13,-2.3193740844726562,8.940696716308594e-07,-2.319374978542328,-0.2319374978542328,0.9999980330467224,-1.216901183128357,1.216901183128357,7.393046530523861e-08,3.2172276973724365,12.844076156616211,7.204500675201416,13.944856643676758,2.2071993350982666
579,137.74285989714534,13,-2.319183111190796,-1.2516975402832031e-06,-2.3191818594932556,-0.23191818594932556,0.9999997615814209,-1.2169013023376465,1.2169013023376465,1.1920928955078125e-07,3.2167210578918457,12.838770866394043,7.204665660858154,13.944464683532715,2.20725417137146
580,137.84139331071964,13,-2.318986415863037,-3.5762786865234375e-07,-2.3189860582351685,-0.23189860582351685,1.0000007152557373,-1.2169013023376465,1.2169013023376465,1.1453258252913656e-07,3.2162132263183594,12.833451271057129,7.204827308654785,13.944072723388672,2.207308530807495
581,137.93994017803783,13,-2.318800926208496,1.2516975402832031e-06,-2.3188021779060364,-0.23188021779060364,0.9999997615814209,-1.216901183128357,1.216901183128357,1.2370932722660655e-07,3.2157044410705566,12.828115463256836,7.204993724822998,13.94369125366211,2.2073614597320557
582,138.03850332281095,13,-2.3186731338500977,2.980232238769531e-07,-2.3186734318733215,-0.23186734318733215,0.9999987483024597,-1.216901183128357,1.216901183128357,1.096565966918206e-07,3.2151947021484375,12.82276439666748,7.205159664154053,13.943309783935547,2.2074134349823
583,138.13707732538822,13,-2.318549633026123,-1.7881393432617188e-07,-2.3185494542121887,-0.23185494542121887,1.0,-1.216901183128357,1.216901183128357,1.1453258252913656e-07,3.214683771133423,12.81739616394043,7.205325126647949,13.942931175231934,2.2074639797210693
584,138.23566541168145,13,-2.3184213638305664,-6.556510925292969e-07,-2.318420708179474,-0.2318420708179474,0.999999463558197,-1.2169013023376465,1.2169013023376465,1.322508325074523e-07,3.2141714096069336,12.812013626098633,7.2054924964904785,13.942556381225586,2.207514524459839
585,138.33426756230384,13,-2.3182969093322754,1.1920928955078125e-07,-2.318297028541565,-0.2318297028541565,1.0000017881393433,-1.216901421546936,1.216901421546936,2.0111259857458208e-07,3.213658571243286,12.806617736816406,7.205662250518799,13.942190170288086,2.2075634002685547
586,138.43288411409813,13,-2.318166732788086,-2.384185791015625e-07,-2.318166494369507,-0.23181664943695068,0.9999995231628418,-1.2169010639190674,1.2169010639190674,1.6197353147617832e-07,3.213144063949585,12.8012056350708,7.205831050872803,13.94182300567627,2.207611322402954
587,138.5315122815036,13,-2.318044900894165,-2.980232238769531e-07,-2.318044602870941,-0.23180446028709412,1.0,-1.2169013023376465,1.2169013023376465,1.1453258252913656e-07,3.2126290798187256,12.7957763671875,7.206000804901123,13.941463470458984,2.207658529281616
588,138.63015775960218,13,-2.317918300628662,-1.8477439880371094e-06,-2.317916452884674,-0.2317916452884674,1.000001311302185,-1.216901183128357,1.216901183128357,1.5856318213991472e-07,3.212113380432129,12.79033374786377,7.206171035766602,13.941102981567383,2.207704782485962
589,138.7288165410378,13,-2.3177952766418457,4.76837158203125e-07,-2.317795753479004,-0.2317795753479004,0.999997615814209,-1.2169010639190674,1.2169010639190674,1.322508325074523e-07,3.2115957736968994,12.784873008728027,7.206343650817871,13.940747261047363,2.207749605178833
590,138.82748703795443,13,-2.3176703453063965,1.7285346984863281e-06,-2.317672073841095,-0.2317672073841095,0.9999985098838806,-1.216901183128357,1.216901183128357,1.096565966918206e-07,3.2110772132873535,12.779400825500488,7.206515789031982,13.940399169921875,2.2077934741973877
591,138.92617276082817,13,-2.317546844482422,9.5367431640625e-07,-2.3175477981567383,-0.23175477981567383,1.000001311302185,-1.2169013023376465,1.2169013023376465,1.2370932722660655e-07,3.210557699203491,12.773913383483887,7.206689834594727,13.94005298614502,2.207836627960205
592,139.02487149716129,13,-2.3174288272857666,-2.0265579223632812e-06,-2.3174268007278442,-0.23174268007278442,1.0000004768371582,-1.2169013023376465,1.2169013023376465,1.1453258252913656e-07,3.2100374698638916,12.76840877532959,7.206863880157471,13.939708709716797,2.207878589630127
593,139.1235834787805,13,-2.3173019886016846,2.0265579223632812e-06,-2.317304015159607,-0.2317304015159607,1.000000238418579,-1.2169013023376465,1.2169013023376465,1.1920928955078125e-07,3.2095158100128174,12.762887001037598,7.207038402557373,13.93936824798584,2.2079193592071533
594,139.22230899538886,13,-2.317178249359131,-8.940696716308594e-07,-2.3171773552894592,-0.23171773552894592,0.999999463558197,-1.2169010639190674,1.2169010639190674,1.6197353147617832e-07,3.2089931964874268,12.75735092163086,7.207213401794434,13.939029693603516,2.2079594135284424
595,139.32104724639464,13,-2.317054510116577,2.1457672119140625e-06,-2.317056655883789,-0.2317056655883789,0.9999995231628418,-1.2169013023376465,1.2169013023376465,1.322508325074523e-07,3.208469867706299,12.751802444458008,7.207390308380127,13.938699722290039,2.207998275756836
596,139.4198027870614,13,-2.3169374465942383,-2.086162567138672e-06,-2.316935360431671,-0.23169353604316711,0.9999988675117493,-1.2169013023376465,1.2169013023376465,1.1453258252913656e-07,3.2079451084136963,12.746236801147461,7.20756721496582,13.938370704650879,2.208036184310913
597,139.51856858618098,13,-2.3168134689331055,3.2782554626464844e-06,-2.316816747188568,-0.2316816747188568,1.0000001192092896,-1.2169010639190674,1.2169010639190674,1.7179887379370484e-07,3.2074198722839355,12.740654945373535,7.207745552062988,13.938039779663086,2.208073139190674
598,139.61734637312856,13,-2.316697120666504,-1.3709068298339844e-06,-2.316695749759674,-0.2316695749759674,1.0,-1.216901421546936,1.216901421546936,1.9560161490517203e-07,3.2068934440612793,12.73505973815918,7.207923889160156,13.937719345092773,2.208108901977539
599,139.7161407475317,13,-2.3165769577026367,-7.152557373046875e-07,-2.3165762424468994,-0.23165762424468994,0.9999996423721313,-1.2169013023376465,1.2169013023376465,1.1453258252913656e-07,3.2063658237457275,12.729450225830078,7.208103656768799,13.93740177154541,2.208143472671509
600,139.81495033550047,13,-2.316453218460083,-2.1457672119140625e-06,-2.316451072692871,-0.2316451072692871,0.9999996423721313,-1.2169013023376465,1.2169013023376465,1.1453258252913656e-07,3.2058370113372803,12.723823547363281,7.208282947540283,13.937084197998047,2.208177089691162
601,139.91376827274988,13,-2.3163352012634277,5.364418029785156e-07,-2.3163357377052307,-0.23163357377052307,1.0001615285873413,-1.2169013023376465,1.2169013023376465,1.1920928955078125e-07,3.2053074836730957,12.718183517456055,7.208464622497559,13.936773300170898,2.2082102298736572
602,140.01260147133334,13,-2.3162105083465576,-2.3245811462402344e-06,-2.3162081837654114,-0.23162081837654114,0.9999987483024597,-1.216901183128357,1.216901183128357,1.1453258252913656e-07,3.204777240753174,12.712526321411133,7.208645820617676,13.936466217041016,2.208242416381836
603,140.11144720309804,13,-2.316089630126953,-3.5762786865234375e-07,-2.3160892724990845,-0.23160892724990845,1.0000008344650269,-1.2169013023376465,1.2169013023376465,1.3632103446070687e-07,3.2042453289031982,12.706853866577148,7.208828449249268,13.936159133911133,2.208272933959961
604,140.21030921116522,13,-2.315964937210083,3.5762786865234375e-07,-2.3159652948379517,-0.23159652948379517,0.9999993443489075,-1.216901183128357,1.216901183128357,1.322508325074523e-07,3.2037134170532227,12.701168060302734,7.209012031555176,13.935853958129883,2.2083024978637695
605,140.30918224499095,13,-2.3158464431762695,5.364418029785156e-07,-2.3158469796180725,-0.23158469796180725,0.9999993443489075,-1.216901183128357,1.216901183128357,1.096565966918206e-07,3.2031798362731934,12.695466041564941,7.209195137023926,13.935558319091797,2.2083308696746826
606,140.4080696336476,13,-2.3157243728637695,-2.86102294921875e-06,-2.3157215118408203,-0.23157215118408203,0.9999995827674866,-1.2169010639190674,1.2169010639190674,1.8703092052874126e-07,3.2026453018188477,12.689748764038086,7.209378242492676,13.935259819030762,2.2083585262298584
607,140.5069724040398,13,-2.315606117248535,6.556510925292969e-07,-2.3156067728996277,-0.23156067728996277,1.0000004768371582,-1.2169013023376465,1.2169013023376465,1.1920928955078125e-07,3.2021102905273438,12.684020042419434,7.209564208984375,13.934968948364258,2.208385467529297
608,140.60588307320637,13,-2.3154819011688232,8.940696716308594e-07,-2.315482795238495,-0.2315482795238495,1.0,-1.216901183128357,1.216901183128357,8.747570490186263e-08,3.2015740871429443,12.67827320098877,7.209750175476074,13.934674263000488,2.20841121673584
609,140.70481253502808,13,-2.3153624534606934,3.814697265625e-06,-2.315366268157959,-0.2315366268157959,1.0000004768371582,-1.2169013023376465,1.2169013023376465,1.1453258252913656e-07,3.2010369300842285,12.67250919342041,7.209937572479248,13.934392929077148,2.208435535430908
610,140.8037503361658,13,-2.3152456283569336,1.430511474609375e-06,-2.315247058868408,-0.23152470588684082,1.0000004768371582,-1.216901183128357,1.216901183128357,1.1920928955078125e-07,3.2004992961883545,12.666735649108887,7.210124492645264,13.93410873413086,2.2084596157073975
611,140.90270581283923,13,-2.315126657485962,-1.1920928955078125e-06,-2.3151254653930664,-0.23151254653930664,0.9999997019767761,-1.2169013023376465,1.2169013023376465,1.2370932722660655e-07,3.199960231781006,12.660943031311035,7.2103118896484375,13.933825492858887,2.208481788635254
612,141.00167219626556,13,-2.315005302429199,-5.364418029785156e-07,-2.3150047659873962,-0.23150047659873962,0.9999999403953552,-1.2169010639190674,1.2169010639190674,1.5856318213991472e-07,3.19942045211792,12.655136108398438,7.2104997634887695,13.933547973632812,2.208503246307373
613,141.10065097958218,13,-2.3148865699768066,-1.0132789611816406e-06,-2.3148855566978455,-0.23148855566978455,0.9999998807907104,-1.2169013023376465,1.2169013023376465,1.1920928955078125e-07,3.1988792419433594,12.649312973022461,7.21068811416626,13.933270454406738,2.2085232734680176
614,141.19964608501638,13,-2.3147711753845215,-1.2516975402832031e-06,-2.314769923686981,-0.23147699236869812,0.9999998807907104,-1.2169013023376465,1.2169013023376465,1.2370932722660655e-07,3.1983375549316406,12.643475532531738,7.210877418518066,13.933001518249512,2.208543062210083
615,141.29865081227555,13,-2.3146488666534424,-2.9206275939941406e-06,-2.3146459460258484,-0.23146459460258484,1.000001072883606,-1.2169010639190674,1.2169010639190674,1.4027318684384227e-07,3.1977953910827637,12.637627601623535,7.211069583892822,13.932731628417969,2.208561420440674
616,141.39767092527248,13,-2.3145217895507812,1.6689300537109375e-06,-2.314523458480835,-0.2314523458480835,1.000001072883606,-1.2169013023376465,1.2169013023376465,8.747570490186263e-08,3.197252035140991,12.631760597229004,7.2112603187561035,13.932463645935059,2.2085788249969482
617,141.49670015267088,13,-2.314396858215332,-3.5762786865234375e-07,-2.3143965005874634,-0.23143965005874634,0.9999990463256836,-1.2169013023376465,1.2169013023376465,1.1920928955078125e-07,3.196707248687744,12.62587833404541,7.211450576782227,13.932201385498047,2.208594799041748
618,141.595745777019,13,-2.3142733573913574,3.5762786865234375e-07,-2.314273715019226,-0.2314273715019226,0.9999991059303284,-1.2169010639190674,1.2169010639190674,1.4786093061047723e-07,3.196161985397339,12.61998176574707,7.211642265319824,13.931938171386719,2.2086098194122314
619,141.69480345567345,13,-2.314150333404541,5.960464477539062e-07,-2.3141509294509888,-0.23141509294509888,1.0000003576278687,-1.2169010639190674,1.2169010639190674,1.7179887379370484e-07,3.1956167221069336,12.614072799682617,7.211834907531738,13.931680679321289,2.2086243629455566
620,141.79387490567518,13,-2.314030170440674,6.556510925292969e-07,-2.3140308260917664,-0.23140308260917664,1.0000001192092896,-1.216901183128357,1.216901183128357,1.0455346455273684e-07,3.1950695514678955,12.608147621154785,7.2120280265808105,13.931427001953125,2.2086374759674072
621,141.8929594140827,13,-2.313903570175171,3.874301910400391e-06,-2.3139074444770813,-0.23139074444770813,1.0000014305114746,-1.216901183128357,1.216901183128357,9.351546026437063e-08,3.19452166557312,12.602209091186523,7.212222099304199,13.931172370910645,2.2086493968963623
622,141.99205795972983,13,-2.313781976699829,8.940696716308594e-07,-2.3137828707695007,-0.23137828707695007,1.0000011920928955,-1.2169010639190674,1.2169010639190674,1.8703092052874126e-07,3.1939733028411865,12.5962495803833,7.21241569519043,13.930917739868164,2.208660364151001
623,142.09116617847633,13,-2.313664197921753,6.556510925292969e-07,-2.3136648535728455,-0.23136648535728455,0.9999988079071045,-1.216901421546936,1.216901421546936,1.899308017527801e-07,3.1934239864349365,12.59028434753418,7.212611198425293,13.93067455291748,2.2086706161499023
624,142.19028888032867,13,-2.3135452270507812,-4.76837158203125e-07,-2.313544750213623,-0.2313544750213623,0.9999982714653015,-1.2169013023376465,1.2169013023376465,1.2370932722660655e-07,3.19287371635437,12.584299087524414,7.212806224822998,13.930429458618164,2.20867919921875
625,142.2894238072437,13,-2.313413143157959,-7.152557373046875e-07,-2.3134124279022217,-0.23134124279022217,0.9999992251396179,-1.2169013023376465,1.2169013023376465,1.3632103446070687e-07,3.1923227310180664,12.578299522399902,7.213001728057861,13.93018627166748,2.2086873054504395
626,142.3885753671235,13,-2.31327748298645,-5.960464477539063e-08,-2.3132774233818054,-0.23132774233818054,1.0000017881393433,-1.216901183128357,1.216901183128357,1.3632103446070687e-07,3.191770315170288,12.572285652160645,7.213197708129883,13.929944038391113,2.2086946964263916
627,142.48773576607468,13,-2.3131422996520996,-4.76837158203125e-07,-2.3131418228149414,-0.23131418228149414,1.0000014305114746,-1.2169010639190674,1.2169010639190674,2.0647654253025394e-07,3.191218137741089,12.566254615783691,7.213394641876221,13.92970085144043,2.2086997032165527
628,142.58690810020272,13,-2.3130087852478027,-2.562999725341797e-06,-2.3130062222480774,-0.23130062222480774,0.9999996423721313,-1.2169013023376465,1.2169013023376465,1.322508325074523e-07,3.190664768218994,12.560214042663574,7.213592052459717,13.929468154907227,2.2087044715881348
629,142.6860952138767,13,-2.3128745555877686,-1.2516975402832031e-06,-2.3128733038902283,-0.23128733038902283,0.9999997615814209,-1.2169013023376465,1.2169013023376465,1.2370932722660655e-07,3.190110206604004,12.554153442382812,7.213790416717529,13.929232597351074,2.2087080478668213
630,142.785295277255,13,-2.312732219696045,1.0132789611816406e-06,-2.312733232975006,-0.2312733232975006,0.9999991059303284,-1.2169013023376465,1.2169013023376465,1.4786093061047723e-07,3.1895549297332764,12.54808235168457,7.213988780975342,13.92900276184082,2.2087109088897705
631,142.88450736014224,13,-2.3125994205474854,2.682209014892578e-06,-2.3126021027565002,-0.23126021027565002,1.0000001192092896,-1.216901183128357,1.216901183128357,1.6531353708160168e-07,3.188999652862549,12.541996955871582,7.2141876220703125,13.92877197265625,2.208712339401245
632,142.98373321476598,13,-2.3124642372131348,-7.152557373046875e-07,-2.3124635219573975,-0.23124635219573975,1.0000015497207642,-1.216901183128357,1.216901183128357,9.351546026437063e-08,3.1884427070617676,12.535895347595215,7.214386463165283,13.928544044494629,2.2087130546569824
633,143.08297000486604,13,-2.3123300075531006,-1.4901161193847656e-06,-2.312328517436981,-0.23123285174369812,1.0000014305114746,-1.216901183128357,1.216901183128357,1.322508325074523e-07,3.187885284423828,12.529777526855469,7.214584827423096,13.92831802368164,2.208712339401245
634,143.1822204326211,13,-2.3121931552886963,1.5497207641601562e-06,-2.3121947050094604,-0.23121947050094604,0.999999463558197,-1.216901183128357,1.216901183128357,1.1453258252913656e-07,3.1873271465301514,12.52364730834961,7.214785575866699,13.928094863891602,2.2087109088897705
635,143.2814834494881,13,-2.3120245933532715,-6.556510925292969e-07,-2.312023937702179,-0.2312023937702179,0.9999997615814209,-1.2169013023376465,1.2169013023376465,1.6858739115832577e-07,3.1867687702178955,12.517501831054688,7.2149882316589355,13.927875518798828,2.2087087631225586
636,143.38075758382882,13,-2.3117873668670654,-1.2516975402832031e-06,-2.311786115169525,-0.23117861151695251,1.0000014305114746,-1.2169013023376465,1.2169013023376465,1.2370932722660655e-07,3.186208963394165,12.51134204864502,7.215188026428223,13.927654266357422,2.208704948425293
637,143.4800448534799,13,-2.3115487098693848,-1.3113021850585938e-06,-2.3115473985671997,-0.23115473985671997,1.0000007152557373,-1.2169013023376465,1.2169013023376465,1.2805131177628937e-07,3.1856486797332764,12.505168914794922,7.215389728546143,13.927435874938965,2.208700180053711
638,143.57934847536558,13,-2.311309337615967,5.364418029785156e-07,-2.3113098740577698,-0.23113098740577698,0.9999988079071045,-1.2169013023376465,1.2169013023376465,1.1453258252913656e-07,3.185086965560913,12.498977661132812,7.2155914306640625,13.927221298217773,2.2086946964263916
639,143.6786601857652,13,-2.3110713958740234,3.5762786865234375e-07,-2.311071753501892,-0.2311071753501892,1.0000015497207642,-1.2169010639190674,1.2169010639190674,1.5151236709698424e-07,3.184525728225708,12.49277400970459,7.215793132781982,13.927003860473633,2.2086873054504395
640,143.77798451793086,13,-2.3108348846435547,-9.5367431640625e-07,-2.3108339309692383,-0.23108339309692383,1.0000004768371582,-1.216901183128357,1.216901183128357,1.4027318684384227e-07,3.18396258354187,12.486555099487305,7.215995788574219,13.926791191101074,2.208679437637329
641,143.8773230769062,13,-2.3105976581573486,-9.5367431640625e-07,-2.3105967044830322,-0.23105967044830322,1.0000001192092896,-1.2169015407562256,1.2169015407562256,2.7264206892141374e-07,3.1833994388580322,12.480324745178223,7.216198444366455,13.926581382751465,2.2086706161499023
642,143.97667374397884,13,-2.310360908508301,5.960464477539063e-08,-2.3103609681129456,-0.23103609681129456,1.0000004768371582,-1.216901183128357,1.216901183128357,1.4411699567062897e-07,3.182835817337036,12.474077224731445,7.216402530670166,13.926373481750488,2.208660364151001
643,144.0760351471915,13,-2.310127019882202,2.980232238769531e-07,-2.310127317905426,-0.2310127317905426,1.000001072883606,-1.216901183128357,1.216901183128357,1.096565966918206e-07,3.1822714805603027,12.467818260192871,7.216606140136719,13.926166534423828,2.2086496353149414
644,144.17541163061355,13,-2.30989408493042,-7.152557373046875e-07,-2.3098933696746826,-0.23098933696746826,0.9999997019767761,-1.2169010639190674,1.2169010639190674,1.9278705565284326e-07,3.181705951690674,12.461543083190918,7.216811180114746,13.925960540771484,2.2086374759674072
645,144.27479811765923,13,-2.309659719467163,8.940696716308594e-07,-2.3096606135368347,-0.23096606135368347,1.0000007152557373,-1.2169013023376465,1.2169013023376465,1.2805131177628937e-07,3.1811397075653076,12.455253601074219,7.217013835906982,13.92575454711914,2.2086238861083984
646,144.37419934731815,13,-2.30942702293396,-1.5497207641601562e-06,-2.309425473213196,-0.23094254732131958,1.000001072883606,-1.2169010639190674,1.2169010639190674,1.7804812557642435e-07,3.180572748184204,12.44894790649414,7.21721887588501,13.925552368164062,2.2086095809936523
647,144.47360867944641,13,-2.309199571609497,2.086162567138672e-06,-2.309201657772064,-0.23092016577720642,1.0000011920928955,-1.2169013023376465,1.2169013023376465,1.6858739115832577e-07,3.180006265640259,12.442631721496582,7.217423439025879,13.925349235534668,2.20859432220459
648,144.57303355502637,13,-2.3089823722839355,-1.5497207641601562e-06,-2.3089808225631714,-0.23089808225631714,1.000001072883606,-1.2169013023376465,1.2169013023376465,1.55077842123319e-07,3.1794378757476807,12.436297416687012,7.2176289558410645,13.925148010253906,2.208578109741211
649,144.67247147627717,13,-2.30876088142395,8.940696716308594e-07,-2.308761775493622,-0.23087617754936218,0.9999991059303284,-1.216901421546936,1.216901421546936,1.899308017527801e-07,3.1788694858551025,12.429949760437012,7.21783447265625,13.924952507019043,2.2085604667663574
650,144.77191910486644,13,-2.3085432052612305,-4.0531158447265625e-06,-2.3085391521453857,-0.23085391521453857,0.9999996423721313,-1.2169010639190674,1.2169010639190674,1.6858739115832577e-07,3.178299903869629,12.423588752746582,7.21804141998291,13.924750328063965,2.2085423469543457
651,144.87138044766795,13,-2.308323621749878,-1.1324882507324219e-06,-2.308322489261627,-0.23083224892616272,0.9999997615814209,-1.2169010639190674,1.2169010639190674,1.4411699567062897e-07,3.177729368209839,12.417213439941406,7.218246936798096,13.924555778503418,2.208522319793701
652,144.97085312210203,13,-2.308105945587158,-1.6093254089355469e-06,-2.3081043362617493,-0.23081043362617493,1.0000004768371582,-1.2169010639190674,1.2169010639190674,1.8408536561764777e-07,3.177158832550049,12.410820960998535,7.2184529304504395,13.924357414245605,2.2085015773773193
653,145.07033852847638,13,-2.3078906536102295,-3.5762786865234375e-06,-2.307887077331543,-0.2307887077331543,0.9999983310699463,-1.2169013023376465,1.2169013023376465,1.2370932722660655e-07,3.1765878200531006,12.404419898986816,7.218660354614258,13.924164772033691,2.208479642868042
654,145.1698345209738,13,-2.307673931121826,5.960464477539063e-08,-2.307673990726471,-0.2307673990726471,1.000000238418579,-1.216901421546936,1.216901421546936,1.899308017527801e-07,3.176016092300415,12.398002624511719,7.218867778778076,13.923973083496094,2.2084572315216064
655,145.26934545433767,13,-2.307457447052002,2.562999725341797e-06,-2.3074600100517273,-0.23074600100517273,1.0000004768371582,-1.216901183128357,1.216901183128357,1.1920928955078125e-07,3.1754438877105713,12.391568183898926,7.219074726104736,13.923779487609863,2.208432912826538
656,145.36886646818556,13,-2.3072469234466553,-2.682209014892578e-06,-2.3072442412376404,-0.23072442412376404,0.9999999403953552,-1.2169013023376465,1.2169013023376465,1.0455346455273684e-07,3.174870729446411,12.385122299194336,7.2192816734313965,13.923585891723633,2.2084078788757324
657,145.46839897476963,13,-2.3070333003997803,-3.635883331298828e-06,-2.307029664516449,-0.2307029664516449,0.9999998807907104,-1.2169013023376465,1.2169013023376465,1.2805131177628937e-07,3.1742968559265137,12.378661155700684,7.219489574432373,13.92339038848877,2.2083818912506104
658,145.5679450484153,13,-2.306818962097168,8.940696716308594e-07,-2.3068198561668396,-0.23068198561668396,1.0000011920928955,-1.2169013023376465,1.2169013023376465,1.2370932722660655e-07,3.173722982406616,12.37218952178955,7.219698429107666,13.923205375671387,2.208354949951172
659,145.6675024577312,13,-2.306609630584717,-1.7881393432617188e-07,-2.3066094517707825,-0.23066094517707825,1.0000004768371582,-1.216901183128357,1.216901183128357,9.91881279333029e-08,3.1731481552124023,12.36569881439209,7.219906330108643,13.923016548156738,2.208326578140259
660,145.7670714272758,13,-2.306396007537842,1.8477439880371094e-06,-2.30639785528183,-0.23063978552818298,1.0000009536743164,-1.216901421546936,1.216901421546936,1.9560161490517203e-07,3.172572612762451,12.359197616577148,7.220114707946777,13.92282772064209,2.2082972526550293
661,145.86665306546604,13,-2.306185245513916,-1.7881393432617188e-07,-2.3061850666999817,-0.23061850666999817,1.0000041723251343,-1.216901183128357,1.216901183128357,1.0455346455273684e-07,3.1719970703125,12.352681159973145,7.220322608947754,13.922640800476074,2.2082674503326416
662,145.96624497246532,13,-2.305978775024414,6.556510925292969e-07,-2.3059794306755066,-0.23059794306755066,1.0000007152557373,-1.2169013023376465,1.2169013023376465,1.096565966918206e-07,3.171420097351074,12.346150398254395,7.220532417297363,13.92245101928711,2.2082359790802
663,146.0658493816069,13,-2.305774211883545,4.76837158203125e-07,-2.305774688720703,-0.2305774688720703,1.000001072883606,-1.2169013023376465,1.2169013023376465,1.2805131177628937e-07,3.1708433628082275,12.339603424072266,7.22074031829834,13.922263145446777,2.208203077316284
664,146.16546717404552,13,-2.3055660724639893,2.682209014892578e-06,-2.305568754673004,-0.23055687546730042,1.0000017881393433,-1.216901183128357,1.216901183128357,1.1453258252913656e-07,3.1702654361724854,12.333044052124023,7.220948219299316,13.922074317932129,2.208169460296631
665,146.26509488929318,13,-2.305360794067383,2.0265579223632812e-06,-2.305362820625305,-0.23053628206253052,0.9999997615814209,-1.2169010639190674,1.2169010639190674,1.5856318213991472e-07,3.169687509536743,12.326472282409668,7.221158504486084,13.921891212463379,2.208134889602661
666,146.3647346322077,13,-2.305162191390991,-1.430511474609375e-06,-2.3051607608795166,-0.23051607608795166,1.0000001192092896,-1.2169013023376465,1.2169013023376465,1.0455346455273684e-07,3.1691088676452637,12.319886207580566,7.221367835998535,13.921704292297363,2.208098888397217
667,146.46438806668823,13,-2.304957151412964,-8.344650268554688e-07,-2.304956316947937,-0.2304956316947937,0.9999996423721313,-1.216901183128357,1.216901183128357,1.2370932722660655e-07,3.168529510498047,12.313285827636719,7.2215776443481445,13.921521186828613,2.2080624103546143
668,146.56405123287217,13,-2.3047571182250977,-1.0728836059570312e-06,-2.3047560453414917,-0.23047560453414917,0.9999985694885254,-1.2169013023376465,1.2169013023376465,1.5151236709698424e-07,3.167949676513672,12.306669235229492,7.2217864990234375,13.921330451965332,2.208024263381958
669,146.6637258806457,13,-2.304556131362915,-3.5762786865234375e-07,-2.3045557737350464,-0.23045557737350464,1.0000004768371582,-1.2169010639190674,1.2169010639190674,1.6197353147617832e-07,3.167369842529297,12.300044059753418,7.221997261047363,13.921148300170898,2.2079854011535645
670,146.76341343063066,13,-2.3043527603149414,6.556510925292969e-07,-2.304353415966034,-0.2304353415966034,1.000001072883606,-1.2169010639190674,1.2169010639190674,1.5151236709698424e-07,3.1667888164520264,12.2933988571167,7.222206115722656,13.9209623336792,2.2079458236694336
671,146.86311303794432,13,-2.3041532039642334,-5.960464477539063e-08,-2.3041531443595886,-0.23041531443595886,1.0,-1.2169013023376465,1.2169013023376465,1.3632103446070687e-07,3.166207790374756,12.286745071411133,7.222415447235107,13.92077922821045,2.20790433883667
672,146.96282395368868,13,-2.3039560317993164,-1.6689300537109375e-06,-2.3039543628692627,-0.23039543628692627,1.0000001192092896,-1.2169013023376465,1.2169013023376465,1.4786093061047723e-07,3.16562557220459,12.280073165893555,7.222626209259033,13.920595169067383,2.207862615585327
673,147.06254305452933,13,-2.303757667541504,1.7881393432617188e-06,-2.303759455680847,-0.23037594556808472,1.0000008344650269,-1.2169010639190674,1.2169010639190674,1.8703092052874126e-07,3.165044069290161,12.27338981628418,7.222836971282959,13.92041015625,2.2078189849853516
674,147.16227794670652,13,-2.303562641143799,-4.76837158203125e-07,-2.3035621643066406,-0.23035621643066406,1.000000238418579,-1.2169010639190674,1.2169010639190674,1.55077842123319e-07,3.164461612701416,12.266692161560059,7.22304630279541,13.920220375061035,2.2077748775482178
675,147.26202373919614,13,-2.3033645153045654,-1.7285346984863281e-06,-2.303362786769867,-0.2303362786769867,0.9999999403953552,-1.2169013023376465,1.2169013023376465,1.1920928955078125e-07,3.1638777256011963,12.259978294372559,7.2232561111450195,13.920037269592285,2.207728862762451
676,147.36177992381334,13,-2.3031716346740723,-1.9669532775878906e-06,-2.3031696677207947,-0.23031696677207947,0.9999994039535522,-1.2169013023376465,1.2169013023376465,1.4411699567062897e-07,3.1632940769195557,12.253252029418945,7.2234649658203125,13.919849395751953,2.2076821327209473
677,147.46154811572174,13,-2.3029751777648926,2.2649765014648438e-06,-2.302977442741394,-0.2302977442741394,0.9999991059303284,-1.2169010639190674,1.2169010639190674,1.9278705565284326e-07,3.162709951400757,12.246513366699219,7.223675727844238,13.919662475585938,2.207634449005127
678,147.56132637321772,13,-2.3027844429016113,2.562999725341797e-06,-2.3027870059013367,-0.23027870059013367,0.9999995827674866,-1.216901183128357,1.216901183128357,9.91881279333029e-08,3.162125825881958,12.239763259887695,7.223886489868164,13.919477462768555,2.2075862884521484
679,147.66111855412706,13,-2.3025903701782227,-1.5497207641601562e-06,-2.3025888204574585,-0.23025888204574585,1.000000238418579,-1.2169013023376465,1.2169013023376465,1.4411699567062897e-07,3.161541223526001,12.232998847961426,7.224097728729248,13.919296264648438,2.207536220550537
680,147.7609192506664,13,-2.302401542663574,-3.7550926208496094e-06,-2.3023977875709534,-0.23023977875709534,1.000000238418579,-1.2169010639190674,1.2169010639190674,1.8408536561764777e-07,3.1609556674957275,12.226216316223145,7.224306583404541,13.91910457611084,2.2074856758117676
681,147.86073342435637,13,-2.3022098541259766,-4.172325134277344e-07,-2.302209436893463,-0.2302209436893463,1.0000001192092896,-1.2169010639190674,1.2169010639190674,1.6531353708160168e-07,3.160370111465454,12.21942138671875,7.224517345428467,13.91891860961914,2.2074337005615234
682,147.960558386842,13,-2.3020224571228027,3.0994415283203125e-06,-2.302025556564331,-0.2302025556564331,1.0000015497207642,-1.2169013023376465,1.2169013023376465,1.1920928955078125e-07,3.1597838401794434,12.212614059448242,7.224727153778076,13.91872787475586,2.2073802947998047
683,148.06039327670103,13,-2.3018431663513184,5.960464477539062e-07,-2.301843762397766,-0.2301843762397766,1.0000003576278687,-1.2169010639190674,1.2169010639190674,1.8408536561764777e-07,3.1591975688934326,12.205793380737305,7.224937438964844,13.918537139892578,2.2073261737823486
684,148.16024106962905,13,-2.3016583919525146,-1.1920928955078125e-06,-2.301657199859619,-0.23016571998596191,1.0000007152557373,-1.2169013023376465,1.2169013023376465,1.6197353147617832e-07,3.1586108207702637,12.19896125793457,7.225147724151611,13.918349266052246,2.207271099090576
685,148.2601009260098,13,-2.30147385597229,2.1457672119140625e-06,-2.301476001739502,-0.2301476001739502,0.999998927116394,-1.2169010639190674,1.2169010639190674,1.8408536561764777e-07,3.158022880554199,12.192112922668457,7.225357532501221,13.918158531188965,2.207214593887329
686,148.35996940618404,13,-2.3012919425964355,-1.6093254089355469e-06,-2.3012903332710266,-0.23012903332710266,0.9999999403953552,-1.2169010639190674,1.2169010639190674,1.9560161490517203e-07,3.157435178756714,12.185248374938965,7.225566387176514,13.91796588897705,2.2071568965911865
687,148.45984960590246,13,-2.301110029220581,2.980232238769531e-07,-2.301110327243805,-0.2301110327243805,1.000001311302185,-1.2169010639190674,1.2169010639190674,1.899308017527801e-07,3.1568472385406494,12.178374290466309,7.225776195526123,13.917773246765137,2.2070982456207275
688,148.55974231306232,13,-2.300930976867676,8.344650268554688e-07,-2.3009318113327026,-0.23009318113327026,0.9999997019767761,-1.2169013023376465,1.2169013023376465,1.6197353147617832e-07,3.1562588214874268,12.17148494720459,7.225986957550049,13.917577743530273,2.2070391178131104
689,148.6596461649439,13,-2.300750255584717,1.5497207641601562e-06,-2.300751805305481,-0.2300751805305481,0.9999995231628418,-1.2169013023376465,1.2169013023376465,1.4786093061047723e-07,3.155669927597046,12.16458511352539,7.2261962890625,13.917386054992676,2.2069783210754395
690,148.75956042203234,13,-2.3005757331848145,1.1324882507324219e-06,-2.300576865673065,-0.23005768656730652,1.0000004768371582,-1.2169013023376465,1.2169013023376465,1.4411699567062897e-07,3.155081033706665,12.157668113708496,7.226405143737793,13.917189598083496,2.2069168090820312
691,148.8594866372771,13,-2.3003973960876465,-3.516674041748047e-06,-2.3003938794136047,-0.23003938794136047,0.9999988675117493,-1.216901421546936,1.216901421546936,1.983762558666058e-07,3.154491424560547,12.150739669799805,7.2266154289245605,13.9169921875,2.2068538665771484
692,148.95942248916234,13,-2.3002185821533203,-5.364418029785156e-07,-2.3002180457115173,-0.23002180457115173,0.9999998211860657,-1.216901421546936,1.216901421546936,2.0111259857458208e-07,3.1539013385772705,12.143796920776367,7.226823806762695,13.91679573059082,2.20678973197937
693,149.05936940995358,13,-2.3000476360321045,-1.8477439880371094e-06,-2.3000457882881165,-0.23000457882881165,0.9999999403953552,-1.2169010639190674,1.2169010639190674,1.8703092052874126e-07,3.1533114910125732,12.136839866638184,7.2270331382751465,13.916596412658691,2.2067248821258545
694,149.1593289271825,13,-2.299870252609253,-1.4901161193847656e-06,-2.2998687624931335,-0.22998687624931335,0.9999983310699463,-1.2169010639190674,1.2169010639190674,1.9278705565284326e-07,3.1527209281921387,12.129870414733887,7.227241516113281,13.916393280029297,2.2066586017608643
695,149.25929652583653,13,-2.299692153930664,7.748603820800781e-07,-2.299692928791046,-0.22996929287910461,0.999999463558197,-1.2169013023376465,1.2169013023376465,1.3632103446070687e-07,3.152129888534546,12.122886657714844,7.227450847625732,13.916190147399902,2.2065908908843994
696,149.3592784212744,13,-2.2995214462280273,-7.748603820800781e-07,-2.2995206713676453,-0.22995206713676453,0.9999999403953552,-1.2169013023376465,1.2169013023376465,1.6858739115832577e-07,3.151538848876953,12.115894317626953,7.227658748626709,13.915989875793457,2.2065229415893555
697,149.45926945792115,13,-2.2993459701538086,-8.344650268554688e-07,-2.2993451356887817,-0.22993451356887817,0.9999998211860657,-1.2169013023376465,1.2169013023376465,1.5856318213991472e-07,3.1509478092193604,12.108884811401367,7.227869033813477,13.91578483581543,2.206453323364258
698,149.55927113333846,13,-2.2991135120391846,-1.1324882507324219e-06,-2.299112379550934,-0.22991123795509338,0.9999985694885254,-1.2169013023376465,1.2169013023376465,1.1453258252913656e-07,3.150355815887451,12.101861953735352,7.2280755043029785,13.91557502746582,2.206383228302002
699,149.65928399352603,13,-2.298872709274292,-2.6226043701171875e-06,-2.298870086669922,-0.2298870086669922,0.9999992251396179,-1.2169010639190674,1.2169010639190674,1.6197353147617832e-07,3.149763584136963,12.094823837280273,7.228283882141113,13.915366172790527,2.2063114643096924
700,149.7593060545663,13,-2.298631191253662,4.76837158203125e-07,-2.2986316680908203,-0.22986316680908203,1.000000238418579,-1.216901421546936,1.216901421546936,1.9560161490517203e-07,3.1491715908050537,12.087777137756348,7.228492736816406,13.915157318115234,2.2062387466430664
701,149.85934003314443,13,-2.298393487930298,-2.384185791015625e-07,-2.2983932495117188,-0.22983932495117188,0.9999985694885254,-1.2169013023376465,1.2169013023376465,1.1453258252913656e-07,3.148578643798828,12.080713272094727,7.228698253631592,13.914941787719727,2.206164836883545
702,149.95938582827972,13,-2.2981529235839844,-4.76837158203125e-07,-2.298152446746826,-0.22981524467468262,1.0000004768371582,-1.2169013023376465,1.2169013023376465,1.1920928955078125e-07,3.1479861736297607,12.073637962341309,7.228907108306885,13.9147310256958,2.206089973449707
703,150.05944025941628,13,-2.2979137897491455,2.0265579223632812e-06,-2.297915816307068,-0.2297915816307068,1.0000007152557373,-1.216901183128357,1.216901183128357,1.2370932722660655e-07,3.147392749786377,12.066547393798828,7.2291131019592285,13.914510726928711,2.2060134410858154
704,150.15950786973096,13,-2.297677993774414,2.980232238769531e-07,-2.297678291797638,-0.2297678291797638,0.999999463558197,-1.2169013023376465,1.2169013023376465,1.0455346455273684e-07,3.1467998027801514,12.059446334838867,7.229320049285889,13.914295196533203,2.205936908721924
705,150.2595848409037,13,-2.2974414825439453,1.0728836059570312e-06,-2.2974425554275513,-0.22974425554275513,0.9999995231628418,-1.2169013023376465,1.2169013023376465,1.4786093061047723e-07,3.1462061405181885,12.052332878112793,7.229527473449707,13.91407585144043,2.2058582305908203
706,150.35967294855288,13,-2.297208070755005,-9.5367431640625e-07,-2.2972071170806885,-0.22972071170806885,0.9999988675117493,-1.2169013023376465,1.2169013023376465,1.1453258252913656e-07,3.1456124782562256,12.045204162597656,7.229732990264893,13.91385269165039,2.2057788372039795
707,150.45976996182176,13,-2.2969751358032227,1.1920928955078125e-07,-2.296975255012512,-0.22969752550125122,0.9999997615814209,-1.216901183128357,1.216901183128357,1.0455346455273684e-07,3.1450181007385254,12.038060188293457,7.22993803024292,13.913622856140137,2.2056987285614014
708,150.55988005863358,13,-2.296743631362915,1.2516975402832031e-06,-2.2967448830604553,-0.22967448830604553,0.9999993443489075,-1.2169013023376465,1.2169013023376465,1.2370932722660655e-07,3.1444244384765625,12.03090763092041,7.23014497756958,13.913399696350098,2.2056174278259277
709,150.6599995049386,13,-2.2965242862701416,-8.344650268554688e-07,-2.2965234518051147,-0.22965234518051147,1.0000004768371582,-1.216901183128357,1.216901183128357,8.098676573808916e-08,3.143829822540283,12.023737907409668,7.230349540710449,13.913171768188477,2.2055346965789795
710,150.76012909304325,13,-2.2963032722473145,5.364418029785156e-07,-2.2963038086891174,-0.22963038086891174,1.0000011920928955,-1.2169010639190674,1.2169010639190674,1.8109190591530933e-07,3.143235206604004,12.016557693481445,7.230555057525635,13.912939071655273,2.2054507732391357
711,150.86026871165362,13,-2.2960851192474365,-3.5762786865234375e-07,-2.296084761619568,-0.2296084761619568,1.0000007152557373,-1.216901183128357,1.216901183128357,1.1453258252913656e-07,3.1426405906677246,12.00936508178711,7.230759143829346,13.912701606750488,2.2053661346435547
712,150.96041827090133,13,-2.295869827270508,-1.7285346984863281e-06,-2.2958680987358093,-0.22958680987358093,1.0000009536743164,-1.2169013023376465,1.2169013023376465,1.2805131177628937e-07,3.142045259475708,12.002156257629395,7.230963706970215,13.912466049194336,2.205280303955078
713,151.06058079011206,13,-2.29565167427063,1.8477439880371094e-06,-2.295653522014618,-0.2295653522014618,1.000001072883606,-1.2169013023376465,1.2169013023376465,1.2370932722660655e-07,3.1414506435394287,11.994941711425781,7.231168270111084,13.912230491638184,2.205193519592285
714,151.16075159360585,13,-2.295435667037964,-8.940696716308594e-07,-2.2954347729682922,-0.22954347729682922,0.9999993443489075,-1.2169010639190674,1.2169010639190674,1.9278705565284326e-07,3.140855312347412,11.98770523071289,7.2313714027404785,13.911983489990234,2.2051053047180176
715,151.26093421285069,13,-2.2952218055725098,-4.172325134277344e-07,-2.2952213883399963,-0.22952213883399963,1.0000005960464478,-1.2169010639190674,1.2169010639190674,1.5856318213991472e-07,3.140259265899658,11.980462074279785,7.231573104858398,13.911738395690918,2.2050158977508545
716,151.36112734042146,13,-2.2950077056884766,-2.980232238769531e-07,-2.2950074076652527,-0.22950074076652527,0.9999985694885254,-1.2169010639190674,1.2169010639190674,1.5151236709698424e-07,3.1396639347076416,11.973203659057617,7.231776237487793,13.911490440368652,2.204925775527954
717,151.46132812508327,13,-2.2947957515716553,-5.364418029785156e-07,-2.2947952151298523,-0.22947952151298523,1.0,-1.2169013023376465,1.2169013023376465,1.1920928955078125e-07,3.139068365097046,11.965930938720703,7.231978416442871,13.911238670349121,2.204833984375
718,151.5615401476562,13,-2.294581413269043,4.172325134277344e-07,-2.2945818305015564,-0.22945818305015564,1.0000004768371582,-1.2169010639190674,1.2169010639190674,1.6197353147617832e-07,3.138472080230713,11.958647727966309,7.232181072235107,13.910985946655273,2.2047417163848877
719,151.66176454409077,13,-2.29436993598938,1.4901161193847656e-06,-2.2943714261054993,-0.22943714261054993,0.9999994039535522,-1.2169010639190674,1.2169010639190674,1.4027318684384227e-07,3.137876033782959,11.951350212097168,7.232381343841553,13.910728454589844,2.204648017883301
720,151.76199695911217,13,-2.294142246246338,2.682209014892578e-06,-2.294144928455353,-0.22941449284553528,0.9999998211860657,-1.2169010639190674,1.2169010639190674,1.7804812557642435e-07,3.137279987335205,11.944040298461914,7.2325825691223145,13.910468101501465,2.2045533657073975
721,151.86223999560667,13,-2.2939043045043945,-1.9669532775878906e-06,-2.293902337551117,-0.2293902337551117,1.0000011920928955,-1.216901183128357,1.216901183128357,1.096565966918206e-07,3.136683940887451,11.936718940734863,7.232784748077393,13.91020679473877,2.2044575214385986
722,151.96249367628863,13,-2.293640375137329,1.1920928955078125e-06,-2.2936415672302246,-0.22936415672302246,0.9999996423721313,-1.2169010639190674,1.2169010639190674,1.8703092052874126e-07,3.136086940765381,11.929381370544434,7.232983589172363,13.909937858581543,2.2043604850769043
723,152.06275777742255,13,-2.2933497428894043,1.8477439880371094e-06,-2.2933515906333923,-0.22933515906333923,0.9999992251396179,-1.216901183128357,1.216901183128357,1.0455346455273684e-07,3.135490894317627,11.92203426361084,7.233183860778809,13.909668922424316,2.2042627334594727
724,152.16303141090327,13,-2.2930643558502197,-1.2516975402832031e-06,-2.2930631041526794,-0.22930631041526794,0.9999983310699463,-1.2169010639190674,1.2169010639190674,1.7179887379370484e-07,3.1348941326141357,11.914671897888184,7.233382701873779,13.909396171569824,2.2041635513305664
725,152.26331428143348,13,-2.2927770614624023,2.3245811462402344e-06,-2.2927793860435486,-0.22927793860435486,0.999998927116394,-1.2169010639190674,1.2169010639190674,1.7179887379370484e-07,3.1342978477478027,11.907299995422363,7.233582019805908,13.909116744995117,2.2040631771087646
726,152.3636090223482,13,-2.2924888134002686,2.384185791015625e-06,-2.2924911975860596,-0.22924911975860596,0.9999997019767761,-1.2169013023376465,1.2169013023376465,1.4411699567062897e-07,3.1337008476257324,11.899913787841797,7.233779430389404,13.908838272094727,2.2039620876312256
727,152.46391107650751,13,-2.2922067642211914,2.205371856689453e-06,-2.292208969593048,-0.2292208969593048,1.000000238418579,-1.2169013023376465,1.2169013023376465,1.0455346455273684e-07,3.133104085922241,11.8925142288208,7.233977794647217,13.908553123474121,2.203859806060791
728,152.5642239867821,13,-2.291923761367798,1.1920928955078125e-06,-2.2919249534606934,-0.22919249534606934,1.0000011920928955,-1.2169013023376465,1.2169013023376465,1.2370932722660655e-07,3.132506847381592,11.885100364685059,7.2341742515563965,13.908262252807617,2.2037558555603027
729,152.66454796010873,13,-2.2916433811187744,-5.960464477539063e-08,-2.2916433215141296,-0.22916433215141296,0.9999999403953552,-1.2169013023376465,1.2169013023376465,1.4786093061047723e-07,3.1319100856781006,11.877678871154785,7.23436975479126,13.907975196838379,2.2036514282226562
730,152.76488136820868,13,-2.291363477706909,-2.384185791015625e-06,-2.291361093521118,-0.22913610935211182,0.9999998211860657,-1.216901183128357,1.216901183128357,9.91881279333029e-08,3.1313133239746094,11.870243072509766,7.2345662117004395,13.90767765045166,2.2035458087921143
731,152.86522373129688,13,-2.291085720062256,-2.980232238769531e-07,-2.291085422039032,-0.2291085422039032,0.999998927116394,-1.2169013023376465,1.2169013023376465,1.2805131177628937e-07,3.130716562271118,11.86279296875,7.234762191772461,13.907380104064941,2.2034389972686768
732,152.965576114464,13,-2.2908055782318115,-3.2782554626464844e-06,-2.290802299976349,-0.2290802299976349,1.0000004768371582,-1.216901183128357,1.216901183128357,1.1453258252913656e-07,3.1301190853118896,11.855329513549805,7.234956741333008,13.907071113586426,2.2033305168151855
733,153.06594006162493,13,-2.2905282974243164,1.6093254089355469e-06,-2.2905299067497253,-0.22905299067497253,1.0000005960464478,-1.2169010639190674,1.2169010639190674,2.0111259857458208e-07,3.1295218467712402,11.847855567932129,7.2351508140563965,13.906767845153809,2.2032217979431152
734,153.16631382535738,13,-2.290255069732666,-5.364418029785156e-07,-2.290254533290863,-0.2290254533290863,1.0000007152557373,-1.2169010639190674,1.2169010639190674,1.9278705565284326e-07,3.128925085067749,11.84036922454834,7.235344409942627,13.906455993652344,2.2031116485595703
735,153.26669340979754,13,-2.2899796962738037,-2.0265579223632812e-06,-2.2899776697158813,-0.22899776697158813,0.9999991059303284,-1.2169010639190674,1.2169010639190674,1.3632103446070687e-07,3.1283278465270996,11.832871437072754,7.235537528991699,13.906139373779297,2.20300030708313
736,153.36708622203463,13,-2.2897086143493652,-9.5367431640625e-07,-2.289707660675049,-0.22897076606750488,1.0,-1.2169010639190674,1.2169010639190674,1.8109190591530933e-07,3.1277310848236084,11.825358390808105,7.235729694366455,13.905818939208984,2.202888250350952
737,153.46748812290707,13,-2.2894325256347656,9.5367431640625e-07,-2.289433479309082,-0.2289433479309082,0.999998152256012,-1.2169010639190674,1.2169010639190674,1.4786093061047723e-07,3.12713360786438,11.817834854125977,7.235921859741211,13.905496597290039,2.2027745246887207
738,153.5678978898208,13,-2.2891616821289062,-3.2782554626464844e-06,-2.2891584038734436,-0.22891584038734436,0.9999998807907104,-1.2169010639190674,1.2169010639190674,1.7495140980372526e-07,3.1265368461608887,11.810297012329102,7.236112594604492,13.905166625976562,2.202660083770752
739,153.66831985354347,13,-2.288893461227417,-2.086162567138672e-06,-2.28889137506485,-0.22888913750648499,1.0000001192092896,-1.216901183128357,1.216901183128357,1.4786093061047723e-07,3.1259396076202393,11.802748680114746,7.236303329467773,13.904834747314453,2.2025444507598877
740,153.76874966065282,13,-2.288623809814453,1.7285346984863281e-06,-2.2886255383491516,-0.22886255383491516,0.9999985694885254,-1.2169010639190674,1.2169010639190674,1.8109190591530933e-07,3.12534236907959,11.795185089111328,7.236493110656738,13.904491424560547,2.202427387237549
741,153.86918962124037,13,-2.288355588912964,-1.2516975402832031e-06,-2.2883543372154236,-0.22883543372154236,1.000001311302185,-1.2169010639190674,1.2169010639190674,1.4411699567062897e-07,3.1247456073760986,11.787613868713379,7.2366814613342285,13.904153823852539,2.2023093700408936
742,153.96963976728597,13,-2.2880890369415283,3.635883331298828e-06,-2.2880926728248596,-0.22880926728248596,1.000001072883606,-1.216901183128357,1.216901183128357,8.098676573808916e-08,3.1241488456726074,11.78002643585205,7.236870765686035,13.903807640075684,2.202190637588501
743,154.07009724094246,13,-2.2878239154815674,1.1324882507324219e-06,-2.287825047969818,-0.2287825047969818,0.9999999403953552,-1.216901183128357,1.216901183128357,1.096565966918206e-07,3.123551845550537,11.772428512573242,7.237060070037842,13.903453826904297,2.202070474624634
744,154.17056475905292,13,-2.287562131881714,-1.1324882507324219e-06,-2.287560999393463,-0.2287560999393463,1.0000019073486328,-1.2169010639190674,1.2169010639190674,1.4411699567062897e-07,3.122955322265625,11.76481819152832,7.237246036529541,13.903097152709961,2.201949119567871
745,154.27104385608382,13,-2.287297010421753,2.384185791015625e-07,-2.287297248840332,-0.2287297248840332,0.9999985694885254,-1.2169010639190674,1.2169010639190674,1.6197353147617832e-07,3.122358560562134,11.757196426391602,7.23743200302124,13.90273666381836,2.201826810836792
746,154.3715295575486,13,-2.2870383262634277,-9.5367431640625e-07,-2.2870373725891113,-0.22870373725891113,1.0000005960464478,-1.216901183128357,1.216901183128357,9.91881279333029e-08,3.1217613220214844,11.749557495117188,7.237617492675781,13.902366638183594,2.2017035484313965
747,154.4720256608421,13,-2.286774158477783,3.933906555175781e-06,-2.2867780923843384,-0.22867780923843384,0.9999996423721313,-1.2169010639190674,1.2169010639190674,1.4411699567062897e-07,3.1211652755737305,11.741911888122559,7.237802982330322,13.901999473571777,2.2015788555145264
748,154.5725307375293,13,-2.286519765853882,-1.8477439880371094e-06,-2.286517918109894,-0.22865179181098938,1.0000004768371582,-1.2169013023376465,1.2169013023376465,1.322508325074523e-07,3.1205689907073975,11.734251976013184,7.237987041473389,13.901618957519531,2.20145320892334
749,154.67304478577717,13,-2.2862606048583984,2.8014183044433594e-06,-2.286263406276703,-0.2286263406276703,1.0000007152557373,-1.2169013023376465,1.2169013023376465,1.096565966918206e-07,3.1199724674224854,11.726580619812012,7.238170146942139,13.901239395141602,2.201326608657837
750,154.7735716813842,13,-2.286005973815918,-3.337860107421875e-06,-2.2860026359558105,-0.22860026359558105,1.0000004768371582,-1.2169013023376465,1.2169013023376465,1.1453258252913656e-07,3.119375705718994,11.718896865844727,7.2383527755737305,13.900853157043457,2.2011988162994385
751,154.87410381223287,13,-2.2857487201690674,8.940696716308594e-07,-2.285749614238739,-0.2285749614238739,0.9999999403953552,-1.216901183128357,1.216901183128357,1.096565966918206e-07,3.1187796592712402,11.711201667785645,7.238533973693848,13.900456428527832,2.2010695934295654
752,154.97464451596727,13,-2.285459041595459,1.4901161193847656e-06,-2.2854605317115784,-0.22854605317115784,0.9999999403953552,-1.2169010639190674,1.2169010639190674,1.6858739115832577e-07,3.1181836128234863,11.7034912109375,7.238715648651123,13.900060653686523,2.200939416885376
753,155.07519649608244,13,-2.2851696014404297,-2.6226043701171875e-06,-2.2851669788360596,-0.22851669788360596,0.9999991655349731,-1.2169010639190674,1.2169010639190674,1.6531353708160168e-07,3.1175875663757324,11.695772171020508,7.238894462585449,13.899653434753418,2.20080828666687
754,155.17575722474822,13,-2.284879207611084,1.3709068298339844e-06,-2.284880578517914,-0.22848805785179138,1.0000007152557373,-1.2169013023376465,1.2169013023376465,1.3632103446070687e-07,3.1169919967651367,11.68803882598877,7.239074230194092,13.89924430847168,2.200676202774048
755,155.27632589191305,13,-2.284590244293213,-8.344650268554688e-07,-2.284589409828186,-0.2284589409828186,0.9999996423721313,-1.2169013023376465,1.2169013023376465,1.1453258252913656e-07,3.116396188735962,11.680294036865234,7.239252090454102,13.89882755279541,2.200542688369751
756,155.37690530009573,13,-2.284301519393921,-1.7881393432617188e-06,-2.2842997312545776,-0.22842997312545776,0.9999988079071045,-1.2169013023376465,1.2169013023376465,1.322508325074523e-07,3.115800619125366,11.672540664672852,7.239429950714111,13.898409843444824,2.200408458709717
757,155.4774933254596,13,-2.284013271331787,3.5762786865234375e-07,-2.2840136289596558,-0.22840136289596558,1.000001311302185,-1.2169013023376465,1.2169013023376465,1.322508325074523e-07,3.1152052879333496,11.66477108001709,7.239606857299805,13.897984504699707,2.200272798538208
758,155.57809059126998,13,-2.283726692199707,8.344650268554688e-07,-2.283727526664734,-0.2283727526664734,0.9999998807907104,-1.216901183128357,1.216901183128357,1.096565966918206e-07,3.114610195159912,11.656990051269531,7.23978328704834,13.897550582885742,2.2001354694366455
759,155.67869729743066,13,-2.2834410667419434,1.5497207641601562e-06,-2.2834426164627075,-0.22834426164627075,1.000000238418579,-1.216901183128357,1.216901183128357,8.098676573808916e-08,3.1140151023864746,11.649198532104492,7.239957809448242,13.897110939025879,2.199997901916504
760,155.7793101856197,13,-2.283158779144287,1.0132789611816406e-06,-2.2831597924232483,-0.22831597924232483,1.0000017881393433,-1.216901183128357,1.216901183128357,1.0455346455273684e-07,3.1134207248687744,11.641395568847656,7.24013090133667,13.89666748046875,2.199859380722046
761,155.87993359573258,13,-2.282871723175049,4.947185516357422e-06,-2.282876670360565,-0.22828766703605652,1.000001311302185,-1.2169010639190674,1.2169010639190674,1.7495140980372526e-07,3.112825870513916,11.633580207824707,7.240303993225098,13.89621639251709,2.199719190597534
762,155.98056603830992,13,-2.2825980186462402,-1.1920928955078125e-06,-2.2825968265533447,-0.22825968265533447,1.0000009536743164,-1.2169013023376465,1.2169013023376465,9.351546026437063e-08,3.112231969833374,11.625752449035645,7.240477561950684,13.89576244354248,2.199578285217285
763,156.08120621755003,13,-2.2823171615600586,-1.0728836059570312e-06,-2.2823160886764526,-0.22823160886764526,1.000000238418579,-1.2169010639190674,1.2169010639190674,1.7495140980372526e-07,3.1116373538970947,11.617912292480469,7.2406487464904785,13.89529800415039,2.1994357109069824
764,156.18185755830604,13,-2.2820301055908203,7.748603820800781e-07,-2.2820308804512024,-0.22820308804512024,0.9999997019767761,-1.2169013023376465,1.2169013023376465,1.1453258252913656e-07,3.1110429763793945,11.61005973815918,7.240818977355957,13.89482593536377,2.1992924213409424
765,156.28251486975796,13,-2.2817423343658447,-2.384185791015625e-07,-2.2817420959472656,-0.22817420959472656,1.0,-1.2169010639190674,1.2169010639190674,1.4411699567062897e-07,3.1104493141174316,11.602198600769043,7.240987777709961,13.894355773925781,2.1991477012634277
766,156.38318312129744,13,-2.281452178955078,5.364418029785156e-07,-2.281452715396881,-0.2281452715396881,0.9999993443489075,-1.2169010639190674,1.2169010639190674,1.5151236709698424e-07,3.1098556518554688,11.59432315826416,7.241156578063965,13.89387035369873,2.199002265930176
767,156.48385933328345,13,-2.2811696529388428,5.364418029785156e-07,-2.2811701893806458,-0.22811701893806458,1.0000001192092896,-1.2169010639190674,1.2169010639190674,1.4786093061047723e-07,3.109261989593506,11.586434364318848,7.241322994232178,13.89338207244873,2.1988556385040283
768,156.58454454543266,13,-2.280888319015503,-3.635883331298828e-06,-2.2808846831321716,-0.22808846831321716,1.0000003576278687,-1.2169010639190674,1.2169010639190674,1.5151236709698424e-07,3.1086692810058594,11.578537940979004,7.241490364074707,13.8928861618042,2.1987080574035645
769,156.68523725101582,13,-2.2806036472320557,-1.1920928955078125e-06,-2.28060245513916,-0.22806024551391602,0.9999995827674866,-1.2169013023376465,1.2169013023376465,1.2370932722660655e-07,3.108076810836792,11.57062816619873,7.241655349731445,13.892383575439453,2.198558807373047
770,156.78593782415786,13,-2.2803232669830322,-2.1457672119140625e-06,-2.2803211212158203,-0.22803211212158203,0.9999988675117493,-1.2169010639190674,1.2169010639190674,1.2370932722660655e-07,3.1074841022491455,11.562708854675293,7.241820335388184,13.891879081726074,2.198409080505371
771,156.88664894447064,13,-2.2800395488739014,-3.5762786865234375e-07,-2.2800391912460327,-0.22800391912460327,1.0000001192092896,-1.216901183128357,1.216901183128357,1.1920928955078125e-07,3.106891632080078,11.554773330688477,7.241983413696289,13.891361236572266,2.1982579231262207
772,156.98736870195157,13,-2.2797634601593018,-1.430511474609375e-06,-2.279762029647827,-0.22797620296478271,0.9999992847442627,-1.2169013023376465,1.2169013023376465,1.4027318684384227e-07,3.10629940032959,11.54682731628418,7.242146015167236,13.890836715698242,2.198106050491333
773,157.0880960677682,13,-2.2794878482818604,-8.940696716308594e-07,-2.2794869542121887,-0.22794869542121887,0.9999994039535522,-1.2169010639190674,1.2169010639190674,2.0647654253025394e-07,3.105707883834839,11.538871765136719,7.242307186126709,13.890307426452637,2.1979525089263916
774,157.188830946321,13,-2.279207944869995,3.337860107421875e-06,-2.2792112827301025,-0.22792112827301025,1.0000003576278687,-1.2169013023376465,1.2169013023376465,1.6531353708160168e-07,3.105116367340088,11.530905723571777,7.242467880249023,13.889774322509766,2.197798252105713
775,157.28957463112354,13,-2.278935670852661,-1.5497207641601562e-06,-2.278934121131897,-0.2278934121131897,1.0000003576278687,-1.2169010639190674,1.2169010639190674,1.4027318684384227e-07,3.104525327682495,11.522927284240723,7.242626667022705,13.889230728149414,2.1976428031921387
776,157.39032769259194,13,-2.278658390045166,3.337860107421875e-06,-2.2786617279052734,-0.22786617279052734,1.0,-1.2169013023376465,1.2169013023376465,1.2370932722660655e-07,3.1039347648620605,11.514935493469238,7.242785453796387,13.888680458068848,2.197486400604248
777,157.4910880200865,13,-2.2783877849578857,-2.384185791015625e-07,-2.2783875465393066,-0.22783875465393066,1.0000004768371582,-1.216901421546936,1.216901421546936,2.0647654253025394e-07,3.1033437252044678,11.506932258605957,7.2429423332214355,13.88812255859375,2.1973283290863037
778,157.59185846559188,13,-2.2781145572662354,5.960464477539062e-07,-2.278115153312683,-0.2278115153312683,1.0000007152557373,-1.2169013023376465,1.2169013023376465,1.1453258252913656e-07,3.102753162384033,11.498917579650879,7.243098258972168,13.887552261352539,2.197169303894043
779,157.69263488019928,13,-2.277846097946167,-2.4437904357910156e-06,-2.277843654155731,-0.22778436541557312,1.0000004768371582,-1.216901183128357,1.216901183128357,1.0455346455273684e-07,3.102163791656494,11.49089241027832,7.243253231048584,13.886979103088379,2.197009563446045
780,157.7934215117935,13,-2.27756929397583,1.0728836059570312e-06,-2.277570366859436,-0.2277570366859436,1.0000004768371582,-1.2169013023376465,1.2169013023376465,1.096565966918206e-07,3.101573944091797,11.482853889465332,7.243407249450684,13.886398315429688,2.1968483924865723
781,157.89421267328063,13,-2.2772974967956543,1.3709068298339844e-06,-2.277298867702484,-0.2277298867702484,1.0000020265579224,-1.216901421546936,1.216901421546936,2.0111259857458208e-07,3.100984811782837,11.474808692932129,7.243560314178467,13.885810852050781,2.196686267852783
782,157.99501668760215,13,-2.277005195617676,4.172325134277344e-07,-2.277005612850189,-0.22770056128501892,1.0000008344650269,-1.2169010639190674,1.2169010639190674,1.5151236709698424e-07,3.100395441055298,11.46674919128418,7.243710517883301,13.88521957397461,2.1965227127075195
783,158.09582508417122,13,-2.2767205238342285,1.0728836059570312e-06,-2.2767215967178345,-0.22767215967178345,0.9999993443489075,-1.2169013023376465,1.2169013023376465,1.55077842123319e-07,3.099806785583496,11.4586763381958,7.243861675262451,13.884614944458008,2.1963584423065186
784,158.196643160358,13,-2.276430130004883,2.384185791015625e-06,-2.276432514190674,-0.22764325141906738,0.9999993443489075,-1.2169010639190674,1.2169010639190674,1.5856318213991472e-07,3.0992188453674316,11.450594902038574,7.2440104484558105,13.884002685546875,2.196193218231201
785,158.29747184304819,13,-2.276144504547119,-1.7881393432617188e-07,-2.276144325733185,-0.22761443257331848,1.0000001192092896,-1.2169013023376465,1.2169013023376465,1.4786093061047723e-07,3.0986311435699463,11.442503929138184,7.24415922164917,13.88338851928711,2.196026563644409
786,158.39830484509412,13,-2.275864601135254,-7.152557373046875e-07,-2.2758638858795166,-0.22758638858795166,0.9999995827674866,-1.216901421546936,1.216901421546936,1.8408536561764777e-07,3.098043918609619,11.43440055847168,7.244305610656738,13.882759094238281,2.195858955383301
787,158.49914910259554,13,-2.275576591491699,1.1920928955078125e-06,-2.2755777835845947,-0.22755777835845947,1.0,-1.2169013023376465,1.2169013023376465,1.3632103446070687e-07,3.097456693649292,11.426283836364746,7.244451522827148,13.882122039794922,2.195690155029297
788,158.59999812451775,13,-2.2752950191497803,3.516674041748047e-06,-2.275298535823822,-0.2275298535823822,1.0000007152557373,-1.2169013023376465,1.2169013023376465,1.2370932722660655e-07,3.096870183944702,11.418157577514648,7.244596481323242,13.881482124328613,2.1955204010009766
789,158.7008568334142,13,-2.2750158309936523,-1.9073486328125e-06,-2.2750139236450195,-0.22750139236450195,1.0000005960464478,-1.2169010639190674,1.2169010639190674,1.7179887379370484e-07,3.096283197402954,11.410018920898438,7.244740009307861,13.880833625793457,2.1953494548797607
790,158.80172273807736,13,-2.274707317352295,-9.5367431640625e-07,-2.2747063636779785,-0.22747063636779785,1.0000020265579224,-1.2169013023376465,1.2169013023376465,1.4411699567062897e-07,3.0956976413726807,11.401867866516113,7.244880676269531,13.880171775817871,2.1951773166656494
791,158.90259653440702,13,-2.2743964195251465,3.2782554626464844e-06,-2.274399697780609,-0.2274399697780609,1.0000017881393433,-1.2169013023376465,1.2169013023376465,1.2370932722660655e-07,3.0951120853424072,11.393709182739258,7.245022296905518,13.879502296447754,2.1950039863586426
792,159.00347819498046,13,-2.2740960121154785,-1.1920928955078125e-06,-2.274094820022583,-0.2274094820022583,1.0000004768371582,-1.2169013023376465,1.2169013023376465,1.1920928955078125e-07,3.094527006149292,11.385537147521973,7.245162010192871,13.878828048706055,2.1948301792144775
793,159.10436882510342,13,-2.273792028427124,-8.940696716308594e-07,-2.2737911343574524,-0.22737911343574524,0.9999989867210388,-1.2169013023376465,1.2169013023376465,1.55077842123319e-07,3.093942165374756,11.377352714538574,7.245299339294434,13.878142356872559,2.194654703140259
794,159.2052664348574,13,-2.2734620571136475,-2.384185791015625e-07,-2.2734618186950684,-0.22734618186950684,0.9999991655349731,-1.2169013023376465,1.2169013023376465,1.096565966918206e-07,3.093358039855957,11.369161605834961,7.245436668395996,13.877449035644531,2.1944777965545654
795,159.30617079024753,13,-2.273135185241699,-8.940696716308594e-07,-2.2731342911720276,-0.22731342911720276,1.000001311302185,-1.2169010639190674,1.2169010639190674,1.9278705565284326e-07,3.0927743911743164,11.360956192016602,7.245572090148926,13.876749992370605,2.194300413131714
796,159.40708254881693,13,-2.2728097438812256,-2.9802322387695312e-06,-2.272806763648987,-0.22728067636489868,0.9999992251396179,-1.2169013023376465,1.2169013023376465,1.4027318684384227e-07,3.092190742492676,11.352742195129395,7.245706558227539,13.876038551330566,2.194121837615967
797,159.50800413694932,13,-2.2724790573120117,2.562999725341797e-06,-2.272481620311737,-0.2272481620311737,1.0000004768371582,-1.2169013023376465,1.2169013023376465,1.4786093061047723e-07,3.0916082859039307,11.344515800476074,7.245839595794678,13.875320434570312,2.193941831588745
798,159.6089322238445,13,-2.2721540927886963,-8.940696716308594e-07,-2.2721531987190247,-0.22721531987190247,0.9999992847442627,-1.2169013023376465,1.2169013023376465,1.55077842123319e-07,3.0910253524780273,11.33627700805664,7.245971202850342,13.874592781066895,2.193761110305786
799,159.70986901992504,13,-2.2718329429626465,-1.6093254089355469e-06,-2.2718313336372375,-0.22718313336372375,1.0000001192092896,-1.2169013023376465,1.2169013023376465,1.1920928955078125e-07,3.0904438495635986,11.32802677154541,7.2461018562316895,13.87385368347168,2.1935789585113525
800,159.8108122860003,13,-2.2715089321136475,-2.1457672119140625e-06,-2.2715067863464355,-0.22715067863464355,0.9999995231628418,-1.2169013023376465,1.2169013023376465,1.1453258252913656e-07,3.08986234664917,11.319769859313965,7.2462310791015625,13.873112678527832,2.1933960914611816
801,159.91176274719493,13,-2.271182060241699,3.159046173095703e-06,-2.2711852192878723,-0.22711852192878723,1.0000003576278687,-1.2169010639190674,1.2169010639190674,1.7804812557642435e-07,3.0892815589904785,11.31149959564209,7.246358394622803,13.872355461120605,2.193211793899536
802,160.01272077691434,13,-2.2708630561828613,-2.980232238769531e-07,-2.2708627581596375,-0.22708627581596375,0.9999989867210388,-1.216901183128357,1.216901183128357,1.1920928955078125e-07,3.088700532913208,11.303217887878418,7.246484756469727,13.87159252166748,2.193026304244995
803,160.11368637369392,13,-2.2705459594726562,-3.5762786865234375e-06,-2.2705423831939697,-0.22705423831939697,0.9999992251396179,-1.2169013023376465,1.2169013023376465,1.1920928955078125e-07,3.088120698928833,11.294926643371582,7.246609210968018,13.87082290649414,2.192840099334717
804,160.21465908078724,13,-2.270224094390869,0.0,-2.270224094390869,-0.22702240943908691,1.0000016689300537,-1.2169013023376465,1.2169013023376465,1.3632103446070687e-07,3.087541103363037,11.286624908447266,7.246732711791992,13.870038986206055,2.192652702331543
805,160.3156387380791,13,-2.269907236099243,6.556510925292969e-07,-2.2699078917503357,-0.22699078917503357,1.0000001192092896,-1.216901421546936,1.216901421546936,2.038122204339743e-07,3.0869622230529785,11.278311729431152,7.246854782104492,13.86924934387207,2.1924641132354736
806,160.41662614431226,13,-2.2695884704589844,1.430511474609375e-06,-2.269589900970459,-0.2269589900970459,0.9999992251396179,-1.2169013023376465,1.2169013023376465,1.096565966918206e-07,3.086383581161499,11.269989013671875,7.246975421905518,13.868448257446289,2.192274570465088
807,160.51762197045093,13,-2.2692723274230957,7.748603820800781e-07,-2.269273102283478,-0.22692731022834778,0.9999986886978149,-1.2169010639190674,1.2169010639190674,1.8109190591530933e-07,3.0858054161071777,11.261651039123535,7.247095584869385,13.867635726928711,2.1920835971832275
808,160.61862452983686,13,-2.2689626216888428,2.384185791015625e-07,-2.268962860107422,-0.2268962860107422,1.0000005960464478,-1.2169010639190674,1.2169010639190674,1.7804812557642435e-07,3.0852279663085938,11.253307342529297,7.247212886810303,13.866817474365234,2.19189190864563
809,160.71963413732234,13,-2.2686452865600586,7.748603820800781e-07,-2.2686460614204407,-0.22686460614204407,1.0000003576278687,-1.2169013023376465,1.2169013023376465,1.3632103446070687e-07,3.084651470184326,11.244952201843262,7.247330188751221,13.865988731384277,2.191699266433716
810,160.8206507954517,13,-2.2683348655700684,-2.384185791015625e-07,-2.2683346271514893,-0.22683346271514893,0.9999995231628418,-1.2169013023376465,1.2169013023376465,1.1453258252913656e-07,3.0840749740600586,11.23658561706543,7.247445106506348,13.865148544311523,2.191505193710327
811,160.9216760542098,13,-2.268021583557129,1.1920928955078125e-07,-2.2680217027664185,-0.22680217027664185,0.9999997019767761,-1.2169010639190674,1.2169010639190674,2.0910692910547368e-07,3.08349871635437,11.228206634521484,7.247557640075684,13.864299774169922,2.191309690475464
812,161.02270710739936,13,-2.2677135467529297,-1.7881393432617188e-06,-2.2677117586135864,-0.22677117586135864,0.9999999403953552,-1.216901183128357,1.216901183128357,1.1453258252913656e-07,3.082923412322998,11.219819068908691,7.2476701736450195,13.863443374633789,2.1911137104034424
813,161.12374350623608,13,-2.2674038410186768,1.5497207641601562e-06,-2.267405390739441,-0.2267405390739441,0.9999995231628418,-1.2169010639190674,1.2169010639190674,1.6858739115832577e-07,3.0823488235473633,11.211421966552734,7.247781753540039,13.86257553100586,2.190916061401367
814,161.22478848101971,13,-2.2670986652374268,-5.364418029785156e-07,-2.267098128795624,-0.22670981287956238,1.0000001192092896,-1.2169013023376465,1.2169013023376465,1.4027318684384227e-07,3.0817744731903076,11.203012466430664,7.247889995574951,13.861695289611816,2.190717935562134
815,161.32584224125492,13,-2.2667899131774902,1.2516975402832031e-06,-2.2667911648750305,-0.22667911648750305,0.9999997615814209,-1.2169013023376465,1.2169013023376465,1.0455346455273684e-07,3.0812010765075684,11.19459342956543,7.247998237609863,13.860806465148926,2.1905181407928467
816,161.42690065086498,13,-2.2664871215820312,2.7418136596679688e-06,-2.266489863395691,-0.2266489863395691,0.9999997615814209,-1.2169013023376465,1.2169013023376465,1.322508325074523e-07,3.080627679824829,11.186162948608398,7.248103141784668,13.859908103942871,2.190317153930664
817,161.52796692583283,13,-2.2661449909210205,1.5497207641601562e-06,-2.2661465406417847,-0.22661465406417847,0.9999983310699463,-1.2169010639190674,1.2169010639190674,1.8703092052874126e-07,3.0800554752349854,11.17772388458252,7.248208999633789,13.859001159667969,2.1901159286499023
818,161.62904097462652,13,-2.2657885551452637,-8.344650268554688e-07,-2.265787720680237,-0.22657877206802368,0.9999995827674866,-1.2169013023376465,1.2169013023376465,1.322508325074523e-07,3.0794835090637207,11.169272422790527,7.2483110427856445,13.858080863952637,2.189913034439087
819,161.73012196736255,13,-2.2654356956481934,3.5762786865234375e-07,-2.265436053276062,-0.2265436053276062,0.9999988675117493,-1.2169010639190674,1.2169010639190674,1.7495140980372526e-07,3.0789122581481934,11.160811424255371,7.248413562774658,13.857152938842773,2.189708948135376
820,161.831208281114,13,-2.265082359313965,8.344650268554688e-07,-2.2650831937789917,-0.22650831937789917,1.000000238418579,-1.2169013023376465,1.2169013023376465,1.5151236709698424e-07,3.0783421993255615,11.15234088897705,7.248513221740723,13.856213569641113,2.1895041465759277
821,161.93230215262037,13,-2.26473069190979,2.6226043701171875e-06,-2.26473331451416,-0.22647333145141602,0.9999995827674866,-1.2169013023376465,1.2169013023376465,1.2805131177628937e-07,3.0777719020843506,11.143857955932617,7.2486114501953125,13.855265617370605,2.189298152923584
822,162.03340196763602,13,-2.264380931854248,-1.6689300537109375e-06,-2.2643792629241943,-0.22643792629241943,0.9999991655349731,-1.2169013023376465,1.2169013023376465,1.4411699567062897e-07,3.077202320098877,11.135367393493652,7.2487077713012695,13.854304313659668,2.1890907287597656
823,162.13450843184236,13,-2.2640366554260254,-2.8014183044433594e-06,-2.264033854007721,-0.2264033854007721,1.0000001192092896,-1.2169013023376465,1.2169013023376465,1.096565966918206e-07,3.0766336917877197,11.126863479614258,7.24880313873291,13.85333251953125,2.18888258934021
824,162.23562222340985,13,-2.263700008392334,-8.344650268554688e-07,-2.263699173927307,-0.2263699173927307,1.0000005960464478,-1.2169013023376465,1.2169013023376465,1.2805131177628937e-07,3.0760655403137207,11.118352890014648,7.248896598815918,13.852352142333984,2.188673257827759
825,162.33674261077553,13,-2.263369560241699,1.1920928955078125e-06,-2.2633707523345947,-0.22633707523345947,1.0000001192092896,-1.2169013023376465,1.2169013023376465,1.6197353147617832e-07,3.075497627258301,11.10982608795166,7.248988628387451,13.851356506347656,2.188462734222412
826,162.4378700687405,13,-2.263043165206909,3.5762786865234375e-07,-2.263043522834778,-0.22630435228347778,0.9999999403953552,-1.2169013023376465,1.2169013023376465,1.322508325074523e-07,3.0749311447143555,11.101296424865723,7.24907922744751,13.85035514831543,2.18825101852417
827,162.53900387515134,13,-2.26271653175354,6.556510925292969e-07,-2.2627171874046326,-0.22627171874046326,0.9999997019767761,-1.2169013023376465,1.2169013023376465,1.4027318684384227e-07,3.0743651390075684,11.092752456665039,7.249168395996094,13.849342346191406,2.1880385875701904
828,162.64014406498882,13,-2.262394666671753,-2.0265579223632812e-06,-2.2623926401138306,-0.22623926401138306,0.9999994039535522,-1.2169013023376465,1.2169013023376465,1.4411699567062897e-07,3.0737993717193604,11.084199905395508,7.249255657196045,13.848319053649902,2.1878249645233154
829,162.74129214175935,13,-2.2620177268981934,5.960464477539062e-07,-2.262018322944641,-0.2262018322944641,1.0000008344650269,-1.2169013023376465,1.2169013023376465,1.1920928955078125e-07,3.073234796524048,11.075637817382812,7.249341011047363,13.847281455993652,2.187610149383545
830,162.8424449997935,13,-2.261634111404419,3.039836883544922e-06,-2.2616371512413025,-0.22616371512413025,1.0000026226043701,-1.216901183128357,1.216901183128357,1.4786093061047723e-07,3.0726702213287354,11.067061424255371,7.249425411224365,13.846234321594238,2.187394380569458
831,162.94360353607436,13,-2.2612509727478027,2.384185791015625e-07,-2.261251211166382,-0.22612512111663818,0.9999999403953552,-1.216901183128357,1.216901183128357,1.1453258252913656e-07,3.0721065998077393,11.058478355407715,7.249506950378418,13.845175743103027,2.1871774196624756
832,163.04477018482973,13,-2.2608730792999268,-2.4437904357910156e-06,-2.260870635509491,-0.2260870635509491,1.0000001192092896,-1.2169013023376465,1.2169013023376465,1.2370932722660655e-07,3.0715441703796387,11.049886703491211,7.2495880126953125,13.844106674194336,2.1869595050811768
833,163.14594284787003,13,-2.2604899406433105,1.1920928955078125e-07,-2.2604900598526,-0.22604900598526,1.0000005960464478,-1.2169013023376465,1.2169013023376465,1.55077842123319e-07,3.0709824562072754,11.041282653808594,7.249666690826416,13.843027114868164,2.1867403984069824
834,163.24712165635614,13,-2.2601113319396973,-1.5497207641601562e-06,-2.260109782218933,-0.2260109782218933,0.9999975562095642,-1.2169010639190674,1.2169010639190674,1.55077842123319e-07,3.070420503616333,11.032670021057129,7.2497429847717285,13.841933250427246,2.1865198612213135
835,163.34830668523045,13,-2.259730100631714,1.4901161193847656e-06,-2.2597315907478333,-0.22597315907478333,1.0000004768371582,-1.2169013023376465,1.2169013023376465,1.3632103446070687e-07,3.069859743118286,11.024046897888184,7.249819278717041,13.84083080291748,2.186298370361328
836,163.44949867492744,13,-2.2593555450439453,-6.556510925292969e-07,-2.259354889392853,-0.22593548893928528,0.9999997615814209,-1.2169013023376465,1.2169013023376465,1.3632103446070687e-07,3.0692999362945557,11.015413284301758,7.249892234802246,13.839717864990234,2.1860761642456055
837,163.55069557740356,13,-2.2589774131774902,1.3709068298339844e-06,-2.25897878408432,-0.225897878408432,0.9999998807907104,-1.2169013023376465,1.2169013023376465,1.1920928955078125e-07,3.0687406063079834,11.0067720413208,7.249964714050293,13.83858871459961,2.1858527660369873
838,163.65189986654352,13,-2.258606195449829,-2.9206275939941406e-06,-2.258603274822235,-0.2258603274822235,0.9999984502792358,-1.2169013023376465,1.2169013023376465,1.322508325074523e-07,3.0681822299957275,10.998116493225098,7.250035285949707,13.837451934814453,2.1856281757354736
839,163.75311037556602,13,-2.2582321166992188,-4.649162292480469e-06,-2.2582274675369263,-0.22582274675369263,0.9999985694885254,-1.2169010639190674,1.2169010639190674,1.5856318213991472e-07,3.067624092102051,10.98945426940918,7.250102519989014,13.836305618286133,2.1854028701782227
840,163.85432527841428,13,-2.2578585147857666,0.0,-2.2578585147857666,-0.22578585147857666,0.9999999403953552,-1.2169013023376465,1.2169013023376465,1.1453258252913656e-07,3.0670671463012695,10.980780601501465,7.2501702308654785,13.835140228271484,2.185175657272339
841,163.95554904447403,13,-2.2574896812438965,-4.172325134277344e-07,-2.257489264011383,-0.2257489264011383,0.9999997615814209,-1.216901183128357,1.216901183128357,1.3632103446070687e-07,3.0665104389190674,10.972098350524902,7.250235557556152,13.833969116210938,2.184948205947876
842,164.0567772867932,13,-2.257120370864868,1.1324882507324219e-06,-2.257121503353119,-0.2257121503353119,1.0000005960464478,-1.216901183128357,1.216901183128357,1.1920928955078125e-07,3.0659549236297607,10.963408470153809,7.250298023223877,13.832784652709961,2.1847193241119385
843,164.15801176144362,13,-2.2567520141601562,-1.5497207641601562e-06,-2.256750464439392,-0.2256750464439392,0.9999999403953552,-1.2169010639190674,1.2169010639190674,1.899308017527801e-07,3.0654001235961914,10.954703330993652,7.250359058380127,13.831582069396973,2.1844892501831055
844,164.2592509634895,13,-2.2563841342926025,5.960464477539063e-08,-2.2563841938972473,-0.22563841938972473,1.000001072883606,-1.2169015407562256,1.2169015407562256,2.7264206892141374e-07,3.0648458003997803,10.94599437713623,7.250419616699219,13.830378532409668,2.184258460998535
845,164.36049834882823,13,-2.2560131549835205,-2.980232238769531e-07,-2.2560128569602966,-0.22560128569602966,0.9999997019767761,-1.216901183128357,1.216901183128357,1.096565966918206e-07,3.0642929077148438,10.937273979187012,7.250478267669678,13.829158782958984,2.1840262413024902
846,164.4617495654469,13,-2.2556354999542236,-5.364418029785156e-07,-2.2556349635124207,-0.22556349635124207,0.9999988675117493,-1.216901183128357,1.216901183128357,1.096565966918206e-07,3.063739776611328,10.928542137145996,7.250533580780029,13.827925682067871,2.183793067932129
847,164.56300834743004,13,-2.255258083343506,4.76837158203125e-07,-2.255258560180664,-0.2255258560180664,0.9999994039535522,-1.2169013023376465,1.2169013023376465,1.4786093061047723e-07,3.063188314437866,10.919803619384766,7.2505879402160645,13.826680183410645,2.183558702468872
848,164.66427169878858,13,-2.254880666732788,5.960464477539062e-07,-2.254881262779236,-0.22548812627792358,1.0000009536743164,-1.216901183128357,1.216901183128357,1.0455346455273684e-07,3.0626370906829834,10.911053657531738,7.250640392303467,13.825423240661621,2.183323621749878
849,164.7655413623755,13,-2.2545037269592285,-3.5762786865234375e-07,-2.25450336933136,-0.225450336933136,0.9999995231628418,-1.216901183128357,1.216901183128357,1.0455346455273684e-07,3.062086820602417,10.902292251586914,7.250690937042236,13.824152946472168,2.183087110519409
850,164.8668173900876,13,-2.2541322708129883,-1.1324882507324219e-06,-2.2541311383247375,-0.22541311383247375,1.000001072883606,-1.2169010639190674,1.2169010639190674,1.4027318684384227e-07,3.061537265777588,10.893524169921875,7.250739097595215,13.822869300842285,2.182849407196045
851,164.96809783046595,13,-2.253763437271118,-1.2516975402832031e-06,-2.253762185573578,-0.2253762185573578,0.9999992847442627,-1.216901183128357,1.216901183128357,9.351546026437063e-08,3.060988426208496,10.884744644165039,7.2507853507995605,13.821573257446289,2.1826107501983643
852,165.0693853462397,13,-2.2533926963806152,8.344650268554688e-07,-2.253393530845642,-0.2253393530845642,1.0000016689300537,-1.2169010639190674,1.2169010639190674,1.6858739115832577e-07,3.060441255569458,10.875958442687988,7.250831604003906,13.82026481628418,2.1823713779449463
853,165.17067781765235,13,-2.253021240234375,3.039836883544922e-06,-2.2530242800712585,-0.22530242800712585,1.0000001192092896,-1.2169010639190674,1.2169010639190674,1.6858739115832577e-07,3.0598933696746826,10.867157936096191,7.25087308883667,13.818946838378906,2.1821305751800537
854,165.27197577198578,13,-2.252655267715454,1.2516975402832031e-06,-2.2526565194129944,-0.22526565194129944,0.9999993443489075,-1.2169013023376465,1.2169013023376465,1.322508325074523e-07,3.059347629547119,10.858352661132812,7.25091552734375,13.81761646270752,2.1818888187408447
855,165.37327869939253,13,-2.2522881031036377,9.5367431640625e-07,-2.252289056777954,-0.2252289056777954,1.000000238418579,-1.2169010639190674,1.2169010639190674,1.5856318213991472e-07,3.058802366256714,10.849536895751953,7.250955581665039,13.81627082824707,2.1816461086273193
856,165.47458900273085,13,-2.2519257068634033,-5.364418029785156e-07,-2.2519251704216003,-0.22519251704216003,1.0000001192092896,-1.216901183128357,1.216901183128357,9.91881279333029e-08,3.058258056640625,10.840712547302246,7.2509918212890625,13.814911842346191,2.1814022064208984
857,165.57590350564357,13,-2.2515621185302734,-2.384185791015625e-07,-2.2515618801116943,-0.22515618801116943,0.9999997019767761,-1.2169010639190674,1.2169010639190674,1.9278705565284326e-07,3.057713747024536,10.831875801086426,7.2510271072387695,13.81353759765625,2.181157112121582
858,165.67722373825063,13,-2.2512009143829346,-2.384185791015625e-07,-2.2512006759643555,-0.22512006759643555,0.9999994039535522,-1.2169010639190674,1.2169010639190674,1.983762558666058e-07,3.057170867919922,10.823031425476074,7.251060962677002,13.812156677246094,2.18091082572937
859,165.77854944375326,13,-2.250843048095703,-2.086162567138672e-06,-2.250840961933136,-0.2250840961933136,1.0000001192092896,-1.216901183128357,1.216901183128357,9.351546026437063e-08,3.056628942489624,10.814179420471191,7.251091957092285,13.810761451721191,2.180663824081421
860,165.87988023164286,13,-2.250485897064209,4.172325134277344e-07,-2.2504863142967224,-0.22504863142967224,1.0000014305114746,-1.216901183128357,1.216901183128357,8.747570490186263e-08,3.0560874938964844,10.805316925048828,7.251123428344727,13.809353828430176,2.180415630340576
861,165.98121631401676,13,-2.250126838684082,-2.384185791015625e-07,-2.250126600265503,-0.2250126600265503,1.000001072883606,-1.2169010639190674,1.2169010639190674,1.4411699567062897e-07,3.0555472373962402,10.796446800231934,7.2511491775512695,13.80793285369873,2.180166721343994
862,166.08255873819826,13,-2.249772071838379,1.7881393432617188e-07,-2.2497722506523132,-0.22497722506523132,1.0000009536743164,-1.2169010639190674,1.2169010639190674,1.3632103446070687e-07,3.0550076961517334,10.787565231323242,7.251175880432129,13.806493759155273,2.1799163818359375
863,166.1839061924344,13,-2.249417543411255,-5.364418029785156e-07,-2.249417006969452,-0.2249417006969452,1.0000001192092896,-1.2169010639190674,1.2169010639190674,1.899308017527801e-07,3.054468870162964,10.77867317199707,7.251200199127197,13.805042266845703,2.1796648502349854
864,166.28525746941244,13,-2.2490646839141846,9.5367431640625e-07,-2.249065637588501,-0.2249065637588501,1.000000238418579,-1.2169013023376465,1.2169013023376465,1.2370932722660655e-07,3.05393123626709,10.769774436950684,7.251221656799316,13.803581237792969,2.1794121265411377
865,166.38661420923978,13,-2.2487142086029053,-3.2186508178710938e-06,-2.2487109899520874,-0.22487109899520874,1.000000238418579,-1.2169013023376465,1.2169013023376465,1.322508325074523e-07,3.053394317626953,10.760866165161133,7.2512407302856445,13.802101135253906,2.1791586875915527
866,166.48797748814206,13,-2.248326539993286,3.2782554626464844e-06,-2.248329818248749,-0.22483298182487488,0.9999997615814209,-1.2169013023376465,1.2169013023376465,1.1453258252913656e-07,3.052858591079712,10.751951217651367,7.251260757446289,13.800621032714844,2.1789045333862305
867,166.58934520917248,13,-2.2479429244995117,-2.9206275939941406e-06,-2.2479400038719177,-0.22479400038719177,0.9999988675117493,-1.2169010639190674,1.2169010639190674,1.8408536561764777e-07,3.0523228645324707,10.743022918701172,7.251274108886719,13.799111366271973,2.1786484718322754
868,166.69071768065405,13,-2.247556209564209,8.344650268554688e-07,-2.247557044029236,-0.22475570440292358,1.0,-1.2169013023376465,1.2169013023376465,1.0455346455273684e-07,3.0517892837524414,10.734090805053711,7.251288890838623,13.797599792480469,2.178392171859741
869,166.79209506353558,13,-2.247173547744751,-9.5367431640625e-07,-2.2471725940704346,-0.22471725940704346,0.9999985694885254,-1.216901183128357,1.216901183128357,1.1453258252913656e-07,3.051255702972412,10.725144386291504,7.2512993812561035,13.796069145202637,2.1781342029571533
870,166.89347857420304,13,-2.2467880249023438,2.5033950805664062e-06,-2.2467905282974243,-0.22467905282974243,0.9999992251396179,-1.2169013023376465,1.2169013023376465,1.1453258252913656e-07,3.05072283744812,10.716192245483398,7.251309871673584,13.794526100158691,2.177875518798828
871,166.9948664517038,13,-2.246399164199829,6.556510925292969e-07,-2.2463998198509216,-0.22463998198509216,1.0000004768371582,-1.2169013023376465,1.2169013023376465,1.4027318684384227e-07,3.050191640853882,10.707231521606445,7.251317977905273,13.79297161102295,2.1776156425476074
872,167.0962593565395,13,-2.2459940910339355,-4.76837158203125e-07,-2.2459936141967773,-0.22459936141967773,0.9999978542327881,-1.216901183128357,1.216901183128357,1.2805131177628937e-07,3.049661159515381,10.698259353637695,7.25132417678833,13.791398048400879,2.1773548126220703
873,167.19765597434696,13,-2.2455952167510986,-1.5497207641601562e-06,-2.2455936670303345,-0.22455936670303345,0.9999986290931702,-1.2169013023376465,1.2169013023376465,1.2370932722660655e-07,3.049131155014038,10.68928050994873,7.251327037811279,13.789813041687012,2.1770927906036377
874,167.29905941302596,13,-2.2451915740966797,1.2516975402832031e-06,-2.24519282579422,-0.224519282579422,0.9999999403953552,-1.2169013023376465,1.2169013023376465,1.5151236709698424e-07,3.0486021041870117,10.680289268493652,7.251327991485596,13.788211822509766,2.1768293380737305
875,167.40046698499646,13,-2.2447948455810547,1.3113021850585938e-06,-2.2447961568832397,-0.22447961568832397,1.0000004768371582,-1.216901183128357,1.216901183128357,1.4786093061047723e-07,3.048074245452881,10.671292304992676,7.2513275146484375,13.786600112915039,2.176565408706665
876,167.50187878741045,13,-2.2443997859954834,-1.1920928955078125e-06,-2.244398593902588,-0.2244398593902588,1.0000001192092896,-1.2169013023376465,1.2169013023376465,1.1920928955078125e-07,3.0475475788116455,10.662287712097168,7.251327037811279,13.784977912902832,2.176300287246704
877,167.60329597502246,13,-2.2440056800842285,-1.7881393432617188e-07,-2.244005501270294,-0.22440055012702942,0.9999991655349731,-1.2169013023376465,1.2169013023376465,1.1920928955078125e-07,3.0470213890075684,10.653270721435547,7.251320838928223,13.783333778381348,2.1760342121124268
878,167.7047179309612,13,-2.2436106204986572,0.0,-2.2436106204986572,-0.22436106204986572,0.9999982714653015,-1.2169013023376465,1.2169013023376465,1.4786093061047723e-07,3.046496868133545,10.644248962402344,7.251314640045166,13.7816801071167,2.175766706466675
879,167.80614352048994,13,-2.2432212829589844,-4.76837158203125e-07,-2.243220806121826,-0.22432208061218262,1.0000001192092896,-1.2169013023376465,1.2169013023376465,1.4411699567062897e-07,3.0459725856781006,10.635217666625977,7.251305103302002,13.780011177062988,2.1754984855651855
880,167.90757430424225,13,-2.242833375930786,-1.1920928955078125e-06,-2.2428321838378906,-0.22428321838378906,0.9999985098838806,-1.2169013023376465,1.2169013023376465,1.2370932722660655e-07,3.0454492568969727,10.626174926757812,7.2512946128845215,13.778327941894531,2.1752288341522217
881,168.00901130978986,13,-2.2424426078796387,-2.384185791015625e-07,-2.2424423694610596,-0.22424423694610596,1.0000001192092896,-1.2169013023376465,1.2169013023376465,1.4786093061047723e-07,3.0449271202087402,10.61712646484375,7.251281261444092,13.776634216308594,2.1749584674835205
882,168.11045039396424,13,-2.242056369781494,6.556510925292969e-07,-2.2420570254325867,-0.22420570254325867,0.9999983310699463,-1.2169013023376465,1.2169013023376465,1.1920928955078125e-07,3.044405698776245,10.608065605163574,7.251266002655029,13.774920463562012,2.174687147140503
883,168.21189612331247,13,-2.241672992706299,-1.1920928955078125e-07,-2.2416728734970093,-0.22416728734970093,0.999997615814209,-1.2169013023376465,1.2169013023376465,1.4027318684384227e-07,3.0438854694366455,10.599002838134766,7.251248836517334,13.773197174072266,2.17441463470459
884,168.31334436737507,13,-2.2412898540496826,-2.0265579223632812e-06,-2.2412878274917603,-0.22412878274917603,1.0000008344650269,-1.2169013023376465,1.2169013023376465,9.91881279333029e-08,3.0433664321899414,10.589926719665527,7.251229286193848,13.771456718444824,2.1741411685943604
885,168.41479829513716,13,-2.2409093379974365,5.960464477539062e-07,-2.2409099340438843,-0.22409099340438843,1.0000005960464478,-1.2169013023376465,1.2169013023376465,1.4027318684384227e-07,3.0428478717803955,10.580842018127441,7.2512078285217285,13.76970100402832,2.1738665103912354
886,168.51625660244883,13,-2.2405290603637695,-2.980232238769531e-07,-2.2405287623405457,-0.22405287623405457,0.9999995231628418,-1.2169013023376465,1.2169013023376465,1.4027318684384227e-07,3.042330503463745,10.571752548217773,7.251184940338135,13.76793384552002,2.173590660095215
887,168.61771888648073,13,-2.240152597427368,1.5497207641601562e-06,-2.2401541471481323,-0.22401541471481323,0.9999995827674866,-1.216901183128357,1.216901183128357,8.098676573808916e-08,3.0418143272399902,10.562651634216309,7.251158714294434,13.766148567199707,2.173314332962036
888,168.71918524853032,13,-2.239774227142334,-1.8477439880371094e-06,-2.239772379398346,-0.2239772379398346,0.9999988675117493,-1.2169013023376465,1.2169013023376465,1.3632103446070687e-07,3.0412988662719727,10.553542137145996,7.251129150390625,13.764348983764648,2.173036575317383
889,168.8206567510055,13,-2.2394003868103027,-2.6226043701171875e-06,-2.2393977642059326,-0.22393977642059326,1.0,-1.216901183128357,1.216901183128357,1.2805131177628937e-07,3.0407841205596924,10.544424057006836,7.251099586486816,13.762535095214844,2.172757387161255
890,168.92213139747145,13,-2.2390260696411133,9.5367431640625e-07,-2.2390270233154297,-0.22390270233154297,1.000000238418579,-1.2169013023376465,1.2169013023376465,1.3632103446070687e-07,3.040271282196045,10.535301208496094,7.251067161560059,13.760711669921875,2.172477960586548
891,169.02361146220142,13,-2.2386553287506104,2.7418136596679688e-06,-2.23865807056427,-0.223865807056427,0.9999991059303284,-1.2169013023376465,1.2169013023376465,1.2805131177628937e-07,3.0397589206695557,10.526167869567871,7.251032829284668,13.758869171142578,2.172197103500366
892,169.1250952099106,13,-2.2382853031158447,2.6226043701171875e-06,-2.238287925720215,-0.22382879257202148,0.9999993443489075,-1.2169013023376465,1.2169013023376465,1.1453258252913656e-07,3.0392470359802246,10.517024993896484,7.2509965896606445,13.757010459899902,2.171915054321289
893,169.22658353790484,13,-2.237917900085449,1.0728836059570312e-06,-2.237918972969055,-0.22379189729690552,1.0000003576278687,-1.2169013023376465,1.2169013023376465,1.096565966918206e-07,3.0387370586395264,10.507874488830566,7.250957012176514,13.75513744354248,2.1716325283050537
894,169.32807516461074,13,-2.2375550270080566,-2.3245811462402344e-06,-2.2375527024269104,-0.22375527024269104,0.9999997019767761,-1.2169013023376465,1.2169013023376465,1.322508325074523e-07,3.0382275581359863,10.49871826171875,7.25091552734375,13.75324821472168,2.1713483333587646
895,169.429571671374,13,-2.2371902465820312,-5.364418029785156e-07,-2.2371897101402283,-0.22371897101402283,0.9999979138374329,-1.216901183128357,1.216901183128357,8.747570490186263e-08,3.037719488143921,10.489550590515137,7.2508721351623535,13.75134563446045,2.171063184738159
896,169.53107203225218,13,-2.2368276119232178,3.874301910400391e-06,-2.236831486225128,-0.22368314862251282,1.000000238418579,-1.216901183128357,1.216901183128357,1.6858739115832577e-07,3.0372121334075928,10.480372428894043,7.250826358795166,13.74942684173584,2.1707773208618164
897,169.63257573461073,13,-2.2364702224731445,-1.430511474609375e-06,-2.23646879196167,-0.223646879196167,1.0000001192092896,-1.2169013023376465,1.2169013023376465,1.1920928955078125e-07,3.03670597076416,10.471193313598633,7.250778675079346,13.747496604919434,2.170490026473999
898,169.73408359893966,13,-2.236107349395752,1.430511474609375e-06,-2.2361087799072266,-0.22361087799072266,0.9999995827674866,-1.2169013023376465,1.2169013023376465,1.3632103446070687e-07,3.0362002849578857,10.46200180053711,7.250729084014893,13.745550155639648,2.1702017784118652
899,169.83559650187667,13,-2.235753297805786,-4.827976226806641e-06,-2.2357484698295593,-0.22357484698295593,0.9999991655349731,-1.2169013023376465,1.2169013023376465,1.5151236709698424e-07,3.035695791244507,10.452800750732422,7.250674724578857,13.743584632873535,2.169912815093994
900,169.93711197303338,13,-2.235395669937134,-3.337860107421875e-06,-2.2353923320770264,-0.22353923320770264,1.0000007152557373,-1.216901183128357,1.216901183128357,1.2805131177628937e-07,3.0351932048797607,10.443595886230469,7.250620365142822,13.741608619689941,2.1696226596832275
901,170.03863101776506,13,-2.2350401878356934,-1.0132789611816406e-06,-2.235039174556732,-0.22350391745567322,0.9999974370002747,-1.2169013023376465,1.2169013023376465,1.1920928955078125e-07,3.0346908569335938,10.434380531311035,7.250564098358154,13.739612579345703,2.1693315505981445
902,170.14015503708595,13,-2.234683036804199,0.0,-2.234683036804199,-0.22346830368041992,0.9999983906745911,-1.2169013023376465,1.2169013023376465,1.1453258252913656e-07,3.0341899394989014,10.425158500671387,7.250505447387695,13.737607955932617,2.169039487838745
903,170.24168214610597,13,-2.2343337535858154,-1.7881393432617188e-06,-2.234331965446472,-0.22343319654464722,0.9999996423721313,-1.216901183128357,1.216901183128357,9.91881279333029e-08,3.0336902141571045,10.41592788696289,7.250442981719971,13.735581398010254,2.168745994567871
904,170.34321411828282,13,-2.2339844703674316,-1.7881393432617188e-06,-2.2339826822280884,-0.22339826822280884,1.0000015497207642,-1.2169013023376465,1.2169013023376465,1.1920928955078125e-07,3.033191442489624,10.406689643859863,7.25037956237793,13.733540534973145,2.1684517860412598
905,170.44474828485582,13,-2.2336337566375732,5.364418029785156e-07,-2.233634293079376,-0.22336342930793762,0.9999998807907104,-1.2169013023376465,1.2169013023376465,1.1920928955078125e-07,3.0326929092407227,10.397442817687988,7.250312805175781,13.73148250579834,2.168156385421753
906,170.54628766588885,13,-2.2332873344421387,4.231929779052734e-06,-2.2332915663719177,-0.22332915663719177,1.0000001192092896,-1.2169013023376465,1.2169013023376465,1.4027318684384227e-07,3.032196044921875,10.388188362121582,7.250246047973633,13.729413986206055,2.1678600311279297
907,170.6478290721562,13,-2.232944965362549,5.960464477539062e-07,-2.2329455614089966,-0.22329455614089966,0.9999989867210388,-1.2169013023376465,1.2169013023376465,1.4411699567062897e-07,3.031700372695923,10.378927230834961,7.2501749992370605,13.72732925415039,2.16756272315979
908,170.7493746135054,13,-2.232600450515747,-5.960464477539062e-07,-2.2325998544692993,-0.22325998544692993,1.0,-1.2169010639190674,1.2169010639190674,1.8109190591530933e-07,3.031205415725708,10.369653701782227,7.250101089477539,13.725224494934082,2.167264461517334
909,170.85092400330927,13,-2.232264518737793,-8.344650268554688e-07,-2.232263684272766,-0.2232263684272766,1.0000008344650269,-1.216901183128357,1.216901183128357,1.322508325074523e-07,3.030712127685547,10.36037826538086,7.250025749206543,13.72310733795166,2.1669652462005615
910,170.95247666044045,13,-2.231919527053833,2.6226043701171875e-06,-2.231922149658203,-0.2231922149658203,0.9999992251396179,-1.2169013023376465,1.2169013023376465,1.2805131177628937e-07,3.030219793319702,10.351092338562012,7.249948501586914,13.72097110748291,2.1666643619537354
911,171.05403280571804,13,-2.231431484222412,7.152557373046875e-07,-2.2314321994781494,-0.22314321994781494,0.9999988675117493,-1.2169013023376465,1.2169013023376465,1.322508325074523e-07,3.0297279357910156,10.341798782348633,7.249868392944336,13.718822479248047,2.166363000869751
912,171.15559192835798,13,-2.230929136276245,8.940696716308594e-07,-2.2309300303459167,-0.22309300303459167,1.000000238418579,-1.216901421546936,1.216901421546936,1.9560161490517203e-07,3.029238224029541,10.332499504089355,7.249786376953125,13.716658592224121,2.16606068611145
913,171.25715510036326,13,-2.2304301261901855,-2.2649765014648438e-06,-2.230427861213684,-0.2230427861213684,1.000001311302185,-1.216901183128357,1.216901183128357,1.1453258252913656e-07,3.0287485122680664,10.323190689086914,7.249701499938965,13.7144775390625,2.165757179260254
914,171.35872153110324,13,-2.229933977127075,-6.198883056640625e-06,-2.2299277782440186,-0.22299277782440186,0.9999998807907104,-1.216901183128357,1.216901183128357,1.2805131177628937e-07,3.0282602310180664,10.313873291015625,7.249614238739014,13.712278366088867,2.165452718734741
915,171.4602910538914,13,-2.229431629180908,2.384185791015625e-07,-2.2294318675994873,-0.22294318675994873,1.0000005960464478,-1.2169010639190674,1.2169010639190674,1.7495140980372526e-07,3.027773380279541,10.30455207824707,7.24952507019043,13.710066795349121,2.165147066116333
916,171.5618643868628,13,-2.2289369106292725,-1.2516975402832031e-06,-2.228935658931732,-0.22289356589317322,0.9999998807907104,-1.2169013023376465,1.2169013023376465,1.1920928955078125e-07,3.027287483215332,10.295221328735352,7.2494330406188965,13.70783519744873,2.1648406982421875
917,171.66344040253858,13,-2.2284414768218994,2.7418136596679688e-06,-2.228444218635559,-0.2228444218635559,1.0000019073486328,-1.2169013023376465,1.2169013023376465,1.1920928955078125e-07,3.0268030166625977,10.285882949829102,7.249340534210205,13.70559024810791,2.1645331382751465
918,171.7650199387964,13,-2.227949619293213,-1.0132789611816406e-06,-2.2279486060142517,-0.22279486060142517,1.0000001192092896,-1.2169010639190674,1.2169010639190674,1.5856318213991472e-07,3.0263187885284424,10.27653694152832,7.249242782592773,13.703330039978027,2.16422438621521
919,171.86660205779944,13,-2.2274580001831055,-3.2186508178710938e-06,-2.2274547815322876,-0.22274547815322876,0.9999995231628418,-1.2169010639190674,1.2169010639190674,1.4411699567062897e-07,3.0258359909057617,10.267184257507324,7.249143123626709,13.70105266571045,2.163914680480957
920,171.9681874198503,13,-2.226966619491577,8.940696716308594e-07,-2.226967513561249,-0.22269675135612488,0.9999995231628418,-1.216901183128357,1.216901183128357,9.91881279333029e-08,3.0253546237945557,10.25782299041748,7.24904203414917,13.69875717163086,2.163604259490967
921,172.06977632465893,13,-2.226480007171631,-3.5762786865234375e-07,-2.226479649543762,-0.22264796495437622,0.9999995231628418,-1.2169010639190674,1.2169010639190674,1.899308017527801e-07,3.024873971939087,10.248453140258789,7.248939514160156,13.696446418762207,2.163292407989502
922,172.17136888045104,13,-2.2259953022003174,-2.3245811462402344e-06,-2.225992977619171,-0.22259929776191711,1.0000003576278687,-1.2169013023376465,1.2169013023376465,1.1920928955078125e-07,3.024394989013672,10.239080429077148,7.248833656311035,13.694121360778809,2.162980079650879
923,172.27296280623952,13,-2.2255072593688965,1.1324882507324219e-06,-2.225508391857147,-0.22255083918571472,1.0000003576278687,-1.216901183128357,1.216901183128357,1.1453258252913656e-07,3.023916721343994,10.229695320129395,7.248723983764648,13.691776275634766,2.1626665592193604
924,172.37456080306254,13,-2.2250261306762695,1.8477439880371094e-06,-2.2250279784202576,-0.22250279784202576,1.000000238418579,-1.2169013023376465,1.2169013023376465,1.096565966918206e-07,3.023439884185791,10.220309257507324,7.248615741729736,13.689419746398926,2.1623520851135254
925,172.47616110215543,13,-2.2245442867279053,1.1920928955078125e-06,-2.224545478820801,-0.22245454788208008,1.000000238418579,-1.2169013023376465,1.2169013023376465,1.322508325074523e-07,3.022963523864746,10.21091079711914,7.248501300811768,13.687047004699707,2.162036418914795
926,172.5777646216098,13,-2.2240664958953857,3.5762786865234375e-07,-2.2240668535232544,-0.22240668535232544,0.9999984502792358,-1.2169010639190674,1.2169010639190674,1.5151236709698424e-07,3.022489070892334,10.201505661010742,7.248385429382324,13.684650421142578,2.161719799041748
927,172.6793715087043,13,-2.2235913276672363,-1.3113021850585938e-06,-2.2235900163650513,-0.22235900163650513,1.000001072883606,-1.2169013023376465,1.2169013023376465,1.4027318684384227e-07,3.0220158100128174,10.192097663879395,7.248267650604248,13.682246208190918,2.1614022254943848
928,172.78098009260395,13,-2.2231149673461914,5.960464477539062e-07,-2.223115563392639,-0.22231155633926392,0.9999988079071045,-1.2169013023376465,1.2169013023376465,1.096565966918206e-07,3.02154278755188,10.182676315307617,7.2481465339660645,13.679818153381348,2.161083459854126
929,172.8825923842278,13,-2.222640037536621,-4.172325134277344e-07,-2.2226396203041077,-0.22226396203041077,1.000000238418579,-1.2169010639190674,1.2169010639190674,1.8109190591530933e-07,3.0210719108581543,10.173251152038574,7.248023986816406,13.677376747131348,2.160764217376709
930,172.984206725869,13,-2.2221686840057373,2.7418136596679688e-06,-2.222171425819397,-0.2222171425819397,1.0000005960464478,-1.2169013023376465,1.2169013023376465,1.2805131177628937e-07,3.020601987838745,10.163819313049316,7.247899055480957,13.674919128417969,2.1604435443878174
931,173.0858251042116,13,-2.2216854095458984,-1.2516975402832031e-06,-2.221684157848358,-0.22216841578483582,0.999999463558197,-1.2169010639190674,1.2169010639190674,1.6531353708160168e-07,3.0201327800750732,10.154379844665527,7.247772216796875,13.672446250915527,2.1601221561431885
932,173.1874448106622,13,-2.22119140625,1.1920928955078125e-07,-2.2211915254592896,-0.22211915254592896,0.9999998211860657,-1.2169010639190674,1.2169010639190674,1.4411699567062897e-07,3.019665002822876,10.14493465423584,7.2476420402526855,13.669953346252441,2.159799337387085
933,173.28906713983588,13,-2.2206947803497314,1.430511474609375e-06,-2.220696210861206,-0.2220696210861206,0.9999990463256836,-1.2169010639190674,1.2169010639190674,1.322508325074523e-07,3.019198417663574,10.135482788085938,7.247508525848389,13.667445182800293,2.159475803375244
934,173.39069280611133,13,-2.220202684402466,1.1920928955078125e-06,-2.2202038764953613,-0.22202038764953613,1.000001311302185,-1.2169013023376465,1.2169013023376465,1.1920928955078125e-07,3.018733024597168,10.126019477844238,7.247373104095459,13.66491985321045,2.159151315689087
935,173.49232011235893,13,-2.219714641571045,-7.152557373046875e-07,-2.2197139263153076,-0.22197139263153076,0.999999463558197,-1.2169010639190674,1.2169010639190674,1.983762558666058e-07,3.018268346786499,10.116551399230957,7.2472357749938965,13.662378311157227,2.158825635910034
936,173.5939499765186,13,-2.219224452972412,-2.86102294921875e-06,-2.219221591949463,-0.2219221591949463,1.000000238418579,-1.2169013023376465,1.2169013023376465,9.91881279333029e-08,3.017805337905884,10.107077598571777,7.247095584869385,13.659818649291992,2.158499002456665
937,173.69558345251266,13,-2.2187366485595703,-2.384185791015625e-07,-2.218736410140991,-0.22187364101409912,1.0000005960464478,-1.2169013023376465,1.2169013023376465,1.322508325074523e-07,3.017343044281006,10.097596168518066,7.24695348739624,13.657241821289062,2.1581714153289795
938,173.79721844667097,13,-2.2182562351226807,-2.6226043701171875e-06,-2.2182536125183105,-0.22182536125183105,0.9999982714653015,-1.2169013023376465,1.2169013023376465,1.4411699567062897e-07,3.0168824195861816,10.088109016418457,7.2468085289001465,13.654650688171387,2.1578428745269775
939,173.89885640470933,13,-2.2177670001983643,-1.8477439880371094e-06,-2.217765152454376,-0.22177651524543762,0.9999992847442627,-1.216901183128357,1.216901183128357,1.0455346455273684e-07,3.016422748565674,10.078615188598633,7.24666166305542,13.6520414352417,2.1575136184692383
940,174.00049604503462,13,-2.217282772064209,-1.6093254089355469e-06,-2.2172811627388,-0.22172811627388,0.999999463558197,-1.2169013023376465,1.2169013023376465,1.096565966918206e-07,3.0159642696380615,10.069110870361328,7.246511459350586,13.649413108825684,2.1571826934814453
941,174.10213829753062,13,-2.216801404953003,8.344650268554688e-07,-2.21680223941803,-0.22168022394180298,0.9999998211860657,-1.2169013023376465,1.2169013023376465,1.322508325074523e-07,3.0155069828033447,10.05960750579834,7.246360778808594,13.646772384643555,2.1568515300750732
942,174.2037823454849,13,-2.216325044631958,-2.384185791015625e-07,-2.216324806213379,-0.2216324806213379,0.9999985694885254,-1.2169013023376465,1.2169013023376465,1.4411699567062897e-07,3.0150511264801025,10.050091743469238,7.246205806732178,13.644111633300781,2.1565189361572266
943,174.30542867532384,13,-2.2158491611480713,-2.086162567138672e-06,-2.215847074985504,-0.22158470749855042,0.999999463558197,-1.2169010639190674,1.2169010639190674,1.7179887379370484e-07,3.0145962238311768,10.040568351745605,7.2460479736328125,13.641430854797363,2.1561856269836426
944,174.40707830452962,13,-2.215376138687134,-2.3245811462402344e-06,-2.2153738141059875,-0.22153738141059875,1.0000009536743164,-1.2169013023376465,1.2169013023376465,1.2370932722660655e-07,3.0141427516937256,10.031044006347656,7.2458882331848145,13.638739585876465,2.1558516025543213
945,174.50872890641932,13,-2.214901924133301,-1.7881393432617188e-07,-2.2149017453193665,-0.22149017453193665,1.000000238418579,-1.2169010639190674,1.2169010639190674,1.7804812557642435e-07,3.0136897563934326,10.02150821685791,7.245725631713867,13.636029243469238,2.1555159091949463
946,174.61038244888672,13,-2.214430332183838,-1.8477439880371094e-06,-2.21442848443985,-0.22144284844398499,1.0000005960464478,-1.216901183128357,1.216901183128357,8.098676573808916e-08,3.0132384300231934,10.011967658996582,7.245560646057129,13.633296966552734,2.155179500579834
947,174.7120378004987,13,-2.2139620780944824,1.1920928955078125e-06,-2.213963270187378,-0.2213963270187378,1.0000004768371582,-1.2169010639190674,1.2169010639190674,2.1170463071484846e-07,3.0127882957458496,10.002420425415039,7.245394229888916,13.630550384521484,2.1548423767089844
948,174.81369482525056,13,-2.2134933471679688,1.1324882507324219e-06,-2.2134944796562195,-0.22134944796562195,0.9999995231628418,-1.2169010639190674,1.2169010639190674,1.6858739115832577e-07,3.0123393535614014,9.992867469787598,7.2452239990234375,13.627788543701172,2.15450382232666
949,174.9153543833807,13,-2.2130300998687744,6.556510925292969e-07,-2.213030755519867,-0.2213030755519867,0.9999996423721313,-1.2169013023376465,1.2169013023376465,1.1453258252913656e-07,3.0118916034698486,9.983304023742676,7.245051383972168,13.625004768371582,2.1541645526885986
950,175.01701566001077,13,-2.212566375732422,1.2516975402832031e-06,-2.212567627429962,-0.22125676274299622,1.0000001192092896,-1.2169013023376465,1.2169013023376465,1.1453258252913656e-07,3.0114452838897705,9.973738670349121,7.244877338409424,13.622207641601562,2.1538243293762207
951,175.1186788679967,13,-2.2121033668518066,-6.556510925292969e-07,-2.212102711200714,-0.2212102711200714,1.0000001192092896,-1.2169010639190674,1.2169010639190674,1.6858739115832577e-07,3.0109994411468506,9.964164733886719,7.244698524475098,13.619390487670898,2.1534829139709473
952,175.22034345314052,13,-2.211641788482666,1.6689300537109375e-06,-2.2116434574127197,-0.22116434574127197,0.9999999403953552,-1.216901183128357,1.216901183128357,1.2805131177628937e-07,3.0105557441711426,9.95458698272705,7.24452018737793,13.616560935974121,2.1531410217285156
953,175.3220108157151,13,-2.2111847400665283,2.7418136596679688e-06,-2.211187481880188,-0.2211187481880188,1.0000001192092896,-1.2169013023376465,1.2169013023376465,1.3632103446070687e-07,3.01011323928833,9.945002555847168,7.244338512420654,13.6137113571167,2.1527979373931885
954,175.42367931528767,13,-2.210728645324707,3.4570693969726562e-06,-2.210732102394104,-0.2210732102394104,1.0000001192092896,-1.2169010639190674,1.2169010639190674,1.4786093061047723e-07,3.009671449661255,9.935409545898438,7.244152545928955,13.61084270477295,2.1524531841278076
955,175.52534916013076,13,-2.2102746963500977,8.344650268554688e-07,-2.2102755308151245,-0.22102755308151245,1.000001072883606,-1.2169010639190674,1.2169010639190674,1.1453258252913656e-07,3.009230613708496,9.925811767578125,7.243964672088623,13.607956886291504,2.1521081924438477
956,175.62702166655427,13,-2.209826946258545,-3.2186508178710938e-06,-2.209823727607727,-0.2209823727607727,0.9999994039535522,-1.216901183128357,1.216901183128357,1.0455346455273684e-07,3.00879168510437,9.916206359863281,7.243774890899658,13.605055809020996,2.1517622470855713
957,175.72869559360532,13,-2.2093725204467773,2.980232238769531e-07,-2.209372818470001,-0.22093728184700012,1.0000005960464478,-1.2169010639190674,1.2169010639190674,1.7804812557642435e-07,3.0083539485931396,9.906597137451172,7.2435832023620605,13.60213565826416,2.1514153480529785
958,175.83037093171646,13,-2.2089264392852783,1.430511474609375e-06,-2.208927869796753,-0.2208927869796753,1.000001072883606,-1.216901183128357,1.216901183128357,1.322508325074523e-07,3.0079166889190674,9.896979331970215,7.243386268615723,13.59919548034668,2.1511542797088623
959,175.93204839328183,13,-2.2084808349609375,5.960464477539062e-07,-2.2084814310073853,-0.22084814310073853,1.0000009536743164,-1.2169010639190674,1.2169010639190674,2.0111259857458208e-07,3.007481813430786,9.887359619140625,7.243189334869385,13.59623908996582,2.1509783267974854
960,176.03372721364227,13,-2.208037853240967,-7.748603820800781e-07,-2.2080370783805847,-0.22080370783805847,0.9999993443489075,-1.216901183128357,1.216901183128357,9.91881279333029e-08,3.007047414779663,9.877732276916504,7.242989540100098,13.593267440795898,2.150800943374634
961,176.13540698662487,13,-2.207594156265259,-1.1324882507324219e-06,-2.207593023777008,-0.2207593023777008,1.0000016689300537,-1.216901183128357,1.216901183128357,1.4027318684384227e-07,3.0066134929656982,9.868094444274902,7.242785930633545,13.590276718139648,2.1506223678588867
962,176.23708850232077,13,-2.207153797149658,1.7285346984863281e-06,-2.2071555256843567,-0.22071555256843567,1.0000014305114746,-1.216901183128357,1.216901183128357,1.3632103446070687e-07,3.0061821937561035,9.8584566116333,7.242581844329834,13.587272644042969,2.1504435539245605
963,176.3387720572502,13,-2.206716537475586,-1.1920928955078125e-06,-2.2067153453826904,-0.22067153453826904,0.9999988675117493,-1.2169010639190674,1.2169010639190674,1.6197353147617832e-07,3.005751609802246,9.848807334899902,7.242374897003174,13.584244728088379,2.150264024734497
964,176.44045645461543,13,-2.2062788009643555,-2.7418136596679688e-06,-2.206276059150696,-0.22062760591506958,0.9999995827674866,-1.216901183128357,1.216901183128357,8.747570490186263e-08,3.0053224563598633,9.839158058166504,7.242164134979248,13.581202507019043,2.150083541870117
965,176.54214257203932,13,-2.205843687057495,2.384185791015625e-07,-2.205843925476074,-0.22058439254760742,1.0000001192092896,-1.216901183128357,1.216901183128357,1.2805131177628937e-07,3.004894256591797,9.829497337341309,7.2419514656066895,13.57813835144043,2.1499016284942627
966,176.6438292516362,13,-2.205414295196533,-1.3113021850585938e-06,-2.205412983894348,-0.22054129838943481,0.9999993443489075,-1.2169010639190674,1.2169010639190674,1.6197353147617832e-07,3.004467010498047,9.819833755493164,7.241735458374023,13.57506275177002,2.14971923828125
967,176.74551807735176,13,-2.2049808502197266,2.384185791015625e-06,-2.2049832344055176,-0.22049832344055176,0.9999996423721313,-1.2169010639190674,1.2169010639190674,1.7495140980372526e-07,3.004041910171509,9.810164451599121,7.241517066955566,13.5719633102417,2.149535894393921
968,176.8472078549337,13,-2.204552173614502,-1.7881393432617188e-07,-2.2045519948005676,-0.22045519948005676,1.000001311302185,-1.2169010639190674,1.2169010639190674,1.6197353147617832e-07,3.003617525100708,9.800490379333496,7.24129581451416,13.568851470947266,2.1493518352508545
969,176.9488988639202,13,-2.204124927520752,2.980232238769531e-07,-2.204125225543976,-0.22041252255439758,1.000001072883606,-1.2169013023376465,1.2169013023376465,1.096565966918206e-07,3.0031943321228027,9.790810585021973,7.241074562072754,13.565720558166504,2.1491668224334717
970,177.05059121641742,13,-2.20369815826416,3.874301910400391e-06,-2.2037020325660706,-0.22037020325660706,1.0000005960464478,-1.2169010639190674,1.2169010639190674,1.7495140980372526e-07,3.002772092819214,9.781119346618652,7.240848064422607,13.562567710876465,2.1489810943603516
971,177.1522844864499,13,-2.2032766342163086,1.0132789611816406e-06,-2.2032776474952698,-0.22032776474952698,0.9999997019767761,-1.2169010639190674,1.2169010639190674,1.8703092052874126e-07,3.002351999282837,9.771428108215332,7.240620136260986,13.55939769744873,2.148794412612915
972,177.25397888445178,13,-2.202849864959717,7.152557373046875e-07,-2.202850580215454,-0.2202850580215454,0.9999987483024597,-1.2169013023376465,1.2169013023376465,9.91881279333029e-08,3.001932382583618,9.761730194091797,7.240389823913574,13.556214332580566,2.148606538772583
973,177.35567459240258,13,-2.202362060546875,1.5497207641601562e-06,-2.202363610267639,-0.22023636102676392,0.9999994039535522,-1.2169010639190674,1.2169010639190674,1.6858739115832577e-07,3.001514434814453,9.752026557922363,7.2401556968688965,13.553009033203125,2.1484181880950928
974,177.45737044221912,13,-2.2018754482269287,-2.980232238769531e-07,-2.201875150203705,-0.22018751502037048,1.0000009536743164,-1.2169010639190674,1.2169010639190674,1.6197353147617832e-07,3.0010974407196045,9.742317199707031,7.239919185638428,13.549788475036621,2.148228883743286
975,177.55906802703342,13,-2.201388359069824,1.0132789611816406e-06,-2.2013893723487854,-0.22013893723487854,0.9999988079071045,-1.2169010639190674,1.2169010639190674,1.5151236709698424e-07,3.0006816387176514,9.732601165771484,7.239681720733643,13.546548843383789,2.148038387298584
976,177.66076688105957,13,-2.2009077072143555,-2.3245811462402344e-06,-2.2009053826332092,-0.22009053826332092,0.9999999403953552,-1.2169010639190674,1.2169010639190674,1.6531353708160168e-07,3.00026798248291,9.722884178161621,7.239440441131592,13.543292045593262,2.1478474140167236
977,177.76246648578018,13,-2.200425148010254,1.3113021850585938e-06,-2.200426459312439,-0.2200426459312439,0.9999997615814209,-1.2169010639190674,1.2169010639190674,1.6197353147617832e-07,2.999854803085327,9.713156700134277,7.239197254180908,13.540014266967773,2.147655725479126
978,177.86416621193723,13,-2.1999459266662598,4.172325134277344e-07,-2.199946343898773,-0.21999463438987732,1.0000011920928955,-1.2169010639190674,1.2169010639190674,1.7495140980372526e-07,2.9994428157806396,9.703424453735352,7.238950252532959,13.536718368530273,2.1474626064300537
979,177.96586730385985,13,-2.1994714736938477,-3.7550926208496094e-06,-2.199467718601227,-0.21994677186012268,1.0000004768371582,-1.2169010639190674,1.2169010639190674,1.3632103446070687e-07,2.9990322589874268,9.693689346313477,7.238701343536377,13.53341293334961,2.1472692489624023
980,178.06756905668627,13,-2.1989946365356445,-1.9669532775878906e-06,-2.198992669582367,-0.2198992669582367,1.000001311302185,-1.2169010639190674,1.2169010639190674,1.4786093061047723e-07,2.9986226558685303,9.683945655822754,7.238450050354004,13.53007984161377,2.1470746994018555
981,178.16927172643153,13,-2.198521852493286,8.344650268554688e-07,-2.198522686958313,-0.2198522686958313,1.000000238418579,-1.2169010639190674,1.2169010639190674,1.8408536561764777e-07,2.9982147216796875,9.674198150634766,7.23819637298584,13.526731491088867,2.1468794345855713
982,178.27097481822068,13,-2.1980504989624023,1.3113021850585938e-06,-2.1980518102645874,-0.21980518102645874,0.9999983906745911,-1.2169010639190674,1.2169010639190674,1.4786093061047723e-07,2.9978082180023193,9.664446830749512,7.23793888092041,13.52336597442627,2.146683692932129
983,178.37267841937322,13,-2.197585105895996,-2.086162567138672e-06,-2.197583019733429,-0.2197583019733429,1.0000008344650269,-1.2169010639190674,1.2169010639190674,1.5151236709698424e-07,2.9974026679992676,9.654688835144043,7.237680912017822,13.519984245300293,2.146486520767212
984,178.47438297630066,13,-2.197118043899536,3.5762786865234375e-07,-2.197118401527405,-0.21971184015274048,0.9999997019767761,-1.2169010639190674,1.2169010639190674,1.5151236709698424e-07,2.9969987869262695,9.644925117492676,7.237419128417969,13.516583442687988,2.1462886333465576
985,178.57608857194631,13,-2.196655035018921,-2.7418136596679688e-06,-2.1966522932052612,-0.21966522932052612,0.999998927116394,-1.2169010639190674,1.2169010639190674,1.5151236709698424e-07,2.996595859527588,9.635159492492676,7.237154483795166,13.513161659240723,2.146090269088745
986,178.67779393829719,13,-2.19618821144104,1.5497207641601562e-06,-2.196189761161804,-0.21961897611618042,1.0000005960464478,-1.216901183128357,1.216901183128357,1.2370932722660655e-07,2.9961938858032227,9.625384330749512,7.236886978149414,13.509722709655762,2.145890474319458
987,178.779500154409,13,-2.195732355117798,-9.5367431640625e-07,-2.1957314014434814,-0.21957314014434814,0.9999995827674866,-1.216901183128357,1.216901183128357,1.0455346455273684e-07,2.995793581008911,9.615604400634766,7.236617565155029,13.506264686584473,2.1456902027130127
988,178.88120657615366,13,-2.1952695846557617,4.0531158447265625e-06,-2.1952736377716064,-0.21952736377716064,1.0000003576278687,-1.2169010639190674,1.2169010639190674,1.899308017527801e-07,2.995394706726074,9.605822563171387,7.236346244812012,13.502788543701172,2.145488977432251
989,178.98291425855604,13,-2.194814682006836,8.940696716308594e-07,-2.1948155760765076,-0.21948155760765076,0.9999990463256836,-1.2169010639190674,1.2169010639190674,1.3632103446070687e-07,2.9949967861175537,9.596034049987793,7.23607063293457,13.499300003051758,2.145287036895752
990,179.08462117128275,13,-2.194362163543701,2.205371856689453e-06,-2.194364368915558,-0.2194364368915558,1.0000001192092896,-1.2169010639190674,1.2169010639190674,1.4786093061047723e-07,2.994600534439087,9.586240768432617,7.235793590545654,13.49578857421875,2.1450841426849365
991,179.18632905033516,13,-2.1939101219177246,-1.1324882507324219e-06,-2.193908989429474,-0.2193908989429474,1.0000028610229492,-1.2169010639190674,1.2169010639190674,1.6531353708160168e-07,2.9942052364349365,9.576441764831543,7.235513687133789,13.492259979248047,2.144880533218384
992,179.28803729960808,13,-2.193457841873169,-1.8477439880371094e-06,-2.193455994129181,-0.2193455994129181,1.0000005960464478,-1.2169010639190674,1.2169010639190674,1.4411699567062897e-07,2.9938113689422607,9.56663990020752,7.235231399536133,13.488709449768066,2.1446759700775146
993,179.38974618138226,13,-2.1930110454559326,2.9802322387695312e-06,-2.1930140256881714,-0.21930140256881714,0.9999993443489075,-1.216901183128357,1.216901183128357,1.1453258252913656e-07,2.9934184551239014,9.556830406188965,7.234945297241211,13.485145568847656,2.14447021484375
994,179.4914545037902,13,-2.1925666332244873,1.5497207641601562e-06,-2.1925681829452515,-0.21925681829452515,1.0000011920928955,-1.2169010639190674,1.2169010639190674,1.6197353147617832e-07,2.9930272102355957,9.547018051147461,7.234659194946289,13.481566429138184,2.1442644596099854
995,179.59316320357118,13,-2.1921231746673584,9.5367431640625e-07,-2.192124128341675,-0.21921241283416748,0.9999995827674866,-1.2169010639190674,1.2169010639190674,1.6197353147617832e-07,2.9926373958587646,9.537200927734375,7.234367847442627,13.477964401245117,2.144057273864746
996,179.69487243785608,13,-2.1916818618774414,1.1920928955078125e-06,-2.191683053970337,-0.2191683053970337,1.0000008344650269,-1.2169010639190674,1.2169010639190674,1.7495140980372526e-07,2.992248773574829,9.527379989624023,7.234076499938965,13.474344253540039,2.1438496112823486
997,179.7965817417909,13,-2.1912434101104736,1.5497207641601562e-06,-2.191244959831238,-0.21912449598312378,0.9999998211860657,-1.2169010639190674,1.2169010639190674,1.8109190591530933e-07,2.991860866546631,9.517549514770508,7.233779430389404,13.470701217651367,2.1436405181884766
998,179.89829062422064,13,-2.1908090114593506,2.384185791015625e-07,-2.1908092498779297,-0.21908092498779297,0.9999998211860657,-1.2169010639190674,1.2169010639190674,1.3632103446070687e-07,2.9914746284484863,9.50771713256836,7.233481407165527,13.46704387664795,2.143430709838867
999,180.0,13,-2.1903748512268066,1.3709068298339844e-06,-2.1903762221336365,-0.21903762221336365,0.999998927116394,-1.2169010639190674,1.2169010639190674,1.5151236709698424e-07,2.9910900592803955,9.497881889343262,7.233181476593018,13.463372230529785,2.1432206630706787
